<?xml version="1.0" encoding="UTF-8"?>
<keywords>
   <keywords>
      <text FeatureID="-1">buzón de llamadas</text>
      <target FeatureID="-1" href="SMSVO_HLP_MAIN_VIEW.html">Buzón de llamadas</target>
      <target FeatureID="true_298" href="SMSVO_HLP_CS_VIDEO_AND_XSP_VOIP.html">Llamada, vídeo y buzón de llamadas de Internet</target>
   </keywords>
   <keywords>
      <text FeatureID="-1">contestador automático</text>
      <target FeatureID="-1" href="SMSVO_HLP_MAIN_VIEW.html">Buzón de llamadas</target>
      <target FeatureID="true_89" href="SMSVO_HLP_CS_AND_VIDEO.html">Buzón de llamadas y vídeo</target>
      <target FeatureID="true_298" href="SMSVO_HLP_CS_VIDEO_AND_XSP_VOIP.html">Llamada, vídeo y buzón de llamadas de Internet</target>
   </keywords>
   <keywords>
      <text FeatureID="true_89">buzón de vídeo</text>
      <target FeatureID="true_89" href="SMSVO_HLP_CS_AND_VIDEO.html">Buzón de llamadas y vídeo</target>
   </keywords>
   <keywords>
      <text FeatureID="true_298">buzón de llamadas de Internet</text>
      <target FeatureID="true_298" href="SMSVO_HLP_CS_VIDEO_AND_XSP_VOIP.html">Llamada, vídeo y buzón de llamadas de Internet</target>
   </keywords>
</keywords>