<?xml version="1.0" encoding="UTF-8"?>
<keywords>
   <keywords>
      <text FeatureID="-1">penanda</text>
      <target FeatureID="-1" href="OSS_HLP_BM_ADDBM.html">Menambah penanda</target>
   </keywords>
   <keywords>
      <text FeatureID="-1">penanda browser</text>
      <target FeatureID="-1" href="OSS_HLP_BM_ADDBM.html">Menambah penanda</target>
      <target FeatureID="-1" href="OSS_HLP_BM_MAIN.html">Menelusuri penanda</target>
   </keywords>
   <keywords>
      <text FeatureID="-1">web</text>
      <target FeatureID="-1" href="OSS_HLP_BM_ADDBM.html">Menambah penanda</target>
      <target FeatureID="true_167" href="OSS_HLP_RSS_ADD.html">Menambah umpan Web</target>
      <target FeatureID="-1" href="OSS_HLP_PAGEVIEW.html">Browsing Web</target>
      <target FeatureID="true_167" href="OSS_HLP_RSS_ARTICLE.html">Artikel umpan Web</target>
      <target FeatureID="true_167" href="OSS_HLP_RSS_ARTICLELST.html">Umpan Web</target>
      <target FeatureID="true_167" href="OSS_HLP_RSS_MAIN.html">Blog dan umpan Web</target>
   </keywords>
   <keywords>
      <text FeatureID="true_167">umpan</text>
      <target FeatureID="true_167" href="OSS_HLP_RSS_ADD.html">Menambah umpan Web</target>
      <target FeatureID="true_167" href="OSS_HLP_RSS_EDIT.html">Mengedit umpan web</target>
      <target FeatureID="true_167" href="OSS_HLP_RSS_ARTICLE.html">Artikel umpan Web</target>
      <target FeatureID="true_167" href="OSS_HLP_RSS_ARTICLELST.html">Umpan Web</target>
      <target FeatureID="true_167" href="OSS_HLP_RSS_MAIN.html">Blog dan umpan Web</target>
   </keywords>
   <keywords>
      <text FeatureID="true_167">umpan RSS</text>
      <target FeatureID="true_167" href="OSS_HLP_RSS_ADD.html">Menambah umpan Web</target>
      <target FeatureID="true_167" href="OSS_HLP_RSS_ARTICLELST.html">Umpan Web</target>
      <target FeatureID="true_167" href="OSS_HLP_RSS_MAIN.html">Blog dan umpan Web</target>
   </keywords>
   <keywords>
      <text FeatureID="true_167">berita dan blog</text>
      <target FeatureID="true_167" href="OSS_HLP_RSS_ADD.html">Menambah umpan Web</target>
      <target FeatureID="true_167" href="OSS_HLP_RSS_EDIT.html">Mengedit umpan web</target>
      <target FeatureID="true_167" href="OSS_HLP_RSS_ARTICLE.html">Artikel umpan Web</target>
      <target FeatureID="true_167" href="OSS_HLP_RSS_ARTICLELST.html">Umpan Web</target>
      <target FeatureID="true_167" href="OSS_HLP_RSS_MAIN.html">Blog dan umpan Web</target>
   </keywords>
   <keywords>
      <text FeatureID="true_167">blog</text>
      <target FeatureID="true_167" href="OSS_HLP_RSS_ADD.html">Menambah umpan Web</target>
      <target FeatureID="true_167" href="OSS_HLP_RSS_EDIT.html">Mengedit umpan web</target>
      <target FeatureID="true_167" href="OSS_HLP_RSS_ARTICLE.html">Artikel umpan Web</target>
      <target FeatureID="true_167" href="OSS_HLP_RSS_ARTICLELST.html">Umpan Web</target>
      <target FeatureID="true_167" href="OSS_HLP_RSS_MAIN.html">Blog dan umpan Web</target>
   </keywords>
   <keywords>
      <text FeatureID="-1">browsing halaman</text>
      <target FeatureID="-1" href="OSS_HLP_PAGEVIEW.html">Browsing Web</target>
   </keywords>
   <keywords>
      <text FeatureID="-1">membuka penanda</text>
      <target FeatureID="-1" href="OSS_HLP_BM_MAIN.html">Menelusuri penanda</target>
   </keywords>
   <keywords>
      <text FeatureID="true_167">umpan rss</text>
      <target FeatureID="true_167" href="OSS_HLP_RSS_EDIT.html">Mengedit umpan web</target>
      <target FeatureID="true_167" href="OSS_HLP_RSS_ARTICLE.html">Artikel umpan Web</target>
   </keywords>
   <keywords>
      <text FeatureID="true_167">Web</text>
      <target FeatureID="true_167" href="OSS_HLP_RSS_EDIT.html">Mengedit umpan web</target>
   </keywords>
   <keywords>
      <text FeatureID="-1">pengaturan browser</text>
      <target FeatureID="-1" href="OSS_HLP_SETTINGS_GENERAL.html">Pengaturan umum</target>
      <target FeatureID="-1" href="OSS_HLP_SETTINGS_PAGE.html">Pengaturan halaman</target>
      <target FeatureID="-1" href="OSS_HLP_SETTINGS_PRIVACY.html">Pengaturan privasi</target>
      <target FeatureID="true_167" href="OSS_HLP_SETTINGS_RSS.html">Pengaturan umpan Web</target>
      <target FeatureID="-1" href="OSS_HLP_SETTINGS_FOLDERS.html">Pengaturan web</target>
      <target FeatureID="false_410" href="OSS_HLP_SHORTCUTS.html">Cara pintas toolbar</target>
   </keywords>
   <keywords>
      <text FeatureID="-1">pengaturan web</text>
      <target FeatureID="-1" href="OSS_HLP_SETTINGS_GENERAL.html">Pengaturan umum</target>
      <target FeatureID="-1" href="OSS_HLP_SETTINGS_PAGE.html">Pengaturan halaman</target>
      <target FeatureID="-1" href="OSS_HLP_SETTINGS_PRIVACY.html">Pengaturan privasi</target>
      <target FeatureID="-1" href="OSS_HLP_SETTINGS_FOLDERS.html">Pengaturan web</target>
      <target FeatureID="false_410" href="OSS_HLP_SHORTCUTS.html">Cara pintas toolbar</target>
   </keywords>
   <keywords>
      <text FeatureID="-1">konfigurasi untuk web</text>
      <target FeatureID="-1" href="OSS_HLP_SETTINGS_PAGE.html">Pengaturan halaman</target>
      <target FeatureID="-1" href="OSS_HLP_SETTINGS_FOLDERS.html">Pengaturan web</target>
   </keywords>
   <keywords>
      <text FeatureID="-1">pengaturan privasi</text>
      <target FeatureID="-1" href="OSS_HLP_SETTINGS_PRIVACY.html">Pengaturan privasi</target>
   </keywords>
   <keywords>
      <text FeatureID="true_167">pengaturan untuk Web</text>
      <target FeatureID="true_167" href="OSS_HLP_SETTINGS_RSS.html">Pengaturan umpan Web</target>
   </keywords>
   <keywords>
      <text FeatureID="true_167">pengaturan Web</text>
      <target FeatureID="true_167" href="OSS_HLP_SETTINGS_RSS.html">Pengaturan umpan Web</target>
   </keywords>
   <keywords>
      <text FeatureID="-1">membuka halaman tertentu</text>
      <target FeatureID="-1" href="OSS_HLP_PAGEVIEW_EMBED.html">Web dalam aplikasi</target>
   </keywords>
   <keywords>
      <text FeatureID="-1">web dalam aplikasi</text>
      <target FeatureID="-1" href="OSS_HLP_PAGEVIEW_EMBED.html">Web dalam aplikasi</target>
   </keywords>
</keywords>