<?xml version="1.0" encoding="UTF-8"?>
<keywords>
   <keywords>
      <text FeatureID="-1">danh mục cột mốc</text>
      <target FeatureID="-1" href="LM_HLP_LM_BY_CATEGORY.html">Danh mục cột mốc</target>
      <target FeatureID="-1" href="LM_HLP_EDIT_CATEGORIES.html">Sửa danh mục cột mốc</target>
   </keywords>
   <keywords>
      <text FeatureID="-1">cột mốc</text>
      <target FeatureID="-1" href="LM_HLP_LM_BY_NAME.html">Xem cột mốc theo tên</target>
      <target FeatureID="-1" href="LM_HLP_CATEGORY_CONTENTS.html">Cột mốc trong d.mục</target>
      <target FeatureID="-1" href="LM_HLP_LM_VIEWER.html">Chi tiết cột mốc</target>
   </keywords>
   <keywords>
      <text FeatureID="-1">chỉnh sửa cột mốc</text>
      <target FeatureID="-1" href="LM_HLP_LM_EDITOR.html">Chỉnh sửa cột mốc</target>
   </keywords>
</keywords>