<?xml version="1.0" encoding="UTF-8"?>
<keywords>
   <keywords>
      <text FeatureID="-1">파일 관리자</text>
      <target FeatureID="-1" href="FMGR_HLP_MEM_STORE_VIEW.html">파일 관리</target>
      <target FeatureID="-1" href="FMGR_HLP_MAIN_VIEW.html">파일 관리자</target>
      <target FeatureID="-1" href="FMGR_HLP_SEARCH_RESULTS.html">파일 검색</target>
      <target FeatureID="-1" href="FMGR_HLP_BACKUP_VIEW.html">파일 백업</target>
   </keywords>
   <keywords>
      <text FeatureID="-1">메모리 카드</text>
      <target FeatureID="-1" href="FMGR_HLP_MEM_STORE_VIEW.html">파일 관리</target>
      <target FeatureID="-1" href="FMGR_HLP_MAIN_VIEW.html">파일 관리자</target>
      <target FeatureID="-1" href="FMGR_HLP_BACKUP_VIEW.html">파일 백업</target>
   </keywords>
   <keywords>
      <text FeatureID="-1">파일 검색</text>
      <target FeatureID="-1" href="FMGR_HLP_SEARCH_RESULTS.html">파일 검색</target>
   </keywords>
   <keywords>
      <text FeatureID="-1">폴더 검색</text>
      <target FeatureID="-1" href="FMGR_HLP_SEARCH_RESULTS.html">파일 검색</target>
   </keywords>
   <keywords>
      <text FeatureID="-1">백업</text>
      <target FeatureID="-1" href="FMGR_HLP_BACKUP_VIEW.html">파일 백업</target>
   </keywords>
</keywords>