<?xml version="1.0" encoding="UTF-8"?>
<keywords>
   <keywords>
      <text FeatureID="-1">시계, 알람</text>
      <target FeatureID="-1" href="CLK_HLP_ALARM_EDITOR.html">시계 알람 편집기</target>
      <target FeatureID="-1" href="CLK_HLP_REAL_TIME_CLOCK_IN.html">시계 기본 보기</target>
   </keywords>
   <keywords>
      <text FeatureID="-1">알람 시계</text>
      <target FeatureID="-1" href="CLK_HLP_ALARM_EDITOR.html">시계 알람 편집기</target>
      <target FeatureID="-1" href="CLK_HLP_REAL_TIME_CLOCK_IN.html">시계 기본 보기</target>
   </keywords>
   <keywords>
      <text FeatureID="-1">시계</text>
      <target FeatureID="-1" href="CLK_HLP_CNTDWN.html">카운트다운 타이머</target>
      <target FeatureID="-1" href="CLK_HLP_WRLD_CLK.html">세계 시간</target>
   </keywords>
   <keywords>
      <text FeatureID="-1">타이머</text>
      <target FeatureID="-1" href="CLK_HLP_CNTDWN.html">카운트다운 타이머</target>
   </keywords>
   <keywords>
      <text FeatureID="-1">날짜 및 시간 설정</text>
      <target FeatureID="-1" href="CLK_HLP_SETTINGS.html">날짜 및 시간 설정</target>
   </keywords>
   <keywords>
      <text FeatureID="-1">시계 설정</text>
      <target FeatureID="-1" href="CLK_HLP_SETTINGS.html">날짜 및 시간 설정</target>
   </keywords>
   <keywords>
      <text FeatureID="-1">시계, 시간대</text>
      <target FeatureID="-1" href="CLK_HLP_REAL_TIME_CLOCK_AN.html">현지 시간</target>
   </keywords>
   <keywords>
      <text FeatureID="-1">현지 시간 및 시간대</text>
      <target FeatureID="-1" href="CLK_HLP_REAL_TIME_CLOCK_AN.html">현지 시간</target>
   </keywords>
   <keywords>
      <text FeatureID="-1">스톱워치</text>
      <target FeatureID="-1" href="CCLK_HLP_STPWTCH.html">스톱워치</target>
   </keywords>
   <keywords>
      <text FeatureID="-1">도시별 시간</text>
      <target FeatureID="-1" href="CLK_HLP_WRLD_CLK.html">세계 시간</target>
   </keywords>
   <keywords>
      <text FeatureID="-1">세계 시간</text>
      <target FeatureID="-1" href="CLK_HLP_WRLD_CLK.html">세계 시간</target>
   </keywords>
</keywords>