<?xml version="1.0" encoding="UTF-8"?>
<keywords>
   <keywords>
      <text FeatureID="-1">växelkurser</text>
      <target FeatureID="-1" href="CNV_HLP_RATES.html">Valuta­angivelser</target>
   </keywords>
   <keywords>
      <text FeatureID="-1">basvaluta</text>
      <target FeatureID="-1" href="CNV_HLP_RATES.html">Valuta­angivelser</target>
   </keywords>
   <keywords>
      <text FeatureID="-1">valuta­omvandling</text>
      <target FeatureID="-1" href="CNV_HLP_RATES.html">Valuta­angivelser</target>
   </keywords>
   <keywords>
      <text FeatureID="-1">konverterare</text>
      <target FeatureID="-1" href="CNV_HLP_MAIN_STATE.html">Omvandla enheter</target>
   </keywords>
   <keywords>
      <text FeatureID="-1">omvandla valuta</text>
      <target FeatureID="-1" href="CNV_HLP_MAIN_STATE.html">Omvandla enheter</target>
   </keywords>
</keywords>