<?xml version="1.0" encoding="UTF-8"?>
<keywords>
   <keywords>
      <text FeatureID="-1">postkort</text>
      <target FeatureID="-1" href="MMS_POSTCARD_HLP_ADDRESS_EDIT.html">Redigere adresser</target>
      <target FeatureID="-1" href="MMS_POSTCARD_HLP_MAIN_VIEW.html">Få vist postkort</target>
      <target FeatureID="-1" href="POSTCARD_HLP_ADDRESS_VIEW.html">Få vist adresser</target>
      <target FeatureID="-1" href="POSTCARD_HLP_GREETING_EDIT.html">Skrive hilsner</target>
      <target FeatureID="-1" href="POSTCARD_HLP_GREETING_VIEW.html">Få vist hilsner</target>
      <target FeatureID="-1" href="MMS_POSTCARD_HLP_MAIN_EDIT.html">Oprette postkort</target>
   </keywords>
   <keywords>
      <text FeatureID="-1">sende postkort</text>
      <target FeatureID="-1" href="MMS_POSTCARD_HLP_ADDRESS_EDIT.html">Redigere adresser</target>
      <target FeatureID="-1" href="POSTCARD_HLP_GREETING_EDIT.html">Skrive hilsner</target>
      <target FeatureID="-1" href="MMS_POSTCARD_HLP_MAIN_EDIT.html">Oprette postkort</target>
   </keywords>
</keywords>