<?xml version="1.0" encoding="UTF-8"?>
<keywords>
   <keywords>
      <text FeatureID="-1">merekam, suara</text>
      <target FeatureID="-1" href="VOREC_HLP_EMPTY_RECORDER.html">Merekam klip suara</target>
   </keywords>
   <keywords>
      <text FeatureID="-1">perekam suara</text>
      <target FeatureID="-1" href="VOREC_HLP_MAIN.html">Menggunakan Perekam suara</target>
   </keywords>
   <keywords>
      <text FeatureID="-1">merekam klip suara</text>
      <target FeatureID="-1" href="VOREC_HLP_MAIN.html">Menggunakan Perekam suara</target>
   </keywords>
   <keywords>
      <text FeatureID="-1">pengaturan perekam suara</text>
      <target FeatureID="-1" href="VOREC_HLP_SETTINGS.html">Pengaturan perekam suara</target>
   </keywords>
</keywords>