<?xml version="1.0" encoding="UTF-8"?>
<keywords>
   <keywords>
      <text FeatureID="-1">inoltro di messaggi</text>
      <target FeatureID="-1" href="MMS_HLP_MMS_FWD_REQUEST.html">Inoltrare MMS</target>
   </keywords>
   <keywords>
      <text FeatureID="-1">messaggi multimediali</text>
      <target FeatureID="-1" href="MMS_HLP_MMS_FWD_REQUEST_SEND.html">Inoltrare rich. in Inviati</target>
      <target FeatureID="-1" href="MMS_HLP_MMS_VIEWER.html">Visualizzare messaggi multimediali</target>
   </keywords>
   <keywords>
      <text FeatureID="-1">notifiche di MMS</text>
      <target FeatureID="-1" href="MMS_HLP_NOTIFICATION_VIEWER.html">Notifiche di MMS</target>
   </keywords>
   <keywords>
      <text FeatureID="-1">multimediali, oggetti</text>
      <target FeatureID="-1" href="MMS_HLP_OBJECTS_VIEW_VIEWER.html">Visualizzare oggetti multimediali</target>
   </keywords>
   <keywords>
      <text FeatureID="-1">oggetti multimediali</text>
      <target FeatureID="-1" href="MMS_HLP_OBJECTS_VIEW_VIEWER.html">Visualizzare oggetti multimediali</target>
   </keywords>
   <keywords>
      <text FeatureID="-1">MMS</text>
      <target FeatureID="-1" href="MMS_HLP_MMS_VIEWER.html">Visualizzare messaggi multimediali</target>
   </keywords>
</keywords>