<?xml version="1.0" encoding="UTF-8"?>
<keywords>
   <keywords>
      <text FeatureID="-1">kamera</text>
      <target FeatureID="-1" href="LCAM_HLP_VIEWFINDER_PHOTO.html">Tage billeder</target>
      <target FeatureID="-1" href="LCAM_HLP_LIGHT_SENSITIVITY.html">Ændre lysfølsomhed</target>
      <target FeatureID="-1" href="LCAM_HLP_SETTINGS_PHOUSER.html">Definere scener</target>
      <target FeatureID="-1" href="LCAM_HLP_SCENES_PHOTO.html">Billedscener</target>
      <target FeatureID="-1" href="LCAM_HLP_VIEWFINDER_VIDEO.html">Optage videoklip</target>
      <target FeatureID="-1" href="LCAM_HLP_SCENES_VIDEO.html">Videoscener</target>
      <target FeatureID="-1" href="LCAM_HLP_VIEWFINDER_VIDEO_EM.html">Videoer i programmer</target>
      <target FeatureID="-1" href="LCAM_HLP_STANDBY_EM.html">Kameraet er ikke aktivt</target>
      <target FeatureID="-1" href="LCAM_HLP_POST_VIDEO.html">Afspilning af videoklip</target>
      <target FeatureID="-1" href="LCAM_HLP_POST_PHOTO.html">Få vist billeder, du har taget</target>
   </keywords>
   <keywords>
      <text FeatureID="-1">tage billeder</text>
      <target FeatureID="-1" href="LCAM_HLP_VIEWFINDER_PHOTO.html">Tage billeder</target>
   </keywords>
   <keywords>
      <text FeatureID="-1">lysfølsomhed</text>
      <target FeatureID="-1" href="LCAM_HLP_LIGHT_SENSITIVITY.html">Ændre lysfølsomhed</target>
   </keywords>
   <keywords>
      <text FeatureID="-1">scener</text>
      <target FeatureID="-1" href="LCAM_HLP_SETTINGS_PHOUSER.html">Definere scener</target>
      <target FeatureID="-1" href="LCAM_HLP_SCENES_PHOTO.html">Billedscener</target>
   </keywords>
   <keywords>
      <text FeatureID="-1">kamera­indstillinger</text>
      <target FeatureID="-1" href="LCAM_HLP_SETTINGS.html">Kameraindstillinger</target>
   </keywords>
   <keywords>
      <text FeatureID="-1">kamera, indstillinger</text>
      <target FeatureID="-1" href="LCAM_HLP_SETTINGS_PHOTO.html">Billed­indstillinger</target>
      <target FeatureID="-1" href="LCAM_HLP_SETTINGS_VIDEO.html">Video­indstillinger</target>
   </keywords>
   <keywords>
      <text FeatureID="-1">optage video</text>
      <target FeatureID="-1" href="LCAM_HLP_VIEWFINDER_VIDEO.html">Optage videoklip</target>
   </keywords>
   <keywords>
      <text FeatureID="-1">videoscener</text>
      <target FeatureID="-1" href="LCAM_HLP_SCENES_VIDEO.html">Videoscener</target>
   </keywords>
   <keywords>
      <text FeatureID="-1">video, indstillinger</text>
      <target FeatureID="-1" href="LCAM_HLP_SETTINGS_VIDEO.html">Video­indstillinger</target>
   </keywords>
   <keywords>
      <text FeatureID="-1">videoklip i programmer</text>
      <target FeatureID="-1" href="LCAM_HLP_VIEWFINDER_VIDEO_EM.html">Videoer i programmer</target>
   </keywords>
   <keywords>
      <text FeatureID="-1">afspille videoklip</text>
      <target FeatureID="-1" href="LCAM_HLP_POST_VIDEO.html">Afspilning af videoklip</target>
   </keywords>
   <keywords>
      <text FeatureID="-1">kamera i programmer</text>
      <target FeatureID="-1" href="LCAM_HLP_VIEWFINDER_PHOTO_EM.html">Billeder i programmer</target>
   </keywords>
   <keywords>
      <text FeatureID="-1">få vist billeder</text>
      <target FeatureID="-1" href="LCAM_HLP_POST_PHOTO.html">Få vist billeder, du har taget</target>
   </keywords>
</keywords>