<?xml version="1.0" encoding="UTF-8"?><?xml-stylesheet  href="../../theme/xsl/index2html.xslt" type="text/xsl"?>
<topics FeatureID="-1" title="Web" compressed="true">
   <topicref FeatureID="-1" href="OSS_HLP_BM_ADDBM.html" navtitle="Pridávanie záložiek"/>
   <topicref FeatureID="true_167" href="OSS_HLP_RSS_ADD.html" navtitle="Pridávanie webových zdrojov"/>
   <topicref FeatureID="-1" href="OSS_HLP_PAGEVIEW.html" navtitle="Prezeranie webu"/>
   <topicref FeatureID="-1" href="OSS_HLP_BM_MAIN.html" navtitle="Prezeranie záložiek"/>
   <topicref FeatureID="-1" href="OSS_HLP_BM_EDIT.html" navtitle="Úprava záložiek"/>
   <topicref FeatureID="true_167" href="OSS_HLP_RSS_EDIT.html" navtitle="Úprava webových zdrojov"/>
   <topicref FeatureID="-1" href="OSS_HLP_SETTINGS_GENERAL.html" navtitle="Všeobecné nastavenia"/>
   <topicref FeatureID="-1" href="OSS_HLP_SETTINGS_PAGE.html" navtitle="Nastavenia stránky"/>
   <topicref FeatureID="-1" href="OSS_HLP_SETTINGS_PRIVACY.html" navtitle="Nastavenia ochrany súkromia"/>
   <topicref FeatureID="true_167" href="OSS_HLP_RSS_ARTICLE.html" navtitle="Články webových zdrojov"/>
   <topicref FeatureID="true_167" href="OSS_HLP_SETTINGS_RSS.html" navtitle="Nastavenia webových zdrojov"/>
   <topicref FeatureID="true_167" href="OSS_HLP_RSS_ARTICLELST.html" navtitle="Webové zdroje"/>
   <topicref FeatureID="-1" href="OSS_HLP_PAGEVIEW_EMBED.html" navtitle="Web v aplikáciách"/>
   <topicref FeatureID="-1" href="OSS_HLP_SETTINGS_FOLDERS.html" navtitle="Webové nastavenia"/>
   <topicref FeatureID="true_167" href="OSS_HLP_RSS_MAIN.html" navtitle="Webové zdroje a blogy"/>
   <topicref FeatureID="false_410" href="OSS_HLP_SHORTCUTS.html" navtitle="Skratky panelu nástrojov"/>
   <topicref FeatureID="false_410" href="OSS_HLP_KEYPAD.html" navtitle="Tlačidlové skratky"/>
</topics>