<?xml version="1.0" encoding="UTF-8"?>
<keywords>
   <keywords>
      <text FeatureID="-1">záložky</text>
      <target FeatureID="-1" href="OSS_HLP_BM_ADDBM.html">Pridávanie záložiek</target>
   </keywords>
   <keywords>
      <text FeatureID="-1">záložky prehliadača</text>
      <target FeatureID="-1" href="OSS_HLP_BM_ADDBM.html">Pridávanie záložiek</target>
      <target FeatureID="-1" href="OSS_HLP_BM_MAIN.html">Prezeranie záložiek</target>
   </keywords>
   <keywords>
      <text FeatureID="-1">web</text>
      <target FeatureID="-1" href="OSS_HLP_BM_ADDBM.html">Pridávanie záložiek</target>
      <target FeatureID="true_167" href="OSS_HLP_RSS_ADD.html">Pridávanie webových zdrojov</target>
      <target FeatureID="-1" href="OSS_HLP_PAGEVIEW.html">Prezeranie webu</target>
      <target FeatureID="true_167" href="OSS_HLP_RSS_EDIT.html">Úpr. web. upút.</target>
      <target FeatureID="true_167" href="OSS_HLP_RSS_ARTICLE.html">Články webových zdrojov</target>
      <target FeatureID="true_167" href="OSS_HLP_RSS_ARTICLELST.html">Webové zdroje</target>
      <target FeatureID="true_167" href="OSS_HLP_RSS_MAIN.html">Webové zdroje a blogy</target>
   </keywords>
   <keywords>
      <text FeatureID="true_167">zdroje</text>
      <target FeatureID="true_167" href="OSS_HLP_RSS_ADD.html">Pridávanie webových zdrojov</target>
      <target FeatureID="true_167" href="OSS_HLP_RSS_EDIT.html">Úpr. web. upút.</target>
      <target FeatureID="true_167" href="OSS_HLP_RSS_ARTICLE.html">Články webových zdrojov</target>
      <target FeatureID="true_167" href="OSS_HLP_RSS_ARTICLELST.html">Webové zdroje</target>
      <target FeatureID="true_167" href="OSS_HLP_RSS_MAIN.html">Webové zdroje a blogy</target>
   </keywords>
   <keywords>
      <text FeatureID="true_167">zdroje RSS</text>
      <target FeatureID="true_167" href="OSS_HLP_RSS_ADD.html">Pridávanie webových zdrojov</target>
      <target FeatureID="true_167" href="OSS_HLP_RSS_ARTICLELST.html">Webové zdroje</target>
      <target FeatureID="true_167" href="OSS_HLP_RSS_MAIN.html">Webové zdroje a blogy</target>
   </keywords>
   <keywords>
      <text FeatureID="true_167">správy a blogy</text>
      <target FeatureID="true_167" href="OSS_HLP_RSS_ADD.html">Pridávanie webových zdrojov</target>
      <target FeatureID="true_167" href="OSS_HLP_RSS_EDIT.html">Úpr. web. upút.</target>
      <target FeatureID="true_167" href="OSS_HLP_RSS_ARTICLE.html">Články webových zdrojov</target>
      <target FeatureID="true_167" href="OSS_HLP_RSS_ARTICLELST.html">Webové zdroje</target>
      <target FeatureID="true_167" href="OSS_HLP_RSS_MAIN.html">Webové zdroje a blogy</target>
   </keywords>
   <keywords>
      <text FeatureID="true_167">blogy</text>
      <target FeatureID="true_167" href="OSS_HLP_RSS_ADD.html">Pridávanie webových zdrojov</target>
      <target FeatureID="true_167" href="OSS_HLP_RSS_EDIT.html">Úpr. web. upút.</target>
      <target FeatureID="true_167" href="OSS_HLP_RSS_ARTICLE.html">Články webových zdrojov</target>
      <target FeatureID="true_167" href="OSS_HLP_RSS_ARTICLELST.html">Webové zdroje</target>
      <target FeatureID="true_167" href="OSS_HLP_RSS_MAIN.html">Webové zdroje a blogy</target>
   </keywords>
   <keywords>
      <text FeatureID="-1">prezeranie stránok</text>
      <target FeatureID="-1" href="OSS_HLP_PAGEVIEW.html">Prezeranie webu</target>
   </keywords>
   <keywords>
      <text FeatureID="-1">otváranie záložiek</text>
      <target FeatureID="-1" href="OSS_HLP_BM_MAIN.html">Prezeranie záložiek</target>
   </keywords>
   <keywords>
      <text FeatureID="true_167">zdroje rss</text>
      <target FeatureID="true_167" href="OSS_HLP_RSS_EDIT.html">Úpr. web. upút.</target>
      <target FeatureID="true_167" href="OSS_HLP_RSS_ARTICLE.html">Články webových zdrojov</target>
   </keywords>
   <keywords>
      <text FeatureID="-1">nastavenia prehliadača</text>
      <target FeatureID="-1" href="OSS_HLP_SETTINGS_GENERAL.html">Všeobecné nastavenia</target>
      <target FeatureID="-1" href="OSS_HLP_SETTINGS_PAGE.html">Nastavenia stránky</target>
      <target FeatureID="-1" href="OSS_HLP_SETTINGS_PRIVACY.html">Nastavenia ochrany súkromia</target>
      <target FeatureID="true_167" href="OSS_HLP_SETTINGS_RSS.html">Nastavenia webových zdrojov</target>
      <target FeatureID="-1" href="OSS_HLP_SETTINGS_FOLDERS.html">Webové nastavenia</target>
      <target FeatureID="false_410" href="OSS_HLP_SHORTCUTS.html">Skratky panelu nástrojov</target>
   </keywords>
   <keywords>
      <text FeatureID="-1">webové nastavenia</text>
      <target FeatureID="-1" href="OSS_HLP_SETTINGS_GENERAL.html">Všeobecné nastavenia</target>
      <target FeatureID="-1" href="OSS_HLP_SETTINGS_PAGE.html">Nastavenia stránky</target>
      <target FeatureID="-1" href="OSS_HLP_SETTINGS_PRIVACY.html">Nastavenia ochrany súkromia</target>
      <target FeatureID="true_167" href="OSS_HLP_SETTINGS_RSS.html">Nastavenia webových zdrojov</target>
      <target FeatureID="-1" href="OSS_HLP_SETTINGS_FOLDERS.html">Webové nastavenia</target>
   </keywords>
   <keywords>
      <text FeatureID="-1">nastavenie webu</text>
      <target FeatureID="-1" href="OSS_HLP_SETTINGS_PAGE.html">Nastavenia stránky</target>
      <target FeatureID="true_167" href="OSS_HLP_SETTINGS_RSS.html">Nastavenia webových zdrojov</target>
      <target FeatureID="-1" href="OSS_HLP_SETTINGS_FOLDERS.html">Webové nastavenia</target>
   </keywords>
   <keywords>
      <text FeatureID="-1">nastavenia ochrany súkromia</text>
      <target FeatureID="-1" href="OSS_HLP_SETTINGS_PRIVACY.html">Nastavenia ochrany súkromia</target>
   </keywords>
   <keywords>
      <text FeatureID="-1">otvorenie konkrétnej stránky</text>
      <target FeatureID="-1" href="OSS_HLP_PAGEVIEW_EMBED.html">Web v aplikáciách</target>
   </keywords>
   <keywords>
      <text FeatureID="-1">web v aplikáciách</text>
      <target FeatureID="-1" href="OSS_HLP_PAGEVIEW_EMBED.html">Web v aplikáciách</target>
   </keywords>
   <keywords>
      <text FeatureID="false_410">nastavenia webu</text>
      <target FeatureID="false_410" href="OSS_HLP_SHORTCUTS.html">Skratky panelu nástrojov</target>
   </keywords>
</keywords>