<?xml version="1.0" encoding="UTF-8"?><?xml-stylesheet  href="../../theme/xsl/index2html.xslt" type="text/xsl"?>
<topics FeatureID="-1" title="Répertoire de contacts" compressed="true">
   <topicref FeatureID="-1" href="HLP_CCA_DETAILS.html" navtitle="Détails des contacts"/>
   <topicref FeatureID="-1" href="HLP_CCA_LAUNCHER.html" navtitle="Fiches de contact"/>
   <topicref FeatureID="-1" href="PHOB_HLP_GROUP_LIST.html" navtitle="Groupes de contacts"/>
   <topicref FeatureID="-1" href="PHOB_HLP_SIM_LIST.html" navtitle="Répertoire des contacts SIM"/>
   <topicref FeatureID="-1" href="PHOB_HLP_MY_NUMBERS.html" navtitle="Mes numéros"/>
   <topicref FeatureID="-1" href="PHOB_HLP_GROUP_MEMBER_LIST.html" navtitle="Membres"/>
   <topicref FeatureID="-1" href="PHOB_HLP_SETTINGS.html" navtitle="Paramètres Contacts"/>
   <topicref FeatureID="-1" href="PHOB_HLP_NAME_LIST.html" navtitle="Liste de contacts"/>
   <topicref FeatureID="-1" href="HLP_CCA_MY_CARD.html" navtitle="Ma carte"/>
   <topicref FeatureID="-1" href="RLOOK_HLP_INFO_VIEW.html" navtitle="Gestion des contacts trouvés"/>
   <topicref FeatureID="-1" href="HLP_CCA_EDITOR.html" navtitle="Modifier fiches contact"/>
   <topicref FeatureID="-1" href="PHOB_HLP_CONTACT_INFO_VIEW.html" navtitle="Fiches de contact"/>
   <topicref FeatureID="-1" href="PHOB_HLP_EDIT_ENTRY.html" navtitle="Modifier fiches contact"/>
   <topicref FeatureID="-1" href="FDN_HLP_FDN_NUMBER_VIEW.html" navtitle="Contacts autorisés"/>
   <topicref FeatureID="-1" href="FDN_HLP_FDN_VIEW.html" navtitle="Bloquer des appels"/>
   <topicref FeatureID="-1" href="SDN_HLP_APP.html" navtitle="Numéros de service"/>
   <topicref FeatureID="-1" href="PHOB_HLP_SIM_INFO_VIEW.html" navtitle="Fiches de contact SIM"/>
</topics>