<?xml version="1.0" encoding="UTF-8"?>
<keywords>
   <keywords>
      <text FeatureID="-1">groupes de contacts</text>
      <target FeatureID="-1" href="PHOB_HLP_GROUP_LIST.html">Groupes de contacts</target>
      <target FeatureID="-1" href="PHOB_HLP_GROUP_MEMBER_LIST.html">Membres</target>
   </keywords>
   <keywords>
      <text FeatureID="-1">contacts SIM</text>
      <target FeatureID="-1" href="PHOB_HLP_SIM_LIST.html">Répertoire des contacts SIM</target>
      <target FeatureID="-1" href="PHOB_HLP_SIM_INFO_VIEW.html">Fiches de contact SIM</target>
   </keywords>
   <keywords>
      <text FeatureID="-1">Numéro SIM</text>
      <target FeatureID="-1" href="PHOB_HLP_MY_NUMBERS.html">Mes numéros</target>
   </keywords>
   <keywords>
      <text FeatureID="-1">ordre noms ds Cont.</text>
      <target FeatureID="-1" href="PHOB_HLP_SETTINGS.html">Paramètres Contacts</target>
   </keywords>
   <keywords>
      <text FeatureID="-1">mémoire contacts</text>
      <target FeatureID="-1" href="PHOB_HLP_SETTINGS.html">Paramètres Contacts</target>
   </keywords>
   <keywords>
      <text FeatureID="-1">mémoire par défaut</text>
      <target FeatureID="-1" href="PHOB_HLP_SETTINGS.html">Paramètres Contacts</target>
   </keywords>
   <keywords>
      <text FeatureID="-1">répertoire des contacts</text>
      <target FeatureID="-1" href="PHOB_HLP_NAME_LIST.html">Liste de contacts</target>
   </keywords>
   <keywords>
      <text FeatureID="-1">informations contact</text>
      <target FeatureID="-1" href="PHOB_HLP_NAME_LIST.html">Liste de contacts</target>
   </keywords>
   <keywords>
      <text FeatureID="-1">répertoire</text>
      <target FeatureID="-1" href="PHOB_HLP_NAME_LIST.html">Liste de contacts</target>
   </keywords>
   <keywords>
      <text FeatureID="-1">contacts</text>
      <target FeatureID="-1" href="RLOOK_HLP_INFO_VIEW.html">Gestion des contacts trouvés</target>
   </keywords>
   <keywords>
      <text FeatureID="-1">fiches de contact</text>
      <target FeatureID="-1" href="PHOB_HLP_CONTACT_INFO_VIEW.html">Fiches de contact</target>
      <target FeatureID="-1" href="PHOB_HLP_EDIT_ENTRY.html">Modifier fiches contact</target>
   </keywords>
   <keywords>
      <text FeatureID="-1">entrées de répertoire</text>
      <target FeatureID="-1" href="PHOB_HLP_CONTACT_INFO_VIEW.html">Fiches de contact</target>
   </keywords>
   <keywords>
      <text FeatureID="-1">composition fixe</text>
      <target FeatureID="-1" href="FDN_HLP_FDN_NUMBER_VIEW.html">Contacts autorisés</target>
      <target FeatureID="-1" href="FDN_HLP_FDN_VIEW.html">Bloquer des appels</target>
   </keywords>
   <keywords>
      <text FeatureID="-1">bloquer les appels</text>
      <target FeatureID="-1" href="FDN_HLP_FDN_VIEW.html">Bloquer des appels</target>
   </keywords>
   <keywords>
      <text FeatureID="-1">numéros de service</text>
      <target FeatureID="-1" href="SDN_HLP_APP.html">Numéros de service</target>
   </keywords>
   <keywords>
      <text FeatureID="-1">Numéros de service SIM</text>
      <target FeatureID="-1" href="SDN_HLP_APP.html">Numéros de service</target>
   </keywords>
   <keywords>
      <text FeatureID="-1">numéros sur carte SIM</text>
      <target FeatureID="-1" href="SDN_HLP_APP.html">Numéros de service</target>
   </keywords>
   <keywords>
      <text FeatureID="-1">Carte SIM</text>
      <target FeatureID="-1" href="PHOB_HLP_SIM_INFO_VIEW.html">Fiches de contact SIM</target>
   </keywords>
</keywords>