<?xml version="1.0" encoding="UTF-8"?>
<keywords>
   <keywords>
      <text FeatureID="-1">reproducción del archivo Flash</text>
      <target FeatureID="-1" href="FLITE_HLP_STOPPED.html">Finalizar reproducción Flash</target>
      <target FeatureID="-1" href="FLITE_HLP_VIEWER_PAUSED.html">Poner en pausa la reproducción Flash</target>
      <target FeatureID="-1" href="FLITE_HLP_VIEWER_PLAY.html">Reproducir archivos Flash</target>
   </keywords>
   <keywords>
      <text FeatureID="-1">Reproductor Flash</text>
      <target FeatureID="-1" href="FLITE_HLP_STOPPED.html">Finalizar reproducción Flash</target>
      <target FeatureID="-1" href="FLITE_HLP_VIEWER_PAUSED.html">Poner en pausa la reproducción Flash</target>
      <target FeatureID="-1" href="FLITE_HLP_VIEWER_PLAY.html">Reproducir archivos Flash</target>
   </keywords>
</keywords>