<?xml version="1.0" encoding="UTF-8"?><?xml-stylesheet  href="../../theme/xsl/index2html.xslt" type="text/xsl"?>
<topics FeatureID="-1" title="Videod ja TV" compressed="true">
   <topicref FeatureID="-1" href="IPTV_HLP_MAIN_STATE.html" navtitle="Videod ja TV"/>
   <topicref FeatureID="-1" href="IPTV_HLP_VODCAST_MAIN.html" navtitle="Videokanalid"/>
   <topicref FeatureID="-1" href="IPTV_HLP_SERVICE_SELECTION_VOD.html" navtitle="Videoteenuste valimine"/>
   <topicref FeatureID="-1" href="IPTV_HLP_VOD_CATEGORIES.html" navtitle="Videokategooriad"/>
   <topicref FeatureID="-1" href="IPTV_HLP_VOD.html" navtitle="Videoklippide vaatamine ja allalaadimine"/>
   <topicref FeatureID="-1" href="IPTV_HLP_SCHEDULE_DOWNLOAD.html" navtitle="Allalaadimise ajastamine"/>
   <topicref FeatureID="-1" href="IPTV_HLP_STORAGE.html" navtitle="Minu videod"/>
   <topicref FeatureID="-1" href="IPTV_HLP_SETTINGS.html" navtitle="Rakenduse Videod ja TV seaded"/>
   <topicref FeatureID="-1" href="IPTV_HLP_SERVICE_SEL_VODCAST.html" navtitle="Videokanalite valimine"/>
   <topicref FeatureID="-1" href="IPTV_HLP_ADD_SERVICE.html" navtitle="Videokanalite lisamine"/>
</topics>