<?xml version="1.0" encoding="UTF-8"?>
<keywords>
   <keywords>
      <text FeatureID="-1">videod ja TV</text>
      <target FeatureID="-1" href="IPTV_HLP_MAIN_STATE.html">Videod ja TV</target>
      <target FeatureID="-1" href="IPTV_HLP_VODCAST_MAIN.html">Videokanalid</target>
      <target FeatureID="-1" href="IPTV_HLP_SERVICE_SELECTION_VOD.html">Videoteenuste valimine</target>
      <target FeatureID="-1" href="IPTV_HLP_VOD_CATEGORIES.html">Videokategooriad</target>
      <target FeatureID="-1" href="IPTV_HLP_VOD.html">Videoklippide vaatamine ja allalaadimine</target>
      <target FeatureID="-1" href="IPTV_HLP_SCHEDULE_DOWNLOAD.html">Allalaadimise ajastamine</target>
      <target FeatureID="-1" href="IPTV_HLP_STORAGE.html">Minu videod</target>
      <target FeatureID="-1" href="IPTV_HLP_SERVICE_SEL_VODCAST.html">Videokanalite valimine</target>
      <target FeatureID="-1" href="IPTV_HLP_ADD_SERVICE.html">Videokanalite lisamine</target>
   </keywords>
   <keywords>
      <text FeatureID="-1">videokanalid</text>
      <target FeatureID="-1" href="IPTV_HLP_VODCAST_MAIN.html">Videokanalid</target>
      <target FeatureID="-1" href="IPTV_HLP_VOD_CATEGORIES.html">Videokategooriad</target>
      <target FeatureID="-1" href="IPTV_HLP_SERVICE_SEL_VODCAST.html">Videokanalite valimine</target>
      <target FeatureID="-1" href="IPTV_HLP_ADD_SERVICE.html">Videokanalite lisamine</target>
   </keywords>
   <keywords>
      <text FeatureID="-1">allalaaditud failid, videoklipid</text>
      <target FeatureID="-1" href="IPTV_HLP_VOD.html">Videoklippide vaatamine ja allalaadimine</target>
      <target FeatureID="-1" href="IPTV_HLP_SCHEDULE_DOWNLOAD.html">Allalaadimise ajastamine</target>
   </keywords>
   <keywords>
      <text FeatureID="-1">videod ja TV, seaded</text>
      <target FeatureID="-1" href="IPTV_HLP_SETTINGS.html">Rakenduse Videod ja TV seaded</target>
   </keywords>
   <keywords>
      <text FeatureID="-1">seaded, video</text>
      <target FeatureID="-1" href="IPTV_HLP_SETTINGS.html">Rakenduse Videod ja TV seaded</target>
   </keywords>
</keywords>