<?xml version="1.0" encoding="UTF-8"?>
<keywords>
   <keywords>
      <text FeatureID="-1">chỉnh sửa các tần số cài sẵn</text>
      <target FeatureID="-1" href="EQ_HLP_EDITING_VIEW.html">Chỉnh sửa các tần số cài sẵn</target>
   </keywords>
   <keywords>
      <text FeatureID="-1">bộ chỉnh âm</text>
      <target FeatureID="-1" href="EQ_HLP_LIST_VIEW.html">Các tần số cài sẵn</target>
   </keywords>
   <keywords>
      <text FeatureID="-1">băng tần</text>
      <target FeatureID="-1" href="EQ_HLP_LIST_VIEW.html">Các tần số cài sẵn</target>
   </keywords>
   <keywords>
      <text FeatureID="-1">chọn băng tần</text>
      <target FeatureID="-1" href="EQ_HLP_LIST_VIEW.html">Các tần số cài sẵn</target>
   </keywords>
</keywords>