<?xml version="1.0" encoding="UTF-8"?>
<keywords>
   <keywords>
      <text FeatureID="-1">Flash-tiedostojen toisto</text>
      <target FeatureID="-1" href="FLITE_HLP_STOPPED.html">Flash-tiedoston toiston lopetus</target>
      <target FeatureID="-1" href="FLITE_HLP_VIEWER_PAUSED.html">Flash-toiston tauko</target>
      <target FeatureID="-1" href="FLITE_HLP_VIEWER_PLAY.html">Flash-tiedostojen toisto</target>
   </keywords>
   <keywords>
      <text FeatureID="-1">Flash-soitin</text>
      <target FeatureID="-1" href="FLITE_HLP_STOPPED.html">Flash-tiedoston toiston lopetus</target>
      <target FeatureID="-1" href="FLITE_HLP_VIEWER_PAUSED.html">Flash-toiston tauko</target>
      <target FeatureID="-1" href="FLITE_HLP_VIEWER_PLAY.html">Flash-tiedostojen toisto</target>
   </keywords>
</keywords>