<?xml version="1.0" encoding="UTF-8"?>
<keywords>
   <keywords>
      <text FeatureID="-1">дешифрування, картка пам'яті</text>
      <target FeatureID="-1" href="ES_HLP_ENCRYPTION_DECRYPT.html">Дешифрування картки пам'яті</target>
   </keywords>
   <keywords>
      <text FeatureID="-1">шифрування, картка пам’яті</text>
      <target FeatureID="-1" href="ES_HLP_ENCRYPTION_ENCRYPT.html">Шифрування картки пам’яті</target>
   </keywords>
   <keywords>
      <text FeatureID="-1">шифрування, пам'ять пристрою та картка пам'яті</text>
      <target FeatureID="-1" href="ES_HLP_ENCRYPTION_MAIN.html">Шифрування та дешифрування</target>
   </keywords>
   <keywords>
      <text FeatureID="-1">дешифрування, пам'ять пристрою та картка пам'яті</text>
      <target FeatureID="-1" href="ES_HLP_ENCRYPTION_MAIN.html">Шифрування та дешифрування</target>
   </keywords>
</keywords>