<?xml version="1.0" encoding="UTF-8"?><?xml-stylesheet  href="../../theme/xsl/index2html.xslt" type="text/xsl"?>
<topics FeatureID="-1" title="Лафче" compressed="true">
   <topicref FeatureID="-1" href="IMNG_HLP_SEARCHCHAT.html" navtitle="Търсене на потребители на Лафче"/>
   <topicref FeatureID="-1" href="IMNG_HLP_SAVED_VIEW.html" navtitle="Преглед запам. разг."/>
   <topicref FeatureID="-1" href="IMNG_HLP_SAVED_LIST.html" navtitle="Запаметени разговори"/>
   <topicref FeatureID="-1" href="IMNG_HLP_IMCHAT.html" navtitle="Разговори в група"/>
   <topicref FeatureID="-1" href="IMNG_HLP_GROUP_EDIT.html" navtitle="Права ред. група"/>
   <topicref FeatureID="-1" href="IMNG_HLP_GROUP_BAN.html" navtitle="Недопускане на потребители на Лафче от групи"/>
   <topicref FeatureID="-1" href="IMNG_HLP_CONT_OWN_DATA.html" navtitle="Мои данни"/>
   <topicref FeatureID="-1" href="IMNG_HLP_COMMUNITY_VIEW_EMPTY.html" navtitle="Започване на използването на Лафче"/>
   <topicref FeatureID="-1" href="IMNG_HLP_COMMUNITY_VIEW.html" navtitle="Лафче"/>
   <topicref FeatureID="-1" href="IMNG_HLP_BLOCKED_VIEW.html" navtitle="Блокирани контакти"/>
   <topicref FeatureID="-1" href="IMNG_HLP_SETTINGS.html" navtitle="Настройки на Лафче"/>
   <topicref FeatureID="-1" href="IMNG_HLP_SERVLISTSETT_IM.html" navtitle="Сървъри за Лафче"/>
   <topicref FeatureID="-1" href="IMNG_HLP_DEFSERVER.html" navtitle="Настройки на сървъра за Лафче"/>
   <topicref FeatureID="-1" href="IMNG_HLP_INVITE.html" navtitle="Покани за Лафче"/>
   <topicref FeatureID="-1" href="IMNG_HLP_CREATECHAT.html" navtitle="Настройки на група за Лафче"/>
   <topicref FeatureID="-1" href="IMNG_HLP_ACCLIST.html" navtitle="Членове на група за Лафче"/>
   <topicref FeatureID="-1" href="IMNG_HLP_CONVERSATIONS.html" navtitle="Разговори в Лафче"/>
   <topicref FeatureID="-1" href="IMNG_HLP_CONTACTDETAILS.html" navtitle="Инф. контакт Лафче"/>
   <topicref FeatureID="-1" href="IMNG_HLP_APPSETT.html" navtitle="Настройки на приложението за Лафче"/>
</topics>