<?xml version="1.0" encoding="UTF-8"?>
<keywords>
   <keywords>
      <text FeatureID="-1">търсене на потребители на Лафче</text>
      <target FeatureID="-1" href="IMNG_HLP_SEARCHCHAT.html">Търсене на потребители на Лафче</target>
   </keywords>
   <keywords>
      <text FeatureID="-1">лафче</text>
      <target FeatureID="-1" href="IMNG_HLP_SEARCHCHAT.html">Търсене на потребители на Лафче</target>
      <target FeatureID="-1" href="IMNG_HLP_SAVED_VIEW.html">Преглед запам. разг.</target>
      <target FeatureID="-1" href="IMNG_HLP_SAVED_LIST.html">Запаметени разговори</target>
      <target FeatureID="-1" href="IMNG_HLP_IMCHAT.html">Разговори в група</target>
      <target FeatureID="-1" href="IMNG_HLP_GROUP_EDIT.html">Права ред. група</target>
      <target FeatureID="-1" href="IMNG_HLP_GROUP_BAN.html">Недопускане на потребители на Лафче от групи</target>
      <target FeatureID="-1" href="IMNG_HLP_CONT_OWN_DATA.html">Мои данни</target>
      <target FeatureID="-1" href="IMNG_HLP_COMMUNITY_VIEW_EMPTY.html">Започване на използването на Лафче</target>
      <target FeatureID="-1" href="IMNG_HLP_COMMUNITY_VIEW.html">Лафче</target>
      <target FeatureID="-1" href="IMNG_HLP_CREATECHAT.html">Настройки на група за Лафче</target>
      <target FeatureID="-1" href="IMNG_HLP_ACCLIST.html">Членове на група за Лафче</target>
      <target FeatureID="-1" href="IMNG_HLP_CONVERSATIONS.html">Разговори в Лафче</target>
      <target FeatureID="-1" href="IMNG_HLP_APPSETT.html">Настройки на приложението за Лафче</target>
   </keywords>
   <keywords>
      <text FeatureID="-1">търсене на групи за Лафче</text>
      <target FeatureID="-1" href="IMNG_HLP_SEARCHCHAT.html">Търсене на потребители на Лафче</target>
   </keywords>
   <keywords>
      <text FeatureID="-1">запаметени разговори</text>
      <target FeatureID="-1" href="IMNG_HLP_SAVED_LIST.html">Запаметени разговори</target>
   </keywords>
   <keywords>
      <text FeatureID="-1">вкл. в групи Лафче</text>
      <target FeatureID="-1" href="IMNG_HLP_IMCHAT.html">Разговори в група</target>
   </keywords>
   <keywords>
      <text FeatureID="-1">права за редактиране</text>
      <target FeatureID="-1" href="IMNG_HLP_GROUP_EDIT.html">Права ред. група</target>
   </keywords>
   <keywords>
      <text FeatureID="-1">списък забранени</text>
      <target FeatureID="-1" href="IMNG_HLP_GROUP_BAN.html">Недопускане на потребители на Лафче от групи</target>
   </keywords>
   <keywords>
      <text FeatureID="-1">Членове на група за Лафче</text>
      <target FeatureID="-1" href="IMNG_HLP_GROUP_BAN.html">Недопускане на потребители на Лафче от групи</target>
      <target FeatureID="-1" href="IMNG_HLP_ACCLIST.html">Членове на група за Лафче</target>
   </keywords>
   <keywords>
      <text FeatureID="-1">Контакти за Лафче</text>
      <target FeatureID="-1" href="IMNG_HLP_CONT_OWN_DATA.html">Мои данни</target>
      <target FeatureID="-1" href="IMNG_HLP_BLOCKED_VIEW.html">Блокирани контакти</target>
      <target FeatureID="-1" href="IMNG_HLP_CONTACTDETAILS.html">Инф. контакт Лафче</target>
   </keywords>
   <keywords>
      <text FeatureID="-1">Лафче</text>
      <target FeatureID="-1" href="IMNG_HLP_COMMUNITY_VIEW_EMPTY.html">Започване на използването на Лафче</target>
      <target FeatureID="-1" href="IMNG_HLP_COMMUNITY_VIEW.html">Лафче</target>
      <target FeatureID="-1" href="IMNG_HLP_CONVERSATIONS.html">Разговори в Лафче</target>
      <target FeatureID="-1" href="IMNG_HLP_CONTACTDETAILS.html">Инф. контакт Лафче</target>
   </keywords>
   <keywords>
      <text FeatureID="-1">блокирани контакти за Лафче</text>
      <target FeatureID="-1" href="IMNG_HLP_BLOCKED_VIEW.html">Блокирани контакти</target>
   </keywords>
   <keywords>
      <text FeatureID="-1">Настройки на Лафче</text>
      <target FeatureID="-1" href="IMNG_HLP_SETTINGS.html">Настройки на Лафче</target>
      <target FeatureID="-1" href="IMNG_HLP_APPSETT.html">Настройки на приложението за Лафче</target>
   </keywords>
   <keywords>
      <text FeatureID="-1">Сървъри за Лафче</text>
      <target FeatureID="-1" href="IMNG_HLP_SERVLISTSETT_IM.html">Сървъри за Лафче</target>
   </keywords>
   <keywords>
      <text FeatureID="-1">Настройки на сървъра за Лафче</text>
      <target FeatureID="-1" href="IMNG_HLP_DEFSERVER.html">Настройки на сървъра за Лафче</target>
   </keywords>
   <keywords>
      <text FeatureID="-1">настройки на сървъра</text>
      <target FeatureID="-1" href="IMNG_HLP_DEFSERVER.html">Настройки на сървъра за Лафче</target>
   </keywords>
   <keywords>
      <text FeatureID="-1">покани</text>
      <target FeatureID="-1" href="IMNG_HLP_INVITE.html">Покани за Лафче</target>
   </keywords>
   <keywords>
      <text FeatureID="-1">Настройки на група за Лафче</text>
      <target FeatureID="-1" href="IMNG_HLP_CREATECHAT.html">Настройки на група за Лафче</target>
   </keywords>
   <keywords>
      <text FeatureID="-1">разговори</text>
      <target FeatureID="-1" href="IMNG_HLP_CONVERSATIONS.html">Разговори в Лафче</target>
   </keywords>
</keywords>