<?xml version="1.0" encoding="UTF-8"?>
<keywords>
   <keywords>
      <text FeatureID="true_11008 false_11008">การลงทะเบียนโทรศัพท์</text>
      <target FeatureID="true_11008" href="DRM_HLP_REGISTRATION_METERING.html">การลงทะเบียนโทรศัพท์</target>
      <target FeatureID="false_11008" href="DRM_HLP_REGISTRATION.html">การลงทะเบียนโทรศัพท์</target>
   </keywords>
   <keywords>
      <text FeatureID="true_11008">การขอรับสิทธิ์แบบไม่ต้องแจ้งให้ทราบ</text>
      <target FeatureID="true_11008" href="DRM_HLP_REGISTRATION_METERING.html">การลงทะเบียนโทรศัพท์</target>
   </keywords>
   <keywords>
      <text FeatureID="true_11008">การวัด</text>
      <target FeatureID="true_11008" href="DRM_HLP_REGISTRATION_METERING.html">การลงทะเบียนโทรศัพท์</target>
   </keywords>
</keywords>