<?xml version="1.0" encoding="UTF-8"?>
<keywords>
   <keywords>
      <text FeatureID="-1">các mục ngày kỷ niệm</text>
      <target FeatureID="-1" href="FSCA_HLP_ANNIVERSARY_EDITOR.html">Tạo các mục ngày kỷ niệm</target>
   </keywords>
   <keywords>
      <text FeatureID="-1">các mục cuộc họp, tạo</text>
      <target FeatureID="-1" href="FSCA_HLP_CALE_MEETING_EDITOR.html">Tạo các mục cuộc họp</target>
   </keywords>
   <keywords>
      <text FeatureID="-1">các mục ghi nhớ, tạo</text>
      <target FeatureID="-1" href="FSCA_HLP_MEMO_EDITOR.html">Tạo các mục ghi nhớ</target>
   </keywords>
   <keywords>
      <text FeatureID="-1">các mục công việc, tạo</text>
      <target FeatureID="-1" href="FSCA_HLP_TODO_EDITOR.html">Tạo các mục công việc</target>
   </keywords>
   <keywords>
      <text FeatureID="-1">các mục cuộc họp, chỉnh sửa</text>
      <target FeatureID="-1" href="FSCA_HLP_CALE_MEETING_VIEWER.html">Chỉnh sửa các mục cuộc họp</target>
   </keywords>
   <keywords>
      <text FeatureID="-1">các mục ghi nhớ, chỉnh sửa</text>
      <target FeatureID="-1" href="FSCA_HLP_MEMO_VIEWER.html">Chỉnh sửa các mục ghi nhớ</target>
   </keywords>
   <keywords>
      <text FeatureID="-1">các mục công việc, chỉnh sửa</text>
      <target FeatureID="-1" href="FSCA_HLP_TODO_VIEWER.html">Chỉnh sửa các mục công việc</target>
   </keywords>
   <keywords>
      <text FeatureID="-1">các mục ngày kỷ niệm, xem</text>
      <target FeatureID="-1" href="FSCA_HLP_ANNI_VIEWER.html">Chỉnh sửa các mục ngày kỷ niệm</target>
   </keywords>
   <keywords>
      <text FeatureID="-1">yêu cầu họp</text>
      <target FeatureID="-1" href="FSCA_HLP_RESPONSE_EDITOR.html">Chỉnh sửa phần trả lời của bạn</target>
      <target FeatureID="-1" href="FSCA_HLP_VIEWER_ORGANIZER.html">Quản lý yêu cầu cuộc họp</target>
      <target FeatureID="-1" href="MEET_REQ_HLP_EDITOR.html">Yêu cầu cuộc họp đã nhận</target>
      <target FeatureID="-1" href="FSCA_HLP_VIEWER.html">Trả lời yêu cầu cuộc họp</target>
      <target FeatureID="-1" href="FS_VIEWER_HLP_MEETING_REQ_VIEW.html">Trả lời một yêu cầu họp</target>
   </keywords>
   <keywords>
      <text FeatureID="-1">số liên lạc</text>
      <target FeatureID="-1" href="RLOOK_HLP_INFO_VIEW.html">Quản lý số liên lạc tìm thấy</target>
   </keywords>
   <keywords>
      <text FeatureID="-1">số liên lạc, tìm kiếm</text>
      <target FeatureID="-1" href="RLOOK_HLP_RESULT_VIEW.html">Kết quả tìm kiếm</target>
   </keywords>
   <keywords>
      <text FeatureID="-1">e-mail, tập tin đính kèm</text>
      <target FeatureID="-1" href="FSE_HLP_ATTACHMENT_LIST_EDITOR.html">Thêm tập tin đính kèm</target>
   </keywords>
   <keywords>
      <text FeatureID="-1">đã xóa e-mail</text>
      <target FeatureID="-1" href="FSE_HLP_MESSAGE_LIST_DELETED.html">Tin nhắn e-mail đã xóa</target>
   </keywords>
   <keywords>
      <text FeatureID="-1">tải về tập tin đính kèm e-mail</text>
      <target FeatureID="-1" href="FSE_HLP_ATTACHMENT_LIST.html">Tải về tập tin đính kèm</target>
   </keywords>
   <keywords>
      <text FeatureID="-1">e-mail nháp</text>
      <target FeatureID="-1" href="FSE_HLP_MESSAGE_LIST_DRAFTS.html">Tin nhắn e-mail nháp</target>
   </keywords>
   <keywords>
      <text FeatureID="-1">Nokia E-mail</text>
      <target FeatureID="-1" href="FSE_HLP_LAUNCHER_GRID.html">Nokia E-mail</target>
   </keywords>
   <keywords>
      <text FeatureID="-1">e-mail</text>
      <target FeatureID="-1" href="FSE_HLP_LAUNCHER_GRID.html">Nokia E-mail</target>
   </keywords>
   <keywords>
      <text FeatureID="-1">các thư mục e-mail</text>
      <target FeatureID="-1" href="FSE_HLP_FOLDER_LIST.html">Các thư mục e-mail</target>
      <target FeatureID="-1" href="FSE_HLP_SETT_IMAP_SUBSCR.html">Đăng ký với các thư mục</target>
      <target FeatureID="-1" href="FSE_HLP_MESSAGE_LIST_INBOX.html">Thao tác với các thư mục e-mail</target>
   </keywords>
   <keywords>
      <text FeatureID="-1">cài đặt e-mail</text>
      <target FeatureID="-1" href="FSE_HLP_LAUNCHER_SETTINGS.html">Cài đặt chung cho e-mail</target>
      <target FeatureID="-1" href="FSE_HLP_POP_IMAP_SETT_MAIN.html">Cài đặt e-mail</target>
      <target FeatureID="-1" href="FSE_HLP_MFE_SETTINGS_MAIN_VIEW.html">Cài đặt dành cho e-mail</target>
   </keywords>
   <keywords>
      <text FeatureID="-1">cài đặt chung cho e-mail</text>
      <target FeatureID="-1" href="FSE_HLP_SETTINGS_GLOBAL.html">Cài đặt chung cho e-mail</target>
   </keywords>
   <keywords>
      <text FeatureID="-1">E-mail HTML</text>
      <target FeatureID="-1" href="FS_VIEWER_HLP_HTML_VIEW.html">E-mail ở dạng HTML</target>
   </keywords>
   <keywords>
      <text FeatureID="-1">cài đặt e-mail nâng cao</text>
      <target FeatureID="-1" href="FSE_HLP_POP_IMAP_SETT_ADV.html">Cài đặt e-mail nâng cao</target>
   </keywords>
   <keywords>
      <text FeatureID="-1">cài đặt e-mail đến</text>
      <target FeatureID="-1" href="FSE_HLP_POP_IMAP_SETT_INCOMING.html">Cài đặt e-mail gửi đến</target>
   </keywords>
   <keywords>
      <text FeatureID="-1">cài đặt e-mail đi</text>
      <target FeatureID="-1" href="FSE_HLP_POP_IMAP_SETT_OUTGOING.html">Cài đặt e-mail gửi đi</target>
   </keywords>
   <keywords>
      <text FeatureID="-1">đồng bộ hóa e-mail</text>
      <target FeatureID="-1" href="FSE_HLP_POP_IMAP_SETT_WHAT.html">Chọn nội dung đồng bộ</target>
   </keywords>
   <keywords>
      <text FeatureID="-1">thời gian đồng bộ hóa e-mail</text>
      <target FeatureID="-1" href="FSE_HLP_POP_IMAP_SETT_WHEN.html">Chọn thời gian đồng bộ</target>
      <target FeatureID="-1" href="FSE_HLP_MFE_SETTINGS_WHEN_SYNC.html">Chọn thời gian đồng bộ hóa</target>
      <target FeatureID="-1" href="FSE_HLP_SETTINGS_WHEN_SYNC.html">Thời gian đồng bộ hóa</target>
   </keywords>
   <keywords>
      <text FeatureID="-1">Mail for Exchange</text>
      <target FeatureID="-1" href="FSE_HLP_MFE_LAUNCHER_MAIN_VIEW.html">Thư Mail for Exchange</target>
   </keywords>
   <keywords>
      <text FeatureID="-1">chi tiết e-mail</text>
      <target FeatureID="-1" href="FS_VIEWER_HLP_DETAILS_VIEW.html">Chi tiết tin nhắn</target>
   </keywords>
   <keywords>
      <text FeatureID="-1">cài đặt hộp thư nâng cao</text>
      <target FeatureID="-1" href="FSE_HLP_MFE_SETTINGS_ADVANCED.html">Cài đặt nâng cao cho hộp thư</target>
   </keywords>
   <keywords>
      <text FeatureID="-1">Cài đặt đồng bộ hóa e-mail</text>
      <target FeatureID="-1" href="FSE_HLP_MFE_SETTINGS_PIM_APPS.html">Cài đặt đồng bộ hóa ứng dụng</target>
   </keywords>
   <keywords>
      <text FeatureID="-1">đồng bộ hóa lịch</text>
      <target FeatureID="-1" href="FSE_HLP_MFE_CALENDAR_APP.html">Cài đặt đồng bộ hóa Lịch</target>
   </keywords>
   <keywords>
      <text FeatureID="-1">đồng bộ hóa danh bạ,</text>
      <target FeatureID="-1" href="FSE_HLP_MFE_CONTACTS_APP.html">Cài đặt đồng bộ hóa Danh bạ</target>
   </keywords>
   <keywords>
      <text FeatureID="-1">cài đặt hộp thư</text>
      <target FeatureID="-1" href="FSE_HLP_MFE_SETTINGS_MAILBOX.html">Cài đặt chung cho hộp thư</target>
   </keywords>
   <keywords>
      <text FeatureID="-1">nội dung đồng bộ hóa e-mail</text>
      <target FeatureID="-1" href="FSE_HLP_MFE_SETTINGS_WHAT_SYNC.html">Chọn nội dung đồng bộ hóa</target>
   </keywords>
   <keywords>
      <text FeatureID="-1">đồng bộ hóa thư mục e-mail</text>
      <target FeatureID="-1" href="FSE_HLP_MFE_SETTINGS_FOLDER.html">Cài đặt cho đồng bộ hóa</target>
   </keywords>
   <keywords>
      <text FeatureID="-1">đồng bộ hóa mục nhập công việc</text>
      <target FeatureID="-1" href="FSE_HLP_MFE_TASKS_APP.html">Cài đặt đồng bộ công việc</target>
   </keywords>
   <keywords>
      <text FeatureID="-1">không có e-mail</text>
      <target FeatureID="-1" href="FSE_HLP_MESSAGE_LIST_EMPTY.html">Không có tin nhắn</target>
   </keywords>
   <keywords>
      <text FeatureID="-1">hộp thư e-mail</text>
      <target FeatureID="-1" href="FSE_HLP_MESSAGE_LIST_OUTBOX.html">Xử lý Hộp thư đi</target>
   </keywords>
   <keywords>
      <text FeatureID="-1">tìm kiếm e-mail</text>
      <target FeatureID="-1" href="FSE_HLP_MESSAGE_LIST_SEARCHING.html">Tìm e-mail</target>
   </keywords>
   <keywords>
      <text FeatureID="-1">kết quả tìm kiếm e-mail</text>
      <target FeatureID="-1" href="FSE_HLP_MESSAGE_LIST_SEARCHED.html">Kết quả tìm kiếm</target>
   </keywords>
   <keywords>
      <text FeatureID="-1">gửi e-mail</text>
      <target FeatureID="-1" href="FS_EDITOR_HLP_MAIN_VIEW.html">Gửi e-mail</target>
   </keywords>
   <keywords>
      <text FeatureID="-1">Dịch vụ PIM</text>
      <target FeatureID="-1" href="FSE_HLP_SETTINGS_PIM_VIEW.html">Dịch vụ PIM</target>
   </keywords>
   <keywords>
      <text FeatureID="-1">đồng bộ hóa ứng dụng</text>
      <target FeatureID="-1" href="FSE_HLP_SETTINGS_APPLICATIONS.html">Đồng bộ hóa các ứng dụng</target>
   </keywords>
   <keywords>
      <text FeatureID="-1">phần đính kèm e-mail</text>
      <target FeatureID="-1" href="FSE_HLP_ATTACHMENT_DOWNLOAD.html">Xem các tập tin đính kèm đã tải về</target>
   </keywords>
   <keywords>
      <text FeatureID="-1">e-mail nhận được</text>
      <target FeatureID="-1" href="FS_VIEWER_HLP_MAIN_VIEW.html">Thao tác với e-mail đã nhận</target>
   </keywords>
   <keywords>
      <text FeatureID="-1">thư, cài đặt</text>
      <target FeatureID="-1" href="FSE_HLP_SETT.html">Cài đặt</target>
   </keywords>
   <keywords>
      <text FeatureID="-1">thư, cài đặt tài khoản</text>
      <target FeatureID="-1" href="FSE_HLP_ACCT_INFO.html">Cài đặt tài khoản thư</target>
   </keywords>
   <keywords>
      <text FeatureID="-1">thư, đồng bộ</text>
      <target FeatureID="-1" href="FSE_HLP_SYNC_SETT.html">Cài đặt đồng bộ hóa</target>
   </keywords>
</keywords>