<?xml version="1.0" encoding="UTF-8"?>
<keywords>
   <keywords>
      <text FeatureID="-1">فرمانهای صوتی</text>
      <target FeatureID="true_72" href="HLP_VC_SIND_FOLDER.html">نمای برنامه</target>
      <target FeatureID="true_72" href="HLP_VC_SIND_MAIN.html">استفاده از فرمانهای صوتی</target>
      <target FeatureID="-1" href="VCINFO_HLP_MAINVIEW.html">برای مخاطبین</target>
   </keywords>
   <keywords>
      <text FeatureID="-1">تنظیمات، فرمان صوتی</text>
      <target FeatureID="-1" href="HLP_VC_SET.html">تنظیمات فرمان صوتی</target>
   </keywords>
</keywords>