<?xml version="1.0" encoding="UTF-8"?>
<keywords>
   <keywords>
      <text FeatureID="-1">synchronisation</text>
      <target FeatureID="-1" href="DS_HLP_MAIN_VIEW.html">Synchronisation de données</target>
   </keywords>
   <keywords>
      <text FeatureID="-1">modes de synchronisation</text>
      <target FeatureID="-1" href="DS_HLP_MAIN_VIEW.html">Synchronisation de données</target>
   </keywords>
   <keywords>
      <text FeatureID="-1">paramètres des modes de synchronisation</text>
      <target FeatureID="-1" href="DS_HLP_SETTINGS.html">Modifier des modes de synchronisation</target>
   </keywords>
   <keywords>
      <text FeatureID="-1">paramètres de synchronisation</text>
      <target FeatureID="-1" href="DS_HLP_SETTINGS_CAL.html">Paramètres de synchronisation de l'agenda</target>
      <target FeatureID="-1" href="DS_HLP_SETTINGS_CNT.html">Paramètres de synchronisation des contacts</target>
      <target FeatureID="-1" href="DS_HLP_SETTINGS_NOTES.html">Paramètres de synchronisation des notes</target>
      <target FeatureID="-1" href="DS_HLP_SETTINGS_SMS.html">Paramètres de synchronisation des SMS</target>
      <target FeatureID="true_44" href="DS_HLP_SETTINGS_SYNCML.html">Paramètres de synchronisation des e‑mails</target>
   </keywords>
</keywords>