<?xml version="1.0" encoding="UTF-8"?>
<keywords>
   <keywords>
      <text FeatureID="-1">radijas</text>
      <target FeatureID="-1" href="FMRADIO_HLP_MAIN.html">Radijo klausymasis</target>
      <target FeatureID="-1" href="FMRADIO_HLP_SEARCH.html">Stočių paieška</target>
      <target FeatureID="-1" href="FMRADIO_HLP_LIST.html"> Radijo stočių tvarkymas</target>
   </keywords>
   <keywords>
      <text FeatureID="-1">FM radijas</text>
      <target FeatureID="-1" href="FMRADIO_HLP_MAIN.html">Radijo klausymasis</target>
      <target FeatureID="-1" href="FMRADIO_HLP_SEARCH.html">Stočių paieška</target>
      <target FeatureID="-1" href="FMRADIO_HLP_LIST.html"> Radijo stočių tvarkymas</target>
   </keywords>
</keywords>