<?xml version="1.0" encoding="UTF-8"?>
<keywords>
   <keywords>
      <text FeatureID="-1">redigera bilder</text>
      <target FeatureID="-1" href="SIE_HLP_MAIN.html">Redigera bilder</target>
   </keywords>
   <keywords>
      <text FeatureID="-1">redigera text</text>
      <target FeatureID="-1" href="SIE_HLP_EDIT_TEXT.html">Redigera text i bilder</target>
   </keywords>
   <keywords>
      <text FeatureID="-1">bildredigeraren</text>
      <target FeatureID="-1" href="SIE_HLP_EDIT_TEXT.html">Redigera text i bilder</target>
   </keywords>
   <keywords>
      <text FeatureID="-1">redigera zoomade bilder</text>
      <target FeatureID="-1" href="SIE_HLP_ZOOMING.html">Redigera zoomade bilder</target>
   </keywords>
   <keywords>
      <text FeatureID="-1">zooma bilder</text>
      <target FeatureID="-1" href="SIE_HLP_ZOOMING.html">Redigera zoomade bilder</target>
   </keywords>
   <keywords>
      <text FeatureID="-1">redigera clip art</text>
      <target FeatureID="-1" href="SIE_HLP_EDIT_CLIPART.html">Redigera clip art</target>
   </keywords>
   <keywords>
      <text FeatureID="-1">redigera pratbubblor</text>
      <target FeatureID="-1" href="SIE_HLP_EDIT_CLIPART.html">Redigera clip art</target>
   </keywords>
   <keywords>
      <text FeatureID="-1">reducera röda ögon</text>
      <target FeatureID="-1" href="SIE_HLP_REDEYE.html">Reducera röda ögon</target>
   </keywords>
</keywords>