<?xml version="1.0" encoding="UTF-8"?>
<keywords>
   <keywords>
      <text FeatureID="-1">radio</text>
      <target FeatureID="-1" href="FMRADIO_HLP_MAIN.html">Słuchanie radia</target>
      <target FeatureID="-1" href="FMRADIO_HLP_SEARCH.html">Wyszukiwanie stacji</target>
      <target FeatureID="-1" href="FMRADIO_HLP_LIST.html"> Zarządzanie stacjami radiowymi</target>
   </keywords>
   <keywords>
      <text FeatureID="-1">Radio FM</text>
      <target FeatureID="-1" href="FMRADIO_HLP_MAIN.html">Słuchanie radia</target>
      <target FeatureID="-1" href="FMRADIO_HLP_SEARCH.html">Wyszukiwanie stacji</target>
      <target FeatureID="-1" href="FMRADIO_HLP_LIST.html"> Zarządzanie stacjami radiowymi</target>
   </keywords>
</keywords>