<?xml version="1.0" encoding="UTF-8"?>
<keywords>
   <keywords>
      <text FeatureID="-1">Inhalte zum Freigeben</text>
      <target FeatureID="-1" href="UPNP_HLP_SHARE_CONTENT.html">Inhalte zum Freigeben auswählen</target>
   </keywords>
   <keywords>
      <text FeatureID="-1">Heimmedien</text>
      <target FeatureID="-1" href="UPNP_HLP_SHARE_CONTENT.html">Inhalte zum Freigeben auswählen</target>
      <target FeatureID="-1" href="UPNP_HLP_SHARING_PROP.html">Freigabe-Einstell.</target>
      <target FeatureID="-1" href="UPNP_HLP_MAIN_VIEW.html">Heimmedien</target>
      <target FeatureID="-1" href="UPNP_HLP_MAIN_EXTERNAL.html">Mediengeräte im Heimnetz</target>
      <target FeatureID="-1" href="UPNP_HLP_CONTENT_VIEW.html">Mediendateien des Heimnetzes</target>
      <target FeatureID="-1" href="UPNP_HLP_REMOTE_DEVICES.html">Heimmedienordner</target>
      <target FeatureID="-1" href="UPNP_HLP_SEARCH.html">Suchergebnisse</target>
   </keywords>
   <keywords>
      <text FeatureID="-1">Bilder und Videos freigeben</text>
      <target FeatureID="-1" href="UPNP_HLP_SHARE_CONTENT.html">Inhalte zum Freigeben auswählen</target>
   </keywords>
   <keywords>
      <text FeatureID="-1">Mediendateien freigeben</text>
      <target FeatureID="-1" href="UPNP_HLP_SHARING_PROP.html">Freigabe-Einstell.</target>
      <target FeatureID="-1" href="UPNP_HLP_MAIN_VIEW.html">Heimmedien</target>
      <target FeatureID="-1" href="UPNP_HLP_MAIN_EXTERNAL.html">Mediengeräte im Heimnetz</target>
      <target FeatureID="-1" href="UPNP_HLP_CONTENT_VIEW.html">Mediendateien des Heimnetzes</target>
      <target FeatureID="-1" href="UPNP_HLP_REMOTE_DEVICES.html">Heimmedienordner</target>
      <target FeatureID="-1" href="UPNP_HLP_SEARCH.html">Suchergebnisse</target>
   </keywords>
   <keywords>
      <text FeatureID="-1">Dateien auf externem Gerät anzeigen</text>
      <target FeatureID="-1" href="UPNP_HLP_SHARING_PROP.html">Freigabe-Einstell.</target>
      <target FeatureID="-1" href="UPNP_HLP_MAIN_VIEW.html">Heimmedien</target>
      <target FeatureID="-1" href="UPNP_HLP_MAIN_EXTERNAL.html">Mediengeräte im Heimnetz</target>
      <target FeatureID="-1" href="UPNP_HLP_CONTENT_VIEW.html">Mediendateien des Heimnetzes</target>
      <target FeatureID="-1" href="UPNP_HLP_REMOTE_DEVICES.html">Heimmedienordner</target>
      <target FeatureID="-1" href="UPNP_HLP_SEARCH.html">Suchergebnisse</target>
   </keywords>
   <keywords>
      <text FeatureID="-1">Eigenschaften freigeben</text>
      <target FeatureID="-1" href="UPNP_HLP_SHARING_PROP.html">Freigabe-Einstell.</target>
   </keywords>
</keywords>