<?xml version="1.0" encoding="UTF-8"?>
<keywords>
   <keywords>
      <text FeatureID="true_1637">επεξεργασία ρυθμίσεων παρουσίας</text>
      <target FeatureID="true_1637" href="PRE_HLP_EDIT_SET.html">Επεξεργασία ρυθμίσεων παρουσίας</target>
   </keywords>
   <keywords>
      <text FeatureID="true_1637">ρυθμίσεις παρουσίας</text>
      <target FeatureID="true_1637" href="PRE_HLP_LIST_VIEW.html">Ρυθμίσεις παρουσίας</target>
   </keywords>
</keywords>