<?xml version="1.0" encoding="UTF-8"?>
<keywords>
   <keywords>
      <text FeatureID="-1">nastavenia, kryt</text>
      <target FeatureID="-1" href="SET_HLP_SETTINGS_KEYPAD_COVER.html">Nastavenia krytu</target>
   </keywords>
   <keywords>
      <text FeatureID="-1">nastavenia krytu</text>
      <target FeatureID="-1" href="SET_HLP_SETTINGS_KEYPAD_COVER.html">Nastavenia krytu</target>
   </keywords>
   <keywords>
      <text FeatureID="-1">správa zariadenia</text>
      <target FeatureID="-1" href="CP_HLP_DEVICE_MANAGEMENT.html">Správa zariadenia</target>
   </keywords>
   <keywords>
      <text FeatureID="true_109">EAP (rozšíriteľný autentifikačný protokol)</text>
      <target FeatureID="true_109" href="SET_HLP_WLAN_EAP_SIM.html">Nastavenia EAP-SIM</target>
   </keywords>
   <keywords>
      <text FeatureID="true_109">nastavenia, WLAN</text>
      <target FeatureID="true_109" href="SET_HLP_WLAN_EAP_SIM.html">Nastavenia EAP-SIM</target>
   </keywords>
   <keywords>
      <text FeatureID="-1">obmedzenie miest prístupu</text>
      <target FeatureID="-1" href="ACL_HLP_MAIN.html">Obmedzenie spojení</target>
   </keywords>
   <keywords>
      <text FeatureID="-1">nastavenia spojenia</text>
      <target FeatureID="-1" href="SIP_HLP_PROF_PARAMS.html">Nastavenia profilu SIP</target>
      <target FeatureID="-1" href="SIP_HLP_MAIN.html">Profily SIP</target>
      <target FeatureID="-1" href="SET_HLP_CONN_DEST_VIEW.html">Zobrazenie cieľových lokalít</target>
      <target FeatureID="-1" href="SET_HLP_DEFAULT_CONN.html">Predvolené spojenie</target>
      <target FeatureID="-1" href="SET_HLP_CONN_METHODS_VIEW.html">Zobrazenie miest prístupu</target>
      <target FeatureID="true_1581" href="RD_HLP_REMOTE_DRIVE_CONFIG.html">Nastavenia vzdialenej jednotky</target>
      <target FeatureID="true_1581" href="RD_HLP_REMOTE_DRIVES.html">Vzdialené jednotky</target>
   </keywords>
   <keywords>
      <text FeatureID="-1">nastavenia SIP</text>
      <target FeatureID="-1" href="SIP_HLP_PROF_PARAMS.html">Nastavenia profilu SIP</target>
      <target FeatureID="-1" href="SIP_HLP_MAIN.html">Profily SIP</target>
      <target FeatureID="-1" href="SIP_HLP_PROXY_PARAMS.html">Nastavenia SIP proxy</target>
      <target FeatureID="-1" href="SIP_HLP_REGISTRAR_PARAM.html">Nastavenia registračného servera</target>
   </keywords>
   <keywords>
      <text FeatureID="-1">registračný server</text>
      <target FeatureID="-1" href="SIP_HLP_REGISTRAR_PARAM.html">Nastavenia registračného servera</target>
   </keywords>
   <keywords>
      <text FeatureID="-1">miesta prístupu</text>
      <target FeatureID="-1" href="HLP_OCC_CONN_SETTINGS.html">Sieťové pripojenia</target>
      <target FeatureID="-1" href="SET_HLP_CONN_METHODS_VIEW.html">Zobrazenie miest prístupu</target>
   </keywords>
   <keywords>
      <text FeatureID="-1">nastavenia, spojenie</text>
      <target FeatureID="-1" href="HLP_OCC_CONN_SETTINGS.html">Sieťové pripojenia</target>
   </keywords>
   <keywords>
      <text FeatureID="-1">nastavenia cieľovej lokality</text>
      <target FeatureID="-1" href="SET_HLP_CONN_DEST_VIEW.html">Zobrazenie cieľových lokalít</target>
   </keywords>
   <keywords>
      <text FeatureID="-1">predvolené spojenie</text>
      <target FeatureID="-1" href="SET_HLP_DEFAULT_CONN.html">Predvolené spojenie</target>
   </keywords>
   <keywords>
      <text FeatureID="-1">miesta prístupu VPN</text>
      <target FeatureID="true_99" href="SET_HLP_VPN_DEST_ASSOC_VIEW.html">Pripojenia k sieti VPN</target>
      <target FeatureID="-1" href="SET_HLP_VPN_AP_SETTINGS_VIEW.html">Úprava miest prístupu VPN</target>
   </keywords>
   <keywords>
      <text FeatureID="-1">pripojenie aplikácií</text>
      <target FeatureID="-1" href="SET_HLP_APP_DEST_ASSOC_VIEW.html">Pripojenie aplikácií</target>
   </keywords>
   <keywords>
      <text FeatureID="-1">nastavenia aplikácií</text>
      <target FeatureID="-1" href="CP_HLP_APPILICATION_SETTINGS.html">Nastavenia aplikácií</target>
   </keywords>
   <keywords>
      <text FeatureID="-1">hovory, nastavenia</text>
      <target FeatureID="-1" href="SCP_HLP_CALL.html">Nastavenia hovoru</target>
   </keywords>
   <keywords>
      <text FeatureID="-1">nastavenia, hovory</text>
      <target FeatureID="-1" href="SCP_HLP_CALL.html">Nastavenia hovoru</target>
   </keywords>
   <keywords>
      <text FeatureID="-1">pripojenie</text>
      <target FeatureID="-1" href="CP_HLP_CONNECTIVITY.html">Nastavenia pripojenia</target>
   </keywords>
   <keywords>
      <text FeatureID="-1">ovládací panel</text>
      <target FeatureID="-1" href="CP_HLP_DISPLAY.html">Nastavenia displeja</target>
      <target FeatureID="__DUAL_LANGUAGE_SUPPORT=true" href="CP_HLP_WRITING_LANGUAGE.html">Jazyk pri písaní</target>
   </keywords>
   <keywords>
      <text FeatureID="-1">nastavenia displeja</text>
      <target FeatureID="-1" href="CP_HLP_DISPLAY.html">Nastavenia displeja</target>
   </keywords>
   <keywords>
      <text FeatureID="-1">všeobecné nastavenia</text>
      <target FeatureID="-1" href="CP_HLP_DEVICE.html">Nastavenia zariadenia</target>
   </keywords>
   <keywords>
      <text FeatureID="-1">nastavenia zariadenia</text>
      <target FeatureID="-1" href="CP_HLP_DEVICE.html">Nastavenia zariadenia</target>
   </keywords>
   <keywords>
      <text FeatureID="-1">nastavenia jazyka</text>
      <target FeatureID="-1" href="CP_HLP_LANGUAGE.html">Nastavenia jazyka</target>
   </keywords>
   <keywords>
      <text FeatureID="-1">nastavenia</text>
      <target FeatureID="-1" href="CP_HLP_MAIN_VIEW.html">Nastavenia</target>
   </keywords>
   <keywords>
      <text FeatureID="-1">nastavenia siete</text>
      <target FeatureID="-1" href="CP_HLP_NETWORK.html">Nastavenia siete</target>
      <target FeatureID="-1" href="CP_HLP_NETWORK.html">Nastavenia siete</target>
   </keywords>
   <keywords>
      <text FeatureID="-1">profil</text>
      <target FeatureID="-1" href="CP_HLP_PERSONAL.html">Okno Osobné</target>
   </keywords>
   <keywords>
      <text FeatureID="-1">téma</text>
      <target FeatureID="-1" href="CP_HLP_PERSONAL.html">Okno Osobné</target>
   </keywords>
   <keywords>
      <text FeatureID="-1">pohotovostný režim</text>
      <target FeatureID="-1" href="CP_HLP_PERSONAL.html">Okno Osobné</target>
   </keywords>
   <keywords>
      <text FeatureID="-1">bezpečnosť, nastavenia</text>
      <target FeatureID="-1" href="CP_HLP_SECURITY.html">Ochranné nastavenia</target>
   </keywords>
   <keywords>
      <text FeatureID="-1">nastavenia, bezpečnosť</text>
      <target FeatureID="-1" href="CP_HLP_SECURITY.html">Ochranné nastavenia</target>
   </keywords>
   <keywords>
      <text FeatureID="-1">prístroj, blokovanie</text>
      <target FeatureID="-1" href="SET_HLP_SECURITY_DEVICE_SIM.html">Bezpečnosť zariadenia</target>
   </keywords>
   <keywords>
      <text FeatureID="-1">bezpečnosť</text>
      <target FeatureID="-1" href="SET_HLP_SECURITY_DEVICE_SIM.html">Bezpečnosť zariadenia</target>
   </keywords>
   <keywords>
      <text FeatureID="__DUAL_LANGUAGE_SUPPORT=true">jazyk pri písaní</text>
      <target FeatureID="__DUAL_LANGUAGE_SUPPORT=true" href="CP_HLP_WRITING_LANGUAGE.html">Jazyk pri písaní</target>
   </keywords>
   <keywords>
      <text FeatureID="-1">nastavenia doplnkov</text>
      <target FeatureID="-1" href="SET_HLP_ACCESSORIES_LIST.html">Nastavenia doplnkov</target>
      <target FeatureID="-1" href="SET_HLP_ACCESSORIES_HEADPHONE.html">Nastavenia slúchadiel</target>
      <target FeatureID="-1" href="SET_HLP_ACCESSORIES_HEADSET.html">Nastavenia headsetu</target>
      <target FeatureID="-1" href="SET_HLP_ACCESS_WIRED_CK.html">Nastavenia káblovej súpravy do auta</target>
      <target FeatureID="true_1032" href="SET_HLP_ACCESSORIES_TTY.html">Nastavenia textového telefónu</target>
      <target FeatureID="true_1540" href="SET_HLP_ACCESSORIES_TVOUT.html">Nastavenia televízneho výstupu</target>
   </keywords>
   <keywords>
      <text FeatureID="-1">miesto prístupu paketových dát</text>
      <target FeatureID="-1" href="SET_HLP_AP_SETTING_GPRS.html">Miesto prístupu paketových dát</target>
   </keywords>
   <keywords>
      <text FeatureID="-1">nastavenia paketových dát</text>
      <target FeatureID="-1" href="SET_HLP_AP_SETTING_GPRS_AS.html">Rozšírené nastavenia paketových dát</target>
   </keywords>
   <keywords>
      <text FeatureID="-1">miesta prístupu pre paketové dátové spojenie</text>
      <target FeatureID="-1" href="SET_HLP_AP_SETTING_GPRS_AS.html">Rozšírené nastavenia paketových dát</target>
   </keywords>
   <keywords>
      <text FeatureID="true_1088 true_110">miesta prístupu dátového prenosu</text>
      <target FeatureID="true_110" href="SET_HLP_AP_DATA_AS_IPV4.html">Nastavenia IPv4 pre dátové prenosy</target>
      <target FeatureID="true_1088" href="SET_HLP_AP_DATA_AS_IPV6.html">Nastavenia IPv6 pre dátové prenosy</target>
      <target FeatureID="true_110" href="SET_HLP_AP_SETTING_DATA_AS.html">Rozšírené nastavenia dátových prenosov</target>
   </keywords>
   <keywords>
      <text FeatureID="true_110">nastavenia miesta prístupu</text>
      <target FeatureID="true_110" href="SET_HLP_AP_SETTING_DATA.html">Miesto prístupu dátového prenosu</target>
      <target FeatureID="true_110" href="SET_HLP_AP_SETTING_DATA_AS.html">Rozšírené nastavenia dátových prenosov</target>
   </keywords>
   <keywords>
      <text FeatureID="true_110">nastavenia dátového prenosu</text>
      <target FeatureID="true_110" href="SET_HLP_AP_SETTING_DATA.html">Miesto prístupu dátového prenosu</target>
   </keywords>
   <keywords>
      <text FeatureID="-1">virtuálna privátna sieť</text>
      <target FeatureID="-1" href="SET_HLP_VPN_AP_SETTINGS_VIEW.html">Úprava miest prístupu VPN</target>
   </keywords>
   <keywords>
      <text FeatureID="-1">blokovanie tlačidiel</text>
      <target FeatureID="-1" href="CP_HLP_AUTOKEYGUARD.html">Automatické blokovanie tlačidiel</target>
   </keywords>
   <keywords>
      <text FeatureID="true_1581">vzdialené jednotky</text>
      <target FeatureID="true_1581" href="RD_HLP_REMOTE_DRIVE_CONFIG.html">Nastavenia vzdialenej jednotky</target>
      <target FeatureID="true_1581" href="RD_HLP_REMOTE_DRIVES.html">Vzdialené jednotky</target>
   </keywords>
   <keywords>
      <text FeatureID="-1">blokovanie hovoru</text>
      <target FeatureID="-1" href="SET_HLP_BARRING_SETTINGS.html">Blokovanie hovorov</target>
      <target FeatureID="true_298" href="DIV_HLP_BARRING_MAIN.html">Blokovanie hovorov</target>
   </keywords>
   <keywords>
      <text FeatureID="-1">blokovanie hovorov</text>
      <target FeatureID="-1" href="SET_HLP_BARRING_SETTINGS.html">Blokovanie hovorov</target>
      <target FeatureID="true_298" href="DIV_HLP_BARRING_MAIN.html">Blokovanie hovorov</target>
   </keywords>
   <keywords>
      <text FeatureID="-1">presmerovanie hovorov</text>
      <target FeatureID="true_89" href="DIV_HLP_CALL_FORW_VID.html">Presmerovanie videohovorov</target>
      <target FeatureID="-1" href="DIV_HLP_CALL_FORW_MAIN.html">Presmerovanie hovorov</target>
      <target FeatureID="-1" href="DIV_HLP_CALL_FORW_VOI.html">Presmerovanie hovorov</target>
   </keywords>
   <keywords>
      <text FeatureID="-1">poslanie hovorov ďalej</text>
      <target FeatureID="-1" href="DIV_HLP_CALL_FORW_MAIN.html">Presmerovanie hovorov</target>
   </keywords>
   <keywords>
      <text FeatureID="-1">nastavenia synchronizácie</text>
      <target FeatureID="-1" href="CP_HLP_SYNCHRONISATION.html">Synchronizačné nastavenia</target>
   </keywords>
   <keywords>
      <text FeatureID="-1">inštalácia aplikácií</text>
      <target FeatureID="-1" href="CP_HLP_INSTALLATIONS.html">Inštalácie</target>
   </keywords>
   <keywords>
      <text FeatureID="-1">nastavenia slúchadiel</text>
      <target FeatureID="-1" href="SET_HLP_ACCESSORIES_HEADPHONE.html">Nastavenia slúchadiel</target>
   </keywords>
   <keywords>
      <text FeatureID="-1">nastavenia headsetu</text>
      <target FeatureID="-1" href="SET_HLP_ACCESSORIES_HEADSET.html">Nastavenia headsetu</target>
   </keywords>
   <keywords>
      <text FeatureID="-1">nastavenia káblovej súpravy</text>
      <target FeatureID="-1" href="SET_HLP_ACCESS_WIRED_CK.html">Nastavenia káblovej súpravy do auta</target>
   </keywords>
   <keywords>
      <text FeatureID="-1">nastavenia súpravy do auta</text>
      <target FeatureID="-1" href="SET_HLP_ACCESS_WIRED_CK.html">Nastavenia káblovej súpravy do auta</target>
   </keywords>
   <keywords>
      <text FeatureID="-1">nastavenia hudobného stojana</text>
      <target FeatureID="-1" href="SET_HLP_ACCESSORIES_MUSIC_ST.html">Nastavenia hudobného stojana</target>
   </keywords>
   <keywords>
      <text FeatureID="true_1032">nastavenia TTY</text>
      <target FeatureID="true_1032" href="SET_HLP_ACCESSORIES_TTY.html">Nastavenia textového telefónu</target>
   </keywords>
   <keywords>
      <text FeatureID="true_1032">nastavenia TDD</text>
      <target FeatureID="true_1032" href="SET_HLP_ACCESSORIES_TTY.html">Nastavenia textového telefónu</target>
   </keywords>
   <keywords>
      <text FeatureID="true_1540">nastavenia televízneho výstupu</text>
      <target FeatureID="true_1540" href="SET_HLP_ACCESSORIES_TVOUT.html">Nastavenia televízneho výstupu</target>
   </keywords>
   <keywords>
      <text FeatureID="true_410">vkladanie textu</text>
      <target FeatureID="true_410" href="PREDINPUT_HLP_VIRTUAL_ITI_SETTINGS.html">Nastavenia zadávania textu</target>
   </keywords>
   <keywords>
      <text FeatureID="-1">inteligentné vkladanie textu</text>
      <target FeatureID="-1" href="PREDINPUT_HLP_VIRTUAL_ITI.html">Inteligentné vkladanie textu</target>
   </keywords>
   <keywords>
      <text FeatureID="-1">nastavenia, obnovenie</text>
      <target FeatureID="-1" href="SET_HLP_GENERAL_ORIG_SET.html">Obnovenie pôvodných nastavení</target>
   </keywords>
   <keywords>
      <text FeatureID="-1">obnovenie nastavení</text>
      <target FeatureID="-1" href="SET_HLP_GENERAL_ORIG_SET.html">Obnovenie pôvodných nastavení</target>
   </keywords>
   <keywords>
      <text FeatureID="-1">pôvodné nastavenia, obnovenie</text>
      <target FeatureID="-1" href="SET_HLP_GENERAL_ORIG_SET.html">Obnovenie pôvodných nastavení</target>
   </keywords>
</keywords>