<?xml version="1.0" encoding="UTF-8"?>
<keywords>
   <keywords>
      <text FeatureID="-1">cititor mesaje, limbă</text>
      <target FeatureID="-1" href="SPEECH_HLP_MAIN.html">Setări vorbire</target>
   </keywords>
   <keywords>
      <text FeatureID="-1">cititor de mesaje, voce</text>
      <target FeatureID="-1" href="SPEECH_HLP_MAIN.html">Setări vorbire</target>
   </keywords>
   <keywords>
      <text FeatureID="-1">cititor de mesaje, detalii voce</text>
      <target FeatureID="-1" href="SPEECH_HLP_VOICE.html">Detalii voce</target>
   </keywords>
   <keywords>
      <text FeatureID="-1">cititor de mesaje, setări</text>
      <target FeatureID="-1" href="SPEECH_HLP_MRSETTINGS.html">Setări cititor de mesaje</target>
   </keywords>
</keywords>