<?xml version="1.0" encoding="UTF-8"?>
<keywords>
   <keywords>
      <text FeatureID="-1">nagrywanie, dźwięki</text>
      <target FeatureID="-1" href="VOREC_HLP_EMPTY_RECORDER.html">Nagrywanie plików dźwiękowych</target>
   </keywords>
   <keywords>
      <text FeatureID="-1">dyktafon</text>
      <target FeatureID="-1" href="VOREC_HLP_MAIN.html">Używanie dyktafonu</target>
   </keywords>
   <keywords>
      <text FeatureID="-1">nagrywanie plików dźwiękowych</text>
      <target FeatureID="-1" href="VOREC_HLP_MAIN.html">Używanie dyktafonu</target>
   </keywords>
   <keywords>
      <text FeatureID="-1">dyktafon, ustawienia</text>
      <target FeatureID="-1" href="VOREC_HLP_SETTINGS.html">Ustawienia dyktafonu</target>
   </keywords>
</keywords>