<?xml version="1.0" encoding="UTF-8"?>
<keywords>
   <keywords>
      <text FeatureID="-1">sérstillingar sniða</text>
      <target FeatureID="-1" href="MODE_HLP_PERSONALISE.html">Sérstillingar sniða</target>
   </keywords>
   <keywords>
      <text FeatureID="-1">tónastillingar</text>
      <target FeatureID="-1" href="SET_HLP_PERSONAL_TONES.html">Tónastillingar</target>
   </keywords>
   <keywords>
      <text FeatureID="-1">hringitónar</text>
      <target FeatureID="-1" href="SET_HLP_PERSONAL_TONES.html">Tónastillingar</target>
   </keywords>
   <keywords>
      <text FeatureID="-1">snið</text>
      <target FeatureID="-1" href="MODE_HLP_PROFILES_LIST.html">Snið</target>
   </keywords>
   <keywords>
      <text FeatureID="-1">skipt um snið</text>
      <target FeatureID="-1" href="MODE_HLP_PROFILES_LIST.html">Snið</target>
   </keywords>
</keywords>