<?xml version="1.0" encoding="UTF-8"?>
<keywords>
   <keywords>
      <text FeatureID="-1">מילון</text>
      <target FeatureID="-1" href="DICTIONARY_HLP_MAIN_TAB1.html">מילון</target>
   </keywords>
   <keywords>
      <text FeatureID="-1">תרגום</text>
      <target FeatureID="-1" href="DICTIONARY_HLP_MAIN_TAB1.html">מילון</target>
   </keywords>
   <keywords>
      <text FeatureID="-1">מילון, תרגום</text>
      <target FeatureID="-1" href="DICTIONARY_HLP_RESULTS.html">תוצאות התרגום</target>
   </keywords>
</keywords>