<?xml version="1.0" encoding="UTF-8"?>
<keywords>
   <keywords>
      <text FeatureID="-1">tipus de canvi</text>
      <target FeatureID="-1" href="CNV_HLP_RATES.html">Configuració de moneda</target>
   </keywords>
   <keywords>
      <text FeatureID="-1">moneda base</text>
      <target FeatureID="-1" href="CNV_HLP_RATES.html">Configuració de moneda</target>
   </keywords>
   <keywords>
      <text FeatureID="-1">conversió de moneda</text>
      <target FeatureID="-1" href="CNV_HLP_RATES.html">Configuració de moneda</target>
      <target FeatureID="-1" href="CNV_HLP_MAIN_STATE.html">Convertiu unitats</target>
   </keywords>
   <keywords>
      <text FeatureID="-1">convertidor</text>
      <target FeatureID="-1" href="CNV_HLP_MAIN_STATE.html">Convertiu unitats</target>
   </keywords>
</keywords>