<?xml version="1.0" encoding="UTF-8"?><?xml-stylesheet  href="../../theme/xsl/index2html.xslt" type="text/xsl"?>
<topics FeatureID="-1" title="เว็บ" compressed="true">
   <topicref FeatureID="-1" href="OSS_HLP_BM_ADDBM.html" navtitle="การเพิ่มบุ๊คมาร์ค"/>
   <topicref FeatureID="true_167" href="OSS_HLP_RSS_ADD.html" navtitle="เพิ่มลิงค์ข่าวทางเว็บ"/>
   <topicref FeatureID="-1" href="OSS_HLP_PAGEVIEW.html" navtitle="การเรียกดูเว็บ"/>
   <topicref FeatureID="-1" href="OSS_HLP_BM_MAIN.html" navtitle="การเรียกดูบุ๊คมาร์ค"/>
   <topicref FeatureID="true_167" href="OSS_HLP_RSS_EDIT.html" navtitle="แก้ไขลิงค์ข่าวทางเว็บ"/>
   <topicref FeatureID="-1" href="OSS_HLP_SETTINGS_GENERAL.html" navtitle="การตั้งค่าทั่วไป"/>
   <topicref FeatureID="-1" href="OSS_HLP_SETTINGS_PAGE.html" navtitle="การตั้งค่าเพจ"/>
   <topicref FeatureID="-1" href="OSS_HLP_SETTINGS_PRIVACY.html" navtitle="การตั้งค่าความเป็นส่วนตัว"/>
   <topicref FeatureID="true_167" href="OSS_HLP_RSS_ARTICLE.html" navtitle="บทความในลิงค์ข่าวทางเว็บ"/>
   <topicref FeatureID="true_167" href="OSS_HLP_SETTINGS_RSS.html" navtitle="การตั้งค่าลิงค์ข่าวทางเว็บ"/>
   <topicref FeatureID="true_167" href="OSS_HLP_RSS_ARTICLELST.html" navtitle="ลิงค์ข่าวทางเว็บ"/>
   <topicref FeatureID="-1" href="OSS_HLP_PAGEVIEW_EMBED.html" navtitle="เว็บในแอปพลิเคชั่น"/>
   <topicref FeatureID="-1" href="OSS_HLP_SETTINGS_FOLDERS.html" navtitle="การตั้งค่าเว็บ"/>
   <topicref FeatureID="true_167" href="OSS_HLP_RSS_MAIN.html" navtitle="ลิงค์ข่าวทางเว็บและบล็อก"/>
   <topicref FeatureID="false_410" href="OSS_HLP_SHORTCUTS.html" navtitle="ปุ่มลัดแถบเครื่องมือ"/>
</topics>