<?xml version="1.0" encoding="UTF-8"?>
<keywords>
   <keywords>
      <text FeatureID="-1">บุ๊คมาร์ค</text>
      <target FeatureID="-1" href="OSS_HLP_BM_ADDBM.html">การเพิ่มบุ๊คมาร์ค</target>
      <target FeatureID="-1" href="OSS_HLP_BM_MAIN.html">การเรียกดูบุ๊คมาร์ค</target>
      <target FeatureID="-1" href="OSS_HLP_BM_EDIT.html">การแก้ไขบุ๊คมาร์ค</target>
   </keywords>
   <keywords>
      <text FeatureID="-1">เบราเซอร์บุ๊คมาร์ค</text>
      <target FeatureID="-1" href="OSS_HLP_BM_ADDBM.html">การเพิ่มบุ๊คมาร์ค</target>
      <target FeatureID="-1" href="OSS_HLP_BM_EDIT.html">การแก้ไขบุ๊คมาร์ค</target>
   </keywords>
   <keywords>
      <text FeatureID="-1">เว็บ</text>
      <target FeatureID="-1" href="OSS_HLP_BM_ADDBM.html">การเพิ่มบุ๊คมาร์ค</target>
      <target FeatureID="true_167" href="OSS_HLP_RSS_ADD.html">เพิ่มลิงค์ข่าวทางเว็บ</target>
      <target FeatureID="-1" href="OSS_HLP_PAGEVIEW.html">การเรียกดูเว็บ</target>
      <target FeatureID="-1" href="OSS_HLP_BM_EDIT.html">การแก้ไขบุ๊คมาร์ค</target>
      <target FeatureID="true_167" href="OSS_HLP_RSS_EDIT.html">แก้ไขลิงค์ข่าวทางเว็บ</target>
      <target FeatureID="true_167" href="OSS_HLP_RSS_ARTICLE.html">บทความในลิงค์ข่าวทางเว็บ</target>
      <target FeatureID="true_167" href="OSS_HLP_RSS_ARTICLELST.html">ลิงค์ข่าวทางเว็บ</target>
      <target FeatureID="true_167" href="OSS_HLP_RSS_MAIN.html">ลิงค์ข่าวทางเว็บและบล็อก</target>
   </keywords>
   <keywords>
      <text FeatureID="true_167">ลิงค์ข่าว</text>
      <target FeatureID="true_167" href="OSS_HLP_RSS_ADD.html">เพิ่มลิงค์ข่าวทางเว็บ</target>
      <target FeatureID="true_167" href="OSS_HLP_RSS_EDIT.html">แก้ไขลิงค์ข่าวทางเว็บ</target>
      <target FeatureID="true_167" href="OSS_HLP_RSS_ARTICLE.html">บทความในลิงค์ข่าวทางเว็บ</target>
      <target FeatureID="true_167" href="OSS_HLP_RSS_ARTICLELST.html">ลิงค์ข่าวทางเว็บ</target>
      <target FeatureID="true_167" href="OSS_HLP_RSS_MAIN.html">ลิงค์ข่าวทางเว็บและบล็อก</target>
   </keywords>
   <keywords>
      <text FeatureID="true_167">ลิงค์ข่าว RSS</text>
      <target FeatureID="true_167" href="OSS_HLP_RSS_ADD.html">เพิ่มลิงค์ข่าวทางเว็บ</target>
      <target FeatureID="true_167" href="OSS_HLP_RSS_EDIT.html">แก้ไขลิงค์ข่าวทางเว็บ</target>
      <target FeatureID="true_167" href="OSS_HLP_RSS_ARTICLE.html">บทความในลิงค์ข่าวทางเว็บ</target>
      <target FeatureID="true_167" href="OSS_HLP_RSS_ARTICLELST.html">ลิงค์ข่าวทางเว็บ</target>
      <target FeatureID="true_167" href="OSS_HLP_RSS_MAIN.html">ลิงค์ข่าวทางเว็บและบล็อก</target>
   </keywords>
   <keywords>
      <text FeatureID="true_167">ข่าวและบล็อก</text>
      <target FeatureID="true_167" href="OSS_HLP_RSS_ADD.html">เพิ่มลิงค์ข่าวทางเว็บ</target>
      <target FeatureID="true_167" href="OSS_HLP_RSS_EDIT.html">แก้ไขลิงค์ข่าวทางเว็บ</target>
      <target FeatureID="true_167" href="OSS_HLP_RSS_ARTICLE.html">บทความในลิงค์ข่าวทางเว็บ</target>
      <target FeatureID="true_167" href="OSS_HLP_RSS_ARTICLELST.html">ลิงค์ข่าวทางเว็บ</target>
      <target FeatureID="true_167" href="OSS_HLP_RSS_MAIN.html">ลิงค์ข่าวทางเว็บและบล็อก</target>
   </keywords>
   <keywords>
      <text FeatureID="true_167">บล็อก</text>
      <target FeatureID="true_167" href="OSS_HLP_RSS_ADD.html">เพิ่มลิงค์ข่าวทางเว็บ</target>
      <target FeatureID="true_167" href="OSS_HLP_RSS_EDIT.html">แก้ไขลิงค์ข่าวทางเว็บ</target>
      <target FeatureID="true_167" href="OSS_HLP_RSS_ARTICLE.html">บทความในลิงค์ข่าวทางเว็บ</target>
      <target FeatureID="true_167" href="OSS_HLP_RSS_ARTICLELST.html">ลิงค์ข่าวทางเว็บ</target>
      <target FeatureID="true_167" href="OSS_HLP_RSS_MAIN.html">ลิงค์ข่าวทางเว็บและบล็อก</target>
   </keywords>
   <keywords>
      <text FeatureID="-1">การเรียกดูเพจ</text>
      <target FeatureID="-1" href="OSS_HLP_PAGEVIEW.html">การเรียกดูเว็บ</target>
   </keywords>
   <keywords>
      <text FeatureID="-1">เบราเซอร์</text>
      <target FeatureID="-1" href="OSS_HLP_BM_MAIN.html">การเรียกดูบุ๊คมาร์ค</target>
   </keywords>
   <keywords>
      <text FeatureID="-1">การตั้งค่าเบราเซอร์</text>
      <target FeatureID="-1" href="OSS_HLP_SETTINGS_GENERAL.html">การตั้งค่าทั่วไป</target>
      <target FeatureID="-1" href="OSS_HLP_SETTINGS_PAGE.html">การตั้งค่าเพจ</target>
      <target FeatureID="-1" href="OSS_HLP_SETTINGS_PRIVACY.html">การตั้งค่าความเป็นส่วนตัว</target>
      <target FeatureID="true_167" href="OSS_HLP_SETTINGS_RSS.html">การตั้งค่าลิงค์ข่าวทางเว็บ</target>
      <target FeatureID="-1" href="OSS_HLP_SETTINGS_FOLDERS.html">การตั้งค่าเว็บ</target>
      <target FeatureID="false_410" href="OSS_HLP_SHORTCUTS.html">ปุ่มลัดแถบเครื่องมือ</target>
      <target FeatureID="false_410" href="OSS_HLP_KEYPAD.html">ทางลัดปุ่มกด</target>
   </keywords>
   <keywords>
      <text FeatureID="-1">การตั้งค่าเว็บ</text>
      <target FeatureID="-1" href="OSS_HLP_SETTINGS_GENERAL.html">การตั้งค่าทั่วไป</target>
      <target FeatureID="-1" href="OSS_HLP_SETTINGS_PAGE.html">การตั้งค่าเพจ</target>
      <target FeatureID="-1" href="OSS_HLP_SETTINGS_PRIVACY.html">การตั้งค่าความเป็นส่วนตัว</target>
      <target FeatureID="true_167" href="OSS_HLP_SETTINGS_RSS.html">การตั้งค่าลิงค์ข่าวทางเว็บ</target>
      <target FeatureID="-1" href="OSS_HLP_SETTINGS_FOLDERS.html">การตั้งค่าเว็บ</target>
      <target FeatureID="false_410" href="OSS_HLP_SHORTCUTS.html">ปุ่มลัดแถบเครื่องมือ</target>
      <target FeatureID="false_410" href="OSS_HLP_KEYPAD.html">ทางลัดปุ่มกด</target>
   </keywords>
   <keywords>
      <text FeatureID="-1">การตั้งค่าสำหรับเว็บ</text>
      <target FeatureID="-1" href="OSS_HLP_SETTINGS_PAGE.html">การตั้งค่าเพจ</target>
      <target FeatureID="true_167" href="OSS_HLP_SETTINGS_RSS.html">การตั้งค่าลิงค์ข่าวทางเว็บ</target>
      <target FeatureID="-1" href="OSS_HLP_SETTINGS_FOLDERS.html">การตั้งค่าเว็บ</target>
   </keywords>
   <keywords>
      <text FeatureID="-1">การตั้งค่าความเป็นส่วนตัว</text>
      <target FeatureID="-1" href="OSS_HLP_SETTINGS_PRIVACY.html">การตั้งค่าความเป็นส่วนตัว</target>
   </keywords>
   <keywords>
      <text FeatureID="-1">การเปิดเพจที่ระบุ</text>
      <target FeatureID="-1" href="OSS_HLP_PAGEVIEW_EMBED.html">เว็บในแอปพลิเคชั่น</target>
   </keywords>
   <keywords>
      <text FeatureID="-1">เว็บในแอปพลิเคชั่น</text>
      <target FeatureID="-1" href="OSS_HLP_PAGEVIEW_EMBED.html">เว็บในแอปพลิเคชั่น</target>
   </keywords>
</keywords>