<?xml version="1.0" encoding="UTF-8"?>
<keywords>
   <keywords>
      <text FeatureID="-1">innhold som skal deles</text>
      <target FeatureID="-1" href="UPNP_HLP_SHARE_CONTENT.html">Velge innhold som skal deles</target>
   </keywords>
   <keywords>
      <text FeatureID="-1">hjemmemedia</text>
      <target FeatureID="-1" href="UPNP_HLP_SHARE_CONTENT.html">Velge innhold som skal deles</target>
      <target FeatureID="-1" href="UPNP_HLP_SHARING_PROP.html">Innstillinger for deling</target>
      <target FeatureID="-1" href="UPNP_HLP_MAIN_VIEW.html">Hjemme­medier</target>
      <target FeatureID="-1" href="UPNP_HLP_MAIN_EXTERNAL.html">Hjemmemedia-enheter</target>
      <target FeatureID="-1" href="UPNP_HLP_CONTENT_VIEW.html">Hjemmemedia-filer</target>
      <target FeatureID="-1" href="UPNP_HLP_REMOTE_DEVICES.html">Hjemmemedia-mapper</target>
      <target FeatureID="-1" href="UPNP_HLP_SEARCH.html">Søkeresultater</target>
   </keywords>
   <keywords>
      <text FeatureID="-1">dele bilder og videoer</text>
      <target FeatureID="-1" href="UPNP_HLP_SHARE_CONTENT.html">Velge innhold som skal deles</target>
   </keywords>
   <keywords>
      <text FeatureID="-1">dele mediefiler</text>
      <target FeatureID="-1" href="UPNP_HLP_SHARING_PROP.html">Innstillinger for deling</target>
      <target FeatureID="-1" href="UPNP_HLP_MAIN_VIEW.html">Hjemme­medier</target>
      <target FeatureID="-1" href="UPNP_HLP_MAIN_EXTERNAL.html">Hjemmemedia-enheter</target>
      <target FeatureID="-1" href="UPNP_HLP_CONTENT_VIEW.html">Hjemmemedia-filer</target>
      <target FeatureID="-1" href="UPNP_HLP_REMOTE_DEVICES.html">Hjemmemedia-mapper</target>
      <target FeatureID="-1" href="UPNP_HLP_SEARCH.html">Søkeresultater</target>
   </keywords>
   <keywords>
      <text FeatureID="-1">vise filer på eksterne enheter</text>
      <target FeatureID="-1" href="UPNP_HLP_SHARING_PROP.html">Innstillinger for deling</target>
      <target FeatureID="-1" href="UPNP_HLP_MAIN_VIEW.html">Hjemme­medier</target>
      <target FeatureID="-1" href="UPNP_HLP_MAIN_EXTERNAL.html">Hjemmemedia-enheter</target>
      <target FeatureID="-1" href="UPNP_HLP_CONTENT_VIEW.html">Hjemmemedia-filer</target>
      <target FeatureID="-1" href="UPNP_HLP_REMOTE_DEVICES.html">Hjemmemedia-mapper</target>
      <target FeatureID="-1" href="UPNP_HLP_SEARCH.html">Søkeresultater</target>
   </keywords>
   <keywords>
      <text FeatureID="-1">egenskaper for deling</text>
      <target FeatureID="-1" href="UPNP_HLP_SHARING_PROP.html">Innstillinger for deling</target>
   </keywords>
</keywords>