<?xml version="1.0" encoding="UTF-8"?>
<keywords>
   <keywords>
      <text FeatureID="-1">پیغامات آگے ارسال کرنا</text>
      <target FeatureID="-1" href="MMS_HLP_MMS_FWD_REQUEST.html">ملٹی میڈیا آگے ارسال کریں پیغامات</target>
   </keywords>
   <keywords>
      <text FeatureID="-1">پيغامات</text>
      <target FeatureID="-1" href="MMS_HLP_MMS_FWD_REQUEST_SEND.html">آگے ارسال کرنے کی درخواست ارسال شدہ آئٹموں میں</target>
   </keywords>
   <keywords>
      <text FeatureID="-1">ملٹی میڈيا اطلاعات</text>
      <target FeatureID="-1" href="MMS_HLP_NOTIFICATION_VIEWER.html">اطلاعات</target>
   </keywords>
   <keywords>
      <text FeatureID="-1">ميڈيا کے اشياء</text>
      <target FeatureID="-1" href="MMS_HLP_OBJECTS_VIEW_VIEWER.html">ميڈيا اشياء</target>
      <target FeatureID="-1" href="MMS_HLP_OBJECTS_VIEW_VIEWER.html">ميڈيا اشياء</target>
   </keywords>
   <keywords>
      <text FeatureID="-1">ملٹی میڈیا پیغامات</text>
      <target FeatureID="-1" href="MMS_HLP_MMS_VIEWER.html">ملٹی میڈیا پیغامات دیکھیں</target>
   </keywords>
   <keywords>
      <text FeatureID="-1">MMS</text>
      <target FeatureID="-1" href="MMS_HLP_MMS_VIEWER.html">ملٹی میڈیا پیغامات دیکھیں</target>
   </keywords>
</keywords>