<?xml version="1.0" encoding="UTF-8"?>
<keywords>
   <keywords>
      <text FeatureID="-1">Einstellungen, Schieber</text>
      <target FeatureID="-1" href="SET_HLP_SETTINGS_KEYPAD_COVER.html">Einstellungen für Mechan. Funkt. </target>
   </keywords>
   <keywords>
      <text FeatureID="-1">Schiebereinstellungen</text>
      <target FeatureID="-1" href="SET_HLP_SETTINGS_KEYPAD_COVER.html">Einstellungen für Mechan. Funkt. </target>
   </keywords>
   <keywords>
      <text FeatureID="-1">Geräteverwaltung</text>
      <target FeatureID="-1" href="CP_HLP_DEVICE_MANAGEMENT.html">Geräteverwaltung</target>
   </keywords>
   <keywords>
      <text FeatureID="true_109">EAP (Extensible Authentication Protocol, Erweiterungsfähiges Authentifizierungsprotokoll)</text>
      <target FeatureID="true_109" href="SET_HLP_WLAN_EAP_SIM.html">EAP-SIM-Einstellungen</target>
   </keywords>
   <keywords>
      <text FeatureID="true_109">Einstellungen, WLAN</text>
      <target FeatureID="true_109" href="SET_HLP_WLAN_EAP_SIM.html">EAP-SIM-Einstellungen</target>
   </keywords>
   <keywords>
      <text FeatureID="-1">Zugangspunkte beschränken</text>
      <target FeatureID="-1" href="ACL_HLP_MAIN.html">Verbindungen beschränken</target>
   </keywords>
   <keywords>
      <text FeatureID="-1">Verbindungseinstellungen</text>
      <target FeatureID="-1" href="SIP_HLP_PROF_PARAMS.html">SIP-Profileinstellungen</target>
      <target FeatureID="-1" href="SIP_HLP_MAIN.html">SIP-Profile</target>
      <target FeatureID="-1" href="SET_HLP_CONN_DEST_VIEW.html">Zielansicht</target>
      <target FeatureID="-1" href="SET_HLP_DEFAULT_CONN.html">Standardverbindung</target>
      <target FeatureID="-1" href="SET_HLP_CONN_METHODS_VIEW.html">Zugangspunktansicht</target>
      <target FeatureID="true_1581" href="RD_HLP_REMOTE_DRIVE_CONFIG.html">Einstellungen für externe Laufwerke</target>
      <target FeatureID="true_1581" href="RD_HLP_REMOTE_DRIVES.html">Externe Laufwerke</target>
   </keywords>
   <keywords>
      <text FeatureID="-1">SIP-Einstellungen</text>
      <target FeatureID="-1" href="SIP_HLP_PROF_PARAMS.html">SIP-Profileinstellungen</target>
      <target FeatureID="-1" href="SIP_HLP_MAIN.html">SIP-Profile</target>
      <target FeatureID="-1" href="SIP_HLP_PROXY_PARAMS.html">SIP-Proxyeinstellungen</target>
      <target FeatureID="-1" href="SIP_HLP_REGISTRAR_PARAM.html">Anmeldeservereinstellungen</target>
   </keywords>
   <keywords>
      <text FeatureID="-1">Anmeldeserver</text>
      <target FeatureID="-1" href="SIP_HLP_REGISTRAR_PARAM.html">Anmeldeservereinstellungen</target>
   </keywords>
   <keywords>
      <text FeatureID="-1">Zugangspunkte</text>
      <target FeatureID="-1" href="HLP_OCC_CONN_SETTINGS.html">Netzverbindungen</target>
      <target FeatureID="-1" href="SET_HLP_CONN_METHODS_VIEW.html">Zugangspunktansicht</target>
   </keywords>
   <keywords>
      <text FeatureID="-1">Einstellungen, Verbindung</text>
      <target FeatureID="-1" href="HLP_OCC_CONN_SETTINGS.html">Netzverbindungen</target>
   </keywords>
   <keywords>
      <text FeatureID="-1">Zieleinstellungen</text>
      <target FeatureID="-1" href="SET_HLP_CONN_DEST_VIEW.html">Zielansicht</target>
   </keywords>
   <keywords>
      <text FeatureID="-1">Standardverbindung</text>
      <target FeatureID="-1" href="SET_HLP_DEFAULT_CONN.html">Standardverbindung</target>
   </keywords>
   <keywords>
      <text FeatureID="-1">VPN-Zugangspunkte</text>
      <target FeatureID="true_99" href="SET_HLP_VPN_DEST_ASSOC_VIEW.html">VPN-Verbindungen</target>
      <target FeatureID="-1" href="SET_HLP_VPN_AP_SETTINGS_VIEW.html">VPN-Zug.­pkt. bearb.</target>
   </keywords>
   <keywords>
      <text FeatureID="-1">Programmverbindungen</text>
      <target FeatureID="-1" href="SET_HLP_APP_DEST_ASSOC_VIEW.html">Programmverbindungen</target>
   </keywords>
   <keywords>
      <text FeatureID="-1">Programmeinstellungen</text>
      <target FeatureID="-1" href="CP_HLP_APPILICATION_SETTINGS.html">Programmeinstellungen</target>
   </keywords>
   <keywords>
      <text FeatureID="-1">Anrufe, Einstellungen</text>
      <target FeatureID="-1" href="SCP_HLP_CALL.html">Anrufeinstellungen</target>
   </keywords>
   <keywords>
      <text FeatureID="-1">Einstellungen, Anrufe</text>
      <target FeatureID="-1" href="SCP_HLP_CALL.html">Anrufeinstellungen</target>
   </keywords>
   <keywords>
      <text FeatureID="-1">Verbindungen</text>
      <target FeatureID="-1" href="CP_HLP_CONNECTIVITY.html">Verbindungseinstellungen</target>
   </keywords>
   <keywords>
      <text FeatureID="-1">Systemsteuerung</text>
      <target FeatureID="-1" href="CP_HLP_DISPLAY.html">Displayeinstellungen</target>
      <target FeatureID="__DUAL_LANGUAGE_SUPPORT=true" href="CP_HLP_WRITING_LANGUAGE.html">Eingabesprache</target>
   </keywords>
   <keywords>
      <text FeatureID="-1">Displayeinstellungen</text>
      <target FeatureID="-1" href="CP_HLP_DISPLAY.html">Displayeinstellungen</target>
   </keywords>
   <keywords>
      <text FeatureID="-1">allgemeine Einstellungen</text>
      <target FeatureID="-1" href="CP_HLP_DEVICE.html">Geräteeinstellungen</target>
   </keywords>
   <keywords>
      <text FeatureID="-1">Geräteeinstellungen</text>
      <target FeatureID="-1" href="CP_HLP_DEVICE.html">Geräteeinstellungen</target>
   </keywords>
   <keywords>
      <text FeatureID="-1">Spracheinstellungen</text>
      <target FeatureID="-1" href="CP_HLP_LANGUAGE.html">Spracheinstellungen</target>
   </keywords>
   <keywords>
      <text FeatureID="-1">Einstellungen</text>
      <target FeatureID="-1" href="CP_HLP_MAIN_VIEW.html">Einstellungen</target>
   </keywords>
   <keywords>
      <text FeatureID="-1">Netzeinstellungen</text>
      <target FeatureID="-1" href="CP_HLP_NETWORK.html">Netzeinstellungen</target>
      <target FeatureID="-1" href="CP_HLP_NETWORK.html">Netzeinstellungen</target>
   </keywords>
   <keywords>
      <text FeatureID="-1">Profil</text>
      <target FeatureID="-1" href="CP_HLP_PERSONAL.html">Persönliche Ansicht</target>
   </keywords>
   <keywords>
      <text FeatureID="-1">Thema</text>
      <target FeatureID="-1" href="CP_HLP_PERSONAL.html">Persönliche Ansicht</target>
   </keywords>
   <keywords>
      <text FeatureID="-1">Ausgangsanzeige</text>
      <target FeatureID="-1" href="CP_HLP_PERSONAL.html">Persönliche Ansicht</target>
   </keywords>
   <keywords>
      <text FeatureID="-1">Sicherheit, Einstellungen</text>
      <target FeatureID="-1" href="CP_HLP_SECURITY.html">Sicherheitseinstellungen</target>
   </keywords>
   <keywords>
      <text FeatureID="-1">Einstellungen, Sicherheit</text>
      <target FeatureID="-1" href="CP_HLP_SECURITY.html">Sicherheitseinstellungen</target>
   </keywords>
   <keywords>
      <text FeatureID="-1">Gerät, Sperren</text>
      <target FeatureID="-1" href="SET_HLP_SECURITY_DEVICE_SIM.html">Gerätesicherheit</target>
   </keywords>
   <keywords>
      <text FeatureID="-1">Sicherheit</text>
      <target FeatureID="-1" href="SET_HLP_SECURITY_DEVICE_SIM.html">Gerätesicherheit</target>
   </keywords>
   <keywords>
      <text FeatureID="__DUAL_LANGUAGE_SUPPORT=true">Eingabesprache</text>
      <target FeatureID="__DUAL_LANGUAGE_SUPPORT=true" href="CP_HLP_WRITING_LANGUAGE.html">Eingabesprache</target>
   </keywords>
   <keywords>
      <text FeatureID="-1">Zubehöreinstellungen</text>
      <target FeatureID="-1" href="SET_HLP_ACCESSORIES_LIST.html">Zubehöreinstellungen</target>
      <target FeatureID="-1" href="SET_HLP_ACCESSORIES_HEADPHONE.html">Kopfhörereinstellungen</target>
      <target FeatureID="-1" href="SET_HLP_ACCESSORIES_HEADSET.html">Headset-Einstellungen</target>
      <target FeatureID="-1" href="SET_HLP_ACCESS_WIRED_CK.html">KFZ-Zubehöreinstellungen</target>
      <target FeatureID="true_1032" href="SET_HLP_ACCESSORIES_TTY.html">Texttelefoneinstellungen</target>
      <target FeatureID="true_1540" href="SET_HLP_ACCESSORIES_TVOUT.html">TV-Ausgangseinstellungen</target>
   </keywords>
   <keywords>
      <text FeatureID="-1">Paketdaten-Zugangspunkt</text>
      <target FeatureID="-1" href="SET_HLP_AP_SETTING_GPRS.html">Paketdaten-Zugangspunkt</target>
      <target FeatureID="-1" href="SET_HLP_AP_SETTING_GPRS_AS.html">Erweiterte Paketdateneinstellungen</target>
   </keywords>
   <keywords>
      <text FeatureID="-1">Paketdateneinstellungen</text>
      <target FeatureID="-1" href="SET_HLP_AP_SETTING_GPRS_AS.html">Erweiterte Paketdateneinstellungen</target>
   </keywords>
   <keywords>
      <text FeatureID="true_1088 true_110">Zugangspunkte für Datenanrufe</text>
      <target FeatureID="true_110" href="SET_HLP_AP_DATA_AS_IPV4.html">IPv4-Einstellungen für Datenanrufe</target>
      <target FeatureID="true_1088" href="SET_HLP_AP_DATA_AS_IPV6.html">IPv6-Einstellungen für Datenanrufe</target>
      <target FeatureID="true_110" href="SET_HLP_AP_SETTING_DATA_AS.html">Erweiterte Einstellungen für Datenanrufe</target>
   </keywords>
   <keywords>
      <text FeatureID="true_110">Zugangspunkteinstellungen</text>
      <target FeatureID="true_110" href="SET_HLP_AP_SETTING_DATA.html">Zugangspunkt für Datenanrufe</target>
      <target FeatureID="true_110" href="SET_HLP_AP_SETTING_DATA_AS.html">Erweiterte Einstellungen für Datenanrufe</target>
   </keywords>
   <keywords>
      <text FeatureID="true_110">Einstellungen für Datenanrufe</text>
      <target FeatureID="true_110" href="SET_HLP_AP_SETTING_DATA.html">Zugangspunkt für Datenanrufe</target>
   </keywords>
   <keywords>
      <text FeatureID="-1">Virtual Private Network</text>
      <target FeatureID="-1" href="SET_HLP_VPN_AP_SETTINGS_VIEW.html">VPN-Zug.­pkt. bearb.</target>
   </keywords>
   <keywords>
      <text FeatureID="-1">Tastensperre</text>
      <target FeatureID="-1" href="CP_HLP_AUTOKEYGUARD.html">Automatische Tastensperre</target>
   </keywords>
   <keywords>
      <text FeatureID="true_1581">externe Laufwerke</text>
      <target FeatureID="true_1581" href="RD_HLP_REMOTE_DRIVE_CONFIG.html">Einstellungen für externe Laufwerke</target>
      <target FeatureID="true_1581" href="RD_HLP_REMOTE_DRIVES.html">Externe Laufwerke</target>
   </keywords>
   <keywords>
      <text FeatureID="-1">Anrufsperre</text>
      <target FeatureID="-1" href="SET_HLP_BARRING_SETTINGS.html">Sprachanrufe sperren</target>
      <target FeatureID="true_298" href="DIV_HLP_BARRING_MAIN.html">Anrufe sperren</target>
   </keywords>
   <keywords>
      <text FeatureID="-1">Anrufe sperren</text>
      <target FeatureID="-1" href="SET_HLP_BARRING_SETTINGS.html">Sprachanrufe sperren</target>
      <target FeatureID="true_298" href="DIV_HLP_BARRING_MAIN.html">Anrufe sperren</target>
   </keywords>
   <keywords>
      <text FeatureID="-1">Anrufe umleiten</text>
      <target FeatureID="true_89" href="DIV_HLP_CALL_FORW_VID.html">Umleiten von Videoanrufen</target>
      <target FeatureID="-1" href="DIV_HLP_CALL_FORW_MAIN.html">Anrufumleitung</target>
      <target FeatureID="-1" href="DIV_HLP_CALL_FORW_VOI.html">Sprachanrufe umleiten</target>
   </keywords>
   <keywords>
      <text FeatureID="-1">Anrufe weiterleiten</text>
      <target FeatureID="-1" href="DIV_HLP_CALL_FORW_MAIN.html">Anrufumleitung</target>
   </keywords>
   <keywords>
      <text FeatureID="-1">Synchronisationseinstellungen</text>
      <target FeatureID="-1" href="CP_HLP_SYNCHRONISATION.html">Synchronisationseinstellungen</target>
   </keywords>
   <keywords>
      <text FeatureID="-1">nicht installierte Programme</text>
      <target FeatureID="-1" href="CP_HLP_INSTALLATIONS.html">Installationen</target>
   </keywords>
   <keywords>
      <text FeatureID="-1">Kopfhörereinstellungen</text>
      <target FeatureID="-1" href="SET_HLP_ACCESSORIES_HEADPHONE.html">Kopfhörereinstellungen</target>
   </keywords>
   <keywords>
      <text FeatureID="-1">Headset-Einstellungen</text>
      <target FeatureID="-1" href="SET_HLP_ACCESSORIES_HEADSET.html">Headset-Einstellungen</target>
   </keywords>
   <keywords>
      <text FeatureID="-1">KFZ-Zubehöreinstellungen</text>
      <target FeatureID="-1" href="SET_HLP_ACCESS_WIRED_CK.html">KFZ-Zubehöreinstellungen</target>
      <target FeatureID="-1" href="SET_HLP_ACCESS_WIRED_CK.html">KFZ-Zubehöreinstellungen</target>
   </keywords>
   <keywords>
      <text FeatureID="-1">Einstellungen für Musikstation</text>
      <target FeatureID="-1" href="SET_HLP_ACCESSORIES_MUSIC_ST.html">Einstellungen für Musikstation</target>
   </keywords>
   <keywords>
      <text FeatureID="true_1032">TTY-Einstellungen</text>
      <target FeatureID="true_1032" href="SET_HLP_ACCESSORIES_TTY.html">Texttelefoneinstellungen</target>
   </keywords>
   <keywords>
      <text FeatureID="true_1032">TDD-Einstellungen</text>
      <target FeatureID="true_1032" href="SET_HLP_ACCESSORIES_TTY.html">Texttelefoneinstellungen</target>
   </keywords>
   <keywords>
      <text FeatureID="true_1540">TV-Ausgangseinstellungen</text>
      <target FeatureID="true_1540" href="SET_HLP_ACCESSORIES_TVOUT.html">TV-Ausgangseinstellungen</target>
   </keywords>
   <keywords>
      <text FeatureID="true_410">Texteingabe</text>
      <target FeatureID="true_410" href="PREDINPUT_HLP_VIRTUAL_ITI_SETTINGS.html">Eingabeeinstellungen</target>
   </keywords>
   <keywords>
      <text FeatureID="-1">intelligente Texteingabe</text>
      <target FeatureID="-1" href="PREDINPUT_HLP_VIRTUAL_ITI.html">Intelligente Texteingabe</target>
   </keywords>
   <keywords>
      <text FeatureID="-1">Einstellungen, wiederherstellen</text>
      <target FeatureID="-1" href="SET_HLP_GENERAL_ORIG_SET.html">Ursprüngliche Einstellungen wiederherstellen</target>
   </keywords>
   <keywords>
      <text FeatureID="-1">Wiederherstellung von Einstellungen</text>
      <target FeatureID="-1" href="SET_HLP_GENERAL_ORIG_SET.html">Ursprüngliche Einstellungen wiederherstellen</target>
   </keywords>
   <keywords>
      <text FeatureID="-1">Werkseinstellungen, wiederherstellen</text>
      <target FeatureID="-1" href="SET_HLP_GENERAL_ORIG_SET.html">Ursprüngliche Einstellungen wiederherstellen</target>
   </keywords>
</keywords>