<?xml version="1.0" encoding="UTF-8"?>
<keywords>
   <keywords>
      <text FeatureID="true_1604">text input</text>
      <target FeatureID="true_1604" href="HWR_HLP_MAIN_VIEW.html">זיהוי כתב יד</target>
   </keywords>
   <keywords>
      <text FeatureID="true_1604">זיהוי כתב יד</text>
      <target FeatureID="true_1604" href="HWR_HLP_MAIN_VIEW.html">זיהוי כתב יד</target>
   </keywords>
   <keywords>
      <text FeatureID="true_1603 true_410">קלט מגע</text>
      <target FeatureID="true_1603" href="VQWERTY_HLP_MAIN_VIEW.html">לוח מקשים וירטואלי</target>
      <target FeatureID="true_410" href="VITU_HLP_MAIN_VIEW.html">לוח מקשים וירטואלי</target>
   </keywords>
   <keywords>
      <text FeatureID="true_410">לוח מקשים וירטואלי</text>
      <target FeatureID="true_410" href="VITU_HLP_MAIN_VIEW.html">לוח מקשים וירטואלי</target>
   </keywords>
</keywords>