<?xml version="1.0" encoding="UTF-8"?>
<keywords>
   <keywords>
      <text FeatureID="-1">inställningar för e-postkonton</text>
      <target FeatureID="-1" href="FSE_HLP_IMS_SETTINGS_ACCT_INFO.html">E-postkonton</target>
   </keywords>
   <keywords>
      <text FeatureID="-1">avancerade inställningar för e-postkontot</text>
      <target FeatureID="-1" href="FSE_HLP_IMS_SETTINGS_ADVANCED.html">Avancerade inställningar för e-postkonton</target>
   </keywords>
   <keywords>
      <text FeatureID="-1">e-postkonto­inställningar</text>
      <target FeatureID="-1" href="FSE_HLP_IMS_SETTINGS_MAILBOX.html">Inställningar för e-postkonton</target>
   </keywords>
   <keywords>
      <text FeatureID="-1">innehåll för e-postsynkronisering</text>
      <target FeatureID="-1" href="FSE_HLP_IMS_SETTINGS_WHAT_SYNC.html">Definiera synkinnehåll</target>
   </keywords>
   <keywords>
      <text FeatureID="-1">tid för e-postsynkronisering</text>
      <target FeatureID="-1" href="FSE_HLP_IMS_SETTINGS_WHEN_SYNC.html">Definiera synktid</target>
   </keywords>
   <keywords>
      <text FeatureID="-1">synkronisering av e-postmappar</text>
      <target FeatureID="-1" href="FSE_HLP_IMS_SETTINGS_FOLDER.html">Synkronisera e-postmappar</target>
   </keywords>
   <keywords>
      <text FeatureID="-1">inställningar för e-posttjänster</text>
      <target FeatureID="-1" href="FSE_HLP_SETTINGS_INTELL_LIST.html">Inställningar för e-posttjänster</target>
   </keywords>
   <keywords>
      <text FeatureID="-1">e-post­inställningar</text>
      <target FeatureID="-1" href="FSE_HLP_IMS_SETTINGS_MAIN_VIEW.html">E-postinställningar</target>
   </keywords>
   <keywords>
      <text FeatureID="-1">Intellisync</text>
      <target FeatureID="-1" href="FSE_HLP_IMS_LAUNCHER_MAIN_VIEW.html">Intellisync-e-post</target>
   </keywords>
</keywords>