<?xml version="1.0" encoding="UTF-8"?>
<keywords>
   <keywords>
      <text FeatureID="true_298">erantzungailua</text>
      <target FeatureID="true_298" href="SMSVO_HLP_CS_VIDEO_AND_XSP_VOIP.html">Deien, bideo-deien eta Interneteko deien erantzungailua</target>
      <target FeatureID="true_298" href="SMSVO_HLP_CS_VIDEO_AND_XSP_VOIP.html">Deien, bideo-deien eta Interneteko deien erantzungailua</target>
   </keywords>
   <keywords>
      <text FeatureID="true_298">Interneteko deien erantzungailua</text>
      <target FeatureID="true_298" href="SMSVO_HLP_CS_VIDEO_AND_XSP_VOIP.html">Deien, bideo-deien eta Interneteko deien erantzungailua</target>
   </keywords>
   <keywords>
      <text FeatureID="-1">Interneteko deiak</text>
      <target FeatureID="-1" href="VOIP_HLP_CSC.html">Sareko ezarpenak</target>
      <target FeatureID="true_298" href="VOIP_HLP_SERVCATALOG.html">Zerbitzuen katalogoa</target>
      <target FeatureID="-1" href="SERVTAB_HLP_SETTINGS.html">Zerbitzu fitxaren ezarpenak</target>
   </keywords>
</keywords>