<?xml version="1.0" encoding="UTF-8"?>
<keywords>
   <keywords>
      <text FeatureID="-1">certificats d'autoritat</text>
      <target FeatureID="-1" href="CM_HLP_AUTHORITY.html">Certificats d'autoritat</target>
   </keywords>
   <keywords>
      <text FeatureID="-1">certificats</text>
      <target FeatureID="-1" href="CM_HLP_AUTHORITY.html">Certificats d'autoritat</target>
      <target FeatureID="-1" href="CM_HLP_DEVICE.html">Certificats de dispositiu</target>
      <target FeatureID="-1" href="CM_HLP_MAIN.html">Gestió de certificats</target>
      <target FeatureID="-1" href="CM_HLP_PERSONAL.html">Certificats personals</target>
      <target FeatureID="-1" href="CM_HLP_TRUSTED_SITE.html">Certificats de llocs segurs</target>
      <target FeatureID="-1" href="CM_HLP_TRUST_SETTINGS.html">Editeu la configuració de confiança</target>
   </keywords>
   <keywords>
      <text FeatureID="-1">certificats de seguretat</text>
      <target FeatureID="-1" href="CM_HLP_AUTHORITY.html">Certificats d'autoritat</target>
      <target FeatureID="-1" href="CM_HLP_MAIN.html">Gestió de certificats</target>
   </keywords>
   <keywords>
      <text FeatureID="-1">certificats de dispositiu</text>
      <target FeatureID="-1" href="CM_HLP_DEVICE.html">Certificats de dispositiu</target>
   </keywords>
   <keywords>
      <text FeatureID="-1">certificats personals</text>
      <target FeatureID="-1" href="CM_HLP_PERSONAL.html">Certificats personals</target>
   </keywords>
   <keywords>
      <text FeatureID="-1">certificats de llocs segurs</text>
      <target FeatureID="-1" href="CM_HLP_TRUSTED_SITE.html">Certificats de llocs segurs</target>
   </keywords>
   <keywords>
      <text FeatureID="-1">configuració de confiança</text>
      <target FeatureID="-1" href="CM_HLP_TRUST_SETTINGS.html">Editeu la configuració de confiança</target>
   </keywords>
</keywords>