<?xml version="1.0" encoding="UTF-8"?>
<keywords>
   <keywords>
      <text FeatureID="-1">úprava poznámok</text>
      <target FeatureID="-1" href="NMAKE_HLP_MEMO_VIEWER_EDIT.html">Úprava poznámok v aplikáciách</target>
   </keywords>
   <keywords>
      <text FeatureID="-1">prijímanie poznámok</text>
      <target FeatureID="-1" href="NMAKE_HLP_MEMO_VIEWER.html">Prezeranie prijatých poznámok</target>
   </keywords>
   <keywords>
      <text FeatureID="-1">šablóny správ</text>
      <target FeatureID="-1" href="NMAKE_HLP_TEMPLATE_EDITOR.html">Písanie šablón správ</target>
   </keywords>
   <keywords>
      <text FeatureID="-1">tvorba šablón správ</text>
      <target FeatureID="-1" href="NMAKE_HLP_TEMPLATE_EDITOR.html">Písanie šablón správ</target>
   </keywords>
   <keywords>
      <text FeatureID="-1">písanie šablón správ</text>
      <target FeatureID="-1" href="NMAKE_HLP_TEMPLATE_EDITOR.html">Písanie šablón správ</target>
   </keywords>
   <keywords>
      <text FeatureID="-1">zoznam poznámok</text>
      <target FeatureID="-1" href="NMAKE_HLP_MEMO_LIST.html">Zoznam poznámok</target>
   </keywords>
   <keywords>
      <text FeatureID="-1">písanie poznámok</text>
      <target FeatureID="-1" href="NMAKE_HLP_MEMO_LIST.html">Zoznam poznámok</target>
      <target FeatureID="-1" href="NMAKE_HLP_MEMO_EDITOR_APPS.html">Písanie poznámok v aplikáciách</target>
      <target FeatureID="-1" href="NMAKE_HLP_MEMO_EDITOR.html">Písanie poznámok</target>
   </keywords>
</keywords>