<?xml version="1.0" encoding="UTF-8"?>
<keywords>
   <keywords>
      <text FeatureID="-1">사진</text>
      <target FeatureID="-1" href="LGAL_HLP_ALBUM_LIST.html">앨범</target>
      <target FeatureID="-1" href="LGAL_HLP_ALL_GRID.html">모든 미디어 파일 검색</target>
      <target FeatureID="-1" href="LGAL_HLP_ALBUM_GRID.html">앨범의 미디어 파일 검색</target>
      <target FeatureID="-1" href="LGAL_HLP_TAGS_GRID.html">태그가 있는 미디어 파일 검색</target>
      <target FeatureID="-1" href="LGAL_HLP_DETAILS_VIEW.html">파일 정보 보기 및 편집</target>
      <target FeatureID="-1" href="LGAL_HLP_TAGS_BROWSER.html">태그</target>
      <target FeatureID="-1" href="LGAL_HLP_MONTH_FULLSCREEN.html">월 단위로 미디어 파일을 봅니다.</target>
      <target FeatureID="-1" href="LGAL_HLP_MONTH_GRID.html">월 단위로 미디어 파일 검색</target>
      <target FeatureID="-1" href="LGAL_HLP_VIEW_LIST.html">사진</target>
      <target FeatureID="-1" href="LGAL_HLP_MONTH_LIST.html">월</target>
      <target FeatureID="-1" href="LGAL_HLP_SLIDESHOW_SETTINGS.html">슬라이드 쇼 설정</target>
      <target FeatureID="-1" href="LGAL_HLP_ALL_FULLSCREEN.html">모든 미디어 파일 보기</target>
      <target FeatureID="-1" href="LGAL_HLP_ALBUM_FULLSCREEN.html">앨범의 미디어 파일 보기</target>
      <target FeatureID="-1" href="LGAL_HLP_TAGS_FULLSCREEN.html">태그가 있는 미디어 파일 보기</target>
   </keywords>
   <keywords>
      <text FeatureID="-1">앨범</text>
      <target FeatureID="-1" href="LGAL_HLP_ALBUM_LIST.html">앨범</target>
      <target FeatureID="-1" href="LGAL_HLP_ALBUM_GRID.html">앨범의 미디어 파일 검색</target>
      <target FeatureID="-1" href="LGAL_HLP_VIEW_LIST.html">사진</target>
      <target FeatureID="-1" href="LGAL_HLP_ALBUM_FULLSCREEN.html">앨범의 미디어 파일 보기</target>
   </keywords>
   <keywords>
      <text FeatureID="-1">태그</text>
      <target FeatureID="-1" href="LGAL_HLP_TAGS_GRID.html">태그가 있는 미디어 파일 검색</target>
      <target FeatureID="-1" href="LGAL_HLP_TAGS_BROWSER.html">태그</target>
      <target FeatureID="-1" href="LGAL_HLP_VIEW_LIST.html">사진</target>
      <target FeatureID="-1" href="LGAL_HLP_TAGS_FULLSCREEN.html">태그가 있는 미디어 파일 보기</target>
   </keywords>
   <keywords>
      <text FeatureID="-1">슬라이드 쇼</text>
      <target FeatureID="-1" href="LGAL_HLP_SLIDESHOW_SETTINGS.html">슬라이드 쇼 설정</target>
   </keywords>
</keywords>