<?xml version="1.0" encoding="UTF-8"?>
<keywords>
   <keywords>
      <text FeatureID="-1">synkronise­ring</text>
      <target FeatureID="-1" href="DS_HLP_MAIN_VIEW.html">Datasynkro­nisering</target>
   </keywords>
   <keywords>
      <text FeatureID="-1">synkronise­ringsprofiler</text>
      <target FeatureID="-1" href="DS_HLP_MAIN_VIEW.html">Datasynkro­nisering</target>
   </keywords>
   <keywords>
      <text FeatureID="-1">synk.profil­indstillinger</text>
      <target FeatureID="-1" href="DS_HLP_SETTINGS.html">Redigere synk.profiler</target>
   </keywords>
   <keywords>
      <text FeatureID="-1">synkroniserings­indstillinger</text>
      <target FeatureID="-1" href="DS_HLP_SETTINGS_CAL.html">Kalender­synk.­indstillinger</target>
      <target FeatureID="-1" href="DS_HLP_SETTINGS_CNT.html">Kontaktsynk.­indstillinger</target>
      <target FeatureID="-1" href="DS_HLP_SETTINGS_NOTES.html">Notesynk.­indstillinger</target>
      <target FeatureID="-1" href="DS_HLP_SETTINGS_SMS.html">SMS-synk.­indstillinger</target>
      <target FeatureID="true_44" href="DS_HLP_SETTINGS_SYNCML.html">E-mail-synk.­indstillinger</target>
   </keywords>
</keywords>