<?xml version="1.0" encoding="UTF-8"?>
<keywords>
   <keywords>
      <text FeatureID="true_13 true_1566">povezava s kablom USB</text>
      <target FeatureID="true_13" href="USB_HLP_MAIN.html">Nastavitve USB</target>
      <target FeatureID="true_1566" href="USB_HLP_PRINT_SETTINGS.html">Nastavitve tiskalnika</target>
   </keywords>
   <keywords>
      <text FeatureID="true_13">kabelska povezava</text>
      <target FeatureID="true_13" href="USB_HLP_MAIN.html">Nastavitve USB</target>
   </keywords>
   <keywords>
      <text FeatureID="true_1566">tiskanje</text>
      <target FeatureID="true_1566" href="USB_HLP_PRINT_SETTINGS.html">Nastavitve tiskalnika</target>
   </keywords>
   <keywords>
      <text FeatureID="true_1566">nastavitve, tiskalnik</text>
      <target FeatureID="true_1566" href="USB_HLP_PRINT_SETTINGS.html">Nastavitve tiskalnika</target>
   </keywords>
</keywords>