<?xml version="1.0" encoding="UTF-8"?>
<keywords>
   <keywords>
      <text FeatureID="true_1091">editor USSD</text>
      <target FeatureID="true_1091" href="USSD_HLP_EDITOR.html">Servisné príkazy</target>
   </keywords>
   <keywords>
      <text FeatureID="true_1091">servisné príkazy</text>
      <target FeatureID="true_1091" href="USSD_HLP_EDITOR.html">Servisné príkazy</target>
   </keywords>
   <keywords>
      <text FeatureID="true_1091">služby siete</text>
      <target FeatureID="true_1091" href="USSD_HLP_EDITOR.html">Servisné príkazy</target>
   </keywords>
</keywords>