<?xml version="1.0" encoding="UTF-8"?>
<keywords>
   <keywords>
      <text FeatureID="-1">duomenų perdavimas</text>
      <target FeatureID="-1" href="SWITCH_HLP_EDIT_SHORTCUT.html">Nuorodų parametrai</target>
      <target FeatureID="-1" href="SWITCH_HLP_EDIT_SHORTCUT.html">Nuorodų parametrai</target>
      <target FeatureID="-1" href="SWITCH_HLP_MAIN.html">Duomenų perdavimas</target>
      <target FeatureID="-1" href="SWITCH_HLP_MAIN.html">Duomenų perdavimas</target>
      <target FeatureID="-1" href="SWITCH_HLP_LOG.html">Perdavimo žurnalas</target>
   </keywords>
   <keywords>
      <text FeatureID="-1">nuorodos</text>
      <target FeatureID="-1" href="SWITCH_HLP_EDIT_SHORTCUT.html">Nuorodų parametrai</target>
   </keywords>
   <keywords>
      <text FeatureID="-1">duomenų perdavimas, konfliktai</text>
      <target FeatureID="-1" href="SWITCH_HLP_CONFLICT.html">Perduoti konfliktus</target>
   </keywords>
   <keywords>
      <text FeatureID="-1">turinio kopijavimas</text>
      <target FeatureID="-1" href="SWITCH_HLP_MAIN.html">Duomenų perdavimas</target>
   </keywords>
   <keywords>
      <text FeatureID="-1">perdavimo žurnalas</text>
      <target FeatureID="-1" href="SWITCH_HLP_LOG.html">Perdavimo žurnalas</target>
   </keywords>
</keywords>