<?xml version="1.0" encoding="UTF-8"?>
<keywords>
   <keywords>
      <text FeatureID="-1">kärjeteated</text>
      <target FeatureID="-1" href="CBS_HLP_TOPIC_VIEW.html">Kärjeteated</target>
      <target FeatureID="-1" href="CBS_HLP_MAIN.html">Kärjeteadete teemad</target>
      <target FeatureID="-1" href="CBS_HLP_MSG.html">Kärjeteadete vaatamine</target>
   </keywords>
   <keywords>
      <text FeatureID="-1">kärjeteadete teemad</text>
      <target FeatureID="-1" href="CBS_HLP_MAIN.html">Kärjeteadete teemad</target>
   </keywords>
</keywords>