<?xml version="1.0" encoding="UTF-8"?>
<keywords>
   <keywords>
      <text FeatureID="true_1091">USSD-muok­kausohjelma</text>
      <target FeatureID="true_1091" href="USSD_HLP_EDITOR.html">Palvelukäskyt</target>
   </keywords>
   <keywords>
      <text FeatureID="true_1091">palvelukäskyt</text>
      <target FeatureID="true_1091" href="USSD_HLP_EDITOR.html">Palvelukäskyt</target>
   </keywords>
   <keywords>
      <text FeatureID="true_1091">verkko­palvelut</text>
      <target FeatureID="true_1091" href="USSD_HLP_EDITOR.html">Palvelukäskyt</target>
   </keywords>
</keywords>