<?xml version="1.0" encoding="UTF-8"?>
<keywords>
   <keywords>
      <text FeatureID="-1">képek szerkesztése</text>
      <target FeatureID="-1" href="SIE_HLP_MAIN.html">Képek szerkesztése</target>
   </keywords>
   <keywords>
      <text FeatureID="-1">szöveg szerkesztése</text>
      <target FeatureID="-1" href="SIE_HLP_EDIT_TEXT.html">Képek szövegeinek szerkesztése</target>
   </keywords>
   <keywords>
      <text FeatureID="-1">képszerkesztő</text>
      <target FeatureID="-1" href="SIE_HLP_EDIT_TEXT.html">Képek szövegeinek szerkesztése</target>
   </keywords>
   <keywords>
      <text FeatureID="-1">nagyított képek szerkesztése</text>
      <target FeatureID="-1" href="SIE_HLP_ZOOMING.html">Nagyított képek szerkesztése</target>
   </keywords>
   <keywords>
      <text FeatureID="-1">képek nagyítása</text>
      <target FeatureID="-1" href="SIE_HLP_ZOOMING.html">Nagyított képek szerkesztése</target>
   </keywords>
   <keywords>
      <text FeatureID="-1">clip art szerkesztése</text>
      <target FeatureID="-1" href="SIE_HLP_EDIT_CLIPART.html">Clip art szerkesztése</target>
   </keywords>
   <keywords>
      <text FeatureID="-1">szövegbuborékok szerkesztése</text>
      <target FeatureID="-1" href="SIE_HLP_EDIT_CLIPART.html">Clip art szerkesztése</target>
   </keywords>
   <keywords>
      <text FeatureID="-1">vörösszem-hatás csökkentése</text>
      <target FeatureID="-1" href="SIE_HLP_REDEYE.html">Vörösszem-hatás csökkentése</target>
   </keywords>
</keywords>