<?xml version="1.0" encoding="UTF-8"?>
<keywords>
   <keywords>
      <text FeatureID="-1">hiztegia</text>
      <target FeatureID="-1" href="DICTIONARY_HLP_MAIN_TAB1.html">Hiztegia</target>
   </keywords>
   <keywords>
      <text FeatureID="-1">itzultzen</text>
      <target FeatureID="-1" href="DICTIONARY_HLP_MAIN_TAB1.html">Hiztegia</target>
   </keywords>
   <keywords>
      <text FeatureID="-1">hiztegia, itzulpena</text>
      <target FeatureID="-1" href="DICTIONARY_HLP_RESULTS.html">Itzulpenaren emaitzak</target>
   </keywords>
</keywords>