<?xml version="1.0" encoding="UTF-8"?>
<keywords>
   <keywords>
      <text FeatureID="-1">tema audio</text>
      <target FeatureID="-1" href="AUDIOTHEME_HLP_EVENTGROUPS.html">Tukar tema audio </target>
      <target FeatureID="-1" href="SET_HLP_AUDIO_THEME_EVENTSLIST.html">Bunyi peristiwa peranti</target>
   </keywords>
   <keywords>
      <text FeatureID="-1">peranti pemperibadian</text>
      <target FeatureID="-1" href="AUDIOTHEME_HLP_EVENTGROUPS.html">Tukar tema audio </target>
      <target FeatureID="-1" href="SET_HLP_AUDIO_THEME_EVENTSLIST.html">Bunyi peristiwa peranti</target>
   </keywords>
   <keywords>
      <text FeatureID="-1">bunyi peranti</text>
      <target FeatureID="-1" href="AUDIOTHEME_HLP_EVENTGROUPS.html">Tukar tema audio </target>
      <target FeatureID="-1" href="SET_HLP_AUDIO_THEME_EVENTSLIST.html">Bunyi peristiwa peranti</target>
   </keywords>
</keywords>