<?xml version="1.0" encoding="UTF-8"?>
<keywords>
   <keywords>
      <text FeatureID="true_13 true_1566">USB-kabelforbindelse</text>
      <target FeatureID="true_13" href="USB_HLP_MAIN.html">USB-indstillinger</target>
      <target FeatureID="true_1566" href="USB_HLP_PRINT_SETTINGS.html">Printer­indstillinger</target>
   </keywords>
   <keywords>
      <text FeatureID="true_13">kabelforbindelse</text>
      <target FeatureID="true_13" href="USB_HLP_MAIN.html">USB-indstillinger</target>
   </keywords>
   <keywords>
      <text FeatureID="true_1566">udskrive</text>
      <target FeatureID="true_1566" href="USB_HLP_PRINT_SETTINGS.html">Printer­indstillinger</target>
   </keywords>
   <keywords>
      <text FeatureID="true_1566">indstillinger, printer</text>
      <target FeatureID="true_1566" href="USB_HLP_PRINT_SETTINGS.html">Printer­indstillinger</target>
   </keywords>
</keywords>