<?xml version="1.0" encoding="UTF-8"?>
<keywords>
   <keywords>
      <text FeatureID="-1">установки сервісних повідомлень</text>
      <target FeatureID="-1" href="WPUSH_HLP_SETTINGS.html">Установки сервісних повідомлень</target>
   </keywords>
   <keywords>
      <text FeatureID="-1">push-повідомлення</text>
      <target FeatureID="-1" href="WPUSH_HLP_VIEWER.html">Перегляд сервісних повідомлень</target>
   </keywords>
   <keywords>
      <text FeatureID="-1">сервісні повідомлення</text>
      <target FeatureID="-1" href="WPUSH_HLP_VIEWER.html">Перегляд сервісних повідомлень</target>
   </keywords>
</keywords>