<?xml version="1.0" encoding="UTF-8"?>
<keywords>
   <keywords>
      <text FeatureID="-1">방송 메시지</text>
      <target FeatureID="-1" href="CBS_HLP_TOPIC_VIEW.html">방송 메시지</target>
      <target FeatureID="-1" href="CBS_HLP_MAIN.html">방송 항목</target>
      <target FeatureID="-1" href="CBS_HLP_MSG.html">CBS 메시지 보기</target>
   </keywords>
   <keywords>
      <text FeatureID="-1">방송 항목</text>
      <target FeatureID="-1" href="CBS_HLP_MAIN.html">방송 항목</target>
   </keywords>
</keywords>