<?xml version="1.0" encoding="UTF-8"?>
<keywords>
   <keywords>
      <text FeatureID="-1">čitač poruka, jezik</text>
      <target FeatureID="-1" href="SPEECH_HLP_MAIN.html">Podešavanja govora</target>
   </keywords>
   <keywords>
      <text FeatureID="-1">čitač poruka, glas</text>
      <target FeatureID="-1" href="SPEECH_HLP_MAIN.html">Podešavanja govora</target>
   </keywords>
   <keywords>
      <text FeatureID="-1">čitač poruka, detalji glasa</text>
      <target FeatureID="-1" href="SPEECH_HLP_VOICE.html">Detalji glasa</target>
   </keywords>
   <keywords>
      <text FeatureID="-1">čitač poruka, podešavanja</text>
      <target FeatureID="-1" href="SPEECH_HLP_MRSETTINGS.html">Podešavanja čitača poruka</target>
   </keywords>
</keywords>