<?xml version="1.0" encoding="UTF-8"?>
<keywords>
   <keywords>
      <text FeatureID="-1">autorizační certifikáty</text>
      <target FeatureID="-1" href="CM_HLP_AUTHORITY.html">Autorizační certifikáty</target>
   </keywords>
   <keywords>
      <text FeatureID="-1">certifikáty</text>
      <target FeatureID="-1" href="CM_HLP_AUTHORITY.html">Autorizační certifikáty</target>
      <target FeatureID="-1" href="CM_HLP_DEVICE.html">Certifikáty telefonu</target>
      <target FeatureID="-1" href="CM_HLP_MAIN.html">Správa certifikátů</target>
      <target FeatureID="-1" href="CM_HLP_PERSONAL.html">Osobní certifikáty</target>
      <target FeatureID="-1" href="CM_HLP_TRUSTED_SITE.html">Certifikáty ověřené stránky</target>
      <target FeatureID="-1" href="CM_HLP_TRUST_SETTINGS.html">Úprava nastavení spolehlivosti</target>
   </keywords>
   <keywords>
      <text FeatureID="-1">bezpečnostní certifikáty</text>
      <target FeatureID="-1" href="CM_HLP_AUTHORITY.html">Autorizační certifikáty</target>
      <target FeatureID="-1" href="CM_HLP_MAIN.html">Správa certifikátů</target>
   </keywords>
   <keywords>
      <text FeatureID="-1">certifikáty telefonu</text>
      <target FeatureID="-1" href="CM_HLP_DEVICE.html">Certifikáty telefonu</target>
   </keywords>
   <keywords>
      <text FeatureID="-1">osobní certifikáty</text>
      <target FeatureID="-1" href="CM_HLP_PERSONAL.html">Osobní certifikáty</target>
   </keywords>
   <keywords>
      <text FeatureID="-1">certifikáty ověřené stránky</text>
      <target FeatureID="-1" href="CM_HLP_TRUSTED_SITE.html">Certifikáty ověřené stránky</target>
   </keywords>
   <keywords>
      <text FeatureID="-1">nastavení spolehlivosti</text>
      <target FeatureID="-1" href="CM_HLP_TRUST_SETTINGS.html">Úprava nastavení spolehlivosti</target>
   </keywords>
</keywords>