<?xml version="1.0" encoding="UTF-8"?>
<keywords>
   <keywords>
      <text FeatureID="-1">úprava ekvalizéru</text>
      <target FeatureID="-1" href="EQ_HLP_EDITING_VIEW.html">Úprava ekvalizéru</target>
   </keywords>
   <keywords>
      <text FeatureID="-1">ekvalizér</text>
      <target FeatureID="-1" href="EQ_HLP_LIST_VIEW.html">Předvolby ekvalizéru</target>
   </keywords>
   <keywords>
      <text FeatureID="-1">frekvenční pásma</text>
      <target FeatureID="-1" href="EQ_HLP_LIST_VIEW.html">Předvolby ekvalizéru</target>
   </keywords>
   <keywords>
      <text FeatureID="-1">výběr předvoleb ekvalizéru</text>
      <target FeatureID="-1" href="EQ_HLP_LIST_VIEW.html">Předvolby ekvalizéru</target>
   </keywords>
</keywords>