<?xml version="1.0" encoding="UTF-8"?>
<keywords>
   <keywords>
      <text FeatureID="-1">การแก้ไขภาพ</text>
      <target FeatureID="-1" href="SIE_HLP_MAIN.html">การแก้ไขภาพ</target>
   </keywords>
   <keywords>
      <text FeatureID="-1">การแก้ไขข้อความ</text>
      <target FeatureID="-1" href="SIE_HLP_EDIT_TEXT.html">การแก้ไขข้อความในภาพ</target>
   </keywords>
   <keywords>
      <text FeatureID="-1">ตัวแก้ไขภาพ</text>
      <target FeatureID="-1" href="SIE_HLP_EDIT_TEXT.html">การแก้ไขข้อความในภาพ</target>
   </keywords>
   <keywords>
      <text FeatureID="-1">การแก้ไขภาพที่ซูม</text>
      <target FeatureID="-1" href="SIE_HLP_ZOOMING.html">การแก้ไขภาพที่ซูม</target>
   </keywords>
   <keywords>
      <text FeatureID="-1">การซูมภาพ</text>
      <target FeatureID="-1" href="SIE_HLP_ZOOMING.html">การแก้ไขภาพที่ซูม</target>
   </keywords>
   <keywords>
      <text FeatureID="-1">การแก้ไขคลิปอาร์ต</text>
      <target FeatureID="-1" href="SIE_HLP_EDIT_CLIPART.html">การแก้ไขคลิปอาร์ต</target>
   </keywords>
   <keywords>
      <text FeatureID="-1">การแก้ไขกรอบใส่คำพูด</text>
      <target FeatureID="-1" href="SIE_HLP_EDIT_CLIPART.html">การแก้ไขคลิปอาร์ต</target>
   </keywords>
   <keywords>
      <text FeatureID="-1">การลดรเอฟเฟ็กต์รตาแดง</text>
      <target FeatureID="-1" href="SIE_HLP_REDEYE.html">การลดรเอฟเฟ็กต์รตาแดง</target>
   </keywords>
</keywords>