<?xml version="1.0" encoding="UTF-8"?>
<keywords>
   <keywords>
      <text FeatureID="true_13 true_1566">Kết nối cáp USB</text>
      <target FeatureID="true_13" href="USB_HLP_MAIN.html">Cài đặt USB</target>
      <target FeatureID="true_1566" href="USB_HLP_PRINT_SETTINGS.html">Cài đặt máy in</target>
   </keywords>
   <keywords>
      <text FeatureID="true_13">kết nối sử dụng cáp</text>
      <target FeatureID="true_13" href="USB_HLP_MAIN.html">Cài đặt USB</target>
   </keywords>
   <keywords>
      <text FeatureID="true_1566">in</text>
      <target FeatureID="true_1566" href="USB_HLP_PRINT_SETTINGS.html">Cài đặt máy in</target>
   </keywords>
   <keywords>
      <text FeatureID="true_1566">cài đặt, máy in</text>
      <target FeatureID="true_1566" href="USB_HLP_PRINT_SETTINGS.html">Cài đặt máy in</target>
   </keywords>
</keywords>