<?xml version="1.0" encoding="UTF-8"?>
<keywords>
   <keywords>
      <text FeatureID="-1">GPS</text>
      <target FeatureID="-1" href="HLP_BLID_NAVIGATION.html">Navigeerimisvaade</target>
      <target FeatureID="false_112" href="BLID_HLP_WAYPOINTS.html">Salvestatud asukohad</target>
      <target FeatureID="-1" href="HLP_BLID_TRIPMETER.html">Retke pikkuse vaade</target>
   </keywords>
   <keywords>
      <text FeatureID="-1">sihtkohta navigeerimine</text>
      <target FeatureID="-1" href="HLP_BLID_NAVIGATION.html">Navigeerimisvaade</target>
   </keywords>
   <keywords>
      <text FeatureID="false_112">asukohtade salvestamine</text>
      <target FeatureID="false_112" href="BLID_HLP_WAYPOINTS.html">Salvestatud asukohad</target>
   </keywords>
   <keywords>
      <text FeatureID="-1">navigaatori seaded</text>
      <target FeatureID="-1" href="BLID_HLP_SETTINGS.html">GPS-i seaded</target>
   </keywords>
   <keywords>
      <text FeatureID="-1">GPS-i seaded</text>
      <target FeatureID="-1" href="BLID_HLP_SETTINGS.html">GPS-i seaded</target>
   </keywords>
   <keywords>
      <text FeatureID="-1">retke teave</text>
      <target FeatureID="-1" href="HLP_BLID_TRIPMETER.html">Retke pikkuse vaade</target>
   </keywords>
   <keywords>
      <text FeatureID="-1">reisiteave</text>
      <target FeatureID="-1" href="HLP_BLID_TRIPMETER.html">Retke pikkuse vaade</target>
   </keywords>
</keywords>