<?xml version="1.0" encoding="UTF-8"?><?xml-stylesheet  href="../../theme/xsl/index2html.xslt" type="text/xsl"?>
<topics FeatureID="-1" title="دفترچه های ثبت" compressed="true">
   <topicref FeatureID="-1" href="GPRS_HLP_MAIN.html" navtitle="اتصال داده"/>
   <topicref FeatureID="-1" href="LOGS_HLP_COUNTER.html" navtitle="ثبت تماس و داده ها"/>
   <topicref FeatureID="-1" href="LOGS_HLP_DETAIL.html" navtitle="جزئیات رویداد"/>
   <topicref FeatureID="-1" href="LOGS_HLP_MAIN.html" navtitle="اطلاعات دفترچه ثبت"/>
   <topicref FeatureID="-1" href="LOGS_HLP_SETTING.html" navtitle="تنظیمات دفترچه ثبت"/>
   <topicref FeatureID="-1" href="STM_HLP_DIALLED.html" navtitle="شماره های گرفته شده"/>
   <topicref FeatureID="-1" href="STM_HLP_MAIN.html" navtitle="تماسهای اخیر"/>
   <topicref FeatureID="-1" href="STM_HLP_MISSED.html" navtitle="تماسهای بی پاسخ"/>
   <topicref FeatureID="-1" href="STM_HLP_RECEIVED.html" navtitle="تماسهای دریافتی"/>
   <topicref FeatureID="-1" href="TIMERS_HLP_MAIN.html" navtitle="مدت زمان تماس"/>
</topics>