<?xml version="1.0" encoding="UTF-8"?>
<keywords>
   <keywords>
      <text FeatureID="-1">اتصال‌ داده</text>
      <target FeatureID="-1" href="GPRS_HLP_MAIN.html">اتصال داده</target>
      <target FeatureID="-1" href="LOGS_HLP_COUNTER.html">ثبت تماس و داده ها</target>
   </keywords>
   <keywords>
      <text FeatureID="-1">مدت زمان تماس</text>
      <target FeatureID="-1" href="LOGS_HLP_COUNTER.html">ثبت تماس و داده ها</target>
      <target FeatureID="-1" href="TIMERS_HLP_MAIN.html">مدت زمان تماس</target>
   </keywords>
   <keywords>
      <text FeatureID="-1">تماسهای اخیر</text>
      <target FeatureID="-1" href="LOGS_HLP_COUNTER.html">ثبت تماس و داده ها</target>
      <target FeatureID="-1" href="STM_HLP_MAIN.html">تماسهای اخیر</target>
   </keywords>
   <keywords>
      <text FeatureID="-1">دفترچه های ثبت تماس</text>
      <target FeatureID="-1" href="LOGS_HLP_DETAIL.html">جزئیات رویداد</target>
      <target FeatureID="-1" href="LOGS_HLP_MAIN.html">اطلاعات دفترچه ثبت</target>
   </keywords>
   <keywords>
      <text FeatureID="-1">تنظیمات دفترچه ثبت</text>
      <target FeatureID="-1" href="LOGS_HLP_SETTING.html">تنظیمات دفترچه ثبت</target>
   </keywords>
   <keywords>
      <text FeatureID="-1">شماره گرفته شده</text>
      <target FeatureID="-1" href="STM_HLP_DIALLED.html">شماره های گرفته شده</target>
   </keywords>
   <keywords>
      <text FeatureID="-1">دفترچه ثبت تماس</text>
      <target FeatureID="-1" href="STM_HLP_MAIN.html">تماسهای اخیر</target>
   </keywords>
   <keywords>
      <text FeatureID="-1">تماسهای بی پاسخ</text>
      <target FeatureID="-1" href="STM_HLP_MISSED.html">تماسهای بی پاسخ</target>
   </keywords>
   <keywords>
      <text FeatureID="-1">تماسهای دریافتی</text>
      <target FeatureID="-1" href="STM_HLP_RECEIVED.html">تماسهای دریافتی</target>
   </keywords>
   <keywords>
      <text FeatureID="-1">تماس های پاسخ داده شده</text>
      <target FeatureID="-1" href="STM_HLP_RECEIVED.html">تماسهای دریافتی</target>
   </keywords>
   <keywords>
      <text FeatureID="-1">مدت تماس</text>
      <target FeatureID="-1" href="TIMERS_HLP_MAIN.html">مدت زمان تماس</target>
   </keywords>
</keywords>