<?xml version="1.0" encoding="UTF-8"?>
<keywords>
   <keywords>
      <text FeatureID="true_11008 false_11008">dispositivi, registrazione</text>
      <target FeatureID="true_11008" href="DRM_HLP_REGISTRATION_METERING.html">Registrazione dispositivi</target>
      <target FeatureID="false_11008" href="DRM_HLP_REGISTRATION.html">Registrazione dispositivi</target>
   </keywords>
   <keywords>
      <text FeatureID="true_11008">diritti "silen­ziosi", acquis.</text>
      <target FeatureID="true_11008" href="DRM_HLP_REGISTRATION_METERING.html">Registrazione dispositivi</target>
   </keywords>
   <keywords>
      <text FeatureID="true_11008">controllo</text>
      <target FeatureID="true_11008" href="DRM_HLP_REGISTRATION_METERING.html">Registrazione dispositivi</target>
   </keywords>
</keywords>