<?xml version="1.0" encoding="UTF-8"?>
<keywords>
   <keywords>
      <text FeatureID="-1">filhanterare</text>
      <target FeatureID="-1" href="FMGR_HLP_MEM_STORE_VIEW.html">Hantera filer</target>
      <target FeatureID="-1" href="FMGR_HLP_MAIN_VIEW.html">Filhanterare</target>
      <target FeatureID="-1" href="FMGR_HLP_BACKUP_VIEW.html">Säkerhetskopiering</target>
   </keywords>
   <keywords>
      <text FeatureID="-1">minneskort</text>
      <target FeatureID="-1" href="FMGR_HLP_MEM_STORE_VIEW.html">Hantera filer</target>
      <target FeatureID="-1" href="FMGR_HLP_MAIN_VIEW.html">Filhanterare</target>
      <target FeatureID="-1" href="FMGR_HLP_BACKUP_VIEW.html">Säkerhetskopiering</target>
   </keywords>
   <keywords>
      <text FeatureID="-1">Filhanterare</text>
      <target FeatureID="-1" href="FMGR_HLP_SEARCH_RESULTS.html">Filsökning</target>
   </keywords>
   <keywords>
      <text FeatureID="-1">söka efter filer</text>
      <target FeatureID="-1" href="FMGR_HLP_SEARCH_RESULTS.html">Filsökning</target>
   </keywords>
   <keywords>
      <text FeatureID="-1">söka efter mappar</text>
      <target FeatureID="-1" href="FMGR_HLP_SEARCH_RESULTS.html">Filsökning</target>
   </keywords>
   <keywords>
      <text FeatureID="-1">säkerhetskopiera</text>
      <target FeatureID="-1" href="FMGR_HLP_BACKUP_VIEW.html">Säkerhetskopiering</target>
   </keywords>
</keywords>