<?xml version="1.0" encoding="UTF-8"?>
<keywords>
   <keywords>
      <text FeatureID="true_1116">envoyer des entrées d'agenda</text>
      <target FeatureID="true_1116" href="SMART_HLP_CALENDAREDITOR.html">Envoyer des entrées d'agenda</target>
   </keywords>
   <keywords>
      <text FeatureID="true_1114">recevoir des entrées d'agenda</text>
      <target FeatureID="true_1114" href="SMART_HLP_CALENDARVIEWER.html">Entrées d'agenda reçues</target>
   </keywords>
   <keywords>
      <text FeatureID="true_1114">entrées d'agenda</text>
      <target FeatureID="true_1114" href="SMART_HLP_CALPULLMESVIEWER.html">Télécharger des entrées d'agenda</target>
   </keywords>
   <keywords>
      <text FeatureID="true_1117 true_1115">cartes de visite</text>
      <target FeatureID="true_1117" href="SMART_HLP_BUSINESSEDITOR.html">Envoyer des cartes de visite</target>
      <target FeatureID="true_1115" href="SMART_HLP_BUSINESSVIEWER.html">Cartes de visite reçues</target>
      <target FeatureID="true_1115" href="SMART_HLP_BUSPULLMESVIEWER.html">Télécharger des cartes de visite</target>
   </keywords>
   <keywords>
      <text FeatureID="true_1111">sonneries</text>
      <target FeatureID="true_1111" href="SMART_HLP_RINGVIEWER.html">Sonneries reçues</target>
   </keywords>
   <keywords>
      <text FeatureID="true_1110">logos opérateur</text>
      <target FeatureID="true_1110" href="SMART_HLP_OPLOGOVIEWER.html">Logos opérateur reçus</target>
   </keywords>
   <keywords>
      <text FeatureID="true_1106">signets</text>
      <target FeatureID="true_1106" href="SMART_HLP_ONEBOOKVIEWER.html">Signet reçu</target>
   </keywords>
   <keywords>
      <text FeatureID="true_1112">recevoir des images</text>
      <target FeatureID="true_1112" href="SMART_HLP_GMSVIEWER.html">Afficher des messages image</target>
   </keywords>
   <keywords>
      <text FeatureID="true_1112">messages image</text>
      <target FeatureID="true_1112" href="SMART_HLP_GMSVIEWER.html">Afficher des messages image</target>
   </keywords>
   <keywords>
      <text FeatureID="true_1537">configuration de lecteur distant</text>
      <target FeatureID="true_1537" href="SMART_HLP_REMOTEDRIVES_VIEWER.html">Recevoir les configurations des lecteurs distants</target>
      <target FeatureID="true_1537" href="SMART_HLP_REMOTEDRIVES_EDITOR.html">Envoyer les configurations des lecteurs distants</target>
   </keywords>
</keywords>