<?xml version="1.0" encoding="UTF-8"?>
<keywords>
   <keywords>
      <text FeatureID="true_1116">передача записей календаря</text>
      <target FeatureID="true_1116" href="SMART_HLP_CALENDAREDITOR.html">Передача записей календаря</target>
   </keywords>
   <keywords>
      <text FeatureID="true_1114">прием записи календаря</text>
      <target FeatureID="true_1114" href="SMART_HLP_CALENDARVIEWER.html">Принятые записи календаря</target>
   </keywords>
   <keywords>
      <text FeatureID="true_1114">записи календаря</text>
      <target FeatureID="true_1114" href="SMART_HLP_CALPULLMESVIEWER.html">Загрузка записей Календаря</target>
   </keywords>
   <keywords>
      <text FeatureID="true_1117 true_1115">визитные карточки</text>
      <target FeatureID="true_1117" href="SMART_HLP_BUSINESSEDITOR.html">Передача визитных карточек</target>
      <target FeatureID="true_1115" href="SMART_HLP_BUSINESSVIEWER.html">Принятые визитные карточки</target>
      <target FeatureID="true_1115" href="SMART_HLP_BUSPULLMESVIEWER.html">Загрузка визитной карточки</target>
   </keywords>
   <keywords>
      <text FeatureID="true_1111">мелодии сигнала вызова</text>
      <target FeatureID="true_1111" href="SMART_HLP_RINGVIEWER.html">Принятые мелодии сигналов вызова</target>
   </keywords>
   <keywords>
      <text FeatureID="true_1110">логотипы операторов</text>
      <target FeatureID="true_1110" href="SMART_HLP_OPLOGOVIEWER.html">Принятые логотипы операторов</target>
   </keywords>
   <keywords>
      <text FeatureID="true_1106">закладки</text>
      <target FeatureID="true_1106" href="SMART_HLP_ONEBOOKVIEWER.html">Принятая закладка</target>
   </keywords>
   <keywords>
      <text FeatureID="true_1112">прием изображений</text>
      <target FeatureID="true_1112" href="SMART_HLP_GMSVIEWER.html">Просмотр графических сообщений</target>
   </keywords>
   <keywords>
      <text FeatureID="true_1112">графические сообщения</text>
      <target FeatureID="true_1112" href="SMART_HLP_GMSVIEWER.html">Просмотр графических сообщений</target>
   </keywords>
   <keywords>
      <text FeatureID="true_1537">конфигурация удаленного диска</text>
      <target FeatureID="true_1537" href="SMART_HLP_REMOTEDRIVES_VIEWER.html">Получение конфигураций удаленных дисков</target>
      <target FeatureID="true_1537" href="SMART_HLP_REMOTEDRIVES_EDITOR.html">Установка конфигураций удаленных дисков</target>
   </keywords>
</keywords>