<?xml version="1.0" encoding="UTF-8"?>
<keywords>
   <keywords>
      <text FeatureID="-1">muzički centar</text>
      <target FeatureID="-1" href="MUS_HLP_TRACKS_VIEW.html">Pesme</target>
      <target FeatureID="-1" href="MUS_HLP_CATEGORY_VIEW.html">Muzičke kategorije</target>
      <target FeatureID="-1" href="MUS_HLP_PODCAST_MAIN_VIEW.html">Podcasti</target>
      <target FeatureID="-1" href="MUS_HLP_PODCAST_EPISODES.html">Epizode podcasta</target>
      <target FeatureID="-1" href="MUS_HLP_PLAYLISTS_VIEW.html">Muzičke liste za reprodukciju</target>
   </keywords>
   <keywords>
      <text FeatureID="-1">podcasting</text>
      <target FeatureID="-1" href="MUS_HLP_PODCAST_MAIN_VIEW.html">Podcasti</target>
      <target FeatureID="-1" href="MUS_HLP_PODCAST_EPISODES.html">Epizode podcasta</target>
   </keywords>
   <keywords>
      <text FeatureID="-1">liste za reprodukciju</text>
      <target FeatureID="-1" href="MUS_HLP_PLAYLISTS_VIEW.html">Muzičke liste za reprodukciju</target>
   </keywords>
   <keywords>
      <text FeatureID="-1">music player</text>
      <target FeatureID="-1" href="MUS_HLP_DOWNLOAD_PLAYBACK_VIEW.html">Play music on web</target>
      <target FeatureID="-1" href="MUS_HLP_LIB_MAIN_VIEW.html">Music library</target>
   </keywords>
   <keywords>
      <text FeatureID="-1">muzički plejer</text>
      <target FeatureID="-1" href="MUS_HLP_AUDIO_SETT.html">Audio podešavanja</target>
   </keywords>
   <keywords>
      <text FeatureID="-1">pojačivač basova</text>
      <target FeatureID="-1" href="MUS_HLP_AUDIO_SETT.html">Audio podešavanja</target>
   </keywords>
   <keywords>
      <text FeatureID="-1">stereo proširenje</text>
      <target FeatureID="-1" href="MUS_HLP_AUDIO_SETT.html">Audio podešavanja</target>
   </keywords>
</keywords>