<?xml version="1.0" encoding="UTF-8"?>
<keywords>
   <keywords>
      <text FeatureID="true_1091">Editor USSD</text>
      <target FeatureID="true_1091" href="USSD_HLP_EDITOR.html">Comandos de servicio</target>
   </keywords>
   <keywords>
      <text FeatureID="true_1091">comandos de servicio</text>
      <target FeatureID="true_1091" href="USSD_HLP_EDITOR.html">Comandos de servicio</target>
   </keywords>
   <keywords>
      <text FeatureID="true_1091">servicios de red</text>
      <target FeatureID="true_1091" href="USSD_HLP_EDITOR.html">Comandos de servicio</target>
   </keywords>
</keywords>