<?xml version="1.0" encoding="UTF-8"?>
<keywords>
   <keywords>
      <text FeatureID="-1">Audiothemen</text>
      <target FeatureID="-1" href="AUDIOTHEME_HLP_EVENTGROUPS.html">Audiothemen ändern</target>
      <target FeatureID="-1" href="SET_HLP_AUDIO_THEME_EVENTSLIST.html">Geräteereignissounds</target>
   </keywords>
   <keywords>
      <text FeatureID="-1">Gerät individuell gestalten</text>
      <target FeatureID="-1" href="AUDIOTHEME_HLP_EVENTGROUPS.html">Audiothemen ändern</target>
      <target FeatureID="-1" href="SET_HLP_AUDIO_THEME_EVENTSLIST.html">Geräteereignissounds</target>
   </keywords>
   <keywords>
      <text FeatureID="-1">Gerätesounds</text>
      <target FeatureID="-1" href="AUDIOTHEME_HLP_EVENTGROUPS.html">Audiothemen ändern</target>
      <target FeatureID="-1" href="SET_HLP_AUDIO_THEME_EVENTSLIST.html">Geräteereignissounds</target>
   </keywords>
</keywords>