<?xml version="1.0" encoding="UTF-8"?>
<keywords>
   <keywords>
      <text FeatureID="-1">ηχητικά θέματα</text>
      <target FeatureID="-1" href="AUDIOTHEME_HLP_EVENTGROUPS.html">Αλλαγή ηχ. θεμάτων</target>
      <target FeatureID="-1" href="SET_HLP_AUDIO_THEME_EVENTSLIST.html">Ήχοι συμβάντων της συσκευής</target>
   </keywords>
   <keywords>
      <text FeatureID="-1">διαμόρφωση συσκευής</text>
      <target FeatureID="-1" href="AUDIOTHEME_HLP_EVENTGROUPS.html">Αλλαγή ηχ. θεμάτων</target>
      <target FeatureID="-1" href="SET_HLP_AUDIO_THEME_EVENTSLIST.html">Ήχοι συμβάντων της συσκευής</target>
   </keywords>
   <keywords>
      <text FeatureID="-1">ήχοι της συσκευής</text>
      <target FeatureID="-1" href="AUDIOTHEME_HLP_EVENTGROUPS.html">Αλλαγή ηχ. θεμάτων</target>
      <target FeatureID="-1" href="SET_HLP_AUDIO_THEME_EVENTSLIST.html">Ήχοι συμβάντων της συσκευής</target>
   </keywords>
</keywords>