<?xml version="1.0" encoding="UTF-8"?>
<keywords>
   <keywords>
      <text FeatureID="true_1604">εκπαίδευση γραφής με το χέρι</text>
      <target FeatureID="true_1604" href="HWRT_HLP_MAIN_VIEW.html">Εκπαίδευση γραφής με το χέρι</target>
   </keywords>
   <keywords>
      <text FeatureID="true_1604">συντομεύσεις γραφής με το χέρι</text>
      <target FeatureID="true_1604" href="HWRT_HLP_SHORTCUTS_MAIN_VIEW.html">Συντομεύσεις γραφής με το χέρι</target>
   </keywords>
</keywords>