<?xml version="1.0" encoding="UTF-8"?>
<keywords>
   <keywords>
      <text FeatureID="true_13 true_1566">USB-kaapeliyhteys</text>
      <target FeatureID="true_13" href="USB_HLP_MAIN.html">USB-asetukset</target>
      <target FeatureID="true_1566" href="USB_HLP_PRINT_SETTINGS.html">Tulostinasetukset</target>
   </keywords>
   <keywords>
      <text FeatureID="true_13">kaapeliyhteys</text>
      <target FeatureID="true_13" href="USB_HLP_MAIN.html">USB-asetukset</target>
   </keywords>
   <keywords>
      <text FeatureID="true_1566">tulostaminen</text>
      <target FeatureID="true_1566" href="USB_HLP_PRINT_SETTINGS.html">Tulostinasetukset</target>
   </keywords>
   <keywords>
      <text FeatureID="true_1566">asetukset, tulostin</text>
      <target FeatureID="true_1566" href="USB_HLP_PRINT_SETTINGS.html">Tulostinasetukset</target>
   </keywords>
</keywords>