<?xml version="1.0" encoding="UTF-8"?>
<keywords>
   <keywords>
      <text FeatureID="-1">Kalender</text>
      <target FeatureID="-1" href="CALE_HLP_NOTE_ANNIVERSARY.html">Jahrestage</target>
      <target FeatureID="-1" href="CALE_HLP_NOTE_VIEWER.html">Kalendereinträge</target>
      <target FeatureID="-1" href="CALE_HLP_DAY_VIEW.html">Tagesansicht</target>
      <target FeatureID="-1" href="CALE_HLP_NOTE_MEETING.html">Besprechungen eintragen</target>
      <target FeatureID="-1" href="CALE_HLP_NOTE_DAY.html">Notizen eintragen</target>
      <target FeatureID="-1" href="CALE_HLP_MONTH_VIEW.html">Monatsansicht</target>
      <target FeatureID="-1" href="CALE_HLP_TODO_NOTE.html">Aufgabeneinträge</target>
      <target FeatureID="-1" href="CALE_HLP_TODO_VIEW.html">Aufgabenansicht</target>
      <target FeatureID="-1" href="CALE_HLP_WEEK_VIEW.html">Wochenansicht</target>
   </keywords>
   <keywords>
      <text FeatureID="-1">Jubiläumserinnerungen</text>
      <target FeatureID="-1" href="CALE_HLP_NOTE_ANNIVERSARY.html">Jahrestage</target>
      <target FeatureID="-1" href="CALE_HLP_NOTE_VIEWER.html">Kalendereinträge</target>
   </keywords>
   <keywords>
      <text FeatureID="-1">Besprechungen</text>
      <target FeatureID="-1" href="CALE_HLP_NOTE_VIEWER.html">Kalendereinträge</target>
      <target FeatureID="-1" href="CALE_HLP_NOTE_MEETING.html">Besprechungen eintragen</target>
   </keywords>
   <keywords>
      <text FeatureID="-1">Memos</text>
      <target FeatureID="-1" href="CALE_HLP_NOTE_VIEWER.html">Kalendereinträge</target>
      <target FeatureID="-1" href="CALE_HLP_NOTE_DAY.html">Notizen eintragen</target>
   </keywords>
   <keywords>
      <text FeatureID="-1">Aufgabennotizen</text>
      <target FeatureID="-1" href="CALE_HLP_NOTE_VIEWER.html">Kalendereinträge</target>
      <target FeatureID="-1" href="CALE_HLP_TODO_NOTE.html">Aufgabeneinträge</target>
   </keywords>
   <keywords>
      <text FeatureID="-1">Kalendereinstellungen</text>
      <target FeatureID="-1" href="CALE_HLP_SETTINGS.html">Kalendereinstellungen</target>
   </keywords>
   <keywords>
      <text FeatureID="-1">Aufgabenliste</text>
      <target FeatureID="-1" href="CALE_HLP_TODO_VIEW.html">Aufgabenansicht</target>
   </keywords>
</keywords>