<?xml version="1.0" encoding="UTF-8"?>
<keywords>
   <keywords>
      <text FeatureID="-1">аудиопалитри</text>
      <target FeatureID="-1" href="AUDIOTHEME_HLP_EVENTGROUPS.html">Смяна на аудиопалитри</target>
      <target FeatureID="-1" href="SET_HLP_AUDIO_THEME_EVENTSLIST.html">Звуци за събития на устройства</target>
   </keywords>
   <keywords>
      <text FeatureID="-1">персонализ. на у-вото</text>
      <target FeatureID="-1" href="AUDIOTHEME_HLP_EVENTGROUPS.html">Смяна на аудиопалитри</target>
      <target FeatureID="-1" href="SET_HLP_AUDIO_THEME_EVENTSLIST.html">Звуци за събития на устройства</target>
   </keywords>
   <keywords>
      <text FeatureID="-1">звуци на устройството</text>
      <target FeatureID="-1" href="AUDIOTHEME_HLP_EVENTGROUPS.html">Смяна на аудиопалитри</target>
      <target FeatureID="-1" href="SET_HLP_AUDIO_THEME_EVENTSLIST.html">Звуци за събития на устройства</target>
   </keywords>
</keywords>