<?xml version="1.0" encoding="UTF-8"?>
<keywords>
   <keywords>
      <text FeatureID="true_1604">научаване на почерк</text>
      <target FeatureID="true_1604" href="HWRT_HLP_MAIN_VIEW.html">Научаване на почерк</target>
   </keywords>
   <keywords>
      <text FeatureID="true_1604">команди за бърз достъп за почерк</text>
      <target FeatureID="true_1604" href="HWRT_HLP_SHORTCUTS_MAIN_VIEW.html">Команди за бърз достъп за почерк</target>
   </keywords>
</keywords>