<?xml version="1.0" encoding="UTF-8"?>
<keywords>
   <keywords>
      <text FeatureID="-1">อัตราแลกเปลี่ยน</text>
      <target FeatureID="-1" href="CNV_HLP_RATES.html">การตั้งค่าสกุลเงิน</target>
   </keywords>
   <keywords>
      <text FeatureID="-1">สกุลเงินหลัก</text>
      <target FeatureID="-1" href="CNV_HLP_RATES.html">การตั้งค่าสกุลเงิน</target>
   </keywords>
   <keywords>
      <text FeatureID="-1">การแปลงสกุลเงิน</text>
      <target FeatureID="-1" href="CNV_HLP_RATES.html">การตั้งค่าสกุลเงิน</target>
      <target FeatureID="-1" href="CNV_HLP_MAIN_STATE.html">การแปลงหน่วย</target>
   </keywords>
   <keywords>
      <text FeatureID="-1">ตัวแปลง</text>
      <target FeatureID="-1" href="CNV_HLP_MAIN_STATE.html">การแปลงหน่วย</target>
   </keywords>
</keywords>