<?xml version="1.0" encoding="UTF-8"?>
<keywords>
   <keywords>
      <text FeatureID="true_13 true_1566">ligação por cabo USB</text>
      <target FeatureID="true_13" href="USB_HLP_MAIN.html">Definições de USB</target>
      <target FeatureID="true_1566" href="USB_HLP_PRINT_SETTINGS.html">Definições da impressora</target>
   </keywords>
   <keywords>
      <text FeatureID="true_13">ligação por cabo</text>
      <target FeatureID="true_13" href="USB_HLP_MAIN.html">Definições de USB</target>
   </keywords>
   <keywords>
      <text FeatureID="true_1566">impressão</text>
      <target FeatureID="true_1566" href="USB_HLP_PRINT_SETTINGS.html">Definições da impressora</target>
   </keywords>
   <keywords>
      <text FeatureID="true_1566">definições, impressora</text>
      <target FeatureID="true_1566" href="USB_HLP_PRINT_SETTINGS.html">Definições da impressora</target>
   </keywords>
</keywords>