<?xml version="1.0" encoding="UTF-8"?><?xml-stylesheet  href="../../theme/xsl/index2html.xslt" type="text/xsl"?>
<topics FeatureID="-1" title="ترتیبات" compressed="true">
   <topicref FeatureID="-1" href="SET_HLP_SETTINGS_KEYPAD_COVER.html" navtitle="سلائڈ سنبھالنے کی ترتیبات"/>
   <topicref FeatureID="-1" href="CP_HLP_ADMINISTRATIVE_SETTINGS.html" navtitle="انتظامی ترتیبات"/>
   <topicref FeatureID="-1" href="CP_HLP_DEVICE_MANAGEMENT.html" navtitle="آلے کا انتظام"/>
   <topicref FeatureID="true_109" href="SET_HLP_WLAN_WPA_MAIN.html" navtitle="WPA کي حفاظتي ترتيبات"/>
   <topicref FeatureID="true_109" href="SET_HLP_WLAN_8021X_MAIN.html" navtitle="‪802.1x‬ حفاظتي ترتيبات"/>
   <topicref FeatureID="true_109" href="SET_HLP_WLAN_EAP_PLUGINS_IAP.html" navtitle="EAP کي ترتيبات"/>
   <topicref FeatureID="true_109" href="SET_HLP_WLAN_EAP_AKA.html" navtitle="‪EAP-AKA‬ کي ترتيبات"/>
   <topicref FeatureID="true_109" href="SET_HLP_WLAN_EAP_SIM.html" navtitle="EAP-SIM کي ترتيبات"/>
   <topicref FeatureID="true_109" href="SET_HLP_WLAN_EAP_GTC.html" navtitle="‪EAP-GTC‬ کي ترتيبات"/>
   <topicref FeatureID="true_109" href="SET_HLP_WLAN_EAP_TTLS_TYPES.html" navtitle="EAP-TTLS کي تصديق کے طريقے"/>
   <topicref FeatureID="true_109" href="SET_HLP_WLAN_EAP_TTLS_SUITES.html" navtitle="سائفر سوٹ برائے ‪EAP-TTLS‬"/>
   <topicref FeatureID="true_109" href="SET_HLP_WLAN_EAP_TTLS_SETT.html" navtitle="EAP-TTLS کي ترتيبات"/>
   <topicref FeatureID="true_109" href="SET_HLP_WLAN_EAP_TLS_SUITES.html" navtitle="سائفر سوٹ برائے ‪EAP-TLS‬"/>
   <topicref FeatureID="true_109" href="SET_HLP_WLAN_EAP_TLS_SETT.html" navtitle="EAP-TLS کي ترتيبات"/>
   <topicref FeatureID="true_109" href="SET_HLP_WLAN_EAP_PEAP_TYPES.html" navtitle="‪EAP-PEAP‬ کے تصديقي طريقے"/>
   <topicref FeatureID="true_109" href="SET_HLP_WLAN_EAP_PEAP_SUITES.html" navtitle="سائفر سوٹ برائے ‪EAP-PEAP‬"/>
   <topicref FeatureID="true_109" href="SET_HLP_WLAN_EAP_PEAP_SETT.html" navtitle="‪EAP-PEAP‬ کي ترتيبات"/>
   <topicref FeatureID="true_109" href="SET_HLP_WLAN_EAP_MSCHAPV2.html" navtitle="‪EAP-MSCHAPV2‬ ترتيبات"/>
   <topicref FeatureID="true_109" href="SET_HLP_WLAN_EAP_PLAIN_MSCHAP.html" navtitle="سادہ MSCHAPV2 کي ترتيبات"/>
   <topicref FeatureID="true_177" href="SET_HLP_WLAN_EAP_LEAP.html" navtitle="‪EAP-LEAP‬ کي ترتيبات"/>
   <topicref FeatureID="true_177" href="SET_HLP_WLAN_EAP_FAST_TYPES.html" navtitle="‪EAP-FAST‬ کے تصديقي طريقے"/>
   <topicref FeatureID="true_177" href="SET_HLP_WLAN_EAP_FAST_SUITES.html" navtitle="سائفر سوٹ"/>
   <topicref FeatureID="true_177" href="SET_HLP_WLAN_EAP_FAST_SETT.html" navtitle="‪EAP-FAST‬ کي ترتيبات"/>
   <topicref FeatureID="true_109" href="SET_HLP_WLAN_EAP_PAP.html" navtitle="PAP ترتیبات"/>
   <topicref FeatureID="true_109" href="SET_HLP_WLAN_WEP_KEY_SETT.html" navtitle="‪WEP‬ کي تفاسیر ميں ترميم کريں"/>
   <topicref FeatureID="true_109" href="SET_HLP_WLAN_WEP_MAIN.html" navtitle="‪WEP‬ کي حفاظتي ترتيبات"/>
   <topicref FeatureID="-1" href="ACL_HLP_MAIN.html" navtitle="کنکشن محدود کريں"/>
   <topicref FeatureID="-1" href="SIP_HLP_PROF_PARAMS.html" navtitle="SIP پروفائل کي ترتيبات"/>
   <topicref FeatureID="-1" href="SIP_HLP_MAIN.html" navtitle="SIP پروفائل"/>
   <topicref FeatureID="-1" href="SIP_HLP_PROXY_PARAMS.html" navtitle="SIP پراکسي کي ترتيبات"/>
   <topicref FeatureID="-1" href="SIP_HLP_REGISTRAR_PARAM.html" navtitle="رجسٹرار سرور کي ترتيبات"/>
   <topicref FeatureID="-1" href="HLP_OCC_CONN_SETTINGS.html" navtitle="نیٹ ورک کنکشنیں"/>
   <topicref FeatureID="-1" href="SET_HLP_CONN_DEST_VIEW.html" navtitle="منزلوں کا ويو"/>
   <topicref FeatureID="-1" href="SET_HLP_DEFAULT_CONN.html" navtitle="ڈيفالٹ کنکشن"/>
   <topicref FeatureID="true_99" href="SET_HLP_VPN_DEST_ASSOC_VIEW.html" navtitle="VPN کنکشن"/>
   <topicref FeatureID="-1" href="SET_HLP_CONN_METHODS_VIEW.html" navtitle="مختلف نقطوں کو چلائیں"/>
   <topicref FeatureID="-1" href="SET_HLP_APP_DEST_ASSOC_VIEW.html" navtitle="پروگرام کے کنیکشن"/>
   <topicref FeatureID="-1" href="CP_HLP_APPILICATION_SETTINGS.html" navtitle="پروگ ترتيب"/>
   <topicref FeatureID="-1" href="SCP_HLP_CALL.html" navtitle="کال کي ترتيبات"/>
   <topicref FeatureID="-1" href="CP_HLP_CONNECTIVITY.html" navtitle="کنکشن کی قابلیت کی ترتیبات"/>
   <topicref FeatureID="-1" href="CP_HLP_DISPLAY.html" navtitle="ڈسپلے کي ترتيبات"/>
   <topicref FeatureID="-1" href="CP_HLP_DEVICE.html" navtitle="آلے کي ترتيبات"/>
   <topicref FeatureID="-1" href="CP_HLP_LANGUAGE.html" navtitle="زبان کي ترتيبات"/>
   <topicref FeatureID="-1" href="CP_HLP_MAIN_VIEW.html" navtitle="ترتيبات"/>
   <topicref FeatureID="-1" href="CP_HLP_NETWORK.html" navtitle="نيٹ ورک کي ترتيبات"/>
   <topicref FeatureID="true_410" href="CP_HLP_PEN_INPUT.html" navtitle="ٹچ مداخلے کی ترتیبات"/>
   <topicref FeatureID="-1" href="CP_HLP_PERSONAL.html" navtitle="ذاتی ویو"/>
   <topicref FeatureID="-1" href="CP_HLP_SECURITY.html" navtitle="حفاظتي ترتيبات"/>
   <topicref FeatureID="-1" href="SET_HLP_SECURITY_DEVICE_SIM.html" navtitle="آلے کی حفاظت"/>
   <topicref FeatureID="-1" href="CP_HLP_TELEPHONY.html" navtitle="ٹیلی فونی ترتیبات"/>
   <topicref FeatureID="__DUAL_LANGUAGE_SUPPORT=true" href="CP_HLP_WRITING_LANGUAGE.html" navtitle="لکھنے کی زبان"/>
   <topicref FeatureID="-1" href="SET_HLP_ACCESSORIES_LIST.html" navtitle="اسیسری ترتیبات"/>
   <topicref FeatureID="-1" href="SSET_HLP_MAIN_VIEW.html" navtitle="ترتیبات"/>
   <topicref FeatureID="-1" href="SET_HLP_AP_SETTING_GPRS.html" navtitle="پيکٹ ڈيٹا کا نقطہ رسائي"/>
   <topicref FeatureID="-1" href="SET_HLP_AP_SETTING_GPRS_AS.html" navtitle="پيکٹ ڈيٹا سیٹ"/>
   <topicref FeatureID="true_110" href="SET_HLP_AP_DATA_AS_IPV4.html" navtitle="ڈيٹا کال ‪IPv4‬ کي ترتيبات"/>
   <topicref FeatureID="true_1088" href="SET_HLP_AP_DATA_AS_IPV6.html" navtitle="ڈيٹا کال ‪IPv6‬ کي ترتيبات"/>
   <topicref FeatureID="true_110" href="SET_HLP_AP_SETTING_DATA.html" navtitle="ڈيٹا کال نقطہ رسائي"/>
   <topicref FeatureID="true_110" href="SET_HLP_AP_SETTING_DATA_AS.html" navtitle="ڈيٹا کال کي اضافي ترتيبات"/>
   <topicref FeatureID="true_109" href="SET_HLP_AP_SETTING_WLAN_AS.html" navtitle="اضافي WLAN ترتيبات"/>
   <topicref FeatureID="-1" href="SET_HLP_VPN_AP_SETTINGS_VIEW.html" navtitle="VPN نقطہ رسائی ترمیم کریں"/>
   <topicref FeatureID="true_109" href="SET_HLP_AP_SETTING_WLAN.html" navtitle="WLAN کا نقطہ رسائي"/>
   <topicref FeatureID="true_109" href="SET_HLP_AP_WLAN_AS_IPV4.html" navtitle="WLAN IPv4 کي ترتيبات"/>
   <topicref FeatureID="true_109" href="SET_HLP_AP_WLAN_AS_IPV6.html" navtitle="WLAN IPv6 کي ترتيبات"/>
   <topicref FeatureID="-1" href="CP_HLP_AUTOKEYGUARD.html" navtitle="خودکار بٹن محافظ"/>
   <topicref FeatureID="true_1581" href="RD_HLP_REMOTE_DRIVE_CONFIG.html" navtitle="ريموٹ ڈرائيو کي ترتيبات"/>
   <topicref FeatureID="true_1581" href="RD_HLP_REMOTE_DRIVES.html" navtitle="ريموٹ ڈرائيوز"/>
   <topicref FeatureID="-1" href="CP_HLP_NETWORK.html" navtitle="نيٹ ورک کي ترتيبات"/>
   <topicref FeatureID="-1" href="SET_HLP_BARRING_SETTINGS.html" navtitle="فون کال بندش"/>
   <topicref FeatureID="true_298" href="DIV_HLP_BARRING_MAIN.html" navtitle="کال پر پابندي"/>
   <topicref FeatureID="true_89" href="DIV_HLP_CALL_FORW_VID.html" navtitle="ویڈیو کالیں منتقل کریں"/>
   <topicref FeatureID="-1" href="DIV_HLP_CALL_FORW_MAIN.html" navtitle="کال منتقل"/>
   <topicref FeatureID="-1" href="DIV_HLP_CALL_FORW_VOI.html" navtitle="صوتي کال منتقل کرنا"/>
   <topicref FeatureID="true_298" href="DIV_HLP_CALL_FORW_VOIP.html" navtitle="انٹرنيٹ کال بندش"/>
   <topicref FeatureID="true_109" href="SET_HLP_WLAN_SETTINGS.html" navtitle="WLAN ترتيبات"/>
   <topicref FeatureID="-1" href="CP_HLP_SYNCHRONISATION.html" navtitle="ترتیباتِ ہمزمانگی"/>
   <topicref FeatureID="-1" href="CP_HLP_INSTALLATIONS.html" navtitle="تنصیبات"/>
   <topicref FeatureID="-1" href="SET_HLP_ACCESSORIES_HEADPHONE.html" navtitle="ہيڈ فون کي ترتيبات"/>
   <topicref FeatureID="-1" href="SET_HLP_ACCESSORIES_HEADSET.html" navtitle="ہيڈ سيٹ کي ترتيبات"/>
   <topicref FeatureID="-1" href="SET_HLP_ACCESS_WIRED_CK.html" navtitle="تار والے کار کٹ کی ترتیبات"/>
   <topicref FeatureID="-1" href="SET_HLP_ACCESS_WIRELESS_CK.html" navtitle="وائرليس کارکٹ کي ترتيبات"/>
   <topicref FeatureID="-1" href="SET_HLP_ACCESSORIES_LOOPSET.html" navtitle="لوپ سيٹ کي ترتيبات"/>
   <topicref FeatureID="-1" href="SET_HLP_ACCESSORIES_MUSIC_ST.html" navtitle="ميوزک اسٹينڈ کي ترتيبات"/>
   <topicref FeatureID="true_1032" href="SET_HLP_ACCESSORIES_TTY.html" navtitle="ٹيکسٹ فون کي ترتيبات"/>
   <topicref FeatureID="true_1540" href="SET_HLP_ACCESSORIES_TVOUT.html" navtitle="TV آؤٹ کي ترتيبات"/>
   <topicref FeatureID="true_410" href="PREDINPUT_HLP_VIRTUAL_ITI_SETTINGS.html" navtitle="ترتیبات اندراج"/>
   <topicref FeatureID="-1" href="PREDINPUT_HLP_VIRTUAL_ITI.html" navtitle="عاقلانہ ٹیکسٹ اندراج"/>
   <topicref FeatureID="-1" href="PREDINPUT_HLP_USERDICT.html" navtitle="صارف لغت کی ترمیم"/>
   <topicref FeatureID="-1" href="SET_HLP_GENERAL_ORIG_SET.html" navtitle="اصل ترتيبات کو بحال کريں"/>
</topics>