<?xml version="1.0" encoding="UTF-8"?>
<keywords>
   <keywords>
      <text FeatureID="-1">ترتيبات, سلائڈ</text>
      <target FeatureID="-1" href="SET_HLP_SETTINGS_KEYPAD_COVER.html">سلائڈ سنبھالنے کی ترتیبات</target>
   </keywords>
   <keywords>
      <text FeatureID="-1">سلائڈ ترتیبات</text>
      <target FeatureID="-1" href="SET_HLP_SETTINGS_KEYPAD_COVER.html">سلائڈ سنبھالنے کی ترتیبات</target>
   </keywords>
   <keywords>
      <text FeatureID="-1">آلے کا انتظام</text>
      <target FeatureID="-1" href="CP_HLP_DEVICE_MANAGEMENT.html">آلے کا انتظام</target>
   </keywords>
   <keywords>
      <text FeatureID="true_109">EAP‏ (قابل توسیع توثیقی پروٹوکول)</text>
      <target FeatureID="true_109" href="SET_HLP_WLAN_EAP_SIM.html">EAP-SIM کي ترتيبات</target>
   </keywords>
   <keywords>
      <text FeatureID="true_109">ترتيبات, WLAN</text>
      <target FeatureID="true_109" href="SET_HLP_WLAN_EAP_SIM.html">EAP-SIM کي ترتيبات</target>
   </keywords>
   <keywords>
      <text FeatureID="-1">نقطہائے رسائی کو مسدود کرنا</text>
      <target FeatureID="-1" href="ACL_HLP_MAIN.html">کنکشن محدود کريں</target>
   </keywords>
   <keywords>
      <text FeatureID="-1">کنکشن کي ترتيبات</text>
      <target FeatureID="-1" href="SIP_HLP_PROF_PARAMS.html">SIP پروفائل کي ترتيبات</target>
      <target FeatureID="-1" href="SIP_HLP_MAIN.html">SIP پروفائل</target>
      <target FeatureID="-1" href="SET_HLP_CONN_DEST_VIEW.html">منزلوں کا ويو</target>
      <target FeatureID="-1" href="SET_HLP_DEFAULT_CONN.html">ڈيفالٹ کنکشن</target>
      <target FeatureID="-1" href="SET_HLP_CONN_METHODS_VIEW.html">مختلف نقطوں کو چلائیں</target>
      <target FeatureID="true_1581" href="RD_HLP_REMOTE_DRIVE_CONFIG.html">ريموٹ ڈرائيو کي ترتيبات</target>
      <target FeatureID="true_1581" href="RD_HLP_REMOTE_DRIVES.html">ريموٹ ڈرائيوز</target>
   </keywords>
   <keywords>
      <text FeatureID="-1">SIP کي ترتيبات</text>
      <target FeatureID="-1" href="SIP_HLP_PROF_PARAMS.html">SIP پروفائل کي ترتيبات</target>
      <target FeatureID="-1" href="SIP_HLP_MAIN.html">SIP پروفائل</target>
      <target FeatureID="-1" href="SIP_HLP_PROXY_PARAMS.html">SIP پراکسي کي ترتيبات</target>
      <target FeatureID="-1" href="SIP_HLP_REGISTRAR_PARAM.html">رجسٹرار سرور کي ترتيبات</target>
   </keywords>
   <keywords>
      <text FeatureID="-1">رجسٹرار سرور</text>
      <target FeatureID="-1" href="SIP_HLP_REGISTRAR_PARAM.html">رجسٹرار سرور کي ترتيبات</target>
   </keywords>
   <keywords>
      <text FeatureID="-1">رسائی مقامات</text>
      <target FeatureID="-1" href="HLP_OCC_CONN_SETTINGS.html">نیٹ ورک کنکشنیں</target>
      <target FeatureID="-1" href="SET_HLP_AP_SETTING_GPRS.html">پيکٹ ڈيٹا کا نقطہ رسائي</target>
      <target FeatureID="true_109" href="SET_HLP_AP_SETTING_WLAN.html">WLAN کا نقطہ رسائي</target>
   </keywords>
   <keywords>
      <text FeatureID="-1">ترتيبات, کنکشن</text>
      <target FeatureID="-1" href="HLP_OCC_CONN_SETTINGS.html">نیٹ ورک کنکشنیں</target>
   </keywords>
   <keywords>
      <text FeatureID="-1">منزلوں کي ترتيبات</text>
      <target FeatureID="-1" href="SET_HLP_CONN_DEST_VIEW.html">منزلوں کا ويو</target>
   </keywords>
   <keywords>
      <text FeatureID="-1">ڈيفالٹ کنکشن</text>
      <target FeatureID="-1" href="SET_HLP_DEFAULT_CONN.html">ڈيفالٹ کنکشن</target>
   </keywords>
   <keywords>
      <text FeatureID="-1">VPN کے نقاط رسائي</text>
      <target FeatureID="true_99" href="SET_HLP_VPN_DEST_ASSOC_VIEW.html">VPN کنکشن</target>
      <target FeatureID="-1" href="SET_HLP_VPN_AP_SETTINGS_VIEW.html">VPN نقطہ رسائی ترمیم کریں</target>
   </keywords>
   <keywords>
      <text FeatureID="-1">نقاط رسائي</text>
      <target FeatureID="-1" href="SET_HLP_CONN_METHODS_VIEW.html">مختلف نقطوں کو چلائیں</target>
   </keywords>
   <keywords>
      <text FeatureID="-1">پروگرام کنکشنز</text>
      <target FeatureID="-1" href="SET_HLP_APP_DEST_ASSOC_VIEW.html">پروگرام کے کنیکشن</target>
   </keywords>
   <keywords>
      <text FeatureID="-1">پروگرام ترتيبات</text>
      <target FeatureID="-1" href="CP_HLP_APPILICATION_SETTINGS.html">پروگ ترتيب</target>
   </keywords>
   <keywords>
      <text FeatureID="-1">کالز, ترتيبات</text>
      <target FeatureID="-1" href="SCP_HLP_CALL.html">کال کي ترتيبات</target>
   </keywords>
   <keywords>
      <text FeatureID="-1">ترتيبات, کالز</text>
      <target FeatureID="-1" href="SCP_HLP_CALL.html">کال کي ترتيبات</target>
   </keywords>
   <keywords>
      <text FeatureID="-1">کنکشن کي قابليت</text>
      <target FeatureID="-1" href="CP_HLP_CONNECTIVITY.html">کنکشن کی قابلیت کی ترتیبات</target>
   </keywords>
   <keywords>
      <text FeatureID="-1">کنٹرول پینل</text>
      <target FeatureID="-1" href="CP_HLP_DISPLAY.html">ڈسپلے کي ترتيبات</target>
      <target FeatureID="__DUAL_LANGUAGE_SUPPORT=true" href="CP_HLP_WRITING_LANGUAGE.html">لکھنے کی زبان</target>
   </keywords>
   <keywords>
      <text FeatureID="-1">ڈسپلے کي ترتيبات</text>
      <target FeatureID="-1" href="CP_HLP_DISPLAY.html">ڈسپلے کي ترتيبات</target>
   </keywords>
   <keywords>
      <text FeatureID="-1">عام ترتيبات</text>
      <target FeatureID="-1" href="CP_HLP_DEVICE.html">آلے کي ترتيبات</target>
   </keywords>
   <keywords>
      <text FeatureID="-1">آلے کي ترتيبات</text>
      <target FeatureID="-1" href="CP_HLP_DEVICE.html">آلے کي ترتيبات</target>
   </keywords>
   <keywords>
      <text FeatureID="-1">زبان کي ترتيبات</text>
      <target FeatureID="-1" href="CP_HLP_LANGUAGE.html">زبان کي ترتيبات</target>
   </keywords>
   <keywords>
      <text FeatureID="-1">ترتيبات</text>
      <target FeatureID="-1" href="CP_HLP_MAIN_VIEW.html">ترتيبات</target>
   </keywords>
   <keywords>
      <text FeatureID="-1">نيٹ ورک کي ترتيبات</text>
      <target FeatureID="-1" href="CP_HLP_NETWORK.html">نيٹ ورک کي ترتيبات</target>
      <target FeatureID="-1" href="CP_HLP_NETWORK.html">نيٹ ورک کي ترتيبات</target>
   </keywords>
   <keywords>
      <text FeatureID="-1">وضع</text>
      <target FeatureID="-1" href="CP_HLP_PERSONAL.html">ذاتی ویو</target>
   </keywords>
   <keywords>
      <text FeatureID="-1">موضوع</text>
      <target FeatureID="-1" href="CP_HLP_PERSONAL.html">ذاتی ویو</target>
   </keywords>
   <keywords>
      <text FeatureID="-1">اسٹينڈبائي</text>
      <target FeatureID="-1" href="CP_HLP_PERSONAL.html">ذاتی ویو</target>
   </keywords>
   <keywords>
      <text FeatureID="-1">محافظت, ترتيبات</text>
      <target FeatureID="-1" href="CP_HLP_SECURITY.html">حفاظتي ترتيبات</target>
   </keywords>
   <keywords>
      <text FeatureID="-1">ترتيبات, محافظت</text>
      <target FeatureID="-1" href="CP_HLP_SECURITY.html">حفاظتي ترتيبات</target>
   </keywords>
   <keywords>
      <text FeatureID="-1">آلہ, مقفل کرنا</text>
      <target FeatureID="-1" href="SET_HLP_SECURITY_DEVICE_SIM.html">آلے کی حفاظت</target>
   </keywords>
   <keywords>
      <text FeatureID="-1">محافظت</text>
      <target FeatureID="-1" href="SET_HLP_SECURITY_DEVICE_SIM.html">آلے کی حفاظت</target>
   </keywords>
   <keywords>
      <text FeatureID="__DUAL_LANGUAGE_SUPPORT=true">لکھنے کی زبان</text>
      <target FeatureID="__DUAL_LANGUAGE_SUPPORT=true" href="CP_HLP_WRITING_LANGUAGE.html">لکھنے کی زبان</target>
   </keywords>
   <keywords>
      <text FeatureID="-1">اسیسری ترتیبات</text>
      <target FeatureID="-1" href="SET_HLP_ACCESSORIES_LIST.html">اسیسری ترتیبات</target>
      <target FeatureID="-1" href="SET_HLP_ACCESSORIES_HEADPHONE.html">ہيڈ فون کي ترتيبات</target>
      <target FeatureID="-1" href="SET_HLP_ACCESSORIES_HEADSET.html">ہيڈ سيٹ کي ترتيبات</target>
      <target FeatureID="-1" href="SET_HLP_ACCESS_WIRED_CK.html">تار والے کار کٹ کی ترتیبات</target>
      <target FeatureID="true_1032" href="SET_HLP_ACCESSORIES_TTY.html">ٹيکسٹ فون کي ترتيبات</target>
      <target FeatureID="true_1540" href="SET_HLP_ACCESSORIES_TVOUT.html">TV آؤٹ کي ترتيبات</target>
   </keywords>
   <keywords>
      <text FeatureID="-1">پيکٹ ڈيٹا کا نقطہ رسائي</text>
      <target FeatureID="-1" href="SET_HLP_AP_SETTING_GPRS.html">پيکٹ ڈيٹا کا نقطہ رسائي</target>
   </keywords>
   <keywords>
      <text FeatureID="-1">ترتيبات پيکٹ ڈيٹا</text>
      <target FeatureID="-1" href="SET_HLP_AP_SETTING_GPRS_AS.html">پيکٹ ڈيٹا سیٹ</target>
   </keywords>
   <keywords>
      <text FeatureID="-1">پيکٹ ڈيٹا نقاط رسائي</text>
      <target FeatureID="-1" href="SET_HLP_AP_SETTING_GPRS_AS.html">پيکٹ ڈيٹا سیٹ</target>
   </keywords>
   <keywords>
      <text FeatureID="-1">‏VPN (ورچوئل پرائیویٹ نیٹ ورک)</text>
      <target FeatureID="-1" href="SET_HLP_VPN_AP_SETTINGS_VIEW.html">VPN نقطہ رسائی ترمیم کریں</target>
   </keywords>
   <keywords>
      <text FeatureID="true_109">‏WLAN (وائرلیس مقامی علاقہ نیٹ ورک)</text>
      <target FeatureID="true_109" href="SET_HLP_AP_SETTING_WLAN.html">WLAN کا نقطہ رسائي</target>
   </keywords>
   <keywords>
      <text FeatureID="-1">بٹن محافظ</text>
      <target FeatureID="-1" href="CP_HLP_AUTOKEYGUARD.html">خودکار بٹن محافظ</target>
   </keywords>
   <keywords>
      <text FeatureID="true_1581">ريموٹ ڈرائيوز</text>
      <target FeatureID="true_1581" href="RD_HLP_REMOTE_DRIVE_CONFIG.html">ريموٹ ڈرائيو کي ترتيبات</target>
      <target FeatureID="true_1581" href="RD_HLP_REMOTE_DRIVES.html">ريموٹ ڈرائيوز</target>
   </keywords>
   <keywords>
      <text FeatureID="-1">کال پر بندش</text>
      <target FeatureID="-1" href="SET_HLP_BARRING_SETTINGS.html">فون کال بندش</target>
      <target FeatureID="true_298" href="DIV_HLP_BARRING_MAIN.html">کال پر پابندي</target>
   </keywords>
   <keywords>
      <text FeatureID="-1">کال بندش</text>
      <target FeatureID="-1" href="SET_HLP_BARRING_SETTINGS.html">فون کال بندش</target>
      <target FeatureID="true_298" href="DIV_HLP_BARRING_MAIN.html">کال پر پابندي</target>
   </keywords>
   <keywords>
      <text FeatureID="-1">کال منتقل کرنا</text>
      <target FeatureID="true_89" href="DIV_HLP_CALL_FORW_VID.html">ویڈیو کالیں منتقل کریں</target>
      <target FeatureID="-1" href="DIV_HLP_CALL_FORW_MAIN.html">کال منتقل</target>
      <target FeatureID="-1" href="DIV_HLP_CALL_FORW_VOI.html">صوتي کال منتقل کرنا</target>
   </keywords>
   <keywords>
      <text FeatureID="-1">کال آگے بڑھانا</text>
      <target FeatureID="-1" href="DIV_HLP_CALL_FORW_MAIN.html">کال منتقل</target>
   </keywords>
   <keywords>
      <text FeatureID="-1">سنکرونائزیشن ترتیبات</text>
      <target FeatureID="-1" href="CP_HLP_SYNCHRONISATION.html">ترتیباتِ ہمزمانگی</target>
   </keywords>
   <keywords>
      <text FeatureID="-1">تنصیب شدہ پروگرام</text>
      <target FeatureID="-1" href="CP_HLP_INSTALLATIONS.html">تنصیبات</target>
   </keywords>
   <keywords>
      <text FeatureID="-1">ہيڈ فون کي ترتيبات</text>
      <target FeatureID="-1" href="SET_HLP_ACCESSORIES_HEADPHONE.html">ہيڈ فون کي ترتيبات</target>
   </keywords>
   <keywords>
      <text FeatureID="-1">ہيڈسيٹ کي ترتيبات</text>
      <target FeatureID="-1" href="SET_HLP_ACCESSORIES_HEADSET.html">ہيڈ سيٹ کي ترتيبات</target>
   </keywords>
   <keywords>
      <text FeatureID="-1">تار والے کار کٹ کی ترتیبات</text>
      <target FeatureID="-1" href="SET_HLP_ACCESS_WIRED_CK.html">تار والے کار کٹ کی ترتیبات</target>
   </keywords>
   <keywords>
      <text FeatureID="-1">کارکٹ کي ترتيبات</text>
      <target FeatureID="-1" href="SET_HLP_ACCESS_WIRED_CK.html">تار والے کار کٹ کی ترتیبات</target>
   </keywords>
   <keywords>
      <text FeatureID="-1">ميوزک اسٹينڈ کي ترتيبات</text>
      <target FeatureID="-1" href="SET_HLP_ACCESSORIES_MUSIC_ST.html">ميوزک اسٹينڈ کي ترتيبات</target>
   </keywords>
   <keywords>
      <text FeatureID="true_1032">TTY کي ترتيبات</text>
      <target FeatureID="true_1032" href="SET_HLP_ACCESSORIES_TTY.html">ٹيکسٹ فون کي ترتيبات</target>
   </keywords>
   <keywords>
      <text FeatureID="true_1032">TDD کي ترتيبات</text>
      <target FeatureID="true_1032" href="SET_HLP_ACCESSORIES_TTY.html">ٹيکسٹ فون کي ترتيبات</target>
   </keywords>
   <keywords>
      <text FeatureID="true_1540">TV آؤٹ کي ترتيبات</text>
      <target FeatureID="true_1540" href="SET_HLP_ACCESSORIES_TVOUT.html">TV آؤٹ کي ترتيبات</target>
   </keywords>
   <keywords>
      <text FeatureID="true_410">ٹيکسٹ مداخلہ</text>
      <target FeatureID="true_410" href="PREDINPUT_HLP_VIRT_ITI_SETT.html">ترتیبات اندراج</target>
   </keywords>
   <keywords>
      <text FeatureID="-1">عاقلانہ ٹیکسٹ اندراج</text>
      <target FeatureID="-1" href="PREDINPUT_HLP_VIRTUAL_ITI.html">عاقلانہ ٹیکسٹ اندراج</target>
   </keywords>
   <keywords>
      <text FeatureID="-1">ترتيبات, بحال کرنا</text>
      <target FeatureID="-1" href="SET_HLP_GENERAL_ORIG_SET.html">اصل ترتيبات کو بحال کريں</target>
   </keywords>
   <keywords>
      <text FeatureID="-1">ترتیبات بحال کرنا</text>
      <target FeatureID="-1" href="SET_HLP_GENERAL_ORIG_SET.html">اصل ترتيبات کو بحال کريں</target>
   </keywords>
   <keywords>
      <text FeatureID="-1">فیکٹری ترتیبات، بحال کرنا</text>
      <target FeatureID="-1" href="SET_HLP_GENERAL_ORIG_SET.html">اصل ترتيبات کو بحال کريں</target>
   </keywords>
</keywords>