<?xml version="1.0" encoding="UTF-8"?>
<keywords>
   <keywords>
      <text FeatureID="-1">GPS dati</text>
      <target FeatureID="-1" href="HLP_BLID_NAVIGATION.html">Navigācijas skats</target>
      <target FeatureID="false_112" href="BLID_HLP_WAYPOINTS.html">Saglabātās atrašanās vietas</target>
      <target FeatureID="-1" href="HLP_BLID_TRIPMETER.html">Attāluma apskate</target>
   </keywords>
   <keywords>
      <text FeatureID="-1">navigācija uz mērķi</text>
      <target FeatureID="-1" href="HLP_BLID_NAVIGATION.html">Navigācijas skats</target>
   </keywords>
   <keywords>
      <text FeatureID="false_112">atrašanās vietu saglabāšana</text>
      <target FeatureID="false_112" href="BLID_HLP_WAYPOINTS.html">Saglabātās atrašanās vietas</target>
   </keywords>
   <keywords>
      <text FeatureID="-1">navigatora uzstādījumi</text>
      <target FeatureID="-1" href="BLID_HLP_SETTINGS.html">GPS datu uzstādījumi</target>
   </keywords>
   <keywords>
      <text FeatureID="-1">GPS datu uzstādījumi</text>
      <target FeatureID="-1" href="BLID_HLP_SETTINGS.html">GPS datu uzstādījumi</target>
   </keywords>
   <keywords>
      <text FeatureID="-1">informācija par ceļojumu</text>
      <target FeatureID="-1" href="HLP_BLID_TRIPMETER.html">Attāluma apskate</target>
   </keywords>
   <keywords>
      <text FeatureID="-1">ceļojuma informācija</text>
      <target FeatureID="-1" href="HLP_BLID_TRIPMETER.html">Attāluma apskate</target>
   </keywords>
</keywords>