<?xml version="1.0" encoding="UTF-8"?>
<keywords>
   <keywords>
      <text FeatureID="-1">myöntäjän varmenteet</text>
      <target FeatureID="-1" href="CM_HLP_AUTHORITY.html">Myöntäjän varmenteet</target>
   </keywords>
   <keywords>
      <text FeatureID="-1">varmenteet</text>
      <target FeatureID="-1" href="CM_HLP_AUTHORITY.html">Myöntäjän varmenteet</target>
      <target FeatureID="-1" href="CM_HLP_AUTHORITY.html">Myöntäjän varmenteet</target>
      <target FeatureID="-1" href="CM_HLP_DEVICE.html">Laitevarmenteet</target>
      <target FeatureID="-1" href="CM_HLP_MAIN.html">Varmenteiden hallinta</target>
      <target FeatureID="-1" href="CM_HLP_MAIN.html">Varmenteiden hallinta</target>
      <target FeatureID="-1" href="CM_HLP_PERSONAL.html">Omat varmenteet</target>
      <target FeatureID="-1" href="CM_HLP_TRUSTED_SITE.html">Luotettujen sivustojen varmenteet</target>
      <target FeatureID="-1" href="CM_HLP_TRUST_SETTINGS.html">Luottamusasetusten muokkaus</target>
   </keywords>
   <keywords>
      <text FeatureID="-1">laitevarmenteet</text>
      <target FeatureID="-1" href="CM_HLP_DEVICE.html">Laitevarmenteet</target>
   </keywords>
   <keywords>
      <text FeatureID="-1">omat varmenteet</text>
      <target FeatureID="-1" href="CM_HLP_PERSONAL.html">Omat varmenteet</target>
   </keywords>
   <keywords>
      <text FeatureID="-1">luotettujen sivustojen varmenteet</text>
      <target FeatureID="-1" href="CM_HLP_TRUSTED_SITE.html">Luotettujen sivustojen varmenteet</target>
   </keywords>
   <keywords>
      <text FeatureID="-1">luottamusasetukset</text>
      <target FeatureID="-1" href="CM_HLP_TRUST_SETTINGS.html">Luottamusasetusten muokkaus</target>
   </keywords>
</keywords>