<?xml version="1.0" encoding="UTF-8"?>
<keywords>
   <keywords>
      <text FeatureID="-1">menyesuaikan profil</text>
      <target FeatureID="-1" href="MODE_HLP_PERSONALISE.html">Sesuaikan profil</target>
   </keywords>
   <keywords>
      <text FeatureID="-1">tetapan nada</text>
      <target FeatureID="-1" href="SET_HLP_PERSONAL_TONES.html">Tetapan nada</target>
   </keywords>
   <keywords>
      <text FeatureID="-1">nada dering</text>
      <target FeatureID="-1" href="SET_HLP_PERSONAL_TONES.html">Tetapan nada</target>
   </keywords>
   <keywords>
      <text FeatureID="-1">profil</text>
      <target FeatureID="-1" href="MODE_HLP_PROFILES_LIST.html">Profil</target>
   </keywords>
   <keywords>
      <text FeatureID="-1">mengubah profil</text>
      <target FeatureID="-1" href="MODE_HLP_PROFILES_LIST.html">Profil</target>
   </keywords>
</keywords>