<?xml version="1.0" encoding="UTF-8"?><?xml-stylesheet  href="../../theme/xsl/index2html.xslt" type="text/xsl"?>
<topics FeatureID="-1" title="Pomenki" compressed="true">
   <topicref FeatureID="-1" href="IMNG_HLP_SEARCHCHAT.html" navtitle="Iskanje uporabnikov pomenkov"/>
   <topicref FeatureID="-1" href="IMNG_HLP_SAVED_VIEW.html" navtitle="Ogled shranj. pomenkov"/>
   <topicref FeatureID="-1" href="IMNG_HLP_SAVED_LIST.html" navtitle="Shranjeni pomenki"/>
   <topicref FeatureID="-1" href="IMNG_HLP_IMCHAT.html" navtitle="Pogovori skupine"/>
   <topicref FeatureID="-1" href="IMNG_HLP_GROUP_EDIT.html" navtitle="Pravice za urej. skupine"/>
   <topicref FeatureID="-1" href="IMNG_HLP_GROUP_BAN.html" navtitle="Zavr. dost. upor. pom. do skupine"/>
   <topicref FeatureID="-1" href="IMNG_HLP_CONT_OWN_DATA.html" navtitle="Moji podatki"/>
   <topicref FeatureID="-1" href="IMNG_HLP_COMMUNITY_VIEW_EMPTY.html" navtitle="Zač.upor.pomenkov"/>
   <topicref FeatureID="-1" href="IMNG_HLP_COMMUNITY_VIEW.html" navtitle="Hitra sporočila"/>
   <topicref FeatureID="-1" href="IMNG_HLP_BLOCKED_VIEW.html" navtitle="Blokirane osebe"/>
   <topicref FeatureID="-1" href="IMNG_HLP_SETTINGS.html" navtitle="Nastavitve pomenkov"/>
   <topicref FeatureID="-1" href="IMNG_HLP_SERVLISTSETT_IM.html" navtitle="Strežniki za pomenke"/>
   <topicref FeatureID="-1" href="IMNG_HLP_DEFSERVER.html" navtitle="Nastavitve strežnika pomenkov"/>
   <topicref FeatureID="-1" href="IMNG_HLP_INVITE.html" navtitle="Povab. za pomenke"/>
   <topicref FeatureID="-1" href="IMNG_HLP_CREATECHAT.html" navtitle="Nast. skupin za pomenke"/>
   <topicref FeatureID="-1" href="IMNG_HLP_ACCLIST.html" navtitle="Člani skupine za pomenke"/>
   <topicref FeatureID="-1" href="IMNG_HLP_CONVERSATIONS.html" navtitle="Pomenki"/>
   <topicref FeatureID="-1" href="IMNG_HLP_CONTACTDETAILS.html" navtitle="Podr. vizitk za pomenke"/>
   <topicref FeatureID="-1" href="IMNG_HLP_APPSETT.html" navtitle="Nast. apl. Pomenki"/>
</topics>