<?xml version="1.0" encoding="UTF-8"?>
<keywords>
   <keywords>
      <text FeatureID="-1">iskanje uporabnikov pomenkov</text>
      <target FeatureID="-1" href="IMNG_HLP_SEARCHCHAT.html">Iskanje uporabnikov pomenkov</target>
   </keywords>
   <keywords>
      <text FeatureID="-1">hitra sporočila</text>
      <target FeatureID="-1" href="IMNG_HLP_SEARCHCHAT.html">Iskanje uporabnikov pomenkov</target>
      <target FeatureID="-1" href="IMNG_HLP_SAVED_VIEW.html">Ogled shranj. pomenkov</target>
      <target FeatureID="-1" href="IMNG_HLP_SAVED_LIST.html">Shranjeni pomenki</target>
      <target FeatureID="-1" href="IMNG_HLP_GROUP_EDIT.html">Pravice za urej. skupine</target>
      <target FeatureID="-1" href="IMNG_HLP_GROUP_BAN.html">Zavr. dost. upor. pom. do skupine</target>
      <target FeatureID="-1" href="IMNG_HLP_CONT_OWN_DATA.html">Moji podatki</target>
      <target FeatureID="-1" href="IMNG_HLP_COMMUNITY_VIEW_EMPTY.html">Zač.upor.pomenkov</target>
      <target FeatureID="-1" href="IMNG_HLP_COMMUNITY_VIEW.html">Hitra sporočila</target>
      <target FeatureID="-1" href="IMNG_HLP_CREATECHAT.html">Nast. skupin za pomenke</target>
      <target FeatureID="-1" href="IMNG_HLP_ACCLIST.html">Člani skupine za pomenke</target>
      <target FeatureID="-1" href="IMNG_HLP_CONVERSATIONS.html">Pomenki</target>
      <target FeatureID="-1" href="IMNG_HLP_APPSETT.html">Nast. apl. Pomenki</target>
   </keywords>
   <keywords>
      <text FeatureID="-1">iskanje skupin za pomenke</text>
      <target FeatureID="-1" href="IMNG_HLP_SEARCHCHAT.html">Iskanje uporabnikov pomenkov</target>
   </keywords>
   <keywords>
      <text FeatureID="-1">shranjeni pomenki</text>
      <target FeatureID="-1" href="IMNG_HLP_SAVED_LIST.html">Shranjeni pomenki</target>
   </keywords>
   <keywords>
      <text FeatureID="-1">Pomenki (neposredno sporočanje)</text>
      <target FeatureID="-1" href="IMNG_HLP_IMCHAT.html">Pogovori skupine</target>
   </keywords>
   <keywords>
      <text FeatureID="-1">združitev skupin za pomenke</text>
      <target FeatureID="-1" href="IMNG_HLP_IMCHAT.html">Pogovori skupine</target>
   </keywords>
   <keywords>
      <text FeatureID="-1">pravice za urejanje</text>
      <target FeatureID="-1" href="IMNG_HLP_GROUP_EDIT.html">Pravice za urej. skupine</target>
   </keywords>
   <keywords>
      <text FeatureID="-1">seznam zavrnjenih</text>
      <target FeatureID="-1" href="IMNG_HLP_GROUP_BAN.html">Zavr. dost. upor. pom. do skupine</target>
   </keywords>
   <keywords>
      <text FeatureID="-1">člani skupine za pomenke</text>
      <target FeatureID="-1" href="IMNG_HLP_GROUP_BAN.html">Zavr. dost. upor. pom. do skupine</target>
      <target FeatureID="-1" href="IMNG_HLP_ACCLIST.html">Člani skupine za pomenke</target>
   </keywords>
   <keywords>
      <text FeatureID="-1">vizitke za pomenke</text>
      <target FeatureID="-1" href="IMNG_HLP_CONT_OWN_DATA.html">Moji podatki</target>
      <target FeatureID="-1" href="IMNG_HLP_BLOCKED_VIEW.html">Blokirane osebe</target>
      <target FeatureID="-1" href="IMNG_HLP_CONTACTDETAILS.html">Podr. vizitk za pomenke</target>
   </keywords>
   <keywords>
      <text FeatureID="-1">pomenki</text>
      <target FeatureID="-1" href="IMNG_HLP_COMMUNITY_VIEW_EMPTY.html">Zač.upor.pomenkov</target>
      <target FeatureID="-1" href="IMNG_HLP_COMMUNITY_VIEW.html">Hitra sporočila</target>
      <target FeatureID="-1" href="IMNG_HLP_CONVERSATIONS.html">Pomenki</target>
   </keywords>
   <keywords>
      <text FeatureID="-1">blok. osebe za pom.</text>
      <target FeatureID="-1" href="IMNG_HLP_BLOCKED_VIEW.html">Blokirane osebe</target>
   </keywords>
   <keywords>
      <text FeatureID="-1">nastavitve pomenkov</text>
      <target FeatureID="-1" href="IMNG_HLP_SETTINGS.html">Nastavitve pomenkov</target>
      <target FeatureID="-1" href="IMNG_HLP_APPSETT.html">Nast. apl. Pomenki</target>
   </keywords>
   <keywords>
      <text FeatureID="-1">strežniki za pomenke</text>
      <target FeatureID="-1" href="IMNG_HLP_SERVLISTSETT_IM.html">Strežniki za pomenke</target>
   </keywords>
   <keywords>
      <text FeatureID="-1">Nastavitve strežnika pomenkov</text>
      <target FeatureID="-1" href="IMNG_HLP_DEFSERVER.html">Nastavitve strežnika pomenkov</target>
   </keywords>
   <keywords>
      <text FeatureID="-1">nastavitve strežnika</text>
      <target FeatureID="-1" href="IMNG_HLP_DEFSERVER.html">Nastavitve strežnika pomenkov</target>
   </keywords>
   <keywords>
      <text FeatureID="-1">povabila</text>
      <target FeatureID="-1" href="IMNG_HLP_INVITE.html">Povab. za pomenke</target>
   </keywords>
   <keywords>
      <text FeatureID="-1">nast. skupin za pomenke</text>
      <target FeatureID="-1" href="IMNG_HLP_CREATECHAT.html">Nast. skupin za pomenke</target>
   </keywords>
   <keywords>
      <text FeatureID="-1">pogovori</text>
      <target FeatureID="-1" href="IMNG_HLP_CONVERSATIONS.html">Pomenki</target>
   </keywords>
   <keywords>
      <text FeatureID="-1">Hitra sporočila</text>
      <target FeatureID="-1" href="IMNG_HLP_CONTACTDETAILS.html">Podr. vizitk za pomenke</target>
   </keywords>
</keywords>