<?xml version="1.0" encoding="UTF-8"?>
<keywords>
   <keywords>
      <text FeatureID="-1">kirjanmerkit</text>
      <target FeatureID="-1" href="OSS_HLP_BM_ADDBM.html">Kirjanmerkkien lisäys</target>
      <target FeatureID="-1" href="OSS_HLP_BM_EDIT.html">Kirjanmerkin muokkaus</target>
   </keywords>
   <keywords>
      <text FeatureID="-1">selaimen kirjanmerkit</text>
      <target FeatureID="-1" href="OSS_HLP_BM_ADDBM.html">Kirjanmerkkien lisäys</target>
      <target FeatureID="-1" href="OSS_HLP_BM_MAIN.html">Kirjanmerkkien selaus</target>
      <target FeatureID="-1" href="OSS_HLP_BM_EDIT.html">Kirjanmerkin muokkaus</target>
   </keywords>
   <keywords>
      <text FeatureID="-1">Web</text>
      <target FeatureID="-1" href="OSS_HLP_BM_ADDBM.html">Kirjanmerkkien lisäys</target>
      <target FeatureID="true_167" href="OSS_HLP_RSS_ADD.html">Web-syötteiden lisäys</target>
      <target FeatureID="-1" href="OSS_HLP_PAGEVIEW.html">Webin selaus</target>
      <target FeatureID="-1" href="OSS_HLP_BM_EDIT.html">Kirjanmerkin muokkaus</target>
      <target FeatureID="true_167" href="OSS_HLP_RSS_EDIT.html">Web-syötteiden muokkaus</target>
      <target FeatureID="true_167" href="OSS_HLP_RSS_ARTICLE.html">Web-syötteitä sisältävät artikkelit</target>
      <target FeatureID="true_167" href="OSS_HLP_RSS_ARTICLELST.html">Web-syötteet</target>
      <target FeatureID="true_167" href="OSS_HLP_RSS_MAIN.html">Web-syötteet ja blogit</target>
   </keywords>
   <keywords>
      <text FeatureID="true_167">syötteet</text>
      <target FeatureID="true_167" href="OSS_HLP_RSS_ADD.html">Web-syötteiden lisäys</target>
      <target FeatureID="true_167" href="OSS_HLP_RSS_EDIT.html">Web-syötteiden muokkaus</target>
      <target FeatureID="true_167" href="OSS_HLP_RSS_ARTICLE.html">Web-syötteitä sisältävät artikkelit</target>
      <target FeatureID="true_167" href="OSS_HLP_RSS_ARTICLELST.html">Web-syötteet</target>
      <target FeatureID="true_167" href="OSS_HLP_RSS_MAIN.html">Web-syötteet ja blogit</target>
   </keywords>
   <keywords>
      <text FeatureID="true_167">RSS-syötteet</text>
      <target FeatureID="true_167" href="OSS_HLP_RSS_ADD.html">Web-syötteiden lisäys</target>
      <target FeatureID="true_167" href="OSS_HLP_RSS_EDIT.html">Web-syötteiden muokkaus</target>
      <target FeatureID="true_167" href="OSS_HLP_RSS_ARTICLE.html">Web-syötteitä sisältävät artikkelit</target>
      <target FeatureID="true_167" href="OSS_HLP_RSS_ARTICLELST.html">Web-syötteet</target>
      <target FeatureID="true_167" href="OSS_HLP_RSS_MAIN.html">Web-syötteet ja blogit</target>
   </keywords>
   <keywords>
      <text FeatureID="true_167">uutiset ja blogit</text>
      <target FeatureID="true_167" href="OSS_HLP_RSS_ADD.html">Web-syötteiden lisäys</target>
      <target FeatureID="true_167" href="OSS_HLP_RSS_EDIT.html">Web-syötteiden muokkaus</target>
      <target FeatureID="true_167" href="OSS_HLP_RSS_ARTICLE.html">Web-syötteitä sisältävät artikkelit</target>
      <target FeatureID="true_167" href="OSS_HLP_RSS_ARTICLELST.html">Web-syötteet</target>
      <target FeatureID="true_167" href="OSS_HLP_RSS_MAIN.html">Web-syötteet ja blogit</target>
   </keywords>
   <keywords>
      <text FeatureID="true_167">blogit</text>
      <target FeatureID="true_167" href="OSS_HLP_RSS_ADD.html">Web-syötteiden lisäys</target>
      <target FeatureID="true_167" href="OSS_HLP_RSS_EDIT.html">Web-syötteiden muokkaus</target>
      <target FeatureID="true_167" href="OSS_HLP_RSS_ARTICLE.html">Web-syötteitä sisältävät artikkelit</target>
      <target FeatureID="true_167" href="OSS_HLP_RSS_ARTICLELST.html">Web-syötteet</target>
      <target FeatureID="true_167" href="OSS_HLP_RSS_MAIN.html">Web-syötteet ja blogit</target>
   </keywords>
   <keywords>
      <text FeatureID="-1">sivujen selaus</text>
      <target FeatureID="-1" href="OSS_HLP_PAGEVIEW.html">Webin selaus</target>
   </keywords>
   <keywords>
      <text FeatureID="-1">kirjanmerkkien avaaminen</text>
      <target FeatureID="-1" href="OSS_HLP_BM_MAIN.html">Kirjanmerkkien selaus</target>
   </keywords>
   <keywords>
      <text FeatureID="-1">selaimen asetukset</text>
      <target FeatureID="-1" href="OSS_HLP_SETTINGS_GENERAL.html">Yleiset asetukset</target>
      <target FeatureID="-1" href="OSS_HLP_SETTINGS_PAGE.html">Sivun asetukset</target>
      <target FeatureID="-1" href="OSS_HLP_SETTINGS_PRIVACY.html">Yksit.­suojan asetukset</target>
      <target FeatureID="-1" href="OSS_HLP_SETTINGS_FOLDERS.html">Web-asetukset</target>
      <target FeatureID="false_410" href="OSS_HLP_KEYPAD.html">Näppäinpikavalinnat</target>
   </keywords>
   <keywords>
      <text FeatureID="-1">Web-asetukset</text>
      <target FeatureID="-1" href="OSS_HLP_SETTINGS_GENERAL.html">Yleiset asetukset</target>
      <target FeatureID="-1" href="OSS_HLP_SETTINGS_PAGE.html">Sivun asetukset</target>
      <target FeatureID="-1" href="OSS_HLP_SETTINGS_PRIVACY.html">Yksit.­suojan asetukset</target>
      <target FeatureID="true_167" href="OSS_HLP_SETTINGS_RSS.html">Web-syöte­asetukset</target>
      <target FeatureID="-1" href="OSS_HLP_SETTINGS_FOLDERS.html">Web-asetukset</target>
      <target FeatureID="false_410" href="OSS_HLP_SHORTCUTS.html">Työkalurivin pikavalinnat</target>
      <target FeatureID="false_410" href="OSS_HLP_KEYPAD.html">Näppäinpikavalinnat</target>
   </keywords>
   <keywords>
      <text FeatureID="-1">Web-asetusten määritys</text>
      <target FeatureID="-1" href="OSS_HLP_SETTINGS_PAGE.html">Sivun asetukset</target>
      <target FeatureID="-1" href="OSS_HLP_SETTINGS_FOLDERS.html">Web-asetukset</target>
   </keywords>
   <keywords>
      <text FeatureID="-1">yksityisyyssuojan asetukset</text>
      <target FeatureID="-1" href="OSS_HLP_SETTINGS_PRIVACY.html">Yksit.­suojan asetukset</target>
   </keywords>
   <keywords>
      <text FeatureID="true_167">Web-asetusten määrittäminen</text>
      <target FeatureID="true_167" href="OSS_HLP_SETTINGS_RSS.html">Web-syöte­asetukset</target>
   </keywords>
   <keywords>
      <text FeatureID="true_167 false_410">selainasetukset</text>
      <target FeatureID="true_167" href="OSS_HLP_SETTINGS_RSS.html">Web-syöte­asetukset</target>
      <target FeatureID="false_410" href="OSS_HLP_SHORTCUTS.html">Työkalurivin pikavalinnat</target>
   </keywords>
   <keywords>
      <text FeatureID="-1">tietyn sivun avaus</text>
      <target FeatureID="-1" href="OSS_HLP_PAGEVIEW_EMBED.html">Web sovelluksissa</target>
   </keywords>
   <keywords>
      <text FeatureID="-1">Web sovelluksissa</text>
      <target FeatureID="-1" href="OSS_HLP_PAGEVIEW_EMBED.html">Web sovelluksissa</target>
   </keywords>
</keywords>