<?xml version="1.0" encoding="UTF-8"?>
<keywords>
   <keywords>
      <text FeatureID="-1">收音机</text>
      <target FeatureID="-1" href="FMRADIO_HLP_MAIN.html">收听收音机</target>
      <target FeatureID="-1" href="FMRADIO_HLP_SEARCH.html">搜索频道</target>
      <target FeatureID="-1" href="FMRADIO_HLP_LIST.html"> 管理收音机频道</target>
   </keywords>
   <keywords>
      <text FeatureID="-1">调频收音机</text>
      <target FeatureID="-1" href="FMRADIO_HLP_MAIN.html">收听收音机</target>
      <target FeatureID="-1" href="FMRADIO_HLP_SEARCH.html">搜索频道</target>
      <target FeatureID="-1" href="FMRADIO_HLP_LIST.html"> 管理收音机频道</target>
   </keywords>
</keywords>