<?xml version="1.0" encoding="UTF-8"?>
<keywords>
   <keywords>
      <text FeatureID="-1">сертифікати авторизації</text>
      <target FeatureID="-1" href="CM_HLP_AUTHORITY.html">Сертифікати авторизації</target>
   </keywords>
   <keywords>
      <text FeatureID="-1">сертифікати</text>
      <target FeatureID="-1" href="CM_HLP_AUTHORITY.html">Сертифікати авторизації</target>
      <target FeatureID="-1" href="CM_HLP_DEVICE.html">Сертифікати пристрою</target>
      <target FeatureID="-1" href="CM_HLP_MAIN.html">Керування сертифікатами</target>
      <target FeatureID="-1" href="CM_HLP_PERSONAL.html">Особисті сертифікати</target>
      <target FeatureID="-1" href="CM_HLP_TRUSTED_SITE.html">Сертифікати надійних сайтів</target>
      <target FeatureID="-1" href="CM_HLP_TRUST_SETTINGS.html">Редагування установок довіри</target>
   </keywords>
   <keywords>
      <text FeatureID="-1">сертифікати захисту</text>
      <target FeatureID="-1" href="CM_HLP_AUTHORITY.html">Сертифікати авторизації</target>
      <target FeatureID="-1" href="CM_HLP_MAIN.html">Керування сертифікатами</target>
   </keywords>
   <keywords>
      <text FeatureID="-1">сертифікати пристрою</text>
      <target FeatureID="-1" href="CM_HLP_DEVICE.html">Сертифікати пристрою</target>
   </keywords>
   <keywords>
      <text FeatureID="-1">особисті сертифікати</text>
      <target FeatureID="-1" href="CM_HLP_PERSONAL.html">Особисті сертифікати</target>
   </keywords>
   <keywords>
      <text FeatureID="-1">сертифікати надійних сайтів</text>
      <target FeatureID="-1" href="CM_HLP_TRUSTED_SITE.html">Сертифікати надійних сайтів</target>
   </keywords>
   <keywords>
      <text FeatureID="-1">установки довіри</text>
      <target FeatureID="-1" href="CM_HLP_TRUST_SETTINGS.html">Редагування установок довіри</target>
   </keywords>
</keywords>