<?xml version="1.0" encoding="UTF-8"?><?xml-stylesheet  href="../../theme/xsl/index2html.xslt" type="text/xsl"?>
<topics FeatureID="-1" title="Répertoire" compressed="true">
   <topicref FeatureID="-1" href="FDN_HLP_FDN_NUM_EDIT_VIEW.html" navtitle="Modifier des contacts"/>
   <topicref FeatureID="-1" href="FDN_HLP_FDN_NUMBER_VIEW.html" navtitle="Liste des contacts autorisés"/>
   <topicref FeatureID="-1" href="FDN_HLP_FDN_VIEW.html" navtitle="Limiter des appels"/>
   <topicref FeatureID="-1" href="SDN_HLP_APP.html" navtitle="Numéros de services"/>
   <topicref FeatureID="-1" href="HLP_CCA_DETAILS.html" navtitle="Détails du contact"/>
   <topicref FeatureID="-1" href="HLP_CCA_EDITOR.html" navtitle="Modifier des cartes de contact"/>
   <topicref FeatureID="-1" href="HLP_CCA_LAUNCHER.html" navtitle="Cartes de contact"/>
   <topicref FeatureID="-1" href="PHOB_HLP_GROUP_LIST.html" navtitle="Groupes de contacts"/>
   <topicref FeatureID="-1" href="PHOB_HLP_SIM_LIST.html" navtitle="Répertoire de contacts SIM"/>
   <topicref FeatureID="-1" href="PHOB_HLP_MY_NUMBERS.html" navtitle="Mes numéros"/>
   <topicref FeatureID="-1" href="PHOB_HLP_GROUP_MEMBER_LIST.html" navtitle="Membres d'un groupe"/>
   <topicref FeatureID="-1" href="PHOB_HLP_SETTINGS.html" navtitle="Paramètres des contacts"/>
   <topicref FeatureID="-1" href="PHOB_HLP_NAME_LIST.html" navtitle="Répertoire de contacts"/>
</topics>