<?xml version="1.0" encoding="UTF-8"?>
<keywords>
   <keywords>
      <text FeatureID="-1">groupes de contacts</text>
      <target FeatureID="-1" href="PHOB_HLP_GROUP_LIST.html">Groupes de contacts</target>
      <target FeatureID="-1" href="PHOB_HLP_GROUP_MEMBER_LIST.html">Membres d'un groupe</target>
   </keywords>
   <keywords>
      <text FeatureID="-1">contacts SIM</text>
      <target FeatureID="-1" href="PHOB_HLP_SIM_LIST.html">Répertoire de contacts SIM</target>
   </keywords>
   <keywords>
      <text FeatureID="-1">numéros de la carte SIM</text>
      <target FeatureID="-1" href="PHOB_HLP_MY_NUMBERS.html">Mes numéros</target>
   </keywords>
   <keywords>
      <text FeatureID="-1">ordre des noms dans Contacts</text>
      <target FeatureID="-1" href="PHOB_HLP_SETTINGS.html">Paramètres des contacts</target>
   </keywords>
   <keywords>
      <text FeatureID="-1">mémoire des contacts</text>
      <target FeatureID="-1" href="PHOB_HLP_SETTINGS.html">Paramètres des contacts</target>
   </keywords>
   <keywords>
      <text FeatureID="-1">mémoire par défaut</text>
      <target FeatureID="-1" href="PHOB_HLP_SETTINGS.html">Paramètres des contacts</target>
   </keywords>
   <keywords>
      <text FeatureID="-1">répertoire de contacts</text>
      <target FeatureID="-1" href="PHOB_HLP_NAME_LIST.html">Liste des contacts</target>
   </keywords>
   <keywords>
      <text FeatureID="-1">informations sur les contacts</text>
      <target FeatureID="-1" href="PHOB_HLP_NAME_LIST.html">Liste des contacts</target>
   </keywords>
   <keywords>
      <text FeatureID="-1">répertoire</text>
      <target FeatureID="-1" href="PHOB_HLP_NAME_LIST.html">Liste des contacts</target>
   </keywords>
   <keywords>
      <text FeatureID="-1">contacts</text>
      <target FeatureID="-1" href="RLOOK_HLP_INFO_VIEW.html">Gérer le contact trouvé</target>
   </keywords>
   <keywords>
      <text FeatureID="-1">cartes de contact</text>
      <target FeatureID="-1" href="PHOB_HLP_CONTACT_INFO_VIEW.html">Cartes de contact</target>
      <target FeatureID="-1" href="PHOB_HLP_EDIT_ENTRY.html">Modifier des cartes de contact</target>
   </keywords>
   <keywords>
      <text FeatureID="-1">entrées du répertoire</text>
      <target FeatureID="-1" href="PHOB_HLP_CONTACT_INFO_VIEW.html">Cartes de contact</target>
   </keywords>
   <keywords>
      <text FeatureID="-1">numéros autorisés</text>
      <target FeatureID="-1" href="FDN_HLP_FDN_NUMBER_VIEW.html">Liste des contacts autorisés</target>
      <target FeatureID="-1" href="FDN_HLP_FDN_VIEW.html">Limiter des appels</target>
   </keywords>
   <keywords>
      <text FeatureID="-1">limiter des appels</text>
      <target FeatureID="-1" href="FDN_HLP_FDN_VIEW.html">Limiter des appels</target>
   </keywords>
   <keywords>
      <text FeatureID="-1">numéros de services</text>
      <target FeatureID="-1" href="SDN_HLP_APP.html">Numéros de services</target>
   </keywords>
   <keywords>
      <text FeatureID="-1">numéros de services SIM</text>
      <target FeatureID="-1" href="SDN_HLP_APP.html">Numéros de services</target>
   </keywords>
   <keywords>
      <text FeatureID="-1">numéros de services de la carte SIM</text>
      <target FeatureID="-1" href="SDN_HLP_APP.html">Numéros de services</target>
   </keywords>
   <keywords>
      <text FeatureID="-1">carte SIM</text>
      <target FeatureID="-1" href="PHOB_HLP_SIM_INFO_VIEW.html">Cartes de contact SIM</target>
   </keywords>
   <keywords>
      <text FeatureID="-1">Contacts SIM</text>
      <target FeatureID="-1" href="PHOB_HLP_SIM_INFO_VIEW.html">Cartes de contact SIM</target>
   </keywords>
</keywords>