<?xml version="1.0" encoding="UTF-8"?><?xml-stylesheet  href="../../theme/xsl/index2html.xslt" type="text/xsl"?>
<topics FeatureID="-1" title="Telefónny zoznam" compressed="true">
   <topicref FeatureID="-1" href="FDN_HLP_FDN_NUM_EDIT_VIEW.html" navtitle="Úprava kontaktov"/>
   <topicref FeatureID="-1" href="FDN_HLP_FDN_NUMBER_VIEW.html" navtitle="Kontakty pevného zoznamu"/>
   <topicref FeatureID="-1" href="FDN_HLP_FDN_VIEW.html" navtitle="Obmedzenie hovorov"/>
   <topicref FeatureID="-1" href="SDN_HLP_APP.html" navtitle="Servisné čísla"/>
   <topicref FeatureID="-1" href="HLP_CCA_DETAILS.html" navtitle="Kontaktné informácie"/>
   <topicref FeatureID="-1" href="HLP_CCA_EDITOR.html" navtitle="Úprava karty kontaktu"/>
   <topicref FeatureID="-1" href="HLP_CCA_LAUNCHER.html" navtitle="Karty kontaktov"/>
   <topicref FeatureID="-1" href="PHOB_HLP_GROUP_LIST.html" navtitle="Skupiny kontaktov"/>
   <topicref FeatureID="-1" href="PHOB_HLP_SIM_LIST.html" navtitle="Adresár kontaktov SIM"/>
   <topicref FeatureID="-1" href="PHOB_HLP_MY_NUMBERS.html" navtitle="Moje čísla"/>
   <topicref FeatureID="-1" href="PHOB_HLP_GROUP_MEMBER_LIST.html" navtitle="Členovia skupiny"/>
   <topicref FeatureID="-1" href="PHOB_HLP_SETTINGS.html" navtitle="Nastavenia Kontaktov"/>
   <topicref FeatureID="-1" href="PHOB_HLP_NAME_LIST.html" navtitle="Adresár kontaktov"/>
</topics>