<?xml version="1.0" encoding="UTF-8"?>
<keywords>
   <keywords>
      <text FeatureID="-1">contact groups</text>
      <target FeatureID="-1" href="PHOB_HLP_GROUP_LIST.html">Contact groups</target>
   </keywords>
   <keywords>
      <text FeatureID="-1">kontakty na karte SIM</text>
      <target FeatureID="-1" href="PHOB_HLP_SIM_LIST.html">Adresár SIM kontaktov</target>
   </keywords>
   <keywords>
      <text FeatureID="-1">číslo na SIM</text>
      <target FeatureID="-1" href="PHOB_HLP_MY_NUMBERS.html">Moje čísla</target>
   </keywords>
   <keywords>
      <text FeatureID="-1">skupiny kontaktov</text>
      <target FeatureID="-1" href="PHOB_HLP_GROUP_MEMBER_LIST.html">Členovia skupiny</target>
   </keywords>
   <keywords>
      <text FeatureID="-1">poradie mien v Kontaktoch</text>
      <target FeatureID="-1" href="PHOB_HLP_SETTINGS.html">Nastavenia Kontaktov</target>
   </keywords>
   <keywords>
      <text FeatureID="-1">pamäť kontaktov</text>
      <target FeatureID="-1" href="PHOB_HLP_SETTINGS.html">Nastavenia Kontaktov</target>
   </keywords>
   <keywords>
      <text FeatureID="-1">predvolená pamäť</text>
      <target FeatureID="-1" href="PHOB_HLP_SETTINGS.html">Nastavenia Kontaktov</target>
   </keywords>
   <keywords>
      <text FeatureID="-1">adresár Kontakty</text>
      <target FeatureID="-1" href="PHOB_HLP_NAME_LIST.html">Zoznam kontaktov</target>
   </keywords>
   <keywords>
      <text FeatureID="-1">informácie o kontakte</text>
      <target FeatureID="-1" href="PHOB_HLP_NAME_LIST.html">Zoznam kontaktov</target>
   </keywords>
   <keywords>
      <text FeatureID="-1">telefónny zoznam</text>
      <target FeatureID="-1" href="PHOB_HLP_NAME_LIST.html">Zoznam kontaktov</target>
   </keywords>
   <keywords>
      <text FeatureID="-1">kontakty</text>
      <target FeatureID="-1" href="RLOOK_HLP_INFO_VIEW.html">Správa nájdeného kontaktu</target>
   </keywords>
   <keywords>
      <text FeatureID="-1">karty kontaktov</text>
      <target FeatureID="-1" href="PHOB_HLP_CONTACT_INFO_VIEW.html">Karty kontaktov</target>
      <target FeatureID="-1" href="PHOB_HLP_EDIT_ENTRY.html">Úprava karty kontaktu</target>
   </keywords>
   <keywords>
      <text FeatureID="-1">záznamy v telefónnom zozname</text>
      <target FeatureID="-1" href="PHOB_HLP_CONTACT_INFO_VIEW.html">Karty kontaktov</target>
   </keywords>
   <keywords>
      <text FeatureID="-1">pevný zoznam</text>
      <target FeatureID="-1" href="FDN_HLP_FDN_NUMBER_VIEW.html">Kontakty pevného zoznamu</target>
      <target FeatureID="-1" href="FDN_HLP_FDN_VIEW.html">Obmedzenie hovorov</target>
   </keywords>
   <keywords>
      <text FeatureID="-1">obmedzenie hovorov</text>
      <target FeatureID="-1" href="FDN_HLP_FDN_VIEW.html">Obmedzenie hovorov</target>
   </keywords>
   <keywords>
      <text FeatureID="-1">servisné čísla</text>
      <target FeatureID="-1" href="SDN_HLP_APP.html">Servisné čísla</target>
   </keywords>
   <keywords>
      <text FeatureID="-1">servisné čísla na SIM</text>
      <target FeatureID="-1" href="SDN_HLP_APP.html">Servisné čísla</target>
   </keywords>
   <keywords>
      <text FeatureID="-1">servisné čísla na SIM karte</text>
      <target FeatureID="-1" href="SDN_HLP_APP.html">Servisné čísla</target>
   </keywords>
   <keywords>
      <text FeatureID="-1">karta SIM</text>
      <target FeatureID="-1" href="PHOB_HLP_SIM_INFO_VIEW.html">Karty SIM kontaktov</target>
   </keywords>
   <keywords>
      <text FeatureID="-1">Kontakty SIM</text>
      <target FeatureID="-1" href="PHOB_HLP_SIM_INFO_VIEW.html">Karty SIM kontaktov</target>
   </keywords>
</keywords>