<?xml version="1.0" encoding="UTF-8"?>
<keywords>
   <keywords>
      <text FeatureID="-1">transliacijos pranešimai</text>
      <target FeatureID="-1" href="CBS_HLP_TOPIC_VIEW.html">Transliacijos pranešimai</target>
      <target FeatureID="-1" href="CBS_HLP_MAIN.html">Transliacijos mobiliuoju ryšiu temos</target>
      <target FeatureID="-1" href="CBS_HLP_MSG.html">CBS pranešimų peržiūra</target>
   </keywords>
   <keywords>
      <text FeatureID="-1">transliacijos mobiliuoju ryšiu temos</text>
      <target FeatureID="-1" href="CBS_HLP_MAIN.html">Transliacijos mobiliuoju ryšiu temos</target>
   </keywords>
</keywords>