<?xml version="1.0" encoding="UTF-8"?>
<keywords>
   <keywords>
      <text FeatureID="-1">vyhledávání</text>
      <target FeatureID="-1" href="SEARCH_HLP_INDEVICE_MAIN.html">Hledání</target>
   </keywords>
   <keywords>
      <text FeatureID="-1">výsledky hledání</text>
      <target FeatureID="-1" href="SEARCH_HLP_SINGLE_RE.html">Výsledky hledání</target>
      <target FeatureID="-1" href="SEARCH_HLP_GROUPED.html">Výsledky hledání v kategoriích</target>
   </keywords>
</keywords>