<?xml version="1.0" encoding="UTF-8"?>
<keywords>
   <keywords>
      <text FeatureID="-1">titkosítás feloldása, memóriakártya</text>
      <target FeatureID="-1" href="ES_HLP_ENCRYPTION_DECRYPT.html">A memóriakártya titkosításának feloldása</target>
   </keywords>
   <keywords>
      <text FeatureID="-1">titkosítás, memóriakártya</text>
      <target FeatureID="-1" href="ES_HLP_ENCRYPTION_ENCRYPT.html">A memóriakártya titkosítása</target>
   </keywords>
   <keywords>
      <text FeatureID="-1">titkosítás, eszközmemória és memóriakártya</text>
      <target FeatureID="-1" href="ES_HLP_ENCRYPTION_MAIN.html">Titkosítás és annak feloldása</target>
   </keywords>
   <keywords>
      <text FeatureID="-1">titkosítás feloldása, eszközmemória és memóriakártya</text>
      <target FeatureID="-1" href="ES_HLP_ENCRYPTION_MAIN.html">Titkosítás és annak feloldása</target>
   </keywords>
</keywords>