<?xml version="1.0" encoding="UTF-8"?>
<keywords>
   <keywords>
      <text FeatureID="-1">پیامهای لحظه ای</text>
      <target FeatureID="-1" href="SERVTAB_HLP_CONVERSATION.html">ارسال پیامهای فوری</target>
   </keywords>
   <keywords>
      <text FeatureID="-1">در حال چت کردن</text>
      <target FeatureID="-1" href="SERVTAB_HLP_CONVERSATION.html">ارسال پیامهای فوری</target>
   </keywords>
   <keywords>
      <text FeatureID="-1">گفتگو</text>
      <target FeatureID="-1" href="SERVTAB_HLP_CONVERSATION.html">ارسال پیامهای فوری</target>
   </keywords>
</keywords>