<?xml version="1.0" encoding="UTF-8"?>
<keywords>
   <keywords>
      <text FeatureID="-1">ใบรับรองการอนุญาต</text>
      <target FeatureID="-1" href="CM_HLP_AUTHORITY.html">ใบรับรองการอนุญาต</target>
   </keywords>
   <keywords>
      <text FeatureID="-1">ใบรับรอง</text>
      <target FeatureID="-1" href="CM_HLP_AUTHORITY.html">ใบรับรองการอนุญาต</target>
      <target FeatureID="-1" href="CM_HLP_DEVICE.html">ใบรับรองโทรศัพท์</target>
      <target FeatureID="-1" href="CM_HLP_MAIN.html">การจัดการใบรับรอง</target>
      <target FeatureID="-1" href="CM_HLP_PERSONAL.html">ใบรับรองส่วนตัว</target>
      <target FeatureID="-1" href="CM_HLP_TRUSTED_SITE.html">ใบรับรองไซต์ที่เชื่อถือได้</target>
      <target FeatureID="-1" href="CM_HLP_TRUST_SETTINGS.html">การแก้ไขการตั้งค่าความเชื่อถือ</target>
   </keywords>
   <keywords>
      <text FeatureID="-1">ใบรับรองความปลอดภัย</text>
      <target FeatureID="-1" href="CM_HLP_AUTHORITY.html">ใบรับรองการอนุญาต</target>
      <target FeatureID="-1" href="CM_HLP_MAIN.html">การจัดการใบรับรอง</target>
   </keywords>
   <keywords>
      <text FeatureID="-1">ใบรับรองโทรศัพท์</text>
      <target FeatureID="-1" href="CM_HLP_DEVICE.html">ใบรับรองโทรศัพท์</target>
   </keywords>
   <keywords>
      <text FeatureID="-1">ใบรับรองส่วนตัว</text>
      <target FeatureID="-1" href="CM_HLP_PERSONAL.html">ใบรับรองส่วนตัว</target>
   </keywords>
   <keywords>
      <text FeatureID="-1">ใบรับรองไซต์ที่เชื่อถือได้</text>
      <target FeatureID="-1" href="CM_HLP_TRUSTED_SITE.html">ใบรับรองไซต์ที่เชื่อถือได้</target>
   </keywords>
   <keywords>
      <text FeatureID="-1">การตั้งค่าความเชื่อถือ</text>
      <target FeatureID="-1" href="CM_HLP_TRUST_SETTINGS.html">การแก้ไขการตั้งค่าความเชื่อถือ</target>
   </keywords>
</keywords>