<?xml version="1.0" encoding="UTF-8"?>
<keywords>
   <keywords>
      <text FeatureID="-1">editar preaxustes de frecuencia</text>
      <target FeatureID="-1" href="EQ_HLP_EDITING_VIEW.html">Editar preaxustes de frecuencia</target>
   </keywords>
   <keywords>
      <text FeatureID="-1">ecualizador</text>
      <target FeatureID="-1" href="EQ_HLP_LIST_VIEW.html">Preaxustes de frecuencia</target>
   </keywords>
   <keywords>
      <text FeatureID="-1">bandas de frecuencia</text>
      <target FeatureID="-1" href="EQ_HLP_LIST_VIEW.html">Preaxustes de frecuencia</target>
   </keywords>
   <keywords>
      <text FeatureID="-1">seleccionar preaxustes de frecuencia</text>
      <target FeatureID="-1" href="EQ_HLP_LIST_VIEW.html">Preaxustes de frecuencia</target>
   </keywords>
</keywords>