<?xml version="1.0" encoding="UTF-8"?>
<keywords>
   <keywords>
      <text FeatureID="true_1116">pošiljanje vpisov v koledarju</text>
      <target FeatureID="true_1116" href="SMART_HLP_CALENDAREDITOR.html">Pošilj. vpisov v koledarju</target>
   </keywords>
   <keywords>
      <text FeatureID="true_1114">prejeti vpisi v koledarju</text>
      <target FeatureID="true_1114" href="SMART_HLP_CALENDARVIEWER.html">Prejeti vpisi v koledarju</target>
   </keywords>
   <keywords>
      <text FeatureID="true_1114">vpisi v koledarju</text>
      <target FeatureID="true_1114" href="SMART_HLP_CALPULLMESVIEWER.html">Prenos vpisov v koledar</target>
   </keywords>
   <keywords>
      <text FeatureID="true_1117 true_1115">poslovne vizitke</text>
      <target FeatureID="true_1117" href="SMART_HLP_BUSINESSEDITOR.html">Pošilj. poslovnih vizitk</target>
      <target FeatureID="true_1115" href="SMART_HLP_BUSINESSVIEWER.html">Prejete posl. vizitke</target>
      <target FeatureID="true_1115" href="SMART_HLP_BUSPULLMESVIEWER.html">Prenos vizitk</target>
   </keywords>
   <keywords>
      <text FeatureID="true_1111">toni zvonjenja</text>
      <target FeatureID="true_1111" href="SMART_HLP_RINGVIEWER.html">Prejeti toni zvonjenja</target>
   </keywords>
   <keywords>
      <text FeatureID="true_1110">logotipi operaterja</text>
      <target FeatureID="true_1110" href="SMART_HLP_OPLOGOVIEWER.html">Prejeti logo. operaterja</target>
   </keywords>
   <keywords>
      <text FeatureID="true_1106">zaznamki</text>
      <target FeatureID="true_1106" href="SMART_HLP_ONEBOOKVIEWER.html">Prejeti zaznamki</target>
   </keywords>
   <keywords>
      <text FeatureID="true_1112">prejemanje slik</text>
      <target FeatureID="true_1112" href="SMART_HLP_GMSVIEWER.html">Ogled slikovnih sporočil</target>
   </keywords>
   <keywords>
      <text FeatureID="true_1112">slikovna sporočila</text>
      <target FeatureID="true_1112" href="SMART_HLP_GMSVIEWER.html">Ogled slikovnih sporočil</target>
   </keywords>
   <keywords>
      <text FeatureID="true_1537">konfig. oddaljenih pogonov</text>
      <target FeatureID="true_1537" href="SMART_HLP_REMOTEDRIVES_VIEWER.html">Prejem konfig. odd. pogonov</target>
      <target FeatureID="true_1537" href="SMART_HLP_REMOTEDRIVES_EDITOR.html">Pošil. konfig. odd. pogonov</target>
   </keywords>
</keywords>