<?xml version="1.0" encoding="UTF-8"?>
<keywords>
   <keywords>
      <text FeatureID="-1">اتھارٹی کی اسناد</text>
      <target FeatureID="-1" href="CM_HLP_AUTHORITY.html">اتھارٹی کی اسناد</target>
   </keywords>
   <keywords>
      <text FeatureID="-1">اسناد</text>
      <target FeatureID="-1" href="CM_HLP_AUTHORITY.html">اتھارٹی کی اسناد</target>
      <target FeatureID="-1" href="CM_HLP_DEVICE.html">اسنادِ آلات</target>
      <target FeatureID="-1" href="CM_HLP_MAIN.html">انتظامِ سند</target>
      <target FeatureID="-1" href="CM_HLP_PERSONAL.html">ذاتي اسناد</target>
      <target FeatureID="-1" href="CM_HLP_TRUSTED_SITE.html">معتبر مقامات کی اسناد</target>
      <target FeatureID="-1" href="CM_HLP_TRUST_SETTINGS.html">ترتیباتِ اعتبار ترمیم کریں</target>
   </keywords>
   <keywords>
      <text FeatureID="-1">حفاظتی اسناد</text>
      <target FeatureID="-1" href="CM_HLP_AUTHORITY.html">اتھارٹی کی اسناد</target>
      <target FeatureID="-1" href="CM_HLP_MAIN.html">انتظامِ سند</target>
   </keywords>
   <keywords>
      <text FeatureID="-1">اسنادِ آلات</text>
      <target FeatureID="-1" href="CM_HLP_DEVICE.html">اسنادِ آلات</target>
   </keywords>
   <keywords>
      <text FeatureID="-1">ذاتي اسناد</text>
      <target FeatureID="-1" href="CM_HLP_PERSONAL.html">ذاتي اسناد</target>
   </keywords>
   <keywords>
      <text FeatureID="-1">معتبر مقامات کی اسناد</text>
      <target FeatureID="-1" href="CM_HLP_TRUSTED_SITE.html">معتبر مقامات کی اسناد</target>
   </keywords>
   <keywords>
      <text FeatureID="-1">بھروسہ کي ترتيبات</text>
      <target FeatureID="-1" href="CM_HLP_TRUST_SETTINGS.html">ترتیباتِ اعتبار ترمیم کریں</target>
   </keywords>
</keywords>