<?xml version="1.0" encoding="UTF-8"?>
<keywords>
   <keywords>
      <text FeatureID="-1">udostępniana zawartość</text>
      <target FeatureID="-1" href="UPNP_HLP_SHARE_CONTENT.html">Wybór udostępnianej zawartości</target>
   </keywords>
   <keywords>
      <text FeatureID="-1">media domowe</text>
      <target FeatureID="-1" href="UPNP_HLP_SHARE_CONTENT.html">Wybór udostępnianej zawartości</target>
      <target FeatureID="-1" href="UPNP_HLP_SHARING_PROP.html">Ustawienia udostępniania</target>
      <target FeatureID="-1" href="UPNP_HLP_MAIN_VIEW.html">Domowe multimedia</target>
      <target FeatureID="-1" href="UPNP_HLP_MAIN_EXTERNAL.html">Urządzenia sieci domowej</target>
      <target FeatureID="-1" href="UPNP_HLP_CONTENT_VIEW.html">Pliki multimediów domowych</target>
      <target FeatureID="-1" href="UPNP_HLP_REMOTE_DEVICES.html">Foldery domowych multimediów</target>
      <target FeatureID="-1" href="UPNP_HLP_SEARCH.html">Wyniki wyszukiwania</target>
   </keywords>
   <keywords>
      <text FeatureID="-1">udostępnianie zdjęć i wideo</text>
      <target FeatureID="-1" href="UPNP_HLP_SHARE_CONTENT.html">Wybór udostępnianej zawartości</target>
   </keywords>
   <keywords>
      <text FeatureID="-1">udostępnianie plików multimedialnych</text>
      <target FeatureID="-1" href="UPNP_HLP_SHARING_PROP.html">Ustawienia udostępniania</target>
      <target FeatureID="-1" href="UPNP_HLP_MAIN_VIEW.html">Domowe multimedia</target>
      <target FeatureID="-1" href="UPNP_HLP_MAIN_EXTERNAL.html">Urządzenia sieci domowej</target>
      <target FeatureID="-1" href="UPNP_HLP_CONTENT_VIEW.html">Pliki multimediów domowych</target>
      <target FeatureID="-1" href="UPNP_HLP_REMOTE_DEVICES.html">Foldery domowych multimediów</target>
      <target FeatureID="-1" href="UPNP_HLP_SEARCH.html">Wyniki wyszukiwania</target>
   </keywords>
   <keywords>
      <text FeatureID="-1">wyświetlanie plików w urządzeniu zdalnym</text>
      <target FeatureID="-1" href="UPNP_HLP_SHARING_PROP.html">Ustawienia udostępniania</target>
      <target FeatureID="-1" href="UPNP_HLP_MAIN_VIEW.html">Domowe multimedia</target>
      <target FeatureID="-1" href="UPNP_HLP_MAIN_EXTERNAL.html">Urządzenia sieci domowej</target>
      <target FeatureID="-1" href="UPNP_HLP_CONTENT_VIEW.html">Pliki multimediów domowych</target>
      <target FeatureID="-1" href="UPNP_HLP_REMOTE_DEVICES.html">Foldery domowych multimediów</target>
      <target FeatureID="-1" href="UPNP_HLP_SEARCH.html">Wyniki wyszukiwania</target>
   </keywords>
   <keywords>
      <text FeatureID="-1">właściwości udostępniania</text>
      <target FeatureID="-1" href="UPNP_HLP_SHARING_PROP.html">Ustawienia udostępniania</target>
   </keywords>
</keywords>