<?xml version="1.0" encoding="UTF-8"?>
<keywords>
   <keywords>
      <text FeatureID="-1">slovar</text>
      <target FeatureID="-1" href="DICTIONARY_HLP_MAIN_TAB1.html">Slovar</target>
   </keywords>
   <keywords>
      <text FeatureID="-1">prevajanje</text>
      <target FeatureID="-1" href="DICTIONARY_HLP_MAIN_TAB1.html">Slovar</target>
   </keywords>
   <keywords>
      <text FeatureID="-1">slovar, prevod</text>
      <target FeatureID="-1" href="DICTIONARY_HLP_RESULTS.html">Rezultati prevoda</target>
   </keywords>
</keywords>