<?xml version="1.0" encoding="UTF-8"?>
<keywords>
   <keywords>
      <text FeatureID="-1">sat, alarmi</text>
      <target FeatureID="-1" href="CLK_HLP_ALARM_EDITOR.html">Uređivač alarma sata</target>
      <target FeatureID="-1" href="CLK_HLP_REAL_TIME_CLOCK_IN.html">Prikaz izbornika sata</target>
   </keywords>
   <keywords>
      <text FeatureID="-1">budilica</text>
      <target FeatureID="-1" href="CLK_HLP_ALARM_EDITOR.html">Uređivač alarma sata</target>
      <target FeatureID="-1" href="CLK_HLP_REAL_TIME_CLOCK_IN.html">Prikaz izbornika sata</target>
   </keywords>
   <keywords>
      <text FeatureID="-1">sat</text>
      <target FeatureID="-1" href="CLK_HLP_CNTDWN.html">Odbrojavanje</target>
      <target FeatureID="-1" href="CLK_HLP_WRLD_CLK.html">Svjetski sat</target>
   </keywords>
   <keywords>
      <text FeatureID="-1">brojači</text>
      <target FeatureID="-1" href="CLK_HLP_CNTDWN.html">Odbrojavanje</target>
   </keywords>
   <keywords>
      <text FeatureID="-1">postavke datuma i vremena</text>
      <target FeatureID="-1" href="CLK_HLP_SETTINGS.html">Postavke datuma i vremena</target>
   </keywords>
   <keywords>
      <text FeatureID="-1">postavke sata</text>
      <target FeatureID="-1" href="CLK_HLP_SETTINGS.html">Postavke datuma i vremena</target>
   </keywords>
   <keywords>
      <text FeatureID="-1">sat, vremenske zone</text>
      <target FeatureID="-1" href="CLK_HLP_REAL_TIME_CLOCK_AN.html">Lokalno vrijeme</target>
   </keywords>
   <keywords>
      <text FeatureID="-1">lokalno vrijeme i vremenska zona</text>
      <target FeatureID="-1" href="CLK_HLP_REAL_TIME_CLOCK_AN.html">Lokalno vrijeme</target>
   </keywords>
   <keywords>
      <text FeatureID="-1">štoperica</text>
      <target FeatureID="-1" href="CCLK_HLP_STPWTCH.html">Štoperica</target>
   </keywords>
   <keywords>
      <text FeatureID="-1">gradski satovi</text>
      <target FeatureID="-1" href="CLK_HLP_WRLD_CLK.html">Svjetski sat</target>
   </keywords>
   <keywords>
      <text FeatureID="-1">svjetski sat</text>
      <target FeatureID="-1" href="CLK_HLP_WRLD_CLK.html">Svjetski sat</target>
   </keywords>
</keywords>