<?xml version="1.0" encoding="UTF-8"?>
<keywords>
   <keywords>
      <text FeatureID="-1">video ühisvaatamine</text>
      <target FeatureID="true_208" href="MSH_HLP_LIVE.html">Otsevideopildi ühisvaatamine</target>
      <target FeatureID="-1" href="MSH_HLP_CLIP.html">Videoklippide ühisvaatamine</target>
      <target FeatureID="-1" href="MSH_HLP_SETTINGS.html">Video ühisvaatamise funktsiooni seaded</target>
      <target FeatureID="-1" href="MSH_HLP_RECEIVE.html">Jagatava video vaatamine</target>
   </keywords>
</keywords>