<?xml version="1.0" encoding="UTF-8"?>
<keywords>
   <keywords>
      <text FeatureID="-1">axustes de correo</text>
      <target FeatureID="-1" href="MBXS_HLP_SETT_DOWNL_CTRL.html">Axustes de recuperación de correo</target>
      <target FeatureID="-1" href="MBXS_HLP_SETT_DOWNL_RETR.html">Cantidade de recuperación de correo</target>
      <target FeatureID="-1" href="MBXS_HLP_SETT_MBX_IN.html">Axustes de correo entrante</target>
      <target FeatureID="-1" href="MBXS_HLP_SETT_MBX_IN_OUT.html">Axustes de conexión</target>
      <target FeatureID="-1" href="MBXS_HLP_SETT_MBX_OUT.html">Axustes de correo saínte</target>
      <target FeatureID="-1" href="MCE_HLP_SETTINGS_EMAIL.html">Axustes de correo</target>
      <target FeatureID="-1" href="MCE_HLP_SETT_EMAILMAIN.html">Edición das caixas do correo</target>
      <target FeatureID="-1" href="MCE_HLP_SETT_MAILBLIST.html">Caixas do correo</target>
      <target FeatureID="-1" href="MCE_HLP_SETT_MAILFOLDER_UPD.html">Carpetas das caixas do correo</target>
      <target FeatureID="true_1633" href="MCE_HLP_SETT_MAIL_ONLI.html">Recuperación automática</target>
   </keywords>
   <keywords>
      <text FeatureID="-1">axustes da caixa do correo</text>
      <target FeatureID="-1" href="MCE_HLP_SETT_EMAILMAIN.html">Edición das caixas do correo</target>
   </keywords>
   <keywords>
      <text FeatureID="-1">caixa do correo</text>
      <target FeatureID="-1" href="MCE_HLP_SETT_MAILBLIST.html">Caixas do correo</target>
      <target FeatureID="-1" href="MCE_HLP_MAILBOX_ONLINE.html">Correo electrónico en liña</target>
   </keywords>
   <keywords>
      <text FeatureID="-1">carpetas das caixas do correo</text>
      <target FeatureID="-1" href="MCE_HLP_SETT_MAILFOLDER_UPD.html">Carpetas das caixas do correo</target>
   </keywords>
   <keywords>
      <text FeatureID="-1">axustes do usuario</text>
      <target FeatureID="-1" href="MCE_HLP_SETT_MAIL_USER.html">Axustes do usuario</target>
   </keywords>
   <keywords>
      <text FeatureID="true_44">axustes de sincronización da caixa do correo</text>
      <target FeatureID="true_44" href="MCE_HLP_SETT_SMAILBOX.html">Axustes de sincronización da caixa do correo</target>
   </keywords>
   <keywords>
      <text FeatureID="true_44">axustes de sincronización do correo</text>
      <target FeatureID="true_44" href="MCE_HLP_SETT_SMAILBOX.html">Axustes de sincronización da caixa do correo</target>
   </keywords>
   <keywords>
      <text FeatureID="-1">correo electrónico fóra de liña</text>
      <target FeatureID="-1" href="MCE_HLP_MAILBOX_OFFLINE.html">Correo electrónico fóra de liña</target>
   </keywords>
   <keywords>
      <text FeatureID="-1">conexión coa caixa do correo</text>
      <target FeatureID="-1" href="MCE_HLP_MAILBOX_ONLINE.html">Correo electrónico en liña</target>
   </keywords>
   <keywords>
      <text FeatureID="-1">correo electrónico en liña</text>
      <target FeatureID="-1" href="MCE_HLP_MAILBOX_ONLINE.html">Correo electrónico en liña</target>
      <target FeatureID="-1" href="MCE_HLP_MAILBOX_ONLINE.html">Correo electrónico en liña</target>
   </keywords>
</keywords>