<?xml version="1.0" encoding="UTF-8"?><?xml-stylesheet  href="../../theme/xsl/index2html.xslt" type="text/xsl"?>
<topics FeatureID="-1" title="Tilpasning" compressed="true">
   <topicref FeatureID="-1" href="SKINS_HLP_LIST.html" navtitle="Generelle temaer"/>
   <topicref FeatureID="-1" href="SCREENSAVER_HLP_WP_SETTINGS.html" navtitle="Diasshow­baggrund"/>
   <topicref FeatureID="-1" href="SKINS_HLP_WP_SETTINGS.html" navtitle="Baggrunds­indstillinger"/>
   <topicref FeatureID="-1" href="SKINS_HLP_SCREENS_SETTINGS.html" navtitle="Indstillinger for pauseskærm"/>
   <topicref FeatureID="true_1503" href="SKINS_HLP_CIMAGE_SETTINGS.html" navtitle="Vælge op­kaldsbillede"/>
   <topicref FeatureID="-1" href="SKINS_HLP_APPSHELL.html" navtitle="Indstille menu­visning"/>
   <topicref FeatureID="-1" href="SKINS_HLP_IDLE.html" navtitle="Indstillinger for startskærmbilledet"/>
   <topicref FeatureID="-1" href="SKINS_HLP_APP_MAIN.html" navtitle="Tilpasse skærmen"/>
   <topicref FeatureID="-1" href="SKINS_HLP_APPSKINS_LIST.html" navtitle="Program­temaer"/>
</topics>