<?xml version="1.0" encoding="UTF-8"?>
<keywords>
   <keywords>
      <text FeatureID="-1">temaer</text>
      <target FeatureID="-1" href="SKINS_HLP_LIST.html">Generelle temaer</target>
      <target FeatureID="-1" href="SCREENSAVER_HLP_WP_SETTINGS.html">Diasshow­baggrund</target>
      <target FeatureID="-1" href="SKINS_HLP_WP_SETTINGS.html">Baggrunds­indstillinger</target>
      <target FeatureID="true_1503" href="SKINS_HLP_CIMAGE_SETTINGS.html">Vælge op­kaldsbillede</target>
      <target FeatureID="-1" href="SKINS_HLP_APPSHELL.html">Indstille menu­visning</target>
      <target FeatureID="-1" href="SKINS_HLP_APP_MAIN.html">Tilpasse skærmen</target>
      <target FeatureID="-1" href="SKINS_HLP_APPSKINS_LIST.html">Program­temaer</target>
   </keywords>
   <keywords>
      <text FeatureID="-1">diasshow, baggrund</text>
      <target FeatureID="-1" href="SCREENSAVER_HLP_WP_SETTINGS.html">Diasshow­baggrund</target>
   </keywords>
   <keywords>
      <text FeatureID="-1">diasshow­indstillinger</text>
      <target FeatureID="-1" href="SCREENSAVER_HLP_WP_SETTINGS.html">Diasshow­baggrund</target>
   </keywords>
   <keywords>
      <text FeatureID="-1">baggrunds­indstillinger</text>
      <target FeatureID="-1" href="SKINS_HLP_WP_SETTINGS.html">Baggrunds­indstillinger</target>
   </keywords>
   <keywords>
      <text FeatureID="-1">baggrunds­billede</text>
      <target FeatureID="-1" href="SKINS_HLP_WP_SETTINGS.html">Baggrunds­indstillinger</target>
      <target FeatureID="-1" href="SKINS_HLP_APP_MAIN.html">Tilpasse skærmen</target>
   </keywords>
   <keywords>
      <text FeatureID="-1">pauseskærm</text>
      <target FeatureID="-1" href="SKINS_HLP_SCREENS_SETTINGS.html">Indstillinger for pauseskærm</target>
   </keywords>
   <keywords>
      <text FeatureID="true_1503">opkalds­billede</text>
      <target FeatureID="true_1503" href="SKINS_HLP_CIMAGE_SETTINGS.html">Vælge op­kaldsbillede</target>
   </keywords>
   <keywords>
      <text FeatureID="-1">menuer</text>
      <target FeatureID="-1" href="SKINS_HLP_APPSHELL.html">Indstille menu­visning</target>
   </keywords>
</keywords>