<?xml version="1.0" encoding="UTF-8"?>
<keywords>
   <keywords>
      <text FeatureID="-1">Bluetooth</text>
      <target FeatureID="-1" href="BT_HLP_MAIN.html">Bluetooth</target>
      <target FeatureID="-1" href="BT_HLP_PAIRED.html">การจับคู่อุปกรณ์</target>
      <target FeatureID="-1" href="BT_HLP_BLOCKED.html">การปิดกั้นอุปกรณ์</target>
   </keywords>
   <keywords>
      <text FeatureID="-1">การตั้งค่า Bluetooth</text>
      <target FeatureID="-1" href="BT_HLP_MAIN.html">Bluetooth</target>
   </keywords>
   <keywords>
      <text FeatureID="-1">การจับคู่อุปกรณ์</text>
      <target FeatureID="-1" href="BT_HLP_PAIRED.html">การจับคู่อุปกรณ์</target>
   </keywords>
   <keywords>
      <text FeatureID="-1">อุปกรณ์ที่ถูกปิดกั้น</text>
      <target FeatureID="-1" href="BT_HLP_BLOCKED.html">การปิดกั้นอุปกรณ์</target>
   </keywords>
   <keywords>
      <text FeatureID="true_12">แป้นพิมพ์ไร้สาย</text>
      <target FeatureID="true_12" href="BTKEYBOARD_HLP_SETTINGS.html">แป้นพิมพ์ไร้สาย</target>
   </keywords>
</keywords>