<?xml version="1.0" encoding="UTF-8"?>
<keywords>
   <keywords>
      <text FeatureID="-1">sanduče za pozive</text>
      <target FeatureID="-1" href="SMSVO_HLP_MAIN_VIEW.html">Sanduče za pozive</target>
      <target FeatureID="true_298" href="SMSVO_HLP_CS_VIDEO_AND_XSP_VOIP.html">Sanduče za pozive, video i Internet pozive</target>
   </keywords>
   <keywords>
      <text FeatureID="-1">telefonska sekretarica</text>
      <target FeatureID="-1" href="SMSVO_HLP_MAIN_VIEW.html">Sanduče za pozive</target>
      <target FeatureID="true_89" href="SMSVO_HLP_CS_AND_VIDEO.html">Sanduče za pozive i video pozive</target>
      <target FeatureID="true_298" href="SMSVO_HLP_CS_VIDEO_AND_XSP_VOIP.html">Sanduče za pozive, video i Internet pozive</target>
   </keywords>
   <keywords>
      <text FeatureID="true_89">sanduče za video pozive</text>
      <target FeatureID="true_89" href="SMSVO_HLP_CS_AND_VIDEO.html">Sanduče za pozive i video pozive</target>
   </keywords>
   <keywords>
      <text FeatureID="true_298">sanduče za Internet pozive</text>
      <target FeatureID="true_298" href="SMSVO_HLP_CS_VIDEO_AND_XSP_VOIP.html">Sanduče za pozive, video i Internet pozive</target>
   </keywords>
</keywords>