<?xml version="1.0" encoding="UTF-8"?><?xml-stylesheet  href="../../theme/xsl/index2html.xslt" type="text/xsl"?>
<topics FeatureID="-1" title="Музыкальный проигрыватель" compressed="true">
   <topicref FeatureID="-1" href="MUS_HLP_MUSIC_SUITE_VIEW.html" navtitle="Музыка"/>
   <topicref FeatureID="-1" href="MUS_HLP_TRACKS_VIEW.html" navtitle="Композиции"/>
   <topicref FeatureID="-1" href="MUS_HLP_CATEGORY_VIEW.html" navtitle="Музыкальные категории"/>
   <topicref FeatureID="-1" href="MUS_HLP_PODCAST_MAIN_VIEW.html" navtitle="Подкасты"/>
   <topicref FeatureID="-1" href="MUS_HLP_PODCAST_EPISODES.html" navtitle="Эпизоды подкастов"/>
   <topicref FeatureID="-1" href="MUS_HLP_PLAYLISTS_VIEW.html" navtitle="Музыкальные списки воспроизведения"/>
   <topicref FeatureID="-1" href="MUS_HLP_DOWNLOAD_PLAYBACK_VIEW.html" navtitle="Воспроизведение музыки в Интернете"/>
   <topicref FeatureID="-1" href="MUS_HLP_PLAYBACK_VIEW.html" navtitle="Воспроизведение музыки"/>
   <topicref FeatureID="-1" href="MUS_HLP_LIB_MAIN_VIEW.html" navtitle="Медиатека"/>
   <topicref FeatureID="-1" href="MUS_HLP_METADATA_EDITING.html" navtitle="Изменение информации о композиции"/>
   <topicref FeatureID="-1" href="MUS_HLP_ALBUM_ART_EDITING.html" navtitle="Изменение рисунка альбома"/>
   <topicref FeatureID="-1" href="MUS_HLP_AUDIO_SETT.html" navtitle="Настройки звука"/>
</topics>