<?xml version="1.0" encoding="UTF-8"?>
<keywords>
   <keywords>
      <text FeatureID="-1">муз. про­игрыватель</text>
      <target FeatureID="-1" href="MUS_HLP_TRACKS_VIEW.html">Композиции</target>
      <target FeatureID="-1" href="MUS_HLP_CATEGORY_VIEW.html">Музыкальные категории</target>
   </keywords>
   <keywords>
      <text FeatureID="-1">музыкальный проигрыватель</text>
      <target FeatureID="-1" href="MUS_HLP_PODCAST_MAIN_VIEW.html">Подкасты</target>
      <target FeatureID="-1" href="MUS_HLP_PODCAST_EPISODES.html">Эпизоды подкастов</target>
      <target FeatureID="-1" href="MUS_HLP_PLAYLISTS_VIEW.html">Музыкальные списки воспроизведения</target>
      <target FeatureID="-1" href="MUS_HLP_AUDIO_SETT.html">Настройки звука</target>
   </keywords>
   <keywords>
      <text FeatureID="-1">подкастинг</text>
      <target FeatureID="-1" href="MUS_HLP_PODCAST_MAIN_VIEW.html">Подкасты</target>
      <target FeatureID="-1" href="MUS_HLP_PODCAST_EPISODES.html">Эпизоды подкастов</target>
   </keywords>
   <keywords>
      <text FeatureID="-1">списки воспроизведения</text>
      <target FeatureID="-1" href="MUS_HLP_PLAYLISTS_VIEW.html">Музыкальные списки воспроизведения</target>
   </keywords>
   <keywords>
      <text FeatureID="-1">music player</text>
      <target FeatureID="-1" href="MUS_HLP_DOWNLOAD_PLAYBACK_VIEW.html">Play music on web</target>
      <target FeatureID="-1" href="MUS_HLP_LIB_MAIN_VIEW.html">Music library</target>
   </keywords>
   <keywords>
      <text FeatureID="-1">усиление басов</text>
      <target FeatureID="-1" href="MUS_HLP_AUDIO_SETT.html">Настройки звука</target>
   </keywords>
   <keywords>
      <text FeatureID="-1">расширенный стереоэффект</text>
      <target FeatureID="-1" href="MUS_HLP_AUDIO_SETT.html">Настройки звука</target>
   </keywords>
</keywords>