<?xml version="1.0" encoding="UTF-8"?>
<keywords>
   <keywords>
      <text FeatureID="-1">музыка</text>
      <target FeatureID="-1" href="MUS_HLP_MUSIC_SUITE_VIEW.html">Музыка</target>
   </keywords>
   <keywords>
      <text FeatureID="-1">муз. про­игрыватель</text>
      <target FeatureID="-1" href="MUS_HLP_TRACKS_VIEW.html">Композиции</target>
      <target FeatureID="-1" href="MUS_HLP_CATEGORY_VIEW.html">Музыкальные категории</target>
      <target FeatureID="-1" href="MUS_HLP_DOWNLOAD_PLAYBACK_VIEW.html">Воспроизведение музыки в Интернете</target>
      <target FeatureID="-1" href="MUS_HLP_METADATA_EDITING.html">Изменение информации о композиции</target>
   </keywords>
   <keywords>
      <text FeatureID="-1">музыкальный проигрыватель</text>
      <target FeatureID="-1" href="MUS_HLP_PODCAST_MAIN_VIEW.html">Подкасты</target>
      <target FeatureID="-1" href="MUS_HLP_PODCAST_EPISODES.html">Эпизоды подкастов</target>
      <target FeatureID="-1" href="MUS_HLP_PLAYLISTS_VIEW.html">Музыкальные списки воспроизведения</target>
      <target FeatureID="-1" href="MUS_HLP_PLAYBACK_VIEW.html">Воспроизведение музыки</target>
      <target FeatureID="-1" href="MUS_HLP_LIB_MAIN_VIEW.html">Медиатека</target>
      <target FeatureID="-1" href="MUS_HLP_ALBUM_ART_EDITING.html">Изменение рисунка альбома</target>
      <target FeatureID="-1" href="MUS_HLP_AUDIO_SETT.html">Настройки звука</target>
   </keywords>
   <keywords>
      <text FeatureID="-1">подкастинг</text>
      <target FeatureID="-1" href="MUS_HLP_PODCAST_MAIN_VIEW.html">Подкасты</target>
      <target FeatureID="-1" href="MUS_HLP_PODCAST_EPISODES.html">Эпизоды подкастов</target>
   </keywords>
   <keywords>
      <text FeatureID="-1">списки воспроизведения</text>
      <target FeatureID="-1" href="MUS_HLP_PLAYLISTS_VIEW.html">Музыкальные списки воспроизведения</target>
   </keywords>
   <keywords>
      <text FeatureID="-1">рисунок альбома</text>
      <target FeatureID="-1" href="MUS_HLP_ALBUM_ART_EDITING.html">Изменение рисунка альбома</target>
   </keywords>
   <keywords>
      <text FeatureID="-1">усиление басов</text>
      <target FeatureID="-1" href="MUS_HLP_AUDIO_SETT.html">Настройки звука</target>
   </keywords>
   <keywords>
      <text FeatureID="-1">расширенный стереоэффект</text>
      <target FeatureID="-1" href="MUS_HLP_AUDIO_SETT.html">Настройки звука</target>
   </keywords>
</keywords>