<?xml version="1.0" encoding="UTF-8"?>
<keywords>
   <keywords>
      <text FeatureID="-1">kamera</text>
      <target FeatureID="-1" href="LCAM_HLP_VIEWFINDER_PHOTO.html">Kumuha ng mga imahe</target>
      <target FeatureID="false_410" href="LCAM_HLP_LIGHT_SENSITIVITY.html">Baguhin ang pagka-sensitibo ng ilaw</target>
      <target FeatureID="-1" href="LCAM_HLP_SCENES_PHOTO.html">Mga tanawin na imahe</target>
      <target FeatureID="-1" href="LCAM_HLP_VIEWFINDER_VIDEO.html">Mag-rekord ng mga video clip</target>
      <target FeatureID="false_410" href="LCAM_HLP_SCENES_VIDEO.html">Mga eksena sa video</target>
      <target FeatureID="-1" href="LCAM_HLP_VIEWFINDER_VIDEO_EM.html">Mga video sa mga application</target>
      <target FeatureID="false_410" href="LCAM_HLP_STANDYBY_EM.html">Hindi aktibo ang kamera</target>
      <target FeatureID="-1" href="LCAM_HLP_POST_VIDEO.html">Manood ng mga video clip</target>
      <target FeatureID="-1" href="LCAM_HLP_POST_PHOTO.html">Tingnan ang mga nakunang imahe</target>
      <target FeatureID="true_132" href="LCAM_HLP_POST_SEQ.html">Tingnan ang mga imaheng nakunan nang magkakasunod</target>
   </keywords>
   <keywords>
      <text FeatureID="-1">pagkuha ng mga imahe</text>
      <target FeatureID="-1" href="LCAM_HLP_VIEWFINDER_PHOTO.html">Kumuha ng mga imahe</target>
   </keywords>
   <keywords>
      <text FeatureID="false_410">pagkasensitibo ng ilaw</text>
      <target FeatureID="false_410" href="LCAM_HLP_LIGHT_SENSITIVITY.html">Baguhin ang pagka-sensitibo ng ilaw</target>
   </keywords>
   <keywords>
      <text FeatureID="-1">mga tanawin ng kamera</text>
      <target FeatureID="-1" href="LCAM_HLP_SETTINGS_PHOUSER.html">Tukuyin ang mga tanawin</target>
   </keywords>
   <keywords>
      <text FeatureID="-1">mga tanawin</text>
      <target FeatureID="-1" href="LCAM_HLP_SCENES_PHOTO.html">Mga tanawin na imahe</target>
   </keywords>
   <keywords>
      <text FeatureID="-1">mga setting ng kamera</text>
      <target FeatureID="-1" href="LCAM_HLP_SETTINGS.html">Mga setting ng kamera</target>
   </keywords>
   <keywords>
      <text FeatureID="-1">kamera, mga setting</text>
      <target FeatureID="-1" href="LCAM_HLP_SETTINGS_PHOTO.html">Mga setting ng imahe</target>
      <target FeatureID="-1" href="LCAM_HLP_SETTINGS_VIDEO.html">Mga setting ng video</target>
   </keywords>
   <keywords>
      <text FeatureID="-1">nagre-rekord ng video</text>
      <target FeatureID="-1" href="LCAM_HLP_VIEWFINDER_VIDEO.html">Mag-rekord ng mga video clip</target>
   </keywords>
   <keywords>
      <text FeatureID="false_410">mga eksena ng video</text>
      <target FeatureID="false_410" href="LCAM_HLP_SCENES_VIDEO.html">Mga eksena sa video</target>
   </keywords>
   <keywords>
      <text FeatureID="-1">video, mga setting</text>
      <target FeatureID="-1" href="LCAM_HLP_SETTINGS_VIDEO.html">Mga setting ng video</target>
   </keywords>
   <keywords>
      <text FeatureID="-1">mga video clip sa mga application</text>
      <target FeatureID="-1" href="LCAM_HLP_VIEWFINDER_VIDEO_EM.html">Mga video sa mga application</target>
   </keywords>
   <keywords>
      <text FeatureID="-1">panonood ng mga video clip</text>
      <target FeatureID="-1" href="LCAM_HLP_POST_VIDEO.html">Manood ng mga video clip</target>
   </keywords>
   <keywords>
      <text FeatureID="-1">kamera sa mga application</text>
      <target FeatureID="-1" href="LCAM_HLP_VIEWFINDER_PHOTO_EM.html">Mga imahe sa mga application</target>
   </keywords>
   <keywords>
      <text FeatureID="-1">pagtingin ng mga imahe</text>
      <target FeatureID="-1" href="LCAM_HLP_POST_PHOTO.html">Tingnan ang mga nakunang imahe</target>
   </keywords>
   <keywords>
      <text FeatureID="true_132">mode ng pagkakasunud-sunod</text>
      <target FeatureID="true_132" href="LCAM_HLP_POST_SEQ.html">Tingnan ang mga imaheng nakunan nang magkakasunod</target>
   </keywords>
</keywords>