<?xml version="1.0" encoding="UTF-8"?>
<keywords>
   <keywords>
      <text FeatureID="-1">Aplinkų pritaikymas</text>
      <target FeatureID="-1" href="MODE_HLP_PERSONALISE.html">Aplinkų pritaikymas</target>
   </keywords>
   <keywords>
      <text FeatureID="-1">tonų parametrai</text>
      <target FeatureID="-1" href="SET_HLP_PERSONAL_TONES.html">Tonų parametrai</target>
   </keywords>
   <keywords>
      <text FeatureID="-1">skambėjimo tonai</text>
      <target FeatureID="-1" href="SET_HLP_PERSONAL_TONES.html">Tonų parametrai</target>
   </keywords>
   <keywords>
      <text FeatureID="-1">aplinkos</text>
      <target FeatureID="-1" href="MODE_HLP_PROFILES_LIST.html">Aplinkos</target>
   </keywords>
   <keywords>
      <text FeatureID="-1">aplinkų keitimas</text>
      <target FeatureID="-1" href="MODE_HLP_PROFILES_LIST.html">Aplinkos</target>
   </keywords>
</keywords>