<?xml version="1.0" encoding="UTF-8"?>
<keywords>
   <keywords>
      <text FeatureID="-1">Quickoffice, فائل مینیجر</text>
      <target FeatureID="-1" href="QFM_HLP_FILE_MENU.html">فائل مینیجر</target>
   </keywords>
   <keywords>
      <text FeatureID="-1">Quickoffice</text>
      <target FeatureID="-1" href="QFM_HLP_LOC_MENU.html">Quickoffice</target>
   </keywords>
   <keywords>
      <text FeatureID="-1">Quickpoint</text>
      <target FeatureID="-1" href="QPOINT_HLP_EDIT_SLIDE_VIEW.html">سلائيڈ ترمیم کریں</target>
      <target FeatureID="-1" href="QPOINT_HLP_REPLACE_VIEW.html">ٹیکسٹ تلاش کریں اور بدلیں</target>
      <target FeatureID="-1" href="QPOINT_HLP_FIND_VIEW.html">ٹيکسٹ تلاش</target>
      <target FeatureID="-1" href="QPOINT_HLP_VIEW_SLIDE_VIEW.html">سلائڈ ديکھيں</target>
   </keywords>
   <keywords>
      <text FeatureID="-1">Quickpoint, متن</text>
      <target FeatureID="-1" href="QPOINT_HLP_EDIT_TEXT_VIEW.html">ٹیکسٹ ترمیم کریں</target>
   </keywords>
   <keywords>
      <text FeatureID="-1">Quickpoint, آراء</text>
      <target FeatureID="-1" href="QPOINT_HLP_COMMENT_VIEW.html">آراء ديکھيں</target>
   </keywords>
   <keywords>
      <text FeatureID="-1">Quickpoint, نوٹس</text>
      <target FeatureID="-1" href="QPOINT_HLP_VIEW_NOTES_VIEW.html">نوٹ ديکھيں</target>
   </keywords>
   <keywords>
      <text FeatureID="-1">Quickpoint, خاکے</text>
      <target FeatureID="-1" href="QPOINT_HLP_VIEW_OUTLINE_VIEW.html">خاکے ديکھيں</target>
   </keywords>
   <keywords>
      <text FeatureID="-1">Quicksheet, سيل</text>
      <target FeatureID="-1" href="QSHEET_HLP_CELLS_EDIT.html">خانے ترمیم کریں</target>
      <target FeatureID="-1" href="QSHEET_HLP_VIEW_CELL.html">سيل ديکھنا</target>
   </keywords>
   <keywords>
      <text FeatureID="-1">Quicksheet, کالمز</text>
      <target FeatureID="-1" href="QSHEET_HLP_EDIT_COLUMN.html">کالمز ترمیم کریں</target>
   </keywords>
   <keywords>
      <text FeatureID="-1">Quicksheet, حدود</text>
      <target FeatureID="-1" href="QSHEET_HLP_EDIT_RANGE.html">حد ترمیم کریں</target>
   </keywords>
   <keywords>
      <text FeatureID="-1">Quicksheet, صفین</text>
      <target FeatureID="-1" href="QSHEET_HLP_EDIT_ROW.html">صفین ترمیم کریں</target>
   </keywords>
   <keywords>
      <text FeatureID="-1">Quicksheet</text>
      <target FeatureID="-1" href="QSHEET_HLP_REPLACE_VIEW.html">ٹیکسٹ تلاش کریں اور بدلیں</target>
      <target FeatureID="-1" href="QSHEET_HLP_FIND_VIEW.html">ٹيکسٹ تلاش</target>
      <target FeatureID="-1" href="QSHEET_HLP_CELLS_VIEW.html">اسپريڈ شيٹ</target>
   </keywords>
   <keywords>
      <text FeatureID="-1">Quickword</text>
      <target FeatureID="-1" href="QWORD_HLP_EDIT_MODE.html">دستاویزات ترمیم کریں</target>
      <target FeatureID="-1" href="QWORD_HLP_FIND_MODE.html">ٹیکسٹ تلاش کریں اور بدلیں</target>
      <target FeatureID="-1" href="QWORD_HLP_VIEW_MODE.html">دستاويز ديکھيں</target>
      <target FeatureID="-1" href="QWORD_HLP_PAGE_VIEW.html">صفحے کا فارميٹ</target>
   </keywords>
</keywords>