<?xml version="1.0" encoding="UTF-8"?>
<keywords>
   <keywords>
      <text FeatureID="-1">postavke, klizač</text>
      <target FeatureID="-1" href="SET_HLP_SETTINGS_KEYPAD_COVER.html">Postavke rukovanja klizačem</target>
   </keywords>
   <keywords>
      <text FeatureID="-1">postavke klizača</text>
      <target FeatureID="-1" href="SET_HLP_SETTINGS_KEYPAD_COVER.html">Postavke rukovanja klizačem</target>
   </keywords>
   <keywords>
      <text FeatureID="-1">upravljanje uređajem</text>
      <target FeatureID="-1" href="CP_HLP_DEVICE_MANAGEMENT.html">Upravljanje uređajem</target>
   </keywords>
   <keywords>
      <text FeatureID="true_109">EAP (Proširivi protokol provjere vjerodostojnosti)</text>
      <target FeatureID="true_109" href="SET_HLP_WLAN_EAP_SIM.html">EAP-SIM postavke</target>
   </keywords>
   <keywords>
      <text FeatureID="true_109">postavke, WLAN</text>
      <target FeatureID="true_109" href="SET_HLP_WLAN_EAP_SIM.html">EAP-SIM postavke</target>
   </keywords>
   <keywords>
      <text FeatureID="-1">pristupne točke, ograničavanje</text>
      <target FeatureID="-1" href="ACL_HLP_MAIN.html">Ograničavanje veza</target>
   </keywords>
   <keywords>
      <text FeatureID="-1">postavke veze</text>
      <target FeatureID="-1" href="SIP_HLP_PROF_PARAMS.html">Postavke SIP profila</target>
      <target FeatureID="-1" href="SIP_HLP_MAIN.html">SIP profili</target>
      <target FeatureID="-1" href="SET_HLP_CONN_DEST_VIEW.html">Prikaz odredišta</target>
      <target FeatureID="-1" href="SET_HLP_DEFAULT_CONN.html">Zadana veza</target>
      <target FeatureID="-1" href="SET_HLP_CONN_METHODS_VIEW.html">Prikaz pristupnih točaka</target>
      <target FeatureID="true_1581" href="RD_HLP_REMOTE_DRIVE_CONFIG.html">Postavke udaljenog pogona</target>
      <target FeatureID="true_1581" href="RD_HLP_REMOTE_DRIVES.html">Udaljeni pogoni</target>
   </keywords>
   <keywords>
      <text FeatureID="-1">SIP, postavke</text>
      <target FeatureID="-1" href="SIP_HLP_PROF_PARAMS.html">Postavke SIP profila</target>
      <target FeatureID="-1" href="SIP_HLP_MAIN.html">SIP profili</target>
      <target FeatureID="-1" href="SIP_HLP_PROXY_PARAMS.html">SIP proxy postavke</target>
      <target FeatureID="-1" href="SIP_HLP_REGISTRAR_PARAM.html">Postavke poslužitelja za registraciju</target>
   </keywords>
   <keywords>
      <text FeatureID="-1">poslužitelj za registraciju</text>
      <target FeatureID="-1" href="SIP_HLP_REGISTRAR_PARAM.html">Postavke poslužitelja za registraciju</target>
   </keywords>
   <keywords>
      <text FeatureID="-1">pristupne točke</text>
      <target FeatureID="-1" href="HLP_OCC_CONN_SETTINGS.html">Mrežne veze</target>
      <target FeatureID="-1" href="SET_HLP_CONN_METHODS_VIEW.html">Prikaz pristupnih točaka</target>
      <target FeatureID="-1" href="SET_HLP_AP_SETTING_GPRS.html">Pristupna točka paketskih podataka</target>
      <target FeatureID="true_109" href="SET_HLP_AP_SETTING_WLAN.html">WLAN pristupna točka</target>
   </keywords>
   <keywords>
      <text FeatureID="-1">postavke, veza</text>
      <target FeatureID="-1" href="HLP_OCC_CONN_SETTINGS.html">Mrežne veze</target>
   </keywords>
   <keywords>
      <text FeatureID="-1">odredište, postavke</text>
      <target FeatureID="-1" href="SET_HLP_CONN_DEST_VIEW.html">Prikaz odredišta</target>
   </keywords>
   <keywords>
      <text FeatureID="-1">zadana veza</text>
      <target FeatureID="-1" href="SET_HLP_DEFAULT_CONN.html">Zadana veza</target>
   </keywords>
   <keywords>
      <text FeatureID="-1">VPN pristupne točke</text>
      <target FeatureID="true_99" href="SET_HLP_VPN_DEST_ASSOC_VIEW.html">VPN veze</target>
      <target FeatureID="-1" href="SET_HLP_VPN_AP_SETTINGS_VIEW.html">Uređivanje VPN pristupnih točaka</target>
   </keywords>
   <keywords>
      <text FeatureID="-1">aplikacije, povezivanja</text>
      <target FeatureID="-1" href="SET_HLP_APP_DEST_ASSOC_VIEW.html">Povezivanja aplikacija</target>
   </keywords>
   <keywords>
      <text FeatureID="-1">program, postavke</text>
      <target FeatureID="-1" href="CP_HLP_APPILICATION_SETTINGS.html">Postavke programa</target>
   </keywords>
   <keywords>
      <text FeatureID="-1">pozivi, postavke</text>
      <target FeatureID="-1" href="SCP_HLP_CALL.html">Postavke poziva</target>
   </keywords>
   <keywords>
      <text FeatureID="-1">postavke, pozivi</text>
      <target FeatureID="-1" href="SCP_HLP_CALL.html">Postavke poziva</target>
   </keywords>
   <keywords>
      <text FeatureID="-1">veza</text>
      <target FeatureID="-1" href="CP_HLP_CONNECTIVITY.html">Postavke povezivanja</target>
   </keywords>
   <keywords>
      <text FeatureID="-1">upravljačka ploča</text>
      <target FeatureID="-1" href="CP_HLP_DISPLAY.html">Postavke zaslona</target>
      <target FeatureID="__DUAL_LANGUAGE_SUPPORT=true" href="CP_HLP_WRITING_LANGUAGE.html">Jezik pisanja</target>
   </keywords>
   <keywords>
      <text FeatureID="-1">zaslon, postavke</text>
      <target FeatureID="-1" href="CP_HLP_DISPLAY.html">Postavke zaslona</target>
   </keywords>
   <keywords>
      <text FeatureID="-1">opće postavke</text>
      <target FeatureID="-1" href="CP_HLP_DEVICE.html">Postavke uređaja</target>
   </keywords>
   <keywords>
      <text FeatureID="-1">postavke uređaja</text>
      <target FeatureID="-1" href="CP_HLP_DEVICE.html">Postavke uređaja</target>
   </keywords>
   <keywords>
      <text FeatureID="-1">postavke jezika</text>
      <target FeatureID="-1" href="CP_HLP_LANGUAGE.html">Postavke jezika</target>
   </keywords>
   <keywords>
      <text FeatureID="-1">postavke</text>
      <target FeatureID="-1" href="CP_HLP_MAIN_VIEW.html">Postavke</target>
   </keywords>
   <keywords>
      <text FeatureID="-1">postavke mreže</text>
      <target FeatureID="-1" href="CP_HLP_NETWORK.html">Postavke mreže</target>
      <target FeatureID="-1" href="CP_HLP_NETWORK.html">Postavke mreže</target>
   </keywords>
   <keywords>
      <text FeatureID="-1">profil</text>
      <target FeatureID="-1" href="CP_HLP_PERSONAL.html">Osobni prikaz</target>
   </keywords>
   <keywords>
      <text FeatureID="-1">tema</text>
      <target FeatureID="-1" href="CP_HLP_PERSONAL.html">Osobni prikaz</target>
   </keywords>
   <keywords>
      <text FeatureID="-1">stanje mirovanja</text>
      <target FeatureID="-1" href="CP_HLP_PERSONAL.html">Osobni prikaz</target>
   </keywords>
   <keywords>
      <text FeatureID="-1">sigurnost, postavke</text>
      <target FeatureID="-1" href="CP_HLP_SECURITY.html">Sigurnosne postavke</target>
   </keywords>
   <keywords>
      <text FeatureID="-1">postavke, sigurnost</text>
      <target FeatureID="-1" href="CP_HLP_SECURITY.html">Sigurnosne postavke</target>
   </keywords>
   <keywords>
      <text FeatureID="-1">uređaj, zaključavanje</text>
      <target FeatureID="-1" href="SET_HLP_SECURITY_DEVICE_SIM.html">Sigurnost uređaja</target>
   </keywords>
   <keywords>
      <text FeatureID="-1">sigurnost</text>
      <target FeatureID="-1" href="SET_HLP_SECURITY_DEVICE_SIM.html">Sigurnost uređaja</target>
   </keywords>
   <keywords>
      <text FeatureID="__DUAL_LANGUAGE_SUPPORT=true">jezik pisanja</text>
      <target FeatureID="__DUAL_LANGUAGE_SUPPORT=true" href="CP_HLP_WRITING_LANGUAGE.html">Jezik pisanja</target>
   </keywords>
   <keywords>
      <text FeatureID="-1">postavke pribora</text>
      <target FeatureID="-1" href="SET_HLP_ACCESSORIES_LIST.html">Postavke pribora</target>
      <target FeatureID="-1" href="SET_HLP_ACCESSORIES_HEADPHONE.html">Postavke slušalica</target>
      <target FeatureID="-1" href="SET_HLP_ACCESSORIES_HEADSET.html">Postavke slušalica</target>
      <target FeatureID="-1" href="SET_HLP_ACCESS_WIRED_CK.html">Postavke priključne instalacije za automobil</target>
      <target FeatureID="true_1032" href="SET_HLP_ACCESSORIES_TTY.html">Postavke tekstualnog telefona</target>
      <target FeatureID="true_1540" href="SET_HLP_ACCESSORIES_TVOUT.html">Postavke TV izlaza</target>
   </keywords>
   <keywords>
      <text FeatureID="-1">paketski podaci, pristupna točka</text>
      <target FeatureID="-1" href="SET_HLP_AP_SETTING_GPRS.html">Pristupna točka paketskih podataka</target>
   </keywords>
   <keywords>
      <text FeatureID="-1">paketski prijenos podataka, postavke</text>
      <target FeatureID="-1" href="SET_HLP_AP_SETTING_GPRS_AS.html">Dod. postavke za pak. prij. pod.</target>
   </keywords>
   <keywords>
      <text FeatureID="-1">pristupne točke za paketni prijenos</text>
      <target FeatureID="-1" href="SET_HLP_AP_SETTING_GPRS_AS.html">Dod. postavke za pak. prij. pod.</target>
   </keywords>
   <keywords>
      <text FeatureID="-1">VPN (virtualna privatna mreža)</text>
      <target FeatureID="-1" href="SET_HLP_VPN_AP_SETTINGS_VIEW.html">Uređivanje VPN pristupnih točaka</target>
   </keywords>
   <keywords>
      <text FeatureID="true_109">WLAN (bežična lokalna mreža)</text>
      <target FeatureID="true_109" href="SET_HLP_AP_SETTING_WLAN.html">WLAN pristupna točka</target>
   </keywords>
   <keywords>
      <text FeatureID="-1">zaštita tipkovnice</text>
      <target FeatureID="-1" href="CP_HLP_AUTOKEYGUARD.html">Automatska zaštita tipkovnice</target>
   </keywords>
   <keywords>
      <text FeatureID="true_1581">udaljeni pogoni</text>
      <target FeatureID="true_1581" href="RD_HLP_REMOTE_DRIVE_CONFIG.html">Postavke udaljenog pogona</target>
      <target FeatureID="true_1581" href="RD_HLP_REMOTE_DRIVES.html">Udaljeni pogoni</target>
   </keywords>
   <keywords>
      <text FeatureID="-1">pozivi, zabrana</text>
      <target FeatureID="-1" href="SET_HLP_BARRING_SETTINGS.html">Zabrana telefonskih poziva</target>
      <target FeatureID="true_298" href="DIV_HLP_BARRING_MAIN.html">Zabrana poziva</target>
   </keywords>
   <keywords>
      <text FeatureID="-1">zabrana poziva</text>
      <target FeatureID="-1" href="SET_HLP_BARRING_SETTINGS.html">Zabrana telefonskih poziva</target>
      <target FeatureID="true_298" href="DIV_HLP_BARRING_MAIN.html">Zabrana poziva</target>
   </keywords>
   <keywords>
      <text FeatureID="-1">preusmjeravanje poziva</text>
      <target FeatureID="true_89" href="DIV_HLP_CALL_FORW_VID.html">Preusmjeravanje videopoziva</target>
      <target FeatureID="-1" href="DIV_HLP_CALL_FORW_MAIN.html">Preusmjeravanje poziva</target>
      <target FeatureID="-1" href="DIV_HLP_CALL_FORW_VOI.html">Preusmjeravanje glasovnih poziva</target>
   </keywords>
   <keywords>
      <text FeatureID="-1">prosljeđivanje poziva</text>
      <target FeatureID="-1" href="DIV_HLP_CALL_FORW_MAIN.html">Preusmjeravanje poziva</target>
   </keywords>
   <keywords>
      <text FeatureID="-1">postavke sinkronizacije</text>
      <target FeatureID="-1" href="CP_HLP_SYNCHRONISATION.html">Postavke sinkronizacije</target>
   </keywords>
   <keywords>
      <text FeatureID="-1">instaliranje programa</text>
      <target FeatureID="-1" href="CP_HLP_INSTALLATIONS.html">Instalacije</target>
   </keywords>
   <keywords>
      <text FeatureID="-1">postavke slušalica</text>
      <target FeatureID="-1" href="SET_HLP_ACCESSORIES_HEADPHONE.html">Postavke slušalica</target>
      <target FeatureID="-1" href="SET_HLP_ACCESSORIES_HEADSET.html">Postavke slušalica</target>
   </keywords>
   <keywords>
      <text FeatureID="-1">priključna instalacija za automobil, postavke</text>
      <target FeatureID="-1" href="SET_HLP_ACCESS_WIRED_CK.html">Postavke priključne instalacije za automobil</target>
   </keywords>
   <keywords>
      <text FeatureID="-1">postavke priključne instalacije za automobil</text>
      <target FeatureID="-1" href="SET_HLP_ACCESS_WIRED_CK.html">Postavke priključne instalacije za automobil</target>
   </keywords>
   <keywords>
      <text FeatureID="-1">glazbeno postolje, postavke</text>
      <target FeatureID="-1" href="SET_HLP_ACCESSORIES_MUSIC_ST.html">Postavke glazbenog postolja</target>
   </keywords>
   <keywords>
      <text FeatureID="true_1032">TTY postavke</text>
      <target FeatureID="true_1032" href="SET_HLP_ACCESSORIES_TTY.html">Postavke tekstualnog telefona</target>
   </keywords>
   <keywords>
      <text FeatureID="true_1032">TDD postavke</text>
      <target FeatureID="true_1032" href="SET_HLP_ACCESSORIES_TTY.html">Postavke tekstualnog telefona</target>
   </keywords>
   <keywords>
      <text FeatureID="true_1540">TV izlaz, postavke</text>
      <target FeatureID="true_1540" href="SET_HLP_ACCESSORIES_TVOUT.html">Postavke TV izlaza</target>
   </keywords>
   <keywords>
      <text FeatureID="true_410">unos teksta</text>
      <target FeatureID="true_410" href="PREDINPUT_HLP_VIRT_ITI_SETT.html">Postavke unosa</target>
   </keywords>
   <keywords>
      <text FeatureID="-1">inteligentni unos teksta</text>
      <target FeatureID="-1" href="PREDINPUT_HLP_VIRTUAL_ITI.html">Inteligentni unos teksta</target>
   </keywords>
   <keywords>
      <text FeatureID="-1">postavke, vraćanje</text>
      <target FeatureID="-1" href="SET_HLP_GENERAL_ORIG_SET.html">Vraćanje početnih postavki</target>
   </keywords>
   <keywords>
      <text FeatureID="-1">vraćanje postavki</text>
      <target FeatureID="-1" href="SET_HLP_GENERAL_ORIG_SET.html">Vraćanje početnih postavki</target>
   </keywords>
   <keywords>
      <text FeatureID="-1">tvorničke postavke, vraćanje</text>
      <target FeatureID="-1" href="SET_HLP_GENERAL_ORIG_SET.html">Vraćanje početnih postavki</target>
   </keywords>
</keywords>