<?xml version="1.0" encoding="UTF-8"?>
<keywords>
   <keywords>
      <text FeatureID="-1">ویرایش یادداشتها</text>
      <target FeatureID="-1" href="NMAKE_HLP_MEMO_VIEWER_EDIT.html">ویرایش یادداشتها در برنامه ها</target>
   </keywords>
   <keywords>
      <text FeatureID="-1">دریافت یادداشت</text>
      <target FeatureID="-1" href="NMAKE_HLP_MEMO_VIEWER.html">مشاهده یادداشتهای دریافتی</target>
   </keywords>
   <keywords>
      <text FeatureID="-1">الگوهای پیام</text>
      <target FeatureID="-1" href="NMAKE_HLP_TEMPLATE_EDITOR.html">الگوهای نوشتن پیام</target>
   </keywords>
   <keywords>
      <text FeatureID="-1">ایجاد الگوهای پیام</text>
      <target FeatureID="-1" href="NMAKE_HLP_TEMPLATE_EDITOR.html">الگوهای نوشتن پیام</target>
   </keywords>
   <keywords>
      <text FeatureID="-1">الگوهای نوشتن پیام</text>
      <target FeatureID="-1" href="NMAKE_HLP_TEMPLATE_EDITOR.html">الگوهای نوشتن پیام</target>
   </keywords>
   <keywords>
      <text FeatureID="-1">لیست یادداشتها</text>
      <target FeatureID="-1" href="NMAKE_HLP_MEMO_LIST.html">لیست یادداشتها</target>
   </keywords>
   <keywords>
      <text FeatureID="-1">نوشتن یادداشت</text>
      <target FeatureID="-1" href="NMAKE_HLP_MEMO_LIST.html">لیست یادداشتها</target>
      <target FeatureID="-1" href="NMAKE_HLP_MEMO_EDITOR_APPS.html">نوشتن یادداشت در برنامه ها</target>
      <target FeatureID="-1" href="NMAKE_HLP_MEMO_EDITOR.html">نوشتن یادداشت</target>
   </keywords>
</keywords>