<?xml version="1.0" encoding="UTF-8"?>
<keywords>
   <keywords>
      <text FeatureID="-1">آڈيو موضوعات</text>
      <target FeatureID="-1" href="AUDIOTHEME_HLP_EVENTGROUPS.html">آڈيو موضوعات تبديل کريں</target>
      <target FeatureID="-1" href="SET_HLP_AUDIO_THEME_EVENTSLIST.html">Device event sounds</target>
   </keywords>
   <keywords>
      <text FeatureID="-1">آلے کو ذاتي بنانا</text>
      <target FeatureID="-1" href="AUDIOTHEME_HLP_EVENTGROUPS.html">آڈيو موضوعات تبديل کريں</target>
      <target FeatureID="-1" href="SET_HLP_AUDIO_THEME_EVENTSLIST.html">Device event sounds</target>
   </keywords>
   <keywords>
      <text FeatureID="-1">آلے کي آوازيں</text>
      <target FeatureID="-1" href="AUDIOTHEME_HLP_EVENTGROUPS.html">آڈيو موضوعات تبديل کريں</target>
      <target FeatureID="-1" href="SET_HLP_AUDIO_THEME_EVENTSLIST.html">Device event sounds</target>
   </keywords>
</keywords>