<?xml version="1.0" encoding="UTF-8"?>
<keywords>
   <keywords>
      <text FeatureID="true_298">símsvari</text>
      <target FeatureID="true_298" href="SMSVO_HLP_CS_VIDEO_AND_XSP_VOIP.html">Tal-, mynd- og netsímatalhólf</target>
   </keywords>
   <keywords>
      <text FeatureID="true_298">nettalhólf</text>
      <target FeatureID="true_298" href="SMSVO_HLP_CS_VIDEO_AND_XSP_VOIP.html">Tal-, mynd- og netsímatalhólf</target>
   </keywords>
   <keywords>
      <text FeatureID="true_298">talhólf</text>
      <target FeatureID="true_298" href="SMSVO_HLP_CS_VIDEO_AND_XSP_VOIP.html">Tal-, mynd- og netsímatalhólf</target>
   </keywords>
   <keywords>
      <text FeatureID="-1">netsímtöl</text>
      <target FeatureID="-1" href="VOIP_HLP_CSC.html">Netstillingar</target>
      <target FeatureID="true_298" href="VOIP_HLP_SERVCATALOG.html">Listi yfir þjónustu</target>
      <target FeatureID="-1" href="SERVTAB_HLP_SETTINGS.html">Stillingar þjónustuflipa</target>
   </keywords>
</keywords>