<?xml version="1.0" encoding="UTF-8"?>
<keywords>
   <keywords>
      <text FeatureID="-1">محتوا برای اشتراک</text>
      <target FeatureID="-1" href="UPNP_HLP_SHARE_CONTENT.html">انتخاب محتوا برای اشتراک</target>
   </keywords>
   <keywords>
      <text FeatureID="-1">رسانه خانگی</text>
      <target FeatureID="-1" href="UPNP_HLP_SHARE_CONTENT.html">انتخاب محتوا برای اشتراک</target>
      <target FeatureID="-1" href="UPNP_HLP_SHARING_PROP.html">تنظیمات اشتراک</target>
      <target FeatureID="-1" href="UPNP_HLP_MAIN_VIEW.html">رسانه خانگی</target>
      <target FeatureID="-1" href="UPNP_HLP_MAIN_EXTERNAL.html">دستگاه های رسانه خانگی</target>
      <target FeatureID="-1" href="UPNP_HLP_CONTENT_VIEW.html">پرونده های رسانه خانگی</target>
      <target FeatureID="-1" href="UPNP_HLP_REMOTE_DEVICES.html">پوشه های رسانه خانگی</target>
      <target FeatureID="-1" href="UPNP_HLP_SEARCH.html">نتایج جستجو</target>
   </keywords>
   <keywords>
      <text FeatureID="-1">اشتراک تصاویر و فیلم ها</text>
      <target FeatureID="-1" href="UPNP_HLP_SHARE_CONTENT.html">انتخاب محتوا برای اشتراک</target>
   </keywords>
   <keywords>
      <text FeatureID="-1">اشتراک پرونده های رسانه</text>
      <target FeatureID="-1" href="UPNP_HLP_SHARING_PROP.html">تنظیمات اشتراک</target>
      <target FeatureID="-1" href="UPNP_HLP_MAIN_VIEW.html">رسانه خانگی</target>
      <target FeatureID="-1" href="UPNP_HLP_MAIN_EXTERNAL.html">دستگاه های رسانه خانگی</target>
      <target FeatureID="-1" href="UPNP_HLP_CONTENT_VIEW.html">پرونده های رسانه خانگی</target>
      <target FeatureID="-1" href="UPNP_HLP_REMOTE_DEVICES.html">پوشه های رسانه خانگی</target>
      <target FeatureID="-1" href="UPNP_HLP_SEARCH.html">نتایج جستجو</target>
   </keywords>
   <keywords>
      <text FeatureID="-1">مشاهده پرونده ها در دستگاه راه دور</text>
      <target FeatureID="-1" href="UPNP_HLP_SHARING_PROP.html">تنظیمات اشتراک</target>
      <target FeatureID="-1" href="UPNP_HLP_MAIN_VIEW.html">رسانه خانگی</target>
      <target FeatureID="-1" href="UPNP_HLP_MAIN_EXTERNAL.html">دستگاه های رسانه خانگی</target>
      <target FeatureID="-1" href="UPNP_HLP_CONTENT_VIEW.html">پرونده های رسانه خانگی</target>
      <target FeatureID="-1" href="UPNP_HLP_REMOTE_DEVICES.html">پوشه های رسانه خانگی</target>
      <target FeatureID="-1" href="UPNP_HLP_SEARCH.html">نتایج جستجو</target>
   </keywords>
   <keywords>
      <text FeatureID="-1">اشتراک ویژگیها</text>
      <target FeatureID="-1" href="UPNP_HLP_SHARING_PROP.html">تنظیمات اشتراک</target>
   </keywords>
</keywords>