<?xml version="1.0" encoding="UTF-8"?>
<keywords>
   <keywords>
      <text FeatureID="-1">Kategori mercu tanda</text>
      <target FeatureID="-1" href="LM_HLP_LM_BY_CATEGORY.html">Kategori mercu tanda</target>
      <target FeatureID="-1" href="LM_HLP_EDIT_CATEGORIES.html">Edit kategori mercu tanda</target>
   </keywords>
   <keywords>
      <text FeatureID="-1">mercu tanda</text>
      <target FeatureID="-1" href="LM_HLP_LM_BY_NAME.html">Mercu tanda mengikut pameran nama</target>
      <target FeatureID="-1" href="LM_HLP_CATEGORY_CONTENTS.html">Mercu tanda dalam kategori</target>
      <target FeatureID="-1" href="LM_HLP_LM_VIEWER.html">Mercu tanda secara terperinci</target>
   </keywords>
   <keywords>
      <text FeatureID="-1">mengedit tanda tempat</text>
      <target FeatureID="-1" href="LM_HLP_LM_EDITOR.html">Edit mercu tanda</target>
   </keywords>
</keywords>