<?xml version="1.0" encoding="UTF-8"?>
<keywords>
   <keywords>
      <text FeatureID="-1">sincronització</text>
      <target FeatureID="-1" href="OTASYNCBU_HLP_MAIN.html">Sincronització Ovi</target>
   </keywords>
   <keywords>
      <text FeatureID="-1">Sincronització Ovi</text>
      <target FeatureID="-1" href="OTASYNCBU_HLP_MAIN.html">Sincronització Ovi</target>
      <target FeatureID="-1" href="OTASYNCBU_HLP_SETTINGS.html">Configuració de sincronització Ovi</target>
   </keywords>
</keywords>