<?xml version="1.0" encoding="UTF-8"?>
<keywords>
   <keywords>
      <text FeatureID="true_13 true_1566">חיבור כבל USB</text>
      <target FeatureID="true_13" href="USB_HLP_MAIN.html">הגדרות USB</target>
      <target FeatureID="true_1566" href="USB_HLP_PRINT_SETTINGS.html">הגדרות מדפסת</target>
   </keywords>
   <keywords>
      <text FeatureID="true_13">חיבור כבל</text>
      <target FeatureID="true_13" href="USB_HLP_MAIN.html">הגדרות USB</target>
   </keywords>
   <keywords>
      <text FeatureID="true_1566">הדפסה</text>
      <target FeatureID="true_1566" href="USB_HLP_PRINT_SETTINGS.html">הגדרות מדפסת</target>
   </keywords>
   <keywords>
      <text FeatureID="true_1566">הגדרות, מדפסת</text>
      <target FeatureID="true_1566" href="USB_HLP_PRINT_SETTINGS.html">הגדרות מדפסת</target>
   </keywords>
</keywords>