<?xml version="1.0" encoding="UTF-8"?>
<keywords>
   <keywords>
      <text FeatureID="-1">tērzēšanas ziņas</text>
      <target FeatureID="-1" href="SERVTAB_HLP_CONVERSATION.html">Sūtiet tērzēšanas ziņas</target>
   </keywords>
   <keywords>
      <text FeatureID="-1">tērzēšana</text>
      <target FeatureID="-1" href="SERVTAB_HLP_CONVERSATION.html">Sūtiet tērzēšanas ziņas</target>
   </keywords>
   <keywords>
      <text FeatureID="-1">sarakstes</text>
      <target FeatureID="-1" href="SERVTAB_HLP_CONVERSATION.html">Sūtiet tērzēšanas ziņas</target>
   </keywords>
</keywords>