<?xml version="1.0" encoding="UTF-8"?>
<keywords>
   <keywords>
      <text FeatureID="-1">hücre yayını mesajları</text>
      <target FeatureID="-1" href="CBS_HLP_TOPIC_VIEW.html">Hücre yayını mesajları</target>
      <target FeatureID="-1" href="CBS_HLP_MAIN.html">Hücre yayını konuları</target>
      <target FeatureID="-1" href="CBS_HLP_MSG.html">Hücre yayını mesajlarını görüntüleme</target>
   </keywords>
   <keywords>
      <text FeatureID="-1">hücre yayını konuları</text>
      <target FeatureID="-1" href="CBS_HLP_MAIN.html">Hücre yayını konuları</target>
   </keywords>
</keywords>