<?xml version="1.0" encoding="UTF-8"?>
<keywords>
   <keywords>
      <text FeatureID="-1">要共享的内容</text>
      <target FeatureID="-1" href="UPNP_HLP_SHARE_CONTENT.html">选择要共享的内容</target>
   </keywords>
   <keywords>
      <text FeatureID="-1">家庭影院</text>
      <target FeatureID="-1" href="UPNP_HLP_SHARE_CONTENT.html">选择要共享的内容</target>
      <target FeatureID="-1" href="UPNP_HLP_SHARING_PROP.html">共享设置</target>
      <target FeatureID="-1" href="UPNP_HLP_MAIN_VIEW.html">家庭影院</target>
      <target FeatureID="-1" href="UPNP_HLP_MAIN_EXTERNAL.html">家庭影院设备</target>
      <target FeatureID="-1" href="UPNP_HLP_CONTENT_VIEW.html">家庭影院文件</target>
      <target FeatureID="-1" href="UPNP_HLP_REMOTE_DEVICES.html">家庭影院文件夹</target>
      <target FeatureID="-1" href="UPNP_HLP_SEARCH.html">搜索结果</target>
   </keywords>
   <keywords>
      <text FeatureID="-1">共享图像和视频</text>
      <target FeatureID="-1" href="UPNP_HLP_SHARE_CONTENT.html">选择要共享的内容</target>
   </keywords>
   <keywords>
      <text FeatureID="-1">共享媒体文件</text>
      <target FeatureID="-1" href="UPNP_HLP_SHARING_PROP.html">共享设置</target>
      <target FeatureID="-1" href="UPNP_HLP_MAIN_VIEW.html">家庭影院</target>
      <target FeatureID="-1" href="UPNP_HLP_MAIN_EXTERNAL.html">家庭影院设备</target>
      <target FeatureID="-1" href="UPNP_HLP_CONTENT_VIEW.html">家庭影院文件</target>
      <target FeatureID="-1" href="UPNP_HLP_REMOTE_DEVICES.html">家庭影院文件夹</target>
      <target FeatureID="-1" href="UPNP_HLP_SEARCH.html">搜索结果</target>
   </keywords>
   <keywords>
      <text FeatureID="-1">查看文件或远程设备</text>
      <target FeatureID="-1" href="UPNP_HLP_SHARING_PROP.html">共享设置</target>
      <target FeatureID="-1" href="UPNP_HLP_MAIN_VIEW.html">家庭影院</target>
      <target FeatureID="-1" href="UPNP_HLP_MAIN_EXTERNAL.html">家庭影院设备</target>
      <target FeatureID="-1" href="UPNP_HLP_CONTENT_VIEW.html">家庭影院文件</target>
      <target FeatureID="-1" href="UPNP_HLP_REMOTE_DEVICES.html">家庭影院文件夹</target>
      <target FeatureID="-1" href="UPNP_HLP_SEARCH.html">搜索结果</target>
   </keywords>
   <keywords>
      <text FeatureID="-1">共享属性</text>
      <target FeatureID="-1" href="UPNP_HLP_SHARING_PROP.html">共享设置</target>
   </keywords>
</keywords>