<?xml version="1.0" encoding="UTF-8"?>
<keywords>
   <keywords>
      <text FeatureID="-1">e-posti seaded</text>
      <target FeatureID="-1" href="MBXS_HLP_SETT_DOWNL_CTRL.html">E-posti toomise seaded</target>
      <target FeatureID="-1" href="MBXS_HLP_SETT_DOWNL_RETR.html">Allalaaditava e-kirja maht</target>
      <target FeatureID="-1" href="MBXS_HLP_SETT_MBX_IN.html">Saabuva e-posti seaded</target>
      <target FeatureID="-1" href="MBXS_HLP_SETT_MBX_IN_OUT.html">Ühenduseseaded</target>
      <target FeatureID="-1" href="MBXS_HLP_SETT_MBX_OUT.html">Väljuva e-posti seaded</target>
      <target FeatureID="-1" href="MCE_HLP_SETTINGS_EMAIL.html">E-posti seaded</target>
      <target FeatureID="-1" href="MCE_HLP_SETT_EMAILMAIN.html">Postkastide muutmine</target>
      <target FeatureID="-1" href="MCE_HLP_SETT_MAILBLIST.html">Postkastid</target>
      <target FeatureID="-1" href="MCE_HLP_SETT_MAILFOLDER_UPD.html">Postkasti kaustad</target>
      <target FeatureID="true_1633" href="MCE_HLP_SETT_MAIL_ONLI.html">Automaatne allalaadimine</target>
   </keywords>
   <keywords>
      <text FeatureID="-1">postkasti seaded</text>
      <target FeatureID="-1" href="MCE_HLP_SETT_EMAILMAIN.html">Postkastide muutmine</target>
   </keywords>
   <keywords>
      <text FeatureID="-1">postkast</text>
      <target FeatureID="-1" href="MCE_HLP_SETT_MAILBLIST.html">Postkastid</target>
      <target FeatureID="-1" href="MCE_HLP_MAILBOX_ONLINE.html">Võrguühendusega e-post</target>
   </keywords>
   <keywords>
      <text FeatureID="-1">postkasti kaustad</text>
      <target FeatureID="-1" href="MCE_HLP_SETT_MAILFOLDER_UPD.html">Postkasti kaustad</target>
   </keywords>
   <keywords>
      <text FeatureID="-1">kasutajaseaded</text>
      <target FeatureID="-1" href="MCE_HLP_SETT_MAIL_USER.html">Kasutajaseaded</target>
   </keywords>
   <keywords>
      <text FeatureID="true_44">sünkroonimispostkasti seaded</text>
      <target FeatureID="true_44" href="MCE_HLP_SETT_SMAILBOX.html">Sünkroonimispostkasti seaded</target>
   </keywords>
   <keywords>
      <text FeatureID="true_44">sünkroonitava e-posti seaded</text>
      <target FeatureID="true_44" href="MCE_HLP_SETT_SMAILBOX.html">Sünkroonimispostkasti seaded</target>
   </keywords>
   <keywords>
      <text FeatureID="-1">vallasrežiimis e-post</text>
      <target FeatureID="-1" href="MCE_HLP_MAILBOX_OFFLINE.html">E-post vallasrežiimis</target>
   </keywords>
   <keywords>
      <text FeatureID="-1">postkastiga ühenduse loomine</text>
      <target FeatureID="-1" href="MCE_HLP_MAILBOX_ONLINE.html">Võrguühendusega e-post</target>
   </keywords>
   <keywords>
      <text FeatureID="-1">e-post võrgus</text>
      <target FeatureID="-1" href="MCE_HLP_MAILBOX_ONLINE.html">Võrguühendusega e-post</target>
   </keywords>
   <keywords>
      <text FeatureID="-1">võrguühendusega e-post</text>
      <target FeatureID="-1" href="MCE_HLP_MAILBOX_ONLINE.html">Võrguühendusega e-post</target>
   </keywords>
</keywords>