<?xml version="1.0" encoding="UTF-8"?>
<keywords>
   <keywords>
      <text FeatureID="-1">módulo de seguridad</text>
      <target FeatureID="-1" href="SECMOD_HLP_ACCESSCODE_VIEW.html">Código PIN de módulo de seguridad</target>
      <target FeatureID="-1" href="SECMOD_HLP_MAIN_VIEW.html">Módulo de seguridad</target>
      <target FeatureID="-1" href="SEMOD_HLP_SIGNINGCODE_VIEW.html">Editar código de firma</target>
   </keywords>
   <keywords>
      <text FeatureID="-1">código PIN</text>
      <target FeatureID="-1" href="SECMOD_HLP_ACCESSCODE_VIEW.html">Código PIN de módulo de seguridad</target>
   </keywords>
   <keywords>
      <text FeatureID="-1">códigos de módulo de seguridad</text>
      <target FeatureID="-1" href="SECMOD_HLP_CODE_VIEW.html">Códigos de módulo de seguridad</target>
   </keywords>
   <keywords>
      <text FeatureID="-1">código PIN para módulo de seguridad</text>
      <target FeatureID="-1" href="SECMOD_HLP_CODE_VIEW.html">Códigos de módulo de seguridad</target>
   </keywords>
   <keywords>
      <text FeatureID="-1">almacén de claves</text>
      <target FeatureID="-1" href="SECMOD_HLP_MAIN_VIEW.html">Módulo de seguridad</target>
   </keywords>
   <keywords>
      <text FeatureID="-1">código de firma</text>
      <target FeatureID="-1" href="SEMOD_HLP_SIGNINGCODE_VIEW.html">Editar código de firma</target>
   </keywords>
   <keywords>
      <text FeatureID="-1">firmas digitales</text>
      <target FeatureID="-1" href="SEMOD_HLP_SIGNINGCODE_VIEW.html">Editar código de firma</target>
   </keywords>
</keywords>