<?xml version="1.0" encoding="UTF-8"?>
<keywords>
   <keywords>
      <text FeatureID="-1">camera</text>
      <target FeatureID="-1" href="LCAM_HLP_VIEWFINDER_PHOTO.html">Foto's maken</target>
      <target FeatureID="false_410" href="LCAM_HLP_LIGHT_SENSITIVITY.html">Lichtgevoeligheid wijzigen</target>
      <target FeatureID="-1" href="LCAM_HLP_SCENES_PHOTO.html">Afbeeldingsscènes</target>
      <target FeatureID="-1" href="LCAM_HLP_VIEWFINDER_VIDEO.html">Videoclips opnemen</target>
      <target FeatureID="false_410" href="LCAM_HLP_SCENES_VIDEO.html">Videoscènes</target>
      <target FeatureID="-1" href="LCAM_HLP_VIEWFINDER_VIDEO_EM.html">Video's in toepassingen</target>
      <target FeatureID="false_410" href="LCAM_HLP_STANDYBY_EM.html">Camera niet actief</target>
      <target FeatureID="-1" href="LCAM_HLP_POST_VIDEO.html">Videoclips afspelen</target>
      <target FeatureID="-1" href="LCAM_HLP_POST_PHOTO.html">Opgenomen afbeeldingen bekijken</target>
      <target FeatureID="true_132" href="LCAM_HLP_POST_SEQ.html">Foto's bekijken die in een reeks zijn gemaakt</target>
   </keywords>
   <keywords>
      <text FeatureID="-1">foto's maken</text>
      <target FeatureID="-1" href="LCAM_HLP_VIEWFINDER_PHOTO.html">Foto's maken</target>
   </keywords>
   <keywords>
      <text FeatureID="false_410">lichtgevoeligheid</text>
      <target FeatureID="false_410" href="LCAM_HLP_LIGHT_SENSITIVITY.html">Lichtgevoeligheid wijzigen</target>
   </keywords>
   <keywords>
      <text FeatureID="-1">camerascènes</text>
      <target FeatureID="-1" href="LCAM_HLP_SETTINGS_PHOUSER.html">Scènes opgeven</target>
   </keywords>
   <keywords>
      <text FeatureID="-1">scènes</text>
      <target FeatureID="-1" href="LCAM_HLP_SCENES_PHOTO.html">Afbeeldingsscènes</target>
   </keywords>
   <keywords>
      <text FeatureID="-1">camera-instellingen</text>
      <target FeatureID="-1" href="LCAM_HLP_SETTINGS.html">Camera-instellingen</target>
   </keywords>
   <keywords>
      <text FeatureID="-1">camera, instellingen</text>
      <target FeatureID="-1" href="LCAM_HLP_SETTINGS_PHOTO.html">Afbeeldingsinstellingen</target>
      <target FeatureID="-1" href="LCAM_HLP_SETTINGS_VIDEO.html">Video-instellingen</target>
   </keywords>
   <keywords>
      <text FeatureID="-1">video opnemen</text>
      <target FeatureID="-1" href="LCAM_HLP_VIEWFINDER_VIDEO.html">Videoclips opnemen</target>
   </keywords>
   <keywords>
      <text FeatureID="false_410">videoscènes</text>
      <target FeatureID="false_410" href="LCAM_HLP_SCENES_VIDEO.html">Videoscènes</target>
   </keywords>
   <keywords>
      <text FeatureID="-1">video, instellingen</text>
      <target FeatureID="-1" href="LCAM_HLP_SETTINGS_VIDEO.html">Video-instellingen</target>
   </keywords>
   <keywords>
      <text FeatureID="-1">videoclips in toepassingen</text>
      <target FeatureID="-1" href="LCAM_HLP_VIEWFINDER_VIDEO_EM.html">Video's in toepassingen</target>
   </keywords>
   <keywords>
      <text FeatureID="-1">videoclips afspelen</text>
      <target FeatureID="-1" href="LCAM_HLP_POST_VIDEO.html">Videoclips afspelen</target>
   </keywords>
   <keywords>
      <text FeatureID="-1">camera in toepassingen</text>
      <target FeatureID="-1" href="LCAM_HLP_VIEWFINDER_PHOTO_EM.html">Afbeeldingen in toepassingen</target>
   </keywords>
   <keywords>
      <text FeatureID="-1">foto's bekijken</text>
      <target FeatureID="-1" href="LCAM_HLP_POST_PHOTO.html">Opgenomen afbeeldingen bekijken</target>
   </keywords>
   <keywords>
      <text FeatureID="true_132">reeksmodus</text>
      <target FeatureID="true_132" href="LCAM_HLP_POST_SEQ.html">Foto's bekijken die in een reeks zijn gemaakt</target>
   </keywords>
</keywords>