<?xml version="1.0" encoding="UTF-8"?>
<keywords>
   <keywords>
      <text FeatureID="-1">kategórie orientačných bodov</text>
      <target FeatureID="-1" href="LM_HLP_LM_BY_CATEGORY.html">Kategórie orientačných bodov</target>
      <target FeatureID="-1" href="LM_HLP_EDIT_CATEGORIES.html">Úprava kategórií orientačných bodov</target>
   </keywords>
   <keywords>
      <text FeatureID="-1">orientačné body</text>
      <target FeatureID="-1" href="LM_HLP_LM_BY_NAME.html">Zobrazenie orientačných bodov podľa názvu</target>
      <target FeatureID="-1" href="LM_HLP_CATEGORY_CONTENTS.html">Orientačné body v kategóriách</target>
      <target FeatureID="-1" href="LM_HLP_LM_VIEWER.html">Podrobné info o orientačných bodoch</target>
   </keywords>
   <keywords>
      <text FeatureID="-1">úprava orientačných bodov</text>
      <target FeatureID="-1" href="LM_HLP_LM_EDITOR.html">Úprava orientačných bodov</target>
   </keywords>
</keywords>