<?xml version="1.0" encoding="UTF-8"?>
<keywords>
   <keywords>
      <text FeatureID="-1">administrador de archivos</text>
      <target FeatureID="-1" href="FMGR_HLP_MEM_STORE_VIEW.html">Admin. archivos</target>
      <target FeatureID="-1" href="FMGR_HLP_MAIN_VIEW.html">Administrador de archivos</target>
      <target FeatureID="-1" href="FMGR_HLP_BACKUP_VIEW.html">Copia seg. arch.</target>
   </keywords>
   <keywords>
      <text FeatureID="-1">tarjeta de memoria</text>
      <target FeatureID="-1" href="FMGR_HLP_MEM_STORE_VIEW.html">Admin. archivos</target>
      <target FeatureID="-1" href="FMGR_HLP_MAIN_VIEW.html">Administrador de archivos</target>
      <target FeatureID="-1" href="FMGR_HLP_BACKUP_VIEW.html">Copia seg. arch.</target>
   </keywords>
   <keywords>
      <text FeatureID="-1">Administrador de archivos</text>
      <target FeatureID="-1" href="FMGR_HLP_SEARCH_RESULTS.html">Búsq. archivos</target>
   </keywords>
   <keywords>
      <text FeatureID="-1">búsqueda de archivos</text>
      <target FeatureID="-1" href="FMGR_HLP_SEARCH_RESULTS.html">Búsq. archivos</target>
   </keywords>
   <keywords>
      <text FeatureID="-1">búsqueda de carpetas</text>
      <target FeatureID="-1" href="FMGR_HLP_SEARCH_RESULTS.html">Búsq. archivos</target>
   </keywords>
   <keywords>
      <text FeatureID="-1">copia seguridad</text>
      <target FeatureID="-1" href="FMGR_HLP_BACKUP_VIEW.html">Copia seg. arch.</target>
   </keywords>
</keywords>