<?xml version="1.0" encoding="UTF-8"?>
<keywords>
   <keywords>
      <text FeatureID="true_298">answering machine</text>
      <target FeatureID="true_298" href="SMSVO_HLP_CS_VIDEO_AND_XSP_VOIP.html">Tawag, video, at mailbox ng tawag na internet</target>
   </keywords>
   <keywords>
      <text FeatureID="true_298">mailbox ng tawag na internet</text>
      <target FeatureID="true_298" href="SMSVO_HLP_CS_VIDEO_AND_XSP_VOIP.html">Tawag, video, at mailbox ng tawag na internet</target>
   </keywords>
   <keywords>
      <text FeatureID="true_298">mailbox ng tawag</text>
      <target FeatureID="true_298" href="SMSVO_HLP_CS_VIDEO_AND_XSP_VOIP.html">Tawag, video, at mailbox ng tawag na internet</target>
   </keywords>
   <keywords>
      <text FeatureID="-1">mga tawag na internet</text>
      <target FeatureID="-1" href="VOIP_HLP_CSC.html">CaÌ€i Ä‘ÄƒÌ£t net</target>
      <target FeatureID="true_298" href="VOIP_HLP_SERVCATALOG.html">Katalogo ng serbisyo</target>
      <target FeatureID="-1" href="SERVTAB_HLP_SETTINGS.html">Mga setting ng tab ng serbisyo</target>
   </keywords>
</keywords>