<?xml version="1.0" encoding="UTF-8"?>
<keywords>
   <keywords>
      <text FeatureID="-1">datový přenos</text>
      <target FeatureID="-1" href="SWITCH_HLP_EDIT_SHORTCUT.html">Nastavení zástupců</target>
      <target FeatureID="-1" href="SWITCH_HLP_MAIN.html">Přenos dat</target>
      <target FeatureID="-1" href="SWITCH_HLP_LOG.html">Protokol přenosu</target>
   </keywords>
   <keywords>
      <text FeatureID="-1">přenos dat</text>
      <target FeatureID="-1" href="SWITCH_HLP_EDIT_SHORTCUT.html">Nastavení zástupců</target>
      <target FeatureID="-1" href="SWITCH_HLP_MAIN.html">Přenos dat</target>
   </keywords>
   <keywords>
      <text FeatureID="-1">zástupci</text>
      <target FeatureID="-1" href="SWITCH_HLP_EDIT_SHORTCUT.html">Nastavení zástupců</target>
   </keywords>
   <keywords>
      <text FeatureID="-1">datový přenos, konflikty</text>
      <target FeatureID="-1" href="SWITCH_HLP_CONFLICT.html">Konflikty při přenosu</target>
   </keywords>
   <keywords>
      <text FeatureID="-1">kopírování obsahu</text>
      <target FeatureID="-1" href="SWITCH_HLP_MAIN.html">Přenos dat</target>
   </keywords>
   <keywords>
      <text FeatureID="-1">protokol přenosu</text>
      <target FeatureID="-1" href="SWITCH_HLP_LOG.html">Protokol přenosu</target>
   </keywords>
</keywords>