<?xml version="1.0" encoding="UTF-8"?><?xml-stylesheet  href="../../theme/xsl/index2html.xslt" type="text/xsl"?>
<topics FeatureID="-1" title="Телефонен указател" compressed="true">
   <topicref FeatureID="-1" href="HLP_CCA_DETAILS.html" navtitle="Данни за контакт"/>
   <topicref FeatureID="-1" href="HLP_CCA_LAUNCHER.html" navtitle="Карти за контакт"/>
   <topicref FeatureID="-1" href="PHOB_HLP_GROUP_LIST.html" navtitle="Групи контакти"/>
   <topicref FeatureID="-1" href="PHOB_HLP_SIM_LIST.html" navtitle="Указател със СИМ контакти"/>
   <topicref FeatureID="-1" href="PHOB_HLP_MY_NUMBERS.html" navtitle="Мои номера"/>
   <topicref FeatureID="-1" href="PHOB_HLP_GROUP_MEMBER_LIST.html" navtitle="Членове на групи"/>
   <topicref FeatureID="-1" href="PHOB_HLP_SETTINGS.html" navtitle="Настройки за контакти"/>
   <topicref FeatureID="-1" href="PHOB_HLP_NAME_LIST.html" navtitle="Списък с контакти"/>
   <topicref FeatureID="-1" href="HLP_CCA_MY_CARD.html" navtitle="Моята карта"/>
   <topicref FeatureID="-1" href="RLOOK_HLP_INFO_VIEW.html" navtitle="Управление на намерения контакт"/>
   <topicref FeatureID="-1" href="HLP_CCA_EDITOR.html" navtitle="Редактиране на карти за контакт"/>
   <topicref FeatureID="-1" href="PHOB_HLP_CONTACT_INFO_VIEW.html" navtitle="Карти за контакт"/>
   <topicref FeatureID="-1" href="PHOB_HLP_EDIT_ENTRY.html" navtitle="Редактиране на карти за контакт"/>
   <topicref FeatureID="-1" href="FDN_HLP_FDN_NUMBER_VIEW.html" navtitle="Контакти за фиксирано набиране"/>
   <topicref FeatureID="-1" href="FDN_HLP_FDN_VIEW.html" navtitle="Ограничаване на повикванията"/>
   <topicref FeatureID="-1" href="SDN_HLP_APP.html" navtitle="Номера за услуги"/>
   <topicref FeatureID="-1" href="PHOB_HLP_SIM_INFO_VIEW.html" navtitle="Карти за контакти в СИМ"/>
</topics>