<?xml version="1.0" encoding="UTF-8"?>
<keywords>
   <keywords>
      <text FeatureID="-1">фиксирано набиране</text>
      <target FeatureID="-1" href="FDN_HLP_FDN_NUM_EDIT_VIEW.html">Редактиране на контакти</target>
      <target FeatureID="-1" href="FDN_HLP_FDN_NUMBER_VIEW.html">Контакти за фиксирано набиране</target>
      <target FeatureID="-1" href="FDN_HLP_FDN_VIEW.html">Ограничаване на повикванията</target>
   </keywords>
   <keywords>
      <text FeatureID="-1">ограничаване на повикванията</text>
      <target FeatureID="-1" href="FDN_HLP_FDN_VIEW.html">Ограничаване на повикванията</target>
   </keywords>
   <keywords>
      <text FeatureID="-1">номера за услуги</text>
      <target FeatureID="-1" href="SDN_HLP_APP.html">Номера за услуги</target>
   </keywords>
   <keywords>
      <text FeatureID="-1">СИМ номера за услуги</text>
      <target FeatureID="-1" href="SDN_HLP_APP.html">Номера за услуги</target>
   </keywords>
   <keywords>
      <text FeatureID="-1">номера за услуги в СИМ</text>
      <target FeatureID="-1" href="SDN_HLP_APP.html">Номера за услуги</target>
   </keywords>
   <keywords>
      <text FeatureID="-1">групи контакти</text>
      <target FeatureID="-1" href="PHOB_HLP_GROUP_LIST.html">Групи контакти</target>
      <target FeatureID="-1" href="PHOB_HLP_GROUP_MEMBER_LIST.html">Членове на групи</target>
   </keywords>
   <keywords>
      <text FeatureID="-1">СИМ контакти</text>
      <target FeatureID="-1" href="PHOB_HLP_SIM_LIST.html">Указател със СИМ контакти</target>
   </keywords>
   <keywords>
      <text FeatureID="-1">СИМ номер</text>
      <target FeatureID="-1" href="PHOB_HLP_MY_NUMBERS.html">Мои номера</target>
   </keywords>
   <keywords>
      <text FeatureID="-1">ред имената в Контакти</text>
      <target FeatureID="-1" href="PHOB_HLP_SETTINGS.html">Настройки за контакти</target>
   </keywords>
   <keywords>
      <text FeatureID="-1">памет за контакти</text>
      <target FeatureID="-1" href="PHOB_HLP_SETTINGS.html">Настройки за контакти</target>
   </keywords>
   <keywords>
      <text FeatureID="-1">памет по подразбиране</text>
      <target FeatureID="-1" href="PHOB_HLP_SETTINGS.html">Настройки за контакти</target>
   </keywords>
   <keywords>
      <text FeatureID="-1">указател за контакти</text>
      <target FeatureID="-1" href="PHOB_HLP_NAME_LIST.html">Указател за контакти</target>
   </keywords>
   <keywords>
      <text FeatureID="-1">информация за контакти</text>
      <target FeatureID="-1" href="PHOB_HLP_NAME_LIST.html">Указател за контакти</target>
   </keywords>
   <keywords>
      <text FeatureID="-1">телефонен указател</text>
      <target FeatureID="-1" href="PHOB_HLP_NAME_LIST.html">Указател за контакти</target>
   </keywords>
</keywords>