<?xml version="1.0" encoding="UTF-8"?>
<keywords>
   <keywords>
      <text FeatureID="-1">อัพเดตซอฟต์แวร์</text>
      <target FeatureID="-1" href="SWUPDATE_HLP_MAIN.html">การอัพเดตซอฟต์แวร์</target>
   </keywords>
   <keywords>
      <text FeatureID="-1">การอัพเดตซอฟต์แวร์</text>
      <target FeatureID="-1" href="SWUPDATE_HLP_MAIN.html">การอัพเดตซอฟต์แวร์</target>
   </keywords>
   <keywords>
      <text FeatureID="-1">ตั้งค่าการอัพเดตซอฟต์แวร์</text>
      <target FeatureID="-1" href="SWUPDATE_HLP_SETTINGS.html">การตั้งค่าการอัพเดตซอฟต์แวร์</target>
   </keywords>
</keywords>