<?xml version="1.0" encoding="UTF-8"?><?xml-stylesheet  href="../../theme/xsl/index2html.xslt" type="text/xsl"?>
<topics FeatureID="-1" title="لاگز" compressed="true">
   <topicref FeatureID="-1" href="GPRS_HLP_MAIN.html" navtitle="پيکٹ ڈيٹا کنکشن"/>
   <topicref FeatureID="-1" href="LOGS_HLP_COUNTER.html" navtitle="کال اور ڈیٹا رجسٹر"/>
   <topicref FeatureID="-1" href="LOGS_HLP_DETAIL.html" navtitle="لاگ واقعہ تفصيل"/>
   <topicref FeatureID="-1" href="LOGS_HLP_MAIN.html" navtitle="لاگ سے متعلق معلومات"/>
   <topicref FeatureID="-1" href="LOGS_HLP_SETTING.html" navtitle="لاگ کي ترتيبات"/>
   <topicref FeatureID="-1" href="STM_HLP_DIALLED.html" navtitle="ملائے گئے نمبر"/>
   <topicref FeatureID="-1" href="STM_HLP_MAIN.html" navtitle="حاليہ کاليں"/>
   <topicref FeatureID="-1" href="STM_HLP_MISSED.html" navtitle="مسڈ کاليں"/>
   <topicref FeatureID="-1" href="STM_HLP_RECEIVED.html" navtitle="وصول کردہ کاليں"/>
   <topicref FeatureID="-1" href="TIMERS_HLP_MAIN.html" navtitle="کال کی مدت"/>
</topics>