<?xml version="1.0" encoding="UTF-8"?>
<keywords>
   <keywords>
      <text FeatureID="-1">پیکٹ ڈيٹا کنکشن</text>
      <target FeatureID="-1" href="GPRS_HLP_MAIN.html">پيکٹ ڈيٹا کنکشن</target>
      <target FeatureID="-1" href="LOGS_HLP_COUNTER.html">کال اور ڈیٹا رجسٹر</target>
   </keywords>
   <keywords>
      <text FeatureID="-1">کالوں کا دورانیہ</text>
      <target FeatureID="-1" href="LOGS_HLP_COUNTER.html">کال اور ڈیٹا رجسٹر</target>
   </keywords>
   <keywords>
      <text FeatureID="-1">حالیہ کالیں</text>
      <target FeatureID="-1" href="LOGS_HLP_COUNTER.html">کال اور ڈیٹا رجسٹر</target>
      <target FeatureID="-1" href="STM_HLP_MAIN.html">حاليہ کاليں</target>
   </keywords>
   <keywords>
      <text FeatureID="-1">لاگز</text>
      <target FeatureID="-1" href="LOGS_HLP_DETAIL.html">لاگ واقعہ تفصيل</target>
      <target FeatureID="-1" href="LOGS_HLP_MAIN.html">لاگ سے متعلق معلومات</target>
   </keywords>
   <keywords>
      <text FeatureID="-1">لاگ کي ترتيبات</text>
      <target FeatureID="-1" href="LOGS_HLP_SETTING.html">لاگ کي ترتيبات</target>
   </keywords>
   <keywords>
      <text FeatureID="-1">ملائے گئے نمبر</text>
      <target FeatureID="-1" href="STM_HLP_DIALLED.html">ملائے گئے نمبر</target>
   </keywords>
   <keywords>
      <text FeatureID="-1">کال لاگ</text>
      <target FeatureID="-1" href="STM_HLP_MAIN.html">حاليہ کاليں</target>
   </keywords>
   <keywords>
      <text FeatureID="-1">مسڈ کاليں</text>
      <target FeatureID="-1" href="STM_HLP_MISSED.html">مسڈ کاليں</target>
   </keywords>
   <keywords>
      <text FeatureID="-1">وصول کردہ کاليں</text>
      <target FeatureID="-1" href="STM_HLP_RECEIVED.html">وصول کردہ کاليں</target>
   </keywords>
   <keywords>
      <text FeatureID="-1">جواب دي گئي کاليں</text>
      <target FeatureID="-1" href="STM_HLP_RECEIVED.html">وصول کردہ کاليں</target>
   </keywords>
   <keywords>
      <text FeatureID="-1">کال کی مدت</text>
      <target FeatureID="-1" href="TIMERS_HLP_MAIN.html">کال کی مدت</target>
   </keywords>
   <keywords>
      <text FeatureID="-1">کالوں کی لمبائی</text>
      <target FeatureID="-1" href="TIMERS_HLP_MAIN.html">کال کی مدت</target>
   </keywords>
</keywords>