<?xml version="1.0" encoding="UTF-8"?>
<keywords>
   <keywords>
      <text FeatureID="true_13 true_1566">USB-kaabli ühendus</text>
      <target FeatureID="true_13" href="USB_HLP_MAIN.html">USB seaded</target>
      <target FeatureID="true_1566" href="USB_HLP_PRINT_SETTINGS.html">Printeri seaded</target>
   </keywords>
   <keywords>
      <text FeatureID="true_13">kaabelühendus</text>
      <target FeatureID="true_13" href="USB_HLP_MAIN.html">USB seaded</target>
   </keywords>
   <keywords>
      <text FeatureID="true_1566">printimine</text>
      <target FeatureID="true_1566" href="USB_HLP_PRINT_SETTINGS.html">Printeri seaded</target>
   </keywords>
   <keywords>
      <text FeatureID="true_1566">seaded, printer</text>
      <target FeatureID="true_1566" href="USB_HLP_PRINT_SETTINGS.html">Printeri seaded</target>
   </keywords>
</keywords>