<?xml version="1.0" encoding="UTF-8"?>
<keywords>
   <keywords>
      <text FeatureID="-1">sincronizz.</text>
      <target FeatureID="-1" href="DS_HLP_MAIN_VIEW.html">Sincronizz. dati</target>
   </keywords>
   <keywords>
      <text FeatureID="-1">sincronizz., profili</text>
      <target FeatureID="-1" href="DS_HLP_MAIN_VIEW.html">Sincronizz. dati</target>
   </keywords>
   <keywords>
      <text FeatureID="-1">profili sincr., imp.</text>
      <target FeatureID="-1" href="DS_HLP_SETTINGS.html">Modificare i profili</target>
   </keywords>
   <keywords>
      <text FeatureID="-1">sincronizzazione, impostazioni</text>
      <target FeatureID="-1" href="DS_HLP_SETTINGS_CAL.html">Impostazioni sincr. Agenda</target>
      <target FeatureID="-1" href="DS_HLP_SETTINGS_CNT.html">Impostazioni sincr. Rubrica</target>
      <target FeatureID="-1" href="DS_HLP_SETTINGS_NOTES.html">Impostazioni sincron. Note</target>
      <target FeatureID="-1" href="DS_HLP_SETTINGS_SMS.html">Impostazioni sincr. SMS</target>
      <target FeatureID="true_44" href="DS_HLP_SETTINGS_SYNCML.html">Impostazioni sincr. e-mail</target>
   </keywords>
</keywords>