<?xml version="1.0" encoding="UTF-8"?>
<keywords>
   <keywords>
      <text FeatureID="-1">时钟, 闹铃</text>
      <target FeatureID="-1" href="CLK_HLP_ALARM_EDITOR.html">时钟闹铃编辑器</target>
   </keywords>
   <keywords>
      <text FeatureID="-1">闹钟</text>
      <target FeatureID="-1" href="CLK_HLP_ALARM_EDITOR.html">时钟闹铃编辑器</target>
      <target FeatureID="-1" href="CLK_HLP_REAL_TIME_CLOCK_IN.html">时钟主视图</target>
   </keywords>
   <keywords>
      <text FeatureID="-1">时钟</text>
      <target FeatureID="-1" href="CLK_HLP_REAL_TIME_CLOCK_IN.html">时钟主视图</target>
      <target FeatureID="-1" href="CLK_HLP_WRLD_CLK.html">世界时钟</target>
   </keywords>
   <keywords>
      <text FeatureID="-1">日期和时间设置</text>
      <target FeatureID="-1" href="CLK_HLP_SETTINGS.html">日期和时间设置</target>
   </keywords>
   <keywords>
      <text FeatureID="-1">时钟设置</text>
      <target FeatureID="-1" href="CLK_HLP_SETTINGS.html">日期和时间设置</target>
   </keywords>
   <keywords>
      <text FeatureID="-1">时钟, 时区</text>
      <target FeatureID="-1" href="CLK_HLP_REAL_TIME_CLOCK_AN.html">当地时间</target>
   </keywords>
   <keywords>
      <text FeatureID="-1">当地时间和时区</text>
      <target FeatureID="-1" href="CLK_HLP_REAL_TIME_CLOCK_AN.html">当地时间</target>
   </keywords>
   <keywords>
      <text FeatureID="-1">世界时钟</text>
      <target FeatureID="-1" href="CLK_HLP_WRLD_CLK.html">世界时钟</target>
   </keywords>
</keywords>