<?xml version="1.0" encoding="UTF-8"?>
<keywords>
   <keywords>
      <text FeatureID="true_410">通話, 撥打</text>
      <target FeatureID="true_410" href="DIALER_HLP_MAIN.html">撥出電話</target>
   </keywords>
   <keywords>
      <text FeatureID="-1">手機通話</text>
      <target FeatureID="-1" href="INCAL_HLP_CALL_HANDLING.html">手機通話</target>
   </keywords>
   <keywords>
      <text FeatureID="-1">會議通話</text>
      <target FeatureID="-1" href="INCAL_HLP_CALL_HANDLING.html">手機通話</target>
   </keywords>
   <keywords>
      <text FeatureID="-1">轉換通話</text>
      <target FeatureID="-1" href="INCAL_HLP_CALL_HANDLING.html">手機通話</target>
   </keywords>
   <keywords>
      <text FeatureID="-1">電話</text>
      <target FeatureID="-1" href="INCAL_HLP_CALL_HANDLING.html">手機通話</target>
   </keywords>
   <keywords>
      <text FeatureID="true_410">DTMF 音</text>
      <target FeatureID="true_410" href="DIALER_HLP_SEND_DTMF.html">傳送 DTMF 音</target>
   </keywords>
   <keywords>
      <text FeatureID="true_89">視像通話</text>
      <target FeatureID="true_89" href="INCAL_HLP_VIDEO_CALL.html">視像通話</target>
   </keywords>
</keywords>