<?xml version="1.0" encoding="UTF-8"?>
<keywords>
   <keywords>
      <text FeatureID="-1">ziurtagiriak</text>
      <target FeatureID="-1" href="AM_HLP_GENERAL_SETTINGS.html">Ziurtagirien ezarpenak</target>
   </keywords>
   <keywords>
      <text FeatureID="-1">ezarpenak, ziurtagiriak</text>
      <target FeatureID="-1" href="AM_HLP_GENERAL_SETTINGS.html">Ziurtagirien ezarpenak</target>
   </keywords>
   <keywords>
      <text FeatureID="-1">aplikazioak instalatu</text>
      <target FeatureID="-1" href="AM_HLP_NOT_INSTALLED.html">Instalazioko artxiboak</target>
      <target FeatureID="-1" href="AM_HLP_APPLICATION.html">Aplikazioen kudeaketa</target>
   </keywords>
   <keywords>
      <text FeatureID="-1">instalatu gabeko aplikazioak</text>
      <target FeatureID="-1" href="AM_HLP_NOT_INSTALLED.html">Instalazioko artxiboak</target>
   </keywords>
   <keywords>
      <text FeatureID="-1">instalatutako aplikazioak</text>
      <target FeatureID="-1" href="AM_HLP_INSTALLED.html">Instalatutako aplikazioak</target>
   </keywords>
   <keywords>
      <text FeatureID="-1">softwarea instalatzen</text>
      <target FeatureID="-1" href="AM_HLP_APPLICATION.html">Aplikazioen kudeaketa</target>
   </keywords>
   <keywords>
      <text FeatureID="-1">baimen eskariak</text>
      <target FeatureID="-1" href="AM_HLP_INSTALL_CAPAB.html">Baimen eskariak</target>
   </keywords>
   <keywords>
      <text FeatureID="-1">fidagarria ez den instalazioa</text>
      <target FeatureID="-1" href="AM_HLP_INSTALL_UNTRUSTED.html">Fidagarria ez den instalazioa</target>
   </keywords>
</keywords>