<?xml version="1.0" encoding="UTF-8"?>
<keywords>
   <keywords>
      <text FeatureID="-1">Quickoffice, nadzornik datotek</text>
      <target FeatureID="-1" href="QFM_HLP_FILE_MENU.html">Upravitelj datotek</target>
   </keywords>
   <keywords>
      <text FeatureID="-1">Quickoffice</text>
      <target FeatureID="-1" href="QFM_HLP_LOC_MENU.html">Quickoffice</target>
   </keywords>
   <keywords>
      <text FeatureID="-1">Quickpoint</text>
      <target FeatureID="-1" href="QPOINT_HLP_EDIT_SLIDE_VIEW.html">Urejanje diapozitivov</target>
      <target FeatureID="-1" href="QPOINT_HLP_REPLACE_VIEW.html">Poišči in zamenjaj besedilo</target>
      <target FeatureID="-1" href="QPOINT_HLP_FIND_VIEW.html">Iskanje besedila</target>
      <target FeatureID="-1" href="QPOINT_HLP_VIEW_SLIDE_VIEW.html">Prikaz diapozitivov</target>
   </keywords>
   <keywords>
      <text FeatureID="-1">Quickpoint, besedilo</text>
      <target FeatureID="-1" href="QPOINT_HLP_EDIT_TEXT_VIEW.html">Urejanje besedila</target>
   </keywords>
   <keywords>
      <text FeatureID="-1">Quickpoint, opombe</text>
      <target FeatureID="-1" href="QPOINT_HLP_COMMENT_VIEW.html">Prikaz opomb</target>
   </keywords>
   <keywords>
      <text FeatureID="-1">Quickpoint, beležke</text>
      <target FeatureID="-1" href="QPOINT_HLP_VIEW_NOTES_VIEW.html">Prikaz beležk</target>
   </keywords>
   <keywords>
      <text FeatureID="-1">Quickpoint, orisi</text>
      <target FeatureID="-1" href="QPOINT_HLP_VIEW_OUTLINE_VIEW.html">Prikaz orisov</target>
   </keywords>
   <keywords>
      <text FeatureID="-1">Quicksheet, celice</text>
      <target FeatureID="-1" href="QSHEET_HLP_CELLS_EDIT.html">Urejanje celic</target>
      <target FeatureID="-1" href="QSHEET_HLP_VIEW_CELL.html">Prikaz celic</target>
   </keywords>
   <keywords>
      <text FeatureID="-1">Quicksheet, stolpci</text>
      <target FeatureID="-1" href="QSHEET_HLP_EDIT_COLUMN.html">Urejanje stolpcev</target>
   </keywords>
   <keywords>
      <text FeatureID="-1">Quicksheet, obsegi</text>
      <target FeatureID="-1" href="QSHEET_HLP_EDIT_RANGE.html">Urejanje obsegov</target>
   </keywords>
   <keywords>
      <text FeatureID="-1">Quicksheet, vrstice</text>
      <target FeatureID="-1" href="QSHEET_HLP_EDIT_ROW.html">Urejanje vrstic</target>
   </keywords>
   <keywords>
      <text FeatureID="-1">Quicksheet</text>
      <target FeatureID="-1" href="QSHEET_HLP_REPLACE_VIEW.html">Poišči in zamenjaj besedilo</target>
      <target FeatureID="-1" href="QSHEET_HLP_FIND_VIEW.html">Iskanje besedila</target>
      <target FeatureID="-1" href="QSHEET_HLP_CELLS_VIEW.html">Prikaz preglednic</target>
   </keywords>
   <keywords>
      <text FeatureID="-1">Quickword</text>
      <target FeatureID="-1" href="QWORD_HLP_EDIT_MODE.html">Urejanje dokumentov</target>
      <target FeatureID="-1" href="QWORD_HLP_FIND_MODE.html">Poišči in zamenjaj besedilo</target>
      <target FeatureID="-1" href="QWORD_HLP_VIEW_MODE.html">Prikaz dokumentov</target>
      <target FeatureID="-1" href="QWORD_HLP_PAGE_VIEW.html">Prikaz postavitve strani</target>
   </keywords>
</keywords>