<?xml version="1.0" encoding="UTF-8"?>
<keywords>
   <keywords>
      <text FeatureID="-1">menghantar mesej</text>
      <target FeatureID="-1" href="UNIFIED_HLP_EDITOR.html">Buat mesej</target>
   </keywords>
   <keywords>
      <text FeatureID="-1">editor mesej</text>
      <target FeatureID="-1" href="UNIFIED_HLP_EDITOR.html">Buat mesej</target>
   </keywords>
   <keywords>
      <text FeatureID="-1">mesej</text>
      <target FeatureID="-1" href="UNIFIED_HLP_SENDING_OPTIONS.html">Pilihan menghantar</target>
   </keywords>
   <keywords>
      <text FeatureID="-1">pilihan menghantar</text>
      <target FeatureID="-1" href="UNIFIED_HLP_SENDING_OPTIONS.html">Pilihan menghantar</target>
   </keywords>
   <keywords>
      <text FeatureID="-1">objek media</text>
      <target FeatureID="-1" href="UNIFIED_HLP_ED_OBJECTS.html">Objek media yang diterima</target>
   </keywords>
   <keywords>
      <text FeatureID="-1">objek multimedia</text>
      <target FeatureID="-1" href="UNIFIED_HLP_ED_OBJECTS.html">Objek media yang diterima</target>
   </keywords>
</keywords>