<?xml version="1.0" encoding="UTF-8"?>
<keywords>
   <keywords>
      <text FeatureID="-1">редактиране на бележки</text>
      <target FeatureID="-1" href="NMAKE_HLP_MEMO_VIEWER_EDIT.html">Редактиране на бележки в приложения</target>
   </keywords>
   <keywords>
      <text FeatureID="-1">получаване на бележки</text>
      <target FeatureID="-1" href="NMAKE_HLP_MEMO_VIEWER.html">Прегл. получ. бележки</target>
   </keywords>
   <keywords>
      <text FeatureID="-1">шаблони за съобщения</text>
      <target FeatureID="-1" href="NMAKE_HLP_TEMPLATE_EDITOR.html">Писане шабл. за съобщ.</target>
   </keywords>
   <keywords>
      <text FeatureID="-1">създаване на шаблони за съобщения</text>
      <target FeatureID="-1" href="NMAKE_HLP_TEMPLATE_EDITOR.html">Писане шабл. за съобщ.</target>
   </keywords>
   <keywords>
      <text FeatureID="-1">писане на шаблони за съобщения</text>
      <target FeatureID="-1" href="NMAKE_HLP_TEMPLATE_EDITOR.html">Писане шабл. за съобщ.</target>
   </keywords>
   <keywords>
      <text FeatureID="-1">списък с бележки</text>
      <target FeatureID="-1" href="NMAKE_HLP_MEMO_LIST.html">Списък с бележки</target>
   </keywords>
   <keywords>
      <text FeatureID="-1">писане на бележки</text>
      <target FeatureID="-1" href="NMAKE_HLP_MEMO_LIST.html">Списък с бележки</target>
      <target FeatureID="-1" href="NMAKE_HLP_MEMO_EDITOR_APPS.html">Писане на бележки в приложения</target>
      <target FeatureID="-1" href="NMAKE_HLP_MEMO_EDITOR.html">Писане на бележки</target>
   </keywords>
</keywords>