<?xml version="1.0" encoding="UTF-8"?>
<keywords>
   <keywords>
      <text FeatureID="-1">contenido para compartir</text>
      <target FeatureID="-1" href="UPNP_HLP_SHARE_CONTENT.html">Seleccionar contenido para compartir</target>
   </keywords>
   <keywords>
      <text FeatureID="-1">medios domésticos</text>
      <target FeatureID="-1" href="UPNP_HLP_SHARE_CONTENT.html">Seleccionar contenido para compartir</target>
      <target FeatureID="-1" href="UPNP_HLP_SHARING_PROP.html">Configuraciones para compartir</target>
      <target FeatureID="-1" href="UPNP_HLP_MAIN_VIEW.html">Multimedia doméstica</target>
      <target FeatureID="-1" href="UPNP_HLP_MAIN_EXTERNAL.html">Dispositivos de medios domésticos</target>
      <target FeatureID="-1" href="UPNP_HLP_CONTENT_VIEW.html">Archivos de medios domésticos</target>
      <target FeatureID="-1" href="UPNP_HLP_REMOTE_DEVICES.html">Carpetas de medios domésticos</target>
      <target FeatureID="-1" href="UPNP_HLP_SEARCH.html">Resultados búsq.</target>
   </keywords>
   <keywords>
      <text FeatureID="-1">compartir imágenes y videos</text>
      <target FeatureID="-1" href="UPNP_HLP_SHARE_CONTENT.html">Seleccionar contenido para compartir</target>
   </keywords>
   <keywords>
      <text FeatureID="-1">compartir archivos de medios</text>
      <target FeatureID="-1" href="UPNP_HLP_SHARING_PROP.html">Configuraciones para compartir</target>
      <target FeatureID="-1" href="UPNP_HLP_MAIN_VIEW.html">Multimedia doméstica</target>
      <target FeatureID="-1" href="UPNP_HLP_MAIN_EXTERNAL.html">Dispositivos de medios domésticos</target>
      <target FeatureID="-1" href="UPNP_HLP_CONTENT_VIEW.html">Archivos de medios domésticos</target>
      <target FeatureID="-1" href="UPNP_HLP_REMOTE_DEVICES.html">Carpetas de medios domésticos</target>
      <target FeatureID="-1" href="UPNP_HLP_SEARCH.html">Resultados búsq.</target>
   </keywords>
   <keywords>
      <text FeatureID="-1">ver archivos en dispositivo remoto</text>
      <target FeatureID="-1" href="UPNP_HLP_SHARING_PROP.html">Configuraciones para compartir</target>
      <target FeatureID="-1" href="UPNP_HLP_MAIN_VIEW.html">Multimedia doméstica</target>
      <target FeatureID="-1" href="UPNP_HLP_MAIN_EXTERNAL.html">Dispositivos de medios domésticos</target>
      <target FeatureID="-1" href="UPNP_HLP_CONTENT_VIEW.html">Archivos de medios domésticos</target>
      <target FeatureID="-1" href="UPNP_HLP_REMOTE_DEVICES.html">Carpetas de medios domésticos</target>
      <target FeatureID="-1" href="UPNP_HLP_SEARCH.html">Resultados búsq.</target>
   </keywords>
   <keywords>
      <text FeatureID="-1">propiedades para compartir</text>
      <target FeatureID="-1" href="UPNP_HLP_SHARING_PROP.html">Configuraciones para compartir</target>
   </keywords>
</keywords>