<?xml version="1.0" encoding="UTF-8"?>
<keywords>
   <keywords>
      <text FeatureID="-1">تلاش ہو رہی ہے</text>
      <target FeatureID="-1" href="SEARCH_HLP_INDEVICE_MAIN.html">تلاش</target>
   </keywords>
   <keywords>
      <text FeatureID="-1">تلاش کے نتائج</text>
      <target FeatureID="-1" href="SEARCH_HLP_SINGLE_RE.html">تلاش کے نتائج</target>
      <target FeatureID="-1" href="SEARCH_HLP_GROUPED.html">زمروں میں تلاش کے نتائج</target>
   </keywords>
</keywords>