<?xml version="1.0" encoding="UTF-8"?><?xml-stylesheet  href="../../theme/xsl/index2html.xslt" type="text/xsl"?>
<topics FeatureID="-1" title="Видео и ТВ" compressed="true">
   <topicref FeatureID="-1" href="IPTV_HLP_MAIN_STATE.html" navtitle="Видео и ТВ"/>
   <topicref FeatureID="-1" href="IPTV_HLP_VODCAST_MAIN.html" navtitle="Каналы видео"/>
   <topicref FeatureID="-1" href="IPTV_HLP_SERVICE_SELECTION_VOD.html" navtitle="Выбор видеоуслуг"/>
   <topicref FeatureID="-1" href="IPTV_HLP_VOD_CATEGORIES.html" navtitle="Категории видеоклипов"/>
   <topicref FeatureID="-1" href="IPTV_HLP_VOD.html" navtitle="Просмотр и загрузка видеоклипов"/>
   <topicref FeatureID="-1" href="IPTV_HLP_SCHEDULE_DOWNLOAD.html" navtitle="Планирование загрузки"/>
   <topicref FeatureID="-1" href="IPTV_HLP_STORAGE.html" navtitle="Мои видео"/>
   <topicref FeatureID="-1" href="IPTV_HLP_SETTINGS.html" navtitle="Настройки видео и ТВ"/>
   <topicref FeatureID="-1" href="IPTV_HLP_SERVICE_SEL_VODCAST.html" navtitle="Выбор видеоканалов"/>
   <topicref FeatureID="-1" href="IPTV_HLP_ADD_SERVICE.html" navtitle="Добавление видеоканалов"/>
</topics>