<?xml version="1.0" encoding="UTF-8"?>
<keywords>
   <keywords>
      <text FeatureID="-1">Видео и ТВ</text>
      <target FeatureID="-1" href="IPTV_HLP_MAIN_STATE.html">Видео и ТВ</target>
      <target FeatureID="-1" href="IPTV_HLP_VODCAST_MAIN.html">Каналы видео</target>
      <target FeatureID="-1" href="IPTV_HLP_SERVICE_SELECTION_VOD.html">Выбор видеоуслуг</target>
      <target FeatureID="-1" href="IPTV_HLP_VOD_CATEGORIES.html">Категории видеоклипов</target>
      <target FeatureID="-1" href="IPTV_HLP_VOD.html">Просмотр и загрузка видеоклипов</target>
      <target FeatureID="-1" href="IPTV_HLP_SCHEDULE_DOWNLOAD.html">Планирование загрузки</target>
      <target FeatureID="-1" href="IPTV_HLP_STORAGE.html">Мои видео</target>
      <target FeatureID="-1" href="IPTV_HLP_SERVICE_SEL_VODCAST.html">Выбор видеоканалов</target>
      <target FeatureID="-1" href="IPTV_HLP_ADD_SERVICE.html">Добавление видеоканалов</target>
   </keywords>
   <keywords>
      <text FeatureID="-1">видеоканалы</text>
      <target FeatureID="-1" href="IPTV_HLP_VODCAST_MAIN.html">Каналы видео</target>
      <target FeatureID="-1" href="IPTV_HLP_VOD_CATEGORIES.html">Категории видеоклипов</target>
      <target FeatureID="-1" href="IPTV_HLP_SERVICE_SEL_VODCAST.html">Выбор видеоканалов</target>
      <target FeatureID="-1" href="IPTV_HLP_ADD_SERVICE.html">Добавление видеоканалов</target>
   </keywords>
   <keywords>
      <text FeatureID="-1">загружаемые файлы, видеоклипы</text>
      <target FeatureID="-1" href="IPTV_HLP_VOD.html">Просмотр и загрузка видеоклипов</target>
      <target FeatureID="-1" href="IPTV_HLP_SCHEDULE_DOWNLOAD.html">Планирование загрузки</target>
   </keywords>
   <keywords>
      <text FeatureID="-1">Видео и ТВ, настройки</text>
      <target FeatureID="-1" href="IPTV_HLP_SETTINGS.html">Настройки видео и ТВ</target>
   </keywords>
   <keywords>
      <text FeatureID="-1">настройки, видео</text>
      <target FeatureID="-1" href="IPTV_HLP_SETTINGS.html">Настройки видео и ТВ</target>
   </keywords>
</keywords>