<?xml version="1.0" encoding="UTF-8"?>
<keywords>
   <keywords>
      <text FeatureID="-1">nastavenia e-mailového konta</text>
      <target FeatureID="-1" href="FSE_HLP_IMS_SETTINGS_ACCT_INFO.html">Nastavenia e-mailového konta</target>
   </keywords>
   <keywords>
      <text FeatureID="-1">rozšírené nastavenia schránky</text>
      <target FeatureID="-1" href="FSE_HLP_IMS_SETTINGS_ADVANCED.html">Rozšírené nastavenia poštovej schránky</target>
   </keywords>
   <keywords>
      <text FeatureID="-1">nastavenia schránky</text>
      <target FeatureID="-1" href="FSE_HLP_IMS_SETTINGS_MAILBOX.html">Nastavenia poštovej schránky</target>
   </keywords>
   <keywords>
      <text FeatureID="-1">obsah synchronizácie e-mailov</text>
      <target FeatureID="-1" href="FSE_HLP_IMS_SETTINGS_WHAT_SYNC.html">Definícia obsahu synch.</target>
   </keywords>
   <keywords>
      <text FeatureID="-1">čas synchronizácie e-mailov</text>
      <target FeatureID="-1" href="FSE_HLP_IMS_SETTINGS_WHEN_SYNC.html">Definícia času synch.</target>
   </keywords>
   <keywords>
      <text FeatureID="-1">synchronizácia e-mailových zložiek</text>
      <target FeatureID="-1" href="FSE_HLP_IMS_SETTINGS_FOLDER.html">Synchronizácia e-mailových zložiek</target>
   </keywords>
   <keywords>
      <text FeatureID="-1">nastavenia e-mailovej služby</text>
      <target FeatureID="-1" href="FSE_HLP_SETTINGS_INTELL_LIST.html">Nastavenia e-mailovej služby</target>
   </keywords>
   <keywords>
      <text FeatureID="-1">e-mailové nastavenia</text>
      <target FeatureID="-1" href="FSE_HLP_IMS_SETTINGS_MAIN_VIEW.html">Nastavenia e-mailu </target>
   </keywords>
   <keywords>
      <text FeatureID="-1">Intellisync</text>
      <target FeatureID="-1" href="FSE_HLP_IMS_LAUNCHER_MAIN_VIEW.html">E-mail Intellisync</target>
   </keywords>
</keywords>