<?xml version="1.0" encoding="UTF-8"?>
<keywords>
   <keywords>
      <text FeatureID="-1">Bluetooth</text>
      <target FeatureID="-1" href="BT_HLP_MAIN.html">Bluetooth</target>
      <target FeatureID="-1" href="BT_HLP_PAIRED.html">Pasangkan dengan peranti</target>
      <target FeatureID="-1" href="BT_HLP_BLOCKED.html">Halang peranti</target>
   </keywords>
   <keywords>
      <text FeatureID="-1">Tetapan Bluetooth</text>
      <target FeatureID="-1" href="BT_HLP_MAIN.html">Bluetooth</target>
   </keywords>
   <keywords>
      <text FeatureID="-1">peranti berpasangan</text>
      <target FeatureID="-1" href="BT_HLP_PAIRED.html">Pasangkan dengan peranti</target>
   </keywords>
   <keywords>
      <text FeatureID="-1">peranti dihalang</text>
      <target FeatureID="-1" href="BT_HLP_BLOCKED.html">Halang peranti</target>
   </keywords>
   <keywords>
      <text FeatureID="true_12">papan kekunci wayarles</text>
      <target FeatureID="true_12" href="BTKEYBOARD_HLP_SETTINGS.html">Papan kekunci wayarles</target>
   </keywords>
</keywords>