<?xml version="1.0" encoding="UTF-8"?>
<keywords>
   <keywords>
      <text FeatureID="-1">فئات المعالم</text>
      <target FeatureID="-1" href="LM_HLP_LM_BY_CATEGORY.html">فئات المعالم</target>
      <target FeatureID="-1" href="LM_HLP_EDIT_CATEGORIES.html">تحرير فئات المعالم</target>
   </keywords>
   <keywords>
      <text FeatureID="-1">المعالم</text>
      <target FeatureID="-1" href="LM_HLP_LM_BY_NAME.html">عرض المعالم حسب الاسم</target>
      <target FeatureID="-1" href="LM_HLP_CATEGORY_CONTENTS.html">المعالم في الفئات</target>
      <target FeatureID="-1" href="LM_HLP_LM_VIEWER.html">المعالم بالتفصيل</target>
   </keywords>
   <keywords>
      <text FeatureID="-1">تحرير علامات</text>
      <target FeatureID="-1" href="LM_HLP_LM_EDITOR.html">تعديل المعلم</target>
   </keywords>
</keywords>