<?xml version="1.0" encoding="UTF-8"?>
<keywords>
   <keywords>
      <text FeatureID="-1">procurando usuários MI</text>
      <target FeatureID="-1" href="IMNG_HLP_SEARCHCHAT.html">Procurar usuários de mensagens instantâneas</target>
   </keywords>
   <keywords>
      <text FeatureID="-1">mensagens instantâneas</text>
      <target FeatureID="-1" href="IMNG_HLP_SEARCHCHAT.html">Procurar usuários de mensagens instantâneas</target>
      <target FeatureID="-1" href="IMNG_HLP_SAVED_VIEW.html">Exibir conversas salvas</target>
      <target FeatureID="-1" href="IMNG_HLP_SAVED_LIST.html">Conversas salvas</target>
      <target FeatureID="-1" href="IMNG_HLP_GROUP_EDIT.html">Direitos edição grupo</target>
      <target FeatureID="-1" href="IMNG_HLP_GROUP_BAN.html">Banir usuários MI de grupos</target>
      <target FeatureID="-1" href="IMNG_HLP_CONT_OWN_DATA.html">Meus dados</target>
      <target FeatureID="-1" href="IMNG_HLP_COMMUNITY_VIEW_EMPTY.html">Começar a usar mensagens instantâneas</target>
      <target FeatureID="-1" href="IMNG_HLP_COMMUNITY_VIEW.html">Mensagens instantâneas</target>
      <target FeatureID="-1" href="IMNG_HLP_CREATECHAT.html">Confs. grupo de MI</target>
      <target FeatureID="-1" href="IMNG_HLP_ACCLIST.html">Membros grupo MI</target>
      <target FeatureID="-1" href="IMNG_HLP_CONVERSATIONS.html">Conversações MI</target>
      <target FeatureID="-1" href="IMNG_HLP_APPSETT.html">Configs. aplicativo de MI</target>
   </keywords>
   <keywords>
      <text FeatureID="-1">procurando grupos MI</text>
      <target FeatureID="-1" href="IMNG_HLP_SEARCHCHAT.html">Procurar usuários de mensagens instantâneas</target>
   </keywords>
   <keywords>
      <text FeatureID="-1">conversas salvas</text>
      <target FeatureID="-1" href="IMNG_HLP_SAVED_LIST.html">Conversas salvas</target>
   </keywords>
   <keywords>
      <text FeatureID="-1">MI (mensagens instantâneas)</text>
      <target FeatureID="-1" href="IMNG_HLP_IMCHAT.html">Conversações grupo</target>
   </keywords>
   <keywords>
      <text FeatureID="-1">participando grupos MI</text>
      <target FeatureID="-1" href="IMNG_HLP_IMCHAT.html">Conversações grupo</target>
   </keywords>
   <keywords>
      <text FeatureID="-1">direitos edição</text>
      <target FeatureID="-1" href="IMNG_HLP_GROUP_EDIT.html">Direitos edição grupo</target>
   </keywords>
   <keywords>
      <text FeatureID="-1">lista de banidos</text>
      <target FeatureID="-1" href="IMNG_HLP_GROUP_BAN.html">Banir usuários MI de grupos</target>
   </keywords>
   <keywords>
      <text FeatureID="-1">membros grupo MI</text>
      <target FeatureID="-1" href="IMNG_HLP_GROUP_BAN.html">Banir usuários MI de grupos</target>
      <target FeatureID="-1" href="IMNG_HLP_ACCLIST.html">Membros grupo MI</target>
   </keywords>
   <keywords>
      <text FeatureID="-1">Contatos de MI</text>
      <target FeatureID="-1" href="IMNG_HLP_CONT_OWN_DATA.html">Meus dados</target>
      <target FeatureID="-1" href="IMNG_HLP_BLOCKED_VIEW.html">Contatos bloquead.</target>
      <target FeatureID="-1" href="IMNG_HLP_CONTACTDETAILS.html">Detalhes contatos MI</target>
   </keywords>
   <keywords>
      <text FeatureID="-1">MI</text>
      <target FeatureID="-1" href="IMNG_HLP_COMMUNITY_VIEW_EMPTY.html">Começar a usar mensagens instantâneas</target>
      <target FeatureID="-1" href="IMNG_HLP_COMMUNITY_VIEW.html">Mensagens instantâneas</target>
      <target FeatureID="-1" href="IMNG_HLP_CONVERSATIONS.html">Conversações MI</target>
   </keywords>
   <keywords>
      <text FeatureID="-1">contatos MI bloquead.</text>
      <target FeatureID="-1" href="IMNG_HLP_BLOCKED_VIEW.html">Contatos bloquead.</target>
   </keywords>
   <keywords>
      <text FeatureID="-1">configs. MI</text>
      <target FeatureID="-1" href="IMNG_HLP_SETTINGS.html">Configs. MI</target>
      <target FeatureID="-1" href="IMNG_HLP_APPSETT.html">Configs. aplicativo de MI</target>
   </keywords>
   <keywords>
      <text FeatureID="-1">servidores MI</text>
      <target FeatureID="-1" href="IMNG_HLP_SERVLISTSETT_IM.html">Servidores MI</target>
   </keywords>
   <keywords>
      <text FeatureID="-1">configs. servidor MI</text>
      <target FeatureID="-1" href="IMNG_HLP_DEFSERVER.html">Configs. servidor MI</target>
   </keywords>
   <keywords>
      <text FeatureID="-1">configs. servidor</text>
      <target FeatureID="-1" href="IMNG_HLP_DEFSERVER.html">Configs. servidor MI</target>
   </keywords>
   <keywords>
      <text FeatureID="-1">convites</text>
      <target FeatureID="-1" href="IMNG_HLP_INVITE.html">Convites de MI</target>
   </keywords>
   <keywords>
      <text FeatureID="-1">confs. grupo de MI</text>
      <target FeatureID="-1" href="IMNG_HLP_CREATECHAT.html">Confs. grupo de MI</target>
   </keywords>
   <keywords>
      <text FeatureID="-1">conversações</text>
      <target FeatureID="-1" href="IMNG_HLP_CONVERSATIONS.html">Conversações MI</target>
   </keywords>
   <keywords>
      <text FeatureID="-1">Mensagens instantâneas</text>
      <target FeatureID="-1" href="IMNG_HLP_CONTACTDETAILS.html">Detalhes contatos MI</target>
   </keywords>
</keywords>