<?xml version="1.0" encoding="UTF-8"?>
<keywords>
   <keywords>
      <text FeatureID="-1">GPS-adatok</text>
      <target FeatureID="-1" href="HLP_BLID_NAVIGATION.html">Navigáció nézet</target>
      <target FeatureID="false_112" href="BLID_HLP_WAYPOINTS.html">Mentett helyek</target>
      <target FeatureID="-1" href="HLP_BLID_TRIPMETER.html">Távolság nézet</target>
   </keywords>
   <keywords>
      <text FeatureID="-1">navigálás a célállomásra</text>
      <target FeatureID="-1" href="HLP_BLID_NAVIGATION.html">Navigáció nézet</target>
   </keywords>
   <keywords>
      <text FeatureID="false_112">helyek mentése</text>
      <target FeatureID="false_112" href="BLID_HLP_WAYPOINTS.html">Mentett helyek</target>
   </keywords>
   <keywords>
      <text FeatureID="-1">navigátor beállításai</text>
      <target FeatureID="-1" href="BLID_HLP_SETTINGS.html">GPS-adatok beállításai</target>
   </keywords>
   <keywords>
      <text FeatureID="-1">GPS-adatok beállításai</text>
      <target FeatureID="-1" href="BLID_HLP_SETTINGS.html">GPS-adatok beállításai</target>
   </keywords>
   <keywords>
      <text FeatureID="-1">útvonalinformációk</text>
      <target FeatureID="-1" href="HLP_BLID_TRIPMETER.html">Távolság nézet</target>
   </keywords>
   <keywords>
      <text FeatureID="-1">utazási adatok</text>
      <target FeatureID="-1" href="HLP_BLID_TRIPMETER.html">Távolság nézet</target>
   </keywords>
</keywords>