<?xml version="1.0" encoding="UTF-8"?>
<keywords>
   <keywords>
      <text FeatureID="-1">Данные GPS</text>
      <target FeatureID="-1" href="HLP_BLID_NAVIGATION.html">Экран навигации</target>
      <target FeatureID="false_112" href="BLID_HLP_WAYPOINTS.html">Сохраненные положения</target>
      <target FeatureID="-1" href="HLP_BLID_TRIPMETER.html">Просмотр расстояния поездки</target>
   </keywords>
   <keywords>
      <text FeatureID="-1">навигация до пункта назначения</text>
      <target FeatureID="-1" href="HLP_BLID_NAVIGATION.html">Экран навигации</target>
   </keywords>
   <keywords>
      <text FeatureID="false_112">сохранение местоположений</text>
      <target FeatureID="false_112" href="BLID_HLP_WAYPOINTS.html">Сохраненные положения</target>
   </keywords>
   <keywords>
      <text FeatureID="-1">настройки навигатора</text>
      <target FeatureID="-1" href="BLID_HLP_SETTINGS.html">Настройки данных GPS</target>
   </keywords>
   <keywords>
      <text FeatureID="-1">настройки данных GPS</text>
      <target FeatureID="-1" href="BLID_HLP_SETTINGS.html">Настройки данных GPS</target>
   </keywords>
   <keywords>
      <text FeatureID="-1">сведения о поездке</text>
      <target FeatureID="-1" href="HLP_BLID_TRIPMETER.html">Просмотр расстояния поездки</target>
   </keywords>
   <keywords>
      <text FeatureID="-1">информация о поездке</text>
      <target FeatureID="-1" href="HLP_BLID_TRIPMETER.html">Просмотр расстояния поездки</target>
   </keywords>
</keywords>