<?xml version="1.0" encoding="UTF-8"?>
<keywords>
   <keywords>
      <text FeatureID="-1">certificados</text>
      <target FeatureID="-1" href="AM_HLP_GENERAL_SETTINGS.html">Ajustes de certificado</target>
   </keywords>
   <keywords>
      <text FeatureID="-1">ajustes, certificados</text>
      <target FeatureID="-1" href="AM_HLP_GENERAL_SETTINGS.html">Ajustes de certificado</target>
   </keywords>
   <keywords>
      <text FeatureID="-1">instalar aplicaciones</text>
      <target FeatureID="-1" href="AM_HLP_NOT_INSTALLED.html">Archivos de instalación</target>
      <target FeatureID="-1" href="AM_HLP_APPLICATION.html">Gestionar aplicaciones</target>
   </keywords>
   <keywords>
      <text FeatureID="-1">aplicaciones no instaladas</text>
      <target FeatureID="-1" href="AM_HLP_NOT_INSTALLED.html">Archivos de instalación</target>
   </keywords>
   <keywords>
      <text FeatureID="-1">aplicaciones instaladas</text>
      <target FeatureID="-1" href="AM_HLP_INSTALLED.html">Aplicaciones instaladas</target>
   </keywords>
   <keywords>
      <text FeatureID="-1">instalación de software</text>
      <target FeatureID="-1" href="AM_HLP_APPLICATION.html">Gestionar aplicaciones</target>
   </keywords>
   <keywords>
      <text FeatureID="-1">peticiones de permisos</text>
      <target FeatureID="-1" href="AM_HLP_INSTALL_CAPAB.html">Peticiones de permisos</target>
   </keywords>
   <keywords>
      <text FeatureID="-1">instalación sin confianza</text>
      <target FeatureID="-1" href="AM_HLP_INSTALL_UNTRUSTED.html">Instalación sin confianza</target>
   </keywords>
</keywords>