<?xml version="1.0" encoding="UTF-8"?>
<keywords>
   <keywords>
      <text FeatureID="-1">clock, alarms</text>
      <target FeatureID="-1" href="CLK_HLP_ALARM_EDITOR.html">Clock alarm editor</target>
      <target FeatureID="-1" href="CLK_HLP_REAL_TIME_CLOCK_IN.html">Clock main view</target>
   </keywords>
   <keywords>
      <text FeatureID="-1">alarm clock</text>
      <target FeatureID="-1" href="CLK_HLP_ALARM_EDITOR.html">Clock alarm editor</target>
      <target FeatureID="-1" href="CLK_HLP_REAL_TIME_CLOCK_IN.html">Clock main view</target>
   </keywords>
   <keywords>
      <text FeatureID="-1">clock</text>
      <target FeatureID="-1" href="CLK_HLP_CNTDWN.html">Countdown timer</target>
      <target FeatureID="-1" href="CLK_HLP_WRLD_CLK.html">World clock</target>
   </keywords>
   <keywords>
      <text FeatureID="-1">timers</text>
      <target FeatureID="-1" href="CLK_HLP_CNTDWN.html">Countdown timer</target>
   </keywords>
   <keywords>
      <text FeatureID="-1">date and time settings</text>
      <target FeatureID="-1" href="CLK_HLP_SETTINGS.html">Date and time settings</target>
   </keywords>
   <keywords>
      <text FeatureID="-1">clock settings</text>
      <target FeatureID="-1" href="CLK_HLP_SETTINGS.html">Date and time settings</target>
   </keywords>
   <keywords>
      <text FeatureID="-1">clock, time zones</text>
      <target FeatureID="-1" href="CLK_HLP_REAL_TIME_CLOCK_AN.html">Local time</target>
   </keywords>
   <keywords>
      <text FeatureID="-1">local time and time zone</text>
      <target FeatureID="-1" href="CLK_HLP_REAL_TIME_CLOCK_AN.html">Local time</target>
   </keywords>
   <keywords>
      <text FeatureID="-1">stopwatch</text>
      <target FeatureID="-1" href="CCLK_HLP_STPWTCH.html">Stopwatch</target>
   </keywords>
   <keywords>
      <text FeatureID="-1">city clocks</text>
      <target FeatureID="-1" href="CLK_HLP_WRLD_CLK.html">World clock</target>
   </keywords>
   <keywords>
      <text FeatureID="-1">world clock</text>
      <target FeatureID="-1" href="CLK_HLP_WRLD_CLK.html">World clock</target>
   </keywords>
</keywords>