<?xml version="1.0" encoding="UTF-8"?>
<keywords>
   <keywords>
      <text FeatureID="-1">kurs</text>
      <target FeatureID="-1" href="CNV_HLP_RATES.html">Pengaturan mata uang</target>
   </keywords>
   <keywords>
      <text FeatureID="-1">mata uang dasar</text>
      <target FeatureID="-1" href="CNV_HLP_RATES.html">Pengaturan mata uang</target>
   </keywords>
   <keywords>
      <text FeatureID="-1">konversi mata uang</text>
      <target FeatureID="-1" href="CNV_HLP_RATES.html">Pengaturan mata uang</target>
   </keywords>
   <keywords>
      <text FeatureID="-1">konverter</text>
      <target FeatureID="-1" href="CNV_HLP_MAIN_STATE.html">Mengkonversi unit</target>
   </keywords>
   <keywords>
      <text FeatureID="-1">mengkonversi mata uang</text>
      <target FeatureID="-1" href="CNV_HLP_MAIN_STATE.html">Mengkonversi unit</target>
   </keywords>
</keywords>