<?xml version="1.0" encoding="UTF-8"?>
<keywords>
   <keywords>
      <text FeatureID="-1">certificates</text>
      <target FeatureID="-1" href="AM_HLP_GENERAL_SETTINGS.html">Certificate settings</target>
   </keywords>
   <keywords>
      <text FeatureID="-1">settings, certificates</text>
      <target FeatureID="-1" href="AM_HLP_GENERAL_SETTINGS.html">Certificate settings</target>
   </keywords>
   <keywords>
      <text FeatureID="-1">installing applications</text>
      <target FeatureID="-1" href="AM_HLP_NOT_INSTALLED.html">Installation files</target>
      <target FeatureID="-1" href="AM_HLP_APPLICATION.html">Manage applications</target>
   </keywords>
   <keywords>
      <text FeatureID="-1">applications</text>
      <target FeatureID="-1" href="AM_HLP_NOT_INSTALLED.html">Installation files</target>
      <target FeatureID="-1" href="AM_HLP_INSTALLED.html">Installed applications</target>
   </keywords>
   <keywords>
      <text FeatureID="-1">installing software</text>
      <target FeatureID="-1" href="AM_HLP_APPLICATION.html">Manage applications</target>
   </keywords>
   <keywords>
      <text FeatureID="-1">permission requests</text>
      <target FeatureID="-1" href="AM_HLP_INSTALL_CAPAB.html">Permission requests</target>
   </keywords>
   <keywords>
      <text FeatureID="-1">untrusted installation</text>
      <target FeatureID="-1" href="AM_HLP_INSTALL_UNTRUSTED.html">Untrusted installation</target>
   </keywords>
</keywords>