<?xml version="1.0" encoding="UTF-8"?>
<keywords>
   <keywords>
      <text FeatureID="-1">Bluetooth</text>
      <target FeatureID="-1" href="BT_HLP_MAIN.html">Bluetooth</target>
      <target FeatureID="-1" href="BT_HLP_PAIRED.html">Seadmetega sidumine</target>
      <target FeatureID="-1" href="BT_HLP_BLOCKED.html">Seadmete blokeerimine</target>
   </keywords>
   <keywords>
      <text FeatureID="-1">Bluetooth-ühenduse seaded</text>
      <target FeatureID="-1" href="BT_HLP_MAIN.html">Bluetooth</target>
   </keywords>
   <keywords>
      <text FeatureID="-1">seadmete sidumine</text>
      <target FeatureID="-1" href="BT_HLP_PAIRED.html">Seadmetega sidumine</target>
   </keywords>
   <keywords>
      <text FeatureID="-1">blokeeritud seadmed</text>
      <target FeatureID="-1" href="BT_HLP_BLOCKED.html">Seadmete blokeerimine</target>
   </keywords>
   <keywords>
      <text FeatureID="true_12">juhtmevaba klaviatuur</text>
      <target FeatureID="true_12" href="BTKEYBOARD_HLP_SETTINGS.html">Juhtmevaba klaviatuur</target>
   </keywords>
</keywords>