<?xml version="1.0" encoding="UTF-8"?>
<keywords>
   <keywords>
      <text FeatureID="-1">พจนานุกรม</text>
      <target FeatureID="-1" href="DICTIONARY_HLP_MAIN_TAB1.html">พจนานุกรม</target>
   </keywords>
   <keywords>
      <text FeatureID="-1">การแปล</text>
      <target FeatureID="-1" href="DICTIONARY_HLP_MAIN_TAB1.html">พจนานุกรม</target>
   </keywords>
   <keywords>
      <text FeatureID="-1">พจนานุกรม, การแปล</text>
      <target FeatureID="-1" href="DICTIONARY_HLP_RESULTS.html">ผลลัพธ์การแปล</target>
   </keywords>
</keywords>