<?xml version="1.0" encoding="UTF-8"?>
<keywords>
   <keywords>
      <text FeatureID="-1">GPS-data</text>
      <target FeatureID="-1" href="HLP_BLID_NAVIGATION.html">Navigeringsvy</target>
      <target FeatureID="false_112" href="BLID_HLP_WAYPOINTS.html">Sparade platser</target>
      <target FeatureID="-1" href="HLP_BLID_TRIPMETER.html">Reseavståndsvy</target>
   </keywords>
   <keywords>
      <text FeatureID="-1">navigering till resmål</text>
      <target FeatureID="-1" href="HLP_BLID_NAVIGATION.html">Navigeringsvy</target>
   </keywords>
   <keywords>
      <text FeatureID="false_112">spara platser</text>
      <target FeatureID="false_112" href="BLID_HLP_WAYPOINTS.html">Sparade platser</target>
   </keywords>
   <keywords>
      <text FeatureID="-1">navigationsinställningar</text>
      <target FeatureID="-1" href="BLID_HLP_SETTINGS.html">Inställningar för GPS-data</target>
   </keywords>
   <keywords>
      <text FeatureID="-1">Inställningar för GPS-data</text>
      <target FeatureID="-1" href="BLID_HLP_SETTINGS.html">Inställningar för GPS-data</target>
   </keywords>
   <keywords>
      <text FeatureID="-1">reseinformation</text>
      <target FeatureID="-1" href="HLP_BLID_TRIPMETER.html">Reseavståndsvy</target>
      <target FeatureID="-1" href="HLP_BLID_TRIPMETER.html">Reseavståndsvy</target>
   </keywords>
</keywords>