<?xml version="1.0" encoding="UTF-8"?>
<keywords>
   <keywords>
      <text FeatureID="-1">postcard</text>
      <target FeatureID="-1" href="MMS_POSTCARD_HLP_ADDRESS_EDIT.html">Mag-edit ng mga address</target>
      <target FeatureID="-1" href="POSTCARD_HLP_ADDRESS_VIEW.html">Tingnan ang mga address</target>
      <target FeatureID="-1" href="POSTCARD_HLP_GREETING_EDIT.html">Sumulat ng mga pagbati</target>
      <target FeatureID="-1" href="POSTCARD_HLP_GREETING_VIEW.html">Tingnan ang mga pagbati</target>
      <target FeatureID="-1" href="MMS_POSTCARD_HLP_MAIN_EDIT.html">Gumawa ng mga postcard</target>
   </keywords>
   <keywords>
      <text FeatureID="-1">pagpapadala ng mga postcard</text>
      <target FeatureID="-1" href="MMS_POSTCARD_HLP_ADDRESS_EDIT.html">Mag-edit ng mga address</target>
      <target FeatureID="-1" href="POSTCARD_HLP_GREETING_EDIT.html">Sumulat ng mga pagbati</target>
      <target FeatureID="-1" href="MMS_POSTCARD_HLP_MAIN_EDIT.html">Gumawa ng mga postcard</target>
   </keywords>
   <keywords>
      <text FeatureID="-1">mga postcard</text>
      <target FeatureID="-1" href="MMS_POSTCARD_HLP_MAIN_VIEW.html">Tingnan ang mga postcard</target>
   </keywords>
</keywords>