<?xml version="1.0" encoding="UTF-8"?>
<keywords>
   <keywords>
      <text FeatureID="-1">VPN (εικονικό ιδιωτικό δίκτυο)</text>
      <target FeatureID="-1" href="SET_HLP_VPN_LOG_VIEW.html">Μητρώο VPN</target>
      <target FeatureID="-1" href="SET_HLP_VPN_CONFIG_MAIN.html">Διαχείριση VPN</target>
      <target FeatureID="-1" href="SET_HLP_VPN_POLICY_VIEW.html">Πολιτικές VPN</target>
      <target FeatureID="-1" href="SET_HLP_VPN_POLICY_SERVERS.html">Διακομιστές πολιτικών VPN</target>
      <target FeatureID="-1" href="SET_HLP_VPN_POLICY_SERVER_SET.html">Ρυθμίσεις διακομιστή VPN</target>
   </keywords>
</keywords>