<?xml version="1.0" encoding="UTF-8"?>
<keywords>
   <keywords>
      <text FeatureID="-1">raddskipanir</text>
      <target FeatureID="true_72" href="HLP_VC_SIND_FOLDER.html">Forritaskjár</target>
      <target FeatureID="true_72" href="HLP_VC_SIND_MAIN.html">Notkun raddskipana</target>
      <target FeatureID="-1" href="VCINFO_HLP_MAINVIEW.html">Fyrir tengiliði</target>
   </keywords>
   <keywords>
      <text FeatureID="-1">stillingar raddskipana</text>
      <target FeatureID="-1" href="HLP_VC_SET.html">Stillingar raddskipana</target>
   </keywords>
</keywords>