<?xml version="1.0" encoding="UTF-8"?>
<keywords>
   <keywords>
      <text FeatureID="-1">certificaten</text>
      <target FeatureID="-1" href="AM_HLP_GENERAL_SETTINGS.html">Certificaatinstellingen</target>
   </keywords>
   <keywords>
      <text FeatureID="-1">instellingen, certificaten</text>
      <target FeatureID="-1" href="AM_HLP_GENERAL_SETTINGS.html">Certificaatinstellingen</target>
   </keywords>
   <keywords>
      <text FeatureID="-1">installeren toepassingen</text>
      <target FeatureID="-1" href="AM_HLP_NOT_INSTALLED.html">Installatiebestanden</target>
      <target FeatureID="-1" href="AM_HLP_APPLICATION.html">Toepassingen beheren</target>
   </keywords>
   <keywords>
      <text FeatureID="-1">toepassingen</text>
      <target FeatureID="-1" href="AM_HLP_NOT_INSTALLED.html">Installatiebestanden</target>
      <target FeatureID="-1" href="AM_HLP_INSTALLED.html">Geïnstalleerde toepassingen</target>
   </keywords>
   <keywords>
      <text FeatureID="-1">installeren, software</text>
      <target FeatureID="-1" href="AM_HLP_APPLICATION.html">Toepassingen beheren</target>
   </keywords>
   <keywords>
      <text FeatureID="-1">bevestigingsverzoeken</text>
      <target FeatureID="-1" href="AM_HLP_INSTALL_CAPAB.html">Bevestigingsverzoeken</target>
   </keywords>
   <keywords>
      <text FeatureID="-1">niet-vertrouwde installatie</text>
      <target FeatureID="-1" href="AM_HLP_INSTALL_UNTRUSTED.html">Niet-vertrouwde installatie</target>
   </keywords>
</keywords>