<?xml version="1.0" encoding="UTF-8"?>
<keywords>
   <keywords>
      <text FeatureID="true_298">τηλεφωνητής</text>
      <target FeatureID="true_298" href="SMSVO_HLP_CS_VIDEO_AND_XSP_VOIP.html">Τηλεφωνητής φωνητικών κλήσεων, κλήσεων βίντεο και Διαδικτύου</target>
   </keywords>
   <keywords>
      <text FeatureID="true_298">τηλεφωνητής κλήσεων Διαδικτύου</text>
      <target FeatureID="true_298" href="SMSVO_HLP_CS_VIDEO_AND_XSP_VOIP.html">Τηλεφωνητής φωνητικών κλήσεων, κλήσεων βίντεο και Διαδικτύου</target>
   </keywords>
   <keywords>
      <text FeatureID="true_298">αυτόματος τηλεφωνητής</text>
      <target FeatureID="true_298" href="SMSVO_HLP_CS_VIDEO_AND_XSP_VOIP.html">Τηλεφωνητής φωνητικών κλήσεων, κλήσεων βίντεο και Διαδικτύου</target>
   </keywords>
   <keywords>
      <text FeatureID="-1">κλήσεις μέσω internet</text>
      <target FeatureID="-1" href="VOIP_HLP_CSC.html">Ρυθμίσεις δικτύου</target>
      <target FeatureID="true_298" href="VOIP_HLP_SERVCATALOG.html">Κατάλογος υπηρεσιών</target>
      <target FeatureID="-1" href="SERVTAB_HLP_SETTINGS.html">Ρυθμίσεις καρτέλας υπηρεσίας</target>
   </keywords>
</keywords>