<?xml version="1.0" encoding="UTF-8"?>
<keywords>
   <keywords>
      <text FeatureID="-1">synkronointi</text>
      <target FeatureID="-1" href="DS_HLP_MAIN_VIEW.html">Tietojen synkronointi</target>
   </keywords>
   <keywords>
      <text FeatureID="-1">synkronointiprofiilit</text>
      <target FeatureID="-1" href="DS_HLP_MAIN_VIEW.html">Tietojen synkronointi</target>
   </keywords>
   <keywords>
      <text FeatureID="-1">synkronointiprof. aset.</text>
      <target FeatureID="-1" href="DS_HLP_SETTINGS.html">Synkr.profiil. muokkaus</target>
   </keywords>
   <keywords>
      <text FeatureID="-1">synkronointiasetukset</text>
      <target FeatureID="-1" href="DS_HLP_SETTINGS_CAL.html">Kalenterin synkronointiasetukset</target>
      <target FeatureID="-1" href="DS_HLP_SETTINGS_CNT.html">Osoitekirjan synkronointiasetukset</target>
      <target FeatureID="-1" href="DS_HLP_SETTINGS_NOTES.html">Muistikirjan synkronointiasetukset</target>
      <target FeatureID="-1" href="DS_HLP_SETTINGS_SMS.html">Tekstiviestien synkronointiasetukset</target>
      <target FeatureID="true_44" href="DS_HLP_SETTINGS_SYNCML.html">Sähköpostin synkronointiasetukset</target>
   </keywords>
</keywords>