<?xml version="1.0" encoding="UTF-8"?>
<keywords>
   <keywords>
      <text FeatureID="true_410">discador</text>
      <target FeatureID="true_410" href="DIALER_HLP_MAIN.html">Fazer chamadas telefônicas</target>
   </keywords>
   <keywords>
      <text FeatureID="true_410">fazer chamadas telefônicas</text>
      <target FeatureID="true_410" href="DIALER_HLP_MAIN.html">Fazer chamadas telefônicas</target>
   </keywords>
   <keywords>
      <text FeatureID="-1">chamadas</text>
      <target FeatureID="-1" href="INCAL_HLP_CALL_HANDLING.html">Chamadas</target>
   </keywords>
   <keywords>
      <text FeatureID="-1">conferências telefônicas</text>
      <target FeatureID="-1" href="INCAL_HLP_CALL_HANDLING.html">Chamadas</target>
   </keywords>
   <keywords>
      <text FeatureID="-1">alternar chamadas</text>
      <target FeatureID="-1" href="INCAL_HLP_CALL_HANDLING.html">Chamadas</target>
   </keywords>
   <keywords>
      <text FeatureID="-1">telefone</text>
      <target FeatureID="-1" href="INCAL_HLP_CALL_HANDLING.html">Chamadas</target>
   </keywords>
   <keywords>
      <text FeatureID="true_410">Tons DTMF</text>
      <target FeatureID="true_410" href="DIALER_HLP_SEND_DTMF.html">Enviar tons DTMF</target>
   </keywords>
   <keywords>
      <text FeatureID="true_89">chamadas de vídeo</text>
      <target FeatureID="true_89" href="INCAL_HLP_VIDEO_CALL.html">Chamadas de vídeo</target>
   </keywords>
</keywords>