<?xml version="1.0" encoding="UTF-8"?>
<keywords>
   <keywords>
      <text FeatureID="-1">enheds­styring</text>
      <target FeatureID="-1" href="DM_HLP_MAIN_VIEW.html">Enhedens software</target>
      <target FeatureID="-1" href="DM_HLP_SETTINGS.html">Serverprofil­indstillinger</target>
      <target FeatureID="-1" href="DM_HLP_SERVERS_VIEW.html">Fjern­konfiguration</target>
   </keywords>
   <keywords>
      <text FeatureID="-1">konfigurations­indstillinger</text>
      <target FeatureID="-1" href="DM_HLP_MAIN_VIEW.html">Enhedens software</target>
   </keywords>
   <keywords>
      <text FeatureID="-1">Enheds­styring</text>
      <target FeatureID="-1" href="FOTA_HLP_SETTINGS.html">Indstille soft­wareopdat.</target>
   </keywords>
   <keywords>
      <text FeatureID="-1">softwareop­dat., indstille</text>
      <target FeatureID="-1" href="FOTA_HLP_SETTINGS.html">Indstille soft­wareopdat.</target>
   </keywords>
   <keywords>
      <text FeatureID="-1">serverprofil­indstillinger</text>
      <target FeatureID="-1" href="DM_HLP_SETTINGS.html">Serverprofil­indstillinger</target>
   </keywords>
   <keywords>
      <text FeatureID="-1">fjern­konfiguration</text>
      <target FeatureID="-1" href="DM_HLP_SERVERS_VIEW.html">Fjern­konfiguration</target>
   </keywords>
</keywords>