<?xml version="1.0" encoding="UTF-8"?><?xml-stylesheet  href="../../theme/xsl/index2html.xslt" type="text/xsl"?>
<topics FeatureID="-1" title="فيديو وتلفاز" compressed="true">
   <topicref FeatureID="-1" href="IPTV_HLP_MAIN_STATE.html" navtitle="فيديو وتلفاز"/>
   <topicref FeatureID="-1" href="IPTV_HLP_VODCAST_MAIN.html" navtitle="تدفقات الفيديو"/>
   <topicref FeatureID="-1" href="IPTV_HLP_SERVICE_SELECTION_VOD.html" navtitle="اختيار خدمات فيديو"/>
   <topicref FeatureID="-1" href="IPTV_HLP_VOD_CATEGORIES.html" navtitle="فئات الفيديو"/>
   <topicref FeatureID="-1" href="IPTV_HLP_VOD.html" navtitle="عرض مقاطع الفيديو وتنزيلها"/>
   <topicref FeatureID="-1" href="IPTV_HLP_SCHEDULE_DOWNLOAD.html" navtitle="جدولة التنزيلات"/>
   <topicref FeatureID="-1" href="IPTV_HLP_STORAGE.html" navtitle="فيديو"/>
   <topicref FeatureID="-1" href="IPTV_HLP_SETTINGS.html" navtitle="ضبط فيديو وتلفاز"/>
   <topicref FeatureID="-1" href="IPTV_HLP_SERVICE_SEL_VODCAST.html" navtitle="اختيار روابط فيديو"/>
   <topicref FeatureID="-1" href="IPTV_HLP_ADD_SERVICE.html" navtitle="إضافة روابط فيديو"/>
</topics>