<?xml version="1.0" encoding="UTF-8"?>
<keywords>
   <keywords>
      <text FeatureID="-1">فيديو وتلفاز</text>
      <target FeatureID="-1" href="IPTV_HLP_MAIN_STATE.html">فيديو وتلفاز</target>
      <target FeatureID="-1" href="IPTV_HLP_VODCAST_MAIN.html">تدفقات الفيديو</target>
      <target FeatureID="-1" href="IPTV_HLP_SERVICE_SELECTION_VOD.html">اختيار خدمات فيديو</target>
      <target FeatureID="-1" href="IPTV_HLP_VOD_CATEGORIES.html">فئات الفيديو</target>
      <target FeatureID="-1" href="IPTV_HLP_VOD.html">عرض مقاطع الفيديو وتنزيلها</target>
      <target FeatureID="-1" href="IPTV_HLP_SCHEDULE_DOWNLOAD.html">جدولة التنزيلات</target>
      <target FeatureID="-1" href="IPTV_HLP_STORAGE.html">فيديو</target>
      <target FeatureID="-1" href="IPTV_HLP_SERVICE_SEL_VODCAST.html">اختيار روابط فيديو</target>
      <target FeatureID="-1" href="IPTV_HLP_ADD_SERVICE.html">إضافة روابط فيديو</target>
   </keywords>
   <keywords>
      <text FeatureID="-1">تدفقات الفيديو</text>
      <target FeatureID="-1" href="IPTV_HLP_VODCAST_MAIN.html">تدفقات الفيديو</target>
      <target FeatureID="-1" href="IPTV_HLP_VOD_CATEGORIES.html">فئات الفيديو</target>
      <target FeatureID="-1" href="IPTV_HLP_SERVICE_SEL_VODCAST.html">اختيار روابط فيديو</target>
      <target FeatureID="-1" href="IPTV_HLP_ADD_SERVICE.html">إضافة روابط فيديو</target>
   </keywords>
   <keywords>
      <text FeatureID="-1">التنزيلات, مقاطع الفيديو</text>
      <target FeatureID="-1" href="IPTV_HLP_VOD.html">عرض مقاطع الفيديو وتنزيلها</target>
      <target FeatureID="-1" href="IPTV_HLP_SCHEDULE_DOWNLOAD.html">جدولة التنزيلات</target>
   </keywords>
   <keywords>
      <text FeatureID="-1">فيديو وتلفاز, الضبط</text>
      <target FeatureID="-1" href="IPTV_HLP_SETTINGS.html">ضبط فيديو وتلفاز</target>
   </keywords>
   <keywords>
      <text FeatureID="-1">الضبط, الفيديو</text>
      <target FeatureID="-1" href="IPTV_HLP_SETTINGS.html">ضبط فيديو وتلفاز</target>
   </keywords>
</keywords>