<?xml version="1.0" encoding="UTF-8"?>
<keywords>
   <keywords>
      <text FeatureID="-1">чат</text>
      <target FeatureID="-1" href="SERVTAB_HLP_CONVERSATION.html">Передача сообщений чата</target>
   </keywords>
   <keywords>
      <text FeatureID="-1">обмен сообщениями</text>
      <target FeatureID="-1" href="SERVTAB_HLP_CONVERSATION.html">Передача сообщений чата</target>
   </keywords>
   <keywords>
      <text FeatureID="-1">сеансы чата</text>
      <target FeatureID="-1" href="SERVTAB_HLP_CONVERSATION.html">Передача сообщений чата</target>
   </keywords>
</keywords>