<?xml version="1.0" encoding="UTF-8"?>
<keywords>
   <keywords>
      <text FeatureID="true_13 true_1566">USB-kabeltilkobling</text>
      <target FeatureID="true_13" href="USB_HLP_MAIN.html">USB-innstillinger</target>
      <target FeatureID="true_1566" href="USB_HLP_PRINT_SETTINGS.html">Skriverinnst.</target>
   </keywords>
   <keywords>
      <text FeatureID="true_13">kabeltilkobling</text>
      <target FeatureID="true_13" href="USB_HLP_MAIN.html">USB-innstillinger</target>
   </keywords>
   <keywords>
      <text FeatureID="true_1566">skriver ut</text>
      <target FeatureID="true_1566" href="USB_HLP_PRINT_SETTINGS.html">Skriverinnst.</target>
   </keywords>
   <keywords>
      <text FeatureID="true_1566">innstillinger, skriver</text>
      <target FeatureID="true_1566" href="USB_HLP_PRINT_SETTINGS.html">Skriverinnst.</target>
   </keywords>
</keywords>