<?xml version="1.0" encoding="UTF-8"?>
<keywords>
   <keywords>
      <text FeatureID="true_1116">enviar entradas calend.</text>
      <target FeatureID="true_1116" href="SMART_HLP_CALENDAREDITOR.html">Enviar entr. do calend.</target>
   </keywords>
   <keywords>
      <text FeatureID="true_1114">recebendo entradas calend.</text>
      <target FeatureID="true_1114" href="SMART_HLP_CALENDARVIEWER.html">Entradas calend. receb.</target>
   </keywords>
   <keywords>
      <text FeatureID="true_1114">entradas de calendário</text>
      <target FeatureID="true_1114" href="SMART_HLP_CALPULLMESVIEWER.html">Download entr. calendário</target>
   </keywords>
   <keywords>
      <text FeatureID="true_1117 true_1115">cartões de visita</text>
      <target FeatureID="true_1117" href="SMART_HLP_BUSINESSEDITOR.html">Enviar cartões de visita</target>
      <target FeatureID="true_1115" href="SMART_HLP_BUSINESSVIEWER.html">Cartões visita receb.</target>
      <target FeatureID="true_1115" href="SMART_HLP_BUSPULLMESVIEWER.html">Download cartões de visita</target>
   </keywords>
   <keywords>
      <text FeatureID="true_1111">toques musicais</text>
      <target FeatureID="true_1111" href="SMART_HLP_RINGVIEWER.html">Toques musicais receb.</target>
   </keywords>
   <keywords>
      <text FeatureID="true_1110">logot. operadora</text>
      <target FeatureID="true_1110" href="SMART_HLP_OPLOGOVIEWER.html">Logot. receb. operadora</target>
   </keywords>
   <keywords>
      <text FeatureID="true_1106">marcadores</text>
      <target FeatureID="true_1106" href="SMART_HLP_ONEBOOKVIEWER.html">Marcador recebido</target>
   </keywords>
   <keywords>
      <text FeatureID="true_1112">recebendo imagens</text>
      <target FeatureID="true_1112" href="SMART_HLP_GMSVIEWER.html">Ver mensagens gráficas</target>
   </keywords>
   <keywords>
      <text FeatureID="true_1112">mensagens gráficas</text>
      <target FeatureID="true_1112" href="SMART_HLP_GMSVIEWER.html">Ver mensagens gráficas</target>
   </keywords>
   <keywords>
      <text FeatureID="true_1537">configuração de unidade remota</text>
      <target FeatureID="true_1537" href="SMART_HLP_REMOTEDRIVES_VIEWER.html">Receba configurações de unidade remota</target>
      <target FeatureID="true_1537" href="SMART_HLP_REMOTEDRIVES_EDITOR.html">Envie configurações de unidade remota</target>
   </keywords>
</keywords>