<?xml version="1.0" encoding="UTF-8"?>
<keywords>
   <keywords>
      <text FeatureID="-1">照片</text>
      <target FeatureID="-1" href="LGAL_HLP_ALBUM_LIST.html">专辑</target>
      <target FeatureID="-1" href="LGAL_HLP_ALL_GRID.html">浏览所有多媒体文件</target>
      <target FeatureID="-1" href="LGAL_HLP_ALBUM_GRID.html">浏览专辑中的多媒体文件</target>
      <target FeatureID="-1" href="LGAL_HLP_TAGS_GRID.html">浏览带标签的媒体文件</target>
      <target FeatureID="-1" href="LGAL_HLP_DETAILS_VIEW.html">查看和编辑文件详情</target>
      <target FeatureID="-1" href="LGAL_HLP_TAGS_BROWSER.html">标签</target>
      <target FeatureID="-1" href="LGAL_HLP_MONTH_FULLSCREEN.html">按月份查看媒体文件</target>
      <target FeatureID="-1" href="LGAL_HLP_MONTH_GRID.html">按月份浏览媒体文件</target>
      <target FeatureID="-1" href="LGAL_HLP_VIEW_LIST.html">照片</target>
      <target FeatureID="-1" href="LGAL_HLP_MONTH_LIST.html">月份</target>
      <target FeatureID="-1" href="LGAL_HLP_SLIDESHOW_SETTINGS.html">幻灯片播放设置</target>
      <target FeatureID="-1" href="LGAL_HLP_ALL_FULLSCREEN.html">查看所有多媒体文件</target>
      <target FeatureID="-1" href="LGAL_HLP_ALBUM_FULLSCREEN.html">查看专辑中的媒体文件</target>
      <target FeatureID="-1" href="LGAL_HLP_TAGS_FULLSCREEN.html">查看带有标签的媒体文件</target>
   </keywords>
   <keywords>
      <text FeatureID="-1">专辑</text>
      <target FeatureID="-1" href="LGAL_HLP_ALBUM_LIST.html">专辑</target>
      <target FeatureID="-1" href="LGAL_HLP_ALBUM_GRID.html">浏览专辑中的多媒体文件</target>
      <target FeatureID="-1" href="LGAL_HLP_VIEW_LIST.html">照片</target>
      <target FeatureID="-1" href="LGAL_HLP_ALBUM_FULLSCREEN.html">查看专辑中的媒体文件</target>
   </keywords>
   <keywords>
      <text FeatureID="-1">标签</text>
      <target FeatureID="-1" href="LGAL_HLP_TAGS_GRID.html">浏览带标签的媒体文件</target>
      <target FeatureID="-1" href="LGAL_HLP_TAGS_BROWSER.html">标签</target>
      <target FeatureID="-1" href="LGAL_HLP_VIEW_LIST.html">照片</target>
      <target FeatureID="-1" href="LGAL_HLP_TAGS_FULLSCREEN.html">查看带有标签的媒体文件</target>
   </keywords>
   <keywords>
      <text FeatureID="-1">幻灯片</text>
      <target FeatureID="-1" href="LGAL_HLP_SLIDESHOW_SETTINGS.html">幻灯片播放设置</target>
   </keywords>
</keywords>