<?xml version="1.0" encoding="UTF-8"?>
<keywords>
   <keywords>
      <text FeatureID="-1">arama telesekreteri</text>
      <target FeatureID="-1" href="SMSVO_HLP_MAIN_VIEW.html">Arama telesekreteri</target>
      <target FeatureID="true_298" href="SMSVO_HLP_CS_VIDEO_AND_XSP_VOIP.html">Arama, video ve internet araması posta kutusu</target>
   </keywords>
   <keywords>
      <text FeatureID="-1">telesekreter</text>
      <target FeatureID="-1" href="SMSVO_HLP_MAIN_VIEW.html">Arama telesekreteri</target>
      <target FeatureID="true_89" href="SMSVO_HLP_CS_AND_VIDEO.html">Arama telesekreteri ve video posta kutusu</target>
      <target FeatureID="true_298" href="SMSVO_HLP_CS_VIDEO_AND_XSP_VOIP.html">Arama, video ve internet araması posta kutusu</target>
   </keywords>
   <keywords>
      <text FeatureID="true_89">video posta kutusu</text>
      <target FeatureID="true_89" href="SMSVO_HLP_CS_AND_VIDEO.html">Arama telesekreteri ve video posta kutusu</target>
   </keywords>
   <keywords>
      <text FeatureID="true_298">internet araması posta kutusu</text>
      <target FeatureID="true_298" href="SMSVO_HLP_CS_VIDEO_AND_XSP_VOIP.html">Arama, video ve internet araması posta kutusu</target>
   </keywords>
</keywords>