<?xml version="1.0" encoding="UTF-8"?>
<keywords>
   <keywords>
      <text FeatureID="true_13 true_1566">USB kabeļa savienojums</text>
      <target FeatureID="true_13" href="USB_HLP_MAIN.html">USB uzstādījumi</target>
      <target FeatureID="true_1566" href="USB_HLP_PRINT_SETTINGS.html">Printera uzstādījumi</target>
   </keywords>
   <keywords>
      <text FeatureID="true_13">kabeļa savienojums</text>
      <target FeatureID="true_13" href="USB_HLP_MAIN.html">USB uzstādījumi</target>
   </keywords>
   <keywords>
      <text FeatureID="true_1566">drukāšana</text>
      <target FeatureID="true_1566" href="USB_HLP_PRINT_SETTINGS.html">Printera uzstādījumi</target>
   </keywords>
   <keywords>
      <text FeatureID="true_1566">uzstādījumi, printeris</text>
      <target FeatureID="true_1566" href="USB_HLP_PRINT_SETTINGS.html">Printera uzstādījumi</target>
   </keywords>
</keywords>