<?xml version="1.0" encoding="UTF-8"?>
<keywords>
   <keywords>
      <text FeatureID="-1">ملاحظات کی ترمیم</text>
      <target FeatureID="-1" href="NMAKE_HLP_MEMO_VIEWER_EDIT.html">پروگراموں کے ملاحظات کی ترمیم کریں</target>
   </keywords>
   <keywords>
      <text FeatureID="-1">نوٹ، موصول کرنا</text>
      <target FeatureID="-1" href="NMAKE_HLP_MEMO_VIEWER.html">موصول نوٹ ديکھنا</target>
   </keywords>
   <keywords>
      <text FeatureID="-1">پيغام کے قالب</text>
      <target FeatureID="-1" href="NMAKE_HLP_TEMPLATE_EDITOR.html">قالب لکھيں</target>
   </keywords>
   <keywords>
      <text FeatureID="-1">پیغام کے ٹمپلیٹس تیار کرنا</text>
      <target FeatureID="-1" href="NMAKE_HLP_TEMPLATE_EDITOR.html">قالب لکھيں</target>
   </keywords>
   <keywords>
      <text FeatureID="-1">پیغام کے ٹمپلیٹس لکھنا</text>
      <target FeatureID="-1" href="NMAKE_HLP_TEMPLATE_EDITOR.html">قالب لکھيں</target>
   </keywords>
   <keywords>
      <text FeatureID="-1">نوٹ کي فہرست</text>
      <target FeatureID="-1" href="NMAKE_HLP_MEMO_LIST.html">نوٹ کي فہرست</target>
   </keywords>
   <keywords>
      <text FeatureID="-1">نوٹ لکھنا</text>
      <target FeatureID="-1" href="NMAKE_HLP_MEMO_LIST.html">نوٹ کي فہرست</target>
      <target FeatureID="-1" href="NMAKE_HLP_MEMO_EDITOR_APPS.html">پروگراموں میں وضاحتیں لکھیں</target>
      <target FeatureID="-1" href="NMAKE_HLP_MEMO_EDITOR.html">نوٹ لکھيں</target>
   </keywords>
</keywords>