<?xml version="1.0" encoding="UTF-8"?>
<keywords>
   <keywords>
      <text FeatureID="-1">dataoverføring</text>
      <target FeatureID="-1" href="SWITCH_HLP_EDIT_SHORTCUT.html">Innstillinger for snarveier</target>
      <target FeatureID="-1" href="SWITCH_HLP_MAIN.html">Overføre data</target>
      <target FeatureID="-1" href="SWITCH_HLP_LOG.html">Overføringslogg</target>
   </keywords>
   <keywords>
      <text FeatureID="-1">overføre data</text>
      <target FeatureID="-1" href="SWITCH_HLP_EDIT_SHORTCUT.html">Innstillinger for snarveier</target>
      <target FeatureID="-1" href="SWITCH_HLP_MAIN.html">Overføre data</target>
   </keywords>
   <keywords>
      <text FeatureID="-1">snarveier</text>
      <target FeatureID="-1" href="SWITCH_HLP_EDIT_SHORTCUT.html">Innstillinger for snarveier</target>
   </keywords>
   <keywords>
      <text FeatureID="-1">dataoverføring, konflikter</text>
      <target FeatureID="-1" href="SWITCH_HLP_CONFLICT.html">Overføringskonflikter</target>
   </keywords>
   <keywords>
      <text FeatureID="-1">kopiere innhold</text>
      <target FeatureID="-1" href="SWITCH_HLP_MAIN.html">Overføre data</target>
   </keywords>
   <keywords>
      <text FeatureID="-1">overføringslogg</text>
      <target FeatureID="-1" href="SWITCH_HLP_LOG.html">Overføringslogg</target>
   </keywords>
</keywords>