<?xml version="1.0" encoding="UTF-8"?>
<keywords>
   <keywords>
      <text FeatureID="true_410">تماسها, گرفتن</text>
      <target FeatureID="true_410" href="DIALER_HLP_MAIN.html">برقراری تماس های تلفنی</target>
   </keywords>
   <keywords>
      <text FeatureID="-1">تماس های تلفنی</text>
      <target FeatureID="-1" href="INCAL_HLP_CALL_HANDLING.html">تماس های تلفنی</target>
   </keywords>
   <keywords>
      <text FeatureID="-1">تماس های کنفرانسی</text>
      <target FeatureID="-1" href="INCAL_HLP_CALL_HANDLING.html">تماس های تلفنی</target>
   </keywords>
   <keywords>
      <text FeatureID="-1">جابجایی تماس ها</text>
      <target FeatureID="-1" href="INCAL_HLP_CALL_HANDLING.html">تماس های تلفنی</target>
   </keywords>
   <keywords>
      <text FeatureID="-1">تلفن</text>
      <target FeatureID="-1" href="INCAL_HLP_CALL_HANDLING.html">تماس های تلفنی</target>
   </keywords>
   <keywords>
      <text FeatureID="true_410">آهنگهای DTMF</text>
      <target FeatureID="true_410" href="DIALER_HLP_SEND_DTMF.html">ارسال آهنگ های DTMF</target>
   </keywords>
   <keywords>
      <text FeatureID="true_89">تماس های تصویری</text>
      <target FeatureID="true_89" href="INCAL_HLP_VIDEO_CALL.html">تماس های تصویری</target>
   </keywords>
</keywords>