<?xml version="1.0" encoding="UTF-8"?>
<keywords>
   <keywords>
      <text FeatureID="-1">содержимое для обмена</text>
      <target FeatureID="-1" href="UPNP_HLP_SHARE_CONTENT.html">Выбор содержимого для обмена</target>
   </keywords>
   <keywords>
      <text FeatureID="-1">домашний медиацентр</text>
      <target FeatureID="-1" href="UPNP_HLP_SHARE_CONTENT.html">Выбор содержимого для обмена</target>
      <target FeatureID="-1" href="UPNP_HLP_SHARING_PROP.html">Настройки обмена</target>
      <target FeatureID="-1" href="UPNP_HLP_MAIN_VIEW.html">Домашние медиафайлы</target>
      <target FeatureID="-1" href="UPNP_HLP_MAIN_EXTERNAL.html">Домашние мультимедийные устройства</target>
      <target FeatureID="-1" href="UPNP_HLP_CONTENT_VIEW.html">Файлы домашнего медиацентра</target>
      <target FeatureID="-1" href="UPNP_HLP_REMOTE_DEVICES.html">Папки домашнего медиацентра</target>
      <target FeatureID="-1" href="UPNP_HLP_SEARCH.html">Результаты поиска</target>
   </keywords>
   <keywords>
      <text FeatureID="-1">обмен изображениями и видеоклипами</text>
      <target FeatureID="-1" href="UPNP_HLP_SHARE_CONTENT.html">Выбор содержимого для обмена</target>
   </keywords>
   <keywords>
      <text FeatureID="-1">обмен мультимедийными файлами</text>
      <target FeatureID="-1" href="UPNP_HLP_SHARING_PROP.html">Настройки обмена</target>
      <target FeatureID="-1" href="UPNP_HLP_MAIN_VIEW.html">Домашние медиафайлы</target>
      <target FeatureID="-1" href="UPNP_HLP_MAIN_EXTERNAL.html">Домашние мультимедийные устройства</target>
      <target FeatureID="-1" href="UPNP_HLP_CONTENT_VIEW.html">Файлы домашнего медиацентра</target>
      <target FeatureID="-1" href="UPNP_HLP_REMOTE_DEVICES.html">Папки домашнего медиацентра</target>
      <target FeatureID="-1" href="UPNP_HLP_SEARCH.html">Результаты поиска</target>
   </keywords>
   <keywords>
      <text FeatureID="-1">просмотр файлов на удаленном устройстве</text>
      <target FeatureID="-1" href="UPNP_HLP_SHARING_PROP.html">Настройки обмена</target>
      <target FeatureID="-1" href="UPNP_HLP_MAIN_VIEW.html">Домашние медиафайлы</target>
      <target FeatureID="-1" href="UPNP_HLP_MAIN_EXTERNAL.html">Домашние мультимедийные устройства</target>
      <target FeatureID="-1" href="UPNP_HLP_CONTENT_VIEW.html">Файлы домашнего медиацентра</target>
      <target FeatureID="-1" href="UPNP_HLP_REMOTE_DEVICES.html">Папки домашнего медиацентра</target>
      <target FeatureID="-1" href="UPNP_HLP_SEARCH.html">Результаты поиска</target>
   </keywords>
   <keywords>
      <text FeatureID="-1">свойства обмена</text>
      <target FeatureID="-1" href="UPNP_HLP_SHARING_PROP.html">Настройки обмена</target>
   </keywords>
</keywords>