<?xml version="1.0" encoding="UTF-8"?>
<keywords>
   <keywords>
      <text FeatureID="-1">VPN (virtual private network)</text>
      <target FeatureID="-1" href="SET_HLP_VPN_LOG_VIEW.html">บันทึก VPN</target>
      <target FeatureID="-1" href="SET_HLP_VPN_CONFIG_MAIN.html">การจัดการ VPN</target>
      <target FeatureID="-1" href="SET_HLP_VPN_POLICY_VIEW.html">นโยบาย VPN</target>
      <target FeatureID="-1" href="SET_HLP_VPN_POLICY_SERVERS.html">เซิร์ฟเวอร์นโยบาย VPN</target>
      <target FeatureID="-1" href="SET_HLP_VPN_POLICY_SERVER_SET.html">การตั้งค่าเซิร์ฟเวอร์ VPN</target>
   </keywords>
</keywords>