<?xml version="1.0" encoding="UTF-8"?>
<keywords>
   <keywords>
      <text FeatureID="-1">e-mail, nastavení</text>
      <target FeatureID="-1" href="MBXS_HLP_SETT_DOWNL_CTRL.html">Nastavení načítání e-mailu</target>
      <target FeatureID="-1" href="MBXS_HLP_SETT_DOWNL_RETR.html">Počet načítaných e-mailů</target>
      <target FeatureID="-1" href="MBXS_HLP_SETT_MBX_IN.html">Nastavení příchozích e-mailů</target>
      <target FeatureID="-1" href="MBXS_HLP_SETT_MBX_IN_OUT.html">Nastavení připojení</target>
      <target FeatureID="-1" href="MBXS_HLP_SETT_MBX_OUT.html">Nastavení odchozích e-mailů</target>
      <target FeatureID="-1" href="MCE_HLP_SETTINGS_EMAIL.html">Nastavení e-mailu</target>
      <target FeatureID="-1" href="MCE_HLP_SETT_EMAILMAIN.html">Úprava schránek</target>
      <target FeatureID="-1" href="MCE_HLP_SETT_MAILBLIST.html">Schránky</target>
      <target FeatureID="-1" href="MCE_HLP_SETT_MAILFOLDER_UPD.html">Složky schránky</target>
      <target FeatureID="true_1633" href="MCE_HLP_SETT_MAIL_ONLI.html">Automatické načítání</target>
   </keywords>
   <keywords>
      <text FeatureID="-1">nastavení schránky</text>
      <target FeatureID="-1" href="MCE_HLP_SETT_EMAILMAIN.html">Úprava schránek</target>
   </keywords>
   <keywords>
      <text FeatureID="-1">schránka</text>
      <target FeatureID="-1" href="MCE_HLP_SETT_MAILBLIST.html">Schránky</target>
      <target FeatureID="-1" href="MCE_HLP_MAILBOX_ONLINE.html">Online, e-mail</target>
   </keywords>
   <keywords>
      <text FeatureID="-1">složky schránky</text>
      <target FeatureID="-1" href="MCE_HLP_SETT_MAILFOLDER_UPD.html">Složky schránky</target>
   </keywords>
   <keywords>
      <text FeatureID="-1">nastavení uživatele</text>
      <target FeatureID="-1" href="MCE_HLP_SETT_MAIL_USER.html">Nastavení uživatele</target>
   </keywords>
   <keywords>
      <text FeatureID="true_44">nastavení synchronizační schránky</text>
      <target FeatureID="true_44" href="MCE_HLP_SETT_SMAILBOX.html">Nastavení synchronizační schránky</target>
   </keywords>
   <keywords>
      <text FeatureID="true_44">e-mail, nastavení synchronizace</text>
      <target FeatureID="true_44" href="MCE_HLP_SETT_SMAILBOX.html">Nastavení synchronizační schránky</target>
   </keywords>
   <keywords>
      <text FeatureID="-1">e-mail, offline</text>
      <target FeatureID="-1" href="MCE_HLP_MAILBOX_OFFLINE.html">E-mail, offline</target>
   </keywords>
   <keywords>
      <text FeatureID="-1">připojení ke schránce</text>
      <target FeatureID="-1" href="MCE_HLP_MAILBOX_ONLINE.html">Online, e-mail</target>
   </keywords>
   <keywords>
      <text FeatureID="-1">e-mail, online</text>
      <target FeatureID="-1" href="MCE_HLP_MAILBOX_ONLINE.html">Online, e-mail</target>
   </keywords>
   <keywords>
      <text FeatureID="-1">online, e-mail</text>
      <target FeatureID="-1" href="MCE_HLP_MAILBOX_ONLINE.html">Online, e-mail</target>
   </keywords>
</keywords>