<?xml version="1.0" encoding="UTF-8"?>
<keywords>
   <keywords>
      <text FeatureID="-1">голосові команди</text>
      <target FeatureID="true_72" href="HLP_VC_SIND_FOLDER.html">Вікно програм</target>
      <target FeatureID="true_72" href="HLP_VC_SIND_MAIN.html">Використання голосових команд</target>
      <target FeatureID="-1" href="VCINFO_HLP_MAINVIEW.html">Для контактів</target>
   </keywords>
   <keywords>
      <text FeatureID="-1">установки голосових команд</text>
      <target FeatureID="-1" href="HLP_VC_SET.html">Установки голосових команд</target>
   </keywords>
</keywords>