<?xml version="1.0" encoding="UTF-8"?>
<keywords>
   <keywords>
      <text FeatureID="-1">menjanje slika</text>
      <target FeatureID="-1" href="SIE_HLP_MAIN.html">Izmena slika</target>
   </keywords>
   <keywords>
      <text FeatureID="-1">menjanje teksta</text>
      <target FeatureID="-1" href="SIE_HLP_EDIT_TEXT.html">Izmena teksta na slikama</target>
   </keywords>
   <keywords>
      <text FeatureID="-1">editor slika</text>
      <target FeatureID="-1" href="SIE_HLP_EDIT_TEXT.html">Izmena teksta na slikama</target>
   </keywords>
   <keywords>
      <text FeatureID="-1">menjanje zumiranih slika</text>
      <target FeatureID="-1" href="SIE_HLP_ZOOMING.html">Izmena zumiranih slika</target>
   </keywords>
   <keywords>
      <text FeatureID="-1">zumiranje slika</text>
      <target FeatureID="-1" href="SIE_HLP_ZOOMING.html">Izmena zumiranih slika</target>
   </keywords>
   <keywords>
      <text FeatureID="-1">menjanje sličica</text>
      <target FeatureID="-1" href="SIE_HLP_EDIT_CLIPART.html">Izmena sličica</target>
   </keywords>
   <keywords>
      <text FeatureID="-1">menjanje mehura za razgovor</text>
      <target FeatureID="-1" href="SIE_HLP_EDIT_CLIPART.html">Izmena sličica</target>
   </keywords>
   <keywords>
      <text FeatureID="-1">uklanjanje efekta crvenih očiju</text>
      <target FeatureID="-1" href="SIE_HLP_REDEYE.html">Uklanjanje efekta crvenih očiju</target>
   </keywords>
</keywords>