<?xml version="1.0" encoding="UTF-8"?>
<keywords>
   <keywords>
      <text FeatureID="-1">godkend.­certifikater</text>
      <target FeatureID="-1" href="CM_HLP_AUTHORITY.html">Godkend.­certifikater</target>
   </keywords>
   <keywords>
      <text FeatureID="-1">certifikater</text>
      <target FeatureID="-1" href="CM_HLP_AUTHORITY.html">Godkend.­certifikater</target>
      <target FeatureID="-1" href="CM_HLP_DEVICE.html">Enheds­certifikater</target>
      <target FeatureID="-1" href="CM_HLP_MAIN.html">Certifikat­styring</target>
      <target FeatureID="-1" href="CM_HLP_PERSONAL.html">Personlige certifikater</target>
      <target FeatureID="-1" href="CM_HLP_TRUSTED_SITE.html">Websteds­cer­tif. (tillid til)</target>
      <target FeatureID="-1" href="CM_HLP_TRUST_SETTINGS.html">Ændre tillids­indstillinger</target>
   </keywords>
   <keywords>
      <text FeatureID="-1">sikkerheds­certifikater</text>
      <target FeatureID="-1" href="CM_HLP_AUTHORITY.html">Godkend.­certifikater</target>
      <target FeatureID="-1" href="CM_HLP_MAIN.html">Certifikat­styring</target>
   </keywords>
   <keywords>
      <text FeatureID="-1">enheds­certifikater</text>
      <target FeatureID="-1" href="CM_HLP_DEVICE.html">Enheds­certifikater</target>
   </keywords>
   <keywords>
      <text FeatureID="-1">personlige certifikater</text>
      <target FeatureID="-1" href="CM_HLP_PERSONAL.html">Personlige certifikater</target>
   </keywords>
   <keywords>
      <text FeatureID="-1">websteds­cer­tif. (tillid til)</text>
      <target FeatureID="-1" href="CM_HLP_TRUSTED_SITE.html">Websteds­cer­tif. (tillid til)</target>
   </keywords>
   <keywords>
      <text FeatureID="-1">tillids­indstillinger</text>
      <target FeatureID="-1" href="CM_HLP_TRUST_SETTINGS.html">Ændre tillids­indstillinger</target>
   </keywords>
</keywords>