<?xml version="1.0" encoding="UTF-8"?>
<keywords>
   <keywords>
      <text FeatureID="-1">เนื้อหาสำหรับแบ่งใช้</text>
      <target FeatureID="-1" href="UPNP_HLP_SHARE_CONTENT.html">เลือกเนื้อหาสำหรับแบ่งใช้</target>
   </keywords>
   <keywords>
      <text FeatureID="-1">โฮมมีเดีย</text>
      <target FeatureID="-1" href="UPNP_HLP_SHARE_CONTENT.html">เลือกเนื้อหาสำหรับแบ่งใช้</target>
      <target FeatureID="-1" href="UPNP_HLP_SHARING_PROP.html">การตั้งค่าการแบ่งใช้</target>
      <target FeatureID="-1" href="UPNP_HLP_MAIN_VIEW.html">โฮมมีเดีย</target>
      <target FeatureID="-1" href="UPNP_HLP_MAIN_EXTERNAL.html">อุปกรณ์โฮมมีเดีย</target>
      <target FeatureID="-1" href="UPNP_HLP_CONTENT_VIEW.html">ไฟล์โฮมมีเดีย</target>
      <target FeatureID="-1" href="UPNP_HLP_REMOTE_DEVICES.html">โฟล์เดอร์โฮมมีเดีย</target>
      <target FeatureID="-1" href="UPNP_HLP_SEARCH.html">ผลการค้นหา</target>
   </keywords>
   <keywords>
      <text FeatureID="-1">การแบ่งใช้ภาพและวิดีโอ</text>
      <target FeatureID="-1" href="UPNP_HLP_SHARE_CONTENT.html">เลือกเนื้อหาสำหรับแบ่งใช้</target>
   </keywords>
   <keywords>
      <text FeatureID="-1">การแบ่งใช้ไฟล์สื่อ</text>
      <target FeatureID="-1" href="UPNP_HLP_SHARING_PROP.html">การตั้งค่าการแบ่งใช้</target>
      <target FeatureID="-1" href="UPNP_HLP_MAIN_VIEW.html">โฮมมีเดีย</target>
      <target FeatureID="-1" href="UPNP_HLP_MAIN_EXTERNAL.html">อุปกรณ์โฮมมีเดีย</target>
      <target FeatureID="-1" href="UPNP_HLP_CONTENT_VIEW.html">ไฟล์โฮมมีเดีย</target>
      <target FeatureID="-1" href="UPNP_HLP_REMOTE_DEVICES.html">โฟล์เดอร์โฮมมีเดีย</target>
      <target FeatureID="-1" href="UPNP_HLP_SEARCH.html">ผลการค้นหา</target>
   </keywords>
   <keywords>
      <text FeatureID="-1">การดูไฟล์บนอุปกรณ์ระยะไกล</text>
      <target FeatureID="-1" href="UPNP_HLP_SHARING_PROP.html">การตั้งค่าการแบ่งใช้</target>
      <target FeatureID="-1" href="UPNP_HLP_MAIN_VIEW.html">โฮมมีเดีย</target>
      <target FeatureID="-1" href="UPNP_HLP_MAIN_EXTERNAL.html">อุปกรณ์โฮมมีเดีย</target>
      <target FeatureID="-1" href="UPNP_HLP_CONTENT_VIEW.html">ไฟล์โฮมมีเดีย</target>
      <target FeatureID="-1" href="UPNP_HLP_REMOTE_DEVICES.html">โฟล์เดอร์โฮมมีเดีย</target>
      <target FeatureID="-1" href="UPNP_HLP_SEARCH.html">ผลการค้นหา</target>
   </keywords>
   <keywords>
      <text FeatureID="-1">คุณสมบัติการแบ่งใช้</text>
      <target FeatureID="-1" href="UPNP_HLP_SHARING_PROP.html">การตั้งค่าการแบ่งใช้</target>
   </keywords>
</keywords>