<?xml version="1.0" encoding="UTF-8"?>
<keywords>
   <keywords>
      <text FeatureID="-1">gestionnaire de fichiers</text>
      <target FeatureID="-1" href="FMGR_HLP_MEM_STORE_VIEW.html">Gérer des fichiers</target>
      <target FeatureID="-1" href="FMGR_HLP_MAIN_VIEW.html">Gestionnaire de fichiers</target>
      <target FeatureID="-1" href="FMGR_HLP_BACKUP_VIEW.html">Fichier de sauvegarde</target>
   </keywords>
   <keywords>
      <text FeatureID="-1">carte mémoire</text>
      <target FeatureID="-1" href="FMGR_HLP_MEM_STORE_VIEW.html">Gérer des fichiers</target>
      <target FeatureID="-1" href="FMGR_HLP_MAIN_VIEW.html">Gestionnaire de fichiers</target>
      <target FeatureID="-1" href="FMGR_HLP_BACKUP_VIEW.html">Fichier de sauvegarde</target>
   </keywords>
   <keywords>
      <text FeatureID="-1">Gestionnaire de fichiers</text>
      <target FeatureID="-1" href="FMGR_HLP_SEARCH_RESULTS.html">Chercher des fichiers</target>
   </keywords>
   <keywords>
      <text FeatureID="-1">chercher des fichiers</text>
      <target FeatureID="-1" href="FMGR_HLP_SEARCH_RESULTS.html">Chercher des fichiers</target>
   </keywords>
   <keywords>
      <text FeatureID="-1">chercher des dossiers</text>
      <target FeatureID="-1" href="FMGR_HLP_SEARCH_RESULTS.html">Chercher des fichiers</target>
   </keywords>
   <keywords>
      <text FeatureID="-1">sauvegarde</text>
      <target FeatureID="-1" href="FMGR_HLP_BACKUP_VIEW.html">Fichier de sauvegarde</target>
   </keywords>
</keywords>