<?xml version="1.0" encoding="UTF-8"?>
<keywords>
   <keywords>
      <text FeatureID="-1">diccionario</text>
      <target FeatureID="-1" href="DICTIONARY_HLP_MAIN_TAB1.html">Diccionario</target>
   </keywords>
   <keywords>
      <text FeatureID="-1">traducir</text>
      <target FeatureID="-1" href="DICTIONARY_HLP_MAIN_TAB1.html">Diccionario</target>
   </keywords>
   <keywords>
      <text FeatureID="-1">diccionario, traducción</text>
      <target FeatureID="-1" href="DICTIONARY_HLP_RESULTS.html">Resultados de la traducción</target>
   </keywords>
</keywords>