<?xml version="1.0" encoding="UTF-8"?><?xml-stylesheet  href="../../theme/xsl/index2html.xslt" type="text/xsl"?>
<topics FeatureID="-1" title="Pemperibadian" compressed="true">
   <topicref FeatureID="-1" href="SKINS_HLP_LIST.html" navtitle="Tema umum"/>
   <topicref FeatureID="-1" href="SCREENSAVER_HLP_WP_SETTINGS.html" navtitle="Tetapan gambar latar pertunjukkan slaid"/>
   <topicref FeatureID="-1" href="SKINS_HLP_WP_SETTINGS.html" navtitle="Tetapan gambar latar"/>
   <topicref FeatureID="-1" href="SKINS_HLP_SCREENS_SETTINGS.html" navtitle="Tetapan penyelamat skrin"/>
   <topicref FeatureID="true_1503" href="SKINS_HLP_CIMAGE_SETTINGS.html" navtitle="Pilih imej panggilan"/>
   <topicref FeatureID="-1" href="SKINS_HLP_APPSHELL.html" navtitle="Tetapan paparan menu"/>
   <topicref FeatureID="-1" href="SKINS_HLP_IDLE.html" navtitle="Tetapan skrin utama"/>
   <topicref FeatureID="-1" href="SKINS_HLP_APP_MAIN.html" navtitle="Sesuaikan paparan"/>
   <topicref FeatureID="-1" href="SKINS_HLP_APPSKINS_LIST.html" navtitle="Tema aplikasi"/>
</topics>