<?xml version="1.0" encoding="UTF-8"?>
<keywords>
   <keywords>
      <text FeatureID="-1">tema</text>
      <target FeatureID="-1" href="SKINS_HLP_LIST.html">Tema umum</target>
      <target FeatureID="-1" href="SCREENSAVER_HLP_WP_SETTINGS.html">Tetapan gambar latar pertunjukkan slaid</target>
      <target FeatureID="-1" href="SKINS_HLP_WP_SETTINGS.html">Tetapan gambar latar</target>
      <target FeatureID="true_1503" href="SKINS_HLP_CIMAGE_SETTINGS.html">Pilih imej panggilan</target>
      <target FeatureID="-1" href="SKINS_HLP_APPSHELL.html">Tetapan paparan menu</target>
      <target FeatureID="-1" href="SKINS_HLP_APP_MAIN.html">Sesuaikan paparan</target>
      <target FeatureID="-1" href="SKINS_HLP_APPSKINS_LIST.html">Tema aplikasi</target>
   </keywords>
   <keywords>
      <text FeatureID="-1">gambar latar pertunjukkan slaid</text>
      <target FeatureID="-1" href="SCREENSAVER_HLP_WP_SETTINGS.html">Tetapan gambar latar pertunjukkan slaid</target>
   </keywords>
   <keywords>
      <text FeatureID="-1">tetapan tayangan slaid</text>
      <target FeatureID="-1" href="SCREENSAVER_HLP_WP_SETTINGS.html">Tetapan gambar latar pertunjukkan slaid</target>
   </keywords>
   <keywords>
      <text FeatureID="-1">tetapan gambar latar</text>
      <target FeatureID="-1" href="SKINS_HLP_WP_SETTINGS.html">Tetapan gambar latar</target>
   </keywords>
   <keywords>
      <text FeatureID="-1">imej latar belakang</text>
      <target FeatureID="-1" href="SKINS_HLP_WP_SETTINGS.html">Tetapan gambar latar</target>
      <target FeatureID="-1" href="SKINS_HLP_APP_MAIN.html">Sesuaikan paparan</target>
   </keywords>
   <keywords>
      <text FeatureID="-1">penyelamat skrin</text>
      <target FeatureID="-1" href="SKINS_HLP_SCREENS_SETTINGS.html">Tetapan penyelamat skrin</target>
   </keywords>
   <keywords>
      <text FeatureID="true_1503">tetapan imej panggilan</text>
      <target FeatureID="true_1503" href="SKINS_HLP_CIMAGE_SETTINGS.html">Pilih imej panggilan</target>
   </keywords>
   <keywords>
      <text FeatureID="-1">menu</text>
      <target FeatureID="-1" href="SKINS_HLP_APPSHELL.html">Tetapan paparan menu</target>
   </keywords>
</keywords>