<?xml version="1.0" encoding="UTF-8"?>
<keywords>
   <keywords>
      <text FeatureID="-1">zenelejátszó</text>
      <target FeatureID="-1" href="MUS_HLP_TRACKS_VIEW.html">Zeneszámok</target>
      <target FeatureID="-1" href="MUS_HLP_CATEGORY_VIEW.html">Zenekategóriák</target>
      <target FeatureID="-1" href="MUS_HLP_PODCAST_MAIN_VIEW.html">Podcastok</target>
      <target FeatureID="-1" href="MUS_HLP_PODCAST_EPISODES.html">Podcast-epizódok</target>
      <target FeatureID="-1" href="MUS_HLP_PLAYLISTS_VIEW.html">Lejátszási listák</target>
      <target FeatureID="-1" href="MUS_HLP_AUDIO_SETT.html">Hangbeáll.</target>
   </keywords>
   <keywords>
      <text FeatureID="-1">podcastok</text>
      <target FeatureID="-1" href="MUS_HLP_PODCAST_MAIN_VIEW.html">Podcastok</target>
      <target FeatureID="-1" href="MUS_HLP_PODCAST_EPISODES.html">Podcast-epizódok</target>
   </keywords>
   <keywords>
      <text FeatureID="-1">lejátszási listák</text>
      <target FeatureID="-1" href="MUS_HLP_PLAYLISTS_VIEW.html">Lejátszási listák</target>
   </keywords>
   <keywords>
      <text FeatureID="-1">music player</text>
      <target FeatureID="-1" href="MUS_HLP_DOWNLOAD_PLAYBACK_VIEW.html">Play music on web</target>
      <target FeatureID="-1" href="MUS_HLP_LIB_MAIN_VIEW.html">Music library</target>
   </keywords>
   <keywords>
      <text FeatureID="-1">mélyhang-kiemelő</text>
      <target FeatureID="-1" href="MUS_HLP_AUDIO_SETT.html">Hangbeáll.</target>
   </keywords>
   <keywords>
      <text FeatureID="-1">széles sztereó hatás</text>
      <target FeatureID="-1" href="MUS_HLP_AUDIO_SETT.html">Hangbeáll.</target>
   </keywords>
</keywords>