<?xml version="1.0" encoding="UTF-8"?>
<keywords>
   <keywords>
      <text FeatureID="-1">edición de imágenes</text>
      <target FeatureID="-1" href="SIE_HLP_MAIN.html">Editar imág.</target>
   </keywords>
   <keywords>
      <text FeatureID="-1">edición de texto</text>
      <target FeatureID="-1" href="SIE_HLP_EDIT_TEXT.html">Editar texto en imág.</target>
   </keywords>
   <keywords>
      <text FeatureID="-1">editor de imagen</text>
      <target FeatureID="-1" href="SIE_HLP_EDIT_TEXT.html">Editar texto en imág.</target>
   </keywords>
   <keywords>
      <text FeatureID="-1">edición de imágenes ampliadas</text>
      <target FeatureID="-1" href="SIE_HLP_ZOOMING.html">Editar imág. ampliadas</target>
   </keywords>
   <keywords>
      <text FeatureID="-1">imágenes ampliadas</text>
      <target FeatureID="-1" href="SIE_HLP_ZOOMING.html">Editar imág. ampliadas</target>
   </keywords>
   <keywords>
      <text FeatureID="-1">edición de arte de clip</text>
      <target FeatureID="-1" href="SIE_HLP_EDIT_CLIPART.html">Edit. arte clip</target>
   </keywords>
   <keywords>
      <text FeatureID="-1">edición de círculos de texto</text>
      <target FeatureID="-1" href="SIE_HLP_EDIT_CLIPART.html">Edit. arte clip</target>
   </keywords>
   <keywords>
      <text FeatureID="-1">reducción del efecto de ojos rojos</text>
      <target FeatureID="-1" href="SIE_HLP_REDEYE.html">Reduc. efecto ojos rojos</target>
   </keywords>
</keywords>