<?xml version="1.0" encoding="UTF-8"?>
<keywords>
   <keywords>
      <text FeatureID="-1">رسائل الدردشة</text>
      <target FeatureID="-1" href="SERVTAB_HLP_CONVERSATION.html">إرسال رسائل الدردشة</target>
   </keywords>
   <keywords>
      <text FeatureID="-1">دردشة</text>
      <target FeatureID="-1" href="SERVTAB_HLP_CONVERSATION.html">إرسال رسائل الدردشة</target>
   </keywords>
   <keywords>
      <text FeatureID="-1">محادثات</text>
      <target FeatureID="-1" href="SERVTAB_HLP_CONVERSATION.html">إرسال رسائل الدردشة</target>
   </keywords>
</keywords>