<?xml version="1.0" encoding="UTF-8"?>
<keywords>
   <keywords>
      <text FeatureID="-1">mens. difusão por células</text>
      <target FeatureID="-1" href="CBS_HLP_TOPIC_VIEW.html">Mens. difusão por células</target>
      <target FeatureID="-1" href="CBS_HLP_MAIN.html">Tópicos difusão por células</target>
      <target FeatureID="-1" href="CBS_HLP_MSG.html">Exibir mensagens SDC</target>
   </keywords>
   <keywords>
      <text FeatureID="-1">tópicos difusão por células</text>
      <target FeatureID="-1" href="CBS_HLP_MAIN.html">Tópicos difusão por células</target>
   </keywords>
</keywords>