<?xml version="1.0" encoding="UTF-8"?>
<keywords>
   <keywords>
      <text FeatureID="-1">tipos de cambio</text>
      <target FeatureID="-1" href="CNV_HLP_RATES.html">Ajustes de moneda</target>
   </keywords>
   <keywords>
      <text FeatureID="-1">moneda base</text>
      <target FeatureID="-1" href="CNV_HLP_RATES.html">Ajustes de moneda</target>
   </keywords>
   <keywords>
      <text FeatureID="-1">conversión de moneda</text>
      <target FeatureID="-1" href="CNV_HLP_RATES.html">Ajustes de moneda</target>
      <target FeatureID="-1" href="CNV_HLP_MAIN_STATE.html">Conversión de unidades</target>
   </keywords>
   <keywords>
      <text FeatureID="-1">conversor</text>
      <target FeatureID="-1" href="CNV_HLP_MAIN_STATE.html">Conversión de unidades</target>
   </keywords>
</keywords>