<?xml version="1.0" encoding="UTF-8"?>
<keywords>
   <keywords>
      <text FeatureID="true_1604">text input</text>
      <target FeatureID="true_1604" href="HWR_HLP_MAIN_VIEW.html">Riconoscimento scrittura</target>
   </keywords>
   <keywords>
      <text FeatureID="true_1604">scrittura, riconoscimento</text>
      <target FeatureID="true_1604" href="HWR_HLP_MAIN_VIEW.html">Riconoscimento scrittura</target>
   </keywords>
   <keywords>
      <text FeatureID="true_1603 true_410">input tocco</text>
      <target FeatureID="true_1603" href="VQWERTY_HLP_MAIN_VIEW.html">Tastiera virtuale</target>
      <target FeatureID="true_410" href="VITU_HLP_MAIN_VIEW.html">Tastiera virtuale</target>
   </keywords>
   <keywords>
      <text FeatureID="true_410">tastiera virtuale</text>
      <target FeatureID="true_410" href="VITU_HLP_MAIN_VIEW.html">Tastiera virtuale</target>
   </keywords>
</keywords>