<?xml version="1.0" encoding="UTF-8"?>
<keywords>
   <keywords>
      <text FeatureID="-1">e-mail account settings</text>
      <target FeatureID="-1" href="FSE_HLP_IMS_SETTINGS_ACCT_INFO.html">E-mail account settings</target>
   </keywords>
   <keywords>
      <text FeatureID="-1">advanced mailbox settings</text>
      <target FeatureID="-1" href="FSE_HLP_IMS_SETTINGS_ADVANCED.html">Advanced mailbox settings</target>
   </keywords>
   <keywords>
      <text FeatureID="-1">mailbox settings</text>
      <target FeatureID="-1" href="FSE_HLP_IMS_SETTINGS_MAILBOX.html">Mailbox settings</target>
   </keywords>
   <keywords>
      <text FeatureID="-1">e-mail synchronization content</text>
      <target FeatureID="-1" href="FSE_HLP_IMS_SETTINGS_WHAT_SYNC.html">Define sync content</target>
   </keywords>
   <keywords>
      <text FeatureID="-1">e-mail synchronization time</text>
      <target FeatureID="-1" href="FSE_HLP_IMS_SETTINGS_WHEN_SYNC.html">Define sync time</target>
   </keywords>
   <keywords>
      <text FeatureID="-1">e-mail folder synchronization</text>
      <target FeatureID="-1" href="FSE_HLP_IMS_SETTINGS_FOLDER.html">Synchronize e-mail folders</target>
   </keywords>
   <keywords>
      <text FeatureID="-1">e-mail service settings</text>
      <target FeatureID="-1" href="FSE_HLP_SETTINGS_INTELL_LIST.html">E-mail service settings</target>
   </keywords>
   <keywords>
      <text FeatureID="-1">e-mail settings</text>
      <target FeatureID="-1" href="FSE_HLP_IMS_SETTINGS_MAIN_VIEW.html">E-mail settings</target>
   </keywords>
   <keywords>
      <text FeatureID="-1">Intellisync</text>
      <target FeatureID="-1" href="FSE_HLP_IMS_LAUNCHER_MAIN_VIEW.html">Intellisync e-mail</target>
   </keywords>
</keywords>