<?xml version="1.0" encoding="UTF-8"?>
<keywords>
   <keywords>
      <text FeatureID="-1">güvenlik modülü</text>
      <target FeatureID="-1" href="SECMOD_HLP_ACCESSCODE_VIEW.html">Güvenlik modülü PIN kodu</target>
      <target FeatureID="-1" href="SECMOD_HLP_MAIN_VIEW.html">Güvenlik modülü</target>
      <target FeatureID="-1" href="SEMOD_HLP_SIGNINGCODE_VIEW.html">İmza kodunu girme</target>
   </keywords>
   <keywords>
      <text FeatureID="-1">PIN kodu</text>
      <target FeatureID="-1" href="SECMOD_HLP_ACCESSCODE_VIEW.html">Güvenlik modülü PIN kodu</target>
   </keywords>
   <keywords>
      <text FeatureID="-1">güvenlik modülü kodları</text>
      <target FeatureID="-1" href="SECMOD_HLP_CODE_VIEW.html">Güvenlik modülü kodları</target>
   </keywords>
   <keywords>
      <text FeatureID="-1">Güvenlik modülü için PIN kodu</text>
      <target FeatureID="-1" href="SECMOD_HLP_CODE_VIEW.html">Güvenlik modülü kodları</target>
   </keywords>
   <keywords>
      <text FeatureID="-1">anahtar deposu</text>
      <target FeatureID="-1" href="SECMOD_HLP_MAIN_VIEW.html">Güvenlik modülü</target>
   </keywords>
   <keywords>
      <text FeatureID="-1">imza kodu</text>
      <target FeatureID="-1" href="SEMOD_HLP_SIGNINGCODE_VIEW.html">İmza kodunu girme</target>
   </keywords>
   <keywords>
      <text FeatureID="-1">dijital imzalar</text>
      <target FeatureID="-1" href="SEMOD_HLP_SIGNINGCODE_VIEW.html">İmza kodunu girme</target>
   </keywords>
</keywords>