<?xml version="1.0" encoding="UTF-8"?>
<keywords>
   <keywords>
      <text FeatureID="-1">postal</text>
      <target FeatureID="-1" href="MMS_POSTCARD_HLP_ADDRESS_EDIT.html">Editar direcciones</target>
      <target FeatureID="-1" href="POSTCARD_HLP_ADDRESS_VIEW.html">Ver direcciones</target>
      <target FeatureID="-1" href="POSTCARD_HLP_GREETING_EDIT.html">Escribir saludos</target>
      <target FeatureID="-1" href="POSTCARD_HLP_GREETING_VIEW.html">Ver saludos</target>
      <target FeatureID="-1" href="MMS_POSTCARD_HLP_MAIN_EDIT.html">Crear postales</target>
   </keywords>
   <keywords>
      <text FeatureID="-1">envío de postales</text>
      <target FeatureID="-1" href="MMS_POSTCARD_HLP_ADDRESS_EDIT.html">Editar direcciones</target>
      <target FeatureID="-1" href="POSTCARD_HLP_GREETING_EDIT.html">Escribir saludos</target>
      <target FeatureID="-1" href="MMS_POSTCARD_HLP_MAIN_EDIT.html">Crear postales</target>
   </keywords>
   <keywords>
      <text FeatureID="-1">postales</text>
      <target FeatureID="-1" href="MMS_POSTCARD_HLP_MAIN_VIEW.html">Ver postales</target>
   </keywords>
</keywords>