<?xml version="1.0" encoding="UTF-8"?>
<keywords>
   <keywords>
      <text FeatureID="-1">Foto</text>
      <target FeatureID="-1" href="LGAL_HLP_ALBUM_LIST.html">Album</target>
      <target FeatureID="-1" href="LGAL_HLP_ALL_GRID.html">Menelusuri semua file media</target>
      <target FeatureID="-1" href="LGAL_HLP_ALBUM_GRID.html">Menelusuri file media dalam album</target>
      <target FeatureID="-1" href="LGAL_HLP_TAGS_GRID.html">Menelusuri file media yang ditandai</target>
      <target FeatureID="-1" href="LGAL_HLP_DETAILS_VIEW.html">Melihat dan mengedit rincian file</target>
      <target FeatureID="-1" href="LGAL_HLP_TAGS_BROWSER.html">Tag</target>
      <target FeatureID="-1" href="LGAL_HLP_MONTH_FULLSCREEN.html">Melihat file media berdasarkan bulan</target>
      <target FeatureID="-1" href="LGAL_HLP_MONTH_GRID.html">Menelusuri file media berdasarkan bulan</target>
      <target FeatureID="-1" href="LGAL_HLP_VIEW_LIST.html">Foto</target>
      <target FeatureID="-1" href="LGAL_HLP_MONTH_LIST.html">Bulan</target>
      <target FeatureID="-1" href="LGAL_HLP_SLIDESHOW_SETTINGS.html">Pengaturan tampilan slide</target>
      <target FeatureID="-1" href="LGAL_HLP_ALL_FULLSCREEN.html">Melihat semua file media</target>
      <target FeatureID="-1" href="LGAL_HLP_ALBUM_FULLSCREEN.html">Melihat file media dalam album</target>
      <target FeatureID="-1" href="LGAL_HLP_TAGS_FULLSCREEN.html">Melihat file media yang dilengkapi tag</target>
   </keywords>
   <keywords>
      <text FeatureID="-1">album</text>
      <target FeatureID="-1" href="LGAL_HLP_ALBUM_LIST.html">Album</target>
      <target FeatureID="-1" href="LGAL_HLP_ALBUM_GRID.html">Menelusuri file media dalam album</target>
      <target FeatureID="-1" href="LGAL_HLP_VIEW_LIST.html">Foto</target>
      <target FeatureID="-1" href="LGAL_HLP_ALBUM_FULLSCREEN.html">Melihat file media dalam album</target>
   </keywords>
   <keywords>
      <text FeatureID="-1">tag</text>
      <target FeatureID="-1" href="LGAL_HLP_TAGS_GRID.html">Menelusuri file media yang ditandai</target>
      <target FeatureID="-1" href="LGAL_HLP_TAGS_BROWSER.html">Tag</target>
      <target FeatureID="-1" href="LGAL_HLP_VIEW_LIST.html">Foto</target>
      <target FeatureID="-1" href="LGAL_HLP_TAGS_FULLSCREEN.html">Melihat file media yang dilengkapi tag</target>
   </keywords>
   <keywords>
      <text FeatureID="-1">tampilan slide</text>
      <target FeatureID="-1" href="LGAL_HLP_SLIDESHOW_SETTINGS.html">Pengaturan tampilan slide</target>
   </keywords>
</keywords>