<?xml version="1.0" encoding="UTF-8"?><?xml-stylesheet  href="../../theme/xsl/index2html.xslt" type="text/xsl"?>
<topics FeatureID="-1" title="Συνομιλία" compressed="true">
   <topicref FeatureID="-1" href="IMNG_HLP_SEARCHCHAT.html" navtitle="Αναζήτηση χρηστών Συνομιλίας"/>
   <topicref FeatureID="-1" href="IMNG_HLP_SAVED_VIEW.html" navtitle="Προβολή αποθηκευμένων συζητήσεων"/>
   <topicref FeatureID="-1" href="IMNG_HLP_SAVED_LIST.html" navtitle="Αποθηκευμένες συζητήσεις"/>
   <topicref FeatureID="-1" href="IMNG_HLP_IMCHAT.html" navtitle="Συζητήσεις ομάδας"/>
   <topicref FeatureID="-1" href="IMNG_HLP_GROUP_EDIT.html" navtitle="Δικαιώμ. επεξ. ομάδας"/>
   <topicref FeatureID="-1" href="IMNG_HLP_GROUP_BAN.html" navtitle="Αποκλεισμός χρηστών Συνομιλίας από ομάδες"/>
   <topicref FeatureID="-1" href="IMNG_HLP_CONT_OWN_DATA.html" navtitle="Τα δεδομένα μου"/>
   <topicref FeatureID="-1" href="IMNG_HLP_COMMUNITY_VIEW_EMPTY.html" navtitle="Έναρξη χρήσης Συνομιλίας"/>
   <topicref FeatureID="-1" href="IMNG_HLP_COMMUNITY_VIEW.html" navtitle="Συνομιλία"/>
   <topicref FeatureID="-1" href="IMNG_HLP_BLOCKED_VIEW.html" navtitle="Αποκλεισμένες επαφές"/>
   <topicref FeatureID="-1" href="IMNG_HLP_SETTINGS.html" navtitle="Ρυθμίσεις Συνομιλίας"/>
   <topicref FeatureID="-1" href="IMNG_HLP_SERVLISTSETT_IM.html" navtitle="Διακομιστές Συνομιλίας"/>
   <topicref FeatureID="-1" href="IMNG_HLP_DEFSERVER.html" navtitle="Ρυθμίσεις διακομιστή άμεσων μηνυμάτων"/>
   <topicref FeatureID="-1" href="IMNG_HLP_INVITE.html" navtitle="Προσκλήσεις Συνομιλίας"/>
   <topicref FeatureID="-1" href="IMNG_HLP_CREATECHAT.html" navtitle="Ρυθμίσεις ομάδων Συνομιλίας"/>
   <topicref FeatureID="-1" href="IMNG_HLP_ACCLIST.html" navtitle="Μέλη ομάδων Συνομιλίας"/>
   <topicref FeatureID="-1" href="IMNG_HLP_CONVERSATIONS.html" navtitle="Συζητήσεις Συνομιλίας"/>
   <topicref FeatureID="-1" href="IMNG_HLP_CONTACTDETAILS.html" navtitle="Στοιχεία επαφής Συνομιλίας"/>
   <topicref FeatureID="-1" href="IMNG_HLP_APPSETT.html" navtitle="Ρυθμίσεις εφαρμογής Συνομιλίας"/>
</topics>