<?xml version="1.0" encoding="UTF-8"?>
<keywords>
   <keywords>
      <text FeatureID="-1">Aναζήτηση χρηστών Συνομιλίας</text>
      <target FeatureID="-1" href="IMNG_HLP_SEARCHCHAT.html">Αναζήτηση χρηστών Συνομιλίας</target>
   </keywords>
   <keywords>
      <text FeatureID="-1">Συνομιλία</text>
      <target FeatureID="-1" href="IMNG_HLP_SEARCHCHAT.html">Αναζήτηση χρηστών Συνομιλίας</target>
      <target FeatureID="-1" href="IMNG_HLP_SAVED_VIEW.html">Προβολή αποθηκευμένων συζητήσεων</target>
      <target FeatureID="-1" href="IMNG_HLP_SAVED_LIST.html">Αποθηκευμένες συζητήσεις</target>
      <target FeatureID="-1" href="IMNG_HLP_GROUP_EDIT.html">Δικαιώμ. επεξ. ομάδας</target>
      <target FeatureID="-1" href="IMNG_HLP_GROUP_BAN.html">Αποκλεισμός χρηστών Συνομιλίας από ομάδες</target>
      <target FeatureID="-1" href="IMNG_HLP_CONT_OWN_DATA.html">Τα δεδομένα μου</target>
      <target FeatureID="-1" href="IMNG_HLP_COMMUNITY_VIEW_EMPTY.html">Έναρξη χρήσης Συνομιλίας</target>
      <target FeatureID="-1" href="IMNG_HLP_COMMUNITY_VIEW.html">Συνομιλία</target>
      <target FeatureID="-1" href="IMNG_HLP_CREATECHAT.html">Ρυθμίσεις ομάδων Συνομιλίας</target>
      <target FeatureID="-1" href="IMNG_HLP_ACCLIST.html">Μέλη ομάδων Συνομιλίας</target>
      <target FeatureID="-1" href="IMNG_HLP_CONVERSATIONS.html">Συζητήσεις Συνομιλίας</target>
      <target FeatureID="-1" href="IMNG_HLP_CONTACTDETAILS.html">Στοιχεία επαφής Συνομιλίας</target>
      <target FeatureID="-1" href="IMNG_HLP_APPSETT.html">Ρυθμίσεις εφαρμογής Συνομιλίας</target>
   </keywords>
   <keywords>
      <text FeatureID="-1">αναζήτηση ομάδων Συνομιλίας</text>
      <target FeatureID="-1" href="IMNG_HLP_SEARCHCHAT.html">Αναζήτηση χρηστών Συνομιλίας</target>
   </keywords>
   <keywords>
      <text FeatureID="-1">αποθηκευμένες συζητήσεις</text>
      <target FeatureID="-1" href="IMNG_HLP_SAVED_LIST.html">Αποθηκευμένες συζητήσεις</target>
   </keywords>
   <keywords>
      <text FeatureID="-1">IM (συνομιλία μέσω μηνυμάτων)</text>
      <target FeatureID="-1" href="IMNG_HLP_IMCHAT.html">Συζητήσεις ομάδας</target>
   </keywords>
   <keywords>
      <text FeatureID="-1">συμμετοχή σε ομάδες Συνομιλίας</text>
      <target FeatureID="-1" href="IMNG_HLP_IMCHAT.html">Συζητήσεις ομάδας</target>
   </keywords>
   <keywords>
      <text FeatureID="-1">δικαιώματα επεξεργασίας</text>
      <target FeatureID="-1" href="IMNG_HLP_GROUP_EDIT.html">Δικαιώμ. επεξ. ομάδας</target>
   </keywords>
   <keywords>
      <text FeatureID="-1">αποκλεισμένη λίστα</text>
      <target FeatureID="-1" href="IMNG_HLP_GROUP_BAN.html">Αποκλεισμός χρηστών Συνομιλίας από ομάδες</target>
   </keywords>
   <keywords>
      <text FeatureID="-1">Μέλη ομάδων Συνομιλίας</text>
      <target FeatureID="-1" href="IMNG_HLP_GROUP_BAN.html">Αποκλεισμός χρηστών Συνομιλίας από ομάδες</target>
      <target FeatureID="-1" href="IMNG_HLP_ACCLIST.html">Μέλη ομάδων Συνομιλίας</target>
   </keywords>
   <keywords>
      <text FeatureID="-1">Επαφές Συνομιλίας</text>
      <target FeatureID="-1" href="IMNG_HLP_CONT_OWN_DATA.html">Τα δεδομένα μου</target>
      <target FeatureID="-1" href="IMNG_HLP_BLOCKED_VIEW.html">Αποκλεισμένες επαφές</target>
      <target FeatureID="-1" href="IMNG_HLP_CONTACTDETAILS.html">Στοιχεία επαφής Συνομιλίας</target>
   </keywords>
   <keywords>
      <text FeatureID="-1">Συνομιλία (IM)</text>
      <target FeatureID="-1" href="IMNG_HLP_COMMUNITY_VIEW_EMPTY.html">Έναρξη χρήσης Συνομιλίας</target>
      <target FeatureID="-1" href="IMNG_HLP_COMMUNITY_VIEW.html">Συνομιλία</target>
      <target FeatureID="-1" href="IMNG_HLP_CONVERSATIONS.html">Συζητήσεις Συνομιλίας</target>
   </keywords>
   <keywords>
      <text FeatureID="-1">Αποκλεισμένες επαφές Συνομιλίας</text>
      <target FeatureID="-1" href="IMNG_HLP_BLOCKED_VIEW.html">Αποκλεισμένες επαφές</target>
   </keywords>
   <keywords>
      <text FeatureID="-1">Ρυθμίσεις Συνομιλίας</text>
      <target FeatureID="-1" href="IMNG_HLP_SETTINGS.html">Ρυθμίσεις Συνομιλίας</target>
      <target FeatureID="-1" href="IMNG_HLP_APPSETT.html">Ρυθμίσεις εφαρμογής Συνομιλίας</target>
   </keywords>
   <keywords>
      <text FeatureID="-1">Διακομιστές Συνομιλίας</text>
      <target FeatureID="-1" href="IMNG_HLP_SERVLISTSETT_IM.html">Διακομιστές Συνομιλίας</target>
   </keywords>
   <keywords>
      <text FeatureID="-1">Ρυθμίσεις διακομιστή άμεσων μηνυμάτων</text>
      <target FeatureID="-1" href="IMNG_HLP_DEFSERVER.html">Ρυθμίσεις διακομιστή άμεσων μηνυμάτων</target>
   </keywords>
   <keywords>
      <text FeatureID="-1">ρυθμίσεις διακομιστή</text>
      <target FeatureID="-1" href="IMNG_HLP_DEFSERVER.html">Ρυθμίσεις διακομιστή άμεσων μηνυμάτων</target>
   </keywords>
   <keywords>
      <text FeatureID="-1">προσκλήσεις</text>
      <target FeatureID="-1" href="IMNG_HLP_INVITE.html">Προσκλήσεις Συνομιλίας</target>
   </keywords>
   <keywords>
      <text FeatureID="-1">Ρυθμίσεις ομάδων Συνομιλίας</text>
      <target FeatureID="-1" href="IMNG_HLP_CREATECHAT.html">Ρυθμίσεις ομάδων Συνομιλίας</target>
   </keywords>
   <keywords>
      <text FeatureID="-1">συζητήσεις</text>
      <target FeatureID="-1" href="IMNG_HLP_CONVERSATIONS.html">Συζητήσεις Συνομιλίας</target>
   </keywords>
</keywords>