<?xml version="1.0" encoding="UTF-8"?>
<keywords>
   <keywords>
      <text FeatureID="-1">עדכון התוכנה</text>
      <target FeatureID="-1" href="SWUPDATE_HLP_MAIN.html">עדכון התוכנה</target>
      <target FeatureID="-1" href="SWUPDATE_HLP_MAIN.html">עדכון התוכנה</target>
   </keywords>
   <keywords>
      <text FeatureID="-1">הגדרות של עדכוני תוכנה</text>
      <target FeatureID="-1" href="SWUPDATE_HLP_SETTINGS.html">הגדרות של עדכוני תוכנה</target>
   </keywords>
</keywords>