<?xml version="1.0" encoding="UTF-8"?>
<keywords>
   <keywords>
      <text FeatureID="-1">tìm kiếm</text>
      <target FeatureID="-1" href="SEARCH_HLP_INDEVICE_MAIN.html">Tìm</target>
   </keywords>
   <keywords>
      <text FeatureID="-1">kết quả tìm kiếm</text>
      <target FeatureID="-1" href="SEARCH_HLP_SINGLE_RE.html">Kết quả tìm kiếm</target>
      <target FeatureID="-1" href="SEARCH_HLP_GROUPED.html">Kết quả tìm kiếm trong các danh mục</target>
   </keywords>
</keywords>