<?xml version="1.0" encoding="UTF-8"?>
<keywords>
   <keywords>
      <text FeatureID="-1">mensaxes de información no móbil</text>
      <target FeatureID="-1" href="CBS_HLP_TOPIC_VIEW.html">Mensaxes de información no móbil</target>
      <target FeatureID="-1" href="CBS_HLP_MAIN.html">Temas de información no móbil</target>
      <target FeatureID="-1" href="CBS_HLP_MSG.html">Ver mensaxes de CBS</target>
   </keywords>
   <keywords>
      <text FeatureID="-1">temas de información no móbil</text>
      <target FeatureID="-1" href="CBS_HLP_MAIN.html">Temas de información no móbil</target>
   </keywords>
</keywords>