<?xml version="1.0" encoding="UTF-8"?>
<keywords>
   <keywords>
      <text FeatureID="-1">радио</text>
      <target FeatureID="-1" href="FMRADIO_HLP_MAIN.html">Прослушивание радио</target>
      <target FeatureID="-1" href="FMRADIO_HLP_SEARCH.html">Поиск станций</target>
      <target FeatureID="-1" href="FMRADIO_HLP_LIST.html"> Управление радиостанциями</target>
   </keywords>
   <keywords>
      <text FeatureID="-1">FM-радио</text>
      <target FeatureID="-1" href="FMRADIO_HLP_MAIN.html">Прослушивание радио</target>
      <target FeatureID="-1" href="FMRADIO_HLP_SEARCH.html">Поиск станций</target>
      <target FeatureID="-1" href="FMRADIO_HLP_LIST.html"> Управление радиостанциями</target>
   </keywords>
</keywords>