<?xml version="1.0" encoding="UTF-8"?>
<keywords>
   <keywords>
      <text FeatureID="-1">التسجيل, الأصوات</text>
      <target FeatureID="-1" href="VOREC_HLP_EMPTY_RECORDER.html">تسجيل مقاطع صوت</target>
   </keywords>
   <keywords>
      <text FeatureID="-1">مسجل الصوت</text>
      <target FeatureID="-1" href="VOREC_HLP_MAIN.html">استخدام مسجل الصوت</target>
   </keywords>
   <keywords>
      <text FeatureID="-1">تسجيل مقاطع صوت</text>
      <target FeatureID="-1" href="VOREC_HLP_MAIN.html">استخدام مسجل الصوت</target>
   </keywords>
   <keywords>
      <text FeatureID="-1">ضبط مسجل الصوت</text>
      <target FeatureID="-1" href="VOREC_HLP_SETTINGS.html">ضبط مسجل الصوت</target>
   </keywords>
</keywords>