<?xml version="1.0" encoding="UTF-8"?>
<keywords>
   <keywords>
      <text FeatureID="true_24">modulo di protezione</text>
      <target FeatureID="-1" href="SECMOD_HLP_ACCESSCODE_VIEW.html">Codice PIN del modulo di protezione</target>
      <target FeatureID="-1" href="SECMOD_HLP_MAIN_VIEW.html">Modulo di protezione</target>
      <target FeatureID="-1" href="SEMOD_HLP_SIGNINGCODE_VIEW.html">Modificare codice firma</target>
   </keywords>
   <keywords>
      <text FeatureID="true_24">codice PIN</text>
      <target FeatureID="-1" href="SECMOD_HLP_ACCESSCODE_VIEW.html">Codice PIN del modulo di protezione</target>
   </keywords>
   <keywords>
      <text FeatureID="true_24">moduli protezione, codici</text>
      <target FeatureID="-1" href="SECMOD_HLP_CODE_VIEW.html">Codici moduli protezione</target>
   </keywords>
   <keywords>
      <text FeatureID="true_24">codice PIN per il modulo di protezione</text>
      <target FeatureID="-1" href="SECMOD_HLP_CODE_VIEW.html">Codici moduli protezione</target>
   </keywords>
   <keywords>
      <text FeatureID="true_24">archivio chiavi</text>
      <target FeatureID="-1" href="SECMOD_HLP_MAIN_VIEW.html">Modulo di protezione</target>
   </keywords>
   <keywords>
      <text FeatureID="true_24">codice firma</text>
      <target FeatureID="-1" href="SEMOD_HLP_SIGNINGCODE_VIEW.html">Modificare codice firma</target>
   </keywords>
   <keywords>
      <text FeatureID="true_24">firme digitali</text>
      <target FeatureID="-1" href="SEMOD_HLP_SIGNINGCODE_VIEW.html">Modificare codice firma</target>
   </keywords>
</keywords>