<?xml version="1.0" encoding="UTF-8"?>
<keywords>
   <keywords>
      <text FeatureID="-1">„Quickoffice“, failų tvarkytuvė</text>
      <target FeatureID="-1" href="QFM_HLP_FILE_MENU.html">Failų tvarkytuvė</target>
   </keywords>
   <keywords>
      <text FeatureID="-1">„Quickoffice“</text>
      <target FeatureID="-1" href="QFM_HLP_LOC_MENU.html">„Quickoffice“</target>
   </keywords>
   <keywords>
      <text FeatureID="-1">„Quickpoint“</text>
      <target FeatureID="-1" href="QPOINT_HLP_EDIT_SLIDE_VIEW.html">Skaidrių redagavimas</target>
      <target FeatureID="-1" href="QPOINT_HLP_REPLACE_VIEW.html">Teksto radimas ir pakeitimas</target>
      <target FeatureID="-1" href="QPOINT_HLP_FIND_VIEW.html">Teksto radimas</target>
      <target FeatureID="-1" href="QPOINT_HLP_VIEW_SLIDE_VIEW.html">Skaidrių peržiūra</target>
   </keywords>
   <keywords>
      <text FeatureID="-1">„Quickpoint“, tekstas</text>
      <target FeatureID="-1" href="QPOINT_HLP_EDIT_TEXT_VIEW.html">Teksto redagavimas</target>
   </keywords>
   <keywords>
      <text FeatureID="-1">„Quickpoint“, pastabos</text>
      <target FeatureID="-1" href="QPOINT_HLP_COMMENT_VIEW.html">Pastabų peržiūra</target>
      <target FeatureID="-1" href="QPOINT_HLP_VIEW_NOTES_VIEW.html">Pastabų peržiūra</target>
   </keywords>
   <keywords>
      <text FeatureID="-1">„Quickpoint“, eskizai</text>
      <target FeatureID="-1" href="QPOINT_HLP_VIEW_OUTLINE_VIEW.html">Eskizų peržiūra</target>
   </keywords>
   <keywords>
      <text FeatureID="-1">„Quicksheet“, langeliai</text>
      <target FeatureID="-1" href="QSHEET_HLP_CELLS_EDIT.html">Langelių redagavimas</target>
      <target FeatureID="-1" href="QSHEET_HLP_VIEW_CELL.html">Langelių peržiūra</target>
   </keywords>
   <keywords>
      <text FeatureID="-1">„Quicksheet“, stulpeliai</text>
      <target FeatureID="-1" href="QSHEET_HLP_EDIT_COLUMN.html">Stulpelių redagavimas</target>
   </keywords>
   <keywords>
      <text FeatureID="-1">„Quicksheet“, sritys</text>
      <target FeatureID="-1" href="QSHEET_HLP_EDIT_RANGE.html">Sričių redagavimas</target>
   </keywords>
   <keywords>
      <text FeatureID="-1">„Quicksheet“, eilutės</text>
      <target FeatureID="-1" href="QSHEET_HLP_EDIT_ROW.html">Eilučių redagavimas</target>
   </keywords>
   <keywords>
      <text FeatureID="-1">„Quicksheet“</text>
      <target FeatureID="-1" href="QSHEET_HLP_REPLACE_VIEW.html">Teksto radimas ir pakeitimas</target>
      <target FeatureID="-1" href="QSHEET_HLP_FIND_VIEW.html">Teksto radimas</target>
      <target FeatureID="-1" href="QSHEET_HLP_CELLS_VIEW.html">Skaičiuoklių peržiūra</target>
   </keywords>
   <keywords>
      <text FeatureID="-1">„Quickword“</text>
      <target FeatureID="-1" href="QWORD_HLP_EDIT_MODE.html">Dokumentų redagavimas</target>
      <target FeatureID="-1" href="QWORD_HLP_FIND_MODE.html">Teksto radimas ir pakeitimas</target>
      <target FeatureID="-1" href="QWORD_HLP_VIEW_MODE.html">Dokumentų peržiūra</target>
      <target FeatureID="-1" href="QWORD_HLP_PAGE_VIEW.html">Puslapio išdėstymo peržiūra</target>
   </keywords>
</keywords>