<?xml version="1.0" encoding="UTF-8"?><?xml-stylesheet  href="../../theme/xsl/index2html.xslt" type="text/xsl"?>
<topics FeatureID="-1" title="Telefonbuch" compressed="true">
   <topicref FeatureID="-1" href="HLP_CCA_DETAILS.html" navtitle="Kontaktdetails"/>
   <topicref FeatureID="-1" href="HLP_CCA_LAUNCHER.html" navtitle="Kontaktkarten"/>
   <topicref FeatureID="-1" href="PHOB_HLP_GROUP_LIST.html" navtitle="Kontaktgruppen"/>
   <topicref FeatureID="-1" href="PHOB_HLP_SIM_LIST.html" navtitle="SIM-Kontaktverzeichnis"/>
   <topicref FeatureID="-1" href="PHOB_HLP_MY_NUMBERS.html" navtitle="Meine Nummern"/>
   <topicref FeatureID="-1" href="PHOB_HLP_GROUP_MEMBER_LIST.html" navtitle="Gruppenmitglieder"/>
   <topicref FeatureID="-1" href="PHOB_HLP_SETTINGS.html" navtitle="Kontakteinstellungen"/>
   <topicref FeatureID="-1" href="PHOB_HLP_NAME_LIST.html" navtitle="Kontaktliste"/>
   <topicref FeatureID="-1" href="HLP_CCA_MY_CARD.html" navtitle="Meine Karte"/>
   <topicref FeatureID="-1" href="RLOOK_HLP_INFO_VIEW.html" navtitle="Verwalten gefundener Kontakte"/>
   <topicref FeatureID="-1" href="HLP_CCA_EDITOR.html" navtitle="Kontaktkarten bearbeiten"/>
   <topicref FeatureID="-1" href="PHOB_HLP_CONTACT_INFO_VIEW.html" navtitle="Kontaktkarten"/>
   <topicref FeatureID="-1" href="PHOB_HLP_EDIT_ENTRY.html" navtitle="Kontaktkarten bearbeiten"/>
   <topicref FeatureID="-1" href="FDN_HLP_FDN_NUMBER_VIEW.html" navtitle="Rufnummernbeschränkung"/>
   <topicref FeatureID="-1" href="FDN_HLP_FDN_VIEW.html" navtitle="Anrufe beschränken"/>
   <topicref FeatureID="-1" href="SDN_HLP_APP.html" navtitle="Dienstnummern"/>
   <topicref FeatureID="-1" href="PHOB_HLP_SIM_INFO_VIEW.html" navtitle="SIM-Kontaktkarten"/>
</topics>