<?xml version="1.0" encoding="UTF-8"?>
<keywords>
   <keywords>
      <text FeatureID="-1">contact groups</text>
      <target FeatureID="-1" href="PHOB_HLP_GROUP_LIST.html">Contact groups</target>
   </keywords>
   <keywords>
      <text FeatureID="-1">SIM-Kontakte</text>
      <target FeatureID="-1" href="PHOB_HLP_SIM_LIST.html">SIM-Kontaktverzeichnis</target>
      <target FeatureID="-1" href="PHOB_HLP_SIM_INFO_VIEW.html">SIM-Kontaktkarten</target>
   </keywords>
   <keywords>
      <text FeatureID="-1">SIM-Nummern</text>
      <target FeatureID="-1" href="PHOB_HLP_MY_NUMBERS.html">Meine Nummern</target>
   </keywords>
   <keywords>
      <text FeatureID="-1">Kontaktgruppen</text>
      <target FeatureID="-1" href="PHOB_HLP_GROUP_MEMBER_LIST.html">Gruppenmitglieder</target>
   </keywords>
   <keywords>
      <text FeatureID="-1">Reihenfolge der Kontaktnamen</text>
      <target FeatureID="-1" href="PHOB_HLP_SETTINGS.html">Kontakteinstellungen</target>
   </keywords>
   <keywords>
      <text FeatureID="-1">Kontaktspeicher</text>
      <target FeatureID="-1" href="PHOB_HLP_SETTINGS.html">Kontakteinstellungen</target>
   </keywords>
   <keywords>
      <text FeatureID="-1">Standardspeicher</text>
      <target FeatureID="-1" href="PHOB_HLP_SETTINGS.html">Kontakteinstellungen</target>
   </keywords>
   <keywords>
      <text FeatureID="-1">Kontaktverzeichnis</text>
      <target FeatureID="-1" href="PHOB_HLP_NAME_LIST.html">Kontaktliste</target>
   </keywords>
   <keywords>
      <text FeatureID="-1">Kontaktinfos</text>
      <target FeatureID="-1" href="PHOB_HLP_NAME_LIST.html">Kontaktliste</target>
   </keywords>
   <keywords>
      <text FeatureID="-1">Telefonbuch</text>
      <target FeatureID="-1" href="PHOB_HLP_NAME_LIST.html">Kontaktliste</target>
   </keywords>
   <keywords>
      <text FeatureID="-1">Kontakte</text>
      <target FeatureID="-1" href="RLOOK_HLP_INFO_VIEW.html">Verwalten gefundener Kontakte</target>
   </keywords>
   <keywords>
      <text FeatureID="-1">Kontaktkarten</text>
      <target FeatureID="-1" href="PHOB_HLP_CONTACT_INFO_VIEW.html">Kontaktkarten</target>
      <target FeatureID="-1" href="PHOB_HLP_EDIT_ENTRY.html">Kontaktkarten bearbeiten</target>
   </keywords>
   <keywords>
      <text FeatureID="-1">Telefonbucheinträge</text>
      <target FeatureID="-1" href="PHOB_HLP_CONTACT_INFO_VIEW.html">Kontaktkarten</target>
   </keywords>
   <keywords>
      <text FeatureID="-1">Rufnummernbeschränkung</text>
      <target FeatureID="-1" href="FDN_HLP_FDN_NUMBER_VIEW.html">Rufnummernbeschränkung</target>
      <target FeatureID="-1" href="FDN_HLP_FDN_VIEW.html">Anrufe beschränken</target>
   </keywords>
   <keywords>
      <text FeatureID="-1">Anrufe beschränken</text>
      <target FeatureID="-1" href="FDN_HLP_FDN_VIEW.html">Anrufe beschränken</target>
   </keywords>
   <keywords>
      <text FeatureID="-1">Dienstnummern</text>
      <target FeatureID="-1" href="SDN_HLP_APP.html">Dienstnummern</target>
   </keywords>
   <keywords>
      <text FeatureID="-1">SIM-Dienstnummern</text>
      <target FeatureID="-1" href="SDN_HLP_APP.html">Dienstnummern</target>
   </keywords>
   <keywords>
      <text FeatureID="-1">Dienstnummern auf SIM</text>
      <target FeatureID="-1" href="SDN_HLP_APP.html">Dienstnummern</target>
   </keywords>
   <keywords>
      <text FeatureID="-1">SIM-Karte</text>
      <target FeatureID="-1" href="PHOB_HLP_SIM_INFO_VIEW.html">SIM-Kontaktkarten</target>
   </keywords>
</keywords>