<?xml version="1.0" encoding="UTF-8"?>
<keywords>
   <keywords>
      <text FeatureID="-1">Rufnummernbeschränkung</text>
      <target FeatureID="-1" href="FDN_HLP_FDN_NUM_EDIT_VIEW.html">Kontakte bearbeiten</target>
      <target FeatureID="-1" href="FDN_HLP_FDN_NUMBER_VIEW.html">Rufnummernbeschränkung</target>
      <target FeatureID="-1" href="FDN_HLP_FDN_VIEW.html">Anrufe beschränken</target>
   </keywords>
   <keywords>
      <text FeatureID="-1">Anrufe beschränken</text>
      <target FeatureID="-1" href="FDN_HLP_FDN_VIEW.html">Anrufe beschränken</target>
   </keywords>
   <keywords>
      <text FeatureID="-1">Dienstnummern</text>
      <target FeatureID="-1" href="SDN_HLP_APP.html">Dienstnummern</target>
   </keywords>
   <keywords>
      <text FeatureID="-1">SIM-Dienstnummern</text>
      <target FeatureID="-1" href="SDN_HLP_APP.html">Dienstnummern</target>
   </keywords>
   <keywords>
      <text FeatureID="-1">Dienstnummern auf SIM</text>
      <target FeatureID="-1" href="SDN_HLP_APP.html">Dienstnummern</target>
   </keywords>
   <keywords>
      <text FeatureID="-1">Kontaktgruppen</text>
      <target FeatureID="-1" href="PHOB_HLP_GROUP_LIST.html">Kontaktgruppen</target>
      <target FeatureID="-1" href="PHOB_HLP_GROUP_MEMBER_LIST.html">Gruppenmitglieder</target>
   </keywords>
   <keywords>
      <text FeatureID="-1">SIM-Kontakte</text>
      <target FeatureID="-1" href="PHOB_HLP_SIM_LIST.html">SIM-Telefonverzeichnis</target>
   </keywords>
   <keywords>
      <text FeatureID="-1">SIM-Nummern</text>
      <target FeatureID="-1" href="PHOB_HLP_MY_NUMBERS.html">Meine Nummern</target>
   </keywords>
   <keywords>
      <text FeatureID="-1">Reihenfolge der Kontaktnamen</text>
      <target FeatureID="-1" href="PHOB_HLP_SETTINGS.html">Kontakteinstellungen</target>
   </keywords>
   <keywords>
      <text FeatureID="-1">Kontaktspeicher</text>
      <target FeatureID="-1" href="PHOB_HLP_SETTINGS.html">Kontakteinstellungen</target>
   </keywords>
   <keywords>
      <text FeatureID="-1">Standardspeicher</text>
      <target FeatureID="-1" href="PHOB_HLP_SETTINGS.html">Kontakteinstellungen</target>
   </keywords>
   <keywords>
      <text FeatureID="-1">Telefonbuch</text>
      <target FeatureID="-1" href="PHOB_HLP_NAME_LIST.html">Telefonbuch</target>
      <target FeatureID="-1" href="PHOB_HLP_NAME_LIST.html">Telefonbuch</target>
   </keywords>
   <keywords>
      <text FeatureID="-1">Kontaktinformationen</text>
      <target FeatureID="-1" href="PHOB_HLP_NAME_LIST.html">Telefonbuch</target>
   </keywords>
</keywords>