<?xml version="1.0" encoding="UTF-8"?>
<keywords>
   <keywords>
      <text FeatureID="-1">تعديل الملاحظات</text>
      <target FeatureID="-1" href="NMAKE_HLP_MEMO_VIEWER_EDIT.html">تعديل الملاحظات في التطبيقات</target>
   </keywords>
   <keywords>
      <text FeatureID="-1">استلام ملاحظات</text>
      <target FeatureID="-1" href="NMAKE_HLP_MEMO_VIEWER.html">عرض الملاحظات المستلمة</target>
   </keywords>
   <keywords>
      <text FeatureID="-1">نماذج رسائل</text>
      <target FeatureID="-1" href="NMAKE_HLP_TEMPLATE_EDITOR.html">كتابة نماذج رسائل</target>
   </keywords>
   <keywords>
      <text FeatureID="-1">إنشاء نماذج رسائل</text>
      <target FeatureID="-1" href="NMAKE_HLP_TEMPLATE_EDITOR.html">كتابة نماذج رسائل</target>
   </keywords>
   <keywords>
      <text FeatureID="-1">كتابة نماذج رسائل</text>
      <target FeatureID="-1" href="NMAKE_HLP_TEMPLATE_EDITOR.html">كتابة نماذج رسائل</target>
   </keywords>
   <keywords>
      <text FeatureID="-1">قوائم الملاحظات</text>
      <target FeatureID="-1" href="NMAKE_HLP_MEMO_LIST.html">قوائم الملاحظات</target>
   </keywords>
   <keywords>
      <text FeatureID="-1">كتابة ملاحظات</text>
      <target FeatureID="-1" href="NMAKE_HLP_MEMO_LIST.html">قوائم الملاحظات</target>
      <target FeatureID="-1" href="NMAKE_HLP_MEMO_EDITOR_APPS.html">كتابة ملاحظات في التطبيقات</target>
      <target FeatureID="-1" href="NMAKE_HLP_MEMO_EDITOR.html">كتابة ملاحظات</target>
   </keywords>
</keywords>