<?xml version="1.0" encoding="UTF-8"?><?xml-stylesheet  href="../../theme/xsl/index2html.xslt" type="text/xsl"?>
<topics FeatureID="-1" title="Sérstillingar" compressed="true">
   <topicref FeatureID="-1" href="SKINS_HLP_LIST.html" navtitle="Almenn þemu"/>
   <topicref FeatureID="-1" href="SCREENSAVER_HLP_WP_SETTINGS.html" navtitle="Veggfóðursstillingar skyggnusýningar"/>
   <topicref FeatureID="-1" href="SKINS_HLP_WP_SETTINGS.html" navtitle="Stillingar veggfóðra"/>
   <topicref FeatureID="-1" href="SKINS_HLP_SCREENS_SETTINGS.html" navtitle="Stillingar skjávara"/>
   <topicref FeatureID="true_1503" href="SKINS_HLP_CIMAGE_SETTINGS.html" navtitle="Val á hringimynd"/>
   <topicref FeatureID="-1" href="SKINS_HLP_APPSHELL.html" navtitle="Stillingar valmyndaskjás"/>
   <topicref FeatureID="-1" href="SKINS_HLP_IDLE.html" navtitle="Stillingar heimaskjás"/>
   <topicref FeatureID="-1" href="SKINS_HLP_APP_MAIN.html" navtitle="Sérsniðinn skjár"/>
   <topicref FeatureID="-1" href="SKINS_HLP_APPSKINS_LIST.html" navtitle="Forritaþemu"/>
</topics>