<?xml version="1.0" encoding="UTF-8"?>
<keywords>
   <keywords>
      <text FeatureID="-1">þemu</text>
      <target FeatureID="-1" href="SKINS_HLP_LIST.html">Almenn þemu</target>
      <target FeatureID="-1" href="SCREENSAVER_HLP_WP_SETTINGS.html">Veggfóðursstillingar skyggnusýningar</target>
      <target FeatureID="-1" href="SKINS_HLP_WP_SETTINGS.html">Stillingar veggfóðra</target>
      <target FeatureID="true_1503" href="SKINS_HLP_CIMAGE_SETTINGS.html">Val á hringimynd</target>
      <target FeatureID="-1" href="SKINS_HLP_APPSHELL.html">Stillingar valmyndaskjás</target>
      <target FeatureID="-1" href="SKINS_HLP_APP_MAIN.html">Sérsniðinn skjár</target>
      <target FeatureID="-1" href="SKINS_HLP_APPSKINS_LIST.html">Forritaþemu</target>
   </keywords>
   <keywords>
      <text FeatureID="-1">veggfóður, skyggnusýning</text>
      <target FeatureID="-1" href="SCREENSAVER_HLP_WP_SETTINGS.html">Veggfóðursstillingar skyggnusýningar</target>
   </keywords>
   <keywords>
      <text FeatureID="-1">stillingar skyggnusýningar</text>
      <target FeatureID="-1" href="SCREENSAVER_HLP_WP_SETTINGS.html">Veggfóðursstillingar skyggnusýningar</target>
   </keywords>
   <keywords>
      <text FeatureID="-1">stillingar veggfóðra</text>
      <target FeatureID="-1" href="SKINS_HLP_WP_SETTINGS.html">Stillingar veggfóðra</target>
   </keywords>
   <keywords>
      <text FeatureID="-1">bakgrunnsmynd</text>
      <target FeatureID="-1" href="SKINS_HLP_WP_SETTINGS.html">Stillingar veggfóðra</target>
      <target FeatureID="-1" href="SKINS_HLP_APP_MAIN.html">Sérsniðinn skjár</target>
   </keywords>
   <keywords>
      <text FeatureID="-1">skjávari</text>
      <target FeatureID="-1" href="SKINS_HLP_SCREENS_SETTINGS.html">Stillingar skjávara</target>
   </keywords>
   <keywords>
      <text FeatureID="true_1503">stillingar hringimynda</text>
      <target FeatureID="true_1503" href="SKINS_HLP_CIMAGE_SETTINGS.html">Val á hringimynd</target>
   </keywords>
   <keywords>
      <text FeatureID="-1">valmyndir</text>
      <target FeatureID="-1" href="SKINS_HLP_APPSHELL.html">Stillingar valmyndaskjás</target>
   </keywords>
</keywords>