<?xml version="1.0" encoding="UTF-8"?>
<keywords>
   <keywords>
      <text FeatureID="-1">üzemmód testreszabása</text>
      <target FeatureID="-1" href="MODE_HLP_PERSONALISE.html">Üzemmód testreszabása</target>
   </keywords>
   <keywords>
      <text FeatureID="-1">hangok beállításai</text>
      <target FeatureID="-1" href="SET_HLP_PERSONAL_TONES.html">Hangok beállításai</target>
   </keywords>
   <keywords>
      <text FeatureID="-1">csengőhangok</text>
      <target FeatureID="-1" href="SET_HLP_PERSONAL_TONES.html">Hangok beállításai</target>
   </keywords>
   <keywords>
      <text FeatureID="-1">üzemmódok</text>
      <target FeatureID="-1" href="MODE_HLP_PROFILES_LIST.html">Üzemmódok</target>
   </keywords>
   <keywords>
      <text FeatureID="-1">üzemmódok módosítása</text>
      <target FeatureID="-1" href="MODE_HLP_PROFILES_LIST.html">Üzemmódok</target>
   </keywords>
</keywords>