<?xml version="1.0" encoding="UTF-8"?>
<keywords>
   <keywords>
      <text FeatureID="-1">ayarlar, kayar kapak</text>
      <target FeatureID="-1" href="SET_HLP_SETTINGS_KEYPAD_COVER.html">Kayar kapak ayarları</target>
   </keywords>
   <keywords>
      <text FeatureID="-1">kayar kapak ayarları</text>
      <target FeatureID="-1" href="SET_HLP_SETTINGS_KEYPAD_COVER.html">Kayar kapak ayarları</target>
   </keywords>
   <keywords>
      <text FeatureID="-1">cihaz yönetimi</text>
      <target FeatureID="-1" href="CP_HLP_DEVICE_MANAGEMENT.html">Cihaz yönetimi</target>
   </keywords>
   <keywords>
      <text FeatureID="true_109">EAP (Genişletilebilir Doğrulama Protokolü)</text>
      <target FeatureID="true_109" href="SET_HLP_WLAN_EAP_SIM.html">EAP-SIM ayarları</target>
   </keywords>
   <keywords>
      <text FeatureID="true_109">ayarlar, WLAN</text>
      <target FeatureID="true_109" href="SET_HLP_WLAN_EAP_SIM.html">EAP-SIM ayarları</target>
   </keywords>
   <keywords>
      <text FeatureID="-1">erişim noktalarını kısıtlama</text>
      <target FeatureID="-1" href="ACL_HLP_MAIN.html">Bağlantıları kısıtlama</target>
   </keywords>
   <keywords>
      <text FeatureID="-1">bağlantı ayarları</text>
      <target FeatureID="-1" href="SIP_HLP_PROF_PARAMS.html">SIP profili ayarları</target>
      <target FeatureID="-1" href="SIP_HLP_MAIN.html">SIP profilleri</target>
      <target FeatureID="-1" href="SET_HLP_CONN_DEST_VIEW.html">Hedefler görünümü</target>
      <target FeatureID="-1" href="SET_HLP_DEFAULT_CONN.html">Varsayılan bağlantı</target>
      <target FeatureID="-1" href="SET_HLP_CONN_METHODS_VIEW.html">Erişim noktaları görünümü</target>
      <target FeatureID="true_1581" href="RD_HLP_REMOTE_DRIVE_CONFIG.html">Uzak sürücü ayarları</target>
      <target FeatureID="true_1581" href="RD_HLP_REMOTE_DRIVES.html">Uzak sürücüler</target>
   </keywords>
   <keywords>
      <text FeatureID="-1">SIP ayarları</text>
      <target FeatureID="-1" href="SIP_HLP_PROF_PARAMS.html">SIP profili ayarları</target>
      <target FeatureID="-1" href="SIP_HLP_MAIN.html">SIP profilleri</target>
      <target FeatureID="-1" href="SIP_HLP_PROXY_PARAMS.html">SIP yakın kopya ayarları</target>
      <target FeatureID="-1" href="SIP_HLP_REGISTRAR_PARAM.html">Kütük sunucusu ayarları</target>
   </keywords>
   <keywords>
      <text FeatureID="-1">kütük sunucusu</text>
      <target FeatureID="-1" href="SIP_HLP_REGISTRAR_PARAM.html">Kütük sunucusu ayarları</target>
   </keywords>
   <keywords>
      <text FeatureID="-1">erişim noktaları</text>
      <target FeatureID="-1" href="HLP_OCC_CONN_SETTINGS.html">Şebeke bağlantıları</target>
      <target FeatureID="-1" href="SET_HLP_CONN_METHODS_VIEW.html">Erişim noktaları görünümü</target>
   </keywords>
   <keywords>
      <text FeatureID="-1">ayarlar, bağlantı</text>
      <target FeatureID="-1" href="HLP_OCC_CONN_SETTINGS.html">Şebeke bağlantıları</target>
   </keywords>
   <keywords>
      <text FeatureID="-1">hedef ayarları</text>
      <target FeatureID="-1" href="SET_HLP_CONN_DEST_VIEW.html">Hedefler görünümü</target>
   </keywords>
   <keywords>
      <text FeatureID="-1">varsayılan bağlantı</text>
      <target FeatureID="-1" href="SET_HLP_DEFAULT_CONN.html">Varsayılan bağlantı</target>
   </keywords>
   <keywords>
      <text FeatureID="-1">VPN erişim noktaları</text>
      <target FeatureID="true_99" href="SET_HLP_VPN_DEST_ASSOC_VIEW.html">VPN bağlantıları</target>
      <target FeatureID="-1" href="SET_HLP_VPN_AP_SETTINGS_VIEW.html">VPN erişim noktalarını düzenleme</target>
   </keywords>
   <keywords>
      <text FeatureID="-1">uygulama bağlantıları</text>
      <target FeatureID="-1" href="SET_HLP_APP_DEST_ASSOC_VIEW.html">Uygulama bağlantıları</target>
   </keywords>
   <keywords>
      <text FeatureID="-1">uygulama ayarları</text>
      <target FeatureID="-1" href="CP_HLP_APPILICATION_SETTINGS.html">Uygulama ayarları</target>
   </keywords>
   <keywords>
      <text FeatureID="-1">aramalar, ayarlar</text>
      <target FeatureID="-1" href="SCP_HLP_CALL.html">Arama ayarları</target>
   </keywords>
   <keywords>
      <text FeatureID="-1">ayarlar, aramalar</text>
      <target FeatureID="-1" href="SCP_HLP_CALL.html">Arama ayarları</target>
   </keywords>
   <keywords>
      <text FeatureID="-1">bağlantı</text>
      <target FeatureID="-1" href="CP_HLP_CONNECTIVITY.html">Bağlantı ayarları</target>
   </keywords>
   <keywords>
      <text FeatureID="-1">kontrol paneli</text>
      <target FeatureID="-1" href="CP_HLP_DISPLAY.html">Ekran ayarları</target>
      <target FeatureID="__DUAL_LANGUAGE_SUPPORT=true" href="CP_HLP_WRITING_LANGUAGE.html">Yazma dili</target>
   </keywords>
   <keywords>
      <text FeatureID="-1">ekran ayarları</text>
      <target FeatureID="-1" href="CP_HLP_DISPLAY.html">Ekran ayarları</target>
   </keywords>
   <keywords>
      <text FeatureID="-1">genel ayarlar</text>
      <target FeatureID="-1" href="CP_HLP_DEVICE.html">Cihaz ayarları</target>
   </keywords>
   <keywords>
      <text FeatureID="-1">cihaz ayarları</text>
      <target FeatureID="-1" href="CP_HLP_DEVICE.html">Cihaz ayarları</target>
   </keywords>
   <keywords>
      <text FeatureID="-1">dil ayarları</text>
      <target FeatureID="-1" href="CP_HLP_LANGUAGE.html">Dil ayarları</target>
   </keywords>
   <keywords>
      <text FeatureID="-1">ayarlar</text>
      <target FeatureID="-1" href="CP_HLP_MAIN_VIEW.html">Ayarlar</target>
   </keywords>
   <keywords>
      <text FeatureID="-1">şebeke ayarları</text>
      <target FeatureID="-1" href="CP_HLP_NETWORK.html">Şebeke ayarları</target>
      <target FeatureID="-1" href="CP_HLP_NETWORK.html">Şebeke ayarları</target>
   </keywords>
   <keywords>
      <text FeatureID="-1">tercih</text>
      <target FeatureID="-1" href="CP_HLP_PERSONAL.html">Kişisel görünüm</target>
   </keywords>
   <keywords>
      <text FeatureID="-1">tema</text>
      <target FeatureID="-1" href="CP_HLP_PERSONAL.html">Kişisel görünüm</target>
   </keywords>
   <keywords>
      <text FeatureID="-1">bekleme</text>
      <target FeatureID="-1" href="CP_HLP_PERSONAL.html">Kişisel görünüm</target>
   </keywords>
   <keywords>
      <text FeatureID="-1">güvenlik, ayarlar</text>
      <target FeatureID="-1" href="CP_HLP_SECURITY.html">Güvenlik ayarları</target>
   </keywords>
   <keywords>
      <text FeatureID="-1">ayarlar, güvenlik</text>
      <target FeatureID="-1" href="CP_HLP_SECURITY.html">Güvenlik ayarları</target>
   </keywords>
   <keywords>
      <text FeatureID="-1">cihaz, kilitleme</text>
      <target FeatureID="-1" href="SET_HLP_SECURITY_DEVICE_SIM.html">Cihaz güvenliği</target>
   </keywords>
   <keywords>
      <text FeatureID="-1">güvenlik</text>
      <target FeatureID="-1" href="SET_HLP_SECURITY_DEVICE_SIM.html">Cihaz güvenliği</target>
   </keywords>
   <keywords>
      <text FeatureID="__DUAL_LANGUAGE_SUPPORT=true">yazma dili</text>
      <target FeatureID="__DUAL_LANGUAGE_SUPPORT=true" href="CP_HLP_WRITING_LANGUAGE.html">Yazma dili</target>
   </keywords>
   <keywords>
      <text FeatureID="-1">aksesuar ayarları</text>
      <target FeatureID="-1" href="SET_HLP_ACCESSORIES_LIST.html">Aksesuar ayarları</target>
      <target FeatureID="-1" href="SET_HLP_ACCESSORIES_HEADPHONE.html">Müzik kulaklığı ayarları</target>
      <target FeatureID="-1" href="SET_HLP_ACCESSORIES_HEADSET.html">Kulaklık ayarları</target>
      <target FeatureID="-1" href="SET_HLP_ACCESS_WIRED_CK.html">Kablolu araç kiti ayarları</target>
      <target FeatureID="true_1032" href="SET_HLP_ACCESSORIES_TTY.html">Metin telefonu ayarları</target>
      <target FeatureID="true_1540" href="SET_HLP_ACCESSORIES_TVOUT.html">TV çıkış ayarları</target>
   </keywords>
   <keywords>
      <text FeatureID="-1">paket veri erişim noktası</text>
      <target FeatureID="-1" href="SET_HLP_AP_SETTING_GPRS.html">Paket veri erişim noktası</target>
   </keywords>
   <keywords>
      <text FeatureID="-1">paket veri ayarları</text>
      <target FeatureID="-1" href="SET_HLP_AP_SETTING_GPRS_AS.html">Gelişmiş paket veri ayarları</target>
   </keywords>
   <keywords>
      <text FeatureID="-1">paket veri erişim noktaları</text>
      <target FeatureID="-1" href="SET_HLP_AP_SETTING_GPRS_AS.html">Gelişmiş paket veri ayarları</target>
   </keywords>
   <keywords>
      <text FeatureID="true_1088 true_110">veri araması erişim noktaları</text>
      <target FeatureID="true_110" href="SET_HLP_AP_DATA_AS_IPV4.html">Veri araması IPv4 ayarları</target>
      <target FeatureID="true_1088" href="SET_HLP_AP_DATA_AS_IPV6.html">Veri araması IPv6 ayarları</target>
      <target FeatureID="true_110" href="SET_HLP_AP_SETTING_DATA_AS.html">Gelişmiş veri araması ayarları</target>
   </keywords>
   <keywords>
      <text FeatureID="true_110">erişim noktası ayarları</text>
      <target FeatureID="true_110" href="SET_HLP_AP_SETTING_DATA.html">Veri araması erişim noktası</target>
      <target FeatureID="true_110" href="SET_HLP_AP_SETTING_DATA_AS.html">Gelişmiş veri araması ayarları</target>
   </keywords>
   <keywords>
      <text FeatureID="true_110">veri araması ayarları</text>
      <target FeatureID="true_110" href="SET_HLP_AP_SETTING_DATA.html">Veri araması erişim noktası</target>
   </keywords>
   <keywords>
      <text FeatureID="-1">sanal özel ağ</text>
      <target FeatureID="-1" href="SET_HLP_VPN_AP_SETTINGS_VIEW.html">VPN erişim noktalarını düzenleme</target>
   </keywords>
   <keywords>
      <text FeatureID="-1">tuş kilidi</text>
      <target FeatureID="-1" href="CP_HLP_AUTOKEYGUARD.html">Otomatik tuş kilidi</target>
   </keywords>
   <keywords>
      <text FeatureID="true_1581">uzak sürücüler</text>
      <target FeatureID="true_1581" href="RD_HLP_REMOTE_DRIVE_CONFIG.html">Uzak sürücü ayarları</target>
      <target FeatureID="true_1581" href="RD_HLP_REMOTE_DRIVES.html">Uzak sürücüler</target>
   </keywords>
   <keywords>
      <text FeatureID="-1">arama engelleme</text>
      <target FeatureID="-1" href="SET_HLP_BARRING_SETTINGS.html">Telefon aramalarını engelleme</target>
      <target FeatureID="true_298" href="DIV_HLP_BARRING_MAIN.html">Arama engelleme</target>
   </keywords>
   <keywords>
      <text FeatureID="-1">aramaları engelleme</text>
      <target FeatureID="-1" href="SET_HLP_BARRING_SETTINGS.html">Telefon aramalarını engelleme</target>
      <target FeatureID="true_298" href="DIV_HLP_BARRING_MAIN.html">Arama engelleme</target>
   </keywords>
   <keywords>
      <text FeatureID="-1">aramaları aktarma</text>
      <target FeatureID="true_89" href="DIV_HLP_CALL_FORW_VID.html">Video aramalarını aktarma</target>
      <target FeatureID="-1" href="DIV_HLP_CALL_FORW_MAIN.html">Arama aktarma</target>
      <target FeatureID="-1" href="DIV_HLP_CALL_FORW_VOI.html">Sesli aramaları aktarma</target>
   </keywords>
   <keywords>
      <text FeatureID="-1">arama iletme</text>
      <target FeatureID="-1" href="DIV_HLP_CALL_FORW_MAIN.html">Arama aktarma</target>
   </keywords>
   <keywords>
      <text FeatureID="-1">senkronizasyon ayarları</text>
      <target FeatureID="-1" href="CP_HLP_SYNCHRONISATION.html">Senkronizasyon ayarları</target>
   </keywords>
   <keywords>
      <text FeatureID="-1">uygulama yükleme</text>
      <target FeatureID="-1" href="CP_HLP_INSTALLATIONS.html">Yüklemeler</target>
   </keywords>
   <keywords>
      <text FeatureID="-1">müzik kulaklığı ayarları</text>
      <target FeatureID="-1" href="SET_HLP_ACCESSORIES_HEADPHONE.html">Müzik kulaklığı ayarları</target>
   </keywords>
   <keywords>
      <text FeatureID="-1">kulaklık ayarları</text>
      <target FeatureID="-1" href="SET_HLP_ACCESSORIES_HEADSET.html">Kulaklık ayarları</target>
   </keywords>
   <keywords>
      <text FeatureID="-1">kablolu araç kiti ayarları</text>
      <target FeatureID="-1" href="SET_HLP_ACCESS_WIRED_CK.html">Kablolu araç kiti ayarları</target>
   </keywords>
   <keywords>
      <text FeatureID="-1">araç kiti ayarları</text>
      <target FeatureID="-1" href="SET_HLP_ACCESS_WIRED_CK.html">Kablolu araç kiti ayarları</target>
   </keywords>
   <keywords>
      <text FeatureID="-1">müzik standı ayarları</text>
      <target FeatureID="-1" href="SET_HLP_ACCESSORIES_MUSIC_ST.html">Müzik standı ayarları</target>
   </keywords>
   <keywords>
      <text FeatureID="true_1032">TTY ayarları</text>
      <target FeatureID="true_1032" href="SET_HLP_ACCESSORIES_TTY.html">Metin telefonu ayarları</target>
   </keywords>
   <keywords>
      <text FeatureID="true_1032">TDD ayarları</text>
      <target FeatureID="true_1032" href="SET_HLP_ACCESSORIES_TTY.html">Metin telefonu ayarları</target>
   </keywords>
   <keywords>
      <text FeatureID="true_1540">TV çıkış ayarları</text>
      <target FeatureID="true_1540" href="SET_HLP_ACCESSORIES_TVOUT.html">TV çıkış ayarları</target>
   </keywords>
   <keywords>
      <text FeatureID="true_410">metin girişi</text>
      <target FeatureID="true_410" href="PREDINPUT_HLP_VIRTUAL_ITI_SETTINGS.html">Giriş ayarları</target>
   </keywords>
   <keywords>
      <text FeatureID="-1">akıllı metin girişi</text>
      <target FeatureID="-1" href="PREDINPUT_HLP_VIRTUAL_ITI.html">Akıllı metin girişi</target>
   </keywords>
   <keywords>
      <text FeatureID="-1">ayarlar, geri yükleme</text>
      <target FeatureID="-1" href="SET_HLP_GENERAL_ORIG_SET.html">Orijinal ayarları geri yükleme</target>
   </keywords>
   <keywords>
      <text FeatureID="-1">ayarları geri yükleme</text>
      <target FeatureID="-1" href="SET_HLP_GENERAL_ORIG_SET.html">Orijinal ayarları geri yükleme</target>
   </keywords>
   <keywords>
      <text FeatureID="-1">fabrika ayarları, geri yükleme</text>
      <target FeatureID="-1" href="SET_HLP_GENERAL_ORIG_SET.html">Orijinal ayarları geri yükleme</target>
   </keywords>
</keywords>