<?xml version="1.0" encoding="UTF-8"?>
<keywords>
   <keywords>
      <text FeatureID="-1">music suite</text>
      <target FeatureID="-1" href="MUS_HLP_MUSIC_SUITE_VIEW.html">Music suite</target>
   </keywords>
   <keywords>
      <text FeatureID="-1">leitor de música</text>
      <target FeatureID="-1" href="MUS_HLP_TRACKS_VIEW.html">Músicas</target>
      <target FeatureID="-1" href="MUS_HLP_CATEGORY_VIEW.html">Categorias de música</target>
      <target FeatureID="-1" href="MUS_HLP_PODCAST_MAIN_VIEW.html">Podcasts</target>
      <target FeatureID="-1" href="MUS_HLP_PODCAST_EPISODES.html">Episódios de podcast</target>
      <target FeatureID="-1" href="MUS_HLP_PLAYLISTS_VIEW.html">Listas de reprodução de música</target>
      <target FeatureID="-1" href="MUS_HLP_DOWNLOAD_PLAYBACK_VIEW.html">Reproduzir música na Web</target>
      <target FeatureID="-1" href="MUS_HLP_PLAYBACK_VIEW.html">Reproduzir música</target>
      <target FeatureID="-1" href="MUS_HLP_LIB_MAIN_VIEW.html">Biblioteca de música</target>
      <target FeatureID="-1" href="MUS_HLP_METADATA_EDITING.html">Editar informações de música</target>
      <target FeatureID="-1" href="MUS_HLP_ALBUM_ART_EDITING.html">Editar a capa do álbum</target>
      <target FeatureID="-1" href="MUS_HLP_AUDIO_SETT.html">Definições de áudio</target>
   </keywords>
   <keywords>
      <text FeatureID="-1">podcasting</text>
      <target FeatureID="-1" href="MUS_HLP_PODCAST_MAIN_VIEW.html">Podcasts</target>
      <target FeatureID="-1" href="MUS_HLP_PODCAST_EPISODES.html">Episódios de podcast</target>
   </keywords>
   <keywords>
      <text FeatureID="-1">listas de reprodução</text>
      <target FeatureID="-1" href="MUS_HLP_PLAYLISTS_VIEW.html">Listas de reprodução de música</target>
   </keywords>
   <keywords>
      <text FeatureID="-1">capa do álbum</text>
      <target FeatureID="-1" href="MUS_HLP_ALBUM_ART_EDITING.html">Editar a capa do álbum</target>
   </keywords>
   <keywords>
      <text FeatureID="-1">amplificador de baixos</text>
      <target FeatureID="-1" href="MUS_HLP_AUDIO_SETT.html">Definições de áudio</target>
   </keywords>
   <keywords>
      <text FeatureID="-1">efeitos de propagação estéreo</text>
      <target FeatureID="-1" href="MUS_HLP_AUDIO_SETT.html">Definições de áudio</target>
   </keywords>
</keywords>