<?xml version="1.0" encoding="UTF-8"?>
<keywords>
   <keywords>
      <text FeatureID="-1">pantalla de inicio</text>
      <target FeatureID="-1" href="SET_HLP_HOME_SCREEN.html">Pantalla de inicio</target>
      <target FeatureID="-1" href="SET_HLP_HOME_SCREEN_EDIT.html">Edición da pantalla de inicio</target>
   </keywords>
   <keywords>
      <text FeatureID="-1">widgets</text>
      <target FeatureID="-1" href="WM_HLP_WIDGET_COLLECTION.html">Catálogo de widget</target>
   </keywords>
</keywords>