<?xml version="1.0" encoding="UTF-8"?>
<keywords>
   <keywords>
      <text FeatureID="-1">mesajları iletme</text>
      <target FeatureID="-1" href="MMS_HLP_MMS_FWD_REQUEST.html">Multimedya mesajları iletme</target>
   </keywords>
   <keywords>
      <text FeatureID="-1">multimedya mesajları</text>
      <target FeatureID="-1" href="MMS_HLP_MMS_FWD_REQUEST_SEND.html">Gönderilmiş öğelerde iletme gereksinimi</target>
      <target FeatureID="-1" href="MMS_HLP_MMS_VIEWER.html">Multimedya mesajlarını görüntüleme</target>
   </keywords>
   <keywords>
      <text FeatureID="-1">multimedya bildirimleri</text>
      <target FeatureID="-1" href="MMS_HLP_NOTIFICATION_VIEWER.html">Multimedya bildirimleri</target>
   </keywords>
   <keywords>
      <text FeatureID="-1">medya nesneleri</text>
      <target FeatureID="-1" href="MMS_HLP_OBJECTS_VIEW_VIEWER.html">Medya nesnelerini görüntüleme</target>
   </keywords>
   <keywords>
      <text FeatureID="-1">multimedya nesneler</text>
      <target FeatureID="-1" href="MMS_HLP_OBJECTS_VIEW_VIEWER.html">Medya nesnelerini görüntüleme</target>
   </keywords>
   <keywords>
      <text FeatureID="-1">MMS</text>
      <target FeatureID="-1" href="MMS_HLP_MMS_VIEWER.html">Multimedya mesajlarını görüntüleme</target>
   </keywords>
</keywords>