<?xml version="1.0" encoding="UTF-8"?>
<keywords>
   <keywords>
      <text FeatureID="-1">actualizare software</text>
      <target FeatureID="-1" href="SWUPDATE_HLP_MAIN.html">Actualizarea software-ului</target>
      <target FeatureID="-1" href="SWUPDATE_HLP_MAIN.html">Actualizarea software-ului</target>
   </keywords>
   <keywords>
      <text FeatureID="-1">setări de act. software</text>
      <target FeatureID="-1" href="SWUPDATE_HLP_SETTINGS.html">Setări de act. software</target>
   </keywords>
</keywords>