<?xml version="1.0" encoding="UTF-8"?>
<keywords>
   <keywords>
      <text FeatureID="true_298">جواب دہندہ مشین</text>
      <target FeatureID="true_298" href="SMSVO_HLP_CS_VIDEO_AND_XSP_VOIP.html">کال، ویڈيو اور انٹرنیٹ کال میل باکس</target>
   </keywords>
   <keywords>
      <text FeatureID="true_298">انٹرنیٹ کال میل باکس</text>
      <target FeatureID="true_298" href="SMSVO_HLP_CS_VIDEO_AND_XSP_VOIP.html">کال، ویڈيو اور انٹرنیٹ کال میل باکس</target>
   </keywords>
   <keywords>
      <text FeatureID="true_298">کال میل باکس</text>
      <target FeatureID="true_298" href="SMSVO_HLP_CS_VIDEO_AND_XSP_VOIP.html">کال، ویڈيو اور انٹرنیٹ کال میل باکس</target>
   </keywords>
   <keywords>
      <text FeatureID="-1">انٹرنيٹ کال</text>
      <target FeatureID="-1" href="VOIP_HLP_CSC.html">نیٹ ترتیبات</target>
      <target FeatureID="true_298" href="VOIP_HLP_SERVCATALOG.html">خدمت کا کیٹالاگ</target>
      <target FeatureID="-1" href="SERVTAB_HLP_SETTINGS.html">خدمت ٹیپ کی ترتیبات</target>
   </keywords>
</keywords>