<?xml version="1.0" encoding="UTF-8"?>
<keywords>
   <keywords>
      <text FeatureID="-1">chỉ mục</text>
      <target FeatureID="-1" href="OSS_HLP_BM_ADDBM.html">Thêm chỉ mục</target>
   </keywords>
   <keywords>
      <text FeatureID="-1">các chỉ mục của trình duyệt</text>
      <target FeatureID="-1" href="OSS_HLP_BM_ADDBM.html">Thêm chỉ mục</target>
   </keywords>
   <keywords>
      <text FeatureID="-1">web</text>
      <target FeatureID="-1" href="OSS_HLP_BM_ADDBM.html">Thêm chỉ mục</target>
      <target FeatureID="true_167" href="OSS_HLP_RSS_ADD.html">Thêm nguồn cấp dữ liệu web</target>
      <target FeatureID="-1" href="OSS_HLP_PAGEVIEW.html">Trình duyệt web</target>
      <target FeatureID="true_167" href="OSS_HLP_RSS_EDIT.html">Chỉnh sửa nguồn cấp dữ liệu web</target>
      <target FeatureID="true_167" href="OSS_HLP_RSS_ARTICLE.html">Các bài viết trong nguồn cấp dữ liệu web</target>
      <target FeatureID="true_167" href="OSS_HLP_RSS_ARTICLELST.html">Các nguồn cấp dữ liệu web</target>
      <target FeatureID="true_167" href="OSS_HLP_RSS_MAIN.html">Các nguồn cấp dữ liệu Web và blog</target>
   </keywords>
   <keywords>
      <text FeatureID="true_167">nguồn cấp dữ liệu</text>
      <target FeatureID="true_167" href="OSS_HLP_RSS_ADD.html">Thêm nguồn cấp dữ liệu web</target>
      <target FeatureID="true_167" href="OSS_HLP_RSS_EDIT.html">Chỉnh sửa nguồn cấp dữ liệu web</target>
      <target FeatureID="true_167" href="OSS_HLP_RSS_ARTICLE.html">Các bài viết trong nguồn cấp dữ liệu web</target>
      <target FeatureID="true_167" href="OSS_HLP_RSS_ARTICLELST.html">Các nguồn cấp dữ liệu web</target>
      <target FeatureID="true_167" href="OSS_HLP_RSS_MAIN.html">Các nguồn cấp dữ liệu Web và blog</target>
   </keywords>
   <keywords>
      <text FeatureID="true_167">Cấp nguồn dữ liệu RSS</text>
      <target FeatureID="true_167" href="OSS_HLP_RSS_ADD.html">Thêm nguồn cấp dữ liệu web</target>
      <target FeatureID="true_167" href="OSS_HLP_RSS_ARTICLELST.html">Các nguồn cấp dữ liệu web</target>
      <target FeatureID="true_167" href="OSS_HLP_RSS_MAIN.html">Các nguồn cấp dữ liệu Web và blog</target>
   </keywords>
   <keywords>
      <text FeatureID="true_167">tin tức và blog</text>
      <target FeatureID="true_167" href="OSS_HLP_RSS_ADD.html">Thêm nguồn cấp dữ liệu web</target>
      <target FeatureID="true_167" href="OSS_HLP_RSS_EDIT.html">Chỉnh sửa nguồn cấp dữ liệu web</target>
      <target FeatureID="true_167" href="OSS_HLP_RSS_ARTICLE.html">Các bài viết trong nguồn cấp dữ liệu web</target>
      <target FeatureID="true_167" href="OSS_HLP_RSS_ARTICLELST.html">Các nguồn cấp dữ liệu web</target>
      <target FeatureID="true_167" href="OSS_HLP_RSS_MAIN.html">Các nguồn cấp dữ liệu Web và blog</target>
   </keywords>
   <keywords>
      <text FeatureID="true_167">blog</text>
      <target FeatureID="true_167" href="OSS_HLP_RSS_ADD.html">Thêm nguồn cấp dữ liệu web</target>
      <target FeatureID="true_167" href="OSS_HLP_RSS_EDIT.html">Chỉnh sửa nguồn cấp dữ liệu web</target>
      <target FeatureID="true_167" href="OSS_HLP_RSS_ARTICLE.html">Các bài viết trong nguồn cấp dữ liệu web</target>
      <target FeatureID="true_167" href="OSS_HLP_RSS_ARTICLELST.html">Các nguồn cấp dữ liệu web</target>
      <target FeatureID="true_167" href="OSS_HLP_RSS_MAIN.html">Các nguồn cấp dữ liệu Web và blog</target>
   </keywords>
   <keywords>
      <text FeatureID="-1">trình duyệt các trang</text>
      <target FeatureID="-1" href="OSS_HLP_PAGEVIEW.html">Trình duyệt web</target>
   </keywords>
   <keywords>
      <text FeatureID="-1">mở chỉ mục</text>
      <target FeatureID="-1" href="OSS_HLP_BM_MAIN.html">Duyệt các chỉ mục</target>
   </keywords>
   <keywords>
      <text FeatureID="-1">chỉ mục trình duyệt</text>
      <target FeatureID="-1" href="OSS_HLP_BM_MAIN.html">Duyệt các chỉ mục</target>
   </keywords>
   <keywords>
      <text FeatureID="true_167">nguồn cấp dữ liệu rss</text>
      <target FeatureID="true_167" href="OSS_HLP_RSS_EDIT.html">Chỉnh sửa nguồn cấp dữ liệu web</target>
      <target FeatureID="true_167" href="OSS_HLP_RSS_ARTICLE.html">Các bài viết trong nguồn cấp dữ liệu web</target>
   </keywords>
   <keywords>
      <text FeatureID="-1">cài đặt trình duyệt</text>
      <target FeatureID="-1" href="OSS_HLP_SETTINGS_GENERAL.html">Cài đặt chung</target>
      <target FeatureID="-1" href="OSS_HLP_SETTINGS_PAGE.html">Cài đặt trang</target>
      <target FeatureID="-1" href="OSS_HLP_SETTINGS_PRIVACY.html">Cài đặt bảo mật</target>
      <target FeatureID="true_167" href="OSS_HLP_SETTINGS_RSS.html">Cài đặt nguồn cấp dữ liệu web</target>
      <target FeatureID="-1" href="OSS_HLP_SETTINGS_FOLDERS.html">Cài đặt web</target>
   </keywords>
   <keywords>
      <text FeatureID="-1">cài đặt web</text>
      <target FeatureID="-1" href="OSS_HLP_SETTINGS_GENERAL.html">Cài đặt chung</target>
      <target FeatureID="-1" href="OSS_HLP_SETTINGS_PAGE.html">Cài đặt trang</target>
      <target FeatureID="-1" href="OSS_HLP_SETTINGS_PRIVACY.html">Cài đặt bảo mật</target>
      <target FeatureID="true_167" href="OSS_HLP_SETTINGS_RSS.html">Cài đặt nguồn cấp dữ liệu web</target>
      <target FeatureID="-1" href="OSS_HLP_SETTINGS_FOLDERS.html">Cài đặt web</target>
   </keywords>
   <keywords>
      <text FeatureID="-1">thiết lập cho web</text>
      <target FeatureID="-1" href="OSS_HLP_SETTINGS_PAGE.html">Cài đặt trang</target>
      <target FeatureID="-1" href="OSS_HLP_SETTINGS_FOLDERS.html">Cài đặt web</target>
   </keywords>
   <keywords>
      <text FeatureID="-1">cài đặt bảo mật</text>
      <target FeatureID="-1" href="OSS_HLP_SETTINGS_PRIVACY.html">Cài đặt bảo mật</target>
   </keywords>
   <keywords>
      <text FeatureID="true_167">cài đặt để sử dụng web</text>
      <target FeatureID="true_167" href="OSS_HLP_SETTINGS_RSS.html">Cài đặt nguồn cấp dữ liệu web</target>
   </keywords>
   <keywords>
      <text FeatureID="-1">mở trang cụ thể</text>
      <target FeatureID="-1" href="OSS_HLP_PAGEVIEW_EMBED.html">Web trong các ứng dụng</target>
   </keywords>
   <keywords>
      <text FeatureID="-1">web trong các ứng dụng</text>
      <target FeatureID="-1" href="OSS_HLP_PAGEVIEW_EMBED.html">Web trong các ứng dụng</target>
   </keywords>
   <keywords>
      <text FeatureID="false_410">cài đặt của trình duyệt</text>
      <target FeatureID="false_410" href="OSS_HLP_SHORTCUTS.html">Phím tắt thanh công cụ</target>
   </keywords>
   <keywords>
      <text FeatureID="false_410">cài đặt của web</text>
      <target FeatureID="false_410" href="OSS_HLP_SHORTCUTS.html">Phím tắt thanh công cụ</target>
   </keywords>
</keywords>