<?xml version="1.0" encoding="UTF-8"?><?xml-stylesheet  href="../../theme/xsl/index2html.xslt" type="text/xsl"?>
<topics FeatureID="-1" title="Skicka meddelanden" compressed="true">
   <topicref FeatureID="-1" href="MCE_HLP_MESSAGING.html" navtitle="Meddelandecentral"/>
   <topicref FeatureID="-1" href="MCE_HLP_SIM.html" navtitle="Visa SIM-meddelanden"/>
   <topicref FeatureID="-1" href="MCE_HLP_SETTINGS.html" navtitle="Meddelandeinställningar"/>
   <topicref FeatureID="-1" href="MCE_HLP_SETTINGS_SMS.html" navtitle="Inställningar för SMS"/>
   <topicref FeatureID="-1" href="SMS_HLP_SETTINGS_SCENTRES.html" navtitle="Inst. för sms-medd.central"/>
   <topicref FeatureID="-1" href="SMS_HLP_SETTINGS_SCENTRES_EDIT.html" navtitle="Ändra sms-meddelandecentral"/>
   <topicref FeatureID="true_1092" href="SMS_HLP_SETTINGS_SMS_EMAIL.html" navtitle="SMS e-post­inställningar"/>
   <topicref FeatureID="-1" href="MCE_HLP_SETTINGS_MMS.html" navtitle="Inställn. för mms-medd."/>
   <topicref FeatureID="true_1090" href="MCE_HLP_SETTINGS_CB.html" navtitle="Cell broadcast-inställningar"/>
   <topicref FeatureID="-1" href="MCE_HLP_SETTINGS_GEN.html" navtitle="Övriga inställningar"/>
   <topicref FeatureID="-1" href="MCE_HLP_INBOX.html" navtitle="Inkorg"/>
   <topicref FeatureID="-1" href="MCE_HLP_DOCUMENTS.html" navtitle="Mina mappar"/>
   <topicref FeatureID="-1" href="MCE_HLP_TEMPLATES.html" navtitle="Meddelandemallar"/>
   <topicref FeatureID="-1" href="MCE_HLP_FOLDER.html" navtitle="Sortera meddelanden"/>
   <topicref FeatureID="-1" href="MCE_HLP_DRAFTS.html" navtitle="Utkast"/>
   <topicref FeatureID="-1" href="MCE_HLP_SENT_ITEMS.html" navtitle="Sända meddelanden"/>
   <topicref FeatureID="-1" href="MCE_HLP_OUTBOX.html" navtitle="Utkorg"/>
   <topicref FeatureID="-1" href="MCE_HLP_DELIVERY_REPORTS.html" navtitle="Leverans­rapporter"/>
   <topicref FeatureID="true_1132" href="MCE_HLP_MMS_NOTIFICATIONS.html" navtitle="Meddelande om MMS"/>
</topics>