<?xml version="1.0" encoding="UTF-8"?>
<keywords>
   <keywords>
      <text FeatureID="-1">sända meddelanden</text>
      <target FeatureID="-1" href="MCE_HLP_MESSAGING.html">Meddelandecentral</target>
      <target FeatureID="-1" href="MCE_HLP_SENT_ITEMS.html">Sända meddelanden</target>
      <target FeatureID="-1" href="MCE_HLP_OUTBOX.html">Utkorg</target>
   </keywords>
   <keywords>
      <text FeatureID="-1">ta emot meddelanden</text>
      <target FeatureID="-1" href="MCE_HLP_MESSAGING.html">Meddelandecentral</target>
      <target FeatureID="-1" href="MCE_HLP_INBOX.html">Inkorg</target>
   </keywords>
   <keywords>
      <text FeatureID="-1">SIM-meddelanden</text>
      <target FeatureID="-1" href="MCE_HLP_SIM.html">Visa SIM-meddelanden</target>
   </keywords>
   <keywords>
      <text FeatureID="-1">meddelanden på SIM-kort</text>
      <target FeatureID="-1" href="MCE_HLP_SIM.html">Visa SIM-meddelanden</target>
   </keywords>
   <keywords>
      <text FeatureID="-1">meddelandeinställningar</text>
      <target FeatureID="-1" href="MCE_HLP_SETTINGS.html">Meddelandeinställningar</target>
      <target FeatureID="-1" href="MCE_HLP_SETTINGS_GEN.html">Övriga inställningar</target>
   </keywords>
   <keywords>
      <text FeatureID="-1">SMS-inställningar</text>
      <target FeatureID="-1" href="MCE_HLP_SETTINGS_SMS.html">Inställningar för SMS</target>
   </keywords>
   <keywords>
      <text FeatureID="-1">inställningar för SMS</text>
      <target FeatureID="-1" href="MCE_HLP_SETTINGS_SMS.html">Inställningar för SMS</target>
      <target FeatureID="-1" href="SMS_HLP_SETTINGS_SCENTRES.html">Inst. för sms-medd.central</target>
      <target FeatureID="-1" href="SMS_HLP_SETTINGS_SCENTRES_EDIT.html">Ändra sms-meddelandecentral</target>
   </keywords>
   <keywords>
      <text FeatureID="-1">inställningar för meddelandecentral</text>
      <target FeatureID="-1" href="SMS_HLP_SETTINGS_SCENTRES.html">Inst. för sms-medd.central</target>
      <target FeatureID="-1" href="SMS_HLP_SETTINGS_SCENTRES_EDIT.html">Ändra sms-meddelandecentral</target>
   </keywords>
   <keywords>
      <text FeatureID="-1">Inställningar för sms-central</text>
      <target FeatureID="-1" href="SMS_HLP_SETTINGS_SCENTRES.html">Inst. för sms-medd.central</target>
   </keywords>
   <keywords>
      <text FeatureID="true_1092">sms, e-post</text>
      <target FeatureID="true_1092" href="SMS_HLP_SETTINGS_SMS_EMAIL.html">SMS e-post­inställningar</target>
   </keywords>
   <keywords>
      <text FeatureID="true_1092">e-post­inst., sms</text>
      <target FeatureID="true_1092" href="SMS_HLP_SETTINGS_SMS_EMAIL.html">SMS e-post­inställningar</target>
   </keywords>
   <keywords>
      <text FeatureID="-1">mms-inställningar</text>
      <target FeatureID="-1" href="MCE_HLP_SETTINGS_MMS.html">Inställn. för mms-medd.</target>
   </keywords>
   <keywords>
      <text FeatureID="true_1090">cell broadcast-inställningar</text>
      <target FeatureID="true_1090" href="MCE_HLP_SETTINGS_CB.html">Cell broadcast-inställningar</target>
   </keywords>
   <keywords>
      <text FeatureID="-1">inkorg</text>
      <target FeatureID="-1" href="MCE_HLP_INBOX.html">Inkorg</target>
   </keywords>
   <keywords>
      <text FeatureID="-1">mina mappar</text>
      <target FeatureID="-1" href="MCE_HLP_DOCUMENTS.html">Mina mappar</target>
   </keywords>
   <keywords>
      <text FeatureID="-1">lagra meddelanden</text>
      <target FeatureID="-1" href="MCE_HLP_DOCUMENTS.html">Mina mappar</target>
   </keywords>
   <keywords>
      <text FeatureID="-1">skicka mallar</text>
      <target FeatureID="-1" href="MCE_HLP_TEMPLATES.html">Meddelandemallar</target>
   </keywords>
   <keywords>
      <text FeatureID="-1">meddelandemallar</text>
      <target FeatureID="-1" href="MCE_HLP_TEMPLATES.html">Meddelandemallar</target>
   </keywords>
   <keywords>
      <text FeatureID="-1">sortera meddelanden</text>
      <target FeatureID="-1" href="MCE_HLP_FOLDER.html">Sortera meddelanden</target>
   </keywords>
   <keywords>
      <text FeatureID="-1">spara utkast</text>
      <target FeatureID="-1" href="MCE_HLP_DRAFTS.html">Utkast</target>
   </keywords>
   <keywords>
      <text FeatureID="-1">utkast</text>
      <target FeatureID="-1" href="MCE_HLP_DRAFTS.html">Utkast</target>
   </keywords>
   <keywords>
      <text FeatureID="-1">visa utkorg</text>
      <target FeatureID="-1" href="MCE_HLP_OUTBOX.html">Utkorg</target>
   </keywords>
   <keywords>
      <text FeatureID="-1">leverans­rapporter</text>
      <target FeatureID="-1" href="MCE_HLP_DELIVERY_REPORTS.html">Leverans­rapporter</target>
   </keywords>
   <keywords>
      <text FeatureID="true_1132">Meddelande om mms</text>
      <target FeatureID="true_1132" href="MCE_HLP_MMS_NOTIFICATIONS.html">Meddelande om MMS</target>
   </keywords>
   <keywords>
      <text FeatureID="-1">söka efter telefonnr</text>
      <target FeatureID="-1" href="FIND_HLP.html">Sök efter nummer/adresser</target>
   </keywords>
   <keywords>
      <text FeatureID="-1">söka efter adresser</text>
      <target FeatureID="-1" href="FIND_HLP.html">Sök efter nummer/adresser</target>
   </keywords>
</keywords>