<?xml version="1.0" encoding="UTF-8"?>
<keywords>
   <keywords>
      <text FeatureID="-1">upravitelj uređaja</text>
      <target FeatureID="-1" href="DM_HLP_MAIN_VIEW.html">Softver uređaja</target>
      <target FeatureID="-1" href="DM_HLP_SETTINGS.html">Postavke profila poslužitelja</target>
      <target FeatureID="-1" href="DM_HLP_SERVERS_VIEW.html">Daljinska konfiguracija</target>
   </keywords>
   <keywords>
      <text FeatureID="-1">postavke konfiguracije</text>
      <target FeatureID="-1" href="DM_HLP_MAIN_VIEW.html">Softver uređaja</target>
   </keywords>
   <keywords>
      <text FeatureID="-1">Upravitelj uređaja</text>
      <target FeatureID="-1" href="FOTA_HLP_SETTINGS.html">Postavke nadopune softvera</target>
   </keywords>
   <keywords>
      <text FeatureID="-1">postavke nadopune softvera</text>
      <target FeatureID="-1" href="FOTA_HLP_SETTINGS.html">Postavke nadopune softvera</target>
   </keywords>
   <keywords>
      <text FeatureID="-1">postavke profila poslužitelja</text>
      <target FeatureID="-1" href="DM_HLP_SETTINGS.html">Postavke profila poslužitelja</target>
   </keywords>
   <keywords>
      <text FeatureID="-1">daljinska konfiguracija</text>
      <target FeatureID="-1" href="DM_HLP_SERVERS_VIEW.html">Daljinska konfiguracija</target>
   </keywords>
</keywords>