<?xml version="1.0" encoding="UTF-8"?>
<keywords>
   <keywords>
      <text FeatureID="true_1091">USSD editorea</text>
      <target FeatureID="true_1091" href="USSD_HLP_EDITOR.html">Zerbitzuaren komandoak</target>
   </keywords>
   <keywords>
      <text FeatureID="true_1091">zerbitzuaren komandoak</text>
      <target FeatureID="true_1091" href="USSD_HLP_EDITOR.html">Zerbitzuaren komandoak</target>
   </keywords>
   <keywords>
      <text FeatureID="true_1091">sareko zerbitzuak</text>
      <target FeatureID="true_1091" href="USSD_HLP_EDITOR.html">Zerbitzuaren komandoak</target>
   </keywords>
</keywords>