<?xml version="1.0" encoding="UTF-8"?>
<keywords>
   <keywords>
      <text FeatureID="-1">bộ ứng dụng nhạc</text>
      <target FeatureID="-1" href="MUS_HLP_MUSIC_SUITE_VIEW.html">Bộ ứng dụng nhạc</target>
   </keywords>
   <keywords>
      <text FeatureID="-1">máy nghe nhạc</text>
      <target FeatureID="-1" href="MUS_HLP_TRACKS_VIEW.html">Bài hát</target>
      <target FeatureID="-1" href="MUS_HLP_CATEGORY_VIEW.html">Các danh mục nhạc</target>
      <target FeatureID="-1" href="MUS_HLP_PODCAST_MAIN_VIEW.html">Các podcast</target>
      <target FeatureID="-1" href="MUS_HLP_PODCAST_EPISODES.html">Các hồi podcast</target>
      <target FeatureID="-1" href="MUS_HLP_PLAYLISTS_VIEW.html">Danh sách nhạc</target>
      <target FeatureID="-1" href="MUS_HLP_DOWNLOAD_PLAYBACK_VIEW.html">Phát nhạc trên web</target>
      <target FeatureID="-1" href="MUS_HLP_PLAYBACK_VIEW.html">Phát nhạc</target>
      <target FeatureID="-1" href="MUS_HLP_LIB_MAIN_VIEW.html">Thư viện nhạc</target>
      <target FeatureID="-1" href="MUS_HLP_METADATA_EDITING.html">Chỉnh sửa thông tin bài hát</target>
      <target FeatureID="-1" href="MUS_HLP_ALBUM_ART_EDITING.html">Chỉnh sửa hình bìa album</target>
      <target FeatureID="-1" href="MUS_HLP_AUDIO_SETT.html">Cài đặt âm thanh</target>
   </keywords>
   <keywords>
      <text FeatureID="-1">podcasting</text>
      <target FeatureID="-1" href="MUS_HLP_PODCAST_MAIN_VIEW.html">Các podcast</target>
      <target FeatureID="-1" href="MUS_HLP_PODCAST_EPISODES.html">Các hồi podcast</target>
   </keywords>
   <keywords>
      <text FeatureID="-1">danh sách nhạc</text>
      <target FeatureID="-1" href="MUS_HLP_PLAYLISTS_VIEW.html">Danh sách nhạc</target>
   </keywords>
   <keywords>
      <text FeatureID="-1">hình ảnh album</text>
      <target FeatureID="-1" href="MUS_HLP_ALBUM_ART_EDITING.html">Chỉnh sửa hình bìa album</target>
   </keywords>
   <keywords>
      <text FeatureID="-1">tăng âm bass</text>
      <target FeatureID="-1" href="MUS_HLP_AUDIO_SETT.html">Cài đặt âm thanh</target>
   </keywords>
   <keywords>
      <text FeatureID="-1">tăng âm stereo</text>
      <target FeatureID="-1" href="MUS_HLP_AUDIO_SETT.html">Cài đặt âm thanh</target>
   </keywords>
</keywords>