<?xml version="1.0" encoding="UTF-8"?>
<keywords>
   <keywords>
      <text FeatureID="-1">Quickoffice, správca súborov</text>
      <target FeatureID="-1" href="QFM_HLP_FILE_MENU.html">Správca súborov</target>
   </keywords>
   <keywords>
      <text FeatureID="-1">Quickoffice</text>
      <target FeatureID="-1" href="QFM_HLP_LOC_MENU.html">Quickoffice</target>
   </keywords>
   <keywords>
      <text FeatureID="-1">Quickpoint</text>
      <target FeatureID="-1" href="QPOINT_HLP_EDIT_SLIDE_VIEW.html">Úprava listov prezentácie</target>
      <target FeatureID="-1" href="QPOINT_HLP_REPLACE_VIEW.html">Hľadanie a zamieňanie textu</target>
      <target FeatureID="-1" href="QPOINT_HLP_FIND_VIEW.html">Vyhľ. textu</target>
      <target FeatureID="-1" href="QPOINT_HLP_VIEW_SLIDE_VIEW.html">Prez. listov prezent.</target>
   </keywords>
   <keywords>
      <text FeatureID="-1">Quickpoint, text</text>
      <target FeatureID="-1" href="QPOINT_HLP_EDIT_TEXT_VIEW.html">Úprava textu</target>
   </keywords>
   <keywords>
      <text FeatureID="-1">Quickpoint, komentáre</text>
      <target FeatureID="-1" href="QPOINT_HLP_COMMENT_VIEW.html">Zobraz. koment.</target>
   </keywords>
   <keywords>
      <text FeatureID="-1">Quickpoint, poznámky</text>
      <target FeatureID="-1" href="QPOINT_HLP_VIEW_NOTES_VIEW.html">Zobrazenie poznámok</target>
   </keywords>
   <keywords>
      <text FeatureID="-1">Quickpoint, náhľady</text>
      <target FeatureID="-1" href="QPOINT_HLP_VIEW_OUTLINE_VIEW.html">Zobrazenie náhľadov</target>
   </keywords>
   <keywords>
      <text FeatureID="-1">Quicksheet, bunky</text>
      <target FeatureID="-1" href="QSHEET_HLP_CELLS_EDIT.html">Úprava buniek</target>
      <target FeatureID="-1" href="QSHEET_HLP_VIEW_CELL.html">Zobr. buniek</target>
   </keywords>
   <keywords>
      <text FeatureID="-1">Quicksheet, stĺpce</text>
      <target FeatureID="-1" href="QSHEET_HLP_EDIT_COLUMN.html">Úprava stĺpcov</target>
   </keywords>
   <keywords>
      <text FeatureID="-1">Quicksheet, rozsahy</text>
      <target FeatureID="-1" href="QSHEET_HLP_EDIT_RANGE.html">Úprava rozsahov</target>
   </keywords>
   <keywords>
      <text FeatureID="-1">Quicksheet, riadky</text>
      <target FeatureID="-1" href="QSHEET_HLP_EDIT_ROW.html">Úprava riadkov</target>
   </keywords>
   <keywords>
      <text FeatureID="-1">Quicksheet</text>
      <target FeatureID="-1" href="QSHEET_HLP_REPLACE_VIEW.html">Hľadanie a zamieňanie textu</target>
      <target FeatureID="-1" href="QSHEET_HLP_FIND_VIEW.html">Vyhľ. textu</target>
      <target FeatureID="-1" href="QSHEET_HLP_CELLS_VIEW.html">Prezeranie hárkov</target>
   </keywords>
   <keywords>
      <text FeatureID="-1">Quickword</text>
      <target FeatureID="-1" href="QWORD_HLP_EDIT_MODE.html">Úprava dokumentov</target>
      <target FeatureID="-1" href="QWORD_HLP_FIND_MODE.html">Hľadanie a zamieňanie textu</target>
      <target FeatureID="-1" href="QWORD_HLP_VIEW_MODE.html">Prezeranie dokumentov</target>
      <target FeatureID="-1" href="QWORD_HLP_PAGE_VIEW.html">Zobr. rozlož. strany</target>
   </keywords>
</keywords>