<?xml version="1.0" encoding="UTF-8"?>
<keywords>
   <keywords>
      <text FeatureID="-1">senkronizasyon</text>
      <target FeatureID="-1" href="DS_HLP_MAIN_VIEW.html">Veri senkronizasyonu</target>
   </keywords>
   <keywords>
      <text FeatureID="-1">senkronizasyon profilleri</text>
      <target FeatureID="-1" href="DS_HLP_MAIN_VIEW.html">Veri senkronizasyonu</target>
   </keywords>
   <keywords>
      <text FeatureID="-1">senk. profili ayarları</text>
      <target FeatureID="-1" href="DS_HLP_SETTINGS.html">Senk. profillerini düzenleme</target>
   </keywords>
   <keywords>
      <text FeatureID="-1">senk. ayarları</text>
      <target FeatureID="-1" href="DS_HLP_SETTINGS_CAL.html">Ajanda senk. ayarları</target>
      <target FeatureID="-1" href="DS_HLP_SETTINGS_CNT.html">Rehber senk. ayarları</target>
      <target FeatureID="-1" href="DS_HLP_SETTINGS_NOTES.html">Notlar senk. ayarları</target>
      <target FeatureID="-1" href="DS_HLP_SETTINGS_SMS.html">SMS senk. ayarları</target>
      <target FeatureID="true_44" href="DS_HLP_SETTINGS_SYNCML.html">E-posta senk. ayarları</target>
   </keywords>
</keywords>