<?xml version="1.0" encoding="UTF-8"?><?xml-stylesheet  href="../../theme/xsl/index2html.xslt" type="text/xsl"?>
<topics FeatureID="-1" title="Osoitekirja" compressed="true">
   <topicref FeatureID="-1" href="HLP_CCA_DETAILS.html" navtitle="Yhteystiedot"/>
   <topicref FeatureID="-1" href="HLP_CCA_LAUNCHER.html" navtitle="Contact cards"/>
   <topicref FeatureID="-1" href="PHOB_HLP_GROUP_LIST.html" navtitle="Contact groups"/>
   <topicref FeatureID="-1" href="PHOB_HLP_SIM_LIST.html" navtitle="SIM-hakemisto"/>
   <topicref FeatureID="-1" href="PHOB_HLP_MY_NUMBERS.html" navtitle="Omat numerot"/>
   <topicref FeatureID="-1" href="PHOB_HLP_GROUP_MEMBER_LIST.html" navtitle="Ryhmän jäsenet"/>
   <topicref FeatureID="-1" href="PHOB_HLP_SETTINGS.html" navtitle="Osoitekirjan asetukset"/>
   <topicref FeatureID="-1" href="PHOB_HLP_NAME_LIST.html" navtitle="Nimiluettelo"/>
   <topicref FeatureID="-1" href="HLP_CCA_MY_CARD.html" navtitle="My Card"/>
   <topicref FeatureID="-1" href="RLOOK_HLP_INFO_VIEW.html" navtitle="Löytyneen nimen hallinta"/>
   <topicref FeatureID="-1" href="HLP_CCA_EDITOR.html" navtitle="Osoitekortin muokkaus"/>
   <topicref FeatureID="-1" href="PHOB_HLP_CONTACT_INFO_VIEW.html" navtitle="Osoitekortit"/>
   <topicref FeatureID="-1" href="PHOB_HLP_EDIT_ENTRY.html" navtitle="Osoitekortin muokkaus"/>
   <topicref FeatureID="-1" href="FDN_HLP_FDN_NUMBER_VIEW.html" navtitle="Sallitut numerot"/>
   <topicref FeatureID="-1" href="FDN_HLP_FDN_VIEW.html" navtitle="Puhelujen rajoittaminen"/>
   <topicref FeatureID="-1" href="SDN_HLP_APP.html" navtitle="Palvelunumerot"/>
   <topicref FeatureID="-1" href="PHOB_HLP_SIM_INFO_VIEW.html" navtitle="SIM-kortin osoitekortit"/>
</topics>