<?xml version="1.0" encoding="UTF-8"?>
<keywords>
   <keywords>
      <text FeatureID="-1">contact groups</text>
      <target FeatureID="-1" href="PHOB_HLP_GROUP_LIST.html">Contact groups</target>
   </keywords>
   <keywords>
      <text FeatureID="-1">SIM-yhteystiedot</text>
      <target FeatureID="-1" href="PHOB_HLP_SIM_LIST.html">SIM-hakemisto</target>
      <target FeatureID="-1" href="PHOB_HLP_SIM_INFO_VIEW.html">SIM-kortin osoitekortit</target>
   </keywords>
   <keywords>
      <text FeatureID="-1">SIM-numero</text>
      <target FeatureID="-1" href="PHOB_HLP_MY_NUMBERS.html">Omat numerot</target>
   </keywords>
   <keywords>
      <text FeatureID="-1">yhteysryhmät</text>
      <target FeatureID="-1" href="PHOB_HLP_GROUP_MEMBER_LIST.html">Ryhmän jäsenet</target>
   </keywords>
   <keywords>
      <text FeatureID="-1">nimien järjestys, osoitekirja</text>
      <target FeatureID="-1" href="PHOB_HLP_SETTINGS.html">Osoitekirjan asetukset</target>
   </keywords>
   <keywords>
      <text FeatureID="-1">osoitekirjamuisti</text>
      <target FeatureID="-1" href="PHOB_HLP_SETTINGS.html">Osoitekirjan asetukset</target>
   </keywords>
   <keywords>
      <text FeatureID="-1">oletusmuisti</text>
      <target FeatureID="-1" href="PHOB_HLP_SETTINGS.html">Osoitekirjan asetukset</target>
   </keywords>
   <keywords>
      <text FeatureID="-1">osoitekirja</text>
      <target FeatureID="-1" href="PHOB_HLP_NAME_LIST.html">Nimiluettelo</target>
   </keywords>
   <keywords>
      <text FeatureID="-1">yhteystiedot</text>
      <target FeatureID="-1" href="PHOB_HLP_NAME_LIST.html">Nimiluettelo</target>
      <target FeatureID="-1" href="RLOOK_HLP_INFO_VIEW.html">Löytyneen nimen hallinta</target>
   </keywords>
   <keywords>
      <text FeatureID="-1">puhelinluettelo</text>
      <target FeatureID="-1" href="PHOB_HLP_NAME_LIST.html">Nimiluettelo</target>
   </keywords>
   <keywords>
      <text FeatureID="-1">osoitekortit</text>
      <target FeatureID="-1" href="PHOB_HLP_CONTACT_INFO_VIEW.html">Osoitekortit</target>
      <target FeatureID="-1" href="PHOB_HLP_EDIT_ENTRY.html">Osoitekortin muokkaus</target>
   </keywords>
   <keywords>
      <text FeatureID="-1">osoitekirja, merkinnät</text>
      <target FeatureID="-1" href="PHOB_HLP_CONTACT_INFO_VIEW.html">Osoitekortit</target>
   </keywords>
   <keywords>
      <text FeatureID="-1">sallitut numerot</text>
      <target FeatureID="-1" href="FDN_HLP_FDN_NUMBER_VIEW.html">Sallitut numerot</target>
      <target FeatureID="-1" href="FDN_HLP_FDN_VIEW.html">Puhelujen rajoittaminen</target>
   </keywords>
   <keywords>
      <text FeatureID="-1">puhelujen rajoittaminen</text>
      <target FeatureID="-1" href="FDN_HLP_FDN_VIEW.html">Puhelujen rajoittaminen</target>
   </keywords>
   <keywords>
      <text FeatureID="-1">palvelunumerot</text>
      <target FeatureID="-1" href="SDN_HLP_APP.html">Palvelunumerot</target>
   </keywords>
   <keywords>
      <text FeatureID="-1">SIM-palvelunumerot</text>
      <target FeatureID="-1" href="SDN_HLP_APP.html">Palvelunumerot</target>
   </keywords>
   <keywords>
      <text FeatureID="-1">palvelunumerot SIM-kortilla</text>
      <target FeatureID="-1" href="SDN_HLP_APP.html">Palvelunumerot</target>
   </keywords>
   <keywords>
      <text FeatureID="-1">SIM-kortti</text>
      <target FeatureID="-1" href="PHOB_HLP_SIM_INFO_VIEW.html">SIM-kortin osoitekortit</target>
   </keywords>
</keywords>