<?xml version="1.0" encoding="UTF-8"?>
<keywords>
   <keywords>
      <text FeatureID="-1">читач повідомлень, мова</text>
      <target FeatureID="-1" href="SPEECH_HLP_MAIN.html">Установки мовлення</target>
   </keywords>
   <keywords>
      <text FeatureID="-1">читач повідомлень, голос</text>
      <target FeatureID="-1" href="SPEECH_HLP_MAIN.html">Установки мовлення</target>
   </keywords>
   <keywords>
      <text FeatureID="-1">читач повідомлень</text>
      <target FeatureID="-1" href="SPEECH_HLP_VOICE.html">Інформація про голос</target>
   </keywords>
   <keywords>
      <text FeatureID="-1">читач повідомлень, установки</text>
      <target FeatureID="-1" href="SPEECH_HLP_MRSETTINGS.html">Установки читача повідомлень</target>
   </keywords>
</keywords>