<?xml version="1.0" encoding="UTF-8"?>
<keywords>
   <keywords>
      <text FeatureID="-1">съобщения от мрежата</text>
      <target FeatureID="-1" href="CBS_HLP_TOPIC_VIEW.html">Съобщения от мрежата</target>
      <target FeatureID="-1" href="CBS_HLP_MAIN.html">Теми на съобщения от мрежата</target>
      <target FeatureID="-1" href="CBS_HLP_MSG.html">Прегл. съобщ. мрежа</target>
   </keywords>
   <keywords>
      <text FeatureID="-1">теми на съобщения от мрежата</text>
      <target FeatureID="-1" href="CBS_HLP_MAIN.html">Теми на съобщения от мрежата</target>
   </keywords>
</keywords>