<?xml version="1.0" encoding="UTF-8"?>
<keywords>
   <keywords>
      <text FeatureID="-1">sende beskeder</text>
      <target FeatureID="-1" href="UNIFIED_HLP_EDITOR.html">Oprette beskeder</target>
   </keywords>
   <keywords>
      <text FeatureID="-1">besked­redigering</text>
      <target FeatureID="-1" href="UNIFIED_HLP_EDITOR.html">Oprette beskeder</target>
   </keywords>
   <keywords>
      <text FeatureID="-1">beskeder</text>
      <target FeatureID="-1" href="UNIFIED_HLP_SENDING_OPTIONS.html">Sendevalg</target>
   </keywords>
   <keywords>
      <text FeatureID="-1">sendevalg</text>
      <target FeatureID="-1" href="UNIFIED_HLP_SENDING_OPTIONS.html">Sendevalg</target>
   </keywords>
   <keywords>
      <text FeatureID="-1">medie­objekter</text>
      <target FeatureID="-1" href="UNIFIED_HLP_ED_OBJECTS.html">Modtaget medieobjekt</target>
   </keywords>
   <keywords>
      <text FeatureID="-1">MMS-objekter</text>
      <target FeatureID="-1" href="UNIFIED_HLP_ED_OBJECTS.html">Modtaget medieobjekt</target>
   </keywords>
</keywords>