<?xml version="1.0" encoding="UTF-8"?>
<keywords>
   <keywords>
      <text FeatureID="-1">szoftver frissítése</text>
      <target FeatureID="-1" href="SWUPDATE_HLP_MAIN.html">Szoftverfrissítés</target>
   </keywords>
   <keywords>
      <text FeatureID="-1">szoftverfrissítés</text>
      <target FeatureID="-1" href="SWUPDATE_HLP_MAIN.html">Szoftverfrissítés</target>
   </keywords>
   <keywords>
      <text FeatureID="-1">szoftverfrissítési beállítások</text>
      <target FeatureID="-1" href="SWUPDATE_HLP_SETTINGS.html">Szoftverfriss. beállítások</target>
   </keywords>
</keywords>