<?xml version="1.0" encoding="UTF-8"?>
<keywords>
   <keywords>
      <text FeatureID="-1">палитри</text>
      <target FeatureID="-1" href="SKINS_HLP_LIST.html">Общи палитри</target>
      <target FeatureID="-1" href="SCREENSAVER_HLP_WP_SETTINGS.html">Настройки на слайдшоу за тапет</target>
      <target FeatureID="-1" href="SKINS_HLP_WP_SETTINGS.html">Настройки на тапет</target>
      <target FeatureID="true_1503" href="SKINS_HLP_CIMAGE_SETTINGS.html">Избиране на изображ. при повикване</target>
      <target FeatureID="-1" href="SKINS_HLP_APPSHELL.html">Настройки на екрана за меню</target>
      <target FeatureID="-1" href="SKINS_HLP_IDLE.html">Настройки на началния екран</target>
      <target FeatureID="-1" href="SKINS_HLP_APP_MAIN.html">Персонал. на дисплея</target>
      <target FeatureID="-1" href="SKINS_HLP_APPSKINS_LIST.html">Палитри за приложения</target>
   </keywords>
   <keywords>
      <text FeatureID="-1">слайдшоу за тапет</text>
      <target FeatureID="-1" href="SCREENSAVER_HLP_WP_SETTINGS.html">Настройки на слайдшоу за тапет</target>
   </keywords>
   <keywords>
      <text FeatureID="-1">настройки на слайдшоу</text>
      <target FeatureID="-1" href="SCREENSAVER_HLP_WP_SETTINGS.html">Настройки на слайдшоу за тапет</target>
   </keywords>
   <keywords>
      <text FeatureID="-1">настройки на тапет</text>
      <target FeatureID="-1" href="SKINS_HLP_WP_SETTINGS.html">Настройки на тапет</target>
   </keywords>
   <keywords>
      <text FeatureID="-1">фоново изображение</text>
      <target FeatureID="-1" href="SKINS_HLP_WP_SETTINGS.html">Настройки на тапет</target>
      <target FeatureID="-1" href="SKINS_HLP_APP_MAIN.html">Персонал. на дисплея</target>
   </keywords>
   <keywords>
      <text FeatureID="-1">екранна защита</text>
      <target FeatureID="-1" href="SKINS_HLP_SCREENS_SETTINGS.html">Настройки за екранна защита</target>
   </keywords>
   <keywords>
      <text FeatureID="true_1503">настройки за изображение при повикване</text>
      <target FeatureID="true_1503" href="SKINS_HLP_CIMAGE_SETTINGS.html">Избиране на изображ. при повикване</target>
   </keywords>
   <keywords>
      <text FeatureID="-1">менюта</text>
      <target FeatureID="-1" href="SKINS_HLP_APPSHELL.html">Настройки на екрана за меню</target>
   </keywords>
   <keywords>
      <text FeatureID="-1">настройки, начален екран</text>
      <target FeatureID="-1" href="SKINS_HLP_IDLE.html">Настройки на началния екран</target>
   </keywords>
   <keywords>
      <text FeatureID="-1">програмки</text>
      <target FeatureID="-1" href="SKINS_HLP_IDLE.html">Настройки на началния екран</target>
   </keywords>
</keywords>