<?xml version="1.0" encoding="UTF-8"?>
<keywords>
   <keywords>
      <text FeatureID="-1">sertifikat</text>
      <target FeatureID="-1" href="AM_HLP_GENERAL_SETTINGS.html">Pengaturan sertifikat</target>
   </keywords>
   <keywords>
      <text FeatureID="-1">pengaturan, sertifikat</text>
      <target FeatureID="-1" href="AM_HLP_GENERAL_SETTINGS.html">Pengaturan sertifikat</target>
   </keywords>
   <keywords>
      <text FeatureID="-1">menginstal aplikasi</text>
      <target FeatureID="-1" href="AM_HLP_NOT_INSTALLED.html">File penginstalan</target>
      <target FeatureID="-1" href="AM_HLP_APPLICATION.html">Mengatur aplikasi</target>
   </keywords>
   <keywords>
      <text FeatureID="-1">aplikasi</text>
      <target FeatureID="-1" href="AM_HLP_NOT_INSTALLED.html">File penginstalan</target>
      <target FeatureID="-1" href="AM_HLP_INSTALLED.html">Aplikasi yang terinstal</target>
   </keywords>
   <keywords>
      <text FeatureID="-1">menginstal perangkat lunak</text>
      <target FeatureID="-1" href="AM_HLP_APPLICATION.html">Mengatur aplikasi</target>
   </keywords>
   <keywords>
      <text FeatureID="-1">permintaan izin</text>
      <target FeatureID="-1" href="AM_HLP_INSTALL_CAPAB.html">Permintaan izin</target>
   </keywords>
   <keywords>
      <text FeatureID="-1">penginstalan yang tidak terpercaya</text>
      <target FeatureID="-1" href="AM_HLP_INSTALL_UNTRUSTED.html">Penginstalan yang tidak terpercaya</target>
   </keywords>
</keywords>