<?xml version="1.0" encoding="UTF-8"?>
<keywords>
   <keywords>
      <text FeatureID="-1">redigere billeder</text>
      <target FeatureID="-1" href="SIE_HLP_MAIN.html">Redigere billeder</target>
   </keywords>
   <keywords>
      <text FeatureID="-1">redigere tekst</text>
      <target FeatureID="-1" href="SIE_HLP_EDIT_TEXT.html">Redigere tekst på billeder</target>
   </keywords>
   <keywords>
      <text FeatureID="-1">billedprogram</text>
      <target FeatureID="-1" href="SIE_HLP_EDIT_TEXT.html">Redigere tekst på billeder</target>
   </keywords>
   <keywords>
      <text FeatureID="-1">redigere billeder, der er zoomet ind på</text>
      <target FeatureID="-1" href="SIE_HLP_ZOOMING.html">Redigere billeder, der er zoomet ind på</target>
   </keywords>
   <keywords>
      <text FeatureID="-1">zoome ind på billeder</text>
      <target FeatureID="-1" href="SIE_HLP_ZOOMING.html">Redigere billeder, der er zoomet ind på</target>
   </keywords>
   <keywords>
      <text FeatureID="-1">redigere clipart</text>
      <target FeatureID="-1" href="SIE_HLP_EDIT_CLIPART.html">Redigere clipart</target>
   </keywords>
   <keywords>
      <text FeatureID="-1">redigere talebobler</text>
      <target FeatureID="-1" href="SIE_HLP_EDIT_CLIPART.html">Redigere clipart</target>
   </keywords>
   <keywords>
      <text FeatureID="-1">rødøjereduktion</text>
      <target FeatureID="-1" href="SIE_HLP_REDEYE.html">Rødøjereduktion</target>
   </keywords>
</keywords>