<?xml version="1.0" encoding="UTF-8"?>
<keywords>
   <keywords>
      <text FeatureID="-1">הקלטה, צלילים</text>
      <target FeatureID="-1" href="VOREC_HLP_EMPTY_RECORDER.html">הקלטת קליפים קוליים</target>
   </keywords>
   <keywords>
      <text FeatureID="-1">רשמקול</text>
      <target FeatureID="-1" href="VOREC_HLP_MAIN.html">שימוש ברשמקול</target>
   </keywords>
   <keywords>
      <text FeatureID="-1">הקלטת קליפים קוליים</text>
      <target FeatureID="-1" href="VOREC_HLP_MAIN.html">שימוש ברשמקול</target>
   </keywords>
   <keywords>
      <text FeatureID="-1">הגדרות רשמקול</text>
      <target FeatureID="-1" href="VOREC_HLP_SETTINGS.html">הגדרות רשמקול</target>
   </keywords>
</keywords>