<?xml version="1.0" encoding="UTF-8"?>
<keywords>
   <keywords>
      <text FeatureID="-1">mga tema</text>
      <target FeatureID="-1" href="SKINS_HLP_LIST.html">Mga pangkalahatang tema</target>
      <target FeatureID="-1" href="SCREENSAVER_HLP_WP_SETTINGS.html">Mga setting sa slide show ng wallpaper</target>
      <target FeatureID="-1" href="SKINS_HLP_WP_SETTINGS.html">Mga setting ng wallpaper</target>
      <target FeatureID="true_1503" href="SKINS_HLP_CIMAGE_SETTINGS.html">Pumili ng imahe ng tawag</target>
      <target FeatureID="-1" href="SKINS_HLP_APPSHELL.html">Mga setting ng Menu view</target>
      <target FeatureID="-1" href="SKINS_HLP_IDLE.html">Mga setting ng home screen</target>
      <target FeatureID="-1" href="SKINS_HLP_APP_MAIN.html">Ipasadya ang display</target>
      <target FeatureID="-1" href="SKINS_HLP_APPSKINS_LIST.html">Mga tema ng application</target>
   </keywords>
   <keywords>
      <text FeatureID="-1">wallpaper ng slide show</text>
      <target FeatureID="-1" href="SCREENSAVER_HLP_WP_SETTINGS.html">Mga setting sa slide show ng wallpaper</target>
   </keywords>
   <keywords>
      <text FeatureID="-1">mga setting ng slide show</text>
      <target FeatureID="-1" href="SCREENSAVER_HLP_WP_SETTINGS.html">Mga setting sa slide show ng wallpaper</target>
   </keywords>
   <keywords>
      <text FeatureID="-1">mga setting ng wallpaper</text>
      <target FeatureID="-1" href="SKINS_HLP_WP_SETTINGS.html">Mga setting ng wallpaper</target>
   </keywords>
   <keywords>
      <text FeatureID="-1">imahe sa background</text>
      <target FeatureID="-1" href="SKINS_HLP_WP_SETTINGS.html">Mga setting ng wallpaper</target>
      <target FeatureID="-1" href="SKINS_HLP_APP_MAIN.html">Ipasadya ang display</target>
   </keywords>
   <keywords>
      <text FeatureID="-1">screen saver</text>
      <target FeatureID="-1" href="SKINS_HLP_SCREENS_SETTINGS.html">Mga setting ng scrren saver</target>
   </keywords>
   <keywords>
      <text FeatureID="true_1503">mga setting ng imahe ng tawag</text>
      <target FeatureID="true_1503" href="SKINS_HLP_CIMAGE_SETTINGS.html">Pumili ng imahe ng tawag</target>
   </keywords>
   <keywords>
      <text FeatureID="-1">mga menu</text>
      <target FeatureID="-1" href="SKINS_HLP_APPSHELL.html">Mga setting ng Menu view</target>
   </keywords>
   <keywords>
      <text FeatureID="-1">mga setting, home screen</text>
      <target FeatureID="-1" href="SKINS_HLP_IDLE.html">Mga setting ng home screen</target>
   </keywords>
   <keywords>
      <text FeatureID="-1">mga widget</text>
      <target FeatureID="-1" href="SKINS_HLP_IDLE.html">Mga setting ng home screen</target>
   </keywords>
</keywords>