<?xml version="1.0" encoding="UTF-8"?>
<keywords>
   <keywords>
      <text FeatureID="-1">VPN (virtual private network)</text>
      <target FeatureID="-1" href="SET_HLP_VPN_LOG_VIEW.html">VPN log</target>
      <target FeatureID="-1" href="SET_HLP_VPN_CONFIG_MAIN.html">VPN management</target>
      <target FeatureID="-1" href="SET_HLP_VPN_POLICY_VIEW.html">VPN policies</target>
      <target FeatureID="-1" href="SET_HLP_VPN_POLICY_SERVERS.html">VPN policy servers</target>
      <target FeatureID="-1" href="SET_HLP_VPN_POLICY_SERVER_SET.html">VPN server settings</target>
   </keywords>
</keywords>