<?xml version="1.0" encoding="UTF-8"?><?xml-stylesheet  href="../../theme/xsl/index2html.xslt" type="text/xsl"?>
<topics FeatureID="-1" title="聊天室" compressed="true">
   <topicref FeatureID="-1" href="IMNG_HLP_SEARCHCHAT.html" navtitle="搜索聊天室用户"/>
   <topicref FeatureID="-1" href="IMNG_HLP_SAVED_VIEW.html" navtitle="查看已存会话"/>
   <topicref FeatureID="-1" href="IMNG_HLP_SAVED_LIST.html" navtitle="已存会话"/>
   <topicref FeatureID="-1" href="IMNG_HLP_IMCHAT.html" navtitle="通话组会话"/>
   <topicref FeatureID="-1" href="IMNG_HLP_GROUP_EDIT.html" navtitle="通话组编辑权限"/>
   <topicref FeatureID="-1" href="IMNG_HLP_GROUP_BAN.html" navtitle="禁止聊天室用户加入通话组"/>
   <topicref FeatureID="-1" href="IMNG_HLP_CONT_OWN_DATA.html" navtitle="我的数据"/>
   <topicref FeatureID="-1" href="IMNG_HLP_COMMUNITY_VIEW_EMPTY.html" navtitle="开始使用聊天室"/>
   <topicref FeatureID="-1" href="IMNG_HLP_COMMUNITY_VIEW.html" navtitle="聊天室"/>
   <topicref FeatureID="-1" href="IMNG_HLP_BLOCKED_VIEW.html" navtitle="被禁止的联系人"/>
   <topicref FeatureID="-1" href="IMNG_HLP_SETTINGS.html" navtitle="聊天室设置"/>
   <topicref FeatureID="-1" href="IMNG_HLP_SERVLISTSETT_IM.html" navtitle="聊天室服务器"/>
   <topicref FeatureID="-1" href="IMNG_HLP_DEFSERVER.html" navtitle="聊天室服务器设置"/>
   <topicref FeatureID="-1" href="IMNG_HLP_INVITE.html" navtitle="聊天室邀请"/>
   <topicref FeatureID="-1" href="IMNG_HLP_CREATECHAT.html" navtitle="聊天室通话组设置"/>
   <topicref FeatureID="-1" href="IMNG_HLP_ACCLIST.html" navtitle="聊天室通话组成员"/>
   <topicref FeatureID="-1" href="IMNG_HLP_CONVERSATIONS.html" navtitle="聊天室会话"/>
   <topicref FeatureID="-1" href="IMNG_HLP_CONTACTDETAILS.html" navtitle="聊天室联系人详情"/>
   <topicref FeatureID="-1" href="IMNG_HLP_APPSETT.html" navtitle="聊天室应用程序设置"/>
</topics>