<?xml version="1.0" encoding="UTF-8"?>
<keywords>
   <keywords>
      <text FeatureID="-1">搜索聊天室用户</text>
      <target FeatureID="-1" href="IMNG_HLP_SEARCHCHAT.html">搜索聊天室用户</target>
   </keywords>
   <keywords>
      <text FeatureID="-1">聊天室</text>
      <target FeatureID="-1" href="IMNG_HLP_SEARCHCHAT.html">搜索聊天室用户</target>
      <target FeatureID="-1" href="IMNG_HLP_SAVED_VIEW.html">查看已存会话</target>
      <target FeatureID="-1" href="IMNG_HLP_SAVED_LIST.html">已存会话</target>
      <target FeatureID="-1" href="IMNG_HLP_GROUP_EDIT.html">通话组编辑权限</target>
      <target FeatureID="-1" href="IMNG_HLP_GROUP_BAN.html">禁止聊天室用户加入通话组</target>
      <target FeatureID="-1" href="IMNG_HLP_CONT_OWN_DATA.html">我的数据</target>
      <target FeatureID="-1" href="IMNG_HLP_COMMUNITY_VIEW_EMPTY.html">开始使用聊天室</target>
      <target FeatureID="-1" href="IMNG_HLP_COMMUNITY_VIEW_EMPTY.html">开始使用聊天室</target>
      <target FeatureID="-1" href="IMNG_HLP_COMMUNITY_VIEW.html">聊天室</target>
      <target FeatureID="-1" href="IMNG_HLP_COMMUNITY_VIEW.html">聊天室</target>
      <target FeatureID="-1" href="IMNG_HLP_CREATECHAT.html">聊天室通话组设置</target>
      <target FeatureID="-1" href="IMNG_HLP_ACCLIST.html">聊天室通话组成员</target>
      <target FeatureID="-1" href="IMNG_HLP_CONVERSATIONS.html">聊天室会话</target>
      <target FeatureID="-1" href="IMNG_HLP_CONVERSATIONS.html">聊天室会话</target>
      <target FeatureID="-1" href="IMNG_HLP_CONTACTDETAILS.html">聊天室联系人详情</target>
      <target FeatureID="-1" href="IMNG_HLP_APPSETT.html">聊天室应用程序设置</target>
   </keywords>
   <keywords>
      <text FeatureID="-1">搜索聊天室通话组</text>
      <target FeatureID="-1" href="IMNG_HLP_SEARCHCHAT.html">搜索聊天室用户</target>
   </keywords>
   <keywords>
      <text FeatureID="-1">已存会话</text>
      <target FeatureID="-1" href="IMNG_HLP_SAVED_LIST.html">已存会话</target>
   </keywords>
   <keywords>
      <text FeatureID="-1">IM (聊天室)</text>
      <target FeatureID="-1" href="IMNG_HLP_IMCHAT.html">通话组会话</target>
   </keywords>
   <keywords>
      <text FeatureID="-1">加入聊天室通话组</text>
      <target FeatureID="-1" href="IMNG_HLP_IMCHAT.html">通话组会话</target>
   </keywords>
   <keywords>
      <text FeatureID="-1">编辑权限</text>
      <target FeatureID="-1" href="IMNG_HLP_GROUP_EDIT.html">通话组编辑权限</target>
   </keywords>
   <keywords>
      <text FeatureID="-1">阻止的列表</text>
      <target FeatureID="-1" href="IMNG_HLP_GROUP_BAN.html">禁止聊天室用户加入通话组</target>
   </keywords>
   <keywords>
      <text FeatureID="-1">聊天室通话组成员</text>
      <target FeatureID="-1" href="IMNG_HLP_GROUP_BAN.html">禁止聊天室用户加入通话组</target>
      <target FeatureID="-1" href="IMNG_HLP_ACCLIST.html">聊天室通话组成员</target>
   </keywords>
   <keywords>
      <text FeatureID="-1">聊天室联系人</text>
      <target FeatureID="-1" href="IMNG_HLP_CONT_OWN_DATA.html">我的数据</target>
      <target FeatureID="-1" href="IMNG_HLP_BLOCKED_VIEW.html">被禁止的联系人</target>
      <target FeatureID="-1" href="IMNG_HLP_CONTACTDETAILS.html">聊天室联系人详情</target>
   </keywords>
   <keywords>
      <text FeatureID="-1">被禁止的聊天室联系人</text>
      <target FeatureID="-1" href="IMNG_HLP_BLOCKED_VIEW.html">被禁止的联系人</target>
   </keywords>
   <keywords>
      <text FeatureID="-1">聊天室设置</text>
      <target FeatureID="-1" href="IMNG_HLP_SETTINGS.html">聊天室设置</target>
      <target FeatureID="-1" href="IMNG_HLP_APPSETT.html">聊天室应用程序设置</target>
   </keywords>
   <keywords>
      <text FeatureID="-1">聊天室服务器</text>
      <target FeatureID="-1" href="IMNG_HLP_SERVLISTSETT_IM.html">聊天室服务器</target>
   </keywords>
   <keywords>
      <text FeatureID="-1">聊天室服务器设置</text>
      <target FeatureID="-1" href="IMNG_HLP_DEFSERVER.html">聊天室服务器设置</target>
   </keywords>
   <keywords>
      <text FeatureID="-1">服务器设置</text>
      <target FeatureID="-1" href="IMNG_HLP_DEFSERVER.html">聊天室服务器设置</target>
   </keywords>
   <keywords>
      <text FeatureID="-1">邀请</text>
      <target FeatureID="-1" href="IMNG_HLP_INVITE.html">聊天室邀请</target>
   </keywords>
   <keywords>
      <text FeatureID="-1">聊天室通话组设置</text>
      <target FeatureID="-1" href="IMNG_HLP_CREATECHAT.html">聊天室通话组设置</target>
   </keywords>
   <keywords>
      <text FeatureID="-1">会话</text>
      <target FeatureID="-1" href="IMNG_HLP_CONVERSATIONS.html">聊天室会话</target>
   </keywords>
</keywords>