<?xml version="1.0" encoding="UTF-8"?>
<keywords>
   <keywords>
      <text FeatureID="-1">e-postaren ezarpenak</text>
      <target FeatureID="-1" href="MBXS_HLP_SETT_DOWNL_CTRL.html">E-mailen berreskuratze-ezarpenak</target>
      <target FeatureID="-1" href="MBXS_HLP_SETT_DOWNL_RETR.html">E-mailen berreskuratze-kopurua</target>
      <target FeatureID="-1" href="MBXS_HLP_SETT_MBX_IN.html">Jasotako e-mailen ezarpenak</target>
      <target FeatureID="-1" href="MBXS_HLP_SETT_MBX_IN_OUT.html">Konexiorako ezarpenak</target>
      <target FeatureID="-1" href="MBXS_HLP_SETT_MBX_OUT.html">Irteerako e-mail ezarp.</target>
      <target FeatureID="-1" href="MCE_HLP_SETTINGS_EMAIL.html">E-mailaren ezarpenak</target>
      <target FeatureID="-1" href="MCE_HLP_SETT_EMAILMAIN.html">Postontziak editatzea</target>
      <target FeatureID="-1" href="MCE_HLP_SETT_MAILBLIST.html">Postontziak</target>
      <target FeatureID="-1" href="MCE_HLP_SETT_MAILFOLDER_UPD.html">Postontziaren karpetak</target>
      <target FeatureID="true_1633" href="MCE_HLP_SETT_MAIL_ONLI.html">Berreskuratze automatikoa</target>
   </keywords>
   <keywords>
      <text FeatureID="-1">postontzien ezarpenak</text>
      <target FeatureID="-1" href="MCE_HLP_SETT_EMAILMAIN.html">Postontziak editatzea</target>
   </keywords>
   <keywords>
      <text FeatureID="-1">postontzia</text>
      <target FeatureID="-1" href="MCE_HLP_SETT_MAILBLIST.html">Postontziak</target>
      <target FeatureID="-1" href="MCE_HLP_MAILBOX_ONLINE.html">Lineako e-maila</target>
   </keywords>
   <keywords>
      <text FeatureID="-1">postontziaren karpetak</text>
      <target FeatureID="-1" href="MCE_HLP_SETT_MAILFOLDER_UPD.html">Postontziaren karpetak</target>
   </keywords>
   <keywords>
      <text FeatureID="-1">erabiltzailearen ezarpenak</text>
      <target FeatureID="-1" href="MCE_HLP_SETT_MAIL_USER.html">Erabiltzailearen ezarpenak</target>
   </keywords>
   <keywords>
      <text FeatureID="true_44">postontzien ezarpenak sink</text>
      <target FeatureID="true_44" href="MCE_HLP_SETT_SMAILBOX.html">Postontzien ezarpenak sink</target>
   </keywords>
   <keywords>
      <text FeatureID="true_44">e-mail ezarpenen sink</text>
      <target FeatureID="true_44" href="MCE_HLP_SETT_SMAILBOX.html">Postontzien ezarpenak sink</target>
   </keywords>
   <keywords>
      <text FeatureID="-1">offline e-maila</text>
      <target FeatureID="-1" href="MCE_HLP_MAILBOX_OFFLINE.html">Offline e-maila</target>
   </keywords>
   <keywords>
      <text FeatureID="-1">postontzira konektatzen</text>
      <target FeatureID="-1" href="MCE_HLP_MAILBOX_ONLINE.html">Lineako e-maila</target>
   </keywords>
   <keywords>
      <text FeatureID="-1">lineako e-maila</text>
      <target FeatureID="-1" href="MCE_HLP_MAILBOX_ONLINE.html">Lineako e-maila</target>
      <target FeatureID="-1" href="MCE_HLP_MAILBOX_ONLINE.html">Lineako e-maila</target>
   </keywords>
</keywords>