<?xml version="1.0" encoding="UTF-8"?><?xml-stylesheet  href="../../theme/xsl/index2html.xslt" type="text/xsl"?>
<topics FeatureID="-1" title="訊息" compressed="true">
   <topicref FeatureID="-1" href="MCE_HLP_MESSAGING.html" navtitle="訊息中心"/>
   <topicref FeatureID="-1" href="MCE_HLP_SIM.html" navtitle="檢視 SIM 卡訊息"/>
   <topicref FeatureID="-1" href="MCE_HLP_SETTINGS.html" navtitle="訊息設定"/>
   <topicref FeatureID="-1" href="MCE_HLP_SETTINGS_SMS.html" navtitle="簡訊設定"/>
   <topicref FeatureID="-1" href="SMS_HLP_SETTINGS_SCENTRES.html" navtitle="簡訊中心設定"/>
   <topicref FeatureID="-1" href="SMS_HLP_SETTINGS_SCENTRES_EDIT.html" navtitle="編輯簡訊中心"/>
   <topicref FeatureID="true_1092" href="SMS_HLP_SETTINGS_SMS_EMAIL.html" navtitle="簡訊電子郵件設定"/>
   <topicref FeatureID="-1" href="MCE_HLP_SETTINGS_MMS.html" navtitle="多媒體訊息設定"/>
   <topicref FeatureID="true_1090" href="MCE_HLP_SETTINGS_CB.html" navtitle="簡訊廣播服務設定"/>
   <topicref FeatureID="-1" href="MCE_HLP_SETTINGS_GEN.html" navtitle="其他設定"/>
   <topicref FeatureID="-1" href="MCE_HLP_INBOX.html" navtitle="收件匣"/>
   <topicref FeatureID="-1" href="MCE_HLP_DOCUMENTS.html" navtitle="我的資料夾"/>
   <topicref FeatureID="-1" href="MCE_HLP_TEMPLATES.html" navtitle="訊息範本"/>
   <topicref FeatureID="-1" href="MCE_HLP_FOLDER.html" navtitle="組織訊息"/>
   <topicref FeatureID="-1" href="MCE_HLP_DRAFTS.html" navtitle="草稿"/>
   <topicref FeatureID="-1" href="MCE_HLP_SENT_ITEMS.html" navtitle="寄件備份"/>
   <topicref FeatureID="-1" href="MCE_HLP_OUTBOX.html" navtitle="寄件匣"/>
   <topicref FeatureID="-1" href="MCE_HLP_DELIVERY_REPORTS.html" navtitle="傳遞報告"/>
   <topicref FeatureID="true_1132" href="MCE_HLP_MMS_NOTIFICATIONS.html" navtitle="多媒體通知"/>
   <topicref FeatureID="-1" href="FIND_HLP.html" navtitle="尋找號碼/位址"/>
</topics>