<?xml version="1.0" encoding="UTF-8"?>
<keywords>
   <keywords>
      <text FeatureID="-1">傳送訊息</text>
      <target FeatureID="-1" href="MCE_HLP_MESSAGING.html">訊息中心</target>
      <target FeatureID="-1" href="MCE_HLP_OUTBOX.html">寄件匣</target>
   </keywords>
   <keywords>
      <text FeatureID="-1">接收訊息</text>
      <target FeatureID="-1" href="MCE_HLP_MESSAGING.html">訊息中心</target>
      <target FeatureID="-1" href="MCE_HLP_INBOX.html">收件匣</target>
   </keywords>
   <keywords>
      <text FeatureID="-1">SIM 卡訊息</text>
      <target FeatureID="-1" href="MCE_HLP_SIM.html">檢視 SIM 卡訊息</target>
   </keywords>
   <keywords>
      <text FeatureID="-1">SIM 卡上的訊息</text>
      <target FeatureID="-1" href="MCE_HLP_SIM.html">檢視 SIM 卡訊息</target>
   </keywords>
   <keywords>
      <text FeatureID="-1">訊息設定</text>
      <target FeatureID="-1" href="MCE_HLP_SETTINGS.html">訊息設定</target>
      <target FeatureID="-1" href="MCE_HLP_SETTINGS_GEN.html">其他設定</target>
   </keywords>
   <keywords>
      <text FeatureID="-1">簡訊設定</text>
      <target FeatureID="-1" href="MCE_HLP_SETTINGS_SMS.html">簡訊設定</target>
      <target FeatureID="-1" href="MCE_HLP_SETTINGS_SMS.html">簡訊設定</target>
      <target FeatureID="-1" href="SMS_HLP_SETTINGS_SCENTRES.html">簡訊中心設定</target>
      <target FeatureID="-1" href="SMS_HLP_SETTINGS_SCENTRES_EDIT.html">編輯簡訊中心</target>
   </keywords>
   <keywords>
      <text FeatureID="-1">訊息中心設定</text>
      <target FeatureID="-1" href="SMS_HLP_SETTINGS_SCENTRES.html">簡訊中心設定</target>
      <target FeatureID="-1" href="SMS_HLP_SETTINGS_SCENTRES_EDIT.html">編輯簡訊中心</target>
   </keywords>
   <keywords>
      <text FeatureID="-1">簡訊中心設定</text>
      <target FeatureID="-1" href="SMS_HLP_SETTINGS_SCENTRES.html">簡訊中心設定</target>
   </keywords>
   <keywords>
      <text FeatureID="true_1092">簡訊電子郵件</text>
      <target FeatureID="true_1092" href="SMS_HLP_SETTINGS_SMS_EMAIL.html">簡訊電子郵件設定</target>
   </keywords>
   <keywords>
      <text FeatureID="true_1092">簡訊電子郵件設定</text>
      <target FeatureID="true_1092" href="SMS_HLP_SETTINGS_SMS_EMAIL.html">簡訊電子郵件設定</target>
   </keywords>
   <keywords>
      <text FeatureID="-1">MMS 設定</text>
      <target FeatureID="-1" href="MCE_HLP_SETTINGS_MMS.html">多媒體訊息設定</target>
   </keywords>
   <keywords>
      <text FeatureID="true_1090">簡訊廣播服務設定</text>
      <target FeatureID="true_1090" href="MCE_HLP_SETTINGS_CB.html">簡訊廣播服務設定</target>
   </keywords>
   <keywords>
      <text FeatureID="-1">收件匣</text>
      <target FeatureID="-1" href="MCE_HLP_INBOX.html">收件匣</target>
   </keywords>
   <keywords>
      <text FeatureID="-1">我的資料夾</text>
      <target FeatureID="-1" href="MCE_HLP_DOCUMENTS.html">我的資料夾</target>
   </keywords>
   <keywords>
      <text FeatureID="-1">儲存訊息</text>
      <target FeatureID="-1" href="MCE_HLP_DOCUMENTS.html">我的資料夾</target>
   </keywords>
   <keywords>
      <text FeatureID="-1">傳送範本</text>
      <target FeatureID="-1" href="MCE_HLP_TEMPLATES.html">訊息範本</target>
   </keywords>
   <keywords>
      <text FeatureID="-1">訊息範本</text>
      <target FeatureID="-1" href="MCE_HLP_TEMPLATES.html">訊息範本</target>
   </keywords>
   <keywords>
      <text FeatureID="-1">組織訊息</text>
      <target FeatureID="-1" href="MCE_HLP_FOLDER.html">組織訊息</target>
   </keywords>
   <keywords>
      <text FeatureID="-1">儲存草稿訊息</text>
      <target FeatureID="-1" href="MCE_HLP_DRAFTS.html">草稿</target>
   </keywords>
   <keywords>
      <text FeatureID="-1">草稿訊息</text>
      <target FeatureID="-1" href="MCE_HLP_DRAFTS.html">草稿</target>
   </keywords>
   <keywords>
      <text FeatureID="-1">寄件備份</text>
      <target FeatureID="-1" href="MCE_HLP_SENT_ITEMS.html">寄件備份</target>
   </keywords>
   <keywords>
      <text FeatureID="-1">檢視寄件匣</text>
      <target FeatureID="-1" href="MCE_HLP_OUTBOX.html">寄件匣</target>
   </keywords>
   <keywords>
      <text FeatureID="-1">傳遞報告</text>
      <target FeatureID="-1" href="MCE_HLP_DELIVERY_REPORTS.html">傳遞報告</target>
   </keywords>
   <keywords>
      <text FeatureID="true_1132">MMS 通知</text>
      <target FeatureID="true_1132" href="MCE_HLP_MMS_NOTIFICATIONS.html">多媒體通知</target>
   </keywords>
   <keywords>
      <text FeatureID="-1">尋找電話號碼</text>
      <target FeatureID="-1" href="FIND_HLP.html">尋找號碼/位址</target>
   </keywords>
   <keywords>
      <text FeatureID="-1">尋找位址</text>
      <target FeatureID="-1" href="FIND_HLP.html">尋找號碼/位址</target>
   </keywords>
</keywords>