<?xml version="1.0" encoding="UTF-8"?>
<keywords>
   <keywords>
      <text FeatureID="-1">lector de mensajes, idioma</text>
      <target FeatureID="-1" href="SPEECH_HLP_MAIN.html">Ajustes de voz</target>
   </keywords>
   <keywords>
      <text FeatureID="-1">lector de mensajes, voz</text>
      <target FeatureID="-1" href="SPEECH_HLP_MAIN.html">Ajustes de voz</target>
   </keywords>
   <keywords>
      <text FeatureID="-1">lector de mensajes, detalles de voz</text>
      <target FeatureID="-1" href="SPEECH_HLP_VOICE.html">Detalles de voz</target>
   </keywords>
   <keywords>
      <text FeatureID="-1">lector de mensajes, ajustes</text>
      <target FeatureID="-1" href="SPEECH_HLP_MRSETTINGS.html">Ajustes del lector de mensajes</target>
   </keywords>
</keywords>