<?xml version="1.0" encoding="UTF-8"?>
<keywords>
   <keywords>
      <text FeatureID="-1">заснемане, звуци</text>
      <target FeatureID="-1" href="VOREC_HLP_EMPTY_RECORDER.html">Зап. зв. клип.</target>
   </keywords>
   <keywords>
      <text FeatureID="-1">гласов рекордер</text>
      <target FeatureID="-1" href="VOREC_HLP_MAIN.html">Използване на гласов рекордер</target>
   </keywords>
   <keywords>
      <text FeatureID="-1">запис на звук. клипове</text>
      <target FeatureID="-1" href="VOREC_HLP_MAIN.html">Използване на гласов рекордер</target>
   </keywords>
   <keywords>
      <text FeatureID="-1">настройки на гласовия рекордер</text>
      <target FeatureID="-1" href="VOREC_HLP_SETTINGS.html">Настройки на гласовия рекордер</target>
   </keywords>
</keywords>