<?xml version="1.0" encoding="UTF-8"?>
<keywords>
   <keywords>
      <text FeatureID="-1">uppfæra hugbúnað</text>
      <target FeatureID="-1" href="SWUPDATE_HLP_MAIN.html">Hugbúnaðaruppfærsla</target>
   </keywords>
   <keywords>
      <text FeatureID="-1">hugbúnaðaruppfærsla</text>
      <target FeatureID="-1" href="SWUPDATE_HLP_MAIN.html">Hugbúnaðaruppfærsla</target>
   </keywords>
   <keywords>
      <text FeatureID="-1">stillingar fyrir uppfærslu</text>
      <target FeatureID="-1" href="SWUPDATE_HLP_SETTINGS.html">Stillingar fyrir uppfærslu</target>
   </keywords>
</keywords>