<?xml version="1.0" encoding="UTF-8"?>
<keywords>
   <keywords>
      <text FeatureID="true_13 true_1566">ryšys USB kabeliu</text>
      <target FeatureID="true_13" href="USB_HLP_MAIN.html">USB parametrai</target>
      <target FeatureID="true_1566" href="USB_HLP_PRINT_SETTINGS.html">Spausdintuvo parametrai</target>
   </keywords>
   <keywords>
      <text FeatureID="true_13">ryšys kabeliu</text>
      <target FeatureID="true_13" href="USB_HLP_MAIN.html">USB parametrai</target>
   </keywords>
   <keywords>
      <text FeatureID="true_1566">spausdinimas</text>
      <target FeatureID="true_1566" href="USB_HLP_PRINT_SETTINGS.html">Spausdintuvo parametrai</target>
   </keywords>
   <keywords>
      <text FeatureID="true_1566">parametrai, spausdintuvas</text>
      <target FeatureID="true_1566" href="USB_HLP_PRINT_SETTINGS.html">Spausdintuvo parametrai</target>
   </keywords>
</keywords>