<?xml version="1.0" encoding="UTF-8"?>
<keywords>
   <keywords>
      <text FeatureID="-1">bideoak partekatzen</text>
      <target FeatureID="true_208" href="MSH_HLP_LIVE.html">Partekatu zuzeneko bideoak</target>
      <target FeatureID="-1" href="MSH_HLP_CLIP.html">Partekatu bideoak</target>
      <target FeatureID="-1" href="MSH_HLP_SETTINGS.html">Bideo partekatze ezarpenak</target>
      <target FeatureID="-1" href="MSH_HLP_RECEIVE.html">Ikusi partekatutako bideoak</target>
   </keywords>
</keywords>