<?xml version="1.0" encoding="UTF-8"?>
<keywords>
   <keywords>
      <text FeatureID="-1">sohbet mesajları</text>
      <target FeatureID="-1" href="SERVTAB_HLP_CONVERSATION.html">Sohbet mesajları gönderme</target>
   </keywords>
   <keywords>
      <text FeatureID="-1">sohbet</text>
      <target FeatureID="-1" href="SERVTAB_HLP_CONVERSATION.html">Sohbet mesajları gönderme</target>
   </keywords>
   <keywords>
      <text FeatureID="-1">oturumlar</text>
      <target FeatureID="-1" href="SERVTAB_HLP_CONVERSATION.html">Sohbet mesajları gönderme</target>
   </keywords>
</keywords>