<?xml version="1.0" encoding="UTF-8"?>
<keywords>
   <keywords>
      <text FeatureID="-1">αναζήτηση</text>
      <target FeatureID="-1" href="SEARCH_HLP_INDEVICE_MAIN.html">Αναζήτηση</target>
   </keywords>
   <keywords>
      <text FeatureID="-1">αποτελέσματα αναζήτησης</text>
      <target FeatureID="-1" href="SEARCH_HLP_SINGLE_RE.html">Αποτελέσματα αναζήτησης</target>
      <target FeatureID="-1" href="SEARCH_HLP_GROUPED.html">Αποτελέσματα αναζήτησης σε κατηγορίες</target>
   </keywords>
</keywords>