<?xml version="1.0" encoding="UTF-8"?><?xml-stylesheet  href="../../theme/xsl/index2html.xslt" type="text/xsl"?>
<topics FeatureID="-1" title="Protokoly" compressed="true">
   <topicref FeatureID="-1" href="GPRS_HLP_MAIN.html" navtitle="Paketová data, připojení"/>
   <topicref FeatureID="-1" href="LOGS_HLP_COUNTER.html" navtitle="Registry hovorů a dat"/>
   <topicref FeatureID="-1" href="LOGS_HLP_DETAIL.html" navtitle="Detaily protokolu událostí"/>
   <topicref FeatureID="-1" href="LOGS_HLP_MAIN.html" navtitle="Informace protokolu"/>
   <topicref FeatureID="-1" href="LOGS_HLP_SETTING.html" navtitle="Nastavení protokolu"/>
   <topicref FeatureID="-1" href="STM_HLP_DIALLED.html" navtitle="Volaná čísla"/>
   <topicref FeatureID="-1" href="STM_HLP_MAIN.html" navtitle="Poslední hovory"/>
   <topicref FeatureID="-1" href="STM_HLP_MISSED.html" navtitle="Nepřijaté hovory"/>
   <topicref FeatureID="-1" href="STM_HLP_RECEIVED.html" navtitle="Přijaté hovory"/>
   <topicref FeatureID="-1" href="TIMERS_HLP_MAIN.html" navtitle="Trvání hovoru"/>
</topics>