<?xml version="1.0" encoding="UTF-8"?>
<keywords>
   <keywords>
      <text FeatureID="-1">paketová data, připojení</text>
      <target FeatureID="-1" href="GPRS_HLP_MAIN.html">Paketová data, připojení</target>
      <target FeatureID="-1" href="LOGS_HLP_COUNTER.html">Registry hovorů a dat</target>
   </keywords>
   <keywords>
      <text FeatureID="-1">trvání hovorů</text>
      <target FeatureID="-1" href="LOGS_HLP_COUNTER.html">Registry hovorů a dat</target>
   </keywords>
   <keywords>
      <text FeatureID="-1">poslední hovory</text>
      <target FeatureID="-1" href="LOGS_HLP_COUNTER.html">Registry hovorů a dat</target>
      <target FeatureID="-1" href="STM_HLP_MAIN.html">Poslední hovory</target>
   </keywords>
   <keywords>
      <text FeatureID="-1">protokoly</text>
      <target FeatureID="-1" href="LOGS_HLP_DETAIL.html">Detaily protokolu událostí</target>
      <target FeatureID="-1" href="LOGS_HLP_MAIN.html">Informace protokolu</target>
   </keywords>
   <keywords>
      <text FeatureID="-1">protokol, nastavení</text>
      <target FeatureID="-1" href="LOGS_HLP_SETTING.html">Nastavení protokolu</target>
   </keywords>
   <keywords>
      <text FeatureID="-1">volaná čísla</text>
      <target FeatureID="-1" href="STM_HLP_DIALLED.html">Volaná čísla</target>
   </keywords>
   <keywords>
      <text FeatureID="-1">protokol volání</text>
      <target FeatureID="-1" href="STM_HLP_MAIN.html">Poslední hovory</target>
   </keywords>
   <keywords>
      <text FeatureID="-1">nepřijaté hovory</text>
      <target FeatureID="-1" href="STM_HLP_MISSED.html">Nepřijaté hovory</target>
   </keywords>
   <keywords>
      <text FeatureID="-1">přijaté hovory</text>
      <target FeatureID="-1" href="STM_HLP_RECEIVED.html">Přijaté hovory</target>
      <target FeatureID="-1" href="STM_HLP_RECEIVED.html">Přijaté hovory</target>
   </keywords>
   <keywords>
      <text FeatureID="-1">trvání hovoru</text>
      <target FeatureID="-1" href="TIMERS_HLP_MAIN.html">Trvání hovoru</target>
   </keywords>
   <keywords>
      <text FeatureID="-1">délka hovorů</text>
      <target FeatureID="-1" href="TIMERS_HLP_MAIN.html">Trvání hovoru</target>
   </keywords>
</keywords>