<?xml version="1.0" encoding="UTF-8"?>
<keywords>
   <keywords>
      <text FeatureID="-1">souporaba videa</text>
      <target FeatureID="true_208" href="MSH_HLP_LIVE.html">Souporaba videa v živo</target>
      <target FeatureID="-1" href="MSH_HLP_CLIP.html">Souporaba video posnetkov</target>
      <target FeatureID="-1" href="MSH_HLP_SETTINGS.html">Nastavitve souporabe videoposnetkov</target>
      <target FeatureID="-1" href="MSH_HLP_RECEIVE.html">Ogled videov v souporabi</target>
   </keywords>
</keywords>