<?xml version="1.0" encoding="UTF-8"?><?xml-stylesheet  href="../../theme/xsl/index2html.xslt" type="text/xsl"?>
<topics FeatureID="-1" title="دفتر الهاتف" compressed="true">
   <topicref FeatureID="-1" href="HLP_CCA_DETAILS.html" navtitle="تفاصيل الاسم"/>
   <topicref FeatureID="-1" href="HLP_CCA_LAUNCHER.html" navtitle="بطاقات الأسماء"/>
   <topicref FeatureID="-1" href="PHOB_HLP_GROUP_LIST.html" navtitle="مجموعات الأسماء"/>
   <topicref FeatureID="-1" href="PHOB_HLP_SIM_LIST.html" navtitle="دليل أسماء SIM"/>
   <topicref FeatureID="-1" href="PHOB_HLP_MY_NUMBERS.html" navtitle="الأرقام الخاصة بي"/>
   <topicref FeatureID="-1" href="PHOB_HLP_GROUP_MEMBER_LIST.html" navtitle="أعضاء المجموعات"/>
   <topicref FeatureID="-1" href="PHOB_HLP_SETTINGS.html" navtitle="ضبط الأسماء"/>
   <topicref FeatureID="-1" href="PHOB_HLP_NAME_LIST.html" navtitle="قائمة الأسماء"/>
   <topicref FeatureID="-1" href="HLP_CCA_MY_CARD.html" navtitle="My Card"/>
   <topicref FeatureID="-1" href="RLOOK_HLP_INFO_VIEW.html" navtitle="إدارة الاسم الذي تم العثور عليه"/>
   <topicref FeatureID="-1" href="HLP_CCA_EDITOR.html" navtitle="تعديل بطاقات الأسماء"/>
   <topicref FeatureID="-1" href="PHOB_HLP_CONTACT_INFO_VIEW.html" navtitle="بطاقات الأسماء"/>
   <topicref FeatureID="-1" href="PHOB_HLP_EDIT_ENTRY.html" navtitle="تعديل بطاقات الأسماء"/>
   <topicref FeatureID="-1" href="FDN_HLP_FDN_NUMBER_VIEW.html" navtitle="أسماء الاتصال الثابت"/>
   <topicref FeatureID="-1" href="FDN_HLP_FDN_VIEW.html" navtitle="حظر مكالمات"/>
   <topicref FeatureID="-1" href="SDN_HLP_APP.html" navtitle="أرقام الخدمة"/>
   <topicref FeatureID="-1" href="PHOB_HLP_SIM_INFO_VIEW.html" navtitle="بطاقات أسماء SIM"/>
</topics>