<?xml version="1.0" encoding="UTF-8"?>
<keywords>
   <keywords>
      <text FeatureID="-1">مجموعات الأسماء</text>
      <target FeatureID="-1" href="PHOB_HLP_GROUP_LIST.html">مجموعات الأسماء</target>
      <target FeatureID="-1" href="PHOB_HLP_GROUP_MEMBER_LIST.html">أعضاء المجموعات</target>
   </keywords>
   <keywords>
      <text FeatureID="-1">الأسماء في بطاقة SIM</text>
      <target FeatureID="-1" href="PHOB_HLP_SIM_LIST.html">دليل أسماء SIM</target>
   </keywords>
   <keywords>
      <text FeatureID="-1">رقم SIM</text>
      <target FeatureID="-1" href="PHOB_HLP_MY_NUMBERS.html">الأرقام الخاصة بي</target>
   </keywords>
   <keywords>
      <text FeatureID="-1">ترتيب دليل الأسماء</text>
      <target FeatureID="-1" href="PHOB_HLP_SETTINGS.html">ضبط الأسماء</target>
   </keywords>
   <keywords>
      <text FeatureID="-1">ذاكرة الأسماء</text>
      <target FeatureID="-1" href="PHOB_HLP_SETTINGS.html">ضبط الأسماء</target>
   </keywords>
   <keywords>
      <text FeatureID="-1">ذاكرة افتراضية</text>
      <target FeatureID="-1" href="PHOB_HLP_SETTINGS.html">ضبط الأسماء</target>
   </keywords>
   <keywords>
      <text FeatureID="-1">دليل الأسماء</text>
      <target FeatureID="-1" href="PHOB_HLP_NAME_LIST.html">قائمة الأسماء</target>
   </keywords>
   <keywords>
      <text FeatureID="-1">معلومات الاسم</text>
      <target FeatureID="-1" href="PHOB_HLP_NAME_LIST.html">قائمة الأسماء</target>
   </keywords>
   <keywords>
      <text FeatureID="-1">دليل الهاتف</text>
      <target FeatureID="-1" href="PHOB_HLP_NAME_LIST.html">قائمة الأسماء</target>
   </keywords>
   <keywords>
      <text FeatureID="-1">الأسماء</text>
      <target FeatureID="-1" href="RLOOK_HLP_INFO_VIEW.html">إدارة الاسم الذي تم العثور عليه</target>
   </keywords>
   <keywords>
      <text FeatureID="-1">بطاقات الأسماء</text>
      <target FeatureID="-1" href="PHOB_HLP_CONTACT_INFO_VIEW.html">بطاقات الأسماء</target>
      <target FeatureID="-1" href="PHOB_HLP_EDIT_ENTRY.html">تعديل بطاقات الأسماء</target>
   </keywords>
   <keywords>
      <text FeatureID="-1">قيود دفتر الهاتف</text>
      <target FeatureID="-1" href="PHOB_HLP_CONTACT_INFO_VIEW.html">بطاقات الأسماء</target>
   </keywords>
   <keywords>
      <text FeatureID="-1">الاتصال الثابت</text>
      <target FeatureID="-1" href="FDN_HLP_FDN_NUMBER_VIEW.html">أسماء الاتصال الثابت</target>
      <target FeatureID="-1" href="FDN_HLP_FDN_VIEW.html">حظر مكالمات</target>
   </keywords>
   <keywords>
      <text FeatureID="-1">حظر مكالمات</text>
      <target FeatureID="-1" href="FDN_HLP_FDN_VIEW.html">حظر مكالمات</target>
   </keywords>
   <keywords>
      <text FeatureID="-1">أرقام الخدمة</text>
      <target FeatureID="-1" href="SDN_HLP_APP.html">أرقام الخدمة</target>
   </keywords>
   <keywords>
      <text FeatureID="-1">أرقام خدمة SIM</text>
      <target FeatureID="-1" href="SDN_HLP_APP.html">أرقام الخدمة</target>
   </keywords>
   <keywords>
      <text FeatureID="-1">أرقام الخدمة في بطاقة SIM</text>
      <target FeatureID="-1" href="SDN_HLP_APP.html">أرقام الخدمة</target>
   </keywords>
   <keywords>
      <text FeatureID="-1">بطاقة SIM</text>
      <target FeatureID="-1" href="PHOB_HLP_SIM_INFO_VIEW.html">بطاقات أسماء SIM</target>
   </keywords>
   <keywords>
      <text FeatureID="-1">أسماء SIM</text>
      <target FeatureID="-1" href="PHOB_HLP_SIM_INFO_VIEW.html">بطاقات أسماء SIM</target>
   </keywords>
</keywords>