<?xml version="1.0" encoding="UTF-8"?>
<keywords>
   <keywords>
      <text FeatureID="-1">الاتصال الثابت</text>
      <target FeatureID="-1" href="FDN_HLP_FDN_NUM_EDIT_VIEW.html">تعديل الأسماء</target>
      <target FeatureID="-1" href="FDN_HLP_FDN_NUMBER_VIEW.html">أسماء الاتصال الثابت</target>
      <target FeatureID="-1" href="FDN_HLP_FDN_VIEW.html">حظر مكالمات</target>
   </keywords>
   <keywords>
      <text FeatureID="-1">حظر مكالمات</text>
      <target FeatureID="-1" href="FDN_HLP_FDN_VIEW.html">حظر مكالمات</target>
   </keywords>
   <keywords>
      <text FeatureID="-1">أرقام الخدمة</text>
      <target FeatureID="-1" href="SDN_HLP_APP.html">أرقام الخدمة</target>
   </keywords>
   <keywords>
      <text FeatureID="-1">أرقام خدمة SIM</text>
      <target FeatureID="-1" href="SDN_HLP_APP.html">أرقام الخدمة</target>
   </keywords>
   <keywords>
      <text FeatureID="-1">أرقام الخدمة في بطاقة SIM</text>
      <target FeatureID="-1" href="SDN_HLP_APP.html">أرقام الخدمة</target>
   </keywords>
   <keywords>
      <text FeatureID="-1">مجموعات الأسماء</text>
      <target FeatureID="-1" href="PHOB_HLP_GROUP_LIST.html">مجموعات الأسماء</target>
      <target FeatureID="-1" href="PHOB_HLP_GROUP_MEMBER_LIST.html">أعضاء المجموعات</target>
   </keywords>
   <keywords>
      <text FeatureID="-1">الأسماء في بطاقة SIM</text>
      <target FeatureID="-1" href="PHOB_HLP_SIM_LIST.html">دليل أسماء SIM</target>
   </keywords>
   <keywords>
      <text FeatureID="-1">رقم SIM</text>
      <target FeatureID="-1" href="PHOB_HLP_MY_NUMBERS.html">الأرقام الخاصة بي</target>
   </keywords>
   <keywords>
      <text FeatureID="-1">ترتيب دليل الأسماء</text>
      <target FeatureID="-1" href="PHOB_HLP_SETTINGS.html">ضبط الأسماء</target>
   </keywords>
   <keywords>
      <text FeatureID="-1">ذاكرة الأسماء</text>
      <target FeatureID="-1" href="PHOB_HLP_SETTINGS.html">ضبط الأسماء</target>
   </keywords>
   <keywords>
      <text FeatureID="-1">ذاكرة افتراضية</text>
      <target FeatureID="-1" href="PHOB_HLP_SETTINGS.html">ضبط الأسماء</target>
   </keywords>
   <keywords>
      <text FeatureID="-1">دليل الأسماء</text>
      <target FeatureID="-1" href="PHOB_HLP_NAME_LIST.html">دليل الأسماء</target>
   </keywords>
   <keywords>
      <text FeatureID="-1">معلومات الاسم</text>
      <target FeatureID="-1" href="PHOB_HLP_NAME_LIST.html">دليل الأسماء</target>
   </keywords>
   <keywords>
      <text FeatureID="-1">دليل الهاتف</text>
      <target FeatureID="-1" href="PHOB_HLP_NAME_LIST.html">دليل الأسماء</target>
   </keywords>
</keywords>