<?xml version="1.0" encoding="UTF-8"?>
<keywords>
   <keywords>
      <text FeatureID="true_11008 false_11008">裝置註冊</text>
      <target FeatureID="true_11008" href="DRM_HLP_REGISTRATION_METERING.html">裝置註冊</target>
      <target FeatureID="false_11008" href="DRM_HLP_REGISTRATION.html">裝置註冊</target>
   </keywords>
   <keywords>
      <text FeatureID="true_11008">無訊息權限的取得</text>
      <target FeatureID="true_11008" href="DRM_HLP_REGISTRATION_METERING.html">裝置註冊</target>
   </keywords>
   <keywords>
      <text FeatureID="true_11008">計量</text>
      <target FeatureID="true_11008" href="DRM_HLP_REGISTRATION_METERING.html">裝置註冊</target>
   </keywords>
</keywords>