<?xml version="1.0" encoding="UTF-8"?>
<keywords>
   <keywords>
      <text FeatureID="-1">ažuriranje softvera</text>
      <target FeatureID="-1" href="SWUPDATE_HLP_MAIN.html">Ažuriranje softvera</target>
      <target FeatureID="-1" href="SWUPDATE_HLP_MAIN.html">Ažuriranje softvera</target>
   </keywords>
   <keywords>
      <text FeatureID="-1">podešavanja za ažuriranje softvera</text>
      <target FeatureID="-1" href="SWUPDATE_HLP_SETTINGS.html">Podešavanja za ažuriranje softvera</target>
   </keywords>
</keywords>