<?xml version="1.0" encoding="UTF-8"?>
<keywords>
   <keywords>
      <text FeatureID="-1">actualizar software</text>
      <target FeatureID="-1" href="SWUPDATE_HLP_MAIN.html">Actualização de software</target>
   </keywords>
   <keywords>
      <text FeatureID="-1">actualização de software</text>
      <target FeatureID="-1" href="SWUPDATE_HLP_MAIN.html">Actualização de software</target>
   </keywords>
   <keywords>
      <text FeatureID="-1">Definições de actualização do software</text>
      <target FeatureID="-1" href="SWUPDATE_HLP_SETTINGS.html">Definições de actualização do software</target>
   </keywords>
</keywords>