<?xml version="1.0" encoding="UTF-8"?>
<keywords>
   <keywords>
      <text FeatureID="-1">週年紀念日項目, 建立</text>
      <target FeatureID="-1" href="FSCA_HLP_ANNIVERSARY_EDITOR.html">建立週年紀念日項目</target>
   </keywords>
   <keywords>
      <text FeatureID="-1">會議項目, 建立</text>
      <target FeatureID="-1" href="FSCA_HLP_CALE_MEETING_EDITOR.html">建立會議項目</target>
   </keywords>
   <keywords>
      <text FeatureID="-1">備註項目, 建立</text>
      <target FeatureID="-1" href="FSCA_HLP_MEMO_EDITOR.html">建立備註項目</target>
   </keywords>
   <keywords>
      <text FeatureID="-1">待辦事項項目, 建立</text>
      <target FeatureID="-1" href="FSCA_HLP_TODO_EDITOR.html">建立待辦事項項目</target>
   </keywords>
   <keywords>
      <text FeatureID="-1">會議項目, 修改</text>
      <target FeatureID="-1" href="FSCA_HLP_CALE_MEETING_VIEWER.html">修改會議項目</target>
   </keywords>
   <keywords>
      <text FeatureID="-1">備註項目, 修改</text>
      <target FeatureID="-1" href="FSCA_HLP_MEMO_VIEWER.html">修改備註項目</target>
   </keywords>
   <keywords>
      <text FeatureID="-1">待辦事項項目, 修改</text>
      <target FeatureID="-1" href="FSCA_HLP_TODO_VIEWER.html">修改待辦事項項目</target>
   </keywords>
   <keywords>
      <text FeatureID="-1">週年紀念日項目, 檢視</text>
      <target FeatureID="-1" href="FSCA_HLP_ANNI_VIEWER.html">修改週年紀念日項目</target>
   </keywords>
   <keywords>
      <text FeatureID="-1">會議要求, 修改回覆</text>
      <target FeatureID="-1" href="FSCA_HLP_RESPONSE_EDITOR.html">修改您的回覆</target>
   </keywords>
   <keywords>
      <text FeatureID="-1">會議要求, 管理</text>
      <target FeatureID="-1" href="FSCA_HLP_VIEWER_ORGANIZER.html">管理會議要求</target>
   </keywords>
   <keywords>
      <text FeatureID="-1">會議要求, 修改</text>
      <target FeatureID="-1" href="MEET_REQ_HLP_EDITOR.html">收到的會議要求</target>
   </keywords>
   <keywords>
      <text FeatureID="-1">會議要求, 回覆</text>
      <target FeatureID="-1" href="FSCA_HLP_VIEWER.html">回覆會議要求</target>
   </keywords>
   <keywords>
      <text FeatureID="-1">通訊錄</text>
      <target FeatureID="-1" href="RLOOK_HLP_INFO_VIEW.html">管理找到的聯絡人</target>
   </keywords>
   <keywords>
      <text FeatureID="-1">通訊錄, 找尋</text>
      <target FeatureID="-1" href="RLOOK_HLP_RESULT_VIEW.html">找尋結果</target>
   </keywords>
   <keywords>
      <text FeatureID="-1">電郵, 附件</text>
      <target FeatureID="-1" href="FSE_HLP_ATTACHMENT_LIST_EDITOR.html">新增附件</target>
   </keywords>
   <keywords>
      <text FeatureID="-1">刪除電郵</text>
      <target FeatureID="-1" href="FSE_HLP_MESSAGE_LIST_DELETED.html">刪除的電郵訊息</target>
   </keywords>
   <keywords>
      <text FeatureID="-1">電郵附件下載</text>
      <target FeatureID="-1" href="FSE_HLP_ATTACHMENT_LIST.html">下載附件</target>
   </keywords>
   <keywords>
      <text FeatureID="-1">草稿電郵</text>
      <target FeatureID="-1" href="FSE_HLP_MESSAGE_LIST_DRAFTS.html">草稿電郵訊息</target>
   </keywords>
   <keywords>
      <text FeatureID="-1">Nokia 電郵</text>
      <target FeatureID="-1" href="FSE_HLP_LAUNCHER_GRID.html">Nokia 電郵</target>
   </keywords>
   <keywords>
      <text FeatureID="-1">電郵</text>
      <target FeatureID="-1" href="FSE_HLP_LAUNCHER_GRID.html">Nokia 電郵</target>
   </keywords>
   <keywords>
      <text FeatureID="-1">電郵資料夾</text>
      <target FeatureID="-1" href="FSE_HLP_FOLDER_LIST.html">電郵資料夾</target>
      <target FeatureID="-1" href="FSE_HLP_SETT_IMAP_SUBSCR.html">訂閱資料夾</target>
      <target FeatureID="-1" href="FSE_HLP_MESSAGE_LIST_INBOX.html">使用電郵資料夾</target>
   </keywords>
   <keywords>
      <text FeatureID="-1">電郵設定</text>
      <target FeatureID="-1" href="FSE_HLP_LAUNCHER_SETTINGS.html">一般電郵設定</target>
      <target FeatureID="-1" href="FSE_HLP_POP_IMAP_SETT_MAIN.html">電郵設定</target>
      <target FeatureID="-1" href="FSE_HLP_IMS_SETTINGS_MAIN_VIEW.html">電郵設定</target>
      <target FeatureID="-1" href="FSE_HLP_MFE_SETTINGS_MAIN_VIEW.html">電郵設定</target>
   </keywords>
   <keywords>
      <text FeatureID="-1">全域電郵設定</text>
      <target FeatureID="-1" href="FSE_HLP_SETTINGS_GLOBAL.html">全域電郵設定</target>
   </keywords>
   <keywords>
      <text FeatureID="-1">HTML 電郵</text>
      <target FeatureID="-1" href="FS_VIEWER_HLP_HTML_VIEW.html">HTML 格式的電郵</target>
   </keywords>
   <keywords>
      <text FeatureID="-1">進階電郵設定</text>
      <target FeatureID="-1" href="FSE_HLP_POP_IMAP_SETT_ADV.html">進階電郵設定</target>
   </keywords>
   <keywords>
      <text FeatureID="-1">接收電郵設定</text>
      <target FeatureID="-1" href="FSE_HLP_POP_IMAP_SETT_INCOMING.html">接收電郵設定</target>
   </keywords>
   <keywords>
      <text FeatureID="-1">外發電郵設定</text>
      <target FeatureID="-1" href="FSE_HLP_POP_IMAP_SETT_OUTGOING.html">外發電郵設定</target>
   </keywords>
   <keywords>
      <text FeatureID="-1">電郵同步處理</text>
      <target FeatureID="-1" href="FSE_HLP_POP_IMAP_SETT_WHAT.html">選擇同步處理內容</target>
   </keywords>
   <keywords>
      <text FeatureID="-1">電郵同步處理時間</text>
      <target FeatureID="-1" href="FSE_HLP_POP_IMAP_SETT_WHEN.html">選擇同步處理時間</target>
      <target FeatureID="-1" href="FSE_HLP_IMS_SETTINGS_WHEN_SYNC.html">定義同步處理時間</target>
      <target FeatureID="-1" href="FSE_HLP_MFE_SETTINGS_WHEN_SYNC.html">選擇同步處理時間</target>
      <target FeatureID="-1" href="FSE_HLP_SETTINGS_WHEN_SYNC.html">同步處理時間</target>
   </keywords>
   <keywords>
      <text FeatureID="-1">電郵帳號設定</text>
      <target FeatureID="-1" href="FSE_HLP_IMS_SETTINGS_ACCT_INFO.html">電郵帳號設定</target>
   </keywords>
   <keywords>
      <text FeatureID="-1">進階郵箱設定</text>
      <target FeatureID="-1" href="FSE_HLP_IMS_SETTINGS_ADVANCED.html">進階郵箱設定</target>
      <target FeatureID="-1" href="FSE_HLP_MFE_SETTINGS_ADVANCED.html">進階郵箱設定</target>
   </keywords>
   <keywords>
      <text FeatureID="-1">郵箱設定</text>
      <target FeatureID="-1" href="FSE_HLP_IMS_SETTINGS_MAILBOX.html">郵箱設定</target>
      <target FeatureID="-1" href="FSE_HLP_MFE_SETTINGS_MAILBOX.html">一般郵箱設定</target>
   </keywords>
   <keywords>
      <text FeatureID="-1">電郵同步處理內容</text>
      <target FeatureID="-1" href="FSE_HLP_IMS_SETTINGS_WHAT_SYNC.html">定義同步處理內容</target>
      <target FeatureID="-1" href="FSE_HLP_MFE_SETTINGS_WHAT_SYNC.html">選擇同步處理內容</target>
   </keywords>
   <keywords>
      <text FeatureID="-1">電郵資料夾同步處理</text>
      <target FeatureID="-1" href="FSE_HLP_IMS_SETTINGS_FOLDER.html">同步處理電郵資料夾</target>
      <target FeatureID="-1" href="FSE_HLP_MFE_SETTINGS_FOLDER.html">同步處理設定</target>
   </keywords>
   <keywords>
      <text FeatureID="-1">電郵服務設定</text>
      <target FeatureID="-1" href="FSE_HLP_SETTINGS_INTELL_LIST.html">電郵服務設定</target>
   </keywords>
   <keywords>
      <text FeatureID="-1">Intellisync</text>
      <target FeatureID="-1" href="FSE_HLP_IMS_LAUNCHER_MAIN_VIEW.html">Intellisync 電郵</target>
   </keywords>
   <keywords>
      <text FeatureID="-1">Mail for Exchange</text>
      <target FeatureID="-1" href="FSE_HLP_MFE_LAUNCHER_MAIN_VIEW.html">Mail for Exchange 電郵</target>
   </keywords>
   <keywords>
      <text FeatureID="-1">電郵詳細資料</text>
      <target FeatureID="-1" href="FS_VIEWER_HLP_DETAILS_VIEW.html">訊息詳細資料</target>
   </keywords>
   <keywords>
      <text FeatureID="-1">電郵同步處理設定</text>
      <target FeatureID="-1" href="FSE_HLP_MFE_SETTINGS_PIM_APPS.html">應用程式同步處理設定</target>
   </keywords>
   <keywords>
      <text FeatureID="-1">日曆同步處理</text>
      <target FeatureID="-1" href="FSE_HLP_MFE_CALENDAR_APP.html">日曆同步處理設定</target>
   </keywords>
   <keywords>
      <text FeatureID="-1">通訊錄同步處理,</text>
      <target FeatureID="-1" href="FSE_HLP_MFE_CONTACTS_APP.html">通訊錄同步處理設定</target>
   </keywords>
   <keywords>
      <text FeatureID="-1">待辦事項項目同步處理</text>
      <target FeatureID="-1" href="FSE_HLP_MFE_TASKS_APP.html">待辦事項同步處理設定</target>
   </keywords>
   <keywords>
      <text FeatureID="-1">無電郵訊息</text>
      <target FeatureID="-1" href="FSE_HLP_MESSAGE_LIST_EMPTY.html">沒有訊息</target>
   </keywords>
   <keywords>
      <text FeatureID="-1">電郵寄件匣</text>
      <target FeatureID="-1" href="FSE_HLP_MESSAGE_LIST_OUTBOX.html">使用送件匣</target>
   </keywords>
   <keywords>
      <text FeatureID="-1">會議邀請</text>
      <target FeatureID="-1" href="FS_VIEWER_HLP_MEETING_REQ_VIEW.html">會議要求</target>
   </keywords>
   <keywords>
      <text FeatureID="-1">電郵找尋</text>
      <target FeatureID="-1" href="FSE_HLP_MESSAGE_LIST_SEARCHING.html">找尋電郵</target>
   </keywords>
   <keywords>
      <text FeatureID="-1">電郵找尋結果</text>
      <target FeatureID="-1" href="FSE_HLP_MESSAGE_LIST_SEARCHED.html">找尋結果</target>
   </keywords>
   <keywords>
      <text FeatureID="-1">傳送電郵</text>
      <target FeatureID="-1" href="FS_EDITOR_HLP_MAIN_VIEW.html">傳送電郵</target>
   </keywords>
   <keywords>
      <text FeatureID="-1">PIM 服務</text>
      <target FeatureID="-1" href="FSE_HLP_SETTINGS_PIM_VIEW.html">PIM 服務</target>
   </keywords>
   <keywords>
      <text FeatureID="-1">同步處理應用程式</text>
      <target FeatureID="-1" href="FSE_HLP_SETTINGS_APPLICATIONS.html">同步處理應用程式</target>
   </keywords>
   <keywords>
      <text FeatureID="-1">電郵附件</text>
      <target FeatureID="-1" href="FSE_HLP_ATTACHMENT_DOWNLOAD.html">檢視下載的附件</target>
   </keywords>
   <keywords>
      <text FeatureID="-1">收到的電郵</text>
      <target FeatureID="-1" href="FS_VIEWER_HLP_MAIN_VIEW.html">處理收到的電郵</target>
   </keywords>
</keywords>