<?xml version="1.0" encoding="UTF-8"?>
<keywords>
   <keywords>
      <text FeatureID="-1">kiirsõnumid</text>
      <target FeatureID="-1" href="SERVTAB_HLP_CONVERSATION.html">Kiirsõnumite saatmine</target>
   </keywords>
   <keywords>
      <text FeatureID="-1">vestlemine</text>
      <target FeatureID="-1" href="SERVTAB_HLP_CONVERSATION.html">Kiirsõnumite saatmine</target>
   </keywords>
   <keywords>
      <text FeatureID="-1">vestlused</text>
      <target FeatureID="-1" href="SERVTAB_HLP_CONVERSATION.html">Kiirsõnumite saatmine</target>
   </keywords>
</keywords>