<?xml version="1.0" encoding="UTF-8"?>
<keywords>
   <keywords>
      <text FeatureID="-1">správy celulárneho vysielania</text>
      <target FeatureID="-1" href="CBS_HLP_TOPIC_VIEW.html">Správy celulárneho vysielania</target>
      <target FeatureID="-1" href="CBS_HLP_MAIN.html">Témy celulárneho vysielania</target>
      <target FeatureID="-1" href="CBS_HLP_MSG.html">Prezeranie správ CBS</target>
   </keywords>
   <keywords>
      <text FeatureID="-1">témy celulárneho vysielania</text>
      <target FeatureID="-1" href="CBS_HLP_MAIN.html">Témy celulárneho vysielania</target>
   </keywords>
</keywords>