<?xml version="1.0" encoding="UTF-8"?><?xml-stylesheet  href="../../theme/xsl/index2html.xslt" type="text/xsl"?>
<topics FeatureID="-1" title="تصويريں" compressed="true">
   <topicref FeatureID="-1" href="LGAL_HLP_ALBUM_LIST.html" navtitle="البمز"/>
   <topicref FeatureID="-1" href="LGAL_HLP_ALL_GRID.html" navtitle="تمام ميڈيا فائليں براؤز کريں"/>
   <topicref FeatureID="-1" href="LGAL_HLP_ALBUM_GRID.html" navtitle="البمز میں میڈیا فائل براؤز کریں"/>
   <topicref FeatureID="-1" href="LGAL_HLP_TAGS_GRID.html" navtitle="ٹیگ شدہ میڈيا فائلیں دیکھیں"/>
   <topicref FeatureID="-1" href="LGAL_HLP_DETAILS_VIEW.html" navtitle="فائل تفصیلات دیکھیں اور ترمیم کریں"/>
   <topicref FeatureID="-1" href="LGAL_HLP_TAGS_BROWSER.html" navtitle="ٹیگ"/>
   <topicref FeatureID="-1" href="LGAL_HLP_MONTH_FULLSCREEN.html" navtitle="میڈيا فائلوں کو مہینے کے مطابق دیکھیں"/>
   <topicref FeatureID="-1" href="LGAL_HLP_MONTH_GRID.html" navtitle="میڈيا فائلوں کو مہینے کے مطابق براؤز کريں"/>
   <topicref FeatureID="-1" href="LGAL_HLP_VIEW_LIST.html" navtitle="تصویریں"/>
   <topicref FeatureID="-1" href="LGAL_HLP_MONTH_LIST.html" navtitle="مہینے"/>
   <topicref FeatureID="-1" href="LGAL_HLP_SLIDESHOW_SETTINGS.html" navtitle="سلائڈ شو ترتیبات"/>
   <topicref FeatureID="-1" href="LGAL_HLP_ALL_FULLSCREEN.html" navtitle="تمام ميڈيا فائليں ديکھيں"/>
   <topicref FeatureID="-1" href="LGAL_HLP_ALBUM_FULLSCREEN.html" navtitle="البمز میں میڈیا فائليں دیکھیں"/>
   <topicref FeatureID="-1" href="LGAL_HLP_TAGS_FULLSCREEN.html" navtitle="ٹیگ کردہ میڈيا فائلیں دیکھیں"/>
</topics>