<?xml version="1.0" encoding="UTF-8"?>
<keywords>
   <keywords>
      <text FeatureID="-1">تصويريں</text>
      <target FeatureID="-1" href="LGAL_HLP_ALBUM_LIST.html">البمز</target>
      <target FeatureID="-1" href="LGAL_HLP_DETAILS_VIEW.html">فائل تفصیلات دیکھیں اور ترمیم کریں</target>
      <target FeatureID="-1" href="LGAL_HLP_TAGS_BROWSER.html">ٹیگ</target>
      <target FeatureID="-1" href="LGAL_HLP_MONTH_FULLSCREEN.html">میڈيا فائلوں کو مہینے کے مطابق دیکھیں</target>
      <target FeatureID="-1" href="LGAL_HLP_MONTH_GRID.html">میڈيا فائلوں کو مہینے کے مطابق براؤز کريں</target>
      <target FeatureID="-1" href="LGAL_HLP_VIEW_LIST.html">تصویریں</target>
      <target FeatureID="-1" href="LGAL_HLP_MONTH_LIST.html">مہینے</target>
      <target FeatureID="-1" href="LGAL_HLP_SLIDESHOW_SETTINGS.html">سلائڈ شو ترتیبات</target>
      <target FeatureID="-1" href="LGAL_HLP_ALL_FULLSCREEN.html">تمام ميڈيا فائليں ديکھيں</target>
      <target FeatureID="-1" href="LGAL_HLP_ALBUM_FULLSCREEN.html">البمز میں میڈیا فائليں دیکھیں</target>
      <target FeatureID="-1" href="LGAL_HLP_TAGS_FULLSCREEN.html">ٹیگ کردہ میڈيا فائلیں دیکھیں</target>
   </keywords>
   <keywords>
      <text FeatureID="-1">البم</text>
      <target FeatureID="-1" href="LGAL_HLP_ALBUM_LIST.html">البمز</target>
      <target FeatureID="-1" href="LGAL_HLP_ALBUM_GRID.html">البمز میں میڈیا فائل براؤز کریں</target>
      <target FeatureID="-1" href="LGAL_HLP_ALBUM_FULLSCREEN.html">البمز میں میڈیا فائليں دیکھیں</target>
   </keywords>
   <keywords>
      <text FeatureID="-1">تصویریں</text>
      <target FeatureID="-1" href="LGAL_HLP_ALL_GRID.html">تمام ميڈيا فائليں براؤز کريں</target>
      <target FeatureID="-1" href="LGAL_HLP_ALBUM_GRID.html">البمز میں میڈیا فائل براؤز کریں</target>
      <target FeatureID="-1" href="LGAL_HLP_TAGS_GRID.html">ٹیگ شدہ میڈيا فائلیں دیکھیں</target>
   </keywords>
   <keywords>
      <text FeatureID="-1">ٹیگز</text>
      <target FeatureID="-1" href="LGAL_HLP_TAGS_GRID.html">ٹیگ شدہ میڈيا فائلیں دیکھیں</target>
      <target FeatureID="-1" href="LGAL_HLP_TAGS_BROWSER.html">ٹیگ</target>
      <target FeatureID="-1" href="LGAL_HLP_VIEW_LIST.html">تصویریں</target>
      <target FeatureID="-1" href="LGAL_HLP_TAGS_FULLSCREEN.html">ٹیگ کردہ میڈيا فائلیں دیکھیں</target>
   </keywords>
   <keywords>
      <text FeatureID="-1">البمز</text>
      <target FeatureID="-1" href="LGAL_HLP_VIEW_LIST.html">تصویریں</target>
   </keywords>
   <keywords>
      <text FeatureID="-1">سلائڈ شو</text>
      <target FeatureID="-1" href="LGAL_HLP_SLIDESHOW_SETTINGS.html">سلائڈ شو ترتیبات</target>
   </keywords>
</keywords>