<?xml version="1.0" encoding="UTF-8"?>
<keywords>
   <keywords>
      <text FeatureID="-1">kamera</text>
      <target FeatureID="-1" href="LCAM_HLP_VIEWFINDER_PHOTO.html">Fotoğraf çekme</target>
      <target FeatureID="-1" href="LCAM_HLP_LIGHT_SENSITIVITY.html">Işık duyarlılığını değiştirme</target>
      <target FeatureID="-1" href="LCAM_HLP_SETTINGS_PHOUSER.html">Sahneleri tanımlama</target>
      <target FeatureID="-1" href="LCAM_HLP_SCENES_PHOTO.html">Görüntü sahneleri</target>
      <target FeatureID="-1" href="LCAM_HLP_VIEWFINDER_VIDEO.html">Video klip kaydetme</target>
      <target FeatureID="-1" href="LCAM_HLP_SCENES_VIDEO.html">Video sahneleri</target>
      <target FeatureID="-1" href="LCAM_HLP_VIEWFINDER_VIDEO_EM.html">Uygulamalarda videolar</target>
      <target FeatureID="-1" href="LCAM_HLP_STANDBY_EM.html">Kamera etkin değil</target>
      <target FeatureID="-1" href="LCAM_HLP_POST_VIDEO.html">Video klipleri oynatma</target>
      <target FeatureID="-1" href="LCAM_HLP_POST_PHOTO.html">Çekilen fotoğrafları görüntüleme</target>
   </keywords>
   <keywords>
      <text FeatureID="-1">fotoğraf çekme</text>
      <target FeatureID="-1" href="LCAM_HLP_VIEWFINDER_PHOTO.html">Fotoğraf çekme</target>
   </keywords>
   <keywords>
      <text FeatureID="-1">ışık duyarlılığı</text>
      <target FeatureID="-1" href="LCAM_HLP_LIGHT_SENSITIVITY.html">Işık duyarlılığını değiştirme</target>
   </keywords>
   <keywords>
      <text FeatureID="-1">sahneler</text>
      <target FeatureID="-1" href="LCAM_HLP_SETTINGS_PHOUSER.html">Sahneleri tanımlama</target>
      <target FeatureID="-1" href="LCAM_HLP_SCENES_PHOTO.html">Görüntü sahneleri</target>
   </keywords>
   <keywords>
      <text FeatureID="-1">kamera ayarları</text>
      <target FeatureID="-1" href="LCAM_HLP_SETTINGS.html">Kamera ayarları</target>
   </keywords>
   <keywords>
      <text FeatureID="-1">kamera, ayarlar</text>
      <target FeatureID="-1" href="LCAM_HLP_SETTINGS_PHOTO.html">Görüntü ayarları</target>
      <target FeatureID="-1" href="LCAM_HLP_SETTINGS_VIDEO.html">Video ayarları</target>
   </keywords>
   <keywords>
      <text FeatureID="-1">video kaydı</text>
      <target FeatureID="-1" href="LCAM_HLP_VIEWFINDER_VIDEO.html">Video klip kaydetme</target>
   </keywords>
   <keywords>
      <text FeatureID="-1">video sahneleri</text>
      <target FeatureID="-1" href="LCAM_HLP_SCENES_VIDEO.html">Video sahneleri</target>
   </keywords>
   <keywords>
      <text FeatureID="-1">video, ayarlar</text>
      <target FeatureID="-1" href="LCAM_HLP_SETTINGS_VIDEO.html">Video ayarları</target>
   </keywords>
   <keywords>
      <text FeatureID="-1">uygulamalarda video klipler</text>
      <target FeatureID="-1" href="LCAM_HLP_VIEWFINDER_VIDEO_EM.html">Uygulamalarda videolar</target>
   </keywords>
   <keywords>
      <text FeatureID="-1">video klip oynatma</text>
      <target FeatureID="-1" href="LCAM_HLP_POST_VIDEO.html">Video klipleri oynatma</target>
   </keywords>
   <keywords>
      <text FeatureID="-1">uygulamalarda kamera</text>
      <target FeatureID="-1" href="LCAM_HLP_VIEWFINDER_PHOTO_EM.html">Uygulamalarda görüntüler</target>
   </keywords>
   <keywords>
      <text FeatureID="-1">görüntüleri görüntüleme</text>
      <target FeatureID="-1" href="LCAM_HLP_POST_PHOTO.html">Çekilen fotoğrafları görüntüleme</target>
   </keywords>
</keywords>