<?xml version="1.0" encoding="UTF-8"?>
<keywords>
   <keywords>
      <text FeatureID="-1">修改圖像</text>
      <target FeatureID="-1" href="SIE_HLP_MAIN.html">修改圖像</target>
   </keywords>
   <keywords>
      <text FeatureID="-1">編輯文字</text>
      <target FeatureID="-1" href="SIE_HLP_EDIT_TEXT.html">編輯圖像中的文字</target>
   </keywords>
   <keywords>
      <text FeatureID="-1">圖像編輯器</text>
      <target FeatureID="-1" href="SIE_HLP_EDIT_TEXT.html">編輯圖像中的文字</target>
   </keywords>
   <keywords>
      <text FeatureID="-1">修改縮放後的圖像</text>
      <target FeatureID="-1" href="SIE_HLP_ZOOMING.html">修改縮放後的圖像</target>
   </keywords>
   <keywords>
      <text FeatureID="-1">縮放圖像</text>
      <target FeatureID="-1" href="SIE_HLP_ZOOMING.html">修改縮放後的圖像</target>
   </keywords>
   <keywords>
      <text FeatureID="-1">編輯美工圖案</text>
      <target FeatureID="-1" href="SIE_HLP_EDIT_CLIPART.html">編輯美工圖案</target>
   </keywords>
   <keywords>
      <text FeatureID="-1">編輯對話泡泡</text>
      <target FeatureID="-1" href="SIE_HLP_EDIT_CLIPART.html">編輯美工圖案</target>
   </keywords>
   <keywords>
      <text FeatureID="-1">消除紅眼效果</text>
      <target FeatureID="-1" href="SIE_HLP_REDEYE.html">消除紅眼效果</target>
   </keywords>
</keywords>