<?xml version="1.0" encoding="UTF-8"?>
<keywords>
   <keywords>
      <text FeatureID="-1">گھڑی, الارمز</text>
      <target FeatureID="-1" href="CLK_HLP_ALARM_EDITOR.html">گھڑی کے الارم کا ایڈٹر</target>
      <target FeatureID="-1" href="CLK_HLP_REAL_TIME_CLOCK_IN.html">گھڑی کا مرکزی ویو</target>
   </keywords>
   <keywords>
      <text FeatureID="-1">الارم گھڑی</text>
      <target FeatureID="-1" href="CLK_HLP_ALARM_EDITOR.html">گھڑی کے الارم کا ایڈٹر</target>
      <target FeatureID="-1" href="CLK_HLP_REAL_TIME_CLOCK_IN.html">گھڑی کا مرکزی ویو</target>
   </keywords>
   <keywords>
      <text FeatureID="-1">گھڑی</text>
      <target FeatureID="-1" href="CLK_HLP_CNTDWN.html">کاؤنٹ ڈاؤن ٹائمر</target>
      <target FeatureID="-1" href="CLK_HLP_WRLD_CLK.html">عالمي گھڑي</target>
   </keywords>
   <keywords>
      <text FeatureID="-1">ٹائمرز</text>
      <target FeatureID="-1" href="CLK_HLP_CNTDWN.html">کاؤنٹ ڈاؤن ٹائمر</target>
   </keywords>
   <keywords>
      <text FeatureID="-1">ترتیباتِ تاریخ و وقت</text>
      <target FeatureID="-1" href="CLK_HLP_SETTINGS.html">ترتیباتِ تاریخ و وقت</target>
   </keywords>
   <keywords>
      <text FeatureID="-1">گھڑی کی ترتیبات</text>
      <target FeatureID="-1" href="CLK_HLP_SETTINGS.html">ترتیباتِ تاریخ و وقت</target>
   </keywords>
   <keywords>
      <text FeatureID="-1">گھڑی, منطقہ وقت</text>
      <target FeatureID="-1" href="CLK_HLP_REAL_TIME_CLOCK_AN.html">مقامی وقت</target>
   </keywords>
   <keywords>
      <text FeatureID="-1">وقت اور منقطہ</text>
      <target FeatureID="-1" href="CLK_HLP_REAL_TIME_CLOCK_AN.html">مقامی وقت</target>
   </keywords>
   <keywords>
      <text FeatureID="-1">اسٹاپ واچ</text>
      <target FeatureID="-1" href="CCLK_HLP_STPWTCH.html">اسٹاپ واچ</target>
   </keywords>
   <keywords>
      <text FeatureID="-1">شہر کي گھڑياں</text>
      <target FeatureID="-1" href="CLK_HLP_WRLD_CLK.html">عالمي گھڑي</target>
   </keywords>
   <keywords>
      <text FeatureID="-1">عالمی گھڑی</text>
      <target FeatureID="-1" href="CLK_HLP_WRLD_CLK.html">عالمي گھڑي</target>
   </keywords>
</keywords>