<?xml version="1.0" encoding="UTF-8"?>
<keywords>
   <keywords>
      <text FeatureID="-1">desxifrar, targeta de memòria</text>
      <target FeatureID="-1" href="ES_HLP_ENCRYPTION_DECRYPT.html">Desxifratge de la targeta de memòria</target>
   </keywords>
   <keywords>
      <text FeatureID="-1">xifrar, targeta de memòria</text>
      <target FeatureID="-1" href="ES_HLP_ENCRYPTION_ENCRYPT.html">Xifratge de la targeta de memòria</target>
   </keywords>
   <keywords>
      <text FeatureID="-1">xifrar, memòria del dispositiu i targeta de memòria</text>
      <target FeatureID="-1" href="ES_HLP_ENCRYPTION_MAIN.html">Xifratge o desxifratge</target>
   </keywords>
   <keywords>
      <text FeatureID="-1">desxifrar, memòria del dispositiu i targeta de memòria</text>
      <target FeatureID="-1" href="ES_HLP_ENCRYPTION_MAIN.html">Xifratge o desxifratge</target>
   </keywords>
</keywords>