<?xml version="1.0" encoding="UTF-8"?>
<keywords>
   <keywords>
      <text FeatureID="-1">vekslingskurser</text>
      <target FeatureID="-1" href="CNV_HLP_RATES.html">Valutainnstillinger</target>
   </keywords>
   <keywords>
      <text FeatureID="-1">basisvaluta</text>
      <target FeatureID="-1" href="CNV_HLP_RATES.html">Valutainnstillinger</target>
   </keywords>
   <keywords>
      <text FeatureID="-1">valutaomregning</text>
      <target FeatureID="-1" href="CNV_HLP_RATES.html">Valutainnstillinger</target>
   </keywords>
   <keywords>
      <text FeatureID="-1">omregning</text>
      <target FeatureID="-1" href="CNV_HLP_MAIN_STATE.html">Regne om enheter</target>
   </keywords>
   <keywords>
      <text FeatureID="-1">omregne valuta</text>
      <target FeatureID="-1" href="CNV_HLP_MAIN_STATE.html">Regne om enheter</target>
   </keywords>
</keywords>