<?xml version="1.0" encoding="UTF-8"?>
<keywords>
   <keywords>
      <text FeatureID="-1">Quickoffice, מנהל קבצים</text>
      <target FeatureID="-1" href="QFM_HLP_FILE_MENU.html">מנהל קבצים</target>
   </keywords>
   <keywords>
      <text FeatureID="-1">Quickoffice</text>
      <target FeatureID="-1" href="QFM_HLP_LOC_MENU.html">Quickoffice</target>
   </keywords>
   <keywords>
      <text FeatureID="-1">Quickpoint</text>
      <target FeatureID="-1" href="QPOINT_HLP_EDIT_SLIDE_VIEW.html">עריכת שקופיות</target>
      <target FeatureID="-1" href="QPOINT_HLP_REPLACE_VIEW.html">חיפוש והחלפה של טקסט</target>
      <target FeatureID="-1" href="QPOINT_HLP_FIND_VIEW.html">חיפוש טקסט</target>
      <target FeatureID="-1" href="QPOINT_HLP_VIEW_SLIDE_VIEW.html">הצגת שקופיות</target>
   </keywords>
   <keywords>
      <text FeatureID="-1">Quickpoint, טקסט</text>
      <target FeatureID="-1" href="QPOINT_HLP_EDIT_TEXT_VIEW.html">עריכת טקסט</target>
   </keywords>
   <keywords>
      <text FeatureID="-1">Quickpoint, הערות</text>
      <target FeatureID="-1" href="QPOINT_HLP_COMMENT_VIEW.html">הצגת הערות</target>
      <target FeatureID="-1" href="QPOINT_HLP_VIEW_NOTES_VIEW.html">הצגת הערות</target>
   </keywords>
   <keywords>
      <text FeatureID="-1">Quickpoint, חלוקות לרמות</text>
      <target FeatureID="-1" href="QPOINT_HLP_VIEW_OUTLINE_VIEW.html">הצגת חלוקה לרמות</target>
   </keywords>
   <keywords>
      <text FeatureID="-1">Quicksheet, תאים</text>
      <target FeatureID="-1" href="QSHEET_HLP_CELLS_EDIT.html">עריכת תאים</target>
      <target FeatureID="-1" href="QSHEET_HLP_VIEW_CELL.html">הצגת תאים</target>
   </keywords>
   <keywords>
      <text FeatureID="-1">Quicksheet, עמודות</text>
      <target FeatureID="-1" href="QSHEET_HLP_EDIT_COLUMN.html">עריכת עמודות</target>
   </keywords>
   <keywords>
      <text FeatureID="-1">Quicksheet, טווחים</text>
      <target FeatureID="-1" href="QSHEET_HLP_EDIT_RANGE.html">עריכת טווחים</target>
   </keywords>
   <keywords>
      <text FeatureID="-1">Quicksheet, שורות</text>
      <target FeatureID="-1" href="QSHEET_HLP_EDIT_ROW.html">עריכת שורות</target>
   </keywords>
   <keywords>
      <text FeatureID="-1">Quicksheet</text>
      <target FeatureID="-1" href="QSHEET_HLP_REPLACE_VIEW.html">חיפוש והחלפה של טקסט</target>
      <target FeatureID="-1" href="QSHEET_HLP_FIND_VIEW.html">חיפוש טקסט</target>
      <target FeatureID="-1" href="QSHEET_HLP_CELLS_VIEW.html">הצגת גיליונות אלקטרוניים</target>
   </keywords>
   <keywords>
      <text FeatureID="-1">Quickword</text>
      <target FeatureID="-1" href="QWORD_HLP_EDIT_MODE.html">עריכת מסמכים</target>
      <target FeatureID="-1" href="QWORD_HLP_FIND_MODE.html">חיפוש והחלפה של טקסט</target>
      <target FeatureID="-1" href="QWORD_HLP_VIEW_MODE.html">הצגת מסמכים</target>
      <target FeatureID="-1" href="QWORD_HLP_PAGE_VIEW.html">הצגת פריסת עמוד</target>
   </keywords>
</keywords>