<?xml version="1.0" encoding="UTF-8"?>
<keywords>
   <keywords>
      <text FeatureID="-1">ricerca utenti di chat</text>
      <target FeatureID="-1" href="IMNG_HLP_SEARCHCHAT.html">Cercare utenti di chat</target>
   </keywords>
   <keywords>
      <text FeatureID="-1">chat</text>
      <target FeatureID="-1" href="IMNG_HLP_SEARCHCHAT.html">Cercare utenti di chat</target>
      <target FeatureID="-1" href="IMNG_HLP_SAVED_VIEW.html">Visualizzare conversazioni salvate</target>
      <target FeatureID="-1" href="IMNG_HLP_SAVED_LIST.html">Conversazioni salvate</target>
      <target FeatureID="-1" href="IMNG_HLP_IMCHAT.html">Conversazioni di gruppo</target>
      <target FeatureID="-1" href="IMNG_HLP_GROUP_EDIT.html">Diritti modifica gruppi</target>
      <target FeatureID="-1" href="IMNG_HLP_GROUP_BAN.html">Escludere utenti di chat dai gruppi</target>
      <target FeatureID="-1" href="IMNG_HLP_CONT_OWN_DATA.html">Dati personali</target>
      <target FeatureID="-1" href="IMNG_HLP_COMMUNITY_VIEW_EMPTY.html">Iniziare a usare la chat</target>
      <target FeatureID="-1" href="IMNG_HLP_COMMUNITY_VIEW.html">Chat</target>
      <target FeatureID="-1" href="IMNG_HLP_CREATECHAT.html">Gruppo di chat, impostazioni</target>
      <target FeatureID="-1" href="IMNG_HLP_ACCLIST.html">Membri gruppi chat</target>
      <target FeatureID="-1" href="IMNG_HLP_CONVERSATIONS.html">Conversazioni chat</target>
      <target FeatureID="-1" href="IMNG_HLP_APPSETT.html">Imp. applicaz. Chat</target>
   </keywords>
   <keywords>
      <text FeatureID="-1">ricerca gruppi di chat</text>
      <target FeatureID="-1" href="IMNG_HLP_SEARCHCHAT.html">Cercare utenti di chat</target>
   </keywords>
   <keywords>
      <text FeatureID="-1">conversazioni salvate</text>
      <target FeatureID="-1" href="IMNG_HLP_SAVED_LIST.html">Conversazioni salvate</target>
   </keywords>
   <keywords>
      <text FeatureID="-1">ingresso in gruppi chat</text>
      <target FeatureID="-1" href="IMNG_HLP_IMCHAT.html">Conversazioni di gruppo</target>
   </keywords>
   <keywords>
      <text FeatureID="-1">diritti, modifica</text>
      <target FeatureID="-1" href="IMNG_HLP_GROUP_EDIT.html">Diritti modifica gruppi</target>
   </keywords>
   <keywords>
      <text FeatureID="-1">elenco esclusi</text>
      <target FeatureID="-1" href="IMNG_HLP_GROUP_BAN.html">Escludere utenti di chat dai gruppi</target>
   </keywords>
   <keywords>
      <text FeatureID="-1">membri gruppi chat</text>
      <target FeatureID="-1" href="IMNG_HLP_GROUP_BAN.html">Escludere utenti di chat dai gruppi</target>
      <target FeatureID="-1" href="IMNG_HLP_ACCLIST.html">Membri gruppi chat</target>
   </keywords>
   <keywords>
      <text FeatureID="-1">chat, contatti</text>
      <target FeatureID="-1" href="IMNG_HLP_CONT_OWN_DATA.html">Dati personali</target>
      <target FeatureID="-1" href="IMNG_HLP_BLOCKED_VIEW.html">Contatti bloccati</target>
      <target FeatureID="-1" href="IMNG_HLP_CONTACTDETAILS.html">Dettagli contatti chat</target>
   </keywords>
   <keywords>
      <text FeatureID="-1">Chat</text>
      <target FeatureID="-1" href="IMNG_HLP_COMMUNITY_VIEW_EMPTY.html">Iniziare a usare la chat</target>
      <target FeatureID="-1" href="IMNG_HLP_COMMUNITY_VIEW.html">Chat</target>
      <target FeatureID="-1" href="IMNG_HLP_CONVERSATIONS.html">Conversazioni chat</target>
      <target FeatureID="-1" href="IMNG_HLP_CONTACTDETAILS.html">Dettagli contatti chat</target>
   </keywords>
   <keywords>
      <text FeatureID="-1">contatti chat bloccati</text>
      <target FeatureID="-1" href="IMNG_HLP_BLOCKED_VIEW.html">Contatti bloccati</target>
   </keywords>
   <keywords>
      <text FeatureID="-1">chat, impostazioni</text>
      <target FeatureID="-1" href="IMNG_HLP_SETTINGS.html">Chat, impostazioni</target>
      <target FeatureID="-1" href="IMNG_HLP_APPSETT.html">Imp. applicaz. Chat</target>
   </keywords>
   <keywords>
      <text FeatureID="-1">chat, server</text>
      <target FeatureID="-1" href="IMNG_HLP_SERVLISTSETT_IM.html">Chat, server</target>
   </keywords>
   <keywords>
      <text FeatureID="-1">Impostazioni del server delle chat</text>
      <target FeatureID="-1" href="IMNG_HLP_DEFSERVER.html">Impostazioni del server delle chat</target>
   </keywords>
   <keywords>
      <text FeatureID="-1">impostazioni del server</text>
      <target FeatureID="-1" href="IMNG_HLP_DEFSERVER.html">Impostazioni del server delle chat</target>
   </keywords>
   <keywords>
      <text FeatureID="-1">inviti</text>
      <target FeatureID="-1" href="IMNG_HLP_INVITE.html">Inviti di chat</target>
   </keywords>
   <keywords>
      <text FeatureID="-1">gruppo di chat, impostazioni</text>
      <target FeatureID="-1" href="IMNG_HLP_CREATECHAT.html">Gruppo di chat, impostazioni</target>
   </keywords>
   <keywords>
      <text FeatureID="-1">conversazioni</text>
      <target FeatureID="-1" href="IMNG_HLP_CONVERSATIONS.html">Conversazioni chat</target>
   </keywords>
</keywords>