<?xml version="1.0" encoding="UTF-8"?>
<keywords>
   <keywords>
      <text FeatureID="-1">Mitteilungen senden</text>
      <target FeatureID="-1" href="UNIFIED_HLP_EDITOR.html">Mitteilungen verfassen</target>
   </keywords>
   <keywords>
      <text FeatureID="-1">Mitteilungseditor</text>
      <target FeatureID="-1" href="UNIFIED_HLP_EDITOR.html">Mitteilungen verfassen</target>
   </keywords>
   <keywords>
      <text FeatureID="-1">Mitteilungen</text>
      <target FeatureID="-1" href="UNIFIED_HLP_SENDING_OPTIONS.html">Sendeoptionen</target>
   </keywords>
   <keywords>
      <text FeatureID="-1">Sendeoptionen</text>
      <target FeatureID="-1" href="UNIFIED_HLP_SENDING_OPTIONS.html">Sendeoptionen</target>
   </keywords>
   <keywords>
      <text FeatureID="-1">Medienobjekte</text>
      <target FeatureID="-1" href="UNIFIED_HLP_ED_OBJECTS.html">Empfangene Medienobjekte</target>
   </keywords>
   <keywords>
      <text FeatureID="-1">Multimedia-Objekte</text>
      <target FeatureID="-1" href="UNIFIED_HLP_ED_OBJECTS.html">Empfangene Medienobjekte</target>
   </keywords>
</keywords>