<?xml version="1.0" encoding="UTF-8"?>
<keywords>
   <keywords>
      <text FeatureID="-1">sertifikāti</text>
      <target FeatureID="-1" href="AM_HLP_GENERAL_SETTINGS.html">Sertifikāta uzstādījumi</target>
   </keywords>
   <keywords>
      <text FeatureID="-1">uzstādījumi, sertifikāti</text>
      <target FeatureID="-1" href="AM_HLP_GENERAL_SETTINGS.html">Sertifikāta uzstādījumi</target>
   </keywords>
   <keywords>
      <text FeatureID="-1">programmu instalēšana</text>
      <target FeatureID="-1" href="AM_HLP_NOT_INSTALLED.html">Instalāciju faili</target>
      <target FeatureID="-1" href="AM_HLP_APPLICATION.html">Programmu pārvalde</target>
   </keywords>
   <keywords>
      <text FeatureID="-1">neinstalētas programmas</text>
      <target FeatureID="-1" href="AM_HLP_NOT_INSTALLED.html">Instalāciju faili</target>
   </keywords>
   <keywords>
      <text FeatureID="-1">instalētās programmas</text>
      <target FeatureID="-1" href="AM_HLP_INSTALLED.html">Instalētās programmas</target>
   </keywords>
   <keywords>
      <text FeatureID="-1">programmat. instalēš.</text>
      <target FeatureID="-1" href="AM_HLP_APPLICATION.html">Programmu pārvalde</target>
   </keywords>
   <keywords>
      <text FeatureID="-1">atļauju pieprasījumi</text>
      <target FeatureID="-1" href="AM_HLP_INSTALL_CAPAB.html">Atļauju pieprasījumi</target>
   </keywords>
   <keywords>
      <text FeatureID="-1">neuzticama instalēšana</text>
      <target FeatureID="-1" href="AM_HLP_INSTALL_UNTRUSTED.html">Neuzticama instalēšana</target>
   </keywords>
</keywords>