<?xml version="1.0" encoding="UTF-8"?>
<keywords>
   <keywords>
      <text FeatureID="-1">mess. diffusion cellulaire</text>
      <target FeatureID="-1" href="CBS_HLP_TOPIC_VIEW.html">Messages de diffusion cellulaire</target>
      <target FeatureID="-1" href="CBS_HLP_MAIN.html">Rubr. diffusion cellulaire</target>
      <target FeatureID="-1" href="CBS_HLP_MSG.html">Afficher messages CBS</target>
   </keywords>
   <keywords>
      <text FeatureID="-1">rubr. diffusion cellulaire</text>
      <target FeatureID="-1" href="CBS_HLP_MAIN.html">Rubr. diffusion cellulaire</target>
   </keywords>
</keywords>