<?xml version="1.0" encoding="UTF-8"?>
<keywords>
   <keywords>
      <text FeatureID="-1">sincronizzazione</text>
      <target FeatureID="-1" href="OTASYNCBU_HLP_MAIN.html">Sincronizza di Ovi</target>
   </keywords>
   <keywords>
      <text FeatureID="-1">Sincronizza di Ovi</text>
      <target FeatureID="-1" href="OTASYNCBU_HLP_MAIN.html">Sincronizza di Ovi</target>
      <target FeatureID="-1" href="OTASYNCBU_HLP_SETTINGS.html">Impostazioni di Sincronizza di Ovi</target>
   </keywords>
</keywords>