<?xml version="1.0" encoding="UTF-8"?>
<keywords>
   <keywords>
      <text FeatureID="-1">소프트웨어 업데이트</text>
      <target FeatureID="-1" href="SWUPDATE_HLP_MAIN.html">소프트웨어 업데이트</target>
      <target FeatureID="-1" href="SWUPDATE_HLP_MAIN.html">소프트웨어 업데이트</target>
   </keywords>
   <keywords>
      <text FeatureID="-1">소프트웨어 업데이트 설정</text>
      <target FeatureID="-1" href="SWUPDATE_HLP_SETTINGS.html">소프트웨어 업데이트 설정</target>
   </keywords>
</keywords>