<?xml version="1.0" encoding="UTF-8"?>
<keywords>
   <keywords>
      <text FeatureID="-1">pakalp. ziņu uzstādījumi</text>
      <target FeatureID="-1" href="WPUSH_HLP_SETTINGS.html">Pakalp. ziņu uzstādījumi</target>
   </keywords>
   <keywords>
      <text FeatureID="-1">rācijziņas</text>
      <target FeatureID="-1" href="WPUSH_HLP_VIEWER.html">Skatīt pakalpojumu ziņas</target>
   </keywords>
   <keywords>
      <text FeatureID="-1">pakalpojumu ziņojumi</text>
      <target FeatureID="-1" href="WPUSH_HLP_VIEWER.html">Skatīt pakalpojumu ziņas</target>
   </keywords>
</keywords>