<?xml version="1.0" encoding="UTF-8"?>
<keywords>
   <keywords>
      <text FeatureID="-1">ierakstīšana, skaņas</text>
      <target FeatureID="-1" href="VOREC_HLP_EMPTY_RECORDER.html">Skaņas klipu ierakst.</target>
   </keywords>
   <keywords>
      <text FeatureID="-1">balss ierakstītājs</text>
      <target FeatureID="-1" href="VOREC_HLP_MAIN.html">Balss ierakstītāja izmantošana</target>
   </keywords>
   <keywords>
      <text FeatureID="-1">skaņas klipu ierakst.</text>
      <target FeatureID="-1" href="VOREC_HLP_MAIN.html">Balss ierakstītāja izmantošana</target>
   </keywords>
   <keywords>
      <text FeatureID="-1">balss ierakstītāja uzstādījumi</text>
      <target FeatureID="-1" href="VOREC_HLP_SETTINGS.html">Balss ierakstītāja uzstādījumi</target>
   </keywords>
</keywords>