<?xml version="1.0" encoding="UTF-8"?>
<keywords>
   <keywords>
      <text FeatureID="-1">hírüzenetek beállításai</text>
      <target FeatureID="-1" href="WPUSH_HLP_SETTINGS.html">Hírüzenetek beállításai</target>
   </keywords>
   <keywords>
      <text FeatureID="-1">szolgáltatói üzenetek</text>
      <target FeatureID="-1" href="WPUSH_HLP_VIEWER.html">A szolgáltató üzeneteinek megtekintése</target>
   </keywords>
   <keywords>
      <text FeatureID="-1">üzenetek, szolgáltatói</text>
      <target FeatureID="-1" href="WPUSH_HLP_VIEWER.html">A szolgáltató üzeneteinek megtekintése</target>
   </keywords>
</keywords>