<?xml version="1.0" encoding="UTF-8"?>
<keywords>
   <keywords>
      <text FeatureID="-1">佈景主題</text>
      <target FeatureID="-1" href="SKINS_HLP_LIST.html">一般佈景主題</target>
      <target FeatureID="-1" href="SCREENSAVER_HLP_WP_SETTINGS.html">投影片秀桌面圖案設定</target>
      <target FeatureID="-1" href="SKINS_HLP_WP_SETTINGS.html">桌面圖案設定</target>
      <target FeatureID="true_1503" href="SKINS_HLP_CIMAGE_SETTINGS.html">選取通話影像</target>
      <target FeatureID="-1" href="SKINS_HLP_APPSHELL.html">功能表檢視設定</target>
      <target FeatureID="-1" href="SKINS_HLP_APP_MAIN.html">自訂螢幕顯示</target>
      <target FeatureID="-1" href="SKINS_HLP_APPSKINS_LIST.html">應用程式佈景主題</target>
   </keywords>
   <keywords>
      <text FeatureID="-1">投影片秀桌面圖案</text>
      <target FeatureID="-1" href="SCREENSAVER_HLP_WP_SETTINGS.html">投影片秀桌面圖案設定</target>
   </keywords>
   <keywords>
      <text FeatureID="-1">投影片秀設定</text>
      <target FeatureID="-1" href="SCREENSAVER_HLP_WP_SETTINGS.html">投影片秀桌面圖案設定</target>
   </keywords>
   <keywords>
      <text FeatureID="-1">桌面圖案設定</text>
      <target FeatureID="-1" href="SKINS_HLP_WP_SETTINGS.html">桌面圖案設定</target>
   </keywords>
   <keywords>
      <text FeatureID="-1">背景影像</text>
      <target FeatureID="-1" href="SKINS_HLP_WP_SETTINGS.html">桌面圖案設定</target>
      <target FeatureID="-1" href="SKINS_HLP_APP_MAIN.html">自訂螢幕顯示</target>
   </keywords>
   <keywords>
      <text FeatureID="-1">螢幕保護</text>
      <target FeatureID="-1" href="SKINS_HLP_SCREENS_SETTINGS.html">螢幕保護設定</target>
   </keywords>
   <keywords>
      <text FeatureID="true_1503">通話影像設定</text>
      <target FeatureID="true_1503" href="SKINS_HLP_CIMAGE_SETTINGS.html">選取通話影像</target>
   </keywords>
   <keywords>
      <text FeatureID="-1">功能表</text>
      <target FeatureID="-1" href="SKINS_HLP_APPSHELL.html">功能表檢視設定</target>
   </keywords>
</keywords>