<?xml version="1.0" encoding="UTF-8"?>
<keywords>
   <keywords>
      <text FeatureID="-1">synchronizácia</text>
      <target FeatureID="-1" href="DS_HLP_MAIN_VIEW.html">Synchronizácia dát</target>
   </keywords>
   <keywords>
      <text FeatureID="-1">synchronizačné profily</text>
      <target FeatureID="-1" href="DS_HLP_MAIN_VIEW.html">Synchronizácia dát</target>
   </keywords>
   <keywords>
      <text FeatureID="-1">nastavenia synchronizačného profilu</text>
      <target FeatureID="-1" href="DS_HLP_SETTINGS.html">Úprava synchronizačných profilov</target>
   </keywords>
   <keywords>
      <text FeatureID="-1">synchronizačné nastavenia</text>
      <target FeatureID="-1" href="DS_HLP_SETTINGS_CAL.html">Synchronizačné nastavenia kalendára</target>
      <target FeatureID="-1" href="DS_HLP_SETTINGS_CNT.html">Synchronizačné nastavenia kontaktov</target>
      <target FeatureID="-1" href="DS_HLP_SETTINGS_NOTES.html">Synchronizačné nastavenia poznámok</target>
      <target FeatureID="-1" href="DS_HLP_SETTINGS_SMS.html">Synchronizačné nastavenia SMS</target>
      <target FeatureID="true_44" href="DS_HLP_SETTINGS_SYNCML.html">Synchronizačné nastavenia e-mailu</target>
   </keywords>
</keywords>