<?xml version="1.0" encoding="UTF-8"?>
<keywords>
   <keywords>
      <text FeatureID="-1">certificados de autoridad</text>
      <target FeatureID="-1" href="CM_HLP_AUTHORITY.html">Certificados de autoridad</target>
   </keywords>
   <keywords>
      <text FeatureID="-1">certificados</text>
      <target FeatureID="-1" href="CM_HLP_AUTHORITY.html">Certificados de autoridad</target>
      <target FeatureID="-1" href="CM_HLP_DEVICE.html">Certificados de dispositivo</target>
      <target FeatureID="-1" href="CM_HLP_MAIN.html">Gestión de certificados</target>
      <target FeatureID="-1" href="CM_HLP_PERSONAL.html">Certificados personales</target>
      <target FeatureID="-1" href="CM_HLP_TRUSTED_SITE.html">Certificados de sitios seguros</target>
      <target FeatureID="-1" href="CM_HLP_TRUST_SETTINGS.html">Editar ajustes de seguridad</target>
   </keywords>
   <keywords>
      <text FeatureID="-1">certificados de seguridad</text>
      <target FeatureID="-1" href="CM_HLP_AUTHORITY.html">Certificados de autoridad</target>
      <target FeatureID="-1" href="CM_HLP_MAIN.html">Gestión de certificados</target>
   </keywords>
   <keywords>
      <text FeatureID="-1">certificados de dispositivo</text>
      <target FeatureID="-1" href="CM_HLP_DEVICE.html">Certificados de dispositivo</target>
   </keywords>
   <keywords>
      <text FeatureID="-1">certificados personales</text>
      <target FeatureID="-1" href="CM_HLP_PERSONAL.html">Certificados personales</target>
   </keywords>
   <keywords>
      <text FeatureID="-1">certificados de sitios seguros</text>
      <target FeatureID="-1" href="CM_HLP_TRUSTED_SITE.html">Certificados de sitios seguros</target>
   </keywords>
   <keywords>
      <text FeatureID="-1">ajustes de seguridad</text>
      <target FeatureID="-1" href="CM_HLP_TRUST_SETTINGS.html">Editar ajustes de seguridad</target>
   </keywords>
</keywords>