<?xml version="1.0" encoding="UTF-8"?>
<keywords>
   <keywords>
      <text FeatureID="-1">обменный курс</text>
      <target FeatureID="-1" href="CNV_HLP_RATES.html">Установка обменного курса</target>
   </keywords>
   <keywords>
      <text FeatureID="-1">основная валюта</text>
      <target FeatureID="-1" href="CNV_HLP_RATES.html">Установка обменного курса</target>
   </keywords>
   <keywords>
      <text FeatureID="-1">конвертация валют</text>
      <target FeatureID="-1" href="CNV_HLP_RATES.html">Установка обменного курса</target>
   </keywords>
   <keywords>
      <text FeatureID="-1">конвертер</text>
      <target FeatureID="-1" href="CNV_HLP_MAIN_STATE.html">Преобразование единиц</target>
   </keywords>
   <keywords>
      <text FeatureID="-1">преобразование валют</text>
      <target FeatureID="-1" href="CNV_HLP_MAIN_STATE.html">Преобразование единиц</target>
   </keywords>
</keywords>