<?xml version="1.0" encoding="UTF-8"?>
<keywords>
   <keywords>
      <text FeatureID="-1">αρχική οθόνη</text>
      <target FeatureID="-1" href="SET_HLP_HOME_SCREEN.html">Αρχική οθόνη</target>
      <target FeatureID="-1" href="SET_HLP_HOME_SCREEN_EDIT.html">Επεξεργασία αρχικής οθόνης</target>
   </keywords>
   <keywords>
      <text FeatureID="-1">widgets</text>
      <target FeatureID="-1" href="WM_HLP_WIDGET_COLLECTION.html">Κατάλογος widget</target>
   </keywords>
</keywords>