<?xml version="1.0" encoding="UTF-8"?>
<keywords>
   <keywords>
      <text FeatureID="-1">anniversary entries</text>
      <target FeatureID="-1" href="FSCA_HLP_ANNIVERSARY_EDITOR.html">Create anniversary entries</target>
      <target FeatureID="-1" href="FSCA_HLP_ANNI_VIEWER.html">Edit anniversary entries</target>
   </keywords>
   <keywords>
      <text FeatureID="-1">meeting entries</text>
      <target FeatureID="-1" href="FSCA_HLP_CALE_MEETING_EDITOR.html">Create meeting entries</target>
      <target FeatureID="-1" href="FSCA_HLP_CALE_MEETING_VIEWER.html">Edit meeting entries</target>
   </keywords>
   <keywords>
      <text FeatureID="-1">memo entries</text>
      <target FeatureID="-1" href="FSCA_HLP_MEMO_EDITOR.html">Create memo entries</target>
      <target FeatureID="-1" href="FSCA_HLP_MEMO_VIEWER.html">Edit memo entries</target>
   </keywords>
   <keywords>
      <text FeatureID="-1">to-do entries</text>
      <target FeatureID="-1" href="FSCA_HLP_TODO_EDITOR.html">Create to-do entries</target>
      <target FeatureID="-1" href="FSCA_HLP_TODO_VIEWER.html">Edit to-do entries</target>
   </keywords>
   <keywords>
      <text FeatureID="-1">meeting requests</text>
      <target FeatureID="-1" href="FSCA_HLP_RESPONSE_EDITOR.html">Edit your response</target>
      <target FeatureID="-1" href="FSCA_HLP_VIEWER_ORGANIZER.html">Manage meeting requests</target>
      <target FeatureID="-1" href="MEET_REQ_HLP_EDITOR.html">Received meeting requests</target>
      <target FeatureID="-1" href="FSCA_HLP_VIEWER.html">Respond to meeting requests</target>
   </keywords>
   <keywords>
      <text FeatureID="-1">contatos</text>
      <target FeatureID="-1" href="RLOOK_HLP_INFO_VIEW.html">Gerenciar o contato encontrado</target>
   </keywords>
   <keywords>
      <text FeatureID="-1">contatos, procurar</text>
      <target FeatureID="-1" href="RLOOK_HLP_RESULT_VIEW.html">Resultados da pesquisa</target>
   </keywords>
   <keywords>
      <text FeatureID="-1">e-mail, anexos</text>
      <target FeatureID="-1" href="FSE_HLP_ATTACHMENT_LIST_EDITOR.html">Adicionar anexos</target>
   </keywords>
   <keywords>
      <text FeatureID="-1">e-mail excluído</text>
      <target FeatureID="-1" href="FSE_HLP_MESSAGE_LIST_DELETED.html">Mensagens de e-mail excluídas</target>
   </keywords>
   <keywords>
      <text FeatureID="-1">download de anexos de e-mail</text>
      <target FeatureID="-1" href="FSE_HLP_ATTACHMENT_LIST.html">Fazer o download de anexos</target>
   </keywords>
   <keywords>
      <text FeatureID="-1">e-mail de rascunho</text>
      <target FeatureID="-1" href="FSE_HLP_MESSAGE_LIST_DRAFTS.html">Mensagens de e-mail de rascunho</target>
   </keywords>
   <keywords>
      <text FeatureID="-1">E-mail Nokia</text>
      <target FeatureID="-1" href="FSE_HLP_LAUNCHER_GRID.html">E-mail Nokia</target>
   </keywords>
   <keywords>
      <text FeatureID="-1">e-mail</text>
      <target FeatureID="-1" href="FSE_HLP_LAUNCHER_GRID.html">E-mail Nokia</target>
   </keywords>
   <keywords>
      <text FeatureID="-1">pastas de e-mail</text>
      <target FeatureID="-1" href="FSE_HLP_FOLDER_LIST.html">Pastas de e-mail</target>
      <target FeatureID="-1" href="FSE_HLP_SETT_IMAP_SUBSCR.html">Inscrição em pastas</target>
      <target FeatureID="-1" href="FSE_HLP_MESSAGE_LIST_INBOX.html">Trabalhar com pastas de e-mail</target>
   </keywords>
   <keywords>
      <text FeatureID="-1">configurações de e-mail</text>
      <target FeatureID="-1" href="FSE_HLP_LAUNCHER_SETTINGS.html">Configurações gerais de e-mail</target>
      <target FeatureID="-1" href="FSE_HLP_POP_IMAP_SETT_MAIN.html">Configurações de e-mail</target>
      <target FeatureID="-1" href="FSE_HLP_MFE_SETTINGS_MAIN_VIEW.html">Configurações para e-mail</target>
   </keywords>
   <keywords>
      <text FeatureID="-1">configurações globais de e-mail</text>
      <target FeatureID="-1" href="FSE_HLP_SETTINGS_GLOBAL.html">Configurações globais de e-mail</target>
   </keywords>
   <keywords>
      <text FeatureID="-1">e-mail em HTML</text>
      <target FeatureID="-1" href="FS_VIEWER_HLP_HTML_VIEW.html">E-mail formatado em HTML</target>
   </keywords>
   <keywords>
      <text FeatureID="-1">configurações de e-mail avançadas</text>
      <target FeatureID="-1" href="FSE_HLP_POP_IMAP_SETT_ADV.html">Configurações de e-mail avançadas</target>
   </keywords>
   <keywords>
      <text FeatureID="-1">configurações de e-mails recebidos</text>
      <target FeatureID="-1" href="FSE_HLP_POP_IMAP_SETT_INCOMING.html">Configurações de e-mail recebido</target>
   </keywords>
   <keywords>
      <text FeatureID="-1">configurações de e-mails enviados</text>
      <target FeatureID="-1" href="FSE_HLP_POP_IMAP_SETT_OUTGOING.html">Configurações de e-mail enviado</target>
   </keywords>
   <keywords>
      <text FeatureID="-1">sincronização de e-mail</text>
      <target FeatureID="-1" href="FSE_HLP_POP_IMAP_SETT_WHAT.html">Selecionar conteúdo a sincronizar</target>
   </keywords>
   <keywords>
      <text FeatureID="-1">tempo da sincronização de e-mails</text>
      <target FeatureID="-1" href="FSE_HLP_POP_IMAP_SETT_WHEN.html">Selecionar tempo da sincronização</target>
      <target FeatureID="-1" href="FSE_HLP_MFE_SETTINGS_WHEN_SYNC.html">Escolher tempo de sincronização</target>
      <target FeatureID="-1" href="FSE_HLP_SETTINGS_WHEN_SYNC.html">Tempo da sincronização</target>
   </keywords>
   <keywords>
      <text FeatureID="-1">Mail for Exchange</text>
      <target FeatureID="-1" href="FSE_HLP_MFE_LAUNCHER_MAIN_VIEW.html">E-mail do Mail for Exchange</target>
   </keywords>
   <keywords>
      <text FeatureID="-1">detalhes do e-mail</text>
      <target FeatureID="-1" href="FS_VIEWER_HLP_DETAILS_VIEW.html">Detalhes da mensagem</target>
   </keywords>
   <keywords>
      <text FeatureID="-1">configurações avançadas de caixa postal</text>
      <target FeatureID="-1" href="FSE_HLP_MFE_SETTINGS_ADVANCED.html">Configurações avançadas para caixa postal</target>
   </keywords>
   <keywords>
      <text FeatureID="-1">configurações de sincronização de e-mail</text>
      <target FeatureID="-1" href="FSE_HLP_MFE_SETTINGS_PIM_APPS.html">Configurações de sincronização do aplicativo</target>
   </keywords>
   <keywords>
      <text FeatureID="-1">sincronização do calendário</text>
      <target FeatureID="-1" href="FSE_HLP_MFE_CALENDAR_APP.html">Configurações de sincronização do calendário</target>
   </keywords>
   <keywords>
      <text FeatureID="-1">sincronização de contatos,</text>
      <target FeatureID="-1" href="FSE_HLP_MFE_CONTACTS_APP.html">Configurações de sincronização de Contatos</target>
   </keywords>
   <keywords>
      <text FeatureID="-1">configs. cx. postal</text>
      <target FeatureID="-1" href="FSE_HLP_MFE_SETTINGS_MAILBOX.html">Configurações gerais de caixa postal</target>
   </keywords>
   <keywords>
      <text FeatureID="-1">conteúdo de sincronização de e-mail</text>
      <target FeatureID="-1" href="FSE_HLP_MFE_SETTINGS_WHAT_SYNC.html">Escolher conteúdo de sincronização</target>
   </keywords>
   <keywords>
      <text FeatureID="-1">sincronização de pastas de e-mail</text>
      <target FeatureID="-1" href="FSE_HLP_MFE_SETTINGS_FOLDER.html">Configurações de sincronização</target>
   </keywords>
   <keywords>
      <text FeatureID="-1">sincronização das entradas de atividade</text>
      <target FeatureID="-1" href="FSE_HLP_MFE_TASKS_APP.html">Configurações da sincronização das entradas de atividade</target>
   </keywords>
   <keywords>
      <text FeatureID="-1">sem mensagens de e-mail.</text>
      <target FeatureID="-1" href="FSE_HLP_MESSAGE_LIST_EMPTY.html">Sem mensagens</target>
   </keywords>
   <keywords>
      <text FeatureID="-1">caixa de saída de e-mails</text>
      <target FeatureID="-1" href="FSE_HLP_MESSAGE_LIST_OUTBOX.html">Trabalhar com a Caixa de saída</target>
   </keywords>
   <keywords>
      <text FeatureID="-1">solicitações de reunião</text>
      <target FeatureID="-1" href="FS_VIEWER_HLP_MEETING_REQ_VIEW.html">Responder a uma solicitação de reunião</target>
   </keywords>
   <keywords>
      <text FeatureID="-1">busca de e-mails</text>
      <target FeatureID="-1" href="FSE_HLP_MESSAGE_LIST_SEARCHING.html">Procurar e-mail</target>
   </keywords>
   <keywords>
      <text FeatureID="-1">resultados da busca de e-mails</text>
      <target FeatureID="-1" href="FSE_HLP_MESSAGE_LIST_SEARCHED.html">Resultados da busca</target>
   </keywords>
   <keywords>
      <text FeatureID="-1">enviar e-mail</text>
      <target FeatureID="-1" href="FS_EDITOR_HLP_MAIN_VIEW.html">Enviar e-mail</target>
   </keywords>
   <keywords>
      <text FeatureID="-1">serviço PIM</text>
      <target FeatureID="-1" href="FSE_HLP_SETTINGS_PIM_VIEW.html">Serviço PIM</target>
   </keywords>
   <keywords>
      <text FeatureID="-1">sincronizando aplicativos</text>
      <target FeatureID="-1" href="FSE_HLP_SETTINGS_APPLICATIONS.html">Sincronizar aplicativos</target>
   </keywords>
   <keywords>
      <text FeatureID="-1">e-mails recebidos</text>
      <target FeatureID="-1" href="FS_VIEWER_HLP_MAIN_VIEW.html">Trabalhar com e-mails recebidos</target>
   </keywords>
   <keywords>
      <text FeatureID="-1">mail, configurações</text>
      <target FeatureID="-1" href="FSE_HLP_SETT.html">Configurações</target>
   </keywords>
   <keywords>
      <text FeatureID="-1">mail, configurações de conta</text>
      <target FeatureID="-1" href="FSE_HLP_ACCT_INFO.html">Configurações da conta de e-mail</target>
   </keywords>
   <keywords>
      <text FeatureID="-1">mail, sincronização</text>
      <target FeatureID="-1" href="FSE_HLP_SYNC_SETT.html">Configurações de sincronização</target>
   </keywords>
   <keywords>
      <text FeatureID="-1">e-mail, entradas de reunião</text>
      <target FeatureID="-1" href="FS_VIEWER_HLP_MR_RECEIVED.html">Solicitações de reunião</target>
   </keywords>
   <keywords>
      <text FeatureID="-1">entradas de reunião</text>
      <target FeatureID="-1" href="FS_VIEWER_HLP_MR_RECEIVED.html">Solicitações de reunião</target>
   </keywords>
</keywords>