<?xml version="1.0" encoding="UTF-8"?>
<keywords>
   <keywords>
      <text FeatureID="-1">قيود المناسبات السنوية, الإنشاء</text>
      <target FeatureID="-1" href="FSCA_HLP_ANNIVERSARY_EDITOR.html">إنشاء قيود المناسبات السنوية</target>
   </keywords>
   <keywords>
      <text FeatureID="-1">قيود الاجتماع, الإنشاء</text>
      <target FeatureID="-1" href="FSCA_HLP_CALE_MEETING_EDITOR.html">إنشاء قيود اجتماع</target>
   </keywords>
   <keywords>
      <text FeatureID="-1">قيود المذكرة, الإنشاء</text>
      <target FeatureID="-1" href="FSCA_HLP_MEMO_EDITOR.html">إنشاء قيود المذكرة</target>
   </keywords>
   <keywords>
      <text FeatureID="-1">قيود المهام, الإنشاء</text>
      <target FeatureID="-1" href="FSCA_HLP_TODO_EDITOR.html">إنشاء قيود المهام</target>
   </keywords>
   <keywords>
      <text FeatureID="-1">قيود الاجتماع, تعديل</text>
      <target FeatureID="-1" href="FSCA_HLP_CALE_MEETING_VIEWER.html">تعديل قيود الاجتماع</target>
   </keywords>
   <keywords>
      <text FeatureID="-1">قيود المذكرة, تعديل</text>
      <target FeatureID="-1" href="FSCA_HLP_MEMO_VIEWER.html">تعديل قيود المذكرة</target>
   </keywords>
   <keywords>
      <text FeatureID="-1">قيود المهام, تعديل</text>
      <target FeatureID="-1" href="FSCA_HLP_TODO_VIEWER.html">تعديل قيود المهام</target>
   </keywords>
   <keywords>
      <text FeatureID="-1">قيود المناسبات السنوية, عرض</text>
      <target FeatureID="-1" href="FSCA_HLP_ANNI_VIEWER.html">تعديل قيود المناسبات السنوية</target>
   </keywords>
   <keywords>
      <text FeatureID="-1">طلبات الاجتماع, تعديل الردود</text>
      <target FeatureID="-1" href="FSCA_HLP_RESPONSE_EDITOR.html">تعديل الرد</target>
   </keywords>
   <keywords>
      <text FeatureID="-1">طلبات الاجتماع, إدارة</text>
      <target FeatureID="-1" href="FSCA_HLP_VIEWER_ORGANIZER.html">إدارة طلبات الاجتماع</target>
   </keywords>
   <keywords>
      <text FeatureID="-1">طلبات الاجتماع, تعديل</text>
      <target FeatureID="-1" href="MEET_REQ_HLP_EDITOR.html">طلبات الاجتماع المستلمة</target>
   </keywords>
   <keywords>
      <text FeatureID="-1">طلبات الاجتماع, الرد</text>
      <target FeatureID="-1" href="FSCA_HLP_VIEWER.html">الرد على طلبات الاجتماع</target>
   </keywords>
   <keywords>
      <text FeatureID="-1">الأسماء</text>
      <target FeatureID="-1" href="RLOOK_HLP_INFO_VIEW.html">إدارة الاسم الذي تم العثور عليه</target>
   </keywords>
   <keywords>
      <text FeatureID="-1">الأسماء, البحث</text>
      <target FeatureID="-1" href="RLOOK_HLP_RESULT_VIEW.html">نتائج البحث</target>
   </keywords>
   <keywords>
      <text FeatureID="-1">البريد الإلكتروني, ملحقات</text>
      <target FeatureID="-1" href="FSE_HLP_ATTACHMENT_LIST_EDITOR.html">إضافة مرفقات</target>
   </keywords>
   <keywords>
      <text FeatureID="-1">البريد الإلكتروني المحذوف</text>
      <target FeatureID="-1" href="FSE_HLP_MESSAGE_LIST_DELETED.html">رسائل البريد الإلكتروني المحذوفة</target>
   </keywords>
   <keywords>
      <text FeatureID="-1">تنزيل مرفقات البريد الإلكتروني</text>
      <target FeatureID="-1" href="FSE_HLP_ATTACHMENT_LIST.html">تنزيل مرفقات</target>
   </keywords>
   <keywords>
      <text FeatureID="-1">مسودة بريد إلكتروني</text>
      <target FeatureID="-1" href="FSE_HLP_MESSAGE_LIST_DRAFTS.html">مسودات رسائل البريد الإلكتروني</target>
   </keywords>
   <keywords>
      <text FeatureID="-1">بريد Nokia الإلكتروني</text>
      <target FeatureID="-1" href="FSE_HLP_LAUNCHER_GRID.html">بريد Nokia الإلكتروني</target>
   </keywords>
   <keywords>
      <text FeatureID="-1">البريد الإلكتروني</text>
      <target FeatureID="-1" href="FSE_HLP_LAUNCHER_GRID.html">بريد Nokia الإلكتروني</target>
   </keywords>
   <keywords>
      <text FeatureID="-1">حافظات البريد الإلكتروني</text>
      <target FeatureID="-1" href="FSE_HLP_FOLDER_LIST.html">حافظات البريد الإلكتروني</target>
      <target FeatureID="-1" href="FSE_HLP_SETT_IMAP_SUBSCR.html">الاشتراك في حافظات</target>
      <target FeatureID="-1" href="FSE_HLP_MESSAGE_LIST_INBOX.html">التعامل مع حافظات البريد الإلكتروني</target>
   </keywords>
   <keywords>
      <text FeatureID="-1">ضبط البريد الإلكتروني</text>
      <target FeatureID="-1" href="FSE_HLP_LAUNCHER_SETTINGS.html">الضبط العام للبريد الإلكتروني</target>
      <target FeatureID="-1" href="FSE_HLP_POP_IMAP_SETT_MAIN.html">ضبط البريد الإلكتروني</target>
      <target FeatureID="-1" href="FSE_HLP_IMS_SETTINGS_MAIN_VIEW.html">ضبط البريد الإلكتروني</target>
      <target FeatureID="-1" href="FSE_HLP_MFE_SETTINGS_MAIN_VIEW.html">ضبط البريد الإلكتروني</target>
   </keywords>
   <keywords>
      <text FeatureID="-1">ضبط عمومي للبريد الإلكتروني</text>
      <target FeatureID="-1" href="FSE_HLP_SETTINGS_GLOBAL.html">الضبط العمومي للبريد الإلكتروني</target>
   </keywords>
   <keywords>
      <text FeatureID="-1">البريد الإلكتروني بتنسيق HTML</text>
      <target FeatureID="-1" href="FS_VIEWER_HLP_HTML_VIEW.html">البريد الإلكتروني بتنسيق HTML</target>
   </keywords>
   <keywords>
      <text FeatureID="-1">الضبط المتقدم للبريد الإلكتروني</text>
      <target FeatureID="-1" href="FSE_HLP_POP_IMAP_SETT_ADV.html">الضبط المتقدم للبريد الإلكتروني</target>
   </keywords>
   <keywords>
      <text FeatureID="-1">ضبط البريد الإلكتروني الوارد</text>
      <target FeatureID="-1" href="FSE_HLP_POP_IMAP_SETT_INCOMING.html">ضبط البريد الإلكتروني الوارد</target>
   </keywords>
   <keywords>
      <text FeatureID="-1">ضبط البريد الإلكتروني الصادر</text>
      <target FeatureID="-1" href="FSE_HLP_POP_IMAP_SETT_OUTGOING.html">ضبط البريد الإلكتروني الصادر</target>
   </keywords>
   <keywords>
      <text FeatureID="-1">تزامن البريد الإلكتروني</text>
      <target FeatureID="-1" href="FSE_HLP_POP_IMAP_SETT_WHAT.html">اختيار محتوى التزامن</target>
   </keywords>
   <keywords>
      <text FeatureID="-1">وقت تزامن البريد الإلكتروني</text>
      <target FeatureID="-1" href="FSE_HLP_POP_IMAP_SETT_WHEN.html">اختيار وقت التزامن</target>
      <target FeatureID="-1" href="FSE_HLP_IMS_SETTINGS_WHEN_SYNC.html">تحديد وقت التزامن</target>
      <target FeatureID="-1" href="FSE_HLP_MFE_SETTINGS_WHEN_SYNC.html">اختيار وقت التزامن</target>
      <target FeatureID="-1" href="FSE_HLP_SETTINGS_WHEN_SYNC.html">وقت التزامن</target>
   </keywords>
   <keywords>
      <text FeatureID="-1">ضبط حساب البريد الإلكتروني</text>
      <target FeatureID="-1" href="FSE_HLP_IMS_SETTINGS_ACCT_INFO.html">ضبط حساب البريد الإلكتروني</target>
   </keywords>
   <keywords>
      <text FeatureID="-1">الضبط المتقدم لصندوق البريد</text>
      <target FeatureID="-1" href="FSE_HLP_IMS_SETTINGS_ADVANCED.html">الضبط المتقدم لصندوق البريد</target>
      <target FeatureID="-1" href="FSE_HLP_MFE_SETTINGS_ADVANCED.html">الضبط المتقدم لصندوق البريد</target>
   </keywords>
   <keywords>
      <text FeatureID="-1">ضبط صندوق البريد</text>
      <target FeatureID="-1" href="FSE_HLP_IMS_SETTINGS_MAILBOX.html">ضبط صندوق البريد</target>
      <target FeatureID="-1" href="FSE_HLP_MFE_SETTINGS_MAILBOX.html">الضبط العام لصندوق البريد</target>
   </keywords>
   <keywords>
      <text FeatureID="-1">محتوى تزامن البريد الإلكتروني</text>
      <target FeatureID="-1" href="FSE_HLP_IMS_SETTINGS_WHAT_SYNC.html">تحديد محتوى التزامن</target>
      <target FeatureID="-1" href="FSE_HLP_MFE_SETTINGS_WHAT_SYNC.html">اختيار محتوى التزامن</target>
   </keywords>
   <keywords>
      <text FeatureID="-1">تزامن حافظة البريد الإلكتروني</text>
      <target FeatureID="-1" href="FSE_HLP_IMS_SETTINGS_FOLDER.html">تزامن حافظات البريد الإلكتروني</target>
      <target FeatureID="-1" href="FSE_HLP_MFE_SETTINGS_FOLDER.html">ضبط التزامن</target>
   </keywords>
   <keywords>
      <text FeatureID="-1">ضبط خدمة البريد الإلكتروني</text>
      <target FeatureID="-1" href="FSE_HLP_SETTINGS_INTELL_LIST.html">ضبط خدمة البريد الإلكتروني</target>
   </keywords>
   <keywords>
      <text FeatureID="-1">Intellisync</text>
      <target FeatureID="-1" href="FSE_HLP_IMS_LAUNCHER_MAIN_VIEW.html">بريد Intellisync الإلكتروني</target>
   </keywords>
   <keywords>
      <text FeatureID="-1">التطبيق Mail for Exchange</text>
      <target FeatureID="-1" href="FSE_HLP_MFE_LAUNCHER_MAIN_VIEW.html">البريد الإلكتروني للتطبيق Mail for Exchange</target>
   </keywords>
   <keywords>
      <text FeatureID="-1">تفاصيل البريد الإلكتروني</text>
      <target FeatureID="-1" href="FS_VIEWER_HLP_DETAILS_VIEW.html">تفاصيل الرسالة</target>
   </keywords>
   <keywords>
      <text FeatureID="-1">ضبط تزامن البريد الإلكتروني</text>
      <target FeatureID="-1" href="FSE_HLP_MFE_SETTINGS_PIM_APPS.html">ضبط تزامن التطبيقات</target>
   </keywords>
   <keywords>
      <text FeatureID="-1">تزامن التقويم</text>
      <target FeatureID="-1" href="FSE_HLP_MFE_CALENDAR_APP.html">ضبط تزامن التقويم</target>
   </keywords>
   <keywords>
      <text FeatureID="-1">تزامن الأسماء,</text>
      <target FeatureID="-1" href="FSE_HLP_MFE_CONTACTS_APP.html">ضبط تزامن الأسماء</target>
   </keywords>
   <keywords>
      <text FeatureID="-1">تزامن قيد مهمة</text>
      <target FeatureID="-1" href="FSE_HLP_MFE_TASKS_APP.html">ضبط تزامن المهام</target>
   </keywords>
   <keywords>
      <text FeatureID="-1">لا توجد رسائل بريد إلكتروني</text>
      <target FeatureID="-1" href="FSE_HLP_MESSAGE_LIST_EMPTY.html">لا توجد رسائل</target>
   </keywords>
   <keywords>
      <text FeatureID="-1">صندوق الصادر للبريد الإلكتروني</text>
      <target FeatureID="-1" href="FSE_HLP_MESSAGE_LIST_OUTBOX.html">التعامل مع صندوق الصادر</target>
   </keywords>
   <keywords>
      <text FeatureID="-1">طلبات الاجتماع</text>
      <target FeatureID="-1" href="FS_VIEWER_HLP_MEETING_REQ_VIEW.html">طلب اجتماع</target>
   </keywords>
   <keywords>
      <text FeatureID="-1">البحث في البريد الإلكتروني</text>
      <target FeatureID="-1" href="FSE_HLP_MESSAGE_LIST_SEARCHING.html">البحث عن بريد إلكتروني</target>
   </keywords>
   <keywords>
      <text FeatureID="-1">نتائج البحث في البريد الإلكتروني</text>
      <target FeatureID="-1" href="FSE_HLP_MESSAGE_LIST_SEARCHED.html">نتائج البحث</target>
   </keywords>
   <keywords>
      <text FeatureID="-1">إرسال بريد إلكتروني</text>
      <target FeatureID="-1" href="FS_EDITOR_HLP_MAIN_VIEW.html">إرسال بريد الإلكتروني</target>
   </keywords>
   <keywords>
      <text FeatureID="-1">خدمة PIM</text>
      <target FeatureID="-1" href="FSE_HLP_SETTINGS_PIM_VIEW.html">خدمة PIM</target>
   </keywords>
   <keywords>
      <text FeatureID="-1">مزامنة تطبيقات</text>
      <target FeatureID="-1" href="FSE_HLP_SETTINGS_APPLICATIONS.html">تطبيقات التزامن</target>
   </keywords>
   <keywords>
      <text FeatureID="-1">مرفقات البريد الإلكتروني</text>
      <target FeatureID="-1" href="FSE_HLP_ATTACHMENT_DOWNLOAD.html">عرض تنزيلات المرفقات</target>
   </keywords>
   <keywords>
      <text FeatureID="-1">بريد إلكتروني مستلم</text>
      <target FeatureID="-1" href="FS_VIEWER_HLP_MAIN_VIEW.html">التعامل مع البريد الإلكتروني المُستلم</target>
   </keywords>
</keywords>