<?xml version="1.0" encoding="UTF-8"?>
<keywords>
   <keywords>
      <text FeatureID="-1">xestor ficheiros</text>
      <target FeatureID="-1" href="FMGR_HLP_MEM_STORE_VIEW.html">Xestión de ficheiros</target>
      <target FeatureID="-1" href="FMGR_HLP_MAIN_VIEW.html">Xestor de ficheiros</target>
      <target FeatureID="-1" href="FMGR_HLP_BACKUP_VIEW.html">Copia de seguridade do ficheiro</target>
   </keywords>
   <keywords>
      <text FeatureID="-1">tarxeta de memoria</text>
      <target FeatureID="-1" href="FMGR_HLP_MEM_STORE_VIEW.html">Xestión de ficheiros</target>
      <target FeatureID="-1" href="FMGR_HLP_MAIN_VIEW.html">Xestor de ficheiros</target>
      <target FeatureID="-1" href="FMGR_HLP_BACKUP_VIEW.html">Copia de seguridade do ficheiro</target>
   </keywords>
   <keywords>
      <text FeatureID="-1">Xestor de ficheiros</text>
      <target FeatureID="-1" href="FMGR_HLP_SEARCH_RESULTS.html">Busca de ficheiros</target>
   </keywords>
   <keywords>
      <text FeatureID="-1">busca de ficheiros</text>
      <target FeatureID="-1" href="FMGR_HLP_SEARCH_RESULTS.html">Busca de ficheiros</target>
   </keywords>
   <keywords>
      <text FeatureID="-1">buscando carpetas</text>
      <target FeatureID="-1" href="FMGR_HLP_SEARCH_RESULTS.html">Busca de ficheiros</target>
   </keywords>
   <keywords>
      <text FeatureID="-1">copia de seguridade</text>
      <target FeatureID="-1" href="FMGR_HLP_BACKUP_VIEW.html">Copia de seguridade do ficheiro</target>
   </keywords>
</keywords>