<?xml version="1.0" encoding="UTF-8"?>
<keywords>
   <keywords>
      <text FeatureID="-1">تصویریں ترمیم کرنا</text>
      <target FeatureID="-1" href="SIE_HLP_MAIN.html">تصویریں ترمیم کریں</target>
   </keywords>
   <keywords>
      <text FeatureID="-1">ٹیکسٹ ترمیم کرنا</text>
      <target FeatureID="-1" href="SIE_HLP_EDIT_TEXT.html">تصویروں میں ٹیکسٹ کو ترمیم کریں</target>
   </keywords>
   <keywords>
      <text FeatureID="-1">تصویر ایڈيٹر</text>
      <target FeatureID="-1" href="SIE_HLP_EDIT_TEXT.html">تصویروں میں ٹیکسٹ کو ترمیم کریں</target>
   </keywords>
   <keywords>
      <text FeatureID="-1">زوم کردہ تصویریں ترمیم کرنا</text>
      <target FeatureID="-1" href="SIE_HLP_ZOOMING.html">زوم کردہ تصویریں ترمیم کریں</target>
   </keywords>
   <keywords>
      <text FeatureID="-1">تصویروں کو زوم کرنا</text>
      <target FeatureID="-1" href="SIE_HLP_ZOOMING.html">زوم کردہ تصویریں ترمیم کریں</target>
   </keywords>
   <keywords>
      <text FeatureID="-1">کلپ آرٹ ترمیم کرنا</text>
      <target FeatureID="-1" href="SIE_HLP_EDIT_CLIPART.html">کلپ آرٹ ترمیم کریں</target>
   </keywords>
   <keywords>
      <text FeatureID="-1">بات کے بلبلے ترمیم کرنا</text>
      <target FeatureID="-1" href="SIE_HLP_EDIT_CLIPART.html">کلپ آرٹ ترمیم کریں</target>
   </keywords>
   <keywords>
      <text FeatureID="-1">سرخ آنکھ کم کريں</text>
      <target FeatureID="-1" href="SIE_HLP_REDEYE.html">سرخ آنکھ کم کريں</target>
   </keywords>
</keywords>