<?xml version="1.0" encoding="UTF-8"?>
<keywords>
   <keywords>
      <text FeatureID="-1">صوتي احکامات</text>
      <target FeatureID="true_72" href="HLP_VC_SIND_FOLDER.html">اضافی پروگرام کا ویو</target>
      <target FeatureID="true_72" href="HLP_VC_SIND_MAIN.html">صوتی احکامات استعمال کرنا</target>
      <target FeatureID="-1" href="VCINFO_HLP_MAINVIEW.html">رابطوں کے لیے</target>
   </keywords>
   <keywords>
      <text FeatureID="-1">صوتي احک ترتيب</text>
      <target FeatureID="-1" href="HLP_VC_SET.html">صوتي حکم ترتيبات</target>
   </keywords>
</keywords>