<?xml version="1.0" encoding="UTF-8"?>
<keywords>
   <keywords>
      <text FeatureID="-1">Data GPS</text>
      <target FeatureID="-1" href="HLP_BLID_NAVIGATION.html">Pameran navigasi</target>
      <target FeatureID="false_112" href="BLID_HLP_WAYPOINTS.html">Lokasi yang disimpan</target>
      <target FeatureID="-1" href="HLP_BLID_TRIPMETER.html">Paparan jarak perjalanan</target>
   </keywords>
   <keywords>
      <text FeatureID="-1">menavigasi ke destinasi</text>
      <target FeatureID="-1" href="HLP_BLID_NAVIGATION.html">Pameran navigasi</target>
   </keywords>
   <keywords>
      <text FeatureID="false_112">menyimpan lokasi</text>
      <target FeatureID="false_112" href="BLID_HLP_WAYPOINTS.html">Lokasi yang disimpan</target>
   </keywords>
   <keywords>
      <text FeatureID="-1">tetapan juru navigasi</text>
      <target FeatureID="-1" href="BLID_HLP_SETTINGS.html">Tetapan data GPS</target>
   </keywords>
   <keywords>
      <text FeatureID="-1">Tetapan data GPS</text>
      <target FeatureID="-1" href="BLID_HLP_SETTINGS.html">Tetapan data GPS</target>
   </keywords>
   <keywords>
      <text FeatureID="-1">maklumat perjalanan</text>
      <target FeatureID="-1" href="HLP_BLID_TRIPMETER.html">Paparan jarak perjalanan</target>
      <target FeatureID="-1" href="HLP_BLID_TRIPMETER.html">Paparan jarak perjalanan</target>
   </keywords>
</keywords>