<?xml version="1.0" encoding="UTF-8"?>
<keywords>
   <keywords>
      <text FeatureID="-1">이메일 계정 설정</text>
      <target FeatureID="-1" href="FSE_HLP_IMS_SETTINGS_ACCT_INFO.html">이메일 계정 설정</target>
   </keywords>
   <keywords>
      <text FeatureID="-1">고급 사서함 설정</text>
      <target FeatureID="-1" href="FSE_HLP_IMS_SETTINGS_ADVANCED.html">고급 사서함 설정</target>
   </keywords>
   <keywords>
      <text FeatureID="-1">사서함 설정</text>
      <target FeatureID="-1" href="FSE_HLP_IMS_SETTINGS_MAILBOX.html">사서함 설정</target>
   </keywords>
   <keywords>
      <text FeatureID="-1">이메일 동기화 콘텐츠</text>
      <target FeatureID="-1" href="FSE_HLP_IMS_SETTINGS_WHAT_SYNC.html">동기화 콘텐츠 정의</target>
   </keywords>
   <keywords>
      <text FeatureID="-1">이메일 동기화 시간</text>
      <target FeatureID="-1" href="FSE_HLP_IMS_SETTINGS_WHEN_SYNC.html">동기화 시간 정의</target>
   </keywords>
   <keywords>
      <text FeatureID="-1">이메일 폴더 동기화</text>
      <target FeatureID="-1" href="FSE_HLP_IMS_SETTINGS_FOLDER.html">이메일 폴더 동기화</target>
   </keywords>
   <keywords>
      <text FeatureID="-1">이메일 서비스 설정</text>
      <target FeatureID="-1" href="FSE_HLP_SETTINGS_INTELL_LIST.html">이메일 서비스 설정</target>
   </keywords>
   <keywords>
      <text FeatureID="-1">이메일 설정</text>
      <target FeatureID="-1" href="FSE_HLP_IMS_SETTINGS_MAIN_VIEW.html">이메일 설정</target>
   </keywords>
   <keywords>
      <text FeatureID="-1">Intellisync</text>
      <target FeatureID="-1" href="FSE_HLP_IMS_LAUNCHER_MAIN_VIEW.html">Intellisync 이메일</target>
   </keywords>
</keywords>