<?xml version="1.0" encoding="UTF-8"?>
<keywords>
   <keywords>
      <text FeatureID="-1">anniversary entries</text>
      <target FeatureID="-1" href="FSCA_HLP_ANNIVERSARY_EDITOR.html">Create anniversary entries</target>
      <target FeatureID="-1" href="FSCA_HLP_ANNI_VIEWER.html">Edit anniversary entries</target>
   </keywords>
   <keywords>
      <text FeatureID="-1">meeting entries</text>
      <target FeatureID="-1" href="FSCA_HLP_CALE_MEETING_EDITOR.html">Create meeting entries</target>
      <target FeatureID="-1" href="FSCA_HLP_CALE_MEETING_VIEWER.html">Edit meeting entries</target>
   </keywords>
   <keywords>
      <text FeatureID="-1">memo entries</text>
      <target FeatureID="-1" href="FSCA_HLP_MEMO_EDITOR.html">Create memo entries</target>
      <target FeatureID="-1" href="FSCA_HLP_MEMO_VIEWER.html">Edit memo entries</target>
   </keywords>
   <keywords>
      <text FeatureID="-1">to-do entries</text>
      <target FeatureID="-1" href="FSCA_HLP_TODO_EDITOR.html">Create to-do entries</target>
      <target FeatureID="-1" href="FSCA_HLP_TODO_VIEWER.html">Edit to-do entries</target>
   </keywords>
   <keywords>
      <text FeatureID="-1">meeting requests</text>
      <target FeatureID="-1" href="FSCA_HLP_RESPONSE_EDITOR.html">Edit your response</target>
      <target FeatureID="-1" href="FSCA_HLP_VIEWER_ORGANIZER.html">Manage meeting requests</target>
      <target FeatureID="-1" href="MEET_REQ_HLP_EDITOR.html">Received meeting requests</target>
      <target FeatureID="-1" href="FSCA_HLP_VIEWER.html">Respond to meeting requests</target>
   </keywords>
   <keywords>
      <text FeatureID="-1">mga contact</text>
      <target FeatureID="-1" href="RLOOK_HLP_INFO_VIEW.html">Pangasiwaan ang nahanap na contact</target>
   </keywords>
   <keywords>
      <text FeatureID="-1">mga contact, naghahanap</text>
      <target FeatureID="-1" href="RLOOK_HLP_RESULT_VIEW.html">Mga resulta ng paghahanap</target>
   </keywords>
   <keywords>
      <text FeatureID="-1">e-mail, mga kalakip</text>
      <target FeatureID="-1" href="FSE_HLP_ATTACHMENT_LIST_EDITOR.html">Magdagdag ng mga attachment</target>
   </keywords>
   <keywords>
      <text FeatureID="-1">tinanggal na e-mail</text>
      <target FeatureID="-1" href="FSE_HLP_MESSAGE_LIST_DELETED.html">Mga mensaheng e-mail na binura</target>
   </keywords>
   <keywords>
      <text FeatureID="-1">download ng kalakip ng e-mail</text>
      <target FeatureID="-1" href="FSE_HLP_ATTACHMENT_LIST.html">Mag-download ng mga attachment</target>
   </keywords>
   <keywords>
      <text FeatureID="-1">mag-draft ng e-mail</text>
      <target FeatureID="-1" href="FSE_HLP_MESSAGE_LIST_DRAFTS.html">Nakabanghay na mga mensaheng e-mail</target>
   </keywords>
   <keywords>
      <text FeatureID="-1">Nokia E-mail</text>
      <target FeatureID="-1" href="FSE_HLP_LAUNCHER_GRID.html">Nokia E-mail</target>
   </keywords>
   <keywords>
      <text FeatureID="-1">e-mail</text>
      <target FeatureID="-1" href="FSE_HLP_LAUNCHER_GRID.html">Nokia E-mail</target>
   </keywords>
   <keywords>
      <text FeatureID="-1">mga folder ng e-mail</text>
      <target FeatureID="-1" href="FSE_HLP_FOLDER_LIST.html">Mga folder ng e-mail</target>
      <target FeatureID="-1" href="FSE_HLP_SETT_IMAP_SUBSCR.html">Mag-subscribe sa mga folder</target>
      <target FeatureID="-1" href="FSE_HLP_MESSAGE_LIST_INBOX.html">Gumawa sa mga folder ng e-mail</target>
   </keywords>
   <keywords>
      <text FeatureID="-1">mga setting ng e-mail</text>
      <target FeatureID="-1" href="FSE_HLP_LAUNCHER_SETTINGS.html">Pangkalahatang mga setting ng e-mail</target>
      <target FeatureID="-1" href="FSE_HLP_POP_IMAP_SETT_MAIN.html">Mga setting ng e-mail</target>
      <target FeatureID="-1" href="FSE_HLP_MFE_SETTINGS_MAIN_VIEW.html">Mga setting para sa e-mail</target>
   </keywords>
   <keywords>
      <text FeatureID="-1">pandaigdigang mga setting ng e-mail</text>
      <target FeatureID="-1" href="FSE_HLP_SETTINGS_GLOBAL.html">Pandaigdigang mga setting ng e-mail</target>
   </keywords>
   <keywords>
      <text FeatureID="-1">e-mail na HTML</text>
      <target FeatureID="-1" href="FS_VIEWER_HLP_HTML_VIEW.html">May format na HTML na email</target>
   </keywords>
   <keywords>
      <text FeatureID="-1">mga advanced na setting ng e-mail</text>
      <target FeatureID="-1" href="FSE_HLP_POP_IMAP_SETT_ADV.html">Mga mas abansadong setting ng e-mail</target>
   </keywords>
   <keywords>
      <text FeatureID="-1">mga setting ng papasok na e-mail</text>
      <target FeatureID="-1" href="FSE_HLP_POP_IMAP_SETT_INCOMING.html">Mga setting ng incoming na e-mail</target>
   </keywords>
   <keywords>
      <text FeatureID="-1">mga setting ng papalbas na e-mail</text>
      <target FeatureID="-1" href="FSE_HLP_POP_IMAP_SETT_OUTGOING.html">Mga setting para sa outgoing na e-mail</target>
   </keywords>
   <keywords>
      <text FeatureID="-1">pagsi-synchronize ng e-mail</text>
      <target FeatureID="-1" href="FSE_HLP_POP_IMAP_SETT_WHAT.html">Piliin ang nilalaman ng sync</target>
   </keywords>
   <keywords>
      <text FeatureID="-1">oras ng pagsi-synchronize ng e-mail</text>
      <target FeatureID="-1" href="FSE_HLP_POP_IMAP_SETT_WHEN.html">Piliin ang oras ng sync</target>
      <target FeatureID="-1" href="FSE_HLP_MFE_SETTINGS_WHEN_SYNC.html">Mamili ng oras ng sync</target>
      <target FeatureID="-1" href="FSE_HLP_SETTINGS_WHEN_SYNC.html">Oras ng pagsi-synchronize</target>
   </keywords>
   <keywords>
      <text FeatureID="-1">Mail for Exchange</text>
      <target FeatureID="-1" href="FSE_HLP_MFE_LAUNCHER_MAIN_VIEW.html">Mail ng Mail for Exchange</target>
   </keywords>
   <keywords>
      <text FeatureID="-1">mga detalye ng e-mail</text>
      <target FeatureID="-1" href="FS_VIEWER_HLP_DETAILS_VIEW.html">Mga detalye ng mensahe</target>
   </keywords>
   <keywords>
      <text FeatureID="-1">mga advanced na setting ng mailbox</text>
      <target FeatureID="-1" href="FSE_HLP_MFE_SETTINGS_ADVANCED.html">Mga advanced setting para sa mailbox</target>
   </keywords>
   <keywords>
      <text FeatureID="-1">mga setting sa pagsi-synchronize ng e-mail</text>
      <target FeatureID="-1" href="FSE_HLP_MFE_SETTINGS_PIM_APPS.html">Mga setting ng pagpapareho ng application</target>
   </keywords>
   <keywords>
      <text FeatureID="-1">pagsi-synchronize ng kalendaryo</text>
      <target FeatureID="-1" href="FSE_HLP_MFE_CALENDAR_APP.html">Mga setting sa pagpapareho ng Kalendaryo</target>
   </keywords>
   <keywords>
      <text FeatureID="-1">pagsi-synchronize ng mga contact,</text>
      <target FeatureID="-1" href="FSE_HLP_MFE_CONTACTS_APP.html">Mga setting para sa pagpapareho ng mga kontak</target>
   </keywords>
   <keywords>
      <text FeatureID="-1">mga setting ng mailbox</text>
      <target FeatureID="-1" href="FSE_HLP_MFE_SETTINGS_MAILBOX.html">Pangkalahatang mga setting ng mailbox</target>
   </keywords>
   <keywords>
      <text FeatureID="-1">nilalaman ng pagsi-synchronize ng e-mail</text>
      <target FeatureID="-1" href="FSE_HLP_MFE_SETTINGS_WHAT_SYNC.html">Mamili ng nilalaman ng sync</target>
   </keywords>
   <keywords>
      <text FeatureID="-1">pagsi-synchronize ng folder ng e-mail</text>
      <target FeatureID="-1" href="FSE_HLP_MFE_SETTINGS_FOLDER.html">Mga setting sa pagsi-synchronize</target>
   </keywords>
   <keywords>
      <text FeatureID="-1">pagsi-syncrhonize ng entry ng gagawin</text>
      <target FeatureID="-1" href="FSE_HLP_MFE_TASKS_APP.html">Mga setting sa pagsi-synchronize ng gagawin</target>
   </keywords>
   <keywords>
      <text FeatureID="-1">walang mga mensaheng e-mail</text>
      <target FeatureID="-1" href="FSE_HLP_MESSAGE_LIST_EMPTY.html">Walang mga mensahe</target>
   </keywords>
   <keywords>
      <text FeatureID="-1">outbox ng e-mail</text>
      <target FeatureID="-1" href="FSE_HLP_MESSAGE_LIST_OUTBOX.html">Magtrabaho gamit ang Outbox</target>
   </keywords>
   <keywords>
      <text FeatureID="-1">mga paghiling ng pagpupulong</text>
      <target FeatureID="-1" href="FS_VIEWER_HLP_MEETING_REQ_VIEW.html">Tumugon sa isang hiling na pulong</target>
   </keywords>
   <keywords>
      <text FeatureID="-1">paghahanap ng e-mail</text>
      <target FeatureID="-1" href="FSE_HLP_MESSAGE_LIST_SEARCHING.html">Maghanap para sa e-mail</target>
   </keywords>
   <keywords>
      <text FeatureID="-1">mga resulta ng paghahanap ng e-mail</text>
      <target FeatureID="-1" href="FSE_HLP_MESSAGE_LIST_SEARCHED.html">Mga resulta ng paghahanap</target>
   </keywords>
   <keywords>
      <text FeatureID="-1">pagpapadala ng e-mail</text>
      <target FeatureID="-1" href="FS_EDITOR_HLP_MAIN_VIEW.html">Pagpapadala ng e-mail</target>
   </keywords>
   <keywords>
      <text FeatureID="-1">serbiyong PIM</text>
      <target FeatureID="-1" href="FSE_HLP_SETTINGS_PIM_VIEW.html">serbisyong PIM</target>
   </keywords>
   <keywords>
      <text FeatureID="-1">pag-synchronize ng mga application</text>
      <target FeatureID="-1" href="FSE_HLP_SETTINGS_APPLICATIONS.html">Ipareho ang mga aplikasyon</target>
   </keywords>
   <keywords>
      <text FeatureID="-1">natanggap na e-mail</text>
      <target FeatureID="-1" href="FS_VIEWER_HLP_MAIN_VIEW.html">Gumawa sa natanggap na e-mail</target>
   </keywords>
   <keywords>
      <text FeatureID="-1">mail, mga setting</text>
      <target FeatureID="-1" href="FSE_HLP_SETT.html">Mga setting</target>
   </keywords>
   <keywords>
      <text FeatureID="-1">mail, mga setting ng account</text>
      <target FeatureID="-1" href="FSE_HLP_ACCT_INFO.html">Mga setting ng mail account</target>
   </keywords>
   <keywords>
      <text FeatureID="-1">mail, pag-synchronize</text>
      <target FeatureID="-1" href="FSE_HLP_SYNC_SETT.html">Mga setting sa pag-sync</target>
   </keywords>
   <keywords>
      <text FeatureID="-1">mail, mga entry sa pulong</text>
      <target FeatureID="-1" href="FS_VIEWER_HLP_MR_RECEIVED.html">Mga hiling na pulong</target>
   </keywords>
   <keywords>
      <text FeatureID="-1">mga entry sa pulong</text>
      <target FeatureID="-1" href="FS_VIEWER_HLP_MR_RECEIVED.html">Mga hiling na pulong</target>
   </keywords>
</keywords>