<?xml version="1.0" encoding="UTF-8"?>
<keywords>
   <keywords>
      <text FeatureID="true_298">automatska telefonska sekretarica</text>
      <target FeatureID="true_298" href="SMSVO_HLP_CS_VIDEO_AND_XSP_VOIP.html">Glasovni, video i spremnik internetskog poziva</target>
   </keywords>
   <keywords>
      <text FeatureID="true_298">spremnik internetskih poziva</text>
      <target FeatureID="true_298" href="SMSVO_HLP_CS_VIDEO_AND_XSP_VOIP.html">Glasovni, video i spremnik internetskog poziva</target>
   </keywords>
   <keywords>
      <text FeatureID="true_298">spremnik poziva</text>
      <target FeatureID="true_298" href="SMSVO_HLP_CS_VIDEO_AND_XSP_VOIP.html">Glasovni, video i spremnik internetskog poziva</target>
   </keywords>
   <keywords>
      <text FeatureID="-1">internetski pozivi</text>
      <target FeatureID="-1" href="VOIP_HLP_CSC.html">Postavke Interneta</target>
      <target FeatureID="true_298" href="VOIP_HLP_SERVCATALOG.html">Katalog usluge</target>
      <target FeatureID="-1" href="SERVTAB_HLP_SETTINGS.html">Postavke kartice Usluga</target>
   </keywords>
</keywords>