<?xml version="1.0" encoding="UTF-8"?>
<keywords>
   <keywords>
      <text FeatureID="-1">менеджер пристроїв</text>
      <target FeatureID="-1" href="DM_HLP_MAIN_VIEW.html">Програмне забезпечення пристрою</target>
      <target FeatureID="-1" href="DM_HLP_SETTINGS.html">Установки профілю сервера</target>
      <target FeatureID="-1" href="DM_HLP_SERVERS_VIEW.html">Віддалене налаштування</target>
   </keywords>
   <keywords>
      <text FeatureID="-1">установки конфігурації</text>
      <target FeatureID="-1" href="DM_HLP_MAIN_VIEW.html">Програмне забезпечення пристрою</target>
   </keywords>
   <keywords>
      <text FeatureID="-1">Менеджер пристроїв</text>
      <target FeatureID="-1" href="FOTA_HLP_SETTINGS.html">Установки оновлення ПЗ</target>
   </keywords>
   <keywords>
      <text FeatureID="-1">установки оновлення ПЗ</text>
      <target FeatureID="-1" href="FOTA_HLP_SETTINGS.html">Установки оновлення ПЗ</target>
   </keywords>
   <keywords>
      <text FeatureID="-1">установки профілю сервера</text>
      <target FeatureID="-1" href="DM_HLP_SETTINGS.html">Установки профілю сервера</target>
   </keywords>
   <keywords>
      <text FeatureID="-1">віддалене налаштування</text>
      <target FeatureID="-1" href="DM_HLP_SERVERS_VIEW.html">Віддалене налаштування</target>
   </keywords>
</keywords>