<?xml version="1.0" encoding="UTF-8"?>
<keywords>
   <keywords>
      <text FeatureID="-1">szinkronizálás</text>
      <target FeatureID="-1" href="OTASYNCBU_HLP_MAIN.html">Ovi-szinkronizálás</target>
   </keywords>
   <keywords>
      <text FeatureID="-1">Ovi-szinkronizálás</text>
      <target FeatureID="-1" href="OTASYNCBU_HLP_MAIN.html">Ovi-szinkronizálás</target>
      <target FeatureID="-1" href="OTASYNCBU_HLP_SETTINGS.html">Az Ovi-szinkronizálás beállításai</target>
   </keywords>
</keywords>