<?xml version="1.0" encoding="UTF-8"?>
<keywords>
   <keywords>
      <text FeatureID="true_13 true_1566">conexión mediante cable USB</text>
      <target FeatureID="true_13" href="USB_HLP_MAIN.html">Ajustes de USB</target>
      <target FeatureID="true_1566" href="USB_HLP_PRINT_SETTINGS.html">Ajustes de impresora</target>
   </keywords>
   <keywords>
      <text FeatureID="true_13">conexión mediante cable</text>
      <target FeatureID="true_13" href="USB_HLP_MAIN.html">Ajustes de USB</target>
   </keywords>
   <keywords>
      <text FeatureID="true_1566">copias</text>
      <target FeatureID="true_1566" href="USB_HLP_PRINT_SETTINGS.html">Ajustes de impresora</target>
   </keywords>
   <keywords>
      <text FeatureID="true_1566">ajustes, impresora</text>
      <target FeatureID="true_1566" href="USB_HLP_PRINT_SETTINGS.html">Ajustes de impresora</target>
   </keywords>
</keywords>