<?xml version="1.0" encoding="UTF-8"?>
<keywords>
   <keywords>
      <text FeatureID="-1">chercher</text>
      <target FeatureID="-1" href="SEARCH_HLP_INDEVICE_MAIN.html">Rechercher</target>
   </keywords>
   <keywords>
      <text FeatureID="-1">résultats de recherche</text>
      <target FeatureID="-1" href="SEARCH_HLP_SINGLE_RE.html">Résultats de la recherche</target>
      <target FeatureID="-1" href="SEARCH_HLP_GROUPED.html">Résultats de recherche en catégories</target>
   </keywords>
</keywords>