<?xml version="1.0" encoding="UTF-8"?>
<keywords>
   <keywords>
      <text FeatureID="true_24">安全模块</text>
      <target FeatureID="-1" href="SECMOD_HLP_ACCESSCODE_VIEW.html">安全模块 PIN 码</target>
      <target FeatureID="-1" href="SECMOD_HLP_MAIN_VIEW.html">安全模块</target>
      <target FeatureID="-1" href="SEMOD_HLP_SIGNINGCODE_VIEW.html">编辑签名 PIN 码</target>
   </keywords>
   <keywords>
      <text FeatureID="true_24">PIN 码</text>
      <target FeatureID="-1" href="SECMOD_HLP_ACCESSCODE_VIEW.html">安全模块 PIN 码</target>
   </keywords>
   <keywords>
      <text FeatureID="true_24">安全模块密码</text>
      <target FeatureID="-1" href="SECMOD_HLP_CODE_VIEW.html">安全模块密码</target>
   </keywords>
   <keywords>
      <text FeatureID="true_24">安全模块的 PIN 码</text>
      <target FeatureID="-1" href="SECMOD_HLP_CODE_VIEW.html">安全模块密码</target>
   </keywords>
   <keywords>
      <text FeatureID="true_24">密钥存储</text>
      <target FeatureID="-1" href="SECMOD_HLP_MAIN_VIEW.html">安全模块</target>
   </keywords>
   <keywords>
      <text FeatureID="true_24">签名 PIN 码</text>
      <target FeatureID="-1" href="SEMOD_HLP_SIGNINGCODE_VIEW.html">编辑签名 PIN 码</target>
   </keywords>
   <keywords>
      <text FeatureID="true_24">数字签名</text>
      <target FeatureID="-1" href="SEMOD_HLP_SIGNINGCODE_VIEW.html">编辑签名 PIN 码</target>
   </keywords>
</keywords>