<?xml version="1.0" encoding="UTF-8"?>
<keywords>
   <keywords>
      <text FeatureID="-1">teemad</text>
      <target FeatureID="-1" href="SKINS_HLP_LIST.html">Üldised teemad</target>
      <target FeatureID="-1" href="SCREENSAVER_HLP_WP_SETTINGS.html">Slaidiseansi taustpildi seaded</target>
      <target FeatureID="-1" href="SKINS_HLP_WP_SETTINGS.html">Taustpildi seaded</target>
      <target FeatureID="true_1503" href="SKINS_HLP_CIMAGE_SETTINGS.html">Kõne ajal kuvatava pildi valimine</target>
      <target FeatureID="-1" href="SKINS_HLP_APPSHELL.html">Menüü vaate seaded</target>
      <target FeatureID="-1" href="SKINS_HLP_APP_MAIN.html">Ekraani kohandamine</target>
      <target FeatureID="-1" href="SKINS_HLP_APPSKINS_LIST.html">Rakenduste teemad</target>
   </keywords>
   <keywords>
      <text FeatureID="-1">slaidiseansi taustpilt</text>
      <target FeatureID="-1" href="SCREENSAVER_HLP_WP_SETTINGS.html">Slaidiseansi taustpildi seaded</target>
   </keywords>
   <keywords>
      <text FeatureID="-1">slaidiseansi seaded</text>
      <target FeatureID="-1" href="SCREENSAVER_HLP_WP_SETTINGS.html">Slaidiseansi taustpildi seaded</target>
   </keywords>
   <keywords>
      <text FeatureID="-1">taustpildi seaded</text>
      <target FeatureID="-1" href="SKINS_HLP_WP_SETTINGS.html">Taustpildi seaded</target>
   </keywords>
   <keywords>
      <text FeatureID="-1">taustpilt</text>
      <target FeatureID="-1" href="SKINS_HLP_WP_SETTINGS.html">Taustpildi seaded</target>
      <target FeatureID="-1" href="SKINS_HLP_APP_MAIN.html">Ekraani kohandamine</target>
   </keywords>
   <keywords>
      <text FeatureID="-1">pimenduspilt</text>
      <target FeatureID="-1" href="SKINS_HLP_SCREENS_SETTINGS.html">Pimenduspildi seaded</target>
   </keywords>
   <keywords>
      <text FeatureID="true_1503">kõnepildi seaded</text>
      <target FeatureID="true_1503" href="SKINS_HLP_CIMAGE_SETTINGS.html">Kõne ajal kuvatava pildi valimine</target>
   </keywords>
   <keywords>
      <text FeatureID="-1">menüüd</text>
      <target FeatureID="-1" href="SKINS_HLP_APPSHELL.html">Menüü vaate seaded</target>
   </keywords>
</keywords>