<?xml version="1.0" encoding="UTF-8"?>
<keywords>
   <keywords>
      <text FeatureID="-1">kartpostal</text>
      <target FeatureID="-1" href="MMS_POSTCARD_HLP_ADDRESS_EDIT.html">Adresleri düzenleme</target>
      <target FeatureID="-1" href="POSTCARD_HLP_ADDRESS_VIEW.html">Adresleri görüntüleme</target>
      <target FeatureID="-1" href="POSTCARD_HLP_GREETING_EDIT.html">Tebrik yazma</target>
      <target FeatureID="-1" href="POSTCARD_HLP_GREETING_VIEW.html">Tebrikleri görüntüleme</target>
      <target FeatureID="-1" href="MMS_POSTCARD_HLP_MAIN_EDIT.html">Kartpostal oluşturma</target>
   </keywords>
   <keywords>
      <text FeatureID="-1">kartpostal gönderme</text>
      <target FeatureID="-1" href="MMS_POSTCARD_HLP_ADDRESS_EDIT.html">Adresleri düzenleme</target>
      <target FeatureID="-1" href="POSTCARD_HLP_GREETING_EDIT.html">Tebrik yazma</target>
      <target FeatureID="-1" href="MMS_POSTCARD_HLP_MAIN_EDIT.html">Kartpostal oluşturma</target>
   </keywords>
   <keywords>
      <text FeatureID="-1">kartpostallar</text>
      <target FeatureID="-1" href="MMS_POSTCARD_HLP_MAIN_VIEW.html">Kartpostalları görüntüleme</target>
   </keywords>
</keywords>