<?xml version="1.0" encoding="UTF-8"?>
<keywords>
   <keywords>
      <text FeatureID="-1">chatberichten</text>
      <target FeatureID="-1" href="SERVTAB_HLP_CONVERSATION.html">Chatberichten versturen</target>
   </keywords>
   <keywords>
      <text FeatureID="-1">chatten</text>
      <target FeatureID="-1" href="SERVTAB_HLP_CONVERSATION.html">Chatberichten versturen</target>
   </keywords>
   <keywords>
      <text FeatureID="-1">conversaties</text>
      <target FeatureID="-1" href="SERVTAB_HLP_CONVERSATION.html">Chatberichten versturen</target>
   </keywords>
</keywords>