<?xml version="1.0" encoding="UTF-8"?>
<keywords>
   <keywords>
      <text FeatureID="-1">Bluetooth</text>
      <target FeatureID="-1" href="BT_HLP_MAIN.html">Bluetooth</target>
      <target FeatureID="-1" href="BT_HLP_PAIRED.html">Liaison avec des appareils</target>
      <target FeatureID="-1" href="BT_HLP_BLOCKED.html">Bloquer des appareils</target>
   </keywords>
   <keywords>
      <text FeatureID="-1">Paramètres Bluetooth</text>
      <target FeatureID="-1" href="BT_HLP_MAIN.html">Bluetooth</target>
   </keywords>
   <keywords>
      <text FeatureID="-1">jumelage d'appareils</text>
      <target FeatureID="-1" href="BT_HLP_PAIRED.html">Liaison avec des appareils</target>
   </keywords>
   <keywords>
      <text FeatureID="-1">appareils bloqués</text>
      <target FeatureID="-1" href="BT_HLP_BLOCKED.html">Bloquer des appareils</target>
   </keywords>
   <keywords>
      <text FeatureID="true_12">clavier sans fil</text>
      <target FeatureID="true_12" href="BTKEYBOARD_HLP_SETTINGS.html">Clavier sans fil</target>
   </keywords>
</keywords>