<?xml version="1.0" encoding="UTF-8"?>
<keywords>
   <keywords>
      <text FeatureID="-1">синхронізація</text>
      <target FeatureID="-1" href="DS_HLP_MAIN_VIEW.html">Синхронізація даних</target>
   </keywords>
   <keywords>
      <text FeatureID="-1">профілі синхронізації</text>
      <target FeatureID="-1" href="DS_HLP_MAIN_VIEW.html">Синхронізація даних</target>
   </keywords>
   <keywords>
      <text FeatureID="-1">установки профілю синхронізації</text>
      <target FeatureID="-1" href="DS_HLP_SETTINGS.html">Редагування профілів синхронізації</target>
   </keywords>
   <keywords>
      <text FeatureID="-1">установки синхронізації</text>
      <target FeatureID="-1" href="DS_HLP_SETTINGS_CAL.html">Установки синхронізації календаря</target>
      <target FeatureID="-1" href="DS_HLP_SETTINGS_CNT.html">Установки синхронізації контактів</target>
      <target FeatureID="-1" href="DS_HLP_SETTINGS_NOTES.html">Установки синхронізації нотаток</target>
      <target FeatureID="-1" href="DS_HLP_SETTINGS_SMS.html">Установки синхронізації SMS</target>
      <target FeatureID="true_44" href="DS_HLP_SETTINGS_SYNCML.html">Установки синхронізації ел. пошти</target>
   </keywords>
</keywords>