<?xml version="1.0" encoding="UTF-8"?>
<keywords>
   <keywords>
      <text FeatureID="-1">календар</text>
      <target FeatureID="-1" href="CALE_HLP_NOTE_VIEWER.html">Записи в календара</target>
      <target FeatureID="-1" href="CALE_HLP_DAY_VIEW.html">Екран за деня</target>
      <target FeatureID="-1" href="CALE_HLP_NOTE_MEETING.html">Записи за срещи</target>
      <target FeatureID="-1" href="CALE_HLP_MONTH_VIEW.html">Екран Месец</target>
      <target FeatureID="-1" href="CALE_HLP_TODO_NOTE.html">Записи за задачи</target>
      <target FeatureID="-1" href="CALE_HLP_TODO_VIEW.html">Екран задача</target>
      <target FeatureID="-1" href="CALE_HLP_WEEK_VIEW.html">Екран седмица</target>
      <target FeatureID="-1" href="CALE_HLP_CALENDAR_DATABASE_SETTINGS.html">Настройки за няколко календара</target>
      <target FeatureID="-1" href="CALE_HLP_CALE_MAN_VIEW.html">Екран за администриране на календари</target>
      <target FeatureID="-1" href="CALE_HLP_ATTACH_VIEW.html">Екран за прикачени файлове</target>
      <target FeatureID="-1" href="CALE_HLP_MAV.html">Екран за пропуснати аларми</target>
   </keywords>
   <keywords>
      <text FeatureID="-1">срещи</text>
      <target FeatureID="-1" href="CALE_HLP_NOTE_VIEWER.html">Записи в календара</target>
      <target FeatureID="-1" href="CALE_HLP_NOTE_MEETING.html">Записи за срещи</target>
   </keywords>
   <keywords>
      <text FeatureID="-1">бележки за задачи</text>
      <target FeatureID="-1" href="CALE_HLP_NOTE_VIEWER.html">Записи в календара</target>
      <target FeatureID="-1" href="CALE_HLP_TODO_NOTE.html">Записи за задачи</target>
   </keywords>
   <keywords>
      <text FeatureID="-1">настройки календар</text>
      <target FeatureID="-1" href="CALE_HLP_SETTINGS.html">Настройки на календар</target>
   </keywords>
   <keywords>
      <text FeatureID="-1">списък със задачи</text>
      <target FeatureID="-1" href="CALE_HLP_TODO_VIEW.html">Екран задача</target>
   </keywords>
   <keywords>
      <text FeatureID="-1">настройки, календар</text>
      <target FeatureID="-1" href="CALE_HLP_CALENDAR_DATABASE_SETTINGS.html">Настройки за няколко календара</target>
   </keywords>
   <keywords>
      <text FeatureID="-1">прикачени файлове</text>
      <target FeatureID="-1" href="CALE_HLP_ATTACH_VIEW.html">Екран за прикачени файлове</target>
   </keywords>
   <keywords>
      <text FeatureID="-1">аларми, календарна бележка</text>
      <target FeatureID="-1" href="CALE_HLP_MAV.html">Екран за пропуснати аларми</target>
   </keywords>
</keywords>