<?xml version="1.0" encoding="UTF-8"?>
<keywords>
   <keywords>
      <text FeatureID="-1">календар</text>
      <target FeatureID="-1" href="CALE_HLP_NOTE_ANNIVERSARY.html">Записи за годишнини</target>
      <target FeatureID="-1" href="CALE_HLP_NOTE_VIEWER.html">Записи в календара</target>
      <target FeatureID="-1" href="CALE_HLP_DAY_VIEW.html">Екран за деня</target>
      <target FeatureID="-1" href="CALE_HLP_NOTE_MEETING.html">Записи за срещи</target>
      <target FeatureID="-1" href="CALE_HLP_NOTE_DAY.html">Записки</target>
      <target FeatureID="-1" href="CALE_HLP_MONTH_VIEW.html">Екран Месец</target>
      <target FeatureID="-1" href="CALE_HLP_TODO_NOTE.html">Записи за задачи</target>
      <target FeatureID="-1" href="CALE_HLP_TODO_VIEW.html">Екран задача</target>
      <target FeatureID="-1" href="CALE_HLP_WEEK_VIEW.html">Екран седмица</target>
   </keywords>
   <keywords>
      <text FeatureID="-1">бележки за годишнини</text>
      <target FeatureID="-1" href="CALE_HLP_NOTE_ANNIVERSARY.html">Записи за годишнини</target>
      <target FeatureID="-1" href="CALE_HLP_NOTE_VIEWER.html">Записи в календара</target>
   </keywords>
   <keywords>
      <text FeatureID="-1">срещи</text>
      <target FeatureID="-1" href="CALE_HLP_NOTE_VIEWER.html">Записи в календара</target>
      <target FeatureID="-1" href="CALE_HLP_NOTE_MEETING.html">Записи за срещи</target>
   </keywords>
   <keywords>
      <text FeatureID="-1">бележки за записки</text>
      <target FeatureID="-1" href="CALE_HLP_NOTE_VIEWER.html">Записи в календара</target>
      <target FeatureID="-1" href="CALE_HLP_NOTE_DAY.html">Записки</target>
   </keywords>
   <keywords>
      <text FeatureID="-1">бележки за задачи</text>
      <target FeatureID="-1" href="CALE_HLP_NOTE_VIEWER.html">Записи в календара</target>
      <target FeatureID="-1" href="CALE_HLP_TODO_NOTE.html">Записи за задачи</target>
   </keywords>
   <keywords>
      <text FeatureID="-1">настройки календар</text>
      <target FeatureID="-1" href="CALE_HLP_SETTINGS.html">Настройки на календар</target>
   </keywords>
   <keywords>
      <text FeatureID="-1">списък със задачи</text>
      <target FeatureID="-1" href="CALE_HLP_TODO_VIEW.html">Екран задача</target>
   </keywords>
</keywords>