<?xml version="1.0" encoding="UTF-8"?>
<keywords>
   <keywords>
      <text FeatureID="-1">anniversary entries</text>
      <target FeatureID="-1" href="FSCA_HLP_ANNIVERSARY_EDITOR.html">Create anniversary entries</target>
      <target FeatureID="-1" href="FSCA_HLP_ANNI_VIEWER.html">Edit anniversary entries</target>
   </keywords>
   <keywords>
      <text FeatureID="-1">meeting entries</text>
      <target FeatureID="-1" href="FSCA_HLP_CALE_MEETING_EDITOR.html">Create meeting entries</target>
      <target FeatureID="-1" href="FSCA_HLP_CALE_MEETING_VIEWER.html">Edit meeting entries</target>
   </keywords>
   <keywords>
      <text FeatureID="-1">memo entries</text>
      <target FeatureID="-1" href="FSCA_HLP_MEMO_EDITOR.html">Create memo entries</target>
      <target FeatureID="-1" href="FSCA_HLP_MEMO_VIEWER.html">Edit memo entries</target>
   </keywords>
   <keywords>
      <text FeatureID="-1">to-do entries</text>
      <target FeatureID="-1" href="FSCA_HLP_TODO_EDITOR.html">Create to-do entries</target>
      <target FeatureID="-1" href="FSCA_HLP_TODO_VIEWER.html">Edit to-do entries</target>
   </keywords>
   <keywords>
      <text FeatureID="-1">meeting requests</text>
      <target FeatureID="-1" href="FSCA_HLP_RESPONSE_EDITOR.html">Edit your response</target>
      <target FeatureID="-1" href="FSCA_HLP_VIEWER_ORGANIZER.html">Manage meeting requests</target>
      <target FeatureID="-1" href="MEET_REQ_HLP_EDITOR.html">Received meeting requests</target>
      <target FeatureID="-1" href="FSCA_HLP_VIEWER.html">Respond to meeting requests</target>
   </keywords>
   <keywords>
      <text FeatureID="-1">επαφές</text>
      <target FeatureID="-1" href="RLOOK_HLP_INFO_VIEW.html">Διαχείριση της επαφής που βρέθηκε</target>
   </keywords>
   <keywords>
      <text FeatureID="-1">επαφές, αναζήτηση</text>
      <target FeatureID="-1" href="RLOOK_HLP_RESULT_VIEW.html">Αποτελέσματα αναζήτησης</target>
   </keywords>
   <keywords>
      <text FeatureID="-1">e-mail, συνημμένα</text>
      <target FeatureID="-1" href="FSE_HLP_ATTACHMENT_LIST_EDITOR.html">Προσθήκη συνημμένων</target>
   </keywords>
   <keywords>
      <text FeatureID="-1">διαγραμμένο e-mail</text>
      <target FeatureID="-1" href="FSE_HLP_MESSAGE_LIST_DELETED.html">Διαγραμμένα μηνύματα e-mail</target>
   </keywords>
   <keywords>
      <text FeatureID="-1">λήψη συνημμένων e-mail</text>
      <target FeatureID="-1" href="FSE_HLP_ATTACHMENT_LIST.html">Λήψη συνημμένων</target>
   </keywords>
   <keywords>
      <text FeatureID="-1">πρόχειρο e-mail</text>
      <target FeatureID="-1" href="FSE_HLP_MESSAGE_LIST_DRAFTS.html">Πρόχειρα μηνύματα e-mail</target>
   </keywords>
   <keywords>
      <text FeatureID="-1">Nokia E-mail</text>
      <target FeatureID="-1" href="FSE_HLP_LAUNCHER_GRID.html">Nokia E-mail</target>
   </keywords>
   <keywords>
      <text FeatureID="-1">e-mail</text>
      <target FeatureID="-1" href="FSE_HLP_LAUNCHER_GRID.html">Nokia E-mail</target>
   </keywords>
   <keywords>
      <text FeatureID="-1">φάκελοι e-mail</text>
      <target FeatureID="-1" href="FSE_HLP_FOLDER_LIST.html">Φάκελοι e-mail</target>
      <target FeatureID="-1" href="FSE_HLP_SETT_IMAP_SUBSCR.html">Εγγραφή σε φακέλους</target>
      <target FeatureID="-1" href="FSE_HLP_MESSAGE_LIST_INBOX.html">Εργασία με φακέλους e-mail</target>
   </keywords>
   <keywords>
      <text FeatureID="-1">ρυθμίσεις e-mail</text>
      <target FeatureID="-1" href="FSE_HLP_LAUNCHER_SETTINGS.html">Γενικές ρυθμίσεις e-mail</target>
      <target FeatureID="-1" href="FSE_HLP_POP_IMAP_SETT_MAIN.html">Ρυθμίσεις e-mail</target>
      <target FeatureID="-1" href="FSE_HLP_MFE_SETTINGS_MAIN_VIEW.html">Ρυθμίσεις e-mail</target>
   </keywords>
   <keywords>
      <text FeatureID="-1">γενικές ρυθμίσεις e-mail</text>
      <target FeatureID="-1" href="FSE_HLP_SETTINGS_GLOBAL.html">Γενικές ρυθμίσεις e-mail</target>
   </keywords>
   <keywords>
      <text FeatureID="-1">E-mail HTML</text>
      <target FeatureID="-1" href="FS_VIEWER_HLP_HTML_VIEW.html">E-mail με μορφοποίηση HTML</target>
   </keywords>
   <keywords>
      <text FeatureID="-1">προχωρημένες ρυθμίσεις e-mail</text>
      <target FeatureID="-1" href="FSE_HLP_POP_IMAP_SETT_ADV.html">Προχωρημένες ρυθμίσεις e-mail</target>
   </keywords>
   <keywords>
      <text FeatureID="-1">ρυθμίσεις εισερχόμενων e-mail</text>
      <target FeatureID="-1" href="FSE_HLP_POP_IMAP_SETT_INCOMING.html">Ρυθμίσεις εισερχόμενου e-mail</target>
   </keywords>
   <keywords>
      <text FeatureID="-1">ρυθμίσεις εξερχόμενων e-mail</text>
      <target FeatureID="-1" href="FSE_HLP_POP_IMAP_SETT_OUTGOING.html">Ρυθμίσεις εξερχόμενων μηνυμάτων e-mail</target>
   </keywords>
   <keywords>
      <text FeatureID="-1">συγχρονισμός e-mail</text>
      <target FeatureID="-1" href="FSE_HLP_POP_IMAP_SETT_WHAT.html">Επιλογή περιεχομένου συγχρονισμού</target>
   </keywords>
   <keywords>
      <text FeatureID="-1">χρόνος συγχρονισμού e-mail</text>
      <target FeatureID="-1" href="FSE_HLP_POP_IMAP_SETT_WHEN.html">Επιλογή της ώρας συγχρονισμού</target>
      <target FeatureID="-1" href="FSE_HLP_MFE_SETTINGS_WHEN_SYNC.html">Επιλογή ώρας συγχρονισμού</target>
      <target FeatureID="-1" href="FSE_HLP_SETTINGS_WHEN_SYNC.html">Χρόνος συγχρονισμού</target>
   </keywords>
   <keywords>
      <text FeatureID="-1">Mail for Exchange</text>
      <target FeatureID="-1" href="FSE_HLP_MFE_LAUNCHER_MAIN_VIEW.html">E-mail με το Mail for Exchange</target>
   </keywords>
   <keywords>
      <text FeatureID="-1">λεπτομέρειες e-mail</text>
      <target FeatureID="-1" href="FS_VIEWER_HLP_DETAILS_VIEW.html">Λεπτομέρειες μηνύματος</target>
   </keywords>
   <keywords>
      <text FeatureID="-1">προχωρημένες ρυθμίσεις γραμματοκιβωτίου</text>
      <target FeatureID="-1" href="FSE_HLP_MFE_SETTINGS_ADVANCED.html">Προχωρημένες ρυθμίσεις γραμματοκιβωτίου</target>
   </keywords>
   <keywords>
      <text FeatureID="-1">ρυθμίσεις συγχρονισμού e-mail</text>
      <target FeatureID="-1" href="FSE_HLP_MFE_SETTINGS_PIM_APPS.html">Ρυθμίσεις συγχρονισμού εφαρμογής</target>
   </keywords>
   <keywords>
      <text FeatureID="-1">συγχρονισμός ημερολογίου</text>
      <target FeatureID="-1" href="FSE_HLP_MFE_CALENDAR_APP.html">Ρυθμίσεις συγχρονισμού Ημερολογίου</target>
   </keywords>
   <keywords>
      <text FeatureID="-1">συγχρονισμός επαφών,</text>
      <target FeatureID="-1" href="FSE_HLP_MFE_CONTACTS_APP.html">Ρυθμίσεις συγχρονισμού Επαφών</target>
   </keywords>
   <keywords>
      <text FeatureID="-1">ρυθμίσεις γραμματοκιβωτίου</text>
      <target FeatureID="-1" href="FSE_HLP_MFE_SETTINGS_MAILBOX.html">Γενικές ρυθμίσεις γραμματοκιβωτίου</target>
   </keywords>
   <keywords>
      <text FeatureID="-1">περιεχόμενο συγχρονισμού e-mail</text>
      <target FeatureID="-1" href="FSE_HLP_MFE_SETTINGS_WHAT_SYNC.html">Επιλογή περιεχομένου συγχρονισμού</target>
   </keywords>
   <keywords>
      <text FeatureID="-1">συγχρονισμός φακέλων e-mail</text>
      <target FeatureID="-1" href="FSE_HLP_MFE_SETTINGS_FOLDER.html">Ρυθμίσεις για το συγχρονισμό</target>
   </keywords>
   <keywords>
      <text FeatureID="-1">συγχρονισμός καταχώρισης υποχρέωσης</text>
      <target FeatureID="-1" href="FSE_HLP_MFE_TASKS_APP.html">Ρυθμίσεις συγχρονισμού υποχρεώσεων</target>
   </keywords>
   <keywords>
      <text FeatureID="-1">μηνύματα όχι e-mail</text>
      <target FeatureID="-1" href="FSE_HLP_MESSAGE_LIST_EMPTY.html">Κανένα μήνυμα</target>
   </keywords>
   <keywords>
      <text FeatureID="-1">εξερχόμενα e-mail</text>
      <target FeatureID="-1" href="FSE_HLP_MESSAGE_LIST_OUTBOX.html">Εργασία με τα Εξερχόμενα</target>
   </keywords>
   <keywords>
      <text FeatureID="-1">προσκλήσεις σε σύσκεψη</text>
      <target FeatureID="-1" href="FS_VIEWER_HLP_MEETING_REQ_VIEW.html">Απάντηση σε μια πρόσκληση σε σύσκεψη</target>
   </keywords>
   <keywords>
      <text FeatureID="-1">αναζήτηση e-mail</text>
      <target FeatureID="-1" href="FSE_HLP_MESSAGE_LIST_SEARCHING.html">Αναζήτηση για e-mail</target>
   </keywords>
   <keywords>
      <text FeatureID="-1">αποτελέσματα αναζήτησης e-mail</text>
      <target FeatureID="-1" href="FSE_HLP_MESSAGE_LIST_SEARCHED.html">Αποτελέσματα αναζήτησης</target>
   </keywords>
   <keywords>
      <text FeatureID="-1">αποστολή e-mail</text>
      <target FeatureID="-1" href="FS_EDITOR_HLP_MAIN_VIEW.html">Αποστολή e-mail</target>
   </keywords>
   <keywords>
      <text FeatureID="-1">Υπηρεσία PIM</text>
      <target FeatureID="-1" href="FSE_HLP_SETTINGS_PIM_VIEW.html">Υπηρεσία PIM</target>
   </keywords>
   <keywords>
      <text FeatureID="-1">συγχρονισμός εφαρμογών</text>
      <target FeatureID="-1" href="FSE_HLP_SETTINGS_APPLICATIONS.html">Συγχρονισμός εφαρμογών</target>
   </keywords>
   <keywords>
      <text FeatureID="-1">εισερχόμενα μηνύματα e-mail</text>
      <target FeatureID="-1" href="FS_VIEWER_HLP_MAIN_VIEW.html">Εργασία με ληφθέντα μηνύματα e-mail</target>
   </keywords>
   <keywords>
      <text FeatureID="-1">mail, ρυθμίσεις</text>
      <target FeatureID="-1" href="FSE_HLP_SETT.html">Ρυθμίσεις</target>
   </keywords>
   <keywords>
      <text FeatureID="-1">mail, ρυθμίσεις λογαριασμού</text>
      <target FeatureID="-1" href="FSE_HLP_ACCT_INFO.html">Ρυθμίσεις λογαριασμού αλληλογραφίας</target>
   </keywords>
   <keywords>
      <text FeatureID="-1">mail, συγχρονισμός</text>
      <target FeatureID="-1" href="FSE_HLP_SYNC_SETT.html">Ρυθμίσεις συγχρονισμού</target>
   </keywords>
   <keywords>
      <text FeatureID="-1">mail, καταχωρίσεις συσκέψεων</text>
      <target FeatureID="-1" href="FS_VIEWER_HLP_MR_RECEIVED.html">Προσκλήσεις σε σύσκεψη</target>
   </keywords>
   <keywords>
      <text FeatureID="-1">καταχωρίσεις συσκέψεων</text>
      <target FeatureID="-1" href="FS_VIEWER_HLP_MR_RECEIVED.html">Προσκλήσεις σε σύσκεψη</target>
   </keywords>
</keywords>