<?xml version="1.0" encoding="UTF-8"?>
<keywords>
   <keywords>
      <text FeatureID="-1">καταχωρίσεις επετείου, δημιουργία</text>
      <target FeatureID="-1" href="FSCA_HLP_ANNIVERSARY_EDITOR.html">Δημιουργία καταχωρίσεων επετείου</target>
   </keywords>
   <keywords>
      <text FeatureID="-1">καταχωρίσεις σύσκεψης, δημιουργία</text>
      <target FeatureID="-1" href="FSCA_HLP_CALE_MEETING_EDITOR.html">Δημιουργία καταχωρίσεων σύσκεψης</target>
   </keywords>
   <keywords>
      <text FeatureID="-1">καταχωρίσεις υπομνήματος, δημιουργία</text>
      <target FeatureID="-1" href="FSCA_HLP_MEMO_EDITOR.html">Δημιουργία καταχωρίσεων υπομνήματος</target>
   </keywords>
   <keywords>
      <text FeatureID="-1">καταχωρίσεις υποχρέωσης, δημιουργία</text>
      <target FeatureID="-1" href="FSCA_HLP_TODO_EDITOR.html">Δημιουργία καταχωρίσεων υποχρέωσης</target>
   </keywords>
   <keywords>
      <text FeatureID="-1">καταχωρίσεις σύσκεψης, επεξεργασία</text>
      <target FeatureID="-1" href="FSCA_HLP_CALE_MEETING_VIEWER.html">Επεξεργασία καταχωρίσεων σύσκεψης</target>
   </keywords>
   <keywords>
      <text FeatureID="-1">καταχωρίσεις υπομνήματος, επεξεργασία</text>
      <target FeatureID="-1" href="FSCA_HLP_MEMO_VIEWER.html">Επεξ.καταχωρίσεων υπομνήματος</target>
   </keywords>
   <keywords>
      <text FeatureID="-1">καταχωρίσεις υποχρέωσης, επεξεργασία</text>
      <target FeatureID="-1" href="FSCA_HLP_TODO_VIEWER.html">Επεξ.καταχωρίσεων υποχρέωσης</target>
   </keywords>
   <keywords>
      <text FeatureID="-1">καταχωρίσεις επετείου, προβολή</text>
      <target FeatureID="-1" href="FSCA_HLP_ANNI_VIEWER.html">Επεξεργ.καταχωρήσεων επετείου</target>
   </keywords>
   <keywords>
      <text FeatureID="-1">προσκλήσεις σε σύσκεψη, επεξεργασία απαντήσεων</text>
      <target FeatureID="-1" href="FSCA_HLP_RESPONSE_EDITOR.html">Επεξεργασία της απάντησής σας</target>
   </keywords>
   <keywords>
      <text FeatureID="-1">προσκλήσεις σε σύσκεψη, διαχείριση</text>
      <target FeatureID="-1" href="FSCA_HLP_VIEWER_ORGANIZER.html">Διαχείριση προσκλήσεων σε σύσκεψη</target>
   </keywords>
   <keywords>
      <text FeatureID="-1">προσκλήσεις σε σύσκεψη, επεξεργασία</text>
      <target FeatureID="-1" href="MEET_REQ_HLP_EDITOR.html">Ληφθείσες προσκλήσεις σε σύσκεψη</target>
   </keywords>
   <keywords>
      <text FeatureID="-1">προσκλήσεις σε σύσκεψη, απάντηση</text>
      <target FeatureID="-1" href="FSCA_HLP_VIEWER.html">Απάντηση σε προσκλήσεις σε σύσκεψη</target>
   </keywords>
   <keywords>
      <text FeatureID="-1">επαφές</text>
      <target FeatureID="-1" href="RLOOK_HLP_INFO_VIEW.html">Διαχείριση της επαφής που βρέθηκε</target>
   </keywords>
   <keywords>
      <text FeatureID="-1">επαφές, αναζήτηση</text>
      <target FeatureID="-1" href="RLOOK_HLP_RESULT_VIEW.html">Αποτελέσματα αναζήτησης</target>
   </keywords>
   <keywords>
      <text FeatureID="-1">e-mail, συνημμένα</text>
      <target FeatureID="-1" href="FSE_HLP_ATTACHMENT_LIST_EDITOR.html">Προσθήκη συνημμένων</target>
   </keywords>
   <keywords>
      <text FeatureID="-1">διαγραμμένο e-mail</text>
      <target FeatureID="-1" href="FSE_HLP_MESSAGE_LIST_DELETED.html">Διαγραμμένα μηνύματα e-mail</target>
   </keywords>
   <keywords>
      <text FeatureID="-1">λήψη συνημμένων e-mail</text>
      <target FeatureID="-1" href="FSE_HLP_ATTACHMENT_LIST.html">Λήψη συνημμένων</target>
   </keywords>
   <keywords>
      <text FeatureID="-1">πρόχειρο e-mail</text>
      <target FeatureID="-1" href="FSE_HLP_MESSAGE_LIST_DRAFTS.html">Πρόχειρα μηνύματα e-mail</target>
   </keywords>
   <keywords>
      <text FeatureID="-1">Nokia E-mail</text>
      <target FeatureID="-1" href="FSE_HLP_LAUNCHER_GRID.html">Nokia E-mail</target>
   </keywords>
   <keywords>
      <text FeatureID="-1">e-mail</text>
      <target FeatureID="-1" href="FSE_HLP_LAUNCHER_GRID.html">Nokia E-mail</target>
   </keywords>
   <keywords>
      <text FeatureID="-1">φάκελοι e-mail</text>
      <target FeatureID="-1" href="FSE_HLP_FOLDER_LIST.html">Φάκελοι e-mail</target>
      <target FeatureID="-1" href="FSE_HLP_SETT_IMAP_SUBSCR.html">Εγγραφή σε φακέλους</target>
      <target FeatureID="-1" href="FSE_HLP_MESSAGE_LIST_INBOX.html">Εργασία με φακέλους e-mail</target>
   </keywords>
   <keywords>
      <text FeatureID="-1">ρυθμίσεις e-mail</text>
      <target FeatureID="-1" href="FSE_HLP_LAUNCHER_SETTINGS.html">Γενικές ρυθμίσεις e-mail</target>
      <target FeatureID="-1" href="FSE_HLP_POP_IMAP_SETT_MAIN.html">Ρυθμίσεις e-mail</target>
      <target FeatureID="-1" href="FSE_HLP_IMS_SETTINGS_MAIN_VIEW.html">Ρυθμίσεις e-mail</target>
      <target FeatureID="-1" href="FSE_HLP_MFE_SETTINGS_MAIN_VIEW.html">Ρυθμίσεις e-mail</target>
   </keywords>
   <keywords>
      <text FeatureID="-1">γενικές ρυθμίσεις e-mail</text>
      <target FeatureID="-1" href="FSE_HLP_SETTINGS_GLOBAL.html">Γενικές ρυθμίσεις e-mail</target>
   </keywords>
   <keywords>
      <text FeatureID="-1">E-mail HTML</text>
      <target FeatureID="-1" href="FS_VIEWER_HLP_HTML_VIEW.html">E-mail με μορφοποίηση HTML</target>
   </keywords>
   <keywords>
      <text FeatureID="-1">προχωρημένες ρυθμίσεις e-mail</text>
      <target FeatureID="-1" href="FSE_HLP_POP_IMAP_SETT_ADV.html">Προχωρημένες ρυθμίσεις e-mail</target>
   </keywords>
   <keywords>
      <text FeatureID="-1">ρυθμίσεις εισερχόμενων e-mail</text>
      <target FeatureID="-1" href="FSE_HLP_POP_IMAP_SETT_INCOMING.html">Ρυθμίσεις εισερχόμενου e-mail</target>
   </keywords>
   <keywords>
      <text FeatureID="-1">ρυθμίσεις εξερχόμενων e-mail</text>
      <target FeatureID="-1" href="FSE_HLP_POP_IMAP_SETT_OUTGOING.html">Ρυθμίσεις εξερχόμενων μηνυμάτων e-mail</target>
   </keywords>
   <keywords>
      <text FeatureID="-1">συγχρονισμός e-mail</text>
      <target FeatureID="-1" href="FSE_HLP_POP_IMAP_SETT_WHAT.html">Επιλογή περιεχομένου συγχρονισμού</target>
   </keywords>
   <keywords>
      <text FeatureID="-1">χρόνος συγχρονισμού e-mail</text>
      <target FeatureID="-1" href="FSE_HLP_POP_IMAP_SETT_WHEN.html">Επιλογή της ώρας συγχρονισμού</target>
      <target FeatureID="-1" href="FSE_HLP_IMS_SETTINGS_WHEN_SYNC.html">Ορισμός ώρας συγχρονισμού</target>
      <target FeatureID="-1" href="FSE_HLP_MFE_SETTINGS_WHEN_SYNC.html">Επιλογή ώρας συγχρονισμού</target>
      <target FeatureID="-1" href="FSE_HLP_SETTINGS_WHEN_SYNC.html">Χρόνος συγχρονισμού</target>
   </keywords>
   <keywords>
      <text FeatureID="-1">ρυθμίσεις λογαριασμού e-mail</text>
      <target FeatureID="-1" href="FSE_HLP_IMS_SETTINGS_ACCT_INFO.html">Ρυθμίσεις λογαριασμού e-mail</target>
   </keywords>
   <keywords>
      <text FeatureID="-1">προχωρημένες ρυθμίσεις γραμματοκιβωτίου</text>
      <target FeatureID="-1" href="FSE_HLP_IMS_SETTINGS_ADVANCED.html">Προχωρημένες ρυθμίσεις γραμματοκιβωτίου</target>
      <target FeatureID="-1" href="FSE_HLP_MFE_SETTINGS_ADVANCED.html">Προχωρημένες ρυθμίσεις γραμματοκιβωτίου</target>
   </keywords>
   <keywords>
      <text FeatureID="-1">ρυθμίσεις γραμματοκιβωτίου</text>
      <target FeatureID="-1" href="FSE_HLP_IMS_SETTINGS_MAILBOX.html">Ρυθμίσεις γραμματοκιβωτίου</target>
      <target FeatureID="-1" href="FSE_HLP_MFE_SETTINGS_MAILBOX.html">Γενικές ρυθμίσεις γραμματοκιβωτίου</target>
   </keywords>
   <keywords>
      <text FeatureID="-1">περιεχόμενο συγχρονισμού e-mail</text>
      <target FeatureID="-1" href="FSE_HLP_IMS_SETTINGS_WHAT_SYNC.html">Ορισμός περιεχομένου συγχρονισμού</target>
      <target FeatureID="-1" href="FSE_HLP_MFE_SETTINGS_WHAT_SYNC.html">Επιλογή περιεχομένου συγχρονισμού</target>
   </keywords>
   <keywords>
      <text FeatureID="-1">συγχρονισμός φακέλων e-mail</text>
      <target FeatureID="-1" href="FSE_HLP_IMS_SETTINGS_FOLDER.html">Συγχρονισμός φακέλων e-mail</target>
      <target FeatureID="-1" href="FSE_HLP_MFE_SETTINGS_FOLDER.html">Ρυθμίσεις για το συγχρονισμό</target>
   </keywords>
   <keywords>
      <text FeatureID="-1">ρυθμίσεις υπηρεσίας e-mail</text>
      <target FeatureID="-1" href="FSE_HLP_SETTINGS_INTELL_LIST.html">Ρυθμίσεις υπηρεσίας e-mail</target>
   </keywords>
   <keywords>
      <text FeatureID="-1">Intellisync</text>
      <target FeatureID="-1" href="FSE_HLP_IMS_LAUNCHER_MAIN_VIEW.html">Ε-mail Intellisync </target>
   </keywords>
   <keywords>
      <text FeatureID="-1">Mail for Exchange</text>
      <target FeatureID="-1" href="FSE_HLP_MFE_LAUNCHER_MAIN_VIEW.html">Ε-mail Mail for Exchange</target>
   </keywords>
   <keywords>
      <text FeatureID="-1">λεπτομέρειες e-mail</text>
      <target FeatureID="-1" href="FS_VIEWER_HLP_DETAILS_VIEW.html">Λεπτομέρειες μηνύματος</target>
   </keywords>
   <keywords>
      <text FeatureID="-1">ρυθμίσεις συγχρονισμού e-mail</text>
      <target FeatureID="-1" href="FSE_HLP_MFE_SETTINGS_PIM_APPS.html">Ρυθμίσεις συγχρονισμού εφαρμογής</target>
   </keywords>
   <keywords>
      <text FeatureID="-1">συγχρονισμός ημερολογίου</text>
      <target FeatureID="-1" href="FSE_HLP_MFE_CALENDAR_APP.html">Ρυθμίσεις συγχρονισμού Ημερολογίου</target>
   </keywords>
   <keywords>
      <text FeatureID="-1">συγχρονισμός επαφών,</text>
      <target FeatureID="-1" href="FSE_HLP_MFE_CONTACTS_APP.html">Ρυθμίσεις συγχρονισμού Επαφών</target>
   </keywords>
   <keywords>
      <text FeatureID="-1">συγχρονισμός καταχώρισης υποχρέωσης</text>
      <target FeatureID="-1" href="FSE_HLP_MFE_TASKS_APP.html">Ρυθμίσεις συγχρονισμού υποχρεώσεων</target>
   </keywords>
   <keywords>
      <text FeatureID="-1">μηνύματα όχι e-mail</text>
      <target FeatureID="-1" href="FSE_HLP_MESSAGE_LIST_EMPTY.html">Κανένα μήνυμα</target>
   </keywords>
   <keywords>
      <text FeatureID="-1">εξερχόμενα e-mail</text>
      <target FeatureID="-1" href="FSE_HLP_MESSAGE_LIST_OUTBOX.html">Εργασία με τα Εξερχόμενα</target>
   </keywords>
   <keywords>
      <text FeatureID="-1">προσκλήσεις σε σύσκεψη</text>
      <target FeatureID="-1" href="FS_VIEWER_HLP_MEETING_REQ_VIEW.html">Πρόσκληση σε σύσκεψη</target>
   </keywords>
   <keywords>
      <text FeatureID="-1">αναζήτηση e-mail</text>
      <target FeatureID="-1" href="FSE_HLP_MESSAGE_LIST_SEARCHING.html">Αναζήτηση για e-mail</target>
   </keywords>
   <keywords>
      <text FeatureID="-1">αποτελέσματα αναζήτησης e-mail</text>
      <target FeatureID="-1" href="FSE_HLP_MESSAGE_LIST_SEARCHED.html">Αποτελέσματα αναζήτησης</target>
   </keywords>
   <keywords>
      <text FeatureID="-1">αποστολή e-mail</text>
      <target FeatureID="-1" href="FS_EDITOR_HLP_MAIN_VIEW.html">Αποστολή e-mail</target>
   </keywords>
   <keywords>
      <text FeatureID="-1">Υπηρεσία PIM</text>
      <target FeatureID="-1" href="FSE_HLP_SETTINGS_PIM_VIEW.html">Υπηρεσία PIM</target>
   </keywords>
   <keywords>
      <text FeatureID="-1">συγχρονισμός εφαρμογών</text>
      <target FeatureID="-1" href="FSE_HLP_SETTINGS_APPLICATIONS.html">Συγχρονισμός εφαρμογών</target>
   </keywords>
   <keywords>
      <text FeatureID="-1">συνημμένα σε e-mail</text>
      <target FeatureID="-1" href="FSE_HLP_ATTACHMENT_DOWNLOAD.html">Προβολή λήψεων συνημμένων</target>
   </keywords>
   <keywords>
      <text FeatureID="-1">εισερχόμενα μηνύματα e-mail</text>
      <target FeatureID="-1" href="FS_VIEWER_HLP_MAIN_VIEW.html">Εργασία με ληφθέντα μηνύματα e-mail</target>
   </keywords>
</keywords>