<?xml version="1.0" encoding="UTF-8"?>
<keywords>
   <keywords>
      <text FeatureID="true_298">automaatvastaja</text>
      <target FeatureID="true_298" href="SMSVO_HLP_CS_VIDEO_AND_XSP_VOIP.html">Kõne-, videokõne- ja Interneti-kõnede postkast</target>
   </keywords>
   <keywords>
      <text FeatureID="true_298">Interneti-kõnede postkast</text>
      <target FeatureID="true_298" href="SMSVO_HLP_CS_VIDEO_AND_XSP_VOIP.html">Kõne-, videokõne- ja Interneti-kõnede postkast</target>
   </keywords>
   <keywords>
      <text FeatureID="true_298">kõnepostkast</text>
      <target FeatureID="true_298" href="SMSVO_HLP_CS_VIDEO_AND_XSP_VOIP.html">Kõne-, videokõne- ja Interneti-kõnede postkast</target>
   </keywords>
   <keywords>
      <text FeatureID="-1">Interneti-kõned</text>
      <target FeatureID="-1" href="VOIP_HLP_CSC.html">Võrguseaded</target>
      <target FeatureID="true_298" href="VOIP_HLP_SERVCATALOG.html">Teenusekataloog</target>
      <target FeatureID="-1" href="SERVTAB_HLP_SETTINGS.html">Teenuste vahekaardi seaded</target>
   </keywords>
</keywords>