<?xml version="1.0" encoding="UTF-8"?>
<keywords>
   <keywords>
      <text FeatureID="true_1116">odesílání záznamů kalendáře</text>
      <target FeatureID="true_1116" href="SMART_HLP_CALENDAREDITOR.html">Odesílání záznamů kalendáře</target>
   </keywords>
   <keywords>
      <text FeatureID="true_1114">přijímání záznamů kalendáře</text>
      <target FeatureID="true_1114" href="SMART_HLP_CALENDARVIEWER.html">Přijaté záznamy kalendáře</target>
   </keywords>
   <keywords>
      <text FeatureID="true_1114">kalendář, záznamy</text>
      <target FeatureID="true_1114" href="SMART_HLP_CALPULLMESVIEWER.html">Načítání záznamu kalendáře</target>
   </keywords>
   <keywords>
      <text FeatureID="true_1117 true_1115">vizitky</text>
      <target FeatureID="true_1117" href="SMART_HLP_BUSINESSEDITOR.html">Odesílání vizitek</target>
      <target FeatureID="true_1115" href="SMART_HLP_BUSINESSVIEWER.html">Přijaté vizitky</target>
      <target FeatureID="true_1115" href="SMART_HLP_BUSPULLMESVIEWER.html">Načítání vizitek</target>
   </keywords>
   <keywords>
      <text FeatureID="true_1111">vyzváněcí tóny</text>
      <target FeatureID="true_1111" href="SMART_HLP_RINGVIEWER.html">Přijaté vyzváněcí tóny</target>
   </keywords>
   <keywords>
      <text FeatureID="true_1110">operátor, loga</text>
      <target FeatureID="true_1110" href="SMART_HLP_OPLOGOVIEWER.html">Přijatá loga operátora</target>
   </keywords>
   <keywords>
      <text FeatureID="true_1106">záložky</text>
      <target FeatureID="true_1106" href="SMART_HLP_ONEBOOKVIEWER.html">Přijatá záložka</target>
   </keywords>
   <keywords>
      <text FeatureID="true_1112">příjem obrázků</text>
      <target FeatureID="true_1112" href="SMART_HLP_GMSVIEWER.html">Zobrazení obrázkových zpráv</target>
   </keywords>
   <keywords>
      <text FeatureID="true_1112">obrázkové zprávy</text>
      <target FeatureID="true_1112" href="SMART_HLP_GMSVIEWER.html">Zobrazení obrázkových zpráv</target>
   </keywords>
   <keywords>
      <text FeatureID="true_1537">konfigurace vzdálené jednotky</text>
      <target FeatureID="true_1537" href="SMART_HLP_REMOTEDRIVES_VIEWER.html">Příjem konfigurací vzdálených jednotek</target>
      <target FeatureID="true_1537" href="SMART_HLP_REMOTEDRIVES_EDITOR.html">Odesílání konfigurací vzdálených jednotek</target>
   </keywords>
</keywords>