<?xml version="1.0" encoding="UTF-8"?>
<keywords>
   <keywords>
      <text FeatureID="-1">Flash 檔案播放</text>
      <target FeatureID="-1" href="FLITE_HLP_STOPPED.html">結束 Flash 播放</target>
      <target FeatureID="-1" href="FLITE_HLP_VIEWER_PAUSED.html">暫停 Flash 播放</target>
      <target FeatureID="-1" href="FLITE_HLP_VIEWER_PLAY.html">播放 Flash 檔案</target>
   </keywords>
   <keywords>
      <text FeatureID="-1">Flash 播放機</text>
      <target FeatureID="-1" href="FLITE_HLP_STOPPED.html">結束 Flash 播放</target>
      <target FeatureID="-1" href="FLITE_HLP_VIEWER_PAUSED.html">暫停 Flash 播放</target>
      <target FeatureID="-1" href="FLITE_HLP_VIEWER_PLAY.html">播放 Flash 檔案</target>
   </keywords>
</keywords>