<?xml version="1.0" encoding="UTF-8"?>
<keywords>
   <keywords>
      <text FeatureID="-1">e-mailové nastavenia</text>
      <target FeatureID="-1" href="MBXS_HLP_SETT_DOWNL_CTRL.html">Nastavenia výberu e-mailov</target>
      <target FeatureID="-1" href="MBXS_HLP_SETT_DOWNL_RETR.html">Počet vybratých e-mailov</target>
      <target FeatureID="-1" href="MBXS_HLP_SETT_MBX_IN.html">Nastavenia prichádzajúcich e-mailov</target>
      <target FeatureID="-1" href="MBXS_HLP_SETT_MBX_IN_OUT.html">Nastavenia spojenia</target>
      <target FeatureID="-1" href="MBXS_HLP_SETT_MBX_OUT.html">Nastavenia odchádzajúcich e-mailov</target>
      <target FeatureID="-1" href="MCE_HLP_SETTINGS_EMAIL.html">E-mailové nastavenia</target>
      <target FeatureID="-1" href="MCE_HLP_SETT_EMAILMAIN.html">Úprava schránok</target>
      <target FeatureID="-1" href="MCE_HLP_SETT_MAILBLIST.html">Schránky</target>
      <target FeatureID="-1" href="MCE_HLP_SETT_MAILFOLDER_UPD.html">Zložky v schránke</target>
      <target FeatureID="true_1633" href="MCE_HLP_SETT_MAIL_ONLI.html">Automatický výber</target>
   </keywords>
   <keywords>
      <text FeatureID="-1">nastavenia schránky</text>
      <target FeatureID="-1" href="MCE_HLP_SETT_EMAILMAIN.html">Úprava schránok</target>
   </keywords>
   <keywords>
      <text FeatureID="-1">schránka</text>
      <target FeatureID="-1" href="MCE_HLP_SETT_MAILBLIST.html">Schránky</target>
      <target FeatureID="-1" href="MCE_HLP_MAILBOX_ONLINE.html">E-mail v režime on-line</target>
   </keywords>
   <keywords>
      <text FeatureID="-1">zložky v schránke</text>
      <target FeatureID="-1" href="MCE_HLP_SETT_MAILFOLDER_UPD.html">Zložky v schránke</target>
   </keywords>
   <keywords>
      <text FeatureID="-1">nastavenia užívateľa</text>
      <target FeatureID="-1" href="MCE_HLP_SETT_MAIL_USER.html">Nastavenia užívateľa</target>
   </keywords>
   <keywords>
      <text FeatureID="true_44">nastavenia synchronizačnej schránky</text>
      <target FeatureID="true_44" href="MCE_HLP_SETT_SMAILBOX.html">Nastavenia synchronizačnej schránky</target>
   </keywords>
   <keywords>
      <text FeatureID="true_44">nastavenia synchronizačného e-mailu</text>
      <target FeatureID="true_44" href="MCE_HLP_SETT_SMAILBOX.html">Nastavenia synchronizačnej schránky</target>
   </keywords>
   <keywords>
      <text FeatureID="-1">e-mail v režime off-line</text>
      <target FeatureID="-1" href="MCE_HLP_MAILBOX_OFFLINE.html">E-mail v režime off-line</target>
   </keywords>
   <keywords>
      <text FeatureID="-1">pripojenie k schránke</text>
      <target FeatureID="-1" href="MCE_HLP_MAILBOX_ONLINE.html">E-mail v režime on-line</target>
   </keywords>
   <keywords>
      <text FeatureID="-1">on-line e-mail</text>
      <target FeatureID="-1" href="MCE_HLP_MAILBOX_ONLINE.html">E-mail v režime on-line</target>
   </keywords>
   <keywords>
      <text FeatureID="-1">e-mail v režime on-line</text>
      <target FeatureID="-1" href="MCE_HLP_MAILBOX_ONLINE.html">E-mail v režime on-line</target>
   </keywords>
</keywords>