<?xml version="1.0" encoding="UTF-8"?>
<keywords>
   <keywords>
      <text FeatureID="-1">invio messaggi</text>
      <target FeatureID="-1" href="UNIFIED_HLP_EDITOR.html">Creare messaggi</target>
   </keywords>
   <keywords>
      <text FeatureID="-1">editor dei messaggi</text>
      <target FeatureID="-1" href="UNIFIED_HLP_EDITOR.html">Creare messaggi</target>
   </keywords>
   <keywords>
      <text FeatureID="-1">messaggi</text>
      <target FeatureID="-1" href="UNIFIED_HLP_SENDING_OPTIONS.html">Opzioni di invio</target>
   </keywords>
   <keywords>
      <text FeatureID="-1">opzioni di invio</text>
      <target FeatureID="-1" href="UNIFIED_HLP_SENDING_OPTIONS.html">Opzioni di invio</target>
   </keywords>
   <keywords>
      <text FeatureID="-1">multimediali, oggetti</text>
      <target FeatureID="-1" href="UNIFIED_HLP_ED_OBJECTS.html">Oggetti multimediali ricevuti</target>
   </keywords>
   <keywords>
      <text FeatureID="-1">oggetti multimediali</text>
      <target FeatureID="-1" href="UNIFIED_HLP_ED_OBJECTS.html">Oggetti multimediali ricevuti</target>
   </keywords>
</keywords>