<?xml version="1.0" encoding="UTF-8"?>
<keywords>
   <keywords>
      <text FeatureID="-1">Mail for Exchange</text>
      <target FeatureID="-1" href="FSE_HLP_MFE_LAUNCHER_MAIN_VIEW.html">Mail for Exchange 郵件</target>
   </keywords>
   <keywords>
      <text FeatureID="-1">進階信箱設定</text>
      <target FeatureID="-1" href="FSE_HLP_MFE_SETTINGS_ADVANCED.html">進階信箱設定</target>
   </keywords>
   <keywords>
      <text FeatureID="-1">電子郵件同步處理設定</text>
      <target FeatureID="-1" href="FSE_HLP_MFE_SETTINGS_PIM_APPS.html">應用程式同步處理設定</target>
   </keywords>
   <keywords>
      <text FeatureID="-1">行事曆同步處理</text>
      <target FeatureID="-1" href="FSE_HLP_MFE_CALENDAR_APP.html">行事曆同步處理設定</target>
   </keywords>
   <keywords>
      <text FeatureID="-1">通訊錄同步處理,</text>
      <target FeatureID="-1" href="FSE_HLP_MFE_CONTACTS_APP.html">通訊錄同步處理設定</target>
   </keywords>
   <keywords>
      <text FeatureID="-1">信箱設定</text>
      <target FeatureID="-1" href="FSE_HLP_MFE_SETTINGS_MAILBOX.html">一般信箱設定</target>
   </keywords>
   <keywords>
      <text FeatureID="-1">電子郵件同步處理內容</text>
      <target FeatureID="-1" href="FSE_HLP_MFE_SETTINGS_WHAT_SYNC.html">選擇同步處理內容</target>
   </keywords>
   <keywords>
      <text FeatureID="-1">電子郵件同步處理時間</text>
      <target FeatureID="-1" href="FSE_HLP_MFE_SETTINGS_WHEN_SYNC.html">選擇同步處理時間</target>
   </keywords>
   <keywords>
      <text FeatureID="-1">電子郵件資料夾同步處理</text>
      <target FeatureID="-1" href="FSE_HLP_MFE_SETTINGS_FOLDER.html">同步處理設定</target>
   </keywords>
   <keywords>
      <text FeatureID="-1">電子郵件設定</text>
      <target FeatureID="-1" href="FSE_HLP_MFE_SETTINGS_MAIN_VIEW.html">電子郵件設定</target>
   </keywords>
   <keywords>
      <text FeatureID="-1">待辦事項項目同步處理</text>
      <target FeatureID="-1" href="FSE_HLP_MFE_TASKS_APP.html">待辦事項同步處理設定</target>
   </keywords>
</keywords>