<?xml version="1.0" encoding="UTF-8"?>
<keywords>
   <keywords>
      <text FeatureID="-1">簡訊廣播服務訊息</text>
      <target FeatureID="-1" href="CBS_HLP_TOPIC_VIEW.html">簡訊廣播服務訊息</target>
      <target FeatureID="-1" href="CBS_HLP_MAIN.html">簡訊廣播服務主題</target>
      <target FeatureID="-1" href="CBS_HLP_MSG.html">檢視簡訊廣播訊息</target>
   </keywords>
   <keywords>
      <text FeatureID="-1">簡訊廣播服務主題</text>
      <target FeatureID="-1" href="CBS_HLP_MAIN.html">簡訊廣播服務主題</target>
   </keywords>
</keywords>