<?xml version="1.0" encoding="UTF-8"?>
<keywords>
   <keywords>
      <text FeatureID="true_11008 false_11008">设备注册</text>
      <target FeatureID="true_11008" href="DRM_HLP_REGISTRATION_METERING.html">设备注册</target>
      <target FeatureID="false_11008" href="DRM_HLP_REGISTRATION.html">设备注册</target>
   </keywords>
   <keywords>
      <text FeatureID="true_11008">获取静默权限</text>
      <target FeatureID="true_11008" href="DRM_HLP_REGISTRATION_METERING.html">设备注册</target>
   </keywords>
   <keywords>
      <text FeatureID="true_11008">登记</text>
      <target FeatureID="true_11008" href="DRM_HLP_REGISTRATION_METERING.html">设备注册</target>
   </keywords>
</keywords>