<?xml version="1.0" encoding="UTF-8"?>
<keywords>
   <keywords>
      <text FeatureID="-1">kategorije orijentira</text>
      <target FeatureID="-1" href="LM_HLP_LM_BY_CATEGORY.html">Kategorije orijentira</target>
      <target FeatureID="-1" href="LM_HLP_EDIT_CATEGORIES.html">Izmijenite kategorije orijentira.</target>
   </keywords>
   <keywords>
      <text FeatureID="-1">orijentiri</text>
      <target FeatureID="-1" href="LM_HLP_LM_BY_NAME.html">Prikaz orijentira prema nazivu</target>
      <target FeatureID="-1" href="LM_HLP_CATEGORY_CONTENTS.html">Orijentiri u kategorijama</target>
      <target FeatureID="-1" href="LM_HLP_LM_VIEWER.html">Orijentiri detaljno</target>
   </keywords>
   <keywords>
      <text FeatureID="-1">uređivanje orijentira</text>
      <target FeatureID="-1" href="LM_HLP_LM_EDITOR.html">Uređivanje orijentira</target>
   </keywords>
</keywords>