<?xml version="1.0" encoding="UTF-8"?>
<keywords>
   <keywords>
      <text FeatureID="-1">enviar mensajes</text>
      <target FeatureID="-1" href="UNIFIED_HLP_EDITOR.html">Crear mensajes</target>
   </keywords>
   <keywords>
      <text FeatureID="-1">editor de mensaje</text>
      <target FeatureID="-1" href="UNIFIED_HLP_EDITOR.html">Crear mensajes</target>
   </keywords>
   <keywords>
      <text FeatureID="-1">mensajes</text>
      <target FeatureID="-1" href="UNIFIED_HLP_SENDING_OPTIONS.html">Opciones de envío</target>
   </keywords>
   <keywords>
      <text FeatureID="-1">opciones de envío</text>
      <target FeatureID="-1" href="UNIFIED_HLP_SENDING_OPTIONS.html">Opciones de envío</target>
   </keywords>
   <keywords>
      <text FeatureID="-1">objetos multimedia</text>
      <target FeatureID="-1" href="UNIFIED_HLP_ED_OBJECTS.html">Objetos multim. recibidos</target>
      <target FeatureID="-1" href="UNIFIED_HLP_ED_OBJECTS.html">Objetos multim. recibidos</target>
   </keywords>
</keywords>