<?xml version="1.0" encoding="UTF-8"?>
<keywords>
   <keywords>
      <text FeatureID="true_1116">שליחת ערכי לוח שנה</text>
      <target FeatureID="true_1116" href="SMART_HLP_CALENDAREDITOR.html">שליחת ערכי לוח שנה</target>
   </keywords>
   <keywords>
      <text FeatureID="true_1114">קבלת ערכי לוח שנה</text>
      <target FeatureID="true_1114" href="SMART_HLP_CALENDARVIEWER.html">ערכי לוח שנה שהתקבלו</target>
   </keywords>
   <keywords>
      <text FeatureID="true_1114">ערכי לוח שנה</text>
      <target FeatureID="true_1114" href="SMART_HLP_CALPULLMESVIEWER.html">הורדת ערך לוח שנה</target>
   </keywords>
   <keywords>
      <text FeatureID="true_1117 true_1115">כרטיסי ביקור</text>
      <target FeatureID="true_1117" href="SMART_HLP_BUSINESSEDITOR.html">שליחת כרטיסי ביקור</target>
      <target FeatureID="true_1115" href="SMART_HLP_BUSINESSVIEWER.html">כרטיסי ביקור שהתקבלו</target>
      <target FeatureID="true_1115" href="SMART_HLP_BUSPULLMESVIEWER.html">הורדת כרטיס ביקור</target>
   </keywords>
   <keywords>
      <text FeatureID="true_1111">צלצולים</text>
      <target FeatureID="true_1111" href="SMART_HLP_RINGVIEWER.html">צלצולים שהתקבלו</target>
   </keywords>
   <keywords>
      <text FeatureID="true_1110">סמלי לוגו מפעיל</text>
      <target FeatureID="true_1110" href="SMART_HLP_OPLOGOVIEWER.html">סמלי לוגו מפעיל שהתקבלו</target>
   </keywords>
   <keywords>
      <text FeatureID="true_1106">סימניות</text>
      <target FeatureID="true_1106" href="SMART_HLP_ONEBOOKVIEWER.html">סימנייה שהתקבלה</target>
   </keywords>
   <keywords>
      <text FeatureID="true_1112">קבלת תמונות</text>
      <target FeatureID="true_1112" href="SMART_HLP_GMSVIEWER.html">הצגת הודעות תמונה</target>
   </keywords>
   <keywords>
      <text FeatureID="true_1112">הודעות תמונה</text>
      <target FeatureID="true_1112" href="SMART_HLP_GMSVIEWER.html">הצגת הודעות תמונה</target>
   </keywords>
   <keywords>
      <text FeatureID="true_1537">תצורת כונן מרוחק</text>
      <target FeatureID="true_1537" href="SMART_HLP_REMOTEDRIVES_VIEWER.html">קבלת תצורה של כונן מרוחק</target>
      <target FeatureID="true_1537" href="SMART_HLP_REMOTEDRIVES_EDITOR.html">שליחת תצורה של כונן מרוחק</target>
   </keywords>
</keywords>