<?xml version="1.0" encoding="UTF-8"?>
<keywords>
   <keywords>
      <text FeatureID="-1">aktualizowanie oprogramowania</text>
      <target FeatureID="-1" href="SWUPDATE_HLP_MAIN.html">Aktualizacja oprogramowania</target>
   </keywords>
   <keywords>
      <text FeatureID="-1">aktualizacje oprogramowania</text>
      <target FeatureID="-1" href="SWUPDATE_HLP_MAIN.html">Aktualizacja oprogramowania</target>
   </keywords>
   <keywords>
      <text FeatureID="-1">ustawienia aktualizacji oprogramowania</text>
      <target FeatureID="-1" href="SWUPDATE_HLP_SETTINGS.html">Ustawienia aktualizacji oprogramowania</target>
   </keywords>
</keywords>