<?xml version="1.0" encoding="UTF-8"?>
<keywords>
   <keywords>
      <text FeatureID="-1">mezu irakurlea, hizkuntza</text>
      <target FeatureID="-1" href="SPEECH_HLP_MAIN.html">Hizketa ezarpenak</target>
   </keywords>
   <keywords>
      <text FeatureID="-1">mezu irakurlea, ahotsa</text>
      <target FeatureID="-1" href="SPEECH_HLP_MAIN.html">Hizketa ezarpenak</target>
   </keywords>
   <keywords>
      <text FeatureID="-1">mezu irakurlea, ahotsaren xehetasunak</text>
      <target FeatureID="-1" href="SPEECH_HLP_VOICE.html">Ahotsaren xehetasunak</target>
   </keywords>
   <keywords>
      <text FeatureID="-1">mezu irakurlea, ezarpenak</text>
      <target FeatureID="-1" href="SPEECH_HLP_MRSETTINGS.html">Mezu irakurlearen ezarpenak</target>
   </keywords>
</keywords>