<?xml version="1.0" encoding="UTF-8"?>
<keywords>
   <keywords>
      <text FeatureID="-1">prenos dát</text>
      <target FeatureID="-1" href="SWITCH_HLP_EDIT_SHORTCUT.html">Nastavenia skratky</target>
      <target FeatureID="-1" href="SWITCH_HLP_MAIN.html">Prenášané dáta</target>
      <target FeatureID="-1" href="SWITCH_HLP_LOG.html">Denník prenosu</target>
   </keywords>
   <keywords>
      <text FeatureID="-1">prenášanie dát</text>
      <target FeatureID="-1" href="SWITCH_HLP_EDIT_SHORTCUT.html">Nastavenia skratky</target>
      <target FeatureID="-1" href="SWITCH_HLP_MAIN.html">Prenášané dáta</target>
   </keywords>
   <keywords>
      <text FeatureID="-1">skratky</text>
      <target FeatureID="-1" href="SWITCH_HLP_EDIT_SHORTCUT.html">Nastavenia skratky</target>
   </keywords>
   <keywords>
      <text FeatureID="-1">prenos dát, konflikty</text>
      <target FeatureID="-1" href="SWITCH_HLP_CONFLICT.html">Konfl. pri prenose</target>
   </keywords>
   <keywords>
      <text FeatureID="-1">kopírovanie obsahu</text>
      <target FeatureID="-1" href="SWITCH_HLP_MAIN.html">Prenášané dáta</target>
   </keywords>
   <keywords>
      <text FeatureID="-1">denník prenosu</text>
      <target FeatureID="-1" href="SWITCH_HLP_LOG.html">Denník prenosu</target>
   </keywords>
</keywords>