<?xml version="1.0" encoding="UTF-8"?>
<keywords>
   <keywords>
      <text FeatureID="-1">Gerätemanager</text>
      <target FeatureID="-1" href="DM_HLP_MAIN_VIEW.html">Gerätesoftware</target>
      <target FeatureID="-1" href="FOTA_HLP_SETTINGS.html">Einstellungen für die Softwareaktualisierung</target>
      <target FeatureID="-1" href="DM_HLP_SETTINGS.html">Serverprofileinstellungen</target>
      <target FeatureID="-1" href="DM_HLP_SERVERS_VIEW.html">Externe Konfiguration</target>
   </keywords>
   <keywords>
      <text FeatureID="-1">Konfigurationseinstellungen</text>
      <target FeatureID="-1" href="DM_HLP_MAIN_VIEW.html">Gerätesoftware</target>
   </keywords>
   <keywords>
      <text FeatureID="-1">Einstellungen für die Softwareaktualisierung</text>
      <target FeatureID="-1" href="FOTA_HLP_SETTINGS.html">Einstellungen für die Softwareaktualisierung</target>
   </keywords>
   <keywords>
      <text FeatureID="-1">Serverprofileinstellungen</text>
      <target FeatureID="-1" href="DM_HLP_SETTINGS.html">Serverprofileinstellungen</target>
   </keywords>
   <keywords>
      <text FeatureID="-1">externe Konfiguration</text>
      <target FeatureID="-1" href="DM_HLP_SERVERS_VIEW.html">Externe Konfiguration</target>
   </keywords>
</keywords>