<?xml version="1.0" encoding="UTF-8"?>
<keywords>
   <keywords>
      <text FeatureID="-1">player ng musika</text>
      <target FeatureID="-1" href="MUS_HLP_TRACKS_VIEW.html">Mga kanta</target>
      <target FeatureID="-1" href="MUS_HLP_CATEGORY_VIEW.html">Mga kategorya ng musika</target>
      <target FeatureID="-1" href="MUS_HLP_PODCAST_MAIN_VIEW.html">Mga Podcast</target>
      <target FeatureID="-1" href="MUS_HLP_PODCAST_EPISODES.html">Mga episode ng podcast</target>
      <target FeatureID="-1" href="MUS_HLP_PLAYLISTS_VIEW.html">Mga playlist ng kanta</target>
   </keywords>
   <keywords>
      <text FeatureID="-1">podcasting</text>
      <target FeatureID="-1" href="MUS_HLP_PODCAST_MAIN_VIEW.html">Mga Podcast</target>
      <target FeatureID="-1" href="MUS_HLP_PODCAST_EPISODES.html">Mga episode ng podcast</target>
   </keywords>
   <keywords>
      <text FeatureID="-1">mga playlist</text>
      <target FeatureID="-1" href="MUS_HLP_PLAYLISTS_VIEW.html">Mga playlist ng kanta</target>
   </keywords>
   <keywords>
      <text FeatureID="-1">music player</text>
      <target FeatureID="-1" href="MUS_HLP_DOWNLOAD_PLAYBACK_VIEW.html">Play music on web</target>
      <target FeatureID="-1" href="MUS_HLP_LIB_MAIN_VIEW.html">Music library</target>
      <target FeatureID="-1" href="MUS_HLP_AUDIO_SETT.html">Mga setting ng audio</target>
   </keywords>
   <keywords>
      <text FeatureID="-1">bass booster</text>
      <target FeatureID="-1" href="MUS_HLP_AUDIO_SETT.html">Mga setting ng audio</target>
   </keywords>
   <keywords>
      <text FeatureID="-1">stereo widening</text>
      <target FeatureID="-1" href="MUS_HLP_AUDIO_SETT.html">Mga setting ng audio</target>
   </keywords>
</keywords>