<?xml version="1.0" encoding="UTF-8"?>
<keywords>
   <keywords>
      <text FeatureID="-1">reloj, alarmas</text>
      <target FeatureID="-1" href="CLK_HLP_ALARM_EDITOR.html">Editor de alarma</target>
   </keywords>
   <keywords>
      <text FeatureID="-1">alarma</text>
      <target FeatureID="-1" href="CLK_HLP_ALARM_EDITOR.html">Editor de alarma</target>
      <target FeatureID="-1" href="CLK_HLP_REAL_TIME_CLOCK_IN.html">Vista principal del reloj</target>
   </keywords>
   <keywords>
      <text FeatureID="-1">reloj</text>
      <target FeatureID="-1" href="CLK_HLP_REAL_TIME_CLOCK_IN.html">Vista principal del reloj</target>
      <target FeatureID="-1" href="CLK_HLP_WRLD_CLK.html">Reloj mundial</target>
   </keywords>
   <keywords>
      <text FeatureID="-1">configuración fecha y hora</text>
      <target FeatureID="-1" href="CLK_HLP_SETTINGS.html">Configuración fecha y hora</target>
   </keywords>
   <keywords>
      <text FeatureID="-1">configuraciones del reloj</text>
      <target FeatureID="-1" href="CLK_HLP_SETTINGS.html">Configuración fecha y hora</target>
   </keywords>
   <keywords>
      <text FeatureID="-1">reloj, zonas horarias</text>
      <target FeatureID="-1" href="CLK_HLP_REAL_TIME_CLOCK_AN.html">Hora local</target>
   </keywords>
   <keywords>
      <text FeatureID="-1">hora local y zona horaria</text>
      <target FeatureID="-1" href="CLK_HLP_REAL_TIME_CLOCK_AN.html">Hora local</target>
   </keywords>
   <keywords>
      <text FeatureID="-1">reloj mundial</text>
      <target FeatureID="-1" href="CLK_HLP_WRLD_CLK.html">Reloj mundial</target>
   </keywords>
</keywords>