<?xml version="1.0" encoding="UTF-8"?>
<keywords>
   <keywords>
      <text FeatureID="-1">seadmehaldur</text>
      <target FeatureID="-1" href="DM_HLP_MAIN_VIEW.html">Seadme tarkvara</target>
      <target FeatureID="-1" href="DM_HLP_SETTINGS.html">Serveriprofiili seaded</target>
      <target FeatureID="-1" href="DM_HLP_SERVERS_VIEW.html">Kaugkonfigureerimine</target>
   </keywords>
   <keywords>
      <text FeatureID="-1">konfigureerimisseaded</text>
      <target FeatureID="-1" href="DM_HLP_MAIN_VIEW.html">Seadme tarkvara</target>
   </keywords>
   <keywords>
      <text FeatureID="-1">Seadmehaldur</text>
      <target FeatureID="-1" href="FOTA_HLP_SETTINGS.html">Tarkvara­uuend. sead.</target>
   </keywords>
   <keywords>
      <text FeatureID="-1">tarkvara­uuend. sead.</text>
      <target FeatureID="-1" href="FOTA_HLP_SETTINGS.html">Tarkvara­uuend. sead.</target>
   </keywords>
   <keywords>
      <text FeatureID="-1">serveriprofiili seaded</text>
      <target FeatureID="-1" href="DM_HLP_SETTINGS.html">Serveriprofiili seaded</target>
   </keywords>
   <keywords>
      <text FeatureID="-1">kaugkonfigureerimine</text>
      <target FeatureID="-1" href="DM_HLP_SERVERS_VIEW.html">Kaugkonfigureerimine</target>
   </keywords>
</keywords>