<?xml version="1.0" encoding="UTF-8"?>
<keywords>
   <keywords>
      <text FeatureID="-1">Mail for Exchange</text>
      <target FeatureID="-1" href="FSE_HLP_MFE_LAUNCHER_MAIN_VIEW.html">דואר אלקטרוני של Mail for Exchange</target>
   </keywords>
   <keywords>
      <text FeatureID="-1">הגדרות תיבת דואר מתקדמות</text>
      <target FeatureID="-1" href="FSE_HLP_MFE_SETTINGS_ADVANCED.html">הגדרות מתקדמות לתיבת דואר</target>
   </keywords>
   <keywords>
      <text FeatureID="-1">הגדרות סינכרון דואר אלקטרוני</text>
      <target FeatureID="-1" href="FSE_HLP_MFE_SETTINGS_PIM_APPS.html">הגדרות סנכרון עבור יישומים</target>
   </keywords>
   <keywords>
      <text FeatureID="-1">סינכרון לוח שנה</text>
      <target FeatureID="-1" href="FSE_HLP_MFE_CALENDAR_APP.html">הגדרות סנכרון עבור לוח-השנה</target>
   </keywords>
   <keywords>
      <text FeatureID="-1">סינכרון אנשי קשר,</text>
      <target FeatureID="-1" href="FSE_HLP_MFE_CONTACTS_APP.html">הגדרות סנכרון עבור אנשי קשר</target>
   </keywords>
   <keywords>
      <text FeatureID="-1">הגדרות תיבת דואר</text>
      <target FeatureID="-1" href="FSE_HLP_MFE_SETTINGS_MAILBOX.html">הגדרות כלליות לתיבת דואר</target>
   </keywords>
   <keywords>
      <text FeatureID="-1">תוכן סינכרון דואר אלקטרוני</text>
      <target FeatureID="-1" href="FSE_HLP_MFE_SETTINGS_WHAT_SYNC.html">בחירת תוכן לסינכרון</target>
   </keywords>
   <keywords>
      <text FeatureID="-1">שעת סינכרון דואר אלקטרוני</text>
      <target FeatureID="-1" href="FSE_HLP_MFE_SETTINGS_WHEN_SYNC.html">בחירת מועד לסינכרון</target>
   </keywords>
   <keywords>
      <text FeatureID="-1">סינכרון תיקיית דואר אלקטרוני</text>
      <target FeatureID="-1" href="FSE_HLP_MFE_SETTINGS_FOLDER.html">הגדרות עבור סינכרון</target>
   </keywords>
   <keywords>
      <text FeatureID="-1">הגדרות דואר אלקטרוני</text>
      <target FeatureID="-1" href="FSE_HLP_MFE_SETTINGS_MAIN_VIEW.html">הגדרות עבור דואר אלקטרוני</target>
   </keywords>
   <keywords>
      <text FeatureID="-1">סינכרון ערך מטלה</text>
      <target FeatureID="-1" href="FSE_HLP_MFE_TASKS_APP.html">הגדרות סינכרון מטלות</target>
   </keywords>
</keywords>