<?xml version="1.0" encoding="UTF-8"?>
<keywords>
   <keywords>
      <text FeatureID="-1">jam, alarm</text>
      <target FeatureID="-1" href="CLK_HLP_ALARM_EDITOR.html">Editor jam alarm</target>
      <target FeatureID="-1" href="CLK_HLP_REAL_TIME_CLOCK_IN.html">Tampilan utama jam</target>
   </keywords>
   <keywords>
      <text FeatureID="-1">jam alarm</text>
      <target FeatureID="-1" href="CLK_HLP_ALARM_EDITOR.html">Editor jam alarm</target>
      <target FeatureID="-1" href="CLK_HLP_REAL_TIME_CLOCK_IN.html">Tampilan utama jam</target>
   </keywords>
   <keywords>
      <text FeatureID="-1">jam</text>
      <target FeatureID="-1" href="CLK_HLP_CNTDWN.html">Timer hitung mundur</target>
      <target FeatureID="-1" href="CLK_HLP_WRLD_CLK.html">Jam dunia</target>
   </keywords>
   <keywords>
      <text FeatureID="-1">timer</text>
      <target FeatureID="-1" href="CLK_HLP_CNTDWN.html">Timer hitung mundur</target>
   </keywords>
   <keywords>
      <text FeatureID="-1">pengaturan tanggal dan waktu</text>
      <target FeatureID="-1" href="CLK_HLP_SETTINGS.html">Pengaturan tanggal dan waktu</target>
   </keywords>
   <keywords>
      <text FeatureID="-1">pengaturan jam</text>
      <target FeatureID="-1" href="CLK_HLP_SETTINGS.html">Pengaturan tanggal dan waktu</target>
   </keywords>
   <keywords>
      <text FeatureID="-1">jam, zona waktu</text>
      <target FeatureID="-1" href="CLK_HLP_REAL_TIME_CLOCK_AN.html">Waktu lokal</target>
   </keywords>
   <keywords>
      <text FeatureID="-1">waktu lokal dan zona waktu</text>
      <target FeatureID="-1" href="CLK_HLP_REAL_TIME_CLOCK_AN.html">Waktu lokal</target>
   </keywords>
   <keywords>
      <text FeatureID="-1">stopwatch</text>
      <target FeatureID="-1" href="CCLK_HLP_STPWTCH.html">Stopwatch</target>
   </keywords>
   <keywords>
      <text FeatureID="-1">jam kota</text>
      <target FeatureID="-1" href="CLK_HLP_WRLD_CLK.html">Jam dunia</target>
   </keywords>
   <keywords>
      <text FeatureID="-1">jam dunia</text>
      <target FeatureID="-1" href="CLK_HLP_WRLD_CLK.html">Jam dunia</target>
   </keywords>
</keywords>