<?xml version="1.0" encoding="UTF-8"?>
<keywords>
   <keywords>
      <text FeatureID="-1">pamamahagi ng video</text>
      <target FeatureID="true_208" href="MSH_HLP_LIVE.html">Magbahagi ng live na video</target>
      <target FeatureID="-1" href="MSH_HLP_CLIP.html">Magbahagi ng mga video clip</target>
      <target FeatureID="-1" href="MSH_HLP_SETTINGS.html">Mga setting sa pagbabahagi ng video</target>
      <target FeatureID="-1" href="MSH_HLP_RECEIVE.html">Tingnan ang nakabahaging video</target>
   </keywords>
</keywords>