<?xml version="1.0" encoding="UTF-8"?>
<keywords>
   <keywords>
      <text FeatureID="-1">프로필 사용자 지정</text>
      <target FeatureID="-1" href="MODE_HLP_PERSONALISE.html">프로필 사용자 지정</target>
   </keywords>
   <keywords>
      <text FeatureID="-1">벨소리 설정</text>
      <target FeatureID="-1" href="SET_HLP_PERSONAL_TONES.html">벨소리 설정</target>
   </keywords>
   <keywords>
      <text FeatureID="-1">벨소리</text>
      <target FeatureID="-1" href="SET_HLP_PERSONAL_TONES.html">벨소리 설정</target>
   </keywords>
   <keywords>
      <text FeatureID="-1">프로필</text>
      <target FeatureID="-1" href="MODE_HLP_PROFILES_LIST.html">프로필</target>
   </keywords>
   <keywords>
      <text FeatureID="-1">프로필 변경</text>
      <target FeatureID="-1" href="MODE_HLP_PROFILES_LIST.html">프로필</target>
   </keywords>
</keywords>