<?xml version="1.0" encoding="UTF-8"?>
<keywords>
   <keywords>
      <text FeatureID="true_11008 false_11008">înregistrarea aparatului</text>
      <target FeatureID="true_11008" href="DRM_HLP_REGISTRATION_METERING.html">Înregistrarea aparatului</target>
      <target FeatureID="false_11008" href="DRM_HLP_REGISTRATION.html">Înregistrarea aparatului</target>
   </keywords>
   <keywords>
      <text FeatureID="true_11008">achiziţionarea drepturilor silenţioase</text>
      <target FeatureID="true_11008" href="DRM_HLP_REGISTRATION_METERING.html">Înregistrarea aparatului</target>
   </keywords>
   <keywords>
      <text FeatureID="true_11008">măsurare</text>
      <target FeatureID="true_11008" href="DRM_HLP_REGISTRATION_METERING.html">Înregistrarea aparatului</target>
   </keywords>
</keywords>