<?xml version="1.0" encoding="UTF-8"?>
<keywords>
   <keywords>
      <text FeatureID="-1">contact groups</text>
      <target FeatureID="-1" href="PHOB_HLP_GROUP_LIST.html">Contact groups</target>
   </keywords>
   <keywords>
      <text FeatureID="-1">SIM kontaktuak</text>
      <target FeatureID="-1" href="PHOB_HLP_SIM_LIST.html">SIM kontaktuen direktorioa</target>
      <target FeatureID="-1" href="PHOB_HLP_SIM_INFO_VIEW.html">SIM kontaktu fitxak</target>
   </keywords>
   <keywords>
      <text FeatureID="-1">SIM zenbakia</text>
      <target FeatureID="-1" href="PHOB_HLP_MY_NUMBERS.html">Nire zenbakiak</target>
   </keywords>
   <keywords>
      <text FeatureID="-1">kontatuen taldeak</text>
      <target FeatureID="-1" href="PHOB_HLP_GROUP_MEMBER_LIST.html">Taldekideak</target>
   </keywords>
   <keywords>
      <text FeatureID="-1">kontaktuetako izenen ordena</text>
      <target FeatureID="-1" href="PHOB_HLP_SETTINGS.html">Kontaktuen ezarpenak</target>
   </keywords>
   <keywords>
      <text FeatureID="-1">kontaktuak memoria</text>
      <target FeatureID="-1" href="PHOB_HLP_SETTINGS.html">Kontaktuen ezarpenak</target>
   </keywords>
   <keywords>
      <text FeatureID="-1">lehenetsitako memoria</text>
      <target FeatureID="-1" href="PHOB_HLP_SETTINGS.html">Kontaktuen ezarpenak</target>
   </keywords>
   <keywords>
      <text FeatureID="-1">kontaktuen direktorioa</text>
      <target FeatureID="-1" href="PHOB_HLP_NAME_LIST.html">Kontaktuen zerrenda</target>
   </keywords>
   <keywords>
      <text FeatureID="-1">kontakturako informazioa</text>
      <target FeatureID="-1" href="PHOB_HLP_NAME_LIST.html">Kontaktuen zerrenda</target>
   </keywords>
   <keywords>
      <text FeatureID="-1">agenda</text>
      <target FeatureID="-1" href="PHOB_HLP_NAME_LIST.html">Kontaktuen zerrenda</target>
   </keywords>
   <keywords>
      <text FeatureID="-1">kontaktuak</text>
      <target FeatureID="-1" href="RLOOK_HLP_INFO_VIEW.html">Kudeatu aurkituriko kontaktuak</target>
   </keywords>
   <keywords>
      <text FeatureID="-1">kontaktuen fitxak</text>
      <target FeatureID="-1" href="PHOB_HLP_CONTACT_INFO_VIEW.html">Kontaktuen fitxak</target>
      <target FeatureID="-1" href="PHOB_HLP_EDIT_ENTRY.html">Kontaktu fitxak editatu</target>
   </keywords>
   <keywords>
      <text FeatureID="-1">agendako sarrerak</text>
      <target FeatureID="-1" href="PHOB_HLP_CONTACT_INFO_VIEW.html">Kontaktuen fitxak</target>
   </keywords>
   <keywords>
      <text FeatureID="-1">markaketa finkoa</text>
      <target FeatureID="-1" href="FDN_HLP_FDN_NUMBER_VIEW.html">Markaketa finkoko kontaktuak</target>
      <target FeatureID="-1" href="FDN_HLP_FDN_VIEW.html">Deiak mugatu</target>
   </keywords>
   <keywords>
      <text FeatureID="-1">deiak mugatzen</text>
      <target FeatureID="-1" href="FDN_HLP_FDN_VIEW.html">Deiak mugatu</target>
   </keywords>
   <keywords>
      <text FeatureID="-1">zerbitzu zenbakiak</text>
      <target FeatureID="-1" href="SDN_HLP_APP.html">Zerbitzu zenbakiak</target>
   </keywords>
   <keywords>
      <text FeatureID="-1">SIM zerbitzu zenbakiak</text>
      <target FeatureID="-1" href="SDN_HLP_APP.html">Zerbitzu zenbakiak</target>
   </keywords>
   <keywords>
      <text FeatureID="-1">SIMeko zerbitzu zenbakiak</text>
      <target FeatureID="-1" href="SDN_HLP_APP.html">Zerbitzu zenbakiak</target>
   </keywords>
   <keywords>
      <text FeatureID="-1">SIM txartela</text>
      <target FeatureID="-1" href="PHOB_HLP_SIM_INFO_VIEW.html">SIM kontaktu fitxak</target>
   </keywords>
</keywords>