<?xml version="1.0" encoding="UTF-8"?>
<keywords>
   <keywords>
      <text FeatureID="-1">markaketa finkoa</text>
      <target FeatureID="-1" href="FDN_HLP_FDN_NUM_EDIT_VIEW.html">Kontaktuak editatu</target>
      <target FeatureID="-1" href="FDN_HLP_FDN_NUMBER_VIEW.html">Markaketa finkoko kontaktuak</target>
      <target FeatureID="-1" href="FDN_HLP_FDN_VIEW.html">Deiak mugatu</target>
   </keywords>
   <keywords>
      <text FeatureID="-1">deiak mugatzen</text>
      <target FeatureID="-1" href="FDN_HLP_FDN_VIEW.html">Deiak mugatu</target>
   </keywords>
   <keywords>
      <text FeatureID="-1">zerbitzu zenbakiak</text>
      <target FeatureID="-1" href="SDN_HLP_APP.html">Zerbitzu zenbakiak</target>
   </keywords>
   <keywords>
      <text FeatureID="-1">SIM zerbitzu zenbakiak</text>
      <target FeatureID="-1" href="SDN_HLP_APP.html">Zerbitzu zenbakiak</target>
   </keywords>
   <keywords>
      <text FeatureID="-1">SIMeko zerbitzu zenbakiak</text>
      <target FeatureID="-1" href="SDN_HLP_APP.html">Zerbitzu zenbakiak</target>
   </keywords>
   <keywords>
      <text FeatureID="-1">kontatuen taldeak</text>
      <target FeatureID="-1" href="PHOB_HLP_GROUP_LIST.html">Kontatuen taldeak</target>
      <target FeatureID="-1" href="PHOB_HLP_GROUP_MEMBER_LIST.html">Taldekideak</target>
   </keywords>
   <keywords>
      <text FeatureID="-1">SIM kontaktuak</text>
      <target FeatureID="-1" href="PHOB_HLP_SIM_LIST.html">SIM kontaktuen direktorioa</target>
   </keywords>
   <keywords>
      <text FeatureID="-1">SIM zenbakia</text>
      <target FeatureID="-1" href="PHOB_HLP_MY_NUMBERS.html">Nire zenbakiak</target>
   </keywords>
   <keywords>
      <text FeatureID="-1">kontaktuetako izenen ordena</text>
      <target FeatureID="-1" href="PHOB_HLP_SETTINGS.html">Kontaktuen ezarpenak</target>
   </keywords>
   <keywords>
      <text FeatureID="-1">kontaktuak memoria</text>
      <target FeatureID="-1" href="PHOB_HLP_SETTINGS.html">Kontaktuen ezarpenak</target>
   </keywords>
   <keywords>
      <text FeatureID="-1">lehenetsitako memoria</text>
      <target FeatureID="-1" href="PHOB_HLP_SETTINGS.html">Kontaktuen ezarpenak</target>
   </keywords>
   <keywords>
      <text FeatureID="-1">kontaktuen direktorioa</text>
      <target FeatureID="-1" href="PHOB_HLP_NAME_LIST.html">Kontaktuen direktorioa</target>
   </keywords>
   <keywords>
      <text FeatureID="-1">kontaktuen informazioa</text>
      <target FeatureID="-1" href="PHOB_HLP_NAME_LIST.html">Kontaktuen direktorioa</target>
   </keywords>
   <keywords>
      <text FeatureID="-1">kontaktuak</text>
      <target FeatureID="-1" href="PHOB_HLP_NAME_LIST.html">Kontaktuen direktorioa</target>
   </keywords>
</keywords>