<?xml version="1.0" encoding="UTF-8"?>
<keywords>
   <keywords>
      <text FeatureID="-1">Mail for Exchange</text>
      <target FeatureID="-1" href="FSE_HLP_MFE_LAUNCHER_MAIN_VIEW.html">Mail for Exchange tölvupóstur</target>
   </keywords>
   <keywords>
      <text FeatureID="-1">frekari stillingar pósthólfs</text>
      <target FeatureID="-1" href="FSE_HLP_MFE_SETTINGS_ADVANCED.html">Frekari stillingar fyrir pósthólf</target>
   </keywords>
   <keywords>
      <text FeatureID="-1">stillingar samstillingar tölvupósts</text>
      <target FeatureID="-1" href="FSE_HLP_MFE_SETTINGS_PIM_APPS.html">Stillingar fyrir samstillingu forrits</target>
   </keywords>
   <keywords>
      <text FeatureID="-1">samstilling dagbókar</text>
      <target FeatureID="-1" href="FSE_HLP_MFE_CALENDAR_APP.html">Stillingar fyrir samstillingu dagbókar</target>
   </keywords>
   <keywords>
      <text FeatureID="-1">samstilling tengiliða,</text>
      <target FeatureID="-1" href="FSE_HLP_MFE_CONTACTS_APP.html">Stillingar fyrir samstillingu tengiliða</target>
   </keywords>
   <keywords>
      <text FeatureID="-1">pósthólfsstillingar</text>
      <target FeatureID="-1" href="FSE_HLP_MFE_SETTINGS_MAILBOX.html">Almennar stillingar pósthólfs</target>
   </keywords>
   <keywords>
      <text FeatureID="-1">samstilling efnis tölvupósts</text>
      <target FeatureID="-1" href="FSE_HLP_MFE_SETTINGS_WHAT_SYNC.html">Veldu samstillingarefni</target>
   </keywords>
   <keywords>
      <text FeatureID="-1">samstillingartími tölvupósts</text>
      <target FeatureID="-1" href="FSE_HLP_MFE_SETTINGS_WHEN_SYNC.html">Veldu samstillingartíma</target>
   </keywords>
   <keywords>
      <text FeatureID="-1">samstilling tölvupóstsmöppu</text>
      <target FeatureID="-1" href="FSE_HLP_MFE_SETTINGS_FOLDER.html">Stillingar fyrir samstillingu</target>
   </keywords>
   <keywords>
      <text FeatureID="-1">stillingar tölvupósts</text>
      <target FeatureID="-1" href="FSE_HLP_MFE_SETTINGS_MAIN_VIEW.html">Tölvupóstsstillingar</target>
   </keywords>
   <keywords>
      <text FeatureID="-1">samstilling verkefna</text>
      <target FeatureID="-1" href="FSE_HLP_MFE_TASKS_APP.html">Samstilling verkefna</target>
   </keywords>
</keywords>