<?xml version="1.0" encoding="UTF-8"?>
<keywords>
   <keywords>
      <text FeatureID="-1">pemindahan data</text>
      <target FeatureID="-1" href="SWITCH_HLP_EDIT_SHORTCUT.html">Tetapan pintasan</target>
      <target FeatureID="-1" href="SWITCH_HLP_MAIN.html">Pindahkan data</target>
      <target FeatureID="-1" href="SWITCH_HLP_LOG.html">Log pemindahan</target>
   </keywords>
   <keywords>
      <text FeatureID="-1">memindahkan data</text>
      <target FeatureID="-1" href="SWITCH_HLP_EDIT_SHORTCUT.html">Tetapan pintasan</target>
      <target FeatureID="-1" href="SWITCH_HLP_MAIN.html">Pindahkan data</target>
   </keywords>
   <keywords>
      <text FeatureID="-1">pintasan</text>
      <target FeatureID="-1" href="SWITCH_HLP_EDIT_SHORTCUT.html">Tetapan pintasan</target>
   </keywords>
   <keywords>
      <text FeatureID="-1">pemindahan data, konflik</text>
      <target FeatureID="-1" href="SWITCH_HLP_CONFLICT.html">Pindahkan konflik</target>
   </keywords>
   <keywords>
      <text FeatureID="-1">menyalin kandungan</text>
      <target FeatureID="-1" href="SWITCH_HLP_MAIN.html">Pindahkan data</target>
   </keywords>
   <keywords>
      <text FeatureID="-1">log pemindahan</text>
      <target FeatureID="-1" href="SWITCH_HLP_LOG.html">Log pemindahan</target>
   </keywords>
</keywords>