<?xml version="1.0" encoding="UTF-8"?>
<keywords>
   <keywords>
      <text FeatureID="-1">e-mail fiók beállításai</text>
      <target FeatureID="-1" href="FSE_HLP_IMS_SETTINGS_ACCT_INFO.html">E-mail fiókbeállítások</target>
   </keywords>
   <keywords>
      <text FeatureID="-1">további postafiók-beállítások</text>
      <target FeatureID="-1" href="FSE_HLP_IMS_SETTINGS_ADVANCED.html">Speciális postafiók-beállítások</target>
   </keywords>
   <keywords>
      <text FeatureID="-1">postafiók-beállítások</text>
      <target FeatureID="-1" href="FSE_HLP_IMS_SETTINGS_MAILBOX.html">A postafiók beállításai</target>
   </keywords>
   <keywords>
      <text FeatureID="-1">e-mail szinkronizálás tartalma</text>
      <target FeatureID="-1" href="FSE_HLP_IMS_SETTINGS_WHAT_SYNC.html">A szinkronizálás tartalmának megadása</target>
   </keywords>
   <keywords>
      <text FeatureID="-1">e-mailek szinkronizálásának időpontja</text>
      <target FeatureID="-1" href="FSE_HLP_IMS_SETTINGS_WHEN_SYNC.html">A szinkronizálás idejének megadása</target>
   </keywords>
   <keywords>
      <text FeatureID="-1">e-mail mappa szinkronizálása</text>
      <target FeatureID="-1" href="FSE_HLP_IMS_SETTINGS_FOLDER.html">E-mail mappák szinkronizálása</target>
   </keywords>
   <keywords>
      <text FeatureID="-1">e-mail szolgáltatás beállításai</text>
      <target FeatureID="-1" href="FSE_HLP_SETTINGS_INTELL_LIST.html">A levelezőszolgáltatás beállításai</target>
   </keywords>
   <keywords>
      <text FeatureID="-1">e-mail beállítások</text>
      <target FeatureID="-1" href="FSE_HLP_IMS_SETTINGS_MAIN_VIEW.html">E-mail beállítások</target>
   </keywords>
   <keywords>
      <text FeatureID="-1">Intellisync</text>
      <target FeatureID="-1" href="FSE_HLP_IMS_LAUNCHER_MAIN_VIEW.html">Intellisync e-mail</target>
   </keywords>
</keywords>