<?xml version="1.0" encoding="UTF-8"?>
<keywords>
   <keywords>
      <text FeatureID="-1">certifikater</text>
      <target FeatureID="-1" href="AM_HLP_GENERAL_SETTINGS.html">Certifikatindstillinger</target>
   </keywords>
   <keywords>
      <text FeatureID="-1">indstillinger, certifikater</text>
      <target FeatureID="-1" href="AM_HLP_GENERAL_SETTINGS.html">Certifikatindstillinger</target>
   </keywords>
   <keywords>
      <text FeatureID="-1">installere programmer</text>
      <target FeatureID="-1" href="AM_HLP_NOT_INSTALLED.html">Installa­tionsfiler</target>
      <target FeatureID="-1" href="AM_HLP_APPLICATION.html">Administrere programmer</target>
   </keywords>
   <keywords>
      <text FeatureID="-1">ikke-installerede programmer</text>
      <target FeatureID="-1" href="AM_HLP_NOT_INSTALLED.html">Installa­tionsfiler</target>
   </keywords>
   <keywords>
      <text FeatureID="-1">installerede programmer</text>
      <target FeatureID="-1" href="AM_HLP_INSTALLED.html">Installerede programmer</target>
   </keywords>
   <keywords>
      <text FeatureID="-1">installere software</text>
      <target FeatureID="-1" href="AM_HLP_APPLICATION.html">Administrere programmer</target>
   </keywords>
   <keywords>
      <text FeatureID="-1">tilladelses­anmodninger</text>
      <target FeatureID="-1" href="AM_HLP_INSTALL_CAPAB.html">Tilladelses­anmodninger</target>
   </keywords>
   <keywords>
      <text FeatureID="-1">program: ikke tillid til</text>
      <target FeatureID="-1" href="AM_HLP_INSTALL_UNTRUSTED.html">Program: ikke tillid til</target>
   </keywords>
</keywords>