<?xml version="1.0" encoding="UTF-8"?>
<keywords>
   <keywords>
      <text FeatureID="-1">frekv.-alapad. módosít.</text>
      <target FeatureID="-1" href="EQ_HLP_EDITING_VIEW.html">Frekvencia alapadatok módosítása</target>
   </keywords>
   <keywords>
      <text FeatureID="-1">hangszínszabályzó</text>
      <target FeatureID="-1" href="EQ_HLP_LIST_VIEW.html">Frekvencia-alapadatok</target>
   </keywords>
   <keywords>
      <text FeatureID="-1">frekvenciasávok</text>
      <target FeatureID="-1" href="EQ_HLP_LIST_VIEW.html">Frekvencia-alapadatok</target>
   </keywords>
   <keywords>
      <text FeatureID="-1">frekvencia-alapadatok kiválasztása</text>
      <target FeatureID="-1" href="EQ_HLP_LIST_VIEW.html">Frekvencia-alapadatok</target>
   </keywords>
</keywords>