<?xml version="1.0" encoding="UTF-8"?>
<keywords>
   <keywords>
      <text FeatureID="-1">administrador de fitxers</text>
      <target FeatureID="-1" href="FMGR_HLP_MEM_STORE_VIEW.html">Gestioneu fitxers</target>
      <target FeatureID="-1" href="FMGR_HLP_MAIN_VIEW.html">Administrador de fitxers</target>
      <target FeatureID="-1" href="FMGR_HLP_BACKUP_VIEW.html">Còpia de seguretat de fitxers</target>
   </keywords>
   <keywords>
      <text FeatureID="-1">targeta de memòria</text>
      <target FeatureID="-1" href="FMGR_HLP_MEM_STORE_VIEW.html">Gestioneu fitxers</target>
      <target FeatureID="-1" href="FMGR_HLP_MAIN_VIEW.html">Administrador de fitxers</target>
      <target FeatureID="-1" href="FMGR_HLP_BACKUP_VIEW.html">Còpia de seguretat de fitxers</target>
   </keywords>
   <keywords>
      <text FeatureID="-1">Administrador de fitxers</text>
      <target FeatureID="-1" href="FMGR_HLP_SEARCH_RESULTS.html">Cerca de fitxers</target>
   </keywords>
   <keywords>
      <text FeatureID="-1">cerca de fitxers</text>
      <target FeatureID="-1" href="FMGR_HLP_SEARCH_RESULTS.html">Cerca de fitxers</target>
   </keywords>
   <keywords>
      <text FeatureID="-1">cerca de carpetes</text>
      <target FeatureID="-1" href="FMGR_HLP_SEARCH_RESULTS.html">Cerca de fitxers</target>
   </keywords>
   <keywords>
      <text FeatureID="-1">còpia de seguretat</text>
      <target FeatureID="-1" href="FMGR_HLP_BACKUP_VIEW.html">Còpia de seguretat de fitxers</target>
   </keywords>
</keywords>