<?xml version="1.0" encoding="UTF-8"?>
<keywords>
   <keywords>
      <text FeatureID="-1">transferencia de datos</text>
      <target FeatureID="-1" href="SWITCH_HLP_EDIT_SHORTCUT.html">Confs. acc. dir.</target>
      <target FeatureID="-1" href="SWITCH_HLP_EDIT_SHORTCUT.html">Confs. acc. dir.</target>
      <target FeatureID="-1" href="SWITCH_HLP_MAIN.html">Transf. datos</target>
      <target FeatureID="-1" href="SWITCH_HLP_MAIN.html">Transf. datos</target>
      <target FeatureID="-1" href="SWITCH_HLP_LOG.html">Reg. transf.</target>
   </keywords>
   <keywords>
      <text FeatureID="-1">accesos directos</text>
      <target FeatureID="-1" href="SWITCH_HLP_EDIT_SHORTCUT.html">Confs. acc. dir.</target>
   </keywords>
   <keywords>
      <text FeatureID="-1">transferencia de datos, conflictos</text>
      <target FeatureID="-1" href="SWITCH_HLP_CONFLICT.html">Conflictos transf.</target>
   </keywords>
   <keywords>
      <text FeatureID="-1">copiar contenido</text>
      <target FeatureID="-1" href="SWITCH_HLP_MAIN.html">Transf. datos</target>
   </keywords>
   <keywords>
      <text FeatureID="-1">registro de transferencias</text>
      <target FeatureID="-1" href="SWITCH_HLP_LOG.html">Reg. transf.</target>
   </keywords>
</keywords>