<?xml version="1.0" encoding="UTF-8"?>
<keywords>
   <keywords>
      <text FeatureID="-1">enregistrement, sons</text>
      <target FeatureID="-1" href="VOREC_HLP_EMPTY_RECORDER.html">Enreg. de clips audio</target>
   </keywords>
   <keywords>
      <text FeatureID="-1">enregistreur vocal</text>
      <target FeatureID="-1" href="VOREC_HLP_MAIN.html">Utiliser l'enregistreur vocal</target>
   </keywords>
   <keywords>
      <text FeatureID="-1">enregistrer clips audio</text>
      <target FeatureID="-1" href="VOREC_HLP_MAIN.html">Utiliser l'enregistreur vocal</target>
   </keywords>
   <keywords>
      <text FeatureID="-1">paramètres enregistreur vocal</text>
      <target FeatureID="-1" href="VOREC_HLP_SETTINGS.html">Paramètres enregistreur vocal</target>
   </keywords>
</keywords>