<?xml version="1.0" encoding="UTF-8"?>
<keywords>
   <keywords>
      <text FeatureID="-1">Poczta Exchange</text>
      <target FeatureID="-1" href="FSE_HLP_MFE_LAUNCHER_MAIN_VIEW.html">Poczta Exchange</target>
   </keywords>
   <keywords>
      <text FeatureID="-1">zaawansowane ustawienia skrzynki pocztowej</text>
      <target FeatureID="-1" href="FSE_HLP_MFE_SETTINGS_ADVANCED.html">Zaawansowane ustawienia skrzynki pocztowej</target>
   </keywords>
   <keywords>
      <text FeatureID="-1">ustawienia synchronizacji poczty e-mail</text>
      <target FeatureID="-1" href="FSE_HLP_MFE_SETTINGS_PIM_APPS.html">Ustawienia synchronizacji aplikacji</target>
   </keywords>
   <keywords>
      <text FeatureID="-1">synchronizacja kalendarza</text>
      <target FeatureID="-1" href="FSE_HLP_MFE_CALENDAR_APP.html">Ustawienia synchronizacji Kalendarza</target>
   </keywords>
   <keywords>
      <text FeatureID="-1">synchronizacja kontaktów,</text>
      <target FeatureID="-1" href="FSE_HLP_MFE_CONTACTS_APP.html">Ustawienia synchronizacji Kontaktów</target>
   </keywords>
   <keywords>
      <text FeatureID="-1">ust. skrz. pocztowych</text>
      <target FeatureID="-1" href="FSE_HLP_MFE_SETTINGS_MAILBOX.html">Ogólne ustawienia skrzynki pocztowej</target>
   </keywords>
   <keywords>
      <text FeatureID="-1">synchronizowana zawartość e-mail</text>
      <target FeatureID="-1" href="FSE_HLP_MFE_SETTINGS_WHAT_SYNC.html">Wybierz zawartość do synchronizacji</target>
   </keywords>
   <keywords>
      <text FeatureID="-1">czas synchronizacji poczty e-mail</text>
      <target FeatureID="-1" href="FSE_HLP_MFE_SETTINGS_WHEN_SYNC.html">Wybierz czas synchronizacji</target>
   </keywords>
   <keywords>
      <text FeatureID="-1">synchronizacja folderów e-mail</text>
      <target FeatureID="-1" href="FSE_HLP_MFE_SETTINGS_FOLDER.html">Ustawienia synchronizacji</target>
   </keywords>
   <keywords>
      <text FeatureID="-1">ustawienia poczty e-mail</text>
      <target FeatureID="-1" href="FSE_HLP_MFE_SETTINGS_MAIN_VIEW.html">Ustawienia poczty e-mail</target>
   </keywords>
   <keywords>
      <text FeatureID="-1">synchronizacja pozycji zadań</text>
      <target FeatureID="-1" href="FSE_HLP_MFE_TASKS_APP.html">Ustawienia synchronizacji listy zadań</target>
   </keywords>
</keywords>