<?xml version="1.0" encoding="UTF-8"?>
<keywords>
   <keywords>
      <text FeatureID="-1">posredovanje sporočil</text>
      <target FeatureID="-1" href="MMS_HLP_MMS_FWD_REQUEST.html">Posred. večpred. sporočil</target>
   </keywords>
   <keywords>
      <text FeatureID="-1">večpredstavnostna sporočila</text>
      <target FeatureID="-1" href="MMS_HLP_MMS_FWD_REQUEST_SEND.html">Posred. zah. v Poslanih pred.</target>
      <target FeatureID="-1" href="MMS_HLP_MMS_VIEWER.html">Ogled večpredstav. sporočil</target>
   </keywords>
   <keywords>
      <text FeatureID="-1">obvestila o večpredstavnostnih sporočilih</text>
      <target FeatureID="-1" href="MMS_HLP_NOTIFICATION_VIEWER.html">Obvestila o večpredst. spor.</target>
   </keywords>
   <keywords>
      <text FeatureID="-1">predstavnostni predmeti</text>
      <target FeatureID="-1" href="MMS_HLP_OBJECTS_VIEW_VIEWER.html">Ogled predst. predm.</target>
   </keywords>
   <keywords>
      <text FeatureID="-1">večpredstavnostni predmeti</text>
      <target FeatureID="-1" href="MMS_HLP_OBJECTS_VIEW_VIEWER.html">Ogled predst. predm.</target>
   </keywords>
   <keywords>
      <text FeatureID="-1">MMS</text>
      <target FeatureID="-1" href="MMS_HLP_MMS_VIEWER.html">Ogled večpredstav. sporočil</target>
   </keywords>
</keywords>