<?xml version="1.0" encoding="UTF-8"?><?xml-stylesheet  href="../../theme/xsl/index2html.xslt" type="text/xsl"?>
<topics FeatureID="-1" title="Registres" compressed="true">
   <topicref FeatureID="-1" href="GPRS_HLP_MAIN.html" navtitle="Connexions de paquet de dades"/>
   <topicref FeatureID="-1" href="LOGS_HLP_COUNTER.html" navtitle="Registres de dades i trucades"/>
   <topicref FeatureID="-1" href="LOGS_HLP_DETAIL.html" navtitle="Detalls d'esdeveniments del registre"/>
   <topicref FeatureID="-1" href="LOGS_HLP_MAIN.html" navtitle="Informació del registre"/>
   <topicref FeatureID="-1" href="LOGS_HLP_SETTING.html" navtitle="Configuració del registre"/>
   <topicref FeatureID="-1" href="STM_HLP_DIALLED.html" navtitle="Números marcats"/>
   <topicref FeatureID="-1" href="STM_HLP_MAIN.html" navtitle="Trucades recents"/>
   <topicref FeatureID="-1" href="STM_HLP_MISSED.html" navtitle="Trucades perdudes"/>
   <topicref FeatureID="-1" href="STM_HLP_RECEIVED.html" navtitle="Trucades rebudes"/>
   <topicref FeatureID="-1" href="TIMERS_HLP_MAIN.html" navtitle="Duració de trucades"/>
</topics>