<?xml version="1.0" encoding="UTF-8"?>
<keywords>
   <keywords>
      <text FeatureID="-1">connexions de paquet de dades</text>
      <target FeatureID="-1" href="GPRS_HLP_MAIN.html">Connexions de paquet de dades</target>
      <target FeatureID="-1" href="LOGS_HLP_COUNTER.html">Registres de dades i trucades</target>
   </keywords>
   <keywords>
      <text FeatureID="-1">duració de les trucades</text>
      <target FeatureID="-1" href="LOGS_HLP_COUNTER.html">Registres de dades i trucades</target>
   </keywords>
   <keywords>
      <text FeatureID="-1">trucades recents</text>
      <target FeatureID="-1" href="LOGS_HLP_COUNTER.html">Registres de dades i trucades</target>
      <target FeatureID="-1" href="STM_HLP_MAIN.html">Trucades recents</target>
   </keywords>
   <keywords>
      <text FeatureID="-1">registres</text>
      <target FeatureID="-1" href="LOGS_HLP_DETAIL.html">Detalls d'esdeveniments del registre</target>
      <target FeatureID="-1" href="LOGS_HLP_MAIN.html">Informació del registre</target>
   </keywords>
   <keywords>
      <text FeatureID="-1">configuració del registre</text>
      <target FeatureID="-1" href="LOGS_HLP_SETTING.html">Configuració del registre</target>
   </keywords>
   <keywords>
      <text FeatureID="-1">números marcats</text>
      <target FeatureID="-1" href="STM_HLP_DIALLED.html">Números marcats</target>
   </keywords>
   <keywords>
      <text FeatureID="-1">registre de trucades</text>
      <target FeatureID="-1" href="STM_HLP_MAIN.html">Trucades recents</target>
   </keywords>
   <keywords>
      <text FeatureID="-1">trucades perdudes</text>
      <target FeatureID="-1" href="STM_HLP_MISSED.html">Trucades perdudes</target>
   </keywords>
   <keywords>
      <text FeatureID="-1">trucades rebudes</text>
      <target FeatureID="-1" href="STM_HLP_RECEIVED.html">Trucades rebudes</target>
   </keywords>
   <keywords>
      <text FeatureID="-1">trucades respostes</text>
      <target FeatureID="-1" href="STM_HLP_RECEIVED.html">Trucades rebudes</target>
   </keywords>
   <keywords>
      <text FeatureID="-1">duració de trucades</text>
      <target FeatureID="-1" href="TIMERS_HLP_MAIN.html">Duració de trucades</target>
   </keywords>
   <keywords>
      <text FeatureID="-1">longitud de les trucades</text>
      <target FeatureID="-1" href="TIMERS_HLP_MAIN.html">Duració de trucades</target>
   </keywords>
</keywords>