<?xml version="1.0" encoding="UTF-8"?>
<keywords>
   <keywords>
      <text FeatureID="-1">data­overførsel</text>
      <target FeatureID="-1" href="SWITCH_HLP_EDIT_SHORTCUT.html">Genvejsindstillinger</target>
      <target FeatureID="-1" href="SWITCH_HLP_MAIN.html">Overføre data</target>
      <target FeatureID="-1" href="SWITCH_HLP_LOG.html">Overførsels­log</target>
   </keywords>
   <keywords>
      <text FeatureID="-1">overføre data</text>
      <target FeatureID="-1" href="SWITCH_HLP_EDIT_SHORTCUT.html">Genvejsindstillinger</target>
      <target FeatureID="-1" href="SWITCH_HLP_MAIN.html">Overføre data</target>
   </keywords>
   <keywords>
      <text FeatureID="-1">genveje</text>
      <target FeatureID="-1" href="SWITCH_HLP_EDIT_SHORTCUT.html">Genvejsindstillinger</target>
   </keywords>
   <keywords>
      <text FeatureID="-1">data­overførsel, konflikter</text>
      <target FeatureID="-1" href="SWITCH_HLP_CONFLICT.html">Overførselskonflikter</target>
   </keywords>
   <keywords>
      <text FeatureID="-1">kopiere indhold</text>
      <target FeatureID="-1" href="SWITCH_HLP_MAIN.html">Overføre data</target>
   </keywords>
   <keywords>
      <text FeatureID="-1">overførselslog</text>
      <target FeatureID="-1" href="SWITCH_HLP_LOG.html">Overførsels­log</target>
   </keywords>
</keywords>