<?xml version="1.0" encoding="UTF-8"?>
<keywords>
   <keywords>
      <text FeatureID="-1">Mail for Exchange</text>
      <target FeatureID="-1" href="FSE_HLP_MFE_LAUNCHER_MAIN_VIEW.html">Exchange postası</target>
   </keywords>
   <keywords>
      <text FeatureID="-1">gelişmiş posta kutusu ayarları</text>
      <target FeatureID="-1" href="FSE_HLP_MFE_SETTINGS_ADVANCED.html">Posta kutusu gelişmiş ayarları</target>
   </keywords>
   <keywords>
      <text FeatureID="-1">e-posta senkronizasyonu ayarları</text>
      <target FeatureID="-1" href="FSE_HLP_MFE_SETTINGS_PIM_APPS.html">Uygulama senkronizasyon ayarları</target>
   </keywords>
   <keywords>
      <text FeatureID="-1">ajanda senkronizasyonu</text>
      <target FeatureID="-1" href="FSE_HLP_MFE_CALENDAR_APP.html">Ajanda senkronizasyon ayarları</target>
   </keywords>
   <keywords>
      <text FeatureID="-1">rehber senkronizasyonu,</text>
      <target FeatureID="-1" href="FSE_HLP_MFE_CONTACTS_APP.html">Rehber senkronizasyon ayarları</target>
   </keywords>
   <keywords>
      <text FeatureID="-1">posta kutusu ayarları</text>
      <target FeatureID="-1" href="FSE_HLP_MFE_SETTINGS_MAILBOX.html">Genel posta kutusu ayarları</target>
   </keywords>
   <keywords>
      <text FeatureID="-1">e-posta senkronizasyonu içeriği</text>
      <target FeatureID="-1" href="FSE_HLP_MFE_SETTINGS_WHAT_SYNC.html">Senk içeriğini seçme</target>
   </keywords>
   <keywords>
      <text FeatureID="-1">e-posta senkronizasyonu zamanı</text>
      <target FeatureID="-1" href="FSE_HLP_MFE_SETTINGS_WHEN_SYNC.html">Senk zamanını seçme</target>
   </keywords>
   <keywords>
      <text FeatureID="-1">e-posta klasörü senkronizasyonu</text>
      <target FeatureID="-1" href="FSE_HLP_MFE_SETTINGS_FOLDER.html">Senkronizasyon ayarları</target>
   </keywords>
   <keywords>
      <text FeatureID="-1">e-posta ayarları</text>
      <target FeatureID="-1" href="FSE_HLP_MFE_SETTINGS_MAIN_VIEW.html">E-posta ayarları</target>
   </keywords>
   <keywords>
      <text FeatureID="-1">yapılacak kaydı senkronizasyonu</text>
      <target FeatureID="-1" href="FSE_HLP_MFE_TASKS_APP.html">Yapılacak senkronizasyonu ayarları</target>
   </keywords>
</keywords>