<?xml version="1.0" encoding="UTF-8"?>
<keywords>
   <keywords>
      <text FeatureID="true_1091">USSD redaktors</text>
      <target FeatureID="true_1091" href="USSD_HLP_EDITOR.html">Pakalpojumu komandas</target>
   </keywords>
   <keywords>
      <text FeatureID="true_1091">pakalpojumu komandas</text>
      <target FeatureID="true_1091" href="USSD_HLP_EDITOR.html">Pakalpojumu komandas</target>
   </keywords>
   <keywords>
      <text FeatureID="true_1091">tīkla pakalpojumi</text>
      <target FeatureID="true_1091" href="USSD_HLP_EDITOR.html">Pakalpojumu komandas</target>
   </keywords>
</keywords>