<?xml version="1.0" encoding="UTF-8"?>
<keywords>
   <keywords>
      <text FeatureID="-1">módulo seguridade</text>
      <target FeatureID="-1" href="SECMOD_HLP_ACCESSCODE_VIEW.html">Código PIN do módulo de seguridade</target>
      <target FeatureID="-1" href="SECMOD_HLP_MAIN_VIEW.html">Módulo de seguridade</target>
      <target FeatureID="-1" href="SEMOD_HLP_SIGNINGCODE_VIEW.html">Edición do código de sinatura</target>
   </keywords>
   <keywords>
      <text FeatureID="-1">Código PIN</text>
      <target FeatureID="-1" href="SECMOD_HLP_ACCESSCODE_VIEW.html">Código PIN do módulo de seguridade</target>
   </keywords>
   <keywords>
      <text FeatureID="-1">códigos de módulo de seguridade</text>
      <target FeatureID="-1" href="SECMOD_HLP_CODE_VIEW.html">Códigos de módulo de seguridade</target>
   </keywords>
   <keywords>
      <text FeatureID="-1">Código PIN para módulo de seguridade</text>
      <target FeatureID="-1" href="SECMOD_HLP_CODE_VIEW.html">Códigos de módulo de seguridade</target>
   </keywords>
   <keywords>
      <text FeatureID="-1">almacenaxe de claves</text>
      <target FeatureID="-1" href="SECMOD_HLP_MAIN_VIEW.html">Módulo de seguridade</target>
   </keywords>
   <keywords>
      <text FeatureID="-1">código de sinatura</text>
      <target FeatureID="-1" href="SEMOD_HLP_SIGNINGCODE_VIEW.html">Edición do código de sinatura</target>
   </keywords>
   <keywords>
      <text FeatureID="-1">sinaturas dixitais</text>
      <target FeatureID="-1" href="SEMOD_HLP_SIGNINGCODE_VIEW.html">Edición do código de sinatura</target>
   </keywords>
</keywords>