<?xml version="1.0" encoding="UTF-8"?>
<keywords>
   <keywords>
      <text FeatureID="-1">wyszukiwanie użytkowników czatu</text>
      <target FeatureID="-1" href="IMNG_HLP_SEARCHCHAT.html">Wyszukiwanie użytkowników czatu</target>
   </keywords>
   <keywords>
      <text FeatureID="-1">czat</text>
      <target FeatureID="-1" href="IMNG_HLP_SEARCHCHAT.html">Wyszukiwanie użytkowników czatu</target>
      <target FeatureID="-1" href="IMNG_HLP_SAVED_VIEW.html">Wyświetlanie zapisanych rozmów</target>
      <target FeatureID="-1" href="IMNG_HLP_SAVED_LIST.html">Zapisane rozmowy</target>
      <target FeatureID="-1" href="IMNG_HLP_GROUP_EDIT.html">Prawa do edycji grupy</target>
      <target FeatureID="-1" href="IMNG_HLP_GROUP_BAN.html">Zakazywanie użytkownikom czatu dołączania do grup</target>
      <target FeatureID="-1" href="IMNG_HLP_CONT_OWN_DATA.html">Moje dane</target>
      <target FeatureID="-1" href="IMNG_HLP_COMMUNITY_VIEW_EMPTY.html">Rozpoczęcie korzystania z czatu</target>
      <target FeatureID="-1" href="IMNG_HLP_COMMUNITY_VIEW_EMPTY.html">Rozpoczęcie korzystania z czatu</target>
      <target FeatureID="-1" href="IMNG_HLP_COMMUNITY_VIEW.html">Czat</target>
      <target FeatureID="-1" href="IMNG_HLP_COMMUNITY_VIEW.html">Czat</target>
      <target FeatureID="-1" href="IMNG_HLP_CREATECHAT.html">Ustawienia grupy czatu</target>
      <target FeatureID="-1" href="IMNG_HLP_ACCLIST.html">Członkowie grup czatu</target>
      <target FeatureID="-1" href="IMNG_HLP_CONVERSATIONS.html">Rozmowy czatu</target>
      <target FeatureID="-1" href="IMNG_HLP_CONVERSATIONS.html">Rozmowy czatu</target>
      <target FeatureID="-1" href="IMNG_HLP_APPSETT.html">Ustawienia aplikacji Czat</target>
   </keywords>
   <keywords>
      <text FeatureID="-1">wyszukiwanie grup czatu</text>
      <target FeatureID="-1" href="IMNG_HLP_SEARCHCHAT.html">Wyszukiwanie użytkowników czatu</target>
   </keywords>
   <keywords>
      <text FeatureID="-1">zapisane rozmowy</text>
      <target FeatureID="-1" href="IMNG_HLP_SAVED_LIST.html">Zapisane rozmowy</target>
   </keywords>
   <keywords>
      <text FeatureID="-1">Czat</text>
      <target FeatureID="-1" href="IMNG_HLP_IMCHAT.html">Rozmowy grupowe</target>
      <target FeatureID="-1" href="IMNG_HLP_CONTACTDETAILS.html">Szczegóły kontaktu czatu</target>
   </keywords>
   <keywords>
      <text FeatureID="-1">dołączanie do grup czatu</text>
      <target FeatureID="-1" href="IMNG_HLP_IMCHAT.html">Rozmowy grupowe</target>
   </keywords>
   <keywords>
      <text FeatureID="-1">prawa do edycji</text>
      <target FeatureID="-1" href="IMNG_HLP_GROUP_EDIT.html">Prawa do edycji grupy</target>
   </keywords>
   <keywords>
      <text FeatureID="-1">lista nieproszonych</text>
      <target FeatureID="-1" href="IMNG_HLP_GROUP_BAN.html">Zakazywanie użytkownikom czatu dołączania do grup</target>
   </keywords>
   <keywords>
      <text FeatureID="-1">członkowie grup czatu</text>
      <target FeatureID="-1" href="IMNG_HLP_GROUP_BAN.html">Zakazywanie użytkownikom czatu dołączania do grup</target>
      <target FeatureID="-1" href="IMNG_HLP_ACCLIST.html">Członkowie grup czatu</target>
   </keywords>
   <keywords>
      <text FeatureID="-1">kontakty czatu</text>
      <target FeatureID="-1" href="IMNG_HLP_CONT_OWN_DATA.html">Moje dane</target>
      <target FeatureID="-1" href="IMNG_HLP_BLOCKED_VIEW.html">Zablokowane kontakty</target>
      <target FeatureID="-1" href="IMNG_HLP_CONTACTDETAILS.html">Szczegóły kontaktu czatu</target>
   </keywords>
   <keywords>
      <text FeatureID="-1">zablokowane kontakty czatu</text>
      <target FeatureID="-1" href="IMNG_HLP_BLOCKED_VIEW.html">Zablokowane kontakty</target>
   </keywords>
   <keywords>
      <text FeatureID="-1">ustawienia czatu</text>
      <target FeatureID="-1" href="IMNG_HLP_SETTINGS.html">Ustawienia czatu</target>
      <target FeatureID="-1" href="IMNG_HLP_APPSETT.html">Ustawienia aplikacji Czat</target>
   </keywords>
   <keywords>
      <text FeatureID="-1">serwery czatu</text>
      <target FeatureID="-1" href="IMNG_HLP_SERVLISTSETT_IM.html">Serwery czatu</target>
   </keywords>
   <keywords>
      <text FeatureID="-1">Ustawienia serwera czatu</text>
      <target FeatureID="-1" href="IMNG_HLP_DEFSERVER.html">Ustawienia serwera czatu</target>
   </keywords>
   <keywords>
      <text FeatureID="-1">ustawienia serwera</text>
      <target FeatureID="-1" href="IMNG_HLP_DEFSERVER.html">Ustawienia serwera czatu</target>
   </keywords>
   <keywords>
      <text FeatureID="-1">zaproszenia</text>
      <target FeatureID="-1" href="IMNG_HLP_INVITE.html">Zaproszenia do czatu</target>
   </keywords>
   <keywords>
      <text FeatureID="-1">Ustawienia grupy czatu</text>
      <target FeatureID="-1" href="IMNG_HLP_CREATECHAT.html">Ustawienia grupy czatu</target>
   </keywords>
   <keywords>
      <text FeatureID="-1">rozmowy</text>
      <target FeatureID="-1" href="IMNG_HLP_CONVERSATIONS.html">Rozmowy czatu</target>
   </keywords>
</keywords>