<?xml version="1.0" encoding="UTF-8"?>
<keywords>
   <keywords>
      <text FeatureID="-1">temas de son</text>
      <target FeatureID="-1" href="AUDIOTHEME_HLP_EVENTGROUPS.html">Cambiar temas de son</target>
      <target FeatureID="-1" href="SET_HLP_AUDIO_THEME_EVENTSLIST.html">Sons de eventos do dispositivo</target>
   </keywords>
   <keywords>
      <text FeatureID="-1">personalización do dispositivo</text>
      <target FeatureID="-1" href="AUDIOTHEME_HLP_EVENTGROUPS.html">Cambiar temas de son</target>
      <target FeatureID="-1" href="SET_HLP_AUDIO_THEME_EVENTSLIST.html">Sons de eventos do dispositivo</target>
   </keywords>
   <keywords>
      <text FeatureID="-1">sons do dispositivo</text>
      <target FeatureID="-1" href="AUDIOTHEME_HLP_EVENTGROUPS.html">Cambiar temas de son</target>
      <target FeatureID="-1" href="SET_HLP_AUDIO_THEME_EVENTSLIST.html">Sons de eventos do dispositivo</target>
   </keywords>
</keywords>