<?xml version="1.0" encoding="UTF-8"?>
<keywords>
   <keywords>
      <text FeatureID="-1">GPS-gegevens</text>
      <target FeatureID="-1" href="HLP_BLID_NAVIGATION.html">Navigatieweergave</target>
      <target FeatureID="false_112" href="BLID_HLP_WAYPOINTS.html">Opgeslagen locaties</target>
      <target FeatureID="-1" href="HLP_BLID_TRIPMETER.html">Weergave Reisafstand</target>
   </keywords>
   <keywords>
      <text FeatureID="-1">navigeren naar bestemming</text>
      <target FeatureID="-1" href="HLP_BLID_NAVIGATION.html">Navigatieweergave</target>
   </keywords>
   <keywords>
      <text FeatureID="false_112">locaties opslaan</text>
      <target FeatureID="false_112" href="BLID_HLP_WAYPOINTS.html">Opgeslagen locaties</target>
   </keywords>
   <keywords>
      <text FeatureID="-1">navigatie-instellingen</text>
      <target FeatureID="-1" href="BLID_HLP_SETTINGS.html">GPS-gegevensinstellingen</target>
   </keywords>
   <keywords>
      <text FeatureID="-1">GPS-gegevensinstellingen</text>
      <target FeatureID="-1" href="BLID_HLP_SETTINGS.html">GPS-gegevensinstellingen</target>
   </keywords>
   <keywords>
      <text FeatureID="-1">reisgegevens</text>
      <target FeatureID="-1" href="HLP_BLID_TRIPMETER.html">Weergave Reisafstand</target>
   </keywords>
   <keywords>
      <text FeatureID="-1">reisinformatie</text>
      <target FeatureID="-1" href="HLP_BLID_TRIPMETER.html">Weergave Reisafstand</target>
   </keywords>
</keywords>