<?xml version="1.0" encoding="UTF-8"?>
<keywords>
   <keywords>
      <text FeatureID="true_11008 false_11008">registrace přístroje</text>
      <target FeatureID="true_11008" href="DRM_HLP_REGISTRATION_METERING.html">Registrace přístroje</target>
      <target FeatureID="false_11008" href="DRM_HLP_REGISTRATION.html">Registrace přístroje</target>
   </keywords>
   <keywords>
      <text FeatureID="true_11008">získání tichých práv</text>
      <target FeatureID="true_11008" href="DRM_HLP_REGISTRATION_METERING.html">Registrace přístroje</target>
   </keywords>
   <keywords>
      <text FeatureID="true_11008">měření</text>
      <target FeatureID="true_11008" href="DRM_HLP_REGISTRATION_METERING.html">Registrace přístroje</target>
   </keywords>
</keywords>