<?xml version="1.0" encoding="UTF-8"?><?xml-stylesheet  href="../../theme/xsl/index2html.xslt" type="text/xsl"?>
<topics FeatureID="-1" title="Video a TV" compressed="true">
   <topicref FeatureID="-1" href="IPTV_HLP_MAIN_STATE.html" navtitle="Video a TV"/>
   <topicref FeatureID="-1" href="IPTV_HLP_VODCAST_MAIN.html" navtitle="Videovysílání"/>
   <topicref FeatureID="-1" href="IPTV_HLP_SERVICE_SELECTION_VOD.html" navtitle="Výběr služeb videa"/>
   <topicref FeatureID="-1" href="IPTV_HLP_VOD_CATEGORIES.html" navtitle="Kategorie videa"/>
   <topicref FeatureID="-1" href="IPTV_HLP_VOD.html" navtitle="Prohlížení a stahování videoklipů"/>
   <topicref FeatureID="-1" href="IPTV_HLP_SCHEDULE_DOWNLOAD.html" navtitle="Plánování stahování"/>
   <topicref FeatureID="-1" href="IPTV_HLP_STORAGE.html" navtitle="Má videa"/>
   <topicref FeatureID="-1" href="IPTV_HLP_SETTINGS.html" navtitle="Nastavení aplikace Video a TV"/>
   <topicref FeatureID="-1" href="IPTV_HLP_SERVICE_SEL_VODCAST.html" navtitle="Výběr zdrojů videa"/>
   <topicref FeatureID="-1" href="IPTV_HLP_ADD_SERVICE.html" navtitle="Přidávání zdrojů videa"/>
</topics>