<?xml version="1.0" encoding="UTF-8"?>
<keywords>
   <keywords>
      <text FeatureID="-1">video a TV</text>
      <target FeatureID="-1" href="IPTV_HLP_MAIN_STATE.html">Video a TV</target>
      <target FeatureID="-1" href="IPTV_HLP_VODCAST_MAIN.html">Videovysílání</target>
      <target FeatureID="-1" href="IPTV_HLP_SERVICE_SELECTION_VOD.html">Výběr služeb videa</target>
      <target FeatureID="-1" href="IPTV_HLP_VOD_CATEGORIES.html">Kategorie videa</target>
      <target FeatureID="-1" href="IPTV_HLP_VOD.html">Prohlížení a stahování videoklipů</target>
      <target FeatureID="-1" href="IPTV_HLP_SCHEDULE_DOWNLOAD.html">Plánování stahování</target>
      <target FeatureID="-1" href="IPTV_HLP_STORAGE.html">Má videa</target>
      <target FeatureID="-1" href="IPTV_HLP_SERVICE_SEL_VODCAST.html">Výběr zdrojů videa</target>
      <target FeatureID="-1" href="IPTV_HLP_ADD_SERVICE.html">Přidávání zdrojů videa</target>
   </keywords>
   <keywords>
      <text FeatureID="-1">zdroje videa</text>
      <target FeatureID="-1" href="IPTV_HLP_VODCAST_MAIN.html">Videovysílání</target>
      <target FeatureID="-1" href="IPTV_HLP_VOD_CATEGORIES.html">Kategorie videa</target>
      <target FeatureID="-1" href="IPTV_HLP_SERVICE_SEL_VODCAST.html">Výběr zdrojů videa</target>
      <target FeatureID="-1" href="IPTV_HLP_ADD_SERVICE.html">Přidávání zdrojů videa</target>
   </keywords>
   <keywords>
      <text FeatureID="-1">stahování, videoklipy</text>
      <target FeatureID="-1" href="IPTV_HLP_VOD.html">Prohlížení a stahování videoklipů</target>
      <target FeatureID="-1" href="IPTV_HLP_SCHEDULE_DOWNLOAD.html">Plánování stahování</target>
   </keywords>
   <keywords>
      <text FeatureID="-1">video a TV, nastavení</text>
      <target FeatureID="-1" href="IPTV_HLP_SETTINGS.html">Nastavení aplikace Video a TV</target>
   </keywords>
   <keywords>
      <text FeatureID="-1">nastavení, video</text>
      <target FeatureID="-1" href="IPTV_HLP_SETTINGS.html">Nastavení aplikace Video a TV</target>
   </keywords>
</keywords>