<?xml version="1.0" encoding="UTF-8"?>
<keywords>
   <keywords>
      <text FeatureID="-1">câmera</text>
      <target FeatureID="-1" href="LCAM_HLP_VIEWFINDER_PHOTO.html">Capturar imagens</target>
      <target FeatureID="-1" href="LCAM_HLP_LIGHT_SENSITIVITY.html">Alterar a sensibilidade à luz</target>
      <target FeatureID="-1" href="LCAM_HLP_SETTINGS_PHOUSER.html">Definir cenas</target>
      <target FeatureID="-1" href="LCAM_HLP_SCENES_PHOTO.html">Cenas de imagem</target>
      <target FeatureID="-1" href="LCAM_HLP_VIEWFINDER_VIDEO.html">Gravar videoclipes</target>
      <target FeatureID="-1" href="LCAM_HLP_SCENES_VIDEO.html">Cenas de vídeo</target>
      <target FeatureID="-1" href="LCAM_HLP_VIEWFINDER_VIDEO_EM.html">Vídeos em aplicativos</target>
      <target FeatureID="-1" href="LCAM_HLP_STANDBY_EM.html">Câmera inativa</target>
      <target FeatureID="-1" href="LCAM_HLP_POST_VIDEO.html">Reproduzir videoclipes</target>
      <target FeatureID="-1" href="LCAM_HLP_POST_PHOTO.html">Exibir imagens capturadas</target>
   </keywords>
   <keywords>
      <text FeatureID="-1">capturar imagens</text>
      <target FeatureID="-1" href="LCAM_HLP_VIEWFINDER_PHOTO.html">Capturar imagens</target>
   </keywords>
   <keywords>
      <text FeatureID="-1">sensibilidade à luz</text>
      <target FeatureID="-1" href="LCAM_HLP_LIGHT_SENSITIVITY.html">Alterar a sensibilidade à luz</target>
   </keywords>
   <keywords>
      <text FeatureID="-1">cenas</text>
      <target FeatureID="-1" href="LCAM_HLP_SETTINGS_PHOUSER.html">Definir cenas</target>
      <target FeatureID="-1" href="LCAM_HLP_SCENES_PHOTO.html">Cenas de imagem</target>
   </keywords>
   <keywords>
      <text FeatureID="-1">configurações de câmera</text>
      <target FeatureID="-1" href="LCAM_HLP_SETTINGS.html">Configurações de câmera</target>
   </keywords>
   <keywords>
      <text FeatureID="-1">câmera, configurações</text>
      <target FeatureID="-1" href="LCAM_HLP_SETTINGS_PHOTO.html">Configurações de imagem</target>
      <target FeatureID="-1" href="LCAM_HLP_SETTINGS_VIDEO.html">Configurações de vídeo</target>
   </keywords>
   <keywords>
      <text FeatureID="-1">gravação de vídeo</text>
      <target FeatureID="-1" href="LCAM_HLP_VIEWFINDER_VIDEO.html">Gravar videoclipes</target>
   </keywords>
   <keywords>
      <text FeatureID="-1">cenas de vídeo</text>
      <target FeatureID="-1" href="LCAM_HLP_SCENES_VIDEO.html">Cenas de vídeo</target>
   </keywords>
   <keywords>
      <text FeatureID="-1">vídeo, configurações</text>
      <target FeatureID="-1" href="LCAM_HLP_SETTINGS_VIDEO.html">Configurações de vídeo</target>
   </keywords>
   <keywords>
      <text FeatureID="-1">videoclipes em aplicativos</text>
      <target FeatureID="-1" href="LCAM_HLP_VIEWFINDER_VIDEO_EM.html">Vídeos em aplicativos</target>
   </keywords>
   <keywords>
      <text FeatureID="-1">reproduzir videoclipes</text>
      <target FeatureID="-1" href="LCAM_HLP_POST_VIDEO.html">Reproduzir videoclipes</target>
   </keywords>
   <keywords>
      <text FeatureID="-1">câmera em aplicativos</text>
      <target FeatureID="-1" href="LCAM_HLP_VIEWFINDER_PHOTO_EM.html">Imagens em aplicativos</target>
   </keywords>
   <keywords>
      <text FeatureID="-1">exibindo imagens</text>
      <target FeatureID="-1" href="LCAM_HLP_POST_PHOTO.html">Exibir imagens capturadas</target>
   </keywords>
</keywords>