<?xml version="1.0" encoding="UTF-8"?><?xml-stylesheet  href="../../theme/xsl/index2html.xslt" type="text/xsl"?>
<topics FeatureID="-1" title="Zprávy" compressed="true">
   <topicref FeatureID="-1" href="MCE_HLP_MESSAGING.html" navtitle="Středisko zpráv"/>
   <topicref FeatureID="-1" href="MCE_HLP_SIM.html" navtitle="Prohlížení zpráv SIM karty"/>
   <topicref FeatureID="-1" href="MCE_HLP_SETTINGS.html" navtitle="Nastavení zpráv"/>
   <topicref FeatureID="-1" href="MCE_HLP_SETTINGS_SMS.html" navtitle="Nastavení textových zpráv"/>
   <topicref FeatureID="-1" href="SMS_HLP_SETTINGS_SCENTRES.html" navtitle="Nastavení střediska zpráv"/>
   <topicref FeatureID="-1" href="SMS_HLP_SETTINGS_SCENTRES_EDIT.html" navtitle="Úpravy střediska zpráv SMS"/>
   <topicref FeatureID="true_1092" href="SMS_HLP_SETTINGS_SMS_EMAIL.html" navtitle="Nastavení e-mailových zpráv SMS"/>
   <topicref FeatureID="-1" href="MCE_HLP_SETTINGS_MMS.html" navtitle="Nastavení multimediálních zpráv"/>
   <topicref FeatureID="true_1090" href="MCE_HLP_SETTINGS_CB.html" navtitle="Nastavení informační služby"/>
   <topicref FeatureID="-1" href="MCE_HLP_SETTINGS_GEN.html" navtitle="Jiná nastavení"/>
   <topicref FeatureID="-1" href="MCE_HLP_INBOX.html" navtitle="Přijaté"/>
   <topicref FeatureID="-1" href="MCE_HLP_DOCUMENTS.html" navtitle="Mé složky"/>
   <topicref FeatureID="-1" href="MCE_HLP_TEMPLATES.html" navtitle="Šablony zpráv"/>
   <topicref FeatureID="-1" href="MCE_HLP_FOLDER.html" navtitle="Uspořádání zpráv"/>
   <topicref FeatureID="-1" href="MCE_HLP_DRAFTS.html" navtitle="Koncepty"/>
   <topicref FeatureID="-1" href="MCE_HLP_SENT_ITEMS.html" navtitle="Odeslané zprávy"/>
   <topicref FeatureID="-1" href="MCE_HLP_OUTBOX.html" navtitle="K odeslání"/>
   <topicref FeatureID="-1" href="MCE_HLP_DELIVERY_REPORTS.html" navtitle="Potvrzení doručení"/>
   <topicref FeatureID="true_1132" href="MCE_HLP_MMS_NOTIFICATIONS.html" navtitle="Oznámení multimédií"/>
   <topicref FeatureID="-1" href="FIND_HLP.html" navtitle="Vyhledávání čísel a adres"/>
</topics>