<?xml version="1.0" encoding="UTF-8"?>
<keywords>
   <keywords>
      <text FeatureID="-1">odesílání zpráv</text>
      <target FeatureID="-1" href="MCE_HLP_MESSAGING.html">Středisko zpráv</target>
      <target FeatureID="-1" href="MCE_HLP_OUTBOX.html">K odeslání</target>
   </keywords>
   <keywords>
      <text FeatureID="-1">příjem zpráv</text>
      <target FeatureID="-1" href="MCE_HLP_MESSAGING.html">Středisko zpráv</target>
      <target FeatureID="-1" href="MCE_HLP_INBOX.html">Přijaté</target>
   </keywords>
   <keywords>
      <text FeatureID="-1">SIM, zprávy</text>
      <target FeatureID="-1" href="MCE_HLP_SIM.html">Prohlížení zpráv SIM karty</target>
   </keywords>
   <keywords>
      <text FeatureID="-1">zprávy na SIM kartě</text>
      <target FeatureID="-1" href="MCE_HLP_SIM.html">Prohlížení zpráv SIM karty</target>
   </keywords>
   <keywords>
      <text FeatureID="-1">nastavení zpráv</text>
      <target FeatureID="-1" href="MCE_HLP_SETTINGS.html">Nastavení zpráv</target>
      <target FeatureID="-1" href="MCE_HLP_SETTINGS_GEN.html">Jiná nastavení</target>
   </keywords>
   <keywords>
      <text FeatureID="-1">SMS, nastavení</text>
      <target FeatureID="-1" href="MCE_HLP_SETTINGS_SMS.html">Nastavení textových zpráv</target>
   </keywords>
   <keywords>
      <text FeatureID="-1">textové zprávy, nastavení</text>
      <target FeatureID="-1" href="MCE_HLP_SETTINGS_SMS.html">Nastavení textových zpráv</target>
      <target FeatureID="-1" href="SMS_HLP_SETTINGS_SCENTRES.html">Nastavení střediska zpráv</target>
      <target FeatureID="-1" href="SMS_HLP_SETTINGS_SCENTRES_EDIT.html">Úpravy střediska zpráv SMS</target>
   </keywords>
   <keywords>
      <text FeatureID="-1">středisko zpráv, nastavení</text>
      <target FeatureID="-1" href="SMS_HLP_SETTINGS_SCENTRES.html">Nastavení střediska zpráv</target>
      <target FeatureID="-1" href="SMS_HLP_SETTINGS_SCENTRES_EDIT.html">Úpravy střediska zpráv SMS</target>
   </keywords>
   <keywords>
      <text FeatureID="-1">nastavení, středisko SMS</text>
      <target FeatureID="-1" href="SMS_HLP_SETTINGS_SCENTRES.html">Nastavení střediska zpráv</target>
   </keywords>
   <keywords>
      <text FeatureID="true_1092">e-mailové zprávy SMS</text>
      <target FeatureID="true_1092" href="SMS_HLP_SETTINGS_SMS_EMAIL.html">Nastavení e-mailových zpráv SMS</target>
   </keywords>
   <keywords>
      <text FeatureID="true_1092">SMS e-mail, nastavení</text>
      <target FeatureID="true_1092" href="SMS_HLP_SETTINGS_SMS_EMAIL.html">Nastavení e-mailových zpráv SMS</target>
   </keywords>
   <keywords>
      <text FeatureID="-1">MMS, nastavení</text>
      <target FeatureID="-1" href="MCE_HLP_SETTINGS_MMS.html">Nastavení multimediálních zpráv</target>
   </keywords>
   <keywords>
      <text FeatureID="true_1090">nastavení informační služby</text>
      <target FeatureID="true_1090" href="MCE_HLP_SETTINGS_CB.html">Nastavení informační služby</target>
   </keywords>
   <keywords>
      <text FeatureID="-1">přijaté</text>
      <target FeatureID="-1" href="MCE_HLP_INBOX.html">Přijaté</target>
   </keywords>
   <keywords>
      <text FeatureID="-1">mé složky</text>
      <target FeatureID="-1" href="MCE_HLP_DOCUMENTS.html">Mé složky</target>
   </keywords>
   <keywords>
      <text FeatureID="-1">ukládání zpráv</text>
      <target FeatureID="-1" href="MCE_HLP_DOCUMENTS.html">Mé složky</target>
   </keywords>
   <keywords>
      <text FeatureID="-1">odesílání šablon</text>
      <target FeatureID="-1" href="MCE_HLP_TEMPLATES.html">Šablony zpráv</target>
   </keywords>
   <keywords>
      <text FeatureID="-1">zprávy, šablony</text>
      <target FeatureID="-1" href="MCE_HLP_TEMPLATES.html">Šablony zpráv</target>
   </keywords>
   <keywords>
      <text FeatureID="-1">uspořádání zpráv</text>
      <target FeatureID="-1" href="MCE_HLP_FOLDER.html">Uspořádání zpráv</target>
   </keywords>
   <keywords>
      <text FeatureID="-1">ukládání konceptů zpráv</text>
      <target FeatureID="-1" href="MCE_HLP_DRAFTS.html">Koncepty</target>
   </keywords>
   <keywords>
      <text FeatureID="-1">koncepty zpráv</text>
      <target FeatureID="-1" href="MCE_HLP_DRAFTS.html">Koncepty</target>
   </keywords>
   <keywords>
      <text FeatureID="-1">odeslané zprávy</text>
      <target FeatureID="-1" href="MCE_HLP_SENT_ITEMS.html">Odeslané zprávy</target>
   </keywords>
   <keywords>
      <text FeatureID="-1">Prohlížení složky K odeslání</text>
      <target FeatureID="-1" href="MCE_HLP_OUTBOX.html">K odeslání</target>
   </keywords>
   <keywords>
      <text FeatureID="-1">doručování, potvrzení</text>
      <target FeatureID="-1" href="MCE_HLP_DELIVERY_REPORTS.html">Potvrzení doručení</target>
   </keywords>
   <keywords>
      <text FeatureID="true_1132">Oznámení MMS</text>
      <target FeatureID="true_1132" href="MCE_HLP_MMS_NOTIFICATIONS.html">Oznámení multimédií</target>
   </keywords>
</keywords>