<?xml version="1.0" encoding="UTF-8"?>
<keywords>
   <keywords>
      <text FeatureID="-1">sertifikater</text>
      <target FeatureID="-1" href="AM_HLP_GENERAL_SETTINGS.html">Sertifikatinnstillinger</target>
   </keywords>
   <keywords>
      <text FeatureID="-1">innstillinger, sertifikater</text>
      <target FeatureID="-1" href="AM_HLP_GENERAL_SETTINGS.html">Sertifikatinnstillinger</target>
   </keywords>
   <keywords>
      <text FeatureID="-1">installere programmer</text>
      <target FeatureID="-1" href="AM_HLP_NOT_INSTALLED.html">Installasjonsfiler</target>
      <target FeatureID="-1" href="AM_HLP_APPLICATION.html">Behandle programmer</target>
   </keywords>
   <keywords>
      <text FeatureID="-1">programmer, ikke inst.</text>
      <target FeatureID="-1" href="AM_HLP_NOT_INSTALLED.html">Installasjonsfiler</target>
   </keywords>
   <keywords>
      <text FeatureID="-1">installerte programmer</text>
      <target FeatureID="-1" href="AM_HLP_INSTALLED.html">Installerte programmer</target>
   </keywords>
   <keywords>
      <text FeatureID="-1">installere programvare</text>
      <target FeatureID="-1" href="AM_HLP_APPLICATION.html">Behandle programmer</target>
   </keywords>
   <keywords>
      <text FeatureID="-1">foresp. om tillatelser</text>
      <target FeatureID="-1" href="AM_HLP_INSTALL_CAPAB.html">Foresp. om tillatelser</target>
   </keywords>
   <keywords>
      <text FeatureID="-1">upålitelig installasjon</text>
      <target FeatureID="-1" href="AM_HLP_INSTALL_UNTRUSTED.html">Upålitelig installasjon</target>
   </keywords>
</keywords>