<?xml version="1.0" encoding="UTF-8"?><?xml-stylesheet  href="../../theme/xsl/index2html.xslt" type="text/xsl"?>
<topics FeatureID="-1" title="Fotografije" compressed="true">
   <topicref FeatureID="-1" href="LGAL_HLP_ALBUM_LIST.html" navtitle="Albumi"/>
   <topicref FeatureID="-1" href="LGAL_HLP_ALL_GRID.html" navtitle="Brskanje po vseh predstavnostnih datotekah"/>
   <topicref FeatureID="-1" href="LGAL_HLP_ALBUM_GRID.html" navtitle="Brskanje po predstavnostnih datotekah v albumih"/>
   <topicref FeatureID="-1" href="LGAL_HLP_TAGS_GRID.html" navtitle="Brskanje po označenih predstavnostnih datotekah"/>
   <topicref FeatureID="-1" href="LGAL_HLP_DETAILS_VIEW.html" navtitle="Pregledovanje in urejanje podrobnosti datotek"/>
   <topicref FeatureID="-1" href="LGAL_HLP_TAGS_BROWSER.html" navtitle="Oznake"/>
   <topicref FeatureID="-1" href="LGAL_HLP_MONTH_FULLSCREEN.html" navtitle="Pregledovanje predstavnostnih datotek po mesecih"/>
   <topicref FeatureID="-1" href="LGAL_HLP_MONTH_GRID.html" navtitle="Brskanje po predstavnostnih datotekah po mesecih"/>
   <topicref FeatureID="-1" href="LGAL_HLP_VIEW_LIST.html" navtitle="Fotografije"/>
   <topicref FeatureID="-1" href="LGAL_HLP_MONTH_LIST.html" navtitle="Meseci"/>
   <topicref FeatureID="-1" href="LGAL_HLP_SLIDESHOW_SETTINGS.html" navtitle="Nastavitve predvajanja"/>
   <topicref FeatureID="-1" href="LGAL_HLP_ALL_FULLSCREEN.html" navtitle="Pregled vseh predstavnostnih datotek"/>
   <topicref FeatureID="-1" href="LGAL_HLP_ALBUM_FULLSCREEN.html" navtitle="Pregledovanje predstavnostnih datotek v albumih"/>
   <topicref FeatureID="-1" href="LGAL_HLP_TAGS_FULLSCREEN.html" navtitle="Pregledovanje označenih predstavnostnih datotek"/>
</topics>