<?xml version="1.0" encoding="UTF-8"?>
<keywords>
   <keywords>
      <text FeatureID="-1">Fotografije</text>
      <target FeatureID="-1" href="LGAL_HLP_ALBUM_LIST.html">Albumi</target>
      <target FeatureID="-1" href="LGAL_HLP_DETAILS_VIEW.html">Pregledovanje in urejanje podrobnosti datotek</target>
      <target FeatureID="-1" href="LGAL_HLP_TAGS_BROWSER.html">Oznake</target>
      <target FeatureID="-1" href="LGAL_HLP_MONTH_FULLSCREEN.html">Pregledovanje predstavnostnih datotek po mesecih</target>
      <target FeatureID="-1" href="LGAL_HLP_MONTH_GRID.html">Brskanje po predstavnostnih datotekah po mesecih</target>
      <target FeatureID="-1" href="LGAL_HLP_VIEW_LIST.html">Fotografije</target>
      <target FeatureID="-1" href="LGAL_HLP_MONTH_LIST.html">Meseci</target>
      <target FeatureID="-1" href="LGAL_HLP_SLIDESHOW_SETTINGS.html">Nastavitve predvajanja</target>
      <target FeatureID="-1" href="LGAL_HLP_ALL_FULLSCREEN.html">Pregled vseh predstavnostnih datotek</target>
      <target FeatureID="-1" href="LGAL_HLP_ALBUM_FULLSCREEN.html">Pregledovanje predstavnostnih datotek v albumih</target>
      <target FeatureID="-1" href="LGAL_HLP_TAGS_FULLSCREEN.html">Pregledovanje označenih predstavnostnih datotek</target>
   </keywords>
   <keywords>
      <text FeatureID="-1">albumi</text>
      <target FeatureID="-1" href="LGAL_HLP_ALBUM_LIST.html">Albumi</target>
      <target FeatureID="-1" href="LGAL_HLP_ALBUM_GRID.html">Brskanje po predstavnostnih datotekah v albumih</target>
      <target FeatureID="-1" href="LGAL_HLP_VIEW_LIST.html">Fotografije</target>
      <target FeatureID="-1" href="LGAL_HLP_ALBUM_FULLSCREEN.html">Pregledovanje predstavnostnih datotek v albumih</target>
   </keywords>
   <keywords>
      <text FeatureID="-1">fotografije</text>
      <target FeatureID="-1" href="LGAL_HLP_ALL_GRID.html">Brskanje po vseh predstavnostnih datotekah</target>
      <target FeatureID="-1" href="LGAL_HLP_ALBUM_GRID.html">Brskanje po predstavnostnih datotekah v albumih</target>
      <target FeatureID="-1" href="LGAL_HLP_TAGS_GRID.html">Brskanje po označenih predstavnostnih datotekah</target>
   </keywords>
   <keywords>
      <text FeatureID="-1">oznake</text>
      <target FeatureID="-1" href="LGAL_HLP_TAGS_GRID.html">Brskanje po označenih predstavnostnih datotekah</target>
      <target FeatureID="-1" href="LGAL_HLP_TAGS_BROWSER.html">Oznake</target>
      <target FeatureID="-1" href="LGAL_HLP_VIEW_LIST.html">Fotografije</target>
      <target FeatureID="-1" href="LGAL_HLP_TAGS_FULLSCREEN.html">Pregledovanje označenih predstavnostnih datotek</target>
   </keywords>
   <keywords>
      <text FeatureID="-1">diaprojekcija</text>
      <target FeatureID="-1" href="LGAL_HLP_SLIDESHOW_SETTINGS.html">Nastavitve predvajanja</target>
   </keywords>
</keywords>