<?xml version="1.0" encoding="UTF-8"?>
<keywords>
   <keywords>
      <text FeatureID="-1">جستجو</text>
      <target FeatureID="-1" href="SEARCH_HLP_INDEVICE_MAIN.html">جستجو</target>
   </keywords>
   <keywords>
      <text FeatureID="-1">نتایج جستجو</text>
      <target FeatureID="-1" href="SEARCH_HLP_SINGLE_RE.html">نتایج جستجو</target>
      <target FeatureID="-1" href="SEARCH_HLP_GROUPED.html">نتایج جستجو به صورت مقوله ای</target>
   </keywords>
</keywords>