<?xml version="1.0" encoding="UTF-8"?>
<keywords>
   <keywords>
      <text FeatureID="-1">odesílání zpráv</text>
      <target FeatureID="-1" href="UNIFIED_HLP_EDITOR.html">Vytváření zpráv</target>
   </keywords>
   <keywords>
      <text FeatureID="-1">editor zpráv</text>
      <target FeatureID="-1" href="UNIFIED_HLP_EDITOR.html">Vytváření zpráv</target>
   </keywords>
   <keywords>
      <text FeatureID="-1">zprávy</text>
      <target FeatureID="-1" href="UNIFIED_HLP_SENDING_OPTIONS.html">Volby odesílání</target>
   </keywords>
   <keywords>
      <text FeatureID="-1">odesílání, volby</text>
      <target FeatureID="-1" href="UNIFIED_HLP_SENDING_OPTIONS.html">Volby odesílání</target>
   </keywords>
   <keywords>
      <text FeatureID="-1">objekty médií</text>
      <target FeatureID="-1" href="UNIFIED_HLP_ED_OBJECTS.html">Přijaté mediální objekty</target>
   </keywords>
   <keywords>
      <text FeatureID="-1">multimediální objekty</text>
      <target FeatureID="-1" href="UNIFIED_HLP_ED_OBJECTS.html">Přijaté mediální objekty</target>
   </keywords>
</keywords>