<?xml version="1.0" encoding="UTF-8"?>
<keywords>
   <keywords>
      <text FeatureID="-1">Mail for Exchange</text>
      <target FeatureID="-1" href="FSE_HLP_MFE_LAUNCHER_MAIN_VIEW.html">Mail for Exchange ای میل</target>
   </keywords>
   <keywords>
      <text FeatureID="-1">برتر میل باکس کی ترتیبات</text>
      <target FeatureID="-1" href="FSE_HLP_MFE_SETTINGS_ADVANCED.html">میل باکس کے لئے برتر ترتیبات</target>
   </keywords>
   <keywords>
      <text FeatureID="-1">اي ميل سنکرونائزيشن کي ترتيبات</text>
      <target FeatureID="-1" href="FSE_HLP_MFE_SETTINGS_PIM_APPS.html">اضافی پروگرام کے ہم آہنگی کی ترتیبات</target>
   </keywords>
   <keywords>
      <text FeatureID="-1">کیلنڈر سنکرونائزیشن</text>
      <target FeatureID="-1" href="FSE_HLP_MFE_CALENDAR_APP.html">کیلنڈر کے ہم آہنگی کی ترتیبات</target>
   </keywords>
   <keywords>
      <text FeatureID="-1">روابط کی سنکرونائزيشن,</text>
      <target FeatureID="-1" href="FSE_HLP_MFE_CONTACTS_APP.html">روابط کے ہم آہنگی کی ترتیبات</target>
   </keywords>
   <keywords>
      <text FeatureID="-1">میل باکس کی ترتیبات</text>
      <target FeatureID="-1" href="FSE_HLP_MFE_SETTINGS_MAILBOX.html">میل باکس کی عام ترتیبات</target>
   </keywords>
   <keywords>
      <text FeatureID="-1">ای میل سنکرونائزیشن کے اجزا</text>
      <target FeatureID="-1" href="FSE_HLP_MFE_SETTINGS_WHAT_SYNC.html">سنک کے اجزا منتخب کریں</target>
   </keywords>
   <keywords>
      <text FeatureID="-1">ای میل سنکرونائزیشن کا وقت</text>
      <target FeatureID="-1" href="FSE_HLP_MFE_SETTINGS_WHEN_SYNC.html">سنک کا وقت منتخب کریں</target>
   </keywords>
   <keywords>
      <text FeatureID="-1">ای میل فولڈر کی سنکرونائزیشن</text>
      <target FeatureID="-1" href="FSE_HLP_MFE_SETTINGS_FOLDER.html">سنکرونائزیشن کی ترتیبات</target>
   </keywords>
   <keywords>
      <text FeatureID="-1">اي ميل کي ترتيبات</text>
      <target FeatureID="-1" href="FSE_HLP_MFE_SETTINGS_MAIN_VIEW.html">ای میل کی ترتیبات</target>
   </keywords>
   <keywords>
      <text FeatureID="-1">اہم کاموں کا اندراج سنکرونائز کریں</text>
      <target FeatureID="-1" href="FSE_HLP_MFE_TASKS_APP.html">اہم کام کی سنکرونائزیشن کی ترتیبات</target>
   </keywords>
</keywords>