<?xml version="1.0" encoding="UTF-8"?>
<keywords>
   <keywords>
      <text FeatureID="-1">годинник, сигнали</text>
      <target FeatureID="-1" href="CLK_HLP_ALARM_EDITOR.html">Редактор будильника</target>
      <target FeatureID="-1" href="CLK_HLP_REAL_TIME_CLOCK_IN.html">Головне вікно програми «Годинник»</target>
   </keywords>
   <keywords>
      <text FeatureID="-1">будильник</text>
      <target FeatureID="-1" href="CLK_HLP_ALARM_EDITOR.html">Редактор будильника</target>
      <target FeatureID="-1" href="CLK_HLP_REAL_TIME_CLOCK_IN.html">Головне вікно програми «Годинник»</target>
   </keywords>
   <keywords>
      <text FeatureID="-1">годинник</text>
      <target FeatureID="-1" href="CLK_HLP_CNTDWN.html">Таймер зворотного відліку</target>
      <target FeatureID="-1" href="CLK_HLP_WRLD_CLK.html">Світовий годинник</target>
   </keywords>
   <keywords>
      <text FeatureID="-1">таймери</text>
      <target FeatureID="-1" href="CLK_HLP_CNTDWN.html">Таймер зворотного відліку</target>
   </keywords>
   <keywords>
      <text FeatureID="-1">установки дати та часу</text>
      <target FeatureID="-1" href="CLK_HLP_SETTINGS.html">Установки дати та часу</target>
   </keywords>
   <keywords>
      <text FeatureID="-1">установки годинника</text>
      <target FeatureID="-1" href="CLK_HLP_SETTINGS.html">Установки дати та часу</target>
   </keywords>
   <keywords>
      <text FeatureID="-1">годинник, часові пояси</text>
      <target FeatureID="-1" href="CLK_HLP_REAL_TIME_CLOCK_AN.html">Місцевий час</target>
   </keywords>
   <keywords>
      <text FeatureID="-1">місцевий час і пояс</text>
      <target FeatureID="-1" href="CLK_HLP_REAL_TIME_CLOCK_AN.html">Місцевий час</target>
   </keywords>
   <keywords>
      <text FeatureID="-1">секундомір</text>
      <target FeatureID="-1" href="CCLK_HLP_STPWTCH.html">Секундомір</target>
   </keywords>
   <keywords>
      <text FeatureID="-1">час у містах</text>
      <target FeatureID="-1" href="CLK_HLP_WRLD_CLK.html">Світовий годинник</target>
   </keywords>
   <keywords>
      <text FeatureID="-1">світовий годинник</text>
      <target FeatureID="-1" href="CLK_HLP_WRLD_CLK.html">Світовий годинник</target>
   </keywords>
</keywords>