<?xml version="1.0" encoding="UTF-8"?>
<keywords>
   <keywords>
      <text FeatureID="-1">נתוני GPS</text>
      <target FeatureID="-1" href="HLP_BLID_NAVIGATION.html">תצוגת ניווט</target>
      <target FeatureID="false_112" href="BLID_HLP_WAYPOINTS.html">מיקומים שמורים</target>
      <target FeatureID="-1" href="HLP_BLID_TRIPMETER.html">תצוגת מרחק הנסיעה</target>
   </keywords>
   <keywords>
      <text FeatureID="-1">ניווט אל יעד</text>
      <target FeatureID="-1" href="HLP_BLID_NAVIGATION.html">תצוגת ניווט</target>
   </keywords>
   <keywords>
      <text FeatureID="false_112">שמירת מיקומים</text>
      <target FeatureID="false_112" href="BLID_HLP_WAYPOINTS.html">מיקומים שמורים</target>
   </keywords>
   <keywords>
      <text FeatureID="-1">הגדרות ניווט</text>
      <target FeatureID="-1" href="BLID_HLP_SETTINGS.html">הגדרות נתוני GPS</target>
   </keywords>
   <keywords>
      <text FeatureID="-1">הגדרות נתוני GPS</text>
      <target FeatureID="-1" href="BLID_HLP_SETTINGS.html">הגדרות נתוני GPS</target>
   </keywords>
   <keywords>
      <text FeatureID="-1">פרטי מסע</text>
      <target FeatureID="-1" href="HLP_BLID_TRIPMETER.html">תצוגת מרחק הנסיעה</target>
   </keywords>
   <keywords>
      <text FeatureID="-1">מידע נסיעה</text>
      <target FeatureID="-1" href="HLP_BLID_TRIPMETER.html">תצוגת מרחק הנסיעה</target>
   </keywords>
</keywords>