<?xml version="1.0" encoding="UTF-8"?>
<keywords>
   <keywords>
      <text FeatureID="-1">часы, сигналы</text>
      <target FeatureID="-1" href="CLK_HLP_ALARM_EDITOR.html">Изменение будильника</target>
      <target FeatureID="-1" href="CLK_HLP_REAL_TIME_CLOCK_IN.html">Главный экран часов</target>
   </keywords>
   <keywords>
      <text FeatureID="-1">будильник</text>
      <target FeatureID="-1" href="CLK_HLP_ALARM_EDITOR.html">Изменение будильника</target>
      <target FeatureID="-1" href="CLK_HLP_REAL_TIME_CLOCK_IN.html">Главный экран часов</target>
   </keywords>
   <keywords>
      <text FeatureID="-1">часы</text>
      <target FeatureID="-1" href="CLK_HLP_CNTDWN.html">Таймер обратного отсчета</target>
      <target FeatureID="-1" href="CLK_HLP_WRLD_CLK.html">Мировые часы</target>
   </keywords>
   <keywords>
      <text FeatureID="-1">таймеры</text>
      <target FeatureID="-1" href="CLK_HLP_CNTDWN.html">Таймер обратного отсчета</target>
   </keywords>
   <keywords>
      <text FeatureID="-1">установка даты и времени</text>
      <target FeatureID="-1" href="CLK_HLP_SETTINGS.html">Установка даты и времени</target>
   </keywords>
   <keywords>
      <text FeatureID="-1">часы, установка</text>
      <target FeatureID="-1" href="CLK_HLP_SETTINGS.html">Установка даты и времени</target>
   </keywords>
   <keywords>
      <text FeatureID="-1">часы, часовые пояса</text>
      <target FeatureID="-1" href="CLK_HLP_REAL_TIME_CLOCK_AN.html">Местное время</target>
   </keywords>
   <keywords>
      <text FeatureID="-1">местное время и часовой пояс</text>
      <target FeatureID="-1" href="CLK_HLP_REAL_TIME_CLOCK_AN.html">Местное время</target>
   </keywords>
   <keywords>
      <text FeatureID="-1">секундомер</text>
      <target FeatureID="-1" href="CCLK_HLP_STPWTCH.html">Секундомер</target>
   </keywords>
   <keywords>
      <text FeatureID="-1">местное время</text>
      <target FeatureID="-1" href="CLK_HLP_WRLD_CLK.html">Мировые часы</target>
   </keywords>
   <keywords>
      <text FeatureID="-1">мировые часы</text>
      <target FeatureID="-1" href="CLK_HLP_WRLD_CLK.html">Мировые часы</target>
   </keywords>
</keywords>