<?xml version="1.0" encoding="UTF-8"?>
<keywords>
   <keywords>
      <text FeatureID="-1">открытка</text>
      <target FeatureID="-1" href="MMS_POSTCARD_HLP_ADDRESS_EDIT.html">Изменение адресов</target>
      <target FeatureID="-1" href="POSTCARD_HLP_ADDRESS_VIEW.html">Просмотр адресов</target>
   </keywords>
   <keywords>
      <text FeatureID="-1">передача открыток</text>
      <target FeatureID="-1" href="MMS_POSTCARD_HLP_ADDRESS_EDIT.html">Изменение адресов</target>
      <target FeatureID="-1" href="POSTCARD_HLP_GREETING_EDIT.html">Создание приветствий</target>
      <target FeatureID="-1" href="MMS_POSTCARD_HLP_MAIN_EDIT.html">Создание открыток</target>
   </keywords>
   <keywords>
      <text FeatureID="-1">открытки</text>
      <target FeatureID="-1" href="MMS_POSTCARD_HLP_MAIN_VIEW.html">Просмотр открыток</target>
   </keywords>
   <keywords>
      <text FeatureID="-1">postcard</text>
      <target FeatureID="-1" href="POSTCARD_HLP_GREETING_EDIT.html">Создание приветствий</target>
      <target FeatureID="-1" href="POSTCARD_HLP_GREETING_VIEW.html">Просмотр приветствий</target>
      <target FeatureID="-1" href="MMS_POSTCARD_HLP_MAIN_EDIT.html">Создание открыток</target>
   </keywords>
</keywords>