<?xml version="1.0" encoding="UTF-8"?>
<keywords>
   <keywords>
      <text FeatureID="true_1116">发送日历项</text>
      <target FeatureID="true_1116" href="SMART_HLP_CALENDAREDITOR.html">发送日历项</target>
   </keywords>
   <keywords>
      <text FeatureID="true_1114">接收日历项</text>
      <target FeatureID="true_1114" href="SMART_HLP_CALENDARVIEWER.html">收到的日历项</target>
   </keywords>
   <keywords>
      <text FeatureID="true_1114">日历项</text>
      <target FeatureID="true_1114" href="SMART_HLP_CALPULLMESVIEWER.html">日历项下载</target>
   </keywords>
   <keywords>
      <text FeatureID="true_1117 true_1115">电子名片</text>
      <target FeatureID="true_1117" href="SMART_HLP_BUSINESSEDITOR.html">发送电子名片</target>
      <target FeatureID="true_1115" href="SMART_HLP_BUSINESSVIEWER.html">收到的电子名片</target>
      <target FeatureID="true_1115" href="SMART_HLP_BUSPULLMESVIEWER.html">名片下载</target>
   </keywords>
   <keywords>
      <text FeatureID="true_1111">铃声</text>
      <target FeatureID="true_1111" href="SMART_HLP_RINGVIEWER.html">收到的铃声</target>
   </keywords>
   <keywords>
      <text FeatureID="true_1110">网络标志</text>
      <target FeatureID="true_1110" href="SMART_HLP_OPLOGOVIEWER.html">收到的网络标志</target>
   </keywords>
   <keywords>
      <text FeatureID="true_1106">书签</text>
      <target FeatureID="true_1106" href="SMART_HLP_ONEBOOKVIEWER.html">收到的书签</target>
   </keywords>
   <keywords>
      <text FeatureID="true_1112">接收图片</text>
      <target FeatureID="true_1112" href="SMART_HLP_GMSVIEWER.html">查看图片信息</target>
   </keywords>
   <keywords>
      <text FeatureID="true_1112">图片信息</text>
      <target FeatureID="true_1112" href="SMART_HLP_GMSVIEWER.html">查看图片信息</target>
   </keywords>
   <keywords>
      <text FeatureID="true_1537">远程驱动器配置</text>
      <target FeatureID="true_1537" href="SMART_HLP_REMOTEDRIVES_VIEWER.html">接收远程驱动器配置</target>
      <target FeatureID="true_1537" href="SMART_HLP_REMOTEDRIVES_EDITOR.html">发送远程驱动器配置</target>
   </keywords>
</keywords>