<?xml version="1.0" encoding="UTF-8"?>
<keywords>
   <keywords>
      <text FeatureID="-1">bendrintinas turinys</text>
      <target FeatureID="-1" href="UPNP_HLP_SHARE_CONTENT.html">Bendrintino turinio pasirinkimas</target>
   </keywords>
   <keywords>
      <text FeatureID="-1">savojo tinklo daugialypė terpė</text>
      <target FeatureID="-1" href="UPNP_HLP_SHARE_CONTENT.html">Bendrintino turinio pasirinkimas</target>
      <target FeatureID="-1" href="UPNP_HLP_SHARING_PROP.html">Bendrinimo parametrai</target>
      <target FeatureID="-1" href="UPNP_HLP_MAIN_VIEW.html">Savojo tinklo daugialypės terpės failai</target>
      <target FeatureID="-1" href="UPNP_HLP_MAIN_EXTERNAL.html">Savojo tinklo daugialypės terpės prietaisai</target>
      <target FeatureID="-1" href="UPNP_HLP_CONTENT_VIEW.html">Savojo tinklo failai</target>
      <target FeatureID="-1" href="UPNP_HLP_REMOTE_DEVICES.html">Savojo tinklo daugialypės terpės aplankai</target>
      <target FeatureID="-1" href="UPNP_HLP_SEARCH.html">Paieškos rezultatai</target>
   </keywords>
   <keywords>
      <text FeatureID="-1">atvaizdų ir vaizdo įrašų bendrinimas</text>
      <target FeatureID="-1" href="UPNP_HLP_SHARE_CONTENT.html">Bendrintino turinio pasirinkimas</target>
   </keywords>
   <keywords>
      <text FeatureID="-1">daugialypės terpės failų bendrinimas</text>
      <target FeatureID="-1" href="UPNP_HLP_SHARING_PROP.html">Bendrinimo parametrai</target>
      <target FeatureID="-1" href="UPNP_HLP_MAIN_VIEW.html">Savojo tinklo daugialypės terpės failai</target>
      <target FeatureID="-1" href="UPNP_HLP_MAIN_EXTERNAL.html">Savojo tinklo daugialypės terpės prietaisai</target>
      <target FeatureID="-1" href="UPNP_HLP_CONTENT_VIEW.html">Savojo tinklo failai</target>
      <target FeatureID="-1" href="UPNP_HLP_REMOTE_DEVICES.html">Savojo tinklo daugialypės terpės aplankai</target>
      <target FeatureID="-1" href="UPNP_HLP_SEARCH.html">Paieškos rezultatai</target>
   </keywords>
   <keywords>
      <text FeatureID="-1">failų peržiūra nuotoliniu prietaisu</text>
      <target FeatureID="-1" href="UPNP_HLP_SHARING_PROP.html">Bendrinimo parametrai</target>
      <target FeatureID="-1" href="UPNP_HLP_MAIN_VIEW.html">Savojo tinklo daugialypės terpės failai</target>
      <target FeatureID="-1" href="UPNP_HLP_MAIN_EXTERNAL.html">Savojo tinklo daugialypės terpės prietaisai</target>
      <target FeatureID="-1" href="UPNP_HLP_CONTENT_VIEW.html">Savojo tinklo failai</target>
      <target FeatureID="-1" href="UPNP_HLP_REMOTE_DEVICES.html">Savojo tinklo daugialypės terpės aplankai</target>
      <target FeatureID="-1" href="UPNP_HLP_SEARCH.html">Paieškos rezultatai</target>
   </keywords>
   <keywords>
      <text FeatureID="-1">bendrinimo ypatumai</text>
      <target FeatureID="-1" href="UPNP_HLP_SHARING_PROP.html">Bendrinimo parametrai</target>
   </keywords>
</keywords>