<?xml version="1.0" encoding="UTF-8"?><?xml-stylesheet  href="../../theme/xsl/index2html.xslt" type="text/xsl"?>
<topics FeatureID="-1" title="聊天室" compressed="true">
   <topicref FeatureID="-1" href="IMNG_HLP_SEARCHCHAT.html" navtitle="找尋聊天室使用者"/>
   <topicref FeatureID="-1" href="IMNG_HLP_SAVED_VIEW.html" navtitle="檢視已儲存的會談"/>
   <topicref FeatureID="-1" href="IMNG_HLP_SAVED_LIST.html" navtitle="已儲存的會談"/>
   <topicref FeatureID="-1" href="IMNG_HLP_IMCHAT.html" navtitle="群組會談"/>
   <topicref FeatureID="-1" href="IMNG_HLP_GROUP_EDIT.html" navtitle="群組編輯權限"/>
   <topicref FeatureID="-1" href="IMNG_HLP_GROUP_BAN.html" navtitle="禁止聊天室用戶加入群組"/>
   <topicref FeatureID="-1" href="IMNG_HLP_CONT_OWN_DATA.html" navtitle="我的資料"/>
   <topicref FeatureID="-1" href="IMNG_HLP_COMMUNITY_VIEW_EMPTY.html" navtitle="開始使用聊天室"/>
   <topicref FeatureID="-1" href="IMNG_HLP_COMMUNITY_VIEW.html" navtitle="聊天室"/>
   <topicref FeatureID="-1" href="IMNG_HLP_BLOCKED_VIEW.html" navtitle="封鎖的聯絡人"/>
   <topicref FeatureID="-1" href="IMNG_HLP_SETTINGS.html" navtitle="聊天室設定"/>
   <topicref FeatureID="-1" href="IMNG_HLP_SERVLISTSETT_IM.html" navtitle="聊天室伺服器"/>
   <topicref FeatureID="-1" href="IMNG_HLP_DEFSERVER.html" navtitle="聊天室伺服器設定"/>
   <topicref FeatureID="-1" href="IMNG_HLP_INVITE.html" navtitle="聊天室邀請"/>
   <topicref FeatureID="-1" href="IMNG_HLP_CREATECHAT.html" navtitle="聊天室群組設定"/>
   <topicref FeatureID="-1" href="IMNG_HLP_ACCLIST.html" navtitle="聊天室群組成員"/>
   <topicref FeatureID="-1" href="IMNG_HLP_CONVERSATIONS.html" navtitle="聊天室會談"/>
   <topicref FeatureID="-1" href="IMNG_HLP_CONTACTDETAILS.html" navtitle="聊天室聯絡人詳細資料"/>
   <topicref FeatureID="-1" href="IMNG_HLP_APPSETT.html" navtitle="聊天室應用程式設定"/>
</topics>