<?xml version="1.0" encoding="UTF-8"?>
<keywords>
   <keywords>
      <text FeatureID="true_298">משיבון</text>
      <target FeatureID="true_298" href="SMSVO_HLP_CS_VIDEO_AND_XSP_VOIP.html">תיבת דואר שיחות, וידאו ושיחות אינטרנט</target>
   </keywords>
   <keywords>
      <text FeatureID="true_298">תיבת דואר של שיחות אינטרנט</text>
      <target FeatureID="true_298" href="SMSVO_HLP_CS_VIDEO_AND_XSP_VOIP.html">תיבת דואר שיחות, וידאו ושיחות אינטרנט</target>
   </keywords>
   <keywords>
      <text FeatureID="true_298">תיבת דואר קולית</text>
      <target FeatureID="true_298" href="SMSVO_HLP_CS_VIDEO_AND_XSP_VOIP.html">תיבת דואר שיחות, וידאו ושיחות אינטרנט</target>
   </keywords>
   <keywords>
      <text FeatureID="-1">שיחות אינטרנט</text>
      <target FeatureID="-1" href="VOIP_HLP_CSC.html">הגדרות רשת</target>
      <target FeatureID="true_298" href="VOIP_HLP_SERVCATALOG.html">קטלוג שירותים</target>
      <target FeatureID="-1" href="SERVTAB_HLP_SETTINGS.html">הגדרות כרטיסיית שירות</target>
   </keywords>
</keywords>