<?xml version="1.0" encoding="UTF-8"?>
<keywords>
   <keywords>
      <text FeatureID="-1">ustawienia, wysuwana klawiatura</text>
      <target FeatureID="-1" href="SET_HLP_SETTINGS_KEYPAD_COVER.html">Ustawienia obsługi wysuwanej klawiatury</target>
   </keywords>
   <keywords>
      <text FeatureID="-1">ustawienia wysuwanej klawiatury</text>
      <target FeatureID="-1" href="SET_HLP_SETTINGS_KEYPAD_COVER.html">Ustawienia obsługi wysuwanej klawiatury</target>
   </keywords>
   <keywords>
      <text FeatureID="-1">zarządzanie urządzeniem</text>
      <target FeatureID="-1" href="CP_HLP_DEVICE_MANAGEMENT.html">Zarządzanie urządzeniem</target>
   </keywords>
   <keywords>
      <text FeatureID="true_109">EAP (Extensible Authentication Protocol)</text>
      <target FeatureID="true_109" href="SET_HLP_WLAN_EAP_SIM.html">Ustawienia EAP-SIM</target>
   </keywords>
   <keywords>
      <text FeatureID="true_109">ustawienia, WLAN</text>
      <target FeatureID="true_109" href="SET_HLP_WLAN_EAP_SIM.html">Ustawienia EAP-SIM</target>
   </keywords>
   <keywords>
      <text FeatureID="-1">ograniczanie pkt. dost.</text>
      <target FeatureID="-1" href="ACL_HLP_MAIN.html">Ograniczanie połączeń</target>
   </keywords>
   <keywords>
      <text FeatureID="-1">ustawienia połączeń</text>
      <target FeatureID="-1" href="SIP_HLP_PROF_PARAMS.html">Ustawienia profilu SIP</target>
      <target FeatureID="-1" href="SIP_HLP_MAIN.html">Profile SIP</target>
      <target FeatureID="-1" href="SET_HLP_CONN_DEST_VIEW.html">Widok miejsc docelowych</target>
      <target FeatureID="-1" href="SET_HLP_DEFAULT_CONN.html">Połączenie domyślne</target>
      <target FeatureID="-1" href="SET_HLP_CONN_METHODS_VIEW.html">Widok punktów dostępu</target>
      <target FeatureID="true_1581" href="RD_HLP_REMOTE_DRIVE_CONFIG.html">Ustawienia dysku zdalnego</target>
      <target FeatureID="true_1581" href="RD_HLP_REMOTE_DRIVES.html">Dyski zdalne</target>
   </keywords>
   <keywords>
      <text FeatureID="-1">ustawienia SIP</text>
      <target FeatureID="-1" href="SIP_HLP_PROF_PARAMS.html">Ustawienia profilu SIP</target>
      <target FeatureID="-1" href="SIP_HLP_MAIN.html">Profile SIP</target>
      <target FeatureID="-1" href="SIP_HLP_PROXY_PARAMS.html">Ustawienia serw. proxy SIP</target>
      <target FeatureID="-1" href="SIP_HLP_REGISTRAR_PARAM.html">Ustawienia serwera rejestracji</target>
   </keywords>
   <keywords>
      <text FeatureID="-1">serwer rejestracji</text>
      <target FeatureID="-1" href="SIP_HLP_REGISTRAR_PARAM.html">Ustawienia serwera rejestracji</target>
   </keywords>
   <keywords>
      <text FeatureID="-1">punkty dostępu</text>
      <target FeatureID="-1" href="HLP_OCC_CONN_SETTINGS.html">Połączenia sieciowe</target>
      <target FeatureID="-1" href="SET_HLP_CONN_METHODS_VIEW.html">Widok punktów dostępu</target>
   </keywords>
   <keywords>
      <text FeatureID="-1">ustawienia, połączenie</text>
      <target FeatureID="-1" href="HLP_OCC_CONN_SETTINGS.html">Połączenia sieciowe</target>
   </keywords>
   <keywords>
      <text FeatureID="-1">ustawienia miejsc docelowych</text>
      <target FeatureID="-1" href="SET_HLP_CONN_DEST_VIEW.html">Widok miejsc docelowych</target>
   </keywords>
   <keywords>
      <text FeatureID="-1">połączenie domyślne</text>
      <target FeatureID="-1" href="SET_HLP_DEFAULT_CONN.html">Połączenie domyślne</target>
   </keywords>
   <keywords>
      <text FeatureID="-1">Punkty dostępu VPN</text>
      <target FeatureID="true_99" href="SET_HLP_VPN_DEST_ASSOC_VIEW.html">Połączenia VPN</target>
      <target FeatureID="-1" href="SET_HLP_VPN_AP_SETTINGS_VIEW.html">Edycja punktów dostępu VPN</target>
   </keywords>
   <keywords>
      <text FeatureID="-1">połączenia aplikacji</text>
      <target FeatureID="-1" href="SET_HLP_APP_DEST_ASSOC_VIEW.html">Połączenia aplikacji</target>
   </keywords>
   <keywords>
      <text FeatureID="-1">ustawienia aplikacji</text>
      <target FeatureID="-1" href="CP_HLP_APPILICATION_SETTINGS.html">Ustawienia aplikacji</target>
   </keywords>
   <keywords>
      <text FeatureID="-1">połączenia, ustawienia</text>
      <target FeatureID="-1" href="SCP_HLP_CALL.html">Ustawienia rozmów</target>
   </keywords>
   <keywords>
      <text FeatureID="-1">ustawienia, połączenia</text>
      <target FeatureID="-1" href="SCP_HLP_CALL.html">Ustawienia rozmów</target>
   </keywords>
   <keywords>
      <text FeatureID="-1">łączność</text>
      <target FeatureID="-1" href="CP_HLP_CONNECTIVITY.html">Ustawienia łączności</target>
   </keywords>
   <keywords>
      <text FeatureID="-1">panel sterowania</text>
      <target FeatureID="-1" href="CP_HLP_DISPLAY.html">Ustawienia wyświetlacza</target>
      <target FeatureID="__DUAL_LANGUAGE_SUPPORT=true" href="CP_HLP_WRITING_LANGUAGE.html">Język pisania tekstów</target>
   </keywords>
   <keywords>
      <text FeatureID="-1">wyświetlacz, ustawienia</text>
      <target FeatureID="-1" href="CP_HLP_DISPLAY.html">Ustawienia wyświetlacza</target>
   </keywords>
   <keywords>
      <text FeatureID="-1">ustawienia ogólne</text>
      <target FeatureID="-1" href="CP_HLP_DEVICE.html">Ustawienia urządzenia</target>
   </keywords>
   <keywords>
      <text FeatureID="-1">ustawienia urządzenia</text>
      <target FeatureID="-1" href="CP_HLP_DEVICE.html">Ustawienia urządzenia</target>
   </keywords>
   <keywords>
      <text FeatureID="-1">ustawienia języka</text>
      <target FeatureID="-1" href="CP_HLP_LANGUAGE.html">Ustawienia języka</target>
   </keywords>
   <keywords>
      <text FeatureID="-1">ustawienia</text>
      <target FeatureID="-1" href="CP_HLP_MAIN_VIEW.html">Ustawienia</target>
   </keywords>
   <keywords>
      <text FeatureID="-1">ustawienia sieci</text>
      <target FeatureID="-1" href="CP_HLP_NETWORK.html">Ustawienia sieci</target>
      <target FeatureID="-1" href="CP_HLP_NETWORK.html">Ustawienia sieci</target>
   </keywords>
   <keywords>
      <text FeatureID="-1">profil</text>
      <target FeatureID="-1" href="CP_HLP_PERSONAL.html">Widok osobisty</target>
   </keywords>
   <keywords>
      <text FeatureID="-1">motyw</text>
      <target FeatureID="-1" href="CP_HLP_PERSONAL.html">Widok osobisty</target>
   </keywords>
   <keywords>
      <text FeatureID="-1">tryb gotowości</text>
      <target FeatureID="-1" href="CP_HLP_PERSONAL.html">Widok osobisty</target>
   </keywords>
   <keywords>
      <text FeatureID="-1">bezpieczeństwo, ustawienia</text>
      <target FeatureID="-1" href="CP_HLP_SECURITY.html">Ustawienia zabezpiecz.</target>
   </keywords>
   <keywords>
      <text FeatureID="-1">ustawienia, bezpieczeństwo</text>
      <target FeatureID="-1" href="CP_HLP_SECURITY.html">Ustawienia zabezpiecz.</target>
   </keywords>
   <keywords>
      <text FeatureID="-1">urządzenie, blokowanie</text>
      <target FeatureID="-1" href="SET_HLP_SECURITY_DEVICE_SIM.html">Zabezpieczenia urządzenia</target>
   </keywords>
   <keywords>
      <text FeatureID="-1">bezpieczeństwo</text>
      <target FeatureID="-1" href="SET_HLP_SECURITY_DEVICE_SIM.html">Zabezpieczenia urządzenia</target>
   </keywords>
   <keywords>
      <text FeatureID="__DUAL_LANGUAGE_SUPPORT=true">język tekstów</text>
      <target FeatureID="__DUAL_LANGUAGE_SUPPORT=true" href="CP_HLP_WRITING_LANGUAGE.html">Język pisania tekstów</target>
   </keywords>
   <keywords>
      <text FeatureID="-1">ustawienia akcesoriów</text>
      <target FeatureID="-1" href="SET_HLP_ACCESSORIES_LIST.html">Ustawienia akcesoriów</target>
      <target FeatureID="-1" href="SET_HLP_ACCESSORIES_HEADPHONE.html">Ustawienia słuchawki</target>
      <target FeatureID="-1" href="SET_HLP_ACCESSORIES_HEADSET.html">Ustawienia zest. słuch.</target>
      <target FeatureID="-1" href="SET_HLP_ACCESS_WIRED_CK.html">Ust. przew. zest. samoch.</target>
      <target FeatureID="true_1032" href="SET_HLP_ACCESSORIES_TTY.html">Ust. tel. tekstowego</target>
      <target FeatureID="true_1540" href="SET_HLP_ACCESSORIES_TVOUT.html">Ust. wyjścia TV</target>
   </keywords>
   <keywords>
      <text FeatureID="-1">pkt dostępu poł. pakiet.</text>
      <target FeatureID="-1" href="SET_HLP_AP_SETTING_GPRS.html">Pkt dostępu poł. pakiet.</target>
   </keywords>
   <keywords>
      <text FeatureID="-1">ust. poł. pakietowych</text>
      <target FeatureID="-1" href="SET_HLP_AP_SETTING_GPRS_AS.html">Zaaw. ust. poł. pakiet.</target>
   </keywords>
   <keywords>
      <text FeatureID="-1">punkty dostępu połączeń pakietowych</text>
      <target FeatureID="-1" href="SET_HLP_AP_SETTING_GPRS_AS.html">Zaaw. ust. poł. pakiet.</target>
   </keywords>
   <keywords>
      <text FeatureID="true_1088 true_110">pkt dostępu poł. danych</text>
      <target FeatureID="true_110" href="SET_HLP_AP_DATA_AS_IPV4.html">Ust. IPv4 poł. danych</target>
      <target FeatureID="true_1088" href="SET_HLP_AP_DATA_AS_IPV6.html">Ust. IPv6 poł. danych</target>
      <target FeatureID="true_110" href="SET_HLP_AP_SETTING_DATA_AS.html">Zaaw. ust. poł. danych</target>
   </keywords>
   <keywords>
      <text FeatureID="true_110">ustawienia punktu dostępu</text>
      <target FeatureID="true_110" href="SET_HLP_AP_SETTING_DATA.html">Pkt dostępu poł. danych</target>
      <target FeatureID="true_110" href="SET_HLP_AP_SETTING_DATA_AS.html">Zaaw. ust. poł. danych</target>
   </keywords>
   <keywords>
      <text FeatureID="true_110">ust. poł. tr. danych</text>
      <target FeatureID="true_110" href="SET_HLP_AP_SETTING_DATA.html">Pkt dostępu poł. danych</target>
   </keywords>
   <keywords>
      <text FeatureID="-1">wirtualna sieć prywatna</text>
      <target FeatureID="-1" href="SET_HLP_VPN_AP_SETTINGS_VIEW.html">Edycja punktów dostępu VPN</target>
   </keywords>
   <keywords>
      <text FeatureID="-1">klawiatura, blokada</text>
      <target FeatureID="-1" href="CP_HLP_AUTOKEYGUARD.html">Automatyczna blokada klawiatury</target>
   </keywords>
   <keywords>
      <text FeatureID="true_1581">dyski zdalne</text>
      <target FeatureID="true_1581" href="RD_HLP_REMOTE_DRIVE_CONFIG.html">Ustawienia dysku zdalnego</target>
      <target FeatureID="true_1581" href="RD_HLP_REMOTE_DRIVES.html">Dyski zdalne</target>
   </keywords>
   <keywords>
      <text FeatureID="-1">zakaz połączeń</text>
      <target FeatureID="-1" href="SET_HLP_BARRING_SETTINGS.html">Zakaz. poł. telef.</target>
      <target FeatureID="true_298" href="DIV_HLP_BARRING_MAIN.html">Zakaz. połączeń</target>
   </keywords>
   <keywords>
      <text FeatureID="-1">połączenia, zakaz.</text>
      <target FeatureID="-1" href="SET_HLP_BARRING_SETTINGS.html">Zakaz. poł. telef.</target>
      <target FeatureID="true_298" href="DIV_HLP_BARRING_MAIN.html">Zakaz. połączeń</target>
   </keywords>
   <keywords>
      <text FeatureID="-1">przekazyw. połączeń</text>
      <target FeatureID="true_89" href="DIV_HLP_CALL_FORW_VID.html">Przekazywanie połączeń wideo</target>
      <target FeatureID="-1" href="DIV_HLP_CALL_FORW_MAIN.html">Przekazywanie połączeń</target>
      <target FeatureID="-1" href="DIV_HLP_CALL_FORW_VOI.html">Przekazyw. poł. głos.</target>
   </keywords>
   <keywords>
      <text FeatureID="-1">przekierow. połączeń</text>
      <target FeatureID="-1" href="DIV_HLP_CALL_FORW_MAIN.html">Przekazywanie połączeń</target>
   </keywords>
   <keywords>
      <text FeatureID="-1">ustawienia synchronizacji</text>
      <target FeatureID="-1" href="CP_HLP_SYNCHRONISATION.html">Ustawienia synchronizacji</target>
   </keywords>
   <keywords>
      <text FeatureID="-1">instalowanie aplikacji</text>
      <target FeatureID="-1" href="CP_HLP_INSTALLATIONS.html">Instalacje</target>
   </keywords>
   <keywords>
      <text FeatureID="-1">ustawienia słuchawki</text>
      <target FeatureID="-1" href="SET_HLP_ACCESSORIES_HEADPHONE.html">Ustawienia słuchawki</target>
   </keywords>
   <keywords>
      <text FeatureID="-1">ustawienia zest. słuch.</text>
      <target FeatureID="-1" href="SET_HLP_ACCESSORIES_HEADSET.html">Ustawienia zest. słuch.</target>
   </keywords>
   <keywords>
      <text FeatureID="-1">ust. przew. zest. samoch.</text>
      <target FeatureID="-1" href="SET_HLP_ACCESS_WIRED_CK.html">Ust. przew. zest. samoch.</target>
   </keywords>
   <keywords>
      <text FeatureID="-1">ust. zest. samoch.</text>
      <target FeatureID="-1" href="SET_HLP_ACCESS_WIRED_CK.html">Ust. przew. zest. samoch.</target>
   </keywords>
   <keywords>
      <text FeatureID="-1">ustaw. stojaka głośn.</text>
      <target FeatureID="-1" href="SET_HLP_ACCESSORIES_MUSIC_ST.html">Ustaw. stojaka głośn.</target>
   </keywords>
   <keywords>
      <text FeatureID="true_1032">ustawienia TTY</text>
      <target FeatureID="true_1032" href="SET_HLP_ACCESSORIES_TTY.html">Ust. tel. tekstowego</target>
   </keywords>
   <keywords>
      <text FeatureID="true_1032">ustawienia TDD</text>
      <target FeatureID="true_1032" href="SET_HLP_ACCESSORIES_TTY.html">Ust. tel. tekstowego</target>
   </keywords>
   <keywords>
      <text FeatureID="true_1540">ust. wyj. telew.</text>
      <target FeatureID="true_1540" href="SET_HLP_ACCESSORIES_TVOUT.html">Ust. wyjścia TV</target>
   </keywords>
   <keywords>
      <text FeatureID="true_410">metoda wprowadzania tekstu</text>
      <target FeatureID="true_410" href="PREDINPUT_HLP_VIRTUAL_ITI_SETTINGS.html">Ustawienia wprowadzania tekstu</target>
   </keywords>
   <keywords>
      <text FeatureID="-1">inteligentne wprowadzanie tekstu</text>
      <target FeatureID="-1" href="PREDINPUT_HLP_VIRTUAL_ITI.html">Inteligentne wprowadzanie tekstu</target>
   </keywords>
   <keywords>
      <text FeatureID="-1">ustawienia, przywracanie</text>
      <target FeatureID="-1" href="SET_HLP_GENERAL_ORIG_SET.html">Przyw. oryg. ust.</target>
   </keywords>
   <keywords>
      <text FeatureID="-1">przywracanie ustawień</text>
      <target FeatureID="-1" href="SET_HLP_GENERAL_ORIG_SET.html">Przyw. oryg. ust.</target>
   </keywords>
   <keywords>
      <text FeatureID="-1">ustawienia fabryczne, przywracanie</text>
      <target FeatureID="-1" href="SET_HLP_GENERAL_ORIG_SET.html">Przyw. oryg. ust.</target>
   </keywords>
</keywords>