<?xml version="1.0" encoding="UTF-8"?>
<keywords>
   <keywords>
      <text FeatureID="-1">servis mesajı ayarları</text>
      <target FeatureID="-1" href="WPUSH_HLP_SETTINGS.html">Servis mesajı ayarları</target>
   </keywords>
   <keywords>
      <text FeatureID="-1">push mesajları</text>
      <target FeatureID="-1" href="WPUSH_HLP_VIEWER.html">Servis mesajlarını görüntüleme</target>
   </keywords>
   <keywords>
      <text FeatureID="-1">servis mesajları</text>
      <target FeatureID="-1" href="WPUSH_HLP_VIEWER.html">Servis mesajlarını görüntüleme</target>
   </keywords>
</keywords>