<?xml version="1.0" encoding="UTF-8"?>
<keywords>
   <keywords>
      <text FeatureID="-1">menedżer plików</text>
      <target FeatureID="-1" href="FMGR_HLP_MEM_STORE_VIEW.html">Zarządzanie plikami</target>
      <target FeatureID="-1" href="FMGR_HLP_MAIN_VIEW.html">Menedżer plików</target>
      <target FeatureID="-1" href="FMGR_HLP_BACKUP_VIEW.html">Kopia zapasowa plików</target>
   </keywords>
   <keywords>
      <text FeatureID="-1">karta pamięci</text>
      <target FeatureID="-1" href="FMGR_HLP_MEM_STORE_VIEW.html">Zarządzanie plikami</target>
      <target FeatureID="-1" href="FMGR_HLP_MAIN_VIEW.html">Menedżer plików</target>
      <target FeatureID="-1" href="FMGR_HLP_BACKUP_VIEW.html">Kopia zapasowa plików</target>
   </keywords>
   <keywords>
      <text FeatureID="-1">Menedżer plików</text>
      <target FeatureID="-1" href="FMGR_HLP_SEARCH_RESULTS.html">Wyszukiwanie plików</target>
   </keywords>
   <keywords>
      <text FeatureID="-1">wyszukiwanie plików</text>
      <target FeatureID="-1" href="FMGR_HLP_SEARCH_RESULTS.html">Wyszukiwanie plików</target>
   </keywords>
   <keywords>
      <text FeatureID="-1">wyszukiwanie folderów</text>
      <target FeatureID="-1" href="FMGR_HLP_SEARCH_RESULTS.html">Wyszukiwanie plików</target>
   </keywords>
   <keywords>
      <text FeatureID="-1">kopia zapasowa</text>
      <target FeatureID="-1" href="FMGR_HLP_BACKUP_VIEW.html">Kopia zapasowa plików</target>
   </keywords>
</keywords>