<?xml version="1.0" encoding="UTF-8"?>
<keywords>
   <keywords>
      <text FeatureID="-1">รูปแบบ XDM</text>
      <target FeatureID="-1" href="XDM_HLP_LIST_VIEW.html">รูปแบบ XDM</target>
      <target FeatureID="-1" href="XDM_HLP_EDIT_SET.html">การตั้งค่ารูปแบบ XDM</target>
   </keywords>
   <keywords>
      <text FeatureID="-1">การตั้งค่า XDM</text>
      <target FeatureID="-1" href="XDM_HLP_EDIT_SET.html">การตั้งค่ารูปแบบ XDM</target>
   </keywords>
</keywords>