<?xml version="1.0" encoding="UTF-8"?>
<keywords>
   <keywords>
      <text FeatureID="-1">orientieru kategorijas</text>
      <target FeatureID="-1" href="LM_HLP_LM_BY_CATEGORY.html">Orientieru kategorijas</target>
      <target FeatureID="-1" href="LM_HLP_EDIT_CATEGORIES.html">Orientieru kategoriju rediģēšana</target>
   </keywords>
   <keywords>
      <text FeatureID="-1">orientieri</text>
      <target FeatureID="-1" href="LM_HLP_LM_BY_NAME.html">Orientieru apskate pēc nosaukuma</target>
      <target FeatureID="-1" href="LM_HLP_CATEGORY_CONTENTS.html">Orientieri kategorijās</target>
      <target FeatureID="-1" href="LM_HLP_LM_VIEWER.html">Orientieru dati</target>
   </keywords>
   <keywords>
      <text FeatureID="-1">orientieru rediģēšana</text>
      <target FeatureID="-1" href="LM_HLP_LM_EDITOR.html">Orientiera rediģēšana</target>
   </keywords>
</keywords>