<?xml version="1.0" encoding="UTF-8"?>
<keywords>
   <keywords>
      <text FeatureID="-1">pag-e-edit ng mga tala</text>
      <target FeatureID="-1" href="NMAKE_HLP_MEMO_VIEWER_EDIT.html">Mag-edit ng mga tala sa mga application</target>
   </keywords>
   <keywords>
      <text FeatureID="-1">pagtanggap ng mga tala</text>
      <target FeatureID="-1" href="NMAKE_HLP_MEMO_VIEWER.html">Tingnan ang mga natanggap na tala</target>
   </keywords>
   <keywords>
      <text FeatureID="-1">mga template ng mensahe</text>
      <target FeatureID="-1" href="NMAKE_HLP_TEMPLATE_EDITOR.html">Magsulat ng mga template ng mensahe</target>
   </keywords>
   <keywords>
      <text FeatureID="-1">paggawa ng mga template ng mensahe</text>
      <target FeatureID="-1" href="NMAKE_HLP_TEMPLATE_EDITOR.html">Magsulat ng mga template ng mensahe</target>
   </keywords>
   <keywords>
      <text FeatureID="-1">pagsusulat ng mga template ng mensahe</text>
      <target FeatureID="-1" href="NMAKE_HLP_TEMPLATE_EDITOR.html">Magsulat ng mga template ng mensahe</target>
   </keywords>
   <keywords>
      <text FeatureID="-1">listahan ng mga tala</text>
      <target FeatureID="-1" href="NMAKE_HLP_MEMO_LIST.html">Listahan ng mga tala</target>
   </keywords>
   <keywords>
      <text FeatureID="-1">pagsusulat ng mga tala</text>
      <target FeatureID="-1" href="NMAKE_HLP_MEMO_LIST.html">Listahan ng mga tala</target>
      <target FeatureID="-1" href="NMAKE_HLP_MEMO_EDITOR_APPS.html">Magsulat ng mga tala sa mga application.</target>
      <target FeatureID="-1" href="NMAKE_HLP_MEMO_EDITOR.html">Sumulat ng mga tala</target>
   </keywords>
</keywords>