<?xml version="1.0" encoding="UTF-8"?><?xml-stylesheet  href="../../theme/xsl/index2html.xslt" type="text/xsl"?>
<topics FeatureID="-1" title="„Intellisync“" compressed="true">
   <topicref FeatureID="-1" href="FSE_HLP_IMS_SETTINGS_ACCT_INFO.html" navtitle="El. pašto paskyros parametrai"/>
   <topicref FeatureID="-1" href="FSE_HLP_IMS_SETTINGS_ADVANCED.html" navtitle="Aukštesniojo lygio pašto dėžutės parametrai"/>
   <topicref FeatureID="-1" href="FSE_HLP_IMS_SETTINGS_MAILBOX.html" navtitle="Pašto dėžutės parametrai"/>
   <topicref FeatureID="-1" href="FSE_HLP_IMS_SETTINGS_WHAT_SYNC.html" navtitle="Sinchronizuotino turinio nustatymas"/>
   <topicref FeatureID="-1" href="FSE_HLP_IMS_SETTINGS_WHEN_SYNC.html" navtitle="Sinchronizavimo laiko nustatymas"/>
   <topicref FeatureID="-1" href="FSE_HLP_IMS_SETTINGS_FOLDER.html" navtitle="El. laiškų katalogų sinchronizacija"/>
   <topicref FeatureID="-1" href="FSE_HLP_SETTINGS_INTELL_LIST.html" navtitle="El. pašto paslaugos parametrai"/>
   <topicref FeatureID="-1" href="FSE_HLP_IMS_SETTINGS_MAIN_VIEW.html" navtitle="El. pašto parametrai"/>
   <topicref FeatureID="-1" href="FSE_HLP_IMS_LAUNCHER_MAIN_VIEW.html" navtitle="„Intellisync“ el. paštas"/>
</topics>