<?xml version="1.0" encoding="UTF-8"?>
<keywords>
   <keywords>
      <text FeatureID="-1">el. pašto paskyros parametrai</text>
      <target FeatureID="-1" href="FSE_HLP_IMS_SETTINGS_ACCT_INFO.html">El. pašto paskyros parametrai</target>
   </keywords>
   <keywords>
      <text FeatureID="-1">papildomi pašto dėžutės parametrai</text>
      <target FeatureID="-1" href="FSE_HLP_IMS_SETTINGS_ADVANCED.html">Aukštesniojo lygio pašto dėžutės parametrai</target>
   </keywords>
   <keywords>
      <text FeatureID="-1">pašto dėžutės parametrai</text>
      <target FeatureID="-1" href="FSE_HLP_IMS_SETTINGS_MAILBOX.html">Pašto dėžutės parametrai</target>
   </keywords>
   <keywords>
      <text FeatureID="-1">sinchronizuotinas el. pašto turinys</text>
      <target FeatureID="-1" href="FSE_HLP_IMS_SETTINGS_WHAT_SYNC.html">Sinchronizuotino turinio nustatymas</target>
   </keywords>
   <keywords>
      <text FeatureID="-1">el. pašto sinchronizavimo laikas</text>
      <target FeatureID="-1" href="FSE_HLP_IMS_SETTINGS_WHEN_SYNC.html">Sinchronizavimo laiko nustatymas</target>
   </keywords>
   <keywords>
      <text FeatureID="-1">el. pašto aplankų sinchronizavimas</text>
      <target FeatureID="-1" href="FSE_HLP_IMS_SETTINGS_FOLDER.html">El. laiškų katalogų sinchronizacija</target>
   </keywords>
   <keywords>
      <text FeatureID="-1">el. pašto paslaugų parametrai</text>
      <target FeatureID="-1" href="FSE_HLP_SETTINGS_INTELL_LIST.html">El. pašto paslaugos parametrai</target>
   </keywords>
   <keywords>
      <text FeatureID="-1">el. pašto parametrai</text>
      <target FeatureID="-1" href="FSE_HLP_IMS_SETTINGS_MAIN_VIEW.html">El. pašto parametrai</target>
   </keywords>
   <keywords>
      <text FeatureID="-1">Intellisync</text>
      <target FeatureID="-1" href="FSE_HLP_IMS_LAUNCHER_MAIN_VIEW.html">„Intellisync“ el. paštas</target>
   </keywords>
</keywords>