<?xml version="1.0" encoding="UTF-8"?>
<keywords>
   <keywords>
      <text FeatureID="-1">nastavení zpráv služeb</text>
      <target FeatureID="-1" href="WPUSH_HLP_SETTINGS.html">Nastavení zpráv služeb</target>
   </keywords>
   <keywords>
      <text FeatureID="-1">zprávy typu push</text>
      <target FeatureID="-1" href="WPUSH_HLP_VIEWER.html">Zobrazení zpráv služby</target>
   </keywords>
   <keywords>
      <text FeatureID="-1">zprávy služby</text>
      <target FeatureID="-1" href="WPUSH_HLP_VIEWER.html">Zobrazení zpráv služby</target>
   </keywords>
</keywords>