<?xml version="1.0" encoding="UTF-8"?>
<keywords>
   <keywords>
      <text FeatureID="-1">spilun flash-skráa</text>
      <target FeatureID="-1" href="FLITE_HLP_STOPPED.html">Að stöðva spilun flash-skráa</target>
      <target FeatureID="-1" href="FLITE_HLP_VIEWER_PAUSED.html">Hlé gert á Flash-spilun</target>
      <target FeatureID="-1" href="FLITE_HLP_VIEWER_PLAY.html">Spilun Flash-skráa</target>
   </keywords>
   <keywords>
      <text FeatureID="-1">Flash-spilari</text>
      <target FeatureID="-1" href="FLITE_HLP_STOPPED.html">Að stöðva spilun flash-skráa</target>
      <target FeatureID="-1" href="FLITE_HLP_VIEWER_PAUSED.html">Hlé gert á Flash-spilun</target>
      <target FeatureID="-1" href="FLITE_HLP_VIEWER_PLAY.html">Spilun Flash-skráa</target>
   </keywords>
</keywords>