<?xml version="1.0" encoding="UTF-8"?>
<keywords>
   <keywords>
      <text FeatureID="true_1116">inviare voci Agenda</text>
      <target FeatureID="true_1116" href="SMART_HLP_CALENDAREDITOR.html">Inviare voci Agenda</target>
   </keywords>
   <keywords>
      <text FeatureID="true_1114">ricezione di voci Agenda</text>
      <target FeatureID="true_1114" href="SMART_HLP_CALENDARVIEWER.html">Voci Agenda ricevute</target>
   </keywords>
   <keywords>
      <text FeatureID="true_1114">voci Agenda</text>
      <target FeatureID="true_1114" href="SMART_HLP_CALPULLMESVIEWER.html">Download voci Agenda</target>
   </keywords>
   <keywords>
      <text FeatureID="true_1117 true_1115">biglietti da visita</text>
      <target FeatureID="true_1117" href="SMART_HLP_BUSINESSEDITOR.html">Inviare biglietti da visita</target>
      <target FeatureID="true_1115" href="SMART_HLP_BUSINESSVIEWER.html">Ricevere biglietti da visita</target>
      <target FeatureID="true_1115" href="SMART_HLP_BUSPULLMESVIEWER.html">Download biglietti da visita</target>
   </keywords>
   <keywords>
      <text FeatureID="true_1111">toni chiamata</text>
      <target FeatureID="true_1111" href="SMART_HLP_RINGVIEWER.html">Toni di chiamata ricevuti</target>
   </keywords>
   <keywords>
      <text FeatureID="true_1110">operatore, logo</text>
      <target FeatureID="true_1110" href="SMART_HLP_OPLOGOVIEWER.html">Logo operatore ricevuti</target>
   </keywords>
   <keywords>
      <text FeatureID="true_1106">preferiti</text>
      <target FeatureID="true_1106" href="SMART_HLP_ONEBOOKVIEWER.html">Preferito ricevuto</target>
   </keywords>
   <keywords>
      <text FeatureID="true_1112">ricezione di disegni</text>
      <target FeatureID="true_1112" href="SMART_HLP_GMSVIEWER.html">Visualizzare messaggi con disegno</target>
   </keywords>
   <keywords>
      <text FeatureID="true_1112">messaggi con disegno</text>
      <target FeatureID="true_1112" href="SMART_HLP_GMSVIEWER.html">Visualizzare messaggi con disegno</target>
   </keywords>
   <keywords>
      <text FeatureID="true_1537">configurazione unità remota</text>
      <target FeatureID="true_1537" href="SMART_HLP_REMOTEDRIVES_VIEWER.html">Ricezione delle configurazioni dell'unità remota</target>
      <target FeatureID="true_1537" href="SMART_HLP_REMOTEDRIVES_EDITOR.html">Invio delle configurazioni dell'unità remota</target>
   </keywords>
</keywords>