<?xml version="1.0" encoding="UTF-8"?>
<keywords>
   <keywords>
      <text FeatureID="true_1116">wysyłanie pozycji kalendarza</text>
      <target FeatureID="true_1116" href="SMART_HLP_CALENDAREDITOR.html">Wysyłanie pozycji kalendarza</target>
   </keywords>
   <keywords>
      <text FeatureID="true_1114">odbieranie pozycji kalendarza</text>
      <target FeatureID="true_1114" href="SMART_HLP_CALENDARVIEWER.html">Odebrane pozycje kalendarza</target>
   </keywords>
   <keywords>
      <text FeatureID="true_1114">pozycje kalendarza</text>
      <target FeatureID="true_1114" href="SMART_HLP_CALPULLMESVIEWER.html">Pobieranie pozycji kalendarza</target>
   </keywords>
   <keywords>
      <text FeatureID="true_1117 true_1115">wizytówki</text>
      <target FeatureID="true_1117" href="SMART_HLP_BUSINESSEDITOR.html">Wysyłanie wizytówek</target>
      <target FeatureID="true_1115" href="SMART_HLP_BUSINESSVIEWER.html">Odebrane wizytówki</target>
      <target FeatureID="true_1115" href="SMART_HLP_BUSPULLMESVIEWER.html">Pobieranie wizytówek</target>
   </keywords>
   <keywords>
      <text FeatureID="true_1111">dźwięki dzwonka</text>
      <target FeatureID="true_1111" href="SMART_HLP_RINGVIEWER.html">Odebrane dźwięki dzwonka</target>
   </keywords>
   <keywords>
      <text FeatureID="true_1110">logo operatora</text>
      <target FeatureID="true_1110" href="SMART_HLP_OPLOGOVIEWER.html">Odebrane logo operatora</target>
   </keywords>
   <keywords>
      <text FeatureID="true_1106">zakładki</text>
      <target FeatureID="true_1106" href="SMART_HLP_ONEBOOKVIEWER.html">Odebrana zakładka</target>
   </keywords>
   <keywords>
      <text FeatureID="true_1112">odbieranie grafiki</text>
      <target FeatureID="true_1112" href="SMART_HLP_GMSVIEWER.html">Wyświetlanie wiadomości graficznych</target>
   </keywords>
   <keywords>
      <text FeatureID="true_1112">wiadomości graficzne</text>
      <target FeatureID="true_1112" href="SMART_HLP_GMSVIEWER.html">Wyświetlanie wiadomości graficznych</target>
   </keywords>
   <keywords>
      <text FeatureID="true_1537">konfiguracja dysku zdalnego</text>
      <target FeatureID="true_1537" href="SMART_HLP_REMOTEDRIVES_VIEWER.html">Odbiór konfiguracji dysku zdalnego</target>
      <target FeatureID="true_1537" href="SMART_HLP_REMOTEDRIVES_EDITOR.html">Wysyłanie konfiguracji dysku zdalnego</target>
   </keywords>
</keywords>