<?xml version="1.0" encoding="UTF-8"?>
<keywords>
   <keywords>
      <text FeatureID="-1">فریکوئنسی کی پیش ترتیبات میں ترمیم کریں</text>
      <target FeatureID="-1" href="EQ_HLP_EDITING_VIEW.html">فریکوئنسی کی پیش ترتیبات میں ترمیم کریں</target>
   </keywords>
   <keywords>
      <text FeatureID="-1">ایکوالائزر</text>
      <target FeatureID="-1" href="EQ_HLP_LIST_VIEW.html">فریکوئنسی کی پیشگی ترتیبات</target>
   </keywords>
   <keywords>
      <text FeatureID="-1">فریکوینسی بینڈز</text>
      <target FeatureID="-1" href="EQ_HLP_LIST_VIEW.html">فریکوئنسی کی پیشگی ترتیبات</target>
   </keywords>
   <keywords>
      <text FeatureID="-1">فریکوئنسی کی پیشگی ترتیبات منتخب کریں</text>
      <target FeatureID="-1" href="EQ_HLP_LIST_VIEW.html">فریکوئنسی کی پیشگی ترتیبات</target>
   </keywords>
</keywords>