<?xml version="1.0" encoding="UTF-8"?>
<keywords>
   <keywords>
      <text FeatureID="-1">การโอนย้ายข้อมูล</text>
      <target FeatureID="-1" href="SWITCH_HLP_EDIT_SHORTCUT.html">การตั้งค่าทางลัด</target>
      <target FeatureID="-1" href="SWITCH_HLP_EDIT_SHORTCUT.html">การตั้งค่าทางลัด</target>
      <target FeatureID="-1" href="SWITCH_HLP_MAIN.html">การโอนข้อมูล</target>
      <target FeatureID="-1" href="SWITCH_HLP_MAIN.html">การโอนข้อมูล</target>
      <target FeatureID="-1" href="SWITCH_HLP_LOG.html">บันทึกการโอน</target>
   </keywords>
   <keywords>
      <text FeatureID="-1">ทางลัด</text>
      <target FeatureID="-1" href="SWITCH_HLP_EDIT_SHORTCUT.html">การตั้งค่าทางลัด</target>
   </keywords>
   <keywords>
      <text FeatureID="-1">การโอนย้ายข้อมูล, ข้อขัดแย้ง</text>
      <target FeatureID="-1" href="SWITCH_HLP_CONFLICT.html">ข้อขัดแย้งการโอน</target>
   </keywords>
   <keywords>
      <text FeatureID="-1">การคัดลอกเนื้อหา</text>
      <target FeatureID="-1" href="SWITCH_HLP_MAIN.html">การโอนข้อมูล</target>
   </keywords>
   <keywords>
      <text FeatureID="-1">บันทึกการโอนย้าย</text>
      <target FeatureID="-1" href="SWITCH_HLP_LOG.html">บันทึกการโอน</target>
   </keywords>
</keywords>