<?xml version="1.0" encoding="UTF-8"?>
<keywords>
   <keywords>
      <text FeatureID="true_1604">ฝึกคัดลายมือ</text>
      <target FeatureID="true_1604" href="HWRT_HLP_MAIN_VIEW.html">ฝึกคัดลายมือ</target>
   </keywords>
   <keywords>
      <text FeatureID="true_1604">ทางลัดสำหรับการเขียนด้วยมือ</text>
      <target FeatureID="true_1604" href="HWRT_HLP_SHORTCUTS_MAIN_VIEW.html">ทางลัดสำหรับการเขียนด้วยมือ</target>
   </keywords>
</keywords>