<?xml version="1.0" encoding="UTF-8"?>
<keywords>
   <keywords>
      <text FeatureID="-1">ลักษณะของเสียง</text>
      <target FeatureID="-1" href="AUDIOTHEME_HLP_EVENTGROUPS.html">เปลี่ยนลักษณะของเสียง</target>
      <target FeatureID="-1" href="SET_HLP_AUDIO_THEME_EVENTSLIST.html">เสียงเหตุการณ์ในโทรศัพท์</target>
   </keywords>
   <keywords>
      <text FeatureID="-1">การปรับตั้งค่าโทรศัพท์</text>
      <target FeatureID="-1" href="AUDIOTHEME_HLP_EVENTGROUPS.html">เปลี่ยนลักษณะของเสียง</target>
      <target FeatureID="-1" href="SET_HLP_AUDIO_THEME_EVENTSLIST.html">เสียงเหตุการณ์ในโทรศัพท์</target>
   </keywords>
   <keywords>
      <text FeatureID="-1">เสียงโทรศัพท์</text>
      <target FeatureID="-1" href="AUDIOTHEME_HLP_EVENTGROUPS.html">เปลี่ยนลักษณะของเสียง</target>
      <target FeatureID="-1" href="SET_HLP_AUDIO_THEME_EVENTSLIST.html">เสียงเหตุการณ์ในโทรศัพท์</target>
   </keywords>
</keywords>