<?xml version="1.0" encoding="UTF-8"?>
<keywords>
   <keywords>
      <text FeatureID="-1">керування пристроєм</text>
      <target FeatureID="-1" href="CP_HLP_DEVICE_MANAGEMENT.html">Керування пристроєм</target>
   </keywords>
   <keywords>
      <text FeatureID="true_109">EAP (розширюваний протокол автентифікації)</text>
      <target FeatureID="true_109" href="SET_HLP_WLAN_EAP_SIM.html">Установки ЕАР-SIM</target>
   </keywords>
   <keywords>
      <text FeatureID="true_109">установки, WLAN</text>
      <target FeatureID="true_109" href="SET_HLP_WLAN_EAP_SIM.html">Установки ЕАР-SIM</target>
   </keywords>
   <keywords>
      <text FeatureID="-1">обмеження точок доступу</text>
      <target FeatureID="-1" href="ACL_HLP_MAIN.html">Обмеження з'єднань</target>
   </keywords>
   <keywords>
      <text FeatureID="-1">установки з'єднання</text>
      <target FeatureID="-1" href="SET_HLP_CONN_DEST_VIEW.html">Вікно пунктів призначення</target>
      <target FeatureID="-1" href="SET_HLP_DEFAULT_CONN.html">Стандартне з'єднання</target>
      <target FeatureID="-1" href="SET_HLP_CONN_METHODS_VIEW.html">Вікно точок доступу</target>
      <target FeatureID="true_1537" href="RD_HLP_REMOTE_DRIVE_CONFIG.html">Установки віддаленого носія</target>
      <target FeatureID="true_1537" href="RD_HLP_REMOTE_DRIVES.html">Віддалені носії</target>
   </keywords>
   <keywords>
      <text FeatureID="-1">установки пунктів призначення</text>
      <target FeatureID="-1" href="SET_HLP_CONN_DEST_VIEW.html">Вікно пунктів призначення</target>
   </keywords>
   <keywords>
      <text FeatureID="-1">стандартне з'єднання</text>
      <target FeatureID="-1" href="SET_HLP_DEFAULT_CONN.html">Стандартне з'єднання</target>
   </keywords>
   <keywords>
      <text FeatureID="-1">точки доступу VPN</text>
      <target FeatureID="true_99" href="SET_HLP_VPN_DEST_ASSOC_VIEW.html">З'єднання VPN</target>
      <target FeatureID="-1" href="SET_HLP_VPN_AP_SETTINGS_VIEW.html">Редагування точок доступу VPN</target>
   </keywords>
   <keywords>
      <text FeatureID="-1">точки доступу</text>
      <target FeatureID="-1" href="SET_HLP_CONN_METHODS_VIEW.html">Вікно точок доступу</target>
   </keywords>
   <keywords>
      <text FeatureID="-1">з'єднання програм</text>
      <target FeatureID="-1" href="SET_HLP_APP_DEST_ASSOC_VIEW.html">З'єднання програм</target>
   </keywords>
   <keywords>
      <text FeatureID="-1">установки програми</text>
      <target FeatureID="-1" href="CP_HLP_APPILICATION_SETTINGS.html">Установки програм</target>
   </keywords>
   <keywords>
      <text FeatureID="-1">дзвінки, установки</text>
      <target FeatureID="-1" href="SCP_HLP_CALL.html">Установки дзвінків</target>
   </keywords>
   <keywords>
      <text FeatureID="-1">установки, дзвінки</text>
      <target FeatureID="-1" href="SCP_HLP_CALL.html">Установки дзвінків</target>
   </keywords>
   <keywords>
      <text FeatureID="-1">зв’язок</text>
      <target FeatureID="-1" href="CP_HLP_CONNECTIVITY.html">Установки зв’язку</target>
   </keywords>
   <keywords>
      <text FeatureID="-1">панель керування</text>
      <target FeatureID="-1" href="CP_HLP_DISPLAY.html">Установки дисплея</target>
      <target FeatureID="-1" href="CP_HLP_IDLE.html">Головний екран</target>
      <target FeatureID="__DUAL_LANGUAGE_SUPPORT=true" href="CP_HLP_WRITING_LANGUAGE.html">Мова введення тексту</target>
   </keywords>
   <keywords>
      <text FeatureID="-1">установки дисплея</text>
      <target FeatureID="-1" href="CP_HLP_DISPLAY.html">Установки дисплея</target>
   </keywords>
   <keywords>
      <text FeatureID="-1">загальні установки</text>
      <target FeatureID="-1" href="CP_HLP_DEVICE.html">Установки пристрою</target>
   </keywords>
   <keywords>
      <text FeatureID="-1">установки пристрою</text>
      <target FeatureID="-1" href="CP_HLP_DEVICE.html">Установки пристрою</target>
   </keywords>
   <keywords>
      <text FeatureID="-1">установки мови</text>
      <target FeatureID="-1" href="CP_HLP_LANGUAGE.html">Установки мови</target>
   </keywords>
   <keywords>
      <text FeatureID="-1">установки</text>
      <target FeatureID="-1" href="CP_HLP_MAIN_VIEW.html">Установки</target>
   </keywords>
   <keywords>
      <text FeatureID="-1">установки мережі</text>
      <target FeatureID="-1" href="CP_HLP_NETWORK.html">Установки мережі</target>
      <target FeatureID="-1" href="CP_HLP_NETWORK.html">Установки мережі</target>
   </keywords>
   <keywords>
      <text FeatureID="-1">профіль</text>
      <target FeatureID="-1" href="CP_HLP_PERSONAL.html">Особисте вікно</target>
   </keywords>
   <keywords>
      <text FeatureID="-1">тема</text>
      <target FeatureID="-1" href="CP_HLP_PERSONAL.html">Особисте вікно</target>
   </keywords>
   <keywords>
      <text FeatureID="-1">очікування</text>
      <target FeatureID="-1" href="CP_HLP_PERSONAL.html">Особисте вікно</target>
   </keywords>
   <keywords>
      <text FeatureID="-1">захист, установки</text>
      <target FeatureID="-1" href="CP_HLP_SECURITY.html">Установки захисту</target>
   </keywords>
   <keywords>
      <text FeatureID="-1">установки, захист</text>
      <target FeatureID="-1" href="CP_HLP_SECURITY.html">Установки захисту</target>
   </keywords>
   <keywords>
      <text FeatureID="-1">пристрій, блокування</text>
      <target FeatureID="-1" href="SET_HLP_SECURITY_DEVICE_SIM.html">Захист пристрою</target>
   </keywords>
   <keywords>
      <text FeatureID="-1">захист</text>
      <target FeatureID="-1" href="SET_HLP_SECURITY_DEVICE_SIM.html">Захист пристрою</target>
   </keywords>
   <keywords>
      <text FeatureID="-1">установки головного екрана</text>
      <target FeatureID="-1" href="CP_HLP_IDLE.html">Головний екран</target>
   </keywords>
   <keywords>
      <text FeatureID="__DUAL_LANGUAGE_SUPPORT=true">мова введення тексту</text>
      <target FeatureID="__DUAL_LANGUAGE_SUPPORT=true" href="CP_HLP_WRITING_LANGUAGE.html">Мова введення тексту</target>
   </keywords>
   <keywords>
      <text FeatureID="-1">світловий індикатор оповіщення</text>
      <target FeatureID="-1" href="ES_HLP_LIGHT_MAIN.html">Індикатор оповіщення</target>
      <target FeatureID="-1" href="ES_HLP_LIGHT_BLINKING.html">Установки індикатора оповіщення</target>
   </keywords>
   <keywords>
      <text FeatureID="-1">установки аксесуарів</text>
      <target FeatureID="-1" href="SET_HLP_ACCESSORIES_LIST.html">Установки аксесуарів</target>
      <target FeatureID="-1" href="SET_HLP_ACCESSORIES_HEADPHONE.html">Установки навушників</target>
      <target FeatureID="-1" href="SET_HLP_ACCESSORIES_HEADSET.html">Установки гарнітури</target>
      <target FeatureID="-1" href="SET_HLP_ACCESS_WIRED_CK.html">Установки дротового автомобільного комплекту</target>
      <target FeatureID="true_1032" href="SET_HLP_ACCESSORIES_TTY.html">Установки текстового телефону</target>
      <target FeatureID="true_1540" href="SET_HLP_ACCESSORIES_TVOUT.html">Установки ТВ-виходу</target>
   </keywords>
   <keywords>
      <text FeatureID="-1">точка доступу пакетних даних</text>
      <target FeatureID="-1" href="SET_HLP_AP_SETTING_GPRS.html">Точка доступу пакетних даних</target>
   </keywords>
   <keywords>
      <text FeatureID="-1">установки пакетних даних</text>
      <target FeatureID="-1" href="SET_HLP_AP_SETTING_GPRS_AS.html">Розширені установки пакетних даних</target>
   </keywords>
   <keywords>
      <text FeatureID="-1">точки доступу пакетних даних</text>
      <target FeatureID="-1" href="SET_HLP_AP_SETTING_GPRS_AS.html">Розширені установки пакетних даних</target>
   </keywords>
   <keywords>
      <text FeatureID="true_1088 true_110">точки доступу дзвінків даних</text>
      <target FeatureID="true_110" href="SET_HLP_AP_DATA_AS_IPV4.html">Установки IPv4 дзвінків даних</target>
      <target FeatureID="true_1088" href="SET_HLP_AP_DATA_AS_IPV6.html">Установки IPv6 дзвінків даних</target>
      <target FeatureID="true_110" href="SET_HLP_AP_SETTING_DATA_AS.html">Розширені установки дзвінків даних</target>
   </keywords>
   <keywords>
      <text FeatureID="true_110">установки точки доступу</text>
      <target FeatureID="true_110" href="SET_HLP_AP_SETTING_DATA.html">Точка доступу дзвінка даних</target>
      <target FeatureID="true_110" href="SET_HLP_AP_SETTING_DATA_AS.html">Розширені установки дзвінків даних</target>
   </keywords>
   <keywords>
      <text FeatureID="true_110">установки дзвінків даних</text>
      <target FeatureID="true_110" href="SET_HLP_AP_SETTING_DATA.html">Точка доступу дзвінка даних</target>
   </keywords>
   <keywords>
      <text FeatureID="-1">віртуальна приватна мережа</text>
      <target FeatureID="-1" href="SET_HLP_VPN_AP_SETTINGS_VIEW.html">Редагування точок доступу VPN</target>
   </keywords>
   <keywords>
      <text FeatureID="-1">блокування клавіш</text>
      <target FeatureID="-1" href="CP_HLP_AUTOKEYGUARD.html">Автоматичне блокування клавіш</target>
   </keywords>
   <keywords>
      <text FeatureID="true_1537">віддалені носії</text>
      <target FeatureID="true_1537" href="RD_HLP_REMOTE_DRIVE_CONFIG.html">Установки віддаленого носія</target>
      <target FeatureID="true_1537" href="RD_HLP_REMOTE_DRIVES.html">Віддалені носії</target>
   </keywords>
   <keywords>
      <text FeatureID="-1">заборона дзвінків</text>
      <target FeatureID="-1" href="SET_HLP_BARRING_SETTINGS.html">Заборона телефонних дзвінків</target>
      <target FeatureID="-1" href="SET_HLP_BARRING_SETTINGS.html">Заборона телефонних дзвінків</target>
      <target FeatureID="true_298" href="DIV_HLP_BARRING_MAIN.html">Заборона дзвінків</target>
      <target FeatureID="true_298" href="DIV_HLP_BARRING_MAIN.html">Заборона дзвінків</target>
   </keywords>
   <keywords>
      <text FeatureID="-1">переадресація дзвінків</text>
      <target FeatureID="-1" href="DIV_HLP_CALL_FORW_MAIN.html">Переадресація дзвінків</target>
      <target FeatureID="-1" href="DIV_HLP_CALL_FORW_MAIN.html">Переадресація дзвінків</target>
      <target FeatureID="-1" href="DIV_HLP_CALL_FORW_VOI.html">Переадресація голосових дзвінків</target>
   </keywords>
   <keywords>
      <text FeatureID="-1">установки синхронізації</text>
      <target FeatureID="-1" href="CP_HLP_SYNCHRONISATION.html">Установки синхронізації</target>
   </keywords>
   <keywords>
      <text FeatureID="-1">встановлення програм</text>
      <target FeatureID="-1" href="CP_HLP_INSTALLATIONS.html">Встановлення</target>
   </keywords>
   <keywords>
      <text FeatureID="-1">установки навушників</text>
      <target FeatureID="-1" href="SET_HLP_ACCESSORIES_HEADPHONE.html">Установки навушників</target>
   </keywords>
   <keywords>
      <text FeatureID="-1">установки гарнітури</text>
      <target FeatureID="-1" href="SET_HLP_ACCESSORIES_HEADSET.html">Установки гарнітури</target>
   </keywords>
   <keywords>
      <text FeatureID="-1">установки дротового автомобільного комплекту</text>
      <target FeatureID="-1" href="SET_HLP_ACCESS_WIRED_CK.html">Установки дротового автомобільного комплекту</target>
   </keywords>
   <keywords>
      <text FeatureID="-1">установки автомобільного комплекту</text>
      <target FeatureID="-1" href="SET_HLP_ACCESS_WIRED_CK.html">Установки дротового автомобільного комплекту</target>
   </keywords>
   <keywords>
      <text FeatureID="-1">установки музичної підставки</text>
      <target FeatureID="-1" href="SET_HLP_ACCESSORIES_MUSIC_ST.html">Установки музичної підставки</target>
   </keywords>
   <keywords>
      <text FeatureID="true_1032">установки TTY</text>
      <target FeatureID="true_1032" href="SET_HLP_ACCESSORIES_TTY.html">Установки текстового телефону</target>
   </keywords>
   <keywords>
      <text FeatureID="true_1032">установки TDD</text>
      <target FeatureID="true_1032" href="SET_HLP_ACCESSORIES_TTY.html">Установки текстового телефону</target>
   </keywords>
   <keywords>
      <text FeatureID="true_1540">установки ТВ-виходу</text>
      <target FeatureID="true_1540" href="SET_HLP_ACCESSORIES_TVOUT.html">Установки ТВ-виходу</target>
   </keywords>
</keywords>