<?xml version="1.0" encoding="UTF-8"?>
<keywords>
   <keywords>
      <text FeatureID="-1">VPN (Virtual Private Network - виртуална частна мрежа)</text>
      <target FeatureID="-1" href="SET_HLP_VPN_LOG_VIEW.html">VPN дневник</target>
      <target FeatureID="-1" href="SET_HLP_VPN_CONFIG_MAIN.html">Администриране на VPN</target>
      <target FeatureID="-1" href="SET_HLP_VPN_POLICY_VIEW.html">VPN пакети</target>
      <target FeatureID="-1" href="SET_HLP_VPN_POLICY_SERVERS.html">Сървъри за VPN пакети</target>
      <target FeatureID="-1" href="SET_HLP_VPN_POLICY_SERVER_SET.html">Настройки за VPN сървър</target>
   </keywords>
</keywords>