<?xml version="1.0" encoding="UTF-8"?>
<keywords>
   <keywords>
      <text FeatureID="-1">פרופילי XDM</text>
      <target FeatureID="-1" href="XDM_HLP_LIST_VIEW.html">פרופילי XDM</target>
      <target FeatureID="-1" href="XDM_HLP_EDIT_SET.html">הגדרות פרופיל XDM</target>
   </keywords>
   <keywords>
      <text FeatureID="-1">הגדרות XDM</text>
      <target FeatureID="-1" href="XDM_HLP_EDIT_SET.html">הגדרות פרופיל XDM</target>
   </keywords>
</keywords>