<?xml version="1.0" encoding="UTF-8"?>
<keywords>
   <keywords>
      <text FeatureID="-1">modifica di immagini</text>
      <target FeatureID="-1" href="SIE_HLP_MAIN.html">Modificare le immagini</target>
   </keywords>
   <keywords>
      <text FeatureID="-1">modifica di testo</text>
      <target FeatureID="-1" href="SIE_HLP_EDIT_TEXT.html">Modificare il testo nelle immagini</target>
   </keywords>
   <keywords>
      <text FeatureID="-1">immagini, editor</text>
      <target FeatureID="-1" href="SIE_HLP_EDIT_TEXT.html">Modificare il testo nelle immagini</target>
   </keywords>
   <keywords>
      <text FeatureID="-1">modifica di immagini ingrandite o ridotte</text>
      <target FeatureID="-1" href="SIE_HLP_ZOOMING.html">Modificare le immagini ingrandite o ridotte</target>
   </keywords>
   <keywords>
      <text FeatureID="-1">ingrandimento o riduzione di immagini</text>
      <target FeatureID="-1" href="SIE_HLP_ZOOMING.html">Modificare le immagini ingrandite o ridotte</target>
   </keywords>
   <keywords>
      <text FeatureID="-1">modifica di clipart</text>
      <target FeatureID="-1" href="SIE_HLP_EDIT_CLIPART.html">Modificare le clipart</target>
   </keywords>
   <keywords>
      <text FeatureID="-1">modifica di nuvolette</text>
      <target FeatureID="-1" href="SIE_HLP_EDIT_CLIPART.html">Modificare le clipart</target>
   </keywords>
   <keywords>
      <text FeatureID="-1">riduzione effetto occhi rossi</text>
      <target FeatureID="-1" href="SIE_HLP_REDEYE.html">Riduzione dell'effetto occhi rossi</target>
   </keywords>
</keywords>