<?xml version="1.0" encoding="UTF-8"?>
<keywords>
   <keywords>
      <text FeatureID="-1">anniversary entries</text>
      <target FeatureID="-1" href="FSCA_HLP_ANNIVERSARY_EDITOR.html">Create anniversary entries</target>
      <target FeatureID="-1" href="FSCA_HLP_ANNI_VIEWER.html">Edit anniversary entries</target>
   </keywords>
   <keywords>
      <text FeatureID="-1">meeting entries</text>
      <target FeatureID="-1" href="FSCA_HLP_CALE_MEETING_EDITOR.html">Create meeting entries</target>
      <target FeatureID="-1" href="FSCA_HLP_CALE_MEETING_VIEWER.html">Edit meeting entries</target>
   </keywords>
   <keywords>
      <text FeatureID="-1">memo entries</text>
      <target FeatureID="-1" href="FSCA_HLP_MEMO_EDITOR.html">Create memo entries</target>
      <target FeatureID="-1" href="FSCA_HLP_MEMO_VIEWER.html">Edit memo entries</target>
   </keywords>
   <keywords>
      <text FeatureID="-1">to-do entries</text>
      <target FeatureID="-1" href="FSCA_HLP_TODO_EDITOR.html">Create to-do entries</target>
      <target FeatureID="-1" href="FSCA_HLP_TODO_VIEWER.html">Edit to-do entries</target>
   </keywords>
   <keywords>
      <text FeatureID="-1">meeting requests</text>
      <target FeatureID="-1" href="FSCA_HLP_RESPONSE_EDITOR.html">Edit your response</target>
      <target FeatureID="-1" href="FSCA_HLP_VIEWER_ORGANIZER.html">Manage meeting requests</target>
      <target FeatureID="-1" href="MEET_REQ_HLP_EDITOR.html">Received meeting requests</target>
      <target FeatureID="-1" href="FSCA_HLP_VIEWER.html">Respond to meeting requests</target>
   </keywords>
   <keywords>
      <text FeatureID="-1">contacten</text>
      <target FeatureID="-1" href="RLOOK_HLP_INFO_VIEW.html">Gevonden contacten beheren</target>
   </keywords>
   <keywords>
      <text FeatureID="-1">contacten, zoeken</text>
      <target FeatureID="-1" href="RLOOK_HLP_RESULT_VIEW.html">Zoekresultaten</target>
   </keywords>
   <keywords>
      <text FeatureID="-1">e-mail, bijlagen</text>
      <target FeatureID="-1" href="FSE_HLP_ATTACHMENT_LIST_EDITOR.html">Bijlagen toevoegen</target>
   </keywords>
   <keywords>
      <text FeatureID="-1">verwijderde e-mail</text>
      <target FeatureID="-1" href="FSE_HLP_MESSAGE_LIST_DELETED.html">Verwijderde e-mailberichten</target>
   </keywords>
   <keywords>
      <text FeatureID="-1">e-mailbijlagen downloaden</text>
      <target FeatureID="-1" href="FSE_HLP_ATTACHMENT_LIST.html">Bijlagen downloaden</target>
   </keywords>
   <keywords>
      <text FeatureID="-1">concept voor e-mail</text>
      <target FeatureID="-1" href="FSE_HLP_MESSAGE_LIST_DRAFTS.html">Ontwerp-e-mailberichten</target>
   </keywords>
   <keywords>
      <text FeatureID="-1">Nokia e-mail</text>
      <target FeatureID="-1" href="FSE_HLP_LAUNCHER_GRID.html">Nokia e-mail</target>
   </keywords>
   <keywords>
      <text FeatureID="-1">e-mail</text>
      <target FeatureID="-1" href="FSE_HLP_LAUNCHER_GRID.html">Nokia e-mail</target>
   </keywords>
   <keywords>
      <text FeatureID="-1">e-mailmappen</text>
      <target FeatureID="-1" href="FSE_HLP_FOLDER_LIST.html">E-mailmappen</target>
      <target FeatureID="-1" href="FSE_HLP_SETT_IMAP_SUBSCR.html">Mapabonnementen opzeggen</target>
      <target FeatureID="-1" href="FSE_HLP_MESSAGE_LIST_INBOX.html">Werken met e-mailmappen</target>
   </keywords>
   <keywords>
      <text FeatureID="-1">e-mailinstellingen</text>
      <target FeatureID="-1" href="FSE_HLP_LAUNCHER_SETTINGS.html">Algemene instellingen voor e-mail</target>
      <target FeatureID="-1" href="FSE_HLP_POP_IMAP_SETT_MAIN.html">Instellingen voor e-mail</target>
      <target FeatureID="-1" href="FSE_HLP_MFE_SETTINGS_MAIN_VIEW.html">Instellingen voor e-mail</target>
   </keywords>
   <keywords>
      <text FeatureID="-1">globale e-mailinstellingen</text>
      <target FeatureID="-1" href="FSE_HLP_SETTINGS_GLOBAL.html">Globale e-mailinstellingen</target>
   </keywords>
   <keywords>
      <text FeatureID="-1">HTML-e-mail</text>
      <target FeatureID="-1" href="FS_VIEWER_HLP_HTML_VIEW.html">E-mail met HTML-opmaak</target>
   </keywords>
   <keywords>
      <text FeatureID="-1">geavanceerde e-mailinstellingen</text>
      <target FeatureID="-1" href="FSE_HLP_POP_IMAP_SETT_ADV.html">Geavanceerde instellingen voor e-mail</target>
   </keywords>
   <keywords>
      <text FeatureID="-1">instellingen voor inkomende e-mail</text>
      <target FeatureID="-1" href="FSE_HLP_POP_IMAP_SETT_INCOMING.html">Instellingen voor inkomende e-mail</target>
   </keywords>
   <keywords>
      <text FeatureID="-1">instellingen voor uitgaande e-mail</text>
      <target FeatureID="-1" href="FSE_HLP_POP_IMAP_SETT_OUTGOING.html">Instellingen uitgaande e-mail</target>
   </keywords>
   <keywords>
      <text FeatureID="-1">e-mailsynchronisatie</text>
      <target FeatureID="-1" href="FSE_HLP_POP_IMAP_SETT_WHAT.html">Synchronisatie-inhoud selecteren</target>
   </keywords>
   <keywords>
      <text FeatureID="-1">e-mailsynchronisatietijd</text>
      <target FeatureID="-1" href="FSE_HLP_POP_IMAP_SETT_WHEN.html">Synchronisatieschema instellen</target>
      <target FeatureID="-1" href="FSE_HLP_MFE_SETTINGS_WHEN_SYNC.html">Synchronisatieschema instellen</target>
      <target FeatureID="-1" href="FSE_HLP_SETTINGS_WHEN_SYNC.html">Synchronisatietijd</target>
   </keywords>
   <keywords>
      <text FeatureID="-1">Mail for Exchange</text>
      <target FeatureID="-1" href="FSE_HLP_MFE_LAUNCHER_MAIN_VIEW.html">Mail for Exchange-e-mail</target>
   </keywords>
   <keywords>
      <text FeatureID="-1">e-maildetails</text>
      <target FeatureID="-1" href="FS_VIEWER_HLP_DETAILS_VIEW.html">Berichtgegevens</target>
   </keywords>
   <keywords>
      <text FeatureID="-1">geavanceerde mailboxinstellingen</text>
      <target FeatureID="-1" href="FSE_HLP_MFE_SETTINGS_ADVANCED.html">Geavanceerde mailboxinstellingen</target>
   </keywords>
   <keywords>
      <text FeatureID="-1">instellingen voor e-mailsynchronisatie</text>
      <target FeatureID="-1" href="FSE_HLP_MFE_SETTINGS_PIM_APPS.html">Synchronisatie-instellingen voor toepassingen</target>
   </keywords>
   <keywords>
      <text FeatureID="-1">agendasynchronisatie</text>
      <target FeatureID="-1" href="FSE_HLP_MFE_CALENDAR_APP.html">Synchronisatie-instellingen voor Agenda</target>
   </keywords>
   <keywords>
      <text FeatureID="-1">synchronisatie van contacten,</text>
      <target FeatureID="-1" href="FSE_HLP_MFE_CONTACTS_APP.html">Synchronisatie-instellingen voor contacten</target>
   </keywords>
   <keywords>
      <text FeatureID="-1">mailboxinstellingen</text>
      <target FeatureID="-1" href="FSE_HLP_MFE_SETTINGS_MAILBOX.html">Algemene mailboxinstellingen</target>
   </keywords>
   <keywords>
      <text FeatureID="-1">e-mailsynchronisatie-inhoud</text>
      <target FeatureID="-1" href="FSE_HLP_MFE_SETTINGS_WHAT_SYNC.html">Synchronisatie-inhoud kiezen</target>
   </keywords>
   <keywords>
      <text FeatureID="-1">synchronisatie van e-mailmap</text>
      <target FeatureID="-1" href="FSE_HLP_MFE_SETTINGS_FOLDER.html">Instellingen voor synchronisatie</target>
   </keywords>
   <keywords>
      <text FeatureID="-1">taakitemsynchronisatie</text>
      <target FeatureID="-1" href="FSE_HLP_MFE_TASKS_APP.html">Synchronisatie-instellingen taaklijsten</target>
   </keywords>
   <keywords>
      <text FeatureID="-1">geen e-mailberichten</text>
      <target FeatureID="-1" href="FSE_HLP_MESSAGE_LIST_EMPTY.html">Geen berichten</target>
   </keywords>
   <keywords>
      <text FeatureID="-1">outbox van e-mail</text>
      <target FeatureID="-1" href="FSE_HLP_MESSAGE_LIST_OUTBOX.html">Werken met Outbox</target>
   </keywords>
   <keywords>
      <text FeatureID="-1">vergaderverzoeken</text>
      <target FeatureID="-1" href="FS_VIEWER_HLP_MEETING_REQ_VIEW.html">Reageren op een vergaderverzoek</target>
   </keywords>
   <keywords>
      <text FeatureID="-1">zoeken in e-mail</text>
      <target FeatureID="-1" href="FSE_HLP_MESSAGE_LIST_SEARCHING.html">E-mail zoeken</target>
   </keywords>
   <keywords>
      <text FeatureID="-1">resultaten van zoeken in e-mail</text>
      <target FeatureID="-1" href="FSE_HLP_MESSAGE_LIST_SEARCHED.html">Zoekresultaten</target>
   </keywords>
   <keywords>
      <text FeatureID="-1">e-mail verzenden</text>
      <target FeatureID="-1" href="FS_EDITOR_HLP_MAIN_VIEW.html">E-mail verzenden</target>
   </keywords>
   <keywords>
      <text FeatureID="-1">PIM-service</text>
      <target FeatureID="-1" href="FSE_HLP_SETTINGS_PIM_VIEW.html">PIM-service</target>
   </keywords>
   <keywords>
      <text FeatureID="-1">toepassingen synchroniseren</text>
      <target FeatureID="-1" href="FSE_HLP_SETTINGS_APPLICATIONS.html">Toepassingen synchroniseren</target>
   </keywords>
   <keywords>
      <text FeatureID="-1">ontvangen e-mail</text>
      <target FeatureID="-1" href="FS_VIEWER_HLP_MAIN_VIEW.html">Werken met ontvangen e-mail</target>
   </keywords>
   <keywords>
      <text FeatureID="-1">mail, instellingen</text>
      <target FeatureID="-1" href="FSE_HLP_SETT.html">Instellingen</target>
   </keywords>
   <keywords>
      <text FeatureID="-1">mail, accountinstellingen</text>
      <target FeatureID="-1" href="FSE_HLP_ACCT_INFO.html">E-mailaccountinstellingen</target>
   </keywords>
   <keywords>
      <text FeatureID="-1">mail, synchronisatie</text>
      <target FeatureID="-1" href="FSE_HLP_SYNC_SETT.html">Synchronisatie-instellingen</target>
   </keywords>
   <keywords>
      <text FeatureID="-1">mail, vergaderitems</text>
      <target FeatureID="-1" href="FS_VIEWER_HLP_MR_RECEIVED.html">Vergaderverzoeken</target>
   </keywords>
   <keywords>
      <text FeatureID="-1">vergaderitems</text>
      <target FeatureID="-1" href="FS_VIEWER_HLP_MR_RECEIVED.html">Vergaderverzoeken</target>
   </keywords>
</keywords>