<?xml version="1.0" encoding="UTF-8"?><?xml-stylesheet  href="../../theme/xsl/index2html.xslt" type="text/xsl"?>
<topics FeatureID="-1" title="Телефонна книга" compressed="true">
   <topicref FeatureID="-1" href="FDN_HLP_FDN_NUM_EDIT_VIEW.html" navtitle="Редагування контактів"/>
   <topicref FeatureID="-1" href="FDN_HLP_FDN_NUMBER_VIEW.html" navtitle="Контакти фіксованого набору"/>
   <topicref FeatureID="-1" href="FDN_HLP_FDN_VIEW.html" navtitle="Обмеження дзвінків"/>
   <topicref FeatureID="-1" href="SDN_HLP_APP.html" navtitle="Сервісні номери"/>
   <topicref FeatureID="-1" href="HLP_CCA_DETAILS.html" navtitle="Деталі контакту"/>
   <topicref FeatureID="-1" href="HLP_CCA_EDITOR.html" navtitle="Редагування контактних карток"/>
   <topicref FeatureID="-1" href="HLP_CCA_LAUNCHER.html" navtitle="Контактні картки"/>
   <topicref FeatureID="-1" href="PHOB_HLP_GROUP_LIST.html" navtitle="Групи контактів"/>
   <topicref FeatureID="-1" href="PHOB_HLP_SIM_LIST.html" navtitle="Довідник SIM-контактів"/>
   <topicref FeatureID="-1" href="PHOB_HLP_MY_NUMBERS.html" navtitle="Мої номери"/>
   <topicref FeatureID="-1" href="PHOB_HLP_GROUP_MEMBER_LIST.html" navtitle="Учасники групи"/>
   <topicref FeatureID="-1" href="PHOB_HLP_SETTINGS.html" navtitle="Установки контактів"/>
   <topicref FeatureID="-1" href="PHOB_HLP_NAME_LIST.html" navtitle="Довідник «Контакти»"/>
</topics>