<?xml version="1.0" encoding="UTF-8"?>
<keywords>
   <keywords>
      <text FeatureID="-1">contact groups</text>
      <target FeatureID="-1" href="PHOB_HLP_GROUP_LIST.html">Contact groups</target>
   </keywords>
   <keywords>
      <text FeatureID="-1">контакти SIM</text>
      <target FeatureID="-1" href="PHOB_HLP_SIM_LIST.html">Довідник контактів SIM</target>
   </keywords>
   <keywords>
      <text FeatureID="-1">номер SIM</text>
      <target FeatureID="-1" href="PHOB_HLP_MY_NUMBERS.html">Мої номери</target>
   </keywords>
   <keywords>
      <text FeatureID="-1">групи контактів</text>
      <target FeatureID="-1" href="PHOB_HLP_GROUP_MEMBER_LIST.html">Учасники групи</target>
   </keywords>
   <keywords>
      <text FeatureID="-1">порядок імен у довіднику «Контакти»</text>
      <target FeatureID="-1" href="PHOB_HLP_SETTINGS.html">Установки контактів</target>
   </keywords>
   <keywords>
      <text FeatureID="-1">пам’ять контактів</text>
      <target FeatureID="-1" href="PHOB_HLP_SETTINGS.html">Установки контактів</target>
   </keywords>
   <keywords>
      <text FeatureID="-1">стандартна пам’ять</text>
      <target FeatureID="-1" href="PHOB_HLP_SETTINGS.html">Установки контактів</target>
   </keywords>
   <keywords>
      <text FeatureID="-1">довідник «Контакти»</text>
      <target FeatureID="-1" href="PHOB_HLP_NAME_LIST.html">Список контактів</target>
   </keywords>
   <keywords>
      <text FeatureID="-1">контактна інформація</text>
      <target FeatureID="-1" href="PHOB_HLP_NAME_LIST.html">Список контактів</target>
   </keywords>
   <keywords>
      <text FeatureID="-1">телефонна книга</text>
      <target FeatureID="-1" href="PHOB_HLP_NAME_LIST.html">Список контактів</target>
   </keywords>
   <keywords>
      <text FeatureID="-1">контакти</text>
      <target FeatureID="-1" href="RLOOK_HLP_INFO_VIEW.html">Керування знайденим контактом</target>
   </keywords>
   <keywords>
      <text FeatureID="-1">контактні картки</text>
      <target FeatureID="-1" href="PHOB_HLP_CONTACT_INFO_VIEW.html">Контактні картки</target>
      <target FeatureID="-1" href="PHOB_HLP_EDIT_ENTRY.html">Редагування контактних карток</target>
   </keywords>
   <keywords>
      <text FeatureID="-1">записи в телефонній книзі</text>
      <target FeatureID="-1" href="PHOB_HLP_CONTACT_INFO_VIEW.html">Контактні картки</target>
   </keywords>
   <keywords>
      <text FeatureID="-1">фіксований набір</text>
      <target FeatureID="-1" href="FDN_HLP_FDN_NUMBER_VIEW.html">Контакти фіксованого набору</target>
      <target FeatureID="-1" href="FDN_HLP_FDN_VIEW.html">Обмеження дзвінків</target>
   </keywords>
   <keywords>
      <text FeatureID="-1">обмеження дзвінків</text>
      <target FeatureID="-1" href="FDN_HLP_FDN_VIEW.html">Обмеження дзвінків</target>
   </keywords>
   <keywords>
      <text FeatureID="-1">сервісні номери</text>
      <target FeatureID="-1" href="SDN_HLP_APP.html">Сервісні номери</target>
   </keywords>
   <keywords>
      <text FeatureID="-1">сервісні номери SIM</text>
      <target FeatureID="-1" href="SDN_HLP_APP.html">Сервісні номери</target>
   </keywords>
   <keywords>
      <text FeatureID="-1">сервісні номери на SIM-картці</text>
      <target FeatureID="-1" href="SDN_HLP_APP.html">Сервісні номери</target>
   </keywords>
   <keywords>
      <text FeatureID="-1">SIM-картка</text>
      <target FeatureID="-1" href="PHOB_HLP_SIM_INFO_VIEW.html">Контактні картки SIM</target>
   </keywords>
   <keywords>
      <text FeatureID="-1">Контакти SIM</text>
      <target FeatureID="-1" href="PHOB_HLP_SIM_INFO_VIEW.html">Контактні картки SIM</target>
   </keywords>
</keywords>