<?xml version="1.0" encoding="UTF-8"?>
<keywords>
   <keywords>
      <text FeatureID="-1">certificate autoritate</text>
      <target FeatureID="-1" href="CM_HLP_AUTHORITY.html">Certificate autoritate</target>
   </keywords>
   <keywords>
      <text FeatureID="-1">certificate</text>
      <target FeatureID="-1" href="CM_HLP_AUTHORITY.html">Certificate autoritate</target>
      <target FeatureID="-1" href="CM_HLP_DEVICE.html">Certificatele aparatului</target>
      <target FeatureID="-1" href="CM_HLP_MAIN.html">Gestionarea certificatelor</target>
      <target FeatureID="-1" href="CM_HLP_PERSONAL.html">Certificate personale</target>
      <target FeatureID="-1" href="CM_HLP_TRUSTED_SITE.html">Certificate site-uri de încredere</target>
      <target FeatureID="-1" href="CM_HLP_TRUST_SETTINGS.html">Editaţi setările de încredere</target>
   </keywords>
   <keywords>
      <text FeatureID="-1">certificate siguranţă</text>
      <target FeatureID="-1" href="CM_HLP_AUTHORITY.html">Certificate autoritate</target>
      <target FeatureID="-1" href="CM_HLP_MAIN.html">Gestionarea certificatelor</target>
   </keywords>
   <keywords>
      <text FeatureID="-1">certificatele aparatului</text>
      <target FeatureID="-1" href="CM_HLP_DEVICE.html">Certificatele aparatului</target>
   </keywords>
   <keywords>
      <text FeatureID="-1">certificate personale</text>
      <target FeatureID="-1" href="CM_HLP_PERSONAL.html">Certificate personale</target>
   </keywords>
   <keywords>
      <text FeatureID="-1">certificate site-uri de încredere</text>
      <target FeatureID="-1" href="CM_HLP_TRUSTED_SITE.html">Certificate site-uri de încredere</target>
   </keywords>
   <keywords>
      <text FeatureID="-1">setări încredere</text>
      <target FeatureID="-1" href="CM_HLP_TRUST_SETTINGS.html">Editaţi setările de încredere</target>
   </keywords>
</keywords>