<?xml version="1.0" encoding="UTF-8"?>
<keywords>
   <keywords>
      <text FeatureID="-1">bókamerki</text>
      <target FeatureID="-1" href="OSS_HLP_BM_ADDBM.html">Bæta við bókamerkjum</target>
      <target FeatureID="-1" href="OSS_HLP_BM_MAIN.html">Bókamerki skoðuð</target>
      <target FeatureID="-1" href="OSS_HLP_BM_EDIT.html">Breyting bókamerkja</target>
   </keywords>
   <keywords>
      <text FeatureID="-1">bókamerki vafra</text>
      <target FeatureID="-1" href="OSS_HLP_BM_ADDBM.html">Bæta við bókamerkjum</target>
      <target FeatureID="-1" href="OSS_HLP_BM_EDIT.html">Breyting bókamerkja</target>
   </keywords>
   <keywords>
      <text FeatureID="-1">vefur</text>
      <target FeatureID="-1" href="OSS_HLP_BM_ADDBM.html">Bæta við bókamerkjum</target>
      <target FeatureID="true_167" href="OSS_HLP_RSS_ADD.html">Vefstraumum bætt við</target>
      <target FeatureID="-1" href="OSS_HLP_PAGEVIEW.html">Vafrað á netinu</target>
      <target FeatureID="-1" href="OSS_HLP_BM_EDIT.html">Breyting bókamerkja</target>
      <target FeatureID="true_167" href="OSS_HLP_RSS_EDIT.html">Breyting vefstrauma</target>
      <target FeatureID="true_167" href="OSS_HLP_RSS_ARTICLE.html">Greinar vefstrauma</target>
      <target FeatureID="true_167" href="OSS_HLP_RSS_ARTICLELST.html">Vefstraumar</target>
      <target FeatureID="true_167" href="OSS_HLP_RSS_MAIN.html">Vefstraumar og blogg</target>
   </keywords>
   <keywords>
      <text FeatureID="true_167">straumar</text>
      <target FeatureID="true_167" href="OSS_HLP_RSS_ADD.html">Vefstraumum bætt við</target>
      <target FeatureID="true_167" href="OSS_HLP_RSS_EDIT.html">Breyting vefstrauma</target>
      <target FeatureID="true_167" href="OSS_HLP_RSS_ARTICLE.html">Greinar vefstrauma</target>
      <target FeatureID="true_167" href="OSS_HLP_RSS_ARTICLELST.html">Vefstraumar</target>
      <target FeatureID="true_167" href="OSS_HLP_RSS_MAIN.html">Vefstraumar og blogg</target>
   </keywords>
   <keywords>
      <text FeatureID="true_167">RSS-straumar</text>
      <target FeatureID="true_167" href="OSS_HLP_RSS_ADD.html">Vefstraumum bætt við</target>
      <target FeatureID="true_167" href="OSS_HLP_RSS_ARTICLELST.html">Vefstraumar</target>
      <target FeatureID="true_167" href="OSS_HLP_RSS_MAIN.html">Vefstraumar og blogg</target>
   </keywords>
   <keywords>
      <text FeatureID="true_167">fréttir og blogg</text>
      <target FeatureID="true_167" href="OSS_HLP_RSS_ADD.html">Vefstraumum bætt við</target>
      <target FeatureID="true_167" href="OSS_HLP_RSS_EDIT.html">Breyting vefstrauma</target>
      <target FeatureID="true_167" href="OSS_HLP_RSS_ARTICLE.html">Greinar vefstrauma</target>
      <target FeatureID="true_167" href="OSS_HLP_RSS_ARTICLELST.html">Vefstraumar</target>
      <target FeatureID="true_167" href="OSS_HLP_RSS_MAIN.html">Vefstraumar og blogg</target>
   </keywords>
   <keywords>
      <text FeatureID="true_167">blogg</text>
      <target FeatureID="true_167" href="OSS_HLP_RSS_ADD.html">Vefstraumum bætt við</target>
      <target FeatureID="true_167" href="OSS_HLP_RSS_EDIT.html">Breyting vefstrauma</target>
      <target FeatureID="true_167" href="OSS_HLP_RSS_ARTICLE.html">Greinar vefstrauma</target>
      <target FeatureID="true_167" href="OSS_HLP_RSS_ARTICLELST.html">Vefstraumar</target>
      <target FeatureID="true_167" href="OSS_HLP_RSS_MAIN.html">Vefstraumar og blogg</target>
   </keywords>
   <keywords>
      <text FeatureID="-1">skoðun vefsíðna</text>
      <target FeatureID="-1" href="OSS_HLP_PAGEVIEW.html">Vafrað á netinu</target>
   </keywords>
   <keywords>
      <text FeatureID="-1">vafri</text>
      <target FeatureID="-1" href="OSS_HLP_BM_MAIN.html">Bókamerki skoðuð</target>
   </keywords>
   <keywords>
      <text FeatureID="true_167">rss-straumar</text>
      <target FeatureID="true_167" href="OSS_HLP_RSS_EDIT.html">Breyting vefstrauma</target>
      <target FeatureID="true_167" href="OSS_HLP_RSS_ARTICLE.html">Greinar vefstrauma</target>
   </keywords>
   <keywords>
      <text FeatureID="-1">vafrastillingar</text>
      <target FeatureID="-1" href="OSS_HLP_SETTINGS_GENERAL.html">Almennar stillingar</target>
      <target FeatureID="-1" href="OSS_HLP_SETTINGS_PAGE.html">Síðustillingar</target>
      <target FeatureID="-1" href="OSS_HLP_SETTINGS_PRIVACY.html">Einkastillingar</target>
      <target FeatureID="true_167" href="OSS_HLP_SETTINGS_RSS.html">Stillingar vefstrauma</target>
      <target FeatureID="-1" href="OSS_HLP_SETTINGS_FOLDERS.html">Vefstillingar</target>
      <target FeatureID="false_410" href="OSS_HLP_SHORTCUTS.html">Flýtivísar tækjastiku</target>
      <target FeatureID="false_410" href="OSS_HLP_KEYPAD.html">Flýtivísar á takkaborði</target>
   </keywords>
   <keywords>
      <text FeatureID="-1">vefstillingar</text>
      <target FeatureID="-1" href="OSS_HLP_SETTINGS_GENERAL.html">Almennar stillingar</target>
      <target FeatureID="-1" href="OSS_HLP_SETTINGS_PAGE.html">Síðustillingar</target>
      <target FeatureID="-1" href="OSS_HLP_SETTINGS_PRIVACY.html">Einkastillingar</target>
      <target FeatureID="true_167" href="OSS_HLP_SETTINGS_RSS.html">Stillingar vefstrauma</target>
      <target FeatureID="-1" href="OSS_HLP_SETTINGS_FOLDERS.html">Vefstillingar</target>
      <target FeatureID="false_410" href="OSS_HLP_SHORTCUTS.html">Flýtivísar tækjastiku</target>
      <target FeatureID="false_410" href="OSS_HLP_KEYPAD.html">Flýtivísar á takkaborði</target>
   </keywords>
   <keywords>
      <text FeatureID="-1">uppsetning fyrir vef</text>
      <target FeatureID="-1" href="OSS_HLP_SETTINGS_PAGE.html">Síðustillingar</target>
      <target FeatureID="true_167" href="OSS_HLP_SETTINGS_RSS.html">Stillingar vefstrauma</target>
      <target FeatureID="-1" href="OSS_HLP_SETTINGS_FOLDERS.html">Vefstillingar</target>
   </keywords>
   <keywords>
      <text FeatureID="-1">einkastillingar</text>
      <target FeatureID="-1" href="OSS_HLP_SETTINGS_PRIVACY.html">Einkastillingar</target>
   </keywords>
   <keywords>
      <text FeatureID="-1">opna ákveðna síðu</text>
      <target FeatureID="-1" href="OSS_HLP_PAGEVIEW_EMBED.html">Vefur í forritum</target>
   </keywords>
   <keywords>
      <text FeatureID="-1">vefur í forritum</text>
      <target FeatureID="-1" href="OSS_HLP_PAGEVIEW_EMBED.html">Vefur í forritum</target>
   </keywords>
</keywords>