<?xml version="1.0" encoding="UTF-8"?>
<keywords>
   <keywords>
      <text FeatureID="-1">pemutar musik</text>
      <target FeatureID="-1" href="MUS_HLP_TRACKS_VIEW.html">Lagu</target>
      <target FeatureID="-1" href="MUS_HLP_CATEGORY_VIEW.html">Kategori musik</target>
      <target FeatureID="-1" href="MUS_HLP_PODCAST_MAIN_VIEW.html">Podcast</target>
      <target FeatureID="-1" href="MUS_HLP_PODCAST_EPISODES.html">Episode podcast</target>
      <target FeatureID="-1" href="MUS_HLP_PLAYLISTS_VIEW.html">Daftar putar musik</target>
      <target FeatureID="-1" href="MUS_HLP_AUDIO_SETT.html">Pengaturan audio</target>
   </keywords>
   <keywords>
      <text FeatureID="-1">podcasting</text>
      <target FeatureID="-1" href="MUS_HLP_PODCAST_MAIN_VIEW.html">Podcast</target>
      <target FeatureID="-1" href="MUS_HLP_PODCAST_EPISODES.html">Episode podcast</target>
   </keywords>
   <keywords>
      <text FeatureID="-1">daftar putar</text>
      <target FeatureID="-1" href="MUS_HLP_PLAYLISTS_VIEW.html">Daftar putar musik</target>
   </keywords>
   <keywords>
      <text FeatureID="-1">music player</text>
      <target FeatureID="-1" href="MUS_HLP_DOWNLOAD_PLAYBACK_VIEW.html">Play music on web</target>
      <target FeatureID="-1" href="MUS_HLP_LIB_MAIN_VIEW.html">Music library</target>
   </keywords>
   <keywords>
      <text FeatureID="-1">pengeras bass</text>
      <target FeatureID="-1" href="MUS_HLP_AUDIO_SETT.html">Pengaturan audio</target>
   </keywords>
   <keywords>
      <text FeatureID="-1">pelebaran stereo</text>
      <target FeatureID="-1" href="MUS_HLP_AUDIO_SETT.html">Pengaturan audio</target>
   </keywords>
</keywords>