<?xml version="1.0" encoding="UTF-8"?>
<keywords>
   <keywords>
      <text FeatureID="-1">أسعار الصرف</text>
      <target FeatureID="-1" href="CNV_HLP_RATES.html">ضبط العملة</target>
   </keywords>
   <keywords>
      <text FeatureID="-1">عملة أساسية</text>
      <target FeatureID="-1" href="CNV_HLP_RATES.html">ضبط العملة</target>
   </keywords>
   <keywords>
      <text FeatureID="-1">تحويل العملة</text>
      <target FeatureID="-1" href="CNV_HLP_RATES.html">ضبط العملة</target>
      <target FeatureID="-1" href="CNV_HLP_MAIN_STATE.html">تحويل الوحدات</target>
   </keywords>
   <keywords>
      <text FeatureID="-1">المحول</text>
      <target FeatureID="-1" href="CNV_HLP_MAIN_STATE.html">تحويل الوحدات</target>
   </keywords>
</keywords>