<?xml version="1.0" encoding="UTF-8"?>
<keywords>
   <keywords>
      <text FeatureID="-1">reproducció d'un fitxer flash</text>
      <target FeatureID="-1" href="FLITE_HLP_STOPPED.html">Finalitzeu la reproducció flash</target>
      <target FeatureID="-1" href="FLITE_HLP_VIEWER_PAUSED.html">Poseu en pausa una reproducció flash</target>
      <target FeatureID="-1" href="FLITE_HLP_VIEWER_PLAY.html">Reproduïu fitxers flash</target>
   </keywords>
   <keywords>
      <text FeatureID="-1">Flash Player</text>
      <target FeatureID="-1" href="FLITE_HLP_STOPPED.html">Finalitzeu la reproducció flash</target>
      <target FeatureID="-1" href="FLITE_HLP_VIEWER_PAUSED.html">Poseu en pausa una reproducció flash</target>
      <target FeatureID="-1" href="FLITE_HLP_VIEWER_PLAY.html">Reproduïu fitxers flash</target>
   </keywords>
</keywords>