<?xml version="1.0" encoding="UTF-8"?>
<keywords>
   <keywords>
      <text FeatureID="-1">zerbitzuen mezuen ezarpenak</text>
      <target FeatureID="-1" href="WPUSH_HLP_SETTINGS.html">Zerbitzuen mezuen ezarpenak</target>
   </keywords>
   <keywords>
      <text FeatureID="-1">sakatu mezuak</text>
      <target FeatureID="-1" href="WPUSH_HLP_VIEWER.html">Ikusi zerbitzu mezuak</target>
   </keywords>
   <keywords>
      <text FeatureID="-1">zerbitzu mezuak</text>
      <target FeatureID="-1" href="WPUSH_HLP_VIEWER.html">Ikusi zerbitzu mezuak</target>
   </keywords>
</keywords>