<?xml version="1.0" encoding="UTF-8"?>
<keywords>
   <keywords>
      <text FeatureID="-1">képeslap</text>
      <target FeatureID="-1" href="MMS_POSTCARD_HLP_ADDRESS_EDIT.html">Címek szerkesztése</target>
      <target FeatureID="-1" href="POSTCARD_HLP_ADDRESS_VIEW.html">Címek megtekintése</target>
      <target FeatureID="-1" href="POSTCARD_HLP_GREETING_EDIT.html">Üdvözletek írása</target>
      <target FeatureID="-1" href="POSTCARD_HLP_GREETING_VIEW.html">Üdvözletek megtekintése</target>
      <target FeatureID="-1" href="MMS_POSTCARD_HLP_MAIN_EDIT.html">Képeslapok létrehozása</target>
   </keywords>
   <keywords>
      <text FeatureID="-1">képeslapok küldése</text>
      <target FeatureID="-1" href="MMS_POSTCARD_HLP_ADDRESS_EDIT.html">Címek szerkesztése</target>
      <target FeatureID="-1" href="POSTCARD_HLP_GREETING_EDIT.html">Üdvözletek írása</target>
      <target FeatureID="-1" href="MMS_POSTCARD_HLP_MAIN_EDIT.html">Képeslapok létrehozása</target>
   </keywords>
   <keywords>
      <text FeatureID="-1">képeslapok</text>
      <target FeatureID="-1" href="MMS_POSTCARD_HLP_MAIN_VIEW.html">Képeslapok megtekintése</target>
   </keywords>
</keywords>