<?xml version="1.0" encoding="UTF-8"?>
<keywords>
   <keywords>
      <text FeatureID="-1">gengi</text>
      <target FeatureID="-1" href="CNV_HLP_RATES.html">Stillingar gjaldmiðla</target>
   </keywords>
   <keywords>
      <text FeatureID="-1">grunngjaldmiðill</text>
      <target FeatureID="-1" href="CNV_HLP_RATES.html">Stillingar gjaldmiðla</target>
   </keywords>
   <keywords>
      <text FeatureID="-1">umreikningur gjaldmiðla</text>
      <target FeatureID="-1" href="CNV_HLP_RATES.html">Stillingar gjaldmiðla</target>
   </keywords>
   <keywords>
      <text FeatureID="-1">umreiknari</text>
      <target FeatureID="-1" href="CNV_HLP_MAIN_STATE.html">Umreikningur eininga</target>
   </keywords>
   <keywords>
      <text FeatureID="-1">umreikna gjaldmiðil</text>
      <target FeatureID="-1" href="CNV_HLP_MAIN_STATE.html">Umreikningur eininga</target>
   </keywords>
</keywords>