<?xml version="1.0" encoding="UTF-8"?>
<keywords>
   <keywords>
      <text FeatureID="-1">gọi đến hộp thư</text>
      <target FeatureID="-1" href="SMSVO_HLP_MAIN_VIEW.html">Hộp thư cuộc gọi</target>
      <target FeatureID="true_298" href="SMSVO_HLP_CS_VIDEO_AND_XSP_VOIP.html">Hộp thư thoại, hộp thư video, và hộp thư cuộc gọi internet</target>
   </keywords>
   <keywords>
      <text FeatureID="-1">máy trả lời tự động</text>
      <target FeatureID="-1" href="SMSVO_HLP_MAIN_VIEW.html">Hộp thư cuộc gọi</target>
      <target FeatureID="true_89" href="SMSVO_HLP_CS_AND_VIDEO.html">Hộp thư cuộc gọi và hộp thư video</target>
      <target FeatureID="true_298" href="SMSVO_HLP_CS_VIDEO_AND_XSP_VOIP.html">Hộp thư thoại, hộp thư video, và hộp thư cuộc gọi internet</target>
   </keywords>
   <keywords>
      <text FeatureID="true_89">hộp thư video</text>
      <target FeatureID="true_89" href="SMSVO_HLP_CS_AND_VIDEO.html">Hộp thư cuộc gọi và hộp thư video</target>
   </keywords>
   <keywords>
      <text FeatureID="true_298">hộp thư cuộc gọi internet</text>
      <target FeatureID="true_298" href="SMSVO_HLP_CS_VIDEO_AND_XSP_VOIP.html">Hộp thư thoại, hộp thư video, và hộp thư cuộc gọi internet</target>
   </keywords>
</keywords>