<?xml version="1.0" encoding="UTF-8"?>
<keywords>
   <keywords>
      <text FeatureID="-1">ตัวอ่านข้อความ, ภาษา</text>
      <target FeatureID="-1" href="SPEECH_HLP_MAIN.html">การตั้งค่าเสียงพูด</target>
   </keywords>
   <keywords>
      <text FeatureID="-1">ตัวอ่านข้อความ, เสียง</text>
      <target FeatureID="-1" href="SPEECH_HLP_MAIN.html">การตั้งค่าเสียงพูด</target>
   </keywords>
   <keywords>
      <text FeatureID="-1">ตัวอ่านข้อความ, ข้อมูลเสียง</text>
      <target FeatureID="-1" href="SPEECH_HLP_VOICE.html">ข้อมูลเสียง</target>
   </keywords>
   <keywords>
      <text FeatureID="-1">ตัวอ่านข้อความ, การตั้งค่า</text>
      <target FeatureID="-1" href="SPEECH_HLP_MRSETTINGS.html">การตั้งค่าตัวอ่านข้อความ</target>
   </keywords>
</keywords>