<?xml version="1.0" encoding="UTF-8"?>
<keywords>
   <keywords>
      <text FeatureID="-1">라디오</text>
      <target FeatureID="-1" href="FMRADIO_HLP_MAIN.html">라디오 듣기</target>
      <target FeatureID="-1" href="FMRADIO_HLP_SEARCH.html">방송국 검색</target>
      <target FeatureID="-1" href="FMRADIO_HLP_LIST.html"> 라디오 방송 관리</target>
   </keywords>
   <keywords>
      <text FeatureID="-1">FM 라디오</text>
      <target FeatureID="-1" href="FMRADIO_HLP_MAIN.html">라디오 듣기</target>
      <target FeatureID="-1" href="FMRADIO_HLP_SEARCH.html">방송국 검색</target>
      <target FeatureID="-1" href="FMRADIO_HLP_LIST.html"> 라디오 방송 관리</target>
   </keywords>
</keywords>