<?xml version="1.0" encoding="UTF-8"?><?xml-stylesheet  href="../../theme/xsl/index2html.xslt" type="text/xsl"?>
<topics FeatureID="-1" title="Testreszabás" compressed="true">
   <topicref FeatureID="-1" href="SKINS_HLP_LIST.html" navtitle="Általános témák"/>
   <topicref FeatureID="-1" href="SCREENSAVER_HLP_WP_SETTINGS.html" navtitle="Háttérkép diavetítési beállításai"/>
   <topicref FeatureID="-1" href="SKINS_HLP_WP_SETTINGS.html" navtitle="Háttérkép-beállítások"/>
   <topicref FeatureID="-1" href="SKINS_HLP_SCREENS_SETTINGS.html" navtitle="Képernyő­védő beállít."/>
   <topicref FeatureID="true_1503" href="SKINS_HLP_CIMAGE_SETTINGS.html" navtitle="Hívási kép kiválasztása"/>
   <topicref FeatureID="-1" href="SKINS_HLP_APPSHELL.html" navtitle="Menünézet beállításai"/>
   <topicref FeatureID="-1" href="SKINS_HLP_IDLE.html" navtitle="Főképernyő beállításai"/>
   <topicref FeatureID="-1" href="SKINS_HLP_APP_MAIN.html" navtitle="A kijelző testreszabása"/>
   <topicref FeatureID="-1" href="SKINS_HLP_APPSKINS_LIST.html" navtitle="Témák alkalmazásokhoz"/>
</topics>