<?xml version="1.0" encoding="UTF-8"?>
<keywords>
   <keywords>
      <text FeatureID="-1">témák</text>
      <target FeatureID="-1" href="SKINS_HLP_LIST.html">Általános témák</target>
      <target FeatureID="-1" href="SCREENSAVER_HLP_WP_SETTINGS.html">Háttérkép diavetítési beállításai</target>
      <target FeatureID="-1" href="SKINS_HLP_WP_SETTINGS.html">Háttérkép-beállítások</target>
      <target FeatureID="true_1503" href="SKINS_HLP_CIMAGE_SETTINGS.html">Hívási kép kiválasztása</target>
      <target FeatureID="-1" href="SKINS_HLP_APPSHELL.html">Menünézet beállításai</target>
      <target FeatureID="-1" href="SKINS_HLP_IDLE.html">Főképernyő beállításai</target>
      <target FeatureID="-1" href="SKINS_HLP_APP_MAIN.html">A kijelző testreszabása</target>
      <target FeatureID="-1" href="SKINS_HLP_APPSKINS_LIST.html">Témák alkalmazásokhoz</target>
   </keywords>
   <keywords>
      <text FeatureID="-1">háttérkép diavetítés</text>
      <target FeatureID="-1" href="SCREENSAVER_HLP_WP_SETTINGS.html">Háttérkép diavetítési beállításai</target>
   </keywords>
   <keywords>
      <text FeatureID="-1">diavetítés beállításai</text>
      <target FeatureID="-1" href="SCREENSAVER_HLP_WP_SETTINGS.html">Háttérkép diavetítési beállításai</target>
   </keywords>
   <keywords>
      <text FeatureID="-1">háttérkép-beállítások</text>
      <target FeatureID="-1" href="SKINS_HLP_WP_SETTINGS.html">Háttérkép-beállítások</target>
   </keywords>
   <keywords>
      <text FeatureID="-1">háttérkép</text>
      <target FeatureID="-1" href="SKINS_HLP_WP_SETTINGS.html">Háttérkép-beállítások</target>
      <target FeatureID="-1" href="SKINS_HLP_APP_MAIN.html">A kijelző testreszabása</target>
   </keywords>
   <keywords>
      <text FeatureID="-1">képernyő­védő</text>
      <target FeatureID="-1" href="SKINS_HLP_SCREENS_SETTINGS.html">Képernyő­védő beállít.</target>
   </keywords>
   <keywords>
      <text FeatureID="true_1503">hívási kép beállításai</text>
      <target FeatureID="true_1503" href="SKINS_HLP_CIMAGE_SETTINGS.html">Hívási kép kiválasztása</target>
   </keywords>
   <keywords>
      <text FeatureID="-1">menük</text>
      <target FeatureID="-1" href="SKINS_HLP_APPSHELL.html">Menünézet beállításai</target>
   </keywords>
   <keywords>
      <text FeatureID="-1">beállítások, főképernyő</text>
      <target FeatureID="-1" href="SKINS_HLP_IDLE.html">Főképernyő beállításai</target>
   </keywords>
   <keywords>
      <text FeatureID="-1">webeszközök</text>
      <target FeatureID="-1" href="SKINS_HLP_IDLE.html">Főképernyő beállításai</target>
   </keywords>
</keywords>