<?xml version="1.0" encoding="UTF-8"?>
<keywords>
   <keywords>
      <text FeatureID="-1">paslaugų pranešimų parametrai</text>
      <target FeatureID="-1" href="WPUSH_HLP_SETTINGS.html">Paslaugų pranešimų parametrai</target>
   </keywords>
   <keywords>
      <text FeatureID="-1">pranešimų paspaudimas</text>
      <target FeatureID="-1" href="WPUSH_HLP_VIEWER.html">Paslaugos pranešimų peržiūra</target>
   </keywords>
   <keywords>
      <text FeatureID="-1">paslaugos pranešimai</text>
      <target FeatureID="-1" href="WPUSH_HLP_VIEWER.html">Paslaugos pranešimų peržiūra</target>
   </keywords>
</keywords>