<?xml version="1.0" encoding="UTF-8"?>
<keywords>
   <keywords>
      <text FeatureID="-1">grupos de contactos</text>
      <target FeatureID="-1" href="PHOB_HLP_GROUP_LIST.html">Grupos de contactos</target>
      <target FeatureID="-1" href="PHOB_HLP_GROUP_MEMBER_LIST.html">Miembros del grupo</target>
   </keywords>
   <keywords>
      <text FeatureID="-1">contactos de SIM</text>
      <target FeatureID="-1" href="PHOB_HLP_SIM_LIST.html">Directorio de contactos SIM</target>
   </keywords>
   <keywords>
      <text FeatureID="-1">número SIM</text>
      <target FeatureID="-1" href="PHOB_HLP_MY_NUMBERS.html">Mis números</target>
   </keywords>
   <keywords>
      <text FeatureID="-1">orden de nombres en la Guía</text>
      <target FeatureID="-1" href="PHOB_HLP_SETTINGS.html">Ajustes de la Guía</target>
   </keywords>
   <keywords>
      <text FeatureID="-1">memoria de contactos</text>
      <target FeatureID="-1" href="PHOB_HLP_SETTINGS.html">Ajustes de la Guía</target>
   </keywords>
   <keywords>
      <text FeatureID="-1">memoria predeterminada</text>
      <target FeatureID="-1" href="PHOB_HLP_SETTINGS.html">Ajustes de la Guía</target>
   </keywords>
   <keywords>
      <text FeatureID="-1">directorio de la Guía</text>
      <target FeatureID="-1" href="PHOB_HLP_NAME_LIST.html">Lista de contactos</target>
   </keywords>
   <keywords>
      <text FeatureID="-1">información de contactos</text>
      <target FeatureID="-1" href="PHOB_HLP_NAME_LIST.html">Lista de contactos</target>
   </keywords>
   <keywords>
      <text FeatureID="-1">guía</text>
      <target FeatureID="-1" href="PHOB_HLP_NAME_LIST.html">Lista de contactos</target>
      <target FeatureID="-1" href="RLOOK_HLP_INFO_VIEW.html">Gestión del contacto encontrado</target>
   </keywords>
   <keywords>
      <text FeatureID="-1">tarjetas de contactos</text>
      <target FeatureID="-1" href="PHOB_HLP_CONTACT_INFO_VIEW.html">Tarjetas de contactos</target>
      <target FeatureID="-1" href="PHOB_HLP_EDIT_ENTRY.html">Editar tarjetas de contactos</target>
   </keywords>
   <keywords>
      <text FeatureID="-1">entradas de la Guía</text>
      <target FeatureID="-1" href="PHOB_HLP_CONTACT_INFO_VIEW.html">Tarjetas de contactos</target>
   </keywords>
   <keywords>
      <text FeatureID="-1">marcación fija</text>
      <target FeatureID="-1" href="FDN_HLP_FDN_NUMBER_VIEW.html">Contactos de marcación fija</target>
      <target FeatureID="-1" href="FDN_HLP_FDN_VIEW.html">Llamadas restringidas</target>
   </keywords>
   <keywords>
      <text FeatureID="-1">restricción llamadas</text>
      <target FeatureID="-1" href="FDN_HLP_FDN_VIEW.html">Llamadas restringidas</target>
   </keywords>
   <keywords>
      <text FeatureID="-1">números de servicios</text>
      <target FeatureID="-1" href="SDN_HLP_APP.html">Números de servicios</target>
   </keywords>
   <keywords>
      <text FeatureID="-1">nº servicios SIM</text>
      <target FeatureID="-1" href="SDN_HLP_APP.html">Números de servicios</target>
   </keywords>
   <keywords>
      <text FeatureID="-1">nº servicio en SIM</text>
      <target FeatureID="-1" href="SDN_HLP_APP.html">Números de servicios</target>
   </keywords>
   <keywords>
      <text FeatureID="-1">tarjeta SIM</text>
      <target FeatureID="-1" href="PHOB_HLP_SIM_INFO_VIEW.html">Tarjetas de contacto SIM</target>
   </keywords>
   <keywords>
      <text FeatureID="-1">Contactos de la tarjeta SIM</text>
      <target FeatureID="-1" href="PHOB_HLP_SIM_INFO_VIEW.html">Tarjetas de contacto SIM</target>
   </keywords>
</keywords>