<?xml version="1.0" encoding="UTF-8"?><?xml-stylesheet  href="../../theme/xsl/index2html.xslt" type="text/xsl"?>
<topics FeatureID="-1" title="การซิงโครไนซ์ข้อมูล" compressed="true">
   <topicref FeatureID="-1" href="DS_HLP_MAIN_VIEW.html" navtitle="การซิงโครไนซ์ข้อมูล"/>
   <topicref FeatureID="-1" href="DS_HLP_SETTINGS.html" navtitle="การแก้ไขรูปแบบการซิงค์"/>
   <topicref FeatureID="-1" href="DS_HLP_SETTINGS_CAL.html" navtitle="การตั้งค่าการซิงค์ปฏิทิน"/>
   <topicref FeatureID="-1" href="DS_HLP_SETTINGS_CNT.html" navtitle="การตั้งค่าการซิงค์รายชื่อ"/>
   <topicref FeatureID="-1" href="DS_HLP_SETTINGS_NOTES.html" navtitle="การตั้งค่าการซิงค์สมุดบันทึก"/>
   <topicref FeatureID="-1" href="DS_HLP_SETTINGS_SMS.html" navtitle="การตั้งค่าการซิงค์ SMS"/>
   <topicref FeatureID="true_44" href="DS_HLP_SETTINGS_SYNCML.html" navtitle="การตั้งค่าการซิงค์อีเมล"/>
   <topicref FeatureID="-1" href="DS_HLP_SETTINGS_BOOKMARKS.html" navtitle="การตั้งค่าการซิงค์บุ๊คมาร์ค"/>
   <topicref FeatureID="-1" href="DS_HLP_AUTO_SYNC_SETTINGS.html" navtitle="การตั้งค่าการซิงค์อัตโนมัติ"/>
   <topicref FeatureID="-1" href="DS_HLP_SETTINGS_MMS.html" navtitle="การตั้งค่าการซิงค์ MMS"/>
   <topicref FeatureID="-1" href="DS_HLP_PROFILE_SETTINGS.html" navtitle="การตั้งค่ามุมมองรูปแบบ"/>
</topics>