<?xml version="1.0" encoding="UTF-8"?>
<keywords>
   <keywords>
      <text FeatureID="-1">การซิงโครไนซ์</text>
      <target FeatureID="-1" href="DS_HLP_MAIN_VIEW.html">การซิงโครไนซ์ข้อมูล</target>
   </keywords>
   <keywords>
      <text FeatureID="-1">รูปแบบการซิงโครไนซ์</text>
      <target FeatureID="-1" href="DS_HLP_MAIN_VIEW.html">การซิงโครไนซ์ข้อมูล</target>
   </keywords>
   <keywords>
      <text FeatureID="-1">การตั้งค่ารูปแบบการซิงค์</text>
      <target FeatureID="-1" href="DS_HLP_SETTINGS.html">การแก้ไขรูปแบบการซิงค์</target>
   </keywords>
   <keywords>
      <text FeatureID="-1">การตั้งค่าการซิงค์</text>
      <target FeatureID="-1" href="DS_HLP_SETTINGS_CAL.html">การตั้งค่าการซิงค์ปฏิทิน</target>
      <target FeatureID="-1" href="DS_HLP_SETTINGS_CNT.html">การตั้งค่าการซิงค์รายชื่อ</target>
      <target FeatureID="-1" href="DS_HLP_SETTINGS_NOTES.html">การตั้งค่าการซิงค์สมุดบันทึก</target>
      <target FeatureID="-1" href="DS_HLP_SETTINGS_SMS.html">การตั้งค่าการซิงค์ SMS</target>
      <target FeatureID="true_44" href="DS_HLP_SETTINGS_SYNCML.html">การตั้งค่าการซิงค์อีเมล</target>
   </keywords>
</keywords>