<?xml version="1.0" encoding="UTF-8"?>
<keywords>
   <keywords>
      <text FeatureID="-1">„Bluetooth“</text>
      <target FeatureID="-1" href="BT_HLP_MAIN.html">„Bluetooth“</target>
      <target FeatureID="-1" href="BT_HLP_PAIRED.html">Prietaisų poros</target>
      <target FeatureID="-1" href="BT_HLP_BLOCKED.html">Prietaisų blokavimas</target>
   </keywords>
   <keywords>
      <text FeatureID="-1">„Bluetooth“ parametrai</text>
      <target FeatureID="-1" href="BT_HLP_MAIN.html">„Bluetooth“</target>
   </keywords>
   <keywords>
      <text FeatureID="-1">prietaisų poravimas</text>
      <target FeatureID="-1" href="BT_HLP_PAIRED.html">Prietaisų poros</target>
   </keywords>
   <keywords>
      <text FeatureID="-1">užblokuoti prietaisai</text>
      <target FeatureID="-1" href="BT_HLP_BLOCKED.html">Prietaisų blokavimas</target>
   </keywords>
   <keywords>
      <text FeatureID="true_12">belaidė klaviatūra</text>
      <target FeatureID="true_12" href="BTKEYBOARD_HLP_SETTINGS.html">Belaidė klaviatūra</target>
   </keywords>
</keywords>