<?xml version="1.0" encoding="UTF-8"?>
<keywords>
   <keywords>
      <text FeatureID="-1">Wörterbuch</text>
      <target FeatureID="-1" href="DICTIONARY_HLP_MAIN_TAB1.html">Wörterbuch</target>
   </keywords>
   <keywords>
      <text FeatureID="-1">Übersetzen</text>
      <target FeatureID="-1" href="DICTIONARY_HLP_MAIN_TAB1.html">Wörterbuch</target>
   </keywords>
   <keywords>
      <text FeatureID="-1">Wörterbuch, Übersetzung</text>
      <target FeatureID="-1" href="DICTIONARY_HLP_RESULTS.html">Übersetzungsergebnisse</target>
   </keywords>
</keywords>