<?xml version="1.0" encoding="UTF-8"?>
<keywords>
   <keywords>
      <text FeatureID="-1">postcard</text>
      <target FeatureID="-1" href="MMS_POSTCARD_HLP_ADDRESS_EDIT.html">Helbideak editatzea</target>
      <target FeatureID="-1" href="POSTCARD_HLP_ADDRESS_VIEW.html">Helbideak ikustea</target>
      <target FeatureID="-1" href="POSTCARD_HLP_GREETING_EDIT.html">Zorion agurrak idatzi</target>
      <target FeatureID="-1" href="POSTCARD_HLP_GREETING_VIEW.html">Agurrak ikustea</target>
      <target FeatureID="-1" href="MMS_POSTCARD_HLP_MAIN_EDIT.html">Postalak sortzea</target>
   </keywords>
   <keywords>
      <text FeatureID="-1">postalen bidalketa</text>
      <target FeatureID="-1" href="MMS_POSTCARD_HLP_ADDRESS_EDIT.html">Helbideak editatzea</target>
      <target FeatureID="-1" href="POSTCARD_HLP_GREETING_EDIT.html">Zorion agurrak idatzi</target>
      <target FeatureID="-1" href="MMS_POSTCARD_HLP_MAIN_EDIT.html">Postalak sortzea</target>
   </keywords>
   <keywords>
      <text FeatureID="-1">postalak</text>
      <target FeatureID="-1" href="MMS_POSTCARD_HLP_MAIN_VIEW.html">Postalak ikustea</target>
   </keywords>
</keywords>