<?xml version="1.0" encoding="UTF-8"?>
<keywords>
   <keywords>
      <text FeatureID="-1">교환 메일</text>
      <target FeatureID="-1" href="FSE_HLP_MFE_LAUNCHER_MAIN_VIEW.html">Mail for Exchange 메일</target>
   </keywords>
   <keywords>
      <text FeatureID="-1">고급 사서함 설정</text>
      <target FeatureID="-1" href="FSE_HLP_MFE_SETTINGS_ADVANCED.html">사서함 고급 설정</target>
   </keywords>
   <keywords>
      <text FeatureID="-1">이메일 동기화 설정</text>
      <target FeatureID="-1" href="FSE_HLP_MFE_SETTINGS_PIM_APPS.html">애플리케이션 동기화 설정</target>
   </keywords>
   <keywords>
      <text FeatureID="-1">달력/일정 동기화</text>
      <target FeatureID="-1" href="FSE_HLP_MFE_CALENDAR_APP.html">달력/일정 동기화 설정</target>
   </keywords>
   <keywords>
      <text FeatureID="-1">연락처 동기화,</text>
      <target FeatureID="-1" href="FSE_HLP_MFE_CONTACTS_APP.html">연락처 동기화 설정</target>
   </keywords>
   <keywords>
      <text FeatureID="-1">사서함 설정</text>
      <target FeatureID="-1" href="FSE_HLP_MFE_SETTINGS_MAILBOX.html">일반 사서함 설정</target>
   </keywords>
   <keywords>
      <text FeatureID="-1">이메일 동기화 콘텐츠</text>
      <target FeatureID="-1" href="FSE_HLP_MFE_SETTINGS_WHAT_SYNC.html">동기화 콘텐츠 선택</target>
   </keywords>
   <keywords>
      <text FeatureID="-1">이메일 동기화 시간</text>
      <target FeatureID="-1" href="FSE_HLP_MFE_SETTINGS_WHEN_SYNC.html">동기화 시간 선택</target>
   </keywords>
   <keywords>
      <text FeatureID="-1">이메일 폴더 동기화</text>
      <target FeatureID="-1" href="FSE_HLP_MFE_SETTINGS_FOLDER.html">동기화 설정</target>
   </keywords>
   <keywords>
      <text FeatureID="-1">이메일 설정</text>
      <target FeatureID="-1" href="FSE_HLP_MFE_SETTINGS_MAIN_VIEW.html">이메일 설정</target>
   </keywords>
   <keywords>
      <text FeatureID="-1">할 일 항목 동기화</text>
      <target FeatureID="-1" href="FSE_HLP_MFE_TASKS_APP.html">할 일 동기화 설정</target>
   </keywords>
</keywords>