<?xml version="1.0" encoding="UTF-8"?>
<keywords>
   <keywords>
      <text FeatureID="-1">laitehallinta</text>
      <target FeatureID="-1" href="DM_HLP_MAIN_VIEW.html">Laitteen ohjelmisto</target>
      <target FeatureID="-1" href="DM_HLP_SETTINGS.html">Palvelinprof. asetukset</target>
      <target FeatureID="-1" href="DM_HLP_SERVERS_VIEW.html">Etämääritys</target>
   </keywords>
   <keywords>
      <text FeatureID="-1">kokoonpanoasetukset</text>
      <target FeatureID="-1" href="DM_HLP_MAIN_VIEW.html">Laitteen ohjelmisto</target>
   </keywords>
   <keywords>
      <text FeatureID="-1">Laitehallinta</text>
      <target FeatureID="-1" href="FOTA_HLP_SETTINGS.html">Ohjelmistopäivityksen aset.</target>
   </keywords>
   <keywords>
      <text FeatureID="-1">ohjelmistopäivityksen asetukset</text>
      <target FeatureID="-1" href="FOTA_HLP_SETTINGS.html">Ohjelmistopäivityksen aset.</target>
   </keywords>
   <keywords>
      <text FeatureID="-1">palvelinprofiilin asetukset</text>
      <target FeatureID="-1" href="DM_HLP_SETTINGS.html">Palvelinprof. asetukset</target>
   </keywords>
   <keywords>
      <text FeatureID="-1">etämääritys</text>
      <target FeatureID="-1" href="DM_HLP_SERVERS_VIEW.html">Etämääritys</target>
   </keywords>
</keywords>