<?xml version="1.0" encoding="UTF-8"?><?xml-stylesheet  href="../../theme/xsl/index2html.xslt" type="text/xsl"?>
<topics FeatureID="-1" title="인스턴트 메시지" compressed="true">
   <topicref FeatureID="-1" href="IMNG_HLP_SEARCHCHAT.html" navtitle="IM 사용자 검색"/>
   <topicref FeatureID="-1" href="IMNG_HLP_SAVED_VIEW.html" navtitle="저장된 대화 보기"/>
   <topicref FeatureID="-1" href="IMNG_HLP_SAVED_LIST.html" navtitle="저장된 대화"/>
   <topicref FeatureID="-1" href="IMNG_HLP_IMCHAT.html" navtitle="그룹 대화"/>
   <topicref FeatureID="-1" href="IMNG_HLP_GROUP_EDIT.html" navtitle="그룹 편집 권한"/>
   <topicref FeatureID="-1" href="IMNG_HLP_GROUP_BAN.html" navtitle="그룹에서 IM 사용자 차단"/>
   <topicref FeatureID="-1" href="IMNG_HLP_CONT_OWN_DATA.html" navtitle="내 데이터"/>
   <topicref FeatureID="-1" href="IMNG_HLP_COMMUNITY_VIEW_EMPTY.html" navtitle="IM 사용 시작"/>
   <topicref FeatureID="-1" href="IMNG_HLP_COMMUNITY_VIEW.html" navtitle="인스턴트 메시징"/>
   <topicref FeatureID="-1" href="IMNG_HLP_BLOCKED_VIEW.html" navtitle="차단된 대화 상대"/>
   <topicref FeatureID="-1" href="IMNG_HLP_SETTINGS.html" navtitle="IM 설정"/>
   <topicref FeatureID="-1" href="IMNG_HLP_SERVLISTSETT_IM.html" navtitle="IM 서버"/>
   <topicref FeatureID="-1" href="IMNG_HLP_DEFSERVER.html" navtitle="IM 서버 설정"/>
   <topicref FeatureID="-1" href="IMNG_HLP_INVITE.html" navtitle="IM 초대"/>
   <topicref FeatureID="-1" href="IMNG_HLP_CREATECHAT.html" navtitle="IM 그룹 설정"/>
   <topicref FeatureID="-1" href="IMNG_HLP_ACCLIST.html" navtitle="IM 그룹 구성원"/>
   <topicref FeatureID="-1" href="IMNG_HLP_CONVERSATIONS.html" navtitle="IM 대화"/>
   <topicref FeatureID="-1" href="IMNG_HLP_CONTACTDETAILS.html" navtitle="IM 대화 상대 정보"/>
   <topicref FeatureID="-1" href="IMNG_HLP_APPSETT.html" navtitle="IM 애플리케이션 설정"/>
</topics>