<?xml version="1.0" encoding="UTF-8"?>
<keywords>
   <keywords>
      <text FeatureID="-1">IM 사용자 검색</text>
      <target FeatureID="-1" href="IMNG_HLP_SEARCHCHAT.html">IM 사용자 검색</target>
   </keywords>
   <keywords>
      <text FeatureID="-1">인스턴트 메시징</text>
      <target FeatureID="-1" href="IMNG_HLP_SEARCHCHAT.html">IM 사용자 검색</target>
      <target FeatureID="-1" href="IMNG_HLP_SAVED_VIEW.html">저장된 대화 보기</target>
      <target FeatureID="-1" href="IMNG_HLP_SAVED_LIST.html">저장된 대화</target>
      <target FeatureID="-1" href="IMNG_HLP_GROUP_EDIT.html">그룹 편집 권한</target>
      <target FeatureID="-1" href="IMNG_HLP_GROUP_BAN.html">그룹에서 IM 사용자 차단</target>
      <target FeatureID="-1" href="IMNG_HLP_CONT_OWN_DATA.html">내 데이터</target>
      <target FeatureID="-1" href="IMNG_HLP_COMMUNITY_VIEW_EMPTY.html">IM 사용 시작</target>
      <target FeatureID="-1" href="IMNG_HLP_COMMUNITY_VIEW.html">인스턴트 메시징</target>
      <target FeatureID="-1" href="IMNG_HLP_CREATECHAT.html">IM 그룹 설정</target>
      <target FeatureID="-1" href="IMNG_HLP_ACCLIST.html">IM 그룹 구성원</target>
      <target FeatureID="-1" href="IMNG_HLP_CONVERSATIONS.html">IM 대화</target>
      <target FeatureID="-1" href="IMNG_HLP_CONTACTDETAILS.html">IM 대화 상대 정보</target>
      <target FeatureID="-1" href="IMNG_HLP_APPSETT.html">IM 애플리케이션 설정</target>
   </keywords>
   <keywords>
      <text FeatureID="-1">IM 그룹 검색</text>
      <target FeatureID="-1" href="IMNG_HLP_SEARCHCHAT.html">IM 사용자 검색</target>
   </keywords>
   <keywords>
      <text FeatureID="-1">저장된 대화</text>
      <target FeatureID="-1" href="IMNG_HLP_SAVED_LIST.html">저장된 대화</target>
   </keywords>
   <keywords>
      <text FeatureID="-1">IM(인스턴트 메시지)</text>
      <target FeatureID="-1" href="IMNG_HLP_IMCHAT.html">그룹 대화</target>
   </keywords>
   <keywords>
      <text FeatureID="-1">IM 그룹 참가</text>
      <target FeatureID="-1" href="IMNG_HLP_IMCHAT.html">그룹 대화</target>
   </keywords>
   <keywords>
      <text FeatureID="-1">편집 권한</text>
      <target FeatureID="-1" href="IMNG_HLP_GROUP_EDIT.html">그룹 편집 권한</target>
   </keywords>
   <keywords>
      <text FeatureID="-1">차단 목록</text>
      <target FeatureID="-1" href="IMNG_HLP_GROUP_BAN.html">그룹에서 IM 사용자 차단</target>
   </keywords>
   <keywords>
      <text FeatureID="-1">IM 그룹 구성원</text>
      <target FeatureID="-1" href="IMNG_HLP_GROUP_BAN.html">그룹에서 IM 사용자 차단</target>
      <target FeatureID="-1" href="IMNG_HLP_ACCLIST.html">IM 그룹 구성원</target>
   </keywords>
   <keywords>
      <text FeatureID="-1">IM 대화 상대</text>
      <target FeatureID="-1" href="IMNG_HLP_CONT_OWN_DATA.html">내 데이터</target>
      <target FeatureID="-1" href="IMNG_HLP_BLOCKED_VIEW.html">차단된 대화 상대</target>
      <target FeatureID="-1" href="IMNG_HLP_CONTACTDETAILS.html">IM 대화 상대 정보</target>
   </keywords>
   <keywords>
      <text FeatureID="-1">IM</text>
      <target FeatureID="-1" href="IMNG_HLP_COMMUNITY_VIEW_EMPTY.html">IM 사용 시작</target>
      <target FeatureID="-1" href="IMNG_HLP_COMMUNITY_VIEW.html">인스턴트 메시징</target>
      <target FeatureID="-1" href="IMNG_HLP_CONVERSATIONS.html">IM 대화</target>
   </keywords>
   <keywords>
      <text FeatureID="-1">차단된 IM 대화 상대</text>
      <target FeatureID="-1" href="IMNG_HLP_BLOCKED_VIEW.html">차단된 대화 상대</target>
   </keywords>
   <keywords>
      <text FeatureID="-1">IM 설정</text>
      <target FeatureID="-1" href="IMNG_HLP_SETTINGS.html">IM 설정</target>
      <target FeatureID="-1" href="IMNG_HLP_APPSETT.html">IM 애플리케이션 설정</target>
   </keywords>
   <keywords>
      <text FeatureID="-1">IM 서버</text>
      <target FeatureID="-1" href="IMNG_HLP_SERVLISTSETT_IM.html">IM 서버</target>
   </keywords>
   <keywords>
      <text FeatureID="-1">IM 서버 설정</text>
      <target FeatureID="-1" href="IMNG_HLP_DEFSERVER.html">IM 서버 설정</target>
   </keywords>
   <keywords>
      <text FeatureID="-1">서버 설정</text>
      <target FeatureID="-1" href="IMNG_HLP_DEFSERVER.html">IM 서버 설정</target>
   </keywords>
   <keywords>
      <text FeatureID="-1">초대</text>
      <target FeatureID="-1" href="IMNG_HLP_INVITE.html">IM 초대</target>
   </keywords>
   <keywords>
      <text FeatureID="-1">IM 그룹 설정</text>
      <target FeatureID="-1" href="IMNG_HLP_CREATECHAT.html">IM 그룹 설정</target>
   </keywords>
   <keywords>
      <text FeatureID="-1">대화</text>
      <target FeatureID="-1" href="IMNG_HLP_CONVERSATIONS.html">IM 대화</target>
   </keywords>
</keywords>