<?xml version="1.0" encoding="UTF-8"?>
<keywords>
   <keywords>
      <text FeatureID="-1">Mail for Exchange</text>
      <target FeatureID="-1" href="FSE_HLP_MFE_LAUNCHER_MAIN_VIEW.html">E-mail de Mail for Exchange</target>
   </keywords>
   <keywords>
      <text FeatureID="-1">definições avançadas da caixa de correio</text>
      <target FeatureID="-1" href="FSE_HLP_MFE_SETTINGS_ADVANCED.html">Definições avançadas da caixa de correio</target>
   </keywords>
   <keywords>
      <text FeatureID="-1">definições de sincronização de e-mails</text>
      <target FeatureID="-1" href="FSE_HLP_MFE_SETTINGS_PIM_APPS.html">Definições de sincronização de aplicações</target>
   </keywords>
   <keywords>
      <text FeatureID="-1">sincronização da agenda</text>
      <target FeatureID="-1" href="FSE_HLP_MFE_CALENDAR_APP.html">Definições de sincronização da agenda</target>
   </keywords>
   <keywords>
      <text FeatureID="-1">sincronização de contactos,</text>
      <target FeatureID="-1" href="FSE_HLP_MFE_CONTACTS_APP.html">Definições de sincronização de contactos</target>
   </keywords>
   <keywords>
      <text FeatureID="-1">definições de caixa de correio</text>
      <target FeatureID="-1" href="FSE_HLP_MFE_SETTINGS_MAILBOX.html">Definições gerais da caixa de correio</target>
   </keywords>
   <keywords>
      <text FeatureID="-1">conteúdo da sincronização de e-mail</text>
      <target FeatureID="-1" href="FSE_HLP_MFE_SETTINGS_WHAT_SYNC.html">Escolher sincronizar conteúdo</target>
   </keywords>
   <keywords>
      <text FeatureID="-1">hora de sincronização do e-mail</text>
      <target FeatureID="-1" href="FSE_HLP_MFE_SETTINGS_WHEN_SYNC.html">Escolher hora de sincronização</target>
   </keywords>
   <keywords>
      <text FeatureID="-1">sincronização das pastas de e-mail</text>
      <target FeatureID="-1" href="FSE_HLP_MFE_SETTINGS_FOLDER.html">Definições para sincronização</target>
   </keywords>
   <keywords>
      <text FeatureID="-1">definições de e-mails</text>
      <target FeatureID="-1" href="FSE_HLP_MFE_SETTINGS_MAIN_VIEW.html">Definições de e-mails</target>
   </keywords>
   <keywords>
      <text FeatureID="-1">sincronização das entradas de tarefas</text>
      <target FeatureID="-1" href="FSE_HLP_MFE_TASKS_APP.html">Definições de sincronização de tarefas</target>
   </keywords>
</keywords>