<?xml version="1.0" encoding="UTF-8"?>
<keywords>
   <keywords>
      <text FeatureID="-1">úprava poznámek</text>
      <target FeatureID="-1" href="NMAKE_HLP_MEMO_VIEWER_EDIT.html">Úprava poznámek v aplikacích</target>
   </keywords>
   <keywords>
      <text FeatureID="-1">příjem poznámek</text>
      <target FeatureID="-1" href="NMAKE_HLP_MEMO_VIEWER.html">Prohlížení přijatých poznámek</target>
   </keywords>
   <keywords>
      <text FeatureID="-1">zprávy, šablony</text>
      <target FeatureID="-1" href="NMAKE_HLP_TEMPLATE_EDITOR.html">Šablony pro psaní zpráv</target>
   </keywords>
   <keywords>
      <text FeatureID="-1">vytváření šablon zpráv</text>
      <target FeatureID="-1" href="NMAKE_HLP_TEMPLATE_EDITOR.html">Šablony pro psaní zpráv</target>
   </keywords>
   <keywords>
      <text FeatureID="-1">šablony pro psaní zpráv</text>
      <target FeatureID="-1" href="NMAKE_HLP_TEMPLATE_EDITOR.html">Šablony pro psaní zpráv</target>
   </keywords>
   <keywords>
      <text FeatureID="-1">seznam poznámek</text>
      <target FeatureID="-1" href="NMAKE_HLP_MEMO_LIST.html">Seznam poznámek</target>
   </keywords>
   <keywords>
      <text FeatureID="-1">psaní poznámek</text>
      <target FeatureID="-1" href="NMAKE_HLP_MEMO_LIST.html">Seznam poznámek</target>
      <target FeatureID="-1" href="NMAKE_HLP_MEMO_EDITOR_APPS.html">Psaní poznámek v aplikacích</target>
      <target FeatureID="-1" href="NMAKE_HLP_MEMO_EDITOR.html">Psaní poznámek</target>
   </keywords>
</keywords>