<?xml version="1.0" encoding="UTF-8"?><?xml-stylesheet  href="../../theme/xsl/index2html.xslt" type="text/xsl"?>
<topics FeatureID="-1" title="ספר טלפונים" compressed="true">
   <topicref FeatureID="-1" href="HLP_CCA_DETAILS.html" navtitle="פרטי איש קשר"/>
   <topicref FeatureID="-1" href="HLP_CCA_LAUNCHER.html" navtitle="כרטיסי אנשי קשר"/>
   <topicref FeatureID="-1" href="PHOB_HLP_GROUP_LIST.html" navtitle="קבוצות אנשי קשר"/>
   <topicref FeatureID="-1" href="PHOB_HLP_SIM_LIST.html" navtitle="ספריית אנשי קשר SIM"/>
   <topicref FeatureID="-1" href="PHOB_HLP_MY_NUMBERS.html" navtitle="המספרים שלי"/>
   <topicref FeatureID="-1" href="PHOB_HLP_GROUP_MEMBER_LIST.html" navtitle="חברי קבוצה"/>
   <topicref FeatureID="-1" href="PHOB_HLP_SETTINGS.html" navtitle="הגדרות אנשי קשר"/>
   <topicref FeatureID="-1" href="PHOB_HLP_NAME_LIST.html" navtitle="רשימת אנשי קשר"/>
   <topicref FeatureID="-1" href="HLP_CCA_MY_CARD.html" navtitle="הכרטיס שלי"/>
   <topicref FeatureID="-1" href="RLOOK_HLP_INFO_VIEW.html" navtitle="נהל את איש הקשר שאותר"/>
   <topicref FeatureID="-1" href="HLP_CCA_EDITOR.html" navtitle="עריכת כרטיסי אנשי קשר"/>
   <topicref FeatureID="-1" href="PHOB_HLP_CONTACT_INFO_VIEW.html" navtitle="כרטיסי אנשי קשר"/>
   <topicref FeatureID="-1" href="PHOB_HLP_EDIT_ENTRY.html" navtitle="עריכת כרטיסי אנשי קשר"/>
   <topicref FeatureID="-1" href="FDN_HLP_FDN_NUMBER_VIEW.html" navtitle="אנשי קשר לחיוג קבוע"/>
   <topicref FeatureID="-1" href="FDN_HLP_FDN_VIEW.html" navtitle="הגבלת שיחות"/>
   <topicref FeatureID="-1" href="SDN_HLP_APP.html" navtitle="מספרי שירות"/>
   <topicref FeatureID="-1" href="PHOB_HLP_SIM_INFO_VIEW.html" navtitle="כרטיסי אנשי קשר SIM"/>
</topics>