<?xml version="1.0" encoding="UTF-8"?>
<keywords>
   <keywords>
      <text FeatureID="-1">חיוג קבוע</text>
      <target FeatureID="-1" href="FDN_HLP_FDN_NUM_EDIT_VIEW.html">עריכת אנשי קשר</target>
      <target FeatureID="-1" href="FDN_HLP_FDN_NUMBER_VIEW.html">אנשי קשר לחיוג קבוע</target>
      <target FeatureID="-1" href="FDN_HLP_FDN_VIEW.html">הגבלת שיחות</target>
   </keywords>
   <keywords>
      <text FeatureID="-1">הגבלת שיחות</text>
      <target FeatureID="-1" href="FDN_HLP_FDN_VIEW.html">הגבלת שיחות</target>
   </keywords>
   <keywords>
      <text FeatureID="-1">מספרי שירות</text>
      <target FeatureID="-1" href="SDN_HLP_APP.html">מספרי שירות</target>
   </keywords>
   <keywords>
      <text FeatureID="-1">מספרי שירות SIM</text>
      <target FeatureID="-1" href="SDN_HLP_APP.html">מספרי שירות</target>
   </keywords>
   <keywords>
      <text FeatureID="-1">מספרי שירות ב-SIM</text>
      <target FeatureID="-1" href="SDN_HLP_APP.html">מספרי שירות</target>
   </keywords>
   <keywords>
      <text FeatureID="-1">קבוצות אנשי קשר</text>
      <target FeatureID="-1" href="PHOB_HLP_GROUP_LIST.html">קבוצות אנשי קשר</target>
      <target FeatureID="-1" href="PHOB_HLP_GROUP_MEMBER_LIST.html">חברי קבוצה</target>
   </keywords>
   <keywords>
      <text FeatureID="-1">אנשי קשר SIM</text>
      <target FeatureID="-1" href="PHOB_HLP_SIM_LIST.html">ספריית אנשי הקשר ב-SIM</target>
   </keywords>
   <keywords>
      <text FeatureID="-1">מספר SIM</text>
      <target FeatureID="-1" href="PHOB_HLP_MY_NUMBERS.html">המספרים שלי</target>
   </keywords>
   <keywords>
      <text FeatureID="-1">סדר השמות באנשי קשר</text>
      <target FeatureID="-1" href="PHOB_HLP_SETTINGS.html">הגדרות אנשי קשר</target>
   </keywords>
   <keywords>
      <text FeatureID="-1">זיכרון אנשי קשר</text>
      <target FeatureID="-1" href="PHOB_HLP_SETTINGS.html">הגדרות אנשי קשר</target>
   </keywords>
   <keywords>
      <text FeatureID="-1">זיכרון ברירת מחדל</text>
      <target FeatureID="-1" href="PHOB_HLP_SETTINGS.html">הגדרות אנשי קשר</target>
   </keywords>
   <keywords>
      <text FeatureID="-1">ספריית אנשי קשר</text>
      <target FeatureID="-1" href="PHOB_HLP_NAME_LIST.html">ספריית אנשי קשר</target>
   </keywords>
   <keywords>
      <text FeatureID="-1">מידע אנשי קשר</text>
      <target FeatureID="-1" href="PHOB_HLP_NAME_LIST.html">ספריית אנשי קשר</target>
   </keywords>
   <keywords>
      <text FeatureID="-1">ספר טלפונים</text>
      <target FeatureID="-1" href="PHOB_HLP_NAME_LIST.html">ספריית אנשי קשר</target>
   </keywords>
</keywords>