<?xml version="1.0" encoding="UTF-8"?>
<keywords>
   <keywords>
      <text FeatureID="-1">ساعة, المنبهات</text>
      <target FeatureID="-1" href="CLK_HLP_ALARM_EDITOR.html">محرر منبه الساعة</target>
      <target FeatureID="-1" href="CLK_HLP_REAL_TIME_CLOCK_IN.html">شاشة العرض الرئيسية للساعة</target>
   </keywords>
   <keywords>
      <text FeatureID="-1">منبه</text>
      <target FeatureID="-1" href="CLK_HLP_ALARM_EDITOR.html">محرر منبه الساعة</target>
      <target FeatureID="-1" href="CLK_HLP_REAL_TIME_CLOCK_IN.html">شاشة العرض الرئيسية للساعة</target>
   </keywords>
   <keywords>
      <text FeatureID="-1">ساعة</text>
      <target FeatureID="-1" href="CLK_HLP_CNTDWN.html">موقت العد التنازلي</target>
      <target FeatureID="-1" href="CLK_HLP_WRLD_CLK.html">التوقيت العالمي</target>
   </keywords>
   <keywords>
      <text FeatureID="-1">الموقتات</text>
      <target FeatureID="-1" href="CLK_HLP_CNTDWN.html">موقت العد التنازلي</target>
   </keywords>
   <keywords>
      <text FeatureID="-1">ضبط التاريخ والوقت</text>
      <target FeatureID="-1" href="CLK_HLP_SETTINGS.html">ضبط التاريخ والوقت</target>
   </keywords>
   <keywords>
      <text FeatureID="-1">ضبط الساعة</text>
      <target FeatureID="-1" href="CLK_HLP_SETTINGS.html">ضبط التاريخ والوقت</target>
   </keywords>
   <keywords>
      <text FeatureID="-1">ساعة, المناطق الزمنية</text>
      <target FeatureID="-1" href="CLK_HLP_REAL_TIME_CLOCK_AN.html">التوقيت المحلي</target>
   </keywords>
   <keywords>
      <text FeatureID="-1">التوقيت المحلي والمنطقة الزمنية</text>
      <target FeatureID="-1" href="CLK_HLP_REAL_TIME_CLOCK_AN.html">التوقيت المحلي</target>
   </keywords>
   <keywords>
      <text FeatureID="-1">ساعة الإيقاف</text>
      <target FeatureID="-1" href="CCLK_HLP_STPWTCH.html">ساعة الإيقاف</target>
   </keywords>
   <keywords>
      <text FeatureID="-1">توقيتات المدن</text>
      <target FeatureID="-1" href="CLK_HLP_WRLD_CLK.html">التوقيت العالمي</target>
   </keywords>
   <keywords>
      <text FeatureID="-1">التوقيت العالمي</text>
      <target FeatureID="-1" href="CLK_HLP_WRLD_CLK.html">التوقيت العالمي</target>
   </keywords>
</keywords>