<?xml version="1.0" encoding="UTF-8"?>
<keywords>
   <keywords>
      <text FeatureID="-1">запись, звуковые сигналы</text>
      <target FeatureID="-1" href="VOREC_HLP_EMPTY_RECORDER.html">Запись аудиоклипов</target>
   </keywords>
   <keywords>
      <text FeatureID="-1">диктофон</text>
      <target FeatureID="-1" href="VOREC_HLP_MAIN.html">Работа с диктофоном</target>
   </keywords>
   <keywords>
      <text FeatureID="-1">запись аудиоклипов</text>
      <target FeatureID="-1" href="VOREC_HLP_MAIN.html">Работа с диктофоном</target>
   </keywords>
   <keywords>
      <text FeatureID="-1">параметры диктофона</text>
      <target FeatureID="-1" href="VOREC_HLP_SETTINGS.html">Параметры диктофона</target>
   </keywords>
</keywords>