<?xml version="1.0" encoding="UTF-8"?><?xml-stylesheet  href="../../theme/xsl/index2html.xslt" type="text/xsl"?>
<topics FeatureID="-1" title="Logs" compressed="true">
   <topicref FeatureID="-1" href="GPRS_HLP_MAIN.html" navtitle="Conex. dados por pacote"/>
   <topicref FeatureID="-1" href="LOGS_HLP_COUNTER.html" navtitle="Registros cham. e dados"/>
   <topicref FeatureID="-1" href="LOGS_HLP_DETAIL.html" navtitle="Detalhes do event. reg."/>
   <topicref FeatureID="-1" href="LOGS_HLP_MAIN.html" navtitle="Informações de registro"/>
   <topicref FeatureID="-1" href="LOGS_HLP_SETTING.html" navtitle="Configs. do registro"/>
   <topicref FeatureID="-1" href="STM_HLP_DIALLED.html" navtitle="Núms. discados"/>
   <topicref FeatureID="-1" href="STM_HLP_MAIN.html" navtitle="Chams. recentes"/>
   <topicref FeatureID="-1" href="STM_HLP_MISSED.html" navtitle="Chs. não atend."/>
   <topicref FeatureID="-1" href="STM_HLP_RECEIVED.html" navtitle="Chams. recebidas"/>
   <topicref FeatureID="-1" href="TIMERS_HLP_MAIN.html" navtitle="Duração chams."/>
</topics>