<?xml version="1.0" encoding="UTF-8"?>
<keywords>
   <keywords>
      <text FeatureID="-1">conex. dados por pacote</text>
      <target FeatureID="-1" href="GPRS_HLP_MAIN.html">Conex. dados por pacote</target>
      <target FeatureID="-1" href="LOGS_HLP_COUNTER.html">Registros cham. e dados</target>
   </keywords>
   <keywords>
      <text FeatureID="-1">duração chams.</text>
      <target FeatureID="-1" href="LOGS_HLP_COUNTER.html">Registros cham. e dados</target>
      <target FeatureID="-1" href="TIMERS_HLP_MAIN.html">Duração chams.</target>
      <target FeatureID="-1" href="TIMERS_HLP_MAIN.html">Duração chams.</target>
   </keywords>
   <keywords>
      <text FeatureID="-1">chams. recentes</text>
      <target FeatureID="-1" href="LOGS_HLP_COUNTER.html">Registros cham. e dados</target>
      <target FeatureID="-1" href="STM_HLP_MAIN.html">Chams. recentes</target>
   </keywords>
   <keywords>
      <text FeatureID="-1">registros</text>
      <target FeatureID="-1" href="LOGS_HLP_DETAIL.html">Detalhes do event. reg.</target>
      <target FeatureID="-1" href="LOGS_HLP_MAIN.html">Informações de registro</target>
   </keywords>
   <keywords>
      <text FeatureID="-1">configurações do registro</text>
      <target FeatureID="-1" href="LOGS_HLP_SETTING.html">Configs. do registro</target>
   </keywords>
   <keywords>
      <text FeatureID="-1">núms. discados</text>
      <target FeatureID="-1" href="STM_HLP_DIALLED.html">Núms. discados</target>
   </keywords>
   <keywords>
      <text FeatureID="-1">registro de chamadas</text>
      <target FeatureID="-1" href="STM_HLP_MAIN.html">Chams. recentes</target>
   </keywords>
   <keywords>
      <text FeatureID="-1">chs. não atend.</text>
      <target FeatureID="-1" href="STM_HLP_MISSED.html">Chs. não atend.</target>
   </keywords>
   <keywords>
      <text FeatureID="-1">chams. recebidas</text>
      <target FeatureID="-1" href="STM_HLP_RECEIVED.html">Chams. recebidas</target>
   </keywords>
   <keywords>
      <text FeatureID="-1">chams. atendidas</text>
      <target FeatureID="-1" href="STM_HLP_RECEIVED.html">Chams. recebidas</target>
   </keywords>
</keywords>