<?xml version="1.0" encoding="UTF-8"?>
<keywords>
   <keywords>
      <text FeatureID="-1">šūnu apraides ziņas</text>
      <target FeatureID="-1" href="CBS_HLP_TOPIC_VIEW.html">Šūnu apraides ziņas</target>
      <target FeatureID="-1" href="CBS_HLP_MAIN.html">Šūnu apraides tēmu saraksts</target>
      <target FeatureID="-1" href="CBS_HLP_MSG.html">Šūnu apraides ziņu skatīšana</target>
   </keywords>
   <keywords>
      <text FeatureID="-1">šūnu apraides tēmu saraksts</text>
      <target FeatureID="-1" href="CBS_HLP_MAIN.html">Šūnu apraides tēmu saraksts</target>
   </keywords>
</keywords>