<?xml version="1.0" encoding="UTF-8"?>
<keywords>
   <keywords>
      <text FeatureID="-1">dekrüpteerimine, mälukaart</text>
      <target FeatureID="-1" href="ES_HLP_ENCRYPTION_DECRYPT.html">Mälukaardi dekrüpteerimine</target>
   </keywords>
   <keywords>
      <text FeatureID="-1">krüptimine, mälukaart</text>
      <target FeatureID="-1" href="ES_HLP_ENCRYPTION_ENCRYPT.html">Mälukaardi krüptimine</target>
   </keywords>
   <keywords>
      <text FeatureID="-1">krüpteerimine, seadme mälu ja mälukaart</text>
      <target FeatureID="-1" href="ES_HLP_ENCRYPTION_MAIN.html">Krüpteerimine ja dekrüpteerimine</target>
   </keywords>
   <keywords>
      <text FeatureID="-1">dekrüpteerimine, seadme mälu ja mälukaart</text>
      <target FeatureID="-1" href="ES_HLP_ENCRYPTION_MAIN.html">Krüpteerimine ja dekrüpteerimine</target>
   </keywords>
</keywords>