<?xml version="1.0" encoding="UTF-8"?>
<keywords>
   <keywords>
      <text FeatureID="-1">Wechselkurse</text>
      <target FeatureID="-1" href="CNV_HLP_RATES.html">Währungseinstellungen</target>
   </keywords>
   <keywords>
      <text FeatureID="-1">Basiswährung</text>
      <target FeatureID="-1" href="CNV_HLP_RATES.html">Währungseinstellungen</target>
   </keywords>
   <keywords>
      <text FeatureID="-1">Währungsumrechnung</text>
      <target FeatureID="-1" href="CNV_HLP_RATES.html">Währungseinstellungen</target>
   </keywords>
   <keywords>
      <text FeatureID="-1">Umrechner</text>
      <target FeatureID="-1" href="CNV_HLP_MAIN_STATE.html">Einheiten umrechnen</target>
   </keywords>
   <keywords>
      <text FeatureID="-1">Währungen umrechnen</text>
      <target FeatureID="-1" href="CNV_HLP_MAIN_STATE.html">Einheiten umrechnen</target>
   </keywords>
</keywords>