<?xml version="1.0" encoding="UTF-8"?>
<keywords>
   <keywords>
      <text FeatureID="-1">file Flash, riproduzione</text>
      <target FeatureID="-1" href="FLITE_HLP_STOPPED.html">Interrompere la riproduzione di file Flash</target>
      <target FeatureID="-1" href="FLITE_HLP_VIEWER_PAUSED.html">Sospendere la riproduzione di file Flash</target>
      <target FeatureID="-1" href="FLITE_HLP_VIEWER_PLAY.html">Riprodurre file Flash</target>
   </keywords>
   <keywords>
      <text FeatureID="-1">lettore Flash</text>
      <target FeatureID="-1" href="FLITE_HLP_STOPPED.html">Interrompere la riproduzione di file Flash</target>
      <target FeatureID="-1" href="FLITE_HLP_VIEWER_PAUSED.html">Sospendere la riproduzione di file Flash</target>
      <target FeatureID="-1" href="FLITE_HLP_VIEWER_PLAY.html">Riprodurre file Flash</target>
   </keywords>
</keywords>