<?xml version="1.0" encoding="UTF-8"?>
<keywords>
   <keywords>
      <text FeatureID="-1">پیغام ریڈر, زبان</text>
      <target FeatureID="-1" href="SPEECH_HLP_MAIN.html">صوت ترتيبات</target>
   </keywords>
   <keywords>
      <text FeatureID="-1">پيغام ريڈر, صوت</text>
      <target FeatureID="-1" href="SPEECH_HLP_MAIN.html">صوت ترتيبات</target>
   </keywords>
   <keywords>
      <text FeatureID="-1">پيغام پڑھنے والا</text>
      <target FeatureID="-1" href="SPEECH_HLP_VOICE.html">صوتی تفصیلات</target>
   </keywords>
   <keywords>
      <text FeatureID="-1">پيغام ريڈر, ترتيبات</text>
      <target FeatureID="-1" href="SPEECH_HLP_MRSETTINGS.html">پيغام ريڈر ترتيبات</target>
   </keywords>
</keywords>