<?xml version="1.0" encoding="UTF-8"?>
<keywords>
   <keywords>
      <text FeatureID="-1">irratia</text>
      <target FeatureID="-1" href="FMRADIO_HLP_MAIN.html">Irratia entzun</target>
      <target FeatureID="-1" href="FMRADIO_HLP_SEARCH.html">Irrati kateak bilatzea</target>
      <target FeatureID="-1" href="FMRADIO_HLP_LIST.html"> Irrati-kateak kudeatu</target>
   </keywords>
   <keywords>
      <text FeatureID="-1">FM irratia</text>
      <target FeatureID="-1" href="FMRADIO_HLP_MAIN.html">Irratia entzun</target>
      <target FeatureID="-1" href="FMRADIO_HLP_SEARCH.html">Irrati kateak bilatzea</target>
      <target FeatureID="-1" href="FMRADIO_HLP_LIST.html"> Irrati-kateak kudeatu</target>
   </keywords>
</keywords>