<?xml version="1.0" encoding="UTF-8"?>
<keywords>
   <keywords>
      <text FeatureID="-1">收音機</text>
      <target FeatureID="-1" href="FMRADIO_HLP_MAIN.html">收聽收音機</target>
      <target FeatureID="-1" href="FMRADIO_HLP_SEARCH.html">找尋電台</target>
      <target FeatureID="-1" href="FMRADIO_HLP_LIST.html"> 管理收音機電台</target>
   </keywords>
   <keywords>
      <text FeatureID="-1">FM 收音機</text>
      <target FeatureID="-1" href="FMRADIO_HLP_MAIN.html">收聽收音機</target>
      <target FeatureID="-1" href="FMRADIO_HLP_SEARCH.html">找尋電台</target>
      <target FeatureID="-1" href="FMRADIO_HLP_LIST.html"> 管理收音機電台</target>
   </keywords>
</keywords>