<?xml version="1.0" encoding="UTF-8"?>
<keywords>
   <keywords>
      <text FeatureID="-1">kategorije točk</text>
      <target FeatureID="-1" href="LM_HLP_LM_BY_CATEGORY.html">Kategorije točk</target>
      <target FeatureID="-1" href="LM_HLP_EDIT_CATEGORIES.html">Urejanje kategorij točk</target>
   </keywords>
   <keywords>
      <text FeatureID="-1">točke</text>
      <target FeatureID="-1" href="LM_HLP_LM_BY_NAME.html">Točke po imenskem pregledu</target>
      <target FeatureID="-1" href="LM_HLP_CATEGORY_CONTENTS.html">Točke v kateg.</target>
      <target FeatureID="-1" href="LM_HLP_LM_VIEWER.html">Podrobno o točkah</target>
   </keywords>
   <keywords>
      <text FeatureID="-1">urejanje točk</text>
      <target FeatureID="-1" href="LM_HLP_LM_EDITOR.html">Urejanje točke</target>
   </keywords>
</keywords>