<?xml version="1.0" encoding="UTF-8"?><?xml-stylesheet  href="../../theme/xsl/index2html.xslt" type="text/xsl"?>
<topics FeatureID="-1" title="Správy" compressed="true">
   <topicref FeatureID="-1" href="MCE_HLP_MESSAGING.html" navtitle="Centrum správ"/>
   <topicref FeatureID="-1" href="MCE_HLP_SIM.html" navtitle="Prezeranie správ SIM"/>
   <topicref FeatureID="-1" href="MCE_HLP_SETTINGS.html" navtitle="Nastavenia správ"/>
   <topicref FeatureID="-1" href="MCE_HLP_SETTINGS_SMS.html" navtitle="Nastavenia SMS"/>
   <topicref FeatureID="-1" href="SMS_HLP_SETTINGS_SCENTRES.html" navtitle="Nastavenia centra SMS"/>
   <topicref FeatureID="-1" href="SMS_HLP_SETTINGS_SCENTRES_EDIT.html" navtitle="Úprava centier textových správ"/>
   <topicref FeatureID="true_1092" href="SMS_HLP_SETTINGS_SMS_EMAIL.html" navtitle="E-mailové nastavenia pre SMS"/>
   <topicref FeatureID="-1" href="MCE_HLP_SETTINGS_MMS.html" navtitle="Nastavenia MMS"/>
   <topicref FeatureID="true_1090" href="MCE_HLP_SETTINGS_CB.html" navtitle="Nastavenia správ CBS"/>
   <topicref FeatureID="-1" href="MCE_HLP_SETTINGS_GEN.html" navtitle="Iné nastavenia"/>
   <topicref FeatureID="-1" href="MCE_HLP_INBOX.html" navtitle="Prijaté"/>
   <topicref FeatureID="-1" href="MCE_HLP_DOCUMENTS.html" navtitle="Moje zložky"/>
   <topicref FeatureID="-1" href="MCE_HLP_TEMPLATES.html" navtitle="Šablóny správ"/>
   <topicref FeatureID="-1" href="MCE_HLP_FOLDER.html" navtitle="Organizovanie správ"/>
   <topicref FeatureID="-1" href="MCE_HLP_DRAFTS.html" navtitle="Koncepty"/>
   <topicref FeatureID="-1" href="MCE_HLP_SENT_ITEMS.html" navtitle="Odoslané správy"/>
   <topicref FeatureID="-1" href="MCE_HLP_OUTBOX.html" navtitle="Na odoslanie"/>
   <topicref FeatureID="-1" href="MCE_HLP_DELIVERY_REPORTS.html" navtitle="Výpisy o doručení"/>
   <topicref FeatureID="true_1132" href="MCE_HLP_MMS_NOTIFICATIONS.html" navtitle="Hlásenia MMS správ"/>
</topics>