<?xml version="1.0" encoding="UTF-8"?>
<keywords>
   <keywords>
      <text FeatureID="-1">odosielanie správ</text>
      <target FeatureID="-1" href="MCE_HLP_MESSAGING.html">Centrum správ</target>
      <target FeatureID="-1" href="MCE_HLP_OUTBOX.html">Na odoslanie</target>
   </keywords>
   <keywords>
      <text FeatureID="-1">príjem správ</text>
      <target FeatureID="-1" href="MCE_HLP_MESSAGING.html">Centrum správ</target>
      <target FeatureID="-1" href="MCE_HLP_INBOX.html">Prijaté</target>
   </keywords>
   <keywords>
      <text FeatureID="-1">správy SIM</text>
      <target FeatureID="-1" href="MCE_HLP_SIM.html">Prezeranie správ SIM</target>
   </keywords>
   <keywords>
      <text FeatureID="-1">správy na SIM karte</text>
      <target FeatureID="-1" href="MCE_HLP_SIM.html">Prezeranie správ SIM</target>
   </keywords>
   <keywords>
      <text FeatureID="-1">nastavenia správ</text>
      <target FeatureID="-1" href="MCE_HLP_SETTINGS.html">Nastavenia správ</target>
      <target FeatureID="-1" href="MCE_HLP_SETTINGS_GEN.html">Iné nastavenia</target>
   </keywords>
   <keywords>
      <text FeatureID="-1">nastavenia SMS</text>
      <target FeatureID="-1" href="MCE_HLP_SETTINGS_SMS.html">Nastavenia SMS</target>
   </keywords>
   <keywords>
      <text FeatureID="-1">nastavenia textových správ</text>
      <target FeatureID="-1" href="MCE_HLP_SETTINGS_SMS.html">Nastavenia SMS</target>
      <target FeatureID="-1" href="SMS_HLP_SETTINGS_SCENTRES.html">Nastavenia centra SMS</target>
      <target FeatureID="-1" href="SMS_HLP_SETTINGS_SCENTRES_EDIT.html">Úprava centier textových správ</target>
   </keywords>
   <keywords>
      <text FeatureID="-1">nastavenia centra správ</text>
      <target FeatureID="-1" href="SMS_HLP_SETTINGS_SCENTRES.html">Nastavenia centra SMS</target>
      <target FeatureID="-1" href="SMS_HLP_SETTINGS_SCENTRES_EDIT.html">Úprava centier textových správ</target>
   </keywords>
   <keywords>
      <text FeatureID="-1">nastavenia centra SMS</text>
      <target FeatureID="-1" href="SMS_HLP_SETTINGS_SCENTRES.html">Nastavenia centra SMS</target>
   </keywords>
   <keywords>
      <text FeatureID="true_1092">e-mail pre textové správy</text>
      <target FeatureID="true_1092" href="SMS_HLP_SETTINGS_SMS_EMAIL.html">E-mailové nastavenia pre SMS</target>
   </keywords>
   <keywords>
      <text FeatureID="true_1092">e-mailové nastavenia pre SMS</text>
      <target FeatureID="true_1092" href="SMS_HLP_SETTINGS_SMS_EMAIL.html">E-mailové nastavenia pre SMS</target>
   </keywords>
   <keywords>
      <text FeatureID="-1">nastavenia MMS</text>
      <target FeatureID="-1" href="MCE_HLP_SETTINGS_MMS.html">Nastavenia MMS</target>
   </keywords>
   <keywords>
      <text FeatureID="true_1090">nastavenia celulárneho vysielania</text>
      <target FeatureID="true_1090" href="MCE_HLP_SETTINGS_CB.html">Nastavenia správ CBS</target>
   </keywords>
   <keywords>
      <text FeatureID="-1">prijaté správy</text>
      <target FeatureID="-1" href="MCE_HLP_INBOX.html">Prijaté</target>
   </keywords>
   <keywords>
      <text FeatureID="-1">moje zložky</text>
      <target FeatureID="-1" href="MCE_HLP_DOCUMENTS.html">Moje zložky</target>
   </keywords>
   <keywords>
      <text FeatureID="-1">ukladanie správ</text>
      <target FeatureID="-1" href="MCE_HLP_DOCUMENTS.html">Moje zložky</target>
   </keywords>
   <keywords>
      <text FeatureID="-1">posielanie šablón</text>
      <target FeatureID="-1" href="MCE_HLP_TEMPLATES.html">Šablóny správ</target>
   </keywords>
   <keywords>
      <text FeatureID="-1">šablóny správ</text>
      <target FeatureID="-1" href="MCE_HLP_TEMPLATES.html">Šablóny správ</target>
   </keywords>
   <keywords>
      <text FeatureID="-1">organizovanie správ</text>
      <target FeatureID="-1" href="MCE_HLP_FOLDER.html">Organizovanie správ</target>
   </keywords>
   <keywords>
      <text FeatureID="-1">ukladanie konceptov správ</text>
      <target FeatureID="-1" href="MCE_HLP_DRAFTS.html">Koncepty</target>
   </keywords>
   <keywords>
      <text FeatureID="-1">koncepty správ</text>
      <target FeatureID="-1" href="MCE_HLP_DRAFTS.html">Koncepty</target>
   </keywords>
   <keywords>
      <text FeatureID="-1">odoslané správy</text>
      <target FeatureID="-1" href="MCE_HLP_SENT_ITEMS.html">Odoslané správy</target>
   </keywords>
   <keywords>
      <text FeatureID="-1">prezrieť zložku Na odoslanie</text>
      <target FeatureID="-1" href="MCE_HLP_OUTBOX.html">Na odoslanie</target>
   </keywords>
   <keywords>
      <text FeatureID="-1">výpisy o doručení</text>
      <target FeatureID="-1" href="MCE_HLP_DELIVERY_REPORTS.html">Výpisy o doručení</target>
   </keywords>
   <keywords>
      <text FeatureID="true_1132">hlásenia MMS správ</text>
      <target FeatureID="true_1132" href="MCE_HLP_MMS_NOTIFICATIONS.html">Hlásenia MMS správ</target>
   </keywords>
</keywords>