<?xml version="1.0" encoding="UTF-8"?>
<keywords>
   <keywords>
      <text FeatureID="true_24">ochranný modul</text>
      <target FeatureID="-1" href="SECMOD_HLP_ACCESSCODE_VIEW.html">PIN kód ochranného modulu</target>
      <target FeatureID="-1" href="SECMOD_HLP_MAIN_VIEW.html">Ochranný modul</target>
      <target FeatureID="-1" href="SEMOD_HLP_SIGNINGCODE_VIEW.html">Úprava kódu podpisu</target>
   </keywords>
   <keywords>
      <text FeatureID="true_24">PIN kód</text>
      <target FeatureID="-1" href="SECMOD_HLP_ACCESSCODE_VIEW.html">PIN kód ochranného modulu</target>
   </keywords>
   <keywords>
      <text FeatureID="true_24">kódy ochranného modulu</text>
      <target FeatureID="-1" href="SECMOD_HLP_CODE_VIEW.html">Kódy ochranného modulu</target>
   </keywords>
   <keywords>
      <text FeatureID="true_24">PIN kód pre ochranný modul</text>
      <target FeatureID="-1" href="SECMOD_HLP_CODE_VIEW.html">Kódy ochranného modulu</target>
   </keywords>
   <keywords>
      <text FeatureID="true_24">pamäť kľúča</text>
      <target FeatureID="-1" href="SECMOD_HLP_MAIN_VIEW.html">Ochranný modul</target>
   </keywords>
   <keywords>
      <text FeatureID="true_24">kód podpisu</text>
      <target FeatureID="-1" href="SEMOD_HLP_SIGNINGCODE_VIEW.html">Úprava kódu podpisu</target>
   </keywords>
   <keywords>
      <text FeatureID="true_24">digitálne podpisy</text>
      <target FeatureID="-1" href="SEMOD_HLP_SIGNINGCODE_VIEW.html">Úprava kódu podpisu</target>
   </keywords>
</keywords>