<?xml version="1.0" encoding="UTF-8"?>
<keywords>
   <keywords>
      <text FeatureID="-1">GPS duomenys</text>
      <target FeatureID="-1" href="HLP_BLID_NAVIGATION.html">Navigacijos rodinys</target>
      <target FeatureID="false_112" href="BLID_HLP_WAYPOINTS.html">Įrašytos vietovės</target>
      <target FeatureID="-1" href="HLP_BLID_TRIPMETER.html">Kelionės atstumo peržiūra</target>
   </keywords>
   <keywords>
      <text FeatureID="-1">judėjimas į atvykimo tašką</text>
      <target FeatureID="-1" href="HLP_BLID_NAVIGATION.html">Navigacijos rodinys</target>
   </keywords>
   <keywords>
      <text FeatureID="false_112">vietovių įrašymas</text>
      <target FeatureID="false_112" href="BLID_HLP_WAYPOINTS.html">Įrašytos vietovės</target>
   </keywords>
   <keywords>
      <text FeatureID="-1">navigacijos programos parametrai</text>
      <target FeatureID="-1" href="BLID_HLP_SETTINGS.html">GPS duomenų parametrai</target>
   </keywords>
   <keywords>
      <text FeatureID="-1">GPS duomenų parametrai</text>
      <target FeatureID="-1" href="BLID_HLP_SETTINGS.html">GPS duomenų parametrai</target>
   </keywords>
   <keywords>
      <text FeatureID="-1">kelionės informacija</text>
      <target FeatureID="-1" href="HLP_BLID_TRIPMETER.html">Kelionės atstumo peržiūra</target>
   </keywords>
   <keywords>
      <text FeatureID="-1">keliavimo informacija</text>
      <target FeatureID="-1" href="HLP_BLID_TRIPMETER.html">Kelionės atstumo peržiūra</target>
   </keywords>
</keywords>