<?xml version="1.0" encoding="UTF-8"?>
<keywords>
   <keywords>
      <text FeatureID="-1">settings, slide</text>
      <target FeatureID="-1" href="SET_HLP_SETTINGS_KEYPAD_COVER.html">Slide handling settings</target>
   </keywords>
   <keywords>
      <text FeatureID="-1">slide settings</text>
      <target FeatureID="-1" href="SET_HLP_SETTINGS_KEYPAD_COVER.html">Slide handling settings</target>
   </keywords>
   <keywords>
      <text FeatureID="-1">device management</text>
      <target FeatureID="-1" href="CP_HLP_DEVICE_MANAGEMENT.html">Device management</target>
   </keywords>
   <keywords>
      <text FeatureID="true_109">EAP (Extensible Authentication Protocol)</text>
      <target FeatureID="true_109" href="SET_HLP_WLAN_EAP_SIM.html">EAP-SIM settings</target>
   </keywords>
   <keywords>
      <text FeatureID="true_109">settings, WLAN</text>
      <target FeatureID="true_109" href="SET_HLP_WLAN_EAP_SIM.html">EAP-SIM settings</target>
   </keywords>
   <keywords>
      <text FeatureID="-1">restricting access points</text>
      <target FeatureID="-1" href="ACL_HLP_MAIN.html">Restrict connections</target>
   </keywords>
   <keywords>
      <text FeatureID="-1">connection settings</text>
      <target FeatureID="-1" href="SIP_HLP_PROF_PARAMS.html">SIP profile settings</target>
      <target FeatureID="-1" href="SIP_HLP_MAIN.html">SIP profiles</target>
      <target FeatureID="-1" href="SET_HLP_CONN_DEST_VIEW.html">Destinations view</target>
      <target FeatureID="-1" href="SET_HLP_DEFAULT_CONN.html">Default connection</target>
      <target FeatureID="-1" href="SET_HLP_CONN_METHODS_VIEW.html">Access points view</target>
      <target FeatureID="true_1581" href="RD_HLP_REMOTE_DRIVE_CONFIG.html">Remote drive settings</target>
      <target FeatureID="true_1581" href="RD_HLP_REMOTE_DRIVES.html">Remote drives</target>
   </keywords>
   <keywords>
      <text FeatureID="-1">SIP settings</text>
      <target FeatureID="-1" href="SIP_HLP_PROF_PARAMS.html">SIP profile settings</target>
      <target FeatureID="-1" href="SIP_HLP_MAIN.html">SIP profiles</target>
      <target FeatureID="-1" href="SIP_HLP_PROXY_PARAMS.html">SIP proxy settings</target>
      <target FeatureID="-1" href="SIP_HLP_REGISTRAR_PARAM.html">Registrar server settings</target>
   </keywords>
   <keywords>
      <text FeatureID="-1">registrar server</text>
      <target FeatureID="-1" href="SIP_HLP_REGISTRAR_PARAM.html">Registrar server settings</target>
   </keywords>
   <keywords>
      <text FeatureID="-1">access points</text>
      <target FeatureID="-1" href="HLP_OCC_CONN_SETTINGS.html">Network connections</target>
      <target FeatureID="-1" href="SET_HLP_CONN_METHODS_VIEW.html">Access points view</target>
      <target FeatureID="-1" href="SET_HLP_AP_SETTING_GPRS.html">Packet data access point</target>
      <target FeatureID="true_109" href="SET_HLP_AP_SETTING_WLAN.html">WLAN access point</target>
   </keywords>
   <keywords>
      <text FeatureID="-1">settings, connection</text>
      <target FeatureID="-1" href="HLP_OCC_CONN_SETTINGS.html">Network connections</target>
   </keywords>
   <keywords>
      <text FeatureID="-1">destination settings</text>
      <target FeatureID="-1" href="SET_HLP_CONN_DEST_VIEW.html">Destinations view</target>
   </keywords>
   <keywords>
      <text FeatureID="-1">default connection</text>
      <target FeatureID="-1" href="SET_HLP_DEFAULT_CONN.html">Default connection</target>
   </keywords>
   <keywords>
      <text FeatureID="-1">VPN access points</text>
      <target FeatureID="true_99" href="SET_HLP_VPN_DEST_ASSOC_VIEW.html">VPN connections</target>
      <target FeatureID="-1" href="SET_HLP_VPN_AP_SETTINGS_VIEW.html">Edit VPN access points</target>
   </keywords>
   <keywords>
      <text FeatureID="-1">application connections</text>
      <target FeatureID="-1" href="SET_HLP_APP_DEST_ASSOC_VIEW.html">Application connections</target>
   </keywords>
   <keywords>
      <text FeatureID="-1">application settings</text>
      <target FeatureID="-1" href="CP_HLP_APPILICATION_SETTINGS.html">Application settings</target>
   </keywords>
   <keywords>
      <text FeatureID="-1">calls, settings</text>
      <target FeatureID="-1" href="SCP_HLP_CALL.html">Call settings</target>
   </keywords>
   <keywords>
      <text FeatureID="-1">settings, calls</text>
      <target FeatureID="-1" href="SCP_HLP_CALL.html">Call settings</target>
   </keywords>
   <keywords>
      <text FeatureID="-1">connectivity</text>
      <target FeatureID="-1" href="CP_HLP_CONNECTIVITY.html">Connectivity settings</target>
   </keywords>
   <keywords>
      <text FeatureID="-1">control panel</text>
      <target FeatureID="-1" href="CP_HLP_DISPLAY.html">Display settings</target>
      <target FeatureID="__DUAL_LANGUAGE_SUPPORT=true" href="CP_HLP_WRITING_LANGUAGE.html">Writing language</target>
   </keywords>
   <keywords>
      <text FeatureID="-1">display settings</text>
      <target FeatureID="-1" href="CP_HLP_DISPLAY.html">Display settings</target>
   </keywords>
   <keywords>
      <text FeatureID="-1">general settings</text>
      <target FeatureID="-1" href="CP_HLP_DEVICE.html">Device settings</target>
   </keywords>
   <keywords>
      <text FeatureID="-1">device settings</text>
      <target FeatureID="-1" href="CP_HLP_DEVICE.html">Device settings</target>
   </keywords>
   <keywords>
      <text FeatureID="-1">language settings</text>
      <target FeatureID="-1" href="CP_HLP_LANGUAGE.html">Language settings</target>
   </keywords>
   <keywords>
      <text FeatureID="-1">settings</text>
      <target FeatureID="-1" href="CP_HLP_MAIN_VIEW.html">Settings</target>
   </keywords>
   <keywords>
      <text FeatureID="-1">network settings</text>
      <target FeatureID="-1" href="CP_HLP_NETWORK.html">Network settings</target>
      <target FeatureID="-1" href="CP_HLP_NETWORK.html">Network settings</target>
   </keywords>
   <keywords>
      <text FeatureID="-1">profile</text>
      <target FeatureID="-1" href="CP_HLP_PERSONAL.html">Personal view</target>
   </keywords>
   <keywords>
      <text FeatureID="-1">theme</text>
      <target FeatureID="-1" href="CP_HLP_PERSONAL.html">Personal view</target>
   </keywords>
   <keywords>
      <text FeatureID="-1">standby</text>
      <target FeatureID="-1" href="CP_HLP_PERSONAL.html">Personal view</target>
   </keywords>
   <keywords>
      <text FeatureID="-1">security, settings</text>
      <target FeatureID="-1" href="CP_HLP_SECURITY.html">Security settings</target>
   </keywords>
   <keywords>
      <text FeatureID="-1">settings, security</text>
      <target FeatureID="-1" href="CP_HLP_SECURITY.html">Security settings</target>
   </keywords>
   <keywords>
      <text FeatureID="-1">device, locking</text>
      <target FeatureID="-1" href="SET_HLP_SECURITY_DEVICE_SIM.html">Device security</target>
   </keywords>
   <keywords>
      <text FeatureID="-1">security</text>
      <target FeatureID="-1" href="SET_HLP_SECURITY_DEVICE_SIM.html">Device security</target>
   </keywords>
   <keywords>
      <text FeatureID="__DUAL_LANGUAGE_SUPPORT=true">writing language</text>
      <target FeatureID="__DUAL_LANGUAGE_SUPPORT=true" href="CP_HLP_WRITING_LANGUAGE.html">Writing language</target>
   </keywords>
   <keywords>
      <text FeatureID="-1">accessory settings</text>
      <target FeatureID="-1" href="SET_HLP_ACCESSORIES_LIST.html">Accessory settings</target>
      <target FeatureID="-1" href="SET_HLP_ACCESSORIES_HEADPHONE.html">Headphone settings</target>
      <target FeatureID="-1" href="SET_HLP_ACCESSORIES_HEADSET.html">Headset settings</target>
      <target FeatureID="-1" href="SET_HLP_ACCESS_WIRED_CK.html">Wired car kit settings</target>
      <target FeatureID="true_1032" href="SET_HLP_ACCESSORIES_TTY.html">Text phone settings</target>
      <target FeatureID="true_1540" href="SET_HLP_ACCESSORIES_TVOUT.html">TV-out settings</target>
   </keywords>
   <keywords>
      <text FeatureID="-1">packet data access point</text>
      <target FeatureID="-1" href="SET_HLP_AP_SETTING_GPRS.html">Packet data access point</target>
   </keywords>
   <keywords>
      <text FeatureID="-1">packet data settings</text>
      <target FeatureID="-1" href="SET_HLP_AP_SETTING_GPRS_AS.html">Adv. packet data sett.</target>
   </keywords>
   <keywords>
      <text FeatureID="-1">packet data access points</text>
      <target FeatureID="-1" href="SET_HLP_AP_SETTING_GPRS_AS.html">Adv. packet data sett.</target>
   </keywords>
   <keywords>
      <text FeatureID="-1">VPN (virtual private network)</text>
      <target FeatureID="-1" href="SET_HLP_VPN_AP_SETTINGS_VIEW.html">Edit VPN access points</target>
   </keywords>
   <keywords>
      <text FeatureID="true_109">Wi-Fi</text>
      <target FeatureID="true_109" href="SET_HLP_AP_SETTING_WLAN.html">WLAN access point</target>
   </keywords>
   <keywords>
      <text FeatureID="-1">keyguard</text>
      <target FeatureID="-1" href="CP_HLP_AUTOKEYGUARD.html">Automatic keyguard</target>
   </keywords>
   <keywords>
      <text FeatureID="true_1581">remote drives</text>
      <target FeatureID="true_1581" href="RD_HLP_REMOTE_DRIVE_CONFIG.html">Remote drive settings</target>
      <target FeatureID="true_1581" href="RD_HLP_REMOTE_DRIVES.html">Remote drives</target>
   </keywords>
   <keywords>
      <text FeatureID="-1">call restriction</text>
      <target FeatureID="-1" href="SET_HLP_BARRING_SETTINGS.html">Restrict phone calls</target>
      <target FeatureID="true_298" href="DIV_HLP_BARRING_MAIN.html">Restrict calls</target>
   </keywords>
   <keywords>
      <text FeatureID="-1">restricting calls</text>
      <target FeatureID="-1" href="SET_HLP_BARRING_SETTINGS.html">Restrict phone calls</target>
      <target FeatureID="true_298" href="DIV_HLP_BARRING_MAIN.html">Restrict calls</target>
   </keywords>
   <keywords>
      <text FeatureID="-1">forwarding calls</text>
      <target FeatureID="true_89" href="DIV_HLP_CALL_FORW_VID.html">Forward video calls</target>
      <target FeatureID="-1" href="DIV_HLP_CALL_FORW_MAIN.html">Call forwarding</target>
      <target FeatureID="-1" href="DIV_HLP_CALL_FORW_VOI.html">Forward voice calls</target>
   </keywords>
   <keywords>
      <text FeatureID="-1">diverting calls</text>
      <target FeatureID="-1" href="DIV_HLP_CALL_FORW_MAIN.html">Call forwarding</target>
   </keywords>
   <keywords>
      <text FeatureID="-1">synchronization settings</text>
      <target FeatureID="-1" href="CP_HLP_SYNCHRONISATION.html">Synchronization settings</target>
   </keywords>
   <keywords>
      <text FeatureID="-1">installing applications</text>
      <target FeatureID="-1" href="CP_HLP_INSTALLATIONS.html">Installations</target>
   </keywords>
   <keywords>
      <text FeatureID="-1">headphone settings</text>
      <target FeatureID="-1" href="SET_HLP_ACCESSORIES_HEADPHONE.html">Headphone settings</target>
   </keywords>
   <keywords>
      <text FeatureID="-1">headset settings</text>
      <target FeatureID="-1" href="SET_HLP_ACCESSORIES_HEADSET.html">Headset settings</target>
   </keywords>
   <keywords>
      <text FeatureID="-1">wired car kit settings</text>
      <target FeatureID="-1" href="SET_HLP_ACCESS_WIRED_CK.html">Wired car kit settings</target>
   </keywords>
   <keywords>
      <text FeatureID="-1">car kit settings</text>
      <target FeatureID="-1" href="SET_HLP_ACCESS_WIRED_CK.html">Wired car kit settings</target>
   </keywords>
   <keywords>
      <text FeatureID="-1">music stand settings</text>
      <target FeatureID="-1" href="SET_HLP_ACCESSORIES_MUSIC_ST.html">Music stand settings</target>
   </keywords>
   <keywords>
      <text FeatureID="true_1032">TTY settings</text>
      <target FeatureID="true_1032" href="SET_HLP_ACCESSORIES_TTY.html">Text phone settings</target>
   </keywords>
   <keywords>
      <text FeatureID="true_1032">TDD settings</text>
      <target FeatureID="true_1032" href="SET_HLP_ACCESSORIES_TTY.html">Text phone settings</target>
   </keywords>
   <keywords>
      <text FeatureID="true_1540">tv-out settings</text>
      <target FeatureID="true_1540" href="SET_HLP_ACCESSORIES_TVOUT.html">TV-out settings</target>
   </keywords>
   <keywords>
      <text FeatureID="true_410">text input</text>
      <target FeatureID="true_410" href="PREDINPUT_HLP_VIRT_ITI_SETT.html">Input settings</target>
   </keywords>
   <keywords>
      <text FeatureID="-1">intelligent text input</text>
      <target FeatureID="-1" href="PREDINPUT_HLP_VIRTUAL_ITI.html">Intelligent text input</target>
   </keywords>
   <keywords>
      <text FeatureID="-1">settings, restoring</text>
      <target FeatureID="-1" href="SET_HLP_GENERAL_ORIG_SET.html">Restore original settings</target>
   </keywords>
   <keywords>
      <text FeatureID="-1">restoring settings</text>
      <target FeatureID="-1" href="SET_HLP_GENERAL_ORIG_SET.html">Restore original settings</target>
   </keywords>
   <keywords>
      <text FeatureID="-1">factory settings, restoring</text>
      <target FeatureID="-1" href="SET_HLP_GENERAL_ORIG_SET.html">Restore original settings</target>
   </keywords>
</keywords>