<?xml version="1.0" encoding="UTF-8"?><?xml-stylesheet  href="../../theme/xsl/index2html.xslt" type="text/xsl"?>
<topics FeatureID="-1" title="Messaggi" compressed="true">
   <topicref FeatureID="-1" href="MCE_HLP_MESSAGING.html" navtitle="Centro servizi SMS"/>
   <topicref FeatureID="-1" href="MCE_HLP_SIM.html" navtitle="Messaggi SIM"/>
   <topicref FeatureID="-1" href="MCE_HLP_SETTINGS.html" navtitle="Impostazioni messaggi"/>
   <topicref FeatureID="-1" href="MCE_HLP_SETTINGS_SMS.html" navtitle="Impostazioni SMS"/>
   <topicref FeatureID="-1" href="SMS_HLP_SETTINGS_SCENTRES.html" navtitle="Centro servizi SMS"/>
   <topicref FeatureID="-1" href="SMS_HLP_SETTINGS_SCENTRES_EDIT.html" navtitle="Modificare centri servizi SMS"/>
   <topicref FeatureID="true_1092" href="SMS_HLP_SETTINGS_SMS_EMAIL.html" navtitle="Impostazioni e-mail SMS"/>
   <topicref FeatureID="-1" href="MCE_HLP_SETTINGS_MMS.html" navtitle="Impostazioni MMS"/>
   <topicref FeatureID="true_1090" href="MCE_HLP_SETTINGS_CB.html" navtitle="Impostazioni Cell Broadcast"/>
   <topicref FeatureID="-1" href="MCE_HLP_SETTINGS_GEN.html" navtitle="Altre impostazioni"/>
   <topicref FeatureID="-1" href="MCE_HLP_INBOX.html" navtitle="Ricevuti"/>
   <topicref FeatureID="-1" href="MCE_HLP_DOCUMENTS.html" navtitle="Archivio"/>
   <topicref FeatureID="-1" href="MCE_HLP_TEMPLATES.html" navtitle="Modelli di messaggi"/>
   <topicref FeatureID="-1" href="MCE_HLP_FOLDER.html" navtitle="Organizzare messaggi"/>
   <topicref FeatureID="-1" href="MCE_HLP_DRAFTS.html" navtitle="Bozze"/>
   <topicref FeatureID="-1" href="MCE_HLP_SENT_ITEMS.html" navtitle="Messaggi inviati"/>
   <topicref FeatureID="-1" href="MCE_HLP_OUTBOX.html" navtitle="In uscita"/>
   <topicref FeatureID="-1" href="MCE_HLP_DELIVERY_REPORTS.html" navtitle="Rapporti di consegna"/>
   <topicref FeatureID="true_1132" href="MCE_HLP_MMS_NOTIFICATIONS.html" navtitle="Notifiche di MMS"/>
   <topicref FeatureID="-1" href="FIND_HLP.html" navtitle="Numeri e indirizzi"/>
</topics>