<?xml version="1.0" encoding="UTF-8"?>
<keywords>
   <keywords>
      <text FeatureID="-1">invio messaggi</text>
      <target FeatureID="-1" href="MCE_HLP_MESSAGING.html">Centro servizi SMS</target>
      <target FeatureID="-1" href="MCE_HLP_OUTBOX.html">In uscita</target>
   </keywords>
   <keywords>
      <text FeatureID="-1">messaggi, ricezione</text>
      <target FeatureID="-1" href="MCE_HLP_MESSAGING.html">Centro servizi SMS</target>
      <target FeatureID="-1" href="MCE_HLP_INBOX.html">Ricevuti</target>
   </keywords>
   <keywords>
      <text FeatureID="-1">SIM, messaggi</text>
      <target FeatureID="-1" href="MCE_HLP_SIM.html">Messaggi SIM</target>
   </keywords>
   <keywords>
      <text FeatureID="-1">carta SIM, messaggi</text>
      <target FeatureID="-1" href="MCE_HLP_SIM.html">Messaggi SIM</target>
   </keywords>
   <keywords>
      <text FeatureID="-1">messaggi, impostazioni</text>
      <target FeatureID="-1" href="MCE_HLP_SETTINGS.html">Impostazioni messaggi</target>
      <target FeatureID="-1" href="MCE_HLP_SETTINGS_GEN.html">Altre impostazioni</target>
   </keywords>
   <keywords>
      <text FeatureID="-1">SMS, impostazioni</text>
      <target FeatureID="-1" href="MCE_HLP_SETTINGS_SMS.html">Impostazioni SMS</target>
      <target FeatureID="-1" href="MCE_HLP_SETTINGS_SMS.html">Impostazioni SMS</target>
      <target FeatureID="-1" href="SMS_HLP_SETTINGS_SCENTRES.html">Centro servizi SMS</target>
      <target FeatureID="-1" href="SMS_HLP_SETTINGS_SCENTRES_EDIT.html">Modificare centri servizi SMS</target>
   </keywords>
   <keywords>
      <text FeatureID="-1">messaggi, centro servizi</text>
      <target FeatureID="-1" href="SMS_HLP_SETTINGS_SCENTRES.html">Centro servizi SMS</target>
      <target FeatureID="-1" href="SMS_HLP_SETTINGS_SCENTRES_EDIT.html">Modificare centri servizi SMS</target>
   </keywords>
   <keywords>
      <text FeatureID="-1">centro servizi SMS</text>
      <target FeatureID="-1" href="SMS_HLP_SETTINGS_SCENTRES.html">Centro servizi SMS</target>
   </keywords>
   <keywords>
      <text FeatureID="true_1092">SMS, e-mail</text>
      <target FeatureID="true_1092" href="SMS_HLP_SETTINGS_SMS_EMAIL.html">Impostazioni e-mail SMS</target>
   </keywords>
   <keywords>
      <text FeatureID="true_1092">e-mail SMS, impostazioni</text>
      <target FeatureID="true_1092" href="SMS_HLP_SETTINGS_SMS_EMAIL.html">Impostazioni e-mail SMS</target>
   </keywords>
   <keywords>
      <text FeatureID="-1">impostazioni MMS</text>
      <target FeatureID="-1" href="MCE_HLP_SETTINGS_MMS.html">Impostazioni MMS</target>
   </keywords>
   <keywords>
      <text FeatureID="true_1090">impostazioni CBS</text>
      <target FeatureID="true_1090" href="MCE_HLP_SETTINGS_CB.html">Impostazioni Cell Broadcast</target>
   </keywords>
   <keywords>
      <text FeatureID="-1">ricevuti</text>
      <target FeatureID="-1" href="MCE_HLP_INBOX.html">Ricevuti</target>
   </keywords>
   <keywords>
      <text FeatureID="-1">archivio</text>
      <target FeatureID="-1" href="MCE_HLP_DOCUMENTS.html">Archivio</target>
   </keywords>
   <keywords>
      <text FeatureID="-1">messaggi, memorizzazione</text>
      <target FeatureID="-1" href="MCE_HLP_DOCUMENTS.html">Archivio</target>
   </keywords>
   <keywords>
      <text FeatureID="-1">invio di modelli</text>
      <target FeatureID="-1" href="MCE_HLP_TEMPLATES.html">Modelli di messaggi</target>
   </keywords>
   <keywords>
      <text FeatureID="-1">messaggi, modelli</text>
      <target FeatureID="-1" href="MCE_HLP_TEMPLATES.html">Modelli di messaggi</target>
   </keywords>
   <keywords>
      <text FeatureID="-1">organizzazione messaggi</text>
      <target FeatureID="-1" href="MCE_HLP_FOLDER.html">Organizzare messaggi</target>
   </keywords>
   <keywords>
      <text FeatureID="-1">salvataggio bozze messaggi</text>
      <target FeatureID="-1" href="MCE_HLP_DRAFTS.html">Bozze</target>
   </keywords>
   <keywords>
      <text FeatureID="-1">messaggi, bozze</text>
      <target FeatureID="-1" href="MCE_HLP_DRAFTS.html">Bozze</target>
   </keywords>
   <keywords>
      <text FeatureID="-1">inviati, messaggi</text>
      <target FeatureID="-1" href="MCE_HLP_SENT_ITEMS.html">Messaggi inviati</target>
   </keywords>
   <keywords>
      <text FeatureID="-1">visual. in uscita</text>
      <target FeatureID="-1" href="MCE_HLP_OUTBOX.html">In uscita</target>
   </keywords>
   <keywords>
      <text FeatureID="-1">rapporti di consegna</text>
      <target FeatureID="-1" href="MCE_HLP_DELIVERY_REPORTS.html">Rapporti di consegna</target>
   </keywords>
   <keywords>
      <text FeatureID="true_1132">notifiche MMS</text>
      <target FeatureID="true_1132" href="MCE_HLP_MMS_NOTIFICATIONS.html">Notifiche di MMS</target>
   </keywords>
   <keywords>
      <text FeatureID="-1">ricerca num. telefono</text>
      <target FeatureID="-1" href="FIND_HLP.html">Numeri e indirizzi</target>
   </keywords>
   <keywords>
      <text FeatureID="-1">ricerca di indirizzi</text>
      <target FeatureID="-1" href="FIND_HLP.html">Numeri e indirizzi</target>
   </keywords>
</keywords>