<?xml version="1.0" encoding="UTF-8"?><?xml-stylesheet  href="../../theme/xsl/index2html.xslt" type="text/xsl"?>
<topics FeatureID="-1" title="הודעות" compressed="true">
   <topicref FeatureID="-1" href="MCE_HLP_MESSAGING.html" navtitle="מרכז שליחת הודעות"/>
   <topicref FeatureID="-1" href="MCE_HLP_SIM.html" navtitle="הצגת הודעות SIM"/>
   <topicref FeatureID="-1" href="MCE_HLP_SETTINGS.html" navtitle="הגדרות שליחת הודעות"/>
   <topicref FeatureID="-1" href="MCE_HLP_SETTINGS_SMS.html" navtitle="הגדרות הודעות טקסט"/>
   <topicref FeatureID="-1" href="SMS_HLP_SETTINGS_SCENTRES.html" navtitle="הגדרות מוקד הודעות טקסט"/>
   <topicref FeatureID="-1" href="SMS_HLP_SETTINGS_SCENTRES_EDIT.html" navtitle="עריכת מרכזי הודעות טקסט"/>
   <topicref FeatureID="true_1092" href="SMS_HLP_SETTINGS_SMS_EMAIL.html" navtitle="הגדרות דוא&#34;ל הודעת טקסט"/>
   <topicref FeatureID="-1" href="MCE_HLP_SETTINGS_MMS.html" navtitle="הגדרות הודעות מולטימדיה"/>
   <topicref FeatureID="true_1090" href="MCE_HLP_SETTINGS_CB.html" navtitle="הגדרות שידור מקומי למנויים"/>
   <topicref FeatureID="-1" href="MCE_HLP_SETTINGS_GEN.html" navtitle="הגדרות אחרות"/>
   <topicref FeatureID="-1" href="MCE_HLP_INBOX.html" navtitle="דואר נכנס"/>
   <topicref FeatureID="-1" href="MCE_HLP_DOCUMENTS.html" navtitle="התיקיות שלי"/>
   <topicref FeatureID="-1" href="MCE_HLP_TEMPLATES.html" navtitle="תבניות הודעה"/>
   <topicref FeatureID="-1" href="MCE_HLP_FOLDER.html" navtitle="ארגון הודעות"/>
   <topicref FeatureID="-1" href="MCE_HLP_DRAFTS.html" navtitle="טיוטות"/>
   <topicref FeatureID="-1" href="MCE_HLP_SENT_ITEMS.html" navtitle="הודעות שנשלחו"/>
   <topicref FeatureID="-1" href="MCE_HLP_OUTBOX.html" navtitle="דואר יוצא"/>
   <topicref FeatureID="-1" href="MCE_HLP_DELIVERY_REPORTS.html" navtitle="דוחות מסירה"/>
   <topicref FeatureID="true_1132" href="MCE_HLP_MMS_NOTIFICATIONS.html" navtitle="הודעות מולטימדיה"/>
</topics>