<?xml version="1.0" encoding="UTF-8"?>
<keywords>
   <keywords>
      <text FeatureID="-1">שליחת הודעות</text>
      <target FeatureID="-1" href="MCE_HLP_MESSAGING.html">מרכז שליחת הודעות</target>
      <target FeatureID="-1" href="MCE_HLP_OUTBOX.html">דואר יוצא</target>
   </keywords>
   <keywords>
      <text FeatureID="-1">קבלת הודעות</text>
      <target FeatureID="-1" href="MCE_HLP_MESSAGING.html">מרכז שליחת הודעות</target>
      <target FeatureID="-1" href="MCE_HLP_INBOX.html">דואר נכנס</target>
   </keywords>
   <keywords>
      <text FeatureID="-1">הודעות SIM</text>
      <target FeatureID="-1" href="MCE_HLP_SIM.html">הצגת הודעות SIM</target>
   </keywords>
   <keywords>
      <text FeatureID="-1">הודעות בכרטיס SIM</text>
      <target FeatureID="-1" href="MCE_HLP_SIM.html">הצגת הודעות SIM</target>
   </keywords>
   <keywords>
      <text FeatureID="-1">הגדרות שליחת הודעות</text>
      <target FeatureID="-1" href="MCE_HLP_SETTINGS.html">הגדרות שליחת הודעות</target>
      <target FeatureID="-1" href="MCE_HLP_SETTINGS_GEN.html">הגדרות אחרות</target>
   </keywords>
   <keywords>
      <text FeatureID="-1">הגדרות SMS</text>
      <target FeatureID="-1" href="MCE_HLP_SETTINGS_SMS.html">הגדרות הודעות טקסט</target>
   </keywords>
   <keywords>
      <text FeatureID="-1">הגדרות הודעות טקסט</text>
      <target FeatureID="-1" href="MCE_HLP_SETTINGS_SMS.html">הגדרות הודעות טקסט</target>
      <target FeatureID="-1" href="SMS_HLP_SETTINGS_SCENTRES.html">הגדרות מוקד הודעות טקסט</target>
      <target FeatureID="-1" href="SMS_HLP_SETTINGS_SCENTRES_EDIT.html">עריכת מרכזי הודעות טקסט</target>
   </keywords>
   <keywords>
      <text FeatureID="-1">הגדרות מוקד הודעות</text>
      <target FeatureID="-1" href="SMS_HLP_SETTINGS_SCENTRES.html">הגדרות מוקד הודעות טקסט</target>
      <target FeatureID="-1" href="SMS_HLP_SETTINGS_SCENTRES_EDIT.html">עריכת מרכזי הודעות טקסט</target>
   </keywords>
   <keywords>
      <text FeatureID="-1">הגדרות מוקד SMS</text>
      <target FeatureID="-1" href="SMS_HLP_SETTINGS_SCENTRES.html">הגדרות מוקד הודעות טקסט</target>
   </keywords>
   <keywords>
      <text FeatureID="true_1092">דואר אלקטרוני הודעות טקסט</text>
      <target FeatureID="true_1092" href="SMS_HLP_SETTINGS_SMS_EMAIL.html">הגדרות דוא"ל הודעת טקסט</target>
   </keywords>
   <keywords>
      <text FeatureID="true_1092">הגדרות דוא"ל SMS</text>
      <target FeatureID="true_1092" href="SMS_HLP_SETTINGS_SMS_EMAIL.html">הגדרות דוא"ל הודעת טקסט</target>
   </keywords>
   <keywords>
      <text FeatureID="-1">הגדרות MMS</text>
      <target FeatureID="-1" href="MCE_HLP_SETTINGS_MMS.html">הגדרות הודעות מולטימדיה</target>
   </keywords>
   <keywords>
      <text FeatureID="true_1090">הגדרות שידור מקומי למנויים</text>
      <target FeatureID="true_1090" href="MCE_HLP_SETTINGS_CB.html">הגדרות שידור מקומי למנויים</target>
   </keywords>
   <keywords>
      <text FeatureID="-1">דואר נכנס</text>
      <target FeatureID="-1" href="MCE_HLP_INBOX.html">דואר נכנס</target>
   </keywords>
   <keywords>
      <text FeatureID="-1">התיקיות שלי</text>
      <target FeatureID="-1" href="MCE_HLP_DOCUMENTS.html">התיקיות שלי</target>
   </keywords>
   <keywords>
      <text FeatureID="-1">אחסון הודעות</text>
      <target FeatureID="-1" href="MCE_HLP_DOCUMENTS.html">התיקיות שלי</target>
   </keywords>
   <keywords>
      <text FeatureID="-1">שליחת תבניות</text>
      <target FeatureID="-1" href="MCE_HLP_TEMPLATES.html">תבניות הודעה</target>
   </keywords>
   <keywords>
      <text FeatureID="-1">תבניות הודעה</text>
      <target FeatureID="-1" href="MCE_HLP_TEMPLATES.html">תבניות הודעה</target>
   </keywords>
   <keywords>
      <text FeatureID="-1">ארגון הודעות</text>
      <target FeatureID="-1" href="MCE_HLP_FOLDER.html">ארגון הודעות</target>
   </keywords>
   <keywords>
      <text FeatureID="-1">שמירת הודעות טיוטה</text>
      <target FeatureID="-1" href="MCE_HLP_DRAFTS.html">טיוטות</target>
   </keywords>
   <keywords>
      <text FeatureID="-1">הודעות טיוטה</text>
      <target FeatureID="-1" href="MCE_HLP_DRAFTS.html">טיוטות</target>
   </keywords>
   <keywords>
      <text FeatureID="-1">הודעות שנשלחו</text>
      <target FeatureID="-1" href="MCE_HLP_SENT_ITEMS.html">הודעות שנשלחו</target>
   </keywords>
   <keywords>
      <text FeatureID="-1">הצגת הדואר היוצא</text>
      <target FeatureID="-1" href="MCE_HLP_OUTBOX.html">דואר יוצא</target>
   </keywords>
   <keywords>
      <text FeatureID="-1">דוחות מסירה</text>
      <target FeatureID="-1" href="MCE_HLP_DELIVERY_REPORTS.html">דוחות מסירה</target>
   </keywords>
   <keywords>
      <text FeatureID="true_1132">הודעות MMS</text>
      <target FeatureID="true_1132" href="MCE_HLP_MMS_NOTIFICATIONS.html">הודעות מולטימדיה</target>
   </keywords>
</keywords>