<?xml version="1.0" encoding="UTF-8"?>
<keywords>
   <keywords>
      <text FeatureID="-1">мениджър на устройства</text>
      <target FeatureID="-1" href="DM_HLP_MAIN_VIEW.html">Софтуер за устройството</target>
      <target FeatureID="-1" href="DM_HLP_SETTINGS.html">Настр. проф. на сървър</target>
      <target FeatureID="-1" href="DM_HLP_SERVERS_VIEW.html">Външна конф.</target>
   </keywords>
   <keywords>
      <text FeatureID="-1">настройки на конфигурация</text>
      <target FeatureID="-1" href="DM_HLP_MAIN_VIEW.html">Софтуер за устройството</target>
   </keywords>
   <keywords>
      <text FeatureID="-1">Мениджър на устройства</text>
      <target FeatureID="-1" href="FOTA_HLP_SETTINGS.html">Настр. за соф. актуал.</target>
   </keywords>
   <keywords>
      <text FeatureID="-1">настр. за соф. актуал.</text>
      <target FeatureID="-1" href="FOTA_HLP_SETTINGS.html">Настр. за соф. актуал.</target>
   </keywords>
   <keywords>
      <text FeatureID="-1">настр. проф. на сървър</text>
      <target FeatureID="-1" href="DM_HLP_SETTINGS.html">Настр. проф. на сървър</target>
   </keywords>
   <keywords>
      <text FeatureID="-1">външна конф.</text>
      <target FeatureID="-1" href="DM_HLP_SERVERS_VIEW.html">Външна конф.</target>
   </keywords>
</keywords>