<?xml version="1.0" encoding="UTF-8"?>
<keywords>
   <keywords>
      <text FeatureID="-1">könyvjelzők</text>
      <target FeatureID="-1" href="OSS_HLP_BM_ADDBM.html">Könyvjelzők felvétele</target>
   </keywords>
   <keywords>
      <text FeatureID="-1">böngésző könyvjelzői</text>
      <target FeatureID="-1" href="OSS_HLP_BM_ADDBM.html">Könyvjelzők felvétele</target>
      <target FeatureID="-1" href="OSS_HLP_BM_MAIN.html">Könyvjelzők böngészése</target>
   </keywords>
   <keywords>
      <text FeatureID="-1">internet</text>
      <target FeatureID="-1" href="OSS_HLP_BM_ADDBM.html">Könyvjelzők felvétele</target>
      <target FeatureID="true_167" href="OSS_HLP_RSS_ADD.html">Webinfók hozzáadása</target>
      <target FeatureID="-1" href="OSS_HLP_PAGEVIEW.html">Böngészés az interneten</target>
      <target FeatureID="true_167" href="OSS_HLP_RSS_ARTICLE.html">Webinfó cikkek</target>
      <target FeatureID="true_167" href="OSS_HLP_RSS_ARTICLELST.html">Webinfók</target>
      <target FeatureID="true_167" href="OSS_HLP_RSS_MAIN.html">Webinfók és -naplók</target>
   </keywords>
   <keywords>
      <text FeatureID="true_167">hírek</text>
      <target FeatureID="true_167" href="OSS_HLP_RSS_ADD.html">Webinfók hozzáadása</target>
      <target FeatureID="true_167" href="OSS_HLP_RSS_EDIT.html">Webinfók szerkesztése</target>
      <target FeatureID="true_167" href="OSS_HLP_RSS_ARTICLE.html">Webinfó cikkek</target>
      <target FeatureID="true_167" href="OSS_HLP_RSS_ARTICLELST.html">Webinfók</target>
      <target FeatureID="true_167" href="OSS_HLP_RSS_MAIN.html">Webinfók és -naplók</target>
   </keywords>
   <keywords>
      <text FeatureID="true_167">RSS-hírek</text>
      <target FeatureID="true_167" href="OSS_HLP_RSS_ADD.html">Webinfók hozzáadása</target>
      <target FeatureID="true_167" href="OSS_HLP_RSS_ARTICLELST.html">Webinfók</target>
      <target FeatureID="true_167" href="OSS_HLP_RSS_MAIN.html">Webinfók és -naplók</target>
   </keywords>
   <keywords>
      <text FeatureID="true_167">hírek és blogok</text>
      <target FeatureID="true_167" href="OSS_HLP_RSS_ADD.html">Webinfók hozzáadása</target>
      <target FeatureID="true_167" href="OSS_HLP_RSS_EDIT.html">Webinfók szerkesztése</target>
      <target FeatureID="true_167" href="OSS_HLP_RSS_ARTICLE.html">Webinfó cikkek</target>
      <target FeatureID="true_167" href="OSS_HLP_RSS_ARTICLELST.html">Webinfók</target>
      <target FeatureID="true_167" href="OSS_HLP_RSS_MAIN.html">Webinfók és -naplók</target>
   </keywords>
   <keywords>
      <text FeatureID="true_167">blogok</text>
      <target FeatureID="true_167" href="OSS_HLP_RSS_ADD.html">Webinfók hozzáadása</target>
      <target FeatureID="true_167" href="OSS_HLP_RSS_EDIT.html">Webinfók szerkesztése</target>
      <target FeatureID="true_167" href="OSS_HLP_RSS_ARTICLE.html">Webinfó cikkek</target>
      <target FeatureID="true_167" href="OSS_HLP_RSS_ARTICLELST.html">Webinfók</target>
      <target FeatureID="true_167" href="OSS_HLP_RSS_MAIN.html">Webinfók és -naplók</target>
   </keywords>
   <keywords>
      <text FeatureID="-1">weblapok böngészése</text>
      <target FeatureID="-1" href="OSS_HLP_PAGEVIEW.html">Böngészés az interneten</target>
   </keywords>
   <keywords>
      <text FeatureID="-1">könyvjelzők megnyitása</text>
      <target FeatureID="-1" href="OSS_HLP_BM_MAIN.html">Könyvjelzők böngészése</target>
   </keywords>
   <keywords>
      <text FeatureID="true_167">rss-hírek</text>
      <target FeatureID="true_167" href="OSS_HLP_RSS_EDIT.html">Webinfók szerkesztése</target>
      <target FeatureID="true_167" href="OSS_HLP_RSS_ARTICLE.html">Webinfó cikkek</target>
   </keywords>
   <keywords>
      <text FeatureID="true_167">web</text>
      <target FeatureID="true_167" href="OSS_HLP_RSS_EDIT.html">Webinfók szerkesztése</target>
   </keywords>
   <keywords>
      <text FeatureID="-1">böngésző beállításai</text>
      <target FeatureID="-1" href="OSS_HLP_SETTINGS_GENERAL.html">Általános beállítások</target>
      <target FeatureID="-1" href="OSS_HLP_SETTINGS_PAGE.html">Lapbeállítások</target>
      <target FeatureID="-1" href="OSS_HLP_SETTINGS_PRIVACY.html">Adatvédelmi beállítások</target>
      <target FeatureID="-1" href="OSS_HLP_SETTINGS_FOLDERS.html">Internetbeállítások</target>
   </keywords>
   <keywords>
      <text FeatureID="-1">internetbeállítások</text>
      <target FeatureID="-1" href="OSS_HLP_SETTINGS_GENERAL.html">Általános beállítások</target>
      <target FeatureID="-1" href="OSS_HLP_SETTINGS_PAGE.html">Lapbeállítások</target>
      <target FeatureID="-1" href="OSS_HLP_SETTINGS_PRIVACY.html">Adatvédelmi beállítások</target>
      <target FeatureID="true_167" href="OSS_HLP_SETTINGS_RSS.html">Webinfók beállításai</target>
      <target FeatureID="-1" href="OSS_HLP_SETTINGS_FOLDERS.html">Internetbeállítások</target>
   </keywords>
   <keywords>
      <text FeatureID="-1">internet beállítása</text>
      <target FeatureID="-1" href="OSS_HLP_SETTINGS_PAGE.html">Lapbeállítások</target>
      <target FeatureID="-1" href="OSS_HLP_SETTINGS_FOLDERS.html">Internetbeállítások</target>
   </keywords>
   <keywords>
      <text FeatureID="-1">adatvédelmi beállítások</text>
      <target FeatureID="-1" href="OSS_HLP_SETTINGS_PRIVACY.html">Adatvédelmi beállítások</target>
   </keywords>
   <keywords>
      <text FeatureID="true_167 false_410">böngészőbeállítások</text>
      <target FeatureID="true_167" href="OSS_HLP_SETTINGS_RSS.html">Webinfók beállításai</target>
      <target FeatureID="false_410" href="OSS_HLP_SHORTCUTS.html">Eszköztár-hivatkozások</target>
   </keywords>
   <keywords>
      <text FeatureID="true_167">webes beállítások</text>
      <target FeatureID="true_167" href="OSS_HLP_SETTINGS_RSS.html">Webinfók beállításai</target>
   </keywords>
   <keywords>
      <text FeatureID="-1">adott oldalak megnyitása</text>
      <target FeatureID="-1" href="OSS_HLP_PAGEVIEW_EMBED.html">Internet az alk.-ban</target>
   </keywords>
   <keywords>
      <text FeatureID="-1">internet az alk.-ban</text>
      <target FeatureID="-1" href="OSS_HLP_PAGEVIEW_EMBED.html">Internet az alk.-ban</target>
   </keywords>
   <keywords>
      <text FeatureID="false_410">webbeállítások</text>
      <target FeatureID="false_410" href="OSS_HLP_SHORTCUTS.html">Eszköztár-hivatkozások</target>
   </keywords>
</keywords>