<?xml version="1.0" encoding="UTF-8"?>
<keywords>
   <keywords>
      <text FeatureID="-1">VPN (virtuelna privatna mreža)</text>
      <target FeatureID="-1" href="SET_HLP_VPN_LOG_VIEW.html">VPN evidencija</target>
      <target FeatureID="-1" href="SET_HLP_VPN_CONFIG_MAIN.html">Upravljanje VPN mrežom</target>
      <target FeatureID="-1" href="SET_HLP_VPN_POLICY_VIEW.html">VPN smernice</target>
      <target FeatureID="-1" href="SET_HLP_VPN_POLICY_SERVERS.html">Serveri VPN polisa</target>
      <target FeatureID="-1" href="SET_HLP_VPN_POLICY_SERVER_SET.html">Podešavanja VPN servera</target>
   </keywords>
</keywords>