<?xml version="1.0" encoding="UTF-8"?>
<keywords>
   <keywords>
      <text FeatureID="-1">编辑频率预设</text>
      <target FeatureID="-1" href="EQ_HLP_EDITING_VIEW.html">编辑频率预设</target>
   </keywords>
   <keywords>
      <text FeatureID="-1">均衡器</text>
      <target FeatureID="-1" href="EQ_HLP_LIST_VIEW.html">频率预设</target>
   </keywords>
   <keywords>
      <text FeatureID="-1">频段</text>
      <target FeatureID="-1" href="EQ_HLP_LIST_VIEW.html">频率预设</target>
   </keywords>
   <keywords>
      <text FeatureID="-1">选择频率预设</text>
      <target FeatureID="-1" href="EQ_HLP_LIST_VIEW.html">频率预设</target>
   </keywords>
</keywords>