<?xml version="1.0" encoding="UTF-8"?>
<keywords>
   <keywords>
      <text FeatureID="true_24">biztonsági modul</text>
      <target FeatureID="-1" href="SECMOD_HLP_ACCESSCODE_VIEW.html">Biztonsági modul PIN-kódja</target>
      <target FeatureID="-1" href="SECMOD_HLP_MAIN_VIEW.html">Biztonsági modul</target>
      <target FeatureID="-1" href="SEMOD_HLP_SIGNINGCODE_VIEW.html">Aláírókód módosítása</target>
   </keywords>
   <keywords>
      <text FeatureID="true_24">PIN-kód</text>
      <target FeatureID="-1" href="SECMOD_HLP_ACCESSCODE_VIEW.html">Biztonsági modul PIN-kódja</target>
   </keywords>
   <keywords>
      <text FeatureID="true_24">biztonsági modul kódja</text>
      <target FeatureID="-1" href="SECMOD_HLP_CODE_VIEW.html">Biztonsági modul kódja</target>
   </keywords>
   <keywords>
      <text FeatureID="true_24">biztonsági modul PIN-kódja</text>
      <target FeatureID="-1" href="SECMOD_HLP_CODE_VIEW.html">Biztonsági modul kódja</target>
   </keywords>
   <keywords>
      <text FeatureID="true_24">kulcstároló</text>
      <target FeatureID="-1" href="SECMOD_HLP_MAIN_VIEW.html">Biztonsági modul</target>
   </keywords>
   <keywords>
      <text FeatureID="true_24">aláírókód</text>
      <target FeatureID="-1" href="SEMOD_HLP_SIGNINGCODE_VIEW.html">Aláírókód módosítása</target>
   </keywords>
   <keywords>
      <text FeatureID="true_24">digitális aláírások</text>
      <target FeatureID="-1" href="SEMOD_HLP_SIGNINGCODE_VIEW.html">Aláírókód módosítása</target>
   </keywords>
</keywords>