<?xml version="1.0" encoding="UTF-8"?>
<keywords>
   <keywords>
      <text FeatureID="-1">radio</text>
      <target FeatureID="-1" href="FMRADIO_HLP_MAIN.html">Nghe radio</target>
      <target FeatureID="-1" href="FMRADIO_HLP_SEARCH.html">Dò kênh</target>
      <target FeatureID="-1" href="FMRADIO_HLP_LIST.html"> Quản lý kênh radio</target>
   </keywords>
   <keywords>
      <text FeatureID="-1">Đài FM</text>
      <target FeatureID="-1" href="FMRADIO_HLP_MAIN.html">Nghe radio</target>
      <target FeatureID="-1" href="FMRADIO_HLP_SEARCH.html">Dò kênh</target>
      <target FeatureID="-1" href="FMRADIO_HLP_LIST.html"> Quản lý kênh radio</target>
   </keywords>
</keywords>