<?xml version="1.0" encoding="UTF-8"?>
<keywords>
   <keywords>
      <text FeatureID="-1">แก้ไขการตั้งค่าความถี่ล่วงหน้า</text>
      <target FeatureID="-1" href="EQ_HLP_EDITING_VIEW.html">การแก้ไขการตั้งค่าความถี่ล่วงหน้า</target>
   </keywords>
   <keywords>
      <text FeatureID="-1">อีควอไลเซอร์</text>
      <target FeatureID="-1" href="EQ_HLP_LIST_VIEW.html">การตั้งค่าความถี่ล่วงหน้า</target>
   </keywords>
   <keywords>
      <text FeatureID="-1">แถบคลื่นความถี่</text>
      <target FeatureID="-1" href="EQ_HLP_LIST_VIEW.html">การตั้งค่าความถี่ล่วงหน้า</target>
   </keywords>
   <keywords>
      <text FeatureID="-1">เลือกการตั้งค่าความถี่ล่วงหน้า</text>
      <target FeatureID="-1" href="EQ_HLP_LIST_VIEW.html">การตั้งค่าความถี่ล่วงหน้า</target>
   </keywords>
</keywords>