<?xml version="1.0" encoding="UTF-8"?>
<keywords>
   <keywords>
      <text FeatureID="-1">mailbox ng tawag</text>
      <target FeatureID="-1" href="SMSVO_HLP_MAIN_VIEW.html">Mailbox ng tawag</target>
      <target FeatureID="true_298" href="SMSVO_HLP_CS_VIDEO_AND_XSP_VOIP.html">Mailbox ng tawag, video, at internet na tawag</target>
   </keywords>
   <keywords>
      <text FeatureID="-1">answering machine</text>
      <target FeatureID="-1" href="SMSVO_HLP_MAIN_VIEW.html">Mailbox ng tawag</target>
      <target FeatureID="true_89" href="SMSVO_HLP_CS_AND_VIDEO.html">Mailbox ng tawag at video</target>
      <target FeatureID="true_298" href="SMSVO_HLP_CS_VIDEO_AND_XSP_VOIP.html">Mailbox ng tawag, video, at internet na tawag</target>
   </keywords>
   <keywords>
      <text FeatureID="true_89">mailbox ng video</text>
      <target FeatureID="true_89" href="SMSVO_HLP_CS_AND_VIDEO.html">Mailbox ng tawag at video</target>
   </keywords>
   <keywords>
      <text FeatureID="true_298">mailbox ng internet na tawag</text>
      <target FeatureID="true_298" href="SMSVO_HLP_CS_VIDEO_AND_XSP_VOIP.html">Mailbox ng tawag, video, at internet na tawag</target>
   </keywords>
</keywords>