<?xml version="1.0" encoding="UTF-8"?>
<keywords>
   <keywords>
      <text FeatureID="-1">редагування стилів звучання</text>
      <target FeatureID="-1" href="EQ_HLP_EDITING_VIEW.html">Редагування стилів звучання</target>
   </keywords>
   <keywords>
      <text FeatureID="-1">еквалайзер</text>
      <target FeatureID="-1" href="EQ_HLP_LIST_VIEW.html">Стилі звучання</target>
   </keywords>
   <keywords>
      <text FeatureID="-1">діапазони частот</text>
      <target FeatureID="-1" href="EQ_HLP_LIST_VIEW.html">Стилі звучання</target>
   </keywords>
   <keywords>
      <text FeatureID="-1">вибір стилів звучання</text>
      <target FeatureID="-1" href="EQ_HLP_LIST_VIEW.html">Стилі звучання</target>
   </keywords>
</keywords>