<?xml version="1.0" encoding="UTF-8"?>
<keywords>
   <keywords>
      <text FeatureID="-1">certificados autoridade</text>
      <target FeatureID="-1" href="CM_HLP_AUTHORITY.html">Certificados autoridade</target>
   </keywords>
   <keywords>
      <text FeatureID="-1">certificados</text>
      <target FeatureID="-1" href="CM_HLP_AUTHORITY.html">Certificados autoridade</target>
      <target FeatureID="-1" href="CM_HLP_DEVICE.html">Certifics. dispositivos</target>
      <target FeatureID="-1" href="CM_HLP_MAIN.html">Gerenciamento certificados</target>
      <target FeatureID="-1" href="CM_HLP_PERSONAL.html">Certificados pessoais</target>
      <target FeatureID="-1" href="CM_HLP_TRUSTED_SITE.html">Certificados de sites confiáveis</target>
      <target FeatureID="-1" href="CM_HLP_TRUST_SETTINGS.html">Edit. configs. confiabilid.</target>
   </keywords>
   <keywords>
      <text FeatureID="-1">certificados segurança</text>
      <target FeatureID="-1" href="CM_HLP_AUTHORITY.html">Certificados autoridade</target>
      <target FeatureID="-1" href="CM_HLP_MAIN.html">Gerenciamento certificados</target>
   </keywords>
   <keywords>
      <text FeatureID="-1">certifics. dispositivos</text>
      <target FeatureID="-1" href="CM_HLP_DEVICE.html">Certifics. dispositivos</target>
   </keywords>
   <keywords>
      <text FeatureID="-1">certificados pessoais</text>
      <target FeatureID="-1" href="CM_HLP_PERSONAL.html">Certificados pessoais</target>
   </keywords>
   <keywords>
      <text FeatureID="-1">certificados de sites confiáveis</text>
      <target FeatureID="-1" href="CM_HLP_TRUSTED_SITE.html">Certificados de sites confiáveis</target>
   </keywords>
   <keywords>
      <text FeatureID="-1">configs. confiabilid.</text>
      <target FeatureID="-1" href="CM_HLP_TRUST_SETTINGS.html">Edit. configs. confiabilid.</target>
   </keywords>
</keywords>