<?xml version="1.0" encoding="UTF-8"?>
<keywords>
   <keywords>
      <text FeatureID="-1">postcard</text>
      <target FeatureID="-1" href="MMS_POSTCARD_HLP_ADDRESS_EDIT.html">Επεξεργασία διευθύνσεων</target>
      <target FeatureID="-1" href="POSTCARD_HLP_ADDRESS_VIEW.html">Προβολή διευθύνσεων</target>
      <target FeatureID="-1" href="POSTCARD_HLP_GREETING_EDIT.html">Σύνταξη χαιρετισμών</target>
      <target FeatureID="-1" href="POSTCARD_HLP_GREETING_VIEW.html">Προβολή χαιρετισμών</target>
      <target FeatureID="-1" href="MMS_POSTCARD_HLP_MAIN_EDIT.html">Δημιουργία καρτ ποστάλ</target>
   </keywords>
   <keywords>
      <text FeatureID="-1">αποστολή καρτ ποστάλ</text>
      <target FeatureID="-1" href="MMS_POSTCARD_HLP_ADDRESS_EDIT.html">Επεξεργασία διευθύνσεων</target>
      <target FeatureID="-1" href="POSTCARD_HLP_GREETING_EDIT.html">Σύνταξη χαιρετισμών</target>
      <target FeatureID="-1" href="MMS_POSTCARD_HLP_MAIN_EDIT.html">Δημιουργία καρτ ποστάλ</target>
   </keywords>
   <keywords>
      <text FeatureID="-1">καρτ ποστάλ</text>
      <target FeatureID="-1" href="MMS_POSTCARD_HLP_MAIN_VIEW.html">Προβολή καρτ ποστάλ</target>
   </keywords>
</keywords>