<?xml version="1.0" encoding="UTF-8"?>
<keywords>
   <keywords>
      <text FeatureID="-1">zdieľanie videa</text>
      <target FeatureID="true_208" href="MSH_HLP_LIVE.html">Zdieľanie živého videa</target>
      <target FeatureID="-1" href="MSH_HLP_CLIP.html">Zdieľanie videoklipov</target>
      <target FeatureID="-1" href="MSH_HLP_SETTINGS.html">Nastavenia zdieľania videa</target>
      <target FeatureID="-1" href="MSH_HLP_RECEIVE.html">Pozeranie zdieľaného videa</target>
   </keywords>
</keywords>