<?xml version="1.0" encoding="UTF-8"?>
<keywords>
   <keywords>
      <text FeatureID="-1">arahan suara</text>
      <target FeatureID="true_72" href="HLP_VC_SIND_FOLDER.html">Paparan aplikasi</target>
      <target FeatureID="true_72" href="HLP_VC_SIND_MAIN.html">Menggunakan arahan suara</target>
      <target FeatureID="-1" href="VCINFO_HLP_MAINVIEW.html">Untuk kenalan</target>
   </keywords>
   <keywords>
      <text FeatureID="-1">tetapan arahan suara</text>
      <target FeatureID="-1" href="HLP_VC_SET.html">Tetapan arahan suara</target>
   </keywords>
</keywords>