<?xml version="1.0" encoding="UTF-8"?>
<keywords>
   <keywords>
      <text FeatureID="true_1091">USSD düzenleyici</text>
      <target FeatureID="true_1091" href="USSD_HLP_EDITOR.html">Servis komutları</target>
   </keywords>
   <keywords>
      <text FeatureID="true_1091">servis komutları</text>
      <target FeatureID="true_1091" href="USSD_HLP_EDITOR.html">Servis komutları</target>
   </keywords>
   <keywords>
      <text FeatureID="true_1091">şebeke servisleri</text>
      <target FeatureID="true_1091" href="USSD_HLP_EDITOR.html">Servis komutları</target>
   </keywords>
</keywords>