<?xml version="1.0" encoding="UTF-8"?>
<keywords>
   <keywords>
      <text FeatureID="-1">Mail for Exchange</text>
      <target FeatureID="-1" href="FSE_HLP_MFE_LAUNCHER_MAIN_VIEW.html">Mail for Exchange e-mail</target>
   </keywords>
   <keywords>
      <text FeatureID="-1">napredna podešavanja poštanskog sandučeta</text>
      <target FeatureID="-1" href="FSE_HLP_MFE_SETTINGS_ADVANCED.html">Napredna podešavanja poštanskog sandučeta</target>
   </keywords>
   <keywords>
      <text FeatureID="-1">podešavanja sinhronizacije e-pošte</text>
      <target FeatureID="-1" href="FSE_HLP_MFE_SETTINGS_PIM_APPS.html">Podešavanja sinhronizacije aplikacije</target>
   </keywords>
   <keywords>
      <text FeatureID="-1">sinhronizacija kalendara</text>
      <target FeatureID="-1" href="FSE_HLP_MFE_CALENDAR_APP.html">Podešavanja sinhronizacije Kalendara</target>
   </keywords>
   <keywords>
      <text FeatureID="-1">sinhronizacija kontakata,</text>
      <target FeatureID="-1" href="FSE_HLP_MFE_CONTACTS_APP.html">Podešavanja sinhronizacije Kontakata</target>
   </keywords>
   <keywords>
      <text FeatureID="-1">podešavanja poštanskog sandučeta</text>
      <target FeatureID="-1" href="FSE_HLP_MFE_SETTINGS_MAILBOX.html">Opšta podešavanja poštanskog sandučeta</target>
   </keywords>
   <keywords>
      <text FeatureID="-1">sadržaj za sinhronizaciju e-pošte</text>
      <target FeatureID="-1" href="FSE_HLP_MFE_SETTINGS_WHAT_SYNC.html">Biranje sadržaja za sinhronizaciju</target>
   </keywords>
   <keywords>
      <text FeatureID="-1">vreme sinhronizacije e-pošte</text>
      <target FeatureID="-1" href="FSE_HLP_MFE_SETTINGS_WHEN_SYNC.html">Biranje vremena za sinhronizaciju</target>
   </keywords>
   <keywords>
      <text FeatureID="-1">sinhronizacija foldera e-pošte</text>
      <target FeatureID="-1" href="FSE_HLP_MFE_SETTINGS_FOLDER.html">Podešavanja za sinhronizaciju</target>
   </keywords>
   <keywords>
      <text FeatureID="-1">podešavanja e-pošte</text>
      <target FeatureID="-1" href="FSE_HLP_MFE_SETTINGS_MAIN_VIEW.html">Podešavanja za e-poštu</target>
   </keywords>
   <keywords>
      <text FeatureID="-1">sinhronizovanje stavki obaveza</text>
      <target FeatureID="-1" href="FSE_HLP_MFE_TASKS_APP.html">Podešavanja sinhronizovanja obaveza</target>
   </keywords>
</keywords>