<?xml version="1.0" encoding="UTF-8"?>
<keywords>
   <keywords>
      <text FeatureID="-1">търсене</text>
      <target FeatureID="-1" href="SEARCH_HLP_INDEVICE_MAIN.html">Търсене</target>
   </keywords>
   <keywords>
      <text FeatureID="-1">рез. търсене</text>
      <target FeatureID="-1" href="SEARCH_HLP_SINGLE_RE.html">Резултати от търсене</target>
      <target FeatureID="-1" href="SEARCH_HLP_GROUPED.html">Резултати от търсене по категории</target>
   </keywords>
</keywords>