<?xml version="1.0" encoding="UTF-8"?><?xml-stylesheet  href="../../theme/xsl/index2html.xslt" type="text/xsl"?>
<topics FeatureID="-1" title="Vídeos e TV" compressed="true">
   <topicref FeatureID="-1" href="IPTV_HLP_MAIN_STATE.html" navtitle="Vídeos e TV"/>
   <topicref FeatureID="-1" href="IPTV_HLP_VODCAST_MAIN.html" navtitle="Fontes de vídeo"/>
   <topicref FeatureID="-1" href="IPTV_HLP_SERVICE_SELECTION_VOD.html" navtitle="Seleccionar servizos de vídeo"/>
   <topicref FeatureID="-1" href="IPTV_HLP_VOD_CATEGORIES.html" navtitle="Categorías de vídeo"/>
   <topicref FeatureID="-1" href="IPTV_HLP_VOD.html" navtitle="Visualización e descarga de videoclips"/>
   <topicref FeatureID="-1" href="IPTV_HLP_SCHEDULE_DOWNLOAD.html" navtitle="Programación de descargas"/>
   <topicref FeatureID="-1" href="IPTV_HLP_STORAGE.html" navtitle="Os meus vídeos"/>
   <topicref FeatureID="-1" href="IPTV_HLP_SETTINGS.html" navtitle="Axustes de Vídeos e TV"/>
   <topicref FeatureID="-1" href="IPTV_HLP_SERVICE_SEL_VODCAST.html" navtitle="Seleccionar fontes de vídeo"/>
   <topicref FeatureID="-1" href="IPTV_HLP_ADD_SERVICE.html" navtitle="Engadir fontes de vídeo"/>
</topics>