<?xml version="1.0" encoding="UTF-8"?>
<keywords>
   <keywords>
      <text FeatureID="-1">vídeos e TV</text>
      <target FeatureID="-1" href="IPTV_HLP_MAIN_STATE.html">Vídeos e TV</target>
      <target FeatureID="-1" href="IPTV_HLP_VODCAST_MAIN.html">Fontes de vídeo</target>
      <target FeatureID="-1" href="IPTV_HLP_SERVICE_SELECTION_VOD.html">Seleccionar servizos de vídeo</target>
      <target FeatureID="-1" href="IPTV_HLP_VOD_CATEGORIES.html">Categorías de vídeo</target>
      <target FeatureID="-1" href="IPTV_HLP_VOD.html">Visualización e descarga de videoclips</target>
      <target FeatureID="-1" href="IPTV_HLP_SCHEDULE_DOWNLOAD.html">Programación de descargas</target>
      <target FeatureID="-1" href="IPTV_HLP_STORAGE.html">Os meus vídeos</target>
      <target FeatureID="-1" href="IPTV_HLP_SERVICE_SEL_VODCAST.html">Seleccionar fontes de vídeo</target>
      <target FeatureID="-1" href="IPTV_HLP_ADD_SERVICE.html">Engadir fontes de vídeo</target>
   </keywords>
   <keywords>
      <text FeatureID="-1">fontes de vídeo</text>
      <target FeatureID="-1" href="IPTV_HLP_VODCAST_MAIN.html">Fontes de vídeo</target>
      <target FeatureID="-1" href="IPTV_HLP_VOD_CATEGORIES.html">Categorías de vídeo</target>
      <target FeatureID="-1" href="IPTV_HLP_SERVICE_SEL_VODCAST.html">Seleccionar fontes de vídeo</target>
      <target FeatureID="-1" href="IPTV_HLP_ADD_SERVICE.html">Engadir fontes de vídeo</target>
   </keywords>
   <keywords>
      <text FeatureID="-1">descargas, videoclips</text>
      <target FeatureID="-1" href="IPTV_HLP_VOD.html">Visualización e descarga de videoclips</target>
      <target FeatureID="-1" href="IPTV_HLP_SCHEDULE_DOWNLOAD.html">Programación de descargas</target>
   </keywords>
   <keywords>
      <text FeatureID="-1">vídeos e TV, axustes</text>
      <target FeatureID="-1" href="IPTV_HLP_SETTINGS.html">Axustes de Vídeos e TV</target>
   </keywords>
   <keywords>
      <text FeatureID="-1">axustes, vídeo</text>
      <target FeatureID="-1" href="IPTV_HLP_SETTINGS.html">Axustes de Vídeos e TV</target>
   </keywords>
</keywords>