<?xml version="1.0" encoding="UTF-8"?>
<keywords>
   <keywords>
      <text FeatureID="true_24">sigurnosni modul</text>
      <target FeatureID="-1" href="SECMOD_HLP_ACCESSCODE_VIEW.html">PIN kod sigurnosnog modula</target>
      <target FeatureID="-1" href="SECMOD_HLP_MAIN_VIEW.html">Sigurnosni modul</target>
      <target FeatureID="-1" href="SEMOD_HLP_SIGNINGCODE_VIEW.html">Uređivanje koda potpisa</target>
   </keywords>
   <keywords>
      <text FeatureID="true_24">PIN kod</text>
      <target FeatureID="-1" href="SECMOD_HLP_ACCESSCODE_VIEW.html">PIN kod sigurnosnog modula</target>
   </keywords>
   <keywords>
      <text FeatureID="true_24">kodovi sigurnosnog modula</text>
      <target FeatureID="-1" href="SECMOD_HLP_CODE_VIEW.html">Kodovi sigurnosnog modula</target>
   </keywords>
   <keywords>
      <text FeatureID="true_24">PIN kod za sigurnosni modul</text>
      <target FeatureID="-1" href="SECMOD_HLP_CODE_VIEW.html">Kodovi sigurnosnog modula</target>
   </keywords>
   <keywords>
      <text FeatureID="true_24">spremište ključeva</text>
      <target FeatureID="-1" href="SECMOD_HLP_MAIN_VIEW.html">Sigurnosni modul</target>
   </keywords>
   <keywords>
      <text FeatureID="true_24">kod potpisa</text>
      <target FeatureID="-1" href="SEMOD_HLP_SIGNINGCODE_VIEW.html">Uređivanje koda potpisa</target>
   </keywords>
   <keywords>
      <text FeatureID="true_24">digitalni potpisi</text>
      <target FeatureID="-1" href="SEMOD_HLP_SIGNINGCODE_VIEW.html">Uređivanje koda potpisa</target>
   </keywords>
</keywords>