<?xml version="1.0" encoding="UTF-8"?>
<keywords>
   <keywords>
      <text FeatureID="-1">Fotos</text>
      <target FeatureID="-1" href="LGAL_HLP_ALBUM_LIST.html">Àlbums</target>
      <target FeatureID="-1" href="LGAL_HLP_ALL_GRID.html">Examinació de tots els fitxers multimèdia</target>
      <target FeatureID="-1" href="LGAL_HLP_ALBUM_GRID.html">Navegació pels fitxers multimèdia dels àlbums</target>
      <target FeatureID="-1" href="LGAL_HLP_TAGS_GRID.html">Navega pels fitxers multimèdia identificats</target>
      <target FeatureID="-1" href="LGAL_HLP_DETAILS_VIEW.html">Visualitzeu i editeu els detalls del fitxer</target>
      <target FeatureID="-1" href="LGAL_HLP_TAGS_BROWSER.html">Identificadors</target>
      <target FeatureID="-1" href="LGAL_HLP_MONTH_FULLSCREEN.html">Visualitzeu els fitxers multimèdia per mes</target>
      <target FeatureID="-1" href="LGAL_HLP_MONTH_GRID.html">Mostreu els fitxers multimèdia per mes</target>
      <target FeatureID="-1" href="LGAL_HLP_VIEW_LIST.html">Fotos</target>
      <target FeatureID="-1" href="LGAL_HLP_MONTH_LIST.html">Mesos</target>
      <target FeatureID="-1" href="LGAL_HLP_SLIDESHOW_SETTINGS.html">Configuració de les presentacions de diapositives</target>
      <target FeatureID="-1" href="LGAL_HLP_ALL_FULLSCREEN.html">Visualització de tots els fitxers multimèdia</target>
      <target FeatureID="-1" href="LGAL_HLP_ALBUM_FULLSCREEN.html">Visualitzeu els fitxers multimèdia d'àlbums</target>
      <target FeatureID="-1" href="LGAL_HLP_TAGS_FULLSCREEN.html">Visualitzeu fitxers multimèdia identificats</target>
   </keywords>
   <keywords>
      <text FeatureID="-1">àlbums</text>
      <target FeatureID="-1" href="LGAL_HLP_ALBUM_LIST.html">Àlbums</target>
      <target FeatureID="-1" href="LGAL_HLP_ALBUM_GRID.html">Navegació pels fitxers multimèdia dels àlbums</target>
      <target FeatureID="-1" href="LGAL_HLP_VIEW_LIST.html">Fotos</target>
      <target FeatureID="-1" href="LGAL_HLP_ALBUM_FULLSCREEN.html">Visualitzeu els fitxers multimèdia d'àlbums</target>
   </keywords>
   <keywords>
      <text FeatureID="-1">identificadors</text>
      <target FeatureID="-1" href="LGAL_HLP_TAGS_GRID.html">Navega pels fitxers multimèdia identificats</target>
      <target FeatureID="-1" href="LGAL_HLP_TAGS_BROWSER.html">Identificadors</target>
      <target FeatureID="-1" href="LGAL_HLP_TAGS_FULLSCREEN.html">Visualitzeu fitxers multimèdia identificats</target>
   </keywords>
   <keywords>
      <text FeatureID="-1">etiquetes</text>
      <target FeatureID="-1" href="LGAL_HLP_VIEW_LIST.html">Fotos</target>
   </keywords>
   <keywords>
      <text FeatureID="-1">presentació de diapositives</text>
      <target FeatureID="-1" href="LGAL_HLP_SLIDESHOW_SETTINGS.html">Configuració de les presentacions de diapositives</target>
   </keywords>
</keywords>