<?xml version="1.0" encoding="UTF-8"?>
<keywords>
   <keywords>
      <text FeatureID="-1">התקשרות לתיבת דואר</text>
      <target FeatureID="-1" href="SMSVO_HLP_MAIN_VIEW.html">תיבת דואר לשיחות</target>
      <target FeatureID="true_298" href="SMSVO_HLP_CS_VIDEO_AND_XSP_VOIP.html">תיבת דואר שיחות, וידאו ושיחות אינטרנט</target>
   </keywords>
   <keywords>
      <text FeatureID="-1">משיבון</text>
      <target FeatureID="-1" href="SMSVO_HLP_MAIN_VIEW.html">תיבת דואר לשיחות</target>
      <target FeatureID="true_89" href="SMSVO_HLP_CS_AND_VIDEO.html">תיבת דואר לווידאו ולשיחות</target>
      <target FeatureID="true_298" href="SMSVO_HLP_CS_VIDEO_AND_XSP_VOIP.html">תיבת דואר שיחות, וידאו ושיחות אינטרנט</target>
   </keywords>
   <keywords>
      <text FeatureID="true_89">תיבת דואר וידאו</text>
      <target FeatureID="true_89" href="SMSVO_HLP_CS_AND_VIDEO.html">תיבת דואר לווידאו ולשיחות</target>
   </keywords>
   <keywords>
      <text FeatureID="true_298">תיבת דואר של שיחות אינטרנט</text>
      <target FeatureID="true_298" href="SMSVO_HLP_CS_VIDEO_AND_XSP_VOIP.html">תיבת דואר שיחות, וידאו ושיחות אינטרנט</target>
   </keywords>
</keywords>