<?xml version="1.0" encoding="UTF-8"?>
<keywords>
   <keywords>
      <text FeatureID="-1">indhold til deling</text>
      <target FeatureID="-1" href="UPNP_HLP_SHARE_CONTENT.html">Vælge det indhold, der skal deles</target>
   </keywords>
   <keywords>
      <text FeatureID="-1">hjemmemedier</text>
      <target FeatureID="-1" href="UPNP_HLP_SHARE_CONTENT.html">Vælge det indhold, der skal deles</target>
      <target FeatureID="-1" href="UPNP_HLP_SHARING_PROP.html">Indstillinger for deling</target>
      <target FeatureID="-1" href="UPNP_HLP_MAIN_VIEW.html">Hjemme­medier</target>
      <target FeatureID="-1" href="UPNP_HLP_MAIN_EXTERNAL.html">Medieenheder på hjemmenetværket</target>
      <target FeatureID="-1" href="UPNP_HLP_CONTENT_VIEW.html">Mediefiler på hjemmenetværket</target>
      <target FeatureID="-1" href="UPNP_HLP_REMOTE_DEVICES.html">Mapper med hjemmemedier</target>
      <target FeatureID="-1" href="UPNP_HLP_SEARCH.html">Søgeresultater</target>
   </keywords>
   <keywords>
      <text FeatureID="-1">dele billeder og videoer</text>
      <target FeatureID="-1" href="UPNP_HLP_SHARE_CONTENT.html">Vælge det indhold, der skal deles</target>
   </keywords>
   <keywords>
      <text FeatureID="-1">dele mediefiler</text>
      <target FeatureID="-1" href="UPNP_HLP_SHARING_PROP.html">Indstillinger for deling</target>
      <target FeatureID="-1" href="UPNP_HLP_MAIN_VIEW.html">Hjemme­medier</target>
      <target FeatureID="-1" href="UPNP_HLP_MAIN_EXTERNAL.html">Medieenheder på hjemmenetværket</target>
      <target FeatureID="-1" href="UPNP_HLP_CONTENT_VIEW.html">Mediefiler på hjemmenetværket</target>
      <target FeatureID="-1" href="UPNP_HLP_REMOTE_DEVICES.html">Mapper med hjemmemedier</target>
      <target FeatureID="-1" href="UPNP_HLP_SEARCH.html">Søgeresultater</target>
   </keywords>
   <keywords>
      <text FeatureID="-1">se filer på ekstern enhed</text>
      <target FeatureID="-1" href="UPNP_HLP_SHARING_PROP.html">Indstillinger for deling</target>
      <target FeatureID="-1" href="UPNP_HLP_MAIN_VIEW.html">Hjemme­medier</target>
      <target FeatureID="-1" href="UPNP_HLP_MAIN_EXTERNAL.html">Medieenheder på hjemmenetværket</target>
      <target FeatureID="-1" href="UPNP_HLP_CONTENT_VIEW.html">Mediefiler på hjemmenetværket</target>
      <target FeatureID="-1" href="UPNP_HLP_REMOTE_DEVICES.html">Mapper med hjemmemedier</target>
      <target FeatureID="-1" href="UPNP_HLP_SEARCH.html">Søgeresultater</target>
   </keywords>
   <keywords>
      <text FeatureID="-1">delingsegenskaber</text>
      <target FeatureID="-1" href="UPNP_HLP_SHARING_PROP.html">Indstillinger for deling</target>
   </keywords>
</keywords>