<?xml version="1.0" encoding="UTF-8"?>
<keywords>
   <keywords>
      <text FeatureID="-1">wiadomości sieciowe, ustawienia</text>
      <target FeatureID="-1" href="WPUSH_HLP_SETTINGS.html">Ustawienia wiadomości sieciowych</target>
   </keywords>
   <keywords>
      <text FeatureID="-1">wiadomości NiM</text>
      <target FeatureID="-1" href="WPUSH_HLP_VIEWER.html">Wyśw. wiad. sieciowych</target>
   </keywords>
   <keywords>
      <text FeatureID="-1">wiadomości sieciowe</text>
      <target FeatureID="-1" href="WPUSH_HLP_VIEWER.html">Wyśw. wiad. sieciowych</target>
   </keywords>
</keywords>