<?xml version="1.0" encoding="UTF-8"?>
<keywords>
   <keywords>
      <text FeatureID="-1">desencriptar, tarjeta de memoria</text>
      <target FeatureID="-1" href="ES_HLP_ENCRYPTION_DECRYPT.html">Desencriptar la tarjeta de memoria</target>
   </keywords>
   <keywords>
      <text FeatureID="-1">encriptar, tarjeta de memoria</text>
      <target FeatureID="-1" href="ES_HLP_ENCRYPTION_ENCRYPT.html">Encriptar la tarjeta de memoria</target>
   </keywords>
   <keywords>
      <text FeatureID="-1">encriptar, memoria del dispositivo y tarjeta de memoria</text>
      <target FeatureID="-1" href="ES_HLP_ENCRYPTION_MAIN.html">Encriptar o desencriptar</target>
   </keywords>
   <keywords>
      <text FeatureID="-1">desencriptar, memoria del dispositivo y tarjeta de memoria</text>
      <target FeatureID="-1" href="ES_HLP_ENCRYPTION_MAIN.html">Encriptar o desencriptar</target>
   </keywords>
</keywords>