<?xml version="1.0" encoding="UTF-8"?>
<keywords>
   <keywords>
      <text FeatureID="-1">editando imagens</text>
      <target FeatureID="-1" href="SIE_HLP_MAIN.html">Editar imagens</target>
   </keywords>
   <keywords>
      <text FeatureID="-1">editando texto</text>
      <target FeatureID="-1" href="SIE_HLP_EDIT_TEXT.html">Editar texto em imagens</target>
   </keywords>
   <keywords>
      <text FeatureID="-1">editor de imagens</text>
      <target FeatureID="-1" href="SIE_HLP_EDIT_TEXT.html">Editar texto em imagens</target>
   </keywords>
   <keywords>
      <text FeatureID="-1">editando imagens com zoom</text>
      <target FeatureID="-1" href="SIE_HLP_ZOOMING.html">Editar imagens com zoom</target>
   </keywords>
   <keywords>
      <text FeatureID="-1">aplicando zoom em imagens</text>
      <target FeatureID="-1" href="SIE_HLP_ZOOMING.html">Editar imagens com zoom</target>
   </keywords>
   <keywords>
      <text FeatureID="-1">editando clip-art</text>
      <target FeatureID="-1" href="SIE_HLP_EDIT_CLIPART.html">Editar clip-art</target>
   </keywords>
   <keywords>
      <text FeatureID="-1">editando balões de fala</text>
      <target FeatureID="-1" href="SIE_HLP_EDIT_CLIPART.html">Editar clip-art</target>
   </keywords>
   <keywords>
      <text FeatureID="-1">reduzindo o efeito de olhos vermelhos</text>
      <target FeatureID="-1" href="SIE_HLP_REDEYE.html">Reduzir o efeito de olhos vermelhos</target>
   </keywords>
</keywords>