<?xml version="1.0" encoding="UTF-8"?>
<keywords>
   <keywords>
      <text FeatureID="-1">Gestione file</text>
      <target FeatureID="-1" href="FMGR_HLP_MEM_STORE_VIEW.html">Gestire file</target>
      <target FeatureID="-1" href="FMGR_HLP_MAIN_VIEW.html">Gestione file</target>
      <target FeatureID="-1" href="FMGR_HLP_SEARCH_RESULTS.html">Ricerca di file</target>
      <target FeatureID="-1" href="FMGR_HLP_BACKUP_VIEW.html">Backup di file</target>
   </keywords>
   <keywords>
      <text FeatureID="-1">memory card</text>
      <target FeatureID="-1" href="FMGR_HLP_MEM_STORE_VIEW.html">Gestire file</target>
      <target FeatureID="-1" href="FMGR_HLP_MAIN_VIEW.html">Gestione file</target>
      <target FeatureID="-1" href="FMGR_HLP_BACKUP_VIEW.html">Backup di file</target>
   </keywords>
   <keywords>
      <text FeatureID="-1">ricerca di file</text>
      <target FeatureID="-1" href="FMGR_HLP_SEARCH_RESULTS.html">Ricerca di file</target>
   </keywords>
   <keywords>
      <text FeatureID="-1">ricerca di cartelle</text>
      <target FeatureID="-1" href="FMGR_HLP_SEARCH_RESULTS.html">Ricerca di file</target>
   </keywords>
   <keywords>
      <text FeatureID="-1">backup</text>
      <target FeatureID="-1" href="FMGR_HLP_BACKUP_VIEW.html">Backup di file</target>
   </keywords>
</keywords>