<?xml version="1.0" encoding="UTF-8"?>
<keywords>
   <keywords>
      <text FeatureID="-1">úvodný displej</text>
      <target FeatureID="-1" href="SET_HLP_HOME_SCREEN.html">Hlavný displej</target>
      <target FeatureID="-1" href="SET_HLP_HOME_SCREEN_EDIT.html">Úprava hlavného displeja</target>
   </keywords>
   <keywords>
      <text FeatureID="-1">miniaplikácie</text>
      <target FeatureID="-1" href="WM_HLP_WIDGET_COLLECTION.html">Katalóg miniaplikácií</target>
   </keywords>
</keywords>