<?xml version="1.0" encoding="UTF-8"?>
<keywords>
   <keywords>
      <text FeatureID="-1">kamera</text>
      <target FeatureID="-1" href="LCAM_HLP_VIEWFINDER_PHOTO.html">Tangkap imej</target>
      <target FeatureID="false_410" href="LCAM_HLP_LIGHT_SENSITIVITY.html">Menukar sensitiviti cahaya</target>
      <target FeatureID="-1" href="LCAM_HLP_SCENES_PHOTO.html">Pemandangan imej</target>
      <target FeatureID="-1" href="LCAM_HLP_VIEWFINDER_VIDEO.html">Merakam klip video</target>
      <target FeatureID="false_410" href="LCAM_HLP_SCENES_VIDEO.html">Pemandangan video</target>
      <target FeatureID="-1" href="LCAM_HLP_VIEWFINDER_VIDEO_EM.html">Video dalam aplikasi</target>
      <target FeatureID="false_410" href="LCAM_HLP_STANDYBY_EM.html">Kamera tidak aktif</target>
      <target FeatureID="-1" href="LCAM_HLP_POST_VIDEO.html">Mainkan klip video</target>
      <target FeatureID="-1" href="LCAM_HLP_POST_PHOTO.html">Lihat imej yang ditangkap</target>
      <target FeatureID="true_132" href="LCAM_HLP_POST_SEQ.html">Lihat imej yang ditangkap dalam urutan</target>
   </keywords>
   <keywords>
      <text FeatureID="-1">menangkap imej</text>
      <target FeatureID="-1" href="LCAM_HLP_VIEWFINDER_PHOTO.html">Tangkap imej</target>
   </keywords>
   <keywords>
      <text FeatureID="false_410">sensitiviti cahaya</text>
      <target FeatureID="false_410" href="LCAM_HLP_LIGHT_SENSITIVITY.html">Menukar sensitiviti cahaya</target>
   </keywords>
   <keywords>
      <text FeatureID="-1">pemandangan kamera</text>
      <target FeatureID="-1" href="LCAM_HLP_SETTINGS_PHOUSER.html">Tentukan pemandangan</target>
   </keywords>
   <keywords>
      <text FeatureID="-1">pemandangan</text>
      <target FeatureID="-1" href="LCAM_HLP_SCENES_PHOTO.html">Pemandangan imej</target>
   </keywords>
   <keywords>
      <text FeatureID="-1">tetapan kamera</text>
      <target FeatureID="-1" href="LCAM_HLP_SETTINGS.html">Tetapan kamera</target>
   </keywords>
   <keywords>
      <text FeatureID="-1">kamera, tetapan</text>
      <target FeatureID="-1" href="LCAM_HLP_SETTINGS_PHOTO.html">Tetapan imej</target>
      <target FeatureID="-1" href="LCAM_HLP_SETTINGS_VIDEO.html">Tetapan video</target>
   </keywords>
   <keywords>
      <text FeatureID="-1">merakam video</text>
      <target FeatureID="-1" href="LCAM_HLP_VIEWFINDER_VIDEO.html">Merakam klip video</target>
   </keywords>
   <keywords>
      <text FeatureID="false_410">pemandangan video</text>
      <target FeatureID="false_410" href="LCAM_HLP_SCENES_VIDEO.html">Pemandangan video</target>
   </keywords>
   <keywords>
      <text FeatureID="-1">video, tetapan</text>
      <target FeatureID="-1" href="LCAM_HLP_SETTINGS_VIDEO.html">Tetapan video</target>
   </keywords>
   <keywords>
      <text FeatureID="-1">klip video dalam aplikasi</text>
      <target FeatureID="-1" href="LCAM_HLP_VIEWFINDER_VIDEO_EM.html">Video dalam aplikasi</target>
   </keywords>
   <keywords>
      <text FeatureID="-1">memainkan klip video</text>
      <target FeatureID="-1" href="LCAM_HLP_POST_VIDEO.html">Mainkan klip video</target>
   </keywords>
   <keywords>
      <text FeatureID="-1">kamera dalam aplikasi</text>
      <target FeatureID="-1" href="LCAM_HLP_VIEWFINDER_PHOTO_EM.html">Imej dalam aplikasi</target>
   </keywords>
   <keywords>
      <text FeatureID="-1">melihat imej</text>
      <target FeatureID="-1" href="LCAM_HLP_POST_PHOTO.html">Lihat imej yang ditangkap</target>
   </keywords>
   <keywords>
      <text FeatureID="true_132">mod urutan</text>
      <target FeatureID="true_132" href="LCAM_HLP_POST_SEQ.html">Lihat imej yang ditangkap dalam urutan</target>
   </keywords>
</keywords>