<?xml version="1.0" encoding="UTF-8"?>
<keywords>
   <keywords>
      <text FeatureID="-1">دوربین</text>
      <target FeatureID="-1" href="LCAM_HLP_VIEWFINDER_PHOTO.html">عکسبرداری</target>
      <target FeatureID="-1" href="LCAM_HLP_LIGHT_SENSITIVITY.html">تغییر دادن حساسیت نور</target>
      <target FeatureID="-1" href="LCAM_HLP_SETTINGS_PHOUSER.html">تعیین صحنه</target>
      <target FeatureID="-1" href="LCAM_HLP_SCENES_PHOTO.html">صحنه های تصویر</target>
      <target FeatureID="-1" href="LCAM_HLP_VIEWFINDER_VIDEO.html">ضبط کلیپ های ویدیویی</target>
      <target FeatureID="-1" href="LCAM_HLP_SCENES_VIDEO.html">صحنه های فیلم</target>
      <target FeatureID="-1" href="LCAM_HLP_VIEWFINDER_VIDEO_EM.html">ویدئوها در برنامه</target>
      <target FeatureID="-1" href="LCAM_HLP_STANDBY_EM.html">دوربین فعال نیست</target>
      <target FeatureID="-1" href="LCAM_HLP_POST_VIDEO.html">پخش کلیپ های ویدیویی</target>
      <target FeatureID="-1" href="LCAM_HLP_POST_PHOTO.html">مشاهده تصاویر گرفته شده</target>
   </keywords>
   <keywords>
      <text FeatureID="-1">عکسبرداری</text>
      <target FeatureID="-1" href="LCAM_HLP_VIEWFINDER_PHOTO.html">عکسبرداری</target>
   </keywords>
   <keywords>
      <text FeatureID="-1">حساسیت نور</text>
      <target FeatureID="-1" href="LCAM_HLP_LIGHT_SENSITIVITY.html">تغییر دادن حساسیت نور</target>
   </keywords>
   <keywords>
      <text FeatureID="-1">صحنه ها</text>
      <target FeatureID="-1" href="LCAM_HLP_SETTINGS_PHOUSER.html">تعیین صحنه</target>
      <target FeatureID="-1" href="LCAM_HLP_SCENES_PHOTO.html">صحنه های تصویر</target>
   </keywords>
   <keywords>
      <text FeatureID="-1">تنظیمات دوربین</text>
      <target FeatureID="-1" href="LCAM_HLP_SETTINGS.html">تنظیمات دوربین</target>
   </keywords>
   <keywords>
      <text FeatureID="-1">دوربین, تنظیمات</text>
      <target FeatureID="-1" href="LCAM_HLP_SETTINGS_PHOTO.html">تنظیمات تصویر</target>
      <target FeatureID="-1" href="LCAM_HLP_SETTINGS_VIDEO.html">تنظیمات ویدیو</target>
   </keywords>
   <keywords>
      <text FeatureID="-1">ضبط فیلم</text>
      <target FeatureID="-1" href="LCAM_HLP_VIEWFINDER_VIDEO.html">ضبط کلیپ های ویدیویی</target>
   </keywords>
   <keywords>
      <text FeatureID="-1">صحنه های فیلم</text>
      <target FeatureID="-1" href="LCAM_HLP_SCENES_VIDEO.html">صحنه های فیلم</target>
   </keywords>
   <keywords>
      <text FeatureID="-1">فیلم, تنظیمات</text>
      <target FeatureID="-1" href="LCAM_HLP_SETTINGS_VIDEO.html">تنظیمات ویدیو</target>
   </keywords>
   <keywords>
      <text FeatureID="-1">کلیپ های ویدئویی در برنامه ها</text>
      <target FeatureID="-1" href="LCAM_HLP_VIEWFINDER_VIDEO_EM.html">ویدئوها در برنامه</target>
   </keywords>
   <keywords>
      <text FeatureID="-1">پخش کلیپ های ویدیویی</text>
      <target FeatureID="-1" href="LCAM_HLP_POST_VIDEO.html">پخش کلیپ های ویدیویی</target>
   </keywords>
   <keywords>
      <text FeatureID="-1">دوربین در برنامه ها</text>
      <target FeatureID="-1" href="LCAM_HLP_VIEWFINDER_PHOTO_EM.html">تصاویر در برنامه ها</target>
   </keywords>
   <keywords>
      <text FeatureID="-1">در حال مشاهده تصاویر</text>
      <target FeatureID="-1" href="LCAM_HLP_POST_PHOTO.html">مشاهده تصاویر گرفته شده</target>
   </keywords>
</keywords>