<?xml version="1.0" encoding="UTF-8"?>
<keywords>
   <keywords>
      <text FeatureID="-1">دوربین</text>
      <target FeatureID="-1" href="LCAM_HLP_VIEWFINDER_PHOTO.html">عکسبرداری</target>
      <target FeatureID="false_410" href="LCAM_HLP_LIGHT_SENSITIVITY.html">تغییر حساسیت</target>
      <target FeatureID="-1" href="LCAM_HLP_SCENES_PHOTO.html">صحنه های تصویر</target>
      <target FeatureID="-1" href="LCAM_HLP_VIEWFINDER_VIDEO.html">ضبط کلیپ های ویدیویی</target>
      <target FeatureID="false_410" href="LCAM_HLP_SCENES_VIDEO.html">صحنه های ویدیویی</target>
      <target FeatureID="-1" href="LCAM_HLP_VIEWFINDER_VIDEO_EM.html">ویدئوها در برنامه</target>
      <target FeatureID="false_410" href="LCAM_HLP_STANDYBY_EM.html">دوربین فعال نیست</target>
      <target FeatureID="-1" href="LCAM_HLP_POST_VIDEO.html">پخش کلیپ های ویدیویی</target>
      <target FeatureID="-1" href="LCAM_HLP_POST_PHOTO.html">مشاهده تصاویر گرفته شده</target>
      <target FeatureID="true_132" href="LCAM_HLP_POST_SEQ.html">مشاهده تصاویر گرفته شده بصورت پشت سر هم</target>
   </keywords>
   <keywords>
      <text FeatureID="-1">عکسبرداری</text>
      <target FeatureID="-1" href="LCAM_HLP_VIEWFINDER_PHOTO.html">عکسبرداری</target>
   </keywords>
   <keywords>
      <text FeatureID="false_410">حساسیت نور</text>
      <target FeatureID="false_410" href="LCAM_HLP_LIGHT_SENSITIVITY.html">تغییر حساسیت</target>
   </keywords>
   <keywords>
      <text FeatureID="-1">صحنه های دوربین</text>
      <target FeatureID="-1" href="LCAM_HLP_SETTINGS_PHOUSER.html">تعیین صحنه</target>
   </keywords>
   <keywords>
      <text FeatureID="-1">صحنه ها</text>
      <target FeatureID="-1" href="LCAM_HLP_SCENES_PHOTO.html">صحنه های تصویر</target>
   </keywords>
   <keywords>
      <text FeatureID="-1">تنظیمات دوربین</text>
      <target FeatureID="-1" href="LCAM_HLP_SETTINGS.html">تنظیمات دوربین</target>
   </keywords>
   <keywords>
      <text FeatureID="-1">دوربین, تنظیمات</text>
      <target FeatureID="-1" href="LCAM_HLP_SETTINGS_PHOTO.html">تنظیمات تصویر</target>
      <target FeatureID="-1" href="LCAM_HLP_SETTINGS_VIDEO.html">تنظیمات ویدیو</target>
   </keywords>
   <keywords>
      <text FeatureID="-1">ضبط فیلم</text>
      <target FeatureID="-1" href="LCAM_HLP_VIEWFINDER_VIDEO.html">ضبط کلیپ های ویدیویی</target>
   </keywords>
   <keywords>
      <text FeatureID="false_410">صحنه های ویدئو</text>
      <target FeatureID="false_410" href="LCAM_HLP_SCENES_VIDEO.html">صحنه های ویدیویی</target>
   </keywords>
   <keywords>
      <text FeatureID="-1">تصویری, تنظیمات</text>
      <target FeatureID="-1" href="LCAM_HLP_SETTINGS_VIDEO.html">تنظیمات ویدیو</target>
   </keywords>
   <keywords>
      <text FeatureID="-1">کلیپ های ویدئویی در برنامه ها</text>
      <target FeatureID="-1" href="LCAM_HLP_VIEWFINDER_VIDEO_EM.html">ویدئوها در برنامه</target>
   </keywords>
   <keywords>
      <text FeatureID="-1">پخش کلیپ ویدیو</text>
      <target FeatureID="-1" href="LCAM_HLP_POST_VIDEO.html">پخش کلیپ های ویدیویی</target>
   </keywords>
   <keywords>
      <text FeatureID="-1">دوربین در برنامه ها</text>
      <target FeatureID="-1" href="LCAM_HLP_VIEWFINDER_PHOTO_EM.html">تصاویر در برنامه ها</target>
   </keywords>
   <keywords>
      <text FeatureID="-1">مشاهده تصاویر</text>
      <target FeatureID="-1" href="LCAM_HLP_POST_PHOTO.html">مشاهده تصاویر گرفته شده</target>
   </keywords>
   <keywords>
      <text FeatureID="true_132">حالت متوالی</text>
      <target FeatureID="true_132" href="LCAM_HLP_POST_SEQ.html">مشاهده تصاویر گرفته شده بصورت پشت سر هم</target>
   </keywords>
</keywords>