<?xml version="1.0" encoding="UTF-8"?>
<keywords>
   <keywords>
      <text FeatureID="-1">編輯備註</text>
      <target FeatureID="-1" href="NMAKE_HLP_MEMO_VIEWER_EDIT.html">在應用程式中編輯備註</target>
   </keywords>
   <keywords>
      <text FeatureID="-1">接收備註</text>
      <target FeatureID="-1" href="NMAKE_HLP_MEMO_VIEWER.html">檢視收到的備註</target>
   </keywords>
   <keywords>
      <text FeatureID="-1">訊息範本</text>
      <target FeatureID="-1" href="NMAKE_HLP_TEMPLATE_EDITOR.html">編寫訊息範本</target>
   </keywords>
   <keywords>
      <text FeatureID="-1">建立訊息範本</text>
      <target FeatureID="-1" href="NMAKE_HLP_TEMPLATE_EDITOR.html">編寫訊息範本</target>
   </keywords>
   <keywords>
      <text FeatureID="-1">編寫訊息範本</text>
      <target FeatureID="-1" href="NMAKE_HLP_TEMPLATE_EDITOR.html">編寫訊息範本</target>
   </keywords>
   <keywords>
      <text FeatureID="-1">備註清單</text>
      <target FeatureID="-1" href="NMAKE_HLP_MEMO_LIST.html">備註清單</target>
   </keywords>
   <keywords>
      <text FeatureID="-1">編寫備註</text>
      <target FeatureID="-1" href="NMAKE_HLP_MEMO_LIST.html">備註清單</target>
      <target FeatureID="-1" href="NMAKE_HLP_MEMO_EDITOR_APPS.html">在應用程式中編寫備註</target>
      <target FeatureID="-1" href="NMAKE_HLP_MEMO_EDITOR.html">編寫備註</target>
   </keywords>
</keywords>