<?xml version="1.0" encoding="UTF-8"?><?xml-stylesheet  href="../../theme/xsl/index2html.xslt" type="text/xsl"?>
<topics FeatureID="-1" title="Съобщения" compressed="true">
   <topicref FeatureID="-1" href="MCE_HLP_MESSAGING.html" navtitle="Център за съобщения"/>
   <topicref FeatureID="-1" href="MCE_HLP_SIM.html" navtitle="Преглед СИМ съобщ."/>
   <topicref FeatureID="-1" href="MCE_HLP_SETTINGS.html" navtitle="Настройки за съобщения"/>
   <topicref FeatureID="-1" href="MCE_HLP_SETTINGS_SMS.html" navtitle="Настройки на текст. съобщ."/>
   <topicref FeatureID="-1" href="SMS_HLP_SETTINGS_SCENTRES.html" navtitle="Настр. ц. текст. съобщ."/>
   <topicref FeatureID="-1" href="SMS_HLP_SETTINGS_SCENTRES_EDIT.html" navtitle="Ред. центрове текст. съоб."/>
   <topicref FeatureID="true_1092" href="SMS_HLP_SETTINGS_SMS_EMAIL.html" navtitle="Настр. ел. поща т. съобщ."/>
   <topicref FeatureID="-1" href="MCE_HLP_SETTINGS_MMS.html" navtitle="Настр. мултим. съобщ."/>
   <topicref FeatureID="true_1090" href="MCE_HLP_SETTINGS_CB.html" navtitle="Настр. съобщ. мрежа"/>
   <topicref FeatureID="-1" href="MCE_HLP_SETTINGS_GEN.html" navtitle="Други настройки"/>
   <topicref FeatureID="-1" href="MCE_HLP_INBOX.html" navtitle="Входяща кутия"/>
   <topicref FeatureID="-1" href="MCE_HLP_DOCUMENTS.html" navtitle="Моите папки"/>
   <topicref FeatureID="-1" href="MCE_HLP_TEMPLATES.html" navtitle="Шаблони за съобщения"/>
   <topicref FeatureID="-1" href="MCE_HLP_FOLDER.html" navtitle="Орг. съобщ."/>
   <topicref FeatureID="-1" href="MCE_HLP_DRAFTS.html" navtitle="Чернови"/>
   <topicref FeatureID="-1" href="MCE_HLP_SENT_ITEMS.html" navtitle="Изпратени съобщения"/>
   <topicref FeatureID="-1" href="MCE_HLP_OUTBOX.html" navtitle="Изходяща кутия"/>
   <topicref FeatureID="-1" href="MCE_HLP_DELIVERY_REPORTS.html" navtitle="Доклади за доставка"/>
   <topicref FeatureID="true_1132" href="MCE_HLP_MMS_NOTIFICATIONS.html" navtitle="Мултим. извест."/>
</topics>