<?xml version="1.0" encoding="UTF-8"?>
<keywords>
   <keywords>
      <text FeatureID="-1">изпращане на съобщения</text>
      <target FeatureID="-1" href="MCE_HLP_MESSAGING.html">Център за съобщения</target>
      <target FeatureID="-1" href="MCE_HLP_OUTBOX.html">Изходяща кутия</target>
   </keywords>
   <keywords>
      <text FeatureID="-1">получаване на съобщ.</text>
      <target FeatureID="-1" href="MCE_HLP_MESSAGING.html">Център за съобщения</target>
      <target FeatureID="-1" href="MCE_HLP_INBOX.html">Входяща кутия</target>
   </keywords>
   <keywords>
      <text FeatureID="-1">СИМ съобщения</text>
      <target FeatureID="-1" href="MCE_HLP_SIM.html">Преглед СИМ съобщ.</target>
   </keywords>
   <keywords>
      <text FeatureID="-1">съобщ. в СИМ-картата</text>
      <target FeatureID="-1" href="MCE_HLP_SIM.html">Преглед СИМ съобщ.</target>
   </keywords>
   <keywords>
      <text FeatureID="-1">настройки за съобщ.</text>
      <target FeatureID="-1" href="MCE_HLP_SETTINGS.html">Настройки за съобщения</target>
      <target FeatureID="-1" href="MCE_HLP_SETTINGS_GEN.html">Други настройки</target>
   </keywords>
   <keywords>
      <text FeatureID="-1">SMS настройки</text>
      <target FeatureID="-1" href="MCE_HLP_SETTINGS_SMS.html">Настройки на текст. съобщ.</target>
   </keywords>
   <keywords>
      <text FeatureID="-1">настройки за текст. съобщ.</text>
      <target FeatureID="-1" href="MCE_HLP_SETTINGS_SMS.html">Настройки на текст. съобщ.</target>
      <target FeatureID="-1" href="SMS_HLP_SETTINGS_SCENTRES.html">Настр. ц. текст. съобщ.</target>
      <target FeatureID="-1" href="SMS_HLP_SETTINGS_SCENTRES_EDIT.html">Ред. центрове текст. съоб.</target>
   </keywords>
   <keywords>
      <text FeatureID="-1">настройки за центрове за съобщ.</text>
      <target FeatureID="-1" href="SMS_HLP_SETTINGS_SCENTRES.html">Настр. ц. текст. съобщ.</target>
      <target FeatureID="-1" href="SMS_HLP_SETTINGS_SCENTRES_EDIT.html">Ред. центрове текст. съоб.</target>
   </keywords>
   <keywords>
      <text FeatureID="-1">настройки за SMS център</text>
      <target FeatureID="-1" href="SMS_HLP_SETTINGS_SCENTRES.html">Настр. ц. текст. съобщ.</target>
   </keywords>
   <keywords>
      <text FeatureID="true_1092">текст. съоб. ел. поща</text>
      <target FeatureID="true_1092" href="SMS_HLP_SETTINGS_SMS_EMAIL.html">Настр. ел. поща т. съобщ.</target>
   </keywords>
   <keywords>
      <text FeatureID="true_1092">настройки за sms ел. поща</text>
      <target FeatureID="true_1092" href="SMS_HLP_SETTINGS_SMS_EMAIL.html">Настр. ел. поща т. съобщ.</target>
   </keywords>
   <keywords>
      <text FeatureID="-1">MMS настройки</text>
      <target FeatureID="-1" href="MCE_HLP_SETTINGS_MMS.html">Настр. мултим. съобщ.</target>
   </keywords>
   <keywords>
      <text FeatureID="true_1090">Настр. съобщ. мрежа</text>
      <target FeatureID="true_1090" href="MCE_HLP_SETTINGS_CB.html">Настр. съобщ. мрежа</target>
   </keywords>
   <keywords>
      <text FeatureID="-1">входяща кутия</text>
      <target FeatureID="-1" href="MCE_HLP_INBOX.html">Входяща кутия</target>
   </keywords>
   <keywords>
      <text FeatureID="-1">моите папки</text>
      <target FeatureID="-1" href="MCE_HLP_DOCUMENTS.html">Моите папки</target>
   </keywords>
   <keywords>
      <text FeatureID="-1">съхраняване на съобщ.</text>
      <target FeatureID="-1" href="MCE_HLP_DOCUMENTS.html">Моите папки</target>
   </keywords>
   <keywords>
      <text FeatureID="-1">изпращане на шаблони</text>
      <target FeatureID="-1" href="MCE_HLP_TEMPLATES.html">Шаблони за съобщения</target>
   </keywords>
   <keywords>
      <text FeatureID="-1">шаблони за съобщения</text>
      <target FeatureID="-1" href="MCE_HLP_TEMPLATES.html">Шаблони за съобщения</target>
   </keywords>
   <keywords>
      <text FeatureID="-1">Орг. съобщ.</text>
      <target FeatureID="-1" href="MCE_HLP_FOLDER.html">Орг. съобщ.</target>
   </keywords>
   <keywords>
      <text FeatureID="-1">запам. черн. съобщения</text>
      <target FeatureID="-1" href="MCE_HLP_DRAFTS.html">Чернови</target>
   </keywords>
   <keywords>
      <text FeatureID="-1">съобщения чернови</text>
      <target FeatureID="-1" href="MCE_HLP_DRAFTS.html">Чернови</target>
   </keywords>
   <keywords>
      <text FeatureID="-1">изпратени съобщения</text>
      <target FeatureID="-1" href="MCE_HLP_SENT_ITEMS.html">Изпратени съобщения</target>
   </keywords>
   <keywords>
      <text FeatureID="-1">преглеждане на изх. кутия</text>
      <target FeatureID="-1" href="MCE_HLP_OUTBOX.html">Изходяща кутия</target>
   </keywords>
   <keywords>
      <text FeatureID="-1">доклади за доставка</text>
      <target FeatureID="-1" href="MCE_HLP_DELIVERY_REPORTS.html">Доклади за доставка</target>
   </keywords>
   <keywords>
      <text FeatureID="true_1132">MMS известия</text>
      <target FeatureID="true_1132" href="MCE_HLP_MMS_NOTIFICATIONS.html">Мултим. извест.</target>
   </keywords>
   <keywords>
      <text FeatureID="-1">намиране тел. номера</text>
      <target FeatureID="-1" href="FIND_HLP.html">Намир. на номера/адр.</target>
   </keywords>
   <keywords>
      <text FeatureID="-1">намиране на адреси</text>
      <target FeatureID="-1" href="FIND_HLP.html">Намир. на номера/адр.</target>
   </keywords>
</keywords>