<?xml version="1.0" encoding="UTF-8"?>
<keywords>
   <keywords>
      <text FeatureID="-1">briefkaart</text>
      <target FeatureID="-1" href="MMS_POSTCARD_HLP_ADDRESS_EDIT.html">Adressen bewerken</target>
      <target FeatureID="-1" href="MMS_POSTCARD_HLP_MAIN_EDIT.html">Briefkaarten maken</target>
   </keywords>
   <keywords>
      <text FeatureID="-1">verzenden, briefkaarten</text>
      <target FeatureID="-1" href="MMS_POSTCARD_HLP_ADDRESS_EDIT.html">Adressen bewerken</target>
      <target FeatureID="-1" href="POSTCARD_HLP_GREETING_EDIT.html">Begroetingen schrijven</target>
      <target FeatureID="-1" href="MMS_POSTCARD_HLP_MAIN_EDIT.html">Briefkaarten maken</target>
   </keywords>
   <keywords>
      <text FeatureID="-1">briefkaarten</text>
      <target FeatureID="-1" href="MMS_POSTCARD_HLP_MAIN_VIEW.html">Briefkaarten weergeven</target>
   </keywords>
   <keywords>
      <text FeatureID="-1">postcard</text>
      <target FeatureID="-1" href="POSTCARD_HLP_ADDRESS_VIEW.html">Adressen weergeven</target>
      <target FeatureID="-1" href="POSTCARD_HLP_GREETING_EDIT.html">Begroetingen schrijven</target>
      <target FeatureID="-1" href="POSTCARD_HLP_GREETING_VIEW.html">Begroetingen weergeven</target>
   </keywords>
</keywords>