<?xml version="1.0" encoding="UTF-8"?><?xml-stylesheet  href="../../theme/xsl/index2html.xslt" type="text/xsl"?>
<topics FeatureID="-1" title="Nokia E-mail" compressed="true">
   <topicref FeatureID="-1" href="FSCA_HLP_ANNIVERSARY_EDITOR.html" navtitle="Create anniversary entries"/>
   <topicref FeatureID="-1" href="FSCA_HLP_CALE_MEETING_EDITOR.html" navtitle="Create meeting entries"/>
   <topicref FeatureID="-1" href="FSCA_HLP_MEMO_EDITOR.html" navtitle="Create memo entries"/>
   <topicref FeatureID="-1" href="FSCA_HLP_TODO_EDITOR.html" navtitle="Create to-do entries"/>
   <topicref FeatureID="-1" href="FSCA_HLP_CALE_MEETING_VIEWER.html" navtitle="Edit meeting entries"/>
   <topicref FeatureID="-1" href="FSCA_HLP_MEMO_VIEWER.html" navtitle="Edit memo entries"/>
   <topicref FeatureID="-1" href="FSCA_HLP_TODO_VIEWER.html" navtitle="Edit to-do entries"/>
   <topicref FeatureID="-1" href="FSCA_HLP_ANNI_VIEWER.html" navtitle="Edit anniversary entries"/>
   <topicref FeatureID="-1" href="FSCA_HLP_RESPONSE_EDITOR.html" navtitle="Edit your response"/>
   <topicref FeatureID="-1" href="FSCA_HLP_VIEWER_ORGANIZER.html" navtitle="Manage meeting requests"/>
   <topicref FeatureID="-1" href="MEET_REQ_HLP_EDITOR.html" navtitle="Received meeting requests"/>
   <topicref FeatureID="-1" href="FSCA_HLP_VIEWER.html" navtitle="Respond to meeting requests"/>
   <topicref FeatureID="-1" href="RLOOK_HLP_INFO_VIEW.html" navtitle="Správa nájdeného kontaktu"/>
   <topicref FeatureID="-1" href="RLOOK_HLP_RESULT_VIEW.html" navtitle="Výsledky vyhľadávania"/>
   <topicref FeatureID="-1" href="FSE_HLP_ATTACHMENT_LIST_EDITOR.html" navtitle="Pridávanie príloh"/>
   <topicref FeatureID="-1" href="FSE_HLP_MESSAGE_LIST_DELETED.html" navtitle="Vymazávanie e-mailových správ"/>
   <topicref FeatureID="-1" href="FSE_HLP_ATTACHMENT_LIST.html" navtitle="Načítanie príloh"/>
   <topicref FeatureID="-1" href="FSE_HLP_MESSAGE_LIST_DRAFTS.html" navtitle="Koncepty e-mailových správ"/>
   <topicref FeatureID="-1" href="FSE_HLP_LAUNCHER_GRID.html" navtitle="Nokia E-mail"/>
   <topicref FeatureID="-1" href="FSE_HLP_FOLDER_LIST.html" navtitle="Zložky pre e-maily"/>
   <topicref FeatureID="-1" href="FSE_HLP_LAUNCHER_SETTINGS.html" navtitle="Všeobecné nastavenia e-mailu"/>
   <topicref FeatureID="-1" href="FSE_HLP_SETTINGS_GLOBAL.html" navtitle="Globálne e-mailové nastavenia"/>
   <topicref FeatureID="-1" href="FS_VIEWER_HLP_HTML_VIEW.html" navtitle="E-mail s formátovaním HTML"/>
   <topicref FeatureID="-1" href="FSE_HLP_POP_IMAP_SETT_ADV.html" navtitle="Rozšírené nastavenia e-mailu"/>
   <topicref FeatureID="-1" href="FSE_HLP_POP_IMAP_SETT_INCOMING.html" navtitle="Nastavenia prijímaných e-mailov"/>
   <topicref FeatureID="-1" href="FSE_HLP_POP_IMAP_SETT_OUTGOING.html" navtitle="Odchádzajúce e-maily"/>
   <topicref FeatureID="-1" href="FSE_HLP_POP_IMAP_SETT_MAIN.html" navtitle="Nastavenia e-mailu"/>
   <topicref FeatureID="-1" href="FSE_HLP_SETT_IMAP_SUBSCR.html" navtitle="Predplatenie zložiek"/>
   <topicref FeatureID="-1" href="FSE_HLP_POP_IMAP_SETT_WHAT.html" navtitle="Výber obsahu na synchronizáciu"/>
   <topicref FeatureID="-1" href="FSE_HLP_POP_IMAP_SETT_WHEN.html" navtitle="Výber času synchronizácie"/>
   <topicref FeatureID="-1" href="FSE_HLP_MFE_LAUNCHER_MAIN_VIEW.html" navtitle="E-maily v schránke Mail for Exchange"/>
   <topicref FeatureID="-1" href="FS_VIEWER_HLP_DETAILS_VIEW.html" navtitle="Podrobnosti správy"/>
   <topicref FeatureID="-1" href="FSE_HLP_MFE_SETTINGS_ADVANCED.html" navtitle="Rozšírené nastavenia schránky"/>
   <topicref FeatureID="-1" href="FSE_HLP_MFE_SETTINGS_PIM_APPS.html" navtitle="Nastavenia synchronizácie aplikácie"/>
   <topicref FeatureID="-1" href="FSE_HLP_MFE_CALENDAR_APP.html" navtitle="Nastavenia synchronizácie kalendára"/>
   <topicref FeatureID="-1" href="FSE_HLP_MFE_CONTACTS_APP.html" navtitle="Nastavenia synchronizácie kontaktov"/>
   <topicref FeatureID="-1" href="FSE_HLP_MFE_SETTINGS_MAILBOX.html" navtitle="Všeobecné nastavenia schránky"/>
   <topicref FeatureID="-1" href="FSE_HLP_MFE_SETTINGS_WHAT_SYNC.html" navtitle="Výber obsahu na synch."/>
   <topicref FeatureID="-1" href="FSE_HLP_MFE_SETTINGS_WHEN_SYNC.html" navtitle="Výber času synch."/>
   <topicref FeatureID="-1" href="FSE_HLP_MFE_SETTINGS_FOLDER.html" navtitle="Nastavenia synchronizácie"/>
   <topicref FeatureID="-1" href="FSE_HLP_MFE_SETTINGS_MAIN_VIEW.html" navtitle="Nastavenia e-mailu"/>
   <topicref FeatureID="-1" href="FSE_HLP_MFE_TASKS_APP.html" navtitle="Nastavenia synchronizácie úloh"/>
   <topicref FeatureID="-1" href="FSE_HLP_MESSAGE_LIST_EMPTY.html" navtitle="Žiadne správy"/>
   <topicref FeatureID="-1" href="FSE_HLP_MESSAGE_LIST_OUTBOX.html" navtitle="Práca so zložkou Na odoslanie"/>
   <topicref FeatureID="-1" href="FS_VIEWER_HLP_MEETING_REQ_VIEW.html" navtitle="Odpoveď na žiadosť o stretnutie"/>
   <topicref FeatureID="-1" href="FSE_HLP_MESSAGE_LIST_SEARCHING.html" navtitle="Vyhľadávanie e-mailu"/>
   <topicref FeatureID="-1" href="FSE_HLP_MESSAGE_LIST_SEARCHED.html" navtitle="Výsledky vyhľadávania"/>
   <topicref FeatureID="-1" href="FSE_HLP_SETTINGS_WHEN_SYNC.html" navtitle="Čas synchronizácie"/>
   <topicref FeatureID="-1" href="FS_EDITOR_HLP_MAIN_VIEW.html" navtitle="Poslanie e-mailu"/>
   <topicref FeatureID="-1" href="FSE_HLP_SETTINGS_PIM_VIEW.html" navtitle="Služba PIM"/>
   <topicref FeatureID="-1" href="FSE_HLP_SETTINGS_APPLICATIONS.html" navtitle="Synchronizácia aplikácií"/>
   <topicref FeatureID="-1" href="FS_VIEWER_HLP_MAIN_VIEW.html" navtitle="Práca s prijatými e-mailmi"/>
   <topicref FeatureID="-1" href="FSE_HLP_MESSAGE_LIST_INBOX.html" navtitle="Práca s e-mailovými zložkami"/>
   <topicref FeatureID="-1" href="FSE_HLP_SETT.html" navtitle="Nastavenia"/>
   <topicref FeatureID="-1" href="FSE_HLP_ACCT_INFO.html" navtitle="Nastavenia e-mailového konta"/>
   <topicref FeatureID="-1" href="FSE_HLP_SYNC_SETT.html" navtitle="Synchronizačné nastavenia"/>
   <topicref FeatureID="-1" href="FS_VIEWER_HLP_MR_RECEIVED.html" navtitle="Žiadosti o schôdzku"/>
</topics>