<?xml version="1.0" encoding="UTF-8"?>
<keywords>
   <keywords>
      <text FeatureID="-1">anniversary entries</text>
      <target FeatureID="-1" href="FSCA_HLP_ANNIVERSARY_EDITOR.html">Create anniversary entries</target>
      <target FeatureID="-1" href="FSCA_HLP_ANNI_VIEWER.html">Edit anniversary entries</target>
   </keywords>
   <keywords>
      <text FeatureID="-1">meeting entries</text>
      <target FeatureID="-1" href="FSCA_HLP_CALE_MEETING_EDITOR.html">Create meeting entries</target>
      <target FeatureID="-1" href="FSCA_HLP_CALE_MEETING_VIEWER.html">Edit meeting entries</target>
   </keywords>
   <keywords>
      <text FeatureID="-1">memo entries</text>
      <target FeatureID="-1" href="FSCA_HLP_MEMO_EDITOR.html">Create memo entries</target>
      <target FeatureID="-1" href="FSCA_HLP_MEMO_VIEWER.html">Edit memo entries</target>
   </keywords>
   <keywords>
      <text FeatureID="-1">to-do entries</text>
      <target FeatureID="-1" href="FSCA_HLP_TODO_EDITOR.html">Create to-do entries</target>
      <target FeatureID="-1" href="FSCA_HLP_TODO_VIEWER.html">Edit to-do entries</target>
   </keywords>
   <keywords>
      <text FeatureID="-1">meeting requests</text>
      <target FeatureID="-1" href="FSCA_HLP_RESPONSE_EDITOR.html">Edit your response</target>
      <target FeatureID="-1" href="FSCA_HLP_VIEWER_ORGANIZER.html">Manage meeting requests</target>
      <target FeatureID="-1" href="MEET_REQ_HLP_EDITOR.html">Received meeting requests</target>
      <target FeatureID="-1" href="FSCA_HLP_VIEWER.html">Respond to meeting requests</target>
   </keywords>
   <keywords>
      <text FeatureID="-1">kontakty</text>
      <target FeatureID="-1" href="RLOOK_HLP_INFO_VIEW.html">Správa nájdeného kontaktu</target>
   </keywords>
   <keywords>
      <text FeatureID="-1">kontakty, vyhľadávanie</text>
      <target FeatureID="-1" href="RLOOK_HLP_RESULT_VIEW.html">Výsledky vyhľadávania</target>
   </keywords>
   <keywords>
      <text FeatureID="-1">e-mail, prílohy</text>
      <target FeatureID="-1" href="FSE_HLP_ATTACHMENT_LIST_EDITOR.html">Pridávanie príloh</target>
   </keywords>
   <keywords>
      <text FeatureID="-1">vymazaný e-mail</text>
      <target FeatureID="-1" href="FSE_HLP_MESSAGE_LIST_DELETED.html">Vymazávanie e-mailových správ</target>
   </keywords>
   <keywords>
      <text FeatureID="-1">načítanie e-mailovej prílohy</text>
      <target FeatureID="-1" href="FSE_HLP_ATTACHMENT_LIST.html">Načítanie príloh</target>
   </keywords>
   <keywords>
      <text FeatureID="-1">koncept e-mailu</text>
      <target FeatureID="-1" href="FSE_HLP_MESSAGE_LIST_DRAFTS.html">Koncepty e-mailových správ</target>
   </keywords>
   <keywords>
      <text FeatureID="-1">Nokia E-mail</text>
      <target FeatureID="-1" href="FSE_HLP_LAUNCHER_GRID.html">Nokia E-mail</target>
   </keywords>
   <keywords>
      <text FeatureID="-1">e-mail</text>
      <target FeatureID="-1" href="FSE_HLP_LAUNCHER_GRID.html">Nokia E-mail</target>
   </keywords>
   <keywords>
      <text FeatureID="-1">zložky pre e-maily</text>
      <target FeatureID="-1" href="FSE_HLP_FOLDER_LIST.html">Zložky pre e-maily</target>
      <target FeatureID="-1" href="FSE_HLP_SETT_IMAP_SUBSCR.html">Predplatenie zložiek</target>
      <target FeatureID="-1" href="FSE_HLP_MESSAGE_LIST_INBOX.html">Práca s e-mailovými zložkami</target>
   </keywords>
   <keywords>
      <text FeatureID="-1">e-mailové nastavenia</text>
      <target FeatureID="-1" href="FSE_HLP_LAUNCHER_SETTINGS.html">Všeobecné nastavenia e-mailu</target>
      <target FeatureID="-1" href="FSE_HLP_POP_IMAP_SETT_MAIN.html">Nastavenia e-mailu </target>
      <target FeatureID="-1" href="FSE_HLP_MFE_SETTINGS_MAIN_VIEW.html">Nastavenia e-mailu</target>
   </keywords>
   <keywords>
      <text FeatureID="-1">globálne e-mailové nastavenia</text>
      <target FeatureID="-1" href="FSE_HLP_SETTINGS_GLOBAL.html">Globálne e-mailové nastavenia</target>
   </keywords>
   <keywords>
      <text FeatureID="-1">e-mail HTML</text>
      <target FeatureID="-1" href="FS_VIEWER_HLP_HTML_VIEW.html">E-mail s formátovaním HTML</target>
   </keywords>
   <keywords>
      <text FeatureID="-1">rozšírené e-mailové nastavenia</text>
      <target FeatureID="-1" href="FSE_HLP_POP_IMAP_SETT_ADV.html">Rozšírené nastavenia e-mailu</target>
   </keywords>
   <keywords>
      <text FeatureID="-1">nastavenia prichádzajúcich e-mailov</text>
      <target FeatureID="-1" href="FSE_HLP_POP_IMAP_SETT_INCOMING.html">Nastavenia prijímaných e-mailov</target>
   </keywords>
   <keywords>
      <text FeatureID="-1">nastavenia odchádzajúcich e-mailov</text>
      <target FeatureID="-1" href="FSE_HLP_POP_IMAP_SETT_OUTGOING.html">Odchádzajúce e-maily</target>
   </keywords>
   <keywords>
      <text FeatureID="-1">synchronizácia e-mailov</text>
      <target FeatureID="-1" href="FSE_HLP_POP_IMAP_SETT_WHAT.html">Výber obsahu na synchronizáciu</target>
   </keywords>
   <keywords>
      <text FeatureID="-1">čas synchronizácie e-mailov</text>
      <target FeatureID="-1" href="FSE_HLP_POP_IMAP_SETT_WHEN.html">Výber času synchronizácie</target>
      <target FeatureID="-1" href="FSE_HLP_MFE_SETTINGS_WHEN_SYNC.html">Výber času synch.</target>
      <target FeatureID="-1" href="FSE_HLP_SETTINGS_WHEN_SYNC.html">Čas synchronizácie</target>
   </keywords>
   <keywords>
      <text FeatureID="-1">Mail for Exchange</text>
      <target FeatureID="-1" href="FSE_HLP_MFE_LAUNCHER_MAIN_VIEW.html">E-maily v schránke Mail for Exchange</target>
   </keywords>
   <keywords>
      <text FeatureID="-1">podrobnosti e-mailu</text>
      <target FeatureID="-1" href="FS_VIEWER_HLP_DETAILS_VIEW.html">Podrobnosti správy</target>
   </keywords>
   <keywords>
      <text FeatureID="-1">rozšírené nastavenia schránky</text>
      <target FeatureID="-1" href="FSE_HLP_MFE_SETTINGS_ADVANCED.html">Rozšírené nastavenia schránky</target>
   </keywords>
   <keywords>
      <text FeatureID="-1">nastavenia synchronizácie e-mailov</text>
      <target FeatureID="-1" href="FSE_HLP_MFE_SETTINGS_PIM_APPS.html">Nastavenia synchronizácie aplikácie</target>
   </keywords>
   <keywords>
      <text FeatureID="-1">synchronizácia kalendára</text>
      <target FeatureID="-1" href="FSE_HLP_MFE_CALENDAR_APP.html">Nastavenia synchronizácie kalendára</target>
   </keywords>
   <keywords>
      <text FeatureID="-1">synchronizácia kontaktov,</text>
      <target FeatureID="-1" href="FSE_HLP_MFE_CONTACTS_APP.html">Nastavenia synchronizácie kontaktov</target>
   </keywords>
   <keywords>
      <text FeatureID="-1">nastavenia schránky</text>
      <target FeatureID="-1" href="FSE_HLP_MFE_SETTINGS_MAILBOX.html">Všeobecné nastavenia schránky</target>
   </keywords>
   <keywords>
      <text FeatureID="-1">obsah synchronizácie e-mailov</text>
      <target FeatureID="-1" href="FSE_HLP_MFE_SETTINGS_WHAT_SYNC.html">Výber obsahu na synch.</target>
   </keywords>
   <keywords>
      <text FeatureID="-1">synchronizácia e-mailových zložiek</text>
      <target FeatureID="-1" href="FSE_HLP_MFE_SETTINGS_FOLDER.html">Nastavenia synchronizácie</target>
   </keywords>
   <keywords>
      <text FeatureID="-1">synchronizácia záznamu o úlohe</text>
      <target FeatureID="-1" href="FSE_HLP_MFE_TASKS_APP.html">Nastavenia synchronizácie úloh</target>
   </keywords>
   <keywords>
      <text FeatureID="-1">žiadne e-mailové správy</text>
      <target FeatureID="-1" href="FSE_HLP_MESSAGE_LIST_EMPTY.html">Žiadne správy</target>
   </keywords>
   <keywords>
      <text FeatureID="-1">e-mailové správy na odoslanie</text>
      <target FeatureID="-1" href="FSE_HLP_MESSAGE_LIST_OUTBOX.html">Práca so zložkou Na odoslanie</target>
   </keywords>
   <keywords>
      <text FeatureID="-1">žiadosti o stretnutie</text>
      <target FeatureID="-1" href="FS_VIEWER_HLP_MEETING_REQ_VIEW.html">Odpoveď na žiadosť o stretnutie</target>
   </keywords>
   <keywords>
      <text FeatureID="-1">vyhľadávanie e-mailu</text>
      <target FeatureID="-1" href="FSE_HLP_MESSAGE_LIST_SEARCHING.html">Vyhľadávanie e-mailu</target>
   </keywords>
   <keywords>
      <text FeatureID="-1">výsledky vyhľadávania e-mailu</text>
      <target FeatureID="-1" href="FSE_HLP_MESSAGE_LIST_SEARCHED.html">Výsledky vyhľadávania</target>
   </keywords>
   <keywords>
      <text FeatureID="-1">poslanie e-mailu</text>
      <target FeatureID="-1" href="FS_EDITOR_HLP_MAIN_VIEW.html">Poslanie e-mailu</target>
   </keywords>
   <keywords>
      <text FeatureID="-1">Služba PIM</text>
      <target FeatureID="-1" href="FSE_HLP_SETTINGS_PIM_VIEW.html">Služba PIM</target>
   </keywords>
   <keywords>
      <text FeatureID="-1">synchronizácia aplikácií</text>
      <target FeatureID="-1" href="FSE_HLP_SETTINGS_APPLICATIONS.html">Synchronizácia aplikácií</target>
   </keywords>
   <keywords>
      <text FeatureID="-1">prijatý e-mail</text>
      <target FeatureID="-1" href="FS_VIEWER_HLP_MAIN_VIEW.html">Práca s prijatými e-mailmi</target>
   </keywords>
   <keywords>
      <text FeatureID="-1">mail, nastavenia</text>
      <target FeatureID="-1" href="FSE_HLP_SETT.html">Nastavenia</target>
   </keywords>
   <keywords>
      <text FeatureID="-1">mail, nastavenia konta</text>
      <target FeatureID="-1" href="FSE_HLP_ACCT_INFO.html">Nastavenia e-mailového konta</target>
   </keywords>
   <keywords>
      <text FeatureID="-1">mail, synchronizácia</text>
      <target FeatureID="-1" href="FSE_HLP_SYNC_SETT.html">Synchronizačné nastavenia</target>
   </keywords>
   <keywords>
      <text FeatureID="-1">mail, záznamy o schôdzkach</text>
      <target FeatureID="-1" href="FS_VIEWER_HLP_MR_RECEIVED.html">Žiadosti o schôdzku</target>
   </keywords>
   <keywords>
      <text FeatureID="-1">záznamy o schôdzkach</text>
      <target FeatureID="-1" href="FS_VIEWER_HLP_MR_RECEIVED.html">Žiadosti o schôdzku</target>
   </keywords>
</keywords>