<?xml version="1.0" encoding="UTF-8"?>
<keywords>
   <keywords>
      <text FeatureID="-1">videresende beskeder</text>
      <target FeatureID="-1" href="MMS_HLP_MMS_FWD_REQUEST.html">Videresende MMS-besked</target>
   </keywords>
   <keywords>
      <text FeatureID="-1">MMS-beskeder</text>
      <target FeatureID="-1" href="MMS_HLP_MMS_FWD_REQUEST_SEND.html">Videresende i Sendte besk.</target>
      <target FeatureID="-1" href="MMS_HLP_MMS_VIEWER.html">Få vist MMS-beskeder</target>
   </keywords>
   <keywords>
      <text FeatureID="-1">MMS-meddelelser</text>
      <target FeatureID="-1" href="MMS_HLP_NOTIFICATION_VIEWER.html">MMS-meddelelser</target>
   </keywords>
   <keywords>
      <text FeatureID="-1">medie­objekter</text>
      <target FeatureID="-1" href="MMS_HLP_OBJECTS_VIEW_VIEWER.html">Få vist me­dieobjekter</target>
   </keywords>
   <keywords>
      <text FeatureID="-1">MMS-objekter</text>
      <target FeatureID="-1" href="MMS_HLP_OBJECTS_VIEW_VIEWER.html">Få vist me­dieobjekter</target>
   </keywords>
   <keywords>
      <text FeatureID="-1">MMS</text>
      <target FeatureID="-1" href="MMS_HLP_MMS_VIEWER.html">Få vist MMS-beskeder</target>
   </keywords>
</keywords>