<?xml version="1.0" encoding="UTF-8"?><?xml-stylesheet  href="../../theme/xsl/index2html.xslt" type="text/xsl"?>
<topics FeatureID="-1" title="Logger" compressed="true">
   <topicref FeatureID="-1" href="GPRS_HLP_MAIN.html" navtitle="Pakkedatatilk."/>
   <topicref FeatureID="-1" href="LOGS_HLP_COUNTER.html" navtitle="Anrops- og datalogger"/>
   <topicref FeatureID="-1" href="LOGS_HLP_DETAIL.html" navtitle="Logghendelsesdetaljer"/>
   <topicref FeatureID="-1" href="LOGS_HLP_MAIN.html" navtitle="Logginformasjon"/>
   <topicref FeatureID="-1" href="LOGS_HLP_SETTING.html" navtitle="Logginnstillinger"/>
   <topicref FeatureID="-1" href="STM_HLP_DIALLED.html" navtitle="Oppringte numre"/>
   <topicref FeatureID="-1" href="STM_HLP_MAIN.html" navtitle="Anropslogg"/>
   <topicref FeatureID="-1" href="STM_HLP_MISSED.html" navtitle="Ubesvarte anrop"/>
   <topicref FeatureID="-1" href="STM_HLP_RECEIVED.html" navtitle="Mottatte anrop"/>
   <topicref FeatureID="-1" href="TIMERS_HLP_MAIN.html" navtitle="Samtalevarighet"/>
</topics>