<?xml version="1.0" encoding="UTF-8"?>
<keywords>
   <keywords>
      <text FeatureID="-1">pakkedata­tilkoblinger</text>
      <target FeatureID="-1" href="GPRS_HLP_MAIN.html">Pakkedatatilk.</target>
      <target FeatureID="-1" href="LOGS_HLP_COUNTER.html">Anrops- og datalogger</target>
   </keywords>
   <keywords>
      <text FeatureID="-1">varighet for samtaler</text>
      <target FeatureID="-1" href="LOGS_HLP_COUNTER.html">Anrops- og datalogger</target>
      <target FeatureID="-1" href="TIMERS_HLP_MAIN.html">Samtalevarighet</target>
   </keywords>
   <keywords>
      <text FeatureID="-1">anropslogg</text>
      <target FeatureID="-1" href="LOGS_HLP_COUNTER.html">Anrops- og datalogger</target>
      <target FeatureID="-1" href="STM_HLP_MAIN.html">Anropslogg</target>
      <target FeatureID="-1" href="STM_HLP_MAIN.html">Anropslogg</target>
   </keywords>
   <keywords>
      <text FeatureID="-1">logger</text>
      <target FeatureID="-1" href="LOGS_HLP_DETAIL.html">Logghendelsesdetaljer</target>
      <target FeatureID="-1" href="LOGS_HLP_MAIN.html">Logginformasjon</target>
   </keywords>
   <keywords>
      <text FeatureID="-1">logginnstillinger</text>
      <target FeatureID="-1" href="LOGS_HLP_SETTING.html">Logginnstillinger</target>
   </keywords>
   <keywords>
      <text FeatureID="-1">oppringte numre</text>
      <target FeatureID="-1" href="STM_HLP_DIALLED.html">Oppringte numre</target>
   </keywords>
   <keywords>
      <text FeatureID="-1">ubesvarte anrop</text>
      <target FeatureID="-1" href="STM_HLP_MISSED.html">Ubesvarte anrop</target>
   </keywords>
   <keywords>
      <text FeatureID="-1">mottatte anrop</text>
      <target FeatureID="-1" href="STM_HLP_RECEIVED.html">Mottatte anrop</target>
   </keywords>
   <keywords>
      <text FeatureID="-1">besvarte anrop</text>
      <target FeatureID="-1" href="STM_HLP_RECEIVED.html">Mottatte anrop</target>
   </keywords>
   <keywords>
      <text FeatureID="-1">samtale-varighet</text>
      <target FeatureID="-1" href="TIMERS_HLP_MAIN.html">Samtalevarighet</target>
   </keywords>
</keywords>