<?xml version="1.0" encoding="UTF-8"?>
<keywords>
   <keywords>
      <text FeatureID="-1">kamera</text>
      <target FeatureID="-1" href="LCAM_HLP_VIEWFINDER_PHOTO.html">Zajemanje slik</target>
      <target FeatureID="false_410" href="LCAM_HLP_LIGHT_SENSITIVITY.html">Spreminjanje občutljivosti ISO</target>
      <target FeatureID="-1" href="LCAM_HLP_SCENES_PHOTO.html">Scene slike</target>
      <target FeatureID="-1" href="LCAM_HLP_VIEWFINDER_VIDEO.html">Snemanje video posnetkov</target>
      <target FeatureID="false_410" href="LCAM_HLP_SCENES_VIDEO.html">Video scene</target>
      <target FeatureID="-1" href="LCAM_HLP_VIEWFINDER_VIDEO_EM.html">Videoposnetki v aplikacijah</target>
      <target FeatureID="false_410" href="LCAM_HLP_STANDYBY_EM.html">Kamera ni aktivna</target>
      <target FeatureID="-1" href="LCAM_HLP_POST_VIDEO.html">Predvajanje video posnetkov</target>
      <target FeatureID="-1" href="LCAM_HLP_POST_PHOTO.html">Ogled zajetih slik</target>
      <target FeatureID="true_132" href="LCAM_HLP_POST_SEQ.html">Pregled zaporedno zajetih slik</target>
   </keywords>
   <keywords>
      <text FeatureID="-1">zajemanje slik</text>
      <target FeatureID="-1" href="LCAM_HLP_VIEWFINDER_PHOTO.html">Zajemanje slik</target>
   </keywords>
   <keywords>
      <text FeatureID="false_410">občutljivost ISO</text>
      <target FeatureID="false_410" href="LCAM_HLP_LIGHT_SENSITIVITY.html">Spreminjanje občutljivosti ISO</target>
   </keywords>
   <keywords>
      <text FeatureID="-1">scene kamere</text>
      <target FeatureID="-1" href="LCAM_HLP_SETTINGS_PHOUSER.html">Določanje scen</target>
   </keywords>
   <keywords>
      <text FeatureID="-1">scene</text>
      <target FeatureID="-1" href="LCAM_HLP_SCENES_PHOTO.html">Scene slike</target>
   </keywords>
   <keywords>
      <text FeatureID="-1">nast. za kamero</text>
      <target FeatureID="-1" href="LCAM_HLP_SETTINGS.html">Nastavitve za kamero</target>
   </keywords>
   <keywords>
      <text FeatureID="-1">kamera, nastavitve</text>
      <target FeatureID="-1" href="LCAM_HLP_SETTINGS_PHOTO.html">Nastavitve slik</target>
      <target FeatureID="-1" href="LCAM_HLP_SETTINGS_VIDEO.html">Video nastavitve</target>
   </keywords>
   <keywords>
      <text FeatureID="-1">snemanje videa</text>
      <target FeatureID="-1" href="LCAM_HLP_VIEWFINDER_VIDEO.html">Snemanje video posnetkov</target>
   </keywords>
   <keywords>
      <text FeatureID="false_410">video scene</text>
      <target FeatureID="false_410" href="LCAM_HLP_SCENES_VIDEO.html">Video scene</target>
   </keywords>
   <keywords>
      <text FeatureID="-1">video, nastavitve</text>
      <target FeatureID="-1" href="LCAM_HLP_SETTINGS_VIDEO.html">Video nastavitve</target>
   </keywords>
   <keywords>
      <text FeatureID="-1">videoposnetki v aplikacijah</text>
      <target FeatureID="-1" href="LCAM_HLP_VIEWFINDER_VIDEO_EM.html">Videoposnetki v aplikacijah</target>
   </keywords>
   <keywords>
      <text FeatureID="-1">predvajanje video posnetkov</text>
      <target FeatureID="-1" href="LCAM_HLP_POST_VIDEO.html">Predvajanje video posnetkov</target>
   </keywords>
   <keywords>
      <text FeatureID="-1">kamera v aplikacijah</text>
      <target FeatureID="-1" href="LCAM_HLP_VIEWFINDER_PHOTO_EM.html">Slike v aplikacijah</target>
   </keywords>
   <keywords>
      <text FeatureID="-1">ogledovanje slik</text>
      <target FeatureID="-1" href="LCAM_HLP_POST_PHOTO.html">Ogled zajetih slik</target>
   </keywords>
   <keywords>
      <text FeatureID="true_132">zaporedni način</text>
      <target FeatureID="true_132" href="LCAM_HLP_POST_SEQ.html">Pregled zaporedno zajetih slik</target>
   </keywords>
</keywords>