<?xml version="1.0" encoding="UTF-8"?>
<keywords>
   <keywords>
      <text FeatureID="-1">kamera</text>
      <target FeatureID="-1" href="LCAM_HLP_VIEWFINDER_PHOTO.html">Snemanje slik</target>
      <target FeatureID="-1" href="LCAM_HLP_LIGHT_SENSITIVITY.html">Spreminjanje občutljivosti na svetlobo</target>
      <target FeatureID="-1" href="LCAM_HLP_SETTINGS_PHOUSER.html">Določanje scen</target>
      <target FeatureID="-1" href="LCAM_HLP_SCENES_PHOTO.html">Scene slike</target>
      <target FeatureID="-1" href="LCAM_HLP_VIEWFINDER_VIDEO.html">Snemanje video posnetkov</target>
      <target FeatureID="-1" href="LCAM_HLP_SCENES_VIDEO.html">Video scene</target>
      <target FeatureID="-1" href="LCAM_HLP_VIEWFINDER_VIDEO_EM.html">Videoposnetki v aplikacijah</target>
      <target FeatureID="-1" href="LCAM_HLP_STANDBY_EM.html">Kamera ni aktivna</target>
      <target FeatureID="-1" href="LCAM_HLP_POST_VIDEO.html">Predvajanje video posnetkov</target>
      <target FeatureID="-1" href="LCAM_HLP_POST_PHOTO.html">Ogled posnetih slik</target>
   </keywords>
   <keywords>
      <text FeatureID="-1">snemanje slik</text>
      <target FeatureID="-1" href="LCAM_HLP_VIEWFINDER_PHOTO.html">Snemanje slik</target>
   </keywords>
   <keywords>
      <text FeatureID="-1">občutljivost na svetlobo</text>
      <target FeatureID="-1" href="LCAM_HLP_LIGHT_SENSITIVITY.html">Spreminjanje občutljivosti na svetlobo</target>
   </keywords>
   <keywords>
      <text FeatureID="-1">scene</text>
      <target FeatureID="-1" href="LCAM_HLP_SETTINGS_PHOUSER.html">Določanje scen</target>
      <target FeatureID="-1" href="LCAM_HLP_SCENES_PHOTO.html">Scene slike</target>
   </keywords>
   <keywords>
      <text FeatureID="-1">nast. za kamero</text>
      <target FeatureID="-1" href="LCAM_HLP_SETTINGS.html">Nastavitve za kamero</target>
   </keywords>
   <keywords>
      <text FeatureID="-1">kamera, nastavitve</text>
      <target FeatureID="-1" href="LCAM_HLP_SETTINGS_PHOTO.html">Nastavitve slik</target>
      <target FeatureID="-1" href="LCAM_HLP_SETTINGS_VIDEO.html">Video nastavitve</target>
   </keywords>
   <keywords>
      <text FeatureID="-1">snemanje videa</text>
      <target FeatureID="-1" href="LCAM_HLP_VIEWFINDER_VIDEO.html">Snemanje video posnetkov</target>
   </keywords>
   <keywords>
      <text FeatureID="-1">video scene</text>
      <target FeatureID="-1" href="LCAM_HLP_SCENES_VIDEO.html">Video scene</target>
   </keywords>
   <keywords>
      <text FeatureID="-1">video, nastavitve</text>
      <target FeatureID="-1" href="LCAM_HLP_SETTINGS_VIDEO.html">Video nastavitve</target>
   </keywords>
   <keywords>
      <text FeatureID="-1">videoposnetki v aplikacijah</text>
      <target FeatureID="-1" href="LCAM_HLP_VIEWFINDER_VIDEO_EM.html">Videoposnetki v aplikacijah</target>
   </keywords>
   <keywords>
      <text FeatureID="-1">predvajanje video posnetkov</text>
      <target FeatureID="-1" href="LCAM_HLP_POST_VIDEO.html">Predvajanje video posnetkov</target>
   </keywords>
   <keywords>
      <text FeatureID="-1">kamera v aplikacijah</text>
      <target FeatureID="-1" href="LCAM_HLP_VIEWFINDER_PHOTO_EM.html">Slike v aplikacijah</target>
   </keywords>
   <keywords>
      <text FeatureID="-1">pregledovanje slik</text>
      <target FeatureID="-1" href="LCAM_HLP_POST_PHOTO.html">Ogled posnetih slik</target>
   </keywords>
</keywords>