<?xml version="1.0" encoding="UTF-8"?><?xml-stylesheet  href="../../theme/xsl/index2html.xslt" type="text/xsl"?>
<topics FeatureID="-1" title="Μηνύματα" compressed="true">
   <topicref FeatureID="-1" href="MCE_HLP_MESSAGING.html" navtitle="Κέντρο μηνυμάτων"/>
   <topicref FeatureID="-1" href="MCE_HLP_SIM.html" navtitle="Προβολή μηνυμάτων στη SIM"/>
   <topicref FeatureID="-1" href="MCE_HLP_SETTINGS.html" navtitle="Ρυθμίσεις μηνυμάτων"/>
   <topicref FeatureID="-1" href="MCE_HLP_SETTINGS_SMS.html" navtitle="Ρυθμίσεις σύντομων μηνυμάτων"/>
   <topicref FeatureID="-1" href="SMS_HLP_SETTINGS_SCENTRES.html" navtitle="Ρυθμ. κέντρ. μην. κειμ."/>
   <topicref FeatureID="-1" href="SMS_HLP_SETTINGS_SCENTRES_EDIT.html" navtitle="Επεξεργασία κέντρων μηνυμάτων κειμένου"/>
   <topicref FeatureID="true_1092" href="SMS_HLP_SETTINGS_SMS_EMAIL.html" navtitle="Ρυθμίσεις μηνυμάτων e-mail κειμένου"/>
   <topicref FeatureID="-1" href="MCE_HLP_SETTINGS_MMS.html" navtitle="Ρυθμίσεις μηνυμάτων multimedia"/>
   <topicref FeatureID="true_1090" href="MCE_HLP_SETTINGS_CB.html" navtitle="Ρυθμίσεις εκπομπής κυψέλης"/>
   <topicref FeatureID="-1" href="MCE_HLP_SETTINGS_GEN.html" navtitle="Άλλες ρυθμίσεις"/>
   <topicref FeatureID="-1" href="MCE_HLP_INBOX.html" navtitle="Εισερχόμενα"/>
   <topicref FeatureID="-1" href="MCE_HLP_DOCUMENTS.html" navtitle="Οι φάκελοί μου"/>
   <topicref FeatureID="-1" href="MCE_HLP_TEMPLATES.html" navtitle="Πρότυπα μηνυμάτων"/>
   <topicref FeatureID="-1" href="MCE_HLP_FOLDER.html" navtitle="Οργάνωση μηνυμάτων"/>
   <topicref FeatureID="-1" href="MCE_HLP_DRAFTS.html" navtitle="Πρόχειρα"/>
   <topicref FeatureID="-1" href="MCE_HLP_SENT_ITEMS.html" navtitle="Απεσταλμένα μηνύματα"/>
   <topicref FeatureID="-1" href="MCE_HLP_OUTBOX.html" navtitle="Εξερχόμενα"/>
   <topicref FeatureID="-1" href="MCE_HLP_DELIVERY_REPORTS.html" navtitle="Αναφορές παράδοσης"/>
   <topicref FeatureID="true_1132" href="MCE_HLP_MMS_NOTIFICATIONS.html" navtitle="Ειδοποιήσεις multimedia"/>
   <topicref FeatureID="-1" href="FIND_HLP.html" navtitle="Εύρεση αριθμών/ διευθύνσεων"/>
</topics>