<?xml version="1.0" encoding="UTF-8"?>
<keywords>
   <keywords>
      <text FeatureID="-1">αποστολή μηνυμάτων</text>
      <target FeatureID="-1" href="MCE_HLP_MESSAGING.html">Κέντρο μηνυμάτων</target>
      <target FeatureID="-1" href="MCE_HLP_OUTBOX.html">Εξερχόμενα</target>
   </keywords>
   <keywords>
      <text FeatureID="-1">λήψη μηνυμάτων</text>
      <target FeatureID="-1" href="MCE_HLP_MESSAGING.html">Κέντρο μηνυμάτων</target>
      <target FeatureID="-1" href="MCE_HLP_INBOX.html">Εισερχόμενα</target>
   </keywords>
   <keywords>
      <text FeatureID="-1">μηνύματα SIM</text>
      <target FeatureID="-1" href="MCE_HLP_SIM.html">Προβολή μηνυμάτων στη SIM</target>
   </keywords>
   <keywords>
      <text FeatureID="-1">μηνύμ. στην κάρτα SIM</text>
      <target FeatureID="-1" href="MCE_HLP_SIM.html">Προβολή μηνυμάτων στη SIM</target>
   </keywords>
   <keywords>
      <text FeatureID="-1">ρυθμίσεις μηνυμάτων</text>
      <target FeatureID="-1" href="MCE_HLP_SETTINGS.html">Ρυθμίσεις μηνυμάτων</target>
      <target FeatureID="-1" href="MCE_HLP_SETTINGS_GEN.html">Άλλες ρυθμίσεις</target>
   </keywords>
   <keywords>
      <text FeatureID="-1">ρυθμίσεις SMS</text>
      <target FeatureID="-1" href="MCE_HLP_SETTINGS_SMS.html">Ρυθμίσεις σύντομων μηνυμάτων</target>
   </keywords>
   <keywords>
      <text FeatureID="-1">ρυθμίσεις σύντομων μηνυμάτων</text>
      <target FeatureID="-1" href="MCE_HLP_SETTINGS_SMS.html">Ρυθμίσεις σύντομων μηνυμάτων</target>
      <target FeatureID="-1" href="SMS_HLP_SETTINGS_SCENTRES.html">Ρυθμ. κέντρ. μην. κειμ.</target>
      <target FeatureID="-1" href="SMS_HLP_SETTINGS_SCENTRES_EDIT.html">Επεξεργασία κέντρων μηνυμάτων κειμένου</target>
   </keywords>
   <keywords>
      <text FeatureID="-1">ρυθμίσεις κέντρων μηνυμάτων</text>
      <target FeatureID="-1" href="SMS_HLP_SETTINGS_SCENTRES.html">Ρυθμ. κέντρ. μην. κειμ.</target>
      <target FeatureID="-1" href="SMS_HLP_SETTINGS_SCENTRES_EDIT.html">Επεξεργασία κέντρων μηνυμάτων κειμένου</target>
   </keywords>
   <keywords>
      <text FeatureID="-1">ρυθμίσεις κέντρου SMS</text>
      <target FeatureID="-1" href="SMS_HLP_SETTINGS_SCENTRES.html">Ρυθμ. κέντρ. μην. κειμ.</target>
   </keywords>
   <keywords>
      <text FeatureID="true_1092">μήνύματα e-mail κειμένου</text>
      <target FeatureID="true_1092" href="SMS_HLP_SETTINGS_SMS_EMAIL.html">Ρυθμίσεις μηνυμάτων e-mail κειμένου</target>
   </keywords>
   <keywords>
      <text FeatureID="true_1092">ρυθμίσεις e-mail sms</text>
      <target FeatureID="true_1092" href="SMS_HLP_SETTINGS_SMS_EMAIL.html">Ρυθμίσεις μηνυμάτων e-mail κειμένου</target>
   </keywords>
   <keywords>
      <text FeatureID="-1">ρυθμίσεις mms</text>
      <target FeatureID="-1" href="MCE_HLP_SETTINGS_MMS.html">Ρυθμίσεις μηνυμάτων multimedia</target>
   </keywords>
   <keywords>
      <text FeatureID="true_1090">ρυθμίσεις εκπομπής κυψέλης</text>
      <target FeatureID="true_1090" href="MCE_HLP_SETTINGS_CB.html">Ρυθμίσεις εκπομπής κυψέλης</target>
   </keywords>
   <keywords>
      <text FeatureID="-1">εισερχόμενα</text>
      <target FeatureID="-1" href="MCE_HLP_INBOX.html">Εισερχόμενα</target>
   </keywords>
   <keywords>
      <text FeatureID="-1">οι φάκελοί μου</text>
      <target FeatureID="-1" href="MCE_HLP_DOCUMENTS.html">Οι φάκελοί μου</target>
   </keywords>
   <keywords>
      <text FeatureID="-1">αποθήκευση μηνυμάτων</text>
      <target FeatureID="-1" href="MCE_HLP_DOCUMENTS.html">Οι φάκελοί μου</target>
   </keywords>
   <keywords>
      <text FeatureID="-1">αποστολή προτύπων</text>
      <target FeatureID="-1" href="MCE_HLP_TEMPLATES.html">Πρότυπα μηνυμάτων</target>
   </keywords>
   <keywords>
      <text FeatureID="-1">πρότυπα μηνυμάτων</text>
      <target FeatureID="-1" href="MCE_HLP_TEMPLATES.html">Πρότυπα μηνυμάτων</target>
   </keywords>
   <keywords>
      <text FeatureID="-1">οργάνωση μηνυμάτων</text>
      <target FeatureID="-1" href="MCE_HLP_FOLDER.html">Οργάνωση μηνυμάτων</target>
   </keywords>
   <keywords>
      <text FeatureID="-1">αποθήκευση πρόχειρων μηνυμάτων</text>
      <target FeatureID="-1" href="MCE_HLP_DRAFTS.html">Πρόχειρα</target>
   </keywords>
   <keywords>
      <text FeatureID="-1">πρόχειρα μηνύματα</text>
      <target FeatureID="-1" href="MCE_HLP_DRAFTS.html">Πρόχειρα</target>
   </keywords>
   <keywords>
      <text FeatureID="-1">απεσταλμένα μηνύματα</text>
      <target FeatureID="-1" href="MCE_HLP_SENT_ITEMS.html">Απεσταλμένα μηνύματα</target>
   </keywords>
   <keywords>
      <text FeatureID="-1">προβολή εξερχομένων</text>
      <target FeatureID="-1" href="MCE_HLP_OUTBOX.html">Εξερχόμενα</target>
   </keywords>
   <keywords>
      <text FeatureID="-1">αναφορές παράδοσης</text>
      <target FeatureID="-1" href="MCE_HLP_DELIVERY_REPORTS.html">Αναφορές παράδοσης</target>
   </keywords>
   <keywords>
      <text FeatureID="true_1132">ειδοποιήσεις MMS</text>
      <target FeatureID="true_1132" href="MCE_HLP_MMS_NOTIFICATIONS.html">Ειδοποιήσεις multimedia</target>
   </keywords>
</keywords>