<?xml version="1.0" encoding="UTF-8"?>
<keywords>
   <keywords>
      <text FeatureID="-1">postcard</text>
      <target FeatureID="-1" href="MMS_POSTCARD_HLP_ADDRESS_EDIT.html">Adresų redagavimas</target>
      <target FeatureID="-1" href="POSTCARD_HLP_ADDRESS_VIEW.html">Adresų peržiūra</target>
      <target FeatureID="-1" href="POSTCARD_HLP_GREETING_EDIT.html">Sveikinimų rašymas</target>
      <target FeatureID="-1" href="POSTCARD_HLP_GREETING_VIEW.html">Sveikinimų peržiūra</target>
   </keywords>
   <keywords>
      <text FeatureID="-1">atvirukų siuntimas</text>
      <target FeatureID="-1" href="MMS_POSTCARD_HLP_ADDRESS_EDIT.html">Adresų redagavimas</target>
      <target FeatureID="-1" href="POSTCARD_HLP_GREETING_EDIT.html">Sveikinimų rašymas</target>
      <target FeatureID="-1" href="MMS_POSTCARD_HLP_MAIN_EDIT.html">Atvirukų kūrimas</target>
   </keywords>
   <keywords>
      <text FeatureID="-1">atvirukai</text>
      <target FeatureID="-1" href="MMS_POSTCARD_HLP_MAIN_VIEW.html">Atvirukų peržiūra</target>
   </keywords>
   <keywords>
      <text FeatureID="-1">atvirukas</text>
      <target FeatureID="-1" href="MMS_POSTCARD_HLP_MAIN_EDIT.html">Atvirukų kūrimas</target>
   </keywords>
</keywords>