<?xml version="1.0" encoding="UTF-8"?>
<keywords>
   <keywords>
      <text FeatureID="-1">chia sẻ video</text>
      <target FeatureID="true_208" href="MSH_HLP_LIVE.html">Chia sẻ video thực</target>
      <target FeatureID="-1" href="MSH_HLP_CLIP.html">Chia sẻ video clip</target>
      <target FeatureID="-1" href="MSH_HLP_SETTINGS.html">Cài đặt chia sẻ video</target>
      <target FeatureID="-1" href="MSH_HLP_RECEIVE.html">Xem video đã chia sẻ</target>
   </keywords>
</keywords>