<?xml version="1.0" encoding="UTF-8"?>
<keywords>
   <keywords>
      <text FeatureID="-1">skrz. poczt. połącz.</text>
      <target FeatureID="-1" href="SMSVO_HLP_MAIN_VIEW.html">Skrzynka poczty połączeń</target>
      <target FeatureID="true_298" href="SMSVO_HLP_CS_VIDEO_AND_XSP_VOIP.html">Skrzynka poczty połączeń głosowych, wideo oraz internetowych </target>
   </keywords>
   <keywords>
      <text FeatureID="-1">automat. sekretarka</text>
      <target FeatureID="-1" href="SMSVO_HLP_MAIN_VIEW.html">Skrzynka poczty połączeń</target>
      <target FeatureID="true_89" href="SMSVO_HLP_CS_AND_VIDEO.html">Skrzynka poczty połączeń i poczty wideo</target>
      <target FeatureID="true_298" href="SMSVO_HLP_CS_VIDEO_AND_XSP_VOIP.html">Skrzynka poczty połączeń głosowych, wideo oraz internetowych </target>
   </keywords>
   <keywords>
      <text FeatureID="true_89">skrz. pocz. wideo</text>
      <target FeatureID="true_89" href="SMSVO_HLP_CS_AND_VIDEO.html">Skrzynka poczty połączeń i poczty wideo</target>
   </keywords>
   <keywords>
      <text FeatureID="true_298">skrzynka poczty połączeń internetowych</text>
      <target FeatureID="true_298" href="SMSVO_HLP_CS_VIDEO_AND_XSP_VOIP.html">Skrzynka poczty połączeń głosowych, wideo oraz internetowych </target>
   </keywords>
</keywords>