<?xml version="1.0" encoding="UTF-8"?>
<keywords>
   <keywords>
      <text FeatureID="-1">transférer des messages</text>
      <target FeatureID="-1" href="MMS_HLP_MMS_FWD_REQUEST.html">Transférer des MMS</target>
   </keywords>
   <keywords>
      <text FeatureID="-1">MMS</text>
      <target FeatureID="-1" href="MMS_HLP_MMS_FWD_REQUEST_SEND.html">Demandes de transfert dans les éléments envoyés</target>
      <target FeatureID="-1" href="MMS_HLP_MMS_VIEWER.html">Afficher les MMS</target>
      <target FeatureID="-1" href="MMS_HLP_MMS_VIEWER.html">Afficher les MMS</target>
   </keywords>
   <keywords>
      <text FeatureID="-1">notifications de MMS</text>
      <target FeatureID="-1" href="MMS_HLP_NOTIFICATION_VIEWER.html">Notifications de MMS</target>
   </keywords>
   <keywords>
      <text FeatureID="-1">objets multimédias</text>
      <target FeatureID="-1" href="MMS_HLP_OBJECTS_VIEW_VIEWER.html">Afficher des objets multimédias</target>
      <target FeatureID="-1" href="MMS_HLP_OBJECTS_VIEW_VIEWER.html">Afficher des objets multimédias</target>
   </keywords>
</keywords>