<?xml version="1.0" encoding="UTF-8"?>
<keywords>
   <keywords>
      <text FeatureID="-1">ενημέρωση λογισμικού</text>
      <target FeatureID="-1" href="SWUPDATE_HLP_MAIN.html">Ενημέρωση λογισμικού</target>
      <target FeatureID="-1" href="SWUPDATE_HLP_MAIN.html">Ενημέρωση λογισμικού</target>
   </keywords>
   <keywords>
      <text FeatureID="-1">ρυθμίσεις ενημέρωσης λογισμικού</text>
      <target FeatureID="-1" href="SWUPDATE_HLP_SETTINGS.html">Ρυθμίσεις ενημέρωσης λογισμικού</target>
   </keywords>
</keywords>