<?xml version="1.0" encoding="UTF-8"?>
<keywords>
   <keywords>
      <text FeatureID="-1">ghi, âm thanh</text>
      <target FeatureID="-1" href="VOREC_HLP_EMPTY_RECORDER.html">Ghi một clip âm thanh</target>
   </keywords>
   <keywords>
      <text FeatureID="-1">máy ghi âm</text>
      <target FeatureID="-1" href="VOREC_HLP_MAIN.html">Sử dụng Máy ghi âm</target>
   </keywords>
   <keywords>
      <text FeatureID="-1">ghi clipâm thanh</text>
      <target FeatureID="-1" href="VOREC_HLP_MAIN.html">Sử dụng Máy ghi âm</target>
   </keywords>
   <keywords>
      <text FeatureID="-1">cài đặt máy ghi âm</text>
      <target FeatureID="-1" href="VOREC_HLP_SETTINGS.html">Cài đặt máy ghi âm</target>
   </keywords>
</keywords>