<?xml version="1.0" encoding="UTF-8"?>
<keywords>
   <keywords>
      <text FeatureID="-1">kur oranları</text>
      <target FeatureID="-1" href="CNV_HLP_RATES.html">Para birimi ayarları</target>
   </keywords>
   <keywords>
      <text FeatureID="-1">temel para birimi</text>
      <target FeatureID="-1" href="CNV_HLP_RATES.html">Para birimi ayarları</target>
   </keywords>
   <keywords>
      <text FeatureID="-1">para birimi dönüştürme</text>
      <target FeatureID="-1" href="CNV_HLP_RATES.html">Para birimi ayarları</target>
      <target FeatureID="-1" href="CNV_HLP_MAIN_STATE.html">Birim dönüştürme</target>
   </keywords>
   <keywords>
      <text FeatureID="-1">dönüştürücü</text>
      <target FeatureID="-1" href="CNV_HLP_MAIN_STATE.html">Birim dönüştürme</target>
   </keywords>
</keywords>