<?xml version="1.0" encoding="UTF-8"?>
<keywords>
   <keywords>
      <text FeatureID="-1">Bluetooth</text>
      <target FeatureID="-1" href="BT_HLP_MAIN.html">Bluetooth</target>
      <target FeatureID="-1" href="BT_HLP_BLOCKED.html">Geräte sperren</target>
   </keywords>
   <keywords>
      <text FeatureID="-1">Bluetooth Einstellungen</text>
      <target FeatureID="-1" href="BT_HLP_MAIN.html">Bluetooth</target>
   </keywords>
   <keywords>
      <text FeatureID="-1">Geräte koppeln</text>
      <target FeatureID="-1" href="BT_HLP_PAIRED.html">Geräte koppeln</target>
   </keywords>
   <keywords>
      <text FeatureID="-1">Bluetooth Funktechnik</text>
      <target FeatureID="-1" href="BT_HLP_PAIRED.html">Geräte koppeln</target>
   </keywords>
   <keywords>
      <text FeatureID="-1">gesperrte Geräte</text>
      <target FeatureID="-1" href="BT_HLP_BLOCKED.html">Geräte sperren</target>
   </keywords>
   <keywords>
      <text FeatureID="true_12">Funktastatur</text>
      <target FeatureID="true_12" href="BTKEYBOARD_HLP_SETTINGS.html">Funktastatur</target>
   </keywords>
</keywords>