<?xml version="1.0" encoding="UTF-8"?>
<keywords>
   <keywords>
      <text FeatureID="-1">décryptage, carte mémoire</text>
      <target FeatureID="-1" href="ES_HLP_ENCRYPTION_DECRYPT.html">Décrypter la carte mémoire</target>
   </keywords>
   <keywords>
      <text FeatureID="-1">cryptage, carte mémoire</text>
      <target FeatureID="-1" href="ES_HLP_ENCRYPTION_ENCRYPT.html">Crypter la carte mémoire</target>
   </keywords>
   <keywords>
      <text FeatureID="-1">cryptage, mémoire de l’appareil et carte mémoire</text>
      <target FeatureID="-1" href="ES_HLP_ENCRYPTION_MAIN.html">Crypter ou décrypter</target>
   </keywords>
   <keywords>
      <text FeatureID="-1">décryptage, mémoire de l’appareil et carte mémoire</text>
      <target FeatureID="-1" href="ES_HLP_ENCRYPTION_MAIN.html">Crypter ou décrypter</target>
   </keywords>
</keywords>