<?xml version="1.0" encoding="UTF-8"?>
<keywords>
   <keywords>
      <text FeatureID="-1">סינכרון</text>
      <target FeatureID="-1" href="DS_HLP_MAIN_VIEW.html">סינכרון נתונים</target>
   </keywords>
   <keywords>
      <text FeatureID="-1">פרופילי סינכרון</text>
      <target FeatureID="-1" href="DS_HLP_MAIN_VIEW.html">סינכרון נתונים</target>
   </keywords>
   <keywords>
      <text FeatureID="-1">הגדרות פרופיל סינכרון</text>
      <target FeatureID="-1" href="DS_HLP_SETTINGS.html">עריכת פרופילי סינכרון</target>
   </keywords>
   <keywords>
      <text FeatureID="-1">הגדרות סינכרון</text>
      <target FeatureID="-1" href="DS_HLP_SETTINGS_CAL.html">הגדרות סינכרון לוח השנה</target>
      <target FeatureID="-1" href="DS_HLP_SETTINGS_CNT.html">הגדרות סינכרון של אנשי קשר</target>
      <target FeatureID="-1" href="DS_HLP_SETTINGS_NOTES.html">הגדרות סינכרון הערות</target>
      <target FeatureID="-1" href="DS_HLP_SETTINGS_SMS.html">הגדרות סינכרון SMS</target>
      <target FeatureID="true_44" href="DS_HLP_SETTINGS_SYNCML.html">הגדרות סינכרון דואר אלקטרוני</target>
   </keywords>
</keywords>