<?xml version="1.0" encoding="UTF-8"?>
<keywords>
   <keywords>
      <text FeatureID="-1">klokke, alarmer</text>
      <target FeatureID="-1" href="CLK_HLP_ALARM_EDITOR.html">Redigering av klokkealarm</target>
      <target FeatureID="-1" href="CLK_HLP_REAL_TIME_CLOCK_IN.html">Hovedvisning for klokke</target>
   </keywords>
   <keywords>
      <text FeatureID="-1">alarmklokke</text>
      <target FeatureID="-1" href="CLK_HLP_ALARM_EDITOR.html">Redigering av klokkealarm</target>
      <target FeatureID="-1" href="CLK_HLP_REAL_TIME_CLOCK_IN.html">Hovedvisning for klokke</target>
   </keywords>
   <keywords>
      <text FeatureID="-1">klokke</text>
      <target FeatureID="-1" href="CLK_HLP_CNTDWN.html">Nedtellingstidtaker</target>
      <target FeatureID="-1" href="CLK_HLP_WRLD_CLK.html">Verdensur</target>
   </keywords>
   <keywords>
      <text FeatureID="-1">tidtakere</text>
      <target FeatureID="-1" href="CLK_HLP_CNTDWN.html">Nedtellingstidtaker</target>
   </keywords>
   <keywords>
      <text FeatureID="-1">dato- og klokkeslettinnstillinger</text>
      <target FeatureID="-1" href="CLK_HLP_SETTINGS.html">Dato- og klokkeslettinnstillinger</target>
   </keywords>
   <keywords>
      <text FeatureID="-1">klokkeinnstillinger</text>
      <target FeatureID="-1" href="CLK_HLP_SETTINGS.html">Dato- og klokkeslettinnstillinger</target>
   </keywords>
   <keywords>
      <text FeatureID="-1">klokke, tidssoner</text>
      <target FeatureID="-1" href="CLK_HLP_REAL_TIME_CLOCK_AN.html">Lokaltid</target>
   </keywords>
   <keywords>
      <text FeatureID="-1">lokaltid og tidssone</text>
      <target FeatureID="-1" href="CLK_HLP_REAL_TIME_CLOCK_AN.html">Lokaltid</target>
   </keywords>
   <keywords>
      <text FeatureID="-1">stoppeklokke</text>
      <target FeatureID="-1" href="CCLK_HLP_STPWTCH.html">Stoppeklokke</target>
   </keywords>
   <keywords>
      <text FeatureID="-1">stedsklokker</text>
      <target FeatureID="-1" href="CLK_HLP_WRLD_CLK.html">Verdensur</target>
   </keywords>
   <keywords>
      <text FeatureID="-1">verdensur</text>
      <target FeatureID="-1" href="CLK_HLP_WRLD_CLK.html">Verdensur</target>
   </keywords>
</keywords>