<?xml version="1.0" encoding="UTF-8"?>
<keywords>
   <keywords>
      <text FeatureID="true_1091">USSD 편집기</text>
      <target FeatureID="true_1091" href="USSD_HLP_EDITOR.html">서비스 명령</target>
   </keywords>
   <keywords>
      <text FeatureID="true_1091">서비스 명령</text>
      <target FeatureID="true_1091" href="USSD_HLP_EDITOR.html">서비스 명령</target>
   </keywords>
   <keywords>
      <text FeatureID="true_1091">네트워크 서비스</text>
      <target FeatureID="true_1091" href="USSD_HLP_EDITOR.html">서비스 명령</target>
   </keywords>
</keywords>