<?xml version="1.0" encoding="UTF-8"?>
<keywords>
   <keywords>
      <text FeatureID="-1">текстові повідомлення</text>
      <target FeatureID="-1" href="SMS_HLP_VIEWER.html">Читання текстових повідомлень</target>
   </keywords>
   <keywords>
      <text FeatureID="-1">Програма перегляду SMS</text>
      <target FeatureID="-1" href="SMS_HLP_VIEWER.html">Читання текстових повідомлень</target>
   </keywords>
</keywords>