<?xml version="1.0" encoding="UTF-8"?><?xml-stylesheet  href="../../theme/xsl/index2html.xslt" type="text/xsl"?>
<topics FeatureID="-1" title="Web" compressed="true">
   <topicref FeatureID="-1" href="OSS_HLP_BM_ADDBM.html" navtitle="Grāmatzīmju pievienošana"/>
   <topicref FeatureID="true_167" href="OSS_HLP_RSS_ADD.html" navtitle="Web plūsmu pievienošana"/>
   <topicref FeatureID="-1" href="OSS_HLP_PAGEVIEW.html" navtitle="Web pārlūkošana"/>
   <topicref FeatureID="-1" href="OSS_HLP_BM_MAIN.html" navtitle="Grāmatzīmju pārlūkošana"/>
   <topicref FeatureID="-1" href="OSS_HLP_BM_EDIT.html" navtitle="Grāmatzīmju rediģēšana"/>
   <topicref FeatureID="true_167" href="OSS_HLP_RSS_EDIT.html" navtitle="Web plūsmu rediģēšana"/>
   <topicref FeatureID="-1" href="OSS_HLP_SETTINGS_GENERAL.html" navtitle="Vispārīgie uzstādījumi"/>
   <topicref FeatureID="-1" href="OSS_HLP_SETTINGS_PAGE.html" navtitle="Lapas uzstādījumi"/>
   <topicref FeatureID="-1" href="OSS_HLP_SETTINGS_PRIVACY.html" navtitle="Konfidencialitātes uzstādījumi"/>
   <topicref FeatureID="true_167" href="OSS_HLP_RSS_ARTICLE.html" navtitle="Web plūsmu raksti"/>
   <topicref FeatureID="true_167" href="OSS_HLP_SETTINGS_RSS.html" navtitle="Web plūsmu uzstādījumi"/>
   <topicref FeatureID="true_167" href="OSS_HLP_RSS_ARTICLELST.html" navtitle="Web plūsmas"/>
   <topicref FeatureID="-1" href="OSS_HLP_PAGEVIEW_EMBED.html" navtitle="Web programmās"/>
   <topicref FeatureID="-1" href="OSS_HLP_SETTINGS_FOLDERS.html" navtitle="Web uzstādījumi"/>
   <topicref FeatureID="true_167" href="OSS_HLP_RSS_MAIN.html" navtitle="Web plūsmas un dienasgrāmatas"/>
   <topicref FeatureID="false_410" href="OSS_HLP_SHORTCUTS.html" navtitle="Rīkjoslas īsceļi"/>
   <topicref FeatureID="false_410" href="OSS_HLP_KEYPAD.html" navtitle="Tastatūras īsceļi"/>
</topics>