<?xml version="1.0" encoding="UTF-8"?>
<keywords>
   <keywords>
      <text FeatureID="-1">grāmatzīmes</text>
      <target FeatureID="-1" href="OSS_HLP_BM_ADDBM.html">Grāmatzīmju pievienošana</target>
   </keywords>
   <keywords>
      <text FeatureID="-1">pārlūka grāmatzīmes</text>
      <target FeatureID="-1" href="OSS_HLP_BM_ADDBM.html">Grāmatzīmju pievienošana</target>
      <target FeatureID="-1" href="OSS_HLP_BM_MAIN.html">Grāmatzīmju pārlūkošana</target>
   </keywords>
   <keywords>
      <text FeatureID="-1">Web</text>
      <target FeatureID="-1" href="OSS_HLP_BM_ADDBM.html">Grāmatzīmju pievienošana</target>
      <target FeatureID="true_167" href="OSS_HLP_RSS_ADD.html">Web plūsmu pievienošana</target>
      <target FeatureID="-1" href="OSS_HLP_PAGEVIEW.html">Web pārlūkošana</target>
      <target FeatureID="true_167" href="OSS_HLP_RSS_EDIT.html">Web plūsmu rediģēšana</target>
      <target FeatureID="true_167" href="OSS_HLP_RSS_ARTICLE.html">Web plūsmu raksti</target>
      <target FeatureID="true_167" href="OSS_HLP_RSS_ARTICLELST.html">Web plūsmas</target>
      <target FeatureID="true_167" href="OSS_HLP_RSS_MAIN.html">Web plūsmas un dienasgrāmatas</target>
   </keywords>
   <keywords>
      <text FeatureID="true_167">plūsmas</text>
      <target FeatureID="true_167" href="OSS_HLP_RSS_ADD.html">Web plūsmu pievienošana</target>
      <target FeatureID="true_167" href="OSS_HLP_RSS_EDIT.html">Web plūsmu rediģēšana</target>
      <target FeatureID="true_167" href="OSS_HLP_RSS_ARTICLE.html">Web plūsmu raksti</target>
      <target FeatureID="true_167" href="OSS_HLP_RSS_ARTICLELST.html">Web plūsmas</target>
      <target FeatureID="true_167" href="OSS_HLP_RSS_MAIN.html">Web plūsmas un dienasgrāmatas</target>
   </keywords>
   <keywords>
      <text FeatureID="true_167">RSS plūsmas</text>
      <target FeatureID="true_167" href="OSS_HLP_RSS_ADD.html">Web plūsmu pievienošana</target>
      <target FeatureID="true_167" href="OSS_HLP_RSS_ARTICLE.html">Web plūsmu raksti</target>
      <target FeatureID="true_167" href="OSS_HLP_RSS_ARTICLELST.html">Web plūsmas</target>
      <target FeatureID="true_167" href="OSS_HLP_RSS_MAIN.html">Web plūsmas un dienasgrāmatas</target>
   </keywords>
   <keywords>
      <text FeatureID="true_167">ziņas un dienasgrāmatas</text>
      <target FeatureID="true_167" href="OSS_HLP_RSS_ADD.html">Web plūsmu pievienošana</target>
      <target FeatureID="true_167" href="OSS_HLP_RSS_EDIT.html">Web plūsmu rediģēšana</target>
      <target FeatureID="true_167" href="OSS_HLP_RSS_ARTICLE.html">Web plūsmu raksti</target>
      <target FeatureID="true_167" href="OSS_HLP_RSS_ARTICLELST.html">Web plūsmas</target>
      <target FeatureID="true_167" href="OSS_HLP_RSS_MAIN.html">Web plūsmas un dienasgrāmatas</target>
   </keywords>
   <keywords>
      <text FeatureID="true_167">dienasgrāmatas</text>
      <target FeatureID="true_167" href="OSS_HLP_RSS_ADD.html">Web plūsmu pievienošana</target>
      <target FeatureID="true_167" href="OSS_HLP_RSS_EDIT.html">Web plūsmu rediģēšana</target>
      <target FeatureID="true_167" href="OSS_HLP_RSS_ARTICLE.html">Web plūsmu raksti</target>
      <target FeatureID="true_167" href="OSS_HLP_RSS_ARTICLELST.html">Web plūsmas</target>
      <target FeatureID="true_167" href="OSS_HLP_RSS_MAIN.html">Web plūsmas un dienasgrāmatas</target>
   </keywords>
   <keywords>
      <text FeatureID="-1">lapu pārlūkošana</text>
      <target FeatureID="-1" href="OSS_HLP_PAGEVIEW.html">Web pārlūkošana</target>
   </keywords>
   <keywords>
      <text FeatureID="-1">grāmatzīmju atvēršana</text>
      <target FeatureID="-1" href="OSS_HLP_BM_MAIN.html">Grāmatzīmju pārlūkošana</target>
   </keywords>
   <keywords>
      <text FeatureID="true_167">rss plūsmas</text>
      <target FeatureID="true_167" href="OSS_HLP_RSS_EDIT.html">Web plūsmu rediģēšana</target>
   </keywords>
   <keywords>
      <text FeatureID="-1">pārlūka uzstādījumi</text>
      <target FeatureID="-1" href="OSS_HLP_SETTINGS_GENERAL.html">Vispārīgie uzstādījumi</target>
      <target FeatureID="-1" href="OSS_HLP_SETTINGS_PAGE.html">Lapas uzstādījumi</target>
      <target FeatureID="-1" href="OSS_HLP_SETTINGS_PRIVACY.html">Konfidencialitātes uzstādījumi</target>
      <target FeatureID="true_167" href="OSS_HLP_SETTINGS_RSS.html">Web plūsmu uzstādījumi</target>
      <target FeatureID="-1" href="OSS_HLP_SETTINGS_FOLDERS.html">Web uzstādījumi</target>
      <target FeatureID="false_410" href="OSS_HLP_SHORTCUTS.html">Rīkjoslas īsceļi</target>
   </keywords>
   <keywords>
      <text FeatureID="-1">Web uzstādījumi</text>
      <target FeatureID="-1" href="OSS_HLP_SETTINGS_GENERAL.html">Vispārīgie uzstādījumi</target>
      <target FeatureID="-1" href="OSS_HLP_SETTINGS_PAGE.html">Lapas uzstādījumi</target>
      <target FeatureID="-1" href="OSS_HLP_SETTINGS_PAGE.html">Lapas uzstādījumi</target>
      <target FeatureID="-1" href="OSS_HLP_SETTINGS_PRIVACY.html">Konfidencialitātes uzstādījumi</target>
      <target FeatureID="true_167" href="OSS_HLP_SETTINGS_RSS.html">Web plūsmu uzstādījumi</target>
      <target FeatureID="-1" href="OSS_HLP_SETTINGS_FOLDERS.html">Web uzstādījumi</target>
      <target FeatureID="-1" href="OSS_HLP_SETTINGS_FOLDERS.html">Web uzstādījumi</target>
      <target FeatureID="false_410" href="OSS_HLP_SHORTCUTS.html">Rīkjoslas īsceļi</target>
   </keywords>
   <keywords>
      <text FeatureID="-1">konfidencialitātes uzstādījumi</text>
      <target FeatureID="-1" href="OSS_HLP_SETTINGS_PRIVACY.html">Konfidencialitātes uzstādījumi</target>
   </keywords>
   <keywords>
      <text FeatureID="true_167">Web uzstādīšana</text>
      <target FeatureID="true_167" href="OSS_HLP_SETTINGS_RSS.html">Web plūsmu uzstādījumi</target>
   </keywords>
   <keywords>
      <text FeatureID="-1">konkrētas lapas atvēršana</text>
      <target FeatureID="-1" href="OSS_HLP_PAGEVIEW_EMBED.html">Web programmās</target>
   </keywords>
   <keywords>
      <text FeatureID="-1">Web programmās</text>
      <target FeatureID="-1" href="OSS_HLP_PAGEVIEW_EMBED.html">Web programmās</target>
   </keywords>
</keywords>