<?xml version="1.0" encoding="UTF-8"?>
<keywords>
   <keywords>
      <text FeatureID="-1">frequenze preimpostate, modifica</text>
      <target FeatureID="-1" href="EQ_HLP_EDITING_VIEW.html">Modificare frequenze preimpostate</target>
   </keywords>
   <keywords>
      <text FeatureID="-1">equalizzatore</text>
      <target FeatureID="-1" href="EQ_HLP_LIST_VIEW.html">Frequenze preimpostate</target>
   </keywords>
   <keywords>
      <text FeatureID="-1">bande di frequenza</text>
      <target FeatureID="-1" href="EQ_HLP_LIST_VIEW.html">Frequenze preimpostate</target>
   </keywords>
   <keywords>
      <text FeatureID="-1">selezione delle frequenze preimpostate</text>
      <target FeatureID="-1" href="EQ_HLP_LIST_VIEW.html">Frequenze preimpostate</target>
   </keywords>
</keywords>