<?xml version="1.0" encoding="UTF-8"?>
<keywords>
   <keywords>
      <text FeatureID="-1">汇率</text>
      <target FeatureID="-1" href="CNV_HLP_RATES.html">货币设置</target>
   </keywords>
   <keywords>
      <text FeatureID="-1">基本货币</text>
      <target FeatureID="-1" href="CNV_HLP_RATES.html">货币设置</target>
   </keywords>
   <keywords>
      <text FeatureID="-1">货币换算</text>
      <target FeatureID="-1" href="CNV_HLP_RATES.html">货币设置</target>
   </keywords>
   <keywords>
      <text FeatureID="-1">单位换算</text>
      <target FeatureID="-1" href="CNV_HLP_MAIN_STATE.html">换算单位</target>
   </keywords>
   <keywords>
      <text FeatureID="-1">换算货币</text>
      <target FeatureID="-1" href="CNV_HLP_MAIN_STATE.html">换算单位</target>
   </keywords>
</keywords>