<?xml version="1.0" encoding="UTF-8"?>
<keywords>
   <keywords>
      <text FeatureID="-1">gravación, sons</text>
      <target FeatureID="-1" href="VOREC_HLP_EMPTY_RECORDER.html">Gravación de clips de son</target>
   </keywords>
   <keywords>
      <text FeatureID="-1">gravadora de voz</text>
      <target FeatureID="-1" href="VOREC_HLP_MAIN.html">Uso da gravadora de voz</target>
   </keywords>
   <keywords>
      <text FeatureID="-1">gravación de clips de son</text>
      <target FeatureID="-1" href="VOREC_HLP_MAIN.html">Uso da gravadora de voz</target>
   </keywords>
   <keywords>
      <text FeatureID="-1">axustes da gravadora de voz</text>
      <target FeatureID="-1" href="VOREC_HLP_SETTINGS.html">Axustes da gravadora de voz</target>
   </keywords>
</keywords>