<?xml version="1.0" encoding="UTF-8"?>
<keywords>
   <keywords>
      <text FeatureID="-1">GPS datuak</text>
      <target FeatureID="-1" href="HLP_BLID_NAVIGATION.html">Nabigazioaren ikuspegia</target>
      <target FeatureID="false_112" href="BLID_HLP_WAYPOINTS.html">Gordetako kokapenak</target>
      <target FeatureID="-1" href="HLP_BLID_TRIPMETER.html">Bidaiaren distantziaren ikuspegia</target>
   </keywords>
   <keywords>
      <text FeatureID="-1">helmugara nabigatzea</text>
      <target FeatureID="-1" href="HLP_BLID_NAVIGATION.html">Nabigazioaren ikuspegia</target>
   </keywords>
   <keywords>
      <text FeatureID="false_112">kokapenak gorde</text>
      <target FeatureID="false_112" href="BLID_HLP_WAYPOINTS.html">Gordetako kokapenak</target>
   </keywords>
   <keywords>
      <text FeatureID="-1">nabigatzailearen ezarpenak</text>
      <target FeatureID="-1" href="BLID_HLP_SETTINGS.html">GPSaren datuen ezarpenak</target>
   </keywords>
   <keywords>
      <text FeatureID="-1">GPSaren datuen ezarpenak</text>
      <target FeatureID="-1" href="BLID_HLP_SETTINGS.html">GPSaren datuen ezarpenak</target>
   </keywords>
   <keywords>
      <text FeatureID="-1">bidaiaren informazioa</text>
      <target FeatureID="-1" href="HLP_BLID_TRIPMETER.html">Bidaiaren distantziaren ikuspegia</target>
   </keywords>
   <keywords>
      <text FeatureID="-1">bidaiatzeko informazioa</text>
      <target FeatureID="-1" href="HLP_BLID_TRIPMETER.html">Bidaiaren distantziaren ikuspegia</target>
   </keywords>
</keywords>