<?xml version="1.0" encoding="UTF-8"?>
<keywords>
   <keywords>
      <text FeatureID="-1">marcadores</text>
      <target FeatureID="-1" href="OSS_HLP_BM_ADDBM.html">Adic. marcadores</target>
      <target FeatureID="-1" href="OSS_HLP_BM_MAIN.html">Navegar por marcadores</target>
      <target FeatureID="-1" href="OSS_HLP_BM_EDIT.html">Editar marcadores</target>
   </keywords>
   <keywords>
      <text FeatureID="-1">marcadores browser</text>
      <target FeatureID="-1" href="OSS_HLP_BM_ADDBM.html">Adic. marcadores</target>
      <target FeatureID="-1" href="OSS_HLP_BM_EDIT.html">Editar marcadores</target>
   </keywords>
   <keywords>
      <text FeatureID="-1">web</text>
      <target FeatureID="-1" href="OSS_HLP_BM_ADDBM.html">Adic. marcadores</target>
      <target FeatureID="true_167" href="OSS_HLP_RSS_ADD.html">Adic. feeds web</target>
      <target FeatureID="-1" href="OSS_HLP_PAGEVIEW.html">Navegar na web</target>
      <target FeatureID="-1" href="OSS_HLP_BM_EDIT.html">Editar marcadores</target>
      <target FeatureID="true_167" href="OSS_HLP_RSS_EDIT.html">Editar feeds da web</target>
      <target FeatureID="true_167" href="OSS_HLP_RSS_ARTICLE.html">Artigos feeds web</target>
      <target FeatureID="true_167" href="OSS_HLP_RSS_ARTICLELST.html">Web feeds</target>
      <target FeatureID="true_167" href="OSS_HLP_RSS_MAIN.html">Web feeds e blogs</target>
   </keywords>
   <keywords>
      <text FeatureID="true_167">feeds</text>
      <target FeatureID="true_167" href="OSS_HLP_RSS_ADD.html">Adic. feeds web</target>
      <target FeatureID="true_167" href="OSS_HLP_RSS_EDIT.html">Editar feeds da web</target>
      <target FeatureID="true_167" href="OSS_HLP_RSS_ARTICLE.html">Artigos feeds web</target>
      <target FeatureID="true_167" href="OSS_HLP_RSS_ARTICLELST.html">Web feeds</target>
      <target FeatureID="true_167" href="OSS_HLP_RSS_MAIN.html">Web feeds e blogs</target>
   </keywords>
   <keywords>
      <text FeatureID="true_167">feeds RSS</text>
      <target FeatureID="true_167" href="OSS_HLP_RSS_ADD.html">Adic. feeds web</target>
      <target FeatureID="true_167" href="OSS_HLP_RSS_ARTICLE.html">Artigos feeds web</target>
      <target FeatureID="true_167" href="OSS_HLP_RSS_ARTICLELST.html">Web feeds</target>
      <target FeatureID="true_167" href="OSS_HLP_RSS_MAIN.html">Web feeds e blogs</target>
   </keywords>
   <keywords>
      <text FeatureID="true_167">notícias e blogs</text>
      <target FeatureID="true_167" href="OSS_HLP_RSS_ADD.html">Adic. feeds web</target>
      <target FeatureID="true_167" href="OSS_HLP_RSS_EDIT.html">Editar feeds da web</target>
      <target FeatureID="true_167" href="OSS_HLP_RSS_ARTICLE.html">Artigos feeds web</target>
      <target FeatureID="true_167" href="OSS_HLP_RSS_ARTICLELST.html">Web feeds</target>
      <target FeatureID="true_167" href="OSS_HLP_RSS_MAIN.html">Web feeds e blogs</target>
   </keywords>
   <keywords>
      <text FeatureID="true_167">blogs</text>
      <target FeatureID="true_167" href="OSS_HLP_RSS_ADD.html">Adic. feeds web</target>
      <target FeatureID="true_167" href="OSS_HLP_RSS_EDIT.html">Editar feeds da web</target>
      <target FeatureID="true_167" href="OSS_HLP_RSS_ARTICLE.html">Artigos feeds web</target>
      <target FeatureID="true_167" href="OSS_HLP_RSS_ARTICLELST.html">Web feeds</target>
      <target FeatureID="true_167" href="OSS_HLP_RSS_MAIN.html">Web feeds e blogs</target>
   </keywords>
   <keywords>
      <text FeatureID="-1">navegar páginas</text>
      <target FeatureID="-1" href="OSS_HLP_PAGEVIEW.html">Navegar na web</target>
   </keywords>
   <keywords>
      <text FeatureID="-1">browser</text>
      <target FeatureID="-1" href="OSS_HLP_BM_MAIN.html">Navegar por marcadores</target>
   </keywords>
   <keywords>
      <text FeatureID="true_167">feeds rss</text>
      <target FeatureID="true_167" href="OSS_HLP_RSS_EDIT.html">Editar feeds da web</target>
   </keywords>
   <keywords>
      <text FeatureID="-1">configurações do browser</text>
      <target FeatureID="-1" href="OSS_HLP_SETTINGS_GENERAL.html">Configurações gerais</target>
      <target FeatureID="-1" href="OSS_HLP_SETTINGS_PAGE.html">Configurações de página</target>
      <target FeatureID="-1" href="OSS_HLP_SETTINGS_PRIVACY.html">Configurações de privacidade</target>
      <target FeatureID="true_167" href="OSS_HLP_SETTINGS_RSS.html">Configurações de feeds da Web</target>
      <target FeatureID="-1" href="OSS_HLP_SETTINGS_FOLDERS.html">Configurações web</target>
      <target FeatureID="false_410" href="OSS_HLP_KEYPAD.html">Atalhos de teclado</target>
   </keywords>
   <keywords>
      <text FeatureID="-1">configurações da web</text>
      <target FeatureID="-1" href="OSS_HLP_SETTINGS_GENERAL.html">Configurações gerais</target>
      <target FeatureID="-1" href="OSS_HLP_SETTINGS_PAGE.html">Configurações de página</target>
      <target FeatureID="-1" href="OSS_HLP_SETTINGS_PRIVACY.html">Configurações de privacidade</target>
      <target FeatureID="-1" href="OSS_HLP_SETTINGS_FOLDERS.html">Configurações web</target>
      <target FeatureID="false_410" href="OSS_HLP_KEYPAD.html">Atalhos de teclado</target>
   </keywords>
   <keywords>
      <text FeatureID="-1">configurando para web</text>
      <target FeatureID="-1" href="OSS_HLP_SETTINGS_PAGE.html">Configurações de página</target>
      <target FeatureID="-1" href="OSS_HLP_SETTINGS_FOLDERS.html">Configurações web</target>
   </keywords>
   <keywords>
      <text FeatureID="-1">configurações de privacidade</text>
      <target FeatureID="-1" href="OSS_HLP_SETTINGS_PRIVACY.html">Configurações de privacidade</target>
   </keywords>
   <keywords>
      <text FeatureID="true_167">configurar para a Web</text>
      <target FeatureID="true_167" href="OSS_HLP_SETTINGS_RSS.html">Configurações de feeds da Web</target>
   </keywords>
   <keywords>
      <text FeatureID="true_167">configurações da Web</text>
      <target FeatureID="true_167" href="OSS_HLP_SETTINGS_RSS.html">Configurações de feeds da Web</target>
   </keywords>
   <keywords>
      <text FeatureID="-1">abrir página específica</text>
      <target FeatureID="-1" href="OSS_HLP_PAGEVIEW_EMBED.html">Web em aplicativos</target>
   </keywords>
   <keywords>
      <text FeatureID="-1">web em aplicativos</text>
      <target FeatureID="-1" href="OSS_HLP_PAGEVIEW_EMBED.html">Web em aplicativos</target>
   </keywords>
   <keywords>
      <text FeatureID="false_410">config. navegador</text>
      <target FeatureID="false_410" href="OSS_HLP_SHORTCUTS.html">Atalhos da barra de ferramentas</target>
   </keywords>
   <keywords>
      <text FeatureID="false_410">configurações web</text>
      <target FeatureID="false_410" href="OSS_HLP_SHORTCUTS.html">Atalhos da barra de ferramentas</target>
   </keywords>
</keywords>