<?xml version="1.0" encoding="UTF-8"?>
<keywords>
   <keywords>
      <text FeatureID="-1">장치 관리자</text>
      <target FeatureID="-1" href="DM_HLP_MAIN_VIEW.html">장치 소프트웨어</target>
      <target FeatureID="-1" href="FOTA_HLP_SETTINGS.html">소프트웨어 업데이트 설정</target>
      <target FeatureID="-1" href="DM_HLP_SETTINGS.html">서버 프로필 설정</target>
      <target FeatureID="-1" href="DM_HLP_SERVERS_VIEW.html">원격 구성</target>
   </keywords>
   <keywords>
      <text FeatureID="-1">구성 설정</text>
      <target FeatureID="-1" href="DM_HLP_MAIN_VIEW.html">장치 소프트웨어</target>
   </keywords>
   <keywords>
      <text FeatureID="-1">소프트웨어 업데이트 설정</text>
      <target FeatureID="-1" href="FOTA_HLP_SETTINGS.html">소프트웨어 업데이트 설정</target>
   </keywords>
   <keywords>
      <text FeatureID="-1">서버 프로필 설정</text>
      <target FeatureID="-1" href="DM_HLP_SETTINGS.html">서버 프로필 설정</target>
   </keywords>
   <keywords>
      <text FeatureID="-1">원격 구성</text>
      <target FeatureID="-1" href="DM_HLP_SERVERS_VIEW.html">원격 구성</target>
   </keywords>
</keywords>