<?xml version="1.0" encoding="UTF-8"?>
<keywords>
   <keywords>
      <text FeatureID="-1">kalendarz</text>
      <target FeatureID="-1" href="CALE_HLP_NOTE_VIEWER.html">Pozycje kalendarza</target>
      <target FeatureID="-1" href="CALE_HLP_DAY_VIEW.html">Widok dnia</target>
      <target FeatureID="-1" href="CALE_HLP_NOTE_MEETING.html">Pozycje spotkań</target>
      <target FeatureID="-1" href="CALE_HLP_MONTH_VIEW.html">Widok miesiąca</target>
      <target FeatureID="-1" href="CALE_HLP_TODO_NOTE.html">Pozycje zadań</target>
      <target FeatureID="-1" href="CALE_HLP_TODO_VIEW.html">Widok zadań</target>
      <target FeatureID="-1" href="CALE_HLP_WEEK_VIEW.html">Widok tygodnia</target>
      <target FeatureID="-1" href="CALE_HLP_CALENDAR_DATABASE_SETTINGS.html">Ustawienia wielu kalendarzy</target>
      <target FeatureID="-1" href="CALE_HLP_CALE_MAN_VIEW.html">Widok zarządzania kalendarzami</target>
      <target FeatureID="-1" href="CALE_HLP_ATTACH_VIEW.html">Widok załączników</target>
      <target FeatureID="-1" href="CALE_HLP_MAV.html">Widok Zaległe alarmy</target>
   </keywords>
   <keywords>
      <text FeatureID="-1">spotkania</text>
      <target FeatureID="-1" href="CALE_HLP_NOTE_VIEWER.html">Pozycje kalendarza</target>
      <target FeatureID="-1" href="CALE_HLP_NOTE_MEETING.html">Pozycje spotkań</target>
   </keywords>
   <keywords>
      <text FeatureID="-1">notatki o zadaniach</text>
      <target FeatureID="-1" href="CALE_HLP_NOTE_VIEWER.html">Pozycje kalendarza</target>
      <target FeatureID="-1" href="CALE_HLP_TODO_NOTE.html">Pozycje zadań</target>
   </keywords>
   <keywords>
      <text FeatureID="-1">ustawienia kalendarza</text>
      <target FeatureID="-1" href="CALE_HLP_SETTINGS.html">Ustawienia kalendarza</target>
   </keywords>
   <keywords>
      <text FeatureID="-1">lista spraw</text>
      <target FeatureID="-1" href="CALE_HLP_TODO_VIEW.html">Widok zadań</target>
   </keywords>
   <keywords>
      <text FeatureID="-1">ustawienia, kalendarz</text>
      <target FeatureID="-1" href="CALE_HLP_CALENDAR_DATABASE_SETTINGS.html">Ustawienia wielu kalendarzy</target>
   </keywords>
   <keywords>
      <text FeatureID="-1">załączniki</text>
      <target FeatureID="-1" href="CALE_HLP_ATTACH_VIEW.html">Widok załączników</target>
   </keywords>
   <keywords>
      <text FeatureID="-1">alarmy, notatka kalendarza</text>
      <target FeatureID="-1" href="CALE_HLP_MAV.html">Widok Zaległe alarmy</target>
   </keywords>
</keywords>