<?xml version="1.0" encoding="UTF-8"?>
<keywords>
   <keywords>
      <text FeatureID="-1">Argazkiak</text>
      <target FeatureID="-1" href="LGAL_HLP_ALBUM_LIST.html">Albumak</target>
      <target FeatureID="-1" href="LGAL_HLP_ALL_GRID.html">Multimedia artxibo guztiak bilatu</target>
      <target FeatureID="-1" href="LGAL_HLP_ALBUM_GRID.html">Arakatu albumetako multimedia-fitxategiak</target>
      <target FeatureID="-1" href="LGAL_HLP_TAGS_GRID.html">Etiketak dituzten multimedia fitxategiak arakatzea</target>
      <target FeatureID="-1" href="LGAL_HLP_DETAILS_VIEW.html">Fitxategien xehetasunak ikustea eta editatzea</target>
      <target FeatureID="-1" href="LGAL_HLP_TAGS_BROWSER.html">Etiketak</target>
      <target FeatureID="-1" href="LGAL_HLP_MONTH_FULLSCREEN.html">Ikusi multimedia fitxategiak hilabetearen arabera</target>
      <target FeatureID="-1" href="LGAL_HLP_MONTH_GRID.html">Multimedia fitxategiak hilabetearen arabera arakatzea</target>
      <target FeatureID="-1" href="LGAL_HLP_VIEW_LIST.html">Argazkiak</target>
      <target FeatureID="-1" href="LGAL_HLP_MONTH_LIST.html">Hilabeteak</target>
      <target FeatureID="-1" href="LGAL_HLP_SLIDESHOW_SETTINGS.html">Aurkezpenen ezarpenak</target>
      <target FeatureID="-1" href="LGAL_HLP_ALL_FULLSCREEN.html">Multimedia artxibo guztiak ikusi</target>
      <target FeatureID="-1" href="LGAL_HLP_ALBUM_FULLSCREEN.html">Multimedia fitxategiak albumetan ikustea</target>
      <target FeatureID="-1" href="LGAL_HLP_TAGS_FULLSCREEN.html">Etiketak dituzten multimedia fitxategiak ikustea</target>
   </keywords>
   <keywords>
      <text FeatureID="-1">albumak</text>
      <target FeatureID="-1" href="LGAL_HLP_ALBUM_LIST.html">Albumak</target>
      <target FeatureID="-1" href="LGAL_HLP_ALBUM_GRID.html">Arakatu albumetako multimedia-fitxategiak</target>
      <target FeatureID="-1" href="LGAL_HLP_VIEW_LIST.html">Argazkiak</target>
      <target FeatureID="-1" href="LGAL_HLP_ALBUM_FULLSCREEN.html">Multimedia fitxategiak albumetan ikustea</target>
   </keywords>
   <keywords>
      <text FeatureID="-1">etiketak</text>
      <target FeatureID="-1" href="LGAL_HLP_TAGS_GRID.html">Etiketak dituzten multimedia fitxategiak arakatzea</target>
      <target FeatureID="-1" href="LGAL_HLP_TAGS_BROWSER.html">Etiketak</target>
      <target FeatureID="-1" href="LGAL_HLP_VIEW_LIST.html">Argazkiak</target>
      <target FeatureID="-1" href="LGAL_HLP_TAGS_FULLSCREEN.html">Etiketak dituzten multimedia fitxategiak ikustea</target>
   </keywords>
   <keywords>
      <text FeatureID="-1">aurkezpena</text>
      <target FeatureID="-1" href="LGAL_HLP_SLIDESHOW_SETTINGS.html">Aurkezpenen ezarpenak</target>
   </keywords>
</keywords>