<?xml version="1.0" encoding="UTF-8"?><?xml-stylesheet  href="../../theme/xsl/index2html.xslt" type="text/xsl"?>
<topics FeatureID="-1" title="Personalizacija" compressed="true">
   <topicref FeatureID="-1" href="SKINS_HLP_LIST.html" navtitle="Općenite teme"/>
   <topicref FeatureID="-1" href="SCREENSAVER_HLP_WP_SETTINGS.html" navtitle="Postavke pozadinske dijaprojekcije"/>
   <topicref FeatureID="-1" href="SKINS_HLP_WP_SETTINGS.html" navtitle="Postavke pozadine"/>
   <topicref FeatureID="-1" href="SKINS_HLP_SCREENS_SETTINGS.html" navtitle="Postavke čuvara zaslona"/>
   <topicref FeatureID="true_1503" href="SKINS_HLP_CIMAGE_SETTINGS.html" navtitle="Odaberite sliku poziva"/>
   <topicref FeatureID="-1" href="SKINS_HLP_APPSHELL.html" navtitle="Postavke prikaza izbornika"/>
   <topicref FeatureID="-1" href="SKINS_HLP_IDLE.html" navtitle="Postavke početnog zaslona"/>
   <topicref FeatureID="-1" href="SKINS_HLP_APP_MAIN.html" navtitle="Prilagodba zaslona"/>
   <topicref FeatureID="-1" href="SKINS_HLP_APPSKINS_LIST.html" navtitle="Teme aplikacija"/>
</topics>