<?xml version="1.0" encoding="UTF-8"?>
<keywords>
   <keywords>
      <text FeatureID="-1">teme</text>
      <target FeatureID="-1" href="SKINS_HLP_LIST.html">Općenite teme</target>
      <target FeatureID="-1" href="SCREENSAVER_HLP_WP_SETTINGS.html">Postavke pozadinske dijaprojekcije</target>
      <target FeatureID="-1" href="SKINS_HLP_WP_SETTINGS.html">Postavke pozadine</target>
      <target FeatureID="true_1503" href="SKINS_HLP_CIMAGE_SETTINGS.html">Odaberite sliku poziva</target>
      <target FeatureID="-1" href="SKINS_HLP_APPSHELL.html">Postavke prikaza izbornika</target>
      <target FeatureID="-1" href="SKINS_HLP_APP_MAIN.html">Prilagodba zaslona</target>
      <target FeatureID="-1" href="SKINS_HLP_APPSKINS_LIST.html">Teme aplikacija</target>
   </keywords>
   <keywords>
      <text FeatureID="-1">pozadinska dijaprojekcija</text>
      <target FeatureID="-1" href="SCREENSAVER_HLP_WP_SETTINGS.html">Postavke pozadinske dijaprojekcije</target>
   </keywords>
   <keywords>
      <text FeatureID="-1">postavke dijaprojekcije</text>
      <target FeatureID="-1" href="SCREENSAVER_HLP_WP_SETTINGS.html">Postavke pozadinske dijaprojekcije</target>
   </keywords>
   <keywords>
      <text FeatureID="-1">postavke pozadine</text>
      <target FeatureID="-1" href="SKINS_HLP_WP_SETTINGS.html">Postavke pozadine</target>
   </keywords>
   <keywords>
      <text FeatureID="-1">slika pozadine</text>
      <target FeatureID="-1" href="SKINS_HLP_WP_SETTINGS.html">Postavke pozadine</target>
      <target FeatureID="-1" href="SKINS_HLP_APP_MAIN.html">Prilagodba zaslona</target>
   </keywords>
   <keywords>
      <text FeatureID="-1">čuvar zaslona</text>
      <target FeatureID="-1" href="SKINS_HLP_SCREENS_SETTINGS.html">Postavke čuvara zaslona</target>
   </keywords>
   <keywords>
      <text FeatureID="true_1503">postavke slike poziva</text>
      <target FeatureID="true_1503" href="SKINS_HLP_CIMAGE_SETTINGS.html">Odaberite sliku poziva</target>
   </keywords>
   <keywords>
      <text FeatureID="-1">izbornici</text>
      <target FeatureID="-1" href="SKINS_HLP_APPSHELL.html">Postavke prikaza izbornika</target>
   </keywords>
</keywords>