<?xml version="1.0" encoding="UTF-8"?>
<keywords>
   <keywords>
      <text FeatureID="true_13 true_1566">Sambungan kabel USB</text>
      <target FeatureID="true_13" href="USB_HLP_MAIN.html">Tetapan USB</target>
      <target FeatureID="true_1566" href="USB_HLP_PRINT_SETTINGS.html">Tetapan pencetak</target>
   </keywords>
   <keywords>
      <text FeatureID="true_13">sambungan kabel</text>
      <target FeatureID="true_13" href="USB_HLP_MAIN.html">Tetapan USB</target>
   </keywords>
   <keywords>
      <text FeatureID="true_1566">mencetak</text>
      <target FeatureID="true_1566" href="USB_HLP_PRINT_SETTINGS.html">Tetapan pencetak</target>
   </keywords>
   <keywords>
      <text FeatureID="true_1566">tetapan, pencetak</text>
      <target FeatureID="true_1566" href="USB_HLP_PRINT_SETTINGS.html">Tetapan pencetak</target>
   </keywords>
</keywords>