<?xml version="1.0" encoding="UTF-8"?><?xml-stylesheet  href="../../theme/xsl/index2html.xslt" type="text/xsl"?>
<topics FeatureID="-1" title="Телефонная книга" compressed="true">
   <topicref FeatureID="-1" href="HLP_CCA_DETAILS.html" navtitle="Сведения о контакте"/>
   <topicref FeatureID="-1" href="HLP_CCA_LAUNCHER.html" navtitle="Contact cards"/>
   <topicref FeatureID="-1" href="PHOB_HLP_GROUP_LIST.html" navtitle="Contact groups"/>
   <topicref FeatureID="-1" href="PHOB_HLP_SIM_LIST.html" navtitle="Телефонная книга на SIM-карте"/>
   <topicref FeatureID="-1" href="PHOB_HLP_MY_NUMBERS.html" navtitle="Мои номера"/>
   <topicref FeatureID="-1" href="PHOB_HLP_GROUP_MEMBER_LIST.html" navtitle="Участники группы"/>
   <topicref FeatureID="-1" href="PHOB_HLP_SETTINGS.html" navtitle="Параметры контактов"/>
   <topicref FeatureID="-1" href="PHOB_HLP_NAME_LIST.html" navtitle="Список контактов"/>
   <topicref FeatureID="-1" href="HLP_CCA_MY_CARD.html" navtitle="My Card"/>
   <topicref FeatureID="-1" href="RLOOK_HLP_INFO_VIEW.html" navtitle="Работа с найденным контактом"/>
   <topicref FeatureID="-1" href="HLP_CCA_EDITOR.html" navtitle="Изменение карточки контакта"/>
   <topicref FeatureID="-1" href="PHOB_HLP_CONTACT_INFO_VIEW.html" navtitle="Карточки контактов"/>
   <topicref FeatureID="-1" href="PHOB_HLP_EDIT_ENTRY.html" navtitle="Изменение карточки контакта"/>
   <topicref FeatureID="-1" href="FDN_HLP_FDN_NUMBER_VIEW.html" navtitle="Разрешенные контакты"/>
   <topicref FeatureID="-1" href="FDN_HLP_FDN_VIEW.html" navtitle="Запрет вызовов"/>
   <topicref FeatureID="-1" href="SDN_HLP_APP.html" navtitle="Служебные номера"/>
   <topicref FeatureID="-1" href="PHOB_HLP_SIM_INFO_VIEW.html" navtitle="Контакты на SIM-карте"/>
</topics>