<?xml version="1.0" encoding="UTF-8"?>
<keywords>
   <keywords>
      <text FeatureID="-1">разрешенные номера</text>
      <target FeatureID="-1" href="FDN_HLP_FDN_NUM_EDIT_VIEW.html">Изменение контактов</target>
      <target FeatureID="-1" href="FDN_HLP_FDN_NUMBER_VIEW.html">Разрешенные контакты</target>
      <target FeatureID="-1" href="FDN_HLP_FDN_VIEW.html">Запрет вызовов</target>
   </keywords>
   <keywords>
      <text FeatureID="-1">ограничение вызовов</text>
      <target FeatureID="-1" href="FDN_HLP_FDN_VIEW.html">Запрет вызовов</target>
   </keywords>
   <keywords>
      <text FeatureID="-1">служебные номера</text>
      <target FeatureID="-1" href="SDN_HLP_APP.html">Служебные номера</target>
   </keywords>
   <keywords>
      <text FeatureID="-1">служебные номера на SIM-карте</text>
      <target FeatureID="-1" href="SDN_HLP_APP.html">Служебные номера</target>
      <target FeatureID="-1" href="SDN_HLP_APP.html">Служебные номера</target>
   </keywords>
   <keywords>
      <text FeatureID="-1">группы контактов</text>
      <target FeatureID="-1" href="PHOB_HLP_GROUP_LIST.html">Группы контактов</target>
      <target FeatureID="-1" href="PHOB_HLP_GROUP_MEMBER_LIST.html">Участники группы</target>
   </keywords>
   <keywords>
      <text FeatureID="-1">SIM-карта, контакты</text>
      <target FeatureID="-1" href="PHOB_HLP_SIM_LIST.html">Телефонная книга контактов SIM</target>
   </keywords>
   <keywords>
      <text FeatureID="-1">номер на SIM-карте</text>
      <target FeatureID="-1" href="PHOB_HLP_MY_NUMBERS.html">Мои номера</target>
   </keywords>
   <keywords>
      <text FeatureID="-1">порядок имен в Контактах</text>
      <target FeatureID="-1" href="PHOB_HLP_SETTINGS.html">Параметры контактов</target>
   </keywords>
   <keywords>
      <text FeatureID="-1">память для контактов</text>
      <target FeatureID="-1" href="PHOB_HLP_SETTINGS.html">Параметры контактов</target>
   </keywords>
   <keywords>
      <text FeatureID="-1">память по умолчанию</text>
      <target FeatureID="-1" href="PHOB_HLP_SETTINGS.html">Параметры контактов</target>
   </keywords>
   <keywords>
      <text FeatureID="-1">телефонная книга контактов</text>
      <target FeatureID="-1" href="PHOB_HLP_NAME_LIST.html">Папка Контакты</target>
   </keywords>
   <keywords>
      <text FeatureID="-1">контактная информация</text>
      <target FeatureID="-1" href="PHOB_HLP_NAME_LIST.html">Папка Контакты</target>
   </keywords>
   <keywords>
      <text FeatureID="-1">телефонная книга</text>
      <target FeatureID="-1" href="PHOB_HLP_NAME_LIST.html">Папка Контакты</target>
   </keywords>
</keywords>