<?xml version="1.0" encoding="UTF-8"?>
<keywords>
   <keywords>
      <text FeatureID="-1">sijil</text>
      <target FeatureID="-1" href="AM_HLP_GENERAL_SETTINGS.html">Tetapan sijil</target>
   </keywords>
   <keywords>
      <text FeatureID="-1">tetapan, sijil</text>
      <target FeatureID="-1" href="AM_HLP_GENERAL_SETTINGS.html">Tetapan sijil</target>
   </keywords>
   <keywords>
      <text FeatureID="-1">memasang aplikasi</text>
      <target FeatureID="-1" href="AM_HLP_NOT_INSTALLED.html">Fail pemasangan</target>
      <target FeatureID="-1" href="AM_HLP_APPLICATION.html">Uruskan aplikasi</target>
   </keywords>
   <keywords>
      <text FeatureID="-1">aplikasi</text>
      <target FeatureID="-1" href="AM_HLP_NOT_INSTALLED.html">Fail pemasangan</target>
      <target FeatureID="-1" href="AM_HLP_INSTALLED.html">Aplikasi dipasang</target>
   </keywords>
   <keywords>
      <text FeatureID="-1">memasang perisian</text>
      <target FeatureID="-1" href="AM_HLP_APPLICATION.html">Uruskan aplikasi</target>
   </keywords>
   <keywords>
      <text FeatureID="-1">permintaan kebenaran</text>
      <target FeatureID="-1" href="AM_HLP_INSTALL_CAPAB.html">Permintaan kebenaran</target>
   </keywords>
   <keywords>
      <text FeatureID="-1">pemasangan yang tidak dipercayai</text>
      <target FeatureID="-1" href="AM_HLP_INSTALL_UNTRUSTED.html">Pemasangan yang tidak dipercayai</target>
   </keywords>
</keywords>