<?xml version="1.0" encoding="UTF-8"?>
<keywords>
   <keywords>
      <text FeatureID="-1">jagatav sisu</text>
      <target FeatureID="-1" href="UPNP_HLP_SHARE_CONTENT.html">Jagatava sisu valimine</target>
   </keywords>
   <keywords>
      <text FeatureID="-1">meediumid koduvõrgus</text>
      <target FeatureID="-1" href="UPNP_HLP_SHARE_CONTENT.html">Jagatava sisu valimine</target>
      <target FeatureID="-1" href="UPNP_HLP_SHARING_PROP.html">Jagamisseaded</target>
      <target FeatureID="-1" href="UPNP_HLP_MAIN_VIEW.html">Koduvõrk</target>
      <target FeatureID="-1" href="UPNP_HLP_MAIN_EXTERNAL.html">Meediumiseadmed koduvõrgus</target>
      <target FeatureID="-1" href="UPNP_HLP_CONTENT_VIEW.html">Meediumifailid koduvõrgus</target>
      <target FeatureID="-1" href="UPNP_HLP_REMOTE_DEVICES.html">Meediumikaustad koduvõrgus</target>
      <target FeatureID="-1" href="UPNP_HLP_SEARCH.html">Otsingutulemid</target>
   </keywords>
   <keywords>
      <text FeatureID="-1">piltide ja videote jagamine</text>
      <target FeatureID="-1" href="UPNP_HLP_SHARE_CONTENT.html">Jagatava sisu valimine</target>
   </keywords>
   <keywords>
      <text FeatureID="-1">meediumifailide jagamine</text>
      <target FeatureID="-1" href="UPNP_HLP_SHARING_PROP.html">Jagamisseaded</target>
      <target FeatureID="-1" href="UPNP_HLP_MAIN_VIEW.html">Koduvõrk</target>
      <target FeatureID="-1" href="UPNP_HLP_MAIN_EXTERNAL.html">Meediumiseadmed koduvõrgus</target>
      <target FeatureID="-1" href="UPNP_HLP_CONTENT_VIEW.html">Meediumifailid koduvõrgus</target>
      <target FeatureID="-1" href="UPNP_HLP_REMOTE_DEVICES.html">Meediumikaustad koduvõrgus</target>
      <target FeatureID="-1" href="UPNP_HLP_SEARCH.html">Otsingutulemid</target>
   </keywords>
   <keywords>
      <text FeatureID="-1">kaugseadme failide vaatamine</text>
      <target FeatureID="-1" href="UPNP_HLP_SHARING_PROP.html">Jagamisseaded</target>
      <target FeatureID="-1" href="UPNP_HLP_MAIN_VIEW.html">Koduvõrk</target>
      <target FeatureID="-1" href="UPNP_HLP_MAIN_EXTERNAL.html">Meediumiseadmed koduvõrgus</target>
      <target FeatureID="-1" href="UPNP_HLP_CONTENT_VIEW.html">Meediumifailid koduvõrgus</target>
      <target FeatureID="-1" href="UPNP_HLP_REMOTE_DEVICES.html">Meediumikaustad koduvõrgus</target>
      <target FeatureID="-1" href="UPNP_HLP_SEARCH.html">Otsingutulemid</target>
   </keywords>
   <keywords>
      <text FeatureID="-1">jagamisatribuudid</text>
      <target FeatureID="-1" href="UPNP_HLP_SHARING_PROP.html">Jagamisseaded</target>
   </keywords>
</keywords>