<?xml version="1.0" encoding="UTF-8"?>
<keywords>
   <keywords>
      <text FeatureID="-1">paramètres du compte de courriel</text>
      <target FeatureID="-1" href="FSE_HLP_IMS_SETTINGS_ACCT_INFO.html">Paramètres compte courriel</target>
   </keywords>
   <keywords>
      <text FeatureID="-1">paramètres avancés de boîte aux lettres</text>
      <target FeatureID="-1" href="FSE_HLP_IMS_SETTINGS_ADVANCED.html">Paramètres avancés de boîte aux lettres</target>
   </keywords>
   <keywords>
      <text FeatureID="-1">paramètres boîte lettres</text>
      <target FeatureID="-1" href="FSE_HLP_IMS_SETTINGS_MAILBOX.html">Paramètres de boîte aux lettres</target>
   </keywords>
   <keywords>
      <text FeatureID="-1">contenu de la synchronisation du courriel</text>
      <target FeatureID="-1" href="FSE_HLP_IMS_SETTINGS_WHAT_SYNC.html">Définir le contenu de la synchronisation</target>
   </keywords>
   <keywords>
      <text FeatureID="-1">heure de la synchronisation du courriel</text>
      <target FeatureID="-1" href="FSE_HLP_IMS_SETTINGS_WHEN_SYNC.html">Définir le moment de la synchronisation</target>
   </keywords>
   <keywords>
      <text FeatureID="-1">synchronisation des dossiers de courriel</text>
      <target FeatureID="-1" href="FSE_HLP_IMS_SETTINGS_FOLDER.html">Synchroniser les dossiers de courriel</target>
   </keywords>
   <keywords>
      <text FeatureID="-1">paramètres du service de courriel</text>
      <target FeatureID="-1" href="FSE_HLP_SETTINGS_INTELL_LIST.html">Paramètres du service de courriel</target>
   </keywords>
   <keywords>
      <text FeatureID="-1">paramètres de courriel</text>
      <target FeatureID="-1" href="FSE_HLP_IMS_SETTINGS_MAIN_VIEW.html">Paramètres courriel</target>
   </keywords>
   <keywords>
      <text FeatureID="-1">Intellisync</text>
      <target FeatureID="-1" href="FSE_HLP_IMS_LAUNCHER_MAIN_VIEW.html">Courriel Intellisync</target>
   </keywords>
</keywords>