<?xml version="1.0" encoding="UTF-8"?>
<keywords>
   <keywords>
      <text FeatureID="-1">GPS данни</text>
      <target FeatureID="-1" href="HLP_BLID_NAVIGATION.html">Екран за навигация</target>
      <target FeatureID="false_112" href="BLID_HLP_WAYPOINTS.html">Запаметени местоположения</target>
      <target FeatureID="-1" href="HLP_BLID_TRIPMETER.html">Екран за пропътувано разстояние</target>
   </keywords>
   <keywords>
      <text FeatureID="-1">навигация до крайна цел</text>
      <target FeatureID="-1" href="HLP_BLID_NAVIGATION.html">Екран за навигация</target>
   </keywords>
   <keywords>
      <text FeatureID="false_112">запаметяване на местоположения</text>
      <target FeatureID="false_112" href="BLID_HLP_WAYPOINTS.html">Запаметени местоположения</target>
   </keywords>
   <keywords>
      <text FeatureID="-1">настройки на навигатора</text>
      <target FeatureID="-1" href="BLID_HLP_SETTINGS.html">Настройки на GPS данни</target>
   </keywords>
   <keywords>
      <text FeatureID="-1">Настройки на GPS данни</text>
      <target FeatureID="-1" href="BLID_HLP_SETTINGS.html">Настройки на GPS данни</target>
   </keywords>
   <keywords>
      <text FeatureID="-1">информация за пътуване</text>
      <target FeatureID="-1" href="HLP_BLID_TRIPMETER.html">Екран за пропътувано разстояние</target>
   </keywords>
   <keywords>
      <text FeatureID="-1">пътна информация</text>
      <target FeatureID="-1" href="HLP_BLID_TRIPMETER.html">Екран за пропътувано разстояние</target>
   </keywords>
</keywords>