<?xml version="1.0" encoding="UTF-8"?>
<keywords>
   <keywords>
      <text FeatureID="true_24">واحد ایمنی</text>
      <target FeatureID="-1" href="SECMOD_HLP_ACCESSCODE_VIEW.html">كد پین واحد ایمنی</target>
      <target FeatureID="-1" href="SECMOD_HLP_MAIN_VIEW.html">واحد ایمنی</target>
      <target FeatureID="-1" href="SEMOD_HLP_SIGNINGCODE_VIEW.html">ویرایش كد امضا</target>
   </keywords>
   <keywords>
      <text FeatureID="true_24">کد پین</text>
      <target FeatureID="-1" href="SECMOD_HLP_ACCESSCODE_VIEW.html">كد پین واحد ایمنی</target>
   </keywords>
   <keywords>
      <text FeatureID="true_24">کدهای واحد ایمنی</text>
      <target FeatureID="-1" href="SECMOD_HLP_CODE_VIEW.html">کدهای واحد ایمنی</target>
   </keywords>
   <keywords>
      <text FeatureID="true_24">کد پین برای واحد ایمنی</text>
      <target FeatureID="-1" href="SECMOD_HLP_CODE_VIEW.html">کدهای واحد ایمنی</target>
   </keywords>
   <keywords>
      <text FeatureID="true_24">مخزن کلید</text>
      <target FeatureID="-1" href="SECMOD_HLP_MAIN_VIEW.html">واحد ایمنی</target>
   </keywords>
   <keywords>
      <text FeatureID="true_24">کد امضا</text>
      <target FeatureID="-1" href="SEMOD_HLP_SIGNINGCODE_VIEW.html">ویرایش كد امضا</target>
   </keywords>
   <keywords>
      <text FeatureID="true_24">امضاهای دیجیتال</text>
      <target FeatureID="-1" href="SEMOD_HLP_SIGNINGCODE_VIEW.html">ویرایش كد امضا</target>
   </keywords>
</keywords>