<?xml version="1.0" encoding="UTF-8"?>
<keywords>
   <keywords>
      <text FeatureID="-1">configurações de e-mail</text>
      <target FeatureID="-1" href="MBXS_HLP_SETT_DOWNL_CTRL.html">Configs. recuper. e-mail</target>
      <target FeatureID="-1" href="MBXS_HLP_SETT_DOWNL_RETR.html">Quantid. recuper. e-mail</target>
      <target FeatureID="-1" href="MBXS_HLP_SETT_MBX_IN.html">Configs. de e-mails receb.</target>
      <target FeatureID="-1" href="MBXS_HLP_SETT_MBX_IN_OUT.html">Configs. de conexão</target>
      <target FeatureID="-1" href="MBXS_HLP_SETT_MBX_OUT.html">Configs. e-mail env.</target>
      <target FeatureID="-1" href="MCE_HLP_SETTINGS_EMAIL.html">Configs. e-mail</target>
      <target FeatureID="-1" href="MCE_HLP_SETT_EMAILMAIN.html">Editar cxs. postais</target>
      <target FeatureID="-1" href="MCE_HLP_SETT_MAILBLIST.html">Caixas postais</target>
      <target FeatureID="-1" href="MCE_HLP_SETT_MAILFOLDER_UPD.html">Pastas da caixa postal</target>
      <target FeatureID="true_1633" href="MCE_HLP_SETT_MAIL_ONLI.html">Recuperação autom.</target>
   </keywords>
   <keywords>
      <text FeatureID="-1">configs. cx. postal</text>
      <target FeatureID="-1" href="MCE_HLP_SETT_EMAILMAIN.html">Editar cxs. postais</target>
   </keywords>
   <keywords>
      <text FeatureID="-1">caixa postal</text>
      <target FeatureID="-1" href="MCE_HLP_SETT_MAILBLIST.html">Caixas postais</target>
      <target FeatureID="-1" href="MCE_HLP_MAILBOX_ONLINE.html">E-mail on-line</target>
   </keywords>
   <keywords>
      <text FeatureID="-1">pastas da caixa postal</text>
      <target FeatureID="-1" href="MCE_HLP_SETT_MAILFOLDER_UPD.html">Pastas da caixa postal</target>
   </keywords>
   <keywords>
      <text FeatureID="-1">configurações do usuário</text>
      <target FeatureID="-1" href="MCE_HLP_SETT_MAIL_USER.html">Configurações do usuário</target>
   </keywords>
   <keywords>
      <text FeatureID="true_44">configurações de sincronização da caixa postal</text>
      <target FeatureID="true_44" href="MCE_HLP_SETT_SMAILBOX.html">Configurações de sincronização da caixa postal</target>
   </keywords>
   <keywords>
      <text FeatureID="true_44">configurações de sincronização de e-mail</text>
      <target FeatureID="true_44" href="MCE_HLP_SETT_SMAILBOX.html">Configurações de sincronização da caixa postal</target>
   </keywords>
   <keywords>
      <text FeatureID="-1">e-mail off-line</text>
      <target FeatureID="-1" href="MCE_HLP_MAILBOX_OFFLINE.html">E-mail off-line</target>
   </keywords>
   <keywords>
      <text FeatureID="-1">conectar à caixa postal</text>
      <target FeatureID="-1" href="MCE_HLP_MAILBOX_ONLINE.html">E-mail on-line</target>
   </keywords>
   <keywords>
      <text FeatureID="-1">e-mail on-line</text>
      <target FeatureID="-1" href="MCE_HLP_MAILBOX_ONLINE.html">E-mail on-line</target>
      <target FeatureID="-1" href="MCE_HLP_MAILBOX_ONLINE.html">E-mail on-line</target>
   </keywords>
</keywords>