<?xml version="1.0" encoding="UTF-8"?>
<keywords>
   <keywords>
      <text FeatureID="-1">Dades del GPS</text>
      <target FeatureID="-1" href="HLP_BLID_NAVIGATION.html">Vista de navegació</target>
      <target FeatureID="false_112" href="BLID_HLP_WAYPOINTS.html">Ubicacions desades</target>
      <target FeatureID="-1" href="HLP_BLID_TRIPMETER.html">Visualització de la distància del viatge</target>
   </keywords>
   <keywords>
      <text FeatureID="-1">navegació fins a la destinació</text>
      <target FeatureID="-1" href="HLP_BLID_NAVIGATION.html">Vista de navegació</target>
   </keywords>
   <keywords>
      <text FeatureID="false_112">desar ubicacions</text>
      <target FeatureID="false_112" href="BLID_HLP_WAYPOINTS.html">Ubicacions desades</target>
   </keywords>
   <keywords>
      <text FeatureID="-1">configuració del navegador</text>
      <target FeatureID="-1" href="BLID_HLP_SETTINGS.html">Configuració de dades GPRS</target>
   </keywords>
   <keywords>
      <text FeatureID="-1">Configuració de dades GPRS</text>
      <target FeatureID="-1" href="BLID_HLP_SETTINGS.html">Configuració de dades GPRS</target>
   </keywords>
   <keywords>
      <text FeatureID="-1">informació del viatge</text>
      <target FeatureID="-1" href="HLP_BLID_TRIPMETER.html">Visualització de la distància del viatge</target>
   </keywords>
   <keywords>
      <text FeatureID="-1">informació del trajecte</text>
      <target FeatureID="-1" href="HLP_BLID_TRIPMETER.html">Visualització de la distància del viatge</target>
   </keywords>
</keywords>