<?xml version="1.0" encoding="UTF-8"?>
<keywords>
   <keywords>
      <text FeatureID="-1">búsqueda</text>
      <target FeatureID="-1" href="SEARCH_HLP_INDEVICE_MAIN.html">Buscar</target>
   </keywords>
   <keywords>
      <text FeatureID="-1">resultados de la búsqueda</text>
      <target FeatureID="-1" href="SEARCH_HLP_SINGLE_RE.html">Resultados de la búsqueda</target>
   </keywords>
   <keywords>
      <text FeatureID="-1">buscar resultados</text>
      <target FeatureID="-1" href="SEARCH_HLP_GROUPED.html">Buscar resultados en categorías</target>
   </keywords>
</keywords>