<?xml version="1.0" encoding="UTF-8"?>
<keywords>
   <keywords>
      <text FeatureID="-1">מצלמה</text>
      <target FeatureID="-1" href="LCAM_HLP_VIEWFINDER_PHOTO.html">צילום תמונות</target>
      <target FeatureID="false_410" href="LCAM_HLP_LIGHT_SENSITIVITY.html">שינוי הרגישות לאור</target>
      <target FeatureID="-1" href="LCAM_HLP_SCENES_PHOTO.html">סצנות תמונה</target>
      <target FeatureID="-1" href="LCAM_HLP_VIEWFINDER_VIDEO.html">הקלטת וידאו קליפים</target>
      <target FeatureID="false_410" href="LCAM_HLP_SCENES_VIDEO.html">סצנות וידאו</target>
      <target FeatureID="-1" href="LCAM_HLP_VIEWFINDER_VIDEO_EM.html">קטעי וידאו ביישומים</target>
      <target FeatureID="false_410" href="LCAM_HLP_STANDYBY_EM.html">מצלמה אינה פעילה</target>
      <target FeatureID="-1" href="LCAM_HLP_POST_VIDEO.html">הפעלת וידאו קליפים</target>
      <target FeatureID="-1" href="LCAM_HLP_POST_PHOTO.html">הצגת תמונות מצולמות</target>
      <target FeatureID="true_132" href="LCAM_HLP_POST_SEQ.html">הצגת תמונות שצולמו ברצף</target>
   </keywords>
   <keywords>
      <text FeatureID="-1">צילום תמונות</text>
      <target FeatureID="-1" href="LCAM_HLP_VIEWFINDER_PHOTO.html">צילום תמונות</target>
   </keywords>
   <keywords>
      <text FeatureID="false_410">רגישות לאור</text>
      <target FeatureID="false_410" href="LCAM_HLP_LIGHT_SENSITIVITY.html">שינוי הרגישות לאור</target>
   </keywords>
   <keywords>
      <text FeatureID="-1">סצנות מצלמה</text>
      <target FeatureID="-1" href="LCAM_HLP_SETTINGS_PHOUSER.html">הגדרת סצנות</target>
   </keywords>
   <keywords>
      <text FeatureID="-1">סצנות</text>
      <target FeatureID="-1" href="LCAM_HLP_SCENES_PHOTO.html">סצנות תמונה</target>
   </keywords>
   <keywords>
      <text FeatureID="-1">הגדרות מצלמה</text>
      <target FeatureID="-1" href="LCAM_HLP_SETTINGS.html">הגדרות מצלמה</target>
   </keywords>
   <keywords>
      <text FeatureID="-1">מצלמה, הגדרות</text>
      <target FeatureID="-1" href="LCAM_HLP_SETTINGS_PHOTO.html">הגדרות תמונה</target>
      <target FeatureID="-1" href="LCAM_HLP_SETTINGS_VIDEO.html">הגדרות וידאו</target>
   </keywords>
   <keywords>
      <text FeatureID="-1">הקלטת וידאו</text>
      <target FeatureID="-1" href="LCAM_HLP_VIEWFINDER_VIDEO.html">הקלטת וידאו קליפים</target>
   </keywords>
   <keywords>
      <text FeatureID="false_410">סצנות וידאו</text>
      <target FeatureID="false_410" href="LCAM_HLP_SCENES_VIDEO.html">סצנות וידאו</target>
   </keywords>
   <keywords>
      <text FeatureID="-1">וידאו, הגדרות</text>
      <target FeatureID="-1" href="LCAM_HLP_SETTINGS_VIDEO.html">הגדרות וידאו</target>
   </keywords>
   <keywords>
      <text FeatureID="-1">וידאו קליפים ביישומים</text>
      <target FeatureID="-1" href="LCAM_HLP_VIEWFINDER_VIDEO_EM.html">קטעי וידאו ביישומים</target>
   </keywords>
   <keywords>
      <text FeatureID="-1">הפעלת וידאו קליפים</text>
      <target FeatureID="-1" href="LCAM_HLP_POST_VIDEO.html">הפעלת וידאו קליפים</target>
   </keywords>
   <keywords>
      <text FeatureID="-1">מצלמה ביישומים</text>
      <target FeatureID="-1" href="LCAM_HLP_VIEWFINDER_PHOTO_EM.html">תמונות ביישומים</target>
   </keywords>
   <keywords>
      <text FeatureID="-1">הצגת תמונות</text>
      <target FeatureID="-1" href="LCAM_HLP_POST_PHOTO.html">הצגת תמונות מצולמות</target>
   </keywords>
   <keywords>
      <text FeatureID="true_132">מצב רצף</text>
      <target FeatureID="true_132" href="LCAM_HLP_POST_SEQ.html">הצגת תמונות שצולמו ברצף</target>
   </keywords>
</keywords>