<?xml version="1.0" encoding="UTF-8"?>
<keywords>
   <keywords>
      <text FeatureID="-1">περιεχόμενο για κοινή προβολή</text>
      <target FeatureID="-1" href="UPNP_HLP_SHARE_CONTENT.html">Επιλογή περιεχομένου για κοινή προβολή</target>
   </keywords>
   <keywords>
      <text FeatureID="-1">οικιακά πολυμέσα</text>
      <target FeatureID="-1" href="UPNP_HLP_SHARE_CONTENT.html">Επιλογή περιεχομένου για κοινή προβολή</target>
      <target FeatureID="-1" href="UPNP_HLP_SHARING_PROP.html">Ρυθμίσεις κοινής προβολής</target>
      <target FeatureID="-1" href="UPNP_HLP_MAIN_VIEW.html">Οικ. πολυμέσα</target>
      <target FeatureID="-1" href="UPNP_HLP_MAIN_EXTERNAL.html">Συσκευές οικιακών πολυμέσων</target>
      <target FeatureID="-1" href="UPNP_HLP_CONTENT_VIEW.html">Αρχεία οικιακών πολυμέσων</target>
      <target FeatureID="-1" href="UPNP_HLP_REMOTE_DEVICES.html">Φάκελοι οικιακών πολυμέσων</target>
      <target FeatureID="-1" href="UPNP_HLP_SEARCH.html">Αποτελέσματα αναζήτησης</target>
   </keywords>
   <keywords>
      <text FeatureID="-1">κοινή προβολή εικόνων και βίντεο</text>
      <target FeatureID="-1" href="UPNP_HLP_SHARE_CONTENT.html">Επιλογή περιεχομένου για κοινή προβολή</target>
   </keywords>
   <keywords>
      <text FeatureID="-1">κοινή προβολή αρχείων πολυμέσων</text>
      <target FeatureID="-1" href="UPNP_HLP_SHARING_PROP.html">Ρυθμίσεις κοινής προβολής</target>
      <target FeatureID="-1" href="UPNP_HLP_MAIN_VIEW.html">Οικ. πολυμέσα</target>
      <target FeatureID="-1" href="UPNP_HLP_MAIN_EXTERNAL.html">Συσκευές οικιακών πολυμέσων</target>
      <target FeatureID="-1" href="UPNP_HLP_CONTENT_VIEW.html">Αρχεία οικιακών πολυμέσων</target>
      <target FeatureID="-1" href="UPNP_HLP_REMOTE_DEVICES.html">Φάκελοι οικιακών πολυμέσων</target>
      <target FeatureID="-1" href="UPNP_HLP_SEARCH.html">Αποτελέσματα αναζήτησης</target>
   </keywords>
   <keywords>
      <text FeatureID="-1">προβολή αρχείων σε απομακρυσμένη συσκευή</text>
      <target FeatureID="-1" href="UPNP_HLP_SHARING_PROP.html">Ρυθμίσεις κοινής προβολής</target>
      <target FeatureID="-1" href="UPNP_HLP_MAIN_VIEW.html">Οικ. πολυμέσα</target>
      <target FeatureID="-1" href="UPNP_HLP_MAIN_EXTERNAL.html">Συσκευές οικιακών πολυμέσων</target>
      <target FeatureID="-1" href="UPNP_HLP_CONTENT_VIEW.html">Αρχεία οικιακών πολυμέσων</target>
      <target FeatureID="-1" href="UPNP_HLP_REMOTE_DEVICES.html">Φάκελοι οικιακών πολυμέσων</target>
      <target FeatureID="-1" href="UPNP_HLP_SEARCH.html">Αποτελέσματα αναζήτησης</target>
   </keywords>
   <keywords>
      <text FeatureID="-1">ιδιότητες κοινής προβολής</text>
      <target FeatureID="-1" href="UPNP_HLP_SHARING_PROP.html">Ρυθμίσεις κοινής προβολής</target>
   </keywords>
</keywords>