<?xml version="1.0" encoding="UTF-8"?>
<keywords>
   <keywords>
      <text FeatureID="-1">hangutasítások</text>
      <target FeatureID="true_72" href="HLP_VC_SIND_FOLDER.html">Alkalmazás nézet</target>
      <target FeatureID="true_72" href="HLP_VC_SIND_MAIN.html">Hangutasítások használata</target>
      <target FeatureID="-1" href="VCINFO_HLP_MAINVIEW.html">Névjegyek hangutasításai</target>
   </keywords>
   <keywords>
      <text FeatureID="-1">hangutasítások beállításai</text>
      <target FeatureID="-1" href="HLP_VC_SET.html">Hangutasítások beállításai</target>
   </keywords>
</keywords>