<?xml version="1.0" encoding="UTF-8"?>
<keywords>
   <keywords>
      <text FeatureID="-1">Quickoffice, Dateimanager</text>
      <target FeatureID="-1" href="QFM_HLP_FILE_MENU.html">Dateimanager</target>
   </keywords>
   <keywords>
      <text FeatureID="-1">Quickoffice</text>
      <target FeatureID="-1" href="QFM_HLP_LOC_MENU.html">Quickoffice</target>
   </keywords>
   <keywords>
      <text FeatureID="-1">Quickpoint</text>
      <target FeatureID="-1" href="QPOINT_HLP_EDIT_SLIDE_VIEW.html">Bearbeiten von Folien</target>
      <target FeatureID="-1" href="QPOINT_HLP_REPLACE_VIEW.html">Suchen und Ersetzen von Text</target>
      <target FeatureID="-1" href="QPOINT_HLP_FIND_VIEW.html">Text suchen</target>
      <target FeatureID="-1" href="QPOINT_HLP_VIEW_SLIDE_VIEW.html">Folien anzeigen</target>
   </keywords>
   <keywords>
      <text FeatureID="-1">Quickpoint, Text</text>
      <target FeatureID="-1" href="QPOINT_HLP_EDIT_TEXT_VIEW.html">Bearbeiten von Text</target>
   </keywords>
   <keywords>
      <text FeatureID="-1">Quickpoint, Kommentare</text>
      <target FeatureID="-1" href="QPOINT_HLP_COMMENT_VIEW.html">Kommentare anzeigen</target>
   </keywords>
   <keywords>
      <text FeatureID="-1">Quickpoint, Notizen</text>
      <target FeatureID="-1" href="QPOINT_HLP_VIEW_NOTES_VIEW.html">Notizenanzeige</target>
   </keywords>
   <keywords>
      <text FeatureID="-1">Quickpoint, Gliederungen</text>
      <target FeatureID="-1" href="QPOINT_HLP_VIEW_OUTLINE_VIEW.html">Gliederungen anzeigen</target>
   </keywords>
   <keywords>
      <text FeatureID="-1">Quicksheet, Zellen</text>
      <target FeatureID="-1" href="QSHEET_HLP_CELLS_EDIT.html">Bearbeiten von Zellen</target>
      <target FeatureID="-1" href="QSHEET_HLP_VIEW_CELL.html">Zellenanzeige</target>
   </keywords>
   <keywords>
      <text FeatureID="-1">Quicksheet, Spalten</text>
      <target FeatureID="-1" href="QSHEET_HLP_EDIT_COLUMN.html">Bearbeiten von Spalten</target>
   </keywords>
   <keywords>
      <text FeatureID="-1">Quicksheet, Bereiche</text>
      <target FeatureID="-1" href="QSHEET_HLP_EDIT_RANGE.html">Bearbeiten von Bereichen</target>
   </keywords>
   <keywords>
      <text FeatureID="-1">Quicksheet, Zeilen</text>
      <target FeatureID="-1" href="QSHEET_HLP_EDIT_ROW.html">Bearbeiten von Zeilen</target>
   </keywords>
   <keywords>
      <text FeatureID="-1">Quicksheet</text>
      <target FeatureID="-1" href="QSHEET_HLP_REPLACE_VIEW.html">Suchen und Ersetzen von Text</target>
      <target FeatureID="-1" href="QSHEET_HLP_FIND_VIEW.html">Text suchen</target>
      <target FeatureID="-1" href="QSHEET_HLP_CELLS_VIEW.html">Spreadsheets anzeigen</target>
   </keywords>
   <keywords>
      <text FeatureID="-1">Quickword</text>
      <target FeatureID="-1" href="QWORD_HLP_EDIT_MODE.html">Dokumentenbearbeitung</target>
      <target FeatureID="-1" href="QWORD_HLP_FIND_MODE.html">Suchen und Ersetzen von Text</target>
      <target FeatureID="-1" href="QWORD_HLP_VIEW_MODE.html">Dokumente anzeigen</target>
      <target FeatureID="-1" href="QWORD_HLP_PAGE_VIEW.html">Seitenlayout anzeigen</target>
   </keywords>
</keywords>