<?xml version="1.0" encoding="UTF-8"?>
<keywords>
   <keywords>
      <text FeatureID="-1">Quickoffice, Dateimanager</text>
      <target FeatureID="-1" href="QFM_HLP_FILE_MENU.html">Dateimanager</target>
   </keywords>
   <keywords>
      <text FeatureID="-1">Quickoffice</text>
      <target FeatureID="-1" href="QFM_HLP_LOC_MENU.html">Quickoffice</target>
   </keywords>
   <keywords>
      <text FeatureID="-1">Quickpoint, Textsuche</text>
      <target FeatureID="-1" href="QPOINT_HLP_FIND_VIEW.html">Gliederungstext suchen</target>
   </keywords>
   <keywords>
      <text FeatureID="-1">Quickpoint, Notizen</text>
      <target FeatureID="-1" href="QPOINT_HLP_VIEW_NOTES_VIEW.html">Notizenanzeige</target>
   </keywords>
   <keywords>
      <text FeatureID="-1">Quickpoint, Gliederungen</text>
      <target FeatureID="-1" href="QPOINT_HLP_VIEW_OUTLINE_VIEW.html">Gliederungen anzeigen</target>
   </keywords>
   <keywords>
      <text FeatureID="-1">Quickpoint</text>
      <target FeatureID="-1" href="QPOINT_HLP_VIEW_SLIDE_VIEW.html">Folien anzeigen</target>
   </keywords>
   <keywords>
      <text FeatureID="-1">Quicksheet, Textsuche</text>
      <target FeatureID="-1" href="QSHEET_HLP_FIND_VIEW.html">Text in einem Spreadsheet suchen</target>
   </keywords>
   <keywords>
      <text FeatureID="-1">Quicksheet, Zellen</text>
      <target FeatureID="-1" href="QSHEET_HLP_VIEW_CELL.html">Zellenanzeige</target>
   </keywords>
   <keywords>
      <text FeatureID="-1">Quickword, Textsuche</text>
      <target FeatureID="-1" href="QWORD_HLP_FIND_MODE.html">Text suchen</target>
   </keywords>
   <keywords>
      <text FeatureID="-1">Quickword</text>
      <target FeatureID="-1" href="QWORD_HLP_VIEW_MODE.html">Dokumente anzeigen</target>
   </keywords>
   <keywords>
      <text FeatureID="-1">Quickword, Seitenlayout</text>
      <target FeatureID="-1" href="QWORD_HLP_PAGE_VIEW.html">Seitenlayout anzeigen</target>
   </keywords>
</keywords>