<?xml version="1.0" encoding="UTF-8"?>
<keywords>
   <keywords>
      <text FeatureID="-1">klok, alarmen</text>
      <target FeatureID="-1" href="CLK_HLP_ALARM_EDITOR.html">Wekkereditor</target>
   </keywords>
   <keywords>
      <text FeatureID="-1">wekker</text>
      <target FeatureID="-1" href="CLK_HLP_ALARM_EDITOR.html">Wekkereditor</target>
      <target FeatureID="-1" href="CLK_HLP_REAL_TIME_CLOCK_IN.html">Hoofdweergave klok</target>
   </keywords>
   <keywords>
      <text FeatureID="-1">klok</text>
      <target FeatureID="-1" href="CLK_HLP_REAL_TIME_CLOCK_IN.html">Hoofdweergave klok</target>
      <target FeatureID="-1" href="CLK_HLP_WRLD_CLK.html">Wereldklok</target>
   </keywords>
   <keywords>
      <text FeatureID="-1">datum en tijd, instellingen</text>
      <target FeatureID="-1" href="CLK_HLP_SETTINGS.html">Instellingen voor datum en tijd</target>
   </keywords>
   <keywords>
      <text FeatureID="-1">klokinstellingen</text>
      <target FeatureID="-1" href="CLK_HLP_SETTINGS.html">Instellingen voor datum en tijd</target>
   </keywords>
   <keywords>
      <text FeatureID="-1">klok, tijdzones</text>
      <target FeatureID="-1" href="CLK_HLP_REAL_TIME_CLOCK_AN.html">Lokale tijd</target>
   </keywords>
   <keywords>
      <text FeatureID="-1">lokale tijd en tijdzone</text>
      <target FeatureID="-1" href="CLK_HLP_REAL_TIME_CLOCK_AN.html">Lokale tijd</target>
   </keywords>
   <keywords>
      <text FeatureID="-1">wereldklok</text>
      <target FeatureID="-1" href="CLK_HLP_WRLD_CLK.html">Wereldklok</target>
   </keywords>
</keywords>