<?xml version="1.0" encoding="UTF-8"?>
<keywords>
   <keywords>
      <text FeatureID="true_1604">text input</text>
      <target FeatureID="true_1604" href="HWR_HLP_MAIN_VIEW.html">Kézírás felismerése</target>
   </keywords>
   <keywords>
      <text FeatureID="true_1604">kézírás felismerése</text>
      <target FeatureID="true_1604" href="HWR_HLP_MAIN_VIEW.html">Kézírás felismerése</target>
   </keywords>
   <keywords>
      <text FeatureID="true_1603 true_410">érintőképernyős bevitel</text>
      <target FeatureID="true_1603" href="VQWERTY_HLP_MAIN_VIEW.html">Virtuális billentyűzet</target>
      <target FeatureID="true_410" href="VITU_HLP_MAIN_VIEW.html">Virtuális billentyűzet</target>
   </keywords>
   <keywords>
      <text FeatureID="true_410">virtuális billentyűzet</text>
      <target FeatureID="true_410" href="VITU_HLP_MAIN_VIEW.html">Virtuális billentyűzet</target>
   </keywords>
</keywords>