<?xml version="1.0" encoding="UTF-8"?>
<keywords>
   <keywords>
      <text FeatureID="-1">gestor de dispositivos</text>
      <target FeatureID="-1" href="DM_HLP_MAIN_VIEW.html">Software del dispositivo</target>
      <target FeatureID="-1" href="DM_HLP_SETTINGS.html">Ajustes del perfil de servidor</target>
      <target FeatureID="-1" href="DM_HLP_SERVERS_VIEW.html">Configuración remota</target>
   </keywords>
   <keywords>
      <text FeatureID="-1">ajustes de configuración</text>
      <target FeatureID="-1" href="DM_HLP_MAIN_VIEW.html">Software del dispositivo</target>
   </keywords>
   <keywords>
      <text FeatureID="-1">Gestor de dispositivos</text>
      <target FeatureID="-1" href="FOTA_HLP_SETTINGS.html">Ajustes de actualización de software</target>
   </keywords>
   <keywords>
      <text FeatureID="-1">ajustes de actualización de software</text>
      <target FeatureID="-1" href="FOTA_HLP_SETTINGS.html">Ajustes de actualización de software</target>
   </keywords>
   <keywords>
      <text FeatureID="-1">ajustes del perfil de servidor</text>
      <target FeatureID="-1" href="DM_HLP_SETTINGS.html">Ajustes del perfil de servidor</target>
   </keywords>
   <keywords>
      <text FeatureID="-1">configuración remota</text>
      <target FeatureID="-1" href="DM_HLP_SERVERS_VIEW.html">Configuración remota</target>
   </keywords>
</keywords>