<?xml version="1.0" encoding="UTF-8"?>
<keywords>
   <keywords>
      <text FeatureID="-1">optage, lyde</text>
      <target FeatureID="-1" href="VOREC_HLP_EMPTY_RECORDER.html">Optage lydklip</target>
   </keywords>
   <keywords>
      <text FeatureID="-1">optager</text>
      <target FeatureID="-1" href="VOREC_HLP_MAIN.html">Bruge optageren</target>
   </keywords>
   <keywords>
      <text FeatureID="-1">optage lydklip</text>
      <target FeatureID="-1" href="VOREC_HLP_MAIN.html">Bruge optageren</target>
   </keywords>
   <keywords>
      <text FeatureID="-1">optager­indstillinger</text>
      <target FeatureID="-1" href="VOREC_HLP_SETTINGS.html">Optager­indstillinger</target>
   </keywords>
</keywords>