<?xml version="1.0" encoding="UTF-8"?>
<keywords>
   <keywords>
      <text FeatureID="true_1091">USSD-editor</text>
      <target FeatureID="true_1091" href="USSD_HLP_EDITOR.html">Dienstopdrachten</target>
   </keywords>
   <keywords>
      <text FeatureID="true_1091">dienstopdrachten</text>
      <target FeatureID="true_1091" href="USSD_HLP_EDITOR.html">Dienstopdrachten</target>
   </keywords>
   <keywords>
      <text FeatureID="true_1091">netwerkdiensten</text>
      <target FeatureID="true_1091" href="USSD_HLP_EDITOR.html">Dienstopdrachten</target>
   </keywords>
</keywords>