<?xml version="1.0" encoding="UTF-8"?><?xml-stylesheet  href="../../theme/xsl/index2html.xslt" type="text/xsl"?>
<topics FeatureID="-1" title="Video &amp; TV" compressed="true">
   <topicref FeatureID="-1" href="IPTV_HLP_MAIN_STATE.html" navtitle="Video &amp; TV"/>
   <topicref FeatureID="-1" href="IPTV_HLP_VODCAST_MAIN.html" navtitle="Suapan video"/>
   <topicref FeatureID="-1" href="IPTV_HLP_SERVICE_SELECTION_VOD.html" navtitle="Pilih perkhidmatan video"/>
   <topicref FeatureID="-1" href="IPTV_HLP_VOD_CATEGORIES.html" navtitle="Kategori video"/>
   <topicref FeatureID="-1" href="IPTV_HLP_VOD.html" navtitle="Lihat dan muat turun klip video"/>
   <topicref FeatureID="-1" href="IPTV_HLP_SCHEDULE_DOWNLOAD.html" navtitle="Menjadualkan muat turun"/>
   <topicref FeatureID="-1" href="IPTV_HLP_STORAGE.html" navtitle="Video saya"/>
   <topicref FeatureID="-1" href="IPTV_HLP_SETTINGS.html" navtitle="Tetapan Video &amp; TV"/>
   <topicref FeatureID="-1" href="IPTV_HLP_SERVICE_SEL_VODCAST.html" navtitle="Pilih suapan video"/>
   <topicref FeatureID="-1" href="IPTV_HLP_ADD_SERVICE.html" navtitle="Tambah suapan video"/>
</topics>