<?xml version="1.0" encoding="UTF-8"?>
<keywords>
   <keywords>
      <text FeatureID="-1">video &amp; TV</text>
      <target FeatureID="-1" href="IPTV_HLP_MAIN_STATE.html">Video &amp; TV</target>
      <target FeatureID="-1" href="IPTV_HLP_VODCAST_MAIN.html">Suapan video</target>
      <target FeatureID="-1" href="IPTV_HLP_SERVICE_SELECTION_VOD.html">Pilih perkhidmatan video</target>
      <target FeatureID="-1" href="IPTV_HLP_VOD_CATEGORIES.html">Kategori video</target>
      <target FeatureID="-1" href="IPTV_HLP_VOD.html">Lihat dan muat turun klip video</target>
      <target FeatureID="-1" href="IPTV_HLP_SCHEDULE_DOWNLOAD.html">Menjadualkan muat turun</target>
      <target FeatureID="-1" href="IPTV_HLP_STORAGE.html">Video saya</target>
      <target FeatureID="-1" href="IPTV_HLP_SERVICE_SEL_VODCAST.html">Pilih suapan video</target>
      <target FeatureID="-1" href="IPTV_HLP_ADD_SERVICE.html">Tambah suapan video</target>
   </keywords>
   <keywords>
      <text FeatureID="-1">suapan video</text>
      <target FeatureID="-1" href="IPTV_HLP_VODCAST_MAIN.html">Suapan video</target>
      <target FeatureID="-1" href="IPTV_HLP_VOD_CATEGORIES.html">Kategori video</target>
      <target FeatureID="-1" href="IPTV_HLP_SERVICE_SEL_VODCAST.html">Pilih suapan video</target>
      <target FeatureID="-1" href="IPTV_HLP_ADD_SERVICE.html">Tambah suapan video</target>
   </keywords>
   <keywords>
      <text FeatureID="-1">muat turun, klip video</text>
      <target FeatureID="-1" href="IPTV_HLP_VOD.html">Lihat dan muat turun klip video</target>
      <target FeatureID="-1" href="IPTV_HLP_SCHEDULE_DOWNLOAD.html">Menjadualkan muat turun</target>
   </keywords>
   <keywords>
      <text FeatureID="-1">video &amp; TV, tetapan</text>
      <target FeatureID="-1" href="IPTV_HLP_SETTINGS.html">Tetapan Video &amp; TV</target>
   </keywords>
   <keywords>
      <text FeatureID="-1">tetapan, video</text>
      <target FeatureID="-1" href="IPTV_HLP_SETTINGS.html">Tetapan Video &amp; TV</target>
   </keywords>
</keywords>