<?xml version="1.0" encoding="UTF-8"?>
<keywords>
   <keywords>
      <text FeatureID="-1">ضابطہ کشائی کرنا, حافظہ کارڈ</text>
      <target FeatureID="-1" href="ES_HLP_ENCRYPTION_DECRYPT.html">حافظہ کارڈ کی ضابطہ کشائی کریں</target>
   </keywords>
   <keywords>
      <text FeatureID="-1">اشاراتی کوڈ لگانا, حافظہ کارڈ</text>
      <target FeatureID="-1" href="ES_HLP_ENCRYPTION_ENCRYPT.html">حافظہ کارڈ پر اشاراتی کوڈ لگائيں</target>
   </keywords>
   <keywords>
      <text FeatureID="-1">اشاراتی کوڈ لگانا, آلے کی حافظہ اور حافظہ کارڈ</text>
      <target FeatureID="-1" href="ES_HLP_ENCRYPTION_MAIN.html">اشاراتی کوڈ لگائيں یا ضابطہ کشائی کریں</target>
   </keywords>
   <keywords>
      <text FeatureID="-1">ضابطہ کشائی کرنا, آلے کی حافظہ اور حافظہ کارڈ</text>
      <target FeatureID="-1" href="ES_HLP_ENCRYPTION_MAIN.html">اشاراتی کوڈ لگائيں یا ضابطہ کشائی کریں</target>
   </keywords>
</keywords>