<?xml version="1.0" encoding="UTF-8"?>
<keywords>
   <keywords>
      <text FeatureID="-1">dizionario</text>
      <target FeatureID="-1" href="DICTIONARY_HLP_MAIN_TAB1.html">Dizionario</target>
   </keywords>
   <keywords>
      <text FeatureID="-1">traduzione</text>
      <target FeatureID="-1" href="DICTIONARY_HLP_MAIN_TAB1.html">Dizionario</target>
   </keywords>
   <keywords>
      <text FeatureID="-1">dizionario, traduzione</text>
      <target FeatureID="-1" href="DICTIONARY_HLP_RESULTS.html">Risultati della traduzione</target>
   </keywords>
</keywords>