<?xml version="1.0" encoding="UTF-8"?>
<keywords>
   <keywords>
      <text FeatureID="-1">پخش کننده موسیقی</text>
      <target FeatureID="-1" href="MUS_HLP_TRACKS_VIEW.html">آهنگ ها</target>
      <target FeatureID="-1" href="MUS_HLP_CATEGORY_VIEW.html">گروه های موسیقی</target>
      <target FeatureID="-1" href="MUS_HLP_PODCAST_MAIN_VIEW.html">پادکست ها</target>
      <target FeatureID="-1" href="MUS_HLP_PODCAST_EPISODES.html">قسمت های پادکست</target>
      <target FeatureID="-1" href="MUS_HLP_PLAYLISTS_VIEW.html">لیست های پخش موسیقی</target>
      <target FeatureID="-1" href="MUS_HLP_AUDIO_SETT.html">تنظیمات صوتی</target>
   </keywords>
   <keywords>
      <text FeatureID="-1">پادکست</text>
      <target FeatureID="-1" href="MUS_HLP_PODCAST_MAIN_VIEW.html">پادکست ها</target>
      <target FeatureID="-1" href="MUS_HLP_PODCAST_EPISODES.html">قسمت های پادکست</target>
   </keywords>
   <keywords>
      <text FeatureID="-1">لیست های پخش</text>
      <target FeatureID="-1" href="MUS_HLP_PLAYLISTS_VIEW.html">لیست های پخش موسیقی</target>
   </keywords>
   <keywords>
      <text FeatureID="-1">music player</text>
      <target FeatureID="-1" href="MUS_HLP_DOWNLOAD_PLAYBACK_VIEW.html">Play music on web</target>
      <target FeatureID="-1" href="MUS_HLP_LIB_MAIN_VIEW.html">Music library</target>
   </keywords>
   <keywords>
      <text FeatureID="-1">افزایش دهنده صدای بم</text>
      <target FeatureID="-1" href="MUS_HLP_AUDIO_SETT.html">تنظیمات صوتی</target>
   </keywords>
   <keywords>
      <text FeatureID="-1">افزودن پهنای استریو</text>
      <target FeatureID="-1" href="MUS_HLP_AUDIO_SETT.html">تنظیمات صوتی</target>
   </keywords>
</keywords>