<?xml version="1.0" encoding="UTF-8"?>
<keywords>
   <keywords>
      <text FeatureID="-1">مجموعه موسیقی</text>
      <target FeatureID="-1" href="MUS_HLP_MUSIC_SUITE_VIEW.html">مجموعه موسیقی</target>
   </keywords>
   <keywords>
      <text FeatureID="-1">پخش کننده موسیقی</text>
      <target FeatureID="-1" href="MUS_HLP_TRACKS_VIEW.html">آهنگ ها</target>
      <target FeatureID="-1" href="MUS_HLP_CATEGORY_VIEW.html">گروه های موسیقی</target>
      <target FeatureID="-1" href="MUS_HLP_PODCAST_MAIN_VIEW.html">پادکست ها</target>
      <target FeatureID="-1" href="MUS_HLP_PODCAST_EPISODES.html">قسمت های پادکست</target>
      <target FeatureID="-1" href="MUS_HLP_PLAYLISTS_VIEW.html">لیست های پخش موسیقی</target>
      <target FeatureID="-1" href="MUS_HLP_DOWNLOAD_PLAYBACK_VIEW.html">پخش موسیقی وب</target>
      <target FeatureID="-1" href="MUS_HLP_PLAYBACK_VIEW.html">پخش موسیقی</target>
      <target FeatureID="-1" href="MUS_HLP_LIB_MAIN_VIEW.html">کتابخانه موسیقی</target>
      <target FeatureID="-1" href="MUS_HLP_METADATA_EDITING.html">ویرایش اطلاعات آهنگ</target>
      <target FeatureID="-1" href="MUS_HLP_ALBUM_ART_EDITING.html">آلبوم هنری را ویرایش کنید</target>
      <target FeatureID="-1" href="MUS_HLP_AUDIO_SETT.html">تنظیمات صوتی</target>
   </keywords>
   <keywords>
      <text FeatureID="-1">پادکست</text>
      <target FeatureID="-1" href="MUS_HLP_PODCAST_MAIN_VIEW.html">پادکست ها</target>
      <target FeatureID="-1" href="MUS_HLP_PODCAST_EPISODES.html">قسمت های پادکست</target>
   </keywords>
   <keywords>
      <text FeatureID="-1">لیست های پخش</text>
      <target FeatureID="-1" href="MUS_HLP_PLAYLISTS_VIEW.html">لیست های پخش موسیقی</target>
   </keywords>
   <keywords>
      <text FeatureID="-1">آلبوم هنری</text>
      <target FeatureID="-1" href="MUS_HLP_ALBUM_ART_EDITING.html">آلبوم هنری را ویرایش کنید</target>
   </keywords>
   <keywords>
      <text FeatureID="-1">افزایش دهنده صدای بم</text>
      <target FeatureID="-1" href="MUS_HLP_AUDIO_SETT.html">تنظیمات صوتی</target>
   </keywords>
   <keywords>
      <text FeatureID="-1">افزودن پهنای استریو</text>
      <target FeatureID="-1" href="MUS_HLP_AUDIO_SETT.html">تنظیمات صوتی</target>
   </keywords>
</keywords>