<?xml version="1.0" encoding="UTF-8"?>
<keywords>
   <keywords>
      <text FeatureID="true_1116">send calendar entries</text>
      <target FeatureID="true_1116" href="SMART_HLP_CALENDAREDITOR.html">Send calendar entries</target>
   </keywords>
   <keywords>
      <text FeatureID="true_1114">receiving calendar entries</text>
      <target FeatureID="true_1114" href="SMART_HLP_CALENDARVIEWER.html">Received calend. entries</target>
   </keywords>
   <keywords>
      <text FeatureID="true_1114">calendar entries</text>
      <target FeatureID="true_1114" href="SMART_HLP_CALPULLMESVIEWER.html">Calendar entry download</target>
   </keywords>
   <keywords>
      <text FeatureID="true_1117 true_1115">business cards</text>
      <target FeatureID="true_1117" href="SMART_HLP_BUSINESSEDITOR.html">Send business cards</target>
      <target FeatureID="true_1115" href="SMART_HLP_BUSINESSVIEWER.html">Received bus. cards</target>
      <target FeatureID="true_1115" href="SMART_HLP_BUSPULLMESVIEWER.html">Business card download</target>
   </keywords>
   <keywords>
      <text FeatureID="true_1111">ringing tones</text>
      <target FeatureID="true_1111" href="SMART_HLP_RINGVIEWER.html">Received ringing tones</target>
   </keywords>
   <keywords>
      <text FeatureID="true_1110">operator logos</text>
      <target FeatureID="true_1110" href="SMART_HLP_OPLOGOVIEWER.html">Received operator logos</target>
   </keywords>
   <keywords>
      <text FeatureID="true_1106">bookmarks</text>
      <target FeatureID="true_1106" href="SMART_HLP_ONEBOOKVIEWER.html">Received bookmark</target>
   </keywords>
   <keywords>
      <text FeatureID="true_1112">receiving pictures</text>
      <target FeatureID="true_1112" href="SMART_HLP_GMSVIEWER.html">View picture messages</target>
   </keywords>
   <keywords>
      <text FeatureID="true_1112">picture messages</text>
      <target FeatureID="true_1112" href="SMART_HLP_GMSVIEWER.html">View picture messages</target>
   </keywords>
   <keywords>
      <text FeatureID="true_1537">remote drive configuration</text>
      <target FeatureID="true_1537" href="SMART_HLP_REMOTEDRIVES_VIEWER.html">Receive remote drive configs</target>
      <target FeatureID="true_1537" href="SMART_HLP_REMOTEDRIVES_EDITOR.html">Send remote drive configs</target>
   </keywords>
</keywords>