<?xml version="1.0" encoding="UTF-8"?>
<keywords>
   <keywords>
      <text FeatureID="-1">modification fréq. prédéf.</text>
      <target FeatureID="-1" href="EQ_HLP_EDITING_VIEW.html">Modification fréq. prédéf.</target>
   </keywords>
   <keywords>
      <text FeatureID="-1">égaliseur</text>
      <target FeatureID="-1" href="EQ_HLP_LIST_VIEW.html">Fréquences prédéfinies</target>
   </keywords>
   <keywords>
      <text FeatureID="-1">bandes de fréquences</text>
      <target FeatureID="-1" href="EQ_HLP_LIST_VIEW.html">Fréquences prédéfinies</target>
   </keywords>
   <keywords>
      <text FeatureID="-1">sélectionner les fréquences prédéfinies</text>
      <target FeatureID="-1" href="EQ_HLP_LIST_VIEW.html">Fréquences prédéfinies</target>
   </keywords>
</keywords>