<?xml version="1.0" encoding="UTF-8"?>
<keywords>
   <keywords>
      <text FeatureID="-1">podešavanja e-pošte</text>
      <target FeatureID="-1" href="MBXS_HLP_SETT_DOWNL_CTRL.html">Podešavanje preuzimanja e-poruka</target>
      <target FeatureID="-1" href="MBXS_HLP_SETT_DOWNL_RETR.html">Količina e-pošte za preuzimanje</target>
      <target FeatureID="-1" href="MBXS_HLP_SETT_MBX_IN.html">Podešavanja dolaznih e-poruka</target>
      <target FeatureID="-1" href="MBXS_HLP_SETT_MBX_IN_OUT.html">Podešavanja veze</target>
      <target FeatureID="-1" href="MBXS_HLP_SETT_MBX_OUT.html">Pod. odlazne e-pošte</target>
      <target FeatureID="-1" href="MCE_HLP_SETTINGS_EMAIL.html">Podešavanja e-pošte</target>
      <target FeatureID="-1" href="MCE_HLP_SETT_EMAILMAIN.html">Izmena poštanskih sandučića</target>
      <target FeatureID="-1" href="MCE_HLP_SETT_MAILBLIST.html">Poštanski sandučići</target>
      <target FeatureID="-1" href="MCE_HLP_SETT_MAILFOLDER_UPD.html">Fascikle poštanskih sandučića</target>
      <target FeatureID="true_1633" href="MCE_HLP_SETT_MAIL_ONLI.html">Automatsko preuzimanje</target>
   </keywords>
   <keywords>
      <text FeatureID="-1">podešavanja sandučeta</text>
      <target FeatureID="-1" href="MCE_HLP_SETT_EMAILMAIN.html">Izmena poštanskih sandučića</target>
   </keywords>
   <keywords>
      <text FeatureID="-1">poštansko sanduče</text>
      <target FeatureID="-1" href="MCE_HLP_SETT_MAILBLIST.html">Poštanski sandučići</target>
      <target FeatureID="-1" href="MCE_HLP_MAILBOX_ONLINE.html">E-pošta na mreži</target>
   </keywords>
   <keywords>
      <text FeatureID="-1">fascikle poštanskih sandučića</text>
      <target FeatureID="-1" href="MCE_HLP_SETT_MAILFOLDER_UPD.html">Fascikle poštanskih sandučića</target>
   </keywords>
   <keywords>
      <text FeatureID="-1">korisnička podešavanja</text>
      <target FeatureID="-1" href="MCE_HLP_SETT_MAIL_USER.html">Korisnička podešavanja</target>
   </keywords>
   <keywords>
      <text FeatureID="true_44">podešavanja za usklađivanje sandučića</text>
      <target FeatureID="true_44" href="MCE_HLP_SETT_SMAILBOX.html">Podešavanja za usklađivanje sandučića</target>
   </keywords>
   <keywords>
      <text FeatureID="true_44">podešavanja usklađivanja e-pošte</text>
      <target FeatureID="true_44" href="MCE_HLP_SETT_SMAILBOX.html">Podešavanja za usklađivanje sandučića</target>
   </keywords>
   <keywords>
      <text FeatureID="-1">e-pošta van mreže</text>
      <target FeatureID="-1" href="MCE_HLP_MAILBOX_OFFLINE.html">E-pošta van mreže</target>
   </keywords>
   <keywords>
      <text FeatureID="-1">povezivanje sa sandučetom</text>
      <target FeatureID="-1" href="MCE_HLP_MAILBOX_ONLINE.html">E-pošta na mreži</target>
   </keywords>
   <keywords>
      <text FeatureID="-1">e-pošta na mreži</text>
      <target FeatureID="-1" href="MCE_HLP_MAILBOX_ONLINE.html">E-pošta na mreži</target>
      <target FeatureID="-1" href="MCE_HLP_MAILBOX_ONLINE.html">E-pošta na mreži</target>
   </keywords>
</keywords>