<?xml version="1.0" encoding="UTF-8"?>
<keywords>
   <keywords>
      <text FeatureID="-1">motivy</text>
      <target FeatureID="-1" href="SKINS_HLP_LIST.html">Obecné motivy</target>
      <target FeatureID="-1" href="SCREENSAVER_HLP_WP_SETTINGS.html">Nastavení prezentace jako tapety</target>
      <target FeatureID="-1" href="SKINS_HLP_WP_SETTINGS.html">Nastavení tapety</target>
      <target FeatureID="true_1503" href="SKINS_HLP_CIMAGE_SETTINGS.html">Volba obrázku zobrazeného při hovoru</target>
      <target FeatureID="-1" href="SKINS_HLP_APPSHELL.html">Nastavení vzhledu menu</target>
      <target FeatureID="-1" href="SKINS_HLP_IDLE.html">Nastavení domovské obrazovky</target>
      <target FeatureID="-1" href="SKINS_HLP_APP_MAIN.html">Přizpůsobení displeje</target>
      <target FeatureID="-1" href="SKINS_HLP_APPSKINS_LIST.html">Motivy aplikací</target>
   </keywords>
   <keywords>
      <text FeatureID="-1">prezentace jako tapeta</text>
      <target FeatureID="-1" href="SCREENSAVER_HLP_WP_SETTINGS.html">Nastavení prezentace jako tapety</target>
   </keywords>
   <keywords>
      <text FeatureID="-1">nastavení prezentace</text>
      <target FeatureID="-1" href="SCREENSAVER_HLP_WP_SETTINGS.html">Nastavení prezentace jako tapety</target>
   </keywords>
   <keywords>
      <text FeatureID="-1">nastavení tapety</text>
      <target FeatureID="-1" href="SKINS_HLP_WP_SETTINGS.html">Nastavení tapety</target>
   </keywords>
   <keywords>
      <text FeatureID="-1">obrázek na pozadí</text>
      <target FeatureID="-1" href="SKINS_HLP_WP_SETTINGS.html">Nastavení tapety</target>
      <target FeatureID="-1" href="SKINS_HLP_APP_MAIN.html">Přizpůsobení displeje</target>
   </keywords>
   <keywords>
      <text FeatureID="-1">spořič displeje</text>
      <target FeatureID="-1" href="SKINS_HLP_SCREENS_SETTINGS.html">Nastavení spořiče displeje</target>
   </keywords>
   <keywords>
      <text FeatureID="true_1503">nastavení obrázku zobrazeného při hovoru</text>
      <target FeatureID="true_1503" href="SKINS_HLP_CIMAGE_SETTINGS.html">Volba obrázku zobrazeného při hovoru</target>
   </keywords>
   <keywords>
      <text FeatureID="-1">menu</text>
      <target FeatureID="-1" href="SKINS_HLP_APPSHELL.html">Nastavení vzhledu menu</target>
   </keywords>
   <keywords>
      <text FeatureID="-1">nastavení, výchozí zobrazení</text>
      <target FeatureID="-1" href="SKINS_HLP_IDLE.html">Nastavení domovské obrazovky</target>
   </keywords>
   <keywords>
      <text FeatureID="-1">widget, nástroje</text>
      <target FeatureID="-1" href="SKINS_HLP_IDLE.html">Nastavení domovské obrazovky</target>
   </keywords>
</keywords>