<?xml version="1.0" encoding="UTF-8"?>
<keywords>
   <keywords>
      <text FeatureID="-1">Quickoffice, file manager</text>
      <target FeatureID="-1" href="QFM_HLP_FILE_MENU.html">File manager</target>
   </keywords>
   <keywords>
      <text FeatureID="-1">Quickoffice</text>
      <target FeatureID="-1" href="QFM_HLP_LOC_MENU.html">Quickoffice</target>
   </keywords>
   <keywords>
      <text FeatureID="-1">Quickpoint</text>
      <target FeatureID="-1" href="QPOINT_HLP_EDIT_SLIDE_VIEW.html">I-edit ang slides</target>
      <target FeatureID="-1" href="QPOINT_HLP_REPLACE_VIEW.html">Hanapin at magpalit ng text</target>
      <target FeatureID="-1" href="QPOINT_HLP_FIND_VIEW.html">Hanapin ang text</target>
      <target FeatureID="-1" href="QPOINT_HLP_VIEW_SLIDE_VIEW.html">Manood ng mga slide</target>
   </keywords>
   <keywords>
      <text FeatureID="-1">Quickpoint, text</text>
      <target FeatureID="-1" href="QPOINT_HLP_EDIT_TEXT_VIEW.html">Mag-e-edit ng text</target>
   </keywords>
   <keywords>
      <text FeatureID="-1">Quickpoint, mga komento</text>
      <target FeatureID="-1" href="QPOINT_HLP_COMMENT_VIEW.html">Tingnan ang mga komento</target>
   </keywords>
   <keywords>
      <text FeatureID="-1">Quickpoint, mga tala</text>
      <target FeatureID="-1" href="QPOINT_HLP_VIEW_NOTES_VIEW.html">Tumingin ng mga tala</target>
   </keywords>
   <keywords>
      <text FeatureID="-1">Quickpoint, mga balangkas</text>
      <target FeatureID="-1" href="QPOINT_HLP_VIEW_OUTLINE_VIEW.html">Tingnan ang mga balangkas</target>
   </keywords>
   <keywords>
      <text FeatureID="-1">Quicksheet, mga cell</text>
      <target FeatureID="-1" href="QSHEET_HLP_CELLS_EDIT.html">Mag-edit ng mga cell</target>
      <target FeatureID="-1" href="QSHEET_HLP_VIEW_CELL.html">Tumingin ng mga cell</target>
   </keywords>
   <keywords>
      <text FeatureID="-1">Quicksheet, mga column</text>
      <target FeatureID="-1" href="QSHEET_HLP_EDIT_COLUMN.html">Mag-edit ng mga column</target>
   </keywords>
   <keywords>
      <text FeatureID="-1">Quicksheet, mga range</text>
      <target FeatureID="-1" href="QSHEET_HLP_EDIT_RANGE.html">Mag-edit ng mga hanay</target>
   </keywords>
   <keywords>
      <text FeatureID="-1">Quicksheet, mga row</text>
      <target FeatureID="-1" href="QSHEET_HLP_EDIT_ROW.html">Mag-edit ng mga row</target>
   </keywords>
   <keywords>
      <text FeatureID="-1">Quicksheet</text>
      <target FeatureID="-1" href="QSHEET_HLP_REPLACE_VIEW.html">Hanapin at magpalit ng text</target>
      <target FeatureID="-1" href="QSHEET_HLP_FIND_VIEW.html">Hanapin ang text</target>
      <target FeatureID="-1" href="QSHEET_HLP_CELLS_VIEW.html">Tumingin ng mga spreadsheet</target>
   </keywords>
   <keywords>
      <text FeatureID="-1">Quickword</text>
      <target FeatureID="-1" href="QWORD_HLP_EDIT_MODE.html">Mag-edit ng mga dokumento</target>
      <target FeatureID="-1" href="QWORD_HLP_FIND_MODE.html">Hanapin at magpalit ng text</target>
      <target FeatureID="-1" href="QWORD_HLP_VIEW_MODE.html">Tumingin ng mga dokumento</target>
      <target FeatureID="-1" href="QWORD_HLP_PAGE_VIEW.html">Tingnan ang layout ng pahina</target>
   </keywords>
</keywords>