<?xml version="1.0" encoding="UTF-8"?>
<keywords>
   <keywords>
      <text FeatureID="-1">certificats</text>
      <target FeatureID="-1" href="AM_HLP_GENERAL_SETTINGS.html">Configuració del certificat</target>
   </keywords>
   <keywords>
      <text FeatureID="-1">configuració, certificats</text>
      <target FeatureID="-1" href="AM_HLP_GENERAL_SETTINGS.html">Configuració del certificat</target>
   </keywords>
   <keywords>
      <text FeatureID="-1">instal·lació d'aplicacions</text>
      <target FeatureID="-1" href="AM_HLP_NOT_INSTALLED.html">Fitxers d'instal·lació</target>
      <target FeatureID="-1" href="AM_HLP_APPLICATION.html">Gestioneu aplicacions</target>
   </keywords>
   <keywords>
      <text FeatureID="-1">aplicacions no instal·lades</text>
      <target FeatureID="-1" href="AM_HLP_NOT_INSTALLED.html">Fitxers d'instal·lació</target>
   </keywords>
   <keywords>
      <text FeatureID="-1">aplicacions instal·lades</text>
      <target FeatureID="-1" href="AM_HLP_INSTALLED.html">Aplicacions instal·lades</target>
   </keywords>
   <keywords>
      <text FeatureID="-1">instal·lació del programari</text>
      <target FeatureID="-1" href="AM_HLP_APPLICATION.html">Gestioneu aplicacions</target>
   </keywords>
   <keywords>
      <text FeatureID="-1">sol·licituds de permís</text>
      <target FeatureID="-1" href="AM_HLP_INSTALL_CAPAB.html">Sol·licituds de permís</target>
   </keywords>
   <keywords>
      <text FeatureID="-1">instal·lació no de confiança</text>
      <target FeatureID="-1" href="AM_HLP_INSTALL_UNTRUSTED.html">Instal·lació no de confiança</target>
   </keywords>
</keywords>