<?xml version="1.0" encoding="UTF-8"?>
<keywords>
   <keywords>
      <text FeatureID="true_1604">text input</text>
      <target FeatureID="true_1604" href="HWR_HLP_MAIN_VIEW.html">Eskuz idatzitakoaren ezagutza</target>
   </keywords>
   <keywords>
      <text FeatureID="true_1604">eskuz idatzitakoaren ezagutza</text>
      <target FeatureID="true_1604" href="HWR_HLP_MAIN_VIEW.html">Eskuz idatzitakoaren ezagutza</target>
   </keywords>
   <keywords>
      <text FeatureID="true_1603 true_410">ukipen-sarrera</text>
      <target FeatureID="true_1603" href="VQWERTY_HLP_MAIN_VIEW.html">Teklatu birtuala</target>
      <target FeatureID="true_410" href="VITU_HLP_MAIN_VIEW.html">Tekla birtuala</target>
   </keywords>
   <keywords>
      <text FeatureID="true_410">tekla birtuala</text>
      <target FeatureID="true_410" href="VITU_HLP_MAIN_VIEW.html">Tekla birtuala</target>
   </keywords>
</keywords>