<?xml version="1.0" encoding="UTF-8"?>
<keywords>
   <keywords>
      <text FeatureID="-1">andmeedastus</text>
      <target FeatureID="-1" href="SWITCH_HLP_EDIT_SHORTCUT.html">Otseteede seaded</target>
      <target FeatureID="-1" href="SWITCH_HLP_MAIN.html">Andmete edastamine</target>
      <target FeatureID="-1" href="SWITCH_HLP_LOG.html">Edastuslogi</target>
   </keywords>
   <keywords>
      <text FeatureID="-1">andmete edastamine</text>
      <target FeatureID="-1" href="SWITCH_HLP_EDIT_SHORTCUT.html">Otseteede seaded</target>
      <target FeatureID="-1" href="SWITCH_HLP_MAIN.html">Andmete edastamine</target>
   </keywords>
   <keywords>
      <text FeatureID="-1">otseteed</text>
      <target FeatureID="-1" href="SWITCH_HLP_EDIT_SHORTCUT.html">Otseteede seaded</target>
   </keywords>
   <keywords>
      <text FeatureID="-1">andmeedastus, konfliktid</text>
      <target FeatureID="-1" href="SWITCH_HLP_CONFLICT.html">Edastuskonfliktid</target>
   </keywords>
   <keywords>
      <text FeatureID="-1">sisu kopeerimine</text>
      <target FeatureID="-1" href="SWITCH_HLP_MAIN.html">Andmete edastamine</target>
   </keywords>
   <keywords>
      <text FeatureID="-1">edastuslogi</text>
      <target FeatureID="-1" href="SWITCH_HLP_LOG.html">Edastuslogi</target>
   </keywords>
</keywords>