<?xml version="1.0" encoding="UTF-8"?>
<keywords>
   <keywords>
      <text FeatureID="-1">뮤직 플레이어</text>
      <target FeatureID="-1" href="MUS_HLP_TRACKS_VIEW.html">노래</target>
      <target FeatureID="-1" href="MUS_HLP_CATEGORY_VIEW.html">음악 범주</target>
      <target FeatureID="-1" href="MUS_HLP_PODCAST_MAIN_VIEW.html">팟캐스트</target>
      <target FeatureID="-1" href="MUS_HLP_PODCAST_EPISODES.html">팟캐스트 에피소드</target>
      <target FeatureID="-1" href="MUS_HLP_PLAYLISTS_VIEW.html">음악 재생 목록</target>
      <target FeatureID="-1" href="MUS_HLP_AUDIO_SETT.html">오디오 설정</target>
   </keywords>
   <keywords>
      <text FeatureID="-1">팟캐스팅</text>
      <target FeatureID="-1" href="MUS_HLP_PODCAST_MAIN_VIEW.html">팟캐스트</target>
      <target FeatureID="-1" href="MUS_HLP_PODCAST_EPISODES.html">팟캐스트 에피소드</target>
   </keywords>
   <keywords>
      <text FeatureID="-1">재생 목록</text>
      <target FeatureID="-1" href="MUS_HLP_PLAYLISTS_VIEW.html">음악 재생 목록</target>
   </keywords>
   <keywords>
      <text FeatureID="-1">music player</text>
      <target FeatureID="-1" href="MUS_HLP_DOWNLOAD_PLAYBACK_VIEW.html">Play music on web</target>
      <target FeatureID="-1" href="MUS_HLP_LIB_MAIN_VIEW.html">Music library</target>
   </keywords>
   <keywords>
      <text FeatureID="-1">저음 증폭기</text>
      <target FeatureID="-1" href="MUS_HLP_AUDIO_SETT.html">오디오 설정</target>
   </keywords>
   <keywords>
      <text FeatureID="-1">스테레오 확장</text>
      <target FeatureID="-1" href="MUS_HLP_AUDIO_SETT.html">오디오 설정</target>
   </keywords>
</keywords>