<?xml version="1.0" encoding="UTF-8"?><?xml-stylesheet  href="../../theme/xsl/index2html.xslt" type="text/xsl"?>
<topics FeatureID="-1" title="‎אינטרנט" compressed="true">
   <topicref FeatureID="-1" href="OSS_HLP_BM_ADDBM.html" navtitle="הוספת סימניות"/>
   <topicref FeatureID="true_167" href="OSS_HLP_RSS_ADD.html" navtitle="הוספת הזנות אינטרנט"/>
   <topicref FeatureID="-1" href="OSS_HLP_PAGEVIEW.html" navtitle="גלישה באינטרנט"/>
   <topicref FeatureID="-1" href="OSS_HLP_BM_MAIN.html" navtitle="עיון בסימניות"/>
   <topicref FeatureID="true_167" href="OSS_HLP_RSS_EDIT.html" navtitle="עריכת הזנות אינטרנט"/>
   <topicref FeatureID="-1" href="OSS_HLP_SETTINGS_GENERAL.html" navtitle="הגדרות כלליות"/>
   <topicref FeatureID="-1" href="OSS_HLP_SETTINGS_PAGE.html" navtitle="הגדרות דף"/>
   <topicref FeatureID="-1" href="OSS_HLP_SETTINGS_PRIVACY.html" navtitle="הגדרות פרטיות"/>
   <topicref FeatureID="true_167" href="OSS_HLP_RSS_ARTICLE.html" navtitle="כתבות בהזנות אינטרנט"/>
   <topicref FeatureID="true_167" href="OSS_HLP_SETTINGS_RSS.html" navtitle="הגדרות הזנות אינטרנט"/>
   <topicref FeatureID="true_167" href="OSS_HLP_RSS_ARTICLELST.html" navtitle="הזנות אינטרנט"/>
   <topicref FeatureID="-1" href="OSS_HLP_PAGEVIEW_EMBED.html" navtitle="אינטרנט ביישומים"/>
   <topicref FeatureID="-1" href="OSS_HLP_SETTINGS_FOLDERS.html" navtitle="הגדרות אינטרנט"/>
   <topicref FeatureID="true_167" href="OSS_HLP_RSS_MAIN.html" navtitle="הזנות אינטרנט ובלוגים"/>
   <topicref FeatureID="false_410" href="OSS_HLP_SHORTCUTS.html" navtitle="קיצורים לסרגל הכלים"/>
</topics>