<?xml version="1.0" encoding="UTF-8"?>
<keywords>
   <keywords>
      <text FeatureID="-1">סימניות</text>
      <target FeatureID="-1" href="OSS_HLP_BM_ADDBM.html">הוספת סימניות</target>
   </keywords>
   <keywords>
      <text FeatureID="-1">סימניות דפדפן</text>
      <target FeatureID="-1" href="OSS_HLP_BM_ADDBM.html">הוספת סימניות</target>
      <target FeatureID="-1" href="OSS_HLP_BM_MAIN.html">עיון בסימניות</target>
   </keywords>
   <keywords>
      <text FeatureID="-1">אינטרנט</text>
      <target FeatureID="-1" href="OSS_HLP_BM_ADDBM.html">הוספת סימניות</target>
      <target FeatureID="true_167" href="OSS_HLP_RSS_ADD.html">הוספת הזנות אינטרנט</target>
      <target FeatureID="-1" href="OSS_HLP_PAGEVIEW.html">גלישה באינטרנט</target>
      <target FeatureID="true_167" href="OSS_HLP_RSS_EDIT.html">עריכת הזנות אינטרנט</target>
      <target FeatureID="true_167" href="OSS_HLP_RSS_ARTICLE.html">כתבות בהזנות אינטרנט</target>
      <target FeatureID="true_167" href="OSS_HLP_RSS_ARTICLELST.html">הזנות אינטרנט</target>
      <target FeatureID="true_167" href="OSS_HLP_RSS_MAIN.html">הזנות אינטרנט ובלוגים</target>
   </keywords>
   <keywords>
      <text FeatureID="true_167">הזנות</text>
      <target FeatureID="true_167" href="OSS_HLP_RSS_ADD.html">הוספת הזנות אינטרנט</target>
      <target FeatureID="true_167" href="OSS_HLP_RSS_EDIT.html">עריכת הזנות אינטרנט</target>
      <target FeatureID="true_167" href="OSS_HLP_RSS_ARTICLE.html">כתבות בהזנות אינטרנט</target>
      <target FeatureID="true_167" href="OSS_HLP_RSS_ARTICLELST.html">הזנות אינטרנט</target>
      <target FeatureID="true_167" href="OSS_HLP_RSS_MAIN.html">הזנות אינטרנט ובלוגים</target>
   </keywords>
   <keywords>
      <text FeatureID="true_167">הזנות RSS</text>
      <target FeatureID="true_167" href="OSS_HLP_RSS_ADD.html">הוספת הזנות אינטרנט</target>
      <target FeatureID="true_167" href="OSS_HLP_RSS_ARTICLE.html">כתבות בהזנות אינטרנט</target>
      <target FeatureID="true_167" href="OSS_HLP_RSS_ARTICLELST.html">הזנות אינטרנט</target>
      <target FeatureID="true_167" href="OSS_HLP_RSS_MAIN.html">הזנות אינטרנט ובלוגים</target>
   </keywords>
   <keywords>
      <text FeatureID="true_167">חדשות ובלוגים</text>
      <target FeatureID="true_167" href="OSS_HLP_RSS_ADD.html">הוספת הזנות אינטרנט</target>
      <target FeatureID="true_167" href="OSS_HLP_RSS_EDIT.html">עריכת הזנות אינטרנט</target>
      <target FeatureID="true_167" href="OSS_HLP_RSS_ARTICLE.html">כתבות בהזנות אינטרנט</target>
      <target FeatureID="true_167" href="OSS_HLP_RSS_ARTICLELST.html">הזנות אינטרנט</target>
      <target FeatureID="true_167" href="OSS_HLP_RSS_MAIN.html">הזנות אינטרנט ובלוגים</target>
   </keywords>
   <keywords>
      <text FeatureID="true_167">בלוגים</text>
      <target FeatureID="true_167" href="OSS_HLP_RSS_ADD.html">הוספת הזנות אינטרנט</target>
      <target FeatureID="true_167" href="OSS_HLP_RSS_EDIT.html">עריכת הזנות אינטרנט</target>
      <target FeatureID="true_167" href="OSS_HLP_RSS_ARTICLE.html">כתבות בהזנות אינטרנט</target>
      <target FeatureID="true_167" href="OSS_HLP_RSS_ARTICLELST.html">הזנות אינטרנט</target>
      <target FeatureID="true_167" href="OSS_HLP_RSS_MAIN.html">הזנות אינטרנט ובלוגים</target>
   </keywords>
   <keywords>
      <text FeatureID="-1">גלישה בדפים</text>
      <target FeatureID="-1" href="OSS_HLP_PAGEVIEW.html">גלישה באינטרנט</target>
   </keywords>
   <keywords>
      <text FeatureID="-1">פתיחת סימניות</text>
      <target FeatureID="-1" href="OSS_HLP_BM_MAIN.html">עיון בסימניות</target>
   </keywords>
   <keywords>
      <text FeatureID="true_167">הזנות rss</text>
      <target FeatureID="true_167" href="OSS_HLP_RSS_EDIT.html">עריכת הזנות אינטרנט</target>
   </keywords>
   <keywords>
      <text FeatureID="-1">הגדרות דפדפן</text>
      <target FeatureID="-1" href="OSS_HLP_SETTINGS_GENERAL.html">הגדרות כלליות</target>
      <target FeatureID="-1" href="OSS_HLP_SETTINGS_PAGE.html">הגדרות דף</target>
      <target FeatureID="-1" href="OSS_HLP_SETTINGS_PRIVACY.html">הגדרות פרטיות</target>
      <target FeatureID="true_167" href="OSS_HLP_SETTINGS_RSS.html">הגדרות הזנות אינטרנט</target>
      <target FeatureID="-1" href="OSS_HLP_SETTINGS_FOLDERS.html">הגדרות אינטרנט</target>
      <target FeatureID="false_410" href="OSS_HLP_SHORTCUTS.html">קיצורים לסרגל הכלים</target>
   </keywords>
   <keywords>
      <text FeatureID="-1">הגדרות אינטרנט</text>
      <target FeatureID="-1" href="OSS_HLP_SETTINGS_GENERAL.html">הגדרות כלליות</target>
      <target FeatureID="-1" href="OSS_HLP_SETTINGS_PAGE.html">הגדרות דף</target>
      <target FeatureID="-1" href="OSS_HLP_SETTINGS_PRIVACY.html">הגדרות פרטיות</target>
      <target FeatureID="true_167" href="OSS_HLP_SETTINGS_RSS.html">הגדרות הזנות אינטרנט</target>
      <target FeatureID="-1" href="OSS_HLP_SETTINGS_FOLDERS.html">הגדרות אינטרנט</target>
      <target FeatureID="false_410" href="OSS_HLP_SHORTCUTS.html">קיצורים לסרגל הכלים</target>
   </keywords>
   <keywords>
      <text FeatureID="-1">הגדרות עבור האינטרנט</text>
      <target FeatureID="-1" href="OSS_HLP_SETTINGS_PAGE.html">הגדרות דף</target>
      <target FeatureID="true_167" href="OSS_HLP_SETTINGS_RSS.html">הגדרות הזנות אינטרנט</target>
      <target FeatureID="-1" href="OSS_HLP_SETTINGS_FOLDERS.html">הגדרות אינטרנט</target>
   </keywords>
   <keywords>
      <text FeatureID="-1">הגדרות פרטיות</text>
      <target FeatureID="-1" href="OSS_HLP_SETTINGS_PRIVACY.html">הגדרות פרטיות</target>
   </keywords>
   <keywords>
      <text FeatureID="-1">פתיחת דף ספציפי</text>
      <target FeatureID="-1" href="OSS_HLP_PAGEVIEW_EMBED.html">אינטרנט ביישומים</target>
   </keywords>
   <keywords>
      <text FeatureID="-1">אינטרנט ביישומים</text>
      <target FeatureID="-1" href="OSS_HLP_PAGEVIEW_EMBED.html">אינטרנט ביישומים</target>
   </keywords>
</keywords>