<?xml version="1.0" encoding="UTF-8"?>
<keywords>
   <keywords>
      <text FeatureID="-1">spraakopdrachten</text>
      <target FeatureID="true_72" href="HLP_VC_SIND_FOLDER.html">Toepassingsweergave</target>
      <target FeatureID="true_72" href="HLP_VC_SIND_MAIN.html">Spraakopdrachten gebruiken</target>
      <target FeatureID="-1" href="VCINFO_HLP_MAINVIEW.html">Voor contacten</target>
   </keywords>
   <keywords>
      <text FeatureID="-1">spraakopdrachten, instellingen</text>
      <target FeatureID="-1" href="HLP_VC_SET.html">Instellingen voor spraakopdrachten</target>
   </keywords>
</keywords>