<?xml version="1.0" encoding="UTF-8"?>
<keywords>
   <keywords>
      <text FeatureID="-1">temes d'àudio</text>
      <target FeatureID="-1" href="AUDIOTHEME_HLP_EVENTGROUPS.html">Canviar temes d'àudio</target>
      <target FeatureID="-1" href="SET_HLP_AUDIO_THEME_EVENTSLIST.html">Sons d'esdeveniments del dispositiu</target>
   </keywords>
   <keywords>
      <text FeatureID="-1">personalitzar el dispositiu</text>
      <target FeatureID="-1" href="AUDIOTHEME_HLP_EVENTGROUPS.html">Canviar temes d'àudio</target>
      <target FeatureID="-1" href="SET_HLP_AUDIO_THEME_EVENTSLIST.html">Sons d'esdeveniments del dispositiu</target>
   </keywords>
   <keywords>
      <text FeatureID="-1">sons del dispositiu</text>
      <target FeatureID="-1" href="AUDIOTHEME_HLP_EVENTGROUPS.html">Canviar temes d'àudio</target>
      <target FeatureID="-1" href="SET_HLP_AUDIO_THEME_EVENTSLIST.html">Sons d'esdeveniments del dispositiu</target>
   </keywords>
</keywords>