<?xml version="1.0" encoding="UTF-8"?>
<keywords>
   <keywords>
      <text FeatureID="-1">certificados</text>
      <target FeatureID="-1" href="AM_HLP_GENERAL_SETTINGS.html">Axustes de certificados</target>
   </keywords>
   <keywords>
      <text FeatureID="-1">axustes, certificados</text>
      <target FeatureID="-1" href="AM_HLP_GENERAL_SETTINGS.html">Axustes de certificados</target>
   </keywords>
   <keywords>
      <text FeatureID="-1">instalación de aplicacións</text>
      <target FeatureID="-1" href="AM_HLP_NOT_INSTALLED.html">Ficheiros de instalación</target>
      <target FeatureID="-1" href="AM_HLP_APPLICATION.html">Xestión de aplicacións</target>
   </keywords>
   <keywords>
      <text FeatureID="-1">aplicacións non instaladas</text>
      <target FeatureID="-1" href="AM_HLP_NOT_INSTALLED.html">Ficheiros de instalación</target>
   </keywords>
   <keywords>
      <text FeatureID="-1">aplicacións instaladas</text>
      <target FeatureID="-1" href="AM_HLP_INSTALLED.html">Aplicacións instaladas</target>
   </keywords>
   <keywords>
      <text FeatureID="-1">instalación de software</text>
      <target FeatureID="-1" href="AM_HLP_APPLICATION.html">Xestión de aplicacións</target>
   </keywords>
   <keywords>
      <text FeatureID="-1">peticións de permiso</text>
      <target FeatureID="-1" href="AM_HLP_INSTALL_CAPAB.html">Peticións de permiso</target>
   </keywords>
   <keywords>
      <text FeatureID="-1">instalación non fiable</text>
      <target FeatureID="-1" href="AM_HLP_INSTALL_UNTRUSTED.html">Instalación non fiable</target>
   </keywords>
</keywords>