<?xml version="1.0" encoding="UTF-8"?>
<keywords>
   <keywords>
      <text FeatureID="-1">ศูนย์ฝากข้อความเสียง</text>
      <target FeatureID="-1" href="SMSVO_HLP_MAIN_VIEW.html">ศูนย์ฝากข้อความเสียง</target>
      <target FeatureID="true_298" href="SMSVO_HLP_CS_VIDEO_AND_XSP_VOIP.html">ศูนย์ฝากข้อความเสียง วิดีโอ และสายอินเทอร์เน็ต</target>
   </keywords>
   <keywords>
      <text FeatureID="-1">เครื่องตอบรับอัตโนมัติ</text>
      <target FeatureID="-1" href="SMSVO_HLP_MAIN_VIEW.html">ศูนย์ฝากข้อความเสียง</target>
      <target FeatureID="true_89" href="SMSVO_HLP_CS_AND_VIDEO.html">ศูนย์ฝากข้อความเสียงและวิดีโอ</target>
      <target FeatureID="true_298" href="SMSVO_HLP_CS_VIDEO_AND_XSP_VOIP.html">ศูนย์ฝากข้อความเสียง วิดีโอ และสายอินเทอร์เน็ต</target>
   </keywords>
   <keywords>
      <text FeatureID="true_89">ศูนย์ฝากข้อความวิดีโอ</text>
      <target FeatureID="true_89" href="SMSVO_HLP_CS_AND_VIDEO.html">ศูนย์ฝากข้อความเสียงและวิดีโอ</target>
   </keywords>
   <keywords>
      <text FeatureID="true_298">ศูนย์ฝากข้อความสายอินเทอร์เน็ต</text>
      <target FeatureID="true_298" href="SMSVO_HLP_CS_VIDEO_AND_XSP_VOIP.html">ศูนย์ฝากข้อความเสียง วิดีโอ และสายอินเทอร์เน็ต</target>
   </keywords>
</keywords>