<?xml version="1.0" encoding="UTF-8"?>
<keywords>
   <keywords>
      <text FeatureID="-1">مقوله های مرزنما</text>
      <target FeatureID="-1" href="LM_HLP_LM_BY_CATEGORY.html">مقوله های مرزنما</target>
      <target FeatureID="-1" href="LM_HLP_EDIT_CATEGORIES.html">ویرایش مقوله های مرزنما</target>
   </keywords>
   <keywords>
      <text FeatureID="-1">مرزنماها</text>
      <target FeatureID="-1" href="LM_HLP_LM_BY_NAME.html">مشاهده مرزنماها بر اساس نام</target>
      <target FeatureID="-1" href="LM_HLP_CATEGORY_CONTENTS.html">مرزنماها بر اساس مقوله</target>
      <target FeatureID="-1" href="LM_HLP_LM_VIEWER.html">مرزنماها بر اساس جزئیات</target>
   </keywords>
   <keywords>
      <text FeatureID="-1">ویرایش مرزنما</text>
      <target FeatureID="-1" href="LM_HLP_LM_EDITOR.html">ویرایش مرزنما</target>
   </keywords>
</keywords>