<?xml version="1.0" encoding="UTF-8"?>
<keywords>
   <keywords>
      <text FeatureID="-1">kamera</text>
      <target FeatureID="-1" href="LCAM_HLP_VIEWFINDER_PHOTO.html">Fotografēšana</target>
      <target FeatureID="false_410" href="LCAM_HLP_LIGHT_SENSITIVITY.html">Gaismjutības maiņa</target>
      <target FeatureID="-1" href="LCAM_HLP_SCENES_PHOTO.html">Attēlu ainas</target>
      <target FeatureID="-1" href="LCAM_HLP_VIEWFINDER_VIDEO.html">Videoklipu ierakstīšana</target>
      <target FeatureID="false_410" href="LCAM_HLP_SCENES_VIDEO.html">Video ainas</target>
      <target FeatureID="-1" href="LCAM_HLP_VIEWFINDER_VIDEO_EM.html">Video programmās</target>
      <target FeatureID="false_410" href="LCAM_HLP_STANDYBY_EM.html">Kamera nav aktīva</target>
      <target FeatureID="-1" href="LCAM_HLP_POST_VIDEO.html">Videoklipu demonstrēšana</target>
      <target FeatureID="-1" href="LCAM_HLP_POST_PHOTO.html">Uzņemto fotoattēlu skatīšana</target>
      <target FeatureID="true_132" href="LCAM_HLP_POST_SEQ.html">Sērijas režīmā uzņemtu attēlu skatīšana</target>
   </keywords>
   <keywords>
      <text FeatureID="-1">fotografēšana</text>
      <target FeatureID="-1" href="LCAM_HLP_VIEWFINDER_PHOTO.html">Fotografēšana</target>
   </keywords>
   <keywords>
      <text FeatureID="false_410">gaismjutība</text>
      <target FeatureID="false_410" href="LCAM_HLP_LIGHT_SENSITIVITY.html">Gaismjutības maiņa</target>
   </keywords>
   <keywords>
      <text FeatureID="-1">kameras ainas</text>
      <target FeatureID="-1" href="LCAM_HLP_SETTINGS_PHOUSER.html">Ainu definēšana</target>
   </keywords>
   <keywords>
      <text FeatureID="-1">ainas</text>
      <target FeatureID="-1" href="LCAM_HLP_SCENES_PHOTO.html">Attēlu ainas</target>
   </keywords>
   <keywords>
      <text FeatureID="-1">kameras uzstādījumi</text>
      <target FeatureID="-1" href="LCAM_HLP_SETTINGS.html">Kameras uzstādījumi</target>
   </keywords>
   <keywords>
      <text FeatureID="-1">kamera, uzstādījumi</text>
      <target FeatureID="-1" href="LCAM_HLP_SETTINGS_PHOTO.html">Attēlu uzstādījumi</target>
      <target FeatureID="-1" href="LCAM_HLP_SETTINGS_VIDEO.html">Video uzstādījumi</target>
   </keywords>
   <keywords>
      <text FeatureID="-1">video ierakstīšana</text>
      <target FeatureID="-1" href="LCAM_HLP_VIEWFINDER_VIDEO.html">Videoklipu ierakstīšana</target>
   </keywords>
   <keywords>
      <text FeatureID="false_410">video ainas</text>
      <target FeatureID="false_410" href="LCAM_HLP_SCENES_VIDEO.html">Video ainas</target>
   </keywords>
   <keywords>
      <text FeatureID="-1">videoklipi, uzstādījumi</text>
      <target FeatureID="-1" href="LCAM_HLP_SETTINGS_VIDEO.html">Video uzstādījumi</target>
   </keywords>
   <keywords>
      <text FeatureID="-1">videoklipi programmās</text>
      <target FeatureID="-1" href="LCAM_HLP_VIEWFINDER_VIDEO_EM.html">Video programmās</target>
   </keywords>
   <keywords>
      <text FeatureID="-1">videoklipu demonstrēšana</text>
      <target FeatureID="-1" href="LCAM_HLP_POST_VIDEO.html">Videoklipu demonstrēšana</target>
   </keywords>
   <keywords>
      <text FeatureID="-1">kamera programmās</text>
      <target FeatureID="-1" href="LCAM_HLP_VIEWFINDER_PHOTO_EM.html">Attēli programmās</target>
   </keywords>
   <keywords>
      <text FeatureID="-1">attēlu skatīšana</text>
      <target FeatureID="-1" href="LCAM_HLP_POST_PHOTO.html">Uzņemto fotoattēlu skatīšana</target>
   </keywords>
   <keywords>
      <text FeatureID="true_132">sērijas režīms</text>
      <target FeatureID="true_132" href="LCAM_HLP_POST_SEQ.html">Sērijas režīmā uzņemtu attēlu skatīšana</target>
   </keywords>
</keywords>