<?xml version="1.0" encoding="UTF-8"?>
<keywords>
   <keywords>
      <text FeatureID="-1">вміст для обміну</text>
      <target FeatureID="-1" href="UPNP_HLP_SHARE_CONTENT.html">Вибір вмісту для обміну</target>
   </keywords>
   <keywords>
      <text FeatureID="-1">домашній медіацентр</text>
      <target FeatureID="-1" href="UPNP_HLP_SHARE_CONTENT.html">Вибір вмісту для обміну</target>
      <target FeatureID="-1" href="UPNP_HLP_SHARING_PROP.html">Установки обміну</target>
      <target FeatureID="-1" href="UPNP_HLP_MAIN_VIEW.html">Домашній медіацентр</target>
      <target FeatureID="-1" href="UPNP_HLP_MAIN_EXTERNAL.html">Пристрої домашнього медіацентру</target>
      <target FeatureID="-1" href="UPNP_HLP_CONTENT_VIEW.html">Файли домашнього медіацентру</target>
      <target FeatureID="-1" href="UPNP_HLP_REMOTE_DEVICES.html">Папки домашнього медіацентру</target>
      <target FeatureID="-1" href="UPNP_HLP_SEARCH.html">Результати пошуку</target>
   </keywords>
   <keywords>
      <text FeatureID="-1">обмін зображеннями та відео</text>
      <target FeatureID="-1" href="UPNP_HLP_SHARE_CONTENT.html">Вибір вмісту для обміну</target>
   </keywords>
   <keywords>
      <text FeatureID="-1">обмін мультимедійними файлами</text>
      <target FeatureID="-1" href="UPNP_HLP_SHARING_PROP.html">Установки обміну</target>
      <target FeatureID="-1" href="UPNP_HLP_MAIN_VIEW.html">Домашній медіацентр</target>
      <target FeatureID="-1" href="UPNP_HLP_MAIN_EXTERNAL.html">Пристрої домашнього медіацентру</target>
      <target FeatureID="-1" href="UPNP_HLP_CONTENT_VIEW.html">Файли домашнього медіацентру</target>
      <target FeatureID="-1" href="UPNP_HLP_REMOTE_DEVICES.html">Папки домашнього медіацентру</target>
      <target FeatureID="-1" href="UPNP_HLP_SEARCH.html">Результати пошуку</target>
   </keywords>
   <keywords>
      <text FeatureID="-1">перегляд файлів на віддаленому пристрої</text>
      <target FeatureID="-1" href="UPNP_HLP_SHARING_PROP.html">Установки обміну</target>
      <target FeatureID="-1" href="UPNP_HLP_MAIN_VIEW.html">Домашній медіацентр</target>
      <target FeatureID="-1" href="UPNP_HLP_MAIN_EXTERNAL.html">Пристрої домашнього медіацентру</target>
      <target FeatureID="-1" href="UPNP_HLP_CONTENT_VIEW.html">Файли домашнього медіацентру</target>
      <target FeatureID="-1" href="UPNP_HLP_REMOTE_DEVICES.html">Папки домашнього медіацентру</target>
      <target FeatureID="-1" href="UPNP_HLP_SEARCH.html">Результати пошуку</target>
   </keywords>
   <keywords>
      <text FeatureID="-1">установки обміну</text>
      <target FeatureID="-1" href="UPNP_HLP_SHARING_PROP.html">Установки обміну</target>
   </keywords>
</keywords>