<?xml version="1.0" encoding="UTF-8"?>
<keywords>
   <keywords>
      <text FeatureID="-1">照片</text>
      <target FeatureID="-1" href="LGAL_HLP_ALBUM_LIST.html">相簿</target>
      <target FeatureID="-1" href="LGAL_HLP_ALL_GRID.html">瀏覽所有媒體檔案</target>
      <target FeatureID="-1" href="LGAL_HLP_ALBUM_GRID.html">在相簿中瀏覽媒體檔案</target>
      <target FeatureID="-1" href="LGAL_HLP_TAGS_GRID.html">瀏覽已標記標籤的媒體檔</target>
      <target FeatureID="-1" href="LGAL_HLP_DETAILS_VIEW.html">檢視和修改檔案詳細資料</target>
      <target FeatureID="-1" href="LGAL_HLP_TAGS_BROWSER.html">標籤</target>
      <target FeatureID="-1" href="LGAL_HLP_MONTH_FULLSCREEN.html">按照月份檢視媒體檔</target>
      <target FeatureID="-1" href="LGAL_HLP_MONTH_GRID.html">按照月份瀏覽媒體檔</target>
      <target FeatureID="-1" href="LGAL_HLP_VIEW_LIST.html">照片</target>
      <target FeatureID="-1" href="LGAL_HLP_MONTH_LIST.html">月份</target>
      <target FeatureID="-1" href="LGAL_HLP_SLIDESHOW_SETTINGS.html">投短片秀設定</target>
      <target FeatureID="-1" href="LGAL_HLP_ALL_FULLSCREEN.html">檢視所有媒體檔案</target>
      <target FeatureID="-1" href="LGAL_HLP_ALBUM_FULLSCREEN.html">檢視相簿中的媒體檔</target>
      <target FeatureID="-1" href="LGAL_HLP_TAGS_FULLSCREEN.html">檢視已標記標籤的媒體檔</target>
   </keywords>
   <keywords>
      <text FeatureID="-1">相簿</text>
      <target FeatureID="-1" href="LGAL_HLP_ALBUM_LIST.html">相簿</target>
      <target FeatureID="-1" href="LGAL_HLP_ALBUM_GRID.html">在相簿中瀏覽媒體檔案</target>
      <target FeatureID="-1" href="LGAL_HLP_VIEW_LIST.html">照片</target>
      <target FeatureID="-1" href="LGAL_HLP_ALBUM_FULLSCREEN.html">檢視相簿中的媒體檔</target>
   </keywords>
   <keywords>
      <text FeatureID="-1">標籤</text>
      <target FeatureID="-1" href="LGAL_HLP_TAGS_GRID.html">瀏覽已標記標籤的媒體檔</target>
      <target FeatureID="-1" href="LGAL_HLP_TAGS_BROWSER.html">標籤</target>
      <target FeatureID="-1" href="LGAL_HLP_VIEW_LIST.html">照片</target>
      <target FeatureID="-1" href="LGAL_HLP_TAGS_FULLSCREEN.html">檢視已標記標籤的媒體檔</target>
   </keywords>
   <keywords>
      <text FeatureID="-1">投短片秀</text>
      <target FeatureID="-1" href="LGAL_HLP_SLIDESHOW_SETTINGS.html">投短片秀設定</target>
   </keywords>
</keywords>