<?xml version="1.0" encoding="UTF-8"?>
<keywords>
   <keywords>
      <text FeatureID="-1">messaggi CBS</text>
      <target FeatureID="-1" href="CBS_HLP_TOPIC_VIEW.html">Messaggi CBS</target>
      <target FeatureID="-1" href="CBS_HLP_MAIN.html">Argomenti CBS</target>
      <target FeatureID="-1" href="CBS_HLP_MSG.html">Apertura di messaggi CBS</target>
   </keywords>
   <keywords>
      <text FeatureID="-1">CBS, argomenti</text>
      <target FeatureID="-1" href="CBS_HLP_MAIN.html">Argomenti CBS</target>
   </keywords>
</keywords>