<?xml version="1.0" encoding="UTF-8"?>
<keywords>
   <keywords>
      <text FeatureID="-1">softwarea eguneratzea</text>
      <target FeatureID="-1" href="SWUPDATE_HLP_MAIN.html">Eguneratu softwarea</target>
   </keywords>
   <keywords>
      <text FeatureID="-1">softwarearen eguneratzea</text>
      <target FeatureID="-1" href="SWUPDATE_HLP_MAIN.html">Eguneratu softwarea</target>
   </keywords>
   <keywords>
      <text FeatureID="-1">softwarea eguneratzeko ezarpenak</text>
      <target FeatureID="-1" href="SWUPDATE_HLP_SETTINGS.html">Softwarea eguneratzeko ezarpenak</target>
   </keywords>
</keywords>