<?xml version="1.0" encoding="UTF-8"?>
<keywords>
   <keywords>
      <text FeatureID="-1">jam, penggera</text>
      <target FeatureID="-1" href="CLK_HLP_ALARM_EDITOR.html">Editor penggera jam</target>
      <target FeatureID="-1" href="CLK_HLP_REAL_TIME_CLOCK_IN.html">Paparan utama jam</target>
   </keywords>
   <keywords>
      <text FeatureID="-1">jam penggera</text>
      <target FeatureID="-1" href="CLK_HLP_ALARM_EDITOR.html">Editor penggera jam</target>
      <target FeatureID="-1" href="CLK_HLP_REAL_TIME_CLOCK_IN.html">Paparan utama jam</target>
   </keywords>
   <keywords>
      <text FeatureID="-1">jam</text>
      <target FeatureID="-1" href="CLK_HLP_CNTDWN.html">Pemasa kira detik</target>
      <target FeatureID="-1" href="CLK_HLP_WRLD_CLK.html">Jam dunia</target>
   </keywords>
   <keywords>
      <text FeatureID="-1">pemasa</text>
      <target FeatureID="-1" href="CLK_HLP_CNTDWN.html">Pemasa kira detik</target>
   </keywords>
   <keywords>
      <text FeatureID="-1">tetapan tarikh dan masa</text>
      <target FeatureID="-1" href="CLK_HLP_SETTINGS.html">Tetapan tarikh dan masa</target>
   </keywords>
   <keywords>
      <text FeatureID="-1">tetapan jam</text>
      <target FeatureID="-1" href="CLK_HLP_SETTINGS.html">Tetapan tarikh dan masa</target>
   </keywords>
   <keywords>
      <text FeatureID="-1">jam, zon masa</text>
      <target FeatureID="-1" href="CLK_HLP_REAL_TIME_CLOCK_AN.html">Waktu tempatan</target>
   </keywords>
   <keywords>
      <text FeatureID="-1">waktu tempatan dan zon waktu</text>
      <target FeatureID="-1" href="CLK_HLP_REAL_TIME_CLOCK_AN.html">Waktu tempatan</target>
   </keywords>
   <keywords>
      <text FeatureID="-1">jam randik</text>
      <target FeatureID="-1" href="CCLK_HLP_STPWTCH.html">Jam randik</target>
   </keywords>
   <keywords>
      <text FeatureID="-1">jam bandar</text>
      <target FeatureID="-1" href="CLK_HLP_WRLD_CLK.html">Jam dunia</target>
   </keywords>
   <keywords>
      <text FeatureID="-1">jam dunia</text>
      <target FeatureID="-1" href="CLK_HLP_WRLD_CLK.html">Jam dunia</target>
   </keywords>
</keywords>