<?xml version="1.0" encoding="UTF-8"?>
<keywords>
   <keywords>
      <text FeatureID="-1">izmena unapred podešenih frekvencija</text>
      <target FeatureID="-1" href="EQ_HLP_EDITING_VIEW.html">Izmena unapred podešenih frekvencija</target>
   </keywords>
   <keywords>
      <text FeatureID="-1">ekvilajzer</text>
      <target FeatureID="-1" href="EQ_HLP_LIST_VIEW.html">Unapred podešene frekvencije</target>
   </keywords>
   <keywords>
      <text FeatureID="-1">opseg frekvencija</text>
      <target FeatureID="-1" href="EQ_HLP_LIST_VIEW.html">Unapred podešene frekvencije</target>
   </keywords>
   <keywords>
      <text FeatureID="-1">biranje prethodno podešenih frekvencija</text>
      <target FeatureID="-1" href="EQ_HLP_LIST_VIEW.html">Unapred podešene frekvencije</target>
   </keywords>
</keywords>