<?xml version="1.0" encoding="UTF-8"?>
<keywords>
   <keywords>
      <text FeatureID="-1">vaihtokurssit</text>
      <target FeatureID="-1" href="CNV_HLP_RATES.html">Valuutta-asetukset</target>
   </keywords>
   <keywords>
      <text FeatureID="-1">perusvaluutta</text>
      <target FeatureID="-1" href="CNV_HLP_RATES.html">Valuutta-asetukset</target>
   </keywords>
   <keywords>
      <text FeatureID="-1">valuuttamuunnos</text>
      <target FeatureID="-1" href="CNV_HLP_RATES.html">Valuutta-asetukset</target>
   </keywords>
   <keywords>
      <text FeatureID="-1">muunnin</text>
      <target FeatureID="-1" href="CNV_HLP_MAIN_STATE.html">Yksiköiden muunto</target>
   </keywords>
   <keywords>
      <text FeatureID="-1">valuutan muuntaminen</text>
      <target FeatureID="-1" href="CNV_HLP_MAIN_STATE.html">Yksiköiden muunto</target>
   </keywords>
</keywords>