<?xml version="1.0" encoding="UTF-8"?><?xml-stylesheet  href="../../theme/xsl/index2html.xslt" type="text/xsl"?>
<topics FeatureID="-1" title="İşlem kayıtları" compressed="true">
   <topicref FeatureID="-1" href="GPRS_HLP_MAIN.html" navtitle="Paket veri bağlantıları"/>
   <topicref FeatureID="-1" href="LOGS_HLP_COUNTER.html" navtitle="Arama ve veri kayıtları"/>
   <topicref FeatureID="-1" href="LOGS_HLP_DETAIL.html" navtitle="İşlem kaydı ayrıntıları"/>
   <topicref FeatureID="-1" href="LOGS_HLP_MAIN.html" navtitle="İşlem kaydı bilgileri"/>
   <topicref FeatureID="-1" href="LOGS_HLP_SETTING.html" navtitle="İşlem kaydı ayarları"/>
   <topicref FeatureID="-1" href="STM_HLP_DIALLED.html" navtitle="Aranan numaralar"/>
   <topicref FeatureID="-1" href="STM_HLP_MAIN.html" navtitle="Son aramalar"/>
   <topicref FeatureID="-1" href="STM_HLP_MISSED.html" navtitle="Cevapsız aramalar"/>
   <topicref FeatureID="-1" href="STM_HLP_RECEIVED.html" navtitle="Gelen aramalar"/>
   <topicref FeatureID="-1" href="TIMERS_HLP_MAIN.html" navtitle="Arama süresi"/>
</topics>