<?xml version="1.0" encoding="UTF-8"?>
<keywords>
   <keywords>
      <text FeatureID="-1">paket veri bağlantıları</text>
      <target FeatureID="-1" href="GPRS_HLP_MAIN.html">Paket veri bağlantıları</target>
      <target FeatureID="-1" href="LOGS_HLP_COUNTER.html">Arama ve veri kayıtları</target>
   </keywords>
   <keywords>
      <text FeatureID="-1">aramaların süresi</text>
      <target FeatureID="-1" href="LOGS_HLP_COUNTER.html">Arama ve veri kayıtları</target>
   </keywords>
   <keywords>
      <text FeatureID="-1">son aramalar</text>
      <target FeatureID="-1" href="LOGS_HLP_COUNTER.html">Arama ve veri kayıtları</target>
      <target FeatureID="-1" href="STM_HLP_MAIN.html">Son aramalar</target>
   </keywords>
   <keywords>
      <text FeatureID="-1">işlem kayıtları</text>
      <target FeatureID="-1" href="LOGS_HLP_DETAIL.html">İşlem kaydı ayrıntıları</target>
      <target FeatureID="-1" href="LOGS_HLP_MAIN.html">İşlem kaydı bilgileri</target>
   </keywords>
   <keywords>
      <text FeatureID="-1">işlem kaydı ayarları</text>
      <target FeatureID="-1" href="LOGS_HLP_SETTING.html">İşlem kaydı ayarları</target>
   </keywords>
   <keywords>
      <text FeatureID="-1">aranan numaralar</text>
      <target FeatureID="-1" href="STM_HLP_DIALLED.html">Aranan numaralar</target>
   </keywords>
   <keywords>
      <text FeatureID="-1">arama işlem kaydı</text>
      <target FeatureID="-1" href="STM_HLP_MAIN.html">Son aramalar</target>
   </keywords>
   <keywords>
      <text FeatureID="-1">cevapsız aramalar</text>
      <target FeatureID="-1" href="STM_HLP_MISSED.html">Cevapsız aramalar</target>
   </keywords>
   <keywords>
      <text FeatureID="-1">gelen aramalar</text>
      <target FeatureID="-1" href="STM_HLP_RECEIVED.html">Gelen aramalar</target>
   </keywords>
   <keywords>
      <text FeatureID="-1">cevaplanan aramalar</text>
      <target FeatureID="-1" href="STM_HLP_RECEIVED.html">Gelen aramalar</target>
   </keywords>
   <keywords>
      <text FeatureID="-1">arama süresi</text>
      <target FeatureID="-1" href="TIMERS_HLP_MAIN.html">Arama süresi</target>
   </keywords>
   <keywords>
      <text FeatureID="-1">aramaların uzunluğu</text>
      <target FeatureID="-1" href="TIMERS_HLP_MAIN.html">Arama süresi</target>
   </keywords>
</keywords>