<?xml version="1.0" encoding="UTF-8"?>
<keywords>
   <keywords>
      <text FeatureID="-1">trình quản lý tập tin</text>
      <target FeatureID="-1" href="FMGR_HLP_MEM_STORE_VIEW.html">Quản lý các tập tin</target>
      <target FeatureID="-1" href="FMGR_HLP_MAIN_VIEW.html">Trình quản lý tập tin</target>
      <target FeatureID="-1" href="FMGR_HLP_BACKUP_VIEW.html">Sao lưu tập tin</target>
   </keywords>
   <keywords>
      <text FeatureID="-1">thẻ nhớ</text>
      <target FeatureID="-1" href="FMGR_HLP_MEM_STORE_VIEW.html">Quản lý các tập tin</target>
      <target FeatureID="-1" href="FMGR_HLP_MAIN_VIEW.html">Trình quản lý tập tin</target>
      <target FeatureID="-1" href="FMGR_HLP_BACKUP_VIEW.html">Sao lưu tập tin</target>
   </keywords>
   <keywords>
      <text FeatureID="-1">Trình quản lý tập tin</text>
      <target FeatureID="-1" href="FMGR_HLP_SEARCH_RESULTS.html">Tìm kiếm tập tin</target>
   </keywords>
   <keywords>
      <text FeatureID="-1">tìm tập tin</text>
      <target FeatureID="-1" href="FMGR_HLP_SEARCH_RESULTS.html">Tìm kiếm tập tin</target>
   </keywords>
   <keywords>
      <text FeatureID="-1">tìm kiếm các thư mục</text>
      <target FeatureID="-1" href="FMGR_HLP_SEARCH_RESULTS.html">Tìm kiếm tập tin</target>
   </keywords>
   <keywords>
      <text FeatureID="-1">sao lưu</text>
      <target FeatureID="-1" href="FMGR_HLP_BACKUP_VIEW.html">Sao lưu tập tin</target>
   </keywords>
</keywords>