<?xml version="1.0" encoding="UTF-8"?>
<keywords>
   <keywords>
      <text FeatureID="true_11008 false_11008">регистрация устройства</text>
      <target FeatureID="true_11008" href="DRM_HLP_REGISTRATION_METERING.html">Регистрация устройства</target>
      <target FeatureID="false_11008" href="DRM_HLP_REGISTRATION.html">Регистрация устройства</target>
   </keywords>
   <keywords>
      <text FeatureID="true_11008">получение прав без запроса</text>
      <target FeatureID="true_11008" href="DRM_HLP_REGISTRATION_METERING.html">Регистрация устройства</target>
   </keywords>
   <keywords>
      <text FeatureID="true_11008">измерение</text>
      <target FeatureID="true_11008" href="DRM_HLP_REGISTRATION_METERING.html">Регистрация устройства</target>
   </keywords>
</keywords>