<?xml version="1.0" encoding="UTF-8"?><?xml-stylesheet  href="../../theme/xsl/index2html.xslt" type="text/xsl"?>
<topics FeatureID="-1" title="Exchange-levelező" compressed="true">
   <topicref FeatureID="-1" href="FSE_HLP_MFE_LAUNCHER_MAIN_VIEW.html" navtitle="Exchange-levelező e-mail"/>
   <topicref FeatureID="-1" href="FSE_HLP_MFE_SETTINGS_ADVANCED.html" navtitle="További postafiók-beállítások"/>
   <topicref FeatureID="-1" href="FSE_HLP_MFE_SETTINGS_PIM_APPS.html" navtitle="Alkalmazásszinkronizálási beállítások"/>
   <topicref FeatureID="-1" href="FSE_HLP_MFE_CALENDAR_APP.html" navtitle="Naptárszinkronizálási beállítások"/>
   <topicref FeatureID="-1" href="FSE_HLP_MFE_CONTACTS_APP.html" navtitle="Névjegyzék-szinkronizálási beállítások"/>
   <topicref FeatureID="-1" href="FSE_HLP_MFE_SETTINGS_MAILBOX.html" navtitle="Általános postafiók-beállítások"/>
   <topicref FeatureID="-1" href="FSE_HLP_MFE_SETTINGS_WHAT_SYNC.html" navtitle="A szinkronizálás tartalmának kiválasztása"/>
   <topicref FeatureID="-1" href="FSE_HLP_MFE_SETTINGS_WHEN_SYNC.html" navtitle="A szinkronizálás idejének kiválasztása"/>
   <topicref FeatureID="-1" href="FSE_HLP_MFE_SETTINGS_FOLDER.html" navtitle="Szinkronizálási beállítások"/>
   <topicref FeatureID="-1" href="FSE_HLP_MFE_SETTINGS_MAIN_VIEW.html" navtitle="E-mail beállítások"/>
   <topicref FeatureID="-1" href="FSE_HLP_MFE_TASKS_APP.html" navtitle="Teendők szinkronizálási beállításai"/>
</topics>