<?xml version="1.0" encoding="UTF-8"?>
<keywords>
   <keywords>
      <text FeatureID="-1">Exchange-levelező</text>
      <target FeatureID="-1" href="FSE_HLP_MFE_LAUNCHER_MAIN_VIEW.html">Exchange-levelező e-mail</target>
   </keywords>
   <keywords>
      <text FeatureID="-1">további postafiók-beállítások</text>
      <target FeatureID="-1" href="FSE_HLP_MFE_SETTINGS_ADVANCED.html">További postafiók-beállítások</target>
   </keywords>
   <keywords>
      <text FeatureID="-1">e-mail szinkronizálási beállítások</text>
      <target FeatureID="-1" href="FSE_HLP_MFE_SETTINGS_PIM_APPS.html">Alkalmazásszinkronizálási beállítások</target>
   </keywords>
   <keywords>
      <text FeatureID="-1">naptár szinkronizálása</text>
      <target FeatureID="-1" href="FSE_HLP_MFE_CALENDAR_APP.html">Naptárszinkronizálási beállítások</target>
   </keywords>
   <keywords>
      <text FeatureID="-1">névjegyek szinkronizálása,</text>
      <target FeatureID="-1" href="FSE_HLP_MFE_CONTACTS_APP.html">Névjegyzék-szinkronizálási beállítások</target>
   </keywords>
   <keywords>
      <text FeatureID="-1">postafiók-beállítások</text>
      <target FeatureID="-1" href="FSE_HLP_MFE_SETTINGS_MAILBOX.html">Általános postafiók-beállítások</target>
   </keywords>
   <keywords>
      <text FeatureID="-1">e-mail szinkronizálási tartalom</text>
      <target FeatureID="-1" href="FSE_HLP_MFE_SETTINGS_WHAT_SYNC.html">A szinkronizálás tartalmának kiválasztása</target>
   </keywords>
   <keywords>
      <text FeatureID="-1">e-mailek szinkronizálásának időpontja</text>
      <target FeatureID="-1" href="FSE_HLP_MFE_SETTINGS_WHEN_SYNC.html">A szinkronizálás idejének kiválasztása</target>
   </keywords>
   <keywords>
      <text FeatureID="-1">e-mail mappa szinkronizálása</text>
      <target FeatureID="-1" href="FSE_HLP_MFE_SETTINGS_FOLDER.html">Szinkronizálási beállítások</target>
   </keywords>
   <keywords>
      <text FeatureID="-1">e-mail beállítások</text>
      <target FeatureID="-1" href="FSE_HLP_MFE_SETTINGS_MAIN_VIEW.html">E-mail beállítások</target>
   </keywords>
   <keywords>
      <text FeatureID="-1">teendőjegyzetek szinkronizálása</text>
      <target FeatureID="-1" href="FSE_HLP_MFE_TASKS_APP.html">Teendők szinkronizálási beállításai</target>
   </keywords>
</keywords>