<?xml version="1.0" encoding="UTF-8"?>
<keywords>
   <keywords>
      <text FeatureID="-1">sähköposti­asetukset</text>
      <target FeatureID="-1" href="MBXS_HLP_SETT_DOWNL_CTRL.html">Sähköpostin hakuasetuks.</target>
      <target FeatureID="-1" href="MBXS_HLP_SETT_DOWNL_RETR.html">Haettavan sähköpostin määrä</target>
      <target FeatureID="-1" href="MBXS_HLP_SETT_MBX_IN.html">Saapuvan sähköp. asetukset</target>
      <target FeatureID="-1" href="MBXS_HLP_SETT_MBX_IN_OUT.html">Yhteysasetukset</target>
      <target FeatureID="-1" href="MBXS_HLP_SETT_MBX_OUT.html">Läht. sähköp. asetukset</target>
      <target FeatureID="-1" href="MCE_HLP_SETTINGS_EMAIL.html">Sähköpostiasetukset</target>
      <target FeatureID="-1" href="MCE_HLP_SETT_EMAILMAIN.html">Postilaatikoiden muokk.</target>
      <target FeatureID="-1" href="MCE_HLP_SETT_MAILBLIST.html">Postilaatikot</target>
      <target FeatureID="-1" href="MCE_HLP_SETT_MAILFOLDER_UPD.html">Postilaatikon kansiot</target>
      <target FeatureID="true_1633" href="MCE_HLP_SETT_MAIL_ONLI.html">Automaattinen haku</target>
   </keywords>
   <keywords>
      <text FeatureID="-1">postilaatikon asetukset</text>
      <target FeatureID="-1" href="MCE_HLP_SETT_EMAILMAIN.html">Postilaatikoiden muokk.</target>
   </keywords>
   <keywords>
      <text FeatureID="-1">postilaatikko</text>
      <target FeatureID="-1" href="MCE_HLP_SETT_MAILBLIST.html">Postilaatikot</target>
      <target FeatureID="-1" href="MCE_HLP_MAILBOX_ONLINE.html">Sähköposti online-tilassa</target>
   </keywords>
   <keywords>
      <text FeatureID="-1">postilaatikon kansiot</text>
      <target FeatureID="-1" href="MCE_HLP_SETT_MAILFOLDER_UPD.html">Postilaatikon kansiot</target>
   </keywords>
   <keywords>
      <text FeatureID="-1">käyttäjäasetukset</text>
      <target FeatureID="-1" href="MCE_HLP_SETT_MAIL_USER.html">Käyttäjäasetukset</target>
   </keywords>
   <keywords>
      <text FeatureID="true_44">postilaatikon synkronointiasetukset</text>
      <target FeatureID="true_44" href="MCE_HLP_SETT_SMAILBOX.html">Postilaatikon synkronointiasetukset</target>
   </keywords>
   <keywords>
      <text FeatureID="true_44">sähköpostin synkronointiasetukset</text>
      <target FeatureID="true_44" href="MCE_HLP_SETT_SMAILBOX.html">Postilaatikon synkronointiasetukset</target>
   </keywords>
   <keywords>
      <text FeatureID="-1">sähköposti offline-tilassa</text>
      <target FeatureID="-1" href="MCE_HLP_MAILBOX_OFFLINE.html">Sähköposti offline-tilassa</target>
   </keywords>
   <keywords>
      <text FeatureID="-1">yhteys postilaatikkoon</text>
      <target FeatureID="-1" href="MCE_HLP_MAILBOX_ONLINE.html">Sähköposti online-tilassa</target>
   </keywords>
   <keywords>
      <text FeatureID="-1">sähköposti online-tilassa</text>
      <target FeatureID="-1" href="MCE_HLP_MAILBOX_ONLINE.html">Sähköposti online-tilassa</target>
      <target FeatureID="-1" href="MCE_HLP_MAILBOX_ONLINE.html">Sähköposti online-tilassa</target>
   </keywords>
</keywords>