<?xml version="1.0" encoding="UTF-8"?>
<keywords>
   <keywords>
      <text FeatureID="true_13 true_1566">USB-kabelverbinding</text>
      <target FeatureID="true_13" href="USB_HLP_MAIN.html">USB-instellingen</target>
      <target FeatureID="true_1566" href="USB_HLP_PRINT_SETTINGS.html">Printerinstellingen</target>
   </keywords>
   <keywords>
      <text FeatureID="true_13">kabelverbinding</text>
      <target FeatureID="true_13" href="USB_HLP_MAIN.html">USB-instellingen</target>
   </keywords>
   <keywords>
      <text FeatureID="true_1566">afdrukken</text>
      <target FeatureID="true_1566" href="USB_HLP_PRINT_SETTINGS.html">Printerinstellingen</target>
   </keywords>
   <keywords>
      <text FeatureID="true_1566">instellingen, printer</text>
      <target FeatureID="true_1566" href="USB_HLP_PRINT_SETTINGS.html">Printerinstellingen</target>
   </keywords>
</keywords>