<?xml version="1.0" encoding="UTF-8"?><?xml-stylesheet  href="../../theme/xsl/index2html.xslt" type="text/xsl"?>
<topics FeatureID="-1" title="Guía de teléfono" compressed="true">
   <topicref FeatureID="-1" href="HLP_CCA_DETAILS.html" navtitle="Detalles do contacto"/>
   <topicref FeatureID="-1" href="HLP_CCA_LAUNCHER.html" navtitle="Contact cards"/>
   <topicref FeatureID="-1" href="PHOB_HLP_GROUP_LIST.html" navtitle="Contact groups"/>
   <topicref FeatureID="-1" href="PHOB_HLP_SIM_LIST.html" navtitle="Directorio de contactos da SIM"/>
   <topicref FeatureID="-1" href="PHOB_HLP_MY_NUMBERS.html" navtitle="Os meus números"/>
   <topicref FeatureID="-1" href="PHOB_HLP_GROUP_MEMBER_LIST.html" navtitle="Membros do grupo"/>
   <topicref FeatureID="-1" href="PHOB_HLP_SETTINGS.html" navtitle="Axustes da Guía"/>
   <topicref FeatureID="-1" href="PHOB_HLP_NAME_LIST.html" navtitle="Lista de contactos"/>
   <topicref FeatureID="-1" href="HLP_CCA_MY_CARD.html" navtitle="My Card"/>
   <topicref FeatureID="-1" href="RLOOK_HLP_INFO_VIEW.html" navtitle="Xestionar o contacto atopado"/>
   <topicref FeatureID="-1" href="HLP_CCA_EDITOR.html" navtitle="Editar tarxetas de visita"/>
   <topicref FeatureID="-1" href="PHOB_HLP_CONTACT_INFO_VIEW.html" navtitle="Tarxetas de visita"/>
   <topicref FeatureID="-1" href="PHOB_HLP_EDIT_ENTRY.html" navtitle="Editar tarxetas de visita"/>
   <topicref FeatureID="-1" href="FDN_HLP_FDN_NUMBER_VIEW.html" navtitle="Contactos de marcación fixa"/>
   <topicref FeatureID="-1" href="FDN_HLP_FDN_VIEW.html" navtitle="Chamadas restrinxidas"/>
   <topicref FeatureID="-1" href="SDN_HLP_APP.html" navtitle="Números de servizo"/>
   <topicref FeatureID="-1" href="PHOB_HLP_SIM_INFO_VIEW.html" navtitle="Tarxeta de visita da SIM"/>
</topics>