<?xml version="1.0" encoding="UTF-8"?>
<keywords>
   <keywords>
      <text FeatureID="-1">marcación fixa</text>
      <target FeatureID="-1" href="FDN_HLP_FDN_NUM_EDIT_VIEW.html">Editar contactos</target>
      <target FeatureID="-1" href="FDN_HLP_FDN_NUMBER_VIEW.html">Contactos de marcación fixa</target>
      <target FeatureID="-1" href="FDN_HLP_FDN_VIEW.html">Chamadas restrinxidas</target>
   </keywords>
   <keywords>
      <text FeatureID="-1">chamadas restrinxidas</text>
      <target FeatureID="-1" href="FDN_HLP_FDN_VIEW.html">Chamadas restrinxidas</target>
   </keywords>
   <keywords>
      <text FeatureID="-1">números de servizo</text>
      <target FeatureID="-1" href="SDN_HLP_APP.html">Números de servizo</target>
   </keywords>
   <keywords>
      <text FeatureID="-1">Números de servizo da SIM</text>
      <target FeatureID="-1" href="SDN_HLP_APP.html">Números de servizo</target>
   </keywords>
   <keywords>
      <text FeatureID="-1">números de servizo da SIM</text>
      <target FeatureID="-1" href="SDN_HLP_APP.html">Números de servizo</target>
   </keywords>
   <keywords>
      <text FeatureID="-1">grupos de contactos</text>
      <target FeatureID="-1" href="PHOB_HLP_GROUP_LIST.html">Grupos de contactos</target>
      <target FeatureID="-1" href="PHOB_HLP_GROUP_MEMBER_LIST.html">Membros do grupo</target>
   </keywords>
   <keywords>
      <text FeatureID="-1">Contactos SIM</text>
      <target FeatureID="-1" href="PHOB_HLP_SIM_LIST.html">Directorio de contactos SIM</target>
   </keywords>
   <keywords>
      <text FeatureID="-1">Número da SIM</text>
      <target FeatureID="-1" href="PHOB_HLP_MY_NUMBERS.html">Os meus números</target>
   </keywords>
   <keywords>
      <text FeatureID="-1">orde dos nomes na Guía</text>
      <target FeatureID="-1" href="PHOB_HLP_SETTINGS.html">Axustes da Guía</target>
   </keywords>
   <keywords>
      <text FeatureID="-1">memoria da guía</text>
      <target FeatureID="-1" href="PHOB_HLP_SETTINGS.html">Axustes da Guía</target>
   </keywords>
   <keywords>
      <text FeatureID="-1">memoria predeterminada</text>
      <target FeatureID="-1" href="PHOB_HLP_SETTINGS.html">Axustes da Guía</target>
   </keywords>
   <keywords>
      <text FeatureID="-1">directorio de contactos</text>
      <target FeatureID="-1" href="PHOB_HLP_NAME_LIST.html">Directorio de contactos</target>
   </keywords>
   <keywords>
      <text FeatureID="-1">información de contacto</text>
      <target FeatureID="-1" href="PHOB_HLP_NAME_LIST.html">Directorio de contactos</target>
   </keywords>
   <keywords>
      <text FeatureID="-1">guía de teléfonos</text>
      <target FeatureID="-1" href="PHOB_HLP_NAME_LIST.html">Directorio de contactos</target>
   </keywords>
</keywords>