<?xml version="1.0" encoding="UTF-8"?>
<keywords>
   <keywords>
      <text FeatureID="-1">възпроизвеждане flash файл</text>
      <target FeatureID="-1" href="FLITE_HLP_STOPPED.html">Край на Flash възпроизвеждане</target>
      <target FeatureID="-1" href="FLITE_HLP_VIEWER_PAUSED.html">Пауза възпроизвеждане Flash</target>
      <target FeatureID="-1" href="FLITE_HLP_VIEWER_PLAY.html">Възпроизвеждане флаш файлове</target>
   </keywords>
   <keywords>
      <text FeatureID="-1">Flash Player</text>
      <target FeatureID="-1" href="FLITE_HLP_STOPPED.html">Край на Flash възпроизвеждане</target>
      <target FeatureID="-1" href="FLITE_HLP_VIEWER_PAUSED.html">Пауза възпроизвеждане Flash</target>
      <target FeatureID="-1" href="FLITE_HLP_VIEWER_PLAY.html">Възпроизвеждане флаш файлове</target>
   </keywords>
</keywords>