<?xml version="1.0" encoding="UTF-8"?>
<keywords>
   <keywords>
      <text FeatureID="-1">žodynas</text>
      <target FeatureID="-1" href="DICTIONARY_HLP_MAIN_TAB1.html">Žodynas</target>
   </keywords>
   <keywords>
      <text FeatureID="-1">vertimas</text>
      <target FeatureID="-1" href="DICTIONARY_HLP_MAIN_TAB1.html">Žodynas</target>
   </keywords>
   <keywords>
      <text FeatureID="-1">žodynas, vertimas</text>
      <target FeatureID="-1" href="DICTIONARY_HLP_RESULTS.html">Vertimo rezultatai</target>
   </keywords>
</keywords>