<?xml version="1.0" encoding="UTF-8"?>
<keywords>
   <keywords>
      <text FeatureID="-1">gestionnaire de fichiers</text>
      <target FeatureID="-1" href="FMGR_HLP_MEM_STORE_VIEW.html">Gérer les fichiers</target>
      <target FeatureID="-1" href="FMGR_HLP_MAIN_VIEW.html">Gestionnaire de fichiers</target>
      <target FeatureID="-1" href="FMGR_HLP_BACKUP_VIEW.html">Sauvegarde de fichiers</target>
   </keywords>
   <keywords>
      <text FeatureID="-1">carte mémoire</text>
      <target FeatureID="-1" href="FMGR_HLP_MEM_STORE_VIEW.html">Gérer les fichiers</target>
      <target FeatureID="-1" href="FMGR_HLP_MAIN_VIEW.html">Gestionnaire de fichiers</target>
      <target FeatureID="-1" href="FMGR_HLP_BACKUP_VIEW.html">Sauvegarde de fichiers</target>
   </keywords>
   <keywords>
      <text FeatureID="-1">Gestionnaire de fichiers</text>
      <target FeatureID="-1" href="FMGR_HLP_SEARCH_RESULTS.html">Recherche de fichier</target>
   </keywords>
   <keywords>
      <text FeatureID="-1">rechercher des fichiers</text>
      <target FeatureID="-1" href="FMGR_HLP_SEARCH_RESULTS.html">Recherche de fichier</target>
   </keywords>
   <keywords>
      <text FeatureID="-1">recherche de dossiers</text>
      <target FeatureID="-1" href="FMGR_HLP_SEARCH_RESULTS.html">Recherche de fichier</target>
   </keywords>
   <keywords>
      <text FeatureID="-1">sauvegarde</text>
      <target FeatureID="-1" href="FMGR_HLP_BACKUP_VIEW.html">Sauvegarde de fichiers</target>
   </keywords>
</keywords>