<?xml version="1.0" encoding="UTF-8"?>
<keywords>
   <keywords>
      <text FeatureID="-1">랜드마크 분류</text>
      <target FeatureID="-1" href="LM_HLP_LM_BY_CATEGORY.html">랜드마크 분류</target>
      <target FeatureID="-1" href="LM_HLP_EDIT_CATEGORIES.html">랜드마크 분류 편집</target>
   </keywords>
   <keywords>
      <text FeatureID="-1">랜드마크</text>
      <target FeatureID="-1" href="LM_HLP_LM_BY_NAME.html">이름별 랜드마크 보기</target>
      <target FeatureID="-1" href="LM_HLP_CATEGORY_CONTENTS.html">분류의 랜드마크</target>
      <target FeatureID="-1" href="LM_HLP_LM_VIEWER.html">정보의 랜드마크</target>
   </keywords>
   <keywords>
      <text FeatureID="-1">랜드마크 편집</text>
      <target FeatureID="-1" href="LM_HLP_LM_EDITOR.html">랜드마크 편집</target>
   </keywords>
</keywords>