<?xml version="1.0" encoding="UTF-8"?>
<keywords>
   <keywords>
      <text FeatureID="-1">kartu pos</text>
      <target FeatureID="-1" href="MMS_POSTCARD_HLP_ADDRESS_EDIT.html">Mengedit alamat</target>
      <target FeatureID="-1" href="MMS_POSTCARD_HLP_MAIN_VIEW.html">Melihat kartu pos</target>
      <target FeatureID="-1" href="POSTCARD_HLP_ADDRESS_VIEW.html">Melihat alamat</target>
      <target FeatureID="-1" href="POSTCARD_HLP_GREETING_EDIT.html">Menulis sambutan</target>
      <target FeatureID="-1" href="POSTCARD_HLP_GREETING_VIEW.html">Melihat sambutan</target>
      <target FeatureID="-1" href="MMS_POSTCARD_HLP_MAIN_EDIT.html">Membuat kartu pos</target>
   </keywords>
   <keywords>
      <text FeatureID="-1">mengirim kartu pos</text>
      <target FeatureID="-1" href="MMS_POSTCARD_HLP_ADDRESS_EDIT.html">Mengedit alamat</target>
      <target FeatureID="-1" href="POSTCARD_HLP_GREETING_EDIT.html">Menulis sambutan</target>
      <target FeatureID="-1" href="MMS_POSTCARD_HLP_MAIN_EDIT.html">Membuat kartu pos</target>
   </keywords>
</keywords>