<?xml version="1.0" encoding="UTF-8"?>
<keywords>
   <keywords>
      <text FeatureID="-1">calendário</text>
      <target FeatureID="-1" href="CALE_HLP_NOTE_VIEWER.html">Entradas de calendário</target>
      <target FeatureID="-1" href="CALE_HLP_DAY_VIEW.html">Exibição diária</target>
      <target FeatureID="-1" href="CALE_HLP_NOTE_MEETING.html">Entradas de reunião</target>
      <target FeatureID="-1" href="CALE_HLP_MONTH_VIEW.html">Exibição mensal</target>
      <target FeatureID="-1" href="CALE_HLP_TODO_NOTE.html">Entradas de atividade</target>
      <target FeatureID="-1" href="CALE_HLP_TODO_VIEW.html">Exibição de atividades</target>
      <target FeatureID="-1" href="CALE_HLP_WEEK_VIEW.html">Exibição semanal</target>
      <target FeatureID="-1" href="CALE_HLP_CALENDAR_DATABASE_SETTINGS.html">Configurações de vários calendários</target>
      <target FeatureID="-1" href="CALE_HLP_CALE_MAN_VIEW.html">Visualização do gerenciamento de calendários</target>
      <target FeatureID="-1" href="CALE_HLP_ATTACH_VIEW.html">Visualização de anexos</target>
      <target FeatureID="-1" href="CALE_HLP_MAV.html">Visualização de alarmes perdidos</target>
   </keywords>
   <keywords>
      <text FeatureID="-1">reuniões</text>
      <target FeatureID="-1" href="CALE_HLP_NOTE_VIEWER.html">Entradas de calendário</target>
      <target FeatureID="-1" href="CALE_HLP_NOTE_MEETING.html">Entradas de reunião</target>
   </keywords>
   <keywords>
      <text FeatureID="-1">notas de atividade</text>
      <target FeatureID="-1" href="CALE_HLP_NOTE_VIEWER.html">Entradas de calendário</target>
      <target FeatureID="-1" href="CALE_HLP_TODO_NOTE.html">Entradas de atividade</target>
   </keywords>
   <keywords>
      <text FeatureID="-1">configurações do calendário</text>
      <target FeatureID="-1" href="CALE_HLP_SETTINGS.html">Configurações do calendário</target>
   </keywords>
   <keywords>
      <text FeatureID="-1">lista de atividades</text>
      <target FeatureID="-1" href="CALE_HLP_TODO_VIEW.html">Exibição de atividades</target>
   </keywords>
   <keywords>
      <text FeatureID="-1">configurações, calendário</text>
      <target FeatureID="-1" href="CALE_HLP_CALENDAR_DATABASE_SETTINGS.html">Configurações de vários calendários</target>
   </keywords>
   <keywords>
      <text FeatureID="-1">anexos</text>
      <target FeatureID="-1" href="CALE_HLP_ATTACH_VIEW.html">Visualização de anexos</target>
   </keywords>
   <keywords>
      <text FeatureID="-1">alarmes, nota de calendário</text>
      <target FeatureID="-1" href="CALE_HLP_MAV.html">Visualização de alarmes perdidos</target>
   </keywords>
</keywords>