<?xml version="1.0" encoding="UTF-8"?>
<keywords>
   <keywords>
      <text FeatureID="-1">calendário</text>
      <target FeatureID="-1" href="CALE_HLP_NOTE_ANNIVERSARY.html">Entradas de datas especiais</target>
      <target FeatureID="-1" href="CALE_HLP_NOTE_VIEWER.html">Entradas de calendário</target>
      <target FeatureID="-1" href="CALE_HLP_DAY_VIEW.html">Exibição diária</target>
      <target FeatureID="-1" href="CALE_HLP_NOTE_MEETING.html">Entradas de reunião</target>
      <target FeatureID="-1" href="CALE_HLP_NOTE_DAY.html">Entradas de memo</target>
      <target FeatureID="-1" href="CALE_HLP_MONTH_VIEW.html">Exibição mensal</target>
      <target FeatureID="-1" href="CALE_HLP_TODO_NOTE.html">Entradas de atividade</target>
      <target FeatureID="-1" href="CALE_HLP_TODO_VIEW.html">Exibição de atividades</target>
      <target FeatureID="-1" href="CALE_HLP_WEEK_VIEW.html">Exibição semanal</target>
   </keywords>
   <keywords>
      <text FeatureID="-1">notas de datas especiais</text>
      <target FeatureID="-1" href="CALE_HLP_NOTE_ANNIVERSARY.html">Entradas de datas especiais</target>
      <target FeatureID="-1" href="CALE_HLP_NOTE_VIEWER.html">Entradas de calendário</target>
   </keywords>
   <keywords>
      <text FeatureID="-1">reuniões</text>
      <target FeatureID="-1" href="CALE_HLP_NOTE_VIEWER.html">Entradas de calendário</target>
      <target FeatureID="-1" href="CALE_HLP_NOTE_MEETING.html">Entradas de reunião</target>
   </keywords>
   <keywords>
      <text FeatureID="-1">notas de memo</text>
      <target FeatureID="-1" href="CALE_HLP_NOTE_VIEWER.html">Entradas de calendário</target>
      <target FeatureID="-1" href="CALE_HLP_NOTE_DAY.html">Entradas de memo</target>
   </keywords>
   <keywords>
      <text FeatureID="-1">notas de atividade</text>
      <target FeatureID="-1" href="CALE_HLP_NOTE_VIEWER.html">Entradas de calendário</target>
      <target FeatureID="-1" href="CALE_HLP_TODO_NOTE.html">Entradas de atividade</target>
   </keywords>
   <keywords>
      <text FeatureID="-1">configurações do calendário</text>
      <target FeatureID="-1" href="CALE_HLP_SETTINGS.html">Configurações do calendário</target>
   </keywords>
   <keywords>
      <text FeatureID="-1">lista de atividades</text>
      <target FeatureID="-1" href="CALE_HLP_TODO_VIEW.html">Exibição de atividades</target>
   </keywords>
</keywords>