<?xml version="1.0" encoding="UTF-8"?><?xml-stylesheet  href="../../theme/xsl/index2html.xslt" type="text/xsl"?>
<topics FeatureID="-1" title="Μητρώα" compressed="true">
   <topicref FeatureID="-1" href="GPRS_HLP_MAIN.html" navtitle="Συνδέσεις πακέτων δεδομένων"/>
   <topicref FeatureID="-1" href="LOGS_HLP_COUNTER.html" navtitle="Μητρώα κλήσεων και δεδομένων"/>
   <topicref FeatureID="-1" href="LOGS_HLP_DETAIL.html" navtitle="Στοιχεία συμβάντων μητρώου"/>
   <topicref FeatureID="-1" href="LOGS_HLP_MAIN.html" navtitle="Πληροφορίες μητρώου"/>
   <topicref FeatureID="-1" href="LOGS_HLP_SETTING.html" navtitle="Ρυθμίσεις μητρώου"/>
   <topicref FeatureID="-1" href="STM_HLP_DIALLED.html" navtitle="Κληθέντες αριθμοί"/>
   <topicref FeatureID="-1" href="STM_HLP_MAIN.html" navtitle="Πρόσφατες κλήσεις"/>
   <topicref FeatureID="-1" href="STM_HLP_MISSED.html" navtitle="Αναπάντητες κλήσεις"/>
   <topicref FeatureID="-1" href="STM_HLP_RECEIVED.html" navtitle="Ληφθείσες κλήσεις"/>
   <topicref FeatureID="-1" href="TIMERS_HLP_MAIN.html" navtitle="Διάρκεια κλήσης"/>
</topics>