<?xml version="1.0" encoding="UTF-8"?>
<keywords>
   <keywords>
      <text FeatureID="-1">συνδέσεις πακέτων δεδομένων</text>
      <target FeatureID="-1" href="GPRS_HLP_MAIN.html">Συνδέσεις πακέτων δεδομένων</target>
      <target FeatureID="-1" href="LOGS_HLP_COUNTER.html">Μητρώα κλήσεων και δεδομένων</target>
   </keywords>
   <keywords>
      <text FeatureID="-1">διάρκεια κλήσεων</text>
      <target FeatureID="-1" href="LOGS_HLP_COUNTER.html">Μητρώα κλήσεων και δεδομένων</target>
   </keywords>
   <keywords>
      <text FeatureID="-1">πρόσφατες κλήσεις</text>
      <target FeatureID="-1" href="LOGS_HLP_COUNTER.html">Μητρώα κλήσεων και δεδομένων</target>
      <target FeatureID="-1" href="STM_HLP_MAIN.html">Πρόσφατες κλήσεις</target>
   </keywords>
   <keywords>
      <text FeatureID="-1">μητρώα</text>
      <target FeatureID="-1" href="LOGS_HLP_DETAIL.html">Στοιχεία συμβάντων μητρώου</target>
      <target FeatureID="-1" href="LOGS_HLP_MAIN.html">Πληροφορίες μητρώου</target>
   </keywords>
   <keywords>
      <text FeatureID="-1">ρυθμίσεις μητρώου</text>
      <target FeatureID="-1" href="LOGS_HLP_SETTING.html">Ρυθμίσεις μητρώου</target>
   </keywords>
   <keywords>
      <text FeatureID="-1">κληθέντες αριθμοί</text>
      <target FeatureID="-1" href="STM_HLP_DIALLED.html">Κληθέντες αριθμοί</target>
   </keywords>
   <keywords>
      <text FeatureID="-1">μητρώο κλήσεων</text>
      <target FeatureID="-1" href="STM_HLP_MAIN.html">Πρόσφατες κλήσεις</target>
   </keywords>
   <keywords>
      <text FeatureID="-1">αναπάντητες κλήσεις</text>
      <target FeatureID="-1" href="STM_HLP_MISSED.html">Αναπάντητες κλήσεις</target>
   </keywords>
   <keywords>
      <text FeatureID="-1">ληφθείσες κλήσεις</text>
      <target FeatureID="-1" href="STM_HLP_RECEIVED.html">Ληφθείσες κλήσεις</target>
   </keywords>
   <keywords>
      <text FeatureID="-1">απαντημένες κλήσεις</text>
      <target FeatureID="-1" href="STM_HLP_RECEIVED.html">Ληφθείσες κλήσεις</target>
   </keywords>
   <keywords>
      <text FeatureID="-1">διάρκεια κλήσης</text>
      <target FeatureID="-1" href="TIMERS_HLP_MAIN.html">Διάρκεια κλήσης</target>
   </keywords>
   <keywords>
      <text FeatureID="-1">χρόνος κλήσης</text>
      <target FeatureID="-1" href="TIMERS_HLP_MAIN.html">Διάρκεια κλήσης</target>
   </keywords>
</keywords>