<?xml version="1.0" encoding="UTF-8"?>
<keywords>
   <keywords>
      <text FeatureID="-1">שערי המרה</text>
      <target FeatureID="-1" href="CNV_HLP_RATES.html">הגדרות מטבע</target>
   </keywords>
   <keywords>
      <text FeatureID="-1">מטבע בסיס</text>
      <target FeatureID="-1" href="CNV_HLP_RATES.html">הגדרות מטבע</target>
   </keywords>
   <keywords>
      <text FeatureID="-1">המרת מטבע</text>
      <target FeatureID="-1" href="CNV_HLP_RATES.html">הגדרות מטבע</target>
      <target FeatureID="-1" href="CNV_HLP_MAIN_STATE.html">המרת יחידות</target>
   </keywords>
   <keywords>
      <text FeatureID="-1">ממיר</text>
      <target FeatureID="-1" href="CNV_HLP_MAIN_STATE.html">המרת יחידות</target>
   </keywords>
</keywords>