<?xml version="1.0" encoding="UTF-8"?><?xml-stylesheet  href="../../theme/xsl/index2html.xslt" type="text/xsl"?>
<topics FeatureID="-1" title="Mail for Exchange" compressed="true">
   <topicref FeatureID="-1" href="FSE_HLP_MFE_LAUNCHER_MAIN_VIEW.html" navtitle="Почта Mail for Exchange"/>
   <topicref FeatureID="-1" href="FSE_HLP_MFE_SETTINGS_ADVANCED.html" navtitle="Дополнительные настройки почтового ящика"/>
   <topicref FeatureID="-1" href="FSE_HLP_MFE_SETTINGS_PIM_APPS.html" navtitle="Параметры синхронизация приложения"/>
   <topicref FeatureID="-1" href="FSE_HLP_MFE_CALENDAR_APP.html" navtitle="Параметры синхронизации календаря"/>
   <topicref FeatureID="-1" href="FSE_HLP_MFE_CONTACTS_APP.html" navtitle="Параметры синхронизации контактов"/>
   <topicref FeatureID="-1" href="FSE_HLP_MFE_SETTINGS_MAILBOX.html" navtitle="Общие настройки почтового ящика"/>
   <topicref FeatureID="-1" href="FSE_HLP_MFE_SETTINGS_WHAT_SYNC.html" navtitle="Выбор содержимого синхронизации"/>
   <topicref FeatureID="-1" href="FSE_HLP_MFE_SETTINGS_WHEN_SYNC.html" navtitle="Выбор времени синхронизации"/>
   <topicref FeatureID="-1" href="FSE_HLP_MFE_SETTINGS_FOLDER.html" navtitle="Параметры синхронизации"/>
   <topicref FeatureID="-1" href="FSE_HLP_MFE_SETTINGS_MAIN_VIEW.html" navtitle="Настройки электронной почты"/>
   <topicref FeatureID="-1" href="FSE_HLP_MFE_TASKS_APP.html" navtitle="Настройки синхронизации дел"/>
</topics>