<?xml version="1.0" encoding="UTF-8"?>
<keywords>
   <keywords>
      <text FeatureID="-1">Mail for Exchange</text>
      <target FeatureID="-1" href="FSE_HLP_MFE_LAUNCHER_MAIN_VIEW.html">Почта Mail for Exchange</target>
   </keywords>
   <keywords>
      <text FeatureID="-1">дополнительные настройки почтового ящика</text>
      <target FeatureID="-1" href="FSE_HLP_MFE_SETTINGS_ADVANCED.html">Дополнительные настройки почтового ящика</target>
   </keywords>
   <keywords>
      <text FeatureID="-1">параметры синхронизации электронной почты</text>
      <target FeatureID="-1" href="FSE_HLP_MFE_SETTINGS_PIM_APPS.html">Параметры синхронизация приложения</target>
   </keywords>
   <keywords>
      <text FeatureID="-1">синхронизация календаря</text>
      <target FeatureID="-1" href="FSE_HLP_MFE_CALENDAR_APP.html">Параметры синхронизации календаря</target>
   </keywords>
   <keywords>
      <text FeatureID="-1">синхронизация контактов,</text>
      <target FeatureID="-1" href="FSE_HLP_MFE_CONTACTS_APP.html">Параметры синхронизации контактов</target>
   </keywords>
   <keywords>
      <text FeatureID="-1">параметры почтового ящика</text>
      <target FeatureID="-1" href="FSE_HLP_MFE_SETTINGS_MAILBOX.html">Общие настройки почтового ящика</target>
   </keywords>
   <keywords>
      <text FeatureID="-1">содержимое синхронизации электронной почты</text>
      <target FeatureID="-1" href="FSE_HLP_MFE_SETTINGS_WHAT_SYNC.html">Выбор содержимого синхронизации</target>
   </keywords>
   <keywords>
      <text FeatureID="-1">время синхронизации электронной почты</text>
      <target FeatureID="-1" href="FSE_HLP_MFE_SETTINGS_WHEN_SYNC.html">Выбор времени синхронизации</target>
   </keywords>
   <keywords>
      <text FeatureID="-1">синхронизация папки электронной почты</text>
      <target FeatureID="-1" href="FSE_HLP_MFE_SETTINGS_FOLDER.html">Параметры синхронизации</target>
   </keywords>
   <keywords>
      <text FeatureID="-1">параметры электронной почты</text>
      <target FeatureID="-1" href="FSE_HLP_MFE_SETTINGS_MAIN_VIEW.html">Настройки электронной почты</target>
   </keywords>
   <keywords>
      <text FeatureID="-1">синхронизация записей дел</text>
      <target FeatureID="-1" href="FSE_HLP_MFE_TASKS_APP.html">Настройки синхронизации дел</target>
   </keywords>
</keywords>