<?xml version="1.0" encoding="UTF-8"?><?xml-stylesheet  href="../../theme/xsl/index2html.xslt" type="text/xsl"?>
<topics FeatureID="-1" title="日曆" compressed="true">
   <topicref FeatureID="-1" href="CALE_HLP_NOTE_VIEWER.html" navtitle="日曆項目"/>
   <topicref FeatureID="-1" href="CALE_HLP_SETTINGS.html" navtitle="日曆設定"/>
   <topicref FeatureID="-1" href="CALE_HLP_DAY_VIEW.html" navtitle="按天檢視"/>
   <topicref FeatureID="-1" href="CALE_HLP_NOTE_MEETING.html" navtitle="會議項目"/>
   <topicref FeatureID="-1" href="CALE_HLP_MONTH_VIEW.html" navtitle="按月檢視"/>
   <topicref FeatureID="-1" href="CALE_HLP_TODO_NOTE.html" navtitle="待辦事項項目"/>
   <topicref FeatureID="-1" href="CALE_HLP_TODO_VIEW.html" navtitle="待辦事項檢視"/>
   <topicref FeatureID="-1" href="CALE_HLP_WEEK_VIEW.html" navtitle="按週檢視"/>
   <topicref FeatureID="-1" href="CALE_HLP_CALENDAR_DATABASE_SETTINGS.html" navtitle="多個日曆設定"/>
   <topicref FeatureID="-1" href="CALE_HLP_CALE_MAN_VIEW.html" navtitle="日曆管理檢視"/>
   <topicref FeatureID="-1" href="CALE_HLP_ATTACH_VIEW.html" navtitle="附件檢視"/>
   <topicref FeatureID="-1" href="CALE_HLP_MAV.html" navtitle="錯過的響鬧檢視"/>
</topics>