<?xml version="1.0" encoding="UTF-8"?>
<keywords>
   <keywords>
      <text FeatureID="-1">日曆</text>
      <target FeatureID="-1" href="CALE_HLP_NOTE_VIEWER.html">日曆項目</target>
      <target FeatureID="-1" href="CALE_HLP_DAY_VIEW.html">按天檢視</target>
      <target FeatureID="-1" href="CALE_HLP_NOTE_MEETING.html">會議項目</target>
      <target FeatureID="-1" href="CALE_HLP_MONTH_VIEW.html">按月檢視</target>
      <target FeatureID="-1" href="CALE_HLP_TODO_NOTE.html">待辦事項項目</target>
      <target FeatureID="-1" href="CALE_HLP_TODO_VIEW.html">待辦事項檢視</target>
      <target FeatureID="-1" href="CALE_HLP_WEEK_VIEW.html">按週檢視</target>
      <target FeatureID="-1" href="CALE_HLP_CALENDAR_DATABASE_SETTINGS.html">多個日曆設定</target>
      <target FeatureID="-1" href="CALE_HLP_CALE_MAN_VIEW.html">日曆管理檢視</target>
      <target FeatureID="-1" href="CALE_HLP_ATTACH_VIEW.html">附件檢視</target>
      <target FeatureID="-1" href="CALE_HLP_MAV.html">錯過的響鬧檢視</target>
   </keywords>
   <keywords>
      <text FeatureID="-1">會議</text>
      <target FeatureID="-1" href="CALE_HLP_NOTE_VIEWER.html">日曆項目</target>
      <target FeatureID="-1" href="CALE_HLP_NOTE_MEETING.html">會議項目</target>
   </keywords>
   <keywords>
      <text FeatureID="-1">待辦事項備註</text>
      <target FeatureID="-1" href="CALE_HLP_NOTE_VIEWER.html">日曆項目</target>
      <target FeatureID="-1" href="CALE_HLP_TODO_NOTE.html">待辦事項項目</target>
   </keywords>
   <keywords>
      <text FeatureID="-1">日曆設定</text>
      <target FeatureID="-1" href="CALE_HLP_SETTINGS.html">日曆設定</target>
   </keywords>
   <keywords>
      <text FeatureID="-1">待辦事項清單</text>
      <target FeatureID="-1" href="CALE_HLP_TODO_VIEW.html">待辦事項檢視</target>
   </keywords>
   <keywords>
      <text FeatureID="-1">設定, 日曆</text>
      <target FeatureID="-1" href="CALE_HLP_CALENDAR_DATABASE_SETTINGS.html">多個日曆設定</target>
   </keywords>
   <keywords>
      <text FeatureID="-1">附件</text>
      <target FeatureID="-1" href="CALE_HLP_ATTACH_VIEW.html">附件檢視</target>
   </keywords>
   <keywords>
      <text FeatureID="-1">響鬧、日曆備註</text>
      <target FeatureID="-1" href="CALE_HLP_MAV.html">錯過的響鬧檢視</target>
   </keywords>
</keywords>