<?xml version="1.0" encoding="UTF-8"?>
<keywords>
   <keywords>
      <text FeatureID="-1">sinhronizacija</text>
      <target FeatureID="-1" href="OTASYNCBU_HLP_MAIN.html">Sinhronizacija Ovi</target>
   </keywords>
   <keywords>
      <text FeatureID="-1">Sinhronizacija Ovi</text>
      <target FeatureID="-1" href="OTASYNCBU_HLP_MAIN.html">Sinhronizacija Ovi</target>
      <target FeatureID="-1" href="OTASYNCBU_HLP_SETTINGS.html">Nastavitve sinhronizacije Ovi</target>
   </keywords>
</keywords>