<?xml version="1.0" encoding="UTF-8"?>
<keywords>
   <keywords>
      <text FeatureID="-1">ahots bidezko komandoak</text>
      <target FeatureID="true_72" href="HLP_VC_SIND_FOLDER.html">Aplikazioaren ikuspegia</target>
      <target FeatureID="true_72" href="HLP_VC_SIND_MAIN.html">Ahots bidezko aginduak erabiltzea</target>
      <target FeatureID="-1" href="VCINFO_HLP_MAINVIEW.html">Kontaktuentzat</target>
   </keywords>
   <keywords>
      <text FeatureID="-1">ahots bidezko kom. ezarpenak</text>
      <target FeatureID="-1" href="HLP_VC_SET.html">Ahots bidezko komandoen ezarpenak</target>
   </keywords>
</keywords>