<?xml version="1.0" encoding="UTF-8"?>
<keywords>
   <keywords>
      <text FeatureID="-1">תמונות</text>
      <target FeatureID="-1" href="LGAL_HLP_ALBUM_LIST.html">אלבומים</target>
      <target FeatureID="-1" href="LGAL_HLP_ALL_GRID.html">עיון בכל קובצי המדיה</target>
      <target FeatureID="-1" href="LGAL_HLP_ALBUM_GRID.html">עיון בקובצי מדיה באלבומים</target>
      <target FeatureID="-1" href="LGAL_HLP_TAGS_GRID.html">עיון בקובצי מדיה מתויגים</target>
      <target FeatureID="-1" href="LGAL_HLP_DETAILS_VIEW.html">הצגה ועריכה של פרטי קובץ.</target>
      <target FeatureID="-1" href="LGAL_HLP_TAGS_BROWSER.html">תגיות</target>
      <target FeatureID="-1" href="LGAL_HLP_MONTH_FULLSCREEN.html">הצגת קובצי מדיה לפי חודש</target>
      <target FeatureID="-1" href="LGAL_HLP_MONTH_GRID.html">עיון בקובצי מדיה לפי חודש</target>
      <target FeatureID="-1" href="LGAL_HLP_VIEW_LIST.html">תמונות</target>
      <target FeatureID="-1" href="LGAL_HLP_MONTH_LIST.html">חודשים</target>
      <target FeatureID="-1" href="LGAL_HLP_SLIDESHOW_SETTINGS.html">הגדרות מצגת שקופיות</target>
      <target FeatureID="-1" href="LGAL_HLP_ALL_FULLSCREEN.html">הצגת כל קובצי המדיה</target>
      <target FeatureID="-1" href="LGAL_HLP_ALBUM_FULLSCREEN.html">הצגת קובצי מדיה באלבומים</target>
      <target FeatureID="-1" href="LGAL_HLP_TAGS_FULLSCREEN.html">הצגת קובצי מדיה מתויגים</target>
   </keywords>
   <keywords>
      <text FeatureID="-1">אלבומים</text>
      <target FeatureID="-1" href="LGAL_HLP_ALBUM_LIST.html">אלבומים</target>
      <target FeatureID="-1" href="LGAL_HLP_ALBUM_GRID.html">עיון בקובצי מדיה באלבומים</target>
      <target FeatureID="-1" href="LGAL_HLP_VIEW_LIST.html">תמונות</target>
      <target FeatureID="-1" href="LGAL_HLP_ALBUM_FULLSCREEN.html">הצגת קובצי מדיה באלבומים</target>
   </keywords>
   <keywords>
      <text FeatureID="-1">תגיות</text>
      <target FeatureID="-1" href="LGAL_HLP_TAGS_GRID.html">עיון בקובצי מדיה מתויגים</target>
      <target FeatureID="-1" href="LGAL_HLP_TAGS_BROWSER.html">תגיות</target>
      <target FeatureID="-1" href="LGAL_HLP_VIEW_LIST.html">תמונות</target>
      <target FeatureID="-1" href="LGAL_HLP_TAGS_FULLSCREEN.html">הצגת קובצי מדיה מתויגים</target>
   </keywords>
   <keywords>
      <text FeatureID="-1">מצגת שקופיות</text>
      <target FeatureID="-1" href="LGAL_HLP_SLIDESHOW_SETTINGS.html">הגדרות מצגת שקופיות</target>
   </keywords>
</keywords>