<?xml version="1.0" encoding="UTF-8"?>
<keywords>
   <keywords>
      <text FeatureID="-1">Quickoffice, gestor de ficheiros</text>
      <target FeatureID="-1" href="QFM_HLP_FILE_MENU.html">Gestor de ficheiros</target>
   </keywords>
   <keywords>
      <text FeatureID="-1">Quickoffice</text>
      <target FeatureID="-1" href="QFM_HLP_LOC_MENU.html">Quickoffice</target>
   </keywords>
   <keywords>
      <text FeatureID="-1">Quickpoint, procurar texto</text>
      <target FeatureID="-1" href="QPOINT_HLP_FIND_VIEW.html">Procurar texto de destaques</target>
   </keywords>
   <keywords>
      <text FeatureID="-1">Quickpoint, notas</text>
      <target FeatureID="-1" href="QPOINT_HLP_VIEW_NOTES_VIEW.html">Ver notas</target>
   </keywords>
   <keywords>
      <text FeatureID="-1">Quickpoint, destaques</text>
      <target FeatureID="-1" href="QPOINT_HLP_VIEW_OUTLINE_VIEW.html">Ver destaques</target>
   </keywords>
   <keywords>
      <text FeatureID="-1">Quickpoint</text>
      <target FeatureID="-1" href="QPOINT_HLP_VIEW_SLIDE_VIEW.html">Ver slides</target>
   </keywords>
   <keywords>
      <text FeatureID="-1">Quicksheet, procurar texto</text>
      <target FeatureID="-1" href="QSHEET_HLP_FIND_VIEW.html">Encontrar texto numa folha de cálculo</target>
   </keywords>
   <keywords>
      <text FeatureID="-1">Quicksheet, células</text>
      <target FeatureID="-1" href="QSHEET_HLP_VIEW_CELL.html">Ver células</target>
   </keywords>
   <keywords>
      <text FeatureID="-1">Quickword, procurar texto</text>
      <target FeatureID="-1" href="QWORD_HLP_FIND_MODE.html">Procurar texto</target>
   </keywords>
   <keywords>
      <text FeatureID="-1">Quickword</text>
      <target FeatureID="-1" href="QWORD_HLP_VIEW_MODE.html">Ver documentos</target>
   </keywords>
   <keywords>
      <text FeatureID="-1">Quickword, esquema de página</text>
      <target FeatureID="-1" href="QWORD_HLP_PAGE_VIEW.html">Ver esquema de página</target>
   </keywords>
</keywords>