<?xml version="1.0" encoding="UTF-8"?><?xml-stylesheet  href="../../theme/xsl/index2html.xslt" type="text/xsl"?>
<topics FeatureID="-1" title="Instellingen" compressed="true">
   <topicref FeatureID="-1" href="SET_HLP_SETTINGS_KEYPAD_COVER.html" navtitle="Instellingen voor actie van schuif"/>
   <topicref FeatureID="-1" href="CP_HLP_ADMINISTRATIVE_SETTINGS.html" navtitle="Beheerinstellingen"/>
   <topicref FeatureID="-1" href="CP_HLP_DEVICE_MANAGEMENT.html" navtitle="Apparaatbeheer"/>
   <topicref FeatureID="true_109" href="SET_HLP_WLAN_WPA_MAIN.html" navtitle="WPA, beveiligingsinstellingen"/>
   <topicref FeatureID="true_109" href="SET_HLP_WLAN_8021X_MAIN.html" navtitle="802.1x-beveiligingsinstellingen"/>
   <topicref FeatureID="true_109" href="SET_HLP_WLAN_EAP_PLUGINS_IAP.html" navtitle="EAP-instellingen"/>
   <topicref FeatureID="true_109" href="SET_HLP_WLAN_EAP_AKA.html" navtitle="EAP-AKA-instellingen"/>
   <topicref FeatureID="true_109" href="SET_HLP_WLAN_EAP_SIM.html" navtitle="EAP-SIM-instellingen"/>
   <topicref FeatureID="true_109" href="SET_HLP_WLAN_EAP_GTC.html" navtitle="EAP-GTC-instellingen"/>
   <topicref FeatureID="true_109" href="SET_HLP_WLAN_EAP_TTLS_TYPES.html" navtitle="EAP-TTLS-verificatiemethoden"/>
   <topicref FeatureID="true_109" href="SET_HLP_WLAN_EAP_TTLS_SUITES.html" navtitle="Coderingssuites voor EAP-TTLS"/>
   <topicref FeatureID="true_109" href="SET_HLP_WLAN_EAP_TTLS_SETT.html" navtitle="EAP-TTLS-instellingen"/>
   <topicref FeatureID="true_109" href="SET_HLP_WLAN_EAP_TLS_SUITES.html" navtitle="Coderingssuites voor EAP-TLS"/>
   <topicref FeatureID="true_109" href="SET_HLP_WLAN_EAP_TLS_SETT.html" navtitle="EAP-TLS-instellingen"/>
   <topicref FeatureID="true_109" href="SET_HLP_WLAN_EAP_PEAP_TYPES.html" navtitle="EAP-PEAP-verificatiemethoden"/>
   <topicref FeatureID="true_109" href="SET_HLP_WLAN_EAP_PEAP_SUITES.html" navtitle="Coderingssuites voor EAP-PEAP"/>
   <topicref FeatureID="true_109" href="SET_HLP_WLAN_EAP_PEAP_SETT.html" navtitle="EAP-PEAP-instellingen"/>
   <topicref FeatureID="true_109" href="SET_HLP_WLAN_EAP_MSCHAPV2.html" navtitle="EAP-MSCHAPV2-instellingen"/>
   <topicref FeatureID="true_109" href="SET_HLP_WLAN_EAP_PLAIN_MSCHAP.html" navtitle="Plain MSCHAPV2-instellingen"/>
   <topicref FeatureID="true_177" href="SET_HLP_WLAN_EAP_LEAP.html" navtitle="EAP-LEAP-instellingen"/>
   <topicref FeatureID="true_177" href="SET_HLP_WLAN_EAP_FAST_TYPES.html" navtitle="EAP-FAST-verificatiemethoden"/>
   <topicref FeatureID="true_177" href="SET_HLP_WLAN_EAP_FAST_SUITES.html" navtitle="Coderingssuites voor EAP-FAST"/>
   <topicref FeatureID="true_177" href="SET_HLP_WLAN_EAP_FAST_SETT.html" navtitle="EAP-FAST-instellingen"/>
   <topicref FeatureID="true_109" href="SET_HLP_WLAN_EAP_PAP.html" navtitle="PAP-instellingen"/>
   <topicref FeatureID="true_109" href="SET_HLP_WLAN_WEP_KEY_SETT.html" navtitle="WEP-sleutels bewerken"/>
   <topicref FeatureID="true_109" href="SET_HLP_WLAN_WEP_MAIN.html" navtitle="WEP, beveiligingsinstellingen"/>
   <topicref FeatureID="-1" href="ACL_HLP_MAIN.html" navtitle="Verbindingen beperken"/>
   <topicref FeatureID="-1" href="SIP_HLP_PROF_PARAMS.html" navtitle="SIP-profielinstellingen"/>
   <topicref FeatureID="-1" href="SIP_HLP_MAIN.html" navtitle="SIP-profielen"/>
   <topicref FeatureID="-1" href="SIP_HLP_PROXY_PARAMS.html" navtitle="SIP-proxy-instellingen"/>
   <topicref FeatureID="-1" href="SIP_HLP_REGISTRAR_PARAM.html" navtitle="Instellingen voor registrarserver"/>
   <topicref FeatureID="-1" href="HLP_OCC_CONN_SETTINGS.html" navtitle="Netwerkverbindingen"/>
   <topicref FeatureID="-1" href="SET_HLP_CONN_DEST_VIEW.html" navtitle="Weergave Bestemmingen"/>
   <topicref FeatureID="-1" href="SET_HLP_DEFAULT_CONN.html" navtitle="Standaardverbinding"/>
   <topicref FeatureID="true_99" href="SET_HLP_VPN_DEST_ASSOC_VIEW.html" navtitle="VPN-verbindingen"/>
   <topicref FeatureID="-1" href="SET_HLP_CONN_METHODS_VIEW.html" navtitle="Weergave Toegangspunten"/>
   <topicref FeatureID="-1" href="SET_HLP_APP_DEST_ASSOC_VIEW.html" navtitle="Toepassingsverbindingen"/>
   <topicref FeatureID="-1" href="CP_HLP_APPILICATION_SETTINGS.html" navtitle="Toepassingsinstellingen"/>
   <topicref FeatureID="-1" href="SCP_HLP_CALL.html" navtitle="Oproepinstellingen"/>
   <topicref FeatureID="-1" href="CP_HLP_CONNECTIVITY.html" navtitle="Verbindingsinstellingen"/>
   <topicref FeatureID="-1" href="CP_HLP_DISPLAY.html" navtitle="Weergave-instellingen"/>
   <topicref FeatureID="-1" href="CP_HLP_DEVICE.html" navtitle="Apparaatinstellingen"/>
   <topicref FeatureID="-1" href="CP_HLP_LANGUAGE.html" navtitle="Taalinstellingen"/>
   <topicref FeatureID="-1" href="CP_HLP_MAIN_VIEW.html" navtitle="Instellingen"/>
   <topicref FeatureID="-1" href="CP_HLP_NETWORK.html" navtitle="Netwerkinstellingen"/>
   <topicref FeatureID="true_410" href="CP_HLP_PEN_INPUT.html" navtitle="Instellingen voor aanraakinvoer"/>
   <topicref FeatureID="-1" href="CP_HLP_PERSONAL.html" navtitle="Persoonlijke weergave"/>
   <topicref FeatureID="-1" href="CP_HLP_SECURITY.html" navtitle="Beveiligingsinstellingen"/>
   <topicref FeatureID="-1" href="SET_HLP_SECURITY_DEVICE_SIM.html" navtitle="Apparaatbeveiliging"/>
   <topicref FeatureID="-1" href="CP_HLP_TELEPHONY.html" navtitle="Telefooninstellingen"/>
   <topicref FeatureID="__DUAL_LANGUAGE_SUPPORT=true" href="CP_HLP_WRITING_LANGUAGE.html" navtitle="Invoertaal"/>
   <topicref FeatureID="-1" href="SET_HLP_ACCESSORIES_LIST.html" navtitle="Instellingen voor accessoires"/>
   <topicref FeatureID="-1" href="SSET_HLP_MAIN_VIEW.html" navtitle="Sensorinstellingen"/>
   <topicref FeatureID="-1" href="SET_HLP_AP_SETTING_GPRS.html" navtitle="Toegangspunt voor packet-gegevens"/>
   <topicref FeatureID="-1" href="SET_HLP_AP_SETTING_GPRS_AS.html" navtitle="Geavanceerde instellingen voor packet-gegevens"/>
   <topicref FeatureID="true_109" href="SET_HLP_AP_SETTING_WLAN_AS.html" navtitle="Geavanceerde WLAN-instellingen"/>
   <topicref FeatureID="-1" href="SET_HLP_VPN_AP_SETTINGS_VIEW.html" navtitle="VPN-toegangspunten bewerken"/>
   <topicref FeatureID="true_109" href="SET_HLP_AP_SETTING_WLAN.html" navtitle="WLAN, toegangspunt"/>
   <topicref FeatureID="true_109" href="SET_HLP_AP_WLAN_AS_IPV4.html" navtitle="IPv4-instellingen voor WLAN"/>
   <topicref FeatureID="true_109" href="SET_HLP_AP_WLAN_AS_IPV6.html" navtitle="IPv6-instellingen voor WLAN"/>
   <topicref FeatureID="-1" href="CP_HLP_AUTOKEYGUARD.html" navtitle="Automatische vergrendeling"/>
   <topicref FeatureID="true_1581" href="RD_HLP_REMOTE_DRIVE_CONFIG.html" navtitle="Instellingen voor extern station"/>
   <topicref FeatureID="true_1581" href="RD_HLP_REMOTE_DRIVES.html" navtitle="Externe stations"/>
   <topicref FeatureID="-1" href="CP_HLP_NETWORK.html" navtitle="Netwerkinstellingen"/>
   <topicref FeatureID="-1" href="SET_HLP_BARRING_SETTINGS.html" navtitle="Spraakoproepen blokkeren"/>
   <topicref FeatureID="true_298" href="DIV_HLP_BARRING_MAIN.html" navtitle="Oproepen blokkeren"/>
   <topicref FeatureID="true_89" href="DIV_HLP_CALL_FORW_VID.html" navtitle="Video-oproepen doorschakelen"/>
   <topicref FeatureID="-1" href="DIV_HLP_CALL_FORW_MAIN.html" navtitle="Oproepen doorschakelen"/>
   <topicref FeatureID="-1" href="DIV_HLP_CALL_FORW_VOI.html" navtitle="Spraakoproepen doorschakelen"/>
   <topicref FeatureID="true_298" href="DIV_HLP_CALL_FORW_VOIP.html" navtitle="Internetoproepen blokkeren"/>
   <topicref FeatureID="true_109" href="SET_HLP_WLAN_SETTINGS.html" navtitle="WLAN-instellingen"/>
   <topicref FeatureID="-1" href="CP_HLP_SYNCHRONISATION.html" navtitle="Synchronisatie-instellingen"/>
   <topicref FeatureID="-1" href="CP_HLP_INSTALLATIONS.html" navtitle="Installaties"/>
   <topicref FeatureID="-1" href="SET_HLP_ACCESSORIES_HEADPHONE.html" navtitle="Instellingen voor hoofdtelefoon"/>
   <topicref FeatureID="-1" href="SET_HLP_ACCESSORIES_HEADSET.html" navtitle="Instellingen voor headset"/>
   <topicref FeatureID="-1" href="SET_HLP_ACCESS_WIRED_CK.html" navtitle="Instellingen voor bedrade carkit"/>
   <topicref FeatureID="-1" href="SET_HLP_ACCESS_WIRELESS_CK.html" navtitle="Instellingen voor draadloze carkit"/>
   <topicref FeatureID="-1" href="SET_HLP_ACCESSORIES_LOOPSET.html" navtitle="Instellingen voor hoorapparaat"/>
   <topicref FeatureID="-1" href="SET_HLP_ACCESSORIES_MUSIC_ST.html" navtitle="Instellingen voor muziekhouder"/>
   <topicref FeatureID="true_1032" href="SET_HLP_ACCESSORIES_TTY.html" navtitle="Teksttelefooninstellingen"/>
   <topicref FeatureID="true_1540" href="SET_HLP_ACCESSORIES_TVOUT.html" navtitle="Instellingen voor tv-uitvoer"/>
   <topicref FeatureID="true_410" href="PREDINPUT_HLP_VIRT_ITI_SETT.html" navtitle="Instellingen voor invoer"/>
   <topicref FeatureID="-1" href="PREDINPUT_HLP_VIRTUAL_ITI.html" navtitle="Intelligente tekstinvoer"/>
   <topicref FeatureID="-1" href="PREDINPUT_HLP_USERDICT.html" navtitle="Gebruikerswoordenboek bewerken"/>
   <topicref FeatureID="-1" href="SET_HLP_GENERAL_ORIG_SET.html" navtitle="Oorspronkelijke instellingen herstellen"/>
</topics>