<?xml version="1.0" encoding="UTF-8"?>
<keywords>
   <keywords>
      <text FeatureID="-1">apparaatbeheer</text>
      <target FeatureID="-1" href="CP_HLP_DEVICE_MANAGEMENT.html">Apparaatbeheer</target>
   </keywords>
   <keywords>
      <text FeatureID="true_109">EAP (Extensible Authentication Protocol)</text>
      <target FeatureID="true_109" href="SET_HLP_WLAN_EAP_SIM.html">EAP-SIM-instellingen</target>
   </keywords>
   <keywords>
      <text FeatureID="true_109">instellingen, WLAN</text>
      <target FeatureID="true_109" href="SET_HLP_WLAN_EAP_SIM.html">EAP-SIM-instellingen</target>
   </keywords>
   <keywords>
      <text FeatureID="-1">beperken, toegangspunten</text>
      <target FeatureID="-1" href="ACL_HLP_MAIN.html">Verbindingen beperken</target>
   </keywords>
   <keywords>
      <text FeatureID="-1">verbindingsinstellingen</text>
      <target FeatureID="-1" href="SET_HLP_CONN_DEST_VIEW.html">Weergave Bestemmingen</target>
      <target FeatureID="-1" href="SET_HLP_DEFAULT_CONN.html">Standaardverbinding</target>
      <target FeatureID="-1" href="SET_HLP_CONN_METHODS_VIEW.html">Weergave Toegangspunten</target>
      <target FeatureID="true_1537" href="RD_HLP_REMOTE_DRIVE_CONFIG.html">Instellingen voor extern station</target>
      <target FeatureID="true_1537" href="RD_HLP_REMOTE_DRIVES.html">Externe stations</target>
   </keywords>
   <keywords>
      <text FeatureID="-1">bestemmingsinstellingen</text>
      <target FeatureID="-1" href="SET_HLP_CONN_DEST_VIEW.html">Weergave Bestemmingen</target>
   </keywords>
   <keywords>
      <text FeatureID="-1">standaardverbinding</text>
      <target FeatureID="-1" href="SET_HLP_DEFAULT_CONN.html">Standaardverbinding</target>
   </keywords>
   <keywords>
      <text FeatureID="-1">VPN-toegangspunten</text>
      <target FeatureID="true_99" href="SET_HLP_VPN_DEST_ASSOC_VIEW.html">VPN-verbindingen</target>
      <target FeatureID="-1" href="SET_HLP_VPN_AP_SETTINGS_VIEW.html">VPN-toegangspunten bewerken</target>
   </keywords>
   <keywords>
      <text FeatureID="-1">toegangspunten</text>
      <target FeatureID="-1" href="SET_HLP_CONN_METHODS_VIEW.html">Weergave Toegangspunten</target>
   </keywords>
   <keywords>
      <text FeatureID="-1">toepassingsverbindingen</text>
      <target FeatureID="-1" href="SET_HLP_APP_DEST_ASSOC_VIEW.html">Toepassingsverbindingen</target>
   </keywords>
   <keywords>
      <text FeatureID="-1">toepassingsinstellingen</text>
      <target FeatureID="-1" href="CP_HLP_APPILICATION_SETTINGS.html">Toepassingsinstellingen</target>
   </keywords>
   <keywords>
      <text FeatureID="-1">oproepen, instellingen</text>
      <target FeatureID="-1" href="SCP_HLP_CALL.html">Oproepinstellingen</target>
   </keywords>
   <keywords>
      <text FeatureID="-1">instellingen, oproepen</text>
      <target FeatureID="-1" href="SCP_HLP_CALL.html">Oproepinstellingen</target>
   </keywords>
   <keywords>
      <text FeatureID="-1">connectiviteit</text>
      <target FeatureID="-1" href="CP_HLP_CONNECTIVITY.html">Verbindingsinstellingen</target>
   </keywords>
   <keywords>
      <text FeatureID="-1">bedieningspaneel</text>
      <target FeatureID="-1" href="CP_HLP_DISPLAY.html">Weergave-instellingen</target>
      <target FeatureID="-1" href="CP_HLP_IDLE.html">Startscherm</target>
      <target FeatureID="__DUAL_LANGUAGE_SUPPORT=true" href="CP_HLP_WRITING_LANGUAGE.html">Invoertaal</target>
   </keywords>
   <keywords>
      <text FeatureID="-1">weergave-instellingen</text>
      <target FeatureID="-1" href="CP_HLP_DISPLAY.html">Weergave-instellingen</target>
   </keywords>
   <keywords>
      <text FeatureID="-1">algemene instellingen</text>
      <target FeatureID="-1" href="CP_HLP_DEVICE.html">Apparaatinstellingen</target>
   </keywords>
   <keywords>
      <text FeatureID="-1">apparaatinstellingen</text>
      <target FeatureID="-1" href="CP_HLP_DEVICE.html">Apparaatinstellingen</target>
   </keywords>
   <keywords>
      <text FeatureID="-1">taalinstellingen</text>
      <target FeatureID="-1" href="CP_HLP_LANGUAGE.html">Taalinstellingen</target>
   </keywords>
   <keywords>
      <text FeatureID="-1">instellingen</text>
      <target FeatureID="-1" href="CP_HLP_MAIN_VIEW.html">Instellingen</target>
   </keywords>
   <keywords>
      <text FeatureID="-1">netwerkinstellingen</text>
      <target FeatureID="-1" href="CP_HLP_NETWORK.html">Netwerkinstellingen</target>
      <target FeatureID="-1" href="CP_HLP_NETWORK.html">Netwerkinstellingen</target>
   </keywords>
   <keywords>
      <text FeatureID="-1">profiel</text>
      <target FeatureID="-1" href="CP_HLP_PERSONAL.html">Persoonlijke weergave</target>
   </keywords>
   <keywords>
      <text FeatureID="-1">thema</text>
      <target FeatureID="-1" href="CP_HLP_PERSONAL.html">Persoonlijke weergave</target>
   </keywords>
   <keywords>
      <text FeatureID="-1">stand-by</text>
      <target FeatureID="-1" href="CP_HLP_PERSONAL.html">Persoonlijke weergave</target>
   </keywords>
   <keywords>
      <text FeatureID="-1">beveiliging, instellingen</text>
      <target FeatureID="-1" href="CP_HLP_SECURITY.html">Beveiligingsinstellingen</target>
   </keywords>
   <keywords>
      <text FeatureID="-1">instellingen, beveiliging</text>
      <target FeatureID="-1" href="CP_HLP_SECURITY.html">Beveiligingsinstellingen</target>
   </keywords>
   <keywords>
      <text FeatureID="-1">apparaat, blokkeren</text>
      <target FeatureID="-1" href="SET_HLP_SECURITY_DEVICE_SIM.html">Apparaatbeveiliging</target>
   </keywords>
   <keywords>
      <text FeatureID="-1">beveiliging</text>
      <target FeatureID="-1" href="SET_HLP_SECURITY_DEVICE_SIM.html">Apparaatbeveiliging</target>
   </keywords>
   <keywords>
      <text FeatureID="-1">startscherm, instellingen</text>
      <target FeatureID="-1" href="CP_HLP_IDLE.html">Startscherm</target>
   </keywords>
   <keywords>
      <text FeatureID="__DUAL_LANGUAGE_SUPPORT=true">invoertaal</text>
      <target FeatureID="__DUAL_LANGUAGE_SUPPORT=true" href="CP_HLP_WRITING_LANGUAGE.html">Invoertaal</target>
   </keywords>
   <keywords>
      <text FeatureID="-1">waarschuwingsverlichting</text>
      <target FeatureID="-1" href="ES_HLP_LIGHT_MAIN.html">Meldingslampje</target>
      <target FeatureID="-1" href="ES_HLP_LIGHT_BLINKING.html">Instellingen voor meldingslicht</target>
   </keywords>
   <keywords>
      <text FeatureID="-1">accessoires, instellingen</text>
      <target FeatureID="-1" href="SET_HLP_ACCESSORIES_LIST.html">Instellingen voor accessoires</target>
      <target FeatureID="-1" href="SET_HLP_ACCESSORIES_HEADSET.html">Instellingen voor headset</target>
   </keywords>
   <keywords>
      <text FeatureID="-1">packet-gegevens, toegangspunt</text>
      <target FeatureID="-1" href="SET_HLP_AP_SETTING_GPRS.html">Toegangspunt voor packet-gegevens</target>
   </keywords>
   <keywords>
      <text FeatureID="-1">packet-gegevens, instellingen</text>
      <target FeatureID="-1" href="SET_HLP_AP_SETTING_GPRS_AS.html">Geavanceerde instellingen voor packet-gegevens</target>
   </keywords>
   <keywords>
      <text FeatureID="-1">toegangspunten voor packet-gegevensverbindingen</text>
      <target FeatureID="-1" href="SET_HLP_AP_SETTING_GPRS_AS.html">Geavanceerde instellingen voor packet-gegevens</target>
   </keywords>
   <keywords>
      <text FeatureID="true_1088 true_110">gegevensoproep, toegangspunten</text>
      <target FeatureID="true_110" href="SET_HLP_AP_DATA_AS_IPV4.html">IPv4-instellingen voor gegevensoproepen</target>
      <target FeatureID="true_1088" href="SET_HLP_AP_DATA_AS_IPV6.html">IPv6-instellingen voor gegevensoproepen</target>
      <target FeatureID="true_110" href="SET_HLP_AP_SETTING_DATA_AS.html">Geavanceerde instellingen voor gegevensoproepen</target>
   </keywords>
   <keywords>
      <text FeatureID="true_110">toegangspunt, instellingen</text>
      <target FeatureID="true_110" href="SET_HLP_AP_SETTING_DATA.html">Toegangspunt voor gegevensoproepen</target>
      <target FeatureID="true_110" href="SET_HLP_AP_SETTING_DATA_AS.html">Geavanceerde instellingen voor gegevensoproepen</target>
   </keywords>
   <keywords>
      <text FeatureID="true_110">gegevensoproep, instellingen</text>
      <target FeatureID="true_110" href="SET_HLP_AP_SETTING_DATA.html">Toegangspunt voor gegevensoproepen</target>
   </keywords>
   <keywords>
      <text FeatureID="-1">virtual private network</text>
      <target FeatureID="-1" href="SET_HLP_VPN_AP_SETTINGS_VIEW.html">VPN-toegangspunten bewerken</target>
   </keywords>
   <keywords>
      <text FeatureID="-1">vergrendeling</text>
      <target FeatureID="-1" href="CP_HLP_AUTOKEYGUARD.html">Automatische vergrendeling</target>
   </keywords>
   <keywords>
      <text FeatureID="true_1537">externe stations</text>
      <target FeatureID="true_1537" href="RD_HLP_REMOTE_DRIVE_CONFIG.html">Instellingen voor extern station</target>
      <target FeatureID="true_1537" href="RD_HLP_REMOTE_DRIVES.html">Externe stations</target>
   </keywords>
   <keywords>
      <text FeatureID="-1">oproepblokkering</text>
      <target FeatureID="-1" href="SET_HLP_BARRING_SETTINGS.html">Spraakoproepen blokkeren</target>
      <target FeatureID="true_298" href="DIV_HLP_BARRING_MAIN.html">Oproepen blokkeren</target>
   </keywords>
   <keywords>
      <text FeatureID="-1">blokkeren, oproepen</text>
      <target FeatureID="-1" href="SET_HLP_BARRING_SETTINGS.html">Spraakoproepen blokkeren</target>
      <target FeatureID="true_298" href="DIV_HLP_BARRING_MAIN.html">Oproepen blokkeren</target>
   </keywords>
   <keywords>
      <text FeatureID="-1">doorschakelen, oproepen</text>
      <target FeatureID="-1" href="DIV_HLP_CALL_FORW_MAIN.html">Oproepen doorschakelen</target>
      <target FeatureID="-1" href="DIV_HLP_CALL_FORW_VOI.html">Spraakoproepen doorschakelen</target>
   </keywords>
   <keywords>
      <text FeatureID="-1">doorsturen, oproepen</text>
      <target FeatureID="-1" href="DIV_HLP_CALL_FORW_MAIN.html">Oproepen doorschakelen</target>
   </keywords>
   <keywords>
      <text FeatureID="-1">synchronisatie-instellingen</text>
      <target FeatureID="-1" href="CP_HLP_SYNCHRONISATION.html">Synchronisatie-instellingen</target>
   </keywords>
   <keywords>
      <text FeatureID="-1">installeren, toepassingen</text>
      <target FeatureID="-1" href="CP_HLP_INSTALLATIONS.html">Installaties</target>
   </keywords>
   <keywords>
      <text FeatureID="-1">hoofdtelefoon, instellingen</text>
      <target FeatureID="-1" href="SET_HLP_ACCESSORIES_HEADPHONE.html">Instellingen voor hoofdtelefoon</target>
   </keywords>
   <keywords>
      <text FeatureID="-1">accessoire-instellingen</text>
      <target FeatureID="-1" href="SET_HLP_ACCESSORIES_HEADPHONE.html">Instellingen voor hoofdtelefoon</target>
      <target FeatureID="-1" href="SET_HLP_ACCESS_WIRED_CK.html">Instellingen voor bedrade carkit</target>
      <target FeatureID="true_1032" href="SET_HLP_ACCESSORIES_TTY.html">Teksttelefooninstellingen</target>
      <target FeatureID="true_1540" href="SET_HLP_ACCESSORIES_TVOUT.html">Instellingen voor tv-uitvoer</target>
   </keywords>
   <keywords>
      <text FeatureID="-1">headset, instellingen</text>
      <target FeatureID="-1" href="SET_HLP_ACCESSORIES_HEADSET.html">Instellingen voor headset</target>
   </keywords>
   <keywords>
      <text FeatureID="-1">bedrade carkit, instellingen</text>
      <target FeatureID="-1" href="SET_HLP_ACCESS_WIRED_CK.html">Instellingen voor bedrade carkit</target>
   </keywords>
   <keywords>
      <text FeatureID="-1">carkit, instellingen</text>
      <target FeatureID="-1" href="SET_HLP_ACCESS_WIRED_CK.html">Instellingen voor bedrade carkit</target>
   </keywords>
   <keywords>
      <text FeatureID="-1">muziekhouder, instellingen</text>
      <target FeatureID="-1" href="SET_HLP_ACCESSORIES_MUSIC_ST.html">Instellingen voor muziekhouder</target>
   </keywords>
   <keywords>
      <text FeatureID="true_1032">TTY-instellingen</text>
      <target FeatureID="true_1032" href="SET_HLP_ACCESSORIES_TTY.html">Teksttelefooninstellingen</target>
   </keywords>
   <keywords>
      <text FeatureID="true_1032">TDD-instellingen</text>
      <target FeatureID="true_1032" href="SET_HLP_ACCESSORIES_TTY.html">Teksttelefooninstellingen</target>
   </keywords>
   <keywords>
      <text FeatureID="true_1540">tv-uitvoer, instellingen</text>
      <target FeatureID="true_1540" href="SET_HLP_ACCESSORIES_TVOUT.html">Instellingen voor tv-uitvoer</target>
   </keywords>
</keywords>