<?xml version="1.0" encoding="UTF-8"?>
<keywords>
   <keywords>
      <text FeatureID="-1">Bluetooth</text>
      <target FeatureID="-1" href="BT_HLP_MAIN.html">Bluetooth</target>
      <target FeatureID="-1" href="BT_HLP_PAIRED.html">Vínculo con dispositivos</target>
      <target FeatureID="-1" href="BT_HLP_BLOCKED.html">Bloqueo de dispositivos</target>
   </keywords>
   <keywords>
      <text FeatureID="-1">Axustes do Bluetooth</text>
      <target FeatureID="-1" href="BT_HLP_MAIN.html">Bluetooth</target>
   </keywords>
   <keywords>
      <text FeatureID="-1">vinculación de dispositivos</text>
      <target FeatureID="-1" href="BT_HLP_PAIRED.html">Vínculo con dispositivos</target>
   </keywords>
   <keywords>
      <text FeatureID="-1">dispositivos bloqueados</text>
      <target FeatureID="-1" href="BT_HLP_BLOCKED.html">Bloqueo de dispositivos</target>
   </keywords>
   <keywords>
      <text FeatureID="true_12">teclado sen fíos</text>
      <target FeatureID="true_12" href="BTKEYBOARD_HLP_SETTINGS.html">Teclado sen fíos</target>
   </keywords>
</keywords>