<?xml version="1.0" encoding="UTF-8"?>
<keywords>
   <keywords>
      <text FeatureID="-1">radio</text>
      <target FeatureID="-1" href="FMRADIO_HLP_MAIN.html">Escoitar a radio</target>
      <target FeatureID="-1" href="FMRADIO_HLP_SEARCH.html">Buscar emisoras</target>
      <target FeatureID="-1" href="FMRADIO_HLP_LIST.html"> Xestión de emisoras de radio</target>
   </keywords>
   <keywords>
      <text FeatureID="-1">radio FM</text>
      <target FeatureID="-1" href="FMRADIO_HLP_MAIN.html">Escoitar a radio</target>
      <target FeatureID="-1" href="FMRADIO_HLP_SEARCH.html">Buscar emisoras</target>
      <target FeatureID="-1" href="FMRADIO_HLP_LIST.html"> Xestión de emisoras de radio</target>
   </keywords>
</keywords>