<?xml version="1.0" encoding="UTF-8"?>
<keywords>
   <keywords>
      <text FeatureID="-1">profiilien mukautus</text>
      <target FeatureID="-1" href="MODE_HLP_PERSONALISE.html">Profiilien mukautus</target>
   </keywords>
   <keywords>
      <text FeatureID="-1">ääniasetukset</text>
      <target FeatureID="-1" href="SET_HLP_PERSONAL_TONES.html">Ääniasetukset</target>
   </keywords>
   <keywords>
      <text FeatureID="-1">soittoäänet</text>
      <target FeatureID="-1" href="SET_HLP_PERSONAL_TONES.html">Ääniasetukset</target>
   </keywords>
   <keywords>
      <text FeatureID="-1">profiilit</text>
      <target FeatureID="-1" href="MODE_HLP_PROFILES_LIST.html">Profiilit</target>
   </keywords>
   <keywords>
      <text FeatureID="-1">profiilien muuttaminen</text>
      <target FeatureID="-1" href="MODE_HLP_PROFILES_LIST.html">Profiilit</target>
   </keywords>
</keywords>