<?xml version="1.0" encoding="UTF-8"?><?xml-stylesheet  href="../../theme/xsl/index2html.xslt" type="text/xsl"?>
<topics FeatureID="-1" title="شخصی سازی" compressed="true">
   <topicref FeatureID="-1" href="SKINS_HLP_LIST.html" navtitle="مضامین کلی"/>
   <topicref FeatureID="-1" href="SCREENSAVER_HLP_WP_SETTINGS.html" navtitle="تنظیمات تصویر زمینه نمایش اسلاید"/>
   <topicref FeatureID="-1" href="SKINS_HLP_WP_SETTINGS.html" navtitle="تنظیمات تصویر زمینه"/>
   <topicref FeatureID="-1" href="SKINS_HLP_SCREENS_SETTINGS.html" navtitle="تنظیمات محافظ صفحه"/>
   <topicref FeatureID="true_1503" href="SKINS_HLP_CIMAGE_SETTINGS.html" navtitle="انتخاب تصویر تماس"/>
   <topicref FeatureID="-1" href="SKINS_HLP_APPSHELL.html" navtitle="تنظیمات نمای فهرست"/>
   <topicref FeatureID="-1" href="SKINS_HLP_APP_MAIN.html" navtitle="سفارشی کردن نمایشگر"/>
   <topicref FeatureID="-1" href="SKINS_HLP_APPSKINS_LIST.html" navtitle="مضامین برنامه"/>
</topics>