<?xml version="1.0" encoding="UTF-8"?>
<keywords>
   <keywords>
      <text FeatureID="-1">مضامین</text>
      <target FeatureID="-1" href="SKINS_HLP_LIST.html">مضامین کلی</target>
      <target FeatureID="-1" href="SCREENSAVER_HLP_WP_SETTINGS.html">تنظیمات تصویر زمینه نمایش اسلاید</target>
      <target FeatureID="-1" href="SKINS_HLP_WP_SETTINGS.html">تنظیمات تصویر زمینه</target>
      <target FeatureID="true_1503" href="SKINS_HLP_CIMAGE_SETTINGS.html">انتخاب تصویر تماس</target>
      <target FeatureID="-1" href="SKINS_HLP_APPSHELL.html">تنظیمات نمای فهرست</target>
      <target FeatureID="-1" href="SKINS_HLP_APP_MAIN.html">سفارشی کردن نمایشگر</target>
      <target FeatureID="-1" href="SKINS_HLP_APPSKINS_LIST.html">مضامین برنامه</target>
   </keywords>
   <keywords>
      <text FeatureID="-1">تصویر زمینه نمایش اسلاید</text>
      <target FeatureID="-1" href="SCREENSAVER_HLP_WP_SETTINGS.html">تنظیمات تصویر زمینه نمایش اسلاید</target>
   </keywords>
   <keywords>
      <text FeatureID="-1">تنظیمات نمایش اسلاید</text>
      <target FeatureID="-1" href="SCREENSAVER_HLP_WP_SETTINGS.html">تنظیمات تصویر زمینه نمایش اسلاید</target>
   </keywords>
   <keywords>
      <text FeatureID="-1">تنظیمات تصویر زمینه</text>
      <target FeatureID="-1" href="SKINS_HLP_WP_SETTINGS.html">تنظیمات تصویر زمینه</target>
   </keywords>
   <keywords>
      <text FeatureID="-1">تصویرپس زمینه</text>
      <target FeatureID="-1" href="SKINS_HLP_WP_SETTINGS.html">تنظیمات تصویر زمینه</target>
   </keywords>
   <keywords>
      <text FeatureID="-1">محافظ صفحه</text>
      <target FeatureID="-1" href="SKINS_HLP_SCREENS_SETTINGS.html">تنظیمات محافظ صفحه</target>
   </keywords>
   <keywords>
      <text FeatureID="true_1503">تنظیمات تصویر تماس</text>
      <target FeatureID="true_1503" href="SKINS_HLP_CIMAGE_SETTINGS.html">انتخاب تصویر تماس</target>
   </keywords>
   <keywords>
      <text FeatureID="-1">فهرستها</text>
      <target FeatureID="-1" href="SKINS_HLP_APPSHELL.html">تنظیمات نمای فهرست</target>
   </keywords>
   <keywords>
      <text FeatureID="-1">تصویر پس زمینه</text>
      <target FeatureID="-1" href="SKINS_HLP_APP_MAIN.html">سفارشی کردن نمایشگر</target>
   </keywords>
</keywords>