<?xml version="1.0" encoding="UTF-8"?>
<keywords>
   <keywords>
      <text FeatureID="-1">garso temos</text>
      <target FeatureID="-1" href="AUDIOTHEME_HLP_EVENTGROUPS.html">Garso temų keitimas</target>
      <target FeatureID="-1" href="SET_HLP_AUDIO_THEME_EVENTSLIST.html">Prietaiso įvykių garsai</target>
   </keywords>
   <keywords>
      <text FeatureID="-1">prietaiso stiliaus kūrimas</text>
      <target FeatureID="-1" href="AUDIOTHEME_HLP_EVENTGROUPS.html">Garso temų keitimas</target>
      <target FeatureID="-1" href="SET_HLP_AUDIO_THEME_EVENTSLIST.html">Prietaiso įvykių garsai</target>
   </keywords>
   <keywords>
      <text FeatureID="-1">prietaiso garsai</text>
      <target FeatureID="-1" href="AUDIOTHEME_HLP_EVENTGROUPS.html">Garso temų keitimas</target>
      <target FeatureID="-1" href="SET_HLP_AUDIO_THEME_EVENTSLIST.html">Prietaiso įvykių garsai</target>
   </keywords>
</keywords>