<?xml version="1.0" encoding="UTF-8"?>
<keywords>
   <keywords>
      <text FeatureID="-1">پخش پرونده flash</text>
      <target FeatureID="-1" href="FLITE_HLP_STOPPED.html">توقف پخش flash</target>
      <target FeatureID="-1" href="FLITE_HLP_VIEWER_PAUSED.html">وقفه در پخش flash</target>
      <target FeatureID="-1" href="FLITE_HLP_VIEWER_PLAY.html">پخش پرونده های flash</target>
   </keywords>
   <keywords>
      <text FeatureID="-1">پخش کننده Flash</text>
      <target FeatureID="-1" href="FLITE_HLP_STOPPED.html">توقف پخش flash</target>
      <target FeatureID="-1" href="FLITE_HLP_VIEWER_PAUSED.html">وقفه در پخش flash</target>
      <target FeatureID="-1" href="FLITE_HLP_VIEWER_PLAY.html">پخش پرونده های flash</target>
   </keywords>
</keywords>