<?xml version="1.0" encoding="UTF-8"?><?xml-stylesheet  href="../../theme/xsl/index2html.xslt" type="text/xsl"?>
<topics FeatureID="-1" title="Csevegés" compressed="true">
   <topicref FeatureID="-1" href="IMNG_HLP_SEARCHCHAT.html" navtitle="Csevegőfelh. keresése"/>
   <topicref FeatureID="-1" href="IMNG_HLP_SAVED_VIEW.html" navtitle="Mentett beszélgetések megtekintése"/>
   <topicref FeatureID="-1" href="IMNG_HLP_SAVED_LIST.html" navtitle="Mentett beszélgetések"/>
   <topicref FeatureID="-1" href="IMNG_HLP_IMCHAT.html" navtitle="Csoportos beszélgetés"/>
   <topicref FeatureID="-1" href="IMNG_HLP_GROUP_EDIT.html" navtitle="Csoportszerk. jogok"/>
   <topicref FeatureID="-1" href="IMNG_HLP_GROUP_BAN.html" navtitle="Csevegőfelh. kitiltása csoportból"/>
   <topicref FeatureID="-1" href="IMNG_HLP_CONT_OWN_DATA.html" navtitle="Saját adatok"/>
   <topicref FeatureID="-1" href="IMNG_HLP_COMMUNITY_VIEW_EMPTY.html" navtitle="Csevegés indítása"/>
   <topicref FeatureID="-1" href="IMNG_HLP_COMMUNITY_VIEW.html" navtitle="Csevegés"/>
   <topicref FeatureID="-1" href="IMNG_HLP_BLOCKED_VIEW.html" navtitle="Letiltott partnerek"/>
   <topicref FeatureID="-1" href="IMNG_HLP_SETTINGS.html" navtitle="Csev. beáll."/>
   <topicref FeatureID="-1" href="IMNG_HLP_SERVLISTSETT_IM.html" navtitle="Csevegőszerverek"/>
   <topicref FeatureID="-1" href="IMNG_HLP_DEFSERVER.html" navtitle="A csevegőszerver beállításai"/>
   <topicref FeatureID="-1" href="IMNG_HLP_INVITE.html" navtitle="Csev. meghívások"/>
   <topicref FeatureID="-1" href="IMNG_HLP_CREATECHAT.html" navtitle="Csev.csoport beállításai"/>
   <topicref FeatureID="-1" href="IMNG_HLP_ACCLIST.html" navtitle="Csevegőcsoport tagjai"/>
   <topicref FeatureID="-1" href="IMNG_HLP_CONVERSATIONS.html" navtitle="Csevegések"/>
   <topicref FeatureID="-1" href="IMNG_HLP_CONTACTDETAILS.html" navtitle="Csev.partner adatai"/>
   <topicref FeatureID="-1" href="IMNG_HLP_APPSETT.html" navtitle="Csev.alkalm. beállításai"/>
</topics>