<?xml version="1.0" encoding="UTF-8"?>
<keywords>
   <keywords>
      <text FeatureID="-1">csevegőfelhasználók keresése</text>
      <target FeatureID="-1" href="IMNG_HLP_SEARCHCHAT.html">Csevegőfelh. keresése</target>
   </keywords>
   <keywords>
      <text FeatureID="-1">csevegés</text>
      <target FeatureID="-1" href="IMNG_HLP_SEARCHCHAT.html">Csevegőfelh. keresése</target>
      <target FeatureID="-1" href="IMNG_HLP_SAVED_VIEW.html">Mentett beszélgetések megtekintése</target>
      <target FeatureID="-1" href="IMNG_HLP_SAVED_LIST.html">Mentett beszélgetések</target>
      <target FeatureID="-1" href="IMNG_HLP_GROUP_EDIT.html">Csoportszerk. jogok</target>
      <target FeatureID="-1" href="IMNG_HLP_GROUP_BAN.html">Csevegőfelh. kitiltása csoportból</target>
      <target FeatureID="-1" href="IMNG_HLP_CONT_OWN_DATA.html">Saját adatok</target>
      <target FeatureID="-1" href="IMNG_HLP_COMMUNITY_VIEW_EMPTY.html">Csevegés indítása</target>
      <target FeatureID="-1" href="IMNG_HLP_COMMUNITY_VIEW.html">Csevegés</target>
      <target FeatureID="-1" href="IMNG_HLP_CREATECHAT.html">Csev.csoport beállításai</target>
      <target FeatureID="-1" href="IMNG_HLP_ACCLIST.html">Csevegőcsoport tagjai</target>
      <target FeatureID="-1" href="IMNG_HLP_CONVERSATIONS.html">Csevegések</target>
      <target FeatureID="-1" href="IMNG_HLP_APPSETT.html">Csev.alkalm. beállításai</target>
   </keywords>
   <keywords>
      <text FeatureID="-1">csevegőcsoportok keresése</text>
      <target FeatureID="-1" href="IMNG_HLP_SEARCHCHAT.html">Csevegőfelh. keresése</target>
   </keywords>
   <keywords>
      <text FeatureID="-1">mentett beszélgetések</text>
      <target FeatureID="-1" href="IMNG_HLP_SAVED_LIST.html">Mentett beszélgetések</target>
   </keywords>
   <keywords>
      <text FeatureID="-1">IM (csevegés)</text>
      <target FeatureID="-1" href="IMNG_HLP_IMCHAT.html">Csoportos beszélgetés</target>
   </keywords>
   <keywords>
      <text FeatureID="-1">csatlakozás csevegőcsoportokhoz</text>
      <target FeatureID="-1" href="IMNG_HLP_IMCHAT.html">Csoportos beszélgetés</target>
   </keywords>
   <keywords>
      <text FeatureID="-1">szerkesztési jogok</text>
      <target FeatureID="-1" href="IMNG_HLP_GROUP_EDIT.html">Csoportszerk. jogok</target>
   </keywords>
   <keywords>
      <text FeatureID="-1">tiltottak listája</text>
      <target FeatureID="-1" href="IMNG_HLP_GROUP_BAN.html">Csevegőfelh. kitiltása csoportból</target>
   </keywords>
   <keywords>
      <text FeatureID="-1">csevegőcsoport tagjai</text>
      <target FeatureID="-1" href="IMNG_HLP_GROUP_BAN.html">Csevegőfelh. kitiltása csoportból</target>
      <target FeatureID="-1" href="IMNG_HLP_ACCLIST.html">Csevegőcsoport tagjai</target>
   </keywords>
   <keywords>
      <text FeatureID="-1">Csevegőpartnerek</text>
      <target FeatureID="-1" href="IMNG_HLP_CONT_OWN_DATA.html">Saját adatok</target>
      <target FeatureID="-1" href="IMNG_HLP_BLOCKED_VIEW.html">Letiltott partnerek</target>
      <target FeatureID="-1" href="IMNG_HLP_CONTACTDETAILS.html">Csev.partner adatai</target>
   </keywords>
   <keywords>
      <text FeatureID="-1">csevegőüzenet</text>
      <target FeatureID="-1" href="IMNG_HLP_COMMUNITY_VIEW_EMPTY.html">Csevegés indítása</target>
      <target FeatureID="-1" href="IMNG_HLP_COMMUNITY_VIEW.html">Csevegés</target>
      <target FeatureID="-1" href="IMNG_HLP_CONVERSATIONS.html">Csevegések</target>
   </keywords>
   <keywords>
      <text FeatureID="-1">letiltott csevegőpartnerek</text>
      <target FeatureID="-1" href="IMNG_HLP_BLOCKED_VIEW.html">Letiltott partnerek</target>
   </keywords>
   <keywords>
      <text FeatureID="-1">Csev. beáll.</text>
      <target FeatureID="-1" href="IMNG_HLP_SETTINGS.html">Csev. beáll.</target>
      <target FeatureID="-1" href="IMNG_HLP_APPSETT.html">Csev.alkalm. beállításai</target>
   </keywords>
   <keywords>
      <text FeatureID="-1">csevegőszerverek</text>
      <target FeatureID="-1" href="IMNG_HLP_SERVLISTSETT_IM.html">Csevegőszerverek</target>
   </keywords>
   <keywords>
      <text FeatureID="-1">csevegőszerver beállításai</text>
      <target FeatureID="-1" href="IMNG_HLP_DEFSERVER.html">A csevegőszerver beállításai</target>
   </keywords>
   <keywords>
      <text FeatureID="-1">szerverbeállítások</text>
      <target FeatureID="-1" href="IMNG_HLP_DEFSERVER.html">A csevegőszerver beállításai</target>
   </keywords>
   <keywords>
      <text FeatureID="-1">meghívások</text>
      <target FeatureID="-1" href="IMNG_HLP_INVITE.html">Csev. meghívások</target>
   </keywords>
   <keywords>
      <text FeatureID="-1">csev.csoport beállításai</text>
      <target FeatureID="-1" href="IMNG_HLP_CREATECHAT.html">Csev.csoport beállításai</target>
   </keywords>
   <keywords>
      <text FeatureID="-1">beszélgetések</text>
      <target FeatureID="-1" href="IMNG_HLP_CONVERSATIONS.html">Csevegések</target>
   </keywords>
   <keywords>
      <text FeatureID="-1">Csevegés</text>
      <target FeatureID="-1" href="IMNG_HLP_CONTACTDETAILS.html">Csev.partner adatai</target>
   </keywords>
</keywords>