<?xml version="1.0" encoding="UTF-8"?>
<keywords>
   <keywords>
      <text FeatureID="-1">oharrak editatzen</text>
      <target FeatureID="-1" href="NMAKE_HLP_MEMO_VIEWER_EDIT.html">Aplikazioetan oharrak editatzea</target>
   </keywords>
   <keywords>
      <text FeatureID="-1">oharrak jasotzen</text>
      <target FeatureID="-1" href="NMAKE_HLP_MEMO_VIEWER.html">Jasotako oharrak ikusi</target>
   </keywords>
   <keywords>
      <text FeatureID="-1">mezuen txantiloiak</text>
      <target FeatureID="-1" href="NMAKE_HLP_TEMPLATE_EDITOR.html">Mezu txantiloiak idatzi</target>
   </keywords>
   <keywords>
      <text FeatureID="-1">mezuen txantiloiak sortzen</text>
      <target FeatureID="-1" href="NMAKE_HLP_TEMPLATE_EDITOR.html">Mezu txantiloiak idatzi</target>
   </keywords>
   <keywords>
      <text FeatureID="-1">mezu txantiloiak idazten</text>
      <target FeatureID="-1" href="NMAKE_HLP_TEMPLATE_EDITOR.html">Mezu txantiloiak idatzi</target>
   </keywords>
   <keywords>
      <text FeatureID="-1">oharren zerrenda</text>
      <target FeatureID="-1" href="NMAKE_HLP_MEMO_LIST.html">Oharren zerrenda</target>
   </keywords>
   <keywords>
      <text FeatureID="-1">oharrak idazten</text>
      <target FeatureID="-1" href="NMAKE_HLP_MEMO_LIST.html">Oharren zerrenda</target>
      <target FeatureID="-1" href="NMAKE_HLP_MEMO_EDITOR_APPS.html">Oharrak idatzi aplikazioetan</target>
      <target FeatureID="-1" href="NMAKE_HLP_MEMO_EDITOR.html">Oharrak idatzi</target>
   </keywords>
</keywords>