<?xml version="1.0" encoding="UTF-8"?><?xml-stylesheet  href="../../theme/xsl/index2html.xslt" type="text/xsl"?>
<topics FeatureID="-1" title="Personalizēšana" compressed="true">
   <topicref FeatureID="-1" href="SKINS_HLP_LIST.html" navtitle="Vispārīgie motīvi"/>
   <topicref FeatureID="-1" href="SCREENSAVER_HLP_WP_SETTINGS.html" navtitle="Slaidrādes fona attēla uzstādījumi"/>
   <topicref FeatureID="-1" href="SKINS_HLP_WP_SETTINGS.html" navtitle="Fona attēla uzstādījumi"/>
   <topicref FeatureID="-1" href="SKINS_HLP_SCREENS_SETTINGS.html" navtitle="Ekrānsaudzētāja uzstādījumi"/>
   <topicref FeatureID="true_1503" href="SKINS_HLP_CIMAGE_SETTINGS.html" navtitle="Zvana attēla izvēle"/>
   <topicref FeatureID="-1" href="SKINS_HLP_APPSHELL.html" navtitle="Izvēļņu skata uzstādījumi"/>
   <topicref FeatureID="-1" href="SKINS_HLP_IDLE.html" navtitle="Sākuma ekrāna uzstādījumi"/>
   <topicref FeatureID="-1" href="SKINS_HLP_APP_MAIN.html" navtitle="Displeja pielāgošana"/>
   <topicref FeatureID="-1" href="SKINS_HLP_APPSKINS_LIST.html" navtitle="Programmu motīvi"/>
</topics>