<?xml version="1.0" encoding="UTF-8"?>
<keywords>
   <keywords>
      <text FeatureID="-1">motīvi</text>
      <target FeatureID="-1" href="SKINS_HLP_LIST.html">Vispārīgie motīvi</target>
      <target FeatureID="-1" href="SCREENSAVER_HLP_WP_SETTINGS.html">Slaidrādes fona attēla uzstādījumi</target>
      <target FeatureID="-1" href="SKINS_HLP_WP_SETTINGS.html">Fona attēla uzstādījumi</target>
      <target FeatureID="true_1503" href="SKINS_HLP_CIMAGE_SETTINGS.html">Zvana attēla izvēle</target>
      <target FeatureID="-1" href="SKINS_HLP_APPSHELL.html">Izvēļņu skata uzstādījumi</target>
      <target FeatureID="-1" href="SKINS_HLP_IDLE.html">Sākuma ekrāna uzstādījumi</target>
      <target FeatureID="-1" href="SKINS_HLP_APP_MAIN.html">Displeja pielāgošana</target>
      <target FeatureID="-1" href="SKINS_HLP_APPSKINS_LIST.html">Programmu motīvi</target>
   </keywords>
   <keywords>
      <text FeatureID="-1">slaidrādes fona attēls</text>
      <target FeatureID="-1" href="SCREENSAVER_HLP_WP_SETTINGS.html">Slaidrādes fona attēla uzstādījumi</target>
   </keywords>
   <keywords>
      <text FeatureID="-1">slaidrādes uzstādījumi</text>
      <target FeatureID="-1" href="SCREENSAVER_HLP_WP_SETTINGS.html">Slaidrādes fona attēla uzstādījumi</target>
   </keywords>
   <keywords>
      <text FeatureID="-1">fona attēla uzstādījumi</text>
      <target FeatureID="-1" href="SKINS_HLP_WP_SETTINGS.html">Fona attēla uzstādījumi</target>
   </keywords>
   <keywords>
      <text FeatureID="-1">fona attēls</text>
      <target FeatureID="-1" href="SKINS_HLP_WP_SETTINGS.html">Fona attēla uzstādījumi</target>
      <target FeatureID="-1" href="SKINS_HLP_APP_MAIN.html">Displeja pielāgošana</target>
   </keywords>
   <keywords>
      <text FeatureID="-1">ekrānsaudzētājs</text>
      <target FeatureID="-1" href="SKINS_HLP_SCREENS_SETTINGS.html">Ekrānsaudzētāja uzstādījumi</target>
   </keywords>
   <keywords>
      <text FeatureID="true_1503">zvana attēla uzstādījumi</text>
      <target FeatureID="true_1503" href="SKINS_HLP_CIMAGE_SETTINGS.html">Zvana attēla izvēle</target>
   </keywords>
   <keywords>
      <text FeatureID="-1">izvēlnes</text>
      <target FeatureID="-1" href="SKINS_HLP_APPSHELL.html">Izvēļņu skata uzstādījumi</target>
   </keywords>
   <keywords>
      <text FeatureID="-1">uzstādījumi, sākuma ekrāns</text>
      <target FeatureID="-1" href="SKINS_HLP_IDLE.html">Sākuma ekrāna uzstādījumi</target>
   </keywords>
   <keywords>
      <text FeatureID="-1">logrīki</text>
      <target FeatureID="-1" href="SKINS_HLP_IDLE.html">Sākuma ekrāna uzstādījumi</target>
   </keywords>
</keywords>