<?xml version="1.0" encoding="UTF-8"?>
<keywords>
   <keywords>
      <text FeatureID="-1">sadržaj za dijeljenje</text>
      <target FeatureID="-1" href="UPNP_HLP_SHARE_CONTENT.html">Odabir sadržaja za dijeljenje</target>
   </keywords>
   <keywords>
      <text FeatureID="-1">kućni mediji</text>
      <target FeatureID="-1" href="UPNP_HLP_SHARE_CONTENT.html">Odabir sadržaja za dijeljenje</target>
      <target FeatureID="-1" href="UPNP_HLP_SHARING_PROP.html">Postavke dijeljenja</target>
      <target FeatureID="-1" href="UPNP_HLP_MAIN_VIEW.html">Kućni medij</target>
      <target FeatureID="-1" href="UPNP_HLP_MAIN_EXTERNAL.html">Uređaji kućnih medija</target>
      <target FeatureID="-1" href="UPNP_HLP_CONTENT_VIEW.html">Datoteke kućnih medija</target>
      <target FeatureID="-1" href="UPNP_HLP_REMOTE_DEVICES.html">Mape kućnih medija</target>
      <target FeatureID="-1" href="UPNP_HLP_SEARCH.html">Rezultati pretraživanja</target>
   </keywords>
   <keywords>
      <text FeatureID="-1">dijeljenje slika i videozapisa</text>
      <target FeatureID="-1" href="UPNP_HLP_SHARE_CONTENT.html">Odabir sadržaja za dijeljenje</target>
   </keywords>
   <keywords>
      <text FeatureID="-1">dijeljenje medijskih datoteka</text>
      <target FeatureID="-1" href="UPNP_HLP_SHARING_PROP.html">Postavke dijeljenja</target>
      <target FeatureID="-1" href="UPNP_HLP_MAIN_VIEW.html">Kućni medij</target>
      <target FeatureID="-1" href="UPNP_HLP_MAIN_EXTERNAL.html">Uređaji kućnih medija</target>
      <target FeatureID="-1" href="UPNP_HLP_CONTENT_VIEW.html">Datoteke kućnih medija</target>
      <target FeatureID="-1" href="UPNP_HLP_REMOTE_DEVICES.html">Mape kućnih medija</target>
      <target FeatureID="-1" href="UPNP_HLP_SEARCH.html">Rezultati pretraživanja</target>
   </keywords>
   <keywords>
      <text FeatureID="-1">pregledavanje datoteka na udaljenom uređaju</text>
      <target FeatureID="-1" href="UPNP_HLP_SHARING_PROP.html">Postavke dijeljenja</target>
      <target FeatureID="-1" href="UPNP_HLP_MAIN_VIEW.html">Kućni medij</target>
      <target FeatureID="-1" href="UPNP_HLP_MAIN_EXTERNAL.html">Uređaji kućnih medija</target>
      <target FeatureID="-1" href="UPNP_HLP_CONTENT_VIEW.html">Datoteke kućnih medija</target>
      <target FeatureID="-1" href="UPNP_HLP_REMOTE_DEVICES.html">Mape kućnih medija</target>
      <target FeatureID="-1" href="UPNP_HLP_SEARCH.html">Rezultati pretraživanja</target>
   </keywords>
   <keywords>
      <text FeatureID="-1">svojstva dijeljenja</text>
      <target FeatureID="-1" href="UPNP_HLP_SHARING_PROP.html">Postavke dijeljenja</target>
   </keywords>
</keywords>