<?xml version="1.0" encoding="UTF-8"?>
<keywords>
   <keywords>
      <text FeatureID="-1">conteúdo para partilha</text>
      <target FeatureID="-1" href="UPNP_HLP_SHARE_CONTENT.html">Seleccionar conteúdo para partilha</target>
   </keywords>
   <keywords>
      <text FeatureID="-1">multimédia da rede subscrita</text>
      <target FeatureID="-1" href="UPNP_HLP_SHARE_CONTENT.html">Seleccionar conteúdo para partilha</target>
      <target FeatureID="-1" href="UPNP_HLP_SHARING_PROP.html">Definições de partilha</target>
      <target FeatureID="-1" href="UPNP_HLP_MAIN_VIEW.html">Multimédia doméstica</target>
      <target FeatureID="-1" href="UPNP_HLP_MAIN_EXTERNAL.html">Dispositivos domésticos de multimédia</target>
      <target FeatureID="-1" href="UPNP_HLP_CONTENT_VIEW.html">Ficheiros multimédia domésticos</target>
      <target FeatureID="-1" href="UPNP_HLP_REMOTE_DEVICES.html">Pastas de multimédia doméstica</target>
      <target FeatureID="-1" href="UPNP_HLP_SEARCH.html">Procurar resultados</target>
   </keywords>
   <keywords>
      <text FeatureID="-1">partilhar imagens e vídeos</text>
      <target FeatureID="-1" href="UPNP_HLP_SHARE_CONTENT.html">Seleccionar conteúdo para partilha</target>
   </keywords>
   <keywords>
      <text FeatureID="-1">partilhar ficheiros multimédia</text>
      <target FeatureID="-1" href="UPNP_HLP_SHARING_PROP.html">Definições de partilha</target>
      <target FeatureID="-1" href="UPNP_HLP_MAIN_VIEW.html">Multimédia doméstica</target>
      <target FeatureID="-1" href="UPNP_HLP_MAIN_EXTERNAL.html">Dispositivos domésticos de multimédia</target>
      <target FeatureID="-1" href="UPNP_HLP_CONTENT_VIEW.html">Ficheiros multimédia domésticos</target>
      <target FeatureID="-1" href="UPNP_HLP_REMOTE_DEVICES.html">Pastas de multimédia doméstica</target>
      <target FeatureID="-1" href="UPNP_HLP_SEARCH.html">Procurar resultados</target>
   </keywords>
   <keywords>
      <text FeatureID="-1">visualizar ficheiros num dispositivo remoto</text>
      <target FeatureID="-1" href="UPNP_HLP_SHARING_PROP.html">Definições de partilha</target>
      <target FeatureID="-1" href="UPNP_HLP_MAIN_VIEW.html">Multimédia doméstica</target>
      <target FeatureID="-1" href="UPNP_HLP_MAIN_EXTERNAL.html">Dispositivos domésticos de multimédia</target>
      <target FeatureID="-1" href="UPNP_HLP_CONTENT_VIEW.html">Ficheiros multimédia domésticos</target>
      <target FeatureID="-1" href="UPNP_HLP_REMOTE_DEVICES.html">Pastas de multimédia doméstica</target>
      <target FeatureID="-1" href="UPNP_HLP_SEARCH.html">Procurar resultados</target>
   </keywords>
   <keywords>
      <text FeatureID="-1">propriedades de partilha</text>
      <target FeatureID="-1" href="UPNP_HLP_SHARING_PROP.html">Definições de partilha</target>
   </keywords>
</keywords>