<?xml version="1.0" encoding="UTF-8"?><?xml-stylesheet  href="../../theme/xsl/index2html.xslt" type="text/xsl"?>
<topics FeatureID="-1" title="Video og tv" compressed="true">
   <topicref FeatureID="-1" href="IPTV_HLP_MAIN_STATE.html" navtitle="Video og tv"/>
   <topicref FeatureID="-1" href="IPTV_HLP_VODCAST_MAIN.html" navtitle="Videokilder"/>
   <topicref FeatureID="-1" href="IPTV_HLP_SERVICE_SELECTION_VOD.html" navtitle="Vælge video­tjenester"/>
   <topicref FeatureID="-1" href="IPTV_HLP_VOD_CATEGORIES.html" navtitle="Video­kategorier"/>
   <topicref FeatureID="-1" href="IPTV_HLP_VOD.html" navtitle="Visning og hentning af videoklip"/>
   <topicref FeatureID="-1" href="IPTV_HLP_SCHEDULE_DOWNLOAD.html" navtitle="Planlægning overførsler"/>
   <topicref FeatureID="-1" href="IPTV_HLP_STORAGE.html" navtitle="Mine videoer"/>
   <topicref FeatureID="-1" href="IPTV_HLP_SETTINGS.html" navtitle="Indstillinger for Video og tv"/>
   <topicref FeatureID="-1" href="IPTV_HLP_SERVICE_SEL_VODCAST.html" navtitle="Vælge videokilder"/>
   <topicref FeatureID="-1" href="IPTV_HLP_ADD_SERVICE.html" navtitle="Tilføje videokilder"/>
</topics>