<?xml version="1.0" encoding="UTF-8"?>
<keywords>
   <keywords>
      <text FeatureID="-1">video og tv</text>
      <target FeatureID="-1" href="IPTV_HLP_MAIN_STATE.html">Video og tv</target>
      <target FeatureID="-1" href="IPTV_HLP_VODCAST_MAIN.html">Videokilder</target>
      <target FeatureID="-1" href="IPTV_HLP_SERVICE_SELECTION_VOD.html">Vælge video­tjenester</target>
      <target FeatureID="-1" href="IPTV_HLP_VOD_CATEGORIES.html">Video­kategorier</target>
      <target FeatureID="-1" href="IPTV_HLP_VOD.html">Visning og hentning af videoklip</target>
      <target FeatureID="-1" href="IPTV_HLP_SCHEDULE_DOWNLOAD.html">Planlægning overførsler</target>
      <target FeatureID="-1" href="IPTV_HLP_STORAGE.html">Mine videoer</target>
      <target FeatureID="-1" href="IPTV_HLP_SERVICE_SEL_VODCAST.html">Vælge videokilder</target>
      <target FeatureID="-1" href="IPTV_HLP_ADD_SERVICE.html">Tilføje videokilder</target>
   </keywords>
   <keywords>
      <text FeatureID="-1">videokilder</text>
      <target FeatureID="-1" href="IPTV_HLP_VODCAST_MAIN.html">Videokilder</target>
      <target FeatureID="-1" href="IPTV_HLP_VOD_CATEGORIES.html">Video­kategorier</target>
      <target FeatureID="-1" href="IPTV_HLP_SERVICE_SEL_VODCAST.html">Vælge videokilder</target>
      <target FeatureID="-1" href="IPTV_HLP_ADD_SERVICE.html">Tilføje videokilder</target>
   </keywords>
   <keywords>
      <text FeatureID="-1">overførsler, videoklip</text>
      <target FeatureID="-1" href="IPTV_HLP_VOD.html">Visning og hentning af videoklip</target>
      <target FeatureID="-1" href="IPTV_HLP_SCHEDULE_DOWNLOAD.html">Planlægning overførsler</target>
   </keywords>
   <keywords>
      <text FeatureID="-1">video og tv, indstillinger</text>
      <target FeatureID="-1" href="IPTV_HLP_SETTINGS.html">Indstillinger for Video og tv</target>
   </keywords>
   <keywords>
      <text FeatureID="-1">indstillinger, video</text>
      <target FeatureID="-1" href="IPTV_HLP_SETTINGS.html">Indstillinger for Video og tv</target>
   </keywords>
</keywords>