<?xml version="1.0" encoding="UTF-8"?>
<keywords>
   <keywords>
      <text FeatureID="-1">razglednica</text>
      <target FeatureID="-1" href="MMS_POSTCARD_HLP_ADDRESS_EDIT.html">Urejanje naslovov</target>
      <target FeatureID="-1" href="POSTCARD_HLP_ADDRESS_VIEW.html">Pregled naslovov</target>
      <target FeatureID="-1" href="POSTCARD_HLP_GREETING_EDIT.html">Pisanje pozdravov</target>
      <target FeatureID="-1" href="POSTCARD_HLP_GREETING_VIEW.html">Pregled pozdravov</target>
      <target FeatureID="-1" href="MMS_POSTCARD_HLP_MAIN_EDIT.html">Izdelovanje razglednic</target>
   </keywords>
   <keywords>
      <text FeatureID="-1">pošiljanje razglednic</text>
      <target FeatureID="-1" href="MMS_POSTCARD_HLP_ADDRESS_EDIT.html">Urejanje naslovov</target>
      <target FeatureID="-1" href="POSTCARD_HLP_GREETING_EDIT.html">Pisanje pozdravov</target>
      <target FeatureID="-1" href="MMS_POSTCARD_HLP_MAIN_EDIT.html">Izdelovanje razglednic</target>
   </keywords>
   <keywords>
      <text FeatureID="-1">razglednice</text>
      <target FeatureID="-1" href="MMS_POSTCARD_HLP_MAIN_VIEW.html">Ogled razglednic</target>
   </keywords>
</keywords>