<?xml version="1.0" encoding="UTF-8"?>
<keywords>
   <keywords>
      <text FeatureID="-1">decoderen, geheugenkaart</text>
      <target FeatureID="-1" href="ES_HLP_ENCRYPTION_DECRYPT.html">De geheugenkaart decoderen</target>
   </keywords>
   <keywords>
      <text FeatureID="-1">coderen, geheugenkaart</text>
      <target FeatureID="-1" href="ES_HLP_ENCRYPTION_ENCRYPT.html">De geheugenkaart coderen</target>
   </keywords>
   <keywords>
      <text FeatureID="-1">coderen, apparaatgeheugen en geheugenkaart</text>
      <target FeatureID="-1" href="ES_HLP_ENCRYPTION_MAIN.html">Coderen of decoderen</target>
   </keywords>
   <keywords>
      <text FeatureID="-1">decoderen, apparaatgeheugen en geheugenkaart</text>
      <target FeatureID="-1" href="ES_HLP_ENCRYPTION_MAIN.html">Coderen of decoderen</target>
   </keywords>
</keywords>