<?xml version="1.0" encoding="UTF-8"?>
<keywords>
   <keywords>
      <text FeatureID="-1">paramètres de courriel</text>
      <target FeatureID="-1" href="MBXS_HLP_SETT_DOWNL_CTRL.html">Param. récup. courriels</target>
      <target FeatureID="-1" href="MBXS_HLP_SETT_DOWNL_RETR.html">Nombre récup. courriels</target>
      <target FeatureID="-1" href="MBXS_HLP_SETT_MBX_IN.html">Param. courriel entrant</target>
      <target FeatureID="-1" href="MBXS_HLP_SETT_MBX_IN_OUT.html">Paramètres de connexion</target>
      <target FeatureID="-1" href="MBXS_HLP_SETT_MBX_OUT.html">Param. courriel sortant</target>
      <target FeatureID="-1" href="MCE_HLP_SETTINGS_EMAIL.html">Paramètres de courriel</target>
      <target FeatureID="-1" href="MCE_HLP_SETT_EMAILMAIN.html">Modification boîtes lettres</target>
      <target FeatureID="-1" href="MCE_HLP_SETT_MAILBLIST.html">Boîtes aux lettres</target>
      <target FeatureID="-1" href="MCE_HLP_SETT_MAILFOLDER_UPD.html">Dossiers boîte lettres</target>
      <target FeatureID="true_1633" href="MCE_HLP_SETT_MAIL_ONLI.html">Récupération automatique</target>
   </keywords>
   <keywords>
      <text FeatureID="-1">paramètres boîte lettres</text>
      <target FeatureID="-1" href="MCE_HLP_SETT_EMAILMAIN.html">Modification boîtes lettres</target>
   </keywords>
   <keywords>
      <text FeatureID="-1">boîte aux lettres</text>
      <target FeatureID="-1" href="MCE_HLP_SETT_MAILBLIST.html">Boîtes aux lettres</target>
      <target FeatureID="-1" href="MCE_HLP_MAILBOX_ONLINE.html">Courriel en ligne</target>
   </keywords>
   <keywords>
      <text FeatureID="-1">dossiers boîte aux lettres</text>
      <target FeatureID="-1" href="MCE_HLP_SETT_MAILFOLDER_UPD.html">Dossiers boîte lettres</target>
   </keywords>
   <keywords>
      <text FeatureID="-1">paramètres utilisateur</text>
      <target FeatureID="-1" href="MCE_HLP_SETT_MAIL_USER.html">Paramètres utilisateur</target>
   </keywords>
   <keywords>
      <text FeatureID="true_44">paramètres boîte lettres synchronisation</text>
      <target FeatureID="true_44" href="MCE_HLP_SETT_SMAILBOX.html">Paramètres boîte lettres synchronisation</target>
   </keywords>
   <keywords>
      <text FeatureID="true_44">param. sync. du courriel</text>
      <target FeatureID="true_44" href="MCE_HLP_SETT_SMAILBOX.html">Paramètres boîte lettres synchronisation</target>
   </keywords>
   <keywords>
      <text FeatureID="-1">courriel hors connexion</text>
      <target FeatureID="-1" href="MCE_HLP_MAILBOX_OFFLINE.html">Courriel hors connexion</target>
   </keywords>
   <keywords>
      <text FeatureID="-1">conn. boîte aux lettres</text>
      <target FeatureID="-1" href="MCE_HLP_MAILBOX_ONLINE.html">Courriel en ligne</target>
   </keywords>
   <keywords>
      <text FeatureID="-1">courriel en ligne</text>
      <target FeatureID="-1" href="MCE_HLP_MAILBOX_ONLINE.html">Courriel en ligne</target>
   </keywords>
   <keywords>
      <text FeatureID="-1">en ligne, courriel</text>
      <target FeatureID="-1" href="MCE_HLP_MAILBOX_ONLINE.html">Courriel en ligne</target>
   </keywords>
</keywords>