<?xml version="1.0" encoding="UTF-8"?>
<keywords>
   <keywords>
      <text FeatureID="-1">enhedsstyring</text>
      <target FeatureID="-1" href="CP_HLP_DEVICE_MANAGEMENT.html">Enhedsstyring</target>
   </keywords>
   <keywords>
      <text FeatureID="true_109">EAP (Extensible Authentication Protocol)</text>
      <target FeatureID="true_109" href="SET_HLP_WLAN_EAP_SIM.html">EAP-SIM-indstillinger</target>
   </keywords>
   <keywords>
      <text FeatureID="true_109">indstillinger, WLAN</text>
      <target FeatureID="true_109" href="SET_HLP_WLAN_EAP_SIM.html">EAP-SIM-indstillinger</target>
   </keywords>
   <keywords>
      <text FeatureID="-1">begrænse adgangspunkter</text>
      <target FeatureID="-1" href="ACL_HLP_MAIN.html">Begrænse forbindelser</target>
   </keywords>
   <keywords>
      <text FeatureID="-1">forbindelses­indstillinger</text>
      <target FeatureID="-1" href="SET_HLP_CONN_DEST_VIEW.html">Destinations­visning</target>
      <target FeatureID="-1" href="SET_HLP_DEFAULT_CONN.html">Standard­forbindelse</target>
      <target FeatureID="-1" href="SET_HLP_CONN_METHODS_VIEW.html">Se adgangspunkter</target>
      <target FeatureID="true_1537" href="RD_HLP_REMOTE_DRIVE_CONFIG.html">Indstillinger for fjerndrev</target>
      <target FeatureID="true_1537" href="RD_HLP_REMOTE_DRIVES.html">Fjerndrev</target>
   </keywords>
   <keywords>
      <text FeatureID="-1">destinations­indstillinger</text>
      <target FeatureID="-1" href="SET_HLP_CONN_DEST_VIEW.html">Destinations­visning</target>
   </keywords>
   <keywords>
      <text FeatureID="-1">standard­forbindelse</text>
      <target FeatureID="-1" href="SET_HLP_DEFAULT_CONN.html">Standard­forbindelse</target>
   </keywords>
   <keywords>
      <text FeatureID="-1">VPN-adgangs­punkter</text>
      <target FeatureID="true_99" href="SET_HLP_VPN_DEST_ASSOC_VIEW.html">VPN-forbindelser</target>
      <target FeatureID="-1" href="SET_HLP_VPN_AP_SETTINGS_VIEW.html">Redigering af VPN-adgangspunkter</target>
   </keywords>
   <keywords>
      <text FeatureID="-1">adgangs­punkter</text>
      <target FeatureID="-1" href="SET_HLP_CONN_METHODS_VIEW.html">Se adgangspunkter</target>
   </keywords>
   <keywords>
      <text FeatureID="-1">program­forbindelser</text>
      <target FeatureID="-1" href="SET_HLP_APP_DEST_ASSOC_VIEW.html">Program­forbindelser</target>
   </keywords>
   <keywords>
      <text FeatureID="-1">program­indstillinger</text>
      <target FeatureID="-1" href="CP_HLP_APPILICATION_SETTINGS.html">Program­indstillinger</target>
   </keywords>
   <keywords>
      <text FeatureID="-1">opkald, indstillinger</text>
      <target FeatureID="-1" href="SCP_HLP_CALL.html">Opkalds­indstillinger</target>
   </keywords>
   <keywords>
      <text FeatureID="-1">indstillinger, opkald</text>
      <target FeatureID="-1" href="SCP_HLP_CALL.html">Opkalds­indstillinger</target>
   </keywords>
   <keywords>
      <text FeatureID="-1">forbindelse</text>
      <target FeatureID="-1" href="CP_HLP_CONNECTIVITY.html">Forbindelsesindstillinger</target>
   </keywords>
   <keywords>
      <text FeatureID="-1">kontrolpanel</text>
      <target FeatureID="-1" href="CP_HLP_DISPLAY.html">Skærm­indstillinger</target>
      <target FeatureID="-1" href="CP_HLP_IDLE.html">Startskærmbillede</target>
      <target FeatureID="__DUAL_LANGUAGE_SUPPORT=true" href="CP_HLP_WRITING_LANGUAGE.html">Skriftsprog</target>
   </keywords>
   <keywords>
      <text FeatureID="-1">skærm­indstillinger</text>
      <target FeatureID="-1" href="CP_HLP_DISPLAY.html">Skærm­indstillinger</target>
   </keywords>
   <keywords>
      <text FeatureID="-1">generelle indstillinger</text>
      <target FeatureID="-1" href="CP_HLP_DEVICE.html">Enhedsindstillinger</target>
   </keywords>
   <keywords>
      <text FeatureID="-1">enheds­indstillinger</text>
      <target FeatureID="-1" href="CP_HLP_DEVICE.html">Enhedsindstillinger</target>
   </keywords>
   <keywords>
      <text FeatureID="-1">sprog­indstillinger</text>
      <target FeatureID="-1" href="CP_HLP_LANGUAGE.html">Sprog­indstillinger</target>
   </keywords>
   <keywords>
      <text FeatureID="-1">indstillinger</text>
      <target FeatureID="-1" href="CP_HLP_MAIN_VIEW.html">Indstillinger</target>
   </keywords>
   <keywords>
      <text FeatureID="-1">netværks­indstillinger</text>
      <target FeatureID="-1" href="CP_HLP_NETWORK.html">Netværks­indstillinger</target>
      <target FeatureID="-1" href="CP_HLP_NETWORK.html">Netværks­indstillinger</target>
   </keywords>
   <keywords>
      <text FeatureID="-1">profil</text>
      <target FeatureID="-1" href="CP_HLP_PERSONAL.html">Personlig visning</target>
   </keywords>
   <keywords>
      <text FeatureID="-1">tema</text>
      <target FeatureID="-1" href="CP_HLP_PERSONAL.html">Personlig visning</target>
   </keywords>
   <keywords>
      <text FeatureID="-1">standby</text>
      <target FeatureID="-1" href="CP_HLP_PERSONAL.html">Personlig visning</target>
   </keywords>
   <keywords>
      <text FeatureID="-1">sikkerhed, indstillinger</text>
      <target FeatureID="-1" href="CP_HLP_SECURITY.html">Sikkerheds­indstillinger</target>
   </keywords>
   <keywords>
      <text FeatureID="-1">indstillinger, sikkerhed</text>
      <target FeatureID="-1" href="CP_HLP_SECURITY.html">Sikkerheds­indstillinger</target>
   </keywords>
   <keywords>
      <text FeatureID="-1">enhed, låse</text>
      <target FeatureID="-1" href="SET_HLP_SECURITY_DEVICE_SIM.html">Sikkerhed på enheden</target>
   </keywords>
   <keywords>
      <text FeatureID="-1">sikkerhed</text>
      <target FeatureID="-1" href="SET_HLP_SECURITY_DEVICE_SIM.html">Sikkerhed på enheden</target>
   </keywords>
   <keywords>
      <text FeatureID="-1">startskærmbillede, indstillinger for</text>
      <target FeatureID="-1" href="CP_HLP_IDLE.html">Startskærmbillede</target>
   </keywords>
   <keywords>
      <text FeatureID="__DUAL_LANGUAGE_SUPPORT=true">skriftsprog</text>
      <target FeatureID="__DUAL_LANGUAGE_SUPPORT=true" href="CP_HLP_WRITING_LANGUAGE.html">Skriftsprog</target>
   </keywords>
   <keywords>
      <text FeatureID="-1">meddelelseslys</text>
      <target FeatureID="-1" href="ES_HLP_LIGHT_MAIN.html">Meddelelseslys</target>
      <target FeatureID="-1" href="ES_HLP_LIGHT_BLINKING.html">Indstillinger for meddelelseslys</target>
   </keywords>
   <keywords>
      <text FeatureID="-1">tilbehør, indstillinger for</text>
      <target FeatureID="-1" href="SET_HLP_ACCESSORIES_LIST.html">Indstillinger for tilbehør</target>
      <target FeatureID="-1" href="SET_HLP_ACCESSORIES_HEADPHONE.html">Hovedtelefon­indstillinger</target>
      <target FeatureID="-1" href="SET_HLP_ACCESSORIES_HEADSET.html">Indstillinger for headset</target>
      <target FeatureID="-1" href="SET_HLP_ACCESS_WIRED_CK.html">Kabelfor­bundet bilsæt</target>
      <target FeatureID="true_1032" href="SET_HLP_ACCESSORIES_TTY.html">Indstil. for teksttelefon</target>
      <target FeatureID="true_1540" href="SET_HLP_ACCESSORIES_TVOUT.html">Indstillinger for tv-udgang</target>
   </keywords>
   <keywords>
      <text FeatureID="-1">pakkedata­adgangspunkt</text>
      <target FeatureID="-1" href="SET_HLP_AP_SETTING_GPRS.html">Adgangspunkt til pakkedata</target>
   </keywords>
   <keywords>
      <text FeatureID="-1">pakkedata­indstillinger</text>
      <target FeatureID="-1" href="SET_HLP_AP_SETTING_GPRS_AS.html">Avan. pakke­dataindstil.</target>
   </keywords>
   <keywords>
      <text FeatureID="-1">pakkedata, adgangspunkter</text>
      <target FeatureID="-1" href="SET_HLP_AP_SETTING_GPRS_AS.html">Avan. pakke­dataindstil.</target>
   </keywords>
   <keywords>
      <text FeatureID="true_1088 true_110">adgangspunkt til dataopkald</text>
      <target FeatureID="true_110" href="SET_HLP_AP_DATA_AS_IPV4.html">IPv4-indstil. for dataopk.</target>
      <target FeatureID="true_1088" href="SET_HLP_AP_DATA_AS_IPV6.html">IPv6-indstil. for dataopk.</target>
      <target FeatureID="true_110" href="SET_HLP_AP_SETTING_DATA_AS.html">Av. indstil. for dataopkald</target>
   </keywords>
   <keywords>
      <text FeatureID="true_110">adgangspunkt, indstillinger</text>
      <target FeatureID="true_110" href="SET_HLP_AP_SETTING_DATA.html">Adgangspunkt til dataopkald</target>
      <target FeatureID="true_110" href="SET_HLP_AP_SETTING_DATA_AS.html">Av. indstil. for dataopkald</target>
   </keywords>
   <keywords>
      <text FeatureID="true_110">dataopkalds-indstillinger</text>
      <target FeatureID="true_110" href="SET_HLP_AP_SETTING_DATA.html">Adgangspunkt til dataopkald</target>
   </keywords>
   <keywords>
      <text FeatureID="-1">virtual private network</text>
      <target FeatureID="-1" href="SET_HLP_VPN_AP_SETTINGS_VIEW.html">Redigering af VPN-adgangspunkter</target>
   </keywords>
   <keywords>
      <text FeatureID="-1">tastaturlås</text>
      <target FeatureID="-1" href="CP_HLP_AUTOKEYGUARD.html">Automatisk tastaturlås</target>
   </keywords>
   <keywords>
      <text FeatureID="true_1537">fjerndrev</text>
      <target FeatureID="true_1537" href="RD_HLP_REMOTE_DRIVE_CONFIG.html">Indstillinger for fjerndrev</target>
      <target FeatureID="true_1537" href="RD_HLP_REMOTE_DRIVES.html">Fjerndrev</target>
   </keywords>
   <keywords>
      <text FeatureID="-1">opkalds­spærring</text>
      <target FeatureID="-1" href="SET_HLP_BARRING_SETTINGS.html">Spærre telefonopkald</target>
      <target FeatureID="true_298" href="DIV_HLP_BARRING_MAIN.html">Spærre opkald</target>
   </keywords>
   <keywords>
      <text FeatureID="-1">spærre opkald</text>
      <target FeatureID="-1" href="SET_HLP_BARRING_SETTINGS.html">Spærre telefonopkald</target>
      <target FeatureID="true_298" href="DIV_HLP_BARRING_MAIN.html">Spærre opkald</target>
   </keywords>
   <keywords>
      <text FeatureID="-1">omstille opkald</text>
      <target FeatureID="-1" href="DIV_HLP_CALL_FORW_MAIN.html">Omstilling af opkald</target>
      <target FeatureID="-1" href="DIV_HLP_CALL_FORW_VOI.html">Omstille taleopkald</target>
   </keywords>
   <keywords>
      <text FeatureID="-1">viderestille opkald</text>
      <target FeatureID="-1" href="DIV_HLP_CALL_FORW_MAIN.html">Omstilling af opkald</target>
   </keywords>
   <keywords>
      <text FeatureID="-1">indstillinger for synkronisering</text>
      <target FeatureID="-1" href="CP_HLP_SYNCHRONISATION.html">Synkroniserings­indstillinger</target>
   </keywords>
   <keywords>
      <text FeatureID="-1">installere programmer</text>
      <target FeatureID="-1" href="CP_HLP_INSTALLATIONS.html">Installationer</target>
   </keywords>
   <keywords>
      <text FeatureID="-1">hovedtelefon­indstillinger</text>
      <target FeatureID="-1" href="SET_HLP_ACCESSORIES_HEADPHONE.html">Hovedtelefon­indstillinger</target>
   </keywords>
   <keywords>
      <text FeatureID="-1">indstillinger for headset</text>
      <target FeatureID="-1" href="SET_HLP_ACCESSORIES_HEADSET.html">Indstillinger for headset</target>
   </keywords>
   <keywords>
      <text FeatureID="-1">kabelfor­bundet bilsæt</text>
      <target FeatureID="-1" href="SET_HLP_ACCESS_WIRED_CK.html">Kabelfor­bundet bilsæt</target>
   </keywords>
   <keywords>
      <text FeatureID="-1">bilsæt­indstillinger</text>
      <target FeatureID="-1" href="SET_HLP_ACCESS_WIRED_CK.html">Kabelfor­bundet bilsæt</target>
   </keywords>
   <keywords>
      <text FeatureID="-1">musikholder, indstillinger</text>
      <target FeatureID="-1" href="SET_HLP_ACCESSORIES_MUSIC_ST.html">Indstillinger for musikholder</target>
   </keywords>
   <keywords>
      <text FeatureID="true_1032">TTY-indstillinger</text>
      <target FeatureID="true_1032" href="SET_HLP_ACCESSORIES_TTY.html">Indstil. for teksttelefon</target>
   </keywords>
   <keywords>
      <text FeatureID="true_1032">TDD-indstillinger</text>
      <target FeatureID="true_1032" href="SET_HLP_ACCESSORIES_TTY.html">Indstil. for teksttelefon</target>
   </keywords>
   <keywords>
      <text FeatureID="true_1540">indstillinger for tv-udgang</text>
      <target FeatureID="true_1540" href="SET_HLP_ACCESSORIES_TVOUT.html">Indstillinger for tv-udgang</target>
   </keywords>
</keywords>