<?xml version="1.0" encoding="UTF-8"?>
<keywords>
   <keywords>
      <text FeatureID="-1">e-pošta, nastavitve</text>
      <target FeatureID="-1" href="MBXS_HLP_SETT_DOWNL_CTRL.html">Nast. za nal. e-pošte</target>
      <target FeatureID="-1" href="MBXS_HLP_SETT_DOWNL_RETR.html">Količ. za nal. e-pošte</target>
      <target FeatureID="-1" href="MBXS_HLP_SETT_MBX_IN.html">Nast. dohodne e-pošte</target>
      <target FeatureID="-1" href="MBXS_HLP_SETT_MBX_IN_OUT.html">Nastavitve povezav</target>
      <target FeatureID="-1" href="MBXS_HLP_SETT_MBX_OUT.html">Nast. odhodne e-pošte</target>
      <target FeatureID="-1" href="MCE_HLP_SETTINGS_EMAIL.html">Nastavitve za e-pošto</target>
      <target FeatureID="-1" href="MCE_HLP_SETT_EMAILMAIN.html">Urej. predalov</target>
      <target FeatureID="-1" href="MCE_HLP_SETT_MAILBLIST.html">Nabiralniki</target>
      <target FeatureID="-1" href="MCE_HLP_SETT_MAILFOLDER_UPD.html">Mape nabiralnika</target>
      <target FeatureID="true_1633" href="MCE_HLP_SETT_MAIL_ONLI.html">Samodejni prenos</target>
   </keywords>
   <keywords>
      <text FeatureID="-1">nastavitve predala</text>
      <target FeatureID="-1" href="MCE_HLP_SETT_EMAILMAIN.html">Urej. predalov</target>
   </keywords>
   <keywords>
      <text FeatureID="-1">nabiralnik</text>
      <target FeatureID="-1" href="MCE_HLP_SETT_MAILBLIST.html">Nabiralniki</target>
      <target FeatureID="-1" href="MCE_HLP_MAILBOX_ONLINE.html">E-pošta s povez.</target>
   </keywords>
   <keywords>
      <text FeatureID="-1">mape nabiralnika</text>
      <target FeatureID="-1" href="MCE_HLP_SETT_MAILFOLDER_UPD.html">Mape nabiralnika</target>
   </keywords>
   <keywords>
      <text FeatureID="-1">nastavitve uporabnika</text>
      <target FeatureID="-1" href="MCE_HLP_SETT_MAIL_USER.html">Nast. uporabnika</target>
   </keywords>
   <keywords>
      <text FeatureID="true_44">nast. sinhr. nabiralnika</text>
      <target FeatureID="true_44" href="MCE_HLP_SETT_SMAILBOX.html">Nast. sinhr. nabiralnika</target>
   </keywords>
   <keywords>
      <text FeatureID="true_44">nastavitve sinh. e-pošte</text>
      <target FeatureID="true_44" href="MCE_HLP_SETT_SMAILBOX.html">Nast. sinhr. nabiralnika</target>
   </keywords>
   <keywords>
      <text FeatureID="-1">e-pošta brez povezave</text>
      <target FeatureID="-1" href="MCE_HLP_MAILBOX_OFFLINE.html">E-pošta brez povez.</target>
   </keywords>
   <keywords>
      <text FeatureID="-1">povezava z nabiralnikom</text>
      <target FeatureID="-1" href="MCE_HLP_MAILBOX_ONLINE.html">E-pošta s povez.</target>
   </keywords>
   <keywords>
      <text FeatureID="-1">e-pošta s povezavo</text>
      <target FeatureID="-1" href="MCE_HLP_MAILBOX_ONLINE.html">E-pošta s povez.</target>
      <target FeatureID="-1" href="MCE_HLP_MAILBOX_ONLINE.html">E-pošta s povez.</target>
   </keywords>
</keywords>