<?xml version="1.0" encoding="UTF-8"?><?xml-stylesheet  href="../../theme/xsl/index2html.xslt" type="text/xsl"?>
<topics FeatureID="-1" title="Musikkspiller" compressed="true">
   <topicref FeatureID="-1" href="MUS_HLP_MUSIC_SUITE_VIEW.html" navtitle="Musikk"/>
   <topicref FeatureID="-1" href="MUS_HLP_TRACKS_VIEW.html" navtitle="Sanger"/>
   <topicref FeatureID="-1" href="MUS_HLP_CATEGORY_VIEW.html" navtitle="Musikk-kategorier"/>
   <topicref FeatureID="-1" href="MUS_HLP_PODCAST_MAIN_VIEW.html" navtitle="Podcaster"/>
   <topicref FeatureID="-1" href="MUS_HLP_PODCAST_EPISODES.html" navtitle="Podcast-episoder"/>
   <topicref FeatureID="-1" href="MUS_HLP_PLAYLISTS_VIEW.html" navtitle="Musikkspillelister"/>
   <topicref FeatureID="-1" href="MUS_HLP_DOWNLOAD_PLAYBACK_VIEW.html" navtitle="Spille av musikk på Internett"/>
   <topicref FeatureID="-1" href="MUS_HLP_PLAYBACK_VIEW.html" navtitle="Musikkavspilling"/>
   <topicref FeatureID="-1" href="MUS_HLP_LIB_MAIN_VIEW.html" navtitle="Musikkbibliotek"/>
   <topicref FeatureID="-1" href="MUS_HLP_METADATA_EDITING.html" navtitle="Redigere sanginformasjon"/>
   <topicref FeatureID="-1" href="MUS_HLP_ALBUM_ART_EDITING.html" navtitle="Redigere albumkunst"/>
   <topicref FeatureID="-1" href="MUS_HLP_AUDIO_SETT.html" navtitle="Lydinnstillinger"/>
</topics>