<?xml version="1.0" encoding="UTF-8"?>
<keywords>
   <keywords>
      <text FeatureID="-1">musikk</text>
      <target FeatureID="-1" href="MUS_HLP_MUSIC_SUITE_VIEW.html">Musikk</target>
   </keywords>
   <keywords>
      <text FeatureID="-1">musikk­avspiller</text>
      <target FeatureID="-1" href="MUS_HLP_TRACKS_VIEW.html">Sanger</target>
      <target FeatureID="-1" href="MUS_HLP_CATEGORY_VIEW.html">Musikk-kategorier</target>
      <target FeatureID="-1" href="MUS_HLP_DOWNLOAD_PLAYBACK_VIEW.html">Spille av musikk på Internett</target>
      <target FeatureID="-1" href="MUS_HLP_METADATA_EDITING.html">Redigere sanginformasjon</target>
   </keywords>
   <keywords>
      <text FeatureID="-1">musikkspiller</text>
      <target FeatureID="-1" href="MUS_HLP_PODCAST_MAIN_VIEW.html">Podcaster</target>
      <target FeatureID="-1" href="MUS_HLP_PODCAST_EPISODES.html">Podcast-episoder</target>
      <target FeatureID="-1" href="MUS_HLP_PLAYLISTS_VIEW.html">Musikkspillelister</target>
      <target FeatureID="-1" href="MUS_HLP_ALBUM_ART_EDITING.html">Redigere albumkunst</target>
      <target FeatureID="-1" href="MUS_HLP_AUDIO_SETT.html">Lydinnstillinger</target>
   </keywords>
   <keywords>
      <text FeatureID="-1">podcasting</text>
      <target FeatureID="-1" href="MUS_HLP_PODCAST_MAIN_VIEW.html">Podcaster</target>
      <target FeatureID="-1" href="MUS_HLP_PODCAST_EPISODES.html">Podcast-episoder</target>
   </keywords>
   <keywords>
      <text FeatureID="-1">spillelister</text>
      <target FeatureID="-1" href="MUS_HLP_PLAYLISTS_VIEW.html">Musikkspillelister</target>
   </keywords>
   <keywords>
      <text FeatureID="-1">musikkavspiller</text>
      <target FeatureID="-1" href="MUS_HLP_PLAYBACK_VIEW.html">Musikkavspilling</target>
      <target FeatureID="-1" href="MUS_HLP_LIB_MAIN_VIEW.html">Musikkbibliotek</target>
   </keywords>
   <keywords>
      <text FeatureID="-1">albumkunst</text>
      <target FeatureID="-1" href="MUS_HLP_ALBUM_ART_EDITING.html">Redigere albumkunst</target>
   </keywords>
   <keywords>
      <text FeatureID="-1">bassforsterker</text>
      <target FeatureID="-1" href="MUS_HLP_AUDIO_SETT.html">Lydinnstillinger</target>
   </keywords>
   <keywords>
      <text FeatureID="-1">stereoutvidelse</text>
      <target FeatureID="-1" href="MUS_HLP_AUDIO_SETT.html">Lydinnstillinger</target>
   </keywords>
</keywords>