<?xml version="1.0" encoding="UTF-8"?>
<keywords>
   <keywords>
      <text FeatureID="-1">листівка</text>
      <target FeatureID="-1" href="MMS_POSTCARD_HLP_ADDRESS_EDIT.html">Редагування адрес</target>
      <target FeatureID="-1" href="POSTCARD_HLP_ADDRESS_VIEW.html">Перегляд адрес</target>
      <target FeatureID="-1" href="POSTCARD_HLP_GREETING_EDIT.html">Написання привітань</target>
      <target FeatureID="-1" href="POSTCARD_HLP_GREETING_VIEW.html">Перегляд привітань</target>
      <target FeatureID="-1" href="MMS_POSTCARD_HLP_MAIN_EDIT.html">Створення листівок</target>
   </keywords>
   <keywords>
      <text FeatureID="-1">надсилання листівок</text>
      <target FeatureID="-1" href="MMS_POSTCARD_HLP_ADDRESS_EDIT.html">Редагування адрес</target>
      <target FeatureID="-1" href="POSTCARD_HLP_GREETING_EDIT.html">Написання привітань</target>
      <target FeatureID="-1" href="MMS_POSTCARD_HLP_MAIN_EDIT.html">Створення листівок</target>
   </keywords>
   <keywords>
      <text FeatureID="-1">листівки</text>
      <target FeatureID="-1" href="MMS_POSTCARD_HLP_MAIN_VIEW.html">Перегляд листівок</target>
   </keywords>
</keywords>