<?xml version="1.0" encoding="UTF-8"?>
<keywords>
   <keywords>
      <text FeatureID="-1">videoer og TV</text>
      <target FeatureID="-1" href="IPTV_HLP_MAIN_STATE.html">Videoer og TV</target>
      <target FeatureID="-1" href="IPTV_HLP_VODCAST_MAIN.html">Direkteavspilling av video</target>
      <target FeatureID="-1" href="IPTV_HLP_SERVICE_SELECTION_VOD.html">Velge video­tjenester</target>
      <target FeatureID="-1" href="IPTV_HLP_VOD_CATEGORIES.html">Videokategorier</target>
      <target FeatureID="-1" href="IPTV_HLP_VOD.html">Vise og laste ned videoklipp</target>
      <target FeatureID="-1" href="IPTV_HLP_SCHEDULE_DOWNLOAD.html">Planlegge nedlastinger</target>
      <target FeatureID="-1" href="IPTV_HLP_STORAGE.html">Mine videoer</target>
      <target FeatureID="-1" href="IPTV_HLP_SERVICE_SEL_VODCAST.html">Velge videostrømmer</target>
      <target FeatureID="-1" href="IPTV_HLP_ADD_SERVICE.html">Legge til videostrømmer</target>
   </keywords>
   <keywords>
      <text FeatureID="-1">videostrømmer</text>
      <target FeatureID="-1" href="IPTV_HLP_VODCAST_MAIN.html">Direkteavspilling av video</target>
      <target FeatureID="-1" href="IPTV_HLP_VOD_CATEGORIES.html">Videokategorier</target>
      <target FeatureID="-1" href="IPTV_HLP_SERVICE_SEL_VODCAST.html">Velge videostrømmer</target>
      <target FeatureID="-1" href="IPTV_HLP_ADD_SERVICE.html">Legge til videostrømmer</target>
   </keywords>
   <keywords>
      <text FeatureID="-1">nedlastninger, videoklipp</text>
      <target FeatureID="-1" href="IPTV_HLP_VOD.html">Vise og laste ned videoklipp</target>
      <target FeatureID="-1" href="IPTV_HLP_SCHEDULE_DOWNLOAD.html">Planlegge nedlastinger</target>
   </keywords>
   <keywords>
      <text FeatureID="-1">videoer og TV, innstillinger</text>
      <target FeatureID="-1" href="IPTV_HLP_SETTINGS.html">Innstillinger for Videoer og TV</target>
   </keywords>
   <keywords>
      <text FeatureID="-1">innstillinger, videoklipp</text>
      <target FeatureID="-1" href="IPTV_HLP_SETTINGS.html">Innstillinger for Videoer og TV</target>
   </keywords>
</keywords>