<?xml version="1.0" encoding="UTF-8"?>
<keywords>
   <keywords>
      <text FeatureID="-1">postcard</text>
      <target FeatureID="-1" href="MMS_POSTCARD_HLP_ADDRESS_EDIT.html">Redigera adresser</target>
      <target FeatureID="-1" href="POSTCARD_HLP_ADDRESS_VIEW.html">Visa adresser</target>
      <target FeatureID="-1" href="POSTCARD_HLP_GREETING_EDIT.html">Skriv hälsningar</target>
      <target FeatureID="-1" href="POSTCARD_HLP_GREETING_VIEW.html">Visa hälsningar</target>
      <target FeatureID="-1" href="MMS_POSTCARD_HLP_MAIN_EDIT.html">Skapa vykort</target>
   </keywords>
   <keywords>
      <text FeatureID="-1">sända vykort</text>
      <target FeatureID="-1" href="MMS_POSTCARD_HLP_ADDRESS_EDIT.html">Redigera adresser</target>
      <target FeatureID="-1" href="POSTCARD_HLP_GREETING_EDIT.html">Skriv hälsningar</target>
      <target FeatureID="-1" href="MMS_POSTCARD_HLP_MAIN_EDIT.html">Skapa vykort</target>
   </keywords>
   <keywords>
      <text FeatureID="-1">vykort</text>
      <target FeatureID="-1" href="MMS_POSTCARD_HLP_MAIN_VIEW.html">Visa vykort</target>
   </keywords>
</keywords>