<?xml version="1.0" encoding="UTF-8"?>
<keywords>
   <keywords>
      <text FeatureID="-1">chỉnh sửa chi chú</text>
      <target FeatureID="-1" href="NMAKE_HLP_MEMO_VIEWER_EDIT.html">Chỉnh sửa ghi chú trong các ứng dụng</target>
   </keywords>
   <keywords>
      <text FeatureID="-1">nhận ghi chú</text>
      <target FeatureID="-1" href="NMAKE_HLP_MEMO_VIEWER.html">Xem các ghi chú đã nhận</target>
   </keywords>
   <keywords>
      <text FeatureID="-1">mẫu tin nhắn</text>
      <target FeatureID="-1" href="NMAKE_HLP_TEMPLATE_EDITOR.html">Viết các mẫu tin nhắn</target>
   </keywords>
   <keywords>
      <text FeatureID="-1">tạo mẫu tin nhắn</text>
      <target FeatureID="-1" href="NMAKE_HLP_TEMPLATE_EDITOR.html">Viết các mẫu tin nhắn</target>
   </keywords>
   <keywords>
      <text FeatureID="-1">viết các mẫu tin nhắn</text>
      <target FeatureID="-1" href="NMAKE_HLP_TEMPLATE_EDITOR.html">Viết các mẫu tin nhắn</target>
   </keywords>
   <keywords>
      <text FeatureID="-1">danh sách ghi chú</text>
      <target FeatureID="-1" href="NMAKE_HLP_MEMO_LIST.html">Danh sách ghi chú</target>
   </keywords>
   <keywords>
      <text FeatureID="-1">viết ghi chú</text>
      <target FeatureID="-1" href="NMAKE_HLP_MEMO_LIST.html">Danh sách ghi chú</target>
      <target FeatureID="-1" href="NMAKE_HLP_MEMO_EDITOR_APPS.html">Viết ghi chú trong các ứng dụng</target>
      <target FeatureID="-1" href="NMAKE_HLP_MEMO_EDITOR.html">Viết ghi chú</target>
   </keywords>
</keywords>