<?xml version="1.0" encoding="UTF-8"?>
<keywords>
   <keywords>
      <text FeatureID="-1">rádio</text>
      <target FeatureID="-1" href="FMRADIO_HLP_MAIN.html">Ouvir o rádio</target>
      <target FeatureID="-1" href="FMRADIO_HLP_SEARCH.html">Buscar estações</target>
      <target FeatureID="-1" href="FMRADIO_HLP_LIST.html"> Gerenciar estações de rádio</target>
   </keywords>
   <keywords>
      <text FeatureID="-1">Rádio FM</text>
      <target FeatureID="-1" href="FMRADIO_HLP_MAIN.html">Ouvir o rádio</target>
      <target FeatureID="-1" href="FMRADIO_HLP_SEARCH.html">Buscar estações</target>
      <target FeatureID="-1" href="FMRADIO_HLP_LIST.html"> Gerenciar estações de rádio</target>
   </keywords>
</keywords>