<?xml version="1.0" encoding="UTF-8"?>
<keywords>
   <keywords>
      <text FeatureID="true_1116">傳送日曆項目</text>
      <target FeatureID="true_1116" href="SMART_HLP_CALENDAREDITOR.html">傳送日曆項目</target>
   </keywords>
   <keywords>
      <text FeatureID="true_1114">接收日曆項目</text>
      <target FeatureID="true_1114" href="SMART_HLP_CALENDARVIEWER.html">收到的日曆項目</target>
   </keywords>
   <keywords>
      <text FeatureID="true_1114">日曆項目</text>
      <target FeatureID="true_1114" href="SMART_HLP_CALPULLMESVIEWER.html">日曆項目下載</target>
   </keywords>
   <keywords>
      <text FeatureID="true_1117 true_1115">名片</text>
      <target FeatureID="true_1117" href="SMART_HLP_BUSINESSEDITOR.html">傳送名片</target>
      <target FeatureID="true_1115" href="SMART_HLP_BUSINESSVIEWER.html">收到的名片</target>
      <target FeatureID="true_1115" href="SMART_HLP_BUSPULLMESVIEWER.html">名片下載</target>
   </keywords>
   <keywords>
      <text FeatureID="true_1111">鈴聲</text>
      <target FeatureID="true_1111" href="SMART_HLP_RINGVIEWER.html">收到的鈴聲</target>
   </keywords>
   <keywords>
      <text FeatureID="true_1110">系統業者標誌</text>
      <target FeatureID="true_1110" href="SMART_HLP_OPLOGOVIEWER.html">收到的系統業者標誌</target>
   </keywords>
   <keywords>
      <text FeatureID="true_1106">書籤</text>
      <target FeatureID="true_1106" href="SMART_HLP_ONEBOOKVIEWER.html">收到的書籤</target>
   </keywords>
   <keywords>
      <text FeatureID="true_1112">接收圖片</text>
      <target FeatureID="true_1112" href="SMART_HLP_GMSVIEWER.html">檢視圖片訊息</target>
   </keywords>
   <keywords>
      <text FeatureID="true_1112">圖片訊息</text>
      <target FeatureID="true_1112" href="SMART_HLP_GMSVIEWER.html">檢視圖片訊息</target>
   </keywords>
   <keywords>
      <text FeatureID="true_1537">遠端磁碟機設定</text>
      <target FeatureID="true_1537" href="SMART_HLP_REMOTEDRIVES_VIEWER.html">接收遠端磁碟機設定</target>
      <target FeatureID="true_1537" href="SMART_HLP_REMOTEDRIVES_EDITOR.html">傳送遠端磁碟機設定</target>
   </keywords>
</keywords>