<?xml version="1.0" encoding="UTF-8"?>
<keywords>
   <keywords>
      <text FeatureID="-1">dijeljenje video sadržaja</text>
      <target FeatureID="true_208" href="MSH_HLP_LIVE.html">Deljenje video sadržaja uživo</target>
      <target FeatureID="-1" href="MSH_HLP_CLIP.html">Deljenje video snimaka</target>
      <target FeatureID="-1" href="MSH_HLP_SETTINGS.html">Podešavanje deljenja video sadržaja</target>
      <target FeatureID="-1" href="MSH_HLP_RECEIVE.html">Pregled deljenog video sadržaja</target>
   </keywords>
</keywords>