<?xml version="1.0" encoding="UTF-8"?>
<keywords>
   <keywords>
      <text FeatureID="-1">Dados de GPS</text>
      <target FeatureID="-1" href="HLP_BLID_NAVIGATION.html">Vista da navegação</target>
      <target FeatureID="false_112" href="BLID_HLP_WAYPOINTS.html">Localizações memorizadas</target>
      <target FeatureID="-1" href="HLP_BLID_TRIPMETER.html">Vista da distância da viagem</target>
   </keywords>
   <keywords>
      <text FeatureID="-1">navegar até ao destino</text>
      <target FeatureID="-1" href="HLP_BLID_NAVIGATION.html">Vista da navegação</target>
   </keywords>
   <keywords>
      <text FeatureID="false_112">guardar localizações</text>
      <target FeatureID="false_112" href="BLID_HLP_WAYPOINTS.html">Localizações memorizadas</target>
   </keywords>
   <keywords>
      <text FeatureID="-1">definições do navegador</text>
      <target FeatureID="-1" href="BLID_HLP_SETTINGS.html">Definições de dados de GPS</target>
   </keywords>
   <keywords>
      <text FeatureID="-1">Definições de dados de GPS</text>
      <target FeatureID="-1" href="BLID_HLP_SETTINGS.html">Definições de dados de GPS</target>
   </keywords>
   <keywords>
      <text FeatureID="-1">informações de viagem</text>
      <target FeatureID="-1" href="HLP_BLID_TRIPMETER.html">Vista da distância da viagem</target>
      <target FeatureID="-1" href="HLP_BLID_TRIPMETER.html">Vista da distância da viagem</target>
   </keywords>
</keywords>