<?xml version="1.0" encoding="UTF-8"?>
<keywords>
   <keywords>
      <text FeatureID="-1">yer imleri</text>
      <target FeatureID="-1" href="OSS_HLP_BM_ADDBM.html">Yer imi ekleme</target>
      <target FeatureID="-1" href="OSS_HLP_BM_EDIT.html">Yer imlerini düzenleme</target>
   </keywords>
   <keywords>
      <text FeatureID="-1">tarayıcı yer imleri</text>
      <target FeatureID="-1" href="OSS_HLP_BM_ADDBM.html">Yer imi ekleme</target>
      <target FeatureID="-1" href="OSS_HLP_BM_MAIN.html">Yer imlerine göz atma</target>
      <target FeatureID="-1" href="OSS_HLP_BM_EDIT.html">Yer imlerini düzenleme</target>
   </keywords>
   <keywords>
      <text FeatureID="-1">web</text>
      <target FeatureID="-1" href="OSS_HLP_BM_ADDBM.html">Yer imi ekleme</target>
      <target FeatureID="true_167" href="OSS_HLP_RSS_ADD.html">Web beslemeleri ekleme</target>
      <target FeatureID="-1" href="OSS_HLP_PAGEVIEW.html">Web'de tarama</target>
      <target FeatureID="-1" href="OSS_HLP_BM_EDIT.html">Yer imlerini düzenleme</target>
      <target FeatureID="true_167" href="OSS_HLP_RSS_EDIT.html">Web beslemelerini düzenleme</target>
      <target FeatureID="true_167" href="OSS_HLP_RSS_ARTICLE.html">Web beslemesi makaleleri</target>
      <target FeatureID="true_167" href="OSS_HLP_RSS_ARTICLELST.html">Web beslemeleri</target>
      <target FeatureID="true_167" href="OSS_HLP_RSS_MAIN.html">Web beslemeleri ve web günlükleri</target>
   </keywords>
   <keywords>
      <text FeatureID="true_167">beslemeler</text>
      <target FeatureID="true_167" href="OSS_HLP_RSS_ADD.html">Web beslemeleri ekleme</target>
      <target FeatureID="true_167" href="OSS_HLP_RSS_EDIT.html">Web beslemelerini düzenleme</target>
      <target FeatureID="true_167" href="OSS_HLP_RSS_ARTICLE.html">Web beslemesi makaleleri</target>
      <target FeatureID="true_167" href="OSS_HLP_RSS_ARTICLELST.html">Web beslemeleri</target>
      <target FeatureID="true_167" href="OSS_HLP_RSS_MAIN.html">Web beslemeleri ve web günlükleri</target>
   </keywords>
   <keywords>
      <text FeatureID="true_167">RSS beslemeleri</text>
      <target FeatureID="true_167" href="OSS_HLP_RSS_ADD.html">Web beslemeleri ekleme</target>
      <target FeatureID="true_167" href="OSS_HLP_RSS_ARTICLELST.html">Web beslemeleri</target>
      <target FeatureID="true_167" href="OSS_HLP_RSS_MAIN.html">Web beslemeleri ve web günlükleri</target>
   </keywords>
   <keywords>
      <text FeatureID="true_167">haberler ve web günlükleri</text>
      <target FeatureID="true_167" href="OSS_HLP_RSS_ADD.html">Web beslemeleri ekleme</target>
      <target FeatureID="true_167" href="OSS_HLP_RSS_EDIT.html">Web beslemelerini düzenleme</target>
      <target FeatureID="true_167" href="OSS_HLP_RSS_ARTICLE.html">Web beslemesi makaleleri</target>
      <target FeatureID="true_167" href="OSS_HLP_RSS_ARTICLELST.html">Web beslemeleri</target>
      <target FeatureID="true_167" href="OSS_HLP_RSS_MAIN.html">Web beslemeleri ve web günlükleri</target>
   </keywords>
   <keywords>
      <text FeatureID="true_167">web günlükleri</text>
      <target FeatureID="true_167" href="OSS_HLP_RSS_ADD.html">Web beslemeleri ekleme</target>
      <target FeatureID="true_167" href="OSS_HLP_RSS_EDIT.html">Web beslemelerini düzenleme</target>
      <target FeatureID="true_167" href="OSS_HLP_RSS_ARTICLE.html">Web beslemesi makaleleri</target>
      <target FeatureID="true_167" href="OSS_HLP_RSS_ARTICLELST.html">Web beslemeleri</target>
      <target FeatureID="true_167" href="OSS_HLP_RSS_MAIN.html">Web beslemeleri ve web günlükleri</target>
   </keywords>
   <keywords>
      <text FeatureID="-1">sayfaları tarama</text>
      <target FeatureID="-1" href="OSS_HLP_PAGEVIEW.html">Web'de tarama</target>
   </keywords>
   <keywords>
      <text FeatureID="-1">yer imlerini açma</text>
      <target FeatureID="-1" href="OSS_HLP_BM_MAIN.html">Yer imlerine göz atma</target>
   </keywords>
   <keywords>
      <text FeatureID="true_167">rss beslemeleri</text>
      <target FeatureID="true_167" href="OSS_HLP_RSS_EDIT.html">Web beslemelerini düzenleme</target>
      <target FeatureID="true_167" href="OSS_HLP_RSS_ARTICLE.html">Web beslemesi makaleleri</target>
   </keywords>
   <keywords>
      <text FeatureID="-1">tarayıcı ayarları</text>
      <target FeatureID="-1" href="OSS_HLP_SETTINGS_GENERAL.html">Genel ayarlar</target>
      <target FeatureID="-1" href="OSS_HLP_SETTINGS_PAGE.html">Sayfa ayarları</target>
      <target FeatureID="-1" href="OSS_HLP_SETTINGS_PRIVACY.html">Gizlilik ayarları</target>
      <target FeatureID="true_167" href="OSS_HLP_SETTINGS_RSS.html">Web beslemesi ayarları</target>
      <target FeatureID="-1" href="OSS_HLP_SETTINGS_FOLDERS.html">Web ayarları</target>
      <target FeatureID="false_410" href="OSS_HLP_SHORTCUTS.html">Araç çubuğu kısayolları</target>
      <target FeatureID="false_410" href="OSS_HLP_KEYPAD.html">Tuş takımı kısayolları</target>
   </keywords>
   <keywords>
      <text FeatureID="-1">web ayarları</text>
      <target FeatureID="-1" href="OSS_HLP_SETTINGS_GENERAL.html">Genel ayarlar</target>
      <target FeatureID="-1" href="OSS_HLP_SETTINGS_PAGE.html">Sayfa ayarları</target>
      <target FeatureID="-1" href="OSS_HLP_SETTINGS_PRIVACY.html">Gizlilik ayarları</target>
      <target FeatureID="true_167" href="OSS_HLP_SETTINGS_RSS.html">Web beslemesi ayarları</target>
      <target FeatureID="-1" href="OSS_HLP_SETTINGS_FOLDERS.html">Web ayarları</target>
      <target FeatureID="false_410" href="OSS_HLP_SHORTCUTS.html">Araç çubuğu kısayolları</target>
      <target FeatureID="false_410" href="OSS_HLP_KEYPAD.html">Tuş takımı kısayolları</target>
   </keywords>
   <keywords>
      <text FeatureID="-1">web için ayarlama</text>
      <target FeatureID="-1" href="OSS_HLP_SETTINGS_PAGE.html">Sayfa ayarları</target>
      <target FeatureID="true_167" href="OSS_HLP_SETTINGS_RSS.html">Web beslemesi ayarları</target>
      <target FeatureID="-1" href="OSS_HLP_SETTINGS_FOLDERS.html">Web ayarları</target>
   </keywords>
   <keywords>
      <text FeatureID="-1">gizlilik ayarları</text>
      <target FeatureID="-1" href="OSS_HLP_SETTINGS_PRIVACY.html">Gizlilik ayarları</target>
   </keywords>
   <keywords>
      <text FeatureID="-1">belirli bir sayfayı açma</text>
      <target FeatureID="-1" href="OSS_HLP_PAGEVIEW_EMBED.html">Uygulamalarda web</target>
   </keywords>
   <keywords>
      <text FeatureID="-1">uygulamalarda web</text>
      <target FeatureID="-1" href="OSS_HLP_PAGEVIEW_EMBED.html">Uygulamalarda web</target>
   </keywords>
</keywords>