<?xml version="1.0" encoding="UTF-8"?><?xml-stylesheet  href="../../theme/xsl/index2html.xslt" type="text/xsl"?>
<topics FeatureID="-1" title="Foto's" compressed="true">
   <topicref FeatureID="-1" href="LGAL_HLP_ALBUM_LIST.html" navtitle="Albums"/>
   <topicref FeatureID="-1" href="LGAL_HLP_ALL_GRID.html" navtitle="Door alle mediabestanden bladeren"/>
   <topicref FeatureID="-1" href="LGAL_HLP_ALBUM_GRID.html" navtitle="Door mediabestanden in albums bladeren"/>
   <topicref FeatureID="-1" href="LGAL_HLP_TAGS_GRID.html" navtitle="Gelabelde mediabestanden doorzoeken"/>
   <topicref FeatureID="-1" href="LGAL_HLP_DETAILS_VIEW.html" navtitle="Bestandsgegevens weergeven en bewerken"/>
   <topicref FeatureID="-1" href="LGAL_HLP_TAGS_BROWSER.html" navtitle="Labels"/>
   <topicref FeatureID="-1" href="LGAL_HLP_MONTH_FULLSCREEN.html" navtitle="Mediabestanden per maand weergeven"/>
   <topicref FeatureID="-1" href="LGAL_HLP_MONTH_GRID.html" navtitle="Mediabestanden per maand doorzoeken"/>
   <topicref FeatureID="-1" href="LGAL_HLP_VIEW_LIST.html" navtitle="Foto's"/>
   <topicref FeatureID="-1" href="LGAL_HLP_MONTH_LIST.html" navtitle="Maanden"/>
   <topicref FeatureID="-1" href="LGAL_HLP_SLIDESHOW_SETTINGS.html" navtitle="Instellingen diavoorstelling"/>
   <topicref FeatureID="-1" href="LGAL_HLP_ALL_FULLSCREEN.html" navtitle="Alle mediabestanden weergeven"/>
   <topicref FeatureID="-1" href="LGAL_HLP_ALBUM_FULLSCREEN.html" navtitle="Mediabestanden in albums weergeven"/>
   <topicref FeatureID="-1" href="LGAL_HLP_TAGS_FULLSCREEN.html" navtitle="Gelabelde mediabestanden weergeven"/>
</topics>