<?xml version="1.0" encoding="UTF-8"?>
<keywords>
   <keywords>
      <text FeatureID="-1">Foto's</text>
      <target FeatureID="-1" href="LGAL_HLP_ALBUM_LIST.html">Albums</target>
      <target FeatureID="-1" href="LGAL_HLP_ALL_GRID.html">Door alle mediabestanden bladeren</target>
      <target FeatureID="-1" href="LGAL_HLP_ALBUM_GRID.html">Door mediabestanden in albums bladeren</target>
      <target FeatureID="-1" href="LGAL_HLP_TAGS_GRID.html">Gelabelde mediabestanden doorzoeken</target>
      <target FeatureID="-1" href="LGAL_HLP_DETAILS_VIEW.html">Bestandsgegevens weergeven en bewerken</target>
      <target FeatureID="-1" href="LGAL_HLP_TAGS_BROWSER.html">Labels</target>
      <target FeatureID="-1" href="LGAL_HLP_MONTH_FULLSCREEN.html">Mediabestanden per maand weergeven</target>
      <target FeatureID="-1" href="LGAL_HLP_MONTH_GRID.html">Mediabestanden per maand doorzoeken</target>
      <target FeatureID="-1" href="LGAL_HLP_VIEW_LIST.html">Foto's</target>
      <target FeatureID="-1" href="LGAL_HLP_MONTH_LIST.html">Maanden</target>
      <target FeatureID="-1" href="LGAL_HLP_SLIDESHOW_SETTINGS.html">Instellingen diavoorstelling</target>
      <target FeatureID="-1" href="LGAL_HLP_ALL_FULLSCREEN.html">Alle mediabestanden weergeven</target>
      <target FeatureID="-1" href="LGAL_HLP_ALBUM_FULLSCREEN.html">Mediabestanden in albums weergeven</target>
      <target FeatureID="-1" href="LGAL_HLP_TAGS_FULLSCREEN.html">Gelabelde mediabestanden weergeven</target>
   </keywords>
   <keywords>
      <text FeatureID="-1">albums</text>
      <target FeatureID="-1" href="LGAL_HLP_ALBUM_LIST.html">Albums</target>
      <target FeatureID="-1" href="LGAL_HLP_ALBUM_GRID.html">Door mediabestanden in albums bladeren</target>
      <target FeatureID="-1" href="LGAL_HLP_VIEW_LIST.html">Foto's</target>
      <target FeatureID="-1" href="LGAL_HLP_ALBUM_FULLSCREEN.html">Mediabestanden in albums weergeven</target>
   </keywords>
   <keywords>
      <text FeatureID="-1">labels</text>
      <target FeatureID="-1" href="LGAL_HLP_TAGS_GRID.html">Gelabelde mediabestanden doorzoeken</target>
      <target FeatureID="-1" href="LGAL_HLP_TAGS_BROWSER.html">Labels</target>
      <target FeatureID="-1" href="LGAL_HLP_VIEW_LIST.html">Foto's</target>
      <target FeatureID="-1" href="LGAL_HLP_TAGS_FULLSCREEN.html">Gelabelde mediabestanden weergeven</target>
   </keywords>
   <keywords>
      <text FeatureID="-1">diavoorstelling</text>
      <target FeatureID="-1" href="LGAL_HLP_SLIDESHOW_SETTINGS.html">Instellingen diavoorstelling</target>
   </keywords>
</keywords>