<?xml version="1.0" encoding="UTF-8"?>
<keywords>
   <keywords>
      <text FeatureID="true_410">marcador</text>
      <target FeatureID="true_410" href="DIALER_HLP_MAIN.html">Fer trucades telefòniques</target>
   </keywords>
   <keywords>
      <text FeatureID="true_410">fer trucades telefòniques</text>
      <target FeatureID="true_410" href="DIALER_HLP_MAIN.html">Fer trucades telefòniques</target>
   </keywords>
   <keywords>
      <text FeatureID="-1">trucades telefòniques</text>
      <target FeatureID="-1" href="INCAL_HLP_CALL_HANDLING.html">Trucades telefòniques</target>
   </keywords>
   <keywords>
      <text FeatureID="-1">multiconferències</text>
      <target FeatureID="-1" href="INCAL_HLP_CALL_HANDLING.html">Trucades telefòniques</target>
   </keywords>
   <keywords>
      <text FeatureID="-1">commutar entre trucades</text>
      <target FeatureID="-1" href="INCAL_HLP_CALL_HANDLING.html">Trucades telefòniques</target>
   </keywords>
   <keywords>
      <text FeatureID="-1">telèfon</text>
      <target FeatureID="-1" href="INCAL_HLP_CALL_HANDLING.html">Trucades telefòniques</target>
   </keywords>
   <keywords>
      <text FeatureID="true_410">Tons DTMF</text>
      <target FeatureID="true_410" href="DIALER_HLP_SEND_DTMF.html">Envieu tons DTMF</target>
   </keywords>
   <keywords>
      <text FeatureID="true_89">trucades de vídeo</text>
      <target FeatureID="true_89" href="INCAL_HLP_VIDEO_CALL.html">Trucades de vídeo</target>
   </keywords>
</keywords>