<?xml version="1.0" encoding="UTF-8"?><?xml-stylesheet  href="../../theme/xsl/index2html.xslt" type="text/xsl"?>
<topics FeatureID="-1" title="달력/일정" compressed="true">
   <topicref FeatureID="-1" href="CALE_HLP_NOTE_ANNIVERSARY.html" navtitle="기념일 항목"/>
   <topicref FeatureID="-1" href="CALE_HLP_NOTE_VIEWER.html" navtitle="달력/일정 항목"/>
   <topicref FeatureID="-1" href="CALE_HLP_SETTINGS.html" navtitle="달력/일정 설정"/>
   <topicref FeatureID="-1" href="CALE_HLP_DAY_VIEW.html" navtitle="일별 보기"/>
   <topicref FeatureID="-1" href="CALE_HLP_NOTE_MEETING.html" navtitle="미팅 항목"/>
   <topicref FeatureID="-1" href="CALE_HLP_NOTE_DAY.html" navtitle="메모 항목"/>
   <topicref FeatureID="-1" href="CALE_HLP_MONTH_VIEW.html" navtitle="월 보기"/>
   <topicref FeatureID="-1" href="CALE_HLP_TODO_NOTE.html" navtitle="할 일 항목"/>
   <topicref FeatureID="-1" href="CALE_HLP_TODO_VIEW.html" navtitle="할 일 보기"/>
   <topicref FeatureID="-1" href="CALE_HLP_WEEK_VIEW.html" navtitle="주간 보기"/>
</topics>