<?xml version="1.0" encoding="UTF-8"?>
<keywords>
   <keywords>
      <text FeatureID="-1">달력/일정</text>
      <target FeatureID="-1" href="CALE_HLP_NOTE_VIEWER.html">달력/일정 항목</target>
      <target FeatureID="-1" href="CALE_HLP_DAY_VIEW.html">일별 보기</target>
      <target FeatureID="-1" href="CALE_HLP_NOTE_MEETING.html">미팅 항목</target>
      <target FeatureID="-1" href="CALE_HLP_MONTH_VIEW.html">월 보기</target>
      <target FeatureID="-1" href="CALE_HLP_TODO_NOTE.html">할 일 항목</target>
      <target FeatureID="-1" href="CALE_HLP_TODO_VIEW.html">할 일 보기</target>
      <target FeatureID="-1" href="CALE_HLP_WEEK_VIEW.html">주간 보기</target>
      <target FeatureID="-1" href="CALE_HLP_CALENDAR_DATABASE_SETTINGS.html">여러 달력/일정 설정</target>
      <target FeatureID="-1" href="CALE_HLP_CALE_MAN_VIEW.html">달력/일정 관리 보기</target>
      <target FeatureID="-1" href="CALE_HLP_ATTACH_VIEW.html">첨부 파일 보기</target>
      <target FeatureID="-1" href="CALE_HLP_MAV.html">부재 중 알람 보기</target>
   </keywords>
   <keywords>
      <text FeatureID="-1">미팅</text>
      <target FeatureID="-1" href="CALE_HLP_NOTE_VIEWER.html">달력/일정 항목</target>
      <target FeatureID="-1" href="CALE_HLP_NOTE_MEETING.html">미팅 항목</target>
   </keywords>
   <keywords>
      <text FeatureID="-1">할 일 메모</text>
      <target FeatureID="-1" href="CALE_HLP_NOTE_VIEWER.html">달력/일정 항목</target>
      <target FeatureID="-1" href="CALE_HLP_TODO_NOTE.html">할 일 항목</target>
   </keywords>
   <keywords>
      <text FeatureID="-1">달력/일정 설정</text>
      <target FeatureID="-1" href="CALE_HLP_SETTINGS.html">달력/일정 설정</target>
   </keywords>
   <keywords>
      <text FeatureID="-1">할 일 목록</text>
      <target FeatureID="-1" href="CALE_HLP_TODO_VIEW.html">할 일 보기</target>
   </keywords>
   <keywords>
      <text FeatureID="-1">설정, 달력/일정</text>
      <target FeatureID="-1" href="CALE_HLP_CALENDAR_DATABASE_SETTINGS.html">여러 달력/일정 설정</target>
   </keywords>
   <keywords>
      <text FeatureID="-1">첨부 파일</text>
      <target FeatureID="-1" href="CALE_HLP_ATTACH_VIEW.html">첨부 파일 보기</target>
   </keywords>
   <keywords>
      <text FeatureID="-1">알람, 달력/일정 메모</text>
      <target FeatureID="-1" href="CALE_HLP_MAV.html">부재 중 알람 보기</target>
   </keywords>
</keywords>