<?xml version="1.0" encoding="UTF-8"?>
<keywords>
   <keywords>
      <text FeatureID="-1">enviament de missatges</text>
      <target FeatureID="-1" href="UNIFIED_HLP_EDITOR.html">Creeu missatges</target>
   </keywords>
   <keywords>
      <text FeatureID="-1">editor de missatges</text>
      <target FeatureID="-1" href="UNIFIED_HLP_EDITOR.html">Creeu missatges</target>
   </keywords>
   <keywords>
      <text FeatureID="-1">missatges</text>
      <target FeatureID="-1" href="UNIFIED_HLP_SENDING_OPTIONS.html">Opcions d'enviament</target>
   </keywords>
   <keywords>
      <text FeatureID="-1">opcions d'enviament</text>
      <target FeatureID="-1" href="UNIFIED_HLP_SENDING_OPTIONS.html">Opcions d'enviament</target>
   </keywords>
   <keywords>
      <text FeatureID="-1">objectes multimèdia</text>
      <target FeatureID="-1" href="UNIFIED_HLP_ED_OBJECTS.html">Objectes multimèdia rebuts</target>
      <target FeatureID="-1" href="UNIFIED_HLP_ED_OBJECTS.html">Objectes multimèdia rebuts</target>
   </keywords>
</keywords>