<?xml version="1.0" encoding="UTF-8"?>
<keywords>
   <keywords>
      <text FeatureID="-1">темы</text>
      <target FeatureID="-1" href="SKINS_HLP_LIST.html">Обычные темы</target>
      <target FeatureID="-1" href="SCREENSAVER_HLP_WP_SETTINGS.html">Параметры слайд-презентации для фонового рисунка</target>
      <target FeatureID="-1" href="SKINS_HLP_WP_SETTINGS.html">Параметры фонового рисунка</target>
      <target FeatureID="true_1503" href="SKINS_HLP_CIMAGE_SETTINGS.html">Выбор изображения для вызова</target>
      <target FeatureID="-1" href="SKINS_HLP_APPSHELL.html">Настройки вида меню</target>
      <target FeatureID="-1" href="SKINS_HLP_APP_MAIN.html">Настройка дисплея</target>
      <target FeatureID="-1" href="SKINS_HLP_APPSKINS_LIST.html">Темы приложений</target>
   </keywords>
   <keywords>
      <text FeatureID="-1">слайд-презентация фонового рисунка</text>
      <target FeatureID="-1" href="SCREENSAVER_HLP_WP_SETTINGS.html">Параметры слайд-презентации для фонового рисунка</target>
   </keywords>
   <keywords>
      <text FeatureID="-1">параметры слайд-презентации</text>
      <target FeatureID="-1" href="SCREENSAVER_HLP_WP_SETTINGS.html">Параметры слайд-презентации для фонового рисунка</target>
   </keywords>
   <keywords>
      <text FeatureID="-1">параметры фонового рисунка</text>
      <target FeatureID="-1" href="SKINS_HLP_WP_SETTINGS.html">Параметры фонового рисунка</target>
   </keywords>
   <keywords>
      <text FeatureID="-1">фоновый рисунок</text>
      <target FeatureID="-1" href="SKINS_HLP_WP_SETTINGS.html">Параметры фонового рисунка</target>
      <target FeatureID="-1" href="SKINS_HLP_APP_MAIN.html">Настройка дисплея</target>
   </keywords>
   <keywords>
      <text FeatureID="-1">заставка</text>
      <target FeatureID="-1" href="SKINS_HLP_SCREENS_SETTINGS.html">Настройки заставки</target>
   </keywords>
   <keywords>
      <text FeatureID="true_1503">параметры изображения для вызова</text>
      <target FeatureID="true_1503" href="SKINS_HLP_CIMAGE_SETTINGS.html">Выбор изображения для вызова</target>
   </keywords>
   <keywords>
      <text FeatureID="-1">меню</text>
      <target FeatureID="-1" href="SKINS_HLP_APPSHELL.html">Настройки вида меню</target>
   </keywords>
</keywords>