<?xml version="1.0" encoding="UTF-8"?>
<keywords>
   <keywords>
      <text FeatureID="-1">đồng bộ</text>
      <target FeatureID="-1" href="OTASYNCBU_HLP_MAIN.html">Đồng Bộ Ovi</target>
   </keywords>
   <keywords>
      <text FeatureID="-1">Đồng Bộ Ovi</text>
      <target FeatureID="-1" href="OTASYNCBU_HLP_MAIN.html">Đồng Bộ Ovi</target>
      <target FeatureID="-1" href="OTASYNCBU_HLP_SETTINGS.html">Cài đặt Đồng Bộ Ovi</target>
   </keywords>
</keywords>