<?xml version="1.0" encoding="UTF-8"?><?xml-stylesheet  href="../../theme/xsl/index2html.xslt" type="text/xsl"?>
<topics FeatureID="-1" title="ایمیل Nokia‏" compressed="true">
   <topicref FeatureID="-1" href="FSCA_HLP_ANNIVERSARY_EDITOR.html" navtitle="ایجاد ورودیهای سالگرد"/>
   <topicref FeatureID="-1" href="FSCA_HLP_CALE_MEETING_EDITOR.html" navtitle="ایجاد ورودیهای جلسه"/>
   <topicref FeatureID="-1" href="FSCA_HLP_MEMO_EDITOR.html" navtitle="ایجاد ورودیهای یادداشت"/>
   <topicref FeatureID="-1" href="FSCA_HLP_TODO_EDITOR.html" navtitle="ایجاد ورودیهای کارهای روزانه"/>
   <topicref FeatureID="-1" href="FSCA_HLP_CALE_MEETING_VIEWER.html" navtitle="ویرایش ورودیهای جلسه"/>
   <topicref FeatureID="-1" href="FSCA_HLP_MEMO_VIEWER.html" navtitle="ویرایش ورودیهای یادداشت"/>
   <topicref FeatureID="-1" href="FSCA_HLP_TODO_VIEWER.html" navtitle="ویرایش ورودی کارها"/>
   <topicref FeatureID="-1" href="FSCA_HLP_ANNI_VIEWER.html" navtitle="ویرایش ورودیهای سالگرد"/>
   <topicref FeatureID="-1" href="FSCA_HLP_RESPONSE_EDITOR.html" navtitle="ویرایش پاسخ خود"/>
   <topicref FeatureID="-1" href="FSCA_HLP_VIEWER_ORGANIZER.html" navtitle="مدیریت درخواست های جلسه"/>
   <topicref FeatureID="-1" href="MEET_REQ_HLP_EDITOR.html" navtitle="درخواست های جلسه دریافت شده"/>
   <topicref FeatureID="-1" href="FSCA_HLP_VIEWER.html" navtitle="پاسخ به درخواستهای جلسه"/>
   <topicref FeatureID="-1" href="RLOOK_HLP_INFO_VIEW.html" navtitle="مدیریت مخاطب یافت شده"/>
   <topicref FeatureID="-1" href="RLOOK_HLP_RESULT_VIEW.html" navtitle="نتایج جستجو"/>
   <topicref FeatureID="-1" href="FSE_HLP_ATTACHMENT_LIST_EDITOR.html" navtitle="افزودن پیوست"/>
   <topicref FeatureID="-1" href="FSE_HLP_MESSAGE_LIST_DELETED.html" navtitle="پيامهای ايميل حذف شده"/>
   <topicref FeatureID="-1" href="FSE_HLP_ATTACHMENT_LIST.html" navtitle="بارگیری پیوستها"/>
   <topicref FeatureID="-1" href="FSE_HLP_MESSAGE_LIST_DRAFTS.html" navtitle="پیامهای پیش نویس ایمیل"/>
   <topicref FeatureID="-1" href="FSE_HLP_LAUNCHER_GRID.html" navtitle="ایمیل Nokia"/>
   <topicref FeatureID="-1" href="FSE_HLP_FOLDER_LIST.html" navtitle="پوشه های پست الکترونیکی"/>
   <topicref FeatureID="-1" href="FSE_HLP_LAUNCHER_SETTINGS.html" navtitle="تنظیمات عمومی ایمیل"/>
   <topicref FeatureID="-1" href="FSE_HLP_SETTINGS_GLOBAL.html" navtitle="تنظیمات جهانی ایمیل"/>
   <topicref FeatureID="-1" href="FS_VIEWER_HLP_HTML_VIEW.html" navtitle="ایمیل دارای قالب بندی HTML"/>
   <topicref FeatureID="-1" href="FSE_HLP_POP_IMAP_SETT_ADV.html" navtitle="تنظیمات پیشرفته ایمیل"/>
   <topicref FeatureID="-1" href="FSE_HLP_POP_IMAP_SETT_INCOMING.html" navtitle="تنظیمات ایمیل ورودی"/>
   <topicref FeatureID="-1" href="FSE_HLP_POP_IMAP_SETT_OUTGOING.html" navtitle="ایمیل خروجی"/>
   <topicref FeatureID="-1" href="FSE_HLP_POP_IMAP_SETT_MAIN.html" navtitle="تنظيمات پست الكترونيكي"/>
   <topicref FeatureID="-1" href="FSE_HLP_SETT_IMAP_SUBSCR.html" navtitle="اشتراک در پوشه ها"/>
   <topicref FeatureID="-1" href="FSE_HLP_POP_IMAP_SETT_WHAT.html" navtitle="انتخاب محتوای همگام سازی"/>
   <topicref FeatureID="-1" href="FSE_HLP_POP_IMAP_SETT_WHEN.html" navtitle="انتخاب زمان همگام سازی"/>
   <topicref FeatureID="-1" href="FSE_HLP_MFE_LAUNCHER_MAIN_VIEW.html" navtitle="پست Mail for Exchange"/>
   <topicref FeatureID="-1" href="FS_VIEWER_HLP_DETAILS_VIEW.html" navtitle="جزئیات پیام"/>
   <topicref FeatureID="-1" href="FSE_HLP_MFE_SETTINGS_ADVANCED.html" navtitle="تنظیمات پیشرفته صندوق پستی"/>
   <topicref FeatureID="-1" href="FSE_HLP_MFE_SETTINGS_PIM_APPS.html" navtitle="تنظیمات همگام سازی برنامه"/>
   <topicref FeatureID="-1" href="FSE_HLP_MFE_CALENDAR_APP.html" navtitle="تنظیمات همگام سازی تقویم"/>
   <topicref FeatureID="-1" href="FSE_HLP_MFE_CONTACTS_APP.html" navtitle="تنظیمات همگام سازی مخاطبین"/>
   <topicref FeatureID="-1" href="FSE_HLP_MFE_SETTINGS_MAILBOX.html" navtitle="تنظیمات کلی صندوق پستی"/>
   <topicref FeatureID="-1" href="FSE_HLP_MFE_SETTINGS_WHAT_SYNC.html" navtitle="انتخاب محتوای همگام سازی"/>
   <topicref FeatureID="-1" href="FSE_HLP_MFE_SETTINGS_WHEN_SYNC.html" navtitle="انتخاب زمان همگام سازی"/>
   <topicref FeatureID="-1" href="FSE_HLP_MFE_SETTINGS_FOLDER.html" navtitle="تنظیمات همگام سازی"/>
   <topicref FeatureID="-1" href="FSE_HLP_MFE_SETTINGS_MAIN_VIEW.html" navtitle="تنظیمات ایمیل"/>
   <topicref FeatureID="-1" href="FSE_HLP_MFE_TASKS_APP.html" navtitle="تنظیمات همگام سازی کارها"/>
   <topicref FeatureID="-1" href="FSE_HLP_MESSAGE_LIST_EMPTY.html" navtitle="پیامی موجود نیست"/>
   <topicref FeatureID="-1" href="FSE_HLP_MESSAGE_LIST_OUTBOX.html" navtitle="کار کردن با صندوق ارسال"/>
   <topicref FeatureID="-1" href="FS_VIEWER_HLP_MEETING_REQ_VIEW.html" navtitle="پاسخ به درخواست جلسه"/>
   <topicref FeatureID="-1" href="FSE_HLP_MESSAGE_LIST_SEARCHING.html" navtitle="جستجو برای ایمیل"/>
   <topicref FeatureID="-1" href="FSE_HLP_MESSAGE_LIST_SEARCHED.html" navtitle="نتایج جستجو"/>
   <topicref FeatureID="-1" href="FSE_HLP_SETTINGS_WHEN_SYNC.html" navtitle="زمان همگام سازی"/>
   <topicref FeatureID="-1" href="FS_EDITOR_HLP_MAIN_VIEW.html" navtitle="ارسال ایمیل"/>
   <topicref FeatureID="-1" href="FSE_HLP_SETTINGS_PIM_VIEW.html" navtitle="سرویس PIM"/>
   <topicref FeatureID="-1" href="FSE_HLP_SETTINGS_APPLICATIONS.html" navtitle="همگام سازی برنامه ها"/>
   <topicref FeatureID="-1" href="FSE_HLP_ATTACHMENT_DOWNLOAD.html" navtitle="مشاهده بارگیریهای پیوست"/>
   <topicref FeatureID="-1" href="FS_VIEWER_HLP_MAIN_VIEW.html" navtitle="کار با ایمیل دریافت شده"/>
   <topicref FeatureID="-1" href="FSE_HLP_MESSAGE_LIST_INBOX.html" navtitle="کار با پوشه های ایمیل"/>
   <topicref FeatureID="-1" href="FSE_HLP_SETT.html" navtitle="تنظیمات"/>
   <topicref FeatureID="-1" href="FSE_HLP_ACCT_INFO.html" navtitle="تنظیمات اشتراک ایمیل"/>
   <topicref FeatureID="-1" href="FSE_HLP_SYNC_SETT.html" navtitle="تنظیمات همگام سازی"/>
</topics>