<?xml version="1.0" encoding="UTF-8"?>
<keywords>
   <keywords>
      <text FeatureID="-1">ورودی های سالگرد, ایجاد</text>
      <target FeatureID="-1" href="FSCA_HLP_ANNIVERSARY_EDITOR.html">ایجاد ورودیهای سالگرد</target>
   </keywords>
   <keywords>
      <text FeatureID="-1">ورودی های جلسه, ایجاد</text>
      <target FeatureID="-1" href="FSCA_HLP_CALE_MEETING_EDITOR.html">ایجاد ورودیهای جلسه</target>
   </keywords>
   <keywords>
      <text FeatureID="-1">ورودی های یادداشت, ایجاد</text>
      <target FeatureID="-1" href="FSCA_HLP_MEMO_EDITOR.html">ایجاد ورودیهای یادداشت</target>
   </keywords>
   <keywords>
      <text FeatureID="-1">ورودیهای کارهای روزانه, ایجاد</text>
      <target FeatureID="-1" href="FSCA_HLP_TODO_EDITOR.html">ایجاد ورودیهای کارهای روزانه</target>
   </keywords>
   <keywords>
      <text FeatureID="-1">ورودی های جلسه, ویرایش</text>
      <target FeatureID="-1" href="FSCA_HLP_CALE_MEETING_VIEWER.html">ویرایش ورودیهای جلسه</target>
   </keywords>
   <keywords>
      <text FeatureID="-1">ورودی های یادداشت, ویرایش</text>
      <target FeatureID="-1" href="FSCA_HLP_MEMO_VIEWER.html">ویرایش ورودیهای یادداشت</target>
   </keywords>
   <keywords>
      <text FeatureID="-1">ورودیهای کارهای روزانه, ویرایش</text>
      <target FeatureID="-1" href="FSCA_HLP_TODO_VIEWER.html">ویرایش ورودی کارها</target>
   </keywords>
   <keywords>
      <text FeatureID="-1">ورودی های سالگرد, مشاهده</text>
      <target FeatureID="-1" href="FSCA_HLP_ANNI_VIEWER.html">ویرایش ورودیهای سالگرد</target>
   </keywords>
   <keywords>
      <text FeatureID="-1">درخواستهای جلسه, ویرایش پاسخ ها</text>
      <target FeatureID="-1" href="FSCA_HLP_RESPONSE_EDITOR.html">ویرایش پاسخ خود</target>
   </keywords>
   <keywords>
      <text FeatureID="-1">درخواستهای جلسه, مدیریت</text>
      <target FeatureID="-1" href="FSCA_HLP_VIEWER_ORGANIZER.html">مدیریت درخواست های جلسه</target>
   </keywords>
   <keywords>
      <text FeatureID="-1">درخواستهای جلسه, ویرایش</text>
      <target FeatureID="-1" href="MEET_REQ_HLP_EDITOR.html">درخواست های جلسه دریافت شده</target>
   </keywords>
   <keywords>
      <text FeatureID="-1">درخواستهای جلسه, پاسخ دادن</text>
      <target FeatureID="-1" href="FSCA_HLP_VIEWER.html">پاسخ به درخواستهای جلسه</target>
   </keywords>
   <keywords>
      <text FeatureID="-1">مخاطبین</text>
      <target FeatureID="-1" href="RLOOK_HLP_INFO_VIEW.html">مدیریت مخاطب یافت شده</target>
   </keywords>
   <keywords>
      <text FeatureID="-1">مخاطبین, در حال جستجو</text>
      <target FeatureID="-1" href="RLOOK_HLP_RESULT_VIEW.html">نتایج جستجو</target>
   </keywords>
   <keywords>
      <text FeatureID="-1">ایمیل, پیوستها</text>
      <target FeatureID="-1" href="FSE_HLP_ATTACHMENT_LIST_EDITOR.html">افزودن پیوست</target>
   </keywords>
   <keywords>
      <text FeatureID="-1">ایمیلحذف شده</text>
      <target FeatureID="-1" href="FSE_HLP_MESSAGE_LIST_DELETED.html">پيامهای ايميل حذف شده</target>
   </keywords>
   <keywords>
      <text FeatureID="-1">بارگیری پیوست ایمیل</text>
      <target FeatureID="-1" href="FSE_HLP_ATTACHMENT_LIST.html">بارگیری پیوستها</target>
   </keywords>
   <keywords>
      <text FeatureID="-1">پیش نویس ایمیل</text>
      <target FeatureID="-1" href="FSE_HLP_MESSAGE_LIST_DRAFTS.html">پیامهای پیش نویس ایمیل</target>
   </keywords>
   <keywords>
      <text FeatureID="-1">ایمیل Nokia‏</text>
      <target FeatureID="-1" href="FSE_HLP_LAUNCHER_GRID.html">ایمیل Nokia</target>
   </keywords>
   <keywords>
      <text FeatureID="-1">ایمیل</text>
      <target FeatureID="-1" href="FSE_HLP_LAUNCHER_GRID.html">ایمیل Nokia</target>
   </keywords>
   <keywords>
      <text FeatureID="-1">پوشه های ایمیل</text>
      <target FeatureID="-1" href="FSE_HLP_FOLDER_LIST.html">پوشه های پست الکترونیکی</target>
      <target FeatureID="-1" href="FSE_HLP_SETT_IMAP_SUBSCR.html">اشتراک در پوشه ها</target>
      <target FeatureID="-1" href="FSE_HLP_MESSAGE_LIST_INBOX.html">کار با پوشه های ایمیل</target>
   </keywords>
   <keywords>
      <text FeatureID="-1">تنظیمات ایمیل</text>
      <target FeatureID="-1" href="FSE_HLP_LAUNCHER_SETTINGS.html">تنظیمات عمومی ایمیل </target>
      <target FeatureID="-1" href="FSE_HLP_POP_IMAP_SETT_MAIN.html">تنظيمات پست الكترونيكي</target>
      <target FeatureID="-1" href="FSE_HLP_IMS_SETTINGS_MAIN_VIEW.html">تنظيمات پست الكترونيكي</target>
      <target FeatureID="-1" href="FSE_HLP_MFE_SETTINGS_MAIN_VIEW.html">تنظیمات ایمیل</target>
   </keywords>
   <keywords>
      <text FeatureID="-1">تنظیمات جهانی ایمیل</text>
      <target FeatureID="-1" href="FSE_HLP_SETTINGS_GLOBAL.html">تنظیمات جهانی ایمیل</target>
   </keywords>
   <keywords>
      <text FeatureID="-1">ایمیل HTML‏</text>
      <target FeatureID="-1" href="FS_VIEWER_HLP_HTML_VIEW.html">ایمیل دارای قالب بندی HTML </target>
   </keywords>
   <keywords>
      <text FeatureID="-1">تنظیمات ایمیل پیشرفته</text>
      <target FeatureID="-1" href="FSE_HLP_POP_IMAP_SETT_ADV.html">تنظیمات پیشرفته ایمیل</target>
   </keywords>
   <keywords>
      <text FeatureID="-1">تنظیمات ایمیل ورودی</text>
      <target FeatureID="-1" href="FSE_HLP_POP_IMAP_SETT_INCOMING.html">تنظیمات ایمیل ورودی</target>
   </keywords>
   <keywords>
      <text FeatureID="-1">تنظیمات ایمیل خروجی</text>
      <target FeatureID="-1" href="FSE_HLP_POP_IMAP_SETT_OUTGOING.html">ایمیل خروجی</target>
   </keywords>
   <keywords>
      <text FeatureID="-1">همگام سازی ایمیل</text>
      <target FeatureID="-1" href="FSE_HLP_POP_IMAP_SETT_WHAT.html">انتخاب محتوای همگام سازی</target>
   </keywords>
   <keywords>
      <text FeatureID="-1">زمان همگام سازی ایمیل</text>
      <target FeatureID="-1" href="FSE_HLP_POP_IMAP_SETT_WHEN.html">انتخاب زمان همگام سازی</target>
      <target FeatureID="-1" href="FSE_HLP_IMS_SETTINGS_WHEN_SYNC.html">تعیین زمان همگام سازی</target>
      <target FeatureID="-1" href="FSE_HLP_MFE_SETTINGS_WHEN_SYNC.html">انتخاب زمان همگام سازی</target>
      <target FeatureID="-1" href="FSE_HLP_SETTINGS_WHEN_SYNC.html">زمان همگام سازی</target>
   </keywords>
   <keywords>
      <text FeatureID="-1">تنظیمات اشتراک ایمیل</text>
      <target FeatureID="-1" href="FSE_HLP_IMS_SETTINGS_ACCT_INFO.html">تنظیمات اشتراک پست الکترونیکی</target>
   </keywords>
   <keywords>
      <text FeatureID="-1">تنظیمات پیشرفته صندوق پستی</text>
      <target FeatureID="-1" href="FSE_HLP_IMS_SETTINGS_ADVANCED.html">تنظیمات پیشرفته صندوق پستی</target>
      <target FeatureID="-1" href="FSE_HLP_MFE_SETTINGS_ADVANCED.html">تنظیمات پیشرفته صندوق پستی</target>
   </keywords>
   <keywords>
      <text FeatureID="-1">تنظیمات صندوق پستی</text>
      <target FeatureID="-1" href="FSE_HLP_IMS_SETTINGS_MAILBOX.html">تنظیمات صندوق پستی</target>
      <target FeatureID="-1" href="FSE_HLP_MFE_SETTINGS_MAILBOX.html">تنظیمات کلی صندوق پستی</target>
   </keywords>
   <keywords>
      <text FeatureID="-1">محتوای همگام سازی ایمیل</text>
      <target FeatureID="-1" href="FSE_HLP_IMS_SETTINGS_WHAT_SYNC.html">تعیین محتوای همگام سازی</target>
      <target FeatureID="-1" href="FSE_HLP_MFE_SETTINGS_WHAT_SYNC.html">انتخاب محتوای همگام سازی</target>
   </keywords>
   <keywords>
      <text FeatureID="-1">همگام سازی پوشه ایمیل</text>
      <target FeatureID="-1" href="FSE_HLP_IMS_SETTINGS_FOLDER.html">همگام سازی پوشه های ایمیل</target>
      <target FeatureID="-1" href="FSE_HLP_MFE_SETTINGS_FOLDER.html">تنظیمات همگام سازی</target>
   </keywords>
   <keywords>
      <text FeatureID="-1">تنظیمات سرویس ایمیل</text>
      <target FeatureID="-1" href="FSE_HLP_SETTINGS_INTELL_LIST.html">تنظيمات خدمات پست الكترونيكي</target>
   </keywords>
   <keywords>
      <text FeatureID="-1">Intellisync</text>
      <target FeatureID="-1" href="FSE_HLP_IMS_LAUNCHER_MAIN_VIEW.html">ایمیل Intellisync</target>
   </keywords>
   <keywords>
      <text FeatureID="-1">Mail for Exchange</text>
      <target FeatureID="-1" href="FSE_HLP_MFE_LAUNCHER_MAIN_VIEW.html">ایمیل Mail for Exchange</target>
   </keywords>
   <keywords>
      <text FeatureID="-1">جزئیات ایمیل</text>
      <target FeatureID="-1" href="FS_VIEWER_HLP_DETAILS_VIEW.html">جزئیات پیام</target>
   </keywords>
   <keywords>
      <text FeatureID="-1">تنظیمات همگام سازی ایمیل</text>
      <target FeatureID="-1" href="FSE_HLP_MFE_SETTINGS_PIM_APPS.html">تنظیمات همگام سازی برنامه</target>
   </keywords>
   <keywords>
      <text FeatureID="-1">همگام سازی تقویم</text>
      <target FeatureID="-1" href="FSE_HLP_MFE_CALENDAR_APP.html">تنظیمات همگام سازی تقویم </target>
   </keywords>
   <keywords>
      <text FeatureID="-1">همگام سازی مخاطبین,</text>
      <target FeatureID="-1" href="FSE_HLP_MFE_CONTACTS_APP.html"> تنظیمات همگام سازی مخاطبین</target>
   </keywords>
   <keywords>
      <text FeatureID="-1">همگام سازی ورودی کارها</text>
      <target FeatureID="-1" href="FSE_HLP_MFE_TASKS_APP.html">تنظیمات همگام سازی کارها</target>
   </keywords>
   <keywords>
      <text FeatureID="-1">فاقد پیام های ایمیل</text>
      <target FeatureID="-1" href="FSE_HLP_MESSAGE_LIST_EMPTY.html">پیامی موجود نیست</target>
   </keywords>
   <keywords>
      <text FeatureID="-1">صندوق ارسال ایمیل</text>
      <target FeatureID="-1" href="FSE_HLP_MESSAGE_LIST_OUTBOX.html">کار کردن با صندوق ارسال</target>
   </keywords>
   <keywords>
      <text FeatureID="-1">درخواستهای جلسه</text>
      <target FeatureID="-1" href="FS_VIEWER_HLP_MEETING_REQ_VIEW.html">درخواست جلسه</target>
   </keywords>
   <keywords>
      <text FeatureID="-1">جستجوی ایمیل</text>
      <target FeatureID="-1" href="FSE_HLP_MESSAGE_LIST_SEARCHING.html">جستجو برای ایمیل</target>
   </keywords>
   <keywords>
      <text FeatureID="-1">نتایج جستجوی ایمیل</text>
      <target FeatureID="-1" href="FSE_HLP_MESSAGE_LIST_SEARCHED.html">نتایج جستجو</target>
   </keywords>
   <keywords>
      <text FeatureID="-1">ارسال ایمیل</text>
      <target FeatureID="-1" href="FS_EDITOR_HLP_MAIN_VIEW.html">ارسال ایمیل</target>
   </keywords>
   <keywords>
      <text FeatureID="-1">سرویس PIM</text>
      <target FeatureID="-1" href="FSE_HLP_SETTINGS_PIM_VIEW.html">سرویس PIM</target>
   </keywords>
   <keywords>
      <text FeatureID="-1">همگام سازی برنامه ها</text>
      <target FeatureID="-1" href="FSE_HLP_SETTINGS_APPLICATIONS.html">همگام سازی برنامه ها</target>
   </keywords>
   <keywords>
      <text FeatureID="-1">پیوست ایمیل</text>
      <target FeatureID="-1" href="FSE_HLP_ATTACHMENT_DOWNLOAD.html">مشاهده بارگیریهای پیوست</target>
   </keywords>
   <keywords>
      <text FeatureID="-1">ایمیل دریافت شده</text>
      <target FeatureID="-1" href="FS_VIEWER_HLP_MAIN_VIEW.html">کار با ایمیل دریافت شده</target>
   </keywords>
</keywords>