<?xml version="1.0" encoding="UTF-8"?>
<keywords>
   <keywords>
      <text FeatureID="-1">skilaboð endurvarpa</text>
      <target FeatureID="-1" href="CBS_HLP_TOPIC_VIEW.html">Skilaboð frá endurvarpa</target>
      <target FeatureID="-1" href="CBS_HLP_MAIN.html">Efnisyfirlit endurvarpa</target>
      <target FeatureID="-1" href="CBS_HLP_MSG.html">Skilaboð frá endurvarpa</target>
   </keywords>
   <keywords>
      <text FeatureID="-1">efnisyfirlit endurvarpa</text>
      <target FeatureID="-1" href="CBS_HLP_MAIN.html">Efnisyfirlit endurvarpa</target>
   </keywords>
</keywords>