<?xml version="1.0" encoding="UTF-8"?>
<keywords>
   <keywords>
      <text FeatureID="-1">즐겨찾기</text>
      <target FeatureID="-1" href="OSS_HLP_BM_ADDBM.html">즐겨찾기 추가</target>
   </keywords>
   <keywords>
      <text FeatureID="-1">브라우저 즐겨찾기</text>
      <target FeatureID="-1" href="OSS_HLP_BM_ADDBM.html">즐겨찾기 추가</target>
      <target FeatureID="-1" href="OSS_HLP_BM_MAIN.html">즐겨찾기 검색</target>
   </keywords>
   <keywords>
      <text FeatureID="-1">웹</text>
      <target FeatureID="-1" href="OSS_HLP_BM_ADDBM.html">즐겨찾기 추가</target>
      <target FeatureID="true_167" href="OSS_HLP_RSS_ADD.html">웹 피드 추가</target>
      <target FeatureID="-1" href="OSS_HLP_PAGEVIEW.html">웹 검색</target>
      <target FeatureID="true_167" href="OSS_HLP_RSS_EDIT.html">웹 피드 편집</target>
      <target FeatureID="true_167" href="OSS_HLP_RSS_ARTICLE.html">웹 피드 기사</target>
      <target FeatureID="true_167" href="OSS_HLP_RSS_ARTICLELST.html">웹 피드</target>
      <target FeatureID="true_167" href="OSS_HLP_RSS_MAIN.html">웹 피드 및 블로그</target>
   </keywords>
   <keywords>
      <text FeatureID="true_167">피드</text>
      <target FeatureID="true_167" href="OSS_HLP_RSS_ADD.html">웹 피드 추가</target>
      <target FeatureID="true_167" href="OSS_HLP_RSS_EDIT.html">웹 피드 편집</target>
      <target FeatureID="true_167" href="OSS_HLP_RSS_ARTICLE.html">웹 피드 기사</target>
      <target FeatureID="true_167" href="OSS_HLP_RSS_ARTICLELST.html">웹 피드</target>
      <target FeatureID="true_167" href="OSS_HLP_RSS_MAIN.html">웹 피드 및 블로그</target>
   </keywords>
   <keywords>
      <text FeatureID="true_167">RSS 피드</text>
      <target FeatureID="true_167" href="OSS_HLP_RSS_ADD.html">웹 피드 추가</target>
      <target FeatureID="true_167" href="OSS_HLP_RSS_EDIT.html">웹 피드 편집</target>
      <target FeatureID="true_167" href="OSS_HLP_RSS_ARTICLE.html">웹 피드 기사</target>
      <target FeatureID="true_167" href="OSS_HLP_RSS_ARTICLELST.html">웹 피드</target>
      <target FeatureID="true_167" href="OSS_HLP_RSS_MAIN.html">웹 피드 및 블로그</target>
   </keywords>
   <keywords>
      <text FeatureID="true_167">뉴스 및 블로그</text>
      <target FeatureID="true_167" href="OSS_HLP_RSS_ADD.html">웹 피드 추가</target>
      <target FeatureID="true_167" href="OSS_HLP_RSS_EDIT.html">웹 피드 편집</target>
      <target FeatureID="true_167" href="OSS_HLP_RSS_ARTICLE.html">웹 피드 기사</target>
      <target FeatureID="true_167" href="OSS_HLP_RSS_ARTICLELST.html">웹 피드</target>
      <target FeatureID="true_167" href="OSS_HLP_RSS_MAIN.html">웹 피드 및 블로그</target>
   </keywords>
   <keywords>
      <text FeatureID="true_167">블로그</text>
      <target FeatureID="true_167" href="OSS_HLP_RSS_ADD.html">웹 피드 추가</target>
      <target FeatureID="true_167" href="OSS_HLP_RSS_EDIT.html">웹 피드 편집</target>
      <target FeatureID="true_167" href="OSS_HLP_RSS_ARTICLE.html">웹 피드 기사</target>
      <target FeatureID="true_167" href="OSS_HLP_RSS_ARTICLELST.html">웹 피드</target>
      <target FeatureID="true_167" href="OSS_HLP_RSS_MAIN.html">웹 피드 및 블로그</target>
   </keywords>
   <keywords>
      <text FeatureID="-1">페이지 검색</text>
      <target FeatureID="-1" href="OSS_HLP_PAGEVIEW.html">웹 검색</target>
   </keywords>
   <keywords>
      <text FeatureID="-1">즐겨찾기 열기</text>
      <target FeatureID="-1" href="OSS_HLP_BM_MAIN.html">즐겨찾기 검색</target>
   </keywords>
   <keywords>
      <text FeatureID="-1">브라우저 설정</text>
      <target FeatureID="-1" href="OSS_HLP_SETTINGS_GENERAL.html">일반 설정</target>
      <target FeatureID="-1" href="OSS_HLP_SETTINGS_PAGE.html">페이지 설정</target>
      <target FeatureID="-1" href="OSS_HLP_SETTINGS_PRIVACY.html">개인 정보 설정</target>
      <target FeatureID="true_167" href="OSS_HLP_SETTINGS_RSS.html">웹 피드 설정</target>
      <target FeatureID="-1" href="OSS_HLP_SETTINGS_FOLDERS.html">웹 설정</target>
      <target FeatureID="false_410" href="OSS_HLP_SHORTCUTS.html">도구 모음 바로 가기</target>
   </keywords>
   <keywords>
      <text FeatureID="-1">웹 설정</text>
      <target FeatureID="-1" href="OSS_HLP_SETTINGS_GENERAL.html">일반 설정</target>
      <target FeatureID="-1" href="OSS_HLP_SETTINGS_PAGE.html">페이지 설정</target>
      <target FeatureID="-1" href="OSS_HLP_SETTINGS_PAGE.html">페이지 설정</target>
      <target FeatureID="-1" href="OSS_HLP_SETTINGS_PRIVACY.html">개인 정보 설정</target>
      <target FeatureID="true_167" href="OSS_HLP_SETTINGS_RSS.html">웹 피드 설정</target>
      <target FeatureID="true_167" href="OSS_HLP_SETTINGS_RSS.html">웹 피드 설정</target>
      <target FeatureID="-1" href="OSS_HLP_SETTINGS_FOLDERS.html">웹 설정</target>
      <target FeatureID="-1" href="OSS_HLP_SETTINGS_FOLDERS.html">웹 설정</target>
      <target FeatureID="false_410" href="OSS_HLP_SHORTCUTS.html">도구 모음 바로 가기</target>
   </keywords>
   <keywords>
      <text FeatureID="-1">개인 정보 설정</text>
      <target FeatureID="-1" href="OSS_HLP_SETTINGS_PRIVACY.html">개인 정보 설정</target>
   </keywords>
   <keywords>
      <text FeatureID="-1">특정 페이지 열기</text>
      <target FeatureID="-1" href="OSS_HLP_PAGEVIEW_EMBED.html">애플리케이션의 웹</target>
   </keywords>
   <keywords>
      <text FeatureID="-1">애플리케이션의 웹</text>
      <target FeatureID="-1" href="OSS_HLP_PAGEVIEW_EMBED.html">애플리케이션의 웹</target>
   </keywords>
</keywords>