<?xml version="1.0" encoding="UTF-8"?>
<keywords>
   <keywords>
      <text FeatureID="-1">kaydetme, sesler</text>
      <target FeatureID="-1" href="VOREC_HLP_EMPTY_RECORDER.html">Ses klibi kaydetme</target>
   </keywords>
   <keywords>
      <text FeatureID="-1">ses kaydedici</text>
      <target FeatureID="-1" href="VOREC_HLP_MAIN.html">Ses kaydediciyi kullanma</target>
   </keywords>
   <keywords>
      <text FeatureID="-1">ses klipleri kaydetme</text>
      <target FeatureID="-1" href="VOREC_HLP_MAIN.html">Ses kaydediciyi kullanma</target>
   </keywords>
   <keywords>
      <text FeatureID="-1">ses kaydedici ayarları</text>
      <target FeatureID="-1" href="VOREC_HLP_SETTINGS.html">Ses kaydedici ayarları</target>
   </keywords>
</keywords>