<?xml version="1.0" encoding="UTF-8"?>
<keywords>
   <keywords>
      <text FeatureID="-1">обменни курсове</text>
      <target FeatureID="-1" href="CNV_HLP_RATES.html">Настройки за валута</target>
   </keywords>
   <keywords>
      <text FeatureID="-1">основна валута</text>
      <target FeatureID="-1" href="CNV_HLP_RATES.html">Настройки за валута</target>
   </keywords>
   <keywords>
      <text FeatureID="-1">конвертиране на валута</text>
      <target FeatureID="-1" href="CNV_HLP_RATES.html">Настройки за валута</target>
      <target FeatureID="-1" href="CNV_HLP_MAIN_STATE.html">Конверт. единици</target>
   </keywords>
   <keywords>
      <text FeatureID="-1">конвертор</text>
      <target FeatureID="-1" href="CNV_HLP_MAIN_STATE.html">Конверт. единици</target>
   </keywords>
</keywords>