<?xml version="1.0" encoding="UTF-8"?>
<keywords>
   <keywords>
      <text FeatureID="-1">chỉnh sửa hình ảnh</text>
      <target FeatureID="-1" href="SIE_HLP_MAIN.html">Chỉnh sửa hình ảnh</target>
   </keywords>
   <keywords>
      <text FeatureID="-1">chỉnh sửa văn bản</text>
      <target FeatureID="-1" href="SIE_HLP_EDIT_TEXT.html">Chỉnh sửa văn bản trong hình ảnh</target>
   </keywords>
   <keywords>
      <text FeatureID="-1">trình chỉnh sửa hình ảnh</text>
      <target FeatureID="-1" href="SIE_HLP_EDIT_TEXT.html">Chỉnh sửa văn bản trong hình ảnh</target>
   </keywords>
   <keywords>
      <text FeatureID="-1">chỉnh sửa hình ảnh đã được chỉnh tỷ lệ</text>
      <target FeatureID="-1" href="SIE_HLP_ZOOMING.html">Chỉnh sửa hình ảnh đã được chỉnh tỷ lệ</target>
   </keywords>
   <keywords>
      <text FeatureID="-1">chỉnh tỷ lệ hình ảnh</text>
      <target FeatureID="-1" href="SIE_HLP_ZOOMING.html">Chỉnh sửa hình ảnh đã được chỉnh tỷ lệ</target>
   </keywords>
   <keywords>
      <text FeatureID="-1">chỉnh sửa hình mẫu</text>
      <target FeatureID="-1" href="SIE_HLP_EDIT_CLIPART.html">Chỉnh sửa hình mẫu</target>
   </keywords>
   <keywords>
      <text FeatureID="-1">chỉnh sửa bong bóng hội thoại</text>
      <target FeatureID="-1" href="SIE_HLP_EDIT_CLIPART.html">Chỉnh sửa hình mẫu</target>
   </keywords>
   <keywords>
      <text FeatureID="-1">giảm hiệu ứng mắt đỏ</text>
      <target FeatureID="-1" href="SIE_HLP_REDEYE.html">Giảm hiệu ứng mắt đỏ</target>
   </keywords>
</keywords>