<?xml version="1.0" encoding="UTF-8"?><?xml-stylesheet  href="../../theme/xsl/index2html.xslt" type="text/xsl"?>
<topics FeatureID="-1" title="Phonebook" compressed="true">
   <topicref FeatureID="-1" href="HLP_CCA_DETAILS.html" navtitle="Mga detalye ng contact"/>
   <topicref FeatureID="-1" href="HLP_CCA_LAUNCHER.html" navtitle="Mga contact card"/>
   <topicref FeatureID="-1" href="PHOB_HLP_GROUP_LIST.html" navtitle="Mga grupo ng contact"/>
   <topicref FeatureID="-1" href="PHOB_HLP_SIM_LIST.html" navtitle="Direktoryo ng mga contact sa SIM"/>
   <topicref FeatureID="-1" href="PHOB_HLP_MY_NUMBERS.html" navtitle="Aking mga numero"/>
   <topicref FeatureID="-1" href="PHOB_HLP_GROUP_MEMBER_LIST.html" navtitle="Mga kasapi ng grupo"/>
   <topicref FeatureID="-1" href="PHOB_HLP_SETTINGS.html" navtitle="Mga setting ng contact"/>
   <topicref FeatureID="-1" href="PHOB_HLP_NAME_LIST.html" navtitle="Listahan ng mga contact"/>
   <topicref FeatureID="-1" href="HLP_CCA_MY_CARD.html" navtitle="Card Ko"/>
   <topicref FeatureID="-1" href="RLOOK_HLP_INFO_VIEW.html" navtitle="Pangasiwaan ang nahanap na contact"/>
   <topicref FeatureID="-1" href="HLP_CCA_EDITOR.html" navtitle="Mag-edit ng mga contact card"/>
   <topicref FeatureID="-1" href="PHOB_HLP_CONTACT_INFO_VIEW.html" navtitle="Mga contact card"/>
   <topicref FeatureID="-1" href="PHOB_HLP_EDIT_ENTRY.html" navtitle="Mag-edit ng mga contact card"/>
   <topicref FeatureID="-1" href="FDN_HLP_FDN_NUMBER_VIEW.html" navtitle="Mga contact na naka-fix na pagdayal"/>
   <topicref FeatureID="-1" href="FDN_HLP_FDN_VIEW.html" navtitle="Maglimita ng mga tawag"/>
   <topicref FeatureID="-1" href="SDN_HLP_APP.html" navtitle="Mga numero ng serbisyo"/>
   <topicref FeatureID="-1" href="PHOB_HLP_SIM_INFO_VIEW.html" navtitle="Mga contact card ng SIM"/>
</topics>