<?xml version="1.0" encoding="UTF-8"?>
<keywords>
   <keywords>
      <text FeatureID="-1">naka-fix na pagdayal</text>
      <target FeatureID="-1" href="FDN_HLP_FDN_NUM_EDIT_VIEW.html">Mag-edit ng mga contact</target>
      <target FeatureID="-1" href="FDN_HLP_FDN_NUMBER_VIEW.html">Mga contact na naka-fix na pagdayal</target>
      <target FeatureID="-1" href="FDN_HLP_FDN_VIEW.html">Maglimita ng mga tawag</target>
   </keywords>
   <keywords>
      <text FeatureID="-1">paglilimita ng mga tawag</text>
      <target FeatureID="-1" href="FDN_HLP_FDN_VIEW.html">Maglimita ng mga tawag</target>
   </keywords>
   <keywords>
      <text FeatureID="-1">mga numero ng serbisyo</text>
      <target FeatureID="-1" href="SDN_HLP_APP.html">Mga numero ng serbisyo</target>
   </keywords>
   <keywords>
      <text FeatureID="-1">mga numero ng serbisyo ng SIM</text>
      <target FeatureID="-1" href="SDN_HLP_APP.html">Mga numero ng serbisyo</target>
   </keywords>
   <keywords>
      <text FeatureID="-1">mga numero ng serbisyo sa SIM</text>
      <target FeatureID="-1" href="SDN_HLP_APP.html">Mga numero ng serbisyo</target>
   </keywords>
   <keywords>
      <text FeatureID="-1">mga grupo ng contact</text>
      <target FeatureID="-1" href="PHOB_HLP_GROUP_LIST.html">Mga grupo ng contact</target>
      <target FeatureID="-1" href="PHOB_HLP_GROUP_MEMBER_LIST.html">Mga kasapi ng grupo</target>
   </keywords>
   <keywords>
      <text FeatureID="-1">Mga contact ng SIM</text>
      <target FeatureID="-1" href="PHOB_HLP_SIM_LIST.html">Direktoryo ng mga contact sa SIM</target>
   </keywords>
   <keywords>
      <text FeatureID="-1">Numero ng SIM</text>
      <target FeatureID="-1" href="PHOB_HLP_MY_NUMBERS.html">Aking mga numero</target>
   </keywords>
   <keywords>
      <text FeatureID="-1">ayos ng pangalan sa mga Contact</text>
      <target FeatureID="-1" href="PHOB_HLP_SETTINGS.html">Mga setting ng contact</target>
   </keywords>
   <keywords>
      <text FeatureID="-1">memorya ng mga contact</text>
      <target FeatureID="-1" href="PHOB_HLP_SETTINGS.html">Mga setting ng contact</target>
   </keywords>
   <keywords>
      <text FeatureID="-1">default na memorya</text>
      <target FeatureID="-1" href="PHOB_HLP_SETTINGS.html">Mga setting ng contact</target>
   </keywords>
   <keywords>
      <text FeatureID="-1">direktoryo ng mga contacts</text>
      <target FeatureID="-1" href="PHOB_HLP_NAME_LIST.html">Direktoryo ng mga contact</target>
   </keywords>
   <keywords>
      <text FeatureID="-1">impormasyon ng contact</text>
      <target FeatureID="-1" href="PHOB_HLP_NAME_LIST.html">Direktoryo ng mga contact</target>
   </keywords>
   <keywords>
      <text FeatureID="-1">phonebook</text>
      <target FeatureID="-1" href="PHOB_HLP_NAME_LIST.html">Direktoryo ng mga contact</target>
   </keywords>
</keywords>