<?xml version="1.0" encoding="UTF-8"?><?xml-stylesheet  href="../../theme/xsl/index2html.xslt" type="text/xsl"?>
<topics FeatureID="-1" title="Missatgeria instantània" compressed="true">
   <topicref FeatureID="-1" href="IMNG_HLP_SEARCHCHAT.html" navtitle="Cerqueu usuaris de MI"/>
   <topicref FeatureID="-1" href="IMNG_HLP_SAVED_VIEW.html" navtitle="Visualitzeu converses desades"/>
   <topicref FeatureID="-1" href="IMNG_HLP_SAVED_LIST.html" navtitle="Converses desades"/>
   <topicref FeatureID="-1" href="IMNG_HLP_IMCHAT.html" navtitle="Converses de grup"/>
   <topicref FeatureID="-1" href="IMNG_HLP_GROUP_EDIT.html" navtitle="Drets d'edició de grup"/>
   <topicref FeatureID="-1" href="IMNG_HLP_GROUP_BAN.html" navtitle="Exclogueu usuaris de MI d'un grup"/>
   <topicref FeatureID="-1" href="IMNG_HLP_CONT_OWN_DATA.html" navtitle="Dades pròpies"/>
   <topicref FeatureID="-1" href="IMNG_HLP_COMMUNITY_VIEW_EMPTY.html" navtitle="Comenceu a utilitzar MI"/>
   <topicref FeatureID="-1" href="IMNG_HLP_COMMUNITY_VIEW.html" navtitle="Missatgeria instantània"/>
   <topicref FeatureID="-1" href="IMNG_HLP_BLOCKED_VIEW.html" navtitle="Contactes blocats"/>
   <topicref FeatureID="-1" href="IMNG_HLP_SETTINGS.html" navtitle="Configuració de MI"/>
   <topicref FeatureID="-1" href="IMNG_HLP_SERVLISTSETT_IM.html" navtitle="Servidors de MI"/>
   <topicref FeatureID="-1" href="IMNG_HLP_DEFSERVER.html" navtitle="Configuració del servidor d'MI"/>
   <topicref FeatureID="-1" href="IMNG_HLP_INVITE.html" navtitle="Invitacions de MI"/>
   <topicref FeatureID="-1" href="IMNG_HLP_CREATECHAT.html" navtitle="Configuració del grup de MI"/>
   <topicref FeatureID="-1" href="IMNG_HLP_ACCLIST.html" navtitle="Membres de grup de MI"/>
   <topicref FeatureID="-1" href="IMNG_HLP_CONVERSATIONS.html" navtitle="Converses de MI"/>
   <topicref FeatureID="-1" href="IMNG_HLP_CONTACTDETAILS.html" navtitle="Detalls de contacte de MI"/>
   <topicref FeatureID="-1" href="IMNG_HLP_APPSETT.html" navtitle="Configuració de l'aplicació de MI"/>
</topics>