<?xml version="1.0" encoding="UTF-8"?>
<keywords>
   <keywords>
      <text FeatureID="-1">cerca d'usuaris de MI</text>
      <target FeatureID="-1" href="IMNG_HLP_SEARCHCHAT.html">Cerqueu usuaris de MI</target>
   </keywords>
   <keywords>
      <text FeatureID="-1">missatgeria instantània</text>
      <target FeatureID="-1" href="IMNG_HLP_SEARCHCHAT.html">Cerqueu usuaris de MI</target>
      <target FeatureID="-1" href="IMNG_HLP_SAVED_VIEW.html">Visualitzeu converses desades</target>
      <target FeatureID="-1" href="IMNG_HLP_SAVED_LIST.html">Converses desades</target>
      <target FeatureID="-1" href="IMNG_HLP_GROUP_EDIT.html">Drets d'edició de grup</target>
      <target FeatureID="-1" href="IMNG_HLP_GROUP_BAN.html">Exclogueu usuaris de MI d'un grup</target>
      <target FeatureID="-1" href="IMNG_HLP_CONT_OWN_DATA.html">Dades pròpies</target>
      <target FeatureID="-1" href="IMNG_HLP_COMMUNITY_VIEW_EMPTY.html">Comenceu a utilitzar MI</target>
      <target FeatureID="-1" href="IMNG_HLP_COMMUNITY_VIEW.html">Missatgeria instantània</target>
      <target FeatureID="-1" href="IMNG_HLP_CREATECHAT.html">Configuració del grup de MI</target>
      <target FeatureID="-1" href="IMNG_HLP_ACCLIST.html">Membres de grup de MI</target>
      <target FeatureID="-1" href="IMNG_HLP_CONVERSATIONS.html">Converses de MI</target>
      <target FeatureID="-1" href="IMNG_HLP_APPSETT.html">Configuració de l'aplicació de MI</target>
   </keywords>
   <keywords>
      <text FeatureID="-1">cerca de grups de MI</text>
      <target FeatureID="-1" href="IMNG_HLP_SEARCHCHAT.html">Cerqueu usuaris de MI</target>
   </keywords>
   <keywords>
      <text FeatureID="-1">converses desades</text>
      <target FeatureID="-1" href="IMNG_HLP_SAVED_LIST.html">Converses desades</target>
   </keywords>
   <keywords>
      <text FeatureID="-1">MI (missatgeria instantània)</text>
      <target FeatureID="-1" href="IMNG_HLP_IMCHAT.html">Converses de grup</target>
   </keywords>
   <keywords>
      <text FeatureID="-1">incorporació a grups de MI</text>
      <target FeatureID="-1" href="IMNG_HLP_IMCHAT.html">Converses de grup</target>
   </keywords>
   <keywords>
      <text FeatureID="-1">drets d'edició</text>
      <target FeatureID="-1" href="IMNG_HLP_GROUP_EDIT.html">Drets d'edició de grup</target>
   </keywords>
   <keywords>
      <text FeatureID="-1">llista d'exclusions</text>
      <target FeatureID="-1" href="IMNG_HLP_GROUP_BAN.html">Exclogueu usuaris de MI d'un grup</target>
   </keywords>
   <keywords>
      <text FeatureID="-1">membres de grup de MI</text>
      <target FeatureID="-1" href="IMNG_HLP_GROUP_BAN.html">Exclogueu usuaris de MI d'un grup</target>
      <target FeatureID="-1" href="IMNG_HLP_ACCLIST.html">Membres de grup de MI</target>
   </keywords>
   <keywords>
      <text FeatureID="-1">Contactes de MI</text>
      <target FeatureID="-1" href="IMNG_HLP_CONT_OWN_DATA.html">Dades pròpies</target>
      <target FeatureID="-1" href="IMNG_HLP_BLOCKED_VIEW.html">Contactes blocats</target>
      <target FeatureID="-1" href="IMNG_HLP_CONTACTDETAILS.html">Detalls de contacte de MI</target>
   </keywords>
   <keywords>
      <text FeatureID="-1">MI</text>
      <target FeatureID="-1" href="IMNG_HLP_COMMUNITY_VIEW_EMPTY.html">Comenceu a utilitzar MI</target>
      <target FeatureID="-1" href="IMNG_HLP_COMMUNITY_VIEW.html">Missatgeria instantània</target>
      <target FeatureID="-1" href="IMNG_HLP_CONVERSATIONS.html">Converses de MI</target>
   </keywords>
   <keywords>
      <text FeatureID="-1">contactes de MI blocats</text>
      <target FeatureID="-1" href="IMNG_HLP_BLOCKED_VIEW.html">Contactes blocats</target>
   </keywords>
   <keywords>
      <text FeatureID="-1">Configuració de MI</text>
      <target FeatureID="-1" href="IMNG_HLP_SETTINGS.html">Configuració de MI</target>
      <target FeatureID="-1" href="IMNG_HLP_APPSETT.html">Configuració de l'aplicació de MI</target>
   </keywords>
   <keywords>
      <text FeatureID="-1">Servidors de MI</text>
      <target FeatureID="-1" href="IMNG_HLP_SERVLISTSETT_IM.html">Servidors de MI</target>
   </keywords>
   <keywords>
      <text FeatureID="-1">Configuració del servidor d'MI</text>
      <target FeatureID="-1" href="IMNG_HLP_DEFSERVER.html">Configuració del servidor d'MI</target>
   </keywords>
   <keywords>
      <text FeatureID="-1">configuració del servidor</text>
      <target FeatureID="-1" href="IMNG_HLP_DEFSERVER.html">Configuració del servidor d'MI</target>
   </keywords>
   <keywords>
      <text FeatureID="-1">invitacions</text>
      <target FeatureID="-1" href="IMNG_HLP_INVITE.html">Invitacions de MI</target>
   </keywords>
   <keywords>
      <text FeatureID="-1">Configuració del grup de MI</text>
      <target FeatureID="-1" href="IMNG_HLP_CREATECHAT.html">Configuració del grup de MI</target>
   </keywords>
   <keywords>
      <text FeatureID="-1">converses</text>
      <target FeatureID="-1" href="IMNG_HLP_CONVERSATIONS.html">Converses de MI</target>
   </keywords>
   <keywords>
      <text FeatureID="-1">Missatgeria instantània</text>
      <target FeatureID="-1" href="IMNG_HLP_CONTACTDETAILS.html">Detalls de contacte de MI</target>
   </keywords>
</keywords>