<?xml version="1.0" encoding="UTF-8"?>
<keywords>
   <keywords>
      <text FeatureID="-1">cài đặt e-mail</text>
      <target FeatureID="-1" href="MBXS_HLP_SETT_DOWNL_CTRL.html">Cài đặt tải e-mail</target>
      <target FeatureID="-1" href="MBXS_HLP_SETT_DOWNL_RETR.html">Số lượng e-mail tải về</target>
      <target FeatureID="-1" href="MBXS_HLP_SETT_MBX_IN.html">Cài đặt e-mail đến</target>
      <target FeatureID="-1" href="MBXS_HLP_SETT_MBX_IN_OUT.html">Cài đặt kết nối</target>
      <target FeatureID="-1" href="MBXS_HLP_SETT_MBX_OUT.html">Cài đặt e-mail đi</target>
      <target FeatureID="-1" href="MCE_HLP_SETTINGS_EMAIL.html">Cài đặt e-mail</target>
      <target FeatureID="-1" href="MCE_HLP_SETT_EMAILMAIN.html">Chỉnh sửa các hộp thư</target>
      <target FeatureID="-1" href="MCE_HLP_SETT_MAILBLIST.html">Các hộp thư</target>
      <target FeatureID="-1" href="MCE_HLP_SETT_MAILFOLDER_UPD.html">Thư mục hộp thư</target>
      <target FeatureID="true_1633" href="MCE_HLP_SETT_MAIL_ONLI.html">Nhận tự động</target>
   </keywords>
   <keywords>
      <text FeatureID="-1">cài đặt hộp thư</text>
      <target FeatureID="-1" href="MCE_HLP_SETT_EMAILMAIN.html">Chỉnh sửa các hộp thư</target>
   </keywords>
   <keywords>
      <text FeatureID="-1">hộp thư</text>
      <target FeatureID="-1" href="MCE_HLP_SETT_MAILBLIST.html">Các hộp thư</target>
      <target FeatureID="-1" href="MCE_HLP_MAILBOX_ONLINE.html">E-mail trực tuyến</target>
   </keywords>
   <keywords>
      <text FeatureID="-1">các thư mục hộp thư</text>
      <target FeatureID="-1" href="MCE_HLP_SETT_MAILFOLDER_UPD.html">Thư mục hộp thư</target>
   </keywords>
   <keywords>
      <text FeatureID="-1">cài đặt người sử dụng</text>
      <target FeatureID="-1" href="MCE_HLP_SETT_MAIL_USER.html">Cài đặt người dùng</target>
   </keywords>
   <keywords>
      <text FeatureID="true_44">cài đặt hộp thư đồng bộ</text>
      <target FeatureID="true_44" href="MCE_HLP_SETT_SMAILBOX.html">Cài đặt hộp thư đồng bộ</target>
   </keywords>
   <keywords>
      <text FeatureID="true_44">cài đặt đồng bộ e-mail</text>
      <target FeatureID="true_44" href="MCE_HLP_SETT_SMAILBOX.html">Cài đặt hộp thư đồng bộ</target>
   </keywords>
   <keywords>
      <text FeatureID="-1">e-mail không trực tuyến</text>
      <target FeatureID="-1" href="MCE_HLP_MAILBOX_OFFLINE.html">E-mail không trực tuyến</target>
   </keywords>
   <keywords>
      <text FeatureID="-1">kết nối đến hộp thư</text>
      <target FeatureID="-1" href="MCE_HLP_MAILBOX_ONLINE.html">E-mail trực tuyến</target>
   </keywords>
   <keywords>
      <text FeatureID="-1">e-mail trực tuyến</text>
      <target FeatureID="-1" href="MCE_HLP_MAILBOX_ONLINE.html">E-mail trực tuyến</target>
      <target FeatureID="-1" href="MCE_HLP_MAILBOX_ONLINE.html">E-mail trực tuyến</target>
   </keywords>
</keywords>