<?xml version="1.0" encoding="UTF-8"?>
<keywords>
   <keywords>
      <text FeatureID="-1">postcard</text>
      <target FeatureID="-1" href="MMS_POSTCARD_HLP_ADDRESS_EDIT.html">Editare adrese</target>
      <target FeatureID="-1" href="POSTCARD_HLP_ADDRESS_VIEW.html">Vizualizare adrese</target>
      <target FeatureID="-1" href="POSTCARD_HLP_GREETING_EDIT.html">Scrierea felicitărilor</target>
      <target FeatureID="-1" href="POSTCARD_HLP_GREETING_VIEW.html">Vizualizare felicitări</target>
   </keywords>
   <keywords>
      <text FeatureID="-1">exped. cărţi poşt.</text>
      <target FeatureID="-1" href="MMS_POSTCARD_HLP_ADDRESS_EDIT.html">Editare adrese</target>
      <target FeatureID="-1" href="POSTCARD_HLP_GREETING_EDIT.html">Scrierea felicitărilor</target>
      <target FeatureID="-1" href="MMS_POSTCARD_HLP_MAIN_EDIT.html">Creare c. poştale</target>
   </keywords>
   <keywords>
      <text FeatureID="-1">cărţi poştale</text>
      <target FeatureID="-1" href="MMS_POSTCARD_HLP_MAIN_VIEW.html">Viz. c. poştale</target>
   </keywords>
   <keywords>
      <text FeatureID="-1">carte poştală</text>
      <target FeatureID="-1" href="MMS_POSTCARD_HLP_MAIN_EDIT.html">Creare c. poştale</target>
   </keywords>
</keywords>