<?xml version="1.0" encoding="UTF-8"?>
<keywords>
   <keywords>
      <text FeatureID="-1">Datos GPS</text>
      <target FeatureID="-1" href="HLP_BLID_NAVIGATION.html">Vista de navegación</target>
      <target FeatureID="false_112" href="BLID_HLP_WAYPOINTS.html">Ubicaciones guardadas</target>
      <target FeatureID="-1" href="HLP_BLID_TRIPMETER.html">Vista distancia de viaje</target>
   </keywords>
   <keywords>
      <text FeatureID="-1">navegar a un destino</text>
      <target FeatureID="-1" href="HLP_BLID_NAVIGATION.html">Vista de navegación</target>
   </keywords>
   <keywords>
      <text FeatureID="false_112">almacenamiento de ubicaciones</text>
      <target FeatureID="false_112" href="BLID_HLP_WAYPOINTS.html">Ubicaciones guardadas</target>
   </keywords>
   <keywords>
      <text FeatureID="-1">configuraciones del navegador</text>
      <target FeatureID="-1" href="BLID_HLP_SETTINGS.html">Configuración de datos GPS</target>
   </keywords>
   <keywords>
      <text FeatureID="-1">Configuración de datos GPS</text>
      <target FeatureID="-1" href="BLID_HLP_SETTINGS.html">Configuración de datos GPS</target>
   </keywords>
   <keywords>
      <text FeatureID="-1">información del viaje</text>
      <target FeatureID="-1" href="HLP_BLID_TRIPMETER.html">Vista distancia de viaje</target>
   </keywords>
   <keywords>
      <text FeatureID="-1">información de viaje</text>
      <target FeatureID="-1" href="HLP_BLID_TRIPMETER.html">Vista distancia de viaje</target>
   </keywords>
</keywords>