<?xml version="1.0" encoding="UTF-8"?>
<keywords>
   <keywords>
      <text FeatureID="true_298">üzenetrögzítő</text>
      <target FeatureID="true_298" href="SMSVO_HLP_CS_VIDEO_AND_XSP_VOIP.html">Hívás-, video- és internetes postafiók</target>
   </keywords>
   <keywords>
      <text FeatureID="true_298">internetes híváspostafiók</text>
      <target FeatureID="true_298" href="SMSVO_HLP_CS_VIDEO_AND_XSP_VOIP.html">Hívás-, video- és internetes postafiók</target>
   </keywords>
   <keywords>
      <text FeatureID="true_298">hívás­postafiók</text>
      <target FeatureID="true_298" href="SMSVO_HLP_CS_VIDEO_AND_XSP_VOIP.html">Hívás-, video- és internetes postafiók</target>
   </keywords>
   <keywords>
      <text FeatureID="-1">internetes hívások</text>
      <target FeatureID="-1" href="VOIP_HLP_CSC.html">Hálózat beállításai</target>
      <target FeatureID="true_298" href="VOIP_HLP_SERVCATALOG.html">Szervizkatalógus</target>
      <target FeatureID="-1" href="SERVTAB_HLP_SETTINGS.html">A Szolgáltatás lap beállításai</target>
   </keywords>
</keywords>