<?xml version="1.0" encoding="UTF-8"?>
<keywords>
   <keywords>
      <text FeatureID="true_1091">ตัวแก้ไข USSD</text>
      <target FeatureID="true_1091" href="USSD_HLP_EDITOR.html">คำสั่งบริการ</target>
   </keywords>
   <keywords>
      <text FeatureID="true_1091">คำสั่งบริการ</text>
      <target FeatureID="true_1091" href="USSD_HLP_EDITOR.html">คำสั่งบริการ</target>
   </keywords>
   <keywords>
      <text FeatureID="true_1091">บริการเครือข่าย</text>
      <target FeatureID="true_1091" href="USSD_HLP_EDITOR.html">คำสั่งบริการ</target>
   </keywords>
</keywords>