<?xml version="1.0" encoding="UTF-8"?>
<keywords>
   <keywords>
      <text FeatureID="-1">مجوزها</text>
      <target FeatureID="-1" href="AM_HLP_GENERAL_SETTINGS.html">تنظیمات مجوز</target>
   </keywords>
   <keywords>
      <text FeatureID="-1">تنظیمات, مجوزها</text>
      <target FeatureID="-1" href="AM_HLP_GENERAL_SETTINGS.html">تنظیمات مجوز</target>
   </keywords>
   <keywords>
      <text FeatureID="-1">نصب برنامه ها</text>
      <target FeatureID="-1" href="AM_HLP_NOT_INSTALLED.html">پرونده های نصب</target>
      <target FeatureID="-1" href="AM_HLP_APPLICATION.html">مدیریت برنامه ها</target>
   </keywords>
   <keywords>
      <text FeatureID="-1">برنامه های نصب نشده</text>
      <target FeatureID="-1" href="AM_HLP_NOT_INSTALLED.html">پرونده های نصب</target>
   </keywords>
   <keywords>
      <text FeatureID="-1">برنامه های نصب شده</text>
      <target FeatureID="-1" href="AM_HLP_INSTALLED.html">برنامه های نصب شده</target>
   </keywords>
   <keywords>
      <text FeatureID="-1">نصب نرم افزار</text>
      <target FeatureID="-1" href="AM_HLP_APPLICATION.html">مدیریت برنامه ها</target>
   </keywords>
   <keywords>
      <text FeatureID="-1">درخواست مجوز</text>
      <target FeatureID="-1" href="AM_HLP_INSTALL_CAPAB.html">درخواست مجوز</target>
   </keywords>
   <keywords>
      <text FeatureID="-1">نصب نامطمئن</text>
      <target FeatureID="-1" href="AM_HLP_INSTALL_UNTRUSTED.html">نصب نامطمئن</target>
   </keywords>
</keywords>