<?xml version="1.0" encoding="UTF-8"?>
<keywords>
   <keywords>
      <text FeatureID="-1">Quickoffice, gestor de archivos</text>
      <target FeatureID="-1" href="QFM_HLP_FILE_MENU.html">Gestor de archivos</target>
   </keywords>
   <keywords>
      <text FeatureID="-1">Quickoffice</text>
      <target FeatureID="-1" href="QFM_HLP_LOC_MENU.html">Quickoffice</target>
   </keywords>
   <keywords>
      <text FeatureID="-1">Quickpoint</text>
      <target FeatureID="-1" href="QPOINT_HLP_EDIT_SLIDE_VIEW.html">Edición de diapositivas</target>
      <target FeatureID="-1" href="QPOINT_HLP_REPLACE_VIEW.html">Buscar y reemplazar texto</target>
      <target FeatureID="-1" href="QPOINT_HLP_FIND_VIEW.html">Buscar texto</target>
      <target FeatureID="-1" href="QPOINT_HLP_VIEW_SLIDE_VIEW.html">Visualizar diapositivas</target>
   </keywords>
   <keywords>
      <text FeatureID="-1">Quickpoint, texto</text>
      <target FeatureID="-1" href="QPOINT_HLP_EDIT_TEXT_VIEW.html">Edición de texto</target>
   </keywords>
   <keywords>
      <text FeatureID="-1">Quickpoint, comentarios</text>
      <target FeatureID="-1" href="QPOINT_HLP_COMMENT_VIEW.html">Ver comentarios</target>
   </keywords>
   <keywords>
      <text FeatureID="-1">Quickpoint, notas</text>
      <target FeatureID="-1" href="QPOINT_HLP_VIEW_NOTES_VIEW.html">Visualizar notas</target>
   </keywords>
   <keywords>
      <text FeatureID="-1">Quickpoint, esquemas</text>
      <target FeatureID="-1" href="QPOINT_HLP_VIEW_OUTLINE_VIEW.html">Ver esquemas</target>
   </keywords>
   <keywords>
      <text FeatureID="-1">Quicksheet, celdas</text>
      <target FeatureID="-1" href="QSHEET_HLP_CELLS_EDIT.html">Edición de celdas</target>
      <target FeatureID="-1" href="QSHEET_HLP_VIEW_CELL.html">Ver celdas</target>
   </keywords>
   <keywords>
      <text FeatureID="-1">Quicksheet, columnas</text>
      <target FeatureID="-1" href="QSHEET_HLP_EDIT_COLUMN.html">Edición de columnas</target>
   </keywords>
   <keywords>
      <text FeatureID="-1">Quicksheet, intervalos</text>
      <target FeatureID="-1" href="QSHEET_HLP_EDIT_RANGE.html">Edición de intervalos</target>
   </keywords>
   <keywords>
      <text FeatureID="-1">Quicksheet, filas</text>
      <target FeatureID="-1" href="QSHEET_HLP_EDIT_ROW.html">Edición de filas</target>
   </keywords>
   <keywords>
      <text FeatureID="-1">Quicksheet</text>
      <target FeatureID="-1" href="QSHEET_HLP_REPLACE_VIEW.html">Buscar y reemplazar texto</target>
      <target FeatureID="-1" href="QSHEET_HLP_FIND_VIEW.html">Buscar texto</target>
      <target FeatureID="-1" href="QSHEET_HLP_CELLS_VIEW.html">Ver hojas de cálculo</target>
   </keywords>
   <keywords>
      <text FeatureID="-1">Quickword</text>
      <target FeatureID="-1" href="QWORD_HLP_EDIT_MODE.html">Edición de documentos</target>
      <target FeatureID="-1" href="QWORD_HLP_FIND_MODE.html">Buscar y reemplazar texto</target>
      <target FeatureID="-1" href="QWORD_HLP_VIEW_MODE.html">Ver documentos</target>
      <target FeatureID="-1" href="QWORD_HLP_PAGE_VIEW.html">Ver diseño de página</target>
   </keywords>
</keywords>