<?xml version="1.0" encoding="UTF-8"?>
<keywords>
   <keywords>
      <text FeatureID="-1">Quickoffice, gestor de archivos</text>
      <target FeatureID="-1" href="QFM_HLP_FILE_MENU.html">Gestor de archivos</target>
   </keywords>
   <keywords>
      <text FeatureID="-1">Quickoffice</text>
      <target FeatureID="-1" href="QFM_HLP_LOC_MENU.html">Quickoffice</target>
   </keywords>
   <keywords>
      <text FeatureID="-1">Quickpoint, búsqueda de texto</text>
      <target FeatureID="-1" href="QPOINT_HLP_FIND_VIEW.html">Buscar texto de esquema</target>
   </keywords>
   <keywords>
      <text FeatureID="-1">Quickpoint, notas</text>
      <target FeatureID="-1" href="QPOINT_HLP_VIEW_NOTES_VIEW.html">Visualizar notas</target>
   </keywords>
   <keywords>
      <text FeatureID="-1">Quickpoint, esquemas</text>
      <target FeatureID="-1" href="QPOINT_HLP_VIEW_OUTLINE_VIEW.html">Ver esquemas</target>
   </keywords>
   <keywords>
      <text FeatureID="-1">Quickpoint</text>
      <target FeatureID="-1" href="QPOINT_HLP_VIEW_SLIDE_VIEW.html">Visualizar diapositivas</target>
   </keywords>
   <keywords>
      <text FeatureID="-1">Quicksheet, búsqueda de texto</text>
      <target FeatureID="-1" href="QSHEET_HLP_FIND_VIEW.html">Buscar texto en una hoja de cálculo</target>
   </keywords>
   <keywords>
      <text FeatureID="-1">Quicksheet, celdas</text>
      <target FeatureID="-1" href="QSHEET_HLP_VIEW_CELL.html">Ver celdas</target>
   </keywords>
   <keywords>
      <text FeatureID="-1">Quickword, búsqueda de texto</text>
      <target FeatureID="-1" href="QWORD_HLP_FIND_MODE.html">Buscar texto</target>
   </keywords>
   <keywords>
      <text FeatureID="-1">Quickword</text>
      <target FeatureID="-1" href="QWORD_HLP_VIEW_MODE.html">Ver documentos</target>
   </keywords>
   <keywords>
      <text FeatureID="-1">Quickword, diseño de página</text>
      <target FeatureID="-1" href="QWORD_HLP_PAGE_VIEW.html">Ver diseño de página</target>
   </keywords>
</keywords>