<?xml version="1.0" encoding="UTF-8"?>
<keywords>
   <keywords>
      <text FeatureID="-1">ovlasti, potvrde</text>
      <target FeatureID="-1" href="CM_HLP_AUTHORITY.html">Potvrde ovlasti</target>
   </keywords>
   <keywords>
      <text FeatureID="-1">potvrde</text>
      <target FeatureID="-1" href="CM_HLP_AUTHORITY.html">Potvrde ovlasti</target>
      <target FeatureID="-1" href="CM_HLP_DEVICE.html">Potvrde uređaja</target>
      <target FeatureID="-1" href="CM_HLP_MAIN.html">Rad s potvrdama</target>
      <target FeatureID="-1" href="CM_HLP_PERSONAL.html">Osobne potvrde</target>
      <target FeatureID="-1" href="CM_HLP_TRUSTED_SITE.html">Potvrde pouzdanih mjesta</target>
      <target FeatureID="-1" href="CM_HLP_TRUST_SETTINGS.html">Izmjena postavki provjere</target>
   </keywords>
   <keywords>
      <text FeatureID="-1">sigurnosne potvrde</text>
      <target FeatureID="-1" href="CM_HLP_AUTHORITY.html">Potvrde ovlasti</target>
      <target FeatureID="-1" href="CM_HLP_MAIN.html">Rad s potvrdama</target>
   </keywords>
   <keywords>
      <text FeatureID="-1">potvrde uređaja</text>
      <target FeatureID="-1" href="CM_HLP_DEVICE.html">Potvrde uređaja</target>
   </keywords>
   <keywords>
      <text FeatureID="-1">osobne potvrde</text>
      <target FeatureID="-1" href="CM_HLP_PERSONAL.html">Osobne potvrde</target>
   </keywords>
   <keywords>
      <text FeatureID="-1">potvrde pouzdanih mjesta</text>
      <target FeatureID="-1" href="CM_HLP_TRUSTED_SITE.html">Potvrde pouzdanih mjesta</target>
   </keywords>
   <keywords>
      <text FeatureID="-1">postavke provjere</text>
      <target FeatureID="-1" href="CM_HLP_TRUST_SETTINGS.html">Izmjena postavki provjere</target>
   </keywords>
</keywords>