<?xml version="1.0" encoding="UTF-8"?>
<keywords>
   <keywords>
      <text FeatureID="-1">postal</text>
      <target FeatureID="-1" href="MMS_POSTCARD_HLP_ADDRESS_EDIT.html">Editar enderezos</target>
      <target FeatureID="-1" href="POSTCARD_HLP_ADDRESS_VIEW.html">Ver enderezos</target>
      <target FeatureID="-1" href="POSTCARD_HLP_GREETING_EDIT.html">Escribir texto de postais</target>
      <target FeatureID="-1" href="POSTCARD_HLP_GREETING_VIEW.html">Vista textos de postais</target>
      <target FeatureID="-1" href="MMS_POSTCARD_HLP_MAIN_EDIT.html">Creación de postais</target>
   </keywords>
   <keywords>
      <text FeatureID="-1">envío de postais</text>
      <target FeatureID="-1" href="MMS_POSTCARD_HLP_ADDRESS_EDIT.html">Editar enderezos</target>
      <target FeatureID="-1" href="POSTCARD_HLP_GREETING_EDIT.html">Escribir texto de postais</target>
      <target FeatureID="-1" href="MMS_POSTCARD_HLP_MAIN_EDIT.html">Creación de postais</target>
   </keywords>
   <keywords>
      <text FeatureID="-1">postais</text>
      <target FeatureID="-1" href="MMS_POSTCARD_HLP_MAIN_VIEW.html">Vista de postais</target>
   </keywords>
</keywords>