<?xml version="1.0" encoding="UTF-8"?>
<keywords>
   <keywords>
      <text FeatureID="-1">chủ đề âm thanh</text>
      <target FeatureID="-1" href="AUDIOTHEME_HLP_EVENTGROUPS.html">Thay đổi chủ đề âm thanh</target>
      <target FeatureID="-1" href="SET_HLP_AUDIO_THEME_EVENTSLIST.html">Âm thanh sự kiện của điện thoại</target>
   </keywords>
   <keywords>
      <text FeatureID="-1">cài đặt riêng điện thoại</text>
      <target FeatureID="-1" href="AUDIOTHEME_HLP_EVENTGROUPS.html">Thay đổi chủ đề âm thanh</target>
      <target FeatureID="-1" href="SET_HLP_AUDIO_THEME_EVENTSLIST.html">Âm thanh sự kiện của điện thoại</target>
   </keywords>
   <keywords>
      <text FeatureID="-1">các âm thanh của điện thoại</text>
      <target FeatureID="-1" href="AUDIOTHEME_HLP_EVENTGROUPS.html">Thay đổi chủ đề âm thanh</target>
      <target FeatureID="-1" href="SET_HLP_AUDIO_THEME_EVENTSLIST.html">Âm thanh sự kiện của điện thoại</target>
   </keywords>
</keywords>