<?xml version="1.0" encoding="UTF-8"?>
<keywords>
   <keywords>
      <text FeatureID="true_1604">học nhận diện phím tắt</text>
      <target FeatureID="true_1604" href="HWRT_HLP_MAIN_VIEW.html">Học nhận diện phím tắt</target>
   </keywords>
   <keywords>
      <text FeatureID="true_1604">các phím tắt chữ viết tay</text>
      <target FeatureID="true_1604" href="HWRT_HLP_SHORTCUTS_MAIN_VIEW.html">Các phím tắt chữ viết tay</target>
   </keywords>
</keywords>