<?xml version="1.0" encoding="UTF-8"?>
<keywords>
   <keywords>
      <text FeatureID="-1">axustes da conta de correo electrónico</text>
      <target FeatureID="-1" href="FSE_HLP_IMS_SETTINGS_ACCT_INFO.html">Axustes da conta de correo</target>
   </keywords>
   <keywords>
      <text FeatureID="-1">axustes avanzados da caixa de correo</text>
      <target FeatureID="-1" href="FSE_HLP_IMS_SETTINGS_ADVANCED.html">Axustes avanzados da caixa de correo</target>
   </keywords>
   <keywords>
      <text FeatureID="-1">axustes da caixa do correo</text>
      <target FeatureID="-1" href="FSE_HLP_IMS_SETTINGS_MAILBOX.html">Axustes da caixa de correo</target>
   </keywords>
   <keywords>
      <text FeatureID="-1">contido de sincronización do correo electrónico</text>
      <target FeatureID="-1" href="FSE_HLP_IMS_SETTINGS_WHAT_SYNC.html">Definir contido de sincronización</target>
   </keywords>
   <keywords>
      <text FeatureID="-1">hora de sincronización do correo</text>
      <target FeatureID="-1" href="FSE_HLP_IMS_SETTINGS_WHEN_SYNC.html">Definir hora de sincronización</target>
   </keywords>
   <keywords>
      <text FeatureID="-1">sincronización do cartafol do correo electrónico</text>
      <target FeatureID="-1" href="FSE_HLP_IMS_SETTINGS_FOLDER.html">Sincronizar carpetas de correo</target>
   </keywords>
   <keywords>
      <text FeatureID="-1">axustes do servizo de correo</text>
      <target FeatureID="-1" href="FSE_HLP_SETTINGS_INTELL_LIST.html">Axustes do servizo de correo</target>
   </keywords>
   <keywords>
      <text FeatureID="-1">axustes de correo</text>
      <target FeatureID="-1" href="FSE_HLP_IMS_SETTINGS_MAIN_VIEW.html">Axustes de correo</target>
   </keywords>
   <keywords>
      <text FeatureID="-1">Intellisync</text>
      <target FeatureID="-1" href="FSE_HLP_IMS_LAUNCHER_MAIN_VIEW.html">Correo electrónico Intellisync</target>
   </keywords>
</keywords>