<?xml version="1.0" encoding="UTF-8"?>
<keywords>
   <keywords>
      <text FeatureID="-1">هدایت پیامها</text>
      <target FeatureID="-1" href="MMS_HLP_MMS_FWD_REQUEST.html">هدايت پیامهای چندرسانه ای</target>
   </keywords>
   <keywords>
      <text FeatureID="-1">پیام چند رسانه</text>
      <target FeatureID="-1" href="MMS_HLP_MMS_FWD_REQUEST_SEND.html">درخواست هدایت در موارد ارسال شده</target>
   </keywords>
   <keywords>
      <text FeatureID="-1">اعلامیه های چندرسانه ای</text>
      <target FeatureID="-1" href="MMS_HLP_NOTIFICATION_VIEWER.html">اعلامیه های چندرسانه ای</target>
   </keywords>
   <keywords>
      <text FeatureID="-1">موارد رسانه ای</text>
      <target FeatureID="-1" href="MMS_HLP_OBJECTS_VIEW_VIEWER.html">نمایش رسانه</target>
   </keywords>
   <keywords>
      <text FeatureID="-1">موارد چندرسانه ای</text>
      <target FeatureID="-1" href="MMS_HLP_OBJECTS_VIEW_VIEWER.html">نمایش رسانه</target>
   </keywords>
   <keywords>
      <text FeatureID="-1">پیام هاى چند رسانه ای</text>
      <target FeatureID="-1" href="MMS_HLP_MMS_VIEWER.html">مشاهده پیامهای چندرسانه ای</target>
   </keywords>
   <keywords>
      <text FeatureID="-1">MMS</text>
      <target FeatureID="-1" href="MMS_HLP_MMS_VIEWER.html">مشاهده پیامهای چندرسانه ای</target>
   </keywords>
</keywords>