<?xml version="1.0" encoding="UTF-8"?>
<keywords>
   <keywords>
      <text FeatureID="-1">reloxo, alarmas</text>
      <target FeatureID="-1" href="CLK_HLP_ALARM_EDITOR.html">Editor de alarma do espertador</target>
   </keywords>
   <keywords>
      <text FeatureID="-1">espertador</text>
      <target FeatureID="-1" href="CLK_HLP_ALARM_EDITOR.html">Editor de alarma do espertador</target>
      <target FeatureID="-1" href="CLK_HLP_REAL_TIME_CLOCK_IN.html">Vista principal do reloxo</target>
   </keywords>
   <keywords>
      <text FeatureID="-1">reloxo</text>
      <target FeatureID="-1" href="CLK_HLP_REAL_TIME_CLOCK_IN.html">Vista principal do reloxo</target>
      <target FeatureID="-1" href="CLK_HLP_WRLD_CLK.html">Reloxo mundial</target>
   </keywords>
   <keywords>
      <text FeatureID="-1">axustes de data e hora</text>
      <target FeatureID="-1" href="CLK_HLP_SETTINGS.html">Axustes de data e hora</target>
   </keywords>
   <keywords>
      <text FeatureID="-1">axustes do reloxo</text>
      <target FeatureID="-1" href="CLK_HLP_SETTINGS.html">Axustes de data e hora</target>
   </keywords>
   <keywords>
      <text FeatureID="-1">reloxo, zonas horarias</text>
      <target FeatureID="-1" href="CLK_HLP_REAL_TIME_CLOCK_AN.html">Hora local</target>
   </keywords>
   <keywords>
      <text FeatureID="-1">hora e zona horaria locais</text>
      <target FeatureID="-1" href="CLK_HLP_REAL_TIME_CLOCK_AN.html">Hora local</target>
   </keywords>
   <keywords>
      <text FeatureID="-1">reloxo mundial</text>
      <target FeatureID="-1" href="CLK_HLP_WRLD_CLK.html">Reloxo mundial</target>
   </keywords>
</keywords>