<?xml version="1.0" encoding="UTF-8"?>
<keywords>
   <keywords>
      <text FeatureID="-1">kategorije orijentira</text>
      <target FeatureID="-1" href="LM_HLP_LM_BY_CATEGORY.html">Kategorije orijentira</target>
      <target FeatureID="-1" href="LM_HLP_EDIT_CATEGORIES.html">Izmena kategorija orijentira</target>
   </keywords>
   <keywords>
      <text FeatureID="-1">orijentiri</text>
      <target FeatureID="-1" href="LM_HLP_LM_BY_NAME.html">Prikaz orijentira po imenu</target>
      <target FeatureID="-1" href="LM_HLP_CATEGORY_CONTENTS.html">Orijentiri po kategorijama</target>
      <target FeatureID="-1" href="LM_HLP_LM_VIEWER.html">Detaljno o orijentirima</target>
   </keywords>
   <keywords>
      <text FeatureID="-1">izmena orijentira</text>
      <target FeatureID="-1" href="LM_HLP_LM_EDITOR.html">Izmena orijentira</target>
   </keywords>
</keywords>