<?xml version="1.0" encoding="UTF-8"?><?xml-stylesheet  href="../../theme/xsl/index2html.xslt" type="text/xsl"?>
<topics FeatureID="-1" title="การปรับตั้งค่า" compressed="true">
   <topicref FeatureID="-1" href="SKINS_HLP_LIST.html" navtitle="ลักษณะทั่วไป"/>
   <topicref FeatureID="-1" href="SCREENSAVER_HLP_WP_SETTINGS.html" navtitle="การตั้งค่าการแสดงสไลด์ภาพพื้นหลัง"/>
   <topicref FeatureID="-1" href="SKINS_HLP_WP_SETTINGS.html" navtitle="การตั้งค่าภาพพื้นหลัง"/>
   <topicref FeatureID="-1" href="SKINS_HLP_SCREENS_SETTINGS.html" navtitle="การตั้งค่าภาพพักหน้าจอ"/>
   <topicref FeatureID="true_1503" href="SKINS_HLP_CIMAGE_SETTINGS.html" navtitle="การเลือกรูปสำหรับการโทร"/>
   <topicref FeatureID="-1" href="SKINS_HLP_APPSHELL.html" navtitle="การตั้งค่าหน้าจอเมนู"/>
   <topicref FeatureID="-1" href="SKINS_HLP_APP_MAIN.html" navtitle="การปรับแต่งหน้าจอ"/>
   <topicref FeatureID="-1" href="SKINS_HLP_APPSKINS_LIST.html" navtitle="ลักษณะของแอปพลิเคชั่น"/>
</topics>