<?xml version="1.0" encoding="UTF-8"?>
<keywords>
   <keywords>
      <text FeatureID="-1">ลักษณะ</text>
      <target FeatureID="-1" href="SKINS_HLP_LIST.html">ลักษณะทั่วไป</target>
      <target FeatureID="-1" href="SCREENSAVER_HLP_WP_SETTINGS.html">การตั้งค่าการแสดงสไลด์ภาพพื้นหลัง</target>
      <target FeatureID="-1" href="SKINS_HLP_WP_SETTINGS.html">การตั้งค่าภาพพื้นหลัง</target>
      <target FeatureID="true_1503" href="SKINS_HLP_CIMAGE_SETTINGS.html">การเลือกรูปสำหรับการโทร</target>
      <target FeatureID="-1" href="SKINS_HLP_APPSHELL.html">การตั้งค่าหน้าจอเมนู</target>
      <target FeatureID="-1" href="SKINS_HLP_APP_MAIN.html">การปรับแต่งหน้าจอ</target>
      <target FeatureID="-1" href="SKINS_HLP_APPSKINS_LIST.html">ลักษณะของแอปพลิเคชั่น</target>
   </keywords>
   <keywords>
      <text FeatureID="-1">การแสดงสไลด์ภาพพื้นหลัง</text>
      <target FeatureID="-1" href="SCREENSAVER_HLP_WP_SETTINGS.html">การตั้งค่าการแสดงสไลด์ภาพพื้นหลัง</target>
   </keywords>
   <keywords>
      <text FeatureID="-1">การตั้งค่าการแสดงสไลด์</text>
      <target FeatureID="-1" href="SCREENSAVER_HLP_WP_SETTINGS.html">การตั้งค่าการแสดงสไลด์ภาพพื้นหลัง</target>
   </keywords>
   <keywords>
      <text FeatureID="-1">การตั้งค่าภาพพื้นหลัง</text>
      <target FeatureID="-1" href="SKINS_HLP_WP_SETTINGS.html">การตั้งค่าภาพพื้นหลัง</target>
   </keywords>
   <keywords>
      <text FeatureID="-1">ภาพพื้นหลัง</text>
      <target FeatureID="-1" href="SKINS_HLP_WP_SETTINGS.html">การตั้งค่าภาพพื้นหลัง</target>
      <target FeatureID="-1" href="SKINS_HLP_APP_MAIN.html">การปรับแต่งหน้าจอ</target>
   </keywords>
   <keywords>
      <text FeatureID="-1">ภาพพักหน้าจอ</text>
      <target FeatureID="-1" href="SKINS_HLP_SCREENS_SETTINGS.html">การตั้งค่าภาพพักหน้าจอ</target>
   </keywords>
   <keywords>
      <text FeatureID="true_1503">การตั้งค่ารูปสำหรับการโทร</text>
      <target FeatureID="true_1503" href="SKINS_HLP_CIMAGE_SETTINGS.html">การเลือกรูปสำหรับการโทร</target>
   </keywords>
   <keywords>
      <text FeatureID="-1">เมนู</text>
      <target FeatureID="-1" href="SKINS_HLP_APPSHELL.html">การตั้งค่าหน้าจอเมนู</target>
   </keywords>
</keywords>