<?xml version="1.0" encoding="UTF-8"?>
<keywords>
   <keywords>
      <text FeatureID="-1">synchr.</text>
      <target FeatureID="-1" href="DS_HLP_MAIN_VIEW.html">Synchronizacja danych</target>
   </keywords>
   <keywords>
      <text FeatureID="-1">profile synchronizacji</text>
      <target FeatureID="-1" href="DS_HLP_MAIN_VIEW.html">Synchronizacja danych</target>
   </keywords>
   <keywords>
      <text FeatureID="-1">ust. profilów synchr.</text>
      <target FeatureID="-1" href="DS_HLP_SETTINGS.html">Edytowanie profilów synchronizacji</target>
   </keywords>
   <keywords>
      <text FeatureID="-1">ustawienia synchronizacji</text>
      <target FeatureID="-1" href="DS_HLP_SETTINGS_CAL.html">Ustawienia synchronizacji kalendarza</target>
      <target FeatureID="-1" href="DS_HLP_SETTINGS_CNT.html">Ustawienia synchronizacji kontaktów</target>
      <target FeatureID="-1" href="DS_HLP_SETTINGS_NOTES.html">Ustawienia synchronizacji notatek</target>
      <target FeatureID="-1" href="DS_HLP_SETTINGS_SMS.html">Ustawienia synchronizacji wiadomości SMS</target>
      <target FeatureID="true_44" href="DS_HLP_SETTINGS_SYNCML.html">Ustawienia synchronizacji poczty e-mail</target>
   </keywords>
</keywords>