<?xml version="1.0" encoding="UTF-8"?>
<keywords>
   <keywords>
      <text FeatureID="-1">perkongsian video</text>
      <target FeatureID="true_208" href="MSH_HLP_LIVE.html">Kongsi video secara langsung</target>
      <target FeatureID="-1" href="MSH_HLP_CLIP.html">Kongsi klip video</target>
      <target FeatureID="-1" href="MSH_HLP_SETTINGS.html">Tetapan perkongsian video</target>
      <target FeatureID="-1" href="MSH_HLP_RECEIVE.html">Lihat video yang dikongsi</target>
   </keywords>
</keywords>