<?xml version="1.0" encoding="UTF-8"?>
<keywords>
   <keywords>
      <text FeatureID="-1">pantalla de inicio</text>
      <target FeatureID="-1" href="SET_HLP_HOME_SCREEN.html">Pantalla inicial</target>
      <target FeatureID="-1" href="SET_HLP_HOME_SCREEN_EDIT.html">Editar la pantalla inicial</target>
   </keywords>
   <keywords>
      <text FeatureID="-1">contenido</text>
      <target FeatureID="-1" href="WM_HLP_WIDGET_COLLECTION.html">Catálogo de contenidos</target>
   </keywords>
</keywords>