<?xml version="1.0" encoding="UTF-8"?>
<keywords>
   <keywords>
      <text FeatureID="true_410">calls, making</text>
      <target FeatureID="true_410" href="DIALER_HLP_MAIN.html">Make phone calls</target>
   </keywords>
   <keywords>
      <text FeatureID="-1">phone calls</text>
      <target FeatureID="-1" href="INCAL_HLP_CALL_HANDLING.html">Phone calls</target>
   </keywords>
   <keywords>
      <text FeatureID="-1">conference calls</text>
      <target FeatureID="-1" href="INCAL_HLP_CALL_HANDLING.html">Phone calls</target>
   </keywords>
   <keywords>
      <text FeatureID="-1">swap calls</text>
      <target FeatureID="-1" href="INCAL_HLP_CALL_HANDLING.html">Phone calls</target>
   </keywords>
   <keywords>
      <text FeatureID="-1">telephone</text>
      <target FeatureID="-1" href="INCAL_HLP_CALL_HANDLING.html">Phone calls</target>
   </keywords>
   <keywords>
      <text FeatureID="true_410">DTMF tones</text>
      <target FeatureID="true_410" href="DIALER_HLP_SEND_DTMF.html">Send touch tones</target>
   </keywords>
   <keywords>
      <text FeatureID="true_89">video calls</text>
      <target FeatureID="true_89" href="INCAL_HLP_VIDEO_CALL.html">Video calls</target>
   </keywords>
</keywords>