<?xml version="1.0" encoding="UTF-8"?>
<keywords>
   <keywords>
      <text FeatureID="-1">الكاميرا</text>
      <target FeatureID="-1" href="LCAM_HLP_VIEWFINDER_PHOTO.html">التقاط الصور</target>
      <target FeatureID="-1" href="LCAM_HLP_LIGHT_SENSITIVITY.html">تغيير حساسية الضوء</target>
      <target FeatureID="-1" href="LCAM_HLP_SETTINGS_PHOUSER.html">تحديد المناظر</target>
      <target FeatureID="-1" href="LCAM_HLP_SCENES_PHOTO.html">مناظر الصور</target>
      <target FeatureID="-1" href="LCAM_HLP_VIEWFINDER_VIDEO.html">تسجيل مقاطع الفيديو</target>
      <target FeatureID="-1" href="LCAM_HLP_SCENES_VIDEO.html">مناظر الفيديو</target>
      <target FeatureID="-1" href="LCAM_HLP_VIEWFINDER_VIDEO_EM.html">استخدام مقاطع الفيديو في التطبيقات</target>
      <target FeatureID="-1" href="LCAM_HLP_STANDBY_EM.html">الكاميرا غير نشطة</target>
      <target FeatureID="-1" href="LCAM_HLP_POST_VIDEO.html">تشغيل مقاطع الفيديو</target>
      <target FeatureID="-1" href="LCAM_HLP_POST_PHOTO.html">عرض صور ملتقطة</target>
   </keywords>
   <keywords>
      <text FeatureID="-1">التقاط الصور</text>
      <target FeatureID="-1" href="LCAM_HLP_VIEWFINDER_PHOTO.html">التقاط الصور</target>
   </keywords>
   <keywords>
      <text FeatureID="-1">حساسية الضوء</text>
      <target FeatureID="-1" href="LCAM_HLP_LIGHT_SENSITIVITY.html">تغيير حساسية الضوء</target>
   </keywords>
   <keywords>
      <text FeatureID="-1">المشاهد</text>
      <target FeatureID="-1" href="LCAM_HLP_SETTINGS_PHOUSER.html">تحديد المناظر</target>
   </keywords>
   <keywords>
      <text FeatureID="-1">المناظر</text>
      <target FeatureID="-1" href="LCAM_HLP_SCENES_PHOTO.html">مناظر الصور</target>
   </keywords>
   <keywords>
      <text FeatureID="-1">ضبط الكاميرا</text>
      <target FeatureID="-1" href="LCAM_HLP_SETTINGS.html">ضبط الكاميرا</target>
   </keywords>
   <keywords>
      <text FeatureID="-1">الكاميرا, الضبط</text>
      <target FeatureID="-1" href="LCAM_HLP_SETTINGS_PHOTO.html">ضبط الصورة</target>
      <target FeatureID="-1" href="LCAM_HLP_SETTINGS_VIDEO.html">ضبط الفيديو</target>
   </keywords>
   <keywords>
      <text FeatureID="-1">تسجيل الفيديو</text>
      <target FeatureID="-1" href="LCAM_HLP_VIEWFINDER_VIDEO.html">تسجيل مقاطع الفيديو</target>
   </keywords>
   <keywords>
      <text FeatureID="-1">مناظر الفيديو</text>
      <target FeatureID="-1" href="LCAM_HLP_SCENES_VIDEO.html">مناظر الفيديو</target>
   </keywords>
   <keywords>
      <text FeatureID="-1">الفيديو, الضبط</text>
      <target FeatureID="-1" href="LCAM_HLP_SETTINGS_VIDEO.html">ضبط الفيديو</target>
   </keywords>
   <keywords>
      <text FeatureID="-1">استخدام مقاطع الفيديو في التطبيقات</text>
      <target FeatureID="-1" href="LCAM_HLP_VIEWFINDER_VIDEO_EM.html">استخدام مقاطع الفيديو في التطبيقات</target>
   </keywords>
   <keywords>
      <text FeatureID="-1">تشغيل مقاطع فيديو</text>
      <target FeatureID="-1" href="LCAM_HLP_POST_VIDEO.html">تشغيل مقاطع الفيديو</target>
   </keywords>
   <keywords>
      <text FeatureID="-1">استخدام الكاميرا في التطبيقات</text>
      <target FeatureID="-1" href="LCAM_HLP_VIEWFINDER_PHOTO_EM.html">استخدام الصور في التطبيقات</target>
   </keywords>
   <keywords>
      <text FeatureID="-1">عرض صور</text>
      <target FeatureID="-1" href="LCAM_HLP_POST_PHOTO.html">عرض صور ملتقطة</target>
   </keywords>
</keywords>