<?xml version="1.0" encoding="UTF-8"?>
<keywords>
   <keywords>
      <text FeatureID="-1">RPV (réseau privé virtuel)</text>
      <target FeatureID="-1" href="SET_HLP_VPN_LOG_VIEW.html">Journal RPV</target>
      <target FeatureID="-1" href="SET_HLP_VPN_CONFIG_MAIN.html">Gestion du RPV</target>
      <target FeatureID="-1" href="SET_HLP_VPN_POLICY_VIEW.html">Règles RPV</target>
      <target FeatureID="-1" href="SET_HLP_VPN_POLICY_SERVERS.html">Serveurs de règles RPV</target>
      <target FeatureID="-1" href="SET_HLP_VPN_POLICY_SERVER_SET.html">Paramètres serveur RPV</target>
   </keywords>
</keywords>