<?xml version="1.0" encoding="UTF-8"?>
<keywords>
   <keywords>
      <text FeatureID="true_24">módulo segurança</text>
      <target FeatureID="-1" href="SECMOD_HLP_ACCESSCODE_VIEW.html">Cód. PIN módulo segurança</target>
      <target FeatureID="-1" href="SECMOD_HLP_MAIN_VIEW.html">Módulo segurança</target>
      <target FeatureID="-1" href="SEMOD_HLP_SIGNINGCODE_VIEW.html">Editar código de assinatura</target>
   </keywords>
   <keywords>
      <text FeatureID="true_24">código PIN</text>
      <target FeatureID="-1" href="SECMOD_HLP_ACCESSCODE_VIEW.html">Cód. PIN módulo segurança</target>
   </keywords>
   <keywords>
      <text FeatureID="true_24">cód. do módulo segur.</text>
      <target FeatureID="-1" href="SECMOD_HLP_CODE_VIEW.html">Cód. do módulo segur.</target>
   </keywords>
   <keywords>
      <text FeatureID="true_24">cód. PIN para módulo segur.</text>
      <target FeatureID="-1" href="SECMOD_HLP_CODE_VIEW.html">Cód. do módulo segur.</target>
   </keywords>
   <keywords>
      <text FeatureID="true_24">armaz. princ.</text>
      <target FeatureID="-1" href="SECMOD_HLP_MAIN_VIEW.html">Módulo segurança</target>
   </keywords>
   <keywords>
      <text FeatureID="true_24">código de assinatura</text>
      <target FeatureID="-1" href="SEMOD_HLP_SIGNINGCODE_VIEW.html">Editar código de assinatura</target>
   </keywords>
   <keywords>
      <text FeatureID="true_24">assinaturas digitais</text>
      <target FeatureID="-1" href="SEMOD_HLP_SIGNINGCODE_VIEW.html">Editar código de assinatura</target>
   </keywords>
</keywords>