<?xml version="1.0" encoding="UTF-8"?>
<keywords>
   <keywords>
      <text FeatureID="-1">ceas, alarme</text>
      <target FeatureID="-1" href="CLK_HLP_ALARM_EDITOR.html">Editor ceas alarmă</target>
   </keywords>
   <keywords>
      <text FeatureID="-1">ceas cu alarmă</text>
      <target FeatureID="-1" href="CLK_HLP_ALARM_EDITOR.html">Editor ceas alarmă</target>
      <target FeatureID="-1" href="CLK_HLP_REAL_TIME_CLOCK_IN.html">Ecranul principal Ceas</target>
   </keywords>
   <keywords>
      <text FeatureID="-1">ceas</text>
      <target FeatureID="-1" href="CLK_HLP_REAL_TIME_CLOCK_IN.html">Ecranul principal Ceas</target>
      <target FeatureID="-1" href="CLK_HLP_WRLD_CLK.html">Ora în lume</target>
   </keywords>
   <keywords>
      <text FeatureID="-1">setări dată şi oră</text>
      <target FeatureID="-1" href="CLK_HLP_SETTINGS.html">Setări dată şi oră</target>
   </keywords>
   <keywords>
      <text FeatureID="-1">setările ceasului</text>
      <target FeatureID="-1" href="CLK_HLP_SETTINGS.html">Setări dată şi oră</target>
   </keywords>
   <keywords>
      <text FeatureID="-1">ceas, fusuri orare</text>
      <target FeatureID="-1" href="CLK_HLP_REAL_TIME_CLOCK_AN.html">Ora locală</target>
   </keywords>
   <keywords>
      <text FeatureID="-1">ora locală şi fusul orar</text>
      <target FeatureID="-1" href="CLK_HLP_REAL_TIME_CLOCK_AN.html">Ora locală</target>
   </keywords>
   <keywords>
      <text FeatureID="-1">ora în lume</text>
      <target FeatureID="-1" href="CLK_HLP_WRLD_CLK.html">Ora în lume</target>
   </keywords>
</keywords>