<?xml version="1.0" encoding="UTF-8"?>
<keywords>
   <keywords>
      <text FeatureID="-1">filstyring</text>
      <target FeatureID="-1" href="FMGR_HLP_MEM_STORE_VIEW.html">Administrere filer</target>
      <target FeatureID="-1" href="FMGR_HLP_MAIN_VIEW.html">Filstyring</target>
      <target FeatureID="-1" href="FMGR_HLP_BACKUP_VIEW.html">Sikkerhedskopier</target>
   </keywords>
   <keywords>
      <text FeatureID="-1">hukommel­seskort</text>
      <target FeatureID="-1" href="FMGR_HLP_MEM_STORE_VIEW.html">Administrere filer</target>
      <target FeatureID="-1" href="FMGR_HLP_MAIN_VIEW.html">Filstyring</target>
      <target FeatureID="-1" href="FMGR_HLP_BACKUP_VIEW.html">Sikkerhedskopier</target>
   </keywords>
   <keywords>
      <text FeatureID="-1">Filstyring</text>
      <target FeatureID="-1" href="FMGR_HLP_SEARCH_RESULTS.html">Filsøgning</target>
   </keywords>
   <keywords>
      <text FeatureID="-1">søge efter filer</text>
      <target FeatureID="-1" href="FMGR_HLP_SEARCH_RESULTS.html">Filsøgning</target>
   </keywords>
   <keywords>
      <text FeatureID="-1">søge efter mapper</text>
      <target FeatureID="-1" href="FMGR_HLP_SEARCH_RESULTS.html">Filsøgning</target>
   </keywords>
   <keywords>
      <text FeatureID="-1">sikkerhedskopi</text>
      <target FeatureID="-1" href="FMGR_HLP_BACKUP_VIEW.html">Sikkerhedskopier</target>
   </keywords>
</keywords>