<?xml version="1.0" encoding="UTF-8"?>
<keywords>
   <keywords>
      <text FeatureID="-1">πιστοποιητικά</text>
      <target FeatureID="-1" href="AM_HLP_GENERAL_SETTINGS.html">Ρυθμίσεις πιστοποιητικού</target>
   </keywords>
   <keywords>
      <text FeatureID="-1">ρυθμίσεις, πιστοποιητικά</text>
      <target FeatureID="-1" href="AM_HLP_GENERAL_SETTINGS.html">Ρυθμίσεις πιστοποιητικού</target>
   </keywords>
   <keywords>
      <text FeatureID="-1">εγκατάσταση εφαρμογών</text>
      <target FeatureID="-1" href="AM_HLP_NOT_INSTALLED.html">Αρχεία εγκατάστασης</target>
      <target FeatureID="-1" href="AM_HLP_APPLICATION.html">Διαχείριση εφαρμογών</target>
   </keywords>
   <keywords>
      <text FeatureID="-1">εφαρμογές</text>
      <target FeatureID="-1" href="AM_HLP_NOT_INSTALLED.html">Αρχεία εγκατάστασης</target>
      <target FeatureID="-1" href="AM_HLP_INSTALLED.html">Εγκατεστημένες εφαρμογές</target>
   </keywords>
   <keywords>
      <text FeatureID="-1">εγκατάσταση λογισμικού</text>
      <target FeatureID="-1" href="AM_HLP_APPLICATION.html">Διαχείριση εφαρμογών</target>
   </keywords>
   <keywords>
      <text FeatureID="-1">αιτήματα άδειας</text>
      <target FeatureID="-1" href="AM_HLP_INSTALL_CAPAB.html">Αιτήματα άδειας</target>
   </keywords>
   <keywords>
      <text FeatureID="-1">μη αξιόπιστη εγκατάσταση</text>
      <target FeatureID="-1" href="AM_HLP_INSTALL_UNTRUSTED.html">Μη αξιόπιστη εγκατάσταση</target>
   </keywords>
</keywords>