<?xml version="1.0" encoding="UTF-8"?>
<keywords>
   <keywords>
      <text FeatureID="-1">transfer date</text>
      <target FeatureID="-1" href="SWITCH_HLP_EDIT_SHORTCUT.html">Setări de comenzi rapide</target>
      <target FeatureID="-1" href="SWITCH_HLP_MAIN.html">Date transfer</target>
      <target FeatureID="-1" href="SWITCH_HLP_LOG.html">Jurnal transfer</target>
   </keywords>
   <keywords>
      <text FeatureID="-1">transferul datelor</text>
      <target FeatureID="-1" href="SWITCH_HLP_EDIT_SHORTCUT.html">Setări de comenzi rapide</target>
      <target FeatureID="-1" href="SWITCH_HLP_MAIN.html">Date transfer</target>
   </keywords>
   <keywords>
      <text FeatureID="-1">comenzi rapide</text>
      <target FeatureID="-1" href="SWITCH_HLP_EDIT_SHORTCUT.html">Setări de comenzi rapide</target>
   </keywords>
   <keywords>
      <text FeatureID="-1">transfer date, conflicte</text>
      <target FeatureID="-1" href="SWITCH_HLP_CONFLICT.html">Conflicte de transfer</target>
   </keywords>
   <keywords>
      <text FeatureID="-1">copierea conţinutului</text>
      <target FeatureID="-1" href="SWITCH_HLP_MAIN.html">Date transfer</target>
   </keywords>
   <keywords>
      <text FeatureID="-1">jurnal de transfer</text>
      <target FeatureID="-1" href="SWITCH_HLP_LOG.html">Jurnal transfer</target>
   </keywords>
</keywords>