<?xml version="1.0" encoding="UTF-8"?>
<keywords>
   <keywords>
      <text FeatureID="true_13 true_1566">conexión de cable USB</text>
      <target FeatureID="true_13" href="USB_HLP_MAIN.html">Configuraciones de USB</target>
      <target FeatureID="true_1566" href="USB_HLP_PRINT_SETTINGS.html">Config. impresión</target>
   </keywords>
   <keywords>
      <text FeatureID="true_13">conexión de cable</text>
      <target FeatureID="true_13" href="USB_HLP_MAIN.html">Configuraciones de USB</target>
   </keywords>
   <keywords>
      <text FeatureID="true_1566">imprimir</text>
      <target FeatureID="true_1566" href="USB_HLP_PRINT_SETTINGS.html">Config. impresión</target>
   </keywords>
   <keywords>
      <text FeatureID="true_1566">configuraciones, impresora</text>
      <target FeatureID="true_1566" href="USB_HLP_PRINT_SETTINGS.html">Config. impresión</target>
   </keywords>
</keywords>