<?xml version="1.0" encoding="UTF-8"?>
<keywords>
   <keywords>
      <text FeatureID="-1">mag-edit ng mga frequency preset</text>
      <target FeatureID="-1" href="EQ_HLP_EDITING_VIEW.html">Mag-edit ng mga preset na frequency</target>
   </keywords>
   <keywords>
      <text FeatureID="-1">equaliser</text>
      <target FeatureID="-1" href="EQ_HLP_LIST_VIEW.html">Mga preset ng frequency</target>
   </keywords>
   <keywords>
      <text FeatureID="-1">frequency bands</text>
      <target FeatureID="-1" href="EQ_HLP_LIST_VIEW.html">Mga preset ng frequency</target>
   </keywords>
   <keywords>
      <text FeatureID="-1">pumili ng mga preset ng frequency</text>
      <target FeatureID="-1" href="EQ_HLP_LIST_VIEW.html">Mga preset ng frequency</target>
   </keywords>
</keywords>