<?xml version="1.0" encoding="UTF-8"?>
<keywords>
   <keywords>
      <text FeatureID="true_11008 false_11008">pendaftaran peranti</text>
      <target FeatureID="true_11008" href="DRM_HLP_REGISTRATION_METERING.html">Pendaftaran peranti</target>
      <target FeatureID="false_11008" href="DRM_HLP_REGISTRATION.html">Pendaftaran peranti</target>
   </keywords>
   <keywords>
      <text FeatureID="true_11008">perolehan hak senyap</text>
      <target FeatureID="true_11008" href="DRM_HLP_REGISTRATION_METERING.html">Pendaftaran peranti</target>
   </keywords>
   <keywords>
      <text FeatureID="true_11008">permeteran</text>
      <target FeatureID="true_11008" href="DRM_HLP_REGISTRATION_METERING.html">Pendaftaran peranti</target>
   </keywords>
</keywords>