<?xml version="1.0" encoding="UTF-8"?>
<keywords>
   <keywords>
      <text FeatureID="-1">VPT (virtualusis privatusis tinklas)</text>
      <target FeatureID="-1" href="SET_HLP_VPN_LOG_VIEW.html">Virtualiojo privačiojo tinklo žurnalas</target>
      <target FeatureID="-1" href="SET_HLP_VPN_CONFIG_MAIN.html">VPT tvarkymas</target>
      <target FeatureID="-1" href="SET_HLP_VPN_POLICY_VIEW.html">Virtualiojo privačiojo tinklo taisyklės</target>
      <target FeatureID="-1" href="SET_HLP_VPN_POLICY_SERVERS.html">VPT taisyklių serveriai</target>
      <target FeatureID="-1" href="SET_HLP_VPN_POLICY_SERVER_SET.html">VPT serverio parametrai</target>
   </keywords>
</keywords>