<?xml version="1.0" encoding="UTF-8"?>
<keywords>
   <keywords>
      <text FeatureID="-1">posta-kontuaren ezarpenak</text>
      <target FeatureID="-1" href="FSE_HLP_IMS_SETTINGS_ACCT_INFO.html">E-mailaren kontuaren ezarpenak</target>
   </keywords>
   <keywords>
      <text FeatureID="-1">postontziaren ezarpen aurreratuak</text>
      <target FeatureID="-1" href="FSE_HLP_IMS_SETTINGS_ADVANCED.html">Postontziaren ezarpen aurreratuak</target>
   </keywords>
   <keywords>
      <text FeatureID="-1">postontzien ezarpenak</text>
      <target FeatureID="-1" href="FSE_HLP_IMS_SETTINGS_MAILBOX.html">Postontzien ezarpenak</target>
   </keywords>
   <keywords>
      <text FeatureID="-1">posta elektronikoko edukia sinkronizatu</text>
      <target FeatureID="-1" href="FSE_HLP_IMS_SETTINGS_WHAT_SYNC.html">Zehaztu sinkronizatzeko edukia</target>
   </keywords>
   <keywords>
      <text FeatureID="-1">e-mail sinkronizazio ordua</text>
      <target FeatureID="-1" href="FSE_HLP_IMS_SETTINGS_WHEN_SYNC.html">Zehaztu sinkronizatzeko ordua</target>
   </keywords>
   <keywords>
      <text FeatureID="-1">posta elektronikoaren karpetaren sinkronizazioa</text>
      <target FeatureID="-1" href="FSE_HLP_IMS_SETTINGS_FOLDER.html">Sinkronizatu e-mail karpetak</target>
   </keywords>
   <keywords>
      <text FeatureID="-1">posta elektronikoaren zerbitzuaren ezarpenak</text>
      <target FeatureID="-1" href="FSE_HLP_SETTINGS_INTELL_LIST.html">E-mail zerbitzuaren ezarpenak</target>
   </keywords>
   <keywords>
      <text FeatureID="-1">e-postaren ezarpenak</text>
      <target FeatureID="-1" href="FSE_HLP_IMS_SETTINGS_MAIN_VIEW.html">E-mailaren ezarpenak</target>
   </keywords>
   <keywords>
      <text FeatureID="-1">Intellisync</text>
      <target FeatureID="-1" href="FSE_HLP_IMS_LAUNCHER_MAIN_VIEW.html">Intellisync e-maila</target>
   </keywords>
</keywords>