<?xml version="1.0" encoding="UTF-8"?>
<keywords>
   <keywords>
      <text FeatureID="-1">edytowanie ust. częst.</text>
      <target FeatureID="-1" href="EQ_HLP_EDITING_VIEW.html">Edytowanie ustawień częstotliwości</target>
   </keywords>
   <keywords>
      <text FeatureID="-1">korektor graficzny</text>
      <target FeatureID="-1" href="EQ_HLP_LIST_VIEW.html">Ustawienia częstotliwości</target>
   </keywords>
   <keywords>
      <text FeatureID="-1">pasma częstotliwości</text>
      <target FeatureID="-1" href="EQ_HLP_LIST_VIEW.html">Ustawienia częstotliwości</target>
   </keywords>
   <keywords>
      <text FeatureID="-1">wybór ustawień częstotliwości</text>
      <target FeatureID="-1" href="EQ_HLP_LIST_VIEW.html">Ustawienia częstotliwości</target>
   </keywords>
</keywords>