<?xml version="1.0" encoding="UTF-8"?>
<keywords>
   <keywords>
      <text FeatureID="-1">nahrávání, zvuky</text>
      <target FeatureID="-1" href="VOREC_HLP_EMPTY_RECORDER.html">Nahrávání zvukových klipů</target>
   </keywords>
   <keywords>
      <text FeatureID="-1">záznamník</text>
      <target FeatureID="-1" href="VOREC_HLP_MAIN.html">Používání záznamníku</target>
   </keywords>
   <keywords>
      <text FeatureID="-1">nahrávání zvukových klipů</text>
      <target FeatureID="-1" href="VOREC_HLP_MAIN.html">Používání záznamníku</target>
   </keywords>
   <keywords>
      <text FeatureID="-1">nastavení záznamníku</text>
      <target FeatureID="-1" href="VOREC_HLP_SETTINGS.html">Nastavení záznamníku</target>
   </keywords>
</keywords>