<?xml version="1.0" encoding="UTF-8"?>
<keywords>
   <keywords>
      <text FeatureID="-1">העברת הודעות</text>
      <target FeatureID="-1" href="MMS_HLP_MMS_FWD_REQUEST.html">העברת הודעות מולטימדיה</target>
   </keywords>
   <keywords>
      <text FeatureID="-1">הודעות מולטימדיה</text>
      <target FeatureID="-1" href="MMS_HLP_MMS_FWD_REQUEST_SEND.html">בקשת העברה בפריטים שנשלחו</target>
      <target FeatureID="-1" href="MMS_HLP_NOTIFICATION_VIEWER.html">הודעות מולטימדיה</target>
      <target FeatureID="-1" href="MMS_HLP_MMS_VIEWER.html">הצגת הודעות מולטימדיה</target>
   </keywords>
   <keywords>
      <text FeatureID="-1">אובייקטי מדיה</text>
      <target FeatureID="-1" href="MMS_HLP_OBJECTS_VIEW_VIEWER.html">הצגת אובייקטי מדיה</target>
   </keywords>
   <keywords>
      <text FeatureID="-1">אובייקטי מולטימדיה</text>
      <target FeatureID="-1" href="MMS_HLP_OBJECTS_VIEW_VIEWER.html">הצגת אובייקטי מדיה</target>
   </keywords>
   <keywords>
      <text FeatureID="-1">MMS</text>
      <target FeatureID="-1" href="MMS_HLP_MMS_VIEWER.html">הצגת הודעות מולטימדיה</target>
   </keywords>
</keywords>