<?xml version="1.0" encoding="UTF-8"?>
<keywords>
   <keywords>
      <text FeatureID="-1">声控命令</text>
      <target FeatureID="true_72" href="HLP_VC_SIND_FOLDER.html">“应用程序”视图</target>
      <target FeatureID="true_72" href="HLP_VC_SIND_MAIN.html">使用声控命令</target>
      <target FeatureID="-1" href="VCINFO_HLP_MAINVIEW.html">对于名片夹</target>
   </keywords>
   <keywords>
      <text FeatureID="-1">声控命令设置</text>
      <target FeatureID="-1" href="HLP_VC_SET.html">声控命令设置</target>
   </keywords>
</keywords>