<?xml version="1.0" encoding="UTF-8"?>
<keywords>
   <keywords>
      <text FeatureID="true_24">وحدة الحماية</text>
      <target FeatureID="-1" href="SECMOD_HLP_ACCESSCODE_VIEW.html">رمز PIN لوحدة الحماية</target>
      <target FeatureID="-1" href="SECMOD_HLP_MAIN_VIEW.html">وحدة الحماية</target>
      <target FeatureID="-1" href="SEMOD_HLP_SIGNINGCODE_VIEW.html">تعديل رمز التوقيع</target>
   </keywords>
   <keywords>
      <text FeatureID="true_24">رمز PIN</text>
      <target FeatureID="-1" href="SECMOD_HLP_ACCESSCODE_VIEW.html">رمز PIN لوحدة الحماية</target>
   </keywords>
   <keywords>
      <text FeatureID="true_24">رموز وحدة الحماية</text>
      <target FeatureID="-1" href="SECMOD_HLP_CODE_VIEW.html">رموز وحدة الحماية</target>
   </keywords>
   <keywords>
      <text FeatureID="true_24">رمز PIN لوحدة الحماية</text>
      <target FeatureID="-1" href="SECMOD_HLP_CODE_VIEW.html">رموز وحدة الحماية</target>
   </keywords>
   <keywords>
      <text FeatureID="true_24">مخزن المفتاح</text>
      <target FeatureID="-1" href="SECMOD_HLP_MAIN_VIEW.html">وحدة الحماية</target>
   </keywords>
   <keywords>
      <text FeatureID="true_24">رمز التوقيع</text>
      <target FeatureID="-1" href="SEMOD_HLP_SIGNINGCODE_VIEW.html">تعديل رمز التوقيع</target>
   </keywords>
   <keywords>
      <text FeatureID="true_24">توقيعات رقمية</text>
      <target FeatureID="-1" href="SEMOD_HLP_SIGNINGCODE_VIEW.html">تعديل رمز التوقيع</target>
   </keywords>
</keywords>