<?xml version="1.0" encoding="UTF-8"?>
<keywords>
   <keywords>
      <text FeatureID="-1">mesej siaran sel</text>
      <target FeatureID="-1" href="CBS_HLP_TOPIC_VIEW.html">Mesej siaran sel</target>
      <target FeatureID="-1" href="CBS_HLP_MAIN.html">Topik siaran sel</target>
      <target FeatureID="-1" href="CBS_HLP_MSG.html">Lihat mesej CBS</target>
   </keywords>
   <keywords>
      <text FeatureID="-1">topik siaran sel</text>
      <target FeatureID="-1" href="CBS_HLP_MAIN.html">Topik siaran sel</target>
   </keywords>
</keywords>