<?xml version="1.0" encoding="UTF-8"?><?xml-stylesheet  href="../../theme/xsl/index2html.xslt" type="text/xsl"?>
<topics FeatureID="-1" title="Olahpesan cepat" compressed="true">
   <topicref FeatureID="-1" href="IMNG_HLP_SEARCHCHAT.html" navtitle="Mencari pengguna IM"/>
   <topicref FeatureID="-1" href="IMNG_HLP_SAVED_VIEW.html" navtitle="Melihat percakapan yang disimpan"/>
   <topicref FeatureID="-1" href="IMNG_HLP_SAVED_LIST.html" navtitle="Percakapan yang disimpan"/>
   <topicref FeatureID="-1" href="IMNG_HLP_IMCHAT.html" navtitle="Percakapan grup"/>
   <topicref FeatureID="-1" href="IMNG_HLP_GROUP_EDIT.html" navtitle="Hak mengedit grup"/>
   <topicref FeatureID="-1" href="IMNG_HLP_GROUP_BAN.html" navtitle="Melarang pengguna IM dari grup"/>
   <topicref FeatureID="-1" href="IMNG_HLP_CONT_OWN_DATA.html" navtitle="Data saya"/>
   <topicref FeatureID="-1" href="IMNG_HLP_COMMUNITY_VIEW_EMPTY.html" navtitle="Mulai menggunakan IM"/>
   <topicref FeatureID="-1" href="IMNG_HLP_COMMUNITY_VIEW.html" navtitle="Olahpesan cepat"/>
   <topicref FeatureID="-1" href="IMNG_HLP_BLOCKED_VIEW.html" navtitle="Kontak yang diblokir"/>
   <topicref FeatureID="-1" href="IMNG_HLP_SETTINGS.html" navtitle="Pengaturan IM"/>
   <topicref FeatureID="-1" href="IMNG_HLP_SERVLISTSETT_IM.html" navtitle="Server IM"/>
   <topicref FeatureID="-1" href="IMNG_HLP_DEFSERVER.html" navtitle="Pengaturan server IM"/>
   <topicref FeatureID="-1" href="IMNG_HLP_INVITE.html" navtitle="Undangan IM"/>
   <topicref FeatureID="-1" href="IMNG_HLP_CREATECHAT.html" navtitle="Pengaturan grup IM"/>
   <topicref FeatureID="-1" href="IMNG_HLP_ACCLIST.html" navtitle="Anggota grup IM"/>
   <topicref FeatureID="-1" href="IMNG_HLP_CONVERSATIONS.html" navtitle="Percakapan IM"/>
   <topicref FeatureID="-1" href="IMNG_HLP_CONTACTDETAILS.html" navtitle="Rincian kontak IM"/>
   <topicref FeatureID="-1" href="IMNG_HLP_APPSETT.html" navtitle="Pengaturan aplikasi IM"/>
</topics>