<?xml version="1.0" encoding="UTF-8"?>
<keywords>
   <keywords>
      <text FeatureID="-1">mencari pengguna IM</text>
      <target FeatureID="-1" href="IMNG_HLP_SEARCHCHAT.html">Mencari pengguna IM</target>
   </keywords>
   <keywords>
      <text FeatureID="-1">olahpesan cepat</text>
      <target FeatureID="-1" href="IMNG_HLP_SEARCHCHAT.html">Mencari pengguna IM</target>
      <target FeatureID="-1" href="IMNG_HLP_SAVED_VIEW.html">Melihat percakapan yang disimpan</target>
      <target FeatureID="-1" href="IMNG_HLP_SAVED_LIST.html">Percakapan yang disimpan</target>
      <target FeatureID="-1" href="IMNG_HLP_GROUP_EDIT.html">Hak mengedit grup</target>
      <target FeatureID="-1" href="IMNG_HLP_GROUP_BAN.html">Melarang pengguna IM dari grup</target>
      <target FeatureID="-1" href="IMNG_HLP_CONT_OWN_DATA.html">Data saya</target>
      <target FeatureID="-1" href="IMNG_HLP_COMMUNITY_VIEW_EMPTY.html">Mulai menggunakan IM</target>
      <target FeatureID="-1" href="IMNG_HLP_COMMUNITY_VIEW.html">Olahpesan cepat</target>
      <target FeatureID="-1" href="IMNG_HLP_CREATECHAT.html">Pengaturan grup IM</target>
      <target FeatureID="-1" href="IMNG_HLP_ACCLIST.html">Anggota grup IM</target>
      <target FeatureID="-1" href="IMNG_HLP_CONVERSATIONS.html">Percakapan IM</target>
      <target FeatureID="-1" href="IMNG_HLP_APPSETT.html">Pengaturan aplikasi IM</target>
   </keywords>
   <keywords>
      <text FeatureID="-1">mencari grup IM</text>
      <target FeatureID="-1" href="IMNG_HLP_SEARCHCHAT.html">Mencari pengguna IM</target>
   </keywords>
   <keywords>
      <text FeatureID="-1">percakapan yang disimpan</text>
      <target FeatureID="-1" href="IMNG_HLP_SAVED_LIST.html">Percakapan yang disimpan</target>
   </keywords>
   <keywords>
      <text FeatureID="-1">IM (olahpesan cepat)</text>
      <target FeatureID="-1" href="IMNG_HLP_IMCHAT.html">Percakapan grup</target>
   </keywords>
   <keywords>
      <text FeatureID="-1">bergabung grup IM</text>
      <target FeatureID="-1" href="IMNG_HLP_IMCHAT.html">Percakapan grup</target>
   </keywords>
   <keywords>
      <text FeatureID="-1">hak edit</text>
      <target FeatureID="-1" href="IMNG_HLP_GROUP_EDIT.html">Hak mengedit grup</target>
   </keywords>
   <keywords>
      <text FeatureID="-1">daftar larangan</text>
      <target FeatureID="-1" href="IMNG_HLP_GROUP_BAN.html">Melarang pengguna IM dari grup</target>
   </keywords>
   <keywords>
      <text FeatureID="-1">Anggota grup IM</text>
      <target FeatureID="-1" href="IMNG_HLP_GROUP_BAN.html">Melarang pengguna IM dari grup</target>
      <target FeatureID="-1" href="IMNG_HLP_ACCLIST.html">Anggota grup IM</target>
   </keywords>
   <keywords>
      <text FeatureID="-1">Kontak IM</text>
      <target FeatureID="-1" href="IMNG_HLP_CONT_OWN_DATA.html">Data saya</target>
      <target FeatureID="-1" href="IMNG_HLP_BLOCKED_VIEW.html">Kontak yang diblokir</target>
      <target FeatureID="-1" href="IMNG_HLP_CONTACTDETAILS.html">Rincian kontak IM</target>
   </keywords>
   <keywords>
      <text FeatureID="-1">IM</text>
      <target FeatureID="-1" href="IMNG_HLP_COMMUNITY_VIEW_EMPTY.html">Mulai menggunakan IM</target>
      <target FeatureID="-1" href="IMNG_HLP_COMMUNITY_VIEW.html">Olahpesan cepat</target>
      <target FeatureID="-1" href="IMNG_HLP_CONVERSATIONS.html">Percakapan IM</target>
   </keywords>
   <keywords>
      <text FeatureID="-1">kontak IM yang diblokir</text>
      <target FeatureID="-1" href="IMNG_HLP_BLOCKED_VIEW.html">Kontak yang diblokir</target>
   </keywords>
   <keywords>
      <text FeatureID="-1">Pengaturan IM</text>
      <target FeatureID="-1" href="IMNG_HLP_SETTINGS.html">Pengaturan IM</target>
   </keywords>
   <keywords>
      <text FeatureID="-1">Server IM</text>
      <target FeatureID="-1" href="IMNG_HLP_SERVLISTSETT_IM.html">Server IM</target>
   </keywords>
   <keywords>
      <text FeatureID="-1">Pengaturan server IM</text>
      <target FeatureID="-1" href="IMNG_HLP_DEFSERVER.html">Pengaturan server IM</target>
   </keywords>
   <keywords>
      <text FeatureID="-1">pengaturan server</text>
      <target FeatureID="-1" href="IMNG_HLP_DEFSERVER.html">Pengaturan server IM</target>
   </keywords>
   <keywords>
      <text FeatureID="-1">undangan</text>
      <target FeatureID="-1" href="IMNG_HLP_INVITE.html">Undangan IM</target>
   </keywords>
   <keywords>
      <text FeatureID="-1">Pengaturan grup IM</text>
      <target FeatureID="-1" href="IMNG_HLP_CREATECHAT.html">Pengaturan grup IM</target>
   </keywords>
   <keywords>
      <text FeatureID="-1">percakapan</text>
      <target FeatureID="-1" href="IMNG_HLP_CONVERSATIONS.html">Percakapan IM</target>
   </keywords>
   <keywords>
      <text FeatureID="-1">Olahpesan cepat</text>
      <target FeatureID="-1" href="IMNG_HLP_CONTACTDETAILS.html">Rincian kontak IM</target>
   </keywords>
   <keywords>
      <text FeatureID="-1">pengaturan IM</text>
      <target FeatureID="-1" href="IMNG_HLP_APPSETT.html">Pengaturan aplikasi IM</target>
   </keywords>
</keywords>