<?xml version="1.0" encoding="UTF-8"?>
<keywords>
   <keywords>
      <text FeatureID="-1">התאמה אישית של פרופילים</text>
      <target FeatureID="-1" href="MODE_HLP_PERSONALISE.html">התאמה אישית של פרופילים</target>
   </keywords>
   <keywords>
      <text FeatureID="-1">הגדרות צלילים</text>
      <target FeatureID="-1" href="SET_HLP_PERSONAL_TONES.html">הגדרות צלילים</target>
   </keywords>
   <keywords>
      <text FeatureID="-1">סוגי צלצולים</text>
      <target FeatureID="-1" href="SET_HLP_PERSONAL_TONES.html">הגדרות צלילים</target>
   </keywords>
   <keywords>
      <text FeatureID="-1">פרופילים</text>
      <target FeatureID="-1" href="MODE_HLP_PROFILES_LIST.html">פרופילים</target>
   </keywords>
   <keywords>
      <text FeatureID="-1">שינוי פרופילים</text>
      <target FeatureID="-1" href="MODE_HLP_PROFILES_LIST.html">פרופילים</target>
   </keywords>
</keywords>