<?xml version="1.0" encoding="UTF-8"?>
<keywords>
   <keywords>
      <text FeatureID="true_11008 false_11008">rexistro do dispositivo</text>
      <target FeatureID="true_11008" href="DRM_HLP_REGISTRATION_METERING.html">Rexistro do dispositivo</target>
      <target FeatureID="false_11008" href="DRM_HLP_REGISTRATION.html">Rexistro do dispositivo</target>
   </keywords>
   <keywords>
      <text FeatureID="true_11008">adquisición de dereitos silenciosos</text>
      <target FeatureID="true_11008" href="DRM_HLP_REGISTRATION_METERING.html">Rexistro do dispositivo</target>
   </keywords>
   <keywords>
      <text FeatureID="true_11008">medición</text>
      <target FeatureID="true_11008" href="DRM_HLP_REGISTRATION_METERING.html">Rexistro do dispositivo</target>
   </keywords>
</keywords>