<?xml version="1.0" encoding="UTF-8"?>
<keywords>
   <keywords>
      <text FeatureID="-1">mòdul de seguretat</text>
      <target FeatureID="-1" href="SECMOD_HLP_ACCESSCODE_VIEW.html">Codi PIN del mòdul de seguretat</target>
      <target FeatureID="-1" href="SECMOD_HLP_MAIN_VIEW.html">Mòdul de seguretat</target>
      <target FeatureID="-1" href="SEMOD_HLP_SIGNINGCODE_VIEW.html">Editeu el codi de signatura</target>
   </keywords>
   <keywords>
      <text FeatureID="-1">Codi PIN</text>
      <target FeatureID="-1" href="SECMOD_HLP_ACCESSCODE_VIEW.html">Codi PIN del mòdul de seguretat</target>
   </keywords>
   <keywords>
      <text FeatureID="-1">codis del mòdul de seguretat</text>
      <target FeatureID="-1" href="SECMOD_HLP_CODE_VIEW.html">Codis del mòdul de seguretat</target>
   </keywords>
   <keywords>
      <text FeatureID="-1">Codi PIN per al mòdul de seguretat</text>
      <target FeatureID="-1" href="SECMOD_HLP_CODE_VIEW.html">Codis del mòdul de seguretat</target>
   </keywords>
   <keywords>
      <text FeatureID="-1">emmagatzematge de claus</text>
      <target FeatureID="-1" href="SECMOD_HLP_MAIN_VIEW.html">Mòdul de seguretat</target>
   </keywords>
   <keywords>
      <text FeatureID="-1">codi de signatura</text>
      <target FeatureID="-1" href="SEMOD_HLP_SIGNINGCODE_VIEW.html">Editeu el codi de signatura</target>
   </keywords>
   <keywords>
      <text FeatureID="-1">signatures digitals</text>
      <target FeatureID="-1" href="SEMOD_HLP_SIGNINGCODE_VIEW.html">Editeu el codi de signatura</target>
   </keywords>
</keywords>