<?xml version="1.0" encoding="UTF-8"?>
<keywords>
   <keywords>
      <text FeatureID="-1">oproepmailbox</text>
      <target FeatureID="-1" href="SMSVO_HLP_MAIN_VIEW.html">Oproepmailbox</target>
      <target FeatureID="true_298" href="SMSVO_HLP_CS_VIDEO_AND_XSP_VOIP.html">Oproep-, video- en internetoproepmailbox</target>
   </keywords>
   <keywords>
      <text FeatureID="-1">antwoordapparaat</text>
      <target FeatureID="-1" href="SMSVO_HLP_MAIN_VIEW.html">Oproepmailbox</target>
      <target FeatureID="true_89" href="SMSVO_HLP_CS_AND_VIDEO.html">Oproep- en videomailbox</target>
      <target FeatureID="true_298" href="SMSVO_HLP_CS_VIDEO_AND_XSP_VOIP.html">Oproep-, video- en internetoproepmailbox</target>
   </keywords>
   <keywords>
      <text FeatureID="true_89">videomailbox</text>
      <target FeatureID="true_89" href="SMSVO_HLP_CS_AND_VIDEO.html">Oproep- en videomailbox</target>
   </keywords>
   <keywords>
      <text FeatureID="true_298">internetoproepmailbox</text>
      <target FeatureID="true_298" href="SMSVO_HLP_CS_VIDEO_AND_XSP_VOIP.html">Oproep-, video- en internetoproepmailbox</target>
   </keywords>
</keywords>