<?xml version="1.0" encoding="UTF-8"?><?xml-stylesheet  href="../../theme/xsl/index2html.xslt" type="text/xsl"?>
<topics FeatureID="-1" title="Anpassa" compressed="true">
   <topicref FeatureID="-1" href="SKINS_HLP_LIST.html" navtitle="Allmänna teman"/>
   <topicref FeatureID="-1" href="SCREENSAVER_HLP_WP_SETTINGS.html" navtitle="Inställningar för bakgrundsbildspel"/>
   <topicref FeatureID="-1" href="SKINS_HLP_WP_SETTINGS.html" navtitle="Inställningar för bakgrundsbild"/>
   <topicref FeatureID="-1" href="SKINS_HLP_SCREENS_SETTINGS.html" navtitle="Inställningar för skärmsläckare"/>
   <topicref FeatureID="true_1503" href="SKINS_HLP_CIMAGE_SETTINGS.html" navtitle="Välj samtalsbild"/>
   <topicref FeatureID="-1" href="SKINS_HLP_APPSHELL.html" navtitle="Menyvisningsinställningar"/>
   <topicref FeatureID="-1" href="SKINS_HLP_IDLE.html" navtitle="Inställningar för startsidan"/>
   <topicref FeatureID="-1" href="SKINS_HLP_APP_MAIN.html" navtitle="Anpassa display"/>
   <topicref FeatureID="-1" href="SKINS_HLP_APPSKINS_LIST.html" navtitle="Programteman"/>
</topics>