<?xml version="1.0" encoding="UTF-8"?>
<keywords>
   <keywords>
      <text FeatureID="-1">teman</text>
      <target FeatureID="-1" href="SKINS_HLP_LIST.html">Allmänna teman</target>
      <target FeatureID="-1" href="SCREENSAVER_HLP_WP_SETTINGS.html">Inställningar för bakgrundsbildspel</target>
      <target FeatureID="-1" href="SKINS_HLP_WP_SETTINGS.html">Inställningar för bakgrundsbild</target>
      <target FeatureID="true_1503" href="SKINS_HLP_CIMAGE_SETTINGS.html">Välj samtalsbild</target>
      <target FeatureID="-1" href="SKINS_HLP_APPSHELL.html">Menyvisningsinställningar</target>
      <target FeatureID="-1" href="SKINS_HLP_APP_MAIN.html">Anpassa display</target>
      <target FeatureID="-1" href="SKINS_HLP_APPSKINS_LIST.html">Programteman</target>
   </keywords>
   <keywords>
      <text FeatureID="-1">bakgrundsbildspel</text>
      <target FeatureID="-1" href="SCREENSAVER_HLP_WP_SETTINGS.html">Inställningar för bakgrundsbildspel</target>
   </keywords>
   <keywords>
      <text FeatureID="-1">inställningar för bildspel</text>
      <target FeatureID="-1" href="SCREENSAVER_HLP_WP_SETTINGS.html">Inställningar för bakgrundsbildspel</target>
   </keywords>
   <keywords>
      <text FeatureID="-1">inställningar för bakgrundsbild</text>
      <target FeatureID="-1" href="SKINS_HLP_WP_SETTINGS.html">Inställningar för bakgrundsbild</target>
   </keywords>
   <keywords>
      <text FeatureID="-1">bakgrundsbild</text>
      <target FeatureID="-1" href="SKINS_HLP_WP_SETTINGS.html">Inställningar för bakgrundsbild</target>
      <target FeatureID="-1" href="SKINS_HLP_APP_MAIN.html">Anpassa display</target>
   </keywords>
   <keywords>
      <text FeatureID="-1">skärmsläckare</text>
      <target FeatureID="-1" href="SKINS_HLP_SCREENS_SETTINGS.html">Inställningar för skärmsläckare</target>
   </keywords>
   <keywords>
      <text FeatureID="true_1503">inställningar för samtalsbild</text>
      <target FeatureID="true_1503" href="SKINS_HLP_CIMAGE_SETTINGS.html">Välj samtalsbild</target>
   </keywords>
   <keywords>
      <text FeatureID="-1">menyer</text>
      <target FeatureID="-1" href="SKINS_HLP_APPSHELL.html">Menyvisningsinställningar</target>
   </keywords>
</keywords>