<?xml version="1.0" encoding="UTF-8"?>
<keywords>
   <keywords>
      <text FeatureID="-1">固定撥號</text>
      <target FeatureID="-1" href="FDN_HLP_FDN_NUM_EDIT_VIEW.html">修改聯絡人</target>
      <target FeatureID="-1" href="FDN_HLP_FDN_NUMBER_VIEW.html">固定撥號聯絡人</target>
      <target FeatureID="-1" href="FDN_HLP_FDN_VIEW.html">限制通話</target>
   </keywords>
   <keywords>
      <text FeatureID="-1">限制通話</text>
      <target FeatureID="-1" href="FDN_HLP_FDN_VIEW.html">限制通話</target>
   </keywords>
   <keywords>
      <text FeatureID="-1">服務號碼</text>
      <target FeatureID="-1" href="SDN_HLP_APP.html">服務號碼</target>
   </keywords>
   <keywords>
      <text FeatureID="-1">SIM 卡服務號碼</text>
      <target FeatureID="-1" href="SDN_HLP_APP.html">服務號碼</target>
   </keywords>
   <keywords>
      <text FeatureID="-1">SIM 卡上的服務號碼</text>
      <target FeatureID="-1" href="SDN_HLP_APP.html">服務號碼</target>
   </keywords>
   <keywords>
      <text FeatureID="-1">分組</text>
      <target FeatureID="-1" href="PHOB_HLP_GROUP_LIST.html">分組</target>
      <target FeatureID="-1" href="PHOB_HLP_GROUP_MEMBER_LIST.html">分組成員</target>
   </keywords>
   <keywords>
      <text FeatureID="-1">SIM 卡聯絡人</text>
      <target FeatureID="-1" href="PHOB_HLP_SIM_LIST.html">SIM 卡通訊錄目錄</target>
   </keywords>
   <keywords>
      <text FeatureID="-1">SIM 卡號碼</text>
      <target FeatureID="-1" href="PHOB_HLP_MY_NUMBERS.html">我的號碼</target>
   </keywords>
   <keywords>
      <text FeatureID="-1">通訊錄中的姓名順序</text>
      <target FeatureID="-1" href="PHOB_HLP_SETTINGS.html">通訊錄設定</target>
   </keywords>
   <keywords>
      <text FeatureID="-1">通訊錄記憶體</text>
      <target FeatureID="-1" href="PHOB_HLP_SETTINGS.html">通訊錄設定</target>
   </keywords>
   <keywords>
      <text FeatureID="-1">預設記憶體</text>
      <target FeatureID="-1" href="PHOB_HLP_SETTINGS.html">通訊錄設定</target>
   </keywords>
   <keywords>
      <text FeatureID="-1">通訊錄目錄</text>
      <target FeatureID="-1" href="PHOB_HLP_NAME_LIST.html">通訊錄目錄</target>
   </keywords>
   <keywords>
      <text FeatureID="-1">聯絡人資料</text>
      <target FeatureID="-1" href="PHOB_HLP_NAME_LIST.html">通訊錄目錄</target>
   </keywords>
   <keywords>
      <text FeatureID="-1">通訊錄</text>
      <target FeatureID="-1" href="PHOB_HLP_NAME_LIST.html">通訊錄目錄</target>
   </keywords>
</keywords>