<?xml version="1.0" encoding="UTF-8"?>
<keywords>
   <keywords>
      <text FeatureID="-1">tema audio</text>
      <target FeatureID="-1" href="AUDIOTHEME_HLP_EVENTGROUPS.html">Mengubah tema audio</target>
      <target FeatureID="-1" href="SET_HLP_AUDIO_THEME_EVENTSLIST.html">Suara aktivitas perangkat</target>
   </keywords>
   <keywords>
      <text FeatureID="-1">mempersonalisasi perangkat</text>
      <target FeatureID="-1" href="AUDIOTHEME_HLP_EVENTGROUPS.html">Mengubah tema audio</target>
      <target FeatureID="-1" href="SET_HLP_AUDIO_THEME_EVENTSLIST.html">Suara aktivitas perangkat</target>
   </keywords>
   <keywords>
      <text FeatureID="-1">suara perangkat</text>
      <target FeatureID="-1" href="AUDIOTHEME_HLP_EVENTGROUPS.html">Mengubah tema audio</target>
      <target FeatureID="-1" href="SET_HLP_AUDIO_THEME_EVENTSLIST.html">Suara aktivitas perangkat</target>
   </keywords>
</keywords>