<?xml version="1.0" encoding="UTF-8"?>
<keywords>
   <keywords>
      <text FeatureID="-1">مجوزهای اعتبار</text>
      <target FeatureID="-1" href="CM_HLP_AUTHORITY.html">مجوزهای اعتبار</target>
   </keywords>
   <keywords>
      <text FeatureID="-1">مجوزها</text>
      <target FeatureID="-1" href="CM_HLP_AUTHORITY.html">مجوزهای اعتبار</target>
      <target FeatureID="-1" href="CM_HLP_DEVICE.html">مجوزهای دستگاه</target>
      <target FeatureID="-1" href="CM_HLP_MAIN.html">مدیریت مجوز</target>
      <target FeatureID="-1" href="CM_HLP_PERSONAL.html">مجوزهای شخصی</target>
      <target FeatureID="-1" href="CM_HLP_TRUSTED_SITE.html">مجوزهای سایت مورد اطمینان</target>
      <target FeatureID="-1" href="CM_HLP_TRUST_SETTINGS.html">ویرایش تنظیمات اطمینان به مجوز</target>
   </keywords>
   <keywords>
      <text FeatureID="-1">مجوزهای امنیتى</text>
      <target FeatureID="-1" href="CM_HLP_AUTHORITY.html">مجوزهای اعتبار</target>
      <target FeatureID="-1" href="CM_HLP_MAIN.html">مدیریت مجوز</target>
   </keywords>
   <keywords>
      <text FeatureID="-1">مجوزهای دستگاه</text>
      <target FeatureID="-1" href="CM_HLP_DEVICE.html">مجوزهای دستگاه</target>
   </keywords>
   <keywords>
      <text FeatureID="-1">مجوزهای شخصی</text>
      <target FeatureID="-1" href="CM_HLP_PERSONAL.html">مجوزهای شخصی</target>
   </keywords>
   <keywords>
      <text FeatureID="-1">مجوزهای سایت مورد اطمینان</text>
      <target FeatureID="-1" href="CM_HLP_TRUSTED_SITE.html">مجوزهای سایت مورد اطمینان</target>
   </keywords>
   <keywords>
      <text FeatureID="-1">تنظیمات اطمینان</text>
      <target FeatureID="-1" href="CM_HLP_TRUST_SETTINGS.html">ویرایش تنظیمات اطمینان به مجوز</target>
   </keywords>
</keywords>