<?xml version="1.0" encoding="UTF-8"?>
<keywords>
   <keywords>
      <text FeatureID="true_13 true_1566">USB 数据线连接</text>
      <target FeatureID="true_13" href="USB_HLP_MAIN.html">USB 设置</target>
      <target FeatureID="true_1566" href="USB_HLP_PRINT_SETTINGS.html">打印机设置</target>
   </keywords>
   <keywords>
      <text FeatureID="true_13">数据线连接</text>
      <target FeatureID="true_13" href="USB_HLP_MAIN.html">USB 设置</target>
   </keywords>
   <keywords>
      <text FeatureID="true_1566">打印</text>
      <target FeatureID="true_1566" href="USB_HLP_PRINT_SETTINGS.html">打印机设置</target>
   </keywords>
   <keywords>
      <text FeatureID="true_1566">设置, 打印机</text>
      <target FeatureID="true_1566" href="USB_HLP_PRINT_SETTINGS.html">打印机设置</target>
   </keywords>
</keywords>