<?xml version="1.0" encoding="UTF-8"?>
<keywords>
   <keywords>
      <text FeatureID="-1">thèmes</text>
      <target FeatureID="-1" href="SKINS_HLP_LIST.html">Thèmes généraux</target>
      <target FeatureID="-1" href="SCREENSAVER_HLP_WP_SETTINGS.html">Paramètres du diaporama en papier peint</target>
      <target FeatureID="-1" href="SKINS_HLP_WP_SETTINGS.html">Paramètres du papier peint</target>
      <target FeatureID="true_1503" href="SKINS_HLP_CIMAGE_SETTINGS.html">Sélectionner une image d’appel</target>
      <target FeatureID="-1" href="SKINS_HLP_APPSHELL.html">Paramètres d’affichage du menu</target>
      <target FeatureID="-1" href="SKINS_HLP_APP_MAIN.html">Personnalisation de l'affichage</target>
      <target FeatureID="-1" href="SKINS_HLP_APPSKINS_LIST.html">Thèmes d'applications</target>
   </keywords>
   <keywords>
      <text FeatureID="-1">diaporama en papier peint</text>
      <target FeatureID="-1" href="SCREENSAVER_HLP_WP_SETTINGS.html">Paramètres du diaporama en papier peint</target>
   </keywords>
   <keywords>
      <text FeatureID="-1">paramètres du diaporama</text>
      <target FeatureID="-1" href="SCREENSAVER_HLP_WP_SETTINGS.html">Paramètres du diaporama en papier peint</target>
   </keywords>
   <keywords>
      <text FeatureID="-1">paramètres du papier peint</text>
      <target FeatureID="-1" href="SKINS_HLP_WP_SETTINGS.html">Paramètres du papier peint</target>
   </keywords>
   <keywords>
      <text FeatureID="-1">image d'arrière-plan</text>
      <target FeatureID="-1" href="SKINS_HLP_WP_SETTINGS.html">Paramètres du papier peint</target>
      <target FeatureID="-1" href="SKINS_HLP_APP_MAIN.html">Personnalisation de l'affichage</target>
   </keywords>
   <keywords>
      <text FeatureID="-1">écran de veille</text>
      <target FeatureID="-1" href="SKINS_HLP_SCREENS_SETTINGS.html">Paramètres écran veille</target>
   </keywords>
   <keywords>
      <text FeatureID="true_1503">paramètres de l'image d’appel</text>
      <target FeatureID="true_1503" href="SKINS_HLP_CIMAGE_SETTINGS.html">Sélectionner une image d’appel</target>
   </keywords>
   <keywords>
      <text FeatureID="-1">menus</text>
      <target FeatureID="-1" href="SKINS_HLP_APPSHELL.html">Paramètres d’affichage du menu</target>
   </keywords>
</keywords>