<?xml version="1.0" encoding="UTF-8"?>
<keywords>
   <keywords>
      <text FeatureID="-1">Quickoffice, ตัวจัดการไฟล์</text>
      <target FeatureID="-1" href="QFM_HLP_FILE_MENU.html">ตัวจัดการไฟล์</target>
   </keywords>
   <keywords>
      <text FeatureID="-1">Quickoffice</text>
      <target FeatureID="-1" href="QFM_HLP_LOC_MENU.html">Quickoffice</target>
   </keywords>
   <keywords>
      <text FeatureID="-1">Quickpoint</text>
      <target FeatureID="-1" href="QPOINT_HLP_EDIT_SLIDE_VIEW.html">การแก้ไขสไลด์</target>
      <target FeatureID="-1" href="QPOINT_HLP_REPLACE_VIEW.html">การค้นหาและแทนที่ข้อความ</target>
      <target FeatureID="-1" href="QPOINT_HLP_FIND_VIEW.html">ค้นหาข้อความ</target>
      <target FeatureID="-1" href="QPOINT_HLP_VIEW_SLIDE_VIEW.html">การดูสไลด์</target>
   </keywords>
   <keywords>
      <text FeatureID="-1">Quickpoint, ข้อความ</text>
      <target FeatureID="-1" href="QPOINT_HLP_EDIT_TEXT_VIEW.html">การแก้ไขข้อความ</target>
   </keywords>
   <keywords>
      <text FeatureID="-1">Quickpoint, ข้อคิดเห็น</text>
      <target FeatureID="-1" href="QPOINT_HLP_COMMENT_VIEW.html">การดูข้อคิดเห็น</target>
   </keywords>
   <keywords>
      <text FeatureID="-1">Quickpoint, บันทึก</text>
      <target FeatureID="-1" href="QPOINT_HLP_VIEW_NOTES_VIEW.html">การดูบันทึก</target>
   </keywords>
   <keywords>
      <text FeatureID="-1">Quickpoint, เค้าโครง</text>
      <target FeatureID="-1" href="QPOINT_HLP_VIEW_OUTLINE_VIEW.html">การดูเค้าโครง</target>
   </keywords>
   <keywords>
      <text FeatureID="-1">Quicksheet, เซลล์</text>
      <target FeatureID="-1" href="QSHEET_HLP_CELLS_EDIT.html">การแก้ไขเซลล์</target>
      <target FeatureID="-1" href="QSHEET_HLP_VIEW_CELL.html">การดูเซลล์</target>
   </keywords>
   <keywords>
      <text FeatureID="-1">Quicksheet, คอลัมน์</text>
      <target FeatureID="-1" href="QSHEET_HLP_EDIT_COLUMN.html">การแก้ไขคอลัมน์</target>
   </keywords>
   <keywords>
      <text FeatureID="-1">Quicksheet, ช่วง</text>
      <target FeatureID="-1" href="QSHEET_HLP_EDIT_RANGE.html">การแก้ไขช่วง</target>
   </keywords>
   <keywords>
      <text FeatureID="-1">Quicksheet, แถว</text>
      <target FeatureID="-1" href="QSHEET_HLP_EDIT_ROW.html">การแก้ไขแถว</target>
   </keywords>
   <keywords>
      <text FeatureID="-1">Quicksheet</text>
      <target FeatureID="-1" href="QSHEET_HLP_REPLACE_VIEW.html">การค้นหาและแทนที่ข้อความ</target>
      <target FeatureID="-1" href="QSHEET_HLP_FIND_VIEW.html">ค้นหาข้อความ</target>
      <target FeatureID="-1" href="QSHEET_HLP_CELLS_VIEW.html">การดูสเปรดชีท</target>
   </keywords>
   <keywords>
      <text FeatureID="-1">Quickword</text>
      <target FeatureID="-1" href="QWORD_HLP_EDIT_MODE.html">การแก้ไขเอกสาร</target>
      <target FeatureID="-1" href="QWORD_HLP_FIND_MODE.html">การค้นหาและแทนที่ข้อความ</target>
      <target FeatureID="-1" href="QWORD_HLP_VIEW_MODE.html">การดูเอกสาร</target>
      <target FeatureID="-1" href="QWORD_HLP_PAGE_VIEW.html">การดูเค้าโครงหน้ากระดาษ</target>
   </keywords>
</keywords>