<?xml version="1.0" encoding="UTF-8"?>
<keywords>
   <keywords>
      <text FeatureID="-1">ordliste</text>
      <target FeatureID="-1" href="DICTIONARY_HLP_MAIN_TAB1.html">Ordliste</target>
   </keywords>
   <keywords>
      <text FeatureID="-1">oversette</text>
      <target FeatureID="-1" href="DICTIONARY_HLP_MAIN_TAB1.html">Ordliste</target>
   </keywords>
   <keywords>
      <text FeatureID="-1">ordliste, oversettelse</text>
      <target FeatureID="-1" href="DICTIONARY_HLP_RESULTS.html">Oversettelsesresultater</target>
   </keywords>
</keywords>