<?xml version="1.0" encoding="UTF-8"?><?xml-stylesheet  href="../../theme/xsl/index2html.xslt" type="text/xsl"?>
<topics FeatureID="-1" title="Videozapisi &amp; TV" compressed="true">
   <topicref FeatureID="-1" href="IPTV_HLP_MAIN_STATE.html" navtitle="Videozapisi &amp; TV"/>
   <topicref FeatureID="-1" href="IPTV_HLP_VODCAST_MAIN.html" navtitle="Videosažeci"/>
   <topicref FeatureID="-1" href="IPTV_HLP_SERVICE_SELECTION_VOD.html" navtitle="Odaberi video usluge"/>
   <topicref FeatureID="-1" href="IPTV_HLP_VOD_CATEGORIES.html" navtitle="Video kategorije"/>
   <topicref FeatureID="-1" href="IPTV_HLP_VOD.html" navtitle="Pregledavanje i preuzimanje videoisječaka"/>
   <topicref FeatureID="-1" href="IPTV_HLP_SCHEDULE_DOWNLOAD.html" navtitle="Vremenski određena preuzimanja"/>
   <topicref FeatureID="-1" href="IPTV_HLP_STORAGE.html" navtitle="Moji videozapisi"/>
   <topicref FeatureID="-1" href="IPTV_HLP_SETTINGS.html" navtitle="Postavke usluge Videozapisi &amp; TV"/>
   <topicref FeatureID="-1" href="IPTV_HLP_SERVICE_SEL_VODCAST.html" navtitle="Odaberi video sažetke"/>
   <topicref FeatureID="-1" href="IPTV_HLP_ADD_SERVICE.html" navtitle="Dodaj video sažetke"/>
</topics>