<?xml version="1.0" encoding="UTF-8"?>
<keywords>
   <keywords>
      <text FeatureID="-1">videozapisi &amp; TV</text>
      <target FeatureID="-1" href="IPTV_HLP_MAIN_STATE.html">Videozapisi &amp; TV</target>
      <target FeatureID="-1" href="IPTV_HLP_VODCAST_MAIN.html">Videosažeci</target>
      <target FeatureID="-1" href="IPTV_HLP_SERVICE_SELECTION_VOD.html">Odaberi video usluge</target>
      <target FeatureID="-1" href="IPTV_HLP_VOD_CATEGORIES.html">Video kategorije</target>
      <target FeatureID="-1" href="IPTV_HLP_VOD.html">Pregledavanje i preuzimanje videoisječaka</target>
      <target FeatureID="-1" href="IPTV_HLP_SCHEDULE_DOWNLOAD.html">Vremenski određena preuzimanja</target>
      <target FeatureID="-1" href="IPTV_HLP_STORAGE.html">Moji videozapisi</target>
      <target FeatureID="-1" href="IPTV_HLP_SERVICE_SEL_VODCAST.html">Odaberi video sažetke</target>
      <target FeatureID="-1" href="IPTV_HLP_ADD_SERVICE.html">Dodaj video sažetke</target>
   </keywords>
   <keywords>
      <text FeatureID="-1">video sažeci</text>
      <target FeatureID="-1" href="IPTV_HLP_VODCAST_MAIN.html">Videosažeci</target>
      <target FeatureID="-1" href="IPTV_HLP_VOD_CATEGORIES.html">Video kategorije</target>
      <target FeatureID="-1" href="IPTV_HLP_SERVICE_SEL_VODCAST.html">Odaberi video sažetke</target>
      <target FeatureID="-1" href="IPTV_HLP_ADD_SERVICE.html">Dodaj video sažetke</target>
   </keywords>
   <keywords>
      <text FeatureID="-1">preuzimanja, videoisječci</text>
      <target FeatureID="-1" href="IPTV_HLP_VOD.html">Pregledavanje i preuzimanje videoisječaka</target>
      <target FeatureID="-1" href="IPTV_HLP_SCHEDULE_DOWNLOAD.html">Vremenski određena preuzimanja</target>
   </keywords>
   <keywords>
      <text FeatureID="-1">videozapisi &amp; TV, postavke</text>
      <target FeatureID="-1" href="IPTV_HLP_SETTINGS.html">Postavke usluge Videozapisi &amp; TV</target>
   </keywords>
   <keywords>
      <text FeatureID="-1">postavke, videozapis</text>
      <target FeatureID="-1" href="IPTV_HLP_SETTINGS.html">Postavke usluge Videozapisi &amp; TV</target>
   </keywords>
</keywords>