<?xml version="1.0" encoding="UTF-8"?>
<keywords>
   <keywords>
      <text FeatureID="-1">anropspostkasse</text>
      <target FeatureID="-1" href="SMSVO_HLP_MAIN_VIEW.html">Samtalepostkasse</target>
      <target FeatureID="true_298" href="SMSVO_HLP_CS_VIDEO_AND_XSP_VOIP.html">Postkasse for video-, Internett- og taleanrop</target>
   </keywords>
   <keywords>
      <text FeatureID="-1">telefonsvarer</text>
      <target FeatureID="-1" href="SMSVO_HLP_MAIN_VIEW.html">Samtalepostkasse</target>
      <target FeatureID="true_89" href="SMSVO_HLP_CS_AND_VIDEO.html">Anrops- og videopostkasse</target>
      <target FeatureID="true_298" href="SMSVO_HLP_CS_VIDEO_AND_XSP_VOIP.html">Postkasse for video-, Internett- og taleanrop</target>
   </keywords>
   <keywords>
      <text FeatureID="true_89">videopostkasse</text>
      <target FeatureID="true_89" href="SMSVO_HLP_CS_AND_VIDEO.html">Anrops- og videopostkasse</target>
   </keywords>
   <keywords>
      <text FeatureID="true_298">postkasse for Internett-anrop</text>
      <target FeatureID="true_298" href="SMSVO_HLP_CS_VIDEO_AND_XSP_VOIP.html">Postkasse for video-, Internett- og taleanrop</target>
   </keywords>
</keywords>