<?xml version="1.0" encoding="UTF-8"?>
<keywords>
   <keywords>
      <text FeatureID="-1">Mail for Exchange</text>
      <target FeatureID="-1" href="FSE_HLP_MFE_LAUNCHER_MAIN_VIEW.html">E-pošta Mail for Exchange</target>
   </keywords>
   <keywords>
      <text FeatureID="-1">dodatne nastavitve nabiralnika</text>
      <target FeatureID="-1" href="FSE_HLP_MFE_SETTINGS_ADVANCED.html">Dodatne nastavitve za nabiralnik</target>
   </keywords>
   <keywords>
      <text FeatureID="-1">nastavitve sinhronizacije e-pošte</text>
      <target FeatureID="-1" href="FSE_HLP_MFE_SETTINGS_PIM_APPS.html">Nastavitve sinhronizacije aplikacij</target>
   </keywords>
   <keywords>
      <text FeatureID="-1">sinhronizacija koledarja</text>
      <target FeatureID="-1" href="FSE_HLP_MFE_CALENDAR_APP.html">Nastavitve sinhronizacije koledarja</target>
   </keywords>
   <keywords>
      <text FeatureID="-1">sinhronizacija imenika,</text>
      <target FeatureID="-1" href="FSE_HLP_MFE_CONTACTS_APP.html">Nastavitve sinhronizacije imenika</target>
   </keywords>
   <keywords>
      <text FeatureID="-1">nastavitve predala</text>
      <target FeatureID="-1" href="FSE_HLP_MFE_SETTINGS_MAILBOX.html">Splošne nastavitve nabiralnika</target>
   </keywords>
   <keywords>
      <text FeatureID="-1">vsebina za sinhronizacijo e-pošte</text>
      <target FeatureID="-1" href="FSE_HLP_MFE_SETTINGS_WHAT_SYNC.html">Izbiranje vsebine za sinhronizacijo</target>
   </keywords>
   <keywords>
      <text FeatureID="-1">čas sinhronizacije e-pošte</text>
      <target FeatureID="-1" href="FSE_HLP_MFE_SETTINGS_WHEN_SYNC.html">Izbiranje časa sinhronizacije</target>
   </keywords>
   <keywords>
      <text FeatureID="-1">sinhronizacija e-poštne mape</text>
      <target FeatureID="-1" href="FSE_HLP_MFE_SETTINGS_FOLDER.html">Nastavitve sinhronizacije</target>
   </keywords>
   <keywords>
      <text FeatureID="-1">nastavitve e-pošte</text>
      <target FeatureID="-1" href="FSE_HLP_MFE_SETTINGS_MAIN_VIEW.html">Nastavitve za e-pošto</target>
   </keywords>
   <keywords>
      <text FeatureID="-1">sinhronizacija vnosa opravila</text>
      <target FeatureID="-1" href="FSE_HLP_MFE_TASKS_APP.html">Nastavitve sinhronizacije opravil</target>
   </keywords>
</keywords>