<?xml version="1.0" encoding="UTF-8"?>
<keywords>
   <keywords>
      <text FeatureID="true_24">turvamoodul</text>
      <target FeatureID="-1" href="SECMOD_HLP_ACCESSCODE_VIEW.html">Turvamooduli PIN-kood</target>
      <target FeatureID="-1" href="SECMOD_HLP_MAIN_VIEW.html">Turvamoodul</target>
      <target FeatureID="-1" href="SEMOD_HLP_SIGNINGCODE_VIEW.html">Allkirjakoodi muutmine</target>
   </keywords>
   <keywords>
      <text FeatureID="true_24">PIN-kood</text>
      <target FeatureID="-1" href="SECMOD_HLP_ACCESSCODE_VIEW.html">Turvamooduli PIN-kood</target>
   </keywords>
   <keywords>
      <text FeatureID="true_24">turvamoodulite koodid</text>
      <target FeatureID="-1" href="SECMOD_HLP_CODE_VIEW.html">Turvamoodulite koodid</target>
   </keywords>
   <keywords>
      <text FeatureID="true_24">turvamooduli PIN-kood</text>
      <target FeatureID="-1" href="SECMOD_HLP_CODE_VIEW.html">Turvamoodulite koodid</target>
   </keywords>
   <keywords>
      <text FeatureID="true_24">võtmemälu</text>
      <target FeatureID="-1" href="SECMOD_HLP_MAIN_VIEW.html">Turvamoodul</target>
   </keywords>
   <keywords>
      <text FeatureID="true_24">allkirjakood</text>
      <target FeatureID="-1" href="SEMOD_HLP_SIGNINGCODE_VIEW.html">Allkirjakoodi muutmine</target>
   </keywords>
   <keywords>
      <text FeatureID="true_24">digitaalallkirjad</text>
      <target FeatureID="-1" href="SEMOD_HLP_SIGNINGCODE_VIEW.html">Allkirjakoodi muutmine</target>
   </keywords>
</keywords>