<?xml version="1.0" encoding="UTF-8"?>
<keywords>
   <keywords>
      <text FeatureID="-1">markeri</text>
      <target FeatureID="-1" href="OSS_HLP_BM_ADDBM.html">Dodavanje markera</target>
   </keywords>
   <keywords>
      <text FeatureID="-1">markeri pretraživača</text>
      <target FeatureID="-1" href="OSS_HLP_BM_ADDBM.html">Dodavanje markera</target>
      <target FeatureID="-1" href="OSS_HLP_BM_MAIN.html">Pregledanje markera</target>
   </keywords>
   <keywords>
      <text FeatureID="-1">Web</text>
      <target FeatureID="-1" href="OSS_HLP_BM_ADDBM.html">Dodavanje markera</target>
      <target FeatureID="true_167" href="OSS_HLP_RSS_ADD.html">Dodavanje Web izvoda</target>
      <target FeatureID="-1" href="OSS_HLP_PAGEVIEW.html">Pregledanje Weba</target>
      <target FeatureID="true_167" href="OSS_HLP_RSS_ARTICLE.html">Članci Web izvoda</target>
      <target FeatureID="true_167" href="OSS_HLP_RSS_ARTICLELST.html">Web izvodi</target>
      <target FeatureID="true_167" href="OSS_HLP_RSS_MAIN.html">Web izvodi i blogovi</target>
   </keywords>
   <keywords>
      <text FeatureID="true_167">izvodi</text>
      <target FeatureID="true_167" href="OSS_HLP_RSS_ADD.html">Dodavanje Web izvoda</target>
      <target FeatureID="true_167" href="OSS_HLP_RSS_EDIT.html">Uređivanje Web izvoda</target>
      <target FeatureID="true_167" href="OSS_HLP_RSS_ARTICLE.html">Članci Web izvoda</target>
      <target FeatureID="true_167" href="OSS_HLP_RSS_ARTICLELST.html">Web izvodi</target>
      <target FeatureID="true_167" href="OSS_HLP_RSS_MAIN.html">Web izvodi i blogovi</target>
   </keywords>
   <keywords>
      <text FeatureID="true_167">RSS izvodi</text>
      <target FeatureID="true_167" href="OSS_HLP_RSS_ADD.html">Dodavanje Web izvoda</target>
      <target FeatureID="true_167" href="OSS_HLP_RSS_ARTICLELST.html">Web izvodi</target>
      <target FeatureID="true_167" href="OSS_HLP_RSS_MAIN.html">Web izvodi i blogovi</target>
   </keywords>
   <keywords>
      <text FeatureID="true_167">vesti i blogovi</text>
      <target FeatureID="true_167" href="OSS_HLP_RSS_ADD.html">Dodavanje Web izvoda</target>
      <target FeatureID="true_167" href="OSS_HLP_RSS_EDIT.html">Uređivanje Web izvoda</target>
      <target FeatureID="true_167" href="OSS_HLP_RSS_ARTICLE.html">Članci Web izvoda</target>
      <target FeatureID="true_167" href="OSS_HLP_RSS_ARTICLELST.html">Web izvodi</target>
      <target FeatureID="true_167" href="OSS_HLP_RSS_MAIN.html">Web izvodi i blogovi</target>
   </keywords>
   <keywords>
      <text FeatureID="true_167">blogovi</text>
      <target FeatureID="true_167" href="OSS_HLP_RSS_ADD.html">Dodavanje Web izvoda</target>
      <target FeatureID="true_167" href="OSS_HLP_RSS_EDIT.html">Uređivanje Web izvoda</target>
      <target FeatureID="true_167" href="OSS_HLP_RSS_ARTICLE.html">Članci Web izvoda</target>
      <target FeatureID="true_167" href="OSS_HLP_RSS_ARTICLELST.html">Web izvodi</target>
      <target FeatureID="true_167" href="OSS_HLP_RSS_MAIN.html">Web izvodi i blogovi</target>
   </keywords>
   <keywords>
      <text FeatureID="-1">pregledanje stranica</text>
      <target FeatureID="-1" href="OSS_HLP_PAGEVIEW.html">Pregledanje Weba</target>
   </keywords>
   <keywords>
      <text FeatureID="-1">otvaranje markera</text>
      <target FeatureID="-1" href="OSS_HLP_BM_MAIN.html">Pregledanje markera</target>
   </keywords>
   <keywords>
      <text FeatureID="true_167">rss izvodi</text>
      <target FeatureID="true_167" href="OSS_HLP_RSS_EDIT.html">Uređivanje Web izvoda</target>
      <target FeatureID="true_167" href="OSS_HLP_RSS_ARTICLE.html">Članci Web izvoda</target>
   </keywords>
   <keywords>
      <text FeatureID="true_167">web</text>
      <target FeatureID="true_167" href="OSS_HLP_RSS_EDIT.html">Uređivanje Web izvoda</target>
   </keywords>
   <keywords>
      <text FeatureID="-1">podešavanja pretraživača</text>
      <target FeatureID="-1" href="OSS_HLP_SETTINGS_GENERAL.html">Opšta podešavanja</target>
      <target FeatureID="-1" href="OSS_HLP_SETTINGS_PAGE.html">Podešavanja stranice</target>
      <target FeatureID="-1" href="OSS_HLP_SETTINGS_PRIVACY.html">Podešavanja privatnosti</target>
      <target FeatureID="true_167" href="OSS_HLP_SETTINGS_RSS.html">Podešavanja Web izvoda</target>
      <target FeatureID="-1" href="OSS_HLP_SETTINGS_FOLDERS.html">Web podešavanja</target>
   </keywords>
   <keywords>
      <text FeatureID="-1">Web podešavanja</text>
      <target FeatureID="-1" href="OSS_HLP_SETTINGS_GENERAL.html">Opšta podešavanja</target>
      <target FeatureID="-1" href="OSS_HLP_SETTINGS_PAGE.html">Podešavanja stranice</target>
      <target FeatureID="-1" href="OSS_HLP_SETTINGS_PRIVACY.html">Podešavanja privatnosti</target>
      <target FeatureID="-1" href="OSS_HLP_SETTINGS_FOLDERS.html">Web podešavanja</target>
      <target FeatureID="false_410" href="OSS_HLP_SHORTCUTS.html">Prečice trake sa alatkama</target>
   </keywords>
   <keywords>
      <text FeatureID="-1">podešavanja za Web</text>
      <target FeatureID="-1" href="OSS_HLP_SETTINGS_PAGE.html">Podešavanja stranice</target>
      <target FeatureID="-1" href="OSS_HLP_SETTINGS_FOLDERS.html">Web podešavanja</target>
   </keywords>
   <keywords>
      <text FeatureID="-1">podešavanja privatnosti</text>
      <target FeatureID="-1" href="OSS_HLP_SETTINGS_PRIVACY.html">Podešavanja privatnosti</target>
   </keywords>
   <keywords>
      <text FeatureID="true_167">podešavanje za web</text>
      <target FeatureID="true_167" href="OSS_HLP_SETTINGS_RSS.html">Podešavanja Web izvoda</target>
   </keywords>
   <keywords>
      <text FeatureID="true_167">web podešavanja</text>
      <target FeatureID="true_167" href="OSS_HLP_SETTINGS_RSS.html">Podešavanja Web izvoda</target>
   </keywords>
   <keywords>
      <text FeatureID="-1">otvaranje određene stranice</text>
      <target FeatureID="-1" href="OSS_HLP_PAGEVIEW_EMBED.html">Web u aplikacijama</target>
   </keywords>
   <keywords>
      <text FeatureID="-1">Web u aplikacijama</text>
      <target FeatureID="-1" href="OSS_HLP_PAGEVIEW_EMBED.html">Web u aplikacijama</target>
   </keywords>
   <keywords>
      <text FeatureID="false_410">podešavanja pregledača</text>
      <target FeatureID="false_410" href="OSS_HLP_SHORTCUTS.html">Prečice trake sa alatkama</target>
   </keywords>
</keywords>