<?xml version="1.0" encoding="UTF-8"?>
<keywords>
   <keywords>
      <text FeatureID="-1">定制情景模式</text>
      <target FeatureID="-1" href="MODE_HLP_PERSONALISE.html">定制情景模式</target>
   </keywords>
   <keywords>
      <text FeatureID="-1">铃声设置</text>
      <target FeatureID="-1" href="SET_HLP_PERSONAL_TONES.html">铃声设置</target>
   </keywords>
   <keywords>
      <text FeatureID="-1">铃声</text>
      <target FeatureID="-1" href="SET_HLP_PERSONAL_TONES.html">铃声设置</target>
   </keywords>
   <keywords>
      <text FeatureID="-1">情景模式</text>
      <target FeatureID="-1" href="MODE_HLP_PROFILES_LIST.html">情景模式</target>
   </keywords>
   <keywords>
      <text FeatureID="-1">更改情景模式</text>
      <target FeatureID="-1" href="MODE_HLP_PROFILES_LIST.html">情景模式</target>
   </keywords>
</keywords>