<?xml version="1.0" encoding="UTF-8"?><?xml-stylesheet  href="../../theme/xsl/index2html.xslt" type="text/xsl"?>
<topics FeatureID="-1" title="行事曆" compressed="true">
   <topicref FeatureID="-1" href="CALE_HLP_NOTE_VIEWER.html" navtitle="行事曆項目"/>
   <topicref FeatureID="-1" href="CALE_HLP_SETTINGS.html" navtitle="行事曆設定"/>
   <topicref FeatureID="-1" href="CALE_HLP_DAY_VIEW.html" navtitle="以日檢視"/>
   <topicref FeatureID="-1" href="CALE_HLP_NOTE_MEETING.html" navtitle="會議項目"/>
   <topicref FeatureID="-1" href="CALE_HLP_MONTH_VIEW.html" navtitle="以月檢視"/>
   <topicref FeatureID="-1" href="CALE_HLP_TODO_NOTE.html" navtitle="待辦事項項目"/>
   <topicref FeatureID="-1" href="CALE_HLP_TODO_VIEW.html" navtitle="待辦事項檢視"/>
   <topicref FeatureID="-1" href="CALE_HLP_WEEK_VIEW.html" navtitle="以週檢視"/>
   <topicref FeatureID="-1" href="CALE_HLP_CALENDAR_DATABASE_SETTINGS.html" navtitle="多個行事曆設定"/>
   <topicref FeatureID="-1" href="CALE_HLP_CALE_MAN_VIEW.html" navtitle="行事曆管理檢視"/>
   <topicref FeatureID="-1" href="CALE_HLP_ATTACH_VIEW.html" navtitle="附件檢視"/>
   <topicref FeatureID="-1" href="CALE_HLP_MAV.html" navtitle="錯過的鬧鈴檢視"/>
</topics>