<?xml version="1.0" encoding="UTF-8"?>
<keywords>
   <keywords>
      <text FeatureID="-1">gailuaren kudeaketa</text>
      <target FeatureID="-1" href="CP_HLP_DEVICE_MANAGEMENT.html">Gailuaren kudeaketa</target>
   </keywords>
   <keywords>
      <text FeatureID="true_109">EAP (Extensible Authentication Protocol)</text>
      <target FeatureID="true_109" href="SET_HLP_WLAN_EAP_SIM.html">EAP-SIM ezarpenak</target>
   </keywords>
   <keywords>
      <text FeatureID="true_109">ezarpenak, WLAN</text>
      <target FeatureID="true_109" href="SET_HLP_WLAN_EAP_SIM.html">EAP-SIM ezarpenak</target>
   </keywords>
   <keywords>
      <text FeatureID="-1">sarguneak mugatzen</text>
      <target FeatureID="-1" href="ACL_HLP_MAIN.html">Konexioak mugatzea</target>
   </keywords>
   <keywords>
      <text FeatureID="-1">konexiorako ezarpenak</text>
      <target FeatureID="-1" href="SET_HLP_CONN_DEST_VIEW.html">Helburuaren ikuspegia</target>
      <target FeatureID="-1" href="SET_HLP_DEFAULT_CONN.html">Lehenetsitako konexioa</target>
      <target FeatureID="-1" href="SET_HLP_CONN_METHODS_VIEW.html">Sarbidearen ikuspegia</target>
      <target FeatureID="true_1537" href="RD_HLP_REMOTE_DRIVE_CONFIG.html">Urruneko unitateen ezarpenak</target>
      <target FeatureID="true_1537" href="RD_HLP_REMOTE_DRIVES.html">Urruneko unitateak</target>
   </keywords>
   <keywords>
      <text FeatureID="-1">helburuaren ezarpenak</text>
      <target FeatureID="-1" href="SET_HLP_CONN_DEST_VIEW.html">Helburuaren ikuspegia</target>
   </keywords>
   <keywords>
      <text FeatureID="-1">lehenetsitako konexioa</text>
      <target FeatureID="-1" href="SET_HLP_DEFAULT_CONN.html">Lehenetsitako konexioa</target>
   </keywords>
   <keywords>
      <text FeatureID="-1">VPN sarbideak</text>
      <target FeatureID="true_99" href="SET_HLP_VPN_DEST_ASSOC_VIEW.html">VPN konexioak</target>
      <target FeatureID="-1" href="SET_HLP_VPN_AP_SETTINGS_VIEW.html">VPN sarbideak editatu</target>
   </keywords>
   <keywords>
      <text FeatureID="-1">sarbideak</text>
      <target FeatureID="-1" href="SET_HLP_CONN_METHODS_VIEW.html">Sarbidearen ikuspegia</target>
   </keywords>
   <keywords>
      <text FeatureID="-1">konexioen aplikazioak</text>
      <target FeatureID="-1" href="SET_HLP_APP_DEST_ASSOC_VIEW.html">Konexioen aplikazioak</target>
   </keywords>
   <keywords>
      <text FeatureID="-1">aplikazioen ezarpenak</text>
      <target FeatureID="-1" href="CP_HLP_APPILICATION_SETTINGS.html">Aplikazioen ezarpenak</target>
   </keywords>
   <keywords>
      <text FeatureID="-1">deiak, ezarpenak</text>
      <target FeatureID="-1" href="SCP_HLP_CALL.html">Deiaren ezarpenak</target>
   </keywords>
   <keywords>
      <text FeatureID="-1">ezarpenak, deiak</text>
      <target FeatureID="-1" href="SCP_HLP_CALL.html">Deiaren ezarpenak</target>
   </keywords>
   <keywords>
      <text FeatureID="-1">konektibitatea</text>
      <target FeatureID="-1" href="CP_HLP_CONNECTIVITY.html">Konektibitate ezarpenak</target>
   </keywords>
   <keywords>
      <text FeatureID="-1">kontrol-panela</text>
      <target FeatureID="-1" href="CP_HLP_DISPLAY.html">Pantailaren ezarpenak</target>
      <target FeatureID="-1" href="CP_HLP_IDLE.html">Hasierako pantaila</target>
      <target FeatureID="__DUAL_LANGUAGE_SUPPORT=true" href="CP_HLP_WRITING_LANGUAGE.html">Idazteko hizkuntza</target>
   </keywords>
   <keywords>
      <text FeatureID="-1">pantailaren ezarpenak</text>
      <target FeatureID="-1" href="CP_HLP_DISPLAY.html">Pantailaren ezarpenak</target>
   </keywords>
   <keywords>
      <text FeatureID="-1">ezarpen orokorrak</text>
      <target FeatureID="-1" href="CP_HLP_DEVICE.html">Gailuaren ezarpenak</target>
   </keywords>
   <keywords>
      <text FeatureID="-1">gailuaren ezarpenak</text>
      <target FeatureID="-1" href="CP_HLP_DEVICE.html">Gailuaren ezarpenak</target>
   </keywords>
   <keywords>
      <text FeatureID="-1">hizkuntzaren ezarpenak</text>
      <target FeatureID="-1" href="CP_HLP_LANGUAGE.html">Hizkuntzaren ezarpenak</target>
   </keywords>
   <keywords>
      <text FeatureID="-1">ezarpenak</text>
      <target FeatureID="-1" href="CP_HLP_MAIN_VIEW.html">Ezarpenak</target>
   </keywords>
   <keywords>
      <text FeatureID="-1">sareko ezarpenak</text>
      <target FeatureID="-1" href="CP_HLP_NETWORK.html">Sareko ezarpenak</target>
      <target FeatureID="-1" href="CP_HLP_NETWORK.html">Sareko ezarpenak</target>
   </keywords>
   <keywords>
      <text FeatureID="-1">profila</text>
      <target FeatureID="-1" href="CP_HLP_PERSONAL.html">Ikuspegi pertsonala</target>
   </keywords>
   <keywords>
      <text FeatureID="-1">gaia</text>
      <target FeatureID="-1" href="CP_HLP_PERSONAL.html">Ikuspegi pertsonala</target>
   </keywords>
   <keywords>
      <text FeatureID="-1">egonean</text>
      <target FeatureID="-1" href="CP_HLP_PERSONAL.html">Ikuspegi pertsonala</target>
   </keywords>
   <keywords>
      <text FeatureID="-1">segurtasuna, ezarpenak</text>
      <target FeatureID="-1" href="CP_HLP_SECURITY.html">Segurtasun ezarpenak</target>
   </keywords>
   <keywords>
      <text FeatureID="-1">ezarpenak, segurtasuna</text>
      <target FeatureID="-1" href="CP_HLP_SECURITY.html">Segurtasun ezarpenak</target>
   </keywords>
   <keywords>
      <text FeatureID="-1">gailua, blokeoa</text>
      <target FeatureID="-1" href="SET_HLP_SECURITY_DEVICE_SIM.html">Gailuaren segurtasuna</target>
   </keywords>
   <keywords>
      <text FeatureID="-1">segurtasuna</text>
      <target FeatureID="-1" href="SET_HLP_SECURITY_DEVICE_SIM.html">Gailuaren segurtasuna</target>
   </keywords>
   <keywords>
      <text FeatureID="-1">hasierako pantailaren ezarpenak</text>
      <target FeatureID="-1" href="CP_HLP_IDLE.html">Hasierako pantaila</target>
   </keywords>
   <keywords>
      <text FeatureID="__DUAL_LANGUAGE_SUPPORT=true">idazteko hizkuntza</text>
      <target FeatureID="__DUAL_LANGUAGE_SUPPORT=true" href="CP_HLP_WRITING_LANGUAGE.html">Idazteko hizkuntza</target>
   </keywords>
   <keywords>
      <text FeatureID="-1">jakinarazpen argia</text>
      <target FeatureID="-1" href="ES_HLP_LIGHT_MAIN.html">Jakinarazpen argia</target>
      <target FeatureID="-1" href="ES_HLP_LIGHT_BLINKING.html">Argi-abisuen ezarpenak</target>
   </keywords>
   <keywords>
      <text FeatureID="-1">osagarrien ezarpenak</text>
      <target FeatureID="-1" href="SET_HLP_ACCESSORIES_LIST.html">Osagarrien ezarpenak</target>
      <target FeatureID="true_1032" href="SET_HLP_ACCESSORIES_TTY.html">Telefonoaren testu ezarpenak</target>
      <target FeatureID="true_1540" href="SET_HLP_ACCESSORIES_TVOUT.html">TV irteera ezarpenak</target>
   </keywords>
   <keywords>
      <text FeatureID="-1">datu-paketeen sarbideak</text>
      <target FeatureID="-1" href="SET_HLP_AP_SETTING_GPRS.html">Datu-paketeen sarbideak</target>
      <target FeatureID="-1" href="SET_HLP_AP_SETTING_GPRS_AS.html">Datu-paketeen ezarpen aurreratuak</target>
   </keywords>
   <keywords>
      <text FeatureID="-1">datu-paketeen ezarpenak</text>
      <target FeatureID="-1" href="SET_HLP_AP_SETTING_GPRS_AS.html">Datu-paketeen ezarpen aurreratuak</target>
   </keywords>
   <keywords>
      <text FeatureID="true_1088 true_110">datu-deien sarbideak</text>
      <target FeatureID="true_110" href="SET_HLP_AP_DATA_AS_IPV4.html">IPv4 datu-deien ezarpenak</target>
      <target FeatureID="true_1088" href="SET_HLP_AP_DATA_AS_IPV6.html">IPv6 datu-deien ezarpenak</target>
      <target FeatureID="true_110" href="SET_HLP_AP_SETTING_DATA_AS.html">Datu-deien ezarpen aurreratuak</target>
   </keywords>
   <keywords>
      <text FeatureID="true_110">sarbidearen ezarpenak</text>
      <target FeatureID="true_110" href="SET_HLP_AP_SETTING_DATA.html">Datu-deien sarbidea</target>
      <target FeatureID="true_110" href="SET_HLP_AP_SETTING_DATA_AS.html">Datu-deien ezarpen aurreratuak</target>
   </keywords>
   <keywords>
      <text FeatureID="true_110">datu-deien ezarpenak</text>
      <target FeatureID="true_110" href="SET_HLP_AP_SETTING_DATA.html">Datu-deien sarbidea</target>
   </keywords>
   <keywords>
      <text FeatureID="-1">sare pribatu birtuala</text>
      <target FeatureID="-1" href="SET_HLP_VPN_AP_SETTINGS_VIEW.html">VPN sarbideak editatu</target>
   </keywords>
   <keywords>
      <text FeatureID="-1">tekla-babeslea</text>
      <target FeatureID="-1" href="CP_HLP_AUTOKEYGUARD.html">Tekla-babesle automatikoa</target>
   </keywords>
   <keywords>
      <text FeatureID="true_1537">urruneko unitateak</text>
      <target FeatureID="true_1537" href="RD_HLP_REMOTE_DRIVE_CONFIG.html">Urruneko unitateen ezarpenak</target>
      <target FeatureID="true_1537" href="RD_HLP_REMOTE_DRIVES.html">Urruneko unitateak</target>
   </keywords>
   <keywords>
      <text FeatureID="-1">deiak debekatzen</text>
      <target FeatureID="-1" href="SET_HLP_BARRING_SETTINGS.html">Telefono deiak debekatzea</target>
      <target FeatureID="-1" href="SET_HLP_BARRING_SETTINGS.html">Telefono deiak debekatzea</target>
      <target FeatureID="true_298" href="DIV_HLP_BARRING_MAIN.html">Deiak debekatu</target>
      <target FeatureID="true_298" href="DIV_HLP_BARRING_MAIN.html">Deiak debekatu</target>
   </keywords>
   <keywords>
      <text FeatureID="-1">desbideratutako deiak</text>
      <target FeatureID="-1" href="DIV_HLP_CALL_FORW_MAIN.html">Desbideratutako deia</target>
      <target FeatureID="-1" href="DIV_HLP_CALL_FORW_VOI.html">Desbideratutako ahots deiak</target>
   </keywords>
   <keywords>
      <text FeatureID="-1">dei-transferentziak</text>
      <target FeatureID="-1" href="DIV_HLP_CALL_FORW_MAIN.html">Desbideratutako deia</target>
   </keywords>
   <keywords>
      <text FeatureID="-1">sinkronizazio ezarpenak</text>
      <target FeatureID="-1" href="CP_HLP_SYNCHRONISATION.html">Sinkronizazioaren ezarpenak</target>
   </keywords>
   <keywords>
      <text FeatureID="-1">aplikazioak instalatzen</text>
      <target FeatureID="-1" href="CP_HLP_INSTALLATIONS.html">Instalazioak</target>
   </keywords>
   <keywords>
      <text FeatureID="-1">aurikularren ezarpenak</text>
      <target FeatureID="-1" href="SET_HLP_ACCESSORIES_HEADPHONE.html">Aurikularren ezarpenak</target>
   </keywords>
   <keywords>
      <text FeatureID="-1">ezarpen osagarrak</text>
      <target FeatureID="-1" href="SET_HLP_ACCESSORIES_HEADPHONE.html">Aurikularren ezarpenak</target>
      <target FeatureID="-1" href="SET_HLP_ACCESS_WIRED_CK.html">Autoko kit haridunaren ezarpenak</target>
   </keywords>
   <keywords>
      <text FeatureID="-1">entzungailuen ezarpenak</text>
      <target FeatureID="-1" href="SET_HLP_ACCESSORIES_HEADSET.html">Entzungailuen ezarpenak</target>
   </keywords>
   <keywords>
      <text FeatureID="-1">ezarpen osagarriak</text>
      <target FeatureID="-1" href="SET_HLP_ACCESSORIES_HEADSET.html">Entzungailuen ezarpenak</target>
   </keywords>
   <keywords>
      <text FeatureID="-1">autorako kit haridunaren ezarpenak</text>
      <target FeatureID="-1" href="SET_HLP_ACCESS_WIRED_CK.html">Autoko kit haridunaren ezarpenak</target>
   </keywords>
   <keywords>
      <text FeatureID="-1">autoko kitaren ezarpenak</text>
      <target FeatureID="-1" href="SET_HLP_ACCESS_WIRED_CK.html">Autoko kit haridunaren ezarpenak</target>
   </keywords>
   <keywords>
      <text FeatureID="-1">atrilaren ezarpenak</text>
      <target FeatureID="-1" href="SET_HLP_ACCESSORIES_MUSIC_ST.html">Atrilaren ezarpenak</target>
   </keywords>
   <keywords>
      <text FeatureID="true_1032">TTY ezarpenak</text>
      <target FeatureID="true_1032" href="SET_HLP_ACCESSORIES_TTY.html">Telefonoaren testu ezarpenak</target>
   </keywords>
   <keywords>
      <text FeatureID="true_1032">TDD ezarpenak</text>
      <target FeatureID="true_1032" href="SET_HLP_ACCESSORIES_TTY.html">Telefonoaren testu ezarpenak</target>
   </keywords>
   <keywords>
      <text FeatureID="true_1540">tb konektorearen ezarpenak</text>
      <target FeatureID="true_1540" href="SET_HLP_ACCESSORIES_TVOUT.html">TV irteera ezarpenak</target>
   </keywords>
</keywords>