<?xml version="1.0" encoding="UTF-8"?><?xml-stylesheet  href="../../theme/xsl/index2html.xslt" type="text/xsl"?>
<topics FeatureID="-1" title="پیغام رسانی" compressed="true">
   <topicref FeatureID="-1" href="IMNG_HLP_SEARCHCHAT.html" navtitle="IM صارفین کی تلاش کریں"/>
   <topicref FeatureID="-1" href="IMNG_HLP_SAVED_VIEW.html" navtitle="حفظ شدہ مذاکرات دیکھیں"/>
   <topicref FeatureID="-1" href="IMNG_HLP_SAVED_LIST.html" navtitle="محفوظ شدہ گفتگو"/>
   <topicref FeatureID="-1" href="IMNG_HLP_IMCHAT.html" navtitle="گروپ کي بات چيت"/>
   <topicref FeatureID="-1" href="IMNG_HLP_GROUP_EDIT.html" navtitle="گروپ ترمیم کرنے کے حقوق"/>
   <topicref FeatureID="-1" href="IMNG_HLP_GROUP_BAN.html" navtitle="IM صارفین کو گروپس سے دور رکھیں"/>
   <topicref FeatureID="-1" href="IMNG_HLP_CONT_OWN_DATA.html" navtitle="ميرا ڈيٹا"/>
   <topicref FeatureID="-1" href="IMNG_HLP_COMMUNITY_VIEW_EMPTY.html" navtitle="IM استعمال کرنا شروع کریں"/>
   <topicref FeatureID="-1" href="IMNG_HLP_COMMUNITY_VIEW.html" navtitle="فوری پیغام رسانی"/>
   <topicref FeatureID="-1" href="IMNG_HLP_BLOCKED_VIEW.html" navtitle="مسدود روابط"/>
   <topicref FeatureID="-1" href="IMNG_HLP_SETTINGS.html" navtitle="IM ترتیبات"/>
   <topicref FeatureID="-1" href="IMNG_HLP_SERVLISTSETT_IM.html" navtitle="IM سرور"/>
   <topicref FeatureID="-1" href="IMNG_HLP_DEFSERVER.html" navtitle="IM سرور ترتیبات"/>
   <topicref FeatureID="-1" href="IMNG_HLP_INVITE.html" navtitle="IM دعوت نامے"/>
   <topicref FeatureID="-1" href="IMNG_HLP_CREATECHAT.html" navtitle="IM گروپ کي ترتيبات"/>
   <topicref FeatureID="-1" href="IMNG_HLP_ACCLIST.html" navtitle="IM گروپ کے ممبران"/>
   <topicref FeatureID="-1" href="IMNG_HLP_CONVERSATIONS.html" navtitle="IM مذاکرات"/>
   <topicref FeatureID="-1" href="IMNG_HLP_CONTACTDETAILS.html" navtitle="IM رابطے کی تفصیلات"/>
   <topicref FeatureID="-1" href="IMNG_HLP_APPSETT.html" navtitle="IM اضافی پروگرام کی ترتیبات"/>
</topics>