<?xml version="1.0" encoding="UTF-8"?>
<keywords>
   <keywords>
      <text FeatureID="-1">IM صارفین کی تلاش کریں</text>
      <target FeatureID="-1" href="IMNG_HLP_SEARCHCHAT.html">IM صارفین کی تلاش کریں</target>
   </keywords>
   <keywords>
      <text FeatureID="-1">فوري پيغام</text>
      <target FeatureID="-1" href="IMNG_HLP_SEARCHCHAT.html">IM صارفین کی تلاش کریں</target>
      <target FeatureID="-1" href="IMNG_HLP_SAVED_VIEW.html">حفظ شدہ مذاکرات دیکھیں</target>
      <target FeatureID="-1" href="IMNG_HLP_SAVED_LIST.html">محفوظ شدہ گفتگو</target>
      <target FeatureID="-1" href="IMNG_HLP_GROUP_EDIT.html">گروپ ترمیم کرنے کے حقوق</target>
      <target FeatureID="-1" href="IMNG_HLP_GROUP_BAN.html">IM صارفین کو گروپس سے دور رکھیں</target>
      <target FeatureID="-1" href="IMNG_HLP_CONT_OWN_DATA.html">ميرا ڈيٹا</target>
      <target FeatureID="-1" href="IMNG_HLP_COMMUNITY_VIEW_EMPTY.html">IM استعمال کرنا شروع کریں</target>
      <target FeatureID="-1" href="IMNG_HLP_COMMUNITY_VIEW.html">فوری پیغام رسانی</target>
      <target FeatureID="-1" href="IMNG_HLP_CREATECHAT.html">IM گروپ کي ترتيبات</target>
      <target FeatureID="-1" href="IMNG_HLP_ACCLIST.html">IM گروپ کے ممبران</target>
      <target FeatureID="-1" href="IMNG_HLP_CONVERSATIONS.html">IM مذاکرات</target>
      <target FeatureID="-1" href="IMNG_HLP_APPSETT.html">IM اضافی پروگرام کی ترتیبات</target>
   </keywords>
   <keywords>
      <text FeatureID="-1">IM صارفين، تلاش کرنا</text>
      <target FeatureID="-1" href="IMNG_HLP_SEARCHCHAT.html">IM صارفین کی تلاش کریں</target>
   </keywords>
   <keywords>
      <text FeatureID="-1">محفوظ شدہ گفتگو</text>
      <target FeatureID="-1" href="IMNG_HLP_SAVED_LIST.html">محفوظ شدہ گفتگو</target>
   </keywords>
   <keywords>
      <text FeatureID="-1">IM ‏(فوری پیغام رسانی)</text>
      <target FeatureID="-1" href="IMNG_HLP_IMCHAT.html">گروپ کي بات چيت</target>
   </keywords>
   <keywords>
      <text FeatureID="-1">IM گروپ کا شامل ہونا</text>
      <target FeatureID="-1" href="IMNG_HLP_IMCHAT.html">گروپ کي بات چيت</target>
   </keywords>
   <keywords>
      <text FeatureID="-1">ترمیم کرنے کے حقوق</text>
      <target FeatureID="-1" href="IMNG_HLP_GROUP_EDIT.html">گروپ ترمیم کرنے کے حقوق</target>
   </keywords>
   <keywords>
      <text FeatureID="-1">دور رکھنے والوں کی فہرست</text>
      <target FeatureID="-1" href="IMNG_HLP_GROUP_BAN.html">IM صارفین کو گروپس سے دور رکھیں</target>
   </keywords>
   <keywords>
      <text FeatureID="-1">IM گروپ کے ممبران</text>
      <target FeatureID="-1" href="IMNG_HLP_GROUP_BAN.html">IM صارفین کو گروپس سے دور رکھیں</target>
      <target FeatureID="-1" href="IMNG_HLP_ACCLIST.html">IM گروپ کے ممبران</target>
   </keywords>
   <keywords>
      <text FeatureID="-1">IM روابط</text>
      <target FeatureID="-1" href="IMNG_HLP_CONT_OWN_DATA.html">ميرا ڈيٹا</target>
      <target FeatureID="-1" href="IMNG_HLP_BLOCKED_VIEW.html">مسدود روابط</target>
      <target FeatureID="-1" href="IMNG_HLP_CONTACTDETAILS.html">IM رابطے کی تفصیلات</target>
   </keywords>
   <keywords>
      <text FeatureID="-1">IM</text>
      <target FeatureID="-1" href="IMNG_HLP_COMMUNITY_VIEW_EMPTY.html">IM استعمال کرنا شروع کریں</target>
      <target FeatureID="-1" href="IMNG_HLP_COMMUNITY_VIEW.html">فوری پیغام رسانی</target>
      <target FeatureID="-1" href="IMNG_HLP_CONVERSATIONS.html">IM مذاکرات</target>
   </keywords>
   <keywords>
      <text FeatureID="-1">روکے گئے IM روابط</text>
      <target FeatureID="-1" href="IMNG_HLP_BLOCKED_VIEW.html">مسدود روابط</target>
   </keywords>
   <keywords>
      <text FeatureID="-1">IM ترتیبات</text>
      <target FeatureID="-1" href="IMNG_HLP_SETTINGS.html">IM ترتیبات</target>
      <target FeatureID="-1" href="IMNG_HLP_APPSETT.html">IM اضافی پروگرام کی ترتیبات</target>
   </keywords>
   <keywords>
      <text FeatureID="-1">IM سرور</text>
      <target FeatureID="-1" href="IMNG_HLP_SERVLISTSETT_IM.html">IM سرور</target>
   </keywords>
   <keywords>
      <text FeatureID="-1">IM سرور ترتیبات</text>
      <target FeatureID="-1" href="IMNG_HLP_DEFSERVER.html">IM سرور ترتیبات</target>
   </keywords>
   <keywords>
      <text FeatureID="-1">سرور ترتیبات</text>
      <target FeatureID="-1" href="IMNG_HLP_DEFSERVER.html">IM سرور ترتیبات</target>
   </keywords>
   <keywords>
      <text FeatureID="-1">دعوت نامے</text>
      <target FeatureID="-1" href="IMNG_HLP_INVITE.html">IM دعوت نامے</target>
   </keywords>
   <keywords>
      <text FeatureID="-1">IM گروپ کي ترتيبات</text>
      <target FeatureID="-1" href="IMNG_HLP_CREATECHAT.html">IM گروپ کي ترتيبات</target>
   </keywords>
   <keywords>
      <text FeatureID="-1">بات چیت</text>
      <target FeatureID="-1" href="IMNG_HLP_CONVERSATIONS.html">IM مذاکرات</target>
   </keywords>
   <keywords>
      <text FeatureID="-1">فوری پیغام رسانی</text>
      <target FeatureID="-1" href="IMNG_HLP_CONTACTDETAILS.html">IM رابطے کی تفصیلات</target>
   </keywords>
</keywords>