<?xml version="1.0" encoding="UTF-8"?>
<keywords>
   <keywords>
      <text FeatureID="-1">اي ميل اکاؤنٹ کي ترتيبات</text>
      <target FeatureID="-1" href="FSE_HLP_IMS_SETTINGS_ACCT_INFO.html">ای میل اکاؤنٹ سیٹنگیں</target>
   </keywords>
   <keywords>
      <text FeatureID="-1">برتر میل باکس کی ترتیبات</text>
      <target FeatureID="-1" href="FSE_HLP_IMS_SETTINGS_ADVANCED.html">برتر ای میل بکس کی ترتیبات</target>
   </keywords>
   <keywords>
      <text FeatureID="-1">میل باکس کی ترتیبات</text>
      <target FeatureID="-1" href="FSE_HLP_IMS_SETTINGS_MAILBOX.html">میل بکس کی ترتیبات</target>
   </keywords>
   <keywords>
      <text FeatureID="-1">ای میل سنکرونائزیشن کے اجزا</text>
      <target FeatureID="-1" href="FSE_HLP_IMS_SETTINGS_WHAT_SYNC.html">سنک کے اجزا واضح کریں</target>
   </keywords>
   <keywords>
      <text FeatureID="-1">ای میل سنکرونائزیشن کا وقت</text>
      <target FeatureID="-1" href="FSE_HLP_IMS_SETTINGS_WHEN_SYNC.html">سنک کا وقت واضح کریں</target>
   </keywords>
   <keywords>
      <text FeatureID="-1">ای میل فولڈر کی سنکرونائزیشن</text>
      <target FeatureID="-1" href="FSE_HLP_IMS_SETTINGS_FOLDER.html">ای میل فولڈرز ہم آہنگ کریں۔</target>
   </keywords>
   <keywords>
      <text FeatureID="-1">اي ميل خدمت کي ترتيبات</text>
      <target FeatureID="-1" href="FSE_HLP_SETTINGS_INTELL_LIST.html">ای میل خدمت کی ترتیبات</target>
   </keywords>
   <keywords>
      <text FeatureID="-1">اي ميل کي ترتيبات</text>
      <target FeatureID="-1" href="FSE_HLP_IMS_SETTINGS_MAIN_VIEW.html">ای میل کی ترتیبات</target>
   </keywords>
   <keywords>
      <text FeatureID="-1">Intellisync</text>
      <target FeatureID="-1" href="FSE_HLP_IMS_LAUNCHER_MAIN_VIEW.html">Intellisync ای میل</target>
   </keywords>
</keywords>