<?xml version="1.0" encoding="UTF-8"?>
<keywords>
   <keywords>
      <text FeatureID="-1">גלויה</text>
      <target FeatureID="-1" href="MMS_POSTCARD_HLP_ADDRESS_EDIT.html">עריכת כתובות</target>
      <target FeatureID="-1" href="POSTCARD_HLP_ADDRESS_VIEW.html">הצגת כתובות</target>
      <target FeatureID="-1" href="POSTCARD_HLP_GREETING_EDIT.html">כתיבת ברכות</target>
      <target FeatureID="-1" href="POSTCARD_HLP_GREETING_VIEW.html">הצגת ברכות</target>
      <target FeatureID="-1" href="MMS_POSTCARD_HLP_MAIN_EDIT.html">יצירת גלויות</target>
   </keywords>
   <keywords>
      <text FeatureID="-1">שליחת גלויות</text>
      <target FeatureID="-1" href="MMS_POSTCARD_HLP_ADDRESS_EDIT.html">עריכת כתובות</target>
      <target FeatureID="-1" href="POSTCARD_HLP_GREETING_EDIT.html">כתיבת ברכות</target>
      <target FeatureID="-1" href="MMS_POSTCARD_HLP_MAIN_EDIT.html">יצירת גלויות</target>
   </keywords>
   <keywords>
      <text FeatureID="-1">גלויות</text>
      <target FeatureID="-1" href="MMS_POSTCARD_HLP_MAIN_VIEW.html">הצגת גלויות</target>
   </keywords>
</keywords>