<?xml version="1.0" encoding="UTF-8"?>
<keywords>
   <keywords>
      <text FeatureID="-1">kamera</text>
      <target FeatureID="-1" href="LCAM_HLP_VIEWFINDER_PHOTO.html">Robienie zdjęć</target>
      <target FeatureID="false_410" href="LCAM_HLP_LIGHT_SENSITIVITY.html">Zmiana światłoczułości</target>
      <target FeatureID="false_410" href="LCAM_HLP_SCENES_VIDEO.html">Sceny wideo</target>
      <target FeatureID="-1" href="LCAM_HLP_POST_VIDEO.html">Odtwarzanie plików wideo</target>
      <target FeatureID="-1" href="LCAM_HLP_POST_PHOTO.html">Wyświetlanie zrobionych zdjęć</target>
   </keywords>
   <keywords>
      <text FeatureID="-1">robienie zdjęć</text>
      <target FeatureID="-1" href="LCAM_HLP_VIEWFINDER_PHOTO.html">Robienie zdjęć</target>
   </keywords>
   <keywords>
      <text FeatureID="false_410">światłoczułość</text>
      <target FeatureID="false_410" href="LCAM_HLP_LIGHT_SENSITIVITY.html">Zmiana światłoczułości</target>
   </keywords>
   <keywords>
      <text FeatureID="-1">programy tematyczne kamery</text>
      <target FeatureID="-1" href="LCAM_HLP_SETTINGS_PHOUSER.html">Określanie programów tematycznych</target>
   </keywords>
   <keywords>
      <text FeatureID="-1">Foto-Wideo</text>
      <target FeatureID="-1" href="LCAM_HLP_SCENES_PHOTO.html">Programy tematyczne zdjęć</target>
      <target FeatureID="-1" href="LCAM_HLP_VIEWFINDER_VIDEO.html">Nagrywanie plików wideo</target>
      <target FeatureID="-1" href="LCAM_HLP_VIEWFINDER_VIDEO_EM.html">Pliki wideo w aplikacjach</target>
   </keywords>
   <keywords>
      <text FeatureID="-1">programy tematyczne</text>
      <target FeatureID="-1" href="LCAM_HLP_SCENES_PHOTO.html">Programy tematyczne zdjęć</target>
   </keywords>
   <keywords>
      <text FeatureID="-1">ustawienia foto-wideo</text>
      <target FeatureID="-1" href="LCAM_HLP_SETTINGS.html">Ustawienia kamery</target>
   </keywords>
   <keywords>
      <text FeatureID="-1">foto-wideo, ustawienia</text>
      <target FeatureID="-1" href="LCAM_HLP_SETTINGS_PHOTO.html">Ustawienia zdjęć</target>
      <target FeatureID="-1" href="LCAM_HLP_SETTINGS_VIDEO.html">Ustawienia wideo</target>
   </keywords>
   <keywords>
      <text FeatureID="-1">nagrywanie wideo</text>
      <target FeatureID="-1" href="LCAM_HLP_VIEWFINDER_VIDEO.html">Nagrywanie plików wideo</target>
   </keywords>
   <keywords>
      <text FeatureID="false_410">programy tematyczne wideo</text>
      <target FeatureID="false_410" href="LCAM_HLP_SCENES_VIDEO.html">Sceny wideo</target>
   </keywords>
   <keywords>
      <text FeatureID="-1">wideo, ustawienia</text>
      <target FeatureID="-1" href="LCAM_HLP_SETTINGS_VIDEO.html">Ustawienia wideo</target>
   </keywords>
   <keywords>
      <text FeatureID="-1">pliki wideo w aplikacjach</text>
      <target FeatureID="-1" href="LCAM_HLP_VIEWFINDER_VIDEO_EM.html">Pliki wideo w aplikacjach</target>
   </keywords>
   <keywords>
      <text FeatureID="false_410 true_132">foto-wideo</text>
      <target FeatureID="false_410" href="LCAM_HLP_STANDYBY_EM.html">Kamera nieaktywna</target>
      <target FeatureID="true_132" href="LCAM_HLP_POST_SEQ.html">Wyświetl zdjęcia zrobione w sekwencji.</target>
   </keywords>
   <keywords>
      <text FeatureID="-1">odtwarzanie plików wideo</text>
      <target FeatureID="-1" href="LCAM_HLP_POST_VIDEO.html">Odtwarzanie plików wideo</target>
   </keywords>
   <keywords>
      <text FeatureID="-1">kamera w aplikacjach</text>
      <target FeatureID="-1" href="LCAM_HLP_VIEWFINDER_PHOTO_EM.html">Zdjęcia w aplikacjach</target>
   </keywords>
   <keywords>
      <text FeatureID="-1">wyświetlanie zdjęć</text>
      <target FeatureID="-1" href="LCAM_HLP_POST_PHOTO.html">Wyświetlanie zrobionych zdjęć</target>
   </keywords>
   <keywords>
      <text FeatureID="true_132">tryb sekwencyjny</text>
      <target FeatureID="true_132" href="LCAM_HLP_POST_SEQ.html">Wyświetl zdjęcia zrobione w sekwencji.</target>
   </keywords>
</keywords>