<?xml version="1.0" encoding="UTF-8"?>
<keywords>
   <keywords>
      <text FeatureID="true_410">שיחות, ביצוע</text>
      <target FeatureID="true_410" href="DIALER_HLP_MAIN.html">ביצוע שיחות טלפון</target>
   </keywords>
   <keywords>
      <text FeatureID="-1">שיחות טלפון</text>
      <target FeatureID="-1" href="INCAL_HLP_CALL_HANDLING.html">שיחות טלפון</target>
   </keywords>
   <keywords>
      <text FeatureID="-1">שיחות ועידה</text>
      <target FeatureID="-1" href="INCAL_HLP_CALL_HANDLING.html">שיחות טלפון</target>
   </keywords>
   <keywords>
      <text FeatureID="-1">החלפת שיחות</text>
      <target FeatureID="-1" href="INCAL_HLP_CALL_HANDLING.html">שיחות טלפון</target>
   </keywords>
   <keywords>
      <text FeatureID="-1">טלפון</text>
      <target FeatureID="-1" href="INCAL_HLP_CALL_HANDLING.html">שיחות טלפון</target>
   </keywords>
   <keywords>
      <text FeatureID="true_410">צלילי DTMF</text>
      <target FeatureID="true_410" href="DIALER_HLP_SEND_DTMF.html">שליחת צלילי DTMF</target>
   </keywords>
   <keywords>
      <text FeatureID="true_89">שיחות וידאו</text>
      <target FeatureID="true_89" href="INCAL_HLP_VIDEO_CALL.html">שיחות וידאו</target>
   </keywords>
</keywords>