<?xml version="1.0" encoding="UTF-8"?>
<keywords>
   <keywords>
      <text FeatureID="-1">Bluetooth</text>
      <target FeatureID="-1" href="BT_HLP_MAIN.html">Bluetooth</target>
      <target FeatureID="-1" href="BT_HLP_PAIRED.html">Pāra izveide ar ierīcēm</target>
      <target FeatureID="-1" href="BT_HLP_BLOCKED.html">Ierīču bloķēšana</target>
   </keywords>
   <keywords>
      <text FeatureID="-1">Bluetooth uzstādījumi</text>
      <target FeatureID="-1" href="BT_HLP_MAIN.html">Bluetooth</target>
   </keywords>
   <keywords>
      <text FeatureID="-1">ierīču savienošana pārī</text>
      <target FeatureID="-1" href="BT_HLP_PAIRED.html">Pāra izveide ar ierīcēm</target>
   </keywords>
   <keywords>
      <text FeatureID="-1">bloķētas ierīces</text>
      <target FeatureID="-1" href="BT_HLP_BLOCKED.html">Ierīču bloķēšana</target>
   </keywords>
   <keywords>
      <text FeatureID="true_12">bezvadu tastatūra</text>
      <target FeatureID="true_12" href="BTKEYBOARD_HLP_SETTINGS.html">Bezvadu tastatūra</target>
   </keywords>
</keywords>