<?xml version="1.0" encoding="UTF-8"?>
<keywords>
   <keywords>
      <text FeatureID="-1">jaettava sisältö</text>
      <target FeatureID="-1" href="UPNP_HLP_SHARE_CONTENT.html">Jaettavan sisällön valinta</target>
   </keywords>
   <keywords>
      <text FeatureID="-1">kotimedia</text>
      <target FeatureID="-1" href="UPNP_HLP_SHARE_CONTENT.html">Jaettavan sisällön valinta</target>
      <target FeatureID="-1" href="UPNP_HLP_SHARING_PROP.html">Jakoasetukset</target>
      <target FeatureID="-1" href="UPNP_HLP_MAIN_VIEW.html">Kotimedia</target>
      <target FeatureID="-1" href="UPNP_HLP_MAIN_EXTERNAL.html">Kotimedialaitteet</target>
      <target FeatureID="-1" href="UPNP_HLP_CONTENT_VIEW.html">Kodin mediatiedostot</target>
      <target FeatureID="-1" href="UPNP_HLP_REMOTE_DEVICES.html">Kotimediakansiot</target>
      <target FeatureID="-1" href="UPNP_HLP_SEARCH.html">Etsinnän tulokset</target>
   </keywords>
   <keywords>
      <text FeatureID="-1">kuvien ja videoiden jako</text>
      <target FeatureID="-1" href="UPNP_HLP_SHARE_CONTENT.html">Jaettavan sisällön valinta</target>
   </keywords>
   <keywords>
      <text FeatureID="-1">mediatiedostojen jako</text>
      <target FeatureID="-1" href="UPNP_HLP_SHARING_PROP.html">Jakoasetukset</target>
      <target FeatureID="-1" href="UPNP_HLP_MAIN_VIEW.html">Kotimedia</target>
      <target FeatureID="-1" href="UPNP_HLP_MAIN_EXTERNAL.html">Kotimedialaitteet</target>
      <target FeatureID="-1" href="UPNP_HLP_CONTENT_VIEW.html">Kodin mediatiedostot</target>
      <target FeatureID="-1" href="UPNP_HLP_REMOTE_DEVICES.html">Kotimediakansiot</target>
      <target FeatureID="-1" href="UPNP_HLP_SEARCH.html">Etsinnän tulokset</target>
   </keywords>
   <keywords>
      <text FeatureID="-1">tiedostojen tarkastelu etälaitteella</text>
      <target FeatureID="-1" href="UPNP_HLP_SHARING_PROP.html">Jakoasetukset</target>
      <target FeatureID="-1" href="UPNP_HLP_MAIN_VIEW.html">Kotimedia</target>
      <target FeatureID="-1" href="UPNP_HLP_MAIN_EXTERNAL.html">Kotimedialaitteet</target>
      <target FeatureID="-1" href="UPNP_HLP_CONTENT_VIEW.html">Kodin mediatiedostot</target>
      <target FeatureID="-1" href="UPNP_HLP_REMOTE_DEVICES.html">Kotimediakansiot</target>
      <target FeatureID="-1" href="UPNP_HLP_SEARCH.html">Etsinnän tulokset</target>
   </keywords>
   <keywords>
      <text FeatureID="-1">jaon ominaisuudet</text>
      <target FeatureID="-1" href="UPNP_HLP_SHARING_PROP.html">Jakoasetukset</target>
   </keywords>
</keywords>