<?xml version="1.0" encoding="UTF-8"?>
<keywords>
   <keywords>
      <text FeatureID="-1">kadar pertukaran</text>
      <target FeatureID="-1" href="CNV_HLP_RATES.html">Tetapan mata wang</target>
   </keywords>
   <keywords>
      <text FeatureID="-1">mata wang asas</text>
      <target FeatureID="-1" href="CNV_HLP_RATES.html">Tetapan mata wang</target>
   </keywords>
   <keywords>
      <text FeatureID="-1">penukaran mata wang</text>
      <target FeatureID="-1" href="CNV_HLP_RATES.html">Tetapan mata wang</target>
   </keywords>
   <keywords>
      <text FeatureID="-1">penukar</text>
      <target FeatureID="-1" href="CNV_HLP_MAIN_STATE.html">Tukar unit</target>
   </keywords>
   <keywords>
      <text FeatureID="-1">menukar mata wang</text>
      <target FeatureID="-1" href="CNV_HLP_MAIN_STATE.html">Tukar unit</target>
   </keywords>
</keywords>