<?xml version="1.0" encoding="UTF-8"?>
<keywords>
   <keywords>
      <text FeatureID="-1">رسائل الإذاعة المحمولة</text>
      <target FeatureID="-1" href="CBS_HLP_TOPIC_VIEW.html">رسائل الإذاعة المحمولة</target>
      <target FeatureID="-1" href="CBS_HLP_MAIN.html">موضوعات الإذاعة المحمولة</target>
      <target FeatureID="-1" href="CBS_HLP_MSG.html">عرض رسائل CBS</target>
   </keywords>
   <keywords>
      <text FeatureID="-1">موضوعات الإذاعة المحمولة</text>
      <target FeatureID="-1" href="CBS_HLP_MAIN.html">موضوعات الإذاعة المحمولة</target>
   </keywords>
</keywords>