<?xml version="1.0" encoding="UTF-8"?>
<keywords>
   <keywords>
      <text FeatureID="-1">musika suitea</text>
      <target FeatureID="-1" href="MUS_HLP_MUSIC_SUITE_VIEW.html">Musika suitea</target>
   </keywords>
   <keywords>
      <text FeatureID="-1">musika erreproduzitzailea</text>
      <target FeatureID="-1" href="MUS_HLP_TRACKS_VIEW.html">Abestiak</target>
      <target FeatureID="-1" href="MUS_HLP_CATEGORY_VIEW.html">Musika kategoriak</target>
      <target FeatureID="-1" href="MUS_HLP_PODCAST_MAIN_VIEW.html">Podcastak</target>
      <target FeatureID="-1" href="MUS_HLP_PODCAST_EPISODES.html">Podcasten pasarteak</target>
      <target FeatureID="-1" href="MUS_HLP_PLAYLISTS_VIEW.html">Erreprodukzio zerrendak</target>
      <target FeatureID="-1" href="MUS_HLP_DOWNLOAD_PLAYBACK_VIEW.html">Erreproduzitu sareko musika</target>
      <target FeatureID="-1" href="MUS_HLP_PLAYBACK_VIEW.html">Musika erreproduzitu</target>
      <target FeatureID="-1" href="MUS_HLP_LIB_MAIN_VIEW.html">Musikategia</target>
      <target FeatureID="-1" href="MUS_HLP_METADATA_EDITING.html">Editatu abestiaren informazioa</target>
      <target FeatureID="-1" href="MUS_HLP_ALBUM_ART_EDITING.html">Editatu albumaren azala</target>
      <target FeatureID="-1" href="MUS_HLP_AUDIO_SETT.html">Audioaren ezarpenak</target>
   </keywords>
   <keywords>
      <text FeatureID="-1">podcastak</text>
      <target FeatureID="-1" href="MUS_HLP_PODCAST_MAIN_VIEW.html">Podcastak</target>
      <target FeatureID="-1" href="MUS_HLP_PODCAST_EPISODES.html">Podcasten pasarteak</target>
   </keywords>
   <keywords>
      <text FeatureID="-1">erreprodukzio zerrendak</text>
      <target FeatureID="-1" href="MUS_HLP_PLAYLISTS_VIEW.html">Erreprodukzio zerrendak</target>
   </keywords>
   <keywords>
      <text FeatureID="-1">albumaren azala</text>
      <target FeatureID="-1" href="MUS_HLP_ALBUM_ART_EDITING.html">Editatu albumaren azala</target>
   </keywords>
   <keywords>
      <text FeatureID="-1">baxu sendoak</text>
      <target FeatureID="-1" href="MUS_HLP_AUDIO_SETT.html">Audioaren ezarpenak</target>
   </keywords>
   <keywords>
      <text FeatureID="-1">estereo zabaldua</text>
      <target FeatureID="-1" href="MUS_HLP_AUDIO_SETT.html">Audioaren ezarpenak</target>
   </keywords>
</keywords>