<?xml version="1.0" encoding="UTF-8"?>
<keywords>
   <keywords>
      <text FeatureID="true_24">модуль захисту</text>
      <target FeatureID="-1" href="SECMOD_HLP_ACCESSCODE_VIEW.html">PIN-код модуля захисту</target>
      <target FeatureID="-1" href="SECMOD_HLP_MAIN_VIEW.html">Модуль захисту</target>
      <target FeatureID="-1" href="SEMOD_HLP_SIGNINGCODE_VIEW.html">Редагування коду підпису</target>
   </keywords>
   <keywords>
      <text FeatureID="true_24">PIN-код</text>
      <target FeatureID="-1" href="SECMOD_HLP_ACCESSCODE_VIEW.html">PIN-код модуля захисту</target>
   </keywords>
   <keywords>
      <text FeatureID="true_24">коди модулів захисту</text>
      <target FeatureID="-1" href="SECMOD_HLP_CODE_VIEW.html">Коди модулів захисту</target>
   </keywords>
   <keywords>
      <text FeatureID="true_24">PIN-код для модуля захисту</text>
      <target FeatureID="-1" href="SECMOD_HLP_CODE_VIEW.html">Коди модулів захисту</target>
   </keywords>
   <keywords>
      <text FeatureID="true_24">сховище ключів</text>
      <target FeatureID="-1" href="SECMOD_HLP_MAIN_VIEW.html">Модуль захисту</target>
   </keywords>
   <keywords>
      <text FeatureID="true_24">код підпису</text>
      <target FeatureID="-1" href="SEMOD_HLP_SIGNINGCODE_VIEW.html">Редагування коду підпису</target>
   </keywords>
   <keywords>
      <text FeatureID="true_24">цифрові підписи</text>
      <target FeatureID="-1" href="SEMOD_HLP_SIGNINGCODE_VIEW.html">Редагування коду підпису</target>
   </keywords>
</keywords>