<?xml version="1.0" encoding="UTF-8"?>
<keywords>
   <keywords>
      <text FeatureID="-1">Mail for Exchange</text>
      <target FeatureID="-1" href="FSE_HLP_MFE_LAUNCHER_MAIN_VIEW.html">پست Mail for Exchange</target>
   </keywords>
   <keywords>
      <text FeatureID="-1">تنظیمات پیشرفته صندوق پستی</text>
      <target FeatureID="-1" href="FSE_HLP_MFE_SETTINGS_ADVANCED.html">تنظیمات پیشرفته صندوق پستی</target>
   </keywords>
   <keywords>
      <text FeatureID="-1">تنظیمات همگام سازی ایمیل</text>
      <target FeatureID="-1" href="FSE_HLP_MFE_SETTINGS_PIM_APPS.html">تنظیمات همگام سازی برنامه</target>
   </keywords>
   <keywords>
      <text FeatureID="-1">همگام سازی تقویم</text>
      <target FeatureID="-1" href="FSE_HLP_MFE_CALENDAR_APP.html">تنظیمات همگام سازی تقویم </target>
   </keywords>
   <keywords>
      <text FeatureID="-1">همگام سازی مخاطبین,</text>
      <target FeatureID="-1" href="FSE_HLP_MFE_CONTACTS_APP.html"> تنظیمات همگام سازی مخاطبین</target>
   </keywords>
   <keywords>
      <text FeatureID="-1">تنظیمات صندوق پستی</text>
      <target FeatureID="-1" href="FSE_HLP_MFE_SETTINGS_MAILBOX.html">تنظیمات کلی صندوق پستی</target>
   </keywords>
   <keywords>
      <text FeatureID="-1">محتوای همگام سازی ایمیل</text>
      <target FeatureID="-1" href="FSE_HLP_MFE_SETTINGS_WHAT_SYNC.html">انتخاب محتوای همگام سازی</target>
   </keywords>
   <keywords>
      <text FeatureID="-1">زمان همگام سازی ایمیل</text>
      <target FeatureID="-1" href="FSE_HLP_MFE_SETTINGS_WHEN_SYNC.html">انتخاب زمان همگام سازی</target>
   </keywords>
   <keywords>
      <text FeatureID="-1">همگام سازی پوشه ایمیل</text>
      <target FeatureID="-1" href="FSE_HLP_MFE_SETTINGS_FOLDER.html">تنظیمات همگام سازی</target>
   </keywords>
   <keywords>
      <text FeatureID="-1">تنظیمات ایمیل</text>
      <target FeatureID="-1" href="FSE_HLP_MFE_SETTINGS_MAIN_VIEW.html">تنظیمات ایمیل</target>
   </keywords>
   <keywords>
      <text FeatureID="-1">همگام سازی ورودی کارها</text>
      <target FeatureID="-1" href="FSE_HLP_MFE_TASKS_APP.html">تنظیمات همگام سازی کارها</target>
   </keywords>
</keywords>