<?xml version="1.0" encoding="UTF-8"?><?xml-stylesheet  href="../../theme/xsl/index2html.xslt" type="text/xsl"?>
<topics FeatureID="-1" title="Kamera" compressed="true">
   <topicref FeatureID="-1" href="LCAM_HLP_VIEWFINDER_PHOTO.html" navtitle="Argazkiak ateratzea"/>
   <topicref FeatureID="false_410" href="LCAM_HLP_LIGHT_SENSITIVITY.html" navtitle="Argi sentikortasuna aldatu"/>
   <topicref FeatureID="-1" href="LCAM_HLP_SETTINGS_PHOUSER.html" navtitle="Agertokiak definitu"/>
   <topicref FeatureID="-1" href="LCAM_HLP_SCENES_PHOTO.html" navtitle="Irudien eszenak"/>
   <topicref FeatureID="-1" href="LCAM_HLP_SETTINGS.html" navtitle="Kameraren ezarpenak"/>
   <topicref FeatureID="-1" href="LCAM_HLP_SETTINGS_PHOTO.html" navtitle="Irudien ezarpenak"/>
   <topicref FeatureID="-1" href="LCAM_HLP_VIEWFINDER_VIDEO.html" navtitle="Grabatu bideoak"/>
   <topicref FeatureID="false_410" href="LCAM_HLP_SCENES_VIDEO.html" navtitle="Bideo eszenak"/>
   <topicref FeatureID="-1" href="LCAM_HLP_SETTINGS_VIDEO.html" navtitle="Bideo ezarpenak"/>
   <topicref FeatureID="-1" href="LCAM_HLP_VIEWFINDER_VIDEO_EM.html" navtitle="Bideoak aplikazioetan"/>
   <topicref FeatureID="false_410" href="LCAM_HLP_STANDYBY_EM.html" navtitle="Kamera ez aktiboa"/>
   <topicref FeatureID="-1" href="LCAM_HLP_POST_VIDEO.html" navtitle="Bideo-klipak erreproduzitzea"/>
   <topicref FeatureID="-1" href="LCAM_HLP_VIEWFINDER_PHOTO_EM.html" navtitle="Aplikazioetako irudiak"/>
   <topicref FeatureID="-1" href="LCAM_HLP_POST_PHOTO.html" navtitle="Egindako argazkiak ikustea"/>
   <topicref FeatureID="true_132" href="LCAM_HLP_POST_SEQ.html" navtitle="Ateratako argazkiak sekuentzia batean ikusi"/>
</topics>