<?xml version="1.0" encoding="UTF-8"?>
<keywords>
   <keywords>
      <text FeatureID="-1">kamera</text>
      <target FeatureID="-1" href="LCAM_HLP_VIEWFINDER_PHOTO.html">Argazkiak ateratzea</target>
      <target FeatureID="false_410" href="LCAM_HLP_LIGHT_SENSITIVITY.html">Argi sentikortasuna aldatu</target>
      <target FeatureID="-1" href="LCAM_HLP_SCENES_PHOTO.html">Irudien eszenak</target>
      <target FeatureID="-1" href="LCAM_HLP_VIEWFINDER_VIDEO.html">Grabatu bideoak</target>
      <target FeatureID="false_410" href="LCAM_HLP_SCENES_VIDEO.html">Bideo eszenak</target>
      <target FeatureID="-1" href="LCAM_HLP_VIEWFINDER_VIDEO_EM.html">Bideoak aplikazioetan</target>
      <target FeatureID="false_410" href="LCAM_HLP_STANDYBY_EM.html">Kamera ez aktiboa</target>
      <target FeatureID="-1" href="LCAM_HLP_POST_VIDEO.html">Bideo-klipak erreproduzitzea</target>
      <target FeatureID="-1" href="LCAM_HLP_POST_PHOTO.html">Egindako argazkiak ikustea</target>
      <target FeatureID="true_132" href="LCAM_HLP_POST_SEQ.html">Ateratako argazkiak sekuentzia batean ikusi</target>
   </keywords>
   <keywords>
      <text FeatureID="-1">argazkiak atera</text>
      <target FeatureID="-1" href="LCAM_HLP_VIEWFINDER_PHOTO.html">Argazkiak ateratzea</target>
   </keywords>
   <keywords>
      <text FeatureID="false_410">argiaren sentikortasuna</text>
      <target FeatureID="false_410" href="LCAM_HLP_LIGHT_SENSITIVITY.html">Argi sentikortasuna aldatu</target>
   </keywords>
   <keywords>
      <text FeatureID="-1">kamera eszenak</text>
      <target FeatureID="-1" href="LCAM_HLP_SETTINGS_PHOUSER.html">Agertokiak definitu</target>
   </keywords>
   <keywords>
      <text FeatureID="-1">eszenak</text>
      <target FeatureID="-1" href="LCAM_HLP_SCENES_PHOTO.html">Irudien eszenak</target>
   </keywords>
   <keywords>
      <text FeatureID="-1">kameraren ezarpenak</text>
      <target FeatureID="-1" href="LCAM_HLP_SETTINGS.html">Kameraren ezarpenak</target>
   </keywords>
   <keywords>
      <text FeatureID="-1">kamera, ezarpenak</text>
      <target FeatureID="-1" href="LCAM_HLP_SETTINGS_PHOTO.html">Irudien ezarpenak</target>
      <target FeatureID="-1" href="LCAM_HLP_SETTINGS_VIDEO.html">Bideo ezarpenak</target>
   </keywords>
   <keywords>
      <text FeatureID="-1">grabatu bideoak</text>
      <target FeatureID="-1" href="LCAM_HLP_VIEWFINDER_VIDEO.html">Grabatu bideoak</target>
   </keywords>
   <keywords>
      <text FeatureID="false_410">bideo eszenak</text>
      <target FeatureID="false_410" href="LCAM_HLP_SCENES_VIDEO.html">Bideo eszenak</target>
   </keywords>
   <keywords>
      <text FeatureID="-1">bideoa, ezarpenak</text>
      <target FeatureID="-1" href="LCAM_HLP_SETTINGS_VIDEO.html">Bideo ezarpenak</target>
   </keywords>
   <keywords>
      <text FeatureID="-1">bideo klipak aplikazioetan</text>
      <target FeatureID="-1" href="LCAM_HLP_VIEWFINDER_VIDEO_EM.html">Bideoak aplikazioetan</target>
   </keywords>
   <keywords>
      <text FeatureID="-1">bideo-klipak erreproduzitu</text>
      <target FeatureID="-1" href="LCAM_HLP_POST_VIDEO.html">Bideo-klipak erreproduzitzea</target>
   </keywords>
   <keywords>
      <text FeatureID="-1">kamera aplikazioetan</text>
      <target FeatureID="-1" href="LCAM_HLP_VIEWFINDER_PHOTO_EM.html">Aplikazioetako irudiak</target>
   </keywords>
   <keywords>
      <text FeatureID="-1">argazkiak ikusi</text>
      <target FeatureID="-1" href="LCAM_HLP_POST_PHOTO.html">Egindako argazkiak ikustea</target>
   </keywords>
   <keywords>
      <text FeatureID="true_132">sekuentzia modua</text>
      <target FeatureID="true_132" href="LCAM_HLP_POST_SEQ.html">Ateratako argazkiak sekuentzia batean ikusi</target>
   </keywords>
</keywords>