<?xml version="1.0" encoding="UTF-8"?>
<keywords>
   <keywords>
      <text FeatureID="-1">kamera</text>
      <target FeatureID="-1" href="LCAM_HLP_VIEWFINDER_PHOTO.html">Argazkiak egin</target>
      <target FeatureID="-1" href="LCAM_HLP_LIGHT_SENSITIVITY.html">Argiaren indarra aldatu.</target>
      <target FeatureID="-1" href="LCAM_HLP_SETTINGS_PHOUSER.html">Agertokiak definitu</target>
      <target FeatureID="-1" href="LCAM_HLP_SCENES_PHOTO.html">Irudien eszenak</target>
      <target FeatureID="-1" href="LCAM_HLP_VIEWFINDER_VIDEO.html">Grabatu bideoak</target>
      <target FeatureID="-1" href="LCAM_HLP_SCENES_VIDEO.html">Bideo eszenak</target>
      <target FeatureID="-1" href="LCAM_HLP_VIEWFINDER_VIDEO_EM.html">Bideoak aplikazioetan</target>
      <target FeatureID="-1" href="LCAM_HLP_STANDBY_EM.html">Kamera ez aktiboa</target>
      <target FeatureID="-1" href="LCAM_HLP_POST_VIDEO.html">Bideo klipak erreproduzitu</target>
      <target FeatureID="-1" href="LCAM_HLP_POST_PHOTO.html">Egindako argazkiak ikusi.</target>
   </keywords>
   <keywords>
      <text FeatureID="-1">argazkiak egiten</text>
      <target FeatureID="-1" href="LCAM_HLP_VIEWFINDER_PHOTO.html">Argazkiak egin</target>
   </keywords>
   <keywords>
      <text FeatureID="-1">argiaren indarra</text>
      <target FeatureID="-1" href="LCAM_HLP_LIGHT_SENSITIVITY.html">Argiaren indarra aldatu.</target>
   </keywords>
   <keywords>
      <text FeatureID="-1">eszenak</text>
      <target FeatureID="-1" href="LCAM_HLP_SETTINGS_PHOUSER.html">Agertokiak definitu</target>
      <target FeatureID="-1" href="LCAM_HLP_SCENES_PHOTO.html">Irudien eszenak</target>
   </keywords>
   <keywords>
      <text FeatureID="-1">kameraren ezarpenak</text>
      <target FeatureID="-1" href="LCAM_HLP_SETTINGS.html">Kameraren ezarpenak</target>
   </keywords>
   <keywords>
      <text FeatureID="-1">kamera, ezarpenak</text>
      <target FeatureID="-1" href="LCAM_HLP_SETTINGS_PHOTO.html">Irudien ezarpenak</target>
      <target FeatureID="-1" href="LCAM_HLP_SETTINGS_VIDEO.html">Bideo ezarpenak</target>
   </keywords>
   <keywords>
      <text FeatureID="-1">grabatu bideoak</text>
      <target FeatureID="-1" href="LCAM_HLP_VIEWFINDER_VIDEO.html">Grabatu bideoak</target>
   </keywords>
   <keywords>
      <text FeatureID="-1">bideo eszenak</text>
      <target FeatureID="-1" href="LCAM_HLP_SCENES_VIDEO.html">Bideo eszenak</target>
   </keywords>
   <keywords>
      <text FeatureID="-1">bideoa, ezarpenak</text>
      <target FeatureID="-1" href="LCAM_HLP_SETTINGS_VIDEO.html">Bideo ezarpenak</target>
   </keywords>
   <keywords>
      <text FeatureID="-1">bideo klipak aplikazioetan</text>
      <target FeatureID="-1" href="LCAM_HLP_VIEWFINDER_VIDEO_EM.html">Bideoak aplikazioetan</target>
   </keywords>
   <keywords>
      <text FeatureID="-1">bideoak erreproduzitzen</text>
      <target FeatureID="-1" href="LCAM_HLP_POST_VIDEO.html">Bideo klipak erreproduzitu</target>
   </keywords>
   <keywords>
      <text FeatureID="-1">kamera aplikazioetan</text>
      <target FeatureID="-1" href="LCAM_HLP_VIEWFINDER_PHOTO_EM.html">Aplikazioetako irudiak</target>
   </keywords>
   <keywords>
      <text FeatureID="-1">ikusi argazkiak</text>
      <target FeatureID="-1" href="LCAM_HLP_POST_PHOTO.html">Egindako argazkiak ikusi.</target>
   </keywords>
</keywords>