<?xml version="1.0" encoding="UTF-8"?>
<keywords>
   <keywords>
      <text FeatureID="-1">מסך הבית</text>
      <target FeatureID="-1" href="SET_HLP_HOME_SCREEN.html">מסך הבית</target>
      <target FeatureID="-1" href="SET_HLP_HOME_SCREEN_EDIT.html">עריכת מסך הבית</target>
   </keywords>
   <keywords>
      <text FeatureID="-1">יישומונים</text>
      <target FeatureID="-1" href="WM_HLP_WIDGET_COLLECTION.html">קטלוג יישומונים</target>
   </keywords>
</keywords>