<?xml version="1.0" encoding="UTF-8"?>
<keywords>
   <keywords>
      <text FeatureID="-1">Фотографії</text>
      <target FeatureID="-1" href="LGAL_HLP_ALBUM_LIST.html">Альбоми</target>
      <target FeatureID="-1" href="LGAL_HLP_ALL_GRID.html">Огляд усіх мультимедійних файлів</target>
      <target FeatureID="-1" href="LGAL_HLP_ALBUM_GRID.html">Перегляд мультимедійних файлів в альбомах</target>
      <target FeatureID="-1" href="LGAL_HLP_TAGS_GRID.html">Перегляд мультимедійних файлів із тегами</target>
      <target FeatureID="-1" href="LGAL_HLP_DETAILS_VIEW.html">Перегляд і редагування деталей файлу</target>
      <target FeatureID="-1" href="LGAL_HLP_TAGS_BROWSER.html">Теги</target>
      <target FeatureID="-1" href="LGAL_HLP_MONTH_FULLSCREEN.html">Перегляд мультимедійних файлів за місяцем</target>
      <target FeatureID="-1" href="LGAL_HLP_MONTH_GRID.html">Перегляд мультимедійних файлів за місяцем</target>
      <target FeatureID="-1" href="LGAL_HLP_VIEW_LIST.html">Фотографії</target>
      <target FeatureID="-1" href="LGAL_HLP_MONTH_LIST.html">Місяці</target>
      <target FeatureID="-1" href="LGAL_HLP_SLIDESHOW_SETTINGS.html">Установки показу слайдів</target>
      <target FeatureID="-1" href="LGAL_HLP_ALL_FULLSCREEN.html">Перегляд усіх мультимедійних файлів</target>
      <target FeatureID="-1" href="LGAL_HLP_ALBUM_FULLSCREEN.html">Перегляд мультимедійних файлів в альбомах</target>
      <target FeatureID="-1" href="LGAL_HLP_TAGS_FULLSCREEN.html">Перегляд мультимедійних файлів із тегами</target>
   </keywords>
   <keywords>
      <text FeatureID="-1">альбоми</text>
      <target FeatureID="-1" href="LGAL_HLP_ALBUM_LIST.html">Альбоми</target>
      <target FeatureID="-1" href="LGAL_HLP_ALBUM_GRID.html">Перегляд мультимедійних файлів в альбомах</target>
      <target FeatureID="-1" href="LGAL_HLP_VIEW_LIST.html">Фотографії</target>
      <target FeatureID="-1" href="LGAL_HLP_ALBUM_FULLSCREEN.html">Перегляд мультимедійних файлів в альбомах</target>
   </keywords>
   <keywords>
      <text FeatureID="-1">теги</text>
      <target FeatureID="-1" href="LGAL_HLP_TAGS_GRID.html">Перегляд мультимедійних файлів із тегами</target>
      <target FeatureID="-1" href="LGAL_HLP_TAGS_BROWSER.html">Теги</target>
      <target FeatureID="-1" href="LGAL_HLP_VIEW_LIST.html">Фотографії</target>
      <target FeatureID="-1" href="LGAL_HLP_TAGS_FULLSCREEN.html">Перегляд мультимедійних файлів із тегами</target>
   </keywords>
   <keywords>
      <text FeatureID="-1">показ слайдів</text>
      <target FeatureID="-1" href="LGAL_HLP_SLIDESHOW_SETTINGS.html">Установки показу слайдів</target>
   </keywords>
</keywords>