<?xml version="1.0" encoding="UTF-8"?>
<keywords>
   <keywords>
      <text FeatureID="-1">Informační služba, zprávy</text>
      <target FeatureID="-1" href="CBS_HLP_TOPIC_VIEW.html">Informační služba, zprávy</target>
      <target FeatureID="-1" href="CBS_HLP_MAIN.html">Témata informační služby</target>
      <target FeatureID="-1" href="CBS_HLP_MSG.html">Zobrazení zpráv informační služby</target>
   </keywords>
   <keywords>
      <text FeatureID="-1">informační služba, témata</text>
      <target FeatureID="-1" href="CBS_HLP_MAIN.html">Témata informační služby</target>
   </keywords>
</keywords>