<?xml version="1.0" encoding="UTF-8"?>
<keywords>
   <keywords>
      <text FeatureID="-1">tercihleri özelleştirme</text>
      <target FeatureID="-1" href="MODE_HLP_PERSONALISE.html">Tercihleri özelleştirme</target>
   </keywords>
   <keywords>
      <text FeatureID="-1">ses ayarları</text>
      <target FeatureID="-1" href="SET_HLP_PERSONAL_TONES.html">Ses ayarları</target>
   </keywords>
   <keywords>
      <text FeatureID="-1">zil sesi</text>
      <target FeatureID="-1" href="SET_HLP_PERSONAL_TONES.html">Ses ayarları</target>
   </keywords>
   <keywords>
      <text FeatureID="-1">tercihler</text>
      <target FeatureID="-1" href="MODE_HLP_PROFILES_LIST.html">Tercihler</target>
   </keywords>
   <keywords>
      <text FeatureID="-1">tercihleri değiştirme</text>
      <target FeatureID="-1" href="MODE_HLP_PROFILES_LIST.html">Tercihler</target>
   </keywords>
</keywords>