<?xml version="1.0" encoding="UTF-8"?><?xml-stylesheet  href="../../theme/xsl/index2html.xslt" type="text/xsl"?>
<topics FeatureID="-1" title="Registri" compressed="true">
   <topicref FeatureID="-1" href="GPRS_HLP_MAIN.html" navtitle="Connessioni dati a pacchetto"/>
   <topicref FeatureID="-1" href="LOGS_HLP_COUNTER.html" navtitle="Registri chiamate e dati"/>
   <topicref FeatureID="-1" href="LOGS_HLP_DETAIL.html" navtitle="Dettagli eventi registro"/>
   <topicref FeatureID="-1" href="LOGS_HLP_MAIN.html" navtitle="Informazioni del registro"/>
   <topicref FeatureID="-1" href="LOGS_HLP_SETTING.html" navtitle="Registro, impostazioni"/>
   <topicref FeatureID="-1" href="STM_HLP_DIALLED.html" navtitle="Chiamate effettuate"/>
   <topicref FeatureID="-1" href="STM_HLP_MAIN.html" navtitle="Chiamate recenti"/>
   <topicref FeatureID="-1" href="STM_HLP_MISSED.html" navtitle="Chiamate senza risposta"/>
   <topicref FeatureID="-1" href="STM_HLP_RECEIVED.html" navtitle="Chiamate ricevute"/>
   <topicref FeatureID="-1" href="TIMERS_HLP_MAIN.html" navtitle="Durata chiamate"/>
</topics>