<?xml version="1.0" encoding="UTF-8"?>
<keywords>
   <keywords>
      <text FeatureID="-1">connessioni dati a pacchetto</text>
      <target FeatureID="-1" href="GPRS_HLP_MAIN.html">Connessioni dati a pacchetto</target>
      <target FeatureID="-1" href="LOGS_HLP_COUNTER.html">Registri chiamate e dati</target>
   </keywords>
   <keywords>
      <text FeatureID="-1">durata delle chiamate</text>
      <target FeatureID="-1" href="LOGS_HLP_COUNTER.html">Registri chiamate e dati</target>
   </keywords>
   <keywords>
      <text FeatureID="-1">chiamate recenti</text>
      <target FeatureID="-1" href="LOGS_HLP_COUNTER.html">Registri chiamate e dati</target>
      <target FeatureID="-1" href="STM_HLP_MAIN.html">Chiamate recenti</target>
   </keywords>
   <keywords>
      <text FeatureID="-1">registri</text>
      <target FeatureID="-1" href="LOGS_HLP_DETAIL.html">Dettagli eventi registro</target>
      <target FeatureID="-1" href="LOGS_HLP_MAIN.html">Informazioni del registro</target>
   </keywords>
   <keywords>
      <text FeatureID="-1">Impostazioni registro</text>
      <target FeatureID="-1" href="LOGS_HLP_SETTING.html">Registro, impostazioni</target>
   </keywords>
   <keywords>
      <text FeatureID="-1">chiamate effettuate</text>
      <target FeatureID="-1" href="STM_HLP_DIALLED.html">Chiamate effettuate</target>
   </keywords>
   <keywords>
      <text FeatureID="-1">registro chiamate</text>
      <target FeatureID="-1" href="STM_HLP_MAIN.html">Chiamate recenti</target>
   </keywords>
   <keywords>
      <text FeatureID="-1">senza risposta, chiamate</text>
      <target FeatureID="-1" href="STM_HLP_MISSED.html">Chiamate senza risposta</target>
   </keywords>
   <keywords>
      <text FeatureID="-1">chiamate ricevute</text>
      <target FeatureID="-1" href="STM_HLP_RECEIVED.html">Chiamate ricevute</target>
   </keywords>
   <keywords>
      <text FeatureID="-1">chiamate, con risposta</text>
      <target FeatureID="-1" href="STM_HLP_RECEIVED.html">Chiamate ricevute</target>
   </keywords>
   <keywords>
      <text FeatureID="-1">chiamata, durata</text>
      <target FeatureID="-1" href="TIMERS_HLP_MAIN.html">Durata chiamate</target>
   </keywords>
   <keywords>
      <text FeatureID="-1">durata chiamate</text>
      <target FeatureID="-1" href="TIMERS_HLP_MAIN.html">Durata chiamate</target>
   </keywords>
</keywords>