<?xml version="1.0" encoding="UTF-8"?>
<keywords>
   <keywords>
      <text FeatureID="true_1604">apprentissage de l'écriture manuscrite</text>
      <target FeatureID="true_1604" href="HWRT_HLP_MAIN_VIEW.html">Apprentissage de l'écriture manuscrite</target>
   </keywords>
   <keywords>
      <text FeatureID="true_1604">raccourcis d'écriture manuscrite</text>
      <target FeatureID="true_1604" href="HWRT_HLP_SHORTCUTS_MAIN_VIEW.html">Raccourcis d'écriture manuscrite</target>
   </keywords>
</keywords>