<?xml version="1.0" encoding="UTF-8"?>
<keywords>
   <keywords>
      <text FeatureID="-1">thèmes audio</text>
      <target FeatureID="-1" href="AUDIOTHEME_HLP_EVENTGROUPS.html">Modifier les thèmes audio</target>
      <target FeatureID="-1" href="SET_HLP_AUDIO_THEME_EVENTSLIST.html">Sons d'événements de l'appareil</target>
   </keywords>
   <keywords>
      <text FeatureID="-1">personnaliser votre appareil</text>
      <target FeatureID="-1" href="AUDIOTHEME_HLP_EVENTGROUPS.html">Modifier les thèmes audio</target>
      <target FeatureID="-1" href="SET_HLP_AUDIO_THEME_EVENTSLIST.html">Sons d'événements de l'appareil</target>
   </keywords>
   <keywords>
      <text FeatureID="-1">sons de l'appareil</text>
      <target FeatureID="-1" href="AUDIOTHEME_HLP_EVENTGROUPS.html">Modifier les thèmes audio</target>
      <target FeatureID="-1" href="SET_HLP_AUDIO_THEME_EVENTSLIST.html">Sons d'événements de l'appareil</target>
   </keywords>
</keywords>