<?xml version="1.0" encoding="UTF-8"?>
<keywords>
   <keywords>
      <text FeatureID="true_11008 false_11008">enhetsregistrering</text>
      <target FeatureID="true_11008" href="DRM_HLP_REGISTRATION_METERING.html">Enhetsregistrering</target>
      <target FeatureID="false_11008" href="DRM_HLP_REGISTRATION.html">Enhetsregistrering</target>
   </keywords>
   <keywords>
      <text FeatureID="true_11008">mottagning i tyst läge</text>
      <target FeatureID="true_11008" href="DRM_HLP_REGISTRATION_METERING.html">Enhetsregistrering</target>
   </keywords>
   <keywords>
      <text FeatureID="true_11008">mätning</text>
      <target FeatureID="true_11008" href="DRM_HLP_REGISTRATION_METERING.html">Enhetsregistrering</target>
   </keywords>
</keywords>