<?xml version="1.0" encoding="UTF-8"?>
<keywords>
   <keywords>
      <text FeatureID="-1">podešavanja servisnih poruka</text>
      <target FeatureID="-1" href="WPUSH_HLP_SETTINGS.html">Podešavanja servisnih poruka</target>
   </keywords>
   <keywords>
      <text FeatureID="-1">push poruke</text>
      <target FeatureID="-1" href="WPUSH_HLP_VIEWER.html">Pregledanje poruka servisa</target>
   </keywords>
   <keywords>
      <text FeatureID="-1">poruke servisa</text>
      <target FeatureID="-1" href="WPUSH_HLP_VIEWER.html">Pregledanje poruka servisa</target>
   </keywords>
</keywords>