<?xml version="1.0" encoding="UTF-8"?>
<keywords>
   <keywords>
      <text FeatureID="-1">envío de mensaxes</text>
      <target FeatureID="-1" href="UNIFIED_HLP_EDITOR.html">Creación de mensaxes</target>
   </keywords>
   <keywords>
      <text FeatureID="-1">editor de mensaxes</text>
      <target FeatureID="-1" href="UNIFIED_HLP_EDITOR.html">Creación de mensaxes</target>
   </keywords>
   <keywords>
      <text FeatureID="-1">mensaxes</text>
      <target FeatureID="-1" href="UNIFIED_HLP_SENDING_OPTIONS.html">Opcións de envío</target>
   </keywords>
   <keywords>
      <text FeatureID="-1">opcións de envío</text>
      <target FeatureID="-1" href="UNIFIED_HLP_SENDING_OPTIONS.html">Opcións de envío</target>
   </keywords>
   <keywords>
      <text FeatureID="-1">obxectos multimedia</text>
      <target FeatureID="-1" href="UNIFIED_HLP_ED_OBJECTS.html">Obxectos multimedia recibidos</target>
      <target FeatureID="-1" href="UNIFIED_HLP_ED_OBJECTS.html">Obxectos multimedia recibidos</target>
   </keywords>
</keywords>