<?xml version="1.0" encoding="UTF-8"?>
<keywords>
   <keywords>
      <text FeatureID="true_11008 false_11008">registo de dispositivo</text>
      <target FeatureID="true_11008" href="DRM_HLP_REGISTRATION_METERING.html">Registo de dispositivo</target>
      <target FeatureID="false_11008" href="DRM_HLP_REGISTRATION.html">Registo de dispositivo</target>
   </keywords>
   <keywords>
      <text FeatureID="true_11008">aquisição de direitos silenciosos</text>
      <target FeatureID="true_11008" href="DRM_HLP_REGISTRATION_METERING.html">Registo de dispositivo</target>
   </keywords>
   <keywords>
      <text FeatureID="true_11008">avaliação</text>
      <target FeatureID="true_11008" href="DRM_HLP_REGISTRATION_METERING.html">Registo de dispositivo</target>
   </keywords>
</keywords>