<?xml version="1.0" encoding="UTF-8"?>
<keywords>
   <keywords>
      <text FeatureID="-1">синхронизация</text>
      <target FeatureID="-1" href="DS_HLP_MAIN_VIEW.html">Синхронизация данных</target>
   </keywords>
   <keywords>
      <text FeatureID="-1">профили синхронизации</text>
      <target FeatureID="-1" href="DS_HLP_MAIN_VIEW.html">Синхронизация данных</target>
   </keywords>
   <keywords>
      <text FeatureID="-1">параметры профиля синхронизации</text>
      <target FeatureID="-1" href="DS_HLP_SETTINGS.html">Изменение профилей синхронизации</target>
   </keywords>
   <keywords>
      <text FeatureID="-1">параметры синхронизации</text>
      <target FeatureID="-1" href="DS_HLP_SETTINGS_CAL.html">Параметры синхронизации календаря</target>
      <target FeatureID="-1" href="DS_HLP_SETTINGS_CNT.html">Параметры синхронизации контактов</target>
      <target FeatureID="-1" href="DS_HLP_SETTINGS_NOTES.html">Параметры синхронизации заметок</target>
      <target FeatureID="-1" href="DS_HLP_SETTINGS_SMS.html">Параметры синхронизации SMS</target>
      <target FeatureID="true_44" href="DS_HLP_SETTINGS_SYNCML.html">Параметры синхронизации электронной почты</target>
   </keywords>
</keywords>