<?xml version="1.0" encoding="UTF-8"?>
<keywords>
   <keywords>
      <text FeatureID="-1">message reader, language</text>
      <target FeatureID="-1" href="SPEECH_HLP_MAIN.html">Speech settings</target>
   </keywords>
   <keywords>
      <text FeatureID="-1">message reader, voice</text>
      <target FeatureID="-1" href="SPEECH_HLP_MAIN.html">Speech settings</target>
   </keywords>
   <keywords>
      <text FeatureID="-1">message reader</text>
      <target FeatureID="-1" href="SPEECH_HLP_VOICE.html">Voice details</target>
   </keywords>
   <keywords>
      <text FeatureID="-1">message reader, settings</text>
      <target FeatureID="-1" href="SPEECH_HLP_MRSETTINGS.html">Message reader settings</target>
   </keywords>
</keywords>