<?xml version="1.0" encoding="UTF-8"?>
<keywords>
   <keywords>
      <text FeatureID="-1">ισοτιμίες</text>
      <target FeatureID="-1" href="CNV_HLP_RATES.html">Ρυθμίσεις νομισμάτων</target>
   </keywords>
   <keywords>
      <text FeatureID="-1">βασικό νόμισμα</text>
      <target FeatureID="-1" href="CNV_HLP_RATES.html">Ρυθμίσεις νομισμάτων</target>
   </keywords>
   <keywords>
      <text FeatureID="-1">μετατροπή νομίσματος</text>
      <target FeatureID="-1" href="CNV_HLP_RATES.html">Ρυθμίσεις νομισμάτων</target>
      <target FeatureID="-1" href="CNV_HLP_MAIN_STATE.html">Μετατροπή μονάδων</target>
   </keywords>
   <keywords>
      <text FeatureID="-1">μετατροπέας</text>
      <target FeatureID="-1" href="CNV_HLP_MAIN_STATE.html">Μετατροπή μονάδων</target>
   </keywords>
</keywords>