<?xml version="1.0" encoding="UTF-8"?>
<keywords>
   <keywords>
      <text FeatureID="-1">פקודות קוליות</text>
      <target FeatureID="true_72" href="HLP_VC_SIND_FOLDER.html">תצוגת יישומים</target>
      <target FeatureID="true_72" href="HLP_VC_SIND_MAIN.html">שימוש בפקודות קוליות</target>
      <target FeatureID="-1" href="VCINFO_HLP_MAINVIEW.html">לאנשי קשר</target>
   </keywords>
   <keywords>
      <text FeatureID="-1">הגדרות פקודות קוליות</text>
      <target FeatureID="-1" href="HLP_VC_SET.html">הגדרות פקודות קוליות</target>
   </keywords>
</keywords>