<?xml version="1.0" encoding="UTF-8"?>
<keywords>
   <keywords>
      <text FeatureID="-1">mesaj gönderme</text>
      <target FeatureID="-1" href="UNIFIED_HLP_EDITOR.html">Mesaj oluşturma</target>
   </keywords>
   <keywords>
      <text FeatureID="-1">mesaj düzenleyici</text>
      <target FeatureID="-1" href="UNIFIED_HLP_EDITOR.html">Mesaj oluşturma</target>
   </keywords>
   <keywords>
      <text FeatureID="-1">mesajlar</text>
      <target FeatureID="-1" href="UNIFIED_HLP_SENDING_OPTIONS.html">Gönderme seçenekleri</target>
   </keywords>
   <keywords>
      <text FeatureID="-1">gönderme seçenekleri</text>
      <target FeatureID="-1" href="UNIFIED_HLP_SENDING_OPTIONS.html">Gönderme seçenekleri</target>
   </keywords>
   <keywords>
      <text FeatureID="-1">medya nesneleri</text>
      <target FeatureID="-1" href="UNIFIED_HLP_ED_OBJECTS.html">Alınan medya nesneleri</target>
   </keywords>
   <keywords>
      <text FeatureID="-1">multimedya nesneler</text>
      <target FeatureID="-1" href="UNIFIED_HLP_ED_OBJECTS.html">Alınan medya nesneleri</target>
   </keywords>
</keywords>