<?xml version="1.0" encoding="UTF-8"?>
<keywords>
   <keywords>
      <text FeatureID="-1">дешифрование, карта памяти</text>
      <target FeatureID="-1" href="ES_HLP_ENCRYPTION_DECRYPT.html">Дешифрование карты памяти</target>
   </keywords>
   <keywords>
      <text FeatureID="-1">шифрование, карта памяти</text>
      <target FeatureID="-1" href="ES_HLP_ENCRYPTION_ENCRYPT.html">Шифрование карты памяти</target>
   </keywords>
   <keywords>
      <text FeatureID="-1">шифрование, память устройства и карта памяти</text>
      <target FeatureID="-1" href="ES_HLP_ENCRYPTION_MAIN.html">Шифрование и дешифрование</target>
   </keywords>
   <keywords>
      <text FeatureID="-1">дешифрование, память устройства и карта памяти</text>
      <target FeatureID="-1" href="ES_HLP_ENCRYPTION_MAIN.html">Шифрование и дешифрование</target>
   </keywords>
</keywords>