<?xml version="1.0" encoding="UTF-8"?>
<keywords>
   <keywords>
      <text FeatureID="true_13 true_1566">conexão por cabo USB</text>
      <target FeatureID="true_13" href="USB_HLP_MAIN.html">Configurações USB</target>
      <target FeatureID="true_1566" href="USB_HLP_PRINT_SETTINGS.html">Confs. impressora</target>
   </keywords>
   <keywords>
      <text FeatureID="true_13">conexão por cabo</text>
      <target FeatureID="true_13" href="USB_HLP_MAIN.html">Configurações USB</target>
   </keywords>
   <keywords>
      <text FeatureID="true_1566">imprimir</text>
      <target FeatureID="true_1566" href="USB_HLP_PRINT_SETTINGS.html">Confs. impressora</target>
   </keywords>
   <keywords>
      <text FeatureID="true_1566">configurações, impressora</text>
      <target FeatureID="true_1566" href="USB_HLP_PRINT_SETTINGS.html">Confs. impressora</target>
   </keywords>
</keywords>