<?xml version="1.0" encoding="UTF-8"?>
<keywords>
   <keywords>
      <text FeatureID="true_298">答录机</text>
      <target FeatureID="true_298" href="SMSVO_HLP_CS_VIDEO_AND_XSP_VOIP.html">留言信箱、视频信箱和互联网留言信箱</target>
   </keywords>
   <keywords>
      <text FeatureID="true_298">互联网电话信箱</text>
      <target FeatureID="true_298" href="SMSVO_HLP_CS_VIDEO_AND_XSP_VOIP.html">留言信箱、视频信箱和互联网留言信箱</target>
   </keywords>
   <keywords>
      <text FeatureID="true_298">留言信箱</text>
      <target FeatureID="true_298" href="SMSVO_HLP_CS_VIDEO_AND_XSP_VOIP.html">留言信箱、视频信箱和互联网留言信箱</target>
   </keywords>
   <keywords>
      <text FeatureID="-1">互联网电话</text>
      <target FeatureID="-1" href="VOIP_HLP_CSC.html">网络设置</target>
      <target FeatureID="true_298" href="VOIP_HLP_SERVCATALOG.html">服务目录</target>
      <target FeatureID="-1" href="SERVTAB_HLP_SETTINGS.html">服务标签设置</target>
   </keywords>
</keywords>