<?xml version="1.0" encoding="UTF-8"?>
<keywords>
   <keywords>
      <text FeatureID="-1">音频主题</text>
      <target FeatureID="-1" href="AUDIOTHEME_HLP_EVENTGROUPS.html">更改音频主题</target>
      <target FeatureID="-1" href="SET_HLP_AUDIO_THEME_EVENTSLIST.html">设备事件声音</target>
   </keywords>
   <keywords>
      <text FeatureID="-1">对设备进行个性化设置</text>
      <target FeatureID="-1" href="AUDIOTHEME_HLP_EVENTGROUPS.html">更改音频主题</target>
      <target FeatureID="-1" href="SET_HLP_AUDIO_THEME_EVENTSLIST.html">设备事件声音</target>
   </keywords>
   <keywords>
      <text FeatureID="-1">设备声音</text>
      <target FeatureID="-1" href="AUDIOTHEME_HLP_EVENTGROUPS.html">更改音频主题</target>
      <target FeatureID="-1" href="SET_HLP_AUDIO_THEME_EVENTSLIST.html">设备事件声音</target>
   </keywords>
</keywords>