<?xml version="1.0" encoding="UTF-8"?>
<keywords>
   <keywords>
      <text FeatureID="-1">stillingar tölvupóstreiknings</text>
      <target FeatureID="-1" href="FSE_HLP_IMS_SETTINGS_ACCT_INFO.html">Stillingar pósthólfa</target>
   </keywords>
   <keywords>
      <text FeatureID="-1">frekari stillingar pósthólfs</text>
      <target FeatureID="-1" href="FSE_HLP_IMS_SETTINGS_ADVANCED.html">Frekari pósthólfsstillingar</target>
   </keywords>
   <keywords>
      <text FeatureID="-1">pósthólfsstillingar</text>
      <target FeatureID="-1" href="FSE_HLP_IMS_SETTINGS_MAILBOX.html">Stillingar pósthólfs</target>
   </keywords>
   <keywords>
      <text FeatureID="-1">samstilling efnis tölvupósts</text>
      <target FeatureID="-1" href="FSE_HLP_IMS_SETTINGS_WHAT_SYNC.html">Skilgreina samstillingarefni</target>
   </keywords>
   <keywords>
      <text FeatureID="-1">samstillingartími tölvupósts</text>
      <target FeatureID="-1" href="FSE_HLP_IMS_SETTINGS_WHEN_SYNC.html">Skilgreina samstillingartíma</target>
   </keywords>
   <keywords>
      <text FeatureID="-1">samstilling tölvupóstsmöppu</text>
      <target FeatureID="-1" href="FSE_HLP_IMS_SETTINGS_FOLDER.html">Samstilling mappa fyrir tölvupóst</target>
   </keywords>
   <keywords>
      <text FeatureID="-1">stillingar fyrir tölvupóstþjónustu</text>
      <target FeatureID="-1" href="FSE_HLP_SETTINGS_INTELL_LIST.html">Stillingar fyrir tölvupóstþjónustu</target>
   </keywords>
   <keywords>
      <text FeatureID="-1">stillingar tölvupósts</text>
      <target FeatureID="-1" href="FSE_HLP_IMS_SETTINGS_MAIN_VIEW.html">Stillingar tölvupósts</target>
   </keywords>
   <keywords>
      <text FeatureID="-1">Intellisync</text>
      <target FeatureID="-1" href="FSE_HLP_IMS_LAUNCHER_MAIN_VIEW.html">Intellisync-tölvupóstur</target>
   </keywords>
</keywords>