<?xml version="1.0" encoding="UTF-8"?>
<keywords>
   <keywords>
      <text FeatureID="-1">檔案管理</text>
      <target FeatureID="-1" href="FMGR_HLP_MEM_STORE_VIEW.html">管理檔案</target>
      <target FeatureID="-1" href="FMGR_HLP_MAIN_VIEW.html">檔案管理</target>
      <target FeatureID="-1" href="FMGR_HLP_SEARCH_RESULTS.html">檔案搜尋</target>
      <target FeatureID="-1" href="FMGR_HLP_BACKUP_VIEW.html">檔案備份</target>
   </keywords>
   <keywords>
      <text FeatureID="-1">記憶卡</text>
      <target FeatureID="-1" href="FMGR_HLP_MEM_STORE_VIEW.html">管理檔案</target>
      <target FeatureID="-1" href="FMGR_HLP_MAIN_VIEW.html">檔案管理</target>
      <target FeatureID="-1" href="FMGR_HLP_BACKUP_VIEW.html">檔案備份</target>
   </keywords>
   <keywords>
      <text FeatureID="-1">搜尋檔案</text>
      <target FeatureID="-1" href="FMGR_HLP_SEARCH_RESULTS.html">檔案搜尋</target>
   </keywords>
   <keywords>
      <text FeatureID="-1">搜尋資料夾</text>
      <target FeatureID="-1" href="FMGR_HLP_SEARCH_RESULTS.html">檔案搜尋</target>
   </keywords>
   <keywords>
      <text FeatureID="-1">備份</text>
      <target FeatureID="-1" href="FMGR_HLP_BACKUP_VIEW.html">檔案備份</target>
   </keywords>
</keywords>