<?xml version="1.0" encoding="UTF-8"?>
<keywords>
   <keywords>
      <text FeatureID="-1">e-pošta, postavke</text>
      <target FeatureID="-1" href="MBXS_HLP_SETT_DOWNL_CTRL.html">Postavke preuzimanja e-pošte</target>
      <target FeatureID="-1" href="MBXS_HLP_SETT_DOWNL_RETR.html">Količina preuzimanja e-pošte</target>
      <target FeatureID="-1" href="MBXS_HLP_SETT_MBX_IN.html">Postavke dolazne e-pošte</target>
      <target FeatureID="-1" href="MBXS_HLP_SETT_MBX_IN_OUT.html">Postavke veze</target>
      <target FeatureID="-1" href="MBXS_HLP_SETT_MBX_OUT.html">Postavke odlazne e-pošte</target>
      <target FeatureID="-1" href="MCE_HLP_SETTINGS_EMAIL.html">Postavke e-pošte</target>
      <target FeatureID="-1" href="MCE_HLP_SETT_EMAILMAIN.html">Izmjena spremnika</target>
      <target FeatureID="-1" href="MCE_HLP_SETT_MAILBLIST.html">Spremnici</target>
      <target FeatureID="-1" href="MCE_HLP_SETT_MAILFOLDER_UPD.html">Mape spremnika</target>
      <target FeatureID="true_1633" href="MCE_HLP_SETT_MAIL_ONLI.html">Automatsko preuzimanje</target>
   </keywords>
   <keywords>
      <text FeatureID="-1">postavke spremnika</text>
      <target FeatureID="-1" href="MCE_HLP_SETT_EMAILMAIN.html">Izmjena spremnika</target>
   </keywords>
   <keywords>
      <text FeatureID="-1">spremnik</text>
      <target FeatureID="-1" href="MCE_HLP_SETT_MAILBLIST.html">Spremnici</target>
      <target FeatureID="-1" href="MCE_HLP_MAILBOX_ONLINE.html">E-pošta, mrežno</target>
   </keywords>
   <keywords>
      <text FeatureID="-1">mape spremnika</text>
      <target FeatureID="-1" href="MCE_HLP_SETT_MAILFOLDER_UPD.html">Mape spremnika</target>
   </keywords>
   <keywords>
      <text FeatureID="-1">korisničke postavke</text>
      <target FeatureID="-1" href="MCE_HLP_SETT_MAIL_USER.html">Korisničke postavke</target>
   </keywords>
   <keywords>
      <text FeatureID="true_44">postavke sinkro spremnika</text>
      <target FeatureID="true_44" href="MCE_HLP_SETT_SMAILBOX.html">Postavke sinkro spremnika</target>
   </keywords>
   <keywords>
      <text FeatureID="true_44">sinkro postavke e-pošte</text>
      <target FeatureID="true_44" href="MCE_HLP_SETT_SMAILBOX.html">Postavke sinkro spremnika</target>
   </keywords>
   <keywords>
      <text FeatureID="-1">e-pošta, izvanmrežno</text>
      <target FeatureID="-1" href="MCE_HLP_MAILBOX_OFFLINE.html">E-pošta, izvanmrežno</target>
   </keywords>
   <keywords>
      <text FeatureID="-1">povezivanje sa spremnikom</text>
      <target FeatureID="-1" href="MCE_HLP_MAILBOX_ONLINE.html">E-pošta, mrežno</target>
   </keywords>
   <keywords>
      <text FeatureID="-1">e-pošta, mrežno</text>
      <target FeatureID="-1" href="MCE_HLP_MAILBOX_ONLINE.html">E-pošta, mrežno</target>
      <target FeatureID="-1" href="MCE_HLP_MAILBOX_ONLINE.html">E-pošta, mrežno</target>
   </keywords>
</keywords>