<?xml version="1.0" encoding="UTF-8"?>
<keywords>
   <keywords>
      <text FeatureID="-1">kategori tengara</text>
      <target FeatureID="-1" href="LM_HLP_LM_BY_CATEGORY.html">Kategori tengara</target>
      <target FeatureID="-1" href="LM_HLP_EDIT_CATEGORIES.html">Mengedit kategori tengara</target>
   </keywords>
   <keywords>
      <text FeatureID="-1">tengara</text>
      <target FeatureID="-1" href="LM_HLP_LM_BY_NAME.html">Tampilan tengara menurut nama</target>
      <target FeatureID="-1" href="LM_HLP_CATEGORY_CONTENTS.html">Tengara dalam kategori</target>
      <target FeatureID="-1" href="LM_HLP_LM_VIEWER.html">Tengara secara rinci</target>
   </keywords>
   <keywords>
      <text FeatureID="-1">mengedit tengara</text>
      <target FeatureID="-1" href="LM_HLP_LM_EDITOR.html">Mengedit tengara</target>
   </keywords>
</keywords>