<?xml version="1.0" encoding="UTF-8"?><?xml-stylesheet  href="../../theme/xsl/index2html.xslt" type="text/xsl"?>
<topics FeatureID="-1" title="전화 번호부" compressed="true">
   <topicref FeatureID="-1" href="FDN_HLP_FDN_NUM_EDIT_VIEW.html" navtitle="연락처 편집"/>
   <topicref FeatureID="-1" href="FDN_HLP_FDN_NUMBER_VIEW.html" navtitle="발신 번호 고정 연락처"/>
   <topicref FeatureID="-1" href="FDN_HLP_FDN_VIEW.html" navtitle="통화 제한"/>
   <topicref FeatureID="-1" href="SDN_HLP_APP.html" navtitle="서비스 번호"/>
   <topicref FeatureID="-1" href="HLP_CCA_DETAILS.html" navtitle="연락처 정보"/>
   <topicref FeatureID="-1" href="HLP_CCA_EDITOR.html" navtitle="연락처 카드 편집"/>
   <topicref FeatureID="-1" href="HLP_CCA_LAUNCHER.html" navtitle="연락처 카드"/>
   <topicref FeatureID="-1" href="PHOB_HLP_GROUP_LIST.html" navtitle="연락처 그룹"/>
   <topicref FeatureID="-1" href="PHOB_HLP_SIM_LIST.html" navtitle="SIM 연락처 디렉터리"/>
   <topicref FeatureID="-1" href="PHOB_HLP_MY_NUMBERS.html" navtitle="내 번호"/>
   <topicref FeatureID="-1" href="PHOB_HLP_GROUP_MEMBER_LIST.html" navtitle="그룹 구성원"/>
   <topicref FeatureID="-1" href="PHOB_HLP_SETTINGS.html" navtitle="연락처 설정"/>
   <topicref FeatureID="-1" href="PHOB_HLP_NAME_LIST.html" navtitle="연락처 디렉터리"/>
</topics>