<?xml version="1.0" encoding="UTF-8"?>
<keywords>
   <keywords>
      <text FeatureID="-1">연락처 그룹</text>
      <target FeatureID="-1" href="PHOB_HLP_GROUP_LIST.html">연락처 그룹</target>
      <target FeatureID="-1" href="PHOB_HLP_GROUP_MEMBER_LIST.html">그룹 구성원</target>
   </keywords>
   <keywords>
      <text FeatureID="-1">SIM 연락처</text>
      <target FeatureID="-1" href="PHOB_HLP_SIM_LIST.html">SIM 연락처 디렉터리</target>
      <target FeatureID="-1" href="PHOB_HLP_SIM_INFO_VIEW.html">SIM 연락처 카드</target>
   </keywords>
   <keywords>
      <text FeatureID="-1">SIM 번호</text>
      <target FeatureID="-1" href="PHOB_HLP_MY_NUMBERS.html">내 번호</target>
   </keywords>
   <keywords>
      <text FeatureID="-1">연락처 이름 순서</text>
      <target FeatureID="-1" href="PHOB_HLP_SETTINGS.html">연락처 설정</target>
   </keywords>
   <keywords>
      <text FeatureID="-1">연락처 메모리</text>
      <target FeatureID="-1" href="PHOB_HLP_SETTINGS.html">연락처 설정</target>
   </keywords>
   <keywords>
      <text FeatureID="-1">기본 메모리</text>
      <target FeatureID="-1" href="PHOB_HLP_SETTINGS.html">연락처 설정</target>
   </keywords>
   <keywords>
      <text FeatureID="-1">연락처 디렉터리</text>
      <target FeatureID="-1" href="PHOB_HLP_NAME_LIST.html">연락처 목록</target>
   </keywords>
   <keywords>
      <text FeatureID="-1">연락처 정보</text>
      <target FeatureID="-1" href="PHOB_HLP_NAME_LIST.html">연락처 목록</target>
   </keywords>
   <keywords>
      <text FeatureID="-1">전화 번호부</text>
      <target FeatureID="-1" href="PHOB_HLP_NAME_LIST.html">연락처 목록</target>
   </keywords>
   <keywords>
      <text FeatureID="-1">연락처</text>
      <target FeatureID="-1" href="RLOOK_HLP_INFO_VIEW.html">검색된 연락처 관리</target>
   </keywords>
   <keywords>
      <text FeatureID="-1">연락처 카드</text>
      <target FeatureID="-1" href="PHOB_HLP_CONTACT_INFO_VIEW.html">연락처 카드</target>
      <target FeatureID="-1" href="PHOB_HLP_EDIT_ENTRY.html">연락처 카드 편집</target>
   </keywords>
   <keywords>
      <text FeatureID="-1">전화 번호부 항목</text>
      <target FeatureID="-1" href="PHOB_HLP_CONTACT_INFO_VIEW.html">연락처 카드</target>
   </keywords>
   <keywords>
      <text FeatureID="-1">발신 번호 고정</text>
      <target FeatureID="-1" href="FDN_HLP_FDN_NUMBER_VIEW.html">발신 번호 고정 연락처</target>
      <target FeatureID="-1" href="FDN_HLP_FDN_VIEW.html">통화 제한</target>
   </keywords>
   <keywords>
      <text FeatureID="-1">통화 제한</text>
      <target FeatureID="-1" href="FDN_HLP_FDN_VIEW.html">통화 제한</target>
   </keywords>
   <keywords>
      <text FeatureID="-1">서비스 번호</text>
      <target FeatureID="-1" href="SDN_HLP_APP.html">서비스 번호</target>
   </keywords>
   <keywords>
      <text FeatureID="-1">SIM 서비스 번호</text>
      <target FeatureID="-1" href="SDN_HLP_APP.html">서비스 번호</target>
   </keywords>
   <keywords>
      <text FeatureID="-1">SIM에 저장된 서비스 번호</text>
      <target FeatureID="-1" href="SDN_HLP_APP.html">서비스 번호</target>
   </keywords>
   <keywords>
      <text FeatureID="-1">SIM 카드</text>
      <target FeatureID="-1" href="PHOB_HLP_SIM_INFO_VIEW.html">SIM 연락처 카드</target>
   </keywords>
</keywords>