<?xml version="1.0" encoding="UTF-8"?>
<keywords>
   <keywords>
      <text FeatureID="-1">Entschlüsseln, Speicherkarte</text>
      <target FeatureID="-1" href="ES_HLP_ENCRYPTION_DECRYPT.html">Entschlüsseln der Speicherkarte</target>
   </keywords>
   <keywords>
      <text FeatureID="-1">Verschlüsseln, Speicherkarte</text>
      <target FeatureID="-1" href="ES_HLP_ENCRYPTION_ENCRYPT.html">Verschlüsseln der Speicherkarte</target>
   </keywords>
   <keywords>
      <text FeatureID="-1">Verschlüsseln, Gerätespeicher und Speicherkarte</text>
      <target FeatureID="-1" href="ES_HLP_ENCRYPTION_MAIN.html">Verschlüsseln oder Entschlüsseln</target>
   </keywords>
   <keywords>
      <text FeatureID="-1">Entschlüsseln, Gerätespeicher und Speicherkarte</text>
      <target FeatureID="-1" href="ES_HLP_ENCRYPTION_MAIN.html">Verschlüsseln oder Entschlüsseln</target>
   </keywords>
</keywords>