<?xml version="1.0" encoding="UTF-8"?>
<keywords>
   <keywords>
      <text FeatureID="true_1116">naptárbejegyzések küldése</text>
      <target FeatureID="true_1116" href="SMART_HLP_CALENDAREDITOR.html">Naptárbejegy. küldése</target>
   </keywords>
   <keywords>
      <text FeatureID="true_1114">naptárbejegyzések fogadása</text>
      <target FeatureID="true_1114" href="SMART_HLP_CALENDARVIEWER.html">Beérk. naptárbejegyz.</target>
   </keywords>
   <keywords>
      <text FeatureID="true_1114">naptárbejegyzések</text>
      <target FeatureID="true_1114" href="SMART_HLP_CALPULLMESVIEWER.html">Naptárbejegyzés letöltése</target>
   </keywords>
   <keywords>
      <text FeatureID="true_1117 true_1115">névjegykártyák</text>
      <target FeatureID="true_1117" href="SMART_HLP_BUSINESSEDITOR.html">Névjegykártyák küldése</target>
      <target FeatureID="true_1115" href="SMART_HLP_BUSINESSVIEWER.html">Beérkezett névj.kártyák</target>
      <target FeatureID="true_1115" href="SMART_HLP_BUSPULLMESVIEWER.html">Névjegykártya letöltése</target>
   </keywords>
   <keywords>
      <text FeatureID="true_1111">csengőhangok</text>
      <target FeatureID="true_1111" href="SMART_HLP_RINGVIEWER.html">Beérk. csengőhangok</target>
   </keywords>
   <keywords>
      <text FeatureID="true_1110">operátorlogók</text>
      <target FeatureID="true_1110" href="SMART_HLP_OPLOGOVIEWER.html">Beérkezett operátorlogók</target>
   </keywords>
   <keywords>
      <text FeatureID="true_1106">könyvjelzők</text>
      <target FeatureID="true_1106" href="SMART_HLP_ONEBOOKVIEWER.html">Beérkezett könyvjelző</target>
   </keywords>
   <keywords>
      <text FeatureID="true_1112">képek fogadása</text>
      <target FeatureID="true_1112" href="SMART_HLP_GMSVIEWER.html">Képüzenetek megtekintése</target>
   </keywords>
   <keywords>
      <text FeatureID="true_1112">képüzenetek</text>
      <target FeatureID="true_1112" href="SMART_HLP_GMSVIEWER.html">Képüzenetek megtekintése</target>
   </keywords>
   <keywords>
      <text FeatureID="true_1537">távoli meghajtó konfigurálása</text>
      <target FeatureID="true_1537" href="SMART_HLP_REMOTEDRIVES_VIEWER.html">Távoli meghajtó konfigurálási adatainak fogadása</target>
      <target FeatureID="true_1537" href="SMART_HLP_REMOTEDRIVES_EDITOR.html">Távoli meghajtó konfigurálási adatainak küldése</target>
   </keywords>
</keywords>