<?xml version="1.0" encoding="UTF-8"?>
<keywords>
   <keywords>
      <text FeatureID="-1">orasan, mga alarma</text>
      <target FeatureID="-1" href="CLK_HLP_ALARM_EDITOR.html">Editor ng alarma ng orasan</target>
   </keywords>
   <keywords>
      <text FeatureID="-1">alarm clock</text>
      <target FeatureID="-1" href="CLK_HLP_ALARM_EDITOR.html">Editor ng alarma ng orasan</target>
      <target FeatureID="-1" href="CLK_HLP_REAL_TIME_CLOCK_IN.html">Main view ng orasan</target>
   </keywords>
   <keywords>
      <text FeatureID="-1">orasan</text>
      <target FeatureID="-1" href="CLK_HLP_REAL_TIME_CLOCK_IN.html">Main view ng orasan</target>
      <target FeatureID="-1" href="CLK_HLP_WRLD_CLK.html">Orasang pandaigdig</target>
   </keywords>
   <keywords>
      <text FeatureID="-1">mga setting petsa at oras</text>
      <target FeatureID="-1" href="CLK_HLP_SETTINGS.html">Mga setting ng petsa at oras</target>
   </keywords>
   <keywords>
      <text FeatureID="-1">mga setting ng orasan</text>
      <target FeatureID="-1" href="CLK_HLP_SETTINGS.html">Mga setting ng petsa at oras</target>
   </keywords>
   <keywords>
      <text FeatureID="-1">orasan, mga time zone</text>
      <target FeatureID="-1" href="CLK_HLP_REAL_TIME_CLOCK_AN.html">Lokal na oras</target>
   </keywords>
   <keywords>
      <text FeatureID="-1">lokal na oras at time zone</text>
      <target FeatureID="-1" href="CLK_HLP_REAL_TIME_CLOCK_AN.html">Lokal na oras</target>
   </keywords>
   <keywords>
      <text FeatureID="-1">orasang pandaigdig</text>
      <target FeatureID="-1" href="CLK_HLP_WRLD_CLK.html">Orasang pandaigdig</target>
   </keywords>
</keywords>