<?xml version="1.0" encoding="UTF-8"?>
<keywords>
   <keywords>
      <text FeatureID="-1">caixa de correo de chamadas</text>
      <target FeatureID="-1" href="SMSVO_HLP_MAIN_VIEW.html">Caixa do correo de chamadas</target>
   </keywords>
   <keywords>
      <text FeatureID="-1">contestador automático</text>
      <target FeatureID="-1" href="SMSVO_HLP_MAIN_VIEW.html">Caixa do correo de chamadas</target>
      <target FeatureID="true_89" href="SMSVO_HLP_CS_AND_VIDEO.html">Caixa do correo de chamadas e vídeo</target>
      <target FeatureID="true_298" href="SMSVO_HLP_CS_VIDEO_AND_XSP_VOIP.html">Caixa do correo de chamada, vídeo e chamada de Internet.</target>
   </keywords>
   <keywords>
      <text FeatureID="true_89">caixa do correo de vídeo</text>
      <target FeatureID="true_89" href="SMSVO_HLP_CS_AND_VIDEO.html">Caixa do correo de chamadas e vídeo</target>
   </keywords>
   <keywords>
      <text FeatureID="true_298">caixa do correo de chamada de Internet</text>
      <target FeatureID="true_298" href="SMSVO_HLP_CS_VIDEO_AND_XSP_VOIP.html">Caixa do correo de chamada, vídeo e chamada de Internet.</target>
   </keywords>
   <keywords>
      <text FeatureID="true_298">caixa do correo de chamadas</text>
      <target FeatureID="true_298" href="SMSVO_HLP_CS_VIDEO_AND_XSP_VOIP.html">Caixa do correo de chamada, vídeo e chamada de Internet.</target>
   </keywords>
</keywords>