<?xml version="1.0" encoding="UTF-8"?>
<keywords>
   <keywords>
      <text FeatureID="-1">Quickoffice, διαχείριση αρχείων</text>
      <target FeatureID="-1" href="QFM_HLP_FILE_MENU.html">Διαχείριση αρχείων</target>
   </keywords>
   <keywords>
      <text FeatureID="-1">Quickoffice</text>
      <target FeatureID="-1" href="QFM_HLP_LOC_MENU.html">Quickoffice</target>
   </keywords>
   <keywords>
      <text FeatureID="-1">Quickpoint, εύρεση κειμένου</text>
      <target FeatureID="-1" href="QPOINT_HLP_FIND_VIEW.html">Εύρεση κειμένου περιγράμματος</target>
   </keywords>
   <keywords>
      <text FeatureID="-1">Quickpoint, σημειώσεις</text>
      <target FeatureID="-1" href="QPOINT_HLP_VIEW_NOTES_VIEW.html">Προβολή σημειώσεων</target>
   </keywords>
   <keywords>
      <text FeatureID="-1">Quickpoint, περιγράμματα</text>
      <target FeatureID="-1" href="QPOINT_HLP_VIEW_OUTLINE_VIEW.html">Προβολή περιγρ/των</target>
   </keywords>
   <keywords>
      <text FeatureID="-1">Quickpoint</text>
      <target FeatureID="-1" href="QPOINT_HLP_VIEW_SLIDE_VIEW.html">Προβολή διαφανειών</target>
   </keywords>
   <keywords>
      <text FeatureID="-1">Quicksheet, εύρεση κειμένου</text>
      <target FeatureID="-1" href="QSHEET_HLP_FIND_VIEW.html">Εύρεση κειμένου σε υπολογιστικό φύλλο</target>
   </keywords>
   <keywords>
      <text FeatureID="-1">Quicksheet, κελιά</text>
      <target FeatureID="-1" href="QSHEET_HLP_VIEW_CELL.html">Προβολή κελιών</target>
   </keywords>
   <keywords>
      <text FeatureID="-1">Quickword, εύρεση κειμένου</text>
      <target FeatureID="-1" href="QWORD_HLP_FIND_MODE.html">Εύρεση κειμένου</target>
   </keywords>
   <keywords>
      <text FeatureID="-1">Quickword</text>
      <target FeatureID="-1" href="QWORD_HLP_VIEW_MODE.html">Προβολή εγγράφων</target>
   </keywords>
   <keywords>
      <text FeatureID="-1">Quickword, διάταξη σελίδας</text>
      <target FeatureID="-1" href="QWORD_HLP_PAGE_VIEW.html">Προβολή διάταξης σελίδας</target>
   </keywords>
</keywords>