<?xml version="1.0" encoding="UTF-8"?>
<keywords>
   <keywords>
      <text FeatureID="-1">Quickoffice, διαχείριση αρχείων</text>
      <target FeatureID="-1" href="QFM_HLP_FILE_MENU.html">Διαχείριση αρχείων</target>
   </keywords>
   <keywords>
      <text FeatureID="-1">Quickoffice</text>
      <target FeatureID="-1" href="QFM_HLP_LOC_MENU.html">Quickoffice</target>
   </keywords>
   <keywords>
      <text FeatureID="-1">Quickpoint</text>
      <target FeatureID="-1" href="QPOINT_HLP_EDIT_SLIDE_VIEW.html">Επεξεργασία διαφανειών</target>
      <target FeatureID="-1" href="QPOINT_HLP_REPLACE_VIEW.html">Εύρεση και αντικατάσταση κειμένου</target>
      <target FeatureID="-1" href="QPOINT_HLP_FIND_VIEW.html">Εύρεση κειμένου</target>
      <target FeatureID="-1" href="QPOINT_HLP_VIEW_SLIDE_VIEW.html">Προβολή διαφανειών</target>
   </keywords>
   <keywords>
      <text FeatureID="-1">Quickpoint, κείμενο</text>
      <target FeatureID="-1" href="QPOINT_HLP_EDIT_TEXT_VIEW.html">Επεξεργασία κειμένου</target>
   </keywords>
   <keywords>
      <text FeatureID="-1">Quickpoint, σχόλια</text>
      <target FeatureID="-1" href="QPOINT_HLP_COMMENT_VIEW.html">Προβολή σχολίων</target>
   </keywords>
   <keywords>
      <text FeatureID="-1">Quickpoint, σημειώσεις</text>
      <target FeatureID="-1" href="QPOINT_HLP_VIEW_NOTES_VIEW.html">Προβολή σημειώσεων</target>
   </keywords>
   <keywords>
      <text FeatureID="-1">Quickpoint, περιγράμματα</text>
      <target FeatureID="-1" href="QPOINT_HLP_VIEW_OUTLINE_VIEW.html">Προβολή περιγρ/των</target>
   </keywords>
   <keywords>
      <text FeatureID="-1">Quicksheet, κελιά</text>
      <target FeatureID="-1" href="QSHEET_HLP_CELLS_EDIT.html">Επεξεργασία κελιών</target>
      <target FeatureID="-1" href="QSHEET_HLP_VIEW_CELL.html">Προβολή κελιών</target>
   </keywords>
   <keywords>
      <text FeatureID="-1">Quicksheet, στήλες</text>
      <target FeatureID="-1" href="QSHEET_HLP_EDIT_COLUMN.html">Επεξεργασία στηλών</target>
   </keywords>
   <keywords>
      <text FeatureID="-1">Quicksheet, περιοχές</text>
      <target FeatureID="-1" href="QSHEET_HLP_EDIT_RANGE.html">Επεξεργασία περιοχών</target>
   </keywords>
   <keywords>
      <text FeatureID="-1">Quicksheet, γραμμές</text>
      <target FeatureID="-1" href="QSHEET_HLP_EDIT_ROW.html">Επεξεργασία γραμμών</target>
   </keywords>
   <keywords>
      <text FeatureID="-1">Quicksheet</text>
      <target FeatureID="-1" href="QSHEET_HLP_REPLACE_VIEW.html">Εύρεση και αντικατάσταση κειμένου</target>
      <target FeatureID="-1" href="QSHEET_HLP_FIND_VIEW.html">Εύρεση κειμένου</target>
      <target FeatureID="-1" href="QSHEET_HLP_CELLS_VIEW.html">Προβ. υπολ. φύλλων</target>
   </keywords>
   <keywords>
      <text FeatureID="-1">Quickword</text>
      <target FeatureID="-1" href="QWORD_HLP_EDIT_MODE.html">Επεξεργασία εγγράφων</target>
      <target FeatureID="-1" href="QWORD_HLP_FIND_MODE.html">Εύρεση και αντικατάσταση κειμένου</target>
      <target FeatureID="-1" href="QWORD_HLP_VIEW_MODE.html">Προβολή εγγράφων</target>
      <target FeatureID="-1" href="QWORD_HLP_PAGE_VIEW.html">Προβολή διάταξης σελίδας</target>
   </keywords>
</keywords>