<?xml version="1.0" encoding="UTF-8"?>
<keywords>
   <keywords>
      <text FeatureID="-1">изменение изображений</text>
      <target FeatureID="-1" href="SIE_HLP_MAIN.html">Изменение изображений</target>
   </keywords>
   <keywords>
      <text FeatureID="-1">изменение текста</text>
      <target FeatureID="-1" href="SIE_HLP_EDIT_TEXT.html">Изменение текста изображений</target>
   </keywords>
   <keywords>
      <text FeatureID="-1">редактор изображений</text>
      <target FeatureID="-1" href="SIE_HLP_EDIT_TEXT.html">Изменение текста изображений</target>
   </keywords>
   <keywords>
      <text FeatureID="-1">изменение масштабированных изображений</text>
      <target FeatureID="-1" href="SIE_HLP_ZOOMING.html">Изменение масштабированных изображений</target>
   </keywords>
   <keywords>
      <text FeatureID="-1">масштабирование изображений</text>
      <target FeatureID="-1" href="SIE_HLP_ZOOMING.html">Изменение масштабированных изображений</target>
   </keywords>
   <keywords>
      <text FeatureID="-1">изменение картинки</text>
      <target FeatureID="-1" href="SIE_HLP_EDIT_CLIPART.html">Изменение картинки</target>
   </keywords>
   <keywords>
      <text FeatureID="-1">изменение выносок речи</text>
      <target FeatureID="-1" href="SIE_HLP_EDIT_CLIPART.html">Изменение картинки</target>
   </keywords>
   <keywords>
      <text FeatureID="-1">снижение эфф. красных глаз</text>
      <target FeatureID="-1" href="SIE_HLP_REDEYE.html">Сниж. эфф. кр. глаз</target>
   </keywords>
</keywords>