<?xml version="1.0" encoding="UTF-8"?>
<keywords>
   <keywords>
      <text FeatureID="-1">tỉ giá</text>
      <target FeatureID="-1" href="CNV_HLP_RATES.html">Cài đặt tiền tệ</target>
   </keywords>
   <keywords>
      <text FeatureID="-1">tiền tệ gốc</text>
      <target FeatureID="-1" href="CNV_HLP_RATES.html">Cài đặt tiền tệ</target>
   </keywords>
   <keywords>
      <text FeatureID="-1">chuyển đổi tiền tệ</text>
      <target FeatureID="-1" href="CNV_HLP_RATES.html">Cài đặt tiền tệ</target>
      <target FeatureID="-1" href="CNV_HLP_MAIN_STATE.html">Chuyển đổi đơn vị</target>
   </keywords>
   <keywords>
      <text FeatureID="-1">bộ chuyển đổi</text>
      <target FeatureID="-1" href="CNV_HLP_MAIN_STATE.html">Chuyển đổi đơn vị</target>
   </keywords>
</keywords>