<?xml version="1.0" encoding="UTF-8"?>
<keywords>
   <keywords>
      <text FeatureID="-1">laikrodis, signalai</text>
      <target FeatureID="-1" href="CLK_HLP_ALARM_EDITOR.html">Laikrodžio signalų rengyklė</target>
   </keywords>
   <keywords>
      <text FeatureID="-1">žadintuvas</text>
      <target FeatureID="-1" href="CLK_HLP_ALARM_EDITOR.html">Laikrodžio signalų rengyklė</target>
      <target FeatureID="-1" href="CLK_HLP_REAL_TIME_CLOCK_IN.html">Pagrindinis laikrodžio rodinys</target>
   </keywords>
   <keywords>
      <text FeatureID="-1">laikrodis</text>
      <target FeatureID="-1" href="CLK_HLP_REAL_TIME_CLOCK_IN.html">Pagrindinis laikrodžio rodinys</target>
      <target FeatureID="-1" href="CLK_HLP_WRLD_CLK.html">Pasaulio laikrodis</target>
   </keywords>
   <keywords>
      <text FeatureID="-1">datos ir laiko parametrai</text>
      <target FeatureID="-1" href="CLK_HLP_SETTINGS.html">Datos ir laiko parametrai</target>
   </keywords>
   <keywords>
      <text FeatureID="-1">laikrodžio parametrai</text>
      <target FeatureID="-1" href="CLK_HLP_SETTINGS.html">Datos ir laiko parametrai</target>
   </keywords>
   <keywords>
      <text FeatureID="-1">laikrodis, laiko juostos</text>
      <target FeatureID="-1" href="CLK_HLP_REAL_TIME_CLOCK_AN.html">Vietos laikas</target>
   </keywords>
   <keywords>
      <text FeatureID="-1">vietos laikas ir laiko juosta</text>
      <target FeatureID="-1" href="CLK_HLP_REAL_TIME_CLOCK_AN.html">Vietos laikas</target>
   </keywords>
   <keywords>
      <text FeatureID="-1">pasaulio laikrodis</text>
      <target FeatureID="-1" href="CLK_HLP_WRLD_CLK.html">Pasaulio laikrodis</target>
   </keywords>
</keywords>