<?xml version="1.0" encoding="UTF-8"?>
<keywords>
   <keywords>
      <text FeatureID="-1">ضبط رسالة الخدمة</text>
      <target FeatureID="-1" href="WPUSH_HLP_SETTINGS.html">ضبط رسالة الخدمة</target>
   </keywords>
   <keywords>
      <text FeatureID="-1">رسائل الضغط</text>
      <target FeatureID="-1" href="WPUSH_HLP_VIEWER.html">عرض رسائل الخدمة</target>
   </keywords>
   <keywords>
      <text FeatureID="-1">رسائل الخدمة</text>
      <target FeatureID="-1" href="WPUSH_HLP_VIEWER.html">عرض رسائل الخدمة</target>
   </keywords>
</keywords>