<?xml version="1.0" encoding="UTF-8"?>
<keywords>
   <keywords>
      <text FeatureID="-1">üzenetolvasó, nyelv</text>
      <target FeatureID="-1" href="SPEECH_HLP_MAIN.html">Beszédszint. beállít.</target>
   </keywords>
   <keywords>
      <text FeatureID="-1">üzenetolvasó, hang</text>
      <target FeatureID="-1" href="SPEECH_HLP_MAIN.html">Beszédszint. beállít.</target>
   </keywords>
   <keywords>
      <text FeatureID="-1">üzenetolvasó</text>
      <target FeatureID="-1" href="SPEECH_HLP_VOICE.html">Hangadatok</target>
   </keywords>
   <keywords>
      <text FeatureID="-1">üzenetolvasó, beállítások</text>
      <target FeatureID="-1" href="SPEECH_HLP_MRSETTINGS.html">Az üzenetolvasó beállításai</target>
   </keywords>
</keywords>