<?xml version="1.0" encoding="UTF-8"?>
<keywords>
   <keywords>
      <text FeatureID="-1">personalización de perfís</text>
      <target FeatureID="-1" href="MODE_HLP_PERSONALISE.html">Personalización de perfís</target>
   </keywords>
   <keywords>
      <text FeatureID="-1">axustes de tons</text>
      <target FeatureID="-1" href="SET_HLP_PERSONAL_TONES.html">Axustes de tons</target>
   </keywords>
   <keywords>
      <text FeatureID="-1">tons de chamada</text>
      <target FeatureID="-1" href="SET_HLP_PERSONAL_TONES.html">Axustes de tons</target>
   </keywords>
   <keywords>
      <text FeatureID="-1">perfís</text>
      <target FeatureID="-1" href="MODE_HLP_PROFILES_LIST.html">Perfís</target>
   </keywords>
   <keywords>
      <text FeatureID="-1">cambio de perfís</text>
      <target FeatureID="-1" href="MODE_HLP_PROFILES_LIST.html">Perfís</target>
   </keywords>
</keywords>