<?xml version="1.0" encoding="UTF-8"?>
<keywords>
   <keywords>
      <text FeatureID="-1">암호 해독, 메모리 카드</text>
      <target FeatureID="-1" href="ES_HLP_ENCRYPTION_DECRYPT.html">메모리 카드 암호 해독</target>
   </keywords>
   <keywords>
      <text FeatureID="-1">암호화, 메모리 카드</text>
      <target FeatureID="-1" href="ES_HLP_ENCRYPTION_ENCRYPT.html">메모리 카드 암호화</target>
   </keywords>
   <keywords>
      <text FeatureID="-1">암호화, 장치 메모리 및 메모리 카드</text>
      <target FeatureID="-1" href="ES_HLP_ENCRYPTION_MAIN.html">암호화 또는 암호 해독</target>
   </keywords>
   <keywords>
      <text FeatureID="-1">암호 해독, 장치 메모리 및 메모리 카드</text>
      <target FeatureID="-1" href="ES_HLP_ENCRYPTION_MAIN.html">암호화 또는 암호 해독</target>
   </keywords>
</keywords>