<?xml version="1.0" encoding="UTF-8"?>
<keywords>
   <keywords>
      <text FeatureID="-1">поиск</text>
      <target FeatureID="-1" href="SEARCH_HLP_INDEVICE_MAIN.html">Поиск</target>
   </keywords>
   <keywords>
      <text FeatureID="-1">результаты поиска</text>
      <target FeatureID="-1" href="SEARCH_HLP_SINGLE_RE.html">Результаты поиска</target>
      <target FeatureID="-1" href="SEARCH_HLP_GROUPED.html">Категории результ. поиска</target>
   </keywords>
</keywords>