<?xml version="1.0" encoding="UTF-8"?>
<keywords>
   <keywords>
      <text FeatureID="-1">закладки</text>
      <target FeatureID="-1" href="OSS_HLP_BM_ADDBM.html">Додавання закладок</target>
      <target FeatureID="-1" href="OSS_HLP_BM_EDIT.html">Редагування закладок</target>
   </keywords>
   <keywords>
      <text FeatureID="-1">закладки браузера</text>
      <target FeatureID="-1" href="OSS_HLP_BM_ADDBM.html">Додавання закладок</target>
      <target FeatureID="-1" href="OSS_HLP_BM_MAIN.html">Перегляд закладок</target>
      <target FeatureID="-1" href="OSS_HLP_BM_EDIT.html">Редагування закладок</target>
   </keywords>
   <keywords>
      <text FeatureID="-1">Інтернет</text>
      <target FeatureID="-1" href="OSS_HLP_BM_ADDBM.html">Додавання закладок</target>
      <target FeatureID="true_167" href="OSS_HLP_RSS_ADD.html">Додавання веб-каналів</target>
      <target FeatureID="-1" href="OSS_HLP_PAGEVIEW.html">Огляд Інтернету</target>
      <target FeatureID="-1" href="OSS_HLP_BM_EDIT.html">Редагування закладок</target>
      <target FeatureID="true_167" href="OSS_HLP_RSS_ARTICLE.html">Статті веб-каналів</target>
      <target FeatureID="true_167" href="OSS_HLP_RSS_ARTICLELST.html">Веб-канали</target>
      <target FeatureID="true_167" href="OSS_HLP_RSS_MAIN.html">Веб-канали і веб-журнали</target>
   </keywords>
   <keywords>
      <text FeatureID="true_167">канали</text>
      <target FeatureID="true_167" href="OSS_HLP_RSS_ADD.html">Додавання веб-каналів</target>
      <target FeatureID="true_167" href="OSS_HLP_RSS_EDIT.html">Редагування веб-каналів</target>
      <target FeatureID="true_167" href="OSS_HLP_RSS_ARTICLE.html">Статті веб-каналів</target>
      <target FeatureID="true_167" href="OSS_HLP_RSS_ARTICLELST.html">Веб-канали</target>
      <target FeatureID="true_167" href="OSS_HLP_RSS_MAIN.html">Веб-канали і веб-журнали</target>
   </keywords>
   <keywords>
      <text FeatureID="true_167">RSS-канали</text>
      <target FeatureID="true_167" href="OSS_HLP_RSS_ADD.html">Додавання веб-каналів</target>
      <target FeatureID="true_167" href="OSS_HLP_RSS_EDIT.html">Редагування веб-каналів</target>
      <target FeatureID="true_167" href="OSS_HLP_RSS_ARTICLE.html">Статті веб-каналів</target>
      <target FeatureID="true_167" href="OSS_HLP_RSS_ARTICLELST.html">Веб-канали</target>
      <target FeatureID="true_167" href="OSS_HLP_RSS_MAIN.html">Веб-канали і веб-журнали</target>
   </keywords>
   <keywords>
      <text FeatureID="true_167">новини і веб-журнали</text>
      <target FeatureID="true_167" href="OSS_HLP_RSS_ADD.html">Додавання веб-каналів</target>
      <target FeatureID="true_167" href="OSS_HLP_RSS_EDIT.html">Редагування веб-каналів</target>
      <target FeatureID="true_167" href="OSS_HLP_RSS_ARTICLE.html">Статті веб-каналів</target>
      <target FeatureID="true_167" href="OSS_HLP_RSS_ARTICLELST.html">Веб-канали</target>
      <target FeatureID="true_167" href="OSS_HLP_RSS_MAIN.html">Веб-канали і веб-журнали</target>
   </keywords>
   <keywords>
      <text FeatureID="true_167">веб-журнали</text>
      <target FeatureID="true_167" href="OSS_HLP_RSS_ADD.html">Додавання веб-каналів</target>
      <target FeatureID="true_167" href="OSS_HLP_RSS_EDIT.html">Редагування веб-каналів</target>
      <target FeatureID="true_167" href="OSS_HLP_RSS_ARTICLE.html">Статті веб-каналів</target>
      <target FeatureID="true_167" href="OSS_HLP_RSS_ARTICLELST.html">Веб-канали</target>
      <target FeatureID="true_167" href="OSS_HLP_RSS_MAIN.html">Веб-канали і веб-журнали</target>
   </keywords>
   <keywords>
      <text FeatureID="-1">перегляд сторінок</text>
      <target FeatureID="-1" href="OSS_HLP_PAGEVIEW.html">Огляд Інтернету</target>
   </keywords>
   <keywords>
      <text FeatureID="-1">відкриття закладок</text>
      <target FeatureID="-1" href="OSS_HLP_BM_MAIN.html">Перегляд закладок</target>
   </keywords>
   <keywords>
      <text FeatureID="true_167">веб</text>
      <target FeatureID="true_167" href="OSS_HLP_RSS_EDIT.html">Редагування веб-каналів</target>
   </keywords>
   <keywords>
      <text FeatureID="-1">установки браузера</text>
      <target FeatureID="-1" href="OSS_HLP_SETTINGS_GENERAL.html">Загальні установки</target>
      <target FeatureID="-1" href="OSS_HLP_SETTINGS_PAGE.html">Установки сторінки</target>
      <target FeatureID="-1" href="OSS_HLP_SETTINGS_PRIVACY.html">Установки конфіденційності</target>
      <target FeatureID="true_167" href="OSS_HLP_SETTINGS_RSS.html">Установки веб-каналів</target>
      <target FeatureID="-1" href="OSS_HLP_SETTINGS_FOLDERS.html">Установки Інтернету</target>
      <target FeatureID="false_410" href="OSS_HLP_SHORTCUTS.html">Ярлики панелі інструментів</target>
      <target FeatureID="false_410" href="OSS_HLP_KEYPAD.html">Клавіші швидкого доступу</target>
   </keywords>
   <keywords>
      <text FeatureID="-1">установки Інтернету</text>
      <target FeatureID="-1" href="OSS_HLP_SETTINGS_GENERAL.html">Загальні установки</target>
      <target FeatureID="-1" href="OSS_HLP_SETTINGS_PAGE.html">Установки сторінки</target>
      <target FeatureID="-1" href="OSS_HLP_SETTINGS_PRIVACY.html">Установки конфіденційності</target>
      <target FeatureID="true_167" href="OSS_HLP_SETTINGS_RSS.html">Установки веб-каналів</target>
      <target FeatureID="-1" href="OSS_HLP_SETTINGS_FOLDERS.html">Установки Інтернету</target>
      <target FeatureID="false_410" href="OSS_HLP_SHORTCUTS.html">Ярлики панелі інструментів</target>
      <target FeatureID="false_410" href="OSS_HLP_KEYPAD.html">Клавіші швидкого доступу</target>
   </keywords>
   <keywords>
      <text FeatureID="-1">настройка Інтернету</text>
      <target FeatureID="-1" href="OSS_HLP_SETTINGS_PAGE.html">Установки сторінки</target>
      <target FeatureID="-1" href="OSS_HLP_SETTINGS_FOLDERS.html">Установки Інтернету</target>
   </keywords>
   <keywords>
      <text FeatureID="-1">установки конфіденційності</text>
      <target FeatureID="-1" href="OSS_HLP_SETTINGS_PRIVACY.html">Установки конфіденційності</target>
   </keywords>
   <keywords>
      <text FeatureID="true_167">настроювання Інтернету</text>
      <target FeatureID="true_167" href="OSS_HLP_SETTINGS_RSS.html">Установки веб-каналів</target>
   </keywords>
   <keywords>
      <text FeatureID="-1">відкривання певної сторінки</text>
      <target FeatureID="-1" href="OSS_HLP_PAGEVIEW_EMBED.html">Інтернет у програмах</target>
   </keywords>
   <keywords>
      <text FeatureID="-1">Інтернет у програмах</text>
      <target FeatureID="-1" href="OSS_HLP_PAGEVIEW_EMBED.html">Інтернет у програмах</target>
   </keywords>
</keywords>