<?xml version="1.0" encoding="UTF-8"?>
<keywords>
   <keywords>
      <text FeatureID="-1">vottorð</text>
      <target FeatureID="-1" href="AM_HLP_GENERAL_SETTINGS.html">Stillingar vottorða</target>
   </keywords>
   <keywords>
      <text FeatureID="-1">stillingar, vottorð</text>
      <target FeatureID="-1" href="AM_HLP_GENERAL_SETTINGS.html">Stillingar vottorða</target>
   </keywords>
   <keywords>
      <text FeatureID="-1">uppsetning forrita</text>
      <target FeatureID="-1" href="AM_HLP_NOT_INSTALLED.html">Uppsetningarskrár</target>
      <target FeatureID="-1" href="AM_HLP_APPLICATION.html">Unnið með forrit</target>
   </keywords>
   <keywords>
      <text FeatureID="-1">óuppsett forrit</text>
      <target FeatureID="-1" href="AM_HLP_NOT_INSTALLED.html">Uppsetningarskrár</target>
   </keywords>
   <keywords>
      <text FeatureID="-1">uppsett forrit</text>
      <target FeatureID="-1" href="AM_HLP_INSTALLED.html">Uppsett forrit</target>
   </keywords>
   <keywords>
      <text FeatureID="-1">hugbúnaður settur upp</text>
      <target FeatureID="-1" href="AM_HLP_APPLICATION.html">Unnið með forrit</target>
   </keywords>
   <keywords>
      <text FeatureID="-1">leyfisbeiðnir</text>
      <target FeatureID="-1" href="AM_HLP_INSTALL_CAPAB.html">Leyfisbeiðnir</target>
   </keywords>
   <keywords>
      <text FeatureID="-1">ótraust uppsetning</text>
      <target FeatureID="-1" href="AM_HLP_INSTALL_UNTRUSTED.html">Ótraust uppsetning</target>
   </keywords>
</keywords>