<?xml version="1.0" encoding="UTF-8"?>
<keywords>
   <keywords>
      <text FeatureID="-1">registrazione, suoni</text>
      <target FeatureID="-1" href="VOREC_HLP_EMPTY_RECORDER.html">Registrare clip audio</target>
   </keywords>
   <keywords>
      <text FeatureID="-1">registratore vocale</text>
      <target FeatureID="-1" href="VOREC_HLP_MAIN.html">Utilizzo del Registratore vocale</target>
   </keywords>
   <keywords>
      <text FeatureID="-1">registrazione di clip audio</text>
      <target FeatureID="-1" href="VOREC_HLP_MAIN.html">Utilizzo del Registratore vocale</target>
   </keywords>
   <keywords>
      <text FeatureID="-1">Registratore vocale, impostazioni</text>
      <target FeatureID="-1" href="VOREC_HLP_SETTINGS.html">Impostazioni Registratore vocale</target>
   </keywords>
</keywords>