<?xml version="1.0" encoding="UTF-8"?>
<keywords>
   <keywords>
      <text FeatureID="-1">comandos de voz</text>
      <target FeatureID="true_72" href="HLP_VC_SIND_FOLDER.html">Modo de exibição de aplicativos</target>
      <target FeatureID="true_72" href="HLP_VC_SIND_MAIN.html">Usando comandos voz</target>
      <target FeatureID="-1" href="VCINFO_HLP_MAINVIEW.html">Para contatos</target>
   </keywords>
   <keywords>
      <text FeatureID="-1">configs. comandos voz</text>
      <target FeatureID="-1" href="HLP_VC_SET.html">Configs. comandos voz</target>
   </keywords>
</keywords>