<?xml version="1.0" encoding="UTF-8"?>
<keywords>
   <keywords>
      <text FeatureID="-1">glasovni ukazi</text>
      <target FeatureID="true_72" href="HLP_VC_SIND_FOLDER.html">Prikaz aplikacij</target>
      <target FeatureID="-1" href="VCINFO_HLP_MAINVIEW.html">Za vizitke</target>
   </keywords>
   <keywords>
      <text FeatureID="true_72">Glasovni ukazi</text>
      <target FeatureID="true_72" href="HLP_VC_SIND_MAIN.html">Upor. glasovnih ukazov</target>
   </keywords>
   <keywords>
      <text FeatureID="-1">nast. za glas. ukaze</text>
      <target FeatureID="-1" href="HLP_VC_SET.html">Nast. za glas. ukaze</target>
   </keywords>
</keywords>