<?xml version="1.0" encoding="UTF-8"?>
<keywords>
   <keywords>
      <text FeatureID="-1">ريڈيو</text>
      <target FeatureID="-1" href="FMRADIO_HLP_MAIN.html">ريڈيو سنئيے</target>
      <target FeatureID="-1" href="FMRADIO_HLP_SEARCH.html">اسٹيشن تلاش کريں</target>
      <target FeatureID="-1" href="FMRADIO_HLP_LIST.html"> ریڈیو اسٹیشن کا انتظام کریں</target>
   </keywords>
   <keywords>
      <text FeatureID="-1">FM ريڈيو</text>
      <target FeatureID="-1" href="FMRADIO_HLP_MAIN.html">ريڈيو سنئيے</target>
      <target FeatureID="-1" href="FMRADIO_HLP_SEARCH.html">اسٹيشن تلاش کريں</target>
      <target FeatureID="-1" href="FMRADIO_HLP_LIST.html"> ریڈیو اسٹیشن کا انتظام کریں</target>
   </keywords>
</keywords>