<?xml version="1.0" encoding="UTF-8"?>
<keywords>
   <keywords>
      <text FeatureID="-1">file manager</text>
      <target FeatureID="-1" href="FMGR_HLP_MEM_STORE_VIEW.html">Pangasiwaan ang mga file</target>
      <target FeatureID="-1" href="FMGR_HLP_MAIN_VIEW.html">File manager</target>
      <target FeatureID="-1" href="FMGR_HLP_BACKUP_VIEW.html">Backup ng file</target>
   </keywords>
   <keywords>
      <text FeatureID="-1">memory card</text>
      <target FeatureID="-1" href="FMGR_HLP_MEM_STORE_VIEW.html">Pangasiwaan ang mga file</target>
      <target FeatureID="-1" href="FMGR_HLP_MAIN_VIEW.html">File manager</target>
      <target FeatureID="-1" href="FMGR_HLP_BACKUP_VIEW.html">Backup ng file</target>
   </keywords>
   <keywords>
      <text FeatureID="-1">File manager</text>
      <target FeatureID="-1" href="FMGR_HLP_SEARCH_RESULTS.html">Paghahanap ng file</target>
   </keywords>
   <keywords>
      <text FeatureID="-1">paghahanap ng mga file</text>
      <target FeatureID="-1" href="FMGR_HLP_SEARCH_RESULTS.html">Paghahanap ng file</target>
   </keywords>
   <keywords>
      <text FeatureID="-1">paghahanap sa mga folder</text>
      <target FeatureID="-1" href="FMGR_HLP_SEARCH_RESULTS.html">Paghahanap ng file</target>
   </keywords>
   <keywords>
      <text FeatureID="-1">backup</text>
      <target FeatureID="-1" href="FMGR_HLP_BACKUP_VIEW.html">Backup ng file</target>
   </keywords>
</keywords>