<?xml version="1.0" encoding="UTF-8"?>
<keywords>
   <keywords>
      <text FeatureID="-1">persiunčiami pranešimai</text>
      <target FeatureID="-1" href="MMS_HLP_MMS_FWD_REQUEST.html">Daugiaformačių pranešimų persiuntimas</target>
   </keywords>
   <keywords>
      <text FeatureID="-1">daugiaformačiai pranešimai</text>
      <target FeatureID="-1" href="MMS_HLP_MMS_FWD_REQUEST_SEND.html">Užklausos persiuntimas į Išsiųsti elementai</target>
      <target FeatureID="-1" href="MMS_HLP_MMS_VIEWER.html">Daugiaformačių pranešimų peržiūra</target>
   </keywords>
   <keywords>
      <text FeatureID="-1">pranešimai apie daugiaformačių pranešimų gavimą</text>
      <target FeatureID="-1" href="MMS_HLP_NOTIFICATION_VIEWER.html">Pranešimai apie daugiaformačių pranešimų gavimą</target>
   </keywords>
   <keywords>
      <text FeatureID="-1">daugiaformatės terpės objektai</text>
      <target FeatureID="-1" href="MMS_HLP_OBJECTS_VIEW_VIEWER.html">Daugiaformačių objektų peržiūra</target>
   </keywords>
   <keywords>
      <text FeatureID="-1">daugiaformačiai objektai</text>
      <target FeatureID="-1" href="MMS_HLP_OBJECTS_VIEW_VIEWER.html">Daugiaformačių objektų peržiūra</target>
   </keywords>
   <keywords>
      <text FeatureID="-1">MMS</text>
      <target FeatureID="-1" href="MMS_HLP_MMS_VIEWER.html">Daugiaformačių pranešimų peržiūra</target>
   </keywords>
</keywords>