<?xml version="1.0" encoding="UTF-8"?><?xml-stylesheet  href="../../theme/xsl/index2html.xslt" type="text/xsl"?>
<topics FeatureID="-1" title="Настройки" compressed="true">
   <topicref FeatureID="-1" href="SET_HLP_SETTINGS_KEYPAD_COVER.html" navtitle="Настройки за използването на капака"/>
   <topicref FeatureID="-1" href="CP_HLP_ADMINISTRATIVE_SETTINGS.html" navtitle="Административни настройки"/>
   <topicref FeatureID="-1" href="CP_HLP_DEVICE_MANAGEMENT.html" navtitle="Управление на устройство"/>
   <topicref FeatureID="true_109" href="SET_HLP_WLAN_WPA_MAIN.html" navtitle="WPA настр. за защита"/>
   <topicref FeatureID="true_109" href="SET_HLP_WLAN_8021X_MAIN.html" navtitle="802.1x настр. защита"/>
   <topicref FeatureID="true_109" href="SET_HLP_WLAN_EAP_PLUGINS_IAP.html" navtitle="EAP настройки"/>
   <topicref FeatureID="true_109" href="SET_HLP_WLAN_EAP_AKA.html" navtitle="EAP-AKA настройки"/>
   <topicref FeatureID="true_109" href="SET_HLP_WLAN_EAP_SIM.html" navtitle="EAP-SIM настройки"/>
   <topicref FeatureID="true_109" href="SET_HLP_WLAN_EAP_GTC.html" navtitle="EAP-GTC настройки"/>
   <topicref FeatureID="true_109" href="SET_HLP_WLAN_EAP_TTLS_TYPES.html" navtitle="EAP-TTLS мет. на удост."/>
   <topicref FeatureID="true_109" href="SET_HLP_WLAN_EAP_TTLS_SUITES.html" navtitle="Пак. шифри за EAP-TTLS"/>
   <topicref FeatureID="true_109" href="SET_HLP_WLAN_EAP_TTLS_SETT.html" navtitle="EAP-TTLS настройки"/>
   <topicref FeatureID="true_109" href="SET_HLP_WLAN_EAP_TLS_SUITES.html" navtitle="Пак. шифри за EAP-TLS"/>
   <topicref FeatureID="true_109" href="SET_HLP_WLAN_EAP_TLS_SETT.html" navtitle="EAP-TLS настройки"/>
   <topicref FeatureID="true_109" href="SET_HLP_WLAN_EAP_PEAP_TYPES.html" navtitle="EAP-PEAP мет. на удос."/>
   <topicref FeatureID="true_109" href="SET_HLP_WLAN_EAP_PEAP_SUITES.html" navtitle="Пак. шифри за EAP-PEAP"/>
   <topicref FeatureID="true_109" href="SET_HLP_WLAN_EAP_PEAP_SETT.html" navtitle="EAP-PEAP настройки"/>
   <topicref FeatureID="true_109" href="SET_HLP_WLAN_EAP_MSCHAPV2.html" navtitle="EAP-MSCHAPV2 настр."/>
   <topicref FeatureID="true_109" href="SET_HLP_WLAN_EAP_PLAIN_MSCHAP.html" navtitle="Обикновени MSCHAPV2 настр."/>
   <topicref FeatureID="true_177" href="SET_HLP_WLAN_EAP_LEAP.html" navtitle="EAP-LEAP настройки"/>
   <topicref FeatureID="true_177" href="SET_HLP_WLAN_EAP_FAST_TYPES.html" navtitle="EAP-FAST мет. на удост."/>
   <topicref FeatureID="true_177" href="SET_HLP_WLAN_EAP_FAST_SUITES.html" navtitle="Пак. шифри за EAP-FAST"/>
   <topicref FeatureID="true_177" href="SET_HLP_WLAN_EAP_FAST_SETT.html" navtitle="EAP-FAST настройки"/>
   <topicref FeatureID="true_109" href="SET_HLP_WLAN_EAP_PAP.html" navtitle="Настройки за PAP"/>
   <topicref FeatureID="true_109" href="SET_HLP_WLAN_WEP_KEY_SETT.html" navtitle="Ред. WEP ключове"/>
   <topicref FeatureID="true_109" href="SET_HLP_WLAN_WEP_MAIN.html" navtitle="WEP настройки за защита"/>
   <topicref FeatureID="-1" href="ACL_HLP_MAIN.html" navtitle="Огран. връзки"/>
   <topicref FeatureID="-1" href="SIP_HLP_PROF_PARAMS.html" navtitle="Настройки за SIP профил"/>
   <topicref FeatureID="-1" href="SIP_HLP_MAIN.html" navtitle="SIP профили"/>
   <topicref FeatureID="-1" href="SIP_HLP_PROXY_PARAMS.html" navtitle="SIP настройки за прокси"/>
   <topicref FeatureID="-1" href="SIP_HLP_REGISTRAR_PARAM.html" navtitle="Настройки на сърв. за регистр."/>
   <topicref FeatureID="-1" href="HLP_OCC_CONN_SETTINGS.html" navtitle="Мрежови връзки"/>
   <topicref FeatureID="-1" href="SET_HLP_CONN_DEST_VIEW.html" navtitle="Екран Местоназначения"/>
   <topicref FeatureID="-1" href="SET_HLP_DEFAULT_CONN.html" navtitle="Връзка по подразб."/>
   <topicref FeatureID="true_99" href="SET_HLP_VPN_DEST_ASSOC_VIEW.html" navtitle="VPN връзки"/>
   <topicref FeatureID="-1" href="SET_HLP_CONN_METHODS_VIEW.html" navtitle="Екран Точки за достъп"/>
   <topicref FeatureID="-1" href="SET_HLP_APP_DEST_ASSOC_VIEW.html" navtitle="Връзки за приложения"/>
   <topicref FeatureID="-1" href="CP_HLP_APPILICATION_SETTINGS.html" navtitle="Настр. на прилож."/>
   <topicref FeatureID="-1" href="SCP_HLP_CALL.html" navtitle="Настройки за повиквания"/>
   <topicref FeatureID="-1" href="CP_HLP_CONNECTIVITY.html" navtitle="Настройки за свързване"/>
   <topicref FeatureID="-1" href="CP_HLP_DISPLAY.html" navtitle="Настройки на дисплея"/>
   <topicref FeatureID="-1" href="CP_HLP_DEVICE.html" navtitle="Настройки устройство"/>
   <topicref FeatureID="-1" href="CP_HLP_LANGUAGE.html" navtitle="Настройки за езика"/>
   <topicref FeatureID="-1" href="CP_HLP_MAIN_VIEW.html" navtitle="Настройки"/>
   <topicref FeatureID="-1" href="CP_HLP_NETWORK.html" navtitle="Мрежови настройки"/>
   <topicref FeatureID="true_410" href="CP_HLP_PEN_INPUT.html" navtitle="Настройки за въвеждане с докосване"/>
   <topicref FeatureID="-1" href="CP_HLP_PERSONAL.html" navtitle="Екран 'Лични'"/>
   <topicref FeatureID="-1" href="CP_HLP_SECURITY.html" navtitle="Настройки за защита"/>
   <topicref FeatureID="-1" href="SET_HLP_SECURITY_DEVICE_SIM.html" navtitle="Защита на устройството"/>
   <topicref FeatureID="-1" href="CP_HLP_TELEPHONY.html" navtitle="Настройки за телефония"/>
   <topicref FeatureID="__DUAL_LANGUAGE_SUPPORT=true" href="CP_HLP_WRITING_LANGUAGE.html" navtitle="Език на писане"/>
   <topicref FeatureID="-1" href="SET_HLP_ACCESSORIES_LIST.html" navtitle="Настройки на аксесоарите"/>
   <topicref FeatureID="-1" href="SSET_HLP_MAIN_VIEW.html" navtitle="Настройки на Sensor"/>
   <topicref FeatureID="-1" href="SET_HLP_AP_SETTING_GPRS.html" navtitle="Точ. достъп пакети данни"/>
   <topicref FeatureID="-1" href="SET_HLP_AP_SETTING_GPRS_AS.html" navtitle="Фини настр. пакети данни"/>
   <topicref FeatureID="true_110" href="SET_HLP_AP_DATA_AS_IPV4.html" navtitle="Настр. IPv4 - пов. данни"/>
   <topicref FeatureID="true_1088" href="SET_HLP_AP_DATA_AS_IPV6.html" navtitle="Настр. IPv6 - пов. данни"/>
   <topicref FeatureID="true_110" href="SET_HLP_AP_SETTING_DATA.html" navtitle="Точка за достъп за повикване данни"/>
   <topicref FeatureID="true_110" href="SET_HLP_AP_SETTING_DATA_AS.html" navtitle="Разш. настр. пов. данни"/>
   <topicref FeatureID="true_109" href="SET_HLP_AP_SETTING_WLAN_AS.html" navtitle="Разш. WLAN настройки"/>
   <topicref FeatureID="-1" href="SET_HLP_VPN_AP_SETTINGS_VIEW.html" navtitle="Редактиране на VPN точки за достъп"/>
   <topicref FeatureID="true_109" href="SET_HLP_AP_SETTING_WLAN.html" navtitle="WLAN точка за достъп"/>
   <topicref FeatureID="true_109" href="SET_HLP_AP_WLAN_AS_IPV4.html" navtitle="Настр. IPv4 за WLAN"/>
   <topicref FeatureID="true_109" href="SET_HLP_AP_WLAN_AS_IPV6.html" navtitle="Настр. IPv6 за WLAN"/>
   <topicref FeatureID="-1" href="CP_HLP_AUTOKEYGUARD.html" navtitle="Автом. защита клав."/>
   <topicref FeatureID="true_1581" href="RD_HLP_REMOTE_DRIVE_CONFIG.html" navtitle="Настройки за дистанционно устройство"/>
   <topicref FeatureID="true_1581" href="RD_HLP_REMOTE_DRIVES.html" navtitle="Дистанционни устройства"/>
   <topicref FeatureID="-1" href="CP_HLP_NETWORK.html" navtitle="Мрежови настройки"/>
   <topicref FeatureID="-1" href="SET_HLP_BARRING_SETTINGS.html" navtitle="Блокир. на тел. повикв."/>
   <topicref FeatureID="true_298" href="DIV_HLP_BARRING_MAIN.html" navtitle="Блокир. на повикв."/>
   <topicref FeatureID="true_89" href="DIV_HLP_CALL_FORW_VID.html" navtitle="Прехвърляне на видео повиквания"/>
   <topicref FeatureID="-1" href="DIV_HLP_CALL_FORW_MAIN.html" navtitle="Прехвърляне на повикване"/>
   <topicref FeatureID="-1" href="DIV_HLP_CALL_FORW_VOI.html" navtitle="Прехв. глас. пов."/>
   <topicref FeatureID="true_298" href="DIV_HLP_CALL_FORW_VOIP.html" navtitle="Блокир. на И-нет повикв."/>
   <topicref FeatureID="true_109" href="SET_HLP_WLAN_SETTINGS.html" navtitle="WLAN настройки"/>
   <topicref FeatureID="-1" href="CP_HLP_SYNCHRONISATION.html" navtitle="Настройки за синхронизация"/>
   <topicref FeatureID="-1" href="CP_HLP_INSTALLATIONS.html" navtitle="Инсталации"/>
   <topicref FeatureID="-1" href="SET_HLP_ACCESSORIES_HEADPHONE.html" navtitle="Настройки на слушалки"/>
   <topicref FeatureID="-1" href="SET_HLP_ACCESSORIES_HEADSET.html" navtitle="Настройки за слушалки"/>
   <topicref FeatureID="-1" href="SET_HLP_ACCESS_WIRED_CK.html" navtitle="Настр. компл. за кола с кабел"/>
   <topicref FeatureID="-1" href="SET_HLP_ACCESS_WIRELESS_CK.html" navtitle="Настр. безж. ком. за кола"/>
   <topicref FeatureID="-1" href="SET_HLP_ACCESSORIES_LOOPSET.html" navtitle="Настройки на слухов апарат"/>
   <topicref FeatureID="-1" href="SET_HLP_ACCESSORIES_MUSIC_ST.html" navtitle="Настройки на муз. поставка"/>
   <topicref FeatureID="true_1032" href="SET_HLP_ACCESSORIES_TTY.html" navtitle="Настр. текстофон"/>
   <topicref FeatureID="true_1540" href="SET_HLP_ACCESSORIES_TVOUT.html" navtitle="Настройки на TV изхода"/>
   <topicref FeatureID="true_410" href="PREDINPUT_HLP_VIRTUAL_ITI_SETTINGS.html" navtitle="Настройки за въвеждане на текст"/>
   <topicref FeatureID="-1" href="PREDINPUT_HLP_VIRTUAL_ITI.html" navtitle="Интелигентно въвеждане на текст"/>
   <topicref FeatureID="-1" href="PREDINPUT_HLP_USERDICT.html" navtitle="Редактиране на потребителския речник"/>
   <topicref FeatureID="-1" href="SET_HLP_GENERAL_ORIG_SET.html" navtitle="Възст. на ориг. настр."/>
</topics>