<?xml version="1.0" encoding="UTF-8"?>
<keywords>
   <keywords>
      <text FeatureID="-1">управление на устройство</text>
      <target FeatureID="-1" href="CP_HLP_DEVICE_MANAGEMENT.html">Управление на устройство</target>
   </keywords>
   <keywords>
      <text FeatureID="true_109">EAP (Extensible Authentication Protocol - Разширяем протокол за удостоверяване)</text>
      <target FeatureID="true_109" href="SET_HLP_WLAN_EAP_SIM.html">EAP-SIM настройки</target>
   </keywords>
   <keywords>
      <text FeatureID="true_109">настройки, WLAN</text>
      <target FeatureID="true_109" href="SET_HLP_WLAN_EAP_SIM.html">EAP-SIM настройки</target>
   </keywords>
   <keywords>
      <text FeatureID="-1">Ограничаване на точки за достъп</text>
      <target FeatureID="-1" href="ACL_HLP_MAIN.html">Огран. връзки</target>
   </keywords>
   <keywords>
      <text FeatureID="-1">настройки за връзка</text>
      <target FeatureID="-1" href="SET_HLP_CONN_DEST_VIEW.html">Екран Местоназначения</target>
      <target FeatureID="-1" href="SET_HLP_DEFAULT_CONN.html">Връзка по подразб.</target>
      <target FeatureID="-1" href="SET_HLP_CONN_METHODS_VIEW.html">Екран Точки за достъп</target>
      <target FeatureID="true_1537" href="RD_HLP_REMOTE_DRIVE_CONFIG.html">Настройки за дистанционно устройство</target>
      <target FeatureID="true_1537" href="RD_HLP_REMOTE_DRIVES.html">Дистанционни устройства</target>
   </keywords>
   <keywords>
      <text FeatureID="-1">настройки за местоназначение</text>
      <target FeatureID="-1" href="SET_HLP_CONN_DEST_VIEW.html">Екран Местоназначения</target>
   </keywords>
   <keywords>
      <text FeatureID="-1">връзка по подразбиране</text>
      <target FeatureID="-1" href="SET_HLP_DEFAULT_CONN.html">Връзка по подразб.</target>
   </keywords>
   <keywords>
      <text FeatureID="-1">VPN точки за достъп</text>
      <target FeatureID="true_99" href="SET_HLP_VPN_DEST_ASSOC_VIEW.html">VPN връзки</target>
      <target FeatureID="-1" href="SET_HLP_VPN_AP_SETTINGS_VIEW.html">Редактиране на VPN точки за достъп</target>
   </keywords>
   <keywords>
      <text FeatureID="-1">точки за достъп</text>
      <target FeatureID="-1" href="SET_HLP_CONN_METHODS_VIEW.html">Екран Точки за достъп</target>
   </keywords>
   <keywords>
      <text FeatureID="-1">връзки за приложения</text>
      <target FeatureID="-1" href="SET_HLP_APP_DEST_ASSOC_VIEW.html">Връзки за приложения</target>
   </keywords>
   <keywords>
      <text FeatureID="-1">настройки на прилож.</text>
      <target FeatureID="-1" href="CP_HLP_APPILICATION_SETTINGS.html">Настр. на прилож.</target>
   </keywords>
   <keywords>
      <text FeatureID="-1">повиквания, настройки</text>
      <target FeatureID="-1" href="SCP_HLP_CALL.html">Настройки за повиквания</target>
   </keywords>
   <keywords>
      <text FeatureID="-1">настройки, повиквания</text>
      <target FeatureID="-1" href="SCP_HLP_CALL.html">Настройки за повиквания</target>
   </keywords>
   <keywords>
      <text FeatureID="-1">свързване</text>
      <target FeatureID="-1" href="CP_HLP_CONNECTIVITY.html">Настройки за свързване</target>
   </keywords>
   <keywords>
      <text FeatureID="-1">панел за управление</text>
      <target FeatureID="-1" href="CP_HLP_DISPLAY.html">Настройки на дисплея</target>
      <target FeatureID="-1" href="CP_HLP_IDLE.html">Начален екран</target>
      <target FeatureID="__DUAL_LANGUAGE_SUPPORT=true" href="CP_HLP_WRITING_LANGUAGE.html">Език на писане</target>
   </keywords>
   <keywords>
      <text FeatureID="-1">настройки на дисплея</text>
      <target FeatureID="-1" href="CP_HLP_DISPLAY.html">Настройки на дисплея</target>
   </keywords>
   <keywords>
      <text FeatureID="-1">общи настройки</text>
      <target FeatureID="-1" href="CP_HLP_DEVICE.html">Настройки устройство</target>
   </keywords>
   <keywords>
      <text FeatureID="-1">настройки на устройството</text>
      <target FeatureID="-1" href="CP_HLP_DEVICE.html">Настройки устройство</target>
   </keywords>
   <keywords>
      <text FeatureID="-1">настройки за езика</text>
      <target FeatureID="-1" href="CP_HLP_LANGUAGE.html">Настройки за езика</target>
   </keywords>
   <keywords>
      <text FeatureID="-1">настройки</text>
      <target FeatureID="-1" href="CP_HLP_MAIN_VIEW.html">Настройки</target>
   </keywords>
   <keywords>
      <text FeatureID="-1">мрежови настройки</text>
      <target FeatureID="-1" href="CP_HLP_NETWORK.html">Мрежови настройки</target>
      <target FeatureID="-1" href="CP_HLP_NETWORK.html">Мрежови настройки</target>
   </keywords>
   <keywords>
      <text FeatureID="-1">профил</text>
      <target FeatureID="-1" href="CP_HLP_PERSONAL.html">Екран 'Лични'</target>
   </keywords>
   <keywords>
      <text FeatureID="-1">палитра</text>
      <target FeatureID="-1" href="CP_HLP_PERSONAL.html">Екран 'Лични'</target>
   </keywords>
   <keywords>
      <text FeatureID="-1">готовност</text>
      <target FeatureID="-1" href="CP_HLP_PERSONAL.html">Екран 'Лични'</target>
   </keywords>
   <keywords>
      <text FeatureID="-1">защита, настройки</text>
      <target FeatureID="-1" href="CP_HLP_SECURITY.html">Настройки за защита</target>
   </keywords>
   <keywords>
      <text FeatureID="-1">настройки, защита</text>
      <target FeatureID="-1" href="CP_HLP_SECURITY.html">Настройки за защита</target>
   </keywords>
   <keywords>
      <text FeatureID="-1">устройство, заключване</text>
      <target FeatureID="-1" href="SET_HLP_SECURITY_DEVICE_SIM.html">Защита на устройството</target>
   </keywords>
   <keywords>
      <text FeatureID="-1">защита</text>
      <target FeatureID="-1" href="SET_HLP_SECURITY_DEVICE_SIM.html">Защита на устройството</target>
   </keywords>
   <keywords>
      <text FeatureID="-1">настройки на началния екран</text>
      <target FeatureID="-1" href="CP_HLP_IDLE.html">Начален екран</target>
   </keywords>
   <keywords>
      <text FeatureID="__DUAL_LANGUAGE_SUPPORT=true">език за писане</text>
      <target FeatureID="__DUAL_LANGUAGE_SUPPORT=true" href="CP_HLP_WRITING_LANGUAGE.html">Език на писане</target>
   </keywords>
   <keywords>
      <text FeatureID="-1">светлина при уведомяване</text>
      <target FeatureID="-1" href="ES_HLP_LIGHT_MAIN.html">Светлина при уведомяване</target>
      <target FeatureID="-1" href="ES_HLP_LIGHT_BLINKING.html">Настройки на светлина при уведомяване</target>
   </keywords>
   <keywords>
      <text FeatureID="-1">настройки на аксесоарите</text>
      <target FeatureID="-1" href="SET_HLP_ACCESSORIES_LIST.html">Настройки на аксесоарите</target>
      <target FeatureID="-1" href="SET_HLP_ACCESSORIES_HEADPHONE.html">Настройки на слушалки</target>
      <target FeatureID="-1" href="SET_HLP_ACCESSORIES_HEADSET.html">Настройки за слушалки</target>
      <target FeatureID="-1" href="SET_HLP_ACCESS_WIRED_CK.html">Настр. компл. за кола с кабел</target>
      <target FeatureID="true_1032" href="SET_HLP_ACCESSORIES_TTY.html">Настр. текстофон</target>
      <target FeatureID="true_1540" href="SET_HLP_ACCESSORIES_TVOUT.html">Настройки на TV изхода</target>
   </keywords>
   <keywords>
      <text FeatureID="-1">пак. данни, точка достъп</text>
      <target FeatureID="-1" href="SET_HLP_AP_SETTING_GPRS.html">Точ. достъп пакети данни</target>
   </keywords>
   <keywords>
      <text FeatureID="-1">настройки за пакети данни</text>
      <target FeatureID="-1" href="SET_HLP_AP_SETTING_GPRS_AS.html">Фини настр. пакети данни</target>
   </keywords>
   <keywords>
      <text FeatureID="-1">пакет данни, точки достъп</text>
      <target FeatureID="-1" href="SET_HLP_AP_SETTING_GPRS_AS.html">Фини настр. пакети данни</target>
   </keywords>
   <keywords>
      <text FeatureID="true_1088 true_110">точки за достъп за пов. данни</text>
      <target FeatureID="true_110" href="SET_HLP_AP_DATA_AS_IPV4.html">Настр. IPv4 - пов. данни</target>
      <target FeatureID="true_1088" href="SET_HLP_AP_DATA_AS_IPV6.html">Настр. IPv6 - пов. данни</target>
      <target FeatureID="true_110" href="SET_HLP_AP_SETTING_DATA_AS.html">Разш. настр. пов. данни</target>
   </keywords>
   <keywords>
      <text FeatureID="true_110">настройки на точки за достъп</text>
      <target FeatureID="true_110" href="SET_HLP_AP_SETTING_DATA.html">Точка за достъп за повикване данни</target>
      <target FeatureID="true_110" href="SET_HLP_AP_SETTING_DATA_AS.html">Разш. настр. пов. данни</target>
   </keywords>
   <keywords>
      <text FeatureID="true_110">настр. пов. данни</text>
      <target FeatureID="true_110" href="SET_HLP_AP_SETTING_DATA.html">Точка за достъп за повикване данни</target>
   </keywords>
   <keywords>
      <text FeatureID="-1">виртуална частна мрежа</text>
      <target FeatureID="-1" href="SET_HLP_VPN_AP_SETTINGS_VIEW.html">Редактиране на VPN точки за достъп</target>
   </keywords>
   <keywords>
      <text FeatureID="-1">защита на клавиатурата</text>
      <target FeatureID="-1" href="CP_HLP_AUTOKEYGUARD.html">Автом. защита клав.</target>
   </keywords>
   <keywords>
      <text FeatureID="true_1537">дистанционни устройства</text>
      <target FeatureID="true_1537" href="RD_HLP_REMOTE_DRIVE_CONFIG.html">Настройки за дистанционно устройство</target>
      <target FeatureID="true_1537" href="RD_HLP_REMOTE_DRIVES.html">Дистанционни устройства</target>
   </keywords>
   <keywords>
      <text FeatureID="-1">блокиране на повикване</text>
      <target FeatureID="-1" href="SET_HLP_BARRING_SETTINGS.html">Блокир. на тел. повикв.</target>
      <target FeatureID="true_298" href="DIV_HLP_BARRING_MAIN.html">Блокир. на повикв.</target>
   </keywords>
   <keywords>
      <text FeatureID="-1">блокиране на повиквания</text>
      <target FeatureID="-1" href="SET_HLP_BARRING_SETTINGS.html">Блокир. на тел. повикв.</target>
      <target FeatureID="true_298" href="DIV_HLP_BARRING_MAIN.html">Блокир. на повикв.</target>
   </keywords>
   <keywords>
      <text FeatureID="-1">прехв. повикв.</text>
      <target FeatureID="-1" href="DIV_HLP_CALL_FORW_MAIN.html">Прехвърляне на повикване</target>
      <target FeatureID="-1" href="DIV_HLP_CALL_FORW_VOI.html">Прехв. глас. пов.</target>
   </keywords>
   <keywords>
      <text FeatureID="-1">прен. пов.</text>
      <target FeatureID="-1" href="DIV_HLP_CALL_FORW_MAIN.html">Прехвърляне на повикване</target>
   </keywords>
   <keywords>
      <text FeatureID="-1">настройки за синхронизация</text>
      <target FeatureID="-1" href="CP_HLP_SYNCHRONISATION.html">Настройки за синхронизация</target>
   </keywords>
   <keywords>
      <text FeatureID="-1">инсталиране на приложения</text>
      <target FeatureID="-1" href="CP_HLP_INSTALLATIONS.html">Инсталации</target>
   </keywords>
   <keywords>
      <text FeatureID="-1">настройки на слушалки</text>
      <target FeatureID="-1" href="SET_HLP_ACCESSORIES_HEADPHONE.html">Настройки на слушалки</target>
      <target FeatureID="-1" href="SET_HLP_ACCESSORIES_HEADSET.html">Настройки за слушалки</target>
   </keywords>
   <keywords>
      <text FeatureID="-1">настр. компл. за кола с кабел</text>
      <target FeatureID="-1" href="SET_HLP_ACCESS_WIRED_CK.html">Настр. компл. за кола с кабел</target>
   </keywords>
   <keywords>
      <text FeatureID="-1">настр. компл. за кола</text>
      <target FeatureID="-1" href="SET_HLP_ACCESS_WIRED_CK.html">Настр. компл. за кола с кабел</target>
   </keywords>
   <keywords>
      <text FeatureID="-1">настройки на муз.поставка</text>
      <target FeatureID="-1" href="SET_HLP_ACCESSORIES_MUSIC_ST.html">Настройки на муз. поставка</target>
   </keywords>
   <keywords>
      <text FeatureID="true_1032">настройки TTY</text>
      <target FeatureID="true_1032" href="SET_HLP_ACCESSORIES_TTY.html">Настр. текстофон</target>
   </keywords>
   <keywords>
      <text FeatureID="true_1032">настройки TDD</text>
      <target FeatureID="true_1032" href="SET_HLP_ACCESSORIES_TTY.html">Настр. текстофон</target>
   </keywords>
   <keywords>
      <text FeatureID="true_1540">настройки на tv изхода</text>
      <target FeatureID="true_1540" href="SET_HLP_ACCESSORIES_TVOUT.html">Настройки на TV изхода</target>
   </keywords>
</keywords>