<?xml version="1.0" encoding="UTF-8"?>
<keywords>
   <keywords>
      <text FeatureID="-1">samtalsbrevlåda</text>
      <target FeatureID="-1" href="SMSVO_HLP_MAIN_VIEW.html">Röstbrevlåda</target>
      <target FeatureID="true_298" href="SMSVO_HLP_CS_VIDEO_AND_XSP_VOIP.html">Samtals-, video- och Internetsamtalsbrevlåda</target>
   </keywords>
   <keywords>
      <text FeatureID="-1">telefonsvarare</text>
      <target FeatureID="-1" href="SMSVO_HLP_MAIN_VIEW.html">Röstbrevlåda</target>
      <target FeatureID="true_89" href="SMSVO_HLP_CS_AND_VIDEO.html">Samtals- och videobrevlåda</target>
      <target FeatureID="true_298" href="SMSVO_HLP_CS_VIDEO_AND_XSP_VOIP.html">Samtals-, video- och Internetsamtalsbrevlåda</target>
   </keywords>
   <keywords>
      <text FeatureID="true_89">videobrevlåda</text>
      <target FeatureID="true_89" href="SMSVO_HLP_CS_AND_VIDEO.html">Samtals- och videobrevlåda</target>
   </keywords>
   <keywords>
      <text FeatureID="true_298">Internetsamtalsbrevlåda</text>
      <target FeatureID="true_298" href="SMSVO_HLP_CS_VIDEO_AND_XSP_VOIP.html">Samtals-, video- och Internetsamtalsbrevlåda</target>
   </keywords>
</keywords>