<?xml version="1.0" encoding="UTF-8"?>
<keywords>
   <keywords>
      <text FeatureID="-1">certificati</text>
      <target FeatureID="-1" href="AM_HLP_GENERAL_SETTINGS.html">Impostazioni di certificato</target>
   </keywords>
   <keywords>
      <text FeatureID="-1">impostazioni, certificati</text>
      <target FeatureID="-1" href="AM_HLP_GENERAL_SETTINGS.html">Impostazioni di certificato</target>
   </keywords>
   <keywords>
      <text FeatureID="-1">installazione delle applicazioni</text>
      <target FeatureID="-1" href="AM_HLP_NOT_INSTALLED.html">File di installazione</target>
      <target FeatureID="-1" href="AM_HLP_APPLICATION.html">Gestire applicazioni</target>
   </keywords>
   <keywords>
      <text FeatureID="-1">applicazioni non installate</text>
      <target FeatureID="-1" href="AM_HLP_NOT_INSTALLED.html">File di installazione</target>
   </keywords>
   <keywords>
      <text FeatureID="-1">applicazioni, installate</text>
      <target FeatureID="-1" href="AM_HLP_INSTALLED.html">Applicazioni installate</target>
   </keywords>
   <keywords>
      <text FeatureID="-1">installazione del software</text>
      <target FeatureID="-1" href="AM_HLP_APPLICATION.html">Gestire applicazioni</target>
   </keywords>
   <keywords>
      <text FeatureID="-1">autorizzazione, richieste</text>
      <target FeatureID="-1" href="AM_HLP_INSTALL_CAPAB.html">Richieste di autorizzazione</target>
   </keywords>
   <keywords>
      <text FeatureID="-1">installazione non attendibile</text>
      <target FeatureID="-1" href="AM_HLP_INSTALL_UNTRUSTED.html">Installazione non attendibile</target>
   </keywords>
</keywords>