<?xml version="1.0" encoding="UTF-8"?>
<keywords>
   <keywords>
      <text FeatureID="-1">sagedusseadete muutmine</text>
      <target FeatureID="-1" href="EQ_HLP_EDITING_VIEW.html">Sagedusseadete muutmine</target>
   </keywords>
   <keywords>
      <text FeatureID="-1">ekvalaiser</text>
      <target FeatureID="-1" href="EQ_HLP_LIST_VIEW.html">Sageduse seaded</target>
   </keywords>
   <keywords>
      <text FeatureID="-1">sagedusribad</text>
      <target FeatureID="-1" href="EQ_HLP_LIST_VIEW.html">Sageduse seaded</target>
   </keywords>
   <keywords>
      <text FeatureID="-1">sagedusseadete valimine</text>
      <target FeatureID="-1" href="EQ_HLP_LIST_VIEW.html">Sageduse seaded</target>
   </keywords>
</keywords>