<?xml version="1.0" encoding="UTF-8"?>
<keywords>
   <keywords>
      <text FeatureID="-1">rádió</text>
      <target FeatureID="-1" href="FMRADIO_HLP_MAIN.html">Rádióhallgatás</target>
      <target FeatureID="-1" href="FMRADIO_HLP_SEARCH.html">Rádióállomások keresése</target>
      <target FeatureID="-1" href="FMRADIO_HLP_LIST.html"> Rádióállomások kezelése</target>
   </keywords>
   <keywords>
      <text FeatureID="-1">FM-rádió</text>
      <target FeatureID="-1" href="FMRADIO_HLP_MAIN.html">Rádióhallgatás</target>
      <target FeatureID="-1" href="FMRADIO_HLP_SEARCH.html">Rádióállomások keresése</target>
      <target FeatureID="-1" href="FMRADIO_HLP_LIST.html"> Rádióállomások kezelése</target>
   </keywords>
</keywords>