<?xml version="1.0" encoding="UTF-8"?>
<keywords>
   <keywords>
      <text FeatureID="-1">veze za paketni prenos podataka</text>
      <target FeatureID="-1" href="GPRS_HLP_MAIN.html">Veze za paketni prenos podataka</target>
      <target FeatureID="-1" href="LOGS_HLP_COUNTER.html">Zapisi poziva i podataka</target>
   </keywords>
   <keywords>
      <text FeatureID="-1">vreme trajanja poziva</text>
      <target FeatureID="-1" href="LOGS_HLP_COUNTER.html">Zapisi poziva i podataka</target>
      <target FeatureID="-1" href="TIMERS_HLP_MAIN.html">Vreme trajanja poziva</target>
   </keywords>
   <keywords>
      <text FeatureID="-1">nedavni pozivi</text>
      <target FeatureID="-1" href="LOGS_HLP_COUNTER.html">Zapisi poziva i podataka</target>
      <target FeatureID="-1" href="STM_HLP_MAIN.html">Nedavni pozivi</target>
   </keywords>
   <keywords>
      <text FeatureID="-1">dnevnici</text>
      <target FeatureID="-1" href="LOGS_HLP_DETAIL.html">Detalji evidencije događaja</target>
      <target FeatureID="-1" href="LOGS_HLP_MAIN.html">Informacije iz evidencije</target>
   </keywords>
   <keywords>
      <text FeatureID="-1">podešavanja evidencije</text>
      <target FeatureID="-1" href="LOGS_HLP_SETTING.html">Podešavanja evidencije</target>
   </keywords>
   <keywords>
      <text FeatureID="-1">birani brojevi</text>
      <target FeatureID="-1" href="STM_HLP_DIALLED.html">Birani brojevi</target>
   </keywords>
   <keywords>
      <text FeatureID="-1">evidencija poziva</text>
      <target FeatureID="-1" href="STM_HLP_MAIN.html">Nedavni pozivi</target>
   </keywords>
   <keywords>
      <text FeatureID="-1">propušteni pozivi</text>
      <target FeatureID="-1" href="STM_HLP_MISSED.html">Propušteni pozivi</target>
   </keywords>
   <keywords>
      <text FeatureID="-1">primljeni pozivi</text>
      <target FeatureID="-1" href="STM_HLP_RECEIVED.html">Primljeni pozivi</target>
   </keywords>
   <keywords>
      <text FeatureID="-1">pozivi na koje je odgovoreno</text>
      <target FeatureID="-1" href="STM_HLP_RECEIVED.html">Primljeni pozivi</target>
   </keywords>
   <keywords>
      <text FeatureID="-1">dužina poziva</text>
      <target FeatureID="-1" href="TIMERS_HLP_MAIN.html">Vreme trajanja poziva</target>
   </keywords>
</keywords>