<?xml version="1.0" encoding="UTF-8"?>
<keywords>
   <keywords>
      <text FeatureID="-1">personalizando perfis</text>
      <target FeatureID="-1" href="MODE_HLP_PERSONALISE.html">Personalizar perfis</target>
   </keywords>
   <keywords>
      <text FeatureID="-1">configurações de toques</text>
      <target FeatureID="-1" href="SET_HLP_PERSONAL_TONES.html">Configurações de toques</target>
   </keywords>
   <keywords>
      <text FeatureID="-1">toques musicais</text>
      <target FeatureID="-1" href="SET_HLP_PERSONAL_TONES.html">Configurações de toques</target>
   </keywords>
   <keywords>
      <text FeatureID="-1">perfis</text>
      <target FeatureID="-1" href="MODE_HLP_PROFILES_LIST.html">Perfis</target>
   </keywords>
   <keywords>
      <text FeatureID="-1">alterar perfis</text>
      <target FeatureID="-1" href="MODE_HLP_PROFILES_LIST.html">Perfis</target>
   </keywords>
</keywords>