<?xml version="1.0" encoding="UTF-8"?>
<keywords>
   <keywords>
      <text FeatureID="-1">Bluetooth</text>
      <target FeatureID="-1" href="BT_HLP_MAIN.html">Bluetooth</target>
      <target FeatureID="-1" href="BT_HLP_PAIRED.html">Emparelhar com dispositivos</target>
      <target FeatureID="-1" href="BT_HLP_BLOCKED.html">Dispositivos bloqueados</target>
   </keywords>
   <keywords>
      <text FeatureID="-1">Definições Bluetooth</text>
      <target FeatureID="-1" href="BT_HLP_MAIN.html">Bluetooth</target>
   </keywords>
   <keywords>
      <text FeatureID="-1">emparelhar dispositivos</text>
      <target FeatureID="-1" href="BT_HLP_PAIRED.html">Emparelhar com dispositivos</target>
   </keywords>
   <keywords>
      <text FeatureID="-1">dispositivos bloqueados</text>
      <target FeatureID="-1" href="BT_HLP_BLOCKED.html">Dispositivos bloqueados</target>
   </keywords>
   <keywords>
      <text FeatureID="true_12">teclado sem fios</text>
      <target FeatureID="true_12" href="BTKEYBOARD_HLP_SETTINGS.html">Teclado sem fios</target>
   </keywords>
</keywords>