<?xml version="1.0" encoding="UTF-8"?><?xml-stylesheet  href="../../theme/xsl/index2html.xslt" type="text/xsl"?>
<topics FeatureID="-1" title="فیلم ها &amp; تلویزیون" compressed="true">
   <topicref FeatureID="-1" href="IPTV_HLP_MAIN_STATE.html" navtitle="فیلم ها &amp; تلویزیون"/>
   <topicref FeatureID="-1" href="IPTV_HLP_VODCAST_MAIN.html" navtitle="منابع خبری فیلم"/>
   <topicref FeatureID="-1" href="IPTV_HLP_SERVICE_SELECTION_VOD.html" navtitle="انتخاب سرویس های ویدیویی"/>
   <topicref FeatureID="-1" href="IPTV_HLP_VOD_CATEGORIES.html" navtitle="مقوله های فیلم"/>
   <topicref FeatureID="-1" href="IPTV_HLP_VOD.html" navtitle="مشاهده و بارگیری کلیپ های ویدیویی"/>
   <topicref FeatureID="-1" href="IPTV_HLP_SCHEDULE_DOWNLOAD.html" navtitle="برنامه بارگیری ها"/>
   <topicref FeatureID="-1" href="IPTV_HLP_STORAGE.html" navtitle="فیلم های من"/>
   <topicref FeatureID="-1" href="IPTV_HLP_SETTINGS.html" navtitle="تنظیمات فیلم ها &amp; تلویزیون"/>
   <topicref FeatureID="-1" href="IPTV_HLP_SERVICE_SEL_VODCAST.html" navtitle="انتخاب سرویسهای ویدیویی"/>
   <topicref FeatureID="-1" href="IPTV_HLP_ADD_SERVICE.html" navtitle="افزودن سرویسهای ویدیویی"/>
</topics>