<?xml version="1.0" encoding="UTF-8"?>
<keywords>
   <keywords>
      <text FeatureID="-1">فیلم ها &amp; تلویزیون</text>
      <target FeatureID="-1" href="IPTV_HLP_MAIN_STATE.html">فیلم ها &amp; تلویزیون</target>
      <target FeatureID="-1" href="IPTV_HLP_VODCAST_MAIN.html">منابع خبری فیلم</target>
      <target FeatureID="-1" href="IPTV_HLP_SERVICE_SELECTION_VOD.html">انتخاب سرویس های ویدیویی</target>
      <target FeatureID="-1" href="IPTV_HLP_VOD_CATEGORIES.html">مقوله های فیلم</target>
      <target FeatureID="-1" href="IPTV_HLP_VOD.html">مشاهده و بارگیری کلیپ های ویدیویی</target>
      <target FeatureID="-1" href="IPTV_HLP_SCHEDULE_DOWNLOAD.html">برنامه بارگیری ها</target>
      <target FeatureID="-1" href="IPTV_HLP_STORAGE.html">فیلم های من</target>
      <target FeatureID="-1" href="IPTV_HLP_SERVICE_SEL_VODCAST.html">انتخاب سرویسهای ویدیویی</target>
   </keywords>
   <keywords>
      <text FeatureID="-1">سرویس های تصویری</text>
      <target FeatureID="-1" href="IPTV_HLP_VODCAST_MAIN.html">منابع خبری فیلم</target>
      <target FeatureID="-1" href="IPTV_HLP_SERVICE_SEL_VODCAST.html">انتخاب سرویسهای ویدیویی</target>
      <target FeatureID="-1" href="IPTV_HLP_ADD_SERVICE.html">افزودن سرویسهای ویدیویی</target>
   </keywords>
   <keywords>
      <text FeatureID="-1">سرویس های ویدیویی</text>
      <target FeatureID="-1" href="IPTV_HLP_VOD_CATEGORIES.html">مقوله های فیلم</target>
   </keywords>
   <keywords>
      <text FeatureID="-1">بارگیری ها, کلیپ های ویدیویی</text>
      <target FeatureID="-1" href="IPTV_HLP_VOD.html">مشاهده و بارگیری کلیپ های ویدیویی</target>
      <target FeatureID="-1" href="IPTV_HLP_SCHEDULE_DOWNLOAD.html">برنامه بارگیری ها</target>
   </keywords>
   <keywords>
      <text FeatureID="-1">فیلم ها &amp; تلویزیون, تنظیمات</text>
      <target FeatureID="-1" href="IPTV_HLP_SETTINGS.html">تنظیمات فیلم ها &amp; تلویزیون</target>
   </keywords>
   <keywords>
      <text FeatureID="-1">تنظیمات, فیلم</text>
      <target FeatureID="-1" href="IPTV_HLP_SETTINGS.html">تنظیمات فیلم ها &amp; تلویزیون</target>
   </keywords>
   <keywords>
      <text FeatureID="-1">فيلم ها &amp; تلويزيون</text>
      <target FeatureID="-1" href="IPTV_HLP_ADD_SERVICE.html">افزودن سرویسهای ویدیویی</target>
   </keywords>
</keywords>