<?xml version="1.0" encoding="UTF-8"?><?xml-stylesheet  href="../../theme/xsl/index2html.xslt" type="text/xsl"?>
<topics FeatureID="-1" title="Sohbet" compressed="true">
   <topicref FeatureID="-1" href="IMNG_HLP_SEARCHCHAT.html" navtitle="Sohbet kullanıcılarını bulma"/>
   <topicref FeatureID="-1" href="IMNG_HLP_SAVED_VIEW.html" navtitle="Kayıtlı oturumları görüntüleme"/>
   <topicref FeatureID="-1" href="IMNG_HLP_SAVED_LIST.html" navtitle="Kayıtlı oturumlar"/>
   <topicref FeatureID="-1" href="IMNG_HLP_IMCHAT.html" navtitle="Grup oturumları"/>
   <topicref FeatureID="-1" href="IMNG_HLP_GROUP_EDIT.html" navtitle="Grup düzenleme hakları"/>
   <topicref FeatureID="-1" href="IMNG_HLP_GROUP_BAN.html" navtitle="Sohbet kullanıcılarını gruplardan yasaklama"/>
   <topicref FeatureID="-1" href="IMNG_HLP_CONT_OWN_DATA.html" navtitle="Verilerim"/>
   <topicref FeatureID="-1" href="IMNG_HLP_COMMUNITY_VIEW_EMPTY.html" navtitle="Sohbet'i kullanmaya başlama"/>
   <topicref FeatureID="-1" href="IMNG_HLP_COMMUNITY_VIEW.html" navtitle="Sohbet"/>
   <topicref FeatureID="-1" href="IMNG_HLP_BLOCKED_VIEW.html" navtitle="Engellenen kartvizitler"/>
   <topicref FeatureID="-1" href="IMNG_HLP_SETTINGS.html" navtitle="Sohbet ayarları"/>
   <topicref FeatureID="-1" href="IMNG_HLP_SERVLISTSETT_IM.html" navtitle="Sohbet sunucuları"/>
   <topicref FeatureID="-1" href="IMNG_HLP_DEFSERVER.html" navtitle="Sohbet sunucusu ayarları"/>
   <topicref FeatureID="-1" href="IMNG_HLP_INVITE.html" navtitle="Sohbet davetleri"/>
   <topicref FeatureID="-1" href="IMNG_HLP_CREATECHAT.html" navtitle="Sohbet grubu ayarları"/>
   <topicref FeatureID="-1" href="IMNG_HLP_ACCLIST.html" navtitle="Sohbet grubu üyeleri"/>
   <topicref FeatureID="-1" href="IMNG_HLP_CONVERSATIONS.html" navtitle="Sohbet oturumları"/>
   <topicref FeatureID="-1" href="IMNG_HLP_CONTACTDETAILS.html" navtitle="Sohbet kartviziti bilgileri"/>
   <topicref FeatureID="-1" href="IMNG_HLP_APPSETT.html" navtitle="Sohbet uygulaması ayarları"/>
</topics>