<?xml version="1.0" encoding="UTF-8"?>
<keywords>
   <keywords>
      <text FeatureID="-1">sohbet kullanıcılarını bulma</text>
      <target FeatureID="-1" href="IMNG_HLP_SEARCHCHAT.html">Sohbet kullanıcılarını bulma</target>
   </keywords>
   <keywords>
      <text FeatureID="-1">sohbet</text>
      <target FeatureID="-1" href="IMNG_HLP_SEARCHCHAT.html">Sohbet kullanıcılarını bulma</target>
      <target FeatureID="-1" href="IMNG_HLP_SAVED_VIEW.html">Kayıtlı oturumları görüntüleme</target>
      <target FeatureID="-1" href="IMNG_HLP_SAVED_LIST.html">Kayıtlı oturumlar</target>
      <target FeatureID="-1" href="IMNG_HLP_GROUP_EDIT.html">Grup düzenleme hakları</target>
      <target FeatureID="-1" href="IMNG_HLP_GROUP_BAN.html">Sohbet kullanıcılarını gruplardan yasaklama</target>
      <target FeatureID="-1" href="IMNG_HLP_CONT_OWN_DATA.html">Verilerim</target>
      <target FeatureID="-1" href="IMNG_HLP_COMMUNITY_VIEW_EMPTY.html">Sohbet'i kullanmaya başlama</target>
      <target FeatureID="-1" href="IMNG_HLP_COMMUNITY_VIEW.html">Sohbet</target>
      <target FeatureID="-1" href="IMNG_HLP_CREATECHAT.html">Sohbet grubu ayarları</target>
      <target FeatureID="-1" href="IMNG_HLP_ACCLIST.html">Sohbet grubu üyeleri</target>
      <target FeatureID="-1" href="IMNG_HLP_CONVERSATIONS.html">Sohbet oturumları</target>
      <target FeatureID="-1" href="IMNG_HLP_APPSETT.html">Sohbet uygulaması ayarları</target>
   </keywords>
   <keywords>
      <text FeatureID="-1">sohbet gruplarını bulma</text>
      <target FeatureID="-1" href="IMNG_HLP_SEARCHCHAT.html">Sohbet kullanıcılarını bulma</target>
   </keywords>
   <keywords>
      <text FeatureID="-1">kayıtlı oturumlar</text>
      <target FeatureID="-1" href="IMNG_HLP_SAVED_LIST.html">Kayıtlı oturumlar</target>
   </keywords>
   <keywords>
      <text FeatureID="-1">IM (sohbet)</text>
      <target FeatureID="-1" href="IMNG_HLP_IMCHAT.html">Grup oturumları</target>
   </keywords>
   <keywords>
      <text FeatureID="-1">sohbet gruplarına katılma</text>
      <target FeatureID="-1" href="IMNG_HLP_IMCHAT.html">Grup oturumları</target>
   </keywords>
   <keywords>
      <text FeatureID="-1">düzenleme hakları</text>
      <target FeatureID="-1" href="IMNG_HLP_GROUP_EDIT.html">Grup düzenleme hakları</target>
   </keywords>
   <keywords>
      <text FeatureID="-1">yasaklananlar listesi</text>
      <target FeatureID="-1" href="IMNG_HLP_GROUP_BAN.html">Sohbet kullanıcılarını gruplardan yasaklama</target>
   </keywords>
   <keywords>
      <text FeatureID="-1">Sohbet grubu üyeleri</text>
      <target FeatureID="-1" href="IMNG_HLP_GROUP_BAN.html">Sohbet kullanıcılarını gruplardan yasaklama</target>
      <target FeatureID="-1" href="IMNG_HLP_ACCLIST.html">Sohbet grubu üyeleri</target>
   </keywords>
   <keywords>
      <text FeatureID="-1">Sohbet rehberi</text>
      <target FeatureID="-1" href="IMNG_HLP_CONT_OWN_DATA.html">Verilerim</target>
      <target FeatureID="-1" href="IMNG_HLP_BLOCKED_VIEW.html">Engellenen kartvizitler</target>
      <target FeatureID="-1" href="IMNG_HLP_CONTACTDETAILS.html">Sohbet kartviziti bilgileri</target>
   </keywords>
   <keywords>
      <text FeatureID="-1">Sohbet</text>
      <target FeatureID="-1" href="IMNG_HLP_COMMUNITY_VIEW_EMPTY.html">Sohbet'i kullanmaya başlama</target>
      <target FeatureID="-1" href="IMNG_HLP_COMMUNITY_VIEW.html">Sohbet</target>
      <target FeatureID="-1" href="IMNG_HLP_CONVERSATIONS.html">Sohbet oturumları</target>
      <target FeatureID="-1" href="IMNG_HLP_CONTACTDETAILS.html">Sohbet kartviziti bilgileri</target>
   </keywords>
   <keywords>
      <text FeatureID="-1">engellenen sohbet kartvizitleri</text>
      <target FeatureID="-1" href="IMNG_HLP_BLOCKED_VIEW.html">Engellenen kartvizitler</target>
   </keywords>
   <keywords>
      <text FeatureID="-1">Sohbet ayarları</text>
      <target FeatureID="-1" href="IMNG_HLP_SETTINGS.html">Sohbet ayarları</target>
      <target FeatureID="-1" href="IMNG_HLP_APPSETT.html">Sohbet uygulaması ayarları</target>
   </keywords>
   <keywords>
      <text FeatureID="-1">Sohbet sunucuları</text>
      <target FeatureID="-1" href="IMNG_HLP_SERVLISTSETT_IM.html">Sohbet sunucuları</target>
   </keywords>
   <keywords>
      <text FeatureID="-1">Sohbet sunucusu ayarları</text>
      <target FeatureID="-1" href="IMNG_HLP_DEFSERVER.html">Sohbet sunucusu ayarları</target>
   </keywords>
   <keywords>
      <text FeatureID="-1">sunucu ayarları</text>
      <target FeatureID="-1" href="IMNG_HLP_DEFSERVER.html">Sohbet sunucusu ayarları</target>
   </keywords>
   <keywords>
      <text FeatureID="-1">davetler</text>
      <target FeatureID="-1" href="IMNG_HLP_INVITE.html">Sohbet davetleri</target>
   </keywords>
   <keywords>
      <text FeatureID="-1">Sohbet grubu ayarları</text>
      <target FeatureID="-1" href="IMNG_HLP_CREATECHAT.html">Sohbet grubu ayarları</target>
   </keywords>
   <keywords>
      <text FeatureID="-1">oturumlar</text>
      <target FeatureID="-1" href="IMNG_HLP_CONVERSATIONS.html">Sohbet oturumları</target>
   </keywords>
</keywords>