<?xml version="1.0" encoding="UTF-8"?>
<keywords>
   <keywords>
      <text FeatureID="-1">snimanje, zvukovi</text>
      <target FeatureID="-1" href="VOREC_HLP_EMPTY_RECORDER.html">Snimanje zvučnih isječaka</target>
   </keywords>
   <keywords>
      <text FeatureID="-1">snimač glasa</text>
      <target FeatureID="-1" href="VOREC_HLP_MAIN.html">Uporaba snimača glasa</target>
   </keywords>
   <keywords>
      <text FeatureID="-1">snimanje zvučnih isječaka</text>
      <target FeatureID="-1" href="VOREC_HLP_MAIN.html">Uporaba snimača glasa</target>
   </keywords>
   <keywords>
      <text FeatureID="-1">postavke snimača glasa</text>
      <target FeatureID="-1" href="VOREC_HLP_SETTINGS.html">Postavke snimača glasa</target>
   </keywords>
</keywords>