<?xml version="1.0" encoding="UTF-8"?>
<keywords>
   <keywords>
      <text FeatureID="true_1116">exp. înreg. agendă</text>
      <target FeatureID="true_1116" href="SMART_HLP_CALENDAREDITOR.html">Exp. înreg. agendă</target>
   </keywords>
   <keywords>
      <text FeatureID="true_1114">recep. înreg. agendă</text>
      <target FeatureID="true_1114" href="SMART_HLP_CALENDARVIEWER.html">Înregistrări de agendă recepţionate</target>
   </keywords>
   <keywords>
      <text FeatureID="true_1114">înregistrări agendă</text>
      <target FeatureID="true_1114" href="SMART_HLP_CALPULLMESVIEWER.html">Prel. înreg. agendă</target>
   </keywords>
   <keywords>
      <text FeatureID="true_1117 true_1115">cărţi vizită</text>
      <target FeatureID="true_1117" href="SMART_HLP_BUSINESSEDITOR.html">Expediere cărţi vizită</target>
      <target FeatureID="true_1115" href="SMART_HLP_BUSINESSVIEWER.html">Cărţi vizită recepţionate</target>
      <target FeatureID="true_1115" href="SMART_HLP_BUSPULLMESVIEWER.html">Preluare carte vizită</target>
   </keywords>
   <keywords>
      <text FeatureID="true_1111">sunete de apel</text>
      <target FeatureID="true_1111" href="SMART_HLP_RINGVIEWER.html">Sunete de apel recepţionate</target>
   </keywords>
   <keywords>
      <text FeatureID="true_1110">embleme operator</text>
      <target FeatureID="true_1110" href="SMART_HLP_OPLOGOVIEWER.html">Embl. operator recepţionată</target>
   </keywords>
   <keywords>
      <text FeatureID="true_1106">marcaje</text>
      <target FeatureID="true_1106" href="SMART_HLP_ONEBOOKVIEWER.html">Marcaj recepţionat</target>
   </keywords>
   <keywords>
      <text FeatureID="true_1112">recep. mesaje grafice</text>
      <target FeatureID="true_1112" href="SMART_HLP_GMSVIEWER.html">Viz. mesaje grafice</target>
   </keywords>
   <keywords>
      <text FeatureID="true_1112">mesaje grafice</text>
      <target FeatureID="true_1112" href="SMART_HLP_GMSVIEWER.html">Viz. mesaje grafice</target>
   </keywords>
   <keywords>
      <text FeatureID="true_1537">setări de configurare a unităţii la distanţă</text>
      <target FeatureID="true_1537" href="SMART_HLP_REMOTEDRIVES_VIEWER.html">Recepţionarea setărilor de configurare a unităţii la distanţă</target>
      <target FeatureID="true_1537" href="SMART_HLP_REMOTEDRIVES_EDITOR.html">Expedierea setărilor de configurare a unităţii la distanţă</target>
   </keywords>
</keywords>