<?xml version="1.0" encoding="UTF-8"?>
<keywords>
   <keywords>
      <text FeatureID="-1">bústia de trucades</text>
      <target FeatureID="-1" href="SMSVO_HLP_MAIN_VIEW.html">Bústia de trucades</target>
      <target FeatureID="true_298" href="SMSVO_HLP_CS_VIDEO_AND_XSP_VOIP.html">Bústia de trucades, vídeo i trucades d'Internet</target>
   </keywords>
   <keywords>
      <text FeatureID="-1">contestador</text>
      <target FeatureID="-1" href="SMSVO_HLP_MAIN_VIEW.html">Bústia de trucades</target>
      <target FeatureID="true_89" href="SMSVO_HLP_CS_AND_VIDEO.html">Bústia de trucades i de vídeo</target>
      <target FeatureID="true_298" href="SMSVO_HLP_CS_VIDEO_AND_XSP_VOIP.html">Bústia de trucades, vídeo i trucades d'Internet</target>
   </keywords>
   <keywords>
      <text FeatureID="true_89">bústia de vídeo</text>
      <target FeatureID="true_89" href="SMSVO_HLP_CS_AND_VIDEO.html">Bústia de trucades i de vídeo</target>
   </keywords>
   <keywords>
      <text FeatureID="true_298">bústia de trucades d'Internet</text>
      <target FeatureID="true_298" href="SMSVO_HLP_CS_VIDEO_AND_XSP_VOIP.html">Bústia de trucades, vídeo i trucades d'Internet</target>
   </keywords>
</keywords>