<?xml version="1.0" encoding="UTF-8"?>
<keywords>
   <keywords>
      <text FeatureID="-1">temalar</text>
      <target FeatureID="-1" href="SKINS_HLP_LIST.html">Genel temalar</target>
      <target FeatureID="-1" href="SCREENSAVER_HLP_WP_SETTINGS.html">Slayt gösterisi duvar kağıdı ayarları</target>
      <target FeatureID="-1" href="SKINS_HLP_WP_SETTINGS.html">Duvar kağıtları</target>
      <target FeatureID="true_1503" href="SKINS_HLP_CIMAGE_SETTINGS.html">Arama görüntüsünü seçme</target>
      <target FeatureID="-1" href="SKINS_HLP_APPSHELL.html">Menü görünümü ayarları</target>
      <target FeatureID="-1" href="SKINS_HLP_APP_MAIN.html">Görünümü kişiselleştirme</target>
      <target FeatureID="-1" href="SKINS_HLP_APPSKINS_LIST.html">Uygulama temaları</target>
   </keywords>
   <keywords>
      <text FeatureID="-1">slayt gösterisi duvar kağıdı</text>
      <target FeatureID="-1" href="SCREENSAVER_HLP_WP_SETTINGS.html">Slayt gösterisi duvar kağıdı ayarları</target>
   </keywords>
   <keywords>
      <text FeatureID="-1">slayt gösterisi ayarları</text>
      <target FeatureID="-1" href="SCREENSAVER_HLP_WP_SETTINGS.html">Slayt gösterisi duvar kağıdı ayarları</target>
   </keywords>
   <keywords>
      <text FeatureID="-1">duvar kağıtları</text>
      <target FeatureID="-1" href="SKINS_HLP_WP_SETTINGS.html">Duvar kağıtları</target>
   </keywords>
   <keywords>
      <text FeatureID="-1">arka plan görüntüsü</text>
      <target FeatureID="-1" href="SKINS_HLP_WP_SETTINGS.html">Duvar kağıtları</target>
      <target FeatureID="-1" href="SKINS_HLP_APP_MAIN.html">Görünümü kişiselleştirme</target>
   </keywords>
   <keywords>
      <text FeatureID="-1">ekran koruyucu</text>
      <target FeatureID="-1" href="SKINS_HLP_SCREENS_SETTINGS.html">Ekran koruyucu ayarları</target>
   </keywords>
   <keywords>
      <text FeatureID="true_1503">arama görüntüsü ayarları</text>
      <target FeatureID="true_1503" href="SKINS_HLP_CIMAGE_SETTINGS.html">Arama görüntüsünü seçme</target>
   </keywords>
   <keywords>
      <text FeatureID="-1">menüler</text>
      <target FeatureID="-1" href="SKINS_HLP_APPSHELL.html">Menü görünümü ayarları</target>
   </keywords>
</keywords>