<?xml version="1.0" encoding="UTF-8"?>
<keywords>
   <keywords>
      <text FeatureID="-1">Quickoffice, filstyring</text>
      <target FeatureID="-1" href="QFM_HLP_FILE_MENU.html">Filstyring</target>
   </keywords>
   <keywords>
      <text FeatureID="-1">Quickoffice</text>
      <target FeatureID="-1" href="QFM_HLP_LOC_MENU.html">Quickoffice</target>
   </keywords>
   <keywords>
      <text FeatureID="-1">Quickpoint</text>
      <target FeatureID="-1" href="QPOINT_HLP_EDIT_SLIDE_VIEW.html">Redigere dias</target>
      <target FeatureID="-1" href="QPOINT_HLP_REPLACE_VIEW.html">Søge efter og erstatte tekst</target>
      <target FeatureID="-1" href="QPOINT_HLP_FIND_VIEW.html">Søge efter tekst</target>
      <target FeatureID="-1" href="QPOINT_HLP_VIEW_SLIDE_VIEW.html">Få vist dias</target>
   </keywords>
   <keywords>
      <text FeatureID="-1">Quickpoint, tekst</text>
      <target FeatureID="-1" href="QPOINT_HLP_EDIT_TEXT_VIEW.html">Redigere tekst</target>
   </keywords>
   <keywords>
      <text FeatureID="-1">Quickpoint, kommentarer</text>
      <target FeatureID="-1" href="QPOINT_HLP_COMMENT_VIEW.html">Få vist kommentarer</target>
   </keywords>
   <keywords>
      <text FeatureID="-1">Quickpoint, noter</text>
      <target FeatureID="-1" href="QPOINT_HLP_VIEW_NOTES_VIEW.html">Få vist noter</target>
   </keywords>
   <keywords>
      <text FeatureID="-1">Quickpoint, dispositioner</text>
      <target FeatureID="-1" href="QPOINT_HLP_VIEW_OUTLINE_VIEW.html">Få vist dispositioner</target>
   </keywords>
   <keywords>
      <text FeatureID="-1">Quicksheet, celler</text>
      <target FeatureID="-1" href="QSHEET_HLP_CELLS_EDIT.html">Redigere celler</target>
      <target FeatureID="-1" href="QSHEET_HLP_VIEW_CELL.html">Få vist celler</target>
   </keywords>
   <keywords>
      <text FeatureID="-1">Quicksheet, kolonner</text>
      <target FeatureID="-1" href="QSHEET_HLP_EDIT_COLUMN.html">Redigere kolonner</target>
   </keywords>
   <keywords>
      <text FeatureID="-1">Quicksheet, områder</text>
      <target FeatureID="-1" href="QSHEET_HLP_EDIT_RANGE.html">Redigere områder</target>
   </keywords>
   <keywords>
      <text FeatureID="-1">Quicksheet, rækker</text>
      <target FeatureID="-1" href="QSHEET_HLP_EDIT_ROW.html">Redigere rækker</target>
   </keywords>
   <keywords>
      <text FeatureID="-1">Quicksheet</text>
      <target FeatureID="-1" href="QSHEET_HLP_REPLACE_VIEW.html">Søge efter og erstatte tekst</target>
      <target FeatureID="-1" href="QSHEET_HLP_FIND_VIEW.html">Søge efter tekst</target>
      <target FeatureID="-1" href="QSHEET_HLP_CELLS_VIEW.html">Få vist regneark</target>
   </keywords>
   <keywords>
      <text FeatureID="-1">Quickword</text>
      <target FeatureID="-1" href="QWORD_HLP_EDIT_MODE.html">Redigere dokumenter</target>
      <target FeatureID="-1" href="QWORD_HLP_FIND_MODE.html">Søge efter og erstatte tekst</target>
      <target FeatureID="-1" href="QWORD_HLP_VIEW_MODE.html">Få vist dokumenter</target>
      <target FeatureID="-1" href="QWORD_HLP_PAGE_VIEW.html">Få vist sidelayout</target>
   </keywords>
</keywords>