<?xml version="1.0" encoding="UTF-8"?>
<keywords>
   <keywords>
      <text FeatureID="-1">Quickoffice, filstyring</text>
      <target FeatureID="-1" href="QFM_HLP_FILE_MENU.html">Filstyring</target>
   </keywords>
   <keywords>
      <text FeatureID="-1">Quickoffice</text>
      <target FeatureID="-1" href="QFM_HLP_LOC_MENU.html">Quickoffice</target>
   </keywords>
   <keywords>
      <text FeatureID="-1">Quickpoint, finde tekst</text>
      <target FeatureID="-1" href="QPOINT_HLP_FIND_VIEW.html">Finde disposi­tionstekst</target>
   </keywords>
   <keywords>
      <text FeatureID="-1">Quickpoint, noter</text>
      <target FeatureID="-1" href="QPOINT_HLP_VIEW_NOTES_VIEW.html">Få vist noter</target>
   </keywords>
   <keywords>
      <text FeatureID="-1">Quickpoint, dispositioner</text>
      <target FeatureID="-1" href="QPOINT_HLP_VIEW_OUTLINE_VIEW.html">Få vist dispositioner</target>
   </keywords>
   <keywords>
      <text FeatureID="-1">Quickpoint</text>
      <target FeatureID="-1" href="QPOINT_HLP_VIEW_SLIDE_VIEW.html">Få vist dias</target>
   </keywords>
   <keywords>
      <text FeatureID="-1">Quicksheet, finde tekst</text>
      <target FeatureID="-1" href="QSHEET_HLP_FIND_VIEW.html">Find tekst i et regneark</target>
   </keywords>
   <keywords>
      <text FeatureID="-1">Quicksheet, celler</text>
      <target FeatureID="-1" href="QSHEET_HLP_VIEW_CELL.html">Få vist celler</target>
   </keywords>
   <keywords>
      <text FeatureID="-1">Quickword, finde tekst</text>
      <target FeatureID="-1" href="QWORD_HLP_FIND_MODE.html">Søge efter tekst</target>
   </keywords>
   <keywords>
      <text FeatureID="-1">Quickword</text>
      <target FeatureID="-1" href="QWORD_HLP_VIEW_MODE.html">Få vist dokumenter</target>
   </keywords>
   <keywords>
      <text FeatureID="-1">Quickword, sidelayout</text>
      <target FeatureID="-1" href="QWORD_HLP_PAGE_VIEW.html">Få vist sidelayout</target>
   </keywords>
</keywords>