<?xml version="1.0" encoding="UTF-8"?>
<keywords>
   <keywords>
      <text FeatureID="-1">sijil penguasa</text>
      <target FeatureID="-1" href="CM_HLP_AUTHORITY.html">Sijil penguasa</target>
   </keywords>
   <keywords>
      <text FeatureID="-1">sijil</text>
      <target FeatureID="-1" href="CM_HLP_AUTHORITY.html">Sijil penguasa</target>
      <target FeatureID="-1" href="CM_HLP_DEVICE.html">Sijil peranti</target>
      <target FeatureID="-1" href="CM_HLP_MAIN.html">Pengurusan sijil</target>
      <target FeatureID="-1" href="CM_HLP_PERSONAL.html">Sijil peribadi</target>
      <target FeatureID="-1" href="CM_HLP_TRUSTED_SITE.html">Sijil tapak yang dipercayai.</target>
      <target FeatureID="-1" href="CM_HLP_TRUST_SETTINGS.html">Edit tetapan kepercayaan</target>
   </keywords>
   <keywords>
      <text FeatureID="-1">sijil keselamatan</text>
      <target FeatureID="-1" href="CM_HLP_AUTHORITY.html">Sijil penguasa</target>
      <target FeatureID="-1" href="CM_HLP_MAIN.html">Pengurusan sijil</target>
   </keywords>
   <keywords>
      <text FeatureID="-1">sijil peranti</text>
      <target FeatureID="-1" href="CM_HLP_DEVICE.html">Sijil peranti</target>
   </keywords>
   <keywords>
      <text FeatureID="-1">sijil peribadi</text>
      <target FeatureID="-1" href="CM_HLP_PERSONAL.html">Sijil peribadi</target>
   </keywords>
   <keywords>
      <text FeatureID="-1">sijil tapak yang dipercayai.</text>
      <target FeatureID="-1" href="CM_HLP_TRUSTED_SITE.html">Sijil tapak yang dipercayai.</target>
   </keywords>
   <keywords>
      <text FeatureID="-1">tetapan kepercayaan</text>
      <target FeatureID="-1" href="CM_HLP_TRUST_SETTINGS.html">Edit tetapan kepercayaan</target>
   </keywords>
</keywords>