<?xml version="1.0" encoding="UTF-8"?>
<keywords>
   <keywords>
      <text FeatureID="-1">ordres de veu</text>
      <target FeatureID="true_72" href="HLP_VC_SIND_FOLDER.html">Vista d'aplicació</target>
      <target FeatureID="true_72" href="HLP_VC_SIND_MAIN.html">Utilització d'ordres de veu</target>
      <target FeatureID="-1" href="VCINFO_HLP_MAINVIEW.html">Per a contactes</target>
   </keywords>
   <keywords>
      <text FeatureID="-1">configuració de les ordres de veu</text>
      <target FeatureID="-1" href="HLP_VC_SET.html">Configuració de les ordres de veu</target>
   </keywords>
</keywords>