<?xml version="1.0" encoding="UTF-8"?>
<keywords>
   <keywords>
      <text FeatureID="-1">kalendar</text>
      <target FeatureID="-1" href="CALE_HLP_NOTE_ANNIVERSARY.html">Stavke godišnjica</target>
      <target FeatureID="-1" href="CALE_HLP_NOTE_VIEWER.html">Stavke kalendara</target>
      <target FeatureID="-1" href="CALE_HLP_DAY_VIEW.html">Dnevni prikaz</target>
      <target FeatureID="-1" href="CALE_HLP_NOTE_MEETING.html">Stavke sastanka</target>
      <target FeatureID="-1" href="CALE_HLP_NOTE_DAY.html">Stavke podsetnika</target>
      <target FeatureID="-1" href="CALE_HLP_MONTH_VIEW.html">Mesečni prikaz</target>
      <target FeatureID="-1" href="CALE_HLP_TODO_NOTE.html">Obaveze</target>
      <target FeatureID="-1" href="CALE_HLP_TODO_VIEW.html">Prikaz obaveza</target>
      <target FeatureID="-1" href="CALE_HLP_WEEK_VIEW.html">Sedmični prikaz</target>
   </keywords>
   <keywords>
      <text FeatureID="-1">godišnjice</text>
      <target FeatureID="-1" href="CALE_HLP_NOTE_ANNIVERSARY.html">Stavke godišnjica</target>
      <target FeatureID="-1" href="CALE_HLP_NOTE_VIEWER.html">Stavke kalendara</target>
   </keywords>
   <keywords>
      <text FeatureID="-1">sastanci</text>
      <target FeatureID="-1" href="CALE_HLP_NOTE_VIEWER.html">Stavke kalendara</target>
      <target FeatureID="-1" href="CALE_HLP_NOTE_MEETING.html">Stavke sastanka</target>
   </keywords>
   <keywords>
      <text FeatureID="-1">podsetnik</text>
      <target FeatureID="-1" href="CALE_HLP_NOTE_VIEWER.html">Stavke kalendara</target>
      <target FeatureID="-1" href="CALE_HLP_NOTE_DAY.html">Stavke podsetnika</target>
   </keywords>
   <keywords>
      <text FeatureID="-1">beleške za obaveze</text>
      <target FeatureID="-1" href="CALE_HLP_NOTE_VIEWER.html">Stavke kalendara</target>
      <target FeatureID="-1" href="CALE_HLP_TODO_NOTE.html">Obaveze</target>
   </keywords>
   <keywords>
      <text FeatureID="-1">podešavanja kalendara</text>
      <target FeatureID="-1" href="CALE_HLP_SETTINGS.html">Podešavanja kalendara</target>
   </keywords>
   <keywords>
      <text FeatureID="-1">lista obaveza</text>
      <target FeatureID="-1" href="CALE_HLP_TODO_VIEW.html">Prikaz obaveza</target>
   </keywords>
</keywords>