<?xml version="1.0" encoding="UTF-8"?>
<keywords>
   <keywords>
      <text FeatureID="-1">VPN (Virtual Private Network)</text>
      <target FeatureID="-1" href="SET_HLP_VPN_LOG_VIEW.html">VPN-logboek</target>
      <target FeatureID="-1" href="SET_HLP_VPN_CONFIG_MAIN.html">VPN-beheer</target>
      <target FeatureID="-1" href="SET_HLP_VPN_POLICY_VIEW.html">VPN-beleid</target>
      <target FeatureID="-1" href="SET_HLP_VPN_POLICY_SERVERS.html">VPN-beleidsservers</target>
      <target FeatureID="-1" href="SET_HLP_VPN_POLICY_SERVER_SET.html">VPN-serverinstellingen</target>
   </keywords>
</keywords>