<?xml version="1.0" encoding="UTF-8"?>
<keywords>
   <keywords>
      <text FeatureID="-1">wiadomości sieciowe</text>
      <target FeatureID="-1" href="CBS_HLP_TOPIC_VIEW.html">Wiadomości sieciowe</target>
      <target FeatureID="-1" href="CBS_HLP_MAIN.html">Tematy wiad. siec.</target>
      <target FeatureID="-1" href="CBS_HLP_MSG.html">Przeglądanie wiadomości sieciowych</target>
   </keywords>
   <keywords>
      <text FeatureID="-1">tematy wiad. sieciowych</text>
      <target FeatureID="-1" href="CBS_HLP_MAIN.html">Tematy wiad. siec.</target>
   </keywords>
</keywords>