<?xml version="1.0" encoding="UTF-8"?>
<keywords>
   <keywords>
      <text FeatureID="-1">pažymos</text>
      <target FeatureID="-1" href="AM_HLP_GENERAL_SETTINGS.html">Pažymų parametrai</target>
   </keywords>
   <keywords>
      <text FeatureID="-1">parametrai, pažymos</text>
      <target FeatureID="-1" href="AM_HLP_GENERAL_SETTINGS.html">Pažymų parametrai</target>
   </keywords>
   <keywords>
      <text FeatureID="-1">programų įdiegimas</text>
      <target FeatureID="-1" href="AM_HLP_NOT_INSTALLED.html">Įdiegimo failai</target>
      <target FeatureID="-1" href="AM_HLP_APPLICATION.html">Programų tvarkymas</target>
   </keywords>
   <keywords>
      <text FeatureID="-1">programos</text>
      <target FeatureID="-1" href="AM_HLP_NOT_INSTALLED.html">Įdiegimo failai</target>
      <target FeatureID="-1" href="AM_HLP_INSTALLED.html">Įdiegtos programos</target>
   </keywords>
   <keywords>
      <text FeatureID="-1">programinės įrangos įdiegimas</text>
      <target FeatureID="-1" href="AM_HLP_APPLICATION.html">Programų tvarkymas</target>
   </keywords>
   <keywords>
      <text FeatureID="-1">leidimo užklausos</text>
      <target FeatureID="-1" href="AM_HLP_INSTALL_CAPAB.html">Leidimo užklausos</target>
   </keywords>
   <keywords>
      <text FeatureID="-1">nepatikimas įdiegimas</text>
      <target FeatureID="-1" href="AM_HLP_INSTALL_UNTRUSTED.html">Nepatikimas įdiegimas</target>
   </keywords>
</keywords>