<?xml version="1.0" encoding="UTF-8"?>
<keywords>
   <keywords>
      <text FeatureID="true_11008 false_11008">enregistrement de l’appareil</text>
      <target FeatureID="true_11008" href="DRM_HLP_REGISTRATION_METERING.html">Enregistrement de l’appareil</target>
      <target FeatureID="false_11008" href="DRM_HLP_REGISTRATION.html">Enregistrement de l’appareil</target>
   </keywords>
   <keywords>
      <text FeatureID="true_11008">acquisition des droits silencieux</text>
      <target FeatureID="true_11008" href="DRM_HLP_REGISTRATION_METERING.html">Enregistrement de l’appareil</target>
   </keywords>
   <keywords>
      <text FeatureID="true_11008">mise en forme de trafic</text>
      <target FeatureID="true_11008" href="DRM_HLP_REGISTRATION_METERING.html">Enregistrement de l’appareil</target>
   </keywords>
</keywords>