<?xml version="1.0" encoding="UTF-8"?><?xml-stylesheet  href="../../theme/xsl/index2html.xslt" type="text/xsl"?>
<topics FeatureID="-1" title="Ειδικοί τύποι μηνυμάτων" compressed="true">
   <topicref FeatureID="true_1116" href="SMART_HLP_CALENDAREDITOR.html" navtitle="Αποστολή καταχωρίσεων ημερολογίου"/>
   <topicref FeatureID="true_1114" href="SMART_HLP_CALENDARVIEWER.html" navtitle="Ληφθείσες καταχωρίσεις ημερολογίου"/>
   <topicref FeatureID="true_1114" href="SMART_HLP_CALPULLMESVIEWER.html" navtitle="Λήψη καταχώρισης ημερολογίου"/>
   <topicref FeatureID="true_1117" href="SMART_HLP_BUSINESSEDITOR.html" navtitle="Αποστολή προσωπικών στοιχείων"/>
   <topicref FeatureID="true_1115" href="SMART_HLP_BUSINESSVIEWER.html" navtitle="Ληφθέντα προσωπικά στοιχεία"/>
   <topicref FeatureID="true_1115" href="SMART_HLP_BUSPULLMESVIEWER.html" navtitle="Λήψη προσωπικών στοιχείων"/>
   <topicref FeatureID="true_1111" href="SMART_HLP_RINGVIEWER.html" navtitle="Ληφθέντες ήχοι κλήσης"/>
   <topicref FeatureID="true_1110" href="SMART_HLP_OPLOGOVIEWER.html" navtitle="Λήψη λογότ. φορέα"/>
   <topicref FeatureID="true_1106" href="SMART_HLP_ONEBOOKVIEWER.html" navtitle="Σελιδοδείκτης που ελήφθη"/>
   <topicref FeatureID="true_1112" href="SMART_HLP_GMSVIEWER.html" navtitle="Προβολή εικονομηνυμάτων"/>
   <topicref FeatureID="true_1537" href="SMART_HLP_REMOTEDRIVES_VIEWER.html" navtitle="Λήψη ρυθμίσεων απομακρυσμένου δίσκου"/>
   <topicref FeatureID="true_1537" href="SMART_HLP_REMOTEDRIVES_EDITOR.html" navtitle="Αποστολή ρυθμίσεων απομακρυσμένου δίσκου"/>
</topics>