<?xml version="1.0" encoding="UTF-8"?>
<keywords>
   <keywords>
      <text FeatureID="true_1116">αποστ. καταχ. ημερ.</text>
      <target FeatureID="true_1116" href="SMART_HLP_CALENDAREDITOR.html">Αποστολή καταχωρίσεων ημερολογίου</target>
   </keywords>
   <keywords>
      <text FeatureID="true_1114">λήψη καταχ. ημερολογίου</text>
      <target FeatureID="true_1114" href="SMART_HLP_CALENDARVIEWER.html">Ληφθείσες καταχωρίσεις ημερολογίου</target>
   </keywords>
   <keywords>
      <text FeatureID="true_1114">καταχωρίσεις ημερολογίου</text>
      <target FeatureID="true_1114" href="SMART_HLP_CALPULLMESVIEWER.html">Λήψη καταχώρισης ημερολογίου</target>
   </keywords>
   <keywords>
      <text FeatureID="true_1117 true_1115">προσωπικά στοιχεία</text>
      <target FeatureID="true_1117" href="SMART_HLP_BUSINESSEDITOR.html">Αποστολή προσωπικών στοιχείων</target>
      <target FeatureID="true_1115" href="SMART_HLP_BUSINESSVIEWER.html">Ληφθέντα προσωπικά στοιχεία</target>
      <target FeatureID="true_1115" href="SMART_HLP_BUSPULLMESVIEWER.html">Λήψη προσωπικών στοιχείων</target>
   </keywords>
   <keywords>
      <text FeatureID="true_1111">ήχοι κλήσης</text>
      <target FeatureID="true_1111" href="SMART_HLP_RINGVIEWER.html">Ληφθέντες ήχοι κλήσης</target>
   </keywords>
   <keywords>
      <text FeatureID="true_1110">λογότυπα φορέα</text>
      <target FeatureID="true_1110" href="SMART_HLP_OPLOGOVIEWER.html">Λήψη λογότ. φορέα</target>
   </keywords>
   <keywords>
      <text FeatureID="true_1106">σελιδοδείκτες</text>
      <target FeatureID="true_1106" href="SMART_HLP_ONEBOOKVIEWER.html">Σελιδοδείκτης που ελήφθη</target>
   </keywords>
   <keywords>
      <text FeatureID="true_1112">λήψη εικόνων</text>
      <target FeatureID="true_1112" href="SMART_HLP_GMSVIEWER.html">Προβολή εικονομηνυμάτων</target>
   </keywords>
   <keywords>
      <text FeatureID="true_1112">εικονομηνύματα</text>
      <target FeatureID="true_1112" href="SMART_HLP_GMSVIEWER.html">Προβολή εικονομηνυμάτων</target>
   </keywords>
   <keywords>
      <text FeatureID="true_1537">ρυθμίσεις απομακρυσμένου δίσκου</text>
      <target FeatureID="true_1537" href="SMART_HLP_REMOTEDRIVES_VIEWER.html">Λήψη ρυθμίσεων απομακρυσμένου δίσκου</target>
      <target FeatureID="true_1537" href="SMART_HLP_REMOTEDRIVES_EDITOR.html">Αποστολή ρυθμίσεων απομακρυσμένου δίσκου</target>
   </keywords>
</keywords>