<?xml version="1.0" encoding="UTF-8"?>
<keywords>
   <keywords>
      <text FeatureID="-1">chuyển dữ liệu</text>
      <target FeatureID="-1" href="SWITCH_HLP_EDIT_SHORTCUT.html">Cài đặt phím tắt</target>
      <target FeatureID="-1" href="SWITCH_HLP_EDIT_SHORTCUT.html">Cài đặt phím tắt</target>
      <target FeatureID="-1" href="SWITCH_HLP_MAIN.html">Chuyển dữ liệu</target>
      <target FeatureID="-1" href="SWITCH_HLP_MAIN.html">Chuyển dữ liệu</target>
      <target FeatureID="-1" href="SWITCH_HLP_LOG.html">Nhật ký chuyển dữ liệu</target>
   </keywords>
   <keywords>
      <text FeatureID="-1">phím tắt</text>
      <target FeatureID="-1" href="SWITCH_HLP_EDIT_SHORTCUT.html">Cài đặt phím tắt</target>
   </keywords>
   <keywords>
      <text FeatureID="-1">chuyển dữ liệu, xung đột</text>
      <target FeatureID="-1" href="SWITCH_HLP_CONFLICT.html">Xung đột chuyển dữ liệu</target>
   </keywords>
   <keywords>
      <text FeatureID="-1">sao chép nội dung</text>
      <target FeatureID="-1" href="SWITCH_HLP_MAIN.html">Chuyển dữ liệu</target>
   </keywords>
   <keywords>
      <text FeatureID="-1">nhật ký chuyển dữ liệu</text>
      <target FeatureID="-1" href="SWITCH_HLP_LOG.html">Nhật ký chuyển dữ liệu</target>
   </keywords>
</keywords>