<?xml version="1.0" encoding="UTF-8"?>
<keywords>
   <keywords>
      <text FeatureID="-1">ڈيٹا منتقلي</text>
      <target FeatureID="-1" href="SWITCH_HLP_EDIT_SHORTCUT.html">شارٹ کٹ ترتیبات</target>
      <target FeatureID="-1" href="SWITCH_HLP_MAIN.html">ڈيٹا منتقل</target>
      <target FeatureID="-1" href="SWITCH_HLP_LOG.html">منتقلي کا لاگ</target>
   </keywords>
   <keywords>
      <text FeatureID="-1">ڈيٹا منتقل کرنا</text>
      <target FeatureID="-1" href="SWITCH_HLP_EDIT_SHORTCUT.html">شارٹ کٹ ترتیبات</target>
      <target FeatureID="-1" href="SWITCH_HLP_MAIN.html">ڈيٹا منتقل</target>
   </keywords>
   <keywords>
      <text FeatureID="-1">شارٹ کٹ</text>
      <target FeatureID="-1" href="SWITCH_HLP_EDIT_SHORTCUT.html">شارٹ کٹ ترتیبات</target>
   </keywords>
   <keywords>
      <text FeatureID="-1">ڈيٹا منتقلي, تصادم</text>
      <target FeatureID="-1" href="SWITCH_HLP_CONFLICT.html">منتقلی تصادم</target>
   </keywords>
   <keywords>
      <text FeatureID="-1">اجزا کی نقل</text>
      <target FeatureID="-1" href="SWITCH_HLP_MAIN.html">ڈيٹا منتقل</target>
   </keywords>
   <keywords>
      <text FeatureID="-1">منتقلي کا لاگ</text>
      <target FeatureID="-1" href="SWITCH_HLP_LOG.html">منتقلي کا لاگ</target>
   </keywords>
</keywords>