<?xml version="1.0" encoding="UTF-8"?><?xml-stylesheet  href="../../theme/xsl/index2html.xslt" type="text/xsl"?>
<topics FeatureID="-1" title="Datuen sinkronizazioa" compressed="true">
   <topicref FeatureID="-1" href="DS_HLP_MAIN_VIEW.html" navtitle="Datuen sinkronizazioa"/>
   <topicref FeatureID="-1" href="DS_HLP_SETTINGS.html" navtitle="Sinkronizazio profilak editatzea"/>
   <topicref FeatureID="-1" href="DS_HLP_SETTINGS_CAL.html" navtitle="Egutegiaren sinkronizaziorako ezarpenak"/>
   <topicref FeatureID="-1" href="DS_HLP_SETTINGS_CNT.html" navtitle="Kontaktuak sinkronizatzeko ezarpenak"/>
   <topicref FeatureID="-1" href="DS_HLP_SETTINGS_NOTES.html" navtitle="Harren sinkronizazio ezarpenak"/>
   <topicref FeatureID="-1" href="DS_HLP_SETTINGS_SMS.html" navtitle="SMS sink ezarpenak"/>
   <topicref FeatureID="true_44" href="DS_HLP_SETTINGS_SYNCML.html" navtitle="E-mailen sink ezarpenak"/>
   <topicref FeatureID="-1" href="DS_HLP_SETTINGS_BOOKMARKS.html" navtitle="Sinkronizazio ezarpenen laster-markak"/>
   <topicref FeatureID="-1" href="DS_HLP_AUTO_SYNC_SETTINGS.html" navtitle="Sinkronizazio automatikoko ezarpenak"/>
   <topicref FeatureID="-1" href="DS_HLP_SETTINGS_MMS.html" navtitle="MMS sinkronizazio ezarpenak"/>
   <topicref FeatureID="-1" href="DS_HLP_PROFILE_SETTINGS.html" navtitle="Profilaren ikuspegiaren ezarpenak"/>
</topics>