<?xml version="1.0" encoding="UTF-8"?>
<keywords>
   <keywords>
      <text FeatureID="-1">sinkronizazioa</text>
      <target FeatureID="-1" href="DS_HLP_MAIN_VIEW.html">Datuen sinkronizazioa</target>
   </keywords>
   <keywords>
      <text FeatureID="-1">sinkronizazio-profilak</text>
      <target FeatureID="-1" href="DS_HLP_MAIN_VIEW.html">Datuen sinkronizazioa</target>
   </keywords>
   <keywords>
      <text FeatureID="-1">sink-profilen ezarpenak</text>
      <target FeatureID="-1" href="DS_HLP_SETTINGS.html">Sinkronizazio profilak editatzea</target>
   </keywords>
   <keywords>
      <text FeatureID="-1">sinkronizaziorako ezarpenak</text>
      <target FeatureID="-1" href="DS_HLP_SETTINGS_CAL.html">Egutegiaren sinkronizaziorako ezarpenak</target>
      <target FeatureID="-1" href="DS_HLP_SETTINGS_CNT.html">Kontaktuak sinkronizatzeko ezarpenak</target>
      <target FeatureID="-1" href="DS_HLP_SETTINGS_NOTES.html">Harren sinkronizazio ezarpenak</target>
      <target FeatureID="-1" href="DS_HLP_SETTINGS_SMS.html">SMS sink ezarpenak</target>
      <target FeatureID="true_44" href="DS_HLP_SETTINGS_SYNCML.html">E-mailen sink ezarpenak</target>
   </keywords>
</keywords>