<?xml version="1.0" encoding="UTF-8"?>
<keywords>
   <keywords>
      <text FeatureID="-1">Lesezeichen</text>
      <target FeatureID="-1" href="OSS_HLP_BM_ADDBM.html">Lesezeichen hinzufügen</target>
      <target FeatureID="-1" href="OSS_HLP_BM_EDIT.html">Lesezeichen bearbeiten</target>
   </keywords>
   <keywords>
      <text FeatureID="-1">Browser-Lesezeichen</text>
      <target FeatureID="-1" href="OSS_HLP_BM_ADDBM.html">Lesezeichen hinzufügen</target>
      <target FeatureID="-1" href="OSS_HLP_BM_MAIN.html">Browser-Lesezeichen</target>
      <target FeatureID="-1" href="OSS_HLP_BM_EDIT.html">Lesezeichen bearbeiten</target>
   </keywords>
   <keywords>
      <text FeatureID="-1">Internet</text>
      <target FeatureID="-1" href="OSS_HLP_BM_ADDBM.html">Lesezeichen hinzufügen</target>
      <target FeatureID="true_167" href="OSS_HLP_RSS_ADD.html">Hinzufügen von Webfeeds</target>
      <target FeatureID="-1" href="OSS_HLP_PAGEVIEW.html">Im Internet navigieren</target>
      <target FeatureID="-1" href="OSS_HLP_BM_EDIT.html">Lesezeichen bearbeiten</target>
      <target FeatureID="true_167" href="OSS_HLP_RSS_ARTICLE.html">Webfeed-Artikel</target>
      <target FeatureID="true_167" href="OSS_HLP_RSS_ARTICLELST.html">Webfeeds</target>
      <target FeatureID="true_167" href="OSS_HLP_RSS_MAIN.html">Webfeeds und Blogs</target>
   </keywords>
   <keywords>
      <text FeatureID="true_167">Feeds</text>
      <target FeatureID="true_167" href="OSS_HLP_RSS_ADD.html">Hinzufügen von Webfeeds</target>
      <target FeatureID="true_167" href="OSS_HLP_RSS_EDIT.html">Webfeeds bearbeiten</target>
      <target FeatureID="true_167" href="OSS_HLP_RSS_ARTICLE.html">Webfeed-Artikel</target>
      <target FeatureID="true_167" href="OSS_HLP_RSS_ARTICLELST.html">Webfeeds</target>
      <target FeatureID="true_167" href="OSS_HLP_RSS_MAIN.html">Webfeeds und Blogs</target>
   </keywords>
   <keywords>
      <text FeatureID="true_167">RSS-Feeds</text>
      <target FeatureID="true_167" href="OSS_HLP_RSS_ADD.html">Hinzufügen von Webfeeds</target>
      <target FeatureID="true_167" href="OSS_HLP_RSS_ARTICLE.html">Webfeed-Artikel</target>
      <target FeatureID="true_167" href="OSS_HLP_RSS_ARTICLELST.html">Webfeeds</target>
      <target FeatureID="true_167" href="OSS_HLP_RSS_MAIN.html">Webfeeds und Blogs</target>
   </keywords>
   <keywords>
      <text FeatureID="true_167">Feeds und Blogs</text>
      <target FeatureID="true_167" href="OSS_HLP_RSS_ADD.html">Hinzufügen von Webfeeds</target>
   </keywords>
   <keywords>
      <text FeatureID="true_167">Blogs</text>
      <target FeatureID="true_167" href="OSS_HLP_RSS_ADD.html">Hinzufügen von Webfeeds</target>
      <target FeatureID="true_167" href="OSS_HLP_RSS_EDIT.html">Webfeeds bearbeiten</target>
      <target FeatureID="true_167" href="OSS_HLP_RSS_ARTICLE.html">Webfeed-Artikel</target>
      <target FeatureID="true_167" href="OSS_HLP_RSS_ARTICLELST.html">Webfeeds</target>
      <target FeatureID="true_167" href="OSS_HLP_RSS_MAIN.html">Webfeeds und Blogs</target>
   </keywords>
   <keywords>
      <text FeatureID="-1">Seiten durchsuchen</text>
      <target FeatureID="-1" href="OSS_HLP_PAGEVIEW.html">Im Internet navigieren</target>
   </keywords>
   <keywords>
      <text FeatureID="-1">Lesezeichen öffnen</text>
      <target FeatureID="-1" href="OSS_HLP_BM_MAIN.html">Browser-Lesezeichen</target>
   </keywords>
   <keywords>
      <text FeatureID="true_167">RSS Feeds</text>
      <target FeatureID="true_167" href="OSS_HLP_RSS_EDIT.html">Webfeeds bearbeiten</target>
   </keywords>
   <keywords>
      <text FeatureID="true_167">News und Blogs</text>
      <target FeatureID="true_167" href="OSS_HLP_RSS_EDIT.html">Webfeeds bearbeiten</target>
   </keywords>
   <keywords>
      <text FeatureID="true_167">Web</text>
      <target FeatureID="true_167" href="OSS_HLP_RSS_EDIT.html">Webfeeds bearbeiten</target>
   </keywords>
   <keywords>
      <text FeatureID="-1">Browsereinstellungen</text>
      <target FeatureID="-1" href="OSS_HLP_SETTINGS_GENERAL.html">Allgemeine Einstellungen</target>
      <target FeatureID="-1" href="OSS_HLP_SETTINGS_PAGE.html">Seiteneinstellungen</target>
      <target FeatureID="-1" href="OSS_HLP_SETTINGS_PRIVACY.html">Datenschutzeinstellungen</target>
      <target FeatureID="-1" href="OSS_HLP_SETTINGS_FOLDERS.html">Interneteinstellungen</target>
      <target FeatureID="false_410" href="OSS_HLP_SHORTCUTS.html">Symbolleisten-Schnellzugriffe</target>
      <target FeatureID="false_410" href="OSS_HLP_KEYPAD.html">Tastatur-Schnellzugriffe</target>
   </keywords>
   <keywords>
      <text FeatureID="-1">Interneteinstellungen</text>
      <target FeatureID="-1" href="OSS_HLP_SETTINGS_GENERAL.html">Allgemeine Einstellungen</target>
      <target FeatureID="-1" href="OSS_HLP_SETTINGS_PAGE.html">Seiteneinstellungen</target>
      <target FeatureID="-1" href="OSS_HLP_SETTINGS_PRIVACY.html">Datenschutzeinstellungen</target>
      <target FeatureID="-1" href="OSS_HLP_SETTINGS_FOLDERS.html">Interneteinstellungen</target>
      <target FeatureID="false_410" href="OSS_HLP_SHORTCUTS.html">Symbolleisten-Schnellzugriffe</target>
      <target FeatureID="false_410" href="OSS_HLP_KEYPAD.html">Tastatur-Schnellzugriffe</target>
   </keywords>
   <keywords>
      <text FeatureID="-1">Internetkonfiguration</text>
      <target FeatureID="-1" href="OSS_HLP_SETTINGS_PAGE.html">Seiteneinstellungen</target>
      <target FeatureID="-1" href="OSS_HLP_SETTINGS_FOLDERS.html">Interneteinstellungen</target>
   </keywords>
   <keywords>
      <text FeatureID="-1">Datenschutzeinstellungen</text>
      <target FeatureID="-1" href="OSS_HLP_SETTINGS_PRIVACY.html">Datenschutzeinstellungen</target>
   </keywords>
   <keywords>
      <text FeatureID="true_167">Nachrichten und Blogs</text>
      <target FeatureID="true_167" href="OSS_HLP_RSS_ARTICLE.html">Webfeed-Artikel</target>
      <target FeatureID="true_167" href="OSS_HLP_RSS_ARTICLELST.html">Webfeeds</target>
      <target FeatureID="true_167" href="OSS_HLP_RSS_MAIN.html">Webfeeds und Blogs</target>
   </keywords>
   <keywords>
      <text FeatureID="true_167">Für Internetnutzung einrichten</text>
      <target FeatureID="true_167" href="OSS_HLP_SETTINGS_RSS.html">Webfeed-Einstellungen</target>
   </keywords>
   <keywords>
      <text FeatureID="true_167">Browser-Einstellungen</text>
      <target FeatureID="true_167" href="OSS_HLP_SETTINGS_RSS.html">Webfeed-Einstellungen</target>
   </keywords>
   <keywords>
      <text FeatureID="true_167">Internet-Einstellungen</text>
      <target FeatureID="true_167" href="OSS_HLP_SETTINGS_RSS.html">Webfeed-Einstellungen</target>
   </keywords>
   <keywords>
      <text FeatureID="-1">Bestimmte Seite öffnen</text>
      <target FeatureID="-1" href="OSS_HLP_PAGEVIEW_EMBED.html">Internet in Programmen</target>
   </keywords>
   <keywords>
      <text FeatureID="-1">Internet in Programmen</text>
      <target FeatureID="-1" href="OSS_HLP_PAGEVIEW_EMBED.html">Internet in Programmen</target>
   </keywords>
</keywords>