<?xml version="1.0" encoding="UTF-8"?>
<keywords>
   <keywords>
      <text FeatureID="-1">dijeljenje videozapisa</text>
      <target FeatureID="true_208" href="MSH_HLP_LIVE.html">Dijeljenje videozapisa uživo</target>
      <target FeatureID="-1" href="MSH_HLP_CLIP.html">Dijeljenje videoisječaka</target>
      <target FeatureID="-1" href="MSH_HLP_SETTINGS.html">Postavke video prijenosa</target>
      <target FeatureID="-1" href="MSH_HLP_RECEIVE.html">Prikaz dijeljenog videozapisa</target>
   </keywords>
</keywords>