<?xml version="1.0" encoding="UTF-8"?>
<keywords>
   <keywords>
      <text FeatureID="-1">ipinapadala ang mga mensahe</text>
      <target FeatureID="-1" href="MMS_HLP_MMS_FWD_REQUEST.html">Magpasa ng mga multimedia message</target>
   </keywords>
   <keywords>
      <text FeatureID="-1">mga multimedia message</text>
      <target FeatureID="-1" href="MMS_HLP_MMS_FWD_REQUEST_SEND.html">Ipasa ang kahil. sa mga Aytem na naipadala</target>
      <target FeatureID="-1" href="MMS_HLP_MMS_VIEWER.html">Tingnan ang mga multimedia message</target>
   </keywords>
   <keywords>
      <text FeatureID="-1">mga abisong multimedia</text>
      <target FeatureID="-1" href="MMS_HLP_NOTIFICATION_VIEWER.html">Mga abisong multimedia</target>
   </keywords>
   <keywords>
      <text FeatureID="-1">mga media object</text>
      <target FeatureID="-1" href="MMS_HLP_OBJECTS_VIEW_VIEWER.html">Tingnan ang mga media object</target>
   </keywords>
   <keywords>
      <text FeatureID="-1">mga multimedia object</text>
      <target FeatureID="-1" href="MMS_HLP_OBJECTS_VIEW_VIEWER.html">Tingnan ang mga media object</target>
   </keywords>
   <keywords>
      <text FeatureID="-1">MMS</text>
      <target FeatureID="-1" href="MMS_HLP_MMS_VIEWER.html">Tingnan ang mga multimedia message</target>
   </keywords>
</keywords>