<?xml version="1.0" encoding="UTF-8"?><?xml-stylesheet  href="../../theme/xsl/index2html.xslt" type="text/xsl"?>
<topics FeatureID="-1" title="Vaizdo kamera" compressed="true">
   <topicref FeatureID="-1" href="LCAM_HLP_VIEWFINDER_PHOTO.html" navtitle="Fotografavimas"/>
   <topicref FeatureID="false_410" href="LCAM_HLP_LIGHT_SENSITIVITY.html" navtitle="Jautrumo šviesai keitimas"/>
   <topicref FeatureID="-1" href="LCAM_HLP_SETTINGS_PHOUSER.html" navtitle="Siužetų nustatymas"/>
   <topicref FeatureID="-1" href="LCAM_HLP_SCENES_PHOTO.html" navtitle="Atvaizdų siužetai"/>
   <topicref FeatureID="-1" href="LCAM_HLP_SETTINGS.html" navtitle="Vaizdo kameros parametrai"/>
   <topicref FeatureID="-1" href="LCAM_HLP_SETTINGS_PHOTO.html" navtitle="Atvaizdų parametrai"/>
   <topicref FeatureID="-1" href="LCAM_HLP_VIEWFINDER_VIDEO.html" navtitle="Filmavimas"/>
   <topicref FeatureID="false_410" href="LCAM_HLP_SCENES_VIDEO.html" navtitle="Vaizdo siužetai"/>
   <topicref FeatureID="-1" href="LCAM_HLP_SETTINGS_VIDEO.html" navtitle="Vaizdo įrašų parametrai"/>
   <topicref FeatureID="-1" href="LCAM_HLP_VIEWFINDER_VIDEO_EM.html" navtitle="Vaizdo įrašai programose"/>
   <topicref FeatureID="false_410" href="LCAM_HLP_STANDYBY_EM.html" navtitle="Išjungta vaizdo kamera"/>
   <topicref FeatureID="-1" href="LCAM_HLP_POST_VIDEO.html" navtitle="Vaizdo įrašų leidimas"/>
   <topicref FeatureID="-1" href="LCAM_HLP_VIEWFINDER_PHOTO_EM.html" navtitle="Atvaizdai programose"/>
   <topicref FeatureID="-1" href="LCAM_HLP_POST_PHOTO.html" navtitle="Nufotografuotų atvaizdų peržiūra"/>
   <topicref FeatureID="true_132" href="LCAM_HLP_POST_SEQ.html" navtitle="Atvaizdų sekos peržiūra"/>
</topics>