<?xml version="1.0" encoding="UTF-8"?>
<keywords>
   <keywords>
      <text FeatureID="-1">vaizdo kamera</text>
      <target FeatureID="-1" href="LCAM_HLP_VIEWFINDER_PHOTO.html">Fotografavimas</target>
      <target FeatureID="false_410" href="LCAM_HLP_LIGHT_SENSITIVITY.html">Jautrumo šviesai keitimas</target>
      <target FeatureID="-1" href="LCAM_HLP_SCENES_PHOTO.html">Atvaizdų siužetai</target>
      <target FeatureID="-1" href="LCAM_HLP_VIEWFINDER_VIDEO.html">Filmavimas</target>
      <target FeatureID="false_410" href="LCAM_HLP_SCENES_VIDEO.html">Vaizdo siužetai</target>
      <target FeatureID="-1" href="LCAM_HLP_VIEWFINDER_VIDEO_EM.html">Vaizdo įrašai programose</target>
      <target FeatureID="false_410" href="LCAM_HLP_STANDYBY_EM.html">Išjungta vaizdo kamera</target>
      <target FeatureID="-1" href="LCAM_HLP_POST_VIDEO.html">Vaizdo įrašų leidimas</target>
      <target FeatureID="-1" href="LCAM_HLP_POST_PHOTO.html">Nufotografuotų atvaizdų peržiūra</target>
      <target FeatureID="true_132" href="LCAM_HLP_POST_SEQ.html">Atvaizdų sekos peržiūra</target>
   </keywords>
   <keywords>
      <text FeatureID="-1">fotografavimas</text>
      <target FeatureID="-1" href="LCAM_HLP_VIEWFINDER_PHOTO.html">Fotografavimas</target>
   </keywords>
   <keywords>
      <text FeatureID="false_410">jautrumas šviesai</text>
      <target FeatureID="false_410" href="LCAM_HLP_LIGHT_SENSITIVITY.html">Jautrumo šviesai keitimas</target>
   </keywords>
   <keywords>
      <text FeatureID="-1">vaizdo kameros siužetai</text>
      <target FeatureID="-1" href="LCAM_HLP_SETTINGS_PHOUSER.html">Siužetų nustatymas</target>
   </keywords>
   <keywords>
      <text FeatureID="-1">siužetai</text>
      <target FeatureID="-1" href="LCAM_HLP_SCENES_PHOTO.html">Atvaizdų siužetai</target>
   </keywords>
   <keywords>
      <text FeatureID="-1">vaizdo kameros parametrai</text>
      <target FeatureID="-1" href="LCAM_HLP_SETTINGS.html">Vaizdo kameros parametrai</target>
   </keywords>
   <keywords>
      <text FeatureID="-1">vaizdo kamera, parametrai</text>
      <target FeatureID="-1" href="LCAM_HLP_SETTINGS_PHOTO.html">Atvaizdų parametrai</target>
      <target FeatureID="-1" href="LCAM_HLP_SETTINGS_VIDEO.html">Vaizdo įrašų parametrai</target>
   </keywords>
   <keywords>
      <text FeatureID="-1">filmavimas</text>
      <target FeatureID="-1" href="LCAM_HLP_VIEWFINDER_VIDEO.html">Filmavimas</target>
   </keywords>
   <keywords>
      <text FeatureID="false_410">filmavimo siužetai</text>
      <target FeatureID="false_410" href="LCAM_HLP_SCENES_VIDEO.html">Vaizdo siužetai</target>
   </keywords>
   <keywords>
      <text FeatureID="-1">vaizdo įrašas, parametrai</text>
      <target FeatureID="-1" href="LCAM_HLP_SETTINGS_VIDEO.html">Vaizdo įrašų parametrai</target>
   </keywords>
   <keywords>
      <text FeatureID="-1">vaizdo įrašai programose</text>
      <target FeatureID="-1" href="LCAM_HLP_VIEWFINDER_VIDEO_EM.html">Vaizdo įrašai programose</target>
   </keywords>
   <keywords>
      <text FeatureID="-1">vaizdo įrašų leidimas</text>
      <target FeatureID="-1" href="LCAM_HLP_POST_VIDEO.html">Vaizdo įrašų leidimas</target>
   </keywords>
   <keywords>
      <text FeatureID="-1">vaizdo kamera programose</text>
      <target FeatureID="-1" href="LCAM_HLP_VIEWFINDER_PHOTO_EM.html">Atvaizdai programose</target>
   </keywords>
   <keywords>
      <text FeatureID="-1">atvaizdų peržiūra</text>
      <target FeatureID="-1" href="LCAM_HLP_POST_PHOTO.html">Nufotografuotų atvaizdų peržiūra</target>
   </keywords>
   <keywords>
      <text FeatureID="true_132">sekos režimas</text>
      <target FeatureID="true_132" href="LCAM_HLP_POST_SEQ.html">Atvaizdų sekos peržiūra</target>
   </keywords>
</keywords>