<?xml version="1.0" encoding="UTF-8"?>
<keywords>
   <keywords>
      <text FeatureID="-1">vaizdo kamera</text>
      <target FeatureID="-1" href="LCAM_HLP_VIEWFINDER_PHOTO.html">Atvaizdų fotografavimas</target>
      <target FeatureID="-1" href="LCAM_HLP_LIGHT_SENSITIVITY.html">Šviesos jautrumo keitimas</target>
      <target FeatureID="-1" href="LCAM_HLP_SETTINGS_PHOUSER.html">Siužetų nustatymas</target>
      <target FeatureID="-1" href="LCAM_HLP_SCENES_PHOTO.html">Atvaizdų siužetai</target>
      <target FeatureID="-1" href="LCAM_HLP_VIEWFINDER_VIDEO.html">Filmavimas</target>
      <target FeatureID="-1" href="LCAM_HLP_SCENES_VIDEO.html">Vaizdo įrašų siužetai</target>
      <target FeatureID="-1" href="LCAM_HLP_VIEWFINDER_VIDEO_EM.html">Vaizdo įrašai programose</target>
      <target FeatureID="-1" href="LCAM_HLP_STANDBY_EM.html">Vaizdo kamera išjungta</target>
      <target FeatureID="-1" href="LCAM_HLP_POST_VIDEO.html">Vaizdo įrašų atkūrimas</target>
      <target FeatureID="-1" href="LCAM_HLP_POST_PHOTO.html">Vaizdo įrašų peržiūra</target>
   </keywords>
   <keywords>
      <text FeatureID="-1">atvaizdų fotografavimas</text>
      <target FeatureID="-1" href="LCAM_HLP_VIEWFINDER_PHOTO.html">Atvaizdų fotografavimas</target>
   </keywords>
   <keywords>
      <text FeatureID="-1">šviesos jautrumas</text>
      <target FeatureID="-1" href="LCAM_HLP_LIGHT_SENSITIVITY.html">Šviesos jautrumo keitimas</target>
   </keywords>
   <keywords>
      <text FeatureID="-1">siužetai</text>
      <target FeatureID="-1" href="LCAM_HLP_SETTINGS_PHOUSER.html">Siužetų nustatymas</target>
      <target FeatureID="-1" href="LCAM_HLP_SCENES_PHOTO.html">Atvaizdų siužetai</target>
   </keywords>
   <keywords>
      <text FeatureID="-1">vaizdo kameros parametrai</text>
      <target FeatureID="-1" href="LCAM_HLP_SETTINGS.html">Vaizdo kameros parametrai</target>
   </keywords>
   <keywords>
      <text FeatureID="-1">vaizdo kamera, parametrai</text>
      <target FeatureID="-1" href="LCAM_HLP_SETTINGS_PHOTO.html">Atvaizdų parametrai</target>
      <target FeatureID="-1" href="LCAM_HLP_SETTINGS_VIDEO.html">Vaizdo įrašų parametrai</target>
   </keywords>
   <keywords>
      <text FeatureID="-1">filmavimas</text>
      <target FeatureID="-1" href="LCAM_HLP_VIEWFINDER_VIDEO.html">Filmavimas</target>
   </keywords>
   <keywords>
      <text FeatureID="-1">vaizdo įrašų siužetai</text>
      <target FeatureID="-1" href="LCAM_HLP_SCENES_VIDEO.html">Vaizdo įrašų siužetai</target>
   </keywords>
   <keywords>
      <text FeatureID="-1">vaizdo įrašas, parametrai</text>
      <target FeatureID="-1" href="LCAM_HLP_SETTINGS_VIDEO.html">Vaizdo įrašų parametrai</target>
   </keywords>
   <keywords>
      <text FeatureID="-1">vaizdo įrašai programose</text>
      <target FeatureID="-1" href="LCAM_HLP_VIEWFINDER_VIDEO_EM.html">Vaizdo įrašai programose</target>
   </keywords>
   <keywords>
      <text FeatureID="-1">vaizdo įrašų leidimas</text>
      <target FeatureID="-1" href="LCAM_HLP_POST_VIDEO.html">Vaizdo įrašų atkūrimas</target>
   </keywords>
   <keywords>
      <text FeatureID="-1">vaizdo kamera programose</text>
      <target FeatureID="-1" href="LCAM_HLP_VIEWFINDER_PHOTO_EM.html">Atvaizdai programose</target>
   </keywords>
   <keywords>
      <text FeatureID="-1">atvaizdų peržiūra</text>
      <target FeatureID="-1" href="LCAM_HLP_POST_PHOTO.html">Vaizdo įrašų peržiūra</target>
   </keywords>
</keywords>