<?xml version="1.0" encoding="UTF-8"?>
<keywords>
   <keywords>
      <text FeatureID="true_1091">USSD-ritill</text>
      <target FeatureID="true_1091" href="USSD_HLP_EDITOR.html">Þjónustuskipanir</target>
   </keywords>
   <keywords>
      <text FeatureID="true_1091">þjónustuskipanir</text>
      <target FeatureID="true_1091" href="USSD_HLP_EDITOR.html">Þjónustuskipanir</target>
   </keywords>
   <keywords>
      <text FeatureID="true_1091">sérþjónusta</text>
      <target FeatureID="true_1091" href="USSD_HLP_EDITOR.html">Þjónustuskipanir</target>
   </keywords>
</keywords>