<?xml version="1.0" encoding="UTF-8"?>
<keywords>
   <keywords>
      <text FeatureID="-1">anniversary entries</text>
      <target FeatureID="-1" href="FSCA_HLP_ANNIVERSARY_EDITOR.html">Create anniversary entries</target>
      <target FeatureID="-1" href="FSCA_HLP_ANNI_VIEWER.html">Edit anniversary entries</target>
   </keywords>
   <keywords>
      <text FeatureID="-1">meeting entries</text>
      <target FeatureID="-1" href="FSCA_HLP_CALE_MEETING_EDITOR.html">Create meeting entries</target>
      <target FeatureID="-1" href="FSCA_HLP_CALE_MEETING_VIEWER.html">Edit meeting entries</target>
   </keywords>
   <keywords>
      <text FeatureID="-1">memo entries</text>
      <target FeatureID="-1" href="FSCA_HLP_MEMO_EDITOR.html">Create memo entries</target>
      <target FeatureID="-1" href="FSCA_HLP_MEMO_VIEWER.html">Edit memo entries</target>
   </keywords>
   <keywords>
      <text FeatureID="-1">to-do entries</text>
      <target FeatureID="-1" href="FSCA_HLP_TODO_EDITOR.html">Create to-do entries</target>
      <target FeatureID="-1" href="FSCA_HLP_TODO_VIEWER.html">Edit to-do entries</target>
   </keywords>
   <keywords>
      <text FeatureID="-1">meeting requests</text>
      <target FeatureID="-1" href="FSCA_HLP_RESPONSE_EDITOR.html">Edit your response</target>
      <target FeatureID="-1" href="FSCA_HLP_VIEWER_ORGANIZER.html">Manage meeting requests</target>
      <target FeatureID="-1" href="MEET_REQ_HLP_EDITOR.html">Received meeting requests</target>
      <target FeatureID="-1" href="FSCA_HLP_VIEWER.html">Respond to meeting requests</target>
   </keywords>
   <keywords>
      <text FeatureID="-1">contacte</text>
      <target FeatureID="-1" href="RLOOK_HLP_INFO_VIEW.html">Gestionarea contactelor găsite</target>
   </keywords>
   <keywords>
      <text FeatureID="-1">contacte, căutare</text>
      <target FeatureID="-1" href="RLOOK_HLP_RESULT_VIEW.html">Rezultatele căutării</target>
   </keywords>
   <keywords>
      <text FeatureID="-1">e-mail, fişiere ataşate</text>
      <target FeatureID="-1" href="FSE_HLP_ATTACHMENT_LIST_EDITOR.html">Adăugarea fişierelor ataşate</target>
   </keywords>
   <keywords>
      <text FeatureID="-1">mesaje e-mail şterse</text>
      <target FeatureID="-1" href="FSE_HLP_MESSAGE_LIST_DELETED.html">Mesaje e-mail şterse</target>
   </keywords>
   <keywords>
      <text FeatureID="-1">preluare anexe e-mail</text>
      <target FeatureID="-1" href="FSE_HLP_ATTACHMENT_LIST.html">Descărcarea fişierelor ataşate</target>
   </keywords>
   <keywords>
      <text FeatureID="-1">e-mail ciornă</text>
      <target FeatureID="-1" href="FSE_HLP_MESSAGE_LIST_DRAFTS.html">Mesaje e-mail ciornă</target>
   </keywords>
   <keywords>
      <text FeatureID="-1">E-mail Nokia</text>
      <target FeatureID="-1" href="FSE_HLP_LAUNCHER_GRID.html">E-mail Nokia</target>
   </keywords>
   <keywords>
      <text FeatureID="-1">e-mail</text>
      <target FeatureID="-1" href="FSE_HLP_LAUNCHER_GRID.html">E-mail Nokia</target>
   </keywords>
   <keywords>
      <text FeatureID="-1">dosare e-mail</text>
      <target FeatureID="-1" href="FSE_HLP_FOLDER_LIST.html">Dosarele e-mail</target>
      <target FeatureID="-1" href="FSE_HLP_SETT_IMAP_SUBSCR.html">Abonarea la dosare</target>
      <target FeatureID="-1" href="FSE_HLP_MESSAGE_LIST_INBOX.html">Lucrul cu dosare de e-mail</target>
   </keywords>
   <keywords>
      <text FeatureID="-1">setări e-mail</text>
      <target FeatureID="-1" href="FSE_HLP_LAUNCHER_SETTINGS.html">Setări generale pentru e-mail</target>
      <target FeatureID="-1" href="FSE_HLP_POP_IMAP_SETT_MAIN.html">Setările e-mail</target>
      <target FeatureID="-1" href="FSE_HLP_MFE_SETTINGS_MAIN_VIEW.html">Setări de e-mail</target>
   </keywords>
   <keywords>
      <text FeatureID="-1">setări e-mail globale</text>
      <target FeatureID="-1" href="FSE_HLP_SETTINGS_GLOBAL.html">Setări e-mail globale</target>
   </keywords>
   <keywords>
      <text FeatureID="-1">e-mail HTML</text>
      <target FeatureID="-1" href="FS_VIEWER_HLP_HTML_VIEW.html">Mesaje e-mail în format HTML</target>
   </keywords>
   <keywords>
      <text FeatureID="-1">setări e-mail avansate</text>
      <target FeatureID="-1" href="FSE_HLP_POP_IMAP_SETT_ADV.html">Setări e-mail avansate</target>
   </keywords>
   <keywords>
      <text FeatureID="-1">setări primire e-mail</text>
      <target FeatureID="-1" href="FSE_HLP_POP_IMAP_SETT_INCOMING.html">setări pentru mesajele e-mail primite</target>
   </keywords>
   <keywords>
      <text FeatureID="-1">setări trimitere e-mail</text>
      <target FeatureID="-1" href="FSE_HLP_POP_IMAP_SETT_OUTGOING.html">Setări pentru mesaje e-mail expediate</target>
   </keywords>
   <keywords>
      <text FeatureID="-1">sincronizare e-mail</text>
      <target FeatureID="-1" href="FSE_HLP_POP_IMAP_SETT_WHAT.html">Selectarea conţinutului de sincronizat</target>
   </keywords>
   <keywords>
      <text FeatureID="-1">ora de sincronizare e-mail</text>
      <target FeatureID="-1" href="FSE_HLP_POP_IMAP_SETT_WHEN.html">Selectarea orei de sincronizare</target>
      <target FeatureID="-1" href="FSE_HLP_MFE_SETTINGS_WHEN_SYNC.html">Alegere oră sincronizare</target>
      <target FeatureID="-1" href="FSE_HLP_SETTINGS_WHEN_SYNC.html">Ora sincronizării</target>
   </keywords>
   <keywords>
      <text FeatureID="-1">Mail for Exchange</text>
      <target FeatureID="-1" href="FSE_HLP_MFE_LAUNCHER_MAIN_VIEW.html">Mail Mail for Exchange</target>
   </keywords>
   <keywords>
      <text FeatureID="-1">detalii e-mail</text>
      <target FeatureID="-1" href="FS_VIEWER_HLP_DETAILS_VIEW.html">Detaliile mesajelor</target>
   </keywords>
   <keywords>
      <text FeatureID="-1">setări avansate căsuţă poştală</text>
      <target FeatureID="-1" href="FSE_HLP_MFE_SETTINGS_ADVANCED.html">Setări avansate pentru căsuţa poştală</target>
   </keywords>
   <keywords>
      <text FeatureID="-1">setări sincronizare e-mail</text>
      <target FeatureID="-1" href="FSE_HLP_MFE_SETTINGS_PIM_APPS.html">Setările de sincronizare a aplicaţiilor</target>
   </keywords>
   <keywords>
      <text FeatureID="-1">sincronizare calendar</text>
      <target FeatureID="-1" href="FSE_HLP_MFE_CALENDAR_APP.html">Setări de sincronizare a agendei</target>
   </keywords>
   <keywords>
      <text FeatureID="-1">sincronizarea contactelor,</text>
      <target FeatureID="-1" href="FSE_HLP_MFE_CONTACTS_APP.html">Setările de sincronizare a contactelor</target>
   </keywords>
   <keywords>
      <text FeatureID="-1">setări căsuţă poştală</text>
      <target FeatureID="-1" href="FSE_HLP_MFE_SETTINGS_MAILBOX.html">Setări generale pentru căsuţa poştală</target>
   </keywords>
   <keywords>
      <text FeatureID="-1">conţinut de sincronizat e-mail</text>
      <target FeatureID="-1" href="FSE_HLP_MFE_SETTINGS_WHAT_SYNC.html">Alegere conţinut de sincronizat</target>
   </keywords>
   <keywords>
      <text FeatureID="-1">sincronizare dosar e-mail</text>
      <target FeatureID="-1" href="FSE_HLP_MFE_SETTINGS_FOLDER.html">Setări pentru sincronizare</target>
   </keywords>
   <keywords>
      <text FeatureID="-1">sincronizare înregistrări de rezolvat</text>
      <target FeatureID="-1" href="FSE_HLP_MFE_TASKS_APP.html">Setări sincronizare înregistrări de rezolvat</target>
   </keywords>
   <keywords>
      <text FeatureID="-1">lipsă mesaje e-mail</text>
      <target FeatureID="-1" href="FSE_HLP_MESSAGE_LIST_EMPTY.html">Lipsă mesaje</target>
   </keywords>
   <keywords>
      <text FeatureID="-1">căsuţă ieşiri e-mail</text>
      <target FeatureID="-1" href="FSE_HLP_MESSAGE_LIST_OUTBOX.html">Lucrul cu Căsuţă ieşiri</target>
   </keywords>
   <keywords>
      <text FeatureID="-1">solicitări de întâlnire</text>
      <target FeatureID="-1" href="FS_VIEWER_HLP_MEETING_REQ_VIEW.html">Răspunsul la o solicitare de întâlnire</target>
   </keywords>
   <keywords>
      <text FeatureID="-1">căutare e-mail</text>
      <target FeatureID="-1" href="FSE_HLP_MESSAGE_LIST_SEARCHING.html">Căutare e-mail</target>
   </keywords>
   <keywords>
      <text FeatureID="-1">rezultate căutare e-mail</text>
      <target FeatureID="-1" href="FSE_HLP_MESSAGE_LIST_SEARCHED.html">Rezultatele identificate</target>
   </keywords>
   <keywords>
      <text FeatureID="-1">expediere e-mail</text>
      <target FeatureID="-1" href="FS_EDITOR_HLP_MAIN_VIEW.html">Expedierea unui mesaj e-mail</target>
   </keywords>
   <keywords>
      <text FeatureID="-1">Serviciul PIM</text>
      <target FeatureID="-1" href="FSE_HLP_SETTINGS_PIM_VIEW.html">Serviciu PIM</target>
   </keywords>
   <keywords>
      <text FeatureID="-1">sincronizare aplicaţii</text>
      <target FeatureID="-1" href="FSE_HLP_SETTINGS_APPLICATIONS.html">Sincronizarea aplicaţiilor</target>
   </keywords>
   <keywords>
      <text FeatureID="-1">e-mail recepţionat</text>
      <target FeatureID="-1" href="FS_VIEWER_HLP_MAIN_VIEW.html">Lucrul cu mesajele e-mail recepţionate</target>
   </keywords>
   <keywords>
      <text FeatureID="-1">e-mail, setări</text>
      <target FeatureID="-1" href="FSE_HLP_SETT.html">Setări</target>
   </keywords>
   <keywords>
      <text FeatureID="-1">mail, setări cont</text>
      <target FeatureID="-1" href="FSE_HLP_ACCT_INFO.html">Setările contului de e-mail</target>
   </keywords>
   <keywords>
      <text FeatureID="-1">e-mail, sincronizare</text>
      <target FeatureID="-1" href="FSE_HLP_SYNC_SETT.html">Setări de sincronizare</target>
   </keywords>
   <keywords>
      <text FeatureID="-1">e-mail, înregistrări întâlnire</text>
      <target FeatureID="-1" href="FS_VIEWER_HLP_MR_RECEIVED.html">Solicitări de întâlnire</target>
   </keywords>
   <keywords>
      <text FeatureID="-1">înregistrări întâlnire</text>
      <target FeatureID="-1" href="FS_VIEWER_HLP_MR_RECEIVED.html">Solicitări de întâlnire</target>
   </keywords>
</keywords>