<?xml version="1.0" encoding="UTF-8"?>
<keywords>
   <keywords>
      <text FeatureID="-1">palveluviestien asetukset</text>
      <target FeatureID="-1" href="WPUSH_HLP_SETTINGS.html">Palveluviestien aset.</target>
   </keywords>
   <keywords>
      <text FeatureID="-1">push-viestit</text>
      <target FeatureID="-1" href="WPUSH_HLP_VIEWER.html">Palveluviestien lukeminen</target>
   </keywords>
   <keywords>
      <text FeatureID="-1">palveluviestit</text>
      <target FeatureID="-1" href="WPUSH_HLP_VIEWER.html">Palveluviestien lukeminen</target>
   </keywords>
</keywords>