<?xml version="1.0" encoding="UTF-8"?>
<keywords>
   <keywords>
      <text FeatureID="-1">Mail for Exchange</text>
      <target FeatureID="-1" href="FSE_HLP_MFE_LAUNCHER_MAIN_VIEW.html">Mail for Exchange-e-mail</target>
   </keywords>
   <keywords>
      <text FeatureID="-1">avancerede postkasseindstillinger</text>
      <target FeatureID="-1" href="FSE_HLP_MFE_SETTINGS_ADVANCED.html">Avancerede indstillinger for postkassen</target>
   </keywords>
   <keywords>
      <text FeatureID="-1">indstillinger for e-mail-synkronisering</text>
      <target FeatureID="-1" href="FSE_HLP_MFE_SETTINGS_PIM_APPS.html">Indstillinger for programsynkronisering</target>
   </keywords>
   <keywords>
      <text FeatureID="-1">kalendersynkronisering</text>
      <target FeatureID="-1" href="FSE_HLP_MFE_CALENDAR_APP.html">Synkroniseringsindstillinger for Kalender</target>
   </keywords>
   <keywords>
      <text FeatureID="-1">kontaktsynkronisering,</text>
      <target FeatureID="-1" href="FSE_HLP_MFE_CONTACTS_APP.html">Synkroniseringsindstillinger for Kontakter</target>
   </keywords>
   <keywords>
      <text FeatureID="-1">postkasse­indstillinger</text>
      <target FeatureID="-1" href="FSE_HLP_MFE_SETTINGS_MAILBOX.html">Generelle indstillinger for postkassen</target>
   </keywords>
   <keywords>
      <text FeatureID="-1">e-mail-indhold til synkronisering</text>
      <target FeatureID="-1" href="FSE_HLP_MFE_SETTINGS_WHAT_SYNC.html">Vælge synkroniseringsindhold</target>
   </keywords>
   <keywords>
      <text FeatureID="-1">e-mail-synkronisering, tidspunkt</text>
      <target FeatureID="-1" href="FSE_HLP_MFE_SETTINGS_WHEN_SYNC.html">Vælge synkroniseringstid</target>
   </keywords>
   <keywords>
      <text FeatureID="-1">e-mail-mappe, synkronisering</text>
      <target FeatureID="-1" href="FSE_HLP_MFE_SETTINGS_FOLDER.html">Indstillinger for synkronisering</target>
   </keywords>
   <keywords>
      <text FeatureID="-1">e-mail-indstillinger</text>
      <target FeatureID="-1" href="FSE_HLP_MFE_SETTINGS_MAIN_VIEW.html">E-mail-indstillinger</target>
   </keywords>
   <keywords>
      <text FeatureID="-1">synkronisere opgavepost</text>
      <target FeatureID="-1" href="FSE_HLP_MFE_TASKS_APP.html">Synkroniseringsindstillinger for opgaver</target>
   </keywords>
</keywords>