<?xml version="1.0" encoding="UTF-8"?>
<keywords>
   <keywords>
      <text FeatureID="-1">temos</text>
      <target FeatureID="-1" href="SKINS_HLP_LIST.html">Bendrosios temos</target>
      <target FeatureID="-1" href="SCREENSAVER_HLP_WP_SETTINGS.html">Skaidrių rodymo fono paveikslėlio parametrai</target>
      <target FeatureID="-1" href="SKINS_HLP_WP_SETTINGS.html">Fono paveikslėlio parametrai</target>
      <target FeatureID="true_1503" href="SKINS_HLP_CIMAGE_SETTINGS.html">Ryšio atvaizdo pasirinkimas</target>
      <target FeatureID="-1" href="SKINS_HLP_APPSHELL.html">Meniu rodinio parametrai</target>
      <target FeatureID="-1" href="SKINS_HLP_IDLE.html">Pradinio ekrano parametrai</target>
      <target FeatureID="-1" href="SKINS_HLP_APP_MAIN.html">Ekrano tinkinimas</target>
      <target FeatureID="-1" href="SKINS_HLP_APPSKINS_LIST.html">Programų temos</target>
   </keywords>
   <keywords>
      <text FeatureID="-1">skaidrių rodymo fono paveikslėlis</text>
      <target FeatureID="-1" href="SCREENSAVER_HLP_WP_SETTINGS.html">Skaidrių rodymo fono paveikslėlio parametrai</target>
   </keywords>
   <keywords>
      <text FeatureID="-1">Skaidrių rodymo parametrai</text>
      <target FeatureID="-1" href="SCREENSAVER_HLP_WP_SETTINGS.html">Skaidrių rodymo fono paveikslėlio parametrai</target>
   </keywords>
   <keywords>
      <text FeatureID="-1">fono paveikslėlio parametrai</text>
      <target FeatureID="-1" href="SKINS_HLP_WP_SETTINGS.html">Fono paveikslėlio parametrai</target>
   </keywords>
   <keywords>
      <text FeatureID="-1">fono atvaizdas</text>
      <target FeatureID="-1" href="SKINS_HLP_WP_SETTINGS.html">Fono paveikslėlio parametrai</target>
      <target FeatureID="-1" href="SKINS_HLP_APP_MAIN.html">Ekrano tinkinimas</target>
   </keywords>
   <keywords>
      <text FeatureID="-1">ekrano užsklanda</text>
      <target FeatureID="-1" href="SKINS_HLP_SCREENS_SETTINGS.html">Ekrano užsklandos parametrai</target>
   </keywords>
   <keywords>
      <text FeatureID="true_1503">ryšio atvaizdo parametrai</text>
      <target FeatureID="true_1503" href="SKINS_HLP_CIMAGE_SETTINGS.html">Ryšio atvaizdo pasirinkimas</target>
   </keywords>
   <keywords>
      <text FeatureID="-1">meniu</text>
      <target FeatureID="-1" href="SKINS_HLP_APPSHELL.html">Meniu rodinio parametrai</target>
   </keywords>
   <keywords>
      <text FeatureID="-1">parametrai, pradinis ekranas</text>
      <target FeatureID="-1" href="SKINS_HLP_IDLE.html">Pradinio ekrano parametrai</target>
   </keywords>
   <keywords>
      <text FeatureID="-1">valdikliai</text>
      <target FeatureID="-1" href="SKINS_HLP_IDLE.html">Pradinio ekrano parametrai</target>
   </keywords>
</keywords>