<?xml version="1.0" encoding="UTF-8"?>
<keywords>
   <keywords>
      <text FeatureID="-1">snímanie, zvuky</text>
      <target FeatureID="-1" href="VOREC_HLP_EMPTY_RECORDER.html">Nahrávanie zvukových klipov</target>
   </keywords>
   <keywords>
      <text FeatureID="-1">nahrávač hlasu</text>
      <target FeatureID="-1" href="VOREC_HLP_MAIN.html">Používanie Nahrávača hlasu</target>
   </keywords>
   <keywords>
      <text FeatureID="-1">nahrávanie zvukových klipov</text>
      <target FeatureID="-1" href="VOREC_HLP_MAIN.html">Používanie Nahrávača hlasu</target>
   </keywords>
   <keywords>
      <text FeatureID="-1">nastavenia nahrávača hlasu</text>
      <target FeatureID="-1" href="VOREC_HLP_SETTINGS.html">Nastavenia Nahrávača hlasu</target>
   </keywords>
</keywords>