<?xml version="1.0" encoding="UTF-8"?>
<keywords>
   <keywords>
      <text FeatureID="-1">posizionamendu metodoak</text>
      <target FeatureID="-1" href="LOC_HLP_SETTINGS.html">Kokapen ezarpenak</target>
   </keywords>
   <keywords>
      <text FeatureID="-1">posizionamendu-zerbitzaria</text>
      <target FeatureID="-1" href="LOC_HLP_SETTINGS.html">Kokapen ezarpenak</target>
   </keywords>
   <keywords>
      <text FeatureID="-1">oharren lehentasunak</text>
      <target FeatureID="-1" href="LOC_HLP_SETTINGS.html">Kokapen ezarpenak</target>
   </keywords>
</keywords>