<?xml version="1.0" encoding="UTF-8"?>
<keywords>
   <keywords>
      <text FeatureID="-1">mesej segera</text>
      <target FeatureID="-1" href="SERVTAB_HLP_CONVERSATION.html">Menghantar mesej segera.</target>
   </keywords>
   <keywords>
      <text FeatureID="-1">perbualan</text>
      <target FeatureID="-1" href="SERVTAB_HLP_CONVERSATION.html">Menghantar mesej segera.</target>
      <target FeatureID="-1" href="SERVTAB_HLP_CONVERSATION.html">Menghantar mesej segera.</target>
   </keywords>
</keywords>