<?xml version="1.0" encoding="UTF-8"?>
<keywords>
   <keywords>
      <text FeatureID="-1">Bluetooth</text>
      <target FeatureID="-1" href="BT_HLP_MAIN.html">Bluetooth</target>
      <target FeatureID="-1" href="BT_HLP_PAIRED.html">Uparivanje s uređajima</target>
      <target FeatureID="-1" href="BT_HLP_BLOCKED.html">Blokirani uređaji</target>
   </keywords>
   <keywords>
      <text FeatureID="-1">Bluetooth postavke</text>
      <target FeatureID="-1" href="BT_HLP_MAIN.html">Bluetooth</target>
   </keywords>
   <keywords>
      <text FeatureID="-1">uparivanje uređaja</text>
      <target FeatureID="-1" href="BT_HLP_PAIRED.html">Uparivanje s uređajima</target>
   </keywords>
   <keywords>
      <text FeatureID="-1">blokirani uređaji</text>
      <target FeatureID="-1" href="BT_HLP_BLOCKED.html">Blokirani uređaji</target>
   </keywords>
   <keywords>
      <text FeatureID="true_12">bežična tipkovnica</text>
      <target FeatureID="true_12" href="BTKEYBOARD_HLP_SETTINGS.html">Bežična tipkovnica</target>
   </keywords>
</keywords>