<?xml version="1.0" encoding="UTF-8"?>
<keywords>
   <keywords>
      <text FeatureID="-1">personalizz. modi d'uso</text>
      <target FeatureID="-1" href="MODE_HLP_PERSONALISE.html">Person. modi d'uso</target>
   </keywords>
   <keywords>
      <text FeatureID="-1">toni, impostazioni</text>
      <target FeatureID="-1" href="SET_HLP_PERSONAL_TONES.html">Impostazioni toni</target>
   </keywords>
   <keywords>
      <text FeatureID="-1">toni di chiamata</text>
      <target FeatureID="-1" href="SET_HLP_PERSONAL_TONES.html">Impostazioni toni</target>
   </keywords>
   <keywords>
      <text FeatureID="-1">modi d’uso</text>
      <target FeatureID="-1" href="MODE_HLP_PROFILES_LIST.html">Modi d'uso</target>
   </keywords>
   <keywords>
      <text FeatureID="-1">modi d'uso, modifica</text>
      <target FeatureID="-1" href="MODE_HLP_PROFILES_LIST.html">Modi d'uso</target>
   </keywords>
</keywords>