<?xml version="1.0" encoding="UTF-8"?>
<keywords>
   <keywords>
      <text FeatureID="-1">mga setting ng e-mail</text>
      <target FeatureID="-1" href="MBXS_HLP_SETT_DOWNL_CTRL.html">Mga setting sa pagkuha ng e-mail</target>
      <target FeatureID="-1" href="MBXS_HLP_SETT_DOWNL_RETR.html">Ang dami ng pagkuha ng e-mail</target>
      <target FeatureID="-1" href="MBXS_HLP_SETT_MBX_IN.html">Mga setting ng papasok na e-mail</target>
      <target FeatureID="-1" href="MBXS_HLP_SETT_MBX_IN_OUT.html">Mga setting ng koneksyon</target>
      <target FeatureID="-1" href="MBXS_HLP_SETT_MBX_OUT.html">Sett. ng papalabas na e-mail</target>
      <target FeatureID="-1" href="MCE_HLP_SETTINGS_EMAIL.html">Mga setting ng e-mail</target>
      <target FeatureID="-1" href="MCE_HLP_SETT_EMAILMAIN.html">Mag-edit ng mga mailbox</target>
      <target FeatureID="-1" href="MCE_HLP_SETT_MAILBLIST.html">Mga mailbox</target>
      <target FeatureID="-1" href="MCE_HLP_SETT_MAILFOLDER_UPD.html">Mga folder ng mailbox</target>
      <target FeatureID="true_1633" href="MCE_HLP_SETT_MAIL_ONLI.html">Awtomatikong pagkuha</target>
   </keywords>
   <keywords>
      <text FeatureID="-1">mga setting ng mailbox</text>
      <target FeatureID="-1" href="MCE_HLP_SETT_EMAILMAIN.html">Mag-edit ng mga mailbox</target>
   </keywords>
   <keywords>
      <text FeatureID="-1">mailbox</text>
      <target FeatureID="-1" href="MCE_HLP_SETT_MAILBLIST.html">Mga mailbox</target>
      <target FeatureID="-1" href="MCE_HLP_MAILBOX_ONLINE.html">Online na e-mail</target>
   </keywords>
   <keywords>
      <text FeatureID="-1">mga folder ng mailbox</text>
      <target FeatureID="-1" href="MCE_HLP_SETT_MAILFOLDER_UPD.html">Mga folder ng mailbox</target>
   </keywords>
   <keywords>
      <text FeatureID="-1">mga setting ng user</text>
      <target FeatureID="-1" href="MCE_HLP_SETT_MAIL_USER.html">Mga setting ng user</target>
   </keywords>
   <keywords>
      <text FeatureID="true_44">mga setting sa pag-sync ng mailbox</text>
      <target FeatureID="true_44" href="MCE_HLP_SETT_SMAILBOX.html">Mga setting sa pag-sync ng mailbox</target>
   </keywords>
   <keywords>
      <text FeatureID="true_44">mga setting ng sync e-mail</text>
      <target FeatureID="true_44" href="MCE_HLP_SETT_SMAILBOX.html">Mga setting sa pag-sync ng mailbox</target>
   </keywords>
   <keywords>
      <text FeatureID="-1">offline na email</text>
      <target FeatureID="-1" href="MCE_HLP_MAILBOX_OFFLINE.html">Offline na e-mail</target>
   </keywords>
   <keywords>
      <text FeatureID="-1">pagkonekta sa mailbox</text>
      <target FeatureID="-1" href="MCE_HLP_MAILBOX_ONLINE.html">Online na e-mail</target>
   </keywords>
   <keywords>
      <text FeatureID="-1">e-mail online</text>
      <target FeatureID="-1" href="MCE_HLP_MAILBOX_ONLINE.html">Online na e-mail</target>
   </keywords>
   <keywords>
      <text FeatureID="-1">online na e-mail</text>
      <target FeatureID="-1" href="MCE_HLP_MAILBOX_ONLINE.html">Online na e-mail</target>
   </keywords>
</keywords>