<?xml version="1.0" encoding="UTF-8"?><?xml-stylesheet  href="../../theme/xsl/index2html.xslt" type="text/xsl"?>
<topics FeatureID="-1" title="Rexistros" compressed="true">
   <topicref FeatureID="-1" href="GPRS_HLP_MAIN.html" navtitle="Conexión a paquetes datos"/>
   <topicref FeatureID="-1" href="LOGS_HLP_COUNTER.html" navtitle="Rexistros de chamada e datos"/>
   <topicref FeatureID="-1" href="LOGS_HLP_DETAIL.html" navtitle="Detalles dos eventos rexistrados"/>
   <topicref FeatureID="-1" href="LOGS_HLP_MAIN.html" navtitle="Información de rexistro"/>
   <topicref FeatureID="-1" href="LOGS_HLP_SETTING.html" navtitle="Axustes do rexistro"/>
   <topicref FeatureID="-1" href="STM_HLP_DIALLED.html" navtitle="Números marcados"/>
   <topicref FeatureID="-1" href="STM_HLP_MAIN.html" navtitle="Últimas chamadas"/>
   <topicref FeatureID="-1" href="STM_HLP_MISSED.html" navtitle="Chamadas perdidas"/>
   <topicref FeatureID="-1" href="STM_HLP_RECEIVED.html" navtitle="Chamadas recibidas"/>
   <topicref FeatureID="-1" href="TIMERS_HLP_MAIN.html" navtitle="Duración das chamadas"/>
</topics>