<?xml version="1.0" encoding="UTF-8"?>
<keywords>
   <keywords>
      <text FeatureID="-1">conexión a paquetes datos</text>
      <target FeatureID="-1" href="GPRS_HLP_MAIN.html">Conexión a paquetes datos</target>
      <target FeatureID="-1" href="LOGS_HLP_COUNTER.html">Rexistros de chamada e datos</target>
   </keywords>
   <keywords>
      <text FeatureID="-1">duración da chamada</text>
      <target FeatureID="-1" href="LOGS_HLP_COUNTER.html">Rexistros de chamada e datos</target>
   </keywords>
   <keywords>
      <text FeatureID="-1">últimas chamadas</text>
      <target FeatureID="-1" href="LOGS_HLP_COUNTER.html">Rexistros de chamada e datos</target>
      <target FeatureID="-1" href="STM_HLP_MAIN.html">Últimas chamadas</target>
   </keywords>
   <keywords>
      <text FeatureID="-1">rexistros</text>
      <target FeatureID="-1" href="LOGS_HLP_DETAIL.html">Detalles dos eventos rexistrados</target>
      <target FeatureID="-1" href="LOGS_HLP_MAIN.html">Información de rexistro</target>
   </keywords>
   <keywords>
      <text FeatureID="-1">axustes do rexistro</text>
      <target FeatureID="-1" href="LOGS_HLP_SETTING.html">Axustes do rexistro</target>
   </keywords>
   <keywords>
      <text FeatureID="-1">números marcados</text>
      <target FeatureID="-1" href="STM_HLP_DIALLED.html">Números marcados</target>
   </keywords>
   <keywords>
      <text FeatureID="-1">rexistro de chamadas</text>
      <target FeatureID="-1" href="STM_HLP_MAIN.html">Últimas chamadas</target>
   </keywords>
   <keywords>
      <text FeatureID="-1">chamadas perdidas</text>
      <target FeatureID="-1" href="STM_HLP_MISSED.html">Chamadas perdidas</target>
   </keywords>
   <keywords>
      <text FeatureID="-1">chamadas recibidas</text>
      <target FeatureID="-1" href="STM_HLP_RECEIVED.html">Chamadas recibidas</target>
   </keywords>
   <keywords>
      <text FeatureID="-1">chamadas contestadas</text>
      <target FeatureID="-1" href="STM_HLP_RECEIVED.html">Chamadas recibidas</target>
   </keywords>
   <keywords>
      <text FeatureID="-1">duración das chamadas</text>
      <target FeatureID="-1" href="TIMERS_HLP_MAIN.html">Duración das chamadas</target>
      <target FeatureID="-1" href="TIMERS_HLP_MAIN.html">Duración das chamadas</target>
   </keywords>
</keywords>