<?xml version="1.0" encoding="UTF-8"?>
<keywords>
   <keywords>
      <text FeatureID="-1">ข้อความทันใจ</text>
      <target FeatureID="-1" href="SERVTAB_HLP_CONVERSATION.html">การส่งข้อความทันใจ</target>
   </keywords>
   <keywords>
      <text FeatureID="-1">การสนทนา</text>
      <target FeatureID="-1" href="SERVTAB_HLP_CONVERSATION.html">การส่งข้อความทันใจ</target>
      <target FeatureID="-1" href="SERVTAB_HLP_CONVERSATION.html">การส่งข้อความทันใจ</target>
   </keywords>
</keywords>