<?xml version="1.0" encoding="UTF-8"?>
<keywords>
   <keywords>
      <text FeatureID="true_11008 false_11008">eszköz regisztrálása</text>
      <target FeatureID="true_11008" href="DRM_HLP_REGISTRATION_METERING.html">Eszköz regisztrálása</target>
      <target FeatureID="false_11008" href="DRM_HLP_REGISTRATION.html">Eszköz regisztrálása</target>
   </keywords>
   <keywords>
      <text FeatureID="true_11008">néma jogok megszerzése</text>
      <target FeatureID="true_11008" href="DRM_HLP_REGISTRATION_METERING.html">Eszköz regisztrálása</target>
   </keywords>
   <keywords>
      <text FeatureID="true_11008">mérés</text>
      <target FeatureID="true_11008" href="DRM_HLP_REGISTRATION_METERING.html">Eszköz regisztrálása</target>
   </keywords>
</keywords>