<?xml version="1.0" encoding="UTF-8"?>
<keywords>
   <keywords>
      <text FeatureID="-1">suojausmoduuli</text>
      <target FeatureID="-1" href="SECMOD_HLP_ACCESSCODE_VIEW.html">Suojausmoduulin PIN-koodi</target>
      <target FeatureID="-1" href="SECMOD_HLP_MAIN_VIEW.html">Suojausmoduuli</target>
      <target FeatureID="-1" href="SEMOD_HLP_SIGNINGCODE_VIEW.html">Allek.koodin muokkaus</target>
   </keywords>
   <keywords>
      <text FeatureID="-1">PIN-koodi</text>
      <target FeatureID="-1" href="SECMOD_HLP_ACCESSCODE_VIEW.html">Suojausmoduulin PIN-koodi</target>
   </keywords>
   <keywords>
      <text FeatureID="-1">suojausmoduulikoodit</text>
      <target FeatureID="-1" href="SECMOD_HLP_CODE_VIEW.html">Suojausmoduulikoodit</target>
   </keywords>
   <keywords>
      <text FeatureID="-1">suojausmoduulin PIN-koodi</text>
      <target FeatureID="-1" href="SECMOD_HLP_CODE_VIEW.html">Suojausmoduulikoodit</target>
   </keywords>
   <keywords>
      <text FeatureID="-1">avainsäilö</text>
      <target FeatureID="-1" href="SECMOD_HLP_MAIN_VIEW.html">Suojausmoduuli</target>
   </keywords>
   <keywords>
      <text FeatureID="-1">allekirjoituskoodi</text>
      <target FeatureID="-1" href="SEMOD_HLP_SIGNINGCODE_VIEW.html">Allek.koodin muokkaus</target>
   </keywords>
   <keywords>
      <text FeatureID="-1">digitaaliset allekirjoitukset</text>
      <target FeatureID="-1" href="SEMOD_HLP_SIGNINGCODE_VIEW.html">Allek.koodin muokkaus</target>
   </keywords>
</keywords>