<?xml version="1.0" encoding="UTF-8"?>
<keywords>
   <keywords>
      <text FeatureID="-1">bewerken, ingestelde frequenties</text>
      <target FeatureID="-1" href="EQ_HLP_EDITING_VIEW.html">Ingestelde frequenties bewerken</target>
   </keywords>
   <keywords>
      <text FeatureID="-1">equalizer</text>
      <target FeatureID="-1" href="EQ_HLP_LIST_VIEW.html">Ingestelde frequenties</target>
   </keywords>
   <keywords>
      <text FeatureID="-1">frequentiebanden</text>
      <target FeatureID="-1" href="EQ_HLP_LIST_VIEW.html">Ingestelde frequenties</target>
   </keywords>
   <keywords>
      <text FeatureID="-1">selecteren, ingestelde frequenties</text>
      <target FeatureID="-1" href="EQ_HLP_LIST_VIEW.html">Ingestelde frequenties</target>
   </keywords>
</keywords>