<?xml version="1.0" encoding="UTF-8"?>
<keywords>
   <keywords>
      <text FeatureID="-1">poruke, slanje</text>
      <target FeatureID="-1" href="UNIFIED_HLP_EDITOR.html">Stvaranje poruka</target>
   </keywords>
   <keywords>
      <text FeatureID="-1">uređivač poruka</text>
      <target FeatureID="-1" href="UNIFIED_HLP_EDITOR.html">Stvaranje poruka</target>
   </keywords>
   <keywords>
      <text FeatureID="-1">poruke</text>
      <target FeatureID="-1" href="UNIFIED_HLP_SENDING_OPTIONS.html">Mogućnosti slanja</target>
   </keywords>
   <keywords>
      <text FeatureID="-1">mogućnosti slanja</text>
      <target FeatureID="-1" href="UNIFIED_HLP_SENDING_OPTIONS.html">Mogućnosti slanja</target>
   </keywords>
   <keywords>
      <text FeatureID="-1">medijski objekti</text>
      <target FeatureID="-1" href="UNIFIED_HLP_ED_OBJECTS.html">Primljeni medijski objekti</target>
   </keywords>
   <keywords>
      <text FeatureID="-1">multimedijski objekti</text>
      <target FeatureID="-1" href="UNIFIED_HLP_ED_OBJECTS.html">Primljeni medijski objekti</target>
   </keywords>
</keywords>