<?xml version="1.0" encoding="UTF-8"?>
<keywords>
   <keywords>
      <text FeatureID="true_24">安全模組</text>
      <target FeatureID="-1" href="SECMOD_HLP_ACCESSCODE_VIEW.html">安全模組 PIN 碼</target>
      <target FeatureID="-1" href="SECMOD_HLP_MAIN_VIEW.html">安全模組</target>
      <target FeatureID="-1" href="SEMOD_HLP_SIGNINGCODE_VIEW.html">編輯簽名碼</target>
   </keywords>
   <keywords>
      <text FeatureID="true_24">PIN 碼</text>
      <target FeatureID="-1" href="SECMOD_HLP_ACCESSCODE_VIEW.html">安全模組 PIN 碼</target>
   </keywords>
   <keywords>
      <text FeatureID="true_24">安全模組密碼</text>
      <target FeatureID="-1" href="SECMOD_HLP_CODE_VIEW.html">安全模組密碼</target>
   </keywords>
   <keywords>
      <text FeatureID="true_24">安全模組的 PIN 碼</text>
      <target FeatureID="-1" href="SECMOD_HLP_CODE_VIEW.html">安全模組密碼</target>
   </keywords>
   <keywords>
      <text FeatureID="true_24">金鑰儲存</text>
      <target FeatureID="-1" href="SECMOD_HLP_MAIN_VIEW.html">安全模組</target>
   </keywords>
   <keywords>
      <text FeatureID="true_24">簽名碼</text>
      <target FeatureID="-1" href="SEMOD_HLP_SIGNINGCODE_VIEW.html">編輯簽名碼</target>
   </keywords>
   <keywords>
      <text FeatureID="true_24">數碼簽名</text>
      <target FeatureID="-1" href="SEMOD_HLP_SIGNINGCODE_VIEW.html">編輯簽名碼</target>
   </keywords>
</keywords>