<?xml version="1.0" encoding="UTF-8"?>
<keywords>
   <keywords>
      <text FeatureID="-1">การตั้งค่าอีเมล</text>
      <target FeatureID="-1" href="MBXS_HLP_SETT_DOWNL_CTRL.html">การตั้งค่าการดึงอีเมล</target>
      <target FeatureID="-1" href="MBXS_HLP_SETT_DOWNL_RETR.html">จำนวนการดึงอีเมล</target>
      <target FeatureID="-1" href="MBXS_HLP_SETT_MBX_IN.html">การตั้งค่าอีเมลเข้า</target>
      <target FeatureID="-1" href="MBXS_HLP_SETT_MBX_IN_OUT.html">การตั้งค่าการเชื่อมต่อ</target>
      <target FeatureID="-1" href="MBXS_HLP_SETT_MBX_OUT.html">การตั้งค่าอีเมลขาออก</target>
      <target FeatureID="-1" href="MCE_HLP_SETTINGS_EMAIL.html">การตั้งค่าอีเมล</target>
      <target FeatureID="-1" href="MCE_HLP_SETT_EMAILMAIN.html">การแก้ไขศูนย์ฝากข้อความ</target>
      <target FeatureID="-1" href="MCE_HLP_SETT_MAILBLIST.html">ศูนย์ฝากข้อความ</target>
      <target FeatureID="-1" href="MCE_HLP_SETT_MAILFOLDER_UPD.html">แฟ้มข้อมูลศูนย์ฝากข้อความ</target>
      <target FeatureID="true_1633" href="MCE_HLP_SETT_MAIL_ONLI.html">การดึงข้อมูลโดยอัตโนมัติ</target>
   </keywords>
   <keywords>
      <text FeatureID="-1">การตั้งค่าศูนย์ฝากข้อความ</text>
      <target FeatureID="-1" href="MCE_HLP_SETT_EMAILMAIN.html">การแก้ไขศูนย์ฝากข้อความ</target>
   </keywords>
   <keywords>
      <text FeatureID="-1">ศูนย์ฝากข้อความ</text>
      <target FeatureID="-1" href="MCE_HLP_SETT_MAILBLIST.html">ศูนย์ฝากข้อความ</target>
      <target FeatureID="-1" href="MCE_HLP_MAILBOX_ONLINE.html">อีเมลแบบออนไลน์</target>
   </keywords>
   <keywords>
      <text FeatureID="-1">แฟ้มข้อมูลศูนย์ฝากข้อความ</text>
      <target FeatureID="-1" href="MCE_HLP_SETT_MAILFOLDER_UPD.html">แฟ้มข้อมูลศูนย์ฝากข้อความ</target>
   </keywords>
   <keywords>
      <text FeatureID="-1">การตั้งค่าผู้ใช้</text>
      <target FeatureID="-1" href="MCE_HLP_SETT_MAIL_USER.html">การตั้งค่าผู้ใช้</target>
   </keywords>
   <keywords>
      <text FeatureID="true_44">การตั้งค่าศูนย์ฝากข้อความการซิงค์</text>
      <target FeatureID="true_44" href="MCE_HLP_SETT_SMAILBOX.html">การตั้งค่าศูนย์ฝากข้อความการซิงค์</target>
   </keywords>
   <keywords>
      <text FeatureID="true_44">การตั้งค่าอีเมลการซิงค์</text>
      <target FeatureID="true_44" href="MCE_HLP_SETT_SMAILBOX.html">การตั้งค่าศูนย์ฝากข้อความการซิงค์</target>
   </keywords>
   <keywords>
      <text FeatureID="-1">อีเมลแบบออฟไลน์</text>
      <target FeatureID="-1" href="MCE_HLP_MAILBOX_OFFLINE.html">อีเมลแบบออฟไลน์</target>
   </keywords>
   <keywords>
      <text FeatureID="-1">การเชื่อมต่อกับศูนย์ฝากข้อความ</text>
      <target FeatureID="-1" href="MCE_HLP_MAILBOX_ONLINE.html">อีเมลแบบออนไลน์</target>
   </keywords>
   <keywords>
      <text FeatureID="-1">อีเมลแบบออนไลน์</text>
      <target FeatureID="-1" href="MCE_HLP_MAILBOX_ONLINE.html">อีเมลแบบออนไลน์</target>
      <target FeatureID="-1" href="MCE_HLP_MAILBOX_ONLINE.html">อีเมลแบบออนไลน์</target>
   </keywords>
</keywords>