<?xml version="1.0" encoding="UTF-8"?>
<keywords>
   <keywords>
      <text FeatureID="true_1604">text input</text>
      <target FeatureID="true_1604" href="HWR_HLP_MAIN_VIEW.html">Pengecaman tulisan tangan</target>
   </keywords>
   <keywords>
      <text FeatureID="true_1604">pengecaman tulisan tangan</text>
      <target FeatureID="true_1604" href="HWR_HLP_MAIN_VIEW.html">Pengecaman tulisan tangan</target>
   </keywords>
   <keywords>
      <text FeatureID="true_1603 true_410">input sentuhan</text>
      <target FeatureID="true_1603" href="VQWERTY_HLP_MAIN_VIEW.html">Papan kekunci maya</target>
      <target FeatureID="true_410" href="VITU_HLP_MAIN_VIEW.html">Pad kekunci maya</target>
   </keywords>
   <keywords>
      <text FeatureID="true_410">pad kekunci maya</text>
      <target FeatureID="true_410" href="VITU_HLP_MAIN_VIEW.html">Pad kekunci maya</target>
   </keywords>
</keywords>