<?xml version="1.0" encoding="UTF-8"?>
<keywords>
   <keywords>
      <text FeatureID="-1">Fotoattēli</text>
      <target FeatureID="-1" href="LGAL_HLP_ALBUM_LIST.html">Albumi</target>
      <target FeatureID="-1" href="LGAL_HLP_ALL_GRID.html">Visu multivides failu pārlūkošana</target>
      <target FeatureID="-1" href="LGAL_HLP_ALBUM_GRID.html">Multivides failu pārlūkošana albumos</target>
      <target FeatureID="-1" href="LGAL_HLP_TAGS_GRID.html">Atzīmētu multivides failu pārlūkošana</target>
      <target FeatureID="-1" href="LGAL_HLP_DETAILS_VIEW.html">Faila datu skatīšana un rediģēšana</target>
      <target FeatureID="-1" href="LGAL_HLP_TAGS_BROWSER.html">Tagi</target>
      <target FeatureID="-1" href="LGAL_HLP_MONTH_FULLSCREEN.html">Multivides failu skatīšana pēc mēneša</target>
      <target FeatureID="-1" href="LGAL_HLP_MONTH_GRID.html">Multivides failu pārlūkošana pēc mēneša</target>
      <target FeatureID="-1" href="LGAL_HLP_VIEW_LIST.html">Fotoattēli</target>
      <target FeatureID="-1" href="LGAL_HLP_MONTH_LIST.html">Mēneši</target>
      <target FeatureID="-1" href="LGAL_HLP_SLIDESHOW_SETTINGS.html">Slīdrādes uzstādījumi</target>
      <target FeatureID="-1" href="LGAL_HLP_ALL_FULLSCREEN.html">Visu multivides failu apskate</target>
      <target FeatureID="-1" href="LGAL_HLP_ALBUM_FULLSCREEN.html">Multivides failu skatīšana albumos</target>
      <target FeatureID="-1" href="LGAL_HLP_TAGS_FULLSCREEN.html">Atzīmētu multivides failu skatīšana</target>
   </keywords>
   <keywords>
      <text FeatureID="-1">albumi</text>
      <target FeatureID="-1" href="LGAL_HLP_ALBUM_LIST.html">Albumi</target>
      <target FeatureID="-1" href="LGAL_HLP_ALBUM_GRID.html">Multivides failu pārlūkošana albumos</target>
      <target FeatureID="-1" href="LGAL_HLP_VIEW_LIST.html">Fotoattēli</target>
      <target FeatureID="-1" href="LGAL_HLP_ALBUM_FULLSCREEN.html">Multivides failu skatīšana albumos</target>
   </keywords>
   <keywords>
      <text FeatureID="-1">tagi</text>
      <target FeatureID="-1" href="LGAL_HLP_TAGS_GRID.html">Atzīmētu multivides failu pārlūkošana</target>
      <target FeatureID="-1" href="LGAL_HLP_TAGS_BROWSER.html">Tagi</target>
      <target FeatureID="-1" href="LGAL_HLP_VIEW_LIST.html">Fotoattēli</target>
      <target FeatureID="-1" href="LGAL_HLP_TAGS_FULLSCREEN.html">Atzīmētu multivides failu skatīšana</target>
   </keywords>
   <keywords>
      <text FeatureID="-1">slaidrāde</text>
      <target FeatureID="-1" href="LGAL_HLP_SLIDESHOW_SETTINGS.html">Slīdrādes uzstādījumi</target>
   </keywords>
</keywords>