<?xml version="1.0" encoding="UTF-8"?>
<keywords>
   <keywords>
      <text FeatureID="-1">paramètres, gliss</text>
      <target FeatureID="-1" href="SET_HLP_SETTINGS_KEYPAD_COVER.html">Paramètres gestion glissière</target>
   </keywords>
   <keywords>
      <text FeatureID="-1">paramètres glissière</text>
      <target FeatureID="-1" href="SET_HLP_SETTINGS_KEYPAD_COVER.html">Paramètres gestion glissière</target>
   </keywords>
   <keywords>
      <text FeatureID="-1">gestion du terminal</text>
      <target FeatureID="-1" href="CP_HLP_DEVICE_MANAGEMENT.html">Gestion du terminal</target>
   </keywords>
   <keywords>
      <text FeatureID="true_109">EAP (Extensible Authentication Protocol)</text>
      <target FeatureID="true_109" href="SET_HLP_WLAN_EAP_SIM.html">Paramètres EAP-SIM</target>
   </keywords>
   <keywords>
      <text FeatureID="true_109">paramètres, WLAN</text>
      <target FeatureID="true_109" href="SET_HLP_WLAN_EAP_SIM.html">Paramètres EAP-SIM</target>
   </keywords>
   <keywords>
      <text FeatureID="-1">limiter les points d'accès</text>
      <target FeatureID="-1" href="ACL_HLP_MAIN.html">Limiter les connexions</target>
   </keywords>
   <keywords>
      <text FeatureID="-1">paramètres de connexion</text>
      <target FeatureID="-1" href="SIP_HLP_PROF_PARAMS.html">Paramètres des modes SIP</target>
      <target FeatureID="-1" href="SIP_HLP_MAIN.html">Modes SIP</target>
      <target FeatureID="-1" href="SET_HLP_CONN_DEST_VIEW.html">Vue des destinations</target>
      <target FeatureID="-1" href="SET_HLP_DEFAULT_CONN.html">Connexion par défaut</target>
      <target FeatureID="-1" href="SET_HLP_CONN_METHODS_VIEW.html">Vue des points d'accès</target>
      <target FeatureID="true_1581" href="RD_HLP_REMOTE_DRIVE_CONFIG.html">Paramètres du lecteur distant</target>
      <target FeatureID="true_1581" href="RD_HLP_REMOTE_DRIVES.html">Lecteurs distants</target>
   </keywords>
   <keywords>
      <text FeatureID="-1">paramètres SIP</text>
      <target FeatureID="-1" href="SIP_HLP_PROF_PARAMS.html">Paramètres des modes SIP</target>
      <target FeatureID="-1" href="SIP_HLP_MAIN.html">Modes SIP</target>
      <target FeatureID="-1" href="SIP_HLP_PROXY_PARAMS.html">Paramètres du proxy SIP</target>
      <target FeatureID="-1" href="SIP_HLP_REGISTRAR_PARAM.html">Paramètres du serveur registrar</target>
   </keywords>
   <keywords>
      <text FeatureID="-1">serveur registrar</text>
      <target FeatureID="-1" href="SIP_HLP_REGISTRAR_PARAM.html">Paramètres du serveur registrar</target>
   </keywords>
   <keywords>
      <text FeatureID="-1">points d'accès</text>
      <target FeatureID="-1" href="HLP_OCC_CONN_SETTINGS.html">Connexions réseau</target>
      <target FeatureID="-1" href="SET_HLP_CONN_METHODS_VIEW.html">Vue des points d'accès</target>
   </keywords>
   <keywords>
      <text FeatureID="-1">paramètres, connexion</text>
      <target FeatureID="-1" href="HLP_OCC_CONN_SETTINGS.html">Connexions réseau</target>
   </keywords>
   <keywords>
      <text FeatureID="-1">paramètres des destinations</text>
      <target FeatureID="-1" href="SET_HLP_CONN_DEST_VIEW.html">Vue des destinations</target>
   </keywords>
   <keywords>
      <text FeatureID="-1">connexion par défaut</text>
      <target FeatureID="-1" href="SET_HLP_DEFAULT_CONN.html">Connexion par défaut</target>
   </keywords>
   <keywords>
      <text FeatureID="-1">points d'accès VPN</text>
      <target FeatureID="true_99" href="SET_HLP_VPN_DEST_ASSOC_VIEW.html">Connexions VPN</target>
      <target FeatureID="-1" href="SET_HLP_VPN_AP_SETTINGS_VIEW.html">Modifier les point d'accès VPN</target>
   </keywords>
   <keywords>
      <text FeatureID="-1">connexions des applications</text>
      <target FeatureID="-1" href="SET_HLP_APP_DEST_ASSOC_VIEW.html">Connexions des applications</target>
   </keywords>
   <keywords>
      <text FeatureID="-1">paramètres des applications</text>
      <target FeatureID="-1" href="CP_HLP_APPILICATION_SETTINGS.html">Paramètres des applications</target>
   </keywords>
   <keywords>
      <text FeatureID="-1">appels, paramètres</text>
      <target FeatureID="-1" href="SCP_HLP_CALL.html">Paramètres d'appel</target>
   </keywords>
   <keywords>
      <text FeatureID="-1">paramètres, appels</text>
      <target FeatureID="-1" href="SCP_HLP_CALL.html">Paramètres d'appel</target>
   </keywords>
   <keywords>
      <text FeatureID="-1">connectivité</text>
      <target FeatureID="-1" href="CP_HLP_CONNECTIVITY.html">Paramètres de connectivité</target>
   </keywords>
   <keywords>
      <text FeatureID="-1">panneau de configuration</text>
      <target FeatureID="-1" href="CP_HLP_DISPLAY.html">Paramètres d'affichage</target>
      <target FeatureID="__DUAL_LANGUAGE_SUPPORT=true" href="CP_HLP_WRITING_LANGUAGE.html">Langue d'écriture</target>
   </keywords>
   <keywords>
      <text FeatureID="-1">paramètres d'affichage</text>
      <target FeatureID="-1" href="CP_HLP_DISPLAY.html">Paramètres d'affichage</target>
   </keywords>
   <keywords>
      <text FeatureID="-1">paramètres généraux</text>
      <target FeatureID="-1" href="CP_HLP_DEVICE.html">Paramètres de l'appareil</target>
   </keywords>
   <keywords>
      <text FeatureID="-1">paramètres de l'appareil</text>
      <target FeatureID="-1" href="CP_HLP_DEVICE.html">Paramètres de l'appareil</target>
   </keywords>
   <keywords>
      <text FeatureID="-1">paramètres de langue</text>
      <target FeatureID="-1" href="CP_HLP_LANGUAGE.html">Paramètres de langue</target>
   </keywords>
   <keywords>
      <text FeatureID="-1">paramètres</text>
      <target FeatureID="-1" href="CP_HLP_MAIN_VIEW.html">Paramètres</target>
   </keywords>
   <keywords>
      <text FeatureID="-1">paramètres du réseau</text>
      <target FeatureID="-1" href="CP_HLP_NETWORK.html">Paramètres du réseau</target>
      <target FeatureID="-1" href="CP_HLP_NETWORK.html">Paramètres du réseau</target>
   </keywords>
   <keywords>
      <text FeatureID="-1">mode</text>
      <target FeatureID="-1" href="CP_HLP_PERSONAL.html">Ecran personnel</target>
   </keywords>
   <keywords>
      <text FeatureID="-1">thème</text>
      <target FeatureID="-1" href="CP_HLP_PERSONAL.html">Ecran personnel</target>
   </keywords>
   <keywords>
      <text FeatureID="-1">veille</text>
      <target FeatureID="-1" href="CP_HLP_PERSONAL.html">Ecran personnel</target>
   </keywords>
   <keywords>
      <text FeatureID="-1">sécurité, paramètres</text>
      <target FeatureID="-1" href="CP_HLP_SECURITY.html">Paramètres de sécurité</target>
   </keywords>
   <keywords>
      <text FeatureID="-1">paramètres, sécurité</text>
      <target FeatureID="-1" href="CP_HLP_SECURITY.html">Paramètres de sécurité</target>
   </keywords>
   <keywords>
      <text FeatureID="-1">appareil, verrouillage</text>
      <target FeatureID="-1" href="SET_HLP_SECURITY_DEVICE_SIM.html">Sécurité de l'appareil</target>
   </keywords>
   <keywords>
      <text FeatureID="-1">sécurité</text>
      <target FeatureID="-1" href="SET_HLP_SECURITY_DEVICE_SIM.html">Sécurité de l'appareil</target>
   </keywords>
   <keywords>
      <text FeatureID="__DUAL_LANGUAGE_SUPPORT=true">langue d'écriture</text>
      <target FeatureID="__DUAL_LANGUAGE_SUPPORT=true" href="CP_HLP_WRITING_LANGUAGE.html">Langue d'écriture</target>
   </keywords>
   <keywords>
      <text FeatureID="-1">paramètres des accessoires</text>
      <target FeatureID="-1" href="SET_HLP_ACCESSORIES_LIST.html">Paramètres des accessoires</target>
      <target FeatureID="-1" href="SET_HLP_ACCESSORIES_HEADPHONE.html">Paramètres des écouteurs</target>
      <target FeatureID="-1" href="SET_HLP_ACCESSORIES_HEADSET.html">Paramètres du kit oreillette</target>
      <target FeatureID="-1" href="SET_HLP_ACCESS_WIRED_CK.html">Paramètres du kit voiture filaire</target>
      <target FeatureID="true_1032" href="SET_HLP_ACCESSORIES_TTY.html">Paramètres du téléimprimeur</target>
      <target FeatureID="true_1540" href="SET_HLP_ACCESSORIES_TVOUT.html">Paramètres de sortie TV</target>
   </keywords>
   <keywords>
      <text FeatureID="-1">point d'accès de données par paquets</text>
      <target FeatureID="-1" href="SET_HLP_AP_SETTING_GPRS.html">Point d'accès de données par paquets</target>
   </keywords>
   <keywords>
      <text FeatureID="-1">paramètres des données par paquets</text>
      <target FeatureID="-1" href="SET_HLP_AP_SETTING_GPRS_AS.html">Paramètres avancés des données par paquets</target>
   </keywords>
   <keywords>
      <text FeatureID="-1">points d'accès de données par paquets</text>
      <target FeatureID="-1" href="SET_HLP_AP_SETTING_GPRS_AS.html">Paramètres avancés des données par paquets</target>
   </keywords>
   <keywords>
      <text FeatureID="true_110 true_1088">points d'accès d'appels de données</text>
      <target FeatureID="true_110" href="SET_HLP_AP_DATA_AS_IPV4.html">Paramètres IPv4 des appels de données</target>
      <target FeatureID="true_1088" href="SET_HLP_AP_DATA_AS_IPV6.html">Paramètres IPv6 des appels de données</target>
   </keywords>
   <keywords>
      <text FeatureID="true_110">paramètres de point d'accès</text>
      <target FeatureID="true_110" href="SET_HLP_AP_SETTING_DATA.html">Point d'accès d'appel de données</target>
      <target FeatureID="true_110" href="SET_HLP_AP_SETTING_DATA_AS.html">Paramètres avancés des appels de données</target>
   </keywords>
   <keywords>
      <text FeatureID="true_110">paramètres des appels de données</text>
      <target FeatureID="true_110" href="SET_HLP_AP_SETTING_DATA.html">Point d'accès d'appel de données</target>
   </keywords>
   <keywords>
      <text FeatureID="true_110">points d'accès pour appels de données</text>
      <target FeatureID="true_110" href="SET_HLP_AP_SETTING_DATA_AS.html">Paramètres avancés des appels de données</target>
   </keywords>
   <keywords>
      <text FeatureID="-1">réseau privé virtuel</text>
      <target FeatureID="-1" href="SET_HLP_VPN_AP_SETTINGS_VIEW.html">Modifier les point d'accès VPN</target>
   </keywords>
   <keywords>
      <text FeatureID="-1">verrouillage du clavier</text>
      <target FeatureID="-1" href="CP_HLP_AUTOKEYGUARD.html">Verrouillage automatique du clavier</target>
   </keywords>
   <keywords>
      <text FeatureID="true_1581">lecteurs distants</text>
      <target FeatureID="true_1581" href="RD_HLP_REMOTE_DRIVE_CONFIG.html">Paramètres du lecteur distant</target>
      <target FeatureID="true_1581" href="RD_HLP_REMOTE_DRIVES.html">Lecteurs distants</target>
   </keywords>
   <keywords>
      <text FeatureID="-1">interdiction d'appel</text>
      <target FeatureID="-1" href="SET_HLP_BARRING_SETTINGS.html">Interdire des appels téléphoniques</target>
      <target FeatureID="true_298" href="DIV_HLP_BARRING_MAIN.html">Interdire des appels</target>
   </keywords>
   <keywords>
      <text FeatureID="-1">interdire des appels</text>
      <target FeatureID="-1" href="SET_HLP_BARRING_SETTINGS.html">Interdire des appels téléphoniques</target>
      <target FeatureID="true_298" href="DIV_HLP_BARRING_MAIN.html">Interdire des appels</target>
   </keywords>
   <keywords>
      <text FeatureID="-1">transférer des appels</text>
      <target FeatureID="true_89" href="DIV_HLP_CALL_FORW_VID.html">Transférer des appels vidéo</target>
      <target FeatureID="-1" href="DIV_HLP_CALL_FORW_MAIN.html">Renvoi d'appel</target>
      <target FeatureID="-1" href="DIV_HLP_CALL_FORW_VOI.html">Renvoyer des appels vocaux</target>
   </keywords>
   <keywords>
      <text FeatureID="-1">faire suivre des appels</text>
      <target FeatureID="-1" href="DIV_HLP_CALL_FORW_MAIN.html">Renvoi d'appel</target>
   </keywords>
   <keywords>
      <text FeatureID="-1">paramètres de synchronisation</text>
      <target FeatureID="-1" href="CP_HLP_SYNCHRONISATION.html">Paramètres de synchronisation</target>
   </keywords>
   <keywords>
      <text FeatureID="-1">installer des applications</text>
      <target FeatureID="-1" href="CP_HLP_INSTALLATIONS.html">Installations</target>
   </keywords>
   <keywords>
      <text FeatureID="-1">paramètres des écouteurs</text>
      <target FeatureID="-1" href="SET_HLP_ACCESSORIES_HEADPHONE.html">Paramètres des écouteurs</target>
   </keywords>
   <keywords>
      <text FeatureID="-1">paramètres du kit oreillette</text>
      <target FeatureID="-1" href="SET_HLP_ACCESSORIES_HEADSET.html">Paramètres du kit oreillette</target>
   </keywords>
   <keywords>
      <text FeatureID="-1">paramètres du kit voiture filaire</text>
      <target FeatureID="-1" href="SET_HLP_ACCESS_WIRED_CK.html">Paramètres du kit voiture filaire</target>
   </keywords>
   <keywords>
      <text FeatureID="-1">paramètres du kit voiture</text>
      <target FeatureID="-1" href="SET_HLP_ACCESS_WIRED_CK.html">Paramètres du kit voiture filaire</target>
   </keywords>
   <keywords>
      <text FeatureID="-1">paramètres du support musical</text>
      <target FeatureID="-1" href="SET_HLP_ACCESSORIES_MUSIC_ST.html">Paramètres du support musical</target>
   </keywords>
   <keywords>
      <text FeatureID="true_1032">paramètres TTY</text>
      <target FeatureID="true_1032" href="SET_HLP_ACCESSORIES_TTY.html">Paramètres du téléimprimeur</target>
   </keywords>
   <keywords>
      <text FeatureID="true_1032">paramètres TDD</text>
      <target FeatureID="true_1032" href="SET_HLP_ACCESSORIES_TTY.html">Paramètres du téléimprimeur</target>
   </keywords>
   <keywords>
      <text FeatureID="true_1540">paramètres de sortie TV</text>
      <target FeatureID="true_1540" href="SET_HLP_ACCESSORIES_TVOUT.html">Paramètres de sortie TV</target>
   </keywords>
   <keywords>
      <text FeatureID="true_410">saisie de texte</text>
      <target FeatureID="true_410" href="PREDINPUT_HLP_VIRTUAL_ITI_SETTINGS.html">Paramètres d'entrée</target>
   </keywords>
   <keywords>
      <text FeatureID="-1">saisie de texte intelligente</text>
      <target FeatureID="-1" href="PREDINPUT_HLP_VIRTUAL_ITI.html">Saisie de texte intelligente</target>
   </keywords>
   <keywords>
      <text FeatureID="-1">paramètres, restauration</text>
      <target FeatureID="-1" href="SET_HLP_GENERAL_ORIG_SET.html">Restaurer les paramètres d'origine</target>
   </keywords>
   <keywords>
      <text FeatureID="-1">restauration des paramètres</text>
      <target FeatureID="-1" href="SET_HLP_GENERAL_ORIG_SET.html">Restaurer les paramètres d'origine</target>
   </keywords>
   <keywords>
      <text FeatureID="-1">paramètres d'usine, restauration</text>
      <target FeatureID="-1" href="SET_HLP_GENERAL_ORIG_SET.html">Restaurer les paramètres d'origine</target>
   </keywords>
</keywords>