<?xml version="1.0" encoding="UTF-8"?>
<keywords>
   <keywords>
      <text FeatureID="-1">tillatte numre</text>
      <target FeatureID="-1" href="FDN_HLP_FDN_NUM_EDIT_VIEW.html">Redigere kontakter</target>
      <target FeatureID="-1" href="FDN_HLP_FDN_NUMBER_VIEW.html">Kontakter med tillatte numre</target>
      <target FeatureID="-1" href="FDN_HLP_FDN_VIEW.html">Begrense anrop</target>
   </keywords>
   <keywords>
      <text FeatureID="-1">begrense anrop</text>
      <target FeatureID="-1" href="FDN_HLP_FDN_VIEW.html">Begrense anrop</target>
   </keywords>
   <keywords>
      <text FeatureID="-1">tjeneste-numre</text>
      <target FeatureID="-1" href="SDN_HLP_APP.html">Tjenestenumre</target>
   </keywords>
   <keywords>
      <text FeatureID="-1">SIM, tjenestenumre</text>
      <target FeatureID="-1" href="SDN_HLP_APP.html">Tjenestenumre</target>
   </keywords>
   <keywords>
      <text FeatureID="-1">tjenestenr. på SIM-kort</text>
      <target FeatureID="-1" href="SDN_HLP_APP.html">Tjenestenumre</target>
   </keywords>
   <keywords>
      <text FeatureID="-1">kontaktgrupper</text>
      <target FeatureID="-1" href="PHOB_HLP_GROUP_LIST.html">Kontaktgrupper</target>
      <target FeatureID="-1" href="PHOB_HLP_GROUP_MEMBER_LIST.html">Gruppemedlemmer</target>
   </keywords>
   <keywords>
      <text FeatureID="-1">SIM-kontakter</text>
      <target FeatureID="-1" href="PHOB_HLP_SIM_LIST.html">SIM-kontaktkatalog</target>
   </keywords>
   <keywords>
      <text FeatureID="-1">SIM-numre</text>
      <target FeatureID="-1" href="PHOB_HLP_MY_NUMBERS.html">Mine numre</target>
   </keywords>
   <keywords>
      <text FeatureID="-1">navnerekke­flg., Kont.</text>
      <target FeatureID="-1" href="PHOB_HLP_SETTINGS.html">Kontakt-innstillinger</target>
   </keywords>
   <keywords>
      <text FeatureID="-1">kontaktminne</text>
      <target FeatureID="-1" href="PHOB_HLP_SETTINGS.html">Kontakt-innstillinger</target>
   </keywords>
   <keywords>
      <text FeatureID="-1">standardminne</text>
      <target FeatureID="-1" href="PHOB_HLP_SETTINGS.html">Kontakt-innstillinger</target>
   </keywords>
   <keywords>
      <text FeatureID="-1">kontaktkatalog</text>
      <target FeatureID="-1" href="PHOB_HLP_NAME_LIST.html">Kontaktkatalog</target>
   </keywords>
   <keywords>
      <text FeatureID="-1">kontaktinformasjon</text>
      <target FeatureID="-1" href="PHOB_HLP_NAME_LIST.html">Kontaktkatalog</target>
   </keywords>
   <keywords>
      <text FeatureID="-1">telefonbok</text>
      <target FeatureID="-1" href="PHOB_HLP_NAME_LIST.html">Kontaktkatalog</target>
   </keywords>
</keywords>