<?xml version="1.0" encoding="UTF-8"?>
<keywords>
   <keywords>
      <text FeatureID="-1">Bluetooth</text>
      <target FeatureID="-1" href="BT_HLP_MAIN.html">Bluetooth</target>
      <target FeatureID="-1" href="BT_HLP_PAIRED.html">Pariliitoksen luonti</target>
      <target FeatureID="-1" href="BT_HLP_BLOCKED.html">Estetyt laitteet</target>
   </keywords>
   <keywords>
      <text FeatureID="-1">Bluetooth-asetukset</text>
      <target FeatureID="-1" href="BT_HLP_MAIN.html">Bluetooth</target>
   </keywords>
   <keywords>
      <text FeatureID="-1">pariliitosten muodostaminen</text>
      <target FeatureID="-1" href="BT_HLP_PAIRED.html">Pariliitoksen luonti</target>
   </keywords>
   <keywords>
      <text FeatureID="-1">estetyt laitteet</text>
      <target FeatureID="-1" href="BT_HLP_BLOCKED.html">Estetyt laitteet</target>
   </keywords>
   <keywords>
      <text FeatureID="true_12">langaton näppäimistö</text>
      <target FeatureID="true_12" href="BTKEYBOARD_HLP_SETTINGS.html">Langaton näppäimistö</target>
   </keywords>
</keywords>