<?xml version="1.0" encoding="UTF-8"?>
<keywords>
   <keywords>
      <text FeatureID="-1">עריכת הערות</text>
      <target FeatureID="-1" href="NMAKE_HLP_MEMO_VIEWER_EDIT.html">עריכת הערות ביישומים</target>
   </keywords>
   <keywords>
      <text FeatureID="-1">קבלת הערות</text>
      <target FeatureID="-1" href="NMAKE_HLP_MEMO_VIEWER.html">הצגת הערות שהתקבלו</target>
   </keywords>
   <keywords>
      <text FeatureID="-1">תבניות הודעה</text>
      <target FeatureID="-1" href="NMAKE_HLP_TEMPLATE_EDITOR.html">כתיבת תבניות הודעה</target>
   </keywords>
   <keywords>
      <text FeatureID="-1">יצירת תבניות להודעות</text>
      <target FeatureID="-1" href="NMAKE_HLP_TEMPLATE_EDITOR.html">כתיבת תבניות הודעה</target>
   </keywords>
   <keywords>
      <text FeatureID="-1">כתיבת תבניות הודעה</text>
      <target FeatureID="-1" href="NMAKE_HLP_TEMPLATE_EDITOR.html">כתיבת תבניות הודעה</target>
   </keywords>
   <keywords>
      <text FeatureID="-1">רשימת הערות</text>
      <target FeatureID="-1" href="NMAKE_HLP_MEMO_LIST.html">רשימת הערות</target>
   </keywords>
   <keywords>
      <text FeatureID="-1">כתיבת הערות</text>
      <target FeatureID="-1" href="NMAKE_HLP_MEMO_LIST.html">רשימת הערות</target>
      <target FeatureID="-1" href="NMAKE_HLP_MEMO_EDITOR_APPS.html">כתיבת הערות ביישומים</target>
      <target FeatureID="-1" href="NMAKE_HLP_MEMO_EDITOR.html">כתיבת הערות</target>
   </keywords>
</keywords>