<?xml version="1.0" encoding="UTF-8"?>
<keywords>
   <keywords>
      <text FeatureID="-1">kategorie punktów orientacyjnych</text>
      <target FeatureID="-1" href="LM_HLP_LM_BY_CATEGORY.html">Kategorie punktów orientacyjnych</target>
      <target FeatureID="-1" href="LM_HLP_EDIT_CATEGORIES.html">Edycja kategorii punktów orientacyjnych</target>
   </keywords>
   <keywords>
      <text FeatureID="-1">punkty orientacyjne</text>
      <target FeatureID="-1" href="LM_HLP_LM_BY_NAME.html">Widok Punkty orientacyjne wg nazw</target>
      <target FeatureID="-1" href="LM_HLP_CATEGORY_CONTENTS.html">Punkty orientacyjne w kategoriach</target>
      <target FeatureID="-1" href="LM_HLP_LM_VIEWER.html">Szczegóły punktu orientacyjnego</target>
   </keywords>
   <keywords>
      <text FeatureID="-1">edytowanie punktów orientacyjnych</text>
      <target FeatureID="-1" href="LM_HLP_LM_EDITOR.html">Edycja punktów orientacyjnych</target>
   </keywords>
</keywords>