<?xml version="1.0" encoding="UTF-8"?>
<keywords>
   <keywords>
      <text FeatureID="-1">appareil photo</text>
      <target FeatureID="-1" href="LCAM_HLP_VIEWFINDER_PHOTO.html">Capturer des images</target>
      <target FeatureID="-1" href="LCAM_HLP_LIGHT_SENSITIVITY.html">Permet de modifier la sensibilité à la lumière</target>
      <target FeatureID="-1" href="LCAM_HLP_SETTINGS_PHOUSER.html">Définir des scènes</target>
      <target FeatureID="-1" href="LCAM_HLP_SCENES_PHOTO.html">Scènes image</target>
      <target FeatureID="-1" href="LCAM_HLP_VIEWFINDER_VIDEO.html">Enregistrer des clips vidéo</target>
      <target FeatureID="-1" href="LCAM_HLP_SCENES_VIDEO.html">Scènes vidéo</target>
      <target FeatureID="-1" href="LCAM_HLP_VIEWFINDER_VIDEO_EM.html">Vidéos dans des applications</target>
      <target FeatureID="-1" href="LCAM_HLP_STANDBY_EM.html">Appareil photo non actif</target>
      <target FeatureID="-1" href="LCAM_HLP_POST_VIDEO.html">Lire des clips vidéo</target>
      <target FeatureID="-1" href="LCAM_HLP_POST_PHOTO.html">Afficher des images capturées</target>
   </keywords>
   <keywords>
      <text FeatureID="-1">capture d'images</text>
      <target FeatureID="-1" href="LCAM_HLP_VIEWFINDER_PHOTO.html">Capturer des images</target>
   </keywords>
   <keywords>
      <text FeatureID="-1">sensibilité à la lumière</text>
      <target FeatureID="-1" href="LCAM_HLP_LIGHT_SENSITIVITY.html">Permet de modifier la sensibilité à la lumière</target>
   </keywords>
   <keywords>
      <text FeatureID="-1">scènes</text>
      <target FeatureID="-1" href="LCAM_HLP_SETTINGS_PHOUSER.html">Définir des scènes</target>
      <target FeatureID="-1" href="LCAM_HLP_SCENES_PHOTO.html">Scènes image</target>
   </keywords>
   <keywords>
      <text FeatureID="-1">app. photo, paramètres</text>
      <target FeatureID="-1" href="LCAM_HLP_SETTINGS.html">Paramètres de l'appareil photo</target>
   </keywords>
   <keywords>
      <text FeatureID="-1">appareil photo, paramètres</text>
      <target FeatureID="-1" href="LCAM_HLP_SETTINGS_PHOTO.html">Paramètres des photos</target>
      <target FeatureID="-1" href="LCAM_HLP_SETTINGS_VIDEO.html">Paramètres vidéo</target>
   </keywords>
   <keywords>
      <text FeatureID="-1">enregistrement vidéo</text>
      <target FeatureID="-1" href="LCAM_HLP_VIEWFINDER_VIDEO.html">Enregistrer des clips vidéo</target>
   </keywords>
   <keywords>
      <text FeatureID="-1">scènes vidéo</text>
      <target FeatureID="-1" href="LCAM_HLP_SCENES_VIDEO.html">Scènes vidéo</target>
   </keywords>
   <keywords>
      <text FeatureID="-1">vidéo, paramètres</text>
      <target FeatureID="-1" href="LCAM_HLP_SETTINGS_VIDEO.html">Paramètres vidéo</target>
   </keywords>
   <keywords>
      <text FeatureID="-1">clips vidéo dans des applications</text>
      <target FeatureID="-1" href="LCAM_HLP_VIEWFINDER_VIDEO_EM.html">Vidéos dans des applications</target>
   </keywords>
   <keywords>
      <text FeatureID="-1">lire des clips vidéo</text>
      <target FeatureID="-1" href="LCAM_HLP_POST_VIDEO.html">Lire des clips vidéo</target>
   </keywords>
   <keywords>
      <text FeatureID="-1">appareil photo dans des applications</text>
      <target FeatureID="-1" href="LCAM_HLP_VIEWFINDER_PHOTO_EM.html">Images dans des applications</target>
   </keywords>
   <keywords>
      <text FeatureID="-1">visionner images</text>
      <target FeatureID="-1" href="LCAM_HLP_POST_PHOTO.html">Afficher des images capturées</target>
   </keywords>
</keywords>