<?xml version="1.0" encoding="UTF-8"?>
<keywords>
   <keywords>
      <text FeatureID="-1">Fotografier</text>
      <target FeatureID="-1" href="LGAL_HLP_ALBUM_LIST.html">Album</target>
      <target FeatureID="-1" href="LGAL_HLP_DETAILS_VIEW.html">Vis og rediger opplysninger om filer</target>
      <target FeatureID="-1" href="LGAL_HLP_TAGS_BROWSER.html">Merker</target>
      <target FeatureID="-1" href="LGAL_HLP_MONTH_FULLSCREEN.html">Vise mediefiler etter måned</target>
      <target FeatureID="-1" href="LGAL_HLP_MONTH_GRID.html">Vise mediefiler etter måned</target>
      <target FeatureID="-1" href="LGAL_HLP_VIEW_LIST.html">Bilder</target>
      <target FeatureID="-1" href="LGAL_HLP_MONTH_LIST.html">Måneder</target>
      <target FeatureID="-1" href="LGAL_HLP_SLIDESHOW_SETTINGS.html">Innstillinger for bildefremvisning</target>
      <target FeatureID="-1" href="LGAL_HLP_ALL_FULLSCREEN.html">Vise alle mediefiler</target>
      <target FeatureID="-1" href="LGAL_HLP_ALBUM_FULLSCREEN.html">Vise mediefiler i album</target>
      <target FeatureID="-1" href="LGAL_HLP_TAGS_FULLSCREEN.html">Vise merkede mediefiler</target>
   </keywords>
   <keywords>
      <text FeatureID="-1">album</text>
      <target FeatureID="-1" href="LGAL_HLP_ALBUM_LIST.html">Album</target>
      <target FeatureID="-1" href="LGAL_HLP_ALBUM_GRID.html">Bla i mediefiler i album</target>
      <target FeatureID="-1" href="LGAL_HLP_VIEW_LIST.html">Bilder</target>
      <target FeatureID="-1" href="LGAL_HLP_ALBUM_FULLSCREEN.html">Vise mediefiler i album</target>
   </keywords>
   <keywords>
      <text FeatureID="-1">Bilder</text>
      <target FeatureID="-1" href="LGAL_HLP_ALL_GRID.html">Bla gjennom alle mediefiler</target>
      <target FeatureID="-1" href="LGAL_HLP_ALBUM_GRID.html">Bla i mediefiler i album</target>
      <target FeatureID="-1" href="LGAL_HLP_TAGS_GRID.html">Bla i mediefiler som er merket</target>
   </keywords>
   <keywords>
      <text FeatureID="-1">merker</text>
      <target FeatureID="-1" href="LGAL_HLP_TAGS_GRID.html">Bla i mediefiler som er merket</target>
      <target FeatureID="-1" href="LGAL_HLP_TAGS_BROWSER.html">Merker</target>
      <target FeatureID="-1" href="LGAL_HLP_VIEW_LIST.html">Bilder</target>
      <target FeatureID="-1" href="LGAL_HLP_TAGS_FULLSCREEN.html">Vise merkede mediefiler</target>
   </keywords>
   <keywords>
      <text FeatureID="-1">lysbildefremvisning</text>
      <target FeatureID="-1" href="LGAL_HLP_SLIDESHOW_SETTINGS.html">Innstillinger for bildefremvisning</target>
   </keywords>
</keywords>