<?xml version="1.0" encoding="UTF-8"?>
<keywords>
   <keywords>
      <text FeatureID="-1">tähtpäevakirjed, koostamine</text>
      <target FeatureID="-1" href="FSCA_HLP_ANNIVERSARY_EDITOR.html">Tähtpäevakirje koostamine</target>
   </keywords>
   <keywords>
      <text FeatureID="-1">koosolekukirjed, koostamine</text>
      <target FeatureID="-1" href="FSCA_HLP_CALE_MEETING_EDITOR.html">Koosolekukirjete koostamine</target>
   </keywords>
   <keywords>
      <text FeatureID="-1">meeldetuletused, koostamine</text>
      <target FeatureID="-1" href="FSCA_HLP_MEMO_EDITOR.html">Meeldetuletuste koostamine</target>
   </keywords>
   <keywords>
      <text FeatureID="-1">ülesandekirjed, koostamine</text>
      <target FeatureID="-1" href="FSCA_HLP_TODO_EDITOR.html">Ülesandekirje koostamine</target>
   </keywords>
   <keywords>
      <text FeatureID="-1">koosolekukirjed, muutmine</text>
      <target FeatureID="-1" href="FSCA_HLP_CALE_MEETING_VIEWER.html">Koosolekukirje muutmine</target>
   </keywords>
   <keywords>
      <text FeatureID="-1">meeldetuletused, muutmine</text>
      <target FeatureID="-1" href="FSCA_HLP_MEMO_VIEWER.html">Meeldetuletuste muutmine</target>
   </keywords>
   <keywords>
      <text FeatureID="-1">ülesandekirjed, muutmine</text>
      <target FeatureID="-1" href="FSCA_HLP_TODO_VIEWER.html">Ülesandekirje muutmine</target>
   </keywords>
   <keywords>
      <text FeatureID="-1">tähtpäevakirjed, vaatamine</text>
      <target FeatureID="-1" href="FSCA_HLP_ANNI_VIEWER.html">Tähtpäevakirjete muutmine</target>
   </keywords>
   <keywords>
      <text FeatureID="-1">koosolekukutsed, vastuste muutmine</text>
      <target FeatureID="-1" href="FSCA_HLP_RESPONSE_EDITOR.html">Vastuse muutmine</target>
   </keywords>
   <keywords>
      <text FeatureID="-1">koosolekukutsed, haldamine</text>
      <target FeatureID="-1" href="FSCA_HLP_VIEWER_ORGANIZER.html">Koosolekukutsete haldamine</target>
   </keywords>
   <keywords>
      <text FeatureID="-1">koosolekukutsed, muutmine</text>
      <target FeatureID="-1" href="MEET_REQ_HLP_EDITOR.html">Saabunud koosolekukutsed</target>
   </keywords>
   <keywords>
      <text FeatureID="-1">koosolekukutsed, vastamine</text>
      <target FeatureID="-1" href="FSCA_HLP_VIEWER.html">Koosolekukutsele vastamine</target>
   </keywords>
   <keywords>
      <text FeatureID="-1">kontaktid</text>
      <target FeatureID="-1" href="RLOOK_HLP_INFO_VIEW.html">Leitud kontaktkirje haldamine</target>
   </keywords>
   <keywords>
      <text FeatureID="-1">kontaktid, otsing</text>
      <target FeatureID="-1" href="RLOOK_HLP_RESULT_VIEW.html">Otsingutulemid</target>
   </keywords>
   <keywords>
      <text FeatureID="-1">e-post, manused</text>
      <target FeatureID="-1" href="FSE_HLP_ATTACHMENT_LIST_EDITOR.html">Manuse lisamine</target>
   </keywords>
   <keywords>
      <text FeatureID="-1">kustutatud e-kirjad</text>
      <target FeatureID="-1" href="FSE_HLP_MESSAGE_LIST_DELETED.html">Kustutatud e-kirjad</target>
   </keywords>
   <keywords>
      <text FeatureID="-1">e-kirjade manuste allalaadimine</text>
      <target FeatureID="-1" href="FSE_HLP_ATTACHMENT_LIST.html">Manuste allalaadimine</target>
   </keywords>
   <keywords>
      <text FeatureID="-1">e-kirjade mustandid</text>
      <target FeatureID="-1" href="FSE_HLP_MESSAGE_LIST_DRAFTS.html">E-kirjade mustandid</target>
   </keywords>
   <keywords>
      <text FeatureID="-1">Nokia e-post</text>
      <target FeatureID="-1" href="FSE_HLP_LAUNCHER_GRID.html">Nokia e-post</target>
   </keywords>
   <keywords>
      <text FeatureID="-1">e-post</text>
      <target FeatureID="-1" href="FSE_HLP_LAUNCHER_GRID.html">Nokia e-post</target>
   </keywords>
   <keywords>
      <text FeatureID="-1">e-posti kaustad</text>
      <target FeatureID="-1" href="FSE_HLP_FOLDER_LIST.html">E-kirjade kaustad</target>
      <target FeatureID="-1" href="FSE_HLP_SETT_IMAP_SUBSCR.html">Kaustade tellimine</target>
      <target FeatureID="-1" href="FSE_HLP_MESSAGE_LIST_INBOX.html">Töötamine e-posti kaustadega</target>
   </keywords>
   <keywords>
      <text FeatureID="-1">e-posti seaded</text>
      <target FeatureID="-1" href="FSE_HLP_LAUNCHER_SETTINGS.html">Üldised e-posti seaded</target>
      <target FeatureID="-1" href="FSE_HLP_POP_IMAP_SETT_MAIN.html">E-posti seaded</target>
      <target FeatureID="-1" href="FSE_HLP_IMS_SETTINGS_MAIN_VIEW.html">E-posti seaded</target>
      <target FeatureID="-1" href="FSE_HLP_MFE_SETTINGS_MAIN_VIEW.html">E-posti seaded</target>
   </keywords>
   <keywords>
      <text FeatureID="-1">e-posti üldseaded</text>
      <target FeatureID="-1" href="FSE_HLP_SETTINGS_GLOBAL.html">E-posti üldseaded</target>
   </keywords>
   <keywords>
      <text FeatureID="-1">HTML-vormingus e-post</text>
      <target FeatureID="-1" href="FS_VIEWER_HLP_HTML_VIEW.html">HTML-vormingus e-kiri</target>
   </keywords>
   <keywords>
      <text FeatureID="-1">täpsemad e-posti seaded</text>
      <target FeatureID="-1" href="FSE_HLP_POP_IMAP_SETT_ADV.html">E-posti eriseaded</target>
   </keywords>
   <keywords>
      <text FeatureID="-1">saabuva e-posti seaded</text>
      <target FeatureID="-1" href="FSE_HLP_POP_IMAP_SETT_INCOMING.html">Sissetulnud e-posti seaded</target>
   </keywords>
   <keywords>
      <text FeatureID="-1">väljuva e-posti seaded</text>
      <target FeatureID="-1" href="FSE_HLP_POP_IMAP_SETT_OUTGOING.html">Väljuvate kirjade seaded</target>
   </keywords>
   <keywords>
      <text FeatureID="-1">e-posti sünkroonimine</text>
      <target FeatureID="-1" href="FSE_HLP_POP_IMAP_SETT_WHAT.html">Sünkroonitava sisu valimine</target>
   </keywords>
   <keywords>
      <text FeatureID="-1">e-posti sünkroonimisaeg</text>
      <target FeatureID="-1" href="FSE_HLP_POP_IMAP_SETT_WHEN.html">Sünkroonimisaja valimine</target>
      <target FeatureID="-1" href="FSE_HLP_IMS_SETTINGS_WHEN_SYNC.html">Sünkroonimisaja määramine</target>
      <target FeatureID="-1" href="FSE_HLP_MFE_SETTINGS_WHEN_SYNC.html">Sünkroonimisaja valimine</target>
      <target FeatureID="-1" href="FSE_HLP_SETTINGS_WHEN_SYNC.html">Sünkroonimisaeg</target>
   </keywords>
   <keywords>
      <text FeatureID="-1">e-posti konto seaded</text>
      <target FeatureID="-1" href="FSE_HLP_IMS_SETTINGS_ACCT_INFO.html">E-posti konto seaded</target>
   </keywords>
   <keywords>
      <text FeatureID="-1">täpsemad postkasti seaded</text>
      <target FeatureID="-1" href="FSE_HLP_IMS_SETTINGS_ADVANCED.html">Täiendavad postkasti seaded</target>
      <target FeatureID="-1" href="FSE_HLP_MFE_SETTINGS_ADVANCED.html">Täpsemad postkasti seaded</target>
   </keywords>
   <keywords>
      <text FeatureID="-1">postkasti seaded</text>
      <target FeatureID="-1" href="FSE_HLP_IMS_SETTINGS_MAILBOX.html">Postkasti seaded</target>
      <target FeatureID="-1" href="FSE_HLP_MFE_SETTINGS_MAILBOX.html">Postkasti üldseaded</target>
   </keywords>
   <keywords>
      <text FeatureID="-1">e-posti sünkroonitav sisu</text>
      <target FeatureID="-1" href="FSE_HLP_IMS_SETTINGS_WHAT_SYNC.html">Sünkroonitava sisu määramine</target>
      <target FeatureID="-1" href="FSE_HLP_MFE_SETTINGS_WHAT_SYNC.html">Sünkroonitava sisu valimine</target>
   </keywords>
   <keywords>
      <text FeatureID="-1">e-posti kaustade sünkroonimine</text>
      <target FeatureID="-1" href="FSE_HLP_IMS_SETTINGS_FOLDER.html">E-posti kaustade sünkroonimine</target>
      <target FeatureID="-1" href="FSE_HLP_MFE_SETTINGS_FOLDER.html">Sünkroonimisseaded</target>
   </keywords>
   <keywords>
      <text FeatureID="-1">e-posti teenuse seaded</text>
      <target FeatureID="-1" href="FSE_HLP_SETTINGS_INTELL_LIST.html">E-posti teenuse seaded</target>
   </keywords>
   <keywords>
      <text FeatureID="-1">Intellisync</text>
      <target FeatureID="-1" href="FSE_HLP_IMS_LAUNCHER_MAIN_VIEW.html">Intellisynci e-post</target>
   </keywords>
   <keywords>
      <text FeatureID="-1">Mail for Exchange</text>
      <target FeatureID="-1" href="FSE_HLP_MFE_LAUNCHER_MAIN_VIEW.html">Mail for Exchange'i e-post</target>
   </keywords>
   <keywords>
      <text FeatureID="-1">e-posti andmed</text>
      <target FeatureID="-1" href="FS_VIEWER_HLP_DETAILS_VIEW.html">Kirja andmed</target>
   </keywords>
   <keywords>
      <text FeatureID="-1">e-posti sünkroonimisseaded</text>
      <target FeatureID="-1" href="FSE_HLP_MFE_SETTINGS_PIM_APPS.html">Rakenduste sünkroonimisseaded</target>
   </keywords>
   <keywords>
      <text FeatureID="-1">kalendri sünkroonimine</text>
      <target FeatureID="-1" href="FSE_HLP_MFE_CALENDAR_APP.html">Kalendri sünkroonimisseaded</target>
   </keywords>
   <keywords>
      <text FeatureID="-1">kontaktide sünkroonimine,</text>
      <target FeatureID="-1" href="FSE_HLP_MFE_CONTACTS_APP.html">Kontaktide sünkroonimisseaded</target>
   </keywords>
   <keywords>
      <text FeatureID="-1">ülesandekirje sünkroonimine</text>
      <target FeatureID="-1" href="FSE_HLP_MFE_TASKS_APP.html">Ülesannete sünkroonimisseaded</target>
   </keywords>
   <keywords>
      <text FeatureID="-1">e-kirju pole</text>
      <target FeatureID="-1" href="FSE_HLP_MESSAGE_LIST_EMPTY.html">Kirju pole</target>
   </keywords>
   <keywords>
      <text FeatureID="-1">e-posti kaust Saatmiseks</text>
      <target FeatureID="-1" href="FSE_HLP_MESSAGE_LIST_OUTBOX.html">Töötamine kaustaga Saatmiseks</target>
   </keywords>
   <keywords>
      <text FeatureID="-1">koosolekukutsed</text>
      <target FeatureID="-1" href="FS_VIEWER_HLP_MEETING_REQ_VIEW.html">Kohtumisettepanek</target>
   </keywords>
   <keywords>
      <text FeatureID="-1">e-posti otsing</text>
      <target FeatureID="-1" href="FSE_HLP_MESSAGE_LIST_SEARCHING.html">E-kirjade otsing</target>
   </keywords>
   <keywords>
      <text FeatureID="-1">e-posti otsingu tulemused</text>
      <target FeatureID="-1" href="FSE_HLP_MESSAGE_LIST_SEARCHED.html">Otsingu tulemused</target>
   </keywords>
   <keywords>
      <text FeatureID="-1">e-kirja saatmine</text>
      <target FeatureID="-1" href="FS_EDITOR_HLP_MAIN_VIEW.html">E-kirja saatmine</target>
   </keywords>
   <keywords>
      <text FeatureID="-1">PIM-teenus</text>
      <target FeatureID="-1" href="FSE_HLP_SETTINGS_PIM_VIEW.html">Teenus PIM</target>
   </keywords>
   <keywords>
      <text FeatureID="-1">rakenduste sünkroonimine</text>
      <target FeatureID="-1" href="FSE_HLP_SETTINGS_APPLICATIONS.html">Rakenduste sünkroonimine</target>
   </keywords>
   <keywords>
      <text FeatureID="-1">e-kirja manused</text>
      <target FeatureID="-1" href="FSE_HLP_ATTACHMENT_DOWNLOAD.html">Manuse allalaadimise vaatamine</target>
   </keywords>
   <keywords>
      <text FeatureID="-1">vastuvõetud e-kirjad</text>
      <target FeatureID="-1" href="FS_VIEWER_HLP_MAIN_VIEW.html">Töötamine vastuvõetud e-kirjadega</target>
   </keywords>
</keywords>