<?xml version="1.0" encoding="UTF-8"?>
<keywords>
   <keywords>
      <text FeatureID="-1">editar la configuració predefinida de freqüència</text>
      <target FeatureID="-1" href="EQ_HLP_EDITING_VIEW.html">Editar la configuració predefinida de freqüència</target>
   </keywords>
   <keywords>
      <text FeatureID="-1">equalitzador</text>
      <target FeatureID="-1" href="EQ_HLP_LIST_VIEW.html">Configuració predefinida de freqüència</target>
   </keywords>
   <keywords>
      <text FeatureID="-1">bandes de freqüència</text>
      <target FeatureID="-1" href="EQ_HLP_LIST_VIEW.html">Configuració predefinida de freqüència</target>
   </keywords>
   <keywords>
      <text FeatureID="-1">seleccionar la configuració predefinida de freqüència</text>
      <target FeatureID="-1" href="EQ_HLP_LIST_VIEW.html">Configuració predefinida de freqüència</target>
   </keywords>
</keywords>