<?xml version="1.0" encoding="UTF-8"?>
<keywords>
   <keywords>
      <text FeatureID="-1">Снимки</text>
      <target FeatureID="-1" href="LGAL_HLP_ALBUM_LIST.html">Албуми</target>
      <target FeatureID="-1" href="LGAL_HLP_ALL_GRID.html">Преглед на вс. мед. файлове</target>
      <target FeatureID="-1" href="LGAL_HLP_ALBUM_GRID.html">Преглед на мултимедийни файлове в албуми</target>
      <target FeatureID="-1" href="LGAL_HLP_TAGS_GRID.html">Преглед на мултимедийни файлове с етикети</target>
      <target FeatureID="-1" href="LGAL_HLP_DETAILS_VIEW.html">Разглеждане и редактиране на данните за файл</target>
      <target FeatureID="-1" href="LGAL_HLP_TAGS_BROWSER.html">Етикети</target>
      <target FeatureID="-1" href="LGAL_HLP_MONTH_FULLSCREEN.html">Преглед на мултимедийни файлове по месец</target>
      <target FeatureID="-1" href="LGAL_HLP_MONTH_GRID.html">Преглед на мултимедийни файлове по месец</target>
      <target FeatureID="-1" href="LGAL_HLP_VIEW_LIST.html">Снимки</target>
      <target FeatureID="-1" href="LGAL_HLP_MONTH_LIST.html">Месеци</target>
      <target FeatureID="-1" href="LGAL_HLP_SLIDESHOW_SETTINGS.html">Настройки за слайдшоу</target>
      <target FeatureID="-1" href="LGAL_HLP_ALL_FULLSCREEN.html">Преглед на всички мултимедийни файлове</target>
      <target FeatureID="-1" href="LGAL_HLP_ALBUM_FULLSCREEN.html">Преглед на мултимедийните файлове в албуми</target>
      <target FeatureID="-1" href="LGAL_HLP_TAGS_FULLSCREEN.html">Преглед на мултимедийни файлове с етикети</target>
   </keywords>
   <keywords>
      <text FeatureID="-1">албуми</text>
      <target FeatureID="-1" href="LGAL_HLP_ALBUM_LIST.html">Албуми</target>
      <target FeatureID="-1" href="LGAL_HLP_ALBUM_GRID.html">Преглед на мултимедийни файлове в албуми</target>
      <target FeatureID="-1" href="LGAL_HLP_VIEW_LIST.html">Снимки</target>
      <target FeatureID="-1" href="LGAL_HLP_ALBUM_FULLSCREEN.html">Преглед на мултимедийните файлове в албуми</target>
   </keywords>
   <keywords>
      <text FeatureID="-1">етикети</text>
      <target FeatureID="-1" href="LGAL_HLP_TAGS_GRID.html">Преглед на мултимедийни файлове с етикети</target>
      <target FeatureID="-1" href="LGAL_HLP_TAGS_BROWSER.html">Етикети</target>
      <target FeatureID="-1" href="LGAL_HLP_VIEW_LIST.html">Снимки</target>
      <target FeatureID="-1" href="LGAL_HLP_TAGS_FULLSCREEN.html">Преглед на мултимедийни файлове с етикети</target>
   </keywords>
   <keywords>
      <text FeatureID="-1">слайдшоу</text>
      <target FeatureID="-1" href="LGAL_HLP_SLIDESHOW_SETTINGS.html">Настройки за слайдшоу</target>
   </keywords>
</keywords>