<?xml version="1.0" encoding="UTF-8"?>
<keywords>
   <keywords>
      <text FeatureID="-1">Fotos</text>
      <target FeatureID="-1" href="LGAL_HLP_ALBUM_LIST.html">Álbumes</target>
      <target FeatureID="-1" href="LGAL_HLP_ALL_GRID.html">Explorar todos los archivos de medios</target>
      <target FeatureID="-1" href="LGAL_HLP_ALBUM_GRID.html">Explorar archivos de medios en los álbumes</target>
      <target FeatureID="-1" href="LGAL_HLP_TAGS_GRID.html">Explorar archivos de medios con etiquetas</target>
      <target FeatureID="-1" href="LGAL_HLP_DETAILS_VIEW.html">Ver y editar detalles del archivo</target>
      <target FeatureID="-1" href="LGAL_HLP_TAGS_BROWSER.html">Etiquetas</target>
      <target FeatureID="-1" href="LGAL_HLP_MONTH_FULLSCREEN.html">Ver archivos de medios por mes.</target>
      <target FeatureID="-1" href="LGAL_HLP_MONTH_GRID.html">Explorar archivos de medios por mes</target>
      <target FeatureID="-1" href="LGAL_HLP_VIEW_LIST.html">Fotos</target>
      <target FeatureID="-1" href="LGAL_HLP_MONTH_LIST.html">Meses</target>
      <target FeatureID="-1" href="LGAL_HLP_SLIDESHOW_SETTINGS.html">Configuraciones de presentación de diapositivas</target>
      <target FeatureID="-1" href="LGAL_HLP_ALL_FULLSCREEN.html">Ver todos los archivos de medios</target>
      <target FeatureID="-1" href="LGAL_HLP_ALBUM_FULLSCREEN.html">Ver archivos de medios en álbumes</target>
      <target FeatureID="-1" href="LGAL_HLP_TAGS_FULLSCREEN.html">Ver archivos de medios etiquetados</target>
   </keywords>
   <keywords>
      <text FeatureID="-1">álbumes</text>
      <target FeatureID="-1" href="LGAL_HLP_ALBUM_LIST.html">Álbumes</target>
      <target FeatureID="-1" href="LGAL_HLP_ALBUM_GRID.html">Explorar archivos de medios en los álbumes</target>
      <target FeatureID="-1" href="LGAL_HLP_VIEW_LIST.html">Fotos</target>
      <target FeatureID="-1" href="LGAL_HLP_ALBUM_FULLSCREEN.html">Ver archivos de medios en álbumes</target>
   </keywords>
   <keywords>
      <text FeatureID="-1">etiquetas</text>
      <target FeatureID="-1" href="LGAL_HLP_TAGS_GRID.html">Explorar archivos de medios con etiquetas</target>
      <target FeatureID="-1" href="LGAL_HLP_TAGS_BROWSER.html">Etiquetas</target>
      <target FeatureID="-1" href="LGAL_HLP_VIEW_LIST.html">Fotos</target>
      <target FeatureID="-1" href="LGAL_HLP_TAGS_FULLSCREEN.html">Ver archivos de medios etiquetados</target>
   </keywords>
   <keywords>
      <text FeatureID="-1">presentación de diapositivas</text>
      <target FeatureID="-1" href="LGAL_HLP_SLIDESHOW_SETTINGS.html">Configuraciones de presentación de diapositivas</target>
   </keywords>
</keywords>