<?xml version="1.0" encoding="UTF-8"?>
<keywords>
   <keywords>
      <text FeatureID="-1">pag-decrypt, memory card</text>
      <target FeatureID="-1" href="ES_HLP_ENCRYPTION_DECRYPT.html">I-decrypt ang memory card</target>
   </keywords>
   <keywords>
      <text FeatureID="-1">pag-encrypt, memory card</text>
      <target FeatureID="-1" href="ES_HLP_ENCRYPTION_ENCRYPT.html">I-encrypt ang memory card</target>
   </keywords>
   <keywords>
      <text FeatureID="-1">pag-encrypt, memory ng aparato at memory card</text>
      <target FeatureID="-1" href="ES_HLP_ENCRYPTION_MAIN.html">I-encrypt o i-decrypt</target>
   </keywords>
   <keywords>
      <text FeatureID="-1">pag-decrypt, memory ng aparato at memory card</text>
      <target FeatureID="-1" href="ES_HLP_ENCRYPTION_MAIN.html">I-encrypt o i-decrypt</target>
   </keywords>
</keywords>