<?xml version="1.0" encoding="UTF-8"?>
<keywords>
   <keywords>
      <text FeatureID="-1">e-post, kontoinnstillinger</text>
      <target FeatureID="-1" href="FSE_HLP_IMS_SETTINGS_ACCT_INFO.html">Innstillinger for e-postkonto</target>
   </keywords>
   <keywords>
      <text FeatureID="-1">avanserte innstillinger for postkasse</text>
      <target FeatureID="-1" href="FSE_HLP_IMS_SETTINGS_ADVANCED.html">Avanserte innstillinger for postkasser</target>
   </keywords>
   <keywords>
      <text FeatureID="-1">postkasseinnstillinger</text>
      <target FeatureID="-1" href="FSE_HLP_IMS_SETTINGS_MAILBOX.html">Innstillinger for postkasser</target>
   </keywords>
   <keywords>
      <text FeatureID="-1">e-post, synkroniseringsinnhold</text>
      <target FeatureID="-1" href="FSE_HLP_IMS_SETTINGS_WHAT_SYNC.html">Angi innhold som skal synkroniseres</target>
   </keywords>
   <keywords>
      <text FeatureID="-1">e-post, synkroniseringstid</text>
      <target FeatureID="-1" href="FSE_HLP_IMS_SETTINGS_WHEN_SYNC.html">Angi synkroniseringstidspunkt</target>
   </keywords>
   <keywords>
      <text FeatureID="-1">e-post, mappesynkronisering</text>
      <target FeatureID="-1" href="FSE_HLP_IMS_SETTINGS_FOLDER.html">Synkronisere e-postmapper</target>
   </keywords>
   <keywords>
      <text FeatureID="-1">e-post, tjenesteinnstillinger</text>
      <target FeatureID="-1" href="FSE_HLP_SETTINGS_INTELL_LIST.html">Innstillinger for e-posttjenesten</target>
   </keywords>
   <keywords>
      <text FeatureID="-1">e-postinnstillinger</text>
      <target FeatureID="-1" href="FSE_HLP_IMS_SETTINGS_MAIN_VIEW.html">E-postinnstillinger</target>
   </keywords>
   <keywords>
      <text FeatureID="-1">Intellisync</text>
      <target FeatureID="-1" href="FSE_HLP_IMS_LAUNCHER_MAIN_VIEW.html">Intellisync-e-post</target>
   </keywords>
</keywords>