<?xml version="1.0" encoding="UTF-8"?><?xml-stylesheet  href="../../theme/xsl/index2html.xslt" type="text/xsl"?>
<topics FeatureID="-1" title="Mezuak" compressed="true">
   <topicref FeatureID="-1" href="MCE_HLP_MESSAGING.html" navtitle="Mezuen egoitza"/>
   <topicref FeatureID="-1" href="MCE_HLP_SIM.html" navtitle="SIMeko mezuak ikusi"/>
   <topicref FeatureID="-1" href="MCE_HLP_SETTINGS.html" navtitle="Mezuen ezarpenak"/>
   <topicref FeatureID="-1" href="MCE_HLP_SETTINGS_SMS.html" navtitle="Testu mezuen ezarpenak"/>
   <topicref FeatureID="-1" href="SMS_HLP_SETTINGS_SCENTRES.html" navtitle="Testu mezuen zentroaren ezarpenak"/>
   <topicref FeatureID="-1" href="SMS_HLP_SETTINGS_SCENTRES_EDIT.html" navtitle="Testu mezuen zentroak editatzea"/>
   <topicref FeatureID="true_1092" href="SMS_HLP_SETTINGS_SMS_EMAIL.html" navtitle="E-posta testu mezuen ezarp."/>
   <topicref FeatureID="-1" href="MCE_HLP_SETTINGS_MMS.html" navtitle="Multimedia mezuen ezarpenak"/>
   <topicref FeatureID="true_1090" href="MCE_HLP_SETTINGS_CB.html" navtitle="Zelula difusioaren ezarpenak"/>
   <topicref FeatureID="-1" href="MCE_HLP_SETTINGS_GEN.html" navtitle="Bestelako ezarpenak"/>
   <topicref FeatureID="-1" href="MCE_HLP_INBOX.html" navtitle="Sarrerako ontzia"/>
   <topicref FeatureID="-1" href="MCE_HLP_DOCUMENTS.html" navtitle="Nire karpetak"/>
   <topicref FeatureID="-1" href="MCE_HLP_TEMPLATES.html" navtitle="Mezuen txantiloiak"/>
   <topicref FeatureID="-1" href="MCE_HLP_FOLDER.html" navtitle="Mezuak antolatu"/>
   <topicref FeatureID="-1" href="MCE_HLP_DRAFTS.html" navtitle="Zirriborroak"/>
   <topicref FeatureID="-1" href="MCE_HLP_SENT_ITEMS.html" navtitle="Bidalitako mezuak"/>
   <topicref FeatureID="-1" href="MCE_HLP_OUTBOX.html" navtitle="Irteera ontzia"/>
   <topicref FeatureID="-1" href="MCE_HLP_DELIVERY_REPORTS.html" navtitle="Banaketa txostena"/>
   <topicref FeatureID="true_1132" href="MCE_HLP_MMS_NOTIFICATIONS.html" navtitle="Multimedia jakinarazpenak"/>
   <topicref FeatureID="-1" href="FIND_HLP.html" navtitle="Zenbakiak/helbideak aurkitzea"/>
</topics>