<?xml version="1.0" encoding="UTF-8"?>
<keywords>
   <keywords>
      <text FeatureID="-1">mezuen bidalketa</text>
      <target FeatureID="-1" href="MCE_HLP_MESSAGING.html">Mezuen egoitza</target>
      <target FeatureID="-1" href="MCE_HLP_OUTBOX.html">Irteera ontzia</target>
   </keywords>
   <keywords>
      <text FeatureID="-1">mezuak jasotzen</text>
      <target FeatureID="-1" href="MCE_HLP_MESSAGING.html">Mezuen egoitza</target>
      <target FeatureID="-1" href="MCE_HLP_INBOX.html">Sarrerako ontzia</target>
   </keywords>
   <keywords>
      <text FeatureID="-1">SIM mezuak</text>
      <target FeatureID="-1" href="MCE_HLP_SIM.html">SIMeko mezuak ikusi</target>
   </keywords>
   <keywords>
      <text FeatureID="-1">mezuak SIM txartelean</text>
      <target FeatureID="-1" href="MCE_HLP_SIM.html">SIMeko mezuak ikusi</target>
   </keywords>
   <keywords>
      <text FeatureID="-1">mezuen ezarpenak</text>
      <target FeatureID="-1" href="MCE_HLP_SETTINGS.html">Mezuen ezarpenak</target>
      <target FeatureID="-1" href="MCE_HLP_SETTINGS_GEN.html">Bestelako ezarpenak</target>
   </keywords>
   <keywords>
      <text FeatureID="-1">SMS ezarpenak</text>
      <target FeatureID="-1" href="MCE_HLP_SETTINGS_SMS.html">Testu mezuen ezarpenak</target>
   </keywords>
   <keywords>
      <text FeatureID="-1">testu mezuen ezarpenak</text>
      <target FeatureID="-1" href="MCE_HLP_SETTINGS_SMS.html">Testu mezuen ezarpenak</target>
      <target FeatureID="-1" href="SMS_HLP_SETTINGS_SCENTRES.html">Testu mezuen zentroaren ezarpenak</target>
      <target FeatureID="-1" href="SMS_HLP_SETTINGS_SCENTRES_EDIT.html">Testu mezuen zentroak editatzea</target>
   </keywords>
   <keywords>
      <text FeatureID="-1">mezuen zentroaren ezarpenak</text>
      <target FeatureID="-1" href="SMS_HLP_SETTINGS_SCENTRES.html">Testu mezuen zentroaren ezarpenak</target>
      <target FeatureID="-1" href="SMS_HLP_SETTINGS_SCENTRES_EDIT.html">Testu mezuen zentroak editatzea</target>
   </keywords>
   <keywords>
      <text FeatureID="-1">SMS zentroaren ezarpenak</text>
      <target FeatureID="-1" href="SMS_HLP_SETTINGS_SCENTRES.html">Testu mezuen zentroaren ezarpenak</target>
   </keywords>
   <keywords>
      <text FeatureID="true_1092">e-posta testu mezuak</text>
      <target FeatureID="true_1092" href="SMS_HLP_SETTINGS_SMS_EMAIL.html">E-posta testu mezuen ezarp.</target>
   </keywords>
   <keywords>
      <text FeatureID="true_1092">e-posta sms ezarpenak</text>
      <target FeatureID="true_1092" href="SMS_HLP_SETTINGS_SMS_EMAIL.html">E-posta testu mezuen ezarp.</target>
   </keywords>
   <keywords>
      <text FeatureID="-1">MMS ezarpenak</text>
      <target FeatureID="-1" href="MCE_HLP_SETTINGS_MMS.html">Multimedia mezuen ezarpenak</target>
   </keywords>
   <keywords>
      <text FeatureID="true_1090">zelula difusioaren ezarpenak</text>
      <target FeatureID="true_1090" href="MCE_HLP_SETTINGS_CB.html">Zelula difusioaren ezarpenak</target>
   </keywords>
   <keywords>
      <text FeatureID="-1">sarrerako ontzia</text>
      <target FeatureID="-1" href="MCE_HLP_INBOX.html">Sarrerako ontzia</target>
   </keywords>
   <keywords>
      <text FeatureID="-1">nire karpetak</text>
      <target FeatureID="-1" href="MCE_HLP_DOCUMENTS.html">Nire karpetak</target>
   </keywords>
   <keywords>
      <text FeatureID="-1">mezuak gordetzen</text>
      <target FeatureID="-1" href="MCE_HLP_DOCUMENTS.html">Nire karpetak</target>
   </keywords>
   <keywords>
      <text FeatureID="-1">txantiloiak bidaltzen</text>
      <target FeatureID="-1" href="MCE_HLP_TEMPLATES.html">Mezuen txantiloiak</target>
   </keywords>
   <keywords>
      <text FeatureID="-1">mezuen txantiloiak</text>
      <target FeatureID="-1" href="MCE_HLP_TEMPLATES.html">Mezuen txantiloiak</target>
   </keywords>
   <keywords>
      <text FeatureID="-1">mezuak antolatzen</text>
      <target FeatureID="-1" href="MCE_HLP_FOLDER.html">Mezuak antolatu</target>
   </keywords>
   <keywords>
      <text FeatureID="-1">zirriborro mezuak gordetzen</text>
      <target FeatureID="-1" href="MCE_HLP_DRAFTS.html">Zirriborroak</target>
   </keywords>
   <keywords>
      <text FeatureID="-1">zirriborro mezuak</text>
      <target FeatureID="-1" href="MCE_HLP_DRAFTS.html">Zirriborroak</target>
   </keywords>
   <keywords>
      <text FeatureID="-1">bidalitako mezuak</text>
      <target FeatureID="-1" href="MCE_HLP_SENT_ITEMS.html">Bidalitako mezuak</target>
   </keywords>
   <keywords>
      <text FeatureID="-1">irteera ontzia ikusten</text>
      <target FeatureID="-1" href="MCE_HLP_OUTBOX.html">Irteera ontzia</target>
   </keywords>
   <keywords>
      <text FeatureID="-1">banaketa txostena</text>
      <target FeatureID="-1" href="MCE_HLP_DELIVERY_REPORTS.html">Banaketa txostena</target>
   </keywords>
   <keywords>
      <text FeatureID="true_1132">MMS jakinarazpenak</text>
      <target FeatureID="true_1132" href="MCE_HLP_MMS_NOTIFICATIONS.html">Multimedia jakinarazpenak</target>
   </keywords>
   <keywords>
      <text FeatureID="-1">telefono zenbakiak aurkitzea</text>
      <target FeatureID="-1" href="FIND_HLP.html">Zenbakiak/helbideak aurkitzea</target>
   </keywords>
   <keywords>
      <text FeatureID="-1">helbideak aurkitzea</text>
      <target FeatureID="-1" href="FIND_HLP.html">Zenbakiak/helbideak aurkitzea</target>
   </keywords>
</keywords>