<?xml version="1.0" encoding="UTF-8"?>
<keywords>
   <keywords>
      <text FeatureID="-1">modifier des notes</text>
      <target FeatureID="-1" href="NMAKE_HLP_MEMO_VIEWER_EDIT.html">Modifier des notes dans les applications</target>
   </keywords>
   <keywords>
      <text FeatureID="-1">recevoir des notes</text>
      <target FeatureID="-1" href="NMAKE_HLP_MEMO_VIEWER.html">Afficher des notes reçues</target>
   </keywords>
   <keywords>
      <text FeatureID="-1">modèles de message</text>
      <target FeatureID="-1" href="NMAKE_HLP_TEMPLATE_EDITOR.html">Écrire des modèles de message</target>
   </keywords>
   <keywords>
      <text FeatureID="-1">créer des modèles de message</text>
      <target FeatureID="-1" href="NMAKE_HLP_TEMPLATE_EDITOR.html">Écrire des modèles de message</target>
   </keywords>
   <keywords>
      <text FeatureID="-1">écrire des modèles de message</text>
      <target FeatureID="-1" href="NMAKE_HLP_TEMPLATE_EDITOR.html">Écrire des modèles de message</target>
   </keywords>
   <keywords>
      <text FeatureID="-1">liste de notes</text>
      <target FeatureID="-1" href="NMAKE_HLP_MEMO_LIST.html">Liste de notes</target>
   </keywords>
   <keywords>
      <text FeatureID="-1">écrire des notes</text>
      <target FeatureID="-1" href="NMAKE_HLP_MEMO_LIST.html">Liste de notes</target>
      <target FeatureID="-1" href="NMAKE_HLP_MEMO_EDITOR_APPS.html">Écrire des notes dans les applications</target>
      <target FeatureID="-1" href="NMAKE_HLP_MEMO_EDITOR.html">Écrire des notes</target>
   </keywords>
</keywords>