<?xml version="1.0" encoding="UTF-8"?>
<keywords>
   <keywords>
      <text FeatureID="-1">camera</text>
      <target FeatureID="-1" href="LCAM_HLP_VIEWFINDER_PHOTO.html">Capture images</target>
      <target FeatureID="-1" href="LCAM_HLP_LIGHT_SENSITIVITY.html">Change light sensitivity</target>
      <target FeatureID="-1" href="LCAM_HLP_SETTINGS_PHOUSER.html">Define scenes</target>
      <target FeatureID="-1" href="LCAM_HLP_SCENES_PHOTO.html">Image scenes</target>
      <target FeatureID="-1" href="LCAM_HLP_VIEWFINDER_VIDEO.html">Record videos</target>
      <target FeatureID="-1" href="LCAM_HLP_SCENES_VIDEO.html">Video scenes</target>
      <target FeatureID="-1" href="LCAM_HLP_VIEWFINDER_VIDEO_EM.html">Videos in applications</target>
      <target FeatureID="-1" href="LCAM_HLP_STANDBY_EM.html">Camera not active</target>
      <target FeatureID="-1" href="LCAM_HLP_POST_VIDEO.html">Play videos</target>
      <target FeatureID="-1" href="LCAM_HLP_POST_PHOTO.html">View captured images</target>
   </keywords>
   <keywords>
      <text FeatureID="-1">capturing images</text>
      <target FeatureID="-1" href="LCAM_HLP_VIEWFINDER_PHOTO.html">Capture images</target>
   </keywords>
   <keywords>
      <text FeatureID="-1">light sensitivity</text>
      <target FeatureID="-1" href="LCAM_HLP_LIGHT_SENSITIVITY.html">Change light sensitivity</target>
   </keywords>
   <keywords>
      <text FeatureID="-1">scenes</text>
      <target FeatureID="-1" href="LCAM_HLP_SETTINGS_PHOUSER.html">Define scenes</target>
      <target FeatureID="-1" href="LCAM_HLP_SCENES_PHOTO.html">Image scenes</target>
   </keywords>
   <keywords>
      <text FeatureID="-1">camera settings</text>
      <target FeatureID="-1" href="LCAM_HLP_SETTINGS.html">Camera settings</target>
   </keywords>
   <keywords>
      <text FeatureID="-1">camera, settings</text>
      <target FeatureID="-1" href="LCAM_HLP_SETTINGS_PHOTO.html">Image settings</target>
      <target FeatureID="-1" href="LCAM_HLP_SETTINGS_VIDEO.html">Video settings</target>
   </keywords>
   <keywords>
      <text FeatureID="-1">recording video</text>
      <target FeatureID="-1" href="LCAM_HLP_VIEWFINDER_VIDEO.html">Record videos</target>
   </keywords>
   <keywords>
      <text FeatureID="-1">video scenes</text>
      <target FeatureID="-1" href="LCAM_HLP_SCENES_VIDEO.html">Video scenes</target>
   </keywords>
   <keywords>
      <text FeatureID="-1">video, settings</text>
      <target FeatureID="-1" href="LCAM_HLP_SETTINGS_VIDEO.html">Video settings</target>
   </keywords>
   <keywords>
      <text FeatureID="-1">video clips in applications</text>
      <target FeatureID="-1" href="LCAM_HLP_VIEWFINDER_VIDEO_EM.html">Videos in applications</target>
   </keywords>
   <keywords>
      <text FeatureID="-1">playing videos</text>
      <target FeatureID="-1" href="LCAM_HLP_POST_VIDEO.html">Play videos</target>
   </keywords>
   <keywords>
      <text FeatureID="-1">camera in applications</text>
      <target FeatureID="-1" href="LCAM_HLP_VIEWFINDER_PHOTO_EM.html">Images in applications</target>
   </keywords>
   <keywords>
      <text FeatureID="-1">viewing images</text>
      <target FeatureID="-1" href="LCAM_HLP_POST_PHOTO.html">View captured images</target>
   </keywords>
</keywords>