<?xml version="1.0" encoding="UTF-8"?>
<keywords>
   <keywords>
      <text FeatureID="-1">λεξικό</text>
      <target FeatureID="-1" href="DICTIONARY_HLP_MAIN_TAB1.html">Λεξικό</target>
   </keywords>
   <keywords>
      <text FeatureID="-1">μετάφραση</text>
      <target FeatureID="-1" href="DICTIONARY_HLP_MAIN_TAB1.html">Λεξικό</target>
   </keywords>
   <keywords>
      <text FeatureID="-1">λεξικό, μετάφραση</text>
      <target FeatureID="-1" href="DICTIONARY_HLP_RESULTS.html">Αποτελέσματα μετάφρασης</target>
   </keywords>
</keywords>