<?xml version="1.0" encoding="UTF-8"?>
<keywords>
   <keywords>
      <text FeatureID="-1">Bluetootha</text>
      <target FeatureID="-1" href="BT_HLP_MAIN.html">Bluetootha</target>
      <target FeatureID="-1" href="BT_HLP_PAIRED.html">Gailudun parea</target>
      <target FeatureID="-1" href="BT_HLP_BLOCKED.html">Blokeatutako gailuak</target>
   </keywords>
   <keywords>
      <text FeatureID="-1">Bluetooth ezarpenak</text>
      <target FeatureID="-1" href="BT_HLP_MAIN.html">Bluetootha</target>
   </keywords>
   <keywords>
      <text FeatureID="-1">gailuak uztartu</text>
      <target FeatureID="-1" href="BT_HLP_PAIRED.html">Gailudun parea</target>
   </keywords>
   <keywords>
      <text FeatureID="-1">blokeatutako gailuak</text>
      <target FeatureID="-1" href="BT_HLP_BLOCKED.html">Blokeatutako gailuak</target>
   </keywords>
   <keywords>
      <text FeatureID="true_12">hari gabeko teklatua</text>
      <target FeatureID="true_12" href="BTKEYBOARD_HLP_SETTINGS.html">Hari gabeko teklatua</target>
   </keywords>
</keywords>