<?xml version="1.0" encoding="UTF-8"?>
<keywords>
   <keywords>
      <text FeatureID="true_1604">text input</text>
      <target FeatureID="true_1604" href="HWR_HLP_MAIN_VIEW.html">Pagkilala sa sulat-kamay</target>
   </keywords>
   <keywords>
      <text FeatureID="true_1604">pagkilala sa sulat-kamay</text>
      <target FeatureID="true_1604" href="HWR_HLP_MAIN_VIEW.html">Pagkilala sa sulat-kamay</target>
   </keywords>
   <keywords>
      <text FeatureID="true_1603 true_410">touch input</text>
      <target FeatureID="true_1603" href="VQWERTY_HLP_MAIN_VIEW.html">Virtual na keyboard</target>
      <target FeatureID="true_410" href="VITU_HLP_MAIN_VIEW.html">Virtual na keypad</target>
   </keywords>
   <keywords>
      <text FeatureID="true_410">virtual na keypad</text>
      <target FeatureID="true_410" href="VITU_HLP_MAIN_VIEW.html">Virtual na keypad</target>
   </keywords>
</keywords>