<?xml version="1.0" encoding="UTF-8"?>
<keywords>
   <keywords>
      <text FeatureID="-1">GPS ڈيٹا</text>
      <target FeatureID="-1" href="HLP_BLID_NAVIGATION.html">نيويگيشن کا ويو</target>
      <target FeatureID="false_112" href="BLID_HLP_WAYPOINTS.html">محفوظ جائے وقوعات</target>
      <target FeatureID="-1" href="HLP_BLID_TRIPMETER.html">سفر کے فاصلے کا ویو</target>
   </keywords>
   <keywords>
      <text FeatureID="-1">منزل تک نيويگيشن</text>
      <target FeatureID="-1" href="HLP_BLID_NAVIGATION.html">نيويگيشن کا ويو</target>
   </keywords>
   <keywords>
      <text FeatureID="false_112">جائے وقوعات محفوظ کرنا</text>
      <target FeatureID="false_112" href="BLID_HLP_WAYPOINTS.html">محفوظ جائے وقوعات</target>
   </keywords>
   <keywords>
      <text FeatureID="-1">نیویگیٹر ترتیبات</text>
      <target FeatureID="-1" href="BLID_HLP_SETTINGS.html">GPS ڈيٹا ترتیبات</target>
   </keywords>
   <keywords>
      <text FeatureID="-1">GPS ڈيٹا ترتیبات</text>
      <target FeatureID="-1" href="BLID_HLP_SETTINGS.html">GPS ڈيٹا ترتیبات</target>
   </keywords>
   <keywords>
      <text FeatureID="-1">سفر کی معلومات</text>
      <target FeatureID="-1" href="HLP_BLID_TRIPMETER.html">سفر کے فاصلے کا ویو</target>
   </keywords>
   <keywords>
      <text FeatureID="-1">سفری معلومات</text>
      <target FeatureID="-1" href="HLP_BLID_TRIPMETER.html">سفر کے فاصلے کا ویو</target>
   </keywords>
</keywords>