<?xml version="1.0" encoding="UTF-8"?>
<keywords>
   <keywords>
      <text FeatureID="-1">Mail for Exchange</text>
      <target FeatureID="-1" href="FSE_HLP_MFE_LAUNCHER_MAIN_VIEW.html">Mail for Exchange-e-post</target>
   </keywords>
   <keywords>
      <text FeatureID="-1">avanserte innstillinger for postkasse</text>
      <target FeatureID="-1" href="FSE_HLP_MFE_SETTINGS_ADVANCED.html">Avanserte innstillinger for postkasse</target>
   </keywords>
   <keywords>
      <text FeatureID="-1">e-post, synkroniseringsinnstillinger</text>
      <target FeatureID="-1" href="FSE_HLP_MFE_SETTINGS_PIM_APPS.html">Synkroniseringsinnstillinger for program</target>
   </keywords>
   <keywords>
      <text FeatureID="-1">kalender, synkronisering</text>
      <target FeatureID="-1" href="FSE_HLP_MFE_CALENDAR_APP.html">Synkroniseringsinnstillinger for kalender</target>
   </keywords>
   <keywords>
      <text FeatureID="-1">kontakter, synkronisering,</text>
      <target FeatureID="-1" href="FSE_HLP_MFE_CONTACTS_APP.html">Synkroniseringsinnstillinger for kontakter</target>
   </keywords>
   <keywords>
      <text FeatureID="-1">postkasseinnstillinger</text>
      <target FeatureID="-1" href="FSE_HLP_MFE_SETTINGS_MAILBOX.html">Generelle innstillinger for postkasse</target>
   </keywords>
   <keywords>
      <text FeatureID="-1">e-post, synkroniseringsinnhold</text>
      <target FeatureID="-1" href="FSE_HLP_MFE_SETTINGS_WHAT_SYNC.html">Velg innhold som skal synkroniseres</target>
   </keywords>
   <keywords>
      <text FeatureID="-1">e-post, synkroniseringstid</text>
      <target FeatureID="-1" href="FSE_HLP_MFE_SETTINGS_WHEN_SYNC.html">Velg synkroniseringstidspunkt</target>
   </keywords>
   <keywords>
      <text FeatureID="-1">e-post, mappesynkronisering</text>
      <target FeatureID="-1" href="FSE_HLP_MFE_SETTINGS_FOLDER.html">Innstillinger for synkronisering</target>
   </keywords>
   <keywords>
      <text FeatureID="-1">e-postinnstillinger</text>
      <target FeatureID="-1" href="FSE_HLP_MFE_SETTINGS_MAIN_VIEW.html">Innstillinger for e-post</target>
   </keywords>
   <keywords>
      <text FeatureID="-1">gjøremålsoppføring, synkronisering</text>
      <target FeatureID="-1" href="FSE_HLP_MFE_TASKS_APP.html">Synkroniseringsinnstillinger for gjøremål</target>
   </keywords>
</keywords>