<?xml version="1.0" encoding="UTF-8"?>
<keywords>
   <keywords>
      <text FeatureID="true_298">telefonsvarer</text>
      <target FeatureID="true_298" href="SMSVO_HLP_CS_VIDEO_AND_XSP_VOIP.html">Telefonsvarer, videotelefonsvarer og internettelefonsvarer</target>
      <target FeatureID="true_298" href="SMSVO_HLP_CS_VIDEO_AND_XSP_VOIP.html">Telefonsvarer, videotelefonsvarer og internettelefonsvarer</target>
   </keywords>
   <keywords>
      <text FeatureID="true_298">internettelefonsvarer</text>
      <target FeatureID="true_298" href="SMSVO_HLP_CS_VIDEO_AND_XSP_VOIP.html">Telefonsvarer, videotelefonsvarer og internettelefonsvarer</target>
   </keywords>
   <keywords>
      <text FeatureID="-1">internetopkald</text>
      <target FeatureID="-1" href="VOIP_HLP_CSC.html">Net-indstillinger</target>
      <target FeatureID="true_298" href="VOIP_HLP_SERVCATALOG.html">Tjenestekatalog</target>
      <target FeatureID="-1" href="SERVTAB_HLP_SETTINGS.html">Indstillinger under tjenestefaner</target>
   </keywords>
</keywords>