<?xml version="1.0" encoding="UTF-8"?>
<keywords>
   <keywords>
      <text FeatureID="true_298">자동 응답기</text>
      <target FeatureID="true_298" href="SMSVO_HLP_CS_VIDEO_AND_XSP_VOIP.html">통화, 영상 및 인터넷 통화 사서함</target>
   </keywords>
   <keywords>
      <text FeatureID="true_298">인터넷 통화 사서함</text>
      <target FeatureID="true_298" href="SMSVO_HLP_CS_VIDEO_AND_XSP_VOIP.html">통화, 영상 및 인터넷 통화 사서함</target>
   </keywords>
   <keywords>
      <text FeatureID="true_298">통화 사서함</text>
      <target FeatureID="true_298" href="SMSVO_HLP_CS_VIDEO_AND_XSP_VOIP.html">통화, 영상 및 인터넷 통화 사서함</target>
   </keywords>
   <keywords>
      <text FeatureID="-1">인터넷 전화</text>
      <target FeatureID="-1" href="VOIP_HLP_CSC.html">넷 설정</target>
      <target FeatureID="true_298" href="VOIP_HLP_SERVCATALOG.html">서비스 카탈로그</target>
      <target FeatureID="-1" href="SERVTAB_HLP_SETTINGS.html">서비스 탭 설정</target>
   </keywords>
</keywords>