<?xml version="1.0" encoding="UTF-8"?>
<keywords>
   <keywords>
      <text FeatureID="true_11008 false_11008">Registrierung des Geräts</text>
      <target FeatureID="true_11008" href="DRM_HLP_REGISTRATION_METERING.html">Registrierung des Geräts</target>
      <target FeatureID="false_11008" href="DRM_HLP_REGISTRATION.html">Registrierung des Geräts</target>
   </keywords>
   <keywords>
      <text FeatureID="true_11008">Stille Rechte</text>
      <target FeatureID="true_11008" href="DRM_HLP_REGISTRATION_METERING.html">Registrierung des Geräts</target>
   </keywords>
   <keywords>
      <text FeatureID="true_11008">Erfassung</text>
      <target FeatureID="true_11008" href="DRM_HLP_REGISTRATION_METERING.html">Registrierung des Geräts</target>
   </keywords>
</keywords>