<?xml version="1.0" encoding="UTF-8"?>
<keywords>
   <keywords>
      <text FeatureID="-1">Mail for Exchange</text>
      <target FeatureID="-1" href="FSE_HLP_MFE_LAUNCHER_MAIN_VIEW.html">Пошта Mail for Exchange</target>
   </keywords>
   <keywords>
      <text FeatureID="-1">додаткові установки поштової скриньки</text>
      <target FeatureID="-1" href="FSE_HLP_MFE_SETTINGS_ADVANCED.html">Додаткові установки поштової скриньки</target>
   </keywords>
   <keywords>
      <text FeatureID="-1">установки синхронізації електронної пошти</text>
      <target FeatureID="-1" href="FSE_HLP_MFE_SETTINGS_PIM_APPS.html">Установки синхронізації програм</target>
   </keywords>
   <keywords>
      <text FeatureID="-1">синхронізація календаря</text>
      <target FeatureID="-1" href="FSE_HLP_MFE_CALENDAR_APP.html">Установки синхронізації календаря</target>
   </keywords>
   <keywords>
      <text FeatureID="-1">синхронізація контактів,</text>
      <target FeatureID="-1" href="FSE_HLP_MFE_CONTACTS_APP.html">Установки синхронізації програми "Контакти"</target>
   </keywords>
   <keywords>
      <text FeatureID="-1">установки поштової скриньки</text>
      <target FeatureID="-1" href="FSE_HLP_MFE_SETTINGS_MAILBOX.html">Загальні установки поштової скриньки</target>
   </keywords>
   <keywords>
      <text FeatureID="-1">вміст для синхронізації електронної пошти</text>
      <target FeatureID="-1" href="FSE_HLP_MFE_SETTINGS_WHAT_SYNC.html">Вибір вмісту для синхронізації</target>
   </keywords>
   <keywords>
      <text FeatureID="-1">час синхронізації електронної пошти</text>
      <target FeatureID="-1" href="FSE_HLP_MFE_SETTINGS_WHEN_SYNC.html">Вибір часу синхронізації</target>
   </keywords>
   <keywords>
      <text FeatureID="-1">синхронізація папок електронної пошти</text>
      <target FeatureID="-1" href="FSE_HLP_MFE_SETTINGS_FOLDER.html">Установки синхронізації</target>
   </keywords>
   <keywords>
      <text FeatureID="-1">установки електронної пошти</text>
      <target FeatureID="-1" href="FSE_HLP_MFE_SETTINGS_MAIN_VIEW.html">Установки електронної пошти</target>
   </keywords>
   <keywords>
      <text FeatureID="-1">синхронізація справ</text>
      <target FeatureID="-1" href="FSE_HLP_MFE_TASKS_APP.html">Установки синхронізації справ</target>
   </keywords>
</keywords>