<?xml version="1.0" encoding="UTF-8"?>
<keywords>
   <keywords>
      <text FeatureID="-1">radio</text>
      <target FeatureID="-1" href="FMRADIO_HLP_MAIN.html">Naar de radio luisteren</target>
      <target FeatureID="-1" href="FMRADIO_HLP_SEARCH.html">Zenders zoeken</target>
      <target FeatureID="-1" href="FMRADIO_HLP_LIST.html"> Radiozenders beheren</target>
   </keywords>
   <keywords>
      <text FeatureID="-1">FM-radio</text>
      <target FeatureID="-1" href="FMRADIO_HLP_MAIN.html">Naar de radio luisteren</target>
      <target FeatureID="-1" href="FMRADIO_HLP_SEARCH.html">Zenders zoeken</target>
      <target FeatureID="-1" href="FMRADIO_HLP_LIST.html"> Radiozenders beheren</target>
   </keywords>
</keywords>