<?xml version="1.0" encoding="UTF-8"?>
<keywords>
   <keywords>
      <text FeatureID="true_11008 false_11008">tækjaskráning</text>
      <target FeatureID="true_11008" href="DRM_HLP_REGISTRATION_METERING.html">Tækjaskráning</target>
      <target FeatureID="false_11008" href="DRM_HLP_REGISTRATION.html">Tækjaskráning</target>
   </keywords>
   <keywords>
      <text FeatureID="true_11008">uppfærsluréttindi</text>
      <target FeatureID="true_11008" href="DRM_HLP_REGISTRATION_METERING.html">Tækjaskráning</target>
   </keywords>
   <keywords>
      <text FeatureID="true_11008">mæling</text>
      <target FeatureID="true_11008" href="DRM_HLP_REGISTRATION_METERING.html">Tækjaskráning</target>
   </keywords>
</keywords>