<?xml version="1.0" encoding="UTF-8"?>
<keywords>
   <keywords>
      <text FeatureID="-1">lokaliserings-metoder</text>
      <target FeatureID="-1" href="LOC_HLP_SETTINGS.html">Lok.innst.</target>
   </keywords>
   <keywords>
      <text FeatureID="-1">lokaliseringsserver</text>
      <target FeatureID="-1" href="LOC_HLP_SETTINGS.html">Lok.innst.</target>
   </keywords>
   <keywords>
      <text FeatureID="-1">notasjonspreferanser</text>
      <target FeatureID="-1" href="LOC_HLP_SETTINGS.html">Lok.innst.</target>
   </keywords>
</keywords>