<?xml version="1.0" encoding="UTF-8"?>
<keywords>
   <keywords>
      <text FeatureID="-1">radio</text>
      <target FeatureID="-1" href="FMRADIO_HLP_MAIN.html">Écouter la radio</target>
      <target FeatureID="-1" href="FMRADIO_HLP_SEARCH.html">Rechercher des stations</target>
      <target FeatureID="-1" href="FMRADIO_HLP_LIST.html"> Gérer les stations de radio</target>
   </keywords>
   <keywords>
      <text FeatureID="-1">Radio FM</text>
      <target FeatureID="-1" href="FMRADIO_HLP_MAIN.html">Écouter la radio</target>
      <target FeatureID="-1" href="FMRADIO_HLP_SEARCH.html">Rechercher des stations</target>
      <target FeatureID="-1" href="FMRADIO_HLP_LIST.html"> Gérer les stations de radio</target>
   </keywords>
</keywords>