<?xml version="1.0" encoding="UTF-8"?>
<keywords>
   <keywords>
      <text FeatureID="-1">manager fişiere</text>
      <target FeatureID="-1" href="FMGR_HLP_MEM_STORE_VIEW.html">Administrare fişiere</target>
      <target FeatureID="-1" href="FMGR_HLP_MAIN_VIEW.html">Manager fişiere</target>
      <target FeatureID="-1" href="FMGR_HLP_BACKUP_VIEW.html">Copie sig. fiş.</target>
   </keywords>
   <keywords>
      <text FeatureID="-1">cartelă mem.</text>
      <target FeatureID="-1" href="FMGR_HLP_MEM_STORE_VIEW.html">Administrare fişiere</target>
      <target FeatureID="-1" href="FMGR_HLP_MAIN_VIEW.html">Manager fişiere</target>
      <target FeatureID="-1" href="FMGR_HLP_BACKUP_VIEW.html">Copie sig. fiş.</target>
   </keywords>
   <keywords>
      <text FeatureID="-1">Manager fişiere</text>
      <target FeatureID="-1" href="FMGR_HLP_SEARCH_RESULTS.html">Căutare fişier</target>
   </keywords>
   <keywords>
      <text FeatureID="-1">căutare fişiere</text>
      <target FeatureID="-1" href="FMGR_HLP_SEARCH_RESULTS.html">Căutare fişier</target>
      <target FeatureID="-1" href="FMGR_HLP_SEARCH_RESULTS.html">Căutare fişier</target>
   </keywords>
   <keywords>
      <text FeatureID="-1">copie de siguranţă</text>
      <target FeatureID="-1" href="FMGR_HLP_BACKUP_VIEW.html">Copie sig. fiş.</target>
   </keywords>
</keywords>