<?xml version="1.0" encoding="UTF-8"?>
<keywords>
   <keywords>
      <text FeatureID="true_1091">editor USSD</text>
      <target FeatureID="true_1091" href="USSD_HLP_EDITOR.html">Comenzi servicii</target>
   </keywords>
   <keywords>
      <text FeatureID="true_1091">comenzi servicii</text>
      <target FeatureID="true_1091" href="USSD_HLP_EDITOR.html">Comenzi servicii</target>
   </keywords>
   <keywords>
      <text FeatureID="true_1091">servicii reţea</text>
      <target FeatureID="true_1091" href="USSD_HLP_EDITOR.html">Comenzi servicii</target>
   </keywords>
</keywords>