<?xml version="1.0" encoding="UTF-8"?>
<keywords>
   <keywords>
      <text FeatureID="-1">chuyển tiếp tin nhắn</text>
      <target FeatureID="-1" href="MMS_HLP_MMS_FWD_REQUEST.html">Chuyển tiếp tin nhắn đa phương tiện</target>
   </keywords>
   <keywords>
      <text FeatureID="-1">tin nhắn đa phương tiện</text>
      <target FeatureID="-1" href="MMS_HLP_MMS_FWD_REQUEST_SEND.html">Yêu cầu chuyển trong Các tin đã gửi</target>
      <target FeatureID="-1" href="MMS_HLP_MMS_VIEWER.html">Xem tin nhắn đa phương tiện</target>
   </keywords>
   <keywords>
      <text FeatureID="-1">thông báo đa phương tiện</text>
      <target FeatureID="-1" href="MMS_HLP_NOTIFICATION_VIEWER.html">Thông báo đa phương tiện</target>
   </keywords>
   <keywords>
      <text FeatureID="-1">đối tượng media</text>
      <target FeatureID="-1" href="MMS_HLP_OBJECTS_VIEW_VIEWER.html">Xem các đối tượng media</target>
   </keywords>
   <keywords>
      <text FeatureID="-1">các đối tượng đa phương tiện</text>
      <target FeatureID="-1" href="MMS_HLP_OBJECTS_VIEW_VIEWER.html">Xem các đối tượng media</target>
   </keywords>
   <keywords>
      <text FeatureID="-1">MMS</text>
      <target FeatureID="-1" href="MMS_HLP_MMS_VIEWER.html">Xem tin nhắn đa phương tiện</target>
   </keywords>
</keywords>