<?xml version="1.0" encoding="UTF-8"?>
<keywords>
   <keywords>
      <text FeatureID="true_13 true_1566">การเชื่อมต่อสายเคเบิล USB</text>
      <target FeatureID="true_13" href="USB_HLP_MAIN.html">การตั้งค่า USB</target>
      <target FeatureID="true_1566" href="USB_HLP_PRINT_SETTINGS.html">การตั้งค่าเครื่องพิมพ์</target>
   </keywords>
   <keywords>
      <text FeatureID="true_13">การเชื่อมต่อสายเคเบิล</text>
      <target FeatureID="true_13" href="USB_HLP_MAIN.html">การตั้งค่า USB</target>
   </keywords>
   <keywords>
      <text FeatureID="true_1566">การพิมพ์</text>
      <target FeatureID="true_1566" href="USB_HLP_PRINT_SETTINGS.html">การตั้งค่าเครื่องพิมพ์</target>
   </keywords>
   <keywords>
      <text FeatureID="true_1566">การตั้งค่า, เครื่องพิมพ์</text>
      <target FeatureID="true_1566" href="USB_HLP_PRINT_SETTINGS.html">การตั้งค่าเครื่องพิมพ์</target>
   </keywords>
</keywords>