<?xml version="1.0" encoding="UTF-8"?>
<keywords>
   <keywords>
      <text FeatureID="-1">actualització de programari</text>
      <target FeatureID="-1" href="SWUPDATE_HLP_MAIN.html">Actualització de programari</target>
      <target FeatureID="-1" href="SWUPDATE_HLP_MAIN.html">Actualització de programari</target>
   </keywords>
   <keywords>
      <text FeatureID="-1">configuració d'actualització del programari</text>
      <target FeatureID="-1" href="SWUPDATE_HLP_SETTINGS.html">Configuració d'actualització del programari</target>
   </keywords>
</keywords>