<?xml version="1.0" encoding="UTF-8"?>
<keywords>
   <keywords>
      <text FeatureID="-1">сертифікати</text>
      <target FeatureID="-1" href="AM_HLP_GENERAL_SETTINGS.html">Установки сертифікатів</target>
   </keywords>
   <keywords>
      <text FeatureID="-1">установки, сертифікати</text>
      <target FeatureID="-1" href="AM_HLP_GENERAL_SETTINGS.html">Установки сертифікатів</target>
   </keywords>
   <keywords>
      <text FeatureID="-1">установлення програм</text>
      <target FeatureID="-1" href="AM_HLP_NOT_INSTALLED.html">Файли встановлення</target>
      <target FeatureID="-1" href="AM_HLP_APPLICATION.html">Керування програмами</target>
   </keywords>
   <keywords>
      <text FeatureID="-1">невстановлені програми</text>
      <target FeatureID="-1" href="AM_HLP_NOT_INSTALLED.html">Файли встановлення</target>
   </keywords>
   <keywords>
      <text FeatureID="-1">установлені програми</text>
      <target FeatureID="-1" href="AM_HLP_INSTALLED.html">Установлені програми</target>
   </keywords>
   <keywords>
      <text FeatureID="-1">установлення програмного забезпечення</text>
      <target FeatureID="-1" href="AM_HLP_APPLICATION.html">Керування програмами</target>
   </keywords>
   <keywords>
      <text FeatureID="-1">запити на дозвіл</text>
      <target FeatureID="-1" href="AM_HLP_INSTALL_CAPAB.html">Запити на дозвіл</target>
   </keywords>
   <keywords>
      <text FeatureID="-1">ненадійне встановлення</text>
      <target FeatureID="-1" href="AM_HLP_INSTALL_UNTRUSTED.html">Ненадійне встановлення</target>
   </keywords>
</keywords>