<?xml version="1.0" encoding="UTF-8"?><?xml-stylesheet  href="../../theme/xsl/index2html.xslt" type="text/xsl"?>
<topics FeatureID="-1" title="Mesajlar" compressed="true">
   <topicref FeatureID="-1" href="MCE_HLP_MESSAGING.html" navtitle="Mesaj merkezi"/>
   <topicref FeatureID="-1" href="MCE_HLP_SIM.html" navtitle="SIM mesajlarını görüntüleme"/>
   <topicref FeatureID="-1" href="MCE_HLP_SETTINGS.html" navtitle="Mesaj ayarları"/>
   <topicref FeatureID="-1" href="MCE_HLP_SETTINGS_SMS.html" navtitle="Kısa mesaj ayarları"/>
   <topicref FeatureID="-1" href="SMS_HLP_SETTINGS_SCENTRES.html" navtitle="Kısa mesaj merkezi ayarları"/>
   <topicref FeatureID="-1" href="SMS_HLP_SETTINGS_SCENTRES_EDIT.html" navtitle="Kısa mesaj merkezlerini düzenleme"/>
   <topicref FeatureID="true_1092" href="SMS_HLP_SETTINGS_SMS_EMAIL.html" navtitle="Kısa mesaj e-posta ayarları"/>
   <topicref FeatureID="-1" href="MCE_HLP_SETTINGS_MMS.html" navtitle="Multimedya mesaj ayarları"/>
   <topicref FeatureID="true_1090" href="MCE_HLP_SETTINGS_CB.html" navtitle="Hücre yayını ayarları"/>
   <topicref FeatureID="-1" href="MCE_HLP_SETTINGS_GEN.html" navtitle="Diğer ayarlar"/>
   <topicref FeatureID="-1" href="MCE_HLP_INBOX.html" navtitle="Gelen kutusu"/>
   <topicref FeatureID="-1" href="MCE_HLP_DOCUMENTS.html" navtitle="Klasörlerim"/>
   <topicref FeatureID="-1" href="MCE_HLP_TEMPLATES.html" navtitle="Mesaj şablonları"/>
   <topicref FeatureID="-1" href="MCE_HLP_FOLDER.html" navtitle="Mesajları düzenleme"/>
   <topicref FeatureID="-1" href="MCE_HLP_DRAFTS.html" navtitle="Taslaklar"/>
   <topicref FeatureID="-1" href="MCE_HLP_SENT_ITEMS.html" navtitle="Gönderilen mesajlar"/>
   <topicref FeatureID="-1" href="MCE_HLP_OUTBOX.html" navtitle="Giden kutusu"/>
   <topicref FeatureID="-1" href="MCE_HLP_DELIVERY_REPORTS.html" navtitle="İletim raporları"/>
   <topicref FeatureID="true_1132" href="MCE_HLP_MMS_NOTIFICATIONS.html" navtitle="Multimedya bildirimleri"/>
   <topicref FeatureID="-1" href="FIND_HLP.html" navtitle="Numara/adres bulma"/>
</topics>