<?xml version="1.0" encoding="UTF-8"?>
<keywords>
   <keywords>
      <text FeatureID="-1">mesaj gönderme</text>
      <target FeatureID="-1" href="MCE_HLP_MESSAGING.html">Mesaj merkezi</target>
      <target FeatureID="-1" href="MCE_HLP_OUTBOX.html">Giden kutusu</target>
   </keywords>
   <keywords>
      <text FeatureID="-1">mesaj alma</text>
      <target FeatureID="-1" href="MCE_HLP_MESSAGING.html">Mesaj merkezi</target>
      <target FeatureID="-1" href="MCE_HLP_INBOX.html">Gelen kutusu</target>
   </keywords>
   <keywords>
      <text FeatureID="-1">SIM mesajları</text>
      <target FeatureID="-1" href="MCE_HLP_SIM.html">SIM mesajlarını görüntüleme</target>
   </keywords>
   <keywords>
      <text FeatureID="-1">SIM karttaki mesajlar</text>
      <target FeatureID="-1" href="MCE_HLP_SIM.html">SIM mesajlarını görüntüleme</target>
   </keywords>
   <keywords>
      <text FeatureID="-1">mesaj ayarları</text>
      <target FeatureID="-1" href="MCE_HLP_SETTINGS.html">Mesaj ayarları</target>
      <target FeatureID="-1" href="MCE_HLP_SETTINGS_GEN.html">Diğer ayarlar</target>
   </keywords>
   <keywords>
      <text FeatureID="-1">SMS ayarları</text>
      <target FeatureID="-1" href="MCE_HLP_SETTINGS_SMS.html">Kısa mesaj ayarları</target>
   </keywords>
   <keywords>
      <text FeatureID="-1">kısa mesaj ayarları</text>
      <target FeatureID="-1" href="MCE_HLP_SETTINGS_SMS.html">Kısa mesaj ayarları</target>
      <target FeatureID="-1" href="SMS_HLP_SETTINGS_SCENTRES.html">Kısa mesaj merkezi ayarları</target>
      <target FeatureID="-1" href="SMS_HLP_SETTINGS_SCENTRES_EDIT.html">Kısa mesaj merkezlerini düzenleme</target>
   </keywords>
   <keywords>
      <text FeatureID="-1">mesaj merkezi ayarları</text>
      <target FeatureID="-1" href="SMS_HLP_SETTINGS_SCENTRES.html">Kısa mesaj merkezi ayarları</target>
      <target FeatureID="-1" href="SMS_HLP_SETTINGS_SCENTRES_EDIT.html">Kısa mesaj merkezlerini düzenleme</target>
   </keywords>
   <keywords>
      <text FeatureID="-1">SMS merkezi ayarları</text>
      <target FeatureID="-1" href="SMS_HLP_SETTINGS_SCENTRES.html">Kısa mesaj merkezi ayarları</target>
   </keywords>
   <keywords>
      <text FeatureID="true_1092">kısa mesaj e-posta</text>
      <target FeatureID="true_1092" href="SMS_HLP_SETTINGS_SMS_EMAIL.html">Kısa mesaj e-posta ayarları</target>
   </keywords>
   <keywords>
      <text FeatureID="true_1092">sms e-posta ayarları</text>
      <target FeatureID="true_1092" href="SMS_HLP_SETTINGS_SMS_EMAIL.html">Kısa mesaj e-posta ayarları</target>
   </keywords>
   <keywords>
      <text FeatureID="-1">MMS ayarları</text>
      <target FeatureID="-1" href="MCE_HLP_SETTINGS_MMS.html">Multimedya mesaj ayarları</target>
   </keywords>
   <keywords>
      <text FeatureID="true_1090">hücre yayını ayarları</text>
      <target FeatureID="true_1090" href="MCE_HLP_SETTINGS_CB.html">Hücre yayını ayarları</target>
   </keywords>
   <keywords>
      <text FeatureID="-1">gelen kutusu</text>
      <target FeatureID="-1" href="MCE_HLP_INBOX.html">Gelen kutusu</target>
   </keywords>
   <keywords>
      <text FeatureID="-1">klasörlerim</text>
      <target FeatureID="-1" href="MCE_HLP_DOCUMENTS.html">Klasörlerim</target>
   </keywords>
   <keywords>
      <text FeatureID="-1">mesajları kaydetme</text>
      <target FeatureID="-1" href="MCE_HLP_DOCUMENTS.html">Klasörlerim</target>
   </keywords>
   <keywords>
      <text FeatureID="-1">şablon gönderme</text>
      <target FeatureID="-1" href="MCE_HLP_TEMPLATES.html">Mesaj şablonları</target>
   </keywords>
   <keywords>
      <text FeatureID="-1">mesaj şablonları</text>
      <target FeatureID="-1" href="MCE_HLP_TEMPLATES.html">Mesaj şablonları</target>
   </keywords>
   <keywords>
      <text FeatureID="-1">mesajları düzenleme</text>
      <target FeatureID="-1" href="MCE_HLP_FOLDER.html">Mesajları düzenleme</target>
   </keywords>
   <keywords>
      <text FeatureID="-1">taslak mesajlar kaydetme</text>
      <target FeatureID="-1" href="MCE_HLP_DRAFTS.html">Taslaklar</target>
   </keywords>
   <keywords>
      <text FeatureID="-1">taslak mesajlar</text>
      <target FeatureID="-1" href="MCE_HLP_DRAFTS.html">Taslaklar</target>
   </keywords>
   <keywords>
      <text FeatureID="-1">gönderilen mesajlar</text>
      <target FeatureID="-1" href="MCE_HLP_SENT_ITEMS.html">Gönderilen mesajlar</target>
   </keywords>
   <keywords>
      <text FeatureID="-1">giden kutusunu görüntüleme</text>
      <target FeatureID="-1" href="MCE_HLP_OUTBOX.html">Giden kutusu</target>
   </keywords>
   <keywords>
      <text FeatureID="-1">iletim raporları</text>
      <target FeatureID="-1" href="MCE_HLP_DELIVERY_REPORTS.html">İletim raporları</target>
   </keywords>
   <keywords>
      <text FeatureID="true_1132">MMS bildirimleri</text>
      <target FeatureID="true_1132" href="MCE_HLP_MMS_NOTIFICATIONS.html">Multimedya bildirimleri</target>
   </keywords>
   <keywords>
      <text FeatureID="-1">telefon numarası bulma</text>
      <target FeatureID="-1" href="FIND_HLP.html">Numara/adres bulma</target>
   </keywords>
   <keywords>
      <text FeatureID="-1">adres bulma</text>
      <target FeatureID="-1" href="FIND_HLP.html">Numara/adres bulma</target>
   </keywords>
</keywords>