<?xml version="1.0" encoding="UTF-8"?>
<keywords>
   <keywords>
      <text FeatureID="-1">聊天室訊息</text>
      <target FeatureID="-1" href="SERVTAB_HLP_CONVERSATION.html">傳送聊天室訊息</target>
   </keywords>
   <keywords>
      <text FeatureID="-1">聊天</text>
      <target FeatureID="-1" href="SERVTAB_HLP_CONVERSATION.html">傳送聊天室訊息</target>
   </keywords>
   <keywords>
      <text FeatureID="-1">會談</text>
      <target FeatureID="-1" href="SERVTAB_HLP_CONVERSATION.html">傳送聊天室訊息</target>
   </keywords>
</keywords>