<?xml version="1.0" encoding="UTF-8"?>
<keywords>
   <keywords>
      <text FeatureID="true_410">samtal, ringa</text>
      <target FeatureID="true_410" href="DIALER_HLP_MAIN.html">Ringa telefonsamtal</target>
   </keywords>
   <keywords>
      <text FeatureID="-1">telefonsamtal</text>
      <target FeatureID="-1" href="INCAL_HLP_CALL_HANDLING.html">Telefonsamtal</target>
   </keywords>
   <keywords>
      <text FeatureID="-1">konferenssamtal</text>
      <target FeatureID="-1" href="INCAL_HLP_CALL_HANDLING.html">Telefonsamtal</target>
   </keywords>
   <keywords>
      <text FeatureID="-1">växla mellan samtal</text>
      <target FeatureID="-1" href="INCAL_HLP_CALL_HANDLING.html">Telefonsamtal</target>
   </keywords>
   <keywords>
      <text FeatureID="-1">telefon</text>
      <target FeatureID="-1" href="INCAL_HLP_CALL_HANDLING.html">Telefonsamtal</target>
   </keywords>
   <keywords>
      <text FeatureID="true_410">DTMF-signaler</text>
      <target FeatureID="true_410" href="DIALER_HLP_SEND_DTMF.html">Skicka DTMF-signaler</target>
   </keywords>
   <keywords>
      <text FeatureID="true_89">videosamtal</text>
      <target FeatureID="true_89" href="INCAL_HLP_VIDEO_CALL.html">Videosamtal</target>
   </keywords>
</keywords>