<?xml version="1.0" encoding="UTF-8"?>
<keywords>
   <keywords>
      <text FeatureID="-1">kell, äratused</text>
      <target FeatureID="-1" href="CLK_HLP_ALARM_EDITOR.html">Äratuskell</target>
   </keywords>
   <keywords>
      <text FeatureID="-1">äratuskell</text>
      <target FeatureID="-1" href="CLK_HLP_ALARM_EDITOR.html">Äratuskell</target>
      <target FeatureID="-1" href="CLK_HLP_REAL_TIME_CLOCK_IN.html">Kella põhivaade</target>
   </keywords>
   <keywords>
      <text FeatureID="-1">kell</text>
      <target FeatureID="-1" href="CLK_HLP_REAL_TIME_CLOCK_IN.html">Kella põhivaade</target>
      <target FeatureID="-1" href="CLK_HLP_WRLD_CLK.html">Kellaaeg maailmas</target>
   </keywords>
   <keywords>
      <text FeatureID="-1">kuupäeva- ja kellaajaseaded</text>
      <target FeatureID="-1" href="CLK_HLP_SETTINGS.html">Kuupäeva- ja kellaajaseaded</target>
   </keywords>
   <keywords>
      <text FeatureID="-1">kella seaded</text>
      <target FeatureID="-1" href="CLK_HLP_SETTINGS.html">Kuupäeva- ja kellaajaseaded</target>
   </keywords>
   <keywords>
      <text FeatureID="-1">kell, ajavööndid</text>
      <target FeatureID="-1" href="CLK_HLP_REAL_TIME_CLOCK_AN.html">Kohalik aeg</target>
   </keywords>
   <keywords>
      <text FeatureID="-1">kohalik aeg ja ajavöönd</text>
      <target FeatureID="-1" href="CLK_HLP_REAL_TIME_CLOCK_AN.html">Kohalik aeg</target>
   </keywords>
   <keywords>
      <text FeatureID="-1">kellaaeg maailmas</text>
      <target FeatureID="-1" href="CLK_HLP_WRLD_CLK.html">Kellaaeg maailmas</target>
   </keywords>
</keywords>