<?xml version="1.0" encoding="UTF-8"?>
<keywords>
   <keywords>
      <text FeatureID="-1">ραδιόφωνο</text>
      <target FeatureID="-1" href="FMRADIO_HLP_MAIN.html">Ακρόαση ραδιοφώνου</target>
      <target FeatureID="-1" href="FMRADIO_HLP_SEARCH.html">Αναζήτηση σταθμών</target>
      <target FeatureID="-1" href="FMRADIO_HLP_LIST.html"> Διαχείριση ραδιοσταθμών</target>
   </keywords>
   <keywords>
      <text FeatureID="-1">Ραδιόφωνο FM</text>
      <target FeatureID="-1" href="FMRADIO_HLP_MAIN.html">Ακρόαση ραδιοφώνου</target>
      <target FeatureID="-1" href="FMRADIO_HLP_SEARCH.html">Αναζήτηση σταθμών</target>
      <target FeatureID="-1" href="FMRADIO_HLP_LIST.html"> Διαχείριση ραδιοσταθμών</target>
   </keywords>
</keywords>