<?xml version="1.0" encoding="UTF-8"?>
<keywords>
   <keywords>
      <text FeatureID="true_1604">文字輸入</text>
      <target FeatureID="true_1604" href="HWR_HLP_MAIN_VIEW.html">手寫辨識</target>
   </keywords>
   <keywords>
      <text FeatureID="true_1604">手寫辨識</text>
      <target FeatureID="true_1604" href="HWR_HLP_MAIN_VIEW.html">手寫辨識</target>
   </keywords>
   <keywords>
      <text FeatureID="true_1603 true_410">觸控輸入</text>
      <target FeatureID="true_1603" href="VQWERTY_HLP_MAIN_VIEW.html">虛擬鍵盤</target>
      <target FeatureID="true_410" href="VITU_HLP_MAIN_VIEW.html">虛擬鍵盤</target>
   </keywords>
   <keywords>
      <text FeatureID="true_410">虛擬鍵盤</text>
      <target FeatureID="true_410" href="VITU_HLP_MAIN_VIEW.html">虛擬鍵盤</target>
   </keywords>
</keywords>