<?xml version="1.0" encoding="UTF-8"?>
<keywords>
   <keywords>
      <text FeatureID="-1">مشاركة الفيديو</text>
      <target FeatureID="true_208" href="MSH_HLP_LIVE.html">مشاركة الفيديو المباشر</target>
      <target FeatureID="-1" href="MSH_HLP_CLIP.html">مشاركة مقاطع فيديو</target>
      <target FeatureID="-1" href="MSH_HLP_SETTINGS.html">ضبط مشاركة الفيديو</target>
      <target FeatureID="-1" href="MSH_HLP_RECEIVE.html">عرض الفيديو المشترك</target>
   </keywords>
</keywords>