<?xml version="1.0" encoding="UTF-8"?>
<keywords>
   <keywords>
      <text FeatureID="true_298">segreteria telefonica</text>
      <target FeatureID="true_298" href="SMSVO_HLP_CS_VIDEO_AND_XSP_VOIP.html">Segreteria telefonica per chiamate vocali, video e Internet.</target>
      <target FeatureID="true_298" href="SMSVO_HLP_CS_VIDEO_AND_XSP_VOIP.html">Segreteria telefonica per chiamate vocali, video e Internet.</target>
   </keywords>
   <keywords>
      <text FeatureID="true_298">segreteria telefonica chiamate via Internet</text>
      <target FeatureID="true_298" href="SMSVO_HLP_CS_VIDEO_AND_XSP_VOIP.html">Segreteria telefonica per chiamate vocali, video e Internet.</target>
   </keywords>
   <keywords>
      <text FeatureID="-1">chiamate via Internet</text>
      <target FeatureID="-1" href="VOIP_HLP_CSC.html">Impostazioni di rete</target>
      <target FeatureID="true_298" href="VOIP_HLP_SERVCATALOG.html">Catalogo dei servizi</target>
      <target FeatureID="-1" href="SERVTAB_HLP_SETTINGS.html">Impostazioni della scheda dei servizi</target>
   </keywords>
</keywords>