<?xml version="1.0" encoding="UTF-8"?>
<keywords>
   <keywords>
      <text FeatureID="-1">atšifrēšana, atmiņas karte</text>
      <target FeatureID="-1" href="ES_HLP_ENCRYPTION_DECRYPT.html">Atmiņas kartes atšifrēšana</target>
   </keywords>
   <keywords>
      <text FeatureID="-1">šifrēšana, atmiņas karte</text>
      <target FeatureID="-1" href="ES_HLP_ENCRYPTION_ENCRYPT.html">Atmiņas kartes šifrēšana</target>
   </keywords>
   <keywords>
      <text FeatureID="-1">šifrēšana, ierīces atmiņa un atmiņas karte</text>
      <target FeatureID="-1" href="ES_HLP_ENCRYPTION_MAIN.html">Šifrēšana vai atšifrēšana</target>
   </keywords>
   <keywords>
      <text FeatureID="-1">atšifrēšana, ierīces atmiņa un atmiņas karte</text>
      <target FeatureID="-1" href="ES_HLP_ENCRYPTION_MAIN.html">Šifrēšana vai atšifrēšana</target>
   </keywords>
</keywords>