<?xml version="1.0" encoding="UTF-8"?>
<keywords>
   <keywords>
      <text FeatureID="-1">rögzítés, hangok</text>
      <target FeatureID="-1" href="VOREC_HLP_EMPTY_RECORDER.html">Hangfájlok rögzítése</target>
   </keywords>
   <keywords>
      <text FeatureID="-1">hangrögzítő</text>
      <target FeatureID="-1" href="VOREC_HLP_MAIN.html">Hangrögzítő használata</target>
   </keywords>
   <keywords>
      <text FeatureID="-1">hangfájlok rögzítése</text>
      <target FeatureID="-1" href="VOREC_HLP_MAIN.html">Hangrögzítő használata</target>
   </keywords>
   <keywords>
      <text FeatureID="-1">hangrögzítő beállításai</text>
      <target FeatureID="-1" href="VOREC_HLP_SETTINGS.html">Hangrögzítő beállításai</target>
   </keywords>
</keywords>