<?xml version="1.0" encoding="UTF-8"?>
<keywords>
   <keywords>
      <text FeatureID="-1">Mail for Exchange</text>
      <target FeatureID="-1" href="FSE_HLP_MFE_LAUNCHER_MAIN_VIEW.html">E-mail ng Mail for Exchange</target>
   </keywords>
   <keywords>
      <text FeatureID="-1">mga advanced na setting ng mailbox</text>
      <target FeatureID="-1" href="FSE_HLP_MFE_SETTINGS_ADVANCED.html">Mga advanced setting para sa mailbox</target>
   </keywords>
   <keywords>
      <text FeatureID="-1">mga setting sa pagsi-synchronize ng e-mail</text>
      <target FeatureID="-1" href="FSE_HLP_MFE_SETTINGS_PIM_APPS.html">Mga setting ng pagpapareho ng application</target>
   </keywords>
   <keywords>
      <text FeatureID="-1">pagsi-synchronize ng kalendaryo</text>
      <target FeatureID="-1" href="FSE_HLP_MFE_CALENDAR_APP.html">Mga setting sa pagpapareho ng Kalendaryo</target>
   </keywords>
   <keywords>
      <text FeatureID="-1">pagsi-synchronize ng mga contact,</text>
      <target FeatureID="-1" href="FSE_HLP_MFE_CONTACTS_APP.html">Mga setting para sa pagpapareho ng mga kontak</target>
   </keywords>
   <keywords>
      <text FeatureID="-1">mga setting ng mailbox</text>
      <target FeatureID="-1" href="FSE_HLP_MFE_SETTINGS_MAILBOX.html">Pangkalahatang mga setting ng mailbox</target>
   </keywords>
   <keywords>
      <text FeatureID="-1">nilalaman ng pagsi-synchronize ng e-mail</text>
      <target FeatureID="-1" href="FSE_HLP_MFE_SETTINGS_WHAT_SYNC.html">Mamili ng nilalaman ng sync</target>
   </keywords>
   <keywords>
      <text FeatureID="-1">oras ng pagsi-synchronize ng e-mail</text>
      <target FeatureID="-1" href="FSE_HLP_MFE_SETTINGS_WHEN_SYNC.html">Mamili ng oras ng sync</target>
   </keywords>
   <keywords>
      <text FeatureID="-1">pagsi-synchronize ng folder ng e-mail</text>
      <target FeatureID="-1" href="FSE_HLP_MFE_SETTINGS_FOLDER.html">Mga setting sa pagsi-synchronize</target>
   </keywords>
   <keywords>
      <text FeatureID="-1">mga setting ng e-mail</text>
      <target FeatureID="-1" href="FSE_HLP_MFE_SETTINGS_MAIN_VIEW.html">Mga setting para sa e-mail</target>
   </keywords>
   <keywords>
      <text FeatureID="-1">pagsi-syncrhonize ng entry ng gagawin</text>
      <target FeatureID="-1" href="FSE_HLP_MFE_TASKS_APP.html">Mga setting sa pagsi-synchronize ng gagawin</target>
   </keywords>
</keywords>