<?xml version="1.0" encoding="UTF-8"?>
<keywords>
   <keywords>
      <text FeatureID="-1">ρυθμίσεις μηνυμάτων υπηρεσίας</text>
      <target FeatureID="-1" href="WPUSH_HLP_SETTINGS.html">Ρυθμίσεις μηνυμάτων υπηρεσίας</target>
   </keywords>
   <keywords>
      <text FeatureID="-1">προώθηση μηνυμάτων</text>
      <target FeatureID="-1" href="WPUSH_HLP_VIEWER.html">Προβολή μηνυμάτων υπηρεσίας</target>
   </keywords>
   <keywords>
      <text FeatureID="-1">μηνύματα υπηρεσίας</text>
      <target FeatureID="-1" href="WPUSH_HLP_VIEWER.html">Προβολή μηνυμάτων υπηρεσίας</target>
   </keywords>
</keywords>