<?xml version="1.0" encoding="UTF-8"?>
<keywords>
   <keywords>
      <text FeatureID="-1">modul keamanan</text>
      <target FeatureID="-1" href="SECMOD_HLP_ACCESSCODE_VIEW.html">Kode PIN modul keamanan</target>
      <target FeatureID="-1" href="SECMOD_HLP_MAIN_VIEW.html">Modul pengamanan</target>
      <target FeatureID="-1" href="SEMOD_HLP_SIGNINGCODE_VIEW.html">Mengedit kode tanda tangan</target>
   </keywords>
   <keywords>
      <text FeatureID="-1">Kode PIN</text>
      <target FeatureID="-1" href="SECMOD_HLP_ACCESSCODE_VIEW.html">Kode PIN modul keamanan</target>
   </keywords>
   <keywords>
      <text FeatureID="-1">kode modul keamanan</text>
      <target FeatureID="-1" href="SECMOD_HLP_CODE_VIEW.html">Kode modul keamanan</target>
   </keywords>
   <keywords>
      <text FeatureID="-1">Kode PIN untuk modul keamanan</text>
      <target FeatureID="-1" href="SECMOD_HLP_CODE_VIEW.html">Kode modul keamanan</target>
   </keywords>
   <keywords>
      <text FeatureID="-1">penyimpanan kode kunci</text>
      <target FeatureID="-1" href="SECMOD_HLP_MAIN_VIEW.html">Modul pengamanan</target>
   </keywords>
   <keywords>
      <text FeatureID="-1">kode tanda tangan</text>
      <target FeatureID="-1" href="SEMOD_HLP_SIGNINGCODE_VIEW.html">Mengedit kode tanda tangan</target>
   </keywords>
   <keywords>
      <text FeatureID="-1">tanda tangan digital</text>
      <target FeatureID="-1" href="SEMOD_HLP_SIGNINGCODE_VIEW.html">Mengedit kode tanda tangan</target>
   </keywords>
</keywords>