<?xml version="1.0" encoding="UTF-8"?>
<keywords>
   <keywords>
      <text FeatureID="true_1116">enviar entradas de agenda</text>
      <target FeatureID="true_1116" href="SMART_HLP_CALENDAREDITOR.html">Enviar entradas de agenda</target>
   </keywords>
   <keywords>
      <text FeatureID="true_1114">recepción de entradas de agenda</text>
      <target FeatureID="true_1114" href="SMART_HLP_CALENDARVIEWER.html">Entradas de agenda recibidas</target>
   </keywords>
   <keywords>
      <text FeatureID="true_1114">entradas de la agenda</text>
      <target FeatureID="true_1114" href="SMART_HLP_CALPULLMESVIEWER.html">Descargar entrada de agenda</target>
   </keywords>
   <keywords>
      <text FeatureID="true_1117 true_1115">tarjetas de visita</text>
      <target FeatureID="true_1117" href="SMART_HLP_BUSINESSEDITOR.html">Enviar tarjetas de visita</target>
      <target FeatureID="true_1115" href="SMART_HLP_BUSINESSVIEWER.html">Tarjetas de visita recibidas</target>
      <target FeatureID="true_1115" href="SMART_HLP_BUSPULLMESVIEWER.html">Descarga de tarjetas de visita</target>
   </keywords>
   <keywords>
      <text FeatureID="true_1111">señales de llamada</text>
      <target FeatureID="true_1111" href="SMART_HLP_RINGVIEWER.html">Señales de llamada recibidas</target>
   </keywords>
   <keywords>
      <text FeatureID="true_1110">logos del operador</text>
      <target FeatureID="true_1110" href="SMART_HLP_OPLOGOVIEWER.html">Logos del operador recibidos</target>
   </keywords>
   <keywords>
      <text FeatureID="true_1106">favoritos</text>
      <target FeatureID="true_1106" href="SMART_HLP_ONEBOOKVIEWER.html">Favorito recibido</target>
   </keywords>
   <keywords>
      <text FeatureID="true_1112">recepción de gráficos</text>
      <target FeatureID="true_1112" href="SMART_HLP_GMSVIEWER.html">Ver mensajes gráficos</target>
   </keywords>
   <keywords>
      <text FeatureID="true_1112">mensajes con gráficos</text>
      <target FeatureID="true_1112" href="SMART_HLP_GMSVIEWER.html">Ver mensajes gráficos</target>
   </keywords>
   <keywords>
      <text FeatureID="true_1537">configuración de unidades remotas</text>
      <target FeatureID="true_1537" href="SMART_HLP_REMOTEDRIVES_VIEWER.html">Recibir configuraciones de unidades remotas</target>
      <target FeatureID="true_1537" href="SMART_HLP_REMOTEDRIVES_EDITOR.html">Enviar configuraciones de unidades remotas</target>
   </keywords>
</keywords>