<?xml version="1.0" encoding="UTF-8"?>
<keywords>
   <keywords>
      <text FeatureID="-1">Mail for Exchange</text>
      <target FeatureID="-1" href="FSE_HLP_MFE_LAUNCHER_MAIN_VIEW.html">Mail for Exchange'i e-post</target>
   </keywords>
   <keywords>
      <text FeatureID="-1">täpsemad postkasti seaded</text>
      <target FeatureID="-1" href="FSE_HLP_MFE_SETTINGS_ADVANCED.html">Täpsemad postkasti seaded</target>
   </keywords>
   <keywords>
      <text FeatureID="-1">e-posti sünkroonimisseaded</text>
      <target FeatureID="-1" href="FSE_HLP_MFE_SETTINGS_PIM_APPS.html">Rakenduste sünkroonimisseaded</target>
   </keywords>
   <keywords>
      <text FeatureID="-1">kalendri sünkroonimine</text>
      <target FeatureID="-1" href="FSE_HLP_MFE_CALENDAR_APP.html">Kalendri sünkroonimisseaded</target>
   </keywords>
   <keywords>
      <text FeatureID="-1">kontaktide sünkroonimine,</text>
      <target FeatureID="-1" href="FSE_HLP_MFE_CONTACTS_APP.html">Kontaktide sünkroonimisseaded</target>
   </keywords>
   <keywords>
      <text FeatureID="-1">postkasti seaded</text>
      <target FeatureID="-1" href="FSE_HLP_MFE_SETTINGS_MAILBOX.html">Postkasti üldseaded</target>
   </keywords>
   <keywords>
      <text FeatureID="-1">e-posti sünkroonitav sisu</text>
      <target FeatureID="-1" href="FSE_HLP_MFE_SETTINGS_WHAT_SYNC.html">Sünkroonitava sisu valimine</target>
   </keywords>
   <keywords>
      <text FeatureID="-1">e-posti sünkroonimisaeg</text>
      <target FeatureID="-1" href="FSE_HLP_MFE_SETTINGS_WHEN_SYNC.html">Sünkroonimisaja valimine</target>
   </keywords>
   <keywords>
      <text FeatureID="-1">e-posti kaustade sünkroonimine</text>
      <target FeatureID="-1" href="FSE_HLP_MFE_SETTINGS_FOLDER.html">Sünkroonimisseaded</target>
   </keywords>
   <keywords>
      <text FeatureID="-1">e-posti seaded</text>
      <target FeatureID="-1" href="FSE_HLP_MFE_SETTINGS_MAIN_VIEW.html">E-posti seaded</target>
   </keywords>
   <keywords>
      <text FeatureID="-1">ülesandekirje sünkroonimine</text>
      <target FeatureID="-1" href="FSE_HLP_MFE_TASKS_APP.html">Ülesannete sünkroonimisseaded</target>
   </keywords>
</keywords>