<?xml version="1.0" encoding="UTF-8"?>
<keywords>
   <keywords>
      <text FeatureID="-1">bokmärken</text>
      <target FeatureID="-1" href="OSS_HLP_BM_ADDBM.html">Lägg till bokmärken</target>
      <target FeatureID="-1" href="OSS_HLP_BM_EDIT.html">Redigera bokmärken</target>
   </keywords>
   <keywords>
      <text FeatureID="-1">webb­bokmärken</text>
      <target FeatureID="-1" href="OSS_HLP_BM_ADDBM.html">Lägg till bokmärken</target>
      <target FeatureID="-1" href="OSS_HLP_BM_MAIN.html">Bläddra bland bokmärken</target>
      <target FeatureID="-1" href="OSS_HLP_BM_EDIT.html">Redigera bokmärken</target>
   </keywords>
   <keywords>
      <text FeatureID="-1">webb</text>
      <target FeatureID="-1" href="OSS_HLP_BM_ADDBM.html">Lägg till bokmärken</target>
      <target FeatureID="true_167" href="OSS_HLP_RSS_ADD.html">Lägg till feeds</target>
      <target FeatureID="-1" href="OSS_HLP_PAGEVIEW.html">Surfa på webben</target>
      <target FeatureID="-1" href="OSS_HLP_BM_EDIT.html">Redigera bokmärken</target>
      <target FeatureID="true_167" href="OSS_HLP_RSS_EDIT.html">Redigera webbfeeds</target>
      <target FeatureID="true_167" href="OSS_HLP_RSS_ARTICLE.html">Webbfeed-artiklar</target>
      <target FeatureID="true_167" href="OSS_HLP_RSS_ARTICLELST.html">Webbfeeds</target>
      <target FeatureID="true_167" href="OSS_HLP_RSS_MAIN.html">Webbfeeds och bloggar</target>
   </keywords>
   <keywords>
      <text FeatureID="true_167">feeds</text>
      <target FeatureID="true_167" href="OSS_HLP_RSS_ADD.html">Lägg till feeds</target>
      <target FeatureID="true_167" href="OSS_HLP_RSS_EDIT.html">Redigera webbfeeds</target>
      <target FeatureID="true_167" href="OSS_HLP_RSS_ARTICLE.html">Webbfeed-artiklar</target>
      <target FeatureID="true_167" href="OSS_HLP_RSS_ARTICLELST.html">Webbfeeds</target>
      <target FeatureID="true_167" href="OSS_HLP_RSS_MAIN.html">Webbfeeds och bloggar</target>
   </keywords>
   <keywords>
      <text FeatureID="true_167">RSS-feeds</text>
      <target FeatureID="true_167" href="OSS_HLP_RSS_ADD.html">Lägg till feeds</target>
      <target FeatureID="true_167" href="OSS_HLP_RSS_ARTICLE.html">Webbfeed-artiklar</target>
      <target FeatureID="true_167" href="OSS_HLP_RSS_ARTICLELST.html">Webbfeeds</target>
      <target FeatureID="true_167" href="OSS_HLP_RSS_MAIN.html">Webbfeeds och bloggar</target>
   </keywords>
   <keywords>
      <text FeatureID="true_167">nyheter och bloggar</text>
      <target FeatureID="true_167" href="OSS_HLP_RSS_ADD.html">Lägg till feeds</target>
      <target FeatureID="true_167" href="OSS_HLP_RSS_EDIT.html">Redigera webbfeeds</target>
      <target FeatureID="true_167" href="OSS_HLP_RSS_ARTICLE.html">Webbfeed-artiklar</target>
      <target FeatureID="true_167" href="OSS_HLP_RSS_ARTICLELST.html">Webbfeeds</target>
      <target FeatureID="true_167" href="OSS_HLP_RSS_MAIN.html">Webbfeeds och bloggar</target>
   </keywords>
   <keywords>
      <text FeatureID="true_167">bloggar</text>
      <target FeatureID="true_167" href="OSS_HLP_RSS_ADD.html">Lägg till feeds</target>
      <target FeatureID="true_167" href="OSS_HLP_RSS_EDIT.html">Redigera webbfeeds</target>
      <target FeatureID="true_167" href="OSS_HLP_RSS_ARTICLE.html">Webbfeed-artiklar</target>
      <target FeatureID="true_167" href="OSS_HLP_RSS_ARTICLELST.html">Webbfeeds</target>
      <target FeatureID="true_167" href="OSS_HLP_RSS_MAIN.html">Webbfeeds och bloggar</target>
   </keywords>
   <keywords>
      <text FeatureID="-1">besöka webbsidor</text>
      <target FeatureID="-1" href="OSS_HLP_PAGEVIEW.html">Surfa på webben</target>
   </keywords>
   <keywords>
      <text FeatureID="-1">öppnar bokmärken</text>
      <target FeatureID="-1" href="OSS_HLP_BM_MAIN.html">Bläddra bland bokmärken</target>
   </keywords>
   <keywords>
      <text FeatureID="true_167">rss-feeds</text>
      <target FeatureID="true_167" href="OSS_HLP_RSS_EDIT.html">Redigera webbfeeds</target>
   </keywords>
   <keywords>
      <text FeatureID="-1">webbläsarinställningar</text>
      <target FeatureID="-1" href="OSS_HLP_SETTINGS_GENERAL.html">Allmänna inställningar</target>
      <target FeatureID="-1" href="OSS_HLP_SETTINGS_PAGE.html">Sidinställningar</target>
      <target FeatureID="-1" href="OSS_HLP_SETTINGS_PRIVACY.html">Sekretessinställningar</target>
      <target FeatureID="true_167" href="OSS_HLP_SETTINGS_RSS.html">Inställningar för webbfeeds</target>
      <target FeatureID="-1" href="OSS_HLP_SETTINGS_FOLDERS.html">Inställningar för webbtjänster</target>
      <target FeatureID="false_410" href="OSS_HLP_SHORTCUTS.html">Genvägar i verktygsfältet</target>
      <target FeatureID="false_410" href="OSS_HLP_KEYPAD.html">Knappgenvägar</target>
   </keywords>
   <keywords>
      <text FeatureID="-1">webbinställningar</text>
      <target FeatureID="-1" href="OSS_HLP_SETTINGS_GENERAL.html">Allmänna inställningar</target>
      <target FeatureID="-1" href="OSS_HLP_SETTINGS_PAGE.html">Sidinställningar</target>
      <target FeatureID="-1" href="OSS_HLP_SETTINGS_PRIVACY.html">Sekretessinställningar</target>
      <target FeatureID="true_167" href="OSS_HLP_SETTINGS_RSS.html">Inställningar för webbfeeds</target>
      <target FeatureID="-1" href="OSS_HLP_SETTINGS_FOLDERS.html">Inställningar för webbtjänster</target>
      <target FeatureID="false_410" href="OSS_HLP_SHORTCUTS.html">Genvägar i verktygsfältet</target>
      <target FeatureID="false_410" href="OSS_HLP_KEYPAD.html">Knappgenvägar</target>
   </keywords>
   <keywords>
      <text FeatureID="-1">ställ in webbtjänsten</text>
      <target FeatureID="-1" href="OSS_HLP_SETTINGS_PAGE.html">Sidinställningar</target>
      <target FeatureID="-1" href="OSS_HLP_SETTINGS_FOLDERS.html">Inställningar för webbtjänster</target>
   </keywords>
   <keywords>
      <text FeatureID="-1">sekretessinställningar</text>
      <target FeatureID="-1" href="OSS_HLP_SETTINGS_PRIVACY.html">Sekretessinställningar</target>
   </keywords>
   <keywords>
      <text FeatureID="true_167">konfigurera för Internet</text>
      <target FeatureID="true_167" href="OSS_HLP_SETTINGS_RSS.html">Inställningar för webbfeeds</target>
   </keywords>
   <keywords>
      <text FeatureID="-1">öppna en sida</text>
      <target FeatureID="-1" href="OSS_HLP_PAGEVIEW_EMBED.html">Webbtjänster i program</target>
   </keywords>
   <keywords>
      <text FeatureID="-1">webbtjänster i program</text>
      <target FeatureID="-1" href="OSS_HLP_PAGEVIEW_EMBED.html">Webbtjänster i program</target>
   </keywords>
</keywords>