<?xml version="1.0" encoding="UTF-8"?>
<keywords>
   <keywords>
      <text FeatureID="-1">Fotografias</text>
      <target FeatureID="-1" href="LGAL_HLP_ALBUM_LIST.html">Álbuns</target>
      <target FeatureID="-1" href="LGAL_HLP_ALL_GRID.html">Percorrer todos os ficheiros multimédia</target>
      <target FeatureID="-1" href="LGAL_HLP_ALBUM_GRID.html">Procurar ficheiros multimédia em álbuns</target>
      <target FeatureID="-1" href="LGAL_HLP_TAGS_GRID.html">Procurar ficheiros multimédia com etiquetas</target>
      <target FeatureID="-1" href="LGAL_HLP_DETAILS_VIEW.html">Ver e editar detalhes de ficheiros</target>
      <target FeatureID="-1" href="LGAL_HLP_TAGS_BROWSER.html">Etiquetas</target>
      <target FeatureID="-1" href="LGAL_HLP_MONTH_FULLSCREEN.html">Visualizar os ficheiros multimédia por mês</target>
      <target FeatureID="-1" href="LGAL_HLP_MONTH_GRID.html">Procurar os ficheiros multimédia por mês</target>
      <target FeatureID="-1" href="LGAL_HLP_VIEW_LIST.html">Fotografias</target>
      <target FeatureID="-1" href="LGAL_HLP_MONTH_LIST.html">Meses</target>
      <target FeatureID="-1" href="LGAL_HLP_SLIDESHOW_SETTINGS.html">Definições da apresentação de slides</target>
      <target FeatureID="-1" href="LGAL_HLP_ALL_FULLSCREEN.html">Ver todos os ficheiros multimédia</target>
      <target FeatureID="-1" href="LGAL_HLP_ALBUM_FULLSCREEN.html">Visualizar ficheiros multimédia em álbuns</target>
      <target FeatureID="-1" href="LGAL_HLP_TAGS_FULLSCREEN.html">Visualizar ficheiros multimédia com etiquetas</target>
   </keywords>
   <keywords>
      <text FeatureID="-1">álbuns</text>
      <target FeatureID="-1" href="LGAL_HLP_ALBUM_LIST.html">Álbuns</target>
      <target FeatureID="-1" href="LGAL_HLP_ALBUM_GRID.html">Procurar ficheiros multimédia em álbuns</target>
      <target FeatureID="-1" href="LGAL_HLP_VIEW_LIST.html">Fotografias</target>
      <target FeatureID="-1" href="LGAL_HLP_ALBUM_FULLSCREEN.html">Visualizar ficheiros multimédia em álbuns</target>
   </keywords>
   <keywords>
      <text FeatureID="-1">etiquetas</text>
      <target FeatureID="-1" href="LGAL_HLP_TAGS_GRID.html">Procurar ficheiros multimédia com etiquetas</target>
      <target FeatureID="-1" href="LGAL_HLP_TAGS_BROWSER.html">Etiquetas</target>
      <target FeatureID="-1" href="LGAL_HLP_VIEW_LIST.html">Fotografias</target>
      <target FeatureID="-1" href="LGAL_HLP_TAGS_FULLSCREEN.html">Visualizar ficheiros multimédia com etiquetas</target>
   </keywords>
   <keywords>
      <text FeatureID="-1">apresentação de slides</text>
      <target FeatureID="-1" href="LGAL_HLP_SLIDESHOW_SETTINGS.html">Definições da apresentação de slides</target>
   </keywords>
</keywords>