<?xml version="1.0" encoding="UTF-8"?>
<keywords>
   <keywords>
      <text FeatureID="true_410">дзвінки, здійснення</text>
      <target FeatureID="true_410" href="DIALER_HLP_MAIN.html">Телефонні дзвінки</target>
   </keywords>
   <keywords>
      <text FeatureID="-1">телефонні дзвінки</text>
      <target FeatureID="-1" href="INCAL_HLP_CALL_HANDLING.html">Телефонні дзвінки</target>
   </keywords>
   <keywords>
      <text FeatureID="-1">конференц-дзвінки</text>
      <target FeatureID="-1" href="INCAL_HLP_CALL_HANDLING.html">Телефонні дзвінки</target>
   </keywords>
   <keywords>
      <text FeatureID="-1">переключення дзвінків</text>
      <target FeatureID="-1" href="INCAL_HLP_CALL_HANDLING.html">Телефонні дзвінки</target>
   </keywords>
   <keywords>
      <text FeatureID="-1">телефон</text>
      <target FeatureID="-1" href="INCAL_HLP_CALL_HANDLING.html">Телефонні дзвінки</target>
   </keywords>
   <keywords>
      <text FeatureID="true_410">сигнали DTMF</text>
      <target FeatureID="true_410" href="DIALER_HLP_SEND_DTMF.html">Надсилання сигналів DTMF</target>
   </keywords>
   <keywords>
      <text FeatureID="true_89">відеодзвінки</text>
      <target FeatureID="true_89" href="INCAL_HLP_VIDEO_CALL.html">Відеодзвінки</target>
   </keywords>
</keywords>