<?xml version="1.0" encoding="UTF-8"?>
<keywords>
   <keywords>
      <text FeatureID="-1">методы определения местоположения</text>
      <target FeatureID="-1" href="LOC_HLP_SETTINGS.html">Параметры определения местоположения</target>
   </keywords>
   <keywords>
      <text FeatureID="-1">сервер определения местоположения</text>
      <target FeatureID="-1" href="LOC_HLP_SETTINGS.html">Параметры определения местоположения</target>
   </keywords>
   <keywords>
      <text FeatureID="-1">система единиц</text>
      <target FeatureID="-1" href="LOC_HLP_SETTINGS.html">Параметры определения местоположения</target>
   </keywords>
</keywords>