<?xml version="1.0" encoding="UTF-8"?><?xml-stylesheet  href="../../theme/xsl/index2html.xslt" type="text/xsl"?>
<topics FeatureID="-1" title="Beskeder" compressed="true">
   <topicref FeatureID="-1" href="MCE_HLP_MESSAGING.html" navtitle="Besked­central"/>
   <topicref FeatureID="-1" href="MCE_HLP_SIM.html" navtitle="Få vist SIM-beskeder"/>
   <topicref FeatureID="-1" href="MCE_HLP_SETTINGS.html" navtitle="Besked­indstillinger"/>
   <topicref FeatureID="-1" href="MCE_HLP_SETTINGS_SMS.html" navtitle="SMS-besked­indstillinger"/>
   <topicref FeatureID="-1" href="SMS_HLP_SETTINGS_SCENTRES.html" navtitle="SMS-besked­central"/>
   <topicref FeatureID="-1" href="SMS_HLP_SETTINGS_SCENTRES_EDIT.html" navtitle="Ændre SMS-besk.central"/>
   <topicref FeatureID="true_1092" href="SMS_HLP_SETTINGS_SMS_EMAIL.html" navtitle="SMS-e-mails"/>
   <topicref FeatureID="-1" href="MCE_HLP_SETTINGS_MMS.html" navtitle="MMS-besked­indstillinger"/>
   <topicref FeatureID="true_1090" href="MCE_HLP_SETTINGS_CB.html" navtitle="Cell broad­cast-indstil."/>
   <topicref FeatureID="-1" href="MCE_HLP_SETTINGS_GEN.html" navtitle="Andre indstillinger"/>
   <topicref FeatureID="-1" href="MCE_HLP_INBOX.html" navtitle="Indbakke"/>
   <topicref FeatureID="-1" href="MCE_HLP_DOCUMENTS.html" navtitle="Mine mapper"/>
   <topicref FeatureID="-1" href="MCE_HLP_TEMPLATES.html" navtitle="Besked­skabeloner"/>
   <topicref FeatureID="-1" href="MCE_HLP_FOLDER.html" navtitle="Organisere beskeder"/>
   <topicref FeatureID="-1" href="MCE_HLP_DRAFTS.html" navtitle="Kladder"/>
   <topicref FeatureID="-1" href="MCE_HLP_SENT_ITEMS.html" navtitle="Sendte beskeder"/>
   <topicref FeatureID="-1" href="MCE_HLP_OUTBOX.html" navtitle="Udbakke"/>
   <topicref FeatureID="-1" href="MCE_HLP_DELIVERY_REPORTS.html" navtitle="Leverings­rapporter"/>
   <topicref FeatureID="true_1132" href="MCE_HLP_MMS_NOTIFICATIONS.html" navtitle="MMS-meddelelser"/>
   <topicref FeatureID="-1" href="FIND_HLP.html" navtitle="Søge efter nr. og adresser"/>
</topics>