<?xml version="1.0" encoding="UTF-8"?>
<keywords>
   <keywords>
      <text FeatureID="-1">sende beskeder</text>
      <target FeatureID="-1" href="MCE_HLP_MESSAGING.html">Besked­central</target>
      <target FeatureID="-1" href="MCE_HLP_OUTBOX.html">Udbakke</target>
   </keywords>
   <keywords>
      <text FeatureID="-1">modtage beskeder</text>
      <target FeatureID="-1" href="MCE_HLP_MESSAGING.html">Besked­central</target>
      <target FeatureID="-1" href="MCE_HLP_INBOX.html">Indbakke</target>
   </keywords>
   <keywords>
      <text FeatureID="-1">SIM-beskeder</text>
      <target FeatureID="-1" href="MCE_HLP_SIM.html">Få vist SIM-beskeder</target>
   </keywords>
   <keywords>
      <text FeatureID="-1">beskeder på SIM-kort</text>
      <target FeatureID="-1" href="MCE_HLP_SIM.html">Få vist SIM-beskeder</target>
   </keywords>
   <keywords>
      <text FeatureID="-1">besked­indstillinger</text>
      <target FeatureID="-1" href="MCE_HLP_SETTINGS.html">Besked­indstillinger</target>
      <target FeatureID="-1" href="MCE_HLP_SETTINGS_GEN.html">Andre indstillinger</target>
   </keywords>
   <keywords>
      <text FeatureID="-1">SMS-indstillinger</text>
      <target FeatureID="-1" href="MCE_HLP_SETTINGS_SMS.html">SMS-besked­indstillinger</target>
   </keywords>
   <keywords>
      <text FeatureID="-1">SMS-besked­indstillinger</text>
      <target FeatureID="-1" href="MCE_HLP_SETTINGS_SMS.html">SMS-besked­indstillinger</target>
      <target FeatureID="-1" href="SMS_HLP_SETTINGS_SCENTRES.html">SMS-besked­central</target>
      <target FeatureID="-1" href="SMS_HLP_SETTINGS_SCENTRES_EDIT.html">Ændre SMS-besk.central</target>
   </keywords>
   <keywords>
      <text FeatureID="-1">beskedcen­tralindstil.</text>
      <target FeatureID="-1" href="SMS_HLP_SETTINGS_SCENTRES.html">SMS-besked­central</target>
      <target FeatureID="-1" href="SMS_HLP_SETTINGS_SCENTRES_EDIT.html">Ændre SMS-besk.central</target>
   </keywords>
   <keywords>
      <text FeatureID="-1">SMS-central­indstillinger</text>
      <target FeatureID="-1" href="SMS_HLP_SETTINGS_SCENTRES.html">SMS-besked­central</target>
   </keywords>
   <keywords>
      <text FeatureID="true_1092">SMS-e-mails</text>
      <target FeatureID="true_1092" href="SMS_HLP_SETTINGS_SMS_EMAIL.html">SMS-e-mails</target>
   </keywords>
   <keywords>
      <text FeatureID="true_1092">SMS-e-mail-indstillinger</text>
      <target FeatureID="true_1092" href="SMS_HLP_SETTINGS_SMS_EMAIL.html">SMS-e-mails</target>
   </keywords>
   <keywords>
      <text FeatureID="-1">MMS-indstillinger</text>
      <target FeatureID="-1" href="MCE_HLP_SETTINGS_MMS.html">MMS-besked­indstillinger</target>
   </keywords>
   <keywords>
      <text FeatureID="true_1090">cell broad­cast-indstil.</text>
      <target FeatureID="true_1090" href="MCE_HLP_SETTINGS_CB.html">Cell broad­cast-indstil.</target>
   </keywords>
   <keywords>
      <text FeatureID="-1">indbakke</text>
      <target FeatureID="-1" href="MCE_HLP_INBOX.html">Indbakke</target>
   </keywords>
   <keywords>
      <text FeatureID="-1">mine mapper</text>
      <target FeatureID="-1" href="MCE_HLP_DOCUMENTS.html">Mine mapper</target>
   </keywords>
   <keywords>
      <text FeatureID="-1">gemme beskeder</text>
      <target FeatureID="-1" href="MCE_HLP_DOCUMENTS.html">Mine mapper</target>
   </keywords>
   <keywords>
      <text FeatureID="-1">sende skabeloner</text>
      <target FeatureID="-1" href="MCE_HLP_TEMPLATES.html">Besked­skabeloner</target>
   </keywords>
   <keywords>
      <text FeatureID="-1">besked­skabeloner</text>
      <target FeatureID="-1" href="MCE_HLP_TEMPLATES.html">Besked­skabeloner</target>
   </keywords>
   <keywords>
      <text FeatureID="-1">organisere beskeder</text>
      <target FeatureID="-1" href="MCE_HLP_FOLDER.html">Organisere beskeder</target>
   </keywords>
   <keywords>
      <text FeatureID="-1">gemme klad­debeskeder</text>
      <target FeatureID="-1" href="MCE_HLP_DRAFTS.html">Kladder</target>
   </keywords>
   <keywords>
      <text FeatureID="-1">kladde­beskeder</text>
      <target FeatureID="-1" href="MCE_HLP_DRAFTS.html">Kladder</target>
   </keywords>
   <keywords>
      <text FeatureID="-1">sendte beskeder</text>
      <target FeatureID="-1" href="MCE_HLP_SENT_ITEMS.html">Sendte beskeder</target>
   </keywords>
   <keywords>
      <text FeatureID="-1">få vist udbakke</text>
      <target FeatureID="-1" href="MCE_HLP_OUTBOX.html">Udbakke</target>
   </keywords>
   <keywords>
      <text FeatureID="-1">leverings­rapporter</text>
      <target FeatureID="-1" href="MCE_HLP_DELIVERY_REPORTS.html">Leverings­rapporter</target>
   </keywords>
   <keywords>
      <text FeatureID="true_1132">MMS-meddelelser</text>
      <target FeatureID="true_1132" href="MCE_HLP_MMS_NOTIFICATIONS.html">MMS-meddelelser</target>
   </keywords>
   <keywords>
      <text FeatureID="-1">søge efter telefonnumre</text>
      <target FeatureID="-1" href="FIND_HLP.html">Søge efter nr. og adresser</target>
   </keywords>
   <keywords>
      <text FeatureID="-1">søge efter adresser</text>
      <target FeatureID="-1" href="FIND_HLP.html">Søge efter nr. og adresser</target>
   </keywords>
</keywords>