<?xml version="1.0" encoding="UTF-8"?>
<keywords>
   <keywords>
      <text FeatureID="-1">автоответчик</text>
      <target FeatureID="-1" href="SMSVO_HLP_MAIN_VIEW.html">Автоответчик</target>
      <target FeatureID="-1" href="SMSVO_HLP_MAIN_VIEW.html">Автоответчик</target>
      <target FeatureID="true_89" href="SMSVO_HLP_CS_AND_VIDEO.html">Автоответчик и видеоавтоответчик</target>
      <target FeatureID="true_298" href="SMSVO_HLP_CS_VIDEO_AND_XSP_VOIP.html">Автоответчик для голосовых вызовов, видеовызовов или Интернет-вызовов</target>
      <target FeatureID="true_298" href="SMSVO_HLP_CS_VIDEO_AND_XSP_VOIP.html">Автоответчик для голосовых вызовов, видеовызовов или Интернет-вызовов</target>
   </keywords>
   <keywords>
      <text FeatureID="true_89">видеоавтоответчик</text>
      <target FeatureID="true_89" href="SMSVO_HLP_CS_AND_VIDEO.html">Автоответчик и видеоавтоответчик</target>
   </keywords>
   <keywords>
      <text FeatureID="true_298">почтовый ящик Интернет-вызовов</text>
      <target FeatureID="true_298" href="SMSVO_HLP_CS_VIDEO_AND_XSP_VOIP.html">Автоответчик для голосовых вызовов, видеовызовов или Интернет-вызовов</target>
   </keywords>
</keywords>