<?xml version="1.0" encoding="UTF-8"?>
<keywords>
   <keywords>
      <text FeatureID="-1">sikkerheds­modul</text>
      <target FeatureID="-1" href="SECMOD_HLP_ACCESSCODE_VIEW.html">PIN-kode til sikkerh.modul</target>
      <target FeatureID="-1" href="SECMOD_HLP_MAIN_VIEW.html">Sikkerheds­modul</target>
      <target FeatureID="-1" href="SEMOD_HLP_SIGNINGCODE_VIEW.html">Ændre signe­ringskode</target>
   </keywords>
   <keywords>
      <text FeatureID="-1">PIN-kode</text>
      <target FeatureID="-1" href="SECMOD_HLP_ACCESSCODE_VIEW.html">PIN-kode til sikkerh.modul</target>
   </keywords>
   <keywords>
      <text FeatureID="-1">sikkerhedsmodulkoder</text>
      <target FeatureID="-1" href="SECMOD_HLP_CODE_VIEW.html">Sikkerheds­modulskoder</target>
   </keywords>
   <keywords>
      <text FeatureID="-1">PIN-kode til sikkerh.modul</text>
      <target FeatureID="-1" href="SECMOD_HLP_CODE_VIEW.html">Sikkerheds­modulskoder</target>
   </keywords>
   <keywords>
      <text FeatureID="-1">nøglelager</text>
      <target FeatureID="-1" href="SECMOD_HLP_MAIN_VIEW.html">Sikkerheds­modul</target>
   </keywords>
   <keywords>
      <text FeatureID="-1">signerings­kode</text>
      <target FeatureID="-1" href="SEMOD_HLP_SIGNINGCODE_VIEW.html">Ændre signe­ringskode</target>
   </keywords>
   <keywords>
      <text FeatureID="-1">digitale signaturer</text>
      <target FeatureID="-1" href="SEMOD_HLP_SIGNINGCODE_VIEW.html">Ændre signe­ringskode</target>
   </keywords>
</keywords>