<?xml version="1.0" encoding="UTF-8"?>
<keywords>
   <keywords>
      <text FeatureID="-1">Software aktualisieren</text>
      <target FeatureID="-1" href="SWUPDATE_HLP_MAIN.html">Softwareaktualisierung</target>
   </keywords>
   <keywords>
      <text FeatureID="-1">Softwareaktualisierung</text>
      <target FeatureID="-1" href="SWUPDATE_HLP_MAIN.html">Softwareaktualisierung</target>
   </keywords>
   <keywords>
      <text FeatureID="-1">Einstellungen für die Softwareaktualisierung</text>
      <target FeatureID="-1" href="SWUPDATE_HLP_SETTINGS.html">Einstellungen für die Softwareaktualisierung</target>
   </keywords>
</keywords>