<?xml version="1.0" encoding="UTF-8"?>
<keywords>
   <keywords>
      <text FeatureID="-1">odosielanie správ</text>
      <target FeatureID="-1" href="UNIFIED_HLP_EDITOR.html">Tvorba správ</target>
   </keywords>
   <keywords>
      <text FeatureID="-1">editor správ</text>
      <target FeatureID="-1" href="UNIFIED_HLP_EDITOR.html">Tvorba správ</target>
   </keywords>
   <keywords>
      <text FeatureID="-1">správy</text>
      <target FeatureID="-1" href="UNIFIED_HLP_SENDING_OPTIONS.html">Voľby odoslania</target>
   </keywords>
   <keywords>
      <text FeatureID="-1">voľby odoslania</text>
      <target FeatureID="-1" href="UNIFIED_HLP_SENDING_OPTIONS.html">Voľby odoslania</target>
   </keywords>
   <keywords>
      <text FeatureID="-1">mediálne objekty</text>
      <target FeatureID="-1" href="UNIFIED_HLP_ED_OBJECTS.html">Prijaté mediálne objekty</target>
   </keywords>
   <keywords>
      <text FeatureID="-1">multimediálne objekty</text>
      <target FeatureID="-1" href="UNIFIED_HLP_ED_OBJECTS.html">Prijaté mediálne objekty</target>
   </keywords>
</keywords>