<?xml version="1.0" encoding="UTF-8"?>
<keywords>
   <keywords>
      <text FeatureID="-1">gestió de dispositius</text>
      <target FeatureID="-1" href="CP_HLP_DEVICE_MANAGEMENT.html">Gestió de dispositius</target>
   </keywords>
   <keywords>
      <text FeatureID="true_109">EAP (protocol d'autenticació extensible)</text>
      <target FeatureID="true_109" href="SET_HLP_WLAN_EAP_SIM.html">Configuració d'EAP-SIM</target>
   </keywords>
   <keywords>
      <text FeatureID="true_109">configuració, WLAN</text>
      <target FeatureID="true_109" href="SET_HLP_WLAN_EAP_SIM.html">Configuració d'EAP-SIM</target>
   </keywords>
   <keywords>
      <text FeatureID="-1">restricció de punts d'accés</text>
      <target FeatureID="-1" href="ACL_HLP_MAIN.html">Restringiu connexions</target>
   </keywords>
   <keywords>
      <text FeatureID="-1">configuració de connexió</text>
      <target FeatureID="-1" href="SET_HLP_CONN_DEST_VIEW.html">Vista de destinacions</target>
      <target FeatureID="-1" href="SET_HLP_DEFAULT_CONN.html">Connexió predefinida</target>
      <target FeatureID="-1" href="SET_HLP_CONN_METHODS_VIEW.html">Vista de punts d'accés</target>
      <target FeatureID="true_1537" href="RD_HLP_REMOTE_DRIVE_CONFIG.html">Configuració d'unitat remota</target>
      <target FeatureID="true_1537" href="RD_HLP_REMOTE_DRIVES.html">Unitats remotes</target>
   </keywords>
   <keywords>
      <text FeatureID="-1">configuració de destinació</text>
      <target FeatureID="-1" href="SET_HLP_CONN_DEST_VIEW.html">Vista de destinacions</target>
   </keywords>
   <keywords>
      <text FeatureID="-1">connexió predefinida</text>
      <target FeatureID="-1" href="SET_HLP_DEFAULT_CONN.html">Connexió predefinida</target>
   </keywords>
   <keywords>
      <text FeatureID="-1">punts d'accés de VPN</text>
      <target FeatureID="true_99" href="SET_HLP_VPN_DEST_ASSOC_VIEW.html">Connexions de VPN</target>
      <target FeatureID="-1" href="SET_HLP_VPN_AP_SETTINGS_VIEW.html">Editar punts d'accés VPN</target>
   </keywords>
   <keywords>
      <text FeatureID="-1">punts d'accés</text>
      <target FeatureID="-1" href="SET_HLP_CONN_METHODS_VIEW.html">Vista de punts d'accés</target>
   </keywords>
   <keywords>
      <text FeatureID="-1">connexions de l'aplicació</text>
      <target FeatureID="-1" href="SET_HLP_APP_DEST_ASSOC_VIEW.html">Connexions de l'aplicació</target>
   </keywords>
   <keywords>
      <text FeatureID="-1">configuració de l'aplicació</text>
      <target FeatureID="-1" href="CP_HLP_APPILICATION_SETTINGS.html">Configuració de l'aplicació</target>
   </keywords>
   <keywords>
      <text FeatureID="-1">trucades, configuració</text>
      <target FeatureID="-1" href="SCP_HLP_CALL.html">Configuració de trucades</target>
   </keywords>
   <keywords>
      <text FeatureID="-1">configuració, trucades</text>
      <target FeatureID="-1" href="SCP_HLP_CALL.html">Configuració de trucades</target>
   </keywords>
   <keywords>
      <text FeatureID="-1">connectivitat</text>
      <target FeatureID="-1" href="CP_HLP_CONNECTIVITY.html">Configuració de connectivitat</target>
   </keywords>
   <keywords>
      <text FeatureID="-1">tauler de control</text>
      <target FeatureID="-1" href="CP_HLP_DISPLAY.html">Configuració de pantalla</target>
      <target FeatureID="-1" href="CP_HLP_IDLE.html">Pantalla d’inici</target>
      <target FeatureID="__DUAL_LANGUAGE_SUPPORT=true" href="CP_HLP_WRITING_LANGUAGE.html">Idioma d’escriptura</target>
   </keywords>
   <keywords>
      <text FeatureID="-1">configuració de pantalla</text>
      <target FeatureID="-1" href="CP_HLP_DISPLAY.html">Configuració de pantalla</target>
   </keywords>
   <keywords>
      <text FeatureID="-1">configuració general</text>
      <target FeatureID="-1" href="CP_HLP_DEVICE.html">Configuració del dispositiu</target>
   </keywords>
   <keywords>
      <text FeatureID="-1">configuració del dispositiu</text>
      <target FeatureID="-1" href="CP_HLP_DEVICE.html">Configuració del dispositiu</target>
   </keywords>
   <keywords>
      <text FeatureID="-1">configuració d'idioma</text>
      <target FeatureID="-1" href="CP_HLP_LANGUAGE.html">Configuració d'idioma</target>
   </keywords>
   <keywords>
      <text FeatureID="-1">configuració</text>
      <target FeatureID="-1" href="CP_HLP_MAIN_VIEW.html">Configuració</target>
   </keywords>
   <keywords>
      <text FeatureID="-1">configuració de xarxa</text>
      <target FeatureID="-1" href="CP_HLP_NETWORK.html">Configuració de xarxa</target>
      <target FeatureID="-1" href="CP_HLP_NETWORK.html">Configuració de xarxa</target>
   </keywords>
   <keywords>
      <text FeatureID="-1">perfil</text>
      <target FeatureID="-1" href="CP_HLP_PERSONAL.html">Vista personal</target>
   </keywords>
   <keywords>
      <text FeatureID="-1">tema</text>
      <target FeatureID="-1" href="CP_HLP_PERSONAL.html">Vista personal</target>
   </keywords>
   <keywords>
      <text FeatureID="-1">en espera</text>
      <target FeatureID="-1" href="CP_HLP_PERSONAL.html">Vista personal</target>
   </keywords>
   <keywords>
      <text FeatureID="-1">seguretat, configuració</text>
      <target FeatureID="-1" href="CP_HLP_SECURITY.html">Configuració de seguretat</target>
   </keywords>
   <keywords>
      <text FeatureID="-1">configuració, seguretat</text>
      <target FeatureID="-1" href="CP_HLP_SECURITY.html">Configuració de seguretat</target>
   </keywords>
   <keywords>
      <text FeatureID="-1">dispositiu, bloquejar</text>
      <target FeatureID="-1" href="SET_HLP_SECURITY_DEVICE_SIM.html">Seguretat del dispositiu</target>
   </keywords>
   <keywords>
      <text FeatureID="-1">seguretat</text>
      <target FeatureID="-1" href="SET_HLP_SECURITY_DEVICE_SIM.html">Seguretat del dispositiu</target>
   </keywords>
   <keywords>
      <text FeatureID="-1">configuració de la pantalla d’inici</text>
      <target FeatureID="-1" href="CP_HLP_IDLE.html">Pantalla d’inici</target>
   </keywords>
   <keywords>
      <text FeatureID="__DUAL_LANGUAGE_SUPPORT=true">idioma d’escriptura</text>
      <target FeatureID="__DUAL_LANGUAGE_SUPPORT=true" href="CP_HLP_WRITING_LANGUAGE.html">Idioma d’escriptura</target>
   </keywords>
   <keywords>
      <text FeatureID="-1">llum de notificació</text>
      <target FeatureID="-1" href="ES_HLP_LIGHT_MAIN.html">Llum de notificació</target>
      <target FeatureID="-1" href="ES_HLP_LIGHT_BLINKING.html">Configuració d'il·luminació de notificació</target>
   </keywords>
   <keywords>
      <text FeatureID="-1">configuració d'accessoris</text>
      <target FeatureID="-1" href="SET_HLP_ACCESSORIES_LIST.html">Configuració d'accessoris</target>
   </keywords>
   <keywords>
      <text FeatureID="-1">punt d'accés de paquet de dades</text>
      <target FeatureID="-1" href="SET_HLP_AP_SETTING_GPRS.html">Punt d'accés de paquet de dades</target>
   </keywords>
   <keywords>
      <text FeatureID="-1">configuració de paquet de dades</text>
      <target FeatureID="-1" href="SET_HLP_AP_SETTING_GPRS_AS.html">Configuració avançada de paquet de dades</target>
   </keywords>
   <keywords>
      <text FeatureID="-1">punts d'accés de paquets de dades</text>
      <target FeatureID="-1" href="SET_HLP_AP_SETTING_GPRS_AS.html">Configuració avançada de paquet de dades</target>
   </keywords>
   <keywords>
      <text FeatureID="true_1088 true_110">punts d'accés de trucades de dades</text>
      <target FeatureID="true_110" href="SET_HLP_AP_DATA_AS_IPV4.html">Configuració de trucades de dades IPv4</target>
      <target FeatureID="true_1088" href="SET_HLP_AP_DATA_AS_IPV6.html">Configuració de trucades de dades IPv6</target>
      <target FeatureID="true_110" href="SET_HLP_AP_SETTING_DATA_AS.html">Configuració avançada de trucades de dades</target>
   </keywords>
   <keywords>
      <text FeatureID="true_110">configuració del punt d'accés</text>
      <target FeatureID="true_110" href="SET_HLP_AP_SETTING_DATA.html">Punts d'accés de trucades de dades</target>
      <target FeatureID="true_110" href="SET_HLP_AP_SETTING_DATA_AS.html">Configuració avançada de trucades de dades</target>
   </keywords>
   <keywords>
      <text FeatureID="true_110">configuració de trucades de dades</text>
      <target FeatureID="true_110" href="SET_HLP_AP_SETTING_DATA.html">Punts d'accés de trucades de dades</target>
   </keywords>
   <keywords>
      <text FeatureID="-1">xarxa privada virtual</text>
      <target FeatureID="-1" href="SET_HLP_VPN_AP_SETTINGS_VIEW.html">Editar punts d'accés VPN</target>
   </keywords>
   <keywords>
      <text FeatureID="-1">protecció del teclat</text>
      <target FeatureID="-1" href="CP_HLP_AUTOKEYGUARD.html">Protecció del teclat automàtica</target>
   </keywords>
   <keywords>
      <text FeatureID="true_1537">unitats remotes</text>
      <target FeatureID="true_1537" href="RD_HLP_REMOTE_DRIVE_CONFIG.html">Configuració d'unitat remota</target>
      <target FeatureID="true_1537" href="RD_HLP_REMOTE_DRIVES.html">Unitats remotes</target>
   </keywords>
   <keywords>
      <text FeatureID="-1">exclusió de trucades</text>
      <target FeatureID="-1" href="SET_HLP_BARRING_SETTINGS.html">Excloeu trucades de telèfon</target>
      <target FeatureID="-1" href="SET_HLP_BARRING_SETTINGS.html">Excloeu trucades de telèfon</target>
      <target FeatureID="true_298" href="DIV_HLP_BARRING_MAIN.html">Excloeu trucades</target>
      <target FeatureID="true_298" href="DIV_HLP_BARRING_MAIN.html">Excloeu trucades</target>
   </keywords>
   <keywords>
      <text FeatureID="-1">desviament de trucades</text>
      <target FeatureID="-1" href="DIV_HLP_CALL_FORW_MAIN.html">Desviament de trucades</target>
      <target FeatureID="-1" href="DIV_HLP_CALL_FORW_VOI.html">Desvieu trucades de veu</target>
   </keywords>
   <keywords>
      <text FeatureID="-1">reenviament de trucades</text>
      <target FeatureID="-1" href="DIV_HLP_CALL_FORW_MAIN.html">Desviament de trucades</target>
   </keywords>
   <keywords>
      <text FeatureID="-1">configuració de sincronització</text>
      <target FeatureID="-1" href="CP_HLP_SYNCHRONISATION.html">Configuració de sincronització</target>
   </keywords>
   <keywords>
      <text FeatureID="-1">instal·lació d'aplicacions</text>
      <target FeatureID="-1" href="CP_HLP_INSTALLATIONS.html">Instal·lacions</target>
   </keywords>
   <keywords>
      <text FeatureID="-1">configuració de l'auricular</text>
      <target FeatureID="-1" href="SET_HLP_ACCESSORIES_HEADPHONE.html">Configuració de l'auricular</target>
      <target FeatureID="-1" href="SET_HLP_ACCESSORIES_HEADSET.html">Configuració de l'auricular</target>
   </keywords>
   <keywords>
      <text FeatureID="-1">configuració d’accessoris</text>
      <target FeatureID="-1" href="SET_HLP_ACCESSORIES_HEADPHONE.html">Configuració de l'auricular</target>
      <target FeatureID="-1" href="SET_HLP_ACCESSORIES_HEADSET.html">Configuració de l'auricular</target>
      <target FeatureID="-1" href="SET_HLP_ACCESS_WIRED_CK.html">Configuració de kit de cotxe amb fils</target>
      <target FeatureID="true_1032" href="SET_HLP_ACCESSORIES_TTY.html">Configuració de DTS</target>
      <target FeatureID="true_1540" href="SET_HLP_ACCESSORIES_TVOUT.html">Configuració de sortida de TV</target>
   </keywords>
   <keywords>
      <text FeatureID="-1">configuració de kit de cotxe amb fils</text>
      <target FeatureID="-1" href="SET_HLP_ACCESS_WIRED_CK.html">Configuració de kit de cotxe amb fils</target>
   </keywords>
   <keywords>
      <text FeatureID="-1">configuració de kit de cotxe</text>
      <target FeatureID="-1" href="SET_HLP_ACCESS_WIRED_CK.html">Configuració de kit de cotxe amb fils</target>
   </keywords>
   <keywords>
      <text FeatureID="-1">configuració de suport per a música</text>
      <target FeatureID="-1" href="SET_HLP_ACCESSORIES_MUSIC_ST.html">Configuració de suport per a música</target>
   </keywords>
   <keywords>
      <text FeatureID="true_1032">Configuració de TTY</text>
      <target FeatureID="true_1032" href="SET_HLP_ACCESSORIES_TTY.html">Configuració de DTS</target>
   </keywords>
   <keywords>
      <text FeatureID="true_1032">Configuració de TDD</text>
      <target FeatureID="true_1032" href="SET_HLP_ACCESSORIES_TTY.html">Configuració de DTS</target>
   </keywords>
   <keywords>
      <text FeatureID="true_1540">configuració de sortida de TV</text>
      <target FeatureID="true_1540" href="SET_HLP_ACCESSORIES_TVOUT.html">Configuració de sortida de TV</target>
   </keywords>
</keywords>