<?xml version="1.0" encoding="UTF-8"?>
<keywords>
   <keywords>
      <text FeatureID="-1">mugarrien kategoriak</text>
      <target FeatureID="-1" href="LM_HLP_LM_BY_CATEGORY.html">Mugarrien kategoriak</target>
      <target FeatureID="-1" href="LM_HLP_EDIT_CATEGORIES.html">Mugarrien kategoriak editatu</target>
   </keywords>
   <keywords>
      <text FeatureID="-1">mugarriak</text>
      <target FeatureID="-1" href="LM_HLP_LM_BY_NAME.html">Mugarriak izen ikuspegien arabera</target>
      <target FeatureID="-1" href="LM_HLP_CATEGORY_CONTENTS.html">Mugarriak kategorietan</target>
      <target FeatureID="-1" href="LM_HLP_LM_VIEWER.html">Mugarriak xehetasunez</target>
   </keywords>
   <keywords>
      <text FeatureID="-1">mugarriak editatu</text>
      <target FeatureID="-1" href="LM_HLP_LM_EDITOR.html">Mugarria editatu</target>
   </keywords>
</keywords>