<?xml version="1.0" encoding="UTF-8"?>
<keywords>
   <keywords>
      <text FeatureID="-1">paramètres des e‑mails</text>
      <target FeatureID="-1" href="MBXS_HLP_SETT_DOWNL_CTRL.html">Paramètres de récupération des e‑mails</target>
      <target FeatureID="-1" href="MBXS_HLP_SETT_DOWNL_RETR.html">Nombre d'e‑mails à récupérer</target>
      <target FeatureID="-1" href="MBXS_HLP_SETT_MBX_IN.html">Paramètres des e‑mails entrants</target>
      <target FeatureID="-1" href="MBXS_HLP_SETT_MBX_IN_OUT.html">Paramètres de connexion</target>
      <target FeatureID="-1" href="MBXS_HLP_SETT_MBX_OUT.html">Paramètres des e‑mails sortants</target>
      <target FeatureID="-1" href="MCE_HLP_SETTINGS_EMAIL.html">Paramètres des e‑mails</target>
      <target FeatureID="-1" href="MCE_HLP_SETT_EMAILMAIN.html">Modifier des boîtes aux lettres</target>
      <target FeatureID="-1" href="MCE_HLP_SETT_MAILBLIST.html">Boîtes aux lettres</target>
      <target FeatureID="-1" href="MCE_HLP_SETT_MAILFOLDER_UPD.html">Dossiers de la boîte aux lettres</target>
      <target FeatureID="true_1633" href="MCE_HLP_SETT_MAIL_ONLI.html">Récupération automatique</target>
   </keywords>
   <keywords>
      <text FeatureID="-1">paramètres des boîtes aux lettres</text>
      <target FeatureID="-1" href="MCE_HLP_SETT_EMAILMAIN.html">Modifier des boîtes aux lettres</target>
   </keywords>
   <keywords>
      <text FeatureID="-1">boîte aux lettres</text>
      <target FeatureID="-1" href="MCE_HLP_SETT_MAILBLIST.html">Boîtes aux lettres</target>
      <target FeatureID="-1" href="MCE_HLP_MAILBOX_ONLINE.html">E-mails en ligne</target>
   </keywords>
   <keywords>
      <text FeatureID="-1">dossiers de la boîte aux lettres</text>
      <target FeatureID="-1" href="MCE_HLP_SETT_MAILFOLDER_UPD.html">Dossiers de la boîte aux lettres</target>
   </keywords>
   <keywords>
      <text FeatureID="-1">paramètres de l'utilisateur</text>
      <target FeatureID="-1" href="MCE_HLP_SETT_MAIL_USER.html">Paramètres de l'utilisateur</target>
   </keywords>
   <keywords>
      <text FeatureID="true_44">paramètres des boîtes aux lettres de synchronisation</text>
      <target FeatureID="true_44" href="MCE_HLP_SETT_SMAILBOX.html">Paramètres des boîtes aux lettres de synchronisation</target>
   </keywords>
   <keywords>
      <text FeatureID="true_44">paramètres des e‑mails de synchronisation</text>
      <target FeatureID="true_44" href="MCE_HLP_SETT_SMAILBOX.html">Paramètres des boîtes aux lettres de synchronisation</target>
   </keywords>
   <keywords>
      <text FeatureID="-1">e-mails hors connexion</text>
      <target FeatureID="-1" href="MCE_HLP_MAILBOX_OFFLINE.html">E-mails hors connexion</target>
   </keywords>
   <keywords>
      <text FeatureID="-1">connexion à la boîte aux lettres</text>
      <target FeatureID="-1" href="MCE_HLP_MAILBOX_ONLINE.html">E-mails en ligne</target>
   </keywords>
   <keywords>
      <text FeatureID="-1">e-mails en ligne</text>
      <target FeatureID="-1" href="MCE_HLP_MAILBOX_ONLINE.html">E-mails en ligne</target>
      <target FeatureID="-1" href="MCE_HLP_MAILBOX_ONLINE.html">E-mails en ligne</target>
   </keywords>
</keywords>