<?xml version="1.0" encoding="UTF-8"?>
<keywords>
   <keywords>
      <text FeatureID="-1">کال میل باکس</text>
      <target FeatureID="-1" href="SMSVO_HLP_MAIN_VIEW.html">کال میل باکس</target>
      <target FeatureID="true_298" href="SMSVO_HLP_CS_VIDEO_AND_XSP_VOIP.html">کال، ویڈيو اور انٹرنیٹ کال میل باکس</target>
   </keywords>
   <keywords>
      <text FeatureID="-1">جواب دہندہ مشین</text>
      <target FeatureID="-1" href="SMSVO_HLP_MAIN_VIEW.html">کال میل باکس</target>
      <target FeatureID="true_89" href="SMSVO_HLP_CS_AND_VIDEO.html">کال اور ویڈیو میل باکس</target>
      <target FeatureID="true_298" href="SMSVO_HLP_CS_VIDEO_AND_XSP_VOIP.html">کال، ویڈيو اور انٹرنیٹ کال میل باکس</target>
   </keywords>
   <keywords>
      <text FeatureID="true_89">ویڈیو میل باکس</text>
      <target FeatureID="true_89" href="SMSVO_HLP_CS_AND_VIDEO.html">کال اور ویڈیو میل باکس</target>
   </keywords>
   <keywords>
      <text FeatureID="true_298">انٹرنیٹ کال میل باکس</text>
      <target FeatureID="true_298" href="SMSVO_HLP_CS_VIDEO_AND_XSP_VOIP.html">کال، ویڈيو اور انٹرنیٹ کال میل باکس</target>
   </keywords>
</keywords>