<?xml version="1.0" encoding="UTF-8"?>
<keywords>
   <keywords>
      <text FeatureID="-1">календар</text>
      <target FeatureID="-1" href="CALE_HLP_NOTE_ANNIVERSARY.html">Записи про річниці</target>
      <target FeatureID="-1" href="CALE_HLP_NOTE_VIEWER.html">Календарні записи</target>
      <target FeatureID="-1" href="CALE_HLP_DAY_VIEW.html">Вікно дня</target>
      <target FeatureID="-1" href="CALE_HLP_NOTE_MEETING.html">Записи про зустрічі</target>
      <target FeatureID="-1" href="CALE_HLP_NOTE_DAY.html">Пам'ятки</target>
      <target FeatureID="-1" href="CALE_HLP_MONTH_VIEW.html">Вікно місяця</target>
      <target FeatureID="-1" href="CALE_HLP_TODO_NOTE.html">Записи про справи</target>
      <target FeatureID="-1" href="CALE_HLP_TODO_VIEW.html">Вікно справ</target>
      <target FeatureID="-1" href="CALE_HLP_WEEK_VIEW.html">Вікно тижня</target>
   </keywords>
   <keywords>
      <text FeatureID="-1">нотатки річниць</text>
      <target FeatureID="-1" href="CALE_HLP_NOTE_ANNIVERSARY.html">Записи про річниці</target>
      <target FeatureID="-1" href="CALE_HLP_NOTE_VIEWER.html">Календарні записи</target>
   </keywords>
   <keywords>
      <text FeatureID="-1">зустрічі</text>
      <target FeatureID="-1" href="CALE_HLP_NOTE_VIEWER.html">Календарні записи</target>
      <target FeatureID="-1" href="CALE_HLP_NOTE_MEETING.html">Записи про зустрічі</target>
   </keywords>
   <keywords>
      <text FeatureID="-1">нотатки пам’яток</text>
      <target FeatureID="-1" href="CALE_HLP_NOTE_VIEWER.html">Календарні записи</target>
      <target FeatureID="-1" href="CALE_HLP_NOTE_DAY.html">Пам'ятки</target>
   </keywords>
   <keywords>
      <text FeatureID="-1">нотатки справ</text>
      <target FeatureID="-1" href="CALE_HLP_NOTE_VIEWER.html">Календарні записи</target>
      <target FeatureID="-1" href="CALE_HLP_TODO_NOTE.html">Записи про справи</target>
   </keywords>
   <keywords>
      <text FeatureID="-1">установки календаря</text>
      <target FeatureID="-1" href="CALE_HLP_SETTINGS.html">Установки календаря</target>
   </keywords>
   <keywords>
      <text FeatureID="-1">список справ</text>
      <target FeatureID="-1" href="CALE_HLP_TODO_VIEW.html">Вікно справ</target>
   </keywords>
</keywords>