<?xml version="1.0" encoding="UTF-8"?>
<keywords>
   <keywords>
      <text FeatureID="-1">календар</text>
      <target FeatureID="-1" href="CALE_HLP_NOTE_VIEWER.html">Календарні записи</target>
      <target FeatureID="-1" href="CALE_HLP_DAY_VIEW.html">Вікно дня</target>
      <target FeatureID="-1" href="CALE_HLP_NOTE_MEETING.html">Записи про зустрічі</target>
      <target FeatureID="-1" href="CALE_HLP_MONTH_VIEW.html">Вікно місяця</target>
      <target FeatureID="-1" href="CALE_HLP_TODO_NOTE.html">Записи про справи</target>
      <target FeatureID="-1" href="CALE_HLP_TODO_VIEW.html">Вікно справ</target>
      <target FeatureID="-1" href="CALE_HLP_WEEK_VIEW.html">Вікно тижня</target>
      <target FeatureID="-1" href="CALE_HLP_CALENDAR_DATABASE_SETTINGS.html">Установки кількох календарів</target>
      <target FeatureID="-1" href="CALE_HLP_CALE_MAN_VIEW.html">Вікно керування календарями</target>
      <target FeatureID="-1" href="CALE_HLP_ATTACH_VIEW.html">Вікно вкладень</target>
      <target FeatureID="-1" href="CALE_HLP_MAV.html">Вікно пропущених сигналів</target>
   </keywords>
   <keywords>
      <text FeatureID="-1">зустрічі</text>
      <target FeatureID="-1" href="CALE_HLP_NOTE_VIEWER.html">Календарні записи</target>
      <target FeatureID="-1" href="CALE_HLP_NOTE_MEETING.html">Записи про зустрічі</target>
   </keywords>
   <keywords>
      <text FeatureID="-1">нотатки справ</text>
      <target FeatureID="-1" href="CALE_HLP_NOTE_VIEWER.html">Календарні записи</target>
      <target FeatureID="-1" href="CALE_HLP_TODO_NOTE.html">Записи про справи</target>
   </keywords>
   <keywords>
      <text FeatureID="-1">установки календаря</text>
      <target FeatureID="-1" href="CALE_HLP_SETTINGS.html">Установки календаря</target>
   </keywords>
   <keywords>
      <text FeatureID="-1">список справ</text>
      <target FeatureID="-1" href="CALE_HLP_TODO_VIEW.html">Вікно справ</target>
   </keywords>
   <keywords>
      <text FeatureID="-1">установки, календар</text>
      <target FeatureID="-1" href="CALE_HLP_CALENDAR_DATABASE_SETTINGS.html">Установки кількох календарів</target>
   </keywords>
   <keywords>
      <text FeatureID="-1">вкладення</text>
      <target FeatureID="-1" href="CALE_HLP_ATTACH_VIEW.html">Вікно вкладень</target>
   </keywords>
   <keywords>
      <text FeatureID="-1">сигнали, календарна нотатка</text>
      <target FeatureID="-1" href="CALE_HLP_MAV.html">Вікно пропущених сигналів</target>
   </keywords>
</keywords>