<?xml version="1.0" encoding="UTF-8"?>
<keywords>
   <keywords>
      <text FeatureID="-1">postcard</text>
      <target FeatureID="-1" href="MMS_POSTCARD_HLP_ADDRESS_EDIT.html">Adrešu rediģēšana</target>
      <target FeatureID="-1" href="POSTCARD_HLP_ADDRESS_VIEW.html">Adrešu skatīšana</target>
      <target FeatureID="-1" href="POSTCARD_HLP_GREETING_VIEW.html">Sveicienu skatīšana</target>
      <target FeatureID="-1" href="MMS_POSTCARD_HLP_MAIN_EDIT.html">Pastkaršu izveide</target>
   </keywords>
   <keywords>
      <text FeatureID="-1">pastkaršu sūtīšana</text>
      <target FeatureID="-1" href="MMS_POSTCARD_HLP_ADDRESS_EDIT.html">Adrešu rediģēšana</target>
      <target FeatureID="-1" href="POSTCARD_HLP_GREETING_EDIT.html">Apsveikumu rakstīšana</target>
      <target FeatureID="-1" href="MMS_POSTCARD_HLP_MAIN_EDIT.html">Pastkaršu izveide</target>
   </keywords>
   <keywords>
      <text FeatureID="-1">pastkartes</text>
      <target FeatureID="-1" href="MMS_POSTCARD_HLP_MAIN_VIEW.html">Pastkaršu apskate</target>
   </keywords>
   <keywords>
      <text FeatureID="-1">pastkarte</text>
      <target FeatureID="-1" href="POSTCARD_HLP_GREETING_EDIT.html">Apsveikumu rakstīšana</target>
   </keywords>
</keywords>