<?xml version="1.0" encoding="UTF-8"?>
<keywords>
   <keywords>
      <text FeatureID="-1">správca súborov</text>
      <target FeatureID="-1" href="FMGR_HLP_MEM_STORE_VIEW.html">Správa súborov</target>
      <target FeatureID="-1" href="FMGR_HLP_MAIN_VIEW.html">Správca súborov</target>
      <target FeatureID="-1" href="FMGR_HLP_BACKUP_VIEW.html">Zálohovanie súborov</target>
   </keywords>
   <keywords>
      <text FeatureID="-1">pamäťová karta</text>
      <target FeatureID="-1" href="FMGR_HLP_MEM_STORE_VIEW.html">Správa súborov</target>
      <target FeatureID="-1" href="FMGR_HLP_MAIN_VIEW.html">Správca súborov</target>
      <target FeatureID="-1" href="FMGR_HLP_BACKUP_VIEW.html">Zálohovanie súborov</target>
   </keywords>
   <keywords>
      <text FeatureID="-1">Správca súborov</text>
      <target FeatureID="-1" href="FMGR_HLP_SEARCH_RESULTS.html">Vyhľadávanie súborov</target>
   </keywords>
   <keywords>
      <text FeatureID="-1">vyhľadávanie súborov</text>
      <target FeatureID="-1" href="FMGR_HLP_SEARCH_RESULTS.html">Vyhľadávanie súborov</target>
   </keywords>
   <keywords>
      <text FeatureID="-1">vyhľadávanie zložiek</text>
      <target FeatureID="-1" href="FMGR_HLP_SEARCH_RESULTS.html">Vyhľadávanie súborov</target>
   </keywords>
   <keywords>
      <text FeatureID="-1">zálohovanie</text>
      <target FeatureID="-1" href="FMGR_HLP_BACKUP_VIEW.html">Zálohovanie súborov</target>
   </keywords>
</keywords>