<?xml version="1.0" encoding="UTF-8"?>
<keywords>
   <keywords>
      <text FeatureID="-1">Cell Broadcast-Mitteilungen</text>
      <target FeatureID="-1" href="CBS_HLP_TOPIC_VIEW.html">Cell Broadcast-Mitteilungen</target>
      <target FeatureID="-1" href="CBS_HLP_MAIN.html">Cell Broadcast-Themen</target>
      <target FeatureID="-1" href="CBS_HLP_MSG.html">CBS-Mitteilungen lesen</target>
   </keywords>
   <keywords>
      <text FeatureID="-1">Cell Broadcast-Themen</text>
      <target FeatureID="-1" href="CBS_HLP_MAIN.html">Cell Broadcast-Themen</target>
   </keywords>
</keywords>