<?xml version="1.0" encoding="UTF-8"?>
<keywords>
   <keywords>
      <text FeatureID="-1">cámara</text>
      <target FeatureID="-1" href="LCAM_HLP_VIEWFINDER_PHOTO.html">Captura de imaxes</target>
      <target FeatureID="false_410" href="LCAM_HLP_LIGHT_SENSITIVITY.html">Cambiar a sensibilidade á luz</target>
      <target FeatureID="-1" href="LCAM_HLP_SCENES_PHOTO.html">Escenas de imaxes</target>
      <target FeatureID="-1" href="LCAM_HLP_VIEWFINDER_VIDEO.html">Gravación de videoclips</target>
      <target FeatureID="false_410" href="LCAM_HLP_SCENES_VIDEO.html">Escenas de vídeo</target>
      <target FeatureID="-1" href="LCAM_HLP_VIEWFINDER_VIDEO_EM.html">Vídeos das aplicacións</target>
      <target FeatureID="false_410" href="LCAM_HLP_STANDYBY_EM.html">Cámara non activa</target>
      <target FeatureID="-1" href="LCAM_HLP_POST_VIDEO.html">Reprodución de videoclips</target>
      <target FeatureID="-1" href="LCAM_HLP_POST_PHOTO.html">Ver imaxes capturadas</target>
      <target FeatureID="true_132" href="LCAM_HLP_POST_SEQ.html">Ver as imaxes capturadas nunha secuencia</target>
   </keywords>
   <keywords>
      <text FeatureID="-1">captura de imaxes</text>
      <target FeatureID="-1" href="LCAM_HLP_VIEWFINDER_PHOTO.html">Captura de imaxes</target>
   </keywords>
   <keywords>
      <text FeatureID="false_410">sensibilidade á luz</text>
      <target FeatureID="false_410" href="LCAM_HLP_LIGHT_SENSITIVITY.html">Cambiar a sensibilidade á luz</target>
   </keywords>
   <keywords>
      <text FeatureID="-1">escenas da cámara</text>
      <target FeatureID="-1" href="LCAM_HLP_SETTINGS_PHOUSER.html">Definir escenas</target>
   </keywords>
   <keywords>
      <text FeatureID="-1">escenas</text>
      <target FeatureID="-1" href="LCAM_HLP_SCENES_PHOTO.html">Escenas de imaxes</target>
   </keywords>
   <keywords>
      <text FeatureID="-1">axustes de cámara</text>
      <target FeatureID="-1" href="LCAM_HLP_SETTINGS.html">Axustes da cámara</target>
   </keywords>
   <keywords>
      <text FeatureID="-1">cámara, axustes</text>
      <target FeatureID="-1" href="LCAM_HLP_SETTINGS_PHOTO.html">Axustes de imaxe</target>
      <target FeatureID="-1" href="LCAM_HLP_SETTINGS_VIDEO.html">Axustes de vídeo</target>
   </keywords>
   <keywords>
      <text FeatureID="-1">gravación de vídeos</text>
      <target FeatureID="-1" href="LCAM_HLP_VIEWFINDER_VIDEO.html">Gravación de videoclips</target>
   </keywords>
   <keywords>
      <text FeatureID="false_410">escenas de vídeo</text>
      <target FeatureID="false_410" href="LCAM_HLP_SCENES_VIDEO.html">Escenas de vídeo</target>
   </keywords>
   <keywords>
      <text FeatureID="-1">vídeo, axustes</text>
      <target FeatureID="-1" href="LCAM_HLP_SETTINGS_VIDEO.html">Axustes de vídeo</target>
   </keywords>
   <keywords>
      <text FeatureID="-1">videoclips en aplicacións</text>
      <target FeatureID="-1" href="LCAM_HLP_VIEWFINDER_VIDEO_EM.html">Vídeos das aplicacións</target>
   </keywords>
   <keywords>
      <text FeatureID="-1">reprodución de videoclips</text>
      <target FeatureID="-1" href="LCAM_HLP_POST_VIDEO.html">Reprodución de videoclips</target>
   </keywords>
   <keywords>
      <text FeatureID="-1">cámara en aplicacións</text>
      <target FeatureID="-1" href="LCAM_HLP_VIEWFINDER_PHOTO_EM.html">Imaxes en aplicacións</target>
   </keywords>
   <keywords>
      <text FeatureID="-1">ver imaxes</text>
      <target FeatureID="-1" href="LCAM_HLP_POST_PHOTO.html">Ver imaxes capturadas</target>
   </keywords>
   <keywords>
      <text FeatureID="true_132">modo secuencia</text>
      <target FeatureID="true_132" href="LCAM_HLP_POST_SEQ.html">Ver as imaxes capturadas nunha secuencia</target>
   </keywords>
</keywords>