<?xml version="1.0" encoding="UTF-8"?><?xml-stylesheet  href="../../theme/xsl/index2html.xslt" type="text/xsl"?>
<topics FeatureID="-1" title="Pemesejan segera" compressed="true">
   <topicref FeatureID="-1" href="IMNG_HLP_SEARCHCHAT.html" navtitle="Cari pengguna IM"/>
   <topicref FeatureID="-1" href="IMNG_HLP_SAVED_VIEW.html" navtitle="Lihat perbualan yang disimpan"/>
   <topicref FeatureID="-1" href="IMNG_HLP_SAVED_LIST.html" navtitle="Perbualan yang disimpan"/>
   <topicref FeatureID="-1" href="IMNG_HLP_IMCHAT.html" navtitle="Perbualan kumpulan"/>
   <topicref FeatureID="-1" href="IMNG_HLP_GROUP_EDIT.html" navtitle="Hak mengedit kumpulan"/>
   <topicref FeatureID="-1" href="IMNG_HLP_GROUP_BAN.html" navtitle="Larang pengguna IM daripada kumpulan"/>
   <topicref FeatureID="-1" href="IMNG_HLP_CONT_OWN_DATA.html" navtitle="Data saya"/>
   <topicref FeatureID="-1" href="IMNG_HLP_COMMUNITY_VIEW_EMPTY.html" navtitle="Mula menggunakan IM"/>
   <topicref FeatureID="-1" href="IMNG_HLP_COMMUNITY_VIEW.html" navtitle="Pemesejan segera"/>
   <topicref FeatureID="-1" href="IMNG_HLP_BLOCKED_VIEW.html" navtitle="Kenalan yang dihalang"/>
   <topicref FeatureID="-1" href="IMNG_HLP_SETTINGS.html" navtitle="Tetapan IM"/>
   <topicref FeatureID="-1" href="IMNG_HLP_SERVLISTSETT_IM.html" navtitle="Pelayan IM"/>
   <topicref FeatureID="-1" href="IMNG_HLP_DEFSERVER.html" navtitle="Tetapan pelayan IM"/>
   <topicref FeatureID="-1" href="IMNG_HLP_INVITE.html" navtitle="Jemputan IM"/>
   <topicref FeatureID="-1" href="IMNG_HLP_CREATECHAT.html" navtitle="Tetapan kumpulan IM"/>
   <topicref FeatureID="-1" href="IMNG_HLP_ACCLIST.html" navtitle="Ahli kumpulan IM"/>
   <topicref FeatureID="-1" href="IMNG_HLP_CONVERSATIONS.html" navtitle="Perbualan IM"/>
   <topicref FeatureID="-1" href="IMNG_HLP_CONTACTDETAILS.html" navtitle="Butiran kenalan IM"/>
   <topicref FeatureID="-1" href="IMNG_HLP_APPSETT.html" navtitle="Tetapan aplikasi IM"/>
</topics>