<?xml version="1.0" encoding="UTF-8"?>
<keywords>
   <keywords>
      <text FeatureID="-1">mencari pengguna IM</text>
      <target FeatureID="-1" href="IMNG_HLP_SEARCHCHAT.html">Cari pengguna IM</target>
   </keywords>
   <keywords>
      <text FeatureID="-1">pemesejan segera</text>
      <target FeatureID="-1" href="IMNG_HLP_SEARCHCHAT.html">Cari pengguna IM</target>
      <target FeatureID="-1" href="IMNG_HLP_SAVED_VIEW.html">Lihat perbualan yang disimpan</target>
      <target FeatureID="-1" href="IMNG_HLP_SAVED_LIST.html">Perbualan yang disimpan</target>
      <target FeatureID="-1" href="IMNG_HLP_GROUP_EDIT.html">Hak mengedit kumpulan</target>
      <target FeatureID="-1" href="IMNG_HLP_GROUP_BAN.html">Larang pengguna IM daripada kumpulan</target>
      <target FeatureID="-1" href="IMNG_HLP_CONT_OWN_DATA.html">Data saya</target>
      <target FeatureID="-1" href="IMNG_HLP_COMMUNITY_VIEW_EMPTY.html">Mula menggunakan IM</target>
      <target FeatureID="-1" href="IMNG_HLP_COMMUNITY_VIEW.html">Pemesejan segera</target>
      <target FeatureID="-1" href="IMNG_HLP_CREATECHAT.html">Tetapan kumpulan IM</target>
      <target FeatureID="-1" href="IMNG_HLP_ACCLIST.html">Ahli kumpulan IM</target>
      <target FeatureID="-1" href="IMNG_HLP_CONVERSATIONS.html">Perbualan IM</target>
      <target FeatureID="-1" href="IMNG_HLP_APPSETT.html">Tetapan aplikasi IM</target>
   </keywords>
   <keywords>
      <text FeatureID="-1">mencari kumpulan IM</text>
      <target FeatureID="-1" href="IMNG_HLP_SEARCHCHAT.html">Cari pengguna IM</target>
   </keywords>
   <keywords>
      <text FeatureID="-1">perbualan yang disimpan</text>
      <target FeatureID="-1" href="IMNG_HLP_SAVED_LIST.html">Perbualan yang disimpan</target>
   </keywords>
   <keywords>
      <text FeatureID="-1">IM (pemesejan segera)</text>
      <target FeatureID="-1" href="IMNG_HLP_IMCHAT.html">Perbualan kumpulan</target>
   </keywords>
   <keywords>
      <text FeatureID="-1">menyertai kumpulan IM</text>
      <target FeatureID="-1" href="IMNG_HLP_IMCHAT.html">Perbualan kumpulan</target>
   </keywords>
   <keywords>
      <text FeatureID="-1">hak mengedit</text>
      <target FeatureID="-1" href="IMNG_HLP_GROUP_EDIT.html">Hak mengedit kumpulan</target>
   </keywords>
   <keywords>
      <text FeatureID="-1">senarai dilarang</text>
      <target FeatureID="-1" href="IMNG_HLP_GROUP_BAN.html">Larang pengguna IM daripada kumpulan</target>
   </keywords>
   <keywords>
      <text FeatureID="-1">Ahli kumpulan IM</text>
      <target FeatureID="-1" href="IMNG_HLP_GROUP_BAN.html">Larang pengguna IM daripada kumpulan</target>
      <target FeatureID="-1" href="IMNG_HLP_ACCLIST.html">Ahli kumpulan IM</target>
   </keywords>
   <keywords>
      <text FeatureID="-1">Kenalan IM</text>
      <target FeatureID="-1" href="IMNG_HLP_CONT_OWN_DATA.html">Data saya</target>
      <target FeatureID="-1" href="IMNG_HLP_BLOCKED_VIEW.html">Kenalan yang dihalang</target>
      <target FeatureID="-1" href="IMNG_HLP_CONTACTDETAILS.html">Butiran kenalan IM</target>
   </keywords>
   <keywords>
      <text FeatureID="-1">IM</text>
      <target FeatureID="-1" href="IMNG_HLP_COMMUNITY_VIEW_EMPTY.html">Mula menggunakan IM</target>
      <target FeatureID="-1" href="IMNG_HLP_COMMUNITY_VIEW.html">Pemesejan segera</target>
      <target FeatureID="-1" href="IMNG_HLP_CONVERSATIONS.html">Perbualan IM</target>
   </keywords>
   <keywords>
      <text FeatureID="-1">kenalan IM yang dihalang</text>
      <target FeatureID="-1" href="IMNG_HLP_BLOCKED_VIEW.html">Kenalan yang dihalang</target>
   </keywords>
   <keywords>
      <text FeatureID="-1">Tetapan IM</text>
      <target FeatureID="-1" href="IMNG_HLP_SETTINGS.html">Tetapan IM</target>
      <target FeatureID="-1" href="IMNG_HLP_APPSETT.html">Tetapan aplikasi IM</target>
   </keywords>
   <keywords>
      <text FeatureID="-1">Pelayan IM</text>
      <target FeatureID="-1" href="IMNG_HLP_SERVLISTSETT_IM.html">Pelayan IM</target>
   </keywords>
   <keywords>
      <text FeatureID="-1">Tetapan pelayan IM</text>
      <target FeatureID="-1" href="IMNG_HLP_DEFSERVER.html">Tetapan pelayan IM</target>
   </keywords>
   <keywords>
      <text FeatureID="-1">tetapan pelayan</text>
      <target FeatureID="-1" href="IMNG_HLP_DEFSERVER.html">Tetapan pelayan IM</target>
   </keywords>
   <keywords>
      <text FeatureID="-1">jemputan</text>
      <target FeatureID="-1" href="IMNG_HLP_INVITE.html">Jemputan IM</target>
   </keywords>
   <keywords>
      <text FeatureID="-1">Tetapan kumpulan IM</text>
      <target FeatureID="-1" href="IMNG_HLP_CREATECHAT.html">Tetapan kumpulan IM</target>
   </keywords>
   <keywords>
      <text FeatureID="-1">perbualan</text>
      <target FeatureID="-1" href="IMNG_HLP_CONVERSATIONS.html">Perbualan IM</target>
   </keywords>
   <keywords>
      <text FeatureID="-1">Pemesejan segera</text>
      <target FeatureID="-1" href="IMNG_HLP_CONTACTDETAILS.html">Butiran kenalan IM</target>
   </keywords>
</keywords>