<?xml version="1.0" encoding="UTF-8"?><?xml-stylesheet  href="../../theme/xsl/index2html.xslt" type="text/xsl"?>
<topics FeatureID="-1" title="Missatgeria" compressed="true">
   <topicref FeatureID="-1" href="MCE_HLP_MESSAGING.html" navtitle="Centre de missatgeria"/>
   <topicref FeatureID="-1" href="MCE_HLP_SIM.html" navtitle="Visualitzeu missatges de la SIM"/>
   <topicref FeatureID="-1" href="MCE_HLP_SETTINGS.html" navtitle="Configuració de missatgeria"/>
   <topicref FeatureID="-1" href="MCE_HLP_SETTINGS_SMS.html" navtitle="Configuració de missatges de text"/>
   <topicref FeatureID="-1" href="SMS_HLP_SETTINGS_SCENTRES.html" navtitle="Configuració del centre de missatges de text"/>
   <topicref FeatureID="-1" href="SMS_HLP_SETTINGS_SCENTRES_EDIT.html" navtitle="Editeu centres de missatges de text"/>
   <topicref FeatureID="true_1092" href="SMS_HLP_SETTINGS_SMS_EMAIL.html" navtitle="Configuració del correu electrònic de missatges de text"/>
   <topicref FeatureID="-1" href="MCE_HLP_SETTINGS_MMS.html" navtitle="Configuració de missatges multimèdia"/>
   <topicref FeatureID="true_1090" href="MCE_HLP_SETTINGS_CB.html" navtitle="Configuració d'informació de cel·la"/>
   <topicref FeatureID="-1" href="MCE_HLP_SETTINGS_GEN.html" navtitle="Altres configuracions"/>
   <topicref FeatureID="-1" href="MCE_HLP_INBOX.html" navtitle="Bústia d'entrada"/>
   <topicref FeatureID="-1" href="MCE_HLP_DOCUMENTS.html" navtitle="Carpetes pròpies"/>
   <topicref FeatureID="-1" href="MCE_HLP_TEMPLATES.html" navtitle="Plantilles de missatges"/>
   <topicref FeatureID="-1" href="MCE_HLP_FOLDER.html" navtitle="Organitzeu missatges"/>
   <topicref FeatureID="-1" href="MCE_HLP_DRAFTS.html" navtitle="Esborranys"/>
   <topicref FeatureID="-1" href="MCE_HLP_SENT_ITEMS.html" navtitle="Missatges enviats"/>
   <topicref FeatureID="-1" href="MCE_HLP_OUTBOX.html" navtitle="Bústia de sortida"/>
   <topicref FeatureID="-1" href="MCE_HLP_DELIVERY_REPORTS.html" navtitle="Informes d'entrega"/>
   <topicref FeatureID="true_1132" href="MCE_HLP_MMS_NOTIFICATIONS.html" navtitle="Notificacions multimèdia"/>
</topics>