<?xml version="1.0" encoding="UTF-8"?>
<keywords>
   <keywords>
      <text FeatureID="-1">enviament de missatges</text>
      <target FeatureID="-1" href="MCE_HLP_MESSAGING.html">Centre de missatgeria</target>
      <target FeatureID="-1" href="MCE_HLP_OUTBOX.html">Bústia de sortida</target>
   </keywords>
   <keywords>
      <text FeatureID="-1">recepció de missatges</text>
      <target FeatureID="-1" href="MCE_HLP_MESSAGING.html">Centre de missatgeria</target>
      <target FeatureID="-1" href="MCE_HLP_INBOX.html">Bústia d'entrada</target>
   </keywords>
   <keywords>
      <text FeatureID="-1">missatges de la SIM</text>
      <target FeatureID="-1" href="MCE_HLP_SIM.html">Visualitzeu missatges de la SIM</target>
   </keywords>
   <keywords>
      <text FeatureID="-1">missatges a la targeta SIM</text>
      <target FeatureID="-1" href="MCE_HLP_SIM.html">Visualitzeu missatges de la SIM</target>
   </keywords>
   <keywords>
      <text FeatureID="-1">configuració de missatgeria</text>
      <target FeatureID="-1" href="MCE_HLP_SETTINGS.html">Configuració de missatgeria</target>
      <target FeatureID="-1" href="MCE_HLP_SETTINGS_GEN.html">Altres configuracions</target>
   </keywords>
   <keywords>
      <text FeatureID="-1">Configuració de SMS</text>
      <target FeatureID="-1" href="MCE_HLP_SETTINGS_SMS.html">Configuració de missatges de text</target>
   </keywords>
   <keywords>
      <text FeatureID="-1">configuració de missatges de text</text>
      <target FeatureID="-1" href="MCE_HLP_SETTINGS_SMS.html">Configuració de missatges de text</target>
      <target FeatureID="-1" href="SMS_HLP_SETTINGS_SCENTRES.html">Configuració del centre de missatges de text</target>
      <target FeatureID="-1" href="SMS_HLP_SETTINGS_SCENTRES_EDIT.html">Editeu centres de missatges de text</target>
   </keywords>
   <keywords>
      <text FeatureID="-1">configuració del centre de missatges</text>
      <target FeatureID="-1" href="SMS_HLP_SETTINGS_SCENTRES.html">Configuració del centre de missatges de text</target>
      <target FeatureID="-1" href="SMS_HLP_SETTINGS_SCENTRES_EDIT.html">Editeu centres de missatges de text</target>
   </keywords>
   <keywords>
      <text FeatureID="-1">Configuració del centre SMS</text>
      <target FeatureID="-1" href="SMS_HLP_SETTINGS_SCENTRES.html">Configuració del centre de missatges de text</target>
   </keywords>
   <keywords>
      <text FeatureID="true_1092">correu electrònic de missatges de text</text>
      <target FeatureID="true_1092" href="SMS_HLP_SETTINGS_SMS_EMAIL.html">Configuració del correu electrònic de missatges de text</target>
   </keywords>
   <keywords>
      <text FeatureID="true_1092">configuració de correu electrònic sms</text>
      <target FeatureID="true_1092" href="SMS_HLP_SETTINGS_SMS_EMAIL.html">Configuració del correu electrònic de missatges de text</target>
   </keywords>
   <keywords>
      <text FeatureID="-1">Configuració de MMS</text>
      <target FeatureID="-1" href="MCE_HLP_SETTINGS_MMS.html">Configuració de missatges multimèdia</target>
   </keywords>
   <keywords>
      <text FeatureID="true_1090">configuració d'informació de cel·la</text>
      <target FeatureID="true_1090" href="MCE_HLP_SETTINGS_CB.html">Configuració d'informació de cel·la</target>
   </keywords>
   <keywords>
      <text FeatureID="-1">bústia d'entrada</text>
      <target FeatureID="-1" href="MCE_HLP_INBOX.html">Bústia d'entrada</target>
   </keywords>
   <keywords>
      <text FeatureID="-1">carpetes pròpies</text>
      <target FeatureID="-1" href="MCE_HLP_DOCUMENTS.html">Carpetes pròpies</target>
   </keywords>
   <keywords>
      <text FeatureID="-1">emmagatzematge de missatges</text>
      <target FeatureID="-1" href="MCE_HLP_DOCUMENTS.html">Carpetes pròpies</target>
   </keywords>
   <keywords>
      <text FeatureID="-1">enviament de plantilles</text>
      <target FeatureID="-1" href="MCE_HLP_TEMPLATES.html">Plantilles de missatges</target>
   </keywords>
   <keywords>
      <text FeatureID="-1">plantilles de missatges</text>
      <target FeatureID="-1" href="MCE_HLP_TEMPLATES.html">Plantilles de missatges</target>
   </keywords>
   <keywords>
      <text FeatureID="-1">organització de missatges</text>
      <target FeatureID="-1" href="MCE_HLP_FOLDER.html">Organitzeu missatges</target>
   </keywords>
   <keywords>
      <text FeatureID="-1">desar missatges provisionals</text>
      <target FeatureID="-1" href="MCE_HLP_DRAFTS.html">Esborranys</target>
   </keywords>
   <keywords>
      <text FeatureID="-1">missatges provisionals</text>
      <target FeatureID="-1" href="MCE_HLP_DRAFTS.html">Esborranys</target>
   </keywords>
   <keywords>
      <text FeatureID="-1">missatges enviats</text>
      <target FeatureID="-1" href="MCE_HLP_SENT_ITEMS.html">Missatges enviats</target>
   </keywords>
   <keywords>
      <text FeatureID="-1">visualització de la bústia de sortida</text>
      <target FeatureID="-1" href="MCE_HLP_OUTBOX.html">Bústia de sortida</target>
   </keywords>
   <keywords>
      <text FeatureID="-1">informes d'entrega</text>
      <target FeatureID="-1" href="MCE_HLP_DELIVERY_REPORTS.html">Informes d'entrega</target>
   </keywords>
   <keywords>
      <text FeatureID="true_1132">Notificacions MMS</text>
      <target FeatureID="true_1132" href="MCE_HLP_MMS_NOTIFICATIONS.html">Notificacions multimèdia</target>
   </keywords>
   <keywords>
      <text FeatureID="-1">cerqueu números de telèfon</text>
      <target FeatureID="-1" href="FIND_HLP.html">Cerqueu números/adreces</target>
   </keywords>
   <keywords>
      <text FeatureID="-1">cerqueu adreces</text>
      <target FeatureID="-1" href="FIND_HLP.html">Cerqueu números/adreces</target>
   </keywords>
</keywords>