<?xml version="1.0" encoding="UTF-8"?>
<keywords>
   <keywords>
      <text FeatureID="-1">úprava štandardných nastavení frekvencie</text>
      <target FeatureID="-1" href="EQ_HLP_EDITING_VIEW.html">Úprava štandardných nastavení frekvencie</target>
   </keywords>
   <keywords>
      <text FeatureID="-1">ekvalizér</text>
      <target FeatureID="-1" href="EQ_HLP_LIST_VIEW.html">Štandardné nastavenia frekvencie</target>
   </keywords>
   <keywords>
      <text FeatureID="-1">frekvenčné pásma</text>
      <target FeatureID="-1" href="EQ_HLP_LIST_VIEW.html">Štandardné nastavenia frekvencie</target>
   </keywords>
   <keywords>
      <text FeatureID="-1">výber štandardných nastavení frekvencie</text>
      <target FeatureID="-1" href="EQ_HLP_LIST_VIEW.html">Štandardné nastavenia frekvencie</target>
   </keywords>
</keywords>