<?xml version="1.0" encoding="UTF-8"?>
<keywords>
   <keywords>
      <text FeatureID="-1">تزامن</text>
      <target FeatureID="-1" href="DS_HLP_MAIN_VIEW.html">تزامن البيانات</target>
   </keywords>
   <keywords>
      <text FeatureID="-1">أوضاع التزامن</text>
      <target FeatureID="-1" href="DS_HLP_MAIN_VIEW.html">تزامن البيانات</target>
   </keywords>
   <keywords>
      <text FeatureID="-1">ضبط وضع تزامن</text>
      <target FeatureID="-1" href="DS_HLP_SETTINGS.html">تعديل أوضاع التزامن</target>
   </keywords>
   <keywords>
      <text FeatureID="-1">ضبط التزامن</text>
      <target FeatureID="-1" href="DS_HLP_SETTINGS_CAL.html">ضبط تزامن التقويم</target>
      <target FeatureID="-1" href="DS_HLP_SETTINGS_CNT.html">ضبط تزامن الأسماء</target>
      <target FeatureID="-1" href="DS_HLP_SETTINGS_NOTES.html">ضبط تزامن الملاحظات</target>
      <target FeatureID="-1" href="DS_HLP_SETTINGS_SMS.html">ضبط تزامن SMS</target>
      <target FeatureID="true_44" href="DS_HLP_SETTINGS_SYNCML.html">ضبط تزامن البريد الإلكتروني</target>
   </keywords>
</keywords>