<?xml version="1.0" encoding="UTF-8"?><?xml-stylesheet  href="../../theme/xsl/index2html.xslt" type="text/xsl"?>
<topics FeatureID="-1" title="Kalender" compressed="true">
   <topicref FeatureID="-1" href="CALE_HLP_NOTE_VIEWER.html" navtitle="Entri kalender"/>
   <topicref FeatureID="-1" href="CALE_HLP_SETTINGS.html" navtitle="Pengaturan kalender"/>
   <topicref FeatureID="-1" href="CALE_HLP_DAY_VIEW.html" navtitle="Tampilan hari"/>
   <topicref FeatureID="-1" href="CALE_HLP_NOTE_MEETING.html" navtitle="Entri rapat"/>
   <topicref FeatureID="-1" href="CALE_HLP_MONTH_VIEW.html" navtitle="Tampilan bulan"/>
   <topicref FeatureID="-1" href="CALE_HLP_TODO_NOTE.html" navtitle="Entri daftar tugas"/>
   <topicref FeatureID="-1" href="CALE_HLP_TODO_VIEW.html" navtitle="Tampilan agenda"/>
   <topicref FeatureID="-1" href="CALE_HLP_WEEK_VIEW.html" navtitle="Tampilan minggu"/>
   <topicref FeatureID="-1" href="CALE_HLP_CALENDAR_DATABASE_SETTINGS.html" navtitle="Pengaturan beberapa kalender"/>
   <topicref FeatureID="-1" href="CALE_HLP_CALE_MAN_VIEW.html" navtitle="Tampilan pengelolaan kalender"/>
   <topicref FeatureID="-1" href="CALE_HLP_ATTACH_VIEW.html" navtitle="Tampilan lampiran"/>
   <topicref FeatureID="-1" href="CALE_HLP_MAV.html" navtitle="Tampilan alarm yang terlewat"/>
</topics>