<?xml version="1.0" encoding="UTF-8"?>
<keywords>
   <keywords>
      <text FeatureID="-1">kalender</text>
      <target FeatureID="-1" href="CALE_HLP_NOTE_ANNIVERSARY.html">Entri Hari Peringatan</target>
      <target FeatureID="-1" href="CALE_HLP_NOTE_VIEWER.html">Entri kalender</target>
      <target FeatureID="-1" href="CALE_HLP_DAY_VIEW.html">Tampilan hari</target>
      <target FeatureID="-1" href="CALE_HLP_NOTE_MEETING.html">Entri rapat</target>
      <target FeatureID="-1" href="CALE_HLP_NOTE_DAY.html">Entri memo</target>
      <target FeatureID="-1" href="CALE_HLP_MONTH_VIEW.html">Tampilan bulan</target>
      <target FeatureID="-1" href="CALE_HLP_TODO_NOTE.html">Entri daftar tugas</target>
      <target FeatureID="-1" href="CALE_HLP_TODO_VIEW.html">Tampilan agenda</target>
      <target FeatureID="-1" href="CALE_HLP_WEEK_VIEW.html">Tampilan minggu</target>
   </keywords>
   <keywords>
      <text FeatureID="-1">catatan hari peringatan</text>
      <target FeatureID="-1" href="CALE_HLP_NOTE_ANNIVERSARY.html">Entri Hari Peringatan</target>
      <target FeatureID="-1" href="CALE_HLP_NOTE_VIEWER.html">Entri kalender</target>
   </keywords>
   <keywords>
      <text FeatureID="-1">rapat</text>
      <target FeatureID="-1" href="CALE_HLP_NOTE_VIEWER.html">Entri kalender</target>
      <target FeatureID="-1" href="CALE_HLP_NOTE_MEETING.html">Entri rapat</target>
   </keywords>
   <keywords>
      <text FeatureID="-1">catatan memo</text>
      <target FeatureID="-1" href="CALE_HLP_NOTE_VIEWER.html">Entri kalender</target>
      <target FeatureID="-1" href="CALE_HLP_NOTE_DAY.html">Entri memo</target>
   </keywords>
   <keywords>
      <text FeatureID="-1">catatan agenda</text>
      <target FeatureID="-1" href="CALE_HLP_NOTE_VIEWER.html">Entri kalender</target>
      <target FeatureID="-1" href="CALE_HLP_TODO_NOTE.html">Entri daftar tugas</target>
   </keywords>
   <keywords>
      <text FeatureID="-1">pengaturan kalender</text>
      <target FeatureID="-1" href="CALE_HLP_SETTINGS.html">Pengaturan kalender</target>
   </keywords>
   <keywords>
      <text FeatureID="-1">daftar agenda</text>
      <target FeatureID="-1" href="CALE_HLP_TODO_VIEW.html">Tampilan agenda</target>
   </keywords>
</keywords>