<?xml version="1.0" encoding="UTF-8"?>
<keywords>
   <keywords>
      <text FeatureID="-1">kalender</text>
      <target FeatureID="-1" href="CALE_HLP_NOTE_VIEWER.html">Entri kalender</target>
      <target FeatureID="-1" href="CALE_HLP_DAY_VIEW.html">Tampilan hari</target>
      <target FeatureID="-1" href="CALE_HLP_NOTE_MEETING.html">Entri rapat</target>
      <target FeatureID="-1" href="CALE_HLP_MONTH_VIEW.html">Tampilan bulan</target>
      <target FeatureID="-1" href="CALE_HLP_TODO_NOTE.html">Entri daftar tugas</target>
      <target FeatureID="-1" href="CALE_HLP_TODO_VIEW.html">Tampilan agenda</target>
      <target FeatureID="-1" href="CALE_HLP_WEEK_VIEW.html">Tampilan minggu</target>
      <target FeatureID="-1" href="CALE_HLP_CALENDAR_DATABASE_SETTINGS.html">Pengaturan beberapa kalender</target>
      <target FeatureID="-1" href="CALE_HLP_CALE_MAN_VIEW.html">Tampilan pengelolaan kalender</target>
      <target FeatureID="-1" href="CALE_HLP_ATTACH_VIEW.html">Tampilan lampiran</target>
      <target FeatureID="-1" href="CALE_HLP_MAV.html">Tampilan alarm yang terlewat</target>
   </keywords>
   <keywords>
      <text FeatureID="-1">rapat</text>
      <target FeatureID="-1" href="CALE_HLP_NOTE_VIEWER.html">Entri kalender</target>
      <target FeatureID="-1" href="CALE_HLP_NOTE_MEETING.html">Entri rapat</target>
   </keywords>
   <keywords>
      <text FeatureID="-1">catatan agenda</text>
      <target FeatureID="-1" href="CALE_HLP_NOTE_VIEWER.html">Entri kalender</target>
      <target FeatureID="-1" href="CALE_HLP_TODO_NOTE.html">Entri daftar tugas</target>
   </keywords>
   <keywords>
      <text FeatureID="-1">pengaturan kalender</text>
      <target FeatureID="-1" href="CALE_HLP_SETTINGS.html">Pengaturan kalender</target>
   </keywords>
   <keywords>
      <text FeatureID="-1">daftar agenda</text>
      <target FeatureID="-1" href="CALE_HLP_TODO_VIEW.html">Tampilan agenda</target>
   </keywords>
   <keywords>
      <text FeatureID="-1">pengaturan, kalender</text>
      <target FeatureID="-1" href="CALE_HLP_CALENDAR_DATABASE_SETTINGS.html">Pengaturan beberapa kalender</target>
   </keywords>
   <keywords>
      <text FeatureID="-1">lampiran</text>
      <target FeatureID="-1" href="CALE_HLP_ATTACH_VIEW.html">Tampilan lampiran</target>
   </keywords>
   <keywords>
      <text FeatureID="-1">alarm, catatan kalender</text>
      <target FeatureID="-1" href="CALE_HLP_MAV.html">Tampilan alarm yang terlewat</target>
   </keywords>
</keywords>