<?xml version="1.0" encoding="UTF-8"?><?xml-stylesheet  href="../../theme/xsl/index2html.xslt" type="text/xsl"?>
<topics FeatureID="-1" title="Електронна пошта" compressed="true">
   <topicref FeatureID="-1" href="MBXS_HLP_SETT_DOWNL_CTRL.html" navtitle="Установки завантаження ел. пошти"/>
   <topicref FeatureID="-1" href="MBXS_HLP_SETT_DOWNL_RETR.html" navtitle="Обсяг ел. пошти для завантаження"/>
   <topicref FeatureID="-1" href="MBXS_HLP_SETT_MBX_IN.html" navtitle="Установки вхідної ел. пошти"/>
   <topicref FeatureID="-1" href="MBXS_HLP_SETT_MBX_IN_OUT.html" navtitle="Установки з'єднання"/>
   <topicref FeatureID="-1" href="MBXS_HLP_SETT_MBX_OUT.html" navtitle="Установки вихідної ел. пошти"/>
   <topicref FeatureID="-1" href="MCE_HLP_SETTINGS_EMAIL.html" navtitle="Установки ел. пошти"/>
   <topicref FeatureID="-1" href="MCE_HLP_SETT_EMAILMAIN.html" navtitle="Редагування поштових скриньок"/>
   <topicref FeatureID="-1" href="MCE_HLP_SETT_MAILBLIST.html" navtitle="Поштові скриньки"/>
   <topicref FeatureID="-1" href="MCE_HLP_SETT_MAILFOLDER_UPD.html" navtitle="Папки поштової скриньки"/>
   <topicref FeatureID="true_1633" href="MCE_HLP_SETT_MAIL_ONLI.html" navtitle="Автоматичне завантаження"/>
   <topicref FeatureID="-1" href="MCE_HLP_SETT_MAIL_USER.html" navtitle="Установки користувача"/>
   <topicref FeatureID="true_44" href="MCE_HLP_SETT_SMAILBOX.html" navtitle="Установки синхронізації поштової скриньки"/>
   <topicref FeatureID="-1" href="MCE_HLP_MAILBOX_OFFLINE.html" navtitle="Ел. пошта в автономному режимі"/>
   <topicref FeatureID="-1" href="MCE_HLP_MAILBOX_ONLINE.html" navtitle="Ел. пошта в оперативному режимі"/>
</topics>