<?xml version="1.0" encoding="UTF-8"?>
<keywords>
   <keywords>
      <text FeatureID="-1">установки ел. пошти</text>
      <target FeatureID="-1" href="MBXS_HLP_SETT_DOWNL_CTRL.html">Установки завантаження ел. пошти</target>
      <target FeatureID="-1" href="MBXS_HLP_SETT_DOWNL_RETR.html">Обсяг ел. пошти для завантаження</target>
      <target FeatureID="-1" href="MBXS_HLP_SETT_MBX_IN.html">Установки вхідної ел. пошти</target>
      <target FeatureID="-1" href="MBXS_HLP_SETT_MBX_IN_OUT.html">Установки з'єднання</target>
      <target FeatureID="-1" href="MBXS_HLP_SETT_MBX_OUT.html">Установки вихідної ел. пошти</target>
      <target FeatureID="-1" href="MCE_HLP_SETTINGS_EMAIL.html">Установки ел. пошти</target>
      <target FeatureID="-1" href="MCE_HLP_SETT_EMAILMAIN.html">Редагування поштових скриньок</target>
      <target FeatureID="-1" href="MCE_HLP_SETT_MAILBLIST.html">Поштові скриньки</target>
      <target FeatureID="-1" href="MCE_HLP_SETT_MAILFOLDER_UPD.html">Папки поштової скриньки</target>
      <target FeatureID="true_1633" href="MCE_HLP_SETT_MAIL_ONLI.html">Автоматичне завантаження</target>
   </keywords>
   <keywords>
      <text FeatureID="-1">установки поштової скриньки</text>
      <target FeatureID="-1" href="MCE_HLP_SETT_EMAILMAIN.html">Редагування поштових скриньок</target>
   </keywords>
   <keywords>
      <text FeatureID="-1">скринька</text>
      <target FeatureID="-1" href="MCE_HLP_SETT_MAILBLIST.html">Поштові скриньки</target>
      <target FeatureID="-1" href="MCE_HLP_MAILBOX_ONLINE.html">Ел. пошта в оперативному режимі</target>
   </keywords>
   <keywords>
      <text FeatureID="-1">папки поштової скриньки</text>
      <target FeatureID="-1" href="MCE_HLP_SETT_MAILFOLDER_UPD.html">Папки поштової скриньки</target>
   </keywords>
   <keywords>
      <text FeatureID="-1">установки користувача</text>
      <target FeatureID="-1" href="MCE_HLP_SETT_MAIL_USER.html">Установки користувача</target>
   </keywords>
   <keywords>
      <text FeatureID="true_44">установки синхронізації поштової скриньки</text>
      <target FeatureID="true_44" href="MCE_HLP_SETT_SMAILBOX.html">Установки синхронізації поштової скриньки</target>
   </keywords>
   <keywords>
      <text FeatureID="true_44">установки синхронізації електронної пошти</text>
      <target FeatureID="true_44" href="MCE_HLP_SETT_SMAILBOX.html">Установки синхронізації поштової скриньки</target>
   </keywords>
   <keywords>
      <text FeatureID="-1">ел. пошта в автономному режимі</text>
      <target FeatureID="-1" href="MCE_HLP_MAILBOX_OFFLINE.html">Ел. пошта в автономному режимі</target>
   </keywords>
   <keywords>
      <text FeatureID="-1">з'єднання зі скринькою</text>
      <target FeatureID="-1" href="MCE_HLP_MAILBOX_ONLINE.html">Ел. пошта в оперативному режимі</target>
   </keywords>
   <keywords>
      <text FeatureID="-1">пошта в оперативному режимі</text>
      <target FeatureID="-1" href="MCE_HLP_MAILBOX_ONLINE.html">Ел. пошта в оперативному режимі</target>
   </keywords>
   <keywords>
      <text FeatureID="-1">електронна пошта в оперативному режимі</text>
      <target FeatureID="-1" href="MCE_HLP_MAILBOX_ONLINE.html">Ел. пошта в оперативному режимі</target>
   </keywords>
</keywords>