<?xml version="1.0" encoding="UTF-8"?>
<keywords>
   <keywords>
      <text FeatureID="-1">文件管理</text>
      <target FeatureID="-1" href="FMGR_HLP_MEM_STORE_VIEW.html">管理文件</target>
      <target FeatureID="-1" href="FMGR_HLP_MAIN_VIEW.html">文件管理</target>
      <target FeatureID="-1" href="FMGR_HLP_SEARCH_RESULTS.html">文件搜索</target>
      <target FeatureID="-1" href="FMGR_HLP_BACKUP_VIEW.html">文件备份</target>
   </keywords>
   <keywords>
      <text FeatureID="-1">存储卡</text>
      <target FeatureID="-1" href="FMGR_HLP_MEM_STORE_VIEW.html">管理文件</target>
      <target FeatureID="-1" href="FMGR_HLP_MAIN_VIEW.html">文件管理</target>
      <target FeatureID="-1" href="FMGR_HLP_BACKUP_VIEW.html">文件备份</target>
   </keywords>
   <keywords>
      <text FeatureID="-1">搜索文件</text>
      <target FeatureID="-1" href="FMGR_HLP_SEARCH_RESULTS.html">文件搜索</target>
   </keywords>
   <keywords>
      <text FeatureID="-1">搜索文件夹</text>
      <target FeatureID="-1" href="FMGR_HLP_SEARCH_RESULTS.html">文件搜索</target>
   </keywords>
   <keywords>
      <text FeatureID="-1">备份</text>
      <target FeatureID="-1" href="FMGR_HLP_BACKUP_VIEW.html">文件备份</target>
   </keywords>
</keywords>