<?xml version="1.0" encoding="UTF-8"?>
<keywords>
   <keywords>
      <text FeatureID="-1">диспетчер файлов</text>
      <target FeatureID="-1" href="FMGR_HLP_MEM_STORE_VIEW.html">Управление файлами</target>
      <target FeatureID="-1" href="FMGR_HLP_MAIN_VIEW.html">Диспетчер файлов</target>
      <target FeatureID="-1" href="FMGR_HLP_BACKUP_VIEW.html">Резервное копирование файлов</target>
   </keywords>
   <keywords>
      <text FeatureID="-1">карта памяти</text>
      <target FeatureID="-1" href="FMGR_HLP_MEM_STORE_VIEW.html">Управление файлами</target>
      <target FeatureID="-1" href="FMGR_HLP_MAIN_VIEW.html">Диспетчер файлов</target>
      <target FeatureID="-1" href="FMGR_HLP_BACKUP_VIEW.html">Резервное копирование файлов</target>
   </keywords>
   <keywords>
      <text FeatureID="-1">Диспетчер файлов</text>
      <target FeatureID="-1" href="FMGR_HLP_SEARCH_RESULTS.html">Поиск файлов</target>
   </keywords>
   <keywords>
      <text FeatureID="-1">поиск файлов</text>
      <target FeatureID="-1" href="FMGR_HLP_SEARCH_RESULTS.html">Поиск файлов</target>
   </keywords>
   <keywords>
      <text FeatureID="-1">поиск папок</text>
      <target FeatureID="-1" href="FMGR_HLP_SEARCH_RESULTS.html">Поиск файлов</target>
   </keywords>
   <keywords>
      <text FeatureID="-1">резервное копирование</text>
      <target FeatureID="-1" href="FMGR_HLP_BACKUP_VIEW.html">Резервное копирование файлов</target>
   </keywords>
</keywords>