<?xml version="1.0" encoding="UTF-8"?>
<keywords>
   <keywords>
      <text FeatureID="-1">orðabók</text>
      <target FeatureID="-1" href="DICTIONARY_HLP_MAIN_TAB1.html">Orðabók</target>
   </keywords>
   <keywords>
      <text FeatureID="-1">þýðingar</text>
      <target FeatureID="-1" href="DICTIONARY_HLP_MAIN_TAB1.html">Orðabók</target>
   </keywords>
   <keywords>
      <text FeatureID="-1">orðabók, þýðing</text>
      <target FeatureID="-1" href="DICTIONARY_HLP_RESULTS.html">Niðurstöður þýðingar</target>
   </keywords>
</keywords>