<?xml version="1.0" encoding="UTF-8"?>
<keywords>
   <keywords>
      <text FeatureID="true_1116">Kalendoriaus įrašų siuntimas</text>
      <target FeatureID="true_1116" href="SMART_HLP_CALENDAREDITOR.html">Kalendoriaus įrašų siuntimas</target>
   </keywords>
   <keywords>
      <text FeatureID="true_1114">kal. įraš. priėm.</text>
      <target FeatureID="true_1114" href="SMART_HLP_CALENDARVIEWER.html">Gauti kalendoriaus įrašai</target>
   </keywords>
   <keywords>
      <text FeatureID="true_1114">kalendoriaus įrašai</text>
      <target FeatureID="true_1114" href="SMART_HLP_CALPULLMESVIEWER.html">Kalendoriaus įrašo atsisiuntimas</target>
   </keywords>
   <keywords>
      <text FeatureID="true_1117 true_1115">vizitinės kortelės</text>
      <target FeatureID="true_1117" href="SMART_HLP_BUSINESSEDITOR.html">Vizitinių kortelių siuntimas</target>
      <target FeatureID="true_1115" href="SMART_HLP_BUSINESSVIEWER.html">Gautos vizitinės kortelės</target>
      <target FeatureID="true_1115" href="SMART_HLP_BUSPULLMESVIEWER.html">Vizitinės kortelės atsisiuntimas</target>
   </keywords>
   <keywords>
      <text FeatureID="true_1111">skambėjimo tonai</text>
      <target FeatureID="true_1111" href="SMART_HLP_RINGVIEWER.html">Gauti skambėjimo tonai</target>
   </keywords>
   <keywords>
      <text FeatureID="true_1110">operatoriaus logotipas</text>
      <target FeatureID="true_1110" href="SMART_HLP_OPLOGOVIEWER.html">Gauti operatoriaus logotipai</target>
   </keywords>
   <keywords>
      <text FeatureID="true_1106">žymos</text>
      <target FeatureID="true_1106" href="SMART_HLP_ONEBOOKVIEWER.html">Gauta žyma</target>
   </keywords>
   <keywords>
      <text FeatureID="true_1112">paveikslėlių priėmimas</text>
      <target FeatureID="true_1112" href="SMART_HLP_GMSVIEWER.html">Pranešimų su paveikslėliais peržiūra</target>
   </keywords>
   <keywords>
      <text FeatureID="true_1112">pranešimai su paveikslėliais</text>
      <target FeatureID="true_1112" href="SMART_HLP_GMSVIEWER.html">Pranešimų su paveikslėliais peržiūra</target>
   </keywords>
   <keywords>
      <text FeatureID="true_1537">nuotolinio kaupiklio sąranka</text>
      <target FeatureID="true_1537" href="SMART_HLP_REMOTEDRIVES_VIEWER.html">Gaukite nuotolinio kaupiklio sąrankas</target>
      <target FeatureID="true_1537" href="SMART_HLP_REMOTEDRIVES_EDITOR.html">Siųskite nuotolinio kaupiklio sąrankas</target>
   </keywords>
</keywords>