<?xml version="1.0" encoding="UTF-8"?>
<keywords>
   <keywords>
      <text FeatureID="-1">數據傳送</text>
      <target FeatureID="-1" href="SWITCH_HLP_EDIT_SHORTCUT.html">捷徑設定</target>
      <target FeatureID="-1" href="SWITCH_HLP_MAIN.html">傳送數據</target>
      <target FeatureID="-1" href="SWITCH_HLP_LOG.html">傳送記錄</target>
   </keywords>
   <keywords>
      <text FeatureID="-1">傳送數據</text>
      <target FeatureID="-1" href="SWITCH_HLP_EDIT_SHORTCUT.html">捷徑設定</target>
      <target FeatureID="-1" href="SWITCH_HLP_MAIN.html">傳送數據</target>
   </keywords>
   <keywords>
      <text FeatureID="-1">捷徑</text>
      <target FeatureID="-1" href="SWITCH_HLP_EDIT_SHORTCUT.html">捷徑設定</target>
   </keywords>
   <keywords>
      <text FeatureID="-1">數據傳送, 衝突</text>
      <target FeatureID="-1" href="SWITCH_HLP_CONFLICT.html">傳送衝突</target>
   </keywords>
   <keywords>
      <text FeatureID="-1">複製內容</text>
      <target FeatureID="-1" href="SWITCH_HLP_MAIN.html">傳送數據</target>
   </keywords>
   <keywords>
      <text FeatureID="-1">傳送記錄</text>
      <target FeatureID="-1" href="SWITCH_HLP_LOG.html">傳送記錄</target>
   </keywords>
</keywords>