<?xml version="1.0" encoding="UTF-8"?>
<keywords>
   <keywords>
      <text FeatureID="true_1637">موجودگی کی ترتیبات ترمیم کرنا</text>
      <target FeatureID="true_1637" href="PRE_HLP_EDIT_SET.html">ترتیبات موجودگی میں ترمیم کریں</target>
   </keywords>
   <keywords>
      <text FeatureID="true_1637">ترتیباتِ موجودگی</text>
      <target FeatureID="true_1637" href="PRE_HLP_LIST_VIEW.html">ترتیباتِ موجودگی</target>
   </keywords>
</keywords>