<?xml version="1.0" encoding="UTF-8"?><?xml-stylesheet  href="../../theme/xsl/index2html.xslt" type="text/xsl"?>
<topics FeatureID="-1" title="Personalização" compressed="true">
   <topicref FeatureID="-1" href="SKINS_HLP_LIST.html" navtitle="Temas gerais"/>
   <topicref FeatureID="-1" href="SCREENSAVER_HLP_WP_SETTINGS.html" navtitle="Configurações de papel de parede da apresentação de slides"/>
   <topicref FeatureID="-1" href="SKINS_HLP_WP_SETTINGS.html" navtitle="Configurações de papel de parede"/>
   <topicref FeatureID="-1" href="SKINS_HLP_SCREENS_SETTINGS.html" navtitle="Configurações de descanso de tela"/>
   <topicref FeatureID="true_1503" href="SKINS_HLP_CIMAGE_SETTINGS.html" navtitle="Selecionar imagem da chamada"/>
   <topicref FeatureID="-1" href="SKINS_HLP_APPSHELL.html" navtitle="Configs. exib. Menu"/>
   <topicref FeatureID="-1" href="SKINS_HLP_IDLE.html" navtitle="Configurações da tela inicial"/>
   <topicref FeatureID="-1" href="SKINS_HLP_APP_MAIN.html" navtitle="Personalizar tela"/>
   <topicref FeatureID="-1" href="SKINS_HLP_APPSKINS_LIST.html" navtitle="Temas de aplicativos"/>
</topics>