<?xml version="1.0" encoding="UTF-8"?>
<keywords>
   <keywords>
      <text FeatureID="-1">temas</text>
      <target FeatureID="-1" href="SKINS_HLP_LIST.html">Temas gerais</target>
      <target FeatureID="-1" href="SCREENSAVER_HLP_WP_SETTINGS.html">Configurações de papel de parede da apresentação de slides</target>
      <target FeatureID="-1" href="SKINS_HLP_WP_SETTINGS.html">Configurações de papel de parede</target>
      <target FeatureID="true_1503" href="SKINS_HLP_CIMAGE_SETTINGS.html">Selecionar imagem da chamada</target>
      <target FeatureID="-1" href="SKINS_HLP_APPSHELL.html">Configs. exib. Menu</target>
      <target FeatureID="-1" href="SKINS_HLP_IDLE.html">Configurações da tela inicial</target>
      <target FeatureID="-1" href="SKINS_HLP_APP_MAIN.html">Personalizar tela</target>
      <target FeatureID="-1" href="SKINS_HLP_APPSKINS_LIST.html">Temas de aplicativos</target>
   </keywords>
   <keywords>
      <text FeatureID="-1">papel parede apres. slides</text>
      <target FeatureID="-1" href="SCREENSAVER_HLP_WP_SETTINGS.html">Configurações de papel de parede da apresentação de slides</target>
   </keywords>
   <keywords>
      <text FeatureID="-1">configurações da apresentação de slides</text>
      <target FeatureID="-1" href="SCREENSAVER_HLP_WP_SETTINGS.html">Configurações de papel de parede da apresentação de slides</target>
   </keywords>
   <keywords>
      <text FeatureID="-1">configurações de papel de parede</text>
      <target FeatureID="-1" href="SKINS_HLP_WP_SETTINGS.html">Configurações de papel de parede</target>
   </keywords>
   <keywords>
      <text FeatureID="-1">imagem de fundo</text>
      <target FeatureID="-1" href="SKINS_HLP_WP_SETTINGS.html">Configurações de papel de parede</target>
      <target FeatureID="-1" href="SKINS_HLP_APP_MAIN.html">Personalizar tela</target>
   </keywords>
   <keywords>
      <text FeatureID="-1">descanso de tela</text>
      <target FeatureID="-1" href="SKINS_HLP_SCREENS_SETTINGS.html">Configurações de descanso de tela</target>
   </keywords>
   <keywords>
      <text FeatureID="true_1503">configurações de imagem da chamada</text>
      <target FeatureID="true_1503" href="SKINS_HLP_CIMAGE_SETTINGS.html">Selecionar imagem da chamada</target>
   </keywords>
   <keywords>
      <text FeatureID="-1">menus</text>
      <target FeatureID="-1" href="SKINS_HLP_APPSHELL.html">Configs. exib. Menu</target>
   </keywords>
   <keywords>
      <text FeatureID="-1">configurações, tela principal</text>
      <target FeatureID="-1" href="SKINS_HLP_IDLE.html">Configurações da tela inicial</target>
   </keywords>
   <keywords>
      <text FeatureID="-1">widgets</text>
      <target FeatureID="-1" href="SKINS_HLP_IDLE.html">Configurações da tela inicial</target>
   </keywords>
</keywords>