<?xml version="1.0" encoding="UTF-8"?>
<keywords>
   <keywords>
      <text FeatureID="true_1604">formation à l'écriture manuscrite</text>
      <target FeatureID="true_1604" href="HWRT_HLP_MAIN_VIEW.html">Formation à l'écriture manuscrite</target>
   </keywords>
   <keywords>
      <text FeatureID="true_1604">raccourcis pour l'écriture manuscrite</text>
      <target FeatureID="true_1604" href="HWRT_HLP_SHORTCUTS_MAIN_VIEW.html">Raccourcis pour l'écriture manuscrite</target>
   </keywords>
</keywords>