<?xml version="1.0" encoding="UTF-8"?>
<keywords>
   <keywords>
      <text FeatureID="-1">enregistrement, sons</text>
      <target FeatureID="-1" href="VOREC_HLP_EMPTY_RECORDER.html">Enregistrer des clips audio</target>
   </keywords>
   <keywords>
      <text FeatureID="-1">dictaphone</text>
      <target FeatureID="-1" href="VOREC_HLP_MAIN.html">Utiliser le dictaphone</target>
   </keywords>
   <keywords>
      <text FeatureID="-1">enregistrer des clips audio</text>
      <target FeatureID="-1" href="VOREC_HLP_MAIN.html">Utiliser le dictaphone</target>
   </keywords>
   <keywords>
      <text FeatureID="-1">paramètres du dictaphone</text>
      <target FeatureID="-1" href="VOREC_HLP_SETTINGS.html">Paramètres du dictaphone</target>
   </keywords>
</keywords>