<?xml version="1.0" encoding="UTF-8"?>
<keywords>
   <keywords>
      <text FeatureID="-1">дешифриране, карта с памет</text>
      <target FeatureID="-1" href="ES_HLP_ENCRYPTION_DECRYPT.html">Дешифриране на картата с памет</target>
   </keywords>
   <keywords>
      <text FeatureID="-1">шифроване, карта с памет</text>
      <target FeatureID="-1" href="ES_HLP_ENCRYPTION_ENCRYPT.html">Шифроване на картата с памет</target>
   </keywords>
   <keywords>
      <text FeatureID="-1">шифроване, памет на устройството и карта с памет</text>
      <target FeatureID="-1" href="ES_HLP_ENCRYPTION_MAIN.html">Шифроване или дешифриране</target>
   </keywords>
   <keywords>
      <text FeatureID="-1">дешифриране, памет на устройството и карта с памет</text>
      <target FeatureID="-1" href="ES_HLP_ENCRYPTION_MAIN.html">Шифроване или дешифриране</target>
   </keywords>
</keywords>