<?xml version="1.0" encoding="UTF-8"?>
<keywords>
   <keywords>
      <text FeatureID="-1">transferència de dades</text>
      <target FeatureID="-1" href="SWITCH_HLP_EDIT_SHORTCUT.html">Configuració de dreceres</target>
      <target FeatureID="-1" href="SWITCH_HLP_EDIT_SHORTCUT.html">Configuració de dreceres</target>
      <target FeatureID="-1" href="SWITCH_HLP_MAIN.html">Transferir dades</target>
      <target FeatureID="-1" href="SWITCH_HLP_MAIN.html">Transferir dades</target>
      <target FeatureID="-1" href="SWITCH_HLP_LOG.html">Registre de transferències</target>
   </keywords>
   <keywords>
      <text FeatureID="-1">dreceres</text>
      <target FeatureID="-1" href="SWITCH_HLP_EDIT_SHORTCUT.html">Configuració de dreceres</target>
   </keywords>
   <keywords>
      <text FeatureID="-1">transferència de dades, problemes</text>
      <target FeatureID="-1" href="SWITCH_HLP_CONFLICT.html">Problemes de transferència</target>
   </keywords>
   <keywords>
      <text FeatureID="-1">còpia de contingut</text>
      <target FeatureID="-1" href="SWITCH_HLP_MAIN.html">Transferir dades</target>
   </keywords>
   <keywords>
      <text FeatureID="-1">registre de transferències</text>
      <target FeatureID="-1" href="SWITCH_HLP_LOG.html">Registre de transferències</target>
   </keywords>
</keywords>