<?xml version="1.0" encoding="UTF-8"?><?xml-stylesheet  href="../../theme/xsl/index2html.xslt" type="text/xsl"?>
<topics FeatureID="-1" title="Spis telefonów" compressed="true">
   <topicref FeatureID="-1" href="FDN_HLP_FDN_NUM_EDIT_VIEW.html" navtitle="Edycja kontaktów"/>
   <topicref FeatureID="-1" href="FDN_HLP_FDN_NUMBER_VIEW.html" navtitle="Kontakty wybierania ustalonego"/>
   <topicref FeatureID="-1" href="FDN_HLP_FDN_VIEW.html" navtitle="Ograniczanie połączeń"/>
   <topicref FeatureID="-1" href="SDN_HLP_APP.html" navtitle="Numery usług"/>
   <topicref FeatureID="-1" href="HLP_CCA_DETAILS.html" navtitle="Szczegóły kontaktu"/>
   <topicref FeatureID="-1" href="HLP_CCA_EDITOR.html" navtitle="Edycja kart kontaktów"/>
   <topicref FeatureID="-1" href="HLP_CCA_LAUNCHER.html" navtitle="Karty kontaktów"/>
   <topicref FeatureID="-1" href="PHOB_HLP_GROUP_LIST.html" navtitle="Grupy kontaktów"/>
   <topicref FeatureID="-1" href="PHOB_HLP_SIM_LIST.html" navtitle="Katalog kontaktów SIM"/>
   <topicref FeatureID="-1" href="PHOB_HLP_MY_NUMBERS.html" navtitle="Moje numery"/>
   <topicref FeatureID="-1" href="PHOB_HLP_GROUP_MEMBER_LIST.html" navtitle="Członkowie grupy"/>
   <topicref FeatureID="-1" href="PHOB_HLP_SETTINGS.html" navtitle="Ustawienia kontaktów"/>
   <topicref FeatureID="-1" href="PHOB_HLP_NAME_LIST.html" navtitle="Katalog Kontakty"/>
</topics>