<?xml version="1.0" encoding="UTF-8"?>
<keywords>
   <keywords>
      <text FeatureID="-1">wybieranie ustalone</text>
      <target FeatureID="-1" href="FDN_HLP_FDN_NUM_EDIT_VIEW.html">Edycja kontaktów</target>
      <target FeatureID="-1" href="FDN_HLP_FDN_NUMBER_VIEW.html">Kontakty wybierania ustalonego</target>
      <target FeatureID="-1" href="FDN_HLP_FDN_VIEW.html">Ograniczanie połączeń</target>
   </keywords>
   <keywords>
      <text FeatureID="-1">ograniczanie połączeń</text>
      <target FeatureID="-1" href="FDN_HLP_FDN_VIEW.html">Ograniczanie połączeń</target>
   </keywords>
   <keywords>
      <text FeatureID="-1">numery usług</text>
      <target FeatureID="-1" href="SDN_HLP_APP.html">Numery usług</target>
   </keywords>
   <keywords>
      <text FeatureID="-1">SIM, numery usług</text>
      <target FeatureID="-1" href="SDN_HLP_APP.html">Numery usług</target>
   </keywords>
   <keywords>
      <text FeatureID="-1">numery usług na karcie SIM</text>
      <target FeatureID="-1" href="SDN_HLP_APP.html">Numery usług</target>
   </keywords>
   <keywords>
      <text FeatureID="-1">grupy kontaktów</text>
      <target FeatureID="-1" href="PHOB_HLP_GROUP_LIST.html">Grupy kontaktów</target>
      <target FeatureID="-1" href="PHOB_HLP_GROUP_MEMBER_LIST.html">Członkowie grupy</target>
   </keywords>
   <keywords>
      <text FeatureID="-1">SIM, kontakty</text>
      <target FeatureID="-1" href="PHOB_HLP_SIM_LIST.html">Katalog kontaktów SIM</target>
   </keywords>
   <keywords>
      <text FeatureID="-1">numer SIM</text>
      <target FeatureID="-1" href="PHOB_HLP_MY_NUMBERS.html">Moje numery</target>
   </keywords>
   <keywords>
      <text FeatureID="-1">kolejność nazw w kontaktach</text>
      <target FeatureID="-1" href="PHOB_HLP_SETTINGS.html">Ustawienia kontaktów</target>
   </keywords>
   <keywords>
      <text FeatureID="-1">pamięć kontaktów</text>
      <target FeatureID="-1" href="PHOB_HLP_SETTINGS.html">Ustawienia kontaktów</target>
   </keywords>
   <keywords>
      <text FeatureID="-1">pamięć domyślna</text>
      <target FeatureID="-1" href="PHOB_HLP_SETTINGS.html">Ustawienia kontaktów</target>
   </keywords>
   <keywords>
      <text FeatureID="-1">katalog kontaktów</text>
      <target FeatureID="-1" href="PHOB_HLP_NAME_LIST.html">Katalog Kontakty</target>
   </keywords>
   <keywords>
      <text FeatureID="-1">informacje o kontaktach</text>
      <target FeatureID="-1" href="PHOB_HLP_NAME_LIST.html">Katalog Kontakty</target>
   </keywords>
   <keywords>
      <text FeatureID="-1">spis telefonów</text>
      <target FeatureID="-1" href="PHOB_HLP_NAME_LIST.html">Katalog Kontakty</target>
   </keywords>
</keywords>