<?xml version="1.0" encoding="UTF-8"?>
<keywords>
   <keywords>
      <text FeatureID="-1">chatové správy</text>
      <target FeatureID="-1" href="SERVTAB_HLP_CONVERSATION.html">Posielanie chatových správ</target>
   </keywords>
   <keywords>
      <text FeatureID="-1">chatovanie</text>
      <target FeatureID="-1" href="SERVTAB_HLP_CONVERSATION.html">Posielanie chatových správ</target>
   </keywords>
   <keywords>
      <text FeatureID="-1">diskusie</text>
      <target FeatureID="-1" href="SERVTAB_HLP_CONVERSATION.html">Posielanie chatových správ</target>
   </keywords>
</keywords>