<?xml version="1.0" encoding="UTF-8"?><?xml-stylesheet  href="../../theme/xsl/index2html.xslt" type="text/xsl"?>
<topics FeatureID="-1" title="الدردشة" compressed="true">
   <topicref FeatureID="-1" href="IMNG_HLP_SEARCHCHAT.html" navtitle="بحث عن مستخدمي الدردشة"/>
   <topicref FeatureID="-1" href="IMNG_HLP_SAVED_VIEW.html" navtitle="عرض المحادثات المحفوظة"/>
   <topicref FeatureID="-1" href="IMNG_HLP_SAVED_LIST.html" navtitle="المحادثات المحفوظة"/>
   <topicref FeatureID="-1" href="IMNG_HLP_IMCHAT.html" navtitle="محادثات المجموعات"/>
   <topicref FeatureID="-1" href="IMNG_HLP_GROUP_EDIT.html" navtitle="حقوق تعديل المجموعة"/>
   <topicref FeatureID="-1" href="IMNG_HLP_GROUP_BAN.html" navtitle="منع مستخدمي الدردشة من الانضمام للمجموعات"/>
   <topicref FeatureID="-1" href="IMNG_HLP_CONT_OWN_DATA.html" navtitle="بياناتي"/>
   <topicref FeatureID="-1" href="IMNG_HLP_COMMUNITY_VIEW_EMPTY.html" navtitle="البدء في استخدام الدردشة"/>
   <topicref FeatureID="-1" href="IMNG_HLP_COMMUNITY_VIEW.html" navtitle="دردشة"/>
   <topicref FeatureID="-1" href="IMNG_HLP_BLOCKED_VIEW.html" navtitle="الأسماء المحظورة"/>
   <topicref FeatureID="-1" href="IMNG_HLP_SETTINGS.html" navtitle="ضبط الدردشة"/>
   <topicref FeatureID="-1" href="IMNG_HLP_SERVLISTSETT_IM.html" navtitle="مراكز خدمة الدردشة"/>
   <topicref FeatureID="-1" href="IMNG_HLP_DEFSERVER.html" navtitle="ضبط مركز خدمة الدردشة"/>
   <topicref FeatureID="-1" href="IMNG_HLP_INVITE.html" navtitle="دعوات الدردشة"/>
   <topicref FeatureID="-1" href="IMNG_HLP_CREATECHAT.html" navtitle="ضبط مجموعات الدردشة"/>
   <topicref FeatureID="-1" href="IMNG_HLP_ACCLIST.html" navtitle="أعضاء مجموعات الدردشة"/>
   <topicref FeatureID="-1" href="IMNG_HLP_CONVERSATIONS.html" navtitle="محادثات الدردشة"/>
   <topicref FeatureID="-1" href="IMNG_HLP_CONTACTDETAILS.html" navtitle="تفاصيل أسماء الدردشة"/>
   <topicref FeatureID="-1" href="IMNG_HLP_APPSETT.html" navtitle="ضبط تطبيق الدردشة"/>
</topics>