<?xml version="1.0" encoding="UTF-8"?>
<keywords>
   <keywords>
      <text FeatureID="-1">بحث عن مستخدمي الدردشة</text>
      <target FeatureID="-1" href="IMNG_HLP_SEARCHCHAT.html">بحث عن مستخدمي الدردشة</target>
   </keywords>
   <keywords>
      <text FeatureID="-1">دردشة</text>
      <target FeatureID="-1" href="IMNG_HLP_SEARCHCHAT.html">بحث عن مستخدمي الدردشة</target>
      <target FeatureID="-1" href="IMNG_HLP_SAVED_VIEW.html">عرض المحادثات المحفوظة</target>
      <target FeatureID="-1" href="IMNG_HLP_SAVED_LIST.html">المحادثات المحفوظة</target>
      <target FeatureID="-1" href="IMNG_HLP_GROUP_EDIT.html">حقوق تعديل المجموعة</target>
      <target FeatureID="-1" href="IMNG_HLP_GROUP_BAN.html">منع مستخدمي الدردشة من الانضمام للمجموعات</target>
      <target FeatureID="-1" href="IMNG_HLP_CONT_OWN_DATA.html">بياناتي</target>
      <target FeatureID="-1" href="IMNG_HLP_COMMUNITY_VIEW_EMPTY.html">البدء في استخدام الدردشة</target>
      <target FeatureID="-1" href="IMNG_HLP_COMMUNITY_VIEW_EMPTY.html">البدء في استخدام الدردشة</target>
      <target FeatureID="-1" href="IMNG_HLP_COMMUNITY_VIEW.html">دردشة</target>
      <target FeatureID="-1" href="IMNG_HLP_COMMUNITY_VIEW.html">دردشة</target>
      <target FeatureID="-1" href="IMNG_HLP_CREATECHAT.html">ضبط مجموعات الدردشة</target>
      <target FeatureID="-1" href="IMNG_HLP_ACCLIST.html">أعضاء مجموعات الدردشة</target>
      <target FeatureID="-1" href="IMNG_HLP_CONVERSATIONS.html">محادثات الدردشة</target>
      <target FeatureID="-1" href="IMNG_HLP_CONVERSATIONS.html">محادثات الدردشة</target>
      <target FeatureID="-1" href="IMNG_HLP_CONTACTDETAILS.html">تفاصيل أسماء الدردشة</target>
      <target FeatureID="-1" href="IMNG_HLP_APPSETT.html">ضبط تطبيق الدردشة</target>
   </keywords>
   <keywords>
      <text FeatureID="-1">بحث عن مجموعات الدردشة</text>
      <target FeatureID="-1" href="IMNG_HLP_SEARCHCHAT.html">بحث عن مستخدمي الدردشة</target>
   </keywords>
   <keywords>
      <text FeatureID="-1">المحادثات المحفوظة</text>
      <target FeatureID="-1" href="IMNG_HLP_SAVED_LIST.html">المحادثات المحفوظة</target>
   </keywords>
   <keywords>
      <text FeatureID="-1">الرسائل الفورية (IM)</text>
      <target FeatureID="-1" href="IMNG_HLP_IMCHAT.html">محادثات المجموعات</target>
   </keywords>
   <keywords>
      <text FeatureID="-1">الانضمام لمجموعات دردشة</text>
      <target FeatureID="-1" href="IMNG_HLP_IMCHAT.html">محادثات المجموعات</target>
   </keywords>
   <keywords>
      <text FeatureID="-1">حقوق تعديل</text>
      <target FeatureID="-1" href="IMNG_HLP_GROUP_EDIT.html">حقوق تعديل المجموعة</target>
   </keywords>
   <keywords>
      <text FeatureID="-1">قائمة الممنوعين</text>
      <target FeatureID="-1" href="IMNG_HLP_GROUP_BAN.html">منع مستخدمي الدردشة من الانضمام للمجموعات</target>
   </keywords>
   <keywords>
      <text FeatureID="-1">أعضاء مجموعات الدردشة</text>
      <target FeatureID="-1" href="IMNG_HLP_GROUP_BAN.html">منع مستخدمي الدردشة من الانضمام للمجموعات</target>
      <target FeatureID="-1" href="IMNG_HLP_ACCLIST.html">أعضاء مجموعات الدردشة</target>
   </keywords>
   <keywords>
      <text FeatureID="-1">أسماء الدردشة</text>
      <target FeatureID="-1" href="IMNG_HLP_CONT_OWN_DATA.html">بياناتي</target>
      <target FeatureID="-1" href="IMNG_HLP_BLOCKED_VIEW.html">الأسماء المحظورة</target>
      <target FeatureID="-1" href="IMNG_HLP_CONTACTDETAILS.html">تفاصيل أسماء الدردشة</target>
   </keywords>
   <keywords>
      <text FeatureID="-1">أسماء الدردشة المحظورة</text>
      <target FeatureID="-1" href="IMNG_HLP_BLOCKED_VIEW.html">الأسماء المحظورة</target>
   </keywords>
   <keywords>
      <text FeatureID="-1">ضبط الدردشة</text>
      <target FeatureID="-1" href="IMNG_HLP_SETTINGS.html">ضبط الدردشة</target>
      <target FeatureID="-1" href="IMNG_HLP_APPSETT.html">ضبط تطبيق الدردشة</target>
   </keywords>
   <keywords>
      <text FeatureID="-1">مراكز خدمة الدردشة</text>
      <target FeatureID="-1" href="IMNG_HLP_SERVLISTSETT_IM.html">مراكز خدمة الدردشة</target>
   </keywords>
   <keywords>
      <text FeatureID="-1">ضبط مركز خدمة الدردشة</text>
      <target FeatureID="-1" href="IMNG_HLP_DEFSERVER.html">ضبط مركز خدمة الدردشة</target>
   </keywords>
   <keywords>
      <text FeatureID="-1">ضبط مركز الخدمة</text>
      <target FeatureID="-1" href="IMNG_HLP_DEFSERVER.html">ضبط مركز خدمة الدردشة</target>
   </keywords>
   <keywords>
      <text FeatureID="-1">دعوات</text>
      <target FeatureID="-1" href="IMNG_HLP_INVITE.html">دعوات الدردشة</target>
   </keywords>
   <keywords>
      <text FeatureID="-1">ضبط مجموعات الدردشة</text>
      <target FeatureID="-1" href="IMNG_HLP_CREATECHAT.html">ضبط مجموعات الدردشة</target>
   </keywords>
   <keywords>
      <text FeatureID="-1">محادثات</text>
      <target FeatureID="-1" href="IMNG_HLP_CONVERSATIONS.html">محادثات الدردشة</target>
   </keywords>
</keywords>