<?xml version="1.0" encoding="UTF-8"?>
<keywords>
   <keywords>
      <text FeatureID="-1">sözlük</text>
      <target FeatureID="-1" href="DICTIONARY_HLP_MAIN_TAB1.html">Sözlük</target>
   </keywords>
   <keywords>
      <text FeatureID="-1">çevirme</text>
      <target FeatureID="-1" href="DICTIONARY_HLP_MAIN_TAB1.html">Sözlük</target>
   </keywords>
   <keywords>
      <text FeatureID="-1">sözlük, çeviri</text>
      <target FeatureID="-1" href="DICTIONARY_HLP_RESULTS.html">Çeviri sonuçları</target>
   </keywords>
</keywords>