<?xml version="1.0" encoding="UTF-8"?>
<keywords>
   <keywords>
      <text FeatureID="-1">Mail for Exchange</text>
      <target FeatureID="-1" href="FSE_HLP_MFE_LAUNCHER_MAIN_VIEW.html">E-mail do Mail for Exchange</target>
   </keywords>
   <keywords>
      <text FeatureID="-1">configurações avançadas de caixa postal</text>
      <target FeatureID="-1" href="FSE_HLP_MFE_SETTINGS_ADVANCED.html">Configurações avançadas para caixa postal</target>
   </keywords>
   <keywords>
      <text FeatureID="-1">configurações de sincronização de e-mail</text>
      <target FeatureID="-1" href="FSE_HLP_MFE_SETTINGS_PIM_APPS.html">Configurações de sincronização do aplicativo</target>
   </keywords>
   <keywords>
      <text FeatureID="-1">sincronização do calendário</text>
      <target FeatureID="-1" href="FSE_HLP_MFE_CALENDAR_APP.html">Configurações de sincronização do calendário</target>
   </keywords>
   <keywords>
      <text FeatureID="-1">sincronização de contatos,</text>
      <target FeatureID="-1" href="FSE_HLP_MFE_CONTACTS_APP.html">Configurações de sincronização de Contatos</target>
   </keywords>
   <keywords>
      <text FeatureID="-1">configs. cx. postal</text>
      <target FeatureID="-1" href="FSE_HLP_MFE_SETTINGS_MAILBOX.html">Configurações gerais de caixa postal</target>
   </keywords>
   <keywords>
      <text FeatureID="-1">conteúdo de sincronização de e-mail</text>
      <target FeatureID="-1" href="FSE_HLP_MFE_SETTINGS_WHAT_SYNC.html">Escolher conteúdo de sincronização</target>
   </keywords>
   <keywords>
      <text FeatureID="-1">tempo da sincronização de e-mails</text>
      <target FeatureID="-1" href="FSE_HLP_MFE_SETTINGS_WHEN_SYNC.html">Escolher tempo de sincronização</target>
   </keywords>
   <keywords>
      <text FeatureID="-1">sincronização de pastas de e-mail</text>
      <target FeatureID="-1" href="FSE_HLP_MFE_SETTINGS_FOLDER.html">Configurações de sincronização</target>
   </keywords>
   <keywords>
      <text FeatureID="-1">configurações de e-mail</text>
      <target FeatureID="-1" href="FSE_HLP_MFE_SETTINGS_MAIN_VIEW.html">Configurações para e-mail</target>
   </keywords>
   <keywords>
      <text FeatureID="-1">sincronização das entradas de atividade</text>
      <target FeatureID="-1" href="FSE_HLP_MFE_TASKS_APP.html">Configurações da sincronização das entradas de atividade</target>
   </keywords>
</keywords>