<?xml version="1.0" encoding="UTF-8"?>
<keywords>
   <keywords>
      <text FeatureID="-1">flash fitxategiaren erreprodukzioa</text>
      <target FeatureID="-1" href="FLITE_HLP_STOPPED.html">Flasharen erreprodukzioa amaitzea</target>
      <target FeatureID="-1" href="FLITE_HLP_VIEWER_PAUSED.html">Eten flasharen erreprodukzioa</target>
   </keywords>
   <keywords>
      <text FeatureID="-1">Flash erreproduzitzailea</text>
      <target FeatureID="-1" href="FLITE_HLP_STOPPED.html">Flasharen erreprodukzioa amaitzea</target>
      <target FeatureID="-1" href="FLITE_HLP_VIEWER_PAUSED.html">Eten flasharen erreprodukzioa</target>
      <target FeatureID="-1" href="FLITE_HLP_VIEWER_PLAY.html">Flash fitxategiak erreproduzitzea</target>
   </keywords>
   <keywords>
      <text FeatureID="-1">flash fitxategien erreprodukzioa</text>
      <target FeatureID="-1" href="FLITE_HLP_VIEWER_PLAY.html">Flash fitxategiak erreproduzitzea</target>
   </keywords>
</keywords>