<?xml version="1.0" encoding="UTF-8"?>
<keywords>
   <keywords>
      <text FeatureID="-1">aktualizácia softvéru</text>
      <target FeatureID="-1" href="SWUPDATE_HLP_MAIN.html">Aktualizácia softvéru</target>
      <target FeatureID="-1" href="SWUPDATE_HLP_MAIN.html">Aktualizácia softvéru</target>
   </keywords>
   <keywords>
      <text FeatureID="-1">nastavenia aktualizácie softvéru</text>
      <target FeatureID="-1" href="SWUPDATE_HLP_SETTINGS.html">Nastavenia aktualizácie softvéru</target>
   </keywords>
</keywords>