<?xml version="1.0" encoding="UTF-8"?>
<keywords>
   <keywords>
      <text FeatureID="-1">hlasové příkazy</text>
      <target FeatureID="true_72" href="HLP_VC_SIND_FOLDER.html">Zobrazení aplikace</target>
      <target FeatureID="true_72" href="HLP_VC_SIND_MAIN.html">Používání hlasových příkazů</target>
      <target FeatureID="-1" href="VCINFO_HLP_MAINVIEW.html">Hlasové příkazy kontaktů</target>
   </keywords>
   <keywords>
      <text FeatureID="-1">hlasové příkazy, nastavení</text>
      <target FeatureID="-1" href="HLP_VC_SET.html">Nastavení hlasových příkazů</target>
   </keywords>
</keywords>