<?xml version="1.0" encoding="UTF-8"?><?xml-stylesheet  href="../../theme/xsl/index2html.xslt" type="text/xsl"?>
<topics FeatureID="-1" title="Видео &amp; ТВ" compressed="true">
   <topicref FeatureID="-1" href="IPTV_HLP_MAIN_STATE.html" navtitle="Видео &amp; ТВ"/>
   <topicref FeatureID="-1" href="IPTV_HLP_VODCAST_MAIN.html" navtitle="Видео канали"/>
   <topicref FeatureID="-1" href="IPTV_HLP_SERVICE_SELECTION_VOD.html" navtitle="Избор на видео услуги"/>
   <topicref FeatureID="-1" href="IPTV_HLP_VOD_CATEGORIES.html" navtitle="Видео категории"/>
   <topicref FeatureID="-1" href="IPTV_HLP_VOD.html" navtitle="Преглеждане и изтегляне на видеоклипове"/>
   <topicref FeatureID="-1" href="IPTV_HLP_SCHEDULE_DOWNLOAD.html" navtitle="График изтегляния"/>
   <topicref FeatureID="-1" href="IPTV_HLP_STORAGE.html" navtitle="Моите видеоклипове"/>
   <topicref FeatureID="-1" href="IPTV_HLP_SETTINGS.html" navtitle="Настройки за Видео &amp; ТВ"/>
   <topicref FeatureID="-1" href="IPTV_HLP_SERVICE_SEL_VODCAST.html" navtitle="Избор на видео канали"/>
   <topicref FeatureID="-1" href="IPTV_HLP_ADD_SERVICE.html" navtitle="Добавяне на видео канали"/>
</topics>