<?xml version="1.0" encoding="UTF-8"?>
<keywords>
   <keywords>
      <text FeatureID="-1">видео &amp; ТВ</text>
      <target FeatureID="-1" href="IPTV_HLP_MAIN_STATE.html">Видео &amp; ТВ</target>
      <target FeatureID="-1" href="IPTV_HLP_VODCAST_MAIN.html">Видео канали</target>
      <target FeatureID="-1" href="IPTV_HLP_SERVICE_SELECTION_VOD.html">Избор на видео услуги</target>
      <target FeatureID="-1" href="IPTV_HLP_VOD_CATEGORIES.html">Видео категории</target>
      <target FeatureID="-1" href="IPTV_HLP_VOD.html">Преглеждане и изтегляне на видеоклипове</target>
      <target FeatureID="-1" href="IPTV_HLP_SCHEDULE_DOWNLOAD.html">График изтегляния</target>
      <target FeatureID="-1" href="IPTV_HLP_STORAGE.html">Моите видеоклипове</target>
      <target FeatureID="-1" href="IPTV_HLP_SERVICE_SEL_VODCAST.html">Избор на видео канали</target>
      <target FeatureID="-1" href="IPTV_HLP_ADD_SERVICE.html">Добавяне на видео канали</target>
   </keywords>
   <keywords>
      <text FeatureID="-1">видео канали</text>
      <target FeatureID="-1" href="IPTV_HLP_VODCAST_MAIN.html">Видео канали</target>
      <target FeatureID="-1" href="IPTV_HLP_VOD_CATEGORIES.html">Видео категории</target>
      <target FeatureID="-1" href="IPTV_HLP_SERVICE_SEL_VODCAST.html">Избор на видео канали</target>
      <target FeatureID="-1" href="IPTV_HLP_ADD_SERVICE.html">Добавяне на видео канали</target>
   </keywords>
   <keywords>
      <text FeatureID="-1">изтегляния, видеоклипове</text>
      <target FeatureID="-1" href="IPTV_HLP_VOD.html">Преглеждане и изтегляне на видеоклипове</target>
      <target FeatureID="-1" href="IPTV_HLP_SCHEDULE_DOWNLOAD.html">График изтегляния</target>
   </keywords>
   <keywords>
      <text FeatureID="-1">видео &amp; ТВ, настройки</text>
      <target FeatureID="-1" href="IPTV_HLP_SETTINGS.html">Настройки за Видео &amp; ТВ</target>
   </keywords>
   <keywords>
      <text FeatureID="-1">настройки, видео</text>
      <target FeatureID="-1" href="IPTV_HLP_SETTINGS.html">Настройки за Видео &amp; ТВ</target>
   </keywords>
</keywords>