<?xml version="1.0" encoding="UTF-8"?>
<keywords>
   <keywords>
      <text FeatureID="true_1604">text input</text>
      <target FeatureID="true_1604" href="HWR_HLP_MAIN_VIEW.html">Käsialan tunnistus</target>
   </keywords>
   <keywords>
      <text FeatureID="true_1604">käsialan tunnistus</text>
      <target FeatureID="true_1604" href="HWR_HLP_MAIN_VIEW.html">Käsialan tunnistus</target>
   </keywords>
   <keywords>
      <text FeatureID="true_1603 true_410">kosketuskäyttö</text>
      <target FeatureID="true_1603" href="VQWERTY_HLP_MAIN_VIEW.html">Virtuaalinäppäimistö</target>
      <target FeatureID="true_410" href="VITU_HLP_MAIN_VIEW.html">Virtuaalinäppäimet</target>
   </keywords>
   <keywords>
      <text FeatureID="true_410">virtuaalinäppäimet</text>
      <target FeatureID="true_410" href="VITU_HLP_MAIN_VIEW.html">Virtuaalinäppäimet</target>
   </keywords>
</keywords>