<?xml version="1.0" encoding="UTF-8"?>
<keywords>
   <keywords>
      <text FeatureID="-1">Mail for Exchange</text>
      <target FeatureID="-1" href="FSE_HLP_MFE_LAUNCHER_MAIN_VIEW.html">Correo Mail for Exchange</target>
   </keywords>
   <keywords>
      <text FeatureID="-1">ajustes avanzados de buzón</text>
      <target FeatureID="-1" href="FSE_HLP_MFE_SETTINGS_ADVANCED.html">Ajustes avanzados del buzón</target>
   </keywords>
   <keywords>
      <text FeatureID="-1">ajustes de sincronización de correo electrónico</text>
      <target FeatureID="-1" href="FSE_HLP_MFE_SETTINGS_PIM_APPS.html">Ajustes de sincronización de aplicación</target>
   </keywords>
   <keywords>
      <text FeatureID="-1">sincronización de la agenda</text>
      <target FeatureID="-1" href="FSE_HLP_MFE_CALENDAR_APP.html">Ajustes de sincronización de la agenda</target>
   </keywords>
   <keywords>
      <text FeatureID="-1">sincronización de contactos,</text>
      <target FeatureID="-1" href="FSE_HLP_MFE_CONTACTS_APP.html">Ajustes de sincronización de contactos</target>
   </keywords>
   <keywords>
      <text FeatureID="-1">ajustes de buzón de correo</text>
      <target FeatureID="-1" href="FSE_HLP_MFE_SETTINGS_MAILBOX.html">Ajustes generales del buzón</target>
   </keywords>
   <keywords>
      <text FeatureID="-1">contenido de la sincronización de correo electrónico</text>
      <target FeatureID="-1" href="FSE_HLP_MFE_SETTINGS_WHAT_SYNC.html">Elija el contenido de sincronización</target>
   </keywords>
   <keywords>
      <text FeatureID="-1">hora de sincronización del correo electrónico</text>
      <target FeatureID="-1" href="FSE_HLP_MFE_SETTINGS_WHEN_SYNC.html">Elija la hora de sincronización</target>
   </keywords>
   <keywords>
      <text FeatureID="-1">sincronización de la carpeta de correo electrónico</text>
      <target FeatureID="-1" href="FSE_HLP_MFE_SETTINGS_FOLDER.html">Ajustes para la sincronización</target>
   </keywords>
   <keywords>
      <text FeatureID="-1">ajustes de correo</text>
      <target FeatureID="-1" href="FSE_HLP_MFE_SETTINGS_MAIN_VIEW.html">Ajustes de correo electrónico</target>
   </keywords>
   <keywords>
      <text FeatureID="-1">sincronización de entrada de tarea</text>
      <target FeatureID="-1" href="FSE_HLP_MFE_TASKS_APP.html">Ajustes de sincronización de tareas</target>
   </keywords>
</keywords>