<?xml version="1.0" encoding="UTF-8"?>
<keywords>
   <keywords>
      <text FeatureID="-1">明信片</text>
      <target FeatureID="-1" href="MMS_POSTCARD_HLP_ADDRESS_EDIT.html">編輯地址</target>
      <target FeatureID="-1" href="MMS_POSTCARD_HLP_MAIN_VIEW.html">檢視明信片</target>
      <target FeatureID="-1" href="POSTCARD_HLP_ADDRESS_VIEW.html">檢視地址</target>
      <target FeatureID="-1" href="POSTCARD_HLP_GREETING_EDIT.html">編寫問候語</target>
      <target FeatureID="-1" href="POSTCARD_HLP_GREETING_VIEW.html">檢視問候語</target>
      <target FeatureID="-1" href="MMS_POSTCARD_HLP_MAIN_EDIT.html">建立明信片</target>
   </keywords>
   <keywords>
      <text FeatureID="-1">傳送明信片</text>
      <target FeatureID="-1" href="MMS_POSTCARD_HLP_ADDRESS_EDIT.html">編輯地址</target>
      <target FeatureID="-1" href="POSTCARD_HLP_GREETING_EDIT.html">編寫問候語</target>
      <target FeatureID="-1" href="MMS_POSTCARD_HLP_MAIN_EDIT.html">建立明信片</target>
   </keywords>
</keywords>