<?xml version="1.0" encoding="UTF-8"?>
<keywords>
   <keywords>
      <text FeatureID="-1">plaatscategorieën</text>
      <target FeatureID="-1" href="LM_HLP_LM_BY_CATEGORY.html">Plaatscategorieën</target>
      <target FeatureID="-1" href="LM_HLP_EDIT_CATEGORIES.html">Plaatscategorieën bewerken</target>
   </keywords>
   <keywords>
      <text FeatureID="-1">plaatsbepalingen</text>
      <target FeatureID="-1" href="LM_HLP_LM_BY_NAME.html">Plaatsen op naam</target>
      <target FeatureID="-1" href="LM_HLP_CATEGORY_CONTENTS.html">Plaatsen in categorieën</target>
      <target FeatureID="-1" href="LM_HLP_LM_VIEWER.html">Plaatsen in detail</target>
   </keywords>
   <keywords>
      <text FeatureID="-1">plaatsen bewerken</text>
      <target FeatureID="-1" href="LM_HLP_LM_EDITOR.html">Plaats bewerken</target>
   </keywords>
</keywords>