<?xml version="1.0" encoding="UTF-8"?>
<keywords>
   <keywords>
      <text FeatureID="-1">innstillinger, skyvedeksel</text>
      <target FeatureID="-1" href="SET_HLP_SETTINGS_KEYPAD_COVER.html">Innstillinger for skyvedekselet</target>
   </keywords>
   <keywords>
      <text FeatureID="-1">innstillinger for skyvedeksel</text>
      <target FeatureID="-1" href="SET_HLP_SETTINGS_KEYPAD_COVER.html">Innstillinger for skyvedekselet</target>
   </keywords>
   <keywords>
      <text FeatureID="-1">enhetsbehandling</text>
      <target FeatureID="-1" href="CP_HLP_DEVICE_MANAGEMENT.html">Enhetsbehandling</target>
   </keywords>
   <keywords>
      <text FeatureID="true_109">EAP (Extensible Authentication Protocol)</text>
      <target FeatureID="true_109" href="SET_HLP_WLAN_EAP_SIM.html">EAP-SIM-innst.</target>
   </keywords>
   <keywords>
      <text FeatureID="true_109">innstillinger, WLAN</text>
      <target FeatureID="true_109" href="SET_HLP_WLAN_EAP_SIM.html">EAP-SIM-innst.</target>
   </keywords>
   <keywords>
      <text FeatureID="-1">begrense tilgangspunkt</text>
      <target FeatureID="-1" href="ACL_HLP_MAIN.html">Begrense tilk.</target>
   </keywords>
   <keywords>
      <text FeatureID="-1">tilkoblingsinnstillinger</text>
      <target FeatureID="-1" href="SIP_HLP_PROF_PARAMS.html">SIP-profilinnst.</target>
      <target FeatureID="-1" href="SET_HLP_DEFAULT_CONN.html">Standardtilk.</target>
   </keywords>
   <keywords>
      <text FeatureID="-1">SIP-innstillinger</text>
      <target FeatureID="-1" href="SIP_HLP_PROF_PARAMS.html">SIP-profilinnst.</target>
      <target FeatureID="-1" href="SIP_HLP_MAIN.html">SIP-profiler</target>
      <target FeatureID="-1" href="SIP_HLP_PROXY_PARAMS.html">SIP-proxyinnst.</target>
      <target FeatureID="-1" href="SIP_HLP_REGISTRAR_PARAM.html">Reg.server, innst.</target>
   </keywords>
   <keywords>
      <text FeatureID="-1">tilkoblings-innstillinger</text>
      <target FeatureID="-1" href="SIP_HLP_MAIN.html">SIP-profiler</target>
      <target FeatureID="-1" href="SET_HLP_CONN_DEST_VIEW.html">Målvisn.</target>
      <target FeatureID="-1" href="SET_HLP_CONN_METHODS_VIEW.html">Visning for tilg.pkt.</target>
      <target FeatureID="true_1581" href="RD_HLP_REMOTE_DRIVE_CONFIG.html">Ekst. stasjon, innst.</target>
      <target FeatureID="true_1581" href="RD_HLP_REMOTE_DRIVES.html">Ekst. stasjoner</target>
   </keywords>
   <keywords>
      <text FeatureID="-1">registrerings-server</text>
      <target FeatureID="-1" href="SIP_HLP_REGISTRAR_PARAM.html">Reg.server, innst.</target>
   </keywords>
   <keywords>
      <text FeatureID="-1">tilgangspunkter</text>
      <target FeatureID="-1" href="HLP_OCC_CONN_SETTINGS.html">Nettverkstilkoblinger</target>
   </keywords>
   <keywords>
      <text FeatureID="-1">innstillinger, tilkobling</text>
      <target FeatureID="-1" href="HLP_OCC_CONN_SETTINGS.html">Nettverkstilkoblinger</target>
   </keywords>
   <keywords>
      <text FeatureID="-1">mål-innstillinger</text>
      <target FeatureID="-1" href="SET_HLP_CONN_DEST_VIEW.html">Målvisn.</target>
   </keywords>
   <keywords>
      <text FeatureID="-1">standard-tilk.</text>
      <target FeatureID="-1" href="SET_HLP_DEFAULT_CONN.html">Standardtilk.</target>
   </keywords>
   <keywords>
      <text FeatureID="-1">VPN-tilgangspunkter</text>
      <target FeatureID="true_99" href="SET_HLP_VPN_DEST_ASSOC_VIEW.html">VPN-tilkoblinger</target>
      <target FeatureID="-1" href="SET_HLP_VPN_AP_SETTINGS_VIEW.html">Red. VPN-tilgangspkt.</target>
   </keywords>
   <keywords>
      <text FeatureID="-1">tilgangs-punkter</text>
      <target FeatureID="-1" href="SET_HLP_CONN_METHODS_VIEW.html">Visning for tilg.pkt.</target>
   </keywords>
   <keywords>
      <text FeatureID="-1">Program-tilkobl.</text>
      <target FeatureID="-1" href="SET_HLP_APP_DEST_ASSOC_VIEW.html">Programtilk.</target>
   </keywords>
   <keywords>
      <text FeatureID="-1">program­innstillinger</text>
      <target FeatureID="-1" href="CP_HLP_APPILICATION_SETTINGS.html">Programinnst.</target>
   </keywords>
   <keywords>
      <text FeatureID="-1">anrop, innstillinger</text>
      <target FeatureID="-1" href="SCP_HLP_CALL.html">Anropsinnst.</target>
   </keywords>
   <keywords>
      <text FeatureID="-1">innstillinger, anrop</text>
      <target FeatureID="-1" href="SCP_HLP_CALL.html">Anropsinnst.</target>
   </keywords>
   <keywords>
      <text FeatureID="-1">tilkobling</text>
      <target FeatureID="-1" href="CP_HLP_CONNECTIVITY.html">Tilkoblingsinnstillinger</target>
   </keywords>
   <keywords>
      <text FeatureID="-1">kontrollpanel</text>
      <target FeatureID="-1" href="CP_HLP_DISPLAY.html">Displayinnst.</target>
      <target FeatureID="__DUAL_LANGUAGE_SUPPORT=true" href="CP_HLP_WRITING_LANGUAGE.html">Skrivespråk</target>
   </keywords>
   <keywords>
      <text FeatureID="-1">display­innstillinger</text>
      <target FeatureID="-1" href="CP_HLP_DISPLAY.html">Displayinnst.</target>
   </keywords>
   <keywords>
      <text FeatureID="-1">generelle innstillinger</text>
      <target FeatureID="-1" href="CP_HLP_DEVICE.html">Enhetsinnst.</target>
   </keywords>
   <keywords>
      <text FeatureID="-1">enhets­innstillinger</text>
      <target FeatureID="-1" href="CP_HLP_DEVICE.html">Enhetsinnst.</target>
   </keywords>
   <keywords>
      <text FeatureID="-1">språk­innstillinger</text>
      <target FeatureID="-1" href="CP_HLP_LANGUAGE.html">Språkinnst.</target>
   </keywords>
   <keywords>
      <text FeatureID="-1">innstillinger</text>
      <target FeatureID="-1" href="CP_HLP_MAIN_VIEW.html">Innstillinger</target>
   </keywords>
   <keywords>
      <text FeatureID="-1">nettverks-innstillinger</text>
      <target FeatureID="-1" href="CP_HLP_NETWORK.html">Nettverksinnst.</target>
      <target FeatureID="-1" href="CP_HLP_NETWORK.html">Nettverksinnst.</target>
   </keywords>
   <keywords>
      <text FeatureID="-1">profil</text>
      <target FeatureID="-1" href="CP_HLP_PERSONAL.html">Personlig visning</target>
   </keywords>
   <keywords>
      <text FeatureID="-1">tema</text>
      <target FeatureID="-1" href="CP_HLP_PERSONAL.html">Personlig visning</target>
   </keywords>
   <keywords>
      <text FeatureID="-1">ventemodus</text>
      <target FeatureID="-1" href="CP_HLP_PERSONAL.html">Personlig visning</target>
   </keywords>
   <keywords>
      <text FeatureID="-1">sikkerhet, innstillinger</text>
      <target FeatureID="-1" href="CP_HLP_SECURITY.html">Sikkerhetsinnst.</target>
   </keywords>
   <keywords>
      <text FeatureID="-1">innstillinger, sikkerhet</text>
      <target FeatureID="-1" href="CP_HLP_SECURITY.html">Sikkerhetsinnst.</target>
   </keywords>
   <keywords>
      <text FeatureID="-1">enhet, låse</text>
      <target FeatureID="-1" href="SET_HLP_SECURITY_DEVICE_SIM.html">Enhetssikkerhet</target>
   </keywords>
   <keywords>
      <text FeatureID="-1">sikkerhet</text>
      <target FeatureID="-1" href="SET_HLP_SECURITY_DEVICE_SIM.html">Enhetssikkerhet</target>
   </keywords>
   <keywords>
      <text FeatureID="__DUAL_LANGUAGE_SUPPORT=true">skrivespråk</text>
      <target FeatureID="__DUAL_LANGUAGE_SUPPORT=true" href="CP_HLP_WRITING_LANGUAGE.html">Skrivespråk</target>
   </keywords>
   <keywords>
      <text FeatureID="-1">ekstrautstyrinnst.</text>
      <target FeatureID="-1" href="SET_HLP_ACCESSORIES_LIST.html">Ekstrautstyrinnst.</target>
      <target FeatureID="-1" href="SET_HLP_ACCESSORIES_HEADPHONE.html">Hodetelefoninnst.</target>
      <target FeatureID="-1" href="SET_HLP_ACCESSORIES_HEADSET.html">Headsetinnst.</target>
      <target FeatureID="-1" href="SET_HLP_ACCESS_WIRED_CK.html">Bilmont.sett, innst.</target>
      <target FeatureID="true_1032" href="SET_HLP_ACCESSORIES_TTY.html">Teksttelefoninnst.</target>
      <target FeatureID="true_1540" href="SET_HLP_ACCESSORIES_TVOUT.html">TV ut-innst.</target>
   </keywords>
   <keywords>
      <text FeatureID="-1">pakkedata-tilgangspunkt</text>
      <target FeatureID="-1" href="SET_HLP_AP_SETTING_GPRS.html">Pakkedatatilg.pkt.</target>
   </keywords>
   <keywords>
      <text FeatureID="-1">pakkedata­innstillinger</text>
      <target FeatureID="-1" href="SET_HLP_AP_SETTING_GPRS_AS.html">Avan. pakkedatainnst.</target>
   </keywords>
   <keywords>
      <text FeatureID="-1">pakkedata-tilgangspunkter</text>
      <target FeatureID="-1" href="SET_HLP_AP_SETTING_GPRS_AS.html">Avan. pakkedatainnst.</target>
   </keywords>
   <keywords>
      <text FeatureID="true_1088 true_110">tilgangspkt., dataanr.</text>
      <target FeatureID="true_110" href="SET_HLP_AP_DATA_AS_IPV4.html">IPv4-innst. for dataanr.</target>
      <target FeatureID="true_1088" href="SET_HLP_AP_DATA_AS_IPV6.html">IPv6-innst. for dataanr.</target>
      <target FeatureID="true_110" href="SET_HLP_AP_SETTING_DATA_AS.html">Avanserte dataanr.innst.</target>
   </keywords>
   <keywords>
      <text FeatureID="true_110">tilgangspunkt-innstillinger</text>
      <target FeatureID="true_110" href="SET_HLP_AP_SETTING_DATA.html">Tilgangspunkt for dataanrop</target>
      <target FeatureID="true_110" href="SET_HLP_AP_SETTING_DATA_AS.html">Avanserte dataanr.innst.</target>
   </keywords>
   <keywords>
      <text FeatureID="true_110">dataanrops­innstillinger</text>
      <target FeatureID="true_110" href="SET_HLP_AP_SETTING_DATA.html">Tilgangspunkt for dataanrop</target>
   </keywords>
   <keywords>
      <text FeatureID="-1">virtual private network</text>
      <target FeatureID="-1" href="SET_HLP_VPN_AP_SETTINGS_VIEW.html">Red. VPN-tilgangspkt.</target>
   </keywords>
   <keywords>
      <text FeatureID="-1">tastelås</text>
      <target FeatureID="-1" href="CP_HLP_AUTOKEYGUARD.html">Automatisk tastelås</target>
   </keywords>
   <keywords>
      <text FeatureID="true_1581">eksterne stasjoner</text>
      <target FeatureID="true_1581" href="RD_HLP_REMOTE_DRIVE_CONFIG.html">Ekst. stasjon, innst.</target>
      <target FeatureID="true_1581" href="RD_HLP_REMOTE_DRIVES.html">Ekst. stasjoner</target>
   </keywords>
   <keywords>
      <text FeatureID="-1">anrops­sperring</text>
      <target FeatureID="-1" href="SET_HLP_BARRING_SETTINGS.html">Sperre anrop</target>
      <target FeatureID="true_298" href="DIV_HLP_BARRING_MAIN.html">Sperre anrop</target>
   </keywords>
   <keywords>
      <text FeatureID="-1">sperre anrop</text>
      <target FeatureID="-1" href="SET_HLP_BARRING_SETTINGS.html">Sperre anrop</target>
      <target FeatureID="true_298" href="DIV_HLP_BARRING_MAIN.html">Sperre anrop</target>
   </keywords>
   <keywords>
      <text FeatureID="-1">viderekoble anrop</text>
      <target FeatureID="true_89" href="DIV_HLP_CALL_FORW_VID.html">Viderekoble videoanrop</target>
      <target FeatureID="-1" href="DIV_HLP_CALL_FORW_MAIN.html">Viderekobl.</target>
      <target FeatureID="-1" href="DIV_HLP_CALL_FORW_MAIN.html">Viderekobl.</target>
      <target FeatureID="-1" href="DIV_HLP_CALL_FORW_VOI.html">Viderek. taleanrop</target>
   </keywords>
   <keywords>
      <text FeatureID="-1">synkroniseringsinnstillinger</text>
      <target FeatureID="-1" href="CP_HLP_SYNCHRONISATION.html">Synkroniseringsinnstillinger</target>
   </keywords>
   <keywords>
      <text FeatureID="-1">installere programmer</text>
      <target FeatureID="-1" href="CP_HLP_INSTALLATIONS.html">Installeringer</target>
   </keywords>
   <keywords>
      <text FeatureID="-1">Hodetelefon-innst.</text>
      <target FeatureID="-1" href="SET_HLP_ACCESSORIES_HEADPHONE.html">Hodetelefoninnst.</target>
   </keywords>
   <keywords>
      <text FeatureID="-1">headset­innstillinger</text>
      <target FeatureID="-1" href="SET_HLP_ACCESSORIES_HEADSET.html">Headsetinnst.</target>
   </keywords>
   <keywords>
      <text FeatureID="-1">bilmont.sett, innst.</text>
      <target FeatureID="-1" href="SET_HLP_ACCESS_WIRED_CK.html">Bilmont.sett, innst.</target>
      <target FeatureID="-1" href="SET_HLP_ACCESS_WIRED_CK.html">Bilmont.sett, innst.</target>
   </keywords>
   <keywords>
      <text FeatureID="-1">musikkst., innst.</text>
      <target FeatureID="-1" href="SET_HLP_ACCESSORIES_MUSIC_ST.html">Musikkst., innst.</target>
   </keywords>
   <keywords>
      <text FeatureID="true_1032">Teksttelefon­innstillinger</text>
      <target FeatureID="true_1032" href="SET_HLP_ACCESSORIES_TTY.html">Teksttelefoninnst.</target>
   </keywords>
   <keywords>
      <text FeatureID="true_1032">TDD-innstillinger</text>
      <target FeatureID="true_1032" href="SET_HLP_ACCESSORIES_TTY.html">Teksttelefoninnst.</target>
   </keywords>
   <keywords>
      <text FeatureID="true_1540">tv ut-innstillinger</text>
      <target FeatureID="true_1540" href="SET_HLP_ACCESSORIES_TVOUT.html">TV ut-innst.</target>
   </keywords>
   <keywords>
      <text FeatureID="true_410">skriving</text>
      <target FeatureID="true_410" href="PREDINPUT_HLP_VIRTUAL_ITI_SETTINGS.html">Innstillinger for skriving</target>
   </keywords>
   <keywords>
      <text FeatureID="-1">ordforslag</text>
      <target FeatureID="-1" href="PREDINPUT_HLP_VIRTUAL_ITI.html">Ordforslag</target>
   </keywords>
   <keywords>
      <text FeatureID="-1">innstillinger, gjenopprette</text>
      <target FeatureID="-1" href="SET_HLP_GENERAL_ORIG_SET.html">Gjenopprette oppr. innst.</target>
   </keywords>
   <keywords>
      <text FeatureID="-1">gjenopprette innstillinger</text>
      <target FeatureID="-1" href="SET_HLP_GENERAL_ORIG_SET.html">Gjenopprette oppr. innst.</target>
   </keywords>
   <keywords>
      <text FeatureID="-1">fabrikkinnstillinger, gjenopprette</text>
      <target FeatureID="-1" href="SET_HLP_GENERAL_ORIG_SET.html">Gjenopprette oppr. innst.</target>
   </keywords>
</keywords>