<?xml version="1.0" encoding="UTF-8"?>
<keywords>
   <keywords>
      <text FeatureID="-1">תוכן לשיתוף</text>
      <target FeatureID="-1" href="UPNP_HLP_SHARE_CONTENT.html">בחירת תוכן לשיתוף</target>
   </keywords>
   <keywords>
      <text FeatureID="-1">מדיה ביתית</text>
      <target FeatureID="-1" href="UPNP_HLP_SHARE_CONTENT.html">בחירת תוכן לשיתוף</target>
      <target FeatureID="-1" href="UPNP_HLP_SHARING_PROP.html">הגדרות שיתוף</target>
      <target FeatureID="-1" href="UPNP_HLP_MAIN_VIEW.html">מדיה ביתית</target>
      <target FeatureID="-1" href="UPNP_HLP_MAIN_EXTERNAL.html">התקני מדיה ברשת ביתית</target>
      <target FeatureID="-1" href="UPNP_HLP_CONTENT_VIEW.html">קבצים ברשת ביתית</target>
      <target FeatureID="-1" href="UPNP_HLP_REMOTE_DEVICES.html">תיקיות ברשת ביתית</target>
      <target FeatureID="-1" href="UPNP_HLP_SEARCH.html">תוצאות חיפוש</target>
   </keywords>
   <keywords>
      <text FeatureID="-1">שיתוף תמונות וקטעי וידאו</text>
      <target FeatureID="-1" href="UPNP_HLP_SHARE_CONTENT.html">בחירת תוכן לשיתוף</target>
   </keywords>
   <keywords>
      <text FeatureID="-1">שיתוף קובצי מדיה</text>
      <target FeatureID="-1" href="UPNP_HLP_SHARING_PROP.html">הגדרות שיתוף</target>
      <target FeatureID="-1" href="UPNP_HLP_MAIN_VIEW.html">מדיה ביתית</target>
      <target FeatureID="-1" href="UPNP_HLP_MAIN_EXTERNAL.html">התקני מדיה ברשת ביתית</target>
      <target FeatureID="-1" href="UPNP_HLP_CONTENT_VIEW.html">קבצים ברשת ביתית</target>
      <target FeatureID="-1" href="UPNP_HLP_REMOTE_DEVICES.html">תיקיות ברשת ביתית</target>
      <target FeatureID="-1" href="UPNP_HLP_SEARCH.html">תוצאות חיפוש</target>
   </keywords>
   <keywords>
      <text FeatureID="-1">הצגת קבצים בהתקן מרוחק</text>
      <target FeatureID="-1" href="UPNP_HLP_SHARING_PROP.html">הגדרות שיתוף</target>
      <target FeatureID="-1" href="UPNP_HLP_MAIN_VIEW.html">מדיה ביתית</target>
      <target FeatureID="-1" href="UPNP_HLP_MAIN_EXTERNAL.html">התקני מדיה ברשת ביתית</target>
      <target FeatureID="-1" href="UPNP_HLP_CONTENT_VIEW.html">קבצים ברשת ביתית</target>
      <target FeatureID="-1" href="UPNP_HLP_REMOTE_DEVICES.html">תיקיות ברשת ביתית</target>
      <target FeatureID="-1" href="UPNP_HLP_SEARCH.html">תוצאות חיפוש</target>
   </keywords>
   <keywords>
      <text FeatureID="-1">מאפייני שיתוף</text>
      <target FeatureID="-1" href="UPNP_HLP_SHARING_PROP.html">הגדרות שיתוף</target>
   </keywords>
</keywords>