<?xml version="1.0" encoding="UTF-8"?>
<keywords>
   <keywords>
      <text FeatureID="true_1604">text input</text>
      <target FeatureID="true_1604" href="HWR_HLP_MAIN_VIEW.html">El yazısı tanıma</target>
   </keywords>
   <keywords>
      <text FeatureID="true_1604">el yazısı tanıma</text>
      <target FeatureID="true_1604" href="HWR_HLP_MAIN_VIEW.html">El yazısı tanıma</target>
   </keywords>
   <keywords>
      <text FeatureID="true_1603 true_410">dokunma girişi</text>
      <target FeatureID="true_1603" href="VQWERTY_HLP_MAIN_VIEW.html">Sanal klavye</target>
      <target FeatureID="true_410" href="VITU_HLP_MAIN_VIEW.html">Sanal tuş takımı</target>
   </keywords>
   <keywords>
      <text FeatureID="true_410">sanal tuş takımı</text>
      <target FeatureID="true_410" href="VITU_HLP_MAIN_VIEW.html">Sanal tuş takımı</target>
   </keywords>
</keywords>