<?xml version="1.0" encoding="UTF-8"?>
<keywords>
   <keywords>
      <text FeatureID="-1">innehåll att dela</text>
      <target FeatureID="-1" href="UPNP_HLP_SHARE_CONTENT.html">Välj innehåll att dela</target>
   </keywords>
   <keywords>
      <text FeatureID="-1">hemmedia</text>
      <target FeatureID="-1" href="UPNP_HLP_SHARE_CONTENT.html">Välj innehåll att dela</target>
      <target FeatureID="-1" href="UPNP_HLP_SHARING_PROP.html">Delningsinställningar</target>
      <target FeatureID="-1" href="UPNP_HLP_MAIN_VIEW.html">Hemmanät</target>
      <target FeatureID="-1" href="UPNP_HLP_MAIN_EXTERNAL.html">Hemmanätsenheter</target>
      <target FeatureID="-1" href="UPNP_HLP_CONTENT_VIEW.html">Filer i hemmanätet</target>
      <target FeatureID="-1" href="UPNP_HLP_REMOTE_DEVICES.html">Mappar i hemmanätet</target>
      <target FeatureID="-1" href="UPNP_HLP_SEARCH.html">Sökresultat</target>
   </keywords>
   <keywords>
      <text FeatureID="-1">dela bilder och videoklipp</text>
      <target FeatureID="-1" href="UPNP_HLP_SHARE_CONTENT.html">Välj innehåll att dela</target>
   </keywords>
   <keywords>
      <text FeatureID="-1">dela mediefiler</text>
      <target FeatureID="-1" href="UPNP_HLP_SHARING_PROP.html">Delningsinställningar</target>
      <target FeatureID="-1" href="UPNP_HLP_MAIN_VIEW.html">Hemmanät</target>
      <target FeatureID="-1" href="UPNP_HLP_MAIN_EXTERNAL.html">Hemmanätsenheter</target>
      <target FeatureID="-1" href="UPNP_HLP_CONTENT_VIEW.html">Filer i hemmanätet</target>
      <target FeatureID="-1" href="UPNP_HLP_REMOTE_DEVICES.html">Mappar i hemmanätet</target>
      <target FeatureID="-1" href="UPNP_HLP_SEARCH.html">Sökresultat</target>
   </keywords>
   <keywords>
      <text FeatureID="-1">visa filer på fjärrenheten</text>
      <target FeatureID="-1" href="UPNP_HLP_SHARING_PROP.html">Delningsinställningar</target>
      <target FeatureID="-1" href="UPNP_HLP_MAIN_VIEW.html">Hemmanät</target>
      <target FeatureID="-1" href="UPNP_HLP_MAIN_EXTERNAL.html">Hemmanätsenheter</target>
      <target FeatureID="-1" href="UPNP_HLP_CONTENT_VIEW.html">Filer i hemmanätet</target>
      <target FeatureID="-1" href="UPNP_HLP_REMOTE_DEVICES.html">Mappar i hemmanätet</target>
      <target FeatureID="-1" href="UPNP_HLP_SEARCH.html">Sökresultat</target>
   </keywords>
   <keywords>
      <text FeatureID="-1">delningsegenskaper</text>
      <target FeatureID="-1" href="UPNP_HLP_SHARING_PROP.html">Delningsinställningar</target>
   </keywords>
</keywords>