<?xml version="1.0" encoding="UTF-8"?><?xml-stylesheet  href="../../theme/xsl/index2html.xslt" type="text/xsl"?>
<topics FeatureID="-1" title="تنظیمات" compressed="true">
   <topicref FeatureID="-1" href="SET_HLP_SETTINGS_KEYPAD_COVER.html" navtitle="تنظیمات پخش اسلاید"/>
   <topicref FeatureID="-1" href="CP_HLP_ADMINISTRATIVE_SETTINGS.html" navtitle="تنظیمات مدیر سیستم"/>
   <topicref FeatureID="-1" href="CP_HLP_DEVICE_MANAGEMENT.html" navtitle="مدیریت دستگاه"/>
   <topicref FeatureID="true_109" href="SET_HLP_WLAN_WPA_MAIN.html" navtitle="تنظیمات ایمنی WPA"/>
   <topicref FeatureID="true_109" href="SET_HLP_WLAN_8021X_MAIN.html" navtitle="تنظیمات ايمنی 802.1x"/>
   <topicref FeatureID="true_109" href="SET_HLP_WLAN_EAP_PLUGINS_IAP.html" navtitle="تنظیمات EAP"/>
   <topicref FeatureID="true_109" href="SET_HLP_WLAN_EAP_AKA.html" navtitle="تنظیمات EAP-AKA"/>
   <topicref FeatureID="true_109" href="SET_HLP_WLAN_EAP_SIM.html" navtitle="تنظیمات EAP-SIM"/>
   <topicref FeatureID="true_109" href="SET_HLP_WLAN_EAP_GTC.html" navtitle="تنظیمات EAP-GTC"/>
   <topicref FeatureID="true_109" href="SET_HLP_WLAN_EAP_TTLS_TYPES.html" navtitle="روشهای تایید اعتبار EAP-TTLS"/>
   <topicref FeatureID="true_109" href="SET_HLP_WLAN_EAP_TTLS_SUITES.html" navtitle="برنامه کد EAP-TTLS"/>
   <topicref FeatureID="true_109" href="SET_HLP_WLAN_EAP_TTLS_SETT.html" navtitle="تنظیمات EAP-TTLS"/>
   <topicref FeatureID="true_109" href="SET_HLP_WLAN_EAP_TLS_SUITES.html" navtitle="برنامه کد EAP-TLS"/>
   <topicref FeatureID="true_109" href="SET_HLP_WLAN_EAP_TLS_SETT.html" navtitle="تنظیمات EAP-TLS"/>
   <topicref FeatureID="true_109" href="SET_HLP_WLAN_EAP_PEAP_TYPES.html" navtitle="روشهای تایید اعتبار EAP-PEAP"/>
   <topicref FeatureID="true_109" href="SET_HLP_WLAN_EAP_PEAP_SUITES.html" navtitle="برنامه کد EAP-PEAP"/>
   <topicref FeatureID="true_109" href="SET_HLP_WLAN_EAP_PEAP_SETT.html" navtitle="تنظیمات EAP-PEAP"/>
   <topicref FeatureID="true_109" href="SET_HLP_WLAN_EAP_MSCHAPV2.html" navtitle="تنظیمات EAP-MSCHAPV2"/>
   <topicref FeatureID="true_109" href="SET_HLP_WLAN_EAP_PLAIN_MSCHAP.html" navtitle="تنظیمات MSCHAPV2 ساده"/>
   <topicref FeatureID="true_177" href="SET_HLP_WLAN_EAP_LEAP.html" navtitle="تنظیمات EAP-LEAP"/>
   <topicref FeatureID="true_177" href="SET_HLP_WLAN_EAP_FAST_TYPES.html" navtitle="روشهای تایید اعتبار EAP-FAST"/>
   <topicref FeatureID="true_177" href="SET_HLP_WLAN_EAP_FAST_SUITES.html" navtitle="برنامه کد EAP-FAST"/>
   <topicref FeatureID="true_177" href="SET_HLP_WLAN_EAP_FAST_SETT.html" navtitle="تنظیمات EAP-FAST"/>
   <topicref FeatureID="true_109" href="SET_HLP_WLAN_EAP_PAP.html" navtitle="تنظیمات PAP"/>
   <topicref FeatureID="true_109" href="SET_HLP_WLAN_WEP_KEY_SETT.html" navtitle="ویرایش كلیدهای WEP"/>
   <topicref FeatureID="true_109" href="SET_HLP_WLAN_WEP_MAIN.html" navtitle="تنظیمات ایمنی WEP"/>
   <topicref FeatureID="-1" href="ACL_HLP_MAIN.html" navtitle="محدود سازی اتصالات"/>
   <topicref FeatureID="-1" href="SIP_HLP_PROF_PARAMS.html" navtitle="تنظیمات نمایه SIP"/>
   <topicref FeatureID="-1" href="SIP_HLP_MAIN.html" navtitle="نمایه های SIP"/>
   <topicref FeatureID="-1" href="SIP_HLP_PROXY_PARAMS.html" navtitle="تنظیمات پراکسی SIP"/>
   <topicref FeatureID="-1" href="SIP_HLP_REGISTRAR_PARAM.html" navtitle="تنظیمات سرور ثبت كننده"/>
   <topicref FeatureID="-1" href="HLP_OCC_CONN_SETTINGS.html" navtitle="اتصالات شبکه"/>
   <topicref FeatureID="-1" href="SET_HLP_CONN_DEST_VIEW.html" navtitle="نمای مقصد"/>
   <topicref FeatureID="-1" href="SET_HLP_DEFAULT_CONN.html" navtitle="اتصال پیش فرض"/>
   <topicref FeatureID="true_99" href="SET_HLP_VPN_DEST_ASSOC_VIEW.html" navtitle="اتصالات VPN"/>
   <topicref FeatureID="-1" href="SET_HLP_CONN_METHODS_VIEW.html" navtitle="نمای نقاط دستیابی"/>
   <topicref FeatureID="-1" href="SET_HLP_APP_DEST_ASSOC_VIEW.html" navtitle="اتصالات برنامه"/>
   <topicref FeatureID="-1" href="CP_HLP_APPILICATION_SETTINGS.html" navtitle="تنظیمات برنامه"/>
   <topicref FeatureID="-1" href="SCP_HLP_CALL.html" navtitle="تنظیمات تماس"/>
   <topicref FeatureID="-1" href="CP_HLP_CONNECTIVITY.html" navtitle="تنظیمات اتصال"/>
   <topicref FeatureID="-1" href="CP_HLP_DISPLAY.html" navtitle="تنظیمات صفحه نمایش"/>
   <topicref FeatureID="-1" href="CP_HLP_DEVICE.html" navtitle="تنظیمات دستگاه"/>
   <topicref FeatureID="-1" href="CP_HLP_LANGUAGE.html" navtitle="تنظیمات زبان"/>
   <topicref FeatureID="-1" href="CP_HLP_MAIN_VIEW.html" navtitle="تنظیمات"/>
   <topicref FeatureID="-1" href="CP_HLP_NETWORK.html" navtitle="تنظیمات شبکه"/>
   <topicref FeatureID="true_410" href="CP_HLP_PEN_INPUT.html" navtitle="تنظیمات ورودی لمسی"/>
   <topicref FeatureID="-1" href="CP_HLP_PERSONAL.html" navtitle="نمای شخصی"/>
   <topicref FeatureID="-1" href="CP_HLP_SECURITY.html" navtitle="تنظیمات ‌ایمنى"/>
   <topicref FeatureID="-1" href="SET_HLP_SECURITY_DEVICE_SIM.html" navtitle="امنیت دستگاه"/>
   <topicref FeatureID="-1" href="CP_HLP_TELEPHONY.html" navtitle="تنظیمات تلفن"/>
   <topicref FeatureID="__DUAL_LANGUAGE_SUPPORT=true" href="CP_HLP_WRITING_LANGUAGE.html" navtitle="زبان نوشتاری"/>
   <topicref FeatureID="-1" href="SET_HLP_ACCESSORIES_LIST.html" navtitle="تنظیمات لوازم جانبی"/>
   <topicref FeatureID="-1" href="SSET_HLP_MAIN_VIEW.html" navtitle="تنظیمات حسگر"/>
   <topicref FeatureID="-1" href="SET_HLP_AP_SETTING_GPRS.html" navtitle="نقطه دستیابی داده بسته ای"/>
   <topicref FeatureID="-1" href="SET_HLP_AP_SETTING_GPRS_AS.html" navtitle="تنظیمات پیشرفته داده بسته ای"/>
   <topicref FeatureID="true_110" href="SET_HLP_AP_DATA_AS_IPV4.html" navtitle="تنظیمات IPv4 تماس داده"/>
   <topicref FeatureID="true_1088" href="SET_HLP_AP_DATA_AS_IPV6.html" navtitle="تنظیمات IPv6 تماس داده"/>
   <topicref FeatureID="true_110" href="SET_HLP_AP_SETTING_DATA.html" navtitle="نقطه دستیابی تماس داده"/>
   <topicref FeatureID="true_110" href="SET_HLP_AP_SETTING_DATA_AS.html" navtitle="تنظیمات پیشرفته تماس داده"/>
   <topicref FeatureID="true_109" href="SET_HLP_AP_SETTING_WLAN_AS.html" navtitle="تنظیمات تنظیمات شبکه بی سیم محلی"/>
   <topicref FeatureID="-1" href="SET_HLP_VPN_AP_SETTINGS_VIEW.html" navtitle="ویرایش نقاط دسترسی VPN‏"/>
   <topicref FeatureID="true_109" href="SET_HLP_AP_SETTING_WLAN.html" navtitle="نقطه دستیابی شبکه بی سیم محلی"/>
   <topicref FeatureID="true_109" href="SET_HLP_AP_WLAN_AS_IPV4.html" navtitle="تنظیمات WLAN IPv4"/>
   <topicref FeatureID="true_109" href="SET_HLP_AP_WLAN_AS_IPV6.html" navtitle="تنظیمات WLAN IPv6"/>
   <topicref FeatureID="-1" href="CP_HLP_AUTOKEYGUARD.html" navtitle="صفحه کلید خودکار"/>
   <topicref FeatureID="true_1581" href="RD_HLP_REMOTE_DRIVE_CONFIG.html" navtitle="تنظیمات درایو راه دور"/>
   <topicref FeatureID="true_1581" href="RD_HLP_REMOTE_DRIVES.html" navtitle="درایوهای راه دور"/>
   <topicref FeatureID="-1" href="CP_HLP_NETWORK.html" navtitle="تنظیمات شبکه"/>
   <topicref FeatureID="-1" href="SET_HLP_BARRING_SETTINGS.html" navtitle="محدود کردن تماسهای تلفنی"/>
   <topicref FeatureID="true_298" href="DIV_HLP_BARRING_MAIN.html" navtitle="محدود کردن تماس"/>
   <topicref FeatureID="true_89" href="DIV_HLP_CALL_FORW_VID.html" navtitle="انتقال تماسهای تصویری"/>
   <topicref FeatureID="-1" href="DIV_HLP_CALL_FORW_MAIN.html" navtitle="انتقال تماس"/>
   <topicref FeatureID="-1" href="DIV_HLP_CALL_FORW_VOI.html" navtitle="انتقال تماسهای صوتى"/>
   <topicref FeatureID="true_298" href="DIV_HLP_CALL_FORW_VOIP.html" navtitle="محدود کردن تماسهای اینترنتی"/>
   <topicref FeatureID="true_109" href="SET_HLP_WLAN_SETTINGS.html" navtitle="تنظیمات شبکه بی سیم محلی"/>
   <topicref FeatureID="-1" href="CP_HLP_SYNCHRONISATION.html" navtitle="تنظیمات همگام سازی"/>
   <topicref FeatureID="-1" href="CP_HLP_INSTALLATIONS.html" navtitle="نصب ها"/>
   <topicref FeatureID="-1" href="SET_HLP_ACCESSORIES_HEADPHONE.html" navtitle="تنظیمات هدفون"/>
   <topicref FeatureID="-1" href="SET_HLP_ACCESSORIES_HEADSET.html" navtitle="تنظیمات هدست"/>
   <topicref FeatureID="-1" href="SET_HLP_ACCESS_WIRED_CK.html" navtitle="تنظیمات کیت خودرو دارای سیم"/>
   <topicref FeatureID="-1" href="SET_HLP_ACCESS_WIRELESS_CK.html" navtitle="تنظیمات کیت خودرو بی سیم"/>
   <topicref FeatureID="-1" href="SET_HLP_ACCESSORIES_LOOPSET.html" navtitle="تنظیمات گوشی حلقوی"/>
   <topicref FeatureID="-1" href="SET_HLP_ACCESSORIES_MUSIC_ST.html" navtitle="تنظیمات جعبه موسیقی"/>
   <topicref FeatureID="true_1032" href="SET_HLP_ACCESSORIES_TTY.html" navtitle="تنظیمات تلفن متنى"/>
   <topicref FeatureID="true_1540" href="SET_HLP_ACCESSORIES_TVOUT.html" navtitle="تنظيمات خروجى TV"/>
   <topicref FeatureID="true_410" href="PREDINPUT_HLP_VIRTUAL_ITI_SETTINGS.html" navtitle="تنظیمات ورودی"/>
   <topicref FeatureID="-1" href="PREDINPUT_HLP_VIRTUAL_ITI.html" navtitle="ورودی متن هوشمند"/>
   <topicref FeatureID="-1" href="PREDINPUT_HLP_USERDICT.html" navtitle="ویرایش لغتنامه کاربر"/>
   <topicref FeatureID="-1" href="SET_HLP_GENERAL_ORIG_SET.html" navtitle="بازیابی تنظیمات اصلی"/>
</topics>