<?xml version="1.0" encoding="UTF-8"?>
<keywords>
   <keywords>
      <text FeatureID="-1">تنظیمات, slide</text>
      <target FeatureID="-1" href="SET_HLP_SETTINGS_KEYPAD_COVER.html">تنظیمات پخش اسلاید</target>
   </keywords>
   <keywords>
      <text FeatureID="-1">تنظیمات اسلاید</text>
      <target FeatureID="-1" href="SET_HLP_SETTINGS_KEYPAD_COVER.html">تنظیمات پخش اسلاید</target>
   </keywords>
   <keywords>
      <text FeatureID="-1">مدیریت دستگاه</text>
      <target FeatureID="-1" href="CP_HLP_DEVICE_MANAGEMENT.html">مدیریت دستگاه</target>
   </keywords>
   <keywords>
      <text FeatureID="true_109">EAP‏ (پروتکل تایید اعتبار توسعه پذیر)</text>
      <target FeatureID="true_109" href="SET_HLP_WLAN_EAP_SIM.html">تنظیمات EAP-SIM</target>
   </keywords>
   <keywords>
      <text FeatureID="true_109">تنظیمات, WLAN</text>
      <target FeatureID="true_109" href="SET_HLP_WLAN_EAP_SIM.html">تنظیمات EAP-SIM</target>
   </keywords>
   <keywords>
      <text FeatureID="-1">محدود کردن نقاط دستیابی</text>
      <target FeatureID="-1" href="ACL_HLP_MAIN.html">محدود سازی اتصالات</target>
   </keywords>
   <keywords>
      <text FeatureID="-1">تنظیمات اتصال</text>
      <target FeatureID="-1" href="SIP_HLP_PROF_PARAMS.html">تنظیمات نمایه SIP</target>
      <target FeatureID="-1" href="SIP_HLP_MAIN.html">نمایه های SIP</target>
      <target FeatureID="-1" href="SET_HLP_CONN_DEST_VIEW.html">نمای مقصد</target>
      <target FeatureID="-1" href="SET_HLP_DEFAULT_CONN.html">اتصال پیش فرض</target>
      <target FeatureID="-1" href="SET_HLP_CONN_METHODS_VIEW.html">نمای نقاط دستیابی</target>
      <target FeatureID="true_1581" href="RD_HLP_REMOTE_DRIVE_CONFIG.html">تنظیمات درایو راه دور</target>
      <target FeatureID="true_1581" href="RD_HLP_REMOTE_DRIVES.html">درایوهای راه دور</target>
   </keywords>
   <keywords>
      <text FeatureID="-1">تنظیمات SIP</text>
      <target FeatureID="-1" href="SIP_HLP_PROF_PARAMS.html">تنظیمات نمایه SIP</target>
      <target FeatureID="-1" href="SIP_HLP_MAIN.html">نمایه های SIP</target>
      <target FeatureID="-1" href="SIP_HLP_PROXY_PARAMS.html">تنظیمات پراکسی SIP</target>
      <target FeatureID="-1" href="SIP_HLP_REGISTRAR_PARAM.html">تنظیمات سرور ثبت كننده</target>
   </keywords>
   <keywords>
      <text FeatureID="-1">سرور ثبت كننده</text>
      <target FeatureID="-1" href="SIP_HLP_REGISTRAR_PARAM.html">تنظیمات سرور ثبت كننده</target>
   </keywords>
   <keywords>
      <text FeatureID="-1">نقاط دستیابی</text>
      <target FeatureID="-1" href="HLP_OCC_CONN_SETTINGS.html">اتصالات شبکه</target>
      <target FeatureID="-1" href="SET_HLP_CONN_METHODS_VIEW.html">نمای نقاط دستیابی</target>
      <target FeatureID="-1" href="SET_HLP_AP_SETTING_GPRS.html">نقطه دستیابی داده بسته ای</target>
      <target FeatureID="true_109" href="SET_HLP_AP_SETTING_WLAN.html">نقطه دستیابی شبکه بی سیم محلی</target>
   </keywords>
   <keywords>
      <text FeatureID="-1">تنظیمات, اتصال</text>
      <target FeatureID="-1" href="HLP_OCC_CONN_SETTINGS.html">اتصالات شبکه</target>
   </keywords>
   <keywords>
      <text FeatureID="-1">تنظیمات مقصد</text>
      <target FeatureID="-1" href="SET_HLP_CONN_DEST_VIEW.html">نمای مقصد</target>
   </keywords>
   <keywords>
      <text FeatureID="-1">اتصال پیش فرض</text>
      <target FeatureID="-1" href="SET_HLP_DEFAULT_CONN.html">اتصال پیش فرض</target>
   </keywords>
   <keywords>
      <text FeatureID="true_99">نقاط دستیابی VPN</text>
      <target FeatureID="true_99" href="SET_HLP_VPN_DEST_ASSOC_VIEW.html">اتصالات VPN</target>
   </keywords>
   <keywords>
      <text FeatureID="-1">اتصالات برنامه</text>
      <target FeatureID="-1" href="SET_HLP_APP_DEST_ASSOC_VIEW.html">اتصالات برنامه</target>
   </keywords>
   <keywords>
      <text FeatureID="-1">تنظیمات برنامه</text>
      <target FeatureID="-1" href="CP_HLP_APPILICATION_SETTINGS.html">تنظیمات برنامه</target>
   </keywords>
   <keywords>
      <text FeatureID="-1">تماسها, تنظیمات</text>
      <target FeatureID="-1" href="SCP_HLP_CALL.html">تنظیمات تماس</target>
   </keywords>
   <keywords>
      <text FeatureID="-1">تنظیمات, تماسها</text>
      <target FeatureID="-1" href="SCP_HLP_CALL.html">تنظیمات تماس</target>
   </keywords>
   <keywords>
      <text FeatureID="-1">قابلیت اتصال</text>
      <target FeatureID="-1" href="CP_HLP_CONNECTIVITY.html">تنظیمات اتصال</target>
   </keywords>
   <keywords>
      <text FeatureID="-1">کنترل پنل</text>
      <target FeatureID="-1" href="CP_HLP_DISPLAY.html">تنظیمات صفحه نمایش</target>
      <target FeatureID="__DUAL_LANGUAGE_SUPPORT=true" href="CP_HLP_WRITING_LANGUAGE.html">زبان نوشتاری</target>
   </keywords>
   <keywords>
      <text FeatureID="-1">تنظیمات صفحه</text>
      <target FeatureID="-1" href="CP_HLP_DISPLAY.html">تنظیمات صفحه نمایش</target>
   </keywords>
   <keywords>
      <text FeatureID="-1">تنظیمات کلى</text>
      <target FeatureID="-1" href="CP_HLP_DEVICE.html">تنظیمات دستگاه</target>
   </keywords>
   <keywords>
      <text FeatureID="-1">تنظیمات دستگاه</text>
      <target FeatureID="-1" href="CP_HLP_DEVICE.html">تنظیمات دستگاه</target>
   </keywords>
   <keywords>
      <text FeatureID="-1">تنظیمات زبان</text>
      <target FeatureID="-1" href="CP_HLP_LANGUAGE.html">تنظیمات زبان</target>
   </keywords>
   <keywords>
      <text FeatureID="-1">تنظیمات</text>
      <target FeatureID="-1" href="CP_HLP_MAIN_VIEW.html">تنظیمات</target>
   </keywords>
   <keywords>
      <text FeatureID="-1">تنظیمات شبکه</text>
      <target FeatureID="-1" href="CP_HLP_NETWORK.html">تنظیمات شبکه</target>
      <target FeatureID="-1" href="CP_HLP_NETWORK.html">تنظیمات شبکه</target>
   </keywords>
   <keywords>
      <text FeatureID="-1">نمایه</text>
      <target FeatureID="-1" href="CP_HLP_PERSONAL.html">نمای شخصی</target>
   </keywords>
   <keywords>
      <text FeatureID="-1">مضمون</text>
      <target FeatureID="-1" href="CP_HLP_PERSONAL.html">نمای شخصی</target>
   </keywords>
   <keywords>
      <text FeatureID="-1">آماده به کار</text>
      <target FeatureID="-1" href="CP_HLP_PERSONAL.html">نمای شخصی</target>
   </keywords>
   <keywords>
      <text FeatureID="-1">ایمنی, تنظیمات</text>
      <target FeatureID="-1" href="CP_HLP_SECURITY.html">تنظیمات ‌ایمنى</target>
   </keywords>
   <keywords>
      <text FeatureID="-1">تنظیمات, ایمنی</text>
      <target FeatureID="-1" href="CP_HLP_SECURITY.html">تنظیمات ‌ایمنى</target>
   </keywords>
   <keywords>
      <text FeatureID="-1">دستگاه, قفل شدن</text>
      <target FeatureID="-1" href="SET_HLP_SECURITY_DEVICE_SIM.html">امنیت دستگاه</target>
   </keywords>
   <keywords>
      <text FeatureID="-1">ایمنی</text>
      <target FeatureID="-1" href="SET_HLP_SECURITY_DEVICE_SIM.html">امنیت دستگاه</target>
   </keywords>
   <keywords>
      <text FeatureID="__DUAL_LANGUAGE_SUPPORT=true">زبان نوشتاری</text>
      <target FeatureID="__DUAL_LANGUAGE_SUPPORT=true" href="CP_HLP_WRITING_LANGUAGE.html">زبان نوشتاری</target>
   </keywords>
   <keywords>
      <text FeatureID="-1">تنظیمات لوازم جانبی</text>
      <target FeatureID="-1" href="SET_HLP_ACCESSORIES_LIST.html">تنظیمات لوازم جانبی</target>
      <target FeatureID="-1" href="SET_HLP_ACCESSORIES_HEADPHONE.html">تنظیمات هدفون</target>
      <target FeatureID="-1" href="SET_HLP_ACCESSORIES_HEADSET.html">تنظیمات هدست</target>
      <target FeatureID="-1" href="SET_HLP_ACCESS_WIRED_CK.html">تنظیمات کیت خودرو دارای سیم</target>
      <target FeatureID="true_1032" href="SET_HLP_ACCESSORIES_TTY.html">تنظیمات تلفن متنى</target>
      <target FeatureID="true_1540" href="SET_HLP_ACCESSORIES_TVOUT.html">تنظيمات خروجى TV</target>
   </keywords>
   <keywords>
      <text FeatureID="-1">نقطه دستیابی ‌داده بسته‌ای</text>
      <target FeatureID="-1" href="SET_HLP_AP_SETTING_GPRS.html">نقطه دستیابی داده بسته ای</target>
   </keywords>
   <keywords>
      <text FeatureID="-1">تنظیمات داده بسته ای</text>
      <target FeatureID="-1" href="SET_HLP_AP_SETTING_GPRS_AS.html">تنظیمات پیشرفته داده بسته ای</target>
   </keywords>
   <keywords>
      <text FeatureID="-1">نقاط دستیابی داده بسته ای</text>
      <target FeatureID="-1" href="SET_HLP_AP_SETTING_GPRS_AS.html">تنظیمات پیشرفته داده بسته ای</target>
   </keywords>
   <keywords>
      <text FeatureID="-1">نقاط دستیابی VPN‏</text>
      <target FeatureID="-1" href="SET_HLP_VPN_AP_SETTINGS_VIEW.html">ویرایش نقاط دسترسی VPN‏</target>
   </keywords>
   <keywords>
      <text FeatureID="-1">‏VPN (شبکه مجازی خصوصی)</text>
      <target FeatureID="-1" href="SET_HLP_VPN_AP_SETTINGS_VIEW.html">ویرایش نقاط دسترسی VPN‏</target>
   </keywords>
   <keywords>
      <text FeatureID="true_109">WLAN (شبکه محلی بی سیم)</text>
      <target FeatureID="true_109" href="SET_HLP_AP_SETTING_WLAN.html">نقطه دستیابی شبکه بی سیم محلی</target>
   </keywords>
   <keywords>
      <text FeatureID="-1">محافظ کلید</text>
      <target FeatureID="-1" href="CP_HLP_AUTOKEYGUARD.html">صفحه کلید خودکار</target>
   </keywords>
   <keywords>
      <text FeatureID="true_1581">درایوهای راه دور</text>
      <target FeatureID="true_1581" href="RD_HLP_REMOTE_DRIVE_CONFIG.html">تنظیمات درایو راه دور</target>
      <target FeatureID="true_1581" href="RD_HLP_REMOTE_DRIVES.html">درایوهای راه دور</target>
   </keywords>
   <keywords>
      <text FeatureID="-1">محدودیت تماس</text>
      <target FeatureID="-1" href="SET_HLP_BARRING_SETTINGS.html">محدود کردن تماسهای تلفنی</target>
      <target FeatureID="true_298" href="DIV_HLP_BARRING_MAIN.html">محدود کردن تماس</target>
   </keywords>
   <keywords>
      <text FeatureID="-1">محدود کردن تماسها</text>
      <target FeatureID="-1" href="SET_HLP_BARRING_SETTINGS.html">محدود کردن تماسهای تلفنی</target>
      <target FeatureID="true_298" href="DIV_HLP_BARRING_MAIN.html">محدود کردن تماس</target>
   </keywords>
   <keywords>
      <text FeatureID="-1">انتقال تماسها</text>
      <target FeatureID="true_89" href="DIV_HLP_CALL_FORW_VID.html">انتقال تماسهای تصویری</target>
      <target FeatureID="-1" href="DIV_HLP_CALL_FORW_MAIN.html">انتقال تماس</target>
      <target FeatureID="-1" href="DIV_HLP_CALL_FORW_VOI.html">انتقال تماسهای صوتى</target>
   </keywords>
   <keywords>
      <text FeatureID="-1">هدایت تماس</text>
      <target FeatureID="-1" href="DIV_HLP_CALL_FORW_MAIN.html">انتقال تماس</target>
   </keywords>
   <keywords>
      <text FeatureID="-1">تنظیمات همگام سازی</text>
      <target FeatureID="-1" href="CP_HLP_SYNCHRONISATION.html">تنظیمات همگام سازی</target>
   </keywords>
   <keywords>
      <text FeatureID="-1">نصب برنامه ها</text>
      <target FeatureID="-1" href="CP_HLP_INSTALLATIONS.html">نصب ها</target>
   </keywords>
   <keywords>
      <text FeatureID="-1">تنظیمات هدفون</text>
      <target FeatureID="-1" href="SET_HLP_ACCESSORIES_HEADPHONE.html">تنظیمات هدفون</target>
   </keywords>
   <keywords>
      <text FeatureID="-1">تنظیمات هدست</text>
      <target FeatureID="-1" href="SET_HLP_ACCESSORIES_HEADSET.html">تنظیمات هدست</target>
   </keywords>
   <keywords>
      <text FeatureID="-1">تنظیمات کیت خودرو دارای سیم</text>
      <target FeatureID="-1" href="SET_HLP_ACCESS_WIRED_CK.html">تنظیمات کیت خودرو دارای سیم</target>
   </keywords>
   <keywords>
      <text FeatureID="-1">تنظیمات کیت خودرو</text>
      <target FeatureID="-1" href="SET_HLP_ACCESS_WIRED_CK.html">تنظیمات کیت خودرو دارای سیم</target>
   </keywords>
   <keywords>
      <text FeatureID="-1">تنظیمات جعبه موسیقی</text>
      <target FeatureID="-1" href="SET_HLP_ACCESSORIES_MUSIC_ST.html">تنظیمات جعبه موسیقی</target>
   </keywords>
   <keywords>
      <text FeatureID="true_1032">تنظیم TTY</text>
      <target FeatureID="true_1032" href="SET_HLP_ACCESSORIES_TTY.html">تنظیمات تلفن متنى</target>
   </keywords>
   <keywords>
      <text FeatureID="true_1032">تنظیم TDD</text>
      <target FeatureID="true_1032" href="SET_HLP_ACCESSORIES_TTY.html">تنظیمات تلفن متنى</target>
   </keywords>
   <keywords>
      <text FeatureID="true_1540">تنظيمات خروجى TV</text>
      <target FeatureID="true_1540" href="SET_HLP_ACCESSORIES_TVOUT.html">تنظيمات خروجى TV</target>
   </keywords>
   <keywords>
      <text FeatureID="true_410">ورودی متن</text>
      <target FeatureID="true_410" href="PREDINPUT_HLP_VIRT_ITI_SETT.html">تنظیمات ورودی</target>
   </keywords>
   <keywords>
      <text FeatureID="-1">ورودی متن هوشمند</text>
      <target FeatureID="-1" href="PREDINPUT_HLP_VIRTUAL_ITI.html">ورودی متن هوشمند</target>
   </keywords>
   <keywords>
      <text FeatureID="-1">تنظیمات, بازیابی</text>
      <target FeatureID="-1" href="SET_HLP_GENERAL_ORIG_SET.html">بازیابی تنظیمات اصلی</target>
   </keywords>
   <keywords>
      <text FeatureID="-1">بازیابی تنظیمات</text>
      <target FeatureID="-1" href="SET_HLP_GENERAL_ORIG_SET.html">بازیابی تنظیمات اصلی</target>
   </keywords>
   <keywords>
      <text FeatureID="-1">تنظیمات کارخانه، بازیابی</text>
      <target FeatureID="-1" href="SET_HLP_GENERAL_ORIG_SET.html">بازیابی تنظیمات اصلی</target>
   </keywords>
</keywords>