<?xml version="1.0" encoding="UTF-8"?>
<keywords>
   <keywords>
      <text FeatureID="true_1091">urejevalnik USSD</text>
      <target FeatureID="true_1091" href="USSD_HLP_EDITOR.html">Ukazi za storitve</target>
   </keywords>
   <keywords>
      <text FeatureID="true_1091">ukazi za storitve</text>
      <target FeatureID="true_1091" href="USSD_HLP_EDITOR.html">Ukazi za storitve</target>
   </keywords>
   <keywords>
      <text FeatureID="true_1091">omrežne storitve</text>
      <target FeatureID="true_1091" href="USSD_HLP_EDITOR.html">Ukazi za storitve</target>
   </keywords>
</keywords>