<?xml version="1.0" encoding="UTF-8"?>
<keywords>
   <keywords>
      <text FeatureID="-1">synkronisering</text>
      <target FeatureID="-1" href="DS_HLP_MAIN_VIEW.html">Datasynkronisering</target>
   </keywords>
   <keywords>
      <text FeatureID="-1">synkroniseringsprofiler</text>
      <target FeatureID="-1" href="DS_HLP_MAIN_VIEW.html">Datasynkronisering</target>
   </keywords>
   <keywords>
      <text FeatureID="-1">synkroniseringsprofilinnstillinger</text>
      <target FeatureID="-1" href="DS_HLP_SETTINGS.html">Redigere synkroniseringsprofiler</target>
   </keywords>
   <keywords>
      <text FeatureID="-1">synkroniseringsinnstillinger</text>
      <target FeatureID="-1" href="DS_HLP_SETTINGS_CAL.html">Synkroniseringsinnstillinger for kalender</target>
      <target FeatureID="-1" href="DS_HLP_SETTINGS_CNT.html">Synkroniseringsinnstillinger for kontakter</target>
      <target FeatureID="-1" href="DS_HLP_SETTINGS_NOTES.html">Synkroniseringsinnstillinger for notater</target>
      <target FeatureID="-1" href="DS_HLP_SETTINGS_SMS.html">Synkroniseringsinnstillinger for SMS</target>
      <target FeatureID="true_44" href="DS_HLP_SETTINGS_SYNCML.html">E-postsynkroniseringsinnstillinger</target>
   </keywords>
</keywords>