<?xml version="1.0" encoding="UTF-8"?>
<keywords>
   <keywords>
      <text FeatureID="-1">메모 편집</text>
      <target FeatureID="-1" href="NMAKE_HLP_MEMO_VIEWER_EDIT.html">애플리케이션의 메모 편집</target>
   </keywords>
   <keywords>
      <text FeatureID="-1">수신된 메모</text>
      <target FeatureID="-1" href="NMAKE_HLP_MEMO_VIEWER.html">수신된 메모 보기</target>
   </keywords>
   <keywords>
      <text FeatureID="-1">메시지 템플릿</text>
      <target FeatureID="-1" href="NMAKE_HLP_TEMPLATE_EDITOR.html">메시지 템플릿 작성</target>
   </keywords>
   <keywords>
      <text FeatureID="-1">메시지 템플릿 만들기</text>
      <target FeatureID="-1" href="NMAKE_HLP_TEMPLATE_EDITOR.html">메시지 템플릿 작성</target>
   </keywords>
   <keywords>
      <text FeatureID="-1">메시지 템플릿 작성</text>
      <target FeatureID="-1" href="NMAKE_HLP_TEMPLATE_EDITOR.html">메시지 템플릿 작성</target>
   </keywords>
   <keywords>
      <text FeatureID="-1">메모 목록</text>
      <target FeatureID="-1" href="NMAKE_HLP_MEMO_LIST.html">메모 목록</target>
   </keywords>
   <keywords>
      <text FeatureID="-1">메모 작성</text>
      <target FeatureID="-1" href="NMAKE_HLP_MEMO_LIST.html">메모 목록</target>
      <target FeatureID="-1" href="NMAKE_HLP_MEMO_EDITOR_APPS.html">애플리케이션의 메모 작성</target>
      <target FeatureID="-1" href="NMAKE_HLP_MEMO_EDITOR.html">메모 작성</target>
   </keywords>
</keywords>