<?xml version="1.0" encoding="UTF-8"?><?xml-stylesheet  href="../../theme/xsl/index2html.xslt" type="text/xsl"?>
<topics FeatureID="-1" title="Intellisync" compressed="true">
   <topicref FeatureID="-1" href="FSE_HLP_IMS_SETTINGS_ACCT_INFO.html" navtitle="E-pasta konta uzstādījumi"/>
   <topicref FeatureID="-1" href="FSE_HLP_IMS_SETTINGS_ADVANCED.html" navtitle="Pastkastes papildu uzstādījumi"/>
   <topicref FeatureID="-1" href="FSE_HLP_IMS_SETTINGS_MAILBOX.html" navtitle="Pastkastes uzstādījumi"/>
   <topicref FeatureID="-1" href="FSE_HLP_IMS_SETTINGS_WHAT_SYNC.html" navtitle="Sinhronizācijas satura definēšana"/>
   <topicref FeatureID="-1" href="FSE_HLP_IMS_SETTINGS_WHEN_SYNC.html" navtitle="Sinhronizācijas laika definēšana"/>
   <topicref FeatureID="-1" href="FSE_HLP_IMS_SETTINGS_FOLDER.html" navtitle="E-pasta mapju sinhronizācija"/>
   <topicref FeatureID="-1" href="FSE_HLP_SETTINGS_INTELL_LIST.html" navtitle="E-pasta pakalpojuma uzstādījumi"/>
   <topicref FeatureID="-1" href="FSE_HLP_IMS_SETTINGS_MAIN_VIEW.html" navtitle="E-pasta uzstādījumi"/>
   <topicref FeatureID="-1" href="FSE_HLP_IMS_LAUNCHER_MAIN_VIEW.html" navtitle="Intellisync e-pasts"/>
</topics>