<?xml version="1.0" encoding="UTF-8"?>
<keywords>
   <keywords>
      <text FeatureID="-1">e-pasta konta uzstādījumi</text>
      <target FeatureID="-1" href="FSE_HLP_IMS_SETTINGS_ACCT_INFO.html">E-pasta konta uzstādījumi</target>
   </keywords>
   <keywords>
      <text FeatureID="-1">pastkastes papildu uzstādījumi</text>
      <target FeatureID="-1" href="FSE_HLP_IMS_SETTINGS_ADVANCED.html">Pastkastes papildu uzstādījumi</target>
   </keywords>
   <keywords>
      <text FeatureID="-1">pastkastes uzstādījumi</text>
      <target FeatureID="-1" href="FSE_HLP_IMS_SETTINGS_MAILBOX.html">Pastkastes uzstādījumi</target>
   </keywords>
   <keywords>
      <text FeatureID="-1">e-pasta sinhronizācijas saturs</text>
      <target FeatureID="-1" href="FSE_HLP_IMS_SETTINGS_WHAT_SYNC.html">Sinhronizācijas satura definēšana</target>
   </keywords>
   <keywords>
      <text FeatureID="-1">e-pasta sinhronizācijas laiks</text>
      <target FeatureID="-1" href="FSE_HLP_IMS_SETTINGS_WHEN_SYNC.html">Sinhronizācijas laika definēšana</target>
   </keywords>
   <keywords>
      <text FeatureID="-1">e-pasta mapes sinhronizācija</text>
      <target FeatureID="-1" href="FSE_HLP_IMS_SETTINGS_FOLDER.html">E-pasta mapju sinhronizācija</target>
   </keywords>
   <keywords>
      <text FeatureID="-1">e-pasta pakalpojuma uzstādījumi</text>
      <target FeatureID="-1" href="FSE_HLP_SETTINGS_INTELL_LIST.html">E-pasta pakalpojuma uzstādījumi</target>
   </keywords>
   <keywords>
      <text FeatureID="-1">e-pasta uzstādījumi</text>
      <target FeatureID="-1" href="FSE_HLP_IMS_SETTINGS_MAIN_VIEW.html">E-pasta uzstādījumi</target>
   </keywords>
   <keywords>
      <text FeatureID="-1">Intellisync</text>
      <target FeatureID="-1" href="FSE_HLP_IMS_LAUNCHER_MAIN_VIEW.html">Intellisync e-pasts</target>
   </keywords>
</keywords>