<?xml version="1.0" encoding="UTF-8"?>
<keywords>
   <keywords>
      <text FeatureID="-1">aanpassen, profielen</text>
      <target FeatureID="-1" href="MODE_HLP_PERSONALISE.html">Profielen aanpassen</target>
   </keywords>
   <keywords>
      <text FeatureID="-1">tooninstellingen</text>
      <target FeatureID="-1" href="SET_HLP_PERSONAL_TONES.html">Tooninstellingen</target>
   </keywords>
   <keywords>
      <text FeatureID="-1">beltonen</text>
      <target FeatureID="-1" href="SET_HLP_PERSONAL_TONES.html">Tooninstellingen</target>
   </keywords>
   <keywords>
      <text FeatureID="-1">profielen</text>
      <target FeatureID="-1" href="MODE_HLP_PROFILES_LIST.html">Profielen</target>
   </keywords>
   <keywords>
      <text FeatureID="-1">wijzigen, profielen</text>
      <target FeatureID="-1" href="MODE_HLP_PROFILES_LIST.html">Profielen</target>
   </keywords>
</keywords>