<?xml version="1.0" encoding="UTF-8"?>
<keywords>
   <keywords>
      <text FeatureID="-1">manajer file</text>
      <target FeatureID="-1" href="FMGR_HLP_MEM_STORE_VIEW.html">Mengatur file</target>
      <target FeatureID="-1" href="FMGR_HLP_MAIN_VIEW.html">Manajer file</target>
      <target FeatureID="-1" href="FMGR_HLP_BACKUP_VIEW.html">Cadangan file</target>
   </keywords>
   <keywords>
      <text FeatureID="-1">kartu memori</text>
      <target FeatureID="-1" href="FMGR_HLP_MEM_STORE_VIEW.html">Mengatur file</target>
      <target FeatureID="-1" href="FMGR_HLP_MAIN_VIEW.html">Manajer file</target>
      <target FeatureID="-1" href="FMGR_HLP_BACKUP_VIEW.html">Cadangan file</target>
   </keywords>
   <keywords>
      <text FeatureID="-1">Manajer file</text>
      <target FeatureID="-1" href="FMGR_HLP_SEARCH_RESULTS.html">Pencarian file</target>
   </keywords>
   <keywords>
      <text FeatureID="-1">mencari file</text>
      <target FeatureID="-1" href="FMGR_HLP_SEARCH_RESULTS.html">Pencarian file</target>
   </keywords>
   <keywords>
      <text FeatureID="-1">mencari folder</text>
      <target FeatureID="-1" href="FMGR_HLP_SEARCH_RESULTS.html">Pencarian file</target>
   </keywords>
   <keywords>
      <text FeatureID="-1">cadangan</text>
      <target FeatureID="-1" href="FMGR_HLP_BACKUP_VIEW.html">Cadangan file</target>
   </keywords>
</keywords>