<?xml version="1.0" encoding="UTF-8"?><?xml-stylesheet  href="../../theme/xsl/index2html.xslt" type="text/xsl"?>
<topics FeatureID="-1" title="Kalendaryo" compressed="true">
   <topicref FeatureID="-1" href="CALE_HLP_NOTE_ANNIVERSARY.html" navtitle="Mga entry sa anibersaryo"/>
   <topicref FeatureID="-1" href="CALE_HLP_NOTE_VIEWER.html" navtitle="Mga entry sa kalendaryo"/>
   <topicref FeatureID="-1" href="CALE_HLP_SETTINGS.html" navtitle="Mga setting ng Kalendaryo"/>
   <topicref FeatureID="-1" href="CALE_HLP_DAY_VIEW.html" navtitle="View ng araw"/>
   <topicref FeatureID="-1" href="CALE_HLP_NOTE_MEETING.html" navtitle="Mga entry ng pulong"/>
   <topicref FeatureID="-1" href="CALE_HLP_NOTE_DAY.html" navtitle="Mga entry sa memo"/>
   <topicref FeatureID="-1" href="CALE_HLP_MONTH_VIEW.html" navtitle="View ng buwan"/>
   <topicref FeatureID="-1" href="CALE_HLP_TODO_NOTE.html" navtitle="Mga entry ng gagawin"/>
   <topicref FeatureID="-1" href="CALE_HLP_TODO_VIEW.html" navtitle="View ng gagawin"/>
   <topicref FeatureID="-1" href="CALE_HLP_WEEK_VIEW.html" navtitle="View ng linggo"/>
</topics>