<?xml version="1.0" encoding="UTF-8"?>
<keywords>
   <keywords>
      <text FeatureID="-1">kalendaryo</text>
      <target FeatureID="-1" href="CALE_HLP_NOTE_VIEWER.html">Mga entry sa kalendaryo</target>
      <target FeatureID="-1" href="CALE_HLP_DAY_VIEW.html">View ng araw</target>
      <target FeatureID="-1" href="CALE_HLP_NOTE_MEETING.html">Mga entry ng pulong</target>
      <target FeatureID="-1" href="CALE_HLP_MONTH_VIEW.html">View ng buwan</target>
      <target FeatureID="-1" href="CALE_HLP_TODO_NOTE.html">Mga entry ng gagawin</target>
      <target FeatureID="-1" href="CALE_HLP_TODO_VIEW.html">View ng gagawin</target>
      <target FeatureID="-1" href="CALE_HLP_WEEK_VIEW.html">View ng linggo</target>
      <target FeatureID="-1" href="CALE_HLP_CALENDAR_DATABASE_SETTINGS.html">Mga setting ng maraming kalendaryo.</target>
      <target FeatureID="-1" href="CALE_HLP_CALE_MAN_VIEW.html">View ng pangangasiwa ng mga kalendaryo.</target>
      <target FeatureID="-1" href="CALE_HLP_ATTACH_VIEW.html">View ng kalakip</target>
      <target FeatureID="-1" href="CALE_HLP_MAV.html">View ng mga naligtaang alarma.</target>
   </keywords>
   <keywords>
      <text FeatureID="-1">mga pulong</text>
      <target FeatureID="-1" href="CALE_HLP_NOTE_VIEWER.html">Mga entry sa kalendaryo</target>
      <target FeatureID="-1" href="CALE_HLP_NOTE_MEETING.html">Mga entry ng pulong</target>
   </keywords>
   <keywords>
      <text FeatureID="-1">mga tala sa gagawin</text>
      <target FeatureID="-1" href="CALE_HLP_NOTE_VIEWER.html">Mga entry sa kalendaryo</target>
      <target FeatureID="-1" href="CALE_HLP_TODO_NOTE.html">Mga entry ng gagawin</target>
   </keywords>
   <keywords>
      <text FeatureID="-1">mga setting ng kalendaryo</text>
      <target FeatureID="-1" href="CALE_HLP_SETTINGS.html">Mga setting ng Kalendaryo</target>
   </keywords>
   <keywords>
      <text FeatureID="-1">listahan ng gagawin</text>
      <target FeatureID="-1" href="CALE_HLP_TODO_VIEW.html">View ng gagawin</target>
   </keywords>
   <keywords>
      <text FeatureID="-1">mga setting, kalendaryo</text>
      <target FeatureID="-1" href="CALE_HLP_CALENDAR_DATABASE_SETTINGS.html">Mga setting ng maraming kalendaryo.</target>
   </keywords>
   <keywords>
      <text FeatureID="-1">mga kalakip</text>
      <target FeatureID="-1" href="CALE_HLP_ATTACH_VIEW.html">View ng kalakip</target>
   </keywords>
   <keywords>
      <text FeatureID="-1">mga alarma, tala ng kalendaryo</text>
      <target FeatureID="-1" href="CALE_HLP_MAV.html">View ng mga naligtaang alarma.</target>
   </keywords>
</keywords>