<?xml version="1.0" encoding="UTF-8"?>
<keywords>
   <keywords>
      <text FeatureID="-1">kalendaryo</text>
      <target FeatureID="-1" href="CALE_HLP_NOTE_ANNIVERSARY.html">Mga entry sa anibersaryo</target>
      <target FeatureID="-1" href="CALE_HLP_NOTE_VIEWER.html">Mga entry sa kalendaryo</target>
      <target FeatureID="-1" href="CALE_HLP_DAY_VIEW.html">View ng araw</target>
      <target FeatureID="-1" href="CALE_HLP_NOTE_MEETING.html">Mga entry ng pulong</target>
      <target FeatureID="-1" href="CALE_HLP_NOTE_DAY.html">Mga entry sa memo</target>
      <target FeatureID="-1" href="CALE_HLP_MONTH_VIEW.html">View ng buwan</target>
      <target FeatureID="-1" href="CALE_HLP_TODO_NOTE.html">Mga entry ng gagawin</target>
      <target FeatureID="-1" href="CALE_HLP_TODO_VIEW.html">View ng gagawin</target>
      <target FeatureID="-1" href="CALE_HLP_WEEK_VIEW.html">View ng linggo</target>
   </keywords>
   <keywords>
      <text FeatureID="-1">mga tala sa anibersaryo</text>
      <target FeatureID="-1" href="CALE_HLP_NOTE_ANNIVERSARY.html">Mga entry sa anibersaryo</target>
      <target FeatureID="-1" href="CALE_HLP_NOTE_VIEWER.html">Mga entry sa kalendaryo</target>
   </keywords>
   <keywords>
      <text FeatureID="-1">mga pulong</text>
      <target FeatureID="-1" href="CALE_HLP_NOTE_VIEWER.html">Mga entry sa kalendaryo</target>
      <target FeatureID="-1" href="CALE_HLP_NOTE_MEETING.html">Mga entry ng pulong</target>
   </keywords>
   <keywords>
      <text FeatureID="-1">mga tala sa memo</text>
      <target FeatureID="-1" href="CALE_HLP_NOTE_VIEWER.html">Mga entry sa kalendaryo</target>
      <target FeatureID="-1" href="CALE_HLP_NOTE_DAY.html">Mga entry sa memo</target>
   </keywords>
   <keywords>
      <text FeatureID="-1">mga tala sa gagawin</text>
      <target FeatureID="-1" href="CALE_HLP_NOTE_VIEWER.html">Mga entry sa kalendaryo</target>
      <target FeatureID="-1" href="CALE_HLP_TODO_NOTE.html">Mga entry ng gagawin</target>
   </keywords>
   <keywords>
      <text FeatureID="-1">mga setting ng kalendaryo</text>
      <target FeatureID="-1" href="CALE_HLP_SETTINGS.html">Mga setting ng Kalendaryo</target>
   </keywords>
   <keywords>
      <text FeatureID="-1">listahan ng gagawin</text>
      <target FeatureID="-1" href="CALE_HLP_TODO_VIEW.html">View ng gagawin</target>
   </keywords>
</keywords>