<?xml version="1.0" encoding="UTF-8"?>
<keywords>
   <keywords>
      <text FeatureID="-1">통화 사서함</text>
      <target FeatureID="-1" href="SMSVO_HLP_MAIN_VIEW.html">통화 사서함</target>
      <target FeatureID="true_298" href="SMSVO_HLP_CS_VIDEO_AND_XSP_VOIP.html">통화, 영상 및 인터넷 통화 사서함</target>
   </keywords>
   <keywords>
      <text FeatureID="-1">자동 응답기</text>
      <target FeatureID="-1" href="SMSVO_HLP_MAIN_VIEW.html">통화 사서함</target>
      <target FeatureID="true_89" href="SMSVO_HLP_CS_AND_VIDEO.html">통화 및 영상 사서함</target>
      <target FeatureID="true_298" href="SMSVO_HLP_CS_VIDEO_AND_XSP_VOIP.html">통화, 영상 및 인터넷 통화 사서함</target>
   </keywords>
   <keywords>
      <text FeatureID="true_89">영상 사서함</text>
      <target FeatureID="true_89" href="SMSVO_HLP_CS_AND_VIDEO.html">통화 및 영상 사서함</target>
   </keywords>
   <keywords>
      <text FeatureID="true_298">인터넷 통화 사서함</text>
      <target FeatureID="true_298" href="SMSVO_HLP_CS_VIDEO_AND_XSP_VOIP.html">통화, 영상 및 인터넷 통화 사서함</target>
   </keywords>
</keywords>