<?xml version="1.0" encoding="UTF-8"?>
<keywords>
   <keywords>
      <text FeatureID="-1">pranešimų skaityklė, kalba</text>
      <target FeatureID="-1" href="SPEECH_HLP_MAIN.html">Tartuvės parametrai</target>
   </keywords>
   <keywords>
      <text FeatureID="-1">pranešimų skaityklė, balsas</text>
      <target FeatureID="-1" href="SPEECH_HLP_MAIN.html">Tartuvės parametrai</target>
   </keywords>
   <keywords>
      <text FeatureID="-1">pranešimų skaitytuvas</text>
      <target FeatureID="-1" href="SPEECH_HLP_VOICE.html">Balso informacija</target>
   </keywords>
   <keywords>
      <text FeatureID="-1">pranešimų skaityklė, parametrai</text>
      <target FeatureID="-1" href="SPEECH_HLP_MRSETTINGS.html">Pranešimų skaityklės parametrai</target>
   </keywords>
</keywords>