<?xml version="1.0" encoding="UTF-8"?>
<keywords>
   <keywords>
      <text FeatureID="-1">видеообмен</text>
      <target FeatureID="true_208" href="MSH_HLP_LIVE.html">Прямая видеосвязь</target>
      <target FeatureID="-1" href="MSH_HLP_CLIP.html">Обмен видеоклипами</target>
      <target FeatureID="-1" href="MSH_HLP_SETTINGS.html">Параметры видеообмена</target>
      <target FeatureID="-1" href="MSH_HLP_RECEIVE.html">Просмотр видеообмена</target>
   </keywords>
</keywords>