<?xml version="1.0" encoding="UTF-8"?>
<keywords>
   <keywords>
      <text FeatureID="-1">kalendārs</text>
      <target FeatureID="-1" href="CALE_HLP_NOTE_VIEWER.html">Kalendāra ieraksti</target>
      <target FeatureID="-1" href="CALE_HLP_DAY_VIEW.html">Dienas skats</target>
      <target FeatureID="-1" href="CALE_HLP_NOTE_MEETING.html">Tikšanos ieraksti</target>
      <target FeatureID="-1" href="CALE_HLP_MONTH_VIEW.html">Mēneša skats</target>
      <target FeatureID="-1" href="CALE_HLP_TODO_NOTE.html">Uzdevumi</target>
      <target FeatureID="-1" href="CALE_HLP_TODO_VIEW.html">Uzdevumu skats</target>
      <target FeatureID="-1" href="CALE_HLP_WEEK_VIEW.html">Nedēļas skats</target>
      <target FeatureID="-1" href="CALE_HLP_CALENDAR_DATABASE_SETTINGS.html">Vairāku kalendāru uzstādījumi</target>
      <target FeatureID="-1" href="CALE_HLP_CALE_MAN_VIEW.html">Kalendāru pārvaldības skats</target>
      <target FeatureID="-1" href="CALE_HLP_ATTACH_VIEW.html">Pielikumu skats</target>
      <target FeatureID="-1" href="CALE_HLP_MAV.html">Nokavēto atgādinājumu skats</target>
   </keywords>
   <keywords>
      <text FeatureID="-1">sapulces</text>
      <target FeatureID="-1" href="CALE_HLP_NOTE_VIEWER.html">Kalendāra ieraksti</target>
      <target FeatureID="-1" href="CALE_HLP_NOTE_MEETING.html">Tikšanos ieraksti</target>
   </keywords>
   <keywords>
      <text FeatureID="-1">uzdevumu piezīmes</text>
      <target FeatureID="-1" href="CALE_HLP_NOTE_VIEWER.html">Kalendāra ieraksti</target>
      <target FeatureID="-1" href="CALE_HLP_TODO_NOTE.html">Uzdevumi</target>
   </keywords>
   <keywords>
      <text FeatureID="-1">kalendāra uzstādījumi</text>
      <target FeatureID="-1" href="CALE_HLP_SETTINGS.html">Kalendāra uzstādījumi</target>
   </keywords>
   <keywords>
      <text FeatureID="-1">uzdevumu saraksts</text>
      <target FeatureID="-1" href="CALE_HLP_TODO_VIEW.html">Uzdevumu skats</target>
   </keywords>
   <keywords>
      <text FeatureID="-1">uzstādījumi, kalendārs</text>
      <target FeatureID="-1" href="CALE_HLP_CALENDAR_DATABASE_SETTINGS.html">Vairāku kalendāru uzstādījumi</target>
   </keywords>
   <keywords>
      <text FeatureID="-1">pielikumi</text>
      <target FeatureID="-1" href="CALE_HLP_ATTACH_VIEW.html">Pielikumu skats</target>
   </keywords>
   <keywords>
      <text FeatureID="-1">atgādinājumi, kalendāra piezīme</text>
      <target FeatureID="-1" href="CALE_HLP_MAV.html">Nokavēto atgādinājumu skats</target>
   </keywords>
</keywords>