<?xml version="1.0" encoding="UTF-8"?><?xml-stylesheet  href="../../theme/xsl/index2html.xslt" type="text/xsl"?>
<topics FeatureID="-1" title="ข้อความ" compressed="true">
   <topicref FeatureID="-1" href="MCE_HLP_MESSAGING.html" navtitle="ศูนย์รับส่งข้อความ"/>
   <topicref FeatureID="-1" href="MCE_HLP_SIM.html" navtitle="การดูข้อความในซิม"/>
   <topicref FeatureID="-1" href="MCE_HLP_SETTINGS.html" navtitle="การตั้งค่าข้อความ"/>
   <topicref FeatureID="-1" href="MCE_HLP_SETTINGS_SMS.html" navtitle="การตั้งค่าข้อความตัวอักษร"/>
   <topicref FeatureID="-1" href="SMS_HLP_SETTINGS_SCENTRES.html" navtitle="การตั้งค่าศูนย์ฝากข้อความตัวอักษร"/>
   <topicref FeatureID="-1" href="SMS_HLP_SETTINGS_SCENTRES_EDIT.html" navtitle="การแก้ไขศูนย์ฝากข้อความตัวอักษร"/>
   <topicref FeatureID="true_1092" href="SMS_HLP_SETTINGS_SMS_EMAIL.html" navtitle="การตั้งค่าอีเมลข้อความตัวอักษร"/>
   <topicref FeatureID="-1" href="MCE_HLP_SETTINGS_MMS.html" navtitle="การตั้งค่าข้อความมัลติมีเดีย"/>
   <topicref FeatureID="true_1090" href="MCE_HLP_SETTINGS_CB.html" navtitle="การตั้งค่าข้อความจากระบบ"/>
   <topicref FeatureID="-1" href="MCE_HLP_SETTINGS_GEN.html" navtitle="การตั้งค่าอื่นๆ"/>
   <topicref FeatureID="-1" href="MCE_HLP_INBOX.html" navtitle="ถาดเข้า"/>
   <topicref FeatureID="-1" href="MCE_HLP_DOCUMENTS.html" navtitle="แฟ้มข้อมูลของฉัน"/>
   <topicref FeatureID="-1" href="MCE_HLP_TEMPLATES.html" navtitle="ตัวอย่างข้อความ"/>
   <topicref FeatureID="-1" href="MCE_HLP_FOLDER.html" navtitle="การจัดเรียงข้อความ"/>
   <topicref FeatureID="-1" href="MCE_HLP_DRAFTS.html" navtitle="ฉบับร่าง"/>
   <topicref FeatureID="-1" href="MCE_HLP_SENT_ITEMS.html" navtitle="ข้อความที่ส่ง"/>
   <topicref FeatureID="-1" href="MCE_HLP_OUTBOX.html" navtitle="ถาดออก"/>
   <topicref FeatureID="-1" href="MCE_HLP_DELIVERY_REPORTS.html" navtitle="รายงานการนำส่ง"/>
   <topicref FeatureID="true_1132" href="MCE_HLP_MMS_NOTIFICATIONS.html" navtitle="การแจ้งเตือนมัลติมีเดีย"/>
   <topicref FeatureID="-1" href="FIND_HLP.html" navtitle="การค้นหาหมายเลข/ที่อยู่"/>
</topics>