<?xml version="1.0" encoding="UTF-8"?>
<keywords>
   <keywords>
      <text FeatureID="-1">การส่งข้อความ</text>
      <target FeatureID="-1" href="MCE_HLP_MESSAGING.html">ศูนย์รับส่งข้อความ</target>
      <target FeatureID="-1" href="MCE_HLP_OUTBOX.html">ถาดออก</target>
   </keywords>
   <keywords>
      <text FeatureID="-1">การรับข้อความ</text>
      <target FeatureID="-1" href="MCE_HLP_MESSAGING.html">ศูนย์รับส่งข้อความ</target>
      <target FeatureID="-1" href="MCE_HLP_INBOX.html">ถาดเข้า</target>
   </keywords>
   <keywords>
      <text FeatureID="-1">ข้อความในซิม</text>
      <target FeatureID="-1" href="MCE_HLP_SIM.html">การดูข้อความในซิม</target>
   </keywords>
   <keywords>
      <text FeatureID="-1">ข้อความบนซิมการ์ด</text>
      <target FeatureID="-1" href="MCE_HLP_SIM.html">การดูข้อความในซิม</target>
   </keywords>
   <keywords>
      <text FeatureID="-1">การตั้งค่าข้อความ</text>
      <target FeatureID="-1" href="MCE_HLP_SETTINGS.html">การตั้งค่าข้อความ</target>
      <target FeatureID="-1" href="MCE_HLP_SETTINGS_GEN.html">การตั้งค่าอื่นๆ</target>
   </keywords>
   <keywords>
      <text FeatureID="-1">การตั้งค่า SMS</text>
      <target FeatureID="-1" href="MCE_HLP_SETTINGS_SMS.html">การตั้งค่าข้อความตัวอักษร</target>
   </keywords>
   <keywords>
      <text FeatureID="-1">การตั้งค่าข้อความตัวอักษร</text>
      <target FeatureID="-1" href="MCE_HLP_SETTINGS_SMS.html">การตั้งค่าข้อความตัวอักษร</target>
      <target FeatureID="-1" href="SMS_HLP_SETTINGS_SCENTRES.html">การตั้งค่าศูนย์ฝากข้อความตัวอักษร</target>
      <target FeatureID="-1" href="SMS_HLP_SETTINGS_SCENTRES_EDIT.html">การแก้ไขศูนย์ฝากข้อความตัวอักษร</target>
   </keywords>
   <keywords>
      <text FeatureID="-1">การตั้งค่าศูนย์ฝากข้อความ</text>
      <target FeatureID="-1" href="SMS_HLP_SETTINGS_SCENTRES.html">การตั้งค่าศูนย์ฝากข้อความตัวอักษร</target>
      <target FeatureID="-1" href="SMS_HLP_SETTINGS_SCENTRES_EDIT.html">การแก้ไขศูนย์ฝากข้อความตัวอักษร</target>
   </keywords>
   <keywords>
      <text FeatureID="-1">การตั้งค่าศูนย์ SMS</text>
      <target FeatureID="-1" href="SMS_HLP_SETTINGS_SCENTRES.html">การตั้งค่าศูนย์ฝากข้อความตัวอักษร</target>
   </keywords>
   <keywords>
      <text FeatureID="true_1092">อีเมลข้อความตัวอักษร</text>
      <target FeatureID="true_1092" href="SMS_HLP_SETTINGS_SMS_EMAIL.html">การตั้งค่าอีเมลข้อความตัวอักษร</target>
   </keywords>
   <keywords>
      <text FeatureID="true_1092">การตั้งค่าอีเมล SMS</text>
      <target FeatureID="true_1092" href="SMS_HLP_SETTINGS_SMS_EMAIL.html">การตั้งค่าอีเมลข้อความตัวอักษร</target>
   </keywords>
   <keywords>
      <text FeatureID="-1">การตั้งค่า MMS</text>
      <target FeatureID="-1" href="MCE_HLP_SETTINGS_MMS.html">การตั้งค่าข้อความมัลติมีเดีย</target>
   </keywords>
   <keywords>
      <text FeatureID="true_1090">การตั้งค่าข้อความจากระบบ</text>
      <target FeatureID="true_1090" href="MCE_HLP_SETTINGS_CB.html">การตั้งค่าข้อความจากระบบ</target>
   </keywords>
   <keywords>
      <text FeatureID="-1">ถาดเข้า</text>
      <target FeatureID="-1" href="MCE_HLP_INBOX.html">ถาดเข้า</target>
   </keywords>
   <keywords>
      <text FeatureID="-1">แฟ้มข้อมูลของฉัน</text>
      <target FeatureID="-1" href="MCE_HLP_DOCUMENTS.html">แฟ้มข้อมูลของฉัน</target>
   </keywords>
   <keywords>
      <text FeatureID="-1">การจัดเก็บข้อความ</text>
      <target FeatureID="-1" href="MCE_HLP_DOCUMENTS.html">แฟ้มข้อมูลของฉัน</target>
   </keywords>
   <keywords>
      <text FeatureID="-1">การส่งตัวอย่างข้อความ</text>
      <target FeatureID="-1" href="MCE_HLP_TEMPLATES.html">ตัวอย่างข้อความ</target>
   </keywords>
   <keywords>
      <text FeatureID="-1">ตัวอย่างข้อความ</text>
      <target FeatureID="-1" href="MCE_HLP_TEMPLATES.html">ตัวอย่างข้อความ</target>
   </keywords>
   <keywords>
      <text FeatureID="-1">การจัดเรียงข้อความ</text>
      <target FeatureID="-1" href="MCE_HLP_FOLDER.html">การจัดเรียงข้อความ</target>
   </keywords>
   <keywords>
      <text FeatureID="-1">การจัดเก็บข้อความฉบับร่าง</text>
      <target FeatureID="-1" href="MCE_HLP_DRAFTS.html">ฉบับร่าง</target>
   </keywords>
   <keywords>
      <text FeatureID="-1">ข้อความฉบับร่าง</text>
      <target FeatureID="-1" href="MCE_HLP_DRAFTS.html">ฉบับร่าง</target>
   </keywords>
   <keywords>
      <text FeatureID="-1">ข้อความที่ส่ง</text>
      <target FeatureID="-1" href="MCE_HLP_SENT_ITEMS.html">ข้อความที่ส่ง</target>
   </keywords>
   <keywords>
      <text FeatureID="-1">การดูถาดออก</text>
      <target FeatureID="-1" href="MCE_HLP_OUTBOX.html">ถาดออก</target>
   </keywords>
   <keywords>
      <text FeatureID="-1">รายงานการนำส่ง</text>
      <target FeatureID="-1" href="MCE_HLP_DELIVERY_REPORTS.html">รายงานการนำส่ง</target>
   </keywords>
   <keywords>
      <text FeatureID="true_1132">การแจ้งเตือน MMS</text>
      <target FeatureID="true_1132" href="MCE_HLP_MMS_NOTIFICATIONS.html">การแจ้งเตือนมัลติมีเดีย</target>
   </keywords>
   <keywords>
      <text FeatureID="-1">การหาหมายเลขโทรศัพท์</text>
      <target FeatureID="-1" href="FIND_HLP.html">การค้นหาหมายเลข/ที่อยู่</target>
   </keywords>
   <keywords>
      <text FeatureID="-1">การหาที่อยู่</text>
      <target FeatureID="-1" href="FIND_HLP.html">การค้นหาหมายเลข/ที่อยู่</target>
   </keywords>
</keywords>