<?xml version="1.0" encoding="UTF-8"?>
<keywords>
   <keywords>
      <text FeatureID="-1">veri aktarımı</text>
      <target FeatureID="-1" href="SWITCH_HLP_EDIT_SHORTCUT.html">Kısayol ayarları</target>
      <target FeatureID="-1" href="SWITCH_HLP_MAIN.html">Veri aktarma</target>
      <target FeatureID="-1" href="SWITCH_HLP_LOG.html">Aktarım işlem kaydı</target>
   </keywords>
   <keywords>
      <text FeatureID="-1">veri aktarma</text>
      <target FeatureID="-1" href="SWITCH_HLP_EDIT_SHORTCUT.html">Kısayol ayarları</target>
      <target FeatureID="-1" href="SWITCH_HLP_MAIN.html">Veri aktarma</target>
   </keywords>
   <keywords>
      <text FeatureID="-1">kısayollar</text>
      <target FeatureID="-1" href="SWITCH_HLP_EDIT_SHORTCUT.html">Kısayol ayarları</target>
   </keywords>
   <keywords>
      <text FeatureID="-1">veri aktarımı, çakışmalar</text>
      <target FeatureID="-1" href="SWITCH_HLP_CONFLICT.html">Aktarım çakışmaları</target>
   </keywords>
   <keywords>
      <text FeatureID="-1">içerik kopyalama</text>
      <target FeatureID="-1" href="SWITCH_HLP_MAIN.html">Veri aktarma</target>
   </keywords>
   <keywords>
      <text FeatureID="-1">aktarım işlem kaydı</text>
      <target FeatureID="-1" href="SWITCH_HLP_LOG.html">Aktarım işlem kaydı</target>
   </keywords>
</keywords>