<?xml version="1.0" encoding="UTF-8"?>
<keywords>
   <keywords>
      <text FeatureID="-1">hívás­postafiók</text>
      <target FeatureID="-1" href="SMSVO_HLP_MAIN_VIEW.html">Hívási postafiók</target>
      <target FeatureID="true_298" href="SMSVO_HLP_CS_VIDEO_AND_XSP_VOIP.html">Hanghívások, videohívások és internetes híváspostafiók</target>
   </keywords>
   <keywords>
      <text FeatureID="-1">üzenetrögzítő</text>
      <target FeatureID="-1" href="SMSVO_HLP_MAIN_VIEW.html">Hívási postafiók</target>
      <target FeatureID="true_89" href="SMSVO_HLP_CS_AND_VIDEO.html">Hívás- és video-postafiók</target>
      <target FeatureID="true_298" href="SMSVO_HLP_CS_VIDEO_AND_XSP_VOIP.html">Hanghívások, videohívások és internetes híváspostafiók</target>
   </keywords>
   <keywords>
      <text FeatureID="true_89">video-postafiók</text>
      <target FeatureID="true_89" href="SMSVO_HLP_CS_AND_VIDEO.html">Hívás- és video-postafiók</target>
   </keywords>
   <keywords>
      <text FeatureID="true_298">internetes híváspostafiók</text>
      <target FeatureID="true_298" href="SMSVO_HLP_CS_VIDEO_AND_XSP_VOIP.html">Hanghívások, videohívások és internetes híváspostafiók</target>
   </keywords>
</keywords>