<?xml version="1.0" encoding="UTF-8"?>
<keywords>
   <keywords>
      <text FeatureID="-1">messages de diffusion sur cellules</text>
      <target FeatureID="-1" href="CBS_HLP_TOPIC_VIEW.html">Messages de diffusion sur cellules</target>
      <target FeatureID="-1" href="CBS_HLP_MAIN.html">Rubriques de diffusion sur cellules</target>
      <target FeatureID="-1" href="CBS_HLP_MSG.html">Afficher les messages de diffusion sur cellules</target>
   </keywords>
   <keywords>
      <text FeatureID="-1">rubriques de diffusion sur cellules</text>
      <target FeatureID="-1" href="CBS_HLP_MAIN.html">Rubriques de diffusion sur cellules</target>
   </keywords>
</keywords>