<?xml version="1.0" encoding="UTF-8"?>
<keywords>
   <keywords>
      <text FeatureID="-1">音樂播放機</text>
      <target FeatureID="-1" href="MUS_HLP_TRACKS_VIEW.html">歌曲</target>
      <target FeatureID="-1" href="MUS_HLP_CATEGORY_VIEW.html">音樂類別</target>
      <target FeatureID="-1" href="MUS_HLP_PODCAST_MAIN_VIEW.html">Podcast</target>
      <target FeatureID="-1" href="MUS_HLP_PODCAST_EPISODES.html">Podcast 媒體檔案</target>
      <target FeatureID="-1" href="MUS_HLP_PLAYLISTS_VIEW.html">音樂播放清單</target>
      <target FeatureID="-1" href="MUS_HLP_AUDIO_SETT.html">聲音設定</target>
   </keywords>
   <keywords>
      <text FeatureID="-1">Podcasting</text>
      <target FeatureID="-1" href="MUS_HLP_PODCAST_MAIN_VIEW.html">Podcast</target>
      <target FeatureID="-1" href="MUS_HLP_PODCAST_EPISODES.html">Podcast 媒體檔案</target>
   </keywords>
   <keywords>
      <text FeatureID="-1">播放清單</text>
      <target FeatureID="-1" href="MUS_HLP_PLAYLISTS_VIEW.html">音樂播放清單</target>
   </keywords>
   <keywords>
      <text FeatureID="-1">music player</text>
      <target FeatureID="-1" href="MUS_HLP_DOWNLOAD_PLAYBACK_VIEW.html">Play music on web</target>
      <target FeatureID="-1" href="MUS_HLP_LIB_MAIN_VIEW.html">Music library</target>
   </keywords>
   <keywords>
      <text FeatureID="-1">低音強化</text>
      <target FeatureID="-1" href="MUS_HLP_AUDIO_SETT.html">聲音設定</target>
   </keywords>
   <keywords>
      <text FeatureID="-1">立體聲強化</text>
      <target FeatureID="-1" href="MUS_HLP_AUDIO_SETT.html">聲音設定</target>
   </keywords>
</keywords>