<?xml version="1.0" encoding="UTF-8"?>
<keywords>
   <keywords>
      <text FeatureID="-1">ordbog</text>
      <target FeatureID="-1" href="DICTIONARY_HLP_MAIN_TAB1.html">Ordbog</target>
   </keywords>
   <keywords>
      <text FeatureID="-1">oversætte</text>
      <target FeatureID="-1" href="DICTIONARY_HLP_MAIN_TAB1.html">Ordbog</target>
   </keywords>
   <keywords>
      <text FeatureID="-1">ordbog, oversættelse</text>
      <target FeatureID="-1" href="DICTIONARY_HLP_RESULTS.html">Oversættelsesresultater</target>
   </keywords>
</keywords>