<?xml version="1.0" encoding="UTF-8"?>
<keywords>
   <keywords>
      <text FeatureID="-1">favoritos</text>
      <target FeatureID="-1" href="OSS_HLP_BM_ADDBM.html">Adición de favoritos</target>
      <target FeatureID="-1" href="OSS_HLP_BM_MAIN.html">Navegar por favoritos</target>
      <target FeatureID="-1" href="OSS_HLP_BM_EDIT.html">Editar favoritos</target>
   </keywords>
   <keywords>
      <text FeatureID="-1">favoritos do navegador</text>
      <target FeatureID="-1" href="OSS_HLP_BM_ADDBM.html">Adición de favoritos</target>
      <target FeatureID="-1" href="OSS_HLP_BM_EDIT.html">Editar favoritos</target>
   </keywords>
   <keywords>
      <text FeatureID="-1">web</text>
      <target FeatureID="-1" href="OSS_HLP_BM_ADDBM.html">Adición de favoritos</target>
      <target FeatureID="true_167" href="OSS_HLP_RSS_ADD.html">Adición de informacións web</target>
      <target FeatureID="-1" href="OSS_HLP_PAGEVIEW.html">Navegación pola web</target>
      <target FeatureID="-1" href="OSS_HLP_BM_EDIT.html">Editar favoritos</target>
      <target FeatureID="true_167" href="OSS_HLP_RSS_EDIT.html">Edición de informacións web</target>
      <target FeatureID="true_167" href="OSS_HLP_RSS_ARTICLE.html">Artigos de informacións web</target>
      <target FeatureID="true_167" href="OSS_HLP_RSS_ARTICLELST.html">Informacións web</target>
      <target FeatureID="true_167" href="OSS_HLP_RSS_MAIN.html">Información web e blogs</target>
   </keywords>
   <keywords>
      <text FeatureID="true_167">informacións</text>
      <target FeatureID="true_167" href="OSS_HLP_RSS_ADD.html">Adición de informacións web</target>
      <target FeatureID="true_167" href="OSS_HLP_RSS_EDIT.html">Edición de informacións web</target>
      <target FeatureID="true_167" href="OSS_HLP_RSS_ARTICLE.html">Artigos de informacións web</target>
      <target FeatureID="true_167" href="OSS_HLP_RSS_ARTICLELST.html">Informacións web</target>
      <target FeatureID="true_167" href="OSS_HLP_RSS_MAIN.html">Información web e blogs</target>
   </keywords>
   <keywords>
      <text FeatureID="true_167">Informacións de RSS</text>
      <target FeatureID="true_167" href="OSS_HLP_RSS_ADD.html">Adición de informacións web</target>
      <target FeatureID="true_167" href="OSS_HLP_RSS_ARTICLELST.html">Informacións web</target>
      <target FeatureID="true_167" href="OSS_HLP_RSS_MAIN.html">Información web e blogs</target>
   </keywords>
   <keywords>
      <text FeatureID="true_167">novas e blogs</text>
      <target FeatureID="true_167" href="OSS_HLP_RSS_ADD.html">Adición de informacións web</target>
      <target FeatureID="true_167" href="OSS_HLP_RSS_EDIT.html">Edición de informacións web</target>
      <target FeatureID="true_167" href="OSS_HLP_RSS_ARTICLE.html">Artigos de informacións web</target>
      <target FeatureID="true_167" href="OSS_HLP_RSS_ARTICLELST.html">Informacións web</target>
      <target FeatureID="true_167" href="OSS_HLP_RSS_MAIN.html">Información web e blogs</target>
   </keywords>
   <keywords>
      <text FeatureID="true_167">blogs</text>
      <target FeatureID="true_167" href="OSS_HLP_RSS_ADD.html">Adición de informacións web</target>
      <target FeatureID="true_167" href="OSS_HLP_RSS_EDIT.html">Edición de informacións web</target>
      <target FeatureID="true_167" href="OSS_HLP_RSS_ARTICLE.html">Artigos de informacións web</target>
      <target FeatureID="true_167" href="OSS_HLP_RSS_ARTICLELST.html">Informacións web</target>
      <target FeatureID="true_167" href="OSS_HLP_RSS_MAIN.html">Información web e blogs</target>
   </keywords>
   <keywords>
      <text FeatureID="-1">navegación de páxinas</text>
      <target FeatureID="-1" href="OSS_HLP_PAGEVIEW.html">Navegación pola web</target>
   </keywords>
   <keywords>
      <text FeatureID="-1">navegador</text>
      <target FeatureID="-1" href="OSS_HLP_BM_MAIN.html">Navegar por favoritos</target>
   </keywords>
   <keywords>
      <text FeatureID="true_167">Informacións de rss</text>
      <target FeatureID="true_167" href="OSS_HLP_RSS_EDIT.html">Edición de informacións web</target>
      <target FeatureID="true_167" href="OSS_HLP_RSS_ARTICLE.html">Artigos de informacións web</target>
   </keywords>
   <keywords>
      <text FeatureID="-1">axustes de navegador</text>
      <target FeatureID="-1" href="OSS_HLP_SETTINGS_GENERAL.html">Axustes xerais</target>
      <target FeatureID="-1" href="OSS_HLP_SETTINGS_PAGE.html">Axustes de páxina</target>
      <target FeatureID="-1" href="OSS_HLP_SETTINGS_PRIVACY.html">Axustes de privacidade</target>
      <target FeatureID="true_167" href="OSS_HLP_SETTINGS_RSS.html">Axustes de informacións web</target>
      <target FeatureID="-1" href="OSS_HLP_SETTINGS_FOLDERS.html">Axustes de web</target>
      <target FeatureID="false_410" href="OSS_HLP_KEYPAD.html">Accesos directos do teclado</target>
   </keywords>
   <keywords>
      <text FeatureID="-1">axustes de web</text>
      <target FeatureID="-1" href="OSS_HLP_SETTINGS_GENERAL.html">Axustes xerais</target>
      <target FeatureID="-1" href="OSS_HLP_SETTINGS_PAGE.html">Axustes de páxina</target>
      <target FeatureID="-1" href="OSS_HLP_SETTINGS_PRIVACY.html">Axustes de privacidade</target>
      <target FeatureID="true_167" href="OSS_HLP_SETTINGS_RSS.html">Axustes de informacións web</target>
      <target FeatureID="-1" href="OSS_HLP_SETTINGS_FOLDERS.html">Axustes de web</target>
      <target FeatureID="false_410" href="OSS_HLP_KEYPAD.html">Accesos directos do teclado</target>
   </keywords>
   <keywords>
      <text FeatureID="-1">configuración para web</text>
      <target FeatureID="-1" href="OSS_HLP_SETTINGS_PAGE.html">Axustes de páxina</target>
      <target FeatureID="true_167" href="OSS_HLP_SETTINGS_RSS.html">Axustes de informacións web</target>
      <target FeatureID="-1" href="OSS_HLP_SETTINGS_FOLDERS.html">Axustes de web</target>
   </keywords>
   <keywords>
      <text FeatureID="-1">axustes de privacidade</text>
      <target FeatureID="-1" href="OSS_HLP_SETTINGS_PRIVACY.html">Axustes de privacidade</target>
   </keywords>
   <keywords>
      <text FeatureID="-1">abrir unha páxina determinada</text>
      <target FeatureID="-1" href="OSS_HLP_PAGEVIEW_EMBED.html">Web en aplicacións</target>
   </keywords>
   <keywords>
      <text FeatureID="-1">web en aplicacións</text>
      <target FeatureID="-1" href="OSS_HLP_PAGEVIEW_EMBED.html">Web en aplicacións</target>
   </keywords>
   <keywords>
      <text FeatureID="false_410">axustes do navegador</text>
      <target FeatureID="false_410" href="OSS_HLP_SHORTCUTS.html">Accesos directos da barra de ferramentas</target>
   </keywords>
   <keywords>
      <text FeatureID="false_410">axustes da web</text>
      <target FeatureID="false_410" href="OSS_HLP_SHORTCUTS.html">Accesos directos da barra de ferramentas</target>
   </keywords>
</keywords>