<?xml version="1.0" encoding="UTF-8"?>
<keywords>
   <keywords>
      <text FeatureID="-1">müzik çalar</text>
      <target FeatureID="-1" href="MUS_HLP_TRACKS_VIEW.html">Şarkılar</target>
      <target FeatureID="-1" href="MUS_HLP_CATEGORY_VIEW.html">Müzik kategorileri</target>
      <target FeatureID="-1" href="MUS_HLP_PODCAST_MAIN_VIEW.html">Podcast'ler</target>
      <target FeatureID="-1" href="MUS_HLP_PODCAST_EPISODES.html">Podcast epizotları</target>
      <target FeatureID="-1" href="MUS_HLP_PLAYLISTS_VIEW.html">Müzik çalma listeleri</target>
      <target FeatureID="-1" href="MUS_HLP_AUDIO_SETT.html">Ses ayarları</target>
   </keywords>
   <keywords>
      <text FeatureID="-1">podcasting</text>
      <target FeatureID="-1" href="MUS_HLP_PODCAST_MAIN_VIEW.html">Podcast'ler</target>
      <target FeatureID="-1" href="MUS_HLP_PODCAST_EPISODES.html">Podcast epizotları</target>
   </keywords>
   <keywords>
      <text FeatureID="-1">çalma listeleri</text>
      <target FeatureID="-1" href="MUS_HLP_PLAYLISTS_VIEW.html">Müzik çalma listeleri</target>
   </keywords>
   <keywords>
      <text FeatureID="-1">music player</text>
      <target FeatureID="-1" href="MUS_HLP_DOWNLOAD_PLAYBACK_VIEW.html">Play music on web</target>
      <target FeatureID="-1" href="MUS_HLP_LIB_MAIN_VIEW.html">Music library</target>
   </keywords>
   <keywords>
      <text FeatureID="-1">bas yükseltici</text>
      <target FeatureID="-1" href="MUS_HLP_AUDIO_SETT.html">Ses ayarları</target>
   </keywords>
   <keywords>
      <text FeatureID="-1">stereo genişletme</text>
      <target FeatureID="-1" href="MUS_HLP_AUDIO_SETT.html">Ses ayarları</target>
   </keywords>
</keywords>