<?xml version="1.0" encoding="UTF-8"?>
<keywords>
   <keywords>
      <text FeatureID="-1">suite musique</text>
      <target FeatureID="-1" href="MUS_HLP_MUSIC_SUITE_VIEW.html">Suite musique</target>
   </keywords>
   <keywords>
      <text FeatureID="-1">lecteur audio</text>
      <target FeatureID="-1" href="MUS_HLP_TRACKS_VIEW.html">Chansons</target>
      <target FeatureID="-1" href="MUS_HLP_CATEGORY_VIEW.html">Catégories de musique</target>
      <target FeatureID="-1" href="MUS_HLP_PODCAST_MAIN_VIEW.html">Balados</target>
      <target FeatureID="-1" href="MUS_HLP_PODCAST_EPISODES.html">Épisodes de balado</target>
      <target FeatureID="-1" href="MUS_HLP_PLAYLISTS_VIEW.html">Listes d'écoute</target>
      <target FeatureID="-1" href="MUS_HLP_DOWNLOAD_PLAYBACK_VIEW.html">Écouter de la musique sur le Web</target>
      <target FeatureID="-1" href="MUS_HLP_PLAYBACK_VIEW.html">Lire de la musique</target>
      <target FeatureID="-1" href="MUS_HLP_LIB_MAIN_VIEW.html">Discothèque</target>
      <target FeatureID="-1" href="MUS_HLP_METADATA_EDITING.html">Modifier les renseignements sur une chanson</target>
      <target FeatureID="-1" href="MUS_HLP_ALBUM_ART_EDITING.html">Modifier des images d'album</target>
      <target FeatureID="-1" href="MUS_HLP_AUDIO_SETT.html">Paramètres audio</target>
   </keywords>
   <keywords>
      <text FeatureID="-1">baladodiffusion</text>
      <target FeatureID="-1" href="MUS_HLP_PODCAST_MAIN_VIEW.html">Balados</target>
      <target FeatureID="-1" href="MUS_HLP_PODCAST_EPISODES.html">Épisodes de balado</target>
   </keywords>
   <keywords>
      <text FeatureID="-1">listes d'écoute</text>
      <target FeatureID="-1" href="MUS_HLP_PLAYLISTS_VIEW.html">Listes d'écoute</target>
   </keywords>
   <keywords>
      <text FeatureID="-1">images d'album</text>
      <target FeatureID="-1" href="MUS_HLP_ALBUM_ART_EDITING.html">Modifier des images d'album</target>
   </keywords>
   <keywords>
      <text FeatureID="-1">amplificateur de graves</text>
      <target FeatureID="-1" href="MUS_HLP_AUDIO_SETT.html">Paramètres audio</target>
   </keywords>
   <keywords>
      <text FeatureID="-1">amplification stéréo</text>
      <target FeatureID="-1" href="MUS_HLP_AUDIO_SETT.html">Paramètres audio</target>
   </keywords>
</keywords>