<?xml version="1.0" encoding="UTF-8"?>
<keywords>
   <keywords>
      <text FeatureID="-1">reprodutor de música</text>
      <target FeatureID="-1" href="MUS_HLP_TRACKS_VIEW.html">Cancións</target>
      <target FeatureID="-1" href="MUS_HLP_CATEGORY_VIEW.html">Categorías musicais</target>
      <target FeatureID="-1" href="MUS_HLP_PODCAST_MAIN_VIEW.html">Podcasts</target>
      <target FeatureID="-1" href="MUS_HLP_PODCAST_EPISODES.html">Episodios de podcast</target>
      <target FeatureID="-1" href="MUS_HLP_PLAYLISTS_VIEW.html">Listas de reprodución de música</target>
      <target FeatureID="-1" href="MUS_HLP_AUDIO_SETT.html">Axustes de audio</target>
   </keywords>
   <keywords>
      <text FeatureID="-1">podcasting</text>
      <target FeatureID="-1" href="MUS_HLP_PODCAST_MAIN_VIEW.html">Podcasts</target>
      <target FeatureID="-1" href="MUS_HLP_PODCAST_EPISODES.html">Episodios de podcast</target>
   </keywords>
   <keywords>
      <text FeatureID="-1">listas de reprodución</text>
      <target FeatureID="-1" href="MUS_HLP_PLAYLISTS_VIEW.html">Listas de reprodución de música</target>
   </keywords>
   <keywords>
      <text FeatureID="-1">music player</text>
      <target FeatureID="-1" href="MUS_HLP_DOWNLOAD_PLAYBACK_VIEW.html">Play music on web</target>
      <target FeatureID="-1" href="MUS_HLP_LIB_MAIN_VIEW.html">Music library</target>
   </keywords>
   <keywords>
      <text FeatureID="-1">reforzo de graves</text>
      <target FeatureID="-1" href="MUS_HLP_AUDIO_SETT.html">Axustes de audio</target>
   </keywords>
   <keywords>
      <text FeatureID="-1">ampliación estéreo</text>
      <target FeatureID="-1" href="MUS_HLP_AUDIO_SETT.html">Axustes de audio</target>
   </keywords>
</keywords>