<?xml version="1.0" encoding="UTF-8"?>
<keywords>
   <keywords>
      <text FeatureID="-1">sünkroonimine</text>
      <target FeatureID="-1" href="OTASYNCBU_HLP_MAIN.html">Ovi sünkroonimisteenus</target>
   </keywords>
   <keywords>
      <text FeatureID="-1">Ovi sünkroonimisteenus</text>
      <target FeatureID="-1" href="OTASYNCBU_HLP_MAIN.html">Ovi sünkroonimisteenus</target>
      <target FeatureID="-1" href="OTASYNCBU_HLP_SETTINGS.html">Ovi sünkroonimisteenuse seaded</target>
   </keywords>
</keywords>