<?xml version="1.0" encoding="UTF-8"?>
<keywords>
   <keywords>
      <text FeatureID="-1">skilaboða­lestur, tungumál</text>
      <target FeatureID="-1" href="SPEECH_HLP_MAIN.html">Talstillingar</target>
   </keywords>
   <keywords>
      <text FeatureID="-1">skilaboðalestur, rödd</text>
      <target FeatureID="-1" href="SPEECH_HLP_MAIN.html">Talstillingar</target>
   </keywords>
   <keywords>
      <text FeatureID="-1">skilaboðalestur, um rödd</text>
      <target FeatureID="-1" href="SPEECH_HLP_VOICE.html">Um rödd</target>
   </keywords>
   <keywords>
      <text FeatureID="-1">skilaboðalestur, stillingar</text>
      <target FeatureID="-1" href="SPEECH_HLP_MRSETTINGS.html">Stillingar skilaboðalesturs</target>
   </keywords>
</keywords>