<?xml version="1.0" encoding="UTF-8"?>
<keywords>
   <keywords>
      <text FeatureID="-1">edición de imágenes</text>
      <target FeatureID="-1" href="SIE_HLP_MAIN.html">Editar imágenes</target>
   </keywords>
   <keywords>
      <text FeatureID="-1">edición de texto</text>
      <target FeatureID="-1" href="SIE_HLP_EDIT_TEXT.html">Editar texto en imágenes</target>
   </keywords>
   <keywords>
      <text FeatureID="-1">editor de imágenes</text>
      <target FeatureID="-1" href="SIE_HLP_EDIT_TEXT.html">Editar texto en imágenes</target>
   </keywords>
   <keywords>
      <text FeatureID="-1">edición de imágenes ampliadas</text>
      <target FeatureID="-1" href="SIE_HLP_ZOOMING.html">Editar imágenes ampliadas</target>
   </keywords>
   <keywords>
      <text FeatureID="-1">zoom en imágenes</text>
      <target FeatureID="-1" href="SIE_HLP_ZOOMING.html">Editar imágenes ampliadas</target>
   </keywords>
   <keywords>
      <text FeatureID="-1">edición de imagen</text>
      <target FeatureID="-1" href="SIE_HLP_EDIT_CLIPART.html">Editar imagen</target>
   </keywords>
   <keywords>
      <text FeatureID="-1">edición de bocadillos</text>
      <target FeatureID="-1" href="SIE_HLP_EDIT_CLIPART.html">Editar imagen</target>
   </keywords>
   <keywords>
      <text FeatureID="-1">reducción del efecto ojos rojos</text>
      <target FeatureID="-1" href="SIE_HLP_REDEYE.html">Reducir el efecto de ojos rojos</target>
   </keywords>
</keywords>