<?xml version="1.0" encoding="UTF-8"?>
<keywords>
   <keywords>
      <text FeatureID="-1">postcard</text>
      <target FeatureID="-1" href="MMS_POSTCARD_HLP_ADDRESS_EDIT.html">Editeu adreces</target>
      <target FeatureID="-1" href="POSTCARD_HLP_ADDRESS_VIEW.html">Visualitzeu adreces</target>
      <target FeatureID="-1" href="POSTCARD_HLP_GREETING_EDIT.html">Escriviu felicitacions</target>
      <target FeatureID="-1" href="POSTCARD_HLP_GREETING_VIEW.html">Visualitzeu felicitacions</target>
      <target FeatureID="-1" href="MMS_POSTCARD_HLP_MAIN_EDIT.html">Creeu postals</target>
   </keywords>
   <keywords>
      <text FeatureID="-1">enviament de postals</text>
      <target FeatureID="-1" href="MMS_POSTCARD_HLP_ADDRESS_EDIT.html">Editeu adreces</target>
      <target FeatureID="-1" href="POSTCARD_HLP_GREETING_EDIT.html">Escriviu felicitacions</target>
      <target FeatureID="-1" href="MMS_POSTCARD_HLP_MAIN_EDIT.html">Creeu postals</target>
   </keywords>
   <keywords>
      <text FeatureID="-1">postals</text>
      <target FeatureID="-1" href="MMS_POSTCARD_HLP_MAIN_VIEW.html">Visualitzeu postals</target>
   </keywords>
</keywords>