<?xml version="1.0" encoding="UTF-8"?>
<keywords>
   <keywords>
      <text FeatureID="-1">mensagens instantâneas</text>
      <target FeatureID="-1" href="SERVTAB_HLP_CONVERSATION.html">Enviar mensagens instantâneas</target>
   </keywords>
   <keywords>
      <text FeatureID="-1">conversar</text>
      <target FeatureID="-1" href="SERVTAB_HLP_CONVERSATION.html">Enviar mensagens instantâneas</target>
   </keywords>
   <keywords>
      <text FeatureID="-1">conversas</text>
      <target FeatureID="-1" href="SERVTAB_HLP_CONVERSATION.html">Enviar mensagens instantâneas</target>
   </keywords>
</keywords>