<?xml version="1.0" encoding="UTF-8"?>
<keywords>
   <keywords>
      <text FeatureID="true_298">телефонен секретар</text>
      <target FeatureID="true_298" href="SMSVO_HLP_CS_VIDEO_AND_XSP_VOIP.html">Пощенска кутия за повиквания, видео и Интернет повиквания</target>
   </keywords>
   <keywords>
      <text FeatureID="true_298">пощ. кутия интернет повиквания</text>
      <target FeatureID="true_298" href="SMSVO_HLP_CS_VIDEO_AND_XSP_VOIP.html">Пощенска кутия за повиквания, видео и Интернет повиквания</target>
   </keywords>
   <keywords>
      <text FeatureID="true_298">пощенска кутия за повиквания</text>
      <target FeatureID="true_298" href="SMSVO_HLP_CS_VIDEO_AND_XSP_VOIP.html">Пощенска кутия за повиквания, видео и Интернет повиквания</target>
   </keywords>
   <keywords>
      <text FeatureID="-1">интернет повиквания</text>
      <target FeatureID="-1" href="VOIP_HLP_CSC.html">Интернет настройки</target>
      <target FeatureID="true_298" href="VOIP_HLP_SERVCATALOG.html">Каталог на услуги</target>
      <target FeatureID="-1" href="SERVTAB_HLP_SETTINGS.html">Настройки на раздел за услуги</target>
   </keywords>
</keywords>