<?xml version="1.0" encoding="UTF-8"?>
<keywords>
   <keywords>
      <text FeatureID="-1">editar predefinições de freqüência</text>
      <target FeatureID="-1" href="EQ_HLP_EDITING_VIEW.html">Editar predefinições de freqüência</target>
   </keywords>
   <keywords>
      <text FeatureID="-1">equalizador</text>
      <target FeatureID="-1" href="EQ_HLP_LIST_VIEW.html">Predefinições de freqüência</target>
   </keywords>
   <keywords>
      <text FeatureID="-1">faixas de freqüência</text>
      <target FeatureID="-1" href="EQ_HLP_LIST_VIEW.html">Predefinições de freqüência</target>
   </keywords>
   <keywords>
      <text FeatureID="-1">selecionar predefinições de freqüência</text>
      <target FeatureID="-1" href="EQ_HLP_LIST_VIEW.html">Predefinições de freqüência</target>
   </keywords>
</keywords>