<?xml version="1.0" encoding="UTF-8"?>
<keywords>
   <keywords>
      <text FeatureID="-1">資料傳輸</text>
      <target FeatureID="-1" href="SWITCH_HLP_EDIT_SHORTCUT.html">捷徑設定</target>
      <target FeatureID="-1" href="SWITCH_HLP_MAIN.html">傳輸資料</target>
      <target FeatureID="-1" href="SWITCH_HLP_LOG.html">傳輸記錄</target>
   </keywords>
   <keywords>
      <text FeatureID="-1">傳輸資料</text>
      <target FeatureID="-1" href="SWITCH_HLP_EDIT_SHORTCUT.html">捷徑設定</target>
      <target FeatureID="-1" href="SWITCH_HLP_MAIN.html">傳輸資料</target>
   </keywords>
   <keywords>
      <text FeatureID="-1">捷徑</text>
      <target FeatureID="-1" href="SWITCH_HLP_EDIT_SHORTCUT.html">捷徑設定</target>
   </keywords>
   <keywords>
      <text FeatureID="-1">資料傳輸, 衝突</text>
      <target FeatureID="-1" href="SWITCH_HLP_CONFLICT.html">傳輸衝突</target>
   </keywords>
   <keywords>
      <text FeatureID="-1">複製內容</text>
      <target FeatureID="-1" href="SWITCH_HLP_MAIN.html">傳輸資料</target>
   </keywords>
   <keywords>
      <text FeatureID="-1">傳輸記錄</text>
      <target FeatureID="-1" href="SWITCH_HLP_LOG.html">傳輸記錄</target>
   </keywords>
</keywords>