<?xml version="1.0" encoding="UTF-8"?><?xml-stylesheet  href="../../theme/xsl/index2html.xslt" type="text/xsl"?>
<topics FeatureID="-1" title="Momentinių pranešimų mainai" compressed="true">
   <topicref FeatureID="-1" href="IMNG_HLP_SEARCHCHAT.html" navtitle="MP vartotojų paieška"/>
   <topicref FeatureID="-1" href="IMNG_HLP_SAVED_VIEW.html" navtitle="Išsaugotų pokalbių peržiūra"/>
   <topicref FeatureID="-1" href="IMNG_HLP_SAVED_LIST.html" navtitle="Išsaugoti pokalbiai"/>
   <topicref FeatureID="-1" href="IMNG_HLP_IMCHAT.html" navtitle="Grupės pokalbiai"/>
   <topicref FeatureID="-1" href="IMNG_HLP_GROUP_EDIT.html" navtitle="Grupės redagavimo teisės"/>
   <topicref FeatureID="-1" href="IMNG_HLP_GROUP_BAN.html" navtitle="MP vartotojų atribojimas nuo grupių"/>
   <topicref FeatureID="-1" href="IMNG_HLP_CONT_OWN_DATA.html" navtitle="Mano duomenys"/>
   <topicref FeatureID="-1" href="IMNG_HLP_COMMUNITY_VIEW_EMPTY.html" navtitle="MP naudojimo pradžia"/>
   <topicref FeatureID="-1" href="IMNG_HLP_COMMUNITY_VIEW.html" navtitle="Momentiniai pranešimai"/>
   <topicref FeatureID="-1" href="IMNG_HLP_BLOCKED_VIEW.html" navtitle="Užblokuotieji adresatai"/>
   <topicref FeatureID="-1" href="IMNG_HLP_SETTINGS.html" navtitle="MP parametrai"/>
   <topicref FeatureID="-1" href="IMNG_HLP_SERVLISTSETT_IM.html" navtitle="MP serveriai"/>
   <topicref FeatureID="-1" href="IMNG_HLP_DEFSERVER.html" navtitle="TP serverio parametrai"/>
   <topicref FeatureID="-1" href="IMNG_HLP_INVITE.html" navtitle="MP kvietimai"/>
   <topicref FeatureID="-1" href="IMNG_HLP_CREATECHAT.html" navtitle="MP grupės parametrai"/>
   <topicref FeatureID="-1" href="IMNG_HLP_ACCLIST.html" navtitle="MP grupės nariai"/>
   <topicref FeatureID="-1" href="IMNG_HLP_CONVERSATIONS.html" navtitle="MP pokalbiai"/>
   <topicref FeatureID="-1" href="IMNG_HLP_CONTACTDETAILS.html" navtitle="Informacija apie MP adresatą"/>
   <topicref FeatureID="-1" href="IMNG_HLP_APPSETT.html" navtitle="MP programos parametrai"/>
</topics>