<?xml version="1.0" encoding="UTF-8"?>
<keywords>
   <keywords>
      <text FeatureID="-1">MP vartotojų paieška</text>
      <target FeatureID="-1" href="IMNG_HLP_SEARCHCHAT.html">MP vartotojų paieška</target>
   </keywords>
   <keywords>
      <text FeatureID="-1">momentintiai pranešimai</text>
      <target FeatureID="-1" href="IMNG_HLP_SEARCHCHAT.html">MP vartotojų paieška</target>
      <target FeatureID="-1" href="IMNG_HLP_SAVED_LIST.html">Išsaugoti pokalbiai</target>
      <target FeatureID="-1" href="IMNG_HLP_GROUP_EDIT.html">Grupės redagavimo teisės</target>
      <target FeatureID="-1" href="IMNG_HLP_CONT_OWN_DATA.html">Mano duomenys</target>
      <target FeatureID="-1" href="IMNG_HLP_COMMUNITY_VIEW_EMPTY.html">MP naudojimo pradžia</target>
      <target FeatureID="-1" href="IMNG_HLP_COMMUNITY_VIEW.html">Momentiniai pranešimai</target>
      <target FeatureID="-1" href="IMNG_HLP_CREATECHAT.html">MP grupės parametrai</target>
      <target FeatureID="-1" href="IMNG_HLP_ACCLIST.html">MP grupės nariai</target>
      <target FeatureID="-1" href="IMNG_HLP_CONVERSATIONS.html">MP pokalbiai</target>
   </keywords>
   <keywords>
      <text FeatureID="-1">MP grupių paieška</text>
      <target FeatureID="-1" href="IMNG_HLP_SEARCHCHAT.html">MP vartotojų paieška</target>
   </keywords>
   <keywords>
      <text FeatureID="-1">momentiniai pranešimai</text>
      <target FeatureID="-1" href="IMNG_HLP_SAVED_VIEW.html">Išsaugotų pokalbių peržiūra</target>
      <target FeatureID="-1" href="IMNG_HLP_GROUP_BAN.html">MP vartotojų atribojimas nuo grupių</target>
      <target FeatureID="-1" href="IMNG_HLP_APPSETT.html">MP programos parametrai</target>
   </keywords>
   <keywords>
      <text FeatureID="-1">Išsaugoti pokalbiai</text>
      <target FeatureID="-1" href="IMNG_HLP_SAVED_LIST.html">Išsaugoti pokalbiai</target>
   </keywords>
   <keywords>
      <text FeatureID="-1">MP (momentinių pranešimų) mainai</text>
      <target FeatureID="-1" href="IMNG_HLP_IMCHAT.html">Grupės pokalbiai</target>
   </keywords>
   <keywords>
      <text FeatureID="-1">jungimasis prie MP grupių</text>
      <target FeatureID="-1" href="IMNG_HLP_IMCHAT.html">Grupės pokalbiai</target>
   </keywords>
   <keywords>
      <text FeatureID="-1">redagavimo teisės</text>
      <target FeatureID="-1" href="IMNG_HLP_GROUP_EDIT.html">Grupės redagavimo teisės</target>
   </keywords>
   <keywords>
      <text FeatureID="-1">atribotieji</text>
      <target FeatureID="-1" href="IMNG_HLP_GROUP_BAN.html">MP vartotojų atribojimas nuo grupių</target>
   </keywords>
   <keywords>
      <text FeatureID="-1">MP grupės nariai</text>
      <target FeatureID="-1" href="IMNG_HLP_GROUP_BAN.html">MP vartotojų atribojimas nuo grupių</target>
      <target FeatureID="-1" href="IMNG_HLP_ACCLIST.html">MP grupės nariai</target>
   </keywords>
   <keywords>
      <text FeatureID="-1">MP adresatai</text>
      <target FeatureID="-1" href="IMNG_HLP_CONT_OWN_DATA.html">Mano duomenys</target>
      <target FeatureID="-1" href="IMNG_HLP_BLOCKED_VIEW.html">Užblokuotieji adresatai</target>
      <target FeatureID="-1" href="IMNG_HLP_CONTACTDETAILS.html">Informacija apie MP adresatą</target>
   </keywords>
   <keywords>
      <text FeatureID="-1">MP</text>
      <target FeatureID="-1" href="IMNG_HLP_COMMUNITY_VIEW_EMPTY.html">MP naudojimo pradžia</target>
      <target FeatureID="-1" href="IMNG_HLP_COMMUNITY_VIEW.html">Momentiniai pranešimai</target>
      <target FeatureID="-1" href="IMNG_HLP_CONVERSATIONS.html">MP pokalbiai</target>
   </keywords>
   <keywords>
      <text FeatureID="-1">užblokuotieji MP adresatai</text>
      <target FeatureID="-1" href="IMNG_HLP_BLOCKED_VIEW.html">Užblokuotieji adresatai</target>
   </keywords>
   <keywords>
      <text FeatureID="-1">MP parametrai</text>
      <target FeatureID="-1" href="IMNG_HLP_SETTINGS.html">MP parametrai</target>
      <target FeatureID="-1" href="IMNG_HLP_APPSETT.html">MP programos parametrai</target>
   </keywords>
   <keywords>
      <text FeatureID="-1">MP serveriai</text>
      <target FeatureID="-1" href="IMNG_HLP_SERVLISTSETT_IM.html">MP serveriai</target>
   </keywords>
   <keywords>
      <text FeatureID="-1">TP serverio parametrai</text>
      <target FeatureID="-1" href="IMNG_HLP_DEFSERVER.html">TP serverio parametrai</target>
   </keywords>
   <keywords>
      <text FeatureID="-1">serverio parametrai</text>
      <target FeatureID="-1" href="IMNG_HLP_DEFSERVER.html">TP serverio parametrai</target>
   </keywords>
   <keywords>
      <text FeatureID="-1">kvietimai</text>
      <target FeatureID="-1" href="IMNG_HLP_INVITE.html">MP kvietimai</target>
   </keywords>
   <keywords>
      <text FeatureID="-1">MP grupės parametrai</text>
      <target FeatureID="-1" href="IMNG_HLP_CREATECHAT.html">MP grupės parametrai</target>
   </keywords>
   <keywords>
      <text FeatureID="-1">pokalbiai</text>
      <target FeatureID="-1" href="IMNG_HLP_CONVERSATIONS.html">MP pokalbiai</target>
   </keywords>
   <keywords>
      <text FeatureID="-1">Momentiniai pranešimai</text>
      <target FeatureID="-1" href="IMNG_HLP_CONTACTDETAILS.html">Informacija apie MP adresatą</target>
   </keywords>
</keywords>