<?xml version="1.0" encoding="UTF-8"?>
<keywords>
   <keywords>
      <text FeatureID="-1">eszközkezelő</text>
      <target FeatureID="-1" href="DM_HLP_MAIN_VIEW.html">A készülék szoftvere</target>
      <target FeatureID="-1" href="DM_HLP_SETTINGS.html">Szerverprofil beállításai</target>
      <target FeatureID="-1" href="DM_HLP_SERVERS_VIEW.html">Távoli konfiguráció</target>
   </keywords>
   <keywords>
      <text FeatureID="-1">konfigurációs beállítások</text>
      <target FeatureID="-1" href="DM_HLP_MAIN_VIEW.html">A készülék szoftvere</target>
   </keywords>
   <keywords>
      <text FeatureID="-1">Eszközkezelő</text>
      <target FeatureID="-1" href="FOTA_HLP_SETTINGS.html">Szoftverfriss. beállítások</target>
   </keywords>
   <keywords>
      <text FeatureID="-1">szoftverfrissítési beállítások</text>
      <target FeatureID="-1" href="FOTA_HLP_SETTINGS.html">Szoftverfriss. beállítások</target>
   </keywords>
   <keywords>
      <text FeatureID="-1">szerverprofil beállításai</text>
      <target FeatureID="-1" href="DM_HLP_SETTINGS.html">Szerverprofil beállításai</target>
   </keywords>
   <keywords>
      <text FeatureID="-1">távoli konfiguráció</text>
      <target FeatureID="-1" href="DM_HLP_SERVERS_VIEW.html">Távoli konfiguráció</target>
   </keywords>
</keywords>