<?xml version="1.0" encoding="UTF-8"?><?xml-stylesheet  href="../../theme/xsl/index2html.xslt" type="text/xsl"?>
<topics FeatureID="-1" title="Videos y TV" compressed="true">
   <topicref FeatureID="-1" href="IPTV_HLP_MAIN_STATE.html" navtitle="Videos y TV"/>
   <topicref FeatureID="-1" href="IPTV_HLP_VODCAST_MAIN.html" navtitle="Vínculos de video"/>
   <topicref FeatureID="-1" href="IPTV_HLP_SERVICE_SELECTION_VOD.html" navtitle="Seleccionar servicios de video"/>
   <topicref FeatureID="-1" href="IPTV_HLP_VOD_CATEGORIES.html" navtitle="Categorías de video"/>
   <topicref FeatureID="-1" href="IPTV_HLP_VOD.html" navtitle="Ver y descargar videoclips"/>
   <topicref FeatureID="-1" href="IPTV_HLP_SCHEDULE_DOWNLOAD.html" navtitle="Programar descargas"/>
   <topicref FeatureID="-1" href="IPTV_HLP_STORAGE.html" navtitle="Mis videos"/>
   <topicref FeatureID="-1" href="IPTV_HLP_SETTINGS.html" navtitle="Configuraciones de Videos y TV"/>
   <topicref FeatureID="-1" href="IPTV_HLP_SERVICE_SEL_VODCAST.html" navtitle="Seleccionar vínculos de video"/>
   <topicref FeatureID="-1" href="IPTV_HLP_ADD_SERVICE.html" navtitle="Agregar vínculos de video"/>
</topics>