<?xml version="1.0" encoding="UTF-8"?>
<keywords>
   <keywords>
      <text FeatureID="-1">videos y TV</text>
      <target FeatureID="-1" href="IPTV_HLP_MAIN_STATE.html">Videos y TV</target>
      <target FeatureID="-1" href="IPTV_HLP_VODCAST_MAIN.html">Vínculos de video</target>
      <target FeatureID="-1" href="IPTV_HLP_SERVICE_SELECTION_VOD.html">Seleccionar servicios de video</target>
      <target FeatureID="-1" href="IPTV_HLP_VOD_CATEGORIES.html">Categorías de video</target>
      <target FeatureID="-1" href="IPTV_HLP_VOD.html">Ver y descargar videoclips</target>
      <target FeatureID="-1" href="IPTV_HLP_SCHEDULE_DOWNLOAD.html">Programar descargas</target>
      <target FeatureID="-1" href="IPTV_HLP_STORAGE.html">Mis videos</target>
      <target FeatureID="-1" href="IPTV_HLP_SERVICE_SEL_VODCAST.html">Seleccionar vínculos de video</target>
      <target FeatureID="-1" href="IPTV_HLP_ADD_SERVICE.html">Agregar vínculos de video</target>
   </keywords>
   <keywords>
      <text FeatureID="-1">vínculos de video</text>
      <target FeatureID="-1" href="IPTV_HLP_VODCAST_MAIN.html">Vínculos de video</target>
      <target FeatureID="-1" href="IPTV_HLP_VOD_CATEGORIES.html">Categorías de video</target>
      <target FeatureID="-1" href="IPTV_HLP_SERVICE_SEL_VODCAST.html">Seleccionar vínculos de video</target>
      <target FeatureID="-1" href="IPTV_HLP_ADD_SERVICE.html">Agregar vínculos de video</target>
   </keywords>
   <keywords>
      <text FeatureID="-1">descargas, videoclips</text>
      <target FeatureID="-1" href="IPTV_HLP_VOD.html">Ver y descargar videoclips</target>
      <target FeatureID="-1" href="IPTV_HLP_SCHEDULE_DOWNLOAD.html">Programar descargas</target>
   </keywords>
   <keywords>
      <text FeatureID="-1">videos y TV, configuraciones</text>
      <target FeatureID="-1" href="IPTV_HLP_SETTINGS.html">Configuraciones de Videos y TV</target>
   </keywords>
   <keywords>
      <text FeatureID="-1">configuraciones, video</text>
      <target FeatureID="-1" href="IPTV_HLP_SETTINGS.html">Configuraciones de Videos y TV</target>
   </keywords>
</keywords>