<?xml version="1.0" encoding="UTF-8"?>
<keywords>
   <keywords>
      <text FeatureID="-1">valiutos keitimo kursai</text>
      <target FeatureID="-1" href="CNV_HLP_RATES.html">Valiutos parametrai</target>
   </keywords>
   <keywords>
      <text FeatureID="-1">bazinė valiuta</text>
      <target FeatureID="-1" href="CNV_HLP_RATES.html">Valiutos parametrai</target>
   </keywords>
   <keywords>
      <text FeatureID="-1">valiutos keitimas</text>
      <target FeatureID="-1" href="CNV_HLP_RATES.html">Valiutos parametrai</target>
   </keywords>
   <keywords>
      <text FeatureID="-1">keitiklis</text>
      <target FeatureID="-1" href="CNV_HLP_MAIN_STATE.html">Matavimo vnt. keitimas</target>
   </keywords>
   <keywords>
      <text FeatureID="-1">keičiama valiuta</text>
      <target FeatureID="-1" href="CNV_HLP_MAIN_STATE.html">Matavimo vnt. keitimas</target>
   </keywords>
</keywords>