<?xml version="1.0" encoding="UTF-8"?>
<keywords>
   <keywords>
      <text FeatureID="-1">jubileju ieraksti</text>
      <target FeatureID="-1" href="FSCA_HLP_ANNIVERSARY_EDITOR.html">Jubileju ierakstu izveide</target>
   </keywords>
   <keywords>
      <text FeatureID="-1">sapulču ieraksti, izveide</text>
      <target FeatureID="-1" href="FSCA_HLP_CALE_MEETING_EDITOR.html">Sapulču ierakstu izveide</target>
   </keywords>
   <keywords>
      <text FeatureID="-1">piezīmju ieraksti, izveide</text>
      <target FeatureID="-1" href="FSCA_HLP_MEMO_EDITOR.html">Piezīmju ierakstu izveide</target>
   </keywords>
   <keywords>
      <text FeatureID="-1">uzdevumu ieraksti, izveide</text>
      <target FeatureID="-1" href="FSCA_HLP_TODO_EDITOR.html">Uzdevumu ierakstu izveide</target>
   </keywords>
   <keywords>
      <text FeatureID="-1">sapulču ieraksti, rediģēšana</text>
      <target FeatureID="-1" href="FSCA_HLP_CALE_MEETING_VIEWER.html">Sapulču ierakstu rediģēšana</target>
   </keywords>
   <keywords>
      <text FeatureID="-1">piezīmju ieraksti, rediģēšana</text>
      <target FeatureID="-1" href="FSCA_HLP_MEMO_VIEWER.html">Piezīmju ierakstu rediģēšana</target>
   </keywords>
   <keywords>
      <text FeatureID="-1">uzdevumu ieraksti, rediģēšana</text>
      <target FeatureID="-1" href="FSCA_HLP_TODO_VIEWER.html">Uzdevumu rediģēšana</target>
   </keywords>
   <keywords>
      <text FeatureID="-1">jubileju ieraksti, apskate</text>
      <target FeatureID="-1" href="FSCA_HLP_ANNI_VIEWER.html">Jubileju ierakstu rediģēšana</target>
   </keywords>
   <keywords>
      <text FeatureID="-1">sapulču pieprasījumi</text>
      <target FeatureID="-1" href="FSCA_HLP_RESPONSE_EDITOR.html">Atbildes rediģēšana</target>
      <target FeatureID="-1" href="FSCA_HLP_VIEWER_ORGANIZER.html">Sapulču pieprasījumu pārvaldība</target>
      <target FeatureID="-1" href="MEET_REQ_HLP_EDITOR.html">Saņemtie sapulču pieprasījumi</target>
      <target FeatureID="-1" href="FSCA_HLP_VIEWER.html">Atbildēšana uz sapulču pieprasījumiem</target>
      <target FeatureID="-1" href="FS_VIEWER_HLP_MEETING_REQ_VIEW.html">Atbildēšana uz sapulces pieprasījumu</target>
   </keywords>
   <keywords>
      <text FeatureID="-1">kontakti</text>
      <target FeatureID="-1" href="RLOOK_HLP_INFO_VIEW.html">Darbs ar atrasto kontaktu</target>
   </keywords>
   <keywords>
      <text FeatureID="-1">kontakti, meklēšana</text>
      <target FeatureID="-1" href="RLOOK_HLP_RESULT_VIEW.html">Meklēšanas rezultāti</target>
   </keywords>
   <keywords>
      <text FeatureID="-1">e-pasts, pielikumi</text>
      <target FeatureID="-1" href="FSE_HLP_ATTACHMENT_LIST_EDITOR.html">Pielikumu pievienošana</target>
   </keywords>
   <keywords>
      <text FeatureID="-1">izdzēstais e-pasts</text>
      <target FeatureID="-1" href="FSE_HLP_MESSAGE_LIST_DELETED.html">Izdzēstās e-pasta ziņas</target>
   </keywords>
   <keywords>
      <text FeatureID="-1">e-pasta pielikumu lejupielāde</text>
      <target FeatureID="-1" href="FSE_HLP_ATTACHMENT_LIST.html">Pielikumu lejupielāde</target>
   </keywords>
   <keywords>
      <text FeatureID="-1">e-pasta melnraksts</text>
      <target FeatureID="-1" href="FSE_HLP_MESSAGE_LIST_DRAFTS.html">E‑pasta ziņu melnraksti</target>
   </keywords>
   <keywords>
      <text FeatureID="-1">Nokia E-pasts</text>
      <target FeatureID="-1" href="FSE_HLP_LAUNCHER_GRID.html">Nokia E-pasts</target>
   </keywords>
   <keywords>
      <text FeatureID="-1">e-pasts</text>
      <target FeatureID="-1" href="FSE_HLP_LAUNCHER_GRID.html">Nokia E-pasts</target>
   </keywords>
   <keywords>
      <text FeatureID="-1">e-pasta mapes</text>
      <target FeatureID="-1" href="FSE_HLP_FOLDER_LIST.html">E-pasta mapes</target>
      <target FeatureID="-1" href="FSE_HLP_SETT_IMAP_SUBSCR.html">Mapju abonēšana</target>
      <target FeatureID="-1" href="FSE_HLP_MESSAGE_LIST_INBOX.html">Darbs ar e-pasta mapēm</target>
   </keywords>
   <keywords>
      <text FeatureID="-1">e-pasta uzstādījumi</text>
      <target FeatureID="-1" href="FSE_HLP_LAUNCHER_SETTINGS.html">Vispārīgi e-pasta uzstādījumi</target>
      <target FeatureID="-1" href="FSE_HLP_POP_IMAP_SETT_MAIN.html">E-pasta uzstādījumi</target>
      <target FeatureID="-1" href="FSE_HLP_MFE_SETTINGS_MAIN_VIEW.html">E-pasta uzstādījumi</target>
   </keywords>
   <keywords>
      <text FeatureID="-1">vispārīgi e-pasta uzstādījumi</text>
      <target FeatureID="-1" href="FSE_HLP_SETTINGS_GLOBAL.html">Vispārīgi e-pasta uzstādījumi</target>
   </keywords>
   <keywords>
      <text FeatureID="-1">HTML e-pasts</text>
      <target FeatureID="-1" href="FS_VIEWER_HLP_HTML_VIEW.html">HTML formāta e-pasts</target>
   </keywords>
   <keywords>
      <text FeatureID="-1">papildu e-pasta uzstādījumi</text>
      <target FeatureID="-1" href="FSE_HLP_POP_IMAP_SETT_ADV.html">E-pasta papildu uzstādījumi</target>
   </keywords>
   <keywords>
      <text FeatureID="-1">ienākošā e-pasta uzstādījumi</text>
      <target FeatureID="-1" href="FSE_HLP_POP_IMAP_SETT_INCOMING.html">Ienākošā e-pasta uzstādījumi</target>
   </keywords>
   <keywords>
      <text FeatureID="-1">izejošā e-pasta uzstādījumi</text>
      <target FeatureID="-1" href="FSE_HLP_POP_IMAP_SETT_OUTGOING.html">Izejošā e-pasta uzstādījumi</target>
   </keywords>
   <keywords>
      <text FeatureID="-1">e-pasta sinhronizācija</text>
      <target FeatureID="-1" href="FSE_HLP_POP_IMAP_SETT_WHAT.html">Sinhronizācijas satura izvēle</target>
   </keywords>
   <keywords>
      <text FeatureID="-1">e-pasta sinhronizācijas laiks</text>
      <target FeatureID="-1" href="FSE_HLP_POP_IMAP_SETT_WHEN.html">Sinhronizācijas laika izvēle</target>
      <target FeatureID="-1" href="FSE_HLP_MFE_SETTINGS_WHEN_SYNC.html">Sinhronizācijas laika izvēle</target>
      <target FeatureID="-1" href="FSE_HLP_SETTINGS_WHEN_SYNC.html">Sinhronizācijas laiks</target>
   </keywords>
   <keywords>
      <text FeatureID="-1">Mail for Exchange</text>
      <target FeatureID="-1" href="FSE_HLP_MFE_LAUNCHER_MAIN_VIEW.html">Mail for Exchange pasts</target>
   </keywords>
   <keywords>
      <text FeatureID="-1">e-pasta dati</text>
      <target FeatureID="-1" href="FS_VIEWER_HLP_DETAILS_VIEW.html">Ziņas dati</target>
   </keywords>
   <keywords>
      <text FeatureID="-1">pastkastes papildu uzstādījumi</text>
      <target FeatureID="-1" href="FSE_HLP_MFE_SETTINGS_ADVANCED.html">Pastkastes papildu uzstādījumi</target>
   </keywords>
   <keywords>
      <text FeatureID="-1">e-pasta sinhronizācijas uzstādījumi</text>
      <target FeatureID="-1" href="FSE_HLP_MFE_SETTINGS_PIM_APPS.html">Programmu sinhronizācijas uzstādījumi</target>
   </keywords>
   <keywords>
      <text FeatureID="-1">kalendāra sinhronizācija</text>
      <target FeatureID="-1" href="FSE_HLP_MFE_CALENDAR_APP.html">Kalendāra sinhronizācijas uzstādījumi</target>
   </keywords>
   <keywords>
      <text FeatureID="-1">kontaktu sinhronizācija,</text>
      <target FeatureID="-1" href="FSE_HLP_MFE_CONTACTS_APP.html">Kontaktu sinhronizācijas uzstādījumi</target>
   </keywords>
   <keywords>
      <text FeatureID="-1">pastkastes uzstādījumi</text>
      <target FeatureID="-1" href="FSE_HLP_MFE_SETTINGS_MAILBOX.html">Vispārīgi pastkastes uzstādījumi</target>
   </keywords>
   <keywords>
      <text FeatureID="-1">e-pasta sinhronizācijas saturs</text>
      <target FeatureID="-1" href="FSE_HLP_MFE_SETTINGS_WHAT_SYNC.html">Sinhronizācijas satura izvēle</target>
   </keywords>
   <keywords>
      <text FeatureID="-1">e-pasta mapes sinhronizācija</text>
      <target FeatureID="-1" href="FSE_HLP_MFE_SETTINGS_FOLDER.html">Sinhronizācijas uzstādījumi</target>
   </keywords>
   <keywords>
      <text FeatureID="-1">uzdevumu sinhronizācija</text>
      <target FeatureID="-1" href="FSE_HLP_MFE_TASKS_APP.html">Uzdevumu sinhronizācijas uzstādījumi</target>
   </keywords>
   <keywords>
      <text FeatureID="-1">nav e-pasta ziņu</text>
      <target FeatureID="-1" href="FSE_HLP_MESSAGE_LIST_EMPTY.html">Nav ziņu</target>
   </keywords>
   <keywords>
      <text FeatureID="-1">e-pasta izsūtne</text>
      <target FeatureID="-1" href="FSE_HLP_MESSAGE_LIST_OUTBOX.html">Darbs ar mapi Izsūtne</target>
   </keywords>
   <keywords>
      <text FeatureID="-1">e-pasta meklēšana</text>
      <target FeatureID="-1" href="FSE_HLP_MESSAGE_LIST_SEARCHING.html">E-pasta meklēšana</target>
   </keywords>
   <keywords>
      <text FeatureID="-1">e-pasta meklēšanas rezultāti</text>
      <target FeatureID="-1" href="FSE_HLP_MESSAGE_LIST_SEARCHED.html">Meklēšanas rezultāti</target>
   </keywords>
   <keywords>
      <text FeatureID="-1">e-pasta sūtīšana</text>
      <target FeatureID="-1" href="FS_EDITOR_HLP_MAIN_VIEW.html">E-pasta sūtīšana</target>
   </keywords>
   <keywords>
      <text FeatureID="-1">PIM pakalpojums</text>
      <target FeatureID="-1" href="FSE_HLP_SETTINGS_PIM_VIEW.html">PIM pakalpojums</target>
   </keywords>
   <keywords>
      <text FeatureID="-1">programmu sinhronizācija</text>
      <target FeatureID="-1" href="FSE_HLP_SETTINGS_APPLICATIONS.html">Programmu sinhronizēšana</target>
   </keywords>
   <keywords>
      <text FeatureID="-1">e-pasta ziņu pielikumi</text>
      <target FeatureID="-1" href="FSE_HLP_ATTACHMENT_DOWNLOAD.html">Lejupielādēto pielikumu apskate</target>
   </keywords>
   <keywords>
      <text FeatureID="-1">saņemtais e-pasts</text>
      <target FeatureID="-1" href="FS_VIEWER_HLP_MAIN_VIEW.html">Darbs ar saņemto e-pastu</target>
   </keywords>
   <keywords>
      <text FeatureID="-1">mail, uzstādījumi</text>
      <target FeatureID="-1" href="FSE_HLP_SETT.html">Uzstādījumi</target>
   </keywords>
   <keywords>
      <text FeatureID="-1">mail, konta uzstādījumi</text>
      <target FeatureID="-1" href="FSE_HLP_ACCT_INFO.html">Pasta konta uzstādījumi</target>
   </keywords>
   <keywords>
      <text FeatureID="-1">mail, sinhronizācija</text>
      <target FeatureID="-1" href="FSE_HLP_SYNC_SETT.html">Sinhronizācijas uzstādījumi</target>
   </keywords>
</keywords>