<?xml version="1.0" encoding="UTF-8"?>
<keywords>
   <keywords>
      <text FeatureID="-1">ערכות נושא של שמע</text>
      <target FeatureID="-1" href="AUDIOTHEME_HLP_EVENTGROUPS.html">שינוי ערכות נושא של שמע</target>
      <target FeatureID="-1" href="SET_HLP_AUDIO_THEME_EVENTSLIST.html">צלילים עבור אירוע התקן</target>
   </keywords>
   <keywords>
      <text FeatureID="-1">התאמה אישית של ההתקן</text>
      <target FeatureID="-1" href="AUDIOTHEME_HLP_EVENTGROUPS.html">שינוי ערכות נושא של שמע</target>
      <target FeatureID="-1" href="SET_HLP_AUDIO_THEME_EVENTSLIST.html">צלילים עבור אירוע התקן</target>
   </keywords>
   <keywords>
      <text FeatureID="-1">צלילי ההתקן</text>
      <target FeatureID="-1" href="AUDIOTHEME_HLP_EVENTGROUPS.html">שינוי ערכות נושא של שמע</target>
      <target FeatureID="-1" href="SET_HLP_AUDIO_THEME_EVENTSLIST.html">צלילים עבור אירוע התקן</target>
   </keywords>
</keywords>