<?xml version="1.0" encoding="UTF-8"?><?xml-stylesheet  href="../../theme/xsl/index2html.xslt" type="text/xsl"?>
<topics FeatureID="-1" title="Videá a TV" compressed="true">
   <topicref FeatureID="-1" href="IPTV_HLP_MAIN_STATE.html" navtitle="Videá a TV"/>
   <topicref FeatureID="-1" href="IPTV_HLP_VODCAST_MAIN.html" navtitle="Internetové videoklipy"/>
   <topicref FeatureID="-1" href="IPTV_HLP_SERVICE_SELECTION_VOD.html" navtitle="Výber videoslužieb"/>
   <topicref FeatureID="-1" href="IPTV_HLP_VOD_CATEGORIES.html" navtitle="Kategórie videoklipov"/>
   <topicref FeatureID="-1" href="IPTV_HLP_VOD.html" navtitle="Prezeranie a načítavanie videoklipov"/>
   <topicref FeatureID="-1" href="IPTV_HLP_SCHEDULE_DOWNLOAD.html" navtitle="Plánovanie načítania dát"/>
   <topicref FeatureID="-1" href="IPTV_HLP_STORAGE.html" navtitle="Moje videá"/>
   <topicref FeatureID="-1" href="IPTV_HLP_SETTINGS.html" navtitle="Nastavenia aplikácie Videá a TV"/>
   <topicref FeatureID="-1" href="IPTV_HLP_SERVICE_SEL_VODCAST.html" navtitle="Výber videoupútaviek"/>
   <topicref FeatureID="-1" href="IPTV_HLP_ADD_SERVICE.html" navtitle="Prid. videoupút."/>
</topics>