<?xml version="1.0" encoding="UTF-8"?>
<keywords>
   <keywords>
      <text FeatureID="-1">Videá a TV</text>
      <target FeatureID="-1" href="IPTV_HLP_MAIN_STATE.html">Videá a TV</target>
      <target FeatureID="-1" href="IPTV_HLP_VODCAST_MAIN.html">Internetové videoklipy</target>
      <target FeatureID="-1" href="IPTV_HLP_SERVICE_SELECTION_VOD.html">Výber videoslužieb</target>
      <target FeatureID="-1" href="IPTV_HLP_VOD_CATEGORIES.html">Kategórie videoklipov</target>
      <target FeatureID="-1" href="IPTV_HLP_VOD.html">Prezeranie a načítavanie videoklipov</target>
      <target FeatureID="-1" href="IPTV_HLP_SCHEDULE_DOWNLOAD.html">Plánovanie načítania dát</target>
      <target FeatureID="-1" href="IPTV_HLP_STORAGE.html">Moje videá</target>
      <target FeatureID="-1" href="IPTV_HLP_SERVICE_SEL_VODCAST.html">Výber videoupútaviek</target>
      <target FeatureID="-1" href="IPTV_HLP_ADD_SERVICE.html">Prid. videoupút.</target>
   </keywords>
   <keywords>
      <text FeatureID="-1">videoupútavky</text>
      <target FeatureID="-1" href="IPTV_HLP_VODCAST_MAIN.html">Internetové videoklipy</target>
      <target FeatureID="-1" href="IPTV_HLP_VOD_CATEGORIES.html">Kategórie videoklipov</target>
      <target FeatureID="-1" href="IPTV_HLP_SERVICE_SEL_VODCAST.html">Výber videoupútaviek</target>
      <target FeatureID="-1" href="IPTV_HLP_ADD_SERVICE.html">Prid. videoupút.</target>
   </keywords>
   <keywords>
      <text FeatureID="-1">načítané súbory, videoklipy</text>
      <target FeatureID="-1" href="IPTV_HLP_VOD.html">Prezeranie a načítavanie videoklipov</target>
      <target FeatureID="-1" href="IPTV_HLP_SCHEDULE_DOWNLOAD.html">Plánovanie načítania dát</target>
   </keywords>
   <keywords>
      <text FeatureID="-1">Videá a TV, nastavenia</text>
      <target FeatureID="-1" href="IPTV_HLP_SETTINGS.html">Nastavenia aplikácie Videá a TV</target>
   </keywords>
   <keywords>
      <text FeatureID="-1">nastavenia, video</text>
      <target FeatureID="-1" href="IPTV_HLP_SETTINGS.html">Nastavenia aplikácie Videá a TV</target>
   </keywords>
</keywords>