<?xml version="1.0" encoding="UTF-8"?>
<keywords>
   <keywords>
      <text FeatureID="-1">Mail for Exchange</text>
      <target FeatureID="-1" href="FSE_HLP_MFE_LAUNCHER_MAIN_VIEW.html">Zprávy aplikace Mail for Exchange</target>
   </keywords>
   <keywords>
      <text FeatureID="-1">rozšířená nastavení schránky</text>
      <target FeatureID="-1" href="FSE_HLP_MFE_SETTINGS_ADVANCED.html">Rozšířená nastavení schránky</target>
   </keywords>
   <keywords>
      <text FeatureID="-1">e-mail, nastavení synchronizace</text>
      <target FeatureID="-1" href="FSE_HLP_MFE_SETTINGS_PIM_APPS.html">Nastavení synchronizace aplikace</target>
   </keywords>
   <keywords>
      <text FeatureID="-1">synchronizace kalendáře</text>
      <target FeatureID="-1" href="FSE_HLP_MFE_CALENDAR_APP.html">Nastavení synchronizace Kalendáře</target>
   </keywords>
   <keywords>
      <text FeatureID="-1">synchronizace kontaktů,</text>
      <target FeatureID="-1" href="FSE_HLP_MFE_CONTACTS_APP.html">Nastavení synchronizace Kontaktů</target>
   </keywords>
   <keywords>
      <text FeatureID="-1">nastavení schránky</text>
      <target FeatureID="-1" href="FSE_HLP_MFE_SETTINGS_MAILBOX.html">Obecná nastavení schránky</target>
   </keywords>
   <keywords>
      <text FeatureID="-1">synchronizace obsahu e-mailu</text>
      <target FeatureID="-1" href="FSE_HLP_MFE_SETTINGS_WHAT_SYNC.html">Výběr obsahu pro synchronizaci</target>
   </keywords>
   <keywords>
      <text FeatureID="-1">čas synchronizace e-mailu</text>
      <target FeatureID="-1" href="FSE_HLP_MFE_SETTINGS_WHEN_SYNC.html">Výběr času synchronizace</target>
   </keywords>
   <keywords>
      <text FeatureID="-1">synchronizace složek e-mailu</text>
      <target FeatureID="-1" href="FSE_HLP_MFE_SETTINGS_FOLDER.html">Nastavení synchronizace</target>
   </keywords>
   <keywords>
      <text FeatureID="-1">e-mail, nastavení</text>
      <target FeatureID="-1" href="FSE_HLP_MFE_SETTINGS_MAIN_VIEW.html">Nastavení e-mailu</target>
   </keywords>
   <keywords>
      <text FeatureID="-1">synchronizace záznamů úkolů</text>
      <target FeatureID="-1" href="FSE_HLP_MFE_TASKS_APP.html">Nastavení synchronizace úkolů</target>
   </keywords>
</keywords>