<?xml version="1.0" encoding="UTF-8"?>
<keywords>
   <keywords>
      <text FeatureID="-1">Pag-playback ng flash file</text>
      <target FeatureID="-1" href="FLITE_HLP_STOPPED.html">Tapusing ang pag-playback ng flash</target>
      <target FeatureID="-1" href="FLITE_HLP_VIEWER_PAUSED.html">I-pause ang pag-playback ng flash</target>
      <target FeatureID="-1" href="FLITE_HLP_VIEWER_PLAY.html">Mag-play ng mga flash file</target>
   </keywords>
   <keywords>
      <text FeatureID="-1">Flash player</text>
      <target FeatureID="-1" href="FLITE_HLP_STOPPED.html">Tapusing ang pag-playback ng flash</target>
      <target FeatureID="-1" href="FLITE_HLP_VIEWER_PAUSED.html">I-pause ang pag-playback ng flash</target>
      <target FeatureID="-1" href="FLITE_HLP_VIEWER_PLAY.html">Mag-play ng mga flash file</target>
   </keywords>
</keywords>