<?xml version="1.0" encoding="UTF-8"?>
<keywords>
   <keywords>
      <text FeatureID="-1">設定, 滑蓋</text>
      <target FeatureID="-1" href="SET_HLP_SETTINGS_KEYPAD_COVER.html">滑蓋操作設定</target>
   </keywords>
   <keywords>
      <text FeatureID="-1">滑蓋設定</text>
      <target FeatureID="-1" href="SET_HLP_SETTINGS_KEYPAD_COVER.html">滑蓋操作設定</target>
   </keywords>
   <keywords>
      <text FeatureID="-1">裝置管理</text>
      <target FeatureID="-1" href="CP_HLP_DEVICE_MANAGEMENT.html">裝置管理</target>
   </keywords>
   <keywords>
      <text FeatureID="true_109">EAP (可延伸驗證通訊協定)</text>
      <target FeatureID="true_109" href="SET_HLP_WLAN_EAP_SIM.html">EAP-SIM 設定</target>
   </keywords>
   <keywords>
      <text FeatureID="true_109">設定, 無線區域網路</text>
      <target FeatureID="true_109" href="SET_HLP_WLAN_EAP_SIM.html">EAP-SIM 設定</target>
   </keywords>
   <keywords>
      <text FeatureID="-1">限制存取點</text>
      <target FeatureID="-1" href="ACL_HLP_MAIN.html">限制連線</target>
   </keywords>
   <keywords>
      <text FeatureID="-1">連線設定</text>
      <target FeatureID="-1" href="SIP_HLP_PROF_PARAMS.html">SIP 操作模式設定</target>
      <target FeatureID="-1" href="SIP_HLP_MAIN.html">SIP 操作模式</target>
      <target FeatureID="-1" href="SET_HLP_CONN_DEST_VIEW.html">網路連線方式檢視</target>
      <target FeatureID="-1" href="SET_HLP_DEFAULT_CONN.html">預設連線</target>
      <target FeatureID="-1" href="SET_HLP_CONN_METHODS_VIEW.html">存取點檢視</target>
      <target FeatureID="true_1581" href="RD_HLP_REMOTE_DRIVE_CONFIG.html">遠端磁碟機設定</target>
      <target FeatureID="true_1581" href="RD_HLP_REMOTE_DRIVES.html">遠端磁碟機</target>
   </keywords>
   <keywords>
      <text FeatureID="-1">SIP 設定</text>
      <target FeatureID="-1" href="SIP_HLP_PROF_PARAMS.html">SIP 操作模式設定</target>
      <target FeatureID="-1" href="SIP_HLP_MAIN.html">SIP 操作模式</target>
      <target FeatureID="-1" href="SIP_HLP_PROXY_PARAMS.html">SIP Proxy 設定</target>
      <target FeatureID="-1" href="SIP_HLP_REGISTRAR_PARAM.html">登錄伺服器設定</target>
   </keywords>
   <keywords>
      <text FeatureID="-1">登錄伺服器</text>
      <target FeatureID="-1" href="SIP_HLP_REGISTRAR_PARAM.html">登錄伺服器設定</target>
   </keywords>
   <keywords>
      <text FeatureID="-1">存取點</text>
      <target FeatureID="-1" href="HLP_OCC_CONN_SETTINGS.html">網路連線</target>
      <target FeatureID="-1" href="SET_HLP_CONN_METHODS_VIEW.html">存取點檢視</target>
   </keywords>
   <keywords>
      <text FeatureID="-1">設定, 連線</text>
      <target FeatureID="-1" href="HLP_OCC_CONN_SETTINGS.html">網路連線</target>
   </keywords>
   <keywords>
      <text FeatureID="-1">網路連線方式設定</text>
      <target FeatureID="-1" href="SET_HLP_CONN_DEST_VIEW.html">網路連線方式檢視</target>
   </keywords>
   <keywords>
      <text FeatureID="-1">預設連線</text>
      <target FeatureID="-1" href="SET_HLP_DEFAULT_CONN.html">預設連線</target>
   </keywords>
   <keywords>
      <text FeatureID="-1">VPN 存取點</text>
      <target FeatureID="true_99" href="SET_HLP_VPN_DEST_ASSOC_VIEW.html">VPN 連線</target>
      <target FeatureID="-1" href="SET_HLP_VPN_AP_SETTINGS_VIEW.html">編輯 VPN 存取點</target>
   </keywords>
   <keywords>
      <text FeatureID="-1">應用程式連線</text>
      <target FeatureID="-1" href="SET_HLP_APP_DEST_ASSOC_VIEW.html">應用程式連線</target>
   </keywords>
   <keywords>
      <text FeatureID="-1">應用程式設定</text>
      <target FeatureID="-1" href="CP_HLP_APPILICATION_SETTINGS.html">應用程式設定</target>
   </keywords>
   <keywords>
      <text FeatureID="-1">通話, 設定</text>
      <target FeatureID="-1" href="SCP_HLP_CALL.html">通話設定</target>
   </keywords>
   <keywords>
      <text FeatureID="-1">設定, 通話</text>
      <target FeatureID="-1" href="SCP_HLP_CALL.html">通話設定</target>
   </keywords>
   <keywords>
      <text FeatureID="-1">連線方式</text>
      <target FeatureID="-1" href="CP_HLP_CONNECTIVITY.html">連線方式設定</target>
   </keywords>
   <keywords>
      <text FeatureID="-1">控制台</text>
      <target FeatureID="-1" href="CP_HLP_DISPLAY.html">螢幕顯示設定</target>
      <target FeatureID="__DUAL_LANGUAGE_SUPPORT=true" href="CP_HLP_WRITING_LANGUAGE.html">編寫語言</target>
   </keywords>
   <keywords>
      <text FeatureID="-1">螢幕顯示設定</text>
      <target FeatureID="-1" href="CP_HLP_DISPLAY.html">螢幕顯示設定</target>
   </keywords>
   <keywords>
      <text FeatureID="-1">一般設定</text>
      <target FeatureID="-1" href="CP_HLP_DEVICE.html">裝置設定</target>
   </keywords>
   <keywords>
      <text FeatureID="-1">裝置設定</text>
      <target FeatureID="-1" href="CP_HLP_DEVICE.html">裝置設定</target>
   </keywords>
   <keywords>
      <text FeatureID="-1">語言設定</text>
      <target FeatureID="-1" href="CP_HLP_LANGUAGE.html">語言設定</target>
   </keywords>
   <keywords>
      <text FeatureID="-1">設定</text>
      <target FeatureID="-1" href="CP_HLP_MAIN_VIEW.html">設定</target>
   </keywords>
   <keywords>
      <text FeatureID="-1">網路設定</text>
      <target FeatureID="-1" href="CP_HLP_NETWORK.html">網路設定</target>
      <target FeatureID="-1" href="CP_HLP_NETWORK.html">網路設定</target>
   </keywords>
   <keywords>
      <text FeatureID="-1">操作模式</text>
      <target FeatureID="-1" href="CP_HLP_PERSONAL.html">個人化檢視</target>
   </keywords>
   <keywords>
      <text FeatureID="-1">佈景主題</text>
      <target FeatureID="-1" href="CP_HLP_PERSONAL.html">個人化檢視</target>
   </keywords>
   <keywords>
      <text FeatureID="-1">待機</text>
      <target FeatureID="-1" href="CP_HLP_PERSONAL.html">個人化檢視</target>
   </keywords>
   <keywords>
      <text FeatureID="-1">安全性, 設定</text>
      <target FeatureID="-1" href="CP_HLP_SECURITY.html">安全性設定</target>
   </keywords>
   <keywords>
      <text FeatureID="-1">設定, 安全性</text>
      <target FeatureID="-1" href="CP_HLP_SECURITY.html">安全性設定</target>
   </keywords>
   <keywords>
      <text FeatureID="-1">裝置, 鎖定</text>
      <target FeatureID="-1" href="SET_HLP_SECURITY_DEVICE_SIM.html">裝置安全性</target>
   </keywords>
   <keywords>
      <text FeatureID="-1">安全性</text>
      <target FeatureID="-1" href="SET_HLP_SECURITY_DEVICE_SIM.html">裝置安全性</target>
   </keywords>
   <keywords>
      <text FeatureID="__DUAL_LANGUAGE_SUPPORT=true">編寫語言</text>
      <target FeatureID="__DUAL_LANGUAGE_SUPPORT=true" href="CP_HLP_WRITING_LANGUAGE.html">編寫語言</target>
   </keywords>
   <keywords>
      <text FeatureID="-1">配件設定</text>
      <target FeatureID="-1" href="SET_HLP_ACCESSORIES_LIST.html">配件設定</target>
      <target FeatureID="-1" href="SET_HLP_ACCESSORIES_HEADPHONE.html">聆聽用耳機設定</target>
      <target FeatureID="-1" href="SET_HLP_ACCESSORIES_HEADSET.html">通話用耳機設定</target>
      <target FeatureID="-1" href="SET_HLP_ACCESS_WIRED_CK.html">有線車用配件設定</target>
      <target FeatureID="true_1032" href="SET_HLP_ACCESSORIES_TTY.html">聽障通訊器設定</target>
      <target FeatureID="true_1540" href="SET_HLP_ACCESSORIES_TVOUT.html">電視輸出設定</target>
   </keywords>
   <keywords>
      <text FeatureID="-1">封包數據存取點</text>
      <target FeatureID="-1" href="SET_HLP_AP_SETTING_GPRS.html">封包數據存取點</target>
      <target FeatureID="-1" href="SET_HLP_AP_SETTING_GPRS_AS.html">封包數據進階設定</target>
   </keywords>
   <keywords>
      <text FeatureID="-1">封包數據設定</text>
      <target FeatureID="-1" href="SET_HLP_AP_SETTING_GPRS_AS.html">封包數據進階設定</target>
   </keywords>
   <keywords>
      <text FeatureID="true_1088 true_110">數據通話存取點</text>
      <target FeatureID="true_110" href="SET_HLP_AP_DATA_AS_IPV4.html">數據通話 IPv4 設定</target>
      <target FeatureID="true_1088" href="SET_HLP_AP_DATA_AS_IPV6.html">數據通話 IPv6 設定</target>
      <target FeatureID="true_110" href="SET_HLP_AP_SETTING_DATA_AS.html">數據通話進階設定</target>
   </keywords>
   <keywords>
      <text FeatureID="true_110">存取點設定</text>
      <target FeatureID="true_110" href="SET_HLP_AP_SETTING_DATA.html">數據通話存取點</target>
      <target FeatureID="true_110" href="SET_HLP_AP_SETTING_DATA_AS.html">數據通話進階設定</target>
   </keywords>
   <keywords>
      <text FeatureID="true_110">數據通話設定</text>
      <target FeatureID="true_110" href="SET_HLP_AP_SETTING_DATA.html">數據通話存取點</target>
   </keywords>
   <keywords>
      <text FeatureID="-1">虛擬私人網路</text>
      <target FeatureID="-1" href="SET_HLP_VPN_AP_SETTINGS_VIEW.html">編輯 VPN 存取點</target>
   </keywords>
   <keywords>
      <text FeatureID="-1">鍵盤鎖</text>
      <target FeatureID="-1" href="CP_HLP_AUTOKEYGUARD.html">自動鍵盤鎖</target>
   </keywords>
   <keywords>
      <text FeatureID="true_1581">遠端磁碟機</text>
      <target FeatureID="true_1581" href="RD_HLP_REMOTE_DRIVE_CONFIG.html">遠端磁碟機設定</target>
      <target FeatureID="true_1581" href="RD_HLP_REMOTE_DRIVES.html">遠端磁碟機</target>
   </keywords>
   <keywords>
      <text FeatureID="-1">通話限制</text>
      <target FeatureID="-1" href="SET_HLP_BARRING_SETTINGS.html">限制手機通話</target>
      <target FeatureID="true_298" href="DIV_HLP_BARRING_MAIN.html">限制通話</target>
   </keywords>
   <keywords>
      <text FeatureID="-1">限制通話</text>
      <target FeatureID="-1" href="SET_HLP_BARRING_SETTINGS.html">限制手機通話</target>
      <target FeatureID="true_298" href="DIV_HLP_BARRING_MAIN.html">限制通話</target>
   </keywords>
   <keywords>
      <text FeatureID="-1">轉接來電</text>
      <target FeatureID="true_89" href="DIV_HLP_CALL_FORW_VID.html">轉接視訊通話</target>
      <target FeatureID="-1" href="DIV_HLP_CALL_FORW_MAIN.html">來電轉接</target>
      <target FeatureID="-1" href="DIV_HLP_CALL_FORW_MAIN.html">來電轉接</target>
      <target FeatureID="-1" href="DIV_HLP_CALL_FORW_VOI.html">轉接語音通話</target>
   </keywords>
   <keywords>
      <text FeatureID="-1">同步處理設定</text>
      <target FeatureID="-1" href="CP_HLP_SYNCHRONISATION.html">同步處理設定</target>
   </keywords>
   <keywords>
      <text FeatureID="-1">安裝應用程式</text>
      <target FeatureID="-1" href="CP_HLP_INSTALLATIONS.html">安裝</target>
   </keywords>
   <keywords>
      <text FeatureID="-1">聆聽用耳機設定</text>
      <target FeatureID="-1" href="SET_HLP_ACCESSORIES_HEADPHONE.html">聆聽用耳機設定</target>
   </keywords>
   <keywords>
      <text FeatureID="-1">通話用耳機設定</text>
      <target FeatureID="-1" href="SET_HLP_ACCESSORIES_HEADSET.html">通話用耳機設定</target>
   </keywords>
   <keywords>
      <text FeatureID="-1">有線車用配件設定</text>
      <target FeatureID="-1" href="SET_HLP_ACCESS_WIRED_CK.html">有線車用配件設定</target>
   </keywords>
   <keywords>
      <text FeatureID="-1">車用配件設定</text>
      <target FeatureID="-1" href="SET_HLP_ACCESS_WIRED_CK.html">有線車用配件設定</target>
   </keywords>
   <keywords>
      <text FeatureID="-1">音樂充電座設定</text>
      <target FeatureID="-1" href="SET_HLP_ACCESSORIES_MUSIC_ST.html">音樂充電座設定</target>
   </keywords>
   <keywords>
      <text FeatureID="true_1032">TTY 設定</text>
      <target FeatureID="true_1032" href="SET_HLP_ACCESSORIES_TTY.html">聽障通訊器設定</target>
   </keywords>
   <keywords>
      <text FeatureID="true_1032">TDD 設定</text>
      <target FeatureID="true_1032" href="SET_HLP_ACCESSORIES_TTY.html">聽障通訊器設定</target>
   </keywords>
   <keywords>
      <text FeatureID="true_1540">電視輸出設定</text>
      <target FeatureID="true_1540" href="SET_HLP_ACCESSORIES_TVOUT.html">電視輸出設定</target>
   </keywords>
   <keywords>
      <text FeatureID="true_410">文字輸入</text>
      <target FeatureID="true_410" href="PREDINPUT_HLP_VIRTUAL_ITI_SETTINGS.html">輸入設定</target>
   </keywords>
   <keywords>
      <text FeatureID="-1">智慧輸入法</text>
      <target FeatureID="-1" href="PREDINPUT_HLP_VIRTUAL_ITI.html">智慧輸入法</target>
   </keywords>
   <keywords>
      <text FeatureID="-1">設定, 還原</text>
      <target FeatureID="-1" href="SET_HLP_GENERAL_ORIG_SET.html">還原原始設定</target>
   </keywords>
   <keywords>
      <text FeatureID="-1">還原設定</text>
      <target FeatureID="-1" href="SET_HLP_GENERAL_ORIG_SET.html">還原原始設定</target>
   </keywords>
   <keywords>
      <text FeatureID="-1">原廠設定、還原</text>
      <target FeatureID="-1" href="SET_HLP_GENERAL_ORIG_SET.html">還原原始設定</target>
   </keywords>
</keywords>