<?xml version="1.0" encoding="UTF-8"?>
<keywords>
   <keywords>
      <text FeatureID="-1">hodiny, buzení</text>
      <target FeatureID="-1" href="CLK_HLP_ALARM_EDITOR.html">Editor buzení</target>
      <target FeatureID="-1" href="CLK_HLP_REAL_TIME_CLOCK_IN.html">Hlavní zobrazení hodin</target>
   </keywords>
   <keywords>
      <text FeatureID="-1">budík</text>
      <target FeatureID="-1" href="CLK_HLP_ALARM_EDITOR.html">Editor buzení</target>
      <target FeatureID="-1" href="CLK_HLP_REAL_TIME_CLOCK_IN.html">Hlavní zobrazení hodin</target>
   </keywords>
   <keywords>
      <text FeatureID="-1">hodiny</text>
      <target FeatureID="-1" href="CLK_HLP_CNTDWN.html">Odpočítávání času</target>
      <target FeatureID="-1" href="CLK_HLP_WRLD_CLK.html">Světové hodiny</target>
   </keywords>
   <keywords>
      <text FeatureID="-1">měřiče</text>
      <target FeatureID="-1" href="CLK_HLP_CNTDWN.html">Odpočítávání času</target>
   </keywords>
   <keywords>
      <text FeatureID="-1">datum a čas, nastavení</text>
      <target FeatureID="-1" href="CLK_HLP_SETTINGS.html">Datum a čas, nastavení</target>
   </keywords>
   <keywords>
      <text FeatureID="-1">hodiny, nastavení</text>
      <target FeatureID="-1" href="CLK_HLP_SETTINGS.html">Datum a čas, nastavení</target>
   </keywords>
   <keywords>
      <text FeatureID="-1">hodiny, časová pásma</text>
      <target FeatureID="-1" href="CLK_HLP_REAL_TIME_CLOCK_AN.html">Místní čas</target>
   </keywords>
   <keywords>
      <text FeatureID="-1">místní čas a pásmo</text>
      <target FeatureID="-1" href="CLK_HLP_REAL_TIME_CLOCK_AN.html">Místní čas</target>
   </keywords>
   <keywords>
      <text FeatureID="-1">stopky</text>
      <target FeatureID="-1" href="CCLK_HLP_STPWTCH.html">Stopky</target>
   </keywords>
   <keywords>
      <text FeatureID="-1">městské hodiny</text>
      <target FeatureID="-1" href="CLK_HLP_WRLD_CLK.html">Světové hodiny</target>
   </keywords>
   <keywords>
      <text FeatureID="-1">světové hodiny</text>
      <target FeatureID="-1" href="CLK_HLP_WRLD_CLK.html">Světové hodiny</target>
   </keywords>
</keywords>