<?xml version="1.0" encoding="UTF-8"?>
<keywords>
   <keywords>
      <text FeatureID="-1">helymeghat. módszerek</text>
      <target FeatureID="-1" href="LOC_HLP_SETTINGS.html">Helymeghatározási beállítások</target>
   </keywords>
   <keywords>
      <text FeatureID="-1">helymeghat. szerverek</text>
      <target FeatureID="-1" href="LOC_HLP_SETTINGS.html">Helymeghatározási beállítások</target>
   </keywords>
   <keywords>
      <text FeatureID="-1">jelölési beállítások</text>
      <target FeatureID="-1" href="LOC_HLP_SETTINGS.html">Helymeghatározási beállítások</target>
   </keywords>
</keywords>