<?xml version="1.0" encoding="UTF-8"?>
<keywords>
   <keywords>
      <text FeatureID="true_298">vastaaja</text>
      <target FeatureID="true_298" href="SMSVO_HLP_CS_VIDEO_AND_XSP_VOIP.html">Ääni-, video- ja Internet-puhelujen vastaaja</target>
      <target FeatureID="true_298" href="SMSVO_HLP_CS_VIDEO_AND_XSP_VOIP.html">Ääni-, video- ja Internet-puhelujen vastaaja</target>
   </keywords>
   <keywords>
      <text FeatureID="true_298">Internet-puhelujen vastaaja</text>
      <target FeatureID="true_298" href="SMSVO_HLP_CS_VIDEO_AND_XSP_VOIP.html">Ääni-, video- ja Internet-puhelujen vastaaja</target>
   </keywords>
   <keywords>
      <text FeatureID="-1">Internet-puhelut</text>
      <target FeatureID="-1" href="VOIP_HLP_CSC.html">Internet-asetukset</target>
      <target FeatureID="true_298" href="VOIP_HLP_SERVCATALOG.html">Palvelukatalogi</target>
      <target FeatureID="-1" href="SERVTAB_HLP_SETTINGS.html">Palveluvälilehden asetukset</target>
   </keywords>
</keywords>