<?xml version="1.0" encoding="UTF-8"?>
<keywords>
   <keywords>
      <text FeatureID="-1">contenido para compartir</text>
      <target FeatureID="-1" href="UPNP_HLP_SHARE_CONTENT.html">Seleccionar contenido para compartir</target>
   </keywords>
   <keywords>
      <text FeatureID="-1">material multimedia propio</text>
      <target FeatureID="-1" href="UPNP_HLP_SHARE_CONTENT.html">Seleccionar contenido para compartir</target>
      <target FeatureID="-1" href="UPNP_HLP_SHARING_PROP.html">Ajustes de uso compartido</target>
      <target FeatureID="-1" href="UPNP_HLP_MAIN_VIEW.html">Soporte propio</target>
      <target FeatureID="-1" href="UPNP_HLP_MAIN_EXTERNAL.html">Dispositivos multimedia propios</target>
      <target FeatureID="-1" href="UPNP_HLP_CONTENT_VIEW.html">Archivos multimedia propios</target>
      <target FeatureID="-1" href="UPNP_HLP_REMOTE_DEVICES.html">Carpetas multimedia propias</target>
      <target FeatureID="-1" href="UPNP_HLP_SEARCH.html">Resultados de la búsqueda</target>
   </keywords>
   <keywords>
      <text FeatureID="-1">compartir imágenes y vídeos</text>
      <target FeatureID="-1" href="UPNP_HLP_SHARE_CONTENT.html">Seleccionar contenido para compartir</target>
   </keywords>
   <keywords>
      <text FeatureID="-1">compartir archivos multimedia</text>
      <target FeatureID="-1" href="UPNP_HLP_SHARING_PROP.html">Ajustes de uso compartido</target>
      <target FeatureID="-1" href="UPNP_HLP_MAIN_VIEW.html">Soporte propio</target>
      <target FeatureID="-1" href="UPNP_HLP_MAIN_EXTERNAL.html">Dispositivos multimedia propios</target>
      <target FeatureID="-1" href="UPNP_HLP_CONTENT_VIEW.html">Archivos multimedia propios</target>
      <target FeatureID="-1" href="UPNP_HLP_REMOTE_DEVICES.html">Carpetas multimedia propias</target>
      <target FeatureID="-1" href="UPNP_HLP_SEARCH.html">Resultados de la búsqueda</target>
   </keywords>
   <keywords>
      <text FeatureID="-1">visualizar archivos en dispositivo remoto</text>
      <target FeatureID="-1" href="UPNP_HLP_SHARING_PROP.html">Ajustes de uso compartido</target>
      <target FeatureID="-1" href="UPNP_HLP_MAIN_VIEW.html">Soporte propio</target>
      <target FeatureID="-1" href="UPNP_HLP_MAIN_EXTERNAL.html">Dispositivos multimedia propios</target>
      <target FeatureID="-1" href="UPNP_HLP_CONTENT_VIEW.html">Archivos multimedia propios</target>
      <target FeatureID="-1" href="UPNP_HLP_REMOTE_DEVICES.html">Carpetas multimedia propias</target>
      <target FeatureID="-1" href="UPNP_HLP_SEARCH.html">Resultados de la búsqueda</target>
   </keywords>
   <keywords>
      <text FeatureID="-1">propiedades de uso compartido</text>
      <target FeatureID="-1" href="UPNP_HLP_SHARING_PROP.html">Ajustes de uso compartido</target>
   </keywords>
</keywords>