<?xml version="1.0" encoding="UTF-8"?>
<keywords>
   <keywords>
      <text FeatureID="-1">Quickoffice, pengurus fail</text>
      <target FeatureID="-1" href="QFM_HLP_FILE_MENU.html">Pengurus fail</target>
   </keywords>
   <keywords>
      <text FeatureID="-1">Quickoffice</text>
      <target FeatureID="-1" href="QFM_HLP_LOC_MENU.html">Quickoffice</target>
   </keywords>
   <keywords>
      <text FeatureID="-1">Quickpoint</text>
      <target FeatureID="-1" href="QPOINT_HLP_EDIT_SLIDE_VIEW.html">Edit slaid</target>
      <target FeatureID="-1" href="QPOINT_HLP_REPLACE_VIEW.html">Cari dan gantikan teks</target>
      <target FeatureID="-1" href="QPOINT_HLP_FIND_VIEW.html">Cari teks</target>
      <target FeatureID="-1" href="QPOINT_HLP_VIEW_SLIDE_VIEW.html">Lihat slaid</target>
   </keywords>
   <keywords>
      <text FeatureID="-1">Quickpoint, teks</text>
      <target FeatureID="-1" href="QPOINT_HLP_EDIT_TEXT_VIEW.html">Edit teks</target>
   </keywords>
   <keywords>
      <text FeatureID="-1">Quickpoint, komen</text>
      <target FeatureID="-1" href="QPOINT_HLP_COMMENT_VIEW.html">Lihat komen</target>
   </keywords>
   <keywords>
      <text FeatureID="-1">Quickpoint, nota</text>
      <target FeatureID="-1" href="QPOINT_HLP_VIEW_NOTES_VIEW.html">Lihat nota</target>
   </keywords>
   <keywords>
      <text FeatureID="-1">Quickpoint, rangka</text>
      <target FeatureID="-1" href="QPOINT_HLP_VIEW_OUTLINE_VIEW.html">Lihat rangka</target>
   </keywords>
   <keywords>
      <text FeatureID="-1">Quicksheet, sel</text>
      <target FeatureID="-1" href="QSHEET_HLP_CELLS_EDIT.html">Edit sel</target>
      <target FeatureID="-1" href="QSHEET_HLP_VIEW_CELL.html">Lihat sel</target>
   </keywords>
   <keywords>
      <text FeatureID="-1">Quicksheet, lajur</text>
      <target FeatureID="-1" href="QSHEET_HLP_EDIT_COLUMN.html">Edit lajur</target>
   </keywords>
   <keywords>
      <text FeatureID="-1">Quicksheet, lingkungan</text>
      <target FeatureID="-1" href="QSHEET_HLP_EDIT_RANGE.html">Edit lingkungan</target>
   </keywords>
   <keywords>
      <text FeatureID="-1">Quicksheet, baris</text>
      <target FeatureID="-1" href="QSHEET_HLP_EDIT_ROW.html">Edit baris</target>
   </keywords>
   <keywords>
      <text FeatureID="-1">Quicksheet</text>
      <target FeatureID="-1" href="QSHEET_HLP_REPLACE_VIEW.html">Cari dan gantikan teks</target>
      <target FeatureID="-1" href="QSHEET_HLP_FIND_VIEW.html">Cari teks</target>
      <target FeatureID="-1" href="QSHEET_HLP_CELLS_VIEW.html">Lihat hamparan</target>
   </keywords>
   <keywords>
      <text FeatureID="-1">Quickword</text>
      <target FeatureID="-1" href="QWORD_HLP_EDIT_MODE.html">Edit dokumen</target>
      <target FeatureID="-1" href="QWORD_HLP_FIND_MODE.html">Cari dan gantikan teks</target>
      <target FeatureID="-1" href="QWORD_HLP_VIEW_MODE.html">Lihat dokumen</target>
      <target FeatureID="-1" href="QWORD_HLP_PAGE_VIEW.html">Lihat susun atur halaman</target>
   </keywords>
</keywords>