<?xml version="1.0" encoding="UTF-8"?>
<keywords>
   <keywords>
      <text FeatureID="-1">vidarebefordra meddelanden</text>
      <target FeatureID="-1" href="MMS_HLP_MMS_FWD_REQUEST.html">Vidarebefordra MMS</target>
   </keywords>
   <keywords>
      <text FeatureID="-1">mms-meddelanden</text>
      <target FeatureID="-1" href="MMS_HLP_MMS_FWD_REQUEST_SEND.html">Vidarebefordran i Skickade filer</target>
   </keywords>
   <keywords>
      <text FeatureID="-1">meddelande om mms</text>
      <target FeatureID="-1" href="MMS_HLP_NOTIFICATION_VIEWER.html">Meddelande om MMS</target>
   </keywords>
   <keywords>
      <text FeatureID="-1">mediaobjekt</text>
      <target FeatureID="-1" href="MMS_HLP_OBJECTS_VIEW_VIEWER.html">Visa mediaobjekt</target>
   </keywords>
   <keywords>
      <text FeatureID="-1">mms­objekt</text>
      <target FeatureID="-1" href="MMS_HLP_OBJECTS_VIEW_VIEWER.html">Visa mediaobjekt</target>
   </keywords>
   <keywords>
      <text FeatureID="-1">multimediemeddelanden</text>
      <target FeatureID="-1" href="MMS_HLP_MMS_VIEWER.html">Visa mms-meddelanden</target>
   </keywords>
   <keywords>
      <text FeatureID="-1">MMS</text>
      <target FeatureID="-1" href="MMS_HLP_MMS_VIEWER.html">Visa mms-meddelanden</target>
   </keywords>
</keywords>