<?xml version="1.0" encoding="UTF-8"?>
<keywords>
   <keywords>
      <text FeatureID="-1">catégories de repères</text>
      <target FeatureID="-1" href="LM_HLP_LM_BY_CATEGORY.html">Catégories de repères</target>
      <target FeatureID="-1" href="LM_HLP_EDIT_CATEGORIES.html">Modifier les catégories de repères</target>
   </keywords>
   <keywords>
      <text FeatureID="-1">Points de repère</text>
      <target FeatureID="-1" href="LM_HLP_LM_BY_NAME.html">Affichage des repères par nom</target>
      <target FeatureID="-1" href="LM_HLP_CATEGORY_CONTENTS.html">Repères de catégories</target>
      <target FeatureID="-1" href="LM_HLP_LM_VIEWER.html">Repères en détail</target>
   </keywords>
   <keywords>
      <text FeatureID="-1">modification des repères</text>
      <target FeatureID="-1" href="LM_HLP_LM_EDITOR.html">Modifier le repère</target>
   </keywords>
</keywords>