<?xml version="1.0" encoding="UTF-8"?><?xml-stylesheet  href="../../theme/xsl/index2html.xslt" type="text/xsl"?>
<topics FeatureID="-1" title="Messagerie instantanée" compressed="true">
   <topicref FeatureID="-1" href="IMNG_HLP_SEARCHCHAT.html" navtitle="Rechercher les utilisateurs MI"/>
   <topicref FeatureID="-1" href="IMNG_HLP_SAVED_VIEW.html" navtitle="Afficher les conversations enregistrées"/>
   <topicref FeatureID="-1" href="IMNG_HLP_SAVED_LIST.html" navtitle="Conversations enregistrées"/>
   <topicref FeatureID="-1" href="IMNG_HLP_IMCHAT.html" navtitle="Conversation groupe"/>
   <topicref FeatureID="-1" href="IMNG_HLP_GROUP_EDIT.html" navtitle="Droits modif. de groupe"/>
   <topicref FeatureID="-1" href="IMNG_HLP_GROUP_BAN.html" navtitle="Bannissement d'utilisateurs de MI de groupes"/>
   <topicref FeatureID="-1" href="IMNG_HLP_CONT_OWN_DATA.html" navtitle="Mes données"/>
   <topicref FeatureID="-1" href="IMNG_HLP_COMMUNITY_VIEW_EMPTY.html" navtitle="Commencer à utiliser la MI"/>
   <topicref FeatureID="-1" href="IMNG_HLP_COMMUNITY_VIEW.html" navtitle="Messagerie instantanée"/>
   <topicref FeatureID="-1" href="IMNG_HLP_BLOCKED_VIEW.html" navtitle="Contacts bloqués"/>
   <topicref FeatureID="-1" href="IMNG_HLP_SETTINGS.html" navtitle="Paramètres de MI"/>
   <topicref FeatureID="-1" href="IMNG_HLP_SERVLISTSETT_IM.html" navtitle="Serveurs de MI"/>
   <topicref FeatureID="-1" href="IMNG_HLP_DEFSERVER.html" navtitle="Paramètres de serveur de MI"/>
   <topicref FeatureID="-1" href="IMNG_HLP_INVITE.html" navtitle="Invitations de MI"/>
   <topicref FeatureID="-1" href="IMNG_HLP_CREATECHAT.html" navtitle="Paramètres de groupe de MI"/>
   <topicref FeatureID="-1" href="IMNG_HLP_ACCLIST.html" navtitle="Membres de groupes MI"/>
   <topicref FeatureID="-1" href="IMNG_HLP_CONVERSATIONS.html" navtitle="Conversations de MI"/>
   <topicref FeatureID="-1" href="IMNG_HLP_CONTACTDETAILS.html" navtitle="Détails contact MI"/>
   <topicref FeatureID="-1" href="IMNG_HLP_APPSETT.html" navtitle="Paramètres application MI"/>
</topics>