<?xml version="1.0" encoding="UTF-8"?>
<keywords>
   <keywords>
      <text FeatureID="-1">recherche d'utilisateurs MI</text>
      <target FeatureID="-1" href="IMNG_HLP_SEARCHCHAT.html">Rechercher les utilisateurs MI</target>
   </keywords>
   <keywords>
      <text FeatureID="-1">messagerie instantanée</text>
      <target FeatureID="-1" href="IMNG_HLP_SEARCHCHAT.html">Rechercher les utilisateurs MI</target>
      <target FeatureID="-1" href="IMNG_HLP_SAVED_VIEW.html">Afficher les conversations enregistrées</target>
      <target FeatureID="-1" href="IMNG_HLP_SAVED_LIST.html">Conversations enregistrées</target>
      <target FeatureID="-1" href="IMNG_HLP_GROUP_EDIT.html">Droits modif. de groupe</target>
      <target FeatureID="-1" href="IMNG_HLP_GROUP_BAN.html">Bannissement d'utilisateurs de MI de groupes</target>
      <target FeatureID="-1" href="IMNG_HLP_CONT_OWN_DATA.html">Mes données</target>
      <target FeatureID="-1" href="IMNG_HLP_COMMUNITY_VIEW_EMPTY.html">Commencer à utiliser la MI</target>
      <target FeatureID="-1" href="IMNG_HLP_COMMUNITY_VIEW.html">Messagerie instantanée</target>
      <target FeatureID="-1" href="IMNG_HLP_CREATECHAT.html">Paramètres de groupe de MI</target>
      <target FeatureID="-1" href="IMNG_HLP_ACCLIST.html">Membres de groupes MI</target>
      <target FeatureID="-1" href="IMNG_HLP_CONVERSATIONS.html">Conversations de MI</target>
      <target FeatureID="-1" href="IMNG_HLP_APPSETT.html">Paramètres application MI</target>
   </keywords>
   <keywords>
      <text FeatureID="-1">recherche de groupes MI</text>
      <target FeatureID="-1" href="IMNG_HLP_SEARCHCHAT.html">Rechercher les utilisateurs MI</target>
   </keywords>
   <keywords>
      <text FeatureID="-1">conversations enregistrées</text>
      <target FeatureID="-1" href="IMNG_HLP_SAVED_LIST.html">Conversations enregistrées</target>
   </keywords>
   <keywords>
      <text FeatureID="-1">MI (messagerie instantanée)</text>
      <target FeatureID="-1" href="IMNG_HLP_IMCHAT.html">Conversation groupe</target>
   </keywords>
   <keywords>
      <text FeatureID="-1">se joindre à des groupes MI</text>
      <target FeatureID="-1" href="IMNG_HLP_IMCHAT.html">Conversation groupe</target>
   </keywords>
   <keywords>
      <text FeatureID="-1">droits de modification</text>
      <target FeatureID="-1" href="IMNG_HLP_GROUP_EDIT.html">Droits modif. de groupe</target>
   </keywords>
   <keywords>
      <text FeatureID="-1">liste util. interdits</text>
      <target FeatureID="-1" href="IMNG_HLP_GROUP_BAN.html">Bannissement d'utilisateurs de MI de groupes</target>
   </keywords>
   <keywords>
      <text FeatureID="-1">Membres de groupes MI</text>
      <target FeatureID="-1" href="IMNG_HLP_GROUP_BAN.html">Bannissement d'utilisateurs de MI de groupes</target>
      <target FeatureID="-1" href="IMNG_HLP_ACCLIST.html">Membres de groupes MI</target>
   </keywords>
   <keywords>
      <text FeatureID="-1">Contacts de MI</text>
      <target FeatureID="-1" href="IMNG_HLP_CONT_OWN_DATA.html">Mes données</target>
      <target FeatureID="-1" href="IMNG_HLP_BLOCKED_VIEW.html">Contacts bloqués</target>
      <target FeatureID="-1" href="IMNG_HLP_CONTACTDETAILS.html">Détails contact MI</target>
   </keywords>
   <keywords>
      <text FeatureID="-1">MI</text>
      <target FeatureID="-1" href="IMNG_HLP_COMMUNITY_VIEW_EMPTY.html">Commencer à utiliser la MI</target>
      <target FeatureID="-1" href="IMNG_HLP_COMMUNITY_VIEW.html">Messagerie instantanée</target>
      <target FeatureID="-1" href="IMNG_HLP_CONVERSATIONS.html">Conversations de MI</target>
   </keywords>
   <keywords>
      <text FeatureID="-1">contacts MI bloqués</text>
      <target FeatureID="-1" href="IMNG_HLP_BLOCKED_VIEW.html">Contacts bloqués</target>
   </keywords>
   <keywords>
      <text FeatureID="-1">Paramètres de MI</text>
      <target FeatureID="-1" href="IMNG_HLP_SETTINGS.html">Paramètres de MI</target>
      <target FeatureID="-1" href="IMNG_HLP_APPSETT.html">Paramètres application MI</target>
   </keywords>
   <keywords>
      <text FeatureID="-1">Serveurs de MI</text>
      <target FeatureID="-1" href="IMNG_HLP_SERVLISTSETT_IM.html">Serveurs de MI</target>
   </keywords>
   <keywords>
      <text FeatureID="-1">Paramètres de serveur de MI</text>
      <target FeatureID="-1" href="IMNG_HLP_DEFSERVER.html">Paramètres de serveur de MI</target>
   </keywords>
   <keywords>
      <text FeatureID="-1">paramètres de serveur</text>
      <target FeatureID="-1" href="IMNG_HLP_DEFSERVER.html">Paramètres de serveur de MI</target>
   </keywords>
   <keywords>
      <text FeatureID="-1">invitations</text>
      <target FeatureID="-1" href="IMNG_HLP_INVITE.html">Invitations de MI</target>
   </keywords>
   <keywords>
      <text FeatureID="-1">Paramètres de groupe de MI</text>
      <target FeatureID="-1" href="IMNG_HLP_CREATECHAT.html">Paramètres de groupe de MI</target>
   </keywords>
   <keywords>
      <text FeatureID="-1">conversa­tions</text>
      <target FeatureID="-1" href="IMNG_HLP_CONVERSATIONS.html">Conversations de MI</target>
   </keywords>
   <keywords>
      <text FeatureID="-1">Messagerie instantanée</text>
      <target FeatureID="-1" href="IMNG_HLP_CONTACTDETAILS.html">Détails contact MI</target>
   </keywords>
</keywords>