<?xml version="1.0" encoding="UTF-8"?>
<keywords>
   <keywords>
      <text FeatureID="-1">personnaliser les profils</text>
      <target FeatureID="-1" href="MODE_HLP_PERSONALISE.html">Personnaliser les profils</target>
   </keywords>
   <keywords>
      <text FeatureID="-1">paramètres de sonneries</text>
      <target FeatureID="-1" href="SET_HLP_PERSONAL_TONES.html">Paramètres de sonneries</target>
   </keywords>
   <keywords>
      <text FeatureID="-1">sonneries</text>
      <target FeatureID="-1" href="SET_HLP_PERSONAL_TONES.html">Paramètres de sonneries</target>
   </keywords>
   <keywords>
      <text FeatureID="-1">profils</text>
      <target FeatureID="-1" href="MODE_HLP_PROFILES_LIST.html">Profils</target>
   </keywords>
   <keywords>
      <text FeatureID="-1">changer de profils</text>
      <target FeatureID="-1" href="MODE_HLP_PROFILES_LIST.html">Profils</target>
   </keywords>
</keywords>