<?xml version="1.0" encoding="UTF-8"?><?xml-stylesheet  href="../../theme/xsl/index2html.xslt" type="text/xsl"?>
<topics FeatureID="-1" title="Üzenetek" compressed="true">
   <topicref FeatureID="-1" href="MCE_HLP_MESSAGING.html" navtitle="Üzenetközpont"/>
   <topicref FeatureID="-1" href="MCE_HLP_SIM.html" navtitle="SIM-üzenetek megtekintése"/>
   <topicref FeatureID="-1" href="MCE_HLP_SETTINGS.html" navtitle="Üzenetek beállításai"/>
   <topicref FeatureID="-1" href="MCE_HLP_SETTINGS_SMS.html" navtitle="Szövegesüz.-beállítások"/>
   <topicref FeatureID="-1" href="SMS_HLP_SETTINGS_SCENTRES.html" navtitle="Szövegesüz.-közp. beáll."/>
   <topicref FeatureID="-1" href="SMS_HLP_SETTINGS_SCENTRES_EDIT.html" navtitle="Szövegesüzenet-központok szerkesztése"/>
   <topicref FeatureID="true_1092" href="SMS_HLP_SETTINGS_SMS_EMAIL.html" navtitle="Szöv. üze. e-mail beállításai"/>
   <topicref FeatureID="-1" href="MCE_HLP_SETTINGS_MMS.html" navtitle="Multimédia üzenetek beállításai"/>
   <topicref FeatureID="true_1090" href="MCE_HLP_SETTINGS_CB.html" navtitle="Hálózati hírek beállításai"/>
   <topicref FeatureID="-1" href="MCE_HLP_SETTINGS_GEN.html" navtitle="Egyéb beállítások"/>
   <topicref FeatureID="-1" href="MCE_HLP_INBOX.html" navtitle="Bejövő mappa"/>
   <topicref FeatureID="-1" href="MCE_HLP_DOCUMENTS.html" navtitle="Saját mappák"/>
   <topicref FeatureID="-1" href="MCE_HLP_TEMPLATES.html" navtitle="Üzenetsablonok"/>
   <topicref FeatureID="-1" href="MCE_HLP_FOLDER.html" navtitle="Üzenetek rendszerezése"/>
   <topicref FeatureID="-1" href="MCE_HLP_DRAFTS.html" navtitle="Piszkozatok"/>
   <topicref FeatureID="-1" href="MCE_HLP_SENT_ITEMS.html" navtitle="Elküldött üzenetek"/>
   <topicref FeatureID="-1" href="MCE_HLP_OUTBOX.html" navtitle="Kimenő mappa"/>
   <topicref FeatureID="-1" href="MCE_HLP_DELIVERY_REPORTS.html" navtitle="Kézbesítési jelentés"/>
   <topicref FeatureID="true_1132" href="MCE_HLP_MMS_NOTIFICATIONS.html" navtitle="Multimédia értesítések"/>
   <topicref FeatureID="-1" href="FIND_HLP.html" navtitle="Számok és címek keresése"/>
</topics>