<?xml version="1.0" encoding="UTF-8"?>
<keywords>
   <keywords>
      <text FeatureID="-1">üzenetek küldése</text>
      <target FeatureID="-1" href="MCE_HLP_MESSAGING.html">Üzenetközpont</target>
      <target FeatureID="-1" href="MCE_HLP_OUTBOX.html">Kimenő mappa</target>
   </keywords>
   <keywords>
      <text FeatureID="-1">üzenetek fogadása</text>
      <target FeatureID="-1" href="MCE_HLP_MESSAGING.html">Üzenetközpont</target>
      <target FeatureID="-1" href="MCE_HLP_INBOX.html">Bejövő mappa</target>
   </keywords>
   <keywords>
      <text FeatureID="-1">SIM-üzenetek</text>
      <target FeatureID="-1" href="MCE_HLP_SIM.html">SIM-üzenetek megtekintése</target>
   </keywords>
   <keywords>
      <text FeatureID="-1">üzenetek a SIM-kártyán</text>
      <target FeatureID="-1" href="MCE_HLP_SIM.html">SIM-üzenetek megtekintése</target>
   </keywords>
   <keywords>
      <text FeatureID="-1">üzenetek beállításai</text>
      <target FeatureID="-1" href="MCE_HLP_SETTINGS.html">Üzenetek beállításai</target>
      <target FeatureID="-1" href="MCE_HLP_SETTINGS_GEN.html">Egyéb beállítások</target>
   </keywords>
   <keywords>
      <text FeatureID="-1">SMS-beállítások</text>
      <target FeatureID="-1" href="MCE_HLP_SETTINGS_SMS.html">Szövegesüz.-beállítások</target>
   </keywords>
   <keywords>
      <text FeatureID="-1">szövegesüz.-beállítások</text>
      <target FeatureID="-1" href="MCE_HLP_SETTINGS_SMS.html">Szövegesüz.-beállítások</target>
      <target FeatureID="-1" href="SMS_HLP_SETTINGS_SCENTRES.html">Szövegesüz.-közp. beáll.</target>
      <target FeatureID="-1" href="SMS_HLP_SETTINGS_SCENTRES_EDIT.html">Szövegesüzenet-központok szerkesztése</target>
   </keywords>
   <keywords>
      <text FeatureID="-1">üz.közp. beállításai</text>
      <target FeatureID="-1" href="SMS_HLP_SETTINGS_SCENTRES.html">Szövegesüz.-közp. beáll.</target>
      <target FeatureID="-1" href="SMS_HLP_SETTINGS_SCENTRES_EDIT.html">Szövegesüzenet-központok szerkesztése</target>
   </keywords>
   <keywords>
      <text FeatureID="-1">SMS-központ beállításai</text>
      <target FeatureID="-1" href="SMS_HLP_SETTINGS_SCENTRES.html">Szövegesüz.-közp. beáll.</target>
   </keywords>
   <keywords>
      <text FeatureID="true_1092">szöv. üz. e-mail</text>
      <target FeatureID="true_1092" href="SMS_HLP_SETTINGS_SMS_EMAIL.html">Szöv. üze. e-mail beállításai</target>
   </keywords>
   <keywords>
      <text FeatureID="true_1092">sms e-mail beállításai</text>
      <target FeatureID="true_1092" href="SMS_HLP_SETTINGS_SMS_EMAIL.html">Szöv. üze. e-mail beállításai</target>
   </keywords>
   <keywords>
      <text FeatureID="-1">MMS-beállítások</text>
      <target FeatureID="-1" href="MCE_HLP_SETTINGS_MMS.html">Multimédia üzenetek beállításai</target>
   </keywords>
   <keywords>
      <text FeatureID="true_1090">hálózati hírek beállításai</text>
      <target FeatureID="true_1090" href="MCE_HLP_SETTINGS_CB.html">Hálózati hírek beállításai</target>
   </keywords>
   <keywords>
      <text FeatureID="-1">bejövő</text>
      <target FeatureID="-1" href="MCE_HLP_INBOX.html">Bejövő mappa</target>
   </keywords>
   <keywords>
      <text FeatureID="-1">saját mappák</text>
      <target FeatureID="-1" href="MCE_HLP_DOCUMENTS.html">Saját mappák</target>
   </keywords>
   <keywords>
      <text FeatureID="-1">üzenetek tárolása</text>
      <target FeatureID="-1" href="MCE_HLP_DOCUMENTS.html">Saját mappák</target>
   </keywords>
   <keywords>
      <text FeatureID="-1">küldési sablonok</text>
      <target FeatureID="-1" href="MCE_HLP_TEMPLATES.html">Üzenetsablonok</target>
   </keywords>
   <keywords>
      <text FeatureID="-1">üzenetsablonok</text>
      <target FeatureID="-1" href="MCE_HLP_TEMPLATES.html">Üzenetsablonok</target>
   </keywords>
   <keywords>
      <text FeatureID="-1">üzenetek rendszerezése</text>
      <target FeatureID="-1" href="MCE_HLP_FOLDER.html">Üzenetek rendszerezése</target>
   </keywords>
   <keywords>
      <text FeatureID="-1">piszkozat mentése</text>
      <target FeatureID="-1" href="MCE_HLP_DRAFTS.html">Piszkozatok</target>
   </keywords>
   <keywords>
      <text FeatureID="-1">piszkozatok</text>
      <target FeatureID="-1" href="MCE_HLP_DRAFTS.html">Piszkozatok</target>
   </keywords>
   <keywords>
      <text FeatureID="-1">elküldött üzenetek</text>
      <target FeatureID="-1" href="MCE_HLP_SENT_ITEMS.html">Elküldött üzenetek</target>
   </keywords>
   <keywords>
      <text FeatureID="-1">kimenő üz. mappa megtekintése</text>
      <target FeatureID="-1" href="MCE_HLP_OUTBOX.html">Kimenő mappa</target>
   </keywords>
   <keywords>
      <text FeatureID="-1">kézbesítési jelentés</text>
      <target FeatureID="-1" href="MCE_HLP_DELIVERY_REPORTS.html">Kézbesítési jelentés</target>
   </keywords>
   <keywords>
      <text FeatureID="true_1132">MMS-értesítések</text>
      <target FeatureID="true_1132" href="MCE_HLP_MMS_NOTIFICATIONS.html">Multimédia értesítések</target>
   </keywords>
</keywords>