<?xml version="1.0" encoding="UTF-8"?>
<keywords>
   <keywords>
      <text FeatureID="true_1091">Editor USSD</text>
      <target FeatureID="true_1091" href="USSD_HLP_EDITOR.html">Perintah layanan</target>
   </keywords>
   <keywords>
      <text FeatureID="true_1091">perintah layanan</text>
      <target FeatureID="true_1091" href="USSD_HLP_EDITOR.html">Perintah layanan</target>
   </keywords>
   <keywords>
      <text FeatureID="true_1091">layanan jaringan</text>
      <target FeatureID="true_1091" href="USSD_HLP_EDITOR.html">Perintah layanan</target>
   </keywords>
</keywords>