<?xml version="1.0" encoding="UTF-8"?>
<keywords>
   <keywords>
      <text FeatureID="true_13 true_1566">кабельне з’єднання USB</text>
      <target FeatureID="true_13" href="USB_HLP_MAIN.html">Установки USB</target>
      <target FeatureID="true_1566" href="USB_HLP_PRINT_SETTINGS.html">Установки принтера</target>
   </keywords>
   <keywords>
      <text FeatureID="true_13">кабельне з’єднання</text>
      <target FeatureID="true_13" href="USB_HLP_MAIN.html">Установки USB</target>
   </keywords>
   <keywords>
      <text FeatureID="true_1566">друк</text>
      <target FeatureID="true_1566" href="USB_HLP_PRINT_SETTINGS.html">Установки принтера</target>
   </keywords>
   <keywords>
      <text FeatureID="true_1566">установки, принтер</text>
      <target FeatureID="true_1566" href="USB_HLP_PRINT_SETTINGS.html">Установки принтера</target>
   </keywords>
</keywords>