<?xml version="1.0" encoding="UTF-8"?><?xml-stylesheet  href="../../theme/xsl/index2html.xslt" type="text/xsl"?>
<topics FeatureID="-1" title="个性化选择" compressed="true">
   <topicref FeatureID="-1" href="SKINS_HLP_LIST.html" navtitle="通用主题模式"/>
   <topicref FeatureID="-1" href="SCREENSAVER_HLP_WP_SETTINGS.html" navtitle="幻灯片壁纸设置"/>
   <topicref FeatureID="-1" href="SKINS_HLP_WP_SETTINGS.html" navtitle="壁纸设置"/>
   <topicref FeatureID="-1" href="SKINS_HLP_SCREENS_SETTINGS.html" navtitle="屏幕保护设置"/>
   <topicref FeatureID="true_1503" href="SKINS_HLP_CIMAGE_SETTINGS.html" navtitle="选择来电图像"/>
   <topicref FeatureID="-1" href="SKINS_HLP_APPSHELL.html" navtitle="功能表视图设置"/>
   <topicref FeatureID="-1" href="SKINS_HLP_APP_MAIN.html" navtitle="自定义屏幕显示"/>
   <topicref FeatureID="-1" href="SKINS_HLP_APPSKINS_LIST.html" navtitle="应用程序主题模式"/>
</topics>