<?xml version="1.0" encoding="UTF-8"?>
<keywords>
   <keywords>
      <text FeatureID="-1">主题模式</text>
      <target FeatureID="-1" href="SKINS_HLP_LIST.html">通用主题模式</target>
      <target FeatureID="-1" href="SCREENSAVER_HLP_WP_SETTINGS.html">幻灯片壁纸设置</target>
      <target FeatureID="-1" href="SKINS_HLP_WP_SETTINGS.html">壁纸设置</target>
      <target FeatureID="true_1503" href="SKINS_HLP_CIMAGE_SETTINGS.html">选择来电图像</target>
      <target FeatureID="-1" href="SKINS_HLP_APPSHELL.html">功能表视图设置</target>
      <target FeatureID="-1" href="SKINS_HLP_IDLE.html">主屏幕设置</target>
      <target FeatureID="-1" href="SKINS_HLP_APP_MAIN.html">自定义屏幕显示</target>
      <target FeatureID="-1" href="SKINS_HLP_APPSKINS_LIST.html">应用程序主题模式</target>
   </keywords>
   <keywords>
      <text FeatureID="-1">幻灯片壁纸</text>
      <target FeatureID="-1" href="SCREENSAVER_HLP_WP_SETTINGS.html">幻灯片壁纸设置</target>
   </keywords>
   <keywords>
      <text FeatureID="-1">幻灯片设置</text>
      <target FeatureID="-1" href="SCREENSAVER_HLP_WP_SETTINGS.html">幻灯片壁纸设置</target>
   </keywords>
   <keywords>
      <text FeatureID="-1">壁纸设置</text>
      <target FeatureID="-1" href="SKINS_HLP_WP_SETTINGS.html">壁纸设置</target>
   </keywords>
   <keywords>
      <text FeatureID="-1">背景图像</text>
      <target FeatureID="-1" href="SKINS_HLP_WP_SETTINGS.html">壁纸设置</target>
      <target FeatureID="-1" href="SKINS_HLP_APP_MAIN.html">自定义屏幕显示</target>
   </keywords>
   <keywords>
      <text FeatureID="-1">屏幕保护</text>
      <target FeatureID="-1" href="SKINS_HLP_SCREENS_SETTINGS.html">屏幕保护设置</target>
   </keywords>
   <keywords>
      <text FeatureID="true_1503">来电图像设置</text>
      <target FeatureID="true_1503" href="SKINS_HLP_CIMAGE_SETTINGS.html">选择来电图像</target>
   </keywords>
   <keywords>
      <text FeatureID="-1">功能表</text>
      <target FeatureID="-1" href="SKINS_HLP_APPSHELL.html">功能表视图设置</target>
   </keywords>
   <keywords>
      <text FeatureID="-1">设置, 主屏幕</text>
      <target FeatureID="-1" href="SKINS_HLP_IDLE.html">主屏幕设置</target>
   </keywords>
   <keywords>
      <text FeatureID="-1">小工具</text>
      <target FeatureID="-1" href="SKINS_HLP_IDLE.html">主屏幕设置</target>
   </keywords>
</keywords>