<?xml version="1.0" encoding="UTF-8"?>
<keywords>
   <keywords>
      <text FeatureID="-1">تنظیمات پیام خدمات</text>
      <target FeatureID="-1" href="WPUSH_HLP_SETTINGS.html">تنظیمات پیام خدمات</target>
   </keywords>
   <keywords>
      <text FeatureID="-1">پیام های انتقال داده</text>
      <target FeatureID="-1" href="WPUSH_HLP_VIEWER.html">مشاهده پیام های سرویس</target>
   </keywords>
   <keywords>
      <text FeatureID="-1">پیام های سرویس</text>
      <target FeatureID="-1" href="WPUSH_HLP_VIEWER.html">مشاهده پیام های سرویس</target>
   </keywords>
</keywords>