<?xml version="1.0" encoding="UTF-8"?>
<keywords>
   <keywords>
      <text FeatureID="-1">طرق تحديد الموقع</text>
      <target FeatureID="-1" href="LOC_HLP_SETTINGS.html">ضبط تحديد الموقع</target>
   </keywords>
   <keywords>
      <text FeatureID="-1">مركز خدمة تحديد الموقع</text>
      <target FeatureID="-1" href="LOC_HLP_SETTINGS.html">ضبط تحديد الموقع</target>
   </keywords>
   <keywords>
      <text FeatureID="-1">تفضيلات الكتابة بالرموز</text>
      <target FeatureID="-1" href="LOC_HLP_SETTINGS.html">ضبط تحديد الموقع</target>
   </keywords>
</keywords>