<?xml version="1.0" encoding="UTF-8"?>
<keywords>
   <keywords>
      <text FeatureID="-1">Billeder</text>
      <target FeatureID="-1" href="LGAL_HLP_ALBUM_LIST.html">Albummer</target>
      <target FeatureID="-1" href="LGAL_HLP_ALL_GRID.html">Gennemse alle mediefiler</target>
      <target FeatureID="-1" href="LGAL_HLP_ALBUM_GRID.html">Gennemse mediefiler i albummer</target>
      <target FeatureID="-1" href="LGAL_HLP_TAGS_GRID.html">Gennemse kodede mediefiler</target>
      <target FeatureID="-1" href="LGAL_HLP_DETAILS_VIEW.html">Få vist og redigere fildetaljer</target>
      <target FeatureID="-1" href="LGAL_HLP_TAGS_BROWSER.html">Koder</target>
      <target FeatureID="-1" href="LGAL_HLP_MONTH_FULLSCREEN.html">Få vist mediefiler efter måned</target>
      <target FeatureID="-1" href="LGAL_HLP_MONTH_GRID.html">Gennemse mediefiler efter måned</target>
      <target FeatureID="-1" href="LGAL_HLP_VIEW_LIST.html">Billeder</target>
      <target FeatureID="-1" href="LGAL_HLP_MONTH_LIST.html">Måneder</target>
      <target FeatureID="-1" href="LGAL_HLP_SLIDESHOW_SETTINGS.html">Indstillinger for diasshow</target>
      <target FeatureID="-1" href="LGAL_HLP_ALL_FULLSCREEN.html">Få vist alle mediefiler</target>
      <target FeatureID="-1" href="LGAL_HLP_ALBUM_FULLSCREEN.html">Få vist mediefiler i albummer</target>
      <target FeatureID="-1" href="LGAL_HLP_TAGS_FULLSCREEN.html">Få vist kodede mediefiler</target>
   </keywords>
   <keywords>
      <text FeatureID="-1">albummer</text>
      <target FeatureID="-1" href="LGAL_HLP_ALBUM_LIST.html">Albummer</target>
      <target FeatureID="-1" href="LGAL_HLP_ALBUM_GRID.html">Gennemse mediefiler i albummer</target>
      <target FeatureID="-1" href="LGAL_HLP_VIEW_LIST.html">Billeder</target>
      <target FeatureID="-1" href="LGAL_HLP_ALBUM_FULLSCREEN.html">Få vist mediefiler i albummer</target>
   </keywords>
   <keywords>
      <text FeatureID="-1">koder</text>
      <target FeatureID="-1" href="LGAL_HLP_TAGS_GRID.html">Gennemse kodede mediefiler</target>
      <target FeatureID="-1" href="LGAL_HLP_TAGS_BROWSER.html">Koder</target>
      <target FeatureID="-1" href="LGAL_HLP_VIEW_LIST.html">Billeder</target>
      <target FeatureID="-1" href="LGAL_HLP_TAGS_FULLSCREEN.html">Få vist kodede mediefiler</target>
   </keywords>
   <keywords>
      <text FeatureID="-1">diasshow</text>
      <target FeatureID="-1" href="LGAL_HLP_SLIDESHOW_SETTINGS.html">Indstillinger for diasshow</target>
   </keywords>
</keywords>