<?xml version="1.0" encoding="UTF-8"?>
<keywords>
   <keywords>
      <text FeatureID="-1">cartolina</text>
      <target FeatureID="-1" href="MMS_POSTCARD_HLP_ADDRESS_EDIT.html">Modificare indirizzi</target>
      <target FeatureID="-1" href="POSTCARD_HLP_ADDRESS_VIEW.html">Visualizzare indirizzi</target>
      <target FeatureID="-1" href="POSTCARD_HLP_GREETING_EDIT.html">Scrivere saluti</target>
      <target FeatureID="-1" href="POSTCARD_HLP_GREETING_VIEW.html">Visualizzare saluti</target>
      <target FeatureID="-1" href="MMS_POSTCARD_HLP_MAIN_EDIT.html">Creare cartoline</target>
   </keywords>
   <keywords>
      <text FeatureID="-1">invio di cartoline</text>
      <target FeatureID="-1" href="MMS_POSTCARD_HLP_ADDRESS_EDIT.html">Modificare indirizzi</target>
      <target FeatureID="-1" href="POSTCARD_HLP_GREETING_EDIT.html">Scrivere saluti</target>
      <target FeatureID="-1" href="MMS_POSTCARD_HLP_MAIN_EDIT.html">Creare cartoline</target>
   </keywords>
   <keywords>
      <text FeatureID="-1">cartoline</text>
      <target FeatureID="-1" href="MMS_POSTCARD_HLP_MAIN_VIEW.html">Visualizzare cartoline</target>
   </keywords>
</keywords>