<?xml version="1.0" encoding="UTF-8"?><?xml-stylesheet  href="../../theme/xsl/index2html.xslt" type="text/xsl"?>
<topics FeatureID="-1" title="וידאו וטלוויזיה" compressed="true">
   <topicref FeatureID="-1" href="IPTV_HLP_MAIN_STATE.html" navtitle="וידאו וטלוויזיה"/>
   <topicref FeatureID="-1" href="IPTV_HLP_VODCAST_MAIN.html" navtitle="הזנות וידאו"/>
   <topicref FeatureID="-1" href="IPTV_HLP_SERVICE_SELECTION_VOD.html" navtitle="בחירת שירותי וידאו"/>
   <topicref FeatureID="-1" href="IPTV_HLP_VOD_CATEGORIES.html" navtitle="קטגוריות וידאו"/>
   <topicref FeatureID="-1" href="IPTV_HLP_VOD.html" navtitle="הצגה והורדה של וידאו קליפים"/>
   <topicref FeatureID="-1" href="IPTV_HLP_SCHEDULE_DOWNLOAD.html" navtitle="תזמון הורדות"/>
   <topicref FeatureID="-1" href="IPTV_HLP_STORAGE.html" navtitle="הווידאו שלי"/>
   <topicref FeatureID="-1" href="IPTV_HLP_SETTINGS.html" navtitle="הגדרות וידאו וטלוויזיה"/>
   <topicref FeatureID="-1" href="IPTV_HLP_SERVICE_SEL_VODCAST.html" navtitle="בחירת הזנות וידאו"/>
   <topicref FeatureID="-1" href="IPTV_HLP_ADD_SERVICE.html" navtitle="הוספת הזנות וידאו"/>
</topics>