<?xml version="1.0" encoding="UTF-8"?>
<keywords>
   <keywords>
      <text FeatureID="-1">וידאו וטלוויזיה</text>
      <target FeatureID="-1" href="IPTV_HLP_MAIN_STATE.html">וידאו וטלוויזיה</target>
      <target FeatureID="-1" href="IPTV_HLP_VODCAST_MAIN.html">הזנות וידאו</target>
      <target FeatureID="-1" href="IPTV_HLP_SERVICE_SELECTION_VOD.html">בחירת שירותי וידאו</target>
      <target FeatureID="-1" href="IPTV_HLP_VOD_CATEGORIES.html">קטגוריות וידאו</target>
      <target FeatureID="-1" href="IPTV_HLP_VOD.html">הצגה והורדה של וידאו קליפים</target>
      <target FeatureID="-1" href="IPTV_HLP_SCHEDULE_DOWNLOAD.html">תזמון הורדות</target>
      <target FeatureID="-1" href="IPTV_HLP_STORAGE.html">הווידאו שלי</target>
      <target FeatureID="-1" href="IPTV_HLP_SERVICE_SEL_VODCAST.html">בחירת הזנות וידאו</target>
      <target FeatureID="-1" href="IPTV_HLP_ADD_SERVICE.html">הוספת הזנות וידאו</target>
   </keywords>
   <keywords>
      <text FeatureID="-1">הזנות וידאו</text>
      <target FeatureID="-1" href="IPTV_HLP_VODCAST_MAIN.html">הזנות וידאו</target>
      <target FeatureID="-1" href="IPTV_HLP_VOD_CATEGORIES.html">קטגוריות וידאו</target>
      <target FeatureID="-1" href="IPTV_HLP_SERVICE_SEL_VODCAST.html">בחירת הזנות וידאו</target>
      <target FeatureID="-1" href="IPTV_HLP_ADD_SERVICE.html">הוספת הזנות וידאו</target>
   </keywords>
   <keywords>
      <text FeatureID="-1">הורדות, וידיאו קליפים</text>
      <target FeatureID="-1" href="IPTV_HLP_VOD.html">הצגה והורדה של וידאו קליפים</target>
      <target FeatureID="-1" href="IPTV_HLP_SCHEDULE_DOWNLOAD.html">תזמון הורדות</target>
   </keywords>
   <keywords>
      <text FeatureID="-1">וידאו וטלוויזיה, הגדרות</text>
      <target FeatureID="-1" href="IPTV_HLP_SETTINGS.html">הגדרות וידאו וטלוויזיה</target>
   </keywords>
   <keywords>
      <text FeatureID="-1">הגדרות, וידאו</text>
      <target FeatureID="-1" href="IPTV_HLP_SETTINGS.html">הגדרות וידאו וטלוויזיה</target>
   </keywords>
</keywords>