<?xml version="1.0" encoding="UTF-8"?>
<keywords>
   <keywords>
      <text FeatureID="-1">temes</text>
      <target FeatureID="-1" href="SKINS_HLP_LIST.html">Temes generals</target>
      <target FeatureID="-1" href="SCREENSAVER_HLP_WP_SETTINGS.html">Configuració d'empaperat de presentació de diapositiva</target>
      <target FeatureID="-1" href="SKINS_HLP_WP_SETTINGS.html">Configuració d'empaperat</target>
      <target FeatureID="true_1503" href="SKINS_HLP_CIMAGE_SETTINGS.html">Seleccioneu una imatge de trucada</target>
      <target FeatureID="-1" href="SKINS_HLP_APPSHELL.html">Configuració de la vista de Menú</target>
      <target FeatureID="-1" href="SKINS_HLP_APP_MAIN.html">Personalitzeu la pantalla</target>
      <target FeatureID="-1" href="SKINS_HLP_APPSKINS_LIST.html">Temes de l'aplicació</target>
   </keywords>
   <keywords>
      <text FeatureID="-1">empaperat de presentació de diapositiva</text>
      <target FeatureID="-1" href="SCREENSAVER_HLP_WP_SETTINGS.html">Configuració d'empaperat de presentació de diapositiva</target>
   </keywords>
   <keywords>
      <text FeatureID="-1">configuració de presentació de diapositiva</text>
      <target FeatureID="-1" href="SCREENSAVER_HLP_WP_SETTINGS.html">Configuració d'empaperat de presentació de diapositiva</target>
   </keywords>
   <keywords>
      <text FeatureID="-1">configuració d'empaperat</text>
      <target FeatureID="-1" href="SKINS_HLP_WP_SETTINGS.html">Configuració d'empaperat</target>
   </keywords>
   <keywords>
      <text FeatureID="-1">imatge de fons</text>
      <target FeatureID="-1" href="SKINS_HLP_WP_SETTINGS.html">Configuració d'empaperat</target>
      <target FeatureID="-1" href="SKINS_HLP_APP_MAIN.html">Personalitzeu la pantalla</target>
   </keywords>
   <keywords>
      <text FeatureID="-1">estalvi de pantalla</text>
      <target FeatureID="-1" href="SKINS_HLP_SCREENS_SETTINGS.html">Configuració de l’estalvi de pantalla</target>
   </keywords>
   <keywords>
      <text FeatureID="true_1503">configuració d'imatge de trucada</text>
      <target FeatureID="true_1503" href="SKINS_HLP_CIMAGE_SETTINGS.html">Seleccioneu una imatge de trucada</target>
   </keywords>
   <keywords>
      <text FeatureID="-1">menús</text>
      <target FeatureID="-1" href="SKINS_HLP_APPSHELL.html">Configuració de la vista de Menú</target>
   </keywords>
</keywords>