<?xml version="1.0" encoding="UTF-8"?>
<keywords>
   <keywords>
      <text FeatureID="-1">úprava snímok</text>
      <target FeatureID="-1" href="SIE_HLP_MAIN.html">Úprava snímok</target>
   </keywords>
   <keywords>
      <text FeatureID="-1">úprava textu</text>
      <target FeatureID="-1" href="SIE_HLP_EDIT_TEXT.html">Úprava textu v snímkach</target>
   </keywords>
   <keywords>
      <text FeatureID="-1">editor snímok</text>
      <target FeatureID="-1" href="SIE_HLP_EDIT_TEXT.html">Úprava textu v snímkach</target>
   </keywords>
   <keywords>
      <text FeatureID="-1">úprava zväčšených a zmenšených snímok</text>
      <target FeatureID="-1" href="SIE_HLP_ZOOMING.html">Úprava zväčšených a zmenšených snímok</target>
   </keywords>
   <keywords>
      <text FeatureID="-1">priblíženie a oddialenie snímok</text>
      <target FeatureID="-1" href="SIE_HLP_ZOOMING.html">Úprava zväčšených a zmenšených snímok</target>
   </keywords>
   <keywords>
      <text FeatureID="-1">úprava obrazového klipu</text>
      <target FeatureID="-1" href="SIE_HLP_EDIT_CLIPART.html">Úprava obrazového klipu</target>
   </keywords>
   <keywords>
      <text FeatureID="-1">úprava textových bublín</text>
      <target FeatureID="-1" href="SIE_HLP_EDIT_CLIPART.html">Úprava obrazového klipu</target>
   </keywords>
   <keywords>
      <text FeatureID="-1">redukcia efektu červených očí</text>
      <target FeatureID="-1" href="SIE_HLP_REDEYE.html">Redukcia efektu červených očí</target>
   </keywords>
</keywords>