<?xml version="1.0" encoding="UTF-8"?>
<keywords>
   <keywords>
      <text FeatureID="true_410">símtöl, hringt</text>
      <target FeatureID="true_410" href="DIALER_HLP_MAIN.html">Símtal hringt</target>
   </keywords>
   <keywords>
      <text FeatureID="-1">símtöl</text>
      <target FeatureID="-1" href="INCAL_HLP_CALL_HANDLING.html">Símtöl</target>
   </keywords>
   <keywords>
      <text FeatureID="-1">símafundir</text>
      <target FeatureID="-1" href="INCAL_HLP_CALL_HANDLING.html">Símtöl</target>
   </keywords>
   <keywords>
      <text FeatureID="-1">skipta á milli símtala</text>
      <target FeatureID="-1" href="INCAL_HLP_CALL_HANDLING.html">Símtöl</target>
   </keywords>
   <keywords>
      <text FeatureID="-1">sími</text>
      <target FeatureID="-1" href="INCAL_HLP_CALL_HANDLING.html">Símtöl</target>
   </keywords>
   <keywords>
      <text FeatureID="true_410">DTMF-tónar</text>
      <target FeatureID="true_410" href="DIALER_HLP_SEND_DTMF.html">Senda DTMF-tóna</target>
   </keywords>
   <keywords>
      <text FeatureID="true_89">myndsímtöl</text>
      <target FeatureID="true_89" href="INCAL_HLP_VIDEO_CALL.html">Myndsímtöl</target>
   </keywords>
</keywords>