<?xml version="1.0" encoding="UTF-8"?>
<keywords>
   <keywords>
      <text FeatureID="-1">uso compartido de vídeos</text>
      <target FeatureID="true_208" href="MSH_HLP_LIVE.html">Uso compartido de vídeos en vivo</target>
      <target FeatureID="-1" href="MSH_HLP_CLIP.html">Uso compartido de videoclips</target>
      <target FeatureID="-1" href="MSH_HLP_SETTINGS.html">Opciones uso comp. vídeo</target>
      <target FeatureID="-1" href="MSH_HLP_RECEIVE.html">Visualización de vídeo compartido</target>
   </keywords>
</keywords>