<?xml version="1.0" encoding="UTF-8"?>
<keywords>
   <keywords>
      <text FeatureID="-1">aparat foto-video</text>
      <target FeatureID="-1" href="LCAM_HLP_VIEWFINDER_PHOTO.html">Captarea imaginilor</target>
      <target FeatureID="false_410" href="LCAM_HLP_LIGHT_SENSITIVITY.html">Modificarea sensibilităţii</target>
      <target FeatureID="false_410" href="LCAM_HLP_SCENES_VIDEO.html">Scene video</target>
      <target FeatureID="-1" href="LCAM_HLP_POST_VIDEO.html">Redarea videoclipurilor</target>
      <target FeatureID="-1" href="LCAM_HLP_POST_PHOTO.html">Vizualizarea imagini captate</target>
   </keywords>
   <keywords>
      <text FeatureID="-1">captarea imaginilor</text>
      <target FeatureID="-1" href="LCAM_HLP_VIEWFINDER_PHOTO.html">Captarea imaginilor</target>
   </keywords>
   <keywords>
      <text FeatureID="false_410">sensibilitatea la lumină</text>
      <target FeatureID="false_410" href="LCAM_HLP_LIGHT_SENSITIVITY.html">Modificarea sensibilităţii</target>
   </keywords>
   <keywords>
      <text FeatureID="-1">scene aparat foto-video</text>
      <target FeatureID="-1" href="LCAM_HLP_SETTINGS_PHOUSER.html">Definirea scenelor</target>
   </keywords>
   <keywords>
      <text FeatureID="-1">foto-video</text>
      <target FeatureID="-1" href="LCAM_HLP_SCENES_PHOTO.html">Scene imagini</target>
      <target FeatureID="-1" href="LCAM_HLP_VIEWFINDER_VIDEO.html">Înregistrare videoclipuri</target>
      <target FeatureID="-1" href="LCAM_HLP_VIEWFINDER_VIDEO_EM.html">Videoclipuri în aplicaţii</target>
      <target FeatureID="false_410" href="LCAM_HLP_STANDYBY_EM.html">Aparat foto-video inactiv</target>
      <target FeatureID="true_132" href="LCAM_HLP_POST_SEQ.html">Vizualizarea imaginilor captate în mod secvenţial</target>
   </keywords>
   <keywords>
      <text FeatureID="-1">scene</text>
      <target FeatureID="-1" href="LCAM_HLP_SCENES_PHOTO.html">Scene imagini</target>
   </keywords>
   <keywords>
      <text FeatureID="-1">setări foto-video</text>
      <target FeatureID="-1" href="LCAM_HLP_SETTINGS.html">Setări foto-video</target>
   </keywords>
   <keywords>
      <text FeatureID="-1">foto-video, setări</text>
      <target FeatureID="-1" href="LCAM_HLP_SETTINGS_PHOTO.html">Setări imagini</target>
      <target FeatureID="-1" href="LCAM_HLP_SETTINGS_VIDEO.html">Setări video</target>
   </keywords>
   <keywords>
      <text FeatureID="-1">înregistrare video</text>
      <target FeatureID="-1" href="LCAM_HLP_VIEWFINDER_VIDEO.html">Înregistrare videoclipuri</target>
   </keywords>
   <keywords>
      <text FeatureID="false_410">scene video</text>
      <target FeatureID="false_410" href="LCAM_HLP_SCENES_VIDEO.html">Scene video</target>
   </keywords>
   <keywords>
      <text FeatureID="-1">video, setări</text>
      <target FeatureID="-1" href="LCAM_HLP_SETTINGS_VIDEO.html">Setări video</target>
   </keywords>
   <keywords>
      <text FeatureID="-1">videoclipuri în aplicaţii</text>
      <target FeatureID="-1" href="LCAM_HLP_VIEWFINDER_VIDEO_EM.html">Videoclipuri în aplicaţii</target>
   </keywords>
   <keywords>
      <text FeatureID="-1">redare videoclipuri</text>
      <target FeatureID="-1" href="LCAM_HLP_POST_VIDEO.html">Redarea videoclipurilor</target>
   </keywords>
   <keywords>
      <text FeatureID="-1">aparatul foto-video în aplicaţii</text>
      <target FeatureID="-1" href="LCAM_HLP_VIEWFINDER_PHOTO_EM.html">Imagini în aplicaţii</target>
   </keywords>
   <keywords>
      <text FeatureID="-1">vizualizarea imaginilor</text>
      <target FeatureID="-1" href="LCAM_HLP_POST_PHOTO.html">Vizualizarea imagini captate</target>
   </keywords>
   <keywords>
      <text FeatureID="true_132">modul secvenţial</text>
      <target FeatureID="true_132" href="LCAM_HLP_POST_SEQ.html">Vizualizarea imaginilor captate în mod secvenţial</target>
   </keywords>
</keywords>