<?xml version="1.0" encoding="UTF-8"?>
<keywords>
   <keywords>
      <text FeatureID="-1">foto-video</text>
      <target FeatureID="-1" href="LCAM_HLP_VIEWFINDER_PHOTO.html">Captarea imaginilor</target>
      <target FeatureID="-1" href="LCAM_HLP_LIGHT_SENSITIVITY.html">Modificaţi sensibilitatea la lumină</target>
      <target FeatureID="-1" href="LCAM_HLP_SETTINGS_PHOUSER.html">Definirea scenelor</target>
      <target FeatureID="-1" href="LCAM_HLP_SCENES_PHOTO.html">Scene imagini</target>
      <target FeatureID="-1" href="LCAM_HLP_VIEWFINDER_VIDEO.html">Înregistrare videoclipuri</target>
      <target FeatureID="-1" href="LCAM_HLP_SCENES_VIDEO.html">Scene video</target>
      <target FeatureID="-1" href="LCAM_HLP_VIEWFINDER_VIDEO_EM.html">Videoclipuri în aplicaţii</target>
      <target FeatureID="-1" href="LCAM_HLP_STANDBY_EM.html">Aparat foto-video inactiv</target>
      <target FeatureID="-1" href="LCAM_HLP_POST_VIDEO.html">Redarea videoclipurilor</target>
      <target FeatureID="-1" href="LCAM_HLP_POST_PHOTO.html">Vizualizarea imaginilor captate</target>
   </keywords>
   <keywords>
      <text FeatureID="-1">captarea imaginilor</text>
      <target FeatureID="-1" href="LCAM_HLP_VIEWFINDER_PHOTO.html">Captarea imaginilor</target>
   </keywords>
   <keywords>
      <text FeatureID="-1">sensibilitate la lumină</text>
      <target FeatureID="-1" href="LCAM_HLP_LIGHT_SENSITIVITY.html">Modificaţi sensibilitatea la lumină</target>
   </keywords>
   <keywords>
      <text FeatureID="-1">scene</text>
      <target FeatureID="-1" href="LCAM_HLP_SETTINGS_PHOUSER.html">Definirea scenelor</target>
      <target FeatureID="-1" href="LCAM_HLP_SCENES_PHOTO.html">Scene imagini</target>
   </keywords>
   <keywords>
      <text FeatureID="-1">setări foto-video</text>
      <target FeatureID="-1" href="LCAM_HLP_SETTINGS.html">Setări foto-video</target>
   </keywords>
   <keywords>
      <text FeatureID="-1">foto-video, setări</text>
      <target FeatureID="-1" href="LCAM_HLP_SETTINGS_PHOTO.html">Setări imagini</target>
      <target FeatureID="-1" href="LCAM_HLP_SETTINGS_VIDEO.html">Setări video</target>
   </keywords>
   <keywords>
      <text FeatureID="-1">înregistrare video</text>
      <target FeatureID="-1" href="LCAM_HLP_VIEWFINDER_VIDEO.html">Înregistrare videoclipuri</target>
   </keywords>
   <keywords>
      <text FeatureID="-1">scene video</text>
      <target FeatureID="-1" href="LCAM_HLP_SCENES_VIDEO.html">Scene video</target>
   </keywords>
   <keywords>
      <text FeatureID="-1">video, setări</text>
      <target FeatureID="-1" href="LCAM_HLP_SETTINGS_VIDEO.html">Setări video</target>
   </keywords>
   <keywords>
      <text FeatureID="-1">videoclipuri în aplicaţii</text>
      <target FeatureID="-1" href="LCAM_HLP_VIEWFINDER_VIDEO_EM.html">Videoclipuri în aplicaţii</target>
   </keywords>
   <keywords>
      <text FeatureID="-1">redare videoclipuri</text>
      <target FeatureID="-1" href="LCAM_HLP_POST_VIDEO.html">Redarea videoclipurilor</target>
   </keywords>
   <keywords>
      <text FeatureID="-1">aparatul foto-video în aplicaţii</text>
      <target FeatureID="-1" href="LCAM_HLP_VIEWFINDER_PHOTO_EM.html">Imagini în aplicaţii</target>
   </keywords>
   <keywords>
      <text FeatureID="-1">vizualizarea imaginilor</text>
      <target FeatureID="-1" href="LCAM_HLP_POST_PHOTO.html">Vizualizarea imaginilor captate</target>
   </keywords>
</keywords>