<?xml version="1.0" encoding="UTF-8"?><?xml-stylesheet  href="../../theme/xsl/index2html.xslt" type="text/xsl"?>
<topics FeatureID="-1" title="Ćaskanje" compressed="true">
   <topicref FeatureID="-1" href="IMNG_HLP_SEARCHCHAT.html" navtitle="Pretraživanje IM korisnika"/>
   <topicref FeatureID="-1" href="IMNG_HLP_SAVED_VIEW.html" navtitle="Pregledajte sačuvane razgovore"/>
   <topicref FeatureID="-1" href="IMNG_HLP_SAVED_LIST.html" navtitle="Sačuvani razgovori"/>
   <topicref FeatureID="-1" href="IMNG_HLP_IMCHAT.html" navtitle="Razgovori u grupi"/>
   <topicref FeatureID="-1" href="IMNG_HLP_GROUP_EDIT.html" navtitle="Prava izmena u grupi"/>
   <topicref FeatureID="-1" href="IMNG_HLP_GROUP_BAN.html" navtitle="Zabranite IM korisnicima pristup grupama"/>
   <topicref FeatureID="-1" href="IMNG_HLP_CONT_OWN_DATA.html" navtitle="Moji podaci"/>
   <topicref FeatureID="-1" href="IMNG_HLP_COMMUNITY_VIEW_EMPTY.html" navtitle="Počnite sa upotrebom trenutnih poruka (IM)"/>
   <topicref FeatureID="-1" href="IMNG_HLP_COMMUNITY_VIEW.html" navtitle="Razmena trenutnih poruka"/>
   <topicref FeatureID="-1" href="IMNG_HLP_BLOCKED_VIEW.html" navtitle="Blokirani kontakti"/>
   <topicref FeatureID="-1" href="IMNG_HLP_SETTINGS.html" navtitle="Podešavanja IM-a"/>
   <topicref FeatureID="-1" href="IMNG_HLP_SERVLISTSETT_IM.html" navtitle="IM serveri"/>
   <topicref FeatureID="-1" href="IMNG_HLP_DEFSERVER.html" navtitle="Podešavanja servera za razmenu trenutnih poruka"/>
   <topicref FeatureID="-1" href="IMNG_HLP_INVITE.html" navtitle="IM pozivnice"/>
   <topicref FeatureID="-1" href="IMNG_HLP_CREATECHAT.html" navtitle="Podešavanja IM grupa"/>
   <topicref FeatureID="-1" href="IMNG_HLP_ACCLIST.html" navtitle="Članovi IM grupe"/>
   <topicref FeatureID="-1" href="IMNG_HLP_CONVERSATIONS.html" navtitle="IM razgovori"/>
   <topicref FeatureID="-1" href="IMNG_HLP_CONTACTDETAILS.html" navtitle="Detalji IM kontakata"/>
   <topicref FeatureID="-1" href="IMNG_HLP_APPSETT.html" navtitle="Podešavanja IM aplikacije"/>
</topics>