<?xml version="1.0" encoding="UTF-8"?>
<keywords>
   <keywords>
      <text FeatureID="-1">pretraživanje IM korisnika</text>
      <target FeatureID="-1" href="IMNG_HLP_SEARCHCHAT.html">Pretraživanje IM korisnika</target>
   </keywords>
   <keywords>
      <text FeatureID="-1">trenutne poruke (IM)</text>
      <target FeatureID="-1" href="IMNG_HLP_SEARCHCHAT.html">Pretraživanje IM korisnika</target>
      <target FeatureID="-1" href="IMNG_HLP_SAVED_VIEW.html">Pregledajte sačuvane razgovore</target>
      <target FeatureID="-1" href="IMNG_HLP_SAVED_LIST.html">Sačuvani razgovori</target>
      <target FeatureID="-1" href="IMNG_HLP_GROUP_EDIT.html">Prava izmena u grupi</target>
      <target FeatureID="-1" href="IMNG_HLP_GROUP_BAN.html">Zabranite IM korisnicima pristup grupama</target>
      <target FeatureID="-1" href="IMNG_HLP_CONT_OWN_DATA.html">Moji podaci</target>
      <target FeatureID="-1" href="IMNG_HLP_COMMUNITY_VIEW_EMPTY.html">Počnite sa upotrebom trenutnih poruka (IM)</target>
      <target FeatureID="-1" href="IMNG_HLP_COMMUNITY_VIEW.html">Razmena trenutnih poruka</target>
      <target FeatureID="-1" href="IMNG_HLP_CREATECHAT.html">Podešavanja IM grupa</target>
      <target FeatureID="-1" href="IMNG_HLP_ACCLIST.html">Članovi IM grupe</target>
      <target FeatureID="-1" href="IMNG_HLP_CONVERSATIONS.html">IM razgovori</target>
      <target FeatureID="-1" href="IMNG_HLP_APPSETT.html">Podešavanja IM aplikacije</target>
   </keywords>
   <keywords>
      <text FeatureID="-1">pretraživanje IM grupa</text>
      <target FeatureID="-1" href="IMNG_HLP_SEARCHCHAT.html">Pretraživanje IM korisnika</target>
   </keywords>
   <keywords>
      <text FeatureID="-1">sačuvani razgovori</text>
      <target FeatureID="-1" href="IMNG_HLP_SAVED_LIST.html">Sačuvani razgovori</target>
   </keywords>
   <keywords>
      <text FeatureID="-1">IM (razmena trenutnih poruka)</text>
      <target FeatureID="-1" href="IMNG_HLP_IMCHAT.html">Razgovori u grupi</target>
   </keywords>
   <keywords>
      <text FeatureID="-1">pridruživanje IM grupama</text>
      <target FeatureID="-1" href="IMNG_HLP_IMCHAT.html">Razgovori u grupi</target>
   </keywords>
   <keywords>
      <text FeatureID="-1">prava izmena</text>
      <target FeatureID="-1" href="IMNG_HLP_GROUP_EDIT.html">Prava izmena u grupi</target>
   </keywords>
   <keywords>
      <text FeatureID="-1">lista isključenih</text>
      <target FeatureID="-1" href="IMNG_HLP_GROUP_BAN.html">Zabranite IM korisnicima pristup grupama</target>
   </keywords>
   <keywords>
      <text FeatureID="-1">Članovi IM grupe</text>
      <target FeatureID="-1" href="IMNG_HLP_GROUP_BAN.html">Zabranite IM korisnicima pristup grupama</target>
      <target FeatureID="-1" href="IMNG_HLP_ACCLIST.html">Članovi IM grupe</target>
   </keywords>
   <keywords>
      <text FeatureID="-1">IM kontakti</text>
      <target FeatureID="-1" href="IMNG_HLP_CONT_OWN_DATA.html">Moji podaci</target>
      <target FeatureID="-1" href="IMNG_HLP_BLOCKED_VIEW.html">Blokirani kontakti</target>
      <target FeatureID="-1" href="IMNG_HLP_CONTACTDETAILS.html">Detalji IM kontakata</target>
   </keywords>
   <keywords>
      <text FeatureID="-1">IM</text>
      <target FeatureID="-1" href="IMNG_HLP_COMMUNITY_VIEW_EMPTY.html">Počnite sa upotrebom trenutnih poruka (IM)</target>
      <target FeatureID="-1" href="IMNG_HLP_COMMUNITY_VIEW.html">Razmena trenutnih poruka</target>
      <target FeatureID="-1" href="IMNG_HLP_CONVERSATIONS.html">IM razgovori</target>
   </keywords>
   <keywords>
      <text FeatureID="-1">blokirani IM kontakti</text>
      <target FeatureID="-1" href="IMNG_HLP_BLOCKED_VIEW.html">Blokirani kontakti</target>
   </keywords>
   <keywords>
      <text FeatureID="-1">Podešavanja IM-a</text>
      <target FeatureID="-1" href="IMNG_HLP_SETTINGS.html">Podešavanja IM-a</target>
      <target FeatureID="-1" href="IMNG_HLP_APPSETT.html">Podešavanja IM aplikacije</target>
   </keywords>
   <keywords>
      <text FeatureID="-1">IM serveri</text>
      <target FeatureID="-1" href="IMNG_HLP_SERVLISTSETT_IM.html">IM serveri</target>
   </keywords>
   <keywords>
      <text FeatureID="-1">Podešavanja servera za razmenu trenutnih poruka</text>
      <target FeatureID="-1" href="IMNG_HLP_DEFSERVER.html">Podešavanja servera za razmenu trenutnih poruka</target>
   </keywords>
   <keywords>
      <text FeatureID="-1">podešavanja servera</text>
      <target FeatureID="-1" href="IMNG_HLP_DEFSERVER.html">Podešavanja servera za razmenu trenutnih poruka</target>
   </keywords>
   <keywords>
      <text FeatureID="-1">pozivnice</text>
      <target FeatureID="-1" href="IMNG_HLP_INVITE.html">IM pozivnice</target>
   </keywords>
   <keywords>
      <text FeatureID="-1">podešavanja IM grupa</text>
      <target FeatureID="-1" href="IMNG_HLP_CREATECHAT.html">Podešavanja IM grupa</target>
   </keywords>
   <keywords>
      <text FeatureID="-1">razgovori</text>
      <target FeatureID="-1" href="IMNG_HLP_CONVERSATIONS.html">IM razgovori</target>
   </keywords>
   <keywords>
      <text FeatureID="-1">Razmena trenutnih poruka</text>
      <target FeatureID="-1" href="IMNG_HLP_CONTACTDETAILS.html">Detalji IM kontakata</target>
   </keywords>
</keywords>