<?xml version="1.0" encoding="UTF-8"?><?xml-stylesheet  href="../../theme/xsl/index2html.xslt" type="text/xsl"?>
<topics FeatureID="-1" title="Videos &amp; TV" compressed="true">
   <topicref FeatureID="-1" href="IPTV_HLP_MAIN_STATE.html" navtitle="Videos &amp; TV"/>
   <topicref FeatureID="-1" href="IPTV_HLP_VODCAST_MAIN.html" navtitle="Video feeds"/>
   <topicref FeatureID="-1" href="IPTV_HLP_SERVICE_SELECTION_VOD.html" navtitle="Select video services"/>
   <topicref FeatureID="-1" href="IPTV_HLP_VOD_CATEGORIES.html" navtitle="Video categories"/>
   <topicref FeatureID="-1" href="IPTV_HLP_VOD.html" navtitle="View and download video clips"/>
   <topicref FeatureID="-1" href="IPTV_HLP_SCHEDULE_DOWNLOAD.html" navtitle="Schedule downloads"/>
   <topicref FeatureID="-1" href="IPTV_HLP_STORAGE.html" navtitle="My videos"/>
   <topicref FeatureID="-1" href="IPTV_HLP_SETTINGS.html" navtitle="Videos &amp; TV settings"/>
   <topicref FeatureID="-1" href="IPTV_HLP_SERVICE_SEL_VODCAST.html" navtitle="Select video feeds"/>
   <topicref FeatureID="-1" href="IPTV_HLP_ADD_SERVICE.html" navtitle="Add video feeds"/>
</topics>