<?xml version="1.0" encoding="UTF-8"?>
<keywords>
   <keywords>
      <text FeatureID="-1">videos &amp; TV</text>
      <target FeatureID="-1" href="IPTV_HLP_MAIN_STATE.html">Videos &amp; TV</target>
      <target FeatureID="-1" href="IPTV_HLP_VODCAST_MAIN.html">Video feeds</target>
      <target FeatureID="-1" href="IPTV_HLP_SERVICE_SELECTION_VOD.html">Select video services</target>
      <target FeatureID="-1" href="IPTV_HLP_VOD_CATEGORIES.html">Video categories</target>
      <target FeatureID="-1" href="IPTV_HLP_VOD.html">View and download video clips</target>
      <target FeatureID="-1" href="IPTV_HLP_SCHEDULE_DOWNLOAD.html">Schedule downloads</target>
      <target FeatureID="-1" href="IPTV_HLP_STORAGE.html">My videos</target>
      <target FeatureID="-1" href="IPTV_HLP_SERVICE_SEL_VODCAST.html">Select video feeds</target>
      <target FeatureID="-1" href="IPTV_HLP_ADD_SERVICE.html">Add video feeds</target>
   </keywords>
   <keywords>
      <text FeatureID="-1">video feeds</text>
      <target FeatureID="-1" href="IPTV_HLP_VODCAST_MAIN.html">Video feeds</target>
      <target FeatureID="-1" href="IPTV_HLP_VOD_CATEGORIES.html">Video categories</target>
      <target FeatureID="-1" href="IPTV_HLP_SERVICE_SEL_VODCAST.html">Select video feeds</target>
      <target FeatureID="-1" href="IPTV_HLP_ADD_SERVICE.html">Add video feeds</target>
   </keywords>
   <keywords>
      <text FeatureID="-1">downloads, videos</text>
      <target FeatureID="-1" href="IPTV_HLP_VOD.html">View and download video clips</target>
      <target FeatureID="-1" href="IPTV_HLP_SCHEDULE_DOWNLOAD.html">Schedule downloads</target>
   </keywords>
   <keywords>
      <text FeatureID="-1">videos &amp; TV, settings</text>
      <target FeatureID="-1" href="IPTV_HLP_SETTINGS.html">Videos &amp; TV settings</target>
   </keywords>
   <keywords>
      <text FeatureID="-1">settings, video</text>
      <target FeatureID="-1" href="IPTV_HLP_SETTINGS.html">Videos &amp; TV settings</target>
   </keywords>
</keywords>