<?xml version="1.0" encoding="UTF-8"?>
<keywords>
   <keywords>
      <text FeatureID="-1">zelula-difusio mezuak</text>
      <target FeatureID="-1" href="CBS_HLP_TOPIC_VIEW.html">Zelula-difusio mezuak</target>
      <target FeatureID="-1" href="CBS_HLP_MAIN.html">Zelula-difusio mezuen gaiak</target>
      <target FeatureID="-1" href="CBS_HLP_MSG.html">CBS mezuak ikusi</target>
   </keywords>
   <keywords>
      <text FeatureID="-1">zelula-difusio mezuen gaiak</text>
      <target FeatureID="-1" href="CBS_HLP_MAIN.html">Zelula-difusio mezuen gaiak</target>
   </keywords>
</keywords>