<?xml version="1.0" encoding="UTF-8"?>
<keywords>
   <keywords>
      <text FeatureID="-1">skambučių pašto dėžutė</text>
      <target FeatureID="-1" href="SMSVO_HLP_MAIN_VIEW.html">Balso pašto dėžutė</target>
   </keywords>
   <keywords>
      <text FeatureID="-1">atsakiklis</text>
      <target FeatureID="-1" href="SMSVO_HLP_MAIN_VIEW.html">Balso pašto dėžutė</target>
      <target FeatureID="true_89" href="SMSVO_HLP_CS_AND_VIDEO.html">Balso ir vaizdo įrašų pašto dėžutė</target>
      <target FeatureID="true_298" href="SMSVO_HLP_CS_VIDEO_AND_XSP_VOIP.html">Paprastų, vaizdo ir interneto skambučių pašto dėžutė</target>
   </keywords>
   <keywords>
      <text FeatureID="true_89">vaizdo įrašų pašto dėžutė</text>
      <target FeatureID="true_89" href="SMSVO_HLP_CS_AND_VIDEO.html">Balso ir vaizdo įrašų pašto dėžutė</target>
   </keywords>
   <keywords>
      <text FeatureID="true_298">interneto skambučių pašto dėžutė</text>
      <target FeatureID="true_298" href="SMSVO_HLP_CS_VIDEO_AND_XSP_VOIP.html">Paprastų, vaizdo ir interneto skambučių pašto dėžutė</target>
   </keywords>
   <keywords>
      <text FeatureID="true_298">balso pašto dėžutė</text>
      <target FeatureID="true_298" href="SMSVO_HLP_CS_VIDEO_AND_XSP_VOIP.html">Paprastų, vaizdo ir interneto skambučių pašto dėžutė</target>
   </keywords>
</keywords>