<?xml version="1.0" encoding="UTF-8"?>
<keywords>
   <keywords>
      <text FeatureID="-1">XDM профили</text>
      <target FeatureID="-1" href="XDM_HLP_LIST_VIEW.html">XDM профили</target>
      <target FeatureID="-1" href="XDM_HLP_EDIT_SET.html">Настройки за XDM профил</target>
   </keywords>
   <keywords>
      <text FeatureID="-1">XDM настройки</text>
      <target FeatureID="-1" href="XDM_HLP_EDIT_SET.html">Настройки за XDM профил</target>
   </keywords>
</keywords>