<?xml version="1.0" encoding="UTF-8"?>
<keywords>
   <keywords>
      <text FeatureID="-1">bookmarks</text>
      <target FeatureID="-1" href="OSS_HLP_BM_ADDBM.html">Bookmarks toevoegen</target>
      <target FeatureID="-1" href="OSS_HLP_BM_MAIN.html">Bladeren door bookmarks</target>
      <target FeatureID="-1" href="OSS_HLP_BM_EDIT.html">Bookmarks bewerken</target>
   </keywords>
   <keywords>
      <text FeatureID="-1">browserbookmarks</text>
      <target FeatureID="-1" href="OSS_HLP_BM_ADDBM.html">Bookmarks toevoegen</target>
      <target FeatureID="-1" href="OSS_HLP_BM_EDIT.html">Bookmarks bewerken</target>
   </keywords>
   <keywords>
      <text FeatureID="-1">web</text>
      <target FeatureID="-1" href="OSS_HLP_BM_ADDBM.html">Bookmarks toevoegen</target>
      <target FeatureID="true_167" href="OSS_HLP_RSS_ADD.html">Webfeeds toevoegen</target>
      <target FeatureID="-1" href="OSS_HLP_PAGEVIEW.html">Browsen op het web</target>
      <target FeatureID="-1" href="OSS_HLP_BM_EDIT.html">Bookmarks bewerken</target>
      <target FeatureID="true_167" href="OSS_HLP_RSS_EDIT.html">Webfeeds bewerken</target>
      <target FeatureID="true_167" href="OSS_HLP_RSS_ARTICLE.html">Webfeedartikelen</target>
      <target FeatureID="true_167" href="OSS_HLP_RSS_ARTICLELST.html">Webfeeds</target>
      <target FeatureID="true_167" href="OSS_HLP_RSS_MAIN.html">Webfeeds en weblogs</target>
   </keywords>
   <keywords>
      <text FeatureID="true_167">feeds</text>
      <target FeatureID="true_167" href="OSS_HLP_RSS_ADD.html">Webfeeds toevoegen</target>
      <target FeatureID="true_167" href="OSS_HLP_RSS_EDIT.html">Webfeeds bewerken</target>
      <target FeatureID="true_167" href="OSS_HLP_RSS_ARTICLE.html">Webfeedartikelen</target>
      <target FeatureID="true_167" href="OSS_HLP_RSS_ARTICLELST.html">Webfeeds</target>
      <target FeatureID="true_167" href="OSS_HLP_RSS_MAIN.html">Webfeeds en weblogs</target>
   </keywords>
   <keywords>
      <text FeatureID="true_167">RSS-feeds</text>
      <target FeatureID="true_167" href="OSS_HLP_RSS_ADD.html">Webfeeds toevoegen</target>
      <target FeatureID="true_167" href="OSS_HLP_RSS_ARTICLELST.html">Webfeeds</target>
      <target FeatureID="true_167" href="OSS_HLP_RSS_MAIN.html">Webfeeds en weblogs</target>
   </keywords>
   <keywords>
      <text FeatureID="true_167">nieuws en weblogs</text>
      <target FeatureID="true_167" href="OSS_HLP_RSS_ADD.html">Webfeeds toevoegen</target>
      <target FeatureID="true_167" href="OSS_HLP_RSS_EDIT.html">Webfeeds bewerken</target>
      <target FeatureID="true_167" href="OSS_HLP_RSS_ARTICLE.html">Webfeedartikelen</target>
      <target FeatureID="true_167" href="OSS_HLP_RSS_ARTICLELST.html">Webfeeds</target>
      <target FeatureID="true_167" href="OSS_HLP_RSS_MAIN.html">Webfeeds en weblogs</target>
   </keywords>
   <keywords>
      <text FeatureID="true_167">weblogs</text>
      <target FeatureID="true_167" href="OSS_HLP_RSS_ADD.html">Webfeeds toevoegen</target>
      <target FeatureID="true_167" href="OSS_HLP_RSS_EDIT.html">Webfeeds bewerken</target>
      <target FeatureID="true_167" href="OSS_HLP_RSS_ARTICLE.html">Webfeedartikelen</target>
      <target FeatureID="true_167" href="OSS_HLP_RSS_ARTICLELST.html">Webfeeds</target>
      <target FeatureID="true_167" href="OSS_HLP_RSS_MAIN.html">Webfeeds en weblogs</target>
   </keywords>
   <keywords>
      <text FeatureID="-1">bladeren, pagina's</text>
      <target FeatureID="-1" href="OSS_HLP_PAGEVIEW.html">Browsen op het web</target>
   </keywords>
   <keywords>
      <text FeatureID="-1">browser</text>
      <target FeatureID="-1" href="OSS_HLP_BM_MAIN.html">Bladeren door bookmarks</target>
   </keywords>
   <keywords>
      <text FeatureID="true_167">rss-feeds</text>
      <target FeatureID="true_167" href="OSS_HLP_RSS_EDIT.html">Webfeeds bewerken</target>
      <target FeatureID="true_167" href="OSS_HLP_RSS_ARTICLE.html">Webfeedartikelen</target>
   </keywords>
   <keywords>
      <text FeatureID="-1">browserinstellingen</text>
      <target FeatureID="-1" href="OSS_HLP_SETTINGS_GENERAL.html">Algemene instellingen</target>
      <target FeatureID="-1" href="OSS_HLP_SETTINGS_PAGE.html">Pagina-instellingen</target>
      <target FeatureID="-1" href="OSS_HLP_SETTINGS_PRIVACY.html">Privacy-instellingen</target>
      <target FeatureID="true_167" href="OSS_HLP_SETTINGS_RSS.html">Webfeedinstellingen</target>
      <target FeatureID="-1" href="OSS_HLP_SETTINGS_FOLDERS.html">Webinstellingen</target>
      <target FeatureID="false_410" href="OSS_HLP_SHORTCUTS.html">Snelkoppelingen werkbalk</target>
      <target FeatureID="false_410" href="OSS_HLP_KEYPAD.html">Sneltoetsen</target>
   </keywords>
   <keywords>
      <text FeatureID="-1">webinstellingen</text>
      <target FeatureID="-1" href="OSS_HLP_SETTINGS_GENERAL.html">Algemene instellingen</target>
      <target FeatureID="-1" href="OSS_HLP_SETTINGS_PAGE.html">Pagina-instellingen</target>
      <target FeatureID="-1" href="OSS_HLP_SETTINGS_PRIVACY.html">Privacy-instellingen</target>
      <target FeatureID="true_167" href="OSS_HLP_SETTINGS_RSS.html">Webfeedinstellingen</target>
      <target FeatureID="-1" href="OSS_HLP_SETTINGS_FOLDERS.html">Webinstellingen</target>
      <target FeatureID="false_410" href="OSS_HLP_SHORTCUTS.html">Snelkoppelingen werkbalk</target>
      <target FeatureID="false_410" href="OSS_HLP_KEYPAD.html">Sneltoetsen</target>
   </keywords>
   <keywords>
      <text FeatureID="-1">instellen voor web</text>
      <target FeatureID="-1" href="OSS_HLP_SETTINGS_PAGE.html">Pagina-instellingen</target>
      <target FeatureID="true_167" href="OSS_HLP_SETTINGS_RSS.html">Webfeedinstellingen</target>
      <target FeatureID="-1" href="OSS_HLP_SETTINGS_FOLDERS.html">Webinstellingen</target>
   </keywords>
   <keywords>
      <text FeatureID="-1">privacy-instellingen</text>
      <target FeatureID="-1" href="OSS_HLP_SETTINGS_PRIVACY.html">Privacy-instellingen</target>
   </keywords>
   <keywords>
      <text FeatureID="-1">openen, specifieke pagina</text>
      <target FeatureID="-1" href="OSS_HLP_PAGEVIEW_EMBED.html">Web in toepassingen</target>
   </keywords>
   <keywords>
      <text FeatureID="-1">web in toepassingen</text>
      <target FeatureID="-1" href="OSS_HLP_PAGEVIEW_EMBED.html">Web in toepassingen</target>
   </keywords>
</keywords>