<?xml version="1.0" encoding="UTF-8"?><?xml-stylesheet  href="../../theme/xsl/index2html.xslt" type="text/xsl"?>
<topics FeatureID="-1" title="Quickoffice" compressed="true">
   <topicref FeatureID="-1" href="QFM_HLP_FILE_MENU.html" navtitle="Administrador de archivos"/>
   <topicref FeatureID="-1" href="QFM_HLP_LOC_MENU.html" navtitle="Quickoffice"/>
   <topicref FeatureID="-1" href="QPOINT_HLP_EDIT_SLIDE_VIEW.html" navtitle="Editar diapositivas"/>
   <topicref FeatureID="-1" href="QPOINT_HLP_EDIT_TEXT_VIEW.html" navtitle="Editar texto"/>
   <topicref FeatureID="-1" href="QPOINT_HLP_REPLACE_VIEW.html" navtitle="Buscar y reemplazar texto"/>
   <topicref FeatureID="-1" href="QPOINT_HLP_FIND_VIEW.html" navtitle="Buscar texto"/>
   <topicref FeatureID="-1" href="QPOINT_HLP_COMMENT_VIEW.html" navtitle="Ver coment."/>
   <topicref FeatureID="-1" href="QPOINT_HLP_VIEW_NOTES_VIEW.html" navtitle="Ver notas"/>
   <topicref FeatureID="-1" href="QPOINT_HLP_VIEW_OUTLINE_VIEW.html" navtitle="Ver cuadros"/>
   <topicref FeatureID="-1" href="QPOINT_HLP_VIEW_SLIDE_VIEW.html" navtitle="Ver diapositivas"/>
   <topicref FeatureID="-1" href="QSHEET_HLP_CELLS_EDIT.html" navtitle="Editar celdas"/>
   <topicref FeatureID="-1" href="QSHEET_HLP_EDIT_COLUMN.html" navtitle="Editar columnas"/>
   <topicref FeatureID="-1" href="QSHEET_HLP_EDIT_RANGE.html" navtitle="Editar rangos"/>
   <topicref FeatureID="-1" href="QSHEET_HLP_EDIT_ROW.html" navtitle="Editar filas"/>
   <topicref FeatureID="-1" href="QSHEET_HLP_REPLACE_VIEW.html" navtitle="Buscar y reemplazar texto"/>
   <topicref FeatureID="-1" href="QSHEET_HLP_FIND_VIEW.html" navtitle="Buscar texto"/>
   <topicref FeatureID="-1" href="QSHEET_HLP_VIEW_CELL.html" navtitle="Ver celdas"/>
   <topicref FeatureID="-1" href="QSHEET_HLP_CELLS_VIEW.html" navtitle="Ver hojas de cálculo"/>
   <topicref FeatureID="-1" href="QWORD_HLP_EDIT_MODE.html" navtitle="Editar documentos"/>
   <topicref FeatureID="-1" href="QWORD_HLP_FIND_MODE.html" navtitle="Buscar y reemplazar texto"/>
   <topicref FeatureID="-1" href="QWORD_HLP_VIEW_MODE.html" navtitle="Ver documentos"/>
   <topicref FeatureID="-1" href="QWORD_HLP_PAGE_VIEW.html" navtitle="Ver el diseño de la página"/>
</topics>