<?xml version="1.0" encoding="UTF-8"?>
<keywords>
   <keywords>
      <text FeatureID="-1">Quickoffice, administrador de archivos</text>
      <target FeatureID="-1" href="QFM_HLP_FILE_MENU.html">Administrador de archivos</target>
   </keywords>
   <keywords>
      <text FeatureID="-1">Quickoffice</text>
      <target FeatureID="-1" href="QFM_HLP_LOC_MENU.html">Quickoffice</target>
   </keywords>
   <keywords>
      <text FeatureID="-1">Quickpoint, buscar texto</text>
      <target FeatureID="-1" href="QPOINT_HLP_FIND_VIEW.html">Buscar texto en cuadro</target>
   </keywords>
   <keywords>
      <text FeatureID="-1">Quickpoint, notas</text>
      <target FeatureID="-1" href="QPOINT_HLP_VIEW_NOTES_VIEW.html">Ver notas</target>
   </keywords>
   <keywords>
      <text FeatureID="-1">Quickpoint, cuadros</text>
      <target FeatureID="-1" href="QPOINT_HLP_VIEW_OUTLINE_VIEW.html">Ver cuadros</target>
   </keywords>
   <keywords>
      <text FeatureID="-1">Quickpoint</text>
      <target FeatureID="-1" href="QPOINT_HLP_VIEW_SLIDE_VIEW.html">Ver diapositivas</target>
   </keywords>
   <keywords>
      <text FeatureID="-1">Quicksheet, buscar texto</text>
      <target FeatureID="-1" href="QSHEET_HLP_FIND_VIEW.html">Buscar texto en una hoja de cálculo</target>
   </keywords>
   <keywords>
      <text FeatureID="-1">Quicksheet, celdas</text>
      <target FeatureID="-1" href="QSHEET_HLP_VIEW_CELL.html">Ver celdas</target>
   </keywords>
   <keywords>
      <text FeatureID="-1">Quickword, buscar texto</text>
      <target FeatureID="-1" href="QWORD_HLP_FIND_MODE.html">Buscar texto</target>
   </keywords>
   <keywords>
      <text FeatureID="-1">Quickword</text>
      <target FeatureID="-1" href="QWORD_HLP_VIEW_MODE.html">Ver documentos</target>
   </keywords>
   <keywords>
      <text FeatureID="-1">Quickword, diseño de página</text>
      <target FeatureID="-1" href="QWORD_HLP_PAGE_VIEW.html">Ver el diseño de la página</target>
   </keywords>
</keywords>