<?xml version="1.0" encoding="UTF-8"?>
<keywords>
   <keywords>
      <text FeatureID="-1">Quickoffice, administrador de archivos</text>
      <target FeatureID="-1" href="QFM_HLP_FILE_MENU.html">Administrador de archivos</target>
   </keywords>
   <keywords>
      <text FeatureID="-1">Quickoffice</text>
      <target FeatureID="-1" href="QFM_HLP_LOC_MENU.html">Quickoffice</target>
   </keywords>
   <keywords>
      <text FeatureID="-1">Quickpoint</text>
      <target FeatureID="-1" href="QPOINT_HLP_EDIT_SLIDE_VIEW.html">Editar diapositivas</target>
      <target FeatureID="-1" href="QPOINT_HLP_REPLACE_VIEW.html">Buscar y reemplazar texto</target>
      <target FeatureID="-1" href="QPOINT_HLP_FIND_VIEW.html">Buscar texto</target>
      <target FeatureID="-1" href="QPOINT_HLP_VIEW_SLIDE_VIEW.html">Ver diapositivas</target>
   </keywords>
   <keywords>
      <text FeatureID="-1">Quickpoint, texto</text>
      <target FeatureID="-1" href="QPOINT_HLP_EDIT_TEXT_VIEW.html">Editar texto</target>
   </keywords>
   <keywords>
      <text FeatureID="-1">Quickpoint, comentarios</text>
      <target FeatureID="-1" href="QPOINT_HLP_COMMENT_VIEW.html">Ver coment.</target>
   </keywords>
   <keywords>
      <text FeatureID="-1">Quickpoint, notas</text>
      <target FeatureID="-1" href="QPOINT_HLP_VIEW_NOTES_VIEW.html">Ver notas</target>
   </keywords>
   <keywords>
      <text FeatureID="-1">Quickpoint, cuadros</text>
      <target FeatureID="-1" href="QPOINT_HLP_VIEW_OUTLINE_VIEW.html">Ver cuadros</target>
   </keywords>
   <keywords>
      <text FeatureID="-1">Quicksheet, celdas</text>
      <target FeatureID="-1" href="QSHEET_HLP_CELLS_EDIT.html">Editar celdas</target>
      <target FeatureID="-1" href="QSHEET_HLP_VIEW_CELL.html">Ver celdas</target>
   </keywords>
   <keywords>
      <text FeatureID="-1">Quicksheet, columnas</text>
      <target FeatureID="-1" href="QSHEET_HLP_EDIT_COLUMN.html">Editar columnas</target>
   </keywords>
   <keywords>
      <text FeatureID="-1">Quicksheet, rangos</text>
      <target FeatureID="-1" href="QSHEET_HLP_EDIT_RANGE.html">Editar rangos</target>
   </keywords>
   <keywords>
      <text FeatureID="-1">Quicksheet, filas</text>
      <target FeatureID="-1" href="QSHEET_HLP_EDIT_ROW.html">Editar filas</target>
   </keywords>
   <keywords>
      <text FeatureID="-1">Quicksheet</text>
      <target FeatureID="-1" href="QSHEET_HLP_REPLACE_VIEW.html">Buscar y reemplazar texto</target>
      <target FeatureID="-1" href="QSHEET_HLP_FIND_VIEW.html">Buscar texto</target>
      <target FeatureID="-1" href="QSHEET_HLP_CELLS_VIEW.html">Ver hojas de cálculo</target>
   </keywords>
   <keywords>
      <text FeatureID="-1">Quickword</text>
      <target FeatureID="-1" href="QWORD_HLP_EDIT_MODE.html">Editar documentos</target>
      <target FeatureID="-1" href="QWORD_HLP_FIND_MODE.html">Buscar y reemplazar texto</target>
      <target FeatureID="-1" href="QWORD_HLP_VIEW_MODE.html">Ver documentos</target>
      <target FeatureID="-1" href="QWORD_HLP_PAGE_VIEW.html">Ver el diseño de la página</target>
   </keywords>
</keywords>