<?xml version="1.0" encoding="UTF-8"?><?xml-stylesheet  href="../../theme/xsl/index2html.xslt" type="text/xsl"?>
<topics FeatureID="-1" title="Seaded" compressed="true">
   <topicref FeatureID="-1" href="CP_HLP_ADMINISTRATIVE_SETTINGS.html" navtitle="Halduriseaded"/>
   <topicref FeatureID="-1" href="CP_HLP_DEVICE_MANAGEMENT.html" navtitle="Seadme haldamine"/>
   <topicref FeatureID="true_109" href="SET_HLP_WLAN_WPA_MAIN.html" navtitle="WPA turvaseaded"/>
   <topicref FeatureID="true_109" href="SET_HLP_WLAN_8021X_MAIN.html" navtitle="802.1x turvaseaded"/>
   <topicref FeatureID="true_109" href="SET_HLP_WLAN_EAP_PLUGINS_IAP.html" navtitle="EAP seaded"/>
   <topicref FeatureID="true_109" href="SET_HLP_WLAN_EAP_AKA.html" navtitle="EAP-AKA seaded"/>
   <topicref FeatureID="true_109" href="SET_HLP_WLAN_EAP_SIM.html" navtitle="EAP-SIM-i seaded"/>
   <topicref FeatureID="true_109" href="SET_HLP_WLAN_EAP_GTC.html" navtitle="EAP-GTC seaded"/>
   <topicref FeatureID="true_109" href="SET_HLP_WLAN_EAP_TTLS_TYPES.html" navtitle="EAP-TTLS-i autentimisviisid"/>
   <topicref FeatureID="true_109" href="SET_HLP_WLAN_EAP_TTLS_SUITES.html" navtitle="EAP-TTLS-i šifrikomplektid"/>
   <topicref FeatureID="true_109" href="SET_HLP_WLAN_EAP_TTLS_SETT.html" navtitle="EAP-TTLS-i seaded"/>
   <topicref FeatureID="true_109" href="SET_HLP_WLAN_EAP_TLS_SUITES.html" navtitle="EAP-TLS-i šifrikomplektid"/>
   <topicref FeatureID="true_109" href="SET_HLP_WLAN_EAP_TLS_SETT.html" navtitle="EAP-TLS-i seaded"/>
   <topicref FeatureID="true_109" href="SET_HLP_WLAN_EAP_PEAP_TYPES.html" navtitle="EAP-PEAP autentimisviisid"/>
   <topicref FeatureID="true_109" href="SET_HLP_WLAN_EAP_PEAP_SUITES.html" navtitle="EAP-PEAP šifrikomplektid"/>
   <topicref FeatureID="true_109" href="SET_HLP_WLAN_EAP_PEAP_SETT.html" navtitle="EAP-PEAP seaded"/>
   <topicref FeatureID="true_109" href="SET_HLP_WLAN_EAP_MSCHAPV2.html" navtitle="EAP-MSCHAPV2 seaded"/>
   <topicref FeatureID="true_109" href="SET_HLP_WLAN_EAP_PLAIN_MSCHAP.html" navtitle="Tavalise MSCHAPV2 seaded"/>
   <topicref FeatureID="true_177" href="SET_HLP_WLAN_EAP_LEAP.html" navtitle="EAP-LEAP seaded"/>
   <topicref FeatureID="true_177" href="SET_HLP_WLAN_EAP_FAST_TYPES.html" navtitle="EAP-FAST autentimisviisid"/>
   <topicref FeatureID="true_177" href="SET_HLP_WLAN_EAP_FAST_SUITES.html" navtitle="EAP-FAST šifrikomplektid"/>
   <topicref FeatureID="true_177" href="SET_HLP_WLAN_EAP_FAST_SETT.html" navtitle="EAP-FAST seaded"/>
   <topicref FeatureID="true_109" href="SET_HLP_WLAN_EAP_PAP.html" navtitle="PAP seaded"/>
   <topicref FeatureID="true_109" href="SET_HLP_WLAN_WEP_KEY_SETT.html" navtitle="WEP-võtmete muutmine"/>
   <topicref FeatureID="true_109" href="SET_HLP_WLAN_WEP_MAIN.html" navtitle="WEP-turvaseaded"/>
   <topicref FeatureID="-1" href="ACL_HLP_MAIN.html" navtitle="Ühenduste piiramine"/>
   <topicref FeatureID="-1" href="SET_HLP_CONN_DEST_VIEW.html" navtitle="Sihtkohtade vaade"/>
   <topicref FeatureID="-1" href="SET_HLP_DEFAULT_CONN.html" navtitle="Vaikeühendus"/>
   <topicref FeatureID="true_99" href="SET_HLP_VPN_DEST_ASSOC_VIEW.html" navtitle="VPN-ühendused"/>
   <topicref FeatureID="-1" href="SET_HLP_CONN_METHODS_VIEW.html" navtitle="Pöörduspunktide vaade"/>
   <topicref FeatureID="-1" href="SET_HLP_APP_DEST_ASSOC_VIEW.html" navtitle="Rakenduste ühendused"/>
   <topicref FeatureID="-1" href="CP_HLP_APPILICATION_SETTINGS.html" navtitle="Rakenduse seaded"/>
   <topicref FeatureID="-1" href="SCP_HLP_CALL.html" navtitle="Kõne seaded"/>
   <topicref FeatureID="-1" href="CP_HLP_CONNECTIVITY.html" navtitle="Ühendusseaded"/>
   <topicref FeatureID="-1" href="CP_HLP_DISPLAY.html" navtitle="Ekraani seaded"/>
   <topicref FeatureID="-1" href="CP_HLP_DEVICE.html" navtitle="Seadme seaded"/>
   <topicref FeatureID="-1" href="CP_HLP_LANGUAGE.html" navtitle="Keeleseaded"/>
   <topicref FeatureID="-1" href="CP_HLP_MAIN_VIEW.html" navtitle="Seaded"/>
   <topicref FeatureID="-1" href="CP_HLP_NETWORK.html" navtitle="Võrguseaded"/>
   <topicref FeatureID="true_410" href="CP_HLP_PEN_INPUT.html" navtitle="Puutetundliku sisestuse seaded"/>
   <topicref FeatureID="-1" href="CP_HLP_PERSONAL.html" navtitle="Isiklik vaade"/>
   <topicref FeatureID="-1" href="CP_HLP_SECURITY.html" navtitle="Turvaseaded"/>
   <topicref FeatureID="-1" href="SET_HLP_SECURITY_DEVICE_SIM.html" navtitle="Seadme turvalisus"/>
   <topicref FeatureID="-1" href="CP_HLP_IDLE.html" navtitle="Avakuva"/>
   <topicref FeatureID="-1" href="CP_HLP_TELEPHONY.html" navtitle="Helistamisseaded"/>
   <topicref FeatureID="__DUAL_LANGUAGE_SUPPORT=true" href="CP_HLP_WRITING_LANGUAGE.html" navtitle="Sisestuskeel"/>
   <topicref FeatureID="-1" href="ES_HLP_LIGHT_MAIN.html" navtitle="Märguandetuli"/>
   <topicref FeatureID="-1" href="ES_HLP_LIGHT_BLINKING.html" navtitle="Märguandetule seaded"/>
   <topicref FeatureID="-1" href="SET_HLP_ACCESSORIES_LIST.html" navtitle="Tarvikute seaded"/>
   <topicref FeatureID="-1" href="SSET_HLP_MAIN_VIEW.html" navtitle="Anduri seaded"/>
   <topicref FeatureID="-1" href="SET_HLP_AP_SETTING_GPRS.html" navtitle="Pakettandmeside pöörduspunkt"/>
   <topicref FeatureID="-1" href="SET_HLP_AP_SETTING_GPRS_AS.html" navtitle="Pakettandmeside lisaseaded"/>
   <topicref FeatureID="true_110" href="SET_HLP_AP_DATA_AS_IPV4.html" navtitle="Andmesidekõne IPv4 seaded"/>
   <topicref FeatureID="true_1088" href="SET_HLP_AP_DATA_AS_IPV6.html" navtitle="Andmesidekõne IPv6 seaded"/>
   <topicref FeatureID="true_110" href="SET_HLP_AP_SETTING_DATA.html" navtitle="Andmesidekõne pöörduspunkt"/>
   <topicref FeatureID="true_110" href="SET_HLP_AP_SETTING_DATA_AS.html" navtitle="Andmesidekõne lisaseaded"/>
   <topicref FeatureID="true_109" href="SET_HLP_AP_SETTING_WLAN_AS.html" navtitle="Täpsemad WLAN-i seaded"/>
   <topicref FeatureID="-1" href="SET_HLP_VPN_AP_SETTINGS_VIEW.html" navtitle="VPN-i pöörduspunktide muutmine"/>
   <topicref FeatureID="true_109" href="SET_HLP_AP_SETTING_WLAN.html" navtitle="WLAN-i pöörduspunkt"/>
   <topicref FeatureID="true_109" href="SET_HLP_AP_WLAN_AS_IPV4.html" navtitle="WLAN IPv4 seaded"/>
   <topicref FeatureID="true_109" href="SET_HLP_AP_WLAN_AS_IPV6.html" navtitle="WLAN IPv6 seaded"/>
   <topicref FeatureID="-1" href="CP_HLP_AUTOKEYGUARD.html" navtitle="Automaatne klahvilukk"/>
   <topicref FeatureID="true_1537" href="RD_HLP_REMOTE_DRIVE_CONFIG.html" navtitle="Kaugdraivi seaded"/>
   <topicref FeatureID="true_1537" href="RD_HLP_REMOTE_DRIVES.html" navtitle="Kaugdraivid"/>
   <topicref FeatureID="-1" href="CP_HLP_NETWORK.html" navtitle="Võrguseaded"/>
   <topicref FeatureID="-1" href="SET_HLP_BARRING_SETTINGS.html" navtitle="Telefonikõnede piiramine"/>
   <topicref FeatureID="true_298" href="DIV_HLP_BARRING_MAIN.html" navtitle="Kõnede piiramine"/>
   <topicref FeatureID="-1" href="DIV_HLP_CALL_FORW_MAIN.html" navtitle="Kõnede ümbersuunamine"/>
   <topicref FeatureID="-1" href="DIV_HLP_CALL_FORW_VOI.html" navtitle="Tavakõnede ümbersuunamine"/>
   <topicref FeatureID="true_298" href="DIV_HLP_CALL_FORW_VOIP.html" navtitle="Interneti-kõnede piiramine"/>
   <topicref FeatureID="true_109" href="SET_HLP_WLAN_SETTINGS.html" navtitle="WLAN-i seaded"/>
   <topicref FeatureID="-1" href="CP_HLP_SYNCHRONISATION.html" navtitle="Sünkroonimisseaded"/>
   <topicref FeatureID="-1" href="CP_HLP_INSTALLATIONS.html" navtitle="Installid"/>
   <topicref FeatureID="-1" href="SET_HLP_ACCESSORIES_HEADPHONE.html" navtitle="Kõrvaklapiseaded"/>
   <topicref FeatureID="-1" href="SET_HLP_ACCESSORIES_HEADSET.html" navtitle="Peakomplekti seaded"/>
   <topicref FeatureID="-1" href="SET_HLP_ACCESS_WIRED_CK.html" navtitle="Juhtmega autovarustuse seaded"/>
   <topicref FeatureID="-1" href="SET_HLP_ACCESS_WIRELESS_CK.html" navtitle="Juhtmeta autovarustuse seaded"/>
   <topicref FeatureID="-1" href="SET_HLP_ACCESSORIES_LOOPSET.html" navtitle="Silmusvõimendi seaded"/>
   <topicref FeatureID="-1" href="SET_HLP_ACCESSORIES_MUSIC_ST.html" navtitle="Muusikakeskuse seaded"/>
   <topicref FeatureID="true_1032" href="SET_HLP_ACCESSORIES_TTY.html" navtitle="Tekstitelefoni seaded"/>
   <topicref FeatureID="true_1540" href="SET_HLP_ACCESSORIES_TVOUT.html" navtitle="TV-väljundi seaded"/>
   <topicref FeatureID="true_410" href="CP_HLP_PEN_INPUT.html" navtitle="Puutetundliku sisestuse seaded"/>
   <topicref FeatureID="-1" href="PREDINPUT_HLP_USERDICT.html" navtitle="Kasutajasõnastiku muutmine"/>
</topics>