<?xml version="1.0" encoding="UTF-8"?>
<keywords>
   <keywords>
      <text FeatureID="-1">seaded, klapp</text>
      <target FeatureID="-1" href="SET_HLP_SETTINGS_KEYPAD_COVER.html">Klapikasutuse seaded</target>
   </keywords>
   <keywords>
      <text FeatureID="-1">klapi seaded</text>
      <target FeatureID="-1" href="SET_HLP_SETTINGS_KEYPAD_COVER.html">Klapikasutuse seaded</target>
   </keywords>
   <keywords>
      <text FeatureID="-1">seadme haldamine</text>
      <target FeatureID="-1" href="CP_HLP_DEVICE_MANAGEMENT.html">Seadme haldamine</target>
   </keywords>
   <keywords>
      <text FeatureID="true_109">EAP (laiendatav autentimisprotokoll)</text>
      <target FeatureID="true_109" href="SET_HLP_WLAN_EAP_SIM.html">EAP-SIM-i seaded</target>
   </keywords>
   <keywords>
      <text FeatureID="true_109">seaded, WLAN</text>
      <target FeatureID="true_109" href="SET_HLP_WLAN_EAP_SIM.html">EAP-SIM-i seaded</target>
   </keywords>
   <keywords>
      <text FeatureID="-1">pöörduspunktide piiramine</text>
      <target FeatureID="-1" href="ACL_HLP_MAIN.html">Ühenduste piiramine</target>
   </keywords>
   <keywords>
      <text FeatureID="-1">ühenduseseaded</text>
      <target FeatureID="-1" href="SIP_HLP_PROF_PARAMS.html">SIP-profiili seaded</target>
      <target FeatureID="-1" href="SIP_HLP_MAIN.html">SIP-profiilid</target>
      <target FeatureID="-1" href="SET_HLP_CONN_DEST_VIEW.html">Sihtkohtade vaade</target>
      <target FeatureID="-1" href="SET_HLP_DEFAULT_CONN.html">Vaikeühendus</target>
      <target FeatureID="-1" href="SET_HLP_CONN_METHODS_VIEW.html">Pöörduspunktide vaade</target>
      <target FeatureID="true_1581" href="RD_HLP_REMOTE_DRIVE_CONFIG.html">Kaugdraivi seaded</target>
   </keywords>
   <keywords>
      <text FeatureID="-1">SIP seaded</text>
      <target FeatureID="-1" href="SIP_HLP_PROF_PARAMS.html">SIP-profiili seaded</target>
      <target FeatureID="-1" href="SIP_HLP_MAIN.html">SIP-profiilid</target>
      <target FeatureID="-1" href="SIP_HLP_PROXY_PARAMS.html">SIP-puhverserveri seaded</target>
      <target FeatureID="-1" href="SIP_HLP_REGISTRAR_PARAM.html">Registreerimisserveri seaded</target>
   </keywords>
   <keywords>
      <text FeatureID="-1">registreerimisserver</text>
      <target FeatureID="-1" href="SIP_HLP_REGISTRAR_PARAM.html">Registreerimisserveri seaded</target>
   </keywords>
   <keywords>
      <text FeatureID="-1">pöörduspunktid</text>
      <target FeatureID="-1" href="HLP_OCC_CONN_SETTINGS.html">Võrguühendused</target>
      <target FeatureID="-1" href="SET_HLP_CONN_METHODS_VIEW.html">Pöörduspunktide vaade</target>
   </keywords>
   <keywords>
      <text FeatureID="-1">seaded, ühendus</text>
      <target FeatureID="-1" href="HLP_OCC_CONN_SETTINGS.html">Võrguühendused</target>
   </keywords>
   <keywords>
      <text FeatureID="-1">sihtkoha seaded</text>
      <target FeatureID="-1" href="SET_HLP_CONN_DEST_VIEW.html">Sihtkohtade vaade</target>
   </keywords>
   <keywords>
      <text FeatureID="-1">vaikeühendus</text>
      <target FeatureID="-1" href="SET_HLP_DEFAULT_CONN.html">Vaikeühendus</target>
   </keywords>
   <keywords>
      <text FeatureID="-1">VPN-i pöörduspunktid</text>
      <target FeatureID="true_99" href="SET_HLP_VPN_DEST_ASSOC_VIEW.html">VPN-ühendused</target>
      <target FeatureID="-1" href="SET_HLP_VPN_AP_SETTINGS_VIEW.html">VPN-i pöörduspunktide muutmine</target>
   </keywords>
   <keywords>
      <text FeatureID="-1">rakenduste ühendused</text>
      <target FeatureID="-1" href="SET_HLP_APP_DEST_ASSOC_VIEW.html">Rakenduste ühendused</target>
   </keywords>
   <keywords>
      <text FeatureID="-1">rakenduse seaded</text>
      <target FeatureID="-1" href="CP_HLP_APPILICATION_SETTINGS.html">Rakenduse seaded</target>
   </keywords>
   <keywords>
      <text FeatureID="-1">kõned, seaded</text>
      <target FeatureID="-1" href="SCP_HLP_CALL.html">Kõne seaded</target>
   </keywords>
   <keywords>
      <text FeatureID="-1">seaded, kõned</text>
      <target FeatureID="-1" href="SCP_HLP_CALL.html">Kõne seaded</target>
   </keywords>
   <keywords>
      <text FeatureID="-1">ühenduvus</text>
      <target FeatureID="-1" href="CP_HLP_CONNECTIVITY.html">Ühendusseaded</target>
   </keywords>
   <keywords>
      <text FeatureID="-1">juhtpaneel</text>
      <target FeatureID="-1" href="CP_HLP_DISPLAY.html">Ekraani seaded</target>
      <target FeatureID="__DUAL_LANGUAGE_SUPPORT=true" href="CP_HLP_WRITING_LANGUAGE.html">Sisestuskeel</target>
   </keywords>
   <keywords>
      <text FeatureID="-1">ekraani seaded</text>
      <target FeatureID="-1" href="CP_HLP_DISPLAY.html">Ekraani seaded</target>
   </keywords>
   <keywords>
      <text FeatureID="-1">üldseaded</text>
      <target FeatureID="-1" href="CP_HLP_DEVICE.html">Seadme seaded</target>
   </keywords>
   <keywords>
      <text FeatureID="-1">seadme seaded</text>
      <target FeatureID="-1" href="CP_HLP_DEVICE.html">Seadme seaded</target>
   </keywords>
   <keywords>
      <text FeatureID="-1">keeleseaded</text>
      <target FeatureID="-1" href="CP_HLP_LANGUAGE.html">Keeleseaded</target>
   </keywords>
   <keywords>
      <text FeatureID="-1">seaded</text>
      <target FeatureID="-1" href="CP_HLP_MAIN_VIEW.html">Seaded</target>
   </keywords>
   <keywords>
      <text FeatureID="-1">võrguseaded</text>
      <target FeatureID="-1" href="CP_HLP_NETWORK.html">Võrguseaded</target>
      <target FeatureID="-1" href="CP_HLP_NETWORK.html">Võrguseaded</target>
   </keywords>
   <keywords>
      <text FeatureID="-1">profiil</text>
      <target FeatureID="-1" href="CP_HLP_PERSONAL.html">Isiklik vaade</target>
   </keywords>
   <keywords>
      <text FeatureID="-1">teema</text>
      <target FeatureID="-1" href="CP_HLP_PERSONAL.html">Isiklik vaade</target>
   </keywords>
   <keywords>
      <text FeatureID="-1">ooterežiim</text>
      <target FeatureID="-1" href="CP_HLP_PERSONAL.html">Isiklik vaade</target>
   </keywords>
   <keywords>
      <text FeatureID="-1">turvalisus, seaded</text>
      <target FeatureID="-1" href="CP_HLP_SECURITY.html">Turvaseaded</target>
   </keywords>
   <keywords>
      <text FeatureID="-1">seaded, turvalisus</text>
      <target FeatureID="-1" href="CP_HLP_SECURITY.html">Turvaseaded</target>
   </keywords>
   <keywords>
      <text FeatureID="-1">seade, lukustus</text>
      <target FeatureID="-1" href="SET_HLP_SECURITY_DEVICE_SIM.html">Seadme turvalisus</target>
   </keywords>
   <keywords>
      <text FeatureID="-1">turvalisus</text>
      <target FeatureID="-1" href="SET_HLP_SECURITY_DEVICE_SIM.html">Seadme turvalisus</target>
   </keywords>
   <keywords>
      <text FeatureID="__DUAL_LANGUAGE_SUPPORT=true">sisestuskeel</text>
      <target FeatureID="__DUAL_LANGUAGE_SUPPORT=true" href="CP_HLP_WRITING_LANGUAGE.html">Sisestuskeel</target>
   </keywords>
   <keywords>
      <text FeatureID="-1">tarvikute seaded</text>
      <target FeatureID="-1" href="SET_HLP_ACCESSORIES_LIST.html">Tarvikute seaded</target>
      <target FeatureID="-1" href="SET_HLP_ACCESSORIES_HEADPHONE.html">Kõrvaklapiseaded</target>
      <target FeatureID="-1" href="SET_HLP_ACCESSORIES_HEADSET.html">Peakomplekti seaded</target>
      <target FeatureID="-1" href="SET_HLP_ACCESS_WIRED_CK.html">Juhtmega autovarustuse seaded</target>
      <target FeatureID="true_1032" href="SET_HLP_ACCESSORIES_TTY.html">Tekstitelefoni seaded</target>
      <target FeatureID="true_1540" href="SET_HLP_ACCESSORIES_TVOUT.html">TV-väljundi seaded</target>
   </keywords>
   <keywords>
      <text FeatureID="-1">pakettandmeside pöörduspunkt</text>
      <target FeatureID="-1" href="SET_HLP_AP_SETTING_GPRS.html">Pakettandmeside pöörduspunkt</target>
   </keywords>
   <keywords>
      <text FeatureID="-1">pakettandmeside seaded</text>
      <target FeatureID="-1" href="SET_HLP_AP_SETTING_GPRS_AS.html">Pakettandmeside lisaseaded</target>
   </keywords>
   <keywords>
      <text FeatureID="-1">pakettandmeside pöörduspunktid</text>
      <target FeatureID="-1" href="SET_HLP_AP_SETTING_GPRS_AS.html">Pakettandmeside lisaseaded</target>
   </keywords>
   <keywords>
      <text FeatureID="true_1088 true_110">andmesidekõne pöörduspunktid</text>
      <target FeatureID="true_110" href="SET_HLP_AP_DATA_AS_IPV4.html">Andmesidekõne IPv4 seaded</target>
      <target FeatureID="true_1088" href="SET_HLP_AP_DATA_AS_IPV6.html">Andmesidekõne IPv6 seaded</target>
      <target FeatureID="true_110" href="SET_HLP_AP_SETTING_DATA_AS.html">Andmesidekõne lisaseaded</target>
   </keywords>
   <keywords>
      <text FeatureID="true_110">pöörduspunktiseaded</text>
      <target FeatureID="true_110" href="SET_HLP_AP_SETTING_DATA.html">Andmesidekõne pöörduspunkt</target>
      <target FeatureID="true_110" href="SET_HLP_AP_SETTING_DATA_AS.html">Andmesidekõne lisaseaded</target>
   </keywords>
   <keywords>
      <text FeatureID="true_110">andmesidekõne seaded</text>
      <target FeatureID="true_110" href="SET_HLP_AP_SETTING_DATA.html">Andmesidekõne pöörduspunkt</target>
   </keywords>
   <keywords>
      <text FeatureID="-1">virtuaalne privaatvõrk</text>
      <target FeatureID="-1" href="SET_HLP_VPN_AP_SETTINGS_VIEW.html">VPN-i pöörduspunktide muutmine</target>
   </keywords>
   <keywords>
      <text FeatureID="-1">klahvilukk</text>
      <target FeatureID="-1" href="CP_HLP_AUTOKEYGUARD.html">Automaatne klahvilukk</target>
   </keywords>
   <keywords>
      <text FeatureID="true_1581">kaugdraivid</text>
      <target FeatureID="true_1581" href="RD_HLP_REMOTE_DRIVE_CONFIG.html">Kaugdraivi seaded</target>
      <target FeatureID="true_1581" href="RD_HLP_REMOTE_DRIVES.html">Kaugdraivid</target>
   </keywords>
   <keywords>
      <text FeatureID="true_1581">ühendusseaded</text>
      <target FeatureID="true_1581" href="RD_HLP_REMOTE_DRIVES.html">Kaugdraivid</target>
   </keywords>
   <keywords>
      <text FeatureID="-1">kõnepiirang</text>
      <target FeatureID="-1" href="SET_HLP_BARRING_SETTINGS.html">Telefonikõnede piiramine</target>
      <target FeatureID="true_298" href="DIV_HLP_BARRING_MAIN.html">Kõnede piiramine</target>
   </keywords>
   <keywords>
      <text FeatureID="-1">kõne piiramine</text>
      <target FeatureID="-1" href="SET_HLP_BARRING_SETTINGS.html">Telefonikõnede piiramine</target>
      <target FeatureID="true_298" href="DIV_HLP_BARRING_MAIN.html">Kõnede piiramine</target>
   </keywords>
   <keywords>
      <text FeatureID="-1">kõnede suunamine</text>
      <target FeatureID="true_89" href="DIV_HLP_CALL_FORW_VID.html">Videokõnede suunamine</target>
      <target FeatureID="-1" href="DIV_HLP_CALL_FORW_MAIN.html">Kõnede ümbersuunamine</target>
      <target FeatureID="-1" href="DIV_HLP_CALL_FORW_VOI.html">Tavakõnede ümbersuunamine</target>
   </keywords>
   <keywords>
      <text FeatureID="-1">kõnede edasisuunamine</text>
      <target FeatureID="-1" href="DIV_HLP_CALL_FORW_MAIN.html">Kõnede ümbersuunamine</target>
   </keywords>
   <keywords>
      <text FeatureID="-1">sünkroonimisseaded</text>
      <target FeatureID="-1" href="CP_HLP_SYNCHRONISATION.html">Sünkroonimisseaded</target>
   </keywords>
   <keywords>
      <text FeatureID="-1">rakenduste installimine</text>
      <target FeatureID="-1" href="CP_HLP_INSTALLATIONS.html">Installid</target>
   </keywords>
   <keywords>
      <text FeatureID="-1">kõrvaklapiseaded</text>
      <target FeatureID="-1" href="SET_HLP_ACCESSORIES_HEADPHONE.html">Kõrvaklapiseaded</target>
   </keywords>
   <keywords>
      <text FeatureID="-1">peakomplekti seaded</text>
      <target FeatureID="-1" href="SET_HLP_ACCESSORIES_HEADSET.html">Peakomplekti seaded</target>
   </keywords>
   <keywords>
      <text FeatureID="-1">juhtmega autovarustuse seaded</text>
      <target FeatureID="-1" href="SET_HLP_ACCESS_WIRED_CK.html">Juhtmega autovarustuse seaded</target>
   </keywords>
   <keywords>
      <text FeatureID="-1">autovarustuse seaded</text>
      <target FeatureID="-1" href="SET_HLP_ACCESS_WIRED_CK.html">Juhtmega autovarustuse seaded</target>
   </keywords>
   <keywords>
      <text FeatureID="-1">muusikakeskuse seaded</text>
      <target FeatureID="-1" href="SET_HLP_ACCESSORIES_MUSIC_ST.html">Muusikakeskuse seaded</target>
   </keywords>
   <keywords>
      <text FeatureID="true_1032">TTY seaded</text>
      <target FeatureID="true_1032" href="SET_HLP_ACCESSORIES_TTY.html">Tekstitelefoni seaded</target>
   </keywords>
   <keywords>
      <text FeatureID="true_1032">TDD seaded</text>
      <target FeatureID="true_1032" href="SET_HLP_ACCESSORIES_TTY.html">Tekstitelefoni seaded</target>
   </keywords>
   <keywords>
      <text FeatureID="true_1540">TV-väljundi seaded</text>
      <target FeatureID="true_1540" href="SET_HLP_ACCESSORIES_TVOUT.html">TV-väljundi seaded</target>
   </keywords>
   <keywords>
      <text FeatureID="true_410">tekstisisestus</text>
      <target FeatureID="true_410" href="PREDINPUT_HLP_VIRTUAL_ITI_SETTINGS.html">Tekstisisestusseaded</target>
   </keywords>
   <keywords>
      <text FeatureID="-1">ennustav tekstisisestus</text>
      <target FeatureID="-1" href="PREDINPUT_HLP_VIRTUAL_ITI.html">Ennustav tekstisisestus</target>
   </keywords>
   <keywords>
      <text FeatureID="-1">seaded, taastamine</text>
      <target FeatureID="-1" href="SET_HLP_GENERAL_ORIG_SET.html">Algseadete taastamine</target>
   </keywords>
   <keywords>
      <text FeatureID="-1">seadete taastamine</text>
      <target FeatureID="-1" href="SET_HLP_GENERAL_ORIG_SET.html">Algseadete taastamine</target>
   </keywords>
   <keywords>
      <text FeatureID="-1">algseaded, taastamine</text>
      <target FeatureID="-1" href="SET_HLP_GENERAL_ORIG_SET.html">Algseadete taastamine</target>
   </keywords>
</keywords>