<?xml version="1.0" encoding="UTF-8"?>
<keywords>
   <keywords>
      <text FeatureID="-1">mengedit imej</text>
      <target FeatureID="-1" href="SIE_HLP_MAIN.html">Edit imej</target>
   </keywords>
   <keywords>
      <text FeatureID="-1">mengedit teks</text>
      <target FeatureID="-1" href="SIE_HLP_EDIT_TEXT.html">Edit teks dalam imej</target>
   </keywords>
   <keywords>
      <text FeatureID="-1">editor imej</text>
      <target FeatureID="-1" href="SIE_HLP_EDIT_TEXT.html">Edit teks dalam imej</target>
   </keywords>
   <keywords>
      <text FeatureID="-1">mengedit imej yang dizum</text>
      <target FeatureID="-1" href="SIE_HLP_ZOOMING.html">Edit imej yang dizum</target>
   </keywords>
   <keywords>
      <text FeatureID="-1">mengezum imej</text>
      <target FeatureID="-1" href="SIE_HLP_ZOOMING.html">Edit imej yang dizum</target>
   </keywords>
   <keywords>
      <text FeatureID="-1">mengedit seni klip</text>
      <target FeatureID="-1" href="SIE_HLP_EDIT_CLIPART.html">Edit seni klip</target>
   </keywords>
   <keywords>
      <text FeatureID="-1">mengedit bubel perbualan</text>
      <target FeatureID="-1" href="SIE_HLP_EDIT_CLIPART.html">Edit seni klip</target>
   </keywords>
   <keywords>
      <text FeatureID="-1">mengurangkan kesan mata merah</text>
      <target FeatureID="-1" href="SIE_HLP_REDEYE.html">Kurangkan kesan mata merah</target>
   </keywords>
</keywords>