<?xml version="1.0" encoding="UTF-8"?>
<keywords>
   <keywords>
      <text FeatureID="-1">odszyfrowywanie, karta pamięci</text>
      <target FeatureID="-1" href="ES_HLP_ENCRYPTION_DECRYPT.html">Odszyfruj kartę pamięci</target>
   </keywords>
   <keywords>
      <text FeatureID="-1">szyfrowanie, karta pamięci</text>
      <target FeatureID="-1" href="ES_HLP_ENCRYPTION_ENCRYPT.html">Szyfrowanie karty pamięci</target>
   </keywords>
   <keywords>
      <text FeatureID="-1">szyfrowanie, pamięć urządzenia i karta pamięci</text>
      <target FeatureID="-1" href="ES_HLP_ENCRYPTION_MAIN.html">Szyfrowanie/odszyfrowywanie</target>
   </keywords>
   <keywords>
      <text FeatureID="-1">odszyfrowywanie, pamięć urządzenia i karta pamięci</text>
      <target FeatureID="-1" href="ES_HLP_ENCRYPTION_MAIN.html">Szyfrowanie/odszyfrowywanie</target>
   </keywords>
</keywords>