<?xml version="1.0" encoding="UTF-8"?>
<keywords>
   <keywords>
      <text FeatureID="-1">doorsturen, berichten</text>
      <target FeatureID="-1" href="MMS_HLP_MMS_FWD_REQUEST.html">Multimediaberichten doorsturen</target>
   </keywords>
   <keywords>
      <text FeatureID="-1">multimediaberichten</text>
      <target FeatureID="-1" href="MMS_HLP_MMS_FWD_REQUEST_SEND.html">Verzoek tot doorsturen in Verzonden items</target>
      <target FeatureID="-1" href="MMS_HLP_MMS_VIEWER.html">Multimediaberichten weergeven</target>
   </keywords>
   <keywords>
      <text FeatureID="-1">multimediameldingen</text>
      <target FeatureID="-1" href="MMS_HLP_NOTIFICATION_VIEWER.html">Multimediameldingen</target>
   </keywords>
   <keywords>
      <text FeatureID="-1">mediaobjecten</text>
      <target FeatureID="-1" href="MMS_HLP_OBJECTS_VIEW_VIEWER.html">Mediaobjecten weergeven</target>
   </keywords>
   <keywords>
      <text FeatureID="-1">multimediaobjecten</text>
      <target FeatureID="-1" href="MMS_HLP_OBJECTS_VIEW_VIEWER.html">Mediaobjecten weergeven</target>
   </keywords>
   <keywords>
      <text FeatureID="-1">MMS</text>
      <target FeatureID="-1" href="MMS_HLP_MMS_VIEWER.html">Multimediaberichten weergeven</target>
   </keywords>
</keywords>