<?xml version="1.0" encoding="UTF-8"?>
<keywords>
   <keywords>
      <text FeatureID="-1">فائل مينيجر</text>
      <target FeatureID="-1" href="FMGR_HLP_MEM_STORE_VIEW.html">فائليں منظم کريں</target>
      <target FeatureID="-1" href="FMGR_HLP_MAIN_VIEW.html">فائل مينيجر</target>
      <target FeatureID="-1" href="FMGR_HLP_SEARCH_RESULTS.html">فائل تلاش</target>
      <target FeatureID="-1" href="FMGR_HLP_BACKUP_VIEW.html">فائل بیک اپ</target>
   </keywords>
   <keywords>
      <text FeatureID="-1">حافظہ کارڈ</text>
      <target FeatureID="-1" href="FMGR_HLP_MEM_STORE_VIEW.html">فائليں منظم کريں</target>
      <target FeatureID="-1" href="FMGR_HLP_MAIN_VIEW.html">فائل مينيجر</target>
      <target FeatureID="-1" href="FMGR_HLP_BACKUP_VIEW.html">فائل بیک اپ</target>
   </keywords>
   <keywords>
      <text FeatureID="-1">فائل تلاش کرنا</text>
      <target FeatureID="-1" href="FMGR_HLP_SEARCH_RESULTS.html">فائل تلاش</target>
   </keywords>
   <keywords>
      <text FeatureID="-1">فولڈروں کو تلاش کرنا</text>
      <target FeatureID="-1" href="FMGR_HLP_SEARCH_RESULTS.html">فائل تلاش</target>
   </keywords>
   <keywords>
      <text FeatureID="-1">بیک اپ</text>
      <target FeatureID="-1" href="FMGR_HLP_BACKUP_VIEW.html">فائل بیک اپ</target>
   </keywords>
</keywords>