<?xml version="1.0" encoding="UTF-8"?>
<keywords>
   <keywords>
      <text FeatureID="-1">обновление программного обеспечения</text>
      <target FeatureID="-1" href="SWUPDATE_HLP_MAIN.html">Обновление программного обеспечения</target>
      <target FeatureID="-1" href="SWUPDATE_HLP_MAIN.html">Обновление программного обеспечения</target>
   </keywords>
   <keywords>
      <text FeatureID="-1">параметры обновления программного обеспечения</text>
      <target FeatureID="-1" href="SWUPDATE_HLP_SETTINGS.html">Параметры обновления программного обеспечения</target>
   </keywords>
</keywords>