<?xml version="1.0" encoding="UTF-8"?>
<keywords>
   <keywords>
      <text FeatureID="-1">mensagens de difusão por células</text>
      <target FeatureID="-1" href="CBS_HLP_TOPIC_VIEW.html">Mensagens de difusão por células</target>
      <target FeatureID="-1" href="CBS_HLP_MAIN.html">Tópicos de difusão por células</target>
      <target FeatureID="-1" href="CBS_HLP_MSG.html">Ver mensagens CBS</target>
   </keywords>
   <keywords>
      <text FeatureID="-1">tópicos de difusão por células</text>
      <target FeatureID="-1" href="CBS_HLP_MAIN.html">Tópicos de difusão por células</target>
   </keywords>
</keywords>