<?xml version="1.0" encoding="UTF-8"?>
<keywords>
   <keywords>
      <text FeatureID="-1">messaggi info, impostazioni</text>
      <target FeatureID="-1" href="WPUSH_HLP_SETTINGS.html">Impostazioni messaggi info</target>
   </keywords>
   <keywords>
      <text FeatureID="-1">messaggi push</text>
      <target FeatureID="-1" href="WPUSH_HLP_VIEWER.html">Messaggi di informazioni</target>
   </keywords>
   <keywords>
      <text FeatureID="-1">messaggi info</text>
      <target FeatureID="-1" href="WPUSH_HLP_VIEWER.html">Messaggi di informazioni</target>
   </keywords>
</keywords>