<?xml version="1.0" encoding="UTF-8"?>
<keywords>
   <keywords>
      <text FeatureID="-1">paketové dátové spojenia</text>
      <target FeatureID="-1" href="GPRS_HLP_MAIN.html">Paketové dátové spojenia</target>
      <target FeatureID="-1" href="LOGS_HLP_COUNTER.html">Registre hovorov a dát</target>
   </keywords>
   <keywords>
      <text FeatureID="-1">trvanie hovorov</text>
      <target FeatureID="-1" href="LOGS_HLP_COUNTER.html">Registre hovorov a dát</target>
   </keywords>
   <keywords>
      <text FeatureID="-1">posledné hovory</text>
      <target FeatureID="-1" href="LOGS_HLP_COUNTER.html">Registre hovorov a dát</target>
      <target FeatureID="-1" href="STM_HLP_MAIN.html">Posledné hovory</target>
   </keywords>
   <keywords>
      <text FeatureID="-1">denníky</text>
      <target FeatureID="-1" href="LOGS_HLP_DETAIL.html">Info o udalostiach v denníku</target>
      <target FeatureID="-1" href="LOGS_HLP_MAIN.html">Informácie v denníku</target>
   </keywords>
   <keywords>
      <text FeatureID="-1">nastavenia denníka</text>
      <target FeatureID="-1" href="LOGS_HLP_SETTING.html">Nastavenia denníka</target>
   </keywords>
   <keywords>
      <text FeatureID="-1">volané čísla</text>
      <target FeatureID="-1" href="STM_HLP_DIALLED.html">Volané čísla</target>
   </keywords>
   <keywords>
      <text FeatureID="-1">denník hovorov</text>
      <target FeatureID="-1" href="STM_HLP_MAIN.html">Posledné hovory</target>
   </keywords>
   <keywords>
      <text FeatureID="-1">neprijaté hovory</text>
      <target FeatureID="-1" href="STM_HLP_MISSED.html">Neprijaté hovory</target>
   </keywords>
   <keywords>
      <text FeatureID="-1">prijaté hovory</text>
      <target FeatureID="-1" href="STM_HLP_RECEIVED.html">Prijaté hovory</target>
      <target FeatureID="-1" href="STM_HLP_RECEIVED.html">Prijaté hovory</target>
   </keywords>
   <keywords>
      <text FeatureID="-1">trvanie hovoru</text>
      <target FeatureID="-1" href="TIMERS_HLP_MAIN.html">Trvanie hovoru</target>
   </keywords>
   <keywords>
      <text FeatureID="-1">dĺžka hovorov</text>
      <target FeatureID="-1" href="TIMERS_HLP_MAIN.html">Trvanie hovoru</target>
   </keywords>
</keywords>