<?xml version="1.0" encoding="UTF-8"?>
<keywords>
   <keywords>
      <text FeatureID="-1">پیغامِ خدمت کی ترتیبات</text>
      <target FeatureID="-1" href="WPUSH_HLP_SETTINGS.html">پيغام ترتيبات</target>
   </keywords>
   <keywords>
      <text FeatureID="-1">پش پیغامات</text>
      <target FeatureID="-1" href="WPUSH_HLP_VIEWER.html">خدمت کے پیغامات دیکھیں</target>
   </keywords>
   <keywords>
      <text FeatureID="-1">خدمت پیغامات</text>
      <target FeatureID="-1" href="WPUSH_HLP_VIEWER.html">خدمت کے پیغامات دیکھیں</target>
   </keywords>
</keywords>