<?xml version="1.0" encoding="UTF-8"?><?xml-stylesheet  href="../../theme/xsl/index2html.xslt" type="text/xsl"?>
<topics FeatureID="-1" title="Mensajería" compressed="true">
   <topicref FeatureID="-1" href="MCE_HLP_MESSAGING.html" navtitle="Centro mens."/>
   <topicref FeatureID="-1" href="MCE_HLP_SIM.html" navtitle="Ver mens. SIM"/>
   <topicref FeatureID="-1" href="MCE_HLP_SETTINGS.html" navtitle="Configuraciones de mensajes"/>
   <topicref FeatureID="-1" href="MCE_HLP_SETTINGS_SMS.html" navtitle="Config. mensajes texto"/>
   <topicref FeatureID="-1" href="SMS_HLP_SETTINGS_SCENTRES.html" navtitle="Config. centro mens. texto"/>
   <topicref FeatureID="-1" href="SMS_HLP_SETTINGS_SCENTRES_EDIT.html" navtitle="Editar centros mens. texto"/>
   <topicref FeatureID="true_1092" href="SMS_HLP_SETTINGS_SMS_EMAIL.html" navtitle="Config. e-mail mens. texto"/>
   <topicref FeatureID="-1" href="MCE_HLP_SETTINGS_MMS.html" navtitle="Config. mens. multimedia"/>
   <topicref FeatureID="true_1090" href="MCE_HLP_SETTINGS_CB.html" navtitle="Configuraciones de difusión celular"/>
   <topicref FeatureID="-1" href="MCE_HLP_SETTINGS_GEN.html" navtitle="Otras config."/>
   <topicref FeatureID="-1" href="MCE_HLP_INBOX.html" navtitle="Buz. entrada"/>
   <topicref FeatureID="-1" href="MCE_HLP_DOCUMENTS.html" navtitle="Mis carpetas"/>
   <topicref FeatureID="-1" href="MCE_HLP_TEMPLATES.html" navtitle="Plantillas mens."/>
   <topicref FeatureID="-1" href="MCE_HLP_FOLDER.html" navtitle="Organizar mens."/>
   <topicref FeatureID="-1" href="MCE_HLP_DRAFTS.html" navtitle="Borradores"/>
   <topicref FeatureID="-1" href="MCE_HLP_SENT_ITEMS.html" navtitle="Mens. enviados"/>
   <topicref FeatureID="-1" href="MCE_HLP_OUTBOX.html" navtitle="Buzón salida"/>
   <topicref FeatureID="-1" href="MCE_HLP_DELIVERY_REPORTS.html" navtitle="Informes de entrega"/>
   <topicref FeatureID="true_1132" href="MCE_HLP_MMS_NOTIFICATIONS.html" navtitle="Notif. multimedia"/>
   <topicref FeatureID="-1" href="FIND_HLP.html" navtitle="Buscar números o direcciones"/>
</topics>