<?xml version="1.0" encoding="UTF-8"?>
<keywords>
   <keywords>
      <text FeatureID="-1">enviar mensajes</text>
      <target FeatureID="-1" href="MCE_HLP_MESSAGING.html">Centro mens.</target>
      <target FeatureID="-1" href="MCE_HLP_OUTBOX.html">Buzón salida</target>
   </keywords>
   <keywords>
      <text FeatureID="-1">recepción de mensajes</text>
      <target FeatureID="-1" href="MCE_HLP_MESSAGING.html">Centro mens.</target>
      <target FeatureID="-1" href="MCE_HLP_INBOX.html">Buz. entrada</target>
   </keywords>
   <keywords>
      <text FeatureID="-1">mensajes SIM</text>
      <target FeatureID="-1" href="MCE_HLP_SIM.html">Ver mens. SIM</target>
   </keywords>
   <keywords>
      <text FeatureID="-1">mensajes en tarjeta SIM</text>
      <target FeatureID="-1" href="MCE_HLP_SIM.html">Ver mens. SIM</target>
   </keywords>
   <keywords>
      <text FeatureID="-1">configuraciones de mensajes</text>
      <target FeatureID="-1" href="MCE_HLP_SETTINGS.html">Configuraciones de mensajes</target>
      <target FeatureID="-1" href="MCE_HLP_SETTINGS_GEN.html">Otras config.</target>
   </keywords>
   <keywords>
      <text FeatureID="-1">configuraciones de SMS</text>
      <target FeatureID="-1" href="MCE_HLP_SETTINGS_SMS.html">Config. mensajes texto</target>
   </keywords>
   <keywords>
      <text FeatureID="-1">configuraciones de mensajes de texto</text>
      <target FeatureID="-1" href="MCE_HLP_SETTINGS_SMS.html">Config. mensajes texto</target>
      <target FeatureID="-1" href="SMS_HLP_SETTINGS_SCENTRES.html">Config. centro mens. texto</target>
      <target FeatureID="-1" href="SMS_HLP_SETTINGS_SCENTRES_EDIT.html">Editar centros mens. texto</target>
   </keywords>
   <keywords>
      <text FeatureID="-1">configuraciones del centro de mensajes</text>
      <target FeatureID="-1" href="SMS_HLP_SETTINGS_SCENTRES.html">Config. centro mens. texto</target>
      <target FeatureID="-1" href="SMS_HLP_SETTINGS_SCENTRES_EDIT.html">Editar centros mens. texto</target>
   </keywords>
   <keywords>
      <text FeatureID="-1">configuraciones del centro de SMS</text>
      <target FeatureID="-1" href="SMS_HLP_SETTINGS_SCENTRES.html">Config. centro mens. texto</target>
   </keywords>
   <keywords>
      <text FeatureID="true_1092">e-mail de mensaje de texto</text>
      <target FeatureID="true_1092" href="SMS_HLP_SETTINGS_SMS_EMAIL.html">Config. e-mail mens. texto</target>
   </keywords>
   <keywords>
      <text FeatureID="true_1092">configuraciones de e-mail de sms</text>
      <target FeatureID="true_1092" href="SMS_HLP_SETTINGS_SMS_EMAIL.html">Config. e-mail mens. texto</target>
   </keywords>
   <keywords>
      <text FeatureID="-1">configuraciones de MMS</text>
      <target FeatureID="-1" href="MCE_HLP_SETTINGS_MMS.html">Config. mens. multimedia</target>
   </keywords>
   <keywords>
      <text FeatureID="true_1090">configuraciones de difusión celular</text>
      <target FeatureID="true_1090" href="MCE_HLP_SETTINGS_CB.html">Configuraciones de difusión celular</target>
   </keywords>
   <keywords>
      <text FeatureID="-1">buzón</text>
      <target FeatureID="-1" href="MCE_HLP_INBOX.html">Buz. entrada</target>
   </keywords>
   <keywords>
      <text FeatureID="-1">mis carpetas</text>
      <target FeatureID="-1" href="MCE_HLP_DOCUMENTS.html">Mis carpetas</target>
   </keywords>
   <keywords>
      <text FeatureID="-1">almacenar mensajes</text>
      <target FeatureID="-1" href="MCE_HLP_DOCUMENTS.html">Mis carpetas</target>
   </keywords>
   <keywords>
      <text FeatureID="-1">envío de plantillas</text>
      <target FeatureID="-1" href="MCE_HLP_TEMPLATES.html">Plantillas mens.</target>
   </keywords>
   <keywords>
      <text FeatureID="-1">plantillas de mensaje</text>
      <target FeatureID="-1" href="MCE_HLP_TEMPLATES.html">Plantillas mens.</target>
   </keywords>
   <keywords>
      <text FeatureID="-1">organizar mensajes</text>
      <target FeatureID="-1" href="MCE_HLP_FOLDER.html">Organizar mens.</target>
   </keywords>
   <keywords>
      <text FeatureID="-1">guardar mensajes en borrador</text>
      <target FeatureID="-1" href="MCE_HLP_DRAFTS.html">Borradores</target>
   </keywords>
   <keywords>
      <text FeatureID="-1">mensajes en borrador</text>
      <target FeatureID="-1" href="MCE_HLP_DRAFTS.html">Borradores</target>
   </keywords>
   <keywords>
      <text FeatureID="-1">mensajes enviados</text>
      <target FeatureID="-1" href="MCE_HLP_SENT_ITEMS.html">Mens. enviados</target>
   </keywords>
   <keywords>
      <text FeatureID="-1">ver el buzón de salida</text>
      <target FeatureID="-1" href="MCE_HLP_OUTBOX.html">Buzón salida</target>
   </keywords>
   <keywords>
      <text FeatureID="-1">informes de entrega</text>
      <target FeatureID="-1" href="MCE_HLP_DELIVERY_REPORTS.html">Informes de entrega</target>
   </keywords>
   <keywords>
      <text FeatureID="true_1132">notificaciones MMS</text>
      <target FeatureID="true_1132" href="MCE_HLP_MMS_NOTIFICATIONS.html">Notif. multimedia</target>
   </keywords>
   <keywords>
      <text FeatureID="-1">búsqueda núms. teléf.</text>
      <target FeatureID="-1" href="FIND_HLP.html">Buscar números o direcciones</target>
   </keywords>
   <keywords>
      <text FeatureID="-1">búsqueda de direcciones</text>
      <target FeatureID="-1" href="FIND_HLP.html">Buscar números o direcciones</target>
   </keywords>
</keywords>