<?xml version="1.0" encoding="UTF-8"?><?xml-stylesheet  href="../../theme/xsl/index2html.xslt" type="text/xsl"?>
<topics FeatureID="-1" title="التطبيق Quickoffice" compressed="true">
   <topicref FeatureID="-1" href="QFM_HLP_FILE_MENU.html" navtitle="مدير الملفات"/>
   <topicref FeatureID="-1" href="QFM_HLP_LOC_MENU.html" navtitle="التطبيق Quickoffice"/>
   <topicref FeatureID="-1" href="QPOINT_HLP_EDIT_SLIDE_VIEW.html" navtitle="تحرير الشرائح"/>
   <topicref FeatureID="-1" href="QPOINT_HLP_EDIT_TEXT_VIEW.html" navtitle="تعديل النص"/>
   <topicref FeatureID="-1" href="QPOINT_HLP_REPLACE_VIEW.html" navtitle="البحث عن نص واستبداله"/>
   <topicref FeatureID="-1" href="QPOINT_HLP_FIND_VIEW.html" navtitle="بحث النص"/>
   <topicref FeatureID="-1" href="QPOINT_HLP_COMMENT_VIEW.html" navtitle="عرض التعليقات"/>
   <topicref FeatureID="-1" href="QPOINT_HLP_VIEW_NOTES_VIEW.html" navtitle="عرض الملاحظات"/>
   <topicref FeatureID="-1" href="QPOINT_HLP_VIEW_OUTLINE_VIEW.html" navtitle="عرض مخططات تفصيلية"/>
   <topicref FeatureID="-1" href="QPOINT_HLP_VIEW_SLIDE_VIEW.html" navtitle="عرض الشرائح"/>
   <topicref FeatureID="-1" href="QSHEET_HLP_CELLS_EDIT.html" navtitle="تعديل الخلايا"/>
   <topicref FeatureID="-1" href="QSHEET_HLP_EDIT_COLUMN.html" navtitle="تعديل الأعمدة"/>
   <topicref FeatureID="-1" href="QSHEET_HLP_EDIT_RANGE.html" navtitle="‏‫تعديل نطاقات"/>
   <topicref FeatureID="-1" href="QSHEET_HLP_EDIT_ROW.html" navtitle="تعديل صفوف"/>
   <topicref FeatureID="-1" href="QSHEET_HLP_REPLACE_VIEW.html" navtitle="البحث عن نص واستبداله"/>
   <topicref FeatureID="-1" href="QSHEET_HLP_FIND_VIEW.html" navtitle="بحث النص"/>
   <topicref FeatureID="-1" href="QSHEET_HLP_VIEW_CELL.html" navtitle="عرض الخلايا"/>
   <topicref FeatureID="-1" href="QSHEET_HLP_CELLS_VIEW.html" navtitle="عرض جداول البيانات"/>
   <topicref FeatureID="-1" href="QWORD_HLP_EDIT_MODE.html" navtitle="تعديل المستندات"/>
   <topicref FeatureID="-1" href="QWORD_HLP_FIND_MODE.html" navtitle="البحث عن نص واستبداله"/>
   <topicref FeatureID="-1" href="QWORD_HLP_VIEW_MODE.html" navtitle="عرض المستندات"/>
   <topicref FeatureID="-1" href="QWORD_HLP_PAGE_VIEW.html" navtitle="عرض تخطيط الصفحة"/>
</topics>