<?xml version="1.0" encoding="UTF-8"?>
<keywords>
   <keywords>
      <text FeatureID="-1">التطبيق Quickoffice, مدير الملفات</text>
      <target FeatureID="-1" href="QFM_HLP_FILE_MENU.html">مدير الملفات</target>
   </keywords>
   <keywords>
      <text FeatureID="-1">التطبيق Quickoffice</text>
      <target FeatureID="-1" href="QFM_HLP_LOC_MENU.html">التطبيق Quickoffice</target>
   </keywords>
   <keywords>
      <text FeatureID="-1">التطبيق Quickpoint</text>
      <target FeatureID="-1" href="QPOINT_HLP_EDIT_SLIDE_VIEW.html">تحرير الشرائح</target>
      <target FeatureID="-1" href="QPOINT_HLP_REPLACE_VIEW.html">البحث عن نص واستبداله</target>
      <target FeatureID="-1" href="QPOINT_HLP_FIND_VIEW.html">بحث النص</target>
      <target FeatureID="-1" href="QPOINT_HLP_VIEW_SLIDE_VIEW.html">عرض الشرائح</target>
   </keywords>
   <keywords>
      <text FeatureID="-1">التطبيق Quickpoint, نص</text>
      <target FeatureID="-1" href="QPOINT_HLP_EDIT_TEXT_VIEW.html">تعديل النص</target>
   </keywords>
   <keywords>
      <text FeatureID="-1">التطبيق Quickpoint, التعليقات</text>
      <target FeatureID="-1" href="QPOINT_HLP_COMMENT_VIEW.html">عرض التعليقات</target>
   </keywords>
   <keywords>
      <text FeatureID="-1">التطبيق Quickpoint, ملاحظات</text>
      <target FeatureID="-1" href="QPOINT_HLP_VIEW_NOTES_VIEW.html">عرض الملاحظات</target>
   </keywords>
   <keywords>
      <text FeatureID="-1">التطبيق Quickpoint, مخططات تفصيلية</text>
      <target FeatureID="-1" href="QPOINT_HLP_VIEW_OUTLINE_VIEW.html">عرض مخططات تفصيلية</target>
   </keywords>
   <keywords>
      <text FeatureID="-1">التطبيق Quicksheet, الخلايا</text>
      <target FeatureID="-1" href="QSHEET_HLP_CELLS_EDIT.html">تعديل الخلايا</target>
      <target FeatureID="-1" href="QSHEET_HLP_VIEW_CELL.html">عرض الخلايا</target>
   </keywords>
   <keywords>
      <text FeatureID="-1">التطبيق Quicksheet, الأعمدة</text>
      <target FeatureID="-1" href="QSHEET_HLP_EDIT_COLUMN.html">تعديل الأعمدة</target>
   </keywords>
   <keywords>
      <text FeatureID="-1">التطبيق Quicksheet, النطاقات</text>
      <target FeatureID="-1" href="QSHEET_HLP_EDIT_RANGE.html">‏‫تعديل نطاقات</target>
   </keywords>
   <keywords>
      <text FeatureID="-1">التطبيق Quicksheet, الصفوف</text>
      <target FeatureID="-1" href="QSHEET_HLP_EDIT_ROW.html">تعديل صفوف</target>
   </keywords>
   <keywords>
      <text FeatureID="-1">التطبيق Quicksheet</text>
      <target FeatureID="-1" href="QSHEET_HLP_REPLACE_VIEW.html">البحث عن نص واستبداله</target>
      <target FeatureID="-1" href="QSHEET_HLP_FIND_VIEW.html">بحث النص</target>
      <target FeatureID="-1" href="QSHEET_HLP_CELLS_VIEW.html">عرض جداول البيانات</target>
   </keywords>
   <keywords>
      <text FeatureID="-1">التطبيق Quickword</text>
      <target FeatureID="-1" href="QWORD_HLP_EDIT_MODE.html">تعديل المستندات</target>
      <target FeatureID="-1" href="QWORD_HLP_FIND_MODE.html">البحث عن نص واستبداله</target>
      <target FeatureID="-1" href="QWORD_HLP_VIEW_MODE.html">عرض المستندات</target>
      <target FeatureID="-1" href="QWORD_HLP_PAGE_VIEW.html">عرض تخطيط الصفحة</target>
   </keywords>
</keywords>