<?xml version="1.0" encoding="UTF-8"?>
<keywords>
   <keywords>
      <text FeatureID="-1">indstillinger for e-mail-konto</text>
      <target FeatureID="-1" href="FSE_HLP_IMS_SETTINGS_ACCT_INFO.html">Indstillinger for e-mail-konti</target>
   </keywords>
   <keywords>
      <text FeatureID="-1">avancerede postkasseindstillinger</text>
      <target FeatureID="-1" href="FSE_HLP_IMS_SETTINGS_ADVANCED.html">Avancerede postkasseindstillinger</target>
   </keywords>
   <keywords>
      <text FeatureID="-1">postkasse­indstillinger</text>
      <target FeatureID="-1" href="FSE_HLP_IMS_SETTINGS_MAILBOX.html">Postkasseindstillinger</target>
   </keywords>
   <keywords>
      <text FeatureID="-1">e-mail-indhold til synkronisering</text>
      <target FeatureID="-1" href="FSE_HLP_IMS_SETTINGS_WHAT_SYNC.html">Angive synkroniseringsindhold</target>
   </keywords>
   <keywords>
      <text FeatureID="-1">e-mail-synkronisering, tidspunkt</text>
      <target FeatureID="-1" href="FSE_HLP_IMS_SETTINGS_WHEN_SYNC.html">Angive synkroniseringstid</target>
   </keywords>
   <keywords>
      <text FeatureID="-1">e-mail-mappe, synkronisering</text>
      <target FeatureID="-1" href="FSE_HLP_IMS_SETTINGS_FOLDER.html">Synkronisering af e-mail-mapper</target>
   </keywords>
   <keywords>
      <text FeatureID="-1">indstillinger for e-mail-tjeneste</text>
      <target FeatureID="-1" href="FSE_HLP_SETTINGS_INTELL_LIST.html">Indstillinger for e-mail-tjeneste</target>
   </keywords>
   <keywords>
      <text FeatureID="-1">e-mail-indstillinger</text>
      <target FeatureID="-1" href="FSE_HLP_IMS_SETTINGS_MAIN_VIEW.html">E-mail-indstillinger</target>
   </keywords>
   <keywords>
      <text FeatureID="-1">Intellisync</text>
      <target FeatureID="-1" href="FSE_HLP_IMS_LAUNCHER_MAIN_VIEW.html">Intellisync-e-mail</target>
   </keywords>
</keywords>