<?xml version="1.0" encoding="UTF-8"?>
<keywords>
   <keywords>
      <text FeatureID="-1">gestor de archivos</text>
      <target FeatureID="-1" href="FMGR_HLP_MEM_STORE_VIEW.html">Gestionar archivos</target>
      <target FeatureID="-1" href="FMGR_HLP_MAIN_VIEW.html">Gestor de archivos</target>
      <target FeatureID="-1" href="FMGR_HLP_BACKUP_VIEW.html">Copia de seguridad de archivos</target>
   </keywords>
   <keywords>
      <text FeatureID="-1">tarjeta de memoria</text>
      <target FeatureID="-1" href="FMGR_HLP_MEM_STORE_VIEW.html">Gestionar archivos</target>
      <target FeatureID="-1" href="FMGR_HLP_MAIN_VIEW.html">Gestor de archivos</target>
      <target FeatureID="-1" href="FMGR_HLP_BACKUP_VIEW.html">Copia de seguridad de archivos</target>
   </keywords>
   <keywords>
      <text FeatureID="-1">Gestor de archivos</text>
      <target FeatureID="-1" href="FMGR_HLP_SEARCH_RESULTS.html">Búsqueda de archivos</target>
   </keywords>
   <keywords>
      <text FeatureID="-1">búsqueda de archivos</text>
      <target FeatureID="-1" href="FMGR_HLP_SEARCH_RESULTS.html">Búsqueda de archivos</target>
   </keywords>
   <keywords>
      <text FeatureID="-1">búsqueda de carpetas</text>
      <target FeatureID="-1" href="FMGR_HLP_SEARCH_RESULTS.html">Búsqueda de archivos</target>
   </keywords>
   <keywords>
      <text FeatureID="-1">copia de seguridad</text>
      <target FeatureID="-1" href="FMGR_HLP_BACKUP_VIEW.html">Copia de seguridad de archivos</target>
   </keywords>
</keywords>