<?xml version="1.0" encoding="UTF-8"?>
<keywords>
   <keywords>
      <text FeatureID="-1">信息播报, 语言</text>
      <target FeatureID="-1" href="SPEECH_HLP_MAIN.html">语音设置</target>
   </keywords>
   <keywords>
      <text FeatureID="-1">信息播报, 语音</text>
      <target FeatureID="-1" href="SPEECH_HLP_MAIN.html">语音设置</target>
   </keywords>
   <keywords>
      <text FeatureID="-1">信息播报</text>
      <target FeatureID="-1" href="SPEECH_HLP_VOICE.html">语音详情</target>
   </keywords>
   <keywords>
      <text FeatureID="-1">信息播报, 设置</text>
      <target FeatureID="-1" href="SPEECH_HLP_MRSETTINGS.html">信息播报设置</target>
   </keywords>
</keywords>