<?xml version="1.0" encoding="UTF-8"?>
<keywords>
   <keywords>
      <text FeatureID="-1">פענוח, כרטיס זיכרון</text>
      <target FeatureID="-1" href="ES_HLP_ENCRYPTION_DECRYPT.html">פענוח כרטיס הזיכרון</target>
   </keywords>
   <keywords>
      <text FeatureID="-1">הצפנה, כרטיס זיכרון</text>
      <target FeatureID="-1" href="ES_HLP_ENCRYPTION_ENCRYPT.html">הצפן את כרטיס הזיכרון</target>
   </keywords>
   <keywords>
      <text FeatureID="-1">הצפנה, זיכרון התקן וכרטיס זיכרון</text>
      <target FeatureID="-1" href="ES_HLP_ENCRYPTION_MAIN.html">הצפן או פענח</target>
   </keywords>
   <keywords>
      <text FeatureID="-1">פענוח, זיכרון התקן וכרטיס זיכרון</text>
      <target FeatureID="-1" href="ES_HLP_ENCRYPTION_MAIN.html">הצפן או פענח</target>
   </keywords>
</keywords>