<?xml version="1.0" encoding="UTF-8"?>
<keywords>
   <keywords>
      <text FeatureID="true_13 true_1566">Връзка с USB кабел</text>
      <target FeatureID="true_13" href="USB_HLP_MAIN.html">Настройки USB</target>
      <target FeatureID="true_1566" href="USB_HLP_PRINT_SETTINGS.html">Настройки за принтер</target>
   </keywords>
   <keywords>
      <text FeatureID="true_13">кабелна връзка</text>
      <target FeatureID="true_13" href="USB_HLP_MAIN.html">Настройки USB</target>
   </keywords>
   <keywords>
      <text FeatureID="true_1566">отпечатване</text>
      <target FeatureID="true_1566" href="USB_HLP_PRINT_SETTINGS.html">Настройки за принтер</target>
   </keywords>
   <keywords>
      <text FeatureID="true_1566">настройки, принтер</text>
      <target FeatureID="true_1566" href="USB_HLP_PRINT_SETTINGS.html">Настройки за принтер</target>
   </keywords>
</keywords>