<?xml version="1.0" encoding="UTF-8"?><?xml-stylesheet  href="../../theme/xsl/index2html.xslt" type="text/xsl"?>
<topics FeatureID="-1" title="Telefoonboek" compressed="true">
   <topicref FeatureID="-1" href="FDN_HLP_FDN_NUM_EDIT_VIEW.html" navtitle="Contacten bewerken"/>
   <topicref FeatureID="-1" href="FDN_HLP_FDN_NUMBER_VIEW.html" navtitle="Nummers vaste contacten"/>
   <topicref FeatureID="-1" href="FDN_HLP_FDN_VIEW.html" navtitle="Oproepen beperken"/>
   <topicref FeatureID="-1" href="SDN_HLP_APP.html" navtitle="Dienstnummers"/>
   <topicref FeatureID="-1" href="HLP_CCA_DETAILS.html" navtitle="Contactgegevens"/>
   <topicref FeatureID="-1" href="HLP_CCA_EDITOR.html" navtitle="Contactkaarten bewerken"/>
   <topicref FeatureID="-1" href="HLP_CCA_LAUNCHER.html" navtitle="Contactkaarten"/>
   <topicref FeatureID="-1" href="PHOB_HLP_GROUP_LIST.html" navtitle="Contactgroepen"/>
   <topicref FeatureID="-1" href="PHOB_HLP_SIM_LIST.html" navtitle="Map SIM-contacten"/>
   <topicref FeatureID="-1" href="PHOB_HLP_MY_NUMBERS.html" navtitle="Mijn nummers"/>
   <topicref FeatureID="-1" href="PHOB_HLP_GROUP_MEMBER_LIST.html" navtitle="Groepsleden"/>
   <topicref FeatureID="-1" href="PHOB_HLP_SETTINGS.html" navtitle="Contactinstellingen"/>
   <topicref FeatureID="-1" href="PHOB_HLP_NAME_LIST.html" navtitle="Map Contacten"/>
</topics>