<?xml version="1.0" encoding="UTF-8"?>
<keywords>
   <keywords>
      <text FeatureID="-1">vaste nummers</text>
      <target FeatureID="-1" href="FDN_HLP_FDN_NUM_EDIT_VIEW.html">Contacten bewerken</target>
      <target FeatureID="-1" href="FDN_HLP_FDN_NUMBER_VIEW.html">Nummers vaste contacten</target>
      <target FeatureID="-1" href="FDN_HLP_FDN_VIEW.html">Oproepen beperken</target>
   </keywords>
   <keywords>
      <text FeatureID="-1">beperken, oproepen</text>
      <target FeatureID="-1" href="FDN_HLP_FDN_VIEW.html">Oproepen beperken</target>
   </keywords>
   <keywords>
      <text FeatureID="-1">dienstnummers</text>
      <target FeatureID="-1" href="SDN_HLP_APP.html">Dienstnummers</target>
   </keywords>
   <keywords>
      <text FeatureID="-1">SIM, dienstnummers</text>
      <target FeatureID="-1" href="SDN_HLP_APP.html">Dienstnummers</target>
   </keywords>
   <keywords>
      <text FeatureID="-1">dienstnummers op SIM</text>
      <target FeatureID="-1" href="SDN_HLP_APP.html">Dienstnummers</target>
   </keywords>
   <keywords>
      <text FeatureID="-1">contactgroepen</text>
      <target FeatureID="-1" href="PHOB_HLP_GROUP_LIST.html">Contactgroepen</target>
      <target FeatureID="-1" href="PHOB_HLP_GROUP_MEMBER_LIST.html">Groepsleden</target>
   </keywords>
   <keywords>
      <text FeatureID="-1">SIM-contacten</text>
      <target FeatureID="-1" href="PHOB_HLP_SIM_LIST.html">Map SIM-contacten</target>
   </keywords>
   <keywords>
      <text FeatureID="-1">SIM-nummer</text>
      <target FeatureID="-1" href="PHOB_HLP_MY_NUMBERS.html">Mijn nummers</target>
   </keywords>
   <keywords>
      <text FeatureID="-1">naamvolgorde in Contacten</text>
      <target FeatureID="-1" href="PHOB_HLP_SETTINGS.html">Contactinstellingen</target>
   </keywords>
   <keywords>
      <text FeatureID="-1">contacten, geheugen</text>
      <target FeatureID="-1" href="PHOB_HLP_SETTINGS.html">Contactinstellingen</target>
   </keywords>
   <keywords>
      <text FeatureID="-1">standaardgeheugen</text>
      <target FeatureID="-1" href="PHOB_HLP_SETTINGS.html">Contactinstellingen</target>
   </keywords>
   <keywords>
      <text FeatureID="-1">map Contacten</text>
      <target FeatureID="-1" href="PHOB_HLP_NAME_LIST.html">Map Contacten</target>
   </keywords>
   <keywords>
      <text FeatureID="-1">contactgegevens</text>
      <target FeatureID="-1" href="PHOB_HLP_NAME_LIST.html">Map Contacten</target>
   </keywords>
   <keywords>
      <text FeatureID="-1">telefoonboek</text>
      <target FeatureID="-1" href="PHOB_HLP_NAME_LIST.html">Map Contacten</target>
   </keywords>
</keywords>