<?xml version="1.0" encoding="UTF-8"?>
<keywords>
   <keywords>
      <text FeatureID="-1">radio</text>
      <target FeatureID="-1" href="FMRADIO_HLP_MAIN.html">Ascultarea la radio</target>
      <target FeatureID="-1" href="FMRADIO_HLP_SEARCH.html">Căutare posturi de radio</target>
      <target FeatureID="-1" href="FMRADIO_HLP_LIST.html"> Gestionarea posturilor de radio</target>
   </keywords>
   <keywords>
      <text FeatureID="-1">Radio FM</text>
      <target FeatureID="-1" href="FMRADIO_HLP_MAIN.html">Ascultarea la radio</target>
      <target FeatureID="-1" href="FMRADIO_HLP_SEARCH.html">Căutare posturi de radio</target>
      <target FeatureID="-1" href="FMRADIO_HLP_LIST.html"> Gestionarea posturilor de radio</target>
   </keywords>
</keywords>