<?xml version="1.0" encoding="UTF-8"?>
<keywords>
   <keywords>
      <text FeatureID="-1">搜尋聊天室使用者</text>
      <target FeatureID="-1" href="IMNG_HLP_SEARCHCHAT.html">搜尋聊天室使用者</target>
   </keywords>
   <keywords>
      <text FeatureID="-1">聊天室</text>
      <target FeatureID="-1" href="IMNG_HLP_SEARCHCHAT.html">搜尋聊天室使用者</target>
      <target FeatureID="-1" href="IMNG_HLP_SAVED_VIEW.html">檢視已儲存的會談</target>
      <target FeatureID="-1" href="IMNG_HLP_SAVED_LIST.html">已儲存的會談</target>
      <target FeatureID="-1" href="IMNG_HLP_GROUP_EDIT.html">群組編輯權限</target>
      <target FeatureID="-1" href="IMNG_HLP_GROUP_BAN.html">禁止聊天室使用者加入群組</target>
      <target FeatureID="-1" href="IMNG_HLP_CONT_OWN_DATA.html">我的資料</target>
      <target FeatureID="-1" href="IMNG_HLP_COMMUNITY_VIEW_EMPTY.html">開始使用聊天室</target>
      <target FeatureID="-1" href="IMNG_HLP_COMMUNITY_VIEW_EMPTY.html">開始使用聊天室</target>
      <target FeatureID="-1" href="IMNG_HLP_COMMUNITY_VIEW.html">聊天室</target>
      <target FeatureID="-1" href="IMNG_HLP_COMMUNITY_VIEW.html">聊天室</target>
      <target FeatureID="-1" href="IMNG_HLP_CREATECHAT.html">聊天室群組設定</target>
      <target FeatureID="-1" href="IMNG_HLP_ACCLIST.html">聊天室群組成員</target>
      <target FeatureID="-1" href="IMNG_HLP_CONVERSATIONS.html">聊天室會談</target>
      <target FeatureID="-1" href="IMNG_HLP_CONVERSATIONS.html">聊天室會談</target>
      <target FeatureID="-1" href="IMNG_HLP_CONTACTDETAILS.html">聊天室連絡人詳細資訊</target>
      <target FeatureID="-1" href="IMNG_HLP_APPSETT.html">聊天室應用程式設定</target>
   </keywords>
   <keywords>
      <text FeatureID="-1">搜尋聊天室群組</text>
      <target FeatureID="-1" href="IMNG_HLP_SEARCHCHAT.html">搜尋聊天室使用者</target>
   </keywords>
   <keywords>
      <text FeatureID="-1">已儲存的會談</text>
      <target FeatureID="-1" href="IMNG_HLP_SAVED_LIST.html">已儲存的會談</target>
   </keywords>
   <keywords>
      <text FeatureID="-1">IM (即時訊息)</text>
      <target FeatureID="-1" href="IMNG_HLP_IMCHAT.html">群組會談</target>
   </keywords>
   <keywords>
      <text FeatureID="-1">加入聊天室群組</text>
      <target FeatureID="-1" href="IMNG_HLP_IMCHAT.html">群組會談</target>
   </keywords>
   <keywords>
      <text FeatureID="-1">編輯權限</text>
      <target FeatureID="-1" href="IMNG_HLP_GROUP_EDIT.html">群組編輯權限</target>
   </keywords>
   <keywords>
      <text FeatureID="-1">禁止名單</text>
      <target FeatureID="-1" href="IMNG_HLP_GROUP_BAN.html">禁止聊天室使用者加入群組</target>
   </keywords>
   <keywords>
      <text FeatureID="-1">聊天室群組成員</text>
      <target FeatureID="-1" href="IMNG_HLP_GROUP_BAN.html">禁止聊天室使用者加入群組</target>
      <target FeatureID="-1" href="IMNG_HLP_ACCLIST.html">聊天室群組成員</target>
   </keywords>
   <keywords>
      <text FeatureID="-1">聊天室連絡人</text>
      <target FeatureID="-1" href="IMNG_HLP_CONT_OWN_DATA.html">我的資料</target>
      <target FeatureID="-1" href="IMNG_HLP_BLOCKED_VIEW.html">封鎖的連絡人</target>
      <target FeatureID="-1" href="IMNG_HLP_CONTACTDETAILS.html">聊天室連絡人詳細資訊</target>
   </keywords>
   <keywords>
      <text FeatureID="-1">封鎖的聊天室連絡人</text>
      <target FeatureID="-1" href="IMNG_HLP_BLOCKED_VIEW.html">封鎖的連絡人</target>
   </keywords>
   <keywords>
      <text FeatureID="-1">聊天室設定</text>
      <target FeatureID="-1" href="IMNG_HLP_SETTINGS.html">聊天室設定</target>
      <target FeatureID="-1" href="IMNG_HLP_APPSETT.html">聊天室應用程式設定</target>
   </keywords>
   <keywords>
      <text FeatureID="-1">聊天室伺服器</text>
      <target FeatureID="-1" href="IMNG_HLP_SERVLISTSETT_IM.html">聊天室伺服器</target>
   </keywords>
   <keywords>
      <text FeatureID="-1">聊天室伺服器設定</text>
      <target FeatureID="-1" href="IMNG_HLP_DEFSERVER.html">聊天室伺服器設定</target>
   </keywords>
   <keywords>
      <text FeatureID="-1">伺服器設定</text>
      <target FeatureID="-1" href="IMNG_HLP_DEFSERVER.html">聊天室伺服器設定</target>
   </keywords>
   <keywords>
      <text FeatureID="-1">邀請</text>
      <target FeatureID="-1" href="IMNG_HLP_INVITE.html">聊天室邀請</target>
   </keywords>
   <keywords>
      <text FeatureID="-1">聊天室群組設定</text>
      <target FeatureID="-1" href="IMNG_HLP_CREATECHAT.html">聊天室群組設定</target>
   </keywords>
   <keywords>
      <text FeatureID="-1">會談</text>
      <target FeatureID="-1" href="IMNG_HLP_CONVERSATIONS.html">聊天室會談</target>
   </keywords>
</keywords>