<?xml version="1.0" encoding="UTF-8"?>
<keywords>
   <keywords>
      <text FeatureID="-1">radio</text>
      <target FeatureID="-1" href="FMRADIO_HLP_MAIN.html">Poslušanje radia</target>
      <target FeatureID="-1" href="FMRADIO_HLP_SEARCH.html">Iskanje postaj</target>
      <target FeatureID="-1" href="FMRADIO_HLP_LIST.html"> Upravljanje radijskih postaj</target>
   </keywords>
   <keywords>
      <text FeatureID="-1">FM radio</text>
      <target FeatureID="-1" href="FMRADIO_HLP_MAIN.html">Poslušanje radia</target>
      <target FeatureID="-1" href="FMRADIO_HLP_SEARCH.html">Iskanje postaj</target>
      <target FeatureID="-1" href="FMRADIO_HLP_LIST.html"> Upravljanje radijskih postaj</target>
   </keywords>
</keywords>