<?xml version="1.0" encoding="UTF-8"?>
<keywords>
   <keywords>
      <text FeatureID="-1">sporočila v celici</text>
      <target FeatureID="-1" href="CBS_HLP_TOPIC_VIEW.html">Sporočila v celici</target>
      <target FeatureID="-1" href="CBS_HLP_MAIN.html">Teme sporočil v celici</target>
      <target FeatureID="-1" href="CBS_HLP_MSG.html">Pregl. sporočil v celici</target>
   </keywords>
   <keywords>
      <text FeatureID="-1">teme sporočil v celici</text>
      <target FeatureID="-1" href="CBS_HLP_MAIN.html">Teme sporočil v celici</target>
   </keywords>
</keywords>