<?xml version="1.0" encoding="UTF-8"?><?xml-stylesheet  href="../../theme/xsl/index2html.xslt" type="text/xsl"?>
<topics FeatureID="-1" title="Telefonų knyga" compressed="true">
   <topicref FeatureID="-1" href="HLP_CCA_DETAILS.html" navtitle="Adresato informacija"/>
   <topicref FeatureID="-1" href="HLP_CCA_LAUNCHER.html" navtitle="Adresatų kortelės"/>
   <topicref FeatureID="-1" href="PHOB_HLP_GROUP_LIST.html" navtitle="Adresatų grupės"/>
   <topicref FeatureID="-1" href="PHOB_HLP_SIM_LIST.html" navtitle="SIM adresatų katalogas"/>
   <topicref FeatureID="-1" href="PHOB_HLP_MY_NUMBERS.html" navtitle="Mano numeriai"/>
   <topicref FeatureID="-1" href="PHOB_HLP_GROUP_MEMBER_LIST.html" navtitle="Grupės nariai"/>
   <topicref FeatureID="-1" href="PHOB_HLP_SETTINGS.html" navtitle="Adresų knygos parametrai"/>
   <topicref FeatureID="-1" href="PHOB_HLP_NAME_LIST.html" navtitle="Adresatų sąrašas"/>
   <topicref FeatureID="-1" href="HLP_CCA_MY_CARD.html" navtitle="Mano kortelė"/>
   <topicref FeatureID="-1" href="RLOOK_HLP_INFO_VIEW.html" navtitle="Veiksmai su rastu adresatu"/>
   <topicref FeatureID="-1" href="HLP_CCA_EDITOR.html" navtitle="Adresatų kortelių redagavimas"/>
   <topicref FeatureID="-1" href="PHOB_HLP_CONTACT_INFO_VIEW.html" navtitle="Adresatų kortelės"/>
   <topicref FeatureID="-1" href="PHOB_HLP_EDIT_ENTRY.html" navtitle="Adresatų kortelių redagavimas"/>
   <topicref FeatureID="-1" href="FDN_HLP_FDN_NUMBER_VIEW.html" navtitle="Apribotojo numerių rinkimo adresatai"/>
   <topicref FeatureID="-1" href="FDN_HLP_FDN_VIEW.html" navtitle="Skambučių ribojimas"/>
   <topicref FeatureID="-1" href="SDN_HLP_APP.html" navtitle="Paslaugų numeriai"/>
   <topicref FeatureID="-1" href="PHOB_HLP_SIM_INFO_VIEW.html" navtitle="SIM adresatų kortelės"/>
</topics>