<?xml version="1.0" encoding="UTF-8"?>
<keywords>
   <keywords>
      <text FeatureID="-1">contact groups</text>
      <target FeatureID="-1" href="PHOB_HLP_GROUP_LIST.html">Contact groups</target>
   </keywords>
   <keywords>
      <text FeatureID="-1">SIM adresatai</text>
      <target FeatureID="-1" href="PHOB_HLP_SIM_LIST.html">SIM adresatų katalogas</target>
      <target FeatureID="-1" href="PHOB_HLP_SIM_INFO_VIEW.html">SIM adresatų kortelės</target>
   </keywords>
   <keywords>
      <text FeatureID="-1">SIM numeris</text>
      <target FeatureID="-1" href="PHOB_HLP_MY_NUMBERS.html">Mano numeriai</target>
   </keywords>
   <keywords>
      <text FeatureID="-1">adresatų grupės</text>
      <target FeatureID="-1" href="PHOB_HLP_GROUP_MEMBER_LIST.html">Grupės nariai</target>
   </keywords>
   <keywords>
      <text FeatureID="-1">vardų seka adresų knygoje</text>
      <target FeatureID="-1" href="PHOB_HLP_SETTINGS.html">Adresų knygos parametrai</target>
   </keywords>
   <keywords>
      <text FeatureID="-1">adresų knygos atmintinė</text>
      <target FeatureID="-1" href="PHOB_HLP_SETTINGS.html">Adresų knygos parametrai</target>
   </keywords>
   <keywords>
      <text FeatureID="-1">numatytoji atmintinė</text>
      <target FeatureID="-1" href="PHOB_HLP_SETTINGS.html">Adresų knygos parametrai</target>
   </keywords>
   <keywords>
      <text FeatureID="-1">adresatų katalogas</text>
      <target FeatureID="-1" href="PHOB_HLP_NAME_LIST.html">Adresatų sąrašas</target>
   </keywords>
   <keywords>
      <text FeatureID="-1">adresato informacija</text>
      <target FeatureID="-1" href="PHOB_HLP_NAME_LIST.html">Adresatų sąrašas</target>
   </keywords>
   <keywords>
      <text FeatureID="-1">telefonų knyga</text>
      <target FeatureID="-1" href="PHOB_HLP_NAME_LIST.html">Adresatų sąrašas</target>
   </keywords>
   <keywords>
      <text FeatureID="-1">adresatai</text>
      <target FeatureID="-1" href="RLOOK_HLP_INFO_VIEW.html">Veiksmai su rastu adresatu</target>
   </keywords>
   <keywords>
      <text FeatureID="-1">adresatų kortelės</text>
      <target FeatureID="-1" href="PHOB_HLP_CONTACT_INFO_VIEW.html">Adresatų kortelės</target>
      <target FeatureID="-1" href="PHOB_HLP_EDIT_ENTRY.html">Adresatų kortelių redagavimas</target>
   </keywords>
   <keywords>
      <text FeatureID="-1">telefonų knygos įrašai</text>
      <target FeatureID="-1" href="PHOB_HLP_CONTACT_INFO_VIEW.html">Adresatų kortelės</target>
   </keywords>
   <keywords>
      <text FeatureID="-1">apribotasis numerių rinkimas</text>
      <target FeatureID="-1" href="FDN_HLP_FDN_NUMBER_VIEW.html">Apribotojo numerių rinkimo adresatai</target>
      <target FeatureID="-1" href="FDN_HLP_FDN_VIEW.html">Skambučių ribojimas</target>
   </keywords>
   <keywords>
      <text FeatureID="-1">skambučių ribojimas</text>
      <target FeatureID="-1" href="FDN_HLP_FDN_VIEW.html">Skambučių ribojimas</target>
   </keywords>
   <keywords>
      <text FeatureID="-1">paslaugų numeriai</text>
      <target FeatureID="-1" href="SDN_HLP_APP.html">Paslaugų numeriai</target>
   </keywords>
   <keywords>
      <text FeatureID="-1">SIM paslaugų numeriai</text>
      <target FeatureID="-1" href="SDN_HLP_APP.html">Paslaugų numeriai</target>
      <target FeatureID="-1" href="SDN_HLP_APP.html">Paslaugų numeriai</target>
   </keywords>
   <keywords>
      <text FeatureID="-1">SIM kortelė</text>
      <target FeatureID="-1" href="PHOB_HLP_SIM_INFO_VIEW.html">SIM adresatų kortelės</target>
   </keywords>
</keywords>