<?xml version="1.0" encoding="UTF-8"?>
<keywords>
   <keywords>
      <text FeatureID="true_13 true_1566">conexión de cable USB</text>
      <target FeatureID="true_13" href="USB_HLP_MAIN.html">Axustes de USB</target>
      <target FeatureID="true_1566" href="USB_HLP_PRINT_SETTINGS.html">Axustes da impresora</target>
   </keywords>
   <keywords>
      <text FeatureID="true_13">conexión de cable</text>
      <target FeatureID="true_13" href="USB_HLP_MAIN.html">Axustes de USB</target>
   </keywords>
   <keywords>
      <text FeatureID="true_1566">impresión</text>
      <target FeatureID="true_1566" href="USB_HLP_PRINT_SETTINGS.html">Axustes da impresora</target>
   </keywords>
   <keywords>
      <text FeatureID="true_1566">axustes, impresora</text>
      <target FeatureID="true_1566" href="USB_HLP_PRINT_SETTINGS.html">Axustes da impresora</target>
   </keywords>
</keywords>