<?xml version="1.0" encoding="UTF-8"?>
<keywords>
   <keywords>
      <text FeatureID="-1">editare note</text>
      <target FeatureID="-1" href="NMAKE_HLP_MEMO_VIEWER_EDIT.html">Editarea notelor în aplicaţii</target>
   </keywords>
   <keywords>
      <text FeatureID="-1">recepţionarea notelor</text>
      <target FeatureID="-1" href="NMAKE_HLP_MEMO_VIEWER.html">Viz. note recepţ.</target>
   </keywords>
   <keywords>
      <text FeatureID="-1">şabloane mesaje</text>
      <target FeatureID="-1" href="NMAKE_HLP_TEMPLATE_EDITOR.html">Scriere şabl. mes</target>
   </keywords>
   <keywords>
      <text FeatureID="-1">crearea şabloanelor mesaje</text>
      <target FeatureID="-1" href="NMAKE_HLP_TEMPLATE_EDITOR.html">Scriere şabl. mes</target>
   </keywords>
   <keywords>
      <text FeatureID="-1">scriere şabl. mes</text>
      <target FeatureID="-1" href="NMAKE_HLP_TEMPLATE_EDITOR.html">Scriere şabl. mes</target>
   </keywords>
   <keywords>
      <text FeatureID="-1">listă note</text>
      <target FeatureID="-1" href="NMAKE_HLP_MEMO_LIST.html">Listă note</target>
   </keywords>
   <keywords>
      <text FeatureID="-1">scriere note</text>
      <target FeatureID="-1" href="NMAKE_HLP_MEMO_LIST.html">Listă note</target>
      <target FeatureID="-1" href="NMAKE_HLP_MEMO_EDITOR_APPS.html">Scriere note în aplicaţii</target>
      <target FeatureID="-1" href="NMAKE_HLP_MEMO_EDITOR.html">Scriere note</target>
   </keywords>
</keywords>