<?xml version="1.0" encoding="UTF-8"?>
<keywords>
   <keywords>
      <text FeatureID="-1">fitxategi-kudeatzaile</text>
      <target FeatureID="-1" href="FMGR_HLP_MEM_STORE_VIEW.html">Artxiboen kudeaketa</target>
      <target FeatureID="-1" href="FMGR_HLP_MAIN_VIEW.html">Artxiboen kudeatzailea</target>
      <target FeatureID="-1" href="FMGR_HLP_BACKUP_VIEW.html">Fitxategien babes-kopia</target>
   </keywords>
   <keywords>
      <text FeatureID="-1">memoria txartela</text>
      <target FeatureID="-1" href="FMGR_HLP_MEM_STORE_VIEW.html">Artxiboen kudeaketa</target>
      <target FeatureID="-1" href="FMGR_HLP_MAIN_VIEW.html">Artxiboen kudeatzailea</target>
      <target FeatureID="-1" href="FMGR_HLP_BACKUP_VIEW.html">Fitxategien babes-kopia</target>
   </keywords>
   <keywords>
      <text FeatureID="-1">Artxiboen kudeatzailea</text>
      <target FeatureID="-1" href="FMGR_HLP_SEARCH_RESULTS.html">Artxiboen bilaketa</target>
   </keywords>
   <keywords>
      <text FeatureID="-1">fitxategiak bilatzen</text>
      <target FeatureID="-1" href="FMGR_HLP_SEARCH_RESULTS.html">Artxiboen bilaketa</target>
      <target FeatureID="-1" href="FMGR_HLP_SEARCH_RESULTS.html">Artxiboen bilaketa</target>
   </keywords>
   <keywords>
      <text FeatureID="-1">babes-kopia</text>
      <target FeatureID="-1" href="FMGR_HLP_BACKUP_VIEW.html">Fitxategien babes-kopia</target>
   </keywords>
</keywords>