<?xml version="1.0" encoding="UTF-8"?>
<keywords>
   <keywords>
      <text FeatureID="-1">glasbena zbirka</text>
      <target FeatureID="-1" href="MUS_HLP_MUSIC_SUITE_VIEW.html">Glasbena zbirka</target>
   </keywords>
   <keywords>
      <text FeatureID="-1">predvajal. glasbe</text>
      <target FeatureID="-1" href="MUS_HLP_TRACKS_VIEW.html">Skladbe</target>
      <target FeatureID="-1" href="MUS_HLP_CATEGORY_VIEW.html">Glasbene kategorije</target>
      <target FeatureID="-1" href="MUS_HLP_DOWNLOAD_PLAYBACK_VIEW.html">Predvajaj glasbo v spletu</target>
      <target FeatureID="-1" href="MUS_HLP_METADATA_EDITING.html">Uredite informacije o skladbi</target>
   </keywords>
   <keywords>
      <text FeatureID="-1">predvajalnik glasbe</text>
      <target FeatureID="-1" href="MUS_HLP_PODCAST_MAIN_VIEW.html">Poddaje</target>
      <target FeatureID="-1" href="MUS_HLP_PODCAST_EPISODES.html">Epizode poddaj</target>
      <target FeatureID="-1" href="MUS_HLP_PLAYLISTS_VIEW.html">Seznami predvajanj glasbe</target>
      <target FeatureID="-1" href="MUS_HLP_PLAYBACK_VIEW.html">Predvajanje glasbe</target>
      <target FeatureID="-1" href="MUS_HLP_LIB_MAIN_VIEW.html">Knjižnica glasbe</target>
      <target FeatureID="-1" href="MUS_HLP_ALBUM_ART_EDITING.html">Urejanje naslovnice albuma</target>
      <target FeatureID="-1" href="MUS_HLP_AUDIO_SETT.html">Zvočne nastavitve</target>
   </keywords>
   <keywords>
      <text FeatureID="-1">poddajanje</text>
      <target FeatureID="-1" href="MUS_HLP_PODCAST_MAIN_VIEW.html">Poddaje</target>
      <target FeatureID="-1" href="MUS_HLP_PODCAST_EPISODES.html">Epizode poddaj</target>
   </keywords>
   <keywords>
      <text FeatureID="-1">seznami predvajanj</text>
      <target FeatureID="-1" href="MUS_HLP_PLAYLISTS_VIEW.html">Seznami predvajanj glasbe</target>
   </keywords>
   <keywords>
      <text FeatureID="-1">naslovnica albuma</text>
      <target FeatureID="-1" href="MUS_HLP_ALBUM_ART_EDITING.html">Urejanje naslovnice albuma</target>
   </keywords>
   <keywords>
      <text FeatureID="-1">ojačevalec nizkih tonov</text>
      <target FeatureID="-1" href="MUS_HLP_AUDIO_SETT.html">Zvočne nastavitve</target>
   </keywords>
   <keywords>
      <text FeatureID="-1">razširjanje sterea</text>
      <target FeatureID="-1" href="MUS_HLP_AUDIO_SETT.html">Zvočne nastavitve</target>
   </keywords>
</keywords>