<?xml version="1.0" encoding="UTF-8"?>
<keywords>
   <keywords>
      <text FeatureID="-1">параметры учетной записи электронной почты</text>
      <target FeatureID="-1" href="FSE_HLP_IMS_SETTINGS_ACCT_INFO.html">Параметры уч. зап. э/п</target>
   </keywords>
   <keywords>
      <text FeatureID="-1">дополнительные настройки почтового ящика</text>
      <target FeatureID="-1" href="FSE_HLP_IMS_SETTINGS_ADVANCED.html">Дополнительные параметры почтового ящика</target>
   </keywords>
   <keywords>
      <text FeatureID="-1">параметры почтового ящика</text>
      <target FeatureID="-1" href="FSE_HLP_IMS_SETTINGS_MAILBOX.html">Параметры почтового ящика</target>
   </keywords>
   <keywords>
      <text FeatureID="-1">содержимое синхронизации электронной почты</text>
      <target FeatureID="-1" href="FSE_HLP_IMS_SETTINGS_WHAT_SYNC.html">Определение содержимого синхронизации</target>
   </keywords>
   <keywords>
      <text FeatureID="-1">время синхронизации электронной почты</text>
      <target FeatureID="-1" href="FSE_HLP_IMS_SETTINGS_WHEN_SYNC.html">Определение времени синхронизации</target>
   </keywords>
   <keywords>
      <text FeatureID="-1">синхронизация папки электронной почты</text>
      <target FeatureID="-1" href="FSE_HLP_IMS_SETTINGS_FOLDER.html">Синхронизация папок электронной почты</target>
   </keywords>
   <keywords>
      <text FeatureID="-1">параметры службы электронной почты</text>
      <target FeatureID="-1" href="FSE_HLP_SETTINGS_INTELL_LIST.html">Параметры услуги электронной почты</target>
   </keywords>
   <keywords>
      <text FeatureID="-1">параметры электронной почты</text>
      <target FeatureID="-1" href="FSE_HLP_IMS_SETTINGS_MAIN_VIEW.html">Параметры электронной почты</target>
   </keywords>
   <keywords>
      <text FeatureID="-1">Intellisync</text>
      <target FeatureID="-1" href="FSE_HLP_IMS_LAUNCHER_MAIN_VIEW.html">Электронная почта Intellisync</target>
   </keywords>
</keywords>