<?xml version="1.0" encoding="UTF-8"?>
<keywords>
   <keywords>
      <text FeatureID="-1">VPN (rede privada virtual)</text>
      <target FeatureID="-1" href="SET_HLP_VPN_LOG_VIEW.html">Rexistro de VPN</target>
      <target FeatureID="-1" href="SET_HLP_VPN_CONFIG_MAIN.html">Xestión de VPN</target>
      <target FeatureID="-1" href="SET_HLP_VPN_POLICY_VIEW.html">Normativas de VPN</target>
      <target FeatureID="-1" href="SET_HLP_VPN_POLICY_SERVERS.html">Servidores de normativas VPN</target>
      <target FeatureID="-1" href="SET_HLP_VPN_POLICY_SERVER_SET.html">Axustes do servidor VPN</target>
   </keywords>
</keywords>