<?xml version="1.0" encoding="UTF-8"?>
<keywords>
   <keywords>
      <text FeatureID="-1">message reader, wika</text>
      <target FeatureID="-1" href="SPEECH_HLP_MAIN.html">Mga setting sa pananalita</target>
   </keywords>
   <keywords>
      <text FeatureID="-1">message reader, boses</text>
      <target FeatureID="-1" href="SPEECH_HLP_MAIN.html">Mga setting sa pananalita</target>
   </keywords>
   <keywords>
      <text FeatureID="-1">message reader, mga detalye ng boses</text>
      <target FeatureID="-1" href="SPEECH_HLP_VOICE.html">Mga detalye ng boses</target>
   </keywords>
   <keywords>
      <text FeatureID="-1">message reader, mga setting</text>
      <target FeatureID="-1" href="SPEECH_HLP_MRSETTINGS.html">Mga setting ng message reader</target>
   </keywords>
</keywords>