<?xml version="1.0" encoding="UTF-8"?>
<keywords>
   <keywords>
      <text FeatureID="-1">đồng bộ</text>
      <target FeatureID="-1" href="DS_HLP_MAIN_VIEW.html">Đồng bộ dữ liệu</target>
   </keywords>
   <keywords>
      <text FeatureID="-1">cấu hình đồng bộ</text>
      <target FeatureID="-1" href="DS_HLP_MAIN_VIEW.html">Đồng bộ dữ liệu</target>
   </keywords>
   <keywords>
      <text FeatureID="-1">cài đặt cấu hình đồng bộ</text>
      <target FeatureID="-1" href="DS_HLP_SETTINGS.html">Chỉnh sửa các cấu hình đồng bộ</target>
   </keywords>
   <keywords>
      <text FeatureID="-1">cài đặt đồng bộ</text>
      <target FeatureID="-1" href="DS_HLP_SETTINGS_CAL.html">Cài đặt đồng bộ lịch</target>
      <target FeatureID="-1" href="DS_HLP_SETTINGS_CNT.html">Cài đặt đồng bộ số liên lạc</target>
      <target FeatureID="-1" href="DS_HLP_SETTINGS_NOTES.html">Cài đặt đồng bộ ghi chú</target>
      <target FeatureID="-1" href="DS_HLP_SETTINGS_SMS.html">Cài đặt đồng bộ SMS</target>
      <target FeatureID="true_44" href="DS_HLP_SETTINGS_SYNCML.html">Cài đặt đồng bộ e-mail</target>
   </keywords>
</keywords>