<?xml version="1.0" encoding="UTF-8"?>
<keywords>
   <keywords>
      <text FeatureID="true_1116">hantar entri kalendar</text>
      <target FeatureID="true_1116" href="SMART_HLP_CALENDAREDITOR.html">Hantar entri kalendar</target>
   </keywords>
   <keywords>
      <text FeatureID="true_1114">menerima entri kalendar</text>
      <target FeatureID="true_1114" href="SMART_HLP_CALENDARVIEWER.html">Entri kalendar yang diterima</target>
   </keywords>
   <keywords>
      <text FeatureID="true_1114">entri kalendar</text>
      <target FeatureID="true_1114" href="SMART_HLP_CALPULLMESVIEWER.html">Muat turun entri kalendar</target>
   </keywords>
   <keywords>
      <text FeatureID="true_1117 true_1115">kad niaga</text>
      <target FeatureID="true_1117" href="SMART_HLP_BUSINESSEDITOR.html">Hantar kad niaga</target>
      <target FeatureID="true_1115" href="SMART_HLP_BUSINESSVIEWER.html">Kad niaga diterima</target>
      <target FeatureID="true_1115" href="SMART_HLP_BUSPULLMESVIEWER.html">Muat turun kad niaga</target>
   </keywords>
   <keywords>
      <text FeatureID="true_1111">nada dering</text>
      <target FeatureID="true_1111" href="SMART_HLP_RINGVIEWER.html">Nada dering yang diterima</target>
   </keywords>
   <keywords>
      <text FeatureID="true_1110">logo operator</text>
      <target FeatureID="true_1110" href="SMART_HLP_OPLOGOVIEWER.html">Logo operator yang diterima</target>
   </keywords>
   <keywords>
      <text FeatureID="true_1106">penanda buku</text>
      <target FeatureID="true_1106" href="SMART_HLP_ONEBOOKVIEWER.html">Penanda buku diterima</target>
   </keywords>
   <keywords>
      <text FeatureID="true_1112">menerima gambar</text>
      <target FeatureID="true_1112" href="SMART_HLP_GMSVIEWER.html">Lihat mesej bergambar</target>
   </keywords>
   <keywords>
      <text FeatureID="true_1112">mesej bergambar</text>
      <target FeatureID="true_1112" href="SMART_HLP_GMSVIEWER.html">Lihat mesej bergambar</target>
   </keywords>
   <keywords>
      <text FeatureID="true_1537">tatarajah pemacu jauh</text>
      <target FeatureID="true_1537" href="SMART_HLP_REMOTEDRIVES_VIEWER.html">Terima tatarajah pemacu jauh</target>
      <target FeatureID="true_1537" href="SMART_HLP_REMOTEDRIVES_EDITOR.html">Hantar tatarajah pemacu jauh</target>
   </keywords>
</keywords>