<?xml version="1.0" encoding="UTF-8"?>
<keywords>
   <keywords>
      <text FeatureID="-1">métodos de posicionamento</text>
      <target FeatureID="-1" href="LOC_HLP_SETTINGS.html">Definições de posicionamento</target>
   </keywords>
   <keywords>
      <text FeatureID="-1">servidor de posicionamento</text>
      <target FeatureID="-1" href="LOC_HLP_SETTINGS.html">Definições de posicionamento</target>
   </keywords>
   <keywords>
      <text FeatureID="-1">preferências de notação</text>
      <target FeatureID="-1" href="LOC_HLP_SETTINGS.html">Definições de posicionamento</target>
   </keywords>
</keywords>