<?xml version="1.0" encoding="UTF-8"?>
<keywords>
   <keywords>
      <text FeatureID="-1">modifier des notes</text>
      <target FeatureID="-1" href="NMAKE_HLP_MEMO_VIEWER_EDIT.html">Modification de notes dans les applications</target>
   </keywords>
   <keywords>
      <text FeatureID="-1">recevoir des notes</text>
      <target FeatureID="-1" href="NMAKE_HLP_MEMO_VIEWER.html">Affichage des notes reçues</target>
   </keywords>
   <keywords>
      <text FeatureID="-1">modèles de messages</text>
      <target FeatureID="-1" href="NMAKE_HLP_TEMPLATE_EDITOR.html">Créer modèles de messages</target>
   </keywords>
   <keywords>
      <text FeatureID="-1">création de modèles de messages</text>
      <target FeatureID="-1" href="NMAKE_HLP_TEMPLATE_EDITOR.html">Créer modèles de messages</target>
      <target FeatureID="-1" href="NMAKE_HLP_TEMPLATE_EDITOR.html">Créer modèles de messages</target>
   </keywords>
   <keywords>
      <text FeatureID="-1">liste de notes</text>
      <target FeatureID="-1" href="NMAKE_HLP_MEMO_LIST.html">Liste de notes</target>
   </keywords>
   <keywords>
      <text FeatureID="-1">rédiger des notes</text>
      <target FeatureID="-1" href="NMAKE_HLP_MEMO_LIST.html">Liste de notes</target>
      <target FeatureID="-1" href="NMAKE_HLP_MEMO_EDITOR_APPS.html">Écriture de notes dans les applications</target>
      <target FeatureID="-1" href="NMAKE_HLP_MEMO_EDITOR.html">Écriture de notes</target>
   </keywords>
</keywords>