<?xml version="1.0" encoding="UTF-8"?>
<keywords>
   <keywords>
      <text FeatureID="-1">positioneringsmetoder</text>
      <target FeatureID="-1" href="LOC_HLP_SETTINGS.html">Positioneringsinställningar</target>
   </keywords>
   <keywords>
      <text FeatureID="-1">positioneringsserver</text>
      <target FeatureID="-1" href="LOC_HLP_SETTINGS.html">Positioneringsinställningar</target>
   </keywords>
   <keywords>
      <text FeatureID="-1">beteckningssystem</text>
      <target FeatureID="-1" href="LOC_HLP_SETTINGS.html">Positioneringsinställningar</target>
   </keywords>
</keywords>