<?xml version="1.0" encoding="UTF-8"?>
<keywords>
   <keywords>
      <text FeatureID="-1">Vídeos e TV</text>
      <target FeatureID="-1" href="IPTV_HLP_MAIN_STATE.html">Vídeos e TV</target>
      <target FeatureID="-1" href="IPTV_HLP_VODCAST_MAIN.html">Feeds de vídeo</target>
      <target FeatureID="-1" href="IPTV_HLP_SERVICE_SELECTION_VOD.html">Seleccionar servs. vídeo</target>
      <target FeatureID="-1" href="IPTV_HLP_VOD_CATEGORIES.html">Categorias de vídeo</target>
      <target FeatureID="-1" href="IPTV_HLP_VOD.html">Ver e importar clips de vídeo</target>
      <target FeatureID="-1" href="IPTV_HLP_SCHEDULE_DOWNLOAD.html">Agendar importações</target>
      <target FeatureID="-1" href="IPTV_HLP_STORAGE.html">Meus vídeos</target>
      <target FeatureID="-1" href="IPTV_HLP_SERVICE_SEL_VODCAST.html">Seleccionar feeds de vídeo</target>
      <target FeatureID="-1" href="IPTV_HLP_ADD_SERVICE.html">Adicionar feeds de vídeo</target>
   </keywords>
   <keywords>
      <text FeatureID="-1">feeds de vídeo</text>
      <target FeatureID="-1" href="IPTV_HLP_VODCAST_MAIN.html">Feeds de vídeo</target>
      <target FeatureID="-1" href="IPTV_HLP_VOD_CATEGORIES.html">Categorias de vídeo</target>
      <target FeatureID="-1" href="IPTV_HLP_SERVICE_SEL_VODCAST.html">Seleccionar feeds de vídeo</target>
      <target FeatureID="-1" href="IPTV_HLP_ADD_SERVICE.html">Adicionar feeds de vídeo</target>
   </keywords>
   <keywords>
      <text FeatureID="-1">importações, clips de vídeo</text>
      <target FeatureID="-1" href="IPTV_HLP_VOD.html">Ver e importar clips de vídeo</target>
      <target FeatureID="-1" href="IPTV_HLP_SCHEDULE_DOWNLOAD.html">Agendar importações</target>
   </keywords>
   <keywords>
      <text FeatureID="-1">Vídeos e TV, definições</text>
      <target FeatureID="-1" href="IPTV_HLP_SETTINGS.html">Definições de Vídeos e TV</target>
   </keywords>
   <keywords>
      <text FeatureID="-1">definições, vídeo</text>
      <target FeatureID="-1" href="IPTV_HLP_SETTINGS.html">Definições de Vídeos e TV</target>
   </keywords>
</keywords>