<?xml version="1.0" encoding="UTF-8"?>
<keywords>
   <keywords>
      <text FeatureID="-1">часовник, аларми</text>
      <target FeatureID="-1" href="CLK_HLP_ALARM_EDITOR.html">Редактор на аларми за будилника</target>
   </keywords>
   <keywords>
      <text FeatureID="-1">будилник</text>
      <target FeatureID="-1" href="CLK_HLP_ALARM_EDITOR.html">Редактор на аларми за будилника</target>
      <target FeatureID="-1" href="CLK_HLP_REAL_TIME_CLOCK_IN.html">Главен екран на часовника</target>
   </keywords>
   <keywords>
      <text FeatureID="-1">часовник</text>
      <target FeatureID="-1" href="CLK_HLP_REAL_TIME_CLOCK_IN.html">Главен екран на часовника</target>
      <target FeatureID="-1" href="CLK_HLP_WRLD_CLK.html">Световен часовник</target>
   </keywords>
   <keywords>
      <text FeatureID="-1">настройки за дата и час</text>
      <target FeatureID="-1" href="CLK_HLP_SETTINGS.html">Настройки за дата и час</target>
   </keywords>
   <keywords>
      <text FeatureID="-1">настройки на часовника</text>
      <target FeatureID="-1" href="CLK_HLP_SETTINGS.html">Настройки за дата и час</target>
   </keywords>
   <keywords>
      <text FeatureID="-1">часовник, часови зони</text>
      <target FeatureID="-1" href="CLK_HLP_REAL_TIME_CLOCK_AN.html">Местно време</target>
   </keywords>
   <keywords>
      <text FeatureID="-1">местно време и часова зона</text>
      <target FeatureID="-1" href="CLK_HLP_REAL_TIME_CLOCK_AN.html">Местно време</target>
   </keywords>
   <keywords>
      <text FeatureID="-1">световен часовник</text>
      <target FeatureID="-1" href="CLK_HLP_WRLD_CLK.html">Световен часовник</target>
   </keywords>
</keywords>