<?xml version="1.0" encoding="UTF-8"?>
<keywords>
   <keywords>
      <text FeatureID="-1">begrænsede numre</text>
      <target FeatureID="-1" href="FDN_HLP_FDN_NUM_EDIT_VIEW.html">Redigere kontakter</target>
      <target FeatureID="-1" href="FDN_HLP_FDN_NUMBER_VIEW.html">Kontakt: be­grænsede nr.</target>
      <target FeatureID="-1" href="FDN_HLP_FDN_VIEW.html">Begrænse opkald</target>
   </keywords>
   <keywords>
      <text FeatureID="-1">begrænse opkald</text>
      <target FeatureID="-1" href="FDN_HLP_FDN_VIEW.html">Begrænse opkald</target>
   </keywords>
   <keywords>
      <text FeatureID="-1">tjeneste­numre</text>
      <target FeatureID="-1" href="SDN_HLP_APP.html">Tjeneste­numre</target>
   </keywords>
   <keywords>
      <text FeatureID="-1">SIM-tjeneste­numre</text>
      <target FeatureID="-1" href="SDN_HLP_APP.html">Tjeneste­numre</target>
   </keywords>
   <keywords>
      <text FeatureID="-1">tjenestenr. på SIM-kort</text>
      <target FeatureID="-1" href="SDN_HLP_APP.html">Tjeneste­numre</target>
   </keywords>
   <keywords>
      <text FeatureID="-1">kontakt­grupper</text>
      <target FeatureID="-1" href="PHOB_HLP_GROUP_LIST.html">Kontakt­grupper</target>
      <target FeatureID="-1" href="PHOB_HLP_GROUP_MEMBER_LIST.html">Gruppe­medlemmer</target>
   </keywords>
   <keywords>
      <text FeatureID="-1">SIM-kontakter</text>
      <target FeatureID="-1" href="PHOB_HLP_SIM_LIST.html">SIM-kontakt­bibliotek</target>
   </keywords>
   <keywords>
      <text FeatureID="-1">SIM-nummer</text>
      <target FeatureID="-1" href="PHOB_HLP_MY_NUMBERS.html">Mine numre</target>
   </keywords>
   <keywords>
      <text FeatureID="-1">rækkefølge i Kontakter</text>
      <target FeatureID="-1" href="PHOB_HLP_SETTINGS.html">Kontakt­indstillinger</target>
   </keywords>
   <keywords>
      <text FeatureID="-1">kontakt­hukommelse</text>
      <target FeatureID="-1" href="PHOB_HLP_SETTINGS.html">Kontakt­indstillinger</target>
   </keywords>
   <keywords>
      <text FeatureID="-1">standard­hukommelse</text>
      <target FeatureID="-1" href="PHOB_HLP_SETTINGS.html">Kontakt­indstillinger</target>
   </keywords>
   <keywords>
      <text FeatureID="-1">kontaktbibliotek</text>
      <target FeatureID="-1" href="PHOB_HLP_NAME_LIST.html">Kontakt­bibliotek</target>
   </keywords>
   <keywords>
      <text FeatureID="-1">kontaktoplysninger</text>
      <target FeatureID="-1" href="PHOB_HLP_NAME_LIST.html">Kontakt­bibliotek</target>
   </keywords>
   <keywords>
      <text FeatureID="-1">telefonbog</text>
      <target FeatureID="-1" href="PHOB_HLP_NAME_LIST.html">Kontakt­bibliotek</target>
   </keywords>
</keywords>