<?xml version="1.0" encoding="UTF-8"?>
<keywords>
   <keywords>
      <text FeatureID="-1">contact groups</text>
      <target FeatureID="-1" href="PHOB_HLP_GROUP_LIST.html">Contact groups</target>
   </keywords>
   <keywords>
      <text FeatureID="-1">SIM-kontakter</text>
      <target FeatureID="-1" href="PHOB_HLP_SIM_LIST.html">SIM-kontakt­bibliotek</target>
      <target FeatureID="-1" href="PHOB_HLP_SIM_INFO_VIEW.html">SIM-kontaktkort</target>
   </keywords>
   <keywords>
      <text FeatureID="-1">SIM-nummer</text>
      <target FeatureID="-1" href="PHOB_HLP_MY_NUMBERS.html">Mine numre</target>
   </keywords>
   <keywords>
      <text FeatureID="-1">kontakt­grupper</text>
      <target FeatureID="-1" href="PHOB_HLP_GROUP_MEMBER_LIST.html">Gruppe­medlemmer</target>
   </keywords>
   <keywords>
      <text FeatureID="-1">rækkefølge i Kontakter</text>
      <target FeatureID="-1" href="PHOB_HLP_SETTINGS.html">Kontakt­indstillinger</target>
   </keywords>
   <keywords>
      <text FeatureID="-1">kontakt­hukommelse</text>
      <target FeatureID="-1" href="PHOB_HLP_SETTINGS.html">Kontakt­indstillinger</target>
   </keywords>
   <keywords>
      <text FeatureID="-1">standard­hukommelse</text>
      <target FeatureID="-1" href="PHOB_HLP_SETTINGS.html">Kontakt­indstillinger</target>
   </keywords>
   <keywords>
      <text FeatureID="-1">kontakt­bibliotek</text>
      <target FeatureID="-1" href="PHOB_HLP_NAME_LIST.html">Listen over kontakter</target>
   </keywords>
   <keywords>
      <text FeatureID="-1">kontakt­oplysninger</text>
      <target FeatureID="-1" href="PHOB_HLP_NAME_LIST.html">Listen over kontakter</target>
   </keywords>
   <keywords>
      <text FeatureID="-1">telefonbog</text>
      <target FeatureID="-1" href="PHOB_HLP_NAME_LIST.html">Listen over kontakter</target>
   </keywords>
   <keywords>
      <text FeatureID="-1">kontakter</text>
      <target FeatureID="-1" href="RLOOK_HLP_INFO_VIEW.html">Håndtering af den fundne kontakt</target>
   </keywords>
   <keywords>
      <text FeatureID="-1">kontaktkort</text>
      <target FeatureID="-1" href="PHOB_HLP_CONTACT_INFO_VIEW.html">Kontaktkort</target>
      <target FeatureID="-1" href="PHOB_HLP_EDIT_ENTRY.html">Redigere kontaktkort</target>
   </keywords>
   <keywords>
      <text FeatureID="-1">telefonbogsposter</text>
      <target FeatureID="-1" href="PHOB_HLP_CONTACT_INFO_VIEW.html">Kontaktkort</target>
   </keywords>
   <keywords>
      <text FeatureID="-1">begrænsede numre</text>
      <target FeatureID="-1" href="FDN_HLP_FDN_NUMBER_VIEW.html">Kontakt: be­grænsede nr.</target>
      <target FeatureID="-1" href="FDN_HLP_FDN_VIEW.html">Begrænse opkald</target>
   </keywords>
   <keywords>
      <text FeatureID="-1">begrænse opkald</text>
      <target FeatureID="-1" href="FDN_HLP_FDN_VIEW.html">Begrænse opkald</target>
   </keywords>
   <keywords>
      <text FeatureID="-1">tjeneste­numre</text>
      <target FeatureID="-1" href="SDN_HLP_APP.html">Tjeneste­numre</target>
   </keywords>
   <keywords>
      <text FeatureID="-1">SIM-tjeneste­numre</text>
      <target FeatureID="-1" href="SDN_HLP_APP.html">Tjeneste­numre</target>
   </keywords>
   <keywords>
      <text FeatureID="-1">tjenestenr. på SIM-kort</text>
      <target FeatureID="-1" href="SDN_HLP_APP.html">Tjeneste­numre</target>
   </keywords>
   <keywords>
      <text FeatureID="-1">SIM-kort</text>
      <target FeatureID="-1" href="PHOB_HLP_SIM_INFO_VIEW.html">SIM-kontaktkort</target>
   </keywords>
</keywords>