<?xml version="1.0" encoding="UTF-8"?>
<keywords>
   <keywords>
      <text FeatureID="-1">izmjena zadanih postavki frekvencije</text>
      <target FeatureID="-1" href="EQ_HLP_EDITING_VIEW.html">Izmjena zadane postavke frekvencije</target>
   </keywords>
   <keywords>
      <text FeatureID="-1">ekvilizator</text>
      <target FeatureID="-1" href="EQ_HLP_LIST_VIEW.html">Unaprijed postavljene kvalitete zvuka</target>
   </keywords>
   <keywords>
      <text FeatureID="-1">pojasevi frekvencije</text>
      <target FeatureID="-1" href="EQ_HLP_LIST_VIEW.html">Unaprijed postavljene kvalitete zvuka</target>
   </keywords>
   <keywords>
      <text FeatureID="-1">odaberite unaprijed zadane postavke frekvencije</text>
      <target FeatureID="-1" href="EQ_HLP_LIST_VIEW.html">Unaprijed postavljene kvalitete zvuka</target>
   </keywords>
</keywords>