<?xml version="1.0" encoding="UTF-8"?>
<keywords>
   <keywords>
      <text FeatureID="-1">解密, 存储卡</text>
      <target FeatureID="-1" href="ES_HLP_ENCRYPTION_DECRYPT.html">解密存储卡</target>
   </keywords>
   <keywords>
      <text FeatureID="-1">加密, 存储卡</text>
      <target FeatureID="-1" href="ES_HLP_ENCRYPTION_ENCRYPT.html">加密存储卡</target>
   </keywords>
   <keywords>
      <text FeatureID="-1">加密, 设备存储器和存储卡</text>
      <target FeatureID="-1" href="ES_HLP_ENCRYPTION_MAIN.html">加密或解密</target>
   </keywords>
   <keywords>
      <text FeatureID="-1">解密, 设备存储器和存储卡</text>
      <target FeatureID="-1" href="ES_HLP_ENCRYPTION_MAIN.html">加密或解密</target>
   </keywords>
</keywords>