<?xml version="1.0" encoding="UTF-8"?>
<keywords>
   <keywords>
      <text FeatureID="-1">envoi de messages</text>
      <target FeatureID="-1" href="UNIFIED_HLP_EDITOR.html">Créer messages</target>
   </keywords>
   <keywords>
      <text FeatureID="-1">éditeur mess.</text>
      <target FeatureID="-1" href="UNIFIED_HLP_EDITOR.html">Créer messages</target>
   </keywords>
   <keywords>
      <text FeatureID="-1">messages</text>
      <target FeatureID="-1" href="UNIFIED_HLP_SENDING_OPTIONS.html">Options d’envoi</target>
   </keywords>
   <keywords>
      <text FeatureID="-1">options d'envoi</text>
      <target FeatureID="-1" href="UNIFIED_HLP_SENDING_OPTIONS.html">Options d’envoi</target>
   </keywords>
   <keywords>
      <text FeatureID="-1">objets multimédias</text>
      <target FeatureID="-1" href="UNIFIED_HLP_ED_OBJECTS.html">Objets multimédias reçus</target>
      <target FeatureID="-1" href="UNIFIED_HLP_ED_OBJECTS.html">Objets multimédias reçus</target>
   </keywords>
</keywords>