<?xml version="1.0" encoding="UTF-8"?>
<keywords>
   <keywords>
      <text FeatureID="-1">cihaz yöneticisi</text>
      <target FeatureID="-1" href="DM_HLP_MAIN_VIEW.html">Cihaz yazılımı</target>
      <target FeatureID="-1" href="DM_HLP_SETTINGS.html">Sunucu profili ayarları</target>
      <target FeatureID="-1" href="DM_HLP_SERVERS_VIEW.html">Uzaktan yapılandırma</target>
   </keywords>
   <keywords>
      <text FeatureID="-1">yapılandırma ayarları</text>
      <target FeatureID="-1" href="DM_HLP_MAIN_VIEW.html">Cihaz yazılımı</target>
   </keywords>
   <keywords>
      <text FeatureID="-1">Cihaz yöneticisi</text>
      <target FeatureID="-1" href="FOTA_HLP_SETTINGS.html">Yazılım güncelleme ayarları</target>
   </keywords>
   <keywords>
      <text FeatureID="-1">yazılım güncelleme ayarları</text>
      <target FeatureID="-1" href="FOTA_HLP_SETTINGS.html">Yazılım güncelleme ayarları</target>
   </keywords>
   <keywords>
      <text FeatureID="-1">sunucu profili ayarları</text>
      <target FeatureID="-1" href="DM_HLP_SETTINGS.html">Sunucu profili ayarları</target>
   </keywords>
   <keywords>
      <text FeatureID="-1">uzaktan yapılandırma</text>
      <target FeatureID="-1" href="DM_HLP_SERVERS_VIEW.html">Uzaktan yapılandırma</target>
   </keywords>
</keywords>