<?xml version="1.0" encoding="UTF-8"?>
<keywords>
   <keywords>
      <text FeatureID="-1">Flash-faili taasesitus</text>
      <target FeatureID="-1" href="FLITE_HLP_STOPPED.html">Flash-faili taasesituse lõpetamine</target>
      <target FeatureID="-1" href="FLITE_HLP_VIEWER_PAUSED.html">Flash-faili taasesituse peatamine</target>
      <target FeatureID="-1" href="FLITE_HLP_VIEWER_PLAY.html">Flash-failide esitamine</target>
   </keywords>
   <keywords>
      <text FeatureID="-1">Flash-pleier</text>
      <target FeatureID="-1" href="FLITE_HLP_STOPPED.html">Flash-faili taasesituse lõpetamine</target>
      <target FeatureID="-1" href="FLITE_HLP_VIEWER_PAUSED.html">Flash-faili taasesituse peatamine</target>
      <target FeatureID="-1" href="FLITE_HLP_VIEWER_PLAY.html">Flash-failide esitamine</target>
   </keywords>
</keywords>