<?xml version="1.0" encoding="UTF-8"?>
<keywords>
   <keywords>
      <text FeatureID="-1">Bluetooth</text>
      <target FeatureID="-1" href="BT_HLP_MAIN.html">Bluetooth</target>
      <target FeatureID="-1" href="BT_HLP_PAIRED.html">Memasangkan dengan perangkat</target>
      <target FeatureID="-1" href="BT_HLP_BLOCKED.html">Memblokir perangkat</target>
   </keywords>
   <keywords>
      <text FeatureID="-1">Pengaturan Bluetooth</text>
      <target FeatureID="-1" href="BT_HLP_MAIN.html">Bluetooth</target>
   </keywords>
   <keywords>
      <text FeatureID="-1">perangkat pasangan</text>
      <target FeatureID="-1" href="BT_HLP_PAIRED.html">Memasangkan dengan perangkat</target>
   </keywords>
   <keywords>
      <text FeatureID="-1">perangkat diblokir</text>
      <target FeatureID="-1" href="BT_HLP_BLOCKED.html">Memblokir perangkat</target>
   </keywords>
   <keywords>
      <text FeatureID="true_12">keyboard nirkabel</text>
      <target FeatureID="true_12" href="BTKEYBOARD_HLP_SETTINGS.html">Keyboard nirkabel</target>
   </keywords>
</keywords>