<?xml version="1.0" encoding="UTF-8"?>
<keywords>
   <keywords>
      <text FeatureID="-1">تحديث البرامج</text>
      <target FeatureID="-1" href="SWUPDATE_HLP_MAIN.html">تحديث البرامج</target>
      <target FeatureID="-1" href="SWUPDATE_HLP_MAIN.html">تحديث البرامج</target>
   </keywords>
   <keywords>
      <text FeatureID="-1">ضبط تحديث برامج</text>
      <target FeatureID="-1" href="SWUPDATE_HLP_SETTINGS.html">ضبط تحديث البرامج</target>
   </keywords>
</keywords>