<?xml version="1.0" encoding="UTF-8"?>
<keywords>
   <keywords>
      <text FeatureID="true_410">Wählfunktion</text>
      <target FeatureID="true_410" href="DIALER_HLP_MAIN.html">Telefonanrufe aufbauen</target>
   </keywords>
   <keywords>
      <text FeatureID="true_410">Telefonanrufe aufbauen</text>
      <target FeatureID="true_410" href="DIALER_HLP_MAIN.html">Telefonanrufe aufbauen</target>
   </keywords>
   <keywords>
      <text FeatureID="-1">Telefonanrufe</text>
      <target FeatureID="-1" href="INCAL_HLP_CALL_HANDLING.html">Telefonanrufe</target>
   </keywords>
   <keywords>
      <text FeatureID="-1">Konferenzgespräche</text>
      <target FeatureID="-1" href="INCAL_HLP_CALL_HANDLING.html">Telefonanrufe</target>
   </keywords>
   <keywords>
      <text FeatureID="-1">Gesprächswechsel</text>
      <target FeatureID="-1" href="INCAL_HLP_CALL_HANDLING.html">Telefonanrufe</target>
   </keywords>
   <keywords>
      <text FeatureID="-1">Telefon</text>
      <target FeatureID="-1" href="INCAL_HLP_CALL_HANDLING.html">Telefonanrufe</target>
   </keywords>
   <keywords>
      <text FeatureID="true_410">DTMF-Töne</text>
      <target FeatureID="true_410" href="DIALER_HLP_SEND_DTMF.html">DTMF-Töne senden</target>
   </keywords>
   <keywords>
      <text FeatureID="true_89">Videoanrufe</text>
      <target FeatureID="true_89" href="INCAL_HLP_VIDEO_CALL.html">Videoanrufe</target>
   </keywords>
</keywords>