<?xml version="1.0" encoding="UTF-8"?>
<keywords>
   <keywords>
      <text FeatureID="-1">méthodes de positionnement</text>
      <target FeatureID="-1" href="LOC_HLP_SETTINGS.html">Paramètres de positionnement</target>
   </keywords>
   <keywords>
      <text FeatureID="-1">serveur de positionnement</text>
      <target FeatureID="-1" href="LOC_HLP_SETTINGS.html">Paramètres de positionnement</target>
   </keywords>
   <keywords>
      <text FeatureID="-1">préférences de notation</text>
      <target FeatureID="-1" href="LOC_HLP_SETTINGS.html">Paramètres de positionnement</target>
   </keywords>
</keywords>