<?xml version="1.0" encoding="UTF-8"?>
<keywords>
   <keywords>
      <text FeatureID="-1">mga halaga ng palitan</text>
      <target FeatureID="-1" href="CNV_HLP_RATES.html">Mga setting ng pera</target>
   </keywords>
   <keywords>
      <text FeatureID="-1">batayang pera</text>
      <target FeatureID="-1" href="CNV_HLP_RATES.html">Mga setting ng pera</target>
   </keywords>
   <keywords>
      <text FeatureID="-1">pagpapalit ng pera</text>
      <target FeatureID="-1" href="CNV_HLP_RATES.html">Mga setting ng pera</target>
   </keywords>
   <keywords>
      <text FeatureID="-1">tagapalit</text>
      <target FeatureID="-1" href="CNV_HLP_MAIN_STATE.html">Mga unit ng palitan</target>
   </keywords>
   <keywords>
      <text FeatureID="-1">pinapalitan ang pera</text>
      <target FeatureID="-1" href="CNV_HLP_MAIN_STATE.html">Mga unit ng palitan</target>
   </keywords>
</keywords>