<?xml version="1.0" encoding="UTF-8"?>
<keywords>
   <keywords>
      <text FeatureID="-1">VPN (rete privata virtuale)</text>
      <target FeatureID="-1" href="SET_HLP_VPN_LOG_VIEW.html">Registro VPN</target>
      <target FeatureID="-1" href="SET_HLP_VPN_CONFIG_MAIN.html">VPN, gestione</target>
      <target FeatureID="-1" href="SET_HLP_VPN_POLICY_VIEW.html">VPN, criteri</target>
      <target FeatureID="-1" href="SET_HLP_VPN_POLICY_SERVERS.html">VPN, server dei criteri</target>
      <target FeatureID="-1" href="SET_HLP_VPN_POLICY_SERVER_SET.html">Impostazioni del server VPN</target>
   </keywords>
</keywords>