<?xml version="1.0" encoding="UTF-8"?>
<keywords>
   <keywords>
      <text FeatureID="-1">taxas de cambio</text>
      <target FeatureID="-1" href="CNV_HLP_RATES.html">Axustes de moeda</target>
   </keywords>
   <keywords>
      <text FeatureID="-1">moeda base</text>
      <target FeatureID="-1" href="CNV_HLP_RATES.html">Axustes de moeda</target>
   </keywords>
   <keywords>
      <text FeatureID="-1">conversión de moeda</text>
      <target FeatureID="-1" href="CNV_HLP_RATES.html">Axustes de moeda</target>
      <target FeatureID="-1" href="CNV_HLP_MAIN_STATE.html">Conversión de unidades</target>
   </keywords>
   <keywords>
      <text FeatureID="-1">convertedor</text>
      <target FeatureID="-1" href="CNV_HLP_MAIN_STATE.html">Conversión de unidades</target>
   </keywords>
</keywords>