<?xml version="1.0" encoding="UTF-8"?>
<keywords>
   <keywords>
      <text FeatureID="-1">varmenteet</text>
      <target FeatureID="-1" href="AM_HLP_GENERAL_SETTINGS.html">Varmenteiden asetukset</target>
   </keywords>
   <keywords>
      <text FeatureID="-1">asetukset, varmenteet</text>
      <target FeatureID="-1" href="AM_HLP_GENERAL_SETTINGS.html">Varmenteiden asetukset</target>
   </keywords>
   <keywords>
      <text FeatureID="-1">sovellusten asentaminen</text>
      <target FeatureID="-1" href="AM_HLP_NOT_INSTALLED.html">Asennustiedostot</target>
      <target FeatureID="-1" href="AM_HLP_APPLICATION.html">Sovellusten hallinta</target>
   </keywords>
   <keywords>
      <text FeatureID="-1">asentamattomat sovellukset</text>
      <target FeatureID="-1" href="AM_HLP_NOT_INSTALLED.html">Asennustiedostot</target>
   </keywords>
   <keywords>
      <text FeatureID="-1">asennetut sovellukset</text>
      <target FeatureID="-1" href="AM_HLP_INSTALLED.html">Asennetut sovellukset</target>
   </keywords>
   <keywords>
      <text FeatureID="-1">ohjelmistojen asentaminen</text>
      <target FeatureID="-1" href="AM_HLP_APPLICATION.html">Sovellusten hallinta</target>
   </keywords>
   <keywords>
      <text FeatureID="-1">lupapyynnöt</text>
      <target FeatureID="-1" href="AM_HLP_INSTALL_CAPAB.html">Lupapyynnöt</target>
   </keywords>
   <keywords>
      <text FeatureID="-1">ei-luotetun sovelluksen asennus</text>
      <target FeatureID="-1" href="AM_HLP_INSTALL_UNTRUSTED.html">Ei-luotetun sovelluksen asennus</target>
   </keywords>
</keywords>