<?xml version="1.0" encoding="UTF-8"?>
<keywords>
   <keywords>
      <text FeatureID="-1">lecture de fichier Flash</text>
      <target FeatureID="-1" href="FLITE_HLP_STOPPED.html">Mettre fin à la lecture Flash</target>
      <target FeatureID="-1" href="FLITE_HLP_VIEWER_PAUSED.html">Interrompre la lecture Flash</target>
      <target FeatureID="-1" href="FLITE_HLP_VIEWER_PLAY.html">Lire des fichiers Flash</target>
   </keywords>
   <keywords>
      <text FeatureID="-1">Flash Player</text>
      <target FeatureID="-1" href="FLITE_HLP_STOPPED.html">Mettre fin à la lecture Flash</target>
      <target FeatureID="-1" href="FLITE_HLP_VIEWER_PAUSED.html">Interrompre la lecture Flash</target>
      <target FeatureID="-1" href="FLITE_HLP_VIEWER_PLAY.html">Lire des fichiers Flash</target>
   </keywords>
</keywords>