<?xml version="1.0" encoding="UTF-8"?>
<keywords>
   <keywords>
      <text FeatureID="-1">čítačka správ, jazyk</text>
      <target FeatureID="-1" href="SPEECH_HLP_MAIN.html">Nastavenia reči</target>
   </keywords>
   <keywords>
      <text FeatureID="-1">Čítačka správ, hlas</text>
      <target FeatureID="-1" href="SPEECH_HLP_MAIN.html">Nastavenia reči</target>
   </keywords>
   <keywords>
      <text FeatureID="-1">čítačka správ</text>
      <target FeatureID="-1" href="SPEECH_HLP_VOICE.html">Detaily hlasu</target>
   </keywords>
   <keywords>
      <text FeatureID="-1">Čítačka správ, nastavenia</text>
      <target FeatureID="-1" href="SPEECH_HLP_MRSETTINGS.html">Nastavenia čítačky správ</target>
   </keywords>
</keywords>