<?xml version="1.0" encoding="UTF-8"?>
<keywords>
   <keywords>
      <text FeatureID="true_1091">USSD, editor</text>
      <target FeatureID="true_1091" href="USSD_HLP_EDITOR.html">Comandi servizi</target>
   </keywords>
   <keywords>
      <text FeatureID="true_1091">comandi servizi</text>
      <target FeatureID="true_1091" href="USSD_HLP_EDITOR.html">Comandi servizi</target>
   </keywords>
   <keywords>
      <text FeatureID="true_1091">servizi di rete</text>
      <target FeatureID="true_1091" href="USSD_HLP_EDITOR.html">Comandi servizi</target>
   </keywords>
</keywords>