<?xml version="1.0" encoding="UTF-8"?>
<keywords>
   <keywords>
      <text FeatureID="true_13 true_1566">USB kablosu bağlantısı</text>
      <target FeatureID="true_13" href="USB_HLP_MAIN.html">USB ayarları</target>
      <target FeatureID="true_1566" href="USB_HLP_PRINT_SETTINGS.html">Yazıcı ayarları</target>
   </keywords>
   <keywords>
      <text FeatureID="true_13">kablo bağlantısı</text>
      <target FeatureID="true_13" href="USB_HLP_MAIN.html">USB ayarları</target>
   </keywords>
   <keywords>
      <text FeatureID="true_1566">yazdırma</text>
      <target FeatureID="true_1566" href="USB_HLP_PRINT_SETTINGS.html">Yazıcı ayarları</target>
   </keywords>
   <keywords>
      <text FeatureID="true_1566">ayarlar, yazıcı</text>
      <target FeatureID="true_1566" href="USB_HLP_PRINT_SETTINGS.html">Yazıcı ayarları</target>
   </keywords>
</keywords>