<?xml version="1.0" encoding="UTF-8"?>
<keywords>
   <keywords>
      <text FeatureID="true_1604">text input</text>
      <target FeatureID="true_1604" href="HWR_HLP_MAIN_VIEW.html">Håndskriftgjenkjenning</target>
   </keywords>
   <keywords>
      <text FeatureID="true_1604">håndskriftgjenkjenning</text>
      <target FeatureID="true_1604" href="HWR_HLP_MAIN_VIEW.html">Håndskriftgjenkjenning</target>
   </keywords>
   <keywords>
      <text FeatureID="true_1603 true_410">inndata for berøring</text>
      <target FeatureID="true_1603" href="VQWERTY_HLP_MAIN_VIEW.html">Virtuelt tastatur</target>
      <target FeatureID="true_410" href="VITU_HLP_MAIN_VIEW.html">Virtuelt tastatur</target>
   </keywords>
   <keywords>
      <text FeatureID="true_410">virtuelt tastatur</text>
      <target FeatureID="true_410" href="VITU_HLP_MAIN_VIEW.html">Virtuelt tastatur</target>
   </keywords>
</keywords>