<?xml version="1.0" encoding="UTF-8"?>
<keywords>
   <keywords>
      <text FeatureID="-1">인증서</text>
      <target FeatureID="-1" href="AM_HLP_GENERAL_SETTINGS.html">인증서 설정</target>
   </keywords>
   <keywords>
      <text FeatureID="-1">설정, 인증서</text>
      <target FeatureID="-1" href="AM_HLP_GENERAL_SETTINGS.html">인증서 설정</target>
   </keywords>
   <keywords>
      <text FeatureID="-1">애플리케이션 설치</text>
      <target FeatureID="-1" href="AM_HLP_NOT_INSTALLED.html">설치 파일</target>
      <target FeatureID="-1" href="AM_HLP_APPLICATION.html">애플리케이션 관리</target>
   </keywords>
   <keywords>
      <text FeatureID="-1">설치되지 않은 애플리케이션</text>
      <target FeatureID="-1" href="AM_HLP_NOT_INSTALLED.html">설치 파일</target>
   </keywords>
   <keywords>
      <text FeatureID="-1">설치된 애플리케이션</text>
      <target FeatureID="-1" href="AM_HLP_INSTALLED.html">설치된 애플리케이션</target>
   </keywords>
   <keywords>
      <text FeatureID="-1">소프트웨어 설치</text>
      <target FeatureID="-1" href="AM_HLP_APPLICATION.html">애플리케이션 관리</target>
   </keywords>
   <keywords>
      <text FeatureID="-1">권한 요청</text>
      <target FeatureID="-1" href="AM_HLP_INSTALL_CAPAB.html">권한 요청</target>
   </keywords>
   <keywords>
      <text FeatureID="-1">무단 설치</text>
      <target FeatureID="-1" href="AM_HLP_INSTALL_UNTRUSTED.html">무단 설치</target>
   </keywords>
</keywords>