<?xml version="1.0" encoding="UTF-8"?>
<keywords>
   <keywords>
      <text FeatureID="-1">Fotografie</text>
      <target FeatureID="-1" href="LGAL_HLP_ALBUM_LIST.html">Albumy</target>
      <target FeatureID="-1" href="LGAL_HLP_DETAILS_VIEW.html">Prezeranie a úprava detailov súboru</target>
      <target FeatureID="-1" href="LGAL_HLP_TAGS_BROWSER.html">Štítky</target>
      <target FeatureID="-1" href="LGAL_HLP_MONTH_FULLSCREEN.html">Prezeranie mediálnych súborov podľa mesiaca</target>
      <target FeatureID="-1" href="LGAL_HLP_MONTH_GRID.html">Prehliadanie mediálnych súborov podľa mesiaca</target>
      <target FeatureID="-1" href="LGAL_HLP_VIEW_LIST.html">Fotografie</target>
      <target FeatureID="-1" href="LGAL_HLP_MONTH_LIST.html">Mesiace</target>
      <target FeatureID="-1" href="LGAL_HLP_SLIDESHOW_SETTINGS.html">Nastavenia prezentácie</target>
      <target FeatureID="-1" href="LGAL_HLP_ALL_FULLSCREEN.html">Prez. všet. med. súb.</target>
      <target FeatureID="-1" href="LGAL_HLP_ALBUM_FULLSCREEN.html">Prezeranie mediálnych súborov v albumoch</target>
      <target FeatureID="-1" href="LGAL_HLP_TAGS_FULLSCREEN.html">Prezeranie mediálnych súborov so štítkami</target>
   </keywords>
   <keywords>
      <text FeatureID="-1">albumy</text>
      <target FeatureID="-1" href="LGAL_HLP_ALBUM_LIST.html">Albumy</target>
      <target FeatureID="-1" href="LGAL_HLP_ALBUM_GRID.html">Prehliadanie mediálnych súborov v albumoch</target>
      <target FeatureID="-1" href="LGAL_HLP_VIEW_LIST.html">Fotografie</target>
      <target FeatureID="-1" href="LGAL_HLP_ALBUM_FULLSCREEN.html">Prezeranie mediálnych súborov v albumoch</target>
   </keywords>
   <keywords>
      <text FeatureID="-1">fotografie</text>
      <target FeatureID="-1" href="LGAL_HLP_ALL_GRID.html">Prehl. všet. med. súb.</target>
      <target FeatureID="-1" href="LGAL_HLP_ALBUM_GRID.html">Prehliadanie mediálnych súborov v albumoch</target>
      <target FeatureID="-1" href="LGAL_HLP_TAGS_GRID.html">Prehliadanie mediálnych súborov so štítkami</target>
   </keywords>
   <keywords>
      <text FeatureID="-1">štítky</text>
      <target FeatureID="-1" href="LGAL_HLP_TAGS_GRID.html">Prehliadanie mediálnych súborov so štítkami</target>
      <target FeatureID="-1" href="LGAL_HLP_TAGS_BROWSER.html">Štítky</target>
      <target FeatureID="-1" href="LGAL_HLP_TAGS_FULLSCREEN.html">Prezeranie mediálnych súborov so štítkami</target>
   </keywords>
   <keywords>
      <text FeatureID="-1">menovky</text>
      <target FeatureID="-1" href="LGAL_HLP_VIEW_LIST.html">Fotografie</target>
   </keywords>
   <keywords>
      <text FeatureID="-1">prezentácia</text>
      <target FeatureID="-1" href="LGAL_HLP_SLIDESHOW_SETTINGS.html">Nastavenia prezentácie</target>
   </keywords>
</keywords>