<?xml version="1.0" encoding="UTF-8"?>
<keywords>
   <keywords>
      <text FeatureID="-1">prijenos podataka</text>
      <target FeatureID="-1" href="SWITCH_HLP_EDIT_SHORTCUT.html">Postavke prečaca</target>
      <target FeatureID="-1" href="SWITCH_HLP_EDIT_SHORTCUT.html">Postavke prečaca</target>
      <target FeatureID="-1" href="SWITCH_HLP_MAIN.html">Prenesi podatke</target>
      <target FeatureID="-1" href="SWITCH_HLP_MAIN.html">Prenesi podatke</target>
      <target FeatureID="-1" href="SWITCH_HLP_LOG.html">Zapisnik prijenosa</target>
   </keywords>
   <keywords>
      <text FeatureID="-1">prečaci</text>
      <target FeatureID="-1" href="SWITCH_HLP_EDIT_SHORTCUT.html">Postavke prečaca</target>
   </keywords>
   <keywords>
      <text FeatureID="-1">prijenos podataka, sukobi</text>
      <target FeatureID="-1" href="SWITCH_HLP_CONFLICT.html">Sukobi prijenosa</target>
   </keywords>
   <keywords>
      <text FeatureID="-1">kopiranje sadržaja</text>
      <target FeatureID="-1" href="SWITCH_HLP_MAIN.html">Prenesi podatke</target>
   </keywords>
   <keywords>
      <text FeatureID="-1">zapisnik prijenosa</text>
      <target FeatureID="-1" href="SWITCH_HLP_LOG.html">Zapisnik prijenosa</target>
   </keywords>
</keywords>