<?xml version="1.0" encoding="UTF-8"?>
<keywords>
   <keywords>
      <text FeatureID="-1">Chat-Mitteilungen</text>
      <target FeatureID="-1" href="SERVTAB_HLP_CONVERSATION.html">Chat-Mitteilungen senden</target>
   </keywords>
   <keywords>
      <text FeatureID="-1">chatten</text>
      <target FeatureID="-1" href="SERVTAB_HLP_CONVERSATION.html">Chat-Mitteilungen senden</target>
   </keywords>
   <keywords>
      <text FeatureID="-1">Gespräche</text>
      <target FeatureID="-1" href="SERVTAB_HLP_CONVERSATION.html">Chat-Mitteilungen senden</target>
   </keywords>
</keywords>