<?xml version="1.0" encoding="UTF-8"?>
<keywords>
   <keywords>
      <text FeatureID="-1">sikkerhets­sertifikater</text>
      <target FeatureID="-1" href="CM_HLP_AUTHORITY.html">Sikkerhets­sertifikater</target>
      <target FeatureID="-1" href="CM_HLP_AUTHORITY.html">Sikkerhets­sertifikater</target>
      <target FeatureID="-1" href="CM_HLP_MAIN.html">Sertifikatbehandling</target>
   </keywords>
   <keywords>
      <text FeatureID="-1">sertifikater</text>
      <target FeatureID="-1" href="CM_HLP_AUTHORITY.html">Sikkerhets­sertifikater</target>
      <target FeatureID="-1" href="CM_HLP_DEVICE.html">Enhetssertifikater</target>
      <target FeatureID="-1" href="CM_HLP_MAIN.html">Sertifikatbehandling</target>
      <target FeatureID="-1" href="CM_HLP_PERSONAL.html">Personlige sertifikater</target>
      <target FeatureID="-1" href="CM_HLP_TRUSTED_SITE.html">Sertifikater for pålitelige områder</target>
      <target FeatureID="-1" href="CM_HLP_TRUST_SETTINGS.html">Redigere klareringsinnstillinger</target>
   </keywords>
   <keywords>
      <text FeatureID="-1">enhetssertifikater</text>
      <target FeatureID="-1" href="CM_HLP_DEVICE.html">Enhetssertifikater</target>
   </keywords>
   <keywords>
      <text FeatureID="-1">personlige sertifikater</text>
      <target FeatureID="-1" href="CM_HLP_PERSONAL.html">Personlige sertifikater</target>
   </keywords>
   <keywords>
      <text FeatureID="-1">sertifikater for pålitelige områder</text>
      <target FeatureID="-1" href="CM_HLP_TRUSTED_SITE.html">Sertifikater for pålitelige områder</target>
   </keywords>
   <keywords>
      <text FeatureID="-1">klareringsinnstillinger</text>
      <target FeatureID="-1" href="CM_HLP_TRUST_SETTINGS.html">Redigere klareringsinnstillinger</target>
   </keywords>
</keywords>