<?xml version="1.0" encoding="UTF-8"?><?xml-stylesheet  href="../../theme/xsl/index2html.xslt" type="text/xsl"?>
<topics FeatureID="-1" title="Instant messaging" compressed="true">
   <topicref FeatureID="-1" href="IMNG_HLP_SEARCHCHAT.html" navtitle="Maghanap ng mga user ng IM"/>
   <topicref FeatureID="-1" href="IMNG_HLP_SAVED_VIEW.html" navtitle="Tingnan ang nai-save na mga pag-uusap"/>
   <topicref FeatureID="-1" href="IMNG_HLP_SAVED_LIST.html" navtitle="Mga naka-save na pakikipag-usap"/>
   <topicref FeatureID="-1" href="IMNG_HLP_IMCHAT.html" navtitle="Mga pakikipag-usap sa grupo"/>
   <topicref FeatureID="-1" href="IMNG_HLP_GROUP_EDIT.html" navtitle="Mga karapatan ng grupo sa pag-edit"/>
   <topicref FeatureID="-1" href="IMNG_HLP_GROUP_BAN.html" navtitle="I-ban ang mga IM user sa mga grupo"/>
   <topicref FeatureID="-1" href="IMNG_HLP_CONT_OWN_DATA.html" navtitle="Aking data"/>
   <topicref FeatureID="-1" href="IMNG_HLP_COMMUNITY_VIEW_EMPTY.html" navtitle="Magsimulang gumamit ng IM"/>
   <topicref FeatureID="-1" href="IMNG_HLP_COMMUNITY_VIEW.html" navtitle="Instant messaging"/>
   <topicref FeatureID="-1" href="IMNG_HLP_BLOCKED_VIEW.html" navtitle="Mga naka-block na contact"/>
   <topicref FeatureID="-1" href="IMNG_HLP_SETTINGS.html" navtitle="Mga setting ng IM"/>
   <topicref FeatureID="-1" href="IMNG_HLP_SERVLISTSETT_IM.html" navtitle="Mga server ng IM"/>
   <topicref FeatureID="-1" href="IMNG_HLP_DEFSERVER.html" navtitle="Mga setting ng server ng IM"/>
   <topicref FeatureID="-1" href="IMNG_HLP_INVITE.html" navtitle="Mga paanyaya ng IM"/>
   <topicref FeatureID="-1" href="IMNG_HLP_CREATECHAT.html" navtitle="Mga setting ng grupo ng IM"/>
   <topicref FeatureID="-1" href="IMNG_HLP_ACCLIST.html" navtitle="Mga kasapi sa grupo ng IM"/>
   <topicref FeatureID="-1" href="IMNG_HLP_CONVERSATIONS.html" navtitle="Mga pakikipag-usap sa IM"/>
   <topicref FeatureID="-1" href="IMNG_HLP_CONTACTDETAILS.html" navtitle="Mga detalye ng contact sa IM"/>
   <topicref FeatureID="-1" href="IMNG_HLP_APPSETT.html" navtitle="Mga setting ng application ng IM"/>
</topics>