<?xml version="1.0" encoding="UTF-8"?>
<keywords>
   <keywords>
      <text FeatureID="-1">naghahanap ng mga user ng IM</text>
      <target FeatureID="-1" href="IMNG_HLP_SEARCHCHAT.html">Maghanap ng mga user ng IM</target>
   </keywords>
   <keywords>
      <text FeatureID="-1">instant messaging</text>
      <target FeatureID="-1" href="IMNG_HLP_SEARCHCHAT.html">Maghanap ng mga user ng IM</target>
      <target FeatureID="-1" href="IMNG_HLP_SAVED_VIEW.html">Tingnan ang nai-save na mga pag-uusap</target>
      <target FeatureID="-1" href="IMNG_HLP_SAVED_LIST.html">Mga naka-save na pakikipag-usap</target>
      <target FeatureID="-1" href="IMNG_HLP_GROUP_EDIT.html">Mga karapatan ng grupo sa pag-edit</target>
      <target FeatureID="-1" href="IMNG_HLP_GROUP_BAN.html">I-ban ang mga IM user sa mga grupo</target>
      <target FeatureID="-1" href="IMNG_HLP_CONT_OWN_DATA.html">Aking data</target>
      <target FeatureID="-1" href="IMNG_HLP_COMMUNITY_VIEW_EMPTY.html">Magsimulang gumamit ng IM</target>
      <target FeatureID="-1" href="IMNG_HLP_COMMUNITY_VIEW.html">Instant messaging</target>
      <target FeatureID="-1" href="IMNG_HLP_CREATECHAT.html">Mga setting ng grupo ng IM</target>
      <target FeatureID="-1" href="IMNG_HLP_ACCLIST.html">Mga kasapi sa grupo ng IM</target>
      <target FeatureID="-1" href="IMNG_HLP_CONVERSATIONS.html">Mga pakikipag-usap sa IM</target>
      <target FeatureID="-1" href="IMNG_HLP_APPSETT.html">Mga setting ng application ng IM</target>
   </keywords>
   <keywords>
      <text FeatureID="-1">naghahanap ng mga grupo sa IM</text>
      <target FeatureID="-1" href="IMNG_HLP_SEARCHCHAT.html">Maghanap ng mga user ng IM</target>
   </keywords>
   <keywords>
      <text FeatureID="-1">mga naka-save na usapan</text>
      <target FeatureID="-1" href="IMNG_HLP_SAVED_LIST.html">Mga naka-save na pakikipag-usap</target>
   </keywords>
   <keywords>
      <text FeatureID="-1">IM (instant messaging)</text>
      <target FeatureID="-1" href="IMNG_HLP_IMCHAT.html">Mga pakikipag-usap sa grupo</target>
   </keywords>
   <keywords>
      <text FeatureID="-1">pagsali sa mga grupo sa IM</text>
      <target FeatureID="-1" href="IMNG_HLP_IMCHAT.html">Mga pakikipag-usap sa grupo</target>
   </keywords>
   <keywords>
      <text FeatureID="-1">mga kaparatan sa pag-edit</text>
      <target FeatureID="-1" href="IMNG_HLP_GROUP_EDIT.html">Mga karapatan ng grupo sa pag-edit</target>
   </keywords>
   <keywords>
      <text FeatureID="-1">listahan ng naka-ban</text>
      <target FeatureID="-1" href="IMNG_HLP_GROUP_BAN.html">I-ban ang mga IM user sa mga grupo</target>
   </keywords>
   <keywords>
      <text FeatureID="-1">Mga kasapi sa grupo ng IM</text>
      <target FeatureID="-1" href="IMNG_HLP_GROUP_BAN.html">I-ban ang mga IM user sa mga grupo</target>
      <target FeatureID="-1" href="IMNG_HLP_ACCLIST.html">Mga kasapi sa grupo ng IM</target>
   </keywords>
   <keywords>
      <text FeatureID="-1">Mga contact sa IM</text>
      <target FeatureID="-1" href="IMNG_HLP_CONT_OWN_DATA.html">Aking data</target>
      <target FeatureID="-1" href="IMNG_HLP_BLOCKED_VIEW.html">Mga naka-block na contact</target>
      <target FeatureID="-1" href="IMNG_HLP_CONTACTDETAILS.html">Mga detalye ng contact sa IM</target>
   </keywords>
   <keywords>
      <text FeatureID="-1">IM</text>
      <target FeatureID="-1" href="IMNG_HLP_COMMUNITY_VIEW_EMPTY.html">Magsimulang gumamit ng IM</target>
      <target FeatureID="-1" href="IMNG_HLP_COMMUNITY_VIEW.html">Instant messaging</target>
      <target FeatureID="-1" href="IMNG_HLP_CONVERSATIONS.html">Mga pakikipag-usap sa IM</target>
   </keywords>
   <keywords>
      <text FeatureID="-1">mga naka-block na contact sa IM</text>
      <target FeatureID="-1" href="IMNG_HLP_BLOCKED_VIEW.html">Mga naka-block na contact</target>
   </keywords>
   <keywords>
      <text FeatureID="-1">Mga setting ng IM</text>
      <target FeatureID="-1" href="IMNG_HLP_SETTINGS.html">Mga setting ng IM</target>
      <target FeatureID="-1" href="IMNG_HLP_APPSETT.html">Mga setting ng application ng IM</target>
   </keywords>
   <keywords>
      <text FeatureID="-1">Mga server ng IM</text>
      <target FeatureID="-1" href="IMNG_HLP_SERVLISTSETT_IM.html">Mga server ng IM</target>
   </keywords>
   <keywords>
      <text FeatureID="-1">Mga setting ng server ng IM</text>
      <target FeatureID="-1" href="IMNG_HLP_DEFSERVER.html">Mga setting ng server ng IM</target>
   </keywords>
   <keywords>
      <text FeatureID="-1">mga setting ng server</text>
      <target FeatureID="-1" href="IMNG_HLP_DEFSERVER.html">Mga setting ng server ng IM</target>
   </keywords>
   <keywords>
      <text FeatureID="-1">mga paanyaya</text>
      <target FeatureID="-1" href="IMNG_HLP_INVITE.html">Mga paanyaya ng IM</target>
   </keywords>
   <keywords>
      <text FeatureID="-1">Mga setting ng grupo ng IM</text>
      <target FeatureID="-1" href="IMNG_HLP_CREATECHAT.html">Mga setting ng grupo ng IM</target>
   </keywords>
   <keywords>
      <text FeatureID="-1">mga pakikipag-usap</text>
      <target FeatureID="-1" href="IMNG_HLP_CONVERSATIONS.html">Mga pakikipag-usap sa IM</target>
   </keywords>
   <keywords>
      <text FeatureID="-1">Instant messaging</text>
      <target FeatureID="-1" href="IMNG_HLP_CONTACTDETAILS.html">Mga detalye ng contact sa IM</target>
   </keywords>
</keywords>