<?xml version="1.0" encoding="UTF-8"?>
<keywords>
   <keywords>
      <text FeatureID="-1">словарь</text>
      <target FeatureID="-1" href="DICTIONARY_HLP_MAIN_TAB1.html">Словарь</target>
   </keywords>
   <keywords>
      <text FeatureID="-1">перевод</text>
      <target FeatureID="-1" href="DICTIONARY_HLP_MAIN_TAB1.html">Словарь</target>
   </keywords>
   <keywords>
      <text FeatureID="-1">словарь, перевод</text>
      <target FeatureID="-1" href="DICTIONARY_HLP_RESULTS.html">Результаты перевода</target>
   </keywords>
</keywords>