<?xml version="1.0" encoding="UTF-8"?>
<keywords>
   <keywords>
      <text FeatureID="-1">Kategorien f. Orientierungspunkte</text>
      <target FeatureID="-1" href="LM_HLP_LM_BY_CATEGORY.html">Kategorien f. Orientierungspunkte</target>
      <target FeatureID="-1" href="LM_HLP_EDIT_CATEGORIES.html">Bearbeiten von Orientierungspunktkategorien</target>
   </keywords>
   <keywords>
      <text FeatureID="-1">Orientierungspunkte</text>
      <target FeatureID="-1" href="LM_HLP_LM_BY_NAME.html">Orientierungspunkte nach Namen anzeigen</target>
      <target FeatureID="-1" href="LM_HLP_CATEGORY_CONTENTS.html">Orientierungspunkte in Kategorien</target>
      <target FeatureID="-1" href="LM_HLP_LM_VIEWER.html">Orientierungspunkte: Details</target>
   </keywords>
   <keywords>
      <text FeatureID="-1">Orientierungspunkte bearbeiten</text>
      <target FeatureID="-1" href="LM_HLP_LM_EDITOR.html">Bearbeiten von Orientierungspunkten</target>
   </keywords>
</keywords>