<?xml version="1.0" encoding="UTF-8"?>
<keywords>
   <keywords>
      <text FeatureID="-1">ประเภทสถานที่</text>
      <target FeatureID="-1" href="LM_HLP_LM_BY_CATEGORY.html">ประเภทสถานที่</target>
      <target FeatureID="-1" href="LM_HLP_EDIT_CATEGORIES.html">การแก้ไขประเภทสถานที่</target>
   </keywords>
   <keywords>
      <text FeatureID="-1">สถานที่</text>
      <target FeatureID="-1" href="LM_HLP_LM_BY_NAME.html">หน้าจอสถานที่แยกตามชื่อ</target>
      <target FeatureID="-1" href="LM_HLP_CATEGORY_CONTENTS.html">สถานที่ในประเภทต่างๆ</target>
      <target FeatureID="-1" href="LM_HLP_LM_VIEWER.html">สถานที่โดยละเอียด</target>
   </keywords>
   <keywords>
      <text FeatureID="-1">การแก้ไขสถานที่</text>
      <target FeatureID="-1" href="LM_HLP_LM_EDITOR.html">การแก้ไขสถานที่</target>
   </keywords>
</keywords>