<?xml version="1.0" encoding="UTF-8"?>
<keywords>
   <keywords>
      <text FeatureID="-1">lähetys, viestit</text>
      <target FeatureID="-1" href="UNIFIED_HLP_EDITOR.html">Viestien luonti</target>
   </keywords>
   <keywords>
      <text FeatureID="-1">viestit, muokkaustila</text>
      <target FeatureID="-1" href="UNIFIED_HLP_EDITOR.html">Viestien luonti</target>
   </keywords>
   <keywords>
      <text FeatureID="-1">tiedotteet</text>
      <target FeatureID="-1" href="UNIFIED_HLP_SENDING_OPTIONS.html">Lähetysvalinnat</target>
   </keywords>
   <keywords>
      <text FeatureID="-1">lähetysvalinnat</text>
      <target FeatureID="-1" href="UNIFIED_HLP_SENDING_OPTIONS.html">Lähetysvalinnat</target>
   </keywords>
   <keywords>
      <text FeatureID="-1">mediaobjektit</text>
      <target FeatureID="-1" href="UNIFIED_HLP_ED_OBJECTS.html">Mediaobjektien vastaanotto</target>
   </keywords>
   <keywords>
      <text FeatureID="-1">multimediaobjektit</text>
      <target FeatureID="-1" href="UNIFIED_HLP_ED_OBJECTS.html">Mediaobjektien vastaanotto</target>
   </keywords>
</keywords>