<?xml version="1.0" encoding="UTF-8"?>
<keywords>
   <keywords>
      <text FeatureID="-1">通話信箱</text>
      <target FeatureID="-1" href="SMSVO_HLP_MAIN_VIEW.html">通話信箱</target>
      <target FeatureID="true_298" href="SMSVO_HLP_CS_VIDEO_AND_XSP_VOIP.html">通話、視訊及網際網路通話信箱</target>
   </keywords>
   <keywords>
      <text FeatureID="-1">答錄機</text>
      <target FeatureID="-1" href="SMSVO_HLP_MAIN_VIEW.html">通話信箱</target>
      <target FeatureID="true_89" href="SMSVO_HLP_CS_AND_VIDEO.html">通話及視訊信箱</target>
      <target FeatureID="true_298" href="SMSVO_HLP_CS_VIDEO_AND_XSP_VOIP.html">通話、視訊及網際網路通話信箱</target>
   </keywords>
   <keywords>
      <text FeatureID="true_89">視訊信箱</text>
      <target FeatureID="true_89" href="SMSVO_HLP_CS_AND_VIDEO.html">通話及視訊信箱</target>
   </keywords>
   <keywords>
      <text FeatureID="true_298">網際網路通話信箱</text>
      <target FeatureID="true_298" href="SMSVO_HLP_CS_VIDEO_AND_XSP_VOIP.html">通話、視訊及網際網路通話信箱</target>
   </keywords>
</keywords>