<?xml version="1.0" encoding="UTF-8"?><?xml-stylesheet  href="../../theme/xsl/index2html.xslt" type="text/xsl"?>
<topics FeatureID="-1" title="Erregistroak" compressed="true">
   <topicref FeatureID="-1" href="GPRS_HLP_MAIN.html" navtitle="Pakete-datuen konexioak"/>
   <topicref FeatureID="-1" href="LOGS_HLP_COUNTER.html" navtitle="Deien eta datuen erregistroak"/>
   <topicref FeatureID="-1" href="LOGS_HLP_DETAIL.html" navtitle="Log gertakarien xehetasunak"/>
   <topicref FeatureID="-1" href="LOGS_HLP_MAIN.html" navtitle="Logaren informazioa"/>
   <topicref FeatureID="-1" href="LOGS_HLP_SETTING.html" navtitle="Logaren ezarpenak"/>
   <topicref FeatureID="-1" href="STM_HLP_DIALLED.html" navtitle="Deitutako zenbakiak"/>
   <topicref FeatureID="-1" href="STM_HLP_MAIN.html" navtitle="Azken deiak"/>
   <topicref FeatureID="-1" href="STM_HLP_MISSED.html" navtitle="Galdutako deiak"/>
   <topicref FeatureID="-1" href="STM_HLP_RECEIVED.html" navtitle="Jasotako deiak"/>
   <topicref FeatureID="-1" href="TIMERS_HLP_MAIN.html" navtitle="Deiaren iraunpena"/>
</topics>