<?xml version="1.0" encoding="UTF-8"?>
<keywords>
   <keywords>
      <text FeatureID="-1">pakete-datuen konexioak</text>
      <target FeatureID="-1" href="GPRS_HLP_MAIN.html">Pakete-datuen konexioak</target>
      <target FeatureID="-1" href="LOGS_HLP_COUNTER.html">Deien eta datuen erregistroak</target>
   </keywords>
   <keywords>
      <text FeatureID="-1">deien iraupena</text>
      <target FeatureID="-1" href="LOGS_HLP_COUNTER.html">Deien eta datuen erregistroak</target>
   </keywords>
   <keywords>
      <text FeatureID="-1">azken deiak</text>
      <target FeatureID="-1" href="LOGS_HLP_COUNTER.html">Deien eta datuen erregistroak</target>
      <target FeatureID="-1" href="STM_HLP_MAIN.html">Azken deiak</target>
   </keywords>
   <keywords>
      <text FeatureID="-1">erregistroak</text>
      <target FeatureID="-1" href="LOGS_HLP_DETAIL.html">Log gertakarien xehetasunak</target>
      <target FeatureID="-1" href="LOGS_HLP_MAIN.html">Logaren informazioa</target>
   </keywords>
   <keywords>
      <text FeatureID="-1">logaren ezarpenak</text>
      <target FeatureID="-1" href="LOGS_HLP_SETTING.html">Logaren ezarpenak</target>
   </keywords>
   <keywords>
      <text FeatureID="-1">deitutako zenbakiak</text>
      <target FeatureID="-1" href="STM_HLP_DIALLED.html">Deitutako zenbakiak</target>
   </keywords>
   <keywords>
      <text FeatureID="-1">deien erregistroa</text>
      <target FeatureID="-1" href="STM_HLP_MAIN.html">Azken deiak</target>
   </keywords>
   <keywords>
      <text FeatureID="-1">galdutako deiak</text>
      <target FeatureID="-1" href="STM_HLP_MISSED.html">Galdutako deiak</target>
   </keywords>
   <keywords>
      <text FeatureID="-1">jasotako deiak</text>
      <target FeatureID="-1" href="STM_HLP_RECEIVED.html">Jasotako deiak</target>
   </keywords>
   <keywords>
      <text FeatureID="-1">erantzundako deiak</text>
      <target FeatureID="-1" href="STM_HLP_RECEIVED.html">Jasotako deiak</target>
   </keywords>
   <keywords>
      <text FeatureID="-1">deiaren iraunpena</text>
      <target FeatureID="-1" href="TIMERS_HLP_MAIN.html">Deiaren iraunpena</target>
   </keywords>
   <keywords>
      <text FeatureID="-1">deien iraunpena</text>
      <target FeatureID="-1" href="TIMERS_HLP_MAIN.html">Deiaren iraunpena</target>
   </keywords>
</keywords>