<?xml version="1.0" encoding="UTF-8"?>
<keywords>
   <keywords>
      <text FeatureID="-1">mendekripsi, kartu memori</text>
      <target FeatureID="-1" href="ES_HLP_ENCRYPTION_DECRYPT.html">Mendekripsi kartu memori</target>
   </keywords>
   <keywords>
      <text FeatureID="-1">mengenkripsi, kartu memori</text>
      <target FeatureID="-1" href="ES_HLP_ENCRYPTION_ENCRYPT.html">Mengenkripsi kartu memori</target>
   </keywords>
   <keywords>
      <text FeatureID="-1">mengenkripsi, memori perangkat dan kartu memori</text>
      <target FeatureID="-1" href="ES_HLP_ENCRYPTION_MAIN.html">Mengenkripsi atau mendekripsi</target>
   </keywords>
   <keywords>
      <text FeatureID="-1">mendekripsi, memori perangkat dan kartu memori</text>
      <target FeatureID="-1" href="ES_HLP_ENCRYPTION_MAIN.html">Mengenkripsi atau mendekripsi</target>
   </keywords>
</keywords>