<?xml version="1.0" encoding="UTF-8"?>
<keywords>
   <keywords>
      <text FeatureID="-1">failihaldur</text>
      <target FeatureID="-1" href="FMGR_HLP_MEM_STORE_VIEW.html">Failide haldamine</target>
      <target FeatureID="-1" href="FMGR_HLP_MAIN_VIEW.html">Failihaldur</target>
      <target FeatureID="-1" href="FMGR_HLP_BACKUP_VIEW.html">Failide varundamine</target>
   </keywords>
   <keywords>
      <text FeatureID="-1">mälukaart</text>
      <target FeatureID="-1" href="FMGR_HLP_MEM_STORE_VIEW.html">Failide haldamine</target>
      <target FeatureID="-1" href="FMGR_HLP_MAIN_VIEW.html">Failihaldur</target>
      <target FeatureID="-1" href="FMGR_HLP_BACKUP_VIEW.html">Failide varundamine</target>
   </keywords>
   <keywords>
      <text FeatureID="-1">Failihaldur</text>
      <target FeatureID="-1" href="FMGR_HLP_SEARCH_RESULTS.html">Failiotsing</target>
   </keywords>
   <keywords>
      <text FeatureID="-1">failide otsimine</text>
      <target FeatureID="-1" href="FMGR_HLP_SEARCH_RESULTS.html">Failiotsing</target>
   </keywords>
   <keywords>
      <text FeatureID="-1">kaustade otsimine</text>
      <target FeatureID="-1" href="FMGR_HLP_SEARCH_RESULTS.html">Failiotsing</target>
   </keywords>
   <keywords>
      <text FeatureID="-1">varukoopia</text>
      <target FeatureID="-1" href="FMGR_HLP_BACKUP_VIEW.html">Failide varundamine</target>
   </keywords>
</keywords>