<?xml version="1.0" encoding="UTF-8"?>
<keywords>
   <keywords>
      <text FeatureID="true_1604">text input</text>
      <target FeatureID="true_1604" href="HWR_HLP_MAIN_VIEW.html">การจดจำลายมือ</target>
   </keywords>
   <keywords>
      <text FeatureID="true_1604">การจดจำลายมือ</text>
      <target FeatureID="true_1604" href="HWR_HLP_MAIN_VIEW.html">การจดจำลายมือ</target>
   </keywords>
   <keywords>
      <text FeatureID="true_1603 true_410">ป้อนแบบสัมผัส</text>
      <target FeatureID="true_1603" href="VQWERTY_HLP_MAIN_VIEW.html">แป้นพิมพ์เสมือนจริง</target>
      <target FeatureID="true_410" href="VITU_HLP_MAIN_VIEW.html">ปุ่มกดเสมือนจริง</target>
   </keywords>
   <keywords>
      <text FeatureID="true_410">ปุ่มกดเสมือนจริง</text>
      <target FeatureID="true_410" href="VITU_HLP_MAIN_VIEW.html">ปุ่มกดเสมือนจริง</target>
   </keywords>
</keywords>