<?xml version="1.0" encoding="UTF-8"?>
<keywords>
   <keywords>
      <text FeatureID="-1">berichtenlezer, taal</text>
      <target FeatureID="-1" href="SPEECH_HLP_MAIN.html">Spraakinstellingen</target>
   </keywords>
   <keywords>
      <text FeatureID="-1">berichtenlezer, stem</text>
      <target FeatureID="-1" href="SPEECH_HLP_MAIN.html">Spraakinstellingen</target>
   </keywords>
   <keywords>
      <text FeatureID="-1">berichtenlezer, stemdetails</text>
      <target FeatureID="-1" href="SPEECH_HLP_VOICE.html">Stemdetails</target>
   </keywords>
   <keywords>
      <text FeatureID="-1">berichtenlezer, instellingen</text>
      <target FeatureID="-1" href="SPEECH_HLP_MRSETTINGS.html">Instellingen van berichtenlezer</target>
   </keywords>
</keywords>