<?xml version="1.0" encoding="UTF-8"?>
<keywords>
   <keywords>
      <text FeatureID="-1">wisselkoersen</text>
      <target FeatureID="-1" href="CNV_HLP_RATES.html">Valuta-instellingen</target>
   </keywords>
   <keywords>
      <text FeatureID="-1">basisvaluta</text>
      <target FeatureID="-1" href="CNV_HLP_RATES.html">Valuta-instellingen</target>
   </keywords>
   <keywords>
      <text FeatureID="-1">valuta omrekenen</text>
      <target FeatureID="-1" href="CNV_HLP_RATES.html">Valuta-instellingen</target>
   </keywords>
   <keywords>
      <text FeatureID="-1">omrekenen</text>
      <target FeatureID="-1" href="CNV_HLP_MAIN_STATE.html">Eenheden omrekenen</target>
   </keywords>
   <keywords>
      <text FeatureID="-1">omrekenen, valuta</text>
      <target FeatureID="-1" href="CNV_HLP_MAIN_STATE.html">Eenheden omrekenen</target>
   </keywords>
</keywords>