<?xml version="1.0" encoding="UTF-8"?>
<keywords>
   <keywords>
      <text FeatureID="-1">configurações, tampa deslizante</text>
      <target FeatureID="-1" href="SET_HLP_SETTINGS_KEYPAD_COVER.html">Configurações de controle da tampa deslizante</target>
   </keywords>
   <keywords>
      <text FeatureID="-1">configurações da tampa deslizante</text>
      <target FeatureID="-1" href="SET_HLP_SETTINGS_KEYPAD_COVER.html">Configurações de controle da tampa deslizante</target>
   </keywords>
   <keywords>
      <text FeatureID="-1">gerenciamento de dispositivos</text>
      <target FeatureID="-1" href="CP_HLP_DEVICE_MANAGEMENT.html">Gerenciamento de dispositivos</target>
   </keywords>
   <keywords>
      <text FeatureID="true_109">Protocolo de Autenticação Extensível, EAP (Extensible Authentication Protocol)</text>
      <target FeatureID="true_109" href="SET_HLP_WLAN_EAP_SIM.html">Configs. EAP-SIM</target>
   </keywords>
   <keywords>
      <text FeatureID="true_109">configurações, WLAN</text>
      <target FeatureID="true_109" href="SET_HLP_WLAN_EAP_SIM.html">Configs. EAP-SIM</target>
   </keywords>
   <keywords>
      <text FeatureID="-1">restringir pontos acesso</text>
      <target FeatureID="-1" href="ACL_HLP_MAIN.html">Restringir conexões</target>
   </keywords>
   <keywords>
      <text FeatureID="-1">configurações de conexão</text>
      <target FeatureID="-1" href="SIP_HLP_PROF_PARAMS.html">Configs. perfil SIP</target>
      <target FeatureID="-1" href="SET_HLP_DEFAULT_CONN.html">Conexão padrão</target>
   </keywords>
   <keywords>
      <text FeatureID="-1">configurações do SIP</text>
      <target FeatureID="-1" href="SIP_HLP_PROF_PARAMS.html">Configs. perfil SIP</target>
      <target FeatureID="-1" href="SIP_HLP_MAIN.html">Perfis SIP</target>
      <target FeatureID="-1" href="SIP_HLP_PROXY_PARAMS.html">Configs. proxy SIP</target>
      <target FeatureID="-1" href="SIP_HLP_REGISTRAR_PARAM.html">Configs. servidor reg.</target>
   </keywords>
   <keywords>
      <text FeatureID="-1">configurações conexão</text>
      <target FeatureID="-1" href="SIP_HLP_MAIN.html">Perfis SIP</target>
      <target FeatureID="-1" href="SET_HLP_CONN_DEST_VIEW.html">Exib. Destinos</target>
      <target FeatureID="-1" href="SET_HLP_CONN_METHODS_VIEW.html">Exib. ptos. acesso</target>
      <target FeatureID="true_1581" href="RD_HLP_REMOTE_DRIVE_CONFIG.html">Configs. unid. remota</target>
      <target FeatureID="true_1581" href="RD_HLP_REMOTE_DRIVES.html">Unid. remotas</target>
   </keywords>
   <keywords>
      <text FeatureID="-1">servidor de registro</text>
      <target FeatureID="-1" href="SIP_HLP_REGISTRAR_PARAM.html">Configs. servidor reg.</target>
   </keywords>
   <keywords>
      <text FeatureID="-1">pontos de acesso</text>
      <target FeatureID="-1" href="HLP_OCC_CONN_SETTINGS.html">Conexões de rede</target>
      <target FeatureID="-1" href="SET_HLP_CONN_METHODS_VIEW.html">Exib. ptos. acesso</target>
      <target FeatureID="-1" href="SET_HLP_AP_SETTING_GPRS.html">Ponto aces. dados pac.</target>
      <target FeatureID="true_109" href="SET_HLP_AP_SETTING_WLAN.html">Pt. aces. WLAN</target>
   </keywords>
   <keywords>
      <text FeatureID="-1">configurações, conexão</text>
      <target FeatureID="-1" href="HLP_OCC_CONN_SETTINGS.html">Conexões de rede</target>
   </keywords>
   <keywords>
      <text FeatureID="-1">configurações de destino</text>
      <target FeatureID="-1" href="SET_HLP_CONN_DEST_VIEW.html">Exib. Destinos</target>
   </keywords>
   <keywords>
      <text FeatureID="-1">conexão padrão</text>
      <target FeatureID="-1" href="SET_HLP_DEFAULT_CONN.html">Conexão padrão</target>
   </keywords>
   <keywords>
      <text FeatureID="-1">pontos de acesso VPN</text>
      <target FeatureID="true_99" href="SET_HLP_VPN_DEST_ASSOC_VIEW.html">Conexões VPN</target>
      <target FeatureID="-1" href="SET_HLP_VPN_AP_SETTINGS_VIEW.html">Editar pontos de acesso VPN</target>
   </keywords>
   <keywords>
      <text FeatureID="-1">conexões de aplicativo</text>
      <target FeatureID="-1" href="SET_HLP_APP_DEST_ASSOC_VIEW.html">Conexões de aplic.</target>
   </keywords>
   <keywords>
      <text FeatureID="-1">configurações de aplicativo</text>
      <target FeatureID="-1" href="CP_HLP_APPILICATION_SETTINGS.html">Configs. de aplicat.</target>
   </keywords>
   <keywords>
      <text FeatureID="-1">chamadas, configurações</text>
      <target FeatureID="-1" href="SCP_HLP_CALL.html">Configs. de chamadas</target>
   </keywords>
   <keywords>
      <text FeatureID="-1">configurações, chamadas</text>
      <target FeatureID="-1" href="SCP_HLP_CALL.html">Configs. de chamadas</target>
   </keywords>
   <keywords>
      <text FeatureID="-1">conectividade</text>
      <target FeatureID="-1" href="CP_HLP_CONNECTIVITY.html">Configurações de conectividade</target>
   </keywords>
   <keywords>
      <text FeatureID="-1">painel de controle</text>
      <target FeatureID="-1" href="CP_HLP_DISPLAY.html">Configurações de tela</target>
      <target FeatureID="__DUAL_LANGUAGE_SUPPORT=true" href="CP_HLP_WRITING_LANGUAGE.html">Idioma de escrita</target>
   </keywords>
   <keywords>
      <text FeatureID="-1">configurações de tela</text>
      <target FeatureID="-1" href="CP_HLP_DISPLAY.html">Configurações de tela</target>
   </keywords>
   <keywords>
      <text FeatureID="-1">configurações gerais</text>
      <target FeatureID="-1" href="CP_HLP_DEVICE.html">Configurações do dispositivo</target>
   </keywords>
   <keywords>
      <text FeatureID="-1">configurações do dispositivo</text>
      <target FeatureID="-1" href="CP_HLP_DEVICE.html">Configurações do dispositivo</target>
   </keywords>
   <keywords>
      <text FeatureID="-1">configurações de idioma</text>
      <target FeatureID="-1" href="CP_HLP_LANGUAGE.html">Configs. de idioma</target>
   </keywords>
   <keywords>
      <text FeatureID="-1">configurações</text>
      <target FeatureID="-1" href="CP_HLP_MAIN_VIEW.html">Configurações</target>
   </keywords>
   <keywords>
      <text FeatureID="-1">configs. de rede</text>
      <target FeatureID="-1" href="CP_HLP_NETWORK.html">Configs. de rede</target>
      <target FeatureID="-1" href="CP_HLP_NETWORK.html">Configs. de rede</target>
   </keywords>
   <keywords>
      <text FeatureID="-1">perfil</text>
      <target FeatureID="-1" href="CP_HLP_PERSONAL.html">Exibição pessoal</target>
   </keywords>
   <keywords>
      <text FeatureID="-1">tema</text>
      <target FeatureID="-1" href="CP_HLP_PERSONAL.html">Exibição pessoal</target>
   </keywords>
   <keywords>
      <text FeatureID="-1">espera</text>
      <target FeatureID="-1" href="CP_HLP_PERSONAL.html">Exibição pessoal</target>
   </keywords>
   <keywords>
      <text FeatureID="-1">segurança, configurações</text>
      <target FeatureID="-1" href="CP_HLP_SECURITY.html">Configs. de segur.</target>
   </keywords>
   <keywords>
      <text FeatureID="-1">configurações, segurança</text>
      <target FeatureID="-1" href="CP_HLP_SECURITY.html">Configs. de segur.</target>
   </keywords>
   <keywords>
      <text FeatureID="-1">dispositivo, bloquear</text>
      <target FeatureID="-1" href="SET_HLP_SECURITY_DEVICE_SIM.html">Segurança do dispositivo</target>
   </keywords>
   <keywords>
      <text FeatureID="-1">segurança</text>
      <target FeatureID="-1" href="SET_HLP_SECURITY_DEVICE_SIM.html">Segurança do dispositivo</target>
   </keywords>
   <keywords>
      <text FeatureID="__DUAL_LANGUAGE_SUPPORT=true">idioma de escrita</text>
      <target FeatureID="__DUAL_LANGUAGE_SUPPORT=true" href="CP_HLP_WRITING_LANGUAGE.html">Idioma de escrita</target>
   </keywords>
   <keywords>
      <text FeatureID="-1">configurações de acessórios</text>
      <target FeatureID="-1" href="SET_HLP_ACCESSORIES_LIST.html">Configurações de acessórios</target>
      <target FeatureID="-1" href="SET_HLP_ACCESSORIES_HEADPHONE.html">Configs. fone de ouvido</target>
      <target FeatureID="-1" href="SET_HLP_ACCESSORIES_HEADSET.html">Configs. headset</target>
      <target FeatureID="-1" href="SET_HLP_ACCESS_WIRED_CK.html">Configs. do kit veicular c/ fio</target>
      <target FeatureID="true_1032" href="SET_HLP_ACCESSORIES_TTY.html">Configs. do TTY</target>
      <target FeatureID="true_1540" href="SET_HLP_ACCESSORIES_TVOUT.html">Configs.saída TV</target>
   </keywords>
   <keywords>
      <text FeatureID="-1">ponto aces. dados pac.</text>
      <target FeatureID="-1" href="SET_HLP_AP_SETTING_GPRS.html">Ponto aces. dados pac.</target>
   </keywords>
   <keywords>
      <text FeatureID="-1">configs. de pacote dados</text>
      <target FeatureID="-1" href="SET_HLP_AP_SETTING_GPRS_AS.html">Confs. avan. dados pac.</target>
   </keywords>
   <keywords>
      <text FeatureID="-1">pontos de acesso de dados de pacote</text>
      <target FeatureID="-1" href="SET_HLP_AP_SETTING_GPRS_AS.html">Confs. avan. dados pac.</target>
   </keywords>
   <keywords>
      <text FeatureID="-1">VPN (rede virtual privada)</text>
      <target FeatureID="-1" href="SET_HLP_VPN_AP_SETTINGS_VIEW.html">Editar pontos de acesso VPN</target>
   </keywords>
   <keywords>
      <text FeatureID="true_109">Rede Wi-Fi</text>
      <target FeatureID="true_109" href="SET_HLP_AP_SETTING_WLAN.html">Pt. aces. WLAN</target>
   </keywords>
   <keywords>
      <text FeatureID="-1">proteção do teclado</text>
      <target FeatureID="-1" href="CP_HLP_AUTOKEYGUARD.html">Proteção do teclado automática</target>
   </keywords>
   <keywords>
      <text FeatureID="true_1581">unidades remotas</text>
      <target FeatureID="true_1581" href="RD_HLP_REMOTE_DRIVE_CONFIG.html">Configs. unid. remota</target>
      <target FeatureID="true_1581" href="RD_HLP_REMOTE_DRIVES.html">Unid. remotas</target>
   </keywords>
   <keywords>
      <text FeatureID="-1">restrição chams.</text>
      <target FeatureID="-1" href="SET_HLP_BARRING_SETTINGS.html">Bar. cham. tel.</target>
      <target FeatureID="true_298" href="DIV_HLP_BARRING_MAIN.html">Restringir chams.</target>
   </keywords>
   <keywords>
      <text FeatureID="-1">restringir chams.</text>
      <target FeatureID="-1" href="SET_HLP_BARRING_SETTINGS.html">Bar. cham. tel.</target>
      <target FeatureID="true_298" href="DIV_HLP_BARRING_MAIN.html">Restringir chams.</target>
   </keywords>
   <keywords>
      <text FeatureID="-1">desviar chamadas</text>
      <target FeatureID="true_89" href="DIV_HLP_CALL_FORW_VID.html">Desviar chamadas de vídeo</target>
      <target FeatureID="-1" href="DIV_HLP_CALL_FORW_MAIN.html">Desvio de chamada</target>
      <target FeatureID="-1" href="DIV_HLP_CALL_FORW_VOI.html">Desviar cham. voz</target>
   </keywords>
   <keywords>
      <text FeatureID="-1">encaminhar chamadas</text>
      <target FeatureID="-1" href="DIV_HLP_CALL_FORW_MAIN.html">Desvio de chamada</target>
   </keywords>
   <keywords>
      <text FeatureID="-1">configurações de sincronização</text>
      <target FeatureID="-1" href="CP_HLP_SYNCHRONISATION.html">Configurações de sincronização</target>
   </keywords>
   <keywords>
      <text FeatureID="-1">instalar aplicativos</text>
      <target FeatureID="-1" href="CP_HLP_INSTALLATIONS.html">Instalações</target>
   </keywords>
   <keywords>
      <text FeatureID="-1">configs. fone de ouvido</text>
      <target FeatureID="-1" href="SET_HLP_ACCESSORIES_HEADPHONE.html">Configs. fone de ouvido</target>
   </keywords>
   <keywords>
      <text FeatureID="-1">configs. headset</text>
      <target FeatureID="-1" href="SET_HLP_ACCESSORIES_HEADSET.html">Configs. headset</target>
   </keywords>
   <keywords>
      <text FeatureID="-1">configs. do kit veicular com fio</text>
      <target FeatureID="-1" href="SET_HLP_ACCESS_WIRED_CK.html">Configs. do kit veicular c/ fio</target>
   </keywords>
   <keywords>
      <text FeatureID="-1">configurações do kit veicular</text>
      <target FeatureID="-1" href="SET_HLP_ACCESS_WIRED_CK.html">Configs. do kit veicular c/ fio</target>
   </keywords>
   <keywords>
      <text FeatureID="-1">confs. sup. p/ exec. mús.</text>
      <target FeatureID="-1" href="SET_HLP_ACCESSORIES_MUSIC_ST.html">Confs. sup. p/ exec. mús.</target>
   </keywords>
   <keywords>
      <text FeatureID="true_1032">configurações TTY</text>
      <target FeatureID="true_1032" href="SET_HLP_ACCESSORIES_TTY.html">Configs. do TTY</target>
   </keywords>
   <keywords>
      <text FeatureID="true_1032">configurações TDD</text>
      <target FeatureID="true_1032" href="SET_HLP_ACCESSORIES_TTY.html">Configs. do TTY</target>
   </keywords>
   <keywords>
      <text FeatureID="true_1540">configurações de saída de TV</text>
      <target FeatureID="true_1540" href="SET_HLP_ACCESSORIES_TVOUT.html">Configs.saída TV</target>
   </keywords>
   <keywords>
      <text FeatureID="true_410">entrada de texto</text>
      <target FeatureID="true_410" href="PREDINPUT_HLP_VIRT_ITI_SETT.html">Configurações de entrada</target>
   </keywords>
   <keywords>
      <text FeatureID="-1">entrada de texto inteligente</text>
      <target FeatureID="-1" href="PREDINPUT_HLP_VIRTUAL_ITI.html">Entrada de texto inteligente</target>
   </keywords>
   <keywords>
      <text FeatureID="-1">configurações, restaurar</text>
      <target FeatureID="-1" href="SET_HLP_GENERAL_ORIG_SET.html">Rest. configs. originais</target>
   </keywords>
   <keywords>
      <text FeatureID="-1">restaurar configurações</text>
      <target FeatureID="-1" href="SET_HLP_GENERAL_ORIG_SET.html">Rest. configs. originais</target>
   </keywords>
   <keywords>
      <text FeatureID="-1">configurações originais, restaurar</text>
      <target FeatureID="-1" href="SET_HLP_GENERAL_ORIG_SET.html">Rest. configs. originais</target>
   </keywords>
</keywords>