<?xml version="1.0" encoding="UTF-8"?>
<keywords>
   <keywords>
      <text FeatureID="-1">Jahrestage</text>
      <target FeatureID="-1" href="FSCA_HLP_ANNIVERSARY_EDITOR.html">Erstellen von Jahrestagen</target>
   </keywords>
   <keywords>
      <text FeatureID="-1">Besprechungen, erstellen</text>
      <target FeatureID="-1" href="FSCA_HLP_CALE_MEETING_EDITOR.html">Erstellen von Besprechungen</target>
   </keywords>
   <keywords>
      <text FeatureID="-1">Notizen, erstellen</text>
      <target FeatureID="-1" href="FSCA_HLP_MEMO_EDITOR.html">Erstellen von Notizen</target>
   </keywords>
   <keywords>
      <text FeatureID="-1">Aufgaben, erstellen</text>
      <target FeatureID="-1" href="FSCA_HLP_TODO_EDITOR.html">Erstellen von Aufgaben</target>
   </keywords>
   <keywords>
      <text FeatureID="-1">Besprechungen, bearbeiten</text>
      <target FeatureID="-1" href="FSCA_HLP_CALE_MEETING_VIEWER.html">Bearbeiten von Besprechungen</target>
   </keywords>
   <keywords>
      <text FeatureID="-1">Notizen, bearbeiten</text>
      <target FeatureID="-1" href="FSCA_HLP_MEMO_VIEWER.html">Bearbeiten von Notizen</target>
   </keywords>
   <keywords>
      <text FeatureID="-1">Aufgaben, bearbeiten</text>
      <target FeatureID="-1" href="FSCA_HLP_TODO_VIEWER.html">Bearbeiten von Aufgaben</target>
   </keywords>
   <keywords>
      <text FeatureID="-1">Einträge für Jahrestage, zeigen</text>
      <target FeatureID="-1" href="FSCA_HLP_ANNI_VIEWER.html">Bearbeiten von Jahrestagen</target>
   </keywords>
   <keywords>
      <text FeatureID="-1">Besprechungstermine</text>
      <target FeatureID="-1" href="FSCA_HLP_RESPONSE_EDITOR.html">Bearbeiten Ihrer Antwort</target>
      <target FeatureID="-1" href="FSCA_HLP_VIEWER_ORGANIZER.html">Verwalten von Besprechungsanfragen</target>
      <target FeatureID="-1" href="MEET_REQ_HLP_EDITOR.html">Erhaltene Besprechungsanfragen</target>
      <target FeatureID="-1" href="FSCA_HLP_VIEWER.html">Antworten auf Besprechungsanfragen</target>
      <target FeatureID="-1" href="FS_VIEWER_HLP_MEETING_REQ_VIEW.html">Antworten auf einen Besprechungstermin</target>
   </keywords>
   <keywords>
      <text FeatureID="-1">Kontakte</text>
      <target FeatureID="-1" href="RLOOK_HLP_INFO_VIEW.html">Verwalten gefundener Kontakte</target>
   </keywords>
   <keywords>
      <text FeatureID="-1">Kontakte, suchen</text>
      <target FeatureID="-1" href="RLOOK_HLP_RESULT_VIEW.html">Suchergebnisse</target>
   </keywords>
   <keywords>
      <text FeatureID="-1">E-Mail, Anhänge</text>
      <target FeatureID="-1" href="FSE_HLP_ATTACHMENT_LIST_EDITOR.html">Hinzufügen von Anhängen</target>
   </keywords>
   <keywords>
      <text FeatureID="-1">gelöschte E-Mail</text>
      <target FeatureID="-1" href="FSE_HLP_MESSAGE_LIST_DELETED.html">Gelöschte E-Mail-Nachrichten</target>
   </keywords>
   <keywords>
      <text FeatureID="-1">E-Mail-Anhänge, heruntergeladen</text>
      <target FeatureID="-1" href="FSE_HLP_ATTACHMENT_LIST.html">Herunterladen von Anhängen</target>
   </keywords>
   <keywords>
      <text FeatureID="-1">E-Mail-Entwurf</text>
      <target FeatureID="-1" href="FSE_HLP_MESSAGE_LIST_DRAFTS.html">Entwürfe für E-Mail-Mitteilungen</target>
   </keywords>
   <keywords>
      <text FeatureID="-1">Nokia E-Mail</text>
      <target FeatureID="-1" href="FSE_HLP_LAUNCHER_GRID.html">Nokia E-Mail</target>
   </keywords>
   <keywords>
      <text FeatureID="-1">E-Mail</text>
      <target FeatureID="-1" href="FSE_HLP_LAUNCHER_GRID.html">Nokia E-Mail</target>
   </keywords>
   <keywords>
      <text FeatureID="-1">E-Mail-Ordner</text>
      <target FeatureID="-1" href="FSE_HLP_FOLDER_LIST.html">E-Mail-Ordner</target>
      <target FeatureID="-1" href="FSE_HLP_SETT_IMAP_SUBSCR.html">Abonnieren von Ordnern</target>
      <target FeatureID="-1" href="FSE_HLP_MESSAGE_LIST_INBOX.html">Arbeiten mit E-Mail-Ordnern</target>
   </keywords>
   <keywords>
      <text FeatureID="-1">E-Mail-Einstellungen</text>
      <target FeatureID="-1" href="FSE_HLP_LAUNCHER_SETTINGS.html">Allgemeine E-Mail-Einstellungen</target>
      <target FeatureID="-1" href="FSE_HLP_POP_IMAP_SETT_MAIN.html">E-Mail-Einstellungen</target>
      <target FeatureID="-1" href="FSE_HLP_MFE_SETTINGS_MAIN_VIEW.html">Einstellungen für E-Mail</target>
   </keywords>
   <keywords>
      <text FeatureID="-1">globale E-Mail-Einstellungen</text>
      <target FeatureID="-1" href="FSE_HLP_SETTINGS_GLOBAL.html">Globale E-Mail-Einstellungen</target>
   </keywords>
   <keywords>
      <text FeatureID="-1">HTML-E-Mail</text>
      <target FeatureID="-1" href="FS_VIEWER_HLP_HTML_VIEW.html">E-Mails im HTML-Format</target>
   </keywords>
   <keywords>
      <text FeatureID="-1">erweiterte E-Mail-Einstellungen</text>
      <target FeatureID="-1" href="FSE_HLP_POP_IMAP_SETT_ADV.html">Erweiterte E-Mail-Einstellungen</target>
   </keywords>
   <keywords>
      <text FeatureID="-1">Einstellungen für eingehende E-Mails</text>
      <target FeatureID="-1" href="FSE_HLP_POP_IMAP_SETT_INCOMING.html">Einstellungen für eingehende E-Mails</target>
   </keywords>
   <keywords>
      <text FeatureID="-1">Einstellungen für ausgehende E-Mails</text>
      <target FeatureID="-1" href="FSE_HLP_POP_IMAP_SETT_OUTGOING.html">Einstellungen für ausgehende E-Mails</target>
   </keywords>
   <keywords>
      <text FeatureID="-1">E-Mail-Synchronisation</text>
      <target FeatureID="-1" href="FSE_HLP_POP_IMAP_SETT_WHAT.html">Auswählen von Synchr.inhalten</target>
   </keywords>
   <keywords>
      <text FeatureID="-1">E-Mail-Synchronisationszeit</text>
      <target FeatureID="-1" href="FSE_HLP_POP_IMAP_SETT_WHEN.html">Auswählen der Synchr.zeit</target>
      <target FeatureID="-1" href="FSE_HLP_MFE_SETTINGS_WHEN_SYNC.html">Auswählen der Synchronisationszeit</target>
      <target FeatureID="-1" href="FSE_HLP_SETTINGS_WHEN_SYNC.html">Synchronisationszeit</target>
   </keywords>
   <keywords>
      <text FeatureID="-1">Mail for Exchange</text>
      <target FeatureID="-1" href="FSE_HLP_MFE_LAUNCHER_MAIN_VIEW.html">E-Mail mit Mail for Exchange</target>
   </keywords>
   <keywords>
      <text FeatureID="-1">E-Mail-Details</text>
      <target FeatureID="-1" href="FS_VIEWER_HLP_DETAILS_VIEW.html">Mitteilungsdetails</target>
   </keywords>
   <keywords>
      <text FeatureID="-1">erweiterte Mailbox-Einstellungen</text>
      <target FeatureID="-1" href="FSE_HLP_MFE_SETTINGS_ADVANCED.html">Erweiterte Einstellungen für die Mailbox</target>
   </keywords>
   <keywords>
      <text FeatureID="-1">E-Mail-Synchronisationseinstellungen</text>
      <target FeatureID="-1" href="FSE_HLP_MFE_SETTINGS_PIM_APPS.html">Einstellungen für die Programm-Synchronisation</target>
   </keywords>
   <keywords>
      <text FeatureID="-1">Kalendersynchronisation</text>
      <target FeatureID="-1" href="FSE_HLP_MFE_CALENDAR_APP.html">Einstellungen für die Kalendersynchronisation</target>
   </keywords>
   <keywords>
      <text FeatureID="-1">Kontaktsynchronisation,</text>
      <target FeatureID="-1" href="FSE_HLP_MFE_CONTACTS_APP.html">Einstellungen für die Adressbuchsynchronisation</target>
   </keywords>
   <keywords>
      <text FeatureID="-1">Postfach-Einst.</text>
      <target FeatureID="-1" href="FSE_HLP_MFE_SETTINGS_MAILBOX.html">Allgemeine Mailbox-Einstellungen</target>
   </keywords>
   <keywords>
      <text FeatureID="-1">E-Mail-Synchronisationsinhalt</text>
      <target FeatureID="-1" href="FSE_HLP_MFE_SETTINGS_WHAT_SYNC.html">Auswählen von Synchronisationsinhalten</target>
   </keywords>
   <keywords>
      <text FeatureID="-1">E-Mail-Ordner-Synchronisation</text>
      <target FeatureID="-1" href="FSE_HLP_MFE_SETTINGS_FOLDER.html">Synchronisationseinstellungen</target>
   </keywords>
   <keywords>
      <text FeatureID="-1">Synchronisation von Aufgabeneinträgen</text>
      <target FeatureID="-1" href="FSE_HLP_MFE_TASKS_APP.html">Einstellungen für die Aufgabensynchronisation</target>
   </keywords>
   <keywords>
      <text FeatureID="-1">keine E-Mail-Mitteilungen</text>
      <target FeatureID="-1" href="FSE_HLP_MESSAGE_LIST_EMPTY.html">Keine Mitteilungen</target>
   </keywords>
   <keywords>
      <text FeatureID="-1">Postausgang</text>
      <target FeatureID="-1" href="FSE_HLP_MESSAGE_LIST_OUTBOX.html">Bearbeiten des Postausgangs</target>
   </keywords>
   <keywords>
      <text FeatureID="-1">E-Mail-Suche</text>
      <target FeatureID="-1" href="FSE_HLP_MESSAGE_LIST_SEARCHING.html">Suche nach E-Mails</target>
   </keywords>
   <keywords>
      <text FeatureID="-1">Ergebnisse der E-Mail-Suche</text>
      <target FeatureID="-1" href="FSE_HLP_MESSAGE_LIST_SEARCHED.html">Suchergebnisse</target>
   </keywords>
   <keywords>
      <text FeatureID="-1">Senden von E-Mails</text>
      <target FeatureID="-1" href="FS_EDITOR_HLP_MAIN_VIEW.html">Senden von E-Mails</target>
   </keywords>
   <keywords>
      <text FeatureID="-1">PIM-Dienst</text>
      <target FeatureID="-1" href="FSE_HLP_SETTINGS_PIM_VIEW.html">Dienste zur Verwaltung von Termin- und Adressdaten</target>
   </keywords>
   <keywords>
      <text FeatureID="-1">Synchronisieren von Programmen</text>
      <target FeatureID="-1" href="FSE_HLP_SETTINGS_APPLICATIONS.html">Programme synchronisieren</target>
   </keywords>
   <keywords>
      <text FeatureID="-1">E-Mail-Anhänge</text>
      <target FeatureID="-1" href="FSE_HLP_ATTACHMENT_DOWNLOAD.html">Anzeigen von heruntergeladenen Anhängen</target>
   </keywords>
   <keywords>
      <text FeatureID="-1">empfangene E-Mail</text>
      <target FeatureID="-1" href="FS_VIEWER_HLP_MAIN_VIEW.html">Arbeiten mit empfangenen E-Mails</target>
   </keywords>
   <keywords>
      <text FeatureID="-1">mail, Einstellungen</text>
      <target FeatureID="-1" href="FSE_HLP_SETT.html">Einstellungen</target>
   </keywords>
   <keywords>
      <text FeatureID="-1">mail, Konteneinstellungen</text>
      <target FeatureID="-1" href="FSE_HLP_ACCT_INFO.html">Einstellungen des E-Mail-Kontos</target>
   </keywords>
   <keywords>
      <text FeatureID="-1">mail, Synchronisation</text>
      <target FeatureID="-1" href="FSE_HLP_SYNC_SETT.html">Synchronisationseinstellungen</target>
   </keywords>
</keywords>