<?xml version="1.0" encoding="UTF-8"?>
<keywords>
   <keywords>
      <text FeatureID="-1">теми</text>
      <target FeatureID="-1" href="SKINS_HLP_LIST.html">Загальні теми</target>
      <target FeatureID="-1" href="SCREENSAVER_HLP_WP_SETTINGS.html">Установки слайд-шоу шпалер</target>
      <target FeatureID="-1" href="SKINS_HLP_WP_SETTINGS.html">Установки шпалер</target>
      <target FeatureID="true_1503" href="SKINS_HLP_CIMAGE_SETTINGS.html">Вибір зображення дзвінка</target>
      <target FeatureID="-1" href="SKINS_HLP_APPSHELL.html">Установки вигляду меню</target>
      <target FeatureID="-1" href="SKINS_HLP_IDLE.html">Установки головного екрана</target>
      <target FeatureID="-1" href="SKINS_HLP_APP_MAIN.html">Настроювання дисплея</target>
      <target FeatureID="-1" href="SKINS_HLP_APPSKINS_LIST.html">Теми програм</target>
   </keywords>
   <keywords>
      <text FeatureID="-1">слайд-шоу шпалер</text>
      <target FeatureID="-1" href="SCREENSAVER_HLP_WP_SETTINGS.html">Установки слайд-шоу шпалер</target>
   </keywords>
   <keywords>
      <text FeatureID="-1">установки слайд-шоу</text>
      <target FeatureID="-1" href="SCREENSAVER_HLP_WP_SETTINGS.html">Установки слайд-шоу шпалер</target>
   </keywords>
   <keywords>
      <text FeatureID="-1">установки шпалер</text>
      <target FeatureID="-1" href="SKINS_HLP_WP_SETTINGS.html">Установки шпалер</target>
   </keywords>
   <keywords>
      <text FeatureID="-1">фонове зображення</text>
      <target FeatureID="-1" href="SKINS_HLP_WP_SETTINGS.html">Установки шпалер</target>
      <target FeatureID="-1" href="SKINS_HLP_APP_MAIN.html">Настроювання дисплея</target>
   </keywords>
   <keywords>
      <text FeatureID="-1">заставка</text>
      <target FeatureID="-1" href="SKINS_HLP_SCREENS_SETTINGS.html">Установки заставки</target>
   </keywords>
   <keywords>
      <text FeatureID="true_1503">установки зображення дзвінка</text>
      <target FeatureID="true_1503" href="SKINS_HLP_CIMAGE_SETTINGS.html">Вибір зображення дзвінка</target>
   </keywords>
   <keywords>
      <text FeatureID="-1">меню</text>
      <target FeatureID="-1" href="SKINS_HLP_APPSHELL.html">Установки вигляду меню</target>
   </keywords>
   <keywords>
      <text FeatureID="-1">установки, головний екран</text>
      <target FeatureID="-1" href="SKINS_HLP_IDLE.html">Установки головного екрана</target>
   </keywords>
   <keywords>
      <text FeatureID="-1">міні-програми</text>
      <target FeatureID="-1" href="SKINS_HLP_IDLE.html">Установки головного екрана</target>
   </keywords>
</keywords>