<?xml version="1.0" encoding="UTF-8"?><?xml-stylesheet  href="../../theme/xsl/index2html.xslt" type="text/xsl"?>
<topics FeatureID="-1" title="Loggar" compressed="true">
   <topicref FeatureID="-1" href="GPRS_HLP_MAIN.html" navtitle="Paketdata­anslutningar"/>
   <topicref FeatureID="-1" href="LOGS_HLP_COUNTER.html" navtitle="Samtals- och datalistor"/>
   <topicref FeatureID="-1" href="LOGS_HLP_DETAIL.html" navtitle="Information om logghändelser"/>
   <topicref FeatureID="-1" href="LOGS_HLP_MAIN.html" navtitle="Logginformation"/>
   <topicref FeatureID="-1" href="LOGS_HLP_SETTING.html" navtitle="Logginställningar"/>
   <topicref FeatureID="-1" href="STM_HLP_DIALLED.html" navtitle="Uppringda nummer"/>
   <topicref FeatureID="-1" href="STM_HLP_MAIN.html" navtitle="Samtalslistor"/>
   <topicref FeatureID="-1" href="STM_HLP_MISSED.html" navtitle="Missade samtal"/>
   <topicref FeatureID="-1" href="STM_HLP_RECEIVED.html" navtitle="Mottagna samtal"/>
   <topicref FeatureID="-1" href="TIMERS_HLP_MAIN.html" navtitle="Samtalslängd"/>
</topics>