<?xml version="1.0" encoding="UTF-8"?>
<keywords>
   <keywords>
      <text FeatureID="-1">paketdata­anslutningar</text>
      <target FeatureID="-1" href="GPRS_HLP_MAIN.html">Paketdata­anslutningar</target>
      <target FeatureID="-1" href="LOGS_HLP_COUNTER.html">Samtals- och datalistor</target>
   </keywords>
   <keywords>
      <text FeatureID="-1">samtalslängd</text>
      <target FeatureID="-1" href="LOGS_HLP_COUNTER.html">Samtals- och datalistor</target>
      <target FeatureID="-1" href="TIMERS_HLP_MAIN.html">Samtalslängd</target>
   </keywords>
   <keywords>
      <text FeatureID="-1">samtalslista</text>
      <target FeatureID="-1" href="LOGS_HLP_COUNTER.html">Samtals- och datalistor</target>
      <target FeatureID="-1" href="STM_HLP_MAIN.html">Samtalslistor</target>
   </keywords>
   <keywords>
      <text FeatureID="-1">loggar</text>
      <target FeatureID="-1" href="LOGS_HLP_DETAIL.html">Information om logghändelser</target>
      <target FeatureID="-1" href="LOGS_HLP_MAIN.html">Logginformation</target>
   </keywords>
   <keywords>
      <text FeatureID="-1">logginställningar</text>
      <target FeatureID="-1" href="LOGS_HLP_SETTING.html">Logginställningar</target>
   </keywords>
   <keywords>
      <text FeatureID="-1">uppringda nummer</text>
      <target FeatureID="-1" href="STM_HLP_DIALLED.html">Uppringda nummer</target>
   </keywords>
   <keywords>
      <text FeatureID="-1">samtalslogg</text>
      <target FeatureID="-1" href="STM_HLP_MAIN.html">Samtalslistor</target>
   </keywords>
   <keywords>
      <text FeatureID="-1">missade samtal</text>
      <target FeatureID="-1" href="STM_HLP_MISSED.html">Missade samtal</target>
   </keywords>
   <keywords>
      <text FeatureID="-1">mottagna samtal</text>
      <target FeatureID="-1" href="STM_HLP_RECEIVED.html">Mottagna samtal</target>
   </keywords>
   <keywords>
      <text FeatureID="-1">besvarade samtal</text>
      <target FeatureID="-1" href="STM_HLP_RECEIVED.html">Mottagna samtal</target>
   </keywords>
   <keywords>
      <text FeatureID="-1">längd på samtal</text>
      <target FeatureID="-1" href="TIMERS_HLP_MAIN.html">Samtalslängd</target>
   </keywords>
</keywords>