<?xml version="1.0" encoding="UTF-8"?><?xml-stylesheet  href="../../theme/xsl/index2html.xslt" type="text/xsl"?>
<topics FeatureID="-1" title="پیام رسانی" compressed="true">
   <topicref FeatureID="-1" href="MCE_HLP_MESSAGING.html" navtitle="مرکز پیام رسانی"/>
   <topicref FeatureID="-1" href="MCE_HLP_SIM.html" navtitle="مشاهده پیامهای سیم"/>
   <topicref FeatureID="-1" href="MCE_HLP_SETTINGS.html" navtitle="‌تنظیمات پیام رسانی"/>
   <topicref FeatureID="-1" href="MCE_HLP_SETTINGS_SMS.html" navtitle="تنظیمات پیام متنی"/>
   <topicref FeatureID="-1" href="SMS_HLP_SETTINGS_SCENTRES.html" navtitle="تنظیمات مرکز پیام متنی"/>
   <topicref FeatureID="-1" href="SMS_HLP_SETTINGS_SCENTRES_EDIT.html" navtitle="ویرایش مراکز پیام متنی"/>
   <topicref FeatureID="true_1092" href="SMS_HLP_SETTINGS_SMS_EMAIL.html" navtitle="تنظیمات ایمیل پیام متنی"/>
   <topicref FeatureID="-1" href="MCE_HLP_SETTINGS_MMS.html" navtitle="تنظیمات پیام چند رسانه ای"/>
   <topicref FeatureID="true_1090" href="MCE_HLP_SETTINGS_CB.html" navtitle="تنظیمات پخش سلولی"/>
   <topicref FeatureID="-1" href="MCE_HLP_SETTINGS_GEN.html" navtitle="سایر تنظیمات"/>
   <topicref FeatureID="-1" href="MCE_HLP_INBOX.html" navtitle="صندوق دریافت"/>
   <topicref FeatureID="-1" href="MCE_HLP_DOCUMENTS.html" navtitle="پوشه های من"/>
   <topicref FeatureID="-1" href="MCE_HLP_TEMPLATES.html" navtitle="الگوهای پیام"/>
   <topicref FeatureID="-1" href="MCE_HLP_FOLDER.html" navtitle="ساماندهی پیغامها"/>
   <topicref FeatureID="-1" href="MCE_HLP_DRAFTS.html" navtitle="پیش نویسها"/>
   <topicref FeatureID="-1" href="MCE_HLP_SENT_ITEMS.html" navtitle="پیام های ارسال شده"/>
   <topicref FeatureID="-1" href="MCE_HLP_OUTBOX.html" navtitle="صندوق ارسال"/>
   <topicref FeatureID="-1" href="MCE_HLP_DELIVERY_REPORTS.html" navtitle="گزارشهای تحویل"/>
   <topicref FeatureID="true_1132" href="MCE_HLP_MMS_NOTIFICATIONS.html" navtitle="اعلامیه های چندرسانه ای"/>
   <topicref FeatureID="-1" href="FIND_HLP.html" navtitle="یافتن شماره ها/نشانی ها"/>
</topics>