<?xml version="1.0" encoding="UTF-8"?>
<keywords>
   <keywords>
      <text FeatureID="-1">ارسال پیام</text>
      <target FeatureID="-1" href="MCE_HLP_MESSAGING.html">مرکز پیام رسانی</target>
      <target FeatureID="-1" href="MCE_HLP_OUTBOX.html">صندوق ارسال</target>
   </keywords>
   <keywords>
      <text FeatureID="-1">دریافت پیامها</text>
      <target FeatureID="-1" href="MCE_HLP_MESSAGING.html">مرکز پیام رسانی</target>
      <target FeatureID="-1" href="MCE_HLP_INBOX.html">صندوق دریافت</target>
   </keywords>
   <keywords>
      <text FeatureID="-1">پیام های سیم</text>
      <target FeatureID="-1" href="MCE_HLP_SIM.html">مشاهده پیامهای سیم</target>
   </keywords>
   <keywords>
      <text FeatureID="-1">پیام های سیم کارت</text>
      <target FeatureID="-1" href="MCE_HLP_SIM.html">مشاهده پیامهای سیم</target>
   </keywords>
   <keywords>
      <text FeatureID="-1">تنظیمات پیام رسانی</text>
      <target FeatureID="-1" href="MCE_HLP_SETTINGS.html">‌تنظیمات پیام رسانی</target>
      <target FeatureID="-1" href="MCE_HLP_SETTINGS_GEN.html">سایر تنظیمات</target>
   </keywords>
   <keywords>
      <text FeatureID="-1">تنظیمات SMS</text>
      <target FeatureID="-1" href="MCE_HLP_SETTINGS_SMS.html">تنظیمات پیام متنی</target>
   </keywords>
   <keywords>
      <text FeatureID="-1">تنظیمات پیام متنی</text>
      <target FeatureID="-1" href="MCE_HLP_SETTINGS_SMS.html">تنظیمات پیام متنی</target>
      <target FeatureID="-1" href="SMS_HLP_SETTINGS_SCENTRES.html">تنظیمات مرکز پیام متنی</target>
      <target FeatureID="-1" href="SMS_HLP_SETTINGS_SCENTRES_EDIT.html">ویرایش مراکز پیام متنی</target>
   </keywords>
   <keywords>
      <text FeatureID="-1">تنظیمات مرکز پیام</text>
      <target FeatureID="-1" href="SMS_HLP_SETTINGS_SCENTRES.html">تنظیمات مرکز پیام متنی</target>
      <target FeatureID="-1" href="SMS_HLP_SETTINGS_SCENTRES_EDIT.html">ویرایش مراکز پیام متنی</target>
   </keywords>
   <keywords>
      <text FeatureID="-1">تنظیمات مرکز SMS</text>
      <target FeatureID="-1" href="SMS_HLP_SETTINGS_SCENTRES.html">تنظیمات مرکز پیام متنی</target>
   </keywords>
   <keywords>
      <text FeatureID="true_1092">ایمیل پیام متنی</text>
      <target FeatureID="true_1092" href="SMS_HLP_SETTINGS_SMS_EMAIL.html">تنظیمات ایمیل پیام متنی</target>
   </keywords>
   <keywords>
      <text FeatureID="true_1092">تنظیمات ایمیل پیام کوتاه</text>
      <target FeatureID="true_1092" href="SMS_HLP_SETTINGS_SMS_EMAIL.html">تنظیمات ایمیل پیام متنی</target>
   </keywords>
   <keywords>
      <text FeatureID="-1">تنظیمات MMS</text>
      <target FeatureID="-1" href="MCE_HLP_SETTINGS_MMS.html">تنظیمات پیام چند رسانه ای</target>
   </keywords>
   <keywords>
      <text FeatureID="true_1090">تنظیمات پخش سلولی</text>
      <target FeatureID="true_1090" href="MCE_HLP_SETTINGS_CB.html">تنظیمات پخش سلولی</target>
   </keywords>
   <keywords>
      <text FeatureID="-1">صندوق دریافت</text>
      <target FeatureID="-1" href="MCE_HLP_INBOX.html">صندوق دریافت</target>
   </keywords>
   <keywords>
      <text FeatureID="-1">پوشه های من</text>
      <target FeatureID="-1" href="MCE_HLP_DOCUMENTS.html">پوشه های من</target>
   </keywords>
   <keywords>
      <text FeatureID="-1">ذخیره پیام ها</text>
      <target FeatureID="-1" href="MCE_HLP_DOCUMENTS.html">پوشه های من</target>
   </keywords>
   <keywords>
      <text FeatureID="-1">ارسال الگوها</text>
      <target FeatureID="-1" href="MCE_HLP_TEMPLATES.html">الگوهای پیام</target>
   </keywords>
   <keywords>
      <text FeatureID="-1">الگوهای پیام</text>
      <target FeatureID="-1" href="MCE_HLP_TEMPLATES.html">الگوهای پیام</target>
   </keywords>
   <keywords>
      <text FeatureID="-1">ساماندهی</text>
      <target FeatureID="-1" href="MCE_HLP_FOLDER.html">ساماندهی پیغامها</target>
   </keywords>
   <keywords>
      <text FeatureID="-1">ذخیره پیش نویس</text>
      <target FeatureID="-1" href="MCE_HLP_DRAFTS.html">پیش نویسها</target>
   </keywords>
   <keywords>
      <text FeatureID="-1">پیام های پیش نویس</text>
      <target FeatureID="-1" href="MCE_HLP_DRAFTS.html">پیش نویسها</target>
   </keywords>
   <keywords>
      <text FeatureID="-1">پیام های ارسال شده</text>
      <target FeatureID="-1" href="MCE_HLP_SENT_ITEMS.html">پیام های ارسال شده</target>
   </keywords>
   <keywords>
      <text FeatureID="-1">مشاهده صندوق ارسال</text>
      <target FeatureID="-1" href="MCE_HLP_OUTBOX.html">صندوق ارسال</target>
   </keywords>
   <keywords>
      <text FeatureID="-1">گزارش تحویل</text>
      <target FeatureID="-1" href="MCE_HLP_DELIVERY_REPORTS.html">گزارشهای تحویل</target>
   </keywords>
   <keywords>
      <text FeatureID="true_1132">اعلام های MMS</text>
      <target FeatureID="true_1132" href="MCE_HLP_MMS_NOTIFICATIONS.html">اعلامیه های چندرسانه ای</target>
   </keywords>
   <keywords>
      <text FeatureID="-1">یافتن شماره تلفنها</text>
      <target FeatureID="-1" href="FIND_HLP.html">یافتن شماره ها/نشانی ها</target>
   </keywords>
   <keywords>
      <text FeatureID="-1">یافتن نشانی ها</text>
      <target FeatureID="-1" href="FIND_HLP.html">یافتن شماره ها/نشانی ها</target>
   </keywords>
</keywords>