<?xml version="1.0" encoding="UTF-8"?>
<keywords>
   <keywords>
      <text FeatureID="-1">e-posti konto seaded</text>
      <target FeatureID="-1" href="FSE_HLP_IMS_SETTINGS_ACCT_INFO.html">E-posti konto seaded</target>
   </keywords>
   <keywords>
      <text FeatureID="-1">täpsemad postkasti seaded</text>
      <target FeatureID="-1" href="FSE_HLP_IMS_SETTINGS_ADVANCED.html">Täiendavad postkasti seaded</target>
   </keywords>
   <keywords>
      <text FeatureID="-1">postkasti seaded</text>
      <target FeatureID="-1" href="FSE_HLP_IMS_SETTINGS_MAILBOX.html">Postkasti seaded</target>
   </keywords>
   <keywords>
      <text FeatureID="-1">e-posti sünkroonitav sisu</text>
      <target FeatureID="-1" href="FSE_HLP_IMS_SETTINGS_WHAT_SYNC.html">Sünkroonitava sisu määramine</target>
   </keywords>
   <keywords>
      <text FeatureID="-1">e-posti sünkroonimisaeg</text>
      <target FeatureID="-1" href="FSE_HLP_IMS_SETTINGS_WHEN_SYNC.html">Sünkroonimisaja määramine</target>
   </keywords>
   <keywords>
      <text FeatureID="-1">e-posti kaustade sünkroonimine</text>
      <target FeatureID="-1" href="FSE_HLP_IMS_SETTINGS_FOLDER.html">E-posti kaustade sünkroonimine</target>
   </keywords>
   <keywords>
      <text FeatureID="-1">e-posti teenuse seaded</text>
      <target FeatureID="-1" href="FSE_HLP_SETTINGS_INTELL_LIST.html">E-posti teenuse seaded</target>
   </keywords>
   <keywords>
      <text FeatureID="-1">e-posti seaded</text>
      <target FeatureID="-1" href="FSE_HLP_IMS_SETTINGS_MAIN_VIEW.html">E-posti seaded</target>
   </keywords>
   <keywords>
      <text FeatureID="-1">Intellisync</text>
      <target FeatureID="-1" href="FSE_HLP_IMS_LAUNCHER_MAIN_VIEW.html">Intellisynci e-post</target>
   </keywords>
</keywords>