<?xml version="1.0" encoding="UTF-8"?>
<keywords>
   <keywords>
      <text FeatureID="-1">Fotos</text>
      <target FeatureID="-1" href="LGAL_HLP_ALBUM_LIST.html">Alben</target>
      <target FeatureID="-1" href="LGAL_HLP_ALL_GRID.html">Alle Mediendateien durchsuchen</target>
      <target FeatureID="-1" href="LGAL_HLP_ALBUM_GRID.html">Durchsuchen von Mediendateien in Alben</target>
      <target FeatureID="-1" href="LGAL_HLP_TAGS_GRID.html">Getaggte Mediendateien durchblättern</target>
      <target FeatureID="-1" href="LGAL_HLP_DETAILS_VIEW.html">Dateidetails anzeigen und bearbeiten</target>
      <target FeatureID="-1" href="LGAL_HLP_TAGS_BROWSER.html">Tags</target>
      <target FeatureID="-1" href="LGAL_HLP_MONTH_FULLSCREEN.html">Mediendateien nach Monat anzeigen</target>
      <target FeatureID="-1" href="LGAL_HLP_MONTH_GRID.html">Mediendateien nach Monat durchblättern</target>
      <target FeatureID="-1" href="LGAL_HLP_VIEW_LIST.html">Fotos</target>
      <target FeatureID="-1" href="LGAL_HLP_MONTH_LIST.html">Monate</target>
      <target FeatureID="-1" href="LGAL_HLP_SLIDESHOW_SETTINGS.html">Diashow-Einstellungen</target>
      <target FeatureID="-1" href="LGAL_HLP_ALL_FULLSCREEN.html">Alle Mediendateien anzeigen</target>
      <target FeatureID="-1" href="LGAL_HLP_ALBUM_FULLSCREEN.html">Mediendateien in Alben anzeigen</target>
      <target FeatureID="-1" href="LGAL_HLP_TAGS_FULLSCREEN.html">Getaggte Mediendateien anzeigen</target>
   </keywords>
   <keywords>
      <text FeatureID="-1">Alben</text>
      <target FeatureID="-1" href="LGAL_HLP_ALBUM_LIST.html">Alben</target>
      <target FeatureID="-1" href="LGAL_HLP_ALBUM_GRID.html">Durchsuchen von Mediendateien in Alben</target>
      <target FeatureID="-1" href="LGAL_HLP_VIEW_LIST.html">Fotos</target>
      <target FeatureID="-1" href="LGAL_HLP_ALBUM_FULLSCREEN.html">Mediendateien in Alben anzeigen</target>
   </keywords>
   <keywords>
      <text FeatureID="-1">Tags</text>
      <target FeatureID="-1" href="LGAL_HLP_TAGS_GRID.html">Getaggte Mediendateien durchblättern</target>
      <target FeatureID="-1" href="LGAL_HLP_TAGS_BROWSER.html">Tags</target>
      <target FeatureID="-1" href="LGAL_HLP_VIEW_LIST.html">Fotos</target>
      <target FeatureID="-1" href="LGAL_HLP_TAGS_FULLSCREEN.html">Getaggte Mediendateien anzeigen</target>
   </keywords>
   <keywords>
      <text FeatureID="-1">Diashow</text>
      <target FeatureID="-1" href="LGAL_HLP_SLIDESHOW_SETTINGS.html">Diashow-Einstellungen</target>
   </keywords>
</keywords>