<?xml version="1.0" encoding="UTF-8"?><?xml-stylesheet  href="../../theme/xsl/index2html.xslt" type="text/xsl"?>
<topics FeatureID="-1" title="Skilaboð" compressed="true">
   <topicref FeatureID="-1" href="MCE_HLP_MESSAGING.html" navtitle="Skilaboðamiðstöð"/>
   <topicref FeatureID="-1" href="MCE_HLP_SIM.html" navtitle="SIM-skilaboð skoðuð"/>
   <topicref FeatureID="-1" href="MCE_HLP_SETTINGS.html" navtitle="Stillingar skilaboða"/>
   <topicref FeatureID="-1" href="MCE_HLP_SETTINGS_SMS.html" navtitle="Stillingar textaskilaboða"/>
   <topicref FeatureID="-1" href="SMS_HLP_SETTINGS_SCENTRES.html" navtitle="Stillingar miðstöðvar textaskilaboða"/>
   <topicref FeatureID="-1" href="SMS_HLP_SETTINGS_SCENTRES_EDIT.html" navtitle="Breyta textaskilaboðamiðstöð"/>
   <topicref FeatureID="true_1092" href="SMS_HLP_SETTINGS_SMS_EMAIL.html" navtitle="Tölvupóstsstillingar textaskilaboða"/>
   <topicref FeatureID="-1" href="MCE_HLP_SETTINGS_MMS.html" navtitle="Stillingar margmiðlunarskilaboða"/>
   <topicref FeatureID="true_1090" href="MCE_HLP_SETTINGS_CB.html" navtitle="Stillingar endurvarpa"/>
   <topicref FeatureID="-1" href="MCE_HLP_SETTINGS_GEN.html" navtitle="Aðrar stillingar"/>
   <topicref FeatureID="-1" href="MCE_HLP_INBOX.html" navtitle="Innhólf"/>
   <topicref FeatureID="-1" href="MCE_HLP_DOCUMENTS.html" navtitle="Möppurnar mínar"/>
   <topicref FeatureID="-1" href="MCE_HLP_TEMPLATES.html" navtitle="Sniðmát skilaboða"/>
   <topicref FeatureID="-1" href="MCE_HLP_FOLDER.html" navtitle="Skipulag skilaboða"/>
   <topicref FeatureID="-1" href="MCE_HLP_DRAFTS.html" navtitle="Drög"/>
   <topicref FeatureID="-1" href="MCE_HLP_SENT_ITEMS.html" navtitle="Send skilaboð"/>
   <topicref FeatureID="-1" href="MCE_HLP_OUTBOX.html" navtitle="Úthólf"/>
   <topicref FeatureID="-1" href="MCE_HLP_DELIVERY_REPORTS.html" navtitle="Skilatilkynningar"/>
   <topicref FeatureID="true_1132" href="MCE_HLP_MMS_NOTIFICATIONS.html" navtitle="Margmiðlunartilkynningar"/>
</topics>