<?xml version="1.0" encoding="UTF-8"?>
<keywords>
   <keywords>
      <text FeatureID="-1">sending skilaboða</text>
      <target FeatureID="-1" href="MCE_HLP_MESSAGING.html">Skilaboðamiðstöð</target>
      <target FeatureID="-1" href="MCE_HLP_OUTBOX.html">Úthólf</target>
   </keywords>
   <keywords>
      <text FeatureID="-1">móttaka skilaboða</text>
      <target FeatureID="-1" href="MCE_HLP_MESSAGING.html">Skilaboðamiðstöð</target>
      <target FeatureID="-1" href="MCE_HLP_INBOX.html">Innhólf</target>
   </keywords>
   <keywords>
      <text FeatureID="-1">SIM-skilaboð</text>
      <target FeatureID="-1" href="MCE_HLP_SIM.html">SIM-skilaboð skoðuð</target>
   </keywords>
   <keywords>
      <text FeatureID="-1">skilaboð á SIM-korti</text>
      <target FeatureID="-1" href="MCE_HLP_SIM.html">SIM-skilaboð skoðuð</target>
   </keywords>
   <keywords>
      <text FeatureID="-1">stillingar skilaboða</text>
      <target FeatureID="-1" href="MCE_HLP_SETTINGS.html">Stillingar skilaboða</target>
      <target FeatureID="-1" href="MCE_HLP_SETTINGS_GEN.html">Aðrar stillingar</target>
   </keywords>
   <keywords>
      <text FeatureID="-1">SMS-stillingar</text>
      <target FeatureID="-1" href="MCE_HLP_SETTINGS_SMS.html">Stillingar textaskilaboða</target>
   </keywords>
   <keywords>
      <text FeatureID="-1">stillingar textaboða</text>
      <target FeatureID="-1" href="MCE_HLP_SETTINGS_SMS.html">Stillingar textaskilaboða</target>
      <target FeatureID="-1" href="SMS_HLP_SETTINGS_SCENTRES.html">Stillingar miðstöðvar textaskilaboða</target>
      <target FeatureID="-1" href="SMS_HLP_SETTINGS_SCENTRES_EDIT.html">Breyta textaskilaboðamiðstöð</target>
   </keywords>
   <keywords>
      <text FeatureID="-1">stillingar skilaboðamiðstöðvar</text>
      <target FeatureID="-1" href="SMS_HLP_SETTINGS_SCENTRES.html">Stillingar miðstöðvar textaskilaboða</target>
      <target FeatureID="-1" href="SMS_HLP_SETTINGS_SCENTRES_EDIT.html">Breyta textaskilaboðamiðstöð</target>
   </keywords>
   <keywords>
      <text FeatureID="-1">SMS-miðstöð, stillingar</text>
      <target FeatureID="-1" href="SMS_HLP_SETTINGS_SCENTRES.html">Stillingar miðstöðvar textaskilaboða</target>
   </keywords>
   <keywords>
      <text FeatureID="true_1092">SMS tölvupóstur</text>
      <target FeatureID="true_1092" href="SMS_HLP_SETTINGS_SMS_EMAIL.html">Tölvupóstsstillingar textaskilaboða</target>
   </keywords>
   <keywords>
      <text FeatureID="true_1092">sms-póststillingar</text>
      <target FeatureID="true_1092" href="SMS_HLP_SETTINGS_SMS_EMAIL.html">Tölvupóstsstillingar textaskilaboða</target>
   </keywords>
   <keywords>
      <text FeatureID="-1">MMS-stillingar</text>
      <target FeatureID="-1" href="MCE_HLP_SETTINGS_MMS.html">Stillingar margmiðlunarskilaboða</target>
   </keywords>
   <keywords>
      <text FeatureID="true_1090">stillingar endurvarpa</text>
      <target FeatureID="true_1090" href="MCE_HLP_SETTINGS_CB.html">Stillingar endurvarpa</target>
   </keywords>
   <keywords>
      <text FeatureID="-1">innhólf</text>
      <target FeatureID="-1" href="MCE_HLP_INBOX.html">Innhólf</target>
   </keywords>
   <keywords>
      <text FeatureID="-1">möppurnar mínar</text>
      <target FeatureID="-1" href="MCE_HLP_DOCUMENTS.html">Möppurnar mínar</target>
   </keywords>
   <keywords>
      <text FeatureID="-1">geymsla skilaboða</text>
      <target FeatureID="-1" href="MCE_HLP_DOCUMENTS.html">Möppurnar mínar</target>
   </keywords>
   <keywords>
      <text FeatureID="-1">senda sniðmát</text>
      <target FeatureID="-1" href="MCE_HLP_TEMPLATES.html">Sniðmát skilaboða</target>
   </keywords>
   <keywords>
      <text FeatureID="-1">sniðmát skilaboða</text>
      <target FeatureID="-1" href="MCE_HLP_TEMPLATES.html">Sniðmát skilaboða</target>
   </keywords>
   <keywords>
      <text FeatureID="-1">skipuleggja skilaboð</text>
      <target FeatureID="-1" href="MCE_HLP_FOLDER.html">Skipulag skilaboða</target>
   </keywords>
   <keywords>
      <text FeatureID="-1">drög að skilaboðum vistuð</text>
      <target FeatureID="-1" href="MCE_HLP_DRAFTS.html">Drög</target>
   </keywords>
   <keywords>
      <text FeatureID="-1">drög að skilaboðum</text>
      <target FeatureID="-1" href="MCE_HLP_DRAFTS.html">Drög</target>
   </keywords>
   <keywords>
      <text FeatureID="-1">send skilaboð</text>
      <target FeatureID="-1" href="MCE_HLP_SENT_ITEMS.html">Send skilaboð</target>
   </keywords>
   <keywords>
      <text FeatureID="-1">úthólf skoðað</text>
      <target FeatureID="-1" href="MCE_HLP_OUTBOX.html">Úthólf</target>
   </keywords>
   <keywords>
      <text FeatureID="-1">skilatilkynningar</text>
      <target FeatureID="-1" href="MCE_HLP_DELIVERY_REPORTS.html">Skilatilkynningar</target>
   </keywords>
   <keywords>
      <text FeatureID="true_1132">MMS-tilkynningar</text>
      <target FeatureID="true_1132" href="MCE_HLP_MMS_NOTIFICATIONS.html">Margmiðlunartilkynningar</target>
   </keywords>
   <keywords>
      <text FeatureID="-1">leitað að númerum</text>
      <target FeatureID="-1" href="FIND_HLP.html">Leitað að númerum/heimilisföngum</target>
   </keywords>
   <keywords>
      <text FeatureID="-1">leitað að heimilisföngum</text>
      <target FeatureID="-1" href="FIND_HLP.html">Leitað að númerum/heimilisföngum</target>
   </keywords>
</keywords>