<?xml version="1.0" encoding="UTF-8"?>
<keywords>
   <keywords>
      <text FeatureID="-1">קטגוריות ציוני דרך</text>
      <target FeatureID="-1" href="LM_HLP_LM_BY_CATEGORY.html">קטגוריות ציוני דרך</target>
      <target FeatureID="-1" href="LM_HLP_EDIT_CATEGORIES.html">עריכת קטגוריות ציוני דרך</target>
   </keywords>
   <keywords>
      <text FeatureID="-1">ציוני דרך</text>
      <target FeatureID="-1" href="LM_HLP_LM_BY_NAME.html">תצוגת ציוני דרך לפי שם</target>
      <target FeatureID="-1" href="LM_HLP_CATEGORY_CONTENTS.html">ציוני דרך בקטגוריות</target>
      <target FeatureID="-1" href="LM_HLP_LM_VIEWER.html">פירוט ציוני דרך</target>
   </keywords>
   <keywords>
      <text FeatureID="-1">עריכת ציוני דרך</text>
      <target FeatureID="-1" href="LM_HLP_LM_EDITOR.html">עריכת ציון דרך</target>
   </keywords>
</keywords>