<?xml version="1.0" encoding="UTF-8"?>
<keywords>
   <keywords>
      <text FeatureID="-1">mga bookmark</text>
      <target FeatureID="-1" href="OSS_HLP_BM_ADDBM.html">Magdagdag ng mga bookmark</target>
      <target FeatureID="-1" href="OSS_HLP_BM_MAIN.html">Mag-browse ng mga bookmark</target>
      <target FeatureID="-1" href="OSS_HLP_BM_EDIT.html">Mag-edit ng mga bookmark</target>
   </keywords>
   <keywords>
      <text FeatureID="-1">mga bookmark ng browser</text>
      <target FeatureID="-1" href="OSS_HLP_BM_ADDBM.html">Magdagdag ng mga bookmark</target>
      <target FeatureID="-1" href="OSS_HLP_BM_EDIT.html">Mag-edit ng mga bookmark</target>
   </keywords>
   <keywords>
      <text FeatureID="-1">web</text>
      <target FeatureID="-1" href="OSS_HLP_BM_ADDBM.html">Magdagdag ng mga bookmark</target>
      <target FeatureID="true_167" href="OSS_HLP_RSS_ADD.html">Magdagdag ng mga web feed</target>
      <target FeatureID="-1" href="OSS_HLP_PAGEVIEW.html">I-browse ang Web</target>
      <target FeatureID="-1" href="OSS_HLP_BM_EDIT.html">Mag-edit ng mga bookmark</target>
      <target FeatureID="true_167" href="OSS_HLP_RSS_EDIT.html">Mag-edit ng mga web feed</target>
      <target FeatureID="true_167" href="OSS_HLP_RSS_ARTICLE.html">Mga artikulo ng web feed</target>
      <target FeatureID="true_167" href="OSS_HLP_RSS_ARTICLELST.html">Mga web feed</target>
      <target FeatureID="true_167" href="OSS_HLP_RSS_MAIN.html">Mga web feed at blog</target>
   </keywords>
   <keywords>
      <text FeatureID="true_167">mga feed</text>
      <target FeatureID="true_167" href="OSS_HLP_RSS_ADD.html">Magdagdag ng mga web feed</target>
      <target FeatureID="true_167" href="OSS_HLP_RSS_EDIT.html">Mag-edit ng mga web feed</target>
      <target FeatureID="true_167" href="OSS_HLP_RSS_ARTICLE.html">Mga artikulo ng web feed</target>
      <target FeatureID="true_167" href="OSS_HLP_RSS_ARTICLELST.html">Mga web feed</target>
      <target FeatureID="true_167" href="OSS_HLP_RSS_MAIN.html">Mga web feed at blog</target>
   </keywords>
   <keywords>
      <text FeatureID="true_167">Mga feed ng RSS</text>
      <target FeatureID="true_167" href="OSS_HLP_RSS_ADD.html">Magdagdag ng mga web feed</target>
      <target FeatureID="true_167" href="OSS_HLP_RSS_ARTICLELST.html">Mga web feed</target>
      <target FeatureID="true_167" href="OSS_HLP_RSS_MAIN.html">Mga web feed at blog</target>
   </keywords>
   <keywords>
      <text FeatureID="true_167">mga balita at blog</text>
      <target FeatureID="true_167" href="OSS_HLP_RSS_ADD.html">Magdagdag ng mga web feed</target>
      <target FeatureID="true_167" href="OSS_HLP_RSS_EDIT.html">Mag-edit ng mga web feed</target>
      <target FeatureID="true_167" href="OSS_HLP_RSS_ARTICLE.html">Mga artikulo ng web feed</target>
      <target FeatureID="true_167" href="OSS_HLP_RSS_ARTICLELST.html">Mga web feed</target>
      <target FeatureID="true_167" href="OSS_HLP_RSS_MAIN.html">Mga web feed at blog</target>
   </keywords>
   <keywords>
      <text FeatureID="true_167">mga blog</text>
      <target FeatureID="true_167" href="OSS_HLP_RSS_ADD.html">Magdagdag ng mga web feed</target>
      <target FeatureID="true_167" href="OSS_HLP_RSS_EDIT.html">Mag-edit ng mga web feed</target>
      <target FeatureID="true_167" href="OSS_HLP_RSS_ARTICLE.html">Mga artikulo ng web feed</target>
      <target FeatureID="true_167" href="OSS_HLP_RSS_ARTICLELST.html">Mga web feed</target>
      <target FeatureID="true_167" href="OSS_HLP_RSS_MAIN.html">Mga web feed at blog</target>
   </keywords>
   <keywords>
      <text FeatureID="-1">pag-browse sa mga pahina</text>
      <target FeatureID="-1" href="OSS_HLP_PAGEVIEW.html">I-browse ang Web</target>
   </keywords>
   <keywords>
      <text FeatureID="-1">browser</text>
      <target FeatureID="-1" href="OSS_HLP_BM_MAIN.html">Mag-browse ng mga bookmark</target>
   </keywords>
   <keywords>
      <text FeatureID="true_167">mga feed na rss</text>
      <target FeatureID="true_167" href="OSS_HLP_RSS_EDIT.html">Mag-edit ng mga web feed</target>
   </keywords>
   <keywords>
      <text FeatureID="-1">mga setting ng browser</text>
      <target FeatureID="-1" href="OSS_HLP_SETTINGS_GENERAL.html">Mga pangkalahatang setting</target>
      <target FeatureID="-1" href="OSS_HLP_SETTINGS_PAGE.html">Mga setting ng pahina</target>
      <target FeatureID="-1" href="OSS_HLP_SETTINGS_PRIVACY.html">Mga setting ng pagkapribado</target>
      <target FeatureID="true_167" href="OSS_HLP_SETTINGS_RSS.html">Mga seting ng web feed</target>
      <target FeatureID="-1" href="OSS_HLP_SETTINGS_FOLDERS.html">Mga setting sa web</target>
      <target FeatureID="false_410" href="OSS_HLP_SHORTCUTS.html">Mga shortcut sa toolbar</target>
      <target FeatureID="false_410" href="OSS_HLP_KEYPAD.html">Mga shortcut sa keypad</target>
   </keywords>
   <keywords>
      <text FeatureID="-1">mga setting ng web</text>
      <target FeatureID="-1" href="OSS_HLP_SETTINGS_GENERAL.html">Mga pangkalahatang setting</target>
      <target FeatureID="-1" href="OSS_HLP_SETTINGS_PAGE.html">Mga setting ng pahina</target>
      <target FeatureID="-1" href="OSS_HLP_SETTINGS_PRIVACY.html">Mga setting ng pagkapribado</target>
      <target FeatureID="-1" href="OSS_HLP_SETTINGS_FOLDERS.html">Mga setting sa web</target>
      <target FeatureID="false_410" href="OSS_HLP_SHORTCUTS.html">Mga shortcut sa toolbar</target>
      <target FeatureID="false_410" href="OSS_HLP_KEYPAD.html">Mga shortcut sa keypad</target>
   </keywords>
   <keywords>
      <text FeatureID="-1">pag-set up sa web</text>
      <target FeatureID="-1" href="OSS_HLP_SETTINGS_PAGE.html">Mga setting ng pahina</target>
      <target FeatureID="-1" href="OSS_HLP_SETTINGS_FOLDERS.html">Mga setting sa web</target>
   </keywords>
   <keywords>
      <text FeatureID="-1">mga setting ng pagkapribado</text>
      <target FeatureID="-1" href="OSS_HLP_SETTINGS_PRIVACY.html">Mga setting ng pagkapribado</target>
   </keywords>
   <keywords>
      <text FeatureID="true_167">mga feed ng rss</text>
      <target FeatureID="true_167" href="OSS_HLP_RSS_ARTICLE.html">Mga artikulo ng web feed</target>
   </keywords>
   <keywords>
      <text FeatureID="true_167">pagset up para sa web</text>
      <target FeatureID="true_167" href="OSS_HLP_SETTINGS_RSS.html">Mga seting ng web feed</target>
   </keywords>
   <keywords>
      <text FeatureID="true_167">mga setting sa web</text>
      <target FeatureID="true_167" href="OSS_HLP_SETTINGS_RSS.html">Mga seting ng web feed</target>
   </keywords>
   <keywords>
      <text FeatureID="-1">pagbubukas ng partikular na pahina</text>
      <target FeatureID="-1" href="OSS_HLP_PAGEVIEW_EMBED.html">Web sa mga application</target>
   </keywords>
   <keywords>
      <text FeatureID="-1">web sa mga application</text>
      <target FeatureID="-1" href="OSS_HLP_PAGEVIEW_EMBED.html">Web sa mga application</target>
   </keywords>
</keywords>