<?xml version="1.0" encoding="UTF-8"?>
<keywords>
   <keywords>
      <text FeatureID="true_410">puhelut, soittaminen</text>
      <target FeatureID="true_410" href="DIALER_HLP_MAIN.html">Puhelujen soittaminen</target>
   </keywords>
   <keywords>
      <text FeatureID="-1">puhelut</text>
      <target FeatureID="-1" href="INCAL_HLP_CALL_HANDLING.html">Puhelut</target>
   </keywords>
   <keywords>
      <text FeatureID="-1">neuvottelupuhelut</text>
      <target FeatureID="-1" href="INCAL_HLP_CALL_HANDLING.html">Puhelut</target>
   </keywords>
   <keywords>
      <text FeatureID="-1">puhelujen vaihto</text>
      <target FeatureID="-1" href="INCAL_HLP_CALL_HANDLING.html">Puhelut</target>
   </keywords>
   <keywords>
      <text FeatureID="-1">puhelin</text>
      <target FeatureID="-1" href="INCAL_HLP_CALL_HANDLING.html">Puhelut</target>
   </keywords>
   <keywords>
      <text FeatureID="true_410">DTMF-numerosarjat</text>
      <target FeatureID="true_410" href="DIALER_HLP_SEND_DTMF.html">DTMF-numerosarjojen lähetys</target>
   </keywords>
   <keywords>
      <text FeatureID="true_89">videopuhelut</text>
      <target FeatureID="true_89" href="INCAL_HLP_VIDEO_CALL.html">Videopuhelut</target>
   </keywords>
</keywords>