<?xml version="1.0" encoding="UTF-8"?>
<keywords>
   <keywords>
      <text FeatureID="-1">اسناد</text>
      <target FeatureID="-1" href="AM_HLP_GENERAL_SETTINGS.html">ترتیبات اسناد</target>
   </keywords>
   <keywords>
      <text FeatureID="-1">ترتيبات, اسناد</text>
      <target FeatureID="-1" href="AM_HLP_GENERAL_SETTINGS.html">ترتیبات اسناد</target>
   </keywords>
   <keywords>
      <text FeatureID="-1">اضافی پروگرام نصب کرنا</text>
      <target FeatureID="-1" href="AM_HLP_NOT_INSTALLED.html">تنصیب کی فائليں</target>
      <target FeatureID="-1" href="AM_HLP_APPLICATION.html">پروگرام منظم کريں</target>
   </keywords>
   <keywords>
      <text FeatureID="-1">اضافی پروگرام</text>
      <target FeatureID="-1" href="AM_HLP_NOT_INSTALLED.html">تنصیب کی فائليں</target>
      <target FeatureID="-1" href="AM_HLP_INSTALLED.html">تنصیب شدہ پروگرام</target>
   </keywords>
   <keywords>
      <text FeatureID="-1">سافٹ وئير نصب کرنا</text>
      <target FeatureID="-1" href="AM_HLP_APPLICATION.html">پروگرام منظم کريں</target>
   </keywords>
   <keywords>
      <text FeatureID="-1">اجازت کی درخواستیں</text>
      <target FeatureID="-1" href="AM_HLP_INSTALL_CAPAB.html">اجازت کي فرمائشيں</target>
   </keywords>
   <keywords>
      <text FeatureID="-1">غیر معتبر تنصیب</text>
      <target FeatureID="-1" href="AM_HLP_INSTALL_UNTRUSTED.html">غیر معتبر تنصیب</target>
   </keywords>
</keywords>