<?xml version="1.0" encoding="UTF-8"?>
<keywords>
   <keywords>
      <text FeatureID="-1">encaminhar mensagens</text>
      <target FeatureID="-1" href="MMS_HLP_MMS_FWD_REQUEST.html">Encaminhar mens. multimídia</target>
   </keywords>
   <keywords>
      <text FeatureID="-1">mensagens multimídia</text>
      <target FeatureID="-1" href="MMS_HLP_MMS_FWD_REQUEST_SEND.html">Solic. de encam. em Itens enviados</target>
      <target FeatureID="-1" href="MMS_HLP_MMS_VIEWER.html">Ver mensagens multimídia</target>
   </keywords>
   <keywords>
      <text FeatureID="-1">notificações multimídia</text>
      <target FeatureID="-1" href="MMS_HLP_NOTIFICATION_VIEWER.html">Notificações multimídia</target>
   </keywords>
   <keywords>
      <text FeatureID="-1">objetos mídia</text>
      <target FeatureID="-1" href="MMS_HLP_OBJECTS_VIEW_VIEWER.html">Ver objetos de mídia</target>
   </keywords>
   <keywords>
      <text FeatureID="-1">objetos multimídia</text>
      <target FeatureID="-1" href="MMS_HLP_OBJECTS_VIEW_VIEWER.html">Ver objetos de mídia</target>
   </keywords>
   <keywords>
      <text FeatureID="-1">MMS</text>
      <target FeatureID="-1" href="MMS_HLP_MMS_VIEWER.html">Ver mensagens multimídia</target>
   </keywords>
</keywords>