<?xml version="1.0" encoding="UTF-8"?>
<keywords>
   <keywords>
      <text FeatureID="-1">positione­ringsmetoder</text>
      <target FeatureID="-1" href="LOC_HLP_SETTINGS.html">Indstil. for Positionering</target>
   </keywords>
   <keywords>
      <text FeatureID="-1">positione­ringsserver</text>
      <target FeatureID="-1" href="LOC_HLP_SETTINGS.html">Indstil. for Positionering</target>
   </keywords>
   <keywords>
      <text FeatureID="-1">notations­indstillinger</text>
      <target FeatureID="-1" href="LOC_HLP_SETTINGS.html">Indstil. for Positionering</target>
   </keywords>
</keywords>