<?xml version="1.0" encoding="UTF-8"?>
<keywords>
   <keywords>
      <text FeatureID="-1">диспетчер устройств</text>
      <target FeatureID="-1" href="DM_HLP_MAIN_VIEW.html">Программное обеспечение устройства</target>
      <target FeatureID="-1" href="DM_HLP_SETTINGS.html">Параметры профиля сервера</target>
      <target FeatureID="-1" href="DM_HLP_SERVERS_VIEW.html">Удаленная настройка</target>
   </keywords>
   <keywords>
      <text FeatureID="-1">параметры конфигурации</text>
      <target FeatureID="-1" href="DM_HLP_MAIN_VIEW.html">Программное обеспечение устройства</target>
   </keywords>
   <keywords>
      <text FeatureID="-1">Диспетчер устройств</text>
      <target FeatureID="-1" href="FOTA_HLP_SETTINGS.html">Параметры обновления программного обеспечения</target>
   </keywords>
   <keywords>
      <text FeatureID="-1">параметры обновления программного обеспечения</text>
      <target FeatureID="-1" href="FOTA_HLP_SETTINGS.html">Параметры обновления программного обеспечения</target>
   </keywords>
   <keywords>
      <text FeatureID="-1">Параметры профиля сервера</text>
      <target FeatureID="-1" href="DM_HLP_SETTINGS.html">Параметры профиля сервера</target>
   </keywords>
   <keywords>
      <text FeatureID="-1">удаленная настройка</text>
      <target FeatureID="-1" href="DM_HLP_SERVERS_VIEW.html">Удаленная настройка</target>
   </keywords>
</keywords>