<?xml version="1.0" encoding="UTF-8"?>
<keywords>
   <keywords>
      <text FeatureID="true_298">جهاز الرد الآلي</text>
      <target FeatureID="true_298" href="SMSVO_HLP_CS_VIDEO_AND_XSP_VOIP.html">المكالمة والفيديو وصندوق بريد مكالمات الإنترنت</target>
   </keywords>
   <keywords>
      <text FeatureID="true_298">صندوق بريد مكالمات الإنترنت</text>
      <target FeatureID="true_298" href="SMSVO_HLP_CS_VIDEO_AND_XSP_VOIP.html">المكالمة والفيديو وصندوق بريد مكالمات الإنترنت</target>
   </keywords>
   <keywords>
      <text FeatureID="true_298">صندوق بريد المكالمات</text>
      <target FeatureID="true_298" href="SMSVO_HLP_CS_VIDEO_AND_XSP_VOIP.html">المكالمة والفيديو وصندوق بريد مكالمات الإنترنت</target>
   </keywords>
   <keywords>
      <text FeatureID="-1">مكالمات الإنترنت</text>
      <target FeatureID="-1" href="VOIP_HLP_CSC.html">ضبط الإنترنت</target>
      <target FeatureID="true_298" href="VOIP_HLP_SERVCATALOG.html">كتالوج الخدمة</target>
      <target FeatureID="-1" href="SERVTAB_HLP_SETTINGS.html">ضبط علامة تبويب الخدمة</target>
   </keywords>
</keywords>