<?xml version="1.0" encoding="UTF-8"?>
<keywords>
   <keywords>
      <text FeatureID="-1">Bluetooth</text>
      <target FeatureID="-1" href="BT_HLP_MAIN.html">Bluetooth</target>
      <target FeatureID="-1" href="BT_HLP_PAIRED.html">Сдвояване с устройства</target>
      <target FeatureID="-1" href="BT_HLP_BLOCKED.html">Блокиране на устройства</target>
   </keywords>
   <keywords>
      <text FeatureID="-1">Настройки за Bluetooth</text>
      <target FeatureID="-1" href="BT_HLP_MAIN.html">Bluetooth</target>
   </keywords>
   <keywords>
      <text FeatureID="-1">сдвояване на устройства</text>
      <target FeatureID="-1" href="BT_HLP_PAIRED.html">Сдвояване с устройства</target>
   </keywords>
   <keywords>
      <text FeatureID="-1">блокирани устройства</text>
      <target FeatureID="-1" href="BT_HLP_BLOCKED.html">Блокиране на устройства</target>
   </keywords>
   <keywords>
      <text FeatureID="true_12">безжична клавиатура</text>
      <target FeatureID="true_12" href="BTKEYBOARD_HLP_SETTINGS.html">Безжична клавиатура</target>
   </keywords>
</keywords>