<?xml version="1.0" encoding="UTF-8"?>
<keywords>
   <keywords>
      <text FeatureID="-1">Foto</text>
      <target FeatureID="-1" href="LGAL_HLP_ALBUM_LIST.html">Album</target>
      <target FeatureID="-1" href="LGAL_HLP_ALL_GRID.html">Sfogliare tutti i file multimediali</target>
      <target FeatureID="-1" href="LGAL_HLP_ALBUM_GRID.html">Sfogliare file multimediali negli album</target>
      <target FeatureID="-1" href="LGAL_HLP_TAGS_GRID.html">Sfogliare file multimediali con etichette</target>
      <target FeatureID="-1" href="LGAL_HLP_DETAILS_VIEW.html">Visualizzare e modificare i dettagli di un file</target>
      <target FeatureID="-1" href="LGAL_HLP_TAGS_BROWSER.html">Etichette</target>
      <target FeatureID="-1" href="LGAL_HLP_MONTH_FULLSCREEN.html">Visualizzare file multimediali in base al mese</target>
      <target FeatureID="-1" href="LGAL_HLP_MONTH_GRID.html">Sfogliare file multimediali in base al mese</target>
      <target FeatureID="-1" href="LGAL_HLP_VIEW_LIST.html">Foto</target>
      <target FeatureID="-1" href="LGAL_HLP_MONTH_LIST.html">Mesi</target>
      <target FeatureID="-1" href="LGAL_HLP_SLIDESHOW_SETTINGS.html">Impostazioni presentazione</target>
      <target FeatureID="-1" href="LGAL_HLP_ALL_FULLSCREEN.html">Visualizzare tutti i file multimediali</target>
      <target FeatureID="-1" href="LGAL_HLP_ALBUM_FULLSCREEN.html">Visualizzare file multimediali in album</target>
      <target FeatureID="-1" href="LGAL_HLP_TAGS_FULLSCREEN.html">Visualizzare file multimediali con etichette</target>
   </keywords>
   <keywords>
      <text FeatureID="-1">album</text>
      <target FeatureID="-1" href="LGAL_HLP_ALBUM_LIST.html">Album</target>
      <target FeatureID="-1" href="LGAL_HLP_ALBUM_GRID.html">Sfogliare file multimediali negli album</target>
      <target FeatureID="-1" href="LGAL_HLP_VIEW_LIST.html">Foto</target>
      <target FeatureID="-1" href="LGAL_HLP_ALBUM_FULLSCREEN.html">Visualizzare file multimediali in album</target>
   </keywords>
   <keywords>
      <text FeatureID="-1">etichette</text>
      <target FeatureID="-1" href="LGAL_HLP_TAGS_GRID.html">Sfogliare file multimediali con etichette</target>
      <target FeatureID="-1" href="LGAL_HLP_TAGS_BROWSER.html">Etichette</target>
      <target FeatureID="-1" href="LGAL_HLP_VIEW_LIST.html">Foto</target>
      <target FeatureID="-1" href="LGAL_HLP_TAGS_FULLSCREEN.html">Visualizzare file multimediali con etichette</target>
   </keywords>
   <keywords>
      <text FeatureID="-1">presentazione</text>
      <target FeatureID="-1" href="LGAL_HLP_SLIDESHOW_SETTINGS.html">Impostazioni presentazione</target>
   </keywords>
</keywords>