<?xml version="1.0" encoding="UTF-8"?>
<keywords>
   <keywords>
      <text FeatureID="-1">spôsoby určenia polohy</text>
      <target FeatureID="-1" href="LOC_HLP_SETTINGS.html">Nastavenia určenia polohy</target>
   </keywords>
   <keywords>
      <text FeatureID="-1">server určenia polohy</text>
      <target FeatureID="-1" href="LOC_HLP_SETTINGS.html">Nastavenia určenia polohy</target>
   </keywords>
   <keywords>
      <text FeatureID="-1">prednostný spôsob zápisu</text>
      <target FeatureID="-1" href="LOC_HLP_SETTINGS.html">Nastavenia určenia polohy</target>
   </keywords>
</keywords>