<?xml version="1.0" encoding="UTF-8"?>
<keywords>
   <keywords>
      <text FeatureID="true_1604">text input</text>
      <target FeatureID="true_1604" href="HWR_HLP_MAIN_VIEW.html">Prepozn. rokopisa</target>
   </keywords>
   <keywords>
      <text FeatureID="true_1604">prepoznavanje rokopisa</text>
      <target FeatureID="true_1604" href="HWR_HLP_MAIN_VIEW.html">Prepozn. rokopisa</target>
   </keywords>
   <keywords>
      <text FeatureID="true_1603 true_410">vnos z dotikom</text>
      <target FeatureID="true_1603" href="VQWERTY_HLP_MAIN_VIEW.html">Virtualna tipkovnica</target>
      <target FeatureID="true_410" href="VITU_HLP_MAIN_VIEW.html">Virt. številčnica</target>
   </keywords>
   <keywords>
      <text FeatureID="true_410">virt. številčnica</text>
      <target FeatureID="true_410" href="VITU_HLP_MAIN_VIEW.html">Virt. številčnica</target>
   </keywords>
</keywords>