<?xml version="1.0" encoding="UTF-8"?>
<keywords>
   <keywords>
      <text FeatureID="true_1604">text input</text>
      <target FeatureID="true_1604" href="HWR_HLP_MAIN_VIEW.html">Prepoznavanje rukopisa</target>
   </keywords>
   <keywords>
      <text FeatureID="true_1604">prepoznavanje rukopisa</text>
      <target FeatureID="true_1604" href="HWR_HLP_MAIN_VIEW.html">Prepoznavanje rukopisa</target>
   </keywords>
   <keywords>
      <text FeatureID="true_1603 true_410">unos dodirom</text>
      <target FeatureID="true_1603" href="VQWERTY_HLP_MAIN_VIEW.html">Virtuelna tastatura</target>
      <target FeatureID="true_410" href="VITU_HLP_MAIN_VIEW.html">Virtuelna tastatura</target>
   </keywords>
   <keywords>
      <text FeatureID="true_410">virtuelna tastatura</text>
      <target FeatureID="true_410" href="VITU_HLP_MAIN_VIEW.html">Virtuelna tastatura</target>
   </keywords>
</keywords>