<?xml version="1.0" encoding="UTF-8"?>
<keywords>
   <keywords>
      <text FeatureID="-1">video paylaşımı</text>
      <target FeatureID="true_208" href="MSH_HLP_LIVE.html">Canlı video paylaşın</target>
      <target FeatureID="-1" href="MSH_HLP_CLIP.html">Video klipleri paylaşma</target>
      <target FeatureID="-1" href="MSH_HLP_SETTINGS.html">Video paylaşımı ayarları</target>
      <target FeatureID="-1" href="MSH_HLP_RECEIVE.html">Paylaşılan videoyu görüntüleme</target>
   </keywords>
</keywords>