<?xml version="1.0" encoding="UTF-8"?>
<keywords>
   <keywords>
      <text FeatureID="-1">редагування зображень</text>
      <target FeatureID="-1" href="SIE_HLP_MAIN.html">Редагування зображень</target>
   </keywords>
   <keywords>
      <text FeatureID="-1">редагування тексту</text>
      <target FeatureID="-1" href="SIE_HLP_EDIT_TEXT.html">Редагування тексту в зображенні</target>
   </keywords>
   <keywords>
      <text FeatureID="-1">редактор зображень</text>
      <target FeatureID="-1" href="SIE_HLP_EDIT_TEXT.html">Редагування тексту в зображенні</target>
   </keywords>
   <keywords>
      <text FeatureID="-1">редагування зображень зі зміненим масштабом</text>
      <target FeatureID="-1" href="SIE_HLP_ZOOMING.html">Редагування зображень зі зміненим масштабом</target>
   </keywords>
   <keywords>
      <text FeatureID="-1">змінення масштабу зображень</text>
      <target FeatureID="-1" href="SIE_HLP_ZOOMING.html">Редагування зображень зі зміненим масштабом</target>
   </keywords>
   <keywords>
      <text FeatureID="-1">редагування картинки</text>
      <target FeatureID="-1" href="SIE_HLP_EDIT_CLIPART.html">Редагування картинки</target>
   </keywords>
   <keywords>
      <text FeatureID="-1">редагування виносок</text>
      <target FeatureID="-1" href="SIE_HLP_EDIT_CLIPART.html">Редагування картинки</target>
   </keywords>
   <keywords>
      <text FeatureID="-1">зменшення ефекту червоних очей.</text>
      <target FeatureID="-1" href="SIE_HLP_REDEYE.html">Зменшення ефекту червоних очей</target>
   </keywords>
</keywords>