<?xml version="1.0" encoding="UTF-8"?>
<keywords>
   <keywords>
      <text FeatureID="-1">更新軟件</text>
      <target FeatureID="-1" href="SWUPDATE_HLP_MAIN.html">軟件更新</target>
   </keywords>
   <keywords>
      <text FeatureID="-1">軟件更新</text>
      <target FeatureID="-1" href="SWUPDATE_HLP_MAIN.html">軟件更新</target>
   </keywords>
   <keywords>
      <text FeatureID="-1">軟件更新設定</text>
      <target FeatureID="-1" href="SWUPDATE_HLP_SETTINGS.html">軟件更新設定</target>
   </keywords>
</keywords>