<?xml version="1.0" encoding="UTF-8"?>
<keywords>
   <keywords>
      <text FeatureID="true_1091">USSD-redigerer</text>
      <target FeatureID="true_1091" href="USSD_HLP_EDITOR.html">Tjeneste­kommandoer</target>
   </keywords>
   <keywords>
      <text FeatureID="true_1091">tjeneste­kommandoer</text>
      <target FeatureID="true_1091" href="USSD_HLP_EDITOR.html">Tjeneste­kommandoer</target>
   </keywords>
   <keywords>
      <text FeatureID="true_1091">nettverks­tjenester</text>
      <target FeatureID="true_1091" href="USSD_HLP_EDITOR.html">Tjeneste­kommandoer</target>
   </keywords>
</keywords>