<?xml version="1.0" encoding="UTF-8"?>
<keywords>
   <keywords>
      <text FeatureID="-1">beskedlæser, sprog</text>
      <target FeatureID="-1" href="SPEECH_HLP_MAIN.html">Tale­indstillinger</target>
   </keywords>
   <keywords>
      <text FeatureID="-1">beskedlæser, stemme</text>
      <target FeatureID="-1" href="SPEECH_HLP_MAIN.html">Tale­indstillinger</target>
   </keywords>
   <keywords>
      <text FeatureID="-1">beskedlæser, stemmedetaljer</text>
      <target FeatureID="-1" href="SPEECH_HLP_VOICE.html">Stemmedetaljer</target>
   </keywords>
   <keywords>
      <text FeatureID="-1">beskedlæser, indstillinger</text>
      <target FeatureID="-1" href="SPEECH_HLP_MRSETTINGS.html">Indstillinger for beskedlæser</target>
   </keywords>
</keywords>