<?xml version="1.0" encoding="UTF-8"?>
<keywords>
   <keywords>
      <text FeatureID="-1">pembaca pesan, bahasa</text>
      <target FeatureID="-1" href="SPEECH_HLP_MAIN.html">Pengaturan ucapan</target>
   </keywords>
   <keywords>
      <text FeatureID="-1">pembaca pesan, suara</text>
      <target FeatureID="-1" href="SPEECH_HLP_MAIN.html">Pengaturan ucapan</target>
   </keywords>
   <keywords>
      <text FeatureID="-1">pembaca pesan, rincian suara</text>
      <target FeatureID="-1" href="SPEECH_HLP_VOICE.html">Rincian suara</target>
   </keywords>
   <keywords>
      <text FeatureID="-1">pembaca pesan, pengaturan</text>
      <target FeatureID="-1" href="SPEECH_HLP_MRSETTINGS.html">Pengaturan pembaca pesan</target>
   </keywords>
</keywords>