<?xml version="1.0" encoding="UTF-8"?>
<keywords>
   <keywords>
      <text FeatureID="-1">„Flash“ failų leidimas</text>
      <target FeatureID="-1" href="FLITE_HLP_STOPPED.html">Baigti leisti „Flash“ failą.</target>
      <target FeatureID="-1" href="FLITE_HLP_VIEWER_PAUSED.html">„Flash“ failų leidimo pristabdymas</target>
      <target FeatureID="-1" href="FLITE_HLP_VIEWER_PLAY.html">„Flash“ failų leidimas</target>
   </keywords>
   <keywords>
      <text FeatureID="-1">„Flash“ grotuvas</text>
      <target FeatureID="-1" href="FLITE_HLP_STOPPED.html">Baigti leisti „Flash“ failą.</target>
      <target FeatureID="-1" href="FLITE_HLP_VIEWER_PAUSED.html">„Flash“ failų leidimo pristabdymas</target>
      <target FeatureID="-1" href="FLITE_HLP_VIEWER_PLAY.html">„Flash“ failų leidimas</target>
   </keywords>
</keywords>