<?xml version="1.0" encoding="UTF-8"?>
<keywords>
   <keywords>
      <text FeatureID="true_1091">USSD, editor</text>
      <target FeatureID="true_1091" href="USSD_HLP_EDITOR.html">Příkazy služby</target>
   </keywords>
   <keywords>
      <text FeatureID="true_1091">služby, příkazy</text>
      <target FeatureID="true_1091" href="USSD_HLP_EDITOR.html">Příkazy služby</target>
   </keywords>
   <keywords>
      <text FeatureID="true_1091">síťové služby</text>
      <target FeatureID="true_1091" href="USSD_HLP_EDITOR.html">Příkazy služby</target>
   </keywords>
</keywords>