<?xml version="1.0" encoding="UTF-8"?>
<keywords>
   <keywords>
      <text FeatureID="-1">اشتراک فیلم</text>
      <target FeatureID="true_208" href="MSH_HLP_LIVE.html">به اشتراک گذاشتن فیلم زنده</target>
      <target FeatureID="-1" href="MSH_HLP_CLIP.html">اشتراک گذاری کلیپ های ویدیویی</target>
      <target FeatureID="-1" href="MSH_HLP_SETTINGS.html">تنظیمات اشتراک فیلم</target>
      <target FeatureID="-1" href="MSH_HLP_RECEIVE.html">مشاهده فیلم به اشتراک گذاشته شده</target>
   </keywords>
</keywords>