<?xml version="1.0" encoding="UTF-8"?>
<keywords>
   <keywords>
      <text FeatureID="-1">鈴聲主題</text>
      <target FeatureID="-1" href="AUDIOTHEME_HLP_EVENTGROUPS.html">變更鈴聲主題</target>
      <target FeatureID="-1" href="SET_HLP_AUDIO_THEME_EVENTSLIST.html">裝置事件音效</target>
   </keywords>
   <keywords>
      <text FeatureID="-1">將裝置個人化</text>
      <target FeatureID="-1" href="AUDIOTHEME_HLP_EVENTGROUPS.html">變更鈴聲主題</target>
      <target FeatureID="-1" href="SET_HLP_AUDIO_THEME_EVENTSLIST.html">裝置事件音效</target>
   </keywords>
   <keywords>
      <text FeatureID="-1">裝置音效</text>
      <target FeatureID="-1" href="AUDIOTHEME_HLP_EVENTGROUPS.html">變更鈴聲主題</target>
      <target FeatureID="-1" href="SET_HLP_AUDIO_THEME_EVENTSLIST.html">裝置事件音效</target>
   </keywords>
</keywords>