<?xml version="1.0" encoding="UTF-8"?>
<keywords>
   <keywords>
      <text FeatureID="-1">radio</text>
      <target FeatureID="-1" href="FMRADIO_HLP_MAIN.html">Sådan lytter du til radioen</target>
      <target FeatureID="-1" href="FMRADIO_HLP_SEARCH.html">Søgning efter stationer</target>
      <target FeatureID="-1" href="FMRADIO_HLP_LIST.html"> Administration af radiostationer</target>
   </keywords>
   <keywords>
      <text FeatureID="-1">FM-radio</text>
      <target FeatureID="-1" href="FMRADIO_HLP_MAIN.html">Sådan lytter du til radioen</target>
      <target FeatureID="-1" href="FMRADIO_HLP_SEARCH.html">Søgning efter stationer</target>
      <target FeatureID="-1" href="FMRADIO_HLP_LIST.html"> Administration af radiostationer</target>
   </keywords>
</keywords>