<?xml version="1.0" encoding="UTF-8"?>
<keywords>
   <keywords>
      <text FeatureID="-1">sincronização</text>
      <target FeatureID="-1" href="OTASYNCBU_HLP_MAIN.html">Sincronização no Ovi</target>
   </keywords>
   <keywords>
      <text FeatureID="-1">Sincronização no Ovi</text>
      <target FeatureID="-1" href="OTASYNCBU_HLP_MAIN.html">Sincronização no Ovi</target>
      <target FeatureID="-1" href="OTASYNCBU_HLP_SETTINGS.html">Configurações de sincronização no Ovi</target>
   </keywords>
</keywords>