<?xml version="1.0" encoding="UTF-8"?>
<keywords>
   <keywords>
      <text FeatureID="-1">קורא הודעות, שפה</text>
      <target FeatureID="-1" href="SPEECH_HLP_MAIN.html">הגדרות דיבור</target>
   </keywords>
   <keywords>
      <text FeatureID="-1">קורא הודעות, קול</text>
      <target FeatureID="-1" href="SPEECH_HLP_MAIN.html">הגדרות דיבור</target>
   </keywords>
   <keywords>
      <text FeatureID="-1">קורא הודעות, פרטי קול</text>
      <target FeatureID="-1" href="SPEECH_HLP_VOICE.html">פרטי קול</target>
   </keywords>
   <keywords>
      <text FeatureID="-1">קורא הודעות, הגדרות</text>
      <target FeatureID="-1" href="SPEECH_HLP_MRSETTINGS.html">הגדרות קורא הודעות</target>
   </keywords>
</keywords>