<?xml version="1.0" encoding="UTF-8"?>
<keywords>
   <keywords>
      <text FeatureID="-1">cập nhật phần mềm</text>
      <target FeatureID="-1" href="SWUPDATE_HLP_MAIN.html">Cập nhật phần mềm </target>
      <target FeatureID="-1" href="SWUPDATE_HLP_MAIN.html">Cập nhật phần mềm </target>
   </keywords>
   <keywords>
      <text FeatureID="-1">cái đặt cập nhật phần măm</text>
      <target FeatureID="-1" href="SWUPDATE_HLP_SETTINGS.html">Cài đặt cập nhật phần mềm</target>
   </keywords>
</keywords>