<?xml version="1.0" encoding="UTF-8"?><?xml-stylesheet  href="../../theme/xsl/index2html.xslt" type="text/xsl"?>
<topics FeatureID="-1" title="Razmena poruka" compressed="true">
   <topicref FeatureID="-1" href="MCE_HLP_MESSAGING.html" navtitle="Centar za razmenu poruka"/>
   <topicref FeatureID="-1" href="MCE_HLP_SIM.html" navtitle="Prikazivanje SIM poruka"/>
   <topicref FeatureID="-1" href="MCE_HLP_SETTINGS.html" navtitle="Podešavanja za razmenu poruka"/>
   <topicref FeatureID="-1" href="MCE_HLP_SETTINGS_SMS.html" navtitle="Podešavanja tekstualnih poruka"/>
   <topicref FeatureID="-1" href="SMS_HLP_SETTINGS_SCENTRES.html" navtitle="Podešavanja centra za tekstualne poruke"/>
   <topicref FeatureID="-1" href="SMS_HLP_SETTINGS_SCENTRES_EDIT.html" navtitle="Izmena centara za tekstualne poruke"/>
   <topicref FeatureID="true_1092" href="SMS_HLP_SETTINGS_SMS_EMAIL.html" navtitle="Podešavanja razmene tekstualnih poruka putem e-pošte"/>
   <topicref FeatureID="-1" href="MCE_HLP_SETTINGS_MMS.html" navtitle="Podešavanja multimedijalnih poruka"/>
   <topicref FeatureID="true_1090" href="MCE_HLP_SETTINGS_CB.html" navtitle="Podešavanja za info servis"/>
   <topicref FeatureID="-1" href="MCE_HLP_SETTINGS_GEN.html" navtitle="Ostala podešavanja"/>
   <topicref FeatureID="-1" href="MCE_HLP_INBOX.html" navtitle="Prijemno sanduče"/>
   <topicref FeatureID="-1" href="MCE_HLP_DOCUMENTS.html" navtitle="Moje fascikle"/>
   <topicref FeatureID="-1" href="MCE_HLP_TEMPLATES.html" navtitle="Standardne poruke"/>
   <topicref FeatureID="-1" href="MCE_HLP_FOLDER.html" navtitle="Organizovanje poruka"/>
   <topicref FeatureID="-1" href="MCE_HLP_DRAFTS.html" navtitle="Nacrti"/>
   <topicref FeatureID="-1" href="MCE_HLP_SENT_ITEMS.html" navtitle="Poslate poruke"/>
   <topicref FeatureID="-1" href="MCE_HLP_OUTBOX.html" navtitle="Otpremno sanduče"/>
   <topicref FeatureID="-1" href="MCE_HLP_DELIVERY_REPORTS.html" navtitle="Izveštaji o isporuci"/>
   <topicref FeatureID="true_1132" href="MCE_HLP_MMS_NOTIFICATIONS.html" navtitle="Obaveštenja o multimedijalnim porukama"/>
</topics>