<?xml version="1.0" encoding="UTF-8"?>
<keywords>
   <keywords>
      <text FeatureID="-1">slanje poruka</text>
      <target FeatureID="-1" href="MCE_HLP_MESSAGING.html">Centar za razmenu poruka</target>
      <target FeatureID="-1" href="MCE_HLP_OUTBOX.html">Otpremno sanduče</target>
   </keywords>
   <keywords>
      <text FeatureID="-1">primanje poruka</text>
      <target FeatureID="-1" href="MCE_HLP_MESSAGING.html">Centar za razmenu poruka</target>
      <target FeatureID="-1" href="MCE_HLP_INBOX.html">Prijemno sanduče</target>
   </keywords>
   <keywords>
      <text FeatureID="-1">SIM poruke</text>
      <target FeatureID="-1" href="MCE_HLP_SIM.html">Prikazivanje SIM poruka</target>
   </keywords>
   <keywords>
      <text FeatureID="-1">poruke na SIM kartici</text>
      <target FeatureID="-1" href="MCE_HLP_SIM.html">Prikazivanje SIM poruka</target>
   </keywords>
   <keywords>
      <text FeatureID="-1">podešavanja za razmenu poruka</text>
      <target FeatureID="-1" href="MCE_HLP_SETTINGS.html">Podešavanja za razmenu poruka</target>
      <target FeatureID="-1" href="MCE_HLP_SETTINGS_GEN.html">Ostala podešavanja</target>
   </keywords>
   <keywords>
      <text FeatureID="-1">SMS podešavanja</text>
      <target FeatureID="-1" href="MCE_HLP_SETTINGS_SMS.html">Podešavanja tekstualnih poruka</target>
   </keywords>
   <keywords>
      <text FeatureID="-1">podešavanja tekstualnih poruka</text>
      <target FeatureID="-1" href="MCE_HLP_SETTINGS_SMS.html">Podešavanja tekstualnih poruka</target>
      <target FeatureID="-1" href="SMS_HLP_SETTINGS_SCENTRES.html">Podešavanja centra za tekstualne poruke</target>
      <target FeatureID="-1" href="SMS_HLP_SETTINGS_SCENTRES_EDIT.html">Izmena centara za tekstualne poruke</target>
   </keywords>
   <keywords>
      <text FeatureID="-1">podešavanja centra za poruke</text>
      <target FeatureID="-1" href="SMS_HLP_SETTINGS_SCENTRES.html">Podešavanja centra za tekstualne poruke</target>
      <target FeatureID="-1" href="SMS_HLP_SETTINGS_SCENTRES_EDIT.html">Izmena centara za tekstualne poruke</target>
   </keywords>
   <keywords>
      <text FeatureID="-1">podešavanja SMS centra</text>
      <target FeatureID="-1" href="SMS_HLP_SETTINGS_SCENTRES.html">Podešavanja centra za tekstualne poruke</target>
   </keywords>
   <keywords>
      <text FeatureID="true_1092">tekstualna poruka putem e-pošte</text>
      <target FeatureID="true_1092" href="SMS_HLP_SETTINGS_SMS_EMAIL.html">Podešavanja razmene tekstualnih poruka putem e-pošte</target>
   </keywords>
   <keywords>
      <text FeatureID="true_1092">podešavanja razmene SMS-a putem e-pošte</text>
      <target FeatureID="true_1092" href="SMS_HLP_SETTINGS_SMS_EMAIL.html">Podešavanja razmene tekstualnih poruka putem e-pošte</target>
   </keywords>
   <keywords>
      <text FeatureID="-1">MMS podešavanja</text>
      <target FeatureID="-1" href="MCE_HLP_SETTINGS_MMS.html">Podešavanja multimedijalnih poruka</target>
   </keywords>
   <keywords>
      <text FeatureID="true_1090">podešavanja za info servis</text>
      <target FeatureID="true_1090" href="MCE_HLP_SETTINGS_CB.html">Podešavanja za info servis</target>
   </keywords>
   <keywords>
      <text FeatureID="-1">prijemno sanduče</text>
      <target FeatureID="-1" href="MCE_HLP_INBOX.html">Prijemno sanduče</target>
   </keywords>
   <keywords>
      <text FeatureID="-1">moje fascikle</text>
      <target FeatureID="-1" href="MCE_HLP_DOCUMENTS.html">Moje fascikle</target>
   </keywords>
   <keywords>
      <text FeatureID="-1">čuvanje poruka</text>
      <target FeatureID="-1" href="MCE_HLP_DOCUMENTS.html">Moje fascikle</target>
   </keywords>
   <keywords>
      <text FeatureID="-1">slanje standardnih poruka</text>
      <target FeatureID="-1" href="MCE_HLP_TEMPLATES.html">Standardne poruke</target>
   </keywords>
   <keywords>
      <text FeatureID="-1">standardne poruke</text>
      <target FeatureID="-1" href="MCE_HLP_TEMPLATES.html">Standardne poruke</target>
   </keywords>
   <keywords>
      <text FeatureID="-1">organizovanje poruka</text>
      <target FeatureID="-1" href="MCE_HLP_FOLDER.html">Organizovanje poruka</target>
   </keywords>
   <keywords>
      <text FeatureID="-1">čuvanje nacrta poruka</text>
      <target FeatureID="-1" href="MCE_HLP_DRAFTS.html">Nacrti</target>
   </keywords>
   <keywords>
      <text FeatureID="-1">nacrti poruka</text>
      <target FeatureID="-1" href="MCE_HLP_DRAFTS.html">Nacrti</target>
   </keywords>
   <keywords>
      <text FeatureID="-1">poslate poruke</text>
      <target FeatureID="-1" href="MCE_HLP_SENT_ITEMS.html">Poslate poruke</target>
   </keywords>
   <keywords>
      <text FeatureID="-1">pregled otpremnog sandučeta</text>
      <target FeatureID="-1" href="MCE_HLP_OUTBOX.html">Otpremno sanduče</target>
   </keywords>
   <keywords>
      <text FeatureID="-1">izveštaji o isporuci</text>
      <target FeatureID="-1" href="MCE_HLP_DELIVERY_REPORTS.html">Izveštaji o isporuci</target>
   </keywords>
   <keywords>
      <text FeatureID="true_1132">MMS obaveštenja</text>
      <target FeatureID="true_1132" href="MCE_HLP_MMS_NOTIFICATIONS.html">Obaveštenja o multimedijalnim porukama</target>
   </keywords>
</keywords>