<?xml version="1.0" encoding="UTF-8"?>
<keywords>
   <keywords>
      <text FeatureID="-1">paylaşmak için içerik</text>
      <target FeatureID="-1" href="UPNP_HLP_SHARE_CONTENT.html">Paylaşmak için içerik seçme</target>
   </keywords>
   <keywords>
      <text FeatureID="-1">ev medyası</text>
      <target FeatureID="-1" href="UPNP_HLP_SHARE_CONTENT.html">Paylaşmak için içerik seçme</target>
      <target FeatureID="-1" href="UPNP_HLP_SHARING_PROP.html">Paylaşım ayarları</target>
      <target FeatureID="-1" href="UPNP_HLP_MAIN_VIEW.html">Ana medya</target>
      <target FeatureID="-1" href="UPNP_HLP_MAIN_EXTERNAL.html">Ev medyası cihazları</target>
      <target FeatureID="-1" href="UPNP_HLP_CONTENT_VIEW.html">Ev medyası dosyaları</target>
      <target FeatureID="-1" href="UPNP_HLP_REMOTE_DEVICES.html">Ev medyası klasörleri</target>
      <target FeatureID="-1" href="UPNP_HLP_SEARCH.html">Arama sonuçları</target>
   </keywords>
   <keywords>
      <text FeatureID="-1">görüntüleri ve videoları paylaşma</text>
      <target FeatureID="-1" href="UPNP_HLP_SHARE_CONTENT.html">Paylaşmak için içerik seçme</target>
   </keywords>
   <keywords>
      <text FeatureID="-1">medya dosyalarını paylaşma</text>
      <target FeatureID="-1" href="UPNP_HLP_SHARING_PROP.html">Paylaşım ayarları</target>
      <target FeatureID="-1" href="UPNP_HLP_MAIN_VIEW.html">Ana medya</target>
      <target FeatureID="-1" href="UPNP_HLP_MAIN_EXTERNAL.html">Ev medyası cihazları</target>
      <target FeatureID="-1" href="UPNP_HLP_CONTENT_VIEW.html">Ev medyası dosyaları</target>
      <target FeatureID="-1" href="UPNP_HLP_REMOTE_DEVICES.html">Ev medyası klasörleri</target>
      <target FeatureID="-1" href="UPNP_HLP_SEARCH.html">Arama sonuçları</target>
   </keywords>
   <keywords>
      <text FeatureID="-1">uzak cihazdaki dosyaları görüntüleme</text>
      <target FeatureID="-1" href="UPNP_HLP_SHARING_PROP.html">Paylaşım ayarları</target>
      <target FeatureID="-1" href="UPNP_HLP_MAIN_VIEW.html">Ana medya</target>
      <target FeatureID="-1" href="UPNP_HLP_MAIN_EXTERNAL.html">Ev medyası cihazları</target>
      <target FeatureID="-1" href="UPNP_HLP_CONTENT_VIEW.html">Ev medyası dosyaları</target>
      <target FeatureID="-1" href="UPNP_HLP_REMOTE_DEVICES.html">Ev medyası klasörleri</target>
      <target FeatureID="-1" href="UPNP_HLP_SEARCH.html">Arama sonuçları</target>
   </keywords>
   <keywords>
      <text FeatureID="-1">paylaşım özellikleri</text>
      <target FeatureID="-1" href="UPNP_HLP_SHARING_PROP.html">Paylaşım ayarları</target>
   </keywords>
</keywords>