<?xml version="1.0" encoding="UTF-8"?>
<keywords>
   <keywords>
      <text FeatureID="-1">données GPS</text>
      <target FeatureID="-1" href="HLP_BLID_NAVIGATION.html">Affichage de navigation</target>
      <target FeatureID="false_112" href="BLID_HLP_WAYPOINTS.html">Lieux enregistrés</target>
      <target FeatureID="-1" href="HLP_BLID_TRIPMETER.html">Affichage de la distance du trajet</target>
   </keywords>
   <keywords>
      <text FeatureID="-1">atteindre une destination</text>
      <target FeatureID="-1" href="HLP_BLID_NAVIGATION.html">Affichage de navigation</target>
   </keywords>
   <keywords>
      <text FeatureID="false_112">enregistrement de lieux</text>
      <target FeatureID="false_112" href="BLID_HLP_WAYPOINTS.html">Lieux enregistrés</target>
   </keywords>
   <keywords>
      <text FeatureID="-1">paramètres du navigateur</text>
      <target FeatureID="-1" href="BLID_HLP_SETTINGS.html">Paramètres des données GPS</target>
   </keywords>
   <keywords>
      <text FeatureID="-1">paramètres des données GPS</text>
      <target FeatureID="-1" href="BLID_HLP_SETTINGS.html">Paramètres des données GPS</target>
   </keywords>
   <keywords>
      <text FeatureID="-1">informations sur le trajet</text>
      <target FeatureID="-1" href="HLP_BLID_TRIPMETER.html">Affichage de la distance du trajet</target>
   </keywords>
   <keywords>
      <text FeatureID="-1">informations sur le voyage</text>
      <target FeatureID="-1" href="HLP_BLID_TRIPMETER.html">Affichage de la distance du trajet</target>
   </keywords>
</keywords>