<?xml version="1.0" encoding="UTF-8"?>
<keywords>
   <keywords>
      <text FeatureID="-1">favoritos</text>
      <target FeatureID="-1" href="OSS_HLP_BM_ADDBM.html">Añadir favoritos</target>
      <target FeatureID="-1" href="OSS_HLP_BM_MAIN.html">Navegar por favoritos</target>
      <target FeatureID="-1" href="OSS_HLP_BM_EDIT.html">Editar favoritos</target>
   </keywords>
   <keywords>
      <text FeatureID="-1">favoritos del navegador</text>
      <target FeatureID="-1" href="OSS_HLP_BM_ADDBM.html">Añadir favoritos</target>
      <target FeatureID="-1" href="OSS_HLP_BM_EDIT.html">Editar favoritos</target>
   </keywords>
   <keywords>
      <text FeatureID="-1">web</text>
      <target FeatureID="-1" href="OSS_HLP_BM_ADDBM.html">Añadir favoritos</target>
      <target FeatureID="true_167" href="OSS_HLP_RSS_ADD.html">Añadir infos web</target>
      <target FeatureID="-1" href="OSS_HLP_PAGEVIEW.html">Navegar por la web</target>
      <target FeatureID="-1" href="OSS_HLP_BM_EDIT.html">Editar favoritos</target>
      <target FeatureID="true_167" href="OSS_HLP_RSS_EDIT.html">Editar infos web</target>
      <target FeatureID="true_167" href="OSS_HLP_RSS_ARTICLE.html">Artículos de infos web</target>
      <target FeatureID="true_167" href="OSS_HLP_RSS_ARTICLELST.html">Infos web</target>
      <target FeatureID="true_167" href="OSS_HLP_RSS_MAIN.html">Infos web y blogs</target>
   </keywords>
   <keywords>
      <text FeatureID="true_167">infos</text>
      <target FeatureID="true_167" href="OSS_HLP_RSS_ADD.html">Añadir infos web</target>
      <target FeatureID="true_167" href="OSS_HLP_RSS_EDIT.html">Editar infos web</target>
      <target FeatureID="true_167" href="OSS_HLP_RSS_ARTICLE.html">Artículos de infos web</target>
      <target FeatureID="true_167" href="OSS_HLP_RSS_ARTICLELST.html">Infos web</target>
      <target FeatureID="true_167" href="OSS_HLP_RSS_MAIN.html">Infos web y blogs</target>
   </keywords>
   <keywords>
      <text FeatureID="true_167">infos RSS</text>
      <target FeatureID="true_167" href="OSS_HLP_RSS_ADD.html">Añadir infos web</target>
      <target FeatureID="true_167" href="OSS_HLP_RSS_ARTICLELST.html">Infos web</target>
      <target FeatureID="true_167" href="OSS_HLP_RSS_MAIN.html">Infos web y blogs</target>
   </keywords>
   <keywords>
      <text FeatureID="true_167">noticias y blogs</text>
      <target FeatureID="true_167" href="OSS_HLP_RSS_ADD.html">Añadir infos web</target>
      <target FeatureID="true_167" href="OSS_HLP_RSS_EDIT.html">Editar infos web</target>
      <target FeatureID="true_167" href="OSS_HLP_RSS_ARTICLE.html">Artículos de infos web</target>
      <target FeatureID="true_167" href="OSS_HLP_RSS_ARTICLELST.html">Infos web</target>
      <target FeatureID="true_167" href="OSS_HLP_RSS_MAIN.html">Infos web y blogs</target>
   </keywords>
   <keywords>
      <text FeatureID="true_167">blogs</text>
      <target FeatureID="true_167" href="OSS_HLP_RSS_ADD.html">Añadir infos web</target>
      <target FeatureID="true_167" href="OSS_HLP_RSS_EDIT.html">Editar infos web</target>
      <target FeatureID="true_167" href="OSS_HLP_RSS_ARTICLE.html">Artículos de infos web</target>
      <target FeatureID="true_167" href="OSS_HLP_RSS_ARTICLELST.html">Infos web</target>
      <target FeatureID="true_167" href="OSS_HLP_RSS_MAIN.html">Infos web y blogs</target>
   </keywords>
   <keywords>
      <text FeatureID="-1">navegación por páginas</text>
      <target FeatureID="-1" href="OSS_HLP_PAGEVIEW.html">Navegar por la web</target>
   </keywords>
   <keywords>
      <text FeatureID="-1">navegador</text>
      <target FeatureID="-1" href="OSS_HLP_BM_MAIN.html">Navegar por favoritos</target>
   </keywords>
   <keywords>
      <text FeatureID="true_167">infos rss</text>
      <target FeatureID="true_167" href="OSS_HLP_RSS_EDIT.html">Editar infos web</target>
      <target FeatureID="true_167" href="OSS_HLP_RSS_ARTICLE.html">Artículos de infos web</target>
   </keywords>
   <keywords>
      <text FeatureID="-1">ajustes del navegador</text>
      <target FeatureID="-1" href="OSS_HLP_SETTINGS_GENERAL.html">Ajustes generales</target>
      <target FeatureID="-1" href="OSS_HLP_SETTINGS_PAGE.html">Ajustes de página</target>
      <target FeatureID="-1" href="OSS_HLP_SETTINGS_PRIVACY.html">Ajustes de privacidad</target>
      <target FeatureID="true_167" href="OSS_HLP_SETTINGS_RSS.html">Ajustes de infos web</target>
      <target FeatureID="-1" href="OSS_HLP_SETTINGS_FOLDERS.html">Ajustes de web</target>
      <target FeatureID="false_410" href="OSS_HLP_SHORTCUTS.html">Accesos directos de la barra de herramientas</target>
      <target FeatureID="false_410" href="OSS_HLP_KEYPAD.html">Accesos directos de teclado</target>
   </keywords>
   <keywords>
      <text FeatureID="-1">ajustes de Internet</text>
      <target FeatureID="-1" href="OSS_HLP_SETTINGS_GENERAL.html">Ajustes generales</target>
      <target FeatureID="-1" href="OSS_HLP_SETTINGS_PAGE.html">Ajustes de página</target>
      <target FeatureID="-1" href="OSS_HLP_SETTINGS_PRIVACY.html">Ajustes de privacidad</target>
      <target FeatureID="true_167" href="OSS_HLP_SETTINGS_RSS.html">Ajustes de infos web</target>
      <target FeatureID="-1" href="OSS_HLP_SETTINGS_FOLDERS.html">Ajustes de web</target>
      <target FeatureID="false_410" href="OSS_HLP_KEYPAD.html">Accesos directos de teclado</target>
   </keywords>
   <keywords>
      <text FeatureID="-1">configuración para web</text>
      <target FeatureID="-1" href="OSS_HLP_SETTINGS_PAGE.html">Ajustes de página</target>
      <target FeatureID="true_167" href="OSS_HLP_SETTINGS_RSS.html">Ajustes de infos web</target>
      <target FeatureID="-1" href="OSS_HLP_SETTINGS_FOLDERS.html">Ajustes de web</target>
   </keywords>
   <keywords>
      <text FeatureID="-1">ajustes de privacidad</text>
      <target FeatureID="-1" href="OSS_HLP_SETTINGS_PRIVACY.html">Ajustes de privacidad</target>
   </keywords>
   <keywords>
      <text FeatureID="-1">abrir página específica</text>
      <target FeatureID="-1" href="OSS_HLP_PAGEVIEW_EMBED.html">Web en aplicaciones</target>
   </keywords>
   <keywords>
      <text FeatureID="-1">web en aplicaciones</text>
      <target FeatureID="-1" href="OSS_HLP_PAGEVIEW_EMBED.html">Web en aplicaciones</target>
   </keywords>
   <keywords>
      <text FeatureID="false_410">ajustes web</text>
      <target FeatureID="false_410" href="OSS_HLP_SHORTCUTS.html">Accesos directos de la barra de herramientas</target>
   </keywords>
</keywords>