<?xml version="1.0" encoding="UTF-8"?>
<keywords>
   <keywords>
      <text FeatureID="-1">VPN (虛擬私人網路)</text>
      <target FeatureID="-1" href="SET_HLP_VPN_LOG_VIEW.html">VPN 記錄</target>
      <target FeatureID="-1" href="SET_HLP_VPN_CONFIG_MAIN.html">VPN 管理</target>
      <target FeatureID="-1" href="SET_HLP_VPN_POLICY_VIEW.html">VPN 原則</target>
      <target FeatureID="-1" href="SET_HLP_VPN_POLICY_SERVERS.html">VPN 原則伺服器</target>
      <target FeatureID="-1" href="SET_HLP_VPN_POLICY_SERVER_SET.html">VPN 伺服器設定</target>
   </keywords>
</keywords>