<?xml version="1.0" encoding="UTF-8"?>
<keywords>
   <keywords>
      <text FeatureID="-1">reenvío de mensajes</text>
      <target FeatureID="-1" href="MMS_HLP_MMS_FWD_REQUEST.html">Reenviar mensajes multimedia</target>
   </keywords>
   <keywords>
      <text FeatureID="-1">mensajes multimedia</text>
      <target FeatureID="-1" href="MMS_HLP_MMS_FWD_REQUEST_SEND.html">Reenvío necesario en elementos enviados</target>
      <target FeatureID="-1" href="MMS_HLP_MMS_VIEWER.html">Ver mensajes multimedia</target>
   </keywords>
   <keywords>
      <text FeatureID="-1">notificaciones multimedia</text>
      <target FeatureID="-1" href="MMS_HLP_NOTIFICATION_VIEWER.html">Notificaciones multimedia</target>
   </keywords>
   <keywords>
      <text FeatureID="-1">objetos multimedia</text>
      <target FeatureID="-1" href="MMS_HLP_OBJECTS_VIEW_VIEWER.html">Ver objetos multimedia</target>
      <target FeatureID="-1" href="MMS_HLP_OBJECTS_VIEW_VIEWER.html">Ver objetos multimedia</target>
   </keywords>
   <keywords>
      <text FeatureID="-1">MMS</text>
      <target FeatureID="-1" href="MMS_HLP_MMS_VIEWER.html">Ver mensajes multimedia</target>
   </keywords>
</keywords>