<?xml version="1.0" encoding="UTF-8"?>
<keywords>
   <keywords>
      <text FeatureID="-1">conjunto de músicas</text>
      <target FeatureID="-1" href="MUS_HLP_MUSIC_SUITE_VIEW.html">Conjunto de músicas</target>
   </keywords>
   <keywords>
      <text FeatureID="-1">music player</text>
      <target FeatureID="-1" href="MUS_HLP_TRACKS_VIEW.html">Músicas</target>
      <target FeatureID="-1" href="MUS_HLP_CATEGORY_VIEW.html">Categorias de música</target>
      <target FeatureID="-1" href="MUS_HLP_PODCAST_MAIN_VIEW.html">Podcasts</target>
      <target FeatureID="-1" href="MUS_HLP_PODCAST_EPISODES.html">Episódios de podcast</target>
      <target FeatureID="-1" href="MUS_HLP_PLAYLISTS_VIEW.html">Listas de reprodução de músicas</target>
      <target FeatureID="-1" href="MUS_HLP_DOWNLOAD_PLAYBACK_VIEW.html">Reproduzir música na Web</target>
      <target FeatureID="-1" href="MUS_HLP_PLAYBACK_VIEW.html">Repr. música</target>
      <target FeatureID="-1" href="MUS_HLP_LIB_MAIN_VIEW.html">Bibl. musical</target>
      <target FeatureID="-1" href="MUS_HLP_METADATA_EDITING.html">Editar informações sobre músicas</target>
      <target FeatureID="-1" href="MUS_HLP_ALBUM_ART_EDITING.html">Editar arte do álbum</target>
      <target FeatureID="-1" href="MUS_HLP_AUDIO_SETT.html">Configurações de áudio</target>
   </keywords>
   <keywords>
      <text FeatureID="-1">podcasting</text>
      <target FeatureID="-1" href="MUS_HLP_PODCAST_MAIN_VIEW.html">Podcasts</target>
      <target FeatureID="-1" href="MUS_HLP_PODCAST_EPISODES.html">Episódios de podcast</target>
   </keywords>
   <keywords>
      <text FeatureID="-1">listas de reprodução</text>
      <target FeatureID="-1" href="MUS_HLP_PLAYLISTS_VIEW.html">Listas de reprodução de músicas</target>
   </keywords>
   <keywords>
      <text FeatureID="-1">arte do álbum</text>
      <target FeatureID="-1" href="MUS_HLP_ALBUM_ART_EDITING.html">Editar arte do álbum</target>
   </keywords>
   <keywords>
      <text FeatureID="-1">reforço de graves</text>
      <target FeatureID="-1" href="MUS_HLP_AUDIO_SETT.html">Configurações de áudio</target>
   </keywords>
   <keywords>
      <text FeatureID="-1">efeito estéreo</text>
      <target FeatureID="-1" href="MUS_HLP_AUDIO_SETT.html">Configurações de áudio</target>
   </keywords>
</keywords>