<?xml version="1.0" encoding="UTF-8"?>
<keywords>
   <keywords>
      <text FeatureID="-1">vahetuskursid</text>
      <target FeatureID="-1" href="CNV_HLP_RATES.html">Valuutaseaded</target>
   </keywords>
   <keywords>
      <text FeatureID="-1">põhivaluuta</text>
      <target FeatureID="-1" href="CNV_HLP_RATES.html">Valuutaseaded</target>
   </keywords>
   <keywords>
      <text FeatureID="-1">valuuta konverteerimine</text>
      <target FeatureID="-1" href="CNV_HLP_RATES.html">Valuutaseaded</target>
      <target FeatureID="-1" href="CNV_HLP_MAIN_STATE.html">Ühikute teisendamine</target>
   </keywords>
   <keywords>
      <text FeatureID="-1">teisendi</text>
      <target FeatureID="-1" href="CNV_HLP_MAIN_STATE.html">Ühikute teisendamine</target>
   </keywords>
</keywords>