<?xml version="1.0" encoding="UTF-8"?>
<keywords>
   <keywords>
      <text FeatureID="-1">mga mensaheng cell broadcast</text>
      <target FeatureID="-1" href="CBS_HLP_TOPIC_VIEW.html">Mga mensahe ng cell broadcast</target>
      <target FeatureID="-1" href="CBS_HLP_MAIN.html">Mga paksa ng cell broadcast</target>
      <target FeatureID="-1" href="CBS_HLP_MSG.html">Tingnan ang mga mensaheng CBS</target>
   </keywords>
   <keywords>
      <text FeatureID="-1">mga paksa ng cell broadcast</text>
      <target FeatureID="-1" href="CBS_HLP_MAIN.html">Mga paksa ng cell broadcast</target>
   </keywords>
</keywords>