<?xml version="1.0" encoding="UTF-8"?>
<keywords>
   <keywords>
      <text FeatureID="-1">настр. съобщ. усл.</text>
      <target FeatureID="-1" href="WPUSH_HLP_SETTINGS.html">Настр. съобщ. усл.</target>
   </keywords>
   <keywords>
      <text FeatureID="-1">принудителни съобщения</text>
      <target FeatureID="-1" href="WPUSH_HLP_VIEWER.html">Преглед на съобщения за услуги</target>
   </keywords>
   <keywords>
      <text FeatureID="-1">съобщения за услуги</text>
      <target FeatureID="-1" href="WPUSH_HLP_VIEWER.html">Преглед на съобщения за услуги</target>
   </keywords>
</keywords>