<?xml version="1.0" encoding="UTF-8"?><?xml-stylesheet  href="../../theme/xsl/index2html.xslt" type="text/xsl"?>
<topics FeatureID="-1" title="Cámara" compressed="true">
   <topicref FeatureID="-1" href="LCAM_HLP_VIEWFINDER_PHOTO.html" navtitle="Capturar imág."/>
   <topicref FeatureID="-1" href="LCAM_HLP_LIGHT_SENSITIVITY.html" navtitle="Camb. sensibilid. de luz"/>
   <topicref FeatureID="-1" href="LCAM_HLP_SETTINGS_PHOUSER.html" navtitle="Definir escenas"/>
   <topicref FeatureID="-1" href="LCAM_HLP_SCENES_PHOTO.html" navtitle="Escenas imag."/>
   <topicref FeatureID="-1" href="LCAM_HLP_SETTINGS.html" navtitle="Configuraciones de la cámara"/>
   <topicref FeatureID="-1" href="LCAM_HLP_SETTINGS_PHOTO.html" navtitle="Config. imagen"/>
   <topicref FeatureID="-1" href="LCAM_HLP_VIEWFINDER_VIDEO.html" navtitle="Grabar videoclips"/>
   <topicref FeatureID="-1" href="LCAM_HLP_SCENES_VIDEO.html" navtitle="Escenas video"/>
   <topicref FeatureID="-1" href="LCAM_HLP_SETTINGS_VIDEO.html" navtitle="Config. video"/>
   <topicref FeatureID="-1" href="LCAM_HLP_VIEWFINDER_VIDEO_EM.html" navtitle="Videos en aplicaciones"/>
   <topicref FeatureID="-1" href="LCAM_HLP_STANDBY_EM.html" navtitle="Cámara no activa"/>
   <topicref FeatureID="-1" href="LCAM_HLP_POST_VIDEO.html" navtitle="Reprod. videoclips"/>
   <topicref FeatureID="-1" href="LCAM_HLP_VIEWFINDER_PHOTO_EM.html" navtitle="Imág. en aplicaciones"/>
   <topicref FeatureID="-1" href="LCAM_HLP_POST_PHOTO.html" navtitle="Ver imág. capturadas"/>
</topics>