<?xml version="1.0" encoding="UTF-8"?>
<keywords>
   <keywords>
      <text FeatureID="-1">cámara</text>
      <target FeatureID="-1" href="LCAM_HLP_VIEWFINDER_PHOTO.html">Capturar imág.</target>
      <target FeatureID="-1" href="LCAM_HLP_LIGHT_SENSITIVITY.html">Camb. sensibilid. de luz</target>
      <target FeatureID="-1" href="LCAM_HLP_SETTINGS_PHOUSER.html">Definir escenas</target>
      <target FeatureID="-1" href="LCAM_HLP_SCENES_PHOTO.html">Escenas imag.</target>
      <target FeatureID="-1" href="LCAM_HLP_VIEWFINDER_VIDEO.html">Grabar videoclips</target>
      <target FeatureID="-1" href="LCAM_HLP_SCENES_VIDEO.html">Escenas video</target>
      <target FeatureID="-1" href="LCAM_HLP_VIEWFINDER_VIDEO_EM.html">Videos en aplicaciones</target>
      <target FeatureID="-1" href="LCAM_HLP_STANDBY_EM.html">Cámara no activa</target>
      <target FeatureID="-1" href="LCAM_HLP_POST_VIDEO.html">Reprod. videoclips</target>
      <target FeatureID="-1" href="LCAM_HLP_POST_PHOTO.html">Ver imág. capturadas</target>
   </keywords>
   <keywords>
      <text FeatureID="-1">captura de imágenes</text>
      <target FeatureID="-1" href="LCAM_HLP_VIEWFINDER_PHOTO.html">Capturar imág.</target>
   </keywords>
   <keywords>
      <text FeatureID="-1">sensibilidad de la luz</text>
      <target FeatureID="-1" href="LCAM_HLP_LIGHT_SENSITIVITY.html">Camb. sensibilid. de luz</target>
   </keywords>
   <keywords>
      <text FeatureID="-1">escenas</text>
      <target FeatureID="-1" href="LCAM_HLP_SETTINGS_PHOUSER.html">Definir escenas</target>
      <target FeatureID="-1" href="LCAM_HLP_SCENES_PHOTO.html">Escenas imag.</target>
   </keywords>
   <keywords>
      <text FeatureID="-1">configuraciones de la cámara</text>
      <target FeatureID="-1" href="LCAM_HLP_SETTINGS.html">Configuraciones de la cámara</target>
   </keywords>
   <keywords>
      <text FeatureID="-1">cámara, configuraciones</text>
      <target FeatureID="-1" href="LCAM_HLP_SETTINGS_PHOTO.html">Config. imagen</target>
      <target FeatureID="-1" href="LCAM_HLP_SETTINGS_VIDEO.html">Config. video</target>
   </keywords>
   <keywords>
      <text FeatureID="-1">grabar video</text>
      <target FeatureID="-1" href="LCAM_HLP_VIEWFINDER_VIDEO.html">Grabar videoclips</target>
   </keywords>
   <keywords>
      <text FeatureID="-1">escenas de video</text>
      <target FeatureID="-1" href="LCAM_HLP_SCENES_VIDEO.html">Escenas video</target>
   </keywords>
   <keywords>
      <text FeatureID="-1">video, configuraciones</text>
      <target FeatureID="-1" href="LCAM_HLP_SETTINGS_VIDEO.html">Config. video</target>
   </keywords>
   <keywords>
      <text FeatureID="-1">videoclips en aplicaciones</text>
      <target FeatureID="-1" href="LCAM_HLP_VIEWFINDER_VIDEO_EM.html">Videos en aplicaciones</target>
   </keywords>
   <keywords>
      <text FeatureID="-1">reproducción de videoclips</text>
      <target FeatureID="-1" href="LCAM_HLP_POST_VIDEO.html">Reprod. videoclips</target>
   </keywords>
   <keywords>
      <text FeatureID="-1">cámara en aplicaciones</text>
      <target FeatureID="-1" href="LCAM_HLP_VIEWFINDER_PHOTO_EM.html">Imág. en aplicaciones</target>
   </keywords>
   <keywords>
      <text FeatureID="-1">ver imágenes</text>
      <target FeatureID="-1" href="LCAM_HLP_POST_PHOTO.html">Ver imág. capturadas</target>
   </keywords>
</keywords>