<?xml version="1.0" encoding="UTF-8"?>
<keywords>
   <keywords>
      <text FeatureID="-1">cámara</text>
      <target FeatureID="-1" href="LCAM_HLP_VIEWFINDER_PHOTO.html">Capturar imágenes</target>
      <target FeatureID="false_410" href="LCAM_HLP_LIGHT_SENSITIVITY.html">Cambiar sensibilidad a la luz</target>
      <target FeatureID="-1" href="LCAM_HLP_SCENES_PHOTO.html">Escenas imag.</target>
      <target FeatureID="-1" href="LCAM_HLP_VIEWFINDER_VIDEO.html">Grabar videoclips</target>
      <target FeatureID="false_410" href="LCAM_HLP_SCENES_VIDEO.html">Escenas de video</target>
      <target FeatureID="-1" href="LCAM_HLP_VIEWFINDER_VIDEO_EM.html">Videos en aplicaciones</target>
      <target FeatureID="false_410" href="LCAM_HLP_STANDYBY_EM.html">Cámara no activa</target>
      <target FeatureID="-1" href="LCAM_HLP_POST_VIDEO.html">Reproducir videoclips</target>
      <target FeatureID="-1" href="LCAM_HLP_POST_PHOTO.html">Ver imágenes capturadas</target>
      <target FeatureID="true_132" href="LCAM_HLP_POST_SEQ.html">Ver imág. capturadas en secuencia</target>
   </keywords>
   <keywords>
      <text FeatureID="-1">captura de imágenes</text>
      <target FeatureID="-1" href="LCAM_HLP_VIEWFINDER_PHOTO.html">Capturar imágenes</target>
   </keywords>
   <keywords>
      <text FeatureID="false_410">sensibilidad a la luz</text>
      <target FeatureID="false_410" href="LCAM_HLP_LIGHT_SENSITIVITY.html">Cambiar sensibilidad a la luz</target>
   </keywords>
   <keywords>
      <text FeatureID="-1">escenas de cámara</text>
      <target FeatureID="-1" href="LCAM_HLP_SETTINGS_PHOUSER.html">Definir escenas</target>
   </keywords>
   <keywords>
      <text FeatureID="-1">escenas</text>
      <target FeatureID="-1" href="LCAM_HLP_SCENES_PHOTO.html">Escenas imag.</target>
   </keywords>
   <keywords>
      <text FeatureID="-1">configuraciones de la cámara</text>
      <target FeatureID="-1" href="LCAM_HLP_SETTINGS.html">Configuraciones de la cámara</target>
   </keywords>
   <keywords>
      <text FeatureID="-1">cámara, configuraciones</text>
      <target FeatureID="-1" href="LCAM_HLP_SETTINGS_PHOTO.html">Config. imagen</target>
      <target FeatureID="-1" href="LCAM_HLP_SETTINGS_VIDEO.html">Config. video</target>
   </keywords>
   <keywords>
      <text FeatureID="-1">grabar video</text>
      <target FeatureID="-1" href="LCAM_HLP_VIEWFINDER_VIDEO.html">Grabar videoclips</target>
   </keywords>
   <keywords>
      <text FeatureID="false_410">escenas de video</text>
      <target FeatureID="false_410" href="LCAM_HLP_SCENES_VIDEO.html">Escenas de video</target>
   </keywords>
   <keywords>
      <text FeatureID="-1">video, configuraciones</text>
      <target FeatureID="-1" href="LCAM_HLP_SETTINGS_VIDEO.html">Config. video</target>
   </keywords>
   <keywords>
      <text FeatureID="-1">videoclips en aplicaciones</text>
      <target FeatureID="-1" href="LCAM_HLP_VIEWFINDER_VIDEO_EM.html">Videos en aplicaciones</target>
   </keywords>
   <keywords>
      <text FeatureID="-1">reproducción de videoclips</text>
      <target FeatureID="-1" href="LCAM_HLP_POST_VIDEO.html">Reproducir videoclips</target>
   </keywords>
   <keywords>
      <text FeatureID="-1">cámara en aplicaciones</text>
      <target FeatureID="-1" href="LCAM_HLP_VIEWFINDER_PHOTO_EM.html">Imágenes en aplicaciones</target>
   </keywords>
   <keywords>
      <text FeatureID="-1">ver imágenes</text>
      <target FeatureID="-1" href="LCAM_HLP_POST_PHOTO.html">Ver imágenes capturadas</target>
   </keywords>
   <keywords>
      <text FeatureID="true_132">modo de secuencia</text>
      <target FeatureID="true_132" href="LCAM_HLP_POST_SEQ.html">Ver imág. capturadas en secuencia</target>
   </keywords>
</keywords>