<?xml version="1.0" encoding="UTF-8"?>
<keywords>
   <keywords>
      <text FeatureID="true_11008 false_11008">εγγραφή συσκευής</text>
      <target FeatureID="true_11008" href="DRM_HLP_REGISTRATION_METERING.html">Εγγραφή συσκευής</target>
      <target FeatureID="false_11008" href="DRM_HLP_REGISTRATION.html">Εγγραφή συσκευής</target>
   </keywords>
   <keywords>
      <text FeatureID="true_11008">απόκτηση σιωπηρών δικαιωμάτων</text>
      <target FeatureID="true_11008" href="DRM_HLP_REGISTRATION_METERING.html">Εγγραφή συσκευής</target>
   </keywords>
   <keywords>
      <text FeatureID="true_11008">μέτρηση</text>
      <target FeatureID="true_11008" href="DRM_HLP_REGISTRATION_METERING.html">Εγγραφή συσκευής</target>
   </keywords>
</keywords>