<?xml version="1.0" encoding="UTF-8"?>
<keywords>
   <keywords>
      <text FeatureID="-1">kuvaaminen, äänet</text>
      <target FeatureID="-1" href="VOREC_HLP_EMPTY_RECORDER.html">Äänitteiden tallennus</target>
   </keywords>
   <keywords>
      <text FeatureID="-1">äänitys</text>
      <target FeatureID="-1" href="VOREC_HLP_MAIN.html">Äänityksen käyttö</target>
   </keywords>
   <keywords>
      <text FeatureID="-1">äänitteiden äänitys</text>
      <target FeatureID="-1" href="VOREC_HLP_MAIN.html">Äänityksen käyttö</target>
   </keywords>
   <keywords>
      <text FeatureID="-1">äänityksen asetukset</text>
      <target FeatureID="-1" href="VOREC_HLP_SETTINGS.html">Äänityksen asetukset</target>
   </keywords>
</keywords>