<?xml version="1.0" encoding="UTF-8"?>
<keywords>
   <keywords>
      <text FeatureID="-1">chatbeskeder</text>
      <target FeatureID="-1" href="SERVTAB_HLP_CONVERSATION.html">Sende chatbeskeder</target>
   </keywords>
   <keywords>
      <text FeatureID="-1">chatte</text>
      <target FeatureID="-1" href="SERVTAB_HLP_CONVERSATION.html">Sende chatbeskeder</target>
   </keywords>
   <keywords>
      <text FeatureID="-1">samtaler</text>
      <target FeatureID="-1" href="SERVTAB_HLP_CONVERSATION.html">Sende chatbeskeder</target>
   </keywords>
</keywords>