<?xml version="1.0" encoding="UTF-8"?>
<keywords>
   <keywords>
      <text FeatureID="-1">لغتنامه</text>
      <target FeatureID="-1" href="DICTIONARY_HLP_MAIN_TAB1.html">لغتنامه</target>
   </keywords>
   <keywords>
      <text FeatureID="-1">در حال ترجمه</text>
      <target FeatureID="-1" href="DICTIONARY_HLP_MAIN_TAB1.html">لغتنامه</target>
   </keywords>
   <keywords>
      <text FeatureID="-1">لغتنامه, ترجمه</text>
      <target FeatureID="-1" href="DICTIONARY_HLP_RESULTS.html">نتایج ترجمه</target>
   </keywords>
</keywords>