<?xml version="1.0" encoding="UTF-8"?>
<keywords>
   <keywords>
      <text FeatureID="-1">tiedonsiirto</text>
      <target FeatureID="-1" href="SWITCH_HLP_EDIT_SHORTCUT.html">Pikavalinta-asetukset</target>
      <target FeatureID="-1" href="SWITCH_HLP_MAIN.html">Tietojen siirto</target>
      <target FeatureID="-1" href="SWITCH_HLP_LOG.html">Siirtoloki</target>
   </keywords>
   <keywords>
      <text FeatureID="-1">tietojen siirtäminen</text>
      <target FeatureID="-1" href="SWITCH_HLP_EDIT_SHORTCUT.html">Pikavalinta-asetukset</target>
      <target FeatureID="-1" href="SWITCH_HLP_MAIN.html">Tietojen siirto</target>
   </keywords>
   <keywords>
      <text FeatureID="-1">pikavalinnat</text>
      <target FeatureID="-1" href="SWITCH_HLP_EDIT_SHORTCUT.html">Pikavalinta-asetukset</target>
   </keywords>
   <keywords>
      <text FeatureID="-1">tiedonsiirto, ristiriidat</text>
      <target FeatureID="-1" href="SWITCH_HLP_CONFLICT.html">Siirtoristiriidat</target>
   </keywords>
   <keywords>
      <text FeatureID="-1">sisällön kopioiminen</text>
      <target FeatureID="-1" href="SWITCH_HLP_MAIN.html">Tietojen siirto</target>
   </keywords>
   <keywords>
      <text FeatureID="-1">siirtoloki</text>
      <target FeatureID="-1" href="SWITCH_HLP_LOG.html">Siirtoloki</target>
   </keywords>
</keywords>