<?xml version="1.0" encoding="UTF-8"?>
<keywords>
   <keywords>
      <text FeatureID="-1">Fotografije</text>
      <target FeatureID="-1" href="LGAL_HLP_ALBUM_LIST.html">Albumi</target>
      <target FeatureID="-1" href="LGAL_HLP_ALL_GRID.html">Pregledavanje svih medijskih datoteka</target>
      <target FeatureID="-1" href="LGAL_HLP_ALBUM_GRID.html">Pregledavanje medijskih datoteka u albumima</target>
      <target FeatureID="-1" href="LGAL_HLP_TAGS_GRID.html">Pregledavanje označenih medijskih datoteka</target>
      <target FeatureID="-1" href="LGAL_HLP_DETAILS_VIEW.html">Prikaz i uređivanje pojedinosti datoteke</target>
      <target FeatureID="-1" href="LGAL_HLP_TAGS_BROWSER.html">Oznake</target>
      <target FeatureID="-1" href="LGAL_HLP_MONTH_FULLSCREEN.html">Prikažite medijske datoteke prema mjesecu.</target>
      <target FeatureID="-1" href="LGAL_HLP_MONTH_GRID.html">Pregledavanje medijskih datoteka prema mjesecu</target>
      <target FeatureID="-1" href="LGAL_HLP_VIEW_LIST.html">Fotografije</target>
      <target FeatureID="-1" href="LGAL_HLP_MONTH_LIST.html">Mjeseci</target>
      <target FeatureID="-1" href="LGAL_HLP_SLIDESHOW_SETTINGS.html">Postavke dijaprojekcije</target>
      <target FeatureID="-1" href="LGAL_HLP_ALL_FULLSCREEN.html">Prikazivanje svih medijskih datoteka</target>
      <target FeatureID="-1" href="LGAL_HLP_ALBUM_FULLSCREEN.html">Prikaz medijskih datoteka u albumima</target>
      <target FeatureID="-1" href="LGAL_HLP_TAGS_FULLSCREEN.html">Prikaz označenih medijskih datoteka</target>
   </keywords>
   <keywords>
      <text FeatureID="-1">albumi</text>
      <target FeatureID="-1" href="LGAL_HLP_ALBUM_LIST.html">Albumi</target>
      <target FeatureID="-1" href="LGAL_HLP_ALBUM_GRID.html">Pregledavanje medijskih datoteka u albumima</target>
      <target FeatureID="-1" href="LGAL_HLP_VIEW_LIST.html">Fotografije</target>
      <target FeatureID="-1" href="LGAL_HLP_ALBUM_FULLSCREEN.html">Prikaz medijskih datoteka u albumima</target>
   </keywords>
   <keywords>
      <text FeatureID="-1">oznake</text>
      <target FeatureID="-1" href="LGAL_HLP_TAGS_GRID.html">Pregledavanje označenih medijskih datoteka</target>
      <target FeatureID="-1" href="LGAL_HLP_TAGS_BROWSER.html">Oznake</target>
      <target FeatureID="-1" href="LGAL_HLP_VIEW_LIST.html">Fotografije</target>
      <target FeatureID="-1" href="LGAL_HLP_TAGS_FULLSCREEN.html">Prikaz označenih medijskih datoteka</target>
   </keywords>
   <keywords>
      <text FeatureID="-1">dijaprojekcija</text>
      <target FeatureID="-1" href="LGAL_HLP_SLIDESHOW_SETTINGS.html">Postavke dijaprojekcije</target>
   </keywords>
</keywords>