<?xml version="1.0" encoding="UTF-8"?>
<keywords>
   <keywords>
      <text FeatureID="-1">Quickoffice, správce souborů</text>
      <target FeatureID="-1" href="QFM_HLP_FILE_MENU.html">Správce souborů</target>
   </keywords>
   <keywords>
      <text FeatureID="-1">Quickoffice</text>
      <target FeatureID="-1" href="QFM_HLP_LOC_MENU.html">Quickoffice</target>
   </keywords>
   <keywords>
      <text FeatureID="-1">Quickpoint</text>
      <target FeatureID="-1" href="QPOINT_HLP_EDIT_SLIDE_VIEW.html">Úpravy snímků</target>
      <target FeatureID="-1" href="QPOINT_HLP_REPLACE_VIEW.html">Hledání a nahrazování textu</target>
      <target FeatureID="-1" href="QPOINT_HLP_FIND_VIEW.html">Hledání textu</target>
      <target FeatureID="-1" href="QPOINT_HLP_VIEW_SLIDE_VIEW.html">Zobrazení snímků</target>
   </keywords>
   <keywords>
      <text FeatureID="-1">Quickpoint, text</text>
      <target FeatureID="-1" href="QPOINT_HLP_EDIT_TEXT_VIEW.html">Úpravy textu</target>
   </keywords>
   <keywords>
      <text FeatureID="-1">Quickpoint, komentáře</text>
      <target FeatureID="-1" href="QPOINT_HLP_COMMENT_VIEW.html">Zobrazení komentářů</target>
   </keywords>
   <keywords>
      <text FeatureID="-1">Quickpoint, poznámky</text>
      <target FeatureID="-1" href="QPOINT_HLP_VIEW_NOTES_VIEW.html">Prohlížení poznámek</target>
   </keywords>
   <keywords>
      <text FeatureID="-1">Quickpoint, osnovy</text>
      <target FeatureID="-1" href="QPOINT_HLP_VIEW_OUTLINE_VIEW.html">Zobrazení osnovy</target>
   </keywords>
   <keywords>
      <text FeatureID="-1">Quicksheet, buňky</text>
      <target FeatureID="-1" href="QSHEET_HLP_CELLS_EDIT.html">Úpravy buněk</target>
      <target FeatureID="-1" href="QSHEET_HLP_VIEW_CELL.html">Zobrazení buněk</target>
   </keywords>
   <keywords>
      <text FeatureID="-1">Quicksheet, sloupce</text>
      <target FeatureID="-1" href="QSHEET_HLP_EDIT_COLUMN.html">Úpravy sloupců</target>
   </keywords>
   <keywords>
      <text FeatureID="-1">Quicksheet, oblasti</text>
      <target FeatureID="-1" href="QSHEET_HLP_EDIT_RANGE.html">Úpravy oblastí</target>
   </keywords>
   <keywords>
      <text FeatureID="-1">Quicksheet, řádky</text>
      <target FeatureID="-1" href="QSHEET_HLP_EDIT_ROW.html">Úpravy řádků</target>
   </keywords>
   <keywords>
      <text FeatureID="-1">Quicksheet</text>
      <target FeatureID="-1" href="QSHEET_HLP_REPLACE_VIEW.html">Hledání a nahrazování textu</target>
      <target FeatureID="-1" href="QSHEET_HLP_FIND_VIEW.html">Hledání textu</target>
      <target FeatureID="-1" href="QSHEET_HLP_CELLS_VIEW.html">Zobrazení tabulek</target>
   </keywords>
   <keywords>
      <text FeatureID="-1">Quickword</text>
      <target FeatureID="-1" href="QWORD_HLP_EDIT_MODE.html">Úpravy dokumentů</target>
      <target FeatureID="-1" href="QWORD_HLP_FIND_MODE.html">Hledání a nahrazování textu</target>
      <target FeatureID="-1" href="QWORD_HLP_VIEW_MODE.html">Zobrazení dokumentů</target>
      <target FeatureID="-1" href="QWORD_HLP_PAGE_VIEW.html">Zobrazení rozvržení stránky</target>
   </keywords>
</keywords>