<?xml version="1.0" encoding="UTF-8"?>
<keywords>
   <keywords>
      <text FeatureID="-1">메시지 리더, 언어</text>
      <target FeatureID="-1" href="SPEECH_HLP_MAIN.html">음성 설정</target>
   </keywords>
   <keywords>
      <text FeatureID="-1">메시지 리더, 음성</text>
      <target FeatureID="-1" href="SPEECH_HLP_MAIN.html">음성 설정</target>
   </keywords>
   <keywords>
      <text FeatureID="-1">메시지 리더, 음성 정보</text>
      <target FeatureID="-1" href="SPEECH_HLP_VOICE.html">음성 정보</target>
   </keywords>
   <keywords>
      <text FeatureID="-1">메시지 리더, 설정</text>
      <target FeatureID="-1" href="SPEECH_HLP_MRSETTINGS.html">메시지 리더 설정</target>
   </keywords>
</keywords>