<?xml version="1.0" encoding="UTF-8"?><?xml-stylesheet  href="../../theme/xsl/index2html.xslt" type="text/xsl"?>
<topics FeatureID="-1" title="Logfiler" compressed="true">
   <topicref FeatureID="-1" href="GPRS_HLP_MAIN.html" navtitle="Pakkedata­forbindelser"/>
   <topicref FeatureID="-1" href="LOGS_HLP_COUNTER.html" navtitle="Opkalds- og datainfo"/>
   <topicref FeatureID="-1" href="LOGS_HLP_DETAIL.html" navtitle="Loghænd­elsesdetaljer"/>
   <topicref FeatureID="-1" href="LOGS_HLP_MAIN.html" navtitle="Log­oplysninger"/>
   <topicref FeatureID="-1" href="LOGS_HLP_SETTING.html" navtitle="Log­indstillinger"/>
   <topicref FeatureID="-1" href="STM_HLP_DIALLED.html" navtitle="Udgående opkald"/>
   <topicref FeatureID="-1" href="STM_HLP_MAIN.html" navtitle="Seneste opkald"/>
   <topicref FeatureID="-1" href="STM_HLP_MISSED.html" navtitle="Ubesvarede opkald"/>
   <topicref FeatureID="-1" href="STM_HLP_RECEIVED.html" navtitle="Indgående opkald"/>
   <topicref FeatureID="-1" href="TIMERS_HLP_MAIN.html" navtitle="Opkalds­varighed"/>
</topics>