<?xml version="1.0" encoding="UTF-8"?>
<keywords>
   <keywords>
      <text FeatureID="-1">pakkedata­forbindelser</text>
      <target FeatureID="-1" href="GPRS_HLP_MAIN.html">Pakkedata­forbindelser</target>
      <target FeatureID="-1" href="LOGS_HLP_COUNTER.html">Opkalds- og datainfo</target>
   </keywords>
   <keywords>
      <text FeatureID="-1">varighed af opkald</text>
      <target FeatureID="-1" href="LOGS_HLP_COUNTER.html">Opkalds- og datainfo</target>
      <target FeatureID="-1" href="TIMERS_HLP_MAIN.html">Opkalds­varighed</target>
   </keywords>
   <keywords>
      <text FeatureID="-1">seneste opkald</text>
      <target FeatureID="-1" href="LOGS_HLP_COUNTER.html">Opkalds- og datainfo</target>
      <target FeatureID="-1" href="STM_HLP_MAIN.html">Seneste opkald</target>
   </keywords>
   <keywords>
      <text FeatureID="-1">logfiler</text>
      <target FeatureID="-1" href="LOGS_HLP_DETAIL.html">Loghænd­elsesdetaljer</target>
      <target FeatureID="-1" href="LOGS_HLP_MAIN.html">Log­oplysninger</target>
   </keywords>
   <keywords>
      <text FeatureID="-1">log­indstillinger</text>
      <target FeatureID="-1" href="LOGS_HLP_SETTING.html">Log­indstillinger</target>
   </keywords>
   <keywords>
      <text FeatureID="-1">udgående opkald</text>
      <target FeatureID="-1" href="STM_HLP_DIALLED.html">Udgående opkald</target>
   </keywords>
   <keywords>
      <text FeatureID="-1">opkaldslog</text>
      <target FeatureID="-1" href="STM_HLP_MAIN.html">Seneste opkald</target>
   </keywords>
   <keywords>
      <text FeatureID="-1">ubesvarede opkald</text>
      <target FeatureID="-1" href="STM_HLP_MISSED.html">Ubesvarede opkald</target>
   </keywords>
   <keywords>
      <text FeatureID="-1">indgående opkald</text>
      <target FeatureID="-1" href="STM_HLP_RECEIVED.html">Indgående opkald</target>
   </keywords>
   <keywords>
      <text FeatureID="-1">besvarede opkald</text>
      <target FeatureID="-1" href="STM_HLP_RECEIVED.html">Indgående opkald</target>
   </keywords>
   <keywords>
      <text FeatureID="-1">opkalds­varighed</text>
      <target FeatureID="-1" href="TIMERS_HLP_MAIN.html">Opkalds­varighed</target>
   </keywords>
</keywords>