<?xml version="1.0" encoding="UTF-8"?>
<keywords>
   <keywords>
      <text FeatureID="-1">iššifravimas, atminties kortelė</text>
      <target FeatureID="-1" href="ES_HLP_ENCRYPTION_DECRYPT.html">Atminties kortelės iššifravimas</target>
   </keywords>
   <keywords>
      <text FeatureID="-1">užšifravimas, atminties kortelė</text>
      <target FeatureID="-1" href="ES_HLP_ENCRYPTION_ENCRYPT.html">Atminties kortelės užšifravimas</target>
   </keywords>
   <keywords>
      <text FeatureID="-1">užšifravimas, prietaiso atminties ir atminties kortelės</text>
      <target FeatureID="-1" href="ES_HLP_ENCRYPTION_MAIN.html">Užšifravimas arba iššifravimas</target>
   </keywords>
   <keywords>
      <text FeatureID="-1">iššifravimas, prietaiso atminties ir atminties kortelės</text>
      <target FeatureID="-1" href="ES_HLP_ENCRYPTION_MAIN.html">Užšifravimas arba iššifravimas</target>
   </keywords>
</keywords>