<?xml version="1.0" encoding="UTF-8"?>
<keywords>
   <keywords>
      <text FeatureID="-1">تعديل الضبط المسبق للتردد</text>
      <target FeatureID="-1" href="EQ_HLP_EDITING_VIEW.html">تعديل الضبط المسبق للتردد</target>
   </keywords>
   <keywords>
      <text FeatureID="-1">معادل الصوت</text>
      <target FeatureID="-1" href="EQ_HLP_LIST_VIEW.html">الضبط المسبق للتردد</target>
   </keywords>
   <keywords>
      <text FeatureID="-1">نطاقات التردد</text>
      <target FeatureID="-1" href="EQ_HLP_LIST_VIEW.html">الضبط المسبق للتردد</target>
   </keywords>
   <keywords>
      <text FeatureID="-1">تحديد الضبط المسبق للتردد</text>
      <target FeatureID="-1" href="EQ_HLP_LIST_VIEW.html">الضبط المسبق للتردد</target>
   </keywords>
</keywords>