<?xml version="1.0" encoding="UTF-8"?>
<keywords>
   <keywords>
      <text FeatureID="-1">adreces d'interès</text>
      <target FeatureID="-1" href="OSS_HLP_BM_ADDBM.html">Afegiu adreces d'interès</target>
      <target FeatureID="-1" href="OSS_HLP_BM_EDIT.html">Editeu adreces d'interès</target>
   </keywords>
   <keywords>
      <text FeatureID="-1">adreces d'interès del navegador</text>
      <target FeatureID="-1" href="OSS_HLP_BM_ADDBM.html">Afegiu adreces d'interès</target>
      <target FeatureID="-1" href="OSS_HLP_BM_MAIN.html">Navegueu per les adreces d'interès</target>
      <target FeatureID="-1" href="OSS_HLP_BM_EDIT.html">Editeu adreces d'interès</target>
   </keywords>
   <keywords>
      <text FeatureID="-1">web</text>
      <target FeatureID="-1" href="OSS_HLP_BM_ADDBM.html">Afegiu adreces d'interès</target>
      <target FeatureID="true_167" href="OSS_HLP_RSS_ADD.html">Afegiu canals d'informació</target>
      <target FeatureID="-1" href="OSS_HLP_PAGEVIEW.html">Navegueu per la web</target>
      <target FeatureID="-1" href="OSS_HLP_BM_EDIT.html">Editeu adreces d'interès</target>
      <target FeatureID="true_167" href="OSS_HLP_RSS_EDIT.html">Editar infos web</target>
      <target FeatureID="true_167" href="OSS_HLP_RSS_ARTICLE.html">Articles d'info web</target>
      <target FeatureID="true_167" href="OSS_HLP_RSS_ARTICLELST.html">Infos web</target>
      <target FeatureID="true_167" href="OSS_HLP_RSS_MAIN.html">Infos web i blogs</target>
   </keywords>
   <keywords>
      <text FeatureID="true_167">informació</text>
      <target FeatureID="true_167" href="OSS_HLP_RSS_ADD.html">Afegiu canals d'informació</target>
   </keywords>
   <keywords>
      <text FeatureID="true_167">Canals d'informació RSS</text>
      <target FeatureID="true_167" href="OSS_HLP_RSS_ADD.html">Afegiu canals d'informació</target>
   </keywords>
   <keywords>
      <text FeatureID="true_167">notícies i blogs</text>
      <target FeatureID="true_167" href="OSS_HLP_RSS_ADD.html">Afegiu canals d'informació</target>
      <target FeatureID="true_167" href="OSS_HLP_RSS_ARTICLE.html">Articles d'info web</target>
      <target FeatureID="true_167" href="OSS_HLP_RSS_ARTICLELST.html">Infos web</target>
      <target FeatureID="true_167" href="OSS_HLP_RSS_MAIN.html">Infos web i blogs</target>
   </keywords>
   <keywords>
      <text FeatureID="true_167">blogs</text>
      <target FeatureID="true_167" href="OSS_HLP_RSS_ADD.html">Afegiu canals d'informació</target>
      <target FeatureID="true_167" href="OSS_HLP_RSS_ARTICLE.html">Articles d'info web</target>
      <target FeatureID="true_167" href="OSS_HLP_RSS_ARTICLELST.html">Infos web</target>
      <target FeatureID="true_167" href="OSS_HLP_RSS_MAIN.html">Infos web i blogs</target>
   </keywords>
   <keywords>
      <text FeatureID="-1">navegar per pàgines</text>
      <target FeatureID="-1" href="OSS_HLP_PAGEVIEW.html">Navegueu per la web</target>
   </keywords>
   <keywords>
      <text FeatureID="-1">obrir adreces d'interès</text>
      <target FeatureID="-1" href="OSS_HLP_BM_MAIN.html">Navegueu per les adreces d'interès</target>
   </keywords>
   <keywords>
      <text FeatureID="true_167">infos</text>
      <target FeatureID="true_167" href="OSS_HLP_RSS_EDIT.html">Editar infos web</target>
      <target FeatureID="true_167" href="OSS_HLP_RSS_ARTICLE.html">Articles d'info web</target>
      <target FeatureID="true_167" href="OSS_HLP_RSS_ARTICLELST.html">Infos web</target>
      <target FeatureID="true_167" href="OSS_HLP_RSS_MAIN.html">Infos web i blogs</target>
   </keywords>
   <keywords>
      <text FeatureID="true_167">infos rss</text>
      <target FeatureID="true_167" href="OSS_HLP_RSS_EDIT.html">Editar infos web</target>
      <target FeatureID="true_167" href="OSS_HLP_RSS_ARTICLE.html">Articles d'info web</target>
   </keywords>
   <keywords>
      <text FeatureID="true_167">notícies i blocs</text>
      <target FeatureID="true_167" href="OSS_HLP_RSS_EDIT.html">Editar infos web</target>
   </keywords>
   <keywords>
      <text FeatureID="true_167">blocs</text>
      <target FeatureID="true_167" href="OSS_HLP_RSS_EDIT.html">Editar infos web</target>
   </keywords>
   <keywords>
      <text FeatureID="-1">configuració del navegador</text>
      <target FeatureID="-1" href="OSS_HLP_SETTINGS_GENERAL.html">Configuració general</target>
      <target FeatureID="-1" href="OSS_HLP_SETTINGS_PAGE.html">Configuració de pàgina</target>
      <target FeatureID="-1" href="OSS_HLP_SETTINGS_PRIVACY.html">Configuració de privacitat</target>
      <target FeatureID="true_167" href="OSS_HLP_SETTINGS_RSS.html">Configuració d'infos web</target>
      <target FeatureID="-1" href="OSS_HLP_SETTINGS_FOLDERS.html">Configuració web</target>
      <target FeatureID="false_410" href="OSS_HLP_SHORTCUTS.html">Dreceres de la barra d'eines</target>
      <target FeatureID="false_410" href="OSS_HLP_KEYPAD.html">Dreceres del teclat numèric</target>
   </keywords>
   <keywords>
      <text FeatureID="-1">configuració web</text>
      <target FeatureID="-1" href="OSS_HLP_SETTINGS_GENERAL.html">Configuració general</target>
      <target FeatureID="-1" href="OSS_HLP_SETTINGS_PAGE.html">Configuració de pàgina</target>
      <target FeatureID="-1" href="OSS_HLP_SETTINGS_PRIVACY.html">Configuració de privacitat</target>
      <target FeatureID="true_167" href="OSS_HLP_SETTINGS_RSS.html">Configuració d'infos web</target>
      <target FeatureID="-1" href="OSS_HLP_SETTINGS_FOLDERS.html">Configuració web</target>
      <target FeatureID="false_410" href="OSS_HLP_SHORTCUTS.html">Dreceres de la barra d'eines</target>
      <target FeatureID="false_410" href="OSS_HLP_KEYPAD.html">Dreceres del teclat numèric</target>
   </keywords>
   <keywords>
      <text FeatureID="-1">configuració per a web</text>
      <target FeatureID="-1" href="OSS_HLP_SETTINGS_PAGE.html">Configuració de pàgina</target>
      <target FeatureID="-1" href="OSS_HLP_SETTINGS_FOLDERS.html">Configuració web</target>
   </keywords>
   <keywords>
      <text FeatureID="-1">configuració de privacitat</text>
      <target FeatureID="-1" href="OSS_HLP_SETTINGS_PRIVACY.html">Configuració de privacitat</target>
   </keywords>
   <keywords>
      <text FeatureID="true_167">configuració per a Internet</text>
      <target FeatureID="true_167" href="OSS_HLP_SETTINGS_RSS.html">Configuració d'infos web</target>
   </keywords>
   <keywords>
      <text FeatureID="true_167">Infos RSS</text>
      <target FeatureID="true_167" href="OSS_HLP_RSS_ARTICLELST.html">Infos web</target>
      <target FeatureID="true_167" href="OSS_HLP_RSS_MAIN.html">Infos web i blogs</target>
   </keywords>
   <keywords>
      <text FeatureID="-1">obrir una pàgina específica</text>
      <target FeatureID="-1" href="OSS_HLP_PAGEVIEW_EMBED.html">Web a aplicacions</target>
   </keywords>
   <keywords>
      <text FeatureID="-1">aplicacions a la web</text>
      <target FeatureID="-1" href="OSS_HLP_PAGEVIEW_EMBED.html">Web a aplicacions</target>
   </keywords>
</keywords>