<?xml version="1.0" encoding="UTF-8"?>
<keywords>
   <keywords>
      <text FeatureID="-1">Mail for Exchange</text>
      <target FeatureID="-1" href="FSE_HLP_MFE_LAUNCHER_MAIN_VIEW.html">อีเมล Mail for Exchange</target>
   </keywords>
   <keywords>
      <text FeatureID="-1">การตั้งค่าศูนย์ฝากข้อความขั้นสูง</text>
      <target FeatureID="-1" href="FSE_HLP_MFE_SETTINGS_ADVANCED.html">การตั้งค่าขั้นสูงสำหรับศูนย์ฝากข้อความ</target>
   </keywords>
   <keywords>
      <text FeatureID="-1">การตั้งค่าการซิงโครไนซ์อีเมล</text>
      <target FeatureID="-1" href="FSE_HLP_MFE_SETTINGS_PIM_APPS.html">การตั้งค่าการซิงโครไนซ์แอปพลิเคชั่น</target>
   </keywords>
   <keywords>
      <text FeatureID="-1">การซิงโครไนซ์ปฏิทิน</text>
      <target FeatureID="-1" href="FSE_HLP_MFE_CALENDAR_APP.html">การตั้งค่าการซิงโครไนซ์ปฏิทิน</target>
   </keywords>
   <keywords>
      <text FeatureID="-1">การซิงโึครไนซ์รายชื่อ,</text>
      <target FeatureID="-1" href="FSE_HLP_MFE_CONTACTS_APP.html">การตั้งค่าการซิงโครไนซ์รายชื่อ</target>
   </keywords>
   <keywords>
      <text FeatureID="-1">การตั้งค่าศูนย์ฝากข้อความ</text>
      <target FeatureID="-1" href="FSE_HLP_MFE_SETTINGS_MAILBOX.html">การตั้งค่าศูนย์ฝากข้อความทั่วไป</target>
   </keywords>
   <keywords>
      <text FeatureID="-1">เนื้อหาการซิงโครไนซ์อีเมล</text>
      <target FeatureID="-1" href="FSE_HLP_MFE_SETTINGS_WHAT_SYNC.html">การเลือกเนื้อหาการซิงค์</target>
   </keywords>
   <keywords>
      <text FeatureID="-1">เวลาในการซิงโครไนซ์อีเมล</text>
      <target FeatureID="-1" href="FSE_HLP_MFE_SETTINGS_WHEN_SYNC.html">การเลือกเวลาการซิงค์</target>
   </keywords>
   <keywords>
      <text FeatureID="-1">การซิงโครไนซ์โฟลเดอร์อีเมล</text>
      <target FeatureID="-1" href="FSE_HLP_MFE_SETTINGS_FOLDER.html">การตั้งค่าสำหรับการซิงโครไนซ์</target>
   </keywords>
   <keywords>
      <text FeatureID="-1">การตั้งค่าอีเมล</text>
      <target FeatureID="-1" href="FSE_HLP_MFE_SETTINGS_MAIN_VIEW.html">การตั้งค่าอีเมล</target>
   </keywords>
   <keywords>
      <text FeatureID="-1">การซิงโครไนซ์รายการสิ่งที่ต้องทำ</text>
      <target FeatureID="-1" href="FSE_HLP_MFE_TASKS_APP.html">การตั้งค่าการซิงโครไนซ์สิ่งที่ต้องทำ</target>
   </keywords>
</keywords>