<?xml version="1.0" encoding="UTF-8"?>
<keywords>
   <keywords>
      <text FeatureID="true_1116">کیلنڈر کے اندراجات بھیجیں</text>
      <target FeatureID="true_1116" href="SMART_HLP_CALENDAREDITOR.html">کيل اندراج</target>
   </keywords>
   <keywords>
      <text FeatureID="true_1114">کیلنڈر کے اندراجات موصول کرنا</text>
      <target FeatureID="true_1114" href="SMART_HLP_CALENDARVIEWER.html">موصولہ کیلنڈرکے اندراجات</target>
   </keywords>
   <keywords>
      <text FeatureID="true_1114">کيلنڈر کے اندراجات</text>
      <target FeatureID="true_1114" href="SMART_HLP_CALPULLMESVIEWER.html">کیلینڈر کا اندراج ڈاؤن لوڈ کریں</target>
   </keywords>
   <keywords>
      <text FeatureID="true_1117 true_1115">کاروباري کارڈ</text>
      <target FeatureID="true_1117" href="SMART_HLP_BUSINESSEDITOR.html">کارڈ بھيجيں</target>
      <target FeatureID="true_1115" href="SMART_HLP_BUSINESSVIEWER.html">موصولہ بزنس کارڈ کارڈز</target>
      <target FeatureID="true_1115" href="SMART_HLP_BUSPULLMESVIEWER.html">کارڈ کا ڈاؤن لوڈ</target>
   </keywords>
   <keywords>
      <text FeatureID="true_1111">گھنٹي کے ٹون</text>
      <target FeatureID="true_1111" href="SMART_HLP_RINGVIEWER.html">موصولہ گھنٹی کی آوازیں</target>
   </keywords>
   <keywords>
      <text FeatureID="true_1110">آپريٹر کے لوگو</text>
      <target FeatureID="true_1110" href="SMART_HLP_OPLOGOVIEWER.html">موصولہ آپریٹر علامات</target>
   </keywords>
   <keywords>
      <text FeatureID="true_1106">کتاب کے نشانات</text>
      <target FeatureID="true_1106" href="SMART_HLP_ONEBOOKVIEWER.html">موصولہ نشانِ کتاب</target>
   </keywords>
   <keywords>
      <text FeatureID="true_1112">تصويريں وصول کرنا</text>
      <target FeatureID="true_1112" href="SMART_HLP_GMSVIEWER.html">تصويري پيغامات ديکھيں</target>
   </keywords>
   <keywords>
      <text FeatureID="true_1112">تصویری پیغامات</text>
      <target FeatureID="true_1112" href="SMART_HLP_GMSVIEWER.html">تصويري پيغامات ديکھيں</target>
   </keywords>
   <keywords>
      <text FeatureID="true_1537">ریموٹ ڈرائیو کی تشکیل</text>
      <target FeatureID="true_1537" href="SMART_HLP_REMOTEDRIVES_VIEWER.html">ریموٹ درائیو کی تشکیلات موصول کریں</target>
      <target FeatureID="true_1537" href="SMART_HLP_REMOTEDRIVES_EDITOR.html">ریموٹ درائیو کی تشکیلات بھیجيں</target>
   </keywords>
</keywords>