<?xml version="1.0" encoding="UTF-8"?>
<keywords>
   <keywords>
      <text FeatureID="true_1116">달력/일정 항목 전송</text>
      <target FeatureID="true_1116" href="SMART_HLP_CALENDAREDITOR.html">달력/일정 항목 전송</target>
   </keywords>
   <keywords>
      <text FeatureID="true_1114">달력/일정 항목 수신</text>
      <target FeatureID="true_1114" href="SMART_HLP_CALENDARVIEWER.html">수신한 달력/일정 항목</target>
   </keywords>
   <keywords>
      <text FeatureID="true_1114">달력/일정 항목</text>
      <target FeatureID="true_1114" href="SMART_HLP_CALPULLMESVIEWER.html">달력/일정 항목 다운로드</target>
   </keywords>
   <keywords>
      <text FeatureID="true_1117 true_1115">명함</text>
      <target FeatureID="true_1117" href="SMART_HLP_BUSINESSEDITOR.html">명함 전송</target>
      <target FeatureID="true_1115" href="SMART_HLP_BUSINESSVIEWER.html">수신한 명함</target>
      <target FeatureID="true_1115" href="SMART_HLP_BUSPULLMESVIEWER.html">명함 다운로드</target>
   </keywords>
   <keywords>
      <text FeatureID="true_1111">벨소리</text>
      <target FeatureID="true_1111" href="SMART_HLP_RINGVIEWER.html">수신한 벨소리</target>
   </keywords>
   <keywords>
      <text FeatureID="true_1110">통신사 로고</text>
      <target FeatureID="true_1110" href="SMART_HLP_OPLOGOVIEWER.html">수신한 통신사 로고</target>
   </keywords>
   <keywords>
      <text FeatureID="true_1106">즐겨찾기</text>
      <target FeatureID="true_1106" href="SMART_HLP_ONEBOOKVIEWER.html">수신한 즐겨찾기</target>
   </keywords>
   <keywords>
      <text FeatureID="true_1112">그림 수신</text>
      <target FeatureID="true_1112" href="SMART_HLP_GMSVIEWER.html">그림 메시지 보기</target>
   </keywords>
   <keywords>
      <text FeatureID="true_1112">그림 메시지</text>
      <target FeatureID="true_1112" href="SMART_HLP_GMSVIEWER.html">그림 메시지 보기</target>
   </keywords>
   <keywords>
      <text FeatureID="true_1537">원격 드라이브 구성</text>
      <target FeatureID="true_1537" href="SMART_HLP_REMOTEDRIVES_VIEWER.html">원격 드라이브 구성 수신</target>
      <target FeatureID="true_1537" href="SMART_HLP_REMOTEDRIVES_EDITOR.html">원격 드라이브 구성 전송</target>
   </keywords>
</keywords>