<?xml version="1.0" encoding="UTF-8"?>
<keywords>
   <keywords>
      <text FeatureID="-1">Quickoffice, failu pārvalde</text>
      <target FeatureID="-1" href="QFM_HLP_FILE_MENU.html">Failu pārvaldnieks</target>
   </keywords>
   <keywords>
      <text FeatureID="-1">Quickoffice</text>
      <target FeatureID="-1" href="QFM_HLP_LOC_MENU.html">Quickoffice</target>
   </keywords>
   <keywords>
      <text FeatureID="-1">Quickpoint</text>
      <target FeatureID="-1" href="QPOINT_HLP_EDIT_SLIDE_VIEW.html">Slaidu rediģēšana</target>
      <target FeatureID="-1" href="QPOINT_HLP_REPLACE_VIEW.html">Teksta meklēšana un aizstāšana</target>
      <target FeatureID="-1" href="QPOINT_HLP_FIND_VIEW.html">Teksta meklēšana</target>
      <target FeatureID="-1" href="QPOINT_HLP_VIEW_SLIDE_VIEW.html">Slaidu apskate</target>
   </keywords>
   <keywords>
      <text FeatureID="-1">Quickpoint, teksts</text>
      <target FeatureID="-1" href="QPOINT_HLP_EDIT_TEXT_VIEW.html">Teksta rediģēšana</target>
   </keywords>
   <keywords>
      <text FeatureID="-1">Quickpoint, komentāri</text>
      <target FeatureID="-1" href="QPOINT_HLP_COMMENT_VIEW.html">Komentāru apskate</target>
   </keywords>
   <keywords>
      <text FeatureID="-1">Quickpoint, piezīmes</text>
      <target FeatureID="-1" href="QPOINT_HLP_VIEW_NOTES_VIEW.html">Piezīmju apskate</target>
   </keywords>
   <keywords>
      <text FeatureID="-1">Quickpoint, struktūras</text>
      <target FeatureID="-1" href="QPOINT_HLP_VIEW_OUTLINE_VIEW.html">Struktūrskats</target>
   </keywords>
   <keywords>
      <text FeatureID="-1">Quicksheet, šūnas</text>
      <target FeatureID="-1" href="QSHEET_HLP_CELLS_EDIT.html">Šūnu rediģēšana</target>
      <target FeatureID="-1" href="QSHEET_HLP_VIEW_CELL.html">Šūnu apskate</target>
   </keywords>
   <keywords>
      <text FeatureID="-1">Quicksheet, kolonnas</text>
      <target FeatureID="-1" href="QSHEET_HLP_EDIT_COLUMN.html">Kolonnu rediģēšana</target>
   </keywords>
   <keywords>
      <text FeatureID="-1">Quicksheet, diapazoni</text>
      <target FeatureID="-1" href="QSHEET_HLP_EDIT_RANGE.html">Diapazonu rediģēšana</target>
   </keywords>
   <keywords>
      <text FeatureID="-1">Quicksheet, rindas</text>
      <target FeatureID="-1" href="QSHEET_HLP_EDIT_ROW.html">Rindu rediģēšana</target>
   </keywords>
   <keywords>
      <text FeatureID="-1">Quicksheet</text>
      <target FeatureID="-1" href="QSHEET_HLP_REPLACE_VIEW.html">Teksta meklēšana un aizstāšana</target>
      <target FeatureID="-1" href="QSHEET_HLP_FIND_VIEW.html">Teksta meklēšana</target>
      <target FeatureID="-1" href="QSHEET_HLP_CELLS_VIEW.html">Izklājlapu apskate</target>
   </keywords>
   <keywords>
      <text FeatureID="-1">Quickword</text>
      <target FeatureID="-1" href="QWORD_HLP_EDIT_MODE.html">Dokumentu rediģēšana</target>
      <target FeatureID="-1" href="QWORD_HLP_FIND_MODE.html">Teksta meklēšana un aizstāšana</target>
      <target FeatureID="-1" href="QWORD_HLP_VIEW_MODE.html">Dokumentu apskate</target>
      <target FeatureID="-1" href="QWORD_HLP_PAGE_VIEW.html">Lappuses izkārtojuma apskate</target>
   </keywords>
</keywords>