<?xml version="1.0" encoding="UTF-8"?>
<keywords>
   <keywords>
      <text FeatureID="true_24">حفاظتي ماڈيول</text>
      <target FeatureID="-1" href="SECMOD_HLP_ACCESSCODE_VIEW.html">حفاظتی موڈیول PIN کوڈ</target>
      <target FeatureID="-1" href="SECMOD_HLP_MAIN_VIEW.html">حفاظتي ماڈيول</target>
      <target FeatureID="-1" href="SEMOD_HLP_SIGNINGCODE_VIEW.html">کوڈ ترميم</target>
   </keywords>
   <keywords>
      <text FeatureID="true_24">PIN کوڈ</text>
      <target FeatureID="-1" href="SECMOD_HLP_ACCESSCODE_VIEW.html">حفاظتی موڈیول PIN کوڈ</target>
   </keywords>
   <keywords>
      <text FeatureID="true_24">سیکورٹی موڈیول کوڈ</text>
      <target FeatureID="-1" href="SECMOD_HLP_CODE_VIEW.html">سیکورٹی موڈیول کوڈ</target>
   </keywords>
   <keywords>
      <text FeatureID="true_24">سکیورٹی موڈیول کے پِن کوڈ</text>
      <target FeatureID="-1" href="SECMOD_HLP_CODE_VIEW.html">سیکورٹی موڈیول کوڈ</target>
   </keywords>
   <keywords>
      <text FeatureID="true_24">کلید اسٹور</text>
      <target FeatureID="-1" href="SECMOD_HLP_MAIN_VIEW.html">حفاظتي ماڈيول</target>
   </keywords>
   <keywords>
      <text FeatureID="true_24">دستخطی کوڈ</text>
      <target FeatureID="-1" href="SEMOD_HLP_SIGNINGCODE_VIEW.html">کوڈ ترميم</target>
   </keywords>
   <keywords>
      <text FeatureID="true_24">عددی دستخط</text>
      <target FeatureID="-1" href="SEMOD_HLP_SIGNINGCODE_VIEW.html">کوڈ ترميم</target>
   </keywords>
</keywords>