<?xml version="1.0" encoding="UTF-8"?>
<keywords>
   <keywords>
      <text FeatureID="-1">플래시 파일 재생</text>
      <target FeatureID="-1" href="FLITE_HLP_STOPPED.html">플래시 재생 종료</target>
      <target FeatureID="-1" href="FLITE_HLP_VIEWER_PAUSED.html">플래시 재생 일시 중지</target>
      <target FeatureID="-1" href="FLITE_HLP_VIEWER_PLAY.html">플래시 파일 재생</target>
   </keywords>
   <keywords>
      <text FeatureID="-1">Flash 플레이어</text>
      <target FeatureID="-1" href="FLITE_HLP_STOPPED.html">플래시 재생 종료</target>
      <target FeatureID="-1" href="FLITE_HLP_VIEWER_PAUSED.html">플래시 재생 일시 중지</target>
      <target FeatureID="-1" href="FLITE_HLP_VIEWER_PLAY.html">플래시 파일 재생</target>
   </keywords>
</keywords>