<?xml version="1.0" encoding="UTF-8"?><?xml-stylesheet  href="../../theme/xsl/index2html.xslt" type="text/xsl"?>
<topics FeatureID="-1" title="사용자 기능" compressed="true">
   <topicref FeatureID="-1" href="SKINS_HLP_LIST.html" navtitle="일반 테마"/>
   <topicref FeatureID="-1" href="SCREENSAVER_HLP_WP_SETTINGS.html" navtitle="슬라이드 쇼 배경 무늬 설정"/>
   <topicref FeatureID="-1" href="SKINS_HLP_WP_SETTINGS.html" navtitle="배경 무늬 설정"/>
   <topicref FeatureID="-1" href="SKINS_HLP_SCREENS_SETTINGS.html" navtitle="화면 보호기 설정"/>
   <topicref FeatureID="true_1503" href="SKINS_HLP_CIMAGE_SETTINGS.html" navtitle="통화 이미지 선택"/>
   <topicref FeatureID="-1" href="SKINS_HLP_APPSHELL.html" navtitle="메뉴 보기 설정"/>
   <topicref FeatureID="-1" href="SKINS_HLP_APP_MAIN.html" navtitle="화면 사용자 지정"/>
   <topicref FeatureID="-1" href="SKINS_HLP_APPSKINS_LIST.html" navtitle="애플리케이션 테마"/>
</topics>