<?xml version="1.0" encoding="UTF-8"?>
<keywords>
   <keywords>
      <text FeatureID="-1">테마</text>
      <target FeatureID="-1" href="SKINS_HLP_LIST.html">일반 테마</target>
      <target FeatureID="-1" href="SCREENSAVER_HLP_WP_SETTINGS.html">슬라이드 쇼 배경 무늬 설정</target>
      <target FeatureID="-1" href="SKINS_HLP_WP_SETTINGS.html">배경 무늬 설정</target>
      <target FeatureID="true_1503" href="SKINS_HLP_CIMAGE_SETTINGS.html">통화 이미지 선택</target>
      <target FeatureID="-1" href="SKINS_HLP_APPSHELL.html">메뉴 보기 설정</target>
      <target FeatureID="-1" href="SKINS_HLP_APP_MAIN.html">화면 사용자 지정</target>
      <target FeatureID="-1" href="SKINS_HLP_APPSKINS_LIST.html">애플리케이션 테마</target>
   </keywords>
   <keywords>
      <text FeatureID="-1">슬라이드 쇼 배경 무늬</text>
      <target FeatureID="-1" href="SCREENSAVER_HLP_WP_SETTINGS.html">슬라이드 쇼 배경 무늬 설정</target>
   </keywords>
   <keywords>
      <text FeatureID="-1">슬라이드 쇼 설정</text>
      <target FeatureID="-1" href="SCREENSAVER_HLP_WP_SETTINGS.html">슬라이드 쇼 배경 무늬 설정</target>
   </keywords>
   <keywords>
      <text FeatureID="-1">배경 무늬 설정</text>
      <target FeatureID="-1" href="SKINS_HLP_WP_SETTINGS.html">배경 무늬 설정</target>
   </keywords>
   <keywords>
      <text FeatureID="-1">배경 이미지</text>
      <target FeatureID="-1" href="SKINS_HLP_WP_SETTINGS.html">배경 무늬 설정</target>
      <target FeatureID="-1" href="SKINS_HLP_APP_MAIN.html">화면 사용자 지정</target>
   </keywords>
   <keywords>
      <text FeatureID="-1">화면 보호기</text>
      <target FeatureID="-1" href="SKINS_HLP_SCREENS_SETTINGS.html">화면 보호기 설정</target>
   </keywords>
   <keywords>
      <text FeatureID="true_1503">통화 이미지 설정</text>
      <target FeatureID="true_1503" href="SKINS_HLP_CIMAGE_SETTINGS.html">통화 이미지 선택</target>
   </keywords>
   <keywords>
      <text FeatureID="-1">메뉴</text>
      <target FeatureID="-1" href="SKINS_HLP_APPSHELL.html">메뉴 보기 설정</target>
   </keywords>
</keywords>