<?xml version="1.0" encoding="UTF-8"?>
<keywords>
   <keywords>
      <text FeatureID="-1">Mail for Exchange</text>
      <target FeatureID="-1" href="FSE_HLP_MFE_LAUNCHER_MAIN_VIEW.html">Mail for Exchange e-pasts</target>
   </keywords>
   <keywords>
      <text FeatureID="-1">pastkastes papildu uzstādījumi</text>
      <target FeatureID="-1" href="FSE_HLP_MFE_SETTINGS_ADVANCED.html">Pastkastes papildu uzstādījumi</target>
   </keywords>
   <keywords>
      <text FeatureID="-1">e-pasta sinhronizācijas uzstādījumi</text>
      <target FeatureID="-1" href="FSE_HLP_MFE_SETTINGS_PIM_APPS.html">Programmu sinhronizācijas uzstādījumi</target>
   </keywords>
   <keywords>
      <text FeatureID="-1">kalendāra sinhronizācija</text>
      <target FeatureID="-1" href="FSE_HLP_MFE_CALENDAR_APP.html">Kalendāra sinhronizācijas uzstādījumi</target>
   </keywords>
   <keywords>
      <text FeatureID="-1">kontaktu sinhronizācija,</text>
      <target FeatureID="-1" href="FSE_HLP_MFE_CONTACTS_APP.html">Kontaktu sinhronizācijas uzstādījumi</target>
   </keywords>
   <keywords>
      <text FeatureID="-1">pastkastes uzstādījumi</text>
      <target FeatureID="-1" href="FSE_HLP_MFE_SETTINGS_MAILBOX.html">Vispārīgi pastkastes uzstādījumi</target>
   </keywords>
   <keywords>
      <text FeatureID="-1">e-pasta sinhronizācijas saturs</text>
      <target FeatureID="-1" href="FSE_HLP_MFE_SETTINGS_WHAT_SYNC.html">Sinhronizācijas satura izvēle</target>
   </keywords>
   <keywords>
      <text FeatureID="-1">e-pasta sinhronizācijas laiks</text>
      <target FeatureID="-1" href="FSE_HLP_MFE_SETTINGS_WHEN_SYNC.html">Sinhronizācijas laika izvēle</target>
   </keywords>
   <keywords>
      <text FeatureID="-1">e-pasta mapes sinhronizācija</text>
      <target FeatureID="-1" href="FSE_HLP_MFE_SETTINGS_FOLDER.html">Sinhronizācijas uzstādījumi</target>
   </keywords>
   <keywords>
      <text FeatureID="-1">e-pasta uzstādījumi</text>
      <target FeatureID="-1" href="FSE_HLP_MFE_SETTINGS_MAIN_VIEW.html">E-pasta uzstādījumi</target>
   </keywords>
   <keywords>
      <text FeatureID="-1">uzdevumu sinhronizācija</text>
      <target FeatureID="-1" href="FSE_HLP_MFE_TASKS_APP.html">Uzdevumu sinhronizācijas uzstādījumi</target>
   </keywords>
</keywords>