<?xml version="1.0" encoding="UTF-8"?><?xml-stylesheet  href="../../theme/xsl/index2html.xslt" type="text/xsl"?>
<topics FeatureID="-1" title="Telefonski imenik" compressed="true">
   <topicref FeatureID="-1" href="FDN_HLP_FDN_NUM_EDIT_VIEW.html" navtitle="Izmena kontakata"/>
   <topicref FeatureID="-1" href="FDN_HLP_FDN_NUMBER_VIEW.html" navtitle="Kontakti za fiksno biranje"/>
   <topicref FeatureID="-1" href="FDN_HLP_FDN_VIEW.html" navtitle="Ograničavanje poziva"/>
   <topicref FeatureID="-1" href="SDN_HLP_APP.html" navtitle="Servisni brojevi"/>
   <topicref FeatureID="-1" href="HLP_CCA_DETAILS.html" navtitle="Detalji kontakta"/>
   <topicref FeatureID="-1" href="HLP_CCA_EDITOR.html" navtitle="Izmena kartica kontakata"/>
   <topicref FeatureID="-1" href="HLP_CCA_LAUNCHER.html" navtitle="Kartice kontakata"/>
   <topicref FeatureID="-1" href="PHOB_HLP_GROUP_LIST.html" navtitle="Grupe kontakata"/>
   <topicref FeatureID="-1" href="PHOB_HLP_SIM_LIST.html" navtitle="SIM imenik kontakata"/>
   <topicref FeatureID="-1" href="PHOB_HLP_MY_NUMBERS.html" navtitle="Moji brojevi"/>
   <topicref FeatureID="-1" href="PHOB_HLP_GROUP_MEMBER_LIST.html" navtitle="Članovi grupe"/>
   <topicref FeatureID="-1" href="PHOB_HLP_SETTINGS.html" navtitle="Podešavanje kontakata"/>
   <topicref FeatureID="-1" href="PHOB_HLP_NAME_LIST.html" navtitle="Imenik kontakata"/>
</topics>