<?xml version="1.0" encoding="UTF-8"?>
<keywords>
   <keywords>
      <text FeatureID="-1">grupe kontakata</text>
      <target FeatureID="-1" href="PHOB_HLP_GROUP_LIST.html">Grupe kontakata</target>
      <target FeatureID="-1" href="PHOB_HLP_GROUP_MEMBER_LIST.html">Članovi grupe</target>
   </keywords>
   <keywords>
      <text FeatureID="-1">SIM kontakti</text>
      <target FeatureID="-1" href="PHOB_HLP_SIM_LIST.html">Imenik SIM kontakata</target>
      <target FeatureID="-1" href="PHOB_HLP_SIM_INFO_VIEW.html">Kontakt kartice na SIM-u</target>
   </keywords>
   <keywords>
      <text FeatureID="-1">Broj na SIM-u</text>
      <target FeatureID="-1" href="PHOB_HLP_MY_NUMBERS.html">Moji brojevi</target>
   </keywords>
   <keywords>
      <text FeatureID="-1">redosled imena u Kontaktima</text>
      <target FeatureID="-1" href="PHOB_HLP_SETTINGS.html">Podešavanje kontakata</target>
   </keywords>
   <keywords>
      <text FeatureID="-1">memorija kontakata</text>
      <target FeatureID="-1" href="PHOB_HLP_SETTINGS.html">Podešavanje kontakata</target>
   </keywords>
   <keywords>
      <text FeatureID="-1">podrazumevana memorija</text>
      <target FeatureID="-1" href="PHOB_HLP_SETTINGS.html">Podešavanje kontakata</target>
   </keywords>
   <keywords>
      <text FeatureID="-1">imenik</text>
      <target FeatureID="-1" href="PHOB_HLP_NAME_LIST.html">Lista kontakata</target>
   </keywords>
   <keywords>
      <text FeatureID="-1">informacije o kontaktima</text>
      <target FeatureID="-1" href="PHOB_HLP_NAME_LIST.html">Lista kontakata</target>
   </keywords>
   <keywords>
      <text FeatureID="-1">telefonski imenik</text>
      <target FeatureID="-1" href="PHOB_HLP_NAME_LIST.html">Lista kontakata</target>
   </keywords>
   <keywords>
      <text FeatureID="-1">kontakti</text>
      <target FeatureID="-1" href="RLOOK_HLP_INFO_VIEW.html">Obrada pronađenog kontakta</target>
   </keywords>
   <keywords>
      <text FeatureID="-1">kontakt kartice</text>
      <target FeatureID="-1" href="PHOB_HLP_CONTACT_INFO_VIEW.html">Kartice kontakata</target>
      <target FeatureID="-1" href="PHOB_HLP_EDIT_ENTRY.html">Izmena kartica kontakata</target>
   </keywords>
   <keywords>
      <text FeatureID="-1">stavke iz telefonskog imenika</text>
      <target FeatureID="-1" href="PHOB_HLP_CONTACT_INFO_VIEW.html">Kartice kontakata</target>
   </keywords>
   <keywords>
      <text FeatureID="-1">fiksno biranje</text>
      <target FeatureID="-1" href="FDN_HLP_FDN_NUMBER_VIEW.html">Kontakti za fiksno biranje</target>
      <target FeatureID="-1" href="FDN_HLP_FDN_VIEW.html">Ograničavanje poziva</target>
   </keywords>
   <keywords>
      <text FeatureID="-1">ograničavanje poziva</text>
      <target FeatureID="-1" href="FDN_HLP_FDN_VIEW.html">Ograničavanje poziva</target>
   </keywords>
   <keywords>
      <text FeatureID="-1">servisni brojevi</text>
      <target FeatureID="-1" href="SDN_HLP_APP.html">Servisni brojevi</target>
   </keywords>
   <keywords>
      <text FeatureID="-1">SIM servisni brojevi</text>
      <target FeatureID="-1" href="SDN_HLP_APP.html">Servisni brojevi</target>
   </keywords>
   <keywords>
      <text FeatureID="-1">servisni broji na SIM-u</text>
      <target FeatureID="-1" href="SDN_HLP_APP.html">Servisni brojevi</target>
   </keywords>
   <keywords>
      <text FeatureID="-1">SIM kartica</text>
      <target FeatureID="-1" href="PHOB_HLP_SIM_INFO_VIEW.html">Kontakt kartice na SIM-u</target>
   </keywords>
</keywords>