<?xml version="1.0" encoding="UTF-8"?>
<keywords>
   <keywords>
      <text FeatureID="-1">fiksno biranje</text>
      <target FeatureID="-1" href="FDN_HLP_FDN_NUM_EDIT_VIEW.html">Izmena kontakata</target>
      <target FeatureID="-1" href="FDN_HLP_FDN_NUMBER_VIEW.html">Kontakti za fiksno biranje</target>
      <target FeatureID="-1" href="FDN_HLP_FDN_VIEW.html">Ograničavanje poziva</target>
   </keywords>
   <keywords>
      <text FeatureID="-1">ograničavanje poziva</text>
      <target FeatureID="-1" href="FDN_HLP_FDN_VIEW.html">Ograničavanje poziva</target>
   </keywords>
   <keywords>
      <text FeatureID="-1">servisni brojevi</text>
      <target FeatureID="-1" href="SDN_HLP_APP.html">Servisni brojevi</target>
   </keywords>
   <keywords>
      <text FeatureID="-1">SIM servisni brojevi</text>
      <target FeatureID="-1" href="SDN_HLP_APP.html">Servisni brojevi</target>
   </keywords>
   <keywords>
      <text FeatureID="-1">servisni broji na SIM-u</text>
      <target FeatureID="-1" href="SDN_HLP_APP.html">Servisni brojevi</target>
   </keywords>
   <keywords>
      <text FeatureID="-1">grupe kontakata</text>
      <target FeatureID="-1" href="PHOB_HLP_GROUP_LIST.html">Grupe kontakata</target>
      <target FeatureID="-1" href="PHOB_HLP_GROUP_MEMBER_LIST.html">Članovi grupe</target>
   </keywords>
   <keywords>
      <text FeatureID="-1">SIM kontakti</text>
      <target FeatureID="-1" href="PHOB_HLP_SIM_LIST.html">SIM imenik kontakata</target>
   </keywords>
   <keywords>
      <text FeatureID="-1">Broj na SIM-u</text>
      <target FeatureID="-1" href="PHOB_HLP_MY_NUMBERS.html">Moji brojevi</target>
   </keywords>
   <keywords>
      <text FeatureID="-1">redosled imena u Kontaktima</text>
      <target FeatureID="-1" href="PHOB_HLP_SETTINGS.html">Podešavanje kontakata</target>
   </keywords>
   <keywords>
      <text FeatureID="-1">memorija kontakata</text>
      <target FeatureID="-1" href="PHOB_HLP_SETTINGS.html">Podešavanje kontakata</target>
   </keywords>
   <keywords>
      <text FeatureID="-1">podrazumevana memorija</text>
      <target FeatureID="-1" href="PHOB_HLP_SETTINGS.html">Podešavanje kontakata</target>
   </keywords>
   <keywords>
      <text FeatureID="-1">imenik kontakata</text>
      <target FeatureID="-1" href="PHOB_HLP_NAME_LIST.html">Imenik kontakata</target>
   </keywords>
   <keywords>
      <text FeatureID="-1">informacije o kontaktima</text>
      <target FeatureID="-1" href="PHOB_HLP_NAME_LIST.html">Imenik kontakata</target>
   </keywords>
   <keywords>
      <text FeatureID="-1">telefonski imenik</text>
      <target FeatureID="-1" href="PHOB_HLP_NAME_LIST.html">Imenik kontakata</target>
   </keywords>
</keywords>