<?xml version="1.0" encoding="UTF-8"?>
<keywords>
   <keywords>
      <text FeatureID="-1">zaštitni modul</text>
      <target FeatureID="-1" href="SECMOD_HLP_ACCESSCODE_VIEW.html">PIN kôd zaštitnog modula</target>
      <target FeatureID="-1" href="SECMOD_HLP_MAIN_VIEW.html">Zaštitni modul</target>
      <target FeatureID="-1" href="SEMOD_HLP_SIGNINGCODE_VIEW.html">Izmena koda za potpis</target>
   </keywords>
   <keywords>
      <text FeatureID="-1">PIN kôd</text>
      <target FeatureID="-1" href="SECMOD_HLP_ACCESSCODE_VIEW.html">PIN kôd zaštitnog modula</target>
   </keywords>
   <keywords>
      <text FeatureID="-1">kodovi zaštitnih modula</text>
      <target FeatureID="-1" href="SECMOD_HLP_CODE_VIEW.html">Kodovi zaštitnih modula</target>
   </keywords>
   <keywords>
      <text FeatureID="-1">PIN kôd za zaštitni modul</text>
      <target FeatureID="-1" href="SECMOD_HLP_CODE_VIEW.html">Kodovi zaštitnih modula</target>
   </keywords>
   <keywords>
      <text FeatureID="-1">memorija ključeva</text>
      <target FeatureID="-1" href="SECMOD_HLP_MAIN_VIEW.html">Zaštitni modul</target>
   </keywords>
   <keywords>
      <text FeatureID="-1">kôd za potpis</text>
      <target FeatureID="-1" href="SEMOD_HLP_SIGNINGCODE_VIEW.html">Izmena koda za potpis</target>
   </keywords>
   <keywords>
      <text FeatureID="-1">digitalni potpisi</text>
      <target FeatureID="-1" href="SEMOD_HLP_SIGNINGCODE_VIEW.html">Izmena koda za potpis</target>
   </keywords>
</keywords>