<?xml version="1.0" encoding="UTF-8"?>
<keywords>
   <keywords>
      <text FeatureID="-1">pengurus peranti</text>
      <target FeatureID="-1" href="DM_HLP_MAIN_VIEW.html">Perisian peranti</target>
      <target FeatureID="-1" href="DM_HLP_SETTINGS.html">Tetapan profil pelayan</target>
      <target FeatureID="-1" href="DM_HLP_SERVERS_VIEW.html">Tatarajah jauh</target>
   </keywords>
   <keywords>
      <text FeatureID="-1">tetapan tatarajah</text>
      <target FeatureID="-1" href="DM_HLP_MAIN_VIEW.html">Perisian peranti</target>
   </keywords>
   <keywords>
      <text FeatureID="-1">Pengurus peranti</text>
      <target FeatureID="-1" href="FOTA_HLP_SETTINGS.html">Tetapan kemas kini perisian</target>
   </keywords>
   <keywords>
      <text FeatureID="-1">tetapan kemas kini perisian</text>
      <target FeatureID="-1" href="FOTA_HLP_SETTINGS.html">Tetapan kemas kini perisian</target>
   </keywords>
   <keywords>
      <text FeatureID="-1">tetapan profil pelayan</text>
      <target FeatureID="-1" href="DM_HLP_SETTINGS.html">Tetapan profil pelayan</target>
   </keywords>
   <keywords>
      <text FeatureID="-1">tatarajah jauh</text>
      <target FeatureID="-1" href="DM_HLP_SERVERS_VIEW.html">Tatarajah jauh</target>
   </keywords>
</keywords>