<?xml version="1.0" encoding="UTF-8"?>
<keywords>
   <keywords>
      <text FeatureID="-1">pradinis ekranas</text>
      <target FeatureID="-1" href="SET_HLP_HOME_SCREEN.html">Pradinis ekranas</target>
      <target FeatureID="-1" href="SET_HLP_HOME_SCREEN_EDIT.html">Pradinio ekrano redagavimas</target>
   </keywords>
   <keywords>
      <text FeatureID="-1">valdikliai</text>
      <target FeatureID="-1" href="WM_HLP_WIDGET_COLLECTION.html">Valdiklių katalogas</target>
   </keywords>
</keywords>