<?xml version="1.0" encoding="UTF-8"?>
<keywords>
   <keywords>
      <text FeatureID="-1">csevegőüzenetek</text>
      <target FeatureID="-1" href="SERVTAB_HLP_CONVERSATION.html">Csevegőüzenetek küldése</target>
   </keywords>
   <keywords>
      <text FeatureID="-1">csevegés</text>
      <target FeatureID="-1" href="SERVTAB_HLP_CONVERSATION.html">Csevegőüzenetek küldése</target>
   </keywords>
   <keywords>
      <text FeatureID="-1">beszélgetések</text>
      <target FeatureID="-1" href="SERVTAB_HLP_CONVERSATION.html">Csevegőüzenetek küldése</target>
   </keywords>
</keywords>