<?xml version="1.0" encoding="UTF-8"?>
<keywords>
   <keywords>
      <text FeatureID="-1">frekvenču standarta uzstādījumu rediģēšana</text>
      <target FeatureID="-1" href="EQ_HLP_EDITING_VIEW.html">Frekvenču standarta uzstādījumu rediģēšana</target>
   </keywords>
   <keywords>
      <text FeatureID="-1">ekvalaizers</text>
      <target FeatureID="-1" href="EQ_HLP_LIST_VIEW.html">Frekvenču standarta uzstādījumi</target>
   </keywords>
   <keywords>
      <text FeatureID="-1">frekvenču joslas</text>
      <target FeatureID="-1" href="EQ_HLP_LIST_VIEW.html">Frekvenču standarta uzstādījumi</target>
   </keywords>
   <keywords>
      <text FeatureID="-1">frekvenču standarta uzstādījumu izvēlēšanās</text>
      <target FeatureID="-1" href="EQ_HLP_LIST_VIEW.html">Frekvenču standarta uzstādījumi</target>
   </keywords>
</keywords>