<?xml version="1.0" encoding="UTF-8"?>
<keywords>
   <keywords>
      <text FeatureID="-1">sadržaj za deljenje</text>
      <target FeatureID="-1" href="UPNP_HLP_SHARE_CONTENT.html">Biranje sadržaja za deljenje</target>
   </keywords>
   <keywords>
      <text FeatureID="-1">kućni mediji</text>
      <target FeatureID="-1" href="UPNP_HLP_SHARE_CONTENT.html">Biranje sadržaja za deljenje</target>
      <target FeatureID="-1" href="UPNP_HLP_SHARING_PROP.html">Podešavanja za deljenje</target>
      <target FeatureID="-1" href="UPNP_HLP_MAIN_VIEW.html">Kućni mediji</target>
      <target FeatureID="-1" href="UPNP_HLP_MAIN_EXTERNAL.html">Kućni medijski uređaji</target>
      <target FeatureID="-1" href="UPNP_HLP_CONTENT_VIEW.html">Kućne medijske datoteke</target>
      <target FeatureID="-1" href="UPNP_HLP_REMOTE_DEVICES.html">Kućni medijski folderi</target>
      <target FeatureID="-1" href="UPNP_HLP_SEARCH.html">Rezultati pretrage</target>
   </keywords>
   <keywords>
      <text FeatureID="-1">deljenje slika i video snimaka</text>
      <target FeatureID="-1" href="UPNP_HLP_SHARE_CONTENT.html">Biranje sadržaja za deljenje</target>
   </keywords>
   <keywords>
      <text FeatureID="-1">deljenje medijskih datoteka</text>
      <target FeatureID="-1" href="UPNP_HLP_SHARING_PROP.html">Podešavanja za deljenje</target>
      <target FeatureID="-1" href="UPNP_HLP_MAIN_VIEW.html">Kućni mediji</target>
      <target FeatureID="-1" href="UPNP_HLP_MAIN_EXTERNAL.html">Kućni medijski uređaji</target>
      <target FeatureID="-1" href="UPNP_HLP_CONTENT_VIEW.html">Kućne medijske datoteke</target>
      <target FeatureID="-1" href="UPNP_HLP_REMOTE_DEVICES.html">Kućni medijski folderi</target>
      <target FeatureID="-1" href="UPNP_HLP_SEARCH.html">Rezultati pretrage</target>
   </keywords>
   <keywords>
      <text FeatureID="-1">prikazivanje datoteka na udaljenom uređaju</text>
      <target FeatureID="-1" href="UPNP_HLP_SHARING_PROP.html">Podešavanja za deljenje</target>
      <target FeatureID="-1" href="UPNP_HLP_MAIN_VIEW.html">Kućni mediji</target>
      <target FeatureID="-1" href="UPNP_HLP_MAIN_EXTERNAL.html">Kućni medijski uređaji</target>
      <target FeatureID="-1" href="UPNP_HLP_CONTENT_VIEW.html">Kućne medijske datoteke</target>
      <target FeatureID="-1" href="UPNP_HLP_REMOTE_DEVICES.html">Kućni medijski folderi</target>
      <target FeatureID="-1" href="UPNP_HLP_SEARCH.html">Rezultati pretrage</target>
   </keywords>
   <keywords>
      <text FeatureID="-1">svojstva deljenja</text>
      <target FeatureID="-1" href="UPNP_HLP_SHARING_PROP.html">Podešavanja za deljenje</target>
   </keywords>
</keywords>