<?xml version="1.0" encoding="UTF-8"?>
<keywords>
   <keywords>
      <text FeatureID="-1">redare fişier Flash</text>
      <target FeatureID="-1" href="FLITE_HLP_STOPPED.html">Terminare redare Flash</target>
      <target FeatureID="-1" href="FLITE_HLP_VIEWER_PAUSED.html">Trecerea în pauză a redării Flash</target>
      <target FeatureID="-1" href="FLITE_HLP_VIEWER_PLAY.html">Redarea fişierelor Flash</target>
   </keywords>
   <keywords>
      <text FeatureID="-1">Flash Player</text>
      <target FeatureID="-1" href="FLITE_HLP_STOPPED.html">Terminare redare Flash</target>
      <target FeatureID="-1" href="FLITE_HLP_VIEWER_PAUSED.html">Trecerea în pauză a redării Flash</target>
      <target FeatureID="-1" href="FLITE_HLP_VIEWER_PLAY.html">Redarea fişierelor Flash</target>
   </keywords>
</keywords>