<?xml version="1.0" encoding="UTF-8"?>
<keywords>
   <keywords>
      <text FeatureID="-1">настр-ки имейл</text>
      <target FeatureID="-1" href="MBXS_HLP_SETT_DOWNL_CTRL.html">Настр. изт. ел. поща</target>
      <target FeatureID="true_1633" href="MCE_HLP_SETT_MAIL_ONLI.html">Автом. изтегляне</target>
   </keywords>
   <keywords>
      <text FeatureID="-1">настр. ел. поща</text>
      <target FeatureID="-1" href="MBXS_HLP_SETT_DOWNL_RETR.html">Колич. изт. ел. поща</target>
      <target FeatureID="-1" href="MBXS_HLP_SETT_MBX_IN.html">Настройки вход. ел. поща</target>
      <target FeatureID="-1" href="MBXS_HLP_SETT_MBX_IN_OUT.html">Настройки за връзка</target>
      <target FeatureID="-1" href="MBXS_HLP_SETT_MBX_OUT.html">Настр. изх. ел. поща</target>
      <target FeatureID="-1" href="MCE_HLP_SETTINGS_EMAIL.html">Настр. ел. поща</target>
      <target FeatureID="-1" href="MCE_HLP_SETT_EMAILMAIN.html">Редакт. пощ. кутии</target>
      <target FeatureID="-1" href="MCE_HLP_SETT_MAILBLIST.html">Пощенски кутии</target>
      <target FeatureID="-1" href="MCE_HLP_SETT_MAILFOLDER_UPD.html">Папки пощ. кутия</target>
   </keywords>
   <keywords>
      <text FeatureID="-1">настройки за пощенска кутия</text>
      <target FeatureID="-1" href="MCE_HLP_SETT_EMAILMAIN.html">Редакт. пощ. кутии</target>
   </keywords>
   <keywords>
      <text FeatureID="-1">пощенска кутия</text>
      <target FeatureID="-1" href="MCE_HLP_SETT_MAILBLIST.html">Пощенски кутии</target>
      <target FeatureID="-1" href="MCE_HLP_MAILBOX_ONLINE.html">Ел. поща, онлайн</target>
   </keywords>
   <keywords>
      <text FeatureID="-1">папки пощ. кутия</text>
      <target FeatureID="-1" href="MCE_HLP_SETT_MAILFOLDER_UPD.html">Папки пощ. кутия</target>
   </keywords>
   <keywords>
      <text FeatureID="-1">лични настройки</text>
      <target FeatureID="-1" href="MCE_HLP_SETT_MAIL_USER.html">Лични настройки</target>
   </keywords>
   <keywords>
      <text FeatureID="true_44">настройки синхр. пощ. кутия</text>
      <target FeatureID="true_44" href="MCE_HLP_SETT_SMAILBOX.html">Настройки синхр. пощ. кутия</target>
      <target FeatureID="true_44" href="MCE_HLP_SETT_SMAILBOX.html">Настройки синхр. пощ. кутия</target>
   </keywords>
   <keywords>
      <text FeatureID="-1">ел. поща, офлайн</text>
      <target FeatureID="-1" href="MCE_HLP_MAILBOX_OFFLINE.html">Ел. поща, офлайн</target>
   </keywords>
   <keywords>
      <text FeatureID="-1">свързв. пощ. кутия</text>
      <target FeatureID="-1" href="MCE_HLP_MAILBOX_ONLINE.html">Ел. поща, онлайн</target>
   </keywords>
   <keywords>
      <text FeatureID="-1">ел. поща, онлайн</text>
      <target FeatureID="-1" href="MCE_HLP_MAILBOX_ONLINE.html">Ел. поща, онлайн</target>
      <target FeatureID="-1" href="MCE_HLP_MAILBOX_ONLINE.html">Ел. поща, онлайн</target>
   </keywords>
</keywords>