<?xml version="1.0" encoding="UTF-8"?>
<keywords>
   <keywords>
      <text FeatureID="-1">записи про річницю, створення</text>
      <target FeatureID="-1" href="FSCA_HLP_ANNIVERSARY_EDITOR.html">Створення записів про річницю</target>
   </keywords>
   <keywords>
      <text FeatureID="-1">записи про зустрічі, створення</text>
      <target FeatureID="-1" href="FSCA_HLP_CALE_MEETING_EDITOR.html">Створення записів про зустріч</target>
   </keywords>
   <keywords>
      <text FeatureID="-1">пам'ятки, створення</text>
      <target FeatureID="-1" href="FSCA_HLP_MEMO_EDITOR.html">Створення пам'яток</target>
   </keywords>
   <keywords>
      <text FeatureID="-1">записи про справи, створення</text>
      <target FeatureID="-1" href="FSCA_HLP_TODO_EDITOR.html">Створення записів про справи</target>
   </keywords>
   <keywords>
      <text FeatureID="-1">записи про зустрічі, редагування</text>
      <target FeatureID="-1" href="FSCA_HLP_CALE_MEETING_VIEWER.html">Редагування записів про зустріч</target>
   </keywords>
   <keywords>
      <text FeatureID="-1">пам'ятки, редагування</text>
      <target FeatureID="-1" href="FSCA_HLP_MEMO_VIEWER.html">Редагування пам'яток</target>
   </keywords>
   <keywords>
      <text FeatureID="-1">записи про справи, редагування</text>
      <target FeatureID="-1" href="FSCA_HLP_TODO_VIEWER.html">Редагування записів про справи</target>
   </keywords>
   <keywords>
      <text FeatureID="-1">записи про річницю, перегляд</text>
      <target FeatureID="-1" href="FSCA_HLP_ANNI_VIEWER.html">Редагування записів про річницю</target>
   </keywords>
   <keywords>
      <text FeatureID="-1">запрошення на зустріч, редагування відповідей</text>
      <target FeatureID="-1" href="FSCA_HLP_RESPONSE_EDITOR.html">Редагування своєї відповіді</target>
   </keywords>
   <keywords>
      <text FeatureID="-1">запрошення на зустріч, керування</text>
      <target FeatureID="-1" href="FSCA_HLP_VIEWER_ORGANIZER.html">Керування запрошеннями на зустріч</target>
   </keywords>
   <keywords>
      <text FeatureID="-1">запрошення на зустріч, редагування</text>
      <target FeatureID="-1" href="MEET_REQ_HLP_EDITOR.html">Отримані запрошення на зустріч</target>
   </keywords>
   <keywords>
      <text FeatureID="-1">запрошення на зустріч, відповідь</text>
      <target FeatureID="-1" href="FSCA_HLP_VIEWER.html">Відповідь на запрошення на зустріч</target>
   </keywords>
   <keywords>
      <text FeatureID="-1">контакти</text>
      <target FeatureID="-1" href="RLOOK_HLP_INFO_VIEW.html">Керування знайденим контактом</target>
   </keywords>
   <keywords>
      <text FeatureID="-1">контакти, пошук</text>
      <target FeatureID="-1" href="RLOOK_HLP_RESULT_VIEW.html">Результати пошуку</target>
   </keywords>
   <keywords>
      <text FeatureID="-1">електронна пошта, вкладення</text>
      <target FeatureID="-1" href="FSE_HLP_ATTACHMENT_LIST_EDITOR.html">Приєднання вкладень</target>
   </keywords>
   <keywords>
      <text FeatureID="-1">видалена електронна пошта</text>
      <target FeatureID="-1" href="FSE_HLP_MESSAGE_LIST_DELETED.html">Видалення електронних листів</target>
   </keywords>
   <keywords>
      <text FeatureID="-1">завантаження вкладень до електронних листів</text>
      <target FeatureID="-1" href="FSE_HLP_ATTACHMENT_LIST.html">Завантаження вкладень</target>
   </keywords>
   <keywords>
      <text FeatureID="-1">чернетка електронного листа</text>
      <target FeatureID="-1" href="FSE_HLP_MESSAGE_LIST_DRAFTS.html">Чернетки електронних листів</target>
   </keywords>
   <keywords>
      <text FeatureID="-1">Електронна пошта Nokia</text>
      <target FeatureID="-1" href="FSE_HLP_LAUNCHER_GRID.html">Ел. пошта Nokia</target>
   </keywords>
   <keywords>
      <text FeatureID="-1">електронна пошта</text>
      <target FeatureID="-1" href="FSE_HLP_LAUNCHER_GRID.html">Ел. пошта Nokia</target>
   </keywords>
   <keywords>
      <text FeatureID="-1">папки електронної пошти</text>
      <target FeatureID="-1" href="FSE_HLP_FOLDER_LIST.html">Папки електронної пошти</target>
      <target FeatureID="-1" href="FSE_HLP_SETT_IMAP_SUBSCR.html">Підписка на папки</target>
      <target FeatureID="-1" href="FSE_HLP_MESSAGE_LIST_INBOX.html">Робота з папками електронної пошти</target>
   </keywords>
   <keywords>
      <text FeatureID="-1">установки електронної пошти</text>
      <target FeatureID="-1" href="FSE_HLP_LAUNCHER_SETTINGS.html">Загальні установки електронної пошти</target>
      <target FeatureID="-1" href="FSE_HLP_POP_IMAP_SETT_MAIN.html">Установки електронної пошти</target>
      <target FeatureID="-1" href="FSE_HLP_IMS_SETTINGS_MAIN_VIEW.html">Установки електронної пошти</target>
      <target FeatureID="-1" href="FSE_HLP_MFE_SETTINGS_MAIN_VIEW.html">Установки електронної пошти</target>
   </keywords>
   <keywords>
      <text FeatureID="-1">глобальні установки електронної пошти</text>
      <target FeatureID="-1" href="FSE_HLP_SETTINGS_GLOBAL.html">Глобальні установки електронної пошти</target>
   </keywords>
   <keywords>
      <text FeatureID="-1">електронна пошта у форматі HTML</text>
      <target FeatureID="-1" href="FS_VIEWER_HLP_HTML_VIEW.html">Електронний лист у форматі HTML</target>
   </keywords>
   <keywords>
      <text FeatureID="-1">додаткові установки електронної пошти</text>
      <target FeatureID="-1" href="FSE_HLP_POP_IMAP_SETT_ADV.html">Розширені установки електронної пошти</target>
   </keywords>
   <keywords>
      <text FeatureID="-1">установки вхідної електронної пошти</text>
      <target FeatureID="-1" href="FSE_HLP_POP_IMAP_SETT_INCOMING.html">Установки вхідних листів</target>
   </keywords>
   <keywords>
      <text FeatureID="-1">установки вихідної електронної пошти</text>
      <target FeatureID="-1" href="FSE_HLP_POP_IMAP_SETT_OUTGOING.html">Установки вихідних листів</target>
   </keywords>
   <keywords>
      <text FeatureID="-1">синхронізація електронної пошти</text>
      <target FeatureID="-1" href="FSE_HLP_POP_IMAP_SETT_WHAT.html">Вибір вмісту для синхронізації</target>
   </keywords>
   <keywords>
      <text FeatureID="-1">час синхронізації електронної пошти</text>
      <target FeatureID="-1" href="FSE_HLP_POP_IMAP_SETT_WHEN.html">Вибір часу синхронізації</target>
      <target FeatureID="-1" href="FSE_HLP_IMS_SETTINGS_WHEN_SYNC.html">Визначення часу синхронізації</target>
      <target FeatureID="-1" href="FSE_HLP_MFE_SETTINGS_WHEN_SYNC.html">Вибір часу синхронізації</target>
      <target FeatureID="-1" href="FSE_HLP_SETTINGS_WHEN_SYNC.html">Час синхронізації</target>
   </keywords>
   <keywords>
      <text FeatureID="-1">установки облікового запису електронної пошти</text>
      <target FeatureID="-1" href="FSE_HLP_IMS_SETTINGS_ACCT_INFO.html">Установки облікового запису електронної пошти</target>
   </keywords>
   <keywords>
      <text FeatureID="-1">додаткові установки поштової скриньки</text>
      <target FeatureID="-1" href="FSE_HLP_IMS_SETTINGS_ADVANCED.html">Додаткові установки поштової скриньки</target>
      <target FeatureID="-1" href="FSE_HLP_MFE_SETTINGS_ADVANCED.html">Додаткові установки поштової скриньки</target>
   </keywords>
   <keywords>
      <text FeatureID="-1">установки поштової скриньки</text>
      <target FeatureID="-1" href="FSE_HLP_IMS_SETTINGS_MAILBOX.html">Установки поштової скриньки</target>
      <target FeatureID="-1" href="FSE_HLP_MFE_SETTINGS_MAILBOX.html">Загальні установки поштової скриньки</target>
   </keywords>
   <keywords>
      <text FeatureID="-1">вміст для синхронізації електронної пошти</text>
      <target FeatureID="-1" href="FSE_HLP_IMS_SETTINGS_WHAT_SYNC.html">Визначення вмісту для синхронізації</target>
      <target FeatureID="-1" href="FSE_HLP_MFE_SETTINGS_WHAT_SYNC.html">Вибір вмісту для синхронізації</target>
   </keywords>
   <keywords>
      <text FeatureID="-1">синхронізація папок електронної пошти</text>
      <target FeatureID="-1" href="FSE_HLP_IMS_SETTINGS_FOLDER.html">Синхронізація папок електронної пошти</target>
      <target FeatureID="-1" href="FSE_HLP_MFE_SETTINGS_FOLDER.html">Установки синхронізації</target>
   </keywords>
   <keywords>
      <text FeatureID="-1">установки служби електронної пошти</text>
      <target FeatureID="-1" href="FSE_HLP_SETTINGS_INTELL_LIST.html">Установки служби електронної пошти</target>
   </keywords>
   <keywords>
      <text FeatureID="-1">Intellisync</text>
      <target FeatureID="-1" href="FSE_HLP_IMS_LAUNCHER_MAIN_VIEW.html">Ел. пошта Intellisync</target>
   </keywords>
   <keywords>
      <text FeatureID="-1">Mail for Exchange</text>
      <target FeatureID="-1" href="FSE_HLP_MFE_LAUNCHER_MAIN_VIEW.html">Ел. пошта Mail for Exchange</target>
   </keywords>
   <keywords>
      <text FeatureID="-1">деталі електронного листа</text>
      <target FeatureID="-1" href="FS_VIEWER_HLP_DETAILS_VIEW.html">Деталі повідомлення</target>
   </keywords>
   <keywords>
      <text FeatureID="-1">установки синхронізації електронної пошти</text>
      <target FeatureID="-1" href="FSE_HLP_MFE_SETTINGS_PIM_APPS.html">Установки синхронізації програм</target>
   </keywords>
   <keywords>
      <text FeatureID="-1">синхронізація календаря</text>
      <target FeatureID="-1" href="FSE_HLP_MFE_CALENDAR_APP.html">Установки синхронізації календаря</target>
   </keywords>
   <keywords>
      <text FeatureID="-1">синхронізація контактів,</text>
      <target FeatureID="-1" href="FSE_HLP_MFE_CONTACTS_APP.html">Установки синхронізації програми "Контакти"</target>
   </keywords>
   <keywords>
      <text FeatureID="-1">синхронізація справ</text>
      <target FeatureID="-1" href="FSE_HLP_MFE_TASKS_APP.html">Установки синхронізації справ</target>
   </keywords>
   <keywords>
      <text FeatureID="-1">немає електронних листів</text>
      <target FeatureID="-1" href="FSE_HLP_MESSAGE_LIST_EMPTY.html">Немає повідомлень</target>
   </keywords>
   <keywords>
      <text FeatureID="-1">папка «Вихідні» електронної пошти</text>
      <target FeatureID="-1" href="FSE_HLP_MESSAGE_LIST_OUTBOX.html">Робота з папкою "Вихідні"</target>
   </keywords>
   <keywords>
      <text FeatureID="-1">запрошення на зустріч</text>
      <target FeatureID="-1" href="FS_VIEWER_HLP_MEETING_REQ_VIEW.html">Запрошення на зустріч</target>
   </keywords>
   <keywords>
      <text FeatureID="-1">пошук електронної пошти</text>
      <target FeatureID="-1" href="FSE_HLP_MESSAGE_LIST_SEARCHING.html">Пошук ел. пошти</target>
   </keywords>
   <keywords>
      <text FeatureID="-1">результати пошуку електронної пошти</text>
      <target FeatureID="-1" href="FSE_HLP_MESSAGE_LIST_SEARCHED.html">Результати пошуку</target>
   </keywords>
   <keywords>
      <text FeatureID="-1">надсилання електронної пошти</text>
      <target FeatureID="-1" href="FS_EDITOR_HLP_MAIN_VIEW.html">Надсилання електронних листів</target>
   </keywords>
   <keywords>
      <text FeatureID="-1">Служба PIM</text>
      <target FeatureID="-1" href="FSE_HLP_SETTINGS_PIM_VIEW.html">послуга PIM</target>
   </keywords>
   <keywords>
      <text FeatureID="-1">синхронізація програм</text>
      <target FeatureID="-1" href="FSE_HLP_SETTINGS_APPLICATIONS.html">Синхронізація програм</target>
   </keywords>
   <keywords>
      <text FeatureID="-1">вкладення до електронних листів</text>
      <target FeatureID="-1" href="FSE_HLP_ATTACHMENT_DOWNLOAD.html">Перегляд завантажуваних вкладень</target>
   </keywords>
   <keywords>
      <text FeatureID="-1">отримана електронна пошта</text>
      <target FeatureID="-1" href="FS_VIEWER_HLP_MAIN_VIEW.html">Робота з отриманою електронної поштою</target>
   </keywords>
</keywords>