<?xml version="1.0" encoding="UTF-8"?>
<keywords>
   <keywords>
      <text FeatureID="-1">agenda</text>
      <target FeatureID="-1" href="CALE_HLP_NOTE_ANNIVERSARY.html">Entradas de aniversario</target>
      <target FeatureID="-1" href="CALE_HLP_NOTE_VIEWER.html">Entradas de agenda</target>
      <target FeatureID="-1" href="CALE_HLP_DAY_VIEW.html">Vista del día</target>
      <target FeatureID="-1" href="CALE_HLP_NOTE_MEETING.html">Entradas de reunión</target>
      <target FeatureID="-1" href="CALE_HLP_NOTE_DAY.html">Entradas de memorándum</target>
      <target FeatureID="-1" href="CALE_HLP_MONTH_VIEW.html">Vista del mes</target>
      <target FeatureID="-1" href="CALE_HLP_TODO_NOTE.html">Entradas de tareas</target>
      <target FeatureID="-1" href="CALE_HLP_TODO_VIEW.html">Vista de tareas</target>
      <target FeatureID="-1" href="CALE_HLP_WEEK_VIEW.html">Vista de la semana</target>
   </keywords>
   <keywords>
      <text FeatureID="-1">notas de aniversario</text>
      <target FeatureID="-1" href="CALE_HLP_NOTE_ANNIVERSARY.html">Entradas de aniversario</target>
      <target FeatureID="-1" href="CALE_HLP_NOTE_VIEWER.html">Entradas de agenda</target>
   </keywords>
   <keywords>
      <text FeatureID="-1">reuniones</text>
      <target FeatureID="-1" href="CALE_HLP_NOTE_VIEWER.html">Entradas de agenda</target>
      <target FeatureID="-1" href="CALE_HLP_NOTE_MEETING.html">Entradas de reunión</target>
   </keywords>
   <keywords>
      <text FeatureID="-1">memorándums</text>
      <target FeatureID="-1" href="CALE_HLP_NOTE_VIEWER.html">Entradas de agenda</target>
      <target FeatureID="-1" href="CALE_HLP_NOTE_DAY.html">Entradas de memorándum</target>
   </keywords>
   <keywords>
      <text FeatureID="-1">notas de tareas</text>
      <target FeatureID="-1" href="CALE_HLP_NOTE_VIEWER.html">Entradas de agenda</target>
      <target FeatureID="-1" href="CALE_HLP_TODO_NOTE.html">Entradas de tareas</target>
   </keywords>
   <keywords>
      <text FeatureID="-1">configuraciones agenda</text>
      <target FeatureID="-1" href="CALE_HLP_SETTINGS.html">Configuraciones agenda</target>
   </keywords>
   <keywords>
      <text FeatureID="-1">lista de tareas</text>
      <target FeatureID="-1" href="CALE_HLP_TODO_VIEW.html">Vista de tareas</target>
   </keywords>
</keywords>