<?xml version="1.0" encoding="UTF-8"?>
<keywords>
   <keywords>
      <text FeatureID="-1">agenda</text>
      <target FeatureID="-1" href="CALE_HLP_NOTE_VIEWER.html">Entradas de agenda</target>
      <target FeatureID="-1" href="CALE_HLP_DAY_VIEW.html">Vista del día</target>
      <target FeatureID="-1" href="CALE_HLP_NOTE_MEETING.html">Entradas de reunión</target>
      <target FeatureID="-1" href="CALE_HLP_MONTH_VIEW.html">Vista del mes</target>
      <target FeatureID="-1" href="CALE_HLP_TODO_NOTE.html">Entradas de tareas</target>
      <target FeatureID="-1" href="CALE_HLP_TODO_VIEW.html">Vista de tareas</target>
      <target FeatureID="-1" href="CALE_HLP_WEEK_VIEW.html">Vista de la semana</target>
      <target FeatureID="-1" href="CALE_HLP_CALENDAR_DATABASE_SETTINGS.html">Configuraciones varias agendas</target>
      <target FeatureID="-1" href="CALE_HLP_CALE_MAN_VIEW.html">Vista administración agendas</target>
      <target FeatureID="-1" href="CALE_HLP_ATTACH_VIEW.html">Vista archivos adjuntos</target>
      <target FeatureID="-1" href="CALE_HLP_MAV.html">Vista alarmas perdidas</target>
   </keywords>
   <keywords>
      <text FeatureID="-1">reuniones</text>
      <target FeatureID="-1" href="CALE_HLP_NOTE_VIEWER.html">Entradas de agenda</target>
      <target FeatureID="-1" href="CALE_HLP_NOTE_MEETING.html">Entradas de reunión</target>
   </keywords>
   <keywords>
      <text FeatureID="-1">notas de tareas</text>
      <target FeatureID="-1" href="CALE_HLP_NOTE_VIEWER.html">Entradas de agenda</target>
      <target FeatureID="-1" href="CALE_HLP_TODO_NOTE.html">Entradas de tareas</target>
   </keywords>
   <keywords>
      <text FeatureID="-1">configuraciones agenda</text>
      <target FeatureID="-1" href="CALE_HLP_SETTINGS.html">Configuraciones agenda</target>
   </keywords>
   <keywords>
      <text FeatureID="-1">lista de tareas</text>
      <target FeatureID="-1" href="CALE_HLP_TODO_VIEW.html">Vista de tareas</target>
   </keywords>
   <keywords>
      <text FeatureID="-1">configuraciones, agenda</text>
      <target FeatureID="-1" href="CALE_HLP_CALENDAR_DATABASE_SETTINGS.html">Configuraciones varias agendas</target>
   </keywords>
   <keywords>
      <text FeatureID="-1">archivos adjuntos</text>
      <target FeatureID="-1" href="CALE_HLP_ATTACH_VIEW.html">Vista archivos adjuntos</target>
   </keywords>
   <keywords>
      <text FeatureID="-1">alarmas, nota de agenda</text>
      <target FeatureID="-1" href="CALE_HLP_MAV.html">Vista alarmas perdidas</target>
   </keywords>
</keywords>