<?xml version="1.0" encoding="UTF-8"?>
<keywords>
   <keywords>
      <text FeatureID="-1">اي ميل کي ترتيبات</text>
      <target FeatureID="-1" href="MBXS_HLP_SETT_DOWNL_CTRL.html">ای میل بازیافت ترتیبات</target>
      <target FeatureID="-1" href="MBXS_HLP_SETT_DOWNL_RETR.html">ای-میل کی مقدار بازیافت</target>
      <target FeatureID="-1" href="MBXS_HLP_SETT_MBX_IN.html">درآمد ميل ترتيب</target>
      <target FeatureID="-1" href="MBXS_HLP_SETT_MBX_IN_OUT.html">کنکشن کي ترتيبات</target>
      <target FeatureID="-1" href="MBXS_HLP_SETT_MBX_OUT.html">برآمدی ای-میل ترتیبات</target>
      <target FeatureID="-1" href="MCE_HLP_SETTINGS_EMAIL.html">اي ميل کي ترتيبات</target>
      <target FeatureID="-1" href="MCE_HLP_SETT_EMAILMAIN.html">میل باکسوں کو ترمیم کریں</target>
      <target FeatureID="-1" href="MCE_HLP_SETT_MAILBLIST.html">ميل بکس</target>
      <target FeatureID="-1" href="MCE_HLP_SETT_MAILFOLDER_UPD.html">ميل بکس کے فولڈر</target>
      <target FeatureID="true_1633" href="MCE_HLP_SETT_MAIL_ONLI.html">خود کار بازیافت</target>
   </keywords>
   <keywords>
      <text FeatureID="-1">میل باکس کی ترتیبات</text>
      <target FeatureID="-1" href="MCE_HLP_SETT_EMAILMAIN.html">میل باکسوں کو ترمیم کریں</target>
   </keywords>
   <keywords>
      <text FeatureID="-1">ميل بکس</text>
      <target FeatureID="-1" href="MCE_HLP_SETT_MAILBLIST.html">ميل بکس</target>
      <target FeatureID="-1" href="MCE_HLP_MAILBOX_ONLINE.html">آن لائن ای-میل</target>
   </keywords>
   <keywords>
      <text FeatureID="-1">ميل بکس کے فولڈر</text>
      <target FeatureID="-1" href="MCE_HLP_SETT_MAILFOLDER_UPD.html">ميل بکس کے فولڈر</target>
   </keywords>
   <keywords>
      <text FeatureID="-1">ترتیباتِ صارف</text>
      <target FeatureID="-1" href="MCE_HLP_SETT_MAIL_USER.html">ترتیباتِ صارف</target>
   </keywords>
   <keywords>
      <text FeatureID="true_44">ہمزمانہ میل باکس ترتیبات</text>
      <target FeatureID="true_44" href="MCE_HLP_SETT_SMAILBOX.html">ہمزمانہ میل باکس ترتیبات</target>
   </keywords>
   <keywords>
      <text FeatureID="true_44">ہمزمانہ ای-میل ترتیبات</text>
      <target FeatureID="true_44" href="MCE_HLP_SETT_SMAILBOX.html">ہمزمانہ میل باکس ترتیبات</target>
   </keywords>
   <keywords>
      <text FeatureID="-1">آف لائن اي ميل</text>
      <target FeatureID="-1" href="MCE_HLP_MAILBOX_OFFLINE.html">آف لائن ای-میل</target>
   </keywords>
   <keywords>
      <text FeatureID="-1">ميل بکس سے متصل</text>
      <target FeatureID="-1" href="MCE_HLP_MAILBOX_ONLINE.html">آن لائن ای-میل</target>
   </keywords>
   <keywords>
      <text FeatureID="-1">اي ميل، آن لائن</text>
      <target FeatureID="-1" href="MCE_HLP_MAILBOX_ONLINE.html">آن لائن ای-میل</target>
      <target FeatureID="-1" href="MCE_HLP_MAILBOX_ONLINE.html">آن لائن ای-میل</target>
   </keywords>
</keywords>