<?xml version="1.0" encoding="UTF-8"?>
<keywords>
   <keywords>
      <text FeatureID="-1">Bluetooth</text>
      <target FeatureID="-1" href="BT_HLP_MAIN.html">Bluetooth</target>
      <target FeatureID="-1" href="BT_HLP_PAIRED.html">Apparaten koppelen</target>
      <target FeatureID="-1" href="BT_HLP_BLOCKED.html">Apparaten blokkeren</target>
   </keywords>
   <keywords>
      <text FeatureID="-1">Bluetooth-instellingen</text>
      <target FeatureID="-1" href="BT_HLP_MAIN.html">Bluetooth</target>
   </keywords>
   <keywords>
      <text FeatureID="-1">koppelingsapparaten</text>
      <target FeatureID="-1" href="BT_HLP_PAIRED.html">Apparaten koppelen</target>
   </keywords>
   <keywords>
      <text FeatureID="-1">geblokkeerde apparaten</text>
      <target FeatureID="-1" href="BT_HLP_BLOCKED.html">Apparaten blokkeren</target>
   </keywords>
   <keywords>
      <text FeatureID="true_12">draadloos toetsenbord</text>
      <target FeatureID="true_12" href="BTKEYBOARD_HLP_SETTINGS.html">Draadloos toetsenbord</target>
   </keywords>
</keywords>