<?xml version="1.0" encoding="UTF-8"?>
<keywords>
   <keywords>
      <text FeatureID="-1">bralec sporočil, jezik</text>
      <target FeatureID="-1" href="SPEECH_HLP_MAIN.html">Nast. govora</target>
   </keywords>
   <keywords>
      <text FeatureID="-1">bralec sporočil, glas</text>
      <target FeatureID="-1" href="SPEECH_HLP_MAIN.html">Nast. govora</target>
   </keywords>
   <keywords>
      <text FeatureID="-1">bralec sporočil</text>
      <target FeatureID="-1" href="SPEECH_HLP_VOICE.html">Podrobnosti glasu</target>
   </keywords>
   <keywords>
      <text FeatureID="-1">bralec sporočil, nastavitve</text>
      <target FeatureID="-1" href="SPEECH_HLP_MRSETTINGS.html">Nast. bralca spor.</target>
   </keywords>
</keywords>