<?xml version="1.0" encoding="UTF-8"?>
<keywords>
   <keywords>
      <text FeatureID="-1">klukka, hljóðmerki</text>
      <target FeatureID="-1" href="CLK_HLP_ALARM_EDITOR.html">Vekjaraklukkan stillt</target>
   </keywords>
   <keywords>
      <text FeatureID="-1">vekjara­klukka</text>
      <target FeatureID="-1" href="CLK_HLP_ALARM_EDITOR.html">Vekjaraklukkan stillt</target>
      <target FeatureID="-1" href="CLK_HLP_REAL_TIME_CLOCK_IN.html">Aðalskjár klukku</target>
   </keywords>
   <keywords>
      <text FeatureID="-1">klukka</text>
      <target FeatureID="-1" href="CLK_HLP_REAL_TIME_CLOCK_IN.html">Aðalskjár klukku</target>
      <target FeatureID="-1" href="CLK_HLP_WRLD_CLK.html">Heimsklukka</target>
   </keywords>
   <keywords>
      <text FeatureID="-1">dags- og tímastillingar</text>
      <target FeatureID="-1" href="CLK_HLP_SETTINGS.html">Dags- og tímastillingar</target>
   </keywords>
   <keywords>
      <text FeatureID="-1">stillingar klukku</text>
      <target FeatureID="-1" href="CLK_HLP_SETTINGS.html">Dags- og tímastillingar</target>
   </keywords>
   <keywords>
      <text FeatureID="-1">klukka, tímabelti</text>
      <target FeatureID="-1" href="CLK_HLP_REAL_TIME_CLOCK_AN.html">Staðartími</target>
   </keywords>
   <keywords>
      <text FeatureID="-1">staðartími og tímabelti</text>
      <target FeatureID="-1" href="CLK_HLP_REAL_TIME_CLOCK_AN.html">Staðartími</target>
   </keywords>
   <keywords>
      <text FeatureID="-1">heimsklukka</text>
      <target FeatureID="-1" href="CLK_HLP_WRLD_CLK.html">Heimsklukka</target>
   </keywords>
</keywords>