<?xml version="1.0" encoding="UTF-8"?>
<keywords>
   <keywords>
      <text FeatureID="-1">emitirane poruke</text>
      <target FeatureID="-1" href="CBS_HLP_TOPIC_VIEW.html">Emitirane poruke</target>
      <target FeatureID="-1" href="CBS_HLP_MAIN.html">Teme emitiranih poruka</target>
      <target FeatureID="-1" href="CBS_HLP_MSG.html">Prikaz CBS poruka</target>
   </keywords>
   <keywords>
      <text FeatureID="-1">emitirane poruke, teme</text>
      <target FeatureID="-1" href="CBS_HLP_MAIN.html">Teme emitiranih poruka</target>
   </keywords>
</keywords>