<?xml version="1.0" encoding="UTF-8"?>
<keywords>
   <keywords>
      <text FeatureID="true_410">hovory, vytváranie</text>
      <target FeatureID="true_410" href="DIALER_HLP_MAIN.html">Uskutočňovanie telefonických hovorov</target>
   </keywords>
   <keywords>
      <text FeatureID="-1">telefonické hovory</text>
      <target FeatureID="-1" href="INCAL_HLP_CALL_HANDLING.html">Telefonické hovory</target>
   </keywords>
   <keywords>
      <text FeatureID="-1">konferenčné hovory</text>
      <target FeatureID="-1" href="INCAL_HLP_CALL_HANDLING.html">Telefonické hovory</target>
   </keywords>
   <keywords>
      <text FeatureID="-1">prepínanie hovorov</text>
      <target FeatureID="-1" href="INCAL_HLP_CALL_HANDLING.html">Telefonické hovory</target>
   </keywords>
   <keywords>
      <text FeatureID="-1">telefón</text>
      <target FeatureID="-1" href="INCAL_HLP_CALL_HANDLING.html">Telefonické hovory</target>
   </keywords>
   <keywords>
      <text FeatureID="true_410">Tóny DTMF</text>
      <target FeatureID="true_410" href="DIALER_HLP_SEND_DTMF.html">Posielanie tónov DTMF</target>
   </keywords>
   <keywords>
      <text FeatureID="true_89">videohovory</text>
      <target FeatureID="true_89" href="INCAL_HLP_VIDEO_CALL.html">Videohovory</target>
   </keywords>
</keywords>