<?xml version="1.0" encoding="UTF-8"?>
<keywords>
   <keywords>
      <text FeatureID="-1">paramètres du compte e-mail</text>
      <target FeatureID="-1" href="FSE_HLP_IMS_SETTINGS_ACCT_INFO.html">Paramètres du compte e-mail</target>
   </keywords>
   <keywords>
      <text FeatureID="-1">paramètres avancés de la boîte aux lettres</text>
      <target FeatureID="-1" href="FSE_HLP_IMS_SETTINGS_ADVANCED.html">Paramètres avancés de la boîte aux lettres</target>
   </keywords>
   <keywords>
      <text FeatureID="-1">paramètres de la boîte aux lettres</text>
      <target FeatureID="-1" href="FSE_HLP_IMS_SETTINGS_MAILBOX.html">Paramètres de la boîte aux lettres</target>
   </keywords>
   <keywords>
      <text FeatureID="-1">contenu de la synchronisation de l'e-mail</text>
      <target FeatureID="-1" href="FSE_HLP_IMS_SETTINGS_WHAT_SYNC.html">Définir le contenu à synchroniser</target>
   </keywords>
   <keywords>
      <text FeatureID="-1">heure de synchronisation de l'e-mail</text>
      <target FeatureID="-1" href="FSE_HLP_IMS_SETTINGS_WHEN_SYNC.html">Définir l'heure de la synchronisation</target>
   </keywords>
   <keywords>
      <text FeatureID="-1">synchronisation des dossiers d'e-mail</text>
      <target FeatureID="-1" href="FSE_HLP_IMS_SETTINGS_FOLDER.html">Synchroniser les dossiers d'e-mail</target>
   </keywords>
   <keywords>
      <text FeatureID="-1">paramètres des services e-mail</text>
      <target FeatureID="-1" href="FSE_HLP_SETTINGS_INTELL_LIST.html">Paramètres des services e-mail</target>
   </keywords>
   <keywords>
      <text FeatureID="-1">paramètres des e-mails</text>
      <target FeatureID="-1" href="FSE_HLP_IMS_SETTINGS_MAIN_VIEW.html">Paramètres des e-mails</target>
   </keywords>
   <keywords>
      <text FeatureID="-1">Intellisync</text>
      <target FeatureID="-1" href="FSE_HLP_IMS_LAUNCHER_MAIN_VIEW.html">E-mail Intellisync</target>
   </keywords>
</keywords>