<?xml version="1.0" encoding="UTF-8"?>
<keywords>
   <keywords>
      <text FeatureID="-1">Zertifikate</text>
      <target FeatureID="-1" href="AM_HLP_GENERAL_SETTINGS.html">Zertifikateinstellungen</target>
   </keywords>
   <keywords>
      <text FeatureID="-1">Einstellungen, Zertifikate</text>
      <target FeatureID="-1" href="AM_HLP_GENERAL_SETTINGS.html">Zertifikateinstellungen</target>
   </keywords>
   <keywords>
      <text FeatureID="-1">Installation von Programmen</text>
      <target FeatureID="-1" href="AM_HLP_NOT_INSTALLED.html">Installationsdateien</target>
      <target FeatureID="-1" href="AM_HLP_APPLICATION.html">Programme verwalten</target>
   </keywords>
   <keywords>
      <text FeatureID="-1">Nicht installierte Programme</text>
      <target FeatureID="-1" href="AM_HLP_NOT_INSTALLED.html">Installationsdateien</target>
   </keywords>
   <keywords>
      <text FeatureID="-1">installierte Programme</text>
      <target FeatureID="-1" href="AM_HLP_INSTALLED.html">Installierte Programme</target>
   </keywords>
   <keywords>
      <text FeatureID="-1">Software installieren</text>
      <target FeatureID="-1" href="AM_HLP_APPLICATION.html">Programme verwalten</target>
   </keywords>
   <keywords>
      <text FeatureID="-1">Zustimmungsanforderungen</text>
      <target FeatureID="-1" href="AM_HLP_INSTALL_CAPAB.html">Zustimmungsanforderungen</target>
   </keywords>
   <keywords>
      <text FeatureID="-1">nicht vertrauenswürdige Installation</text>
      <target FeatureID="-1" href="AM_HLP_INSTALL_UNTRUSTED.html">Nicht vertrauenswürdige Installation</target>
   </keywords>
</keywords>