<?xml version="1.0" encoding="UTF-8"?>
<keywords>
   <keywords>
      <text FeatureID="-1">e-pasta uzstādījumi</text>
      <target FeatureID="-1" href="MBXS_HLP_SETT_DOWNL_CTRL.html">E-pasta ielādes uzstādījumi</target>
      <target FeatureID="-1" href="MBXS_HLP_SETT_DOWNL_RETR.html">E-pasta ielādes apjoms</target>
      <target FeatureID="-1" href="MBXS_HLP_SETT_MBX_IN.html">Ienākošā e-pasta uzstādījumi</target>
      <target FeatureID="-1" href="MBXS_HLP_SETT_MBX_IN_OUT.html">Savienojuma uzstādījumi</target>
      <target FeatureID="-1" href="MBXS_HLP_SETT_MBX_OUT.html">Izejošā e-pasta uzstādījumi</target>
      <target FeatureID="-1" href="MCE_HLP_SETTINGS_EMAIL.html">E-pasta uzstādījumi</target>
      <target FeatureID="-1" href="MCE_HLP_SETT_EMAILMAIN.html">Pastkastu rediģēšana</target>
      <target FeatureID="-1" href="MCE_HLP_SETT_MAILBLIST.html">Pastkastes</target>
      <target FeatureID="-1" href="MCE_HLP_SETT_MAILFOLDER_UPD.html">Pastkastes mapes</target>
      <target FeatureID="true_1633" href="MCE_HLP_SETT_MAIL_ONLI.html">Automātiskā ielāde</target>
   </keywords>
   <keywords>
      <text FeatureID="-1">pastkastes uzstādījumi</text>
      <target FeatureID="-1" href="MCE_HLP_SETT_EMAILMAIN.html">Pastkastu rediģēšana</target>
   </keywords>
   <keywords>
      <text FeatureID="-1">pastkaste</text>
      <target FeatureID="-1" href="MCE_HLP_SETT_MAILBLIST.html">Pastkastes</target>
      <target FeatureID="-1" href="MCE_HLP_MAILBOX_ONLINE.html">Tiešsaistes e-pasts</target>
   </keywords>
   <keywords>
      <text FeatureID="-1">pastkastes mapes</text>
      <target FeatureID="-1" href="MCE_HLP_SETT_MAILFOLDER_UPD.html">Pastkastes mapes</target>
   </keywords>
   <keywords>
      <text FeatureID="-1">lietotāja uzstādījumi</text>
      <target FeatureID="-1" href="MCE_HLP_SETT_MAIL_USER.html">Lietotāja uzstādījumi</target>
   </keywords>
   <keywords>
      <text FeatureID="true_44">pastkastes sinhronizācijas uzstādījumi</text>
      <target FeatureID="true_44" href="MCE_HLP_SETT_SMAILBOX.html">Pastkastes sinhronizācijas uzstādījumi</target>
   </keywords>
   <keywords>
      <text FeatureID="true_44">e-pasta sinhronizācijas uzstādījumi</text>
      <target FeatureID="true_44" href="MCE_HLP_SETT_SMAILBOX.html">Pastkastes sinhronizācijas uzstādījumi</target>
   </keywords>
   <keywords>
      <text FeatureID="-1">bezsaistes e-pasts</text>
      <target FeatureID="-1" href="MCE_HLP_MAILBOX_OFFLINE.html">Bezsaistes e-pasts</target>
   </keywords>
   <keywords>
      <text FeatureID="-1">savienojums ar pastkasti</text>
      <target FeatureID="-1" href="MCE_HLP_MAILBOX_ONLINE.html">Tiešsaistes e-pasts</target>
   </keywords>
   <keywords>
      <text FeatureID="-1">e-pasts tiešsaistē</text>
      <target FeatureID="-1" href="MCE_HLP_MAILBOX_ONLINE.html">Tiešsaistes e-pasts</target>
   </keywords>
   <keywords>
      <text FeatureID="-1">tiešsaistes e-pasts</text>
      <target FeatureID="-1" href="MCE_HLP_MAILBOX_ONLINE.html">Tiešsaistes e-pasts</target>
   </keywords>
</keywords>