<?xml version="1.0" encoding="UTF-8"?>
<keywords>
   <keywords>
      <text FeatureID="-1">edición de notas</text>
      <target FeatureID="-1" href="NMAKE_HLP_MEMO_VIEWER_EDIT.html">Editar notas en aplicaciones</target>
   </keywords>
   <keywords>
      <text FeatureID="-1">recibir notas</text>
      <target FeatureID="-1" href="NMAKE_HLP_MEMO_VIEWER.html">Ver notas recibidas</target>
   </keywords>
   <keywords>
      <text FeatureID="-1">plantillas de mensajes</text>
      <target FeatureID="-1" href="NMAKE_HLP_TEMPLATE_EDITOR.html">Escribir plantillas de mensaje</target>
   </keywords>
   <keywords>
      <text FeatureID="-1">creación de plantillas de mensajes</text>
      <target FeatureID="-1" href="NMAKE_HLP_TEMPLATE_EDITOR.html">Escribir plantillas de mensaje</target>
   </keywords>
   <keywords>
      <text FeatureID="-1">escritura de plantilla de mensajes</text>
      <target FeatureID="-1" href="NMAKE_HLP_TEMPLATE_EDITOR.html">Escribir plantillas de mensaje</target>
   </keywords>
   <keywords>
      <text FeatureID="-1">lista de notas</text>
      <target FeatureID="-1" href="NMAKE_HLP_MEMO_LIST.html">Lista de notas</target>
   </keywords>
   <keywords>
      <text FeatureID="-1">escribir notas</text>
      <target FeatureID="-1" href="NMAKE_HLP_MEMO_LIST.html">Lista de notas</target>
      <target FeatureID="-1" href="NMAKE_HLP_MEMO_EDITOR_APPS.html">Escribir notas en aplicaciones</target>
      <target FeatureID="-1" href="NMAKE_HLP_MEMO_EDITOR.html">Escribir notas</target>
   </keywords>
</keywords>