<?xml version="1.0" encoding="UTF-8"?>
<keywords>
   <keywords>
      <text FeatureID="-1">radyo</text>
      <target FeatureID="-1" href="FMRADIO_HLP_MAIN.html">Makinig sa radyo</target>
      <target FeatureID="-1" href="FMRADIO_HLP_SEARCH.html">Maghanap ng mga istasyon</target>
      <target FeatureID="-1" href="FMRADIO_HLP_LIST.html"> Mangasiwa ng mga istasyon ng radyo</target>
   </keywords>
   <keywords>
      <text FeatureID="-1">FM radio</text>
      <target FeatureID="-1" href="FMRADIO_HLP_MAIN.html">Makinig sa radyo</target>
      <target FeatureID="-1" href="FMRADIO_HLP_SEARCH.html">Maghanap ng mga istasyon</target>
      <target FeatureID="-1" href="FMRADIO_HLP_LIST.html"> Mangasiwa ng mga istasyon ng radyo</target>
   </keywords>
</keywords>