<?xml version="1.0" encoding="UTF-8"?>
<keywords>
   <keywords>
      <text FeatureID="true_13 true_1566">Povezivanje USB kablom</text>
      <target FeatureID="true_13" href="USB_HLP_MAIN.html">USB podešavanja</target>
      <target FeatureID="true_1566" href="USB_HLP_PRINT_SETTINGS.html">Podešavanja štampača</target>
   </keywords>
   <keywords>
      <text FeatureID="true_13">povezivanje kablom</text>
      <target FeatureID="true_13" href="USB_HLP_MAIN.html">USB podešavanja</target>
   </keywords>
   <keywords>
      <text FeatureID="true_1566">štampanje</text>
      <target FeatureID="true_1566" href="USB_HLP_PRINT_SETTINGS.html">Podešavanja štampača</target>
   </keywords>
   <keywords>
      <text FeatureID="true_1566">podešavanja, štampač</text>
      <target FeatureID="true_1566" href="USB_HLP_PRINT_SETTINGS.html">Podešavanja štampača</target>
   </keywords>
</keywords>