<?xml version="1.0" encoding="UTF-8"?>
<keywords>
   <keywords>
      <text FeatureID="true_13 true_1566">káblové spojenie USB</text>
      <target FeatureID="true_13" href="USB_HLP_MAIN.html">Nastavenia USB</target>
      <target FeatureID="true_1566" href="USB_HLP_PRINT_SETTINGS.html">Nastavenia tlačiarne</target>
   </keywords>
   <keywords>
      <text FeatureID="true_13">káblové spojenie</text>
      <target FeatureID="true_13" href="USB_HLP_MAIN.html">Nastavenia USB</target>
   </keywords>
   <keywords>
      <text FeatureID="true_1566">tlač</text>
      <target FeatureID="true_1566" href="USB_HLP_PRINT_SETTINGS.html">Nastavenia tlačiarne</target>
   </keywords>
   <keywords>
      <text FeatureID="true_1566">nastavenia, tlačiareň</text>
      <target FeatureID="true_1566" href="USB_HLP_PRINT_SETTINGS.html">Nastavenia tlačiarne</target>
   </keywords>
</keywords>