<?xml version="1.0" encoding="UTF-8"?>
<keywords>
   <keywords>
      <text FeatureID="-1">rellotge, alarmes</text>
      <target FeatureID="-1" href="CLK_HLP_ALARM_EDITOR.html">Editor de l'alarma del rellotge</target>
      <target FeatureID="-1" href="CLK_HLP_REAL_TIME_CLOCK_IN.html">Vista principal del rellotge</target>
   </keywords>
   <keywords>
      <text FeatureID="-1">despertador</text>
      <target FeatureID="-1" href="CLK_HLP_ALARM_EDITOR.html">Editor de l'alarma del rellotge</target>
      <target FeatureID="-1" href="CLK_HLP_REAL_TIME_CLOCK_IN.html">Vista principal del rellotge</target>
   </keywords>
   <keywords>
      <text FeatureID="-1">rellotge</text>
      <target FeatureID="-1" href="CLK_HLP_CNTDWN.html">Temporitzador enrere</target>
      <target FeatureID="-1" href="CLK_HLP_WRLD_CLK.html">Rellotge del món</target>
   </keywords>
   <keywords>
      <text FeatureID="-1">temporitzadors</text>
      <target FeatureID="-1" href="CLK_HLP_CNTDWN.html">Temporitzador enrere</target>
   </keywords>
   <keywords>
      <text FeatureID="-1">configuració de data i hora</text>
      <target FeatureID="-1" href="CLK_HLP_SETTINGS.html">Configuració de data i hora</target>
   </keywords>
   <keywords>
      <text FeatureID="-1">configuració de rellotge</text>
      <target FeatureID="-1" href="CLK_HLP_SETTINGS.html">Configuració de data i hora</target>
   </keywords>
   <keywords>
      <text FeatureID="-1">rellotge, zones horàries</text>
      <target FeatureID="-1" href="CLK_HLP_REAL_TIME_CLOCK_AN.html">Hora local</target>
   </keywords>
   <keywords>
      <text FeatureID="-1">hora local i zona horària</text>
      <target FeatureID="-1" href="CLK_HLP_REAL_TIME_CLOCK_AN.html">Hora local</target>
   </keywords>
   <keywords>
      <text FeatureID="-1">cronòmetre</text>
      <target FeatureID="-1" href="CCLK_HLP_STPWTCH.html">Cronòmetre</target>
   </keywords>
   <keywords>
      <text FeatureID="-1">rellotges de ciutats</text>
      <target FeatureID="-1" href="CLK_HLP_WRLD_CLK.html">Rellotge del món</target>
   </keywords>
   <keywords>
      <text FeatureID="-1">rellotge del món</text>
      <target FeatureID="-1" href="CLK_HLP_WRLD_CLK.html">Rellotge del món</target>
   </keywords>
</keywords>