<?xml version="1.0" encoding="UTF-8"?>
<keywords>
   <keywords>
      <text FeatureID="-1">Quickoffice, filbehandling</text>
      <target FeatureID="-1" href="QFM_HLP_FILE_MENU.html">Filbehandling</target>
   </keywords>
   <keywords>
      <text FeatureID="-1">Quickoffice</text>
      <target FeatureID="-1" href="QFM_HLP_LOC_MENU.html">Quickoffice</target>
   </keywords>
   <keywords>
      <text FeatureID="-1">Quickpoint, søke etter tekst</text>
      <target FeatureID="-1" href="QPOINT_HLP_FIND_VIEW.html">Søke etter disposisjonstekst</target>
   </keywords>
   <keywords>
      <text FeatureID="-1">Quickpoint, notater</text>
      <target FeatureID="-1" href="QPOINT_HLP_VIEW_NOTES_VIEW.html">Vise notater</target>
   </keywords>
   <keywords>
      <text FeatureID="-1">Quickpoint, disposisjoner</text>
      <target FeatureID="-1" href="QPOINT_HLP_VIEW_OUTLINE_VIEW.html">Vise disposisjoner</target>
   </keywords>
   <keywords>
      <text FeatureID="-1">Quickpoint</text>
      <target FeatureID="-1" href="QPOINT_HLP_VIEW_SLIDE_VIEW.html">Vise sider</target>
   </keywords>
   <keywords>
      <text FeatureID="-1">Quicksheet, søke etter tekst</text>
      <target FeatureID="-1" href="QSHEET_HLP_FIND_VIEW.html">Finne tekst i et regneark</target>
   </keywords>
   <keywords>
      <text FeatureID="-1">Quicksheet, celler</text>
      <target FeatureID="-1" href="QSHEET_HLP_VIEW_CELL.html">Vise celler</target>
   </keywords>
   <keywords>
      <text FeatureID="-1">Quickword, søke etter tekst</text>
      <target FeatureID="-1" href="QWORD_HLP_FIND_MODE.html">Søke etter tekst</target>
   </keywords>
   <keywords>
      <text FeatureID="-1">Quickword</text>
      <target FeatureID="-1" href="QWORD_HLP_VIEW_MODE.html">Vise dokumenter</target>
   </keywords>
   <keywords>
      <text FeatureID="-1">Quickword, sideoppsett</text>
      <target FeatureID="-1" href="QWORD_HLP_PAGE_VIEW.html">Vise sideoppsett</target>
   </keywords>
</keywords>