<?xml version="1.0" encoding="UTF-8"?>
<keywords>
   <keywords>
      <text FeatureID="-1">Quickoffice, filbehandling</text>
      <target FeatureID="-1" href="QFM_HLP_FILE_MENU.html">Filbehandling</target>
   </keywords>
   <keywords>
      <text FeatureID="-1">Quickoffice</text>
      <target FeatureID="-1" href="QFM_HLP_LOC_MENU.html">Quickoffice</target>
   </keywords>
   <keywords>
      <text FeatureID="-1">Quickpoint</text>
      <target FeatureID="-1" href="QPOINT_HLP_EDIT_SLIDE_VIEW.html">Rediger lysbilder</target>
      <target FeatureID="-1" href="QPOINT_HLP_REPLACE_VIEW.html">Søke etter og erstatte tekst</target>
      <target FeatureID="-1" href="QPOINT_HLP_FIND_VIEW.html">Søke etter tekst</target>
      <target FeatureID="-1" href="QPOINT_HLP_VIEW_SLIDE_VIEW.html">Vise sider</target>
   </keywords>
   <keywords>
      <text FeatureID="-1">Quickpoint, tekst</text>
      <target FeatureID="-1" href="QPOINT_HLP_EDIT_TEXT_VIEW.html">Redigere tekst</target>
   </keywords>
   <keywords>
      <text FeatureID="-1">Quickpoint, kommentarer</text>
      <target FeatureID="-1" href="QPOINT_HLP_COMMENT_VIEW.html">Vise kommentarer</target>
   </keywords>
   <keywords>
      <text FeatureID="-1">Quickpoint, notater</text>
      <target FeatureID="-1" href="QPOINT_HLP_VIEW_NOTES_VIEW.html">Vise notater</target>
   </keywords>
   <keywords>
      <text FeatureID="-1">Quickpoint, disposisjoner</text>
      <target FeatureID="-1" href="QPOINT_HLP_VIEW_OUTLINE_VIEW.html">Vise disposisjoner</target>
   </keywords>
   <keywords>
      <text FeatureID="-1">Quicksheet, celler</text>
      <target FeatureID="-1" href="QSHEET_HLP_CELLS_EDIT.html">Redigere celler</target>
      <target FeatureID="-1" href="QSHEET_HLP_VIEW_CELL.html">Vise celler</target>
   </keywords>
   <keywords>
      <text FeatureID="-1">Quicksheet, kolonner</text>
      <target FeatureID="-1" href="QSHEET_HLP_EDIT_COLUMN.html">Redigere kolonner</target>
   </keywords>
   <keywords>
      <text FeatureID="-1">Quicksheet, områder</text>
      <target FeatureID="-1" href="QSHEET_HLP_EDIT_RANGE.html">Redigere områder</target>
   </keywords>
   <keywords>
      <text FeatureID="-1">Quicksheet, rader</text>
      <target FeatureID="-1" href="QSHEET_HLP_EDIT_ROW.html">Redigere rader</target>
   </keywords>
   <keywords>
      <text FeatureID="-1">Quicksheet</text>
      <target FeatureID="-1" href="QSHEET_HLP_REPLACE_VIEW.html">Søke etter og erstatte tekst</target>
      <target FeatureID="-1" href="QSHEET_HLP_FIND_VIEW.html">Søke etter tekst</target>
      <target FeatureID="-1" href="QSHEET_HLP_CELLS_VIEW.html">Vise regneark</target>
   </keywords>
   <keywords>
      <text FeatureID="-1">Quickword</text>
      <target FeatureID="-1" href="QWORD_HLP_EDIT_MODE.html">Redigere dokumenter</target>
      <target FeatureID="-1" href="QWORD_HLP_FIND_MODE.html">Søke etter og erstatte tekst</target>
      <target FeatureID="-1" href="QWORD_HLP_VIEW_MODE.html">Vise dokumenter</target>
      <target FeatureID="-1" href="QWORD_HLP_PAGE_VIEW.html">Vise sideoppsett</target>
   </keywords>
</keywords>