<?xml version="1.0" encoding="UTF-8"?>
<keywords>
   <keywords>
      <text FeatureID="-1">گوینده پیام, زبان</text>
      <target FeatureID="-1" href="SPEECH_HLP_MAIN.html">تنظیمات گفتار</target>
   </keywords>
   <keywords>
      <text FeatureID="-1">گوینده پیام, صدا</text>
      <target FeatureID="-1" href="SPEECH_HLP_MAIN.html">تنظیمات گفتار</target>
   </keywords>
   <keywords>
      <text FeatureID="-1">خواننده پیام</text>
      <target FeatureID="-1" href="SPEECH_HLP_VOICE.html">جزئیات صدا</target>
   </keywords>
   <keywords>
      <text FeatureID="-1">گوینده پیام, تنظیمات</text>
      <target FeatureID="-1" href="SPEECH_HLP_MRSETTINGS.html">تنظیمات گوینده پیام</target>
   </keywords>
</keywords>