<?xml version="1.0" encoding="UTF-8"?>
<keywords>
   <keywords>
      <text FeatureID="-1">شاشة رئيسية</text>
      <target FeatureID="-1" href="SET_HLP_HOME_SCREEN.html">الشاشة الرئيسية</target>
      <target FeatureID="-1" href="SET_HLP_HOME_SCREEN_EDIT.html">تعديل الشاشة الرئيسية</target>
   </keywords>
   <keywords>
      <text FeatureID="-1">widgets</text>
      <target FeatureID="-1" href="WM_HLP_WIDGET_COLLECTION.html">كتالوج المحتوى</target>
   </keywords>
</keywords>