<?xml version="1.0" encoding="UTF-8"?>
<keywords>
   <keywords>
      <text FeatureID="-1">ضبط, صداها</text>
      <target FeatureID="-1" href="VOREC_HLP_EMPTY_RECORDER.html">ضبط کلیپ صوتی</target>
   </keywords>
   <keywords>
      <text FeatureID="-1">ضبط صوت</text>
      <target FeatureID="-1" href="VOREC_HLP_MAIN.html">استفاده از ضبط صوت</target>
   </keywords>
   <keywords>
      <text FeatureID="-1">ضبط کلیپ صوتی</text>
      <target FeatureID="-1" href="VOREC_HLP_MAIN.html">استفاده از ضبط صوت</target>
   </keywords>
   <keywords>
      <text FeatureID="-1">تنظیمات ضبط صوت</text>
      <target FeatureID="-1" href="VOREC_HLP_SETTINGS.html">تنظیمات ضبط صوت</target>
   </keywords>
</keywords>