<?xml version="1.0" encoding="UTF-8"?>
<keywords>
   <keywords>
      <text FeatureID="true_11008 false_11008">تسجيل الجهاز</text>
      <target FeatureID="true_11008" href="DRM_HLP_REGISTRATION_METERING.html">تسجيل الجهاز</target>
      <target FeatureID="false_11008" href="DRM_HLP_REGISTRATION.html">تسجيل الجهاز</target>
   </keywords>
   <keywords>
      <text FeatureID="true_11008">الحصول على حقوق الترخيص الآلية</text>
      <target FeatureID="true_11008" href="DRM_HLP_REGISTRATION_METERING.html">تسجيل الجهاز</target>
   </keywords>
   <keywords>
      <text FeatureID="true_11008">جمع معلومات عن المستخدم</text>
      <target FeatureID="true_11008" href="DRM_HLP_REGISTRATION_METERING.html">تسجيل الجهاز</target>
   </keywords>
</keywords>