<?xml version="1.0" encoding="UTF-8"?><?xml-stylesheet  href="../../theme/xsl/index2html.xslt" type="text/xsl"?>
<topics FeatureID="-1" title="Myndefni" compressed="true">
   <topicref FeatureID="-1" href="IPTV_HLP_MAIN_STATE.html" navtitle="Myndefni"/>
   <topicref FeatureID="-1" href="IPTV_HLP_VODCAST_MAIN.html" navtitle="Myndstraumar"/>
   <topicref FeatureID="-1" href="IPTV_HLP_SERVICE_SELECTION_VOD.html" navtitle="Val á myndefnisþjónustu"/>
   <topicref FeatureID="-1" href="IPTV_HLP_VOD_CATEGORIES.html" navtitle="Flokkar hreyfimynda"/>
   <topicref FeatureID="-1" href="IPTV_HLP_VOD.html" navtitle="Hreyfimyndir skoðaðar og þeim hlaðið niður"/>
   <topicref FeatureID="-1" href="IPTV_HLP_SCHEDULE_DOWNLOAD.html" navtitle="Niðurhal skipulagt"/>
   <topicref FeatureID="-1" href="IPTV_HLP_STORAGE.html" navtitle="Myndskeiðin mín"/>
   <topicref FeatureID="-1" href="IPTV_HLP_SETTINGS.html" navtitle="Stillingar Myndefnis"/>
   <topicref FeatureID="-1" href="IPTV_HLP_SERVICE_SEL_VODCAST.html" navtitle="Val á myndstraumum"/>
   <topicref FeatureID="-1" href="IPTV_HLP_ADD_SERVICE.html" navtitle="Bæta við myndstraumum"/>
</topics>