<?xml version="1.0" encoding="UTF-8"?>
<keywords>
   <keywords>
      <text FeatureID="-1">myndefni</text>
      <target FeatureID="-1" href="IPTV_HLP_MAIN_STATE.html">Myndefni</target>
      <target FeatureID="-1" href="IPTV_HLP_VODCAST_MAIN.html">Myndstraumar</target>
      <target FeatureID="-1" href="IPTV_HLP_SERVICE_SELECTION_VOD.html">Val á myndefnisþjónustu</target>
      <target FeatureID="-1" href="IPTV_HLP_VOD_CATEGORIES.html">Flokkar hreyfimynda</target>
      <target FeatureID="-1" href="IPTV_HLP_VOD.html">Hreyfimyndir skoðaðar og þeim hlaðið niður</target>
      <target FeatureID="-1" href="IPTV_HLP_SCHEDULE_DOWNLOAD.html">Niðurhal skipulagt</target>
      <target FeatureID="-1" href="IPTV_HLP_STORAGE.html">Myndskeiðin mín</target>
      <target FeatureID="-1" href="IPTV_HLP_SERVICE_SEL_VODCAST.html">Val á myndstraumum</target>
      <target FeatureID="-1" href="IPTV_HLP_ADD_SERVICE.html">Bæta við myndstraumum</target>
   </keywords>
   <keywords>
      <text FeatureID="-1">mynd­straumar</text>
      <target FeatureID="-1" href="IPTV_HLP_VODCAST_MAIN.html">Myndstraumar</target>
      <target FeatureID="-1" href="IPTV_HLP_SERVICE_SEL_VODCAST.html">Val á myndstraumum</target>
      <target FeatureID="-1" href="IPTV_HLP_ADD_SERVICE.html">Bæta við myndstraumum</target>
   </keywords>
   <keywords>
      <text FeatureID="-1">myndstraumar</text>
      <target FeatureID="-1" href="IPTV_HLP_VOD_CATEGORIES.html">Flokkar hreyfimynda</target>
   </keywords>
   <keywords>
      <text FeatureID="-1">niðurhal, myndskeið</text>
      <target FeatureID="-1" href="IPTV_HLP_VOD.html">Hreyfimyndir skoðaðar og þeim hlaðið niður</target>
      <target FeatureID="-1" href="IPTV_HLP_SCHEDULE_DOWNLOAD.html">Niðurhal skipulagt</target>
   </keywords>
   <keywords>
      <text FeatureID="-1">myndefni, stillingar</text>
      <target FeatureID="-1" href="IPTV_HLP_SETTINGS.html">Stillingar Myndefnis</target>
   </keywords>
   <keywords>
      <text FeatureID="-1">stillingar, myndskeið</text>
      <target FeatureID="-1" href="IPTV_HLP_SETTINGS.html">Stillingar Myndefnis</target>
   </keywords>
</keywords>