<?xml version="1.0" encoding="UTF-8"?>
<keywords>
   <keywords>
      <text FeatureID="true_298">mesin penjawab</text>
      <target FeatureID="true_298" href="SMSVO_HLP_CS_VIDEO_AND_XSP_VOIP.html">Kotak pesan panggilan, video, dan panggilan Internet</target>
   </keywords>
   <keywords>
      <text FeatureID="true_298">kotak pesan panggilan Internet</text>
      <target FeatureID="true_298" href="SMSVO_HLP_CS_VIDEO_AND_XSP_VOIP.html">Kotak pesan panggilan, video, dan panggilan Internet</target>
   </keywords>
   <keywords>
      <text FeatureID="true_298">kotak pesan panggilan</text>
      <target FeatureID="true_298" href="SMSVO_HLP_CS_VIDEO_AND_XSP_VOIP.html">Kotak pesan panggilan, video, dan panggilan Internet</target>
   </keywords>
   <keywords>
      <text FeatureID="-1">panggilan Internet</text>
      <target FeatureID="-1" href="VOIP_HLP_CSC.html">Pengaturan Internet</target>
      <target FeatureID="true_298" href="VOIP_HLP_SERVCATALOG.html">Katalog layanan</target>
      <target FeatureID="-1" href="SERVTAB_HLP_SETTINGS.html">Pengaturan tab layanan</target>
   </keywords>
</keywords>