<?xml version="1.0" encoding="UTF-8"?>
<keywords>
   <keywords>
      <text FeatureID="-1">相機</text>
      <target FeatureID="-1" href="LCAM_HLP_VIEWFINDER_PHOTO.html">拍攝圖像</target>
      <target FeatureID="-1" href="LCAM_HLP_LIGHT_SENSITIVITY.html">更換感光度</target>
      <target FeatureID="-1" href="LCAM_HLP_SETTINGS_PHOUSER.html">定義場景</target>
      <target FeatureID="-1" href="LCAM_HLP_SCENES_PHOTO.html">圖像場景</target>
      <target FeatureID="-1" href="LCAM_HLP_VIEWFINDER_VIDEO.html">錄製短片</target>
      <target FeatureID="-1" href="LCAM_HLP_SCENES_VIDEO.html">短片場景</target>
      <target FeatureID="-1" href="LCAM_HLP_VIEWFINDER_VIDEO_EM.html">應用程式中的短片</target>
      <target FeatureID="-1" href="LCAM_HLP_STANDBY_EM.html">相機未啟動</target>
      <target FeatureID="-1" href="LCAM_HLP_POST_VIDEO.html">播放短片</target>
      <target FeatureID="-1" href="LCAM_HLP_POST_PHOTO.html">檢視拍攝的圖像</target>
   </keywords>
   <keywords>
      <text FeatureID="-1">拍攝圖像</text>
      <target FeatureID="-1" href="LCAM_HLP_VIEWFINDER_PHOTO.html">拍攝圖像</target>
   </keywords>
   <keywords>
      <text FeatureID="-1">感光度</text>
      <target FeatureID="-1" href="LCAM_HLP_LIGHT_SENSITIVITY.html">更換感光度</target>
   </keywords>
   <keywords>
      <text FeatureID="-1">場景</text>
      <target FeatureID="-1" href="LCAM_HLP_SETTINGS_PHOUSER.html">定義場景</target>
      <target FeatureID="-1" href="LCAM_HLP_SCENES_PHOTO.html">圖像場景</target>
   </keywords>
   <keywords>
      <text FeatureID="-1">相機設定</text>
      <target FeatureID="-1" href="LCAM_HLP_SETTINGS.html">相機設定</target>
   </keywords>
   <keywords>
      <text FeatureID="-1">相機, 設定</text>
      <target FeatureID="-1" href="LCAM_HLP_SETTINGS_PHOTO.html">圖像設定</target>
      <target FeatureID="-1" href="LCAM_HLP_SETTINGS_VIDEO.html">短片設定</target>
   </keywords>
   <keywords>
      <text FeatureID="-1">錄製短片</text>
      <target FeatureID="-1" href="LCAM_HLP_VIEWFINDER_VIDEO.html">錄製短片</target>
   </keywords>
   <keywords>
      <text FeatureID="-1">短片場景</text>
      <target FeatureID="-1" href="LCAM_HLP_SCENES_VIDEO.html">短片場景</target>
   </keywords>
   <keywords>
      <text FeatureID="-1">短片, 設定</text>
      <target FeatureID="-1" href="LCAM_HLP_SETTINGS_VIDEO.html">短片設定</target>
   </keywords>
   <keywords>
      <text FeatureID="-1">應用程式中的短片</text>
      <target FeatureID="-1" href="LCAM_HLP_VIEWFINDER_VIDEO_EM.html">應用程式中的短片</target>
   </keywords>
   <keywords>
      <text FeatureID="-1">播放短片</text>
      <target FeatureID="-1" href="LCAM_HLP_POST_VIDEO.html">播放短片</target>
   </keywords>
   <keywords>
      <text FeatureID="-1">應用程式中的相機</text>
      <target FeatureID="-1" href="LCAM_HLP_VIEWFINDER_PHOTO_EM.html">應用程式中的圖像</target>
   </keywords>
   <keywords>
      <text FeatureID="-1">檢視圖像</text>
      <target FeatureID="-1" href="LCAM_HLP_POST_PHOTO.html">檢視拍攝的圖像</target>
   </keywords>
</keywords>