<?xml version="1.0" encoding="UTF-8"?>
<keywords>
   <keywords>
      <text FeatureID="-1">камера</text>
      <target FeatureID="-1" href="LCAM_HLP_VIEWFINDER_PHOTO.html">Фотосъемка</target>
      <target FeatureID="-1" href="LCAM_HLP_LIGHT_SENSITIVITY.html">Изменение светочувствительности</target>
      <target FeatureID="-1" href="LCAM_HLP_SETTINGS_PHOUSER.html">Задание сюжетов</target>
      <target FeatureID="-1" href="LCAM_HLP_SCENES_PHOTO.html">Сюжеты фотосъемки</target>
      <target FeatureID="-1" href="LCAM_HLP_VIEWFINDER_VIDEO.html">Запись видеоклипов</target>
      <target FeatureID="-1" href="LCAM_HLP_SCENES_VIDEO.html">Сюжеты видеосъемки</target>
      <target FeatureID="-1" href="LCAM_HLP_VIEWFINDER_VIDEO_EM.html">Видео в приложениях</target>
      <target FeatureID="-1" href="LCAM_HLP_STANDBY_EM.html">Камера неактивна</target>
      <target FeatureID="-1" href="LCAM_HLP_POST_VIDEO.html">Воспроизведение видеоклипов</target>
      <target FeatureID="-1" href="LCAM_HLP_POST_PHOTO.html">Просмотр снятых фотографий</target>
   </keywords>
   <keywords>
      <text FeatureID="-1">фотосъемка</text>
      <target FeatureID="-1" href="LCAM_HLP_VIEWFINDER_PHOTO.html">Фотосъемка</target>
   </keywords>
   <keywords>
      <text FeatureID="-1">светочувствительность</text>
      <target FeatureID="-1" href="LCAM_HLP_LIGHT_SENSITIVITY.html">Изменение светочувствительности</target>
   </keywords>
   <keywords>
      <text FeatureID="-1">сюжетные программы</text>
      <target FeatureID="-1" href="LCAM_HLP_SETTINGS_PHOUSER.html">Задание сюжетов</target>
   </keywords>
   <keywords>
      <text FeatureID="-1">сюжеты</text>
      <target FeatureID="-1" href="LCAM_HLP_SCENES_PHOTO.html">Сюжеты фотосъемки</target>
   </keywords>
   <keywords>
      <text FeatureID="-1">параметры камеры</text>
      <target FeatureID="-1" href="LCAM_HLP_SETTINGS.html">Настройки камеры</target>
   </keywords>
   <keywords>
      <text FeatureID="-1">камера, настройки</text>
      <target FeatureID="-1" href="LCAM_HLP_SETTINGS_PHOTO.html">Параметры изображения</target>
      <target FeatureID="-1" href="LCAM_HLP_SETTINGS_VIDEO.html">Параметры видео</target>
   </keywords>
   <keywords>
      <text FeatureID="-1">запись видео</text>
      <target FeatureID="-1" href="LCAM_HLP_VIEWFINDER_VIDEO.html">Запись видеоклипов</target>
   </keywords>
   <keywords>
      <text FeatureID="-1">сюжеты видеосъемки</text>
      <target FeatureID="-1" href="LCAM_HLP_SCENES_VIDEO.html">Сюжеты видеосъемки</target>
   </keywords>
   <keywords>
      <text FeatureID="-1">видео, настройки</text>
      <target FeatureID="-1" href="LCAM_HLP_SETTINGS_VIDEO.html">Параметры видео</target>
   </keywords>
   <keywords>
      <text FeatureID="-1">видеоклипы в приложениях</text>
      <target FeatureID="-1" href="LCAM_HLP_VIEWFINDER_VIDEO_EM.html">Видео в приложениях</target>
   </keywords>
   <keywords>
      <text FeatureID="-1">воспроизведение видеоклипов</text>
      <target FeatureID="-1" href="LCAM_HLP_POST_VIDEO.html">Воспроизведение видеоклипов</target>
   </keywords>
   <keywords>
      <text FeatureID="-1">камера в приложениях</text>
      <target FeatureID="-1" href="LCAM_HLP_VIEWFINDER_PHOTO_EM.html">Фотографии в приложениях</target>
   </keywords>
   <keywords>
      <text FeatureID="-1">просмотр изображений</text>
      <target FeatureID="-1" href="LCAM_HLP_POST_PHOTO.html">Просмотр снятых фотографий</target>
   </keywords>
</keywords>