<?xml version="1.0" encoding="UTF-8"?>
<keywords>
   <keywords>
      <text FeatureID="true_13 true_1566">USB کيبل کنکشن</text>
      <target FeatureID="true_13" href="USB_HLP_MAIN.html">USB کي ترتيبات</target>
      <target FeatureID="true_1566" href="USB_HLP_PRINT_SETTINGS.html">پرنٹر ترتیبات</target>
   </keywords>
   <keywords>
      <text FeatureID="true_13">کيبل کنکشن</text>
      <target FeatureID="true_13" href="USB_HLP_MAIN.html">USB کي ترتيبات</target>
   </keywords>
   <keywords>
      <text FeatureID="true_1566">چھاپنا</text>
      <target FeatureID="true_1566" href="USB_HLP_PRINT_SETTINGS.html">پرنٹر ترتیبات</target>
   </keywords>
   <keywords>
      <text FeatureID="true_1566">ترتيبات, پرنٹر</text>
      <target FeatureID="true_1566" href="USB_HLP_PRINT_SETTINGS.html">پرنٹر ترتیبات</target>
   </keywords>
</keywords>