<?xml version="1.0" encoding="UTF-8"?>
<keywords>
   <keywords>
      <text FeatureID="-1">Dateimanager</text>
      <target FeatureID="-1" href="FMGR_HLP_MEM_STORE_VIEW.html">Dateien verwalten</target>
      <target FeatureID="-1" href="FMGR_HLP_MAIN_VIEW.html">Dateimanager</target>
      <target FeatureID="-1" href="FMGR_HLP_SEARCH_RESULTS.html">Dateisuche</target>
      <target FeatureID="-1" href="FMGR_HLP_BACKUP_VIEW.html">Dateisicherung</target>
   </keywords>
   <keywords>
      <text FeatureID="-1">Speicherkarte</text>
      <target FeatureID="-1" href="FMGR_HLP_MEM_STORE_VIEW.html">Dateien verwalten</target>
      <target FeatureID="-1" href="FMGR_HLP_MAIN_VIEW.html">Dateimanager</target>
      <target FeatureID="-1" href="FMGR_HLP_BACKUP_VIEW.html">Dateisicherung</target>
   </keywords>
   <keywords>
      <text FeatureID="-1">Dateien suchen</text>
      <target FeatureID="-1" href="FMGR_HLP_SEARCH_RESULTS.html">Dateisuche</target>
   </keywords>
   <keywords>
      <text FeatureID="-1">Ordner suchen</text>
      <target FeatureID="-1" href="FMGR_HLP_SEARCH_RESULTS.html">Dateisuche</target>
   </keywords>
   <keywords>
      <text FeatureID="-1">Datensicherung</text>
      <target FeatureID="-1" href="FMGR_HLP_BACKUP_VIEW.html">Dateisicherung</target>
   </keywords>
</keywords>