<?xml version="1.0" encoding="UTF-8"?>
<keywords>
   <keywords>
      <text FeatureID="true_1116">sending dagbókaratriða</text>
      <target FeatureID="true_1116" href="SMART_HLP_CALENDAREDITOR.html">Sending dagbókaratriða</target>
   </keywords>
   <keywords>
      <text FeatureID="true_1114">taka við dagbókaratriðum</text>
      <target FeatureID="true_1114" href="SMART_HLP_CALENDARVIEWER.html">Móttekin dagbókaratriði</target>
   </keywords>
   <keywords>
      <text FeatureID="true_1114">dagbókaratriði</text>
      <target FeatureID="true_1114" href="SMART_HLP_CALPULLMESVIEWER.html">Niðurhal í dagbók</target>
   </keywords>
   <keywords>
      <text FeatureID="true_1117 true_1115">nafnspjöld</text>
      <target FeatureID="true_1117" href="SMART_HLP_BUSINESSEDITOR.html">Nafnspjöld send</target>
      <target FeatureID="true_1115" href="SMART_HLP_BUSINESSVIEWER.html">Móttekin nafnspjöld</target>
      <target FeatureID="true_1115" href="SMART_HLP_BUSPULLMESVIEWER.html">Hlaða niður nafnspjaldi</target>
   </keywords>
   <keywords>
      <text FeatureID="true_1111">hringitónar</text>
      <target FeatureID="true_1111" href="SMART_HLP_RINGVIEWER.html">Mótteknir hringitónar</target>
   </keywords>
   <keywords>
      <text FeatureID="true_1110">skjátákn símafyrirtækis</text>
      <target FeatureID="true_1110" href="SMART_HLP_OPLOGOVIEWER.html">Móttekin skjátákn símafyrirtækis</target>
   </keywords>
   <keywords>
      <text FeatureID="true_1106">bókamerki</text>
      <target FeatureID="true_1106" href="SMART_HLP_ONEBOOKVIEWER.html">Móttekin bókamerki</target>
   </keywords>
   <keywords>
      <text FeatureID="true_1112">taka við myndum</text>
      <target FeatureID="true_1112" href="SMART_HLP_GMSVIEWER.html">Myndskilaboð skoðuð</target>
   </keywords>
   <keywords>
      <text FeatureID="true_1112">myndskilaboð</text>
      <target FeatureID="true_1112" href="SMART_HLP_GMSVIEWER.html">Myndskilaboð skoðuð</target>
   </keywords>
   <keywords>
      <text FeatureID="true_1537">stillingar ytri disks</text>
      <target FeatureID="true_1537" href="SMART_HLP_REMOTEDRIVES_VIEWER.html">Fá stillingar ytri disks</target>
      <target FeatureID="true_1537" href="SMART_HLP_REMOTEDRIVES_EDITOR.html">Senda stillingar ytri disks</target>
   </keywords>
</keywords>