<?xml version="1.0" encoding="UTF-8"?>
<keywords>
   <keywords>
      <text FeatureID="-1">grabación, sonidos</text>
      <target FeatureID="-1" href="VOREC_HLP_EMPTY_RECORDER.html">Grabar clips sonido</target>
   </keywords>
   <keywords>
      <text FeatureID="-1">grabador de voz</text>
      <target FeatureID="-1" href="VOREC_HLP_MAIN.html">Uso del grabador de voz</target>
   </keywords>
   <keywords>
      <text FeatureID="-1">grabación de clips de sonido</text>
      <target FeatureID="-1" href="VOREC_HLP_MAIN.html">Uso del grabador de voz</target>
   </keywords>
   <keywords>
      <text FeatureID="-1">configuraciones del grabador de voz</text>
      <target FeatureID="-1" href="VOREC_HLP_SETTINGS.html">Config. grabador de voz</target>
   </keywords>
</keywords>