<?xml version="1.0" encoding="UTF-8"?>
<keywords>
   <keywords>
      <text FeatureID="-1">sinhronizācija</text>
      <target FeatureID="-1" href="OTASYNCBU_HLP_MAIN.html">Ovi sinhronizācija</target>
   </keywords>
   <keywords>
      <text FeatureID="-1">Ovi sinhronizācija</text>
      <target FeatureID="-1" href="OTASYNCBU_HLP_MAIN.html">Ovi sinhronizācija</target>
      <target FeatureID="-1" href="OTASYNCBU_HLP_SETTINGS.html">Ovi sinhronizēšanas uzstādījumi</target>
   </keywords>
</keywords>