<?xml version="1.0" encoding="UTF-8"?>
<keywords>
   <keywords>
      <text FeatureID="-1">пересилання повідомлень</text>
      <target FeatureID="-1" href="MMS_HLP_MMS_FWD_REQUEST.html">Пересилання мультимедійних повідомлень</target>
   </keywords>
   <keywords>
      <text FeatureID="-1">мультимедійні повідомлення</text>
      <target FeatureID="-1" href="MMS_HLP_MMS_FWD_REQUEST_SEND.html">Запит на переадресацію у папці «Надіслані»</target>
      <target FeatureID="-1" href="MMS_HLP_MMS_VIEWER.html">Перегляд мультимедійних повідомлень</target>
   </keywords>
   <keywords>
      <text FeatureID="-1">мультимедійні оповіщення</text>
      <target FeatureID="-1" href="MMS_HLP_NOTIFICATION_VIEWER.html">Мультимедійні оповіщення</target>
   </keywords>
   <keywords>
      <text FeatureID="-1">мультимедійні об'єкти</text>
      <target FeatureID="-1" href="MMS_HLP_OBJECTS_VIEW_VIEWER.html">Перегляд мультимедійних об'єктів</target>
   </keywords>
   <keywords>
      <text FeatureID="-1">об'єкти мультимедіа</text>
      <target FeatureID="-1" href="MMS_HLP_OBJECTS_VIEW_VIEWER.html">Перегляд мультимедійних об'єктів</target>
   </keywords>
   <keywords>
      <text FeatureID="-1">MMS</text>
      <target FeatureID="-1" href="MMS_HLP_MMS_VIEWER.html">Перегляд мультимедійних повідомлень</target>
   </keywords>
</keywords>