<?xml version="1.0" encoding="UTF-8"?><?xml-stylesheet  href="../../theme/xsl/index2html.xslt" type="text/xsl"?>
<topics FeatureID="-1" title="Video &amp; TV" compressed="true">
   <topicref FeatureID="-1" href="IPTV_HLP_MAIN_STATE.html" navtitle="Video &amp; TV"/>
   <topicref FeatureID="-1" href="IPTV_HLP_VODCAST_MAIN.html" navtitle="Videofeeds"/>
   <topicref FeatureID="-1" href="IPTV_HLP_SERVICE_SELECTION_VOD.html" navtitle="Välj videotjänster"/>
   <topicref FeatureID="-1" href="IPTV_HLP_VOD_CATEGORIES.html" navtitle="Videokategorier"/>
   <topicref FeatureID="-1" href="IPTV_HLP_VOD.html" navtitle="Visa och hämta videoklipp"/>
   <topicref FeatureID="-1" href="IPTV_HLP_SCHEDULE_DOWNLOAD.html" navtitle="Schemalägga hämtningar"/>
   <topicref FeatureID="-1" href="IPTV_HLP_STORAGE.html" navtitle="Mina videor"/>
   <topicref FeatureID="-1" href="IPTV_HLP_SETTINGS.html" navtitle="Inställningar för Video &amp; TV"/>
   <topicref FeatureID="-1" href="IPTV_HLP_SERVICE_SEL_VODCAST.html" navtitle="Välj videofeeds"/>
   <topicref FeatureID="-1" href="IPTV_HLP_ADD_SERVICE.html" navtitle="Lägga till videofeeds"/>
</topics>