<?xml version="1.0" encoding="UTF-8"?>
<keywords>
   <keywords>
      <text FeatureID="-1">video &amp; TV</text>
      <target FeatureID="-1" href="IPTV_HLP_MAIN_STATE.html">Video &amp; TV</target>
      <target FeatureID="-1" href="IPTV_HLP_VODCAST_MAIN.html">Videofeeds</target>
      <target FeatureID="-1" href="IPTV_HLP_SERVICE_SELECTION_VOD.html">Välj videotjänster</target>
      <target FeatureID="-1" href="IPTV_HLP_VOD_CATEGORIES.html">Videokategorier</target>
      <target FeatureID="-1" href="IPTV_HLP_VOD.html">Visa och hämta videoklipp</target>
      <target FeatureID="-1" href="IPTV_HLP_SCHEDULE_DOWNLOAD.html">Schemalägga hämtningar</target>
      <target FeatureID="-1" href="IPTV_HLP_STORAGE.html">Mina videor</target>
      <target FeatureID="-1" href="IPTV_HLP_SERVICE_SEL_VODCAST.html">Välj videofeeds</target>
      <target FeatureID="-1" href="IPTV_HLP_ADD_SERVICE.html">Lägga till videofeeds</target>
   </keywords>
   <keywords>
      <text FeatureID="-1">videofeeds</text>
      <target FeatureID="-1" href="IPTV_HLP_VODCAST_MAIN.html">Videofeeds</target>
      <target FeatureID="-1" href="IPTV_HLP_VOD_CATEGORIES.html">Videokategorier</target>
      <target FeatureID="-1" href="IPTV_HLP_SERVICE_SEL_VODCAST.html">Välj videofeeds</target>
      <target FeatureID="-1" href="IPTV_HLP_ADD_SERVICE.html">Lägga till videofeeds</target>
   </keywords>
   <keywords>
      <text FeatureID="-1">nedladdningar, videoklipp</text>
      <target FeatureID="-1" href="IPTV_HLP_VOD.html">Visa och hämta videoklipp</target>
      <target FeatureID="-1" href="IPTV_HLP_SCHEDULE_DOWNLOAD.html">Schemalägga hämtningar</target>
   </keywords>
   <keywords>
      <text FeatureID="-1">video &amp; TV, inställningar</text>
      <target FeatureID="-1" href="IPTV_HLP_SETTINGS.html">Inställningar för Video &amp; TV</target>
   </keywords>
   <keywords>
      <text FeatureID="-1">inställningar, video</text>
      <target FeatureID="-1" href="IPTV_HLP_SETTINGS.html">Inställningar för Video &amp; TV</target>
   </keywords>
</keywords>