<?xml version="1.0" encoding="UTF-8"?>
<keywords>
   <keywords>
      <text FeatureID="-1">iš anksto nustatytų dažnių redagavimas</text>
      <target FeatureID="-1" href="EQ_HLP_EDITING_VIEW.html">Iš anksto nustatytų dažnių redagavimas</target>
   </keywords>
   <keywords>
      <text FeatureID="-1">vienodintuvas</text>
      <target FeatureID="-1" href="EQ_HLP_LIST_VIEW.html">Iš anksto nustatyti dažniai</target>
   </keywords>
   <keywords>
      <text FeatureID="-1">dažnių juostos</text>
      <target FeatureID="-1" href="EQ_HLP_LIST_VIEW.html">Iš anksto nustatyti dažniai</target>
   </keywords>
   <keywords>
      <text FeatureID="-1">iš anksto nustatytų dažnių pasirinkimas</text>
      <target FeatureID="-1" href="EQ_HLP_LIST_VIEW.html">Iš anksto nustatyti dažniai</target>
   </keywords>
</keywords>