<?xml version="1.0" encoding="UTF-8"?>
<keywords>
   <keywords>
      <text FeatureID="-1">óra, ébresztés</text>
      <target FeatureID="-1" href="CLK_HLP_ALARM_EDITOR.html">Ébresztőóra szerkesztője</target>
   </keywords>
   <keywords>
      <text FeatureID="-1">ébresztőóra</text>
      <target FeatureID="-1" href="CLK_HLP_ALARM_EDITOR.html">Ébresztőóra szerkesztője</target>
      <target FeatureID="-1" href="CLK_HLP_REAL_TIME_CLOCK_IN.html">Az óra alapnézete</target>
   </keywords>
   <keywords>
      <text FeatureID="-1">óra</text>
      <target FeatureID="-1" href="CLK_HLP_REAL_TIME_CLOCK_IN.html">Az óra alapnézete</target>
      <target FeatureID="-1" href="CLK_HLP_WRLD_CLK.html">Világóra</target>
   </keywords>
   <keywords>
      <text FeatureID="-1">dátum- és időbeállítások</text>
      <target FeatureID="-1" href="CLK_HLP_SETTINGS.html">Dátum- és időbeállítás</target>
   </keywords>
   <keywords>
      <text FeatureID="-1">óra beállításai</text>
      <target FeatureID="-1" href="CLK_HLP_SETTINGS.html">Dátum- és időbeállítás</target>
   </keywords>
   <keywords>
      <text FeatureID="-1">óra, időzónák</text>
      <target FeatureID="-1" href="CLK_HLP_REAL_TIME_CLOCK_AN.html">Helyi idő</target>
   </keywords>
   <keywords>
      <text FeatureID="-1">helyi idő és időzóna</text>
      <target FeatureID="-1" href="CLK_HLP_REAL_TIME_CLOCK_AN.html">Helyi idő</target>
   </keywords>
   <keywords>
      <text FeatureID="-1">világóra</text>
      <target FeatureID="-1" href="CLK_HLP_WRLD_CLK.html">Világóra</target>
   </keywords>
</keywords>