<?xml version="1.0" encoding="UTF-8"?>
<keywords>
   <keywords>
      <text FeatureID="-1">E-Mail-Einstellungen</text>
      <target FeatureID="-1" href="MBXS_HLP_SETT_DOWNL_CTRL.html">Abrufeinstellungen für E-Mails</target>
      <target FeatureID="-1" href="MBXS_HLP_SETT_DOWNL_RETR.html">Anzahl der abzurufenden E-Mails</target>
      <target FeatureID="-1" href="MBXS_HLP_SETT_MBX_IN.html">E-Mail-Empfangseinstellungen</target>
      <target FeatureID="-1" href="MBXS_HLP_SETT_MBX_IN_OUT.html">Verbindungseinstellungen</target>
      <target FeatureID="-1" href="MBXS_HLP_SETT_MBX_OUT.html">E-Mail-Einstellungen, Ausgang</target>
      <target FeatureID="-1" href="MCE_HLP_SETTINGS_EMAIL.html">E-Mail-Einstellungen</target>
      <target FeatureID="-1" href="MCE_HLP_SETT_EMAILMAIN.html">Postfächer bearbeiten</target>
      <target FeatureID="-1" href="MCE_HLP_SETT_MAILBLIST.html">Postfächer</target>
      <target FeatureID="-1" href="MCE_HLP_SETT_MAILFOLDER_UPD.html">Postfachordner</target>
      <target FeatureID="true_1633" href="MCE_HLP_SETT_MAIL_ONLI.html">Automatischer Abruf</target>
   </keywords>
   <keywords>
      <text FeatureID="-1">Postfach-Einst.</text>
      <target FeatureID="-1" href="MCE_HLP_SETT_EMAILMAIN.html">Postfächer bearbeiten</target>
   </keywords>
   <keywords>
      <text FeatureID="-1">Postfach</text>
      <target FeatureID="-1" href="MCE_HLP_SETT_MAILBLIST.html">Postfächer</target>
      <target FeatureID="-1" href="MCE_HLP_MAILBOX_ONLINE.html">E-Mail, online</target>
   </keywords>
   <keywords>
      <text FeatureID="-1">Postfachordner</text>
      <target FeatureID="-1" href="MCE_HLP_SETT_MAILFOLDER_UPD.html">Postfachordner</target>
   </keywords>
   <keywords>
      <text FeatureID="-1">Benutzereinstellungen</text>
      <target FeatureID="-1" href="MCE_HLP_SETT_MAIL_USER.html">Benutzereinstellungen</target>
   </keywords>
   <keywords>
      <text FeatureID="true_44">Sync-Postfach-Einstellungen</text>
      <target FeatureID="true_44" href="MCE_HLP_SETT_SMAILBOX.html">Sync-Postfach-Einstellungen</target>
   </keywords>
   <keywords>
      <text FeatureID="true_44">Synchronisationseinstellungen, E-Mail</text>
      <target FeatureID="true_44" href="MCE_HLP_SETT_SMAILBOX.html">Sync-Postfach-Einstellungen</target>
   </keywords>
   <keywords>
      <text FeatureID="-1">offline, E-Mail</text>
      <target FeatureID="-1" href="MCE_HLP_MAILBOX_OFFLINE.html">E-Mail, offline</target>
   </keywords>
   <keywords>
      <text FeatureID="-1">Postfachverbindung herstellen</text>
      <target FeatureID="-1" href="MCE_HLP_MAILBOX_ONLINE.html">E-Mail, online</target>
   </keywords>
   <keywords>
      <text FeatureID="-1">E-Mail, online</text>
      <target FeatureID="-1" href="MCE_HLP_MAILBOX_ONLINE.html">E-Mail, online</target>
   </keywords>
   <keywords>
      <text FeatureID="-1">online, E-Mail</text>
      <target FeatureID="-1" href="MCE_HLP_MAILBOX_ONLINE.html">E-Mail, online</target>
   </keywords>
</keywords>