<?xml version="1.0" encoding="UTF-8"?>
<keywords>
   <keywords>
      <text FeatureID="-1">Frequenz­Voreinstellungen bearbeiten</text>
      <target FeatureID="-1" href="EQ_HLP_EDITING_VIEW.html">Frequenz­Voreinstellungen bearbeiten</target>
   </keywords>
   <keywords>
      <text FeatureID="-1">Equalizer</text>
      <target FeatureID="-1" href="EQ_HLP_LIST_VIEW.html">Frequenzband-Voreinstellungen</target>
   </keywords>
   <keywords>
      <text FeatureID="-1">Frequenzbänder</text>
      <target FeatureID="-1" href="EQ_HLP_LIST_VIEW.html">Frequenzband-Voreinstellungen</target>
   </keywords>
   <keywords>
      <text FeatureID="-1">Frequenzband-Voreinstellungen festlegen</text>
      <target FeatureID="-1" href="EQ_HLP_LIST_VIEW.html">Frequenzband-Voreinstellungen</target>
   </keywords>
</keywords>