<?xml version="1.0" encoding="UTF-8"?><?xml-stylesheet  href="../../theme/xsl/index2html.xslt" type="text/xsl"?>
<topics FeatureID="-1" title="ข้อความทันใจ" compressed="true">
   <topicref FeatureID="-1" href="IMNG_HLP_SEARCHCHAT.html" navtitle="การค้นหาผู้ใช้ข้อความทันใจ"/>
   <topicref FeatureID="-1" href="IMNG_HLP_SAVED_VIEW.html" navtitle="การดูการสนทนาที่จัดเก็บไว้"/>
   <topicref FeatureID="-1" href="IMNG_HLP_SAVED_LIST.html" navtitle="การสนทนาที่จัดเก็บไว้"/>
   <topicref FeatureID="-1" href="IMNG_HLP_IMCHAT.html" navtitle="การสนทนาในกลุ่ม"/>
   <topicref FeatureID="-1" href="IMNG_HLP_GROUP_EDIT.html" navtitle="สิทธิ์ในการแก้ไขกลุ่ม"/>
   <topicref FeatureID="-1" href="IMNG_HLP_GROUP_BAN.html" navtitle="การห้ามผู้ใช้ข้อความทันใจเข้ากลุ่ม"/>
   <topicref FeatureID="-1" href="IMNG_HLP_CONT_OWN_DATA.html" navtitle="ข้อมูลของฉัน"/>
   <topicref FeatureID="-1" href="IMNG_HLP_COMMUNITY_VIEW_EMPTY.html" navtitle="เริ่มต้นใช้ข้อความทันใจ"/>
   <topicref FeatureID="-1" href="IMNG_HLP_COMMUNITY_VIEW.html" navtitle="ข้อความทันใจ"/>
   <topicref FeatureID="-1" href="IMNG_HLP_BLOCKED_VIEW.html" navtitle="รายชื่อที่ถูกปิดกั้น"/>
   <topicref FeatureID="-1" href="IMNG_HLP_SETTINGS.html" navtitle="การตั้งค่าข้อความทันใจ"/>
   <topicref FeatureID="-1" href="IMNG_HLP_SERVLISTSETT_IM.html" navtitle="เซิร์ฟเวอร์ข้อความทันใจ"/>
   <topicref FeatureID="-1" href="IMNG_HLP_DEFSERVER.html" navtitle="การตั้งค่าเซิร์ฟเวอร์ข้อความทันใจ"/>
   <topicref FeatureID="-1" href="IMNG_HLP_INVITE.html" navtitle="คำเชิญข้อความทันใจ"/>
   <topicref FeatureID="-1" href="IMNG_HLP_CREATECHAT.html" navtitle="การตั้งค่ากลุ่มผู้ใช้ข้อความทันใจ"/>
   <topicref FeatureID="-1" href="IMNG_HLP_ACCLIST.html" navtitle="สมาชิกในกลุ่มผู้ใช้ข้อความทันใจ"/>
   <topicref FeatureID="-1" href="IMNG_HLP_CONVERSATIONS.html" navtitle="การสนทนาแบบข้อความทันใจ"/>
   <topicref FeatureID="-1" href="IMNG_HLP_CONTACTDETAILS.html" navtitle="ข้อมูลรายชื่อผู้ใช้ข้อความทันใจ"/>
   <topicref FeatureID="-1" href="IMNG_HLP_APPSETT.html" navtitle="การตั้งค่าแอปพลิเคชั่นข้อความทันใจ"/>
</topics>