<?xml version="1.0" encoding="UTF-8"?>
<keywords>
   <keywords>
      <text FeatureID="-1">การค้นหาผู้ใช้ข้อความทันใจ</text>
      <target FeatureID="-1" href="IMNG_HLP_SEARCHCHAT.html">การค้นหาผู้ใช้ข้อความทันใจ</target>
   </keywords>
   <keywords>
      <text FeatureID="-1">ข้อความทันใจ</text>
      <target FeatureID="-1" href="IMNG_HLP_SEARCHCHAT.html">การค้นหาผู้ใช้ข้อความทันใจ</target>
      <target FeatureID="-1" href="IMNG_HLP_SAVED_VIEW.html">การดูการสนทนาที่จัดเก็บไว้</target>
      <target FeatureID="-1" href="IMNG_HLP_SAVED_LIST.html">การสนทนาที่จัดเก็บไว้</target>
      <target FeatureID="-1" href="IMNG_HLP_GROUP_EDIT.html">สิทธิ์ในการแก้ไขกลุ่ม</target>
      <target FeatureID="-1" href="IMNG_HLP_GROUP_BAN.html">การห้ามผู้ใช้ข้อความทันใจเข้ากลุ่ม</target>
      <target FeatureID="-1" href="IMNG_HLP_CONT_OWN_DATA.html">ข้อมูลของฉัน</target>
      <target FeatureID="-1" href="IMNG_HLP_COMMUNITY_VIEW_EMPTY.html">เริ่มต้นใช้ข้อความทันใจ</target>
      <target FeatureID="-1" href="IMNG_HLP_COMMUNITY_VIEW_EMPTY.html">เริ่มต้นใช้ข้อความทันใจ</target>
      <target FeatureID="-1" href="IMNG_HLP_COMMUNITY_VIEW.html">ข้อความทันใจ</target>
      <target FeatureID="-1" href="IMNG_HLP_COMMUNITY_VIEW.html">ข้อความทันใจ</target>
      <target FeatureID="-1" href="IMNG_HLP_CREATECHAT.html">การตั้งค่ากลุ่มผู้ใช้ข้อความทันใจ</target>
      <target FeatureID="-1" href="IMNG_HLP_ACCLIST.html">สมาชิกในกลุ่มผู้ใช้ข้อความทันใจ</target>
      <target FeatureID="-1" href="IMNG_HLP_CONVERSATIONS.html">การสนทนาแบบข้อความทันใจ</target>
      <target FeatureID="-1" href="IMNG_HLP_CONVERSATIONS.html">การสนทนาแบบข้อความทันใจ</target>
      <target FeatureID="-1" href="IMNG_HLP_CONTACTDETAILS.html">ข้อมูลรายชื่อผู้ใช้ข้อความทันใจ</target>
      <target FeatureID="-1" href="IMNG_HLP_APPSETT.html">การตั้งค่าแอปพลิเคชั่นข้อความทันใจ</target>
   </keywords>
   <keywords>
      <text FeatureID="-1">การค้นหากลุ่มผู้ใช้ข้อความทันใจ</text>
      <target FeatureID="-1" href="IMNG_HLP_SEARCHCHAT.html">การค้นหาผู้ใช้ข้อความทันใจ</target>
   </keywords>
   <keywords>
      <text FeatureID="-1">การสนทนาที่จัดเก็บไว้</text>
      <target FeatureID="-1" href="IMNG_HLP_SAVED_LIST.html">การสนทนาที่จัดเก็บไว้</target>
   </keywords>
   <keywords>
      <text FeatureID="-1">IM (ข้อความทันใจ)</text>
      <target FeatureID="-1" href="IMNG_HLP_IMCHAT.html">การสนทนาในกลุ่ม</target>
   </keywords>
   <keywords>
      <text FeatureID="-1">การเข้าร่วมกลุ่มผู้ใช้ข้อความทันใจ</text>
      <target FeatureID="-1" href="IMNG_HLP_IMCHAT.html">การสนทนาในกลุ่ม</target>
   </keywords>
   <keywords>
      <text FeatureID="-1">สิทธิ์ในการแก้ไข</text>
      <target FeatureID="-1" href="IMNG_HLP_GROUP_EDIT.html">สิทธิ์ในการแก้ไขกลุ่ม</target>
   </keywords>
   <keywords>
      <text FeatureID="-1">รายการที่ปิดกั้น</text>
      <target FeatureID="-1" href="IMNG_HLP_GROUP_BAN.html">การห้ามผู้ใช้ข้อความทันใจเข้ากลุ่ม</target>
   </keywords>
   <keywords>
      <text FeatureID="-1">สมาชิกในกลุ่มผู้ใช้ข้อความทันใจ</text>
      <target FeatureID="-1" href="IMNG_HLP_GROUP_BAN.html">การห้ามผู้ใช้ข้อความทันใจเข้ากลุ่ม</target>
      <target FeatureID="-1" href="IMNG_HLP_ACCLIST.html">สมาชิกในกลุ่มผู้ใช้ข้อความทันใจ</target>
   </keywords>
   <keywords>
      <text FeatureID="-1">ชื่อผู้ใช้ข้อความทันใจ</text>
      <target FeatureID="-1" href="IMNG_HLP_CONT_OWN_DATA.html">ข้อมูลของฉัน</target>
      <target FeatureID="-1" href="IMNG_HLP_BLOCKED_VIEW.html">รายชื่อที่ถูกปิดกั้น</target>
      <target FeatureID="-1" href="IMNG_HLP_CONTACTDETAILS.html">ข้อมูลรายชื่อผู้ใช้ข้อความทันใจ</target>
   </keywords>
   <keywords>
      <text FeatureID="-1">รายชื่อสำหรับข้อความทันใจที่ถูกปิดกั้น</text>
      <target FeatureID="-1" href="IMNG_HLP_BLOCKED_VIEW.html">รายชื่อที่ถูกปิดกั้น</target>
   </keywords>
   <keywords>
      <text FeatureID="-1">การตั้งค่าข้อความทันใจ</text>
      <target FeatureID="-1" href="IMNG_HLP_SETTINGS.html">การตั้งค่าข้อความทันใจ</target>
      <target FeatureID="-1" href="IMNG_HLP_APPSETT.html">การตั้งค่าแอปพลิเคชั่นข้อความทันใจ</target>
   </keywords>
   <keywords>
      <text FeatureID="-1">เซิร์ฟเวอร์ข้อความทันใจ</text>
      <target FeatureID="-1" href="IMNG_HLP_SERVLISTSETT_IM.html">เซิร์ฟเวอร์ข้อความทันใจ</target>
   </keywords>
   <keywords>
      <text FeatureID="-1">การตั้งค่าเซิร์ฟเวอร์ข้อความทันใจ</text>
      <target FeatureID="-1" href="IMNG_HLP_DEFSERVER.html">การตั้งค่าเซิร์ฟเวอร์ข้อความทันใจ</target>
   </keywords>
   <keywords>
      <text FeatureID="-1">การตั้งค่าเซิร์ฟเวอร์</text>
      <target FeatureID="-1" href="IMNG_HLP_DEFSERVER.html">การตั้งค่าเซิร์ฟเวอร์ข้อความทันใจ</target>
   </keywords>
   <keywords>
      <text FeatureID="-1">คำเชิญ</text>
      <target FeatureID="-1" href="IMNG_HLP_INVITE.html">คำเชิญข้อความทันใจ</target>
   </keywords>
   <keywords>
      <text FeatureID="-1">การตั้งค่ากลุ่มผู้ใช้ข้อความทันใจ</text>
      <target FeatureID="-1" href="IMNG_HLP_CREATECHAT.html">การตั้งค่ากลุ่มผู้ใช้ข้อความทันใจ</target>
   </keywords>
   <keywords>
      <text FeatureID="-1">การสนทนา</text>
      <target FeatureID="-1" href="IMNG_HLP_CONVERSATIONS.html">การสนทนาแบบข้อความทันใจ</target>
   </keywords>
</keywords>