<?xml version="1.0" encoding="UTF-8"?>
<keywords>
   <keywords>
      <text FeatureID="-1">výmenné kurzy</text>
      <target FeatureID="-1" href="CNV_HLP_RATES.html">Nastavenia meny</target>
   </keywords>
   <keywords>
      <text FeatureID="-1">základná mena</text>
      <target FeatureID="-1" href="CNV_HLP_RATES.html">Nastavenia meny</target>
   </keywords>
   <keywords>
      <text FeatureID="-1">prevod meny</text>
      <target FeatureID="-1" href="CNV_HLP_RATES.html">Nastavenia meny</target>
      <target FeatureID="-1" href="CNV_HLP_MAIN_STATE.html">Prevod jednotiek</target>
   </keywords>
   <keywords>
      <text FeatureID="-1">prevody</text>
      <target FeatureID="-1" href="CNV_HLP_MAIN_STATE.html">Prevod jednotiek</target>
   </keywords>
</keywords>