<?xml version="1.0" encoding="UTF-8"?>
<keywords>
   <keywords>
      <text FeatureID="-1">opnemen, geluiden</text>
      <target FeatureID="-1" href="VOREC_HLP_EMPTY_RECORDER.html">Geluidsclips opnemen</target>
   </keywords>
   <keywords>
      <text FeatureID="-1">dictafoon</text>
      <target FeatureID="-1" href="VOREC_HLP_MAIN.html">Dictafoon gebruiken</target>
   </keywords>
   <keywords>
      <text FeatureID="-1">opnemen, geluidsclips</text>
      <target FeatureID="-1" href="VOREC_HLP_MAIN.html">Dictafoon gebruiken</target>
   </keywords>
   <keywords>
      <text FeatureID="-1">dictafoon, instellingen</text>
      <target FeatureID="-1" href="VOREC_HLP_SETTINGS.html">Dictafooninstellingen</target>
   </keywords>
</keywords>