<?xml version="1.0" encoding="UTF-8"?>
<keywords>
   <keywords>
      <text FeatureID="-1">Datos GPS</text>
      <target FeatureID="-1" href="HLP_BLID_NAVIGATION.html">Vista Navegación</target>
      <target FeatureID="false_112" href="BLID_HLP_WAYPOINTS.html">Ubicaciones guardadas</target>
      <target FeatureID="-1" href="HLP_BLID_TRIPMETER.html">Vista de la distancia de viaje</target>
   </keywords>
   <keywords>
      <text FeatureID="-1">navegación a destino</text>
      <target FeatureID="-1" href="HLP_BLID_NAVIGATION.html">Vista Navegación</target>
   </keywords>
   <keywords>
      <text FeatureID="false_112">guardar ubicaciones</text>
      <target FeatureID="false_112" href="BLID_HLP_WAYPOINTS.html">Ubicaciones guardadas</target>
   </keywords>
   <keywords>
      <text FeatureID="-1">ajustes de navegador</text>
      <target FeatureID="-1" href="BLID_HLP_SETTINGS.html">Ajustes de datos GPS</target>
   </keywords>
   <keywords>
      <text FeatureID="-1">ajustes de datos GPS</text>
      <target FeatureID="-1" href="BLID_HLP_SETTINGS.html">Ajustes de datos GPS</target>
   </keywords>
   <keywords>
      <text FeatureID="-1">información de viaje</text>
      <target FeatureID="-1" href="HLP_BLID_TRIPMETER.html">Vista de la distancia de viaje</target>
   </keywords>
   <keywords>
      <text FeatureID="-1">información de recorrido</text>
      <target FeatureID="-1" href="HLP_BLID_TRIPMETER.html">Vista de la distancia de viaje</target>
   </keywords>
</keywords>