<?xml version="1.0" encoding="UTF-8"?><?xml-stylesheet  href="../../theme/xsl/index2html.xslt" type="text/xsl"?>
<topics FeatureID="-1" title="Personalizacija" compressed="true">
   <topicref FeatureID="-1" href="SKINS_HLP_LIST.html" navtitle="Opšte teme"/>
   <topicref FeatureID="-1" href="SCREENSAVER_HLP_WP_SETTINGS.html" navtitle="Podešavanja pozadine projekcije slajdova"/>
   <topicref FeatureID="-1" href="SKINS_HLP_WP_SETTINGS.html" navtitle="Podešavanja pozadine"/>
   <topicref FeatureID="-1" href="SKINS_HLP_SCREENS_SETTINGS.html" navtitle="Podešavanja čuvara ekrana"/>
   <topicref FeatureID="true_1503" href="SKINS_HLP_CIMAGE_SETTINGS.html" navtitle="Izaberite sliku za poziv"/>
   <topicref FeatureID="-1" href="SKINS_HLP_APPSHELL.html" navtitle="Podešavanja prikaza menija"/>
   <topicref FeatureID="-1" href="SKINS_HLP_IDLE.html" navtitle="Podešavanja početnog ekrana"/>
   <topicref FeatureID="-1" href="SKINS_HLP_APP_MAIN.html" navtitle="Prilagođavanje ekrana"/>
   <topicref FeatureID="-1" href="SKINS_HLP_APPSKINS_LIST.html" navtitle="Teme aplikacija"/>
</topics>