<?xml version="1.0" encoding="UTF-8"?>
<keywords>
   <keywords>
      <text FeatureID="-1">teme</text>
      <target FeatureID="-1" href="SKINS_HLP_LIST.html">Opšte teme</target>
      <target FeatureID="-1" href="SCREENSAVER_HLP_WP_SETTINGS.html">Podešavanja pozadine projekcije slajdova</target>
      <target FeatureID="-1" href="SKINS_HLP_WP_SETTINGS.html">Podešavanja pozadine</target>
      <target FeatureID="true_1503" href="SKINS_HLP_CIMAGE_SETTINGS.html">Izaberite sliku za poziv</target>
      <target FeatureID="-1" href="SKINS_HLP_APPSHELL.html">Podešavanja prikaza menija</target>
      <target FeatureID="-1" href="SKINS_HLP_APP_MAIN.html">Prilagođavanje ekrana</target>
      <target FeatureID="-1" href="SKINS_HLP_APPSKINS_LIST.html">Teme aplikacija</target>
   </keywords>
   <keywords>
      <text FeatureID="-1">pozadina projekcije slajdova</text>
      <target FeatureID="-1" href="SCREENSAVER_HLP_WP_SETTINGS.html">Podešavanja pozadine projekcije slajdova</target>
   </keywords>
   <keywords>
      <text FeatureID="-1">podešavanja projekcije slajdova</text>
      <target FeatureID="-1" href="SCREENSAVER_HLP_WP_SETTINGS.html">Podešavanja pozadine projekcije slajdova</target>
   </keywords>
   <keywords>
      <text FeatureID="-1">podešavanja pozadine</text>
      <target FeatureID="-1" href="SKINS_HLP_WP_SETTINGS.html">Podešavanja pozadine</target>
   </keywords>
   <keywords>
      <text FeatureID="-1">slika za pozadinu</text>
      <target FeatureID="-1" href="SKINS_HLP_WP_SETTINGS.html">Podešavanja pozadine</target>
      <target FeatureID="-1" href="SKINS_HLP_APP_MAIN.html">Prilagođavanje ekrana</target>
   </keywords>
   <keywords>
      <text FeatureID="-1">čuvar ekrana</text>
      <target FeatureID="-1" href="SKINS_HLP_SCREENS_SETTINGS.html">Podešavanja čuvara ekrana</target>
   </keywords>
   <keywords>
      <text FeatureID="true_1503">podešavanja slike za poziv</text>
      <target FeatureID="true_1503" href="SKINS_HLP_CIMAGE_SETTINGS.html">Izaberite sliku za poziv</target>
   </keywords>
   <keywords>
      <text FeatureID="-1">meniji</text>
      <target FeatureID="-1" href="SKINS_HLP_APPSHELL.html">Podešavanja prikaza menija</target>
   </keywords>
</keywords>