<?xml version="1.0" encoding="UTF-8"?>
<keywords>
   <keywords>
      <text FeatureID="-1">数据传送</text>
      <target FeatureID="-1" href="SWITCH_HLP_EDIT_SHORTCUT.html">快捷方式设置</target>
      <target FeatureID="-1" href="SWITCH_HLP_MAIN.html">传送数据</target>
      <target FeatureID="-1" href="SWITCH_HLP_LOG.html">传送记录</target>
   </keywords>
   <keywords>
      <text FeatureID="-1">传送数据</text>
      <target FeatureID="-1" href="SWITCH_HLP_EDIT_SHORTCUT.html">快捷方式设置</target>
      <target FeatureID="-1" href="SWITCH_HLP_MAIN.html">传送数据</target>
   </keywords>
   <keywords>
      <text FeatureID="-1">快捷方式</text>
      <target FeatureID="-1" href="SWITCH_HLP_EDIT_SHORTCUT.html">快捷方式设置</target>
   </keywords>
   <keywords>
      <text FeatureID="-1">数据传送, 冲突</text>
      <target FeatureID="-1" href="SWITCH_HLP_CONFLICT.html">传送冲突</target>
   </keywords>
   <keywords>
      <text FeatureID="-1">复制内容</text>
      <target FeatureID="-1" href="SWITCH_HLP_MAIN.html">传送数据</target>
   </keywords>
   <keywords>
      <text FeatureID="-1">传送记录</text>
      <target FeatureID="-1" href="SWITCH_HLP_LOG.html">传送记录</target>
   </keywords>
</keywords>