<?xml version="1.0" encoding="UTF-8"?>
<keywords>
   <keywords>
      <text FeatureID="-1">vastaaja</text>
      <target FeatureID="-1" href="SMSVO_HLP_MAIN_VIEW.html">Vastaaja</target>
      <target FeatureID="true_89" href="SMSVO_HLP_CS_AND_VIDEO.html">Ääni- ja videopuhelujen vastaaja</target>
      <target FeatureID="true_298" href="SMSVO_HLP_CS_VIDEO_AND_XSP_VOIP.html">Ääni-, video- ja Internet-puhelujen vastaaja</target>
      <target FeatureID="true_298" href="SMSVO_HLP_CS_VIDEO_AND_XSP_VOIP.html">Ääni-, video- ja Internet-puhelujen vastaaja</target>
   </keywords>
   <keywords>
      <text FeatureID="-1">puhelinvastaaja</text>
      <target FeatureID="-1" href="SMSVO_HLP_MAIN_VIEW.html">Vastaaja</target>
   </keywords>
   <keywords>
      <text FeatureID="true_89">videopuhelujen vastaaja</text>
      <target FeatureID="true_89" href="SMSVO_HLP_CS_AND_VIDEO.html">Ääni- ja videopuhelujen vastaaja</target>
   </keywords>
   <keywords>
      <text FeatureID="true_298">Internet-puhelujen vastaaja</text>
      <target FeatureID="true_298" href="SMSVO_HLP_CS_VIDEO_AND_XSP_VOIP.html">Ääni-, video- ja Internet-puhelujen vastaaja</target>
   </keywords>
</keywords>