<?xml version="1.0" encoding="UTF-8"?>
<keywords>
   <keywords>
      <text FeatureID="-1">hálózati üzenetek</text>
      <target FeatureID="-1" href="CBS_HLP_TOPIC_VIEW.html">Hálózati hírszolgálati üzenetek</target>
      <target FeatureID="-1" href="CBS_HLP_MAIN.html">Hálózati hírszolgálat témalistája</target>
      <target FeatureID="-1" href="CBS_HLP_MSG.html">Hálózati üz. megtekintése</target>
   </keywords>
   <keywords>
      <text FeatureID="-1">hálózati hírszolgálat témalista</text>
      <target FeatureID="-1" href="CBS_HLP_MAIN.html">Hálózati hírszolgálat témalistája</target>
   </keywords>
</keywords>