<?xml version="1.0" encoding="UTF-8"?>
<keywords>
   <keywords>
      <text FeatureID="-1">kamera</text>
      <target FeatureID="-1" href="LCAM_HLP_VIEWFINDER_PHOTO.html">Ta bilder</target>
      <target FeatureID="-1" href="LCAM_HLP_LIGHT_SENSITIVITY.html">Ändra ljuskänslighet</target>
      <target FeatureID="-1" href="LCAM_HLP_SETTINGS_PHOUSER.html">Definiera scener</target>
      <target FeatureID="-1" href="LCAM_HLP_SCENES_PHOTO.html">Bildscener</target>
      <target FeatureID="-1" href="LCAM_HLP_VIEWFINDER_VIDEO.html">Spela in videoklipp</target>
      <target FeatureID="-1" href="LCAM_HLP_SCENES_VIDEO.html">Videoscener</target>
      <target FeatureID="-1" href="LCAM_HLP_VIEWFINDER_VIDEO_EM.html">Videoklipp i program</target>
      <target FeatureID="-1" href="LCAM_HLP_STANDBY_EM.html">Kameran är inte aktiv</target>
      <target FeatureID="-1" href="LCAM_HLP_POST_VIDEO.html">Spela upp videoklipp</target>
      <target FeatureID="-1" href="LCAM_HLP_POST_PHOTO.html">Visa tagna bilder</target>
   </keywords>
   <keywords>
      <text FeatureID="-1">ta bilder</text>
      <target FeatureID="-1" href="LCAM_HLP_VIEWFINDER_PHOTO.html">Ta bilder</target>
   </keywords>
   <keywords>
      <text FeatureID="-1">ljuskänslighet</text>
      <target FeatureID="-1" href="LCAM_HLP_LIGHT_SENSITIVITY.html">Ändra ljuskänslighet</target>
   </keywords>
   <keywords>
      <text FeatureID="-1">scener</text>
      <target FeatureID="-1" href="LCAM_HLP_SETTINGS_PHOUSER.html">Definiera scener</target>
      <target FeatureID="-1" href="LCAM_HLP_SCENES_PHOTO.html">Bildscener</target>
   </keywords>
   <keywords>
      <text FeatureID="-1">kam.-inst.</text>
      <target FeatureID="-1" href="LCAM_HLP_SETTINGS.html">Kamerainställningar</target>
   </keywords>
   <keywords>
      <text FeatureID="-1">kamera, inställningar</text>
      <target FeatureID="-1" href="LCAM_HLP_SETTINGS_PHOTO.html">Bildinställningar</target>
      <target FeatureID="-1" href="LCAM_HLP_SETTINGS_VIDEO.html">Videoinställningar</target>
   </keywords>
   <keywords>
      <text FeatureID="-1">spela in video</text>
      <target FeatureID="-1" href="LCAM_HLP_VIEWFINDER_VIDEO.html">Spela in videoklipp</target>
   </keywords>
   <keywords>
      <text FeatureID="-1">videoscener</text>
      <target FeatureID="-1" href="LCAM_HLP_SCENES_VIDEO.html">Videoscener</target>
   </keywords>
   <keywords>
      <text FeatureID="-1">video, inställningar</text>
      <target FeatureID="-1" href="LCAM_HLP_SETTINGS_VIDEO.html">Videoinställningar</target>
   </keywords>
   <keywords>
      <text FeatureID="-1">videoklipp i program</text>
      <target FeatureID="-1" href="LCAM_HLP_VIEWFINDER_VIDEO_EM.html">Videoklipp i program</target>
   </keywords>
   <keywords>
      <text FeatureID="-1">spela upp videoklipp</text>
      <target FeatureID="-1" href="LCAM_HLP_POST_VIDEO.html">Spela upp videoklipp</target>
   </keywords>
   <keywords>
      <text FeatureID="-1">kamera i program</text>
      <target FeatureID="-1" href="LCAM_HLP_VIEWFINDER_PHOTO_EM.html">Bilder i program</target>
   </keywords>
   <keywords>
      <text FeatureID="-1">visa bilder</text>
      <target FeatureID="-1" href="LCAM_HLP_POST_PHOTO.html">Visa tagna bilder</target>
   </keywords>
</keywords>