<?xml version="1.0" encoding="UTF-8"?>
<keywords>
   <keywords>
      <text FeatureID="-1">paramètres, glissement</text>
      <target FeatureID="-1" href="SET_HLP_SETTINGS_KEYPAD_COVER.html">Paramètres du traitement par glissement</target>
   </keywords>
   <keywords>
      <text FeatureID="-1">paramètres de la glissière</text>
      <target FeatureID="-1" href="SET_HLP_SETTINGS_KEYPAD_COVER.html">Paramètres du traitement par glissement</target>
   </keywords>
   <keywords>
      <text FeatureID="-1">gestion de l'appareil</text>
      <target FeatureID="-1" href="CP_HLP_DEVICE_MANAGEMENT.html">Gestion de l'appareil</target>
   </keywords>
   <keywords>
      <text FeatureID="true_109">EAP (Extensible Authentication Protocol)</text>
      <target FeatureID="true_109" href="SET_HLP_WLAN_EAP_SIM.html">Paramètres EAP-SIM</target>
   </keywords>
   <keywords>
      <text FeatureID="true_109">paramètres, WLAN</text>
      <target FeatureID="true_109" href="SET_HLP_WLAN_EAP_SIM.html">Paramètres EAP-SIM</target>
   </keywords>
   <keywords>
      <text FeatureID="-1">restreindre des points d'accès</text>
      <target FeatureID="-1" href="ACL_HLP_MAIN.html">Restreindre les connexions</target>
   </keywords>
   <keywords>
      <text FeatureID="-1">paramètres de connexion</text>
      <target FeatureID="-1" href="SIP_HLP_PROF_PARAMS.html">Paramètres du profil SIP</target>
      <target FeatureID="-1" href="SIP_HLP_MAIN.html">Profils SIP</target>
      <target FeatureID="-1" href="SET_HLP_CONN_DEST_VIEW.html">Affichage des destinations</target>
      <target FeatureID="-1" href="SET_HLP_DEFAULT_CONN.html">Connexion par défaut</target>
      <target FeatureID="-1" href="SET_HLP_CONN_METHODS_VIEW.html">Affichage des points d'accès</target>
      <target FeatureID="true_1581" href="RD_HLP_REMOTE_DRIVE_CONFIG.html">Param. unité distante</target>
      <target FeatureID="true_1581" href="RD_HLP_REMOTE_DRIVES.html">Unités distantes</target>
   </keywords>
   <keywords>
      <text FeatureID="-1">Paramètres SIP</text>
      <target FeatureID="-1" href="SIP_HLP_PROF_PARAMS.html">Paramètres du profil SIP</target>
      <target FeatureID="-1" href="SIP_HLP_MAIN.html">Profils SIP</target>
      <target FeatureID="-1" href="SIP_HLP_PROXY_PARAMS.html">Paramètres proxy SIP</target>
      <target FeatureID="-1" href="SIP_HLP_REGISTRAR_PARAM.html">Param. serveur inscrip.</target>
   </keywords>
   <keywords>
      <text FeatureID="-1">serveur d'inscription</text>
      <target FeatureID="-1" href="SIP_HLP_REGISTRAR_PARAM.html">Param. serveur inscrip.</target>
   </keywords>
   <keywords>
      <text FeatureID="-1">points d'accès</text>
      <target FeatureID="-1" href="HLP_OCC_CONN_SETTINGS.html">Connexions au réseau</target>
      <target FeatureID="-1" href="SET_HLP_CONN_METHODS_VIEW.html">Affichage des points d'accès</target>
   </keywords>
   <keywords>
      <text FeatureID="-1">paramètres, connexion</text>
      <target FeatureID="-1" href="HLP_OCC_CONN_SETTINGS.html">Connexions au réseau</target>
   </keywords>
   <keywords>
      <text FeatureID="-1">paramètres des destinations</text>
      <target FeatureID="-1" href="SET_HLP_CONN_DEST_VIEW.html">Affichage des destinations</target>
   </keywords>
   <keywords>
      <text FeatureID="-1">connexion par défaut</text>
      <target FeatureID="-1" href="SET_HLP_DEFAULT_CONN.html">Connexion par défaut</target>
   </keywords>
   <keywords>
      <text FeatureID="-1">Points d'accès RPV</text>
      <target FeatureID="true_99" href="SET_HLP_VPN_DEST_ASSOC_VIEW.html">Connexions RPV</target>
      <target FeatureID="-1" href="SET_HLP_VPN_AP_SETTINGS_VIEW.html">Modifier les points d'accès RPV</target>
   </keywords>
   <keywords>
      <text FeatureID="-1">connexions des applications</text>
      <target FeatureID="-1" href="SET_HLP_APP_DEST_ASSOC_VIEW.html">Connexions des applications</target>
   </keywords>
   <keywords>
      <text FeatureID="-1">paramètres d'application</text>
      <target FeatureID="-1" href="CP_HLP_APPILICATION_SETTINGS.html">Paramètres d'application</target>
   </keywords>
   <keywords>
      <text FeatureID="-1">appels, paramètres</text>
      <target FeatureID="-1" href="SCP_HLP_CALL.html">Options d'appel</target>
   </keywords>
   <keywords>
      <text FeatureID="-1">paramètres, appels</text>
      <target FeatureID="-1" href="SCP_HLP_CALL.html">Options d'appel</target>
   </keywords>
   <keywords>
      <text FeatureID="-1">connectivité</text>
      <target FeatureID="-1" href="CP_HLP_CONNECTIVITY.html">Paramètres de connectivité</target>
   </keywords>
   <keywords>
      <text FeatureID="-1">configuration</text>
      <target FeatureID="-1" href="CP_HLP_DISPLAY.html">Paramètres d’affichage</target>
   </keywords>
   <keywords>
      <text FeatureID="-1">paramètres d'affichage</text>
      <target FeatureID="-1" href="CP_HLP_DISPLAY.html">Paramètres d’affichage</target>
   </keywords>
   <keywords>
      <text FeatureID="-1">paramètres généraux</text>
      <target FeatureID="-1" href="CP_HLP_DEVICE.html">Paramètres de l'appareil</target>
   </keywords>
   <keywords>
      <text FeatureID="-1">paramètres d'appareil</text>
      <target FeatureID="-1" href="CP_HLP_DEVICE.html">Paramètres de l'appareil</target>
   </keywords>
   <keywords>
      <text FeatureID="-1">paramètres de langue</text>
      <target FeatureID="-1" href="CP_HLP_LANGUAGE.html">Paramètres de langue</target>
   </keywords>
   <keywords>
      <text FeatureID="-1">paramètres</text>
      <target FeatureID="-1" href="CP_HLP_MAIN_VIEW.html">Paramètres</target>
   </keywords>
   <keywords>
      <text FeatureID="-1">paramètres réseau</text>
      <target FeatureID="-1" href="CP_HLP_NETWORK.html">Paramètres réseau</target>
      <target FeatureID="-1" href="CP_HLP_NETWORK.html">Paramètres réseau</target>
   </keywords>
   <keywords>
      <text FeatureID="-1">profil</text>
      <target FeatureID="-1" href="CP_HLP_PERSONAL.html">Affichage personnel</target>
   </keywords>
   <keywords>
      <text FeatureID="-1">thème</text>
      <target FeatureID="-1" href="CP_HLP_PERSONAL.html">Affichage personnel</target>
   </keywords>
   <keywords>
      <text FeatureID="-1">veille</text>
      <target FeatureID="-1" href="CP_HLP_PERSONAL.html">Affichage personnel</target>
   </keywords>
   <keywords>
      <text FeatureID="-1">sécurité, paramètres</text>
      <target FeatureID="-1" href="CP_HLP_SECURITY.html">Paramètres de sécurité</target>
   </keywords>
   <keywords>
      <text FeatureID="-1">paramètres, sécurité</text>
      <target FeatureID="-1" href="CP_HLP_SECURITY.html">Paramètres de sécurité</target>
   </keywords>
   <keywords>
      <text FeatureID="-1">appareil, verrouiller</text>
      <target FeatureID="-1" href="SET_HLP_SECURITY_DEVICE_SIM.html">Sécurité de l'appareil</target>
   </keywords>
   <keywords>
      <text FeatureID="-1">sécurité</text>
      <target FeatureID="-1" href="SET_HLP_SECURITY_DEVICE_SIM.html">Sécurité de l'appareil</target>
   </keywords>
   <keywords>
      <text FeatureID="__DUAL_LANGUAGE_SUPPORT=true">langue d'écriture</text>
      <target FeatureID="__DUAL_LANGUAGE_SUPPORT=true" href="CP_HLP_WRITING_LANGUAGE.html">Langue d'écriture</target>
   </keywords>
   <keywords>
      <text FeatureID="__DUAL_LANGUAGE_SUPPORT=true">panneau de configuration</text>
      <target FeatureID="__DUAL_LANGUAGE_SUPPORT=true" href="CP_HLP_WRITING_LANGUAGE.html">Langue d'écriture</target>
   </keywords>
   <keywords>
      <text FeatureID="-1">paramètres des accessoires</text>
      <target FeatureID="-1" href="SET_HLP_ACCESSORIES_LIST.html">Paramètres des accessoires</target>
      <target FeatureID="-1" href="SET_HLP_ACCESSORIES_HEADSET.html">Paramètres de l'écouteur</target>
   </keywords>
   <keywords>
      <text FeatureID="-1">pt accès paquets donn.</text>
      <target FeatureID="-1" href="SET_HLP_AP_SETTING_GPRS.html">Pt accès paquets donn.</target>
   </keywords>
   <keywords>
      <text FeatureID="-1">param. pa­quets donn.</text>
      <target FeatureID="-1" href="SET_HLP_AP_SETTING_GPRS_AS.html">Param. av. paq. données</target>
   </keywords>
   <keywords>
      <text FeatureID="-1">points d'accès de données par paquets</text>
      <target FeatureID="-1" href="SET_HLP_AP_SETTING_GPRS_AS.html">Param. av. paq. données</target>
   </keywords>
   <keywords>
      <text FeatureID="true_1088 true_110">pts accès ap­pels données</text>
      <target FeatureID="true_110" href="SET_HLP_AP_DATA_AS_IPV4.html">Param. IPv4 app. données</target>
      <target FeatureID="true_1088" href="SET_HLP_AP_DATA_AS_IPV6.html">Param. IPv6 app. données</target>
      <target FeatureID="true_110" href="SET_HLP_AP_SETTING_DATA_AS.html">Par. avancés appel donn.</target>
   </keywords>
   <keywords>
      <text FeatureID="true_110">paramètres point d'accès</text>
      <target FeatureID="true_110" href="SET_HLP_AP_SETTING_DATA.html">Pt accès ap­pels données</target>
      <target FeatureID="true_110" href="SET_HLP_AP_SETTING_DATA_AS.html">Par. avancés appel donn.</target>
   </keywords>
   <keywords>
      <text FeatureID="true_110">Paramètres d'appel de données</text>
      <target FeatureID="true_110" href="SET_HLP_AP_SETTING_DATA.html">Pt accès ap­pels données</target>
   </keywords>
   <keywords>
      <text FeatureID="-1">réseau privé virtuel</text>
      <target FeatureID="-1" href="SET_HLP_VPN_AP_SETTINGS_VIEW.html">Modifier les points d'accès RPV</target>
   </keywords>
   <keywords>
      <text FeatureID="-1">verrouillage clavier</text>
      <target FeatureID="-1" href="CP_HLP_AUTOKEYGUARD.html">Verrouillage automatique du clavier</target>
   </keywords>
   <keywords>
      <text FeatureID="true_1581">unités distantes</text>
      <target FeatureID="true_1581" href="RD_HLP_REMOTE_DRIVE_CONFIG.html">Param. unité distante</target>
      <target FeatureID="true_1581" href="RD_HLP_REMOTE_DRIVES.html">Unités distantes</target>
   </keywords>
   <keywords>
      <text FeatureID="-1">interdiction d'appels</text>
      <target FeatureID="-1" href="SET_HLP_BARRING_SETTINGS.html">Interdire ap­pels téléph.</target>
      <target FeatureID="true_298" href="DIV_HLP_BARRING_MAIN.html">Interdire des appels</target>
   </keywords>
   <keywords>
      <text FeatureID="-1">appels interdits</text>
      <target FeatureID="-1" href="SET_HLP_BARRING_SETTINGS.html">Interdire ap­pels téléph.</target>
      <target FeatureID="true_298" href="DIV_HLP_BARRING_MAIN.html">Interdire des appels</target>
   </keywords>
   <keywords>
      <text FeatureID="-1">renvoi d'appels</text>
      <target FeatureID="true_89" href="DIV_HLP_CALL_FORW_VID.html">Renvoyer les appels vidéo</target>
      <target FeatureID="-1" href="DIV_HLP_CALL_FORW_MAIN.html">Renvoi d'appels</target>
      <target FeatureID="-1" href="DIV_HLP_CALL_FORW_VOI.html">Renvoi d'ap­pels vocaux</target>
   </keywords>
   <keywords>
      <text FeatureID="-1">renvoyer les appels</text>
      <target FeatureID="-1" href="DIV_HLP_CALL_FORW_MAIN.html">Renvoi d'appels</target>
   </keywords>
   <keywords>
      <text FeatureID="-1">paramètres de synchronisation</text>
      <target FeatureID="-1" href="CP_HLP_SYNCHRONISATION.html">Paramètres de synchronisation</target>
   </keywords>
   <keywords>
      <text FeatureID="-1">installer des applications</text>
      <target FeatureID="-1" href="CP_HLP_INSTALLATIONS.html">Installations</target>
   </keywords>
   <keywords>
      <text FeatureID="-1">paramètres d'écouteurs</text>
      <target FeatureID="-1" href="SET_HLP_ACCESSORIES_HEADPHONE.html">Paramètres d'écouteurs</target>
   </keywords>
   <keywords>
      <text FeatureID="-1">paramètres d'accessoire</text>
      <target FeatureID="-1" href="SET_HLP_ACCESSORIES_HEADPHONE.html">Paramètres d'écouteurs</target>
      <target FeatureID="-1" href="SET_HLP_ACCESS_WIRED_CK.html">Param. ens. voit. avec fil</target>
      <target FeatureID="true_1032" href="SET_HLP_ACCESSORIES_TTY.html">Param. tél. textuelle</target>
      <target FeatureID="true_1540" href="SET_HLP_ACCESSORIES_TVOUT.html">Paramètres sortie TV</target>
   </keywords>
   <keywords>
      <text FeatureID="-1">paramètres d'écouteur</text>
      <target FeatureID="-1" href="SET_HLP_ACCESSORIES_HEADSET.html">Paramètres de l'écouteur</target>
   </keywords>
   <keywords>
      <text FeatureID="-1">Param. ens. voit. avec fil</text>
      <target FeatureID="-1" href="SET_HLP_ACCESS_WIRED_CK.html">Param. ens. voit. avec fil</target>
   </keywords>
   <keywords>
      <text FeatureID="-1">param. ens. pour voiture</text>
      <target FeatureID="-1" href="SET_HLP_ACCESS_WIRED_CK.html">Param. ens. voit. avec fil</target>
   </keywords>
   <keywords>
      <text FeatureID="-1">param. conso. musicale</text>
      <target FeatureID="-1" href="SET_HLP_ACCESSORIES_MUSIC_ST.html">Param. conso. musicale</target>
   </keywords>
   <keywords>
      <text FeatureID="true_1032">paramètres ATS</text>
      <target FeatureID="true_1032" href="SET_HLP_ACCESSORIES_TTY.html">Param. tél. textuelle</target>
      <target FeatureID="true_1032" href="SET_HLP_ACCESSORIES_TTY.html">Param. tél. textuelle</target>
   </keywords>
   <keywords>
      <text FeatureID="true_1540">paramètres sortie TV</text>
      <target FeatureID="true_1540" href="SET_HLP_ACCESSORIES_TVOUT.html">Paramètres sortie TV</target>
   </keywords>
   <keywords>
      <text FeatureID="true_410">saisie de texte</text>
      <target FeatureID="true_410" href="PREDINPUT_HLP_VIRTUAL_ITI_SETTINGS.html">Paramètres de saisie</target>
   </keywords>
   <keywords>
      <text FeatureID="-1">saisie de texte intelligente</text>
      <target FeatureID="-1" href="PREDINPUT_HLP_VIRTUAL_ITI.html">Saisie de texte intelligente</target>
   </keywords>
   <keywords>
      <text FeatureID="-1">paramètres, restaurer</text>
      <target FeatureID="-1" href="SET_HLP_GENERAL_ORIG_SET.html">Restaurer config. orig.</target>
   </keywords>
   <keywords>
      <text FeatureID="-1">rétablissement de la configuration</text>
      <target FeatureID="-1" href="SET_HLP_GENERAL_ORIG_SET.html">Restaurer config. orig.</target>
   </keywords>
   <keywords>
      <text FeatureID="-1">configuration initiale, rétablissement</text>
      <target FeatureID="-1" href="SET_HLP_GENERAL_ORIG_SET.html">Restaurer config. orig.</target>
   </keywords>
</keywords>