<?xml version="1.0" encoding="UTF-8"?>
<keywords>
   <keywords>
      <text FeatureID="-1">upravljač uređajima</text>
      <target FeatureID="-1" href="DM_HLP_MAIN_VIEW.html">Softver uređaja</target>
      <target FeatureID="-1" href="DM_HLP_SETTINGS.html">Podešavanja profila servera</target>
      <target FeatureID="-1" href="DM_HLP_SERVERS_VIEW.html">Daljinsko podešavanje</target>
   </keywords>
   <keywords>
      <text FeatureID="-1">konfiguraciona podešavanja</text>
      <target FeatureID="-1" href="DM_HLP_MAIN_VIEW.html">Softver uređaja</target>
   </keywords>
   <keywords>
      <text FeatureID="-1">Upravljač uređajima</text>
      <target FeatureID="-1" href="FOTA_HLP_SETTINGS.html">Podešavanja za ažuriranje softvera</target>
   </keywords>
   <keywords>
      <text FeatureID="-1">podešavanja za ažuriranje softvera</text>
      <target FeatureID="-1" href="FOTA_HLP_SETTINGS.html">Podešavanja za ažuriranje softvera</target>
   </keywords>
   <keywords>
      <text FeatureID="-1">podešavanja profila servera</text>
      <target FeatureID="-1" href="DM_HLP_SETTINGS.html">Podešavanja profila servera</target>
   </keywords>
   <keywords>
      <text FeatureID="-1">daljinsko podešavanje</text>
      <target FeatureID="-1" href="DM_HLP_SERVERS_VIEW.html">Daljinsko podešavanje</target>
   </keywords>
</keywords>