<?xml version="1.0" encoding="UTF-8"?>
<keywords>
   <keywords>
      <text FeatureID="true_13 true_1566">USB-kabelanslutning</text>
      <target FeatureID="true_13" href="USB_HLP_MAIN.html">USB-inställningar</target>
      <target FeatureID="true_1566" href="USB_HLP_PRINT_SETTINGS.html">Skrivarinställningar</target>
   </keywords>
   <keywords>
      <text FeatureID="true_13">kabelanslutning</text>
      <target FeatureID="true_13" href="USB_HLP_MAIN.html">USB-inställningar</target>
   </keywords>
   <keywords>
      <text FeatureID="true_1566">utskrift</text>
      <target FeatureID="true_1566" href="USB_HLP_PRINT_SETTINGS.html">Skrivarinställningar</target>
   </keywords>
   <keywords>
      <text FeatureID="true_1566">inställningar, skrivare</text>
      <target FeatureID="true_1566" href="USB_HLP_PRINT_SETTINGS.html">Skrivarinställningar</target>
   </keywords>
</keywords>