<?xml version="1.0" encoding="UTF-8"?>
<keywords>
   <keywords>
      <text FeatureID="-1">retouche de photos</text>
      <target FeatureID="-1" href="SIE_HLP_MAIN.html">Retoucher des photos</target>
   </keywords>
   <keywords>
      <text FeatureID="-1">édition de texte</text>
      <target FeatureID="-1" href="SIE_HLP_EDIT_TEXT.html">Editer du texte dans des images</target>
   </keywords>
   <keywords>
      <text FeatureID="-1">éditeur d'images</text>
      <target FeatureID="-1" href="SIE_HLP_EDIT_TEXT.html">Editer du texte dans des images</target>
   </keywords>
   <keywords>
      <text FeatureID="-1">édition de photos agrandies</text>
      <target FeatureID="-1" href="SIE_HLP_ZOOMING.html">Modifier des photos agrandies</target>
   </keywords>
   <keywords>
      <text FeatureID="-1">agrandissement des photos</text>
      <target FeatureID="-1" href="SIE_HLP_ZOOMING.html">Modifier des photos agrandies</target>
   </keywords>
   <keywords>
      <text FeatureID="-1">édition d'un clipart</text>
      <target FeatureID="-1" href="SIE_HLP_EDIT_CLIPART.html">Editer un clipart</target>
   </keywords>
   <keywords>
      <text FeatureID="-1">édition de bulles de dialogue</text>
      <target FeatureID="-1" href="SIE_HLP_EDIT_CLIPART.html">Editer un clipart</target>
   </keywords>
   <keywords>
      <text FeatureID="-1">réduire les yeux rouges</text>
      <target FeatureID="-1" href="SIE_HLP_REDEYE.html">Réduire les yeux rouges</target>
   </keywords>
</keywords>