<?xml version="1.0" encoding="UTF-8"?><?xml-stylesheet  href="../../theme/xsl/index2html.xslt" type="text/xsl"?>
<topics FeatureID="-1" title="Log" compressed="true">
   <topicref FeatureID="-1" href="GPRS_HLP_MAIN.html" navtitle="Sambungan data paket"/>
   <topicref FeatureID="-1" href="LOGS_HLP_COUNTER.html" navtitle="Daftar panggilan dan data"/>
   <topicref FeatureID="-1" href="LOGS_HLP_DETAIL.html" navtitle="Butiran peristiwa log"/>
   <topicref FeatureID="-1" href="LOGS_HLP_MAIN.html" navtitle="Maklumat log"/>
   <topicref FeatureID="-1" href="LOGS_HLP_SETTING.html" navtitle="Tetapan log"/>
   <topicref FeatureID="-1" href="STM_HLP_DIALLED.html" navtitle="Nombor didail"/>
   <topicref FeatureID="-1" href="STM_HLP_MAIN.html" navtitle="Panggilan terbaru"/>
   <topicref FeatureID="-1" href="STM_HLP_MISSED.html" navtitle="Panggilan tidak dijawab"/>
   <topicref FeatureID="-1" href="STM_HLP_RECEIVED.html" navtitle="Panggilan yang diterima"/>
   <topicref FeatureID="-1" href="TIMERS_HLP_MAIN.html" navtitle="Tempoh panggilan"/>
</topics>