<?xml version="1.0" encoding="UTF-8"?>
<keywords>
   <keywords>
      <text FeatureID="-1">sambungan data paket</text>
      <target FeatureID="-1" href="GPRS_HLP_MAIN.html">Sambungan data paket</target>
      <target FeatureID="-1" href="LOGS_HLP_COUNTER.html">Daftar panggilan dan data</target>
   </keywords>
   <keywords>
      <text FeatureID="-1">tempoh panggilan</text>
      <target FeatureID="-1" href="LOGS_HLP_COUNTER.html">Daftar panggilan dan data</target>
      <target FeatureID="-1" href="TIMERS_HLP_MAIN.html">Tempoh panggilan</target>
   </keywords>
   <keywords>
      <text FeatureID="-1">panggilan terbaru</text>
      <target FeatureID="-1" href="LOGS_HLP_COUNTER.html">Daftar panggilan dan data</target>
      <target FeatureID="-1" href="STM_HLP_MAIN.html">Panggilan terbaru</target>
   </keywords>
   <keywords>
      <text FeatureID="-1">log</text>
      <target FeatureID="-1" href="LOGS_HLP_DETAIL.html">Butiran peristiwa log</target>
      <target FeatureID="-1" href="LOGS_HLP_MAIN.html">Maklumat log</target>
   </keywords>
   <keywords>
      <text FeatureID="-1">tetapan log</text>
      <target FeatureID="-1" href="LOGS_HLP_SETTING.html">Tetapan log</target>
   </keywords>
   <keywords>
      <text FeatureID="-1">nombor didail</text>
      <target FeatureID="-1" href="STM_HLP_DIALLED.html">Nombor didail</target>
   </keywords>
   <keywords>
      <text FeatureID="-1">log panggilan</text>
      <target FeatureID="-1" href="STM_HLP_MAIN.html">Panggilan terbaru</target>
   </keywords>
   <keywords>
      <text FeatureID="-1">panggilan tidak dijawab</text>
      <target FeatureID="-1" href="STM_HLP_MISSED.html">Panggilan tidak dijawab</target>
   </keywords>
   <keywords>
      <text FeatureID="-1">panggilan yang diterima</text>
      <target FeatureID="-1" href="STM_HLP_RECEIVED.html">Panggilan yang diterima</target>
   </keywords>
   <keywords>
      <text FeatureID="-1">panggilan dijawab</text>
      <target FeatureID="-1" href="STM_HLP_RECEIVED.html">Panggilan yang diterima</target>
   </keywords>
   <keywords>
      <text FeatureID="-1">lama panggilan</text>
      <target FeatureID="-1" href="TIMERS_HLP_MAIN.html">Tempoh panggilan</target>
   </keywords>
</keywords>