<?xml version="1.0" encoding="UTF-8"?>
<keywords>
   <keywords>
      <text FeatureID="true_1604">text input</text>
      <target FeatureID="true_1604" href="HWR_HLP_MAIN_VIEW.html">Reconoc. de escritura</target>
   </keywords>
   <keywords>
      <text FeatureID="true_1604">reconocimiento de escritura</text>
      <target FeatureID="true_1604" href="HWR_HLP_MAIN_VIEW.html">Reconoc. de escritura</target>
   </keywords>
   <keywords>
      <text FeatureID="true_1603 true_410">ingreso táctil</text>
      <target FeatureID="true_1603" href="VQWERTY_HLP_MAIN_VIEW.html">Teclado virtual</target>
      <target FeatureID="true_410" href="VITU_HLP_MAIN_VIEW.html">Teclado virtual</target>
   </keywords>
   <keywords>
      <text FeatureID="true_410">teclado virtual</text>
      <target FeatureID="true_410" href="VITU_HLP_MAIN_VIEW.html">Teclado virtual</target>
   </keywords>
</keywords>