<?xml version="1.0" encoding="UTF-8"?>
<keywords>
   <keywords>
      <text FeatureID="-1">музикален пакет</text>
      <target FeatureID="-1" href="MUS_HLP_MUSIC_SUITE_VIEW.html">Музикален пакет</target>
   </keywords>
   <keywords>
      <text FeatureID="-1">музикален плейър</text>
      <target FeatureID="-1" href="MUS_HLP_TRACKS_VIEW.html">Песни</target>
      <target FeatureID="-1" href="MUS_HLP_CATEGORY_VIEW.html">Музикални категории</target>
      <target FeatureID="-1" href="MUS_HLP_PLAYLISTS_VIEW.html">Музикални списъци с песни</target>
      <target FeatureID="-1" href="MUS_HLP_DOWNLOAD_PLAYBACK_VIEW.html">Възпроизвеждане на музика в интернет</target>
      <target FeatureID="-1" href="MUS_HLP_LIB_MAIN_VIEW.html">Фонотека</target>
      <target FeatureID="-1" href="MUS_HLP_METADATA_EDITING.html">Редактиране на информацията за песен</target>
      <target FeatureID="-1" href="MUS_HLP_ALBUM_ART_EDITING.html">Редактиране на обложката</target>
      <target FeatureID="-1" href="MUS_HLP_AUDIO_SETT.html">Аудио настройки</target>
   </keywords>
   <keywords>
      <text FeatureID="-1">музикален плеър</text>
      <target FeatureID="-1" href="MUS_HLP_PODCAST_MAIN_VIEW.html">Подкасти</target>
      <target FeatureID="-1" href="MUS_HLP_PODCAST_EPISODES.html">Епизоди на подкасти</target>
      <target FeatureID="-1" href="MUS_HLP_PLAYBACK_VIEW.html">Възпроизвеждане на музика</target>
   </keywords>
   <keywords>
      <text FeatureID="-1">подкасти</text>
      <target FeatureID="-1" href="MUS_HLP_PODCAST_MAIN_VIEW.html">Подкасти</target>
      <target FeatureID="-1" href="MUS_HLP_PODCAST_EPISODES.html">Епизоди на подкасти</target>
   </keywords>
   <keywords>
      <text FeatureID="-1">списъци с песни</text>
      <target FeatureID="-1" href="MUS_HLP_PLAYLISTS_VIEW.html">Музикални списъци с песни</target>
   </keywords>
   <keywords>
      <text FeatureID="-1">обложка</text>
      <target FeatureID="-1" href="MUS_HLP_ALBUM_ART_EDITING.html">Редактиране на обложката</target>
   </keywords>
   <keywords>
      <text FeatureID="-1">бас усилвател</text>
      <target FeatureID="-1" href="MUS_HLP_AUDIO_SETT.html">Аудио настройки</target>
   </keywords>
   <keywords>
      <text FeatureID="-1">пространствено стерео</text>
      <target FeatureID="-1" href="MUS_HLP_AUDIO_SETT.html">Аудио настройки</target>
   </keywords>
</keywords>