<?xml version="1.0" encoding="UTF-8"?>
<keywords>
   <keywords>
      <text FeatureID="-1">музикален плейър</text>
      <target FeatureID="-1" href="MUS_HLP_TRACKS_VIEW.html">Песни</target>
      <target FeatureID="-1" href="MUS_HLP_CATEGORY_VIEW.html">Музикални категории</target>
      <target FeatureID="-1" href="MUS_HLP_PLAYLISTS_VIEW.html">Музикални списъци с песни</target>
      <target FeatureID="-1" href="MUS_HLP_AUDIO_SETT.html">Аудио настройки</target>
   </keywords>
   <keywords>
      <text FeatureID="-1">музикален плеър</text>
      <target FeatureID="-1" href="MUS_HLP_PODCAST_MAIN_VIEW.html">Подкасти</target>
      <target FeatureID="-1" href="MUS_HLP_PODCAST_EPISODES.html">Епизоди на подкасти</target>
   </keywords>
   <keywords>
      <text FeatureID="-1">подкасти</text>
      <target FeatureID="-1" href="MUS_HLP_PODCAST_MAIN_VIEW.html">Подкасти</target>
      <target FeatureID="-1" href="MUS_HLP_PODCAST_EPISODES.html">Епизоди на подкасти</target>
   </keywords>
   <keywords>
      <text FeatureID="-1">списъци с песни</text>
      <target FeatureID="-1" href="MUS_HLP_PLAYLISTS_VIEW.html">Музикални списъци с песни</target>
   </keywords>
   <keywords>
      <text FeatureID="-1">music player</text>
      <target FeatureID="-1" href="MUS_HLP_DOWNLOAD_PLAYBACK_VIEW.html">Play music on web</target>
      <target FeatureID="-1" href="MUS_HLP_LIB_MAIN_VIEW.html">Music library</target>
   </keywords>
   <keywords>
      <text FeatureID="-1">бас усилвател</text>
      <target FeatureID="-1" href="MUS_HLP_AUDIO_SETT.html">Аудио настройки</target>
   </keywords>
   <keywords>
      <text FeatureID="-1">пространствено стерео</text>
      <target FeatureID="-1" href="MUS_HLP_AUDIO_SETT.html">Аудио настройки</target>
   </keywords>
</keywords>