<?xml version="1.0" encoding="UTF-8"?>
<keywords>
   <keywords>
      <text FeatureID="-1">filmavimas, garsai</text>
      <target FeatureID="-1" href="VOREC_HLP_EMPTY_RECORDER.html">Garso įrašų įrašymas</target>
   </keywords>
   <keywords>
      <text FeatureID="-1">diktofonas</text>
      <target FeatureID="-1" href="VOREC_HLP_MAIN.html">Diktofono naudojimas</target>
   </keywords>
   <keywords>
      <text FeatureID="-1">garso įrašų įrašymas</text>
      <target FeatureID="-1" href="VOREC_HLP_MAIN.html">Diktofono naudojimas</target>
   </keywords>
   <keywords>
      <text FeatureID="-1">diktofono parametrai</text>
      <target FeatureID="-1" href="VOREC_HLP_SETTINGS.html">Diktofono parametrai</target>
   </keywords>
</keywords>