<?xml version="1.0" encoding="UTF-8"?>
<keywords>
   <keywords>
      <text FeatureID="true_1604">text input</text>
      <target FeatureID="true_1604" href="HWR_HLP_MAIN_VIEW.html">Håndskriftsgenkendelse</target>
   </keywords>
   <keywords>
      <text FeatureID="true_1604">håndskriftsgenkendelse</text>
      <target FeatureID="true_1604" href="HWR_HLP_MAIN_VIEW.html">Håndskriftsgenkendelse</target>
   </keywords>
   <keywords>
      <text FeatureID="true_1603 true_410">berøringsinput</text>
      <target FeatureID="true_1603" href="VQWERTY_HLP_MAIN_VIEW.html">Virtuelt tastatur</target>
      <target FeatureID="true_410" href="VITU_HLP_MAIN_VIEW.html">Virtuelle taster</target>
   </keywords>
   <keywords>
      <text FeatureID="true_410">virtuelle taster</text>
      <target FeatureID="true_410" href="VITU_HLP_MAIN_VIEW.html">Virtuelle taster</target>
   </keywords>
</keywords>