<?xml version="1.0" encoding="UTF-8"?>
<keywords>
   <keywords>
      <text FeatureID="-1">inhoud voor delen</text>
      <target FeatureID="-1" href="UPNP_HLP_SHARE_CONTENT.html">Inhoud voor delen selecteren</target>
   </keywords>
   <keywords>
      <text FeatureID="-1">home media</text>
      <target FeatureID="-1" href="UPNP_HLP_SHARE_CONTENT.html">Inhoud voor delen selecteren</target>
      <target FeatureID="-1" href="UPNP_HLP_SHARING_PROP.html">Instellingen voor delen</target>
      <target FeatureID="-1" href="UPNP_HLP_MAIN_VIEW.html">Eigen media</target>
      <target FeatureID="-1" href="UPNP_HLP_MAIN_EXTERNAL.html">Eigen media-apparaten</target>
      <target FeatureID="-1" href="UPNP_HLP_CONTENT_VIEW.html">Home media-bestanden</target>
      <target FeatureID="-1" href="UPNP_HLP_REMOTE_DEVICES.html">Home media-mappen</target>
      <target FeatureID="-1" href="UPNP_HLP_SEARCH.html">Zoekresultaten</target>
   </keywords>
   <keywords>
      <text FeatureID="-1">afbeeldingen en video's delen</text>
      <target FeatureID="-1" href="UPNP_HLP_SHARE_CONTENT.html">Inhoud voor delen selecteren</target>
   </keywords>
   <keywords>
      <text FeatureID="-1">mediabestanden delen</text>
      <target FeatureID="-1" href="UPNP_HLP_SHARING_PROP.html">Instellingen voor delen</target>
      <target FeatureID="-1" href="UPNP_HLP_MAIN_VIEW.html">Eigen media</target>
      <target FeatureID="-1" href="UPNP_HLP_MAIN_EXTERNAL.html">Eigen media-apparaten</target>
      <target FeatureID="-1" href="UPNP_HLP_CONTENT_VIEW.html">Home media-bestanden</target>
      <target FeatureID="-1" href="UPNP_HLP_REMOTE_DEVICES.html">Home media-mappen</target>
      <target FeatureID="-1" href="UPNP_HLP_SEARCH.html">Zoekresultaten</target>
   </keywords>
   <keywords>
      <text FeatureID="-1">bestanden weergeven op extern apparaat</text>
      <target FeatureID="-1" href="UPNP_HLP_SHARING_PROP.html">Instellingen voor delen</target>
      <target FeatureID="-1" href="UPNP_HLP_MAIN_VIEW.html">Eigen media</target>
      <target FeatureID="-1" href="UPNP_HLP_MAIN_EXTERNAL.html">Eigen media-apparaten</target>
      <target FeatureID="-1" href="UPNP_HLP_CONTENT_VIEW.html">Home media-bestanden</target>
      <target FeatureID="-1" href="UPNP_HLP_REMOTE_DEVICES.html">Home media-mappen</target>
      <target FeatureID="-1" href="UPNP_HLP_SEARCH.html">Zoekresultaten</target>
   </keywords>
   <keywords>
      <text FeatureID="-1">eigenschappen delen</text>
      <target FeatureID="-1" href="UPNP_HLP_SHARING_PROP.html">Instellingen voor delen</target>
   </keywords>
</keywords>