<?xml version="1.0" encoding="UTF-8"?>
<keywords>
   <keywords>
      <text FeatureID="-1">rádio</text>
      <target FeatureID="-1" href="FMRADIO_HLP_MAIN.html">Ouvir rádio</target>
      <target FeatureID="-1" href="FMRADIO_HLP_SEARCH.html">Procurar estações</target>
      <target FeatureID="-1" href="FMRADIO_HLP_LIST.html"> Gerir estações de rádio</target>
   </keywords>
   <keywords>
      <text FeatureID="-1">Rádio FM</text>
      <target FeatureID="-1" href="FMRADIO_HLP_MAIN.html">Ouvir rádio</target>
      <target FeatureID="-1" href="FMRADIO_HLP_SEARCH.html">Procurar estações</target>
      <target FeatureID="-1" href="FMRADIO_HLP_LIST.html"> Gerir estações de rádio</target>
   </keywords>
</keywords>