<?xml version="1.0" encoding="UTF-8"?>
<keywords>
   <keywords>
      <text FeatureID="-1">agenda</text>
      <target FeatureID="-1" href="CALE_HLP_NOTE_VIEWER.html">Entrées d'agenda</target>
      <target FeatureID="-1" href="CALE_HLP_DAY_VIEW.html">Vue journalière</target>
      <target FeatureID="-1" href="CALE_HLP_NOTE_MEETING.html">Entrées réunion</target>
      <target FeatureID="-1" href="CALE_HLP_MONTH_VIEW.html">Vue mensuelle</target>
      <target FeatureID="-1" href="CALE_HLP_TODO_NOTE.html">Tâches</target>
      <target FeatureID="-1" href="CALE_HLP_TODO_VIEW.html">Vue des tâches</target>
      <target FeatureID="-1" href="CALE_HLP_WEEK_VIEW.html">Vue hebdomadaire</target>
      <target FeatureID="-1" href="CALE_HLP_CALENDAR_DATABASE_SETTINGS.html">Paramètres Agendas multiples</target>
      <target FeatureID="-1" href="CALE_HLP_CALE_MAN_VIEW.html">Vue de gestion des agendas</target>
      <target FeatureID="-1" href="CALE_HLP_ATTACH_VIEW.html">Affichage de la pièce jointe</target>
      <target FeatureID="-1" href="CALE_HLP_MAV.html">Vue des alarmes manquées</target>
   </keywords>
   <keywords>
      <text FeatureID="-1">réunions</text>
      <target FeatureID="-1" href="CALE_HLP_NOTE_VIEWER.html">Entrées d'agenda</target>
      <target FeatureID="-1" href="CALE_HLP_NOTE_MEETING.html">Entrées réunion</target>
   </keywords>
   <keywords>
      <text FeatureID="-1">notes tâches</text>
      <target FeatureID="-1" href="CALE_HLP_NOTE_VIEWER.html">Entrées d'agenda</target>
      <target FeatureID="-1" href="CALE_HLP_TODO_NOTE.html">Tâches</target>
   </keywords>
   <keywords>
      <text FeatureID="-1">paramètres de l'agenda</text>
      <target FeatureID="-1" href="CALE_HLP_SETTINGS.html">Paramètres de l'agenda</target>
   </keywords>
   <keywords>
      <text FeatureID="-1">liste des tâches</text>
      <target FeatureID="-1" href="CALE_HLP_TODO_VIEW.html">Vue des tâches</target>
   </keywords>
   <keywords>
      <text FeatureID="-1">paramètres, agenda</text>
      <target FeatureID="-1" href="CALE_HLP_CALENDAR_DATABASE_SETTINGS.html">Paramètres Agendas multiples</target>
   </keywords>
   <keywords>
      <text FeatureID="-1">pièces jointes</text>
      <target FeatureID="-1" href="CALE_HLP_ATTACH_VIEW.html">Affichage de la pièce jointe</target>
   </keywords>
   <keywords>
      <text FeatureID="-1">alarmes, note d'agenda</text>
      <target FeatureID="-1" href="CALE_HLP_MAV.html">Vue des alarmes manquées</target>
   </keywords>
</keywords>