<?xml version="1.0" encoding="UTF-8"?><?xml-stylesheet  href="../../theme/xsl/index2html.xslt" type="text/xsl"?>
<topics FeatureID="-1" title="وب" compressed="true">
   <topicref FeatureID="-1" href="OSS_HLP_BM_ADDBM.html" navtitle="افزودن نشانه ها"/>
   <topicref FeatureID="true_167" href="OSS_HLP_RSS_ADD.html" navtitle="افزودن سرویس های خبری وب"/>
   <topicref FeatureID="-1" href="OSS_HLP_PAGEVIEW.html" navtitle="جستجوی وب"/>
   <topicref FeatureID="-1" href="OSS_HLP_BM_MAIN.html" navtitle="مرور نشانه ها"/>
   <topicref FeatureID="true_167" href="OSS_HLP_RSS_EDIT.html" navtitle="ویرایش سرویس های خبری وب"/>
   <topicref FeatureID="-1" href="OSS_HLP_SETTINGS_GENERAL.html" navtitle="تنظیمات کلى"/>
   <topicref FeatureID="-1" href="OSS_HLP_SETTINGS_PAGE.html" navtitle="تنظیمات صفحه"/>
   <topicref FeatureID="-1" href="OSS_HLP_SETTINGS_PRIVACY.html" navtitle="تنظیمات اختصاصی"/>
   <topicref FeatureID="true_167" href="OSS_HLP_RSS_ARTICLE.html" navtitle="مقالات سرویس خبری"/>
   <topicref FeatureID="true_167" href="OSS_HLP_SETTINGS_RSS.html" navtitle="تنظیم سرویس خبری وب"/>
   <topicref FeatureID="true_167" href="OSS_HLP_RSS_ARTICLELST.html" navtitle="سرویس های خبری"/>
   <topicref FeatureID="-1" href="OSS_HLP_PAGEVIEW_EMBED.html" navtitle="وب در برنامه ها"/>
   <topicref FeatureID="-1" href="OSS_HLP_SETTINGS_FOLDERS.html" navtitle="تنظیمات وب"/>
   <topicref FeatureID="true_167" href="OSS_HLP_RSS_MAIN.html" navtitle="سرویسهای خبری و بلاگها"/>
   <topicref FeatureID="false_410" href="OSS_HLP_SHORTCUTS.html" navtitle="میانبرهای نوار ابزار"/>
</topics>