<?xml version="1.0" encoding="UTF-8"?>
<keywords>
   <keywords>
      <text FeatureID="-1">نشانه ها</text>
      <target FeatureID="-1" href="OSS_HLP_BM_ADDBM.html">افزودن نشانه ها</target>
      <target FeatureID="-1" href="OSS_HLP_BM_MAIN.html">مرور نشانه ها</target>
      <target FeatureID="-1" href="OSS_HLP_BM_EDIT.html">ویرایش مرزنماها</target>
   </keywords>
   <keywords>
      <text FeatureID="-1">مرزنماهای مرورگر</text>
      <target FeatureID="-1" href="OSS_HLP_BM_ADDBM.html">افزودن نشانه ها</target>
      <target FeatureID="-1" href="OSS_HLP_BM_EDIT.html">ویرایش مرزنماها</target>
   </keywords>
   <keywords>
      <text FeatureID="-1">وب</text>
      <target FeatureID="-1" href="OSS_HLP_BM_ADDBM.html">افزودن نشانه ها</target>
      <target FeatureID="true_167" href="OSS_HLP_RSS_ADD.html">افزودن سرویس های خبری وب</target>
      <target FeatureID="-1" href="OSS_HLP_PAGEVIEW.html">جستجوی وب</target>
      <target FeatureID="-1" href="OSS_HLP_BM_EDIT.html">ویرایش مرزنماها</target>
      <target FeatureID="true_167" href="OSS_HLP_RSS_EDIT.html">ویرایش سرویسهای خبری</target>
      <target FeatureID="true_167" href="OSS_HLP_RSS_ARTICLE.html">مقالات سرویس خبری</target>
      <target FeatureID="true_167" href="OSS_HLP_RSS_ARTICLELST.html">سرویس های خبری</target>
      <target FeatureID="true_167" href="OSS_HLP_RSS_MAIN.html">سرویسهای خبری و بلاگها</target>
   </keywords>
   <keywords>
      <text FeatureID="true_167">سرویس های خبری</text>
      <target FeatureID="true_167" href="OSS_HLP_RSS_ADD.html">افزودن سرویس های خبری وب</target>
      <target FeatureID="true_167" href="OSS_HLP_RSS_EDIT.html">ویرایش سرویسهای خبری</target>
      <target FeatureID="true_167" href="OSS_HLP_RSS_ARTICLE.html">مقالات سرویس خبری</target>
      <target FeatureID="true_167" href="OSS_HLP_RSS_ARTICLELST.html">سرویس های خبری</target>
      <target FeatureID="true_167" href="OSS_HLP_RSS_MAIN.html">سرویسهای خبری و بلاگها</target>
   </keywords>
   <keywords>
      <text FeatureID="true_167">سرویس های خبری RSS</text>
      <target FeatureID="true_167" href="OSS_HLP_RSS_ADD.html">افزودن سرویس های خبری وب</target>
      <target FeatureID="true_167" href="OSS_HLP_RSS_EDIT.html">ویرایش سرویسهای خبری</target>
      <target FeatureID="true_167" href="OSS_HLP_RSS_ARTICLE.html">مقالات سرویس خبری</target>
      <target FeatureID="true_167" href="OSS_HLP_RSS_ARTICLELST.html">سرویس های خبری</target>
      <target FeatureID="true_167" href="OSS_HLP_RSS_MAIN.html">سرویسهای خبری و بلاگها</target>
   </keywords>
   <keywords>
      <text FeatureID="true_167">اخبار و وبلاگها</text>
      <target FeatureID="true_167" href="OSS_HLP_RSS_ADD.html">افزودن سرویس های خبری وب</target>
      <target FeatureID="true_167" href="OSS_HLP_RSS_EDIT.html">ویرایش سرویسهای خبری</target>
      <target FeatureID="true_167" href="OSS_HLP_RSS_ARTICLE.html">مقالات سرویس خبری</target>
      <target FeatureID="true_167" href="OSS_HLP_RSS_ARTICLELST.html">سرویس های خبری</target>
      <target FeatureID="true_167" href="OSS_HLP_RSS_MAIN.html">سرویسهای خبری و بلاگها</target>
   </keywords>
   <keywords>
      <text FeatureID="true_167">وبلاگ ها</text>
      <target FeatureID="true_167" href="OSS_HLP_RSS_ADD.html">افزودن سرویس های خبری وب</target>
      <target FeatureID="true_167" href="OSS_HLP_RSS_EDIT.html">ویرایش سرویسهای خبری</target>
      <target FeatureID="true_167" href="OSS_HLP_RSS_ARTICLE.html">مقالات سرویس خبری</target>
      <target FeatureID="true_167" href="OSS_HLP_RSS_ARTICLELST.html">سرویس های خبری</target>
      <target FeatureID="true_167" href="OSS_HLP_RSS_MAIN.html">سرویسهای خبری و بلاگها</target>
   </keywords>
   <keywords>
      <text FeatureID="-1">صفحات جستجو</text>
      <target FeatureID="-1" href="OSS_HLP_PAGEVIEW.html">جستجوی وب</target>
   </keywords>
   <keywords>
      <text FeatureID="-1">مرورگر</text>
      <target FeatureID="-1" href="OSS_HLP_BM_MAIN.html">مرور نشانه ها</target>
   </keywords>
   <keywords>
      <text FeatureID="-1">تنظیمات مرورگر</text>
      <target FeatureID="-1" href="OSS_HLP_SETTINGS_GENERAL.html">تنظیمات کلى</target>
      <target FeatureID="-1" href="OSS_HLP_SETTINGS_PAGE.html">تنظیمات صفحه</target>
      <target FeatureID="-1" href="OSS_HLP_SETTINGS_PRIVACY.html">تنظیمات اختصاصی</target>
      <target FeatureID="true_167" href="OSS_HLP_SETTINGS_RSS.html">تنظیمات سرویس خبری</target>
      <target FeatureID="-1" href="OSS_HLP_SETTINGS_FOLDERS.html">تنظیمات وب</target>
      <target FeatureID="false_410" href="OSS_HLP_SHORTCUTS.html">میانبرهای نوار ابزار</target>
      <target FeatureID="false_410" href="OSS_HLP_KEYPAD.html">میانبرهای صفحه کلید</target>
   </keywords>
   <keywords>
      <text FeatureID="-1">تنظیمات وب</text>
      <target FeatureID="-1" href="OSS_HLP_SETTINGS_GENERAL.html">تنظیمات کلى</target>
      <target FeatureID="-1" href="OSS_HLP_SETTINGS_PAGE.html">تنظیمات صفحه</target>
      <target FeatureID="-1" href="OSS_HLP_SETTINGS_PAGE.html">تنظیمات صفحه</target>
      <target FeatureID="-1" href="OSS_HLP_SETTINGS_PRIVACY.html">تنظیمات اختصاصی</target>
      <target FeatureID="true_167" href="OSS_HLP_SETTINGS_RSS.html">تنظیمات سرویس خبری</target>
      <target FeatureID="true_167" href="OSS_HLP_SETTINGS_RSS.html">تنظیمات سرویس خبری</target>
      <target FeatureID="-1" href="OSS_HLP_SETTINGS_FOLDERS.html">تنظیمات وب</target>
      <target FeatureID="-1" href="OSS_HLP_SETTINGS_FOLDERS.html">تنظیمات وب</target>
      <target FeatureID="false_410" href="OSS_HLP_SHORTCUTS.html">میانبرهای نوار ابزار</target>
      <target FeatureID="false_410" href="OSS_HLP_KEYPAD.html">میانبرهای صفحه کلید</target>
   </keywords>
   <keywords>
      <text FeatureID="-1">تنظیمات اختصاصی</text>
      <target FeatureID="-1" href="OSS_HLP_SETTINGS_PRIVACY.html">تنظیمات اختصاصی</target>
   </keywords>
   <keywords>
      <text FeatureID="-1">باز کردن صفحه ویژه</text>
      <target FeatureID="-1" href="OSS_HLP_PAGEVIEW_EMBED.html">وب در برنامه ها</target>
   </keywords>
   <keywords>
      <text FeatureID="-1">وب در برنامه ها</text>
      <target FeatureID="-1" href="OSS_HLP_PAGEVIEW_EMBED.html">وب در برنامه ها</target>
   </keywords>
</keywords>