<?xml version="1.0" encoding="UTF-8"?><?xml-stylesheet  href="../../theme/xsl/index2html.xslt" type="text/xsl"?>
<topics FeatureID="-1" title="Logboeken" compressed="true">
   <topicref FeatureID="-1" href="GPRS_HLP_MAIN.html" navtitle="Packet-gegevensverbindingen"/>
   <topicref FeatureID="-1" href="LOGS_HLP_COUNTER.html" navtitle="Oproep- en gegevenslijsten"/>
   <topicref FeatureID="-1" href="LOGS_HLP_DETAIL.html" navtitle="Gegevens logboekgebeurtenissen"/>
   <topicref FeatureID="-1" href="LOGS_HLP_MAIN.html" navtitle="Logboekgegevens"/>
   <topicref FeatureID="-1" href="LOGS_HLP_SETTING.html" navtitle="Logboekinstellingen"/>
   <topicref FeatureID="-1" href="STM_HLP_DIALLED.html" navtitle="Gekozen nummers"/>
   <topicref FeatureID="-1" href="STM_HLP_MAIN.html" navtitle="Recente oproepen"/>
   <topicref FeatureID="-1" href="STM_HLP_MISSED.html" navtitle="Gemiste oproepen"/>
   <topicref FeatureID="-1" href="STM_HLP_RECEIVED.html" navtitle="Ontvangen oproepen"/>
   <topicref FeatureID="-1" href="TIMERS_HLP_MAIN.html" navtitle="Gespreksduur"/>
</topics>