<?xml version="1.0" encoding="UTF-8"?>
<keywords>
   <keywords>
      <text FeatureID="-1">packetgegevensverbindingen</text>
      <target FeatureID="-1" href="GPRS_HLP_MAIN.html">Packet-gegevensverbindingen</target>
      <target FeatureID="-1" href="LOGS_HLP_COUNTER.html">Oproep- en gegevenslijsten</target>
   </keywords>
   <keywords>
      <text FeatureID="-1">duur oproepen</text>
      <target FeatureID="-1" href="LOGS_HLP_COUNTER.html">Oproep- en gegevenslijsten</target>
   </keywords>
   <keywords>
      <text FeatureID="-1">recente oproepen</text>
      <target FeatureID="-1" href="LOGS_HLP_COUNTER.html">Oproep- en gegevenslijsten</target>
      <target FeatureID="-1" href="STM_HLP_MAIN.html">Recente oproepen</target>
   </keywords>
   <keywords>
      <text FeatureID="-1">logboeken</text>
      <target FeatureID="-1" href="LOGS_HLP_DETAIL.html">Gegevens logboekgebeurtenissen</target>
      <target FeatureID="-1" href="LOGS_HLP_MAIN.html">Logboekgegevens</target>
   </keywords>
   <keywords>
      <text FeatureID="-1">logboekinstellingen</text>
      <target FeatureID="-1" href="LOGS_HLP_SETTING.html">Logboekinstellingen</target>
   </keywords>
   <keywords>
      <text FeatureID="-1">gekozen nummers</text>
      <target FeatureID="-1" href="STM_HLP_DIALLED.html">Gekozen nummers</target>
   </keywords>
   <keywords>
      <text FeatureID="-1">oproeplogboek</text>
      <target FeatureID="-1" href="STM_HLP_MAIN.html">Recente oproepen</target>
   </keywords>
   <keywords>
      <text FeatureID="-1">gemiste oproepen</text>
      <target FeatureID="-1" href="STM_HLP_MISSED.html">Gemiste oproepen</target>
   </keywords>
   <keywords>
      <text FeatureID="-1">ontvangen oproepen</text>
      <target FeatureID="-1" href="STM_HLP_RECEIVED.html">Ontvangen oproepen</target>
   </keywords>
   <keywords>
      <text FeatureID="-1">beantwoorde oproepen</text>
      <target FeatureID="-1" href="STM_HLP_RECEIVED.html">Ontvangen oproepen</target>
   </keywords>
   <keywords>
      <text FeatureID="-1">gespreksduur</text>
      <target FeatureID="-1" href="TIMERS_HLP_MAIN.html">Gespreksduur</target>
   </keywords>
   <keywords>
      <text FeatureID="-1">lengte gesprekken</text>
      <target FeatureID="-1" href="TIMERS_HLP_MAIN.html">Gespreksduur</target>
   </keywords>
</keywords>