<?xml version="1.0" encoding="UTF-8"?>
<keywords>
   <keywords>
      <text FeatureID="-1">posodabljanje prog. opreme</text>
      <target FeatureID="-1" href="SWUPDATE_HLP_MAIN.html">Posodabljanje programske opreme</target>
      <target FeatureID="-1" href="SWUPDATE_HLP_MAIN.html">Posodabljanje programske opreme</target>
   </keywords>
   <keywords>
      <text FeatureID="-1">nastavitve posodabljanja programske opreme</text>
      <target FeatureID="-1" href="SWUPDATE_HLP_SETTINGS.html">Nast. posod. prog. opreme</target>
   </keywords>
</keywords>