<?xml version="1.0" encoding="UTF-8"?><?xml-stylesheet  href="../../theme/xsl/index2html.xslt" type="text/xsl"?>
<topics FeatureID="-1" title="照相/摄像机" compressed="true">
   <topicref FeatureID="-1" href="LCAM_HLP_VIEWFINDER_PHOTO.html" navtitle="拍摄图像"/>
   <topicref FeatureID="false_410" href="LCAM_HLP_LIGHT_SENSITIVITY.html" navtitle="更改感光度"/>
   <topicref FeatureID="-1" href="LCAM_HLP_SETTINGS_PHOUSER.html" navtitle="定义场景"/>
   <topicref FeatureID="-1" href="LCAM_HLP_SCENES_PHOTO.html" navtitle="图像场景"/>
   <topicref FeatureID="-1" href="LCAM_HLP_SETTINGS.html" navtitle="照相/摄像机设置"/>
   <topicref FeatureID="-1" href="LCAM_HLP_SETTINGS_PHOTO.html" navtitle="图像设置"/>
   <topicref FeatureID="-1" href="LCAM_HLP_VIEWFINDER_VIDEO.html" navtitle="录制视频片段"/>
   <topicref FeatureID="false_410" href="LCAM_HLP_SCENES_VIDEO.html" navtitle="视频场景"/>
   <topicref FeatureID="-1" href="LCAM_HLP_SETTINGS_VIDEO.html" navtitle="视频设置"/>
   <topicref FeatureID="-1" href="LCAM_HLP_VIEWFINDER_VIDEO_EM.html" navtitle="应用程序中的视频"/>
   <topicref FeatureID="false_410" href="LCAM_HLP_STANDYBY_EM.html" navtitle="照相/摄像机未处于活动状态"/>
   <topicref FeatureID="-1" href="LCAM_HLP_POST_VIDEO.html" navtitle="播放视频片段"/>
   <topicref FeatureID="-1" href="LCAM_HLP_VIEWFINDER_PHOTO_EM.html" navtitle="应用程序中的图像"/>
   <topicref FeatureID="-1" href="LCAM_HLP_POST_PHOTO.html" navtitle="查看拍摄的图像"/>
   <topicref FeatureID="true_132" href="LCAM_HLP_POST_SEQ.html" navtitle="查看连续拍摄的图像"/>
</topics>