<?xml version="1.0" encoding="UTF-8"?>
<keywords>
   <keywords>
      <text FeatureID="-1">照相/摄像机</text>
      <target FeatureID="-1" href="LCAM_HLP_VIEWFINDER_PHOTO.html">拍摄图像</target>
      <target FeatureID="false_410" href="LCAM_HLP_LIGHT_SENSITIVITY.html">更改感光度</target>
      <target FeatureID="-1" href="LCAM_HLP_SCENES_PHOTO.html">图像场景</target>
      <target FeatureID="-1" href="LCAM_HLP_VIEWFINDER_VIDEO.html">录制视频片段</target>
      <target FeatureID="false_410" href="LCAM_HLP_SCENES_VIDEO.html">视频场景</target>
      <target FeatureID="-1" href="LCAM_HLP_VIEWFINDER_VIDEO_EM.html">应用程序中的视频</target>
      <target FeatureID="false_410" href="LCAM_HLP_STANDYBY_EM.html">照相/摄像机未处于活动状态</target>
      <target FeatureID="-1" href="LCAM_HLP_POST_VIDEO.html">播放视频片段</target>
      <target FeatureID="-1" href="LCAM_HLP_POST_PHOTO.html">查看拍摄的图像</target>
      <target FeatureID="true_132" href="LCAM_HLP_POST_SEQ.html">查看连续拍摄的图像</target>
   </keywords>
   <keywords>
      <text FeatureID="-1">拍摄图像</text>
      <target FeatureID="-1" href="LCAM_HLP_VIEWFINDER_PHOTO.html">拍摄图像</target>
   </keywords>
   <keywords>
      <text FeatureID="false_410">感光度</text>
      <target FeatureID="false_410" href="LCAM_HLP_LIGHT_SENSITIVITY.html">更改感光度</target>
   </keywords>
   <keywords>
      <text FeatureID="-1">照相机场景</text>
      <target FeatureID="-1" href="LCAM_HLP_SETTINGS_PHOUSER.html">定义场景</target>
   </keywords>
   <keywords>
      <text FeatureID="-1">场景</text>
      <target FeatureID="-1" href="LCAM_HLP_SCENES_PHOTO.html">图像场景</target>
   </keywords>
   <keywords>
      <text FeatureID="-1">照相/摄像机设置</text>
      <target FeatureID="-1" href="LCAM_HLP_SETTINGS.html">照相/摄像机设置</target>
   </keywords>
   <keywords>
      <text FeatureID="-1">照相/摄像, 设置</text>
      <target FeatureID="-1" href="LCAM_HLP_SETTINGS_PHOTO.html">图像设置</target>
      <target FeatureID="-1" href="LCAM_HLP_SETTINGS_VIDEO.html">视频设置</target>
   </keywords>
   <keywords>
      <text FeatureID="-1">录制视频</text>
      <target FeatureID="-1" href="LCAM_HLP_VIEWFINDER_VIDEO.html">录制视频片段</target>
   </keywords>
   <keywords>
      <text FeatureID="false_410">视频场景</text>
      <target FeatureID="false_410" href="LCAM_HLP_SCENES_VIDEO.html">视频场景</target>
   </keywords>
   <keywords>
      <text FeatureID="-1">视频, 设置</text>
      <target FeatureID="-1" href="LCAM_HLP_SETTINGS_VIDEO.html">视频设置</target>
   </keywords>
   <keywords>
      <text FeatureID="-1">应用程序中的视频片段</text>
      <target FeatureID="-1" href="LCAM_HLP_VIEWFINDER_VIDEO_EM.html">应用程序中的视频</target>
   </keywords>
   <keywords>
      <text FeatureID="-1">播放视频片段</text>
      <target FeatureID="-1" href="LCAM_HLP_POST_VIDEO.html">播放视频片段</target>
   </keywords>
   <keywords>
      <text FeatureID="-1">从程序中打开照相/摄像机</text>
      <target FeatureID="-1" href="LCAM_HLP_VIEWFINDER_PHOTO_EM.html">应用程序中的图像</target>
   </keywords>
   <keywords>
      <text FeatureID="-1">查看图像</text>
      <target FeatureID="-1" href="LCAM_HLP_POST_PHOTO.html">查看拍摄的图像</target>
   </keywords>
   <keywords>
      <text FeatureID="true_132">连拍模式</text>
      <target FeatureID="true_132" href="LCAM_HLP_POST_SEQ.html">查看连续拍摄的图像</target>
   </keywords>
</keywords>