<?xml version="1.0" encoding="UTF-8"?>
<keywords>
   <keywords>
      <text FeatureID="true_13 true_1566">Koneksyon na USB cable</text>
      <target FeatureID="true_13" href="USB_HLP_MAIN.html">Mga setting na USB</target>
      <target FeatureID="true_1566" href="USB_HLP_PRINT_SETTINGS.html">Mga setting ng printer</target>
   </keywords>
   <keywords>
      <text FeatureID="true_13">koneksyon na cable</text>
      <target FeatureID="true_13" href="USB_HLP_MAIN.html">Mga setting na USB</target>
   </keywords>
   <keywords>
      <text FeatureID="true_1566">pag-print</text>
      <target FeatureID="true_1566" href="USB_HLP_PRINT_SETTINGS.html">Mga setting ng printer</target>
   </keywords>
   <keywords>
      <text FeatureID="true_1566">mga setting, printer</text>
      <target FeatureID="true_1566" href="USB_HLP_PRINT_SETTINGS.html">Mga setting ng printer</target>
   </keywords>
</keywords>