<?xml version="1.0" encoding="UTF-8"?>
<keywords>
   <keywords>
      <text FeatureID="-1">tetapan e-mel</text>
      <target FeatureID="-1" href="MBXS_HLP_SETT_DOWNL_CTRL.html">Tetapan pengambilan e-mel</target>
      <target FeatureID="-1" href="MBXS_HLP_SETT_DOWNL_RETR.html">Jumlah pengambilan e-mel</target>
      <target FeatureID="-1" href="MBXS_HLP_SETT_MBX_IN.html">Tetapan e-mel masuk</target>
      <target FeatureID="-1" href="MBXS_HLP_SETT_MBX_IN_OUT.html">Tetapan sambungan</target>
      <target FeatureID="-1" href="MBXS_HLP_SETT_MBX_OUT.html">Tetapan e-mel keluar</target>
      <target FeatureID="-1" href="MCE_HLP_SETTINGS_EMAIL.html">Tetapan e-mel</target>
      <target FeatureID="-1" href="MCE_HLP_SETT_EMAILMAIN.html">Edit peti mel</target>
      <target FeatureID="-1" href="MCE_HLP_SETT_MAILBLIST.html">Peti mel</target>
      <target FeatureID="-1" href="MCE_HLP_SETT_MAILFOLDER_UPD.html">Folder peti mel</target>
      <target FeatureID="true_1633" href="MCE_HLP_SETT_MAIL_ONLI.html">Pengambilan automatik</target>
   </keywords>
   <keywords>
      <text FeatureID="-1">tetapan peti mel</text>
      <target FeatureID="-1" href="MCE_HLP_SETT_EMAILMAIN.html">Edit peti mel</target>
   </keywords>
   <keywords>
      <text FeatureID="-1">peti mel</text>
      <target FeatureID="-1" href="MCE_HLP_SETT_MAILBLIST.html">Peti mel</target>
      <target FeatureID="-1" href="MCE_HLP_MAILBOX_ONLINE.html">E-mel dalam talian</target>
   </keywords>
   <keywords>
      <text FeatureID="-1">folder peti mel</text>
      <target FeatureID="-1" href="MCE_HLP_SETT_MAILFOLDER_UPD.html">Folder peti mel</target>
   </keywords>
   <keywords>
      <text FeatureID="-1">tetapan pengguna</text>
      <target FeatureID="-1" href="MCE_HLP_SETT_MAIL_USER.html">Tetapan pengguna</target>
   </keywords>
   <keywords>
      <text FeatureID="true_44">tetapan peti mel segerak</text>
      <target FeatureID="true_44" href="MCE_HLP_SETT_SMAILBOX.html">Tetapan peti mel segerak</target>
   </keywords>
   <keywords>
      <text FeatureID="true_44">tetapan penyegerakan e-mel</text>
      <target FeatureID="true_44" href="MCE_HLP_SETT_SMAILBOX.html">Tetapan peti mel segerak</target>
   </keywords>
   <keywords>
      <text FeatureID="-1">e-mel luar talian</text>
      <target FeatureID="-1" href="MCE_HLP_MAILBOX_OFFLINE.html">E-mel luar talian</target>
   </keywords>
   <keywords>
      <text FeatureID="-1">menyambung kepada peti mel</text>
      <target FeatureID="-1" href="MCE_HLP_MAILBOX_ONLINE.html">E-mel dalam talian</target>
   </keywords>
   <keywords>
      <text FeatureID="-1">e-mel dalam talian</text>
      <target FeatureID="-1" href="MCE_HLP_MAILBOX_ONLINE.html">E-mel dalam talian</target>
      <target FeatureID="-1" href="MCE_HLP_MAILBOX_ONLINE.html">E-mel dalam talian</target>
   </keywords>
</keywords>