<?xml version="1.0" encoding="UTF-8"?>
<keywords>
   <keywords>
      <text FeatureID="-1">pemutaran file flash</text>
      <target FeatureID="-1" href="FLITE_HLP_STOPPED.html">Mengakhiri pemutaran flash</target>
      <target FeatureID="-1" href="FLITE_HLP_VIEWER_PAUSED.html">Menjeda pemutaran flash</target>
      <target FeatureID="-1" href="FLITE_HLP_VIEWER_PLAY.html">Memutar file flash</target>
   </keywords>
   <keywords>
      <text FeatureID="-1">Pemutar Flash</text>
      <target FeatureID="-1" href="FLITE_HLP_STOPPED.html">Mengakhiri pemutaran flash</target>
      <target FeatureID="-1" href="FLITE_HLP_VIEWER_PAUSED.html">Menjeda pemutaran flash</target>
      <target FeatureID="-1" href="FLITE_HLP_VIEWER_PLAY.html">Memutar file flash</target>
   </keywords>
</keywords>