<?xml version="1.0" encoding="UTF-8"?>
<keywords>
   <keywords>
      <text FeatureID="-1">Fotos</text>
      <target FeatureID="-1" href="LGAL_HLP_ALBUM_LIST.html">Álbuns</target>
      <target FeatureID="-1" href="LGAL_HLP_ALL_GRID.html">Navegar em todos os arquivos de mídia</target>
      <target FeatureID="-1" href="LGAL_HLP_ALBUM_GRID.html">Navegar nos arquivos de mídia em álbuns</target>
      <target FeatureID="-1" href="LGAL_HLP_TAGS_GRID.html">Navegar em arquivos de mídia marcados</target>
      <target FeatureID="-1" href="LGAL_HLP_DETAILS_VIEW.html">Ver e editar detalhes do arquivo</target>
      <target FeatureID="-1" href="LGAL_HLP_TAGS_BROWSER.html">Marcas</target>
      <target FeatureID="-1" href="LGAL_HLP_MONTH_FULLSCREEN.html">Ver arquivos de mídia por mês</target>
      <target FeatureID="-1" href="LGAL_HLP_MONTH_GRID.html">Navegar em arquivos de mídia por mês</target>
      <target FeatureID="-1" href="LGAL_HLP_VIEW_LIST.html">Fotos</target>
      <target FeatureID="-1" href="LGAL_HLP_MONTH_LIST.html">Meses</target>
      <target FeatureID="-1" href="LGAL_HLP_SLIDESHOW_SETTINGS.html">Configurações de apresentação de slides</target>
      <target FeatureID="-1" href="LGAL_HLP_ALL_FULLSCREEN.html">Ver todos os arquivos de mídia</target>
      <target FeatureID="-1" href="LGAL_HLP_ALBUM_FULLSCREEN.html">Ver arquivos de mídia em álbuns</target>
      <target FeatureID="-1" href="LGAL_HLP_TAGS_FULLSCREEN.html">Ver arquivos de mídia marcados</target>
   </keywords>
   <keywords>
      <text FeatureID="-1">álbuns</text>
      <target FeatureID="-1" href="LGAL_HLP_ALBUM_LIST.html">Álbuns</target>
      <target FeatureID="-1" href="LGAL_HLP_ALBUM_GRID.html">Navegar nos arquivos de mídia em álbuns</target>
      <target FeatureID="-1" href="LGAL_HLP_VIEW_LIST.html">Fotos</target>
      <target FeatureID="-1" href="LGAL_HLP_ALBUM_FULLSCREEN.html">Ver arquivos de mídia em álbuns</target>
   </keywords>
   <keywords>
      <text FeatureID="-1">marcas</text>
      <target FeatureID="-1" href="LGAL_HLP_TAGS_GRID.html">Navegar em arquivos de mídia marcados</target>
      <target FeatureID="-1" href="LGAL_HLP_TAGS_BROWSER.html">Marcas</target>
      <target FeatureID="-1" href="LGAL_HLP_VIEW_LIST.html">Fotos</target>
      <target FeatureID="-1" href="LGAL_HLP_TAGS_FULLSCREEN.html">Ver arquivos de mídia marcados</target>
   </keywords>
   <keywords>
      <text FeatureID="-1">apresentação de slides</text>
      <target FeatureID="-1" href="LGAL_HLP_SLIDESHOW_SETTINGS.html">Configurações de apresentação de slides</target>
   </keywords>
</keywords>