<?xml version="1.0" encoding="UTF-8"?>
<keywords>
   <keywords>
      <text FeatureID="-1">Sicherheitszertifikate</text>
      <target FeatureID="-1" href="CM_HLP_AUTHORITY.html">Sicherheitszertifikate</target>
      <target FeatureID="-1" href="CM_HLP_AUTHORITY.html">Sicherheitszertifikate</target>
      <target FeatureID="-1" href="CM_HLP_MAIN.html">Zertifikatverwaltung</target>
   </keywords>
   <keywords>
      <text FeatureID="-1">Zertifikate</text>
      <target FeatureID="-1" href="CM_HLP_AUTHORITY.html">Sicherheitszertifikate</target>
      <target FeatureID="-1" href="CM_HLP_DEVICE.html">Gerätezertifikate</target>
      <target FeatureID="-1" href="CM_HLP_MAIN.html">Zertifikatverwaltung</target>
      <target FeatureID="-1" href="CM_HLP_PERSONAL.html">Persönliche Zertifikate</target>
      <target FeatureID="-1" href="CM_HLP_TRUSTED_SITE.html">Zertifikate vertrauenswürdiger Seiten</target>
      <target FeatureID="-1" href="CM_HLP_TRUST_SETTINGS.html">Beglaubigungseinstellungen bearbeiten</target>
   </keywords>
   <keywords>
      <text FeatureID="-1">Gerätezertifikate</text>
      <target FeatureID="-1" href="CM_HLP_DEVICE.html">Gerätezertifikate</target>
   </keywords>
   <keywords>
      <text FeatureID="-1">Persönliche Zertifikate</text>
      <target FeatureID="-1" href="CM_HLP_PERSONAL.html">Persönliche Zertifikate</target>
   </keywords>
   <keywords>
      <text FeatureID="-1">Zertifikate vertrauenswürdiger Seiten</text>
      <target FeatureID="-1" href="CM_HLP_TRUSTED_SITE.html">Zertifikate vertrauenswürdiger Seiten</target>
   </keywords>
   <keywords>
      <text FeatureID="-1">Beglaubigungseinstellungen</text>
      <target FeatureID="-1" href="CM_HLP_TRUST_SETTINGS.html">Beglaubigungseinstellungen bearbeiten</target>
   </keywords>
</keywords>