<?xml version="1.0" encoding="UTF-8"?>
<keywords>
   <keywords>
      <text FeatureID="true_1091">USSD 編輯器</text>
      <target FeatureID="true_1091" href="USSD_HLP_EDITOR.html">服務指令</target>
   </keywords>
   <keywords>
      <text FeatureID="true_1091">服務指令</text>
      <target FeatureID="true_1091" href="USSD_HLP_EDITOR.html">服務指令</target>
   </keywords>
   <keywords>
      <text FeatureID="true_1091">系統服務</text>
      <target FeatureID="true_1091" href="USSD_HLP_EDITOR.html">服務指令</target>
   </keywords>
</keywords>