<?xml version="1.0" encoding="UTF-8"?><?xml-stylesheet  href="../../theme/xsl/index2html.xslt" type="text/xsl"?>
<topics FeatureID="-1" title="Web" compressed="true">
   <topicref FeatureID="-1" href="OSS_HLP_BM_ADDBM.html" navtitle="Přidání záložek"/>
   <topicref FeatureID="true_167" href="OSS_HLP_RSS_ADD.html" navtitle="Přidání webových zdrojů"/>
   <topicref FeatureID="-1" href="OSS_HLP_PAGEVIEW.html" navtitle="Procházení webu"/>
   <topicref FeatureID="-1" href="OSS_HLP_BM_MAIN.html" navtitle="Prohlížení záložek"/>
   <topicref FeatureID="-1" href="OSS_HLP_BM_EDIT.html" navtitle="Úprava záložek"/>
   <topicref FeatureID="true_167" href="OSS_HLP_RSS_EDIT.html" navtitle="Úpravy webových zdrojů"/>
   <topicref FeatureID="-1" href="OSS_HLP_SETTINGS_GENERAL.html" navtitle="Obecná nastavení"/>
   <topicref FeatureID="-1" href="OSS_HLP_SETTINGS_PAGE.html" navtitle="Nastavení stránky"/>
   <topicref FeatureID="-1" href="OSS_HLP_SETTINGS_PRIVACY.html" navtitle="Nastavení soukromí"/>
   <topicref FeatureID="true_167" href="OSS_HLP_RSS_ARTICLE.html" navtitle="Články webových kanálů"/>
   <topicref FeatureID="true_167" href="OSS_HLP_SETTINGS_RSS.html" navtitle="Nastavení webových zdrojů"/>
   <topicref FeatureID="true_167" href="OSS_HLP_RSS_ARTICLELST.html" navtitle="Webové kanály"/>
   <topicref FeatureID="-1" href="OSS_HLP_PAGEVIEW_EMBED.html" navtitle="Web v aplikacích"/>
   <topicref FeatureID="-1" href="OSS_HLP_SETTINGS_FOLDERS.html" navtitle="Nastavení webu"/>
   <topicref FeatureID="true_167" href="OSS_HLP_RSS_MAIN.html" navtitle="Webové kanály a deníky"/>
   <topicref FeatureID="false_410" href="OSS_HLP_SHORTCUTS.html" navtitle="Zkratky v panelu nástrojů"/>
   <topicref FeatureID="false_410" href="OSS_HLP_KEYPAD.html" navtitle="Klávesové zkratky"/>
</topics>