<?xml version="1.0" encoding="UTF-8"?>
<keywords>
   <keywords>
      <text FeatureID="-1">záložky</text>
      <target FeatureID="-1" href="OSS_HLP_BM_ADDBM.html">Přidání záložek</target>
      <target FeatureID="-1" href="OSS_HLP_BM_MAIN.html">Prohlížení záložek</target>
      <target FeatureID="-1" href="OSS_HLP_BM_EDIT.html">Úprava záložek</target>
   </keywords>
   <keywords>
      <text FeatureID="-1">prohlížeč, záložky</text>
      <target FeatureID="-1" href="OSS_HLP_BM_ADDBM.html">Přidání záložek</target>
      <target FeatureID="-1" href="OSS_HLP_BM_EDIT.html">Úprava záložek</target>
   </keywords>
   <keywords>
      <text FeatureID="-1">web</text>
      <target FeatureID="-1" href="OSS_HLP_BM_ADDBM.html">Přidání záložek</target>
      <target FeatureID="true_167" href="OSS_HLP_RSS_ADD.html">Přidání webových zdrojů</target>
      <target FeatureID="-1" href="OSS_HLP_PAGEVIEW.html">Procházení webu</target>
      <target FeatureID="-1" href="OSS_HLP_BM_EDIT.html">Úprava záložek</target>
      <target FeatureID="true_167" href="OSS_HLP_RSS_EDIT.html">Úpravy webových zdrojů</target>
      <target FeatureID="true_167" href="OSS_HLP_RSS_ARTICLE.html">Články webových kanálů</target>
      <target FeatureID="true_167" href="OSS_HLP_RSS_ARTICLELST.html">Webové kanály</target>
      <target FeatureID="true_167" href="OSS_HLP_RSS_MAIN.html">Webové kanály a deníky</target>
   </keywords>
   <keywords>
      <text FeatureID="true_167">zpravodajské kanály</text>
      <target FeatureID="true_167" href="OSS_HLP_RSS_ADD.html">Přidání webových zdrojů</target>
      <target FeatureID="true_167" href="OSS_HLP_RSS_ARTICLE.html">Články webových kanálů</target>
      <target FeatureID="true_167" href="OSS_HLP_RSS_ARTICLELST.html">Webové kanály</target>
      <target FeatureID="true_167" href="OSS_HLP_RSS_MAIN.html">Webové kanály a deníky</target>
   </keywords>
   <keywords>
      <text FeatureID="true_167">kanály RSS</text>
      <target FeatureID="true_167" href="OSS_HLP_RSS_ADD.html">Přidání webových zdrojů</target>
      <target FeatureID="true_167" href="OSS_HLP_RSS_ARTICLE.html">Články webových kanálů</target>
      <target FeatureID="true_167" href="OSS_HLP_RSS_ARTICLELST.html">Webové kanály</target>
      <target FeatureID="true_167" href="OSS_HLP_RSS_MAIN.html">Webové kanály a deníky</target>
   </keywords>
   <keywords>
      <text FeatureID="true_167">zprávy a webové deníky</text>
      <target FeatureID="true_167" href="OSS_HLP_RSS_ADD.html">Přidání webových zdrojů</target>
      <target FeatureID="true_167" href="OSS_HLP_RSS_ARTICLE.html">Články webových kanálů</target>
      <target FeatureID="true_167" href="OSS_HLP_RSS_ARTICLELST.html">Webové kanály</target>
      <target FeatureID="true_167" href="OSS_HLP_RSS_MAIN.html">Webové kanály a deníky</target>
   </keywords>
   <keywords>
      <text FeatureID="true_167">webové deníky</text>
      <target FeatureID="true_167" href="OSS_HLP_RSS_ADD.html">Přidání webových zdrojů</target>
      <target FeatureID="true_167" href="OSS_HLP_RSS_ARTICLE.html">Články webových kanálů</target>
      <target FeatureID="true_167" href="OSS_HLP_RSS_ARTICLELST.html">Webové kanály</target>
      <target FeatureID="true_167" href="OSS_HLP_RSS_MAIN.html">Webové kanály a deníky</target>
   </keywords>
   <keywords>
      <text FeatureID="-1">procházení stránek</text>
      <target FeatureID="-1" href="OSS_HLP_PAGEVIEW.html">Procházení webu</target>
   </keywords>
   <keywords>
      <text FeatureID="-1">prohlížeč</text>
      <target FeatureID="-1" href="OSS_HLP_BM_MAIN.html">Prohlížení záložek</target>
   </keywords>
   <keywords>
      <text FeatureID="true_167">zdroje</text>
      <target FeatureID="true_167" href="OSS_HLP_RSS_EDIT.html">Úpravy webových zdrojů</target>
   </keywords>
   <keywords>
      <text FeatureID="true_167">rss, zdroje</text>
      <target FeatureID="true_167" href="OSS_HLP_RSS_EDIT.html">Úpravy webových zdrojů</target>
   </keywords>
   <keywords>
      <text FeatureID="true_167">zprávy a blogy</text>
      <target FeatureID="true_167" href="OSS_HLP_RSS_EDIT.html">Úpravy webových zdrojů</target>
   </keywords>
   <keywords>
      <text FeatureID="true_167">blogy</text>
      <target FeatureID="true_167" href="OSS_HLP_RSS_EDIT.html">Úpravy webových zdrojů</target>
   </keywords>
   <keywords>
      <text FeatureID="-1">nastavení prohlížeče</text>
      <target FeatureID="-1" href="OSS_HLP_SETTINGS_GENERAL.html">Obecná nastavení</target>
      <target FeatureID="-1" href="OSS_HLP_SETTINGS_PAGE.html">Nastavení stránky</target>
      <target FeatureID="-1" href="OSS_HLP_SETTINGS_PRIVACY.html">Nastavení soukromí</target>
      <target FeatureID="-1" href="OSS_HLP_SETTINGS_FOLDERS.html">Nastavení webu</target>
      <target FeatureID="false_410" href="OSS_HLP_SHORTCUTS.html">Zkratky v panelu nástrojů</target>
      <target FeatureID="false_410" href="OSS_HLP_KEYPAD.html">Klávesové zkratky</target>
   </keywords>
   <keywords>
      <text FeatureID="-1">web, nastavení</text>
      <target FeatureID="-1" href="OSS_HLP_SETTINGS_GENERAL.html">Obecná nastavení</target>
      <target FeatureID="-1" href="OSS_HLP_SETTINGS_PAGE.html">Nastavení stránky</target>
      <target FeatureID="-1" href="OSS_HLP_SETTINGS_PRIVACY.html">Nastavení soukromí</target>
      <target FeatureID="true_167" href="OSS_HLP_SETTINGS_RSS.html">Nastavení webových zdrojů</target>
      <target FeatureID="-1" href="OSS_HLP_SETTINGS_FOLDERS.html">Nastavení webu</target>
      <target FeatureID="false_410" href="OSS_HLP_KEYPAD.html">Klávesové zkratky</target>
   </keywords>
   <keywords>
      <text FeatureID="-1">nastavení pro web</text>
      <target FeatureID="-1" href="OSS_HLP_SETTINGS_PAGE.html">Nastavení stránky</target>
      <target FeatureID="true_167" href="OSS_HLP_SETTINGS_RSS.html">Nastavení webových zdrojů</target>
      <target FeatureID="-1" href="OSS_HLP_SETTINGS_FOLDERS.html">Nastavení webu</target>
   </keywords>
   <keywords>
      <text FeatureID="-1">nastavení soukromí</text>
      <target FeatureID="-1" href="OSS_HLP_SETTINGS_PRIVACY.html">Nastavení soukromí</target>
   </keywords>
   <keywords>
      <text FeatureID="true_167">prohlížeč, nastavení</text>
      <target FeatureID="true_167" href="OSS_HLP_SETTINGS_RSS.html">Nastavení webových zdrojů</target>
   </keywords>
   <keywords>
      <text FeatureID="-1">otevření určité stránky</text>
      <target FeatureID="-1" href="OSS_HLP_PAGEVIEW_EMBED.html">Web v aplikacích</target>
   </keywords>
   <keywords>
      <text FeatureID="-1">web v aplikacích</text>
      <target FeatureID="-1" href="OSS_HLP_PAGEVIEW_EMBED.html">Web v aplikacích</target>
   </keywords>
   <keywords>
      <text FeatureID="false_410">nastavení webu</text>
      <target FeatureID="false_410" href="OSS_HLP_SHORTCUTS.html">Zkratky v panelu nástrojů</target>
   </keywords>
</keywords>