<?xml version="1.0" encoding="UTF-8"?>
<keywords>
   <keywords>
      <text FeatureID="-1">شهادات تفويض</text>
      <target FeatureID="-1" href="CM_HLP_AUTHORITY.html">شهادات التفويض</target>
   </keywords>
   <keywords>
      <text FeatureID="-1">شهادات</text>
      <target FeatureID="-1" href="CM_HLP_AUTHORITY.html">شهادات التفويض</target>
      <target FeatureID="-1" href="CM_HLP_DEVICE.html">شهادات الجهاز</target>
      <target FeatureID="-1" href="CM_HLP_MAIN.html">إدارة الشهادات</target>
      <target FeatureID="-1" href="CM_HLP_PERSONAL.html">الشهادات الشخصية</target>
      <target FeatureID="-1" href="CM_HLP_TRUSTED_SITE.html">شهادات المواقع الموثوق بها</target>
      <target FeatureID="-1" href="CM_HLP_TRUST_SETTINGS.html">تعديل ضبط الوثوق</target>
   </keywords>
   <keywords>
      <text FeatureID="-1">شهادات حماية</text>
      <target FeatureID="-1" href="CM_HLP_AUTHORITY.html">شهادات التفويض</target>
      <target FeatureID="-1" href="CM_HLP_MAIN.html">إدارة الشهادات</target>
   </keywords>
   <keywords>
      <text FeatureID="-1">شهادات الجهاز</text>
      <target FeatureID="-1" href="CM_HLP_DEVICE.html">شهادات الجهاز</target>
   </keywords>
   <keywords>
      <text FeatureID="-1">الشهادات الشخصية</text>
      <target FeatureID="-1" href="CM_HLP_PERSONAL.html">الشهادات الشخصية</target>
   </keywords>
   <keywords>
      <text FeatureID="-1">شهادات مواقع موثوق بها</text>
      <target FeatureID="-1" href="CM_HLP_TRUSTED_SITE.html">شهادات المواقع الموثوق بها</target>
   </keywords>
   <keywords>
      <text FeatureID="-1">ضبط الوثوق</text>
      <target FeatureID="-1" href="CM_HLP_TRUST_SETTINGS.html">تعديل ضبط الوثوق</target>
   </keywords>
</keywords>