<?xml version="1.0" encoding="UTF-8"?>
<keywords>
   <keywords>
      <text FeatureID="-1">bewerken, afbeeldingen</text>
      <target FeatureID="-1" href="SIE_HLP_MAIN.html">Afbeeldingen bewerken</target>
   </keywords>
   <keywords>
      <text FeatureID="-1">bewerken, tekst</text>
      <target FeatureID="-1" href="SIE_HLP_EDIT_TEXT.html">Tekst in afbeeldingen bewerken</target>
   </keywords>
   <keywords>
      <text FeatureID="-1">afbeeldingseditor</text>
      <target FeatureID="-1" href="SIE_HLP_EDIT_TEXT.html">Tekst in afbeeldingen bewerken</target>
   </keywords>
   <keywords>
      <text FeatureID="-1">bewerken, afbeeldingen waarop is in- of uitgezoomd</text>
      <target FeatureID="-1" href="SIE_HLP_ZOOMING.html">Afbeeldingen bewerken waarop is in- of uitgezoomd</target>
   </keywords>
   <keywords>
      <text FeatureID="-1">in- of uitzoomen op afbeeldingen</text>
      <target FeatureID="-1" href="SIE_HLP_ZOOMING.html">Afbeeldingen bewerken waarop is in- of uitgezoomd</target>
   </keywords>
   <keywords>
      <text FeatureID="-1">bewerken, clipart</text>
      <target FeatureID="-1" href="SIE_HLP_EDIT_CLIPART.html">Clipart bewerken</target>
   </keywords>
   <keywords>
      <text FeatureID="-1">bewerken, tekstballonnen</text>
      <target FeatureID="-1" href="SIE_HLP_EDIT_CLIPART.html">Clipart bewerken</target>
   </keywords>
   <keywords>
      <text FeatureID="-1">rode ogen verwijderen</text>
      <target FeatureID="-1" href="SIE_HLP_REDEYE.html">Rode ogen verwijderen</target>
   </keywords>
</keywords>