<?xml version="1.0" encoding="UTF-8"?>
<keywords>
   <keywords>
      <text FeatureID="-1">نرخ تبدیل ارز</text>
      <target FeatureID="-1" href="CNV_HLP_RATES.html">تنظیمات ارز</target>
   </keywords>
   <keywords>
      <text FeatureID="-1">ارز اصلی</text>
      <target FeatureID="-1" href="CNV_HLP_RATES.html">تنظیمات ارز</target>
   </keywords>
   <keywords>
      <text FeatureID="-1">تبدیل ارز</text>
      <target FeatureID="-1" href="CNV_HLP_RATES.html">تنظیمات ارز</target>
      <target FeatureID="-1" href="CNV_HLP_MAIN_STATE.html">تبدیل واحد</target>
   </keywords>
   <keywords>
      <text FeatureID="-1">مبدل</text>
      <target FeatureID="-1" href="CNV_HLP_MAIN_STATE.html">تبدیل واحد</target>
   </keywords>
</keywords>