<?xml version="1.0" encoding="UTF-8"?>
<keywords>
   <keywords>
      <text FeatureID="-1">synkronisering</text>
      <target FeatureID="-1" href="DS_HLP_MAIN_VIEW.html">Datasynkronisering</target>
   </keywords>
   <keywords>
      <text FeatureID="-1">synkroniseringsprofiler</text>
      <target FeatureID="-1" href="DS_HLP_MAIN_VIEW.html">Datasynkronisering</target>
   </keywords>
   <keywords>
      <text FeatureID="-1">inst. för synkprofiler</text>
      <target FeatureID="-1" href="DS_HLP_SETTINGS.html">Redigera synkprofiler</target>
   </keywords>
   <keywords>
      <text FeatureID="-1">synkinställningar</text>
      <target FeatureID="-1" href="DS_HLP_SETTINGS_CAL.html">Kalendersynk-inställningar</target>
      <target FeatureID="-1" href="DS_HLP_SETTINGS_CNT.html">Kontaktsynkroniserings-inställningar</target>
      <target FeatureID="-1" href="DS_HLP_SETTINGS_NOTES.html">Synkinställningar för anteckningar</target>
      <target FeatureID="-1" href="DS_HLP_SETTINGS_SMS.html">SMS-synkinställningar</target>
      <target FeatureID="true_44" href="DS_HLP_SETTINGS_SYNCML.html">E-post­synkroniseringsinställningar</target>
   </keywords>
</keywords>