<?xml version="1.0" encoding="UTF-8"?>
<keywords>
   <keywords>
      <text FeatureID="-1">uppspelning av Flash-filer</text>
      <target FeatureID="-1" href="FLITE_HLP_STOPPED.html">Avsluta Flash-uppspelning</target>
      <target FeatureID="-1" href="FLITE_HLP_VIEWER_PAUSED.html">Pausa Flash-uppspelning</target>
      <target FeatureID="-1" href="FLITE_HLP_VIEWER_PLAY.html">Spela upp Flash-filer</target>
   </keywords>
   <keywords>
      <text FeatureID="-1">Flash-spelare</text>
      <target FeatureID="-1" href="FLITE_HLP_STOPPED.html">Avsluta Flash-uppspelning</target>
      <target FeatureID="-1" href="FLITE_HLP_VIEWER_PAUSED.html">Pausa Flash-uppspelning</target>
      <target FeatureID="-1" href="FLITE_HLP_VIEWER_PLAY.html">Spela upp Flash-filer</target>
   </keywords>
</keywords>