<?xml version="1.0" encoding="UTF-8"?>
<keywords>
   <keywords>
      <text FeatureID="true_11008 false_11008">اندراجِ آلات</text>
      <target FeatureID="true_11008" href="DRM_HLP_REGISTRATION_METERING.html">اندراجِ آلات</target>
      <target FeatureID="false_11008" href="DRM_HLP_REGISTRATION.html">اندراجِ آلات</target>
   </keywords>
   <keywords>
      <text FeatureID="true_11008">خاموش حقوق کا حصول</text>
      <target FeatureID="true_11008" href="DRM_HLP_REGISTRATION_METERING.html">اندراجِ آلات</target>
   </keywords>
   <keywords>
      <text FeatureID="true_11008">پیمائش</text>
      <target FeatureID="true_11008" href="DRM_HLP_REGISTRATION_METERING.html">اندراجِ آلات</target>
   </keywords>
</keywords>