<?xml version="1.0" encoding="UTF-8"?>
<keywords>
   <keywords>
      <text FeatureID="-1">grabatu, soinuak</text>
      <target FeatureID="-1" href="VOREC_HLP_EMPTY_RECORDER.html">Soinu klipak grabatzea</target>
   </keywords>
   <keywords>
      <text FeatureID="-1">ahots grabagailua</text>
      <target FeatureID="-1" href="VOREC_HLP_MAIN.html">Ahots grabagailuaren erabilera</target>
   </keywords>
   <keywords>
      <text FeatureID="-1">soinu klipen grabazioa</text>
      <target FeatureID="-1" href="VOREC_HLP_MAIN.html">Ahots grabagailuaren erabilera</target>
   </keywords>
   <keywords>
      <text FeatureID="-1">ahots grabagailuaren ezarpenak</text>
      <target FeatureID="-1" href="VOREC_HLP_SETTINGS.html">Ahots grabagailuaren ezarpenak</target>
   </keywords>
</keywords>