<?xml version="1.0" encoding="UTF-8"?>
<keywords>
   <keywords>
      <text FeatureID="-1">Bluetooth</text>
      <target FeatureID="-1" href="BT_HLP_MAIN.html">Bluetooth</target>
      <target FeatureID="-1" href="BT_HLP_PAIRED.html">Párování přístrojů</target>
      <target FeatureID="-1" href="BT_HLP_BLOCKED.html">Blokování přístrojů</target>
   </keywords>
   <keywords>
      <text FeatureID="-1">Nastavení Bluetooth</text>
      <target FeatureID="-1" href="BT_HLP_MAIN.html">Bluetooth</target>
   </keywords>
   <keywords>
      <text FeatureID="-1">párování přístrojů</text>
      <target FeatureID="-1" href="BT_HLP_PAIRED.html">Párování přístrojů</target>
   </keywords>
   <keywords>
      <text FeatureID="-1">blokovaná zařízení</text>
      <target FeatureID="-1" href="BT_HLP_BLOCKED.html">Blokování přístrojů</target>
   </keywords>
   <keywords>
      <text FeatureID="true_12">bezdrátová klávesnice</text>
      <target FeatureID="true_12" href="BTKEYBOARD_HLP_SETTINGS.html">Bezdrátová klávesnice</target>
   </keywords>
</keywords>