<?xml version="1.0" encoding="UTF-8"?>
<keywords>
   <keywords>
      <text FeatureID="-1">موضوعات الصوت</text>
      <target FeatureID="-1" href="AUDIOTHEME_HLP_EVENTGROUPS.html">تغيير موضوعات الصوت</target>
      <target FeatureID="-1" href="SET_HLP_AUDIO_THEME_EVENTSLIST.html">أصوات أحداث الجهاز</target>
   </keywords>
   <keywords>
      <text FeatureID="-1">تخصيص الجهاز</text>
      <target FeatureID="-1" href="AUDIOTHEME_HLP_EVENTGROUPS.html">تغيير موضوعات الصوت</target>
      <target FeatureID="-1" href="SET_HLP_AUDIO_THEME_EVENTSLIST.html">أصوات أحداث الجهاز</target>
   </keywords>
   <keywords>
      <text FeatureID="-1">أصوات الجهاز</text>
      <target FeatureID="-1" href="AUDIOTHEME_HLP_EVENTGROUPS.html">تغيير موضوعات الصوت</target>
      <target FeatureID="-1" href="SET_HLP_AUDIO_THEME_EVENTSLIST.html">أصوات أحداث الجهاز</target>
   </keywords>
</keywords>