<?xml version="1.0" encoding="UTF-8"?>
<keywords>
   <keywords>
      <text FeatureID="true_1604">التدريب على الكتابة</text>
      <target FeatureID="true_1604" href="HWRT_HLP_MAIN_VIEW.html">التدريب على الكتابة</target>
   </keywords>
   <keywords>
      <text FeatureID="true_1604">اختصارات الكتابة</text>
      <target FeatureID="true_1604" href="HWRT_HLP_SHORTCUTS_MAIN_VIEW.html">اختصارات الكتابة</target>
   </keywords>
</keywords>