<?xml version="1.0" encoding="UTF-8"?>
<keywords>
   <keywords>
      <text FeatureID="-1">mensaxes instantáneas</text>
      <target FeatureID="-1" href="SERVTAB_HLP_CONVERSATION.html">Envío de mensaxes instantáneas</target>
   </keywords>
   <keywords>
      <text FeatureID="-1">chatear</text>
      <target FeatureID="-1" href="SERVTAB_HLP_CONVERSATION.html">Envío de mensaxes instantáneas</target>
   </keywords>
   <keywords>
      <text FeatureID="-1">conversas</text>
      <target FeatureID="-1" href="SERVTAB_HLP_CONVERSATION.html">Envío de mensaxes instantáneas</target>
   </keywords>
</keywords>