<?xml version="1.0" encoding="UTF-8"?>
<keywords>
   <keywords>
      <text FeatureID="true_24">módulo de seguridad</text>
      <target FeatureID="-1" href="SECMOD_HLP_ACCESSCODE_VIEW.html">Cód. PIN módulo seguridad</target>
      <target FeatureID="-1" href="SECMOD_HLP_MAIN_VIEW.html">Módulo seg.</target>
      <target FeatureID="-1" href="SEMOD_HLP_SIGNINGCODE_VIEW.html">Editar código firma</target>
   </keywords>
   <keywords>
      <text FeatureID="true_24">Código PIN</text>
      <target FeatureID="-1" href="SECMOD_HLP_ACCESSCODE_VIEW.html">Cód. PIN módulo seguridad</target>
   </keywords>
   <keywords>
      <text FeatureID="true_24">códigos del módulo de seguridad</text>
      <target FeatureID="-1" href="SECMOD_HLP_CODE_VIEW.html">Cód. módulo seguridad</target>
   </keywords>
   <keywords>
      <text FeatureID="true_24">código PIN para módulo de seguridad</text>
      <target FeatureID="-1" href="SECMOD_HLP_CODE_VIEW.html">Cód. módulo seguridad</target>
   </keywords>
   <keywords>
      <text FeatureID="true_24">protección de clave</text>
      <target FeatureID="-1" href="SECMOD_HLP_MAIN_VIEW.html">Módulo seg.</target>
   </keywords>
   <keywords>
      <text FeatureID="true_24">código de firma</text>
      <target FeatureID="-1" href="SEMOD_HLP_SIGNINGCODE_VIEW.html">Editar código firma</target>
   </keywords>
   <keywords>
      <text FeatureID="true_24">firmas digitales</text>
      <target FeatureID="-1" href="SEMOD_HLP_SIGNINGCODE_VIEW.html">Editar código firma</target>
   </keywords>
</keywords>