<?xml version="1.0" encoding="UTF-8"?>
<keywords>
   <keywords>
      <text FeatureID="-1">защитный модуль</text>
      <target FeatureID="-1" href="SECMOD_HLP_ACCESSCODE_VIEW.html">PIN-код защитного модуля</target>
      <target FeatureID="-1" href="SECMOD_HLP_MAIN_VIEW.html">Защитный модуль</target>
      <target FeatureID="-1" href="SEMOD_HLP_SIGNINGCODE_VIEW.html">Изменение кода подписи</target>
   </keywords>
   <keywords>
      <text FeatureID="-1">PIN-код</text>
      <target FeatureID="-1" href="SECMOD_HLP_ACCESSCODE_VIEW.html">PIN-код защитного модуля</target>
   </keywords>
   <keywords>
      <text FeatureID="-1">коды защитного модуля</text>
      <target FeatureID="-1" href="SECMOD_HLP_CODE_VIEW.html">Коды защитного модуля</target>
   </keywords>
   <keywords>
      <text FeatureID="-1">PIN-код для защитного модуля</text>
      <target FeatureID="-1" href="SECMOD_HLP_CODE_VIEW.html">Коды защитного модуля</target>
   </keywords>
   <keywords>
      <text FeatureID="-1">банк ключей</text>
      <target FeatureID="-1" href="SECMOD_HLP_MAIN_VIEW.html">Защитный модуль</target>
   </keywords>
   <keywords>
      <text FeatureID="-1">код подписи</text>
      <target FeatureID="-1" href="SEMOD_HLP_SIGNINGCODE_VIEW.html">Изменение кода подписи</target>
   </keywords>
   <keywords>
      <text FeatureID="-1">цифровые подписи</text>
      <target FeatureID="-1" href="SEMOD_HLP_SIGNINGCODE_VIEW.html">Изменение кода подписи</target>
   </keywords>
</keywords>