<?xml version="1.0" encoding="UTF-8"?>
<keywords>
   <keywords>
      <text FeatureID="-1">zakładki</text>
      <target FeatureID="-1" href="OSS_HLP_BM_ADDBM.html">Dodawanie zakładek</target>
      <target FeatureID="-1" href="OSS_HLP_BM_MAIN.html">Przeglądanie zakładek</target>
      <target FeatureID="-1" href="OSS_HLP_BM_EDIT.html">Edytowanie zakładek</target>
   </keywords>
   <keywords>
      <text FeatureID="-1">zakładki przeglądarki</text>
      <target FeatureID="-1" href="OSS_HLP_BM_ADDBM.html">Dodawanie zakładek</target>
      <target FeatureID="-1" href="OSS_HLP_BM_EDIT.html">Edytowanie zakładek</target>
   </keywords>
   <keywords>
      <text FeatureID="-1">internet</text>
      <target FeatureID="-1" href="OSS_HLP_BM_ADDBM.html">Dodawanie zakładek</target>
      <target FeatureID="true_167" href="OSS_HLP_RSS_ADD.html">Dodawanie przekazów internetowych</target>
      <target FeatureID="-1" href="OSS_HLP_PAGEVIEW.html">Przeglądanie stron internetowych</target>
      <target FeatureID="-1" href="OSS_HLP_BM_EDIT.html">Edytowanie zakładek</target>
      <target FeatureID="true_167" href="OSS_HLP_RSS_EDIT.html">Edytowanie przekazów internetowych</target>
      <target FeatureID="true_167" href="OSS_HLP_RSS_ARTICLE.html">Artykuły z przekazów internetowych</target>
      <target FeatureID="true_167" href="OSS_HLP_RSS_ARTICLELST.html">Przekazy internetowe</target>
      <target FeatureID="true_167" href="OSS_HLP_RSS_MAIN.html">Przekazy internetowe i blogi</target>
   </keywords>
   <keywords>
      <text FeatureID="true_167">przekazy</text>
      <target FeatureID="true_167" href="OSS_HLP_RSS_ADD.html">Dodawanie przekazów internetowych</target>
      <target FeatureID="true_167" href="OSS_HLP_RSS_EDIT.html">Edytowanie przekazów internetowych</target>
      <target FeatureID="true_167" href="OSS_HLP_RSS_ARTICLE.html">Artykuły z przekazów internetowych</target>
      <target FeatureID="true_167" href="OSS_HLP_RSS_ARTICLELST.html">Przekazy internetowe</target>
      <target FeatureID="true_167" href="OSS_HLP_RSS_MAIN.html">Przekazy internetowe i blogi</target>
   </keywords>
   <keywords>
      <text FeatureID="true_167">przekazy RSS</text>
      <target FeatureID="true_167" href="OSS_HLP_RSS_ADD.html">Dodawanie przekazów internetowych</target>
      <target FeatureID="true_167" href="OSS_HLP_RSS_ARTICLELST.html">Przekazy internetowe</target>
      <target FeatureID="true_167" href="OSS_HLP_RSS_MAIN.html">Przekazy internetowe i blogi</target>
   </keywords>
   <keywords>
      <text FeatureID="true_167">wiadomości i blogi</text>
      <target FeatureID="true_167" href="OSS_HLP_RSS_ADD.html">Dodawanie przekazów internetowych</target>
      <target FeatureID="true_167" href="OSS_HLP_RSS_EDIT.html">Edytowanie przekazów internetowych</target>
      <target FeatureID="true_167" href="OSS_HLP_RSS_ARTICLE.html">Artykuły z przekazów internetowych</target>
      <target FeatureID="true_167" href="OSS_HLP_RSS_ARTICLELST.html">Przekazy internetowe</target>
      <target FeatureID="true_167" href="OSS_HLP_RSS_MAIN.html">Przekazy internetowe i blogi</target>
   </keywords>
   <keywords>
      <text FeatureID="true_167">blogi</text>
      <target FeatureID="true_167" href="OSS_HLP_RSS_ADD.html">Dodawanie przekazów internetowych</target>
      <target FeatureID="true_167" href="OSS_HLP_RSS_EDIT.html">Edytowanie przekazów internetowych</target>
      <target FeatureID="true_167" href="OSS_HLP_RSS_ARTICLE.html">Artykuły z przekazów internetowych</target>
      <target FeatureID="true_167" href="OSS_HLP_RSS_ARTICLELST.html">Przekazy internetowe</target>
      <target FeatureID="true_167" href="OSS_HLP_RSS_MAIN.html">Przekazy internetowe i blogi</target>
   </keywords>
   <keywords>
      <text FeatureID="-1">przeglądanie stron</text>
      <target FeatureID="-1" href="OSS_HLP_PAGEVIEW.html">Przeglądanie stron internetowych</target>
   </keywords>
   <keywords>
      <text FeatureID="-1">przeglądarka</text>
      <target FeatureID="-1" href="OSS_HLP_BM_MAIN.html">Przeglądanie zakładek</target>
   </keywords>
   <keywords>
      <text FeatureID="true_167">kanały RSS</text>
      <target FeatureID="true_167" href="OSS_HLP_RSS_EDIT.html">Edytowanie przekazów internetowych</target>
      <target FeatureID="true_167" href="OSS_HLP_RSS_ARTICLE.html">Artykuły z przekazów internetowych</target>
   </keywords>
   <keywords>
      <text FeatureID="-1">przeglądarka, ustawienia</text>
      <target FeatureID="-1" href="OSS_HLP_SETTINGS_GENERAL.html">Ust. ogólne</target>
      <target FeatureID="-1" href="OSS_HLP_SETTINGS_PAGE.html">Ustawienia strony</target>
      <target FeatureID="-1" href="OSS_HLP_SETTINGS_PRIVACY.html">Ustawienia prywatności</target>
      <target FeatureID="true_167" href="OSS_HLP_SETTINGS_RSS.html">Ustawienia czytnika</target>
      <target FeatureID="-1" href="OSS_HLP_SETTINGS_FOLDERS.html">Ustawienia internetowe</target>
      <target FeatureID="false_410" href="OSS_HLP_KEYPAD.html">Skróty klawiaturowe</target>
   </keywords>
   <keywords>
      <text FeatureID="-1">ustawienia internetowe</text>
      <target FeatureID="-1" href="OSS_HLP_SETTINGS_GENERAL.html">Ust. ogólne</target>
      <target FeatureID="-1" href="OSS_HLP_SETTINGS_PAGE.html">Ustawienia strony</target>
      <target FeatureID="-1" href="OSS_HLP_SETTINGS_PRIVACY.html">Ustawienia prywatności</target>
      <target FeatureID="true_167" href="OSS_HLP_SETTINGS_RSS.html">Ustawienia czytnika</target>
      <target FeatureID="-1" href="OSS_HLP_SETTINGS_FOLDERS.html">Ustawienia internetowe</target>
      <target FeatureID="false_410" href="OSS_HLP_KEYPAD.html">Skróty klawiaturowe</target>
   </keywords>
   <keywords>
      <text FeatureID="-1">internet, ustawianie</text>
      <target FeatureID="-1" href="OSS_HLP_SETTINGS_PAGE.html">Ustawienia strony</target>
      <target FeatureID="true_167" href="OSS_HLP_SETTINGS_RSS.html">Ustawienia czytnika</target>
      <target FeatureID="-1" href="OSS_HLP_SETTINGS_FOLDERS.html">Ustawienia internetowe</target>
   </keywords>
   <keywords>
      <text FeatureID="-1">ustawienia prywatności</text>
      <target FeatureID="-1" href="OSS_HLP_SETTINGS_PRIVACY.html">Ustawienia prywatności</target>
   </keywords>
   <keywords>
      <text FeatureID="-1">otwieranie okr. strony</text>
      <target FeatureID="-1" href="OSS_HLP_PAGEVIEW_EMBED.html">Przeglądarka w aplikacjach</target>
   </keywords>
   <keywords>
      <text FeatureID="-1">przeglądarka w aplik.</text>
      <target FeatureID="-1" href="OSS_HLP_PAGEVIEW_EMBED.html">Przeglądarka w aplikacjach</target>
   </keywords>
   <keywords>
      <text FeatureID="false_410">ustawienia przeglądarki</text>
      <target FeatureID="false_410" href="OSS_HLP_SHORTCUTS.html">Skróty paska narzędzi</target>
   </keywords>
   <keywords>
      <text FeatureID="false_410">ustawienia internetu</text>
      <target FeatureID="false_410" href="OSS_HLP_SHORTCUTS.html">Skróty paska narzędzi</target>
   </keywords>
</keywords>