<?xml version="1.0" encoding="UTF-8"?>
<keywords>
   <keywords>
      <text FeatureID="-1">postcard</text>
      <target FeatureID="-1" href="MMS_POSTCARD_HLP_ADDRESS_EDIT.html">پتے ترمیم کریں</target>
      <target FeatureID="-1" href="POSTCARD_HLP_ADDRESS_VIEW.html">پتے دیکھیں</target>
      <target FeatureID="-1" href="POSTCARD_HLP_GREETING_EDIT.html">تہنیتی پیغامات لکھیں</target>
      <target FeatureID="-1" href="POSTCARD_HLP_GREETING_VIEW.html">تہنیتی پیغامات دیکھیں</target>
      <target FeatureID="-1" href="MMS_POSTCARD_HLP_MAIN_EDIT.html">پوسٹ کارڈز بنائيں</target>
   </keywords>
   <keywords>
      <text FeatureID="-1">پوسٹ کارڈز بھیجنا</text>
      <target FeatureID="-1" href="MMS_POSTCARD_HLP_ADDRESS_EDIT.html">پتے ترمیم کریں</target>
      <target FeatureID="-1" href="POSTCARD_HLP_GREETING_EDIT.html">تہنیتی پیغامات لکھیں</target>
      <target FeatureID="-1" href="MMS_POSTCARD_HLP_MAIN_EDIT.html">پوسٹ کارڈز بنائيں</target>
   </keywords>
   <keywords>
      <text FeatureID="-1">پوسٹ کارڈز</text>
      <target FeatureID="-1" href="MMS_POSTCARD_HLP_MAIN_VIEW.html">پوسٹ کارڈ ديکھيں</target>
   </keywords>
</keywords>