<?xml version="1.0" encoding="UTF-8"?>
<keywords>
   <keywords>
      <text FeatureID="-1">reproducción de archivos flash</text>
      <target FeatureID="-1" href="FLITE_HLP_STOPPED.html">Finalizar reproducción de archivos flash</target>
      <target FeatureID="-1" href="FLITE_HLP_VIEWER_PAUSED.html">Pausar la reproducción flash</target>
      <target FeatureID="-1" href="FLITE_HLP_VIEWER_PLAY.html">Reproducir archivos flash</target>
   </keywords>
   <keywords>
      <text FeatureID="-1">Reproductor Flash</text>
      <target FeatureID="-1" href="FLITE_HLP_STOPPED.html">Finalizar reproducción de archivos flash</target>
      <target FeatureID="-1" href="FLITE_HLP_VIEWER_PAUSED.html">Pausar la reproducción flash</target>
      <target FeatureID="-1" href="FLITE_HLP_VIEWER_PLAY.html">Reproducir archivos flash</target>
   </keywords>
</keywords>