<?xml version="1.0" encoding="UTF-8"?>
<keywords>
   <keywords>
      <text FeatureID="-1">φωνητικές εντολές</text>
      <target FeatureID="true_72" href="HLP_VC_SIND_FOLDER.html">Προβολή εφαρμογής</target>
      <target FeatureID="true_72" href="HLP_VC_SIND_MAIN.html">Χρήση φωνητικών εντολών</target>
      <target FeatureID="-1" href="VCINFO_HLP_MAINVIEW.html">Για επαφές</target>
   </keywords>
   <keywords>
      <text FeatureID="-1">ρυθμίσεις φωνητικών εντολών</text>
      <target FeatureID="-1" href="HLP_VC_SET.html">Ρυθμίσεις φωνητικών εντολών</target>
   </keywords>
</keywords>