<?xml version="1.0" encoding="UTF-8"?>
<keywords>
   <keywords>
      <text FeatureID="-1">VPN (virtuālais privātais tīkls)</text>
      <target FeatureID="-1" href="SET_HLP_VPN_LOG_VIEW.html">VPN žurnāls</target>
      <target FeatureID="-1" href="SET_HLP_VPN_CONFIG_MAIN.html">VPN pārvaldība</target>
      <target FeatureID="-1" href="SET_HLP_VPN_POLICY_VIEW.html">VPN politikas</target>
      <target FeatureID="-1" href="SET_HLP_VPN_POLICY_SERVERS.html">VPN politiku serveri</target>
      <target FeatureID="-1" href="SET_HLP_VPN_POLICY_SERVER_SET.html">VPN servera uzstādījumi</target>
   </keywords>
</keywords>