<?xml version="1.0" encoding="UTF-8"?>
<keywords>
   <keywords>
      <text FeatureID="-1">momentiniai pranešimai</text>
      <target FeatureID="-1" href="SERVTAB_HLP_CONVERSATION.html">Momentinių pranešimų siuntimas</target>
   </keywords>
   <keywords>
      <text FeatureID="-1">pokalbiai</text>
      <target FeatureID="-1" href="SERVTAB_HLP_CONVERSATION.html">Momentinių pranešimų siuntimas</target>
      <target FeatureID="-1" href="SERVTAB_HLP_CONVERSATION.html">Momentinių pranešimų siuntimas</target>
   </keywords>
</keywords>