<?xml version="1.0" encoding="UTF-8"?>
<keywords>
   <keywords>
      <text FeatureID="-1">záznamy výročí, vytváření</text>
      <target FeatureID="-1" href="FSCA_HLP_ANNIVERSARY_EDITOR.html">Vytváření záznamů výročí</target>
   </keywords>
   <keywords>
      <text FeatureID="-1">schůzky, vytváření</text>
      <target FeatureID="-1" href="FSCA_HLP_CALE_MEETING_EDITOR.html">Vytváření záznamů schůzek</target>
   </keywords>
   <keywords>
      <text FeatureID="-1">záznamy poznámek, vytváření</text>
      <target FeatureID="-1" href="FSCA_HLP_MEMO_EDITOR.html">Vytváření záznamů poznámek</target>
   </keywords>
   <keywords>
      <text FeatureID="-1">úkoly, vytváření</text>
      <target FeatureID="-1" href="FSCA_HLP_TODO_EDITOR.html">Vytváření záznamů úkolů</target>
   </keywords>
   <keywords>
      <text FeatureID="-1">záznamy schůzek, úpravy</text>
      <target FeatureID="-1" href="FSCA_HLP_CALE_MEETING_VIEWER.html">Úpravy záznamů schůzek</target>
   </keywords>
   <keywords>
      <text FeatureID="-1">záznamy poznámek, úpravy</text>
      <target FeatureID="-1" href="FSCA_HLP_MEMO_VIEWER.html">Úpravy záznamů poznámek</target>
   </keywords>
   <keywords>
      <text FeatureID="-1">záznamy úkolů, úpravy</text>
      <target FeatureID="-1" href="FSCA_HLP_TODO_VIEWER.html">Úpravy záznamů úkolu</target>
   </keywords>
   <keywords>
      <text FeatureID="-1">záznamy výročí, zobrazení</text>
      <target FeatureID="-1" href="FSCA_HLP_ANNI_VIEWER.html">Úpravy záznamů výročí</target>
   </keywords>
   <keywords>
      <text FeatureID="-1">pozvánky na schůzku, úpravy odpovědí</text>
      <target FeatureID="-1" href="FSCA_HLP_RESPONSE_EDITOR.html">Úprava odpovědi</target>
   </keywords>
   <keywords>
      <text FeatureID="-1">pozvánky na schůzku, správa</text>
      <target FeatureID="-1" href="FSCA_HLP_VIEWER_ORGANIZER.html">Správa pozvánek na schůzku</target>
   </keywords>
   <keywords>
      <text FeatureID="-1">pozvánky na schůzku, úprava</text>
      <target FeatureID="-1" href="MEET_REQ_HLP_EDITOR.html">Přijaté pozvánky na schůzku</target>
   </keywords>
   <keywords>
      <text FeatureID="-1">pozvánky na schůzku, odpověď</text>
      <target FeatureID="-1" href="FSCA_HLP_VIEWER.html">Odpověď na pozvánku na schůzku</target>
   </keywords>
   <keywords>
      <text FeatureID="-1">kontakty</text>
      <target FeatureID="-1" href="RLOOK_HLP_INFO_VIEW.html">Správa nalezeného kontaktu</target>
   </keywords>
   <keywords>
      <text FeatureID="-1">kontakty, hledání</text>
      <target FeatureID="-1" href="RLOOK_HLP_RESULT_VIEW.html">Výsledky hledání</target>
   </keywords>
   <keywords>
      <text FeatureID="-1">e-mail, přílohy</text>
      <target FeatureID="-1" href="FSE_HLP_ATTACHMENT_LIST_EDITOR.html">Přidání příloh</target>
      <target FeatureID="-1" href="FSE_HLP_ATTACHMENT_DOWNLOAD.html">Zobrazení stahovaných příloh</target>
   </keywords>
   <keywords>
      <text FeatureID="-1">odstraněný e-mail</text>
      <target FeatureID="-1" href="FSE_HLP_MESSAGE_LIST_DELETED.html">Odstraněné e-maily</target>
   </keywords>
   <keywords>
      <text FeatureID="-1">stahování příloh e-mailu</text>
      <target FeatureID="-1" href="FSE_HLP_ATTACHMENT_LIST.html">Stažení příloh</target>
   </keywords>
   <keywords>
      <text FeatureID="-1">koncepty e-mailu</text>
      <target FeatureID="-1" href="FSE_HLP_MESSAGE_LIST_DRAFTS.html">Koncepty e-mailů</target>
   </keywords>
   <keywords>
      <text FeatureID="-1">Nokia E-mail</text>
      <target FeatureID="-1" href="FSE_HLP_LAUNCHER_GRID.html">Nokia E-mail</target>
   </keywords>
   <keywords>
      <text FeatureID="-1">e-mail</text>
      <target FeatureID="-1" href="FSE_HLP_LAUNCHER_GRID.html">Nokia E-mail</target>
   </keywords>
   <keywords>
      <text FeatureID="-1">složky e-mailu</text>
      <target FeatureID="-1" href="FSE_HLP_FOLDER_LIST.html">Složky aplikace E-mail</target>
      <target FeatureID="-1" href="FSE_HLP_SETT_IMAP_SUBSCR.html">Přihlášení k odběru složek</target>
   </keywords>
   <keywords>
      <text FeatureID="-1">e-mail, nastavení</text>
      <target FeatureID="-1" href="FSE_HLP_LAUNCHER_SETTINGS.html">Obecná nastavení e-mailu</target>
      <target FeatureID="-1" href="FSE_HLP_POP_IMAP_SETT_MAIN.html">Nastavení E-mailu</target>
      <target FeatureID="-1" href="FSE_HLP_IMS_SETTINGS_MAIN_VIEW.html">Nastavení E-mailu</target>
      <target FeatureID="-1" href="FSE_HLP_MFE_SETTINGS_MAIN_VIEW.html">Nastavení e-mailu</target>
   </keywords>
   <keywords>
      <text FeatureID="-1">globální nastavení e-mailu</text>
      <target FeatureID="-1" href="FSE_HLP_SETTINGS_GLOBAL.html">Globální nastavení e-mailu</target>
   </keywords>
   <keywords>
      <text FeatureID="-1">HTML, e-mail</text>
      <target FeatureID="-1" href="FS_VIEWER_HLP_HTML_VIEW.html">HTML formátovaný e-mail</target>
   </keywords>
   <keywords>
      <text FeatureID="-1">pokročilá nastavení e-mailu</text>
      <target FeatureID="-1" href="FSE_HLP_POP_IMAP_SETT_ADV.html">Pokročilá nastavení e-mailu</target>
   </keywords>
   <keywords>
      <text FeatureID="-1">nastavení příchozích e-mailů</text>
      <target FeatureID="-1" href="FSE_HLP_POP_IMAP_SETT_INCOMING.html">Nastavení přijatého e-mailu</target>
   </keywords>
   <keywords>
      <text FeatureID="-1">nastavení odchozího e-mailu</text>
      <target FeatureID="-1" href="FSE_HLP_POP_IMAP_SETT_OUTGOING.html">Nastavení pro odchozí e-mail</target>
   </keywords>
   <keywords>
      <text FeatureID="-1">synchronizace e-mailu</text>
      <target FeatureID="-1" href="FSE_HLP_POP_IMAP_SETT_WHAT.html">Výběr obsahu pro synchronizaci</target>
   </keywords>
   <keywords>
      <text FeatureID="-1">čas synchronizace e-mailu</text>
      <target FeatureID="-1" href="FSE_HLP_POP_IMAP_SETT_WHEN.html">Výběr času synchronizace</target>
      <target FeatureID="-1" href="FSE_HLP_IMS_SETTINGS_WHEN_SYNC.html">Definování času synchronizace</target>
      <target FeatureID="-1" href="FSE_HLP_MFE_SETTINGS_WHEN_SYNC.html">Výběr času synchronizace</target>
   </keywords>
   <keywords>
      <text FeatureID="-1">e-mail, nastavení účtu</text>
      <target FeatureID="-1" href="FSE_HLP_IMS_SETTINGS_ACCT_INFO.html">Nastavení e-mailového účtu</target>
   </keywords>
   <keywords>
      <text FeatureID="-1">rozšířená nastavení schránky</text>
      <target FeatureID="-1" href="FSE_HLP_IMS_SETTINGS_ADVANCED.html">Pokročilá nastavení schránky</target>
      <target FeatureID="-1" href="FSE_HLP_MFE_SETTINGS_ADVANCED.html">Rozšířená nastavení schránky</target>
   </keywords>
   <keywords>
      <text FeatureID="-1">nastavení schránky</text>
      <target FeatureID="-1" href="FSE_HLP_IMS_SETTINGS_MAILBOX.html">Nastavení schránky</target>
      <target FeatureID="-1" href="FSE_HLP_MFE_SETTINGS_MAILBOX.html">Obecná nastavení schránky</target>
   </keywords>
   <keywords>
      <text FeatureID="-1">synchronizace obsahu e-mailu</text>
      <target FeatureID="-1" href="FSE_HLP_IMS_SETTINGS_WHAT_SYNC.html">Definování obsahu pro synchronizaci</target>
      <target FeatureID="-1" href="FSE_HLP_MFE_SETTINGS_WHAT_SYNC.html">Výběr obsahu pro synchronizaci</target>
   </keywords>
   <keywords>
      <text FeatureID="-1">synchronizace složek e-mailu</text>
      <target FeatureID="-1" href="FSE_HLP_IMS_SETTINGS_FOLDER.html">Synchronizace e-mailových složek</target>
      <target FeatureID="-1" href="FSE_HLP_MFE_SETTINGS_FOLDER.html">Nastavení synchronizace</target>
   </keywords>
   <keywords>
      <text FeatureID="-1">e-mail, nastavení služby</text>
      <target FeatureID="-1" href="FSE_HLP_SETTINGS_INTELL_LIST.html">Nastavení služby e-mailu</target>
   </keywords>
   <keywords>
      <text FeatureID="-1">Intellisync</text>
      <target FeatureID="-1" href="FSE_HLP_IMS_LAUNCHER_MAIN_VIEW.html">E-mail aplikace Intellisync</target>
   </keywords>
   <keywords>
      <text FeatureID="-1">Mail for Exchange</text>
      <target FeatureID="-1" href="FSE_HLP_MFE_LAUNCHER_MAIN_VIEW.html">E-mail aplikace Mail for Exchange</target>
   </keywords>
   <keywords>
      <text FeatureID="-1">e-mail, detaily</text>
      <target FeatureID="-1" href="FS_VIEWER_HLP_DETAILS_VIEW.html">Detaily zprávy</target>
   </keywords>
   <keywords>
      <text FeatureID="-1">e-mail, nastavení synchronizace</text>
      <target FeatureID="-1" href="FSE_HLP_MFE_SETTINGS_PIM_APPS.html">Nastavení synchronizace aplikace</target>
   </keywords>
   <keywords>
      <text FeatureID="-1">synchronizace kalendáře</text>
      <target FeatureID="-1" href="FSE_HLP_MFE_CALENDAR_APP.html">Nastavení synchronizace Kalendáře</target>
   </keywords>
   <keywords>
      <text FeatureID="-1">synchronizace kontaktů,</text>
      <target FeatureID="-1" href="FSE_HLP_MFE_CONTACTS_APP.html">Nastavení synchronizace Kontaktů</target>
   </keywords>
   <keywords>
      <text FeatureID="-1">synchronizace záznamů úkolů</text>
      <target FeatureID="-1" href="FSE_HLP_MFE_TASKS_APP.html">Nastavení synchronizace úkolů</target>
   </keywords>
   <keywords>
      <text FeatureID="-1">žádné e-mailové zprávy</text>
      <target FeatureID="-1" href="FSE_HLP_MESSAGE_LIST_EMPTY.html">Žádné zprávy</target>
   </keywords>
   <keywords>
      <text FeatureID="-1">e-mail, k odeslání</text>
      <target FeatureID="-1" href="FSE_HLP_MESSAGE_LIST_OUTBOX.html">Práce se složkou K odeslání</target>
   </keywords>
   <keywords>
      <text FeatureID="-1">pozvánky na schůzku</text>
      <target FeatureID="-1" href="FS_VIEWER_HLP_MEETING_REQ_VIEW.html">Pozvánka na schůzku</target>
   </keywords>
   <keywords>
      <text FeatureID="-1">e-mail, hledání</text>
      <target FeatureID="-1" href="FSE_HLP_MESSAGE_LIST_SEARCHING.html">Hledání e-mailu</target>
   </keywords>
   <keywords>
      <text FeatureID="-1">e-mail, výsledky hledání</text>
      <target FeatureID="-1" href="FSE_HLP_MESSAGE_LIST_SEARCHED.html">Výsledky hledání</target>
   </keywords>
   <keywords>
      <text FeatureID="-1">e-mail, čas synchronizace</text>
      <target FeatureID="-1" href="FSE_HLP_SETTINGS_WHEN_SYNC.html">Čas synchronizace</target>
   </keywords>
   <keywords>
      <text FeatureID="-1">e-mail, odesílání</text>
      <target FeatureID="-1" href="FS_EDITOR_HLP_MAIN_VIEW.html">Odeslání e-mailu</target>
   </keywords>
   <keywords>
      <text FeatureID="-1">Služba PIM</text>
      <target FeatureID="-1" href="FSE_HLP_SETTINGS_PIM_VIEW.html">Služba PIM</target>
   </keywords>
   <keywords>
      <text FeatureID="-1">synchronizace aplikací</text>
      <target FeatureID="-1" href="FSE_HLP_SETTINGS_APPLICATIONS.html">Synchronizace aplikací</target>
   </keywords>
   <keywords>
      <text FeatureID="-1">e-mail, přijatý</text>
      <target FeatureID="-1" href="FS_VIEWER_HLP_MAIN_VIEW.html">Práce s přijatými e-maily</target>
   </keywords>
   <keywords>
      <text FeatureID="-1">e-mail, složky</text>
      <target FeatureID="-1" href="FSE_HLP_MESSAGE_LIST_INBOX.html">Práce se složkami e-mailu</target>
   </keywords>
</keywords>