<?xml version="1.0" encoding="UTF-8"?>
<keywords>
   <keywords>
      <text FeatureID="true_410">biranje</text>
      <target FeatureID="true_410" href="DIALER_HLP_MAIN.html">Upućivanje telefonskih poziva</target>
   </keywords>
   <keywords>
      <text FeatureID="true_410">upućivanje telefonskih poziva</text>
      <target FeatureID="true_410" href="DIALER_HLP_MAIN.html">Upućivanje telefonskih poziva</target>
   </keywords>
   <keywords>
      <text FeatureID="-1">telefonski pozivi</text>
      <target FeatureID="-1" href="INCAL_HLP_CALL_HANDLING.html">Telefonski pozivi</target>
   </keywords>
   <keywords>
      <text FeatureID="-1">konferencijski pozivi</text>
      <target FeatureID="-1" href="INCAL_HLP_CALL_HANDLING.html">Telefonski pozivi</target>
   </keywords>
   <keywords>
      <text FeatureID="-1">prebacivanje poziva</text>
      <target FeatureID="-1" href="INCAL_HLP_CALL_HANDLING.html">Telefonski pozivi</target>
   </keywords>
   <keywords>
      <text FeatureID="-1">telefon</text>
      <target FeatureID="-1" href="INCAL_HLP_CALL_HANDLING.html">Telefonski pozivi</target>
   </keywords>
   <keywords>
      <text FeatureID="true_410">DTMF tonovi</text>
      <target FeatureID="true_410" href="DIALER_HLP_SEND_DTMF.html">Slanje DTMF tonova</target>
   </keywords>
   <keywords>
      <text FeatureID="true_89">video pozivi</text>
      <target FeatureID="true_89" href="INCAL_HLP_VIDEO_CALL.html">Video pozivi</target>
   </keywords>
</keywords>