<?xml version="1.0" encoding="UTF-8"?>
<keywords>
   <keywords>
      <text FeatureID="-1">ljudteman</text>
      <target FeatureID="-1" href="AUDIOTHEME_HLP_EVENTGROUPS.html">Byta ljudtema</target>
      <target FeatureID="-1" href="SET_HLP_AUDIO_THEME_EVENTSLIST.html">Enhetshändelseljud</target>
   </keywords>
   <keywords>
      <text FeatureID="-1">anpassa enheten</text>
      <target FeatureID="-1" href="AUDIOTHEME_HLP_EVENTGROUPS.html">Byta ljudtema</target>
      <target FeatureID="-1" href="SET_HLP_AUDIO_THEME_EVENTSLIST.html">Enhetshändelseljud</target>
   </keywords>
   <keywords>
      <text FeatureID="-1">enhetsljud</text>
      <target FeatureID="-1" href="AUDIOTHEME_HLP_EVENTGROUPS.html">Byta ljudtema</target>
      <target FeatureID="-1" href="SET_HLP_AUDIO_THEME_EVENTSLIST.html">Enhetshändelseljud</target>
   </keywords>
</keywords>