<?xml version="1.0" encoding="UTF-8"?><?xml-stylesheet  href="../../theme/xsl/index2html.xslt" type="text/xsl"?>
<topics FeatureID="-1" title="Trenutačne poruke" compressed="true">
   <topicref FeatureID="-1" href="IMNG_HLP_SEARCHCHAT.html" navtitle="Tražite IM korisnike"/>
   <topicref FeatureID="-1" href="IMNG_HLP_SAVED_VIEW.html" navtitle="Pregled spremljenih razgovora"/>
   <topicref FeatureID="-1" href="IMNG_HLP_SAVED_LIST.html" navtitle="Spremljeni razgovori"/>
   <topicref FeatureID="-1" href="IMNG_HLP_IMCHAT.html" navtitle="Grupni razgovori"/>
   <topicref FeatureID="-1" href="IMNG_HLP_GROUP_EDIT.html" navtitle="Prava za uređivanje grupe"/>
   <topicref FeatureID="-1" href="IMNG_HLP_GROUP_BAN.html" navtitle="Isključivanje IM korisnika iz grupa"/>
   <topicref FeatureID="-1" href="IMNG_HLP_CONT_OWN_DATA.html" navtitle="Moji podaci"/>
   <topicref FeatureID="-1" href="IMNG_HLP_COMMUNITY_VIEW_EMPTY.html" navtitle="Počnite koristiti IM"/>
   <topicref FeatureID="-1" href="IMNG_HLP_COMMUNITY_VIEW.html" navtitle="Neposredna razmjena poruka"/>
   <topicref FeatureID="-1" href="IMNG_HLP_BLOCKED_VIEW.html" navtitle="Blokirani kontakti"/>
   <topicref FeatureID="-1" href="IMNG_HLP_SETTINGS.html" navtitle="IM postavke"/>
   <topicref FeatureID="-1" href="IMNG_HLP_SERVLISTSETT_IM.html" navtitle="IM poslužitelji"/>
   <topicref FeatureID="-1" href="IMNG_HLP_DEFSERVER.html" navtitle="Postavke IM poslužitelja"/>
   <topicref FeatureID="-1" href="IMNG_HLP_INVITE.html" navtitle="IM pozivnice"/>
   <topicref FeatureID="-1" href="IMNG_HLP_CREATECHAT.html" navtitle="IM grupa, postavke"/>
   <topicref FeatureID="-1" href="IMNG_HLP_ACCLIST.html" navtitle="IM grupa, članovi"/>
   <topicref FeatureID="-1" href="IMNG_HLP_CONVERSATIONS.html" navtitle="IM razgovori"/>
   <topicref FeatureID="-1" href="IMNG_HLP_CONTACTDETAILS.html" navtitle="Pojedinosti IM kontakta"/>
   <topicref FeatureID="-1" href="IMNG_HLP_APPSETT.html" navtitle="Postavke IM aplikacije"/>
</topics>