<?xml version="1.0" encoding="UTF-8"?>
<keywords>
   <keywords>
      <text FeatureID="-1">IM korisnici, traženje</text>
      <target FeatureID="-1" href="IMNG_HLP_SEARCHCHAT.html">Tražite IM korisnike</target>
   </keywords>
   <keywords>
      <text FeatureID="-1">neposredna razmjena poruka</text>
      <target FeatureID="-1" href="IMNG_HLP_SEARCHCHAT.html">Tražite IM korisnike</target>
      <target FeatureID="-1" href="IMNG_HLP_SAVED_VIEW.html">Pregled spremljenih razgovora</target>
      <target FeatureID="-1" href="IMNG_HLP_SAVED_LIST.html">Spremljeni razgovori</target>
      <target FeatureID="-1" href="IMNG_HLP_GROUP_EDIT.html">Prava za uređivanje grupe</target>
      <target FeatureID="-1" href="IMNG_HLP_GROUP_BAN.html">Isključivanje IM korisnika iz grupa</target>
      <target FeatureID="-1" href="IMNG_HLP_CONT_OWN_DATA.html">Moji podaci</target>
      <target FeatureID="-1" href="IMNG_HLP_COMMUNITY_VIEW_EMPTY.html">Počnite koristiti IM</target>
      <target FeatureID="-1" href="IMNG_HLP_COMMUNITY_VIEW.html">Neposredna razmjena poruka</target>
      <target FeatureID="-1" href="IMNG_HLP_CREATECHAT.html">IM grupa, postavke</target>
      <target FeatureID="-1" href="IMNG_HLP_ACCLIST.html">IM grupa, članovi</target>
      <target FeatureID="-1" href="IMNG_HLP_CONVERSATIONS.html">IM razgovori</target>
      <target FeatureID="-1" href="IMNG_HLP_APPSETT.html">Postavke IM aplikacije</target>
   </keywords>
   <keywords>
      <text FeatureID="-1">IM grupe, traženje</text>
      <target FeatureID="-1" href="IMNG_HLP_SEARCHCHAT.html">Tražite IM korisnike</target>
   </keywords>
   <keywords>
      <text FeatureID="-1">spremljeni razgovori</text>
      <target FeatureID="-1" href="IMNG_HLP_SAVED_LIST.html">Spremljeni razgovori</target>
   </keywords>
   <keywords>
      <text FeatureID="-1">IM (neposredna razmjena poruka)</text>
      <target FeatureID="-1" href="IMNG_HLP_IMCHAT.html">Grupni razgovori</target>
   </keywords>
   <keywords>
      <text FeatureID="-1">IM grupe, pristup</text>
      <target FeatureID="-1" href="IMNG_HLP_IMCHAT.html">Grupni razgovori</target>
   </keywords>
   <keywords>
      <text FeatureID="-1">prava za uređivanje</text>
      <target FeatureID="-1" href="IMNG_HLP_GROUP_EDIT.html">Prava za uređivanje grupe</target>
   </keywords>
   <keywords>
      <text FeatureID="-1">spisak isključenih</text>
      <target FeatureID="-1" href="IMNG_HLP_GROUP_BAN.html">Isključivanje IM korisnika iz grupa</target>
   </keywords>
   <keywords>
      <text FeatureID="-1">IM grupa, članovi</text>
      <target FeatureID="-1" href="IMNG_HLP_GROUP_BAN.html">Isključivanje IM korisnika iz grupa</target>
      <target FeatureID="-1" href="IMNG_HLP_ACCLIST.html">IM grupa, članovi</target>
   </keywords>
   <keywords>
      <text FeatureID="-1">IM kontakti</text>
      <target FeatureID="-1" href="IMNG_HLP_CONT_OWN_DATA.html">Moji podaci</target>
      <target FeatureID="-1" href="IMNG_HLP_BLOCKED_VIEW.html">Blokirani kontakti</target>
      <target FeatureID="-1" href="IMNG_HLP_CONTACTDETAILS.html">Pojedinosti IM kontakta</target>
   </keywords>
   <keywords>
      <text FeatureID="-1">IM</text>
      <target FeatureID="-1" href="IMNG_HLP_COMMUNITY_VIEW_EMPTY.html">Počnite koristiti IM</target>
      <target FeatureID="-1" href="IMNG_HLP_COMMUNITY_VIEW.html">Neposredna razmjena poruka</target>
      <target FeatureID="-1" href="IMNG_HLP_CONVERSATIONS.html">IM razgovori</target>
   </keywords>
   <keywords>
      <text FeatureID="-1">blokirani IM kontakti</text>
      <target FeatureID="-1" href="IMNG_HLP_BLOCKED_VIEW.html">Blokirani kontakti</target>
   </keywords>
   <keywords>
      <text FeatureID="-1">IM postavke</text>
      <target FeatureID="-1" href="IMNG_HLP_SETTINGS.html">IM postavke</target>
      <target FeatureID="-1" href="IMNG_HLP_APPSETT.html">Postavke IM aplikacije</target>
   </keywords>
   <keywords>
      <text FeatureID="-1">IM poslužitelji</text>
      <target FeatureID="-1" href="IMNG_HLP_SERVLISTSETT_IM.html">IM poslužitelji</target>
   </keywords>
   <keywords>
      <text FeatureID="-1">Postavke IM poslužitelja</text>
      <target FeatureID="-1" href="IMNG_HLP_DEFSERVER.html">Postavke IM poslužitelja</target>
   </keywords>
   <keywords>
      <text FeatureID="-1">postavke poslužitelja</text>
      <target FeatureID="-1" href="IMNG_HLP_DEFSERVER.html">Postavke IM poslužitelja</target>
   </keywords>
   <keywords>
      <text FeatureID="-1">pozivnice</text>
      <target FeatureID="-1" href="IMNG_HLP_INVITE.html">IM pozivnice</target>
   </keywords>
   <keywords>
      <text FeatureID="-1">IM grupa, postavke</text>
      <target FeatureID="-1" href="IMNG_HLP_CREATECHAT.html">IM grupa, postavke</target>
   </keywords>
   <keywords>
      <text FeatureID="-1">razgovori</text>
      <target FeatureID="-1" href="IMNG_HLP_CONVERSATIONS.html">IM razgovori</target>
   </keywords>
   <keywords>
      <text FeatureID="-1">Neposredna razmjena poruka</text>
      <target FeatureID="-1" href="IMNG_HLP_CONTACTDETAILS.html">Pojedinosti IM kontakta</target>
   </keywords>
</keywords>