<?xml version="1.0" encoding="UTF-8"?>
<keywords>
   <keywords>
      <text FeatureID="-1">کيمرہ</text>
      <target FeatureID="-1" href="LCAM_HLP_VIEWFINDER_PHOTO.html">تصويريں کھينچيں</target>
      <target FeatureID="false_410" href="LCAM_HLP_LIGHT_SENSITIVITY.html">روشنی کی حساسیت تبدیل کریں</target>
      <target FeatureID="-1" href="LCAM_HLP_SCENES_PHOTO.html">تصویر کے سینز</target>
      <target FeatureID="-1" href="LCAM_HLP_VIEWFINDER_VIDEO.html">ويڈيو کلپ ريکارڈ کریں</target>
      <target FeatureID="false_410" href="LCAM_HLP_SCENES_VIDEO.html">ویڈيو سینز</target>
      <target FeatureID="false_410" href="LCAM_HLP_STANDYBY_EM.html">کیمرہ کارآمد نہيں ہے</target>
      <target FeatureID="-1" href="LCAM_HLP_POST_VIDEO.html">ويڈيو کلپ پلے کریں</target>
      <target FeatureID="-1" href="LCAM_HLP_POST_PHOTO.html">کھینچی گئی تصویریں دیکھیں</target>
      <target FeatureID="true_132" href="LCAM_HLP_POST_SEQ.html">سلسلے میں لی جانے والی تصویریں دیکھیں</target>
   </keywords>
   <keywords>
      <text FeatureID="-1">تصویر کھینچنا</text>
      <target FeatureID="-1" href="LCAM_HLP_VIEWFINDER_PHOTO.html">تصويريں کھينچيں</target>
   </keywords>
   <keywords>
      <text FeatureID="false_410">روشنی کی حساسیت</text>
      <target FeatureID="false_410" href="LCAM_HLP_LIGHT_SENSITIVITY.html">روشنی کی حساسیت تبدیل کریں</target>
   </keywords>
   <keywords>
      <text FeatureID="-1">کیمرہ کے سین</text>
      <target FeatureID="-1" href="LCAM_HLP_SETTINGS_PHOUSER.html">سین واضح کریں</target>
   </keywords>
   <keywords>
      <text FeatureID="-1">مناظر</text>
      <target FeatureID="-1" href="LCAM_HLP_SCENES_PHOTO.html">تصویر کے سینز</target>
   </keywords>
   <keywords>
      <text FeatureID="-1">کیمرہ کی ترتیبات</text>
      <target FeatureID="-1" href="LCAM_HLP_SETTINGS.html">کیمرے کی ترتیبات</target>
   </keywords>
   <keywords>
      <text FeatureID="-1">کيمرہ, ترتيبات</text>
      <target FeatureID="-1" href="LCAM_HLP_SETTINGS_PHOTO.html">تصویر کی ترتیبات</target>
      <target FeatureID="-1" href="LCAM_HLP_SETTINGS_VIDEO.html">ویڈیو ترتیبات</target>
   </keywords>
   <keywords>
      <text FeatureID="-1">ویڈيو ریکارڈنگ</text>
      <target FeatureID="-1" href="LCAM_HLP_VIEWFINDER_VIDEO.html">ويڈيو کلپ ريکارڈ کریں</target>
   </keywords>
   <keywords>
      <text FeatureID="false_410">ویڈيو سینز</text>
      <target FeatureID="false_410" href="LCAM_HLP_SCENES_VIDEO.html">ویڈيو سینز</target>
   </keywords>
   <keywords>
      <text FeatureID="-1">ويڈيو, ترتيبات</text>
      <target FeatureID="-1" href="LCAM_HLP_SETTINGS_VIDEO.html">ویڈیو ترتیبات</target>
   </keywords>
   <keywords>
      <text FeatureID="-1">کیمرا</text>
      <target FeatureID="-1" href="LCAM_HLP_VIEWFINDER_VIDEO_EM.html">اضافی پروگراموں میں ویڈیوز</target>
   </keywords>
   <keywords>
      <text FeatureID="-1">اضافی پروگراموں میں ویڈیو کلپس</text>
      <target FeatureID="-1" href="LCAM_HLP_VIEWFINDER_VIDEO_EM.html">اضافی پروگراموں میں ویڈیوز</target>
   </keywords>
   <keywords>
      <text FeatureID="-1">ويڈيو کلپ پلے کرنا</text>
      <target FeatureID="-1" href="LCAM_HLP_POST_VIDEO.html">ويڈيو کلپ پلے کریں</target>
   </keywords>
   <keywords>
      <text FeatureID="-1">اضافی پروگراموں میں کیمرا</text>
      <target FeatureID="-1" href="LCAM_HLP_VIEWFINDER_PHOTO_EM.html">اضافی پروگراموں میں تصویریں</target>
   </keywords>
   <keywords>
      <text FeatureID="-1">تصویریں دیکھنا</text>
      <target FeatureID="-1" href="LCAM_HLP_POST_PHOTO.html">کھینچی گئی تصویریں دیکھیں</target>
   </keywords>
   <keywords>
      <text FeatureID="true_132">سلسلہ کي وضع</text>
      <target FeatureID="true_132" href="LCAM_HLP_POST_SEQ.html">سلسلے میں لی جانے والی تصویریں دیکھیں</target>
   </keywords>
</keywords>