<?xml version="1.0" encoding="UTF-8"?>
<keywords>
   <keywords>
      <text FeatureID="-1">Sprachansage, Sprache</text>
      <target FeatureID="-1" href="SPEECH_HLP_MAIN.html">Spracheinstellungen</target>
   </keywords>
   <keywords>
      <text FeatureID="-1">Mitteilungsanzeige, Sprache</text>
      <target FeatureID="-1" href="SPEECH_HLP_MAIN.html">Spracheinstellungen</target>
   </keywords>
   <keywords>
      <text FeatureID="-1">Vorlesefunktion</text>
      <target FeatureID="-1" href="SPEECH_HLP_VOICE.html">Stimmendetails</target>
   </keywords>
   <keywords>
      <text FeatureID="-1">Mitteilungsanzeige, Einstellungen</text>
      <target FeatureID="-1" href="SPEECH_HLP_MRSETTINGS.html">Einstellungen Mitteilungsanzeige u....</target>
   </keywords>
</keywords>