<?xml version="1.0" encoding="UTF-8"?>
<keywords>
   <keywords>
      <text FeatureID="-1">dataöverför.</text>
      <target FeatureID="-1" href="SWITCH_HLP_EDIT_SHORTCUT.html">Genvägsinställningar</target>
      <target FeatureID="-1" href="SWITCH_HLP_MAIN.html">Överföra data</target>
      <target FeatureID="-1" href="SWITCH_HLP_LOG.html">Överf.-logg</target>
   </keywords>
   <keywords>
      <text FeatureID="-1">överföra data</text>
      <target FeatureID="-1" href="SWITCH_HLP_EDIT_SHORTCUT.html">Genvägsinställningar</target>
      <target FeatureID="-1" href="SWITCH_HLP_MAIN.html">Överföra data</target>
   </keywords>
   <keywords>
      <text FeatureID="-1">genvägar</text>
      <target FeatureID="-1" href="SWITCH_HLP_EDIT_SHORTCUT.html">Genvägsinställningar</target>
   </keywords>
   <keywords>
      <text FeatureID="-1">dataöverför., konflikter</text>
      <target FeatureID="-1" href="SWITCH_HLP_CONFLICT.html">Överföringskonflikter</target>
   </keywords>
   <keywords>
      <text FeatureID="-1">kopiera innehåll</text>
      <target FeatureID="-1" href="SWITCH_HLP_MAIN.html">Överföra data</target>
   </keywords>
   <keywords>
      <text FeatureID="-1">överf.-logg</text>
      <target FeatureID="-1" href="SWITCH_HLP_LOG.html">Överf.-logg</target>
   </keywords>
</keywords>