<?xml version="1.0" encoding="UTF-8"?><?xml-stylesheet  href="../../theme/xsl/index2html.xslt" type="text/xsl"?>
<topics FeatureID="-1" title="Mga videos &amp; TV" compressed="true">
   <topicref FeatureID="-1" href="IPTV_HLP_MAIN_STATE.html" navtitle="Mga videos &amp; TV"/>
   <topicref FeatureID="-1" href="IPTV_HLP_VODCAST_MAIN.html" navtitle="Mga video feed"/>
   <topicref FeatureID="-1" href="IPTV_HLP_SERVICE_SELECTION_VOD.html" navtitle="Pumili ng mga serbisyo ng video"/>
   <topicref FeatureID="-1" href="IPTV_HLP_VOD_CATEGORIES.html" navtitle="Mga kategorya ng video"/>
   <topicref FeatureID="-1" href="IPTV_HLP_VOD.html" navtitle="Manood at mag-download ng mga video clip"/>
   <topicref FeatureID="-1" href="IPTV_HLP_SCHEDULE_DOWNLOAD.html" navtitle="Mag-schedule ng mga download"/>
   <topicref FeatureID="-1" href="IPTV_HLP_STORAGE.html" navtitle="Aking mga video"/>
   <topicref FeatureID="-1" href="IPTV_HLP_SETTINGS.html" navtitle="Mga setting ng Mga videos &amp; TV"/>
   <topicref FeatureID="-1" href="IPTV_HLP_SERVICE_SEL_VODCAST.html" navtitle="Pumili ng mga video feed"/>
   <topicref FeatureID="-1" href="IPTV_HLP_ADD_SERVICE.html" navtitle="Magdagdag ng mga video feed"/>
</topics>