<?xml version="1.0" encoding="UTF-8"?>
<keywords>
   <keywords>
      <text FeatureID="-1">mga video &amp; TV</text>
      <target FeatureID="-1" href="IPTV_HLP_MAIN_STATE.html">Mga videos &amp; TV</target>
      <target FeatureID="-1" href="IPTV_HLP_VODCAST_MAIN.html">Mga video feed</target>
      <target FeatureID="-1" href="IPTV_HLP_SERVICE_SELECTION_VOD.html">Pumili ng mga serbisyo ng video</target>
      <target FeatureID="-1" href="IPTV_HLP_VOD_CATEGORIES.html">Mga kategorya ng video</target>
      <target FeatureID="-1" href="IPTV_HLP_VOD.html">Manood at mag-download ng mga video clip</target>
      <target FeatureID="-1" href="IPTV_HLP_SCHEDULE_DOWNLOAD.html">Mag-schedule ng mga download</target>
      <target FeatureID="-1" href="IPTV_HLP_STORAGE.html">Aking mga video</target>
      <target FeatureID="-1" href="IPTV_HLP_SERVICE_SEL_VODCAST.html">Pumili ng mga video feed</target>
      <target FeatureID="-1" href="IPTV_HLP_ADD_SERVICE.html">Magdagdag ng mga video feed</target>
   </keywords>
   <keywords>
      <text FeatureID="-1">mga video feed</text>
      <target FeatureID="-1" href="IPTV_HLP_VODCAST_MAIN.html">Mga video feed</target>
      <target FeatureID="-1" href="IPTV_HLP_VOD_CATEGORIES.html">Mga kategorya ng video</target>
      <target FeatureID="-1" href="IPTV_HLP_SERVICE_SEL_VODCAST.html">Pumili ng mga video feed</target>
      <target FeatureID="-1" href="IPTV_HLP_ADD_SERVICE.html">Magdagdag ng mga video feed</target>
   </keywords>
   <keywords>
      <text FeatureID="-1">mga download, mga video clip</text>
      <target FeatureID="-1" href="IPTV_HLP_VOD.html">Manood at mag-download ng mga video clip</target>
      <target FeatureID="-1" href="IPTV_HLP_SCHEDULE_DOWNLOAD.html">Mag-schedule ng mga download</target>
   </keywords>
   <keywords>
      <text FeatureID="-1">mga video &amp; TV, mga setting</text>
      <target FeatureID="-1" href="IPTV_HLP_SETTINGS.html">Mga setting ng Mga videos &amp; TV</target>
   </keywords>
   <keywords>
      <text FeatureID="-1">mga setting, video</text>
      <target FeatureID="-1" href="IPTV_HLP_SETTINGS.html">Mga setting ng Mga videos &amp; TV</target>
   </keywords>
</keywords>