<?xml version="1.0" encoding="UTF-8"?>
<keywords>
   <keywords>
      <text FeatureID="-1">bokmerker</text>
      <target FeatureID="-1" href="OSS_HLP_BM_ADDBM.html">Legge til bokmerker</target>
   </keywords>
   <keywords>
      <text FeatureID="-1">leser­bokmerker</text>
      <target FeatureID="-1" href="OSS_HLP_BM_ADDBM.html">Legge til bokmerker</target>
      <target FeatureID="-1" href="OSS_HLP_BM_MAIN.html">Lese bokmerker</target>
   </keywords>
   <keywords>
      <text FeatureID="-1">Internett</text>
      <target FeatureID="-1" href="OSS_HLP_BM_ADDBM.html">Legge til bokmerker</target>
      <target FeatureID="true_167" href="OSS_HLP_RSS_ADD.html">Legge til nyhetsmatinger</target>
      <target FeatureID="-1" href="OSS_HLP_PAGEVIEW.html">Surfe på Internett</target>
      <target FeatureID="true_167" href="OSS_HLP_RSS_ARTICLE.html">Nyhetsmatingsart.</target>
      <target FeatureID="true_167" href="OSS_HLP_RSS_ARTICLELST.html">Nyhetsmating</target>
      <target FeatureID="true_167" href="OSS_HLP_RSS_MAIN.html">Nyhetsmating og blogger</target>
   </keywords>
   <keywords>
      <text FeatureID="true_167">nyhetsmatinger</text>
      <target FeatureID="true_167" href="OSS_HLP_RSS_ADD.html">Legge til nyhetsmatinger</target>
      <target FeatureID="true_167" href="OSS_HLP_RSS_EDIT.html">Redigere webstrømmer</target>
      <target FeatureID="true_167" href="OSS_HLP_RSS_ARTICLE.html">Nyhetsmatingsart.</target>
      <target FeatureID="true_167" href="OSS_HLP_RSS_ARTICLELST.html">Nyhetsmating</target>
      <target FeatureID="true_167" href="OSS_HLP_RSS_MAIN.html">Nyhetsmating og blogger</target>
   </keywords>
   <keywords>
      <text FeatureID="true_167">RSS-nyhetsmatinger</text>
      <target FeatureID="true_167" href="OSS_HLP_RSS_ADD.html">Legge til nyhetsmatinger</target>
      <target FeatureID="true_167" href="OSS_HLP_RSS_ARTICLELST.html">Nyhetsmating</target>
      <target FeatureID="true_167" href="OSS_HLP_RSS_MAIN.html">Nyhetsmating og blogger</target>
   </keywords>
   <keywords>
      <text FeatureID="true_167">nyheter og blogger</text>
      <target FeatureID="true_167" href="OSS_HLP_RSS_ADD.html">Legge til nyhetsmatinger</target>
      <target FeatureID="true_167" href="OSS_HLP_RSS_EDIT.html">Redigere webstrømmer</target>
      <target FeatureID="true_167" href="OSS_HLP_RSS_ARTICLE.html">Nyhetsmatingsart.</target>
      <target FeatureID="true_167" href="OSS_HLP_RSS_ARTICLELST.html">Nyhetsmating</target>
      <target FeatureID="true_167" href="OSS_HLP_RSS_MAIN.html">Nyhetsmating og blogger</target>
   </keywords>
   <keywords>
      <text FeatureID="true_167">blogger</text>
      <target FeatureID="true_167" href="OSS_HLP_RSS_ADD.html">Legge til nyhetsmatinger</target>
      <target FeatureID="true_167" href="OSS_HLP_RSS_EDIT.html">Redigere webstrømmer</target>
      <target FeatureID="true_167" href="OSS_HLP_RSS_ARTICLE.html">Nyhetsmatingsart.</target>
      <target FeatureID="true_167" href="OSS_HLP_RSS_ARTICLELST.html">Nyhetsmating</target>
      <target FeatureID="true_167" href="OSS_HLP_RSS_MAIN.html">Nyhetsmating og blogger</target>
   </keywords>
   <keywords>
      <text FeatureID="-1">bla gjennom sider</text>
      <target FeatureID="-1" href="OSS_HLP_PAGEVIEW.html">Surfe på Internett</target>
   </keywords>
   <keywords>
      <text FeatureID="-1">åpne bokmerker</text>
      <target FeatureID="-1" href="OSS_HLP_BM_MAIN.html">Lese bokmerker</target>
   </keywords>
   <keywords>
      <text FeatureID="true_167">rss-nyhetsmatinger</text>
      <target FeatureID="true_167" href="OSS_HLP_RSS_EDIT.html">Redigere webstrømmer</target>
      <target FeatureID="true_167" href="OSS_HLP_RSS_ARTICLE.html">Nyhetsmatingsart.</target>
   </keywords>
   <keywords>
      <text FeatureID="true_167">web</text>
      <target FeatureID="true_167" href="OSS_HLP_RSS_EDIT.html">Redigere webstrømmer</target>
   </keywords>
   <keywords>
      <text FeatureID="-1">leserinnstillinger</text>
      <target FeatureID="-1" href="OSS_HLP_SETTINGS_GENERAL.html">Generelle innstillinger</target>
      <target FeatureID="-1" href="OSS_HLP_SETTINGS_PAGE.html">Side­innstillinger</target>
      <target FeatureID="-1" href="OSS_HLP_SETTINGS_PRIVACY.html">Personvern­innstillinger</target>
      <target FeatureID="true_167" href="OSS_HLP_SETTINGS_RSS.html">Innstillinger for nyhetsmating</target>
      <target FeatureID="-1" href="OSS_HLP_SETTINGS_FOLDERS.html">Internett-innstillinger</target>
   </keywords>
   <keywords>
      <text FeatureID="-1">Internett-innstillinger</text>
      <target FeatureID="-1" href="OSS_HLP_SETTINGS_GENERAL.html">Generelle innstillinger</target>
      <target FeatureID="-1" href="OSS_HLP_SETTINGS_PAGE.html">Side­innstillinger</target>
      <target FeatureID="-1" href="OSS_HLP_SETTINGS_PRIVACY.html">Personvern­innstillinger</target>
      <target FeatureID="-1" href="OSS_HLP_SETTINGS_FOLDERS.html">Internett-innstillinger</target>
      <target FeatureID="false_410" href="OSS_HLP_SHORTCUTS.html">Verktøylinjesnarveier</target>
   </keywords>
   <keywords>
      <text FeatureID="-1">Internett-konfigurasjon</text>
      <target FeatureID="-1" href="OSS_HLP_SETTINGS_PAGE.html">Side­innstillinger</target>
      <target FeatureID="-1" href="OSS_HLP_SETTINGS_FOLDERS.html">Internett-innstillinger</target>
   </keywords>
   <keywords>
      <text FeatureID="-1">personvern­innstillinger</text>
      <target FeatureID="-1" href="OSS_HLP_SETTINGS_PRIVACY.html">Personvern­innstillinger</target>
   </keywords>
   <keywords>
      <text FeatureID="true_167">konfigurere for web</text>
      <target FeatureID="true_167" href="OSS_HLP_SETTINGS_RSS.html">Innstillinger for nyhetsmating</target>
   </keywords>
   <keywords>
      <text FeatureID="true_167">webinnstillinger</text>
      <target FeatureID="true_167" href="OSS_HLP_SETTINGS_RSS.html">Innstillinger for nyhetsmating</target>
   </keywords>
   <keywords>
      <text FeatureID="-1">åpne en bestemt side</text>
      <target FeatureID="-1" href="OSS_HLP_PAGEVIEW_EMBED.html">Internett i programmer</target>
   </keywords>
   <keywords>
      <text FeatureID="-1">Internett i programmer</text>
      <target FeatureID="-1" href="OSS_HLP_PAGEVIEW_EMBED.html">Internett i programmer</target>
   </keywords>
   <keywords>
      <text FeatureID="false_410">innstillinger for nettleser</text>
      <target FeatureID="false_410" href="OSS_HLP_SHORTCUTS.html">Verktøylinjesnarveier</target>
   </keywords>
</keywords>