<?xml version="1.0" encoding="UTF-8"?><?xml-stylesheet  href="../../theme/xsl/index2html.xslt" type="text/xsl"?>
<topics FeatureID="-1" title="Spjall" compressed="true">
   <topicref FeatureID="-1" href="IMNG_HLP_SEARCHCHAT.html" navtitle="Leitað að spjallnotendum"/>
   <topicref FeatureID="-1" href="IMNG_HLP_SAVED_VIEW.html" navtitle="Vistuð samtöl skoðuð"/>
   <topicref FeatureID="-1" href="IMNG_HLP_SAVED_LIST.html" navtitle="Vistuð samtöl"/>
   <topicref FeatureID="-1" href="IMNG_HLP_IMCHAT.html" navtitle="Hópsamtöl"/>
   <topicref FeatureID="-1" href="IMNG_HLP_GROUP_EDIT.html" navtitle="Ritstjórnarréttindi að hópi"/>
   <topicref FeatureID="-1" href="IMNG_HLP_GROUP_BAN.html" navtitle="Spjallnotendur útilokaðir frá hópum"/>
   <topicref FeatureID="-1" href="IMNG_HLP_CONT_OWN_DATA.html" navtitle="Gögnin mín"/>
   <topicref FeatureID="-1" href="IMNG_HLP_COMMUNITY_VIEW_EMPTY.html" navtitle="Spjallforritið tekið í notkun"/>
   <topicref FeatureID="-1" href="IMNG_HLP_COMMUNITY_VIEW.html" navtitle="Spjall"/>
   <topicref FeatureID="-1" href="IMNG_HLP_BLOCKED_VIEW.html" navtitle="Útilokaðir tengiliðir"/>
   <topicref FeatureID="-1" href="IMNG_HLP_SETTINGS.html" navtitle="Spjallstillingar"/>
   <topicref FeatureID="-1" href="IMNG_HLP_SERVLISTSETT_IM.html" navtitle="Spjallmiðlarar"/>
   <topicref FeatureID="-1" href="IMNG_HLP_DEFSERVER.html" navtitle="Stillingar spjallmiðlara"/>
   <topicref FeatureID="-1" href="IMNG_HLP_INVITE.html" navtitle="Spjallboð"/>
   <topicref FeatureID="-1" href="IMNG_HLP_CREATECHAT.html" navtitle="Stillingar spjallhóps"/>
   <topicref FeatureID="-1" href="IMNG_HLP_ACCLIST.html" navtitle="Meðlimir spjallhópa"/>
   <topicref FeatureID="-1" href="IMNG_HLP_CONVERSATIONS.html" navtitle="Spjallsamtöl"/>
   <topicref FeatureID="-1" href="IMNG_HLP_CONTACTDETAILS.html" navtitle="Upplýsingar um spjalltengilið"/>
   <topicref FeatureID="-1" href="IMNG_HLP_APPSETT.html" navtitle="Stillingar spjallforrits"/>
</topics>