<?xml version="1.0" encoding="UTF-8"?>
<keywords>
   <keywords>
      <text FeatureID="-1">leita að spjallnotendum</text>
      <target FeatureID="-1" href="IMNG_HLP_SEARCHCHAT.html">Leitað að spjallnotendum</target>
   </keywords>
   <keywords>
      <text FeatureID="-1">spjallskilaboð</text>
      <target FeatureID="-1" href="IMNG_HLP_SEARCHCHAT.html">Leitað að spjallnotendum</target>
      <target FeatureID="-1" href="IMNG_HLP_SAVED_VIEW.html">Vistuð samtöl skoðuð</target>
      <target FeatureID="-1" href="IMNG_HLP_SAVED_LIST.html">Vistuð samtöl</target>
      <target FeatureID="-1" href="IMNG_HLP_GROUP_EDIT.html">Ritstjórnarréttindi að hópi</target>
      <target FeatureID="-1" href="IMNG_HLP_GROUP_BAN.html">Spjallnotendur útilokaðir frá hópum</target>
      <target FeatureID="-1" href="IMNG_HLP_CONT_OWN_DATA.html">Gögnin mín</target>
      <target FeatureID="-1" href="IMNG_HLP_COMMUNITY_VIEW_EMPTY.html">Spjallforritið tekið í notkun</target>
      <target FeatureID="-1" href="IMNG_HLP_COMMUNITY_VIEW.html">Spjall</target>
      <target FeatureID="-1" href="IMNG_HLP_CREATECHAT.html">Stillingar spjallhóps</target>
      <target FeatureID="-1" href="IMNG_HLP_ACCLIST.html">Meðlimir spjallhópa</target>
      <target FeatureID="-1" href="IMNG_HLP_CONVERSATIONS.html">Spjallsamtöl</target>
      <target FeatureID="-1" href="IMNG_HLP_APPSETT.html">Stillingar spjallforrits</target>
   </keywords>
   <keywords>
      <text FeatureID="-1">leita í spjallhópum</text>
      <target FeatureID="-1" href="IMNG_HLP_SEARCHCHAT.html">Leitað að spjallnotendum</target>
   </keywords>
   <keywords>
      <text FeatureID="-1">vistuð samtöl</text>
      <target FeatureID="-1" href="IMNG_HLP_SAVED_LIST.html">Vistuð samtöl</target>
   </keywords>
   <keywords>
      <text FeatureID="-1">Spjall</text>
      <target FeatureID="-1" href="IMNG_HLP_IMCHAT.html">Hópsamtöl</target>
      <target FeatureID="-1" href="IMNG_HLP_COMMUNITY_VIEW_EMPTY.html">Spjallforritið tekið í notkun</target>
      <target FeatureID="-1" href="IMNG_HLP_COMMUNITY_VIEW.html">Spjall</target>
      <target FeatureID="-1" href="IMNG_HLP_CONVERSATIONS.html">Spjallsamtöl</target>
      <target FeatureID="-1" href="IMNG_HLP_CONTACTDETAILS.html">Upplýsingar um spjalltengilið</target>
   </keywords>
   <keywords>
      <text FeatureID="-1">þátttaka í spjallhópum</text>
      <target FeatureID="-1" href="IMNG_HLP_IMCHAT.html">Hópsamtöl</target>
   </keywords>
   <keywords>
      <text FeatureID="-1">ritstjórnarréttindi</text>
      <target FeatureID="-1" href="IMNG_HLP_GROUP_EDIT.html">Ritstjórnarréttindi að hópi</target>
   </keywords>
   <keywords>
      <text FeatureID="-1">svartur listi</text>
      <target FeatureID="-1" href="IMNG_HLP_GROUP_BAN.html">Spjallnotendur útilokaðir frá hópum</target>
   </keywords>
   <keywords>
      <text FeatureID="-1">Meðlimir spjallhópa</text>
      <target FeatureID="-1" href="IMNG_HLP_GROUP_BAN.html">Spjallnotendur útilokaðir frá hópum</target>
      <target FeatureID="-1" href="IMNG_HLP_ACCLIST.html">Meðlimir spjallhópa</target>
   </keywords>
   <keywords>
      <text FeatureID="-1">Spjalltengiliðir</text>
      <target FeatureID="-1" href="IMNG_HLP_CONT_OWN_DATA.html">Gögnin mín</target>
      <target FeatureID="-1" href="IMNG_HLP_BLOCKED_VIEW.html">Útilokaðir tengiliðir</target>
      <target FeatureID="-1" href="IMNG_HLP_CONTACTDETAILS.html">Upplýsingar um spjalltengilið</target>
   </keywords>
   <keywords>
      <text FeatureID="-1">útilokaðir spjalltengiliðir</text>
      <target FeatureID="-1" href="IMNG_HLP_BLOCKED_VIEW.html">Útilokaðir tengiliðir</target>
   </keywords>
   <keywords>
      <text FeatureID="-1">Spjallstillingar</text>
      <target FeatureID="-1" href="IMNG_HLP_SETTINGS.html">Spjallstillingar</target>
      <target FeatureID="-1" href="IMNG_HLP_APPSETT.html">Stillingar spjallforrits</target>
   </keywords>
   <keywords>
      <text FeatureID="-1">Spjallmiðlarar</text>
      <target FeatureID="-1" href="IMNG_HLP_SERVLISTSETT_IM.html">Spjallmiðlarar</target>
   </keywords>
   <keywords>
      <text FeatureID="-1">Stillingar spjallmiðlara</text>
      <target FeatureID="-1" href="IMNG_HLP_DEFSERVER.html">Stillingar spjallmiðlara</target>
   </keywords>
   <keywords>
      <text FeatureID="-1">stillingar spjallmiðlara</text>
      <target FeatureID="-1" href="IMNG_HLP_DEFSERVER.html">Stillingar spjallmiðlara</target>
   </keywords>
   <keywords>
      <text FeatureID="-1">boð</text>
      <target FeatureID="-1" href="IMNG_HLP_INVITE.html">Spjallboð</target>
   </keywords>
   <keywords>
      <text FeatureID="-1">Stillingar spjallhóps</text>
      <target FeatureID="-1" href="IMNG_HLP_CREATECHAT.html">Stillingar spjallhóps</target>
   </keywords>
   <keywords>
      <text FeatureID="-1">samtöl</text>
      <target FeatureID="-1" href="IMNG_HLP_CONVERSATIONS.html">Spjallsamtöl</target>
   </keywords>
</keywords>