<?xml version="1.0" encoding="UTF-8"?>
<keywords>
   <keywords>
      <text FeatureID="true_1116">kalendrikannete saatmine</text>
      <target FeatureID="true_1116" href="SMART_HLP_CALENDAREDITOR.html">Kalendrikannete saatmine</target>
   </keywords>
   <keywords>
      <text FeatureID="true_1114">kalendrikannete vastuvõtmine</text>
      <target FeatureID="true_1114" href="SMART_HLP_CALENDARVIEWER.html">Vastuvõetud kalendrikanded</target>
   </keywords>
   <keywords>
      <text FeatureID="true_1114">kalendrikanded</text>
      <target FeatureID="true_1114" href="SMART_HLP_CALPULLMESVIEWER.html">Kalendrikande allalaadimine</target>
   </keywords>
   <keywords>
      <text FeatureID="true_1117 true_1115">visiitkaardid</text>
      <target FeatureID="true_1117" href="SMART_HLP_BUSINESSEDITOR.html">Visiitkaartide saatmine</target>
      <target FeatureID="true_1115" href="SMART_HLP_BUSINESSVIEWER.html">Vastuvõetud visiitkaardid</target>
      <target FeatureID="true_1115" href="SMART_HLP_BUSPULLMESVIEWER.html">Visiitkaardi allalaadimine</target>
   </keywords>
   <keywords>
      <text FeatureID="true_1111">helinad</text>
      <target FeatureID="true_1111" href="SMART_HLP_RINGVIEWER.html">Vastuvõetud helinad</target>
   </keywords>
   <keywords>
      <text FeatureID="true_1110">operaatori operaatorilogod</text>
      <target FeatureID="true_1110" href="SMART_HLP_OPLOGOVIEWER.html">Vastuvõetud operaatorilogod</target>
   </keywords>
   <keywords>
      <text FeatureID="true_1106">järjehoidjad</text>
      <target FeatureID="true_1106" href="SMART_HLP_ONEBOOKVIEWER.html">Vastuvõetud järjehoidja</target>
   </keywords>
   <keywords>
      <text FeatureID="true_1112">piltide vastuvõtmine</text>
      <target FeatureID="true_1112" href="SMART_HLP_GMSVIEWER.html">Piltsõnumite vaatamine</target>
   </keywords>
   <keywords>
      <text FeatureID="true_1112">piltsõnumid</text>
      <target FeatureID="true_1112" href="SMART_HLP_GMSVIEWER.html">Piltsõnumite vaatamine</target>
   </keywords>
   <keywords>
      <text FeatureID="true_1537">kaugdraivi konfiguratsioon</text>
      <target FeatureID="true_1537" href="SMART_HLP_REMOTEDRIVES_VIEWER.html">Kaugdraivide konfiguratsioonide vastuvõtmine</target>
      <target FeatureID="true_1537" href="SMART_HLP_REMOTEDRIVES_EDITOR.html">Kaugdraivide konfiguratsioonide saatmine</target>
   </keywords>
</keywords>