<?xml version="1.0" encoding="UTF-8"?>
<keywords>
   <keywords>
      <text FeatureID="-1">tale-kommandoer</text>
      <target FeatureID="true_72" href="HLP_VC_SIND_FOLDER.html">Programvisning</target>
      <target FeatureID="true_72" href="HLP_VC_SIND_MAIN.html">Bruke talekommandoer</target>
      <target FeatureID="-1" href="VCINFO_HLP_MAINVIEW.html">For kontakter</target>
   </keywords>
   <keywords>
      <text FeatureID="-1">innst. for talekomm.</text>
      <target FeatureID="-1" href="HLP_VC_SET.html">Innst. for talekomm.</target>
   </keywords>
</keywords>