<?xml version="1.0" encoding="UTF-8"?>
<keywords>
   <keywords>
      <text FeatureID="true_11008 false_11008">ррегистр. устройство</text>
      <target FeatureID="true_11008" href="DRM_HLP_REGISTRATION_METERING.html">Регистр. устройство</target>
      <target FeatureID="false_11008" href="DRM_HLP_REGISTRATION.html">Регистр. устройство</target>
   </keywords>
   <keywords>
      <text FeatureID="true_11008">придобиване на мълчаливи права</text>
      <target FeatureID="true_11008" href="DRM_HLP_REGISTRATION_METERING.html">Регистр. устройство</target>
   </keywords>
   <keywords>
      <text FeatureID="true_11008">измерване</text>
      <target FeatureID="true_11008" href="DRM_HLP_REGISTRATION_METERING.html">Регистр. устройство</target>
   </keywords>
</keywords>