<?xml version="1.0" encoding="UTF-8"?>
<keywords>
   <keywords>
      <text FeatureID="-1">Bluetooth</text>
      <target FeatureID="-1" href="BT_HLP_MAIN.html">Bluetooth</target>
      <target FeatureID="-1" href="BT_HLP_PAIRED.html">Oprette bindinger</target>
      <target FeatureID="-1" href="BT_HLP_BLOCKED.html">Blokere for enheder</target>
   </keywords>
   <keywords>
      <text FeatureID="-1">Bluetooth-indstillinger</text>
      <target FeatureID="-1" href="BT_HLP_MAIN.html">Bluetooth</target>
   </keywords>
   <keywords>
      <text FeatureID="-1">oprette en binding mellem enheder</text>
      <target FeatureID="-1" href="BT_HLP_PAIRED.html">Oprette bindinger</target>
   </keywords>
   <keywords>
      <text FeatureID="-1">blokerede enheder</text>
      <target FeatureID="-1" href="BT_HLP_BLOCKED.html">Blokere for enheder</target>
   </keywords>
   <keywords>
      <text FeatureID="true_12">trådløst tastatur</text>
      <target FeatureID="true_12" href="BTKEYBOARD_HLP_SETTINGS.html">Trådløst tastatur</target>
   </keywords>
</keywords>