<?xml version="1.0" encoding="UTF-8"?>
<keywords>
   <keywords>
      <text FeatureID="-1">prispôsobenie profilov</text>
      <target FeatureID="-1" href="MODE_HLP_PERSONALISE.html">Prispôsobenie profilov</target>
   </keywords>
   <keywords>
      <text FeatureID="-1">nastavenia tónov</text>
      <target FeatureID="-1" href="SET_HLP_PERSONAL_TONES.html">Nastavenia tónov</target>
   </keywords>
   <keywords>
      <text FeatureID="-1">tóny zvonenia</text>
      <target FeatureID="-1" href="SET_HLP_PERSONAL_TONES.html">Nastavenia tónov</target>
   </keywords>
   <keywords>
      <text FeatureID="-1">profily</text>
      <target FeatureID="-1" href="MODE_HLP_PROFILES_LIST.html">Profily</target>
   </keywords>
   <keywords>
      <text FeatureID="-1">zmena profilov</text>
      <target FeatureID="-1" href="MODE_HLP_PROFILES_LIST.html">Profily</target>
   </keywords>
</keywords>