<?xml version="1.0" encoding="UTF-8"?>
<keywords>
   <keywords>
      <text FeatureID="-1">configuraciones de mensajes de servicio</text>
      <target FeatureID="-1" href="WPUSH_HLP_SETTINGS.html">Config. mensajes servicio</target>
   </keywords>
   <keywords>
      <text FeatureID="-1">mensajes push</text>
      <target FeatureID="-1" href="WPUSH_HLP_VIEWER.html">Ver mensajes de servicios</target>
   </keywords>
   <keywords>
      <text FeatureID="-1">mensajes de servicios</text>
      <target FeatureID="-1" href="WPUSH_HLP_VIEWER.html">Ver mensajes de servicios</target>
   </keywords>
</keywords>