<?xml version="1.0" encoding="UTF-8"?>
<keywords>
   <keywords>
      <text FeatureID="-1">профілі XDM</text>
      <target FeatureID="-1" href="XDM_HLP_LIST_VIEW.html">Профілі XDM</target>
      <target FeatureID="-1" href="XDM_HLP_EDIT_SET.html">Установки профілю XDM</target>
   </keywords>
   <keywords>
      <text FeatureID="-1">установки XDM</text>
      <target FeatureID="-1" href="XDM_HLP_EDIT_SET.html">Установки профілю XDM</target>
   </keywords>
</keywords>