<?xml version="1.0" encoding="UTF-8"?>
<keywords>
   <keywords>
      <text FeatureID="-1">configuració dels missatges de servei</text>
      <target FeatureID="-1" href="WPUSH_HLP_SETTINGS.html">Configuració dels missatges de servei</target>
   </keywords>
   <keywords>
      <text FeatureID="-1">missatges de pulsació</text>
      <target FeatureID="-1" href="WPUSH_HLP_VIEWER.html">Visualitzeu missatges de servei</target>
   </keywords>
   <keywords>
      <text FeatureID="-1">missatges de servei</text>
      <target FeatureID="-1" href="WPUSH_HLP_VIEWER.html">Visualitzeu missatges de servei</target>
   </keywords>
</keywords>