<?xml version="1.0" encoding="UTF-8"?>
<keywords>
   <keywords>
      <text FeatureID="-1">audio teme</text>
      <target FeatureID="-1" href="AUDIOTHEME_HLP_EVENTGROUPS.html">Promenite audio teme</target>
      <target FeatureID="-1" href="SET_HLP_AUDIO_THEME_EVENTSLIST.html">Zvuci događaja na uređaju</target>
   </keywords>
   <keywords>
      <text FeatureID="-1">personalizovanje uređaja</text>
      <target FeatureID="-1" href="AUDIOTHEME_HLP_EVENTGROUPS.html">Promenite audio teme</target>
      <target FeatureID="-1" href="SET_HLP_AUDIO_THEME_EVENTSLIST.html">Zvuci događaja na uređaju</target>
   </keywords>
   <keywords>
      <text FeatureID="-1">zvukovi na uređaju</text>
      <target FeatureID="-1" href="AUDIOTHEME_HLP_EVENTGROUPS.html">Promenite audio teme</target>
      <target FeatureID="-1" href="SET_HLP_AUDIO_THEME_EVENTSLIST.html">Zvuci događaja na uređaju</target>
   </keywords>
</keywords>