<?xml version="1.0" encoding="UTF-8"?>
<keywords>
   <keywords>
      <text FeatureID="-1">маркери</text>
      <target FeatureID="-1" href="OSS_HLP_BM_ADDBM.html">Добавяне на маркери</target>
   </keywords>
   <keywords>
      <text FeatureID="-1">маркери на браузър</text>
      <target FeatureID="-1" href="OSS_HLP_BM_ADDBM.html">Добавяне на маркери</target>
   </keywords>
   <keywords>
      <text FeatureID="-1">интернет</text>
      <target FeatureID="-1" href="OSS_HLP_BM_ADDBM.html">Добавяне на маркери</target>
      <target FeatureID="true_167" href="OSS_HLP_RSS_ADD.html">Добавяне на уеб канали</target>
      <target FeatureID="-1" href="OSS_HLP_PAGEVIEW.html">Преглеждане в интернет</target>
      <target FeatureID="true_167" href="OSS_HLP_RSS_EDIT.html">Редактиране на уеб канали</target>
      <target FeatureID="true_167" href="OSS_HLP_RSS_ARTICLE.html">Статии от уеб канали</target>
      <target FeatureID="true_167" href="OSS_HLP_RSS_ARTICLELST.html">Уеб канали</target>
      <target FeatureID="true_167" href="OSS_HLP_RSS_MAIN.html">Уеб канали и блогове</target>
   </keywords>
   <keywords>
      <text FeatureID="true_167">канали</text>
      <target FeatureID="true_167" href="OSS_HLP_RSS_ADD.html">Добавяне на уеб канали</target>
      <target FeatureID="true_167" href="OSS_HLP_RSS_EDIT.html">Редактиране на уеб канали</target>
      <target FeatureID="true_167" href="OSS_HLP_RSS_ARTICLE.html">Статии от уеб канали</target>
      <target FeatureID="true_167" href="OSS_HLP_RSS_ARTICLELST.html">Уеб канали</target>
      <target FeatureID="true_167" href="OSS_HLP_RSS_MAIN.html">Уеб канали и блогове</target>
   </keywords>
   <keywords>
      <text FeatureID="true_167">RSS канали</text>
      <target FeatureID="true_167" href="OSS_HLP_RSS_ADD.html">Добавяне на уеб канали</target>
      <target FeatureID="true_167" href="OSS_HLP_RSS_ARTICLELST.html">Уеб канали</target>
      <target FeatureID="true_167" href="OSS_HLP_RSS_MAIN.html">Уеб канали и блогове</target>
   </keywords>
   <keywords>
      <text FeatureID="true_167">новини и блогове</text>
      <target FeatureID="true_167" href="OSS_HLP_RSS_ADD.html">Добавяне на уеб канали</target>
      <target FeatureID="true_167" href="OSS_HLP_RSS_EDIT.html">Редактиране на уеб канали</target>
      <target FeatureID="true_167" href="OSS_HLP_RSS_ARTICLE.html">Статии от уеб канали</target>
      <target FeatureID="true_167" href="OSS_HLP_RSS_ARTICLELST.html">Уеб канали</target>
      <target FeatureID="true_167" href="OSS_HLP_RSS_MAIN.html">Уеб канали и блогове</target>
   </keywords>
   <keywords>
      <text FeatureID="true_167">блогове</text>
      <target FeatureID="true_167" href="OSS_HLP_RSS_ADD.html">Добавяне на уеб канали</target>
      <target FeatureID="true_167" href="OSS_HLP_RSS_EDIT.html">Редактиране на уеб канали</target>
      <target FeatureID="true_167" href="OSS_HLP_RSS_ARTICLE.html">Статии от уеб канали</target>
      <target FeatureID="true_167" href="OSS_HLP_RSS_ARTICLELST.html">Уеб канали</target>
      <target FeatureID="true_167" href="OSS_HLP_RSS_MAIN.html">Уеб канали и блогове</target>
   </keywords>
   <keywords>
      <text FeatureID="-1">преглеждане на страници</text>
      <target FeatureID="-1" href="OSS_HLP_PAGEVIEW.html">Преглеждане в интернет</target>
   </keywords>
   <keywords>
      <text FeatureID="-1">отваряне на маркери</text>
      <target FeatureID="-1" href="OSS_HLP_BM_MAIN.html">Разглеждане на маркери</target>
   </keywords>
   <keywords>
      <text FeatureID="-1">браузър, маркери</text>
      <target FeatureID="-1" href="OSS_HLP_BM_MAIN.html">Разглеждане на маркери</target>
   </keywords>
   <keywords>
      <text FeatureID="true_167">rss канали</text>
      <target FeatureID="true_167" href="OSS_HLP_RSS_EDIT.html">Редактиране на уеб канали</target>
      <target FeatureID="true_167" href="OSS_HLP_RSS_ARTICLE.html">Статии от уеб канали</target>
   </keywords>
   <keywords>
      <text FeatureID="-1">настройки на браузъра</text>
      <target FeatureID="-1" href="OSS_HLP_SETTINGS_GENERAL.html">Общи настройки</target>
      <target FeatureID="-1" href="OSS_HLP_SETTINGS_PAGE.html">Настройки на страница</target>
      <target FeatureID="-1" href="OSS_HLP_SETTINGS_PRIVACY.html">Настройки за поверителност</target>
      <target FeatureID="true_167" href="OSS_HLP_SETTINGS_RSS.html">Настройки за уеб канали</target>
      <target FeatureID="-1" href="OSS_HLP_SETTINGS_FOLDERS.html">Настройки за интернет</target>
      <target FeatureID="false_410" href="OSS_HLP_SHORTCUTS.html">Бързи команди за лентата с инструменти</target>
   </keywords>
   <keywords>
      <text FeatureID="-1">настройки за интернет</text>
      <target FeatureID="-1" href="OSS_HLP_SETTINGS_GENERAL.html">Общи настройки</target>
      <target FeatureID="-1" href="OSS_HLP_SETTINGS_PAGE.html">Настройки на страница</target>
      <target FeatureID="-1" href="OSS_HLP_SETTINGS_PAGE.html">Настройки на страница</target>
      <target FeatureID="-1" href="OSS_HLP_SETTINGS_PRIVACY.html">Настройки за поверителност</target>
      <target FeatureID="true_167" href="OSS_HLP_SETTINGS_RSS.html">Настройки за уеб канали</target>
      <target FeatureID="-1" href="OSS_HLP_SETTINGS_FOLDERS.html">Настройки за интернет</target>
      <target FeatureID="-1" href="OSS_HLP_SETTINGS_FOLDERS.html">Настройки за интернет</target>
      <target FeatureID="false_410" href="OSS_HLP_SHORTCUTS.html">Бързи команди за лентата с инструменти</target>
   </keywords>
   <keywords>
      <text FeatureID="-1">настройки за поверителност</text>
      <target FeatureID="-1" href="OSS_HLP_SETTINGS_PRIVACY.html">Настройки за поверителност</target>
   </keywords>
   <keywords>
      <text FeatureID="true_167">интернет настройки</text>
      <target FeatureID="true_167" href="OSS_HLP_SETTINGS_RSS.html">Настройки за уеб канали</target>
   </keywords>
   <keywords>
      <text FeatureID="-1">отваряне на страница</text>
      <target FeatureID="-1" href="OSS_HLP_PAGEVIEW_EMBED.html">Интернет в приложения</target>
   </keywords>
   <keywords>
      <text FeatureID="-1">интернет в приложения</text>
      <target FeatureID="-1" href="OSS_HLP_PAGEVIEW_EMBED.html">Интернет в приложения</target>
   </keywords>
</keywords>