<?xml version="1.0" encoding="UTF-8"?>
<keywords>
   <keywords>
      <text FeatureID="-1">فوری پیغامات</text>
      <target FeatureID="-1" href="SERVTAB_HLP_CONVERSATION.html">فوری پیغامات بھیجیں</target>
   </keywords>
   <keywords>
      <text FeatureID="-1">گپ شپ کرنا</text>
      <target FeatureID="-1" href="SERVTAB_HLP_CONVERSATION.html">فوری پیغامات بھیجیں</target>
   </keywords>
   <keywords>
      <text FeatureID="-1">بات چیت</text>
      <target FeatureID="-1" href="SERVTAB_HLP_CONVERSATION.html">فوری پیغامات بھیجیں</target>
   </keywords>
</keywords>