<?xml version="1.0" encoding="UTF-8"?>
<keywords>
   <keywords>
      <text FeatureID="-1">trasferimento di dati</text>
      <target FeatureID="-1" href="SWITCH_HLP_EDIT_SHORTCUT.html">Impostazioni collegamenti</target>
      <target FeatureID="-1" href="SWITCH_HLP_MAIN.html">Trasferire dati</target>
      <target FeatureID="-1" href="SWITCH_HLP_LOG.html">Trasferire il registro</target>
   </keywords>
   <keywords>
      <text FeatureID="-1">dati, trasferimento</text>
      <target FeatureID="-1" href="SWITCH_HLP_EDIT_SHORTCUT.html">Impostazioni collegamenti</target>
      <target FeatureID="-1" href="SWITCH_HLP_MAIN.html">Trasferire dati</target>
   </keywords>
   <keywords>
      <text FeatureID="-1">collegamenti</text>
      <target FeatureID="-1" href="SWITCH_HLP_EDIT_SHORTCUT.html">Impostazioni collegamenti</target>
   </keywords>
   <keywords>
      <text FeatureID="-1">trasferimento di dati, conflitti</text>
      <target FeatureID="-1" href="SWITCH_HLP_CONFLICT.html">Conflitti di trasferimento</target>
   </keywords>
   <keywords>
      <text FeatureID="-1">contenuto, copia</text>
      <target FeatureID="-1" href="SWITCH_HLP_MAIN.html">Trasferire dati</target>
   </keywords>
   <keywords>
      <text FeatureID="-1">registro trasferimenti</text>
      <target FeatureID="-1" href="SWITCH_HLP_LOG.html">Trasferire il registro</target>
   </keywords>
</keywords>