<?xml version="1.0" encoding="UTF-8"?>
<keywords>
   <keywords>
      <text FeatureID="-1">分享的內容</text>
      <target FeatureID="-1" href="UPNP_HLP_SHARE_CONTENT.html">選擇要分享的內容</target>
   </keywords>
   <keywords>
      <text FeatureID="-1">家用媒體</text>
      <target FeatureID="-1" href="UPNP_HLP_SHARE_CONTENT.html">選擇要分享的內容</target>
      <target FeatureID="-1" href="UPNP_HLP_SHARING_PROP.html">分享設定</target>
      <target FeatureID="-1" href="UPNP_HLP_MAIN_VIEW.html">家用媒體</target>
      <target FeatureID="-1" href="UPNP_HLP_MAIN_EXTERNAL.html">家用媒體裝置</target>
      <target FeatureID="-1" href="UPNP_HLP_CONTENT_VIEW.html">家用媒體檔</target>
      <target FeatureID="-1" href="UPNP_HLP_REMOTE_DEVICES.html">家用媒體資料夾</target>
      <target FeatureID="-1" href="UPNP_HLP_SEARCH.html">找尋結果</target>
   </keywords>
   <keywords>
      <text FeatureID="-1">分享圖像和短片</text>
      <target FeatureID="-1" href="UPNP_HLP_SHARE_CONTENT.html">選擇要分享的內容</target>
   </keywords>
   <keywords>
      <text FeatureID="-1">分享媒體檔</text>
      <target FeatureID="-1" href="UPNP_HLP_SHARING_PROP.html">分享設定</target>
      <target FeatureID="-1" href="UPNP_HLP_MAIN_VIEW.html">家用媒體</target>
      <target FeatureID="-1" href="UPNP_HLP_MAIN_EXTERNAL.html">家用媒體裝置</target>
      <target FeatureID="-1" href="UPNP_HLP_CONTENT_VIEW.html">家用媒體檔</target>
      <target FeatureID="-1" href="UPNP_HLP_REMOTE_DEVICES.html">家用媒體資料夾</target>
      <target FeatureID="-1" href="UPNP_HLP_SEARCH.html">找尋結果</target>
   </keywords>
   <keywords>
      <text FeatureID="-1">在遠端裝置上檢視檔案</text>
      <target FeatureID="-1" href="UPNP_HLP_SHARING_PROP.html">分享設定</target>
      <target FeatureID="-1" href="UPNP_HLP_MAIN_VIEW.html">家用媒體</target>
      <target FeatureID="-1" href="UPNP_HLP_MAIN_EXTERNAL.html">家用媒體裝置</target>
      <target FeatureID="-1" href="UPNP_HLP_CONTENT_VIEW.html">家用媒體檔</target>
      <target FeatureID="-1" href="UPNP_HLP_REMOTE_DEVICES.html">家用媒體資料夾</target>
      <target FeatureID="-1" href="UPNP_HLP_SEARCH.html">找尋結果</target>
   </keywords>
   <keywords>
      <text FeatureID="-1">分享內容</text>
      <target FeatureID="-1" href="UPNP_HLP_SHARING_PROP.html">分享設定</target>
   </keywords>
</keywords>