<?xml version="1.0" encoding="UTF-8"?>
<keywords>
   <keywords>
      <text FeatureID="-1">VPN (virtuellt privat nätverk)</text>
      <target FeatureID="-1" href="SET_HLP_VPN_LOG_VIEW.html">VPN-logg</target>
      <target FeatureID="-1" href="SET_HLP_VPN_CONFIG_MAIN.html">VPN-hantering</target>
      <target FeatureID="-1" href="SET_HLP_VPN_POLICY_VIEW.html">VPN-policys</target>
      <target FeatureID="-1" href="SET_HLP_VPN_POLICY_SERVERS.html">VPN-policyservrar</target>
      <target FeatureID="-1" href="SET_HLP_VPN_POLICY_SERVER_SET.html">VPN-serverinställningar</target>
   </keywords>
</keywords>