<?xml version="1.0" encoding="UTF-8"?>
<keywords>
   <keywords>
      <text FeatureID="-1">mga sertipiko na awtoridad</text>
      <target FeatureID="-1" href="CM_HLP_AUTHORITY.html">Mga sertipiko na awtoridad</target>
   </keywords>
   <keywords>
      <text FeatureID="-1">mga sertipiko</text>
      <target FeatureID="-1" href="CM_HLP_AUTHORITY.html">Mga sertipiko na awtoridad</target>
      <target FeatureID="-1" href="CM_HLP_DEVICE.html">Mga sertipiko ng aparato</target>
      <target FeatureID="-1" href="CM_HLP_MAIN.html">Sertipiko ng pamamahala</target>
      <target FeatureID="-1" href="CM_HLP_PERSONAL.html">Mga personal na sertipiko</target>
      <target FeatureID="-1" href="CM_HLP_TRUSTED_SITE.html">Mga sertipiko ng pinagkakatiwalaang site</target>
      <target FeatureID="-1" href="CM_HLP_TRUST_SETTINGS.html">Mag-edit ng mga setting ng trust</target>
   </keywords>
   <keywords>
      <text FeatureID="-1">mga sertipiko ng seguridad</text>
      <target FeatureID="-1" href="CM_HLP_AUTHORITY.html">Mga sertipiko na awtoridad</target>
      <target FeatureID="-1" href="CM_HLP_MAIN.html">Sertipiko ng pamamahala</target>
   </keywords>
   <keywords>
      <text FeatureID="-1">mga sertipiko ng aparato</text>
      <target FeatureID="-1" href="CM_HLP_DEVICE.html">Mga sertipiko ng aparato</target>
   </keywords>
   <keywords>
      <text FeatureID="-1">mga personal na sertipiko</text>
      <target FeatureID="-1" href="CM_HLP_PERSONAL.html">Mga personal na sertipiko</target>
   </keywords>
   <keywords>
      <text FeatureID="-1">mga sertipiko ng pinagkakatiwalaang site</text>
      <target FeatureID="-1" href="CM_HLP_TRUSTED_SITE.html">Mga sertipiko ng pinagkakatiwalaang site</target>
   </keywords>
   <keywords>
      <text FeatureID="-1">mga setting ng trust</text>
      <target FeatureID="-1" href="CM_HLP_TRUST_SETTINGS.html">Mag-edit ng mga setting ng trust</target>
   </keywords>
</keywords>