<?xml version="1.0" encoding="UTF-8"?>
<keywords>
   <keywords>
      <text FeatureID="-1">skráastjórnun</text>
      <target FeatureID="-1" href="FMGR_HLP_MEM_STORE_VIEW.html">Unnið með skrár</target>
      <target FeatureID="-1" href="FMGR_HLP_MAIN_VIEW.html">Skráastjórnun</target>
      <target FeatureID="-1" href="FMGR_HLP_BACKUP_VIEW.html">Öryggisafrit</target>
   </keywords>
   <keywords>
      <text FeatureID="-1">minniskort</text>
      <target FeatureID="-1" href="FMGR_HLP_MEM_STORE_VIEW.html">Unnið með skrár</target>
      <target FeatureID="-1" href="FMGR_HLP_MAIN_VIEW.html">Skráastjórnun</target>
      <target FeatureID="-1" href="FMGR_HLP_BACKUP_VIEW.html">Öryggisafrit</target>
   </keywords>
   <keywords>
      <text FeatureID="-1">Skráastjórnun</text>
      <target FeatureID="-1" href="FMGR_HLP_SEARCH_RESULTS.html">Skráarleit</target>
   </keywords>
   <keywords>
      <text FeatureID="-1">leita að skrám</text>
      <target FeatureID="-1" href="FMGR_HLP_SEARCH_RESULTS.html">Skráarleit</target>
   </keywords>
   <keywords>
      <text FeatureID="-1">leitað að möppum</text>
      <target FeatureID="-1" href="FMGR_HLP_SEARCH_RESULTS.html">Skráarleit</target>
   </keywords>
   <keywords>
      <text FeatureID="-1">afrit</text>
      <target FeatureID="-1" href="FMGR_HLP_BACKUP_VIEW.html">Öryggisafrit</target>
   </keywords>
</keywords>