<?xml version="1.0" encoding="UTF-8"?>
<keywords>
   <keywords>
      <text FeatureID="-1">הודעות שידור מקומי למנויים</text>
      <target FeatureID="-1" href="CBS_HLP_TOPIC_VIEW.html">הודעות שידור מקומי למנויים</target>
      <target FeatureID="-1" href="CBS_HLP_MAIN.html">נושאי שידור מקומי למנויים</target>
      <target FeatureID="-1" href="CBS_HLP_MSG.html">הצגת הודעות שידור מקומי למנויים</target>
   </keywords>
   <keywords>
      <text FeatureID="-1">נושאי שידור מקומי למנויים</text>
      <target FeatureID="-1" href="CBS_HLP_MAIN.html">נושאי שידור מקומי למנויים</target>
   </keywords>
</keywords>