<?xml version="1.0" encoding="UTF-8"?><?xml-stylesheet  href="../../theme/xsl/index2html.xslt" type="text/xsl"?>
<topics FeatureID="-1" title="Meldinger" compressed="true">
   <topicref FeatureID="-1" href="MCE_HLP_MESSAGING.html" navtitle="Meldingssentral"/>
   <topicref FeatureID="-1" href="MCE_HLP_SIM.html" navtitle="Vise SIM-meldinger"/>
   <topicref FeatureID="-1" href="MCE_HLP_SETTINGS.html" navtitle="Meldingsinnstillinger"/>
   <topicref FeatureID="-1" href="MCE_HLP_SETTINGS_SMS.html" navtitle="SMS-innstillinger"/>
   <topicref FeatureID="-1" href="SMS_HLP_SETTINGS_SCENTRES.html" navtitle="SMS-sentral, innst."/>
   <topicref FeatureID="-1" href="SMS_HLP_SETTINGS_SCENTRES_EDIT.html" navtitle="Redigere tekstmeldingssentraler"/>
   <topicref FeatureID="true_1092" href="SMS_HLP_SETTINGS_SMS_EMAIL.html" navtitle="SMS-e-post, innst."/>
   <topicref FeatureID="-1" href="MCE_HLP_SETTINGS_MMS.html" navtitle="MMS-innst."/>
   <topicref FeatureID="true_1090" href="MCE_HLP_SETTINGS_CB.html" navtitle="CBS-innstillinger"/>
   <topicref FeatureID="-1" href="MCE_HLP_SETTINGS_GEN.html" navtitle="Andre innstillinger"/>
   <topicref FeatureID="-1" href="MCE_HLP_INBOX.html" navtitle="Innboks"/>
   <topicref FeatureID="-1" href="MCE_HLP_DOCUMENTS.html" navtitle="Mine mapper"/>
   <topicref FeatureID="-1" href="MCE_HLP_TEMPLATES.html" navtitle="Meldingsmaler"/>
   <topicref FeatureID="-1" href="MCE_HLP_FOLDER.html" navtitle="Organisere meld."/>
   <topicref FeatureID="-1" href="MCE_HLP_DRAFTS.html" navtitle="Kladd"/>
   <topicref FeatureID="-1" href="MCE_HLP_SENT_ITEMS.html" navtitle="Sendte meldinger"/>
   <topicref FeatureID="-1" href="MCE_HLP_OUTBOX.html" navtitle="Utboks"/>
   <topicref FeatureID="-1" href="MCE_HLP_DELIVERY_REPORTS.html" navtitle="Leveringsrapporter"/>
   <topicref FeatureID="true_1132" href="MCE_HLP_MMS_NOTIFICATIONS.html" navtitle="MMS-varslinger"/>
   <topicref FeatureID="-1" href="FIND_HLP.html" navtitle="Søke etter numre/adresser"/>
</topics>