<?xml version="1.0" encoding="UTF-8"?>
<keywords>
   <keywords>
      <text FeatureID="-1">sende meldinger</text>
      <target FeatureID="-1" href="MCE_HLP_MESSAGING.html">Meldingssentral</target>
      <target FeatureID="-1" href="MCE_HLP_OUTBOX.html">Utboks</target>
   </keywords>
   <keywords>
      <text FeatureID="-1">motta meldinger</text>
      <target FeatureID="-1" href="MCE_HLP_MESSAGING.html">Meldingssentral</target>
      <target FeatureID="-1" href="MCE_HLP_INBOX.html">Innboks</target>
   </keywords>
   <keywords>
      <text FeatureID="-1">SIM-meldinger</text>
      <target FeatureID="-1" href="MCE_HLP_SIM.html">Vise SIM-meldinger</target>
   </keywords>
   <keywords>
      <text FeatureID="-1">meldinger på SIM-kort</text>
      <target FeatureID="-1" href="MCE_HLP_SIM.html">Vise SIM-meldinger</target>
   </keywords>
   <keywords>
      <text FeatureID="-1">meldings­innstillinger</text>
      <target FeatureID="-1" href="MCE_HLP_SETTINGS.html">Meldingsinnstillinger</target>
      <target FeatureID="-1" href="MCE_HLP_SETTINGS_GEN.html">Andre innstillinger</target>
   </keywords>
   <keywords>
      <text FeatureID="-1">SMS-innstillinger</text>
      <target FeatureID="-1" href="MCE_HLP_SETTINGS_SMS.html">SMS-innstillinger</target>
      <target FeatureID="-1" href="MCE_HLP_SETTINGS_SMS.html">SMS-innstillinger</target>
      <target FeatureID="-1" href="SMS_HLP_SETTINGS_SCENTRES.html">SMS-sentral, innst.</target>
      <target FeatureID="-1" href="SMS_HLP_SETTINGS_SCENTRES_EDIT.html">Redigere tekstmeldingssentraler</target>
   </keywords>
   <keywords>
      <text FeatureID="-1">innstill. for meld.sentral</text>
      <target FeatureID="-1" href="SMS_HLP_SETTINGS_SCENTRES.html">SMS-sentral, innst.</target>
      <target FeatureID="-1" href="SMS_HLP_SETTINGS_SCENTRES_EDIT.html">Redigere tekstmeldingssentraler</target>
   </keywords>
   <keywords>
      <text FeatureID="-1">SMS-sentral, innstillinger</text>
      <target FeatureID="-1" href="SMS_HLP_SETTINGS_SCENTRES.html">SMS-sentral, innst.</target>
   </keywords>
   <keywords>
      <text FeatureID="true_1092">tekstmelding via e-post</text>
      <target FeatureID="true_1092" href="SMS_HLP_SETTINGS_SMS_EMAIL.html">SMS-e-post, innst.</target>
   </keywords>
   <keywords>
      <text FeatureID="true_1092">sms via e-post, innstill.</text>
      <target FeatureID="true_1092" href="SMS_HLP_SETTINGS_SMS_EMAIL.html">SMS-e-post, innst.</target>
   </keywords>
   <keywords>
      <text FeatureID="-1">MMS-innstillinger</text>
      <target FeatureID="-1" href="MCE_HLP_SETTINGS_MMS.html">MMS-innst.</target>
   </keywords>
   <keywords>
      <text FeatureID="true_1090">CBS-innstillinger</text>
      <target FeatureID="true_1090" href="MCE_HLP_SETTINGS_CB.html">CBS-innstillinger</target>
   </keywords>
   <keywords>
      <text FeatureID="-1">innboks</text>
      <target FeatureID="-1" href="MCE_HLP_INBOX.html">Innboks</target>
   </keywords>
   <keywords>
      <text FeatureID="-1">mine mapper</text>
      <target FeatureID="-1" href="MCE_HLP_DOCUMENTS.html">Mine mapper</target>
   </keywords>
   <keywords>
      <text FeatureID="-1">lagre meldinger</text>
      <target FeatureID="-1" href="MCE_HLP_DOCUMENTS.html">Mine mapper</target>
   </keywords>
   <keywords>
      <text FeatureID="-1">sende maler</text>
      <target FeatureID="-1" href="MCE_HLP_TEMPLATES.html">Meldingsmaler</target>
   </keywords>
   <keywords>
      <text FeatureID="-1">meldings­maler</text>
      <target FeatureID="-1" href="MCE_HLP_TEMPLATES.html">Meldingsmaler</target>
   </keywords>
   <keywords>
      <text FeatureID="-1">organisere meldinger</text>
      <target FeatureID="-1" href="MCE_HLP_FOLDER.html">Organisere meld.</target>
   </keywords>
   <keywords>
      <text FeatureID="-1">lagre kladd-meldinger</text>
      <target FeatureID="-1" href="MCE_HLP_DRAFTS.html">Kladd</target>
   </keywords>
   <keywords>
      <text FeatureID="-1">kladd­meldinger</text>
      <target FeatureID="-1" href="MCE_HLP_DRAFTS.html">Kladd</target>
   </keywords>
   <keywords>
      <text FeatureID="-1">sendte meldinger</text>
      <target FeatureID="-1" href="MCE_HLP_SENT_ITEMS.html">Sendte meldinger</target>
   </keywords>
   <keywords>
      <text FeatureID="-1">vise utboks</text>
      <target FeatureID="-1" href="MCE_HLP_OUTBOX.html">Utboks</target>
   </keywords>
   <keywords>
      <text FeatureID="-1">leverings­rapporter</text>
      <target FeatureID="-1" href="MCE_HLP_DELIVERY_REPORTS.html">Leveringsrapporter</target>
   </keywords>
   <keywords>
      <text FeatureID="true_1132">MMS-varslinger</text>
      <target FeatureID="true_1132" href="MCE_HLP_MMS_NOTIFICATIONS.html">MMS-varslinger</target>
   </keywords>
</keywords>