<?xml version="1.0" encoding="UTF-8"?>
<keywords>
   <keywords>
      <text FeatureID="-1">synkronisering</text>
      <target FeatureID="-1" href="OTASYNCBU_HLP_MAIN.html">Ovi-synkronisering</target>
   </keywords>
   <keywords>
      <text FeatureID="-1">Ovi-synkronisering</text>
      <target FeatureID="-1" href="OTASYNCBU_HLP_MAIN.html">Ovi-synkronisering</target>
      <target FeatureID="-1" href="OTASYNCBU_HLP_SETTINGS.html">Innstillinger for Ovi-synkronisering</target>
   </keywords>
</keywords>