<?xml version="1.0" encoding="UTF-8"?><?xml-stylesheet  href="../../theme/xsl/index2html.xslt" type="text/xsl"?>
<topics FeatureID="-1" title="Telefonbok" compressed="true">
   <topicref FeatureID="-1" href="HLP_CCA_DETAILS.html" navtitle="Kontaktinformation"/>
   <topicref FeatureID="-1" href="HLP_CCA_LAUNCHER.html" navtitle="Kontaktkort"/>
   <topicref FeatureID="-1" href="PHOB_HLP_GROUP_LIST.html" navtitle="Kontaktgrupper"/>
   <topicref FeatureID="-1" href="PHOB_HLP_SIM_LIST.html" navtitle="SIM-kontaktkatalog"/>
   <topicref FeatureID="-1" href="PHOB_HLP_MY_NUMBERS.html" navtitle="Mina nummer"/>
   <topicref FeatureID="-1" href="PHOB_HLP_GROUP_MEMBER_LIST.html" navtitle="Gruppmedlemmar"/>
   <topicref FeatureID="-1" href="PHOB_HLP_SETTINGS.html" navtitle="Kontaktinställningar"/>
   <topicref FeatureID="-1" href="PHOB_HLP_NAME_LIST.html" navtitle="Kontaktlista"/>
   <topicref FeatureID="-1" href="HLP_CCA_MY_CARD.html" navtitle="Mitt kort"/>
   <topicref FeatureID="-1" href="RLOOK_HLP_INFO_VIEW.html" navtitle="Hantera den hittade kontakten"/>
   <topicref FeatureID="-1" href="HLP_CCA_EDITOR.html" navtitle="Ändra i kontaktkort"/>
   <topicref FeatureID="-1" href="PHOB_HLP_CONTACT_INFO_VIEW.html" navtitle="Kontaktkort"/>
   <topicref FeatureID="-1" href="PHOB_HLP_EDIT_ENTRY.html" navtitle="Ändra i kontaktkort"/>
   <topicref FeatureID="-1" href="FDN_HLP_FDN_NUMBER_VIEW.html" navtitle="Nummerbegränsade kontakter"/>
   <topicref FeatureID="-1" href="FDN_HLP_FDN_VIEW.html" navtitle="Nummerbegränsning"/>
   <topicref FeatureID="-1" href="SDN_HLP_APP.html" navtitle="Servicenummer"/>
   <topicref FeatureID="-1" href="PHOB_HLP_SIM_INFO_VIEW.html" navtitle="Sim-kontaktkort"/>
</topics>