<?xml version="1.0" encoding="UTF-8"?>
<keywords>
   <keywords>
      <text FeatureID="-1">contact groups</text>
      <target FeatureID="-1" href="PHOB_HLP_GROUP_LIST.html">Contact groups</target>
   </keywords>
   <keywords>
      <text FeatureID="-1">SIM-kontakter</text>
      <target FeatureID="-1" href="PHOB_HLP_SIM_LIST.html">SIM-kontaktkatalog</target>
      <target FeatureID="-1" href="PHOB_HLP_SIM_INFO_VIEW.html">Sim-kontaktkort</target>
   </keywords>
   <keywords>
      <text FeatureID="-1">SIM-nummer</text>
      <target FeatureID="-1" href="PHOB_HLP_MY_NUMBERS.html">Mina nummer</target>
   </keywords>
   <keywords>
      <text FeatureID="-1">kontaktgrupper</text>
      <target FeatureID="-1" href="PHOB_HLP_GROUP_MEMBER_LIST.html">Gruppmedlemmar</target>
   </keywords>
   <keywords>
      <text FeatureID="-1">namnordning i Kontakter</text>
      <target FeatureID="-1" href="PHOB_HLP_SETTINGS.html">Kontaktinställningar</target>
   </keywords>
   <keywords>
      <text FeatureID="-1">kontaktminne</text>
      <target FeatureID="-1" href="PHOB_HLP_SETTINGS.html">Kontaktinställningar</target>
   </keywords>
   <keywords>
      <text FeatureID="-1">standardminne</text>
      <target FeatureID="-1" href="PHOB_HLP_SETTINGS.html">Kontaktinställningar</target>
   </keywords>
   <keywords>
      <text FeatureID="-1">kontakter</text>
      <target FeatureID="-1" href="PHOB_HLP_NAME_LIST.html">Kontaktlista</target>
      <target FeatureID="-1" href="RLOOK_HLP_INFO_VIEW.html">Hantera den hittade kontakten</target>
   </keywords>
   <keywords>
      <text FeatureID="-1">kontaktinformation</text>
      <target FeatureID="-1" href="PHOB_HLP_NAME_LIST.html">Kontaktlista</target>
   </keywords>
   <keywords>
      <text FeatureID="-1">telefonbok</text>
      <target FeatureID="-1" href="PHOB_HLP_NAME_LIST.html">Kontaktlista</target>
   </keywords>
   <keywords>
      <text FeatureID="-1">kontaktkort</text>
      <target FeatureID="-1" href="PHOB_HLP_CONTACT_INFO_VIEW.html">Kontaktkort</target>
      <target FeatureID="-1" href="PHOB_HLP_EDIT_ENTRY.html">Ändra i kontaktkort</target>
   </keywords>
   <keywords>
      <text FeatureID="-1">telefonbokposter</text>
      <target FeatureID="-1" href="PHOB_HLP_CONTACT_INFO_VIEW.html">Kontaktkort</target>
   </keywords>
   <keywords>
      <text FeatureID="-1">nummerbegränsning</text>
      <target FeatureID="-1" href="FDN_HLP_FDN_NUMBER_VIEW.html">Nummerbegränsade kontakter</target>
      <target FeatureID="-1" href="FDN_HLP_FDN_VIEW.html">Nummerbegränsning</target>
   </keywords>
   <keywords>
      <text FeatureID="-1">samtalsbegränsning</text>
      <target FeatureID="-1" href="FDN_HLP_FDN_VIEW.html">Nummerbegränsning</target>
   </keywords>
   <keywords>
      <text FeatureID="-1">servicenummer</text>
      <target FeatureID="-1" href="SDN_HLP_APP.html">Servicenummer</target>
   </keywords>
   <keywords>
      <text FeatureID="-1">SIM-kort, servicenr</text>
      <target FeatureID="-1" href="SDN_HLP_APP.html">Servicenummer</target>
   </keywords>
   <keywords>
      <text FeatureID="-1">servicenummer på SIM</text>
      <target FeatureID="-1" href="SDN_HLP_APP.html">Servicenummer</target>
   </keywords>
   <keywords>
      <text FeatureID="-1">SIM-kort</text>
      <target FeatureID="-1" href="PHOB_HLP_SIM_INFO_VIEW.html">Sim-kontaktkort</target>
   </keywords>
</keywords>