<?xml version="1.0" encoding="UTF-8"?>
<keywords>
   <keywords>
      <text FeatureID="-1">nummerbegränsning</text>
      <target FeatureID="-1" href="FDN_HLP_FDN_NUM_EDIT_VIEW.html">Redigera kontakter</target>
      <target FeatureID="-1" href="FDN_HLP_FDN_NUMBER_VIEW.html">Nummerbegränsade kontakter</target>
      <target FeatureID="-1" href="FDN_HLP_FDN_VIEW.html">Nummerbegränsning</target>
   </keywords>
   <keywords>
      <text FeatureID="-1">samtalsbegränsning</text>
      <target FeatureID="-1" href="FDN_HLP_FDN_VIEW.html">Nummerbegränsning</target>
   </keywords>
   <keywords>
      <text FeatureID="-1">servicenummer</text>
      <target FeatureID="-1" href="SDN_HLP_APP.html">Servicenummer</target>
   </keywords>
   <keywords>
      <text FeatureID="-1">SIM-kort, servicenr</text>
      <target FeatureID="-1" href="SDN_HLP_APP.html">Servicenummer</target>
   </keywords>
   <keywords>
      <text FeatureID="-1">servicenummer på SIM</text>
      <target FeatureID="-1" href="SDN_HLP_APP.html">Servicenummer</target>
   </keywords>
   <keywords>
      <text FeatureID="-1">kontaktgrupper</text>
      <target FeatureID="-1" href="PHOB_HLP_GROUP_LIST.html">Kontaktgrupper</target>
      <target FeatureID="-1" href="PHOB_HLP_GROUP_MEMBER_LIST.html">Gruppmedlemmar</target>
   </keywords>
   <keywords>
      <text FeatureID="-1">SIM-kontakter</text>
      <target FeatureID="-1" href="PHOB_HLP_SIM_LIST.html">SIM-kontaktkatalogen</target>
   </keywords>
   <keywords>
      <text FeatureID="-1">SIM-nummer</text>
      <target FeatureID="-1" href="PHOB_HLP_MY_NUMBERS.html">Mina nummer</target>
   </keywords>
   <keywords>
      <text FeatureID="-1">namnordning i Kontakter</text>
      <target FeatureID="-1" href="PHOB_HLP_SETTINGS.html">Kontaktinställningar</target>
   </keywords>
   <keywords>
      <text FeatureID="-1">kontaktminne</text>
      <target FeatureID="-1" href="PHOB_HLP_SETTINGS.html">Kontaktinställningar</target>
   </keywords>
   <keywords>
      <text FeatureID="-1">standardminne</text>
      <target FeatureID="-1" href="PHOB_HLP_SETTINGS.html">Kontaktinställningar</target>
   </keywords>
   <keywords>
      <text FeatureID="-1">kontaktkatalogen</text>
      <target FeatureID="-1" href="PHOB_HLP_NAME_LIST.html">Katalogen Kontakter</target>
   </keywords>
   <keywords>
      <text FeatureID="-1">kontaktinformation</text>
      <target FeatureID="-1" href="PHOB_HLP_NAME_LIST.html">Katalogen Kontakter</target>
   </keywords>
   <keywords>
      <text FeatureID="-1">telefonbok</text>
      <target FeatureID="-1" href="PHOB_HLP_NAME_LIST.html">Katalogen Kontakter</target>
   </keywords>
</keywords>