<?xml version="1.0" encoding="UTF-8"?><?xml-stylesheet  href="../../theme/xsl/index2html.xslt" type="text/xsl"?>
<topics FeatureID="-1" title="Камера" compressed="true">
   <topicref FeatureID="-1" href="LCAM_HLP_VIEWFINDER_PHOTO.html" navtitle="Заснемане на изображения"/>
   <topicref FeatureID="-1" href="LCAM_HLP_LIGHT_SENSITIVITY.html" navtitle="Промяна на светлочувствителност"/>
   <topicref FeatureID="-1" href="LCAM_HLP_SETTINGS_PHOUSER.html" navtitle="Задаване на сцени"/>
   <topicref FeatureID="-1" href="LCAM_HLP_SCENES_PHOTO.html" navtitle="Сцени за снимки"/>
   <topicref FeatureID="-1" href="LCAM_HLP_SETTINGS.html" navtitle="Настройки на камерата"/>
   <topicref FeatureID="-1" href="LCAM_HLP_SETTINGS_PHOTO.html" navtitle="Настройки за изображения"/>
   <topicref FeatureID="-1" href="LCAM_HLP_VIEWFINDER_VIDEO.html" navtitle="Запис на видеоклипове"/>
   <topicref FeatureID="-1" href="LCAM_HLP_SCENES_VIDEO.html" navtitle="Видео сцени"/>
   <topicref FeatureID="-1" href="LCAM_HLP_SETTINGS_VIDEO.html" navtitle="Настройки за видео"/>
   <topicref FeatureID="-1" href="LCAM_HLP_VIEWFINDER_VIDEO_EM.html" navtitle="Видеоклипове в приложения"/>
   <topicref FeatureID="-1" href="LCAM_HLP_STANDBY_EM.html" navtitle="Камерата не е активна"/>
   <topicref FeatureID="-1" href="LCAM_HLP_POST_VIDEO.html" navtitle="Изпълняване на видеоклипове"/>
   <topicref FeatureID="-1" href="LCAM_HLP_VIEWFINDER_PHOTO_EM.html" navtitle="Изображения в приложенията"/>
   <topicref FeatureID="-1" href="LCAM_HLP_POST_PHOTO.html" navtitle="Преглед на заснети изображения"/>
</topics>