<?xml version="1.0" encoding="UTF-8"?>
<keywords>
   <keywords>
      <text FeatureID="-1">камера</text>
      <target FeatureID="-1" href="LCAM_HLP_VIEWFINDER_PHOTO.html">Заснемане на изображения</target>
      <target FeatureID="-1" href="LCAM_HLP_LIGHT_SENSITIVITY.html">Промяна на светлочувствителност</target>
      <target FeatureID="-1" href="LCAM_HLP_SETTINGS_PHOUSER.html">Задаване на сцени</target>
      <target FeatureID="-1" href="LCAM_HLP_SCENES_PHOTO.html">Сцени за снимки</target>
      <target FeatureID="-1" href="LCAM_HLP_VIEWFINDER_VIDEO.html">Запис на видеоклипове</target>
      <target FeatureID="-1" href="LCAM_HLP_SCENES_VIDEO.html">Видео сцени</target>
      <target FeatureID="-1" href="LCAM_HLP_VIEWFINDER_VIDEO_EM.html">Видеоклипове в приложения</target>
      <target FeatureID="-1" href="LCAM_HLP_STANDBY_EM.html">Камерата не е активна</target>
      <target FeatureID="-1" href="LCAM_HLP_POST_VIDEO.html">Изпълняване на видеоклипове</target>
      <target FeatureID="-1" href="LCAM_HLP_POST_PHOTO.html">Преглед на заснети изображения</target>
   </keywords>
   <keywords>
      <text FeatureID="-1">заснемане на изображения</text>
      <target FeatureID="-1" href="LCAM_HLP_VIEWFINDER_PHOTO.html">Заснемане на изображения</target>
   </keywords>
   <keywords>
      <text FeatureID="-1">светлочувствителност</text>
      <target FeatureID="-1" href="LCAM_HLP_LIGHT_SENSITIVITY.html">Промяна на светлочувствителност</target>
   </keywords>
   <keywords>
      <text FeatureID="-1">сцени</text>
      <target FeatureID="-1" href="LCAM_HLP_SETTINGS_PHOUSER.html">Задаване на сцени</target>
      <target FeatureID="-1" href="LCAM_HLP_SCENES_PHOTO.html">Сцени за снимки</target>
   </keywords>
   <keywords>
      <text FeatureID="-1">настройки на камерата</text>
      <target FeatureID="-1" href="LCAM_HLP_SETTINGS.html">Настройки на камерата</target>
   </keywords>
   <keywords>
      <text FeatureID="-1">камера, настройки</text>
      <target FeatureID="-1" href="LCAM_HLP_SETTINGS_PHOTO.html">Настройки за изображения</target>
      <target FeatureID="-1" href="LCAM_HLP_SETTINGS_VIDEO.html">Настройки за видео</target>
   </keywords>
   <keywords>
      <text FeatureID="-1">запис на видео</text>
      <target FeatureID="-1" href="LCAM_HLP_VIEWFINDER_VIDEO.html">Запис на видеоклипове</target>
   </keywords>
   <keywords>
      <text FeatureID="-1">видео сцени</text>
      <target FeatureID="-1" href="LCAM_HLP_SCENES_VIDEO.html">Видео сцени</target>
   </keywords>
   <keywords>
      <text FeatureID="-1">видео, настройки</text>
      <target FeatureID="-1" href="LCAM_HLP_SETTINGS_VIDEO.html">Настройки за видео</target>
   </keywords>
   <keywords>
      <text FeatureID="-1">видеоклипове в приложения</text>
      <target FeatureID="-1" href="LCAM_HLP_VIEWFINDER_VIDEO_EM.html">Видеоклипове в приложения</target>
   </keywords>
   <keywords>
      <text FeatureID="-1">възпроизвеждане на видеоклипове</text>
      <target FeatureID="-1" href="LCAM_HLP_POST_VIDEO.html">Изпълняване на видеоклипове</target>
   </keywords>
   <keywords>
      <text FeatureID="-1">камера в приложения</text>
      <target FeatureID="-1" href="LCAM_HLP_VIEWFINDER_PHOTO_EM.html">Изображения в приложенията</target>
   </keywords>
   <keywords>
      <text FeatureID="-1">преглед на изображения</text>
      <target FeatureID="-1" href="LCAM_HLP_POST_PHOTO.html">Преглед на заснети изображения</target>
   </keywords>
</keywords>