<?xml version="1.0" encoding="UTF-8"?>
<keywords>
   <keywords>
      <text FeatureID="true_1637">การแก้ไขการตั้งค่าสถานะ</text>
      <target FeatureID="true_1637" href="PRE_HLP_EDIT_SET.html">การแก้ไขการตั้งค่าสถานะ</target>
   </keywords>
   <keywords>
      <text FeatureID="true_1637">การตั้งค่าสถานะ</text>
      <target FeatureID="true_1637" href="PRE_HLP_LIST_VIEW.html">การตั้งค่าสถานะ</target>
   </keywords>
</keywords>