<?xml version="1.0" encoding="UTF-8"?>
<keywords>
   <keywords>
      <text FeatureID="true_24">säkerhetsmodul</text>
      <target FeatureID="-1" href="SECMOD_HLP_ACCESSCODE_VIEW.html">Säkerhetsmodulens PIN-kod</target>
      <target FeatureID="-1" href="SECMOD_HLP_MAIN_VIEW.html">Säkerhetsmodul</target>
      <target FeatureID="-1" href="SEMOD_HLP_SIGNINGCODE_VIEW.html">Redigera signeringskod</target>
   </keywords>
   <keywords>
      <text FeatureID="true_24">PIN-kod</text>
      <target FeatureID="-1" href="SECMOD_HLP_ACCESSCODE_VIEW.html">Säkerhetsmodulens PIN-kod</target>
   </keywords>
   <keywords>
      <text FeatureID="true_24">säkerhetsmodulkoder</text>
      <target FeatureID="-1" href="SECMOD_HLP_CODE_VIEW.html">Säkerhetsmodulkoder</target>
   </keywords>
   <keywords>
      <text FeatureID="true_24">Säkerhetsmodulens PIN-kod</text>
      <target FeatureID="-1" href="SECMOD_HLP_CODE_VIEW.html">Säkerhetsmodulkoder</target>
   </keywords>
   <keywords>
      <text FeatureID="true_24">nyckellager</text>
      <target FeatureID="-1" href="SECMOD_HLP_MAIN_VIEW.html">Säkerhetsmodul</target>
   </keywords>
   <keywords>
      <text FeatureID="true_24">signeringskod</text>
      <target FeatureID="-1" href="SEMOD_HLP_SIGNINGCODE_VIEW.html">Redigera signeringskod</target>
   </keywords>
   <keywords>
      <text FeatureID="true_24">digitala signaturer</text>
      <target FeatureID="-1" href="SEMOD_HLP_SIGNINGCODE_VIEW.html">Redigera signeringskod</target>
   </keywords>
</keywords>