<?xml version="1.0" encoding="UTF-8"?>
<keywords>
   <keywords>
      <text FeatureID="-1">järjehoidjad</text>
      <target FeatureID="-1" href="OSS_HLP_BM_ADDBM.html">Järjehoidjate lisamine</target>
      <target FeatureID="-1" href="OSS_HLP_BM_EDIT.html">Järjehoidjate muutmine</target>
   </keywords>
   <keywords>
      <text FeatureID="-1">brauseri järjehoidjad</text>
      <target FeatureID="-1" href="OSS_HLP_BM_ADDBM.html">Järjehoidjate lisamine</target>
      <target FeatureID="-1" href="OSS_HLP_BM_MAIN.html">Järjehoidjate sirvimine</target>
      <target FeatureID="-1" href="OSS_HLP_BM_EDIT.html">Järjehoidjate muutmine</target>
   </keywords>
   <keywords>
      <text FeatureID="-1">veeb</text>
      <target FeatureID="-1" href="OSS_HLP_BM_ADDBM.html">Järjehoidjate lisamine</target>
      <target FeatureID="true_167" href="OSS_HLP_RSS_ADD.html">Veebikanalite lisamine</target>
      <target FeatureID="-1" href="OSS_HLP_PAGEVIEW.html">Veebi sirvimine</target>
      <target FeatureID="-1" href="OSS_HLP_BM_EDIT.html">Järjehoidjate muutmine</target>
      <target FeatureID="true_167" href="OSS_HLP_RSS_EDIT.html">Veebikanalite muutmine</target>
      <target FeatureID="true_167" href="OSS_HLP_RSS_ARTICLE.html">Veebikanalite artiklid</target>
      <target FeatureID="true_167" href="OSS_HLP_RSS_ARTICLELST.html">Veebikanalid</target>
      <target FeatureID="true_167" href="OSS_HLP_RSS_MAIN.html">Veebikanalid ja ajaveebid</target>
   </keywords>
   <keywords>
      <text FeatureID="true_167">kanalid</text>
      <target FeatureID="true_167" href="OSS_HLP_RSS_ADD.html">Veebikanalite lisamine</target>
      <target FeatureID="true_167" href="OSS_HLP_RSS_EDIT.html">Veebikanalite muutmine</target>
      <target FeatureID="true_167" href="OSS_HLP_RSS_ARTICLE.html">Veebikanalite artiklid</target>
      <target FeatureID="true_167" href="OSS_HLP_RSS_ARTICLELST.html">Veebikanalid</target>
      <target FeatureID="true_167" href="OSS_HLP_RSS_MAIN.html">Veebikanalid ja ajaveebid</target>
   </keywords>
   <keywords>
      <text FeatureID="true_167">RSS-kanalid</text>
      <target FeatureID="true_167" href="OSS_HLP_RSS_ADD.html">Veebikanalite lisamine</target>
      <target FeatureID="true_167" href="OSS_HLP_RSS_EDIT.html">Veebikanalite muutmine</target>
      <target FeatureID="true_167" href="OSS_HLP_RSS_ARTICLE.html">Veebikanalite artiklid</target>
      <target FeatureID="true_167" href="OSS_HLP_RSS_ARTICLELST.html">Veebikanalid</target>
      <target FeatureID="true_167" href="OSS_HLP_RSS_MAIN.html">Veebikanalid ja ajaveebid</target>
   </keywords>
   <keywords>
      <text FeatureID="true_167">uudised ja ajaveebid</text>
      <target FeatureID="true_167" href="OSS_HLP_RSS_ADD.html">Veebikanalite lisamine</target>
      <target FeatureID="true_167" href="OSS_HLP_RSS_EDIT.html">Veebikanalite muutmine</target>
      <target FeatureID="true_167" href="OSS_HLP_RSS_ARTICLE.html">Veebikanalite artiklid</target>
      <target FeatureID="true_167" href="OSS_HLP_RSS_ARTICLELST.html">Veebikanalid</target>
      <target FeatureID="true_167" href="OSS_HLP_RSS_MAIN.html">Veebikanalid ja ajaveebid</target>
   </keywords>
   <keywords>
      <text FeatureID="true_167">ajaveebid</text>
      <target FeatureID="true_167" href="OSS_HLP_RSS_ADD.html">Veebikanalite lisamine</target>
      <target FeatureID="true_167" href="OSS_HLP_RSS_EDIT.html">Veebikanalite muutmine</target>
      <target FeatureID="true_167" href="OSS_HLP_RSS_ARTICLE.html">Veebikanalite artiklid</target>
      <target FeatureID="true_167" href="OSS_HLP_RSS_ARTICLELST.html">Veebikanalid</target>
      <target FeatureID="true_167" href="OSS_HLP_RSS_MAIN.html">Veebikanalid ja ajaveebid</target>
   </keywords>
   <keywords>
      <text FeatureID="-1">lehtede sirvimine</text>
      <target FeatureID="-1" href="OSS_HLP_PAGEVIEW.html">Veebi sirvimine</target>
   </keywords>
   <keywords>
      <text FeatureID="-1">järjehoidjate avamine</text>
      <target FeatureID="-1" href="OSS_HLP_BM_MAIN.html">Järjehoidjate sirvimine</target>
   </keywords>
   <keywords>
      <text FeatureID="-1">brauseriseaded</text>
      <target FeatureID="-1" href="OSS_HLP_SETTINGS_GENERAL.html">Üldseaded</target>
      <target FeatureID="-1" href="OSS_HLP_SETTINGS_PAGE.html">Leheseaded</target>
      <target FeatureID="-1" href="OSS_HLP_SETTINGS_PRIVACY.html">Privaatsusseaded</target>
      <target FeatureID="-1" href="OSS_HLP_SETTINGS_FOLDERS.html">Veebiseaded</target>
   </keywords>
   <keywords>
      <text FeatureID="-1">veebiseaded</text>
      <target FeatureID="-1" href="OSS_HLP_SETTINGS_GENERAL.html">Üldseaded</target>
      <target FeatureID="-1" href="OSS_HLP_SETTINGS_PAGE.html">Leheseaded</target>
      <target FeatureID="-1" href="OSS_HLP_SETTINGS_PRIVACY.html">Privaatsusseaded</target>
      <target FeatureID="true_167" href="OSS_HLP_SETTINGS_RSS.html">Veebikanalite seaded</target>
      <target FeatureID="-1" href="OSS_HLP_SETTINGS_FOLDERS.html">Veebiseaded</target>
      <target FeatureID="false_410" href="OSS_HLP_SHORTCUTS.html">Tööriistariba otseteed</target>
      <target FeatureID="false_410" href="OSS_HLP_KEYPAD.html">Klahvistiku kiirklahvid</target>
   </keywords>
   <keywords>
      <text FeatureID="-1">veebi jaoks häälestamine</text>
      <target FeatureID="-1" href="OSS_HLP_SETTINGS_PAGE.html">Leheseaded</target>
      <target FeatureID="-1" href="OSS_HLP_SETTINGS_FOLDERS.html">Veebiseaded</target>
   </keywords>
   <keywords>
      <text FeatureID="-1">privaatsusseaded</text>
      <target FeatureID="-1" href="OSS_HLP_SETTINGS_PRIVACY.html">Privaatsusseaded</target>
   </keywords>
   <keywords>
      <text FeatureID="true_167">veebi kasutamiseks valmistumine</text>
      <target FeatureID="true_167" href="OSS_HLP_SETTINGS_RSS.html">Veebikanalite seaded</target>
   </keywords>
   <keywords>
      <text FeatureID="true_167 false_410">brauseri seaded</text>
      <target FeatureID="true_167" href="OSS_HLP_SETTINGS_RSS.html">Veebikanalite seaded</target>
      <target FeatureID="false_410" href="OSS_HLP_SHORTCUTS.html">Tööriistariba otseteed</target>
      <target FeatureID="false_410" href="OSS_HLP_KEYPAD.html">Klahvistiku kiirklahvid</target>
   </keywords>
   <keywords>
      <text FeatureID="-1">kindla lehe avamine</text>
      <target FeatureID="-1" href="OSS_HLP_PAGEVIEW_EMBED.html">Veeb rakendustes</target>
   </keywords>
   <keywords>
      <text FeatureID="-1">veeb rakendustes</text>
      <target FeatureID="-1" href="OSS_HLP_PAGEVIEW_EMBED.html">Veeb rakendustes</target>
   </keywords>
</keywords>