<?xml version="1.0" encoding="UTF-8"?>
<keywords>
   <keywords>
      <text FeatureID="-1">إعادة إرسال الرسائل</text>
      <target FeatureID="-1" href="MMS_HLP_MMS_FWD_REQUEST.html">إعادة إرسال رسائل الوسائط</target>
   </keywords>
   <keywords>
      <text FeatureID="-1">رسائل وسائط متعددة</text>
      <target FeatureID="-1" href="MMS_HLP_MMS_FWD_REQUEST_SEND.html">طلب إعادة إرسال في العناصر المرسلة</target>
   </keywords>
   <keywords>
      <text FeatureID="-1">إشعارات الوسائط المتعددة</text>
      <target FeatureID="-1" href="MMS_HLP_NOTIFICATION_VIEWER.html">إشعارات الوسائط المتعددة</target>
   </keywords>
   <keywords>
      <text FeatureID="-1">كائنات وسائط</text>
      <target FeatureID="-1" href="MMS_HLP_OBJECTS_VIEW_VIEWER.html">عرض كائنات الوسائط</target>
   </keywords>
   <keywords>
      <text FeatureID="-1">كائنات وسائط متعددة</text>
      <target FeatureID="-1" href="MMS_HLP_OBJECTS_VIEW_VIEWER.html">عرض كائنات الوسائط</target>
   </keywords>
   <keywords>
      <text FeatureID="-1">رسائل الوسائط المتعددة</text>
      <target FeatureID="-1" href="MMS_HLP_MMS_VIEWER.html">عرض رسائل الوسائط المتعددة</target>
   </keywords>
   <keywords>
      <text FeatureID="-1">رسائل MMS</text>
      <target FeatureID="-1" href="MMS_HLP_MMS_VIEWER.html">عرض رسائل الوسائط المتعددة</target>
   </keywords>
</keywords>