<?xml version="1.0" encoding="UTF-8"?>
<keywords>
   <keywords>
      <text FeatureID="-1">модул за защита</text>
      <target FeatureID="-1" href="SECMOD_HLP_ACCESSCODE_VIEW.html">ПИН код на модул за защита</target>
      <target FeatureID="-1" href="SECMOD_HLP_MAIN_VIEW.html">Модул за защита</target>
      <target FeatureID="-1" href="SEMOD_HLP_SIGNINGCODE_VIEW.html">Редактиране на код за подпис</target>
   </keywords>
   <keywords>
      <text FeatureID="-1">ПИН код</text>
      <target FeatureID="-1" href="SECMOD_HLP_ACCESSCODE_VIEW.html">ПИН код на модул за защита</target>
   </keywords>
   <keywords>
      <text FeatureID="-1">кодове на модули за защита</text>
      <target FeatureID="-1" href="SECMOD_HLP_CODE_VIEW.html">Кодове на модули за защита</target>
   </keywords>
   <keywords>
      <text FeatureID="-1">ПИН код за модул за защита</text>
      <target FeatureID="-1" href="SECMOD_HLP_CODE_VIEW.html">Кодове на модули за защита</target>
   </keywords>
   <keywords>
      <text FeatureID="-1">хранилище на ключове</text>
      <target FeatureID="-1" href="SECMOD_HLP_MAIN_VIEW.html">Модул за защита</target>
   </keywords>
   <keywords>
      <text FeatureID="-1">код за подпис</text>
      <target FeatureID="-1" href="SEMOD_HLP_SIGNINGCODE_VIEW.html">Редактиране на код за подпис</target>
   </keywords>
   <keywords>
      <text FeatureID="-1">цифрови подписи</text>
      <target FeatureID="-1" href="SEMOD_HLP_SIGNINGCODE_VIEW.html">Редактиране на код за подпис</target>
   </keywords>
</keywords>