<?xml version="1.0" encoding="UTF-8"?>
<keywords>
   <keywords>
      <text FeatureID="-1">synchronizacja</text>
      <target FeatureID="-1" href="OTASYNCBU_HLP_MAIN.html">Synchronizacja w Ovi</target>
   </keywords>
   <keywords>
      <text FeatureID="-1">Synchronizacja w Ovi</text>
      <target FeatureID="-1" href="OTASYNCBU_HLP_MAIN.html">Synchronizacja w Ovi</target>
      <target FeatureID="-1" href="OTASYNCBU_HLP_SETTINGS.html">Ustawienia synchronizacji w Ovi</target>
   </keywords>
</keywords>