<?xml version="1.0" encoding="UTF-8"?>
<keywords>
   <keywords>
      <text FeatureID="-1">Bluetooth</text>
      <target FeatureID="-1" href="BT_HLP_MAIN.html">Bluetooth</target>
      <target FeatureID="-1" href="BT_HLP_PAIRED.html">Wiązanie urządzeń</target>
      <target FeatureID="-1" href="BT_HLP_BLOCKED.html">Blokowanie urządzeń</target>
   </keywords>
   <keywords>
      <text FeatureID="-1">ustawienia Bluetooth</text>
      <target FeatureID="-1" href="BT_HLP_MAIN.html">Bluetooth</target>
   </keywords>
   <keywords>
      <text FeatureID="-1">tworzenie powiązań między urządzeniami</text>
      <target FeatureID="-1" href="BT_HLP_PAIRED.html">Wiązanie urządzeń</target>
   </keywords>
   <keywords>
      <text FeatureID="-1">zablokowane urządzenia</text>
      <target FeatureID="-1" href="BT_HLP_BLOCKED.html">Blokowanie urządzeń</target>
   </keywords>
   <keywords>
      <text FeatureID="true_12">klawiatura bezprzewodowa</text>
      <target FeatureID="true_12" href="BTKEYBOARD_HLP_SETTINGS.html">Klawiatura bezprzewodowa</target>
   </keywords>
</keywords>