<?xml version="1.0" encoding="UTF-8"?>
<keywords>
   <keywords>
      <text FeatureID="true_1604">text input</text>
      <target FeatureID="true_1604" href="HWR_HLP_MAIN_VIEW.html">Recun. scris de mână</target>
   </keywords>
   <keywords>
      <text FeatureID="true_1604">recunoaştere scris de mână</text>
      <target FeatureID="true_1604" href="HWR_HLP_MAIN_VIEW.html">Recun. scris de mână</target>
   </keywords>
   <keywords>
      <text FeatureID="true_1603 true_410">introducere tactilă</text>
      <target FeatureID="true_1603" href="VQWERTY_HLP_MAIN_VIEW.html">Tastatura virtuală</target>
      <target FeatureID="true_410" href="VITU_HLP_MAIN_VIEW.html">Tastatura virtuală</target>
   </keywords>
   <keywords>
      <text FeatureID="true_410">tastatura virtuală</text>
      <target FeatureID="true_410" href="VITU_HLP_MAIN_VIEW.html">Tastatura virtuală</target>
   </keywords>
</keywords>