<?xml version="1.0" encoding="UTF-8"?>
<keywords>
   <keywords>
      <text FeatureID="-1">märkmete muutmine</text>
      <target FeatureID="-1" href="NMAKE_HLP_MEMO_VIEWER_EDIT.html">Märkmete muutmine rakendustes</target>
   </keywords>
   <keywords>
      <text FeatureID="-1">märkmete vastuvõtt</text>
      <target FeatureID="-1" href="NMAKE_HLP_MEMO_VIEWER.html">Vastuvõetud märkmete vaatamine</target>
   </keywords>
   <keywords>
      <text FeatureID="-1">sõnumimallid</text>
      <target FeatureID="-1" href="NMAKE_HLP_TEMPLATE_EDITOR.html">Sõnumimallide kirjutamine</target>
   </keywords>
   <keywords>
      <text FeatureID="-1">sõnumimallide loomine</text>
      <target FeatureID="-1" href="NMAKE_HLP_TEMPLATE_EDITOR.html">Sõnumimallide kirjutamine</target>
   </keywords>
   <keywords>
      <text FeatureID="-1">sõnumimallide kirjutamine</text>
      <target FeatureID="-1" href="NMAKE_HLP_TEMPLATE_EDITOR.html">Sõnumimallide kirjutamine</target>
   </keywords>
   <keywords>
      <text FeatureID="-1">märkmete loend</text>
      <target FeatureID="-1" href="NMAKE_HLP_MEMO_LIST.html">Märkmete loend</target>
   </keywords>
   <keywords>
      <text FeatureID="-1">märkmete kirjutamine</text>
      <target FeatureID="-1" href="NMAKE_HLP_MEMO_LIST.html">Märkmete loend</target>
      <target FeatureID="-1" href="NMAKE_HLP_MEMO_EDITOR_APPS.html">Märkmete kirjutamine rakendustes</target>
      <target FeatureID="-1" href="NMAKE_HLP_MEMO_EDITOR.html">Märkmete kirjutamine</target>
   </keywords>
</keywords>