<?xml version="1.0" encoding="UTF-8"?>
<keywords>
   <keywords>
      <text FeatureID="true_1091">USSD редактор</text>
      <target FeatureID="true_1091" href="USSD_HLP_EDITOR.html">Служебни команди</target>
   </keywords>
   <keywords>
      <text FeatureID="true_1091">служебни команди</text>
      <target FeatureID="true_1091" href="USSD_HLP_EDITOR.html">Служебни команди</target>
   </keywords>
   <keywords>
      <text FeatureID="true_1091">мрежови услуги</text>
      <target FeatureID="true_1091" href="USSD_HLP_EDITOR.html">Служебни команди</target>
   </keywords>
</keywords>