<?xml version="1.0" encoding="UTF-8"?>
<keywords>
   <keywords>
      <text FeatureID="-1">czytnik wiadom., język</text>
      <target FeatureID="-1" href="SPEECH_HLP_MAIN.html">Ustawienia mowy</target>
   </keywords>
   <keywords>
      <text FeatureID="-1">czytnik wiadomości, głos</text>
      <target FeatureID="-1" href="SPEECH_HLP_MAIN.html">Ustawienia mowy</target>
   </keywords>
   <keywords>
      <text FeatureID="-1">czytnik wiadomości</text>
      <target FeatureID="-1" href="SPEECH_HLP_VOICE.html">Szczegóły głosu</target>
   </keywords>
   <keywords>
      <text FeatureID="-1">czytnik wiadomości, ustawienia</text>
      <target FeatureID="-1" href="SPEECH_HLP_MRSETTINGS.html">Ust. czytnika wiad.</target>
   </keywords>
</keywords>