<?xml version="1.0" encoding="UTF-8"?>
<keywords>
   <keywords>
      <text FeatureID="true_11008 false_11008">inscription de l'appareil</text>
      <target FeatureID="true_11008" href="DRM_HLP_REGISTRATION_METERING.html">Inscription de l'appareil</target>
      <target FeatureID="false_11008" href="DRM_HLP_REGISTRATION.html">Inscription de l'appareil</target>
   </keywords>
   <keywords>
      <text FeatureID="true_11008">Acquisition de droits directe</text>
      <target FeatureID="true_11008" href="DRM_HLP_REGISTRATION_METERING.html">Inscription de l'appareil</target>
   </keywords>
   <keywords>
      <text FeatureID="true_11008">rapports</text>
      <target FeatureID="true_11008" href="DRM_HLP_REGISTRATION_METERING.html">Inscription de l'appareil</target>
   </keywords>
</keywords>