<?xml version="1.0" encoding="UTF-8"?>
<keywords>
   <keywords>
      <text FeatureID="-1">compartir vídeo</text>
      <target FeatureID="true_208" href="MSH_HLP_LIVE.html">Compartir vídeo en directo</target>
      <target FeatureID="-1" href="MSH_HLP_CLIP.html">Compartir videoclips</target>
      <target FeatureID="-1" href="MSH_HLP_SETTINGS.html">Axustes de compartir vídeo</target>
      <target FeatureID="-1" href="MSH_HLP_RECEIVE.html">Visualización de vídeos compartidos</target>
   </keywords>
</keywords>