<?xml version="1.0" encoding="UTF-8"?>
<keywords>
   <keywords>
      <text FeatureID="-1">autoritate ziurtagiri-emaileak</text>
      <target FeatureID="-1" href="CM_HLP_AUTHORITY.html">Autoritateen ziurtagiriak</target>
   </keywords>
   <keywords>
      <text FeatureID="-1">ziurtagiriak</text>
      <target FeatureID="-1" href="CM_HLP_AUTHORITY.html">Autoritateen ziurtagiriak</target>
      <target FeatureID="-1" href="CM_HLP_DEVICE.html">Gailuaren ziurtagiriak</target>
      <target FeatureID="-1" href="CM_HLP_MAIN.html">Ziurtagirien kudeaketa</target>
      <target FeatureID="-1" href="CM_HLP_PERSONAL.html">Ziurtagiri pertsonalak</target>
      <target FeatureID="-1" href="CM_HLP_TRUSTED_SITE.html">Gune fidagarrietako ziurtagiriak</target>
      <target FeatureID="-1" href="CM_HLP_TRUST_SETTINGS.html">Segurtasun ezarpenak editatzea</target>
   </keywords>
   <keywords>
      <text FeatureID="-1">segurtasun-ziurtagiriak</text>
      <target FeatureID="-1" href="CM_HLP_AUTHORITY.html">Autoritateen ziurtagiriak</target>
      <target FeatureID="-1" href="CM_HLP_MAIN.html">Ziurtagirien kudeaketa</target>
   </keywords>
   <keywords>
      <text FeatureID="-1">gailuaren ziurtagiriak</text>
      <target FeatureID="-1" href="CM_HLP_DEVICE.html">Gailuaren ziurtagiriak</target>
   </keywords>
   <keywords>
      <text FeatureID="-1">ziurtagiri pertsonalak</text>
      <target FeatureID="-1" href="CM_HLP_PERSONAL.html">Ziurtagiri pertsonalak</target>
   </keywords>
   <keywords>
      <text FeatureID="-1">ziurtagiri gune fidagarriak</text>
      <target FeatureID="-1" href="CM_HLP_TRUSTED_SITE.html">Gune fidagarrietako ziurtagiriak</target>
   </keywords>
   <keywords>
      <text FeatureID="-1">segurtasun ezarpenak</text>
      <target FeatureID="-1" href="CM_HLP_TRUST_SETTINGS.html">Segurtasun ezarpenak editatzea</target>
   </keywords>
</keywords>