<?xml version="1.0" encoding="UTF-8"?>
<keywords>
   <keywords>
      <text FeatureID="-1">Bluetooth</text>
      <target FeatureID="-1" href="BT_HLP_MAIN.html">Bluetooth</target>
      <target FeatureID="-1" href="BT_HLP_PAIRED.html">Asocierea cu aparate</target>
      <target FeatureID="-1" href="BT_HLP_BLOCKED.html">Blocare aparate</target>
   </keywords>
   <keywords>
      <text FeatureID="-1">Setări Bluetooth</text>
      <target FeatureID="-1" href="BT_HLP_MAIN.html">Bluetooth</target>
   </keywords>
   <keywords>
      <text FeatureID="-1">asocierea aparatelor</text>
      <target FeatureID="-1" href="BT_HLP_PAIRED.html">Asocierea cu aparate</target>
   </keywords>
   <keywords>
      <text FeatureID="-1">aparate blocate</text>
      <target FeatureID="-1" href="BT_HLP_BLOCKED.html">Blocare aparate</target>
   </keywords>
   <keywords>
      <text FeatureID="true_12">tastatură fără fir</text>
      <target FeatureID="true_12" href="BTKEYBOARD_HLP_SETTINGS.html">Tastatura fără fir</target>
   </keywords>
</keywords>