<?xml version="1.0" encoding="UTF-8"?>
<keywords>
   <keywords>
      <text FeatureID="true_1637">изменение параметров присутствия</text>
      <target FeatureID="true_1637" href="PRE_HLP_EDIT_SET.html">Изменение параметров присутствия</target>
   </keywords>
   <keywords>
      <text FeatureID="true_1637">параметры присутствия</text>
      <target FeatureID="true_1637" href="PRE_HLP_LIST_VIEW.html">Параметры присутствия</target>
   </keywords>
</keywords>