<?xml version="1.0" encoding="UTF-8"?>
<keywords>
   <keywords>
      <text FeatureID="-1">надсилання повідомлень</text>
      <target FeatureID="-1" href="UNIFIED_HLP_EDITOR.html">Створення повідомлень</target>
   </keywords>
   <keywords>
      <text FeatureID="-1">редактор повідомлень</text>
      <target FeatureID="-1" href="UNIFIED_HLP_EDITOR.html">Створення повідомлень</target>
   </keywords>
   <keywords>
      <text FeatureID="-1">повідомлення</text>
      <target FeatureID="-1" href="UNIFIED_HLP_SENDING_OPTIONS.html">Опції надсилання</target>
   </keywords>
   <keywords>
      <text FeatureID="-1">опції надсилання</text>
      <target FeatureID="-1" href="UNIFIED_HLP_SENDING_OPTIONS.html">Опції надсилання</target>
   </keywords>
   <keywords>
      <text FeatureID="-1">мультимедійні об'єкти</text>
      <target FeatureID="-1" href="UNIFIED_HLP_ED_OBJECTS.html">Отримані мультимедійні об'єкти</target>
   </keywords>
   <keywords>
      <text FeatureID="-1">об'єкти мультимедіа</text>
      <target FeatureID="-1" href="UNIFIED_HLP_ED_OBJECTS.html">Отримані мультимедійні об'єкти</target>
   </keywords>
</keywords>