<?xml version="1.0" encoding="UTF-8"?>
<keywords>
   <keywords>
      <text FeatureID="-1">personnaliser des modes</text>
      <target FeatureID="-1" href="MODE_HLP_PERSONALISE.html">Personnaliser des modes</target>
   </keywords>
   <keywords>
      <text FeatureID="-1">paramètres des tonalités</text>
      <target FeatureID="-1" href="SET_HLP_PERSONAL_TONES.html">Paramètres des tonalités</target>
   </keywords>
   <keywords>
      <text FeatureID="-1">sonneries</text>
      <target FeatureID="-1" href="SET_HLP_PERSONAL_TONES.html">Paramètres des tonalités</target>
   </keywords>
   <keywords>
      <text FeatureID="-1">modes</text>
      <target FeatureID="-1" href="MODE_HLP_PROFILES_LIST.html">Modes</target>
   </keywords>
   <keywords>
      <text FeatureID="-1">changer de mode</text>
      <target FeatureID="-1" href="MODE_HLP_PROFILES_LIST.html">Modes</target>
   </keywords>
</keywords>