<?xml version="1.0" encoding="UTF-8"?>
<keywords>
   <keywords>
      <text FeatureID="-1">obsah na zdieľanie</text>
      <target FeatureID="-1" href="UPNP_HLP_SHARE_CONTENT.html">Výber obsahu na zdieľanie</target>
   </keywords>
   <keywords>
      <text FeatureID="-1">domáce médiá</text>
      <target FeatureID="-1" href="UPNP_HLP_SHARE_CONTENT.html">Výber obsahu na zdieľanie</target>
      <target FeatureID="-1" href="UPNP_HLP_SHARING_PROP.html">Nastavenia zdieľania</target>
      <target FeatureID="-1" href="UPNP_HLP_MAIN_VIEW.html">Domáce médiá</target>
      <target FeatureID="-1" href="UPNP_HLP_MAIN_EXTERNAL.html">Domáce mediálne zariadenia</target>
      <target FeatureID="-1" href="UPNP_HLP_CONTENT_VIEW.html">Súbory domácich médií</target>
      <target FeatureID="-1" href="UPNP_HLP_REMOTE_DEVICES.html">Zložky domácich médií</target>
      <target FeatureID="-1" href="UPNP_HLP_SEARCH.html">Výsledky vyhľadávania</target>
   </keywords>
   <keywords>
      <text FeatureID="-1">zdieľanie snímok a videoklipov</text>
      <target FeatureID="-1" href="UPNP_HLP_SHARE_CONTENT.html">Výber obsahu na zdieľanie</target>
   </keywords>
   <keywords>
      <text FeatureID="-1">zdieľanie mediálnych súborov</text>
      <target FeatureID="-1" href="UPNP_HLP_SHARING_PROP.html">Nastavenia zdieľania</target>
      <target FeatureID="-1" href="UPNP_HLP_MAIN_VIEW.html">Domáce médiá</target>
      <target FeatureID="-1" href="UPNP_HLP_MAIN_EXTERNAL.html">Domáce mediálne zariadenia</target>
      <target FeatureID="-1" href="UPNP_HLP_CONTENT_VIEW.html">Súbory domácich médií</target>
      <target FeatureID="-1" href="UPNP_HLP_REMOTE_DEVICES.html">Zložky domácich médií</target>
      <target FeatureID="-1" href="UPNP_HLP_SEARCH.html">Výsledky vyhľadávania</target>
   </keywords>
   <keywords>
      <text FeatureID="-1">zobrazovanie súborov vo vzdialenom zariadení</text>
      <target FeatureID="-1" href="UPNP_HLP_SHARING_PROP.html">Nastavenia zdieľania</target>
      <target FeatureID="-1" href="UPNP_HLP_MAIN_VIEW.html">Domáce médiá</target>
      <target FeatureID="-1" href="UPNP_HLP_MAIN_EXTERNAL.html">Domáce mediálne zariadenia</target>
      <target FeatureID="-1" href="UPNP_HLP_CONTENT_VIEW.html">Súbory domácich médií</target>
      <target FeatureID="-1" href="UPNP_HLP_REMOTE_DEVICES.html">Zložky domácich médií</target>
      <target FeatureID="-1" href="UPNP_HLP_SEARCH.html">Výsledky vyhľadávania</target>
   </keywords>
   <keywords>
      <text FeatureID="-1">zdieľanie vlastností</text>
      <target FeatureID="-1" href="UPNP_HLP_SHARING_PROP.html">Nastavenia zdieľania</target>
   </keywords>
</keywords>