<?xml version="1.0" encoding="UTF-8"?>
<keywords>
   <keywords>
      <text FeatureID="true_410">전화 걸기</text>
      <target FeatureID="true_410" href="DIALER_HLP_MAIN.html">전화 걸기</target>
      <target FeatureID="true_410" href="DIALER_HLP_MAIN.html">전화 걸기</target>
   </keywords>
   <keywords>
      <text FeatureID="-1">전화 통화</text>
      <target FeatureID="-1" href="INCAL_HLP_CALL_HANDLING.html">전화 통화</target>
   </keywords>
   <keywords>
      <text FeatureID="-1">전화 회의 통화</text>
      <target FeatureID="-1" href="INCAL_HLP_CALL_HANDLING.html">전화 통화</target>
   </keywords>
   <keywords>
      <text FeatureID="-1">통화 전환</text>
      <target FeatureID="-1" href="INCAL_HLP_CALL_HANDLING.html">전화 통화</target>
   </keywords>
   <keywords>
      <text FeatureID="-1">전화</text>
      <target FeatureID="-1" href="INCAL_HLP_CALL_HANDLING.html">전화 통화</target>
   </keywords>
   <keywords>
      <text FeatureID="true_410">DTMF 알림음</text>
      <target FeatureID="true_410" href="DIALER_HLP_SEND_DTMF.html">DTMF 알림음 전송</target>
   </keywords>
   <keywords>
      <text FeatureID="true_89">영상 통화</text>
      <target FeatureID="true_89" href="INCAL_HLP_VIDEO_CALL.html">영상 통화</target>
   </keywords>
</keywords>