<?xml version="1.0" encoding="UTF-8"?>
<keywords>
   <keywords>
      <text FeatureID="-1">paikannus­menetelmät</text>
      <target FeatureID="-1" href="LOC_HLP_SETTINGS.html">Paikannusasetukset</target>
   </keywords>
   <keywords>
      <text FeatureID="-1">paikannus­palvelin</text>
      <target FeatureID="-1" href="LOC_HLP_SETTINGS.html">Paikannusasetukset</target>
   </keywords>
   <keywords>
      <text FeatureID="-1">merkintätavat</text>
      <target FeatureID="-1" href="LOC_HLP_SETTINGS.html">Paikannusasetukset</target>
   </keywords>
</keywords>