<?xml version="1.0" encoding="UTF-8"?>
<keywords>
   <keywords>
      <text FeatureID="-1">همگام سازی</text>
      <target FeatureID="-1" href="DS_HLP_MAIN_VIEW.html">همگام سازی داده</target>
   </keywords>
   <keywords>
      <text FeatureID="-1">نمایه های همگام سازی</text>
      <target FeatureID="-1" href="DS_HLP_MAIN_VIEW.html">همگام سازی داده</target>
   </keywords>
   <keywords>
      <text FeatureID="-1">تنظیمات نمایه همگام سازی</text>
      <target FeatureID="-1" href="DS_HLP_SETTINGS.html">ویرایش نمایه های همگام سازی</target>
   </keywords>
   <keywords>
      <text FeatureID="-1">تنظیمات همگام سازی</text>
      <target FeatureID="-1" href="DS_HLP_SETTINGS_CAL.html">تنظیمات همگام سازی تقویم</target>
      <target FeatureID="-1" href="DS_HLP_SETTINGS_CNT.html">تنظیمات همگام سازی مخاطبین</target>
      <target FeatureID="-1" href="DS_HLP_SETTINGS_NOTES.html">تنظیمات همگام سازی یادداشتها</target>
      <target FeatureID="-1" href="DS_HLP_SETTINGS_SMS.html">تنظیمات همگام سازی پیام کوتاه</target>
      <target FeatureID="true_44" href="DS_HLP_SETTINGS_SYNCML.html">تنظیمات همگام سازی ایمیل</target>
   </keywords>
</keywords>