<?xml version="1.0" encoding="UTF-8"?><?xml-stylesheet  href="../../theme/xsl/index2html.xslt" type="text/xsl"?>
<topics FeatureID="-1" title="Registros" compressed="true">
   <topicref FeatureID="-1" href="GPRS_HLP_MAIN.html" navtitle="Conex. paq. datos"/>
   <topicref FeatureID="-1" href="LOGS_HLP_COUNTER.html" navtitle="Registros llamadas y datos"/>
   <topicref FeatureID="-1" href="LOGS_HLP_DETAIL.html" navtitle="Det. eventos de registro"/>
   <topicref FeatureID="-1" href="LOGS_HLP_MAIN.html" navtitle="Info. de registro"/>
   <topicref FeatureID="-1" href="LOGS_HLP_SETTING.html" navtitle="Configuraciones de registro"/>
   <topicref FeatureID="-1" href="STM_HLP_DIALLED.html" navtitle="N° marcados"/>
   <topicref FeatureID="-1" href="STM_HLP_MAIN.html" navtitle="Llam. recientes"/>
   <topicref FeatureID="-1" href="STM_HLP_MISSED.html" navtitle="Llam. perdidas"/>
   <topicref FeatureID="-1" href="STM_HLP_RECEIVED.html" navtitle="Llam. recibidas"/>
   <topicref FeatureID="-1" href="TIMERS_HLP_MAIN.html" navtitle="Duración de la llamada"/>
</topics>