<?xml version="1.0" encoding="UTF-8"?>
<keywords>
   <keywords>
      <text FeatureID="-1">conexiones de paquete de datos</text>
      <target FeatureID="-1" href="GPRS_HLP_MAIN.html">Conex. paq. datos</target>
      <target FeatureID="-1" href="LOGS_HLP_COUNTER.html">Registros llamadas y datos</target>
   </keywords>
   <keywords>
      <text FeatureID="-1">duración de llamadas</text>
      <target FeatureID="-1" href="LOGS_HLP_COUNTER.html">Registros llamadas y datos</target>
      <target FeatureID="-1" href="TIMERS_HLP_MAIN.html">Duración de la llamada</target>
      <target FeatureID="-1" href="TIMERS_HLP_MAIN.html">Duración de la llamada</target>
   </keywords>
   <keywords>
      <text FeatureID="-1">llamadas recientes</text>
      <target FeatureID="-1" href="LOGS_HLP_COUNTER.html">Registros llamadas y datos</target>
      <target FeatureID="-1" href="STM_HLP_MAIN.html">Llam. recientes</target>
   </keywords>
   <keywords>
      <text FeatureID="-1">registros</text>
      <target FeatureID="-1" href="LOGS_HLP_DETAIL.html">Det. eventos de registro</target>
      <target FeatureID="-1" href="LOGS_HLP_MAIN.html">Info. de registro</target>
   </keywords>
   <keywords>
      <text FeatureID="-1">config. registro</text>
      <target FeatureID="-1" href="LOGS_HLP_SETTING.html">Configuraciones de registro</target>
   </keywords>
   <keywords>
      <text FeatureID="-1">números marcados</text>
      <target FeatureID="-1" href="STM_HLP_DIALLED.html">N° marcados</target>
   </keywords>
   <keywords>
      <text FeatureID="-1">registro de llamadas</text>
      <target FeatureID="-1" href="STM_HLP_MAIN.html">Llam. recientes</target>
   </keywords>
   <keywords>
      <text FeatureID="-1">llamadas perdidas</text>
      <target FeatureID="-1" href="STM_HLP_MISSED.html">Llam. perdidas</target>
   </keywords>
   <keywords>
      <text FeatureID="-1">llamadas recibidas</text>
      <target FeatureID="-1" href="STM_HLP_RECEIVED.html">Llam. recibidas</target>
   </keywords>
   <keywords>
      <text FeatureID="-1">llamadas contestadas</text>
      <target FeatureID="-1" href="STM_HLP_RECEIVED.html">Llam. recibidas</target>
   </keywords>
</keywords>