<?xml version="1.0" encoding="UTF-8"?>
<keywords>
   <keywords>
      <text FeatureID="-1">اشتراک کے لئے اجزا</text>
      <target FeatureID="-1" href="UPNP_HLP_SHARE_CONTENT.html">اشتراک کے لئے اجزا منتخب کریں</target>
   </keywords>
   <keywords>
      <text FeatureID="-1">مقامی میڈيا</text>
      <target FeatureID="-1" href="UPNP_HLP_SHARE_CONTENT.html">اشتراک کے لئے اجزا منتخب کریں</target>
      <target FeatureID="-1" href="UPNP_HLP_SHARING_PROP.html">اشتراک کی ترتیبات</target>
      <target FeatureID="-1" href="UPNP_HLP_MAIN_VIEW.html">ہوم ميڈيا</target>
      <target FeatureID="-1" href="UPNP_HLP_MAIN_EXTERNAL.html">ہوم میڈیا آلات</target>
      <target FeatureID="-1" href="UPNP_HLP_CONTENT_VIEW.html">مقامی میڈيا فائلیں</target>
      <target FeatureID="-1" href="UPNP_HLP_REMOTE_DEVICES.html">ہوم میڈیا فولڈر</target>
      <target FeatureID="-1" href="UPNP_HLP_SEARCH.html">تلاش کے نتائج</target>
   </keywords>
   <keywords>
      <text FeatureID="-1">تصویریں اور ویڈيوز کا اشتراک کرنا</text>
      <target FeatureID="-1" href="UPNP_HLP_SHARE_CONTENT.html">اشتراک کے لئے اجزا منتخب کریں</target>
   </keywords>
   <keywords>
      <text FeatureID="-1">میڈيا فائلوں کا اشتراک کرنا</text>
      <target FeatureID="-1" href="UPNP_HLP_SHARING_PROP.html">اشتراک کی ترتیبات</target>
      <target FeatureID="-1" href="UPNP_HLP_MAIN_VIEW.html">ہوم ميڈيا</target>
      <target FeatureID="-1" href="UPNP_HLP_MAIN_EXTERNAL.html">ہوم میڈیا آلات</target>
      <target FeatureID="-1" href="UPNP_HLP_CONTENT_VIEW.html">مقامی میڈيا فائلیں</target>
      <target FeatureID="-1" href="UPNP_HLP_REMOTE_DEVICES.html">ہوم میڈیا فولڈر</target>
      <target FeatureID="-1" href="UPNP_HLP_SEARCH.html">تلاش کے نتائج</target>
   </keywords>
   <keywords>
      <text FeatureID="-1">ریموٹ آلے پر فائليں دیکھنا</text>
      <target FeatureID="-1" href="UPNP_HLP_SHARING_PROP.html">اشتراک کی ترتیبات</target>
      <target FeatureID="-1" href="UPNP_HLP_MAIN_VIEW.html">ہوم ميڈيا</target>
      <target FeatureID="-1" href="UPNP_HLP_MAIN_EXTERNAL.html">ہوم میڈیا آلات</target>
      <target FeatureID="-1" href="UPNP_HLP_CONTENT_VIEW.html">مقامی میڈيا فائلیں</target>
      <target FeatureID="-1" href="UPNP_HLP_REMOTE_DEVICES.html">ہوم میڈیا فولڈر</target>
      <target FeatureID="-1" href="UPNP_HLP_SEARCH.html">تلاش کے نتائج</target>
   </keywords>
   <keywords>
      <text FeatureID="-1">خصوصیات اشتراک</text>
      <target FeatureID="-1" href="UPNP_HLP_SHARING_PROP.html">اشتراک کی ترتیبات</target>
   </keywords>
</keywords>