<?xml version="1.0" encoding="UTF-8"?><?xml-stylesheet  href="../../theme/xsl/index2html.xslt" type="text/xsl"?>
<topics FeatureID="-1" title="Chatten" compressed="true">
   <topicref FeatureID="-1" href="IMNG_HLP_SEARCHCHAT.html" navtitle="Chatgebruikers zoeken"/>
   <topicref FeatureID="-1" href="IMNG_HLP_SAVED_VIEW.html" navtitle="Opgeslagen conversaties weergeven"/>
   <topicref FeatureID="-1" href="IMNG_HLP_SAVED_LIST.html" navtitle="Opgeslagen conversaties"/>
   <topicref FeatureID="-1" href="IMNG_HLP_IMCHAT.html" navtitle="Groepsconversaties"/>
   <topicref FeatureID="-1" href="IMNG_HLP_GROUP_EDIT.html" navtitle="Bewerkingsrechten voor groep"/>
   <topicref FeatureID="-1" href="IMNG_HLP_GROUP_BAN.html" navtitle="Chatgebruikers uitsluiten van groepen"/>
   <topicref FeatureID="-1" href="IMNG_HLP_CONT_OWN_DATA.html" navtitle="Mijn gegevens"/>
   <topicref FeatureID="-1" href="IMNG_HLP_COMMUNITY_VIEW_EMPTY.html" navtitle="Chatfunctie gebruiken"/>
   <topicref FeatureID="-1" href="IMNG_HLP_COMMUNITY_VIEW.html" navtitle="Chatten"/>
   <topicref FeatureID="-1" href="IMNG_HLP_BLOCKED_VIEW.html" navtitle="Geblokkeerde contacten"/>
   <topicref FeatureID="-1" href="IMNG_HLP_SETTINGS.html" navtitle="Chatinstellingen"/>
   <topicref FeatureID="-1" href="IMNG_HLP_SERVLISTSETT_IM.html" navtitle="Chatservers"/>
   <topicref FeatureID="-1" href="IMNG_HLP_DEFSERVER.html" navtitle="Instellingen van de chatserver"/>
   <topicref FeatureID="-1" href="IMNG_HLP_INVITE.html" navtitle="Chatuitnodigingen"/>
   <topicref FeatureID="-1" href="IMNG_HLP_CREATECHAT.html" navtitle="Instellingen chatgroep"/>
   <topicref FeatureID="-1" href="IMNG_HLP_ACCLIST.html" navtitle="Leden chatgroep"/>
   <topicref FeatureID="-1" href="IMNG_HLP_CONVERSATIONS.html" navtitle="Chatconversaties"/>
   <topicref FeatureID="-1" href="IMNG_HLP_CONTACTDETAILS.html" navtitle="Gegevens chatcontacten"/>
   <topicref FeatureID="-1" href="IMNG_HLP_APPSETT.html" navtitle="Instellingen voor chattoepassing"/>
</topics>