<?xml version="1.0" encoding="UTF-8"?>
<keywords>
   <keywords>
      <text FeatureID="-1">zoeken, chatgebruikers</text>
      <target FeatureID="-1" href="IMNG_HLP_SEARCHCHAT.html">Chatgebruikers zoeken</target>
   </keywords>
   <keywords>
      <text FeatureID="-1">chatten</text>
      <target FeatureID="-1" href="IMNG_HLP_SEARCHCHAT.html">Chatgebruikers zoeken</target>
      <target FeatureID="-1" href="IMNG_HLP_SAVED_VIEW.html">Opgeslagen conversaties weergeven</target>
      <target FeatureID="-1" href="IMNG_HLP_SAVED_LIST.html">Opgeslagen conversaties</target>
      <target FeatureID="-1" href="IMNG_HLP_IMCHAT.html">Groepsconversaties</target>
      <target FeatureID="-1" href="IMNG_HLP_GROUP_EDIT.html">Bewerkingsrechten voor groep</target>
      <target FeatureID="-1" href="IMNG_HLP_GROUP_BAN.html">Chatgebruikers uitsluiten van groepen</target>
      <target FeatureID="-1" href="IMNG_HLP_CONT_OWN_DATA.html">Mijn gegevens</target>
      <target FeatureID="-1" href="IMNG_HLP_COMMUNITY_VIEW_EMPTY.html">Chatfunctie gebruiken</target>
      <target FeatureID="-1" href="IMNG_HLP_COMMUNITY_VIEW.html">Chatten</target>
      <target FeatureID="-1" href="IMNG_HLP_CREATECHAT.html">Instellingen chatgroep</target>
      <target FeatureID="-1" href="IMNG_HLP_ACCLIST.html">Leden chatgroep</target>
      <target FeatureID="-1" href="IMNG_HLP_CONVERSATIONS.html">Chatconversaties</target>
      <target FeatureID="-1" href="IMNG_HLP_APPSETT.html">Instellingen voor chattoepassing</target>
   </keywords>
   <keywords>
      <text FeatureID="-1">zoeken, chatgroepen</text>
      <target FeatureID="-1" href="IMNG_HLP_SEARCHCHAT.html">Chatgebruikers zoeken</target>
   </keywords>
   <keywords>
      <text FeatureID="-1">opgeslagen conversaties</text>
      <target FeatureID="-1" href="IMNG_HLP_SAVED_LIST.html">Opgeslagen conversaties</target>
   </keywords>
   <keywords>
      <text FeatureID="-1">deelnemen, chatgroepen</text>
      <target FeatureID="-1" href="IMNG_HLP_IMCHAT.html">Groepsconversaties</target>
   </keywords>
   <keywords>
      <text FeatureID="-1">bewerkingsrechten</text>
      <target FeatureID="-1" href="IMNG_HLP_GROUP_EDIT.html">Bewerkingsrechten voor groep</target>
   </keywords>
   <keywords>
      <text FeatureID="-1">uitsluitingslijst</text>
      <target FeatureID="-1" href="IMNG_HLP_GROUP_BAN.html">Chatgebruikers uitsluiten van groepen</target>
   </keywords>
   <keywords>
      <text FeatureID="-1">Leden chatgroep</text>
      <target FeatureID="-1" href="IMNG_HLP_GROUP_BAN.html">Chatgebruikers uitsluiten van groepen</target>
      <target FeatureID="-1" href="IMNG_HLP_ACCLIST.html">Leden chatgroep</target>
   </keywords>
   <keywords>
      <text FeatureID="-1">chatcontacten</text>
      <target FeatureID="-1" href="IMNG_HLP_CONT_OWN_DATA.html">Mijn gegevens</target>
      <target FeatureID="-1" href="IMNG_HLP_BLOCKED_VIEW.html">Geblokkeerde contacten</target>
      <target FeatureID="-1" href="IMNG_HLP_CONTACTDETAILS.html">Gegevens chatcontacten</target>
   </keywords>
   <keywords>
      <text FeatureID="-1">Chatten</text>
      <target FeatureID="-1" href="IMNG_HLP_COMMUNITY_VIEW_EMPTY.html">Chatfunctie gebruiken</target>
      <target FeatureID="-1" href="IMNG_HLP_COMMUNITY_VIEW.html">Chatten</target>
      <target FeatureID="-1" href="IMNG_HLP_CONVERSATIONS.html">Chatconversaties</target>
      <target FeatureID="-1" href="IMNG_HLP_CONTACTDETAILS.html">Gegevens chatcontacten</target>
   </keywords>
   <keywords>
      <text FeatureID="-1">geblokkeerde chaconne</text>
      <target FeatureID="-1" href="IMNG_HLP_BLOCKED_VIEW.html">Geblokkeerde contacten</target>
   </keywords>
   <keywords>
      <text FeatureID="-1">Chatinstellingen</text>
      <target FeatureID="-1" href="IMNG_HLP_SETTINGS.html">Chatinstellingen</target>
      <target FeatureID="-1" href="IMNG_HLP_APPSETT.html">Instellingen voor chattoepassing</target>
   </keywords>
   <keywords>
      <text FeatureID="-1">chatservers</text>
      <target FeatureID="-1" href="IMNG_HLP_SERVLISTSETT_IM.html">Chatservers</target>
   </keywords>
   <keywords>
      <text FeatureID="-1">Instellingen van de chatserver</text>
      <target FeatureID="-1" href="IMNG_HLP_DEFSERVER.html">Instellingen van de chatserver</target>
   </keywords>
   <keywords>
      <text FeatureID="-1">serverinstellingen</text>
      <target FeatureID="-1" href="IMNG_HLP_DEFSERVER.html">Instellingen van de chatserver</target>
   </keywords>
   <keywords>
      <text FeatureID="-1">uitnodigingen</text>
      <target FeatureID="-1" href="IMNG_HLP_INVITE.html">Chatuitnodigingen</target>
   </keywords>
   <keywords>
      <text FeatureID="-1">Instellingen chatgroep</text>
      <target FeatureID="-1" href="IMNG_HLP_CREATECHAT.html">Instellingen chatgroep</target>
   </keywords>
   <keywords>
      <text FeatureID="-1">conversaties</text>
      <target FeatureID="-1" href="IMNG_HLP_CONVERSATIONS.html">Chatconversaties</target>
   </keywords>
</keywords>