<?xml version="1.0" encoding="UTF-8"?>
<keywords>
   <keywords>
      <text FeatureID="-1">enhetshanterare</text>
      <target FeatureID="-1" href="DM_HLP_MAIN_VIEW.html">Enhetens program</target>
      <target FeatureID="-1" href="DM_HLP_SETTINGS.html">Serverprofil­inställningar</target>
      <target FeatureID="-1" href="DM_HLP_SERVERS_VIEW.html">Fjärrkonfiguration</target>
   </keywords>
   <keywords>
      <text FeatureID="-1">konfigurationsinställningar</text>
      <target FeatureID="-1" href="DM_HLP_MAIN_VIEW.html">Enhetens program</target>
   </keywords>
   <keywords>
      <text FeatureID="-1">Enhetshanterare</text>
      <target FeatureID="-1" href="FOTA_HLP_SETTINGS.html">Inställningar för programuppdatering</target>
   </keywords>
   <keywords>
      <text FeatureID="-1">inställningar för programuppdatering</text>
      <target FeatureID="-1" href="FOTA_HLP_SETTINGS.html">Inställningar för programuppdatering</target>
   </keywords>
   <keywords>
      <text FeatureID="-1">serverprofil­inställningar</text>
      <target FeatureID="-1" href="DM_HLP_SETTINGS.html">Serverprofil­inställningar</target>
   </keywords>
   <keywords>
      <text FeatureID="-1">fjärrkonfiguration</text>
      <target FeatureID="-1" href="DM_HLP_SERVERS_VIEW.html">Fjärrkonfiguration</target>
   </keywords>
</keywords>