<?xml version="1.0" encoding="UTF-8"?>
<keywords>
   <keywords>
      <text FeatureID="-1">скринька дзвінків</text>
      <target FeatureID="-1" href="SMSVO_HLP_MAIN_VIEW.html">Скринька дзвінків</target>
      <target FeatureID="true_298" href="SMSVO_HLP_CS_VIDEO_AND_XSP_VOIP.html">Скринька дзвінків, відеодзвінків та Інтернет-дзвінків</target>
   </keywords>
   <keywords>
      <text FeatureID="-1">автовідповідач</text>
      <target FeatureID="-1" href="SMSVO_HLP_MAIN_VIEW.html">Скринька дзвінків</target>
      <target FeatureID="true_89" href="SMSVO_HLP_CS_AND_VIDEO.html">Скринька дзвінків та відео</target>
      <target FeatureID="true_298" href="SMSVO_HLP_CS_VIDEO_AND_XSP_VOIP.html">Скринька дзвінків, відеодзвінків та Інтернет-дзвінків</target>
   </keywords>
   <keywords>
      <text FeatureID="true_89">скринька відео</text>
      <target FeatureID="true_89" href="SMSVO_HLP_CS_AND_VIDEO.html">Скринька дзвінків та відео</target>
   </keywords>
   <keywords>
      <text FeatureID="true_298">скринька Інтернет-дзвінків</text>
      <target FeatureID="true_298" href="SMSVO_HLP_CS_VIDEO_AND_XSP_VOIP.html">Скринька дзвінків, відеодзвінків та Інтернет-дзвінків</target>
   </keywords>
</keywords>