<?xml version="1.0" encoding="UTF-8"?>
<keywords>
   <keywords>
      <text FeatureID="-1">Videos &amp; TV</text>
      <target FeatureID="-1" href="IPTV_HLP_MAIN_STATE.html">Videos &amp; TV</target>
      <target FeatureID="-1" href="IPTV_HLP_VODCAST_MAIN.html">Videofeeds</target>
      <target FeatureID="-1" href="IPTV_HLP_SERVICE_SELECTION_VOD.html">Videodienste auswählen</target>
      <target FeatureID="-1" href="IPTV_HLP_VOD_CATEGORIES.html">Videokategorien</target>
      <target FeatureID="-1" href="IPTV_HLP_VOD.html">Anzeigen und Herunterladen von Videoclips</target>
      <target FeatureID="-1" href="IPTV_HLP_SCHEDULE_DOWNLOAD.html">Planen von Downloads</target>
      <target FeatureID="-1" href="IPTV_HLP_STORAGE.html">Meine Videos</target>
      <target FeatureID="-1" href="IPTV_HLP_SERVICE_SEL_VODCAST.html">Videofeeds auswählen</target>
      <target FeatureID="-1" href="IPTV_HLP_ADD_SERVICE.html">Videofeeds hinzufügen</target>
   </keywords>
   <keywords>
      <text FeatureID="-1">Videofeeds</text>
      <target FeatureID="-1" href="IPTV_HLP_VODCAST_MAIN.html">Videofeeds</target>
      <target FeatureID="-1" href="IPTV_HLP_VOD_CATEGORIES.html">Videokategorien</target>
      <target FeatureID="-1" href="IPTV_HLP_SERVICE_SEL_VODCAST.html">Videofeeds auswählen</target>
      <target FeatureID="-1" href="IPTV_HLP_ADD_SERVICE.html">Videofeeds hinzufügen</target>
   </keywords>
   <keywords>
      <text FeatureID="-1">Downloads, Videoclips</text>
      <target FeatureID="-1" href="IPTV_HLP_VOD.html">Anzeigen und Herunterladen von Videoclips</target>
      <target FeatureID="-1" href="IPTV_HLP_SCHEDULE_DOWNLOAD.html">Planen von Downloads</target>
   </keywords>
   <keywords>
      <text FeatureID="-1">Videos &amp; TV, Einstellungen</text>
      <target FeatureID="-1" href="IPTV_HLP_SETTINGS.html">Videos &amp; TV-Einstellungen</target>
   </keywords>
   <keywords>
      <text FeatureID="-1">Einstellungen, Video</text>
      <target FeatureID="-1" href="IPTV_HLP_SETTINGS.html">Videos &amp; TV-Einstellungen</target>
   </keywords>
</keywords>