<?xml version="1.0" encoding="UTF-8"?>
<keywords>
   <keywords>
      <text FeatureID="-1">mensajes instantáneos</text>
      <target FeatureID="-1" href="SERVTAB_HLP_CONVERSATION.html">Enviar mensajes instantáneos</target>
   </keywords>
   <keywords>
      <text FeatureID="-1">chat</text>
      <target FeatureID="-1" href="SERVTAB_HLP_CONVERSATION.html">Enviar mensajes instantáneos</target>
   </keywords>
   <keywords>
      <text FeatureID="-1">conversaciones</text>
      <target FeatureID="-1" href="SERVTAB_HLP_CONVERSATION.html">Enviar mensajes instantáneos</target>
   </keywords>
</keywords>