<?xml version="1.0" encoding="UTF-8"?>
<keywords>
   <keywords>
      <text FeatureID="-1">بحث</text>
      <target FeatureID="-1" href="SEARCH_HLP_INDEVICE_MAIN.html">البحث</target>
   </keywords>
   <keywords>
      <text FeatureID="-1">نتائج البحث</text>
      <target FeatureID="-1" href="SEARCH_HLP_SINGLE_RE.html">نتائج البحث</target>
      <target FeatureID="-1" href="SEARCH_HLP_GROUPED.html">نتائج البحث في الفئات</target>
   </keywords>
</keywords>