<?xml version="1.0" encoding="UTF-8"?>
<keywords>
   <keywords>
      <text FeatureID="-1">poster för årsdagar</text>
      <target FeatureID="-1" href="FSCA_HLP_ANNIVERSARY_EDITOR.html">Skapa årsdagsposter</target>
   </keywords>
   <keywords>
      <text FeatureID="-1">mötesposter, skapa</text>
      <target FeatureID="-1" href="FSCA_HLP_CALE_MEETING_EDITOR.html">Skapa mötesposter</target>
   </keywords>
   <keywords>
      <text FeatureID="-1">memoposter, skapa</text>
      <target FeatureID="-1" href="FSCA_HLP_MEMO_EDITOR.html">Skapa memoposter</target>
   </keywords>
   <keywords>
      <text FeatureID="-1">att göra-poster, skapa</text>
      <target FeatureID="-1" href="FSCA_HLP_TODO_EDITOR.html">Skapa att göra-poster</target>
   </keywords>
   <keywords>
      <text FeatureID="-1">mötesposter, redigera</text>
      <target FeatureID="-1" href="FSCA_HLP_CALE_MEETING_VIEWER.html">Redigera mötesposter</target>
   </keywords>
   <keywords>
      <text FeatureID="-1">memoposter, redigera</text>
      <target FeatureID="-1" href="FSCA_HLP_MEMO_VIEWER.html">Redigera memoposter</target>
   </keywords>
   <keywords>
      <text FeatureID="-1">att göra-poster, redigera</text>
      <target FeatureID="-1" href="FSCA_HLP_TODO_VIEWER.html">Redigera att göra-poster</target>
   </keywords>
   <keywords>
      <text FeatureID="-1">årsdagsposter, visning</text>
      <target FeatureID="-1" href="FSCA_HLP_ANNI_VIEWER.html">Ändra årsdagsposter</target>
   </keywords>
   <keywords>
      <text FeatureID="-1">mötesbegäranden</text>
      <target FeatureID="-1" href="FSCA_HLP_RESPONSE_EDITOR.html">Redigera ditt svar</target>
      <target FeatureID="-1" href="FSCA_HLP_VIEWER_ORGANIZER.html">Hantera mötesbegäranden</target>
      <target FeatureID="-1" href="MEET_REQ_HLP_EDITOR.html">Mottagna mötesbegäranden</target>
      <target FeatureID="-1" href="FSCA_HLP_VIEWER.html">Svara på mötesbegäranden</target>
      <target FeatureID="-1" href="FS_VIEWER_HLP_MEETING_REQ_VIEW.html">Svara på en mötesbegäran</target>
   </keywords>
   <keywords>
      <text FeatureID="-1">kontakter</text>
      <target FeatureID="-1" href="RLOOK_HLP_INFO_VIEW.html">Hantera den hittade kontakten</target>
   </keywords>
   <keywords>
      <text FeatureID="-1">kontakter, söka</text>
      <target FeatureID="-1" href="RLOOK_HLP_RESULT_VIEW.html">Sökresultat</target>
   </keywords>
   <keywords>
      <text FeatureID="-1">e-post, bifoga</text>
      <target FeatureID="-1" href="FSE_HLP_ATTACHMENT_LIST_EDITOR.html">Lägga till bilagor</target>
   </keywords>
   <keywords>
      <text FeatureID="-1">borttagen e-post</text>
      <target FeatureID="-1" href="FSE_HLP_MESSAGE_LIST_DELETED.html">Borttagna e-postmeddelanden</target>
   </keywords>
   <keywords>
      <text FeatureID="-1">hämta e-postbilagor</text>
      <target FeatureID="-1" href="FSE_HLP_ATTACHMENT_LIST.html">Hämta bilagor</target>
   </keywords>
   <keywords>
      <text FeatureID="-1">utkast till e-post</text>
      <target FeatureID="-1" href="FSE_HLP_MESSAGE_LIST_DRAFTS.html">Utkast till e-postmeddelanden.</target>
   </keywords>
   <keywords>
      <text FeatureID="-1">Nokia E-post</text>
      <target FeatureID="-1" href="FSE_HLP_LAUNCHER_GRID.html">Nokia E-post</target>
   </keywords>
   <keywords>
      <text FeatureID="-1">e-post</text>
      <target FeatureID="-1" href="FSE_HLP_LAUNCHER_GRID.html">Nokia E-post</target>
   </keywords>
   <keywords>
      <text FeatureID="-1">e-postmappar</text>
      <target FeatureID="-1" href="FSE_HLP_FOLDER_LIST.html">E-postmappar</target>
      <target FeatureID="-1" href="FSE_HLP_SETT_IMAP_SUBSCR.html">Prenumerera på mappar</target>
      <target FeatureID="-1" href="FSE_HLP_MESSAGE_LIST_INBOX.html">Arbeta med e-postmappar</target>
   </keywords>
   <keywords>
      <text FeatureID="-1">e-post­inställningar</text>
      <target FeatureID="-1" href="FSE_HLP_LAUNCHER_SETTINGS.html">Allmänna e-postinställningar</target>
      <target FeatureID="-1" href="FSE_HLP_POP_IMAP_SETT_MAIN.html">E-postinställningar</target>
      <target FeatureID="-1" href="FSE_HLP_MFE_SETTINGS_MAIN_VIEW.html">Inställningar för e-post</target>
   </keywords>
   <keywords>
      <text FeatureID="-1">globala e-postinställningar</text>
      <target FeatureID="-1" href="FSE_HLP_SETTINGS_GLOBAL.html">Globala e-postinställningar</target>
   </keywords>
   <keywords>
      <text FeatureID="-1">HTML-formaterad e-post</text>
      <target FeatureID="-1" href="FS_VIEWER_HLP_HTML_VIEW.html">HTML-formaterad e-post</target>
   </keywords>
   <keywords>
      <text FeatureID="-1">avancerade e-postinställningar</text>
      <target FeatureID="-1" href="FSE_HLP_POP_IMAP_SETT_ADV.html">Avancerade e-postinställningar</target>
   </keywords>
   <keywords>
      <text FeatureID="-1">inställningar för inkommande e-post</text>
      <target FeatureID="-1" href="FSE_HLP_POP_IMAP_SETT_INCOMING.html">Inställningar för inkommande e-post</target>
   </keywords>
   <keywords>
      <text FeatureID="-1">inställningar för utgående e-post</text>
      <target FeatureID="-1" href="FSE_HLP_POP_IMAP_SETT_OUTGOING.html">Inställningar för utgående e-post</target>
   </keywords>
   <keywords>
      <text FeatureID="-1">e-postsynkronisering</text>
      <target FeatureID="-1" href="FSE_HLP_POP_IMAP_SETT_WHAT.html">Välja vilket innehåll som ska synkroniseras</target>
   </keywords>
   <keywords>
      <text FeatureID="-1">tid för e-postsynkronisering</text>
      <target FeatureID="-1" href="FSE_HLP_POP_IMAP_SETT_WHEN.html">Välja när synkroniseringen ska ske</target>
      <target FeatureID="-1" href="FSE_HLP_MFE_SETTINGS_WHEN_SYNC.html">Välj synktid</target>
      <target FeatureID="-1" href="FSE_HLP_SETTINGS_WHEN_SYNC.html">Synkroniseringstid</target>
   </keywords>
   <keywords>
      <text FeatureID="-1">Mail for Exchange</text>
      <target FeatureID="-1" href="FSE_HLP_MFE_LAUNCHER_MAIN_VIEW.html">Mail for Exchange-e-post</target>
   </keywords>
   <keywords>
      <text FeatureID="-1">e-postinformation</text>
      <target FeatureID="-1" href="FS_VIEWER_HLP_DETAILS_VIEW.html">Meddelandeinformation</target>
   </keywords>
   <keywords>
      <text FeatureID="-1">avancerade inställningar för e-postkontot</text>
      <target FeatureID="-1" href="FSE_HLP_MFE_SETTINGS_ADVANCED.html">Avancerade inställningar för brevlåda</target>
   </keywords>
   <keywords>
      <text FeatureID="-1">inställningar för e-postsynkronisering</text>
      <target FeatureID="-1" href="FSE_HLP_MFE_SETTINGS_PIM_APPS.html">Inställningar för synkronisering av program</target>
   </keywords>
   <keywords>
      <text FeatureID="-1">kalendersynkronisering</text>
      <target FeatureID="-1" href="FSE_HLP_MFE_CALENDAR_APP.html">Inställningar för synkronisering av kalendern</target>
   </keywords>
   <keywords>
      <text FeatureID="-1">kontaktsynkronisering,</text>
      <target FeatureID="-1" href="FSE_HLP_MFE_CONTACTS_APP.html">Inställningar för synkronisering av kontakter</target>
   </keywords>
   <keywords>
      <text FeatureID="-1">e-postkonto­inställningar</text>
      <target FeatureID="-1" href="FSE_HLP_MFE_SETTINGS_MAILBOX.html">Allmänna brevlådeinställningar</target>
   </keywords>
   <keywords>
      <text FeatureID="-1">innehåll för e-postsynkronisering</text>
      <target FeatureID="-1" href="FSE_HLP_MFE_SETTINGS_WHAT_SYNC.html">Välj synkinnehåll</target>
   </keywords>
   <keywords>
      <text FeatureID="-1">synkronisering av e-postmappar</text>
      <target FeatureID="-1" href="FSE_HLP_MFE_SETTINGS_FOLDER.html">Inställningar för synkronisering</target>
   </keywords>
   <keywords>
      <text FeatureID="-1">synkronisering av att göra-poster</text>
      <target FeatureID="-1" href="FSE_HLP_MFE_TASKS_APP.html">Inställningar för synkronisering av att göra-poster</target>
   </keywords>
   <keywords>
      <text FeatureID="-1">inga e-postmeddelanden</text>
      <target FeatureID="-1" href="FSE_HLP_MESSAGE_LIST_EMPTY.html">Inga meddelanden</target>
   </keywords>
   <keywords>
      <text FeatureID="-1">utkorgen för e-post</text>
      <target FeatureID="-1" href="FSE_HLP_MESSAGE_LIST_OUTBOX.html">Arbeta med Utkorgen</target>
   </keywords>
   <keywords>
      <text FeatureID="-1">e-postsökning</text>
      <target FeatureID="-1" href="FSE_HLP_MESSAGE_LIST_SEARCHING.html">Söka efter e-post</target>
   </keywords>
   <keywords>
      <text FeatureID="-1">resultat av e-postsökning</text>
      <target FeatureID="-1" href="FSE_HLP_MESSAGE_LIST_SEARCHED.html">Sökresultat</target>
   </keywords>
   <keywords>
      <text FeatureID="-1">skicka e-post</text>
      <target FeatureID="-1" href="FS_EDITOR_HLP_MAIN_VIEW.html">Skicka e-post</target>
   </keywords>
   <keywords>
      <text FeatureID="-1">PIM-tjänst</text>
      <target FeatureID="-1" href="FSE_HLP_SETTINGS_PIM_VIEW.html">Tjänsten för hantering av personlig information</target>
   </keywords>
   <keywords>
      <text FeatureID="-1">synkronisera program</text>
      <target FeatureID="-1" href="FSE_HLP_SETTINGS_APPLICATIONS.html">Synkronisera program</target>
   </keywords>
   <keywords>
      <text FeatureID="-1">e-post­bilagor</text>
      <target FeatureID="-1" href="FSE_HLP_ATTACHMENT_DOWNLOAD.html">Visa hämtade bilagor</target>
   </keywords>
   <keywords>
      <text FeatureID="-1">inkommen e-post</text>
      <target FeatureID="-1" href="FS_VIEWER_HLP_MAIN_VIEW.html">Arbeta med inkommen e-post</target>
   </keywords>
   <keywords>
      <text FeatureID="-1">e-post, inställningar</text>
      <target FeatureID="-1" href="FSE_HLP_SETT.html">Inställningar</target>
   </keywords>
   <keywords>
      <text FeatureID="-1">e-post, kontoinställningar</text>
      <target FeatureID="-1" href="FSE_HLP_ACCT_INFO.html">Inställningar för e-postkonton</target>
   </keywords>
   <keywords>
      <text FeatureID="-1">e-post, synkronisering</text>
      <target FeatureID="-1" href="FSE_HLP_SYNC_SETT.html">Synkinställningar</target>
   </keywords>
</keywords>