<?xml version="1.0" encoding="UTF-8"?>
<keywords>
   <keywords>
      <text FeatureID="-1">irudiak editatzen</text>
      <target FeatureID="-1" href="SIE_HLP_MAIN.html">Argazkiak editatu</target>
   </keywords>
   <keywords>
      <text FeatureID="-1">testua editatzen</text>
      <target FeatureID="-1" href="SIE_HLP_EDIT_TEXT.html">Irudietako testua editatu</target>
   </keywords>
   <keywords>
      <text FeatureID="-1">irudien editorea</text>
      <target FeatureID="-1" href="SIE_HLP_EDIT_TEXT.html">Irudietako testua editatu</target>
   </keywords>
   <keywords>
      <text FeatureID="-1">handiagotutako edo txikiagotutako irudiak editatzen</text>
      <target FeatureID="-1" href="SIE_HLP_ZOOMING.html">Handiagotutako edo txikiagotutako irudiak editatu</target>
   </keywords>
   <keywords>
      <text FeatureID="-1">irudiak handitu edo txikitu</text>
      <target FeatureID="-1" href="SIE_HLP_ZOOMING.html">Handiagotutako edo txikiagotutako irudiak editatu</target>
   </keywords>
   <keywords>
      <text FeatureID="-1">Clip art bat editatzen</text>
      <target FeatureID="-1" href="SIE_HLP_EDIT_CLIPART.html">Clip art bat editatu</target>
   </keywords>
   <keywords>
      <text FeatureID="-1">Burbuia hizlariak editatzen</text>
      <target FeatureID="-1" href="SIE_HLP_EDIT_CLIPART.html">Clip art bat editatu</target>
   </keywords>
   <keywords>
      <text FeatureID="-1">begi gorrien efektua gutxitu.</text>
      <target FeatureID="-1" href="SIE_HLP_REDEYE.html">Begi gorrien efektua gutxitu.</target>
   </keywords>
</keywords>