<?xml version="1.0" encoding="UTF-8"?><?xml-stylesheet  href="../../theme/xsl/index2html.xslt" type="text/xsl"?>
<topics FeatureID="-1" title="Prehrávač hudby" compressed="true">
   <topicref FeatureID="-1" href="MUS_HLP_MUSIC_SUITE_VIEW.html" navtitle="Zložka Hudba"/>
   <topicref FeatureID="-1" href="MUS_HLP_TRACKS_VIEW.html" navtitle="Skladby"/>
   <topicref FeatureID="-1" href="MUS_HLP_CATEGORY_VIEW.html" navtitle="Hudobné kategórie"/>
   <topicref FeatureID="-1" href="MUS_HLP_PODCAST_MAIN_VIEW.html" navtitle="podcasty"/>
   <topicref FeatureID="-1" href="MUS_HLP_PODCAST_EPISODES.html" navtitle="Epizódy podcastov"/>
   <topicref FeatureID="-1" href="MUS_HLP_PLAYLISTS_VIEW.html" navtitle="Zoznamy hudobných nahrávok"/>
   <topicref FeatureID="-1" href="MUS_HLP_DOWNLOAD_PLAYBACK_VIEW.html" navtitle="Prehrávanie hudby na webe"/>
   <topicref FeatureID="-1" href="MUS_HLP_PLAYBACK_VIEW.html" navtitle="Prehrávač hudby"/>
   <topicref FeatureID="-1" href="MUS_HLP_LIB_MAIN_VIEW.html" navtitle="Hudobná knižnica"/>
   <topicref FeatureID="-1" href="MUS_HLP_METADATA_EDITING.html" navtitle="Úprava informácií o skladbe"/>
   <topicref FeatureID="-1" href="MUS_HLP_ALBUM_ART_EDITING.html" navtitle="Úprava grafiky albumu"/>
   <topicref FeatureID="-1" href="MUS_HLP_AUDIO_SETT.html" navtitle="Nastavenia zvuku"/>
</topics>