<?xml version="1.0" encoding="UTF-8"?>
<keywords>
   <keywords>
      <text FeatureID="-1">prehrávač hudby</text>
      <target FeatureID="-1" href="MUS_HLP_TRACKS_VIEW.html">Skladby</target>
      <target FeatureID="-1" href="MUS_HLP_CATEGORY_VIEW.html">Hudobné kategórie</target>
      <target FeatureID="-1" href="MUS_HLP_PODCAST_MAIN_VIEW.html">podcasty</target>
      <target FeatureID="-1" href="MUS_HLP_PODCAST_EPISODES.html">Epizódy podcastov</target>
      <target FeatureID="-1" href="MUS_HLP_PLAYLISTS_VIEW.html">Zoznamy hudobných nahrávok</target>
      <target FeatureID="-1" href="MUS_HLP_AUDIO_SETT.html">Nastavenia zvuku</target>
   </keywords>
   <keywords>
      <text FeatureID="-1">podcasting</text>
      <target FeatureID="-1" href="MUS_HLP_PODCAST_MAIN_VIEW.html">podcasty</target>
      <target FeatureID="-1" href="MUS_HLP_PODCAST_EPISODES.html">Epizódy podcastov</target>
   </keywords>
   <keywords>
      <text FeatureID="-1">zoznamy nahrávok</text>
      <target FeatureID="-1" href="MUS_HLP_PLAYLISTS_VIEW.html">Zoznamy hudobných nahrávok</target>
   </keywords>
   <keywords>
      <text FeatureID="-1">music player</text>
      <target FeatureID="-1" href="MUS_HLP_DOWNLOAD_PLAYBACK_VIEW.html">Play music on web</target>
      <target FeatureID="-1" href="MUS_HLP_LIB_MAIN_VIEW.html">Music library</target>
   </keywords>
   <keywords>
      <text FeatureID="-1">zvýraznenie basov</text>
      <target FeatureID="-1" href="MUS_HLP_AUDIO_SETT.html">Nastavenia zvuku</target>
   </keywords>
   <keywords>
      <text FeatureID="-1">rozšírenie sterea</text>
      <target FeatureID="-1" href="MUS_HLP_AUDIO_SETT.html">Nastavenia zvuku</target>
   </keywords>
</keywords>