<?xml version="1.0" encoding="UTF-8"?>
<keywords>
   <keywords>
      <text FeatureID="-1">cursuri de schimb</text>
      <target FeatureID="-1" href="CNV_HLP_RATES.html">Setări valută</target>
   </keywords>
   <keywords>
      <text FeatureID="-1">valută de referinţă</text>
      <target FeatureID="-1" href="CNV_HLP_RATES.html">Setări valută</target>
   </keywords>
   <keywords>
      <text FeatureID="-1">conversie valută</text>
      <target FeatureID="-1" href="CNV_HLP_RATES.html">Setări valută</target>
      <target FeatureID="-1" href="CNV_HLP_MAIN_STATE.html">Conversie unităţi</target>
   </keywords>
   <keywords>
      <text FeatureID="-1">conversie</text>
      <target FeatureID="-1" href="CNV_HLP_MAIN_STATE.html">Conversie unităţi</target>
   </keywords>
</keywords>