<?xml version="1.0" encoding="UTF-8"?>
<keywords>
   <keywords>
      <text FeatureID="-1">Mail for Exchange</text>
      <target FeatureID="-1" href="FSE_HLP_MFE_LAUNCHER_MAIN_VIEW.html">Mail for Exchange e-pošta</target>
   </keywords>
   <keywords>
      <text FeatureID="-1">napredne postavke spremnika</text>
      <target FeatureID="-1" href="FSE_HLP_MFE_SETTINGS_ADVANCED.html">Napredne postavke za spremnik</target>
   </keywords>
   <keywords>
      <text FeatureID="-1">postavke sinkronizacije e-pošte</text>
      <target FeatureID="-1" href="FSE_HLP_MFE_SETTINGS_PIM_APPS.html">Sinkronizacijske postavke programa</target>
   </keywords>
   <keywords>
      <text FeatureID="-1">sinkronizacija kalendara</text>
      <target FeatureID="-1" href="FSE_HLP_MFE_CALENDAR_APP.html">Sinkronizacijske postavke za Kalendar</target>
   </keywords>
   <keywords>
      <text FeatureID="-1">sinkronizacija kontakata,</text>
      <target FeatureID="-1" href="FSE_HLP_MFE_CONTACTS_APP.html">Sinkronizacijske postavke za Kontakte</target>
   </keywords>
   <keywords>
      <text FeatureID="-1">postavke spremnika</text>
      <target FeatureID="-1" href="FSE_HLP_MFE_SETTINGS_MAILBOX.html">Općenite postavke spremnika</target>
   </keywords>
   <keywords>
      <text FeatureID="-1">sadržaj sinkronizacije e-pošte</text>
      <target FeatureID="-1" href="FSE_HLP_MFE_SETTINGS_WHAT_SYNC.html">Odabir sadržaja sinkronizacije</target>
   </keywords>
   <keywords>
      <text FeatureID="-1">vrijeme sinkronizacije e-pošte</text>
      <target FeatureID="-1" href="FSE_HLP_MFE_SETTINGS_WHEN_SYNC.html">Odabir vremena sinkronizacije</target>
   </keywords>
   <keywords>
      <text FeatureID="-1">sinkronizacija mape e-pošte</text>
      <target FeatureID="-1" href="FSE_HLP_MFE_SETTINGS_FOLDER.html">Postavke sinkronizacije</target>
   </keywords>
   <keywords>
      <text FeatureID="-1">e-pošta, postavke</text>
      <target FeatureID="-1" href="FSE_HLP_MFE_SETTINGS_MAIN_VIEW.html">Postavke za e-poštu</target>
   </keywords>
   <keywords>
      <text FeatureID="-1">zapisi obveza sinkronizacije</text>
      <target FeatureID="-1" href="FSE_HLP_MFE_TASKS_APP.html">Postavke obveza sinkronizacije</target>
   </keywords>
</keywords>