<?xml version="1.0" encoding="UTF-8"?>
<keywords>
   <keywords>
      <text FeatureID="-1">editarea imaginilor</text>
      <target FeatureID="-1" href="SIE_HLP_MAIN.html">Edit. imagini</target>
   </keywords>
   <keywords>
      <text FeatureID="-1">editarea textului</text>
      <target FeatureID="-1" href="SIE_HLP_EDIT_TEXT.html">Edit. text în imag.</target>
   </keywords>
   <keywords>
      <text FeatureID="-1">editor de imagine</text>
      <target FeatureID="-1" href="SIE_HLP_EDIT_TEXT.html">Edit. text în imag.</target>
   </keywords>
   <keywords>
      <text FeatureID="-1">editarea imaginilor mărite/micşorate</text>
      <target FeatureID="-1" href="SIE_HLP_ZOOMING.html">Edit. imag. mărite/micşorate</target>
   </keywords>
   <keywords>
      <text FeatureID="-1">schimbare dimensiune imagini</text>
      <target FeatureID="-1" href="SIE_HLP_ZOOMING.html">Edit. imag. mărite/micşorate</target>
   </keywords>
   <keywords>
      <text FeatureID="-1">editarea clip art</text>
      <target FeatureID="-1" href="SIE_HLP_EDIT_CLIPART.html">Edit. clip art</target>
   </keywords>
   <keywords>
      <text FeatureID="-1">editarea bulelor de dialog</text>
      <target FeatureID="-1" href="SIE_HLP_EDIT_CLIPART.html">Edit. clip art</target>
   </keywords>
   <keywords>
      <text FeatureID="-1">reducere efect ochi roşii</text>
      <target FeatureID="-1" href="SIE_HLP_REDEYE.html">Reducerea efectului de ochi roşii</target>
   </keywords>
</keywords>