<?xml version="1.0" encoding="UTF-8"?>
<keywords>
   <keywords>
      <text FeatureID="-1">Mail for Exchange</text>
      <target FeatureID="-1" href="FSE_HLP_MFE_LAUNCHER_MAIN_VIEW.html">E-mail di Mail for Exchange</target>
   </keywords>
   <keywords>
      <text FeatureID="-1">impostazioni avanzate della casella e-mail</text>
      <target FeatureID="-1" href="FSE_HLP_MFE_SETTINGS_ADVANCED.html">Impostazioni avanzate della casella e-mail</target>
   </keywords>
   <keywords>
      <text FeatureID="-1">e-mail, impostazione sincronizzazione</text>
      <target FeatureID="-1" href="FSE_HLP_MFE_SETTINGS_PIM_APPS.html">Impostazioni avanzate di sincronizzazione</target>
   </keywords>
   <keywords>
      <text FeatureID="-1">agenda, sincronizzazione</text>
      <target FeatureID="-1" href="FSE_HLP_MFE_CALENDAR_APP.html">Impostazioni di sincronizzazione dell'Agenda</target>
   </keywords>
   <keywords>
      <text FeatureID="-1">rubrica, sincronizzazione,</text>
      <target FeatureID="-1" href="FSE_HLP_MFE_CONTACTS_APP.html">Impostazioni di sincronizzazione della Rubrica</target>
   </keywords>
   <keywords>
      <text FeatureID="-1">cas. e-mail, impostazioni</text>
      <target FeatureID="-1" href="FSE_HLP_MFE_SETTINGS_MAILBOX.html">Impostazioni generali della casella e-mail</target>
   </keywords>
   <keywords>
      <text FeatureID="-1">e-mail, contenuto sincronizzazione</text>
      <target FeatureID="-1" href="FSE_HLP_MFE_SETTINGS_WHAT_SYNC.html">Scelta del contenuto della sincronizzazione</target>
   </keywords>
   <keywords>
      <text FeatureID="-1">e-mail, ora sincronizzazione</text>
      <target FeatureID="-1" href="FSE_HLP_MFE_SETTINGS_WHEN_SYNC.html">Scelta dell'ora di sincronizzazione</target>
   </keywords>
   <keywords>
      <text FeatureID="-1">e-mail, sincronizzazione cartelle</text>
      <target FeatureID="-1" href="FSE_HLP_MFE_SETTINGS_FOLDER.html">Impostazioni per la sincronizzazione</target>
   </keywords>
   <keywords>
      <text FeatureID="-1">e-mail, impostazioni</text>
      <target FeatureID="-1" href="FSE_HLP_MFE_SETTINGS_MAIN_VIEW.html">Impostazioni e-mail</target>
   </keywords>
   <keywords>
      <text FeatureID="-1">impegni, sincronizzazione</text>
      <target FeatureID="-1" href="FSE_HLP_MFE_TASKS_APP.html">Impostazioni di sincronizzazione degli impegni</target>
   </keywords>
</keywords>