<?xml version="1.0" encoding="UTF-8"?>
<keywords>
   <keywords>
      <text FeatureID="true_298">telefónny záznamník</text>
      <target FeatureID="true_298" href="SMSVO_HLP_CS_VIDEO_AND_XSP_VOIP.html">Schránka hovorov, videohovorov alebo internetových hovorov</target>
   </keywords>
   <keywords>
      <text FeatureID="true_298">schránka internetových hovorov</text>
      <target FeatureID="true_298" href="SMSVO_HLP_CS_VIDEO_AND_XSP_VOIP.html">Schránka hovorov, videohovorov alebo internetových hovorov</target>
   </keywords>
   <keywords>
      <text FeatureID="true_298">schránka hovorov</text>
      <target FeatureID="true_298" href="SMSVO_HLP_CS_VIDEO_AND_XSP_VOIP.html">Schránka hovorov, videohovorov alebo internetových hovorov</target>
   </keywords>
   <keywords>
      <text FeatureID="-1">internetové hovory</text>
      <target FeatureID="-1" href="VOIP_HLP_CSC.html">Internetové nastavenia</target>
      <target FeatureID="true_298" href="VOIP_HLP_SERVCATALOG.html">Katalóg služieb</target>
      <target FeatureID="-1" href="SERVTAB_HLP_SETTINGS.html">Nastavenia karty služby</target>
   </keywords>
</keywords>