<?xml version="1.0" encoding="UTF-8"?>
<keywords>
   <keywords>
      <text FeatureID="-1">personalización de modos</text>
      <target FeatureID="-1" href="MODE_HLP_PERSONALISE.html">Personalización de modos</target>
   </keywords>
   <keywords>
      <text FeatureID="-1">ajuste de tonos</text>
      <target FeatureID="-1" href="SET_HLP_PERSONAL_TONES.html">Ajuste de tonos</target>
   </keywords>
   <keywords>
      <text FeatureID="-1">señales de llamada</text>
      <target FeatureID="-1" href="SET_HLP_PERSONAL_TONES.html">Ajuste de tonos</target>
   </keywords>
   <keywords>
      <text FeatureID="-1">modos</text>
      <target FeatureID="-1" href="MODE_HLP_PROFILES_LIST.html">Perfiles</target>
   </keywords>
   <keywords>
      <text FeatureID="-1">cambio de modo</text>
      <target FeatureID="-1" href="MODE_HLP_PROFILES_LIST.html">Perfiles</target>
   </keywords>
</keywords>