<?xml version="1.0" encoding="UTF-8"?>
<keywords>
   <keywords>
      <text FeatureID="-1">audio teme</text>
      <target FeatureID="-1" href="AUDIOTHEME_HLP_EVENTGROUPS.html">Promijeni audio teme</target>
      <target FeatureID="-1" href="SET_HLP_AUDIO_THEME_EVENTSLIST.html">Zvukovi događaja u uređaju</target>
   </keywords>
   <keywords>
      <text FeatureID="-1">personalizacija uređaja</text>
      <target FeatureID="-1" href="AUDIOTHEME_HLP_EVENTGROUPS.html">Promijeni audio teme</target>
      <target FeatureID="-1" href="SET_HLP_AUDIO_THEME_EVENTSLIST.html">Zvukovi događaja u uređaju</target>
   </keywords>
   <keywords>
      <text FeatureID="-1">zvukovi uređaja</text>
      <target FeatureID="-1" href="AUDIOTHEME_HLP_EVENTGROUPS.html">Promijeni audio teme</target>
      <target FeatureID="-1" href="SET_HLP_AUDIO_THEME_EVENTSLIST.html">Zvukovi događaja u uređaju</target>
   </keywords>
</keywords>