<?xml version="1.0" encoding="UTF-8"?>
<keywords>
   <keywords>
      <text FeatureID="-1">yazılım güncelleme</text>
      <target FeatureID="-1" href="SWUPDATE_HLP_MAIN.html">Yazılım güncelleme</target>
      <target FeatureID="-1" href="SWUPDATE_HLP_MAIN.html">Yazılım güncelleme</target>
   </keywords>
   <keywords>
      <text FeatureID="-1">yazılım güncelleme ayarları</text>
      <target FeatureID="-1" href="SWUPDATE_HLP_SETTINGS.html">Yazılım güncelleme ayarları</target>
   </keywords>
</keywords>