<?xml version="1.0" encoding="UTF-8"?>
<keywords>
   <keywords>
      <text FeatureID="-1">notları düzenleme</text>
      <target FeatureID="-1" href="NMAKE_HLP_MEMO_VIEWER_EDIT.html">Uygulamalarda notları düzenleme</target>
   </keywords>
   <keywords>
      <text FeatureID="-1">notlar alma</text>
      <target FeatureID="-1" href="NMAKE_HLP_MEMO_VIEWER.html">Alınan notları görme</target>
   </keywords>
   <keywords>
      <text FeatureID="-1">mesaj şablonları</text>
      <target FeatureID="-1" href="NMAKE_HLP_TEMPLATE_EDITOR.html">Mesaj şablonları yazma</target>
   </keywords>
   <keywords>
      <text FeatureID="-1">mesaj şablonları oluşturma</text>
      <target FeatureID="-1" href="NMAKE_HLP_TEMPLATE_EDITOR.html">Mesaj şablonları yazma</target>
   </keywords>
   <keywords>
      <text FeatureID="-1">mesaj şablonları yazma</text>
      <target FeatureID="-1" href="NMAKE_HLP_TEMPLATE_EDITOR.html">Mesaj şablonları yazma</target>
   </keywords>
   <keywords>
      <text FeatureID="-1">not listesi</text>
      <target FeatureID="-1" href="NMAKE_HLP_MEMO_LIST.html">Not listesi</target>
   </keywords>
   <keywords>
      <text FeatureID="-1">not yazma</text>
      <target FeatureID="-1" href="NMAKE_HLP_MEMO_LIST.html">Not listesi</target>
      <target FeatureID="-1" href="NMAKE_HLP_MEMO_EDITOR_APPS.html">Uygulamalarda notlar yazma</target>
      <target FeatureID="-1" href="NMAKE_HLP_MEMO_EDITOR.html">Not yazma</target>
   </keywords>
</keywords>