<?xml version="1.0" encoding="UTF-8"?>
<keywords>
   <keywords>
      <text FeatureID="-1">flash-fájl lejátszása</text>
      <target FeatureID="-1" href="FLITE_HLP_STOPPED.html">Flash-fájl lejátszásának befejezése</target>
      <target FeatureID="-1" href="FLITE_HLP_VIEWER_PAUSED.html">Flash-fájl lejátszásának szüneteltetése</target>
      <target FeatureID="-1" href="FLITE_HLP_VIEWER_PLAY.html">Flash-fájlok lejátszása</target>
   </keywords>
   <keywords>
      <text FeatureID="-1">Flash-lejátszó</text>
      <target FeatureID="-1" href="FLITE_HLP_STOPPED.html">Flash-fájl lejátszásának befejezése</target>
      <target FeatureID="-1" href="FLITE_HLP_VIEWER_PAUSED.html">Flash-fájl lejátszásának szüneteltetése</target>
      <target FeatureID="-1" href="FLITE_HLP_VIEWER_PLAY.html">Flash-fájlok lejátszása</target>
   </keywords>
</keywords>