<?xml version="1.0" encoding="UTF-8"?>
<keywords>
   <keywords>
      <text FeatureID="-1">kamera</text>
      <target FeatureID="-1" href="LCAM_HLP_VIEWFINDER_PHOTO.html">Valokuvaus</target>
      <target FeatureID="-1" href="LCAM_HLP_LIGHT_SENSITIVITY.html">Valonherkkyyden säätö</target>
      <target FeatureID="-1" href="LCAM_HLP_SETTINGS_PHOUSER.html">Kuvausohjelmien määritys</target>
      <target FeatureID="-1" href="LCAM_HLP_SCENES_PHOTO.html">Kuvausohjelmat</target>
      <target FeatureID="-1" href="LCAM_HLP_VIEWFINDER_VIDEO.html">Kuvaa videoleikkeitä</target>
      <target FeatureID="-1" href="LCAM_HLP_SCENES_VIDEO.html">Videoiden kuvausohjelmat</target>
      <target FeatureID="-1" href="LCAM_HLP_VIEWFINDER_VIDEO_EM.html">Videoiden käyttö sovelluksissa</target>
      <target FeatureID="-1" href="LCAM_HLP_STANDBY_EM.html">Kamera valmiustilassa</target>
      <target FeatureID="-1" href="LCAM_HLP_POST_VIDEO.html">Videoleikkeiden toistaminen</target>
      <target FeatureID="-1" href="LCAM_HLP_POST_PHOTO.html">Otettujen kuvien katselu</target>
   </keywords>
   <keywords>
      <text FeatureID="-1">kuvien ottaminen</text>
      <target FeatureID="-1" href="LCAM_HLP_VIEWFINDER_PHOTO.html">Valokuvaus</target>
   </keywords>
   <keywords>
      <text FeatureID="-1">valonherkkyys</text>
      <target FeatureID="-1" href="LCAM_HLP_LIGHT_SENSITIVITY.html">Valonherkkyyden säätö</target>
   </keywords>
   <keywords>
      <text FeatureID="-1">näkymät</text>
      <target FeatureID="-1" href="LCAM_HLP_SETTINGS_PHOUSER.html">Kuvausohjelmien määritys</target>
   </keywords>
   <keywords>
      <text FeatureID="-1">kuvausohjelmat</text>
      <target FeatureID="-1" href="LCAM_HLP_SCENES_PHOTO.html">Kuvausohjelmat</target>
   </keywords>
   <keywords>
      <text FeatureID="-1">kameran asetukset</text>
      <target FeatureID="-1" href="LCAM_HLP_SETTINGS.html">Kameran asetukset</target>
   </keywords>
   <keywords>
      <text FeatureID="-1">kamera, asetukset</text>
      <target FeatureID="-1" href="LCAM_HLP_SETTINGS_PHOTO.html">Kuva-asetukset</target>
      <target FeatureID="-1" href="LCAM_HLP_SETTINGS_VIDEO.html">Videon asetukset</target>
   </keywords>
   <keywords>
      <text FeatureID="-1">videon kuvaus</text>
      <target FeatureID="-1" href="LCAM_HLP_VIEWFINDER_VIDEO.html">Kuvaa videoleikkeitä</target>
   </keywords>
   <keywords>
      <text FeatureID="-1">videoiden kuvausohjelmat</text>
      <target FeatureID="-1" href="LCAM_HLP_SCENES_VIDEO.html">Videoiden kuvausohjelmat</target>
   </keywords>
   <keywords>
      <text FeatureID="-1">video, asetukset</text>
      <target FeatureID="-1" href="LCAM_HLP_SETTINGS_VIDEO.html">Videon asetukset</target>
   </keywords>
   <keywords>
      <text FeatureID="-1">videoleikkeiden käyttö sovelluksissa</text>
      <target FeatureID="-1" href="LCAM_HLP_VIEWFINDER_VIDEO_EM.html">Videoiden käyttö sovelluksissa</target>
   </keywords>
   <keywords>
      <text FeatureID="-1">toisto, videoleikkeet</text>
      <target FeatureID="-1" href="LCAM_HLP_POST_VIDEO.html">Videoleikkeiden toistaminen</target>
   </keywords>
   <keywords>
      <text FeatureID="-1">kamera sovelluksissa</text>
      <target FeatureID="-1" href="LCAM_HLP_VIEWFINDER_PHOTO_EM.html">Kuvat sovelluksissa</target>
   </keywords>
   <keywords>
      <text FeatureID="-1">kuvien katselu</text>
      <target FeatureID="-1" href="LCAM_HLP_POST_PHOTO.html">Otettujen kuvien katselu</target>
   </keywords>
</keywords>