<?xml version="1.0" encoding="UTF-8"?>
<keywords>
   <keywords>
      <text FeatureID="-1">kamera</text>
      <target FeatureID="-1" href="LCAM_HLP_VIEWFINDER_PHOTO.html">Kuvien ottaminen</target>
      <target FeatureID="false_410" href="LCAM_HLP_LIGHT_SENSITIVITY.html">Valonherkk. muuttaminen</target>
      <target FeatureID="-1" href="LCAM_HLP_SCENES_PHOTO.html">Kuvausohjelmat</target>
      <target FeatureID="-1" href="LCAM_HLP_VIEWFINDER_VIDEO.html">Videoleikkeiden kuvaus</target>
      <target FeatureID="false_410" href="LCAM_HLP_SCENES_VIDEO.html">Video­näkymät</target>
      <target FeatureID="-1" href="LCAM_HLP_VIEWFINDER_VIDEO_EM.html">Videoiden käyttö sovelluksissa</target>
      <target FeatureID="false_410" href="LCAM_HLP_STANDYBY_EM.html">Kamera valmiustilassa</target>
      <target FeatureID="-1" href="LCAM_HLP_POST_VIDEO.html">Videoleikkeiden toistaminen</target>
      <target FeatureID="-1" href="LCAM_HLP_POST_PHOTO.html">Otettujen kuvien katselu</target>
      <target FeatureID="true_132" href="LCAM_HLP_POST_SEQ.html">Kuvasarjan kuvien tarkastelu</target>
   </keywords>
   <keywords>
      <text FeatureID="-1">kuvien ottaminen</text>
      <target FeatureID="-1" href="LCAM_HLP_VIEWFINDER_PHOTO.html">Kuvien ottaminen</target>
   </keywords>
   <keywords>
      <text FeatureID="false_410">valonherkkyys</text>
      <target FeatureID="false_410" href="LCAM_HLP_LIGHT_SENSITIVITY.html">Valonherkk. muuttaminen</target>
   </keywords>
   <keywords>
      <text FeatureID="-1">kameran kuvausohjelmat</text>
      <target FeatureID="-1" href="LCAM_HLP_SETTINGS_PHOUSER.html">Kuvausohjelmien määritys</target>
   </keywords>
   <keywords>
      <text FeatureID="-1">kuvausohjelmat</text>
      <target FeatureID="-1" href="LCAM_HLP_SCENES_PHOTO.html">Kuvausohjelmat</target>
   </keywords>
   <keywords>
      <text FeatureID="-1">kameran asetukset</text>
      <target FeatureID="-1" href="LCAM_HLP_SETTINGS.html">Kameran asetukset</target>
   </keywords>
   <keywords>
      <text FeatureID="-1">kamera, asetukset</text>
      <target FeatureID="-1" href="LCAM_HLP_SETTINGS_PHOTO.html">Kuva-asetukset</target>
      <target FeatureID="-1" href="LCAM_HLP_SETTINGS_VIDEO.html">Videon asetukset</target>
   </keywords>
   <keywords>
      <text FeatureID="-1">videon kuvaus</text>
      <target FeatureID="-1" href="LCAM_HLP_VIEWFINDER_VIDEO.html">Videoleikkeiden kuvaus</target>
   </keywords>
   <keywords>
      <text FeatureID="false_410">videon kuvausohjelmat</text>
      <target FeatureID="false_410" href="LCAM_HLP_SCENES_VIDEO.html">Video­näkymät</target>
   </keywords>
   <keywords>
      <text FeatureID="-1">video, asetukset</text>
      <target FeatureID="-1" href="LCAM_HLP_SETTINGS_VIDEO.html">Videon asetukset</target>
   </keywords>
   <keywords>
      <text FeatureID="-1">videoleikkeiden käyttö sovelluksissa</text>
      <target FeatureID="-1" href="LCAM_HLP_VIEWFINDER_VIDEO_EM.html">Videoiden käyttö sovelluksissa</target>
   </keywords>
   <keywords>
      <text FeatureID="-1">videoleikkeiden toistaminen</text>
      <target FeatureID="-1" href="LCAM_HLP_POST_VIDEO.html">Videoleikkeiden toistaminen</target>
   </keywords>
   <keywords>
      <text FeatureID="-1">kamera sovelluksissa</text>
      <target FeatureID="-1" href="LCAM_HLP_VIEWFINDER_PHOTO_EM.html">Kuvat sovelluksissa</target>
   </keywords>
   <keywords>
      <text FeatureID="-1">kuvien katseleminen</text>
      <target FeatureID="-1" href="LCAM_HLP_POST_PHOTO.html">Otettujen kuvien katselu</target>
   </keywords>
   <keywords>
      <text FeatureID="true_132">sarjakuvaustila</text>
      <target FeatureID="true_132" href="LCAM_HLP_POST_SEQ.html">Kuvasarjan kuvien tarkastelu</target>
   </keywords>
</keywords>