<?xml version="1.0" encoding="UTF-8"?>
<keywords>
   <keywords>
      <text FeatureID="-1">saturs koplietošanai</text>
      <target FeatureID="-1" href="UPNP_HLP_SHARE_CONTENT.html">Satura izvēle koplietošanai</target>
   </keywords>
   <keywords>
      <text FeatureID="-1">mājas aparatūra</text>
      <target FeatureID="-1" href="UPNP_HLP_SHARE_CONTENT.html">Satura izvēle koplietošanai</target>
      <target FeatureID="-1" href="UPNP_HLP_SHARING_PROP.html">Sūtīšanas uzstādījumi</target>
      <target FeatureID="-1" href="UPNP_HLP_MAIN_VIEW.html">Mājas aparatūra</target>
      <target FeatureID="-1" href="UPNP_HLP_MAIN_EXTERNAL.html">Mājas multivides ierīces</target>
      <target FeatureID="-1" href="UPNP_HLP_CONTENT_VIEW.html">Mājas multivides faili</target>
      <target FeatureID="-1" href="UPNP_HLP_REMOTE_DEVICES.html">Mājas multivides mapes</target>
      <target FeatureID="-1" href="UPNP_HLP_SEARCH.html">Meklēšanas rezultāti</target>
   </keywords>
   <keywords>
      <text FeatureID="-1">attēlu un videoklipu koplietošana</text>
      <target FeatureID="-1" href="UPNP_HLP_SHARE_CONTENT.html">Satura izvēle koplietošanai</target>
   </keywords>
   <keywords>
      <text FeatureID="-1">multivides failu koplietošana</text>
      <target FeatureID="-1" href="UPNP_HLP_SHARING_PROP.html">Sūtīšanas uzstādījumi</target>
      <target FeatureID="-1" href="UPNP_HLP_MAIN_VIEW.html">Mājas aparatūra</target>
      <target FeatureID="-1" href="UPNP_HLP_MAIN_EXTERNAL.html">Mājas multivides ierīces</target>
      <target FeatureID="-1" href="UPNP_HLP_CONTENT_VIEW.html">Mājas multivides faili</target>
      <target FeatureID="-1" href="UPNP_HLP_REMOTE_DEVICES.html">Mājas multivides mapes</target>
      <target FeatureID="-1" href="UPNP_HLP_SEARCH.html">Meklēšanas rezultāti</target>
   </keywords>
   <keywords>
      <text FeatureID="-1">failu skatīšana attālajā ierīcē</text>
      <target FeatureID="-1" href="UPNP_HLP_SHARING_PROP.html">Sūtīšanas uzstādījumi</target>
      <target FeatureID="-1" href="UPNP_HLP_MAIN_VIEW.html">Mājas aparatūra</target>
      <target FeatureID="-1" href="UPNP_HLP_MAIN_EXTERNAL.html">Mājas multivides ierīces</target>
      <target FeatureID="-1" href="UPNP_HLP_CONTENT_VIEW.html">Mājas multivides faili</target>
      <target FeatureID="-1" href="UPNP_HLP_REMOTE_DEVICES.html">Mājas multivides mapes</target>
      <target FeatureID="-1" href="UPNP_HLP_SEARCH.html">Meklēšanas rezultāti</target>
   </keywords>
   <keywords>
      <text FeatureID="-1">koplietošanas parametri</text>
      <target FeatureID="-1" href="UPNP_HLP_SHARING_PROP.html">Sūtīšanas uzstādījumi</target>
   </keywords>
</keywords>