<?xml version="1.0" encoding="UTF-8"?>
<keywords>
   <keywords>
      <text FeatureID="-1">ρολόι, αφυπνίσεις</text>
      <target FeatureID="-1" href="CLK_HLP_ALARM_EDITOR.html">Επεξεργασία αφύπνισης</target>
      <target FeatureID="-1" href="CLK_HLP_REAL_TIME_CLOCK_IN.html">Κύρια προβολή ρολογιού</target>
   </keywords>
   <keywords>
      <text FeatureID="-1">ρολόι αφύπνισης</text>
      <target FeatureID="-1" href="CLK_HLP_ALARM_EDITOR.html">Επεξεργασία αφύπνισης</target>
      <target FeatureID="-1" href="CLK_HLP_REAL_TIME_CLOCK_IN.html">Κύρια προβολή ρολογιού</target>
   </keywords>
   <keywords>
      <text FeatureID="-1">ρολόι</text>
      <target FeatureID="-1" href="CLK_HLP_CNTDWN.html">Χρονομετρητής αντίστροφης μέτρησης</target>
      <target FeatureID="-1" href="CLK_HLP_WRLD_CLK.html">Παγκόσμιο ρολόι</target>
   </keywords>
   <keywords>
      <text FeatureID="-1">χρονομετρητές</text>
      <target FeatureID="-1" href="CLK_HLP_CNTDWN.html">Χρονομετρητής αντίστροφης μέτρησης</target>
   </keywords>
   <keywords>
      <text FeatureID="-1">ρυθμ. ημ/νίας και ώρας</text>
      <target FeatureID="-1" href="CLK_HLP_SETTINGS.html">Ρυθμίσεις ημερομηνίας και ώρας</target>
   </keywords>
   <keywords>
      <text FeatureID="-1">ρυθμίσεις ρολογιού</text>
      <target FeatureID="-1" href="CLK_HLP_SETTINGS.html">Ρυθμίσεις ημερομηνίας και ώρας</target>
   </keywords>
   <keywords>
      <text FeatureID="-1">ρολόι, ζώνες ώρας</text>
      <target FeatureID="-1" href="CLK_HLP_REAL_TIME_CLOCK_AN.html">Τοπική ώρα</target>
   </keywords>
   <keywords>
      <text FeatureID="-1">τοπική ώρα και ζώνη ώρας</text>
      <target FeatureID="-1" href="CLK_HLP_REAL_TIME_CLOCK_AN.html">Τοπική ώρα</target>
   </keywords>
   <keywords>
      <text FeatureID="-1">χρονοδιακόπτης</text>
      <target FeatureID="-1" href="CCLK_HLP_STPWTCH.html">Χρονοδιακόπτης</target>
   </keywords>
   <keywords>
      <text FeatureID="-1">ρολόγια πόλεων</text>
      <target FeatureID="-1" href="CLK_HLP_WRLD_CLK.html">Παγκόσμιο ρολόι</target>
   </keywords>
   <keywords>
      <text FeatureID="-1">παγκόσμιο ρολόι</text>
      <target FeatureID="-1" href="CLK_HLP_WRLD_CLK.html">Παγκόσμιο ρολόι</target>
   </keywords>
</keywords>