<?xml version="1.0" encoding="UTF-8"?>
<keywords>
   <keywords>
      <text FeatureID="-1">contido para compartir</text>
      <target FeatureID="-1" href="UPNP_HLP_SHARE_CONTENT.html">Selección de contido para compartir</target>
   </keywords>
   <keywords>
      <text FeatureID="-1">soportes multimedia propios</text>
      <target FeatureID="-1" href="UPNP_HLP_SHARE_CONTENT.html">Selección de contido para compartir</target>
      <target FeatureID="-1" href="UPNP_HLP_SHARING_PROP.html">Axustes de Compartir</target>
      <target FeatureID="-1" href="UPNP_HLP_MAIN_VIEW.html">Medios domésticos</target>
      <target FeatureID="-1" href="UPNP_HLP_MAIN_EXTERNAL.html">Dispositivos multimedia domésticos</target>
      <target FeatureID="-1" href="UPNP_HLP_CONTENT_VIEW.html">Ficheiros multimedia domésticos</target>
      <target FeatureID="-1" href="UPNP_HLP_REMOTE_DEVICES.html">Cartafoles multimedia propios</target>
      <target FeatureID="-1" href="UPNP_HLP_SEARCH.html">Resultados de busca</target>
   </keywords>
   <keywords>
      <text FeatureID="-1">compartir imaxes e vídeos</text>
      <target FeatureID="-1" href="UPNP_HLP_SHARE_CONTENT.html">Selección de contido para compartir</target>
   </keywords>
   <keywords>
      <text FeatureID="-1">compartir ficheiros multimedia</text>
      <target FeatureID="-1" href="UPNP_HLP_SHARING_PROP.html">Axustes de Compartir</target>
      <target FeatureID="-1" href="UPNP_HLP_MAIN_VIEW.html">Medios domésticos</target>
      <target FeatureID="-1" href="UPNP_HLP_MAIN_EXTERNAL.html">Dispositivos multimedia domésticos</target>
      <target FeatureID="-1" href="UPNP_HLP_CONTENT_VIEW.html">Ficheiros multimedia domésticos</target>
      <target FeatureID="-1" href="UPNP_HLP_REMOTE_DEVICES.html">Cartafoles multimedia propios</target>
      <target FeatureID="-1" href="UPNP_HLP_SEARCH.html">Resultados de busca</target>
   </keywords>
   <keywords>
      <text FeatureID="-1">ver ficheiros nun dispositivo remoto</text>
      <target FeatureID="-1" href="UPNP_HLP_SHARING_PROP.html">Axustes de Compartir</target>
      <target FeatureID="-1" href="UPNP_HLP_MAIN_VIEW.html">Medios domésticos</target>
      <target FeatureID="-1" href="UPNP_HLP_MAIN_EXTERNAL.html">Dispositivos multimedia domésticos</target>
      <target FeatureID="-1" href="UPNP_HLP_CONTENT_VIEW.html">Ficheiros multimedia domésticos</target>
      <target FeatureID="-1" href="UPNP_HLP_REMOTE_DEVICES.html">Cartafoles multimedia propios</target>
      <target FeatureID="-1" href="UPNP_HLP_SEARCH.html">Resultados de busca</target>
   </keywords>
   <keywords>
      <text FeatureID="-1">compartir propiedades</text>
      <target FeatureID="-1" href="UPNP_HLP_SHARING_PROP.html">Axustes de Compartir</target>
   </keywords>
</keywords>