<?xml version="1.0" encoding="UTF-8"?>
<keywords>
   <keywords>
      <text FeatureID="-1">glazbeni paket</text>
      <target FeatureID="-1" href="MUS_HLP_MUSIC_SUITE_VIEW.html">Glazbeni paket</target>
   </keywords>
   <keywords>
      <text FeatureID="-1">music player</text>
      <target FeatureID="-1" href="MUS_HLP_TRACKS_VIEW.html">Pjesme</target>
      <target FeatureID="-1" href="MUS_HLP_CATEGORY_VIEW.html">Glazbene kategorije</target>
      <target FeatureID="-1" href="MUS_HLP_PODCAST_MAIN_VIEW.html">Podkasti</target>
      <target FeatureID="-1" href="MUS_HLP_PODCAST_EPISODES.html">Epizode podkasta</target>
      <target FeatureID="-1" href="MUS_HLP_PLAYLISTS_VIEW.html">Glazbeni popisi pjesama</target>
      <target FeatureID="-1" href="MUS_HLP_DOWNLOAD_PLAYBACK_VIEW.html">Reproduciranje glazbe na internetu</target>
      <target FeatureID="-1" href="MUS_HLP_PLAYBACK_VIEW.html">Reproduciraj glazbu</target>
      <target FeatureID="-1" href="MUS_HLP_LIB_MAIN_VIEW.html">Glazbena biblioteka</target>
      <target FeatureID="-1" href="MUS_HLP_METADATA_EDITING.html">Uređivanje podataka o pjesmi</target>
      <target FeatureID="-1" href="MUS_HLP_ALBUM_ART_EDITING.html">Uređivanje grafičke opreme albuma</target>
      <target FeatureID="-1" href="MUS_HLP_AUDIO_SETT.html">Audio postavke</target>
   </keywords>
   <keywords>
      <text FeatureID="-1">podkasting</text>
      <target FeatureID="-1" href="MUS_HLP_PODCAST_MAIN_VIEW.html">Podkasti</target>
      <target FeatureID="-1" href="MUS_HLP_PODCAST_EPISODES.html">Epizode podkasta</target>
   </keywords>
   <keywords>
      <text FeatureID="-1">popisi pjesama</text>
      <target FeatureID="-1" href="MUS_HLP_PLAYLISTS_VIEW.html">Glazbeni popisi pjesama</target>
   </keywords>
   <keywords>
      <text FeatureID="-1">grafička oprema albuma</text>
      <target FeatureID="-1" href="MUS_HLP_ALBUM_ART_EDITING.html">Uređivanje grafičke opreme albuma</target>
   </keywords>
   <keywords>
      <text FeatureID="-1">booster niskih tonova</text>
      <target FeatureID="-1" href="MUS_HLP_AUDIO_SETT.html">Audio postavke</target>
   </keywords>
   <keywords>
      <text FeatureID="-1">stereo širenje</text>
      <target FeatureID="-1" href="MUS_HLP_AUDIO_SETT.html">Audio postavke</target>
   </keywords>
</keywords>