<?xml version="1.0" encoding="UTF-8"?>
<keywords>
   <keywords>
      <text FeatureID="-1">music player</text>
      <target FeatureID="-1" href="MUS_HLP_TRACKS_VIEW.html">Pjesme</target>
      <target FeatureID="-1" href="MUS_HLP_CATEGORY_VIEW.html">Glazbene kategorije</target>
      <target FeatureID="-1" href="MUS_HLP_PODCAST_MAIN_VIEW.html">Podkasti</target>
      <target FeatureID="-1" href="MUS_HLP_PODCAST_EPISODES.html">Epizode podkasta</target>
      <target FeatureID="-1" href="MUS_HLP_PLAYLISTS_VIEW.html">Glazbeni popisi pjesama</target>
      <target FeatureID="-1" href="MUS_HLP_DOWNLOAD_PLAYBACK_VIEW.html">Play music on web</target>
      <target FeatureID="-1" href="MUS_HLP_LIB_MAIN_VIEW.html">Music library</target>
      <target FeatureID="-1" href="MUS_HLP_AUDIO_SETT.html">Audio postavke</target>
   </keywords>
   <keywords>
      <text FeatureID="-1">podkasting</text>
      <target FeatureID="-1" href="MUS_HLP_PODCAST_MAIN_VIEW.html">Podkasti</target>
      <target FeatureID="-1" href="MUS_HLP_PODCAST_EPISODES.html">Epizode podkasta</target>
   </keywords>
   <keywords>
      <text FeatureID="-1">popisi pjesama</text>
      <target FeatureID="-1" href="MUS_HLP_PLAYLISTS_VIEW.html">Glazbeni popisi pjesama</target>
   </keywords>
   <keywords>
      <text FeatureID="-1">booster niskih tonova</text>
      <target FeatureID="-1" href="MUS_HLP_AUDIO_SETT.html">Audio postavke</target>
   </keywords>
   <keywords>
      <text FeatureID="-1">stereo širenje</text>
      <target FeatureID="-1" href="MUS_HLP_AUDIO_SETT.html">Audio postavke</target>
   </keywords>
</keywords>