<?xml version="1.0" encoding="UTF-8"?>
<keywords>
   <keywords>
      <text FeatureID="-1">certificados</text>
      <target FeatureID="-1" href="AM_HLP_GENERAL_SETTINGS.html">Configurações de certificados</target>
   </keywords>
   <keywords>
      <text FeatureID="-1">configurações, certificados</text>
      <target FeatureID="-1" href="AM_HLP_GENERAL_SETTINGS.html">Configurações de certificados</target>
   </keywords>
   <keywords>
      <text FeatureID="-1">instalar aplicativos</text>
      <target FeatureID="-1" href="AM_HLP_NOT_INSTALLED.html">Arqs. instalação</target>
      <target FeatureID="-1" href="AM_HLP_APPLICATION.html">Gerenciar aplicativos</target>
   </keywords>
   <keywords>
      <text FeatureID="-1">aplicativos não instalados</text>
      <target FeatureID="-1" href="AM_HLP_NOT_INSTALLED.html">Arqs. instalação</target>
   </keywords>
   <keywords>
      <text FeatureID="-1">aplicativos instalados</text>
      <target FeatureID="-1" href="AM_HLP_INSTALLED.html">Aplicativos instalados</target>
   </keywords>
   <keywords>
      <text FeatureID="-1">instalando software</text>
      <target FeatureID="-1" href="AM_HLP_APPLICATION.html">Gerenciar aplicativos</target>
   </keywords>
   <keywords>
      <text FeatureID="-1">solicitações de permissão</text>
      <target FeatureID="-1" href="AM_HLP_INSTALL_CAPAB.html">Solicitações de permissão</target>
   </keywords>
   <keywords>
      <text FeatureID="-1">instalação não confiável</text>
      <target FeatureID="-1" href="AM_HLP_INSTALL_UNTRUSTED.html">Instalação não confiável</target>
   </keywords>
</keywords>