<?xml version="1.0" encoding="UTF-8"?>
<keywords>
   <keywords>
      <text FeatureID="true_410">llamadas, realizar</text>
      <target FeatureID="true_410" href="DIALER_HLP_MAIN.html">Realiz. llam. de tel.</target>
   </keywords>
   <keywords>
      <text FeatureID="-1">llamadas telefónicas</text>
      <target FeatureID="-1" href="INCAL_HLP_CALL_HANDLING.html">Llamadas telefónicas</target>
   </keywords>
   <keywords>
      <text FeatureID="-1">llamadas de multiconferencia</text>
      <target FeatureID="-1" href="INCAL_HLP_CALL_HANDLING.html">Llamadas telefónicas</target>
   </keywords>
   <keywords>
      <text FeatureID="-1">intercambiar llamadas</text>
      <target FeatureID="-1" href="INCAL_HLP_CALL_HANDLING.html">Llamadas telefónicas</target>
   </keywords>
   <keywords>
      <text FeatureID="-1">teléfono</text>
      <target FeatureID="-1" href="INCAL_HLP_CALL_HANDLING.html">Llamadas telefónicas</target>
   </keywords>
   <keywords>
      <text FeatureID="true_410">Tonos DTMF</text>
      <target FeatureID="true_410" href="DIALER_HLP_SEND_DTMF.html">Enviar tonos DTMF</target>
   </keywords>
   <keywords>
      <text FeatureID="true_89">llamadas de video</text>
      <target FeatureID="true_89" href="INCAL_HLP_VIDEO_CALL.html">Llamadas de video</target>
   </keywords>
</keywords>