<?xml version="1.0" encoding="UTF-8"?>
<keywords>
   <keywords>
      <text FeatureID="-1">administrador de dispositius</text>
      <target FeatureID="-1" href="DM_HLP_MAIN_VIEW.html">Programari del dispositiu</target>
      <target FeatureID="-1" href="DM_HLP_SETTINGS.html">Configuració del perfil del servidor</target>
      <target FeatureID="-1" href="DM_HLP_SERVERS_VIEW.html">Configuració remota</target>
   </keywords>
   <keywords>
      <text FeatureID="-1">configuració</text>
      <target FeatureID="-1" href="DM_HLP_MAIN_VIEW.html">Programari del dispositiu</target>
   </keywords>
   <keywords>
      <text FeatureID="-1">Administrador de dispositius</text>
      <target FeatureID="-1" href="FOTA_HLP_SETTINGS.html">Configuració d'actualització del programari</target>
   </keywords>
   <keywords>
      <text FeatureID="-1">configuració d'actualització del programari</text>
      <target FeatureID="-1" href="FOTA_HLP_SETTINGS.html">Configuració d'actualització del programari</target>
   </keywords>
   <keywords>
      <text FeatureID="-1">configuració del perfil del servidor</text>
      <target FeatureID="-1" href="DM_HLP_SETTINGS.html">Configuració del perfil del servidor</target>
   </keywords>
   <keywords>
      <text FeatureID="-1">configuració remota</text>
      <target FeatureID="-1" href="DM_HLP_SERVERS_VIEW.html">Configuració remota</target>
   </keywords>
</keywords>