<?xml version="1.0" encoding="UTF-8"?>
<keywords>
   <keywords>
      <text FeatureID="true_410">набиране</text>
      <target FeatureID="true_410" href="DIALER_HLP_MAIN.html">Телефонни повиквания</target>
   </keywords>
   <keywords>
      <text FeatureID="-1">телефонни повиквания</text>
      <target FeatureID="true_410" href="DIALER_HLP_MAIN.html">Телефонни повиквания</target>
      <target FeatureID="-1" href="INCAL_HLP_CALL_HANDLING.html">Телефонни повиквания</target>
   </keywords>
   <keywords>
      <text FeatureID="-1">конферентни разговори</text>
      <target FeatureID="-1" href="INCAL_HLP_CALL_HANDLING.html">Телефонни повиквания</target>
   </keywords>
   <keywords>
      <text FeatureID="-1">превключване между разговорите</text>
      <target FeatureID="-1" href="INCAL_HLP_CALL_HANDLING.html">Телефонни повиквания</target>
   </keywords>
   <keywords>
      <text FeatureID="-1">телефон</text>
      <target FeatureID="-1" href="INCAL_HLP_CALL_HANDLING.html">Телефонни повиквания</target>
   </keywords>
   <keywords>
      <text FeatureID="true_410">DTMF тонове</text>
      <target FeatureID="true_410" href="DIALER_HLP_SEND_DTMF.html">Изпращане на DTMF тонове</target>
   </keywords>
   <keywords>
      <text FeatureID="true_89">видео повиквания</text>
      <target FeatureID="true_89" href="INCAL_HLP_VIDEO_CALL.html">Видео повиквания</target>
   </keywords>
</keywords>