<?xml version="1.0" encoding="UTF-8"?>
<keywords>
   <keywords>
      <text FeatureID="-1">anniversary entries</text>
      <target FeatureID="-1" href="FSCA_HLP_ANNIVERSARY_EDITOR.html">Create anniversary entries</target>
      <target FeatureID="-1" href="FSCA_HLP_ANNI_VIEWER.html">Edit anniversary entries</target>
   </keywords>
   <keywords>
      <text FeatureID="-1">meeting entries</text>
      <target FeatureID="-1" href="FSCA_HLP_CALE_MEETING_EDITOR.html">Create meeting entries</target>
      <target FeatureID="-1" href="FSCA_HLP_CALE_MEETING_VIEWER.html">Edit meeting entries</target>
   </keywords>
   <keywords>
      <text FeatureID="-1">memo entries</text>
      <target FeatureID="-1" href="FSCA_HLP_MEMO_EDITOR.html">Create memo entries</target>
      <target FeatureID="-1" href="FSCA_HLP_MEMO_VIEWER.html">Edit memo entries</target>
   </keywords>
   <keywords>
      <text FeatureID="-1">to-do entries</text>
      <target FeatureID="-1" href="FSCA_HLP_TODO_EDITOR.html">Create to-do entries</target>
      <target FeatureID="-1" href="FSCA_HLP_TODO_VIEWER.html">Edit to-do entries</target>
   </keywords>
   <keywords>
      <text FeatureID="-1">meeting requests</text>
      <target FeatureID="-1" href="FSCA_HLP_RESPONSE_EDITOR.html">Edit your response</target>
      <target FeatureID="-1" href="FSCA_HLP_VIEWER_ORGANIZER.html">Manage meeting requests</target>
      <target FeatureID="-1" href="MEET_REQ_HLP_EDITOR.html">Received meeting requests</target>
      <target FeatureID="-1" href="FSCA_HLP_VIEWER.html">Respond to meeting requests</target>
   </keywords>
   <keywords>
      <text FeatureID="-1">yhteystiedot</text>
      <target FeatureID="-1" href="RLOOK_HLP_INFO_VIEW.html">Löytyneen nimen hallinta</target>
   </keywords>
   <keywords>
      <text FeatureID="-1">yhteystiedot, etsiminen</text>
      <target FeatureID="-1" href="RLOOK_HLP_RESULT_VIEW.html">Etsinnän tulokset</target>
   </keywords>
   <keywords>
      <text FeatureID="-1">sähköposti, liitteet</text>
      <target FeatureID="-1" href="FSE_HLP_ATTACHMENT_LIST_EDITOR.html">Liitteiden lisääminen</target>
   </keywords>
   <keywords>
      <text FeatureID="-1">poistetut sähköpostit</text>
      <target FeatureID="-1" href="FSE_HLP_MESSAGE_LIST_DELETED.html">Poistetut sähköpostiviestit</target>
   </keywords>
   <keywords>
      <text FeatureID="-1">sähköpostiliitteiden hakeminen</text>
      <target FeatureID="-1" href="FSE_HLP_ATTACHMENT_LIST.html">Liitteiden hakeminen</target>
   </keywords>
   <keywords>
      <text FeatureID="-1">sähköpostiluonnokset</text>
      <target FeatureID="-1" href="FSE_HLP_MESSAGE_LIST_DRAFTS.html">Sähköpostiviestien luonnokset</target>
   </keywords>
   <keywords>
      <text FeatureID="-1">Nokia-sähköposti</text>
      <target FeatureID="-1" href="FSE_HLP_LAUNCHER_GRID.html">Nokia-sähköposti</target>
   </keywords>
   <keywords>
      <text FeatureID="-1">sähköposti</text>
      <target FeatureID="-1" href="FSE_HLP_LAUNCHER_GRID.html">Nokia-sähköposti</target>
   </keywords>
   <keywords>
      <text FeatureID="-1">sähköpostikansiot</text>
      <target FeatureID="-1" href="FSE_HLP_FOLDER_LIST.html">Sähköpostikansiot</target>
      <target FeatureID="-1" href="FSE_HLP_SETT_IMAP_SUBSCR.html">Kansioiden tilaaminen</target>
      <target FeatureID="-1" href="FSE_HLP_MESSAGE_LIST_INBOX.html">Sähköpostikansioiden käsittely</target>
   </keywords>
   <keywords>
      <text FeatureID="-1">sähköposti­asetukset</text>
      <target FeatureID="-1" href="FSE_HLP_LAUNCHER_SETTINGS.html">Yleiset sähköpostiasetukset</target>
      <target FeatureID="-1" href="FSE_HLP_POP_IMAP_SETT_MAIN.html">Sähköpostiasetukset</target>
      <target FeatureID="-1" href="FSE_HLP_MFE_SETTINGS_MAIN_VIEW.html">Sähköpostiasetukset</target>
   </keywords>
   <keywords>
      <text FeatureID="-1">yleiset sähköpostiasetukset</text>
      <target FeatureID="-1" href="FSE_HLP_SETTINGS_GLOBAL.html">Yleiset sähköpostiasetukset</target>
   </keywords>
   <keywords>
      <text FeatureID="-1">HTML-sähköposti</text>
      <target FeatureID="-1" href="FS_VIEWER_HLP_HTML_VIEW.html">HTML-muotoiltu sähköposti</target>
   </keywords>
   <keywords>
      <text FeatureID="-1">sähköpostin lisäasetukset</text>
      <target FeatureID="-1" href="FSE_HLP_POP_IMAP_SETT_ADV.html">Sähköpostin lisäasetukset</target>
   </keywords>
   <keywords>
      <text FeatureID="-1">saapuvan sähköpostin asetukset</text>
      <target FeatureID="-1" href="FSE_HLP_POP_IMAP_SETT_INCOMING.html">Saapuvan sähköpostin asetukset</target>
   </keywords>
   <keywords>
      <text FeatureID="-1">lähtevän sähköpostin asetukset</text>
      <target FeatureID="-1" href="FSE_HLP_POP_IMAP_SETT_OUTGOING.html">Lähtevän sähköpostin asetukset</target>
   </keywords>
   <keywords>
      <text FeatureID="-1">sähköpostin synkronointi</text>
      <target FeatureID="-1" href="FSE_HLP_POP_IMAP_SETT_WHAT.html">Synkronoitavan sisällön valinta</target>
   </keywords>
   <keywords>
      <text FeatureID="-1">sähköpostin synkronointiaika</text>
      <target FeatureID="-1" href="FSE_HLP_POP_IMAP_SETT_WHEN.html">Synkronointiajan valinta</target>
      <target FeatureID="-1" href="FSE_HLP_MFE_SETTINGS_WHEN_SYNC.html">Synkronointiajan valitseminen</target>
      <target FeatureID="-1" href="FSE_HLP_SETTINGS_WHEN_SYNC.html">Synkronointiaika</target>
   </keywords>
   <keywords>
      <text FeatureID="-1">Mail for Exchange</text>
      <target FeatureID="-1" href="FSE_HLP_MFE_LAUNCHER_MAIN_VIEW.html">Mail for Exchange -sähköposti</target>
   </keywords>
   <keywords>
      <text FeatureID="-1">sähköpostin tiedot</text>
      <target FeatureID="-1" href="FS_VIEWER_HLP_DETAILS_VIEW.html">Viestin tiedot</target>
   </keywords>
   <keywords>
      <text FeatureID="-1">postilaatikon lisäasetukset</text>
      <target FeatureID="-1" href="FSE_HLP_MFE_SETTINGS_ADVANCED.html">Postilaatikon lisäasetukset</target>
   </keywords>
   <keywords>
      <text FeatureID="-1">sähköpostin synkronointiasetukset</text>
      <target FeatureID="-1" href="FSE_HLP_MFE_SETTINGS_PIM_APPS.html">Sovellusten synkronointiasetukset</target>
   </keywords>
   <keywords>
      <text FeatureID="-1">kalenterin synkronoiminen</text>
      <target FeatureID="-1" href="FSE_HLP_MFE_CALENDAR_APP.html">Kalenterin synkronointiasetukset</target>
   </keywords>
   <keywords>
      <text FeatureID="-1">osoitekirjan synkronoiminen,</text>
      <target FeatureID="-1" href="FSE_HLP_MFE_CONTACTS_APP.html">Osoitekirjan synkronointiasetukset</target>
   </keywords>
   <keywords>
      <text FeatureID="-1">postilaatikon asetukset</text>
      <target FeatureID="-1" href="FSE_HLP_MFE_SETTINGS_MAILBOX.html">Postilaatikon yleiset asetukset</target>
   </keywords>
   <keywords>
      <text FeatureID="-1">sähköpostin synkronoitava sisältö</text>
      <target FeatureID="-1" href="FSE_HLP_MFE_SETTINGS_WHAT_SYNC.html">Synkronoitavan sisällön valitseminen</target>
   </keywords>
   <keywords>
      <text FeatureID="-1">sähköpostikansioiden synkronointi</text>
      <target FeatureID="-1" href="FSE_HLP_MFE_SETTINGS_FOLDER.html">Synkronoinnin asetukset</target>
   </keywords>
   <keywords>
      <text FeatureID="-1">tehtävämerkintöjen synkronoiminen</text>
      <target FeatureID="-1" href="FSE_HLP_MFE_TASKS_APP.html">Tehtävien synkronointiasetukset</target>
   </keywords>
   <keywords>
      <text FeatureID="-1">ei sähköpostiviestejä</text>
      <target FeatureID="-1" href="FSE_HLP_MESSAGE_LIST_EMPTY.html">Ei viestejä</target>
   </keywords>
   <keywords>
      <text FeatureID="-1">lähtevät sähköpostiviestit</text>
      <target FeatureID="-1" href="FSE_HLP_MESSAGE_LIST_OUTBOX.html">Lähtevät-kansion käsitteleminen</target>
   </keywords>
   <keywords>
      <text FeatureID="-1">kokouspyynnöt</text>
      <target FeatureID="-1" href="FS_VIEWER_HLP_MEETING_REQ_VIEW.html">Vastaaminen kokouskutsuun</target>
   </keywords>
   <keywords>
      <text FeatureID="-1">sähköpostin etsiminen</text>
      <target FeatureID="-1" href="FSE_HLP_MESSAGE_LIST_SEARCHING.html">Sähköpostin etsiminen</target>
   </keywords>
   <keywords>
      <text FeatureID="-1">sähköpostin hakutulokset</text>
      <target FeatureID="-1" href="FSE_HLP_MESSAGE_LIST_SEARCHED.html">Hakutulokset</target>
   </keywords>
   <keywords>
      <text FeatureID="-1">sähköpostin lähettäminen</text>
      <target FeatureID="-1" href="FS_EDITOR_HLP_MAIN_VIEW.html">Sähköpostin lähettäminen</target>
   </keywords>
   <keywords>
      <text FeatureID="-1">PIM-palvelu</text>
      <target FeatureID="-1" href="FSE_HLP_SETTINGS_PIM_VIEW.html">PIM-palvelu</target>
   </keywords>
   <keywords>
      <text FeatureID="-1">sovellusten synkronoiminen</text>
      <target FeatureID="-1" href="FSE_HLP_SETTINGS_APPLICATIONS.html">Sovellusten synkronointi</target>
   </keywords>
   <keywords>
      <text FeatureID="-1">vastaanotettu sähköposti</text>
      <target FeatureID="-1" href="FS_VIEWER_HLP_MAIN_VIEW.html">Vastaanotetun sähköpostin käsittely</target>
   </keywords>
   <keywords>
      <text FeatureID="-1">mail, asetukset</text>
      <target FeatureID="-1" href="FSE_HLP_SETT.html">Asetukset</target>
   </keywords>
   <keywords>
      <text FeatureID="-1">mail, tilin asetukset</text>
      <target FeatureID="-1" href="FSE_HLP_ACCT_INFO.html">Sähköpostitilin asetukset</target>
   </keywords>
   <keywords>
      <text FeatureID="-1">mail, synkronointi</text>
      <target FeatureID="-1" href="FSE_HLP_SYNC_SETT.html">Synkronointiasetukset</target>
   </keywords>
   <keywords>
      <text FeatureID="-1">mail, kokousmerkinnät</text>
      <target FeatureID="-1" href="FS_VIEWER_HLP_MR_RECEIVED.html">Kokouskutsut</target>
   </keywords>
   <keywords>
      <text FeatureID="-1">kokousmerkinnät</text>
      <target FeatureID="-1" href="FS_VIEWER_HLP_MR_RECEIVED.html">Kokouskutsut</target>
   </keywords>
</keywords>