<?xml version="1.0" encoding="UTF-8"?>
<keywords>
   <keywords>
      <text FeatureID="true_13 true_1566">USB 數據線連接</text>
      <target FeatureID="true_13" href="USB_HLP_MAIN.html">USB 設定</target>
      <target FeatureID="true_1566" href="USB_HLP_PRINT_SETTINGS.html">打印機設定</target>
   </keywords>
   <keywords>
      <text FeatureID="true_13">數據線連接</text>
      <target FeatureID="true_13" href="USB_HLP_MAIN.html">USB 設定</target>
   </keywords>
   <keywords>
      <text FeatureID="true_1566">列印</text>
      <target FeatureID="true_1566" href="USB_HLP_PRINT_SETTINGS.html">打印機設定</target>
   </keywords>
   <keywords>
      <text FeatureID="true_1566">設定, 打印機</text>
      <target FeatureID="true_1566" href="USB_HLP_PRINT_SETTINGS.html">打印機設定</target>
   </keywords>
</keywords>