<?xml version="1.0" encoding="UTF-8"?>
<keywords>
   <keywords>
      <text FeatureID="-1">messages instantanés</text>
      <target FeatureID="-1" href="SERVTAB_HLP_CONVERSATION.html">Envoyer des messages instantanés</target>
   </keywords>
   <keywords>
      <text FeatureID="-1">clavardage</text>
      <target FeatureID="-1" href="SERVTAB_HLP_CONVERSATION.html">Envoyer des messages instantanés</target>
   </keywords>
   <keywords>
      <text FeatureID="-1">conversa­tions</text>
      <target FeatureID="-1" href="SERVTAB_HLP_CONVERSATION.html">Envoyer des messages instantanés</target>
   </keywords>
</keywords>