<?xml version="1.0" encoding="UTF-8"?>
<keywords>
   <keywords>
      <text FeatureID="-1">načini določanja položaja</text>
      <target FeatureID="-1" href="LOC_HLP_SETTINGS.html">Nast. določ. položaja</target>
   </keywords>
   <keywords>
      <text FeatureID="-1">strežnik za določanje položaja</text>
      <target FeatureID="-1" href="LOC_HLP_SETTINGS.html">Nast. določ. položaja</target>
   </keywords>
   <keywords>
      <text FeatureID="-1">sistem označevanja</text>
      <target FeatureID="-1" href="LOC_HLP_SETTINGS.html">Nast. določ. položaja</target>
   </keywords>
</keywords>