<?xml version="1.0" encoding="UTF-8"?><?xml-stylesheet  href="../../theme/xsl/index2html.xslt" type="text/xsl"?>
<topics FeatureID="-1" title="Telefonní seznam" compressed="true">
   <topicref FeatureID="-1" href="FDN_HLP_FDN_NUM_EDIT_VIEW.html" navtitle="Úprava kontaktů"/>
   <topicref FeatureID="-1" href="FDN_HLP_FDN_NUMBER_VIEW.html" navtitle="Kontakty s povolenými čísly"/>
   <topicref FeatureID="-1" href="FDN_HLP_FDN_VIEW.html" navtitle="Omezení hovorů"/>
   <topicref FeatureID="-1" href="SDN_HLP_APP.html" navtitle="Čísla služeb"/>
   <topicref FeatureID="-1" href="HLP_CCA_DETAILS.html" navtitle="Detaily kontaktu"/>
   <topicref FeatureID="-1" href="HLP_CCA_EDITOR.html" navtitle="Úprava kontaktních karet"/>
   <topicref FeatureID="-1" href="HLP_CCA_LAUNCHER.html" navtitle="Kontaktní karty"/>
   <topicref FeatureID="-1" href="PHOB_HLP_GROUP_LIST.html" navtitle="Skupiny kontaktů"/>
   <topicref FeatureID="-1" href="PHOB_HLP_SIM_LIST.html" navtitle="Adresář kontaktů SIM"/>
   <topicref FeatureID="-1" href="PHOB_HLP_MY_NUMBERS.html" navtitle="Moje čísla"/>
   <topicref FeatureID="-1" href="PHOB_HLP_GROUP_MEMBER_LIST.html" navtitle="Členové skupiny"/>
   <topicref FeatureID="-1" href="PHOB_HLP_SETTINGS.html" navtitle="Kontakty, nastavení"/>
   <topicref FeatureID="-1" href="PHOB_HLP_NAME_LIST.html" navtitle="Adresář kontaktů"/>
</topics>