<?xml version="1.0" encoding="UTF-8"?>
<keywords>
   <keywords>
      <text FeatureID="-1">contact groups</text>
      <target FeatureID="-1" href="PHOB_HLP_GROUP_LIST.html">Contact groups</target>
   </keywords>
   <keywords>
      <text FeatureID="-1">SIM karta, kontakty</text>
      <target FeatureID="-1" href="PHOB_HLP_SIM_LIST.html">Adresář kontaktů SIM</target>
   </keywords>
   <keywords>
      <text FeatureID="-1">Čísla SIM</text>
      <target FeatureID="-1" href="PHOB_HLP_MY_NUMBERS.html">Moje čísla</target>
   </keywords>
   <keywords>
      <text FeatureID="-1">skupiny kontaktů</text>
      <target FeatureID="-1" href="PHOB_HLP_GROUP_MEMBER_LIST.html">Členové skupiny</target>
   </keywords>
   <keywords>
      <text FeatureID="-1">pořadí jmen kontaktů</text>
      <target FeatureID="-1" href="PHOB_HLP_SETTINGS.html">Kontakty, nastavení</target>
   </keywords>
   <keywords>
      <text FeatureID="-1">paměť kontaktů</text>
      <target FeatureID="-1" href="PHOB_HLP_SETTINGS.html">Kontakty, nastavení</target>
   </keywords>
   <keywords>
      <text FeatureID="-1">výchozí paměť</text>
      <target FeatureID="-1" href="PHOB_HLP_SETTINGS.html">Kontakty, nastavení</target>
   </keywords>
   <keywords>
      <text FeatureID="-1">adresář kontaktů</text>
      <target FeatureID="-1" href="PHOB_HLP_NAME_LIST.html">Seznam kontaktů</target>
   </keywords>
   <keywords>
      <text FeatureID="-1">kontaktní informace</text>
      <target FeatureID="-1" href="PHOB_HLP_NAME_LIST.html">Seznam kontaktů</target>
   </keywords>
   <keywords>
      <text FeatureID="-1">telefonní seznam</text>
      <target FeatureID="-1" href="PHOB_HLP_NAME_LIST.html">Seznam kontaktů</target>
   </keywords>
   <keywords>
      <text FeatureID="-1">kontakty</text>
      <target FeatureID="-1" href="RLOOK_HLP_INFO_VIEW.html">Správa nalezeného kontaktu</target>
   </keywords>
   <keywords>
      <text FeatureID="-1">kontaktní karty</text>
      <target FeatureID="-1" href="PHOB_HLP_CONTACT_INFO_VIEW.html">Kontaktní karty</target>
      <target FeatureID="-1" href="PHOB_HLP_EDIT_ENTRY.html">Úprava kontaktních karet</target>
   </keywords>
   <keywords>
      <text FeatureID="-1">telefonní seznam, položky</text>
      <target FeatureID="-1" href="PHOB_HLP_CONTACT_INFO_VIEW.html">Kontaktní karty</target>
   </keywords>
   <keywords>
      <text FeatureID="-1">povolená čísla</text>
      <target FeatureID="-1" href="FDN_HLP_FDN_NUMBER_VIEW.html">Kontakty s povolenými čísly</target>
      <target FeatureID="-1" href="FDN_HLP_FDN_VIEW.html">Omezení hovorů</target>
   </keywords>
   <keywords>
      <text FeatureID="-1">omezení hovorů</text>
      <target FeatureID="-1" href="FDN_HLP_FDN_VIEW.html">Omezení hovorů</target>
   </keywords>
   <keywords>
      <text FeatureID="-1">čísla služeb</text>
      <target FeatureID="-1" href="SDN_HLP_APP.html">Čísla služeb</target>
   </keywords>
   <keywords>
      <text FeatureID="-1">SIM karta, čísla služeb</text>
      <target FeatureID="-1" href="SDN_HLP_APP.html">Čísla služeb</target>
   </keywords>
   <keywords>
      <text FeatureID="-1">čísla služeb na SIM</text>
      <target FeatureID="-1" href="SDN_HLP_APP.html">Čísla služeb</target>
   </keywords>
   <keywords>
      <text FeatureID="-1">SIM karta</text>
      <target FeatureID="-1" href="PHOB_HLP_SIM_INFO_VIEW.html">Kontaktní karty SIM</target>
   </keywords>
   <keywords>
      <text FeatureID="-1">Kontakty na SIM kartě</text>
      <target FeatureID="-1" href="PHOB_HLP_SIM_INFO_VIEW.html">Kontaktní karty SIM</target>
   </keywords>
</keywords>