<?xml version="1.0" encoding="UTF-8"?>
<keywords>
   <keywords>
      <text FeatureID="-1">編輯預設頻率</text>
      <target FeatureID="-1" href="EQ_HLP_EDITING_VIEW.html">編輯預設頻率</target>
   </keywords>
   <keywords>
      <text FeatureID="-1">平衡器</text>
      <target FeatureID="-1" href="EQ_HLP_LIST_VIEW.html">預設頻率</target>
   </keywords>
   <keywords>
      <text FeatureID="-1">頻帶</text>
      <target FeatureID="-1" href="EQ_HLP_LIST_VIEW.html">預設頻率</target>
   </keywords>
   <keywords>
      <text FeatureID="-1">選取預設的頻率</text>
      <target FeatureID="-1" href="EQ_HLP_LIST_VIEW.html">預設頻率</target>
   </keywords>
</keywords>