<?xml version="1.0" encoding="UTF-8"?>
<keywords>
   <keywords>
      <text FeatureID="true_1604">text input</text>
      <target FeatureID="true_1604" href="HWR_HLP_MAIN_VIEW.html">Rokraksta atpazīšana</target>
   </keywords>
   <keywords>
      <text FeatureID="true_1604">rokraksta atpazīšana</text>
      <target FeatureID="true_1604" href="HWR_HLP_MAIN_VIEW.html">Rokraksta atpazīšana</target>
   </keywords>
   <keywords>
      <text FeatureID="true_1603 true_410">pieskāriena ievade</text>
      <target FeatureID="true_1603" href="VQWERTY_HLP_MAIN_VIEW.html">Virtuālā tastatūra</target>
      <target FeatureID="true_410" href="VITU_HLP_MAIN_VIEW.html">Virtuālā tastatūra</target>
   </keywords>
   <keywords>
      <text FeatureID="true_410">virtuālā tastatūra</text>
      <target FeatureID="true_410" href="VITU_HLP_MAIN_VIEW.html">Virtuālā tastatūra</target>
   </keywords>
</keywords>