<?xml version="1.0" encoding="UTF-8"?>
<keywords>
   <keywords>
      <text FeatureID="-1">sõnumite saatmine</text>
      <target FeatureID="-1" href="UNIFIED_HLP_EDITOR.html">Sõnumite koostamine</target>
   </keywords>
   <keywords>
      <text FeatureID="-1">sõnumiredaktor</text>
      <target FeatureID="-1" href="UNIFIED_HLP_EDITOR.html">Sõnumite koostamine</target>
   </keywords>
   <keywords>
      <text FeatureID="-1">sõnumid</text>
      <target FeatureID="-1" href="UNIFIED_HLP_SENDING_OPTIONS.html">Saatmisvalikud</target>
   </keywords>
   <keywords>
      <text FeatureID="-1">saatmisvalikud</text>
      <target FeatureID="-1" href="UNIFIED_HLP_SENDING_OPTIONS.html">Saatmisvalikud</target>
   </keywords>
   <keywords>
      <text FeatureID="-1">meediumobjektid</text>
      <target FeatureID="-1" href="UNIFIED_HLP_ED_OBJECTS.html">Vastuvõetud meediumobjektid</target>
   </keywords>
   <keywords>
      <text FeatureID="-1">multimeediumobjektid</text>
      <target FeatureID="-1" href="UNIFIED_HLP_ED_OBJECTS.html">Vastuvõetud meediumobjektid</target>
   </keywords>
</keywords>