<?xml version="1.0" encoding="UTF-8"?>
<keywords>
   <keywords>
      <text FeatureID="-1">heimildavottorð</text>
      <target FeatureID="-1" href="CM_HLP_AUTHORITY.html">Heimildavottorð</target>
   </keywords>
   <keywords>
      <text FeatureID="-1">vottorð</text>
      <target FeatureID="-1" href="CM_HLP_AUTHORITY.html">Heimildavottorð</target>
      <target FeatureID="-1" href="CM_HLP_DEVICE.html">Tækjavottorð</target>
      <target FeatureID="-1" href="CM_HLP_MAIN.html">Vottorðastjórnun</target>
      <target FeatureID="-1" href="CM_HLP_PERSONAL.html">Einkavottorð</target>
      <target FeatureID="-1" href="CM_HLP_TRUSTED_SITE.html">Vottorð traustra síðna</target>
      <target FeatureID="-1" href="CM_HLP_TRUST_SETTINGS.html">Breyting trauststillinga</target>
   </keywords>
   <keywords>
      <text FeatureID="-1">öryggisvottorð</text>
      <target FeatureID="-1" href="CM_HLP_AUTHORITY.html">Heimildavottorð</target>
      <target FeatureID="-1" href="CM_HLP_MAIN.html">Vottorðastjórnun</target>
   </keywords>
   <keywords>
      <text FeatureID="-1">tækjavottorð</text>
      <target FeatureID="-1" href="CM_HLP_DEVICE.html">Tækjavottorð</target>
   </keywords>
   <keywords>
      <text FeatureID="-1">einkavottorð</text>
      <target FeatureID="-1" href="CM_HLP_PERSONAL.html">Einkavottorð</target>
   </keywords>
   <keywords>
      <text FeatureID="-1">vottorð traustra síðna</text>
      <target FeatureID="-1" href="CM_HLP_TRUSTED_SITE.html">Vottorð traustra síðna</target>
   </keywords>
   <keywords>
      <text FeatureID="-1">trauststillingar</text>
      <target FeatureID="-1" href="CM_HLP_TRUST_SETTINGS.html">Breyting trauststillinga</target>
   </keywords>
</keywords>