<?xml version="1.0" encoding="UTF-8"?>
<keywords>
   <keywords>
      <text FeatureID="-1">תעודות הסמכה</text>
      <target FeatureID="-1" href="CM_HLP_AUTHORITY.html">תעודות הסמכה</target>
   </keywords>
   <keywords>
      <text FeatureID="-1">תעודות</text>
      <target FeatureID="-1" href="CM_HLP_AUTHORITY.html">תעודות הסמכה</target>
      <target FeatureID="-1" href="CM_HLP_DEVICE.html">תעודות התקן</target>
      <target FeatureID="-1" href="CM_HLP_MAIN.html">ניהול תעודות</target>
      <target FeatureID="-1" href="CM_HLP_PERSONAL.html">תעודות אישיות</target>
      <target FeatureID="-1" href="CM_HLP_TRUSTED_SITE.html">תעודות אתר מהימן</target>
      <target FeatureID="-1" href="CM_HLP_TRUST_SETTINGS.html">עריכת הגדרות מהימנות</target>
   </keywords>
   <keywords>
      <text FeatureID="-1">תעודות אבטחה</text>
      <target FeatureID="-1" href="CM_HLP_AUTHORITY.html">תעודות הסמכה</target>
      <target FeatureID="-1" href="CM_HLP_MAIN.html">ניהול תעודות</target>
   </keywords>
   <keywords>
      <text FeatureID="-1">תעודות התקן</text>
      <target FeatureID="-1" href="CM_HLP_DEVICE.html">תעודות התקן</target>
   </keywords>
   <keywords>
      <text FeatureID="-1">תעודות אישיות</text>
      <target FeatureID="-1" href="CM_HLP_PERSONAL.html">תעודות אישיות</target>
   </keywords>
   <keywords>
      <text FeatureID="-1">תעודות אתר מהימן</text>
      <target FeatureID="-1" href="CM_HLP_TRUSTED_SITE.html">תעודות אתר מהימן</target>
   </keywords>
   <keywords>
      <text FeatureID="-1">הגדרות מהימנות</text>
      <target FeatureID="-1" href="CM_HLP_TRUST_SETTINGS.html">עריכת הגדרות מהימנות</target>
   </keywords>
</keywords>