<?xml version="1.0" encoding="UTF-8"?>
<keywords>
   <keywords>
      <text FeatureID="-1">configuraciones, tapa deslizante</text>
      <target FeatureID="-1" href="SET_HLP_SETTINGS_KEYPAD_COVER.html">Configuraciones del manejo de la tapa deslizante</target>
   </keywords>
   <keywords>
      <text FeatureID="-1">configuraciones de la tapa deslizante</text>
      <target FeatureID="-1" href="SET_HLP_SETTINGS_KEYPAD_COVER.html">Configuraciones del manejo de la tapa deslizante</target>
   </keywords>
   <keywords>
      <text FeatureID="-1">administración del dispositivo</text>
      <target FeatureID="-1" href="CP_HLP_DEVICE_MANAGEMENT.html">Administrac. disposit.</target>
   </keywords>
   <keywords>
      <text FeatureID="true_109">EAP (Protocolo de autenticación extensible)</text>
      <target FeatureID="true_109" href="SET_HLP_WLAN_EAP_SIM.html">Config. EAP-SIM</target>
   </keywords>
   <keywords>
      <text FeatureID="true_109">configuraciones, WLAN</text>
      <target FeatureID="true_109" href="SET_HLP_WLAN_EAP_SIM.html">Config. EAP-SIM</target>
   </keywords>
   <keywords>
      <text FeatureID="-1">restricción de puntos de acceso</text>
      <target FeatureID="-1" href="ACL_HLP_MAIN.html">Restr. conexiones</target>
   </keywords>
   <keywords>
      <text FeatureID="-1">configuraciones de conexión</text>
      <target FeatureID="-1" href="SIP_HLP_PROF_PARAMS.html">Config. perfil SIP</target>
      <target FeatureID="-1" href="SIP_HLP_MAIN.html">Perfiles SIP</target>
      <target FeatureID="-1" href="SET_HLP_CONN_DEST_VIEW.html">Vista destinos</target>
      <target FeatureID="-1" href="SET_HLP_DEFAULT_CONN.html">Conex. predeter.</target>
      <target FeatureID="-1" href="SET_HLP_CONN_METHODS_VIEW.html">Vista ptos. acceso</target>
      <target FeatureID="true_1581" href="RD_HLP_REMOTE_DRIVE_CONFIG.html">Config. unidad remota</target>
      <target FeatureID="true_1581" href="RD_HLP_REMOTE_DRIVES.html">Unid. remotas</target>
   </keywords>
   <keywords>
      <text FeatureID="-1">Configuraciones de SIP</text>
      <target FeatureID="-1" href="SIP_HLP_PROF_PARAMS.html">Config. perfil SIP</target>
      <target FeatureID="-1" href="SIP_HLP_MAIN.html">Perfiles SIP</target>
      <target FeatureID="-1" href="SIP_HLP_PROXY_PARAMS.html">Config. proxy SIP</target>
      <target FeatureID="-1" href="SIP_HLP_REGISTRAR_PARAM.html">Config. servidor registro</target>
   </keywords>
   <keywords>
      <text FeatureID="-1">servidor de registro</text>
      <target FeatureID="-1" href="SIP_HLP_REGISTRAR_PARAM.html">Config. servidor registro</target>
   </keywords>
   <keywords>
      <text FeatureID="-1">puntos de acceso</text>
      <target FeatureID="-1" href="HLP_OCC_CONN_SETTINGS.html">Conexiones de red</target>
      <target FeatureID="-1" href="SET_HLP_CONN_METHODS_VIEW.html">Vista ptos. acceso</target>
      <target FeatureID="-1" href="SET_HLP_AP_SETTING_GPRS.html">Punto acceso paq. datos</target>
      <target FeatureID="true_109" href="SET_HLP_AP_SETTING_WLAN.html">Punto de acceso WLAN</target>
   </keywords>
   <keywords>
      <text FeatureID="-1">configuraciones, conexión</text>
      <target FeatureID="-1" href="HLP_OCC_CONN_SETTINGS.html">Conexiones de red</target>
   </keywords>
   <keywords>
      <text FeatureID="-1">configuraciones de destino</text>
      <target FeatureID="-1" href="SET_HLP_CONN_DEST_VIEW.html">Vista destinos</target>
   </keywords>
   <keywords>
      <text FeatureID="-1">conexión predeterminada</text>
      <target FeatureID="-1" href="SET_HLP_DEFAULT_CONN.html">Conex. predeter.</target>
   </keywords>
   <keywords>
      <text FeatureID="-1">Puntos de acceso VPN</text>
      <target FeatureID="true_99" href="SET_HLP_VPN_DEST_ASSOC_VIEW.html">Conex. VPN</target>
      <target FeatureID="-1" href="SET_HLP_VPN_AP_SETTINGS_VIEW.html">Editar puntos de acceso VPN</target>
   </keywords>
   <keywords>
      <text FeatureID="-1">conexiones de la aplicación</text>
      <target FeatureID="-1" href="SET_HLP_APP_DEST_ASSOC_VIEW.html">Conex. aplicación</target>
   </keywords>
   <keywords>
      <text FeatureID="-1">configuraciones de la aplicación</text>
      <target FeatureID="-1" href="CP_HLP_APPILICATION_SETTINGS.html">Config. aplicación</target>
   </keywords>
   <keywords>
      <text FeatureID="-1">llamadas, configuraciones</text>
      <target FeatureID="-1" href="SCP_HLP_CALL.html">Config. llamada</target>
   </keywords>
   <keywords>
      <text FeatureID="-1">configuraciones, llamadas</text>
      <target FeatureID="-1" href="SCP_HLP_CALL.html">Config. llamada</target>
   </keywords>
   <keywords>
      <text FeatureID="-1">conectividad</text>
      <target FeatureID="-1" href="CP_HLP_CONNECTIVITY.html">Config. conectividad</target>
   </keywords>
   <keywords>
      <text FeatureID="-1">panel de control</text>
      <target FeatureID="-1" href="CP_HLP_DISPLAY.html">Configuraciones de pantalla</target>
      <target FeatureID="__DUAL_LANGUAGE_SUPPORT=true" href="CP_HLP_WRITING_LANGUAGE.html">Idioma escritura</target>
   </keywords>
   <keywords>
      <text FeatureID="-1">configuraciones de pantalla</text>
      <target FeatureID="-1" href="CP_HLP_DISPLAY.html">Configuraciones de pantalla</target>
   </keywords>
   <keywords>
      <text FeatureID="-1">configuraciones generales</text>
      <target FeatureID="-1" href="CP_HLP_DEVICE.html">Config. dispositivo</target>
   </keywords>
   <keywords>
      <text FeatureID="-1">configuraciones de dispositivo</text>
      <target FeatureID="-1" href="CP_HLP_DEVICE.html">Config. dispositivo</target>
   </keywords>
   <keywords>
      <text FeatureID="-1">configuraciones de idioma</text>
      <target FeatureID="-1" href="CP_HLP_LANGUAGE.html">Config. idioma</target>
   </keywords>
   <keywords>
      <text FeatureID="-1">configuraciones</text>
      <target FeatureID="-1" href="CP_HLP_MAIN_VIEW.html">Configuraciones</target>
   </keywords>
   <keywords>
      <text FeatureID="-1">configuraciones de red</text>
      <target FeatureID="-1" href="CP_HLP_NETWORK.html">Config. red</target>
      <target FeatureID="-1" href="CP_HLP_NETWORK.html">Config. red</target>
   </keywords>
   <keywords>
      <text FeatureID="-1">perfil</text>
      <target FeatureID="-1" href="CP_HLP_PERSONAL.html">Vista personal</target>
   </keywords>
   <keywords>
      <text FeatureID="-1">tema</text>
      <target FeatureID="-1" href="CP_HLP_PERSONAL.html">Vista personal</target>
   </keywords>
   <keywords>
      <text FeatureID="-1">standby</text>
      <target FeatureID="-1" href="CP_HLP_PERSONAL.html">Vista personal</target>
   </keywords>
   <keywords>
      <text FeatureID="-1">seguridad, configuraciones</text>
      <target FeatureID="-1" href="CP_HLP_SECURITY.html">Config. seguridad</target>
   </keywords>
   <keywords>
      <text FeatureID="-1">configuraciones, seguridad</text>
      <target FeatureID="-1" href="CP_HLP_SECURITY.html">Config. seguridad</target>
   </keywords>
   <keywords>
      <text FeatureID="-1">dispositivo, bloqueo</text>
      <target FeatureID="-1" href="SET_HLP_SECURITY_DEVICE_SIM.html">Segur. dispos.</target>
   </keywords>
   <keywords>
      <text FeatureID="-1">seguridad</text>
      <target FeatureID="-1" href="SET_HLP_SECURITY_DEVICE_SIM.html">Segur. dispos.</target>
   </keywords>
   <keywords>
      <text FeatureID="__DUAL_LANGUAGE_SUPPORT=true">idioma de escritura</text>
      <target FeatureID="__DUAL_LANGUAGE_SUPPORT=true" href="CP_HLP_WRITING_LANGUAGE.html">Idioma escritura</target>
   </keywords>
   <keywords>
      <text FeatureID="-1">configuraciones de accesorio</text>
      <target FeatureID="-1" href="SET_HLP_ACCESSORIES_LIST.html">Config. de accesorio</target>
      <target FeatureID="-1" href="SET_HLP_ACCESSORIES_HEADPHONE.html">Config. equipo auricular</target>
      <target FeatureID="-1" href="SET_HLP_ACCESSORIES_HEADSET.html">Config. auricular</target>
      <target FeatureID="-1" href="SET_HLP_ACCESS_WIRED_CK.html">Config. equipo alám. auto</target>
      <target FeatureID="true_1032" href="SET_HLP_ACCESSORIES_TTY.html">Config. teléfono texto</target>
      <target FeatureID="true_1540" href="SET_HLP_ACCESSORIES_TVOUT.html">Config. salida TV</target>
   </keywords>
   <keywords>
      <text FeatureID="-1">punto de acceso de paquetes de datos</text>
      <target FeatureID="-1" href="SET_HLP_AP_SETTING_GPRS.html">Punto acceso paq. datos</target>
   </keywords>
   <keywords>
      <text FeatureID="-1">configuraciones de paquete de datos</text>
      <target FeatureID="-1" href="SET_HLP_AP_SETTING_GPRS_AS.html">Config. avanz. paq. datos</target>
   </keywords>
   <keywords>
      <text FeatureID="-1">puntos de acceso del paquete de datos</text>
      <target FeatureID="-1" href="SET_HLP_AP_SETTING_GPRS_AS.html">Config. avanz. paq. datos</target>
   </keywords>
   <keywords>
      <text FeatureID="-1">VPN (red privada virtual)</text>
      <target FeatureID="-1" href="SET_HLP_VPN_AP_SETTINGS_VIEW.html">Editar puntos de acceso VPN</target>
   </keywords>
   <keywords>
      <text FeatureID="true_109">WLAN (red de área local inalámbrica)</text>
      <target FeatureID="true_109" href="SET_HLP_AP_SETTING_WLAN.html">Punto de acceso WLAN</target>
   </keywords>
   <keywords>
      <text FeatureID="-1">bloqueo del teclado</text>
      <target FeatureID="-1" href="CP_HLP_AUTOKEYGUARD.html">Bloqueo del teclado automático</target>
   </keywords>
   <keywords>
      <text FeatureID="true_1581">unidades remotas</text>
      <target FeatureID="true_1581" href="RD_HLP_REMOTE_DRIVE_CONFIG.html">Config. unidad remota</target>
      <target FeatureID="true_1581" href="RD_HLP_REMOTE_DRIVES.html">Unid. remotas</target>
   </keywords>
   <keywords>
      <text FeatureID="-1">restricción de llamadas</text>
      <target FeatureID="-1" href="SET_HLP_BARRING_SETTINGS.html">Restr. llam. tel.</target>
      <target FeatureID="-1" href="SET_HLP_BARRING_SETTINGS.html">Restr. llam. tel.</target>
      <target FeatureID="true_298" href="DIV_HLP_BARRING_MAIN.html">Restr. llamadas</target>
      <target FeatureID="true_298" href="DIV_HLP_BARRING_MAIN.html">Restr. llamadas</target>
   </keywords>
   <keywords>
      <text FeatureID="-1">desvío de llamadas</text>
      <target FeatureID="true_89" href="DIV_HLP_CALL_FORW_VID.html">Desviar llamadas de video</target>
      <target FeatureID="-1" href="DIV_HLP_CALL_FORW_MAIN.html">Desvío llam.</target>
      <target FeatureID="-1" href="DIV_HLP_CALL_FORW_MAIN.html">Desvío llam.</target>
      <target FeatureID="-1" href="DIV_HLP_CALL_FORW_VOI.html">Desviar llam. voz</target>
   </keywords>
   <keywords>
      <text FeatureID="-1">configuraciones de sincronización</text>
      <target FeatureID="-1" href="CP_HLP_SYNCHRONISATION.html">Configuraciones de sincronización</target>
   </keywords>
   <keywords>
      <text FeatureID="-1">instalación de aplicaciones</text>
      <target FeatureID="-1" href="CP_HLP_INSTALLATIONS.html">Instalaciones</target>
   </keywords>
   <keywords>
      <text FeatureID="-1">configuraciones del equipo auricular</text>
      <target FeatureID="-1" href="SET_HLP_ACCESSORIES_HEADPHONE.html">Config. equipo auricular</target>
   </keywords>
   <keywords>
      <text FeatureID="-1">configuraciones del auricular</text>
      <target FeatureID="-1" href="SET_HLP_ACCESSORIES_HEADSET.html">Config. auricular</target>
   </keywords>
   <keywords>
      <text FeatureID="-1">configuraciones del equipo alámbrico para auto</text>
      <target FeatureID="-1" href="SET_HLP_ACCESS_WIRED_CK.html">Config. equipo alám. auto</target>
   </keywords>
   <keywords>
      <text FeatureID="-1">configuraciones del equipo para auto</text>
      <target FeatureID="-1" href="SET_HLP_ACCESS_WIRED_CK.html">Config. equipo alám. auto</target>
   </keywords>
   <keywords>
      <text FeatureID="-1">configuraciones de soporte musical</text>
      <target FeatureID="-1" href="SET_HLP_ACCESSORIES_MUSIC_ST.html">Config. soporte musical</target>
   </keywords>
   <keywords>
      <text FeatureID="true_1032">Configuraciones de TTY</text>
      <target FeatureID="true_1032" href="SET_HLP_ACCESSORIES_TTY.html">Config. teléfono texto</target>
   </keywords>
   <keywords>
      <text FeatureID="true_1032">Configuraciones de TDD</text>
      <target FeatureID="true_1032" href="SET_HLP_ACCESSORIES_TTY.html">Config. teléfono texto</target>
   </keywords>
   <keywords>
      <text FeatureID="true_1540">configuraciones de salida de tv</text>
      <target FeatureID="true_1540" href="SET_HLP_ACCESSORIES_TVOUT.html">Config. salida TV</target>
   </keywords>
   <keywords>
      <text FeatureID="true_410">ingreso de texto</text>
      <target FeatureID="true_410" href="PREDINPUT_HLP_VIRT_ITI_SETT.html">Ingresar configuraciones</target>
   </keywords>
   <keywords>
      <text FeatureID="-1">Ingreso de texto inteligente</text>
      <target FeatureID="-1" href="PREDINPUT_HLP_VIRTUAL_ITI.html">Ingreso texto intelig.</target>
   </keywords>
   <keywords>
      <text FeatureID="-1">configuraciones, restaurar</text>
      <target FeatureID="-1" href="SET_HLP_GENERAL_ORIG_SET.html">Rest. config. originales</target>
   </keywords>
   <keywords>
      <text FeatureID="-1">restaurar configuraciones</text>
      <target FeatureID="-1" href="SET_HLP_GENERAL_ORIG_SET.html">Rest. config. originales</target>
   </keywords>
   <keywords>
      <text FeatureID="-1">configuraciones de fábrica, restauración</text>
      <target FeatureID="-1" href="SET_HLP_GENERAL_ORIG_SET.html">Rest. config. originales</target>
   </keywords>
</keywords>