<?xml version="1.0" encoding="UTF-8"?>
<keywords>
   <keywords>
      <text FeatureID="-1">ajustes de cuenta de correo electrónico</text>
      <target FeatureID="-1" href="FSE_HLP_IMS_SETTINGS_ACCT_INFO.html">Ajustes de cuentas de correo electrónico</target>
   </keywords>
   <keywords>
      <text FeatureID="-1">ajustes avanzados de buzón</text>
      <target FeatureID="-1" href="FSE_HLP_IMS_SETTINGS_ADVANCED.html">Ajustes avanzados del buzón</target>
   </keywords>
   <keywords>
      <text FeatureID="-1">ajustes de buzón de correo</text>
      <target FeatureID="-1" href="FSE_HLP_IMS_SETTINGS_MAILBOX.html">Ajustes de buzón</target>
   </keywords>
   <keywords>
      <text FeatureID="-1">contenido de la sincronización de correo electrónico</text>
      <target FeatureID="-1" href="FSE_HLP_IMS_SETTINGS_WHAT_SYNC.html">Defina el contenido de sincronización</target>
   </keywords>
   <keywords>
      <text FeatureID="-1">hora de sincronización del correo electrónico</text>
      <target FeatureID="-1" href="FSE_HLP_IMS_SETTINGS_WHEN_SYNC.html">Defina la hora de sincronización</target>
   </keywords>
   <keywords>
      <text FeatureID="-1">sincronización de la carpeta de correo electrónico</text>
      <target FeatureID="-1" href="FSE_HLP_IMS_SETTINGS_FOLDER.html">Sincronización de las carpetas de correo electrónico</target>
   </keywords>
   <keywords>
      <text FeatureID="-1">ajustes de servicios de correo electrónico</text>
      <target FeatureID="-1" href="FSE_HLP_SETTINGS_INTELL_LIST.html">Ajustes del servicio de correo electrónico</target>
   </keywords>
   <keywords>
      <text FeatureID="-1">ajustes de correo</text>
      <target FeatureID="-1" href="FSE_HLP_IMS_SETTINGS_MAIN_VIEW.html">Ajustes de correo electrónico</target>
   </keywords>
   <keywords>
      <text FeatureID="-1">Intellisync</text>
      <target FeatureID="-1" href="FSE_HLP_IMS_LAUNCHER_MAIN_VIEW.html">Correo electrónico Intellisync</target>
   </keywords>
</keywords>