<?xml version="1.0" encoding="UTF-8"?>
<keywords>
   <keywords>
      <text FeatureID="-1">flash-bestand afspelen</text>
      <target FeatureID="-1" href="FLITE_HLP_STOPPED.html">Afspelen van flash-bestanden beëindigen</target>
      <target FeatureID="-1" href="FLITE_HLP_VIEWER_PAUSED.html">Afspelen van flash-bestanden onderbreken</target>
      <target FeatureID="-1" href="FLITE_HLP_VIEWER_PLAY.html">Flash-bestanden afspelen</target>
   </keywords>
   <keywords>
      <text FeatureID="-1">Flash-speler</text>
      <target FeatureID="-1" href="FLITE_HLP_STOPPED.html">Afspelen van flash-bestanden beëindigen</target>
      <target FeatureID="-1" href="FLITE_HLP_VIEWER_PAUSED.html">Afspelen van flash-bestanden onderbreken</target>
      <target FeatureID="-1" href="FLITE_HLP_VIEWER_PLAY.html">Flash-bestanden afspelen</target>
   </keywords>
</keywords>