<?xml version="1.0" encoding="UTF-8"?>
<keywords>
   <keywords>
      <text FeatureID="-1">закладки</text>
      <target FeatureID="-1" href="OSS_HLP_BM_ADDBM.html">Добавление закладок</target>
      <target FeatureID="-1" href="OSS_HLP_BM_EDIT.html">Изменение закладок</target>
   </keywords>
   <keywords>
      <text FeatureID="-1">закладки браузера</text>
      <target FeatureID="-1" href="OSS_HLP_BM_ADDBM.html">Добавление закладок</target>
      <target FeatureID="-1" href="OSS_HLP_BM_MAIN.html">Просмотр закладок</target>
      <target FeatureID="-1" href="OSS_HLP_BM_EDIT.html">Изменение закладок</target>
   </keywords>
   <keywords>
      <text FeatureID="-1">веб</text>
      <target FeatureID="-1" href="OSS_HLP_BM_ADDBM.html">Добавление закладок</target>
      <target FeatureID="true_167" href="OSS_HLP_RSS_ADD.html">Добавление сетевых источников</target>
      <target FeatureID="-1" href="OSS_HLP_PAGEVIEW.html">Просмотр сети Интернет</target>
      <target FeatureID="-1" href="OSS_HLP_BM_EDIT.html">Изменение закладок</target>
      <target FeatureID="true_167" href="OSS_HLP_RSS_ARTICLE.html">Новостные статьи</target>
      <target FeatureID="true_167" href="OSS_HLP_RSS_ARTICLELST.html">Новости</target>
      <target FeatureID="true_167" href="OSS_HLP_RSS_MAIN.html">Сетевые источники и журналы</target>
   </keywords>
   <keywords>
      <text FeatureID="true_167">новости</text>
      <target FeatureID="true_167" href="OSS_HLP_RSS_ADD.html">Добавление сетевых источников</target>
      <target FeatureID="true_167" href="OSS_HLP_RSS_ARTICLE.html">Новостные статьи</target>
      <target FeatureID="true_167" href="OSS_HLP_RSS_ARTICLELST.html">Новости</target>
      <target FeatureID="true_167" href="OSS_HLP_RSS_MAIN.html">Сетевые источники и журналы</target>
   </keywords>
   <keywords>
      <text FeatureID="true_167">новости RSS</text>
      <target FeatureID="true_167" href="OSS_HLP_RSS_ADD.html">Добавление сетевых источников</target>
      <target FeatureID="true_167" href="OSS_HLP_RSS_ARTICLE.html">Новостные статьи</target>
      <target FeatureID="true_167" href="OSS_HLP_RSS_ARTICLELST.html">Новости</target>
      <target FeatureID="true_167" href="OSS_HLP_RSS_MAIN.html">Сетевые источники и журналы</target>
   </keywords>
   <keywords>
      <text FeatureID="true_167">новости и сетевые журналы</text>
      <target FeatureID="true_167" href="OSS_HLP_RSS_ADD.html">Добавление сетевых источников</target>
      <target FeatureID="true_167" href="OSS_HLP_RSS_ARTICLE.html">Новостные статьи</target>
      <target FeatureID="true_167" href="OSS_HLP_RSS_ARTICLELST.html">Новости</target>
      <target FeatureID="true_167" href="OSS_HLP_RSS_MAIN.html">Сетевые источники и журналы</target>
   </keywords>
   <keywords>
      <text FeatureID="true_167">сетевые журналы</text>
      <target FeatureID="true_167" href="OSS_HLP_RSS_ADD.html">Добавление сетевых источников</target>
      <target FeatureID="true_167" href="OSS_HLP_RSS_ARTICLE.html">Новостные статьи</target>
      <target FeatureID="true_167" href="OSS_HLP_RSS_ARTICLELST.html">Новости</target>
      <target FeatureID="true_167" href="OSS_HLP_RSS_MAIN.html">Сетевые источники и журналы</target>
   </keywords>
   <keywords>
      <text FeatureID="-1">просмотр страниц</text>
      <target FeatureID="-1" href="OSS_HLP_PAGEVIEW.html">Просмотр сети Интернет</target>
   </keywords>
   <keywords>
      <text FeatureID="-1">открытие закладок</text>
      <target FeatureID="-1" href="OSS_HLP_BM_MAIN.html">Просмотр закладок</target>
   </keywords>
   <keywords>
      <text FeatureID="true_167">каналы</text>
      <target FeatureID="true_167" href="OSS_HLP_RSS_EDIT.html">Изменение ссылок новостей</target>
   </keywords>
   <keywords>
      <text FeatureID="true_167">RSS-каналы</text>
      <target FeatureID="true_167" href="OSS_HLP_RSS_EDIT.html">Изменение ссылок новостей</target>
   </keywords>
   <keywords>
      <text FeatureID="true_167">новости и блоги</text>
      <target FeatureID="true_167" href="OSS_HLP_RSS_EDIT.html">Изменение ссылок новостей</target>
   </keywords>
   <keywords>
      <text FeatureID="true_167">блоги</text>
      <target FeatureID="true_167" href="OSS_HLP_RSS_EDIT.html">Изменение ссылок новостей</target>
   </keywords>
   <keywords>
      <text FeatureID="true_167">Интернет</text>
      <target FeatureID="true_167" href="OSS_HLP_RSS_EDIT.html">Изменение ссылок новостей</target>
   </keywords>
   <keywords>
      <text FeatureID="-1">параметры браузера</text>
      <target FeatureID="-1" href="OSS_HLP_SETTINGS_GENERAL.html">Общие параметры</target>
      <target FeatureID="-1" href="OSS_HLP_SETTINGS_PAGE.html">Параметры страницы</target>
      <target FeatureID="-1" href="OSS_HLP_SETTINGS_PRIVACY.html">Параметры конфиденциальности</target>
      <target FeatureID="-1" href="OSS_HLP_SETTINGS_FOLDERS.html">Параметры Интернет</target>
      <target FeatureID="false_410" href="OSS_HLP_SHORTCUTS.html">Ссылки на панели инструментов</target>
      <target FeatureID="false_410" href="OSS_HLP_KEYPAD.html">Быстрые клавиши</target>
   </keywords>
   <keywords>
      <text FeatureID="-1">параметры Интернет</text>
      <target FeatureID="-1" href="OSS_HLP_SETTINGS_GENERAL.html">Общие параметры</target>
      <target FeatureID="-1" href="OSS_HLP_SETTINGS_PAGE.html">Параметры страницы</target>
      <target FeatureID="-1" href="OSS_HLP_SETTINGS_PRIVACY.html">Параметры конфиденциальности</target>
      <target FeatureID="-1" href="OSS_HLP_SETTINGS_FOLDERS.html">Параметры Интернет</target>
      <target FeatureID="false_410" href="OSS_HLP_KEYPAD.html">Быстрые клавиши</target>
   </keywords>
   <keywords>
      <text FeatureID="-1">настройка, Интернет</text>
      <target FeatureID="-1" href="OSS_HLP_SETTINGS_PAGE.html">Параметры страницы</target>
      <target FeatureID="true_167" href="OSS_HLP_SETTINGS_RSS.html">Настройки Интернет-каналов</target>
      <target FeatureID="-1" href="OSS_HLP_SETTINGS_FOLDERS.html">Параметры Интернет</target>
   </keywords>
   <keywords>
      <text FeatureID="-1">параметры конфиденц.</text>
      <target FeatureID="-1" href="OSS_HLP_SETTINGS_PRIVACY.html">Параметры конфиденциальности</target>
   </keywords>
   <keywords>
      <text FeatureID="true_167">настройки браузера</text>
      <target FeatureID="true_167" href="OSS_HLP_SETTINGS_RSS.html">Настройки Интернет-каналов</target>
   </keywords>
   <keywords>
      <text FeatureID="true_167">настройки Интернета</text>
      <target FeatureID="true_167" href="OSS_HLP_SETTINGS_RSS.html">Настройки Интернет-каналов</target>
   </keywords>
   <keywords>
      <text FeatureID="-1">открытие определенной страницы</text>
      <target FeatureID="-1" href="OSS_HLP_PAGEVIEW_EMBED.html">Интернет в приложениях</target>
   </keywords>
   <keywords>
      <text FeatureID="-1">Интернет в приложениях</text>
      <target FeatureID="-1" href="OSS_HLP_PAGEVIEW_EMBED.html">Интернет в приложениях</target>
   </keywords>
   <keywords>
      <text FeatureID="false_410">параметры Интернета</text>
      <target FeatureID="false_410" href="OSS_HLP_SHORTCUTS.html">Ссылки на панели инструментов</target>
   </keywords>
</keywords>