<?xml version="1.0" encoding="UTF-8"?>
<keywords>
   <keywords>
      <text FeatureID="-1">aufnehmen, Sounds</text>
      <target FeatureID="-1" href="VOREC_HLP_EMPTY_RECORDER.html">Soundclips aufnehmen</target>
   </keywords>
   <keywords>
      <text FeatureID="-1">Sprachaufnahme</text>
      <target FeatureID="-1" href="VOREC_HLP_MAIN.html">Verwendung des Rekorders</target>
   </keywords>
   <keywords>
      <text FeatureID="-1">Soundclips aufnehmen</text>
      <target FeatureID="-1" href="VOREC_HLP_MAIN.html">Verwendung des Rekorders</target>
   </keywords>
   <keywords>
      <text FeatureID="-1">Rekordereinstellungen</text>
      <target FeatureID="-1" href="VOREC_HLP_SETTINGS.html">Rekordereinstellungen</target>
   </keywords>
</keywords>