<?xml version="1.0" encoding="UTF-8"?>
<keywords>
   <keywords>
      <text FeatureID="-1">Fotoğraflar</text>
      <target FeatureID="-1" href="LGAL_HLP_ALBUM_LIST.html">Albümler</target>
      <target FeatureID="-1" href="LGAL_HLP_ALL_GRID.html">Tüm medya dosyalarına göz atma</target>
      <target FeatureID="-1" href="LGAL_HLP_ALBUM_GRID.html">Albümlerdeki medya dosyalarına göz atma</target>
      <target FeatureID="-1" href="LGAL_HLP_TAGS_GRID.html">Etiketlenen medya dosyalarını tarama</target>
      <target FeatureID="-1" href="LGAL_HLP_DETAILS_VIEW.html">Dosya bilgilerini görüntüleme ve düzenleme</target>
      <target FeatureID="-1" href="LGAL_HLP_TAGS_BROWSER.html">Etiketler</target>
      <target FeatureID="-1" href="LGAL_HLP_MONTH_FULLSCREEN.html">Medya dosyalarını aya göre görüntüleme</target>
      <target FeatureID="-1" href="LGAL_HLP_MONTH_GRID.html">Medya dosyalarını aya göre tarama</target>
      <target FeatureID="-1" href="LGAL_HLP_VIEW_LIST.html">Fotoğraflar</target>
      <target FeatureID="-1" href="LGAL_HLP_MONTH_LIST.html">Aylar</target>
      <target FeatureID="-1" href="LGAL_HLP_SLIDESHOW_SETTINGS.html">Slayt gösterisi ayarları</target>
      <target FeatureID="-1" href="LGAL_HLP_ALL_FULLSCREEN.html">Tüm medya dosyalarını görüntüleme</target>
      <target FeatureID="-1" href="LGAL_HLP_ALBUM_FULLSCREEN.html">Medya dosyalarını albümlerde görüntüleme</target>
      <target FeatureID="-1" href="LGAL_HLP_TAGS_FULLSCREEN.html">Etiketlenen medya dosyalarını görüntüleme</target>
   </keywords>
   <keywords>
      <text FeatureID="-1">albümler</text>
      <target FeatureID="-1" href="LGAL_HLP_ALBUM_LIST.html">Albümler</target>
      <target FeatureID="-1" href="LGAL_HLP_ALBUM_GRID.html">Albümlerdeki medya dosyalarına göz atma</target>
      <target FeatureID="-1" href="LGAL_HLP_VIEW_LIST.html">Fotoğraflar</target>
      <target FeatureID="-1" href="LGAL_HLP_ALBUM_FULLSCREEN.html">Medya dosyalarını albümlerde görüntüleme</target>
   </keywords>
   <keywords>
      <text FeatureID="-1">etiketler</text>
      <target FeatureID="-1" href="LGAL_HLP_TAGS_GRID.html">Etiketlenen medya dosyalarını tarama</target>
      <target FeatureID="-1" href="LGAL_HLP_TAGS_BROWSER.html">Etiketler</target>
      <target FeatureID="-1" href="LGAL_HLP_VIEW_LIST.html">Fotoğraflar</target>
      <target FeatureID="-1" href="LGAL_HLP_TAGS_FULLSCREEN.html">Etiketlenen medya dosyalarını görüntüleme</target>
   </keywords>
   <keywords>
      <text FeatureID="-1">slayt gösterisi</text>
      <target FeatureID="-1" href="LGAL_HLP_SLIDESHOW_SETTINGS.html">Slayt gösterisi ayarları</target>
   </keywords>
</keywords>