<?xml version="1.0" encoding="UTF-8"?>
<keywords>
   <keywords>
      <text FeatureID="true_410">composition</text>
      <target FeatureID="true_410" href="DIALER_HLP_MAIN.html">Faire des appels téléphoniques</target>
   </keywords>
   <keywords>
      <text FeatureID="true_410">faire des appels téléphoniques</text>
      <target FeatureID="true_410" href="DIALER_HLP_MAIN.html">Faire des appels téléphoniques</target>
   </keywords>
   <keywords>
      <text FeatureID="-1">appels téléphoniques</text>
      <target FeatureID="-1" href="INCAL_HLP_CALL_HANDLING.html">Appels téléphoniques</target>
   </keywords>
   <keywords>
      <text FeatureID="-1">conférences téléphoniques</text>
      <target FeatureID="-1" href="INCAL_HLP_CALL_HANDLING.html">Appels téléphoniques</target>
   </keywords>
   <keywords>
      <text FeatureID="-1">échanger des appels</text>
      <target FeatureID="-1" href="INCAL_HLP_CALL_HANDLING.html">Appels téléphoniques</target>
   </keywords>
   <keywords>
      <text FeatureID="-1">téléphone</text>
      <target FeatureID="-1" href="INCAL_HLP_CALL_HANDLING.html">Appels téléphoniques</target>
   </keywords>
   <keywords>
      <text FeatureID="true_410">Tonalités DTMF</text>
      <target FeatureID="true_410" href="DIALER_HLP_SEND_DTMF.html">Envoyer des tonalités DTMF</target>
   </keywords>
   <keywords>
      <text FeatureID="true_89">appels vidéo</text>
      <target FeatureID="true_89" href="INCAL_HLP_VIDEO_CALL.html">Appels vidéo</target>
   </keywords>
</keywords>