<?xml version="1.0" encoding="UTF-8"?><?xml-stylesheet  href="../../theme/xsl/index2html.xslt" type="text/xsl"?>
<topics FeatureID="-1" title="الويب" compressed="true">
   <topicref FeatureID="-1" href="OSS_HLP_BM_ADDBM.html" navtitle="إضافة علامات"/>
   <topicref FeatureID="true_167" href="OSS_HLP_RSS_ADD.html" navtitle="إضافة روابط ويب إخبارية"/>
   <topicref FeatureID="-1" href="OSS_HLP_PAGEVIEW.html" navtitle="تصفح الويب"/>
   <topicref FeatureID="-1" href="OSS_HLP_BM_MAIN.html" navtitle="تصفح العلامات"/>
   <topicref FeatureID="true_167" href="OSS_HLP_RSS_EDIT.html" navtitle="تعديل الروابط الإخبارية للويب"/>
   <topicref FeatureID="-1" href="OSS_HLP_SETTINGS_GENERAL.html" navtitle="ضبط عام"/>
   <topicref FeatureID="-1" href="OSS_HLP_SETTINGS_PAGE.html" navtitle="ضبط الصفحة"/>
   <topicref FeatureID="-1" href="OSS_HLP_SETTINGS_PRIVACY.html" navtitle="ضبط السرية"/>
   <topicref FeatureID="true_167" href="OSS_HLP_RSS_ARTICLE.html" navtitle="مقالات روابط الويب الإخبارية"/>
   <topicref FeatureID="true_167" href="OSS_HLP_SETTINGS_RSS.html" navtitle="ضبط روابط الويب الإخبارية"/>
   <topicref FeatureID="true_167" href="OSS_HLP_RSS_ARTICLELST.html" navtitle="روابط الويب الإخبارية"/>
   <topicref FeatureID="-1" href="OSS_HLP_PAGEVIEW_EMBED.html" navtitle="الويب في التطبيقات"/>
   <topicref FeatureID="-1" href="OSS_HLP_SETTINGS_FOLDERS.html" navtitle="ضبط الويب"/>
   <topicref FeatureID="true_167" href="OSS_HLP_RSS_MAIN.html" navtitle="روابط الويب الإخبارية وسجلات الويب"/>
   <topicref FeatureID="false_410" href="OSS_HLP_SHORTCUTS.html" navtitle="اختصارات شريط الأدوات"/>
</topics>