<?xml version="1.0" encoding="UTF-8"?>
<keywords>
   <keywords>
      <text FeatureID="-1">علامات</text>
      <target FeatureID="-1" href="OSS_HLP_BM_ADDBM.html">إضافة علامات</target>
      <target FeatureID="-1" href="OSS_HLP_BM_MAIN.html">تصفح العلامات</target>
      <target FeatureID="-1" href="OSS_HLP_BM_EDIT.html">تعديل العلامات</target>
   </keywords>
   <keywords>
      <text FeatureID="-1">علامات المتصفح</text>
      <target FeatureID="-1" href="OSS_HLP_BM_ADDBM.html">إضافة علامات</target>
      <target FeatureID="-1" href="OSS_HLP_BM_EDIT.html">تعديل العلامات</target>
   </keywords>
   <keywords>
      <text FeatureID="-1">الويب</text>
      <target FeatureID="-1" href="OSS_HLP_BM_ADDBM.html">إضافة علامات</target>
      <target FeatureID="true_167" href="OSS_HLP_RSS_ADD.html">إضافة روابط ويب إخبارية</target>
      <target FeatureID="-1" href="OSS_HLP_PAGEVIEW.html">تصفح الويب</target>
      <target FeatureID="-1" href="OSS_HLP_BM_EDIT.html">تعديل العلامات</target>
      <target FeatureID="true_167" href="OSS_HLP_RSS_EDIT.html">تعديل الروابط الإخبارية للويب</target>
      <target FeatureID="true_167" href="OSS_HLP_RSS_ARTICLE.html">مقالات روابط الويب الإخبارية</target>
      <target FeatureID="true_167" href="OSS_HLP_RSS_ARTICLELST.html">روابط الويب الإخبارية</target>
      <target FeatureID="true_167" href="OSS_HLP_RSS_MAIN.html">روابط الويب الإخبارية وسجلات الويب</target>
   </keywords>
   <keywords>
      <text FeatureID="true_167">روابط إخبارية</text>
      <target FeatureID="true_167" href="OSS_HLP_RSS_ADD.html">إضافة روابط ويب إخبارية</target>
      <target FeatureID="true_167" href="OSS_HLP_RSS_ARTICLE.html">مقالات روابط الويب الإخبارية</target>
      <target FeatureID="true_167" href="OSS_HLP_RSS_ARTICLELST.html">روابط الويب الإخبارية</target>
      <target FeatureID="true_167" href="OSS_HLP_RSS_MAIN.html">روابط الويب الإخبارية وسجلات الويب</target>
   </keywords>
   <keywords>
      <text FeatureID="true_167">روابط RSS الإخبارية</text>
      <target FeatureID="true_167" href="OSS_HLP_RSS_ADD.html">إضافة روابط ويب إخبارية</target>
      <target FeatureID="true_167" href="OSS_HLP_RSS_ARTICLELST.html">روابط الويب الإخبارية</target>
      <target FeatureID="true_167" href="OSS_HLP_RSS_MAIN.html">روابط الويب الإخبارية وسجلات الويب</target>
   </keywords>
   <keywords>
      <text FeatureID="true_167">الأخبار وسجلات الويب</text>
      <target FeatureID="true_167" href="OSS_HLP_RSS_ADD.html">إضافة روابط ويب إخبارية</target>
      <target FeatureID="true_167" href="OSS_HLP_RSS_EDIT.html">تعديل الروابط الإخبارية للويب</target>
      <target FeatureID="true_167" href="OSS_HLP_RSS_ARTICLE.html">مقالات روابط الويب الإخبارية</target>
      <target FeatureID="true_167" href="OSS_HLP_RSS_ARTICLELST.html">روابط الويب الإخبارية</target>
      <target FeatureID="true_167" href="OSS_HLP_RSS_MAIN.html">روابط الويب الإخبارية وسجلات الويب</target>
   </keywords>
   <keywords>
      <text FeatureID="true_167">سجلات الويب</text>
      <target FeatureID="true_167" href="OSS_HLP_RSS_ADD.html">إضافة روابط ويب إخبارية</target>
      <target FeatureID="true_167" href="OSS_HLP_RSS_ARTICLE.html">مقالات روابط الويب الإخبارية</target>
      <target FeatureID="true_167" href="OSS_HLP_RSS_ARTICLELST.html">روابط الويب الإخبارية</target>
      <target FeatureID="true_167" href="OSS_HLP_RSS_MAIN.html">روابط الويب الإخبارية وسجلات الويب</target>
   </keywords>
   <keywords>
      <text FeatureID="-1">تصفح الصفحات</text>
      <target FeatureID="-1" href="OSS_HLP_PAGEVIEW.html">تصفح الويب</target>
   </keywords>
   <keywords>
      <text FeatureID="-1">المتصفح</text>
      <target FeatureID="-1" href="OSS_HLP_BM_MAIN.html">تصفح العلامات</target>
   </keywords>
   <keywords>
      <text FeatureID="true_167">الروابط الإخبارية</text>
      <target FeatureID="true_167" href="OSS_HLP_RSS_EDIT.html">تعديل الروابط الإخبارية للويب</target>
   </keywords>
   <keywords>
      <text FeatureID="true_167">روابط rss الإخبارية</text>
      <target FeatureID="true_167" href="OSS_HLP_RSS_EDIT.html">تعديل الروابط الإخبارية للويب</target>
      <target FeatureID="true_167" href="OSS_HLP_RSS_ARTICLE.html">مقالات روابط الويب الإخبارية</target>
   </keywords>
   <keywords>
      <text FeatureID="true_167">سجلات ويب</text>
      <target FeatureID="true_167" href="OSS_HLP_RSS_EDIT.html">تعديل الروابط الإخبارية للويب</target>
   </keywords>
   <keywords>
      <text FeatureID="-1">ضبط المتصفح</text>
      <target FeatureID="-1" href="OSS_HLP_SETTINGS_GENERAL.html">ضبط عام</target>
      <target FeatureID="-1" href="OSS_HLP_SETTINGS_PAGE.html">ضبط الصفحة</target>
      <target FeatureID="-1" href="OSS_HLP_SETTINGS_PRIVACY.html">ضبط السرية</target>
      <target FeatureID="true_167" href="OSS_HLP_SETTINGS_RSS.html">ضبط روابط الويب الإخبارية</target>
      <target FeatureID="-1" href="OSS_HLP_SETTINGS_FOLDERS.html">ضبط الويب</target>
      <target FeatureID="false_410" href="OSS_HLP_SHORTCUTS.html">اختصارات شريط الأدوات</target>
      <target FeatureID="false_410" href="OSS_HLP_KEYPAD.html">اختصارات لوحة المفاتيح</target>
   </keywords>
   <keywords>
      <text FeatureID="-1">ضبط الويب</text>
      <target FeatureID="-1" href="OSS_HLP_SETTINGS_GENERAL.html">ضبط عام</target>
      <target FeatureID="-1" href="OSS_HLP_SETTINGS_PAGE.html">ضبط الصفحة</target>
      <target FeatureID="-1" href="OSS_HLP_SETTINGS_PRIVACY.html">ضبط السرية</target>
      <target FeatureID="true_167" href="OSS_HLP_SETTINGS_RSS.html">ضبط روابط الويب الإخبارية</target>
      <target FeatureID="true_167" href="OSS_HLP_SETTINGS_RSS.html">ضبط روابط الويب الإخبارية</target>
      <target FeatureID="-1" href="OSS_HLP_SETTINGS_FOLDERS.html">ضبط الويب</target>
      <target FeatureID="false_410" href="OSS_HLP_SHORTCUTS.html">اختصارات شريط الأدوات</target>
      <target FeatureID="false_410" href="OSS_HLP_KEYPAD.html">اختصارات لوحة المفاتيح</target>
   </keywords>
   <keywords>
      <text FeatureID="-1">الإعداد للويب</text>
      <target FeatureID="-1" href="OSS_HLP_SETTINGS_PAGE.html">ضبط الصفحة</target>
      <target FeatureID="-1" href="OSS_HLP_SETTINGS_FOLDERS.html">ضبط الويب</target>
   </keywords>
   <keywords>
      <text FeatureID="-1">ضبط السرية</text>
      <target FeatureID="-1" href="OSS_HLP_SETTINGS_PRIVACY.html">ضبط السرية</target>
   </keywords>
   <keywords>
      <text FeatureID="-1">فتح صفحة معينة</text>
      <target FeatureID="-1" href="OSS_HLP_PAGEVIEW_EMBED.html">الويب في التطبيقات</target>
   </keywords>
   <keywords>
      <text FeatureID="-1">الويب في التطبيقات</text>
      <target FeatureID="-1" href="OSS_HLP_PAGEVIEW_EMBED.html">الويب في التطبيقات</target>
   </keywords>
</keywords>