<?xml version="1.0" encoding="UTF-8"?>
<keywords>
   <keywords>
      <text FeatureID="-1">‏VPN (ورچوئل پرائیویٹ نیٹ ورک)</text>
      <target FeatureID="-1" href="SET_HLP_VPN_LOG_VIEW.html">VPN لاگ</target>
      <target FeatureID="-1" href="SET_HLP_VPN_CONFIG_MAIN.html">VPN انتظامیہ</target>
      <target FeatureID="-1" href="SET_HLP_VPN_POLICY_VIEW.html">VPN پالیسیاں</target>
      <target FeatureID="-1" href="SET_HLP_VPN_POLICY_SERVERS.html">VPN پالیسی سرورز</target>
      <target FeatureID="-1" href="SET_HLP_VPN_POLICY_SERVER_SET.html">VPN سرور ترتیبات</target>
   </keywords>
</keywords>