<?xml version="1.0" encoding="UTF-8"?>
<keywords>
   <keywords>
      <text FeatureID="-1">synchronisation</text>
      <target FeatureID="-1" href="DS_HLP_MAIN_VIEW.html">Synchronisation des données</target>
   </keywords>
   <keywords>
      <text FeatureID="-1">profils de synchronisation</text>
      <target FeatureID="-1" href="DS_HLP_MAIN_VIEW.html">Synchronisation des données</target>
   </keywords>
   <keywords>
      <text FeatureID="-1">paramètres des profils de synchronisation</text>
      <target FeatureID="-1" href="DS_HLP_SETTINGS.html">Modifier les profils de synchronisation</target>
   </keywords>
   <keywords>
      <text FeatureID="-1">paramètres sync.</text>
      <target FeatureID="-1" href="DS_HLP_SETTINGS_CAL.html">Param. sync. agenda</target>
      <target FeatureID="-1" href="DS_HLP_SETTINGS_CNT.html">Param. sync. contacts</target>
      <target FeatureID="-1" href="DS_HLP_SETTINGS_NOTES.html">Param. sync. des notes</target>
      <target FeatureID="-1" href="DS_HLP_SETTINGS_SMS.html">Paramètres synchro. SMS</target>
      <target FeatureID="true_44" href="DS_HLP_SETTINGS_SYNCML.html">Paramètres de synchronisation de courriel</target>
   </keywords>
</keywords>