<?xml version="1.0" encoding="UTF-8"?>
<keywords>
   <keywords>
      <text FeatureID="-1">staðsetningaraðferðir</text>
      <target FeatureID="-1" href="LOC_HLP_SETTINGS.html">Staðsetningarstillingar</target>
   </keywords>
   <keywords>
      <text FeatureID="-1">staðsetningarmiðlari</text>
      <target FeatureID="-1" href="LOC_HLP_SETTINGS.html">Staðsetningarstillingar</target>
   </keywords>
   <keywords>
      <text FeatureID="-1">sérstillingar táknunar</text>
      <target FeatureID="-1" href="LOC_HLP_SETTINGS.html">Staðsetningarstillingar</target>
   </keywords>
</keywords>