<?xml version="1.0" encoding="UTF-8"?>
<keywords>
   <keywords>
      <text FeatureID="true_1604">text input</text>
      <target FeatureID="true_1604" href="HWR_HLP_MAIN_VIEW.html">Rozpoznávání rukopisu</target>
   </keywords>
   <keywords>
      <text FeatureID="true_1604">rozpoznávání rukopisu</text>
      <target FeatureID="true_1604" href="HWR_HLP_MAIN_VIEW.html">Rozpoznávání rukopisu</target>
   </keywords>
   <keywords>
      <text FeatureID="true_1603 true_410">dotykové vkládání</text>
      <target FeatureID="true_1603" href="VQWERTY_HLP_MAIN_VIEW.html">Virtuální klávesnice</target>
      <target FeatureID="true_410" href="VITU_HLP_MAIN_VIEW.html">Virtuální klávesnice</target>
   </keywords>
   <keywords>
      <text FeatureID="true_410">virtuální klávesnice</text>
      <target FeatureID="true_410" href="VITU_HLP_MAIN_VIEW.html">Virtuální klávesnice</target>
   </keywords>
</keywords>