<?xml version="1.0" encoding="UTF-8"?><?xml-stylesheet  href="../../theme/xsl/index2html.xslt" type="text/xsl"?>
<topics FeatureID="-1" title="Nokia Email" compressed="true">
   <topicref FeatureID="-1" href="FSCA_HLP_ANNIVERSARY_EDITOR.html" navtitle="Create anniversary entries"/>
   <topicref FeatureID="-1" href="FSCA_HLP_CALE_MEETING_EDITOR.html" navtitle="Create meeting entries"/>
   <topicref FeatureID="-1" href="FSCA_HLP_MEMO_EDITOR.html" navtitle="Create memo entries"/>
   <topicref FeatureID="-1" href="FSCA_HLP_TODO_EDITOR.html" navtitle="Create to-do entries"/>
   <topicref FeatureID="-1" href="FSCA_HLP_CALE_MEETING_VIEWER.html" navtitle="Edit meeting entries"/>
   <topicref FeatureID="-1" href="FSCA_HLP_MEMO_VIEWER.html" navtitle="Edit memo entries"/>
   <topicref FeatureID="-1" href="FSCA_HLP_TODO_VIEWER.html" navtitle="Edit to-do entries"/>
   <topicref FeatureID="-1" href="FSCA_HLP_ANNI_VIEWER.html" navtitle="Edit anniversary entries"/>
   <topicref FeatureID="-1" href="FSCA_HLP_RESPONSE_EDITOR.html" navtitle="Edit your response"/>
   <topicref FeatureID="-1" href="FSCA_HLP_VIEWER_ORGANIZER.html" navtitle="Manage meeting requests"/>
   <topicref FeatureID="-1" href="MEET_REQ_HLP_EDITOR.html" navtitle="Received meeting requests"/>
   <topicref FeatureID="-1" href="FSCA_HLP_VIEWER.html" navtitle="Respond to meeting requests"/>
   <topicref FeatureID="-1" href="RLOOK_HLP_INFO_VIEW.html" navtitle="Mengatur kontak yang ditemukan"/>
   <topicref FeatureID="-1" href="RLOOK_HLP_RESULT_VIEW.html" navtitle="Hasil pencarian"/>
   <topicref FeatureID="-1" href="FSE_HLP_ATTACHMENT_LIST_EDITOR.html" navtitle="Menambahkan lampiran"/>
   <topicref FeatureID="-1" href="FSE_HLP_MESSAGE_LIST_DELETED.html" navtitle="Pesan e-mail yang dihapus"/>
   <topicref FeatureID="-1" href="FSE_HLP_ATTACHMENT_LIST.html" navtitle="Men-download lampiran"/>
   <topicref FeatureID="-1" href="FSE_HLP_MESSAGE_LIST_DRAFTS.html" navtitle="Pesan e-mail konsep"/>
   <topicref FeatureID="-1" href="FSE_HLP_LAUNCHER_GRID.html" navtitle="Nokia E-mail"/>
   <topicref FeatureID="-1" href="FSE_HLP_FOLDER_LIST.html" navtitle="Folder e-mail"/>
   <topicref FeatureID="-1" href="FSE_HLP_LAUNCHER_SETTINGS.html" navtitle="Pengaturan e-mail umum"/>
   <topicref FeatureID="-1" href="FSE_HLP_SETTINGS_GLOBAL.html" navtitle="Pengaturan e-mail global"/>
   <topicref FeatureID="-1" href="FS_VIEWER_HLP_HTML_VIEW.html" navtitle="E-mail berformat HTML"/>
   <topicref FeatureID="-1" href="FSE_HLP_POP_IMAP_SETT_ADV.html" navtitle="Pengaturan e-mail lanjutan"/>
   <topicref FeatureID="-1" href="FSE_HLP_POP_IMAP_SETT_INCOMING.html" navtitle="Pengaturan e-mail masuk"/>
   <topicref FeatureID="-1" href="FSE_HLP_POP_IMAP_SETT_OUTGOING.html" navtitle="Pengaturan e-mail keluar"/>
   <topicref FeatureID="-1" href="FSE_HLP_POP_IMAP_SETT_MAIN.html" navtitle="Pengaturan e-mail"/>
   <topicref FeatureID="-1" href="FSE_HLP_SETT_IMAP_SUBSCR.html" navtitle="Berlangganan folder"/>
   <topicref FeatureID="-1" href="FSE_HLP_POP_IMAP_SETT_WHAT.html" navtitle="Memilih konten sinkronisasi"/>
   <topicref FeatureID="-1" href="FSE_HLP_POP_IMAP_SETT_WHEN.html" navtitle="Memilih waktu sinkronisasi"/>
   <topicref FeatureID="-1" href="FSE_HLP_MFE_LAUNCHER_MAIN_VIEW.html" navtitle="Email Mail for Exchange"/>
   <topicref FeatureID="-1" href="FS_VIEWER_HLP_DETAILS_VIEW.html" navtitle="Rincian pesan"/>
   <topicref FeatureID="-1" href="FSE_HLP_MFE_SETTINGS_ADVANCED.html" navtitle="Pengaturan lanjutan untuk kotak pesan"/>
   <topicref FeatureID="-1" href="FSE_HLP_MFE_SETTINGS_PIM_APPS.html" navtitle="Pengaturan sinkronisasi aplikasi"/>
   <topicref FeatureID="-1" href="FSE_HLP_MFE_CALENDAR_APP.html" navtitle="Pengaturan sinkronisasi Kalender"/>
   <topicref FeatureID="-1" href="FSE_HLP_MFE_CONTACTS_APP.html" navtitle="Pengaturan sinkronisasi Kontak"/>
   <topicref FeatureID="-1" href="FSE_HLP_MFE_SETTINGS_MAILBOX.html" navtitle="Pengaturan umum untuk kotak pesan"/>
   <topicref FeatureID="-1" href="FSE_HLP_MFE_SETTINGS_WHAT_SYNC.html" navtitle="Memilih konten sinkronisasi"/>
   <topicref FeatureID="-1" href="FSE_HLP_MFE_SETTINGS_WHEN_SYNC.html" navtitle="Memilih waktu sinkronisasi"/>
   <topicref FeatureID="-1" href="FSE_HLP_MFE_SETTINGS_FOLDER.html" navtitle="Pengaturan untuk sinkronisasi"/>
   <topicref FeatureID="-1" href="FSE_HLP_MFE_SETTINGS_MAIN_VIEW.html" navtitle="Pengaturan e-mail"/>
   <topicref FeatureID="-1" href="FSE_HLP_MFE_TASKS_APP.html" navtitle="Pengaturan sinkronisasi agenda"/>
   <topicref FeatureID="-1" href="FSE_HLP_MESSAGE_LIST_EMPTY.html" navtitle="Tidak ada pesan"/>
   <topicref FeatureID="-1" href="FSE_HLP_MESSAGE_LIST_OUTBOX.html" navtitle="Bekerja dengan Kotak keluar"/>
   <topicref FeatureID="-1" href="FS_VIEWER_HLP_MEETING_REQ_VIEW.html" navtitle="Membalas permintaan rapat"/>
   <topicref FeatureID="-1" href="FSE_HLP_MESSAGE_LIST_SEARCHING.html" navtitle="Mencari e-mail"/>
   <topicref FeatureID="-1" href="FSE_HLP_MESSAGE_LIST_SEARCHED.html" navtitle="Hasil pencarian"/>
   <topicref FeatureID="-1" href="FSE_HLP_SETTINGS_WHEN_SYNC.html" navtitle="Waktu sinkronisasi"/>
   <topicref FeatureID="-1" href="FS_EDITOR_HLP_MAIN_VIEW.html" navtitle="Mengirimkan e-mail"/>
   <topicref FeatureID="-1" href="FSE_HLP_SETTINGS_PIM_VIEW.html" navtitle="Layanan PIM"/>
   <topicref FeatureID="-1" href="FSE_HLP_SETTINGS_APPLICATIONS.html" navtitle="Mensinkronisasi aplikasi"/>
   <topicref FeatureID="-1" href="FS_VIEWER_HLP_MAIN_VIEW.html" navtitle="Menangani e-mail yang diterima"/>
   <topicref FeatureID="-1" href="FSE_HLP_MESSAGE_LIST_INBOX.html" navtitle="Menangani folder e-mail"/>
   <topicref FeatureID="-1" href="FSE_HLP_SETT.html" navtitle="Pengaturan"/>
   <topicref FeatureID="-1" href="FSE_HLP_ACCT_INFO.html" navtitle="Pengaturan account e-mail"/>
   <topicref FeatureID="-1" href="FSE_HLP_SYNC_SETT.html" navtitle="Pengaturan sinkronisasi"/>
   <topicref FeatureID="-1" href="FS_VIEWER_HLP_MR_RECEIVED.html" navtitle="Permintaan rapat"/>
</topics>