<?xml version="1.0" encoding="UTF-8"?>
<keywords>
   <keywords>
      <text FeatureID="-1">anniversary entries</text>
      <target FeatureID="-1" href="FSCA_HLP_ANNIVERSARY_EDITOR.html">Create anniversary entries</target>
      <target FeatureID="-1" href="FSCA_HLP_ANNI_VIEWER.html">Edit anniversary entries</target>
   </keywords>
   <keywords>
      <text FeatureID="-1">meeting entries</text>
      <target FeatureID="-1" href="FSCA_HLP_CALE_MEETING_EDITOR.html">Create meeting entries</target>
      <target FeatureID="-1" href="FSCA_HLP_CALE_MEETING_VIEWER.html">Edit meeting entries</target>
   </keywords>
   <keywords>
      <text FeatureID="-1">memo entries</text>
      <target FeatureID="-1" href="FSCA_HLP_MEMO_EDITOR.html">Create memo entries</target>
      <target FeatureID="-1" href="FSCA_HLP_MEMO_VIEWER.html">Edit memo entries</target>
   </keywords>
   <keywords>
      <text FeatureID="-1">to-do entries</text>
      <target FeatureID="-1" href="FSCA_HLP_TODO_EDITOR.html">Create to-do entries</target>
      <target FeatureID="-1" href="FSCA_HLP_TODO_VIEWER.html">Edit to-do entries</target>
   </keywords>
   <keywords>
      <text FeatureID="-1">meeting requests</text>
      <target FeatureID="-1" href="FSCA_HLP_RESPONSE_EDITOR.html">Edit your response</target>
      <target FeatureID="-1" href="FSCA_HLP_VIEWER_ORGANIZER.html">Manage meeting requests</target>
      <target FeatureID="-1" href="MEET_REQ_HLP_EDITOR.html">Received meeting requests</target>
      <target FeatureID="-1" href="FSCA_HLP_VIEWER.html">Respond to meeting requests</target>
   </keywords>
   <keywords>
      <text FeatureID="-1">kontak</text>
      <target FeatureID="-1" href="RLOOK_HLP_INFO_VIEW.html">Mengatur kontak yang ditemukan</target>
   </keywords>
   <keywords>
      <text FeatureID="-1">kontak, mencari</text>
      <target FeatureID="-1" href="RLOOK_HLP_RESULT_VIEW.html">Hasil pencarian</target>
   </keywords>
   <keywords>
      <text FeatureID="-1">e-mail, lampiran</text>
      <target FeatureID="-1" href="FSE_HLP_ATTACHMENT_LIST_EDITOR.html">Menambahkan lampiran</target>
   </keywords>
   <keywords>
      <text FeatureID="-1">e-mail yang dihapus</text>
      <target FeatureID="-1" href="FSE_HLP_MESSAGE_LIST_DELETED.html">Pesan e-mail yang dihapus</target>
   </keywords>
   <keywords>
      <text FeatureID="-1">download lampiran e-mail</text>
      <target FeatureID="-1" href="FSE_HLP_ATTACHMENT_LIST.html">Men-download lampiran</target>
   </keywords>
   <keywords>
      <text FeatureID="-1">e-mail konsep</text>
      <target FeatureID="-1" href="FSE_HLP_MESSAGE_LIST_DRAFTS.html">Pesan e-mail konsep</target>
   </keywords>
   <keywords>
      <text FeatureID="-1">Nokia E-mail</text>
      <target FeatureID="-1" href="FSE_HLP_LAUNCHER_GRID.html">Nokia E-mail</target>
   </keywords>
   <keywords>
      <text FeatureID="-1">e-mail</text>
      <target FeatureID="-1" href="FSE_HLP_LAUNCHER_GRID.html">Nokia E-mail</target>
   </keywords>
   <keywords>
      <text FeatureID="-1">folder e-mail</text>
      <target FeatureID="-1" href="FSE_HLP_FOLDER_LIST.html">Folder e-mail</target>
      <target FeatureID="-1" href="FSE_HLP_SETT_IMAP_SUBSCR.html">Berlangganan folder</target>
      <target FeatureID="-1" href="FSE_HLP_MESSAGE_LIST_INBOX.html">Menangani folder e-mail</target>
   </keywords>
   <keywords>
      <text FeatureID="-1">pengaturan e-mail</text>
      <target FeatureID="-1" href="FSE_HLP_LAUNCHER_SETTINGS.html">Pengaturan e-mail umum</target>
      <target FeatureID="-1" href="FSE_HLP_POP_IMAP_SETT_MAIN.html">Pengaturan e-mail</target>
      <target FeatureID="-1" href="FSE_HLP_MFE_SETTINGS_MAIN_VIEW.html">Pengaturan e-mail</target>
   </keywords>
   <keywords>
      <text FeatureID="-1">pengaturan e-mail global</text>
      <target FeatureID="-1" href="FSE_HLP_SETTINGS_GLOBAL.html">Pengaturan e-mail global</target>
   </keywords>
   <keywords>
      <text FeatureID="-1">e-mail HTML</text>
      <target FeatureID="-1" href="FS_VIEWER_HLP_HTML_VIEW.html">E-mail berformat HTML</target>
   </keywords>
   <keywords>
      <text FeatureID="-1">pengaturan e-mail lanjutan</text>
      <target FeatureID="-1" href="FSE_HLP_POP_IMAP_SETT_ADV.html">Pengaturan e-mail lanjutan</target>
   </keywords>
   <keywords>
      <text FeatureID="-1">pengaturan e-mail masuk</text>
      <target FeatureID="-1" href="FSE_HLP_POP_IMAP_SETT_INCOMING.html">Pengaturan e-mail masuk</target>
   </keywords>
   <keywords>
      <text FeatureID="-1">pengaturan e-mail keluar</text>
      <target FeatureID="-1" href="FSE_HLP_POP_IMAP_SETT_OUTGOING.html">Pengaturan e-mail keluar</target>
   </keywords>
   <keywords>
      <text FeatureID="-1">sinkronisasi e-mail</text>
      <target FeatureID="-1" href="FSE_HLP_POP_IMAP_SETT_WHAT.html">Memilih konten sinkronisasi</target>
   </keywords>
   <keywords>
      <text FeatureID="-1">waktu sinkronisasi e-mail</text>
      <target FeatureID="-1" href="FSE_HLP_POP_IMAP_SETT_WHEN.html">Memilih waktu sinkronisasi</target>
      <target FeatureID="-1" href="FSE_HLP_MFE_SETTINGS_WHEN_SYNC.html">Memilih waktu sinkronisasi</target>
      <target FeatureID="-1" href="FSE_HLP_SETTINGS_WHEN_SYNC.html">Waktu sinkronisasi</target>
   </keywords>
   <keywords>
      <text FeatureID="-1">Mail for Exchange</text>
      <target FeatureID="-1" href="FSE_HLP_MFE_LAUNCHER_MAIN_VIEW.html">Email Mail for Exchange</target>
   </keywords>
   <keywords>
      <text FeatureID="-1">rincian e-mail</text>
      <target FeatureID="-1" href="FS_VIEWER_HLP_DETAILS_VIEW.html">Rincian pesan</target>
   </keywords>
   <keywords>
      <text FeatureID="-1">pengaturan kotak pesan lanjutan</text>
      <target FeatureID="-1" href="FSE_HLP_MFE_SETTINGS_ADVANCED.html">Pengaturan lanjutan untuk kotak pesan</target>
   </keywords>
   <keywords>
      <text FeatureID="-1">pengaturan sinkronisasi e-mail</text>
      <target FeatureID="-1" href="FSE_HLP_MFE_SETTINGS_PIM_APPS.html">Pengaturan sinkronisasi aplikasi</target>
   </keywords>
   <keywords>
      <text FeatureID="-1">sinkronisasi kalender</text>
      <target FeatureID="-1" href="FSE_HLP_MFE_CALENDAR_APP.html">Pengaturan sinkronisasi Kalender</target>
   </keywords>
   <keywords>
      <text FeatureID="-1">sinkronisasi kontak,</text>
      <target FeatureID="-1" href="FSE_HLP_MFE_CONTACTS_APP.html">Pengaturan sinkronisasi Kontak</target>
   </keywords>
   <keywords>
      <text FeatureID="-1">pengaturan kotak pesan</text>
      <target FeatureID="-1" href="FSE_HLP_MFE_SETTINGS_MAILBOX.html">Pengaturan umum untuk kotak pesan</target>
   </keywords>
   <keywords>
      <text FeatureID="-1">konten sinkronisasi e-mail</text>
      <target FeatureID="-1" href="FSE_HLP_MFE_SETTINGS_WHAT_SYNC.html">Memilih konten sinkronisasi</target>
   </keywords>
   <keywords>
      <text FeatureID="-1">sinkronisasi folder e-mail</text>
      <target FeatureID="-1" href="FSE_HLP_MFE_SETTINGS_FOLDER.html">Pengaturan untuk sinkronisasi</target>
   </keywords>
   <keywords>
      <text FeatureID="-1">sinkronisasi entri agenda</text>
      <target FeatureID="-1" href="FSE_HLP_MFE_TASKS_APP.html">Pengaturan sinkronisasi agenda</target>
   </keywords>
   <keywords>
      <text FeatureID="-1">tidak ada pesan e-mail</text>
      <target FeatureID="-1" href="FSE_HLP_MESSAGE_LIST_EMPTY.html">Tidak ada pesan</target>
   </keywords>
   <keywords>
      <text FeatureID="-1">kotak keluar e-mail</text>
      <target FeatureID="-1" href="FSE_HLP_MESSAGE_LIST_OUTBOX.html">Bekerja dengan Kotak keluar</target>
   </keywords>
   <keywords>
      <text FeatureID="-1">permintaan rapat</text>
      <target FeatureID="-1" href="FS_VIEWER_HLP_MEETING_REQ_VIEW.html">Membalas permintaan rapat</target>
   </keywords>
   <keywords>
      <text FeatureID="-1">pencarian e-mail</text>
      <target FeatureID="-1" href="FSE_HLP_MESSAGE_LIST_SEARCHING.html">Mencari e-mail</target>
   </keywords>
   <keywords>
      <text FeatureID="-1">hasil pencarian e-mail</text>
      <target FeatureID="-1" href="FSE_HLP_MESSAGE_LIST_SEARCHED.html">Hasil pencarian</target>
   </keywords>
   <keywords>
      <text FeatureID="-1">mengirim e-mail</text>
      <target FeatureID="-1" href="FS_EDITOR_HLP_MAIN_VIEW.html">Mengirimkan e-mail</target>
   </keywords>
   <keywords>
      <text FeatureID="-1">Layanan PIM</text>
      <target FeatureID="-1" href="FSE_HLP_SETTINGS_PIM_VIEW.html">Layanan PIM</target>
   </keywords>
   <keywords>
      <text FeatureID="-1">mensinkronisasi aplikasi</text>
      <target FeatureID="-1" href="FSE_HLP_SETTINGS_APPLICATIONS.html">Mensinkronisasi aplikasi</target>
   </keywords>
   <keywords>
      <text FeatureID="-1">e-mail yang diterima</text>
      <target FeatureID="-1" href="FS_VIEWER_HLP_MAIN_VIEW.html">Menangani e-mail yang diterima</target>
   </keywords>
   <keywords>
      <text FeatureID="-1">e-mail, pengaturan</text>
      <target FeatureID="-1" href="FSE_HLP_SETT.html">Pengaturan</target>
   </keywords>
   <keywords>
      <text FeatureID="-1">e-mail, pengaturan account</text>
      <target FeatureID="-1" href="FSE_HLP_ACCT_INFO.html">Pengaturan account e-mail</target>
   </keywords>
   <keywords>
      <text FeatureID="-1">e-mail, sinkronisasi</text>
      <target FeatureID="-1" href="FSE_HLP_SYNC_SETT.html">Pengaturan sinkronisasi</target>
   </keywords>
   <keywords>
      <text FeatureID="-1">e-mail, entri rapat</text>
      <target FeatureID="-1" href="FS_VIEWER_HLP_MR_RECEIVED.html">Permintaan rapat</target>
   </keywords>
   <keywords>
      <text FeatureID="-1">entri rapat</text>
      <target FeatureID="-1" href="FS_VIEWER_HLP_MR_RECEIVED.html">Permintaan rapat</target>
   </keywords>
</keywords>