<?xml version="1.0" encoding="UTF-8"?>
<keywords>
   <keywords>
      <text FeatureID="-1">прехвърляне на данни</text>
      <target FeatureID="-1" href="SWITCH_HLP_EDIT_SHORTCUT.html">Настройки бърз достъп</target>
      <target FeatureID="-1" href="SWITCH_HLP_EDIT_SHORTCUT.html">Настройки бърз достъп</target>
      <target FeatureID="-1" href="SWITCH_HLP_MAIN.html">Прехвърляне на данни</target>
      <target FeatureID="-1" href="SWITCH_HLP_MAIN.html">Прехвърляне на данни</target>
      <target FeatureID="-1" href="SWITCH_HLP_LOG.html">Дневник прехвърляне</target>
   </keywords>
   <keywords>
      <text FeatureID="-1">команда за бърз достъп</text>
      <target FeatureID="-1" href="SWITCH_HLP_EDIT_SHORTCUT.html">Настройки бърз достъп</target>
   </keywords>
   <keywords>
      <text FeatureID="-1">прехвърляне на данни, конфликти</text>
      <target FeatureID="-1" href="SWITCH_HLP_CONFLICT.html">Конфликти при прехв.</target>
   </keywords>
   <keywords>
      <text FeatureID="-1">копиране на съдържание</text>
      <target FeatureID="-1" href="SWITCH_HLP_MAIN.html">Прехвърляне на данни</target>
   </keywords>
   <keywords>
      <text FeatureID="-1">дневник прехвърляне</text>
      <target FeatureID="-1" href="SWITCH_HLP_LOG.html">Дневник прехвърляне</target>
   </keywords>
</keywords>