<?xml version="1.0" encoding="UTF-8"?>
<keywords>
   <keywords>
      <text FeatureID="-1">messaggi istantanei</text>
      <target FeatureID="-1" href="SERVTAB_HLP_CONVERSATION.html">Invio di messaggi istantanei</target>
   </keywords>
   <keywords>
      <text FeatureID="-1">chat in corso</text>
      <target FeatureID="-1" href="SERVTAB_HLP_CONVERSATION.html">Invio di messaggi istantanei</target>
   </keywords>
   <keywords>
      <text FeatureID="-1">conversazioni</text>
      <target FeatureID="-1" href="SERVTAB_HLP_CONVERSATION.html">Invio di messaggi istantanei</target>
   </keywords>
</keywords>