<?xml version="1.0" encoding="UTF-8"?>
<keywords>
   <keywords>
      <text FeatureID="-1">prenos podatkov</text>
      <target FeatureID="-1" href="SWITCH_HLP_EDIT_SHORTCUT.html">Nastavitve bližnjic</target>
      <target FeatureID="-1" href="SWITCH_HLP_EDIT_SHORTCUT.html">Nastavitve bližnjic</target>
      <target FeatureID="-1" href="SWITCH_HLP_MAIN.html">Prenos podatkov</target>
      <target FeatureID="-1" href="SWITCH_HLP_MAIN.html">Prenos podatkov</target>
      <target FeatureID="-1" href="SWITCH_HLP_LOG.html">Dnevnik prenosa</target>
   </keywords>
   <keywords>
      <text FeatureID="-1">bližnjice</text>
      <target FeatureID="-1" href="SWITCH_HLP_EDIT_SHORTCUT.html">Nastavitve bližnjic</target>
   </keywords>
   <keywords>
      <text FeatureID="-1">prenos podatkov, spori</text>
      <target FeatureID="-1" href="SWITCH_HLP_CONFLICT.html">Spori pri prenosu</target>
   </keywords>
   <keywords>
      <text FeatureID="-1">kopiranje vsebine</text>
      <target FeatureID="-1" href="SWITCH_HLP_MAIN.html">Prenos podatkov</target>
   </keywords>
   <keywords>
      <text FeatureID="-1">dnevnik prenosa</text>
      <target FeatureID="-1" href="SWITCH_HLP_LOG.html">Dnevnik prenosa</target>
   </keywords>
</keywords>