<?xml version="1.0" encoding="UTF-8"?>
<keywords>
   <keywords>
      <text FeatureID="-1">kalender</text>
      <target FeatureID="-1" href="CALE_HLP_NOTE_ANNIVERSARY.html">Årsdags­poster</target>
      <target FeatureID="-1" href="CALE_HLP_NOTE_VIEWER.html">Kalender­poster</target>
      <target FeatureID="-1" href="CALE_HLP_DAY_VIEW.html">Dags­visning</target>
      <target FeatureID="-1" href="CALE_HLP_NOTE_MEETING.html">Møde­poster</target>
      <target FeatureID="-1" href="CALE_HLP_NOTE_DAY.html">Oprette notater</target>
      <target FeatureID="-1" href="CALE_HLP_MONTH_VIEW.html">Måneds­visning</target>
      <target FeatureID="-1" href="CALE_HLP_TODO_NOTE.html">Oprette opgaver</target>
      <target FeatureID="-1" href="CALE_HLP_TODO_VIEW.html">Opgave­visning</target>
      <target FeatureID="-1" href="CALE_HLP_WEEK_VIEW.html">Ugevisning</target>
   </keywords>
   <keywords>
      <text FeatureID="-1">årsdagsnoter</text>
      <target FeatureID="-1" href="CALE_HLP_NOTE_ANNIVERSARY.html">Årsdags­poster</target>
      <target FeatureID="-1" href="CALE_HLP_NOTE_VIEWER.html">Kalender­poster</target>
   </keywords>
   <keywords>
      <text FeatureID="-1">møder</text>
      <target FeatureID="-1" href="CALE_HLP_NOTE_VIEWER.html">Kalender­poster</target>
      <target FeatureID="-1" href="CALE_HLP_NOTE_MEETING.html">Møde­poster</target>
   </keywords>
   <keywords>
      <text FeatureID="-1">notater</text>
      <target FeatureID="-1" href="CALE_HLP_NOTE_VIEWER.html">Kalender­poster</target>
      <target FeatureID="-1" href="CALE_HLP_NOTE_DAY.html">Oprette notater</target>
   </keywords>
   <keywords>
      <text FeatureID="-1">opgavenoter</text>
      <target FeatureID="-1" href="CALE_HLP_NOTE_VIEWER.html">Kalender­poster</target>
      <target FeatureID="-1" href="CALE_HLP_TODO_NOTE.html">Oprette opgaver</target>
   </keywords>
   <keywords>
      <text FeatureID="-1">kalender­indstillinger</text>
      <target FeatureID="-1" href="CALE_HLP_SETTINGS.html">Kalender­indstillinger</target>
   </keywords>
   <keywords>
      <text FeatureID="-1">opgaveliste</text>
      <target FeatureID="-1" href="CALE_HLP_TODO_VIEW.html">Opgave­visning</target>
   </keywords>
</keywords>