<?xml version="1.0" encoding="UTF-8"?>
<keywords>
   <keywords>
      <text FeatureID="-1">kalender</text>
      <target FeatureID="-1" href="CALE_HLP_NOTE_VIEWER.html">Kalender­poster</target>
      <target FeatureID="-1" href="CALE_HLP_DAY_VIEW.html">Dags­visning</target>
      <target FeatureID="-1" href="CALE_HLP_NOTE_MEETING.html">Møde­poster</target>
      <target FeatureID="-1" href="CALE_HLP_MONTH_VIEW.html">Måneds­visning</target>
      <target FeatureID="-1" href="CALE_HLP_TODO_NOTE.html">Oprette opgaver</target>
      <target FeatureID="-1" href="CALE_HLP_TODO_VIEW.html">Opgave­visning</target>
      <target FeatureID="-1" href="CALE_HLP_WEEK_VIEW.html">Ugevisning</target>
      <target FeatureID="-1" href="CALE_HLP_CALENDAR_DATABASE_SETTINGS.html">Indstillinger for flere kalendere</target>
      <target FeatureID="-1" href="CALE_HLP_CALE_MAN_VIEW.html">Visning til kalenderadministration</target>
      <target FeatureID="-1" href="CALE_HLP_ATTACH_VIEW.html">Se vedhæftede filer</target>
      <target FeatureID="-1" href="CALE_HLP_MAV.html">Visningen med missede alarmer</target>
   </keywords>
   <keywords>
      <text FeatureID="-1">møder</text>
      <target FeatureID="-1" href="CALE_HLP_NOTE_VIEWER.html">Kalender­poster</target>
      <target FeatureID="-1" href="CALE_HLP_NOTE_MEETING.html">Møde­poster</target>
   </keywords>
   <keywords>
      <text FeatureID="-1">opgavenoter</text>
      <target FeatureID="-1" href="CALE_HLP_NOTE_VIEWER.html">Kalender­poster</target>
      <target FeatureID="-1" href="CALE_HLP_TODO_NOTE.html">Oprette opgaver</target>
   </keywords>
   <keywords>
      <text FeatureID="-1">kalender­indstillinger</text>
      <target FeatureID="-1" href="CALE_HLP_SETTINGS.html">Kalender­indstillinger</target>
   </keywords>
   <keywords>
      <text FeatureID="-1">opgaveliste</text>
      <target FeatureID="-1" href="CALE_HLP_TODO_VIEW.html">Opgave­visning</target>
   </keywords>
   <keywords>
      <text FeatureID="-1">indstillinger, kalender</text>
      <target FeatureID="-1" href="CALE_HLP_CALENDAR_DATABASE_SETTINGS.html">Indstillinger for flere kalendere</target>
   </keywords>
   <keywords>
      <text FeatureID="-1">vedhæftede filer</text>
      <target FeatureID="-1" href="CALE_HLP_ATTACH_VIEW.html">Se vedhæftede filer</target>
   </keywords>
   <keywords>
      <text FeatureID="-1">alarmer, kalendernote</text>
      <target FeatureID="-1" href="CALE_HLP_MAV.html">Visningen med missede alarmer</target>
   </keywords>
</keywords>