<?xml version="1.0" encoding="UTF-8"?>
<keywords>
   <keywords>
      <text FeatureID="-1">üzenetek továbbítása</text>
      <target FeatureID="-1" href="MMS_HLP_MMS_FWD_REQUEST.html">Multimédia üzenetek továbbítása</target>
   </keywords>
   <keywords>
      <text FeatureID="-1">multimédia üzenetek</text>
      <target FeatureID="-1" href="MMS_HLP_MMS_FWD_REQUEST_SEND.html">Továbbítási kérelem az elküldött üzenetekhez</target>
   </keywords>
   <keywords>
      <text FeatureID="-1">multimédia értesítések</text>
      <target FeatureID="-1" href="MMS_HLP_NOTIFICATION_VIEWER.html">Multimédia értesítések</target>
   </keywords>
   <keywords>
      <text FeatureID="-1">média objektumok</text>
      <target FeatureID="-1" href="MMS_HLP_OBJECTS_VIEW_VIEWER.html">Médiaobjekt. megtekint.</target>
   </keywords>
   <keywords>
      <text FeatureID="-1">multimédia objektumok</text>
      <target FeatureID="-1" href="MMS_HLP_OBJECTS_VIEW_VIEWER.html">Médiaobjekt. megtekint.</target>
   </keywords>
   <keywords>
      <text FeatureID="-1">multimédiás üzenetek</text>
      <target FeatureID="-1" href="MMS_HLP_MMS_VIEWER.html">Multimédia üzenetek megtekintése</target>
   </keywords>
   <keywords>
      <text FeatureID="-1">MMS</text>
      <target FeatureID="-1" href="MMS_HLP_MMS_VIEWER.html">Multimédia üzenetek megtekintése</target>
   </keywords>
</keywords>