<?xml version="1.0" encoding="UTF-8"?>
<keywords>
   <keywords>
      <text FeatureID="true_1116">mengirim entri kalender</text>
      <target FeatureID="true_1116" href="SMART_HLP_CALENDAREDITOR.html">Mengirim entri kalender</target>
   </keywords>
   <keywords>
      <text FeatureID="true_1114">menerima entri kalender</text>
      <target FeatureID="true_1114" href="SMART_HLP_CALENDARVIEWER.html">Entri kalender yang diterima</target>
   </keywords>
   <keywords>
      <text FeatureID="true_1114">entri kalender</text>
      <target FeatureID="true_1114" href="SMART_HLP_CALPULLMESVIEWER.html">Entri kalender yang di-download</target>
   </keywords>
   <keywords>
      <text FeatureID="true_1117 true_1115">kartu nama</text>
      <target FeatureID="true_1117" href="SMART_HLP_BUSINESSEDITOR.html">Mengirim kartu nama</target>
      <target FeatureID="true_1115" href="SMART_HLP_BUSINESSVIEWER.html">Kartu nama yang diterima</target>
      <target FeatureID="true_1115" href="SMART_HLP_BUSPULLMESVIEWER.html">Download kartu nama</target>
   </keywords>
   <keywords>
      <text FeatureID="true_1111">nada dering</text>
      <target FeatureID="true_1111" href="SMART_HLP_RINGVIEWER.html">Nada dering yang diterima</target>
   </keywords>
   <keywords>
      <text FeatureID="true_1110">logo operator</text>
      <target FeatureID="true_1110" href="SMART_HLP_OPLOGOVIEWER.html">Logo operator yang diterima</target>
   </keywords>
   <keywords>
      <text FeatureID="true_1106">penanda</text>
      <target FeatureID="true_1106" href="SMART_HLP_ONEBOOKVIEWER.html">Penanda yang diterima</target>
   </keywords>
   <keywords>
      <text FeatureID="true_1112">menerima gambar</text>
      <target FeatureID="true_1112" href="SMART_HLP_GMSVIEWER.html">Menampilkan pesan gambar</target>
   </keywords>
   <keywords>
      <text FeatureID="true_1112">pesan gambar</text>
      <target FeatureID="true_1112" href="SMART_HLP_GMSVIEWER.html">Menampilkan pesan gambar</target>
   </keywords>
   <keywords>
      <text FeatureID="true_1537">konfigurasi drive jauh</text>
      <target FeatureID="true_1537" href="SMART_HLP_REMOTEDRIVES_VIEWER.html">Menerima konfigurasi drive jauh</target>
      <target FeatureID="true_1537" href="SMART_HLP_REMOTEDRIVES_EDITOR.html">Mengirim konfigurasi drive jauh</target>
   </keywords>
</keywords>