<?xml version="1.0" encoding="UTF-8"?>
<keywords>
   <keywords>
      <text FeatureID="-1">kamera</text>
      <target FeatureID="-1" href="LCAM_HLP_VIEWFINDER_PHOTO.html">Ta bilder</target>
      <target FeatureID="false_410" href="LCAM_HLP_LIGHT_SENSITIVITY.html">Endre lys­følsomheten</target>
      <target FeatureID="-1" href="LCAM_HLP_SCENES_PHOTO.html">Bildemotiver</target>
      <target FeatureID="-1" href="LCAM_HLP_VIEWFINDER_VIDEO.html">Innspilling av videoklipp</target>
      <target FeatureID="false_410" href="LCAM_HLP_SCENES_VIDEO.html">Videoscener</target>
      <target FeatureID="-1" href="LCAM_HLP_VIEWFINDER_VIDEO_EM.html">Videoer i programmer</target>
      <target FeatureID="false_410" href="LCAM_HLP_STANDYBY_EM.html">Kamera ikke aktivt</target>
      <target FeatureID="-1" href="LCAM_HLP_POST_VIDEO.html">Spille av videoklipp</target>
      <target FeatureID="-1" href="LCAM_HLP_POST_PHOTO.html">Vise bilder som er tatt</target>
      <target FeatureID="true_132" href="LCAM_HLP_POST_SEQ.html">Vise bilder som er tatt i en sekvens</target>
   </keywords>
   <keywords>
      <text FeatureID="-1">ta bilder</text>
      <target FeatureID="-1" href="LCAM_HLP_VIEWFINDER_PHOTO.html">Ta bilder</target>
   </keywords>
   <keywords>
      <text FeatureID="false_410">lysfølsomhet</text>
      <target FeatureID="false_410" href="LCAM_HLP_LIGHT_SENSITIVITY.html">Endre lys­følsomheten</target>
   </keywords>
   <keywords>
      <text FeatureID="-1">kameramotiver</text>
      <target FeatureID="-1" href="LCAM_HLP_SETTINGS_PHOUSER.html">Angi motiver</target>
   </keywords>
   <keywords>
      <text FeatureID="-1">motiver</text>
      <target FeatureID="-1" href="LCAM_HLP_SCENES_PHOTO.html">Bildemotiver</target>
   </keywords>
   <keywords>
      <text FeatureID="-1">kamera­innstillinger</text>
      <target FeatureID="-1" href="LCAM_HLP_SETTINGS.html">Kamerainnstillinger</target>
   </keywords>
   <keywords>
      <text FeatureID="-1">kamera, innstillinger</text>
      <target FeatureID="-1" href="LCAM_HLP_SETTINGS_PHOTO.html">Bildeinnstillinger</target>
      <target FeatureID="-1" href="LCAM_HLP_SETTINGS_VIDEO.html">Videoinnst.</target>
   </keywords>
   <keywords>
      <text FeatureID="-1">videoopptak</text>
      <target FeatureID="-1" href="LCAM_HLP_VIEWFINDER_VIDEO.html">Innspilling av videoklipp</target>
   </keywords>
   <keywords>
      <text FeatureID="false_410">videomotiver</text>
      <target FeatureID="false_410" href="LCAM_HLP_SCENES_VIDEO.html">Videoscener</target>
   </keywords>
   <keywords>
      <text FeatureID="-1">videoklipp, innstillinger</text>
      <target FeatureID="-1" href="LCAM_HLP_SETTINGS_VIDEO.html">Videoinnst.</target>
   </keywords>
   <keywords>
      <text FeatureID="-1">videoklipp i programmer</text>
      <target FeatureID="-1" href="LCAM_HLP_VIEWFINDER_VIDEO_EM.html">Videoer i programmer</target>
   </keywords>
   <keywords>
      <text FeatureID="-1">spille av videoklipp</text>
      <target FeatureID="-1" href="LCAM_HLP_POST_VIDEO.html">Spille av videoklipp</target>
   </keywords>
   <keywords>
      <text FeatureID="-1">kamera i programmer</text>
      <target FeatureID="-1" href="LCAM_HLP_VIEWFINDER_PHOTO_EM.html">Bilder i programmer</target>
   </keywords>
   <keywords>
      <text FeatureID="-1">vise bilder</text>
      <target FeatureID="-1" href="LCAM_HLP_POST_PHOTO.html">Vise bilder som er tatt</target>
   </keywords>
   <keywords>
      <text FeatureID="true_132">sekvensmodus</text>
      <target FeatureID="true_132" href="LCAM_HLP_POST_SEQ.html">Vise bilder som er tatt i en sekvens</target>
   </keywords>
</keywords>