<?xml version="1.0" encoding="UTF-8"?>
<keywords>
   <keywords>
      <text FeatureID="-1">ura, opozorila</text>
      <target FeatureID="-1" href="CLK_HLP_ALARM_EDITOR.html">Urejevalnik opozoril ure</target>
   </keywords>
   <keywords>
      <text FeatureID="-1">budilka</text>
      <target FeatureID="-1" href="CLK_HLP_ALARM_EDITOR.html">Urejevalnik opozoril ure</target>
      <target FeatureID="-1" href="CLK_HLP_REAL_TIME_CLOCK_IN.html">Glavni pogled ure</target>
   </keywords>
   <keywords>
      <text FeatureID="-1">ura</text>
      <target FeatureID="-1" href="CLK_HLP_REAL_TIME_CLOCK_IN.html">Glavni pogled ure</target>
      <target FeatureID="-1" href="CLK_HLP_WRLD_CLK.html">Svetovna ura</target>
   </keywords>
   <keywords>
      <text FeatureID="-1">datum in čas, nastavitve</text>
      <target FeatureID="-1" href="CLK_HLP_SETTINGS.html">Nastavitve datuma in časa</target>
   </keywords>
   <keywords>
      <text FeatureID="-1">nastavitve ure</text>
      <target FeatureID="-1" href="CLK_HLP_SETTINGS.html">Nastavitve datuma in časa</target>
   </keywords>
   <keywords>
      <text FeatureID="-1">ura, časovni pasovi</text>
      <target FeatureID="-1" href="CLK_HLP_REAL_TIME_CLOCK_AN.html">Lokalni čas</target>
   </keywords>
   <keywords>
      <text FeatureID="-1">lokalni čas in časovni pas</text>
      <target FeatureID="-1" href="CLK_HLP_REAL_TIME_CLOCK_AN.html">Lokalni čas</target>
   </keywords>
   <keywords>
      <text FeatureID="-1">svetovna ura</text>
      <target FeatureID="-1" href="CLK_HLP_WRLD_CLK.html">Svetovna ura</target>
   </keywords>
</keywords>