<?xml version="1.0" encoding="UTF-8"?>
<keywords>
   <keywords>
      <text FeatureID="-1">dictionnaire</text>
      <target FeatureID="-1" href="DICTIONARY_HLP_MAIN_TAB1.html">Dictionnaire</target>
   </keywords>
   <keywords>
      <text FeatureID="-1">traduction</text>
      <target FeatureID="-1" href="DICTIONARY_HLP_MAIN_TAB1.html">Dictionnaire</target>
   </keywords>
   <keywords>
      <text FeatureID="-1">dictionnaire, traduction</text>
      <target FeatureID="-1" href="DICTIONARY_HLP_RESULTS.html">Résultats de la traduction</target>
   </keywords>
</keywords>