<?xml version="1.0" encoding="UTF-8"?>
<keywords>
   <keywords>
      <text FeatureID="-1">egutegia</text>
      <target FeatureID="-1" href="CALE_HLP_NOTE_VIEWER.html">Egutegiko sarrerak</target>
      <target FeatureID="-1" href="CALE_HLP_DAY_VIEW.html">Egunaren ikuspegia</target>
      <target FeatureID="-1" href="CALE_HLP_NOTE_MEETING.html">Bileren sarrerak</target>
      <target FeatureID="-1" href="CALE_HLP_MONTH_VIEW.html">Hileko ikuspegia</target>
      <target FeatureID="-1" href="CALE_HLP_TODO_NOTE.html">Egiteko sarrerak</target>
      <target FeatureID="-1" href="CALE_HLP_TODO_VIEW.html">Egiteko ikuspegia</target>
      <target FeatureID="-1" href="CALE_HLP_WEEK_VIEW.html">Asteko ikuspegia</target>
      <target FeatureID="-1" href="CALE_HLP_CALENDAR_DATABASE_SETTINGS.html">Egutegi anitzen ezarpenak</target>
      <target FeatureID="-1" href="CALE_HLP_CALE_MAN_VIEW.html">Egutegiak kudeatzeko ikuspegia</target>
      <target FeatureID="-1" href="CALE_HLP_ATTACH_VIEW.html">Eranskin-ikuspegia</target>
      <target FeatureID="-1" href="CALE_HLP_MAV.html">Alarma galduen ikuspegia</target>
   </keywords>
   <keywords>
      <text FeatureID="-1">bilerak</text>
      <target FeatureID="-1" href="CALE_HLP_NOTE_VIEWER.html">Egutegiko sarrerak</target>
      <target FeatureID="-1" href="CALE_HLP_NOTE_MEETING.html">Bileren sarrerak</target>
   </keywords>
   <keywords>
      <text FeatureID="-1">egitekoak</text>
      <target FeatureID="-1" href="CALE_HLP_NOTE_VIEWER.html">Egutegiko sarrerak</target>
      <target FeatureID="-1" href="CALE_HLP_TODO_NOTE.html">Egiteko sarrerak</target>
   </keywords>
   <keywords>
      <text FeatureID="-1">egutegiaren ezarpenak</text>
      <target FeatureID="-1" href="CALE_HLP_SETTINGS.html">Egutegiaren ezarpenak</target>
   </keywords>
   <keywords>
      <text FeatureID="-1">egitekoen zerrenda</text>
      <target FeatureID="-1" href="CALE_HLP_TODO_VIEW.html">Egiteko ikuspegia</target>
   </keywords>
   <keywords>
      <text FeatureID="-1">ezarpenak, egutegia</text>
      <target FeatureID="-1" href="CALE_HLP_CALENDAR_DATABASE_SETTINGS.html">Egutegi anitzen ezarpenak</target>
   </keywords>
   <keywords>
      <text FeatureID="-1">eranskinak</text>
      <target FeatureID="-1" href="CALE_HLP_ATTACH_VIEW.html">Eranskin-ikuspegia</target>
   </keywords>
   <keywords>
      <text FeatureID="-1">alarmak, egutegi-oharra</text>
      <target FeatureID="-1" href="CALE_HLP_MAV.html">Alarma galduen ikuspegia</target>
   </keywords>
</keywords>