<?xml version="1.0" encoding="UTF-8"?>
<keywords>
   <keywords>
      <text FeatureID="-1">egutegia</text>
      <target FeatureID="-1" href="CALE_HLP_NOTE_ANNIVERSARY.html">Urtemugak sartzea</target>
      <target FeatureID="-1" href="CALE_HLP_NOTE_VIEWER.html">Egutegiko sarrerak</target>
      <target FeatureID="-1" href="CALE_HLP_DAY_VIEW.html">Egunaren ikuspegia</target>
      <target FeatureID="-1" href="CALE_HLP_NOTE_MEETING.html">Bileren sarrerak</target>
      <target FeatureID="-1" href="CALE_HLP_NOTE_DAY.html">Memo sarrerak</target>
      <target FeatureID="-1" href="CALE_HLP_MONTH_VIEW.html">Hileko ikuspegia</target>
      <target FeatureID="-1" href="CALE_HLP_TODO_NOTE.html">Egiteko sarrerak</target>
      <target FeatureID="-1" href="CALE_HLP_TODO_VIEW.html">Egiteko ikuspegia</target>
      <target FeatureID="-1" href="CALE_HLP_WEEK_VIEW.html">Asteko ikuspegia</target>
   </keywords>
   <keywords>
      <text FeatureID="-1">urteurren oharrak</text>
      <target FeatureID="-1" href="CALE_HLP_NOTE_ANNIVERSARY.html">Urtemugak sartzea</target>
      <target FeatureID="-1" href="CALE_HLP_NOTE_VIEWER.html">Egutegiko sarrerak</target>
   </keywords>
   <keywords>
      <text FeatureID="-1">hitzorduak</text>
      <target FeatureID="-1" href="CALE_HLP_NOTE_VIEWER.html">Egutegiko sarrerak</target>
      <target FeatureID="-1" href="CALE_HLP_NOTE_MEETING.html">Bileren sarrerak</target>
   </keywords>
   <keywords>
      <text FeatureID="-1">gogorarazleak</text>
      <target FeatureID="-1" href="CALE_HLP_NOTE_VIEWER.html">Egutegiko sarrerak</target>
      <target FeatureID="-1" href="CALE_HLP_NOTE_DAY.html">Memo sarrerak</target>
   </keywords>
   <keywords>
      <text FeatureID="-1">egitekoak</text>
      <target FeatureID="-1" href="CALE_HLP_NOTE_VIEWER.html">Egutegiko sarrerak</target>
      <target FeatureID="-1" href="CALE_HLP_TODO_NOTE.html">Egiteko sarrerak</target>
   </keywords>
   <keywords>
      <text FeatureID="-1">egutegiaren ezarpenak</text>
      <target FeatureID="-1" href="CALE_HLP_SETTINGS.html">Egutegiaren ezarpenak</target>
   </keywords>
   <keywords>
      <text FeatureID="-1">egitekoen zerrenda</text>
      <target FeatureID="-1" href="CALE_HLP_TODO_VIEW.html">Egiteko ikuspegia</target>
   </keywords>
</keywords>