<?xml version="1.0" encoding="UTF-8"?>
<keywords>
   <keywords>
      <text FeatureID="-1">compartir vídeos</text>
      <target FeatureID="true_208" href="MSH_HLP_LIVE.html">Compartir vídeo en viu</target>
      <target FeatureID="-1" href="MSH_HLP_CLIP.html">Compartiment de clips de vídeo</target>
      <target FeatureID="-1" href="MSH_HLP_SETTINGS.html">Configuració d'ús compartit de vídeo</target>
      <target FeatureID="-1" href="MSH_HLP_RECEIVE.html">Visualització de vídeos desats</target>
   </keywords>
</keywords>