<?xml version="1.0" encoding="UTF-8"?>
<keywords>
   <keywords>
      <text FeatureID="true_1116">kalenterimerk. lähetys</text>
      <target FeatureID="true_1116" href="SMART_HLP_CALENDAREDITOR.html">Kalenterimerk. lähetys</target>
   </keywords>
   <keywords>
      <text FeatureID="true_1114">kalenteritietojen vastaanottaminen</text>
      <target FeatureID="true_1114" href="SMART_HLP_CALENDARVIEWER.html">Kalenterimerkintöjen vastaanotto</target>
   </keywords>
   <keywords>
      <text FeatureID="true_1114">kalenterimerkinnät</text>
      <target FeatureID="true_1114" href="SMART_HLP_CALPULLMESVIEWER.html">Kalenterimerkinnän haku</target>
   </keywords>
   <keywords>
      <text FeatureID="true_1117 true_1115">käyntikortit</text>
      <target FeatureID="true_1117" href="SMART_HLP_BUSINESSEDITOR.html">Käyntikorttien lähetys</target>
      <target FeatureID="true_1115" href="SMART_HLP_BUSINESSVIEWER.html">Käyntikorttien vastaanotto</target>
      <target FeatureID="true_1115" href="SMART_HLP_BUSPULLMESVIEWER.html">Käyntikortin haku</target>
   </keywords>
   <keywords>
      <text FeatureID="true_1111">soittoäänet</text>
      <target FeatureID="true_1111" href="SMART_HLP_RINGVIEWER.html">Soittoäänien vastaanotto</target>
   </keywords>
   <keywords>
      <text FeatureID="true_1110">verkon tunnukset</text>
      <target FeatureID="true_1110" href="SMART_HLP_OPLOGOVIEWER.html">Verkon tunnusten vastaanotto</target>
   </keywords>
   <keywords>
      <text FeatureID="true_1106">kirjanmerkit</text>
      <target FeatureID="true_1106" href="SMART_HLP_ONEBOOKVIEWER.html">Kirjanmerkkien vastaanotto</target>
   </keywords>
   <keywords>
      <text FeatureID="true_1112">kuvien vastaanotto</text>
      <target FeatureID="true_1112" href="SMART_HLP_GMSVIEWER.html">Kuvaviestien tarkastelu</target>
   </keywords>
   <keywords>
      <text FeatureID="true_1112">kuvaviestit</text>
      <target FeatureID="true_1112" href="SMART_HLP_GMSVIEWER.html">Kuvaviestien tarkastelu</target>
   </keywords>
   <keywords>
      <text FeatureID="true_1537">etälevyaseman asetukset</text>
      <target FeatureID="true_1537" href="SMART_HLP_REMOTEDRIVES_VIEWER.html">Etälevyaseman asetusten vastaanotto</target>
      <target FeatureID="true_1537" href="SMART_HLP_REMOTEDRIVES_EDITOR.html">Etälevyaseman asetusten lähettäminen</target>
   </keywords>
</keywords>