<?xml version="1.0" encoding="UTF-8"?>
<keywords>
   <keywords>
      <text FeatureID="-1">ricerca</text>
      <target FeatureID="-1" href="SEARCH_HLP_INDEVICE_MAIN.html">Ricerca</target>
   </keywords>
   <keywords>
      <text FeatureID="-1">risultati della ricerca</text>
      <target FeatureID="-1" href="SEARCH_HLP_SINGLE_RE.html">Risultati della ricerca</target>
      <target FeatureID="-1" href="SEARCH_HLP_GROUPED.html">Risultati della ricerca in categorie</target>
   </keywords>
</keywords>