<?xml version="1.0" encoding="UTF-8"?>
<keywords>
   <keywords>
      <text FeatureID="-1">GPS-tiedot</text>
      <target FeatureID="-1" href="HLP_BLID_NAVIGATION.html">Suunnistus­näkymä</target>
      <target FeatureID="false_112" href="BLID_HLP_WAYPOINTS.html">Tallennetut paikat</target>
      <target FeatureID="-1" href="HLP_BLID_TRIPMETER.html">Matka-näkymä</target>
   </keywords>
   <keywords>
      <text FeatureID="-1">suunnistus kohteeseen</text>
      <target FeatureID="-1" href="HLP_BLID_NAVIGATION.html">Suunnistus­näkymä</target>
   </keywords>
   <keywords>
      <text FeatureID="false_112">paikkojen tallentaminen</text>
      <target FeatureID="false_112" href="BLID_HLP_WAYPOINTS.html">Tallennetut paikat</target>
   </keywords>
   <keywords>
      <text FeatureID="-1">suunnistimen asetukset</text>
      <target FeatureID="-1" href="BLID_HLP_SETTINGS.html">GPS-data-asetukset</target>
   </keywords>
   <keywords>
      <text FeatureID="-1">GPS-data-asetukset</text>
      <target FeatureID="-1" href="BLID_HLP_SETTINGS.html">GPS-data-asetukset</target>
   </keywords>
   <keywords>
      <text FeatureID="-1">matkan tiedot</text>
      <target FeatureID="-1" href="HLP_BLID_TRIPMETER.html">Matka-näkymä</target>
   </keywords>
   <keywords>
      <text FeatureID="-1">matkustustiedot</text>
      <target FeatureID="-1" href="HLP_BLID_TRIPMETER.html">Matka-näkymä</target>
   </keywords>
</keywords>