<?xml version="1.0" encoding="UTF-8"?>
<keywords>
   <keywords>
      <text FeatureID="-1">sinchronizavimas</text>
      <target FeatureID="-1" href="DS_HLP_MAIN_VIEW.html">Duomenų sinchronizavimas</target>
   </keywords>
   <keywords>
      <text FeatureID="-1">sinchronizavimo aplinkos</text>
      <target FeatureID="-1" href="DS_HLP_MAIN_VIEW.html">Duomenų sinchronizavimas</target>
   </keywords>
   <keywords>
      <text FeatureID="-1">sinchronizavimo rinkinių parametrai</text>
      <target FeatureID="-1" href="DS_HLP_SETTINGS.html">Sinchronizavimo rinkinių redagavimas</target>
   </keywords>
   <keywords>
      <text FeatureID="-1">sinchronizavimo parametrai</text>
      <target FeatureID="-1" href="DS_HLP_SETTINGS_CAL.html">Kalendoriaus sinchr. parametrai</target>
      <target FeatureID="-1" href="DS_HLP_SETTINGS_CNT.html">Adr. knyg. sinchr. param.</target>
      <target FeatureID="-1" href="DS_HLP_SETTINGS_NOTES.html">Užrašų sinchronizavimo parametrai</target>
      <target FeatureID="-1" href="DS_HLP_SETTINGS_SMS.html">SMS sinchronizavimo parametrai</target>
      <target FeatureID="true_44" href="DS_HLP_SETTINGS_SYNCML.html">El. pašto sinchronizavimo parametrai</target>
   </keywords>
</keywords>