<?xml version="1.0" encoding="UTF-8"?>
<keywords>
   <keywords>
      <text FeatureID="true_1091">USSD ایڈیٹر</text>
      <target FeatureID="true_1091" href="USSD_HLP_EDITOR.html">احکامات خدمت</target>
   </keywords>
   <keywords>
      <text FeatureID="true_1091">احکامات خدمت</text>
      <target FeatureID="true_1091" href="USSD_HLP_EDITOR.html">احکامات خدمت</target>
   </keywords>
   <keywords>
      <text FeatureID="true_1091">نیٹ ورک کی خدمات</text>
      <target FeatureID="true_1091" href="USSD_HLP_EDITOR.html">احکامات خدمت</target>
   </keywords>
</keywords>