<?xml version="1.0" encoding="UTF-8"?>
<keywords>
   <keywords>
      <text FeatureID="true_1604">text input</text>
      <target FeatureID="true_1604" href="HWR_HLP_MAIN_VIEW.html">لکھائی کی پہچان</target>
   </keywords>
   <keywords>
      <text FeatureID="true_1604">لکھائی کی پہچان</text>
      <target FeatureID="true_1604" href="HWR_HLP_MAIN_VIEW.html">لکھائی کی پہچان</target>
   </keywords>
   <keywords>
      <text FeatureID="true_1603 true_410">چھونے کا اندراج</text>
      <target FeatureID="true_1603" href="VQWERTY_HLP_MAIN_VIEW.html">مجازی کی بورڈ</target>
      <target FeatureID="true_410" href="VITU_HLP_MAIN_VIEW.html">مجازی کی پیڈ</target>
   </keywords>
   <keywords>
      <text FeatureID="true_410">مجازی کی پیڈ</text>
      <target FeatureID="true_410" href="VITU_HLP_MAIN_VIEW.html">مجازی کی پیڈ</target>
   </keywords>
</keywords>