<?xml version="1.0" encoding="UTF-8"?>
<keywords>
   <keywords>
      <text FeatureID="true_1604">text input</text>
      <target FeatureID="true_1604" href="HWR_HLP_MAIN_VIEW.html">Ritkennsl</target>
   </keywords>
   <keywords>
      <text FeatureID="true_1604">ritkennsl</text>
      <target FeatureID="true_1604" href="HWR_HLP_MAIN_VIEW.html">Ritkennsl</target>
   </keywords>
   <keywords>
      <text FeatureID="true_1603 true_410">snertiinnsláttur</text>
      <target FeatureID="true_1603" href="VQWERTY_HLP_MAIN_VIEW.html">Sýndarlyklaborð</target>
      <target FeatureID="true_410" href="VITU_HLP_MAIN_VIEW.html">Sýndartakkaborð</target>
   </keywords>
   <keywords>
      <text FeatureID="true_410">sýndartakkaborð</text>
      <target FeatureID="true_410" href="VITU_HLP_MAIN_VIEW.html">Sýndartakkaborð</target>
   </keywords>
</keywords>