<?xml version="1.0" encoding="UTF-8"?>
<keywords>
   <keywords>
      <text FeatureID="-1">กล้อง</text>
      <target FeatureID="-1" href="LCAM_HLP_VIEWFINDER_PHOTO.html">การถ่ายภาพ</target>
      <target FeatureID="-1" href="LCAM_HLP_LIGHT_SENSITIVITY.html">เปลี่ยนความไวแสง</target>
      <target FeatureID="-1" href="LCAM_HLP_SETTINGS_PHOUSER.html">การกำหนดฉาก</target>
      <target FeatureID="-1" href="LCAM_HLP_SCENES_PHOTO.html">ฉากภาพ</target>
      <target FeatureID="-1" href="LCAM_HLP_VIEWFINDER_VIDEO.html">บันทึกคลิปวิดีโอ</target>
      <target FeatureID="-1" href="LCAM_HLP_SCENES_VIDEO.html">ฉากวิดีโอ</target>
      <target FeatureID="-1" href="LCAM_HLP_VIEWFINDER_VIDEO_EM.html">วิดีโอในแอปพลิเคชั่น</target>
      <target FeatureID="-1" href="LCAM_HLP_STANDBY_EM.html">กล้องไม่ทำงาน</target>
      <target FeatureID="-1" href="LCAM_HLP_POST_VIDEO.html">การเล่นคลิปวิดีโอ</target>
      <target FeatureID="-1" href="LCAM_HLP_POST_PHOTO.html">การดูภาพที่ถ่ายไว้</target>
   </keywords>
   <keywords>
      <text FeatureID="-1">การถ่ายภาพ</text>
      <target FeatureID="-1" href="LCAM_HLP_VIEWFINDER_PHOTO.html">การถ่ายภาพ</target>
   </keywords>
   <keywords>
      <text FeatureID="-1">ความไวแสง</text>
      <target FeatureID="-1" href="LCAM_HLP_LIGHT_SENSITIVITY.html">เปลี่ยนความไวแสง</target>
   </keywords>
   <keywords>
      <text FeatureID="-1">ฉาก</text>
      <target FeatureID="-1" href="LCAM_HLP_SETTINGS_PHOUSER.html">การกำหนดฉาก</target>
      <target FeatureID="-1" href="LCAM_HLP_SCENES_PHOTO.html">ฉากภาพ</target>
   </keywords>
   <keywords>
      <text FeatureID="-1">การตั้งค่ากล้อง</text>
      <target FeatureID="-1" href="LCAM_HLP_SETTINGS.html">การตั้งค่ากล้อง</target>
   </keywords>
   <keywords>
      <text FeatureID="-1">กล้อง, การตั้งค่า</text>
      <target FeatureID="-1" href="LCAM_HLP_SETTINGS_PHOTO.html">การตั้งค่าภาพ</target>
      <target FeatureID="-1" href="LCAM_HLP_SETTINGS_VIDEO.html">การตั้งค่าวิดีโอ</target>
   </keywords>
   <keywords>
      <text FeatureID="-1">การบันทึกวิดีโอ</text>
      <target FeatureID="-1" href="LCAM_HLP_VIEWFINDER_VIDEO.html">บันทึกคลิปวิดีโอ</target>
   </keywords>
   <keywords>
      <text FeatureID="-1">ฉากวิดีโอ</text>
      <target FeatureID="-1" href="LCAM_HLP_SCENES_VIDEO.html">ฉากวิดีโอ</target>
   </keywords>
   <keywords>
      <text FeatureID="-1">วิดีโอ, การตั้งค่า</text>
      <target FeatureID="-1" href="LCAM_HLP_SETTINGS_VIDEO.html">การตั้งค่าวิดีโอ</target>
   </keywords>
   <keywords>
      <text FeatureID="-1">วิดีโอคลิปในแอปพลิเคชั่น</text>
      <target FeatureID="-1" href="LCAM_HLP_VIEWFINDER_VIDEO_EM.html">วิดีโอในแอปพลิเคชั่น</target>
   </keywords>
   <keywords>
      <text FeatureID="-1">การเล่นคลิปวิดีโอ</text>
      <target FeatureID="-1" href="LCAM_HLP_POST_VIDEO.html">การเล่นคลิปวิดีโอ</target>
   </keywords>
   <keywords>
      <text FeatureID="-1">กล้องในแอปพลิเคชั่น</text>
      <target FeatureID="-1" href="LCAM_HLP_VIEWFINDER_PHOTO_EM.html">ภาพในแอปพลิเคชั่น</target>
   </keywords>
   <keywords>
      <text FeatureID="-1">การดูภาพ</text>
      <target FeatureID="-1" href="LCAM_HLP_POST_PHOTO.html">การดูภาพที่ถ่ายไว้</target>
   </keywords>
</keywords>