<?xml version="1.0" encoding="UTF-8"?>
<keywords>
   <keywords>
      <text FeatureID="-1">stillingar tölvupósts</text>
      <target FeatureID="-1" href="MBXS_HLP_SETT_DOWNL_CTRL.html">Stillingar fyrir móttöku tölvupósts</target>
      <target FeatureID="-1" href="MBXS_HLP_SETT_DOWNL_RETR.html">Magn móttekins tölvupósts</target>
      <target FeatureID="-1" href="MBXS_HLP_SETT_MBX_IN.html">Stillingar móttekins pósts</target>
      <target FeatureID="-1" href="MBXS_HLP_SETT_MBX_IN_OUT.html">Tengistillingar</target>
      <target FeatureID="-1" href="MBXS_HLP_SETT_MBX_OUT.html">Stillingar fyrir sendan póst</target>
      <target FeatureID="-1" href="MCE_HLP_SETTINGS_EMAIL.html">Tölvupóstsstillingar</target>
      <target FeatureID="-1" href="MCE_HLP_SETT_EMAILMAIN.html">Breyting pósthólfa</target>
      <target FeatureID="-1" href="MCE_HLP_SETT_MAILBLIST.html">Pósthólf</target>
      <target FeatureID="-1" href="MCE_HLP_SETT_MAILFOLDER_UPD.html">Pósthólfsmöppur</target>
      <target FeatureID="true_1633" href="MCE_HLP_SETT_MAIL_ONLI.html">Sjálfvirk móttaka</target>
   </keywords>
   <keywords>
      <text FeatureID="-1">pósthólfsstillingar</text>
      <target FeatureID="-1" href="MCE_HLP_SETT_EMAILMAIN.html">Breyting pósthólfa</target>
   </keywords>
   <keywords>
      <text FeatureID="-1">pósthólf</text>
      <target FeatureID="-1" href="MCE_HLP_SETT_MAILBLIST.html">Pósthólf</target>
      <target FeatureID="-1" href="MCE_HLP_MAILBOX_ONLINE.html">Tölvupóstur með tengingu</target>
   </keywords>
   <keywords>
      <text FeatureID="-1">pósthólfsmöppur</text>
      <target FeatureID="-1" href="MCE_HLP_SETT_MAILFOLDER_UPD.html">Pósthólfsmöppur</target>
   </keywords>
   <keywords>
      <text FeatureID="-1">notandastillingar</text>
      <target FeatureID="-1" href="MCE_HLP_SETT_MAIL_USER.html">Notandastillingar</target>
   </keywords>
   <keywords>
      <text FeatureID="true_44">samstillingar pósthólfs</text>
      <target FeatureID="true_44" href="MCE_HLP_SETT_SMAILBOX.html">Samstillingar pósthólfs</target>
   </keywords>
   <keywords>
      <text FeatureID="true_44">samstilling tölvupósts</text>
      <target FeatureID="true_44" href="MCE_HLP_SETT_SMAILBOX.html">Samstillingar pósthólfs</target>
   </keywords>
   <keywords>
      <text FeatureID="-1">tölvupóstur án tengingar</text>
      <target FeatureID="-1" href="MCE_HLP_MAILBOX_OFFLINE.html">Tölvupóstur án tengingar</target>
   </keywords>
   <keywords>
      <text FeatureID="-1">tengst við pósthólf</text>
      <target FeatureID="-1" href="MCE_HLP_MAILBOX_ONLINE.html">Tölvupóstur með tengingu</target>
   </keywords>
   <keywords>
      <text FeatureID="-1">tölvupóstur með tengingu</text>
      <target FeatureID="-1" href="MCE_HLP_MAILBOX_ONLINE.html">Tölvupóstur með tengingu</target>
      <target FeatureID="-1" href="MCE_HLP_MAILBOX_ONLINE.html">Tölvupóstur með tengingu</target>
   </keywords>
</keywords>