<?xml version="1.0" encoding="UTF-8"?>
<keywords>
   <keywords>
      <text FeatureID="-1">atpažinimo pažymos</text>
      <target FeatureID="-1" href="CM_HLP_AUTHORITY.html">Atpažinimo pažymos</target>
   </keywords>
   <keywords>
      <text FeatureID="-1">pažymos</text>
      <target FeatureID="-1" href="CM_HLP_AUTHORITY.html">Atpažinimo pažymos</target>
      <target FeatureID="-1" href="CM_HLP_DEVICE.html">Prietaiso pažymos</target>
      <target FeatureID="-1" href="CM_HLP_MAIN.html">Pažymų tvarkymas</target>
      <target FeatureID="-1" href="CM_HLP_PERSONAL.html">Asmeninės pažymos</target>
      <target FeatureID="-1" href="CM_HLP_TRUSTED_SITE.html">Patikimos tinklalapio pažymos</target>
      <target FeatureID="-1" href="CM_HLP_TRUST_SETTINGS.html">Pasitikėjimo parametrų tvarkymas</target>
   </keywords>
   <keywords>
      <text FeatureID="-1">saugos pažymos</text>
      <target FeatureID="-1" href="CM_HLP_AUTHORITY.html">Atpažinimo pažymos</target>
      <target FeatureID="-1" href="CM_HLP_MAIN.html">Pažymų tvarkymas</target>
   </keywords>
   <keywords>
      <text FeatureID="-1">prietaiso pažymos</text>
      <target FeatureID="-1" href="CM_HLP_DEVICE.html">Prietaiso pažymos</target>
   </keywords>
   <keywords>
      <text FeatureID="-1">asmeninės pažymos</text>
      <target FeatureID="-1" href="CM_HLP_PERSONAL.html">Asmeninės pažymos</target>
   </keywords>
   <keywords>
      <text FeatureID="-1">patikimos tinklalapio pažymos</text>
      <target FeatureID="-1" href="CM_HLP_TRUSTED_SITE.html">Patikimos tinklalapio pažymos</target>
   </keywords>
   <keywords>
      <text FeatureID="-1">pasitikėjimo parametrai</text>
      <target FeatureID="-1" href="CM_HLP_TRUST_SETTINGS.html">Pasitikėjimo parametrų tvarkymas</target>
   </keywords>
</keywords>