<?xml version="1.0" encoding="UTF-8"?>
<keywords>
   <keywords>
      <text FeatureID="-1">grabación, sonidos</text>
      <target FeatureID="-1" href="VOREC_HLP_EMPTY_RECORDER.html">Grabar clips de sonido</target>
   </keywords>
   <keywords>
      <text FeatureID="-1">grabadora de voz</text>
      <target FeatureID="-1" href="VOREC_HLP_MAIN.html">Utilizar la grabadora de voz</target>
   </keywords>
   <keywords>
      <text FeatureID="-1">grabación clips sonido</text>
      <target FeatureID="-1" href="VOREC_HLP_MAIN.html">Utilizar la grabadora de voz</target>
   </keywords>
   <keywords>
      <text FeatureID="-1">ajustes de grabadora de voz</text>
      <target FeatureID="-1" href="VOREC_HLP_SETTINGS.html">Ajustes de grabadora de voz</target>
   </keywords>
</keywords>