<?xml version="1.0" encoding="UTF-8"?>
<keywords>
   <keywords>
      <text FeatureID="-1">setări mesaje serviciu</text>
      <target FeatureID="-1" href="WPUSH_HLP_SETTINGS.html">Setări mesaje serviciu</target>
   </keywords>
   <keywords>
      <text FeatureID="-1">trimitere mesaje</text>
      <target FeatureID="-1" href="WPUSH_HLP_VIEWER.html">Vizualizaţi mesajele de serviciu</target>
   </keywords>
   <keywords>
      <text FeatureID="-1">mesaje de serviciu</text>
      <target FeatureID="-1" href="WPUSH_HLP_VIEWER.html">Vizualizaţi mesajele de serviciu</target>
   </keywords>
</keywords>