<?xml version="1.0" encoding="UTF-8"?>
<keywords>
   <keywords>
      <text FeatureID="-1">cart. postal</text>
      <target FeatureID="-1" href="MMS_POSTCARD_HLP_ADDRESS_EDIT.html">Editar endereços</target>
      <target FeatureID="-1" href="POSTCARD_HLP_ADDRESS_VIEW.html">Ver endereços</target>
      <target FeatureID="-1" href="POSTCARD_HLP_GREETING_EDIT.html">Escrev. saudações</target>
      <target FeatureID="-1" href="POSTCARD_HLP_GREETING_VIEW.html">Ver saudações</target>
      <target FeatureID="-1" href="MMS_POSTCARD_HLP_MAIN_EDIT.html">Criar cartões postais</target>
   </keywords>
   <keywords>
      <text FeatureID="-1">enviando cart. postais</text>
      <target FeatureID="-1" href="MMS_POSTCARD_HLP_ADDRESS_EDIT.html">Editar endereços</target>
      <target FeatureID="-1" href="POSTCARD_HLP_GREETING_EDIT.html">Escrev. saudações</target>
      <target FeatureID="-1" href="MMS_POSTCARD_HLP_MAIN_EDIT.html">Criar cartões postais</target>
   </keywords>
   <keywords>
      <text FeatureID="-1">cart. postais</text>
      <target FeatureID="-1" href="MMS_POSTCARD_HLP_MAIN_VIEW.html">Ver cartões postais</target>
   </keywords>
</keywords>