<?xml version="1.0" encoding="UTF-8"?>
<keywords>
   <keywords>
      <text FeatureID="-1">pagrekord, mga tunog</text>
      <target FeatureID="-1" href="VOREC_HLP_EMPTY_RECORDER.html">Magrekord ng mga sound clip</target>
   </keywords>
   <keywords>
      <text FeatureID="-1">voice recorder</text>
      <target FeatureID="-1" href="VOREC_HLP_MAIN.html">Paggamit ng Voice recorder</target>
   </keywords>
   <keywords>
      <text FeatureID="-1">pagrekord ng mga sound clip</text>
      <target FeatureID="-1" href="VOREC_HLP_MAIN.html">Paggamit ng Voice recorder</target>
   </keywords>
   <keywords>
      <text FeatureID="-1">mga setting ng voice recorder</text>
      <target FeatureID="-1" href="VOREC_HLP_SETTINGS.html">Mga setting ng voice recorder</target>
   </keywords>
</keywords>