<?xml version="1.0" encoding="UTF-8"?>
<keywords>
   <keywords>
      <text FeatureID="-1">mes. transm. celulare</text>
      <target FeatureID="-1" href="CBS_HLP_TOPIC_VIEW.html">Mes. transm. celulare</target>
      <target FeatureID="-1" href="CBS_HLP_MAIN.html">Sub. transm. celulare</target>
      <target FeatureID="-1" href="CBS_HLP_MSG.html">Vizualizare mesaje CBS</target>
   </keywords>
   <keywords>
      <text FeatureID="-1">sub. transm. celulare</text>
      <target FeatureID="-1" href="CBS_HLP_MAIN.html">Sub. transm. celulare</target>
   </keywords>
</keywords>