<?xml version="1.0" encoding="UTF-8"?>
<keywords>
   <keywords>
      <text FeatureID="-1">sikkerhetsmodul</text>
      <target FeatureID="-1" href="SECMOD_HLP_ACCESSCODE_VIEW.html">Sikkerhetsmodul, PIN-kode</target>
      <target FeatureID="-1" href="SECMOD_HLP_MAIN_VIEW.html">Sikkerhetsmodul</target>
      <target FeatureID="-1" href="SEMOD_HLP_SIGNINGCODE_VIEW.html">Redigere signaturkode</target>
   </keywords>
   <keywords>
      <text FeatureID="-1">PIN-kode</text>
      <target FeatureID="-1" href="SECMOD_HLP_ACCESSCODE_VIEW.html">Sikkerhetsmodul, PIN-kode</target>
   </keywords>
   <keywords>
      <text FeatureID="-1">sikkerhetsmodulkoder</text>
      <target FeatureID="-1" href="SECMOD_HLP_CODE_VIEW.html">Sikkerhetsmodulkoder</target>
   </keywords>
   <keywords>
      <text FeatureID="-1">PIN-kode for sikkerhetsmodul</text>
      <target FeatureID="-1" href="SECMOD_HLP_CODE_VIEW.html">Sikkerhetsmodulkoder</target>
   </keywords>
   <keywords>
      <text FeatureID="-1">nøkkellager</text>
      <target FeatureID="-1" href="SECMOD_HLP_MAIN_VIEW.html">Sikkerhetsmodul</target>
   </keywords>
   <keywords>
      <text FeatureID="-1">signaturkode</text>
      <target FeatureID="-1" href="SEMOD_HLP_SIGNINGCODE_VIEW.html">Redigere signaturkode</target>
   </keywords>
   <keywords>
      <text FeatureID="-1">digitale signaturer</text>
      <target FeatureID="-1" href="SEMOD_HLP_SIGNINGCODE_VIEW.html">Redigere signaturkode</target>
   </keywords>
</keywords>