<?xml version="1.0" encoding="UTF-8"?>
<keywords>
   <keywords>
      <text FeatureID="-1">setări e-mail</text>
      <target FeatureID="-1" href="MBXS_HLP_SETT_DOWNL_CTRL.html">Setări prel. e-mail</target>
      <target FeatureID="-1" href="MBXS_HLP_SETT_DOWNL_RETR.html">Volum prel. e-mail</target>
      <target FeatureID="-1" href="MBXS_HLP_SETT_MBX_IN.html">Setări e-mail intrare</target>
      <target FeatureID="-1" href="MBXS_HLP_SETT_MBX_IN_OUT.html">Setări conexiune</target>
      <target FeatureID="-1" href="MBXS_HLP_SETT_MBX_OUT.html">Setări exp. e-mail</target>
      <target FeatureID="-1" href="MCE_HLP_SETTINGS_EMAIL.html">Setări e-mail</target>
      <target FeatureID="-1" href="MCE_HLP_SETT_EMAILMAIN.html">Edit. căs. poşt.</target>
      <target FeatureID="-1" href="MCE_HLP_SETT_MAILBLIST.html">Căsuţe poştale</target>
      <target FeatureID="-1" href="MCE_HLP_SETT_MAILFOLDER_UPD.html">Dos. căs. poşt.</target>
      <target FeatureID="true_1633" href="MCE_HLP_SETT_MAIL_ONLI.html">Preluare automată</target>
   </keywords>
   <keywords>
      <text FeatureID="-1">setări căsuţă poştală</text>
      <target FeatureID="-1" href="MCE_HLP_SETT_EMAILMAIN.html">Edit. căs. poşt.</target>
   </keywords>
   <keywords>
      <text FeatureID="-1">căsuţă poştală</text>
      <target FeatureID="-1" href="MCE_HLP_SETT_MAILBLIST.html">Căsuţe poştale</target>
      <target FeatureID="-1" href="MCE_HLP_MAILBOX_ONLINE.html">E-mail conectat</target>
   </keywords>
   <keywords>
      <text FeatureID="-1">dos. căs. poşt.</text>
      <target FeatureID="-1" href="MCE_HLP_SETT_MAILFOLDER_UPD.html">Dos. căs. poşt.</target>
   </keywords>
   <keywords>
      <text FeatureID="-1">setări utilizator</text>
      <target FeatureID="-1" href="MCE_HLP_SETT_MAIL_USER.html">Setări utilizator</target>
   </keywords>
   <keywords>
      <text FeatureID="true_44">setările căsuţei poştale sincronizate</text>
      <target FeatureID="true_44" href="MCE_HLP_SETT_SMAILBOX.html">Setările căsuţei poştale sincronizate</target>
   </keywords>
   <keywords>
      <text FeatureID="true_44">setări e-mail sinc.</text>
      <target FeatureID="true_44" href="MCE_HLP_SETT_SMAILBOX.html">Setările căsuţei poştale sincronizate</target>
   </keywords>
   <keywords>
      <text FeatureID="-1">e-mail deconectat</text>
      <target FeatureID="-1" href="MCE_HLP_MAILBOX_OFFLINE.html">E-mail deconectat</target>
   </keywords>
   <keywords>
      <text FeatureID="-1">conect. căsuţă poşt.</text>
      <target FeatureID="-1" href="MCE_HLP_MAILBOX_ONLINE.html">E-mail conectat</target>
   </keywords>
   <keywords>
      <text FeatureID="-1">e-mail conectat</text>
      <target FeatureID="-1" href="MCE_HLP_MAILBOX_ONLINE.html">E-mail conectat</target>
      <target FeatureID="-1" href="MCE_HLP_MAILBOX_ONLINE.html">E-mail conectat</target>
   </keywords>
</keywords>