<?xml version="1.0" encoding="UTF-8"?>
<keywords>
   <keywords>
      <text FeatureID="-1">neposredne poruke</text>
      <target FeatureID="-1" href="SERVTAB_HLP_CONVERSATION.html">Slanje neposrednih poruka</target>
   </keywords>
   <keywords>
      <text FeatureID="-1">chatting</text>
      <target FeatureID="-1" href="SERVTAB_HLP_CONVERSATION.html">Slanje neposrednih poruka</target>
   </keywords>
   <keywords>
      <text FeatureID="-1">razgovori</text>
      <target FeatureID="-1" href="SERVTAB_HLP_CONVERSATION.html">Slanje neposrednih poruka</target>
   </keywords>
</keywords>