<?xml version="1.0" encoding="UTF-8"?>
<keywords>
   <keywords>
      <text FeatureID="-1">Kamera</text>
      <target FeatureID="-1" href="LCAM_HLP_VIEWFINDER_PHOTO.html">Bilder aufnehmen</target>
      <target FeatureID="-1" href="LCAM_HLP_LIGHT_SENSITIVITY.html">Lichtempfindlichkeit ändern</target>
      <target FeatureID="-1" href="LCAM_HLP_SETTINGS_PHOUSER.html">Szenen festlegen</target>
      <target FeatureID="-1" href="LCAM_HLP_SCENES_PHOTO.html">Bildszenen</target>
      <target FeatureID="-1" href="LCAM_HLP_VIEWFINDER_VIDEO.html">Aufzeichnen von Videoclips</target>
      <target FeatureID="-1" href="LCAM_HLP_SCENES_VIDEO.html">Videoszenen</target>
      <target FeatureID="-1" href="LCAM_HLP_VIEWFINDER_VIDEO_EM.html">Videos in Programmen</target>
      <target FeatureID="-1" href="LCAM_HLP_STANDBY_EM.html">Kamera nicht aktiv</target>
      <target FeatureID="-1" href="LCAM_HLP_POST_VIDEO.html">Videoclips wiedergeben</target>
      <target FeatureID="-1" href="LCAM_HLP_POST_PHOTO.html">Aufgenommene Bilder ansehen</target>
   </keywords>
   <keywords>
      <text FeatureID="-1">Bilder aufnehmen</text>
      <target FeatureID="-1" href="LCAM_HLP_VIEWFINDER_PHOTO.html">Bilder aufnehmen</target>
   </keywords>
   <keywords>
      <text FeatureID="-1">Lichtempfindlichkeit</text>
      <target FeatureID="-1" href="LCAM_HLP_LIGHT_SENSITIVITY.html">Lichtempfindlichkeit ändern</target>
   </keywords>
   <keywords>
      <text FeatureID="-1">Szenen</text>
      <target FeatureID="-1" href="LCAM_HLP_SETTINGS_PHOUSER.html">Szenen festlegen</target>
      <target FeatureID="-1" href="LCAM_HLP_SCENES_PHOTO.html">Bildszenen</target>
   </keywords>
   <keywords>
      <text FeatureID="-1">Kameraeinstellungen</text>
      <target FeatureID="-1" href="LCAM_HLP_SETTINGS.html">Kameraeinstellungen</target>
   </keywords>
   <keywords>
      <text FeatureID="-1">Kamera, Einstellungen</text>
      <target FeatureID="-1" href="LCAM_HLP_SETTINGS_PHOTO.html">Bildeinstellungen</target>
      <target FeatureID="-1" href="LCAM_HLP_SETTINGS_VIDEO.html">Videoeinstellungen</target>
   </keywords>
   <keywords>
      <text FeatureID="-1">Videoaufzeichnung</text>
      <target FeatureID="-1" href="LCAM_HLP_VIEWFINDER_VIDEO.html">Aufzeichnen von Videoclips</target>
   </keywords>
   <keywords>
      <text FeatureID="-1">Videoszenen</text>
      <target FeatureID="-1" href="LCAM_HLP_SCENES_VIDEO.html">Videoszenen</target>
   </keywords>
   <keywords>
      <text FeatureID="-1">Video, Einstellungen</text>
      <target FeatureID="-1" href="LCAM_HLP_SETTINGS_VIDEO.html">Videoeinstellungen</target>
   </keywords>
   <keywords>
      <text FeatureID="-1">Videoclips in Programmen</text>
      <target FeatureID="-1" href="LCAM_HLP_VIEWFINDER_VIDEO_EM.html">Videos in Programmen</target>
   </keywords>
   <keywords>
      <text FeatureID="-1">Videoclips wiedergeben</text>
      <target FeatureID="-1" href="LCAM_HLP_POST_VIDEO.html">Videoclips wiedergeben</target>
   </keywords>
   <keywords>
      <text FeatureID="-1">Die Kamera in Programmen</text>
      <target FeatureID="-1" href="LCAM_HLP_VIEWFINDER_PHOTO_EM.html">Bilder in Programmen</target>
   </keywords>
   <keywords>
      <text FeatureID="-1">Anzeigen von Bildern</text>
      <target FeatureID="-1" href="LCAM_HLP_POST_PHOTO.html">Aufgenommene Bilder ansehen</target>
   </keywords>
</keywords>