<?xml version="1.0" encoding="UTF-8"?>
<keywords>
   <keywords>
      <text FeatureID="-1">vārdnīca</text>
      <target FeatureID="-1" href="DICTIONARY_HLP_MAIN_TAB1.html">Vārdnīca</target>
   </keywords>
   <keywords>
      <text FeatureID="-1">tulkošana</text>
      <target FeatureID="-1" href="DICTIONARY_HLP_MAIN_TAB1.html">Vārdnīca</target>
   </keywords>
   <keywords>
      <text FeatureID="-1">vārdnīca, tulkojums</text>
      <target FeatureID="-1" href="DICTIONARY_HLP_RESULTS.html">Tulkošanas rezultāti</target>
   </keywords>
</keywords>