<?xml version="1.0" encoding="UTF-8"?>
<keywords>
   <keywords>
      <text FeatureID="-1">penanda buku</text>
      <target FeatureID="-1" href="OSS_HLP_BM_ADDBM.html">Tambah penanda buku</target>
      <target FeatureID="-1" href="OSS_HLP_BM_EDIT.html">Edit penanda buku</target>
   </keywords>
   <keywords>
      <text FeatureID="-1">penanda buku penyemak imbas</text>
      <target FeatureID="-1" href="OSS_HLP_BM_ADDBM.html">Tambah penanda buku</target>
      <target FeatureID="-1" href="OSS_HLP_BM_MAIN.html">Menyemak imbas penanda buku</target>
      <target FeatureID="-1" href="OSS_HLP_BM_EDIT.html">Edit penanda buku</target>
   </keywords>
   <keywords>
      <text FeatureID="-1">web</text>
      <target FeatureID="-1" href="OSS_HLP_BM_ADDBM.html">Tambah penanda buku</target>
      <target FeatureID="true_167" href="OSS_HLP_RSS_ADD.html">Tambah suapan web</target>
      <target FeatureID="-1" href="OSS_HLP_PAGEVIEW.html">Semak imbas web</target>
      <target FeatureID="-1" href="OSS_HLP_BM_EDIT.html">Edit penanda buku</target>
      <target FeatureID="true_167" href="OSS_HLP_RSS_EDIT.html">Edit suapan web</target>
      <target FeatureID="true_167" href="OSS_HLP_RSS_ARTICLE.html">Artikel suapan Web</target>
      <target FeatureID="true_167" href="OSS_HLP_RSS_ARTICLELST.html">Suapan web</target>
      <target FeatureID="true_167" href="OSS_HLP_RSS_MAIN.html">Suapan Web dan blog</target>
   </keywords>
   <keywords>
      <text FeatureID="true_167">suapan</text>
      <target FeatureID="true_167" href="OSS_HLP_RSS_ADD.html">Tambah suapan web</target>
      <target FeatureID="true_167" href="OSS_HLP_RSS_EDIT.html">Edit suapan web</target>
      <target FeatureID="true_167" href="OSS_HLP_RSS_ARTICLE.html">Artikel suapan Web</target>
      <target FeatureID="true_167" href="OSS_HLP_RSS_ARTICLELST.html">Suapan web</target>
      <target FeatureID="true_167" href="OSS_HLP_RSS_MAIN.html">Suapan Web dan blog</target>
   </keywords>
   <keywords>
      <text FeatureID="true_167">Suapan RSS</text>
      <target FeatureID="true_167" href="OSS_HLP_RSS_ADD.html">Tambah suapan web</target>
      <target FeatureID="true_167" href="OSS_HLP_RSS_ARTICLELST.html">Suapan web</target>
      <target FeatureID="true_167" href="OSS_HLP_RSS_MAIN.html">Suapan Web dan blog</target>
   </keywords>
   <keywords>
      <text FeatureID="true_167">berita dan blog</text>
      <target FeatureID="true_167" href="OSS_HLP_RSS_ADD.html">Tambah suapan web</target>
      <target FeatureID="true_167" href="OSS_HLP_RSS_EDIT.html">Edit suapan web</target>
      <target FeatureID="true_167" href="OSS_HLP_RSS_ARTICLE.html">Artikel suapan Web</target>
      <target FeatureID="true_167" href="OSS_HLP_RSS_ARTICLELST.html">Suapan web</target>
      <target FeatureID="true_167" href="OSS_HLP_RSS_MAIN.html">Suapan Web dan blog</target>
   </keywords>
   <keywords>
      <text FeatureID="true_167">blog</text>
      <target FeatureID="true_167" href="OSS_HLP_RSS_ADD.html">Tambah suapan web</target>
      <target FeatureID="true_167" href="OSS_HLP_RSS_EDIT.html">Edit suapan web</target>
      <target FeatureID="true_167" href="OSS_HLP_RSS_ARTICLE.html">Artikel suapan Web</target>
      <target FeatureID="true_167" href="OSS_HLP_RSS_ARTICLELST.html">Suapan web</target>
      <target FeatureID="true_167" href="OSS_HLP_RSS_MAIN.html">Suapan Web dan blog</target>
   </keywords>
   <keywords>
      <text FeatureID="-1">menyemak imbas halaman</text>
      <target FeatureID="-1" href="OSS_HLP_PAGEVIEW.html">Semak imbas web</target>
   </keywords>
   <keywords>
      <text FeatureID="-1">membuka penanda buku</text>
      <target FeatureID="-1" href="OSS_HLP_BM_MAIN.html">Menyemak imbas penanda buku</target>
   </keywords>
   <keywords>
      <text FeatureID="true_167">suapan rss</text>
      <target FeatureID="true_167" href="OSS_HLP_RSS_EDIT.html">Edit suapan web</target>
      <target FeatureID="true_167" href="OSS_HLP_RSS_ARTICLE.html">Artikel suapan Web</target>
   </keywords>
   <keywords>
      <text FeatureID="-1">tetapan penyemak imbas</text>
      <target FeatureID="-1" href="OSS_HLP_SETTINGS_GENERAL.html">Tetapan umum</target>
      <target FeatureID="-1" href="OSS_HLP_SETTINGS_PAGE.html">Tetapan halaman</target>
      <target FeatureID="-1" href="OSS_HLP_SETTINGS_PRIVACY.html">Tetapan privasi</target>
      <target FeatureID="true_167" href="OSS_HLP_SETTINGS_RSS.html">Tetapan suapan web</target>
      <target FeatureID="-1" href="OSS_HLP_SETTINGS_FOLDERS.html">Tetapan web</target>
      <target FeatureID="false_410" href="OSS_HLP_KEYPAD.html">Pintasan pad kekunci</target>
   </keywords>
   <keywords>
      <text FeatureID="-1">tetapan web</text>
      <target FeatureID="-1" href="OSS_HLP_SETTINGS_GENERAL.html">Tetapan umum</target>
      <target FeatureID="-1" href="OSS_HLP_SETTINGS_PAGE.html">Tetapan halaman</target>
      <target FeatureID="-1" href="OSS_HLP_SETTINGS_PRIVACY.html">Tetapan privasi</target>
      <target FeatureID="true_167" href="OSS_HLP_SETTINGS_RSS.html">Tetapan suapan web</target>
      <target FeatureID="-1" href="OSS_HLP_SETTINGS_FOLDERS.html">Tetapan web</target>
      <target FeatureID="false_410" href="OSS_HLP_SHORTCUTS.html">Pintasan bar alat</target>
      <target FeatureID="false_410" href="OSS_HLP_KEYPAD.html">Pintasan pad kekunci</target>
   </keywords>
   <keywords>
      <text FeatureID="-1">persediaan untuk web</text>
      <target FeatureID="-1" href="OSS_HLP_SETTINGS_PAGE.html">Tetapan halaman</target>
      <target FeatureID="-1" href="OSS_HLP_SETTINGS_FOLDERS.html">Tetapan web</target>
   </keywords>
   <keywords>
      <text FeatureID="-1">tetapan privasi</text>
      <target FeatureID="-1" href="OSS_HLP_SETTINGS_PRIVACY.html">Tetapan privasi</target>
   </keywords>
   <keywords>
      <text FeatureID="true_167">membuat persediaan untuk web</text>
      <target FeatureID="true_167" href="OSS_HLP_SETTINGS_RSS.html">Tetapan suapan web</target>
   </keywords>
   <keywords>
      <text FeatureID="-1">membuka halaman khusus</text>
      <target FeatureID="-1" href="OSS_HLP_PAGEVIEW_EMBED.html">Web dalam aplikasi</target>
   </keywords>
   <keywords>
      <text FeatureID="-1">web dalam aplikasi</text>
      <target FeatureID="-1" href="OSS_HLP_PAGEVIEW_EMBED.html">Web dalam aplikasi</target>
   </keywords>
   <keywords>
      <text FeatureID="false_410">tetapn penyemak imbas</text>
      <target FeatureID="false_410" href="OSS_HLP_SHORTCUTS.html">Pintasan bar alat</target>
   </keywords>
</keywords>