<?xml version="1.0" encoding="UTF-8"?>
<keywords>
   <keywords>
      <text FeatureID="-1">traženje</text>
      <target FeatureID="-1" href="SEARCH_HLP_INDEVICE_MAIN.html">Pretraživanje</target>
   </keywords>
   <keywords>
      <text FeatureID="-1">rezultati pretraživanja</text>
      <target FeatureID="-1" href="SEARCH_HLP_SINGLE_RE.html">Rezultati pretraživanja</target>
      <target FeatureID="-1" href="SEARCH_HLP_GROUPED.html">Pretraživanje rezultata u kategorijama</target>
   </keywords>
</keywords>