<?xml version="1.0" encoding="UTF-8"?>
<keywords>
   <keywords>
      <text FeatureID="-1">صفحه اصلی</text>
      <target FeatureID="-1" href="SET_HLP_HOME_SCREEN.html">صفحه اصلی</target>
      <target FeatureID="-1" href="SET_HLP_HOME_SCREEN_EDIT.html">صفحه اصلی را ویرایش کنید</target>
   </keywords>
   <keywords>
      <text FeatureID="-1">ابزارک</text>
      <target FeatureID="-1" href="WM_HLP_WIDGET_COLLECTION.html">کاتالوگ ابزارک</target>
   </keywords>
</keywords>