<?xml version="1.0" encoding="UTF-8"?>
<keywords>
   <keywords>
      <text FeatureID="-1">Zdjęcia</text>
      <target FeatureID="-1" href="LGAL_HLP_ALBUM_LIST.html">Albumy</target>
      <target FeatureID="-1" href="LGAL_HLP_ALL_GRID.html">Przeglądanie wszystkich multimediów</target>
      <target FeatureID="-1" href="LGAL_HLP_ALBUM_GRID.html">Przeglądanie multimediów w albumach</target>
      <target FeatureID="-1" href="LGAL_HLP_TAGS_GRID.html">Przeglądanie oznakowanych multimediów</target>
      <target FeatureID="-1" href="LGAL_HLP_DETAILS_VIEW.html">Wyświetlanie i edycja szczegółów pliku</target>
      <target FeatureID="-1" href="LGAL_HLP_TAGS_BROWSER.html">Znaczniki</target>
      <target FeatureID="-1" href="LGAL_HLP_MONTH_FULLSCREEN.html">Wyświetlanie multimediów według miesięcy</target>
      <target FeatureID="-1" href="LGAL_HLP_MONTH_GRID.html">Przeglądanie multimediów według miesięcy</target>
      <target FeatureID="-1" href="LGAL_HLP_VIEW_LIST.html">Zdjęcia</target>
      <target FeatureID="-1" href="LGAL_HLP_MONTH_LIST.html">Miesiące</target>
      <target FeatureID="-1" href="LGAL_HLP_SLIDESHOW_SETTINGS.html">Ustawienia pokazu slajdów</target>
      <target FeatureID="-1" href="LGAL_HLP_ALL_FULLSCREEN.html">Wyświetlanie wszystkich multimediów</target>
      <target FeatureID="-1" href="LGAL_HLP_ALBUM_FULLSCREEN.html">Przeglądanie multimediów w albumie</target>
      <target FeatureID="-1" href="LGAL_HLP_TAGS_FULLSCREEN.html">Wyświetlanie oznaczonych multimediów</target>
   </keywords>
   <keywords>
      <text FeatureID="-1">albumy</text>
      <target FeatureID="-1" href="LGAL_HLP_ALBUM_LIST.html">Albumy</target>
      <target FeatureID="-1" href="LGAL_HLP_ALBUM_GRID.html">Przeglądanie multimediów w albumach</target>
      <target FeatureID="-1" href="LGAL_HLP_VIEW_LIST.html">Zdjęcia</target>
      <target FeatureID="-1" href="LGAL_HLP_ALBUM_FULLSCREEN.html">Przeglądanie multimediów w albumie</target>
   </keywords>
   <keywords>
      <text FeatureID="-1">znaczniki</text>
      <target FeatureID="-1" href="LGAL_HLP_TAGS_GRID.html">Przeglądanie oznakowanych multimediów</target>
      <target FeatureID="-1" href="LGAL_HLP_TAGS_BROWSER.html">Znaczniki</target>
      <target FeatureID="-1" href="LGAL_HLP_VIEW_LIST.html">Zdjęcia</target>
      <target FeatureID="-1" href="LGAL_HLP_TAGS_FULLSCREEN.html">Wyświetlanie oznaczonych multimediów</target>
   </keywords>
   <keywords>
      <text FeatureID="-1">pokaz slajdów</text>
      <target FeatureID="-1" href="LGAL_HLP_SLIDESHOW_SETTINGS.html">Ustawienia pokazu slajdów</target>
   </keywords>
</keywords>