<?xml version="1.0" encoding="UTF-8"?>
<keywords>
   <keywords>
      <text FeatureID="-1">Photos</text>
      <target FeatureID="-1" href="LGAL_HLP_ALBUM_LIST.html">Albums</target>
      <target FeatureID="-1" href="LGAL_HLP_ALL_GRID.html">Parcourir tous les fichiers multimédia</target>
      <target FeatureID="-1" href="LGAL_HLP_ALBUM_GRID.html">Consulter des fichiers multimédia dans des albums</target>
      <target FeatureID="-1" href="LGAL_HLP_TAGS_GRID.html">Consulter des fichiers multimédia balisés</target>
      <target FeatureID="-1" href="LGAL_HLP_DETAILS_VIEW.html">Afficher et modifier des détails de fichier</target>
      <target FeatureID="-1" href="LGAL_HLP_TAGS_BROWSER.html">Balises</target>
      <target FeatureID="-1" href="LGAL_HLP_MONTH_FULLSCREEN.html">Afficher des fichiers multimédia par mois</target>
      <target FeatureID="-1" href="LGAL_HLP_MONTH_GRID.html">Consulter des fichiers multimédia par mois</target>
      <target FeatureID="-1" href="LGAL_HLP_VIEW_LIST.html">Photos</target>
      <target FeatureID="-1" href="LGAL_HLP_MONTH_LIST.html">Mois</target>
      <target FeatureID="-1" href="LGAL_HLP_SLIDESHOW_SETTINGS.html">Paramètres du diaporama</target>
      <target FeatureID="-1" href="LGAL_HLP_ALL_FULLSCREEN.html">Afficher tous les fichiers multimédia</target>
      <target FeatureID="-1" href="LGAL_HLP_ALBUM_FULLSCREEN.html">Afficher des fichiers multimédia dans des albums</target>
      <target FeatureID="-1" href="LGAL_HLP_TAGS_FULLSCREEN.html">Afficher des fichiers multimédia balisés</target>
   </keywords>
   <keywords>
      <text FeatureID="-1">albums</text>
      <target FeatureID="-1" href="LGAL_HLP_ALBUM_LIST.html">Albums</target>
      <target FeatureID="-1" href="LGAL_HLP_ALBUM_GRID.html">Consulter des fichiers multimédia dans des albums</target>
      <target FeatureID="-1" href="LGAL_HLP_VIEW_LIST.html">Photos</target>
      <target FeatureID="-1" href="LGAL_HLP_ALBUM_FULLSCREEN.html">Afficher des fichiers multimédia dans des albums</target>
   </keywords>
   <keywords>
      <text FeatureID="-1">balises</text>
      <target FeatureID="-1" href="LGAL_HLP_TAGS_GRID.html">Consulter des fichiers multimédia balisés</target>
      <target FeatureID="-1" href="LGAL_HLP_TAGS_BROWSER.html">Balises</target>
      <target FeatureID="-1" href="LGAL_HLP_TAGS_FULLSCREEN.html">Afficher des fichiers multimédia balisés</target>
   </keywords>
   <keywords>
      <text FeatureID="-1">étiquettes</text>
      <target FeatureID="-1" href="LGAL_HLP_VIEW_LIST.html">Photos</target>
   </keywords>
   <keywords>
      <text FeatureID="-1">diaporama</text>
      <target FeatureID="-1" href="LGAL_HLP_SLIDESHOW_SETTINGS.html">Paramètres du diaporama</target>
   </keywords>
</keywords>