<?xml version="1.0" encoding="UTF-8"?><?xml-stylesheet  href="../../theme/xsl/index2html.xslt" type="text/xsl"?>
<topics FeatureID="-1" title="Lokit" compressed="true">
   <topicref FeatureID="-1" href="GPRS_HLP_MAIN.html" navtitle="Pakettidatayhteydet"/>
   <topicref FeatureID="-1" href="LOGS_HLP_COUNTER.html" navtitle="Puhelu- ja datatiedot"/>
   <topicref FeatureID="-1" href="LOGS_HLP_DETAIL.html" navtitle="Lokitapahtumien tiedot"/>
   <topicref FeatureID="-1" href="LOGS_HLP_MAIN.html" navtitle="Lokin tiedot"/>
   <topicref FeatureID="-1" href="LOGS_HLP_SETTING.html" navtitle="Lokin asetukset"/>
   <topicref FeatureID="-1" href="STM_HLP_DIALLED.html" navtitle="Soitetut puhelut"/>
   <topicref FeatureID="-1" href="STM_HLP_MAIN.html" navtitle="Viime puhelut"/>
   <topicref FeatureID="-1" href="STM_HLP_MISSED.html" navtitle="Vastaamatta jääneet puhelut"/>
   <topicref FeatureID="-1" href="STM_HLP_RECEIVED.html" navtitle="Vastatut puhelut"/>
   <topicref FeatureID="-1" href="TIMERS_HLP_MAIN.html" navtitle="Puhelujen kesto"/>
</topics>