<?xml version="1.0" encoding="UTF-8"?>
<keywords>
   <keywords>
      <text FeatureID="-1">pakettidata­yhteydet</text>
      <target FeatureID="-1" href="GPRS_HLP_MAIN.html">Pakettidatayhteydet</target>
      <target FeatureID="-1" href="LOGS_HLP_COUNTER.html">Puhelu- ja datatiedot</target>
   </keywords>
   <keywords>
      <text FeatureID="-1">kesto, puhelut</text>
      <target FeatureID="-1" href="LOGS_HLP_COUNTER.html">Puhelu- ja datatiedot</target>
   </keywords>
   <keywords>
      <text FeatureID="-1">viime puhelut</text>
      <target FeatureID="-1" href="LOGS_HLP_COUNTER.html">Puhelu- ja datatiedot</target>
      <target FeatureID="-1" href="STM_HLP_MAIN.html">Viime puhelut</target>
   </keywords>
   <keywords>
      <text FeatureID="-1">lokit</text>
      <target FeatureID="-1" href="LOGS_HLP_DETAIL.html">Lokitapahtumien tiedot</target>
      <target FeatureID="-1" href="LOGS_HLP_MAIN.html">Lokin tiedot</target>
   </keywords>
   <keywords>
      <text FeatureID="-1">lokin asetukset</text>
      <target FeatureID="-1" href="LOGS_HLP_SETTING.html">Lokin asetukset</target>
   </keywords>
   <keywords>
      <text FeatureID="-1">numerot, joihin soitettu</text>
      <target FeatureID="-1" href="STM_HLP_DIALLED.html">Soitetut puhelut</target>
   </keywords>
   <keywords>
      <text FeatureID="-1">puhelutiedot</text>
      <target FeatureID="-1" href="STM_HLP_MAIN.html">Viime puhelut</target>
   </keywords>
   <keywords>
      <text FeatureID="-1">vastaamatta jääneet</text>
      <target FeatureID="-1" href="STM_HLP_MISSED.html">Vastaamatta jääneet puhelut</target>
   </keywords>
   <keywords>
      <text FeatureID="-1">vastatut puhelut</text>
      <target FeatureID="-1" href="STM_HLP_RECEIVED.html">Vastatut puhelut</target>
      <target FeatureID="-1" href="STM_HLP_RECEIVED.html">Vastatut puhelut</target>
   </keywords>
   <keywords>
      <text FeatureID="-1">puhelujen kesto</text>
      <target FeatureID="-1" href="TIMERS_HLP_MAIN.html">Puhelujen kesto</target>
   </keywords>
   <keywords>
      <text FeatureID="-1">pituus, puhelut</text>
      <target FeatureID="-1" href="TIMERS_HLP_MAIN.html">Puhelujen kesto</target>
   </keywords>
</keywords>