<?xml version="1.0" encoding="UTF-8"?>
<keywords>
   <keywords>
      <text FeatureID="true_1091">редактор сервісних команд</text>
      <target FeatureID="true_1091" href="USSD_HLP_EDITOR.html">Сервісні команди</target>
   </keywords>
   <keywords>
      <text FeatureID="true_1091">сервісні команди</text>
      <target FeatureID="true_1091" href="USSD_HLP_EDITOR.html">Сервісні команди</target>
   </keywords>
   <keywords>
      <text FeatureID="true_1091">послуги мережі</text>
      <target FeatureID="true_1091" href="USSD_HLP_EDITOR.html">Сервісні команди</target>
   </keywords>
</keywords>