<?xml version="1.0" encoding="UTF-8"?>
<keywords>
   <keywords>
      <text FeatureID="true_11008 false_11008">đăng ký thiết bị</text>
      <target FeatureID="true_11008" href="DRM_HLP_REGISTRATION_METERING.html">Đăng ký thiết bị</target>
      <target FeatureID="false_11008" href="DRM_HLP_REGISTRATION.html">Đăng ký thiết bị</target>
   </keywords>
   <keywords>
      <text FeatureID="true_11008">thu nhận các quyền im lặng</text>
      <target FeatureID="true_11008" href="DRM_HLP_REGISTRATION_METERING.html">Đăng ký thiết bị</target>
   </keywords>
   <keywords>
      <text FeatureID="true_11008">đo</text>
      <target FeatureID="true_11008" href="DRM_HLP_REGISTRATION_METERING.html">Đăng ký thiết bị</target>
   </keywords>
</keywords>