<?xml version="1.0" encoding="UTF-8"?><?xml-stylesheet  href="../../theme/xsl/index2html.xslt" type="text/xsl"?>
<topics FeatureID="-1" title="Intellisync" compressed="true">
   <topicref FeatureID="-1" href="FSE_HLP_IMS_SETTINGS_ACCT_INFO.html" navtitle="Definições de conta de e-mail"/>
   <topicref FeatureID="-1" href="FSE_HLP_IMS_SETTINGS_ADVANCED.html" navtitle="Definições avançadas da caixa de correio"/>
   <topicref FeatureID="-1" href="FSE_HLP_IMS_SETTINGS_MAILBOX.html" navtitle="Definições da caixa de correio"/>
   <topicref FeatureID="-1" href="FSE_HLP_IMS_SETTINGS_WHAT_SYNC.html" navtitle="Definir sincronização de conteúdo"/>
   <topicref FeatureID="-1" href="FSE_HLP_IMS_SETTINGS_WHEN_SYNC.html" navtitle="Definir hora de sincronização"/>
   <topicref FeatureID="-1" href="FSE_HLP_IMS_SETTINGS_FOLDER.html" navtitle="Sincronizar pastas de e-mail"/>
   <topicref FeatureID="-1" href="FSE_HLP_SETTINGS_INTELL_LIST.html" navtitle="Definições do serviço de e-mail"/>
   <topicref FeatureID="-1" href="FSE_HLP_IMS_SETTINGS_MAIN_VIEW.html" navtitle="Definições de e-mail"/>
   <topicref FeatureID="-1" href="FSE_HLP_IMS_LAUNCHER_MAIN_VIEW.html" navtitle="E-mail Intellisync"/>
</topics>