<?xml version="1.0" encoding="UTF-8"?>
<keywords>
   <keywords>
      <text FeatureID="-1">definições da conta de e-mail</text>
      <target FeatureID="-1" href="FSE_HLP_IMS_SETTINGS_ACCT_INFO.html">Definições de conta de e-mail</target>
   </keywords>
   <keywords>
      <text FeatureID="-1">definições avançadas da caixa de correio</text>
      <target FeatureID="-1" href="FSE_HLP_IMS_SETTINGS_ADVANCED.html">Definições avançadas da caixa de correio</target>
   </keywords>
   <keywords>
      <text FeatureID="-1">definições de caixa de correio</text>
      <target FeatureID="-1" href="FSE_HLP_IMS_SETTINGS_MAILBOX.html">Definições da caixa de correio</target>
   </keywords>
   <keywords>
      <text FeatureID="-1">conteúdo da sincronização de e-mail</text>
      <target FeatureID="-1" href="FSE_HLP_IMS_SETTINGS_WHAT_SYNC.html">Definir sincronização de conteúdo</target>
   </keywords>
   <keywords>
      <text FeatureID="-1">hora de sincronização do e-mail</text>
      <target FeatureID="-1" href="FSE_HLP_IMS_SETTINGS_WHEN_SYNC.html">Definir hora de sincronização</target>
   </keywords>
   <keywords>
      <text FeatureID="-1">sincronização das pastas de e-mail</text>
      <target FeatureID="-1" href="FSE_HLP_IMS_SETTINGS_FOLDER.html">Sincronizar pastas de e-mail</target>
   </keywords>
   <keywords>
      <text FeatureID="-1">definições do serviço de e-mail</text>
      <target FeatureID="-1" href="FSE_HLP_SETTINGS_INTELL_LIST.html">Definições do serviço de e-mail</target>
   </keywords>
   <keywords>
      <text FeatureID="-1">definições de e-mails</text>
      <target FeatureID="-1" href="FSE_HLP_IMS_SETTINGS_MAIN_VIEW.html">Definições de e-mail</target>
   </keywords>
   <keywords>
      <text FeatureID="-1">Intellisync</text>
      <target FeatureID="-1" href="FSE_HLP_IMS_LAUNCHER_MAIN_VIEW.html">E-mail Intellisync</target>
   </keywords>
</keywords>