<?xml version="1.0" encoding="UTF-8"?>
<keywords>
   <keywords>
      <text FeatureID="true_1091">USSD, edytor</text>
      <target FeatureID="true_1091" href="USSD_HLP_EDITOR.html">Zlecenia usług</target>
   </keywords>
   <keywords>
      <text FeatureID="true_1091">zlecenia usług</text>
      <target FeatureID="true_1091" href="USSD_HLP_EDITOR.html">Zlecenia usług</target>
   </keywords>
   <keywords>
      <text FeatureID="true_1091">usługi sieciowe</text>
      <target FeatureID="true_1091" href="USSD_HLP_EDITOR.html">Zlecenia usług</target>
   </keywords>
</keywords>