<?xml version="1.0" encoding="UTF-8"?>
<keywords>
   <keywords>
      <text FeatureID="-1">pengaturan e-mail</text>
      <target FeatureID="-1" href="MBXS_HLP_SETT_DOWNL_CTRL.html">Pengaturan pengambilan e-mail</target>
      <target FeatureID="-1" href="MBXS_HLP_SETT_DOWNL_RETR.html">Jumlah pengambilan e-mail</target>
      <target FeatureID="-1" href="MBXS_HLP_SETT_MBX_IN.html">Pengaturan e-mail yang masuk</target>
      <target FeatureID="-1" href="MBXS_HLP_SETT_MBX_IN_OUT.html">Pengaturan sambungan</target>
      <target FeatureID="-1" href="MBXS_HLP_SETT_MBX_OUT.html">Pengaturan e-mail keluar</target>
      <target FeatureID="-1" href="MCE_HLP_SETTINGS_EMAIL.html">Pengaturan e-mail</target>
      <target FeatureID="-1" href="MCE_HLP_SETT_EMAILMAIN.html">Mengedit kotak pesan</target>
      <target FeatureID="-1" href="MCE_HLP_SETT_MAILBLIST.html">Kotak pesan</target>
      <target FeatureID="-1" href="MCE_HLP_SETT_MAILFOLDER_UPD.html">Folder kotak pesan</target>
      <target FeatureID="true_1633" href="MCE_HLP_SETT_MAIL_ONLI.html">Pengambilan otomatis</target>
   </keywords>
   <keywords>
      <text FeatureID="-1">pengaturan kotak pesan</text>
      <target FeatureID="-1" href="MCE_HLP_SETT_EMAILMAIN.html">Mengedit kotak pesan</target>
   </keywords>
   <keywords>
      <text FeatureID="-1">kotak pesan</text>
      <target FeatureID="-1" href="MCE_HLP_SETT_MAILBLIST.html">Kotak pesan</target>
      <target FeatureID="-1" href="MCE_HLP_MAILBOX_ONLINE.html">E-mail online</target>
   </keywords>
   <keywords>
      <text FeatureID="-1">folder kotak pesan</text>
      <target FeatureID="-1" href="MCE_HLP_SETT_MAILFOLDER_UPD.html">Folder kotak pesan</target>
   </keywords>
   <keywords>
      <text FeatureID="-1">pengaturan pengguna</text>
      <target FeatureID="-1" href="MCE_HLP_SETT_MAIL_USER.html">Pengaturan pengguna</target>
   </keywords>
   <keywords>
      <text FeatureID="true_44">pengaturan kotak pesan sinkron</text>
      <target FeatureID="true_44" href="MCE_HLP_SETT_SMAILBOX.html">Pengaturan kotak pesan sinkron</target>
   </keywords>
   <keywords>
      <text FeatureID="true_44">pengaturan e-mail sinkron</text>
      <target FeatureID="true_44" href="MCE_HLP_SETT_SMAILBOX.html">Pengaturan kotak pesan sinkron</target>
   </keywords>
   <keywords>
      <text FeatureID="-1">e-mail offline</text>
      <target FeatureID="-1" href="MCE_HLP_MAILBOX_OFFLINE.html">E-mail offline</target>
   </keywords>
   <keywords>
      <text FeatureID="-1">menyambung ke kotak pesan</text>
      <target FeatureID="-1" href="MCE_HLP_MAILBOX_ONLINE.html">E-mail online</target>
   </keywords>
   <keywords>
      <text FeatureID="-1">online e-mail</text>
      <target FeatureID="-1" href="MCE_HLP_MAILBOX_ONLINE.html">E-mail online</target>
   </keywords>
   <keywords>
      <text FeatureID="-1">e-mail online</text>
      <target FeatureID="-1" href="MCE_HLP_MAILBOX_ONLINE.html">E-mail online</target>
   </keywords>
</keywords>