<?xml version="1.0" encoding="UTF-8"?>
<keywords>
   <keywords>
      <text FeatureID="-1">lector de mensaxes, idioma</text>
      <target FeatureID="-1" href="SPEECH_HLP_MAIN.html">Axustes de voz</target>
   </keywords>
   <keywords>
      <text FeatureID="-1">lector de mensaxes, voz</text>
      <target FeatureID="-1" href="SPEECH_HLP_MAIN.html">Axustes de voz</target>
   </keywords>
   <keywords>
      <text FeatureID="-1">lector de mensaxes, detalles da voz</text>
      <target FeatureID="-1" href="SPEECH_HLP_VOICE.html">Detalles da voz</target>
   </keywords>
   <keywords>
      <text FeatureID="-1">lector de mensaxes, axustes</text>
      <target FeatureID="-1" href="SPEECH_HLP_MRSETTINGS.html">Axustes do lector de mensaxes</target>
   </keywords>
</keywords>