<?xml version="1.0" encoding="UTF-8"?>
<keywords>
   <keywords>
      <text FeatureID="-1">viestinlukija, kieli</text>
      <target FeatureID="-1" href="SPEECH_HLP_MAIN.html">Puheasetukset</target>
   </keywords>
   <keywords>
      <text FeatureID="-1">viestinlukija, ääni</text>
      <target FeatureID="-1" href="SPEECH_HLP_MAIN.html">Puheasetukset</target>
   </keywords>
   <keywords>
      <text FeatureID="-1">viestinlukija, äänen tiedot</text>
      <target FeatureID="-1" href="SPEECH_HLP_VOICE.html">Äänen tiedot</target>
   </keywords>
   <keywords>
      <text FeatureID="-1">viestinlukija, asetukset</text>
      <target FeatureID="-1" href="SPEECH_HLP_MRSETTINGS.html">Viestinlukijan asetukset</target>
   </keywords>
</keywords>