<?xml version="1.0" encoding="UTF-8"?>
<keywords>
   <keywords>
      <text FeatureID="-1">tetapan akaun e-mel</text>
      <target FeatureID="-1" href="FSE_HLP_IMS_SETTINGS_ACCT_INFO.html">Tetapan akaun e-mel</target>
   </keywords>
   <keywords>
      <text FeatureID="-1">tetapan peti mel lanjutan</text>
      <target FeatureID="-1" href="FSE_HLP_IMS_SETTINGS_ADVANCED.html">Tetapan peti mel lanjut</target>
   </keywords>
   <keywords>
      <text FeatureID="-1">tetapan peti mel</text>
      <target FeatureID="-1" href="FSE_HLP_IMS_SETTINGS_MAILBOX.html">Tetapan peti mel</target>
   </keywords>
   <keywords>
      <text FeatureID="-1">kandungan penyegerakan e-mel</text>
      <target FeatureID="-1" href="FSE_HLP_IMS_SETTINGS_WHAT_SYNC.html">Tentukan kandungan penyegerakan</target>
   </keywords>
   <keywords>
      <text FeatureID="-1">masa penyegerakan e-mel</text>
      <target FeatureID="-1" href="FSE_HLP_IMS_SETTINGS_WHEN_SYNC.html">Tentukan masa penyegerakan</target>
   </keywords>
   <keywords>
      <text FeatureID="-1">penyegerakan folder e-mel</text>
      <target FeatureID="-1" href="FSE_HLP_IMS_SETTINGS_FOLDER.html">Segerakkan folder e-mel</target>
   </keywords>
   <keywords>
      <text FeatureID="-1">tetapan perkhidmatan e-mel</text>
      <target FeatureID="-1" href="FSE_HLP_SETTINGS_INTELL_LIST.html">Tetapan perkhidmatan e-mel</target>
   </keywords>
   <keywords>
      <text FeatureID="-1">tetapan e-mel</text>
      <target FeatureID="-1" href="FSE_HLP_IMS_SETTINGS_MAIN_VIEW.html">Tetapan e-mel</target>
   </keywords>
   <keywords>
      <text FeatureID="-1">Intellisync</text>
      <target FeatureID="-1" href="FSE_HLP_IMS_LAUNCHER_MAIN_VIEW.html">E-mel Intellisync</target>
   </keywords>
</keywords>