<?xml version="1.0" encoding="UTF-8"?><?xml-stylesheet  href="../../theme/xsl/index2html.xslt" type="text/xsl"?>
<topics FeatureID="-1" title="Kamera" compressed="true">
   <topicref FeatureID="-1" href="LCAM_HLP_VIEWFINDER_PHOTO.html" navtitle="Képek rögzítése"/>
   <topicref FeatureID="false_410" href="LCAM_HLP_LIGHT_SENSITIVITY.html" navtitle="Fényérzékenység módosítása"/>
   <topicref FeatureID="-1" href="LCAM_HLP_SETTINGS_PHOUSER.html" navtitle="Szituációk meghatározása"/>
   <topicref FeatureID="-1" href="LCAM_HLP_SCENES_PHOTO.html" navtitle="Felvételkészítési módok"/>
   <topicref FeatureID="-1" href="LCAM_HLP_SETTINGS.html" navtitle="Kamerabeállítások"/>
   <topicref FeatureID="-1" href="LCAM_HLP_SETTINGS_PHOTO.html" navtitle="Képek beállításai"/>
   <topicref FeatureID="-1" href="LCAM_HLP_VIEWFINDER_VIDEO.html" navtitle="Videofájlok rögzítése"/>
   <topicref FeatureID="false_410" href="LCAM_HLP_SCENES_VIDEO.html" navtitle="Videostílusok"/>
   <topicref FeatureID="-1" href="LCAM_HLP_SETTINGS_VIDEO.html" navtitle="Videobeállítások"/>
   <topicref FeatureID="-1" href="LCAM_HLP_VIEWFINDER_VIDEO_EM.html" navtitle="Videók az alkalm.-ban"/>
   <topicref FeatureID="false_410" href="LCAM_HLP_STANDYBY_EM.html" navtitle="Kamera nem aktív"/>
   <topicref FeatureID="-1" href="LCAM_HLP_POST_VIDEO.html" navtitle="Videofájlok lejátszása"/>
   <topicref FeatureID="-1" href="LCAM_HLP_VIEWFINDER_PHOTO_EM.html" navtitle="Képek az alkalmazásokban"/>
   <topicref FeatureID="-1" href="LCAM_HLP_POST_PHOTO.html" navtitle="Rögzített képek megtekintése"/>
   <topicref FeatureID="true_132" href="LCAM_HLP_POST_SEQ.html" navtitle="Fényképsorozat megtekintése"/>
</topics>