<?xml version="1.0" encoding="UTF-8"?>
<keywords>
   <keywords>
      <text FeatureID="-1">kamera</text>
      <target FeatureID="-1" href="LCAM_HLP_VIEWFINDER_PHOTO.html">Képek készítése</target>
      <target FeatureID="-1" href="LCAM_HLP_LIGHT_SENSITIVITY.html">Fényérzék. módosítása</target>
      <target FeatureID="-1" href="LCAM_HLP_SETTINGS_PHOUSER.html">Szituációk meghatározása</target>
      <target FeatureID="-1" href="LCAM_HLP_SCENES_PHOTO.html">Felvételkészítési módok</target>
      <target FeatureID="-1" href="LCAM_HLP_VIEWFINDER_VIDEO.html">Videofájlok rögzítése</target>
      <target FeatureID="-1" href="LCAM_HLP_SCENES_VIDEO.html">Videó stílusok</target>
      <target FeatureID="-1" href="LCAM_HLP_VIEWFINDER_VIDEO_EM.html">Videók az alkalm.-ban</target>
      <target FeatureID="-1" href="LCAM_HLP_STANDBY_EM.html">Kamera nem aktív</target>
      <target FeatureID="-1" href="LCAM_HLP_POST_VIDEO.html">Videofájlok lejátszása</target>
      <target FeatureID="-1" href="LCAM_HLP_POST_PHOTO.html">Rögzített képek megtekintése</target>
   </keywords>
   <keywords>
      <text FeatureID="-1">képek készítése</text>
      <target FeatureID="-1" href="LCAM_HLP_VIEWFINDER_PHOTO.html">Képek készítése</target>
   </keywords>
   <keywords>
      <text FeatureID="-1">fényérzékenység</text>
      <target FeatureID="-1" href="LCAM_HLP_LIGHT_SENSITIVITY.html">Fényérzék. módosítása</target>
   </keywords>
   <keywords>
      <text FeatureID="-1">témák</text>
      <target FeatureID="-1" href="LCAM_HLP_SETTINGS_PHOUSER.html">Szituációk meghatározása</target>
   </keywords>
   <keywords>
      <text FeatureID="-1">stílusok</text>
      <target FeatureID="-1" href="LCAM_HLP_SCENES_PHOTO.html">Felvételkészítési módok</target>
   </keywords>
   <keywords>
      <text FeatureID="-1">kamera­beállítások</text>
      <target FeatureID="-1" href="LCAM_HLP_SETTINGS.html">Kamerabeállítások</target>
   </keywords>
   <keywords>
      <text FeatureID="-1">kamera, beállítások</text>
      <target FeatureID="-1" href="LCAM_HLP_SETTINGS_PHOTO.html">Képek beállításai</target>
      <target FeatureID="-1" href="LCAM_HLP_SETTINGS_VIDEO.html">Videobeállítások</target>
   </keywords>
   <keywords>
      <text FeatureID="-1">videó rögzítése</text>
      <target FeatureID="-1" href="LCAM_HLP_VIEWFINDER_VIDEO.html">Videofájlok rögzítése</target>
   </keywords>
   <keywords>
      <text FeatureID="-1">Videó stílusok</text>
      <target FeatureID="-1" href="LCAM_HLP_SCENES_VIDEO.html">Videó stílusok</target>
   </keywords>
   <keywords>
      <text FeatureID="-1">videó, beállítások</text>
      <target FeatureID="-1" href="LCAM_HLP_SETTINGS_VIDEO.html">Videobeállítások</target>
   </keywords>
   <keywords>
      <text FeatureID="-1">videofájlok az alkalmazásokban</text>
      <target FeatureID="-1" href="LCAM_HLP_VIEWFINDER_VIDEO_EM.html">Videók az alkalm.-ban</target>
   </keywords>
   <keywords>
      <text FeatureID="-1">videofájlok lejátszása</text>
      <target FeatureID="-1" href="LCAM_HLP_POST_VIDEO.html">Videofájlok lejátszása</target>
   </keywords>
   <keywords>
      <text FeatureID="-1">Kamera az alkalmazásokban</text>
      <target FeatureID="-1" href="LCAM_HLP_VIEWFINDER_PHOTO_EM.html">Képek az alkalmazásokban</target>
   </keywords>
   <keywords>
      <text FeatureID="-1">képek megtekintése</text>
      <target FeatureID="-1" href="LCAM_HLP_POST_PHOTO.html">Rögzített képek megtekintése</target>
   </keywords>
</keywords>