<?xml version="1.0" encoding="UTF-8"?>
<keywords>
   <keywords>
      <text FeatureID="-1">kamera</text>
      <target FeatureID="-1" href="LCAM_HLP_VIEWFINDER_PHOTO.html">Képek rögzítése</target>
      <target FeatureID="false_410" href="LCAM_HLP_LIGHT_SENSITIVITY.html">Fényérzékenység módosítása</target>
      <target FeatureID="-1" href="LCAM_HLP_SCENES_PHOTO.html">Felvételkészítési módok</target>
      <target FeatureID="-1" href="LCAM_HLP_VIEWFINDER_VIDEO.html">Videofájlok rögzítése</target>
      <target FeatureID="false_410" href="LCAM_HLP_SCENES_VIDEO.html">Videostílusok</target>
      <target FeatureID="-1" href="LCAM_HLP_VIEWFINDER_VIDEO_EM.html">Videók az alkalm.-ban</target>
      <target FeatureID="false_410" href="LCAM_HLP_STANDYBY_EM.html">Kamera nem aktív</target>
      <target FeatureID="-1" href="LCAM_HLP_POST_VIDEO.html">Videofájlok lejátszása</target>
      <target FeatureID="-1" href="LCAM_HLP_POST_PHOTO.html">Rögzített képek megtekintése</target>
      <target FeatureID="true_132" href="LCAM_HLP_POST_SEQ.html">Fényképsorozat megtekintése</target>
   </keywords>
   <keywords>
      <text FeatureID="-1">képek rögzítése</text>
      <target FeatureID="-1" href="LCAM_HLP_VIEWFINDER_PHOTO.html">Képek rögzítése</target>
   </keywords>
   <keywords>
      <text FeatureID="false_410">fényérzékenység</text>
      <target FeatureID="false_410" href="LCAM_HLP_LIGHT_SENSITIVITY.html">Fényérzékenység módosítása</target>
   </keywords>
   <keywords>
      <text FeatureID="-1">kamera szituáció módjai</text>
      <target FeatureID="-1" href="LCAM_HLP_SETTINGS_PHOUSER.html">Szituációk meghatározása</target>
   </keywords>
   <keywords>
      <text FeatureID="-1">stílusok</text>
      <target FeatureID="-1" href="LCAM_HLP_SCENES_PHOTO.html">Felvételkészítési módok</target>
   </keywords>
   <keywords>
      <text FeatureID="-1">kamera­beállítások</text>
      <target FeatureID="-1" href="LCAM_HLP_SETTINGS.html">Kamerabeállítások</target>
   </keywords>
   <keywords>
      <text FeatureID="-1">kamera, beállítások</text>
      <target FeatureID="-1" href="LCAM_HLP_SETTINGS_PHOTO.html">Képek beállításai</target>
      <target FeatureID="-1" href="LCAM_HLP_SETTINGS_VIDEO.html">Videobeállítások</target>
   </keywords>
   <keywords>
      <text FeatureID="-1">videó rögzítése</text>
      <target FeatureID="-1" href="LCAM_HLP_VIEWFINDER_VIDEO.html">Videofájlok rögzítése</target>
   </keywords>
   <keywords>
      <text FeatureID="false_410">szituáció módok</text>
      <target FeatureID="false_410" href="LCAM_HLP_SCENES_VIDEO.html">Videostílusok</target>
   </keywords>
   <keywords>
      <text FeatureID="-1">videó, beállítások</text>
      <target FeatureID="-1" href="LCAM_HLP_SETTINGS_VIDEO.html">Videobeállítások</target>
   </keywords>
   <keywords>
      <text FeatureID="-1">videofájlok az alkalmazásokban</text>
      <target FeatureID="-1" href="LCAM_HLP_VIEWFINDER_VIDEO_EM.html">Videók az alkalm.-ban</target>
   </keywords>
   <keywords>
      <text FeatureID="-1">videofájlok lejátszása</text>
      <target FeatureID="-1" href="LCAM_HLP_POST_VIDEO.html">Videofájlok lejátszása</target>
   </keywords>
   <keywords>
      <text FeatureID="-1">Kamera az alkalmazásokban</text>
      <target FeatureID="-1" href="LCAM_HLP_VIEWFINDER_PHOTO_EM.html">Képek az alkalmazásokban</target>
   </keywords>
   <keywords>
      <text FeatureID="-1">képek megtekintése</text>
      <target FeatureID="-1" href="LCAM_HLP_POST_PHOTO.html">Rögzített képek megtekintése</target>
   </keywords>
   <keywords>
      <text FeatureID="true_132">sorozatfelvétel mód</text>
      <target FeatureID="true_132" href="LCAM_HLP_POST_SEQ.html">Fényképsorozat megtekintése</target>
   </keywords>
</keywords>