<?xml version="1.0" encoding="UTF-8"?>
<keywords>
   <keywords>
      <text FeatureID="-1">úprava obrázků</text>
      <target FeatureID="-1" href="SIE_HLP_MAIN.html">Úprava obrázků</target>
   </keywords>
   <keywords>
      <text FeatureID="-1">úprava textu</text>
      <target FeatureID="-1" href="SIE_HLP_EDIT_TEXT.html">Úprava textu v obrázcích</target>
   </keywords>
   <keywords>
      <text FeatureID="-1">editor obrázků</text>
      <target FeatureID="-1" href="SIE_HLP_EDIT_TEXT.html">Úprava textu v obrázcích</target>
   </keywords>
   <keywords>
      <text FeatureID="-1">úprava zvětšených obrázků</text>
      <target FeatureID="-1" href="SIE_HLP_ZOOMING.html">Úprava zvětšených obrázků</target>
   </keywords>
   <keywords>
      <text FeatureID="-1">zvětšování obrázků</text>
      <target FeatureID="-1" href="SIE_HLP_ZOOMING.html">Úprava zvětšených obrázků</target>
   </keywords>
   <keywords>
      <text FeatureID="-1">úprava klipartu</text>
      <target FeatureID="-1" href="SIE_HLP_EDIT_CLIPART.html">Úprava klipartu</target>
   </keywords>
   <keywords>
      <text FeatureID="-1">úpravy bublin s textem</text>
      <target FeatureID="-1" href="SIE_HLP_EDIT_CLIPART.html">Úprava klipartu</target>
   </keywords>
   <keywords>
      <text FeatureID="-1">redukce červených očí</text>
      <target FeatureID="-1" href="SIE_HLP_REDEYE.html">Redukce červených očí</target>
   </keywords>
</keywords>