<?xml version="1.0" encoding="UTF-8"?>
<keywords>
   <keywords>
      <text FeatureID="-1">Bluetooth</text>
      <target FeatureID="-1" href="BT_HLP_MAIN.html">Bluetooth</target>
      <target FeatureID="-1" href="BT_HLP_PAIRED.html">Cihazlarla eşleştirme</target>
      <target FeatureID="-1" href="BT_HLP_BLOCKED.html">Cihazları engelleme</target>
   </keywords>
   <keywords>
      <text FeatureID="-1">Bluetooth ayarları</text>
      <target FeatureID="-1" href="BT_HLP_MAIN.html">Bluetooth</target>
   </keywords>
   <keywords>
      <text FeatureID="-1">cihazları eşleştirme</text>
      <target FeatureID="-1" href="BT_HLP_PAIRED.html">Cihazlarla eşleştirme</target>
   </keywords>
   <keywords>
      <text FeatureID="-1">engelli cihazlar</text>
      <target FeatureID="-1" href="BT_HLP_BLOCKED.html">Cihazları engelleme</target>
   </keywords>
   <keywords>
      <text FeatureID="true_12">kablosuz klavye</text>
      <target FeatureID="true_12" href="BTKEYBOARD_HLP_SETTINGS.html">Kablosuz klavye</target>
   </keywords>
</keywords>