<?xml version="1.0" encoding="UTF-8"?>
<keywords>
   <keywords>
      <text FeatureID="-1">äänikomennot</text>
      <target FeatureID="true_72" href="HLP_VC_SIND_FOLDER.html">Sovellusnäkymä</target>
      <target FeatureID="true_72" href="HLP_VC_SIND_MAIN.html">Äänikomentojen käyttö</target>
      <target FeatureID="-1" href="VCINFO_HLP_MAINVIEW.html">Nimiin</target>
   </keywords>
   <keywords>
      <text FeatureID="-1">Äänikoment. asetukset</text>
      <target FeatureID="-1" href="HLP_VC_SET.html">Äänikomentojen aset.</target>
   </keywords>
</keywords>