<?xml version="1.0" encoding="UTF-8"?>
<keywords>
   <keywords>
      <text FeatureID="-1">editar imagens</text>
      <target FeatureID="-1" href="SIE_HLP_MAIN.html">Editar imagens</target>
   </keywords>
   <keywords>
      <text FeatureID="-1">editar texto</text>
      <target FeatureID="-1" href="SIE_HLP_EDIT_TEXT.html">Editar texto em imagens</target>
   </keywords>
   <keywords>
      <text FeatureID="-1">editor de imagem</text>
      <target FeatureID="-1" href="SIE_HLP_EDIT_TEXT.html">Editar texto em imagens</target>
   </keywords>
   <keywords>
      <text FeatureID="-1">editar imagens ampliadas</text>
      <target FeatureID="-1" href="SIE_HLP_ZOOMING.html">Editar imagens ampliadas</target>
   </keywords>
   <keywords>
      <text FeatureID="-1">ampliar imagens</text>
      <target FeatureID="-1" href="SIE_HLP_ZOOMING.html">Editar imagens ampliadas</target>
   </keywords>
   <keywords>
      <text FeatureID="-1">editar clip art</text>
      <target FeatureID="-1" href="SIE_HLP_EDIT_CLIPART.html">Editar clip art</target>
   </keywords>
   <keywords>
      <text FeatureID="-1">editar balões de fala</text>
      <target FeatureID="-1" href="SIE_HLP_EDIT_CLIPART.html">Editar clip art</target>
   </keywords>
   <keywords>
      <text FeatureID="-1">reduzir o efeito de olhos vermelhos</text>
      <target FeatureID="-1" href="SIE_HLP_REDEYE.html">Reduzir o efeito de olhos vermelhos</target>
   </keywords>
</keywords>