<?xml version="1.0" encoding="UTF-8"?>
<keywords>
   <keywords>
      <text FeatureID="-1">настройки на акаунт за електронна поща</text>
      <target FeatureID="-1" href="FSE_HLP_IMS_SETTINGS_ACCT_INFO.html">Настройки за акаунт (регистрация) за ел. поща</target>
   </keywords>
   <keywords>
      <text FeatureID="-1">разширени настройки за пощенска кутия</text>
      <target FeatureID="-1" href="FSE_HLP_IMS_SETTINGS_ADVANCED.html">Фини настройки за пощенска кутия</target>
   </keywords>
   <keywords>
      <text FeatureID="-1">настройки за пощенска кутия</text>
      <target FeatureID="-1" href="FSE_HLP_IMS_SETTINGS_MAILBOX.html">Настройки на пощенската кутия</target>
   </keywords>
   <keywords>
      <text FeatureID="-1">съдържание за синхронизация на електронна поща</text>
      <target FeatureID="-1" href="FSE_HLP_IMS_SETTINGS_WHAT_SYNC.html">Дефиниране на съдържанието за синхронизиране</target>
   </keywords>
   <keywords>
      <text FeatureID="-1">време за синхронизация на електронна поща</text>
      <target FeatureID="-1" href="FSE_HLP_IMS_SETTINGS_WHEN_SYNC.html">Дефиниране на часа за синхронизиране</target>
   </keywords>
   <keywords>
      <text FeatureID="-1">синхронизация на папки за електронна поща</text>
      <target FeatureID="-1" href="FSE_HLP_IMS_SETTINGS_FOLDER.html">Синхронизиране на папки за ел.поща</target>
   </keywords>
   <keywords>
      <text FeatureID="-1">настройки на услугата за ел. поща</text>
      <target FeatureID="-1" href="FSE_HLP_SETTINGS_INTELL_LIST.html">Настройки на услугата за ел.поща</target>
   </keywords>
   <keywords>
      <text FeatureID="-1">ел. поща, настройки</text>
      <target FeatureID="-1" href="FSE_HLP_IMS_SETTINGS_MAIN_VIEW.html">Настройки за ел.поща</target>
   </keywords>
   <keywords>
      <text FeatureID="-1">Intellisync</text>
      <target FeatureID="-1" href="FSE_HLP_IMS_LAUNCHER_MAIN_VIEW.html">Електронна поща Intellisync</target>
   </keywords>
</keywords>