<?xml version="1.0" encoding="UTF-8"?>
<keywords>
   <keywords>
      <text FeatureID="-1">授權憑證</text>
      <target FeatureID="-1" href="CM_HLP_AUTHORITY.html">授權憑證</target>
   </keywords>
   <keywords>
      <text FeatureID="-1">憑證</text>
      <target FeatureID="-1" href="CM_HLP_AUTHORITY.html">授權憑證</target>
      <target FeatureID="-1" href="CM_HLP_DEVICE.html">裝置憑證</target>
      <target FeatureID="-1" href="CM_HLP_MAIN.html">憑證管理</target>
      <target FeatureID="-1" href="CM_HLP_PERSONAL.html">個人憑證</target>
      <target FeatureID="-1" href="CM_HLP_TRUSTED_SITE.html">信任網站的憑證</target>
      <target FeatureID="-1" href="CM_HLP_TRUST_SETTINGS.html">編輯信任設定</target>
   </keywords>
   <keywords>
      <text FeatureID="-1">安全性憑證</text>
      <target FeatureID="-1" href="CM_HLP_AUTHORITY.html">授權憑證</target>
      <target FeatureID="-1" href="CM_HLP_MAIN.html">憑證管理</target>
   </keywords>
   <keywords>
      <text FeatureID="-1">裝置憑證</text>
      <target FeatureID="-1" href="CM_HLP_DEVICE.html">裝置憑證</target>
   </keywords>
   <keywords>
      <text FeatureID="-1">個人憑證</text>
      <target FeatureID="-1" href="CM_HLP_PERSONAL.html">個人憑證</target>
   </keywords>
   <keywords>
      <text FeatureID="-1">信任網站的憑證</text>
      <target FeatureID="-1" href="CM_HLP_TRUSTED_SITE.html">信任網站的憑證</target>
   </keywords>
   <keywords>
      <text FeatureID="-1">信任設定</text>
      <target FeatureID="-1" href="CM_HLP_TRUST_SETTINGS.html">編輯信任設定</target>
   </keywords>
</keywords>