<?xml version="1.0" encoding="UTF-8"?>
<keywords>
   <keywords>
      <text FeatureID="-1">轉寄訊息</text>
      <target FeatureID="-1" href="MMS_HLP_MMS_FWD_REQUEST.html">轉寄多媒體訊息</target>
   </keywords>
   <keywords>
      <text FeatureID="-1">多媒體訊息</text>
      <target FeatureID="-1" href="MMS_HLP_MMS_FWD_REQUEST_SEND.html">寄件備份中的轉寄要求</target>
      <target FeatureID="-1" href="MMS_HLP_MMS_VIEWER.html">檢視多媒體訊息</target>
   </keywords>
   <keywords>
      <text FeatureID="-1">多媒體通知</text>
      <target FeatureID="-1" href="MMS_HLP_NOTIFICATION_VIEWER.html">多媒體通知</target>
   </keywords>
   <keywords>
      <text FeatureID="-1">媒體物件</text>
      <target FeatureID="-1" href="MMS_HLP_OBJECTS_VIEW_VIEWER.html">檢視媒體物件</target>
   </keywords>
   <keywords>
      <text FeatureID="-1">多媒體物件</text>
      <target FeatureID="-1" href="MMS_HLP_OBJECTS_VIEW_VIEWER.html">檢視媒體物件</target>
   </keywords>
   <keywords>
      <text FeatureID="-1">MMS</text>
      <target FeatureID="-1" href="MMS_HLP_MMS_VIEWER.html">檢視多媒體訊息</target>
   </keywords>
</keywords>