<?xml version="1.0" encoding="UTF-8"?>
<keywords>
   <keywords>
      <text FeatureID="true_24">module de sécurité</text>
      <target FeatureID="-1" href="SECMOD_HLP_ACCESSCODE_VIEW.html">NIP du module de sécurité</target>
      <target FeatureID="-1" href="SECMOD_HLP_MAIN_VIEW.html">Module de sécurité</target>
      <target FeatureID="-1" href="SEMOD_HLP_SIGNINGCODE_VIEW.html">Modif. code de signature</target>
   </keywords>
   <keywords>
      <text FeatureID="true_24">NIP</text>
      <target FeatureID="-1" href="SECMOD_HLP_ACCESSCODE_VIEW.html">NIP du module de sécurité</target>
   </keywords>
   <keywords>
      <text FeatureID="true_24">codes du module de sécurité</text>
      <target FeatureID="-1" href="SECMOD_HLP_CODE_VIEW.html">Codes module de sécurité</target>
   </keywords>
   <keywords>
      <text FeatureID="true_24">NIP du module de sécurité</text>
      <target FeatureID="-1" href="SECMOD_HLP_CODE_VIEW.html">Codes module de sécurité</target>
   </keywords>
   <keywords>
      <text FeatureID="true_24">dépôt de clés</text>
      <target FeatureID="-1" href="SECMOD_HLP_MAIN_VIEW.html">Module de sécurité</target>
   </keywords>
   <keywords>
      <text FeatureID="true_24">code de signature</text>
      <target FeatureID="-1" href="SEMOD_HLP_SIGNINGCODE_VIEW.html">Modif. code de signature</target>
   </keywords>
   <keywords>
      <text FeatureID="true_24">signatures numériques</text>
      <target FeatureID="-1" href="SEMOD_HLP_SIGNINGCODE_VIEW.html">Modif. code de signature</target>
   </keywords>
</keywords>