<?xml version="1.0" encoding="UTF-8"?>
<keywords>
   <keywords>
      <text FeatureID="-1">параметры электронной почты</text>
      <target FeatureID="-1" href="MBXS_HLP_SETT_DOWNL_CTRL.html">Параметры загрузки электронной почты</target>
      <target FeatureID="-1" href="MBXS_HLP_SETT_DOWNL_RETR.html">Объем загрузки электронной почты</target>
      <target FeatureID="-1" href="MBXS_HLP_SETT_MBX_IN.html">Параметры электронной почты</target>
      <target FeatureID="-1" href="MBXS_HLP_SETT_MBX_IN_OUT.html">Параметры подключения</target>
      <target FeatureID="-1" href="MBXS_HLP_SETT_MBX_OUT.html">Параметры исходящей электронной почты</target>
      <target FeatureID="-1" href="MCE_HLP_SETTINGS_EMAIL.html">Параметры электронной почты</target>
      <target FeatureID="-1" href="MCE_HLP_SETT_EMAILMAIN.html">Изменение почтовых ящиков</target>
      <target FeatureID="-1" href="MCE_HLP_SETT_MAILBLIST.html">Почтовые ящики</target>
      <target FeatureID="-1" href="MCE_HLP_SETT_MAILFOLDER_UPD.html">Папки почтового ящика</target>
      <target FeatureID="true_1633" href="MCE_HLP_SETT_MAIL_ONLI.html">Автозагрузка</target>
   </keywords>
   <keywords>
      <text FeatureID="-1">параметры почтового ящика</text>
      <target FeatureID="-1" href="MCE_HLP_SETT_EMAILMAIN.html">Изменение почтовых ящиков</target>
   </keywords>
   <keywords>
      <text FeatureID="-1">почтовый ящик</text>
      <target FeatureID="-1" href="MCE_HLP_SETT_MAILBLIST.html">Почтовые ящики</target>
      <target FeatureID="-1" href="MCE_HLP_MAILBOX_ONLINE.html">Электронная почта в интерактивном режиме</target>
   </keywords>
   <keywords>
      <text FeatureID="-1">папки почтового ящика</text>
      <target FeatureID="-1" href="MCE_HLP_SETT_MAILFOLDER_UPD.html">Папки почтового ящика</target>
   </keywords>
   <keywords>
      <text FeatureID="-1">параметры пользователя</text>
      <target FeatureID="-1" href="MCE_HLP_SETT_MAIL_USER.html">Параметры пользователя</target>
   </keywords>
   <keywords>
      <text FeatureID="true_44">параметры синхронизации п/я</text>
      <target FeatureID="true_44" href="MCE_HLP_SETT_SMAILBOX.html">Параметры синхронизации почтового ящика</target>
   </keywords>
   <keywords>
      <text FeatureID="true_44">параметры синхронизации электронной почты</text>
      <target FeatureID="true_44" href="MCE_HLP_SETT_SMAILBOX.html">Параметры синхронизации почтового ящика</target>
   </keywords>
   <keywords>
      <text FeatureID="-1">эл. почта в автономном режиме</text>
      <target FeatureID="-1" href="MCE_HLP_MAILBOX_OFFLINE.html">Электронная почта в автономном режиме</target>
   </keywords>
   <keywords>
      <text FeatureID="-1">подключение к почтовому ящику</text>
      <target FeatureID="-1" href="MCE_HLP_MAILBOX_ONLINE.html">Электронная почта в интерактивном режиме</target>
   </keywords>
   <keywords>
      <text FeatureID="-1">эл. почта в интерактивном режиме</text>
      <target FeatureID="-1" href="MCE_HLP_MAILBOX_ONLINE.html">Электронная почта в интерактивном режиме</target>
   </keywords>
   <keywords>
      <text FeatureID="-1">интерактивная эл. почта</text>
      <target FeatureID="-1" href="MCE_HLP_MAILBOX_ONLINE.html">Электронная почта в интерактивном режиме</target>
   </keywords>
</keywords>