<?xml version="1.0" encoding="UTF-8"?>
<keywords>
   <keywords>
      <text FeatureID="-1">cx. postal chams.</text>
      <target FeatureID="-1" href="SMSVO_HLP_MAIN_VIEW.html">Cx. post. chams.</target>
      <target FeatureID="true_298" href="SMSVO_HLP_CS_VIDEO_AND_XSP_VOIP.html">Caixa postal de chamadas de voz, vídeo e Internet</target>
   </keywords>
   <keywords>
      <text FeatureID="-1">secretária eletrônica</text>
      <target FeatureID="-1" href="SMSVO_HLP_MAIN_VIEW.html">Cx. post. chams.</target>
      <target FeatureID="true_89" href="SMSVO_HLP_CS_AND_VIDEO.html">Cx. postal chams. vídeo</target>
      <target FeatureID="true_298" href="SMSVO_HLP_CS_VIDEO_AND_XSP_VOIP.html">Caixa postal de chamadas de voz, vídeo e Internet</target>
   </keywords>
   <keywords>
      <text FeatureID="true_89">cx. postal vídeo</text>
      <target FeatureID="true_89" href="SMSVO_HLP_CS_AND_VIDEO.html">Cx. postal chams. vídeo</target>
   </keywords>
   <keywords>
      <text FeatureID="true_298">caixa postal de chamadas de Internet</text>
      <target FeatureID="true_298" href="SMSVO_HLP_CS_VIDEO_AND_XSP_VOIP.html">Caixa postal de chamadas de voz, vídeo e Internet</target>
   </keywords>
</keywords>