<?xml version="1.0" encoding="UTF-8"?>
<keywords>
   <keywords>
      <text FeatureID="-1">Fotografie</text>
      <target FeatureID="-1" href="LGAL_HLP_ALBUM_LIST.html">Alba</target>
      <target FeatureID="-1" href="LGAL_HLP_ALL_GRID.html">Procházení všech mediálních souborů</target>
      <target FeatureID="-1" href="LGAL_HLP_ALBUM_GRID.html">Procházení mediálních souborů v albech</target>
      <target FeatureID="-1" href="LGAL_HLP_TAGS_GRID.html">Procházení mediálních souborů se značkami</target>
      <target FeatureID="-1" href="LGAL_HLP_DETAILS_VIEW.html">Zobrazení a úprava detailů souboru</target>
      <target FeatureID="-1" href="LGAL_HLP_TAGS_BROWSER.html">Značky</target>
      <target FeatureID="-1" href="LGAL_HLP_MONTH_FULLSCREEN.html">Zobrazení mediálních souborů podle měsíců</target>
      <target FeatureID="-1" href="LGAL_HLP_MONTH_GRID.html">Procházení mediálních souborů podle měsíců</target>
      <target FeatureID="-1" href="LGAL_HLP_VIEW_LIST.html">Fotografie</target>
      <target FeatureID="-1" href="LGAL_HLP_MONTH_LIST.html">Měsíce</target>
      <target FeatureID="-1" href="LGAL_HLP_SLIDESHOW_SETTINGS.html">Nastavení prezentace</target>
      <target FeatureID="-1" href="LGAL_HLP_ALL_FULLSCREEN.html">Zobrazení všech mediálních souborů</target>
      <target FeatureID="-1" href="LGAL_HLP_ALBUM_FULLSCREEN.html">Zobrazení mediálních souborů albech</target>
      <target FeatureID="-1" href="LGAL_HLP_TAGS_FULLSCREEN.html">Zobrazení mediálních souborů se značkami</target>
   </keywords>
   <keywords>
      <text FeatureID="-1">alba</text>
      <target FeatureID="-1" href="LGAL_HLP_ALBUM_LIST.html">Alba</target>
      <target FeatureID="-1" href="LGAL_HLP_ALBUM_GRID.html">Procházení mediálních souborů v albech</target>
      <target FeatureID="-1" href="LGAL_HLP_VIEW_LIST.html">Fotografie</target>
      <target FeatureID="-1" href="LGAL_HLP_ALBUM_FULLSCREEN.html">Zobrazení mediálních souborů albech</target>
   </keywords>
   <keywords>
      <text FeatureID="-1">značky</text>
      <target FeatureID="-1" href="LGAL_HLP_TAGS_GRID.html">Procházení mediálních souborů se značkami</target>
      <target FeatureID="-1" href="LGAL_HLP_TAGS_BROWSER.html">Značky</target>
      <target FeatureID="-1" href="LGAL_HLP_VIEW_LIST.html">Fotografie</target>
      <target FeatureID="-1" href="LGAL_HLP_TAGS_FULLSCREEN.html">Zobrazení mediálních souborů se značkami</target>
   </keywords>
   <keywords>
      <text FeatureID="-1">prezentace</text>
      <target FeatureID="-1" href="LGAL_HLP_SLIDESHOW_SETTINGS.html">Nastavení prezentace</target>
   </keywords>
</keywords>