<?xml version="1.0" encoding="UTF-8"?>
<keywords>
   <keywords>
      <text FeatureID="true_11008 false_11008">ثبت دستگاه</text>
      <target FeatureID="true_11008" href="DRM_HLP_REGISTRATION_METERING.html">ثبت دستگاه</target>
      <target FeatureID="false_11008" href="DRM_HLP_REGISTRATION.html">ثبت دستگاه</target>
   </keywords>
   <keywords>
      <text FeatureID="true_11008">کسب حقوق با پیام سرویس</text>
      <target FeatureID="true_11008" href="DRM_HLP_REGISTRATION_METERING.html">ثبت دستگاه</target>
   </keywords>
   <keywords>
      <text FeatureID="true_11008">سنجش</text>
      <target FeatureID="true_11008" href="DRM_HLP_REGISTRATION_METERING.html">ثبت دستگاه</target>
   </keywords>
</keywords>