<?xml version="1.0" encoding="UTF-8"?>
<keywords>
   <keywords>
      <text FeatureID="-1">maamerkkiluokat</text>
      <target FeatureID="-1" href="LM_HLP_LM_BY_CATEGORY.html">Maamerkkiluokat</target>
      <target FeatureID="-1" href="LM_HLP_EDIT_CATEGORIES.html">Maamerkkiluokkien muokkaaminen</target>
   </keywords>
   <keywords>
      <text FeatureID="-1">maamerkit</text>
      <target FeatureID="-1" href="LM_HLP_LM_BY_NAME.html">Maamerkit nimen mukaan</target>
      <target FeatureID="-1" href="LM_HLP_CATEGORY_CONTENTS.html">Maamerkit luokissa</target>
      <target FeatureID="-1" href="LM_HLP_LM_VIEWER.html">Maamerkkien tiedot</target>
   </keywords>
   <keywords>
      <text FeatureID="-1">maamerkkien muokkaus</text>
      <target FeatureID="-1" href="LM_HLP_LM_EDITOR.html">Maamerkkien muokkaaminen</target>
   </keywords>
</keywords>