<?xml version="1.0" encoding="UTF-8"?>
<keywords>
   <keywords>
      <text FeatureID="-1">čitač poruka, jezik</text>
      <target FeatureID="-1" href="SPEECH_HLP_MAIN.html">Postavke govora</target>
   </keywords>
   <keywords>
      <text FeatureID="-1">čitač poruka, glas</text>
      <target FeatureID="-1" href="SPEECH_HLP_MAIN.html">Postavke govora</target>
   </keywords>
   <keywords>
      <text FeatureID="-1">čitač poruka, pojedinosti glasa</text>
      <target FeatureID="-1" href="SPEECH_HLP_VOICE.html">Pojedinosti glasa</target>
   </keywords>
   <keywords>
      <text FeatureID="-1">čitač poruka, postavke</text>
      <target FeatureID="-1" href="SPEECH_HLP_MRSETTINGS.html">Postavke čitača poruka</target>
   </keywords>
</keywords>