<?xml version="1.0" encoding="UTF-8"?><?xml-stylesheet  href="../../theme/xsl/index2html.xslt" type="text/xsl"?>
<topics FeatureID="-1" title="Personalizacja" compressed="true">
   <topicref FeatureID="-1" href="SKINS_HLP_LIST.html" navtitle="Tematy ogólne"/>
   <topicref FeatureID="-1" href="SCREENSAVER_HLP_WP_SETTINGS.html" navtitle="Ustawienia tapety pokazu slajdów"/>
   <topicref FeatureID="-1" href="SKINS_HLP_WP_SETTINGS.html" navtitle="Ustawienia tapety"/>
   <topicref FeatureID="-1" href="SKINS_HLP_SCREENS_SETTINGS.html" navtitle="Ustawienia wygaszacza ekranu"/>
   <topicref FeatureID="true_1503" href="SKINS_HLP_CIMAGE_SETTINGS.html" navtitle="Wybieranie zdjęcia kontaktu"/>
   <topicref FeatureID="-1" href="SKINS_HLP_APPSHELL.html" navtitle="Ustawienia widoku Menu"/>
   <topicref FeatureID="-1" href="SKINS_HLP_APP_MAIN.html" navtitle="Dostosowywanie wyświetlacza"/>
   <topicref FeatureID="-1" href="SKINS_HLP_APPSKINS_LIST.html" navtitle="Tematy aplikacji"/>
</topics>