<?xml version="1.0" encoding="UTF-8"?>
<keywords>
   <keywords>
      <text FeatureID="-1">tematy</text>
      <target FeatureID="-1" href="SKINS_HLP_LIST.html">Tematy ogólne</target>
      <target FeatureID="-1" href="SCREENSAVER_HLP_WP_SETTINGS.html">Ustawienia tapety pokazu slajdów</target>
      <target FeatureID="-1" href="SKINS_HLP_WP_SETTINGS.html">Ustawienia tapety</target>
      <target FeatureID="true_1503" href="SKINS_HLP_CIMAGE_SETTINGS.html">Wybieranie zdjęcia kontaktu</target>
      <target FeatureID="-1" href="SKINS_HLP_APPSHELL.html">Ustawienia widoku Menu</target>
      <target FeatureID="-1" href="SKINS_HLP_APP_MAIN.html">Dostosowywanie wyświetlacza</target>
      <target FeatureID="-1" href="SKINS_HLP_APPSKINS_LIST.html">Tematy aplikacji</target>
   </keywords>
   <keywords>
      <text FeatureID="-1">tapeta pokazu slajdów</text>
      <target FeatureID="-1" href="SCREENSAVER_HLP_WP_SETTINGS.html">Ustawienia tapety pokazu slajdów</target>
   </keywords>
   <keywords>
      <text FeatureID="-1">ustawienia pokazu slajdów</text>
      <target FeatureID="-1" href="SCREENSAVER_HLP_WP_SETTINGS.html">Ustawienia tapety pokazu slajdów</target>
   </keywords>
   <keywords>
      <text FeatureID="-1">ustawienia tapety</text>
      <target FeatureID="-1" href="SKINS_HLP_WP_SETTINGS.html">Ustawienia tapety</target>
   </keywords>
   <keywords>
      <text FeatureID="-1">zdjęcie w tle</text>
      <target FeatureID="-1" href="SKINS_HLP_WP_SETTINGS.html">Ustawienia tapety</target>
      <target FeatureID="-1" href="SKINS_HLP_APP_MAIN.html">Dostosowywanie wyświetlacza</target>
   </keywords>
   <keywords>
      <text FeatureID="-1">wygaszacz</text>
      <target FeatureID="-1" href="SKINS_HLP_SCREENS_SETTINGS.html">Ustawienia wygaszacza ekranu</target>
   </keywords>
   <keywords>
      <text FeatureID="true_1503">ustawienia zdjęcia kontaktu</text>
      <target FeatureID="true_1503" href="SKINS_HLP_CIMAGE_SETTINGS.html">Wybieranie zdjęcia kontaktu</target>
   </keywords>
   <keywords>
      <text FeatureID="-1">menu</text>
      <target FeatureID="-1" href="SKINS_HLP_APPSHELL.html">Ustawienia widoku Menu</target>
   </keywords>
</keywords>