<?xml version="1.0" encoding="UTF-8"?>
<keywords>
   <keywords>
      <text FeatureID="true_298">เครื่องตอบรับอัตโนมัติ</text>
      <target FeatureID="true_298" href="SMSVO_HLP_CS_VIDEO_AND_XSP_VOIP.html">ศูนย์ฝากข้อความเสียง วิดีโอ และการโทรอินเทอร์เน็ต</target>
   </keywords>
   <keywords>
      <text FeatureID="true_298">ศูนย์ฝากข้อความเสียงของการโทรอินเทอร์เน็ต</text>
      <target FeatureID="true_298" href="SMSVO_HLP_CS_VIDEO_AND_XSP_VOIP.html">ศูนย์ฝากข้อความเสียง วิดีโอ และการโทรอินเทอร์เน็ต</target>
   </keywords>
   <keywords>
      <text FeatureID="true_298">ศูนย์ฝากข้อความเสียงของการโทร</text>
      <target FeatureID="true_298" href="SMSVO_HLP_CS_VIDEO_AND_XSP_VOIP.html">ศูนย์ฝากข้อความเสียง วิดีโอ และการโทรอินเทอร์เน็ต</target>
   </keywords>
   <keywords>
      <text FeatureID="-1">การโทรอินเทอร์เน็ต</text>
      <target FeatureID="-1" href="VOIP_HLP_CSC.html">การตั้งค่าเน็ต</target>
      <target FeatureID="true_298" href="VOIP_HLP_SERVCATALOG.html">แคตตาล็อกบริการ</target>
      <target FeatureID="-1" href="SERVTAB_HLP_SETTINGS.html">การตั้งค่าแท็บบริการ</target>
   </keywords>
</keywords>