<?xml version="1.0" encoding="UTF-8"?>
<keywords>
   <keywords>
      <text FeatureID="-1">kotak pesan panggilan</text>
      <target FeatureID="-1" href="SMSVO_HLP_MAIN_VIEW.html">Kotak pesan panggilan</target>
      <target FeatureID="true_298" href="SMSVO_HLP_CS_VIDEO_AND_XSP_VOIP.html">Kotak pesan panggilan Internet, video, dan panggilan</target>
   </keywords>
   <keywords>
      <text FeatureID="-1">mesin penjawab</text>
      <target FeatureID="-1" href="SMSVO_HLP_MAIN_VIEW.html">Kotak pesan panggilan</target>
      <target FeatureID="true_89" href="SMSVO_HLP_CS_AND_VIDEO.html">Kotak pesan video dan panggilan</target>
      <target FeatureID="true_298" href="SMSVO_HLP_CS_VIDEO_AND_XSP_VOIP.html">Kotak pesan panggilan Internet, video, dan panggilan</target>
   </keywords>
   <keywords>
      <text FeatureID="true_89">kotak pesan video</text>
      <target FeatureID="true_89" href="SMSVO_HLP_CS_AND_VIDEO.html">Kotak pesan video dan panggilan</target>
   </keywords>
   <keywords>
      <text FeatureID="true_298">kotak pesan panggilan internet</text>
      <target FeatureID="true_298" href="SMSVO_HLP_CS_VIDEO_AND_XSP_VOIP.html">Kotak pesan panggilan Internet, video, dan panggilan</target>
   </keywords>
</keywords>