<?xml version="1.0" encoding="UTF-8"?><?xml-stylesheet  href="../../theme/xsl/index2html.xslt" type="text/xsl"?>
<topics FeatureID="-1" title="Kalender" compressed="true">
   <topicref FeatureID="-1" href="CALE_HLP_NOTE_ANNIVERSARY.html" navtitle="Merkedagsoppføringer"/>
   <topicref FeatureID="-1" href="CALE_HLP_NOTE_VIEWER.html" navtitle="Kalenderoppføringer"/>
   <topicref FeatureID="-1" href="CALE_HLP_SETTINGS.html" navtitle="Kalenderinnstillinger"/>
   <topicref FeatureID="-1" href="CALE_HLP_DAY_VIEW.html" navtitle="Dagsvisning"/>
   <topicref FeatureID="-1" href="CALE_HLP_NOTE_MEETING.html" navtitle="Møteoppføringer"/>
   <topicref FeatureID="-1" href="CALE_HLP_NOTE_DAY.html" navtitle="Memooppføringer"/>
   <topicref FeatureID="-1" href="CALE_HLP_MONTH_VIEW.html" navtitle="Månedsvisning"/>
   <topicref FeatureID="-1" href="CALE_HLP_TODO_NOTE.html" navtitle="Gjøremålsoppføringer"/>
   <topicref FeatureID="-1" href="CALE_HLP_TODO_VIEW.html" navtitle="Gjøremålsvisning"/>
   <topicref FeatureID="-1" href="CALE_HLP_WEEK_VIEW.html" navtitle="Ukesvisning"/>
</topics>