<?xml version="1.0" encoding="UTF-8"?>
<keywords>
   <keywords>
      <text FeatureID="-1">kalender</text>
      <target FeatureID="-1" href="CALE_HLP_NOTE_ANNIVERSARY.html">Merkedagsoppføringer</target>
      <target FeatureID="-1" href="CALE_HLP_NOTE_VIEWER.html">Kalenderoppføringer</target>
      <target FeatureID="-1" href="CALE_HLP_DAY_VIEW.html">Dagsvisning</target>
      <target FeatureID="-1" href="CALE_HLP_NOTE_MEETING.html">Møteoppføringer</target>
      <target FeatureID="-1" href="CALE_HLP_NOTE_DAY.html">Memooppføringer</target>
      <target FeatureID="-1" href="CALE_HLP_MONTH_VIEW.html">Månedsvisning</target>
      <target FeatureID="-1" href="CALE_HLP_TODO_NOTE.html">Gjøremålsoppføringer</target>
      <target FeatureID="-1" href="CALE_HLP_TODO_VIEW.html">Gjøremålsvisning</target>
      <target FeatureID="-1" href="CALE_HLP_WEEK_VIEW.html">Ukesvisning</target>
   </keywords>
   <keywords>
      <text FeatureID="-1">merkedagsnotater</text>
      <target FeatureID="-1" href="CALE_HLP_NOTE_ANNIVERSARY.html">Merkedagsoppføringer</target>
      <target FeatureID="-1" href="CALE_HLP_NOTE_VIEWER.html">Kalenderoppføringer</target>
   </keywords>
   <keywords>
      <text FeatureID="-1">møter</text>
      <target FeatureID="-1" href="CALE_HLP_NOTE_VIEWER.html">Kalenderoppføringer</target>
      <target FeatureID="-1" href="CALE_HLP_NOTE_MEETING.html">Møteoppføringer</target>
   </keywords>
   <keywords>
      <text FeatureID="-1">memoer</text>
      <target FeatureID="-1" href="CALE_HLP_NOTE_VIEWER.html">Kalenderoppføringer</target>
      <target FeatureID="-1" href="CALE_HLP_NOTE_DAY.html">Memooppføringer</target>
   </keywords>
   <keywords>
      <text FeatureID="-1">gjøremålsnotater</text>
      <target FeatureID="-1" href="CALE_HLP_NOTE_VIEWER.html">Kalenderoppføringer</target>
      <target FeatureID="-1" href="CALE_HLP_TODO_NOTE.html">Gjøremålsoppføringer</target>
   </keywords>
   <keywords>
      <text FeatureID="-1">kalenderinnstillinger</text>
      <target FeatureID="-1" href="CALE_HLP_SETTINGS.html">Kalenderinnstillinger</target>
   </keywords>
   <keywords>
      <text FeatureID="-1">Huskeliste</text>
      <target FeatureID="-1" href="CALE_HLP_TODO_VIEW.html">Gjøremålsvisning</target>
   </keywords>
</keywords>