<?xml version="1.0" encoding="UTF-8"?>
<keywords>
   <keywords>
      <text FeatureID="-1">kalender</text>
      <target FeatureID="-1" href="CALE_HLP_NOTE_VIEWER.html">Kalenderoppføringer</target>
      <target FeatureID="-1" href="CALE_HLP_DAY_VIEW.html">Dagsvisning</target>
      <target FeatureID="-1" href="CALE_HLP_NOTE_MEETING.html">Møteoppføringer</target>
      <target FeatureID="-1" href="CALE_HLP_MONTH_VIEW.html">Månedsvisning</target>
      <target FeatureID="-1" href="CALE_HLP_TODO_NOTE.html">Gjøremålsoppføringer</target>
      <target FeatureID="-1" href="CALE_HLP_TODO_VIEW.html">Gjøremålsvisning</target>
      <target FeatureID="-1" href="CALE_HLP_WEEK_VIEW.html">Ukesvisning</target>
      <target FeatureID="-1" href="CALE_HLP_CALENDAR_DATABASE_SETTINGS.html">Flere kalenderinnstillinger</target>
      <target FeatureID="-1" href="CALE_HLP_CALE_MAN_VIEW.html">Administrasjonsvisning for kalendere</target>
      <target FeatureID="-1" href="CALE_HLP_ATTACH_VIEW.html">Vedleggsvisning</target>
      <target FeatureID="-1" href="CALE_HLP_MAV.html">Visning for tapte alarmer</target>
   </keywords>
   <keywords>
      <text FeatureID="-1">møter</text>
      <target FeatureID="-1" href="CALE_HLP_NOTE_VIEWER.html">Kalenderoppføringer</target>
      <target FeatureID="-1" href="CALE_HLP_NOTE_MEETING.html">Møteoppføringer</target>
   </keywords>
   <keywords>
      <text FeatureID="-1">gjøremålsnotater</text>
      <target FeatureID="-1" href="CALE_HLP_NOTE_VIEWER.html">Kalenderoppføringer</target>
      <target FeatureID="-1" href="CALE_HLP_TODO_NOTE.html">Gjøremålsoppføringer</target>
   </keywords>
   <keywords>
      <text FeatureID="-1">kalenderinnstillinger</text>
      <target FeatureID="-1" href="CALE_HLP_SETTINGS.html">Kalenderinnstillinger</target>
   </keywords>
   <keywords>
      <text FeatureID="-1">Huskeliste</text>
      <target FeatureID="-1" href="CALE_HLP_TODO_VIEW.html">Gjøremålsvisning</target>
   </keywords>
   <keywords>
      <text FeatureID="-1">innstillinger, kalender</text>
      <target FeatureID="-1" href="CALE_HLP_CALENDAR_DATABASE_SETTINGS.html">Flere kalenderinnstillinger</target>
   </keywords>
   <keywords>
      <text FeatureID="-1">vedlegg</text>
      <target FeatureID="-1" href="CALE_HLP_ATTACH_VIEW.html">Vedleggsvisning</target>
   </keywords>
   <keywords>
      <text FeatureID="-1">alarmer, kalendernotat</text>
      <target FeatureID="-1" href="CALE_HLP_MAV.html">Visning for tapte alarmer</target>
   </keywords>
</keywords>