<?xml version="1.0" encoding="UTF-8"?>
<keywords>
   <keywords>
      <text FeatureID="-1">редактиране на предварително зададени настройки за честоти</text>
      <target FeatureID="-1" href="EQ_HLP_EDITING_VIEW.html">Редакт. зад. настр. чест.</target>
   </keywords>
   <keywords>
      <text FeatureID="-1">еквалайзер</text>
      <target FeatureID="-1" href="EQ_HLP_LIST_VIEW.html">Предв. зад. настройки за честоти</target>
   </keywords>
   <keywords>
      <text FeatureID="-1">честотни диапазони</text>
      <target FeatureID="-1" href="EQ_HLP_LIST_VIEW.html">Предв. зад. настройки за честоти</target>
   </keywords>
   <keywords>
      <text FeatureID="-1">избор на предварително зададени настройки на честотите</text>
      <target FeatureID="-1" href="EQ_HLP_LIST_VIEW.html">Предв. зад. настройки за честоти</target>
   </keywords>
</keywords>