<?xml version="1.0" encoding="UTF-8"?>
<keywords>
   <keywords>
      <text FeatureID="-1">ajustes de correo</text>
      <target FeatureID="-1" href="MBXS_HLP_SETT_DOWNL_CTRL.html">Ajustes de recuperación de correos</target>
      <target FeatureID="-1" href="MBXS_HLP_SETT_DOWNL_RETR.html">Cantidad de recuperación de correo</target>
      <target FeatureID="-1" href="MBXS_HLP_SETT_MBX_IN.html">Ajustes de correo entrante</target>
      <target FeatureID="-1" href="MBXS_HLP_SETT_MBX_IN_OUT.html">Ajustes de conexión</target>
      <target FeatureID="-1" href="MBXS_HLP_SETT_MBX_OUT.html">Ajustes de correo saliente</target>
      <target FeatureID="-1" href="MCE_HLP_SETTINGS_EMAIL.html">Ajustes de correo</target>
      <target FeatureID="-1" href="MCE_HLP_SETT_EMAILMAIN.html">Editar buzones de correo</target>
      <target FeatureID="-1" href="MCE_HLP_SETT_MAILBLIST.html">Buzones de correo</target>
      <target FeatureID="-1" href="MCE_HLP_SETT_MAILFOLDER_UPD.html">Carpetas de buzón de correo</target>
      <target FeatureID="true_1633" href="MCE_HLP_SETT_MAIL_ONLI.html">Recuperación automática</target>
   </keywords>
   <keywords>
      <text FeatureID="-1">ajustes de buzón de correo</text>
      <target FeatureID="-1" href="MCE_HLP_SETT_EMAILMAIN.html">Editar buzones de correo</target>
   </keywords>
   <keywords>
      <text FeatureID="-1">buzón de correo</text>
      <target FeatureID="-1" href="MCE_HLP_SETT_MAILBLIST.html">Buzones de correo</target>
      <target FeatureID="-1" href="MCE_HLP_MAILBOX_ONLINE.html">Correo en línea</target>
   </keywords>
   <keywords>
      <text FeatureID="-1">carpetas de buzón de correo</text>
      <target FeatureID="-1" href="MCE_HLP_SETT_MAILFOLDER_UPD.html">Carpetas de buzón de correo</target>
   </keywords>
   <keywords>
      <text FeatureID="-1">ajustes del usuario</text>
      <target FeatureID="-1" href="MCE_HLP_SETT_MAIL_USER.html">Ajustes del usuario</target>
   </keywords>
   <keywords>
      <text FeatureID="true_44">ajustes de sincronización de buzón de correo</text>
      <target FeatureID="true_44" href="MCE_HLP_SETT_SMAILBOX.html">Ajustes de sincronización de buzón de correo</target>
   </keywords>
   <keywords>
      <text FeatureID="true_44">ajustes de sincronización de correo</text>
      <target FeatureID="true_44" href="MCE_HLP_SETT_SMAILBOX.html">Ajustes de sincronización de buzón de correo</target>
   </keywords>
   <keywords>
      <text FeatureID="-1">fuera de línea, correo</text>
      <target FeatureID="-1" href="MCE_HLP_MAILBOX_OFFLINE.html">Correo fuera de línea</target>
   </keywords>
   <keywords>
      <text FeatureID="-1">conexión al buzón</text>
      <target FeatureID="-1" href="MCE_HLP_MAILBOX_ONLINE.html">Correo en línea</target>
   </keywords>
   <keywords>
      <text FeatureID="-1">correo en línea</text>
      <target FeatureID="-1" href="MCE_HLP_MAILBOX_ONLINE.html">Correo en línea</target>
   </keywords>
   <keywords>
      <text FeatureID="-1">en línea, correo</text>
      <target FeatureID="-1" href="MCE_HLP_MAILBOX_ONLINE.html">Correo en línea</target>
   </keywords>
</keywords>