<?xml version="1.0" encoding="UTF-8"?><?xml-stylesheet  href="../../theme/xsl/index2html.xslt" type="text/xsl"?>
<topics FeatureID="-1" title="Messagerie" compressed="true">
   <topicref FeatureID="-1" href="MCE_HLP_MESSAGING.html" navtitle="Centre de messagerie"/>
   <topicref FeatureID="-1" href="MCE_HLP_SIM.html" navtitle="Afficher des messages SIM"/>
   <topicref FeatureID="-1" href="MCE_HLP_SETTINGS.html" navtitle="Paramètres de messagerie"/>
   <topicref FeatureID="-1" href="MCE_HLP_SETTINGS_SMS.html" navtitle="Paramètres des SMS"/>
   <topicref FeatureID="-1" href="SMS_HLP_SETTINGS_SCENTRES.html" navtitle="Paramètres des centres de messagerie SMS"/>
   <topicref FeatureID="-1" href="SMS_HLP_SETTINGS_SCENTRES_EDIT.html" navtitle="Modifier les centres de messagerie SMS"/>
   <topicref FeatureID="true_1092" href="SMS_HLP_SETTINGS_SMS_EMAIL.html" navtitle="Paramètres des e‑mails envoyés par SMS"/>
   <topicref FeatureID="-1" href="MCE_HLP_SETTINGS_MMS.html" navtitle="Paramètres des MMS"/>
   <topicref FeatureID="true_1090" href="MCE_HLP_SETTINGS_CB.html" navtitle="Paramètres de diffusion sur cellules"/>
   <topicref FeatureID="-1" href="MCE_HLP_SETTINGS_GEN.html" navtitle="Autres paramètres"/>
   <topicref FeatureID="-1" href="MCE_HLP_INBOX.html" navtitle="Messages reçus"/>
   <topicref FeatureID="-1" href="MCE_HLP_DOCUMENTS.html" navtitle="Mes dossiers"/>
   <topicref FeatureID="-1" href="MCE_HLP_TEMPLATES.html" navtitle="Modèles de message"/>
   <topicref FeatureID="-1" href="MCE_HLP_FOLDER.html" navtitle="Organiser les messages"/>
   <topicref FeatureID="-1" href="MCE_HLP_DRAFTS.html" navtitle="Brouillons"/>
   <topicref FeatureID="-1" href="MCE_HLP_SENT_ITEMS.html" navtitle="Messages envoyés"/>
   <topicref FeatureID="-1" href="MCE_HLP_OUTBOX.html" navtitle="À envoyer"/>
   <topicref FeatureID="-1" href="MCE_HLP_DELIVERY_REPORTS.html" navtitle="Accusés de réception"/>
   <topicref FeatureID="true_1132" href="MCE_HLP_MMS_NOTIFICATIONS.html" navtitle="Notifications de MMS"/>
</topics>