<?xml version="1.0" encoding="UTF-8"?>
<keywords>
   <keywords>
      <text FeatureID="-1">envoyer des messages</text>
      <target FeatureID="-1" href="MCE_HLP_MESSAGING.html">Centre de messagerie</target>
      <target FeatureID="-1" href="MCE_HLP_OUTBOX.html">À envoyer</target>
   </keywords>
   <keywords>
      <text FeatureID="-1">recevoir des messages</text>
      <target FeatureID="-1" href="MCE_HLP_MESSAGING.html">Centre de messagerie</target>
      <target FeatureID="-1" href="MCE_HLP_INBOX.html">Messages reçus</target>
   </keywords>
   <keywords>
      <text FeatureID="-1">messages SIM</text>
      <target FeatureID="-1" href="MCE_HLP_SIM.html">Afficher des messages SIM</target>
   </keywords>
   <keywords>
      <text FeatureID="-1">messages de la carte SIM</text>
      <target FeatureID="-1" href="MCE_HLP_SIM.html">Afficher des messages SIM</target>
   </keywords>
   <keywords>
      <text FeatureID="-1">paramètres de messagerie</text>
      <target FeatureID="-1" href="MCE_HLP_SETTINGS.html">Paramètres de messagerie</target>
      <target FeatureID="-1" href="MCE_HLP_SETTINGS_GEN.html">Autres paramètres</target>
   </keywords>
   <keywords>
      <text FeatureID="-1">paramètres des SMS</text>
      <target FeatureID="-1" href="MCE_HLP_SETTINGS_SMS.html">Paramètres des SMS</target>
      <target FeatureID="-1" href="MCE_HLP_SETTINGS_SMS.html">Paramètres des SMS</target>
      <target FeatureID="-1" href="SMS_HLP_SETTINGS_SCENTRES.html">Paramètres des centres de messagerie SMS</target>
      <target FeatureID="-1" href="SMS_HLP_SETTINGS_SCENTRES_EDIT.html">Modifier les centres de messagerie SMS</target>
   </keywords>
   <keywords>
      <text FeatureID="-1">paramètres des centres de messagerie</text>
      <target FeatureID="-1" href="SMS_HLP_SETTINGS_SCENTRES.html">Paramètres des centres de messagerie SMS</target>
      <target FeatureID="-1" href="SMS_HLP_SETTINGS_SCENTRES_EDIT.html">Modifier les centres de messagerie SMS</target>
   </keywords>
   <keywords>
      <text FeatureID="-1">paramètres des centres SMS</text>
      <target FeatureID="-1" href="SMS_HLP_SETTINGS_SCENTRES.html">Paramètres des centres de messagerie SMS</target>
   </keywords>
   <keywords>
      <text FeatureID="true_1092">e‑mails envoyés par SMS</text>
      <target FeatureID="true_1092" href="SMS_HLP_SETTINGS_SMS_EMAIL.html">Paramètres des e‑mails envoyés par SMS</target>
   </keywords>
   <keywords>
      <text FeatureID="true_1092">paramètres des e‑mails envoyés par SMS</text>
      <target FeatureID="true_1092" href="SMS_HLP_SETTINGS_SMS_EMAIL.html">Paramètres des e‑mails envoyés par SMS</target>
   </keywords>
   <keywords>
      <text FeatureID="-1">paramètres des MMS</text>
      <target FeatureID="-1" href="MCE_HLP_SETTINGS_MMS.html">Paramètres des MMS</target>
   </keywords>
   <keywords>
      <text FeatureID="true_1090">paramètres de diffusion sur cellules</text>
      <target FeatureID="true_1090" href="MCE_HLP_SETTINGS_CB.html">Paramètres de diffusion sur cellules</target>
   </keywords>
   <keywords>
      <text FeatureID="-1">messages reçus</text>
      <target FeatureID="-1" href="MCE_HLP_INBOX.html">Messages reçus</target>
   </keywords>
   <keywords>
      <text FeatureID="-1">mes dossiers</text>
      <target FeatureID="-1" href="MCE_HLP_DOCUMENTS.html">Mes dossiers</target>
   </keywords>
   <keywords>
      <text FeatureID="-1">stocker des messages</text>
      <target FeatureID="-1" href="MCE_HLP_DOCUMENTS.html">Mes dossiers</target>
   </keywords>
   <keywords>
      <text FeatureID="-1">envoyer des modèles</text>
      <target FeatureID="-1" href="MCE_HLP_TEMPLATES.html">Modèles de message</target>
   </keywords>
   <keywords>
      <text FeatureID="-1">modèles de message</text>
      <target FeatureID="-1" href="MCE_HLP_TEMPLATES.html">Modèles de message</target>
   </keywords>
   <keywords>
      <text FeatureID="-1">organiser les messages</text>
      <target FeatureID="-1" href="MCE_HLP_FOLDER.html">Organiser les messages</target>
   </keywords>
   <keywords>
      <text FeatureID="-1">enregistrer des messages provisoires</text>
      <target FeatureID="-1" href="MCE_HLP_DRAFTS.html">Brouillons</target>
   </keywords>
   <keywords>
      <text FeatureID="-1">brouillons</text>
      <target FeatureID="-1" href="MCE_HLP_DRAFTS.html">Brouillons</target>
   </keywords>
   <keywords>
      <text FeatureID="-1">messages envoyés</text>
      <target FeatureID="-1" href="MCE_HLP_SENT_ITEMS.html">Messages envoyés</target>
   </keywords>
   <keywords>
      <text FeatureID="-1">afficher à envoyer</text>
      <target FeatureID="-1" href="MCE_HLP_OUTBOX.html">À envoyer</target>
   </keywords>
   <keywords>
      <text FeatureID="-1">accusés de réception</text>
      <target FeatureID="-1" href="MCE_HLP_DELIVERY_REPORTS.html">Accusés de réception</target>
   </keywords>
   <keywords>
      <text FeatureID="true_1132">notifications de MMS</text>
      <target FeatureID="true_1132" href="MCE_HLP_MMS_NOTIFICATIONS.html">Notifications de MMS</target>
   </keywords>
</keywords>