<?xml version="1.0" encoding="UTF-8"?>
<keywords>
   <keywords>
      <text FeatureID="-1">dosya yöneticisi</text>
      <target FeatureID="-1" href="FMGR_HLP_MEM_STORE_VIEW.html">Dosyaları yönetme</target>
      <target FeatureID="-1" href="FMGR_HLP_MAIN_VIEW.html">Dosya yöneticisi</target>
      <target FeatureID="-1" href="FMGR_HLP_BACKUP_VIEW.html">Dosya yedekleme</target>
   </keywords>
   <keywords>
      <text FeatureID="-1">hafıza kartı</text>
      <target FeatureID="-1" href="FMGR_HLP_MEM_STORE_VIEW.html">Dosyaları yönetme</target>
      <target FeatureID="-1" href="FMGR_HLP_MAIN_VIEW.html">Dosya yöneticisi</target>
      <target FeatureID="-1" href="FMGR_HLP_BACKUP_VIEW.html">Dosya yedekleme</target>
   </keywords>
   <keywords>
      <text FeatureID="-1">Dosya yöneticisi</text>
      <target FeatureID="-1" href="FMGR_HLP_SEARCH_RESULTS.html">Dosya bulma</target>
   </keywords>
   <keywords>
      <text FeatureID="-1">dosya arama</text>
      <target FeatureID="-1" href="FMGR_HLP_SEARCH_RESULTS.html">Dosya bulma</target>
   </keywords>
   <keywords>
      <text FeatureID="-1">klasörleri arama</text>
      <target FeatureID="-1" href="FMGR_HLP_SEARCH_RESULTS.html">Dosya bulma</target>
   </keywords>
   <keywords>
      <text FeatureID="-1">yedekleme</text>
      <target FeatureID="-1" href="FMGR_HLP_BACKUP_VIEW.html">Dosya yedekleme</target>
   </keywords>
</keywords>