<?xml version="1.0" encoding="UTF-8"?><?xml-stylesheet  href="../../theme/xsl/index2html.xslt" type="text/xsl"?>
<topics FeatureID="-1" title="Chat" compressed="true">
   <topicref FeatureID="-1" href="IMNG_HLP_SEARCHCHAT.html" navtitle="Căutare utilizatori chat"/>
   <topicref FeatureID="-1" href="IMNG_HLP_SAVED_VIEW.html" navtitle="Vizualizare conversaţii memorate"/>
   <topicref FeatureID="-1" href="IMNG_HLP_SAVED_LIST.html" navtitle="Conversaţii memorate"/>
   <topicref FeatureID="-1" href="IMNG_HLP_IMCHAT.html" navtitle="Conversaţii în grup"/>
   <topicref FeatureID="-1" href="IMNG_HLP_GROUP_EDIT.html" navtitle="Drepturi editare grup"/>
   <topicref FeatureID="-1" href="IMNG_HLP_GROUP_BAN.html" navtitle="Interzic. acces utiliz. chat în gr."/>
   <topicref FeatureID="-1" href="IMNG_HLP_CONT_OWN_DATA.html" navtitle="Datele mele"/>
   <topicref FeatureID="-1" href="IMNG_HLP_COMMUNITY_VIEW_EMPTY.html" navtitle="Începeţi să folosiţi chat-ul"/>
   <topicref FeatureID="-1" href="IMNG_HLP_COMMUNITY_VIEW.html" navtitle="Chat"/>
   <topicref FeatureID="-1" href="IMNG_HLP_BLOCKED_VIEW.html" navtitle="Contacte blocate"/>
   <topicref FeatureID="-1" href="IMNG_HLP_SETTINGS.html" navtitle="Setări chat"/>
   <topicref FeatureID="-1" href="IMNG_HLP_SERVLISTSETT_IM.html" navtitle="Servere chat"/>
   <topicref FeatureID="-1" href="IMNG_HLP_DEFSERVER.html" navtitle="Setările de server IM"/>
   <topicref FeatureID="-1" href="IMNG_HLP_INVITE.html" navtitle="Invitaţii chat"/>
   <topicref FeatureID="-1" href="IMNG_HLP_CREATECHAT.html" navtitle="Setări grup chat"/>
   <topicref FeatureID="-1" href="IMNG_HLP_ACCLIST.html" navtitle="Membri grup chat"/>
   <topicref FeatureID="-1" href="IMNG_HLP_CONVERSATIONS.html" navtitle="Conversaţii chat"/>
   <topicref FeatureID="-1" href="IMNG_HLP_CONTACTDETAILS.html" navtitle="Detalii contact chat"/>
   <topicref FeatureID="-1" href="IMNG_HLP_APPSETT.html" navtitle="Setări aplicaţie chat"/>
</topics>