<?xml version="1.0" encoding="UTF-8"?>
<keywords>
   <keywords>
      <text FeatureID="-1">căutare utilizatori chat</text>
      <target FeatureID="-1" href="IMNG_HLP_SEARCHCHAT.html">Căutare utilizatori chat</target>
   </keywords>
   <keywords>
      <text FeatureID="-1">chat</text>
      <target FeatureID="-1" href="IMNG_HLP_SEARCHCHAT.html">Căutare utilizatori chat</target>
      <target FeatureID="-1" href="IMNG_HLP_SAVED_VIEW.html">Vizualizare conversaţii memorate</target>
      <target FeatureID="-1" href="IMNG_HLP_SAVED_LIST.html">Conversaţii memorate</target>
      <target FeatureID="-1" href="IMNG_HLP_GROUP_EDIT.html">Drepturi editare grup</target>
      <target FeatureID="-1" href="IMNG_HLP_GROUP_BAN.html">Interzic. acces utiliz. chat în gr.</target>
      <target FeatureID="-1" href="IMNG_HLP_CONT_OWN_DATA.html">Datele mele</target>
      <target FeatureID="-1" href="IMNG_HLP_COMMUNITY_VIEW_EMPTY.html">Începeţi să folosiţi chat-ul</target>
      <target FeatureID="-1" href="IMNG_HLP_COMMUNITY_VIEW_EMPTY.html">Începeţi să folosiţi chat-ul</target>
      <target FeatureID="-1" href="IMNG_HLP_COMMUNITY_VIEW.html">Chat</target>
      <target FeatureID="-1" href="IMNG_HLP_COMMUNITY_VIEW.html">Chat</target>
      <target FeatureID="-1" href="IMNG_HLP_CREATECHAT.html">Setări grup chat</target>
      <target FeatureID="-1" href="IMNG_HLP_ACCLIST.html">Membri grup chat</target>
      <target FeatureID="-1" href="IMNG_HLP_CONVERSATIONS.html">Conversaţii chat</target>
      <target FeatureID="-1" href="IMNG_HLP_CONVERSATIONS.html">Conversaţii chat</target>
      <target FeatureID="-1" href="IMNG_HLP_APPSETT.html">Setări aplicaţie chat</target>
   </keywords>
   <keywords>
      <text FeatureID="-1">căutare grupuri chat</text>
      <target FeatureID="-1" href="IMNG_HLP_SEARCHCHAT.html">Căutare utilizatori chat</target>
   </keywords>
   <keywords>
      <text FeatureID="-1">conversaţii memorate</text>
      <target FeatureID="-1" href="IMNG_HLP_SAVED_LIST.html">Conversaţii memorate</target>
   </keywords>
   <keywords>
      <text FeatureID="-1">IM (mesaje chat)</text>
      <target FeatureID="-1" href="IMNG_HLP_IMCHAT.html">Conversaţii în grup</target>
   </keywords>
   <keywords>
      <text FeatureID="-1">alăturare grupuri chat</text>
      <target FeatureID="-1" href="IMNG_HLP_IMCHAT.html">Conversaţii în grup</target>
   </keywords>
   <keywords>
      <text FeatureID="-1">drepturi editare</text>
      <target FeatureID="-1" href="IMNG_HLP_GROUP_EDIT.html">Drepturi editare grup</target>
   </keywords>
   <keywords>
      <text FeatureID="-1">listă blocare</text>
      <target FeatureID="-1" href="IMNG_HLP_GROUP_BAN.html">Interzic. acces utiliz. chat în gr.</target>
   </keywords>
   <keywords>
      <text FeatureID="-1">membri grup chat</text>
      <target FeatureID="-1" href="IMNG_HLP_GROUP_BAN.html">Interzic. acces utiliz. chat în gr.</target>
      <target FeatureID="-1" href="IMNG_HLP_ACCLIST.html">Membri grup chat</target>
   </keywords>
   <keywords>
      <text FeatureID="-1">contacte chat</text>
      <target FeatureID="-1" href="IMNG_HLP_CONT_OWN_DATA.html">Datele mele</target>
      <target FeatureID="-1" href="IMNG_HLP_BLOCKED_VIEW.html">Contacte blocate</target>
      <target FeatureID="-1" href="IMNG_HLP_CONTACTDETAILS.html">Detalii contact chat</target>
   </keywords>
   <keywords>
      <text FeatureID="-1">contacte chat blocate</text>
      <target FeatureID="-1" href="IMNG_HLP_BLOCKED_VIEW.html">Contacte blocate</target>
   </keywords>
   <keywords>
      <text FeatureID="-1">setări chat</text>
      <target FeatureID="-1" href="IMNG_HLP_SETTINGS.html">Setări chat</target>
      <target FeatureID="-1" href="IMNG_HLP_APPSETT.html">Setări aplicaţie chat</target>
   </keywords>
   <keywords>
      <text FeatureID="-1">servere chat</text>
      <target FeatureID="-1" href="IMNG_HLP_SERVLISTSETT_IM.html">Servere chat</target>
   </keywords>
   <keywords>
      <text FeatureID="-1">Setările de server IM</text>
      <target FeatureID="-1" href="IMNG_HLP_DEFSERVER.html">Setările de server IM</target>
   </keywords>
   <keywords>
      <text FeatureID="-1">setări server</text>
      <target FeatureID="-1" href="IMNG_HLP_DEFSERVER.html">Setările de server IM</target>
   </keywords>
   <keywords>
      <text FeatureID="-1">invitaţii</text>
      <target FeatureID="-1" href="IMNG_HLP_INVITE.html">Invitaţii chat</target>
   </keywords>
   <keywords>
      <text FeatureID="-1">setări grup chat</text>
      <target FeatureID="-1" href="IMNG_HLP_CREATECHAT.html">Setări grup chat</target>
   </keywords>
   <keywords>
      <text FeatureID="-1">conversaţii</text>
      <target FeatureID="-1" href="IMNG_HLP_CONVERSATIONS.html">Conversaţii chat</target>
   </keywords>
   <keywords>
      <text FeatureID="-1">Chat</text>
      <target FeatureID="-1" href="IMNG_HLP_CONTACTDETAILS.html">Detalii contact chat</target>
   </keywords>
</keywords>