<?xml version="1.0" encoding="UTF-8"?><?xml-stylesheet  href="../../theme/xsl/index2html.xslt" type="text/xsl"?>
<topics FeatureID="-1" title="ภาพถ่าย" compressed="true">
   <topicref FeatureID="-1" href="LGAL_HLP_ALBUM_LIST.html" navtitle="อัลบั้ม"/>
   <topicref FeatureID="-1" href="LGAL_HLP_ALL_GRID.html" navtitle="การเรียกดูไฟล์สื่อทั้งหมด"/>
   <topicref FeatureID="-1" href="LGAL_HLP_ALBUM_GRID.html" navtitle="การเรียกดูไฟล์สื่อในอัลบั้ม"/>
   <topicref FeatureID="-1" href="LGAL_HLP_TAGS_GRID.html" navtitle="การเรียกดูไฟล์สื่อที่มีแท็ก"/>
   <topicref FeatureID="-1" href="LGAL_HLP_DETAILS_VIEW.html" navtitle="ดูและแก้ไขรายละเอียดของไฟล์"/>
   <topicref FeatureID="-1" href="LGAL_HLP_TAGS_BROWSER.html" navtitle="แท็ก"/>
   <topicref FeatureID="-1" href="LGAL_HLP_MONTH_FULLSCREEN.html" navtitle="การดูไฟล์สื่อตามเดือน"/>
   <topicref FeatureID="-1" href="LGAL_HLP_MONTH_GRID.html" navtitle="การเรียกดูไฟล์สื่อตามเดือน"/>
   <topicref FeatureID="-1" href="LGAL_HLP_VIEW_LIST.html" navtitle="ภาพถ่าย"/>
   <topicref FeatureID="-1" href="LGAL_HLP_MONTH_LIST.html" navtitle="เดือน"/>
   <topicref FeatureID="-1" href="LGAL_HLP_SLIDESHOW_SETTINGS.html" navtitle="การตั้งค่าสไลด์โชว์"/>
   <topicref FeatureID="-1" href="LGAL_HLP_ALL_FULLSCREEN.html" navtitle="การดูไฟล์สื่อทั้งหมด"/>
   <topicref FeatureID="-1" href="LGAL_HLP_ALBUM_FULLSCREEN.html" navtitle="การดูไฟล์สื่อในอัลบั้ม"/>
   <topicref FeatureID="-1" href="LGAL_HLP_TAGS_FULLSCREEN.html" navtitle="การดูไฟล์สื่อที่มีแท็ก"/>
</topics>