<?xml version="1.0" encoding="UTF-8"?>
<keywords>
   <keywords>
      <text FeatureID="-1">ภาพถ่าย</text>
      <target FeatureID="-1" href="LGAL_HLP_ALBUM_LIST.html">อัลบั้ม</target>
      <target FeatureID="-1" href="LGAL_HLP_ALL_GRID.html">การเรียกดูไฟล์สื่อทั้งหมด</target>
      <target FeatureID="-1" href="LGAL_HLP_ALBUM_GRID.html">การเรียกดูไฟล์สื่อในอัลบั้ม</target>
      <target FeatureID="-1" href="LGAL_HLP_TAGS_GRID.html">การเรียกดูไฟล์สื่อที่มีแท็ก</target>
      <target FeatureID="-1" href="LGAL_HLP_DETAILS_VIEW.html">ดูและแก้ไขรายละเอียดของไฟล์</target>
      <target FeatureID="-1" href="LGAL_HLP_TAGS_BROWSER.html">แท็ก</target>
      <target FeatureID="-1" href="LGAL_HLP_MONTH_FULLSCREEN.html">การดูไฟล์สื่อตามเดือน</target>
      <target FeatureID="-1" href="LGAL_HLP_MONTH_GRID.html">การเรียกดูไฟล์สื่อตามเดือน</target>
      <target FeatureID="-1" href="LGAL_HLP_VIEW_LIST.html">ภาพถ่าย</target>
      <target FeatureID="-1" href="LGAL_HLP_MONTH_LIST.html">เดือน</target>
      <target FeatureID="-1" href="LGAL_HLP_SLIDESHOW_SETTINGS.html">การตั้งค่าสไลด์โชว์</target>
      <target FeatureID="-1" href="LGAL_HLP_ALL_FULLSCREEN.html">การดูไฟล์สื่อทั้งหมด</target>
      <target FeatureID="-1" href="LGAL_HLP_ALBUM_FULLSCREEN.html">การดูไฟล์สื่อในอัลบั้ม</target>
      <target FeatureID="-1" href="LGAL_HLP_TAGS_FULLSCREEN.html">การดูไฟล์สื่อที่มีแท็ก</target>
   </keywords>
   <keywords>
      <text FeatureID="-1">อัลบั้ม</text>
      <target FeatureID="-1" href="LGAL_HLP_ALBUM_LIST.html">อัลบั้ม</target>
      <target FeatureID="-1" href="LGAL_HLP_ALBUM_GRID.html">การเรียกดูไฟล์สื่อในอัลบั้ม</target>
      <target FeatureID="-1" href="LGAL_HLP_VIEW_LIST.html">ภาพถ่าย</target>
      <target FeatureID="-1" href="LGAL_HLP_ALBUM_FULLSCREEN.html">การดูไฟล์สื่อในอัลบั้ม</target>
   </keywords>
   <keywords>
      <text FeatureID="-1">แท็ก</text>
      <target FeatureID="-1" href="LGAL_HLP_TAGS_GRID.html">การเรียกดูไฟล์สื่อที่มีแท็ก</target>
      <target FeatureID="-1" href="LGAL_HLP_TAGS_BROWSER.html">แท็ก</target>
      <target FeatureID="-1" href="LGAL_HLP_VIEW_LIST.html">ภาพถ่าย</target>
      <target FeatureID="-1" href="LGAL_HLP_TAGS_FULLSCREEN.html">การดูไฟล์สื่อที่มีแท็ก</target>
   </keywords>
   <keywords>
      <text FeatureID="-1">สไลด์โชว์</text>
      <target FeatureID="-1" href="LGAL_HLP_SLIDESHOW_SETTINGS.html">การตั้งค่าสไลด์โชว์</target>
   </keywords>
</keywords>