<?xml version="1.0" encoding="UTF-8"?>
<keywords>
   <keywords>
      <text FeatureID="-1">hljómstillingum breytt</text>
      <target FeatureID="-1" href="EQ_HLP_EDITING_VIEW.html">Hljómstillingum breytt</target>
   </keywords>
   <keywords>
      <text FeatureID="-1">tónjafnari</text>
      <target FeatureID="-1" href="EQ_HLP_LIST_VIEW.html">Hljómstillingar</target>
   </keywords>
   <keywords>
      <text FeatureID="-1">tíðnisvið</text>
      <target FeatureID="-1" href="EQ_HLP_LIST_VIEW.html">Hljómstillingar</target>
   </keywords>
   <keywords>
      <text FeatureID="-1">velja tíðnistillingar</text>
      <target FeatureID="-1" href="EQ_HLP_LIST_VIEW.html">Hljómstillingar</target>
   </keywords>
</keywords>