<?xml version="1.0" encoding="UTF-8"?><?xml-stylesheet  href="../../theme/xsl/index2html.xslt" type="text/xsl"?>
<topics FeatureID="-1" title="Nhắn tin trò chuyện" compressed="true">
   <topicref FeatureID="-1" href="IMNG_HLP_SEARCHCHAT.html" navtitle="Tìm kiếm người dùng IM"/>
   <topicref FeatureID="-1" href="IMNG_HLP_SAVED_VIEW.html" navtitle="Xem các cuộc trò chuyện đã lưu"/>
   <topicref FeatureID="-1" href="IMNG_HLP_SAVED_LIST.html" navtitle="Các cuộc trò chuyện đã lưu"/>
   <topicref FeatureID="-1" href="IMNG_HLP_IMCHAT.html" navtitle="Trò chuyện nhóm"/>
   <topicref FeatureID="-1" href="IMNG_HLP_GROUP_EDIT.html" navtitle="Quyền chỉnh sửa nhóm"/>
   <topicref FeatureID="-1" href="IMNG_HLP_GROUP_BAN.html" navtitle="Cấm người dùng IM không cho tham gia vào nhóm"/>
   <topicref FeatureID="-1" href="IMNG_HLP_CONT_OWN_DATA.html" navtitle="Dữ liệu riêng"/>
   <topicref FeatureID="-1" href="IMNG_HLP_COMMUNITY_VIEW_EMPTY.html" navtitle="Bắt đầu sử dụng IM"/>
   <topicref FeatureID="-1" href="IMNG_HLP_COMMUNITY_VIEW.html" navtitle="Nhắn tin trò chuyện"/>
   <topicref FeatureID="-1" href="IMNG_HLP_BLOCKED_VIEW.html" navtitle="Các số liên lạc bị chặn"/>
   <topicref FeatureID="-1" href="IMNG_HLP_SETTINGS.html" navtitle="Cài đặt IM"/>
   <topicref FeatureID="-1" href="IMNG_HLP_SERVLISTSETT_IM.html" navtitle="Server IM"/>
   <topicref FeatureID="-1" href="IMNG_HLP_DEFSERVER.html" navtitle="Cài đặt server IM"/>
   <topicref FeatureID="-1" href="IMNG_HLP_INVITE.html" navtitle="Lời mời IM"/>
   <topicref FeatureID="-1" href="IMNG_HLP_CREATECHAT.html" navtitle="Cài đặt nhóm IM"/>
   <topicref FeatureID="-1" href="IMNG_HLP_ACCLIST.html" navtitle="Thành viên nhóm IM"/>
   <topicref FeatureID="-1" href="IMNG_HLP_CONVERSATIONS.html" navtitle="Cuộc trò chuyện IM"/>
   <topicref FeatureID="-1" href="IMNG_HLP_CONTACTDETAILS.html" navtitle="Chi tiết số liên lạc IM"/>
   <topicref FeatureID="-1" href="IMNG_HLP_APPSETT.html" navtitle="Cài đặt ứng dụng IM"/>
</topics>