<?xml version="1.0" encoding="UTF-8"?>
<keywords>
   <keywords>
      <text FeatureID="-1">tìm kiếm người sử dụng IM</text>
      <target FeatureID="-1" href="IMNG_HLP_SEARCHCHAT.html">Tìm kiếm người dùng IM</target>
   </keywords>
   <keywords>
      <text FeatureID="-1">tin nhắn trò chuyện</text>
      <target FeatureID="-1" href="IMNG_HLP_SEARCHCHAT.html">Tìm kiếm người dùng IM</target>
      <target FeatureID="-1" href="IMNG_HLP_SAVED_VIEW.html">Xem các cuộc trò chuyện đã lưu</target>
      <target FeatureID="-1" href="IMNG_HLP_SAVED_LIST.html">Các cuộc trò chuyện đã lưu</target>
      <target FeatureID="-1" href="IMNG_HLP_GROUP_EDIT.html">Quyền chỉnh sửa nhóm</target>
      <target FeatureID="-1" href="IMNG_HLP_GROUP_BAN.html">Cấm người dùng IM không cho tham gia vào nhóm</target>
      <target FeatureID="-1" href="IMNG_HLP_CONT_OWN_DATA.html">Dữ liệu riêng</target>
      <target FeatureID="-1" href="IMNG_HLP_COMMUNITY_VIEW_EMPTY.html">Bắt đầu sử dụng IM</target>
      <target FeatureID="-1" href="IMNG_HLP_COMMUNITY_VIEW.html">Nhắn tin trò chuyện</target>
      <target FeatureID="-1" href="IMNG_HLP_CREATECHAT.html">Cài đặt nhóm IM</target>
      <target FeatureID="-1" href="IMNG_HLP_ACCLIST.html">Thành viên nhóm IM</target>
      <target FeatureID="-1" href="IMNG_HLP_CONVERSATIONS.html">Cuộc trò chuyện IM</target>
      <target FeatureID="-1" href="IMNG_HLP_APPSETT.html">Cài đặt ứng dụng IM</target>
   </keywords>
   <keywords>
      <text FeatureID="-1">tìm kiếm nhóm IM</text>
      <target FeatureID="-1" href="IMNG_HLP_SEARCHCHAT.html">Tìm kiếm người dùng IM</target>
   </keywords>
   <keywords>
      <text FeatureID="-1">lưu cuộc trò chuyện</text>
      <target FeatureID="-1" href="IMNG_HLP_SAVED_LIST.html">Các cuộc trò chuyện đã lưu</target>
   </keywords>
   <keywords>
      <text FeatureID="-1">IM (nhắn tin trò chuyện)</text>
      <target FeatureID="-1" href="IMNG_HLP_IMCHAT.html">Trò chuyện nhóm</target>
   </keywords>
   <keywords>
      <text FeatureID="-1">tham gia vào các nhóm IM</text>
      <target FeatureID="-1" href="IMNG_HLP_IMCHAT.html">Trò chuyện nhóm</target>
   </keywords>
   <keywords>
      <text FeatureID="-1">quyền chỉnh sửa</text>
      <target FeatureID="-1" href="IMNG_HLP_GROUP_EDIT.html">Quyền chỉnh sửa nhóm</target>
   </keywords>
   <keywords>
      <text FeatureID="-1">danh sách cấm</text>
      <target FeatureID="-1" href="IMNG_HLP_GROUP_BAN.html">Cấm người dùng IM không cho tham gia vào nhóm</target>
   </keywords>
   <keywords>
      <text FeatureID="-1">Thành viên nhóm IM</text>
      <target FeatureID="-1" href="IMNG_HLP_GROUP_BAN.html">Cấm người dùng IM không cho tham gia vào nhóm</target>
      <target FeatureID="-1" href="IMNG_HLP_ACCLIST.html">Thành viên nhóm IM</target>
   </keywords>
   <keywords>
      <text FeatureID="-1">Các số liên lạc trên thẻ IM</text>
      <target FeatureID="-1" href="IMNG_HLP_CONT_OWN_DATA.html">Dữ liệu riêng</target>
      <target FeatureID="-1" href="IMNG_HLP_BLOCKED_VIEW.html">Các số liên lạc bị chặn</target>
      <target FeatureID="-1" href="IMNG_HLP_CONTACTDETAILS.html">Chi tiết số liên lạc IM</target>
   </keywords>
   <keywords>
      <text FeatureID="-1">IM</text>
      <target FeatureID="-1" href="IMNG_HLP_COMMUNITY_VIEW_EMPTY.html">Bắt đầu sử dụng IM</target>
      <target FeatureID="-1" href="IMNG_HLP_COMMUNITY_VIEW.html">Nhắn tin trò chuyện</target>
      <target FeatureID="-1" href="IMNG_HLP_CONVERSATIONS.html">Cuộc trò chuyện IM</target>
   </keywords>
   <keywords>
      <text FeatureID="-1">các số liên lạc IM bị chặn</text>
      <target FeatureID="-1" href="IMNG_HLP_BLOCKED_VIEW.html">Các số liên lạc bị chặn</target>
   </keywords>
   <keywords>
      <text FeatureID="-1">Cài đặt IM</text>
      <target FeatureID="-1" href="IMNG_HLP_SETTINGS.html">Cài đặt IM</target>
      <target FeatureID="-1" href="IMNG_HLP_APPSETT.html">Cài đặt ứng dụng IM</target>
   </keywords>
   <keywords>
      <text FeatureID="-1">server IM</text>
      <target FeatureID="-1" href="IMNG_HLP_SERVLISTSETT_IM.html">Server IM</target>
   </keywords>
   <keywords>
      <text FeatureID="-1">Cài đặt server IM</text>
      <target FeatureID="-1" href="IMNG_HLP_DEFSERVER.html">Cài đặt server IM</target>
   </keywords>
   <keywords>
      <text FeatureID="-1">cài đặt server</text>
      <target FeatureID="-1" href="IMNG_HLP_DEFSERVER.html">Cài đặt server IM</target>
   </keywords>
   <keywords>
      <text FeatureID="-1">lời mời</text>
      <target FeatureID="-1" href="IMNG_HLP_INVITE.html">Lời mời IM</target>
   </keywords>
   <keywords>
      <text FeatureID="-1">Cài đặt nhóm IM</text>
      <target FeatureID="-1" href="IMNG_HLP_CREATECHAT.html">Cài đặt nhóm IM</target>
   </keywords>
   <keywords>
      <text FeatureID="-1">cuộc trò chuyện</text>
      <target FeatureID="-1" href="IMNG_HLP_CONVERSATIONS.html">Cuộc trò chuyện IM</target>
   </keywords>
   <keywords>
      <text FeatureID="-1">Nhắn tin trò chuyện</text>
      <target FeatureID="-1" href="IMNG_HLP_CONTACTDETAILS.html">Chi tiết số liên lạc IM</target>
   </keywords>
</keywords>