<?xml version="1.0" encoding="UTF-8"?>
<keywords>
   <keywords>
      <text FeatureID="-1">synchronisatie</text>
      <target FeatureID="-1" href="DS_HLP_MAIN_VIEW.html">Gegevenssynchronisatie</target>
   </keywords>
   <keywords>
      <text FeatureID="-1">synchronisatieprofielen</text>
      <target FeatureID="-1" href="DS_HLP_MAIN_VIEW.html">Gegevenssynchronisatie</target>
   </keywords>
   <keywords>
      <text FeatureID="-1">synchronisatieprofiel, instellingen</text>
      <target FeatureID="-1" href="DS_HLP_SETTINGS.html">Synchronisatieprofielen bewerken</target>
   </keywords>
   <keywords>
      <text FeatureID="-1">syncinstellingen</text>
      <target FeatureID="-1" href="DS_HLP_SETTINGS_CAL.html">Instellingen voor agendasynchronisatie</target>
      <target FeatureID="-1" href="DS_HLP_SETTINGS_CNT.html">Instellingen voor contactsynchronisatie</target>
      <target FeatureID="-1" href="DS_HLP_SETTINGS_NOTES.html">Instellingen voor notitiesynchronisatie</target>
      <target FeatureID="-1" href="DS_HLP_SETTINGS_SMS.html">Instellingen voor SMS-synchronisatie</target>
      <target FeatureID="true_44" href="DS_HLP_SETTINGS_SYNCML.html">Instellingen voor e-mailsynchronisatie</target>
   </keywords>
</keywords>