<?xml version="1.0" encoding="UTF-8"?>
<keywords>
   <keywords>
      <text FeatureID="-1">redigere frekvens forud­indstillinger</text>
      <target FeatureID="-1" href="EQ_HLP_EDITING_VIEW.html">Redigere frekvens forud­indstillinger</target>
   </keywords>
   <keywords>
      <text FeatureID="-1">equalizer</text>
      <target FeatureID="-1" href="EQ_HLP_LIST_VIEW.html">Frekvens forud­indstillinger</target>
   </keywords>
   <keywords>
      <text FeatureID="-1">frekvensbånd</text>
      <target FeatureID="-1" href="EQ_HLP_LIST_VIEW.html">Frekvens forud­indstillinger</target>
   </keywords>
   <keywords>
      <text FeatureID="-1">vælge frekvensforudindstillinger</text>
      <target FeatureID="-1" href="EQ_HLP_LIST_VIEW.html">Frekvens forud­indstillinger</target>
   </keywords>
</keywords>