<?xml version="1.0" encoding="UTF-8"?><?xml-stylesheet  href="../../theme/xsl/index2html.xslt" type="text/xsl"?>
<topics FeatureID="-1" title="ایمیل" compressed="true">
   <topicref FeatureID="-1" href="MBXS_HLP_SETT_DOWNL_CTRL.html" navtitle="تنظیمات بازیابی ایمیل"/>
   <topicref FeatureID="-1" href="MBXS_HLP_SETT_DOWNL_RETR.html" navtitle="میزان بازیابی ایمیل"/>
   <topicref FeatureID="-1" href="MBXS_HLP_SETT_MBX_IN.html" navtitle="تنظیمات ایمیل ورودی"/>
   <topicref FeatureID="-1" href="MBXS_HLP_SETT_MBX_IN_OUT.html" navtitle="تنظیمات اتصال"/>
   <topicref FeatureID="-1" href="MBXS_HLP_SETT_MBX_OUT.html" navtitle="تنظیمات ایمیل خروجی"/>
   <topicref FeatureID="-1" href="MCE_HLP_SETTINGS_EMAIL.html" navtitle="تنظیمات ایمیل"/>
   <topicref FeatureID="-1" href="MCE_HLP_SETT_EMAILMAIN.html" navtitle="ویرایش صندوق پستی"/>
   <topicref FeatureID="-1" href="MCE_HLP_SETT_MAILBLIST.html" navtitle="صندوق پستی"/>
   <topicref FeatureID="-1" href="MCE_HLP_SETT_MAILFOLDER_UPD.html" navtitle="پوشه های صندوق پستی"/>
   <topicref FeatureID="true_1633" href="MCE_HLP_SETT_MAIL_ONLI.html" navtitle="بازیابی خودکار"/>
   <topicref FeatureID="-1" href="MCE_HLP_SETT_MAIL_USER.html" navtitle="تنظیمات کاربر"/>
   <topicref FeatureID="true_44" href="MCE_HLP_SETT_SMAILBOX.html" navtitle="تنظیمات صندوق پستی همگام"/>
   <topicref FeatureID="-1" href="MCE_HLP_MAILBOX_OFFLINE.html" navtitle="ایمیل آفلاین"/>
   <topicref FeatureID="-1" href="MCE_HLP_MAILBOX_ONLINE.html" navtitle="ایمیل آنلاین"/>
</topics>