<?xml version="1.0" encoding="UTF-8"?>
<keywords>
   <keywords>
      <text FeatureID="-1">تنظیم ایمیل</text>
      <target FeatureID="-1" href="MBXS_HLP_SETT_DOWNL_CTRL.html">تنظیمات بازیابی ایمیل</target>
      <target FeatureID="-1" href="MBXS_HLP_SETT_DOWNL_RETR.html">میزان بازیابی ایمیل</target>
      <target FeatureID="-1" href="MBXS_HLP_SETT_MBX_IN.html">تنظیمات ایمیل ورودی</target>
      <target FeatureID="-1" href="MBXS_HLP_SETT_MBX_IN_OUT.html">تنظیمات اتصال</target>
      <target FeatureID="-1" href="MBXS_HLP_SETT_MBX_OUT.html">تنظیمات ایمیل خروجی</target>
      <target FeatureID="-1" href="MCE_HLP_SETTINGS_EMAIL.html">تنظیمات ایمیل</target>
      <target FeatureID="-1" href="MCE_HLP_SETT_EMAILMAIN.html">ویرایش صندوق پستی</target>
      <target FeatureID="-1" href="MCE_HLP_SETT_MAILBLIST.html">صندوق پستی</target>
      <target FeatureID="-1" href="MCE_HLP_SETT_MAILFOLDER_UPD.html">پوشه های صندوق پستی</target>
      <target FeatureID="true_1633" href="MCE_HLP_SETT_MAIL_ONLI.html">بازیابی خودکار</target>
   </keywords>
   <keywords>
      <text FeatureID="-1">تنظیمات صندوق پستی</text>
      <target FeatureID="-1" href="MCE_HLP_SETT_EMAILMAIN.html">ویرایش صندوق پستی</target>
   </keywords>
   <keywords>
      <text FeatureID="-1">صندوق پستی</text>
      <target FeatureID="-1" href="MCE_HLP_SETT_MAILBLIST.html">صندوق پستی</target>
      <target FeatureID="-1" href="MCE_HLP_MAILBOX_ONLINE.html">ایمیل آنلاین</target>
   </keywords>
   <keywords>
      <text FeatureID="-1">پوشه های صندوق پستی</text>
      <target FeatureID="-1" href="MCE_HLP_SETT_MAILFOLDER_UPD.html">پوشه های صندوق پستی</target>
   </keywords>
   <keywords>
      <text FeatureID="-1">تنظیمات کاربر</text>
      <target FeatureID="-1" href="MCE_HLP_SETT_MAIL_USER.html">تنظیمات کاربر</target>
   </keywords>
   <keywords>
      <text FeatureID="true_44">تنظیمات صندوق پستی همگام</text>
      <target FeatureID="true_44" href="MCE_HLP_SETT_SMAILBOX.html">تنظیمات صندوق پستی همگام</target>
   </keywords>
   <keywords>
      <text FeatureID="true_44">تنظیمات ایمیل همگام</text>
      <target FeatureID="true_44" href="MCE_HLP_SETT_SMAILBOX.html">تنظیمات صندوق پستی همگام</target>
   </keywords>
   <keywords>
      <text FeatureID="-1">ایمیل آفلاین</text>
      <target FeatureID="-1" href="MCE_HLP_MAILBOX_OFFLINE.html">ایمیل آفلاین</target>
   </keywords>
   <keywords>
      <text FeatureID="-1">اتصال به صندوق پستی</text>
      <target FeatureID="-1" href="MCE_HLP_MAILBOX_ONLINE.html">ایمیل آنلاین</target>
   </keywords>
   <keywords>
      <text FeatureID="-1">ایمیل آنلاین</text>
      <target FeatureID="-1" href="MCE_HLP_MAILBOX_ONLINE.html">ایمیل آنلاین</target>
      <target FeatureID="-1" href="MCE_HLP_MAILBOX_ONLINE.html">ایمیل آنلاین</target>
   </keywords>
</keywords>