<?xml version="1.0" encoding="UTF-8"?>
<keywords>
   <keywords>
      <text FeatureID="-1">phát tập tin flash</text>
      <target FeatureID="-1" href="FLITE_HLP_STOPPED.html">Dừng phát flash</target>
      <target FeatureID="-1" href="FLITE_HLP_VIEWER_PAUSED.html">Tạm ngưng phát flash</target>
      <target FeatureID="-1" href="FLITE_HLP_VIEWER_PLAY.html">Phát các tập tin flash</target>
   </keywords>
   <keywords>
      <text FeatureID="-1">Flash Player</text>
      <target FeatureID="-1" href="FLITE_HLP_STOPPED.html">Dừng phát flash</target>
      <target FeatureID="-1" href="FLITE_HLP_VIEWER_PAUSED.html">Tạm ngưng phát flash</target>
      <target FeatureID="-1" href="FLITE_HLP_VIEWER_PLAY.html">Phát các tập tin flash</target>
   </keywords>
</keywords>