<?xml version="1.0" encoding="UTF-8"?><?xml-stylesheet  href="../../theme/xsl/index2html.xslt" type="text/xsl"?>
<topics FeatureID="-1" title="Ziņapmaiņa" compressed="true">
   <topicref FeatureID="-1" href="MCE_HLP_MESSAGING.html" navtitle="Ziņapmaiņas centrs"/>
   <topicref FeatureID="-1" href="MCE_HLP_SIM.html" navtitle="SIM ziņu skatīšana"/>
   <topicref FeatureID="-1" href="MCE_HLP_SETTINGS.html" navtitle="Ziņapmaiņas uzstād."/>
   <topicref FeatureID="-1" href="MCE_HLP_SETTINGS_SMS.html" navtitle="Īsziņu uzstād."/>
   <topicref FeatureID="-1" href="SMS_HLP_SETTINGS_SCENTRES.html" navtitle="Īsziņu centra uzstād."/>
   <topicref FeatureID="-1" href="SMS_HLP_SETTINGS_SCENTRES_EDIT.html" navtitle="Īsziņu centru rediģēš."/>
   <topicref FeatureID="true_1092" href="SMS_HLP_SETTINGS_SMS_EMAIL.html" navtitle="Īsziņu e-pasta uzst."/>
   <topicref FeatureID="-1" href="MCE_HLP_SETTINGS_MMS.html" navtitle="Multiziņu uzstādījumi"/>
   <topicref FeatureID="true_1090" href="MCE_HLP_SETTINGS_CB.html" navtitle="Šūnu apraid. uzstād."/>
   <topicref FeatureID="-1" href="MCE_HLP_SETTINGS_GEN.html" navtitle="Citi uzstādījumi"/>
   <topicref FeatureID="-1" href="MCE_HLP_INBOX.html" navtitle="Iesūtne"/>
   <topicref FeatureID="-1" href="MCE_HLP_DOCUMENTS.html" navtitle="Manas mapes"/>
   <topicref FeatureID="-1" href="MCE_HLP_TEMPLATES.html" navtitle="Ziņu veidnes"/>
   <topicref FeatureID="-1" href="MCE_HLP_FOLDER.html" navtitle="Ziņu kārtošana"/>
   <topicref FeatureID="-1" href="MCE_HLP_DRAFTS.html" navtitle="Melnraksti"/>
   <topicref FeatureID="-1" href="MCE_HLP_SENT_ITEMS.html" navtitle="Nosūtītās ziņas"/>
   <topicref FeatureID="-1" href="MCE_HLP_OUTBOX.html" navtitle="Izsūtne"/>
   <topicref FeatureID="-1" href="MCE_HLP_DELIVERY_REPORTS.html" navtitle="Piegādes atskaites"/>
   <topicref FeatureID="true_1132" href="MCE_HLP_MMS_NOTIFICATIONS.html" navtitle="Paziņoj. par multiziņām"/>
</topics>