<?xml version="1.0" encoding="UTF-8"?>
<keywords>
   <keywords>
      <text FeatureID="-1">ziņu sūtīšana</text>
      <target FeatureID="-1" href="MCE_HLP_MESSAGING.html">Ziņapmaiņas centrs</target>
      <target FeatureID="-1" href="MCE_HLP_OUTBOX.html">Izsūtne</target>
   </keywords>
   <keywords>
      <text FeatureID="-1">ziņu saņemšana</text>
      <target FeatureID="-1" href="MCE_HLP_MESSAGING.html">Ziņapmaiņas centrs</target>
      <target FeatureID="-1" href="MCE_HLP_INBOX.html">Iesūtne</target>
   </keywords>
   <keywords>
      <text FeatureID="-1">SIM īsziņas</text>
      <target FeatureID="-1" href="MCE_HLP_SIM.html">SIM ziņu skatīšana</target>
   </keywords>
   <keywords>
      <text FeatureID="-1">ziņas SIM kartē</text>
      <target FeatureID="-1" href="MCE_HLP_SIM.html">SIM ziņu skatīšana</target>
   </keywords>
   <keywords>
      <text FeatureID="-1">ziņapmaiņas uzstādījumi</text>
      <target FeatureID="-1" href="MCE_HLP_SETTINGS.html">Ziņapmaiņas uzstād.</target>
      <target FeatureID="-1" href="MCE_HLP_SETTINGS_GEN.html">Citi uzstādījumi</target>
   </keywords>
   <keywords>
      <text FeatureID="-1">īsziņu uzstādījumi</text>
      <target FeatureID="-1" href="MCE_HLP_SETTINGS_SMS.html">Īsziņu uzstād.</target>
   </keywords>
   <keywords>
      <text FeatureID="-1">teksta īsziņu uzstād.</text>
      <target FeatureID="-1" href="MCE_HLP_SETTINGS_SMS.html">Īsziņu uzstād.</target>
      <target FeatureID="-1" href="SMS_HLP_SETTINGS_SCENTRES.html">Īsziņu centra uzstād.</target>
      <target FeatureID="-1" href="SMS_HLP_SETTINGS_SCENTRES_EDIT.html">Īsziņu centru rediģēš.</target>
   </keywords>
   <keywords>
      <text FeatureID="-1">ziņu centra uzstādījumi</text>
      <target FeatureID="-1" href="SMS_HLP_SETTINGS_SCENTRES.html">Īsziņu centra uzstād.</target>
      <target FeatureID="-1" href="SMS_HLP_SETTINGS_SCENTRES_EDIT.html">Īsziņu centru rediģēš.</target>
   </keywords>
   <keywords>
      <text FeatureID="-1">SMS centra uzstādījumi</text>
      <target FeatureID="-1" href="SMS_HLP_SETTINGS_SCENTRES.html">Īsziņu centra uzstād.</target>
   </keywords>
   <keywords>
      <text FeatureID="true_1092">īsziņu e-pasts</text>
      <target FeatureID="true_1092" href="SMS_HLP_SETTINGS_SMS_EMAIL.html">Īsziņu e-pasta uzst.</target>
   </keywords>
   <keywords>
      <text FeatureID="true_1092">SMS e-pasta uzstādījumi</text>
      <target FeatureID="true_1092" href="SMS_HLP_SETTINGS_SMS_EMAIL.html">Īsziņu e-pasta uzst.</target>
   </keywords>
   <keywords>
      <text FeatureID="-1">MMS uzstādījumi</text>
      <target FeatureID="-1" href="MCE_HLP_SETTINGS_MMS.html">Multiziņu uzstādījumi</target>
   </keywords>
   <keywords>
      <text FeatureID="true_1090">šūnu apraid. uzstād.</text>
      <target FeatureID="true_1090" href="MCE_HLP_SETTINGS_CB.html">Šūnu apraid. uzstād.</target>
   </keywords>
   <keywords>
      <text FeatureID="-1">iesūtne</text>
      <target FeatureID="-1" href="MCE_HLP_INBOX.html">Iesūtne</target>
   </keywords>
   <keywords>
      <text FeatureID="-1">manas mapes</text>
      <target FeatureID="-1" href="MCE_HLP_DOCUMENTS.html">Manas mapes</target>
   </keywords>
   <keywords>
      <text FeatureID="-1">ziņu saglabāšana</text>
      <target FeatureID="-1" href="MCE_HLP_DOCUMENTS.html">Manas mapes</target>
   </keywords>
   <keywords>
      <text FeatureID="-1">veidņu sūtīšana</text>
      <target FeatureID="-1" href="MCE_HLP_TEMPLATES.html">Ziņu veidnes</target>
   </keywords>
   <keywords>
      <text FeatureID="-1">īsziņu veidnes</text>
      <target FeatureID="-1" href="MCE_HLP_TEMPLATES.html">Ziņu veidnes</target>
   </keywords>
   <keywords>
      <text FeatureID="-1">ziņu kārtošana</text>
      <target FeatureID="-1" href="MCE_HLP_FOLDER.html">Ziņu kārtošana</target>
   </keywords>
   <keywords>
      <text FeatureID="-1">ziņu melnr. saglabāšana</text>
      <target FeatureID="-1" href="MCE_HLP_DRAFTS.html">Melnraksti</target>
   </keywords>
   <keywords>
      <text FeatureID="-1">ziņu melnraksti</text>
      <target FeatureID="-1" href="MCE_HLP_DRAFTS.html">Melnraksti</target>
   </keywords>
   <keywords>
      <text FeatureID="-1">nosūtītās ziņas</text>
      <target FeatureID="-1" href="MCE_HLP_SENT_ITEMS.html">Nosūtītās ziņas</target>
   </keywords>
   <keywords>
      <text FeatureID="-1">izsūtnes apskate</text>
      <target FeatureID="-1" href="MCE_HLP_OUTBOX.html">Izsūtne</target>
   </keywords>
   <keywords>
      <text FeatureID="-1">piegādes atskaites</text>
      <target FeatureID="-1" href="MCE_HLP_DELIVERY_REPORTS.html">Piegādes atskaites</target>
   </keywords>
   <keywords>
      <text FeatureID="true_1132">MMS paziņojumi</text>
      <target FeatureID="true_1132" href="MCE_HLP_MMS_NOTIFICATIONS.html">Paziņoj. par multiziņām</target>
   </keywords>
   <keywords>
      <text FeatureID="-1">tālruņu numuru meklēšana</text>
      <target FeatureID="-1" href="FIND_HLP.html">Numuru un adrešu meklēšana</target>
   </keywords>
   <keywords>
      <text FeatureID="-1">adrešu meklēšana</text>
      <target FeatureID="-1" href="FIND_HLP.html">Numuru un adrešu meklēšana</target>
   </keywords>
</keywords>