<?xml version="1.0" encoding="UTF-8"?>
<keywords>
   <keywords>
      <text FeatureID="-1">מודול אבטחה</text>
      <target FeatureID="-1" href="SECMOD_HLP_ACCESSCODE_VIEW.html">קוד PIN של מודול אבטחה</target>
      <target FeatureID="-1" href="SECMOD_HLP_MAIN_VIEW.html">מודול אבטחה</target>
      <target FeatureID="-1" href="SEMOD_HLP_SIGNINGCODE_VIEW.html">עריכת קוד חתימה</target>
   </keywords>
   <keywords>
      <text FeatureID="-1">קוד PIN</text>
      <target FeatureID="-1" href="SECMOD_HLP_ACCESSCODE_VIEW.html">קוד PIN של מודול אבטחה</target>
   </keywords>
   <keywords>
      <text FeatureID="-1">קודי מודולי אבטחה</text>
      <target FeatureID="-1" href="SECMOD_HLP_CODE_VIEW.html">קודי מודולי אבטחה</target>
   </keywords>
   <keywords>
      <text FeatureID="-1">קוד PIN למודול אבטחה</text>
      <target FeatureID="-1" href="SECMOD_HLP_CODE_VIEW.html">קודי מודולי אבטחה</target>
   </keywords>
   <keywords>
      <text FeatureID="-1">אחסון הרשאה</text>
      <target FeatureID="-1" href="SECMOD_HLP_MAIN_VIEW.html">מודול אבטחה</target>
   </keywords>
   <keywords>
      <text FeatureID="-1">קוד חתימה</text>
      <target FeatureID="-1" href="SEMOD_HLP_SIGNINGCODE_VIEW.html">עריכת קוד חתימה</target>
   </keywords>
   <keywords>
      <text FeatureID="-1">חתימות דיגיטליות</text>
      <target FeatureID="-1" href="SEMOD_HLP_SIGNINGCODE_VIEW.html">עריכת קוד חתימה</target>
   </keywords>
</keywords>