<?xml version="1.0" encoding="UTF-8"?>
<keywords>
   <keywords>
      <text FeatureID="-1">certifikati</text>
      <target FeatureID="-1" href="AM_HLP_GENERAL_SETTINGS.html">Nastavitve certifikatov</target>
   </keywords>
   <keywords>
      <text FeatureID="-1">nastavitve, certifikati</text>
      <target FeatureID="-1" href="AM_HLP_GENERAL_SETTINGS.html">Nastavitve certifikatov</target>
   </keywords>
   <keywords>
      <text FeatureID="-1">namestitev aplikacij</text>
      <target FeatureID="-1" href="AM_HLP_NOT_INSTALLED.html">Namestitvene datoteke</target>
      <target FeatureID="-1" href="AM_HLP_APPLICATION.html">Urejanje aplikacij</target>
   </keywords>
   <keywords>
      <text FeatureID="-1">aplikacije</text>
      <target FeatureID="-1" href="AM_HLP_NOT_INSTALLED.html">Namestitvene datoteke</target>
      <target FeatureID="-1" href="AM_HLP_INSTALLED.html">Nameščene aplikac.</target>
   </keywords>
   <keywords>
      <text FeatureID="-1">nameščanje programske opreme</text>
      <target FeatureID="-1" href="AM_HLP_APPLICATION.html">Urejanje aplikacij</target>
   </keywords>
   <keywords>
      <text FeatureID="-1">zahteve za dovoljenje</text>
      <target FeatureID="-1" href="AM_HLP_INSTALL_CAPAB.html">Zahteve za dovoljenje</target>
   </keywords>
   <keywords>
      <text FeatureID="-1">nepreverjena namestitev</text>
      <target FeatureID="-1" href="AM_HLP_INSTALL_UNTRUSTED.html">Neprever. namestitev</target>
   </keywords>
</keywords>