<?xml version="1.0" encoding="UTF-8"?><?xml-stylesheet  href="../../theme/xsl/index2html.xslt" type="text/xsl"?>
<topics FeatureID="-1" title="Žiniatinklis" compressed="true">
   <topicref FeatureID="-1" href="OSS_HLP_BM_ADDBM.html" navtitle="Žymų pridėjimas"/>
   <topicref FeatureID="true_167" href="OSS_HLP_RSS_ADD.html" navtitle="Žiniatinklio teikinių pridėjimas"/>
   <topicref FeatureID="-1" href="OSS_HLP_PAGEVIEW.html" navtitle="Žiniatinklio naršymas"/>
   <topicref FeatureID="-1" href="OSS_HLP_BM_MAIN.html" navtitle="Žymų naršymas"/>
   <topicref FeatureID="-1" href="OSS_HLP_BM_EDIT.html" navtitle="Žymų taisymas"/>
   <topicref FeatureID="true_167" href="OSS_HLP_RSS_EDIT.html" navtitle="Žiniatinklio teikinių taisymas"/>
   <topicref FeatureID="-1" href="OSS_HLP_SETTINGS_GENERAL.html" navtitle="Bendrieji parametrai"/>
   <topicref FeatureID="-1" href="OSS_HLP_SETTINGS_PAGE.html" navtitle="Tinklalapio parametrai"/>
   <topicref FeatureID="-1" href="OSS_HLP_SETTINGS_PRIVACY.html" navtitle="Privatumo parametrai"/>
   <topicref FeatureID="true_167" href="OSS_HLP_RSS_ARTICLE.html" navtitle="Žiniatinklio teikinių straipsniai"/>
   <topicref FeatureID="true_167" href="OSS_HLP_SETTINGS_RSS.html" navtitle="Žiniatinklio teikinių parametrai"/>
   <topicref FeatureID="true_167" href="OSS_HLP_RSS_ARTICLELST.html" navtitle="Žiniatinklio teikiniai"/>
   <topicref FeatureID="-1" href="OSS_HLP_PAGEVIEW_EMBED.html" navtitle="Žiniatinklis programose"/>
   <topicref FeatureID="-1" href="OSS_HLP_SETTINGS_FOLDERS.html" navtitle="Žiniatinklio parametrai"/>
   <topicref FeatureID="true_167" href="OSS_HLP_RSS_MAIN.html" navtitle="Žiniatinklio teikiniai ir tinklaraščiai"/>
   <topicref FeatureID="false_410" href="OSS_HLP_SHORTCUTS.html" navtitle="Mygtukų juostelės nuorodos"/>
   <topicref FeatureID="false_410" href="OSS_HLP_KEYPAD.html" navtitle="Spartieji klaviatūros klavišai"/>
</topics>