<?xml version="1.0" encoding="UTF-8"?>
<keywords>
   <keywords>
      <text FeatureID="-1">žymos</text>
      <target FeatureID="-1" href="OSS_HLP_BM_ADDBM.html">Žymų pridėjimas</target>
      <target FeatureID="-1" href="OSS_HLP_BM_MAIN.html">Žymų naršymas</target>
      <target FeatureID="-1" href="OSS_HLP_BM_EDIT.html">Žymų taisymas</target>
   </keywords>
   <keywords>
      <text FeatureID="-1">naršyklės žymos</text>
      <target FeatureID="-1" href="OSS_HLP_BM_ADDBM.html">Žymų pridėjimas</target>
      <target FeatureID="-1" href="OSS_HLP_BM_EDIT.html">Žymų taisymas</target>
   </keywords>
   <keywords>
      <text FeatureID="-1">žiniatinklis</text>
      <target FeatureID="-1" href="OSS_HLP_BM_ADDBM.html">Žymų pridėjimas</target>
      <target FeatureID="true_167" href="OSS_HLP_RSS_ADD.html">Žiniatinklio teikinių pridėjimas</target>
      <target FeatureID="-1" href="OSS_HLP_PAGEVIEW.html">Žiniatinklio naršymas</target>
      <target FeatureID="-1" href="OSS_HLP_BM_EDIT.html">Žymų taisymas</target>
      <target FeatureID="true_167" href="OSS_HLP_RSS_EDIT.html">Žiniatinklio teikinių taisymas</target>
      <target FeatureID="true_167" href="OSS_HLP_RSS_ARTICLE.html">Žiniatinklio teikinių straipsniai</target>
      <target FeatureID="true_167" href="OSS_HLP_RSS_ARTICLELST.html">Žiniatinklio teikiniai</target>
      <target FeatureID="true_167" href="OSS_HLP_RSS_MAIN.html">Žiniatinklio teikiniai ir tinklaraščiai</target>
   </keywords>
   <keywords>
      <text FeatureID="true_167">teikiniai</text>
      <target FeatureID="true_167" href="OSS_HLP_RSS_ADD.html">Žiniatinklio teikinių pridėjimas</target>
      <target FeatureID="true_167" href="OSS_HLP_RSS_EDIT.html">Žiniatinklio teikinių taisymas</target>
      <target FeatureID="true_167" href="OSS_HLP_RSS_ARTICLE.html">Žiniatinklio teikinių straipsniai</target>
      <target FeatureID="true_167" href="OSS_HLP_RSS_ARTICLELST.html">Žiniatinklio teikiniai</target>
      <target FeatureID="true_167" href="OSS_HLP_RSS_MAIN.html">Žiniatinklio teikiniai ir tinklaraščiai</target>
   </keywords>
   <keywords>
      <text FeatureID="true_167">RSS teikiniai</text>
      <target FeatureID="true_167" href="OSS_HLP_RSS_ADD.html">Žiniatinklio teikinių pridėjimas</target>
      <target FeatureID="true_167" href="OSS_HLP_RSS_EDIT.html">Žiniatinklio teikinių taisymas</target>
      <target FeatureID="true_167" href="OSS_HLP_RSS_ARTICLE.html">Žiniatinklio teikinių straipsniai</target>
      <target FeatureID="true_167" href="OSS_HLP_RSS_ARTICLELST.html">Žiniatinklio teikiniai</target>
      <target FeatureID="true_167" href="OSS_HLP_RSS_MAIN.html">Žiniatinklio teikiniai ir tinklaraščiai</target>
   </keywords>
   <keywords>
      <text FeatureID="true_167">naujienos ir tinklaraščiai</text>
      <target FeatureID="true_167" href="OSS_HLP_RSS_ADD.html">Žiniatinklio teikinių pridėjimas</target>
      <target FeatureID="true_167" href="OSS_HLP_RSS_EDIT.html">Žiniatinklio teikinių taisymas</target>
      <target FeatureID="true_167" href="OSS_HLP_RSS_ARTICLE.html">Žiniatinklio teikinių straipsniai</target>
      <target FeatureID="true_167" href="OSS_HLP_RSS_ARTICLELST.html">Žiniatinklio teikiniai</target>
      <target FeatureID="true_167" href="OSS_HLP_RSS_MAIN.html">Žiniatinklio teikiniai ir tinklaraščiai</target>
   </keywords>
   <keywords>
      <text FeatureID="true_167">tinklaraščiai</text>
      <target FeatureID="true_167" href="OSS_HLP_RSS_ADD.html">Žiniatinklio teikinių pridėjimas</target>
      <target FeatureID="true_167" href="OSS_HLP_RSS_EDIT.html">Žiniatinklio teikinių taisymas</target>
      <target FeatureID="true_167" href="OSS_HLP_RSS_ARTICLE.html">Žiniatinklio teikinių straipsniai</target>
      <target FeatureID="true_167" href="OSS_HLP_RSS_ARTICLELST.html">Žiniatinklio teikiniai</target>
      <target FeatureID="true_167" href="OSS_HLP_RSS_MAIN.html">Žiniatinklio teikiniai ir tinklaraščiai</target>
   </keywords>
   <keywords>
      <text FeatureID="-1">puslapių naršymas</text>
      <target FeatureID="-1" href="OSS_HLP_PAGEVIEW.html">Žiniatinklio naršymas</target>
   </keywords>
   <keywords>
      <text FeatureID="-1">naršyklė</text>
      <target FeatureID="-1" href="OSS_HLP_BM_MAIN.html">Žymų naršymas</target>
   </keywords>
   <keywords>
      <text FeatureID="-1">naršyklės parametrai</text>
      <target FeatureID="-1" href="OSS_HLP_SETTINGS_GENERAL.html">Bendrieji parametrai</target>
      <target FeatureID="-1" href="OSS_HLP_SETTINGS_PAGE.html">Tinklalapio parametrai</target>
      <target FeatureID="-1" href="OSS_HLP_SETTINGS_PRIVACY.html">Privatumo parametrai</target>
      <target FeatureID="true_167" href="OSS_HLP_SETTINGS_RSS.html">Žiniatinklio teikinių parametrai</target>
      <target FeatureID="-1" href="OSS_HLP_SETTINGS_FOLDERS.html">Žiniatinklio parametrai</target>
      <target FeatureID="false_410" href="OSS_HLP_SHORTCUTS.html">Mygtukų juostelės nuorodos</target>
      <target FeatureID="false_410" href="OSS_HLP_KEYPAD.html">Spartieji klaviatūros klavišai</target>
   </keywords>
   <keywords>
      <text FeatureID="-1">žiniatinklio parametrai</text>
      <target FeatureID="-1" href="OSS_HLP_SETTINGS_GENERAL.html">Bendrieji parametrai</target>
      <target FeatureID="-1" href="OSS_HLP_SETTINGS_PAGE.html">Tinklalapio parametrai</target>
      <target FeatureID="-1" href="OSS_HLP_SETTINGS_PRIVACY.html">Privatumo parametrai</target>
      <target FeatureID="true_167" href="OSS_HLP_SETTINGS_RSS.html">Žiniatinklio teikinių parametrai</target>
      <target FeatureID="-1" href="OSS_HLP_SETTINGS_FOLDERS.html">Žiniatinklio parametrai</target>
      <target FeatureID="false_410" href="OSS_HLP_KEYPAD.html">Spartieji klaviatūros klavišai</target>
   </keywords>
   <keywords>
      <text FeatureID="-1">žiniatinklio parametrų nustatymas</text>
      <target FeatureID="-1" href="OSS_HLP_SETTINGS_PAGE.html">Tinklalapio parametrai</target>
      <target FeatureID="true_167" href="OSS_HLP_SETTINGS_RSS.html">Žiniatinklio teikinių parametrai</target>
      <target FeatureID="-1" href="OSS_HLP_SETTINGS_FOLDERS.html">Žiniatinklio parametrai</target>
   </keywords>
   <keywords>
      <text FeatureID="-1">privatumo parametrai</text>
      <target FeatureID="-1" href="OSS_HLP_SETTINGS_PRIVACY.html">Privatumo parametrai</target>
   </keywords>
   <keywords>
      <text FeatureID="-1">konkretaus puslapio atidarymas</text>
      <target FeatureID="-1" href="OSS_HLP_PAGEVIEW_EMBED.html">Žiniatinklis programose</target>
   </keywords>
   <keywords>
      <text FeatureID="-1">žiniatinklis programose</text>
      <target FeatureID="-1" href="OSS_HLP_PAGEVIEW_EMBED.html">Žiniatinklis programose</target>
   </keywords>
   <keywords>
      <text FeatureID="false_410">interneto parametrai</text>
      <target FeatureID="false_410" href="OSS_HLP_SHORTCUTS.html">Mygtukų juostelės nuorodos</target>
   </keywords>
</keywords>