<?xml version="1.0" encoding="UTF-8"?>
<keywords>
   <keywords>
      <text FeatureID="-1">salvestis, helid</text>
      <target FeatureID="-1" href="VOREC_HLP_EMPTY_RECORDER.html">Heliklippide salvestamine</target>
   </keywords>
   <keywords>
      <text FeatureID="-1">helisalvesti</text>
      <target FeatureID="-1" href="VOREC_HLP_MAIN.html">Helisalvesti kasutamine</target>
   </keywords>
   <keywords>
      <text FeatureID="-1">heliklippide salvestamine</text>
      <target FeatureID="-1" href="VOREC_HLP_MAIN.html">Helisalvesti kasutamine</target>
   </keywords>
   <keywords>
      <text FeatureID="-1">helisalvesti seaded</text>
      <target FeatureID="-1" href="VOREC_HLP_SETTINGS.html">Helisalvesti seaded</target>
   </keywords>
</keywords>