<?xml version="1.0" encoding="UTF-8"?>
<keywords>
   <keywords>
      <text FeatureID="-1">attesterar­certifikat</text>
      <target FeatureID="-1" href="CM_HLP_AUTHORITY.html">Attesterar­certifikat</target>
   </keywords>
   <keywords>
      <text FeatureID="-1">certifikat</text>
      <target FeatureID="-1" href="CM_HLP_AUTHORITY.html">Attesterar­certifikat</target>
      <target FeatureID="-1" href="CM_HLP_DEVICE.html">Enhetscertifikat</target>
      <target FeatureID="-1" href="CM_HLP_MAIN.html">Certifikathantering</target>
      <target FeatureID="-1" href="CM_HLP_PERSONAL.html">Personliga certifikat</target>
      <target FeatureID="-1" href="CM_HLP_TRUSTED_SITE.html">Tillförlitliga plats-certifikat</target>
      <target FeatureID="-1" href="CM_HLP_TRUST_SETTINGS.html">Redigera tillitsinställningar</target>
   </keywords>
   <keywords>
      <text FeatureID="-1">säkerhets­certifikat</text>
      <target FeatureID="-1" href="CM_HLP_AUTHORITY.html">Attesterar­certifikat</target>
      <target FeatureID="-1" href="CM_HLP_MAIN.html">Certifikathantering</target>
   </keywords>
   <keywords>
      <text FeatureID="-1">enhetscertifikat</text>
      <target FeatureID="-1" href="CM_HLP_DEVICE.html">Enhetscertifikat</target>
   </keywords>
   <keywords>
      <text FeatureID="-1">personligt certifikat</text>
      <target FeatureID="-1" href="CM_HLP_PERSONAL.html">Personliga certifikat</target>
   </keywords>
   <keywords>
      <text FeatureID="-1">tillförlitliga plats-certifikat</text>
      <target FeatureID="-1" href="CM_HLP_TRUSTED_SITE.html">Tillförlitliga plats-certifikat</target>
   </keywords>
   <keywords>
      <text FeatureID="-1">tillits­inst.</text>
      <target FeatureID="-1" href="CM_HLP_TRUST_SETTINGS.html">Redigera tillitsinställningar</target>
   </keywords>
</keywords>