<?xml version="1.0" encoding="UTF-8"?>
<keywords>
   <keywords>
      <text FeatureID="-1">Mail for Exchange</text>
      <target FeatureID="-1" href="FSE_HLP_MFE_LAUNCHER_MAIN_VIEW.html">E-maily v schránke Mail for Exchange</target>
   </keywords>
   <keywords>
      <text FeatureID="-1">rozšírené nastavenia schránky</text>
      <target FeatureID="-1" href="FSE_HLP_MFE_SETTINGS_ADVANCED.html">Rozšírené nastavenia schránky</target>
   </keywords>
   <keywords>
      <text FeatureID="-1">nastavenia synchronizácie e-mailov</text>
      <target FeatureID="-1" href="FSE_HLP_MFE_SETTINGS_PIM_APPS.html">Nastavenia synchronizácie aplikácie</target>
   </keywords>
   <keywords>
      <text FeatureID="-1">synchronizácia kalendára</text>
      <target FeatureID="-1" href="FSE_HLP_MFE_CALENDAR_APP.html">Nastavenia synchronizácie kalendára</target>
   </keywords>
   <keywords>
      <text FeatureID="-1">synchronizácia kontaktov,</text>
      <target FeatureID="-1" href="FSE_HLP_MFE_CONTACTS_APP.html">Nastavenia synchronizácie kontaktov</target>
   </keywords>
   <keywords>
      <text FeatureID="-1">nastavenia schránky</text>
      <target FeatureID="-1" href="FSE_HLP_MFE_SETTINGS_MAILBOX.html">Všeobecné nastavenia schránky</target>
   </keywords>
   <keywords>
      <text FeatureID="-1">obsah synchronizácie e-mailov</text>
      <target FeatureID="-1" href="FSE_HLP_MFE_SETTINGS_WHAT_SYNC.html">Výber obsahu na synch.</target>
   </keywords>
   <keywords>
      <text FeatureID="-1">čas synchronizácie e-mailov</text>
      <target FeatureID="-1" href="FSE_HLP_MFE_SETTINGS_WHEN_SYNC.html">Výber času synch.</target>
   </keywords>
   <keywords>
      <text FeatureID="-1">synchronizácia e-mailových zložiek</text>
      <target FeatureID="-1" href="FSE_HLP_MFE_SETTINGS_FOLDER.html">Nastavenia synchronizácie</target>
   </keywords>
   <keywords>
      <text FeatureID="-1">e-mailové nastavenia</text>
      <target FeatureID="-1" href="FSE_HLP_MFE_SETTINGS_MAIN_VIEW.html">Nastavenia e-mailu</target>
   </keywords>
   <keywords>
      <text FeatureID="-1">synchronizácia záznamu o úlohe</text>
      <target FeatureID="-1" href="FSE_HLP_MFE_TASKS_APP.html">Nastavenia synchronizácie úloh</target>
   </keywords>
</keywords>