<?xml version="1.0" encoding="UTF-8"?><?xml-stylesheet  href="../../theme/xsl/index2html.xslt" type="text/xsl"?>
<topics FeatureID="-1" title="Videók és TV" compressed="true">
   <topicref FeatureID="-1" href="IPTV_HLP_MAIN_STATE.html" navtitle="Videók és TV"/>
   <topicref FeatureID="-1" href="IPTV_HLP_VODCAST_MAIN.html" navtitle="Videoinfók"/>
   <topicref FeatureID="-1" href="IPTV_HLP_SERVICE_SELECTION_VOD.html" navtitle="Videoszolgáltatások kiválasztása"/>
   <topicref FeatureID="-1" href="IPTV_HLP_VOD_CATEGORIES.html" navtitle="Videó­kategóriák"/>
   <topicref FeatureID="-1" href="IPTV_HLP_VOD.html" navtitle="Videofájlok megtekintése és letöltése"/>
   <topicref FeatureID="-1" href="IPTV_HLP_SCHEDULE_DOWNLOAD.html" navtitle="Letöltések időzítése"/>
   <topicref FeatureID="-1" href="IPTV_HLP_STORAGE.html" navtitle="Saját videók"/>
   <topicref FeatureID="-1" href="IPTV_HLP_SETTINGS.html" navtitle="A Videók és TV alkalmazás beállításai"/>
   <topicref FeatureID="-1" href="IPTV_HLP_SERVICE_SEL_VODCAST.html" navtitle="Videoinfók kiválasztása"/>
   <topicref FeatureID="-1" href="IPTV_HLP_ADD_SERVICE.html" navtitle="Videoinfók hozzáadása"/>
</topics>