<?xml version="1.0" encoding="UTF-8"?>
<keywords>
   <keywords>
      <text FeatureID="-1">videók és TV</text>
      <target FeatureID="-1" href="IPTV_HLP_MAIN_STATE.html">Videók és TV</target>
      <target FeatureID="-1" href="IPTV_HLP_VODCAST_MAIN.html">Videoinfók</target>
      <target FeatureID="-1" href="IPTV_HLP_SERVICE_SELECTION_VOD.html">Videoszolgáltatások kiválasztása</target>
      <target FeatureID="-1" href="IPTV_HLP_VOD_CATEGORIES.html">Videó­kategóriák</target>
      <target FeatureID="-1" href="IPTV_HLP_VOD.html">Videofájlok megtekintése és letöltése</target>
      <target FeatureID="-1" href="IPTV_HLP_SCHEDULE_DOWNLOAD.html">Letöltések időzítése</target>
      <target FeatureID="-1" href="IPTV_HLP_STORAGE.html">Saját videók</target>
      <target FeatureID="-1" href="IPTV_HLP_SERVICE_SEL_VODCAST.html">Videoinfók kiválasztása</target>
      <target FeatureID="-1" href="IPTV_HLP_ADD_SERVICE.html">Videoinfók hozzáadása</target>
   </keywords>
   <keywords>
      <text FeatureID="-1">videoinfók</text>
      <target FeatureID="-1" href="IPTV_HLP_VODCAST_MAIN.html">Videoinfók</target>
      <target FeatureID="-1" href="IPTV_HLP_VOD_CATEGORIES.html">Videó­kategóriák</target>
      <target FeatureID="-1" href="IPTV_HLP_SERVICE_SEL_VODCAST.html">Videoinfók kiválasztása</target>
      <target FeatureID="-1" href="IPTV_HLP_ADD_SERVICE.html">Videoinfók hozzáadása</target>
   </keywords>
   <keywords>
      <text FeatureID="-1">letöltések, videofájlok</text>
      <target FeatureID="-1" href="IPTV_HLP_VOD.html">Videofájlok megtekintése és letöltése</target>
      <target FeatureID="-1" href="IPTV_HLP_SCHEDULE_DOWNLOAD.html">Letöltések időzítése</target>
   </keywords>
   <keywords>
      <text FeatureID="-1">videók és TV, beállítások</text>
      <target FeatureID="-1" href="IPTV_HLP_SETTINGS.html">A Videók és TV alkalmazás beállításai</target>
   </keywords>
   <keywords>
      <text FeatureID="-1">beállítások, videó</text>
      <target FeatureID="-1" href="IPTV_HLP_SETTINGS.html">A Videók és TV alkalmazás beállításai</target>
   </keywords>
</keywords>