<?xml version="1.0" encoding="UTF-8"?><?xml-stylesheet  href="../../theme/xsl/index2html.xslt" type="text/xsl"?>
<topics FeatureID="-1" title="ميوزک پلئير" compressed="true">
   <topicref FeatureID="-1" href="MUS_HLP_TRACKS_VIEW.html" navtitle="گانے"/>
   <topicref FeatureID="-1" href="MUS_HLP_CATEGORY_VIEW.html" navtitle="زمراتِ موسیقی"/>
   <topicref FeatureID="-1" href="MUS_HLP_PODCAST_MAIN_VIEW.html" navtitle="پوڈکاسٹس"/>
   <topicref FeatureID="-1" href="MUS_HLP_PODCAST_EPISODES.html" navtitle="پوڈکاسٹ اقساط"/>
   <topicref FeatureID="-1" href="MUS_HLP_PLAYLISTS_VIEW.html" navtitle="میوزک پلے لسٹ"/>
   <topicref FeatureID="-1" href="MUS_HLP_DOWNLOAD_PLAYBACK_VIEW.html" navtitle="Play music on web"/>
   <topicref FeatureID="-1" href="MUS_HLP_LIB_MAIN_VIEW.html" navtitle="Music library"/>
   <topicref FeatureID="-1" href="MUS_HLP_AUDIO_SETT.html" navtitle="آڈيو کي ترتيبات"/>
</topics>