<?xml version="1.0" encoding="UTF-8"?>
<keywords>
   <keywords>
      <text FeatureID="-1">میوزک سوٹ</text>
      <target FeatureID="-1" href="MUS_HLP_MUSIC_SUITE_VIEW.html">میوزک سوٹ</target>
   </keywords>
   <keywords>
      <text FeatureID="-1">ميوزک پلير</text>
      <target FeatureID="-1" href="MUS_HLP_TRACKS_VIEW.html">گانے</target>
      <target FeatureID="-1" href="MUS_HLP_CATEGORY_VIEW.html">زمراتِ موسیقی</target>
      <target FeatureID="-1" href="MUS_HLP_PODCAST_MAIN_VIEW.html">پوڈکاسٹس</target>
      <target FeatureID="-1" href="MUS_HLP_PODCAST_EPISODES.html">پوڈکاسٹ اقساط</target>
      <target FeatureID="-1" href="MUS_HLP_PLAYLISTS_VIEW.html">میوزک پلے لسٹ</target>
      <target FeatureID="-1" href="MUS_HLP_DOWNLOAD_PLAYBACK_VIEW.html">ویب پر موسیقی چلائیں</target>
      <target FeatureID="-1" href="MUS_HLP_PLAYBACK_VIEW.html">ميوزک پلے کريں</target>
      <target FeatureID="-1" href="MUS_HLP_LIB_MAIN_VIEW.html">موسیقی کی لائبریری</target>
      <target FeatureID="-1" href="MUS_HLP_METADATA_EDITING.html">گانے کی معلومات ترمیم کریں</target>
      <target FeatureID="-1" href="MUS_HLP_ALBUM_ART_EDITING.html">البم آرٹ ترمیم کریں</target>
      <target FeatureID="-1" href="MUS_HLP_AUDIO_SETT.html">آڈيو کي ترتيبات</target>
   </keywords>
   <keywords>
      <text FeatureID="-1">پوڈکاسٹنگ</text>
      <target FeatureID="-1" href="MUS_HLP_PODCAST_MAIN_VIEW.html">پوڈکاسٹس</target>
      <target FeatureID="-1" href="MUS_HLP_PODCAST_EPISODES.html">پوڈکاسٹ اقساط</target>
   </keywords>
   <keywords>
      <text FeatureID="-1">پلے لسٹز</text>
      <target FeatureID="-1" href="MUS_HLP_PLAYLISTS_VIEW.html">میوزک پلے لسٹ</target>
   </keywords>
   <keywords>
      <text FeatureID="-1">البم آرٹ</text>
      <target FeatureID="-1" href="MUS_HLP_ALBUM_ART_EDITING.html">البم آرٹ ترمیم کریں</target>
   </keywords>
   <keywords>
      <text FeatureID="-1">باس بوسٹر</text>
      <target FeatureID="-1" href="MUS_HLP_AUDIO_SETT.html">آڈيو کي ترتيبات</target>
   </keywords>
   <keywords>
      <text FeatureID="-1">اسٹیریو توسیع کاری</text>
      <target FeatureID="-1" href="MUS_HLP_AUDIO_SETT.html">آڈيو کي ترتيبات</target>
   </keywords>
</keywords>