<?xml version="1.0" encoding="UTF-8"?>
<keywords>
   <keywords>
      <text FeatureID="-1">повідомлення стільникової трансляції</text>
      <target FeatureID="-1" href="CBS_HLP_TOPIC_VIEW.html">Повідомлення стільникової трансляції</target>
      <target FeatureID="-1" href="CBS_HLP_MAIN.html">Теми стільникової трансляції</target>
      <target FeatureID="-1" href="CBS_HLP_MSG.html">Перегляд повідомлень стільникової трансляції</target>
   </keywords>
   <keywords>
      <text FeatureID="-1">теми стільникової трансляції</text>
      <target FeatureID="-1" href="CBS_HLP_MAIN.html">Теми стільникової трансляції</target>
   </keywords>
</keywords>