<?xml version="1.0" encoding="UTF-8"?>
<keywords>
   <keywords>
      <text FeatureID="true_298">contestador automático</text>
      <target FeatureID="true_298" href="SMSVO_HLP_CS_VIDEO_AND_XSP_VOIP.html">Buzón de llamadas, vídeo y llamadas Internet</target>
   </keywords>
   <keywords>
      <text FeatureID="true_298">buzón de llamadas de Internet</text>
      <target FeatureID="true_298" href="SMSVO_HLP_CS_VIDEO_AND_XSP_VOIP.html">Buzón de llamadas, vídeo y llamadas Internet</target>
   </keywords>
   <keywords>
      <text FeatureID="true_298">buzón de llamadas</text>
      <target FeatureID="true_298" href="SMSVO_HLP_CS_VIDEO_AND_XSP_VOIP.html">Buzón de llamadas, vídeo y llamadas Internet</target>
   </keywords>
   <keywords>
      <text FeatureID="-1">llamadas de Internet</text>
      <target FeatureID="-1" href="VOIP_HLP_CSC.html">Ajustes de red</target>
      <target FeatureID="true_298" href="VOIP_HLP_SERVCATALOG.html">Catálogo de servicios</target>
      <target FeatureID="-1" href="SERVTAB_HLP_SETTINGS.html">Ajustes de ficha de servicio</target>
   </keywords>
</keywords>