<?xml version="1.0" encoding="UTF-8"?>
<keywords>
   <keywords>
      <text FeatureID="-1">ajustes de mensajes de servicio</text>
      <target FeatureID="-1" href="WPUSH_HLP_SETTINGS.html">Ajustes de mensajes de servicio</target>
   </keywords>
   <keywords>
      <text FeatureID="-1">mensajes empujados</text>
      <target FeatureID="-1" href="WPUSH_HLP_VIEWER.html">Ver mensajes de servicio</target>
   </keywords>
   <keywords>
      <text FeatureID="-1">mensajes de servicios</text>
      <target FeatureID="-1" href="WPUSH_HLP_VIEWER.html">Ver mensajes de servicio</target>
   </keywords>
</keywords>