<?xml version="1.0" encoding="UTF-8"?>
<keywords>
   <keywords>
      <text FeatureID="-1">nastavenia servisných správ</text>
      <target FeatureID="-1" href="WPUSH_HLP_SETTINGS.html">Nastavenia servisných správ</target>
   </keywords>
   <keywords>
      <text FeatureID="-1">správy služby Push</text>
      <target FeatureID="-1" href="WPUSH_HLP_VIEWER.html">Prezeranie servisných správ</target>
   </keywords>
   <keywords>
      <text FeatureID="-1">servisné správy</text>
      <target FeatureID="-1" href="WPUSH_HLP_VIEWER.html">Prezeranie servisných správ</target>
   </keywords>
</keywords>