<?xml version="1.0" encoding="UTF-8"?>
<keywords>
   <keywords>
      <text FeatureID="-1">настроювання режимів</text>
      <target FeatureID="-1" href="MODE_HLP_PERSONALISE.html">Настроювання режимів</target>
   </keywords>
   <keywords>
      <text FeatureID="-1">установки тонів</text>
      <target FeatureID="-1" href="SET_HLP_PERSONAL_TONES.html">Установки тонів</target>
   </keywords>
   <keywords>
      <text FeatureID="-1">тони дзвінка</text>
      <target FeatureID="-1" href="SET_HLP_PERSONAL_TONES.html">Установки тонів</target>
   </keywords>
   <keywords>
      <text FeatureID="-1">режими</text>
      <target FeatureID="-1" href="MODE_HLP_PROFILES_LIST.html">Режими</target>
   </keywords>
   <keywords>
      <text FeatureID="-1">зміна режимів</text>
      <target FeatureID="-1" href="MODE_HLP_PROFILES_LIST.html">Режими</target>
   </keywords>
</keywords>