<?xml version="1.0" encoding="UTF-8"?>
<keywords>
   <keywords>
      <text FeatureID="-1">ساعت, زنگ های هشدار</text>
      <target FeatureID="-1" href="CLK_HLP_ALARM_EDITOR.html">ویرایشگر هشدار ساعت</target>
      <target FeatureID="-1" href="CLK_HLP_REAL_TIME_CLOCK_IN.html">نمای اصلی ساعت</target>
   </keywords>
   <keywords>
      <text FeatureID="-1">ساعت زنگ دار</text>
      <target FeatureID="-1" href="CLK_HLP_ALARM_EDITOR.html">ویرایشگر هشدار ساعت</target>
      <target FeatureID="-1" href="CLK_HLP_REAL_TIME_CLOCK_IN.html">نمای اصلی ساعت</target>
   </keywords>
   <keywords>
      <text FeatureID="-1">ساعت</text>
      <target FeatureID="-1" href="CLK_HLP_CNTDWN.html">تایمر شمارش معکوس</target>
      <target FeatureID="-1" href="CLK_HLP_WRLD_CLK.html">ساعت جهانی</target>
   </keywords>
   <keywords>
      <text FeatureID="-1">تایمرها</text>
      <target FeatureID="-1" href="CLK_HLP_CNTDWN.html">تایمر شمارش معکوس</target>
   </keywords>
   <keywords>
      <text FeatureID="-1">تنظیمات زمان و تاریخ</text>
      <target FeatureID="-1" href="CLK_HLP_SETTINGS.html">تنظیمات زمان و تاریخ</target>
   </keywords>
   <keywords>
      <text FeatureID="-1">تنظیمات ساعت</text>
      <target FeatureID="-1" href="CLK_HLP_SETTINGS.html">تنظیمات زمان و تاریخ</target>
   </keywords>
   <keywords>
      <text FeatureID="-1">ساعت, منطقه های زمانی</text>
      <target FeatureID="-1" href="CLK_HLP_REAL_TIME_CLOCK_AN.html">وقت محلی</target>
   </keywords>
   <keywords>
      <text FeatureID="-1">وقت محلی و منطقه زمانی</text>
      <target FeatureID="-1" href="CLK_HLP_REAL_TIME_CLOCK_AN.html">وقت محلی</target>
   </keywords>
   <keywords>
      <text FeatureID="-1">کرونومتر</text>
      <target FeatureID="-1" href="CCLK_HLP_STPWTCH.html">کرونومتر</target>
   </keywords>
   <keywords>
      <text FeatureID="-1">ساعت های شهر</text>
      <target FeatureID="-1" href="CLK_HLP_WRLD_CLK.html">ساعت جهانی</target>
   </keywords>
   <keywords>
      <text FeatureID="-1">ساعت جهانی</text>
      <target FeatureID="-1" href="CLK_HLP_WRLD_CLK.html">ساعت جهانی</target>
   </keywords>
</keywords>