<?xml version="1.0" encoding="UTF-8"?><?xml-stylesheet  href="../../theme/xsl/index2html.xslt" type="text/xsl"?>
<topics FeatureID="-1" title="Viestit" compressed="true">
   <topicref FeatureID="-1" href="MCE_HLP_MESSAGING.html" navtitle="Viestikeskus"/>
   <topicref FeatureID="-1" href="MCE_HLP_SIM.html" navtitle="SIM-kortin viestit"/>
   <topicref FeatureID="-1" href="MCE_HLP_SETTINGS.html" navtitle="Viestien asetukset"/>
   <topicref FeatureID="-1" href="MCE_HLP_SETTINGS_SMS.html" navtitle="Tekstiviestien asetukset"/>
   <topicref FeatureID="-1" href="SMS_HLP_SETTINGS_SCENTRES.html" navtitle="Viestikeskuksen asetukset"/>
   <topicref FeatureID="-1" href="SMS_HLP_SETTINGS_SCENTRES_EDIT.html" navtitle="Tekstiv.kesk. muokk."/>
   <topicref FeatureID="true_1092" href="SMS_HLP_SETTINGS_SMS_EMAIL.html" navtitle="SMS-sähköp.-asetukset"/>
   <topicref FeatureID="-1" href="MCE_HLP_SETTINGS_MMS.html" navtitle="Multimediaviestien asetukset"/>
   <topicref FeatureID="true_1090" href="MCE_HLP_SETTINGS_CB.html" navtitle="Tiedotteiden asetukset"/>
   <topicref FeatureID="-1" href="MCE_HLP_SETTINGS_GEN.html" navtitle="Muut asetukset"/>
   <topicref FeatureID="-1" href="MCE_HLP_INBOX.html" navtitle="Saapuneet"/>
   <topicref FeatureID="-1" href="MCE_HLP_DOCUMENTS.html" navtitle="Omat kansiot"/>
   <topicref FeatureID="-1" href="MCE_HLP_TEMPLATES.html" navtitle="Viestipohjat"/>
   <topicref FeatureID="-1" href="MCE_HLP_FOLDER.html" navtitle="Viestien järjestely"/>
   <topicref FeatureID="-1" href="MCE_HLP_DRAFTS.html" navtitle="Luonnokset"/>
   <topicref FeatureID="-1" href="MCE_HLP_SENT_ITEMS.html" navtitle="Lähetetyt viestit"/>
   <topicref FeatureID="-1" href="MCE_HLP_OUTBOX.html" navtitle="Lähtevät"/>
   <topicref FeatureID="-1" href="MCE_HLP_DELIVERY_REPORTS.html" navtitle="Välitystiedot"/>
   <topicref FeatureID="true_1132" href="MCE_HLP_MMS_NOTIFICATIONS.html" navtitle="Multimediailmoitukset"/>
</topics>