<?xml version="1.0" encoding="UTF-8"?>
<keywords>
   <keywords>
      <text FeatureID="-1">lähetys, viestit</text>
      <target FeatureID="-1" href="MCE_HLP_MESSAGING.html">Viestikeskus</target>
      <target FeatureID="-1" href="MCE_HLP_OUTBOX.html">Lähtevät</target>
   </keywords>
   <keywords>
      <text FeatureID="-1">vastaanotto, viestit</text>
      <target FeatureID="-1" href="MCE_HLP_MESSAGING.html">Viestikeskus</target>
      <target FeatureID="-1" href="MCE_HLP_INBOX.html">Saapuneet</target>
   </keywords>
   <keywords>
      <text FeatureID="-1">SIM-kortin viestit</text>
      <target FeatureID="-1" href="MCE_HLP_SIM.html">SIM-kortin viestit</target>
   </keywords>
   <keywords>
      <text FeatureID="-1">viestit SIM-kortilla</text>
      <target FeatureID="-1" href="MCE_HLP_SIM.html">SIM-kortin viestit</target>
   </keywords>
   <keywords>
      <text FeatureID="-1">viestien asetukset</text>
      <target FeatureID="-1" href="MCE_HLP_SETTINGS.html">Viestien asetukset</target>
      <target FeatureID="-1" href="MCE_HLP_SETTINGS_GEN.html">Muut asetukset</target>
   </keywords>
   <keywords>
      <text FeatureID="-1">SMS-viestien asetukset</text>
      <target FeatureID="-1" href="MCE_HLP_SETTINGS_SMS.html">Tekstiviestien asetukset</target>
   </keywords>
   <keywords>
      <text FeatureID="-1">tekstiviestien asetukset</text>
      <target FeatureID="-1" href="MCE_HLP_SETTINGS_SMS.html">Tekstiviestien asetukset</target>
      <target FeatureID="-1" href="SMS_HLP_SETTINGS_SCENTRES.html">Viestikeskuksen asetukset</target>
      <target FeatureID="-1" href="SMS_HLP_SETTINGS_SCENTRES_EDIT.html">Tekstiv.kesk. muokk.</target>
   </keywords>
   <keywords>
      <text FeatureID="-1">viestikeskuksen asetukset</text>
      <target FeatureID="-1" href="SMS_HLP_SETTINGS_SCENTRES.html">Viestikeskuksen asetukset</target>
      <target FeatureID="-1" href="SMS_HLP_SETTINGS_SCENTRES_EDIT.html">Tekstiv.kesk. muokk.</target>
   </keywords>
   <keywords>
      <text FeatureID="-1">SMS-keskuksen asetukset</text>
      <target FeatureID="-1" href="SMS_HLP_SETTINGS_SCENTRES.html">Viestikeskuksen asetukset</target>
   </keywords>
   <keywords>
      <text FeatureID="true_1092">tekstiviestisähköposti</text>
      <target FeatureID="true_1092" href="SMS_HLP_SETTINGS_SMS_EMAIL.html">SMS-sähköp.-asetukset</target>
   </keywords>
   <keywords>
      <text FeatureID="true_1092">SMS-sähköp.­asetukset</text>
      <target FeatureID="true_1092" href="SMS_HLP_SETTINGS_SMS_EMAIL.html">SMS-sähköp.-asetukset</target>
   </keywords>
   <keywords>
      <text FeatureID="-1">MMS-asetukset</text>
      <target FeatureID="-1" href="MCE_HLP_SETTINGS_MMS.html">Multimediaviestien asetukset</target>
   </keywords>
   <keywords>
      <text FeatureID="true_1090">tiedotteet, asetukset</text>
      <target FeatureID="true_1090" href="MCE_HLP_SETTINGS_CB.html">Tiedotteiden asetukset</target>
   </keywords>
   <keywords>
      <text FeatureID="-1">saapuneet</text>
      <target FeatureID="-1" href="MCE_HLP_INBOX.html">Saapuneet</target>
   </keywords>
   <keywords>
      <text FeatureID="-1">omat kansiot</text>
      <target FeatureID="-1" href="MCE_HLP_DOCUMENTS.html">Omat kansiot</target>
   </keywords>
   <keywords>
      <text FeatureID="-1">tallennus, viestit</text>
      <target FeatureID="-1" href="MCE_HLP_DOCUMENTS.html">Omat kansiot</target>
   </keywords>
   <keywords>
      <text FeatureID="-1">lähettäminen, pohjat</text>
      <target FeatureID="-1" href="MCE_HLP_TEMPLATES.html">Viestipohjat</target>
   </keywords>
   <keywords>
      <text FeatureID="-1">viestipohjat</text>
      <target FeatureID="-1" href="MCE_HLP_TEMPLATES.html">Viestipohjat</target>
   </keywords>
   <keywords>
      <text FeatureID="-1">järjestely, viestit</text>
      <target FeatureID="-1" href="MCE_HLP_FOLDER.html">Viestien järjestely</target>
   </keywords>
   <keywords>
      <text FeatureID="-1">tallennus, luonnokset</text>
      <target FeatureID="-1" href="MCE_HLP_DRAFTS.html">Luonnokset</target>
   </keywords>
   <keywords>
      <text FeatureID="-1">viesti­luonnokset</text>
      <target FeatureID="-1" href="MCE_HLP_DRAFTS.html">Luonnokset</target>
   </keywords>
   <keywords>
      <text FeatureID="-1">lähetetyt viestit</text>
      <target FeatureID="-1" href="MCE_HLP_SENT_ITEMS.html">Lähetetyt viestit</target>
   </keywords>
   <keywords>
      <text FeatureID="-1">lähtevien viestien tarkasteleminen</text>
      <target FeatureID="-1" href="MCE_HLP_OUTBOX.html">Lähtevät</target>
   </keywords>
   <keywords>
      <text FeatureID="-1">välitystiedot</text>
      <target FeatureID="-1" href="MCE_HLP_DELIVERY_REPORTS.html">Välitystiedot</target>
   </keywords>
   <keywords>
      <text FeatureID="true_1132">Multimedia­ilmoitukset</text>
      <target FeatureID="true_1132" href="MCE_HLP_MMS_NOTIFICATIONS.html">Multimediailmoitukset</target>
   </keywords>
</keywords>