<?xml version="1.0" encoding="UTF-8"?>
<keywords>
   <keywords>
      <text FeatureID="-1">μονάδα ασφαλείας</text>
      <target FeatureID="-1" href="SECMOD_HLP_ACCESSCODE_VIEW.html">Kωδικός PIN μονάδας ασφαλείας</target>
      <target FeatureID="-1" href="SECMOD_HLP_MAIN_VIEW.html">Μονάδα ασφαλείας</target>
      <target FeatureID="-1" href="SEMOD_HLP_SIGNINGCODE_VIEW.html">Επεξεργασία κωδικού υπογραφής</target>
   </keywords>
   <keywords>
      <text FeatureID="-1">κωδικός PIN</text>
      <target FeatureID="-1" href="SECMOD_HLP_ACCESSCODE_VIEW.html">Kωδικός PIN μονάδας ασφαλείας</target>
   </keywords>
   <keywords>
      <text FeatureID="-1">κωδικοί μονάδας ασφαλείας</text>
      <target FeatureID="-1" href="SECMOD_HLP_CODE_VIEW.html">Κωδικοί μονάδας ασφαλείας</target>
   </keywords>
   <keywords>
      <text FeatureID="-1">κωδικός PIN για μονάδα ασφαλείας</text>
      <target FeatureID="-1" href="SECMOD_HLP_CODE_VIEW.html">Κωδικοί μονάδας ασφαλείας</target>
   </keywords>
   <keywords>
      <text FeatureID="-1">χώρος αποθήκευσης κλειδιών</text>
      <target FeatureID="-1" href="SECMOD_HLP_MAIN_VIEW.html">Μονάδα ασφαλείας</target>
   </keywords>
   <keywords>
      <text FeatureID="-1">κωδικός υπογραφής</text>
      <target FeatureID="-1" href="SEMOD_HLP_SIGNINGCODE_VIEW.html">Επεξεργασία κωδικού υπογραφής</target>
   </keywords>
   <keywords>
      <text FeatureID="-1">ψηφιακές υπογραφές</text>
      <target FeatureID="-1" href="SEMOD_HLP_SIGNINGCODE_VIEW.html">Επεξεργασία κωδικού υπογραφής</target>
   </keywords>
</keywords>