<?xml version="1.0" encoding="UTF-8"?>
<keywords>
   <keywords>
      <text FeatureID="-1">pesan area</text>
      <target FeatureID="-1" href="CBS_HLP_TOPIC_VIEW.html">Pesan area</target>
      <target FeatureID="-1" href="CBS_HLP_MAIN.html">Topik pesan area</target>
      <target FeatureID="-1" href="CBS_HLP_MSG.html">Melihat pesan CBS</target>
   </keywords>
   <keywords>
      <text FeatureID="-1">topik pesan area</text>
      <target FeatureID="-1" href="CBS_HLP_MAIN.html">Topik pesan area</target>
   </keywords>
</keywords>