<?xml version="1.0" encoding="UTF-8"?>
<keywords>
   <keywords>
      <text FeatureID="-1">balss komandas</text>
      <target FeatureID="true_72" href="HLP_VC_SIND_FOLDER.html">Programmu skats</target>
      <target FeatureID="true_72" href="HLP_VC_SIND_MAIN.html">Balss komandu izmantošana</target>
      <target FeatureID="-1" href="VCINFO_HLP_MAINVIEW.html">Kontaktiem</target>
   </keywords>
   <keywords>
      <text FeatureID="-1">balss kom. uzstādījumi</text>
      <target FeatureID="-1" href="HLP_VC_SET.html">Balss koman­du uzstād.</target>
   </keywords>
</keywords>