<?xml version="1.0" encoding="UTF-8"?>
<keywords>
   <keywords>
      <text FeatureID="-1">zvanu pastkaste</text>
      <target FeatureID="-1" href="SMSVO_HLP_MAIN_VIEW.html">Zvanu pastkaste</target>
      <target FeatureID="true_298" href="SMSVO_HLP_CS_VIDEO_AND_XSP_VOIP.html">Zvanu, videozvanu un interneta zvanu pastkaste</target>
   </keywords>
   <keywords>
      <text FeatureID="-1">automātiskais atbildētājs</text>
      <target FeatureID="-1" href="SMSVO_HLP_MAIN_VIEW.html">Zvanu pastkaste</target>
      <target FeatureID="true_89" href="SMSVO_HLP_CS_AND_VIDEO.html">Zvanu un video pastkaste</target>
      <target FeatureID="true_298" href="SMSVO_HLP_CS_VIDEO_AND_XSP_VOIP.html">Zvanu, videozvanu un interneta zvanu pastkaste</target>
   </keywords>
   <keywords>
      <text FeatureID="true_89">video pastkaste</text>
      <target FeatureID="true_89" href="SMSVO_HLP_CS_AND_VIDEO.html">Zvanu un video pastkaste</target>
   </keywords>
   <keywords>
      <text FeatureID="true_298">interneta zvanu pastkaste</text>
      <target FeatureID="true_298" href="SMSVO_HLP_CS_VIDEO_AND_XSP_VOIP.html">Zvanu, videozvanu un interneta zvanu pastkaste</target>
   </keywords>
</keywords>