<?xml version="1.0" encoding="UTF-8"?>
<keywords>
   <keywords>
      <text FeatureID="-1">pembaca mesej, bahasa</text>
      <target FeatureID="-1" href="SPEECH_HLP_MAIN.html">Tetapan pertuturan</target>
   </keywords>
   <keywords>
      <text FeatureID="-1">pembaca mesej, suara</text>
      <target FeatureID="-1" href="SPEECH_HLP_MAIN.html">Tetapan pertuturan</target>
   </keywords>
   <keywords>
      <text FeatureID="-1">pembaca mesej</text>
      <target FeatureID="-1" href="SPEECH_HLP_VOICE.html">Butiran suara</target>
   </keywords>
   <keywords>
      <text FeatureID="-1">pembaca mesej, tetapan</text>
      <target FeatureID="-1" href="SPEECH_HLP_MRSETTINGS.html">Tetapan pembaca mesej</target>
   </keywords>
</keywords>