<?xml version="1.0" encoding="UTF-8"?>
<keywords>
   <keywords>
      <text FeatureID="-1">Φωτογραφίες</text>
      <target FeatureID="-1" href="LGAL_HLP_ALBUM_LIST.html">Άλμπουμ</target>
      <target FeatureID="-1" href="LGAL_HLP_ALL_GRID.html">Περιήγηση σε όλα τα αρχεία πολυμέσων</target>
      <target FeatureID="-1" href="LGAL_HLP_ALBUM_GRID.html">Περιήγηση αρχείων πολυμέσων σε άλμπουμ</target>
      <target FeatureID="-1" href="LGAL_HLP_TAGS_GRID.html">Περιήγηση σε αρχεία πολυμέσων με ετικέτες</target>
      <target FeatureID="-1" href="LGAL_HLP_DETAILS_VIEW.html">Προβολή και επεξεργασία λεπτομερειών αρχείου</target>
      <target FeatureID="-1" href="LGAL_HLP_TAGS_BROWSER.html">Ετικέτες</target>
      <target FeatureID="-1" href="LGAL_HLP_MONTH_FULLSCREEN.html">Προβολή αρχείων πολυμέσων κατά μήνα</target>
      <target FeatureID="-1" href="LGAL_HLP_MONTH_GRID.html">Περιήγηση σε αρχεία πολυμέσων κατά μήνα</target>
      <target FeatureID="-1" href="LGAL_HLP_VIEW_LIST.html">Φωτογραφίες</target>
      <target FeatureID="-1" href="LGAL_HLP_MONTH_LIST.html">Μήνες</target>
      <target FeatureID="-1" href="LGAL_HLP_SLIDESHOW_SETTINGS.html">Ρυθμίσεις προβολής διαφανειών</target>
      <target FeatureID="-1" href="LGAL_HLP_ALL_FULLSCREEN.html">Προβολή αρχείων πολυμέσων</target>
      <target FeatureID="-1" href="LGAL_HLP_ALBUM_FULLSCREEN.html">Προβολή αρχείων πολυμέσων στα άλμπουμ</target>
      <target FeatureID="-1" href="LGAL_HLP_TAGS_FULLSCREEN.html">Προβολή αρχείων πολυμέσων με ετικέτα</target>
   </keywords>
   <keywords>
      <text FeatureID="-1">άλμπουμ</text>
      <target FeatureID="-1" href="LGAL_HLP_ALBUM_LIST.html">Άλμπουμ</target>
      <target FeatureID="-1" href="LGAL_HLP_ALBUM_GRID.html">Περιήγηση αρχείων πολυμέσων σε άλμπουμ</target>
      <target FeatureID="-1" href="LGAL_HLP_VIEW_LIST.html">Φωτογραφίες</target>
      <target FeatureID="-1" href="LGAL_HLP_ALBUM_FULLSCREEN.html">Προβολή αρχείων πολυμέσων στα άλμπουμ</target>
   </keywords>
   <keywords>
      <text FeatureID="-1">ετικέτες</text>
      <target FeatureID="-1" href="LGAL_HLP_TAGS_GRID.html">Περιήγηση σε αρχεία πολυμέσων με ετικέτες</target>
      <target FeatureID="-1" href="LGAL_HLP_TAGS_BROWSER.html">Ετικέτες</target>
      <target FeatureID="-1" href="LGAL_HLP_VIEW_LIST.html">Φωτογραφίες</target>
      <target FeatureID="-1" href="LGAL_HLP_TAGS_FULLSCREEN.html">Προβολή αρχείων πολυμέσων με ετικέτα</target>
   </keywords>
   <keywords>
      <text FeatureID="-1">εμφάνιση σλάιντς</text>
      <target FeatureID="-1" href="LGAL_HLP_SLIDESHOW_SETTINGS.html">Ρυθμίσεις προβολής διαφανειών</target>
   </keywords>
</keywords>