<?xml version="1.0" encoding="UTF-8"?>
<keywords>
   <keywords>
      <text FeatureID="-1">reprod. música</text>
      <target FeatureID="-1" href="MUS_HLP_TRACKS_VIEW.html">Canciones</target>
      <target FeatureID="-1" href="MUS_HLP_CATEGORY_VIEW.html">Categorías de música</target>
   </keywords>
   <keywords>
      <text FeatureID="-1">reproductor de música</text>
      <target FeatureID="-1" href="MUS_HLP_PODCAST_MAIN_VIEW.html">Podcasts</target>
      <target FeatureID="-1" href="MUS_HLP_PODCAST_EPISODES.html">Episodios de podcasts</target>
      <target FeatureID="-1" href="MUS_HLP_PLAYLISTS_VIEW.html">Lista de reproducción de música</target>
      <target FeatureID="-1" href="MUS_HLP_AUDIO_SETT.html">Ajustes de audio</target>
   </keywords>
   <keywords>
      <text FeatureID="-1">podcasting</text>
      <target FeatureID="-1" href="MUS_HLP_PODCAST_MAIN_VIEW.html">Podcasts</target>
      <target FeatureID="-1" href="MUS_HLP_PODCAST_EPISODES.html">Episodios de podcasts</target>
   </keywords>
   <keywords>
      <text FeatureID="-1">listas de reproducción</text>
      <target FeatureID="-1" href="MUS_HLP_PLAYLISTS_VIEW.html">Lista de reproducción de música</target>
   </keywords>
   <keywords>
      <text FeatureID="-1">music player</text>
      <target FeatureID="-1" href="MUS_HLP_DOWNLOAD_PLAYBACK_VIEW.html">Play music on web</target>
      <target FeatureID="-1" href="MUS_HLP_LIB_MAIN_VIEW.html">Music library</target>
   </keywords>
   <keywords>
      <text FeatureID="-1">potenciador de bajos</text>
      <target FeatureID="-1" href="MUS_HLP_AUDIO_SETT.html">Ajustes de audio</target>
   </keywords>
   <keywords>
      <text FeatureID="-1">reforzamiento de estéreo</text>
      <target FeatureID="-1" href="MUS_HLP_AUDIO_SETT.html">Ajustes de audio</target>
   </keywords>
</keywords>