<?xml version="1.0" encoding="UTF-8"?>
<keywords>
   <keywords>
      <text FeatureID="-1">infodienstberichten</text>
      <target FeatureID="-1" href="CBS_HLP_TOPIC_VIEW.html">Infodienstberichten</target>
      <target FeatureID="-1" href="CBS_HLP_MAIN.html">Infodienstonderwerpen</target>
      <target FeatureID="-1" href="CBS_HLP_MSG.html">Infodienstberichten weergeven</target>
   </keywords>
   <keywords>
      <text FeatureID="-1">infodienstberichten, onderwerpen</text>
      <target FeatureID="-1" href="CBS_HLP_MAIN.html">Infodienstonderwerpen</target>
   </keywords>
</keywords>