<?xml version="1.0" encoding="UTF-8"?>
<keywords>
   <keywords>
      <text FeatureID="-1">Bluetooth</text>
      <target FeatureID="-1" href="BT_HLP_MAIN.html">Bluetooth</target>
      <target FeatureID="-1" href="BT_HLP_PAIRED.html">장치와 연결</target>
      <target FeatureID="-1" href="BT_HLP_BLOCKED.html">장치 차단</target>
   </keywords>
   <keywords>
      <text FeatureID="-1">Bluetooth 설정</text>
      <target FeatureID="-1" href="BT_HLP_MAIN.html">Bluetooth</target>
   </keywords>
   <keywords>
      <text FeatureID="-1">장치 연결</text>
      <target FeatureID="-1" href="BT_HLP_PAIRED.html">장치와 연결</target>
   </keywords>
   <keywords>
      <text FeatureID="-1">차단된 장치</text>
      <target FeatureID="-1" href="BT_HLP_BLOCKED.html">장치 차단</target>
   </keywords>
   <keywords>
      <text FeatureID="true_12">무선 키보드</text>
      <target FeatureID="true_12" href="BTKEYBOARD_HLP_SETTINGS.html">무선 키보드</target>
   </keywords>
</keywords>