<?xml version="1.0" encoding="UTF-8"?>
<keywords>
   <keywords>
      <text FeatureID="-1">پيغامات بھيجنا</text>
      <target FeatureID="-1" href="UNIFIED_HLP_EDITOR.html">پیغامات تشکیل کریں</target>
   </keywords>
   <keywords>
      <text FeatureID="-1">پیغام ایڈیٹر</text>
      <target FeatureID="-1" href="UNIFIED_HLP_EDITOR.html">پیغامات تشکیل کریں</target>
   </keywords>
   <keywords>
      <text FeatureID="-1">پیغامات</text>
      <target FeatureID="-1" href="UNIFIED_HLP_SENDING_OPTIONS.html">بھيجنے کے اختيارات</target>
   </keywords>
   <keywords>
      <text FeatureID="-1">بھيجنے کے اختيارات</text>
      <target FeatureID="-1" href="UNIFIED_HLP_SENDING_OPTIONS.html">بھيجنے کے اختيارات</target>
   </keywords>
   <keywords>
      <text FeatureID="-1">ميڈيا کے اشياء</text>
      <target FeatureID="-1" href="UNIFIED_HLP_ED_OBJECTS.html">موصولہ میڈیا موضوعات</target>
      <target FeatureID="-1" href="UNIFIED_HLP_ED_OBJECTS.html">موصولہ میڈیا موضوعات</target>
   </keywords>
</keywords>