<?xml version="1.0" encoding="UTF-8"?><?xml-stylesheet  href="../../theme/xsl/index2html.xslt" type="text/xsl"?>
<topics FeatureID="-1" title="Ημερολόγιο" compressed="true">
   <topicref FeatureID="-1" href="CALE_HLP_NOTE_VIEWER.html" navtitle="Καταχωρίσεις ημερολογίου"/>
   <topicref FeatureID="-1" href="CALE_HLP_SETTINGS.html" navtitle="Ρυθμίσεις Ημερολογίου"/>
   <topicref FeatureID="-1" href="CALE_HLP_DAY_VIEW.html" navtitle="Προβολή Ημέρας"/>
   <topicref FeatureID="-1" href="CALE_HLP_NOTE_MEETING.html" navtitle="Καταχωρίσεις συσκέψεων"/>
   <topicref FeatureID="-1" href="CALE_HLP_MONTH_VIEW.html" navtitle="Προβολή Μήνα"/>
   <topicref FeatureID="-1" href="CALE_HLP_TODO_NOTE.html" navtitle="Καταχωρίσεις Υποχρεώσεων"/>
   <topicref FeatureID="-1" href="CALE_HLP_TODO_VIEW.html" navtitle="Προβολή Υποχρεώσεων"/>
   <topicref FeatureID="-1" href="CALE_HLP_WEEK_VIEW.html" navtitle="Προβολή Εβδομάδας"/>
   <topicref FeatureID="-1" href="CALE_HLP_CALENDAR_DATABASE_SETTINGS.html" navtitle="Ρυθμίσεις πολλών ημερολογίων"/>
   <topicref FeatureID="-1" href="CALE_HLP_CALE_MAN_VIEW.html" navtitle="Προβολή διαχείρισης ημερολογίων"/>
   <topicref FeatureID="-1" href="CALE_HLP_ATTACH_VIEW.html" navtitle="Προβολή συνημμένων"/>
   <topicref FeatureID="-1" href="CALE_HLP_MAV.html" navtitle="Προβολή ειδοποιήσεων που χάσατε"/>
</topics>