<?xml version="1.0" encoding="UTF-8"?>
<keywords>
   <keywords>
      <text FeatureID="-1">ημερολόγιο</text>
      <target FeatureID="-1" href="CALE_HLP_NOTE_ANNIVERSARY.html">Καταχωρίσεις επετείων</target>
      <target FeatureID="-1" href="CALE_HLP_NOTE_VIEWER.html">Καταχωρίσεις ημερολογίου</target>
      <target FeatureID="-1" href="CALE_HLP_DAY_VIEW.html">Προβολή Ημέρας</target>
      <target FeatureID="-1" href="CALE_HLP_NOTE_MEETING.html">Καταχωρίσεις συσκέψεων</target>
      <target FeatureID="-1" href="CALE_HLP_NOTE_DAY.html">Καταχωρίσεις υπομνημάτων</target>
      <target FeatureID="-1" href="CALE_HLP_MONTH_VIEW.html">Προβολή Μήνα</target>
      <target FeatureID="-1" href="CALE_HLP_TODO_NOTE.html">Καταχωρίσεις Υποχρεώσεων</target>
      <target FeatureID="-1" href="CALE_HLP_TODO_VIEW.html">Προβολή Υποχρεώσεων</target>
      <target FeatureID="-1" href="CALE_HLP_WEEK_VIEW.html">Προβολή Εβδομάδας</target>
   </keywords>
   <keywords>
      <text FeatureID="-1">σημειώσεις επετείων</text>
      <target FeatureID="-1" href="CALE_HLP_NOTE_ANNIVERSARY.html">Καταχωρίσεις επετείων</target>
      <target FeatureID="-1" href="CALE_HLP_NOTE_VIEWER.html">Καταχωρίσεις ημερολογίου</target>
   </keywords>
   <keywords>
      <text FeatureID="-1">συσκέψεις</text>
      <target FeatureID="-1" href="CALE_HLP_NOTE_VIEWER.html">Καταχωρίσεις ημερολογίου</target>
      <target FeatureID="-1" href="CALE_HLP_NOTE_MEETING.html">Καταχωρίσεις συσκέψεων</target>
   </keywords>
   <keywords>
      <text FeatureID="-1">σημειώσεις memo</text>
      <target FeatureID="-1" href="CALE_HLP_NOTE_VIEWER.html">Καταχωρίσεις ημερολογίου</target>
      <target FeatureID="-1" href="CALE_HLP_NOTE_DAY.html">Καταχωρίσεις υπομνημάτων</target>
   </keywords>
   <keywords>
      <text FeatureID="-1">σημειώσεις υποχρεώσεων</text>
      <target FeatureID="-1" href="CALE_HLP_NOTE_VIEWER.html">Καταχωρίσεις ημερολογίου</target>
      <target FeatureID="-1" href="CALE_HLP_TODO_NOTE.html">Καταχωρίσεις Υποχρεώσεων</target>
   </keywords>
   <keywords>
      <text FeatureID="-1">ρυθμίσεις ημερολογίου</text>
      <target FeatureID="-1" href="CALE_HLP_SETTINGS.html">Ρυθμίσεις Ημερολογίου</target>
   </keywords>
   <keywords>
      <text FeatureID="-1">λίστα υποχρεώσεων</text>
      <target FeatureID="-1" href="CALE_HLP_TODO_VIEW.html">Προβολή Υποχρεώσεων</target>
   </keywords>
</keywords>