<?xml version="1.0" encoding="UTF-8"?>
<keywords>
   <keywords>
      <text FeatureID="-1">ημερολόγιο</text>
      <target FeatureID="-1" href="CALE_HLP_NOTE_VIEWER.html">Καταχωρίσεις ημερολογίου</target>
      <target FeatureID="-1" href="CALE_HLP_DAY_VIEW.html">Προβολή Ημέρας</target>
      <target FeatureID="-1" href="CALE_HLP_NOTE_MEETING.html">Καταχωρίσεις συσκέψεων</target>
      <target FeatureID="-1" href="CALE_HLP_MONTH_VIEW.html">Προβολή Μήνα</target>
      <target FeatureID="-1" href="CALE_HLP_TODO_NOTE.html">Καταχωρίσεις Υποχρεώσεων</target>
      <target FeatureID="-1" href="CALE_HLP_TODO_VIEW.html">Προβολή Υποχρεώσεων</target>
      <target FeatureID="-1" href="CALE_HLP_WEEK_VIEW.html">Προβολή Εβδομάδας</target>
      <target FeatureID="-1" href="CALE_HLP_CALENDAR_DATABASE_SETTINGS.html">Ρυθμίσεις πολλών ημερολογίων</target>
      <target FeatureID="-1" href="CALE_HLP_CALE_MAN_VIEW.html">Προβολή διαχείρισης ημερολογίων</target>
      <target FeatureID="-1" href="CALE_HLP_ATTACH_VIEW.html">Προβολή συνημμένων</target>
      <target FeatureID="-1" href="CALE_HLP_MAV.html">Προβολή ειδοποιήσεων που χάσατε</target>
   </keywords>
   <keywords>
      <text FeatureID="-1">συσκέψεις</text>
      <target FeatureID="-1" href="CALE_HLP_NOTE_VIEWER.html">Καταχωρίσεις ημερολογίου</target>
      <target FeatureID="-1" href="CALE_HLP_NOTE_MEETING.html">Καταχωρίσεις συσκέψεων</target>
   </keywords>
   <keywords>
      <text FeatureID="-1">σημειώσεις υποχρεώσεων</text>
      <target FeatureID="-1" href="CALE_HLP_NOTE_VIEWER.html">Καταχωρίσεις ημερολογίου</target>
      <target FeatureID="-1" href="CALE_HLP_TODO_NOTE.html">Καταχωρίσεις Υποχρεώσεων</target>
   </keywords>
   <keywords>
      <text FeatureID="-1">ρυθμίσεις ημερολογίου</text>
      <target FeatureID="-1" href="CALE_HLP_SETTINGS.html">Ρυθμίσεις Ημερολογίου</target>
   </keywords>
   <keywords>
      <text FeatureID="-1">λίστα υποχρεώσεων</text>
      <target FeatureID="-1" href="CALE_HLP_TODO_VIEW.html">Προβολή Υποχρεώσεων</target>
   </keywords>
   <keywords>
      <text FeatureID="-1">ρυθμίσεις, ημερολόγιο</text>
      <target FeatureID="-1" href="CALE_HLP_CALENDAR_DATABASE_SETTINGS.html">Ρυθμίσεις πολλών ημερολογίων</target>
   </keywords>
   <keywords>
      <text FeatureID="-1">συνημμένα</text>
      <target FeatureID="-1" href="CALE_HLP_ATTACH_VIEW.html">Προβολή συνημμένων</target>
   </keywords>
   <keywords>
      <text FeatureID="-1">ειδοποιήσεις, σημείωση ημερολογίου</text>
      <target FeatureID="-1" href="CALE_HLP_MAV.html">Προβολή ειδοποιήσεων που χάσατε</target>
   </keywords>
</keywords>