<?xml version="1.0" encoding="UTF-8"?>
<keywords>
   <keywords>
      <text FeatureID="-1">partekatzeko edukia</text>
      <target FeatureID="-1" href="UPNP_HLP_SHARE_CONTENT.html">Partekatzeko edukia hautatzea</target>
   </keywords>
   <keywords>
      <text FeatureID="-1">home media</text>
      <target FeatureID="-1" href="UPNP_HLP_SHARE_CONTENT.html">Partekatzeko edukia hautatzea</target>
      <target FeatureID="-1" href="UPNP_HLP_SHARING_PROP.html">Partekatze ezarpenak</target>
      <target FeatureID="-1" href="UPNP_HLP_MAIN_VIEW.html">Gailu pertsonalak</target>
      <target FeatureID="-1" href="UPNP_HLP_MAIN_EXTERNAL.html">Home media gailuak</target>
      <target FeatureID="-1" href="UPNP_HLP_CONTENT_VIEW.html">Home media fitxategiak</target>
      <target FeatureID="-1" href="UPNP_HLP_REMOTE_DEVICES.html">Home media karpetak</target>
      <target FeatureID="-1" href="UPNP_HLP_SEARCH.html">Emaitzak bilatu</target>
   </keywords>
   <keywords>
      <text FeatureID="-1">irudiak eta bideoak partekatu</text>
      <target FeatureID="-1" href="UPNP_HLP_SHARE_CONTENT.html">Partekatzeko edukia hautatzea</target>
   </keywords>
   <keywords>
      <text FeatureID="-1">multimedia fitxategiak partekatu</text>
      <target FeatureID="-1" href="UPNP_HLP_SHARING_PROP.html">Partekatze ezarpenak</target>
      <target FeatureID="-1" href="UPNP_HLP_MAIN_VIEW.html">Gailu pertsonalak</target>
      <target FeatureID="-1" href="UPNP_HLP_MAIN_EXTERNAL.html">Home media gailuak</target>
      <target FeatureID="-1" href="UPNP_HLP_CONTENT_VIEW.html">Home media fitxategiak</target>
      <target FeatureID="-1" href="UPNP_HLP_REMOTE_DEVICES.html">Home media karpetak</target>
      <target FeatureID="-1" href="UPNP_HLP_SEARCH.html">Emaitzak bilatu</target>
   </keywords>
   <keywords>
      <text FeatureID="-1">fitxategiak urruneko gailuetan ikusi</text>
      <target FeatureID="-1" href="UPNP_HLP_SHARING_PROP.html">Partekatze ezarpenak</target>
      <target FeatureID="-1" href="UPNP_HLP_MAIN_VIEW.html">Gailu pertsonalak</target>
      <target FeatureID="-1" href="UPNP_HLP_MAIN_EXTERNAL.html">Home media gailuak</target>
      <target FeatureID="-1" href="UPNP_HLP_CONTENT_VIEW.html">Home media fitxategiak</target>
      <target FeatureID="-1" href="UPNP_HLP_REMOTE_DEVICES.html">Home media karpetak</target>
      <target FeatureID="-1" href="UPNP_HLP_SEARCH.html">Emaitzak bilatu</target>
   </keywords>
   <keywords>
      <text FeatureID="-1">propietateak partekatu</text>
      <target FeatureID="-1" href="UPNP_HLP_SHARING_PROP.html">Partekatze ezarpenak</target>
   </keywords>
</keywords>