<?xml version="1.0" encoding="UTF-8"?>
<keywords>
   <keywords>
      <text FeatureID="true_410">oppringing</text>
      <target FeatureID="true_410" href="DIALER_HLP_MAIN.html">Ringe</target>
   </keywords>
   <keywords>
      <text FeatureID="true_410">ringe</text>
      <target FeatureID="true_410" href="DIALER_HLP_MAIN.html">Ringe</target>
   </keywords>
   <keywords>
      <text FeatureID="-1">telefon­samtaler</text>
      <target FeatureID="-1" href="INCAL_HLP_CALL_HANDLING.html">Telefonsamt.</target>
   </keywords>
   <keywords>
      <text FeatureID="-1">konferansesamtaler</text>
      <target FeatureID="-1" href="INCAL_HLP_CALL_HANDLING.html">Telefonsamt.</target>
   </keywords>
   <keywords>
      <text FeatureID="-1">samtaleveksling</text>
      <target FeatureID="-1" href="INCAL_HLP_CALL_HANDLING.html">Telefonsamt.</target>
   </keywords>
   <keywords>
      <text FeatureID="-1">telefon</text>
      <target FeatureID="-1" href="INCAL_HLP_CALL_HANDLING.html">Telefonsamt.</target>
   </keywords>
   <keywords>
      <text FeatureID="true_410">DTMF-toner</text>
      <target FeatureID="true_410" href="DIALER_HLP_SEND_DTMF.html">Sende DTMF-toner</target>
   </keywords>
   <keywords>
      <text FeatureID="true_89">videoanrop</text>
      <target FeatureID="true_89" href="INCAL_HLP_VIDEO_CALL.html">Videoanrop</target>
   </keywords>
</keywords>