<?xml version="1.0" encoding="UTF-8"?><?xml-stylesheet  href="../../theme/xsl/index2html.xslt" type="text/xsl"?>
<topics FeatureID="-1" title="Protokolle" compressed="true">
   <topicref FeatureID="-1" href="GPRS_HLP_MAIN.html" navtitle="Paketdatenverbindungen"/>
   <topicref FeatureID="-1" href="LOGS_HLP_COUNTER.html" navtitle="Anruf- und Datenlisten"/>
   <topicref FeatureID="-1" href="LOGS_HLP_DETAIL.html" navtitle="Details zu Protokollereignissen"/>
   <topicref FeatureID="-1" href="LOGS_HLP_MAIN.html" navtitle="Protokollinformationen"/>
   <topicref FeatureID="-1" href="LOGS_HLP_SETTING.html" navtitle="Protokolleinstellungen"/>
   <topicref FeatureID="-1" href="STM_HLP_DIALLED.html" navtitle="Gewählte Nummern"/>
   <topicref FeatureID="-1" href="STM_HLP_MAIN.html" navtitle="Letzte Anrufe"/>
   <topicref FeatureID="-1" href="STM_HLP_MISSED.html" navtitle="Anrufe in Abwesenheit"/>
   <topicref FeatureID="-1" href="STM_HLP_RECEIVED.html" navtitle="Angenommene Anrufe"/>
   <topicref FeatureID="-1" href="TIMERS_HLP_MAIN.html" navtitle="Gesprächsdauer"/>
</topics>