<?xml version="1.0" encoding="UTF-8"?>
<keywords>
   <keywords>
      <text FeatureID="-1">Paketdatenverbindungen</text>
      <target FeatureID="-1" href="GPRS_HLP_MAIN.html">Paketdatenverbindungen</target>
      <target FeatureID="-1" href="LOGS_HLP_COUNTER.html">Anruf- und Datenlisten</target>
   </keywords>
   <keywords>
      <text FeatureID="-1">Gesprächsdauer</text>
      <target FeatureID="-1" href="LOGS_HLP_COUNTER.html">Anruf- und Datenlisten</target>
      <target FeatureID="-1" href="TIMERS_HLP_MAIN.html">Gesprächsdauer</target>
   </keywords>
   <keywords>
      <text FeatureID="-1">Letzte Anrufe</text>
      <target FeatureID="-1" href="LOGS_HLP_COUNTER.html">Anruf- und Datenlisten</target>
      <target FeatureID="-1" href="STM_HLP_MAIN.html">Letzte Anrufe</target>
   </keywords>
   <keywords>
      <text FeatureID="-1">Protokolle</text>
      <target FeatureID="-1" href="LOGS_HLP_DETAIL.html">Details zu Protokollereignissen</target>
      <target FeatureID="-1" href="LOGS_HLP_MAIN.html">Protokollinformationen</target>
   </keywords>
   <keywords>
      <text FeatureID="-1">Protokolleinstellungen</text>
      <target FeatureID="-1" href="LOGS_HLP_SETTING.html">Protokolleinstellungen</target>
   </keywords>
   <keywords>
      <text FeatureID="-1">gewählte Nummern</text>
      <target FeatureID="-1" href="STM_HLP_DIALLED.html">Gewählte Nummern</target>
   </keywords>
   <keywords>
      <text FeatureID="-1">Anrufprotokoll</text>
      <target FeatureID="-1" href="STM_HLP_MAIN.html">Letzte Anrufe</target>
   </keywords>
   <keywords>
      <text FeatureID="-1">Anrufe in Abwesenheit</text>
      <target FeatureID="-1" href="STM_HLP_MISSED.html">Anrufe in Abwesenheit</target>
   </keywords>
   <keywords>
      <text FeatureID="-1">Empfangene Anrufe</text>
      <target FeatureID="-1" href="STM_HLP_RECEIVED.html">Angenommene Anrufe</target>
   </keywords>
   <keywords>
      <text FeatureID="-1">Beantwortete Anrufe</text>
      <target FeatureID="-1" href="STM_HLP_RECEIVED.html">Angenommene Anrufe</target>
   </keywords>
   <keywords>
      <text FeatureID="-1">Länge der Gespräche</text>
      <target FeatureID="-1" href="TIMERS_HLP_MAIN.html">Gesprächsdauer</target>
   </keywords>
</keywords>