<?xml version="1.0" encoding="UTF-8"?>
<keywords>
   <keywords>
      <text FeatureID="-1">αποστολή μηνυμάτων</text>
      <target FeatureID="-1" href="UNIFIED_HLP_EDITOR.html">Δημιουργία μηνυμάτων</target>
   </keywords>
   <keywords>
      <text FeatureID="-1">επεξεργασία μηνύματος</text>
      <target FeatureID="-1" href="UNIFIED_HLP_EDITOR.html">Δημιουργία μηνυμάτων</target>
   </keywords>
   <keywords>
      <text FeatureID="-1">μηνύματα</text>
      <target FeatureID="-1" href="UNIFIED_HLP_SENDING_OPTIONS.html">Επιλογές αποστολής</target>
   </keywords>
   <keywords>
      <text FeatureID="-1">επιλογές αποστολής</text>
      <target FeatureID="-1" href="UNIFIED_HLP_SENDING_OPTIONS.html">Επιλογές αποστολής</target>
   </keywords>
   <keywords>
      <text FeatureID="-1">αντικείμενα πολυμέσων</text>
      <target FeatureID="-1" href="UNIFIED_HLP_ED_OBJECTS.html">Ληφθέντα αντικείμενα πολυμέσων</target>
   </keywords>
   <keywords>
      <text FeatureID="-1">αντικείμενα multimedia</text>
      <target FeatureID="-1" href="UNIFIED_HLP_ED_OBJECTS.html">Ληφθέντα αντικείμενα πολυμέσων</target>
   </keywords>
</keywords>