<?xml version="1.0" encoding="UTF-8"?>
<keywords>
   <keywords>
      <text FeatureID="-1">udostępn. wideo</text>
      <target FeatureID="true_208" href="MSH_HLP_LIVE.html">Udostępnianie wideo na żywo</target>
      <target FeatureID="-1" href="MSH_HLP_CLIP.html">Udostępnianie plików wideo</target>
      <target FeatureID="-1" href="MSH_HLP_SETTINGS.html">Ustawienia udost. wideo</target>
      <target FeatureID="-1" href="MSH_HLP_RECEIVE.html">Wyświetlanie udostępnianego wideo</target>
   </keywords>
</keywords>