<?xml version="1.0" encoding="UTF-8"?>
<keywords>
   <keywords>
      <text FeatureID="-1">gegevens­overdracht</text>
      <target FeatureID="-1" href="SWITCH_HLP_EDIT_SHORTCUT.html">Instellingen snelkoppelingen</target>
      <target FeatureID="-1" href="SWITCH_HLP_MAIN.html">Gegevens overdragen</target>
      <target FeatureID="-1" href="SWITCH_HLP_LOG.html">Overdrachtlogboek</target>
   </keywords>
   <keywords>
      <text FeatureID="-1">gegevens overbrengen</text>
      <target FeatureID="-1" href="SWITCH_HLP_EDIT_SHORTCUT.html">Instellingen snelkoppelingen</target>
      <target FeatureID="-1" href="SWITCH_HLP_MAIN.html">Gegevens overdragen</target>
   </keywords>
   <keywords>
      <text FeatureID="-1">snelkoppelingen</text>
      <target FeatureID="-1" href="SWITCH_HLP_EDIT_SHORTCUT.html">Instellingen snelkoppelingen</target>
   </keywords>
   <keywords>
      <text FeatureID="-1">gegevens­overdracht, conflicten</text>
      <target FeatureID="-1" href="SWITCH_HLP_CONFLICT.html">Overdrachtsconflicten</target>
   </keywords>
   <keywords>
      <text FeatureID="-1">inhoud kopiëren</text>
      <target FeatureID="-1" href="SWITCH_HLP_MAIN.html">Gegevens overdragen</target>
   </keywords>
   <keywords>
      <text FeatureID="-1">overdrachtlogboek</text>
      <target FeatureID="-1" href="SWITCH_HLP_LOG.html">Overdrachtlogboek</target>
   </keywords>
</keywords>