<?xml version="1.0" encoding="UTF-8"?>
<keywords>
   <keywords>
      <text FeatureID="-1">傳送訊息</text>
      <target FeatureID="-1" href="UNIFIED_HLP_EDITOR.html">建立訊息</target>
   </keywords>
   <keywords>
      <text FeatureID="-1">訊息編輯器</text>
      <target FeatureID="-1" href="UNIFIED_HLP_EDITOR.html">建立訊息</target>
   </keywords>
   <keywords>
      <text FeatureID="-1">訊息</text>
      <target FeatureID="-1" href="UNIFIED_HLP_SENDING_OPTIONS.html">傳送選項</target>
   </keywords>
   <keywords>
      <text FeatureID="-1">傳送選項</text>
      <target FeatureID="-1" href="UNIFIED_HLP_SENDING_OPTIONS.html">傳送選項</target>
   </keywords>
   <keywords>
      <text FeatureID="-1">媒體物件</text>
      <target FeatureID="-1" href="UNIFIED_HLP_ED_OBJECTS.html">收到的媒體物件</target>
   </keywords>
   <keywords>
      <text FeatureID="-1">多媒體物件</text>
      <target FeatureID="-1" href="UNIFIED_HLP_ED_OBJECTS.html">收到的媒體物件</target>
   </keywords>
</keywords>