<?xml version="1.0" encoding="UTF-8"?>
<keywords>
   <keywords>
      <text FeatureID="-1">postkaart</text>
      <target FeatureID="-1" href="MMS_POSTCARD_HLP_ADDRESS_EDIT.html">Aadresside muutmine</target>
      <target FeatureID="-1" href="POSTCARD_HLP_ADDRESS_VIEW.html">Aadresside vaatamine</target>
      <target FeatureID="-1" href="POSTCARD_HLP_GREETING_EDIT.html">Tervituse kirjutamine</target>
      <target FeatureID="-1" href="POSTCARD_HLP_GREETING_VIEW.html">Tervituse vaatamine</target>
      <target FeatureID="-1" href="MMS_POSTCARD_HLP_MAIN_EDIT.html">Postkaartide loomine</target>
   </keywords>
   <keywords>
      <text FeatureID="-1">postkaartide saatmine</text>
      <target FeatureID="-1" href="MMS_POSTCARD_HLP_ADDRESS_EDIT.html">Aadresside muutmine</target>
      <target FeatureID="-1" href="POSTCARD_HLP_GREETING_EDIT.html">Tervituse kirjutamine</target>
      <target FeatureID="-1" href="MMS_POSTCARD_HLP_MAIN_EDIT.html">Postkaartide loomine</target>
   </keywords>
   <keywords>
      <text FeatureID="-1">postkaardid</text>
      <target FeatureID="-1" href="MMS_POSTCARD_HLP_MAIN_VIEW.html">Postkaartide vaatamine</target>
   </keywords>
</keywords>