<?xml version="1.0" encoding="UTF-8"?><?xml-stylesheet  href="../../theme/xsl/index2html.xslt" type="text/xsl"?>
<topics FeatureID="-1" title="Video e TV" compressed="true">
   <topicref FeatureID="-1" href="IPTV_HLP_MAIN_STATE.html" navtitle="Video e TV"/>
   <topicref FeatureID="-1" href="IPTV_HLP_VODCAST_MAIN.html" navtitle="Feed video"/>
   <topicref FeatureID="-1" href="IPTV_HLP_SERVICE_SELECTION_VOD.html" navtitle="Selezionare servizi video"/>
   <topicref FeatureID="-1" href="IPTV_HLP_VOD_CATEGORIES.html" navtitle="Categorie di video"/>
   <topicref FeatureID="-1" href="IPTV_HLP_VOD.html" navtitle="Visualizzare e scaricare clip video"/>
   <topicref FeatureID="-1" href="IPTV_HLP_SCHEDULE_DOWNLOAD.html" navtitle="Pianificare i download"/>
   <topicref FeatureID="-1" href="IPTV_HLP_STORAGE.html" navtitle="I miei video"/>
   <topicref FeatureID="-1" href="IPTV_HLP_SETTINGS.html" navtitle="Impostazioni di Video e TV"/>
   <topicref FeatureID="-1" href="IPTV_HLP_SERVICE_SEL_VODCAST.html" navtitle="Selezionare feed video"/>
   <topicref FeatureID="-1" href="IPTV_HLP_ADD_SERVICE.html" navtitle="Aggiungere feed video"/>
</topics>