<?xml version="1.0" encoding="UTF-8"?>
<keywords>
   <keywords>
      <text FeatureID="-1">video e TV</text>
      <target FeatureID="-1" href="IPTV_HLP_MAIN_STATE.html">Video e TV</target>
      <target FeatureID="-1" href="IPTV_HLP_VODCAST_MAIN.html">Feed video</target>
      <target FeatureID="-1" href="IPTV_HLP_SERVICE_SELECTION_VOD.html">Selezionare servizi video</target>
      <target FeatureID="-1" href="IPTV_HLP_VOD_CATEGORIES.html">Categorie di video</target>
      <target FeatureID="-1" href="IPTV_HLP_VOD.html">Visualizzare e scaricare clip video</target>
      <target FeatureID="-1" href="IPTV_HLP_SCHEDULE_DOWNLOAD.html">Pianificare i download</target>
      <target FeatureID="-1" href="IPTV_HLP_STORAGE.html">I miei video</target>
      <target FeatureID="-1" href="IPTV_HLP_SERVICE_SEL_VODCAST.html">Selezionare feed video</target>
      <target FeatureID="-1" href="IPTV_HLP_ADD_SERVICE.html">Aggiungere feed video</target>
   </keywords>
   <keywords>
      <text FeatureID="-1">feed video</text>
      <target FeatureID="-1" href="IPTV_HLP_VODCAST_MAIN.html">Feed video</target>
      <target FeatureID="-1" href="IPTV_HLP_VOD_CATEGORIES.html">Categorie di video</target>
      <target FeatureID="-1" href="IPTV_HLP_SERVICE_SEL_VODCAST.html">Selezionare feed video</target>
      <target FeatureID="-1" href="IPTV_HLP_ADD_SERVICE.html">Aggiungere feed video</target>
   </keywords>
   <keywords>
      <text FeatureID="-1">download, clip video</text>
      <target FeatureID="-1" href="IPTV_HLP_VOD.html">Visualizzare e scaricare clip video</target>
      <target FeatureID="-1" href="IPTV_HLP_SCHEDULE_DOWNLOAD.html">Pianificare i download</target>
   </keywords>
   <keywords>
      <text FeatureID="-1">video e TV, impostazioni</text>
      <target FeatureID="-1" href="IPTV_HLP_SETTINGS.html">Impostazioni di Video e TV</target>
   </keywords>
   <keywords>
      <text FeatureID="-1">impostazioni, video</text>
      <target FeatureID="-1" href="IPTV_HLP_SETTINGS.html">Impostazioni di Video e TV</target>
   </keywords>
</keywords>