<?xml version="1.0" encoding="UTF-8"?>
<keywords>
   <keywords>
      <text FeatureID="-1">upravitelj datotek</text>
      <target FeatureID="-1" href="FMGR_HLP_MEM_STORE_VIEW.html">Uprav. datotek</target>
      <target FeatureID="-1" href="FMGR_HLP_MAIN_VIEW.html">Upravitelj datotek</target>
      <target FeatureID="-1" href="FMGR_HLP_SEARCH_RESULTS.html">Iskanje datotek</target>
      <target FeatureID="-1" href="FMGR_HLP_BACKUP_VIEW.html">Var. kopiranje dat.</target>
   </keywords>
   <keywords>
      <text FeatureID="-1">pomnilniška kartica</text>
      <target FeatureID="-1" href="FMGR_HLP_MEM_STORE_VIEW.html">Uprav. datotek</target>
      <target FeatureID="-1" href="FMGR_HLP_MAIN_VIEW.html">Upravitelj datotek</target>
      <target FeatureID="-1" href="FMGR_HLP_BACKUP_VIEW.html">Var. kopiranje dat.</target>
   </keywords>
   <keywords>
      <text FeatureID="-1">iskanje datotek</text>
      <target FeatureID="-1" href="FMGR_HLP_SEARCH_RESULTS.html">Iskanje datotek</target>
   </keywords>
   <keywords>
      <text FeatureID="-1">iskanje map</text>
      <target FeatureID="-1" href="FMGR_HLP_SEARCH_RESULTS.html">Iskanje datotek</target>
   </keywords>
   <keywords>
      <text FeatureID="-1">varnostna kopija</text>
      <target FeatureID="-1" href="FMGR_HLP_BACKUP_VIEW.html">Var. kopiranje dat.</target>
   </keywords>
</keywords>