<?xml version="1.0" encoding="UTF-8"?><?xml-stylesheet  href="../../theme/xsl/index2html.xslt" type="text/xsl"?>
<topics FeatureID="-1" title="Istanteko mezularitza" compressed="true">
   <topicref FeatureID="-1" href="IMNG_HLP_SEARCHCHAT.html" navtitle="IM erabiltzaileen bilaketa"/>
   <topicref FeatureID="-1" href="IMNG_HLP_SAVED_VIEW.html" navtitle="Gordetako hizketaldiak ikusi"/>
   <topicref FeatureID="-1" href="IMNG_HLP_SAVED_LIST.html" navtitle="Gordetako hizketaldiak"/>
   <topicref FeatureID="-1" href="IMNG_HLP_IMCHAT.html" navtitle="Taldeko elkarrizketak"/>
   <topicref FeatureID="-1" href="IMNG_HLP_GROUP_EDIT.html" navtitle="Talde ediziorako eskubideak"/>
   <topicref FeatureID="-1" href="IMNG_HLP_GROUP_BAN.html" navtitle="Taldeetako IM erabiltzaileak debekatu"/>
   <topicref FeatureID="-1" href="IMNG_HLP_CONT_OWN_DATA.html" navtitle="Nire datuak"/>
   <topicref FeatureID="-1" href="IMNG_HLP_COMMUNITY_VIEW_EMPTY.html" navtitle="IM erabiltzeari ekitea"/>
   <topicref FeatureID="-1" href="IMNG_HLP_COMMUNITY_VIEW.html" navtitle="Berehalako mezuak"/>
   <topicref FeatureID="-1" href="IMNG_HLP_BLOCKED_VIEW.html" navtitle="Blokeatutako kontaktuak"/>
   <topicref FeatureID="-1" href="IMNG_HLP_SETTINGS.html" navtitle="IM ezarpenak"/>
   <topicref FeatureID="-1" href="IMNG_HLP_SERVLISTSETT_IM.html" navtitle="IM zerbitzariak"/>
   <topicref FeatureID="-1" href="IMNG_HLP_DEFSERVER.html" navtitle="IM zerbitzariaren ezarpenak"/>
   <topicref FeatureID="-1" href="IMNG_HLP_INVITE.html" navtitle="IM gonbidapenak"/>
   <topicref FeatureID="-1" href="IMNG_HLP_CREATECHAT.html" navtitle="IM taldeen ezarpenak"/>
   <topicref FeatureID="-1" href="IMNG_HLP_ACCLIST.html" navtitle="IM tadeko kideak"/>
   <topicref FeatureID="-1" href="IMNG_HLP_CONVERSATIONS.html" navtitle="IM hizketaldiak"/>
   <topicref FeatureID="-1" href="IMNG_HLP_CONTACTDETAILS.html" navtitle="IM kontaktuen xehetasunak"/>
   <topicref FeatureID="-1" href="IMNG_HLP_APPSETT.html" navtitle="IM aplikazioen ezarpenak"/>
</topics>