<?xml version="1.0" encoding="UTF-8"?>
<keywords>
   <keywords>
      <text FeatureID="-1">IM erabiltzaileen bilaketa</text>
      <target FeatureID="-1" href="IMNG_HLP_SEARCHCHAT.html">IM erabiltzaileen bilaketa</target>
   </keywords>
   <keywords>
      <text FeatureID="-1">berehalako mezuak</text>
      <target FeatureID="-1" href="IMNG_HLP_SEARCHCHAT.html">IM erabiltzaileen bilaketa</target>
      <target FeatureID="-1" href="IMNG_HLP_SAVED_VIEW.html">Gordetako hizketaldiak ikusi</target>
      <target FeatureID="-1" href="IMNG_HLP_SAVED_LIST.html">Gordetako hizketaldiak</target>
      <target FeatureID="-1" href="IMNG_HLP_GROUP_EDIT.html">Talde ediziorako eskubideak</target>
      <target FeatureID="-1" href="IMNG_HLP_GROUP_BAN.html">Taldeetako IM erabiltzaileak debekatu</target>
      <target FeatureID="-1" href="IMNG_HLP_CONT_OWN_DATA.html">Nire datuak</target>
      <target FeatureID="-1" href="IMNG_HLP_COMMUNITY_VIEW_EMPTY.html">IM erabiltzeari ekitea</target>
      <target FeatureID="-1" href="IMNG_HLP_COMMUNITY_VIEW.html">Berehalako mezuak</target>
      <target FeatureID="-1" href="IMNG_HLP_CREATECHAT.html">IM taldeen ezarpenak</target>
      <target FeatureID="-1" href="IMNG_HLP_ACCLIST.html">IM tadeko kideak</target>
      <target FeatureID="-1" href="IMNG_HLP_CONVERSATIONS.html">IM hizketaldiak</target>
      <target FeatureID="-1" href="IMNG_HLP_APPSETT.html">IM aplikazioen ezarpenak</target>
   </keywords>
   <keywords>
      <text FeatureID="-1">IM taldeen bilaketa</text>
      <target FeatureID="-1" href="IMNG_HLP_SEARCHCHAT.html">IM erabiltzaileen bilaketa</target>
   </keywords>
   <keywords>
      <text FeatureID="-1">gordetako hizketaldiak</text>
      <target FeatureID="-1" href="IMNG_HLP_SAVED_LIST.html">Gordetako hizketaldiak</target>
   </keywords>
   <keywords>
      <text FeatureID="-1">IM (istanteko mezularitza)</text>
      <target FeatureID="-1" href="IMNG_HLP_IMCHAT.html">Taldeko elkarrizketak</target>
   </keywords>
   <keywords>
      <text FeatureID="-1">IM taldeetan sartu</text>
      <target FeatureID="-1" href="IMNG_HLP_IMCHAT.html">Taldeko elkarrizketak</target>
   </keywords>
   <keywords>
      <text FeatureID="-1">edizio eskubideak</text>
      <target FeatureID="-1" href="IMNG_HLP_GROUP_EDIT.html">Talde ediziorako eskubideak</target>
   </keywords>
   <keywords>
      <text FeatureID="-1">debekatuen zerrenda</text>
      <target FeatureID="-1" href="IMNG_HLP_GROUP_BAN.html">Taldeetako IM erabiltzaileak debekatu</target>
   </keywords>
   <keywords>
      <text FeatureID="-1">IM tadeko kideak</text>
      <target FeatureID="-1" href="IMNG_HLP_GROUP_BAN.html">Taldeetako IM erabiltzaileak debekatu</target>
      <target FeatureID="-1" href="IMNG_HLP_ACCLIST.html">IM tadeko kideak</target>
   </keywords>
   <keywords>
      <text FeatureID="-1">IM kontaktuak</text>
      <target FeatureID="-1" href="IMNG_HLP_CONT_OWN_DATA.html">Nire datuak</target>
      <target FeatureID="-1" href="IMNG_HLP_BLOCKED_VIEW.html">Blokeatutako kontaktuak</target>
      <target FeatureID="-1" href="IMNG_HLP_CONTACTDETAILS.html">IM kontaktuen xehetasunak</target>
   </keywords>
   <keywords>
      <text FeatureID="-1">IM</text>
      <target FeatureID="-1" href="IMNG_HLP_COMMUNITY_VIEW_EMPTY.html">IM erabiltzeari ekitea</target>
      <target FeatureID="-1" href="IMNG_HLP_COMMUNITY_VIEW.html">Berehalako mezuak</target>
      <target FeatureID="-1" href="IMNG_HLP_CONVERSATIONS.html">IM hizketaldiak</target>
   </keywords>
   <keywords>
      <text FeatureID="-1">blokeatutako IM kontaktuak</text>
      <target FeatureID="-1" href="IMNG_HLP_BLOCKED_VIEW.html">Blokeatutako kontaktuak</target>
   </keywords>
   <keywords>
      <text FeatureID="-1">IM ezarpenak</text>
      <target FeatureID="-1" href="IMNG_HLP_SETTINGS.html">IM ezarpenak</target>
      <target FeatureID="-1" href="IMNG_HLP_APPSETT.html">IM aplikazioen ezarpenak</target>
   </keywords>
   <keywords>
      <text FeatureID="-1">IM zerbitzariak</text>
      <target FeatureID="-1" href="IMNG_HLP_SERVLISTSETT_IM.html">IM zerbitzariak</target>
   </keywords>
   <keywords>
      <text FeatureID="-1">IM zerbitzariaren ezarpenak</text>
      <target FeatureID="-1" href="IMNG_HLP_DEFSERVER.html">IM zerbitzariaren ezarpenak</target>
   </keywords>
   <keywords>
      <text FeatureID="-1">zerbitzariaren ezarpenak</text>
      <target FeatureID="-1" href="IMNG_HLP_DEFSERVER.html">IM zerbitzariaren ezarpenak</target>
   </keywords>
   <keywords>
      <text FeatureID="-1">gonbidapenak</text>
      <target FeatureID="-1" href="IMNG_HLP_INVITE.html">IM gonbidapenak</target>
   </keywords>
   <keywords>
      <text FeatureID="-1">IM taldeen ezarpenak</text>
      <target FeatureID="-1" href="IMNG_HLP_CREATECHAT.html">IM taldeen ezarpenak</target>
   </keywords>
   <keywords>
      <text FeatureID="-1">hizketaldiak</text>
      <target FeatureID="-1" href="IMNG_HLP_CONVERSATIONS.html">IM hizketaldiak</target>
   </keywords>
   <keywords>
      <text FeatureID="-1">Berehalako mezuak</text>
      <target FeatureID="-1" href="IMNG_HLP_CONTACTDETAILS.html">IM kontaktuen xehetasunak</target>
   </keywords>
</keywords>