<?xml version="1.0" encoding="UTF-8"?>
<keywords>
   <keywords>
      <text FeatureID="-1">từ điển</text>
      <target FeatureID="-1" href="DICTIONARY_HLP_MAIN_TAB1.html">Từ điển</target>
   </keywords>
   <keywords>
      <text FeatureID="-1">dịch</text>
      <target FeatureID="-1" href="DICTIONARY_HLP_MAIN_TAB1.html">Từ điển</target>
   </keywords>
   <keywords>
      <text FeatureID="-1">từ điển, dịch</text>
      <target FeatureID="-1" href="DICTIONARY_HLP_RESULTS.html">Kết quả dịch</target>
   </keywords>
</keywords>