<?xml version="1.0" encoding="UTF-8"?>
<keywords>
   <keywords>
      <text FeatureID="true_410">taga-dial</text>
      <target FeatureID="true_410" href="DIALER_HLP_MAIN.html">Magtatawag sa telepono</target>
   </keywords>
   <keywords>
      <text FeatureID="true_410">pagtatawag sa telepono</text>
      <target FeatureID="true_410" href="DIALER_HLP_MAIN.html">Magtatawag sa telepono</target>
   </keywords>
   <keywords>
      <text FeatureID="-1">mga tawag sa telepono</text>
      <target FeatureID="-1" href="INCAL_HLP_CALL_HANDLING.html">Mga tawag sa telepono</target>
   </keywords>
   <keywords>
      <text FeatureID="-1">mga kumperensyang tawag</text>
      <target FeatureID="-1" href="INCAL_HLP_CALL_HANDLING.html">Mga tawag sa telepono</target>
   </keywords>
   <keywords>
      <text FeatureID="-1">magpalitan ng mga tawag</text>
      <target FeatureID="-1" href="INCAL_HLP_CALL_HANDLING.html">Mga tawag sa telepono</target>
   </keywords>
   <keywords>
      <text FeatureID="-1">telepono</text>
      <target FeatureID="-1" href="INCAL_HLP_CALL_HANDLING.html">Mga tawag sa telepono</target>
   </keywords>
   <keywords>
      <text FeatureID="true_410">mga tono na DTMF</text>
      <target FeatureID="true_410" href="DIALER_HLP_SEND_DTMF.html">Magpadala ng mga DTMF tone</target>
   </keywords>
   <keywords>
      <text FeatureID="true_89">mga tawag na video</text>
      <target FeatureID="true_89" href="INCAL_HLP_VIDEO_CALL.html">Mga tawag na video</target>
   </keywords>
</keywords>