<?xml version="1.0" encoding="UTF-8"?><?xml-stylesheet  href="../../theme/xsl/index2html.xslt" type="text/xsl"?>
<topics FeatureID="-1" title="설정" compressed="true">
   <topicref FeatureID="-1" href="CP_HLP_ADMINISTRATIVE_SETTINGS.html" navtitle="관리 설정"/>
   <topicref FeatureID="-1" href="CP_HLP_DEVICE_MANAGEMENT.html" navtitle="장치 관리"/>
   <topicref FeatureID="true_109" href="SET_HLP_WLAN_WPA_MAIN.html" navtitle="WPA 보안 설정"/>
   <topicref FeatureID="true_109" href="SET_HLP_WLAN_8021X_MAIN.html" navtitle="802.1x 보안 설정"/>
   <topicref FeatureID="true_109" href="SET_HLP_WLAN_EAP_PLUGINS_IAP.html" navtitle="EAP 설정"/>
   <topicref FeatureID="true_109" href="SET_HLP_WLAN_EAP_AKA.html" navtitle="EAP-AKA 설정"/>
   <topicref FeatureID="true_109" href="SET_HLP_WLAN_EAP_SIM.html" navtitle="EAP-SIM 설정"/>
   <topicref FeatureID="true_109" href="SET_HLP_WLAN_EAP_GTC.html" navtitle="EAP-GTC 설정"/>
   <topicref FeatureID="true_109" href="SET_HLP_WLAN_EAP_TTLS_TYPES.html" navtitle="EAP-TTLS 인증 방법"/>
   <topicref FeatureID="true_109" href="SET_HLP_WLAN_EAP_TTLS_SUITES.html" navtitle="EAP-TTLS용 암호 그룹"/>
   <topicref FeatureID="true_109" href="SET_HLP_WLAN_EAP_TTLS_SETT.html" navtitle="EAP-TTLS 설정"/>
   <topicref FeatureID="true_109" href="SET_HLP_WLAN_EAP_TLS_SUITES.html" navtitle="EAP-TLS용 암호 그룹"/>
   <topicref FeatureID="true_109" href="SET_HLP_WLAN_EAP_TLS_SETT.html" navtitle="EAP-TLS 설정"/>
   <topicref FeatureID="true_109" href="SET_HLP_WLAN_EAP_PEAP_TYPES.html" navtitle="EAP-PEAP 인증 방식"/>
   <topicref FeatureID="true_109" href="SET_HLP_WLAN_EAP_PEAP_SUITES.html" navtitle="EAP-PEAP용 암호 그룹"/>
   <topicref FeatureID="true_109" href="SET_HLP_WLAN_EAP_PEAP_SETT.html" navtitle="EAP-PEAP 설정"/>
   <topicref FeatureID="true_109" href="SET_HLP_WLAN_EAP_MSCHAPV2.html" navtitle="EAP-MSCHAPV2 설정"/>
   <topicref FeatureID="true_109" href="SET_HLP_WLAN_EAP_PLAIN_MSCHAP.html" navtitle="일반 MSCHAPV2 설정"/>
   <topicref FeatureID="true_177" href="SET_HLP_WLAN_EAP_LEAP.html" navtitle="EAP-LEAP 설정"/>
   <topicref FeatureID="true_177" href="SET_HLP_WLAN_EAP_FAST_TYPES.html" navtitle="EAP-FAST 인증 방법"/>
   <topicref FeatureID="true_177" href="SET_HLP_WLAN_EAP_FAST_SUITES.html" navtitle="EAP-FAST용 암호 그룹"/>
   <topicref FeatureID="true_177" href="SET_HLP_WLAN_EAP_FAST_SETT.html" navtitle="EAP-FAST 설정"/>
   <topicref FeatureID="true_109" href="SET_HLP_WLAN_EAP_PAP.html" navtitle="PAP 설정"/>
   <topicref FeatureID="true_109" href="SET_HLP_WLAN_WEP_KEY_SETT.html" navtitle="WEP 키 편집"/>
   <topicref FeatureID="true_109" href="SET_HLP_WLAN_WEP_MAIN.html" navtitle="WEP 보안 설정"/>
   <topicref FeatureID="-1" href="ACL_HLP_MAIN.html" navtitle="연결 제한"/>
   <topicref FeatureID="-1" href="SET_HLP_CONN_DEST_VIEW.html" navtitle="대상 보기"/>
   <topicref FeatureID="-1" href="SET_HLP_DEFAULT_CONN.html" navtitle="기본 연결"/>
   <topicref FeatureID="true_99" href="SET_HLP_VPN_DEST_ASSOC_VIEW.html" navtitle="VPN 연결"/>
   <topicref FeatureID="-1" href="SET_HLP_CONN_METHODS_VIEW.html" navtitle="액세스 포인트 보기"/>
   <topicref FeatureID="-1" href="SET_HLP_APP_DEST_ASSOC_VIEW.html" navtitle="애플리케이션 연결"/>
   <topicref FeatureID="-1" href="CP_HLP_APPILICATION_SETTINGS.html" navtitle="애플리케이션 설정"/>
   <topicref FeatureID="-1" href="SCP_HLP_CALL.html" navtitle="통화 설정"/>
   <topicref FeatureID="-1" href="CP_HLP_CONNECTIVITY.html" navtitle="연결 설정"/>
   <topicref FeatureID="-1" href="CP_HLP_DISPLAY.html" navtitle="디스플레이 설정"/>
   <topicref FeatureID="-1" href="CP_HLP_DEVICE.html" navtitle="장치 설정"/>
   <topicref FeatureID="-1" href="CP_HLP_LANGUAGE.html" navtitle="언어 설정"/>
   <topicref FeatureID="-1" href="CP_HLP_MAIN_VIEW.html" navtitle="설정"/>
   <topicref FeatureID="-1" href="CP_HLP_NETWORK.html" navtitle="네트워크 설정"/>
   <topicref FeatureID="true_410" href="CP_HLP_PEN_INPUT.html" navtitle="터치 입력 설정"/>
   <topicref FeatureID="-1" href="CP_HLP_PERSONAL.html" navtitle="사용자 정보 보기"/>
   <topicref FeatureID="-1" href="CP_HLP_SECURITY.html" navtitle="보안 설정"/>
   <topicref FeatureID="-1" href="SET_HLP_SECURITY_DEVICE_SIM.html" navtitle="장치 보안"/>
   <topicref FeatureID="-1" href="CP_HLP_IDLE.html" navtitle="시작 화면"/>
   <topicref FeatureID="-1" href="CP_HLP_TELEPHONY.html" navtitle="전화 설정"/>
   <topicref FeatureID="__DUAL_LANGUAGE_SUPPORT=true" href="CP_HLP_WRITING_LANGUAGE.html" navtitle="언어 선택"/>
   <topicref FeatureID="-1" href="ES_HLP_LIGHT_MAIN.html" navtitle="알림 등"/>
   <topicref FeatureID="-1" href="ES_HLP_LIGHT_BLINKING.html" navtitle="알림 등 설정"/>
   <topicref FeatureID="-1" href="SET_HLP_ACCESSORIES_LIST.html" navtitle="액세서리 설정"/>
   <topicref FeatureID="-1" href="SSET_HLP_MAIN_VIEW.html" navtitle="센서 설정"/>
   <topicref FeatureID="-1" href="SET_HLP_AP_SETTING_GPRS.html" navtitle="패킷 데이터 액세스 포인트"/>
   <topicref FeatureID="-1" href="SET_HLP_AP_SETTING_GPRS_AS.html" navtitle="고급 패킷 데이터 설정"/>
   <topicref FeatureID="true_110" href="SET_HLP_AP_DATA_AS_IPV4.html" navtitle="데이터 통화 IPv4 설정"/>
   <topicref FeatureID="true_1088" href="SET_HLP_AP_DATA_AS_IPV6.html" navtitle="데이터 통화 IPv6 설정"/>
   <topicref FeatureID="true_110" href="SET_HLP_AP_SETTING_DATA.html" navtitle="데이터 통화 액세스 포인트"/>
   <topicref FeatureID="true_110" href="SET_HLP_AP_SETTING_DATA_AS.html" navtitle="고급 데이터 통화 설정"/>
   <topicref FeatureID="true_109" href="SET_HLP_AP_SETTING_WLAN_AS.html" navtitle="고급 무선 LAN 설정"/>
   <topicref FeatureID="-1" href="SET_HLP_VPN_AP_SETTINGS_VIEW.html" navtitle="VPN 액세스 포인트 편집"/>
   <topicref FeatureID="true_109" href="SET_HLP_AP_SETTING_WLAN.html" navtitle="무선 LAN 액세스 포인트"/>
   <topicref FeatureID="true_109" href="SET_HLP_AP_WLAN_AS_IPV4.html" navtitle="무선 LAN IPv4 설정"/>
   <topicref FeatureID="true_109" href="SET_HLP_AP_WLAN_AS_IPV6.html" navtitle="무선 LAN IPv6 설정"/>
   <topicref FeatureID="-1" href="CP_HLP_AUTOKEYGUARD.html" navtitle="자동 키보호"/>
   <topicref FeatureID="true_1537" href="RD_HLP_REMOTE_DRIVE_CONFIG.html" navtitle="원격 드라이브 설정"/>
   <topicref FeatureID="true_1537" href="RD_HLP_REMOTE_DRIVES.html" navtitle="원격 드라이브"/>
   <topicref FeatureID="-1" href="CP_HLP_NETWORK.html" navtitle="네트워크 설정"/>
   <topicref FeatureID="-1" href="SET_HLP_BARRING_SETTINGS.html" navtitle="전화 통화 제한"/>
   <topicref FeatureID="true_298" href="DIV_HLP_BARRING_MAIN.html" navtitle="통화 제한"/>
   <topicref FeatureID="-1" href="DIV_HLP_CALL_FORW_MAIN.html" navtitle="통화 전환"/>
   <topicref FeatureID="-1" href="DIV_HLP_CALL_FORW_VOI.html" navtitle="음성 통화 전환"/>
   <topicref FeatureID="true_298" href="DIV_HLP_CALL_FORW_VOIP.html" navtitle="인터넷 전화 제한"/>
   <topicref FeatureID="true_109" href="SET_HLP_WLAN_SETTINGS.html" navtitle="무선랜 설정"/>
   <topicref FeatureID="-1" href="CP_HLP_SYNCHRONISATION.html" navtitle="동기화 설정"/>
   <topicref FeatureID="-1" href="CP_HLP_INSTALLATIONS.html" navtitle="설치"/>
   <topicref FeatureID="-1" href="SET_HLP_ACCESSORIES_HEADPHONE.html" navtitle="헤드폰 설정"/>
   <topicref FeatureID="-1" href="SET_HLP_ACCESSORIES_HEADSET.html" navtitle="헤드셋 설정"/>
   <topicref FeatureID="-1" href="SET_HLP_ACCESS_WIRED_CK.html" navtitle="유선 카 키트 설정"/>
   <topicref FeatureID="-1" href="SET_HLP_ACCESS_WIRELESS_CK.html" navtitle="무선 카 키트 설정"/>
   <topicref FeatureID="-1" href="SET_HLP_ACCESSORIES_LOOPSET.html" navtitle="루프셋 설정"/>
   <topicref FeatureID="-1" href="SET_HLP_ACCESSORIES_MUSIC_ST.html" navtitle="뮤직 스탠드 설정"/>
   <topicref FeatureID="true_1032" href="SET_HLP_ACCESSORIES_TTY.html" navtitle="문자폰 설정"/>
   <topicref FeatureID="true_1540" href="SET_HLP_ACCESSORIES_TVOUT.html" navtitle="TV-OUT 설정"/>
   <topicref FeatureID="true_410" href="CP_HLP_PEN_INPUT.html" navtitle="터치 입력 설정"/>
   <topicref FeatureID="-1" href="PREDINPUT_HLP_USERDICT.html" navtitle="사용자 사전 편집"/>
</topics>