<?xml version="1.0" encoding="UTF-8"?>
<keywords>
   <keywords>
      <text FeatureID="-1">장치 관리</text>
      <target FeatureID="-1" href="CP_HLP_DEVICE_MANAGEMENT.html">장치 관리</target>
   </keywords>
   <keywords>
      <text FeatureID="true_109">EAP(Extensible Authentication Protocol)</text>
      <target FeatureID="true_109" href="SET_HLP_WLAN_EAP_SIM.html">EAP-SIM 설정</target>
   </keywords>
   <keywords>
      <text FeatureID="true_109">설정, 무선랜</text>
      <target FeatureID="true_109" href="SET_HLP_WLAN_EAP_SIM.html">EAP-SIM 설정</target>
   </keywords>
   <keywords>
      <text FeatureID="-1">액세스 포인트 제한</text>
      <target FeatureID="-1" href="ACL_HLP_MAIN.html">연결 제한</target>
   </keywords>
   <keywords>
      <text FeatureID="-1">연결 설정</text>
      <target FeatureID="-1" href="SET_HLP_CONN_DEST_VIEW.html">대상 보기</target>
      <target FeatureID="-1" href="SET_HLP_DEFAULT_CONN.html">기본 연결</target>
      <target FeatureID="-1" href="SET_HLP_CONN_METHODS_VIEW.html">액세스 포인트 보기</target>
      <target FeatureID="true_1537" href="RD_HLP_REMOTE_DRIVE_CONFIG.html">원격 드라이브 설정</target>
      <target FeatureID="true_1537" href="RD_HLP_REMOTE_DRIVES.html">원격 드라이브</target>
   </keywords>
   <keywords>
      <text FeatureID="-1">대상 설정</text>
      <target FeatureID="-1" href="SET_HLP_CONN_DEST_VIEW.html">대상 보기</target>
   </keywords>
   <keywords>
      <text FeatureID="-1">기본 연결</text>
      <target FeatureID="-1" href="SET_HLP_DEFAULT_CONN.html">기본 연결</target>
   </keywords>
   <keywords>
      <text FeatureID="-1">VPN 액세스 포인트</text>
      <target FeatureID="true_99" href="SET_HLP_VPN_DEST_ASSOC_VIEW.html">VPN 연결</target>
      <target FeatureID="-1" href="SET_HLP_VPN_AP_SETTINGS_VIEW.html">VPN 액세스 포인트 편집</target>
   </keywords>
   <keywords>
      <text FeatureID="-1">액세스 포인트</text>
      <target FeatureID="-1" href="SET_HLP_CONN_METHODS_VIEW.html">액세스 포인트 보기</target>
   </keywords>
   <keywords>
      <text FeatureID="-1">애플리케이션 연결</text>
      <target FeatureID="-1" href="SET_HLP_APP_DEST_ASSOC_VIEW.html">애플리케이션 연결</target>
   </keywords>
   <keywords>
      <text FeatureID="-1">애플리케이션 설정</text>
      <target FeatureID="-1" href="CP_HLP_APPILICATION_SETTINGS.html">애플리케이션 설정</target>
   </keywords>
   <keywords>
      <text FeatureID="-1">통화, 설정</text>
      <target FeatureID="-1" href="SCP_HLP_CALL.html">통화 설정</target>
   </keywords>
   <keywords>
      <text FeatureID="-1">설정, 통화</text>
      <target FeatureID="-1" href="SCP_HLP_CALL.html">통화 설정</target>
   </keywords>
   <keywords>
      <text FeatureID="-1">연결</text>
      <target FeatureID="-1" href="CP_HLP_CONNECTIVITY.html">연결 설정</target>
   </keywords>
   <keywords>
      <text FeatureID="-1">제어판</text>
      <target FeatureID="-1" href="CP_HLP_DISPLAY.html">디스플레이 설정</target>
      <target FeatureID="-1" href="CP_HLP_IDLE.html">시작 화면</target>
      <target FeatureID="__DUAL_LANGUAGE_SUPPORT=true" href="CP_HLP_WRITING_LANGUAGE.html">언어 선택</target>
   </keywords>
   <keywords>
      <text FeatureID="-1">디스플레이 설정</text>
      <target FeatureID="-1" href="CP_HLP_DISPLAY.html">디스플레이 설정</target>
   </keywords>
   <keywords>
      <text FeatureID="-1">일반 설정</text>
      <target FeatureID="-1" href="CP_HLP_DEVICE.html">장치 설정</target>
   </keywords>
   <keywords>
      <text FeatureID="-1">장치 설정</text>
      <target FeatureID="-1" href="CP_HLP_DEVICE.html">장치 설정</target>
   </keywords>
   <keywords>
      <text FeatureID="-1">언어 설정</text>
      <target FeatureID="-1" href="CP_HLP_LANGUAGE.html">언어 설정</target>
   </keywords>
   <keywords>
      <text FeatureID="-1">설정</text>
      <target FeatureID="-1" href="CP_HLP_MAIN_VIEW.html">설정</target>
   </keywords>
   <keywords>
      <text FeatureID="-1">네트워크 설정</text>
      <target FeatureID="-1" href="CP_HLP_NETWORK.html">네트워크 설정</target>
      <target FeatureID="-1" href="CP_HLP_NETWORK.html">네트워크 설정</target>
   </keywords>
   <keywords>
      <text FeatureID="-1">프로필</text>
      <target FeatureID="-1" href="CP_HLP_PERSONAL.html">사용자 정보 보기</target>
   </keywords>
   <keywords>
      <text FeatureID="-1">테마</text>
      <target FeatureID="-1" href="CP_HLP_PERSONAL.html">사용자 정보 보기</target>
   </keywords>
   <keywords>
      <text FeatureID="-1">대기</text>
      <target FeatureID="-1" href="CP_HLP_PERSONAL.html">사용자 정보 보기</target>
   </keywords>
   <keywords>
      <text FeatureID="-1">보안, 설정</text>
      <target FeatureID="-1" href="CP_HLP_SECURITY.html">보안 설정</target>
   </keywords>
   <keywords>
      <text FeatureID="-1">설정, 보안</text>
      <target FeatureID="-1" href="CP_HLP_SECURITY.html">보안 설정</target>
   </keywords>
   <keywords>
      <text FeatureID="-1">장치, 잠금</text>
      <target FeatureID="-1" href="SET_HLP_SECURITY_DEVICE_SIM.html">장치 보안</target>
   </keywords>
   <keywords>
      <text FeatureID="-1">보안</text>
      <target FeatureID="-1" href="SET_HLP_SECURITY_DEVICE_SIM.html">장치 보안</target>
   </keywords>
   <keywords>
      <text FeatureID="-1">시작 화면 설정</text>
      <target FeatureID="-1" href="CP_HLP_IDLE.html">시작 화면</target>
   </keywords>
   <keywords>
      <text FeatureID="__DUAL_LANGUAGE_SUPPORT=true">언어 선택</text>
      <target FeatureID="__DUAL_LANGUAGE_SUPPORT=true" href="CP_HLP_WRITING_LANGUAGE.html">언어 선택</target>
   </keywords>
   <keywords>
      <text FeatureID="-1">알림 등</text>
      <target FeatureID="-1" href="ES_HLP_LIGHT_MAIN.html">알림 등</target>
      <target FeatureID="-1" href="ES_HLP_LIGHT_BLINKING.html">알림 등 설정</target>
   </keywords>
   <keywords>
      <text FeatureID="-1">액세서리 설정</text>
      <target FeatureID="-1" href="SET_HLP_ACCESSORIES_LIST.html">액세서리 설정</target>
      <target FeatureID="-1" href="SET_HLP_ACCESSORIES_HEADPHONE.html">헤드폰 설정</target>
      <target FeatureID="-1" href="SET_HLP_ACCESSORIES_HEADSET.html">헤드셋 설정</target>
      <target FeatureID="-1" href="SET_HLP_ACCESS_WIRED_CK.html">유선 카 키트 설정</target>
      <target FeatureID="true_1032" href="SET_HLP_ACCESSORIES_TTY.html">문자폰 설정</target>
      <target FeatureID="true_1540" href="SET_HLP_ACCESSORIES_TVOUT.html">TV-OUT 설정</target>
   </keywords>
   <keywords>
      <text FeatureID="-1">패킷 데이터 액세스 포인트</text>
      <target FeatureID="-1" href="SET_HLP_AP_SETTING_GPRS.html">패킷 데이터 액세스 포인트</target>
      <target FeatureID="-1" href="SET_HLP_AP_SETTING_GPRS_AS.html">고급 패킷 데이터 설정</target>
   </keywords>
   <keywords>
      <text FeatureID="-1">패킷 데이터 설정</text>
      <target FeatureID="-1" href="SET_HLP_AP_SETTING_GPRS_AS.html">고급 패킷 데이터 설정</target>
   </keywords>
   <keywords>
      <text FeatureID="true_1088 true_110">데이터 통화 액세스 포인트</text>
      <target FeatureID="true_110" href="SET_HLP_AP_DATA_AS_IPV4.html">데이터 통화 IPv4 설정</target>
      <target FeatureID="true_1088" href="SET_HLP_AP_DATA_AS_IPV6.html">데이터 통화 IPv6 설정</target>
      <target FeatureID="true_110" href="SET_HLP_AP_SETTING_DATA_AS.html">고급 데이터 통화 설정</target>
   </keywords>
   <keywords>
      <text FeatureID="true_110">액세스 포인트 설정</text>
      <target FeatureID="true_110" href="SET_HLP_AP_SETTING_DATA.html">데이터 통화 액세스 포인트</target>
      <target FeatureID="true_110" href="SET_HLP_AP_SETTING_DATA_AS.html">고급 데이터 통화 설정</target>
   </keywords>
   <keywords>
      <text FeatureID="true_110">데이터 통화 설정</text>
      <target FeatureID="true_110" href="SET_HLP_AP_SETTING_DATA.html">데이터 통화 액세스 포인트</target>
   </keywords>
   <keywords>
      <text FeatureID="-1">VPN(Virtual Private Network)</text>
      <target FeatureID="-1" href="SET_HLP_VPN_AP_SETTINGS_VIEW.html">VPN 액세스 포인트 편집</target>
   </keywords>
   <keywords>
      <text FeatureID="-1">키보호</text>
      <target FeatureID="-1" href="CP_HLP_AUTOKEYGUARD.html">자동 키보호</target>
   </keywords>
   <keywords>
      <text FeatureID="true_1537">원격 드라이브</text>
      <target FeatureID="true_1537" href="RD_HLP_REMOTE_DRIVE_CONFIG.html">원격 드라이브 설정</target>
      <target FeatureID="true_1537" href="RD_HLP_REMOTE_DRIVES.html">원격 드라이브</target>
   </keywords>
   <keywords>
      <text FeatureID="-1">통화 제한</text>
      <target FeatureID="-1" href="SET_HLP_BARRING_SETTINGS.html">전화 통화 제한</target>
      <target FeatureID="-1" href="SET_HLP_BARRING_SETTINGS.html">전화 통화 제한</target>
      <target FeatureID="true_298" href="DIV_HLP_BARRING_MAIN.html">통화 제한</target>
      <target FeatureID="true_298" href="DIV_HLP_BARRING_MAIN.html">통화 제한</target>
   </keywords>
   <keywords>
      <text FeatureID="-1">통화 전환</text>
      <target FeatureID="-1" href="DIV_HLP_CALL_FORW_MAIN.html">통화 전환</target>
      <target FeatureID="-1" href="DIV_HLP_CALL_FORW_VOI.html">음성 통화 전환</target>
   </keywords>
   <keywords>
      <text FeatureID="-1">통화 전달</text>
      <target FeatureID="-1" href="DIV_HLP_CALL_FORW_MAIN.html">통화 전환</target>
   </keywords>
   <keywords>
      <text FeatureID="-1">동기화 설정</text>
      <target FeatureID="-1" href="CP_HLP_SYNCHRONISATION.html">동기화 설정</target>
   </keywords>
   <keywords>
      <text FeatureID="-1">애플리케이션 설치</text>
      <target FeatureID="-1" href="CP_HLP_INSTALLATIONS.html">설치</target>
   </keywords>
   <keywords>
      <text FeatureID="-1">헤드폰 설정</text>
      <target FeatureID="-1" href="SET_HLP_ACCESSORIES_HEADPHONE.html">헤드폰 설정</target>
   </keywords>
   <keywords>
      <text FeatureID="-1">헤드셋 설정</text>
      <target FeatureID="-1" href="SET_HLP_ACCESSORIES_HEADSET.html">헤드셋 설정</target>
   </keywords>
   <keywords>
      <text FeatureID="-1">유선 카 키트 설정</text>
      <target FeatureID="-1" href="SET_HLP_ACCESS_WIRED_CK.html">유선 카 키트 설정</target>
   </keywords>
   <keywords>
      <text FeatureID="-1">카 키트 설정</text>
      <target FeatureID="-1" href="SET_HLP_ACCESS_WIRED_CK.html">유선 카 키트 설정</target>
   </keywords>
   <keywords>
      <text FeatureID="-1">뮤직 스탠드 설정</text>
      <target FeatureID="-1" href="SET_HLP_ACCESSORIES_MUSIC_ST.html">뮤직 스탠드 설정</target>
   </keywords>
   <keywords>
      <text FeatureID="true_1032">TTY 설정</text>
      <target FeatureID="true_1032" href="SET_HLP_ACCESSORIES_TTY.html">문자폰 설정</target>
   </keywords>
   <keywords>
      <text FeatureID="true_1032">TDD 설정</text>
      <target FeatureID="true_1032" href="SET_HLP_ACCESSORIES_TTY.html">문자폰 설정</target>
   </keywords>
   <keywords>
      <text FeatureID="true_1540">TV-OUT 설정</text>
      <target FeatureID="true_1540" href="SET_HLP_ACCESSORIES_TVOUT.html">TV-OUT 설정</target>
   </keywords>
</keywords>