<?xml version="1.0" encoding="UTF-8"?>
<keywords>
   <keywords>
      <text FeatureID="-1">slovník</text>
      <target FeatureID="-1" href="DICTIONARY_HLP_MAIN_TAB1.html">Slovník</target>
   </keywords>
   <keywords>
      <text FeatureID="-1">preklad</text>
      <target FeatureID="-1" href="DICTIONARY_HLP_MAIN_TAB1.html">Slovník</target>
   </keywords>
   <keywords>
      <text FeatureID="-1">slovník, preklad</text>
      <target FeatureID="-1" href="DICTIONARY_HLP_RESULTS.html">Výsledný preklad</target>
   </keywords>
</keywords>