<?xml version="1.0" encoding="UTF-8"?>
<keywords>
   <keywords>
      <text FeatureID="-1">محتوى للمشاركة</text>
      <target FeatureID="-1" href="UPNP_HLP_SHARE_CONTENT.html">اختيار محتوى للمشاركة</target>
   </keywords>
   <keywords>
      <text FeatureID="-1">وسائط منزلية</text>
      <target FeatureID="-1" href="UPNP_HLP_SHARE_CONTENT.html">اختيار محتوى للمشاركة</target>
   </keywords>
   <keywords>
      <text FeatureID="-1">مشاركة صور ومقاطع فيديو</text>
      <target FeatureID="-1" href="UPNP_HLP_SHARE_CONTENT.html">اختيار محتوى للمشاركة</target>
   </keywords>
   <keywords>
      <text FeatureID="-1">وسائط محلية</text>
      <target FeatureID="-1" href="UPNP_HLP_SHARING_PROP.html">ضبط المشاركة</target>
      <target FeatureID="-1" href="UPNP_HLP_MAIN_VIEW.html">الوسائط المحلية</target>
      <target FeatureID="-1" href="UPNP_HLP_MAIN_EXTERNAL.html">أجهزة الوسائط المحلية</target>
      <target FeatureID="-1" href="UPNP_HLP_CONTENT_VIEW.html">ملفات الوسائط المحلية</target>
      <target FeatureID="-1" href="UPNP_HLP_REMOTE_DEVICES.html">حافظات الوسائط المحلية</target>
      <target FeatureID="-1" href="UPNP_HLP_SEARCH.html">نتائج البحث</target>
   </keywords>
   <keywords>
      <text FeatureID="-1">مشاركة ملفات وسائط</text>
      <target FeatureID="-1" href="UPNP_HLP_SHARING_PROP.html">ضبط المشاركة</target>
      <target FeatureID="-1" href="UPNP_HLP_MAIN_VIEW.html">الوسائط المحلية</target>
      <target FeatureID="-1" href="UPNP_HLP_MAIN_EXTERNAL.html">أجهزة الوسائط المحلية</target>
      <target FeatureID="-1" href="UPNP_HLP_CONTENT_VIEW.html">ملفات الوسائط المحلية</target>
      <target FeatureID="-1" href="UPNP_HLP_REMOTE_DEVICES.html">حافظات الوسائط المحلية</target>
      <target FeatureID="-1" href="UPNP_HLP_SEARCH.html">نتائج البحث</target>
   </keywords>
   <keywords>
      <text FeatureID="-1">عرض ملفات على جهاز بعيد</text>
      <target FeatureID="-1" href="UPNP_HLP_SHARING_PROP.html">ضبط المشاركة</target>
      <target FeatureID="-1" href="UPNP_HLP_MAIN_VIEW.html">الوسائط المحلية</target>
      <target FeatureID="-1" href="UPNP_HLP_MAIN_EXTERNAL.html">أجهزة الوسائط المحلية</target>
      <target FeatureID="-1" href="UPNP_HLP_CONTENT_VIEW.html">ملفات الوسائط المحلية</target>
      <target FeatureID="-1" href="UPNP_HLP_REMOTE_DEVICES.html">حافظات الوسائط المحلية</target>
      <target FeatureID="-1" href="UPNP_HLP_SEARCH.html">نتائج البحث</target>
   </keywords>
   <keywords>
      <text FeatureID="-1">خصائص المشاركة</text>
      <target FeatureID="-1" href="UPNP_HLP_SHARING_PROP.html">ضبط المشاركة</target>
   </keywords>
</keywords>