<?xml version="1.0" encoding="UTF-8"?>
<keywords>
   <keywords>
      <text FeatureID="-1">kalendar</text>
      <target FeatureID="-1" href="CALE_HLP_NOTE_VIEWER.html">Entri kalendar</target>
      <target FeatureID="-1" href="CALE_HLP_DAY_VIEW.html">Pameran hari</target>
      <target FeatureID="-1" href="CALE_HLP_NOTE_MEETING.html">Entri mesyuarat</target>
      <target FeatureID="-1" href="CALE_HLP_MONTH_VIEW.html">Pameran bulan</target>
      <target FeatureID="-1" href="CALE_HLP_TODO_NOTE.html">Entri tugasan</target>
      <target FeatureID="-1" href="CALE_HLP_TODO_VIEW.html">Pameran tugasan</target>
      <target FeatureID="-1" href="CALE_HLP_WEEK_VIEW.html">Pameran minggu</target>
      <target FeatureID="-1" href="CALE_HLP_CALENDAR_DATABASE_SETTINGS.html">Tetapan kalendar berbilang</target>
      <target FeatureID="-1" href="CALE_HLP_CALE_MAN_VIEW.html">Paparan pengurusan kalendar</target>
      <target FeatureID="-1" href="CALE_HLP_ATTACH_VIEW.html">Paparan lampiran</target>
      <target FeatureID="-1" href="CALE_HLP_MAV.html">Paparan penggera yang terlepas</target>
   </keywords>
   <keywords>
      <text FeatureID="-1">mesyuarat</text>
      <target FeatureID="-1" href="CALE_HLP_NOTE_VIEWER.html">Entri kalendar</target>
      <target FeatureID="-1" href="CALE_HLP_NOTE_MEETING.html">Entri mesyuarat</target>
   </keywords>
   <keywords>
      <text FeatureID="-1">nota tugasan</text>
      <target FeatureID="-1" href="CALE_HLP_NOTE_VIEWER.html">Entri kalendar</target>
      <target FeatureID="-1" href="CALE_HLP_TODO_NOTE.html">Entri tugasan</target>
   </keywords>
   <keywords>
      <text FeatureID="-1">tetapan kalendar</text>
      <target FeatureID="-1" href="CALE_HLP_SETTINGS.html">Tetapan kalendar</target>
   </keywords>
   <keywords>
      <text FeatureID="-1">senaran tugasan</text>
      <target FeatureID="-1" href="CALE_HLP_TODO_VIEW.html">Pameran tugasan</target>
   </keywords>
   <keywords>
      <text FeatureID="-1">tetapan, kalendar</text>
      <target FeatureID="-1" href="CALE_HLP_CALENDAR_DATABASE_SETTINGS.html">Tetapan kalendar berbilang</target>
   </keywords>
   <keywords>
      <text FeatureID="-1">lampiran</text>
      <target FeatureID="-1" href="CALE_HLP_ATTACH_VIEW.html">Paparan lampiran</target>
   </keywords>
   <keywords>
      <text FeatureID="-1">penggera, nota kalendar</text>
      <target FeatureID="-1" href="CALE_HLP_MAV.html">Paparan penggera yang terlepas</target>
   </keywords>
</keywords>