<?xml version="1.0" encoding="UTF-8"?>
<keywords>
   <keywords>
      <text FeatureID="-1">lecteur de message, langue</text>
      <target FeatureID="-1" href="SPEECH_HLP_MAIN.html">Paramètres de parole</target>
   </keywords>
   <keywords>
      <text FeatureID="-1">lecteur de message, voix</text>
      <target FeatureID="-1" href="SPEECH_HLP_MAIN.html">Paramètres de parole</target>
   </keywords>
   <keywords>
      <text FeatureID="-1">lecteur de message</text>
      <target FeatureID="-1" href="SPEECH_HLP_VOICE.html">Détails vocaux</target>
   </keywords>
   <keywords>
      <text FeatureID="-1">lecteur de message, paramètres</text>
      <target FeatureID="-1" href="SPEECH_HLP_MRSETTINGS.html">Paramètres du lecteur de message </target>
   </keywords>
</keywords>