<?xml version="1.0" encoding="UTF-8"?><?xml-stylesheet  href="../../theme/xsl/index2html.xslt" type="text/xsl"?>
<topics FeatureID="-1" title="Personnalisation" compressed="true">
   <topicref FeatureID="-1" href="SKINS_HLP_LIST.html" navtitle="Thèmes généraux"/>
   <topicref FeatureID="-1" href="SCREENSAVER_HLP_WP_SETTINGS.html" navtitle="Paramètres de fond d'écran du diaporama"/>
   <topicref FeatureID="-1" href="SKINS_HLP_WP_SETTINGS.html" navtitle="Paramètres du fond d'écran"/>
   <topicref FeatureID="-1" href="SKINS_HLP_SCREENS_SETTINGS.html" navtitle="Paramètres de l'économiseur d'écran"/>
   <topicref FeatureID="true_1503" href="SKINS_HLP_CIMAGE_SETTINGS.html" navtitle="Sélectionner une photo d'appel"/>
   <topicref FeatureID="-1" href="SKINS_HLP_APPSHELL.html" navtitle="Paramètres de l'affichage d'un menu"/>
   <topicref FeatureID="-1" href="SKINS_HLP_IDLE.html" navtitle="Paramètres de l'écran d'accueil"/>
   <topicref FeatureID="-1" href="SKINS_HLP_APP_MAIN.html" navtitle="Personnaliser l'affichage"/>
   <topicref FeatureID="-1" href="SKINS_HLP_APPSKINS_LIST.html" navtitle="Thèmes des applications"/>
</topics>