<?xml version="1.0" encoding="UTF-8"?>
<keywords>
   <keywords>
      <text FeatureID="-1">thèmes</text>
      <target FeatureID="-1" href="SKINS_HLP_LIST.html">Thèmes généraux</target>
      <target FeatureID="-1" href="SCREENSAVER_HLP_WP_SETTINGS.html">Paramètres de fond d'écran du diaporama</target>
      <target FeatureID="-1" href="SKINS_HLP_WP_SETTINGS.html">Paramètres du fond d'écran</target>
      <target FeatureID="true_1503" href="SKINS_HLP_CIMAGE_SETTINGS.html">Sélectionner une photo d'appel</target>
      <target FeatureID="-1" href="SKINS_HLP_APPSHELL.html">Paramètres de l'affichage d'un menu</target>
      <target FeatureID="-1" href="SKINS_HLP_IDLE.html">Paramètres de l'écran d'accueil</target>
      <target FeatureID="-1" href="SKINS_HLP_APP_MAIN.html">Personnaliser l'affichage</target>
      <target FeatureID="-1" href="SKINS_HLP_APPSKINS_LIST.html">Thèmes des applications</target>
   </keywords>
   <keywords>
      <text FeatureID="-1">fond d'écran du diaporama</text>
      <target FeatureID="-1" href="SCREENSAVER_HLP_WP_SETTINGS.html">Paramètres de fond d'écran du diaporama</target>
   </keywords>
   <keywords>
      <text FeatureID="-1">paramètres du diaporama</text>
      <target FeatureID="-1" href="SCREENSAVER_HLP_WP_SETTINGS.html">Paramètres de fond d'écran du diaporama</target>
   </keywords>
   <keywords>
      <text FeatureID="-1">paramètres du fond d'écran</text>
      <target FeatureID="-1" href="SKINS_HLP_WP_SETTINGS.html">Paramètres du fond d'écran</target>
   </keywords>
   <keywords>
      <text FeatureID="-1">photo d'arrière-plan</text>
      <target FeatureID="-1" href="SKINS_HLP_WP_SETTINGS.html">Paramètres du fond d'écran</target>
   </keywords>
   <keywords>
      <text FeatureID="-1">économiseur d'écran</text>
      <target FeatureID="-1" href="SKINS_HLP_SCREENS_SETTINGS.html">Paramètres de l'économiseur d'écran</target>
   </keywords>
   <keywords>
      <text FeatureID="true_1503">paramètres de la photo d'appel</text>
      <target FeatureID="true_1503" href="SKINS_HLP_CIMAGE_SETTINGS.html">Sélectionner une photo d'appel</target>
   </keywords>
   <keywords>
      <text FeatureID="-1">menus</text>
      <target FeatureID="-1" href="SKINS_HLP_APPSHELL.html">Paramètres de l'affichage d'un menu</target>
   </keywords>
   <keywords>
      <text FeatureID="-1">paramètres, écran d'accueil</text>
      <target FeatureID="-1" href="SKINS_HLP_IDLE.html">Paramètres de l'écran d'accueil</target>
   </keywords>
   <keywords>
      <text FeatureID="-1">widgets</text>
      <target FeatureID="-1" href="SKINS_HLP_IDLE.html">Paramètres de l'écran d'accueil</target>
   </keywords>
   <keywords>
      <text FeatureID="-1">image d'arrière-plan</text>
      <target FeatureID="-1" href="SKINS_HLP_APP_MAIN.html">Personnaliser l'affichage</target>
   </keywords>
</keywords>