<?xml version="1.0" encoding="UTF-8"?>
<keywords>
   <keywords>
      <text FeatureID="-1">Quickoffice, dosya yöneticisi</text>
      <target FeatureID="-1" href="QFM_HLP_FILE_MENU.html">Dosya yöneticisi</target>
   </keywords>
   <keywords>
      <text FeatureID="-1">Quickoffice</text>
      <target FeatureID="-1" href="QFM_HLP_LOC_MENU.html">Quickoffice</target>
   </keywords>
   <keywords>
      <text FeatureID="-1">Quickpoint</text>
      <target FeatureID="-1" href="QPOINT_HLP_EDIT_SLIDE_VIEW.html">Slaytları düzenleme</target>
      <target FeatureID="-1" href="QPOINT_HLP_REPLACE_VIEW.html">Metin bul ve değiştir</target>
      <target FeatureID="-1" href="QPOINT_HLP_FIND_VIEW.html">Metin bulma</target>
      <target FeatureID="-1" href="QPOINT_HLP_VIEW_SLIDE_VIEW.html">Slaytları görüntüleme</target>
   </keywords>
   <keywords>
      <text FeatureID="-1">Quickpoint, metin</text>
      <target FeatureID="-1" href="QPOINT_HLP_EDIT_TEXT_VIEW.html">Metin düzenleme</target>
   </keywords>
   <keywords>
      <text FeatureID="-1">Quickpoint, yorumlar</text>
      <target FeatureID="-1" href="QPOINT_HLP_COMMENT_VIEW.html">Yorumları görüntüleme</target>
   </keywords>
   <keywords>
      <text FeatureID="-1">Quickpoint, notlar</text>
      <target FeatureID="-1" href="QPOINT_HLP_VIEW_NOTES_VIEW.html">Notları görüntüleme</target>
   </keywords>
   <keywords>
      <text FeatureID="-1">Quickpoint, anahatlar</text>
      <target FeatureID="-1" href="QPOINT_HLP_VIEW_OUTLINE_VIEW.html">Anahatları görüntüleme</target>
   </keywords>
   <keywords>
      <text FeatureID="-1">Quicksheet, hücreler</text>
      <target FeatureID="-1" href="QSHEET_HLP_CELLS_EDIT.html">Hücreleri düzenleme</target>
      <target FeatureID="-1" href="QSHEET_HLP_VIEW_CELL.html">Hücreleri görüntüleme</target>
   </keywords>
   <keywords>
      <text FeatureID="-1">Quicksheet, sütunlar</text>
      <target FeatureID="-1" href="QSHEET_HLP_EDIT_COLUMN.html">Sütunları düzenleme</target>
   </keywords>
   <keywords>
      <text FeatureID="-1">Quicksheet, aralıklar</text>
      <target FeatureID="-1" href="QSHEET_HLP_EDIT_RANGE.html">Aralıkları düzenleme</target>
   </keywords>
   <keywords>
      <text FeatureID="-1">Quicksheet, satırlar</text>
      <target FeatureID="-1" href="QSHEET_HLP_EDIT_ROW.html">Satırları düzenleme</target>
   </keywords>
   <keywords>
      <text FeatureID="-1">Quicksheet</text>
      <target FeatureID="-1" href="QSHEET_HLP_REPLACE_VIEW.html">Metin bul ve değiştir</target>
      <target FeatureID="-1" href="QSHEET_HLP_FIND_VIEW.html">Metin bulma</target>
      <target FeatureID="-1" href="QSHEET_HLP_CELLS_VIEW.html">Elektronik tabloları görüntüleme</target>
   </keywords>
   <keywords>
      <text FeatureID="-1">Quickword</text>
      <target FeatureID="-1" href="QWORD_HLP_EDIT_MODE.html">Belgeleri düzenleme</target>
      <target FeatureID="-1" href="QWORD_HLP_FIND_MODE.html">Metin bul ve değiştir</target>
      <target FeatureID="-1" href="QWORD_HLP_VIEW_MODE.html">Belgeleri görüntüleme</target>
      <target FeatureID="-1" href="QWORD_HLP_PAGE_VIEW.html">Sayfa düzenini görüntüleme</target>
   </keywords>
</keywords>