<?xml version="1.0" encoding="UTF-8"?><?xml-stylesheet  href="../../theme/xsl/index2html.xslt" type="text/xsl"?>
<topics FeatureID="-1" title="音乐播放器" compressed="true">
   <topicref FeatureID="-1" href="MUS_HLP_TRACKS_VIEW.html" navtitle="歌曲"/>
   <topicref FeatureID="-1" href="MUS_HLP_CATEGORY_VIEW.html" navtitle="音乐类别"/>
   <topicref FeatureID="-1" href="MUS_HLP_PODCAST_MAIN_VIEW.html" navtitle="播客"/>
   <topicref FeatureID="-1" href="MUS_HLP_PODCAST_EPISODES.html" navtitle="播客选段"/>
   <topicref FeatureID="-1" href="MUS_HLP_PLAYLISTS_VIEW.html" navtitle="音乐播放列表"/>
   <topicref FeatureID="-1" href="MUS_HLP_DOWNLOAD_PLAYBACK_VIEW.html" navtitle="Play music on web"/>
   <topicref FeatureID="-1" href="MUS_HLP_LIB_MAIN_VIEW.html" navtitle="Music library"/>
   <topicref FeatureID="-1" href="MUS_HLP_AUDIO_SETT.html" navtitle="音频设置"/>
</topics>