<?xml version="1.0" encoding="UTF-8"?>
<keywords>
   <keywords>
      <text FeatureID="-1">音乐套件</text>
      <target FeatureID="-1" href="MUS_HLP_MUSIC_SUITE_VIEW.html">音乐套件</target>
   </keywords>
   <keywords>
      <text FeatureID="-1">音乐播放器</text>
      <target FeatureID="-1" href="MUS_HLP_TRACKS_VIEW.html">歌曲</target>
      <target FeatureID="-1" href="MUS_HLP_CATEGORY_VIEW.html">音乐类别</target>
      <target FeatureID="-1" href="MUS_HLP_PODCAST_MAIN_VIEW.html">播客</target>
      <target FeatureID="-1" href="MUS_HLP_PODCAST_EPISODES.html">播客选段</target>
      <target FeatureID="-1" href="MUS_HLP_PLAYLISTS_VIEW.html">音乐播放列表</target>
      <target FeatureID="-1" href="MUS_HLP_DOWNLOAD_PLAYBACK_VIEW.html">播放网络中的音乐</target>
      <target FeatureID="-1" href="MUS_HLP_LIB_MAIN_VIEW.html">音乐库</target>
      <target FeatureID="-1" href="MUS_HLP_METADATA_EDITING.html">编辑歌曲信息</target>
      <target FeatureID="-1" href="MUS_HLP_ALBUM_ART_EDITING.html">编辑专辑插图</target>
      <target FeatureID="-1" href="MUS_HLP_AUDIO_SETT.html">音频设置</target>
   </keywords>
   <keywords>
      <text FeatureID="-1">播客</text>
      <target FeatureID="-1" href="MUS_HLP_PODCAST_MAIN_VIEW.html">播客</target>
      <target FeatureID="-1" href="MUS_HLP_PODCAST_EPISODES.html">播客选段</target>
   </keywords>
   <keywords>
      <text FeatureID="-1">播放列表</text>
      <target FeatureID="-1" href="MUS_HLP_PLAYLISTS_VIEW.html">音乐播放列表</target>
   </keywords>
   <keywords>
      <text FeatureID="-1">音乐播放</text>
      <target FeatureID="-1" href="MUS_HLP_PLAYBACK_VIEW.html">播放音乐</target>
   </keywords>
   <keywords>
      <text FeatureID="-1">专辑插图</text>
      <target FeatureID="-1" href="MUS_HLP_ALBUM_ART_EDITING.html">编辑专辑插图</target>
   </keywords>
   <keywords>
      <text FeatureID="-1">重低音</text>
      <target FeatureID="-1" href="MUS_HLP_AUDIO_SETT.html">音频设置</target>
   </keywords>
   <keywords>
      <text FeatureID="-1">立体声强化</text>
      <target FeatureID="-1" href="MUS_HLP_AUDIO_SETT.html">音频设置</target>
   </keywords>
</keywords>