<?xml version="1.0" encoding="UTF-8"?>
<keywords>
   <keywords>
      <text FeatureID="-1">redigere noter</text>
      <target FeatureID="-1" href="NMAKE_HLP_MEMO_VIEWER_EDIT.html">Redigere noter</target>
   </keywords>
   <keywords>
      <text FeatureID="-1">modtage noter</text>
      <target FeatureID="-1" href="NMAKE_HLP_MEMO_VIEWER.html">Få vist mod­tagne noter</target>
   </keywords>
   <keywords>
      <text FeatureID="-1">besked­skabeloner</text>
      <target FeatureID="-1" href="NMAKE_HLP_TEMPLATE_EDITOR.html">Skrive en be­skedskabelon</target>
   </keywords>
   <keywords>
      <text FeatureID="-1">oprette en be­skedskabelon</text>
      <target FeatureID="-1" href="NMAKE_HLP_TEMPLATE_EDITOR.html">Skrive en be­skedskabelon</target>
   </keywords>
   <keywords>
      <text FeatureID="-1">skrive en be­skedskabelon</text>
      <target FeatureID="-1" href="NMAKE_HLP_TEMPLATE_EDITOR.html">Skrive en be­skedskabelon</target>
   </keywords>
   <keywords>
      <text FeatureID="-1">noteliste</text>
      <target FeatureID="-1" href="NMAKE_HLP_MEMO_LIST.html">Noteliste</target>
   </keywords>
   <keywords>
      <text FeatureID="-1">skrive noter</text>
      <target FeatureID="-1" href="NMAKE_HLP_MEMO_LIST.html">Noteliste</target>
      <target FeatureID="-1" href="NMAKE_HLP_MEMO_EDITOR_APPS.html">Skrive noter i programmer</target>
      <target FeatureID="-1" href="NMAKE_HLP_MEMO_EDITOR.html">Skrive noter</target>
   </keywords>
</keywords>