<?xml version="1.0" encoding="UTF-8"?><?xml-stylesheet  href="../../theme/xsl/index2html.xslt" type="text/xsl"?>
<topics FeatureID="-1" title="Personalizare" compressed="true">
   <topicref FeatureID="-1" href="SKINS_HLP_LIST.html" navtitle="Teme generale"/>
   <topicref FeatureID="-1" href="SCREENSAVER_HLP_WP_SETTINGS.html" navtitle="Setări prez. imagini fundal"/>
   <topicref FeatureID="-1" href="SKINS_HLP_WP_SETTINGS.html" navtitle="Setări imagine de fundal"/>
   <topicref FeatureID="-1" href="SKINS_HLP_SCREENS_SETTINGS.html" navtitle="Setări protector de ecran"/>
   <topicref FeatureID="true_1503" href="SKINS_HLP_CIMAGE_SETTINGS.html" navtitle="Selectare imagine de apel"/>
   <topicref FeatureID="-1" href="SKINS_HLP_APPSHELL.html" navtitle="Setări ecran meniu"/>
   <topicref FeatureID="-1" href="SKINS_HLP_APP_MAIN.html" navtitle="Personalizare afişaj"/>
   <topicref FeatureID="-1" href="SKINS_HLP_APPSKINS_LIST.html" navtitle="Teme aplicaţii"/>
</topics>