<?xml version="1.0" encoding="UTF-8"?>
<keywords>
   <keywords>
      <text FeatureID="-1">teme</text>
      <target FeatureID="-1" href="SKINS_HLP_LIST.html">Teme generale</target>
      <target FeatureID="-1" href="SCREENSAVER_HLP_WP_SETTINGS.html">Setări prez. imagini fundal</target>
      <target FeatureID="-1" href="SKINS_HLP_WP_SETTINGS.html">Setări imagine de fundal</target>
      <target FeatureID="true_1503" href="SKINS_HLP_CIMAGE_SETTINGS.html">Selectare imagine de apel</target>
      <target FeatureID="-1" href="SKINS_HLP_APPSHELL.html">Setări ecran meniu</target>
      <target FeatureID="-1" href="SKINS_HLP_IDLE.html">Setări ecran de Start</target>
      <target FeatureID="-1" href="SKINS_HLP_APP_MAIN.html">Personalizare afişaj</target>
      <target FeatureID="-1" href="SKINS_HLP_APPSKINS_LIST.html">Teme aplicaţii</target>
   </keywords>
   <keywords>
      <text FeatureID="-1">prezentare imagini fundal</text>
      <target FeatureID="-1" href="SCREENSAVER_HLP_WP_SETTINGS.html">Setări prez. imagini fundal</target>
   </keywords>
   <keywords>
      <text FeatureID="-1">setări prez. imagini</text>
      <target FeatureID="-1" href="SCREENSAVER_HLP_WP_SETTINGS.html">Setări prez. imagini fundal</target>
   </keywords>
   <keywords>
      <text FeatureID="-1">setări imagine de fundal</text>
      <target FeatureID="-1" href="SKINS_HLP_WP_SETTINGS.html">Setări imagine de fundal</target>
   </keywords>
   <keywords>
      <text FeatureID="-1">imagine fundal</text>
      <target FeatureID="-1" href="SKINS_HLP_WP_SETTINGS.html">Setări imagine de fundal</target>
      <target FeatureID="-1" href="SKINS_HLP_APP_MAIN.html">Personalizare afişaj</target>
   </keywords>
   <keywords>
      <text FeatureID="-1">protector de ecran</text>
      <target FeatureID="-1" href="SKINS_HLP_SCREENS_SETTINGS.html">Setări protector de ecran</target>
   </keywords>
   <keywords>
      <text FeatureID="true_1503">setări imagine de apel</text>
      <target FeatureID="true_1503" href="SKINS_HLP_CIMAGE_SETTINGS.html">Selectare imagine de apel</target>
   </keywords>
   <keywords>
      <text FeatureID="-1">meniuri</text>
      <target FeatureID="-1" href="SKINS_HLP_APPSHELL.html">Setări ecran meniu</target>
   </keywords>
   <keywords>
      <text FeatureID="-1">setări, ecranul iniţial</text>
      <target FeatureID="-1" href="SKINS_HLP_IDLE.html">Setări ecran de Start</target>
   </keywords>
   <keywords>
      <text FeatureID="-1">widgeturi</text>
      <target FeatureID="-1" href="SKINS_HLP_IDLE.html">Setări ecran de Start</target>
   </keywords>
</keywords>