<?xml version="1.0" encoding="UTF-8"?>
<keywords>
   <keywords>
      <text FeatureID="-1">mengirim pesan</text>
      <target FeatureID="-1" href="UNIFIED_HLP_EDITOR.html">Membuat pesan</target>
   </keywords>
   <keywords>
      <text FeatureID="-1">editor pesan</text>
      <target FeatureID="-1" href="UNIFIED_HLP_EDITOR.html">Membuat pesan</target>
   </keywords>
   <keywords>
      <text FeatureID="-1">pesan</text>
      <target FeatureID="-1" href="UNIFIED_HLP_SENDING_OPTIONS.html">Pilihan pengiriman</target>
   </keywords>
   <keywords>
      <text FeatureID="-1">pilihan pengiriman</text>
      <target FeatureID="-1" href="UNIFIED_HLP_SENDING_OPTIONS.html">Pilihan pengiriman</target>
   </keywords>
   <keywords>
      <text FeatureID="-1">objek media</text>
      <target FeatureID="-1" href="UNIFIED_HLP_ED_OBJECTS.html">Objek media yang diterima</target>
   </keywords>
   <keywords>
      <text FeatureID="-1">objek multimedia</text>
      <target FeatureID="-1" href="UNIFIED_HLP_ED_OBJECTS.html">Objek media yang diterima</target>
   </keywords>
</keywords>