<?xml version="1.0" encoding="UTF-8"?>
<keywords>
   <keywords>
      <text FeatureID="-1">서비스 메시지 설정</text>
      <target FeatureID="-1" href="WPUSH_HLP_SETTINGS.html">서비스 메시지 설정</target>
   </keywords>
   <keywords>
      <text FeatureID="-1">메시지 밀어내기</text>
      <target FeatureID="-1" href="WPUSH_HLP_VIEWER.html">서비스 메시지 보기</target>
   </keywords>
   <keywords>
      <text FeatureID="-1">서비스 메시지</text>
      <target FeatureID="-1" href="WPUSH_HLP_VIEWER.html">서비스 메시지 보기</target>
   </keywords>
</keywords>