<?xml version="1.0" encoding="UTF-8"?>
<keywords>
   <keywords>
      <text FeatureID="true_1091">עורך USSD</text>
      <target FeatureID="true_1091" href="USSD_HLP_EDITOR.html">פקודות שירות</target>
   </keywords>
   <keywords>
      <text FeatureID="true_1091">פקודות שירות</text>
      <target FeatureID="true_1091" href="USSD_HLP_EDITOR.html">פקודות שירות</target>
   </keywords>
   <keywords>
      <text FeatureID="true_1091">שירותי רשת</text>
      <target FeatureID="true_1091" href="USSD_HLP_EDITOR.html">פקודות שירות</target>
   </keywords>
</keywords>