<?xml version="1.0" encoding="UTF-8"?>
<keywords>
   <keywords>
      <text FeatureID="-1">ہوم اسکرین</text>
      <target FeatureID="-1" href="SET_HLP_HOME_SCREEN.html">ہوم اسکرین</target>
      <target FeatureID="-1" href="SET_HLP_HOME_SCREEN_EDIT.html">ہوم اسکریں ترمیم کریں</target>
   </keywords>
   <keywords>
      <text FeatureID="-1">وجٹ</text>
      <target FeatureID="-1" href="WM_HLP_WIDGET_COLLECTION.html">وجٹ کا کیٹالاگ</target>
   </keywords>
</keywords>