<?xml version="1.0" encoding="UTF-8"?><?xml-stylesheet  href="../../theme/xsl/index2html.xslt" type="text/xsl"?>
<topics FeatureID="-1" title="Журналы" compressed="true">
   <topicref FeatureID="-1" href="GPRS_HLP_MAIN.html" navtitle="Соединения в режиме пакетной передачи данных"/>
   <topicref FeatureID="-1" href="LOGS_HLP_COUNTER.html" navtitle="Списки вызовов и данных"/>
   <topicref FeatureID="-1" href="LOGS_HLP_DETAIL.html" navtitle="Сведения журнала событий"/>
   <topicref FeatureID="-1" href="LOGS_HLP_MAIN.html" navtitle="Информация журнала"/>
   <topicref FeatureID="-1" href="LOGS_HLP_SETTING.html" navtitle="Параметры журнала"/>
   <topicref FeatureID="-1" href="STM_HLP_DIALLED.html" navtitle="Набранные номера"/>
   <topicref FeatureID="-1" href="STM_HLP_MAIN.html" navtitle="Список вызовов"/>
   <topicref FeatureID="-1" href="STM_HLP_MISSED.html" navtitle="Непринятые вызовы"/>
   <topicref FeatureID="-1" href="STM_HLP_RECEIVED.html" navtitle="Принятые вызовы"/>
   <topicref FeatureID="-1" href="TIMERS_HLP_MAIN.html" navtitle="Длительность вызова"/>
</topics>