<?xml version="1.0" encoding="UTF-8"?>
<keywords>
   <keywords>
      <text FeatureID="-1">пакетная передача данных</text>
      <target FeatureID="-1" href="GPRS_HLP_MAIN.html">Соединения в режиме пакетной передачи данных</target>
      <target FeatureID="-1" href="LOGS_HLP_COUNTER.html">Списки вызовов и данных</target>
   </keywords>
   <keywords>
      <text FeatureID="-1">продолжительность вызовов</text>
      <target FeatureID="-1" href="LOGS_HLP_COUNTER.html">Списки вызовов и данных</target>
   </keywords>
   <keywords>
      <text FeatureID="-1">список вызовов</text>
      <target FeatureID="-1" href="LOGS_HLP_COUNTER.html">Списки вызовов и данных</target>
      <target FeatureID="-1" href="STM_HLP_MAIN.html">Список вызовов</target>
   </keywords>
   <keywords>
      <text FeatureID="-1">журналы</text>
      <target FeatureID="-1" href="LOGS_HLP_DETAIL.html">Сведения журнала событий</target>
      <target FeatureID="-1" href="LOGS_HLP_MAIN.html">Информация журнала</target>
   </keywords>
   <keywords>
      <text FeatureID="-1">параметры журнала</text>
      <target FeatureID="-1" href="LOGS_HLP_SETTING.html">Параметры журнала</target>
   </keywords>
   <keywords>
      <text FeatureID="-1">набранные номера</text>
      <target FeatureID="-1" href="STM_HLP_DIALLED.html">Набранные номера</target>
   </keywords>
   <keywords>
      <text FeatureID="-1">журнал вызовов</text>
      <target FeatureID="-1" href="STM_HLP_MAIN.html">Список вызовов</target>
   </keywords>
   <keywords>
      <text FeatureID="-1">непринятые вызовы</text>
      <target FeatureID="-1" href="STM_HLP_MISSED.html">Непринятые вызовы</target>
   </keywords>
   <keywords>
      <text FeatureID="-1">принятые вызовы</text>
      <target FeatureID="-1" href="STM_HLP_RECEIVED.html">Принятые вызовы</target>
   </keywords>
   <keywords>
      <text FeatureID="-1">отвеченные вызовы</text>
      <target FeatureID="-1" href="STM_HLP_RECEIVED.html">Принятые вызовы</target>
   </keywords>
   <keywords>
      <text FeatureID="-1">вызовы, продолжит.</text>
      <target FeatureID="-1" href="TIMERS_HLP_MAIN.html">Длительность вызова</target>
   </keywords>
   <keywords>
      <text FeatureID="-1">длительн. вызовов</text>
      <target FeatureID="-1" href="TIMERS_HLP_MAIN.html">Длительность вызова</target>
   </keywords>
</keywords>