<?xml version="1.0" encoding="UTF-8"?>
<keywords>
   <keywords>
      <text FeatureID="-1">reprodução de arquivo Flash</text>
      <target FeatureID="-1" href="FLITE_HLP_STOPPED.html">Encerrar reprodução de Flash</target>
      <target FeatureID="-1" href="FLITE_HLP_VIEWER_PAUSED.html">Pausar reprodução de Flash</target>
      <target FeatureID="-1" href="FLITE_HLP_VIEWER_PLAY.html">Reproduzir arquivos Flash</target>
   </keywords>
   <keywords>
      <text FeatureID="-1">Flash player</text>
      <target FeatureID="-1" href="FLITE_HLP_STOPPED.html">Encerrar reprodução de Flash</target>
      <target FeatureID="-1" href="FLITE_HLP_VIEWER_PAUSED.html">Pausar reprodução de Flash</target>
      <target FeatureID="-1" href="FLITE_HLP_VIEWER_PLAY.html">Reproduzir arquivos Flash</target>
   </keywords>
</keywords>