<?xml version="1.0" encoding="UTF-8"?>
<keywords>
   <keywords>
      <text FeatureID="-1">meldingsleser, språk</text>
      <target FeatureID="-1" href="SPEECH_HLP_MAIN.html">Taleinnstillinger</target>
   </keywords>
   <keywords>
      <text FeatureID="-1">meldingsleser, stemme</text>
      <target FeatureID="-1" href="SPEECH_HLP_MAIN.html">Taleinnstillinger</target>
   </keywords>
   <keywords>
      <text FeatureID="-1">meldingsoppleser</text>
      <target FeatureID="-1" href="SPEECH_HLP_VOICE.html">Stemmedetaljer</target>
   </keywords>
   <keywords>
      <text FeatureID="-1">meldingsleser, innstillinger</text>
      <target FeatureID="-1" href="SPEECH_HLP_MRSETTINGS.html">Innstillinger for meldingsleser</target>
   </keywords>
</keywords>