<?xml version="1.0" encoding="UTF-8"?>
<keywords>
   <keywords>
      <text FeatureID="-1">Bluetooth</text>
      <target FeatureID="-1" href="BT_HLP_MAIN.html">Bluetooth</target>
      <target FeatureID="-1" href="BT_HLP_PAIRED.html">Parear com dispositivos</target>
      <target FeatureID="-1" href="BT_HLP_BLOCKED.html">Bloquear dispositivos</target>
   </keywords>
   <keywords>
      <text FeatureID="-1">configurações de Bluetooth</text>
      <target FeatureID="-1" href="BT_HLP_MAIN.html">Bluetooth</target>
   </keywords>
   <keywords>
      <text FeatureID="-1">parear dispositivos</text>
      <target FeatureID="-1" href="BT_HLP_PAIRED.html">Parear com dispositivos</target>
   </keywords>
   <keywords>
      <text FeatureID="-1">dispositivos bloqueados</text>
      <target FeatureID="-1" href="BT_HLP_BLOCKED.html">Bloquear dispositivos</target>
   </keywords>
   <keywords>
      <text FeatureID="true_12">teclado sem fio</text>
      <target FeatureID="true_12" href="BTKEYBOARD_HLP_SETTINGS.html">Teclado sem fio</target>
   </keywords>
</keywords>