<?xml version="1.0" encoding="UTF-8"?>
<keywords>
   <keywords>
      <text FeatureID="-1">ordes por voz</text>
      <target FeatureID="true_72" href="HLP_VC_SIND_FOLDER.html">Vista da aplicación</target>
      <target FeatureID="true_72" href="HLP_VC_SIND_MAIN.html">Uso das ordes por voz</target>
      <target FeatureID="-1" href="VCINFO_HLP_MAINVIEW.html">Para contactos</target>
   </keywords>
   <keywords>
      <text FeatureID="-1">axustes ordes voz</text>
      <target FeatureID="-1" href="HLP_VC_SET.html">Axustes de ordes por voz</target>
   </keywords>
</keywords>