<?xml version="1.0" encoding="UTF-8"?>
<keywords>
   <keywords>
      <text FeatureID="-1">电子邮件帐户设置</text>
      <target FeatureID="-1" href="FSE_HLP_IMS_SETTINGS_ACCT_INFO.html">电子邮件帐户设置</target>
   </keywords>
   <keywords>
      <text FeatureID="-1">高级信箱设置</text>
      <target FeatureID="-1" href="FSE_HLP_IMS_SETTINGS_ADVANCED.html">高级信箱设置</target>
   </keywords>
   <keywords>
      <text FeatureID="-1">信箱设置</text>
      <target FeatureID="-1" href="FSE_HLP_IMS_SETTINGS_MAILBOX.html">信箱设置</target>
   </keywords>
   <keywords>
      <text FeatureID="-1">电子邮件同步内容</text>
      <target FeatureID="-1" href="FSE_HLP_IMS_SETTINGS_WHAT_SYNC.html">定义同步内容</target>
   </keywords>
   <keywords>
      <text FeatureID="-1">电子邮件同步时间</text>
      <target FeatureID="-1" href="FSE_HLP_IMS_SETTINGS_WHEN_SYNC.html">定义同步时间</target>
   </keywords>
   <keywords>
      <text FeatureID="-1">电子邮件文件夹同步</text>
      <target FeatureID="-1" href="FSE_HLP_IMS_SETTINGS_FOLDER.html">同步电子邮件文件夹</target>
   </keywords>
   <keywords>
      <text FeatureID="-1">电子邮件服务设置</text>
      <target FeatureID="-1" href="FSE_HLP_SETTINGS_INTELL_LIST.html">电子邮件服务设置</target>
   </keywords>
   <keywords>
      <text FeatureID="-1">电子邮件设置</text>
      <target FeatureID="-1" href="FSE_HLP_IMS_SETTINGS_MAIN_VIEW.html">电子邮件设置</target>
   </keywords>
   <keywords>
      <text FeatureID="-1">Intellisync</text>
      <target FeatureID="-1" href="FSE_HLP_IMS_LAUNCHER_MAIN_VIEW.html">Intellisync 电子邮件</target>
   </keywords>
</keywords>