<?xml version="1.0" encoding="UTF-8"?><?xml-stylesheet  href="../../theme/xsl/index2html.xslt" type="text/xsl"?>
<topics FeatureID="-1" title="‏Nokia ای میل" compressed="true">
   <topicref FeatureID="-1" href="FSCA_HLP_ANNIVERSARY_EDITOR.html" navtitle="سالانہ تفریبات کی اندراجات بنائيں"/>
   <topicref FeatureID="-1" href="FSCA_HLP_CALE_MEETING_EDITOR.html" navtitle="اجلاس کے اندراجات بنائیں"/>
   <topicref FeatureID="-1" href="FSCA_HLP_MEMO_EDITOR.html" navtitle="میمو اندراجات بنائيں"/>
   <topicref FeatureID="-1" href="FSCA_HLP_TODO_EDITOR.html" navtitle="عمل اندراجات بنائيں"/>
   <topicref FeatureID="-1" href="FSCA_HLP_CALE_MEETING_VIEWER.html" navtitle="میٹنگ کی اندراجات ترمیم کریں"/>
   <topicref FeatureID="-1" href="FSCA_HLP_MEMO_VIEWER.html" navtitle="میمو کی اندراجات ترمیم کريں"/>
   <topicref FeatureID="-1" href="FSCA_HLP_TODO_VIEWER.html" navtitle="ضروری کاموں کی اندراجات ترمیم کریں"/>
   <topicref FeatureID="-1" href="FSCA_HLP_ANNI_VIEWER.html" navtitle="سالانہ تقریب کی اندراجات ترمیم کریں"/>
   <topicref FeatureID="-1" href="FSCA_HLP_RESPONSE_EDITOR.html" navtitle="اپنا جواب ترمیم کریں"/>
   <topicref FeatureID="-1" href="FSCA_HLP_VIEWER_ORGANIZER.html" navtitle="میٹنگ کی درخواستوں کا انتظام کریں"/>
   <topicref FeatureID="-1" href="MEET_REQ_HLP_EDITOR.html" navtitle="موصولہ میٹنگ کی درخواستیں"/>
   <topicref FeatureID="-1" href="FSCA_HLP_VIEWER.html" navtitle="میٹنگ کی درخواستوں کا جواب دیں"/>
   <topicref FeatureID="-1" href="RLOOK_HLP_INFO_VIEW.html" navtitle="ملے ہوئے رابطے کا انتظام کريں"/>
   <topicref FeatureID="-1" href="RLOOK_HLP_RESULT_VIEW.html" navtitle="تلاش کے نتائج"/>
   <topicref FeatureID="-1" href="FSE_HLP_ATTACHMENT_LIST_EDITOR.html" navtitle="منسلکات شامل کریں"/>
   <topicref FeatureID="-1" href="FSE_HLP_MESSAGE_LIST_DELETED.html" navtitle="مٹائے گئے ای میل پیغامات"/>
   <topicref FeatureID="-1" href="FSE_HLP_ATTACHMENT_LIST.html" navtitle="منسلکات ڈاؤن لوڈ کریں"/>
   <topicref FeatureID="-1" href="FSE_HLP_MESSAGE_LIST_DRAFTS.html" navtitle="ای میل پیغامات کا مسودہ بنانا"/>
   <topicref FeatureID="-1" href="FSE_HLP_LAUNCHER_GRID.html" navtitle="Nokia ای میل"/>
   <topicref FeatureID="-1" href="FSE_HLP_FOLDER_LIST.html" navtitle="ای میل فولڈر"/>
   <topicref FeatureID="-1" href="FSE_HLP_LAUNCHER_SETTINGS.html" navtitle="عام ای میل ترتیبات"/>
   <topicref FeatureID="-1" href="FSE_HLP_SETTINGS_GLOBAL.html" navtitle="گلوبل اي ميل کي ترتيبات"/>
   <topicref FeatureID="-1" href="FS_VIEWER_HLP_HTML_VIEW.html" navtitle="HTML فارمیٹڈ ای میل"/>
   <topicref FeatureID="-1" href="FSE_HLP_POP_IMAP_SETT_ADV.html" navtitle="برتر ای میل ترتیبات"/>
   <topicref FeatureID="-1" href="FSE_HLP_POP_IMAP_SETT_INCOMING.html" navtitle="موصولہ ای میل کے لئے ترتیبات"/>
   <topicref FeatureID="-1" href="FSE_HLP_POP_IMAP_SETT_OUTGOING.html" navtitle="مرسلہ ای میل کی ترتیبات"/>
   <topicref FeatureID="-1" href="FSE_HLP_POP_IMAP_SETT_MAIN.html" navtitle="ای میل کی ترتیبات"/>
   <topicref FeatureID="-1" href="FSE_HLP_SETT_IMAP_SUBSCR.html" navtitle="فولڈروں پر اشتراک کریں"/>
   <topicref FeatureID="-1" href="FSE_HLP_POP_IMAP_SETT_WHAT.html" navtitle="سنک کا اجزا منتخب کریں"/>
   <topicref FeatureID="-1" href="FSE_HLP_POP_IMAP_SETT_WHEN.html" navtitle="سنک کا وقت منتخب کریں"/>
   <topicref FeatureID="-1" href="FSE_HLP_MFE_LAUNCHER_MAIN_VIEW.html" navtitle="Mail for Exchange کا میل"/>
   <topicref FeatureID="-1" href="FS_VIEWER_HLP_DETAILS_VIEW.html" navtitle="پیغام کی تفصیلات"/>
   <topicref FeatureID="-1" href="FSE_HLP_MFE_SETTINGS_ADVANCED.html" navtitle="میل باکس کے لئے برتر ترتیبات"/>
   <topicref FeatureID="-1" href="FSE_HLP_MFE_SETTINGS_PIM_APPS.html" navtitle="اضافی پروگرام کے ہم آہنگی کی ترتیبات"/>
   <topicref FeatureID="-1" href="FSE_HLP_MFE_CALENDAR_APP.html" navtitle="کیلنڈر کے ہم آہنگی کی ترتیبات"/>
   <topicref FeatureID="-1" href="FSE_HLP_MFE_CONTACTS_APP.html" navtitle="روابط کے ہم آہنگی کی ترتیبات"/>
   <topicref FeatureID="-1" href="FSE_HLP_MFE_SETTINGS_MAILBOX.html" navtitle="میل باکس کی عام ترتیبات"/>
   <topicref FeatureID="-1" href="FSE_HLP_MFE_SETTINGS_WHAT_SYNC.html" navtitle="سنک کے اجزا منتخب کریں"/>
   <topicref FeatureID="-1" href="FSE_HLP_MFE_SETTINGS_WHEN_SYNC.html" navtitle="سنک کا وقت منتخب کریں"/>
   <topicref FeatureID="-1" href="FSE_HLP_MFE_SETTINGS_FOLDER.html" navtitle="سنکرونائزیشن کی ترتیبات"/>
   <topicref FeatureID="-1" href="FSE_HLP_MFE_SETTINGS_MAIN_VIEW.html" navtitle="ای میل کی ترتیبات"/>
   <topicref FeatureID="-1" href="FSE_HLP_MFE_TASKS_APP.html" navtitle="اہم کام کی سنکرونائزیشن کی ترتیبات"/>
   <topicref FeatureID="-1" href="FSE_HLP_MESSAGE_LIST_EMPTY.html" navtitle="کوئی پیغامات نہين"/>
   <topicref FeatureID="-1" href="FSE_HLP_MESSAGE_LIST_OUTBOX.html" navtitle="آؤٹ بکس کے ساتھ کام کریں"/>
   <topicref FeatureID="-1" href="FS_VIEWER_HLP_MEETING_REQ_VIEW.html" navtitle="میٹنگ کی درخواست کا جواب دیں"/>
   <topicref FeatureID="-1" href="FSE_HLP_MESSAGE_LIST_SEARCHING.html" navtitle="ای میل کے لئے تلاش کریں"/>
   <topicref FeatureID="-1" href="FSE_HLP_MESSAGE_LIST_SEARCHED.html" navtitle="نتائج تلاش کریں"/>
   <topicref FeatureID="-1" href="FSE_HLP_SETTINGS_WHEN_SYNC.html" navtitle="ہم زمانہ کا وقت"/>
   <topicref FeatureID="-1" href="FS_EDITOR_HLP_MAIN_VIEW.html" navtitle="ای میل بھیجیں"/>
   <topicref FeatureID="-1" href="FSE_HLP_SETTINGS_PIM_VIEW.html" navtitle="PIM خدمت"/>
   <topicref FeatureID="-1" href="FSE_HLP_SETTINGS_APPLICATIONS.html" navtitle="اضافی پروگرامز ہم زمانہ کريں"/>
   <topicref FeatureID="-1" href="FSE_HLP_ATTACHMENT_DOWNLOAD.html" navtitle="منسلکہ ڈاؤن لوڈز دیکھیں"/>
   <topicref FeatureID="-1" href="FS_VIEWER_HLP_MAIN_VIEW.html" navtitle="موصولہ ای میل کے ساتھ کام کریں"/>
   <topicref FeatureID="-1" href="FSE_HLP_MESSAGE_LIST_INBOX.html" navtitle="ای میل فولڈروں کے ساتھ کام کریں"/>
   <topicref FeatureID="-1" href="FSE_HLP_SETT.html" navtitle="سیٹنگیں"/>
   <topicref FeatureID="-1" href="FSE_HLP_ACCT_INFO.html" navtitle="میل اکاؤنٹ کی ترتیبات"/>
   <topicref FeatureID="-1" href="FSE_HLP_SYNC_SETT.html" navtitle="سنک ترتیبات"/>
</topics>