<?xml version="1.0" encoding="UTF-8"?>
<keywords>
   <keywords>
      <text FeatureID="-1">anniversary entries</text>
      <target FeatureID="-1" href="FSCA_HLP_ANNIVERSARY_EDITOR.html">Create anniversary entries</target>
      <target FeatureID="-1" href="FSCA_HLP_ANNI_VIEWER.html">Edit anniversary entries</target>
   </keywords>
   <keywords>
      <text FeatureID="-1">meeting entries</text>
      <target FeatureID="-1" href="FSCA_HLP_CALE_MEETING_EDITOR.html">Create meeting entries</target>
      <target FeatureID="-1" href="FSCA_HLP_CALE_MEETING_VIEWER.html">Edit meeting entries</target>
   </keywords>
   <keywords>
      <text FeatureID="-1">memo entries</text>
      <target FeatureID="-1" href="FSCA_HLP_MEMO_EDITOR.html">Create memo entries</target>
      <target FeatureID="-1" href="FSCA_HLP_MEMO_VIEWER.html">Edit memo entries</target>
   </keywords>
   <keywords>
      <text FeatureID="-1">to-do entries</text>
      <target FeatureID="-1" href="FSCA_HLP_TODO_EDITOR.html">Create to-do entries</target>
      <target FeatureID="-1" href="FSCA_HLP_TODO_VIEWER.html">Edit to-do entries</target>
   </keywords>
   <keywords>
      <text FeatureID="-1">meeting requests</text>
      <target FeatureID="-1" href="FSCA_HLP_RESPONSE_EDITOR.html">Edit your response</target>
      <target FeatureID="-1" href="FSCA_HLP_VIEWER_ORGANIZER.html">Manage meeting requests</target>
      <target FeatureID="-1" href="MEET_REQ_HLP_EDITOR.html">Received meeting requests</target>
      <target FeatureID="-1" href="FSCA_HLP_VIEWER.html">Respond to meeting requests</target>
   </keywords>
   <keywords>
      <text FeatureID="-1">روابط</text>
      <target FeatureID="-1" href="RLOOK_HLP_INFO_VIEW.html">ملے ہوئے رابطے کا انتظام کريں</target>
   </keywords>
   <keywords>
      <text FeatureID="-1">روابط, تلاش کرنا</text>
      <target FeatureID="-1" href="RLOOK_HLP_RESULT_VIEW.html">تلاش کے نتائج</target>
   </keywords>
   <keywords>
      <text FeatureID="-1">ای میل, منسلکات</text>
      <target FeatureID="-1" href="FSE_HLP_ATTACHMENT_LIST_EDITOR.html">منسلکات شامل کریں</target>
   </keywords>
   <keywords>
      <text FeatureID="-1">مٹائے گئے ای میل</text>
      <target FeatureID="-1" href="FSE_HLP_MESSAGE_LIST_DELETED.html">مٹائے گئے ای میل پیغامات</target>
   </keywords>
   <keywords>
      <text FeatureID="-1">اي ميل منسلکات ڈاؤن لوڈ</text>
      <target FeatureID="-1" href="FSE_HLP_ATTACHMENT_LIST.html">منسلکات ڈاؤن لوڈ کریں</target>
   </keywords>
   <keywords>
      <text FeatureID="-1">ای میل مسودہ</text>
      <target FeatureID="-1" href="FSE_HLP_MESSAGE_LIST_DRAFTS.html">ای میل پیغامات کا مسودہ بنانا</target>
   </keywords>
   <keywords>
      <text FeatureID="-1">Nokia ای میل</text>
      <target FeatureID="-1" href="FSE_HLP_LAUNCHER_GRID.html">Nokia ای میل</target>
   </keywords>
   <keywords>
      <text FeatureID="-1">اي ميل</text>
      <target FeatureID="-1" href="FSE_HLP_LAUNCHER_GRID.html">Nokia ای میل</target>
   </keywords>
   <keywords>
      <text FeatureID="-1">ای میل فولڈر</text>
      <target FeatureID="-1" href="FSE_HLP_FOLDER_LIST.html">ای میل فولڈر</target>
      <target FeatureID="-1" href="FSE_HLP_SETT_IMAP_SUBSCR.html">فولڈروں پر اشتراک کریں</target>
      <target FeatureID="-1" href="FSE_HLP_MESSAGE_LIST_INBOX.html">ای میل فولڈروں کے ساتھ کام کریں</target>
   </keywords>
   <keywords>
      <text FeatureID="-1">اي ميل کي ترتيبات</text>
      <target FeatureID="-1" href="FSE_HLP_LAUNCHER_SETTINGS.html">عام ای میل ترتیبات</target>
      <target FeatureID="-1" href="FSE_HLP_POP_IMAP_SETT_MAIN.html">ای میل کی ترتیبات</target>
      <target FeatureID="-1" href="FSE_HLP_MFE_SETTINGS_MAIN_VIEW.html">ای میل کی ترتیبات</target>
   </keywords>
   <keywords>
      <text FeatureID="-1">گلوبل اي ميل کي ترتيبات</text>
      <target FeatureID="-1" href="FSE_HLP_SETTINGS_GLOBAL.html">گلوبل اي ميل کي ترتيبات</target>
   </keywords>
   <keywords>
      <text FeatureID="-1">‏HTML ای میل</text>
      <target FeatureID="-1" href="FS_VIEWER_HLP_HTML_VIEW.html">HTML فارمیٹڈ ای میل</target>
   </keywords>
   <keywords>
      <text FeatureID="-1">اعلی اي ميل کي ترتيبات</text>
      <target FeatureID="-1" href="FSE_HLP_POP_IMAP_SETT_ADV.html">برتر ای میل ترتیبات</target>
   </keywords>
   <keywords>
      <text FeatureID="-1">درآمد ميل ترتيب</text>
      <target FeatureID="-1" href="FSE_HLP_POP_IMAP_SETT_INCOMING.html">موصولہ ای میل کے لئے ترتیبات</target>
   </keywords>
   <keywords>
      <text FeatureID="-1">برآمد اي ميل کي ترتيبات</text>
      <target FeatureID="-1" href="FSE_HLP_POP_IMAP_SETT_OUTGOING.html">مرسلہ ای میل کی ترتیبات</target>
   </keywords>
   <keywords>
      <text FeatureID="-1">ای میل سنکرونائزیشن</text>
      <target FeatureID="-1" href="FSE_HLP_POP_IMAP_SETT_WHAT.html">سنک کا اجزا منتخب کریں</target>
   </keywords>
   <keywords>
      <text FeatureID="-1">ای میل سنکرونائزیشن کا وقت</text>
      <target FeatureID="-1" href="FSE_HLP_POP_IMAP_SETT_WHEN.html">سنک کا وقت منتخب کریں</target>
      <target FeatureID="-1" href="FSE_HLP_MFE_SETTINGS_WHEN_SYNC.html">سنک کا وقت منتخب کریں</target>
      <target FeatureID="-1" href="FSE_HLP_SETTINGS_WHEN_SYNC.html">ہم زمانہ کا وقت</target>
   </keywords>
   <keywords>
      <text FeatureID="-1">Mail for Exchange</text>
      <target FeatureID="-1" href="FSE_HLP_MFE_LAUNCHER_MAIN_VIEW.html">Mail for Exchange کا میل</target>
   </keywords>
   <keywords>
      <text FeatureID="-1">ای میل کی تفصیلات</text>
      <target FeatureID="-1" href="FS_VIEWER_HLP_DETAILS_VIEW.html">پیغام کی تفصیلات</target>
   </keywords>
   <keywords>
      <text FeatureID="-1">برتر میل باکس کی ترتیبات</text>
      <target FeatureID="-1" href="FSE_HLP_MFE_SETTINGS_ADVANCED.html">میل باکس کے لئے برتر ترتیبات</target>
   </keywords>
   <keywords>
      <text FeatureID="-1">اي ميل سنکرونائزيشن کي ترتيبات</text>
      <target FeatureID="-1" href="FSE_HLP_MFE_SETTINGS_PIM_APPS.html">اضافی پروگرام کے ہم آہنگی کی ترتیبات</target>
   </keywords>
   <keywords>
      <text FeatureID="-1">کیلنڈر سنکرونائزیشن</text>
      <target FeatureID="-1" href="FSE_HLP_MFE_CALENDAR_APP.html">کیلنڈر کے ہم آہنگی کی ترتیبات</target>
   </keywords>
   <keywords>
      <text FeatureID="-1">روابط کی سنکرونائزيشن,</text>
      <target FeatureID="-1" href="FSE_HLP_MFE_CONTACTS_APP.html">روابط کے ہم آہنگی کی ترتیبات</target>
   </keywords>
   <keywords>
      <text FeatureID="-1">میل باکس کی ترتیبات</text>
      <target FeatureID="-1" href="FSE_HLP_MFE_SETTINGS_MAILBOX.html">میل باکس کی عام ترتیبات</target>
   </keywords>
   <keywords>
      <text FeatureID="-1">ای میل سنکرونائزیشن کے اجزا</text>
      <target FeatureID="-1" href="FSE_HLP_MFE_SETTINGS_WHAT_SYNC.html">سنک کے اجزا منتخب کریں</target>
   </keywords>
   <keywords>
      <text FeatureID="-1">ای میل فولڈر کی سنکرونائزیشن</text>
      <target FeatureID="-1" href="FSE_HLP_MFE_SETTINGS_FOLDER.html">سنکرونائزیشن کی ترتیبات</target>
   </keywords>
   <keywords>
      <text FeatureID="-1">اہم کاموں کا اندراج سنکرونائز کریں</text>
      <target FeatureID="-1" href="FSE_HLP_MFE_TASKS_APP.html">اہم کام کی سنکرونائزیشن کی ترتیبات</target>
   </keywords>
   <keywords>
      <text FeatureID="-1">کوئی ای میل پیغامات نہیں</text>
      <target FeatureID="-1" href="FSE_HLP_MESSAGE_LIST_EMPTY.html">کوئی پیغامات نہين</target>
   </keywords>
   <keywords>
      <text FeatureID="-1">ای میل آؤٹ بکس</text>
      <target FeatureID="-1" href="FSE_HLP_MESSAGE_LIST_OUTBOX.html">آؤٹ بکس کے ساتھ کام کریں</target>
   </keywords>
   <keywords>
      <text FeatureID="-1">میٹنگ کی درخواستیں</text>
      <target FeatureID="-1" href="FS_VIEWER_HLP_MEETING_REQ_VIEW.html">میٹنگ کی درخواست کا جواب دیں</target>
   </keywords>
   <keywords>
      <text FeatureID="-1">ای میل تلاش</text>
      <target FeatureID="-1" href="FSE_HLP_MESSAGE_LIST_SEARCHING.html">ای میل کے لئے تلاش کریں</target>
   </keywords>
   <keywords>
      <text FeatureID="-1">ای میل تلاش کے تنائج</text>
      <target FeatureID="-1" href="FSE_HLP_MESSAGE_LIST_SEARCHED.html">نتائج تلاش کریں</target>
   </keywords>
   <keywords>
      <text FeatureID="-1">ای میل بھیجنا</text>
      <target FeatureID="-1" href="FS_EDITOR_HLP_MAIN_VIEW.html">ای میل بھیجیں</target>
   </keywords>
   <keywords>
      <text FeatureID="-1">PIM خدمت</text>
      <target FeatureID="-1" href="FSE_HLP_SETTINGS_PIM_VIEW.html">PIM خدمت</target>
   </keywords>
   <keywords>
      <text FeatureID="-1">اضافی پروگرام سنکرونائز کرنا</text>
      <target FeatureID="-1" href="FSE_HLP_SETTINGS_APPLICATIONS.html">اضافی پروگرامز ہم زمانہ کريں</target>
   </keywords>
   <keywords>
      <text FeatureID="-1">موصولہ ای میل</text>
      <target FeatureID="-1" href="FS_VIEWER_HLP_MAIN_VIEW.html">موصولہ ای میل کے ساتھ کام کریں</target>
   </keywords>
   <keywords>
      <text FeatureID="-1">mail, ترتيبات</text>
      <target FeatureID="-1" href="FSE_HLP_SETT.html">سیٹنگیں</target>
   </keywords>
   <keywords>
      <text FeatureID="-1">mail, اکاؤنٹ کی ترتیبات</text>
      <target FeatureID="-1" href="FSE_HLP_ACCT_INFO.html">میل اکاؤنٹ کی ترتیبات</target>
   </keywords>
   <keywords>
      <text FeatureID="-1">mail, ہم زمانہ</text>
      <target FeatureID="-1" href="FSE_HLP_SYNC_SETT.html">سنک ترتیبات</target>
   </keywords>
   <keywords>
      <text FeatureID="-1">mail, ميٹنگ کے اندراجات</text>
      <target FeatureID="-1" href="FS_VIEWER_HLP_MR_RECEIVED.html">میٹنگ کی درخواستیں</target>
   </keywords>
   <keywords>
      <text FeatureID="-1">ميٹنگ کے اندراجات</text>
      <target FeatureID="-1" href="FS_VIEWER_HLP_MR_RECEIVED.html">میٹنگ کی درخواستیں</target>
   </keywords>
</keywords>