<?xml version="1.0" encoding="UTF-8"?><?xml-stylesheet  href="../../theme/xsl/index2html.xslt" type="text/xsl"?>
<topics FeatureID="-1" title="Jurnale" compressed="true">
   <topicref FeatureID="-1" href="GPRS_HLP_MAIN.html" navtitle="Conexiuni pach. date"/>
   <topicref FeatureID="-1" href="LOGS_HLP_COUNTER.html" navtitle="Jurnale apel şi date"/>
   <topicref FeatureID="-1" href="LOGS_HLP_DETAIL.html" navtitle="Detalii even. jurnal"/>
   <topicref FeatureID="-1" href="LOGS_HLP_MAIN.html" navtitle="Informaţii jurnal"/>
   <topicref FeatureID="-1" href="LOGS_HLP_SETTING.html" navtitle="Setări jurnal"/>
   <topicref FeatureID="-1" href="STM_HLP_DIALLED.html" navtitle="Numere apel."/>
   <topicref FeatureID="-1" href="STM_HLP_MAIN.html" navtitle="Apeluri recente"/>
   <topicref FeatureID="-1" href="STM_HLP_MISSED.html" navtitle="Apeluri nepreluate"/>
   <topicref FeatureID="-1" href="STM_HLP_RECEIVED.html" navtitle="Apeluri recepţionate"/>
   <topicref FeatureID="-1" href="TIMERS_HLP_MAIN.html" navtitle="Durată apel"/>
</topics>