<?xml version="1.0" encoding="UTF-8"?>
<keywords>
   <keywords>
      <text FeatureID="-1">conexiuni pach. date</text>
      <target FeatureID="-1" href="GPRS_HLP_MAIN.html">Conexiuni pach. date</target>
      <target FeatureID="-1" href="LOGS_HLP_COUNTER.html">Jurnale apel şi date</target>
   </keywords>
   <keywords>
      <text FeatureID="-1">durată apeluri</text>
      <target FeatureID="-1" href="LOGS_HLP_COUNTER.html">Jurnale apel şi date</target>
   </keywords>
   <keywords>
      <text FeatureID="-1">apeluri recente</text>
      <target FeatureID="-1" href="LOGS_HLP_COUNTER.html">Jurnale apel şi date</target>
      <target FeatureID="-1" href="STM_HLP_MAIN.html">Apeluri recente</target>
   </keywords>
   <keywords>
      <text FeatureID="-1">jurnale</text>
      <target FeatureID="-1" href="LOGS_HLP_DETAIL.html">Detalii even. jurnal</target>
      <target FeatureID="-1" href="LOGS_HLP_MAIN.html">Informaţii jurnal</target>
   </keywords>
   <keywords>
      <text FeatureID="-1">setări jurnal</text>
      <target FeatureID="-1" href="LOGS_HLP_SETTING.html">Setări jurnal</target>
   </keywords>
   <keywords>
      <text FeatureID="-1">numere apel.</text>
      <target FeatureID="-1" href="STM_HLP_DIALLED.html">Numere apel.</target>
   </keywords>
   <keywords>
      <text FeatureID="-1">jurnal de apeluri</text>
      <target FeatureID="-1" href="STM_HLP_MAIN.html">Apeluri recente</target>
   </keywords>
   <keywords>
      <text FeatureID="-1">apeluri nepreluate</text>
      <target FeatureID="-1" href="STM_HLP_MISSED.html">Apeluri nepreluate</target>
   </keywords>
   <keywords>
      <text FeatureID="-1">apeluri recepţionate</text>
      <target FeatureID="-1" href="STM_HLP_RECEIVED.html">Apeluri recepţionate</target>
   </keywords>
   <keywords>
      <text FeatureID="-1">apeluri preluate</text>
      <target FeatureID="-1" href="STM_HLP_RECEIVED.html">Apeluri recepţionate</target>
   </keywords>
   <keywords>
      <text FeatureID="-1">durată apel</text>
      <target FeatureID="-1" href="TIMERS_HLP_MAIN.html">Durată apel</target>
   </keywords>
   <keywords>
      <text FeatureID="-1">lungime apeluri</text>
      <target FeatureID="-1" href="TIMERS_HLP_MAIN.html">Durată apel</target>
   </keywords>
</keywords>