<?xml version="1.0" encoding="UTF-8"?>
<keywords>
   <keywords>
      <text FeatureID="-1">samnýting hreyfimynda</text>
      <target FeatureID="true_208" href="MSH_HLP_LIVE.html">Samnýting rauntíma hreyfimyndar</target>
      <target FeatureID="-1" href="MSH_HLP_CLIP.html">Samnýting hreyfimyndar í rauntíma</target>
      <target FeatureID="-1" href="MSH_HLP_SETTINGS.html">Stillingar samnýtingar</target>
      <target FeatureID="-1" href="MSH_HLP_RECEIVE.html">Skoðaðu samnýtt myndskeið</target>
   </keywords>
</keywords>