<?xml version="1.0" encoding="UTF-8"?>
<keywords>
   <keywords>
      <text FeatureID="-1">izmena beleški</text>
      <target FeatureID="-1" href="NMAKE_HLP_MEMO_VIEWER_EDIT.html">Izmena beleški u aplikacijama</target>
   </keywords>
   <keywords>
      <text FeatureID="-1">primanje beležaka</text>
      <target FeatureID="-1" href="NMAKE_HLP_MEMO_VIEWER.html">Prikazivanje primljenih beleški</target>
   </keywords>
   <keywords>
      <text FeatureID="-1">standardne poruke</text>
      <target FeatureID="-1" href="NMAKE_HLP_TEMPLATE_EDITOR.html">Pisanje standardnih poruka</target>
   </keywords>
   <keywords>
      <text FeatureID="-1">kreiranje standardnih poruka</text>
      <target FeatureID="-1" href="NMAKE_HLP_TEMPLATE_EDITOR.html">Pisanje standardnih poruka</target>
   </keywords>
   <keywords>
      <text FeatureID="-1">pisanje standardnih poruka</text>
      <target FeatureID="-1" href="NMAKE_HLP_TEMPLATE_EDITOR.html">Pisanje standardnih poruka</target>
   </keywords>
   <keywords>
      <text FeatureID="-1">lista beležaka</text>
      <target FeatureID="-1" href="NMAKE_HLP_MEMO_LIST.html">Lista beležaka</target>
   </keywords>
   <keywords>
      <text FeatureID="-1">pisanje beležaka</text>
      <target FeatureID="-1" href="NMAKE_HLP_MEMO_LIST.html">Lista beležaka</target>
      <target FeatureID="-1" href="NMAKE_HLP_MEMO_EDITOR_APPS.html">Pisanje beležaka u aplikacijama</target>
      <target FeatureID="-1" href="NMAKE_HLP_MEMO_EDITOR.html">Pisanje beležaka</target>
   </keywords>
</keywords>