<?xml version="1.0" encoding="UTF-8"?><?xml-stylesheet  href="../../theme/xsl/index2html.xslt" type="text/xsl"?>
<topics FeatureID="-1" title="Espesyal na mga uri ng mensahe" compressed="true">
   <topicref FeatureID="true_1116" href="SMART_HLP_CALENDAREDITOR.html" navtitle="Magpadala ng mga entry sa kalendaryo"/>
   <topicref FeatureID="true_1114" href="SMART_HLP_CALENDARVIEWER.html" navtitle="Mga natanggap na entry sa kalendaryo"/>
   <topicref FeatureID="true_1114" href="SMART_HLP_CALPULLMESVIEWER.html" navtitle="Pag-download ng entry sa Kalendaryo"/>
   <topicref FeatureID="true_1117" href="SMART_HLP_BUSINESSEDITOR.html" navtitle="Magpadala ng mga business card"/>
   <topicref FeatureID="true_1115" href="SMART_HLP_BUSINESSVIEWER.html" navtitle="Mga natanggap na business card"/>
   <topicref FeatureID="true_1115" href="SMART_HLP_BUSPULLMESVIEWER.html" navtitle="Download ng business card"/>
   <topicref FeatureID="true_1111" href="SMART_HLP_RINGVIEWER.html" navtitle="Mga natanggap na tono ng pang-ring"/>
   <topicref FeatureID="true_1110" href="SMART_HLP_OPLOGOVIEWER.html" navtitle="Natanggap na mga logo ng operator"/>
   <topicref FeatureID="true_1106" href="SMART_HLP_ONEBOOKVIEWER.html" navtitle="Natanggap na bookmark"/>
   <topicref FeatureID="true_1112" href="SMART_HLP_GMSVIEWER.html" navtitle="Tingnan ang mga picture message"/>
   <topicref FeatureID="true_1537" href="SMART_HLP_REMOTEDRIVES_VIEWER.html" navtitle="Tanggapin ang remote na mga kumpigurasyon ng drive"/>
   <topicref FeatureID="true_1537" href="SMART_HLP_REMOTEDRIVES_EDITOR.html" navtitle="Ipadala ang remote na mga kumpigurasyon ng drive"/>
</topics>