<?xml version="1.0" encoding="UTF-8"?>
<keywords>
   <keywords>
      <text FeatureID="true_1116">magpadala ng mga entry sa kalendaryo</text>
      <target FeatureID="true_1116" href="SMART_HLP_CALENDAREDITOR.html">Magpadala ng mga entry sa kalendaryo</target>
   </keywords>
   <keywords>
      <text FeatureID="true_1114">pagtanggap ng mga entry sa kalendaryo</text>
      <target FeatureID="true_1114" href="SMART_HLP_CALENDARVIEWER.html">Mga natanggap na entry sa kalendaryo</target>
   </keywords>
   <keywords>
      <text FeatureID="true_1114">mga entry sa kalendaryo</text>
      <target FeatureID="true_1114" href="SMART_HLP_CALPULLMESVIEWER.html">Pag-download ng entry sa Kalendaryo</target>
   </keywords>
   <keywords>
      <text FeatureID="true_1117 true_1115">mga business card</text>
      <target FeatureID="true_1117" href="SMART_HLP_BUSINESSEDITOR.html">Magpadala ng mga business card</target>
      <target FeatureID="true_1115" href="SMART_HLP_BUSINESSVIEWER.html">Mga natanggap na business card</target>
      <target FeatureID="true_1115" href="SMART_HLP_BUSPULLMESVIEWER.html">Download ng business card</target>
   </keywords>
   <keywords>
      <text FeatureID="true_1111">mga tono ng pang-ring</text>
      <target FeatureID="true_1111" href="SMART_HLP_RINGVIEWER.html">Mga natanggap na tono ng pang-ring</target>
   </keywords>
   <keywords>
      <text FeatureID="true_1110">mga logo ng operator</text>
      <target FeatureID="true_1110" href="SMART_HLP_OPLOGOVIEWER.html">Natanggap na mga logo ng operator</target>
   </keywords>
   <keywords>
      <text FeatureID="true_1106">mga bookmark</text>
      <target FeatureID="true_1106" href="SMART_HLP_ONEBOOKVIEWER.html">Natanggap na bookmark</target>
   </keywords>
   <keywords>
      <text FeatureID="true_1112">pagtanggap ng mga litrato</text>
      <target FeatureID="true_1112" href="SMART_HLP_GMSVIEWER.html">Tingnan ang mga picture message</target>
   </keywords>
   <keywords>
      <text FeatureID="true_1112">mga picture message</text>
      <target FeatureID="true_1112" href="SMART_HLP_GMSVIEWER.html">Tingnan ang mga picture message</target>
   </keywords>
   <keywords>
      <text FeatureID="true_1537">remote na mga kumpigurasyon ng drive</text>
      <target FeatureID="true_1537" href="SMART_HLP_REMOTEDRIVES_VIEWER.html">Tanggapin ang remote na mga kumpigurasyon ng drive</target>
   </keywords>
   <keywords>
      <text FeatureID="true_1537">remote na kumpigurasyon ng drive</text>
      <target FeatureID="true_1537" href="SMART_HLP_REMOTEDRIVES_EDITOR.html">Ipadala ang remote na mga kumpigurasyon ng drive</target>
   </keywords>
</keywords>