<?xml version="1.0" encoding="UTF-8"?>
<keywords>
   <keywords>
      <text FeatureID="true_1091">éditeur USSD</text>
      <target FeatureID="true_1091" href="USSD_HLP_EDITOR.html">Commandes de services</target>
   </keywords>
   <keywords>
      <text FeatureID="true_1091">commandes de services</text>
      <target FeatureID="true_1091" href="USSD_HLP_EDITOR.html">Commandes de services</target>
   </keywords>
   <keywords>
      <text FeatureID="true_1091">services réseau</text>
      <target FeatureID="true_1091" href="USSD_HLP_EDITOR.html">Commandes de services</target>
   </keywords>
</keywords>