<?xml version="1.0" encoding="UTF-8"?>
<keywords>
   <keywords>
      <text FeatureID="true_1116">enviar entradas agenda</text>
      <target FeatureID="true_1116" href="SMART_HLP_CALENDAREDITOR.html">Env. entradas agenda</target>
   </keywords>
   <keywords>
      <text FeatureID="true_1114">recepción entra-das agenda</text>
      <target FeatureID="true_1114" href="SMART_HLP_CALENDARVIEWER.html">Entradas agenda recibid.</target>
   </keywords>
   <keywords>
      <text FeatureID="true_1114">entradas de agenda</text>
      <target FeatureID="true_1114" href="SMART_HLP_CALPULLMESVIEWER.html">Descarga de entrada de agenda</target>
   </keywords>
   <keywords>
      <text FeatureID="true_1117 true_1115">tarjetas de negocios</text>
      <target FeatureID="true_1117" href="SMART_HLP_BUSINESSEDITOR.html">Env. tarjetas negocios</target>
      <target FeatureID="true_1115" href="SMART_HLP_BUSINESSVIEWER.html">Tarj. negocios recibidas</target>
      <target FeatureID="true_1115" href="SMART_HLP_BUSPULLMESVIEWER.html">Descarga de tarjeta de negocios</target>
   </keywords>
   <keywords>
      <text FeatureID="true_1111">tonos de timbre</text>
      <target FeatureID="true_1111" href="SMART_HLP_RINGVIEWER.html">Tonos timbre recibidos</target>
   </keywords>
   <keywords>
      <text FeatureID="true_1110">logotipos del operador</text>
      <target FeatureID="true_1110" href="SMART_HLP_OPLOGOVIEWER.html">Logo operador recibid.</target>
   </keywords>
   <keywords>
      <text FeatureID="true_1106">favoritos</text>
      <target FeatureID="true_1106" href="SMART_HLP_ONEBOOKVIEWER.html">Favoritos recibid.</target>
   </keywords>
   <keywords>
      <text FeatureID="true_1112">recepción de imágenes</text>
      <target FeatureID="true_1112" href="SMART_HLP_GMSVIEWER.html">Ver mens. con imagen</target>
   </keywords>
   <keywords>
      <text FeatureID="true_1112">mensajes con imagen</text>
      <target FeatureID="true_1112" href="SMART_HLP_GMSVIEWER.html">Ver mens. con imagen</target>
   </keywords>
   <keywords>
      <text FeatureID="true_1537">configuración de unidad remota</text>
      <target FeatureID="true_1537" href="SMART_HLP_REMOTEDRIVES_VIEWER.html">Recibir config. unidad remota</target>
      <target FeatureID="true_1537" href="SMART_HLP_REMOTEDRIVES_EDITOR.html">Enviar config. unidad remota</target>
   </keywords>
</keywords>