<?xml version="1.0" encoding="UTF-8"?>
<keywords>
   <keywords>
      <text FeatureID="-1">Podatki GPS</text>
      <target FeatureID="-1" href="HLP_BLID_NAVIGATION.html">Prikaz Navigacija</target>
      <target FeatureID="false_112" href="BLID_HLP_WAYPOINTS.html">Shranjene lokacije</target>
      <target FeatureID="-1" href="HLP_BLID_TRIPMETER.html">Prikaz pot. razdalje</target>
   </keywords>
   <keywords>
      <text FeatureID="-1">navigacija do cilja</text>
      <target FeatureID="-1" href="HLP_BLID_NAVIGATION.html">Prikaz Navigacija</target>
   </keywords>
   <keywords>
      <text FeatureID="false_112">shranjevanje lokacij</text>
      <target FeatureID="false_112" href="BLID_HLP_WAYPOINTS.html">Shranjene lokacije</target>
   </keywords>
   <keywords>
      <text FeatureID="-1">nastavitve navigatorja</text>
      <target FeatureID="-1" href="BLID_HLP_SETTINGS.html">Nastavitve podatkov GPS</target>
   </keywords>
   <keywords>
      <text FeatureID="-1">nastavitve podatkov GPS</text>
      <target FeatureID="-1" href="BLID_HLP_SETTINGS.html">Nastavitve podatkov GPS</target>
   </keywords>
   <keywords>
      <text FeatureID="-1">informacije o poti</text>
      <target FeatureID="-1" href="HLP_BLID_TRIPMETER.html">Prikaz pot. razdalje</target>
   </keywords>
   <keywords>
      <text FeatureID="-1">informacije o potovanju</text>
      <target FeatureID="-1" href="HLP_BLID_TRIPMETER.html">Prikaz pot. razdalje</target>
   </keywords>
</keywords>