<?xml version="1.0" encoding="UTF-8"?>
<keywords>
   <keywords>
      <text FeatureID="-1">hudební přehrávač</text>
      <target FeatureID="-1" href="MUS_HLP_TRACKS_VIEW.html">Skladby</target>
      <target FeatureID="-1" href="MUS_HLP_CATEGORY_VIEW.html">Hudební kategorie</target>
      <target FeatureID="-1" href="MUS_HLP_PODCAST_MAIN_VIEW.html">Podcasty</target>
      <target FeatureID="-1" href="MUS_HLP_PODCAST_EPISODES.html">Epizody podcastů</target>
      <target FeatureID="-1" href="MUS_HLP_PLAYLISTS_VIEW.html">Seznamy skladeb</target>
      <target FeatureID="-1" href="MUS_HLP_AUDIO_SETT.html">Nastavení zvuku</target>
   </keywords>
   <keywords>
      <text FeatureID="-1">podcasting</text>
      <target FeatureID="-1" href="MUS_HLP_PODCAST_MAIN_VIEW.html">Podcasty</target>
      <target FeatureID="-1" href="MUS_HLP_PODCAST_EPISODES.html">Epizody podcastů</target>
   </keywords>
   <keywords>
      <text FeatureID="-1">seznamy skladeb</text>
      <target FeatureID="-1" href="MUS_HLP_PLAYLISTS_VIEW.html">Seznamy skladeb</target>
   </keywords>
   <keywords>
      <text FeatureID="-1">music player</text>
      <target FeatureID="-1" href="MUS_HLP_DOWNLOAD_PLAYBACK_VIEW.html">Play music on web</target>
      <target FeatureID="-1" href="MUS_HLP_LIB_MAIN_VIEW.html">Music library</target>
   </keywords>
   <keywords>
      <text FeatureID="-1">zvýraznění basů</text>
      <target FeatureID="-1" href="MUS_HLP_AUDIO_SETT.html">Nastavení zvuku</target>
   </keywords>
   <keywords>
      <text FeatureID="-1">rozšířený stereofonní efekt</text>
      <target FeatureID="-1" href="MUS_HLP_AUDIO_SETT.html">Nastavení zvuku</target>
   </keywords>
</keywords>