<?xml version="1.0" encoding="UTF-8"?>
<keywords>
   <keywords>
      <text FeatureID="-1">tiedostonhallinta</text>
      <target FeatureID="-1" href="FMGR_HLP_MEM_STORE_VIEW.html">Tiedostojen hallinta</target>
      <target FeatureID="-1" href="FMGR_HLP_MAIN_VIEW.html">Tiedostonhallinta</target>
      <target FeatureID="-1" href="FMGR_HLP_BACKUP_VIEW.html">Tiedoston varmuuskopiointi</target>
   </keywords>
   <keywords>
      <text FeatureID="-1">muistikortti</text>
      <target FeatureID="-1" href="FMGR_HLP_MEM_STORE_VIEW.html">Tiedostojen hallinta</target>
      <target FeatureID="-1" href="FMGR_HLP_MAIN_VIEW.html">Tiedostonhallinta</target>
      <target FeatureID="-1" href="FMGR_HLP_BACKUP_VIEW.html">Tiedoston varmuuskopiointi</target>
   </keywords>
   <keywords>
      <text FeatureID="-1">Tiedostonhallinta</text>
      <target FeatureID="-1" href="FMGR_HLP_SEARCH_RESULTS.html">Tiedostojen etsintä</target>
   </keywords>
   <keywords>
      <text FeatureID="-1">tiedostojen etsintä</text>
      <target FeatureID="-1" href="FMGR_HLP_SEARCH_RESULTS.html">Tiedostojen etsintä</target>
   </keywords>
   <keywords>
      <text FeatureID="-1">kansioiden etsintä</text>
      <target FeatureID="-1" href="FMGR_HLP_SEARCH_RESULTS.html">Tiedostojen etsintä</target>
   </keywords>
   <keywords>
      <text FeatureID="-1">varmuuskopio</text>
      <target FeatureID="-1" href="FMGR_HLP_BACKUP_VIEW.html">Tiedoston varmuuskopiointi</target>
   </keywords>
</keywords>