<?xml version="1.0" encoding="UTF-8"?>
<keywords>
   <keywords>
      <text FeatureID="-1">αυτόματος τηλεφωνητής</text>
      <target FeatureID="-1" href="SMSVO_HLP_MAIN_VIEW.html">Αυτόματος τηλεφωνητής</target>
      <target FeatureID="true_298" href="SMSVO_HLP_CS_VIDEO_AND_XSP_VOIP.html">Τηλεφωνητής φωνητικών κλήσεων, κλήσεων βίντεο και Διαδικτύου</target>
   </keywords>
   <keywords>
      <text FeatureID="-1">τηλεφωνητής</text>
      <target FeatureID="-1" href="SMSVO_HLP_MAIN_VIEW.html">Αυτόματος τηλεφωνητής</target>
      <target FeatureID="true_89" href="SMSVO_HLP_CS_AND_VIDEO.html">Αυτόματος τηλεφωνητής και γραμματοκιβώτιο βίντεο</target>
      <target FeatureID="true_298" href="SMSVO_HLP_CS_VIDEO_AND_XSP_VOIP.html">Τηλεφωνητής φωνητικών κλήσεων, κλήσεων βίντεο και Διαδικτύου</target>
   </keywords>
   <keywords>
      <text FeatureID="true_89">γραμματοκιβώτιο βίντεο</text>
      <target FeatureID="true_89" href="SMSVO_HLP_CS_AND_VIDEO.html">Αυτόματος τηλεφωνητής και γραμματοκιβώτιο βίντεο</target>
   </keywords>
   <keywords>
      <text FeatureID="true_298">τηλεφωνητής κλήσεων Διαδικτύου</text>
      <target FeatureID="true_298" href="SMSVO_HLP_CS_VIDEO_AND_XSP_VOIP.html">Τηλεφωνητής φωνητικών κλήσεων, κλήσεων βίντεο και Διαδικτύου</target>
   </keywords>
</keywords>