<?xml version="1.0" encoding="UTF-8"?>
<keywords>
   <keywords>
      <text FeatureID="-1">transferencia de datos</text>
      <target FeatureID="-1" href="SWITCH_HLP_EDIT_SHORTCUT.html">Ajustes acc. dir.</target>
      <target FeatureID="-1" href="SWITCH_HLP_EDIT_SHORTCUT.html">Ajustes acc. dir.</target>
      <target FeatureID="-1" href="SWITCH_HLP_MAIN.html">Transferir datos</target>
      <target FeatureID="-1" href="SWITCH_HLP_MAIN.html">Transferir datos</target>
      <target FeatureID="-1" href="SWITCH_HLP_LOG.html">Registro de transferencia</target>
   </keywords>
   <keywords>
      <text FeatureID="-1">accesos directos</text>
      <target FeatureID="-1" href="SWITCH_HLP_EDIT_SHORTCUT.html">Ajustes acc. dir.</target>
   </keywords>
   <keywords>
      <text FeatureID="-1">transferencia de datos, conflictos</text>
      <target FeatureID="-1" href="SWITCH_HLP_CONFLICT.html">Conflictos transf.</target>
   </keywords>
   <keywords>
      <text FeatureID="-1">copiar contenidos</text>
      <target FeatureID="-1" href="SWITCH_HLP_MAIN.html">Transferir datos</target>
   </keywords>
   <keywords>
      <text FeatureID="-1">registro de transferencia</text>
      <target FeatureID="-1" href="SWITCH_HLP_LOG.html">Registro de transferencia</target>
   </keywords>
</keywords>