<?xml version="1.0" encoding="UTF-8"?>
<keywords>
   <keywords>
      <text FeatureID="-1">entrades d'aniversari, creació</text>
      <target FeatureID="-1" href="FSCA_HLP_ANNIVERSARY_EDITOR.html">Creeu entrades d'aniversari</target>
   </keywords>
   <keywords>
      <text FeatureID="-1">entrades de reunions, creació</text>
      <target FeatureID="-1" href="FSCA_HLP_CALE_MEETING_EDITOR.html">Creeu entrades de reunions</target>
   </keywords>
   <keywords>
      <text FeatureID="-1">entrades de notes, creació</text>
      <target FeatureID="-1" href="FSCA_HLP_MEMO_EDITOR.html">Creeu entrades de notes</target>
   </keywords>
   <keywords>
      <text FeatureID="-1">entrades de tasques pendents, creació</text>
      <target FeatureID="-1" href="FSCA_HLP_TODO_EDITOR.html">Creeu entrades de tasques pendents</target>
   </keywords>
   <keywords>
      <text FeatureID="-1">entrades de reunions, edició</text>
      <target FeatureID="-1" href="FSCA_HLP_CALE_MEETING_VIEWER.html">Editeu entrades de reunions</target>
   </keywords>
   <keywords>
      <text FeatureID="-1">entrades de notes, edició</text>
      <target FeatureID="-1" href="FSCA_HLP_MEMO_VIEWER.html">Editeu entrades de notes</target>
   </keywords>
   <keywords>
      <text FeatureID="-1">entrades de tasques pendents, edició</text>
      <target FeatureID="-1" href="FSCA_HLP_TODO_VIEWER.html">Editeu entrades de tasques pendents</target>
   </keywords>
   <keywords>
      <text FeatureID="-1">entrades d'aniversari, visualització</text>
      <target FeatureID="-1" href="FSCA_HLP_ANNI_VIEWER.html">Editeu entrades d'aniversari</target>
   </keywords>
   <keywords>
      <text FeatureID="-1">peticions de reunions, edició de respostes</text>
      <target FeatureID="-1" href="FSCA_HLP_RESPONSE_EDITOR.html">Editeu la vostra resposta</target>
   </keywords>
   <keywords>
      <text FeatureID="-1">peticions de reunions, gestionar</text>
      <target FeatureID="-1" href="FSCA_HLP_VIEWER_ORGANIZER.html">Gestioneu les peticions de reunions</target>
   </keywords>
   <keywords>
      <text FeatureID="-1">peticions de reunions, edició</text>
      <target FeatureID="-1" href="MEET_REQ_HLP_EDITOR.html">Peticions de reunions rebudes</target>
   </keywords>
   <keywords>
      <text FeatureID="-1">peticions de reunions, resposta a</text>
      <target FeatureID="-1" href="FSCA_HLP_VIEWER.html">Responeu a les peticions de reunions</target>
   </keywords>
   <keywords>
      <text FeatureID="-1">contactes</text>
      <target FeatureID="-1" href="RLOOK_HLP_INFO_VIEW.html">Gestionar el contacte trobat</target>
   </keywords>
   <keywords>
      <text FeatureID="-1">contactes, podcasts</text>
      <target FeatureID="-1" href="RLOOK_HLP_RESULT_VIEW.html">Resultats de cerca</target>
   </keywords>
   <keywords>
      <text FeatureID="-1">correu electrònic, fitxers adjunts</text>
      <target FeatureID="-1" href="FSE_HLP_ATTACHMENT_LIST_EDITOR.html">Afegir fitxer adjunt </target>
   </keywords>
   <keywords>
      <text FeatureID="-1">correu electrònic suprimit</text>
      <target FeatureID="-1" href="FSE_HLP_MESSAGE_LIST_DELETED.html">Missatges de correu electrònic suprimits</target>
   </keywords>
   <keywords>
      <text FeatureID="-1">descàrrega de fitxers adjunts del correu electrònic</text>
      <target FeatureID="-1" href="FSE_HLP_ATTACHMENT_LIST.html">Descàrrega de fitxers adjunts</target>
   </keywords>
   <keywords>
      <text FeatureID="-1">esborranys de correu electrònic</text>
      <target FeatureID="-1" href="FSE_HLP_MESSAGE_LIST_DRAFTS.html">Missatges de correu electrònic provisionals </target>
   </keywords>
   <keywords>
      <text FeatureID="-1">Correu electrònic Nokia</text>
      <target FeatureID="-1" href="FSE_HLP_LAUNCHER_GRID.html">Correu electrònic Nokia</target>
   </keywords>
   <keywords>
      <text FeatureID="-1">correu electrònic</text>
      <target FeatureID="-1" href="FSE_HLP_LAUNCHER_GRID.html">Correu electrònic Nokia</target>
   </keywords>
   <keywords>
      <text FeatureID="-1">carpetes de correu electrònic</text>
      <target FeatureID="-1" href="FSE_HLP_FOLDER_LIST.html">Carpetes de correu electrònic</target>
      <target FeatureID="-1" href="FSE_HLP_SETT_IMAP_SUBSCR.html">Subscriviu-vos a carpetes</target>
      <target FeatureID="-1" href="FSE_HLP_MESSAGE_LIST_INBOX.html">Treballar amb carpetes de correu electrònic</target>
   </keywords>
   <keywords>
      <text FeatureID="-1">configuració de correu electrònic</text>
      <target FeatureID="-1" href="FSE_HLP_LAUNCHER_SETTINGS.html">Configuració general de correu electrònic</target>
      <target FeatureID="-1" href="FSE_HLP_POP_IMAP_SETT_MAIN.html">Configuració del correu electrònic</target>
      <target FeatureID="-1" href="FSE_HLP_IMS_SETTINGS_MAIN_VIEW.html">Configuració del correu electrònic</target>
      <target FeatureID="-1" href="FSE_HLP_MFE_SETTINGS_MAIN_VIEW.html">Configuració per als correus electrònics</target>
   </keywords>
   <keywords>
      <text FeatureID="-1">configuració general de correu electrònic</text>
      <target FeatureID="-1" href="FSE_HLP_SETTINGS_GLOBAL.html">Configuració general de correu electrònic</target>
   </keywords>
   <keywords>
      <text FeatureID="-1">correu electrònic HTML</text>
      <target FeatureID="-1" href="FS_VIEWER_HLP_HTML_VIEW.html">Correu electrònic amb format HTML</target>
   </keywords>
   <keywords>
      <text FeatureID="-1">configuració avançada de correu electrònic</text>
      <target FeatureID="-1" href="FSE_HLP_POP_IMAP_SETT_ADV.html">Configuració de correu electrònic avançada</target>
   </keywords>
   <keywords>
      <text FeatureID="-1">Configuració del correu electrònic entrant</text>
      <target FeatureID="-1" href="FSE_HLP_POP_IMAP_SETT_INCOMING.html">Configuració del correu electrònic entrant</target>
   </keywords>
   <keywords>
      <text FeatureID="-1">Configuració del correu electrònic sortint</text>
      <target FeatureID="-1" href="FSE_HLP_POP_IMAP_SETT_OUTGOING.html">Configuració del correu electrònic sortint</target>
   </keywords>
   <keywords>
      <text FeatureID="-1">sincronització de correu electrònic</text>
      <target FeatureID="-1" href="FSE_HLP_POP_IMAP_SETT_WHAT.html">Seleccioneu el contingut de sincronització</target>
   </keywords>
   <keywords>
      <text FeatureID="-1">hora de sincronització de correu electrònic</text>
      <target FeatureID="-1" href="FSE_HLP_POP_IMAP_SETT_WHEN.html">Seleccioneu el temps de sincronització</target>
      <target FeatureID="-1" href="FSE_HLP_IMS_SETTINGS_WHEN_SYNC.html">Definiu el temps de sincronització</target>
      <target FeatureID="-1" href="FSE_HLP_MFE_SETTINGS_WHEN_SYNC.html">Trieu el temps de sincronització</target>
      <target FeatureID="-1" href="FSE_HLP_SETTINGS_WHEN_SYNC.html">Hora de sincronització</target>
   </keywords>
   <keywords>
      <text FeatureID="-1">configuració del compte de correu electrònic</text>
      <target FeatureID="-1" href="FSE_HLP_IMS_SETTINGS_ACCT_INFO.html">Configuració del compte de correu electrònic</target>
   </keywords>
   <keywords>
      <text FeatureID="-1">Configuració avançada de la bústia de correu</text>
      <target FeatureID="-1" href="FSE_HLP_IMS_SETTINGS_ADVANCED.html">Configuració avançada de la bústia de correu </target>
      <target FeatureID="-1" href="FSE_HLP_MFE_SETTINGS_ADVANCED.html">Configuració avançada de la bústia de correu</target>
   </keywords>
   <keywords>
      <text FeatureID="-1">configuració de la bústia de correu</text>
      <target FeatureID="-1" href="FSE_HLP_IMS_SETTINGS_MAILBOX.html">Configuració de la bústia de correu</target>
      <target FeatureID="-1" href="FSE_HLP_MFE_SETTINGS_MAILBOX.html">Configuració general de la bústia de correu</target>
   </keywords>
   <keywords>
      <text FeatureID="-1">contingut de sincronització de correu electrònic</text>
      <target FeatureID="-1" href="FSE_HLP_IMS_SETTINGS_WHAT_SYNC.html">Definiu el contingut de sincronització</target>
      <target FeatureID="-1" href="FSE_HLP_MFE_SETTINGS_WHAT_SYNC.html">Trieu el contingut de sincronització</target>
   </keywords>
   <keywords>
      <text FeatureID="-1">sincronització de carpeta de correu electrònic</text>
      <target FeatureID="-1" href="FSE_HLP_IMS_SETTINGS_FOLDER.html">Sincronització de carpetes de correu electrònic</target>
      <target FeatureID="-1" href="FSE_HLP_MFE_SETTINGS_FOLDER.html">Configuració per a la sincronització</target>
   </keywords>
   <keywords>
      <text FeatureID="-1">configuració del servei de correu electrònic</text>
      <target FeatureID="-1" href="FSE_HLP_SETTINGS_INTELL_LIST.html">Configuració del servei de correu electrònic</target>
   </keywords>
   <keywords>
      <text FeatureID="-1">Intellisync</text>
      <target FeatureID="-1" href="FSE_HLP_IMS_LAUNCHER_MAIN_VIEW.html">Correu electrònic Intellisync</target>
   </keywords>
   <keywords>
      <text FeatureID="-1">Mail for Exchange</text>
      <target FeatureID="-1" href="FSE_HLP_MFE_LAUNCHER_MAIN_VIEW.html">Correu electrònic per a Exchange e-mail</target>
   </keywords>
   <keywords>
      <text FeatureID="-1">detalls de correu electrònic</text>
      <target FeatureID="-1" href="FS_VIEWER_HLP_DETAILS_VIEW.html">Detalls del missatge</target>
   </keywords>
   <keywords>
      <text FeatureID="-1">configuració de sincronització de correu electrònic</text>
      <target FeatureID="-1" href="FSE_HLP_MFE_SETTINGS_PIM_APPS.html">Configuració de sincronització d'aplicacions</target>
   </keywords>
   <keywords>
      <text FeatureID="-1">sincronització de l'agenda</text>
      <target FeatureID="-1" href="FSE_HLP_MFE_CALENDAR_APP.html">Configuració de sincronització de l'agenda</target>
   </keywords>
   <keywords>
      <text FeatureID="-1">sincronització de contactes,</text>
      <target FeatureID="-1" href="FSE_HLP_MFE_CONTACTS_APP.html">Configuració de sincronització de contactes</target>
   </keywords>
   <keywords>
      <text FeatureID="-1">sincronització d'entrada de tasca pendent</text>
      <target FeatureID="-1" href="FSE_HLP_MFE_TASKS_APP.html">Configuració de sincronitzacions pendents</target>
   </keywords>
   <keywords>
      <text FeatureID="-1">sense missatges de correu electrònic</text>
      <target FeatureID="-1" href="FSE_HLP_MESSAGE_LIST_EMPTY.html">No hi ha missatges</target>
   </keywords>
   <keywords>
      <text FeatureID="-1">bústia de sortida de correu electrònic</text>
      <target FeatureID="-1" href="FSE_HLP_MESSAGE_LIST_OUTBOX.html">Treballar amb la bústia de sortida</target>
   </keywords>
   <keywords>
      <text FeatureID="-1">sol·licituds de reunió</text>
      <target FeatureID="-1" href="FS_VIEWER_HLP_MEETING_REQ_VIEW.html">Sol·licitud de reunió</target>
   </keywords>
   <keywords>
      <text FeatureID="-1">cerca de correu electrònic</text>
      <target FeatureID="-1" href="FSE_HLP_MESSAGE_LIST_SEARCHING.html">Busqueu missatges de correu electrònic</target>
   </keywords>
   <keywords>
      <text FeatureID="-1">resultats de cerca de correu electrònic</text>
      <target FeatureID="-1" href="FSE_HLP_MESSAGE_LIST_SEARCHED.html">Resultats de cerca</target>
   </keywords>
   <keywords>
      <text FeatureID="-1">enviament de correu electrònic</text>
      <target FeatureID="-1" href="FS_EDITOR_HLP_MAIN_VIEW.html">Enviar correu electrònic</target>
   </keywords>
   <keywords>
      <text FeatureID="-1">Servei PIM</text>
      <target FeatureID="-1" href="FSE_HLP_SETTINGS_PIM_VIEW.html">Servei PIM</target>
   </keywords>
   <keywords>
      <text FeatureID="-1">sincronitzar aplicacions</text>
      <target FeatureID="-1" href="FSE_HLP_SETTINGS_APPLICATIONS.html">Sincronitzar aplicacions</target>
   </keywords>
   <keywords>
      <text FeatureID="-1">fitxers adjunts del correu electrònic</text>
      <target FeatureID="-1" href="FSE_HLP_ATTACHMENT_DOWNLOAD.html">Visualitzar descàrregues de fitxers adjunts</target>
   </keywords>
   <keywords>
      <text FeatureID="-1">correu electrònic rebut</text>
      <target FeatureID="-1" href="FS_VIEWER_HLP_MAIN_VIEW.html">Treballar amb els missatges de correu electrònic rebuts</target>
   </keywords>
</keywords>