<?xml version="1.0" encoding="UTF-8"?>
<keywords>
   <keywords>
      <text FeatureID="-1">sincronización</text>
      <target FeatureID="-1" href="DS_HLP_MAIN_VIEW.html">Sincronización de datos</target>
   </keywords>
   <keywords>
      <text FeatureID="-1">sincronización de perfís</text>
      <target FeatureID="-1" href="DS_HLP_MAIN_VIEW.html">Sincronización de datos</target>
   </keywords>
   <keywords>
      <text FeatureID="-1">axustes de perfil de sincronización</text>
      <target FeatureID="-1" href="DS_HLP_SETTINGS.html">Edición de perfís de sincronización</target>
   </keywords>
   <keywords>
      <text FeatureID="-1">axustes de sincronización</text>
      <target FeatureID="-1" href="DS_HLP_SETTINGS_CAL.html">Axustes de sincronización da Axenda</target>
      <target FeatureID="-1" href="DS_HLP_SETTINGS_CNT.html">Axustes de sincronización da Guía</target>
      <target FeatureID="-1" href="DS_HLP_SETTINGS_NOTES.html">Axustes de sincronización de notas</target>
      <target FeatureID="-1" href="DS_HLP_SETTINGS_SMS.html">Axustes de sincronización de SMS</target>
      <target FeatureID="true_44" href="DS_HLP_SETTINGS_SYNCML.html">Axustes de sincronización de correo</target>
   </keywords>
</keywords>