<?xml version="1.0" encoding="UTF-8"?>
<keywords>
   <keywords>
      <text FeatureID="-1">นาฬิกา, การปลุก</text>
      <target FeatureID="-1" href="CLK_HLP_ALARM_EDITOR.html">โปรแกรมแก้ไขนาฬิกาปลุก</target>
   </keywords>
   <keywords>
      <text FeatureID="-1">นาฬิกาปลุก</text>
      <target FeatureID="-1" href="CLK_HLP_ALARM_EDITOR.html">โปรแกรมแก้ไขนาฬิกาปลุก</target>
      <target FeatureID="-1" href="CLK_HLP_REAL_TIME_CLOCK_IN.html">มุมมองหลักนาฬิกา</target>
   </keywords>
   <keywords>
      <text FeatureID="-1">นาฬิกา</text>
      <target FeatureID="-1" href="CLK_HLP_REAL_TIME_CLOCK_IN.html">มุมมองหลักนาฬิกา</target>
      <target FeatureID="-1" href="CLK_HLP_WRLD_CLK.html">เวลาทั่วโลก</target>
   </keywords>
   <keywords>
      <text FeatureID="-1">การตั้งค่าวันที่และเวลา</text>
      <target FeatureID="-1" href="CLK_HLP_SETTINGS.html">การตั้งวันที่และเวลา</target>
   </keywords>
   <keywords>
      <text FeatureID="-1">การตั้งค่านาฬิกา</text>
      <target FeatureID="-1" href="CLK_HLP_SETTINGS.html">การตั้งวันที่และเวลา</target>
   </keywords>
   <keywords>
      <text FeatureID="-1">นาฬิกา, เขตเวลา</text>
      <target FeatureID="-1" href="CLK_HLP_REAL_TIME_CLOCK_AN.html">เวลาท้องถิ่น</target>
   </keywords>
   <keywords>
      <text FeatureID="-1">เวลาท้องถิ่นและเขตเวลา</text>
      <target FeatureID="-1" href="CLK_HLP_REAL_TIME_CLOCK_AN.html">เวลาท้องถิ่น</target>
   </keywords>
   <keywords>
      <text FeatureID="-1">เวลาทั่วโลก</text>
      <target FeatureID="-1" href="CLK_HLP_WRLD_CLK.html">เวลาทั่วโลก</target>
   </keywords>
</keywords>