<?xml version="1.0" encoding="UTF-8"?>
<keywords>
   <keywords>
      <text FeatureID="-1">lịch</text>
      <target FeatureID="-1" href="CALE_HLP_NOTE_ANNIVERSARY.html">Các mục nhập kỷ niệm</target>
      <target FeatureID="-1" href="CALE_HLP_NOTE_VIEWER.html">Các mục lịch</target>
      <target FeatureID="-1" href="CALE_HLP_DAY_VIEW.html">Giao diện ngày</target>
      <target FeatureID="-1" href="CALE_HLP_NOTE_MEETING.html">Các mục nhập họp</target>
      <target FeatureID="-1" href="CALE_HLP_NOTE_DAY.html">Các mục nhập ghi nhớ</target>
      <target FeatureID="-1" href="CALE_HLP_MONTH_VIEW.html">Giao diện tháng</target>
      <target FeatureID="-1" href="CALE_HLP_TODO_NOTE.html">Các mục nhập công việc</target>
      <target FeatureID="-1" href="CALE_HLP_TODO_VIEW.html">Giao diện Công việc</target>
      <target FeatureID="-1" href="CALE_HLP_WEEK_VIEW.html">Xem theo tuần</target>
   </keywords>
   <keywords>
      <text FeatureID="-1">ghi chú cho ngày kỷ niệm</text>
      <target FeatureID="-1" href="CALE_HLP_NOTE_ANNIVERSARY.html">Các mục nhập kỷ niệm</target>
      <target FeatureID="-1" href="CALE_HLP_NOTE_VIEWER.html">Các mục lịch</target>
   </keywords>
   <keywords>
      <text FeatureID="-1">cuộc họp</text>
      <target FeatureID="-1" href="CALE_HLP_NOTE_VIEWER.html">Các mục lịch</target>
      <target FeatureID="-1" href="CALE_HLP_NOTE_MEETING.html">Các mục nhập họp</target>
   </keywords>
   <keywords>
      <text FeatureID="-1">ghi chú memo</text>
      <target FeatureID="-1" href="CALE_HLP_NOTE_VIEWER.html">Các mục lịch</target>
      <target FeatureID="-1" href="CALE_HLP_NOTE_DAY.html">Các mục nhập ghi nhớ</target>
   </keywords>
   <keywords>
      <text FeatureID="-1">ghi chú công việc</text>
      <target FeatureID="-1" href="CALE_HLP_NOTE_VIEWER.html">Các mục lịch</target>
      <target FeatureID="-1" href="CALE_HLP_TODO_NOTE.html">Các mục nhập công việc</target>
   </keywords>
   <keywords>
      <text FeatureID="-1">cài đặt lịch</text>
      <target FeatureID="-1" href="CALE_HLP_SETTINGS.html">Cài đặt lịch</target>
   </keywords>
   <keywords>
      <text FeatureID="-1">danh sách công việc</text>
      <target FeatureID="-1" href="CALE_HLP_TODO_VIEW.html">Giao diện Công việc</target>
   </keywords>
</keywords>