<?xml version="1.0" encoding="UTF-8"?>
<keywords>
   <keywords>
      <text FeatureID="-1">lịch</text>
      <target FeatureID="-1" href="CALE_HLP_NOTE_VIEWER.html">Các mục lịch</target>
      <target FeatureID="-1" href="CALE_HLP_DAY_VIEW.html">Giao diện ngày</target>
      <target FeatureID="-1" href="CALE_HLP_NOTE_MEETING.html">Các mục nhập họp</target>
      <target FeatureID="-1" href="CALE_HLP_MONTH_VIEW.html">Giao diện tháng</target>
      <target FeatureID="-1" href="CALE_HLP_TODO_NOTE.html">Các mục nhập công việc</target>
      <target FeatureID="-1" href="CALE_HLP_TODO_VIEW.html">Giao diện Công việc</target>
      <target FeatureID="-1" href="CALE_HLP_WEEK_VIEW.html">Xem theo tuần</target>
      <target FeatureID="-1" href="CALE_HLP_CALENDAR_DATABASE_SETTINGS.html">Nhiều cài đặt lịch</target>
      <target FeatureID="-1" href="CALE_HLP_CALE_MAN_VIEW.html">Giao diện quản lý lịch</target>
      <target FeatureID="-1" href="CALE_HLP_ATTACH_VIEW.html">Giao diện phần đính kèm</target>
      <target FeatureID="-1" href="CALE_HLP_MAV.html">Giao diện báo thức bị nhỡ</target>
   </keywords>
   <keywords>
      <text FeatureID="-1">cuộc họp</text>
      <target FeatureID="-1" href="CALE_HLP_NOTE_VIEWER.html">Các mục lịch</target>
      <target FeatureID="-1" href="CALE_HLP_NOTE_MEETING.html">Các mục nhập họp</target>
   </keywords>
   <keywords>
      <text FeatureID="-1">ghi chú công việc</text>
      <target FeatureID="-1" href="CALE_HLP_NOTE_VIEWER.html">Các mục lịch</target>
      <target FeatureID="-1" href="CALE_HLP_TODO_NOTE.html">Các mục nhập công việc</target>
   </keywords>
   <keywords>
      <text FeatureID="-1">cài đặt lịch</text>
      <target FeatureID="-1" href="CALE_HLP_SETTINGS.html">Cài đặt lịch</target>
   </keywords>
   <keywords>
      <text FeatureID="-1">danh sách công việc</text>
      <target FeatureID="-1" href="CALE_HLP_TODO_VIEW.html">Giao diện Công việc</target>
   </keywords>
   <keywords>
      <text FeatureID="-1">cài đặt, lịch</text>
      <target FeatureID="-1" href="CALE_HLP_CALENDAR_DATABASE_SETTINGS.html">Nhiều cài đặt lịch</target>
   </keywords>
   <keywords>
      <text FeatureID="-1">phần đính kèm</text>
      <target FeatureID="-1" href="CALE_HLP_ATTACH_VIEW.html">Giao diện phần đính kèm</target>
   </keywords>
   <keywords>
      <text FeatureID="-1">báo thức, ghi chú lịch</text>
      <target FeatureID="-1" href="CALE_HLP_MAV.html">Giao diện báo thức bị nhỡ</target>
   </keywords>
</keywords>