<?xml version="1.0" encoding="UTF-8"?>
<keywords>
   <keywords>
      <text FeatureID="-1">mezuen bidalketa</text>
      <target FeatureID="-1" href="UNIFIED_HLP_EDITOR.html">Mezuak sortzea</target>
   </keywords>
   <keywords>
      <text FeatureID="-1">mezu-editorea</text>
      <target FeatureID="-1" href="UNIFIED_HLP_EDITOR.html">Mezuak sortzea</target>
   </keywords>
   <keywords>
      <text FeatureID="-1">mezuak</text>
      <target FeatureID="-1" href="UNIFIED_HLP_SENDING_OPTIONS.html">Bidalketako aukerak</target>
   </keywords>
   <keywords>
      <text FeatureID="-1">bidalketa aukerak</text>
      <target FeatureID="-1" href="UNIFIED_HLP_SENDING_OPTIONS.html">Bidalketako aukerak</target>
   </keywords>
   <keywords>
      <text FeatureID="-1">multimedia objektuak</text>
      <target FeatureID="-1" href="UNIFIED_HLP_ED_OBJECTS.html">Jasotako multimedia objektuak</target>
      <target FeatureID="-1" href="UNIFIED_HLP_ED_OBJECTS.html">Jasotako multimedia objektuak</target>
   </keywords>
</keywords>