<?xml version="1.0" encoding="UTF-8"?><?xml-stylesheet  href="../../theme/xsl/index2html.xslt" type="text/xsl"?>
<topics FeatureID="-1" title="Nhắn tin" compressed="true">
   <topicref FeatureID="-1" href="MCE_HLP_MESSAGING.html" navtitle="Trung tâm nhắn tin"/>
   <topicref FeatureID="-1" href="MCE_HLP_SIM.html" navtitle="Xem tin nhắn SIM"/>
   <topicref FeatureID="-1" href="MCE_HLP_SETTINGS.html" navtitle="Cài đặt nhắn tin"/>
   <topicref FeatureID="-1" href="MCE_HLP_SETTINGS_SMS.html" navtitle="Cài đặt tin nhắn"/>
   <topicref FeatureID="-1" href="SMS_HLP_SETTINGS_SCENTRES.html" navtitle="Cài đặt trung tâm nhắn tin văn bản"/>
   <topicref FeatureID="-1" href="SMS_HLP_SETTINGS_SCENTRES_EDIT.html" navtitle="Chỉnh sửa trung tâm nhắn tin văn bản"/>
   <topicref FeatureID="true_1092" href="SMS_HLP_SETTINGS_SMS_EMAIL.html" navtitle="Cài đặt e-mail tin nhắn văn bản"/>
   <topicref FeatureID="-1" href="MCE_HLP_SETTINGS_MMS.html" navtitle="Cài đặt nhắn tin đa phương tiện"/>
   <topicref FeatureID="true_1090" href="MCE_HLP_SETTINGS_CB.html" navtitle="Cài đặt tin nhắn quảng bá"/>
   <topicref FeatureID="-1" href="MCE_HLP_SETTINGS_GEN.html" navtitle="Cài đặt khác"/>
   <topicref FeatureID="-1" href="MCE_HLP_INBOX.html" navtitle="Hộp thư đến"/>
   <topicref FeatureID="-1" href="MCE_HLP_DOCUMENTS.html" navtitle="Thư mục riêng"/>
   <topicref FeatureID="-1" href="MCE_HLP_TEMPLATES.html" navtitle="Tin nhắn mẫu"/>
   <topicref FeatureID="-1" href="MCE_HLP_FOLDER.html" navtitle="Sắp xếp tin nhắn"/>
   <topicref FeatureID="-1" href="MCE_HLP_DRAFTS.html" navtitle="Nháp"/>
   <topicref FeatureID="-1" href="MCE_HLP_SENT_ITEMS.html" navtitle="Các tin đã gửi"/>
   <topicref FeatureID="-1" href="MCE_HLP_OUTBOX.html" navtitle="Hộp thư đi"/>
   <topicref FeatureID="-1" href="MCE_HLP_DELIVERY_REPORTS.html" navtitle="Báo kết quả"/>
   <topicref FeatureID="true_1132" href="MCE_HLP_MMS_NOTIFICATIONS.html" navtitle="Thông báo đa phương tiện"/>
</topics>