<?xml version="1.0" encoding="UTF-8"?>
<keywords>
   <keywords>
      <text FeatureID="-1">gửi tin nhắn</text>
      <target FeatureID="-1" href="MCE_HLP_MESSAGING.html">Trung tâm nhắn tin</target>
      <target FeatureID="-1" href="MCE_HLP_OUTBOX.html">Hộp thư đi</target>
   </keywords>
   <keywords>
      <text FeatureID="-1">nhận tin nhắn</text>
      <target FeatureID="-1" href="MCE_HLP_MESSAGING.html">Trung tâm nhắn tin</target>
      <target FeatureID="-1" href="MCE_HLP_INBOX.html">Hộp thư đến</target>
   </keywords>
   <keywords>
      <text FeatureID="-1">Tin nhắn trong SIM</text>
      <target FeatureID="-1" href="MCE_HLP_SIM.html">Xem tin nhắn SIM</target>
   </keywords>
   <keywords>
      <text FeatureID="-1">tin nhắn trên thẻ SIM</text>
      <target FeatureID="-1" href="MCE_HLP_SIM.html">Xem tin nhắn SIM</target>
   </keywords>
   <keywords>
      <text FeatureID="-1">cài đặt nhắn tin</text>
      <target FeatureID="-1" href="MCE_HLP_SETTINGS.html">Cài đặt nhắn tin</target>
      <target FeatureID="-1" href="MCE_HLP_SETTINGS_GEN.html">Cài đặt khác</target>
   </keywords>
   <keywords>
      <text FeatureID="-1">Cài đặt SMS</text>
      <target FeatureID="-1" href="MCE_HLP_SETTINGS_SMS.html">Cài đặt tin nhắn</target>
   </keywords>
   <keywords>
      <text FeatureID="-1">cài đặt tin nhắn văn bản</text>
      <target FeatureID="-1" href="MCE_HLP_SETTINGS_SMS.html">Cài đặt tin nhắn</target>
      <target FeatureID="-1" href="SMS_HLP_SETTINGS_SCENTRES.html">Cài đặt trung tâm nhắn tin văn bản</target>
      <target FeatureID="-1" href="SMS_HLP_SETTINGS_SCENTRES_EDIT.html">Chỉnh sửa trung tâm nhắn tin văn bản</target>
   </keywords>
   <keywords>
      <text FeatureID="-1">cài đặt trung tâm nhắn tin</text>
      <target FeatureID="-1" href="SMS_HLP_SETTINGS_SCENTRES.html">Cài đặt trung tâm nhắn tin văn bản</target>
      <target FeatureID="-1" href="SMS_HLP_SETTINGS_SCENTRES_EDIT.html">Chỉnh sửa trung tâm nhắn tin văn bản</target>
   </keywords>
   <keywords>
      <text FeatureID="-1">Cài đặt trung tâm SMS</text>
      <target FeatureID="-1" href="SMS_HLP_SETTINGS_SCENTRES.html">Cài đặt trung tâm nhắn tin văn bản</target>
   </keywords>
   <keywords>
      <text FeatureID="true_1092">e-mail tin nhắn văn bản</text>
      <target FeatureID="true_1092" href="SMS_HLP_SETTINGS_SMS_EMAIL.html">Cài đặt e-mail tin nhắn văn bản</target>
   </keywords>
   <keywords>
      <text FeatureID="true_1092">cài đặt e-mail SMS</text>
      <target FeatureID="true_1092" href="SMS_HLP_SETTINGS_SMS_EMAIL.html">Cài đặt e-mail tin nhắn văn bản</target>
   </keywords>
   <keywords>
      <text FeatureID="-1">Cài đặt MMS</text>
      <target FeatureID="-1" href="MCE_HLP_SETTINGS_MMS.html">Cài đặt nhắn tin đa phương tiện</target>
   </keywords>
   <keywords>
      <text FeatureID="true_1090">cài đặt tin nhắn quảng bá</text>
      <target FeatureID="true_1090" href="MCE_HLP_SETTINGS_CB.html">Cài đặt tin nhắn quảng bá</target>
   </keywords>
   <keywords>
      <text FeatureID="-1">hộp thư đến</text>
      <target FeatureID="-1" href="MCE_HLP_INBOX.html">Hộp thư đến</target>
   </keywords>
   <keywords>
      <text FeatureID="-1">thư mục riêng</text>
      <target FeatureID="-1" href="MCE_HLP_DOCUMENTS.html">Thư mục riêng</target>
   </keywords>
   <keywords>
      <text FeatureID="-1">lưu tin nhắn</text>
      <target FeatureID="-1" href="MCE_HLP_DOCUMENTS.html">Thư mục riêng</target>
   </keywords>
   <keywords>
      <text FeatureID="-1">gửi mẫu tin nhắn</text>
      <target FeatureID="-1" href="MCE_HLP_TEMPLATES.html">Tin nhắn mẫu</target>
   </keywords>
   <keywords>
      <text FeatureID="-1">mẫu tin nhắn</text>
      <target FeatureID="-1" href="MCE_HLP_TEMPLATES.html">Tin nhắn mẫu</target>
   </keywords>
   <keywords>
      <text FeatureID="-1">sắp xếp tin nhắn</text>
      <target FeatureID="-1" href="MCE_HLP_FOLDER.html">Sắp xếp tin nhắn</target>
   </keywords>
   <keywords>
      <text FeatureID="-1">lưu tin nháp</text>
      <target FeatureID="-1" href="MCE_HLP_DRAFTS.html">Nháp</target>
   </keywords>
   <keywords>
      <text FeatureID="-1">tin nhắn nháp</text>
      <target FeatureID="-1" href="MCE_HLP_DRAFTS.html">Nháp</target>
   </keywords>
   <keywords>
      <text FeatureID="-1">tin nhắn đã gửi</text>
      <target FeatureID="-1" href="MCE_HLP_SENT_ITEMS.html">Các tin đã gửi</target>
   </keywords>
   <keywords>
      <text FeatureID="-1">xem hộp thư đi</text>
      <target FeatureID="-1" href="MCE_HLP_OUTBOX.html">Hộp thư đi</target>
   </keywords>
   <keywords>
      <text FeatureID="-1">báo cáo gửi</text>
      <target FeatureID="-1" href="MCE_HLP_DELIVERY_REPORTS.html">Báo kết quả</target>
   </keywords>
   <keywords>
      <text FeatureID="true_1132">Các thông báo MMS</text>
      <target FeatureID="true_1132" href="MCE_HLP_MMS_NOTIFICATIONS.html">Thông báo đa phương tiện</target>
   </keywords>
   <keywords>
      <text FeatureID="-1">tìm số điện thoại</text>
      <target FeatureID="-1" href="FIND_HLP.html">Tìm số/địa chỉ</target>
   </keywords>
   <keywords>
      <text FeatureID="-1">tìm địa chỉ</text>
      <target FeatureID="-1" href="FIND_HLP.html">Tìm số/địa chỉ</target>
   </keywords>
</keywords>