<?xml version="1.0" encoding="UTF-8"?>
<keywords>
   <keywords>
      <text FeatureID="-1">пересылка сообщений</text>
      <target FeatureID="-1" href="MMS_HLP_MMS_FWD_REQUEST.html">Пересылка мультимедийных сообщений</target>
   </keywords>
   <keywords>
      <text FeatureID="-1">MMS, сообщения</text>
      <target FeatureID="-1" href="MMS_HLP_MMS_FWD_REQUEST_SEND.html">Пересылка запроса в «Переданные»</target>
   </keywords>
   <keywords>
      <text FeatureID="-1">уведомления о MMS</text>
      <target FeatureID="-1" href="MMS_HLP_NOTIFICATION_VIEWER.html">Уведомления о MMS</target>
   </keywords>
   <keywords>
      <text FeatureID="-1">мультимедийные объекты</text>
      <target FeatureID="-1" href="MMS_HLP_OBJECTS_VIEW_VIEWER.html">Просмотр мультимедийных объектов</target>
      <target FeatureID="-1" href="MMS_HLP_OBJECTS_VIEW_VIEWER.html">Просмотр мультимедийных объектов</target>
   </keywords>
   <keywords>
      <text FeatureID="-1">мультимедийные сообщения</text>
      <target FeatureID="-1" href="MMS_HLP_MMS_VIEWER.html">Просмотр мультимедийных сообщений</target>
   </keywords>
   <keywords>
      <text FeatureID="-1">MMS</text>
      <target FeatureID="-1" href="MMS_HLP_MMS_VIEWER.html">Просмотр мультимедийных сообщений</target>
   </keywords>
</keywords>