<?xml version="1.0" encoding="UTF-8"?>
<keywords>
   <keywords>
      <text FeatureID="-1">Mail for Exchange</text>
      <target FeatureID="-1" href="FSE_HLP_MFE_LAUNCHER_MAIN_VIEW.html">Mail for Exchange -sähköposti</target>
   </keywords>
   <keywords>
      <text FeatureID="-1">postilaatikon lisäasetukset</text>
      <target FeatureID="-1" href="FSE_HLP_MFE_SETTINGS_ADVANCED.html">Postilaatikon lisäasetukset</target>
   </keywords>
   <keywords>
      <text FeatureID="-1">sähköpostin synkronointiasetukset</text>
      <target FeatureID="-1" href="FSE_HLP_MFE_SETTINGS_PIM_APPS.html">Sovellusten synkronointiasetukset</target>
   </keywords>
   <keywords>
      <text FeatureID="-1">kalenterin synkronoiminen</text>
      <target FeatureID="-1" href="FSE_HLP_MFE_CALENDAR_APP.html">Kalenterin synkronointiasetukset</target>
   </keywords>
   <keywords>
      <text FeatureID="-1">osoitekirjan synkronoiminen,</text>
      <target FeatureID="-1" href="FSE_HLP_MFE_CONTACTS_APP.html">Osoitekirjan synkronointiasetukset</target>
   </keywords>
   <keywords>
      <text FeatureID="-1">postilaatikon asetukset</text>
      <target FeatureID="-1" href="FSE_HLP_MFE_SETTINGS_MAILBOX.html">Postilaatikon yleiset asetukset</target>
   </keywords>
   <keywords>
      <text FeatureID="-1">sähköpostin synkronoitava sisältö</text>
      <target FeatureID="-1" href="FSE_HLP_MFE_SETTINGS_WHAT_SYNC.html">Synkronoitavan sisällön valitseminen</target>
   </keywords>
   <keywords>
      <text FeatureID="-1">sähköpostin synkronointiaika</text>
      <target FeatureID="-1" href="FSE_HLP_MFE_SETTINGS_WHEN_SYNC.html">Synkronointiajan valitseminen</target>
   </keywords>
   <keywords>
      <text FeatureID="-1">sähköpostikansioiden synkronointi</text>
      <target FeatureID="-1" href="FSE_HLP_MFE_SETTINGS_FOLDER.html">Synkronoinnin asetukset</target>
   </keywords>
   <keywords>
      <text FeatureID="-1">sähköposti­asetukset</text>
      <target FeatureID="-1" href="FSE_HLP_MFE_SETTINGS_MAIN_VIEW.html">Sähköpostiasetukset</target>
   </keywords>
   <keywords>
      <text FeatureID="-1">tehtävämerkintöjen synkronoiminen</text>
      <target FeatureID="-1" href="FSE_HLP_MFE_TASKS_APP.html">Tehtävien synkronointiasetukset</target>
   </keywords>
</keywords>