<?xml version="1.0" encoding="UTF-8"?>
<keywords>
   <keywords>
      <text FeatureID="-1">dictionary</text>
      <target FeatureID="-1" href="DICTIONARY_HLP_MAIN_TAB1.html">Dictionary</target>
   </keywords>
   <keywords>
      <text FeatureID="-1">translating</text>
      <target FeatureID="-1" href="DICTIONARY_HLP_MAIN_TAB1.html">Dictionary</target>
   </keywords>
   <keywords>
      <text FeatureID="-1">dictionary, translation</text>
      <target FeatureID="-1" href="DICTIONARY_HLP_RESULTS.html">Translation results</target>
   </keywords>
</keywords>