<?xml version="1.0" encoding="UTF-8"?>
<keywords>
   <keywords>
      <text FeatureID="-1">hodiny, budíky</text>
      <target FeatureID="-1" href="CLK_HLP_ALARM_EDITOR.html">Editor budíka</target>
   </keywords>
   <keywords>
      <text FeatureID="-1">budík</text>
      <target FeatureID="-1" href="CLK_HLP_ALARM_EDITOR.html">Editor budíka</target>
      <target FeatureID="-1" href="CLK_HLP_REAL_TIME_CLOCK_IN.html">Hlavné okno hodín</target>
   </keywords>
   <keywords>
      <text FeatureID="-1">hodiny</text>
      <target FeatureID="-1" href="CLK_HLP_REAL_TIME_CLOCK_IN.html">Hlavné okno hodín</target>
      <target FeatureID="-1" href="CLK_HLP_WRLD_CLK.html">Svetové hodiny</target>
   </keywords>
   <keywords>
      <text FeatureID="-1">nastavenia dátumu a času</text>
      <target FeatureID="-1" href="CLK_HLP_SETTINGS.html">Nastavenia dátumu a času</target>
   </keywords>
   <keywords>
      <text FeatureID="-1">nastavenia hodín</text>
      <target FeatureID="-1" href="CLK_HLP_SETTINGS.html">Nastavenia dátumu a času</target>
   </keywords>
   <keywords>
      <text FeatureID="-1">hodiny, časové zóny</text>
      <target FeatureID="-1" href="CLK_HLP_REAL_TIME_CLOCK_AN.html">Miestny čas</target>
   </keywords>
   <keywords>
      <text FeatureID="-1">miestny čas a časová zóna</text>
      <target FeatureID="-1" href="CLK_HLP_REAL_TIME_CLOCK_AN.html">Miestny čas</target>
   </keywords>
   <keywords>
      <text FeatureID="-1">svetové hodiny</text>
      <target FeatureID="-1" href="CLK_HLP_WRLD_CLK.html">Svetové hodiny</target>
   </keywords>
</keywords>