<?xml version="1.0" encoding="UTF-8"?>
<keywords>
   <keywords>
      <text FeatureID="-1">apsaugos modulis</text>
      <target FeatureID="-1" href="SECMOD_HLP_ACCESSCODE_VIEW.html">Apsaugos modulio PIN kodas</target>
      <target FeatureID="-1" href="SECMOD_HLP_MAIN_VIEW.html">Apsaugos modulis</target>
      <target FeatureID="-1" href="SEMOD_HLP_SIGNINGCODE_VIEW.html">Pasirašymo kodo redagavimas</target>
   </keywords>
   <keywords>
      <text FeatureID="-1">PIN kodas</text>
      <target FeatureID="-1" href="SECMOD_HLP_ACCESSCODE_VIEW.html">Apsaugos modulio PIN kodas</target>
   </keywords>
   <keywords>
      <text FeatureID="-1">apsaugos modulių kodai</text>
      <target FeatureID="-1" href="SECMOD_HLP_CODE_VIEW.html">Apsaugos modulių kodai</target>
   </keywords>
   <keywords>
      <text FeatureID="-1">Apsaugos modulio PIN kodas</text>
      <target FeatureID="-1" href="SECMOD_HLP_CODE_VIEW.html">Apsaugos modulių kodai</target>
   </keywords>
   <keywords>
      <text FeatureID="-1">raktų saugykla</text>
      <target FeatureID="-1" href="SECMOD_HLP_MAIN_VIEW.html">Apsaugos modulis</target>
   </keywords>
   <keywords>
      <text FeatureID="-1">pasirašymo kodas</text>
      <target FeatureID="-1" href="SEMOD_HLP_SIGNINGCODE_VIEW.html">Pasirašymo kodo redagavimas</target>
   </keywords>
   <keywords>
      <text FeatureID="-1">skaitmeniniai parašai</text>
      <target FeatureID="-1" href="SEMOD_HLP_SIGNINGCODE_VIEW.html">Pasirašymo kodo redagavimas</target>
   </keywords>
</keywords>