<?xml version="1.0" encoding="UTF-8"?>
<keywords>
   <keywords>
      <text FeatureID="-1">reencaminhar mensagens</text>
      <target FeatureID="-1" href="MMS_HLP_MMS_FWD_REQUEST.html">Reencaminhar mensagens multimédia</target>
   </keywords>
   <keywords>
      <text FeatureID="-1">mensagens multimédia</text>
      <target FeatureID="-1" href="MMS_HLP_MMS_FWD_REQUEST_SEND.html">Reencaminhar pedidos nos itens enviados</target>
      <target FeatureID="-1" href="MMS_HLP_MMS_VIEWER.html">Ver mensagens multimédia</target>
   </keywords>
   <keywords>
      <text FeatureID="-1">notificações de multimédia</text>
      <target FeatureID="-1" href="MMS_HLP_NOTIFICATION_VIEWER.html">Notificações de multimédia</target>
   </keywords>
   <keywords>
      <text FeatureID="-1">objectos multimédia</text>
      <target FeatureID="-1" href="MMS_HLP_OBJECTS_VIEW_VIEWER.html">Ver objectos multimédia</target>
      <target FeatureID="-1" href="MMS_HLP_OBJECTS_VIEW_VIEWER.html">Ver objectos multimédia</target>
   </keywords>
   <keywords>
      <text FeatureID="-1">MMS</text>
      <target FeatureID="-1" href="MMS_HLP_MMS_VIEWER.html">Ver mensagens multimédia</target>
   </keywords>
</keywords>