<?xml version="1.0" encoding="UTF-8"?>
<keywords>
   <keywords>
      <text FeatureID="-1">категорії орієнтирів</text>
      <target FeatureID="-1" href="LM_HLP_LM_BY_CATEGORY.html">Категорії орієнтирів</target>
      <target FeatureID="-1" href="LM_HLP_EDIT_CATEGORIES.html">Редагування категорій орієнтирів</target>
   </keywords>
   <keywords>
      <text FeatureID="-1">орієнтири</text>
      <target FeatureID="-1" href="LM_HLP_LM_BY_NAME.html">Вікно орієнтирів за назвою</target>
      <target FeatureID="-1" href="LM_HLP_CATEGORY_CONTENTS.html">Орієнтири в категоріях</target>
      <target FeatureID="-1" href="LM_HLP_LM_VIEWER.html">Детальна інформація про орієнтири</target>
   </keywords>
   <keywords>
      <text FeatureID="-1">редагування орієнтирів</text>
      <target FeatureID="-1" href="LM_HLP_LM_EDITOR.html">Редагування орієнтира</target>
   </keywords>
</keywords>