<?xml version="1.0" encoding="UTF-8"?>
<keywords>
   <keywords>
      <text FeatureID="-1">語音指令</text>
      <target FeatureID="true_72" href="HLP_VC_SIND_FOLDER.html">應用程式檢視</target>
      <target FeatureID="true_72" href="HLP_VC_SIND_MAIN.html">使用語音指令</target>
      <target FeatureID="-1" href="VCINFO_HLP_MAINVIEW.html">關於聯絡人</target>
   </keywords>
   <keywords>
      <text FeatureID="-1">聲控指令設定</text>
      <target FeatureID="-1" href="HLP_VC_SET.html">聲控指令設定</target>
   </keywords>
</keywords>