<?xml version="1.0" encoding="UTF-8"?><?xml-stylesheet  href="../../theme/xsl/index2html.xslt" type="text/xsl"?>
<topics FeatureID="-1" title="Chat-Mitteilungen" compressed="true">
   <topicref FeatureID="-1" href="IMNG_HLP_SEARCHCHAT.html" navtitle="Chat-Teilnehmer suchen"/>
   <topicref FeatureID="-1" href="IMNG_HLP_SAVED_VIEW.html" navtitle="Gespeicherte Konversationen anzeigen"/>
   <topicref FeatureID="-1" href="IMNG_HLP_SAVED_LIST.html" navtitle="Gespeicherte Konversationen"/>
   <topicref FeatureID="-1" href="IMNG_HLP_IMCHAT.html" navtitle="Gruppenkonversationen"/>
   <topicref FeatureID="-1" href="IMNG_HLP_GROUP_EDIT.html" navtitle="Bearbeitungsrechte für Gruppen"/>
   <topicref FeatureID="-1" href="IMNG_HLP_GROUP_BAN.html" navtitle="Chat-Benutzer aus Gruppen ausschließen"/>
   <topicref FeatureID="-1" href="IMNG_HLP_CONT_OWN_DATA.html" navtitle="Meine Daten"/>
   <topicref FeatureID="-1" href="IMNG_HLP_COMMUNITY_VIEW_EMPTY.html" navtitle="Chat-Einstieg"/>
   <topicref FeatureID="-1" href="IMNG_HLP_COMMUNITY_VIEW.html" navtitle="Chat"/>
   <topicref FeatureID="-1" href="IMNG_HLP_BLOCKED_VIEW.html" navtitle="Gesperrte Kontakte"/>
   <topicref FeatureID="-1" href="IMNG_HLP_SETTINGS.html" navtitle="Chat-Einstellungen"/>
   <topicref FeatureID="-1" href="IMNG_HLP_SERVLISTSETT_IM.html" navtitle="Chat­Server"/>
   <topicref FeatureID="-1" href="IMNG_HLP_DEFSERVER.html" navtitle="Chat-Servereinstellungen"/>
   <topicref FeatureID="-1" href="IMNG_HLP_INVITE.html" navtitle="Chat-Einladungen"/>
   <topicref FeatureID="-1" href="IMNG_HLP_CREATECHAT.html" navtitle="Chat-Gruppeneinstellungen"/>
   <topicref FeatureID="-1" href="IMNG_HLP_ACCLIST.html" navtitle="Chat-Gruppenmitglieder"/>
   <topicref FeatureID="-1" href="IMNG_HLP_CONVERSATIONS.html" navtitle="Chats"/>
   <topicref FeatureID="-1" href="IMNG_HLP_CONTACTDETAILS.html" navtitle="Chat-Kontaktdetails"/>
   <topicref FeatureID="-1" href="IMNG_HLP_APPSETT.html" navtitle="Chat-Programmeinstellungen"/>
</topics>