<?xml version="1.0" encoding="UTF-8"?>
<keywords>
   <keywords>
      <text FeatureID="-1">Chat-Teilnehmer suchen</text>
      <target FeatureID="-1" href="IMNG_HLP_SEARCHCHAT.html">Chat-Teilnehmer suchen</target>
   </keywords>
   <keywords>
      <text FeatureID="-1">Chat</text>
      <target FeatureID="-1" href="IMNG_HLP_SEARCHCHAT.html">Chat-Teilnehmer suchen</target>
      <target FeatureID="-1" href="IMNG_HLP_SAVED_VIEW.html">Gespeicherte Konversationen anzeigen</target>
      <target FeatureID="-1" href="IMNG_HLP_SAVED_LIST.html">Gespeicherte Konversationen</target>
      <target FeatureID="-1" href="IMNG_HLP_GROUP_EDIT.html">Bearbeitungsrechte für Gruppen</target>
      <target FeatureID="-1" href="IMNG_HLP_GROUP_BAN.html">Chat-Benutzer aus Gruppen ausschließen</target>
      <target FeatureID="-1" href="IMNG_HLP_CONT_OWN_DATA.html">Meine Daten</target>
      <target FeatureID="-1" href="IMNG_HLP_COMMUNITY_VIEW_EMPTY.html">Chat-Einstieg</target>
      <target FeatureID="-1" href="IMNG_HLP_COMMUNITY_VIEW_EMPTY.html">Chat-Einstieg</target>
      <target FeatureID="-1" href="IMNG_HLP_COMMUNITY_VIEW.html">Chat</target>
      <target FeatureID="-1" href="IMNG_HLP_COMMUNITY_VIEW.html">Chat</target>
      <target FeatureID="-1" href="IMNG_HLP_CREATECHAT.html">Chat-Gruppeneinstellungen</target>
      <target FeatureID="-1" href="IMNG_HLP_ACCLIST.html">Chat-Gruppenmitglieder</target>
      <target FeatureID="-1" href="IMNG_HLP_CONVERSATIONS.html">Chats</target>
      <target FeatureID="-1" href="IMNG_HLP_CONVERSATIONS.html">Chats</target>
      <target FeatureID="-1" href="IMNG_HLP_CONTACTDETAILS.html">Chat-Kontaktdetails</target>
      <target FeatureID="-1" href="IMNG_HLP_APPSETT.html">Chat-Programmeinstellungen</target>
   </keywords>
   <keywords>
      <text FeatureID="-1">Chat-Gruppen suchen</text>
      <target FeatureID="-1" href="IMNG_HLP_SEARCHCHAT.html">Chat-Teilnehmer suchen</target>
   </keywords>
   <keywords>
      <text FeatureID="-1">Gespeicherte Konversationen</text>
      <target FeatureID="-1" href="IMNG_HLP_SAVED_LIST.html">Gespeicherte Konversationen</target>
   </keywords>
   <keywords>
      <text FeatureID="-1">IM (Instant Messaging)</text>
      <target FeatureID="-1" href="IMNG_HLP_IMCHAT.html">Gruppenkonversationen</target>
   </keywords>
   <keywords>
      <text FeatureID="-1">Chat-Gruppen beitreten</text>
      <target FeatureID="-1" href="IMNG_HLP_IMCHAT.html">Gruppenkonversationen</target>
   </keywords>
   <keywords>
      <text FeatureID="-1">Bearbeitungsrechte</text>
      <target FeatureID="-1" href="IMNG_HLP_GROUP_EDIT.html">Bearbeitungsrechte für Gruppen</target>
   </keywords>
   <keywords>
      <text FeatureID="-1">Ausschlussliste</text>
      <target FeatureID="-1" href="IMNG_HLP_GROUP_BAN.html">Chat-Benutzer aus Gruppen ausschließen</target>
   </keywords>
   <keywords>
      <text FeatureID="-1">Chat-Gruppenmitglieder</text>
      <target FeatureID="-1" href="IMNG_HLP_GROUP_BAN.html">Chat-Benutzer aus Gruppen ausschließen</target>
      <target FeatureID="-1" href="IMNG_HLP_ACCLIST.html">Chat-Gruppenmitglieder</target>
   </keywords>
   <keywords>
      <text FeatureID="-1">Chat-Kontakte</text>
      <target FeatureID="-1" href="IMNG_HLP_CONT_OWN_DATA.html">Meine Daten</target>
      <target FeatureID="-1" href="IMNG_HLP_BLOCKED_VIEW.html">Gesperrte Kontakte</target>
      <target FeatureID="-1" href="IMNG_HLP_CONTACTDETAILS.html">Chat-Kontaktdetails</target>
   </keywords>
   <keywords>
      <text FeatureID="-1">Gesperrte Chat-Kontakte</text>
      <target FeatureID="-1" href="IMNG_HLP_BLOCKED_VIEW.html">Gesperrte Kontakte</target>
   </keywords>
   <keywords>
      <text FeatureID="-1">Chat-Einstellungen</text>
      <target FeatureID="-1" href="IMNG_HLP_SETTINGS.html">Chat-Einstellungen</target>
      <target FeatureID="-1" href="IMNG_HLP_APPSETT.html">Chat-Programmeinstellungen</target>
   </keywords>
   <keywords>
      <text FeatureID="-1">Chat­Server</text>
      <target FeatureID="-1" href="IMNG_HLP_SERVLISTSETT_IM.html">Chat­Server</target>
   </keywords>
   <keywords>
      <text FeatureID="-1">Chat-Servereinstellungen</text>
      <target FeatureID="-1" href="IMNG_HLP_DEFSERVER.html">Chat-Servereinstellungen</target>
   </keywords>
   <keywords>
      <text FeatureID="-1">Servereinstellungen</text>
      <target FeatureID="-1" href="IMNG_HLP_DEFSERVER.html">Chat-Servereinstellungen</target>
   </keywords>
   <keywords>
      <text FeatureID="-1">Einladungen</text>
      <target FeatureID="-1" href="IMNG_HLP_INVITE.html">Chat-Einladungen</target>
   </keywords>
   <keywords>
      <text FeatureID="-1">Chat-Gruppeneinstellungen</text>
      <target FeatureID="-1" href="IMNG_HLP_CREATECHAT.html">Chat-Gruppeneinstellungen</target>
   </keywords>
   <keywords>
      <text FeatureID="-1">Konversationen</text>
      <target FeatureID="-1" href="IMNG_HLP_CONVERSATIONS.html">Chats</target>
   </keywords>
</keywords>