<?xml version="1.0" encoding="UTF-8"?>
<keywords>
   <keywords>
      <text FeatureID="-1">سافٹ وئیر کی تجدید</text>
      <target FeatureID="-1" href="SWUPDATE_HLP_MAIN.html">سافٹ وئیر کی تجدید</target>
      <target FeatureID="-1" href="SWUPDATE_HLP_MAIN.html">سافٹ وئیر کی تجدید</target>
   </keywords>
   <keywords>
      <text FeatureID="-1">سافٹ ویئر کی تجدیدی ترتیبات</text>
      <target FeatureID="-1" href="SWUPDATE_HLP_SETTINGS.html">تجديد ترتيبات</target>
   </keywords>
</keywords>