<?xml version="1.0" encoding="UTF-8"?><?xml-stylesheet  href="../../theme/xsl/index2html.xslt" type="text/xsl"?>
<topics FeatureID="-1" title="پيغام رساني" compressed="true">
   <topicref FeatureID="-1" href="MCE_HLP_MESSAGING.html" navtitle="پيغام کے مرکز"/>
   <topicref FeatureID="-1" href="MCE_HLP_SIM.html" navtitle="SIM کے پيغامات"/>
   <topicref FeatureID="-1" href="MCE_HLP_SETTINGS.html" navtitle="پيغام ترتيبات"/>
   <topicref FeatureID="-1" href="MCE_HLP_SETTINGS_SMS.html" navtitle="ٹيکسٹ ترتيبات"/>
   <topicref FeatureID="-1" href="SMS_HLP_SETTINGS_SCENTRES.html" navtitle="متنی پیغام ترتیباتِ مرکز"/>
   <topicref FeatureID="-1" href="SMS_HLP_SETTINGS_SCENTRES_EDIT.html" navtitle="متنی پیغام کے مراکز میں ترمیم کریں"/>
   <topicref FeatureID="true_1092" href="SMS_HLP_SETTINGS_SMS_EMAIL.html" navtitle="متنی پیغام ای-میل ترتیبات"/>
   <topicref FeatureID="-1" href="MCE_HLP_SETTINGS_MMS.html" navtitle="ملٹی میڈیا msg. ترتیبات"/>
   <topicref FeatureID="true_1090" href="MCE_HLP_SETTINGS_CB.html" navtitle="سیل براڈکاسٹ ترتیبات"/>
   <topicref FeatureID="-1" href="MCE_HLP_SETTINGS_GEN.html" navtitle="دوسري ترتيبات"/>
   <topicref FeatureID="-1" href="MCE_HLP_INBOX.html" navtitle="ان باکس"/>
   <topicref FeatureID="-1" href="MCE_HLP_DOCUMENTS.html" navtitle="ميرے فولڈر"/>
   <topicref FeatureID="-1" href="MCE_HLP_TEMPLATES.html" navtitle="پيغام کے قالب"/>
   <topicref FeatureID="-1" href="MCE_HLP_FOLDER.html" navtitle="پيغام منظم"/>
   <topicref FeatureID="-1" href="MCE_HLP_DRAFTS.html" navtitle="مسودے"/>
   <topicref FeatureID="-1" href="MCE_HLP_SENT_ITEMS.html" navtitle="بھيجے گئے پيغامات"/>
   <topicref FeatureID="-1" href="MCE_HLP_OUTBOX.html" navtitle="آؤٹ بکس"/>
   <topicref FeatureID="-1" href="MCE_HLP_DELIVERY_REPORTS.html" navtitle="پہنچ کی رپورٹیں"/>
   <topicref FeatureID="true_1132" href="MCE_HLP_MMS_NOTIFICATIONS.html" navtitle="اطلاعات"/>
   <topicref FeatureID="-1" href="FIND_HLP.html" navtitle="اعداد/پتے تلاش کریں"/>
</topics>