<?xml version="1.0" encoding="UTF-8"?>
<keywords>
   <keywords>
      <text FeatureID="-1">پيغامات بھيجنا</text>
      <target FeatureID="-1" href="MCE_HLP_MESSAGING.html">پيغام کے مرکز</target>
      <target FeatureID="-1" href="MCE_HLP_OUTBOX.html">آؤٹ بکس</target>
   </keywords>
   <keywords>
      <text FeatureID="-1">پيغامات وصول کرنا</text>
      <target FeatureID="-1" href="MCE_HLP_MESSAGING.html">پيغام کے مرکز</target>
      <target FeatureID="-1" href="MCE_HLP_INBOX.html">ان باکس</target>
   </keywords>
   <keywords>
      <text FeatureID="-1">SIM کے پيغامات</text>
      <target FeatureID="-1" href="MCE_HLP_SIM.html">SIM کے پيغامات</target>
   </keywords>
   <keywords>
      <text FeatureID="-1">SIM کارڈ پيغامات</text>
      <target FeatureID="-1" href="MCE_HLP_SIM.html">SIM کے پيغامات</target>
   </keywords>
   <keywords>
      <text FeatureID="-1">پيغام ترتيبات</text>
      <target FeatureID="-1" href="MCE_HLP_SETTINGS.html">پيغام ترتيبات</target>
      <target FeatureID="-1" href="MCE_HLP_SETTINGS_GEN.html">دوسري ترتيبات</target>
   </keywords>
   <keywords>
      <text FeatureID="-1">SMS کي ترتيبات</text>
      <target FeatureID="-1" href="MCE_HLP_SETTINGS_SMS.html">ٹيکسٹ ترتيبات</target>
   </keywords>
   <keywords>
      <text FeatureID="-1">ٹیکسٹ پیغام کی ترتیبات</text>
      <target FeatureID="-1" href="MCE_HLP_SETTINGS_SMS.html">ٹيکسٹ ترتيبات</target>
      <target FeatureID="-1" href="SMS_HLP_SETTINGS_SCENTRES.html">متنی پیغام ترتیباتِ مرکز</target>
      <target FeatureID="-1" href="SMS_HLP_SETTINGS_SCENTRES_EDIT.html">متنی پیغام کے مراکز میں ترمیم کریں</target>
   </keywords>
   <keywords>
      <text FeatureID="-1">پیغام کے مرکز کی ترتیبات</text>
      <target FeatureID="-1" href="SMS_HLP_SETTINGS_SCENTRES.html">متنی پیغام ترتیباتِ مرکز</target>
      <target FeatureID="-1" href="SMS_HLP_SETTINGS_SCENTRES_EDIT.html">متنی پیغام کے مراکز میں ترمیم کریں</target>
   </keywords>
   <keywords>
      <text FeatureID="-1">SMS مرکز کی ترتیبات</text>
      <target FeatureID="-1" href="SMS_HLP_SETTINGS_SCENTRES.html">متنی پیغام ترتیباتِ مرکز</target>
   </keywords>
   <keywords>
      <text FeatureID="true_1092">ای میل</text>
      <target FeatureID="true_1092" href="SMS_HLP_SETTINGS_SMS_EMAIL.html">متنی پیغام ای-میل ترتیبات</target>
   </keywords>
   <keywords>
      <text FeatureID="true_1092">اي ميل کي ترتيبات</text>
      <target FeatureID="true_1092" href="SMS_HLP_SETTINGS_SMS_EMAIL.html">متنی پیغام ای-میل ترتیبات</target>
   </keywords>
   <keywords>
      <text FeatureID="-1">MMS کي ترتيبات</text>
      <target FeatureID="-1" href="MCE_HLP_SETTINGS_MMS.html">ملٹی میڈیا msg. ترتیبات</target>
   </keywords>
   <keywords>
      <text FeatureID="true_1090">سیل براڈکاسٹ ترتیبات</text>
      <target FeatureID="true_1090" href="MCE_HLP_SETTINGS_CB.html">سیل براڈکاسٹ ترتیبات</target>
   </keywords>
   <keywords>
      <text FeatureID="-1">ان باکس</text>
      <target FeatureID="-1" href="MCE_HLP_INBOX.html">ان باکس</target>
   </keywords>
   <keywords>
      <text FeatureID="-1">ميرے فولڈر</text>
      <target FeatureID="-1" href="MCE_HLP_DOCUMENTS.html">ميرے فولڈر</target>
   </keywords>
   <keywords>
      <text FeatureID="-1">پيغامات محفوظ</text>
      <target FeatureID="-1" href="MCE_HLP_DOCUMENTS.html">ميرے فولڈر</target>
   </keywords>
   <keywords>
      <text FeatureID="-1">قالب بھيجنا</text>
      <target FeatureID="-1" href="MCE_HLP_TEMPLATES.html">پيغام کے قالب</target>
   </keywords>
   <keywords>
      <text FeatureID="-1">پيغام کے قالب</text>
      <target FeatureID="-1" href="MCE_HLP_TEMPLATES.html">پيغام کے قالب</target>
   </keywords>
   <keywords>
      <text FeatureID="-1">پيغامات منظم کرنا</text>
      <target FeatureID="-1" href="MCE_HLP_FOLDER.html">پيغام منظم</target>
   </keywords>
   <keywords>
      <text FeatureID="-1">پیغامات کے محفوظ مسودے</text>
      <target FeatureID="-1" href="MCE_HLP_DRAFTS.html">مسودے</target>
   </keywords>
   <keywords>
      <text FeatureID="-1">مسودے کے پیغامات</text>
      <target FeatureID="-1" href="MCE_HLP_DRAFTS.html">مسودے</target>
   </keywords>
   <keywords>
      <text FeatureID="-1">بھيجے گئے پيغامات</text>
      <target FeatureID="-1" href="MCE_HLP_SENT_ITEMS.html">بھيجے گئے پيغامات</target>
   </keywords>
   <keywords>
      <text FeatureID="-1">آؤٹ باکس، ديکھنا</text>
      <target FeatureID="-1" href="MCE_HLP_OUTBOX.html">آؤٹ بکس</target>
   </keywords>
   <keywords>
      <text FeatureID="-1">پہنچ کی رپورٹیں</text>
      <target FeatureID="-1" href="MCE_HLP_DELIVERY_REPORTS.html">پہنچ کی رپورٹیں</target>
   </keywords>
   <keywords>
      <text FeatureID="true_1132">MMS اطلاع نامے</text>
      <target FeatureID="true_1132" href="MCE_HLP_MMS_NOTIFICATIONS.html">اطلاعات</target>
   </keywords>
</keywords>