<?xml version="1.0" encoding="UTF-8"?>
<keywords>
   <keywords>
      <text FeatureID="-1">compartilhamento de vídeo</text>
      <target FeatureID="true_208" href="MSH_HLP_LIVE.html">Compartilhar vídeo ao vivo</target>
      <target FeatureID="-1" href="MSH_HLP_CLIP.html">Compartilhar videoclipes</target>
      <target FeatureID="-1" href="MSH_HLP_SETTINGS.html">Configurações de compartilhamento de vídeo</target>
      <target FeatureID="-1" href="MSH_HLP_RECEIVE.html">Ver o vídeo compartilhado</target>
   </keywords>
</keywords>