<?xml version="1.0" encoding="UTF-8"?>
<keywords>
   <keywords>
      <text FeatureID="-1">שליחת הודעות</text>
      <target FeatureID="-1" href="UNIFIED_HLP_EDITOR.html">יצירת הודעות</target>
   </keywords>
   <keywords>
      <text FeatureID="-1">עורך הודעות</text>
      <target FeatureID="-1" href="UNIFIED_HLP_EDITOR.html">יצירת הודעות</target>
   </keywords>
   <keywords>
      <text FeatureID="-1">הודעות</text>
      <target FeatureID="-1" href="UNIFIED_HLP_SENDING_OPTIONS.html">אפשרויות שליחה</target>
   </keywords>
   <keywords>
      <text FeatureID="-1">אפשרויות שליחה</text>
      <target FeatureID="-1" href="UNIFIED_HLP_SENDING_OPTIONS.html">אפשרויות שליחה</target>
   </keywords>
   <keywords>
      <text FeatureID="-1">אובייקטי מדיה</text>
      <target FeatureID="-1" href="UNIFIED_HLP_ED_OBJECTS.html">אובייקטי מדיה שהתקבלו</target>
   </keywords>
   <keywords>
      <text FeatureID="-1">אובייקטי מולטימדיה</text>
      <target FeatureID="-1" href="UNIFIED_HLP_ED_OBJECTS.html">אובייקטי מדיה שהתקבלו</target>
   </keywords>
</keywords>