<?xml version="1.0" encoding="UTF-8"?>
<keywords>
   <keywords>
      <text FeatureID="-1">речник</text>
      <target FeatureID="-1" href="DICTIONARY_HLP_MAIN_TAB1.html">Речник</target>
   </keywords>
   <keywords>
      <text FeatureID="-1">превеждане</text>
      <target FeatureID="-1" href="DICTIONARY_HLP_MAIN_TAB1.html">Речник</target>
   </keywords>
   <keywords>
      <text FeatureID="-1">речник, превод</text>
      <target FeatureID="-1" href="DICTIONARY_HLP_RESULTS.html">Резултати от превода</target>
   </keywords>
</keywords>