<?xml version="1.0" encoding="UTF-8"?>
<keywords>
   <keywords>
      <text FeatureID="-1">chứng chỉ chứng nhận</text>
      <target FeatureID="-1" href="CM_HLP_AUTHORITY.html">Chứng chỉ chứng nhận</target>
   </keywords>
   <keywords>
      <text FeatureID="-1">chứng chỉ</text>
      <target FeatureID="-1" href="CM_HLP_AUTHORITY.html">Chứng chỉ chứng nhận</target>
      <target FeatureID="-1" href="CM_HLP_DEVICE.html">Chứng chỉ điện thoại</target>
      <target FeatureID="-1" href="CM_HLP_MAIN.html">Quản lý chứng chỉ</target>
      <target FeatureID="-1" href="CM_HLP_PERSONAL.html">Chứng chỉ cá nhân</target>
      <target FeatureID="-1" href="CM_HLP_TRUSTED_SITE.html">Chứng chỉ của trang web tin cậy</target>
      <target FeatureID="-1" href="CM_HLP_TRUST_SETTINGS.html">Chỉnh sửa cài đặt ủy thác</target>
   </keywords>
   <keywords>
      <text FeatureID="-1">chứng chỉ bảo vệ</text>
      <target FeatureID="-1" href="CM_HLP_AUTHORITY.html">Chứng chỉ chứng nhận</target>
      <target FeatureID="-1" href="CM_HLP_MAIN.html">Quản lý chứng chỉ</target>
   </keywords>
   <keywords>
      <text FeatureID="-1">chứng chỉ điện thoại</text>
      <target FeatureID="-1" href="CM_HLP_DEVICE.html">Chứng chỉ điện thoại</target>
   </keywords>
   <keywords>
      <text FeatureID="-1">chứng chỉ cá nhân</text>
      <target FeatureID="-1" href="CM_HLP_PERSONAL.html">Chứng chỉ cá nhân</target>
   </keywords>
   <keywords>
      <text FeatureID="-1">chứng chỉ của trang web tin cậy</text>
      <target FeatureID="-1" href="CM_HLP_TRUSTED_SITE.html">Chứng chỉ của trang web tin cậy</target>
   </keywords>
   <keywords>
      <text FeatureID="-1">cài đặt ủy thác</text>
      <target FeatureID="-1" href="CM_HLP_TRUST_SETTINGS.html">Chỉnh sửa cài đặt ủy thác</target>
   </keywords>
</keywords>