<?xml version="1.0" encoding="UTF-8"?><?xml-stylesheet  href="../../theme/xsl/index2html.xslt" type="text/xsl"?>
<topics FeatureID="-1" title="Skrár" compressed="true">
   <topicref FeatureID="-1" href="GPRS_HLP_MAIN.html" navtitle="Tengingar pakkagagna"/>
   <topicref FeatureID="-1" href="LOGS_HLP_COUNTER.html" navtitle="Símtala- og gagnaskrár"/>
   <topicref FeatureID="-1" href="LOGS_HLP_DETAIL.html" navtitle="Upplýsingar um notkun"/>
   <topicref FeatureID="-1" href="LOGS_HLP_MAIN.html" navtitle="Upplýsingar í notkunarskrá"/>
   <topicref FeatureID="-1" href="LOGS_HLP_SETTING.html" navtitle="Stillingar notkunarskrár"/>
   <topicref FeatureID="-1" href="STM_HLP_DIALLED.html" navtitle="Hringd símtöl"/>
   <topicref FeatureID="-1" href="STM_HLP_MAIN.html" navtitle="Síðustu símtöl"/>
   <topicref FeatureID="-1" href="STM_HLP_MISSED.html" navtitle="Ósvöruð símtöl"/>
   <topicref FeatureID="-1" href="STM_HLP_RECEIVED.html" navtitle="Móttekin símtöl"/>
   <topicref FeatureID="-1" href="TIMERS_HLP_MAIN.html" navtitle="Lengd símtals"/>
</topics>