<?xml version="1.0" encoding="UTF-8"?>
<keywords>
   <keywords>
      <text FeatureID="-1">pakkagagnatengingar</text>
      <target FeatureID="-1" href="GPRS_HLP_MAIN.html">Tengingar pakkagagna</target>
      <target FeatureID="-1" href="LOGS_HLP_COUNTER.html">Símtala- og gagnaskrár</target>
   </keywords>
   <keywords>
      <text FeatureID="-1">lengd símtala</text>
      <target FeatureID="-1" href="LOGS_HLP_COUNTER.html">Símtala- og gagnaskrár</target>
      <target FeatureID="-1" href="TIMERS_HLP_MAIN.html">Lengd símtals</target>
   </keywords>
   <keywords>
      <text FeatureID="-1">síðustu símtöl</text>
      <target FeatureID="-1" href="LOGS_HLP_COUNTER.html">Símtala- og gagnaskrár</target>
      <target FeatureID="-1" href="STM_HLP_MAIN.html">Síðustu símtöl</target>
   </keywords>
   <keywords>
      <text FeatureID="-1">skrár</text>
      <target FeatureID="-1" href="LOGS_HLP_DETAIL.html">Upplýsingar um notkun</target>
      <target FeatureID="-1" href="LOGS_HLP_MAIN.html">Upplýsingar í notkunarskrá</target>
   </keywords>
   <keywords>
      <text FeatureID="-1">stillingar notkunarskrár</text>
      <target FeatureID="-1" href="LOGS_HLP_SETTING.html">Stillingar notkunarskrár</target>
   </keywords>
   <keywords>
      <text FeatureID="-1">hringd símtöl</text>
      <target FeatureID="-1" href="STM_HLP_DIALLED.html">Hringd símtöl</target>
   </keywords>
   <keywords>
      <text FeatureID="-1">símtalaskrá</text>
      <target FeatureID="-1" href="STM_HLP_MAIN.html">Síðustu símtöl</target>
   </keywords>
   <keywords>
      <text FeatureID="-1">ósvöruð símtöl</text>
      <target FeatureID="-1" href="STM_HLP_MISSED.html">Ósvöruð símtöl</target>
   </keywords>
   <keywords>
      <text FeatureID="-1">móttekin símtöl</text>
      <target FeatureID="-1" href="STM_HLP_RECEIVED.html">Móttekin símtöl</target>
   </keywords>
   <keywords>
      <text FeatureID="-1">svöruð símtöl</text>
      <target FeatureID="-1" href="STM_HLP_RECEIVED.html">Móttekin símtöl</target>
   </keywords>
   <keywords>
      <text FeatureID="-1">lengd símtals</text>
      <target FeatureID="-1" href="TIMERS_HLP_MAIN.html">Lengd símtals</target>
   </keywords>
</keywords>