<?xml version="1.0" encoding="UTF-8"?>
<keywords>
   <keywords>
      <text FeatureID="-1">sõnastik</text>
      <target FeatureID="-1" href="DICTIONARY_HLP_MAIN_TAB1.html">Sõnastik</target>
   </keywords>
   <keywords>
      <text FeatureID="-1">tõlkimine</text>
      <target FeatureID="-1" href="DICTIONARY_HLP_MAIN_TAB1.html">Sõnastik</target>
   </keywords>
   <keywords>
      <text FeatureID="-1">sõnastik, tõlkimine</text>
      <target FeatureID="-1" href="DICTIONARY_HLP_RESULTS.html">Tõlketulemid</target>
   </keywords>
</keywords>