<?xml version="1.0" encoding="UTF-8"?>
<keywords>
   <keywords>
      <text FeatureID="-1">appareil photo</text>
      <target FeatureID="-1" href="LCAM_HLP_VIEWFINDER_PHOTO.html">Capturer des images</target>
      <target FeatureID="false_410" href="LCAM_HLP_LIGHT_SENSITIVITY.html">Modifier la sensibilité à la lumière</target>
      <target FeatureID="false_410" href="LCAM_HLP_SCENES_VIDEO.html">Scènes vidéo</target>
      <target FeatureID="false_410" href="LCAM_HLP_STANDYBY_EM.html">Appareil photo inactif</target>
      <target FeatureID="-1" href="LCAM_HLP_POST_VIDEO.html">Lecture de clips vidéo</target>
      <target FeatureID="-1" href="LCAM_HLP_POST_PHOTO.html">Affichage des images capturées</target>
      <target FeatureID="true_132" href="LCAM_HLP_POST_SEQ.html">Afficher des photos prises en séquence</target>
   </keywords>
   <keywords>
      <text FeatureID="-1">capture d'images</text>
      <target FeatureID="-1" href="LCAM_HLP_VIEWFINDER_PHOTO.html">Capturer des images</target>
   </keywords>
   <keywords>
      <text FeatureID="false_410">sensibilité à la lumière</text>
      <target FeatureID="false_410" href="LCAM_HLP_LIGHT_SENSITIVITY.html">Modifier la sensibilité à la lumière</target>
   </keywords>
   <keywords>
      <text FeatureID="-1">scènes de l'appareil photo</text>
      <target FeatureID="-1" href="LCAM_HLP_SETTINGS_PHOUSER.html">Définir des scènes</target>
   </keywords>
   <keywords>
      <text FeatureID="-1">photo-vidéo</text>
      <target FeatureID="-1" href="LCAM_HLP_SCENES_PHOTO.html">Scènes d'images</target>
      <target FeatureID="-1" href="LCAM_HLP_VIEWFINDER_VIDEO.html">Enregistrer des clips vidéo</target>
      <target FeatureID="-1" href="LCAM_HLP_VIEWFINDER_VIDEO_EM.html">Clips vidéo dans les applications</target>
   </keywords>
   <keywords>
      <text FeatureID="-1">scènes</text>
      <target FeatureID="-1" href="LCAM_HLP_SCENES_PHOTO.html">Scènes d'images</target>
   </keywords>
   <keywords>
      <text FeatureID="-1">paramètres app. photo</text>
      <target FeatureID="-1" href="LCAM_HLP_SETTINGS.html">Paramètres de l'appareil photo</target>
   </keywords>
   <keywords>
      <text FeatureID="-1">appareil photo, paramètres</text>
      <target FeatureID="-1" href="LCAM_HLP_SETTINGS_PHOTO.html">Paramètres d'image</target>
      <target FeatureID="-1" href="LCAM_HLP_SETTINGS_VIDEO.html">Paramètres vidéo</target>
   </keywords>
   <keywords>
      <text FeatureID="-1">enregistrement vidéo</text>
      <target FeatureID="-1" href="LCAM_HLP_VIEWFINDER_VIDEO.html">Enregistrer des clips vidéo</target>
   </keywords>
   <keywords>
      <text FeatureID="false_410">scènes vidéo</text>
      <target FeatureID="false_410" href="LCAM_HLP_SCENES_VIDEO.html">Scènes vidéo</target>
   </keywords>
   <keywords>
      <text FeatureID="-1">vidéo, paramètres</text>
      <target FeatureID="-1" href="LCAM_HLP_SETTINGS_VIDEO.html">Paramètres vidéo</target>
   </keywords>
   <keywords>
      <text FeatureID="-1">clips vidéo dans les applications</text>
      <target FeatureID="-1" href="LCAM_HLP_VIEWFINDER_VIDEO_EM.html">Clips vidéo dans les applications</target>
   </keywords>
   <keywords>
      <text FeatureID="-1">lecture de clips vidéo</text>
      <target FeatureID="-1" href="LCAM_HLP_POST_VIDEO.html">Lecture de clips vidéo</target>
   </keywords>
   <keywords>
      <text FeatureID="-1">appareil photo dans les applications</text>
      <target FeatureID="-1" href="LCAM_HLP_VIEWFINDER_PHOTO_EM.html">Images dans les applications</target>
   </keywords>
   <keywords>
      <text FeatureID="-1">affichage d'images</text>
      <target FeatureID="-1" href="LCAM_HLP_POST_PHOTO.html">Affichage des images capturées</target>
   </keywords>
   <keywords>
      <text FeatureID="true_132">mode séquence</text>
      <target FeatureID="true_132" href="LCAM_HLP_POST_SEQ.html">Afficher des photos prises en séquence</target>
   </keywords>
</keywords>