<?xml version="1.0" encoding="UTF-8"?>
<keywords>
   <keywords>
      <text FeatureID="-1">photo-vidéo</text>
      <target FeatureID="-1" href="LCAM_HLP_VIEWFINDER_PHOTO.html">Prendre des photos</target>
      <target FeatureID="-1" href="LCAM_HLP_LIGHT_SENSITIVITY.html">Modifier la sensibilité à la lumière</target>
      <target FeatureID="-1" href="LCAM_HLP_SCENES_PHOTO.html">Scènes d'images</target>
      <target FeatureID="-1" href="LCAM_HLP_VIEWFINDER_VIDEO.html">Enregistrer des clips vidéo</target>
      <target FeatureID="-1" href="LCAM_HLP_SCENES_VIDEO.html">Scènes de vidéos</target>
      <target FeatureID="-1" href="LCAM_HLP_VIEWFINDER_VIDEO_EM.html">Clips vidéo dans les applications</target>
      <target FeatureID="-1" href="LCAM_HLP_STANDBY_EM.html">Photo-vidéo désactivé</target>
   </keywords>
   <keywords>
      <text FeatureID="-1">prendre des photos</text>
      <target FeatureID="-1" href="LCAM_HLP_VIEWFINDER_PHOTO.html">Prendre des photos</target>
   </keywords>
   <keywords>
      <text FeatureID="-1">sensibilité à la lumière</text>
      <target FeatureID="-1" href="LCAM_HLP_LIGHT_SENSITIVITY.html">Modifier la sensibilité à la lumière</target>
   </keywords>
   <keywords>
      <text FeatureID="-1">appareil photo</text>
      <target FeatureID="-1" href="LCAM_HLP_SETTINGS_PHOUSER.html">Définir des scènes</target>
      <target FeatureID="-1" href="LCAM_HLP_POST_VIDEO.html">Lire des clips vidéo</target>
      <target FeatureID="-1" href="LCAM_HLP_POST_PHOTO.html">Afficher des photos prises</target>
   </keywords>
   <keywords>
      <text FeatureID="-1">scènes</text>
      <target FeatureID="-1" href="LCAM_HLP_SETTINGS_PHOUSER.html">Définir des scènes</target>
      <target FeatureID="-1" href="LCAM_HLP_SCENES_PHOTO.html">Scènes d'images</target>
   </keywords>
   <keywords>
      <text FeatureID="-1">paramètres app. photo</text>
      <target FeatureID="-1" href="LCAM_HLP_SETTINGS.html">Paramètres de l'appareil photo</target>
   </keywords>
   <keywords>
      <text FeatureID="-1">appareil photo, paramètres</text>
      <target FeatureID="-1" href="LCAM_HLP_SETTINGS_PHOTO.html">Paramètres d'image</target>
      <target FeatureID="-1" href="LCAM_HLP_SETTINGS_VIDEO.html">Paramètres vidéo</target>
   </keywords>
   <keywords>
      <text FeatureID="-1">enregistrement vidéo</text>
      <target FeatureID="-1" href="LCAM_HLP_VIEWFINDER_VIDEO.html">Enregistrer des clips vidéo</target>
   </keywords>
   <keywords>
      <text FeatureID="-1">scènes de vidéos</text>
      <target FeatureID="-1" href="LCAM_HLP_SCENES_VIDEO.html">Scènes de vidéos</target>
   </keywords>
   <keywords>
      <text FeatureID="-1">vidéo, paramètres</text>
      <target FeatureID="-1" href="LCAM_HLP_SETTINGS_VIDEO.html">Paramètres vidéo</target>
   </keywords>
   <keywords>
      <text FeatureID="-1">clips vidéo dans les applications</text>
      <target FeatureID="-1" href="LCAM_HLP_VIEWFINDER_VIDEO_EM.html">Clips vidéo dans les applications</target>
   </keywords>
   <keywords>
      <text FeatureID="-1">visionnement de clips vidéo</text>
      <target FeatureID="-1" href="LCAM_HLP_POST_VIDEO.html">Lire des clips vidéo</target>
   </keywords>
   <keywords>
      <text FeatureID="-1">appareil photo dans les applications</text>
      <target FeatureID="-1" href="LCAM_HLP_VIEWFINDER_PHOTO_EM.html">Images dans les applications</target>
   </keywords>
   <keywords>
      <text FeatureID="-1">afficher des photos</text>
      <target FeatureID="-1" href="LCAM_HLP_POST_PHOTO.html">Afficher des photos prises</target>
   </keywords>
</keywords>