<?xml version="1.0" encoding="UTF-8"?>
<keywords>
   <keywords>
      <text FeatureID="-1">quản lý điện thoại</text>
      <target FeatureID="-1" href="CP_HLP_DEVICE_MANAGEMENT.html">Quản lý điện thoại</target>
   </keywords>
   <keywords>
      <text FeatureID="true_109">EAP (Giao Thức Xác Nhận Có Thể Mở Rộng)</text>
      <target FeatureID="true_109" href="SET_HLP_WLAN_EAP_SIM.html">Cài đặt EAP-SIM</target>
   </keywords>
   <keywords>
      <text FeatureID="true_109">cài đặt, WLAN</text>
      <target FeatureID="true_109" href="SET_HLP_WLAN_EAP_SIM.html">Cài đặt EAP-SIM</target>
   </keywords>
   <keywords>
      <text FeatureID="-1">giới hạn các điểm truy cập</text>
      <target FeatureID="-1" href="ACL_HLP_MAIN.html">Hạn chế kết nối</target>
   </keywords>
   <keywords>
      <text FeatureID="-1">cài đặt kết nối</text>
      <target FeatureID="-1" href="SET_HLP_CONN_DEST_VIEW.html">Giao diện đích</target>
      <target FeatureID="-1" href="SET_HLP_DEFAULT_CONN.html">Kết nối mặc định</target>
      <target FeatureID="-1" href="SET_HLP_CONN_METHODS_VIEW.html">Giao diện điểm truy cập</target>
      <target FeatureID="true_1537" href="RD_HLP_REMOTE_DRIVE_CONFIG.html">Cài đặt ổ đĩa từ xa</target>
      <target FeatureID="true_1537" href="RD_HLP_REMOTE_DRIVES.html">Ổ đĩa từ xa</target>
   </keywords>
   <keywords>
      <text FeatureID="-1">cài đặt đích</text>
      <target FeatureID="-1" href="SET_HLP_CONN_DEST_VIEW.html">Giao diện đích</target>
   </keywords>
   <keywords>
      <text FeatureID="-1">kết nối mặc định</text>
      <target FeatureID="-1" href="SET_HLP_DEFAULT_CONN.html">Kết nối mặc định</target>
   </keywords>
   <keywords>
      <text FeatureID="-1">Các điểm truy cập VPN</text>
      <target FeatureID="true_99" href="SET_HLP_VPN_DEST_ASSOC_VIEW.html">Kết nối với máy VPN</target>
      <target FeatureID="-1" href="SET_HLP_VPN_AP_SETTINGS_VIEW.html">Chỉnh sửa điểm truy cập VPN</target>
   </keywords>
   <keywords>
      <text FeatureID="-1">điểm truy cập</text>
      <target FeatureID="-1" href="SET_HLP_CONN_METHODS_VIEW.html">Giao diện điểm truy cập</target>
   </keywords>
   <keywords>
      <text FeatureID="-1">kết nối của ứng dụng</text>
      <target FeatureID="-1" href="SET_HLP_APP_DEST_ASSOC_VIEW.html">Kết nối của ứng dụng</target>
   </keywords>
   <keywords>
      <text FeatureID="-1">cài đặt ứng dụng</text>
      <target FeatureID="-1" href="CP_HLP_APPILICATION_SETTINGS.html">Cài đặt ứng dụng</target>
   </keywords>
   <keywords>
      <text FeatureID="-1">cuộc gọi, cài đặt</text>
      <target FeatureID="-1" href="SCP_HLP_CALL.html">Cài đặt cuộc gọi</target>
   </keywords>
   <keywords>
      <text FeatureID="-1">cài đặt, cuộc gọi</text>
      <target FeatureID="-1" href="SCP_HLP_CALL.html">Cài đặt cuộc gọi</target>
   </keywords>
   <keywords>
      <text FeatureID="-1">kết nối</text>
      <target FeatureID="-1" href="CP_HLP_CONNECTIVITY.html">Cài đặt kết nối</target>
   </keywords>
   <keywords>
      <text FeatureID="-1">bảng điều khiển</text>
      <target FeatureID="-1" href="CP_HLP_DISPLAY.html">Cài đặt hiển thị</target>
      <target FeatureID="-1" href="CP_HLP_IDLE.html">Màn hình chủ</target>
      <target FeatureID="__DUAL_LANGUAGE_SUPPORT=true" href="CP_HLP_WRITING_LANGUAGE.html">Ngôn ngữ viết</target>
   </keywords>
   <keywords>
      <text FeatureID="-1">cài đặt hiển thị</text>
      <target FeatureID="-1" href="CP_HLP_DISPLAY.html">Cài đặt hiển thị</target>
   </keywords>
   <keywords>
      <text FeatureID="-1">cài đặt chung</text>
      <target FeatureID="-1" href="CP_HLP_DEVICE.html">Cài đặt cho máy</target>
   </keywords>
   <keywords>
      <text FeatureID="-1">cài đặt cho máy</text>
      <target FeatureID="-1" href="CP_HLP_DEVICE.html">Cài đặt cho máy</target>
   </keywords>
   <keywords>
      <text FeatureID="-1">cài đặt ngôn ngữ</text>
      <target FeatureID="-1" href="CP_HLP_LANGUAGE.html">Cài đặt ngôn ngữ</target>
   </keywords>
   <keywords>
      <text FeatureID="-1">cài đặt</text>
      <target FeatureID="-1" href="CP_HLP_MAIN_VIEW.html">Cài đặt</target>
   </keywords>
   <keywords>
      <text FeatureID="-1">cài đặt mạng</text>
      <target FeatureID="-1" href="CP_HLP_NETWORK.html">Cài đặt mạng</target>
      <target FeatureID="-1" href="CP_HLP_NETWORK.html">Cài đặt mạng</target>
   </keywords>
   <keywords>
      <text FeatureID="-1">cấu hình</text>
      <target FeatureID="-1" href="CP_HLP_PERSONAL.html">Giao diện cá nhân</target>
   </keywords>
   <keywords>
      <text FeatureID="-1">chủ đề</text>
      <target FeatureID="-1" href="CP_HLP_PERSONAL.html">Giao diện cá nhân</target>
   </keywords>
   <keywords>
      <text FeatureID="-1">chế độ chờ</text>
      <target FeatureID="-1" href="CP_HLP_PERSONAL.html">Giao diện cá nhân</target>
   </keywords>
   <keywords>
      <text FeatureID="-1">bảo mật, cài đặt</text>
      <target FeatureID="-1" href="CP_HLP_SECURITY.html">Cài đặt bảo mật</target>
   </keywords>
   <keywords>
      <text FeatureID="-1">cài đặt, bảo mật</text>
      <target FeatureID="-1" href="CP_HLP_SECURITY.html">Cài đặt bảo mật</target>
   </keywords>
   <keywords>
      <text FeatureID="-1">điện thoại, khóa</text>
      <target FeatureID="-1" href="SET_HLP_SECURITY_DEVICE_SIM.html">Bảo mật điện thoại</target>
   </keywords>
   <keywords>
      <text FeatureID="-1">bảo mật</text>
      <target FeatureID="-1" href="SET_HLP_SECURITY_DEVICE_SIM.html">Bảo mật điện thoại</target>
   </keywords>
   <keywords>
      <text FeatureID="-1">cài đặt màn hình chủ</text>
      <target FeatureID="-1" href="CP_HLP_IDLE.html">Màn hình chủ</target>
   </keywords>
   <keywords>
      <text FeatureID="__DUAL_LANGUAGE_SUPPORT=true">ngôn ngữ viết</text>
      <target FeatureID="__DUAL_LANGUAGE_SUPPORT=true" href="CP_HLP_WRITING_LANGUAGE.html">Ngôn ngữ viết</target>
   </keywords>
   <keywords>
      <text FeatureID="-1">đèn chỉ báo</text>
      <target FeatureID="-1" href="ES_HLP_LIGHT_MAIN.html">Đèn thông báo</target>
      <target FeatureID="-1" href="ES_HLP_LIGHT_BLINKING.html">Cài đặt đèn thông báo</target>
   </keywords>
   <keywords>
      <text FeatureID="-1">cài đặt phụ kiện</text>
      <target FeatureID="-1" href="SET_HLP_ACCESSORIES_LIST.html">Cài đặt phụ kiện</target>
      <target FeatureID="-1" href="SET_HLP_ACCESSORIES_HEADPHONE.html">Cài đặt tai nghe</target>
      <target FeatureID="-1" href="SET_HLP_ACCESSORIES_HEADSET.html">Cài đặt tai nghe</target>
      <target FeatureID="-1" href="SET_HLP_ACCESS_WIRED_CK.html">Cài đặt bộ phụ kiện trên xe</target>
      <target FeatureID="true_1032" href="SET_HLP_ACCESSORIES_TTY.html">Cài đặt text phone</target>
      <target FeatureID="true_1540" href="SET_HLP_ACCESSORIES_TVOUT.html">Cài đặt ra tivi</target>
   </keywords>
   <keywords>
      <text FeatureID="-1">đ.t.cập d.liệu gói</text>
      <target FeatureID="-1" href="SET_HLP_AP_SETTING_GPRS.html">Đ.T.cập d.liệu gói</target>
   </keywords>
   <keywords>
      <text FeatureID="-1">c.đặt dữ liệu gói</text>
      <target FeatureID="-1" href="SET_HLP_AP_SETTING_GPRS_AS.html">Cài đặt dữ liệu gói nâng cao</target>
   </keywords>
   <keywords>
      <text FeatureID="-1">điểm truy cập dữ liệu gói</text>
      <target FeatureID="-1" href="SET_HLP_AP_SETTING_GPRS_AS.html">Cài đặt dữ liệu gói nâng cao</target>
   </keywords>
   <keywords>
      <text FeatureID="true_1088 true_110">đ.t.cập c.gọi d.liệu</text>
      <target FeatureID="true_110" href="SET_HLP_AP_DATA_AS_IPV4.html">C.đặt c.gọi d.liệu IPv4</target>
      <target FeatureID="true_1088" href="SET_HLP_AP_DATA_AS_IPV6.html">C.đặt c.gọi d.liệu IPv6</target>
      <target FeatureID="true_110" href="SET_HLP_AP_SETTING_DATA_AS.html">CĐ c.gọi d.liệu n.cao</target>
   </keywords>
   <keywords>
      <text FeatureID="true_110">cài đặt đ.truy cập</text>
      <target FeatureID="true_110" href="SET_HLP_AP_SETTING_DATA.html">ĐTC c.gọi dữ liệu</target>
      <target FeatureID="true_110" href="SET_HLP_AP_SETTING_DATA_AS.html">CĐ c.gọi d.liệu n.cao</target>
   </keywords>
   <keywords>
      <text FeatureID="true_110">c.đặt c.gọi d.liệu</text>
      <target FeatureID="true_110" href="SET_HLP_AP_SETTING_DATA.html">ĐTC c.gọi dữ liệu</target>
   </keywords>
   <keywords>
      <text FeatureID="-1">mạng riêng ảo</text>
      <target FeatureID="-1" href="SET_HLP_VPN_AP_SETTINGS_VIEW.html">Chỉnh sửa điểm truy cập VPN</target>
   </keywords>
   <keywords>
      <text FeatureID="-1">bảo vệ phím</text>
      <target FeatureID="-1" href="CP_HLP_AUTOKEYGUARD.html">Khóa phím tự động</target>
   </keywords>
   <keywords>
      <text FeatureID="true_1537">ô đĩa từ xa</text>
      <target FeatureID="true_1537" href="RD_HLP_REMOTE_DRIVE_CONFIG.html">Cài đặt ổ đĩa từ xa</target>
      <target FeatureID="true_1537" href="RD_HLP_REMOTE_DRIVES.html">Ổ đĩa từ xa</target>
   </keywords>
   <keywords>
      <text FeatureID="-1">chặn cuộc gọi</text>
      <target FeatureID="-1" href="SET_HLP_BARRING_SETTINGS.html">Chặn các cuộc gọi điện thoại</target>
      <target FeatureID="true_298" href="DIV_HLP_BARRING_MAIN.html">Chặn các cuộc gọi</target>
   </keywords>
   <keywords>
      <text FeatureID="-1">chặn các cuộc gọi</text>
      <target FeatureID="-1" href="SET_HLP_BARRING_SETTINGS.html">Chặn các cuộc gọi điện thoại</target>
      <target FeatureID="true_298" href="DIV_HLP_BARRING_MAIN.html">Chặn các cuộc gọi</target>
   </keywords>
   <keywords>
      <text FeatureID="-1">chuyển hướng cuộc gọi</text>
      <target FeatureID="-1" href="DIV_HLP_CALL_FORW_MAIN.html">Chuyển hướng cuộc gọi</target>
      <target FeatureID="-1" href="DIV_HLP_CALL_FORW_VOI.html">Chuyển cuộc gọi thoại</target>
   </keywords>
   <keywords>
      <text FeatureID="-1">chuyển tiếp cuộc gọi</text>
      <target FeatureID="-1" href="DIV_HLP_CALL_FORW_MAIN.html">Chuyển hướng cuộc gọi</target>
   </keywords>
   <keywords>
      <text FeatureID="-1">cài đặt đồng bộ</text>
      <target FeatureID="-1" href="CP_HLP_SYNCHRONISATION.html">Cài đặt đồng bộ</target>
   </keywords>
   <keywords>
      <text FeatureID="-1">cài đặt các ứng dụng</text>
      <target FeatureID="-1" href="CP_HLP_INSTALLATIONS.html">Cài đặt</target>
   </keywords>
   <keywords>
      <text FeatureID="-1">cài đặt tai nghe</text>
      <target FeatureID="-1" href="SET_HLP_ACCESSORIES_HEADPHONE.html">Cài đặt tai nghe</target>
      <target FeatureID="-1" href="SET_HLP_ACCESSORIES_HEADSET.html">Cài đặt tai nghe</target>
   </keywords>
   <keywords>
      <text FeatureID="-1">cài đặt bộ phụ kiện trên xe có dây</text>
      <target FeatureID="-1" href="SET_HLP_ACCESS_WIRED_CK.html">Cài đặt bộ phụ kiện trên xe</target>
   </keywords>
   <keywords>
      <text FeatureID="-1">cài đặt bộ phụ kiện trên xe</text>
      <target FeatureID="-1" href="SET_HLP_ACCESS_WIRED_CK.html">Cài đặt bộ phụ kiện trên xe</target>
   </keywords>
   <keywords>
      <text FeatureID="-1">cài đặt đế nhạc</text>
      <target FeatureID="-1" href="SET_HLP_ACCESSORIES_MUSIC_ST.html">Cài đặt đế nhạc</target>
   </keywords>
   <keywords>
      <text FeatureID="true_1032">Cài đặt TTY</text>
      <target FeatureID="true_1032" href="SET_HLP_ACCESSORIES_TTY.html">Cài đặt text phone</target>
   </keywords>
   <keywords>
      <text FeatureID="true_1032">Cài đặt TDD</text>
      <target FeatureID="true_1032" href="SET_HLP_ACCESSORIES_TTY.html">Cài đặt text phone</target>
   </keywords>
   <keywords>
      <text FeatureID="true_1540">cài đặt tivi ra</text>
      <target FeatureID="true_1540" href="SET_HLP_ACCESSORIES_TVOUT.html">Cài đặt ra tivi</target>
   </keywords>
</keywords>