<?xml version="1.0" encoding="UTF-8"?>
<keywords>
   <keywords>
      <text FeatureID="-1">การตั้งค่าบัญชีอีเมล</text>
      <target FeatureID="-1" href="FSE_HLP_IMS_SETTINGS_ACCT_INFO.html">การตั้งค่าบัญชีอีเมล</target>
   </keywords>
   <keywords>
      <text FeatureID="-1">การตั้งค่าศูนย์ฝากข้อความขั้นสูง</text>
      <target FeatureID="-1" href="FSE_HLP_IMS_SETTINGS_ADVANCED.html">การตั้งค่าศูนย์ฝากข้อความขั้นสูง</target>
   </keywords>
   <keywords>
      <text FeatureID="-1">การตั้งค่าศูนย์ฝากข้อความ</text>
      <target FeatureID="-1" href="FSE_HLP_IMS_SETTINGS_MAILBOX.html">การตั้งค่าศูนย์ฝากข้อความ</target>
   </keywords>
   <keywords>
      <text FeatureID="-1">เนื้อหาการซิงโครไนซ์อีเมล</text>
      <target FeatureID="-1" href="FSE_HLP_IMS_SETTINGS_WHAT_SYNC.html">การระบุเนื้อหาการซิงค์</target>
   </keywords>
   <keywords>
      <text FeatureID="-1">เวลาในการซิงโครไนซ์อีเมล</text>
      <target FeatureID="-1" href="FSE_HLP_IMS_SETTINGS_WHEN_SYNC.html">การระบุเวลาการซิงค์</target>
   </keywords>
   <keywords>
      <text FeatureID="-1">การซิงโครไนซ์โฟลเดอร์อีเมล</text>
      <target FeatureID="-1" href="FSE_HLP_IMS_SETTINGS_FOLDER.html">การซิงโครไนซ์โฟลเดอร์อีเมล</target>
   </keywords>
   <keywords>
      <text FeatureID="-1">การตั้งค่าบริการอีเมล</text>
      <target FeatureID="-1" href="FSE_HLP_SETTINGS_INTELL_LIST.html">การตั้งค่าบริการอีเมล</target>
   </keywords>
   <keywords>
      <text FeatureID="-1">การตั้งค่าอีเมล</text>
      <target FeatureID="-1" href="FSE_HLP_IMS_SETTINGS_MAIN_VIEW.html">การตั้งค่าอีเมล</target>
   </keywords>
   <keywords>
      <text FeatureID="-1">Intellisync</text>
      <target FeatureID="-1" href="FSE_HLP_IMS_LAUNCHER_MAIN_VIEW.html">อีเมล Intellisync</target>
   </keywords>
</keywords>