<?xml version="1.0" encoding="UTF-8"?>
<keywords>
   <keywords>
      <text FeatureID="-1">stjórnandi tækis</text>
      <target FeatureID="-1" href="DM_HLP_MAIN_VIEW.html">Hugbúnaðarútgáfa tækis</target>
      <target FeatureID="-1" href="DM_HLP_SETTINGS.html">Stillingar miðlarasniðs</target>
      <target FeatureID="-1" href="DM_HLP_SERVERS_VIEW.html">Fjarstillingar</target>
   </keywords>
   <keywords>
      <text FeatureID="-1">stillingar</text>
      <target FeatureID="-1" href="DM_HLP_MAIN_VIEW.html">Hugbúnaðarútgáfa tækis</target>
   </keywords>
   <keywords>
      <text FeatureID="-1">Tækjastjórnun</text>
      <target FeatureID="-1" href="FOTA_HLP_SETTINGS.html">Stillingar fyrir uppfærslu</target>
   </keywords>
   <keywords>
      <text FeatureID="-1">stillingar fyrir uppfærslu</text>
      <target FeatureID="-1" href="FOTA_HLP_SETTINGS.html">Stillingar fyrir uppfærslu</target>
   </keywords>
   <keywords>
      <text FeatureID="-1">stillingar miðlarasniðs</text>
      <target FeatureID="-1" href="DM_HLP_SETTINGS.html">Stillingar miðlarasniðs</target>
   </keywords>
   <keywords>
      <text FeatureID="-1">fjarstilling</text>
      <target FeatureID="-1" href="DM_HLP_SERVERS_VIEW.html">Fjarstillingar</target>
   </keywords>
</keywords>