<?xml version="1.0" encoding="UTF-8"?>
<keywords>
   <keywords>
      <text FeatureID="true_1604">text input</text>
      <target FeatureID="true_1604" href="HWR_HLP_MAIN_VIEW.html">Rozpoznávanie písma</target>
   </keywords>
   <keywords>
      <text FeatureID="true_1604">rozpoznávanie písma</text>
      <target FeatureID="true_1604" href="HWR_HLP_MAIN_VIEW.html">Rozpoznávanie písma</target>
   </keywords>
   <keywords>
      <text FeatureID="true_1603 true_410">dotykový vstup</text>
      <target FeatureID="true_1603" href="VQWERTY_HLP_MAIN_VIEW.html">Virtuálna klávesnica</target>
      <target FeatureID="true_410" href="VITU_HLP_MAIN_VIEW.html">Virtuálna klávesnica</target>
   </keywords>
   <keywords>
      <text FeatureID="true_410">virtuálna klávesnica</text>
      <target FeatureID="true_410" href="VITU_HLP_MAIN_VIEW.html">Virtuálna klávesnica</target>
   </keywords>
</keywords>