<?xml version="1.0" encoding="UTF-8"?>
<keywords>
   <keywords>
      <text FeatureID="-1">transferência de dados</text>
      <target FeatureID="-1" href="SWITCH_HLP_EDIT_SHORTCUT.html">Configurações de atalhos</target>
      <target FeatureID="-1" href="SWITCH_HLP_MAIN.html">Transferir dados</target>
      <target FeatureID="-1" href="SWITCH_HLP_LOG.html">Registro de transferência</target>
   </keywords>
   <keywords>
      <text FeatureID="-1">transferir dados</text>
      <target FeatureID="-1" href="SWITCH_HLP_EDIT_SHORTCUT.html">Configurações de atalhos</target>
      <target FeatureID="-1" href="SWITCH_HLP_MAIN.html">Transferir dados</target>
   </keywords>
   <keywords>
      <text FeatureID="-1">atalhos</text>
      <target FeatureID="-1" href="SWITCH_HLP_EDIT_SHORTCUT.html">Configurações de atalhos</target>
   </keywords>
   <keywords>
      <text FeatureID="-1">transferência de dados, conflitos</text>
      <target FeatureID="-1" href="SWITCH_HLP_CONFLICT.html">Conflitos de transferência</target>
   </keywords>
   <keywords>
      <text FeatureID="-1">copiar conteúdo</text>
      <target FeatureID="-1" href="SWITCH_HLP_MAIN.html">Transferir dados</target>
   </keywords>
   <keywords>
      <text FeatureID="-1">registro de transferência</text>
      <target FeatureID="-1" href="SWITCH_HLP_LOG.html">Registro de transferência</target>
   </keywords>
</keywords>