<?xml version="1.0" encoding="UTF-8"?>
<keywords>
   <keywords>
      <text FeatureID="-1">chercher des utilisateurs de Chat</text>
      <target FeatureID="-1" href="IMNG_HLP_SEARCHCHAT.html">Chercher des utilisateurs de Chat</target>
   </keywords>
   <keywords>
      <text FeatureID="-1">Chat</text>
      <target FeatureID="-1" href="IMNG_HLP_SEARCHCHAT.html">Chercher des utilisateurs de Chat</target>
      <target FeatureID="-1" href="IMNG_HLP_SAVED_VIEW.html">Afficher les conversations enregistrées</target>
      <target FeatureID="-1" href="IMNG_HLP_SAVED_LIST.html">Conversations enregistrées</target>
      <target FeatureID="-1" href="IMNG_HLP_GROUP_EDIT.html">Droits d'administrateur des groupes</target>
      <target FeatureID="-1" href="IMNG_HLP_GROUP_BAN.html">Interdire des utilisateurs de Chat de participer à des groupes</target>
      <target FeatureID="-1" href="IMNG_HLP_CONT_OWN_DATA.html">Mes données</target>
      <target FeatureID="-1" href="IMNG_HLP_COMMUNITY_VIEW_EMPTY.html">Introduction au Chat</target>
      <target FeatureID="-1" href="IMNG_HLP_COMMUNITY_VIEW.html">Chat</target>
      <target FeatureID="-1" href="IMNG_HLP_CREATECHAT.html">Paramètres des groupes Chat</target>
      <target FeatureID="-1" href="IMNG_HLP_ACCLIST.html">Membres des groupes Chat</target>
      <target FeatureID="-1" href="IMNG_HLP_CONVERSATIONS.html">Conversations Chat</target>
      <target FeatureID="-1" href="IMNG_HLP_CONTACTDETAILS.html">Informations sur les contacts Chat</target>
      <target FeatureID="-1" href="IMNG_HLP_APPSETT.html">Paramètres de l'application Chat</target>
   </keywords>
   <keywords>
      <text FeatureID="-1">chercher des groupes Chat</text>
      <target FeatureID="-1" href="IMNG_HLP_SEARCHCHAT.html">Chercher des utilisateurs de Chat</target>
   </keywords>
   <keywords>
      <text FeatureID="-1">conversations enregistrées</text>
      <target FeatureID="-1" href="IMNG_HLP_SAVED_LIST.html">Conversations enregistrées</target>
   </keywords>
   <keywords>
      <text FeatureID="-1">IM (messagerie instantanée)</text>
      <target FeatureID="-1" href="IMNG_HLP_IMCHAT.html">Conversations de groupe</target>
   </keywords>
   <keywords>
      <text FeatureID="-1">rejoindre groupes Chat</text>
      <target FeatureID="-1" href="IMNG_HLP_IMCHAT.html">Conversations de groupe</target>
   </keywords>
   <keywords>
      <text FeatureID="-1">droits d'administrateur</text>
      <target FeatureID="-1" href="IMNG_HLP_GROUP_EDIT.html">Droits d'administrateur des groupes</target>
   </keywords>
   <keywords>
      <text FeatureID="-1">liste interdite</text>
      <target FeatureID="-1" href="IMNG_HLP_GROUP_BAN.html">Interdire des utilisateurs de Chat de participer à des groupes</target>
   </keywords>
   <keywords>
      <text FeatureID="-1">Membres des groupes Chat</text>
      <target FeatureID="-1" href="IMNG_HLP_GROUP_BAN.html">Interdire des utilisateurs de Chat de participer à des groupes</target>
      <target FeatureID="-1" href="IMNG_HLP_ACCLIST.html">Membres des groupes Chat</target>
   </keywords>
   <keywords>
      <text FeatureID="-1">contacts Chat</text>
      <target FeatureID="-1" href="IMNG_HLP_CONT_OWN_DATA.html">Mes données</target>
      <target FeatureID="-1" href="IMNG_HLP_BLOCKED_VIEW.html">Contacts bloqués</target>
      <target FeatureID="-1" href="IMNG_HLP_CONTACTDETAILS.html">Informations sur les contacts Chat</target>
   </keywords>
   <keywords>
      <text FeatureID="-1">messagerie instantanée</text>
      <target FeatureID="-1" href="IMNG_HLP_COMMUNITY_VIEW_EMPTY.html">Introduction au Chat</target>
      <target FeatureID="-1" href="IMNG_HLP_COMMUNITY_VIEW.html">Chat</target>
      <target FeatureID="-1" href="IMNG_HLP_CONVERSATIONS.html">Conversations Chat</target>
   </keywords>
   <keywords>
      <text FeatureID="-1">contacts Chat bloqués</text>
      <target FeatureID="-1" href="IMNG_HLP_BLOCKED_VIEW.html">Contacts bloqués</target>
   </keywords>
   <keywords>
      <text FeatureID="-1">Paramètres Chat</text>
      <target FeatureID="-1" href="IMNG_HLP_SETTINGS.html">Paramètres Chat</target>
      <target FeatureID="-1" href="IMNG_HLP_APPSETT.html">Paramètres de l'application Chat</target>
   </keywords>
   <keywords>
      <text FeatureID="-1">Serveurs Chat</text>
      <target FeatureID="-1" href="IMNG_HLP_SERVLISTSETT_IM.html">Serveurs Chat</target>
   </keywords>
   <keywords>
      <text FeatureID="-1">Paramètres du serveur Chat</text>
      <target FeatureID="-1" href="IMNG_HLP_DEFSERVER.html">Paramètres du serveur Chat</target>
   </keywords>
   <keywords>
      <text FeatureID="-1">paramètres du serveur</text>
      <target FeatureID="-1" href="IMNG_HLP_DEFSERVER.html">Paramètres du serveur Chat</target>
   </keywords>
   <keywords>
      <text FeatureID="-1">invitations</text>
      <target FeatureID="-1" href="IMNG_HLP_INVITE.html">Invitations Chat</target>
   </keywords>
   <keywords>
      <text FeatureID="-1">paramètres des groupes Chat</text>
      <target FeatureID="-1" href="IMNG_HLP_CREATECHAT.html">Paramètres des groupes Chat</target>
   </keywords>
   <keywords>
      <text FeatureID="-1">conversations</text>
      <target FeatureID="-1" href="IMNG_HLP_CONVERSATIONS.html">Conversations Chat</target>
   </keywords>
</keywords>