<?xml version="1.0" encoding="UTF-8"?>
<keywords>
   <keywords>
      <text FeatureID="-1">โปสการ์ด</text>
      <target FeatureID="-1" href="MMS_POSTCARD_HLP_ADDRESS_EDIT.html">แก้ไขที่อยู่</target>
      <target FeatureID="-1" href="MMS_POSTCARD_HLP_MAIN_VIEW.html">ดูโปสการ์ด</target>
      <target FeatureID="-1" href="POSTCARD_HLP_ADDRESS_VIEW.html">ดูที่อยู่</target>
      <target FeatureID="-1" href="POSTCARD_HLP_GREETING_EDIT.html">เขียนคำทักทาย</target>
      <target FeatureID="-1" href="POSTCARD_HLP_GREETING_VIEW.html">ดูข้อความทักทาย</target>
      <target FeatureID="-1" href="MMS_POSTCARD_HLP_MAIN_EDIT.html">สร้างโปสการ์ด</target>
   </keywords>
   <keywords>
      <text FeatureID="-1">การส่งโปสการ์ด</text>
      <target FeatureID="-1" href="MMS_POSTCARD_HLP_ADDRESS_EDIT.html">แก้ไขที่อยู่</target>
      <target FeatureID="-1" href="POSTCARD_HLP_GREETING_EDIT.html">เขียนคำทักทาย</target>
      <target FeatureID="-1" href="MMS_POSTCARD_HLP_MAIN_EDIT.html">สร้างโปสการ์ด</target>
   </keywords>
</keywords>