<?xml version="1.0" encoding="UTF-8"?>
<keywords>
   <keywords>
      <text FeatureID="-1">lettore messaggi, lingua</text>
      <target FeatureID="-1" href="SPEECH_HLP_MAIN.html">Impostazioni voce</target>
   </keywords>
   <keywords>
      <text FeatureID="-1">lettore messaggi, voce</text>
      <target FeatureID="-1" href="SPEECH_HLP_MAIN.html">Impostazioni voce</target>
   </keywords>
   <keywords>
      <text FeatureID="-1">lettore messaggi</text>
      <target FeatureID="-1" href="SPEECH_HLP_VOICE.html">Dettagli voce</target>
   </keywords>
   <keywords>
      <text FeatureID="-1">lettore messaggi, impostazioni</text>
      <target FeatureID="-1" href="SPEECH_HLP_MRSETTINGS.html">Impostazioni Lettore messaggi</target>
   </keywords>
</keywords>