<?xml version="1.0" encoding="UTF-8"?>
<keywords>
   <keywords>
      <text FeatureID="-1">Sprachmailbox</text>
      <target FeatureID="-1" href="SMSVO_HLP_MAIN_VIEW.html">Anrufbeantworter</target>
   </keywords>
   <keywords>
      <text FeatureID="-1">Anrufbeantworter</text>
      <target FeatureID="-1" href="SMSVO_HLP_MAIN_VIEW.html">Anrufbeantworter</target>
      <target FeatureID="true_89" href="SMSVO_HLP_CS_AND_VIDEO.html">Anrufbeantworter und Videomailbox</target>
      <target FeatureID="true_298" href="SMSVO_HLP_CS_VIDEO_AND_XSP_VOIP.html">Anrufbeantworter für Telefon-, Video- und Internetanrufe</target>
      <target FeatureID="true_298" href="SMSVO_HLP_CS_VIDEO_AND_XSP_VOIP.html">Anrufbeantworter für Telefon-, Video- und Internetanrufe</target>
   </keywords>
   <keywords>
      <text FeatureID="true_89">Videomailbox</text>
      <target FeatureID="true_89" href="SMSVO_HLP_CS_AND_VIDEO.html">Anrufbeantworter und Videomailbox</target>
   </keywords>
   <keywords>
      <text FeatureID="true_298">Internetanruf-Mailbox</text>
      <target FeatureID="true_298" href="SMSVO_HLP_CS_VIDEO_AND_XSP_VOIP.html">Anrufbeantworter für Telefon-, Video- und Internetanrufe</target>
   </keywords>
</keywords>