<?xml version="1.0" encoding="UTF-8"?>
<keywords>
   <keywords>
      <text FeatureID="true_410">markagailua</text>
      <target FeatureID="true_410" href="DIALER_HLP_MAIN.html">Telefono-deiak egin</target>
   </keywords>
   <keywords>
      <text FeatureID="true_410">telefono-deiak egin</text>
      <target FeatureID="true_410" href="DIALER_HLP_MAIN.html">Telefono-deiak egin</target>
   </keywords>
   <keywords>
      <text FeatureID="-1">telefono deiak</text>
      <target FeatureID="-1" href="INCAL_HLP_CALL_HANDLING.html">Telefono deiak</target>
   </keywords>
   <keywords>
      <text FeatureID="-1">konferentzia deiak</text>
      <target FeatureID="-1" href="INCAL_HLP_CALL_HANDLING.html">Telefono deiak</target>
   </keywords>
   <keywords>
      <text FeatureID="-1">aldatu deiz</text>
      <target FeatureID="-1" href="INCAL_HLP_CALL_HANDLING.html">Telefono deiak</target>
   </keywords>
   <keywords>
      <text FeatureID="-1">telefonoa</text>
      <target FeatureID="-1" href="INCAL_HLP_CALL_HANDLING.html">Telefono deiak</target>
   </keywords>
   <keywords>
      <text FeatureID="true_410">DTMF tonuak</text>
      <target FeatureID="true_410" href="DIALER_HLP_SEND_DTMF.html">DTMF tonuak bidali</target>
   </keywords>
   <keywords>
      <text FeatureID="true_89">bideo-deiak</text>
      <target FeatureID="true_89" href="INCAL_HLP_VIDEO_CALL.html">Bideo deiak</target>
   </keywords>
</keywords>