<?xml version="1.0" encoding="UTF-8"?><?xml-stylesheet  href="../../theme/xsl/index2html.xslt" type="text/xsl"?>
<topics FeatureID="-1" title="การตั้งค่า" compressed="true">
   <topicref FeatureID="-1" href="SET_HLP_SETTINGS_KEYPAD_COVER.html" navtitle="การตั้งค่าการจัดการสไลด์"/>
   <topicref FeatureID="-1" href="CP_HLP_ADMINISTRATIVE_SETTINGS.html" navtitle="การตั้งค่าการจัดการ"/>
   <topicref FeatureID="-1" href="CP_HLP_DEVICE_MANAGEMENT.html" navtitle="การจัดการอุปกรณ์"/>
   <topicref FeatureID="true_109" href="SET_HLP_WLAN_WPA_MAIN.html" navtitle="การตั้งค่าความปลอดภัย WPA"/>
   <topicref FeatureID="true_109" href="SET_HLP_WLAN_8021X_MAIN.html" navtitle="การตั้งค่าความปลอดภัย 802.1x"/>
   <topicref FeatureID="true_109" href="SET_HLP_WLAN_EAP_PLUGINS_IAP.html" navtitle="การตั้งค่า EAP"/>
   <topicref FeatureID="true_109" href="SET_HLP_WLAN_EAP_AKA.html" navtitle="การตั้งค่า EAP-AKA"/>
   <topicref FeatureID="true_109" href="SET_HLP_WLAN_EAP_SIM.html" navtitle="การตั้งค่า EAP-SIM"/>
   <topicref FeatureID="true_109" href="SET_HLP_WLAN_EAP_GTC.html" navtitle="การตั้งค่า EAP-GTC"/>
   <topicref FeatureID="true_109" href="SET_HLP_WLAN_EAP_TTLS_TYPES.html" navtitle="วิธีตรวจสอบความถูกต้อง EAP-TTLS"/>
   <topicref FeatureID="true_109" href="SET_HLP_WLAN_EAP_TTLS_SUITES.html" navtitle="ชุดรหัสสำหรับ EAP-TTLS"/>
   <topicref FeatureID="true_109" href="SET_HLP_WLAN_EAP_TTLS_SETT.html" navtitle="การตั้งค่า EAP-TTLS"/>
   <topicref FeatureID="true_109" href="SET_HLP_WLAN_EAP_TLS_SUITES.html" navtitle="ชุดรหัสสำหรับ EAP-TLS"/>
   <topicref FeatureID="true_109" href="SET_HLP_WLAN_EAP_TLS_SETT.html" navtitle="การตั้งค่า EAP-TLS"/>
   <topicref FeatureID="true_109" href="SET_HLP_WLAN_EAP_PEAP_TYPES.html" navtitle="วิธีตรวจสอบความถูกต้อง EAP-PEAP"/>
   <topicref FeatureID="true_109" href="SET_HLP_WLAN_EAP_PEAP_SUITES.html" navtitle="ชุดรหัสสำหรับ EAP-PEAP"/>
   <topicref FeatureID="true_109" href="SET_HLP_WLAN_EAP_PEAP_SETT.html" navtitle="การตั้งค่า EAP-PEAP"/>
   <topicref FeatureID="true_109" href="SET_HLP_WLAN_EAP_MSCHAPV2.html" navtitle="การตั้งค่า EAP-MSCHAPV2"/>
   <topicref FeatureID="true_109" href="SET_HLP_WLAN_EAP_PLAIN_MSCHAP.html" navtitle="การตั้งค่า MSCHAPV2 ธรรมดา"/>
   <topicref FeatureID="true_177" href="SET_HLP_WLAN_EAP_LEAP.html" navtitle="การตั้งค่า EAP-LEAP"/>
   <topicref FeatureID="true_177" href="SET_HLP_WLAN_EAP_FAST_TYPES.html" navtitle="วิธีตรวจสอบความถูกต้อง EAP-FAST"/>
   <topicref FeatureID="true_177" href="SET_HLP_WLAN_EAP_FAST_SUITES.html" navtitle="ชุดรหัสสำหรับ EAP-FAST"/>
   <topicref FeatureID="true_177" href="SET_HLP_WLAN_EAP_FAST_SETT.html" navtitle="การตั้งค่า EAP-FAST"/>
   <topicref FeatureID="true_109" href="SET_HLP_WLAN_EAP_PAP.html" navtitle="การตั้งค่า PAP"/>
   <topicref FeatureID="true_109" href="SET_HLP_WLAN_WEP_KEY_SETT.html" navtitle="แก้ไขคีย์ WEP"/>
   <topicref FeatureID="true_109" href="SET_HLP_WLAN_WEP_MAIN.html" navtitle="การตั้งค่าความปลอดภัย WEP"/>
   <topicref FeatureID="-1" href="ACL_HLP_MAIN.html" navtitle="จำกัดการเชื่อมต่อ"/>
   <topicref FeatureID="-1" href="SIP_HLP_PROF_PARAMS.html" navtitle="การตั้งค่ารูปแบบ SIP"/>
   <topicref FeatureID="-1" href="SIP_HLP_MAIN.html" navtitle="รูปแบบ SIP"/>
   <topicref FeatureID="-1" href="SIP_HLP_PROXY_PARAMS.html" navtitle="การตั้งค่าพร็อกซี่ SIP"/>
   <topicref FeatureID="-1" href="SIP_HLP_REGISTRAR_PARAM.html" navtitle="การตั้งค่าเซิร์ฟเวอร์ลงทะเบียน"/>
   <topicref FeatureID="-1" href="HLP_OCC_CONN_SETTINGS.html" navtitle="การเชื่อมต่อเครือข่าย"/>
   <topicref FeatureID="-1" href="SET_HLP_CONN_DEST_VIEW.html" navtitle="หน้าจอปลายทาง"/>
   <topicref FeatureID="-1" href="SET_HLP_DEFAULT_CONN.html" navtitle="การเชื่อมต่อเริ่มต้น"/>
   <topicref FeatureID="true_99" href="SET_HLP_VPN_DEST_ASSOC_VIEW.html" navtitle="การเชื่อมต่อ VPN"/>
   <topicref FeatureID="-1" href="SET_HLP_CONN_METHODS_VIEW.html" navtitle="หน้าจอแสดงจุดเชื่อมต่อ"/>
   <topicref FeatureID="-1" href="SET_HLP_APP_DEST_ASSOC_VIEW.html" navtitle="การเชื่อมต่อแอปพลิเคชั่น"/>
   <topicref FeatureID="-1" href="CP_HLP_APPILICATION_SETTINGS.html" navtitle="การตั้งค่าแอปพลิเคชั่น"/>
   <topicref FeatureID="-1" href="SCP_HLP_CALL.html" navtitle="การตั้งค่าการโทร"/>
   <topicref FeatureID="-1" href="CP_HLP_CONNECTIVITY.html" navtitle="การตั้งค่าการเชื่อมต่อ"/>
   <topicref FeatureID="-1" href="CP_HLP_DISPLAY.html" navtitle="การตั้งค่าหน้าจอ"/>
   <topicref FeatureID="-1" href="CP_HLP_DEVICE.html" navtitle="การตั้งค่าอุปกรณ์"/>
   <topicref FeatureID="-1" href="CP_HLP_LANGUAGE.html" navtitle="การตั้งค่าภาษา"/>
   <topicref FeatureID="-1" href="CP_HLP_MAIN_VIEW.html" navtitle="การตั้งค่า"/>
   <topicref FeatureID="-1" href="CP_HLP_NETWORK.html" navtitle="การตั้งค่าเครือข่าย"/>
   <topicref FeatureID="true_410" href="CP_HLP_PEN_INPUT.html" navtitle="การตั้งค่าการป้อนแบบสัมผัส"/>
   <topicref FeatureID="-1" href="CP_HLP_PERSONAL.html" navtitle="หน้าจอส่วนตัว"/>
   <topicref FeatureID="-1" href="CP_HLP_SECURITY.html" navtitle="การตั้งค่าความปลอดภัย"/>
   <topicref FeatureID="-1" href="SET_HLP_SECURITY_DEVICE_SIM.html" navtitle="ความปลอดภัยของเครื่อง"/>
   <topicref FeatureID="-1" href="CP_HLP_TELEPHONY.html" navtitle="การตั้งค่าระบบโทรศัพท์"/>
   <topicref FeatureID="__DUAL_LANGUAGE_SUPPORT=true" href="CP_HLP_WRITING_LANGUAGE.html" navtitle="ภาษาที่ใช้เขียน"/>
   <topicref FeatureID="-1" href="SET_HLP_ACCESSORIES_LIST.html" navtitle="การ​ตั้ง​ค่า​อุปกรณ์​เสริม"/>
   <topicref FeatureID="-1" href="SSET_HLP_MAIN_VIEW.html" navtitle="การตั้งค่าเซนเซอร์"/>
   <topicref FeatureID="-1" href="SET_HLP_AP_SETTING_GPRS.html" navtitle="จุดเชื่อมต่อข้อมูลแบบแพคเก็ต"/>
   <topicref FeatureID="-1" href="SET_HLP_AP_SETTING_GPRS_AS.html" navtitle="การตั้งค่าข้อมูลแบบแพคเก็ตชั้นสูง"/>
   <topicref FeatureID="true_110" href="SET_HLP_AP_DATA_AS_IPV4.html" navtitle="การตั้งค่า IPv4 ของสายข้อมูล"/>
   <topicref FeatureID="true_1088" href="SET_HLP_AP_DATA_AS_IPV6.html" navtitle="การตั้งค่า IPv6 ของสายข้อมูล"/>
   <topicref FeatureID="true_110" href="SET_HLP_AP_SETTING_DATA.html" navtitle="จุดเชื่อมต่อสายข้อมูล"/>
   <topicref FeatureID="true_110" href="SET_HLP_AP_SETTING_DATA_AS.html" navtitle="การตั้งค่าสายข้อมูลชั้นสูง"/>
   <topicref FeatureID="true_109" href="SET_HLP_AP_SETTING_WLAN_AS.html" navtitle="การตั้งค่า การตั้งค่า WLAN"/>
   <topicref FeatureID="-1" href="SET_HLP_VPN_AP_SETTINGS_VIEW.html" navtitle="การแก้ไขจุดเชื่อมต่อ VPN"/>
   <topicref FeatureID="true_109" href="SET_HLP_AP_SETTING_WLAN.html" navtitle="จุดเชื่อมต่อ WLAN"/>
   <topicref FeatureID="true_109" href="SET_HLP_AP_WLAN_AS_IPV4.html" navtitle="การตั้งค่า WLAN IPv4"/>
   <topicref FeatureID="true_109" href="SET_HLP_AP_WLAN_AS_IPV6.html" navtitle="การตั้งค่า WLAN IPv6"/>
   <topicref FeatureID="-1" href="CP_HLP_AUTOKEYGUARD.html" navtitle="การป้องกันปุ่มอัตโนมัติ"/>
   <topicref FeatureID="true_1581" href="RD_HLP_REMOTE_DRIVE_CONFIG.html" navtitle="การตั้งค่าไดรฟ์ระยะไกล"/>
   <topicref FeatureID="true_1581" href="RD_HLP_REMOTE_DRIVES.html" navtitle="ไดรฟ์ระยะไกล"/>
   <topicref FeatureID="-1" href="CP_HLP_NETWORK.html" navtitle="การตั้งค่าเครือข่าย"/>
   <topicref FeatureID="-1" href="SET_HLP_BARRING_SETTINGS.html" navtitle="จำกัดการโทรสายสนทนา"/>
   <topicref FeatureID="true_298" href="DIV_HLP_BARRING_MAIN.html" navtitle="จำกัดการโทร"/>
   <topicref FeatureID="true_89" href="DIV_HLP_CALL_FORW_VID.html" navtitle="การโอนสายวิดีโอ"/>
   <topicref FeatureID="-1" href="DIV_HLP_CALL_FORW_MAIN.html" navtitle="การโอนสาย"/>
   <topicref FeatureID="-1" href="DIV_HLP_CALL_FORW_VOI.html" navtitle="โอนสายสนทนา"/>
   <topicref FeatureID="true_298" href="DIV_HLP_CALL_FORW_VOIP.html" navtitle="จำกัดการโทรสายอินเทอร์เน็ต"/>
   <topicref FeatureID="true_109" href="SET_HLP_WLAN_SETTINGS.html" navtitle="การตั้งค่า WLAN"/>
   <topicref FeatureID="-1" href="CP_HLP_SYNCHRONISATION.html" navtitle="การตั้งค่าการซิงโครไนซ์"/>
   <topicref FeatureID="-1" href="CP_HLP_INSTALLATIONS.html" navtitle="การติดตั้ง"/>
   <topicref FeatureID="-1" href="SET_HLP_ACCESSORIES_HEADPHONE.html" navtitle="การตั้งค่าหูฟัง"/>
   <topicref FeatureID="-1" href="SET_HLP_ACCESSORIES_HEADSET.html" navtitle="การตั้งค่าชุดหูฟัง"/>
   <topicref FeatureID="-1" href="SET_HLP_ACCESS_WIRED_CK.html" navtitle="การตั้งค่าชุดอุปกรณ์ติดรถยนต์แบบใช้สาย"/>
   <topicref FeatureID="-1" href="SET_HLP_ACCESS_WIRELESS_CK.html" navtitle="การตั้งค่าชุดโทรศัพท์ในรถยนต์แบบไร้สาย"/>
   <topicref FeatureID="-1" href="SET_HLP_ACCESSORIES_LOOPSET.html" navtitle="การตั้งค่าเครื่องช่วยฟัง"/>
   <topicref FeatureID="-1" href="SET_HLP_ACCESSORIES_MUSIC_ST.html" navtitle="การตั้งค่าแท่นเพลง"/>
   <topicref FeatureID="true_1032" href="SET_HLP_ACCESSORIES_TTY.html" navtitle="การตั้งค่าเท็กซ์โฟน"/>
   <topicref FeatureID="true_1540" href="SET_HLP_ACCESSORIES_TVOUT.html" navtitle="การตั้งค่าช่องสัญญาณออกของโทรทัศน์"/>
   <topicref FeatureID="true_410" href="PREDINPUT_HLP_VIRTUAL_ITI_SETTINGS.html" navtitle="การตั้งค่าการป้อนข้อมูล"/>
   <topicref FeatureID="-1" href="PREDINPUT_HLP_VIRTUAL_ITI.html" navtitle="การป้อนข้อความแบบช่วยสะกดคำ"/>
   <topicref FeatureID="-1" href="PREDINPUT_HLP_USERDICT.html" navtitle="การแก้ไขพจนานุกรมผู้ใช้"/>
   <topicref FeatureID="-1" href="SET_HLP_GENERAL_ORIG_SET.html" navtitle="การเรียกคืนการตั้งค่าดั้งเดิม"/>
</topics>