<?xml version="1.0" encoding="UTF-8"?>
<keywords>
   <keywords>
      <text FeatureID="-1">การตั้งค่า, ฝาเลื่อน</text>
      <target FeatureID="-1" href="SET_HLP_SETTINGS_KEYPAD_COVER.html">การตั้งค่าการจัดการสไลด์</target>
   </keywords>
   <keywords>
      <text FeatureID="-1">การตั้งค่าสไลด์</text>
      <target FeatureID="-1" href="SET_HLP_SETTINGS_KEYPAD_COVER.html">การตั้งค่าการจัดการสไลด์</target>
   </keywords>
   <keywords>
      <text FeatureID="-1">การจัดการอุปกรณ์</text>
      <target FeatureID="-1" href="CP_HLP_DEVICE_MANAGEMENT.html">การจัดการอุปกรณ์</target>
   </keywords>
   <keywords>
      <text FeatureID="true_109">EAP (Extensible Authentication Protocol)</text>
      <target FeatureID="true_109" href="SET_HLP_WLAN_EAP_SIM.html">การตั้งค่า EAP-SIM</target>
   </keywords>
   <keywords>
      <text FeatureID="true_109">การตั้งค่า, WLAN</text>
      <target FeatureID="true_109" href="SET_HLP_WLAN_EAP_SIM.html">การตั้งค่า EAP-SIM</target>
   </keywords>
   <keywords>
      <text FeatureID="-1">การจำกัดจุดเชื่อมต่อ</text>
      <target FeatureID="-1" href="ACL_HLP_MAIN.html">จำกัดการเชื่อมต่อ</target>
   </keywords>
   <keywords>
      <text FeatureID="-1">การตั้งค่าการเชื่อมต่อ</text>
      <target FeatureID="-1" href="SIP_HLP_PROF_PARAMS.html">การตั้งค่ารูปแบบ SIP</target>
      <target FeatureID="-1" href="SIP_HLP_MAIN.html">รูปแบบ SIP</target>
      <target FeatureID="-1" href="SET_HLP_CONN_DEST_VIEW.html">หน้าจอปลายทาง</target>
      <target FeatureID="-1" href="SET_HLP_DEFAULT_CONN.html">การเชื่อมต่อเริ่มต้น</target>
      <target FeatureID="-1" href="SET_HLP_CONN_METHODS_VIEW.html">หน้าจอแสดงจุดเชื่อมต่อ</target>
      <target FeatureID="true_1581" href="RD_HLP_REMOTE_DRIVE_CONFIG.html">การตั้งค่าไดรฟ์ระยะไกล</target>
      <target FeatureID="true_1581" href="RD_HLP_REMOTE_DRIVES.html">ไดรฟ์ระยะไกล</target>
   </keywords>
   <keywords>
      <text FeatureID="-1">การตั้งค่า SIP</text>
      <target FeatureID="-1" href="SIP_HLP_PROF_PARAMS.html">การตั้งค่ารูปแบบ SIP</target>
      <target FeatureID="-1" href="SIP_HLP_MAIN.html">รูปแบบ SIP</target>
      <target FeatureID="-1" href="SIP_HLP_PROXY_PARAMS.html">การตั้งค่าพร็อกซี่ SIP</target>
      <target FeatureID="-1" href="SIP_HLP_REGISTRAR_PARAM.html">การตั้งค่าเซิร์ฟเวอร์ลงทะเบียน</target>
   </keywords>
   <keywords>
      <text FeatureID="-1">เซิร์ฟเวอร์ลงทะเบียน</text>
      <target FeatureID="-1" href="SIP_HLP_REGISTRAR_PARAM.html">การตั้งค่าเซิร์ฟเวอร์ลงทะเบียน</target>
   </keywords>
   <keywords>
      <text FeatureID="-1">จุดเชื่อมต่อ</text>
      <target FeatureID="-1" href="HLP_OCC_CONN_SETTINGS.html">การเชื่อมต่อเครือข่าย</target>
      <target FeatureID="-1" href="SET_HLP_CONN_METHODS_VIEW.html">หน้าจอแสดงจุดเชื่อมต่อ</target>
      <target FeatureID="-1" href="SET_HLP_AP_SETTING_GPRS.html">จุดเชื่อมต่อข้อมูลแบบแพคเก็ต</target>
      <target FeatureID="true_109" href="SET_HLP_AP_SETTING_WLAN.html">จุดเชื่อมต่อ WLAN</target>
   </keywords>
   <keywords>
      <text FeatureID="-1">การตั้งค่า, การเชื่อมต่อ</text>
      <target FeatureID="-1" href="HLP_OCC_CONN_SETTINGS.html">การเชื่อมต่อเครือข่าย</target>
   </keywords>
   <keywords>
      <text FeatureID="-1">การตั้งค่าปลายทาง</text>
      <target FeatureID="-1" href="SET_HLP_CONN_DEST_VIEW.html">หน้าจอปลายทาง</target>
   </keywords>
   <keywords>
      <text FeatureID="-1">การเชื่อมต่อเริ่มต้น</text>
      <target FeatureID="-1" href="SET_HLP_DEFAULT_CONN.html">การเชื่อมต่อเริ่มต้น</target>
   </keywords>
   <keywords>
      <text FeatureID="-1">จุดเชื่อมต่อ VPN</text>
      <target FeatureID="true_99" href="SET_HLP_VPN_DEST_ASSOC_VIEW.html">การเชื่อมต่อ VPN</target>
      <target FeatureID="-1" href="SET_HLP_VPN_AP_SETTINGS_VIEW.html">การแก้ไขจุดเชื่อมต่อ VPN</target>
   </keywords>
   <keywords>
      <text FeatureID="-1">การเชื่อมต่อแอปพลิเคชั่น</text>
      <target FeatureID="-1" href="SET_HLP_APP_DEST_ASSOC_VIEW.html">การเชื่อมต่อแอปพลิเคชั่น</target>
   </keywords>
   <keywords>
      <text FeatureID="-1">การตั้งค่าของแอปพลิเคชั่น</text>
      <target FeatureID="-1" href="CP_HLP_APPILICATION_SETTINGS.html">การตั้งค่าแอปพลิเคชั่น</target>
   </keywords>
   <keywords>
      <text FeatureID="-1">การโทร, การตั้งค่า</text>
      <target FeatureID="-1" href="SCP_HLP_CALL.html">การตั้งค่าการโทร</target>
   </keywords>
   <keywords>
      <text FeatureID="-1">การตั้งค่า, การโทร</text>
      <target FeatureID="-1" href="SCP_HLP_CALL.html">การตั้งค่าการโทร</target>
   </keywords>
   <keywords>
      <text FeatureID="-1">การเชื่อมต่อ</text>
      <target FeatureID="-1" href="CP_HLP_CONNECTIVITY.html">การตั้งค่าการเชื่อมต่อ</target>
   </keywords>
   <keywords>
      <text FeatureID="-1">แผงควบคุม</text>
      <target FeatureID="-1" href="CP_HLP_DISPLAY.html">การตั้งค่าหน้าจอ</target>
      <target FeatureID="__DUAL_LANGUAGE_SUPPORT=true" href="CP_HLP_WRITING_LANGUAGE.html">ภาษาที่ใช้เขียน</target>
   </keywords>
   <keywords>
      <text FeatureID="-1">การตั้งค่าหน้าจอ</text>
      <target FeatureID="-1" href="CP_HLP_DISPLAY.html">การตั้งค่าหน้าจอ</target>
   </keywords>
   <keywords>
      <text FeatureID="-1">การตั้งค่าทั่วไป</text>
      <target FeatureID="-1" href="CP_HLP_DEVICE.html">การตั้งค่าอุปกรณ์</target>
   </keywords>
   <keywords>
      <text FeatureID="-1">การตั้งค่าอุปกรณ์</text>
      <target FeatureID="-1" href="CP_HLP_DEVICE.html">การตั้งค่าอุปกรณ์</target>
   </keywords>
   <keywords>
      <text FeatureID="-1">การตั้งค่าภาษา</text>
      <target FeatureID="-1" href="CP_HLP_LANGUAGE.html">การตั้งค่าภาษา</target>
   </keywords>
   <keywords>
      <text FeatureID="-1">การตั้งค่า</text>
      <target FeatureID="-1" href="CP_HLP_MAIN_VIEW.html">การตั้งค่า</target>
   </keywords>
   <keywords>
      <text FeatureID="-1">การตั้งค่าเครือข่าย</text>
      <target FeatureID="-1" href="CP_HLP_NETWORK.html">การตั้งค่าเครือข่าย</target>
      <target FeatureID="-1" href="CP_HLP_NETWORK.html">การตั้งค่าเครือข่าย</target>
   </keywords>
   <keywords>
      <text FeatureID="-1">รูปแบบ</text>
      <target FeatureID="-1" href="CP_HLP_PERSONAL.html">หน้าจอส่วนตัว</target>
   </keywords>
   <keywords>
      <text FeatureID="-1">ลักษณะ</text>
      <target FeatureID="-1" href="CP_HLP_PERSONAL.html">หน้าจอส่วนตัว</target>
   </keywords>
   <keywords>
      <text FeatureID="-1">สแตนด์บาย</text>
      <target FeatureID="-1" href="CP_HLP_PERSONAL.html">หน้าจอส่วนตัว</target>
   </keywords>
   <keywords>
      <text FeatureID="-1">ความปลอดภัย, การตั้งค่า</text>
      <target FeatureID="-1" href="CP_HLP_SECURITY.html">การตั้งค่าความปลอดภัย</target>
   </keywords>
   <keywords>
      <text FeatureID="-1">การตั้งค่า, ความปลอดภัย</text>
      <target FeatureID="-1" href="CP_HLP_SECURITY.html">การตั้งค่าความปลอดภัย</target>
   </keywords>
   <keywords>
      <text FeatureID="-1">โทรศัพท์, การล็อค</text>
      <target FeatureID="-1" href="SET_HLP_SECURITY_DEVICE_SIM.html">ความปลอดภัยของเครื่อง</target>
   </keywords>
   <keywords>
      <text FeatureID="-1">ความปลอดภัย</text>
      <target FeatureID="-1" href="SET_HLP_SECURITY_DEVICE_SIM.html">ความปลอดภัยของเครื่อง</target>
   </keywords>
   <keywords>
      <text FeatureID="__DUAL_LANGUAGE_SUPPORT=true">ภาษาที่ใช้เขียน</text>
      <target FeatureID="__DUAL_LANGUAGE_SUPPORT=true" href="CP_HLP_WRITING_LANGUAGE.html">ภาษาที่ใช้เขียน</target>
   </keywords>
   <keywords>
      <text FeatureID="-1">การ​ตั้ง​ค่า​อุปกรณ์​เสริม</text>
      <target FeatureID="-1" href="SET_HLP_ACCESSORIES_LIST.html">การ​ตั้ง​ค่า​อุปกรณ์​เสริม</target>
      <target FeatureID="-1" href="SET_HLP_ACCESSORIES_HEADSET.html">การตั้งค่าชุดหูฟัง</target>
      <target FeatureID="-1" href="SET_HLP_ACCESS_WIRED_CK.html">การตั้งค่าชุดอุปกรณ์ติดรถยนต์แบบใช้สาย</target>
      <target FeatureID="true_1032" href="SET_HLP_ACCESSORIES_TTY.html">การตั้งค่าเท็กซ์โฟน</target>
      <target FeatureID="true_1540" href="SET_HLP_ACCESSORIES_TVOUT.html">การตั้งค่าช่องสัญญาณออกของโทรทัศน์</target>
   </keywords>
   <keywords>
      <text FeatureID="-1">จุดเชื่อมต่อข้อมูลแบบแพ็คเกต</text>
      <target FeatureID="-1" href="SET_HLP_AP_SETTING_GPRS.html">จุดเชื่อมต่อข้อมูลแบบแพคเก็ต</target>
   </keywords>
   <keywords>
      <text FeatureID="-1">การตั้งค่าข้อมูลแบบแพคเก็ต</text>
      <target FeatureID="-1" href="SET_HLP_AP_SETTING_GPRS_AS.html">การตั้งค่าข้อมูลแบบแพคเก็ตชั้นสูง</target>
   </keywords>
   <keywords>
      <text FeatureID="-1">จุดเชื่อมต่อข้อมูลแพคเก็ต</text>
      <target FeatureID="-1" href="SET_HLP_AP_SETTING_GPRS_AS.html">การตั้งค่าข้อมูลแบบแพคเก็ตชั้นสูง</target>
   </keywords>
   <keywords>
      <text FeatureID="-1">VPN (Virtual Private Network)</text>
      <target FeatureID="-1" href="SET_HLP_VPN_AP_SETTINGS_VIEW.html">การแก้ไขจุดเชื่อมต่อ VPN</target>
   </keywords>
   <keywords>
      <text FeatureID="true_109">เครือข่ายในพื้นที่แบบไร้สาย (WLAN)</text>
      <target FeatureID="true_109" href="SET_HLP_AP_SETTING_WLAN.html">จุดเชื่อมต่อ WLAN</target>
   </keywords>
   <keywords>
      <text FeatureID="-1">ป้องกันปุ่ม</text>
      <target FeatureID="-1" href="CP_HLP_AUTOKEYGUARD.html">การป้องกันปุ่มอัตโนมัติ</target>
   </keywords>
   <keywords>
      <text FeatureID="true_1581">ไดรฟ์ระยะไกล</text>
      <target FeatureID="true_1581" href="RD_HLP_REMOTE_DRIVE_CONFIG.html">การตั้งค่าไดรฟ์ระยะไกล</target>
      <target FeatureID="true_1581" href="RD_HLP_REMOTE_DRIVES.html">ไดรฟ์ระยะไกล</target>
   </keywords>
   <keywords>
      <text FeatureID="-1">การจำกัดการโทร</text>
      <target FeatureID="-1" href="SET_HLP_BARRING_SETTINGS.html">จำกัดการโทรสายสนทนา</target>
      <target FeatureID="true_298" href="DIV_HLP_BARRING_MAIN.html">จำกัดการโทร</target>
   </keywords>
   <keywords>
      <text FeatureID="-1">จำกัดโทร</text>
      <target FeatureID="-1" href="SET_HLP_BARRING_SETTINGS.html">จำกัดการโทรสายสนทนา</target>
      <target FeatureID="true_298" href="DIV_HLP_BARRING_MAIN.html">จำกัดการโทร</target>
   </keywords>
   <keywords>
      <text FeatureID="-1">การโอนสาย</text>
      <target FeatureID="true_89" href="DIV_HLP_CALL_FORW_VID.html">การโอนสายวิดีโอ</target>
      <target FeatureID="-1" href="DIV_HLP_CALL_FORW_MAIN.html">การโอนสาย</target>
      <target FeatureID="-1" href="DIV_HLP_CALL_FORW_VOI.html">โอนสายสนทนา</target>
   </keywords>
   <keywords>
      <text FeatureID="-1">การส่งต่อสาย</text>
      <target FeatureID="-1" href="DIV_HLP_CALL_FORW_MAIN.html">การโอนสาย</target>
   </keywords>
   <keywords>
      <text FeatureID="-1">การตั้งค่าการซิงโครไนซ์</text>
      <target FeatureID="-1" href="CP_HLP_SYNCHRONISATION.html">การตั้งค่าการซิงโครไนซ์</target>
   </keywords>
   <keywords>
      <text FeatureID="-1">การติดตั้งแอปพลิเคชั่น</text>
      <target FeatureID="-1" href="CP_HLP_INSTALLATIONS.html">การติดตั้ง</target>
   </keywords>
   <keywords>
      <text FeatureID="-1">การตั้งค่าหูฟัง</text>
      <target FeatureID="-1" href="SET_HLP_ACCESSORIES_HEADPHONE.html">การตั้งค่าหูฟัง</target>
   </keywords>
   <keywords>
      <text FeatureID="-1">การรตั้งรค่ารอุปกรณ์รเสริม</text>
      <target FeatureID="-1" href="SET_HLP_ACCESSORIES_HEADPHONE.html">การตั้งค่าหูฟัง</target>
   </keywords>
   <keywords>
      <text FeatureID="-1">การตั้งค่าชุดหูฟัง</text>
      <target FeatureID="-1" href="SET_HLP_ACCESSORIES_HEADSET.html">การตั้งค่าชุดหูฟัง</target>
   </keywords>
   <keywords>
      <text FeatureID="-1">การตั้งค่าชุดอุปกรณ์ติดรถยนต์แบบใช้สาย</text>
      <target FeatureID="-1" href="SET_HLP_ACCESS_WIRED_CK.html">การตั้งค่าชุดอุปกรณ์ติดรถยนต์แบบใช้สาย</target>
   </keywords>
   <keywords>
      <text FeatureID="-1">การตั้งค่าชุดโทรศัพท์ในรถยนต์</text>
      <target FeatureID="-1" href="SET_HLP_ACCESS_WIRED_CK.html">การตั้งค่าชุดอุปกรณ์ติดรถยนต์แบบใช้สาย</target>
   </keywords>
   <keywords>
      <text FeatureID="-1">การตั้งค่าแท่นเพลง</text>
      <target FeatureID="-1" href="SET_HLP_ACCESSORIES_MUSIC_ST.html">การตั้งค่าแท่นเพลง</target>
   </keywords>
   <keywords>
      <text FeatureID="true_1032">การตั้งค่า TTY</text>
      <target FeatureID="true_1032" href="SET_HLP_ACCESSORIES_TTY.html">การตั้งค่าเท็กซ์โฟน</target>
   </keywords>
   <keywords>
      <text FeatureID="true_1032">การตั้งค่า TDD</text>
      <target FeatureID="true_1032" href="SET_HLP_ACCESSORIES_TTY.html">การตั้งค่าเท็กซ์โฟน</target>
   </keywords>
   <keywords>
      <text FeatureID="true_1540">การตั้งค่าช่องสัญญาณออกของโทรทัศน์</text>
      <target FeatureID="true_1540" href="SET_HLP_ACCESSORIES_TVOUT.html">การตั้งค่าช่องสัญญาณออกของโทรทัศน์</target>
   </keywords>
   <keywords>
      <text FeatureID="true_410">การป้อนข้อความ</text>
      <target FeatureID="true_410" href="PREDINPUT_HLP_VIRT_ITI_SETT.html">การตั้งค่าการป้อนข้อมูล</target>
   </keywords>
   <keywords>
      <text FeatureID="-1">การป้อนข้อความแบบช่วยสะกดคำ</text>
      <target FeatureID="-1" href="PREDINPUT_HLP_VIRTUAL_ITI.html">การป้อนข้อความแบบช่วยสะกดคำ</target>
   </keywords>
   <keywords>
      <text FeatureID="-1">การตั้งค่า, การเรียกคืน</text>
      <target FeatureID="-1" href="SET_HLP_GENERAL_ORIG_SET.html">การเรียกคืนการตั้งค่าดั้งเดิม</target>
   </keywords>
   <keywords>
      <text FeatureID="-1">การเรียกคืนการตั้งค่า</text>
      <target FeatureID="-1" href="SET_HLP_GENERAL_ORIG_SET.html">การเรียกคืนการตั้งค่าดั้งเดิม</target>
   </keywords>
   <keywords>
      <text FeatureID="-1">การตั้งค่าจากโรงงาน, การเรียกคืน</text>
      <target FeatureID="-1" href="SET_HLP_GENERAL_ORIG_SET.html">การเรียกคืนการตั้งค่าดั้งเดิม</target>
   </keywords>
</keywords>