<?xml version="1.0" encoding="UTF-8"?><?xml-stylesheet  href="../../theme/xsl/index2html.xslt" type="text/xsl"?>
<topics FeatureID="-1" title="สมุดโทรศัพท์" compressed="true">
   <topicref FeatureID="-1" href="HLP_CCA_DETAILS.html" navtitle="รายละเอียดรายชื่อ"/>
   <topicref FeatureID="-1" href="HLP_CCA_LAUNCHER.html" navtitle="Contact cards"/>
   <topicref FeatureID="-1" href="PHOB_HLP_GROUP_LIST.html" navtitle="Contact groups"/>
   <topicref FeatureID="-1" href="PHOB_HLP_SIM_LIST.html" navtitle="ไดเรกทอรีรายชื่อในซิม"/>
   <topicref FeatureID="-1" href="PHOB_HLP_MY_NUMBERS.html" navtitle="เบอร์ของฉัน"/>
   <topicref FeatureID="-1" href="PHOB_HLP_GROUP_MEMBER_LIST.html" navtitle="สมาชิกในกลุ่ม"/>
   <topicref FeatureID="-1" href="PHOB_HLP_SETTINGS.html" navtitle="การตั้งค่ารายชื่อ"/>
   <topicref FeatureID="-1" href="PHOB_HLP_NAME_LIST.html" navtitle="รายชื่อ"/>
   <topicref FeatureID="-1" href="HLP_CCA_MY_CARD.html" navtitle="My Card"/>
   <topicref FeatureID="-1" href="RLOOK_HLP_INFO_VIEW.html" navtitle="การจัดการรายชื่อที่พบ"/>
   <topicref FeatureID="-1" href="HLP_CCA_EDITOR.html" navtitle="การแก้ไขบัตรรายชื่อ"/>
   <topicref FeatureID="-1" href="PHOB_HLP_CONTACT_INFO_VIEW.html" navtitle="บัตรรายชื่อ"/>
   <topicref FeatureID="-1" href="PHOB_HLP_EDIT_ENTRY.html" navtitle="การแก้ไขบัตรรายชื่อ"/>
   <topicref FeatureID="-1" href="FDN_HLP_FDN_NUMBER_VIEW.html" navtitle="รายชื่อจำกัดเบอร์"/>
   <topicref FeatureID="-1" href="FDN_HLP_FDN_VIEW.html" navtitle="การจำกัดการโทร"/>
   <topicref FeatureID="-1" href="SDN_HLP_APP.html" navtitle="หมายเลขบริการ"/>
   <topicref FeatureID="-1" href="PHOB_HLP_SIM_INFO_VIEW.html" navtitle="บัตรรายชื่อซิม"/>
</topics>