<?xml version="1.0" encoding="UTF-8"?>
<keywords>
   <keywords>
      <text FeatureID="-1">กลุ่มรายชื่อ</text>
      <target FeatureID="-1" href="PHOB_HLP_GROUP_LIST.html">กลุ่มรายชื่อ</target>
      <target FeatureID="-1" href="PHOB_HLP_GROUP_MEMBER_LIST.html">สมาชิกในกลุ่ม</target>
   </keywords>
   <keywords>
      <text FeatureID="-1">รายชื่อในซิม</text>
      <target FeatureID="-1" href="PHOB_HLP_SIM_LIST.html">ไดเรกทอรีรายชื่อในซิม</target>
      <target FeatureID="-1" href="PHOB_HLP_SIM_INFO_VIEW.html">บัตรรายชื่อซิม</target>
   </keywords>
   <keywords>
      <text FeatureID="-1">หมายเลขซิม</text>
      <target FeatureID="-1" href="PHOB_HLP_MY_NUMBERS.html">เบอร์ของฉัน</target>
   </keywords>
   <keywords>
      <text FeatureID="-1">ลำดับชื่อในรายชื่อ</text>
      <target FeatureID="-1" href="PHOB_HLP_SETTINGS.html">การตั้งค่ารายชื่อ</target>
   </keywords>
   <keywords>
      <text FeatureID="-1">หน่วยความจำรายชื่อ</text>
      <target FeatureID="-1" href="PHOB_HLP_SETTINGS.html">การตั้งค่ารายชื่อ</target>
   </keywords>
   <keywords>
      <text FeatureID="-1">หน่วยความจำที่ระบบตั้งไว้</text>
      <target FeatureID="-1" href="PHOB_HLP_SETTINGS.html">การตั้งค่ารายชื่อ</target>
   </keywords>
   <keywords>
      <text FeatureID="-1">ไดเรกทอรีรายชื่อ</text>
      <target FeatureID="-1" href="PHOB_HLP_NAME_LIST.html">รายชื่อ</target>
   </keywords>
   <keywords>
      <text FeatureID="-1">ข้อมูลรายชื่อ</text>
      <target FeatureID="-1" href="PHOB_HLP_NAME_LIST.html">รายชื่อ</target>
   </keywords>
   <keywords>
      <text FeatureID="-1">สมุดโทรศัพท์</text>
      <target FeatureID="-1" href="PHOB_HLP_NAME_LIST.html">รายชื่อ</target>
   </keywords>
   <keywords>
      <text FeatureID="-1">รายชื่อ</text>
      <target FeatureID="-1" href="RLOOK_HLP_INFO_VIEW.html">การจัดการรายชื่อที่พบ</target>
   </keywords>
   <keywords>
      <text FeatureID="-1">บัตรรายชื่อ</text>
      <target FeatureID="-1" href="PHOB_HLP_CONTACT_INFO_VIEW.html">บัตรรายชื่อ</target>
      <target FeatureID="-1" href="PHOB_HLP_EDIT_ENTRY.html">การแก้ไขบัตรรายชื่อ</target>
   </keywords>
   <keywords>
      <text FeatureID="-1">รายการสมุดโทรศัพท์</text>
      <target FeatureID="-1" href="PHOB_HLP_CONTACT_INFO_VIEW.html">บัตรรายชื่อ</target>
   </keywords>
   <keywords>
      <text FeatureID="-1">การจำกัดเบอร์</text>
      <target FeatureID="-1" href="FDN_HLP_FDN_NUMBER_VIEW.html">รายชื่อจำกัดเบอร์</target>
      <target FeatureID="-1" href="FDN_HLP_FDN_VIEW.html">การจำกัดการโทร</target>
   </keywords>
   <keywords>
      <text FeatureID="-1">การจำกัดการโทร</text>
      <target FeatureID="-1" href="FDN_HLP_FDN_VIEW.html">การจำกัดการโทร</target>
   </keywords>
   <keywords>
      <text FeatureID="-1">หมายเลขบริการ</text>
      <target FeatureID="-1" href="SDN_HLP_APP.html">หมายเลขบริการ</target>
   </keywords>
   <keywords>
      <text FeatureID="-1">หมายเลขบริการซิม</text>
      <target FeatureID="-1" href="SDN_HLP_APP.html">หมายเลขบริการ</target>
   </keywords>
   <keywords>
      <text FeatureID="-1">หมายเลขบริการบนซิมการ์ด</text>
      <target FeatureID="-1" href="SDN_HLP_APP.html">หมายเลขบริการ</target>
   </keywords>
   <keywords>
      <text FeatureID="-1">ซิมการ์ด</text>
      <target FeatureID="-1" href="PHOB_HLP_SIM_INFO_VIEW.html">บัตรรายชื่อซิม</target>
   </keywords>
</keywords>