<?xml version="1.0" encoding="UTF-8"?>
<keywords>
   <keywords>
      <text FeatureID="-1">Δεδομένα GPS</text>
      <target FeatureID="-1" href="HLP_BLID_NAVIGATION.html">Προβολή πλοήγησης</target>
      <target FeatureID="false_112" href="BLID_HLP_WAYPOINTS.html">Αποθηκευμένες τοποθεσίες</target>
      <target FeatureID="-1" href="HLP_BLID_TRIPMETER.html">Προβολή μήκους διαδρομής</target>
   </keywords>
   <keywords>
      <text FeatureID="-1">πλοήγηση στον προορισμό</text>
      <target FeatureID="-1" href="HLP_BLID_NAVIGATION.html">Προβολή πλοήγησης</target>
   </keywords>
   <keywords>
      <text FeatureID="false_112">αποθήκευση θέσεων</text>
      <target FeatureID="false_112" href="BLID_HLP_WAYPOINTS.html">Αποθηκευμένες τοποθεσίες</target>
   </keywords>
   <keywords>
      <text FeatureID="-1">ρυθμίσεις πλοήγησης</text>
      <target FeatureID="-1" href="BLID_HLP_SETTINGS.html">Ρυθμίσεις δεδομένων GPS</target>
   </keywords>
   <keywords>
      <text FeatureID="-1">Ρυθμίσεις δεδομένων GPS</text>
      <target FeatureID="-1" href="BLID_HLP_SETTINGS.html">Ρυθμίσεις δεδομένων GPS</target>
   </keywords>
   <keywords>
      <text FeatureID="-1">πληροφορίες ταξιδιού</text>
      <target FeatureID="-1" href="HLP_BLID_TRIPMETER.html">Προβολή μήκους διαδρομής</target>
      <target FeatureID="-1" href="HLP_BLID_TRIPMETER.html">Προβολή μήκους διαδρομής</target>
   </keywords>
</keywords>