<?xml version="1.0" encoding="UTF-8"?>
<keywords>
   <keywords>
      <text FeatureID="-1">meddelandeläsare, språk</text>
      <target FeatureID="-1" href="SPEECH_HLP_MAIN.html">Talinställningar</target>
   </keywords>
   <keywords>
      <text FeatureID="-1">meddelandeläsare, röst</text>
      <target FeatureID="-1" href="SPEECH_HLP_MAIN.html">Talinställningar</target>
   </keywords>
   <keywords>
      <text FeatureID="-1">meddelandeläsare</text>
      <target FeatureID="-1" href="SPEECH_HLP_VOICE.html">Röstdetaljer</target>
   </keywords>
   <keywords>
      <text FeatureID="-1">meddelandeläsare, inställningar</text>
      <target FeatureID="-1" href="SPEECH_HLP_MRSETTINGS.html">Inställningar för meddelandeläsare</target>
   </keywords>
</keywords>