<?xml version="1.0" encoding="UTF-8"?>
<keywords>
   <keywords>
      <text FeatureID="-1">gestione dispositivi</text>
      <target FeatureID="-1" href="DM_HLP_MAIN_VIEW.html">Software del dispositivo</target>
      <target FeatureID="-1" href="DM_HLP_SETTINGS.html">Impostazione profili server</target>
      <target FeatureID="-1" href="DM_HLP_SERVERS_VIEW.html">Configurazione remota</target>
   </keywords>
   <keywords>
      <text FeatureID="-1">impostazioni di configurazione</text>
      <target FeatureID="-1" href="DM_HLP_MAIN_VIEW.html">Software del dispositivo</target>
   </keywords>
   <keywords>
      <text FeatureID="-1">Gestione dispositivi</text>
      <target FeatureID="-1" href="FOTA_HLP_SETTINGS.html">Aggiornamenti software</target>
   </keywords>
   <keywords>
      <text FeatureID="-1">aggiornamenti software</text>
      <target FeatureID="-1" href="FOTA_HLP_SETTINGS.html">Aggiornamenti software</target>
   </keywords>
   <keywords>
      <text FeatureID="-1">profili server, impostazioni</text>
      <target FeatureID="-1" href="DM_HLP_SETTINGS.html">Impostazione profili server</target>
   </keywords>
   <keywords>
      <text FeatureID="-1">remota, configurazione</text>
      <target FeatureID="-1" href="DM_HLP_SERVERS_VIEW.html">Configurazione remota</target>
   </keywords>
</keywords>