<?xml version="1.0" encoding="UTF-8"?><?xml-stylesheet  href="../../theme/xsl/index2html.xslt" type="text/xsl"?>
<topics FeatureID="-1" title="個人化" compressed="true">
   <topicref FeatureID="-1" href="SKINS_HLP_LIST.html" navtitle="一般佈景主題"/>
   <topicref FeatureID="-1" href="SCREENSAVER_HLP_WP_SETTINGS.html" navtitle="投短片秀桌面圖案設定"/>
   <topicref FeatureID="-1" href="SKINS_HLP_WP_SETTINGS.html" navtitle="桌面圖案設定"/>
   <topicref FeatureID="-1" href="SKINS_HLP_SCREENS_SETTINGS.html" navtitle="螢幕保護設定"/>
   <topicref FeatureID="true_1503" href="SKINS_HLP_CIMAGE_SETTINGS.html" navtitle="選擇通話圖像"/>
   <topicref FeatureID="-1" href="SKINS_HLP_APPSHELL.html" navtitle="功能表檢視設定"/>
   <topicref FeatureID="-1" href="SKINS_HLP_APP_MAIN.html" navtitle="自訂螢幕顯示"/>
   <topicref FeatureID="-1" href="SKINS_HLP_APPSKINS_LIST.html" navtitle="應用程式佈景主題"/>
</topics>