<?xml version="1.0" encoding="UTF-8"?>
<keywords>
   <keywords>
      <text FeatureID="-1">ข้อความเสียง</text>
      <target FeatureID="-1" href="AUDIO_MSG_HLP_EDITOR.html">การสร้างข้อความเสียง</target>
   </keywords>
   <keywords>
      <text FeatureID="-1">ข้อความคลิปเสียง</text>
      <target FeatureID="-1" href="AUDIO_MSG_HLP_VIEWER.html">การฟังข้อความเสียง</target>
   </keywords>
</keywords>