<?xml version="1.0" encoding="UTF-8"?>
<keywords>
   <keywords>
      <text FeatureID="true_298">automātiskais atbildētājs</text>
      <target FeatureID="true_298" href="SMSVO_HLP_CS_VIDEO_AND_XSP_VOIP.html">Zvanu, video un interneta zvanu pastkaste</target>
   </keywords>
   <keywords>
      <text FeatureID="true_298">interneta zvanu pastkaste</text>
      <target FeatureID="true_298" href="SMSVO_HLP_CS_VIDEO_AND_XSP_VOIP.html">Zvanu, video un interneta zvanu pastkaste</target>
   </keywords>
   <keywords>
      <text FeatureID="true_298">zvanu pastkaste</text>
      <target FeatureID="true_298" href="SMSVO_HLP_CS_VIDEO_AND_XSP_VOIP.html">Zvanu, video un interneta zvanu pastkaste</target>
   </keywords>
   <keywords>
      <text FeatureID="-1">interneta zvani</text>
      <target FeatureID="-1" href="VOIP_HLP_CSC.html">Tīkla uzstādījumi</target>
      <target FeatureID="true_298" href="VOIP_HLP_SERVCATALOG.html">Pakalpojumu katalogs</target>
      <target FeatureID="-1" href="SERVTAB_HLP_SETTINGS.html">Pakalpojuma cilnes uzstādījumi</target>
   </keywords>
</keywords>