<?xml version="1.0" encoding="UTF-8"?>
<keywords>
   <keywords>
      <text FeatureID="true_298">автоответчик</text>
      <target FeatureID="true_298" href="SMSVO_HLP_CS_VIDEO_AND_XSP_VOIP.html">Автоответчик, видеоавтоответчик, автоответчик для Интернет-вызовов</target>
   </keywords>
   <keywords>
      <text FeatureID="true_298">автоответчик для Интернет-вызовов</text>
      <target FeatureID="true_298" href="SMSVO_HLP_CS_VIDEO_AND_XSP_VOIP.html">Автоответчик, видеоавтоответчик, автоответчик для Интернет-вызовов</target>
   </keywords>
   <keywords>
      <text FeatureID="true_298">голосовая почта</text>
      <target FeatureID="true_298" href="SMSVO_HLP_CS_VIDEO_AND_XSP_VOIP.html">Автоответчик, видеоавтоответчик, автоответчик для Интернет-вызовов</target>
   </keywords>
   <keywords>
      <text FeatureID="-1">Интернет-вызовы</text>
      <target FeatureID="-1" href="VOIP_HLP_CSC.html">Настройки сети</target>
      <target FeatureID="true_298" href="VOIP_HLP_SERVCATALOG.html">Каталог услуг</target>
      <target FeatureID="-1" href="SERVTAB_HLP_SETTINGS.html">Параметры вкладки обслуживания</target>
   </keywords>
</keywords>