<?xml version="1.0" encoding="UTF-8"?><?xml-stylesheet  href="../../theme/xsl/index2html.xslt" type="text/xsl"?>
<topics FeatureID="-1" title="Logid" compressed="true">
   <topicref FeatureID="-1" href="GPRS_HLP_MAIN.html" navtitle="Pakettandmesideühendused"/>
   <topicref FeatureID="-1" href="LOGS_HLP_COUNTER.html" navtitle="Kõne- ja and­meregister"/>
   <topicref FeatureID="-1" href="LOGS_HLP_DETAIL.html" navtitle="Logisündmuste teave"/>
   <topicref FeatureID="-1" href="LOGS_HLP_MAIN.html" navtitle="Logiteave"/>
   <topicref FeatureID="-1" href="LOGS_HLP_SETTING.html" navtitle="Logi seaded"/>
   <topicref FeatureID="-1" href="STM_HLP_DIALLED.html" navtitle="Valitud numbrid"/>
   <topicref FeatureID="-1" href="STM_HLP_MAIN.html" navtitle="Viimased kõned"/>
   <topicref FeatureID="-1" href="STM_HLP_MISSED.html" navtitle="Vastamata kõned"/>
   <topicref FeatureID="-1" href="STM_HLP_RECEIVED.html" navtitle="Vastuvõetud kõned"/>
   <topicref FeatureID="-1" href="TIMERS_HLP_MAIN.html" navtitle="Kõnede kestus"/>
</topics>