<?xml version="1.0" encoding="UTF-8"?>
<keywords>
   <keywords>
      <text FeatureID="-1">pakettandmesideühendused</text>
      <target FeatureID="-1" href="GPRS_HLP_MAIN.html">Pakettandmesideühendused</target>
      <target FeatureID="-1" href="LOGS_HLP_COUNTER.html">Kõne- ja and­meregister</target>
   </keywords>
   <keywords>
      <text FeatureID="-1">kõnede kestus</text>
      <target FeatureID="-1" href="LOGS_HLP_COUNTER.html">Kõne- ja and­meregister</target>
      <target FeatureID="-1" href="TIMERS_HLP_MAIN.html">Kõnede kestus</target>
   </keywords>
   <keywords>
      <text FeatureID="-1">viimased kõned</text>
      <target FeatureID="-1" href="LOGS_HLP_COUNTER.html">Kõne- ja and­meregister</target>
      <target FeatureID="-1" href="STM_HLP_MAIN.html">Viimased kõned</target>
   </keywords>
   <keywords>
      <text FeatureID="-1">logid</text>
      <target FeatureID="-1" href="LOGS_HLP_DETAIL.html">Logisündmuste teave</target>
      <target FeatureID="-1" href="LOGS_HLP_MAIN.html">Logiteave</target>
   </keywords>
   <keywords>
      <text FeatureID="-1">logi seaded</text>
      <target FeatureID="-1" href="LOGS_HLP_SETTING.html">Logi seaded</target>
   </keywords>
   <keywords>
      <text FeatureID="-1">valitud numbrid</text>
      <target FeatureID="-1" href="STM_HLP_DIALLED.html">Valitud numbrid</target>
   </keywords>
   <keywords>
      <text FeatureID="-1">kõnelogi</text>
      <target FeatureID="-1" href="STM_HLP_MAIN.html">Viimased kõned</target>
   </keywords>
   <keywords>
      <text FeatureID="-1">vastamata kõned</text>
      <target FeatureID="-1" href="STM_HLP_MISSED.html">Vastamata kõned</target>
   </keywords>
   <keywords>
      <text FeatureID="-1">vastuvõetud kõned</text>
      <target FeatureID="-1" href="STM_HLP_RECEIVED.html">Vastuvõetud kõned</target>
   </keywords>
   <keywords>
      <text FeatureID="-1">vastatud kõned</text>
      <target FeatureID="-1" href="STM_HLP_RECEIVED.html">Vastuvõetud kõned</target>
   </keywords>
   <keywords>
      <text FeatureID="-1">pikkus, kõned</text>
      <target FeatureID="-1" href="TIMERS_HLP_MAIN.html">Kõnede kestus</target>
   </keywords>
</keywords>