<?xml version="1.0" encoding="UTF-8"?>
<keywords>
   <keywords>
      <text FeatureID="-1">xestor de dispositivos</text>
      <target FeatureID="-1" href="DM_HLP_MAIN_VIEW.html">Software de dispositivos</target>
      <target FeatureID="-1" href="DM_HLP_SETTINGS.html">Axustes de perfil de servidor</target>
      <target FeatureID="-1" href="DM_HLP_SERVERS_VIEW.html">Configuración remota</target>
   </keywords>
   <keywords>
      <text FeatureID="-1">axustes de configuración</text>
      <target FeatureID="-1" href="DM_HLP_MAIN_VIEW.html">Software de dispositivos</target>
   </keywords>
   <keywords>
      <text FeatureID="-1">Xestor dispositivo</text>
      <target FeatureID="-1" href="FOTA_HLP_SETTINGS.html">Axustes de actualización de software</target>
   </keywords>
   <keywords>
      <text FeatureID="-1">axustes de actualización de software</text>
      <target FeatureID="-1" href="FOTA_HLP_SETTINGS.html">Axustes de actualización de software</target>
   </keywords>
   <keywords>
      <text FeatureID="-1">axustes de perfil de servidor</text>
      <target FeatureID="-1" href="DM_HLP_SETTINGS.html">Axustes de perfil de servidor</target>
   </keywords>
   <keywords>
      <text FeatureID="-1">configuración remota</text>
      <target FeatureID="-1" href="DM_HLP_SERVERS_VIEW.html">Configuración remota</target>
   </keywords>
</keywords>