<?xml version="1.0" encoding="UTF-8"?>
<keywords>
   <keywords>
      <text FeatureID="-1">mettre à jour le logiciel</text>
      <target FeatureID="-1" href="SWUPDATE_HLP_MAIN.html">Mise à jour de logiciel</target>
   </keywords>
   <keywords>
      <text FeatureID="-1">mise à jour du logiciel</text>
      <target FeatureID="-1" href="SWUPDATE_HLP_MAIN.html">Mise à jour de logiciel</target>
   </keywords>
   <keywords>
      <text FeatureID="-1">paramètres mises à jour</text>
      <target FeatureID="-1" href="SWUPDATE_HLP_SETTINGS.html">Paramètres mises à jour</target>
   </keywords>
</keywords>