<?xml version="1.0" encoding="UTF-8"?>
<keywords>
   <keywords>
      <text FeatureID="-1">同步處理</text>
      <target FeatureID="-1" href="DS_HLP_MAIN_VIEW.html">資料同步處理</target>
   </keywords>
   <keywords>
      <text FeatureID="-1">同步操作模式</text>
      <target FeatureID="-1" href="DS_HLP_MAIN_VIEW.html">資料同步處理</target>
   </keywords>
   <keywords>
      <text FeatureID="-1">同步操作模式設定</text>
      <target FeatureID="-1" href="DS_HLP_SETTINGS.html">修改同步操作模式</target>
   </keywords>
   <keywords>
      <text FeatureID="-1">同步處理設定</text>
      <target FeatureID="-1" href="DS_HLP_SETTINGS_CAL.html">日曆同步處理設定</target>
      <target FeatureID="-1" href="DS_HLP_SETTINGS_CNT.html">通訊錄同步處理設定</target>
      <target FeatureID="-1" href="DS_HLP_SETTINGS_NOTES.html">記事本同步處理設定</target>
      <target FeatureID="-1" href="DS_HLP_SETTINGS_SMS.html">短訊同步處理設定</target>
      <target FeatureID="true_44" href="DS_HLP_SETTINGS_SYNCML.html">電郵同步處理設定</target>
   </keywords>
</keywords>