<?xml version="1.0" encoding="UTF-8"?>
<keywords>
   <keywords>
      <text FeatureID="-1">sincronização</text>
      <target FeatureID="-1" href="DS_HLP_MAIN_VIEW.html">Sincronização dados</target>
   </keywords>
   <keywords>
      <text FeatureID="-1">perfis de sincronização</text>
      <target FeatureID="-1" href="DS_HLP_MAIN_VIEW.html">Sincronização dados</target>
   </keywords>
   <keywords>
      <text FeatureID="-1">confs. perfil de sincr.</text>
      <target FeatureID="-1" href="DS_HLP_SETTINGS.html">Editar perfis sincr.</target>
   </keywords>
   <keywords>
      <text FeatureID="-1">configurações de sincronização</text>
      <target FeatureID="-1" href="DS_HLP_SETTINGS_CAL.html">Configs. sincr. Calendário</target>
      <target FeatureID="-1" href="DS_HLP_SETTINGS_CNT.html">Configs. sincr. Contatos</target>
      <target FeatureID="-1" href="DS_HLP_SETTINGS_NOTES.html">Configurações de sincronização de notas</target>
      <target FeatureID="-1" href="DS_HLP_SETTINGS_SMS.html">Configurações de sincronização de SMS</target>
      <target FeatureID="true_44" href="DS_HLP_SETTINGS_SYNCML.html">Configs. sincr. e-mail</target>
   </keywords>
</keywords>