<?xml version="1.0" encoding="UTF-8"?>
<keywords>
   <keywords>
      <text FeatureID="-1">Fotod</text>
      <target FeatureID="-1" href="LGAL_HLP_ALBUM_LIST.html">Albumid</target>
      <target FeatureID="-1" href="LGAL_HLP_ALL_GRID.html">Kõigi meediumifailide sirvimine</target>
      <target FeatureID="-1" href="LGAL_HLP_ALBUM_GRID.html">Albumite meediumifailide sirvimine</target>
      <target FeatureID="-1" href="LGAL_HLP_TAGS_GRID.html">Sildistatud meediumifailide sirvimine</target>
      <target FeatureID="-1" href="LGAL_HLP_DETAILS_VIEW.html">Faili andmete kuvamine ja muutmine</target>
      <target FeatureID="-1" href="LGAL_HLP_TAGS_BROWSER.html">Sildid</target>
      <target FeatureID="-1" href="LGAL_HLP_MONTH_FULLSCREEN.html">Meediumifailide vaatamine kuude järgi</target>
      <target FeatureID="-1" href="LGAL_HLP_MONTH_GRID.html">Meediumifailide sirvimine kuude järgi</target>
      <target FeatureID="-1" href="LGAL_HLP_VIEW_LIST.html">Fotod</target>
      <target FeatureID="-1" href="LGAL_HLP_MONTH_LIST.html">Kuud</target>
      <target FeatureID="-1" href="LGAL_HLP_SLIDESHOW_SETTINGS.html">Slaidiseansi seaded</target>
      <target FeatureID="-1" href="LGAL_HLP_ALL_FULLSCREEN.html">Kõigi meediumifailide vaatamine</target>
      <target FeatureID="-1" href="LGAL_HLP_ALBUM_FULLSCREEN.html">Meediumifailide vaatamine albumites</target>
      <target FeatureID="-1" href="LGAL_HLP_TAGS_FULLSCREEN.html">Sildistatud meediumifailide vaatamine</target>
   </keywords>
   <keywords>
      <text FeatureID="-1">albumid</text>
      <target FeatureID="-1" href="LGAL_HLP_ALBUM_LIST.html">Albumid</target>
      <target FeatureID="-1" href="LGAL_HLP_ALBUM_GRID.html">Albumite meediumifailide sirvimine</target>
      <target FeatureID="-1" href="LGAL_HLP_VIEW_LIST.html">Fotod</target>
      <target FeatureID="-1" href="LGAL_HLP_ALBUM_FULLSCREEN.html">Meediumifailide vaatamine albumites</target>
   </keywords>
   <keywords>
      <text FeatureID="-1">sildid</text>
      <target FeatureID="-1" href="LGAL_HLP_TAGS_GRID.html">Sildistatud meediumifailide sirvimine</target>
      <target FeatureID="-1" href="LGAL_HLP_TAGS_BROWSER.html">Sildid</target>
      <target FeatureID="-1" href="LGAL_HLP_VIEW_LIST.html">Fotod</target>
      <target FeatureID="-1" href="LGAL_HLP_TAGS_FULLSCREEN.html">Sildistatud meediumifailide vaatamine</target>
   </keywords>
   <keywords>
      <text FeatureID="-1">slaidiseanss</text>
      <target FeatureID="-1" href="LGAL_HLP_SLIDESHOW_SETTINGS.html">Slaidiseansi seaded</target>
   </keywords>
</keywords>