<?xml version="1.0" encoding="UTF-8"?>
<keywords>
   <keywords>
      <text FeatureID="-1">teenuse­teate seaded</text>
      <target FeatureID="-1" href="WPUSH_HLP_SETTINGS.html">Teenuse­teate seaded</target>
   </keywords>
   <keywords>
      <text FeatureID="-1">tõukesõnumid</text>
      <target FeatureID="-1" href="WPUSH_HLP_VIEWER.html">Teenusesõnumite kuvamine</target>
   </keywords>
   <keywords>
      <text FeatureID="-1">teenusesõnumid</text>
      <target FeatureID="-1" href="WPUSH_HLP_VIEWER.html">Teenusesõnumite kuvamine</target>
   </keywords>
</keywords>