<?xml version="1.0" encoding="UTF-8"?>
<keywords>
   <keywords>
      <text FeatureID="-1">pantalla inicial</text>
      <target FeatureID="-1" href="SET_HLP_HOME_SCREEN.html">Pantalla principal</target>
      <target FeatureID="-1" href="SET_HLP_HOME_SCREEN_EDIT.html">Edició de la pantalla principal</target>
   </keywords>
   <keywords>
      <text FeatureID="-1">continguts</text>
      <target FeatureID="-1" href="WM_HLP_WIDGET_COLLECTION.html">Catàleg de continguts</target>
   </keywords>
</keywords>