<?xml version="1.0" encoding="UTF-8"?>
<keywords>
   <keywords>
      <text FeatureID="-1">mga pamamaraan sa pagpoposisyon</text>
      <target FeatureID="-1" href="LOC_HLP_SETTINGS.html">Mga setting sa pagpoposisyon</target>
   </keywords>
   <keywords>
      <text FeatureID="-1">pagpoposisyon ng server</text>
      <target FeatureID="-1" href="LOC_HLP_SETTINGS.html">Mga setting sa pagpoposisyon</target>
   </keywords>
   <keywords>
      <text FeatureID="-1">mga kagustuhan sa notasyon</text>
      <target FeatureID="-1" href="LOC_HLP_SETTINGS.html">Mga setting sa pagpoposisyon</target>
   </keywords>
</keywords>