<?xml version="1.0" encoding="UTF-8"?>
<keywords>
   <keywords>
      <text FeatureID="-1">parametrai, slankusis dangtelis</text>
      <target FeatureID="-1" href="SET_HLP_SETTINGS_KEYPAD_COVER.html">Slankiojo dangtelio naudojimo parametrai</target>
   </keywords>
   <keywords>
      <text FeatureID="-1">slankiojo dangtelio parametrai</text>
      <target FeatureID="-1" href="SET_HLP_SETTINGS_KEYPAD_COVER.html">Slankiojo dangtelio naudojimo parametrai</target>
   </keywords>
   <keywords>
      <text FeatureID="-1">prietaiso valdymas</text>
      <target FeatureID="-1" href="CP_HLP_DEVICE_MANAGEMENT.html">Prietaiso valdymas</target>
   </keywords>
   <keywords>
      <text FeatureID="true_109">EAP (angl. „Extensible Authentication Protocol“)</text>
      <target FeatureID="true_109" href="SET_HLP_WLAN_EAP_SIM.html">EAP-SIM parametrai</target>
   </keywords>
   <keywords>
      <text FeatureID="true_109">parametrai, WLAN</text>
      <target FeatureID="true_109" href="SET_HLP_WLAN_EAP_SIM.html">EAP-SIM parametrai</target>
   </keywords>
   <keywords>
      <text FeatureID="-1">apribojami prieigos taškai</text>
      <target FeatureID="-1" href="ACL_HLP_MAIN.html">Ryšių apribojimas</target>
   </keywords>
   <keywords>
      <text FeatureID="-1">ryšio parametrai</text>
      <target FeatureID="-1" href="SIP_HLP_PROF_PARAMS.html">SIP rinkinio parametrai</target>
      <target FeatureID="-1" href="SIP_HLP_MAIN.html">SIP parametrų rinkiniai</target>
      <target FeatureID="-1" href="SET_HLP_CONN_DEST_VIEW.html">Prisijungimo objekto rodinys</target>
      <target FeatureID="-1" href="SET_HLP_DEFAULT_CONN.html">Numatytasis ryšys</target>
      <target FeatureID="-1" href="SET_HLP_CONN_METHODS_VIEW.html">Prieigos taškų rodinys</target>
      <target FeatureID="true_1581" href="RD_HLP_REMOTE_DRIVE_CONFIG.html">Nuotolinio kaupiklio parametrai</target>
      <target FeatureID="true_1581" href="RD_HLP_REMOTE_DRIVES.html">Nuotoliniai kaupikliai</target>
   </keywords>
   <keywords>
      <text FeatureID="-1">SIP parametrai</text>
      <target FeatureID="-1" href="SIP_HLP_PROF_PARAMS.html">SIP rinkinio parametrai</target>
      <target FeatureID="-1" href="SIP_HLP_MAIN.html">SIP parametrų rinkiniai</target>
      <target FeatureID="-1" href="SIP_HLP_PROXY_PARAMS.html">SIP tarpinio serverio parametrai</target>
      <target FeatureID="-1" href="SIP_HLP_REGISTRAR_PARAM.html">Registravimo serverio parametrai</target>
   </keywords>
   <keywords>
      <text FeatureID="-1">registravimo serveris</text>
      <target FeatureID="-1" href="SIP_HLP_REGISTRAR_PARAM.html">Registravimo serverio parametrai</target>
   </keywords>
   <keywords>
      <text FeatureID="-1">prieigos taškai</text>
      <target FeatureID="-1" href="HLP_OCC_CONN_SETTINGS.html">Tinklo ryšiai</target>
      <target FeatureID="-1" href="SET_HLP_CONN_METHODS_VIEW.html">Prieigos taškų rodinys</target>
   </keywords>
   <keywords>
      <text FeatureID="-1">parametrai, ryšys</text>
      <target FeatureID="-1" href="HLP_OCC_CONN_SETTINGS.html">Tinklo ryšiai</target>
   </keywords>
   <keywords>
      <text FeatureID="-1">Prisijungimo objekto parametrai</text>
      <target FeatureID="-1" href="SET_HLP_CONN_DEST_VIEW.html">Prisijungimo objekto rodinys</target>
   </keywords>
   <keywords>
      <text FeatureID="-1">numatytasis ryšys</text>
      <target FeatureID="-1" href="SET_HLP_DEFAULT_CONN.html">Numatytasis ryšys</target>
   </keywords>
   <keywords>
      <text FeatureID="true_99">Virtualiojo privačiojo tinklo (toliau – VPT) prieigos taškai</text>
      <target FeatureID="true_99" href="SET_HLP_VPN_DEST_ASSOC_VIEW.html">VPT ryšiai</target>
   </keywords>
   <keywords>
      <text FeatureID="-1">programos ryšiai</text>
      <target FeatureID="-1" href="SET_HLP_APP_DEST_ASSOC_VIEW.html">Programos ryšiai</target>
   </keywords>
   <keywords>
      <text FeatureID="-1">programos parametrai</text>
      <target FeatureID="-1" href="CP_HLP_APPILICATION_SETTINGS.html">Programos parametrai</target>
   </keywords>
   <keywords>
      <text FeatureID="-1">skambučiai, parametrai</text>
      <target FeatureID="-1" href="SCP_HLP_CALL.html">Skambinimo parametrai</target>
   </keywords>
   <keywords>
      <text FeatureID="-1">parametrai, skambučiai</text>
      <target FeatureID="-1" href="SCP_HLP_CALL.html">Skambinimo parametrai</target>
   </keywords>
   <keywords>
      <text FeatureID="-1">ryšys</text>
      <target FeatureID="-1" href="CP_HLP_CONNECTIVITY.html">Ryšio parametrai</target>
   </keywords>
   <keywords>
      <text FeatureID="-1">valdymo skydelis</text>
      <target FeatureID="-1" href="CP_HLP_DISPLAY.html">Vaizdo parametrai</target>
      <target FeatureID="__DUAL_LANGUAGE_SUPPORT=true" href="CP_HLP_WRITING_LANGUAGE.html">Rašomoji kalba</target>
   </keywords>
   <keywords>
      <text FeatureID="-1">ekrano parametrai</text>
      <target FeatureID="-1" href="CP_HLP_DISPLAY.html">Vaizdo parametrai</target>
   </keywords>
   <keywords>
      <text FeatureID="-1">bendrieji parametrai</text>
      <target FeatureID="-1" href="CP_HLP_DEVICE.html">Prietaiso parametrai</target>
   </keywords>
   <keywords>
      <text FeatureID="-1">prietaiso parametrai</text>
      <target FeatureID="-1" href="CP_HLP_DEVICE.html">Prietaiso parametrai</target>
   </keywords>
   <keywords>
      <text FeatureID="-1">kalbos parametrai</text>
      <target FeatureID="-1" href="CP_HLP_LANGUAGE.html">Kalbos parametrai</target>
   </keywords>
   <keywords>
      <text FeatureID="-1">parametrai</text>
      <target FeatureID="-1" href="CP_HLP_MAIN_VIEW.html">Parametrai</target>
   </keywords>
   <keywords>
      <text FeatureID="-1">tinklo parametrai</text>
      <target FeatureID="-1" href="CP_HLP_NETWORK.html">Tinklo parametrai</target>
      <target FeatureID="-1" href="CP_HLP_NETWORK.html">Tinklo parametrai</target>
   </keywords>
   <keywords>
      <text FeatureID="-1">aplinka</text>
      <target FeatureID="-1" href="CP_HLP_PERSONAL.html">Asmeninis vaizdas</target>
   </keywords>
   <keywords>
      <text FeatureID="-1">tema</text>
      <target FeatureID="-1" href="CP_HLP_PERSONAL.html">Asmeninis vaizdas</target>
   </keywords>
   <keywords>
      <text FeatureID="-1">laukimo režimas</text>
      <target FeatureID="-1" href="CP_HLP_PERSONAL.html">Asmeninis vaizdas</target>
   </keywords>
   <keywords>
      <text FeatureID="-1">saugumas, parametrai</text>
      <target FeatureID="-1" href="CP_HLP_SECURITY.html">Saugos parametrai</target>
   </keywords>
   <keywords>
      <text FeatureID="-1">parametrai, saugumas</text>
      <target FeatureID="-1" href="CP_HLP_SECURITY.html">Saugos parametrai</target>
   </keywords>
   <keywords>
      <text FeatureID="-1">prietaiso, rakinimas</text>
      <target FeatureID="-1" href="SET_HLP_SECURITY_DEVICE_SIM.html">Prietaiso sauga</target>
   </keywords>
   <keywords>
      <text FeatureID="-1">saugumas</text>
      <target FeatureID="-1" href="SET_HLP_SECURITY_DEVICE_SIM.html">Prietaiso sauga</target>
   </keywords>
   <keywords>
      <text FeatureID="__DUAL_LANGUAGE_SUPPORT=true">rašomoji kalba</text>
      <target FeatureID="__DUAL_LANGUAGE_SUPPORT=true" href="CP_HLP_WRITING_LANGUAGE.html">Rašomoji kalba</target>
   </keywords>
   <keywords>
      <text FeatureID="-1">priedų parametrai</text>
      <target FeatureID="-1" href="SET_HLP_ACCESSORIES_LIST.html">Priedų parametrai</target>
      <target FeatureID="-1" href="SET_HLP_ACCESSORIES_HEADPHONE.html">Ausinių parametrai</target>
      <target FeatureID="-1" href="SET_HLP_ACCESSORIES_HEADSET.html">Ausinių-mikrofono parametrai</target>
      <target FeatureID="-1" href="SET_HLP_ACCESS_WIRED_CK.html">Laidinio automobilinio rinkinio parametrai</target>
      <target FeatureID="true_1032" href="SET_HLP_ACCESSORIES_TTY.html">Tekstinio telefono parametrai</target>
      <target FeatureID="true_1540" href="SET_HLP_ACCESSORIES_TVOUT.html">TV išvesties parametrai</target>
   </keywords>
   <keywords>
      <text FeatureID="-1">paketinių duomenų prieigos taškas</text>
      <target FeatureID="-1" href="SET_HLP_AP_SETTING_GPRS.html">Paketinių duomenų prieigos taškas</target>
   </keywords>
   <keywords>
      <text FeatureID="-1">paketinių duomenų parametrai</text>
      <target FeatureID="-1" href="SET_HLP_AP_SETTING_GPRS_AS.html">Papildomi paketinių duomenų parametrai</target>
   </keywords>
   <keywords>
      <text FeatureID="-1">paketinių duomenų prieigos taškai</text>
      <target FeatureID="-1" href="SET_HLP_AP_SETTING_GPRS_AS.html">Papildomi paketinių duomenų parametrai</target>
   </keywords>
   <keywords>
      <text FeatureID="true_1088 true_110">duomenų skambučių prieigos taškai</text>
      <target FeatureID="true_110" href="SET_HLP_AP_DATA_AS_IPV4.html">Duomenų skambučių IPv4 parametrai</target>
      <target FeatureID="true_1088" href="SET_HLP_AP_DATA_AS_IPV6.html">Duomenų skambučių IPv6 parametrai</target>
      <target FeatureID="true_110" href="SET_HLP_AP_SETTING_DATA_AS.html">Papildomi duomenų skambučių parametrai</target>
   </keywords>
   <keywords>
      <text FeatureID="true_110">prieigos taško parametrai</text>
      <target FeatureID="true_110" href="SET_HLP_AP_SETTING_DATA.html">Duomenų skambučių prieigos taškas</target>
      <target FeatureID="true_110" href="SET_HLP_AP_SETTING_DATA_AS.html">Papildomi duomenų skambučių parametrai</target>
   </keywords>
   <keywords>
      <text FeatureID="true_110">duomenų skambučių parametrai</text>
      <target FeatureID="true_110" href="SET_HLP_AP_SETTING_DATA.html">Duomenų skambučių prieigos taškas</target>
   </keywords>
   <keywords>
      <text FeatureID="-1">Virtualiojo privačiojo tinklo prieigos taškai</text>
      <target FeatureID="-1" href="SET_HLP_VPN_AP_SETTINGS_VIEW.html">Virtualiojo privačiojo tinklo prieigos taškų redagavimas</target>
   </keywords>
   <keywords>
      <text FeatureID="-1">virtualusis privatusis tinklas</text>
      <target FeatureID="-1" href="SET_HLP_VPN_AP_SETTINGS_VIEW.html">Virtualiojo privačiojo tinklo prieigos taškų redagavimas</target>
   </keywords>
   <keywords>
      <text FeatureID="-1">klaviatūros apsauga</text>
      <target FeatureID="-1" href="CP_HLP_AUTOKEYGUARD.html">Automatinė klaviatūros apsauga</target>
   </keywords>
   <keywords>
      <text FeatureID="true_1581">nuotoliniai kaupikliai</text>
      <target FeatureID="true_1581" href="RD_HLP_REMOTE_DRIVE_CONFIG.html">Nuotolinio kaupiklio parametrai</target>
      <target FeatureID="true_1581" href="RD_HLP_REMOTE_DRIVES.html">Nuotoliniai kaupikliai</target>
   </keywords>
   <keywords>
      <text FeatureID="-1">skambučių draudimas</text>
      <target FeatureID="-1" href="SET_HLP_BARRING_SETTINGS.html">Telefono skambučių draudimas</target>
      <target FeatureID="-1" href="SET_HLP_BARRING_SETTINGS.html">Telefono skambučių draudimas</target>
      <target FeatureID="true_298" href="DIV_HLP_BARRING_MAIN.html">Skambučių draudimas</target>
      <target FeatureID="true_298" href="DIV_HLP_BARRING_MAIN.html">Skambučių draudimas</target>
   </keywords>
   <keywords>
      <text FeatureID="-1">skambučių peradresavimas</text>
      <target FeatureID="true_89" href="DIV_HLP_CALL_FORW_VID.html">Vaizdo skambučių peradresavimas</target>
      <target FeatureID="-1" href="DIV_HLP_CALL_FORW_MAIN.html">Skambučių peradresavimas</target>
      <target FeatureID="-1" href="DIV_HLP_CALL_FORW_VOI.html">Balso skambučių peradres.</target>
   </keywords>
   <keywords>
      <text FeatureID="-1">skambučių persiuntimas</text>
      <target FeatureID="-1" href="DIV_HLP_CALL_FORW_MAIN.html">Skambučių peradresavimas</target>
   </keywords>
   <keywords>
      <text FeatureID="-1">sinchronizavimo parametrai</text>
      <target FeatureID="-1" href="CP_HLP_SYNCHRONISATION.html">Sinchronizavimo parametrai</target>
   </keywords>
   <keywords>
      <text FeatureID="-1">programų diegimas</text>
      <target FeatureID="-1" href="CP_HLP_INSTALLATIONS.html">Įdiegtos programos</target>
   </keywords>
   <keywords>
      <text FeatureID="-1">ausinių parametrai</text>
      <target FeatureID="-1" href="SET_HLP_ACCESSORIES_HEADPHONE.html">Ausinių parametrai</target>
      <target FeatureID="-1" href="SET_HLP_ACCESSORIES_HEADSET.html">Ausinių-mikrofono parametrai</target>
   </keywords>
   <keywords>
      <text FeatureID="-1">laidinio automobilinio rinkinio parametrai</text>
      <target FeatureID="-1" href="SET_HLP_ACCESS_WIRED_CK.html">Laidinio automobilinio rinkinio parametrai</target>
   </keywords>
   <keywords>
      <text FeatureID="-1">automobilinio rinkinio parametrai</text>
      <target FeatureID="-1" href="SET_HLP_ACCESS_WIRED_CK.html">Laidinio automobilinio rinkinio parametrai</target>
   </keywords>
   <keywords>
      <text FeatureID="-1">muzikinio laikiklio parametrai</text>
      <target FeatureID="-1" href="SET_HLP_ACCESSORIES_MUSIC_ST.html">Muzikinio laikiklio parametrai</target>
   </keywords>
   <keywords>
      <text FeatureID="true_1032">TTY parametrai</text>
      <target FeatureID="true_1032" href="SET_HLP_ACCESSORIES_TTY.html">Tekstinio telefono parametrai</target>
   </keywords>
   <keywords>
      <text FeatureID="true_1032">TDD parametrai</text>
      <target FeatureID="true_1032" href="SET_HLP_ACCESSORIES_TTY.html">Tekstinio telefono parametrai</target>
   </keywords>
   <keywords>
      <text FeatureID="true_1540">TV išvesties parametrai</text>
      <target FeatureID="true_1540" href="SET_HLP_ACCESSORIES_TVOUT.html">TV išvesties parametrai</target>
   </keywords>
   <keywords>
      <text FeatureID="true_410">teksto įvestis</text>
      <target FeatureID="true_410" href="PREDINPUT_HLP_VIRTUAL_ITI_SETTINGS.html">Įvesties parametrai</target>
   </keywords>
   <keywords>
      <text FeatureID="-1">išmanioji teksto įvestis</text>
      <target FeatureID="-1" href="PREDINPUT_HLP_VIRTUAL_ITI.html">Išmanioji teksto įvestis</target>
   </keywords>
   <keywords>
      <text FeatureID="-1">parametrai, atkūrimas</text>
      <target FeatureID="-1" href="SET_HLP_GENERAL_ORIG_SET.html">Pradinių parametrų atkūrimas</target>
   </keywords>
   <keywords>
      <text FeatureID="-1">parametrų atkūrimas</text>
      <target FeatureID="-1" href="SET_HLP_GENERAL_ORIG_SET.html">Pradinių parametrų atkūrimas</target>
   </keywords>
   <keywords>
      <text FeatureID="-1">gamintojo parametrai, atkūrimas</text>
      <target FeatureID="-1" href="SET_HLP_GENERAL_ORIG_SET.html">Pradinių parametrų atkūrimas</target>
   </keywords>
</keywords>