<?xml version="1.0" encoding="UTF-8"?>
<keywords>
   <keywords>
      <text FeatureID="-1">beveiligingsmodule</text>
      <target FeatureID="-1" href="SECMOD_HLP_ACCESSCODE_VIEW.html">PIN-code voor beveiligingsmodule</target>
      <target FeatureID="-1" href="SECMOD_HLP_MAIN_VIEW.html">Beveiligingsmodule</target>
      <target FeatureID="-1" href="SEMOD_HLP_SIGNINGCODE_VIEW.html">Ondertekeningscode bewerken</target>
   </keywords>
   <keywords>
      <text FeatureID="-1">PIN-code</text>
      <target FeatureID="-1" href="SECMOD_HLP_ACCESSCODE_VIEW.html">PIN-code voor beveiligingsmodule</target>
   </keywords>
   <keywords>
      <text FeatureID="-1">beveiligingsmodule, codes</text>
      <target FeatureID="-1" href="SECMOD_HLP_CODE_VIEW.html">Codes voor beveiligingsmodule</target>
   </keywords>
   <keywords>
      <text FeatureID="-1">PIN-code voor beveiligingsmodule</text>
      <target FeatureID="-1" href="SECMOD_HLP_CODE_VIEW.html">Codes voor beveiligingsmodule</target>
   </keywords>
   <keywords>
      <text FeatureID="-1">sleutelopslag</text>
      <target FeatureID="-1" href="SECMOD_HLP_MAIN_VIEW.html">Beveiligingsmodule</target>
   </keywords>
   <keywords>
      <text FeatureID="-1">ondertekeningscode</text>
      <target FeatureID="-1" href="SEMOD_HLP_SIGNINGCODE_VIEW.html">Ondertekeningscode bewerken</target>
   </keywords>
   <keywords>
      <text FeatureID="-1">digitale handtekeningen</text>
      <target FeatureID="-1" href="SEMOD_HLP_SIGNINGCODE_VIEW.html">Ondertekeningscode bewerken</target>
   </keywords>
</keywords>