<?xml version="1.0" encoding="UTF-8"?>
<keywords>
   <keywords>
      <text FeatureID="-1">configuració de correu electrònic</text>
      <target FeatureID="-1" href="MBXS_HLP_SETT_DOWNL_CTRL.html">Configuració de la recuperació del correu electrònic</target>
      <target FeatureID="-1" href="MBXS_HLP_SETT_DOWNL_RETR.html">Quantitat de recuperació de correu electrònic</target>
      <target FeatureID="-1" href="MBXS_HLP_SETT_MBX_IN.html">Configuració del correu electrònic entrant</target>
      <target FeatureID="-1" href="MBXS_HLP_SETT_MBX_IN_OUT.html">Configuració de connexió</target>
      <target FeatureID="-1" href="MBXS_HLP_SETT_MBX_OUT.html">Configuració del correu electrònic de sortida</target>
      <target FeatureID="-1" href="MCE_HLP_SETTINGS_EMAIL.html">Configuració del correu electrònic</target>
      <target FeatureID="-1" href="MCE_HLP_SETT_EMAILMAIN.html">Editeu les bústies de correu</target>
      <target FeatureID="-1" href="MCE_HLP_SETT_MAILBLIST.html">Bústies de correu</target>
      <target FeatureID="-1" href="MCE_HLP_SETT_MAILFOLDER_UPD.html">Carpetes de la bústia de correu</target>
      <target FeatureID="true_1633" href="MCE_HLP_SETT_MAIL_ONLI.html">Recuperació automàtica</target>
   </keywords>
   <keywords>
      <text FeatureID="-1">configuració de la bústia de correu</text>
      <target FeatureID="-1" href="MCE_HLP_SETT_EMAILMAIN.html">Editeu les bústies de correu</target>
   </keywords>
   <keywords>
      <text FeatureID="-1">bústia de correu</text>
      <target FeatureID="-1" href="MCE_HLP_SETT_MAILBLIST.html">Bústies de correu</target>
      <target FeatureID="-1" href="MCE_HLP_MAILBOX_ONLINE.html">Correu electrònic en línia</target>
   </keywords>
   <keywords>
      <text FeatureID="-1">carpetes de la bústia de correu</text>
      <target FeatureID="-1" href="MCE_HLP_SETT_MAILFOLDER_UPD.html">Carpetes de la bústia de correu</target>
   </keywords>
   <keywords>
      <text FeatureID="-1">configuració d'usuari</text>
      <target FeatureID="-1" href="MCE_HLP_SETT_MAIL_USER.html">Configuració d'usuari</target>
   </keywords>
   <keywords>
      <text FeatureID="true_44">configuració de bústies de sincronització</text>
      <target FeatureID="true_44" href="MCE_HLP_SETT_SMAILBOX.html">Configuració de bústies de sincronització</target>
   </keywords>
   <keywords>
      <text FeatureID="true_44">configuració de sincronització del correu electrònic</text>
      <target FeatureID="true_44" href="MCE_HLP_SETT_SMAILBOX.html">Configuració de bústies de sincronització</target>
   </keywords>
   <keywords>
      <text FeatureID="-1">correu electrònic fora de línia</text>
      <target FeatureID="-1" href="MCE_HLP_MAILBOX_OFFLINE.html">Correu electrònic fora de línia</target>
   </keywords>
   <keywords>
      <text FeatureID="-1">connexió a la bústia</text>
      <target FeatureID="-1" href="MCE_HLP_MAILBOX_ONLINE.html">Correu electrònic en línia</target>
   </keywords>
   <keywords>
      <text FeatureID="-1">correu electrònic en línia</text>
      <target FeatureID="-1" href="MCE_HLP_MAILBOX_ONLINE.html">Correu electrònic en línia</target>
      <target FeatureID="-1" href="MCE_HLP_MAILBOX_ONLINE.html">Correu electrònic en línia</target>
   </keywords>
</keywords>