<?xml version="1.0" encoding="UTF-8"?>
<keywords>
   <keywords>
      <text FeatureID="-1">сертификати за достъп</text>
      <target FeatureID="-1" href="CM_HLP_AUTHORITY.html">Сертификати за достъп</target>
   </keywords>
   <keywords>
      <text FeatureID="-1">сертификати</text>
      <target FeatureID="-1" href="CM_HLP_AUTHORITY.html">Сертификати за достъп</target>
      <target FeatureID="-1" href="CM_HLP_DEVICE.html">Сертификати за устройства</target>
      <target FeatureID="-1" href="CM_HLP_MAIN.html">Управление на сертификатите</target>
      <target FeatureID="-1" href="CM_HLP_PERSONAL.html">Лични сертификати</target>
      <target FeatureID="-1" href="CM_HLP_TRUSTED_SITE.html">Сертиф. за доверени стр.</target>
      <target FeatureID="-1" href="CM_HLP_TRUST_SETTINGS.html">Редакт. настройки за доверие</target>
   </keywords>
   <keywords>
      <text FeatureID="-1">сертификати за защита</text>
      <target FeatureID="-1" href="CM_HLP_AUTHORITY.html">Сертификати за достъп</target>
      <target FeatureID="-1" href="CM_HLP_MAIN.html">Управление на сертификатите</target>
   </keywords>
   <keywords>
      <text FeatureID="-1">сертификати за устройства</text>
      <target FeatureID="-1" href="CM_HLP_DEVICE.html">Сертификати за устройства</target>
   </keywords>
   <keywords>
      <text FeatureID="-1">лични сертификати</text>
      <target FeatureID="-1" href="CM_HLP_PERSONAL.html">Лични сертификати</target>
   </keywords>
   <keywords>
      <text FeatureID="-1">сертиф. за доверени Интернет стр.</text>
      <target FeatureID="-1" href="CM_HLP_TRUSTED_SITE.html">Сертиф. за доверени стр.</target>
   </keywords>
   <keywords>
      <text FeatureID="-1">настройки за доверие</text>
      <target FeatureID="-1" href="CM_HLP_TRUST_SETTINGS.html">Редакт. настройки за доверие</target>
   </keywords>
</keywords>