<?xml version="1.0" encoding="UTF-8"?>
<keywords>
   <keywords>
      <text FeatureID="-1">fotocamera</text>
      <target FeatureID="-1" href="LCAM_HLP_VIEWFINDER_PHOTO.html">Acquisire foto</target>
      <target FeatureID="false_410" href="LCAM_HLP_LIGHT_SENSITIVITY.html">Modificare la sensibilità della luce</target>
      <target FeatureID="-1" href="LCAM_HLP_SCENES_PHOTO.html">Scene foto</target>
      <target FeatureID="-1" href="LCAM_HLP_VIEWFINDER_VIDEO.html">Registrare clip video</target>
      <target FeatureID="false_410" href="LCAM_HLP_SCENES_VIDEO.html">Scene video</target>
      <target FeatureID="-1" href="LCAM_HLP_VIEWFINDER_VIDEO_EM.html">Video in applicazioni</target>
      <target FeatureID="false_410" href="LCAM_HLP_STANDYBY_EM.html">Fotocamera non attiva</target>
      <target FeatureID="-1" href="LCAM_HLP_POST_VIDEO.html">Riprodurre clip video</target>
      <target FeatureID="-1" href="LCAM_HLP_POST_PHOTO.html">Visualizzare le foto acquisite</target>
      <target FeatureID="true_132" href="LCAM_HLP_POST_SEQ.html">Visualizzare le foto acquisite in sequenza</target>
   </keywords>
   <keywords>
      <text FeatureID="-1">acquisizione di foto</text>
      <target FeatureID="-1" href="LCAM_HLP_VIEWFINDER_PHOTO.html">Acquisire foto</target>
   </keywords>
   <keywords>
      <text FeatureID="false_410">sensibilità della luce</text>
      <target FeatureID="false_410" href="LCAM_HLP_LIGHT_SENSITIVITY.html">Modificare la sensibilità della luce</target>
   </keywords>
   <keywords>
      <text FeatureID="-1">fotocamera, scene</text>
      <target FeatureID="-1" href="LCAM_HLP_SETTINGS_PHOUSER.html">Definire le scene</target>
   </keywords>
   <keywords>
      <text FeatureID="-1">scene</text>
      <target FeatureID="-1" href="LCAM_HLP_SCENES_PHOTO.html">Scene foto</target>
   </keywords>
   <keywords>
      <text FeatureID="-1">fotocamera, impostazioni</text>
      <target FeatureID="-1" href="LCAM_HLP_SETTINGS.html">Impostazioni fotocamera</target>
      <target FeatureID="-1" href="LCAM_HLP_SETTINGS_PHOTO.html">Impostazioni foto</target>
      <target FeatureID="-1" href="LCAM_HLP_SETTINGS_VIDEO.html">Impostazioni del video</target>
   </keywords>
   <keywords>
      <text FeatureID="-1">registrazione video</text>
      <target FeatureID="-1" href="LCAM_HLP_VIEWFINDER_VIDEO.html">Registrare clip video</target>
   </keywords>
   <keywords>
      <text FeatureID="false_410">scene video</text>
      <target FeatureID="false_410" href="LCAM_HLP_SCENES_VIDEO.html">Scene video</target>
   </keywords>
   <keywords>
      <text FeatureID="-1">video, impostazioni</text>
      <target FeatureID="-1" href="LCAM_HLP_SETTINGS_VIDEO.html">Impostazioni del video</target>
   </keywords>
   <keywords>
      <text FeatureID="-1">clip video in applicazioni</text>
      <target FeatureID="-1" href="LCAM_HLP_VIEWFINDER_VIDEO_EM.html">Video in applicazioni</target>
   </keywords>
   <keywords>
      <text FeatureID="-1">riproduzione di clip video</text>
      <target FeatureID="-1" href="LCAM_HLP_POST_VIDEO.html">Riprodurre clip video</target>
   </keywords>
   <keywords>
      <text FeatureID="-1">fotocamera nelle applicazioni</text>
      <target FeatureID="-1" href="LCAM_HLP_VIEWFINDER_PHOTO_EM.html">Immagini nelle applicazioni</target>
   </keywords>
   <keywords>
      <text FeatureID="-1">visualizzazione di foto</text>
      <target FeatureID="-1" href="LCAM_HLP_POST_PHOTO.html">Visualizzare le foto acquisite</target>
   </keywords>
   <keywords>
      <text FeatureID="true_132">modalità sequenza</text>
      <target FeatureID="true_132" href="LCAM_HLP_POST_SEQ.html">Visualizzare le foto acquisite in sequenza</target>
   </keywords>
</keywords>