<?xml version="1.0" encoding="UTF-8"?>
<keywords>
   <keywords>
      <text FeatureID="true_24">Varnostni modul</text>
      <target FeatureID="-1" href="SECMOD_HLP_ACCESSCODE_VIEW.html">Koda PIN varnost. modul</target>
      <target FeatureID="-1" href="SECMOD_HLP_MAIN_VIEW.html">Varnostni modul</target>
      <target FeatureID="-1" href="SEMOD_HLP_SIGNINGCODE_VIEW.html">Urejanje vpisne kode</target>
   </keywords>
   <keywords>
      <text FeatureID="true_24">koda PIN</text>
      <target FeatureID="-1" href="SECMOD_HLP_ACCESSCODE_VIEW.html">Koda PIN varnost. modul</target>
   </keywords>
   <keywords>
      <text FeatureID="true_24">kode varnost. modulov</text>
      <target FeatureID="-1" href="SECMOD_HLP_CODE_VIEW.html">Kode varnost. modulov</target>
   </keywords>
   <keywords>
      <text FeatureID="true_24">koda PIN za varnostne module</text>
      <target FeatureID="-1" href="SECMOD_HLP_CODE_VIEW.html">Kode varnost. modulov</target>
   </keywords>
   <keywords>
      <text FeatureID="true_24">shramba ključev</text>
      <target FeatureID="-1" href="SECMOD_HLP_MAIN_VIEW.html">Varnostni modul</target>
   </keywords>
   <keywords>
      <text FeatureID="true_24">vpisna koda</text>
      <target FeatureID="-1" href="SEMOD_HLP_SIGNINGCODE_VIEW.html">Urejanje vpisne kode</target>
   </keywords>
   <keywords>
      <text FeatureID="true_24">elektronski podpisi</text>
      <target FeatureID="-1" href="SEMOD_HLP_SIGNINGCODE_VIEW.html">Urejanje vpisne kode</target>
   </keywords>
</keywords>