<?xml version="1.0" encoding="UTF-8"?>
<keywords>
   <keywords>
      <text FeatureID="-1">звукові теми</text>
      <target FeatureID="-1" href="AUDIOTHEME_HLP_EVENTGROUPS.html">Зміна звукових тем</target>
      <target FeatureID="-1" href="SET_HLP_AUDIO_THEME_EVENTSLIST.html">Звуки подій пристрою</target>
   </keywords>
   <keywords>
      <text FeatureID="-1">персоналізація пристрою</text>
      <target FeatureID="-1" href="AUDIOTHEME_HLP_EVENTGROUPS.html">Зміна звукових тем</target>
      <target FeatureID="-1" href="SET_HLP_AUDIO_THEME_EVENTSLIST.html">Звуки подій пристрою</target>
   </keywords>
   <keywords>
      <text FeatureID="-1">звуки пристрою</text>
      <target FeatureID="-1" href="AUDIOTHEME_HLP_EVENTGROUPS.html">Зміна звукових тем</target>
      <target FeatureID="-1" href="SET_HLP_AUDIO_THEME_EVENTSLIST.html">Звуки подій пристрою</target>
   </keywords>
</keywords>