<?xml version="1.0" encoding="UTF-8"?>
<keywords>
   <keywords>
      <text FeatureID="true_1604">навчання рукописному введенню</text>
      <target FeatureID="true_1604" href="HWRT_HLP_MAIN_VIEW.html">Навчання рукописному введенню</target>
   </keywords>
   <keywords>
      <text FeatureID="true_1604">ярлики рукописного введення</text>
      <target FeatureID="true_1604" href="HWRT_HLP_SHORTCUTS_MAIN_VIEW.html">Ярлики рукописного введення</target>
   </keywords>
</keywords>