<?xml version="1.0" encoding="UTF-8"?>
<keywords>
   <keywords>
      <text FeatureID="-1">lokalitetskategorier</text>
      <target FeatureID="-1" href="LM_HLP_LM_BY_CATEGORY.html">Lokalitets­kategorier</target>
      <target FeatureID="-1" href="LM_HLP_EDIT_CATEGORIES.html">Redigere lokalitetskategorier</target>
   </keywords>
   <keywords>
      <text FeatureID="-1">lokaliteter</text>
      <target FeatureID="-1" href="LM_HLP_LM_BY_NAME.html">Lokaliteter vist efter navn</target>
      <target FeatureID="-1" href="LM_HLP_CATEGORY_CONTENTS.html">Lokaliteter i kategorier</target>
      <target FeatureID="-1" href="LM_HLP_LM_VIEWER.html">Lokalitets­oplysninger</target>
   </keywords>
   <keywords>
      <text FeatureID="-1">redigere lokaliteter</text>
      <target FeatureID="-1" href="LM_HLP_LM_EDITOR.html">Redigere lokalitet</target>
   </keywords>
</keywords>