<?xml version="1.0" encoding="UTF-8"?>
<keywords>
   <keywords>
      <text FeatureID="-1">播放 Flash 文件</text>
      <target FeatureID="-1" href="FLITE_HLP_STOPPED.html">结束 Flash 播放</target>
      <target FeatureID="-1" href="FLITE_HLP_VIEWER_PAUSED.html">暂停播放 Flash</target>
      <target FeatureID="-1" href="FLITE_HLP_VIEWER_PLAY.html">播放 Flash 文件</target>
   </keywords>
   <keywords>
      <text FeatureID="-1">Flash 播放器</text>
      <target FeatureID="-1" href="FLITE_HLP_STOPPED.html">结束 Flash 播放</target>
      <target FeatureID="-1" href="FLITE_HLP_VIEWER_PAUSED.html">暂停播放 Flash</target>
      <target FeatureID="-1" href="FLITE_HLP_VIEWER_PLAY.html">播放 Flash 文件</target>
   </keywords>
</keywords>