<?xml version="1.0" encoding="UTF-8"?>
<keywords>
   <keywords>
      <text FeatureID="-1">transfer data</text>
      <target FeatureID="-1" href="SWITCH_HLP_EDIT_SHORTCUT.html">Pengaturan cara pintas</target>
      <target FeatureID="-1" href="SWITCH_HLP_MAIN.html">Data transfer</target>
      <target FeatureID="-1" href="SWITCH_HLP_LOG.html">Log transfer</target>
   </keywords>
   <keywords>
      <text FeatureID="-1">mentransfer data</text>
      <target FeatureID="-1" href="SWITCH_HLP_EDIT_SHORTCUT.html">Pengaturan cara pintas</target>
      <target FeatureID="-1" href="SWITCH_HLP_MAIN.html">Data transfer</target>
   </keywords>
   <keywords>
      <text FeatureID="-1">cara pintas</text>
      <target FeatureID="-1" href="SWITCH_HLP_EDIT_SHORTCUT.html">Pengaturan cara pintas</target>
   </keywords>
   <keywords>
      <text FeatureID="-1">transfer data, pertentangan</text>
      <target FeatureID="-1" href="SWITCH_HLP_CONFLICT.html">Konflik transfer</target>
   </keywords>
   <keywords>
      <text FeatureID="-1">menyalin konten</text>
      <target FeatureID="-1" href="SWITCH_HLP_MAIN.html">Data transfer</target>
   </keywords>
   <keywords>
      <text FeatureID="-1">log transfer</text>
      <target FeatureID="-1" href="SWITCH_HLP_LOG.html">Log transfer</target>
   </keywords>
</keywords>