<?xml version="1.0" encoding="UTF-8"?>
<keywords>
   <keywords>
      <text FeatureID="-1">postcard</text>
      <target FeatureID="-1" href="MMS_POSTCARD_HLP_ADDRESS_EDIT.html">تحرير العناوين</target>
      <target FeatureID="-1" href="POSTCARD_HLP_ADDRESS_VIEW.html">عرض العناوين</target>
      <target FeatureID="-1" href="POSTCARD_HLP_GREETING_EDIT.html">كتابة رسائل الترحيب</target>
      <target FeatureID="-1" href="POSTCARD_HLP_GREETING_VIEW.html">عرض رسائل الترحيب</target>
   </keywords>
   <keywords>
      <text FeatureID="-1">إرسال بطاقات بريدية</text>
      <target FeatureID="-1" href="MMS_POSTCARD_HLP_ADDRESS_EDIT.html">تحرير العناوين</target>
      <target FeatureID="-1" href="POSTCARD_HLP_GREETING_EDIT.html">كتابة رسائل الترحيب</target>
      <target FeatureID="-1" href="MMS_POSTCARD_HLP_MAIN_EDIT.html">إنشاء البطاقات البريدية</target>
   </keywords>
   <keywords>
      <text FeatureID="-1">بطاقات بريدية</text>
      <target FeatureID="-1" href="MMS_POSTCARD_HLP_MAIN_VIEW.html">عرض البطاقات البريدية</target>
   </keywords>
   <keywords>
      <text FeatureID="-1">بطاقة بريدية</text>
      <target FeatureID="-1" href="MMS_POSTCARD_HLP_MAIN_EDIT.html">إنشاء البطاقات البريدية</target>
   </keywords>
</keywords>