<?xml version="1.0" encoding="UTF-8"?>
<keywords>
   <keywords>
      <text FeatureID="true_298">répondeur</text>
      <target FeatureID="true_298" href="SMSVO_HLP_CS_VIDEO_AND_XSP_VOIP.html">Boîte aux lettres appels, vidéos et ToIP</target>
   </keywords>
   <keywords>
      <text FeatureID="true_298">boîte aux lettres ToIP</text>
      <target FeatureID="true_298" href="SMSVO_HLP_CS_VIDEO_AND_XSP_VOIP.html">Boîte aux lettres appels, vidéos et ToIP</target>
   </keywords>
   <keywords>
      <text FeatureID="true_298">boîte aux lettres d'appel</text>
      <target FeatureID="true_298" href="SMSVO_HLP_CS_VIDEO_AND_XSP_VOIP.html">Boîte aux lettres appels, vidéos et ToIP</target>
   </keywords>
   <keywords>
      <text FeatureID="-1">appels Internet</text>
      <target FeatureID="-1" href="VOIP_HLP_CSC.html">Param. Net</target>
      <target FeatureID="true_298" href="VOIP_HLP_SERVCATALOG.html">Catalogue de services</target>
      <target FeatureID="-1" href="SERVTAB_HLP_SETTINGS.html">Paramètres de l'onglet Service</target>
   </keywords>
</keywords>