<?xml version="1.0" encoding="UTF-8"?>
<keywords>
   <keywords>
      <text FeatureID="-1">e-mailinstellingen</text>
      <target FeatureID="-1" href="MBXS_HLP_SETT_DOWNL_CTRL.html">Downloadinstellingen voor e-mail</target>
      <target FeatureID="-1" href="MBXS_HLP_SETT_DOWNL_RETR.html">Downloadaantal voor e-mail</target>
      <target FeatureID="-1" href="MBXS_HLP_SETT_MBX_IN.html">Instellingen voor inkomende e-mail</target>
      <target FeatureID="-1" href="MBXS_HLP_SETT_MBX_IN_OUT.html">Verbindingsinstellingen</target>
      <target FeatureID="-1" href="MBXS_HLP_SETT_MBX_OUT.html">Instellingen voor uitgaande e-mail</target>
      <target FeatureID="-1" href="MCE_HLP_SETTINGS_EMAIL.html">E-mailinstellingen</target>
      <target FeatureID="-1" href="MCE_HLP_SETT_EMAILMAIN.html">Mailboxen bewerken</target>
      <target FeatureID="-1" href="MCE_HLP_SETT_MAILBLIST.html">Mailboxen</target>
      <target FeatureID="-1" href="MCE_HLP_SETT_MAILFOLDER_UPD.html">Mailboxmappen</target>
      <target FeatureID="true_1633" href="MCE_HLP_SETT_MAIL_ONLI.html">Automatisch downloaden</target>
   </keywords>
   <keywords>
      <text FeatureID="-1">mailboxinstellingen</text>
      <target FeatureID="-1" href="MCE_HLP_SETT_EMAILMAIN.html">Mailboxen bewerken</target>
   </keywords>
   <keywords>
      <text FeatureID="-1">mailbox</text>
      <target FeatureID="-1" href="MCE_HLP_SETT_MAILBLIST.html">Mailboxen</target>
      <target FeatureID="-1" href="MCE_HLP_MAILBOX_ONLINE.html">Online e-mail</target>
   </keywords>
   <keywords>
      <text FeatureID="-1">mailboxmappen</text>
      <target FeatureID="-1" href="MCE_HLP_SETT_MAILFOLDER_UPD.html">Mailboxmappen</target>
   </keywords>
   <keywords>
      <text FeatureID="-1">gebruikersinstellingen</text>
      <target FeatureID="-1" href="MCE_HLP_SETT_MAIL_USER.html">Gebruikersinstellingen</target>
   </keywords>
   <keywords>
      <text FeatureID="true_44">mailboxsynchronisatie, instellingen</text>
      <target FeatureID="true_44" href="MCE_HLP_SETT_SMAILBOX.html">Instellingen voor mailboxsynchronisatie</target>
   </keywords>
   <keywords>
      <text FeatureID="true_44">e-mailsynchronisatie, instellingen</text>
      <target FeatureID="true_44" href="MCE_HLP_SETT_SMAILBOX.html">Instellingen voor mailboxsynchronisatie</target>
   </keywords>
   <keywords>
      <text FeatureID="-1">offline e-mail</text>
      <target FeatureID="-1" href="MCE_HLP_MAILBOX_OFFLINE.html">Offline e-mail</target>
   </keywords>
   <keywords>
      <text FeatureID="-1">verbinden met mailbox</text>
      <target FeatureID="-1" href="MCE_HLP_MAILBOX_ONLINE.html">Online e-mail</target>
   </keywords>
   <keywords>
      <text FeatureID="-1">e-mail, online</text>
      <target FeatureID="-1" href="MCE_HLP_MAILBOX_ONLINE.html">Online e-mail</target>
   </keywords>
   <keywords>
      <text FeatureID="-1">online e-mail</text>
      <target FeatureID="-1" href="MCE_HLP_MAILBOX_ONLINE.html">Online e-mail</target>
   </keywords>
</keywords>