<?xml version="1.0" encoding="UTF-8"?>
<keywords>
   <keywords>
      <text FeatureID="-1">poruke info-servisa</text>
      <target FeatureID="-1" href="CBS_HLP_TOPIC_VIEW.html">Poruke info-servisa</target>
      <target FeatureID="-1" href="CBS_HLP_MAIN.html">Teme poruka info-servisa</target>
      <target FeatureID="-1" href="CBS_HLP_MSG.html">Pregled poruka info-servisa</target>
   </keywords>
   <keywords>
      <text FeatureID="-1">teme poruka info-servisa</text>
      <target FeatureID="-1" href="CBS_HLP_MAIN.html">Teme poruka info-servisa</target>
   </keywords>
</keywords>