<?xml version="1.0" encoding="UTF-8"?>
<keywords>
   <keywords>
      <text FeatureID="-1">zvočne teme</text>
      <target FeatureID="-1" href="AUDIOTHEME_HLP_EVENTGROUPS.html">Spreminjanje zvočnih tem</target>
      <target FeatureID="-1" href="SET_HLP_AUDIO_THEME_EVENTSLIST.html">Zvoki za dogodke naprave</target>
   </keywords>
   <keywords>
      <text FeatureID="-1">prilagajanje naprave</text>
      <target FeatureID="-1" href="AUDIOTHEME_HLP_EVENTGROUPS.html">Spreminjanje zvočnih tem</target>
      <target FeatureID="-1" href="SET_HLP_AUDIO_THEME_EVENTSLIST.html">Zvoki za dogodke naprave</target>
   </keywords>
   <keywords>
      <text FeatureID="-1">zvoki naprave</text>
      <target FeatureID="-1" href="AUDIOTHEME_HLP_EVENTGROUPS.html">Spreminjanje zvočnih tem</target>
      <target FeatureID="-1" href="SET_HLP_AUDIO_THEME_EVENTSLIST.html">Zvoki za dogodke naprave</target>
   </keywords>
</keywords>