<?xml version="1.0" encoding="UTF-8"?>
<keywords>
   <keywords>
      <text FeatureID="-1">soitin</text>
      <target FeatureID="-1" href="MUS_HLP_TRACKS_VIEW.html">Kappaleet</target>
      <target FeatureID="-1" href="MUS_HLP_CATEGORY_VIEW.html">Musiikin luokat</target>
      <target FeatureID="-1" href="MUS_HLP_PODCAST_MAIN_VIEW.html">Podcastit</target>
      <target FeatureID="-1" href="MUS_HLP_PODCAST_EPISODES.html">Podcast-jaksot</target>
      <target FeatureID="-1" href="MUS_HLP_PLAYLISTS_VIEW.html">Musiikin soittolistat</target>
      <target FeatureID="-1" href="MUS_HLP_AUDIO_SETT.html">Ääni­asetukset</target>
   </keywords>
   <keywords>
      <text FeatureID="-1">podcastit</text>
      <target FeatureID="-1" href="MUS_HLP_PODCAST_MAIN_VIEW.html">Podcastit</target>
      <target FeatureID="-1" href="MUS_HLP_PODCAST_EPISODES.html">Podcast-jaksot</target>
   </keywords>
   <keywords>
      <text FeatureID="-1">soittolistat</text>
      <target FeatureID="-1" href="MUS_HLP_PLAYLISTS_VIEW.html">Musiikin soittolistat</target>
   </keywords>
   <keywords>
      <text FeatureID="-1">music player</text>
      <target FeatureID="-1" href="MUS_HLP_DOWNLOAD_PLAYBACK_VIEW.html">Play music on web</target>
      <target FeatureID="-1" href="MUS_HLP_LIB_MAIN_VIEW.html">Music library</target>
   </keywords>
   <keywords>
      <text FeatureID="-1">basson tehostus</text>
      <target FeatureID="-1" href="MUS_HLP_AUDIO_SETT.html">Ääni­asetukset</target>
   </keywords>
   <keywords>
      <text FeatureID="-1">stereotehostus</text>
      <target FeatureID="-1" href="MUS_HLP_AUDIO_SETT.html">Ääni­asetukset</target>
   </keywords>
</keywords>