<?xml version="1.0" encoding="UTF-8"?>
<keywords>
   <keywords>
      <text FeatureID="-1">musiikki</text>
      <target FeatureID="-1" href="MUS_HLP_MUSIC_SUITE_VIEW.html">Musiikki</target>
   </keywords>
   <keywords>
      <text FeatureID="-1">soitin</text>
      <target FeatureID="-1" href="MUS_HLP_TRACKS_VIEW.html">Kappaleet</target>
      <target FeatureID="-1" href="MUS_HLP_CATEGORY_VIEW.html">Musiikin luokat</target>
      <target FeatureID="-1" href="MUS_HLP_PODCAST_MAIN_VIEW.html">Podcastit</target>
      <target FeatureID="-1" href="MUS_HLP_PODCAST_EPISODES.html">Podcast-jaksot</target>
      <target FeatureID="-1" href="MUS_HLP_PLAYLISTS_VIEW.html">Musiikin soittolistat</target>
      <target FeatureID="-1" href="MUS_HLP_DOWNLOAD_PLAYBACK_VIEW.html">Musiikin toisto Webistä</target>
      <target FeatureID="-1" href="MUS_HLP_PLAYBACK_VIEW.html">Musiikin toisto</target>
      <target FeatureID="-1" href="MUS_HLP_LIB_MAIN_VIEW.html">Musiikkikirjasto</target>
      <target FeatureID="-1" href="MUS_HLP_METADATA_EDITING.html">Kappaleen tietojen muokkaus</target>
      <target FeatureID="-1" href="MUS_HLP_ALBUM_ART_EDITING.html">Albumikuvakkeen muokkaus</target>
      <target FeatureID="-1" href="MUS_HLP_AUDIO_SETT.html">Ääni­asetukset</target>
   </keywords>
   <keywords>
      <text FeatureID="-1">podcastit</text>
      <target FeatureID="-1" href="MUS_HLP_PODCAST_MAIN_VIEW.html">Podcastit</target>
      <target FeatureID="-1" href="MUS_HLP_PODCAST_EPISODES.html">Podcast-jaksot</target>
   </keywords>
   <keywords>
      <text FeatureID="-1">soittolistat</text>
      <target FeatureID="-1" href="MUS_HLP_PLAYLISTS_VIEW.html">Musiikin soittolistat</target>
   </keywords>
   <keywords>
      <text FeatureID="-1">albumikuvake</text>
      <target FeatureID="-1" href="MUS_HLP_ALBUM_ART_EDITING.html">Albumikuvakkeen muokkaus</target>
   </keywords>
   <keywords>
      <text FeatureID="-1">basson tehostus</text>
      <target FeatureID="-1" href="MUS_HLP_AUDIO_SETT.html">Ääni­asetukset</target>
   </keywords>
   <keywords>
      <text FeatureID="-1">stereotehostus</text>
      <target FeatureID="-1" href="MUS_HLP_AUDIO_SETT.html">Ääni­asetukset</target>
   </keywords>
</keywords>