<?xml version="1.0" encoding="UTF-8"?>
<keywords>
   <keywords>
      <text FeatureID="-1">Bluetooth</text>
      <target FeatureID="-1" href="BT_HLP_MAIN.html">Bluetooth</target>
      <target FeatureID="-1" href="BT_HLP_PAIRED.html">התאמת התקנים</target>
      <target FeatureID="-1" href="BT_HLP_BLOCKED.html">חסימת התקנים</target>
   </keywords>
   <keywords>
      <text FeatureID="-1">הגדרות Bluetooth</text>
      <target FeatureID="-1" href="BT_HLP_MAIN.html">Bluetooth</target>
   </keywords>
   <keywords>
      <text FeatureID="-1">התאמת התקנים</text>
      <target FeatureID="-1" href="BT_HLP_PAIRED.html">התאמת התקנים</target>
   </keywords>
   <keywords>
      <text FeatureID="-1">התקנים חסומים</text>
      <target FeatureID="-1" href="BT_HLP_BLOCKED.html">חסימת התקנים</target>
   </keywords>
   <keywords>
      <text FeatureID="true_12">לוח מקשים אלחוטי</text>
      <target FeatureID="true_12" href="BTKEYBOARD_HLP_SETTINGS.html">מקלדת אלחוטית</target>
   </keywords>
</keywords>