<?xml version="1.0" encoding="UTF-8"?>
<keywords>
   <keywords>
      <text FeatureID="-1">Bluetooth</text>
      <target FeatureID="-1" href="BT_HLP_MAIN.html">Bluetooth</target>
      <target FeatureID="-1" href="BT_HLP_PAIRED.html">Pagpares sa mga aparato</target>
      <target FeatureID="-1" href="BT_HLP_BLOCKED.html">Mag-block ng mga aparato</target>
   </keywords>
   <keywords>
      <text FeatureID="-1">Mga setting ng Bluetooth</text>
      <target FeatureID="-1" href="BT_HLP_MAIN.html">Bluetooth</target>
   </keywords>
   <keywords>
      <text FeatureID="-1">pagpapares ng mga aparato</text>
      <target FeatureID="-1" href="BT_HLP_PAIRED.html">Pagpares sa mga aparato</target>
   </keywords>
   <keywords>
      <text FeatureID="-1">mga naka-block na aparato</text>
      <target FeatureID="-1" href="BT_HLP_BLOCKED.html">Mag-block ng mga aparato</target>
   </keywords>
   <keywords>
      <text FeatureID="true_12">wireless keyboard</text>
      <target FeatureID="true_12" href="BTKEYBOARD_HLP_SETTINGS.html">Wireless keyboard</target>
   </keywords>
</keywords>