<?xml version="1.0" encoding="UTF-8"?>
<keywords>
   <keywords>
      <text FeatureID="-1">匯率</text>
      <target FeatureID="-1" href="CNV_HLP_RATES.html">貨幣設定</target>
   </keywords>
   <keywords>
      <text FeatureID="-1">基準貨幣</text>
      <target FeatureID="-1" href="CNV_HLP_RATES.html">貨幣設定</target>
   </keywords>
   <keywords>
      <text FeatureID="-1">貨幣換算</text>
      <target FeatureID="-1" href="CNV_HLP_RATES.html">貨幣設定</target>
   </keywords>
   <keywords>
      <text FeatureID="-1">換算器</text>
      <target FeatureID="-1" href="CNV_HLP_MAIN_STATE.html">換算單位</target>
   </keywords>
   <keywords>
      <text FeatureID="-1">換算貨幣</text>
      <target FeatureID="-1" href="CNV_HLP_MAIN_STATE.html">換算單位</target>
   </keywords>
</keywords>