<?xml version="1.0" encoding="UTF-8"?>
<keywords>
   <keywords>
      <text FeatureID="-1">tiedotteet</text>
      <target FeatureID="-1" href="CBS_HLP_TOPIC_VIEW.html">Tiedotteet</target>
      <target FeatureID="-1" href="CBS_HLP_MAIN.html">Tiedotteiden aiheet</target>
      <target FeatureID="-1" href="CBS_HLP_MSG.html">Tiedotteiden tarkastelu</target>
   </keywords>
   <keywords>
      <text FeatureID="-1">tiedotteiden aiheet</text>
      <target FeatureID="-1" href="CBS_HLP_MAIN.html">Tiedotteiden aiheet</target>
   </keywords>
</keywords>