<?xml version="1.0" encoding="UTF-8"?>
<keywords>
   <keywords>
      <text FeatureID="-1">agendă</text>
      <target FeatureID="-1" href="CALE_HLP_NOTE_VIEWER.html">Înregistrări agendă</target>
      <target FeatureID="-1" href="CALE_HLP_DAY_VIEW.html">Ecran zilnic</target>
      <target FeatureID="-1" href="CALE_HLP_NOTE_MEETING.html">Înregistrări întâlnire</target>
      <target FeatureID="-1" href="CALE_HLP_MONTH_VIEW.html">Ecran lunar</target>
      <target FeatureID="-1" href="CALE_HLP_TODO_NOTE.html">Înregistrări de rezolvat</target>
      <target FeatureID="-1" href="CALE_HLP_TODO_VIEW.html">Ecranul înregistrări de rezolvat</target>
      <target FeatureID="-1" href="CALE_HLP_WEEK_VIEW.html">Ecran săptămânal</target>
      <target FeatureID="-1" href="CALE_HLP_CALENDAR_DATABASE_SETTINGS.html">Multiple setări pentru agendă.</target>
      <target FeatureID="-1" href="CALE_HLP_CALE_MAN_VIEW.html">Vizualizare gestionare agende.</target>
      <target FeatureID="-1" href="CALE_HLP_ATTACH_VIEW.html">Vizualizare anexă</target>
      <target FeatureID="-1" href="CALE_HLP_MAV.html">Vizualizare alarme pierdute</target>
   </keywords>
   <keywords>
      <text FeatureID="-1">întâlniri</text>
      <target FeatureID="-1" href="CALE_HLP_NOTE_VIEWER.html">Înregistrări agendă</target>
      <target FeatureID="-1" href="CALE_HLP_NOTE_MEETING.html">Înregistrări întâlnire</target>
   </keywords>
   <keywords>
      <text FeatureID="-1">note de rezolvat</text>
      <target FeatureID="-1" href="CALE_HLP_NOTE_VIEWER.html">Înregistrări agendă</target>
      <target FeatureID="-1" href="CALE_HLP_TODO_NOTE.html">Înregistrări de rezolvat</target>
   </keywords>
   <keywords>
      <text FeatureID="-1">setări agendă</text>
      <target FeatureID="-1" href="CALE_HLP_SETTINGS.html">Setări agendă</target>
   </keywords>
   <keywords>
      <text FeatureID="-1">lista înregistrări de rezolvat</text>
      <target FeatureID="-1" href="CALE_HLP_TODO_VIEW.html">Ecranul înregistrări de rezolvat</target>
   </keywords>
   <keywords>
      <text FeatureID="-1">setări, agendă</text>
      <target FeatureID="-1" href="CALE_HLP_CALENDAR_DATABASE_SETTINGS.html">Multiple setări pentru agendă.</target>
   </keywords>
   <keywords>
      <text FeatureID="-1">fişiere ataşate</text>
      <target FeatureID="-1" href="CALE_HLP_ATTACH_VIEW.html">Vizualizare anexă</target>
   </keywords>
   <keywords>
      <text FeatureID="-1">alarme, înregistrare de agendă</text>
      <target FeatureID="-1" href="CALE_HLP_MAV.html">Vizualizare alarme pierdute</target>
   </keywords>
</keywords>