<?xml version="1.0" encoding="UTF-8"?>
<keywords>
   <keywords>
      <text FeatureID="-1">agendă</text>
      <target FeatureID="-1" href="CALE_HLP_NOTE_ANNIVERSARY.html">Înregistrări aniversări</target>
      <target FeatureID="-1" href="CALE_HLP_NOTE_VIEWER.html">Înregistrări agendă</target>
      <target FeatureID="-1" href="CALE_HLP_DAY_VIEW.html">Ecran zilnic</target>
      <target FeatureID="-1" href="CALE_HLP_NOTE_MEETING.html">Înregistrări întâlnire</target>
      <target FeatureID="-1" href="CALE_HLP_NOTE_DAY.html">Promemoria</target>
      <target FeatureID="-1" href="CALE_HLP_MONTH_VIEW.html">Ecran lunar</target>
      <target FeatureID="-1" href="CALE_HLP_TODO_NOTE.html">Înregistrări de rezolvat</target>
      <target FeatureID="-1" href="CALE_HLP_TODO_VIEW.html">Ecranul înregistrări de rezolvat</target>
      <target FeatureID="-1" href="CALE_HLP_WEEK_VIEW.html">Ecran săptămânal</target>
   </keywords>
   <keywords>
      <text FeatureID="-1">înregistrări de aniversare</text>
      <target FeatureID="-1" href="CALE_HLP_NOTE_ANNIVERSARY.html">Înregistrări aniversări</target>
      <target FeatureID="-1" href="CALE_HLP_NOTE_VIEWER.html">Înregistrări agendă</target>
   </keywords>
   <keywords>
      <text FeatureID="-1">întâlniri</text>
      <target FeatureID="-1" href="CALE_HLP_NOTE_VIEWER.html">Înregistrări agendă</target>
      <target FeatureID="-1" href="CALE_HLP_NOTE_MEETING.html">Înregistrări întâlnire</target>
   </keywords>
   <keywords>
      <text FeatureID="-1">înregistrări promemoria</text>
      <target FeatureID="-1" href="CALE_HLP_NOTE_VIEWER.html">Înregistrări agendă</target>
      <target FeatureID="-1" href="CALE_HLP_NOTE_DAY.html">Promemoria</target>
   </keywords>
   <keywords>
      <text FeatureID="-1">note de rezolvat</text>
      <target FeatureID="-1" href="CALE_HLP_NOTE_VIEWER.html">Înregistrări agendă</target>
      <target FeatureID="-1" href="CALE_HLP_TODO_NOTE.html">Înregistrări de rezolvat</target>
   </keywords>
   <keywords>
      <text FeatureID="-1">setări agendă</text>
      <target FeatureID="-1" href="CALE_HLP_SETTINGS.html">Setări agendă</target>
   </keywords>
   <keywords>
      <text FeatureID="-1">lista înregistrări de rezolvat</text>
      <target FeatureID="-1" href="CALE_HLP_TODO_VIEW.html">Ecranul înregistrări de rezolvat</target>
   </keywords>
</keywords>