<?xml version="1.0" encoding="UTF-8"?>
<keywords>
   <keywords>
      <text FeatureID="-1">календарь</text>
      <target FeatureID="-1" href="CALE_HLP_NOTE_ANNIVERSARY.html">Записи типа «Годовщина»</target>
      <target FeatureID="-1" href="CALE_HLP_NOTE_VIEWER.html">Записи календаря</target>
      <target FeatureID="-1" href="CALE_HLP_DAY_VIEW.html">Обзор дня</target>
      <target FeatureID="-1" href="CALE_HLP_NOTE_MEETING.html">Записи типа «Встреча»</target>
      <target FeatureID="-1" href="CALE_HLP_NOTE_DAY.html">Записи типа «Памятка»</target>
      <target FeatureID="-1" href="CALE_HLP_MONTH_VIEW.html">Обзор месяца</target>
      <target FeatureID="-1" href="CALE_HLP_TODO_NOTE.html">Дела</target>
      <target FeatureID="-1" href="CALE_HLP_TODO_VIEW.html">Дела</target>
      <target FeatureID="-1" href="CALE_HLP_WEEK_VIEW.html">Обзор недели</target>
   </keywords>
   <keywords>
      <text FeatureID="-1">заметки о годовщинах</text>
      <target FeatureID="-1" href="CALE_HLP_NOTE_ANNIVERSARY.html">Записи типа «Годовщина»</target>
      <target FeatureID="-1" href="CALE_HLP_NOTE_VIEWER.html">Записи календаря</target>
   </keywords>
   <keywords>
      <text FeatureID="-1">встречи</text>
      <target FeatureID="-1" href="CALE_HLP_NOTE_VIEWER.html">Записи календаря</target>
      <target FeatureID="-1" href="CALE_HLP_NOTE_MEETING.html">Записи типа «Встреча»</target>
   </keywords>
   <keywords>
      <text FeatureID="-1">памятки</text>
      <target FeatureID="-1" href="CALE_HLP_NOTE_VIEWER.html">Записи календаря</target>
      <target FeatureID="-1" href="CALE_HLP_NOTE_DAY.html">Записи типа «Памятка»</target>
   </keywords>
   <keywords>
      <text FeatureID="-1">дела</text>
      <target FeatureID="-1" href="CALE_HLP_NOTE_VIEWER.html">Записи календаря</target>
      <target FeatureID="-1" href="CALE_HLP_TODO_NOTE.html">Дела</target>
   </keywords>
   <keywords>
      <text FeatureID="-1">календарь, параметры</text>
      <target FeatureID="-1" href="CALE_HLP_SETTINGS.html">Параметры календаря</target>
   </keywords>
   <keywords>
      <text FeatureID="-1">список дел</text>
      <target FeatureID="-1" href="CALE_HLP_TODO_VIEW.html">Дела</target>
   </keywords>
</keywords>