<?xml version="1.0" encoding="UTF-8"?>
<keywords>
   <keywords>
      <text FeatureID="-1">календарь</text>
      <target FeatureID="-1" href="CALE_HLP_NOTE_VIEWER.html">Записи календаря</target>
      <target FeatureID="-1" href="CALE_HLP_DAY_VIEW.html">Обзор дня</target>
      <target FeatureID="-1" href="CALE_HLP_NOTE_MEETING.html">Записи типа «Встреча»</target>
      <target FeatureID="-1" href="CALE_HLP_MONTH_VIEW.html">Обзор месяца</target>
      <target FeatureID="-1" href="CALE_HLP_TODO_NOTE.html">Дела</target>
      <target FeatureID="-1" href="CALE_HLP_TODO_VIEW.html">Дела</target>
      <target FeatureID="-1" href="CALE_HLP_WEEK_VIEW.html">Обзор недели</target>
      <target FeatureID="-1" href="CALE_HLP_CALENDAR_DATABASE_SETTINGS.html">Настройки нескольких календарей</target>
      <target FeatureID="-1" href="CALE_HLP_CALE_MAN_VIEW.html">Просмотр функций управления календарями</target>
      <target FeatureID="-1" href="CALE_HLP_ATTACH_VIEW.html">Режим просмотра вложений</target>
      <target FeatureID="-1" href="CALE_HLP_MAV.html">Просмотр пропущенных сигналов</target>
   </keywords>
   <keywords>
      <text FeatureID="-1">встречи</text>
      <target FeatureID="-1" href="CALE_HLP_NOTE_VIEWER.html">Записи календаря</target>
      <target FeatureID="-1" href="CALE_HLP_NOTE_MEETING.html">Записи типа «Встреча»</target>
   </keywords>
   <keywords>
      <text FeatureID="-1">дела</text>
      <target FeatureID="-1" href="CALE_HLP_NOTE_VIEWER.html">Записи календаря</target>
      <target FeatureID="-1" href="CALE_HLP_TODO_NOTE.html">Дела</target>
   </keywords>
   <keywords>
      <text FeatureID="-1">календарь, параметры</text>
      <target FeatureID="-1" href="CALE_HLP_SETTINGS.html">Параметры календаря</target>
   </keywords>
   <keywords>
      <text FeatureID="-1">список дел</text>
      <target FeatureID="-1" href="CALE_HLP_TODO_VIEW.html">Дела</target>
   </keywords>
   <keywords>
      <text FeatureID="-1">настройки, календарь</text>
      <target FeatureID="-1" href="CALE_HLP_CALENDAR_DATABASE_SETTINGS.html">Настройки нескольких календарей</target>
   </keywords>
   <keywords>
      <text FeatureID="-1">вложения</text>
      <target FeatureID="-1" href="CALE_HLP_ATTACH_VIEW.html">Режим просмотра вложений</target>
   </keywords>
   <keywords>
      <text FeatureID="-1">сигналы, заметка календаря</text>
      <target FeatureID="-1" href="CALE_HLP_MAV.html">Просмотр пропущенных сигналов</target>
   </keywords>
</keywords>