<?xml version="1.0" encoding="UTF-8"?>
<keywords>
   <keywords>
      <text FeatureID="-1">Datentransfer</text>
      <target FeatureID="-1" href="SWITCH_HLP_EDIT_SHORTCUT.html">Schnellzugriffseinstellungen</target>
      <target FeatureID="-1" href="SWITCH_HLP_MAIN.html">Daten übertragen</target>
      <target FeatureID="-1" href="SWITCH_HLP_LOG.html">Übertragungsprotokoll</target>
   </keywords>
   <keywords>
      <text FeatureID="-1">Daten übertragen</text>
      <target FeatureID="-1" href="SWITCH_HLP_EDIT_SHORTCUT.html">Schnellzugriffseinstellungen</target>
      <target FeatureID="-1" href="SWITCH_HLP_MAIN.html">Daten übertragen</target>
   </keywords>
   <keywords>
      <text FeatureID="-1">Schnellzugriffe</text>
      <target FeatureID="-1" href="SWITCH_HLP_EDIT_SHORTCUT.html">Schnellzugriffseinstellungen</target>
   </keywords>
   <keywords>
      <text FeatureID="-1">Datentransfer, Konflikte</text>
      <target FeatureID="-1" href="SWITCH_HLP_CONFLICT.html">Übertragungskonflikte</target>
   </keywords>
   <keywords>
      <text FeatureID="-1">Inhalte kopieren</text>
      <target FeatureID="-1" href="SWITCH_HLP_MAIN.html">Daten übertragen</target>
   </keywords>
   <keywords>
      <text FeatureID="-1">Übertragungsprotokoll</text>
      <target FeatureID="-1" href="SWITCH_HLP_LOG.html">Übertragungsprotokoll</target>
   </keywords>
</keywords>