<?xml version="1.0" encoding="UTF-8"?>
<keywords>
   <keywords>
      <text FeatureID="-1">лафче</text>
      <target FeatureID="-1" href="SERVTAB_HLP_CONVERSATION.html">Изпращане на съобщения в Лафче</target>
   </keywords>
   <keywords>
      <text FeatureID="-1">чат</text>
      <target FeatureID="-1" href="SERVTAB_HLP_CONVERSATION.html">Изпращане на съобщения в Лафче</target>
   </keywords>
   <keywords>
      <text FeatureID="-1">разговори</text>
      <target FeatureID="-1" href="SERVTAB_HLP_CONVERSATION.html">Изпращане на съобщения в Лафче</target>
   </keywords>
</keywords>