<?xml version="1.0" encoding="UTF-8"?>
<keywords>
   <keywords>
      <text FeatureID="-1">mensajes difusión celular</text>
      <target FeatureID="-1" href="CBS_HLP_TOPIC_VIEW.html">Mensajes difusión celular</target>
      <target FeatureID="-1" href="CBS_HLP_MAIN.html">Temas difusión celular</target>
      <target FeatureID="-1" href="CBS_HLP_MSG.html">Ver mensajes SIC</target>
   </keywords>
   <keywords>
      <text FeatureID="-1">temas difusión celular</text>
      <target FeatureID="-1" href="CBS_HLP_MAIN.html">Temas difusión celular</target>
   </keywords>
</keywords>