<?xml version="1.0" encoding="UTF-8"?>
<keywords>
   <keywords>
      <text FeatureID="-1">cài đặt tài khoản e-mail</text>
      <target FeatureID="-1" href="FSE_HLP_IMS_SETTINGS_ACCT_INFO.html">Cài đặt tài khoản e-mail</target>
   </keywords>
   <keywords>
      <text FeatureID="-1">cài đặt hộp thư nâng cao</text>
      <target FeatureID="-1" href="FSE_HLP_IMS_SETTINGS_ADVANCED.html">Cài đặt hộp thư nâng cao</target>
   </keywords>
   <keywords>
      <text FeatureID="-1">cài đặt hộp thư</text>
      <target FeatureID="-1" href="FSE_HLP_IMS_SETTINGS_MAILBOX.html">Cài đặt hộp thư</target>
   </keywords>
   <keywords>
      <text FeatureID="-1">nội dung đồng bộ hóa e-mail</text>
      <target FeatureID="-1" href="FSE_HLP_IMS_SETTINGS_WHAT_SYNC.html">Xác định nội dung đồng bộ hóa</target>
   </keywords>
   <keywords>
      <text FeatureID="-1">thời gian đồng bộ hóa e-mail</text>
      <target FeatureID="-1" href="FSE_HLP_IMS_SETTINGS_WHEN_SYNC.html">Xác định thời gian đồng bộ hóa</target>
   </keywords>
   <keywords>
      <text FeatureID="-1">đồng bộ hóa thư mục e-mail</text>
      <target FeatureID="-1" href="FSE_HLP_IMS_SETTINGS_FOLDER.html">Đồng bộ hóa các thư mục e-mail</target>
   </keywords>
   <keywords>
      <text FeatureID="-1">cài đặt dịch vụ e-mail</text>
      <target FeatureID="-1" href="FSE_HLP_SETTINGS_INTELL_LIST.html">Cài đặt dịch vụ e-mail</target>
   </keywords>
   <keywords>
      <text FeatureID="-1">cài đặt e-mail</text>
      <target FeatureID="-1" href="FSE_HLP_IMS_SETTINGS_MAIN_VIEW.html">Cài đặt e-mail</target>
   </keywords>
   <keywords>
      <text FeatureID="-1">Intellisync</text>
      <target FeatureID="-1" href="FSE_HLP_IMS_LAUNCHER_MAIN_VIEW.html">Intellisync e-mail</target>
   </keywords>
</keywords>