<?xml version="1.0" encoding="UTF-8"?>
<keywords>
   <keywords>
      <text FeatureID="-1">muzikos grotuvas</text>
      <target FeatureID="-1" href="MUS_HLP_TRACKS_VIEW.html">Dainos</target>
      <target FeatureID="-1" href="MUS_HLP_CATEGORY_VIEW.html">Muzikos kategorijos</target>
      <target FeatureID="-1" href="MUS_HLP_PODCAST_MAIN_VIEW.html">Užsakomosios transliacijos</target>
      <target FeatureID="-1" href="MUS_HLP_PODCAST_EPISODES.html">Užsakomųjų transliacijų epizodai</target>
      <target FeatureID="-1" href="MUS_HLP_PLAYLISTS_VIEW.html">Muzikos grojaraščiai</target>
      <target FeatureID="-1" href="MUS_HLP_AUDIO_SETT.html">Garso parametrai</target>
   </keywords>
   <keywords>
      <text FeatureID="-1">užsakomosios transliacijos</text>
      <target FeatureID="-1" href="MUS_HLP_PODCAST_MAIN_VIEW.html">Užsakomosios transliacijos</target>
      <target FeatureID="-1" href="MUS_HLP_PODCAST_EPISODES.html">Užsakomųjų transliacijų epizodai</target>
   </keywords>
   <keywords>
      <text FeatureID="-1">grojaraščiai</text>
      <target FeatureID="-1" href="MUS_HLP_PLAYLISTS_VIEW.html">Muzikos grojaraščiai</target>
   </keywords>
   <keywords>
      <text FeatureID="-1">music player</text>
      <target FeatureID="-1" href="MUS_HLP_DOWNLOAD_PLAYBACK_VIEW.html">Play music on web</target>
      <target FeatureID="-1" href="MUS_HLP_LIB_MAIN_VIEW.html">Music library</target>
   </keywords>
   <keywords>
      <text FeatureID="-1">boso stiprintuvas</text>
      <target FeatureID="-1" href="MUS_HLP_AUDIO_SETT.html">Garso parametrai</target>
   </keywords>
   <keywords>
      <text FeatureID="-1">stereoefekto gerinimas</text>
      <target FeatureID="-1" href="MUS_HLP_AUDIO_SETT.html">Garso parametrai</target>
   </keywords>
</keywords>