<?xml version="1.0" encoding="UTF-8"?>
<keywords>
   <keywords>
      <text FeatureID="-1">mengedit catatan</text>
      <target FeatureID="-1" href="NMAKE_HLP_MEMO_VIEWER_EDIT.html">Mengedit catatan dalam aplikasi</target>
   </keywords>
   <keywords>
      <text FeatureID="-1">menerima catatan</text>
      <target FeatureID="-1" href="NMAKE_HLP_MEMO_VIEWER.html">Melihat catatan yang diterima</target>
   </keywords>
   <keywords>
      <text FeatureID="-1">template pesan</text>
      <target FeatureID="-1" href="NMAKE_HLP_TEMPLATE_EDITOR.html">Menulis template pesan</target>
   </keywords>
   <keywords>
      <text FeatureID="-1">membuat template pesan</text>
      <target FeatureID="-1" href="NMAKE_HLP_TEMPLATE_EDITOR.html">Menulis template pesan</target>
   </keywords>
   <keywords>
      <text FeatureID="-1">menulis template pesan</text>
      <target FeatureID="-1" href="NMAKE_HLP_TEMPLATE_EDITOR.html">Menulis template pesan</target>
   </keywords>
   <keywords>
      <text FeatureID="-1">daftar catatan</text>
      <target FeatureID="-1" href="NMAKE_HLP_MEMO_LIST.html">Daftar catatan</target>
   </keywords>
   <keywords>
      <text FeatureID="-1">menulis catatan</text>
      <target FeatureID="-1" href="NMAKE_HLP_MEMO_LIST.html">Daftar catatan</target>
      <target FeatureID="-1" href="NMAKE_HLP_MEMO_EDITOR_APPS.html">Menulis catatan dalam aplikasi</target>
      <target FeatureID="-1" href="NMAKE_HLP_MEMO_EDITOR.html">Menulis catatan</target>
   </keywords>
</keywords>