<?xml version="1.0" encoding="UTF-8"?>
<keywords>
   <keywords>
      <text FeatureID="true_298">robot telefonic</text>
      <target FeatureID="true_298" href="SMSVO_HLP_CS_VIDEO_AND_XSP_VOIP.html">Căsuţe de convorbiri, video şi apeluri Internet</target>
   </keywords>
   <keywords>
      <text FeatureID="true_298">căsuţa de apeluri Internet</text>
      <target FeatureID="true_298" href="SMSVO_HLP_CS_VIDEO_AND_XSP_VOIP.html">Căsuţe de convorbiri, video şi apeluri Internet</target>
   </keywords>
   <keywords>
      <text FeatureID="true_298">căsuţă poştală pentru apeluri</text>
      <target FeatureID="true_298" href="SMSVO_HLP_CS_VIDEO_AND_XSP_VOIP.html">Căsuţe de convorbiri, video şi apeluri Internet</target>
   </keywords>
   <keywords>
      <text FeatureID="-1">apeluri Internet</text>
      <target FeatureID="-1" href="VOIP_HLP_CSC.html">Setări de reţea</target>
      <target FeatureID="true_298" href="VOIP_HLP_SERVCATALOG.html">Catalog de servicii</target>
      <target FeatureID="-1" href="SERVTAB_HLP_SETTINGS.html">Setările filei Servicii</target>
   </keywords>
</keywords>