<?xml version="1.0" encoding="UTF-8"?>
<keywords>
   <keywords>
      <text FeatureID="-1">裝置管理</text>
      <target FeatureID="-1" href="DM_HLP_MAIN_VIEW.html">裝置軟體</target>
      <target FeatureID="-1" href="FOTA_HLP_SETTINGS.html">軟體更新設定</target>
      <target FeatureID="-1" href="DM_HLP_SETTINGS.html">伺服器操作模式設定</target>
      <target FeatureID="-1" href="DM_HLP_SERVERS_VIEW.html">遠端設定檔</target>
   </keywords>
   <keywords>
      <text FeatureID="-1">設定檔設定</text>
      <target FeatureID="-1" href="DM_HLP_MAIN_VIEW.html">裝置軟體</target>
   </keywords>
   <keywords>
      <text FeatureID="-1">軟體更新設定</text>
      <target FeatureID="-1" href="FOTA_HLP_SETTINGS.html">軟體更新設定</target>
   </keywords>
   <keywords>
      <text FeatureID="-1">伺服器操作模式設定</text>
      <target FeatureID="-1" href="DM_HLP_SETTINGS.html">伺服器操作模式設定</target>
   </keywords>
   <keywords>
      <text FeatureID="-1">遠端設定檔</text>
      <target FeatureID="-1" href="DM_HLP_SERVERS_VIEW.html">遠端設定檔</target>
   </keywords>
</keywords>