<?xml version="1.0" encoding="UTF-8"?>
<keywords>
   <keywords>
      <text FeatureID="true_11008 false_11008">реєстрація пристрою</text>
      <target FeatureID="true_11008" href="DRM_HLP_REGISTRATION_METERING.html">Реєстрація пристрою</target>
      <target FeatureID="false_11008" href="DRM_HLP_REGISTRATION.html">Реєстрація пристрою</target>
   </keywords>
   <keywords>
      <text FeatureID="true_11008">придбання прав, що надаються автоматично</text>
      <target FeatureID="true_11008" href="DRM_HLP_REGISTRATION_METERING.html">Реєстрація пристрою</target>
   </keywords>
   <keywords>
      <text FeatureID="true_11008">облік</text>
      <target FeatureID="true_11008" href="DRM_HLP_REGISTRATION_METERING.html">Реєстрація пристрою</target>
   </keywords>
</keywords>