<?xml version="1.0" encoding="UTF-8"?>
<keywords>
   <keywords>
      <text FeatureID="true_13 true_1566">σύνδεση καλωδίου USB</text>
      <target FeatureID="true_13" href="USB_HLP_MAIN.html">Ρυθμίσεις USB</target>
      <target FeatureID="true_1566" href="USB_HLP_PRINT_SETTINGS.html">Ρυθμίσεις εκτυπωτή</target>
   </keywords>
   <keywords>
      <text FeatureID="true_13">σύνδεση καλωδίου</text>
      <target FeatureID="true_13" href="USB_HLP_MAIN.html">Ρυθμίσεις USB</target>
   </keywords>
   <keywords>
      <text FeatureID="true_1566">εκτύπωση</text>
      <target FeatureID="true_1566" href="USB_HLP_PRINT_SETTINGS.html">Ρυθμίσεις εκτυπωτή</target>
   </keywords>
   <keywords>
      <text FeatureID="true_1566">ρυθμίσεις, εκτυπωτής</text>
      <target FeatureID="true_1566" href="USB_HLP_PRINT_SETTINGS.html">Ρυθμίσεις εκτυπωτή</target>
   </keywords>
</keywords>