<?xml version="1.0" encoding="UTF-8"?>
<keywords>
   <keywords>
      <text FeatureID="-1">valuta­kurser</text>
      <target FeatureID="-1" href="CNV_HLP_RATES.html">Valuta­indstillinger</target>
   </keywords>
   <keywords>
      <text FeatureID="-1">basis­valuta</text>
      <target FeatureID="-1" href="CNV_HLP_RATES.html">Valuta­indstillinger</target>
   </keywords>
   <keywords>
      <text FeatureID="-1">valuta, konvertere</text>
      <target FeatureID="-1" href="CNV_HLP_RATES.html">Valuta­indstillinger</target>
   </keywords>
   <keywords>
      <text FeatureID="-1">Konvertering</text>
      <target FeatureID="-1" href="CNV_HLP_MAIN_STATE.html">Konvertere enheder</target>
   </keywords>
   <keywords>
      <text FeatureID="-1">konvertere valuta</text>
      <target FeatureID="-1" href="CNV_HLP_MAIN_STATE.html">Konvertere enheder</target>
   </keywords>
</keywords>