<?xml version="1.0" encoding="UTF-8"?>
<keywords>
   <keywords>
      <text FeatureID="-1">audiothema's</text>
      <target FeatureID="-1" href="AUDIOTHEME_HLP_EVENTGROUPS.html">Audiothema's wijzigen</target>
      <target FeatureID="-1" href="SET_HLP_AUDIO_THEME_EVENTSLIST.html">Geluiden voor apparaatgebeurtenissen</target>
   </keywords>
   <keywords>
      <text FeatureID="-1">apparaat aanpassen</text>
      <target FeatureID="-1" href="AUDIOTHEME_HLP_EVENTGROUPS.html">Audiothema's wijzigen</target>
      <target FeatureID="-1" href="SET_HLP_AUDIO_THEME_EVENTSLIST.html">Geluiden voor apparaatgebeurtenissen</target>
   </keywords>
   <keywords>
      <text FeatureID="-1">apparaatgeluiden</text>
      <target FeatureID="-1" href="AUDIOTHEME_HLP_EVENTGROUPS.html">Audiothema's wijzigen</target>
      <target FeatureID="-1" href="SET_HLP_AUDIO_THEME_EVENTSLIST.html">Geluiden voor apparaatgebeurtenissen</target>
   </keywords>
</keywords>