<?xml version="1.0" encoding="UTF-8"?>
<keywords>
   <keywords>
      <text FeatureID="-1">Synchronisation</text>
      <target FeatureID="-1" href="DS_HLP_MAIN_VIEW.html">Datensynchronisation</target>
   </keywords>
   <keywords>
      <text FeatureID="-1">Synchronisationsprofile</text>
      <target FeatureID="-1" href="DS_HLP_MAIN_VIEW.html">Datensynchronisation</target>
   </keywords>
   <keywords>
      <text FeatureID="-1">Einstellungen für Synchronisationsprofile</text>
      <target FeatureID="-1" href="DS_HLP_SETTINGS.html">Synchronisationsprofile bearbeiten</target>
   </keywords>
   <keywords>
      <text FeatureID="-1">Synchronisationseinstellungen</text>
      <target FeatureID="-1" href="DS_HLP_SETTINGS_CAL.html">Synchronisationseinstellungen, Kalender</target>
      <target FeatureID="-1" href="DS_HLP_SETTINGS_CNT.html">Synchronisationseinstellungen, Kontakte</target>
      <target FeatureID="-1" href="DS_HLP_SETTINGS_NOTES.html">Synchronisationseinstellungen, Notizen</target>
      <target FeatureID="-1" href="DS_HLP_SETTINGS_SMS.html">Synchronisationseinstellungen, SMS</target>
      <target FeatureID="true_44" href="DS_HLP_SETTINGS_SYNCML.html">Synchronisationseinstellungen, E-Mail</target>
   </keywords>
</keywords>