<?xml version="1.0" encoding="UTF-8"?>
<keywords>
   <keywords>
      <text FeatureID="true_1116">slanje stavki kalendara</text>
      <target FeatureID="true_1116" href="SMART_HLP_CALENDAREDITOR.html">Slanje stavki kalendara</target>
   </keywords>
   <keywords>
      <text FeatureID="true_1114">primanje stavki kalendara</text>
      <target FeatureID="true_1114" href="SMART_HLP_CALENDARVIEWER.html">Primljene stavke za kalendar</target>
   </keywords>
   <keywords>
      <text FeatureID="true_1114">stavke kalendara</text>
      <target FeatureID="true_1114" href="SMART_HLP_CALPULLMESVIEWER.html">Preuzimanje stavki kalendara</target>
   </keywords>
   <keywords>
      <text FeatureID="true_1117 true_1115">vizitkarte</text>
      <target FeatureID="true_1117" href="SMART_HLP_BUSINESSEDITOR.html">Slanje vizitkarti</target>
      <target FeatureID="true_1115" href="SMART_HLP_BUSINESSVIEWER.html">Primljene vizitkarte</target>
      <target FeatureID="true_1115" href="SMART_HLP_BUSPULLMESVIEWER.html">Preuzimanje vizitkarti</target>
   </keywords>
   <keywords>
      <text FeatureID="true_1111">tonovi zvona</text>
      <target FeatureID="true_1111" href="SMART_HLP_RINGVIEWER.html">Primljeni tonovi zvona</target>
   </keywords>
   <keywords>
      <text FeatureID="true_1110">logotipovi operatera</text>
      <target FeatureID="true_1110" href="SMART_HLP_OPLOGOVIEWER.html">Primljeni logotipovi operatera</target>
   </keywords>
   <keywords>
      <text FeatureID="true_1106">markeri</text>
      <target FeatureID="true_1106" href="SMART_HLP_ONEBOOKVIEWER.html">Primljeni marker</target>
   </keywords>
   <keywords>
      <text FeatureID="true_1112">primanje slika</text>
      <target FeatureID="true_1112" href="SMART_HLP_GMSVIEWER.html">Prikazivanje poruka sa slikama</target>
   </keywords>
   <keywords>
      <text FeatureID="true_1112">poruke sa slikama</text>
      <target FeatureID="true_1112" href="SMART_HLP_GMSVIEWER.html">Prikazivanje poruka sa slikama</target>
   </keywords>
   <keywords>
      <text FeatureID="true_1537">konfiguracija eksterne disk jedinice</text>
      <target FeatureID="true_1537" href="SMART_HLP_REMOTEDRIVES_VIEWER.html">Prijem konfiguracija eksternih jedinica</target>
      <target FeatureID="true_1537" href="SMART_HLP_REMOTEDRIVES_EDITOR.html">Slanje konfiguracija eksternih jedinica</target>
   </keywords>
</keywords>