<?xml version="1.0" encoding="UTF-8"?>
<keywords>
   <keywords>
      <text FeatureID="-1">定位方法</text>
      <target FeatureID="-1" href="LOC_HLP_SETTINGS.html">定位设置</target>
   </keywords>
   <keywords>
      <text FeatureID="-1">定位服务器</text>
      <target FeatureID="-1" href="LOC_HLP_SETTINGS.html">定位设置</target>
   </keywords>
   <keywords>
      <text FeatureID="-1">首选标记法</text>
      <target FeatureID="-1" href="LOC_HLP_SETTINGS.html">定位设置</target>
   </keywords>
</keywords>