<?xml version="1.0" encoding="UTF-8"?>
<keywords>
   <keywords>
      <text FeatureID="true_298">دستگاه پیام گیر</text>
      <target FeatureID="true_298" href="SMSVO_HLP_CS_VIDEO_AND_XSP_VOIP.html">تماس، تماس تصویری و صندوق پستی تماس اینترنتی</target>
   </keywords>
   <keywords>
      <text FeatureID="true_298">صندوق پستی تماس اینترنتی</text>
      <target FeatureID="true_298" href="SMSVO_HLP_CS_VIDEO_AND_XSP_VOIP.html">تماس، تماس تصویری و صندوق پستی تماس اینترنتی</target>
   </keywords>
   <keywords>
      <text FeatureID="true_298">صندوق پست تماس</text>
      <target FeatureID="true_298" href="SMSVO_HLP_CS_VIDEO_AND_XSP_VOIP.html">تماس، تماس تصویری و صندوق پستی تماس اینترنتی</target>
   </keywords>
   <keywords>
      <text FeatureID="-1">تماس های اینترنتی</text>
      <target FeatureID="-1" href="VOIP_HLP_CSC.html">تنظیمات شبکه</target>
      <target FeatureID="true_298" href="VOIP_HLP_SERVCATALOG.html">کاتالوگ سرویس</target>
      <target FeatureID="-1" href="SERVTAB_HLP_SETTINGS.html">تنظیمات قسمت سرویس</target>
   </keywords>
</keywords>