<?xml version="1.0" encoding="UTF-8"?>
<keywords>
   <keywords>
      <text FeatureID="-1">certificados</text>
      <target FeatureID="-1" href="AM_HLP_GENERAL_SETTINGS.html">Configuraciones de certificado</target>
   </keywords>
   <keywords>
      <text FeatureID="-1">configuraciones, certificados</text>
      <target FeatureID="-1" href="AM_HLP_GENERAL_SETTINGS.html">Configuraciones de certificado</target>
   </keywords>
   <keywords>
      <text FeatureID="-1">instalación de aplicaciones</text>
      <target FeatureID="-1" href="AM_HLP_NOT_INSTALLED.html">Archivos de instalación</target>
      <target FeatureID="-1" href="AM_HLP_APPLICATION.html">Administrar aplicaciones</target>
   </keywords>
   <keywords>
      <text FeatureID="-1">aplicaciones</text>
      <target FeatureID="-1" href="AM_HLP_NOT_INSTALLED.html">Archivos de instalación</target>
      <target FeatureID="-1" href="AM_HLP_INSTALLED.html">Aplicaciones instaladas</target>
   </keywords>
   <keywords>
      <text FeatureID="-1">instalación de software</text>
      <target FeatureID="-1" href="AM_HLP_APPLICATION.html">Administrar aplicaciones</target>
   </keywords>
   <keywords>
      <text FeatureID="-1">solicitudes de permisos</text>
      <target FeatureID="-1" href="AM_HLP_INSTALL_CAPAB.html">Solicitudes de permisos</target>
   </keywords>
   <keywords>
      <text FeatureID="-1">instalación no verificada</text>
      <target FeatureID="-1" href="AM_HLP_INSTALL_UNTRUSTED.html">Instalación no verificada</target>
   </keywords>
</keywords>