<?xml version="1.0" encoding="UTF-8"?><?xml-stylesheet  href="../../theme/xsl/index2html.xslt" type="text/xsl"?>
<topics FeatureID="-1" title="Quickoffice" compressed="true">
   <topicref FeatureID="-1" href="QFM_HLP_FILE_MENU.html" navtitle="Gestione file"/>
   <topicref FeatureID="-1" href="QFM_HLP_LOC_MENU.html" navtitle="Quickoffice"/>
   <topicref FeatureID="-1" href="QPOINT_HLP_EDIT_SLIDE_VIEW.html" navtitle="Modificare le diapositive"/>
   <topicref FeatureID="-1" href="QPOINT_HLP_EDIT_TEXT_VIEW.html" navtitle="Modificare il testo"/>
   <topicref FeatureID="-1" href="QPOINT_HLP_REPLACE_VIEW.html" navtitle="Trovare e sostituire testo"/>
   <topicref FeatureID="-1" href="QPOINT_HLP_FIND_VIEW.html" navtitle="Trovare testo"/>
   <topicref FeatureID="-1" href="QPOINT_HLP_COMMENT_VIEW.html" navtitle="Visualizzare commenti"/>
   <topicref FeatureID="-1" href="QPOINT_HLP_VIEW_NOTES_VIEW.html" navtitle="Visualizzare note"/>
   <topicref FeatureID="-1" href="QPOINT_HLP_VIEW_OUTLINE_VIEW.html" navtitle="Visualizzare strutture"/>
   <topicref FeatureID="-1" href="QPOINT_HLP_VIEW_SLIDE_VIEW.html" navtitle="Visualizzazione diapositive"/>
   <topicref FeatureID="-1" href="QSHEET_HLP_CELLS_EDIT.html" navtitle="Modificare le celle"/>
   <topicref FeatureID="-1" href="QSHEET_HLP_EDIT_COLUMN.html" navtitle="Modificare le colonne"/>
   <topicref FeatureID="-1" href="QSHEET_HLP_EDIT_RANGE.html" navtitle="Modificare gli intervalli"/>
   <topicref FeatureID="-1" href="QSHEET_HLP_EDIT_ROW.html" navtitle="Modificare le righe"/>
   <topicref FeatureID="-1" href="QSHEET_HLP_REPLACE_VIEW.html" navtitle="Trovare e sostituire testo"/>
   <topicref FeatureID="-1" href="QSHEET_HLP_FIND_VIEW.html" navtitle="Trovare testo"/>
   <topicref FeatureID="-1" href="QSHEET_HLP_VIEW_CELL.html" navtitle="Visualizzare celle"/>
   <topicref FeatureID="-1" href="QSHEET_HLP_CELLS_VIEW.html" navtitle="Visualizzare fogli di calcolo"/>
   <topicref FeatureID="-1" href="QWORD_HLP_EDIT_MODE.html" navtitle="Modificare documenti"/>
   <topicref FeatureID="-1" href="QWORD_HLP_FIND_MODE.html" navtitle="Trovare e sostituire testo"/>
   <topicref FeatureID="-1" href="QWORD_HLP_VIEW_MODE.html" navtitle="Visualizzare documenti"/>
   <topicref FeatureID="-1" href="QWORD_HLP_PAGE_VIEW.html" navtitle="Visualizzazione del layout di pagina"/>
</topics>