<?xml version="1.0" encoding="UTF-8"?>
<keywords>
   <keywords>
      <text FeatureID="-1">Quickoffice, gestione file</text>
      <target FeatureID="-1" href="QFM_HLP_FILE_MENU.html">Gestione file</target>
   </keywords>
   <keywords>
      <text FeatureID="-1">Quickoffice</text>
      <target FeatureID="-1" href="QFM_HLP_LOC_MENU.html">Quickoffice</target>
   </keywords>
   <keywords>
      <text FeatureID="-1">Quickpoint, testo, ricerca</text>
      <target FeatureID="-1" href="QPOINT_HLP_FIND_VIEW.html">Trovare il testo della struttura</target>
   </keywords>
   <keywords>
      <text FeatureID="-1">Quickpoint, note</text>
      <target FeatureID="-1" href="QPOINT_HLP_VIEW_NOTES_VIEW.html">Visualizzare note</target>
   </keywords>
   <keywords>
      <text FeatureID="-1">Quickpoint, strutture</text>
      <target FeatureID="-1" href="QPOINT_HLP_VIEW_OUTLINE_VIEW.html">Visualizzare strutture</target>
   </keywords>
   <keywords>
      <text FeatureID="-1">Quickpoint</text>
      <target FeatureID="-1" href="QPOINT_HLP_VIEW_SLIDE_VIEW.html">Visualizzazione diapositive</target>
   </keywords>
   <keywords>
      <text FeatureID="-1">Quicksheet, testo, ricerca</text>
      <target FeatureID="-1" href="QSHEET_HLP_FIND_VIEW.html">Trovare del testo in un foglio di lavoro</target>
   </keywords>
   <keywords>
      <text FeatureID="-1">Quicksheet, celle</text>
      <target FeatureID="-1" href="QSHEET_HLP_VIEW_CELL.html">Visualizzare celle</target>
   </keywords>
   <keywords>
      <text FeatureID="-1">Quickword, testo, ricerca</text>
      <target FeatureID="-1" href="QWORD_HLP_FIND_MODE.html">Trovare testo</target>
   </keywords>
   <keywords>
      <text FeatureID="-1">Quickword</text>
      <target FeatureID="-1" href="QWORD_HLP_VIEW_MODE.html">Visualizzare documenti</target>
   </keywords>
   <keywords>
      <text FeatureID="-1">Quickword, layout di pagina</text>
      <target FeatureID="-1" href="QWORD_HLP_PAGE_VIEW.html">Visualizzazione del layout di pagina</target>
   </keywords>
</keywords>