<?xml version="1.0" encoding="UTF-8"?>
<keywords>
   <keywords>
      <text FeatureID="-1">انتقال داده</text>
      <target FeatureID="-1" href="SWITCH_HLP_EDIT_SHORTCUT.html">تنظیمات میانبر</target>
      <target FeatureID="-1" href="SWITCH_HLP_EDIT_SHORTCUT.html">تنظیمات میانبر</target>
      <target FeatureID="-1" href="SWITCH_HLP_MAIN.html">انتقال داده</target>
      <target FeatureID="-1" href="SWITCH_HLP_MAIN.html">انتقال داده</target>
      <target FeatureID="-1" href="SWITCH_HLP_LOG.html">آمار انتقال</target>
   </keywords>
   <keywords>
      <text FeatureID="-1">میانبرها</text>
      <target FeatureID="-1" href="SWITCH_HLP_EDIT_SHORTCUT.html">تنظیمات میانبر</target>
   </keywords>
   <keywords>
      <text FeatureID="-1">انتقال داده, تضادها</text>
      <target FeatureID="-1" href="SWITCH_HLP_CONFLICT.html">تضادهای انتقال</target>
   </keywords>
   <keywords>
      <text FeatureID="-1">کپی گرفتن از محتوا</text>
      <target FeatureID="-1" href="SWITCH_HLP_MAIN.html">انتقال داده</target>
   </keywords>
   <keywords>
      <text FeatureID="-1">آمار انتقال</text>
      <target FeatureID="-1" href="SWITCH_HLP_LOG.html">آمار انتقال</target>
   </keywords>
</keywords>