<?xml version="1.0" encoding="UTF-8"?>
<keywords>
   <keywords>
      <text FeatureID="-1">anniversary entries</text>
      <target FeatureID="-1" href="FSCA_HLP_ANNIVERSARY_EDITOR.html">Create anniversary entries</target>
      <target FeatureID="-1" href="FSCA_HLP_ANNI_VIEWER.html">Edit anniversary entries</target>
   </keywords>
   <keywords>
      <text FeatureID="-1">meeting entries</text>
      <target FeatureID="-1" href="FSCA_HLP_CALE_MEETING_EDITOR.html">Create meeting entries</target>
      <target FeatureID="-1" href="FSCA_HLP_CALE_MEETING_VIEWER.html">Edit meeting entries</target>
   </keywords>
   <keywords>
      <text FeatureID="-1">memo entries</text>
      <target FeatureID="-1" href="FSCA_HLP_MEMO_EDITOR.html">Create memo entries</target>
      <target FeatureID="-1" href="FSCA_HLP_MEMO_VIEWER.html">Edit memo entries</target>
   </keywords>
   <keywords>
      <text FeatureID="-1">to-do entries</text>
      <target FeatureID="-1" href="FSCA_HLP_TODO_EDITOR.html">Create to-do entries</target>
      <target FeatureID="-1" href="FSCA_HLP_TODO_VIEWER.html">Edit to-do entries</target>
   </keywords>
   <keywords>
      <text FeatureID="-1">meeting requests</text>
      <target FeatureID="-1" href="FSCA_HLP_RESPONSE_EDITOR.html">Edit your response</target>
      <target FeatureID="-1" href="FSCA_HLP_VIEWER_ORGANIZER.html">Manage meeting requests</target>
      <target FeatureID="-1" href="MEET_REQ_HLP_EDITOR.html">Received meeting requests</target>
      <target FeatureID="-1" href="FSCA_HLP_VIEWER.html">Respond to meeting requests</target>
   </keywords>
   <keywords>
      <text FeatureID="-1">contactos</text>
      <target FeatureID="-1" href="RLOOK_HLP_INFO_VIEW.html">Administrar el contacto encontrado</target>
   </keywords>
   <keywords>
      <text FeatureID="-1">contactos, búsqueda</text>
      <target FeatureID="-1" href="RLOOK_HLP_RESULT_VIEW.html">Resultados de la búsqueda</target>
   </keywords>
   <keywords>
      <text FeatureID="-1">e-mail, archivos adjuntos</text>
      <target FeatureID="-1" href="FSE_HLP_ATTACHMENT_LIST_EDITOR.html">Agregar archivos adjuntos</target>
   </keywords>
   <keywords>
      <text FeatureID="-1">e-mail eliminado</text>
      <target FeatureID="-1" href="FSE_HLP_MESSAGE_LIST_DELETED.html">Mensajes de e-mail eliminados</target>
   </keywords>
   <keywords>
      <text FeatureID="-1">descarga de archivos adjuntos de e-mail</text>
      <target FeatureID="-1" href="FSE_HLP_ATTACHMENT_LIST.html">Descargar archivos adjuntos</target>
   </keywords>
   <keywords>
      <text FeatureID="-1">borrador de e-mail</text>
      <target FeatureID="-1" href="FSE_HLP_MESSAGE_LIST_DRAFTS.html">Borrador de mensajes de e-mail</target>
   </keywords>
   <keywords>
      <text FeatureID="-1">E-mail Nokia</text>
      <target FeatureID="-1" href="FSE_HLP_LAUNCHER_GRID.html">E-mail Nokia</target>
   </keywords>
   <keywords>
      <text FeatureID="-1">e-mail</text>
      <target FeatureID="-1" href="FSE_HLP_LAUNCHER_GRID.html">E-mail Nokia</target>
   </keywords>
   <keywords>
      <text FeatureID="-1">carpetas de e-mail</text>
      <target FeatureID="-1" href="FSE_HLP_FOLDER_LIST.html">Carpetas de e-mails</target>
      <target FeatureID="-1" href="FSE_HLP_SETT_IMAP_SUBSCR.html">Suscribirse a carpetas</target>
      <target FeatureID="-1" href="FSE_HLP_MESSAGE_LIST_INBOX.html">Trabajar con carpetas de e-mail</target>
   </keywords>
   <keywords>
      <text FeatureID="-1">config. de e-mail</text>
      <target FeatureID="-1" href="FSE_HLP_LAUNCHER_SETTINGS.html">Configuraciones de e-mail generales</target>
      <target FeatureID="-1" href="FSE_HLP_POP_IMAP_SETT_MAIN.html">Configuraciones de e-mail</target>
      <target FeatureID="-1" href="FSE_HLP_MFE_SETTINGS_MAIN_VIEW.html">Configuraciones para e-mail</target>
   </keywords>
   <keywords>
      <text FeatureID="-1">configuraciones globales de e-mail</text>
      <target FeatureID="-1" href="FSE_HLP_SETTINGS_GLOBAL.html">Configuraciones globales de e-mail</target>
   </keywords>
   <keywords>
      <text FeatureID="-1">e-mail HTML</text>
      <target FeatureID="-1" href="FS_VIEWER_HLP_HTML_VIEW.html">E-mail con formato HTML</target>
   </keywords>
   <keywords>
      <text FeatureID="-1">configuraciones avanzadas de e-mail</text>
      <target FeatureID="-1" href="FSE_HLP_POP_IMAP_SETT_ADV.html">Configuraciones de e-mail avanzadas</target>
   </keywords>
   <keywords>
      <text FeatureID="-1">configuraciones de e-mail entrante</text>
      <target FeatureID="-1" href="FSE_HLP_POP_IMAP_SETT_INCOMING.html">Configuraciones e-mail entrante</target>
   </keywords>
   <keywords>
      <text FeatureID="-1">config. de e-mail saliente</text>
      <target FeatureID="-1" href="FSE_HLP_POP_IMAP_SETT_OUTGOING.html">Configuraciones de e-mail saliente</target>
   </keywords>
   <keywords>
      <text FeatureID="-1">sincronización de e-mail</text>
      <target FeatureID="-1" href="FSE_HLP_POP_IMAP_SETT_WHAT.html">Seleccionar el contenido de sinc</target>
   </keywords>
   <keywords>
      <text FeatureID="-1">hora de sincronización de e-mail</text>
      <target FeatureID="-1" href="FSE_HLP_POP_IMAP_SETT_WHEN.html">Seleccionar tiempo de sinc</target>
      <target FeatureID="-1" href="FSE_HLP_MFE_SETTINGS_WHEN_SYNC.html">Elegir hora de sincronización</target>
      <target FeatureID="-1" href="FSE_HLP_SETTINGS_WHEN_SYNC.html">Hora de sincronización</target>
   </keywords>
   <keywords>
      <text FeatureID="-1">Correo para Exchange</text>
      <target FeatureID="-1" href="FSE_HLP_MFE_LAUNCHER_MAIN_VIEW.html">Correo Mail for Exchange</target>
   </keywords>
   <keywords>
      <text FeatureID="-1">detalles de e-mail</text>
      <target FeatureID="-1" href="FS_VIEWER_HLP_DETAILS_VIEW.html">Detalles del mensaje</target>
   </keywords>
   <keywords>
      <text FeatureID="-1">config. avanzadas de buzón de correo</text>
      <target FeatureID="-1" href="FSE_HLP_MFE_SETTINGS_ADVANCED.html">Configuraciones avanzadas para el buzón de correo</target>
   </keywords>
   <keywords>
      <text FeatureID="-1">configuraciones de sincronización de e-mail</text>
      <target FeatureID="-1" href="FSE_HLP_MFE_SETTINGS_PIM_APPS.html">Configuraciones de sincronización de la aplicación</target>
   </keywords>
   <keywords>
      <text FeatureID="-1">sincronización de la agenda</text>
      <target FeatureID="-1" href="FSE_HLP_MFE_CALENDAR_APP.html">Configuraciones de sincronización de agenda</target>
   </keywords>
   <keywords>
      <text FeatureID="-1">sincronización de contactos,</text>
      <target FeatureID="-1" href="FSE_HLP_MFE_CONTACTS_APP.html">Configuraciones de sincronización de contactos</target>
   </keywords>
   <keywords>
      <text FeatureID="-1">config. buzón correo</text>
      <target FeatureID="-1" href="FSE_HLP_MFE_SETTINGS_MAILBOX.html">Configuraciones del buzón de correo general</target>
   </keywords>
   <keywords>
      <text FeatureID="-1">contenido sincronización de e-mail</text>
      <target FeatureID="-1" href="FSE_HLP_MFE_SETTINGS_WHAT_SYNC.html">Elegir contenido de sincronización</target>
   </keywords>
   <keywords>
      <text FeatureID="-1">sincronización de carpeta de e-mail</text>
      <target FeatureID="-1" href="FSE_HLP_MFE_SETTINGS_FOLDER.html">Configuraciones para la sincronización</target>
   </keywords>
   <keywords>
      <text FeatureID="-1">sincronización de entrada de tareas</text>
      <target FeatureID="-1" href="FSE_HLP_MFE_TASKS_APP.html">Config. de sincronización de tareas</target>
   </keywords>
   <keywords>
      <text FeatureID="-1">sin e-mail</text>
      <target FeatureID="-1" href="FSE_HLP_MESSAGE_LIST_EMPTY.html">Sin mensajes</target>
   </keywords>
   <keywords>
      <text FeatureID="-1">buzón de salida de e-mail</text>
      <target FeatureID="-1" href="FSE_HLP_MESSAGE_LIST_OUTBOX.html">Trabajar con el Buzón de salida</target>
   </keywords>
   <keywords>
      <text FeatureID="-1">solicitudes de reunión</text>
      <target FeatureID="-1" href="FS_VIEWER_HLP_MEETING_REQ_VIEW.html">Responder una solicitud de reunión</target>
   </keywords>
   <keywords>
      <text FeatureID="-1">búsqueda de e-mail</text>
      <target FeatureID="-1" href="FSE_HLP_MESSAGE_LIST_SEARCHING.html">Buscar e-mails</target>
   </keywords>
   <keywords>
      <text FeatureID="-1">resultados de la búsqueda de e-mail</text>
      <target FeatureID="-1" href="FSE_HLP_MESSAGE_LIST_SEARCHED.html">Resultados de la búsqueda</target>
   </keywords>
   <keywords>
      <text FeatureID="-1">envío de e-mail</text>
      <target FeatureID="-1" href="FS_EDITOR_HLP_MAIN_VIEW.html">Enviar un e-mail</target>
   </keywords>
   <keywords>
      <text FeatureID="-1">Servicio PIM</text>
      <target FeatureID="-1" href="FSE_HLP_SETTINGS_PIM_VIEW.html">Servicio PIM</target>
   </keywords>
   <keywords>
      <text FeatureID="-1">sincronización de aplicaciones</text>
      <target FeatureID="-1" href="FSE_HLP_SETTINGS_APPLICATIONS.html">Sincronizar aplicaciones</target>
   </keywords>
   <keywords>
      <text FeatureID="-1">e-mail recibido</text>
      <target FeatureID="-1" href="FS_VIEWER_HLP_MAIN_VIEW.html">Trabajar con un e-mail recibido</target>
   </keywords>
   <keywords>
      <text FeatureID="-1">correo, configuraciones</text>
      <target FeatureID="-1" href="FSE_HLP_SETT.html">Configuraciones</target>
   </keywords>
   <keywords>
      <text FeatureID="-1">correo, confs. cuenta</text>
      <target FeatureID="-1" href="FSE_HLP_ACCT_INFO.html">Configuraciones de la cuenta de correo</target>
   </keywords>
   <keywords>
      <text FeatureID="-1">correo, sincronización</text>
      <target FeatureID="-1" href="FSE_HLP_SYNC_SETT.html">Configuraciones de sincronización</target>
   </keywords>
   <keywords>
      <text FeatureID="-1">correo, entradas de reunión</text>
      <target FeatureID="-1" href="FS_VIEWER_HLP_MR_RECEIVED.html">Solicitudes de reunión</target>
   </keywords>
   <keywords>
      <text FeatureID="-1">entradas de reunión</text>
      <target FeatureID="-1" href="FS_VIEWER_HLP_MR_RECEIVED.html">Solicitudes de reunión</target>
   </keywords>
</keywords>