<?xml version="1.0" encoding="UTF-8"?>
<keywords>
   <keywords>
      <text FeatureID="-1">schránka hovorov</text>
      <target FeatureID="-1" href="SMSVO_HLP_MAIN_VIEW.html">Schránka hovorov</target>
      <target FeatureID="true_298" href="SMSVO_HLP_CS_VIDEO_AND_XSP_VOIP.html">Schránka hovorov, videohovorov a internetových hovorov</target>
   </keywords>
   <keywords>
      <text FeatureID="-1">telefónny záznamník</text>
      <target FeatureID="-1" href="SMSVO_HLP_MAIN_VIEW.html">Schránka hovorov</target>
      <target FeatureID="true_89" href="SMSVO_HLP_CS_AND_VIDEO.html">Schránka hovorov a videohovorov</target>
      <target FeatureID="true_298" href="SMSVO_HLP_CS_VIDEO_AND_XSP_VOIP.html">Schránka hovorov, videohovorov a internetových hovorov</target>
   </keywords>
   <keywords>
      <text FeatureID="true_89">videoschránka</text>
      <target FeatureID="true_89" href="SMSVO_HLP_CS_AND_VIDEO.html">Schránka hovorov a videohovorov</target>
   </keywords>
   <keywords>
      <text FeatureID="true_298">schránka internetových hovorov</text>
      <target FeatureID="true_298" href="SMSVO_HLP_CS_VIDEO_AND_XSP_VOIP.html">Schránka hovorov, videohovorov a internetových hovorov</target>
   </keywords>
</keywords>