<?xml version="1.0" encoding="UTF-8"?>
<keywords>
   <keywords>
      <text FeatureID="-1">Mitteilungen weiterleiten</text>
      <target FeatureID="-1" href="MMS_HLP_MMS_FWD_REQUEST.html">Multimedia-Mitteilungen weiterleiten</target>
   </keywords>
   <keywords>
      <text FeatureID="-1">Multimedia-Mitteilungen</text>
      <target FeatureID="-1" href="MMS_HLP_MMS_FWD_REQUEST_SEND.html">Gesendete Mitteilungen weiterleiten</target>
      <target FeatureID="-1" href="MMS_HLP_MMS_VIEWER.html">Multimedia-Mitteilungen anzeigen</target>
   </keywords>
   <keywords>
      <text FeatureID="-1">Multimedia-Benachrichtigungen</text>
      <target FeatureID="-1" href="MMS_HLP_NOTIFICATION_VIEWER.html">Multimedia-Benachrichtigungen</target>
   </keywords>
   <keywords>
      <text FeatureID="-1">Medienobjekte</text>
      <target FeatureID="-1" href="MMS_HLP_OBJECTS_VIEW_VIEWER.html">Medienobjekte anzeigen</target>
   </keywords>
   <keywords>
      <text FeatureID="-1">Multimedia-Objekte</text>
      <target FeatureID="-1" href="MMS_HLP_OBJECTS_VIEW_VIEWER.html">Medienobjekte anzeigen</target>
   </keywords>
   <keywords>
      <text FeatureID="-1">MMS</text>
      <target FeatureID="-1" href="MMS_HLP_MMS_VIEWER.html">Multimedia-Mitteilungen anzeigen</target>
   </keywords>
</keywords>