<?xml version="1.0" encoding="UTF-8"?><?xml-stylesheet  href="../../theme/xsl/index2html.xslt" type="text/xsl"?>
<topics FeatureID="-1" title="Ρυθμίσεις" compressed="true">
   <topicref FeatureID="-1" href="CP_HLP_ADMINISTRATIVE_SETTINGS.html" navtitle="Διαχειριστικές ρυθμίσεις"/>
   <topicref FeatureID="-1" href="CP_HLP_DEVICE_MANAGEMENT.html" navtitle="Διαχείριση συσκευής"/>
   <topicref FeatureID="true_109" href="SET_HLP_WLAN_WPA_MAIN.html" navtitle="Ρυθμίσεις ασφαλείας WPA"/>
   <topicref FeatureID="true_109" href="SET_HLP_WLAN_8021X_MAIN.html" navtitle="Ρυθμίσεις ασφάλειας 802.1x"/>
   <topicref FeatureID="true_109" href="SET_HLP_WLAN_EAP_PLUGINS_IAP.html" navtitle="Ρυθμίσεις EAP"/>
   <topicref FeatureID="true_109" href="SET_HLP_WLAN_EAP_AKA.html" navtitle="Ρυθμίσεις EAP-AKA"/>
   <topicref FeatureID="true_109" href="SET_HLP_WLAN_EAP_SIM.html" navtitle="Ρυθμίσεις EAP-SIM"/>
   <topicref FeatureID="true_109" href="SET_HLP_WLAN_EAP_GTC.html" navtitle="Ρυθμίσεις EAP-GTC"/>
   <topicref FeatureID="true_109" href="SET_HLP_WLAN_EAP_TTLS_TYPES.html" navtitle="Μέθοδοι ελέγχου στοιχείων EAP-TTLS"/>
   <topicref FeatureID="true_109" href="SET_HLP_WLAN_EAP_TTLS_SUITES.html" navtitle="Πακέτα κρυπτογράφησης για EAP-TΤLS"/>
   <topicref FeatureID="true_109" href="SET_HLP_WLAN_EAP_TTLS_SETT.html" navtitle="Ρυθμίσεις EAP-TTLS"/>
   <topicref FeatureID="true_109" href="SET_HLP_WLAN_EAP_TLS_SUITES.html" navtitle="Πακέτα κρυπτογράφησης για EAP-TLS"/>
   <topicref FeatureID="true_109" href="SET_HLP_WLAN_EAP_TLS_SETT.html" navtitle="Ρυθμίσεις EAP-TLS"/>
   <topicref FeatureID="true_109" href="SET_HLP_WLAN_EAP_PEAP_TYPES.html" navtitle="Μέθοδοι ελέγχου στοιχείων EAP-PEAP"/>
   <topicref FeatureID="true_109" href="SET_HLP_WLAN_EAP_PEAP_SUITES.html" navtitle="Πακέτα κρυπτογράφησης για EAP-PEAP"/>
   <topicref FeatureID="true_109" href="SET_HLP_WLAN_EAP_PEAP_SETT.html" navtitle="Ρυθμίσεις EAP-PEAP"/>
   <topicref FeatureID="true_109" href="SET_HLP_WLAN_EAP_MSCHAPV2.html" navtitle="Ρυθμίσεις EAP-MSCHAPV2"/>
   <topicref FeatureID="true_109" href="SET_HLP_WLAN_EAP_PLAIN_MSCHAP.html" navtitle="Απλές ρυθμίσεις MSCHAPV2"/>
   <topicref FeatureID="true_177" href="SET_HLP_WLAN_EAP_LEAP.html" navtitle="Ρυθμίσεις EAP-LEAP"/>
   <topicref FeatureID="true_177" href="SET_HLP_WLAN_EAP_FAST_TYPES.html" navtitle="Μέθοδοι ελέγχου στοιχείων EAP-FAST"/>
   <topicref FeatureID="true_177" href="SET_HLP_WLAN_EAP_FAST_SUITES.html" navtitle="Πακέτα κρυπτογράφησης για EAP-FAST"/>
   <topicref FeatureID="true_177" href="SET_HLP_WLAN_EAP_FAST_SETT.html" navtitle="Ρυθμίσεις EAP-FAST"/>
   <topicref FeatureID="true_109" href="SET_HLP_WLAN_EAP_PAP.html" navtitle="Ρυθμίσεις PAP"/>
   <topicref FeatureID="true_109" href="SET_HLP_WLAN_WEP_KEY_SETT.html" navtitle="Επεξεργασία κλειδιών WEP"/>
   <topicref FeatureID="true_109" href="SET_HLP_WLAN_WEP_MAIN.html" navtitle="Ρυθμίσεις ασφαλείας WEP"/>
   <topicref FeatureID="-1" href="ACL_HLP_MAIN.html" navtitle="Περιορισμός συνδέσεων"/>
   <topicref FeatureID="-1" href="SET_HLP_CONN_DEST_VIEW.html" navtitle="Προβολή προορισμών"/>
   <topicref FeatureID="-1" href="SET_HLP_DEFAULT_CONN.html" navtitle="Προεπιλεγμένη σύνδεση"/>
   <topicref FeatureID="true_99" href="SET_HLP_VPN_DEST_ASSOC_VIEW.html" navtitle="Συνδέσεις VPN"/>
   <topicref FeatureID="-1" href="SET_HLP_CONN_METHODS_VIEW.html" navtitle="Προβολή σημείων πρόσβασης"/>
   <topicref FeatureID="-1" href="SET_HLP_APP_DEST_ASSOC_VIEW.html" navtitle="Συνδέσεις εφαρμογών"/>
   <topicref FeatureID="-1" href="CP_HLP_APPILICATION_SETTINGS.html" navtitle="Ρυθμίσεις εφαρμογής"/>
   <topicref FeatureID="-1" href="SCP_HLP_CALL.html" navtitle="Ρυθμίσεις κλήσεων"/>
   <topicref FeatureID="-1" href="CP_HLP_CONNECTIVITY.html" navtitle="Ρυθμίσεις συνδεσιμότητας"/>
   <topicref FeatureID="-1" href="CP_HLP_DISPLAY.html" navtitle="Ρυθμίσεις οθόνης"/>
   <topicref FeatureID="-1" href="CP_HLP_DEVICE.html" navtitle="Ρυθμίσεις συσκευής"/>
   <topicref FeatureID="-1" href="CP_HLP_LANGUAGE.html" navtitle="Ρυθμίσεις γλώσσας"/>
   <topicref FeatureID="-1" href="CP_HLP_MAIN_VIEW.html" navtitle="Ρυθμίσεις"/>
   <topicref FeatureID="-1" href="CP_HLP_NETWORK.html" navtitle="Ρυθμίσεις δικτύου"/>
   <topicref FeatureID="true_410" href="CP_HLP_PEN_INPUT.html" navtitle="Ρυθμίσεις εισαγωγής αφής"/>
   <topicref FeatureID="-1" href="CP_HLP_PERSONAL.html" navtitle="Προσωπική προβολή"/>
   <topicref FeatureID="-1" href="CP_HLP_SECURITY.html" navtitle="Ρυθμίσεις ασφαλείας"/>
   <topicref FeatureID="-1" href="SET_HLP_SECURITY_DEVICE_SIM.html" navtitle="Ασφάλεια συσκευής"/>
   <topicref FeatureID="-1" href="CP_HLP_IDLE.html" navtitle="Αρχική οθόνη"/>
   <topicref FeatureID="-1" href="CP_HLP_TELEPHONY.html" navtitle="Ρυθμίσεις τηλεφωνίας"/>
   <topicref FeatureID="__DUAL_LANGUAGE_SUPPORT=true" href="CP_HLP_WRITING_LANGUAGE.html" navtitle="Γλώσσα γραφής"/>
   <topicref FeatureID="-1" href="ES_HLP_LIGHT_MAIN.html" navtitle="Φωτισμός ειδοποίησης"/>
   <topicref FeatureID="-1" href="ES_HLP_LIGHT_BLINKING.html" navtitle="Ρυθμίσεις φωτισμού ειδοποίησης"/>
   <topicref FeatureID="-1" href="SET_HLP_ACCESSORIES_LIST.html" navtitle="Ρυθμίσεις αξεσουάρ"/>
   <topicref FeatureID="-1" href="SSET_HLP_MAIN_VIEW.html" navtitle="Ρυθμίσεις αισθητήρα"/>
   <topicref FeatureID="-1" href="SET_HLP_AP_SETTING_GPRS.html" navtitle="Σημείο πρόσβασης πακέτων δεδομένων"/>
   <topicref FeatureID="-1" href="SET_HLP_AP_SETTING_GPRS_AS.html" navtitle="Προχ. ρυθμ. πακ. δεδ."/>
   <topicref FeatureID="true_110" href="SET_HLP_AP_DATA_AS_IPV4.html" navtitle="Ρυθμίσεις IPv4 κλήσεων δεδομένων"/>
   <topicref FeatureID="true_1088" href="SET_HLP_AP_DATA_AS_IPV6.html" navtitle="Ρυθμίσεις IPv6 κλήσεων δεδομένων"/>
   <topicref FeatureID="true_110" href="SET_HLP_AP_SETTING_DATA.html" navtitle="Σημείο πρόσβασης κλήσεων δεδομένων"/>
   <topicref FeatureID="true_110" href="SET_HLP_AP_SETTING_DATA_AS.html" navtitle="Προχωρημένες ρυθμίσεις κλήσεων δεδομένων"/>
   <topicref FeatureID="true_109" href="SET_HLP_AP_SETTING_WLAN_AS.html" navtitle="Προχ. Ρυθμίσεις δικτύων WLAN"/>
   <topicref FeatureID="-1" href="SET_HLP_VPN_AP_SETTINGS_VIEW.html" navtitle="Επεξεργασία σημείων πρόσβασης VPN"/>
   <topicref FeatureID="true_109" href="SET_HLP_AP_SETTING_WLAN.html" navtitle="Σημείο πρόσβασης WLAN"/>
   <topicref FeatureID="true_109" href="SET_HLP_AP_WLAN_AS_IPV4.html" navtitle="Ρυθμίσεις WLAN IPv4"/>
   <topicref FeatureID="true_109" href="SET_HLP_AP_WLAN_AS_IPV6.html" navtitle="Ρυθμίσεις IPv6 WLAN"/>
   <topicref FeatureID="-1" href="CP_HLP_AUTOKEYGUARD.html" navtitle="Αυτόματο κλείδωμα πλήκτρων"/>
   <topicref FeatureID="true_1537" href="RD_HLP_REMOTE_DRIVE_CONFIG.html" navtitle="Ρυθμίσεις απομακρυσμένου δίσκου"/>
   <topicref FeatureID="true_1537" href="RD_HLP_REMOTE_DRIVES.html" navtitle="Απομακρυσμένοι δίσκοι"/>
   <topicref FeatureID="-1" href="CP_HLP_NETWORK.html" navtitle="Ρυθμίσεις δικτύου"/>
   <topicref FeatureID="-1" href="SET_HLP_BARRING_SETTINGS.html" navtitle="Φραγή τηλεφωνικών κλήσεων"/>
   <topicref FeatureID="true_298" href="DIV_HLP_BARRING_MAIN.html" navtitle="Φραγή κλήσεων"/>
   <topicref FeatureID="-1" href="DIV_HLP_CALL_FORW_MAIN.html" navtitle="Εκτροπή κλήσεων"/>
   <topicref FeatureID="-1" href="DIV_HLP_CALL_FORW_VOI.html" navtitle="Εκτροπή φωνητικών κλήσεων"/>
   <topicref FeatureID="true_298" href="DIV_HLP_CALL_FORW_VOIP.html" navtitle="Φραγή κλήσεων διαδικτύου"/>
   <topicref FeatureID="true_109" href="SET_HLP_WLAN_SETTINGS.html" navtitle="Ρυθμίσεις δικτύων WLAN"/>
   <topicref FeatureID="-1" href="CP_HLP_SYNCHRONISATION.html" navtitle="Ρυθμίσεις συγχρονισμού"/>
   <topicref FeatureID="-1" href="CP_HLP_INSTALLATIONS.html" navtitle="Εγκαταστάσεις"/>
   <topicref FeatureID="-1" href="SET_HLP_ACCESSORIES_HEADPHONE.html" navtitle="Ρυθμίσεις ακουστικών"/>
   <topicref FeatureID="-1" href="SET_HLP_ACCESSORIES_HEADSET.html" navtitle="Ρυθμίσεις ακουστικών"/>
   <topicref FeatureID="-1" href="SET_HLP_ACCESS_WIRED_CK.html" navtitle="Ρυθμίσεις ενσύρματου κιτ αυτοκινήτου"/>
   <topicref FeatureID="-1" href="SET_HLP_ACCESS_WIRELESS_CK.html" navtitle="Ρυθμίσεις ασύρματου κιτ αυτοκινήτου"/>
   <topicref FeatureID="-1" href="SET_HLP_ACCESSORIES_LOOPSET.html" navtitle="Ρυθμίσεις ακουστικών βαρηκοΐας"/>
   <topicref FeatureID="-1" href="SET_HLP_ACCESSORIES_MUSIC_ST.html" navtitle="Ρυθμίσεις βάσης μουσικής"/>
   <topicref FeatureID="true_1032" href="SET_HLP_ACCESSORIES_TTY.html" navtitle="Ρυθμίσεις κειμενοτηλεφώνου"/>
   <topicref FeatureID="true_1540" href="SET_HLP_ACCESSORIES_TVOUT.html" navtitle="Ρυθμίσεις εξόδου TV"/>
   <topicref FeatureID="true_410" href="CP_HLP_PEN_INPUT.html" navtitle="Ρυθμίσεις εισαγωγής αφής"/>
   <topicref FeatureID="-1" href="PREDINPUT_HLP_USERDICT.html" navtitle="Επεξεργασία λεξικού χρήστη"/>
</topics>