<?xml version="1.0" encoding="UTF-8"?>
<keywords>
   <keywords>
      <text FeatureID="-1">διαχείριση συσκευής</text>
      <target FeatureID="-1" href="CP_HLP_DEVICE_MANAGEMENT.html">Διαχείριση συσκευής</target>
   </keywords>
   <keywords>
      <text FeatureID="true_109">EAP (Extensible Authentication Protocol)</text>
      <target FeatureID="true_109" href="SET_HLP_WLAN_EAP_SIM.html">Ρυθμίσεις EAP-SIM</target>
   </keywords>
   <keywords>
      <text FeatureID="true_109">ρυθμίσεις, WLAN</text>
      <target FeatureID="true_109" href="SET_HLP_WLAN_EAP_SIM.html">Ρυθμίσεις EAP-SIM</target>
   </keywords>
   <keywords>
      <text FeatureID="-1">περιορ. σημ. πρόσβ.</text>
      <target FeatureID="-1" href="ACL_HLP_MAIN.html">Περιορισμός συνδέσεων</target>
   </keywords>
   <keywords>
      <text FeatureID="-1">ρυθμίσεις σύνδεσης</text>
      <target FeatureID="-1" href="SET_HLP_CONN_DEST_VIEW.html">Προβολή προορισμών</target>
      <target FeatureID="-1" href="SET_HLP_DEFAULT_CONN.html">Προεπιλεγμένη σύνδεση</target>
      <target FeatureID="-1" href="SET_HLP_CONN_METHODS_VIEW.html">Προβολή σημείων πρόσβασης</target>
      <target FeatureID="true_1537" href="RD_HLP_REMOTE_DRIVE_CONFIG.html">Ρυθμίσεις απομακρυσμένου δίσκου</target>
      <target FeatureID="true_1537" href="RD_HLP_REMOTE_DRIVES.html">Απομακρυσμένοι δίσκοι</target>
   </keywords>
   <keywords>
      <text FeatureID="-1">ρυθμίσεις προορισμών</text>
      <target FeatureID="-1" href="SET_HLP_CONN_DEST_VIEW.html">Προβολή προορισμών</target>
   </keywords>
   <keywords>
      <text FeatureID="-1">προεπιλεγμένη σύνδεση</text>
      <target FeatureID="-1" href="SET_HLP_DEFAULT_CONN.html">Προεπιλεγμένη σύνδεση</target>
   </keywords>
   <keywords>
      <text FeatureID="-1">σημεία πρόσβασης VPN</text>
      <target FeatureID="true_99" href="SET_HLP_VPN_DEST_ASSOC_VIEW.html">Συνδέσεις VPN</target>
      <target FeatureID="-1" href="SET_HLP_VPN_AP_SETTINGS_VIEW.html">Επεξεργασία σημείων πρόσβασης VPN</target>
   </keywords>
   <keywords>
      <text FeatureID="-1">σημεία πρόσβασης</text>
      <target FeatureID="-1" href="SET_HLP_CONN_METHODS_VIEW.html">Προβολή σημείων πρόσβασης</target>
   </keywords>
   <keywords>
      <text FeatureID="-1">συνδέσεις εφαρμογών</text>
      <target FeatureID="-1" href="SET_HLP_APP_DEST_ASSOC_VIEW.html">Συνδέσεις εφαρμογών</target>
   </keywords>
   <keywords>
      <text FeatureID="-1">ρυθμίσεις εφαρμογής</text>
      <target FeatureID="-1" href="CP_HLP_APPILICATION_SETTINGS.html">Ρυθμίσεις εφαρμογής</target>
   </keywords>
   <keywords>
      <text FeatureID="-1">κλήσεις, ρυθμίσεις</text>
      <target FeatureID="-1" href="SCP_HLP_CALL.html">Ρυθμίσεις κλήσεων</target>
   </keywords>
   <keywords>
      <text FeatureID="-1">ρυθμίσεις, κλήσεις</text>
      <target FeatureID="-1" href="SCP_HLP_CALL.html">Ρυθμίσεις κλήσεων</target>
   </keywords>
   <keywords>
      <text FeatureID="-1">συνδεσιμότητα</text>
      <target FeatureID="-1" href="CP_HLP_CONNECTIVITY.html">Ρυθμίσεις συνδεσιμότητας</target>
   </keywords>
   <keywords>
      <text FeatureID="-1">πίνακας ελέγχου</text>
      <target FeatureID="-1" href="CP_HLP_DISPLAY.html">Ρυθμίσεις οθόνης</target>
      <target FeatureID="-1" href="CP_HLP_IDLE.html">Αρχική οθόνη</target>
      <target FeatureID="__DUAL_LANGUAGE_SUPPORT=true" href="CP_HLP_WRITING_LANGUAGE.html">Γλώσσα γραφής</target>
   </keywords>
   <keywords>
      <text FeatureID="-1">ρυθμίσεις οθόνης</text>
      <target FeatureID="-1" href="CP_HLP_DISPLAY.html">Ρυθμίσεις οθόνης</target>
   </keywords>
   <keywords>
      <text FeatureID="-1">γενικές ρυθμίσεις</text>
      <target FeatureID="-1" href="CP_HLP_DEVICE.html">Ρυθμίσεις συσκευής</target>
   </keywords>
   <keywords>
      <text FeatureID="-1">ρυθμίσεις συσκευής</text>
      <target FeatureID="-1" href="CP_HLP_DEVICE.html">Ρυθμίσεις συσκευής</target>
   </keywords>
   <keywords>
      <text FeatureID="-1">ρυθμίσεις γλώσσας</text>
      <target FeatureID="-1" href="CP_HLP_LANGUAGE.html">Ρυθμίσεις γλώσσας</target>
   </keywords>
   <keywords>
      <text FeatureID="-1">ρυθμίσεις</text>
      <target FeatureID="-1" href="CP_HLP_MAIN_VIEW.html">Ρυθμίσεις</target>
   </keywords>
   <keywords>
      <text FeatureID="-1">ρυθμίσεις δικτύου</text>
      <target FeatureID="-1" href="CP_HLP_NETWORK.html">Ρυθμίσεις δικτύου</target>
      <target FeatureID="-1" href="CP_HLP_NETWORK.html">Ρυθμίσεις δικτύου</target>
   </keywords>
   <keywords>
      <text FeatureID="-1">προφίλ</text>
      <target FeatureID="-1" href="CP_HLP_PERSONAL.html">Προσωπική προβολή</target>
   </keywords>
   <keywords>
      <text FeatureID="-1">θέμα</text>
      <target FeatureID="-1" href="CP_HLP_PERSONAL.html">Προσωπική προβολή</target>
   </keywords>
   <keywords>
      <text FeatureID="-1">αναμονή</text>
      <target FeatureID="-1" href="CP_HLP_PERSONAL.html">Προσωπική προβολή</target>
   </keywords>
   <keywords>
      <text FeatureID="-1">ασφάλεια, ρυθμίσεις</text>
      <target FeatureID="-1" href="CP_HLP_SECURITY.html">Ρυθμίσεις ασφαλείας</target>
   </keywords>
   <keywords>
      <text FeatureID="-1">ρυθμίσεις, ασφάλεια</text>
      <target FeatureID="-1" href="CP_HLP_SECURITY.html">Ρυθμίσεις ασφαλείας</target>
   </keywords>
   <keywords>
      <text FeatureID="-1">συσκευή, κλείδωμα</text>
      <target FeatureID="-1" href="SET_HLP_SECURITY_DEVICE_SIM.html">Ασφάλεια συσκευής</target>
   </keywords>
   <keywords>
      <text FeatureID="-1">ασφάλεια</text>
      <target FeatureID="-1" href="SET_HLP_SECURITY_DEVICE_SIM.html">Ασφάλεια συσκευής</target>
   </keywords>
   <keywords>
      <text FeatureID="-1">ρυθμίσεις αρχικής οθόνης</text>
      <target FeatureID="-1" href="CP_HLP_IDLE.html">Αρχική οθόνη</target>
   </keywords>
   <keywords>
      <text FeatureID="__DUAL_LANGUAGE_SUPPORT=true">γλώσσα γραφής</text>
      <target FeatureID="__DUAL_LANGUAGE_SUPPORT=true" href="CP_HLP_WRITING_LANGUAGE.html">Γλώσσα γραφής</target>
   </keywords>
   <keywords>
      <text FeatureID="-1">φωτισμός ειδοποίησης</text>
      <target FeatureID="-1" href="ES_HLP_LIGHT_MAIN.html">Φωτισμός ειδοποίησης</target>
      <target FeatureID="-1" href="ES_HLP_LIGHT_BLINKING.html">Ρυθμίσεις φωτισμού ειδοποίησης</target>
   </keywords>
   <keywords>
      <text FeatureID="-1">ρυθμίσεις αξεσουάρ</text>
      <target FeatureID="-1" href="SET_HLP_ACCESSORIES_LIST.html">Ρυθμίσεις αξεσουάρ</target>
      <target FeatureID="-1" href="SET_HLP_ACCESSORIES_HEADPHONE.html">Ρυθμίσεις ακουστικών</target>
      <target FeatureID="-1" href="SET_HLP_ACCESSORIES_HEADSET.html">Ρυθμίσεις ακουστικών</target>
      <target FeatureID="-1" href="SET_HLP_ACCESS_WIRED_CK.html">Ρυθμίσεις ενσύρματου κιτ αυτοκινήτου</target>
      <target FeatureID="true_1032" href="SET_HLP_ACCESSORIES_TTY.html">Ρυθμίσεις κειμενοτηλεφώνου</target>
      <target FeatureID="true_1540" href="SET_HLP_ACCESSORIES_TVOUT.html">Ρυθμίσεις εξόδου TV</target>
   </keywords>
   <keywords>
      <text FeatureID="-1">σημείο πρόσβασης πακέτων δεδομένων</text>
      <target FeatureID="-1" href="SET_HLP_AP_SETTING_GPRS.html">Σημείο πρόσβασης πακέτων δεδομένων</target>
   </keywords>
   <keywords>
      <text FeatureID="-1">ρυθμίσεις πακέτων δεδομένων</text>
      <target FeatureID="-1" href="SET_HLP_AP_SETTING_GPRS_AS.html">Προχ. ρυθμ. πακ. δεδ.</target>
   </keywords>
   <keywords>
      <text FeatureID="-1">σημεία πρόσβασης πακέτων δεδομένων</text>
      <target FeatureID="-1" href="SET_HLP_AP_SETTING_GPRS_AS.html">Προχ. ρυθμ. πακ. δεδ.</target>
   </keywords>
   <keywords>
      <text FeatureID="true_1088 true_110">σημεία πρόσβασης κλήσεων δεδομένων</text>
      <target FeatureID="true_110" href="SET_HLP_AP_DATA_AS_IPV4.html">Ρυθμίσεις IPv4 κλήσεων δεδομένων</target>
      <target FeatureID="true_1088" href="SET_HLP_AP_DATA_AS_IPV6.html">Ρυθμίσεις IPv6 κλήσεων δεδομένων</target>
      <target FeatureID="true_110" href="SET_HLP_AP_SETTING_DATA_AS.html">Προχωρημένες ρυθμίσεις κλήσεων δεδομένων</target>
   </keywords>
   <keywords>
      <text FeatureID="true_110">ρυθμίσεις σημείου πρόσβασης</text>
      <target FeatureID="true_110" href="SET_HLP_AP_SETTING_DATA.html">Σημείο πρόσβασης κλήσεων δεδομένων</target>
      <target FeatureID="true_110" href="SET_HLP_AP_SETTING_DATA_AS.html">Προχωρημένες ρυθμίσεις κλήσεων δεδομένων</target>
   </keywords>
   <keywords>
      <text FeatureID="true_110">ρυθμίσεις κλήσεων δεδομένων</text>
      <target FeatureID="true_110" href="SET_HLP_AP_SETTING_DATA.html">Σημείο πρόσβασης κλήσεων δεδομένων</target>
   </keywords>
   <keywords>
      <text FeatureID="-1">εικονικό ιδιωτικό δίκτυο</text>
      <target FeatureID="-1" href="SET_HLP_VPN_AP_SETTINGS_VIEW.html">Επεξεργασία σημείων πρόσβασης VPN</target>
   </keywords>
   <keywords>
      <text FeatureID="-1">κλείδωμα πλήκτρων</text>
      <target FeatureID="-1" href="CP_HLP_AUTOKEYGUARD.html">Αυτόματο κλείδωμα πλήκτρων</target>
   </keywords>
   <keywords>
      <text FeatureID="true_1537">απομακρυσμένοι δίσκοι</text>
      <target FeatureID="true_1537" href="RD_HLP_REMOTE_DRIVE_CONFIG.html">Ρυθμίσεις απομακρυσμένου δίσκου</target>
      <target FeatureID="true_1537" href="RD_HLP_REMOTE_DRIVES.html">Απομακρυσμένοι δίσκοι</target>
   </keywords>
   <keywords>
      <text FeatureID="-1">φραγή κλήσης</text>
      <target FeatureID="-1" href="SET_HLP_BARRING_SETTINGS.html">Φραγή τηλεφωνικών κλήσεων</target>
      <target FeatureID="true_298" href="DIV_HLP_BARRING_MAIN.html">Φραγή κλήσεων</target>
   </keywords>
   <keywords>
      <text FeatureID="-1">φραγή κλήσεων</text>
      <target FeatureID="-1" href="SET_HLP_BARRING_SETTINGS.html">Φραγή τηλεφωνικών κλήσεων</target>
      <target FeatureID="true_298" href="DIV_HLP_BARRING_MAIN.html">Φραγή κλήσεων</target>
   </keywords>
   <keywords>
      <text FeatureID="-1">εκτροπή κλήσεων</text>
      <target FeatureID="-1" href="DIV_HLP_CALL_FORW_MAIN.html">Εκτροπή κλήσεων</target>
      <target FeatureID="-1" href="DIV_HLP_CALL_FORW_VOI.html">Εκτροπή φωνητικών κλήσεων</target>
   </keywords>
   <keywords>
      <text FeatureID="-1">προώθηση κλήσεων</text>
      <target FeatureID="-1" href="DIV_HLP_CALL_FORW_MAIN.html">Εκτροπή κλήσεων</target>
   </keywords>
   <keywords>
      <text FeatureID="-1">ρυθμίσεις συγχρονισμού</text>
      <target FeatureID="-1" href="CP_HLP_SYNCHRONISATION.html">Ρυθμίσεις συγχρονισμού</target>
   </keywords>
   <keywords>
      <text FeatureID="-1">εγκατάσταση εφαρμογών</text>
      <target FeatureID="-1" href="CP_HLP_INSTALLATIONS.html">Εγκαταστάσεις</target>
   </keywords>
   <keywords>
      <text FeatureID="-1">Ρυθμίσεις ακουστικών</text>
      <target FeatureID="-1" href="SET_HLP_ACCESSORIES_HEADPHONE.html">Ρυθμίσεις ακουστικών</target>
   </keywords>
   <keywords>
      <text FeatureID="-1">ρυθμίσεις ακουστικών</text>
      <target FeatureID="-1" href="SET_HLP_ACCESSORIES_HEADSET.html">Ρυθμίσεις ακουστικών</target>
   </keywords>
   <keywords>
      <text FeatureID="-1">ρυθμίσεις ενσύρματου κιτ αυτοκινήτου</text>
      <target FeatureID="-1" href="SET_HLP_ACCESS_WIRED_CK.html">Ρυθμίσεις ενσύρματου κιτ αυτοκινήτου</target>
   </keywords>
   <keywords>
      <text FeatureID="-1">ρυθμίσεις κιτ αυτοκινήτου</text>
      <target FeatureID="-1" href="SET_HLP_ACCESS_WIRED_CK.html">Ρυθμίσεις ενσύρματου κιτ αυτοκινήτου</target>
   </keywords>
   <keywords>
      <text FeatureID="-1">ρυθμίσεις βάσης για μουσική</text>
      <target FeatureID="-1" href="SET_HLP_ACCESSORIES_MUSIC_ST.html">Ρυθμίσεις βάσης μουσικής</target>
   </keywords>
   <keywords>
      <text FeatureID="true_1032">ρυθμίσεις TTY</text>
      <target FeatureID="true_1032" href="SET_HLP_ACCESSORIES_TTY.html">Ρυθμίσεις κειμενοτηλεφώνου</target>
   </keywords>
   <keywords>
      <text FeatureID="true_1032">ρυθμίσεις TDD</text>
      <target FeatureID="true_1032" href="SET_HLP_ACCESSORIES_TTY.html">Ρυθμίσεις κειμενοτηλεφώνου</target>
   </keywords>
   <keywords>
      <text FeatureID="true_1540">ρυθμίσεις εξόδου tv</text>
      <target FeatureID="true_1540" href="SET_HLP_ACCESSORIES_TVOUT.html">Ρυθμίσεις εξόδου TV</target>
   </keywords>
</keywords>