<?xml version="1.0" encoding="UTF-8"?>
<keywords>
   <keywords>
      <text FeatureID="-1">pagpapadala ng mga mensahe</text>
      <target FeatureID="-1" href="UNIFIED_HLP_EDITOR.html">Gumawa ng mga mensahe</target>
   </keywords>
   <keywords>
      <text FeatureID="-1">editor ng mensahe</text>
      <target FeatureID="-1" href="UNIFIED_HLP_EDITOR.html">Gumawa ng mga mensahe</target>
   </keywords>
   <keywords>
      <text FeatureID="-1">mga mensahe</text>
      <target FeatureID="-1" href="UNIFIED_HLP_SENDING_OPTIONS.html">Mga opsyon sa pagpapadala</target>
   </keywords>
   <keywords>
      <text FeatureID="-1">mga opsyon sa pagpapadala</text>
      <target FeatureID="-1" href="UNIFIED_HLP_SENDING_OPTIONS.html">Mga opsyon sa pagpapadala</target>
   </keywords>
   <keywords>
      <text FeatureID="-1">mga media object</text>
      <target FeatureID="-1" href="UNIFIED_HLP_ED_OBJECTS.html">Mga natanggap na media object</target>
   </keywords>
   <keywords>
      <text FeatureID="-1">mga multimedia object</text>
      <target FeatureID="-1" href="UNIFIED_HLP_ED_OBJECTS.html">Mga natanggap na media object</target>
   </keywords>
</keywords>