<?xml version="1.0" encoding="UTF-8"?>
<keywords>
   <keywords>
      <text FeatureID="-1">sertifikalar</text>
      <target FeatureID="-1" href="AM_HLP_GENERAL_SETTINGS.html">Sertifika ayarları</target>
   </keywords>
   <keywords>
      <text FeatureID="-1">ayarlar, sertifikalar</text>
      <target FeatureID="-1" href="AM_HLP_GENERAL_SETTINGS.html">Sertifika ayarları</target>
   </keywords>
   <keywords>
      <text FeatureID="-1">uygulamaları yükleme</text>
      <target FeatureID="-1" href="AM_HLP_NOT_INSTALLED.html">Yükleme dosyaları</target>
      <target FeatureID="-1" href="AM_HLP_APPLICATION.html">Uygulamaları yönetme</target>
   </keywords>
   <keywords>
      <text FeatureID="-1">yüklenmemiş uygulamalar</text>
      <target FeatureID="-1" href="AM_HLP_NOT_INSTALLED.html">Yükleme dosyaları</target>
   </keywords>
   <keywords>
      <text FeatureID="-1">yüklü uygulamalar</text>
      <target FeatureID="-1" href="AM_HLP_INSTALLED.html">Yüklü uygulamalar</target>
   </keywords>
   <keywords>
      <text FeatureID="-1">yazılım yükleme</text>
      <target FeatureID="-1" href="AM_HLP_APPLICATION.html">Uygulamaları yönetme</target>
   </keywords>
   <keywords>
      <text FeatureID="-1">izin istekleri</text>
      <target FeatureID="-1" href="AM_HLP_INSTALL_CAPAB.html">İzin istekleri</target>
   </keywords>
   <keywords>
      <text FeatureID="-1">güvenilmez yükleme</text>
      <target FeatureID="-1" href="AM_HLP_INSTALL_UNTRUSTED.html">Güvenilmez yükleme</target>
   </keywords>
</keywords>