<?xml version="1.0" encoding="UTF-8"?><?xml-stylesheet  href="../../theme/xsl/index2html.xslt" type="text/xsl"?>
<topics FeatureID="-1" title="Ιστός" compressed="true">
   <topicref FeatureID="-1" href="OSS_HLP_BM_ADDBM.html" navtitle="Προσθήκη σελιδοδεικτών"/>
   <topicref FeatureID="true_167" href="OSS_HLP_RSS_ADD.html" navtitle="Προσθήκη μεταδόσεων Ιστού"/>
   <topicref FeatureID="-1" href="OSS_HLP_PAGEVIEW.html" navtitle="Περιήγηση στον Ιστό"/>
   <topicref FeatureID="-1" href="OSS_HLP_BM_MAIN.html" navtitle="Περιήγηση σε σελιδοδείκτες"/>
   <topicref FeatureID="-1" href="OSS_HLP_BM_EDIT.html" navtitle="Επεξεργασία σελιδοδεικτών"/>
   <topicref FeatureID="true_167" href="OSS_HLP_RSS_EDIT.html" navtitle="Επεξεργασία μεταδόσεων Ιστού"/>
   <topicref FeatureID="-1" href="OSS_HLP_SETTINGS_GENERAL.html" navtitle="Γενικές ρυθμίσεις"/>
   <topicref FeatureID="-1" href="OSS_HLP_SETTINGS_PAGE.html" navtitle="Ρυθμίσεις σελίδας"/>
   <topicref FeatureID="-1" href="OSS_HLP_SETTINGS_PRIVACY.html" navtitle="Ρυθμίσεις απορρήτου"/>
   <topicref FeatureID="true_167" href="OSS_HLP_RSS_ARTICLE.html" navtitle="Άρθρα μεταδόσεων Ιστού"/>
   <topicref FeatureID="true_167" href="OSS_HLP_SETTINGS_RSS.html" navtitle="Ρυθμίσεις μεταδόσεων Ιστού"/>
   <topicref FeatureID="true_167" href="OSS_HLP_RSS_ARTICLELST.html" navtitle="Μεταδόσεις Ιστού"/>
   <topicref FeatureID="-1" href="OSS_HLP_PAGEVIEW_EMBED.html" navtitle="Ο Ιστός σε εφαρμογές"/>
   <topicref FeatureID="-1" href="OSS_HLP_SETTINGS_FOLDERS.html" navtitle="Ρυθμίσεις Ιστού"/>
   <topicref FeatureID="true_167" href="OSS_HLP_RSS_MAIN.html" navtitle="Μεταδόσεις Ιστού και blog"/>
   <topicref FeatureID="false_410" href="OSS_HLP_SHORTCUTS.html" navtitle="Συντομεύσεις γραμμής εργασιών"/>
   <topicref FeatureID="false_410" href="OSS_HLP_KEYPAD.html" navtitle="Συντομεύσεις πληκτρολογίου"/>
</topics>