<?xml version="1.0" encoding="UTF-8"?>
<keywords>
   <keywords>
      <text FeatureID="-1">σελιδοδείκτες</text>
      <target FeatureID="-1" href="OSS_HLP_BM_ADDBM.html">Προσθήκη σελιδοδεικτών</target>
   </keywords>
   <keywords>
      <text FeatureID="-1">σελιδοδείκτες περιήγησης</text>
      <target FeatureID="-1" href="OSS_HLP_BM_ADDBM.html">Προσθήκη σελιδοδεικτών</target>
      <target FeatureID="-1" href="OSS_HLP_BM_MAIN.html">Περιήγηση σε σελιδοδείκτες</target>
   </keywords>
   <keywords>
      <text FeatureID="-1">Ιστός</text>
      <target FeatureID="-1" href="OSS_HLP_BM_ADDBM.html">Προσθήκη σελιδοδεικτών</target>
      <target FeatureID="true_167" href="OSS_HLP_RSS_ADD.html">Προσθήκη μεταδόσεων Ιστού</target>
      <target FeatureID="-1" href="OSS_HLP_PAGEVIEW.html">Περιήγηση στον Ιστό</target>
      <target FeatureID="true_167" href="OSS_HLP_RSS_ARTICLE.html">Άρθρα μεταδόσεων Ιστού</target>
      <target FeatureID="true_167" href="OSS_HLP_RSS_ARTICLELST.html">Μεταδόσεις Ιστού</target>
      <target FeatureID="true_167" href="OSS_HLP_RSS_MAIN.html">Μεταδόσεις Ιστού και blog</target>
   </keywords>
   <keywords>
      <text FeatureID="true_167">μεταδόσεις</text>
      <target FeatureID="true_167" href="OSS_HLP_RSS_ADD.html">Προσθήκη μεταδόσεων Ιστού</target>
      <target FeatureID="true_167" href="OSS_HLP_RSS_EDIT.html">Επεξεργασία μεταδόσεων Ιστού</target>
      <target FeatureID="true_167" href="OSS_HLP_RSS_ARTICLE.html">Άρθρα μεταδόσεων Ιστού</target>
      <target FeatureID="true_167" href="OSS_HLP_RSS_ARTICLELST.html">Μεταδόσεις Ιστού</target>
      <target FeatureID="true_167" href="OSS_HLP_RSS_MAIN.html">Μεταδόσεις Ιστού και blog</target>
   </keywords>
   <keywords>
      <text FeatureID="true_167">μεταδόσεις RSS</text>
      <target FeatureID="true_167" href="OSS_HLP_RSS_ADD.html">Προσθήκη μεταδόσεων Ιστού</target>
      <target FeatureID="true_167" href="OSS_HLP_RSS_ARTICLELST.html">Μεταδόσεις Ιστού</target>
      <target FeatureID="true_167" href="OSS_HLP_RSS_MAIN.html">Μεταδόσεις Ιστού και blog</target>
   </keywords>
   <keywords>
      <text FeatureID="true_167">ειδήσεις και ιστολόγια (blog)</text>
      <target FeatureID="true_167" href="OSS_HLP_RSS_ADD.html">Προσθήκη μεταδόσεων Ιστού</target>
      <target FeatureID="true_167" href="OSS_HLP_RSS_ARTICLE.html">Άρθρα μεταδόσεων Ιστού</target>
      <target FeatureID="true_167" href="OSS_HLP_RSS_ARTICLELST.html">Μεταδόσεις Ιστού</target>
      <target FeatureID="true_167" href="OSS_HLP_RSS_MAIN.html">Μεταδόσεις Ιστού και blog</target>
   </keywords>
   <keywords>
      <text FeatureID="true_167">ιστολόγια (blog)</text>
      <target FeatureID="true_167" href="OSS_HLP_RSS_ADD.html">Προσθήκη μεταδόσεων Ιστού</target>
      <target FeatureID="true_167" href="OSS_HLP_RSS_ARTICLE.html">Άρθρα μεταδόσεων Ιστού</target>
      <target FeatureID="true_167" href="OSS_HLP_RSS_ARTICLELST.html">Μεταδόσεις Ιστού</target>
      <target FeatureID="true_167" href="OSS_HLP_RSS_MAIN.html">Μεταδόσεις Ιστού και blog</target>
   </keywords>
   <keywords>
      <text FeatureID="-1">περιήγηση σελίδων</text>
      <target FeatureID="-1" href="OSS_HLP_PAGEVIEW.html">Περιήγηση στον Ιστό</target>
   </keywords>
   <keywords>
      <text FeatureID="-1">άνοιγμα σελιδοδεικτών</text>
      <target FeatureID="-1" href="OSS_HLP_BM_MAIN.html">Περιήγηση σε σελιδοδείκτες</target>
   </keywords>
   <keywords>
      <text FeatureID="true_167">μεταδόσεις rss</text>
      <target FeatureID="true_167" href="OSS_HLP_RSS_EDIT.html">Επεξεργασία μεταδόσεων Ιστού</target>
      <target FeatureID="true_167" href="OSS_HLP_RSS_ARTICLE.html">Άρθρα μεταδόσεων Ιστού</target>
   </keywords>
   <keywords>
      <text FeatureID="true_167">ειδήσεις και blog</text>
      <target FeatureID="true_167" href="OSS_HLP_RSS_EDIT.html">Επεξεργασία μεταδόσεων Ιστού</target>
   </keywords>
   <keywords>
      <text FeatureID="true_167">blog</text>
      <target FeatureID="true_167" href="OSS_HLP_RSS_EDIT.html">Επεξεργασία μεταδόσεων Ιστού</target>
   </keywords>
   <keywords>
      <text FeatureID="true_167">ιστός</text>
      <target FeatureID="true_167" href="OSS_HLP_RSS_EDIT.html">Επεξεργασία μεταδόσεων Ιστού</target>
   </keywords>
   <keywords>
      <text FeatureID="-1">ρυθμίσεις περιήγησης</text>
      <target FeatureID="-1" href="OSS_HLP_SETTINGS_GENERAL.html">Γενικές ρυθμίσεις</target>
      <target FeatureID="-1" href="OSS_HLP_SETTINGS_PAGE.html">Ρυθμίσεις σελίδας</target>
      <target FeatureID="-1" href="OSS_HLP_SETTINGS_PRIVACY.html">Ρυθμίσεις απορρήτου</target>
      <target FeatureID="-1" href="OSS_HLP_SETTINGS_FOLDERS.html">Ρυθμίσεις Ιστού</target>
   </keywords>
   <keywords>
      <text FeatureID="-1">ρυθμίσεις Ιστού</text>
      <target FeatureID="-1" href="OSS_HLP_SETTINGS_GENERAL.html">Γενικές ρυθμίσεις</target>
      <target FeatureID="-1" href="OSS_HLP_SETTINGS_PAGE.html">Ρυθμίσεις σελίδας</target>
      <target FeatureID="-1" href="OSS_HLP_SETTINGS_PRIVACY.html">Ρυθμίσεις απορρήτου</target>
      <target FeatureID="-1" href="OSS_HLP_SETTINGS_FOLDERS.html">Ρυθμίσεις Ιστού</target>
      <target FeatureID="false_410" href="OSS_HLP_SHORTCUTS.html">Συντομεύσεις γραμμής εργασιών</target>
   </keywords>
   <keywords>
      <text FeatureID="-1">ρύθμιση για τον Ιστό</text>
      <target FeatureID="-1" href="OSS_HLP_SETTINGS_PAGE.html">Ρυθμίσεις σελίδας</target>
      <target FeatureID="-1" href="OSS_HLP_SETTINGS_FOLDERS.html">Ρυθμίσεις Ιστού</target>
   </keywords>
   <keywords>
      <text FeatureID="-1">ρυθμίσεις απορρήτου</text>
      <target FeatureID="-1" href="OSS_HLP_SETTINGS_PRIVACY.html">Ρυθμίσεις απορρήτου</target>
   </keywords>
   <keywords>
      <text FeatureID="true_167">διαμόρφωση για τον ιστό</text>
      <target FeatureID="true_167" href="OSS_HLP_SETTINGS_RSS.html">Ρυθμίσεις μεταδόσεων Ιστού</target>
   </keywords>
   <keywords>
      <text FeatureID="true_167">ρυθμίσεις εφαρμογής περιήγησης</text>
      <target FeatureID="true_167" href="OSS_HLP_SETTINGS_RSS.html">Ρυθμίσεις μεταδόσεων Ιστού</target>
   </keywords>
   <keywords>
      <text FeatureID="true_167">ρυθμίσεις ιστού</text>
      <target FeatureID="true_167" href="OSS_HLP_SETTINGS_RSS.html">Ρυθμίσεις μεταδόσεων Ιστού</target>
   </keywords>
   <keywords>
      <text FeatureID="-1">άνοιγμα συγκεκριμένης σελίδας</text>
      <target FeatureID="-1" href="OSS_HLP_PAGEVIEW_EMBED.html">Ο Ιστός σε εφαρμογές</target>
   </keywords>
   <keywords>
      <text FeatureID="-1">ο Ιστός σε εφαρμογές</text>
      <target FeatureID="-1" href="OSS_HLP_PAGEVIEW_EMBED.html">Ο Ιστός σε εφαρμογές</target>
   </keywords>
   <keywords>
      <text FeatureID="false_410">ρυθμίσεις προγράμματος περιήγησης</text>
      <target FeatureID="false_410" href="OSS_HLP_SHORTCUTS.html">Συντομεύσεις γραμμής εργασιών</target>
   </keywords>
</keywords>