<?xml version="1.0" encoding="UTF-8"?>
<keywords>
   <keywords>
      <text FeatureID="true_1637">редактиране на настройките за присъствие</text>
      <target FeatureID="true_1637" href="PRE_HLP_EDIT_SET.html">Редактиране на настройките за присъствие</target>
   </keywords>
   <keywords>
      <text FeatureID="true_1637">настройки за присъствие</text>
      <target FeatureID="true_1637" href="PRE_HLP_LIST_VIEW.html">Настройки за присъствие</target>
   </keywords>
</keywords>