<?xml version="1.0" encoding="UTF-8"?>
<keywords>
   <keywords>
      <text FeatureID="-1">การค้นหา</text>
      <target FeatureID="-1" href="SEARCH_HLP_INDEVICE_MAIN.html">ค้นหา</target>
   </keywords>
   <keywords>
      <text FeatureID="-1">ผลการค้นหา</text>
      <target FeatureID="-1" href="SEARCH_HLP_SINGLE_RE.html">ผลการค้นหา</target>
      <target FeatureID="-1" href="SEARCH_HLP_GROUPED.html">ผลการค้นหาในประเภท</target>
   </keywords>
</keywords>