<?xml version="1.0" encoding="UTF-8"?>
<keywords>
   <keywords>
      <text FeatureID="true_13 true_1566">USB-gagnasnúra</text>
      <target FeatureID="true_13" href="USB_HLP_MAIN.html">Stillingar USB</target>
      <target FeatureID="true_1566" href="USB_HLP_PRINT_SETTINGS.html">Prentarastillingar</target>
   </keywords>
   <keywords>
      <text FeatureID="true_13">gagnasnúra</text>
      <target FeatureID="true_13" href="USB_HLP_MAIN.html">Stillingar USB</target>
   </keywords>
   <keywords>
      <text FeatureID="true_1566">prenta</text>
      <target FeatureID="true_1566" href="USB_HLP_PRINT_SETTINGS.html">Prentarastillingar</target>
   </keywords>
   <keywords>
      <text FeatureID="true_1566">stillingar, prentari</text>
      <target FeatureID="true_1566" href="USB_HLP_PRINT_SETTINGS.html">Prentarastillingar</target>
   </keywords>
</keywords>