<?xml version="1.0" encoding="UTF-8"?>
<keywords>
   <keywords>
      <text FeatureID="-1">فلیش فائل پلے بیک</text>
      <target FeatureID="-1" href="FLITE_HLP_STOPPED.html">فلیش پلے بیک ختم کریں</target>
      <target FeatureID="-1" href="FLITE_HLP_VIEWER_PAUSED.html">Flash پلے بیک موقوف کریں</target>
      <target FeatureID="-1" href="FLITE_HLP_VIEWER_PLAY.html">Flash فائلیں چلائیں</target>
   </keywords>
   <keywords>
      <text FeatureID="-1">Flash پلیئر</text>
      <target FeatureID="-1" href="FLITE_HLP_STOPPED.html">فلیش پلے بیک ختم کریں</target>
      <target FeatureID="-1" href="FLITE_HLP_VIEWER_PAUSED.html">Flash پلے بیک موقوف کریں</target>
      <target FeatureID="-1" href="FLITE_HLP_VIEWER_PLAY.html">Flash فائلیں چلائیں</target>
   </keywords>
</keywords>