<?xml version="1.0" encoding="UTF-8"?>
<keywords>
   <keywords>
      <text FeatureID="-1">sdílení videa</text>
      <target FeatureID="true_208" href="MSH_HLP_LIVE.html">Sdílení živého videa</target>
      <target FeatureID="-1" href="MSH_HLP_CLIP.html">Sdílení videoklipů</target>
      <target FeatureID="-1" href="MSH_HLP_SETTINGS.html">Nastavení sdílení videa</target>
      <target FeatureID="-1" href="MSH_HLP_RECEIVE.html">Zobrazení sdíleného videa</target>
   </keywords>
</keywords>