<?xml version="1.0" encoding="UTF-8"?>
<keywords>
   <keywords>
      <text FeatureID="-1">poslech zpráv, jazyk</text>
      <target FeatureID="-1" href="SPEECH_HLP_MAIN.html">Nastavení řeči</target>
   </keywords>
   <keywords>
      <text FeatureID="-1">poslech zpráv, hlas</text>
      <target FeatureID="-1" href="SPEECH_HLP_MAIN.html">Nastavení řeči</target>
   </keywords>
   <keywords>
      <text FeatureID="-1">poslech zpráv</text>
      <target FeatureID="-1" href="SPEECH_HLP_VOICE.html">Podrobnosti hlasu</target>
   </keywords>
   <keywords>
      <text FeatureID="-1">poslech zpráv, nastavení</text>
      <target FeatureID="-1" href="SPEECH_HLP_MRSETTINGS.html">Nast. po­slechu zpráv</target>
   </keywords>
</keywords>