<?xml version="1.0" encoding="UTF-8"?>
<keywords>
   <keywords>
      <text FeatureID="-1">landmärkeskategorier</text>
      <target FeatureID="-1" href="LM_HLP_LM_BY_CATEGORY.html">Riktm.kat.</target>
      <target FeatureID="-1" href="LM_HLP_EDIT_CATEGORIES.html">Redigera landmärkeskategorier</target>
   </keywords>
   <keywords>
      <text FeatureID="-1">landmärken</text>
      <target FeatureID="-1" href="LM_HLP_LM_BY_NAME.html">Landmärken efter namn</target>
      <target FeatureID="-1" href="LM_HLP_CATEGORY_CONTENTS.html">Riktmärken i kategorier</target>
      <target FeatureID="-1" href="LM_HLP_LM_VIEWER.html">Landmärkesinformation</target>
   </keywords>
   <keywords>
      <text FeatureID="-1">redigera landmärken</text>
      <target FeatureID="-1" href="LM_HLP_LM_EDITOR.html">Ändra landmärken</target>
   </keywords>
</keywords>