<?xml version="1.0" encoding="UTF-8"?>
<keywords>
   <keywords>
      <text FeatureID="-1">Quickoffice, tiedostonhallinta</text>
      <target FeatureID="-1" href="QFM_HLP_FILE_MENU.html">Tiedostonhallinta</target>
   </keywords>
   <keywords>
      <text FeatureID="-1">Quickoffice</text>
      <target FeatureID="-1" href="QFM_HLP_LOC_MENU.html">Quickoffice</target>
   </keywords>
   <keywords>
      <text FeatureID="-1">Quickpoint</text>
      <target FeatureID="-1" href="QPOINT_HLP_EDIT_SLIDE_VIEW.html">Sivujen muokkaaminen</target>
      <target FeatureID="-1" href="QPOINT_HLP_REPLACE_VIEW.html">Merkkijonon etsiminen ja korvaaminen</target>
      <target FeatureID="-1" href="QPOINT_HLP_FIND_VIEW.html">Tekstin haku</target>
      <target FeatureID="-1" href="QPOINT_HLP_VIEW_SLIDE_VIEW.html">Sivujen katseleminen</target>
   </keywords>
   <keywords>
      <text FeatureID="-1">Quickpoint, teksti</text>
      <target FeatureID="-1" href="QPOINT_HLP_EDIT_TEXT_VIEW.html">Tekstin muokkaaminen</target>
   </keywords>
   <keywords>
      <text FeatureID="-1">Quickpoint, kommentit</text>
      <target FeatureID="-1" href="QPOINT_HLP_COMMENT_VIEW.html">Kommenttien näyttäminen</target>
   </keywords>
   <keywords>
      <text FeatureID="-1">Quickpoint, muistiinpanot</text>
      <target FeatureID="-1" href="QPOINT_HLP_VIEW_NOTES_VIEW.html">Muistiinpanojen tarkastelu</target>
   </keywords>
   <keywords>
      <text FeatureID="-1">Quickpoint, jäsennykset</text>
      <target FeatureID="-1" href="QPOINT_HLP_VIEW_OUTLINE_VIEW.html">Jäsennysten tarkastelu</target>
   </keywords>
   <keywords>
      <text FeatureID="-1">Quicksheet, solut</text>
      <target FeatureID="-1" href="QSHEET_HLP_CELLS_EDIT.html">Solujen muokkaaminen</target>
      <target FeatureID="-1" href="QSHEET_HLP_VIEW_CELL.html">Solujen tarkastelu</target>
   </keywords>
   <keywords>
      <text FeatureID="-1">Quicksheet, sarakkeet</text>
      <target FeatureID="-1" href="QSHEET_HLP_EDIT_COLUMN.html">Sarakkeiden muokkaaminen</target>
   </keywords>
   <keywords>
      <text FeatureID="-1">Quicksheet, alueet</text>
      <target FeatureID="-1" href="QSHEET_HLP_EDIT_RANGE.html">Solualueiden muokkaaminen</target>
   </keywords>
   <keywords>
      <text FeatureID="-1">Quicksheet, rivit</text>
      <target FeatureID="-1" href="QSHEET_HLP_EDIT_ROW.html">Rivien muokkaaminen</target>
   </keywords>
   <keywords>
      <text FeatureID="-1">Quicksheet</text>
      <target FeatureID="-1" href="QSHEET_HLP_REPLACE_VIEW.html">Merkkijonon etsiminen ja korvaaminen</target>
      <target FeatureID="-1" href="QSHEET_HLP_FIND_VIEW.html">Tekstin haku</target>
      <target FeatureID="-1" href="QSHEET_HLP_CELLS_VIEW.html">Taulukkojen tarkastelu</target>
   </keywords>
   <keywords>
      <text FeatureID="-1">Quickword</text>
      <target FeatureID="-1" href="QWORD_HLP_EDIT_MODE.html">Dokumenttien muokkaaminen</target>
      <target FeatureID="-1" href="QWORD_HLP_FIND_MODE.html">Merkkijonon etsiminen ja korvaaminen</target>
      <target FeatureID="-1" href="QWORD_HLP_VIEW_MODE.html">Dokumenttien tarkastelu</target>
      <target FeatureID="-1" href="QWORD_HLP_PAGE_VIEW.html">Sivuasettelun katselu</target>
   </keywords>
</keywords>