<?xml version="1.0" encoding="UTF-8"?>
<keywords>
   <keywords>
      <text FeatureID="-1">Quickoffice, tiedostonhallinta</text>
      <target FeatureID="-1" href="QFM_HLP_FILE_MENU.html">Tiedostonhallinta</target>
   </keywords>
   <keywords>
      <text FeatureID="-1">Quickoffice</text>
      <target FeatureID="-1" href="QFM_HLP_LOC_MENU.html">Quickoffice</target>
   </keywords>
   <keywords>
      <text FeatureID="-1">Quickpoint, tekstin etsintä</text>
      <target FeatureID="-1" href="QPOINT_HLP_FIND_VIEW.html">Jäsennystekstin etsintä</target>
   </keywords>
   <keywords>
      <text FeatureID="-1">Quickpoint, muistiinpanot</text>
      <target FeatureID="-1" href="QPOINT_HLP_VIEW_NOTES_VIEW.html">Muistiinpanojen tarkastelu</target>
   </keywords>
   <keywords>
      <text FeatureID="-1">Quickpoint, jäsennykset</text>
      <target FeatureID="-1" href="QPOINT_HLP_VIEW_OUTLINE_VIEW.html">Jäsennysten tarkastelu</target>
   </keywords>
   <keywords>
      <text FeatureID="-1">Quickpoint</text>
      <target FeatureID="-1" href="QPOINT_HLP_VIEW_SLIDE_VIEW.html">Diojen katselu</target>
   </keywords>
   <keywords>
      <text FeatureID="-1">Quicksheet, tekstin etsintä</text>
      <target FeatureID="-1" href="QSHEET_HLP_FIND_VIEW.html">Tekstin etsiminen laskentataulukossa</target>
   </keywords>
   <keywords>
      <text FeatureID="-1">Quicksheet, solut</text>
      <target FeatureID="-1" href="QSHEET_HLP_VIEW_CELL.html">Solujen tarkastelu</target>
   </keywords>
   <keywords>
      <text FeatureID="-1">Quickword, tekstin etsintä</text>
      <target FeatureID="-1" href="QWORD_HLP_FIND_MODE.html">Tekstin haku</target>
   </keywords>
   <keywords>
      <text FeatureID="-1">Quickword</text>
      <target FeatureID="-1" href="QWORD_HLP_VIEW_MODE.html">Dokumenttien tarkastelu</target>
   </keywords>
   <keywords>
      <text FeatureID="-1">Quickword, sivun asettelu</text>
      <target FeatureID="-1" href="QWORD_HLP_PAGE_VIEW.html">Sivuasettelun katselu</target>
   </keywords>
</keywords>