<?xml version="1.0" encoding="UTF-8"?>
<keywords>
   <keywords>
      <text FeatureID="true_298">mesin menjawab</text>
      <target FeatureID="true_298" href="SMSVO_HLP_CS_VIDEO_AND_XSP_VOIP.html">Panggilan, video, dan peti mel panggilan internet</target>
   </keywords>
   <keywords>
      <text FeatureID="true_298">peti mel panggilan internet</text>
      <target FeatureID="true_298" href="SMSVO_HLP_CS_VIDEO_AND_XSP_VOIP.html">Panggilan, video, dan peti mel panggilan internet</target>
   </keywords>
   <keywords>
      <text FeatureID="true_298">peti mel panggilan</text>
      <target FeatureID="true_298" href="SMSVO_HLP_CS_VIDEO_AND_XSP_VOIP.html">Panggilan, video, dan peti mel panggilan internet</target>
   </keywords>
   <keywords>
      <text FeatureID="-1">panggilan internet</text>
      <target FeatureID="-1" href="VOIP_HLP_CSC.html">Tetapan net</target>
      <target FeatureID="true_298" href="VOIP_HLP_SERVCATALOG.html">Katalog perkhidmatan</target>
      <target FeatureID="-1" href="SERVTAB_HLP_SETTINGS.html">Tetapan tab perkhidmatan</target>
   </keywords>
</keywords>