<?xml version="1.0" encoding="UTF-8"?>
<keywords>
   <keywords>
      <text FeatureID="-1">Bluetooth</text>
      <target FeatureID="-1" href="BT_HLP_MAIN.html">Bluetooth</target>
      <target FeatureID="-1" href="BT_HLP_PAIRED.html">آلات سے جوڑي</target>
      <target FeatureID="-1" href="BT_HLP_BLOCKED.html">روکے گئے آلات</target>
   </keywords>
   <keywords>
      <text FeatureID="-1">Bluetooth ترتیبات</text>
      <target FeatureID="-1" href="BT_HLP_MAIN.html">Bluetooth</target>
   </keywords>
   <keywords>
      <text FeatureID="-1">آلات کی جوڑی بنانا</text>
      <target FeatureID="-1" href="BT_HLP_PAIRED.html">آلات سے جوڑي</target>
   </keywords>
   <keywords>
      <text FeatureID="-1">روکے گئے آلات</text>
      <target FeatureID="-1" href="BT_HLP_BLOCKED.html">روکے گئے آلات</target>
   </keywords>
   <keywords>
      <text FeatureID="true_12">وائرلیس کی بورڈ</text>
      <target FeatureID="true_12" href="BTKEYBOARD_HLP_SETTINGS.html">وائرلیس کی بورڈ</target>
   </keywords>
</keywords>