<?xml version="1.0" encoding="UTF-8"?>
<keywords>
   <keywords>
      <text FeatureID="-1">atvaizdų redagavimas</text>
      <target FeatureID="-1" href="SIE_HLP_MAIN.html">Atvaizdų redagavimas</target>
   </keywords>
   <keywords>
      <text FeatureID="-1">teksto redagavimas</text>
      <target FeatureID="-1" href="SIE_HLP_EDIT_TEXT.html">Teksto atvaizduose redagavimas</target>
   </keywords>
   <keywords>
      <text FeatureID="-1">atvaizdų redaktorius</text>
      <target FeatureID="-1" href="SIE_HLP_EDIT_TEXT.html">Teksto atvaizduose redagavimas</target>
   </keywords>
   <keywords>
      <text FeatureID="-1">padidinto mastelio atvaizdų redagavimas</text>
      <target FeatureID="-1" href="SIE_HLP_ZOOMING.html">Padidinto mastelio atvaizdų redagavimas</target>
   </keywords>
   <keywords>
      <text FeatureID="-1">atvaizdo mastelio keitimas</text>
      <target FeatureID="-1" href="SIE_HLP_ZOOMING.html">Padidinto mastelio atvaizdų redagavimas</target>
   </keywords>
   <keywords>
      <text FeatureID="-1">meninio intarpo redagavimas</text>
      <target FeatureID="-1" href="SIE_HLP_EDIT_CLIPART.html">Meninio intarpo redagavimas</target>
   </keywords>
   <keywords>
      <text FeatureID="-1">teksto sričių redagavimas</text>
      <target FeatureID="-1" href="SIE_HLP_EDIT_CLIPART.html">Meninio intarpo redagavimas</target>
   </keywords>
   <keywords>
      <text FeatureID="-1">„raudonų akių“ efekto naikinimas</text>
      <target FeatureID="-1" href="SIE_HLP_REDEYE.html">„Raudonų akių“ efekto naikinimas</target>
   </keywords>
</keywords>