<?xml version="1.0" encoding="UTF-8"?>
<keywords>
   <keywords>
      <text FeatureID="-1">GPS 数据</text>
      <target FeatureID="-1" href="HLP_BLID_NAVIGATION.html">导航视图</target>
      <target FeatureID="false_112" href="BLID_HLP_WAYPOINTS.html">已储存的位置</target>
      <target FeatureID="-1" href="HLP_BLID_TRIPMETER.html">旅行距离视图</target>
   </keywords>
   <keywords>
      <text FeatureID="-1">导航至目的地</text>
      <target FeatureID="-1" href="HLP_BLID_NAVIGATION.html">导航视图</target>
   </keywords>
   <keywords>
      <text FeatureID="false_112">储存位置</text>
      <target FeatureID="false_112" href="BLID_HLP_WAYPOINTS.html">已储存的位置</target>
   </keywords>
   <keywords>
      <text FeatureID="-1">导航仪设置</text>
      <target FeatureID="-1" href="BLID_HLP_SETTINGS.html">GPS 数据设置</target>
   </keywords>
   <keywords>
      <text FeatureID="-1">GPS 数据设置</text>
      <target FeatureID="-1" href="BLID_HLP_SETTINGS.html">GPS 数据设置</target>
   </keywords>
   <keywords>
      <text FeatureID="-1">旅行信息</text>
      <target FeatureID="-1" href="HLP_BLID_TRIPMETER.html">旅行距离视图</target>
      <target FeatureID="-1" href="HLP_BLID_TRIPMETER.html">旅行距离视图</target>
   </keywords>
</keywords>