<?xml version="1.0" encoding="UTF-8"?>
<keywords>
   <keywords>
      <text FeatureID="-1">categories de marca</text>
      <target FeatureID="-1" href="LM_HLP_LM_BY_CATEGORY.html">Categories de marca</target>
      <target FeatureID="-1" href="LM_HLP_EDIT_CATEGORIES.html">Editeu les categories de marca</target>
   </keywords>
   <keywords>
      <text FeatureID="-1">marques</text>
      <target FeatureID="-1" href="LM_HLP_LM_BY_NAME.html">Marques per vista de nom</target>
      <target FeatureID="-1" href="LM_HLP_CATEGORY_CONTENTS.html">Marques en categories</target>
      <target FeatureID="-1" href="LM_HLP_LM_VIEWER.html">Marques en detall</target>
   </keywords>
   <keywords>
      <text FeatureID="-1">Edició de marques</text>
      <target FeatureID="-1" href="LM_HLP_LM_EDITOR.html">Editeu la marca</target>
   </keywords>
</keywords>