<?xml version="1.0" encoding="UTF-8"?>
<keywords>
   <keywords>
      <text FeatureID="-1">عکس ها</text>
      <target FeatureID="-1" href="LGAL_HLP_ALBUM_LIST.html">آلبوم</target>
      <target FeatureID="-1" href="LGAL_HLP_DETAILS_VIEW.html">مشاهده و ویرایش جزئیات پرونده</target>
      <target FeatureID="-1" href="LGAL_HLP_TAGS_BROWSER.html">برچسب ها</target>
      <target FeatureID="-1" href="LGAL_HLP_MONTH_FULLSCREEN.html">مشاهده پرونده های رسانه بر اساس ماه</target>
      <target FeatureID="-1" href="LGAL_HLP_MONTH_GRID.html">مرور پرونده های رسانه بر اساس ماه</target>
      <target FeatureID="-1" href="LGAL_HLP_VIEW_LIST.html">عکس</target>
      <target FeatureID="-1" href="LGAL_HLP_MONTH_LIST.html">ماه</target>
      <target FeatureID="-1" href="LGAL_HLP_SLIDESHOW_SETTINGS.html">تنظیمات نمایش اسلاید</target>
      <target FeatureID="-1" href="LGAL_HLP_ALL_FULLSCREEN.html">مشاهده همه پرونده های رسانه</target>
      <target FeatureID="-1" href="LGAL_HLP_ALBUM_FULLSCREEN.html">مشاهده پرونده های رسانه در آلبوم ها</target>
      <target FeatureID="-1" href="LGAL_HLP_TAGS_FULLSCREEN.html">مشاهده پرونده های رسانه دارای برچسب</target>
   </keywords>
   <keywords>
      <text FeatureID="-1">آلبوم</text>
      <target FeatureID="-1" href="LGAL_HLP_ALBUM_LIST.html">آلبوم</target>
      <target FeatureID="-1" href="LGAL_HLP_ALBUM_GRID.html">مرور پرونده های رسانه در آلبوم ها</target>
      <target FeatureID="-1" href="LGAL_HLP_ALBUM_FULLSCREEN.html">مشاهده پرونده های رسانه در آلبوم ها</target>
   </keywords>
   <keywords>
      <text FeatureID="-1">عکس</text>
      <target FeatureID="-1" href="LGAL_HLP_ALL_GRID.html">مرور همه پرونده های رسانه</target>
      <target FeatureID="-1" href="LGAL_HLP_ALBUM_GRID.html">مرور پرونده های رسانه در آلبوم ها</target>
      <target FeatureID="-1" href="LGAL_HLP_TAGS_GRID.html">مرور پرونده های رسانه دارای برچسب</target>
   </keywords>
   <keywords>
      <text FeatureID="-1">برچسبها</text>
      <target FeatureID="-1" href="LGAL_HLP_TAGS_GRID.html">مرور پرونده های رسانه دارای برچسب</target>
      <target FeatureID="-1" href="LGAL_HLP_TAGS_BROWSER.html">برچسب ها</target>
      <target FeatureID="-1" href="LGAL_HLP_TAGS_FULLSCREEN.html">مشاهده پرونده های رسانه دارای برچسب</target>
   </keywords>
   <keywords>
      <text FeatureID="-1">آلبوم ها</text>
      <target FeatureID="-1" href="LGAL_HLP_VIEW_LIST.html">عکس</target>
   </keywords>
   <keywords>
      <text FeatureID="-1">برچسب ها</text>
      <target FeatureID="-1" href="LGAL_HLP_VIEW_LIST.html">عکس</target>
   </keywords>
   <keywords>
      <text FeatureID="-1">نمایش اسلاید</text>
      <target FeatureID="-1" href="LGAL_HLP_SLIDESHOW_SETTINGS.html">تنظیمات نمایش اسلاید</target>
   </keywords>
</keywords>