<?xml version="1.0" encoding="UTF-8"?>
<keywords>
   <keywords>
      <text FeatureID="-1">Flash file playback</text>
      <target FeatureID="-1" href="FLITE_HLP_STOPPED.html">End Flash playback</target>
      <target FeatureID="-1" href="FLITE_HLP_VIEWER_PAUSED.html">Pause Flash playback</target>
      <target FeatureID="-1" href="FLITE_HLP_VIEWER_PLAY.html">Play Flash files</target>
   </keywords>
   <keywords>
      <text FeatureID="-1">Flash Player</text>
      <target FeatureID="-1" href="FLITE_HLP_STOPPED.html">End Flash playback</target>
      <target FeatureID="-1" href="FLITE_HLP_VIEWER_PAUSED.html">Pause Flash playback</target>
      <target FeatureID="-1" href="FLITE_HLP_VIEWER_PLAY.html">Play Flash files</target>
   </keywords>
</keywords>