<?xml version="1.0" encoding="UTF-8"?>
<keywords>
   <keywords>
      <text FeatureID="true_1091">επεξεργασία του USSD</text>
      <target FeatureID="true_1091" href="USSD_HLP_EDITOR.html">Εντολές υπηρεσίας</target>
   </keywords>
   <keywords>
      <text FeatureID="true_1091">εντολές υπηρεσίας</text>
      <target FeatureID="true_1091" href="USSD_HLP_EDITOR.html">Εντολές υπηρεσίας</target>
   </keywords>
   <keywords>
      <text FeatureID="true_1091">υπηρεσίες δικτύου</text>
      <target FeatureID="true_1091" href="USSD_HLP_EDITOR.html">Εντολές υπηρεσίας</target>
   </keywords>
</keywords>