<?xml version="1.0" encoding="UTF-8"?>
<keywords>
   <keywords>
      <text FeatureID="-1">camera</text>
      <target FeatureID="-1" href="LCAM_HLP_VIEWFINDER_PHOTO.html">Chụp ảnh</target>
      <target FeatureID="-1" href="LCAM_HLP_LIGHT_SENSITIVITY.html">Thay đổi độ nhạy sáng</target>
      <target FeatureID="-1" href="LCAM_HLP_SETTINGS_PHOUSER.html">Xác định các cảnh</target>
      <target FeatureID="-1" href="LCAM_HLP_SCENES_PHOTO.html">Các cảnh chụp ảnh</target>
      <target FeatureID="-1" href="LCAM_HLP_VIEWFINDER_VIDEO.html">Quay video clip</target>
      <target FeatureID="-1" href="LCAM_HLP_SCENES_VIDEO.html">Các cảnh cho video</target>
      <target FeatureID="-1" href="LCAM_HLP_VIEWFINDER_VIDEO_EM.html">Video trong các ứng dụng</target>
      <target FeatureID="-1" href="LCAM_HLP_STANDBY_EM.html">Camera chưa bật</target>
      <target FeatureID="-1" href="LCAM_HLP_POST_VIDEO.html">Phát video clip</target>
      <target FeatureID="-1" href="LCAM_HLP_POST_PHOTO.html">Xem hình ảnh đã chụp</target>
   </keywords>
   <keywords>
      <text FeatureID="-1">chụp ảnh</text>
      <target FeatureID="-1" href="LCAM_HLP_VIEWFINDER_PHOTO.html">Chụp ảnh</target>
   </keywords>
   <keywords>
      <text FeatureID="-1">độ nhạy sáng</text>
      <target FeatureID="-1" href="LCAM_HLP_LIGHT_SENSITIVITY.html">Thay đổi độ nhạy sáng</target>
   </keywords>
   <keywords>
      <text FeatureID="-1">cảnh</text>
      <target FeatureID="-1" href="LCAM_HLP_SETTINGS_PHOUSER.html">Xác định các cảnh</target>
      <target FeatureID="-1" href="LCAM_HLP_SCENES_PHOTO.html">Các cảnh chụp ảnh</target>
   </keywords>
   <keywords>
      <text FeatureID="-1">cài đặt camera</text>
      <target FeatureID="-1" href="LCAM_HLP_SETTINGS.html">Cài đặt camera</target>
   </keywords>
   <keywords>
      <text FeatureID="-1">camera, cài đặt</text>
      <target FeatureID="-1" href="LCAM_HLP_SETTINGS_PHOTO.html">Cài đặt hình ảnh</target>
      <target FeatureID="-1" href="LCAM_HLP_SETTINGS_VIDEO.html">Cài đặt video</target>
   </keywords>
   <keywords>
      <text FeatureID="-1">quay video</text>
      <target FeatureID="-1" href="LCAM_HLP_VIEWFINDER_VIDEO.html">Quay video clip</target>
   </keywords>
   <keywords>
      <text FeatureID="-1">cảnh video</text>
      <target FeatureID="-1" href="LCAM_HLP_SCENES_VIDEO.html">Các cảnh cho video</target>
   </keywords>
   <keywords>
      <text FeatureID="-1">video, cài đặt</text>
      <target FeatureID="-1" href="LCAM_HLP_SETTINGS_VIDEO.html">Cài đặt video</target>
   </keywords>
   <keywords>
      <text FeatureID="-1">video clip trong các ứng dụng</text>
      <target FeatureID="-1" href="LCAM_HLP_VIEWFINDER_VIDEO_EM.html">Video trong các ứng dụng</target>
   </keywords>
   <keywords>
      <text FeatureID="-1">phát video clip</text>
      <target FeatureID="-1" href="LCAM_HLP_POST_VIDEO.html">Phát video clip</target>
   </keywords>
   <keywords>
      <text FeatureID="-1">camera trong các ứng dụng</text>
      <target FeatureID="-1" href="LCAM_HLP_VIEWFINDER_PHOTO_EM.html">Hình ảnh trong các ứng dụng</target>
   </keywords>
   <keywords>
      <text FeatureID="-1">Xem hình ảnh</text>
      <target FeatureID="-1" href="LCAM_HLP_POST_PHOTO.html">Xem hình ảnh đã chụp</target>
   </keywords>
</keywords>