<?xml version="1.0" encoding="UTF-8"?>
<keywords>
   <keywords>
      <text FeatureID="-1">服务信息设置</text>
      <target FeatureID="-1" href="WPUSH_HLP_SETTINGS.html">服务信息设置</target>
   </keywords>
   <keywords>
      <text FeatureID="-1">推送信息</text>
      <target FeatureID="-1" href="WPUSH_HLP_VIEWER.html">查看服务信息</target>
   </keywords>
   <keywords>
      <text FeatureID="-1">服务信息</text>
      <target FeatureID="-1" href="WPUSH_HLP_VIEWER.html">查看服务信息</target>
   </keywords>
</keywords>