<?xml version="1.0" encoding="UTF-8"?>
<keywords>
   <keywords>
      <text FeatureID="-1">konten untuk berbagi</text>
      <target FeatureID="-1" href="UPNP_HLP_SHARE_CONTENT.html">Memilih konten untuk berbagi</target>
   </keywords>
   <keywords>
      <text FeatureID="-1">media asal</text>
      <target FeatureID="-1" href="UPNP_HLP_SHARE_CONTENT.html">Memilih konten untuk berbagi</target>
      <target FeatureID="-1" href="UPNP_HLP_SHARING_PROP.html">Pengaturan berbagi</target>
      <target FeatureID="-1" href="UPNP_HLP_MAIN_VIEW.html">Media asal</target>
      <target FeatureID="-1" href="UPNP_HLP_MAIN_EXTERNAL.html">Perangkat media asal</target>
      <target FeatureID="-1" href="UPNP_HLP_CONTENT_VIEW.html">File media asal</target>
      <target FeatureID="-1" href="UPNP_HLP_REMOTE_DEVICES.html">Folder media asal</target>
      <target FeatureID="-1" href="UPNP_HLP_SEARCH.html">Hasil pencarian</target>
   </keywords>
   <keywords>
      <text FeatureID="-1">berbagi foto dan video</text>
      <target FeatureID="-1" href="UPNP_HLP_SHARE_CONTENT.html">Memilih konten untuk berbagi</target>
   </keywords>
   <keywords>
      <text FeatureID="-1">berbagi file media</text>
      <target FeatureID="-1" href="UPNP_HLP_SHARING_PROP.html">Pengaturan berbagi</target>
      <target FeatureID="-1" href="UPNP_HLP_MAIN_VIEW.html">Media asal</target>
      <target FeatureID="-1" href="UPNP_HLP_MAIN_EXTERNAL.html">Perangkat media asal</target>
      <target FeatureID="-1" href="UPNP_HLP_CONTENT_VIEW.html">File media asal</target>
      <target FeatureID="-1" href="UPNP_HLP_REMOTE_DEVICES.html">Folder media asal</target>
      <target FeatureID="-1" href="UPNP_HLP_SEARCH.html">Hasil pencarian</target>
   </keywords>
   <keywords>
      <text FeatureID="-1">melihat file di perangkat jauh</text>
      <target FeatureID="-1" href="UPNP_HLP_SHARING_PROP.html">Pengaturan berbagi</target>
      <target FeatureID="-1" href="UPNP_HLP_MAIN_VIEW.html">Media asal</target>
      <target FeatureID="-1" href="UPNP_HLP_MAIN_EXTERNAL.html">Perangkat media asal</target>
      <target FeatureID="-1" href="UPNP_HLP_CONTENT_VIEW.html">File media asal</target>
      <target FeatureID="-1" href="UPNP_HLP_REMOTE_DEVICES.html">Folder media asal</target>
      <target FeatureID="-1" href="UPNP_HLP_SEARCH.html">Hasil pencarian</target>
   </keywords>
   <keywords>
      <text FeatureID="-1">properti berbagi</text>
      <target FeatureID="-1" href="UPNP_HLP_SHARING_PROP.html">Pengaturan berbagi</target>
   </keywords>
</keywords>