<?xml version="1.0" encoding="UTF-8"?><?xml-stylesheet  href="../../theme/xsl/index2html.xslt" type="text/xsl"?>
<topics FeatureID="-1" title="Электронная почта Nokia" compressed="true">
   <topicref FeatureID="-1" href="FSCA_HLP_ANNIVERSARY_EDITOR.html" navtitle="Созд. элем. годовщин"/>
   <topicref FeatureID="-1" href="FSCA_HLP_CALE_MEETING_EDITOR.html" navtitle="Создание элементов встреч"/>
   <topicref FeatureID="-1" href="FSCA_HLP_MEMO_EDITOR.html" navtitle="Созд. элем. памяток"/>
   <topicref FeatureID="-1" href="FSCA_HLP_TODO_EDITOR.html" navtitle="Создание записей дел"/>
   <topicref FeatureID="-1" href="FSCA_HLP_CALE_MEETING_VIEWER.html" navtitle="Изменение записей встречи"/>
   <topicref FeatureID="-1" href="FSCA_HLP_MEMO_VIEWER.html" navtitle="Изменение памяток"/>
   <topicref FeatureID="-1" href="FSCA_HLP_TODO_VIEWER.html" navtitle="Изменение дел"/>
   <topicref FeatureID="-1" href="FSCA_HLP_ANNI_VIEWER.html" navtitle="Изменение записей годовщины"/>
   <topicref FeatureID="-1" href="FSCA_HLP_RESPONSE_EDITOR.html" navtitle="Изменение ответа"/>
   <topicref FeatureID="-1" href="FSCA_HLP_VIEWER_ORGANIZER.html" navtitle="Работа с запросами о встречах"/>
   <topicref FeatureID="-1" href="MEET_REQ_HLP_EDITOR.html" navtitle="Принятые запросы о встречах"/>
   <topicref FeatureID="-1" href="FSCA_HLP_VIEWER.html" navtitle="Ответ на запросы о встречах"/>
   <topicref FeatureID="-1" href="RLOOK_HLP_INFO_VIEW.html" navtitle="Работа с найденным контактом"/>
   <topicref FeatureID="-1" href="RLOOK_HLP_RESULT_VIEW.html" navtitle="Результаты поиска"/>
   <topicref FeatureID="-1" href="FSE_HLP_ATTACHMENT_LIST_EDITOR.html" navtitle="Добавление вложений"/>
   <topicref FeatureID="-1" href="FSE_HLP_MESSAGE_LIST_DELETED.html" navtitle="Удаленные сообщения электронной почты"/>
   <topicref FeatureID="-1" href="FSE_HLP_ATTACHMENT_LIST.html" navtitle="Загрузка вложений"/>
   <topicref FeatureID="-1" href="FSE_HLP_MESSAGE_LIST_DRAFTS.html" navtitle="Черновик сообщений электронной почты"/>
   <topicref FeatureID="-1" href="FSE_HLP_LAUNCHER_GRID.html" navtitle="Электронная почта Nokia"/>
   <topicref FeatureID="-1" href="FSE_HLP_FOLDER_LIST.html" navtitle="Папки почты"/>
   <topicref FeatureID="-1" href="FSE_HLP_LAUNCHER_SETTINGS.html" navtitle="Общие параметры эл. почты"/>
   <topicref FeatureID="-1" href="FSE_HLP_SETTINGS_GLOBAL.html" navtitle="Глобальные параметры электронной почты"/>
   <topicref FeatureID="-1" href="FS_VIEWER_HLP_HTML_VIEW.html" navtitle="Электронная почта в формате HTML"/>
   <topicref FeatureID="-1" href="FSE_HLP_POP_IMAP_SETT_ADV.html" navtitle="Дополнительные параметры электронной почты"/>
   <topicref FeatureID="-1" href="FSE_HLP_POP_IMAP_SETT_INCOMING.html" navtitle="Параметры входящей электронной почты"/>
   <topicref FeatureID="-1" href="FSE_HLP_POP_IMAP_SETT_OUTGOING.html" navtitle="Параметры исходящей электронной почты"/>
   <topicref FeatureID="-1" href="FSE_HLP_POP_IMAP_SETT_MAIN.html" navtitle="Параметры электронной почты"/>
   <topicref FeatureID="-1" href="FSE_HLP_SETT_IMAP_SUBSCR.html" navtitle="Подписка на папки"/>
   <topicref FeatureID="-1" href="FSE_HLP_POP_IMAP_SETT_WHAT.html" navtitle="Выбор содержимого для синхронизации"/>
   <topicref FeatureID="-1" href="FSE_HLP_POP_IMAP_SETT_WHEN.html" navtitle="Выбор времени синхронизации"/>
   <topicref FeatureID="-1" href="FSE_HLP_IMS_SETTINGS_ACCT_INFO.html" navtitle="Параметры уч. зап. э/п"/>
   <topicref FeatureID="-1" href="FSE_HLP_IMS_SETTINGS_ADVANCED.html" navtitle="Дополнительные параметры почтового ящика"/>
   <topicref FeatureID="-1" href="FSE_HLP_IMS_SETTINGS_MAILBOX.html" navtitle="Параметры почтового ящика"/>
   <topicref FeatureID="-1" href="FSE_HLP_IMS_SETTINGS_WHAT_SYNC.html" navtitle="Определение содержимого синхронизации"/>
   <topicref FeatureID="-1" href="FSE_HLP_IMS_SETTINGS_WHEN_SYNC.html" navtitle="Определение времени синхронизации"/>
   <topicref FeatureID="-1" href="FSE_HLP_IMS_SETTINGS_FOLDER.html" navtitle="Синхронизация папок электронной почты"/>
   <topicref FeatureID="-1" href="FSE_HLP_SETTINGS_INTELL_LIST.html" navtitle="Параметры услуги электронной почты"/>
   <topicref FeatureID="-1" href="FSE_HLP_IMS_SETTINGS_MAIN_VIEW.html" navtitle="Параметры электронной почты"/>
   <topicref FeatureID="-1" href="FSE_HLP_IMS_LAUNCHER_MAIN_VIEW.html" navtitle="Электронная почта Intellisync"/>
   <topicref FeatureID="-1" href="FSE_HLP_MFE_LAUNCHER_MAIN_VIEW.html" navtitle="Электронная почта Mail for Exchange"/>
   <topicref FeatureID="-1" href="FS_VIEWER_HLP_DETAILS_VIEW.html" navtitle="Инф. о сообщ."/>
   <topicref FeatureID="-1" href="FSE_HLP_MFE_SETTINGS_ADVANCED.html" navtitle="Дополнительные настройки почтового ящика"/>
   <topicref FeatureID="-1" href="FSE_HLP_MFE_SETTINGS_PIM_APPS.html" navtitle="Параметры синхронизация приложения"/>
   <topicref FeatureID="-1" href="FSE_HLP_MFE_CALENDAR_APP.html" navtitle="Параметры синхронизации календаря"/>
   <topicref FeatureID="-1" href="FSE_HLP_MFE_CONTACTS_APP.html" navtitle="Параметры синхронизации контактов"/>
   <topicref FeatureID="-1" href="FSE_HLP_MFE_SETTINGS_MAILBOX.html" navtitle="Общие настройки почтового ящика"/>
   <topicref FeatureID="-1" href="FSE_HLP_MFE_SETTINGS_WHAT_SYNC.html" navtitle="Выбор содержимого синхронизации"/>
   <topicref FeatureID="-1" href="FSE_HLP_MFE_SETTINGS_WHEN_SYNC.html" navtitle="Выбор времени синхронизации"/>
   <topicref FeatureID="-1" href="FSE_HLP_MFE_SETTINGS_FOLDER.html" navtitle="Параметры синхронизации"/>
   <topicref FeatureID="-1" href="FSE_HLP_MFE_SETTINGS_MAIN_VIEW.html" navtitle="Настройки электронной почты"/>
   <topicref FeatureID="-1" href="FSE_HLP_MFE_TASKS_APP.html" navtitle="Настройки синхронизации дел"/>
   <topicref FeatureID="-1" href="FSE_HLP_MESSAGE_LIST_EMPTY.html" navtitle="Сообщений нет"/>
   <topicref FeatureID="-1" href="FSE_HLP_MESSAGE_LIST_OUTBOX.html" navtitle="Работа с папкой &#34;Исходящие&#34;"/>
   <topicref FeatureID="-1" href="FS_VIEWER_HLP_MEETING_REQ_VIEW.html" navtitle="Запрос встречи"/>
   <topicref FeatureID="-1" href="FSE_HLP_MESSAGE_LIST_SEARCHING.html" navtitle="Поиск электронной почты"/>
   <topicref FeatureID="-1" href="FSE_HLP_MESSAGE_LIST_SEARCHED.html" navtitle="Результаты поиска"/>
   <topicref FeatureID="-1" href="FSE_HLP_SETTINGS_WHEN_SYNC.html" navtitle="Время синхронизации"/>
   <topicref FeatureID="-1" href="FS_EDITOR_HLP_MAIN_VIEW.html" navtitle="Передача почты"/>
   <topicref FeatureID="-1" href="FSE_HLP_SETTINGS_PIM_VIEW.html" navtitle="Услуга PIM"/>
   <topicref FeatureID="-1" href="FSE_HLP_SETTINGS_APPLICATIONS.html" navtitle="Синхронизация приложений"/>
   <topicref FeatureID="-1" href="FSE_HLP_ATTACHMENT_DOWNLOAD.html" navtitle="Просмотр загрузки вложений"/>
   <topicref FeatureID="-1" href="FS_VIEWER_HLP_MAIN_VIEW.html" navtitle="Работа с полученными сообщениями электронной почты"/>
   <topicref FeatureID="-1" href="FSE_HLP_MESSAGE_LIST_INBOX.html" navtitle="Работа с папками электронной почты"/>
</topics>