<?xml version="1.0" encoding="UTF-8"?>
<keywords>
   <keywords>
      <text FeatureID="-1">годовщина, в календаре</text>
      <target FeatureID="-1" href="FSCA_HLP_ANNIVERSARY_EDITOR.html">Созд. элем. годовщин</target>
   </keywords>
   <keywords>
      <text FeatureID="-1">встреча, в календаре, создание</text>
      <target FeatureID="-1" href="FSCA_HLP_CALE_MEETING_EDITOR.html">Создание элементов встреч</target>
   </keywords>
   <keywords>
      <text FeatureID="-1">записи типа "Памятка", создание</text>
      <target FeatureID="-1" href="FSCA_HLP_MEMO_EDITOR.html">Созд. элем. памяток</target>
   </keywords>
   <keywords>
      <text FeatureID="-1">дела, создание</text>
      <target FeatureID="-1" href="FSCA_HLP_TODO_EDITOR.html">Создание записей дел</target>
   </keywords>
   <keywords>
      <text FeatureID="-1">встреча, в календаре, изменение</text>
      <target FeatureID="-1" href="FSCA_HLP_CALE_MEETING_VIEWER.html">Изменение записей встречи</target>
   </keywords>
   <keywords>
      <text FeatureID="-1">записи типа "Памятка", изменение</text>
      <target FeatureID="-1" href="FSCA_HLP_MEMO_VIEWER.html">Изменение памяток</target>
   </keywords>
   <keywords>
      <text FeatureID="-1">дела, изменение</text>
      <target FeatureID="-1" href="FSCA_HLP_TODO_VIEWER.html">Изменение дел</target>
   </keywords>
   <keywords>
      <text FeatureID="-1">годовщина, в календаре, просмотр</text>
      <target FeatureID="-1" href="FSCA_HLP_ANNI_VIEWER.html">Изменение записей годовщины</target>
   </keywords>
   <keywords>
      <text FeatureID="-1">запросы встреч</text>
      <target FeatureID="-1" href="FSCA_HLP_RESPONSE_EDITOR.html">Изменение ответа</target>
      <target FeatureID="-1" href="FSCA_HLP_VIEWER_ORGANIZER.html">Работа с запросами о встречах</target>
      <target FeatureID="-1" href="MEET_REQ_HLP_EDITOR.html">Принятые запросы о встречах</target>
      <target FeatureID="-1" href="FSCA_HLP_VIEWER.html">Ответ на запросы о встречах</target>
      <target FeatureID="-1" href="FS_VIEWER_HLP_MEETING_REQ_VIEW.html">Ответ на запрос встречи</target>
   </keywords>
   <keywords>
      <text FeatureID="-1">контакты</text>
      <target FeatureID="-1" href="RLOOK_HLP_INFO_VIEW.html">Работа с найденным контактом</target>
   </keywords>
   <keywords>
      <text FeatureID="-1">контакты, поиск</text>
      <target FeatureID="-1" href="RLOOK_HLP_RESULT_VIEW.html">Результаты поиска</target>
   </keywords>
   <keywords>
      <text FeatureID="-1">электронная почта, вложения</text>
      <target FeatureID="-1" href="FSE_HLP_ATTACHMENT_LIST_EDITOR.html">Добавление вложений</target>
   </keywords>
   <keywords>
      <text FeatureID="-1">удаленная электронная почта</text>
      <target FeatureID="-1" href="FSE_HLP_MESSAGE_LIST_DELETED.html">Удаленные сообщения электронной почты</target>
   </keywords>
   <keywords>
      <text FeatureID="-1">загруженные вложения электронной почты</text>
      <target FeatureID="-1" href="FSE_HLP_ATTACHMENT_LIST.html">Загрузка вложений</target>
   </keywords>
   <keywords>
      <text FeatureID="-1">черновики электронной почты</text>
      <target FeatureID="-1" href="FSE_HLP_MESSAGE_LIST_DRAFTS.html">Черновик сообщений электронной почты</target>
   </keywords>
   <keywords>
      <text FeatureID="-1">Электронная почта Nokia</text>
      <target FeatureID="-1" href="FSE_HLP_LAUNCHER_GRID.html">Электронная почта Nokia</target>
   </keywords>
   <keywords>
      <text FeatureID="-1">электронная почта</text>
      <target FeatureID="-1" href="FSE_HLP_LAUNCHER_GRID.html">Электронная почта Nokia</target>
   </keywords>
   <keywords>
      <text FeatureID="-1">папки электронной почты</text>
      <target FeatureID="-1" href="FSE_HLP_FOLDER_LIST.html">Папки почты</target>
      <target FeatureID="-1" href="FSE_HLP_SETT_IMAP_SUBSCR.html">Подписка на папки</target>
      <target FeatureID="-1" href="FSE_HLP_MESSAGE_LIST_INBOX.html">Работа с папками электронной почты</target>
   </keywords>
   <keywords>
      <text FeatureID="-1">параметры электронной почты</text>
      <target FeatureID="-1" href="FSE_HLP_LAUNCHER_SETTINGS.html">Общие параметры эл. почты</target>
      <target FeatureID="-1" href="FSE_HLP_POP_IMAP_SETT_MAIN.html">Параметры электронной почты</target>
      <target FeatureID="-1" href="FSE_HLP_MFE_SETTINGS_MAIN_VIEW.html">Настройки электронной почты</target>
   </keywords>
   <keywords>
      <text FeatureID="-1">глобальные параметры электронной почты</text>
      <target FeatureID="-1" href="FSE_HLP_SETTINGS_GLOBAL.html">Глобальные параметры электронной почты</target>
   </keywords>
   <keywords>
      <text FeatureID="-1">электронная почта HTML</text>
      <target FeatureID="-1" href="FS_VIEWER_HLP_HTML_VIEW.html">Электронная почта в формате HTML</target>
   </keywords>
   <keywords>
      <text FeatureID="-1">дополнительные параметры электронной почты</text>
      <target FeatureID="-1" href="FSE_HLP_POP_IMAP_SETT_ADV.html">Дополнительные параметры электронной почты</target>
   </keywords>
   <keywords>
      <text FeatureID="-1">параметры входящей электронной почты</text>
      <target FeatureID="-1" href="FSE_HLP_POP_IMAP_SETT_INCOMING.html">Параметры входящей электронной почты</target>
   </keywords>
   <keywords>
      <text FeatureID="-1">параметры исходящей электронной почты</text>
      <target FeatureID="-1" href="FSE_HLP_POP_IMAP_SETT_OUTGOING.html">Параметры исходящей электронной почты</target>
   </keywords>
   <keywords>
      <text FeatureID="-1">синхронизация электронной почты</text>
      <target FeatureID="-1" href="FSE_HLP_POP_IMAP_SETT_WHAT.html">Выбор содержимого для синхронизации</target>
   </keywords>
   <keywords>
      <text FeatureID="-1">время синхронизации электронной почты</text>
      <target FeatureID="-1" href="FSE_HLP_POP_IMAP_SETT_WHEN.html">Выбор времени синхронизации</target>
      <target FeatureID="-1" href="FSE_HLP_MFE_SETTINGS_WHEN_SYNC.html">Выбор времени синхронизации</target>
      <target FeatureID="-1" href="FSE_HLP_SETTINGS_WHEN_SYNC.html">Время синхронизации</target>
   </keywords>
   <keywords>
      <text FeatureID="-1">Mail for Exchange</text>
      <target FeatureID="-1" href="FSE_HLP_MFE_LAUNCHER_MAIN_VIEW.html">Почта Mail for Exchange</target>
   </keywords>
   <keywords>
      <text FeatureID="-1">сведения электронной почты</text>
      <target FeatureID="-1" href="FS_VIEWER_HLP_DETAILS_VIEW.html">Инф. о сообщ.</target>
   </keywords>
   <keywords>
      <text FeatureID="-1">дополнительные настройки почтового ящика</text>
      <target FeatureID="-1" href="FSE_HLP_MFE_SETTINGS_ADVANCED.html">Дополнительные настройки почтового ящика</target>
   </keywords>
   <keywords>
      <text FeatureID="-1">параметры синхронизации электронной почты</text>
      <target FeatureID="-1" href="FSE_HLP_MFE_SETTINGS_PIM_APPS.html">Параметры синхронизация приложения</target>
   </keywords>
   <keywords>
      <text FeatureID="-1">синхронизация календаря</text>
      <target FeatureID="-1" href="FSE_HLP_MFE_CALENDAR_APP.html">Параметры синхронизации календаря</target>
   </keywords>
   <keywords>
      <text FeatureID="-1">синхронизация контактов,</text>
      <target FeatureID="-1" href="FSE_HLP_MFE_CONTACTS_APP.html">Параметры синхронизации контактов</target>
   </keywords>
   <keywords>
      <text FeatureID="-1">параметры почтового ящика</text>
      <target FeatureID="-1" href="FSE_HLP_MFE_SETTINGS_MAILBOX.html">Общие настройки почтового ящика</target>
   </keywords>
   <keywords>
      <text FeatureID="-1">содержимое синхронизации электронной почты</text>
      <target FeatureID="-1" href="FSE_HLP_MFE_SETTINGS_WHAT_SYNC.html">Выбор содержимого синхронизации</target>
   </keywords>
   <keywords>
      <text FeatureID="-1">синхронизация папки электронной почты</text>
      <target FeatureID="-1" href="FSE_HLP_MFE_SETTINGS_FOLDER.html">Параметры синхронизации</target>
   </keywords>
   <keywords>
      <text FeatureID="-1">синхронизация записей дел</text>
      <target FeatureID="-1" href="FSE_HLP_MFE_TASKS_APP.html">Настройки синхронизации дел</target>
   </keywords>
   <keywords>
      <text FeatureID="-1">нет сообщений электронной почты</text>
      <target FeatureID="-1" href="FSE_HLP_MESSAGE_LIST_EMPTY.html">Сообщений нет</target>
   </keywords>
   <keywords>
      <text FeatureID="-1">исходящие сообщения электронной почты</text>
      <target FeatureID="-1" href="FSE_HLP_MESSAGE_LIST_OUTBOX.html">Работа с папкой "Исходящие"</target>
   </keywords>
   <keywords>
      <text FeatureID="-1">поиск электронной почты</text>
      <target FeatureID="-1" href="FSE_HLP_MESSAGE_LIST_SEARCHING.html">Поиск электронной почты</target>
   </keywords>
   <keywords>
      <text FeatureID="-1">результаты поиска электронной почты</text>
      <target FeatureID="-1" href="FSE_HLP_MESSAGE_LIST_SEARCHED.html">Результаты поиска</target>
   </keywords>
   <keywords>
      <text FeatureID="-1">передача электронной почты</text>
      <target FeatureID="-1" href="FS_EDITOR_HLP_MAIN_VIEW.html">Передача почты</target>
   </keywords>
   <keywords>
      <text FeatureID="-1">услуга PIM</text>
      <target FeatureID="-1" href="FSE_HLP_SETTINGS_PIM_VIEW.html">Услуга PIM</target>
   </keywords>
   <keywords>
      <text FeatureID="-1">синхронизация приложений</text>
      <target FeatureID="-1" href="FSE_HLP_SETTINGS_APPLICATIONS.html">Синхронизация приложений</target>
   </keywords>
   <keywords>
      <text FeatureID="-1">вложения электронной почты</text>
      <target FeatureID="-1" href="FSE_HLP_ATTACHMENT_DOWNLOAD.html">Просмотр загрузки вложений</target>
   </keywords>
   <keywords>
      <text FeatureID="-1">полученные сообщения электронной почты</text>
      <target FeatureID="-1" href="FS_VIEWER_HLP_MAIN_VIEW.html">Работа с полученными сообщениями электронной почты</target>
   </keywords>
   <keywords>
      <text FeatureID="-1">mail, настройки</text>
      <target FeatureID="-1" href="FSE_HLP_SETT.html">Настройки</target>
   </keywords>
   <keywords>
      <text FeatureID="-1">mail, настройки учетной записи</text>
      <target FeatureID="-1" href="FSE_HLP_ACCT_INFO.html">Параметры учетной записи электронной почты</target>
   </keywords>
   <keywords>
      <text FeatureID="-1">mail, синхронизация</text>
      <target FeatureID="-1" href="FSE_HLP_SYNC_SETT.html">Параметры синхронизации</target>
   </keywords>
</keywords>