<?xml version="1.0" encoding="UTF-8"?>
<keywords>
   <keywords>
      <text FeatureID="-1">電郵帳號設定</text>
      <target FeatureID="-1" href="FSE_HLP_IMS_SETTINGS_ACCT_INFO.html">電郵帳號設定</target>
   </keywords>
   <keywords>
      <text FeatureID="-1">進階郵箱設定</text>
      <target FeatureID="-1" href="FSE_HLP_IMS_SETTINGS_ADVANCED.html">進階郵箱設定</target>
   </keywords>
   <keywords>
      <text FeatureID="-1">郵箱設定</text>
      <target FeatureID="-1" href="FSE_HLP_IMS_SETTINGS_MAILBOX.html">郵箱設定</target>
   </keywords>
   <keywords>
      <text FeatureID="-1">電郵同步處理內容</text>
      <target FeatureID="-1" href="FSE_HLP_IMS_SETTINGS_WHAT_SYNC.html">定義同步處理內容</target>
   </keywords>
   <keywords>
      <text FeatureID="-1">電郵同步處理時間</text>
      <target FeatureID="-1" href="FSE_HLP_IMS_SETTINGS_WHEN_SYNC.html">定義同步處理時間</target>
   </keywords>
   <keywords>
      <text FeatureID="-1">電郵資料夾同步處理</text>
      <target FeatureID="-1" href="FSE_HLP_IMS_SETTINGS_FOLDER.html">同步處理電郵資料夾</target>
   </keywords>
   <keywords>
      <text FeatureID="-1">電郵服務設定</text>
      <target FeatureID="-1" href="FSE_HLP_SETTINGS_INTELL_LIST.html">電郵服務設定</target>
   </keywords>
   <keywords>
      <text FeatureID="-1">電郵設定</text>
      <target FeatureID="-1" href="FSE_HLP_IMS_SETTINGS_MAIN_VIEW.html">電郵設定</target>
   </keywords>
   <keywords>
      <text FeatureID="-1">Intellisync</text>
      <target FeatureID="-1" href="FSE_HLP_IMS_LAUNCHER_MAIN_VIEW.html">Intellisync 電郵</target>
   </keywords>
</keywords>