<?xml version="1.0" encoding="UTF-8"?>
<keywords>
   <keywords>
      <text FeatureID="-1">teemat</text>
      <target FeatureID="-1" href="SKINS_HLP_LIST.html">Yleiset teemat</target>
      <target FeatureID="-1" href="SCREENSAVER_HLP_WP_SETTINGS.html">Diaesitystaustakuvan asetukset</target>
      <target FeatureID="-1" href="SKINS_HLP_WP_SETTINGS.html">Taustakuva-asetukset</target>
      <target FeatureID="true_1503" href="SKINS_HLP_CIMAGE_SETTINGS.html">Puhelukuvan valinta</target>
      <target FeatureID="-1" href="SKINS_HLP_APPSHELL.html">Valikkonäkymän asetukset</target>
      <target FeatureID="-1" href="SKINS_HLP_IDLE.html">Aloitusnäytön asetukset</target>
      <target FeatureID="-1" href="SKINS_HLP_APP_MAIN.html">Näytön mukautus</target>
      <target FeatureID="-1" href="SKINS_HLP_APPSKINS_LIST.html">Sovellusten teemat</target>
   </keywords>
   <keywords>
      <text FeatureID="-1">diaesitystaustakuva</text>
      <target FeatureID="-1" href="SCREENSAVER_HLP_WP_SETTINGS.html">Diaesitystaustakuvan asetukset</target>
   </keywords>
   <keywords>
      <text FeatureID="-1">diaesityksen asetukset</text>
      <target FeatureID="-1" href="SCREENSAVER_HLP_WP_SETTINGS.html">Diaesitystaustakuvan asetukset</target>
   </keywords>
   <keywords>
      <text FeatureID="-1">taustakuva-asetukset</text>
      <target FeatureID="-1" href="SKINS_HLP_WP_SETTINGS.html">Taustakuva-asetukset</target>
   </keywords>
   <keywords>
      <text FeatureID="-1">taustakuva</text>
      <target FeatureID="-1" href="SKINS_HLP_WP_SETTINGS.html">Taustakuva-asetukset</target>
      <target FeatureID="-1" href="SKINS_HLP_APP_MAIN.html">Näytön mukautus</target>
   </keywords>
   <keywords>
      <text FeatureID="-1">näytönsäästäjä</text>
      <target FeatureID="-1" href="SKINS_HLP_SCREENS_SETTINGS.html">Näytönsäästäjän asetukset</target>
   </keywords>
   <keywords>
      <text FeatureID="true_1503">puhelukuva-asetukset</text>
      <target FeatureID="true_1503" href="SKINS_HLP_CIMAGE_SETTINGS.html">Puhelukuvan valinta</target>
   </keywords>
   <keywords>
      <text FeatureID="-1">valikot</text>
      <target FeatureID="-1" href="SKINS_HLP_APPSHELL.html">Valikkonäkymän asetukset</target>
   </keywords>
   <keywords>
      <text FeatureID="-1">asetukset, aloitusnäyttö</text>
      <target FeatureID="-1" href="SKINS_HLP_IDLE.html">Aloitusnäytön asetukset</target>
   </keywords>
   <keywords>
      <text FeatureID="-1">widgetit</text>
      <target FeatureID="-1" href="SKINS_HLP_IDLE.html">Aloitusnäytön asetukset</target>
   </keywords>
</keywords>