<?xml version="1.0" encoding="UTF-8"?>
<keywords>
   <keywords>
      <text FeatureID="true_410">المتصل</text>
      <target FeatureID="true_410" href="DIALER_HLP_MAIN.html">إجراء مكالمات هاتفية</target>
   </keywords>
   <keywords>
      <text FeatureID="true_410">إجراء مكالمات هاتفية</text>
      <target FeatureID="true_410" href="DIALER_HLP_MAIN.html">إجراء مكالمات هاتفية</target>
   </keywords>
   <keywords>
      <text FeatureID="-1">مكالمات هاتفية</text>
      <target FeatureID="-1" href="INCAL_HLP_CALL_HANDLING.html">المكالمات الهاتفية</target>
   </keywords>
   <keywords>
      <text FeatureID="-1">مكالمات جماعية</text>
      <target FeatureID="-1" href="INCAL_HLP_CALL_HANDLING.html">المكالمات الهاتفية</target>
   </keywords>
   <keywords>
      <text FeatureID="-1">للتبديل بين المكالمات</text>
      <target FeatureID="-1" href="INCAL_HLP_CALL_HANDLING.html">المكالمات الهاتفية</target>
   </keywords>
   <keywords>
      <text FeatureID="-1">الهاتف</text>
      <target FeatureID="-1" href="INCAL_HLP_CALL_HANDLING.html">المكالمات الهاتفية</target>
   </keywords>
   <keywords>
      <text FeatureID="true_410">نغمات DTMF</text>
      <target FeatureID="true_410" href="DIALER_HLP_SEND_DTMF.html">إرسال نغمات DTMF</target>
   </keywords>
   <keywords>
      <text FeatureID="true_89">مكالمات الفيديو</text>
      <target FeatureID="true_89" href="INCAL_HLP_VIDEO_CALL.html">مكالمات الفيديو</target>
   </keywords>
</keywords>