<?xml version="1.0" encoding="UTF-8"?>
<keywords>
   <keywords>
      <text FeatureID="-1">sincronizare</text>
      <target FeatureID="-1" href="DS_HLP_MAIN_VIEW.html">Sincronizarea datelor</target>
   </keywords>
   <keywords>
      <text FeatureID="-1">profiluri de sincronizare</text>
      <target FeatureID="-1" href="DS_HLP_MAIN_VIEW.html">Sincronizarea datelor</target>
   </keywords>
   <keywords>
      <text FeatureID="-1">setări profil sinc.</text>
      <target FeatureID="-1" href="DS_HLP_SETTINGS.html">Editare profiluri sinc.</target>
   </keywords>
   <keywords>
      <text FeatureID="-1">setări de sincronizare</text>
      <target FeatureID="-1" href="DS_HLP_SETTINGS_CAL.html">Setările de sincronizare ale agendei</target>
      <target FeatureID="-1" href="DS_HLP_SETTINGS_CNT.html">Setările de sincronizare a contactelor</target>
      <target FeatureID="-1" href="DS_HLP_SETTINGS_NOTES.html">Setări sincr. note</target>
      <target FeatureID="-1" href="DS_HLP_SETTINGS_SMS.html">Setări sinc. SMS</target>
      <target FeatureID="true_44" href="DS_HLP_SETTINGS_SYNCML.html">Setări sincronizare e-mail</target>
   </keywords>
</keywords>