<?xml version="1.0" encoding="UTF-8"?>
<keywords>
   <keywords>
      <text FeatureID="-1">з'єднання пакетних даних</text>
      <target FeatureID="-1" href="GPRS_HLP_MAIN.html">З'єднання пакетних даних</target>
      <target FeatureID="-1" href="LOGS_HLP_COUNTER.html">Реєстри дзвінків і даних</target>
   </keywords>
   <keywords>
      <text FeatureID="-1">тривалість дзвінків</text>
      <target FeatureID="-1" href="LOGS_HLP_COUNTER.html">Реєстри дзвінків і даних</target>
      <target FeatureID="-1" href="TIMERS_HLP_MAIN.html">Тривалість дзвінків</target>
      <target FeatureID="-1" href="TIMERS_HLP_MAIN.html">Тривалість дзвінків</target>
   </keywords>
   <keywords>
      <text FeatureID="-1">останні дзвінки</text>
      <target FeatureID="-1" href="LOGS_HLP_COUNTER.html">Реєстри дзвінків і даних</target>
      <target FeatureID="-1" href="STM_HLP_MAIN.html">Недавні дзвінки</target>
   </keywords>
   <keywords>
      <text FeatureID="-1">журнали</text>
      <target FeatureID="-1" href="LOGS_HLP_DETAIL.html">Деталі подій журналу</target>
      <target FeatureID="-1" href="LOGS_HLP_MAIN.html">Інформація журналу</target>
   </keywords>
   <keywords>
      <text FeatureID="-1">установки журналу</text>
      <target FeatureID="-1" href="LOGS_HLP_SETTING.html">Установки журналу</target>
   </keywords>
   <keywords>
      <text FeatureID="-1">набрані номери</text>
      <target FeatureID="-1" href="STM_HLP_DIALLED.html">Набрані номери</target>
   </keywords>
   <keywords>
      <text FeatureID="-1">журнал дзвінків</text>
      <target FeatureID="-1" href="STM_HLP_MAIN.html">Недавні дзвінки</target>
   </keywords>
   <keywords>
      <text FeatureID="-1">пропущені дзвінки</text>
      <target FeatureID="-1" href="STM_HLP_MISSED.html">Пропущені дзвінки</target>
   </keywords>
   <keywords>
      <text FeatureID="-1">отримані дзвінки</text>
      <target FeatureID="-1" href="STM_HLP_RECEIVED.html">Отримані дзвінки</target>
   </keywords>
   <keywords>
      <text FeatureID="-1">відповідь на дзвінки</text>
      <target FeatureID="-1" href="STM_HLP_RECEIVED.html">Отримані дзвінки</target>
   </keywords>
</keywords>