<?xml version="1.0" encoding="UTF-8"?><?xml-stylesheet  href="../../theme/xsl/index2html.xslt" type="text/xsl"?>
<topics FeatureID="-1" title="Rejestry" compressed="true">
   <topicref FeatureID="-1" href="GPRS_HLP_MAIN.html" navtitle="Połączenia pakietowe"/>
   <topicref FeatureID="-1" href="LOGS_HLP_COUNTER.html" navtitle="Rejestry połączeń i danych"/>
   <topicref FeatureID="-1" href="LOGS_HLP_DETAIL.html" navtitle="Szczegóły zdarzeń z rejestru"/>
   <topicref FeatureID="-1" href="LOGS_HLP_MAIN.html" navtitle="Informacje w rejestrze"/>
   <topicref FeatureID="-1" href="LOGS_HLP_SETTING.html" navtitle="Ustawienia rejestru"/>
   <topicref FeatureID="-1" href="STM_HLP_DIALLED.html" navtitle="Wybierane numery"/>
   <topicref FeatureID="-1" href="STM_HLP_MAIN.html" navtitle="Ostatnie połączenia"/>
   <topicref FeatureID="-1" href="STM_HLP_MISSED.html" navtitle="Połączenia nieodebrane"/>
   <topicref FeatureID="-1" href="STM_HLP_RECEIVED.html" navtitle="Połączenia odebrane"/>
   <topicref FeatureID="-1" href="TIMERS_HLP_MAIN.html" navtitle="Czas połączeń"/>
</topics>