<?xml version="1.0" encoding="UTF-8"?>
<keywords>
   <keywords>
      <text FeatureID="-1">połączenia pakietowe</text>
      <target FeatureID="-1" href="GPRS_HLP_MAIN.html">Połączenia pakietowe</target>
      <target FeatureID="-1" href="LOGS_HLP_COUNTER.html">Rejestry połączeń i danych</target>
   </keywords>
   <keywords>
      <text FeatureID="-1">czas połączeń</text>
      <target FeatureID="-1" href="LOGS_HLP_COUNTER.html">Rejestry połączeń i danych</target>
      <target FeatureID="-1" href="TIMERS_HLP_MAIN.html">Czas połączeń</target>
   </keywords>
   <keywords>
      <text FeatureID="-1">ostatnie połączenia</text>
      <target FeatureID="-1" href="LOGS_HLP_COUNTER.html">Rejestry połączeń i danych</target>
      <target FeatureID="-1" href="STM_HLP_MAIN.html">Ostatnie połączenia</target>
   </keywords>
   <keywords>
      <text FeatureID="-1">rejestry</text>
      <target FeatureID="-1" href="LOGS_HLP_DETAIL.html">Szczegóły zdarzeń z rejestru</target>
      <target FeatureID="-1" href="LOGS_HLP_MAIN.html">Informacje w rejestrze</target>
   </keywords>
   <keywords>
      <text FeatureID="-1">Ustawienia rejestru</text>
      <target FeatureID="-1" href="LOGS_HLP_SETTING.html">Ustawienia rejestru</target>
   </keywords>
   <keywords>
      <text FeatureID="-1">wybierane numery</text>
      <target FeatureID="-1" href="STM_HLP_DIALLED.html">Wybierane numery</target>
   </keywords>
   <keywords>
      <text FeatureID="-1">rejestr połączeń</text>
      <target FeatureID="-1" href="STM_HLP_MAIN.html">Ostatnie połączenia</target>
   </keywords>
   <keywords>
      <text FeatureID="-1">połączenia nieodebrane</text>
      <target FeatureID="-1" href="STM_HLP_MISSED.html">Połączenia nieodebrane</target>
   </keywords>
   <keywords>
      <text FeatureID="-1">połącz. odebrane</text>
      <target FeatureID="-1" href="STM_HLP_RECEIVED.html">Połączenia odebrane</target>
   </keywords>
   <keywords>
      <text FeatureID="-1">połączenia odebrane</text>
      <target FeatureID="-1" href="STM_HLP_RECEIVED.html">Połączenia odebrane</target>
   </keywords>
   <keywords>
      <text FeatureID="-1">długość połączeń</text>
      <target FeatureID="-1" href="TIMERS_HLP_MAIN.html">Czas połączeń</target>
   </keywords>
</keywords>