<?xml version="1.0" encoding="UTF-8"?>
<keywords>
   <keywords>
      <text FeatureID="-1">短片電視</text>
      <target FeatureID="-1" href="IPTV_HLP_MAIN_STATE.html">短片電視</target>
      <target FeatureID="-1" href="IPTV_HLP_VODCAST_MAIN.html">短片收取點</target>
      <target FeatureID="-1" href="IPTV_HLP_SERVICE_SELECTION_VOD.html">選擇短片服務</target>
      <target FeatureID="-1" href="IPTV_HLP_VOD_CATEGORIES.html">短片類別</target>
      <target FeatureID="-1" href="IPTV_HLP_VOD.html">檢視和下載短片</target>
      <target FeatureID="-1" href="IPTV_HLP_SCHEDULE_DOWNLOAD.html">排程下載</target>
      <target FeatureID="-1" href="IPTV_HLP_STORAGE.html">我的短片</target>
      <target FeatureID="-1" href="IPTV_HLP_SERVICE_SEL_VODCAST.html">選擇短片收取點</target>
      <target FeatureID="-1" href="IPTV_HLP_ADD_SERVICE.html">加入短片收取點</target>
   </keywords>
   <keywords>
      <text FeatureID="-1">短片收取點</text>
      <target FeatureID="-1" href="IPTV_HLP_VODCAST_MAIN.html">短片收取點</target>
      <target FeatureID="-1" href="IPTV_HLP_VOD_CATEGORIES.html">短片類別</target>
      <target FeatureID="-1" href="IPTV_HLP_SERVICE_SEL_VODCAST.html">選擇短片收取點</target>
      <target FeatureID="-1" href="IPTV_HLP_ADD_SERVICE.html">加入短片收取點</target>
   </keywords>
   <keywords>
      <text FeatureID="-1">下載, 視像</text>
      <target FeatureID="-1" href="IPTV_HLP_VOD.html">檢視和下載短片</target>
      <target FeatureID="-1" href="IPTV_HLP_SCHEDULE_DOWNLOAD.html">排程下載</target>
   </keywords>
   <keywords>
      <text FeatureID="-1">短片電視, 設定</text>
      <target FeatureID="-1" href="IPTV_HLP_SETTINGS.html">短片電視設定</target>
   </keywords>
   <keywords>
      <text FeatureID="-1">設定, 短片</text>
      <target FeatureID="-1" href="IPTV_HLP_SETTINGS.html">短片電視設定</target>
   </keywords>
</keywords>