<?xml version="1.0" encoding="UTF-8"?><?xml-stylesheet  href="../../theme/xsl/index2html.xslt" type="text/xsl"?>
<topics FeatureID="-1" title="ویب" compressed="true">
   <topicref FeatureID="-1" href="OSS_HLP_BM_ADDBM.html" navtitle="نشانات کتاب کا اضافہ کریں"/>
   <topicref FeatureID="true_167" href="OSS_HLP_RSS_ADD.html" navtitle="ویب فیڈز کا اضافہ کریں"/>
   <topicref FeatureID="-1" href="OSS_HLP_PAGEVIEW.html" navtitle="ويب براؤز کريں"/>
   <topicref FeatureID="-1" href="OSS_HLP_BM_MAIN.html" navtitle="نشانات کتاب براؤز کریں"/>
   <topicref FeatureID="true_167" href="OSS_HLP_RSS_EDIT.html" navtitle="ویب فیڈز میں ترمیم کریں"/>
   <topicref FeatureID="-1" href="OSS_HLP_SETTINGS_GENERAL.html" navtitle="عام ترتيبات"/>
   <topicref FeatureID="-1" href="OSS_HLP_SETTINGS_PAGE.html" navtitle="صفحہ کی ترتیبات"/>
   <topicref FeatureID="-1" href="OSS_HLP_SETTINGS_PRIVACY.html" navtitle="رازداري ترتيبات"/>
   <topicref FeatureID="true_167" href="OSS_HLP_RSS_ARTICLE.html" navtitle="ویب فیڈ مضامین"/>
   <topicref FeatureID="true_167" href="OSS_HLP_SETTINGS_RSS.html" navtitle="ویب فیڈ ترتیبات"/>
   <topicref FeatureID="true_167" href="OSS_HLP_RSS_ARTICLELST.html" navtitle="ويب فيڈ"/>
   <topicref FeatureID="-1" href="OSS_HLP_PAGEVIEW_EMBED.html" navtitle="پروگرام ميں ويب"/>
   <topicref FeatureID="-1" href="OSS_HLP_SETTINGS_FOLDERS.html" navtitle="ويب کي ترتيبات"/>
   <topicref FeatureID="true_167" href="OSS_HLP_RSS_MAIN.html" navtitle="ویب فیڈز اور بلاگز"/>
   <topicref FeatureID="false_410" href="OSS_HLP_SHORTCUTS.html" navtitle="ٹول بار کے شارٹ کٹس"/>
</topics>