<?xml version="1.0" encoding="UTF-8"?>
<keywords>
   <keywords>
      <text FeatureID="-1">کتاب کے نشانات</text>
      <target FeatureID="-1" href="OSS_HLP_BM_ADDBM.html">نشانات کتاب کا اضافہ کریں</target>
   </keywords>
   <keywords>
      <text FeatureID="-1">براؤزر نشان کتب</text>
      <target FeatureID="-1" href="OSS_HLP_BM_ADDBM.html">نشانات کتاب کا اضافہ کریں</target>
      <target FeatureID="-1" href="OSS_HLP_BM_MAIN.html">نشانات کتاب براؤز کریں</target>
   </keywords>
   <keywords>
      <text FeatureID="-1">ویب</text>
      <target FeatureID="-1" href="OSS_HLP_BM_ADDBM.html">نشانات کتاب کا اضافہ کریں</target>
      <target FeatureID="true_167" href="OSS_HLP_RSS_ADD.html">ویب فیڈز کا اضافہ کریں</target>
      <target FeatureID="-1" href="OSS_HLP_PAGEVIEW.html">ويب براؤز کريں</target>
      <target FeatureID="true_167" href="OSS_HLP_RSS_EDIT.html">ویب فیڈز میں ترمیم کریں</target>
      <target FeatureID="true_167" href="OSS_HLP_RSS_ARTICLE.html">ویب فیڈ مضامین</target>
      <target FeatureID="true_167" href="OSS_HLP_RSS_ARTICLELST.html">ويب فيڈ</target>
      <target FeatureID="true_167" href="OSS_HLP_RSS_MAIN.html">ویب فیڈز اور بلاگز</target>
   </keywords>
   <keywords>
      <text FeatureID="true_167">فيڈ</text>
      <target FeatureID="true_167" href="OSS_HLP_RSS_ADD.html">ویب فیڈز کا اضافہ کریں</target>
      <target FeatureID="true_167" href="OSS_HLP_RSS_EDIT.html">ویب فیڈز میں ترمیم کریں</target>
      <target FeatureID="true_167" href="OSS_HLP_RSS_ARTICLE.html">ویب فیڈ مضامین</target>
      <target FeatureID="true_167" href="OSS_HLP_RSS_ARTICLELST.html">ويب فيڈ</target>
      <target FeatureID="true_167" href="OSS_HLP_RSS_MAIN.html">ویب فیڈز اور بلاگز</target>
   </keywords>
   <keywords>
      <text FeatureID="true_167">RSS فيڈ</text>
      <target FeatureID="true_167" href="OSS_HLP_RSS_ADD.html">ویب فیڈز کا اضافہ کریں</target>
      <target FeatureID="true_167" href="OSS_HLP_RSS_EDIT.html">ویب فیڈز میں ترمیم کریں</target>
      <target FeatureID="true_167" href="OSS_HLP_RSS_ARTICLE.html">ویب فیڈ مضامین</target>
      <target FeatureID="true_167" href="OSS_HLP_RSS_ARTICLELST.html">ويب فيڈ</target>
      <target FeatureID="true_167" href="OSS_HLP_RSS_MAIN.html">ویب فیڈز اور بلاگز</target>
   </keywords>
   <keywords>
      <text FeatureID="true_167">خبریں اور بلاگز</text>
      <target FeatureID="true_167" href="OSS_HLP_RSS_ADD.html">ویب فیڈز کا اضافہ کریں</target>
      <target FeatureID="true_167" href="OSS_HLP_RSS_EDIT.html">ویب فیڈز میں ترمیم کریں</target>
      <target FeatureID="true_167" href="OSS_HLP_RSS_ARTICLE.html">ویب فیڈ مضامین</target>
      <target FeatureID="true_167" href="OSS_HLP_RSS_ARTICLELST.html">ويب فيڈ</target>
      <target FeatureID="true_167" href="OSS_HLP_RSS_MAIN.html">ویب فیڈز اور بلاگز</target>
   </keywords>
   <keywords>
      <text FeatureID="true_167">بلاگ</text>
      <target FeatureID="true_167" href="OSS_HLP_RSS_ADD.html">ویب فیڈز کا اضافہ کریں</target>
      <target FeatureID="true_167" href="OSS_HLP_RSS_EDIT.html">ویب فیڈز میں ترمیم کریں</target>
      <target FeatureID="true_167" href="OSS_HLP_RSS_ARTICLE.html">ویب فیڈ مضامین</target>
      <target FeatureID="true_167" href="OSS_HLP_RSS_ARTICLELST.html">ويب فيڈ</target>
      <target FeatureID="true_167" href="OSS_HLP_RSS_MAIN.html">ویب فیڈز اور بلاگز</target>
   </keywords>
   <keywords>
      <text FeatureID="-1">صفحات کی براؤزنگ ہو رہی ہے</text>
      <target FeatureID="-1" href="OSS_HLP_PAGEVIEW.html">ويب براؤز کريں</target>
   </keywords>
   <keywords>
      <text FeatureID="-1">نشانات کتاب کھول رہا ہے</text>
      <target FeatureID="-1" href="OSS_HLP_BM_MAIN.html">نشانات کتاب براؤز کریں</target>
   </keywords>
   <keywords>
      <text FeatureID="-1">براؤزر کي ترتيبات</text>
      <target FeatureID="-1" href="OSS_HLP_SETTINGS_GENERAL.html">عام ترتيبات</target>
      <target FeatureID="-1" href="OSS_HLP_SETTINGS_PAGE.html">صفحہ کی ترتیبات</target>
      <target FeatureID="-1" href="OSS_HLP_SETTINGS_PRIVACY.html">رازداري ترتيبات</target>
      <target FeatureID="true_167" href="OSS_HLP_SETTINGS_RSS.html">ویب فیڈ ترتیبات</target>
      <target FeatureID="-1" href="OSS_HLP_SETTINGS_FOLDERS.html">ويب کي ترتيبات</target>
   </keywords>
   <keywords>
      <text FeatureID="-1">ويب کي ترتيبات</text>
      <target FeatureID="-1" href="OSS_HLP_SETTINGS_GENERAL.html">عام ترتيبات</target>
      <target FeatureID="-1" href="OSS_HLP_SETTINGS_PAGE.html">صفحہ کی ترتیبات</target>
      <target FeatureID="-1" href="OSS_HLP_SETTINGS_PRIVACY.html">رازداري ترتيبات</target>
      <target FeatureID="true_167" href="OSS_HLP_SETTINGS_RSS.html">ویب فیڈ ترتیبات</target>
      <target FeatureID="-1" href="OSS_HLP_SETTINGS_FOLDERS.html">ويب کي ترتيبات</target>
   </keywords>
   <keywords>
      <text FeatureID="-1">مرتب برائے ويب</text>
      <target FeatureID="-1" href="OSS_HLP_SETTINGS_PAGE.html">صفحہ کی ترتیبات</target>
      <target FeatureID="true_167" href="OSS_HLP_SETTINGS_RSS.html">ویب فیڈ ترتیبات</target>
      <target FeatureID="-1" href="OSS_HLP_SETTINGS_FOLDERS.html">ويب کي ترتيبات</target>
   </keywords>
   <keywords>
      <text FeatureID="-1">ترتیباتِ رازداری</text>
      <target FeatureID="-1" href="OSS_HLP_SETTINGS_PRIVACY.html">رازداري ترتيبات</target>
   </keywords>
   <keywords>
      <text FeatureID="-1">خاص صفحہ</text>
      <target FeatureID="-1" href="OSS_HLP_PAGEVIEW_EMBED.html">پروگرام ميں ويب</target>
   </keywords>
   <keywords>
      <text FeatureID="-1">پروگرام ميں ويب</text>
      <target FeatureID="-1" href="OSS_HLP_PAGEVIEW_EMBED.html">پروگرام ميں ويب</target>
   </keywords>
   <keywords>
      <text FeatureID="false_410">براؤزر کی ترتیبات</text>
      <target FeatureID="false_410" href="OSS_HLP_SHORTCUTS.html">ٹول بار کے شارٹ کٹس</target>
   </keywords>
   <keywords>
      <text FeatureID="false_410">ویب کی ترتیبات</text>
      <target FeatureID="false_410" href="OSS_HLP_SHORTCUTS.html">ٹول بار کے شارٹ کٹس</target>
   </keywords>
</keywords>