<?xml version="1.0" encoding="UTF-8"?>
<keywords>
   <keywords>
      <text FeatureID="-1">sõnumite edasisaatmine</text>
      <target FeatureID="-1" href="MMS_HLP_MMS_FWD_REQUEST.html">MMS-sõnumite edasisaatmine</target>
   </keywords>
   <keywords>
      <text FeatureID="-1">MMS-sõnumid</text>
      <target FeatureID="-1" href="MMS_HLP_MMS_FWD_REQUEST_SEND.html">Edasis.taotl. kaustas Saadetud</target>
   </keywords>
   <keywords>
      <text FeatureID="-1">MMS-teatised</text>
      <target FeatureID="-1" href="MMS_HLP_NOTIFICATION_VIEWER.html">MMS-teatised</target>
   </keywords>
   <keywords>
      <text FeatureID="-1">meediumobjektid</text>
      <target FeatureID="-1" href="MMS_HLP_OBJECTS_VIEW_VIEWER.html">Meediumobjektide vaatamine</target>
   </keywords>
   <keywords>
      <text FeatureID="-1">multimeediumobjektid</text>
      <target FeatureID="-1" href="MMS_HLP_OBJECTS_VIEW_VIEWER.html">Meediumobjektide vaatamine</target>
   </keywords>
   <keywords>
      <text FeatureID="-1">multimeediumsõnumid</text>
      <target FeatureID="-1" href="MMS_HLP_MMS_VIEWER.html">MMS-sõnumite vaatamine</target>
   </keywords>
   <keywords>
      <text FeatureID="-1">MMS</text>
      <target FeatureID="-1" href="MMS_HLP_MMS_VIEWER.html">MMS-sõnumite vaatamine</target>
   </keywords>
</keywords>