<?xml version="1.0" encoding="UTF-8"?>
<keywords>
   <keywords>
      <text FeatureID="true_11008 false_11008">ierīces reģistrācija</text>
      <target FeatureID="true_11008" href="DRM_HLP_REGISTRATION_METERING.html">Ierīces reģistrācija</target>
      <target FeatureID="false_11008" href="DRM_HLP_REGISTRATION.html">Ierīces reģistrācija</target>
   </keywords>
   <keywords>
      <text FeatureID="true_11008">tiešā tiesību saņemšana</text>
      <target FeatureID="true_11008" href="DRM_HLP_REGISTRATION_METERING.html">Ierīces reģistrācija</target>
   </keywords>
   <keywords>
      <text FeatureID="true_11008">uzskaite</text>
      <target FeatureID="true_11008" href="DRM_HLP_REGISTRATION_METERING.html">Ierīces reģistrācija</target>
   </keywords>
</keywords>