<?xml version="1.0" encoding="UTF-8"?>
<keywords>
   <keywords>
      <text FeatureID="-1">сертификати</text>
      <target FeatureID="-1" href="AM_HLP_GENERAL_SETTINGS.html">Настройки на сертификати</target>
   </keywords>
   <keywords>
      <text FeatureID="-1">настройки, сертификати</text>
      <target FeatureID="-1" href="AM_HLP_GENERAL_SETTINGS.html">Настройки на сертификати</target>
   </keywords>
   <keywords>
      <text FeatureID="-1">инсталиране на приложения</text>
      <target FeatureID="-1" href="AM_HLP_NOT_INSTALLED.html">Инсталационни файлове</target>
      <target FeatureID="-1" href="AM_HLP_APPLICATION.html">Работа с приложения</target>
   </keywords>
   <keywords>
      <text FeatureID="-1">неинсталирани приложения</text>
      <target FeatureID="-1" href="AM_HLP_NOT_INSTALLED.html">Инсталационни файлове</target>
   </keywords>
   <keywords>
      <text FeatureID="-1">инсталирани приложения</text>
      <target FeatureID="-1" href="AM_HLP_INSTALLED.html">Инсталирани приложения</target>
   </keywords>
   <keywords>
      <text FeatureID="-1">инсталиране на софтуер</text>
      <target FeatureID="-1" href="AM_HLP_APPLICATION.html">Работа с приложения</target>
   </keywords>
   <keywords>
      <text FeatureID="-1">заявки за разрешение</text>
      <target FeatureID="-1" href="AM_HLP_INSTALL_CAPAB.html">Заявки за разрешение</target>
   </keywords>
   <keywords>
      <text FeatureID="-1">ненадеждна инсталация</text>
      <target FeatureID="-1" href="AM_HLP_INSTALL_UNTRUSTED.html">Ненадеждна инсталация</target>
   </keywords>
</keywords>