<?xml version="1.0" encoding="UTF-8"?>
<keywords>
   <keywords>
      <text FeatureID="-1">trình quản lý thiết bị</text>
      <target FeatureID="-1" href="DM_HLP_MAIN_VIEW.html">Phần mềm điện thoại</target>
      <target FeatureID="-1" href="DM_HLP_SETTINGS.html">Cài đặt cấu hình server</target>
      <target FeatureID="-1" href="DM_HLP_SERVERS_VIEW.html">Định cấu hình từ xa </target>
   </keywords>
   <keywords>
      <text FeatureID="-1">cài đặt cấu hình</text>
      <target FeatureID="-1" href="DM_HLP_MAIN_VIEW.html">Phần mềm điện thoại</target>
   </keywords>
   <keywords>
      <text FeatureID="-1">Trình quản lý thiết bị</text>
      <target FeatureID="-1" href="FOTA_HLP_SETTINGS.html">Cài đặt cập nhật phần mềm</target>
   </keywords>
   <keywords>
      <text FeatureID="-1">cái đặt cập nhật phần măm</text>
      <target FeatureID="-1" href="FOTA_HLP_SETTINGS.html">Cài đặt cập nhật phần mềm</target>
   </keywords>
   <keywords>
      <text FeatureID="-1">cài đặt cấu hình server</text>
      <target FeatureID="-1" href="DM_HLP_SETTINGS.html">Cài đặt cấu hình server</target>
   </keywords>
   <keywords>
      <text FeatureID="-1">định cấu hình từ xa</text>
      <target FeatureID="-1" href="DM_HLP_SERVERS_VIEW.html">Định cấu hình từ xa </target>
   </keywords>
</keywords>