<?xml version="1.0" encoding="UTF-8"?>
<keywords>
   <keywords>
      <text FeatureID="-1">temi audio</text>
      <target FeatureID="-1" href="AUDIOTHEME_HLP_EVENTGROUPS.html">Cambiare temi audio</target>
      <target FeatureID="-1" href="SET_HLP_AUDIO_THEME_EVENTSLIST.html">Audio degli eventi del dispositivo</target>
   </keywords>
   <keywords>
      <text FeatureID="-1">personalizzazione dispositivo</text>
      <target FeatureID="-1" href="AUDIOTHEME_HLP_EVENTGROUPS.html">Cambiare temi audio</target>
      <target FeatureID="-1" href="SET_HLP_AUDIO_THEME_EVENTSLIST.html">Audio degli eventi del dispositivo</target>
   </keywords>
   <keywords>
      <text FeatureID="-1">audio dispositivo</text>
      <target FeatureID="-1" href="AUDIOTHEME_HLP_EVENTGROUPS.html">Cambiare temi audio</target>
      <target FeatureID="-1" href="SET_HLP_AUDIO_THEME_EVENTSLIST.html">Audio degli eventi del dispositivo</target>
   </keywords>
</keywords>