<?xml version="1.0" encoding="UTF-8"?>
<keywords>
   <keywords>
      <text FeatureID="-1">tùy chỉnh cấu hình</text>
      <target FeatureID="-1" href="MODE_HLP_PERSONALISE.html">Tùy chỉnh cấu hình</target>
   </keywords>
   <keywords>
      <text FeatureID="-1">cài đặt chuông</text>
      <target FeatureID="-1" href="SET_HLP_PERSONAL_TONES.html">Cài đặt chuông</target>
   </keywords>
   <keywords>
      <text FeatureID="-1">kiểu chuông</text>
      <target FeatureID="-1" href="SET_HLP_PERSONAL_TONES.html">Cài đặt chuông</target>
   </keywords>
   <keywords>
      <text FeatureID="-1">cấu hình</text>
      <target FeatureID="-1" href="MODE_HLP_PROFILES_LIST.html">Cấu hình</target>
   </keywords>
   <keywords>
      <text FeatureID="-1">thay đổi cấu hình</text>
      <target FeatureID="-1" href="MODE_HLP_PROFILES_LIST.html">Cấu hình</target>
   </keywords>
</keywords>