<?xml version="1.0" encoding="UTF-8"?>
<keywords>
   <keywords>
      <text FeatureID="-1">boîte aux lettres d'appel</text>
      <target FeatureID="-1" href="SMSVO_HLP_MAIN_VIEW.html">Boîte aux lettres d'appel</target>
      <target FeatureID="true_298" href="SMSVO_HLP_CS_VIDEO_AND_XSP_VOIP.html">Boîtes aux lettres d'appel vocal, vidéo et ToIP</target>
   </keywords>
   <keywords>
      <text FeatureID="-1">répondeur</text>
      <target FeatureID="-1" href="SMSVO_HLP_MAIN_VIEW.html">Boîte aux lettres d'appel</target>
      <target FeatureID="true_89" href="SMSVO_HLP_CS_AND_VIDEO.html">Boîte aux lettres d'appel et vidéo</target>
      <target FeatureID="true_298" href="SMSVO_HLP_CS_VIDEO_AND_XSP_VOIP.html">Boîtes aux lettres d'appel vocal, vidéo et ToIP</target>
   </keywords>
   <keywords>
      <text FeatureID="true_89">boîte aux lettres vidéo</text>
      <target FeatureID="true_89" href="SMSVO_HLP_CS_AND_VIDEO.html">Boîte aux lettres d'appel et vidéo</target>
   </keywords>
   <keywords>
      <text FeatureID="true_298">boîte aux lettres d'appel ToIP</text>
      <target FeatureID="true_298" href="SMSVO_HLP_CS_VIDEO_AND_XSP_VOIP.html">Boîtes aux lettres d'appel vocal, vidéo et ToIP</target>
   </keywords>
</keywords>