<?xml version="1.0" encoding="UTF-8"?><?xml-stylesheet  href="../../theme/xsl/index2html.xslt" type="text/xsl"?>
<topics FeatureID="-1" title="相機" compressed="true">
   <topicref FeatureID="-1" href="LCAM_HLP_VIEWFINDER_PHOTO.html" navtitle="拍攝影像"/>
   <topicref FeatureID="false_410" href="LCAM_HLP_LIGHT_SENSITIVITY.html" navtitle="調整感光度"/>
   <topicref FeatureID="-1" href="LCAM_HLP_SETTINGS_PHOUSER.html" navtitle="定義場景"/>
   <topicref FeatureID="-1" href="LCAM_HLP_SCENES_PHOTO.html" navtitle="影像場景"/>
   <topicref FeatureID="-1" href="LCAM_HLP_SETTINGS.html" navtitle="相機設定"/>
   <topicref FeatureID="-1" href="LCAM_HLP_SETTINGS_PHOTO.html" navtitle="影像設定"/>
   <topicref FeatureID="-1" href="LCAM_HLP_VIEWFINDER_VIDEO.html" navtitle="錄製影片"/>
   <topicref FeatureID="false_410" href="LCAM_HLP_SCENES_VIDEO.html" navtitle="影片埸景"/>
   <topicref FeatureID="-1" href="LCAM_HLP_SETTINGS_VIDEO.html" navtitle="影片設定"/>
   <topicref FeatureID="-1" href="LCAM_HLP_VIEWFINDER_VIDEO_EM.html" navtitle="應用程式中的影片"/>
   <topicref FeatureID="false_410" href="LCAM_HLP_STANDYBY_EM.html" navtitle="相機未使用時"/>
   <topicref FeatureID="-1" href="LCAM_HLP_POST_VIDEO.html" navtitle="播放影片"/>
   <topicref FeatureID="-1" href="LCAM_HLP_VIEWFINDER_PHOTO_EM.html" navtitle="應用程式中的影像"/>
   <topicref FeatureID="-1" href="LCAM_HLP_POST_PHOTO.html" navtitle="檢視拍攝的影像"/>
   <topicref FeatureID="true_132" href="LCAM_HLP_POST_SEQ.html" navtitle="檢視連續拍攝的影像"/>
</topics>