<?xml version="1.0" encoding="UTF-8"?>
<keywords>
   <keywords>
      <text FeatureID="-1">相機</text>
      <target FeatureID="-1" href="LCAM_HLP_VIEWFINDER_PHOTO.html">拍攝影像</target>
      <target FeatureID="false_410" href="LCAM_HLP_LIGHT_SENSITIVITY.html">調整感光度</target>
      <target FeatureID="-1" href="LCAM_HLP_SCENES_PHOTO.html">影像場景</target>
      <target FeatureID="-1" href="LCAM_HLP_VIEWFINDER_VIDEO.html">錄製影片</target>
      <target FeatureID="false_410" href="LCAM_HLP_SCENES_VIDEO.html">影片埸景</target>
      <target FeatureID="-1" href="LCAM_HLP_VIEWFINDER_VIDEO_EM.html">應用程式中的影片</target>
      <target FeatureID="false_410" href="LCAM_HLP_STANDYBY_EM.html">相機未使用時</target>
      <target FeatureID="-1" href="LCAM_HLP_POST_VIDEO.html">播放影片</target>
      <target FeatureID="-1" href="LCAM_HLP_POST_PHOTO.html">檢視拍攝的影像</target>
      <target FeatureID="true_132" href="LCAM_HLP_POST_SEQ.html">檢視連續拍攝的影像</target>
   </keywords>
   <keywords>
      <text FeatureID="-1">拍攝影像</text>
      <target FeatureID="-1" href="LCAM_HLP_VIEWFINDER_PHOTO.html">拍攝影像</target>
   </keywords>
   <keywords>
      <text FeatureID="false_410">感光度</text>
      <target FeatureID="false_410" href="LCAM_HLP_LIGHT_SENSITIVITY.html">調整感光度</target>
   </keywords>
   <keywords>
      <text FeatureID="-1">相機場景</text>
      <target FeatureID="-1" href="LCAM_HLP_SETTINGS_PHOUSER.html">定義場景</target>
   </keywords>
   <keywords>
      <text FeatureID="-1">場景</text>
      <target FeatureID="-1" href="LCAM_HLP_SCENES_PHOTO.html">影像場景</target>
   </keywords>
   <keywords>
      <text FeatureID="-1">相機設定</text>
      <target FeatureID="-1" href="LCAM_HLP_SETTINGS.html">相機設定</target>
   </keywords>
   <keywords>
      <text FeatureID="-1">相機, 設定</text>
      <target FeatureID="-1" href="LCAM_HLP_SETTINGS_PHOTO.html">影像設定</target>
      <target FeatureID="-1" href="LCAM_HLP_SETTINGS_VIDEO.html">影片設定</target>
   </keywords>
   <keywords>
      <text FeatureID="-1">錄製影片</text>
      <target FeatureID="-1" href="LCAM_HLP_VIEWFINDER_VIDEO.html">錄製影片</target>
   </keywords>
   <keywords>
      <text FeatureID="false_410">影片場景</text>
      <target FeatureID="false_410" href="LCAM_HLP_SCENES_VIDEO.html">影片埸景</target>
   </keywords>
   <keywords>
      <text FeatureID="-1">視訊, 設定</text>
      <target FeatureID="-1" href="LCAM_HLP_SETTINGS_VIDEO.html">影片設定</target>
   </keywords>
   <keywords>
      <text FeatureID="-1">應用程式中的影片</text>
      <target FeatureID="-1" href="LCAM_HLP_VIEWFINDER_VIDEO_EM.html">應用程式中的影片</target>
   </keywords>
   <keywords>
      <text FeatureID="-1">播放影片</text>
      <target FeatureID="-1" href="LCAM_HLP_POST_VIDEO.html">播放影片</target>
   </keywords>
   <keywords>
      <text FeatureID="-1">應用程式中的相機</text>
      <target FeatureID="-1" href="LCAM_HLP_VIEWFINDER_PHOTO_EM.html">應用程式中的影像</target>
   </keywords>
   <keywords>
      <text FeatureID="-1">檢視影像</text>
      <target FeatureID="-1" href="LCAM_HLP_POST_PHOTO.html">檢視拍攝的影像</target>
   </keywords>
   <keywords>
      <text FeatureID="true_132">連拍模式</text>
      <target FeatureID="true_132" href="LCAM_HLP_POST_SEQ.html">檢視連續拍攝的影像</target>
   </keywords>
</keywords>