<?xml version="1.0" encoding="UTF-8"?>
<keywords>
   <keywords>
      <text FeatureID="-1">相機</text>
      <target FeatureID="-1" href="LCAM_HLP_VIEWFINDER_PHOTO.html">拍攝影像</target>
      <target FeatureID="-1" href="LCAM_HLP_LIGHT_SENSITIVITY.html">變更感光度</target>
      <target FeatureID="-1" href="LCAM_HLP_SETTINGS_PHOUSER.html">定義場景</target>
      <target FeatureID="-1" href="LCAM_HLP_SCENES_PHOTO.html">影像場景</target>
      <target FeatureID="-1" href="LCAM_HLP_VIEWFINDER_VIDEO.html">錄製影片</target>
      <target FeatureID="-1" href="LCAM_HLP_SCENES_VIDEO.html">影片場景</target>
      <target FeatureID="-1" href="LCAM_HLP_VIEWFINDER_VIDEO_EM.html">應用程式中的影片</target>
      <target FeatureID="-1" href="LCAM_HLP_STANDBY_EM.html">相機未啟動</target>
      <target FeatureID="-1" href="LCAM_HLP_POST_VIDEO.html">播放影片</target>
      <target FeatureID="-1" href="LCAM_HLP_POST_PHOTO.html">檢視拍攝的影像</target>
   </keywords>
   <keywords>
      <text FeatureID="-1">拍攝影像</text>
      <target FeatureID="-1" href="LCAM_HLP_VIEWFINDER_PHOTO.html">拍攝影像</target>
   </keywords>
   <keywords>
      <text FeatureID="-1">感光度</text>
      <target FeatureID="-1" href="LCAM_HLP_LIGHT_SENSITIVITY.html">變更感光度</target>
   </keywords>
   <keywords>
      <text FeatureID="-1">場景</text>
      <target FeatureID="-1" href="LCAM_HLP_SETTINGS_PHOUSER.html">定義場景</target>
      <target FeatureID="-1" href="LCAM_HLP_SCENES_PHOTO.html">影像場景</target>
   </keywords>
   <keywords>
      <text FeatureID="-1">相機設定</text>
      <target FeatureID="-1" href="LCAM_HLP_SETTINGS.html">相機設定</target>
   </keywords>
   <keywords>
      <text FeatureID="-1">相機, 設定</text>
      <target FeatureID="-1" href="LCAM_HLP_SETTINGS_PHOTO.html">影像設定</target>
      <target FeatureID="-1" href="LCAM_HLP_SETTINGS_VIDEO.html">影片設定</target>
   </keywords>
   <keywords>
      <text FeatureID="-1">錄製影片</text>
      <target FeatureID="-1" href="LCAM_HLP_VIEWFINDER_VIDEO.html">錄製影片</target>
   </keywords>
   <keywords>
      <text FeatureID="-1">影片場景</text>
      <target FeatureID="-1" href="LCAM_HLP_SCENES_VIDEO.html">影片場景</target>
   </keywords>
   <keywords>
      <text FeatureID="-1">視訊, 設定</text>
      <target FeatureID="-1" href="LCAM_HLP_SETTINGS_VIDEO.html">影片設定</target>
   </keywords>
   <keywords>
      <text FeatureID="-1">應用程式中的影片</text>
      <target FeatureID="-1" href="LCAM_HLP_VIEWFINDER_VIDEO_EM.html">應用程式中的影片</target>
   </keywords>
   <keywords>
      <text FeatureID="-1">播放影片</text>
      <target FeatureID="-1" href="LCAM_HLP_POST_VIDEO.html">播放影片</target>
   </keywords>
   <keywords>
      <text FeatureID="-1">應用程式中的相機</text>
      <target FeatureID="-1" href="LCAM_HLP_VIEWFINDER_PHOTO_EM.html">應用程式中的影像</target>
   </keywords>
   <keywords>
      <text FeatureID="-1">檢視影像</text>
      <target FeatureID="-1" href="LCAM_HLP_POST_PHOTO.html">檢視拍攝的影像</target>
   </keywords>
</keywords>