<?xml version="1.0" encoding="UTF-8"?>
<keywords>
   <keywords>
      <text FeatureID="-1">צ'אט</text>
      <target FeatureID="-1" href="SERVTAB_HLP_CONVERSATION.html">שליחת צ'אט</target>
   </keywords>
   <keywords>
      <text FeatureID="-1">ניהול שיחות צ'אט</text>
      <target FeatureID="-1" href="SERVTAB_HLP_CONVERSATION.html">שליחת צ'אט</target>
   </keywords>
   <keywords>
      <text FeatureID="-1">שיחות</text>
      <target FeatureID="-1" href="SERVTAB_HLP_CONVERSATION.html">שליחת צ'אט</target>
   </keywords>
</keywords>