<?xml version="1.0" encoding="UTF-8"?>
<keywords>
   <keywords>
      <text FeatureID="-1">мениджър на файлове</text>
      <target FeatureID="-1" href="FMGR_HLP_MEM_STORE_VIEW.html">Управление на файлове</target>
      <target FeatureID="-1" href="FMGR_HLP_MAIN_VIEW.html">Мениджър на файлове</target>
      <target FeatureID="-1" href="FMGR_HLP_BACKUP_VIEW.html">Архивиране на файлове</target>
   </keywords>
   <keywords>
      <text FeatureID="-1">карта с памет</text>
      <target FeatureID="-1" href="FMGR_HLP_MEM_STORE_VIEW.html">Управление на файлове</target>
      <target FeatureID="-1" href="FMGR_HLP_MAIN_VIEW.html">Мениджър на файлове</target>
      <target FeatureID="-1" href="FMGR_HLP_BACKUP_VIEW.html">Архивиране на файлове</target>
   </keywords>
   <keywords>
      <text FeatureID="-1">Мениджър на файлове</text>
      <target FeatureID="-1" href="FMGR_HLP_SEARCH_RESULTS.html">Търсене на файлове</target>
   </keywords>
   <keywords>
      <text FeatureID="-1">търсене на файлове</text>
      <target FeatureID="-1" href="FMGR_HLP_SEARCH_RESULTS.html">Търсене на файлове</target>
   </keywords>
   <keywords>
      <text FeatureID="-1">търсене на папки</text>
      <target FeatureID="-1" href="FMGR_HLP_SEARCH_RESULTS.html">Търсене на файлове</target>
   </keywords>
   <keywords>
      <text FeatureID="-1">архив</text>
      <target FeatureID="-1" href="FMGR_HLP_BACKUP_VIEW.html">Архивиране на файлове</target>
   </keywords>
</keywords>