<?xml version="1.0" encoding="UTF-8"?>
<keywords>
   <keywords>
      <text FeatureID="-1">profiilide kohandamine</text>
      <target FeatureID="-1" href="MODE_HLP_PERSONALISE.html">Profiilide kohandamine</target>
   </keywords>
   <keywords>
      <text FeatureID="-1">helinate seaded</text>
      <target FeatureID="-1" href="SET_HLP_PERSONAL_TONES.html">Helinate seaded</target>
   </keywords>
   <keywords>
      <text FeatureID="-1">helinad</text>
      <target FeatureID="-1" href="SET_HLP_PERSONAL_TONES.html">Helinate seaded</target>
   </keywords>
   <keywords>
      <text FeatureID="-1">profiilid</text>
      <target FeatureID="-1" href="MODE_HLP_PROFILES_LIST.html">Profiilid</target>
   </keywords>
   <keywords>
      <text FeatureID="-1">profiilide muutmine</text>
      <target FeatureID="-1" href="MODE_HLP_PROFILES_LIST.html">Profiilid</target>
   </keywords>
</keywords>