<?xml version="1.0" encoding="UTF-8"?>
<keywords>
   <keywords>
      <text FeatureID="-1">usklađivanje</text>
      <target FeatureID="-1" href="DS_HLP_MAIN_VIEW.html">Usklađivanje podataka</target>
   </keywords>
   <keywords>
      <text FeatureID="-1">profili usklađivanja</text>
      <target FeatureID="-1" href="DS_HLP_MAIN_VIEW.html">Usklađivanje podataka</target>
   </keywords>
   <keywords>
      <text FeatureID="-1">podešavanja profila usklađivanja</text>
      <target FeatureID="-1" href="DS_HLP_SETTINGS.html">Izmena profila usklađivanja</target>
   </keywords>
   <keywords>
      <text FeatureID="-1">podešavanja usklađivanja</text>
      <target FeatureID="-1" href="DS_HLP_SETTINGS_CAL.html">Podešavanja usklađivanja kalendara</target>
      <target FeatureID="-1" href="DS_HLP_SETTINGS_CNT.html">Podešavanja usklađivanja kontakata</target>
      <target FeatureID="-1" href="DS_HLP_SETTINGS_NOTES.html">Podešavanja usklađivanja beleški</target>
      <target FeatureID="-1" href="DS_HLP_SETTINGS_SMS.html">Podešavanja usklađivanja SMS poruka</target>
      <target FeatureID="true_44" href="DS_HLP_SETTINGS_SYNCML.html">Podešavanja usklađivanja e-pošte</target>
   </keywords>
</keywords>