<?xml version="1.0" encoding="UTF-8"?>
<keywords>
   <keywords>
      <text FeatureID="-1">πρόγρ. ανάγν. μην., γλώσσα</text>
      <target FeatureID="-1" href="SPEECH_HLP_MAIN.html">Ρυθμίσεις ομιλίας</target>
   </keywords>
   <keywords>
      <text FeatureID="-1">πρόγρ. ανάγν. μην., φωνή</text>
      <target FeatureID="-1" href="SPEECH_HLP_MAIN.html">Ρυθμίσεις ομιλίας</target>
   </keywords>
   <keywords>
      <text FeatureID="-1">εφαρμογή ανάγνωσης μηνυμάτων</text>
      <target FeatureID="-1" href="SPEECH_HLP_VOICE.html">Λεπτομέρειες φωνής</target>
   </keywords>
   <keywords>
      <text FeatureID="-1">πρόγρ. ανάγν. μην., ρυθμίσεις</text>
      <target FeatureID="-1" href="SPEECH_HLP_MRSETTINGS.html">Ρυθμίσεις ανάγνωσης μηνυμάτων</target>
   </keywords>
</keywords>