<?xml version="1.0" encoding="UTF-8"?>
<keywords>
   <keywords>
      <text FeatureID="-1">Fotos</text>
      <target FeatureID="-1" href="LGAL_HLP_ALBUM_LIST.html">Álbums</target>
      <target FeatureID="-1" href="LGAL_HLP_ALL_GRID.html">Examinar todos os ficheiros multimedia</target>
      <target FeatureID="-1" href="LGAL_HLP_ALBUM_GRID.html">Exploración de ficheiros multimedia en álbums.</target>
      <target FeatureID="-1" href="LGAL_HLP_TAGS_GRID.html">Explorar ficheiros multimedia etiquetados</target>
      <target FeatureID="-1" href="LGAL_HLP_DETAILS_VIEW.html">Ver e editar detalles dun ficheiro</target>
      <target FeatureID="-1" href="LGAL_HLP_TAGS_BROWSER.html">Etiquetas</target>
      <target FeatureID="-1" href="LGAL_HLP_MONTH_FULLSCREEN.html">Ver ficheiros multimedia por mes</target>
      <target FeatureID="-1" href="LGAL_HLP_MONTH_GRID.html">Explorar ficheiros multimedia por mes</target>
      <target FeatureID="-1" href="LGAL_HLP_VIEW_LIST.html">Fotos</target>
      <target FeatureID="-1" href="LGAL_HLP_MONTH_LIST.html">Meses</target>
      <target FeatureID="-1" href="LGAL_HLP_SLIDESHOW_SETTINGS.html">Axustes da presentación de diapositivas</target>
      <target FeatureID="-1" href="LGAL_HLP_ALL_FULLSCREEN.html">Ver todos os ficheiros multimedia</target>
      <target FeatureID="-1" href="LGAL_HLP_ALBUM_FULLSCREEN.html">Ver ficheiros multimedia en álbums.</target>
      <target FeatureID="-1" href="LGAL_HLP_TAGS_FULLSCREEN.html">Ver ficheiros multimedia etiquetados</target>
   </keywords>
   <keywords>
      <text FeatureID="-1">álbums</text>
      <target FeatureID="-1" href="LGAL_HLP_ALBUM_LIST.html">Álbums</target>
      <target FeatureID="-1" href="LGAL_HLP_ALBUM_GRID.html">Exploración de ficheiros multimedia en álbums.</target>
      <target FeatureID="-1" href="LGAL_HLP_VIEW_LIST.html">Fotos</target>
      <target FeatureID="-1" href="LGAL_HLP_ALBUM_FULLSCREEN.html">Ver ficheiros multimedia en álbums.</target>
   </keywords>
   <keywords>
      <text FeatureID="-1">etiquetas</text>
      <target FeatureID="-1" href="LGAL_HLP_TAGS_GRID.html">Explorar ficheiros multimedia etiquetados</target>
      <target FeatureID="-1" href="LGAL_HLP_TAGS_BROWSER.html">Etiquetas</target>
      <target FeatureID="-1" href="LGAL_HLP_VIEW_LIST.html">Fotos</target>
      <target FeatureID="-1" href="LGAL_HLP_TAGS_FULLSCREEN.html">Ver ficheiros multimedia etiquetados</target>
   </keywords>
   <keywords>
      <text FeatureID="-1">presentación de diapositivas</text>
      <target FeatureID="-1" href="LGAL_HLP_SLIDESHOW_SETTINGS.html">Axustes da presentación de diapositivas</target>
   </keywords>
</keywords>