<?xml version="1.0" encoding="UTF-8"?>
<keywords>
   <keywords>
      <text FeatureID="true_1091">USSD 编辑器</text>
      <target FeatureID="true_1091" href="USSD_HLP_EDITOR.html">服务命令</target>
   </keywords>
   <keywords>
      <text FeatureID="true_1091">服务命令</text>
      <target FeatureID="true_1091" href="USSD_HLP_EDITOR.html">服务命令</target>
   </keywords>
   <keywords>
      <text FeatureID="true_1091">网络服务</text>
      <target FeatureID="true_1091" href="USSD_HLP_EDITOR.html">服务命令</target>
   </keywords>
</keywords>