<?xml version="1.0" encoding="UTF-8"?>
<keywords>
   <keywords>
      <text FeatureID="true_410">tárcsázó</text>
      <target FeatureID="true_410" href="DIALER_HLP_MAIN.html">Telefonhívások kezdeményezése</target>
   </keywords>
   <keywords>
      <text FeatureID="true_410">telefonhívások kezdeményezése</text>
      <target FeatureID="true_410" href="DIALER_HLP_MAIN.html">Telefonhívások kezdeményezése</target>
   </keywords>
   <keywords>
      <text FeatureID="-1">telefonhívások</text>
      <target FeatureID="-1" href="INCAL_HLP_CALL_HANDLING.html">Telefonhívások</target>
   </keywords>
   <keywords>
      <text FeatureID="-1">konferenciahívások</text>
      <target FeatureID="-1" href="INCAL_HLP_CALL_HANDLING.html">Telefonhívások</target>
   </keywords>
   <keywords>
      <text FeatureID="-1">hívások felcserélése</text>
      <target FeatureID="-1" href="INCAL_HLP_CALL_HANDLING.html">Telefonhívások</target>
   </keywords>
   <keywords>
      <text FeatureID="-1">telefon</text>
      <target FeatureID="-1" href="INCAL_HLP_CALL_HANDLING.html">Telefonhívások</target>
   </keywords>
   <keywords>
      <text FeatureID="true_410">DTMF-jelek</text>
      <target FeatureID="true_410" href="DIALER_HLP_SEND_DTMF.html">DTMF-jelek küldése</target>
   </keywords>
   <keywords>
      <text FeatureID="true_89">videohívások</text>
      <target FeatureID="true_89" href="INCAL_HLP_VIDEO_CALL.html">Videohívások</target>
   </keywords>
</keywords>