<?xml version="1.0" encoding="UTF-8"?>
<keywords>
   <keywords>
      <text FeatureID="-1">диктор на съобщения, език</text>
      <target FeatureID="-1" href="SPEECH_HLP_MAIN.html">Настройки за реч</target>
   </keywords>
   <keywords>
      <text FeatureID="-1">диктор на съобщения, глас</text>
      <target FeatureID="-1" href="SPEECH_HLP_MAIN.html">Настройки за реч</target>
   </keywords>
   <keywords>
      <text FeatureID="-1">диктор на съобщения, данни за гласа</text>
      <target FeatureID="-1" href="SPEECH_HLP_VOICE.html">Детайли на гласа</target>
   </keywords>
   <keywords>
      <text FeatureID="-1">диктор на съобщения, настройки</text>
      <target FeatureID="-1" href="SPEECH_HLP_MRSETTINGS.html">Настройки на диктора на съобщения</target>
   </keywords>
</keywords>