<?xml version="1.0" encoding="UTF-8"?><?xml-stylesheet  href="../../theme/xsl/index2html.xslt" type="text/xsl"?>
<topics FeatureID="-1" title="Personalisierung" compressed="true">
   <topicref FeatureID="-1" href="SKINS_HLP_LIST.html" navtitle="Allgemeine Themen"/>
   <topicref FeatureID="-1" href="SCREENSAVER_HLP_WP_SETTINGS.html" navtitle="Einstellungen für Hintergrundpräsentation"/>
   <topicref FeatureID="-1" href="SKINS_HLP_WP_SETTINGS.html" navtitle="Hintergrundeinstellungen"/>
   <topicref FeatureID="-1" href="SKINS_HLP_SCREENS_SETTINGS.html" navtitle="Bildschirmschoner-Einstellungen"/>
   <topicref FeatureID="true_1503" href="SKINS_HLP_CIMAGE_SETTINGS.html" navtitle="Anrufbild auswählen"/>
   <topicref FeatureID="-1" href="SKINS_HLP_APPSHELL.html" navtitle="Menüansichtseinstellungen"/>
   <topicref FeatureID="-1" href="SKINS_HLP_IDLE.html" navtitle="Einstellungen für den Startbildschirm"/>
   <topicref FeatureID="-1" href="SKINS_HLP_APP_MAIN.html" navtitle="Displayanzeige anpassen"/>
   <topicref FeatureID="-1" href="SKINS_HLP_APPSKINS_LIST.html" navtitle="Programmthemen"/>
</topics>