<?xml version="1.0" encoding="UTF-8"?>
<keywords>
   <keywords>
      <text FeatureID="-1">Themen</text>
      <target FeatureID="-1" href="SKINS_HLP_LIST.html">Allgemeine Themen</target>
      <target FeatureID="-1" href="SCREENSAVER_HLP_WP_SETTINGS.html">Einstellungen für Hintergrundpräsentation</target>
      <target FeatureID="-1" href="SKINS_HLP_WP_SETTINGS.html">Hintergrundeinstellungen</target>
      <target FeatureID="true_1503" href="SKINS_HLP_CIMAGE_SETTINGS.html">Anrufbild auswählen</target>
      <target FeatureID="-1" href="SKINS_HLP_APPSHELL.html">Menüansichtseinstellungen</target>
      <target FeatureID="-1" href="SKINS_HLP_IDLE.html">Einstellungen für den Startbildschirm</target>
      <target FeatureID="-1" href="SKINS_HLP_APP_MAIN.html">Displayanzeige anpassen</target>
      <target FeatureID="-1" href="SKINS_HLP_APPSKINS_LIST.html">Programmthemen</target>
   </keywords>
   <keywords>
      <text FeatureID="-1">Hintergrundpräsentation</text>
      <target FeatureID="-1" href="SCREENSAVER_HLP_WP_SETTINGS.html">Einstellungen für Hintergrundpräsentation</target>
   </keywords>
   <keywords>
      <text FeatureID="-1">Präsentationseinstellungen</text>
      <target FeatureID="-1" href="SCREENSAVER_HLP_WP_SETTINGS.html">Einstellungen für Hintergrundpräsentation</target>
   </keywords>
   <keywords>
      <text FeatureID="-1">Hintergrundeinstellungen</text>
      <target FeatureID="-1" href="SKINS_HLP_WP_SETTINGS.html">Hintergrundeinstellungen</target>
   </keywords>
   <keywords>
      <text FeatureID="-1">Hintergrundbild</text>
      <target FeatureID="-1" href="SKINS_HLP_WP_SETTINGS.html">Hintergrundeinstellungen</target>
   </keywords>
   <keywords>
      <text FeatureID="-1">Bildschirmschoner</text>
      <target FeatureID="-1" href="SKINS_HLP_SCREENS_SETTINGS.html">Bildschirmschoner-Einstellungen</target>
   </keywords>
   <keywords>
      <text FeatureID="true_1503">Anrufbildeinstellungen</text>
      <target FeatureID="true_1503" href="SKINS_HLP_CIMAGE_SETTINGS.html">Anrufbild auswählen</target>
   </keywords>
   <keywords>
      <text FeatureID="-1">Menüs</text>
      <target FeatureID="-1" href="SKINS_HLP_APPSHELL.html">Menüansichtseinstellungen</target>
   </keywords>
   <keywords>
      <text FeatureID="-1">Einstellungen, Startansicht</text>
      <target FeatureID="-1" href="SKINS_HLP_IDLE.html">Einstellungen für den Startbildschirm</target>
   </keywords>
   <keywords>
      <text FeatureID="-1">Widgets</text>
      <target FeatureID="-1" href="SKINS_HLP_IDLE.html">Einstellungen für den Startbildschirm</target>
   </keywords>
   <keywords>
      <text FeatureID="-1">Hintergrund­bild</text>
      <target FeatureID="-1" href="SKINS_HLP_APP_MAIN.html">Displayanzeige anpassen</target>
   </keywords>
</keywords>