<?xml version="1.0" encoding="UTF-8"?>
<keywords>
   <keywords>
      <text FeatureID="true_298">máy trả lời tự động</text>
      <target FeatureID="true_298" href="SMSVO_HLP_CS_VIDEO_AND_XSP_VOIP.html">Hộp thư thoại, hộp thư video, và hộp thư cuộc gọi internet</target>
   </keywords>
   <keywords>
      <text FeatureID="true_298">hộp thư cuộc gọi internet</text>
      <target FeatureID="true_298" href="SMSVO_HLP_CS_VIDEO_AND_XSP_VOIP.html">Hộp thư thoại, hộp thư video, và hộp thư cuộc gọi internet</target>
   </keywords>
   <keywords>
      <text FeatureID="true_298">hộp thư cuộc gọi</text>
      <target FeatureID="true_298" href="SMSVO_HLP_CS_VIDEO_AND_XSP_VOIP.html">Hộp thư thoại, hộp thư video, và hộp thư cuộc gọi internet</target>
   </keywords>
   <keywords>
      <text FeatureID="-1">cuộc gọi internet</text>
      <target FeatureID="-1" href="VOIP_HLP_CSC.html">Cài đặt internet</target>
      <target FeatureID="true_298" href="VOIP_HLP_SERVCATALOG.html">Catalog dịch vụ</target>
      <target FeatureID="-1" href="SERVTAB_HLP_SETTINGS.html">Cài đặt tab dịch vụ</target>
   </keywords>
</keywords>