<?xml version="1.0" encoding="UTF-8"?><?xml-stylesheet  href="../../theme/xsl/index2html.xslt" type="text/xsl"?>
<topics FeatureID="-1" title="Video un TV" compressed="true">
   <topicref FeatureID="-1" href="IPTV_HLP_MAIN_STATE.html" navtitle="Video un TV"/>
   <topicref FeatureID="-1" href="IPTV_HLP_VODCAST_MAIN.html" navtitle="Videoplūsmas"/>
   <topicref FeatureID="-1" href="IPTV_HLP_SERVICE_SELECTION_VOD.html" navtitle="Videopakalp. izvēle"/>
   <topicref FeatureID="-1" href="IPTV_HLP_VOD_CATEGORIES.html" navtitle="Video kategorijas"/>
   <topicref FeatureID="-1" href="IPTV_HLP_VOD.html" navtitle="Video demonstrēšana un lejupielāde"/>
   <topicref FeatureID="-1" href="IPTV_HLP_SCHEDULE_DOWNLOAD.html" navtitle="Ieplānotas ielādes"/>
   <topicref FeatureID="-1" href="IPTV_HLP_STORAGE.html" navtitle="Mani video"/>
   <topicref FeatureID="-1" href="IPTV_HLP_SETTINGS.html" navtitle="Video un TV uzstādījumi"/>
   <topicref FeatureID="-1" href="IPTV_HLP_SERVICE_SEL_VODCAST.html" navtitle="Videoplūsmu izvēle"/>
   <topicref FeatureID="-1" href="IPTV_HLP_ADD_SERVICE.html" navtitle="Videoplūsmu pievienošana"/>
</topics>