<?xml version="1.0" encoding="UTF-8"?>
<keywords>
   <keywords>
      <text FeatureID="-1">video un TV</text>
      <target FeatureID="-1" href="IPTV_HLP_MAIN_STATE.html">Video un TV</target>
      <target FeatureID="-1" href="IPTV_HLP_VODCAST_MAIN.html">Videoplūsmas</target>
      <target FeatureID="-1" href="IPTV_HLP_SERVICE_SELECTION_VOD.html">Videopakalp. izvēle</target>
      <target FeatureID="-1" href="IPTV_HLP_VOD_CATEGORIES.html">Video kategorijas</target>
      <target FeatureID="-1" href="IPTV_HLP_VOD.html">Video demonstrēšana un lejupielāde</target>
      <target FeatureID="-1" href="IPTV_HLP_SCHEDULE_DOWNLOAD.html">Ieplānotas ielādes</target>
      <target FeatureID="-1" href="IPTV_HLP_STORAGE.html">Mani video</target>
      <target FeatureID="-1" href="IPTV_HLP_SERVICE_SEL_VODCAST.html">Videoplūsmu izvēle</target>
      <target FeatureID="-1" href="IPTV_HLP_ADD_SERVICE.html">Videoplūsmu pievienošana</target>
   </keywords>
   <keywords>
      <text FeatureID="-1">videoplūsmas</text>
      <target FeatureID="-1" href="IPTV_HLP_VODCAST_MAIN.html">Videoplūsmas</target>
      <target FeatureID="-1" href="IPTV_HLP_VOD_CATEGORIES.html">Video kategorijas</target>
      <target FeatureID="-1" href="IPTV_HLP_SERVICE_SEL_VODCAST.html">Videoplūsmu izvēle</target>
      <target FeatureID="-1" href="IPTV_HLP_ADD_SERVICE.html">Videoplūsmu pievienošana</target>
   </keywords>
   <keywords>
      <text FeatureID="-1">lejupielādes, videoklipi</text>
      <target FeatureID="-1" href="IPTV_HLP_VOD.html">Video demonstrēšana un lejupielāde</target>
      <target FeatureID="-1" href="IPTV_HLP_SCHEDULE_DOWNLOAD.html">Ieplānotas ielādes</target>
   </keywords>
   <keywords>
      <text FeatureID="-1">video un TV, uzstādījumi</text>
      <target FeatureID="-1" href="IPTV_HLP_SETTINGS.html">Video un TV uzstādījumi</target>
   </keywords>
   <keywords>
      <text FeatureID="-1">uzstādījumi, videoklipi</text>
      <target FeatureID="-1" href="IPTV_HLP_SETTINGS.html">Video un TV uzstādījumi</target>
   </keywords>
</keywords>