<?xml version="1.0" encoding="UTF-8"?>
<keywords>
   <keywords>
      <text FeatureID="-1">music suite</text>
      <target FeatureID="-1" href="MUS_HLP_MUSIC_SUITE_VIEW.html">Music suite</target>
   </keywords>
   <keywords>
      <text FeatureID="-1">lecteur audio</text>
      <target FeatureID="-1" href="MUS_HLP_TRACKS_VIEW.html">Morceaux</target>
      <target FeatureID="-1" href="MUS_HLP_CATEGORY_VIEW.html">Catégories de musique</target>
      <target FeatureID="-1" href="MUS_HLP_PODCAST_MAIN_VIEW.html">Podcasts</target>
      <target FeatureID="-1" href="MUS_HLP_PODCAST_EPISODES.html">Episodes de podcast</target>
      <target FeatureID="-1" href="MUS_HLP_PLAYLISTS_VIEW.html">Listes de lecture de musique</target>
      <target FeatureID="-1" href="MUS_HLP_DOWNLOAD_PLAYBACK_VIEW.html">Lire de la musique sur le Web</target>
      <target FeatureID="-1" href="MUS_HLP_PLAYBACK_VIEW.html">Écouter de la musique</target>
      <target FeatureID="-1" href="MUS_HLP_LIB_MAIN_VIEW.html">Musicothèque</target>
      <target FeatureID="-1" href="MUS_HLP_METADATA_EDITING.html">Modifier des informations sur un morceau</target>
      <target FeatureID="-1" href="MUS_HLP_ALBUM_ART_EDITING.html">Modifier le type d'album</target>
      <target FeatureID="-1" href="MUS_HLP_AUDIO_SETT.html">Paramètres audio</target>
   </keywords>
   <keywords>
      <text FeatureID="-1">podcasting</text>
      <target FeatureID="-1" href="MUS_HLP_PODCAST_MAIN_VIEW.html">Podcasts</target>
      <target FeatureID="-1" href="MUS_HLP_PODCAST_EPISODES.html">Episodes de podcast</target>
   </keywords>
   <keywords>
      <text FeatureID="-1">listes de lecture</text>
      <target FeatureID="-1" href="MUS_HLP_PLAYLISTS_VIEW.html">Listes de lecture de musique</target>
   </keywords>
   <keywords>
      <text FeatureID="-1">type d'album</text>
      <target FeatureID="-1" href="MUS_HLP_ALBUM_ART_EDITING.html">Modifier le type d'album</target>
   </keywords>
   <keywords>
      <text FeatureID="-1">amplificateur de graves</text>
      <target FeatureID="-1" href="MUS_HLP_AUDIO_SETT.html">Paramètres audio</target>
   </keywords>
   <keywords>
      <text FeatureID="-1">stéréo élargie</text>
      <target FeatureID="-1" href="MUS_HLP_AUDIO_SETT.html">Paramètres audio</target>
   </keywords>
</keywords>