<?xml version="1.0" encoding="UTF-8"?><?xml-stylesheet  href="../../theme/xsl/index2html.xslt" type="text/xsl"?>
<topics FeatureID="-1" title="Kamera" compressed="true">
   <topicref FeatureID="-1" href="LCAM_HLP_VIEWFINDER_PHOTO.html" navtitle="Snimite slike"/>
   <topicref FeatureID="-1" href="LCAM_HLP_LIGHT_SENSITIVITY.html" navtitle="Promena osetljivosti na svetlo"/>
   <topicref FeatureID="-1" href="LCAM_HLP_SETTINGS_PHOUSER.html" navtitle="Definišite scene"/>
   <topicref FeatureID="-1" href="LCAM_HLP_SCENES_PHOTO.html" navtitle="Scene za slike"/>
   <topicref FeatureID="-1" href="LCAM_HLP_SETTINGS.html" navtitle="Podešavanja kamere"/>
   <topicref FeatureID="-1" href="LCAM_HLP_SETTINGS_PHOTO.html" navtitle="Podešavanja slike"/>
   <topicref FeatureID="-1" href="LCAM_HLP_VIEWFINDER_VIDEO.html" navtitle="Snimanje video snimaka"/>
   <topicref FeatureID="-1" href="LCAM_HLP_SCENES_VIDEO.html" navtitle="Scene za video"/>
   <topicref FeatureID="-1" href="LCAM_HLP_SETTINGS_VIDEO.html" navtitle="Podešavanja videa"/>
   <topicref FeatureID="-1" href="LCAM_HLP_VIEWFINDER_VIDEO_EM.html" navtitle="Video snimci u aplikacijama"/>
   <topicref FeatureID="-1" href="LCAM_HLP_STANDBY_EM.html" navtitle="Neaktivna kamera"/>
   <topicref FeatureID="-1" href="LCAM_HLP_POST_VIDEO.html" navtitle="Reprodukcija video snimaka"/>
   <topicref FeatureID="-1" href="LCAM_HLP_VIEWFINDER_PHOTO_EM.html" navtitle="Slike u aplikacijama"/>
   <topicref FeatureID="-1" href="LCAM_HLP_POST_PHOTO.html" navtitle="Prikaz snimljenih slika"/>
</topics>