<?xml version="1.0" encoding="UTF-8"?>
<keywords>
   <keywords>
      <text FeatureID="-1">kamera</text>
      <target FeatureID="-1" href="LCAM_HLP_VIEWFINDER_PHOTO.html">Snimanje slika</target>
      <target FeatureID="false_410" href="LCAM_HLP_LIGHT_SENSITIVITY.html">Promena osetljivosti na svetlo</target>
      <target FeatureID="-1" href="LCAM_HLP_SCENES_PHOTO.html">Scene za slike</target>
      <target FeatureID="-1" href="LCAM_HLP_VIEWFINDER_VIDEO.html">Pravljenje video snimaka</target>
      <target FeatureID="false_410" href="LCAM_HLP_SCENES_VIDEO.html">Video scene</target>
      <target FeatureID="-1" href="LCAM_HLP_VIEWFINDER_VIDEO_EM.html">Video snimci u aplikacijama</target>
      <target FeatureID="false_410" href="LCAM_HLP_STANDYBY_EM.html">Neaktivna kamera</target>
      <target FeatureID="-1" href="LCAM_HLP_POST_VIDEO.html">Reprodukcija video snimaka</target>
      <target FeatureID="-1" href="LCAM_HLP_POST_PHOTO.html">Pregled snimljenih slika</target>
      <target FeatureID="true_132" href="LCAM_HLP_POST_SEQ.html">Pregledajte slike snimljene u nizu</target>
   </keywords>
   <keywords>
      <text FeatureID="-1">snimanje slika</text>
      <target FeatureID="-1" href="LCAM_HLP_VIEWFINDER_PHOTO.html">Snimanje slika</target>
   </keywords>
   <keywords>
      <text FeatureID="false_410">osetljivost na svetlost</text>
      <target FeatureID="false_410" href="LCAM_HLP_LIGHT_SENSITIVITY.html">Promena osetljivosti na svetlo</target>
   </keywords>
   <keywords>
      <text FeatureID="-1">scene za kameru</text>
      <target FeatureID="-1" href="LCAM_HLP_SETTINGS_PHOUSER.html">Definišite scene</target>
   </keywords>
   <keywords>
      <text FeatureID="-1">scene</text>
      <target FeatureID="-1" href="LCAM_HLP_SCENES_PHOTO.html">Scene za slike</target>
   </keywords>
   <keywords>
      <text FeatureID="-1">podešavanja kamere</text>
      <target FeatureID="-1" href="LCAM_HLP_SETTINGS.html">Podešavanja kamere</target>
   </keywords>
   <keywords>
      <text FeatureID="-1">kamera, podešavanja</text>
      <target FeatureID="-1" href="LCAM_HLP_SETTINGS_PHOTO.html">Podešavanja slike</target>
      <target FeatureID="-1" href="LCAM_HLP_SETTINGS_VIDEO.html">Podešavanja videa</target>
   </keywords>
   <keywords>
      <text FeatureID="-1">snimanje video snimaka</text>
      <target FeatureID="-1" href="LCAM_HLP_VIEWFINDER_VIDEO.html">Pravljenje video snimaka</target>
   </keywords>
   <keywords>
      <text FeatureID="false_410">video scene</text>
      <target FeatureID="false_410" href="LCAM_HLP_SCENES_VIDEO.html">Video scene</target>
   </keywords>
   <keywords>
      <text FeatureID="-1">video, podešavanja</text>
      <target FeatureID="-1" href="LCAM_HLP_SETTINGS_VIDEO.html">Podešavanja videa</target>
   </keywords>
   <keywords>
      <text FeatureID="-1">video snimci u aplikacijama</text>
      <target FeatureID="-1" href="LCAM_HLP_VIEWFINDER_VIDEO_EM.html">Video snimci u aplikacijama</target>
   </keywords>
   <keywords>
      <text FeatureID="-1">reprodukovanje video snimaka</text>
      <target FeatureID="-1" href="LCAM_HLP_POST_VIDEO.html">Reprodukcija video snimaka</target>
   </keywords>
   <keywords>
      <text FeatureID="-1">kamera u aplikacijama</text>
      <target FeatureID="-1" href="LCAM_HLP_VIEWFINDER_PHOTO_EM.html">Slike u aplikacijama</target>
   </keywords>
   <keywords>
      <text FeatureID="-1">pregledanje slika</text>
      <target FeatureID="-1" href="LCAM_HLP_POST_PHOTO.html">Pregled snimljenih slika</target>
   </keywords>
   <keywords>
      <text FeatureID="true_132">redni režim</text>
      <target FeatureID="true_132" href="LCAM_HLP_POST_SEQ.html">Pregledajte slike snimljene u nizu</target>
   </keywords>
</keywords>