<?xml version="1.0" encoding="UTF-8"?>
<keywords>
   <keywords>
      <text FeatureID="-1">kamera</text>
      <target FeatureID="-1" href="LCAM_HLP_VIEWFINDER_PHOTO.html">Snimite slike</target>
      <target FeatureID="-1" href="LCAM_HLP_LIGHT_SENSITIVITY.html">Promena osetljivosti na svetlo</target>
      <target FeatureID="-1" href="LCAM_HLP_SETTINGS_PHOUSER.html">Definišite scene</target>
      <target FeatureID="-1" href="LCAM_HLP_SCENES_PHOTO.html">Scene za slike</target>
      <target FeatureID="-1" href="LCAM_HLP_VIEWFINDER_VIDEO.html">Snimanje video snimaka</target>
      <target FeatureID="-1" href="LCAM_HLP_SCENES_VIDEO.html">Scene za video</target>
      <target FeatureID="-1" href="LCAM_HLP_VIEWFINDER_VIDEO_EM.html">Video snimci u aplikacijama</target>
      <target FeatureID="-1" href="LCAM_HLP_STANDBY_EM.html">Neaktivna kamera</target>
      <target FeatureID="-1" href="LCAM_HLP_POST_VIDEO.html">Reprodukcija video snimaka</target>
      <target FeatureID="-1" href="LCAM_HLP_POST_PHOTO.html">Prikaz snimljenih slika</target>
   </keywords>
   <keywords>
      <text FeatureID="-1">snimanje slika</text>
      <target FeatureID="-1" href="LCAM_HLP_VIEWFINDER_PHOTO.html">Snimite slike</target>
   </keywords>
   <keywords>
      <text FeatureID="-1">osetljivost na svetlo</text>
      <target FeatureID="-1" href="LCAM_HLP_LIGHT_SENSITIVITY.html">Promena osetljivosti na svetlo</target>
   </keywords>
   <keywords>
      <text FeatureID="-1">scene</text>
      <target FeatureID="-1" href="LCAM_HLP_SETTINGS_PHOUSER.html">Definišite scene</target>
      <target FeatureID="-1" href="LCAM_HLP_SCENES_PHOTO.html">Scene za slike</target>
   </keywords>
   <keywords>
      <text FeatureID="-1">podešavanja kamere</text>
      <target FeatureID="-1" href="LCAM_HLP_SETTINGS.html">Podešavanja kamere</target>
   </keywords>
   <keywords>
      <text FeatureID="-1">kamera, podešavanja</text>
      <target FeatureID="-1" href="LCAM_HLP_SETTINGS_PHOTO.html">Podešavanja slike</target>
      <target FeatureID="-1" href="LCAM_HLP_SETTINGS_VIDEO.html">Podešavanja videa</target>
   </keywords>
   <keywords>
      <text FeatureID="-1">snimanje videa</text>
      <target FeatureID="-1" href="LCAM_HLP_VIEWFINDER_VIDEO.html">Snimanje video snimaka</target>
   </keywords>
   <keywords>
      <text FeatureID="-1">scene za video</text>
      <target FeatureID="-1" href="LCAM_HLP_SCENES_VIDEO.html">Scene za video</target>
   </keywords>
   <keywords>
      <text FeatureID="-1">video, podešavanja</text>
      <target FeatureID="-1" href="LCAM_HLP_SETTINGS_VIDEO.html">Podešavanja videa</target>
   </keywords>
   <keywords>
      <text FeatureID="-1">video snimci u aplikacijama</text>
      <target FeatureID="-1" href="LCAM_HLP_VIEWFINDER_VIDEO_EM.html">Video snimci u aplikacijama</target>
   </keywords>
   <keywords>
      <text FeatureID="-1">reprodukovanje video snimaka</text>
      <target FeatureID="-1" href="LCAM_HLP_POST_VIDEO.html">Reprodukcija video snimaka</target>
   </keywords>
   <keywords>
      <text FeatureID="-1">kamera u aplikacijama</text>
      <target FeatureID="-1" href="LCAM_HLP_VIEWFINDER_PHOTO_EM.html">Slike u aplikacijama</target>
   </keywords>
   <keywords>
      <text FeatureID="-1">prikazivanje slika</text>
      <target FeatureID="-1" href="LCAM_HLP_POST_PHOTO.html">Prikaz snimljenih slika</target>
   </keywords>
</keywords>