<?xml version="1.0" encoding="UTF-8"?><?xml-stylesheet  href="../../theme/xsl/index2html.xslt" type="text/xsl"?>
<topics FeatureID="-1" title="Chat" compressed="true">
   <topicref FeatureID="-1" href="IMNG_HLP_SEARCHCHAT.html" navtitle="Søke etter chat-brukere"/>
   <topicref FeatureID="-1" href="IMNG_HLP_SAVED_VIEW.html" navtitle="Vise lagrede samtaler"/>
   <topicref FeatureID="-1" href="IMNG_HLP_SAVED_LIST.html" navtitle="Lagrede samtaler"/>
   <topicref FeatureID="-1" href="IMNG_HLP_IMCHAT.html" navtitle="Gruppe­samtaler"/>
   <topicref FeatureID="-1" href="IMNG_HLP_GROUP_EDIT.html" navtitle="Redig.rett. for gruppe"/>
   <topicref FeatureID="-1" href="IMNG_HLP_GROUP_BAN.html" navtitle="Utestenge chat-brukere fra grupper"/>
   <topicref FeatureID="-1" href="IMNG_HLP_CONT_OWN_DATA.html" navtitle="Mine data"/>
   <topicref FeatureID="-1" href="IMNG_HLP_COMMUNITY_VIEW_EMPTY.html" navtitle="Bruke chat"/>
   <topicref FeatureID="-1" href="IMNG_HLP_COMMUNITY_VIEW.html" navtitle="Chat-meldinger"/>
   <topicref FeatureID="-1" href="IMNG_HLP_BLOCKED_VIEW.html" navtitle="Blokkerte kontakter"/>
   <topicref FeatureID="-1" href="IMNG_HLP_SETTINGS.html" navtitle="Chat-innstillinger"/>
   <topicref FeatureID="-1" href="IMNG_HLP_SERVLISTSETT_IM.html" navtitle="Chat-servere"/>
   <topicref FeatureID="-1" href="IMNG_HLP_DEFSERVER.html" navtitle="Innstillinger for Chat-server"/>
   <topicref FeatureID="-1" href="IMNG_HLP_INVITE.html" navtitle="Chat-invitasjoner"/>
   <topicref FeatureID="-1" href="IMNG_HLP_CREATECHAT.html" navtitle="Chat-gruppe­innst."/>
   <topicref FeatureID="-1" href="IMNG_HLP_ACCLIST.html" navtitle="Chat-gruppe­medl."/>
   <topicref FeatureID="-1" href="IMNG_HLP_CONVERSATIONS.html" navtitle="Chat-samtaler"/>
   <topicref FeatureID="-1" href="IMNG_HLP_CONTACTDETAILS.html" navtitle="Chat-kontakt, detaljer"/>
   <topicref FeatureID="-1" href="IMNG_HLP_APPSETT.html" navtitle="Chat-progr.­innstillinger"/>
</topics>