<?xml version="1.0" encoding="UTF-8"?>
<keywords>
   <keywords>
      <text FeatureID="-1">søke etter chat-brukere</text>
      <target FeatureID="-1" href="IMNG_HLP_SEARCHCHAT.html">Søke etter chat-brukere</target>
   </keywords>
   <keywords>
      <text FeatureID="-1">chat-meldinger</text>
      <target FeatureID="-1" href="IMNG_HLP_SEARCHCHAT.html">Søke etter chat-brukere</target>
      <target FeatureID="-1" href="IMNG_HLP_SAVED_VIEW.html">Vise lagrede samtaler</target>
      <target FeatureID="-1" href="IMNG_HLP_SAVED_LIST.html">Lagrede samtaler</target>
      <target FeatureID="-1" href="IMNG_HLP_GROUP_EDIT.html">Redig.rett. for gruppe</target>
      <target FeatureID="-1" href="IMNG_HLP_GROUP_BAN.html">Utestenge chat-brukere fra grupper</target>
      <target FeatureID="-1" href="IMNG_HLP_CONT_OWN_DATA.html">Mine data</target>
      <target FeatureID="-1" href="IMNG_HLP_COMMUNITY_VIEW_EMPTY.html">Bruke chat</target>
      <target FeatureID="-1" href="IMNG_HLP_COMMUNITY_VIEW.html">Chat-meldinger</target>
      <target FeatureID="-1" href="IMNG_HLP_CREATECHAT.html">Chat-gruppe­innst.</target>
      <target FeatureID="-1" href="IMNG_HLP_ACCLIST.html">Chat-gruppe­medl.</target>
      <target FeatureID="-1" href="IMNG_HLP_CONVERSATIONS.html">Chat-samtaler</target>
      <target FeatureID="-1" href="IMNG_HLP_APPSETT.html">Chat-progr.­innstillinger</target>
   </keywords>
   <keywords>
      <text FeatureID="-1">søke etter chat-grupper</text>
      <target FeatureID="-1" href="IMNG_HLP_SEARCHCHAT.html">Søke etter chat-brukere</target>
   </keywords>
   <keywords>
      <text FeatureID="-1">lagrede samtaler</text>
      <target FeatureID="-1" href="IMNG_HLP_SAVED_LIST.html">Lagrede samtaler</target>
   </keywords>
   <keywords>
      <text FeatureID="-1">Chat-meldinger</text>
      <target FeatureID="-1" href="IMNG_HLP_IMCHAT.html">Gruppe­samtaler</target>
      <target FeatureID="-1" href="IMNG_HLP_CONTACTDETAILS.html">Chat-kontakt, detaljer</target>
   </keywords>
   <keywords>
      <text FeatureID="-1">bli med i chat-grupper</text>
      <target FeatureID="-1" href="IMNG_HLP_IMCHAT.html">Gruppe­samtaler</target>
   </keywords>
   <keywords>
      <text FeatureID="-1">redig.rettigheter</text>
      <target FeatureID="-1" href="IMNG_HLP_GROUP_EDIT.html">Redig.rett. for gruppe</target>
   </keywords>
   <keywords>
      <text FeatureID="-1">liste over utestengte</text>
      <target FeatureID="-1" href="IMNG_HLP_GROUP_BAN.html">Utestenge chat-brukere fra grupper</target>
   </keywords>
   <keywords>
      <text FeatureID="-1">Chat-gruppemedl.</text>
      <target FeatureID="-1" href="IMNG_HLP_GROUP_BAN.html">Utestenge chat-brukere fra grupper</target>
   </keywords>
   <keywords>
      <text FeatureID="-1">Chat-kontakter</text>
      <target FeatureID="-1" href="IMNG_HLP_CONT_OWN_DATA.html">Mine data</target>
      <target FeatureID="-1" href="IMNG_HLP_BLOCKED_VIEW.html">Blokkerte kontakter</target>
      <target FeatureID="-1" href="IMNG_HLP_CONTACTDETAILS.html">Chat-kontakt, detaljer</target>
   </keywords>
   <keywords>
      <text FeatureID="-1">Chat</text>
      <target FeatureID="-1" href="IMNG_HLP_COMMUNITY_VIEW_EMPTY.html">Bruke chat</target>
      <target FeatureID="-1" href="IMNG_HLP_COMMUNITY_VIEW.html">Chat-meldinger</target>
      <target FeatureID="-1" href="IMNG_HLP_CONVERSATIONS.html">Chat-samtaler</target>
   </keywords>
   <keywords>
      <text FeatureID="-1">blokkerte chat-kont.</text>
      <target FeatureID="-1" href="IMNG_HLP_BLOCKED_VIEW.html">Blokkerte kontakter</target>
   </keywords>
   <keywords>
      <text FeatureID="-1">Chat-innstillinger</text>
      <target FeatureID="-1" href="IMNG_HLP_SETTINGS.html">Chat-innstillinger</target>
      <target FeatureID="-1" href="IMNG_HLP_APPSETT.html">Chat-progr.­innstillinger</target>
   </keywords>
   <keywords>
      <text FeatureID="-1">chat-servere</text>
      <target FeatureID="-1" href="IMNG_HLP_SERVLISTSETT_IM.html">Chat-servere</target>
   </keywords>
   <keywords>
      <text FeatureID="-1">Innstillinger for Chat-server</text>
      <target FeatureID="-1" href="IMNG_HLP_DEFSERVER.html">Innstillinger for Chat-server</target>
   </keywords>
   <keywords>
      <text FeatureID="-1">serverinnstillinger</text>
      <target FeatureID="-1" href="IMNG_HLP_DEFSERVER.html">Innstillinger for Chat-server</target>
   </keywords>
   <keywords>
      <text FeatureID="-1">invitasjoner</text>
      <target FeatureID="-1" href="IMNG_HLP_INVITE.html">Chat-invitasjoner</target>
   </keywords>
   <keywords>
      <text FeatureID="-1">Chat-gruppe­innst.</text>
      <target FeatureID="-1" href="IMNG_HLP_CREATECHAT.html">Chat-gruppe­innst.</target>
   </keywords>
   <keywords>
      <text FeatureID="-1">Chat-gruppe­medl.</text>
      <target FeatureID="-1" href="IMNG_HLP_ACCLIST.html">Chat-gruppe­medl.</target>
   </keywords>
   <keywords>
      <text FeatureID="-1">samtaler</text>
      <target FeatureID="-1" href="IMNG_HLP_CONVERSATIONS.html">Chat-samtaler</target>
   </keywords>
</keywords>