<?xml version="1.0" encoding="UTF-8"?>
<keywords>
   <keywords>
      <text FeatureID="-1">setări, capac glisant</text>
      <target FeatureID="-1" href="SET_HLP_SETTINGS_KEYPAD_COVER.html">Setări utilizare capac glisant</target>
   </keywords>
   <keywords>
      <text FeatureID="-1">setări capac glisant</text>
      <target FeatureID="-1" href="SET_HLP_SETTINGS_KEYPAD_COVER.html">Setări utilizare capac glisant</target>
   </keywords>
   <keywords>
      <text FeatureID="-1">gestiunea aparatului</text>
      <target FeatureID="-1" href="CP_HLP_DEVICE_MANAGEMENT.html">Gestiunea aparatului</target>
   </keywords>
   <keywords>
      <text FeatureID="true_109">EAP (Extensible Authentication Protocol, protocol de autentificare simplu extensibil)</text>
      <target FeatureID="true_109" href="SET_HLP_WLAN_EAP_SIM.html">Setări EAP-SIM</target>
   </keywords>
   <keywords>
      <text FeatureID="true_109">setări, WLAN</text>
      <target FeatureID="true_109" href="SET_HLP_WLAN_EAP_SIM.html">Setări EAP-SIM</target>
   </keywords>
   <keywords>
      <text FeatureID="-1">restricţionare puncte de acces RVP</text>
      <target FeatureID="-1" href="ACL_HLP_MAIN.html">Restricţionare conexiuni</target>
   </keywords>
   <keywords>
      <text FeatureID="-1">setări conexiune</text>
      <target FeatureID="-1" href="SIP_HLP_PROF_PARAMS.html">Setările profilului SIP</target>
      <target FeatureID="-1" href="SIP_HLP_MAIN.html">Profiluri SIP</target>
      <target FeatureID="-1" href="SET_HLP_CONN_DEST_VIEW.html">Vizualizare destinaţii</target>
      <target FeatureID="-1" href="SET_HLP_DEFAULT_CONN.html">Conexiune implicită</target>
      <target FeatureID="-1" href="SET_HLP_CONN_METHODS_VIEW.html">Vizualizare puncte de acces</target>
      <target FeatureID="true_1581" href="RD_HLP_REMOTE_DRIVE_CONFIG.html">Setările comenzii la distanţă</target>
      <target FeatureID="true_1581" href="RD_HLP_REMOTE_DRIVES.html">Comenzi la distanţă</target>
   </keywords>
   <keywords>
      <text FeatureID="-1">Setări SIP</text>
      <target FeatureID="-1" href="SIP_HLP_PROF_PARAMS.html">Setările profilului SIP</target>
      <target FeatureID="-1" href="SIP_HLP_MAIN.html">Profiluri SIP</target>
      <target FeatureID="-1" href="SIP_HLP_PROXY_PARAMS.html">Setările proxy SIP</target>
      <target FeatureID="-1" href="SIP_HLP_REGISTRAR_PARAM.html">Setările serverului de înregistrare</target>
   </keywords>
   <keywords>
      <text FeatureID="-1">server de înregistrare</text>
      <target FeatureID="-1" href="SIP_HLP_REGISTRAR_PARAM.html">Setările serverului de înregistrare</target>
   </keywords>
   <keywords>
      <text FeatureID="-1">puncte de acces</text>
      <target FeatureID="-1" href="HLP_OCC_CONN_SETTINGS.html">Conexiuni de reţea </target>
      <target FeatureID="-1" href="SET_HLP_AP_SETTING_GPRS.html">Punct acces pachet date</target>
      <target FeatureID="true_109" href="SET_HLP_AP_SETTING_WLAN.html">Punct de acces WLAN</target>
   </keywords>
   <keywords>
      <text FeatureID="-1">setări, conexiune</text>
      <target FeatureID="-1" href="HLP_OCC_CONN_SETTINGS.html">Conexiuni de reţea </target>
   </keywords>
   <keywords>
      <text FeatureID="-1">setările destinaţiei</text>
      <target FeatureID="-1" href="SET_HLP_CONN_DEST_VIEW.html">Vizualizare destinaţii</target>
   </keywords>
   <keywords>
      <text FeatureID="-1">conexiune implicită</text>
      <target FeatureID="-1" href="SET_HLP_DEFAULT_CONN.html">Conexiune implicită</target>
   </keywords>
   <keywords>
      <text FeatureID="-1">Puncte de acces RVP</text>
      <target FeatureID="true_99" href="SET_HLP_VPN_DEST_ASSOC_VIEW.html">Conexiuni VPN</target>
      <target FeatureID="-1" href="SET_HLP_VPN_AP_SETTINGS_VIEW.html">Editarea punctelor de acces VPN</target>
   </keywords>
   <keywords>
      <text FeatureID="-1">puncte acces</text>
      <target FeatureID="-1" href="SET_HLP_CONN_METHODS_VIEW.html">Vizualizare puncte de acces</target>
   </keywords>
   <keywords>
      <text FeatureID="-1">conexiunile aplicaţiilor</text>
      <target FeatureID="-1" href="SET_HLP_APP_DEST_ASSOC_VIEW.html">Conexiunile aplicaţiilor</target>
   </keywords>
   <keywords>
      <text FeatureID="-1">setări aplicaţie</text>
      <target FeatureID="-1" href="CP_HLP_APPILICATION_SETTINGS.html">Setări aplicaţie</target>
   </keywords>
   <keywords>
      <text FeatureID="-1">apeluri, setări</text>
      <target FeatureID="-1" href="SCP_HLP_CALL.html">Setări apel</target>
   </keywords>
   <keywords>
      <text FeatureID="-1">setări, apeluri</text>
      <target FeatureID="-1" href="SCP_HLP_CALL.html">Setări apel</target>
   </keywords>
   <keywords>
      <text FeatureID="-1">conectivitate</text>
      <target FeatureID="-1" href="CP_HLP_CONNECTIVITY.html">Setări de conectivitate</target>
   </keywords>
   <keywords>
      <text FeatureID="-1">panou de comandă</text>
      <target FeatureID="-1" href="CP_HLP_DISPLAY.html">Setări afişaj</target>
      <target FeatureID="__DUAL_LANGUAGE_SUPPORT=true" href="CP_HLP_WRITING_LANGUAGE.html">Limba de scriere</target>
   </keywords>
   <keywords>
      <text FeatureID="-1">setări afişaj</text>
      <target FeatureID="-1" href="CP_HLP_DISPLAY.html">Setări afişaj</target>
   </keywords>
   <keywords>
      <text FeatureID="-1">setări generale</text>
      <target FeatureID="-1" href="CP_HLP_DEVICE.html">Setările aparatului</target>
   </keywords>
   <keywords>
      <text FeatureID="-1">setări aparat</text>
      <target FeatureID="-1" href="CP_HLP_DEVICE.html">Setările aparatului</target>
   </keywords>
   <keywords>
      <text FeatureID="-1">setări limbă</text>
      <target FeatureID="-1" href="CP_HLP_LANGUAGE.html">Setări limbă</target>
   </keywords>
   <keywords>
      <text FeatureID="-1">setări</text>
      <target FeatureID="-1" href="CP_HLP_MAIN_VIEW.html">Setări</target>
   </keywords>
   <keywords>
      <text FeatureID="-1">setări reţea</text>
      <target FeatureID="-1" href="CP_HLP_NETWORK.html">Setări reţea</target>
      <target FeatureID="-1" href="CP_HLP_NETWORK.html">Setări reţea</target>
   </keywords>
   <keywords>
      <text FeatureID="-1">profil</text>
      <target FeatureID="-1" href="CP_HLP_PERSONAL.html">Ecran personal</target>
   </keywords>
   <keywords>
      <text FeatureID="-1">temă</text>
      <target FeatureID="-1" href="CP_HLP_PERSONAL.html">Ecran personal</target>
   </keywords>
   <keywords>
      <text FeatureID="-1">mod de aşteptare</text>
      <target FeatureID="-1" href="CP_HLP_PERSONAL.html">Ecran personal</target>
   </keywords>
   <keywords>
      <text FeatureID="-1">siguranţă, setări</text>
      <target FeatureID="-1" href="CP_HLP_SECURITY.html">Setări de siguranţă</target>
   </keywords>
   <keywords>
      <text FeatureID="-1">setări, siguranţă</text>
      <target FeatureID="-1" href="CP_HLP_SECURITY.html">Setări de siguranţă</target>
   </keywords>
   <keywords>
      <text FeatureID="-1">aparat, blocare</text>
      <target FeatureID="-1" href="SET_HLP_SECURITY_DEVICE_SIM.html">Siguranţa aparatului</target>
   </keywords>
   <keywords>
      <text FeatureID="-1">siguranţă</text>
      <target FeatureID="-1" href="SET_HLP_SECURITY_DEVICE_SIM.html">Siguranţa aparatului</target>
   </keywords>
   <keywords>
      <text FeatureID="__DUAL_LANGUAGE_SUPPORT=true">limba de scriere</text>
      <target FeatureID="__DUAL_LANGUAGE_SUPPORT=true" href="CP_HLP_WRITING_LANGUAGE.html">Limba de scriere</target>
   </keywords>
   <keywords>
      <text FeatureID="-1">setări accesorii</text>
      <target FeatureID="-1" href="SET_HLP_ACCESSORIES_LIST.html">Setări accesorii</target>
      <target FeatureID="-1" href="SET_HLP_ACCESSORIES_HEADPHONE.html">Setările căştilor</target>
      <target FeatureID="-1" href="SET_HLP_ACCESSORIES_HEADSET.html">Setări set cu cască</target>
      <target FeatureID="-1" href="SET_HLP_ACCESS_WIRED_CK.html">Setări set auto cu fir</target>
      <target FeatureID="true_1032" href="SET_HLP_ACCESSORIES_TTY.html">Setări telefon text</target>
      <target FeatureID="true_1540" href="SET_HLP_ACCESSORIES_TVOUT.html">Setări ieşire TV</target>
   </keywords>
   <keywords>
      <text FeatureID="-1">punct acces pachet date</text>
      <target FeatureID="-1" href="SET_HLP_AP_SETTING_GPRS.html">Punct acces pachet date</target>
   </keywords>
   <keywords>
      <text FeatureID="-1">setări pach. date</text>
      <target FeatureID="-1" href="SET_HLP_AP_SETTING_GPRS_AS.html">Setări av. pach. date</target>
   </keywords>
   <keywords>
      <text FeatureID="-1">puncte acces pachet date</text>
      <target FeatureID="-1" href="SET_HLP_AP_SETTING_GPRS_AS.html">Setări av. pach. date</target>
   </keywords>
   <keywords>
      <text FeatureID="-1">RVP (reţea virtuală privată)</text>
      <target FeatureID="-1" href="SET_HLP_VPN_AP_SETTINGS_VIEW.html">Editarea punctelor de acces VPN</target>
   </keywords>
   <keywords>
      <text FeatureID="true_109">WLAN (reţea locală fără fir)</text>
      <target FeatureID="true_109" href="SET_HLP_AP_SETTING_WLAN.html">Punct de acces WLAN</target>
   </keywords>
   <keywords>
      <text FeatureID="-1">protecţia tastaturii</text>
      <target FeatureID="-1" href="CP_HLP_AUTOKEYGUARD.html">Protecţia automată a tastaturii</target>
   </keywords>
   <keywords>
      <text FeatureID="true_1581">comenzi la distanţă</text>
      <target FeatureID="true_1581" href="RD_HLP_REMOTE_DRIVE_CONFIG.html">Setările comenzii la distanţă</target>
      <target FeatureID="true_1581" href="RD_HLP_REMOTE_DRIVES.html">Comenzi la distanţă</target>
   </keywords>
   <keywords>
      <text FeatureID="-1">restricţii apel</text>
      <target FeatureID="-1" href="SET_HLP_BARRING_SETTINGS.html">Restricţionare apeluri telefonice</target>
      <target FeatureID="true_298" href="DIV_HLP_BARRING_MAIN.html">Restr. apel</target>
   </keywords>
   <keywords>
      <text FeatureID="-1">restricţ. apeluri</text>
      <target FeatureID="-1" href="SET_HLP_BARRING_SETTINGS.html">Restricţionare apeluri telefonice</target>
      <target FeatureID="true_298" href="DIV_HLP_BARRING_MAIN.html">Restr. apel</target>
   </keywords>
   <keywords>
      <text FeatureID="-1">devierea apelurilor</text>
      <target FeatureID="true_89" href="DIV_HLP_CALL_FORW_VID.html">Deviaţi apelurile video </target>
      <target FeatureID="-1" href="DIV_HLP_CALL_FORW_VOI.html">Deviere apeluri vocale</target>
   </keywords>
   <keywords>
      <text FeatureID="-1">redirecţionarea apelurilor</text>
      <target FeatureID="-1" href="DIV_HLP_CALL_FORW_MAIN.html">Redirecţionarea apelurilor</target>
   </keywords>
   <keywords>
      <text FeatureID="-1">redir. apeluri</text>
      <target FeatureID="-1" href="DIV_HLP_CALL_FORW_MAIN.html">Redirecţionarea apelurilor</target>
   </keywords>
   <keywords>
      <text FeatureID="-1">setări de sincronizare</text>
      <target FeatureID="-1" href="CP_HLP_SYNCHRONISATION.html">Setări de sincronizare</target>
   </keywords>
   <keywords>
      <text FeatureID="-1">instalare aplicaţii</text>
      <target FeatureID="-1" href="CP_HLP_INSTALLATIONS.html">Instalări</target>
   </keywords>
   <keywords>
      <text FeatureID="-1">setările căştilor</text>
      <target FeatureID="-1" href="SET_HLP_ACCESSORIES_HEADPHONE.html">Setările căştilor</target>
   </keywords>
   <keywords>
      <text FeatureID="-1">setări set cu cască</text>
      <target FeatureID="-1" href="SET_HLP_ACCESSORIES_HEADSET.html">Setări set cu cască</target>
   </keywords>
   <keywords>
      <text FeatureID="-1">setări set auto cu fir</text>
      <target FeatureID="-1" href="SET_HLP_ACCESS_WIRED_CK.html">Setări set auto cu fir</target>
   </keywords>
   <keywords>
      <text FeatureID="-1">setări set auto</text>
      <target FeatureID="-1" href="SET_HLP_ACCESS_WIRED_CK.html">Setări set auto cu fir</target>
   </keywords>
   <keywords>
      <text FeatureID="-1">suport muz., setări</text>
      <target FeatureID="-1" href="SET_HLP_ACCESSORIES_MUSIC_ST.html">Setările suport muz.</target>
   </keywords>
   <keywords>
      <text FeatureID="true_1032">Setări TTY</text>
      <target FeatureID="true_1032" href="SET_HLP_ACCESSORIES_TTY.html">Setări telefon text</target>
   </keywords>
   <keywords>
      <text FeatureID="true_1032">setări TDD</text>
      <target FeatureID="true_1032" href="SET_HLP_ACCESSORIES_TTY.html">Setări telefon text</target>
   </keywords>
   <keywords>
      <text FeatureID="true_1540">setări ieşire TV</text>
      <target FeatureID="true_1540" href="SET_HLP_ACCESSORIES_TVOUT.html">Setări ieşire TV</target>
   </keywords>
   <keywords>
      <text FeatureID="true_410">introducerea textului</text>
      <target FeatureID="true_410" href="PREDINPUT_HLP_VIRT_ITI_SETT.html">Setări de introducere</target>
   </keywords>
   <keywords>
      <text FeatureID="-1">introducere inteligentă text</text>
      <target FeatureID="-1" href="PREDINPUT_HLP_VIRTUAL_ITI.html">Metoda inteligentă de introducere a textului</target>
   </keywords>
   <keywords>
      <text FeatureID="-1">setări, restabilire</text>
      <target FeatureID="-1" href="SET_HLP_GENERAL_ORIG_SET.html">Restab. setări orig.</target>
   </keywords>
   <keywords>
      <text FeatureID="-1">restaurare setări</text>
      <target FeatureID="-1" href="SET_HLP_GENERAL_ORIG_SET.html">Restab. setări orig.</target>
   </keywords>
   <keywords>
      <text FeatureID="-1">setări din fabrică, restaurare</text>
      <target FeatureID="-1" href="SET_HLP_GENERAL_ORIG_SET.html">Restab. setări orig.</target>
   </keywords>
</keywords>