<?xml version="1.0" encoding="UTF-8"?><?xml-stylesheet  href="../../theme/xsl/index2html.xslt" type="text/xsl"?>
<topics FeatureID="-1" title="Quickoffice" compressed="true">
   <topicref FeatureID="-1" href="QFM_HLP_FILE_MENU.html" navtitle="Gestionnaire de fichiers"/>
   <topicref FeatureID="-1" href="QFM_HLP_LOC_MENU.html" navtitle="Quickoffice"/>
   <topicref FeatureID="-1" href="QPOINT_HLP_FIND_VIEW.html" navtitle="Chercher le plan du texte"/>
   <topicref FeatureID="-1" href="QPOINT_HLP_VIEW_NOTES_VIEW.html" navtitle="Afficher les notes"/>
   <topicref FeatureID="-1" href="QPOINT_HLP_VIEW_OUTLINE_VIEW.html" navtitle="Afficher les plans"/>
   <topicref FeatureID="-1" href="QPOINT_HLP_VIEW_SLIDE_VIEW.html" navtitle="Afficher les diapositives"/>
   <topicref FeatureID="-1" href="QSHEET_HLP_FIND_VIEW.html" navtitle="Chercher du texte dans une feuille de calcul"/>
   <topicref FeatureID="-1" href="QSHEET_HLP_VIEW_CELL.html" navtitle="Afficher les cellules"/>
   <topicref FeatureID="-1" href="QSHEET_HLP_CELLS_VIEW.html" navtitle="Affich. feuil. calcul"/>
   <topicref FeatureID="-1" href="QWORD_HLP_FIND_MODE.html" navtitle="Rechercher du texte"/>
   <topicref FeatureID="-1" href="QWORD_HLP_VIEW_MODE.html" navtitle="Afficher les documents"/>
   <topicref FeatureID="-1" href="QWORD_HLP_PAGE_VIEW.html" navtitle="Afficher la mise en page"/>
</topics>