<?xml version="1.0" encoding="UTF-8"?>
<keywords>
   <keywords>
      <text FeatureID="-1">Quickoffice, gestionnaire de fichiers</text>
      <target FeatureID="-1" href="QFM_HLP_FILE_MENU.html">Gestionnaire de fichiers</target>
   </keywords>
   <keywords>
      <text FeatureID="-1">Quickoffice</text>
      <target FeatureID="-1" href="QFM_HLP_LOC_MENU.html">Quickoffice</target>
   </keywords>
   <keywords>
      <text FeatureID="-1">Quickpoint, chercher le texte</text>
      <target FeatureID="-1" href="QPOINT_HLP_FIND_VIEW.html">Chercher le plan du texte</target>
   </keywords>
   <keywords>
      <text FeatureID="-1">Quickpoint, notes</text>
      <target FeatureID="-1" href="QPOINT_HLP_VIEW_NOTES_VIEW.html">Afficher les notes</target>
   </keywords>
   <keywords>
      <text FeatureID="-1">Quickpoint, plans</text>
      <target FeatureID="-1" href="QPOINT_HLP_VIEW_OUTLINE_VIEW.html">Afficher les plans</target>
   </keywords>
   <keywords>
      <text FeatureID="-1">Quickpoint</text>
      <target FeatureID="-1" href="QPOINT_HLP_VIEW_SLIDE_VIEW.html">Afficher les diapositives</target>
   </keywords>
   <keywords>
      <text FeatureID="-1">Quicksheet, rechercher du texte</text>
      <target FeatureID="-1" href="QSHEET_HLP_FIND_VIEW.html">Chercher du texte dans une feuille de calcul</target>
   </keywords>
   <keywords>
      <text FeatureID="-1">Quicksheet, cellules</text>
      <target FeatureID="-1" href="QSHEET_HLP_VIEW_CELL.html">Afficher les cellules</target>
   </keywords>
   <keywords>
      <text FeatureID="-1">Quickword, rechercher du texte</text>
      <target FeatureID="-1" href="QWORD_HLP_FIND_MODE.html">Rechercher du texte</target>
   </keywords>
   <keywords>
      <text FeatureID="-1">Quickword</text>
      <target FeatureID="-1" href="QWORD_HLP_VIEW_MODE.html">Afficher les documents</target>
   </keywords>
   <keywords>
      <text FeatureID="-1">Quickword, mise en page</text>
      <target FeatureID="-1" href="QWORD_HLP_PAGE_VIEW.html">Afficher la mise en page</target>
   </keywords>
</keywords>