<?xml version="1.0" encoding="UTF-8"?>
<keywords>
   <keywords>
      <text FeatureID="-1">Quickoffice, gestionnaire de fichiers</text>
      <target FeatureID="-1" href="QFM_HLP_FILE_MENU.html">Gestionnaire de fichiers</target>
   </keywords>
   <keywords>
      <text FeatureID="-1">Quickoffice</text>
      <target FeatureID="-1" href="QFM_HLP_LOC_MENU.html">Quickoffice</target>
   </keywords>
   <keywords>
      <text FeatureID="-1">Quickpoint</text>
      <target FeatureID="-1" href="QPOINT_HLP_EDIT_SLIDE_VIEW.html">Modifier des diapositives</target>
      <target FeatureID="-1" href="QPOINT_HLP_REPLACE_VIEW.html">Rechercher et remplacer du texte</target>
      <target FeatureID="-1" href="QPOINT_HLP_FIND_VIEW.html">Rechercher du texte</target>
      <target FeatureID="-1" href="QPOINT_HLP_VIEW_SLIDE_VIEW.html">Afficher les diapositives</target>
   </keywords>
   <keywords>
      <text FeatureID="-1">Quickpoint, texte</text>
      <target FeatureID="-1" href="QPOINT_HLP_EDIT_TEXT_VIEW.html">Modifier du texte</target>
   </keywords>
   <keywords>
      <text FeatureID="-1">Quickpoint, commentaires</text>
      <target FeatureID="-1" href="QPOINT_HLP_COMMENT_VIEW.html">Afficher commentaires</target>
   </keywords>
   <keywords>
      <text FeatureID="-1">Quickpoint, notes</text>
      <target FeatureID="-1" href="QPOINT_HLP_VIEW_NOTES_VIEW.html">Afficher les notes</target>
   </keywords>
   <keywords>
      <text FeatureID="-1">Quickpoint, plans</text>
      <target FeatureID="-1" href="QPOINT_HLP_VIEW_OUTLINE_VIEW.html">Afficher les plans</target>
   </keywords>
   <keywords>
      <text FeatureID="-1">Quicksheet, cellules</text>
      <target FeatureID="-1" href="QSHEET_HLP_CELLS_EDIT.html">Modifier des cellules</target>
      <target FeatureID="-1" href="QSHEET_HLP_VIEW_CELL.html">Afficher les cellules</target>
   </keywords>
   <keywords>
      <text FeatureID="-1">Quicksheet, colonnes</text>
      <target FeatureID="-1" href="QSHEET_HLP_EDIT_COLUMN.html">Modifier des colonnes</target>
   </keywords>
   <keywords>
      <text FeatureID="-1">Quicksheet, plages</text>
      <target FeatureID="-1" href="QSHEET_HLP_EDIT_RANGE.html">Modifier des plages</target>
   </keywords>
   <keywords>
      <text FeatureID="-1">Quicksheet, lignes</text>
      <target FeatureID="-1" href="QSHEET_HLP_EDIT_ROW.html">Modifier des lignes</target>
   </keywords>
   <keywords>
      <text FeatureID="-1">Quicksheet</text>
      <target FeatureID="-1" href="QSHEET_HLP_REPLACE_VIEW.html">Rechercher et remplacer du texte</target>
      <target FeatureID="-1" href="QSHEET_HLP_FIND_VIEW.html">Rechercher du texte</target>
      <target FeatureID="-1" href="QSHEET_HLP_CELLS_VIEW.html">Affich. feuil. calcul</target>
   </keywords>
   <keywords>
      <text FeatureID="-1">Quickword</text>
      <target FeatureID="-1" href="QWORD_HLP_EDIT_MODE.html">Modifier des documents</target>
      <target FeatureID="-1" href="QWORD_HLP_FIND_MODE.html">Rechercher et remplacer du texte</target>
      <target FeatureID="-1" href="QWORD_HLP_VIEW_MODE.html">Afficher les documents</target>
      <target FeatureID="-1" href="QWORD_HLP_PAGE_VIEW.html">Afficher la mise en page</target>
   </keywords>
</keywords>