<?xml version="1.0" encoding="UTF-8"?>
<keywords>
   <keywords>
      <text FeatureID="-1">temas</text>
      <target FeatureID="-1" href="SKINS_HLP_LIST.html">Temas xerais</target>
      <target FeatureID="-1" href="SCREENSAVER_HLP_WP_SETTINGS.html">Axustes de presentación de diapositivas de fondo</target>
      <target FeatureID="-1" href="SKINS_HLP_WP_SETTINGS.html">Axustes de fondo</target>
      <target FeatureID="true_1503" href="SKINS_HLP_CIMAGE_SETTINGS.html">Selección dunha imaxe de chamada</target>
      <target FeatureID="-1" href="SKINS_HLP_APPSHELL.html">Axustes de vista de Menú</target>
      <target FeatureID="-1" href="SKINS_HLP_APP_MAIN.html">Personalización da pantalla</target>
      <target FeatureID="-1" href="SKINS_HLP_APPSKINS_LIST.html">Temas de aplicación</target>
   </keywords>
   <keywords>
      <text FeatureID="-1">fondo de presentación de diapositivas</text>
      <target FeatureID="-1" href="SCREENSAVER_HLP_WP_SETTINGS.html">Axustes de presentación de diapositivas de fondo</target>
   </keywords>
   <keywords>
      <text FeatureID="-1">axustes de presentación de diapositivas</text>
      <target FeatureID="-1" href="SCREENSAVER_HLP_WP_SETTINGS.html">Axustes de presentación de diapositivas de fondo</target>
   </keywords>
   <keywords>
      <text FeatureID="-1">axustes de fondo</text>
      <target FeatureID="-1" href="SKINS_HLP_WP_SETTINGS.html">Axustes de fondo</target>
   </keywords>
   <keywords>
      <text FeatureID="-1">imaxe de fondo</text>
      <target FeatureID="-1" href="SKINS_HLP_WP_SETTINGS.html">Axustes de fondo</target>
   </keywords>
   <keywords>
      <text FeatureID="-1">salvapantallas</text>
      <target FeatureID="-1" href="SKINS_HLP_SCREENS_SETTINGS.html">Axustes do salvapantallas</target>
   </keywords>
   <keywords>
      <text FeatureID="true_1503">axustes de imaxe de chamada</text>
      <target FeatureID="true_1503" href="SKINS_HLP_CIMAGE_SETTINGS.html">Selección dunha imaxe de chamada</target>
   </keywords>
   <keywords>
      <text FeatureID="-1">menús</text>
      <target FeatureID="-1" href="SKINS_HLP_APPSHELL.html">Axustes de vista de Menú</target>
   </keywords>
   <keywords>
      <text FeatureID="-1">imaxe do fondo</text>
      <target FeatureID="-1" href="SKINS_HLP_APP_MAIN.html">Personalización da pantalla</target>
   </keywords>
</keywords>