<?xml version="1.0" encoding="UTF-8"?>
<keywords>
   <keywords>
      <text FeatureID="-1">e-mail, nastavení účtu</text>
      <target FeatureID="-1" href="FSE_HLP_IMS_SETTINGS_ACCT_INFO.html">Nastavení e-mailového účtu</target>
   </keywords>
   <keywords>
      <text FeatureID="-1">rozšířená nastavení schránky</text>
      <target FeatureID="-1" href="FSE_HLP_IMS_SETTINGS_ADVANCED.html">Pokročilá nastavení schránky</target>
   </keywords>
   <keywords>
      <text FeatureID="-1">nastavení schránky</text>
      <target FeatureID="-1" href="FSE_HLP_IMS_SETTINGS_MAILBOX.html">Nastavení schránky</target>
   </keywords>
   <keywords>
      <text FeatureID="-1">synchronizace obsahu e-mailu</text>
      <target FeatureID="-1" href="FSE_HLP_IMS_SETTINGS_WHAT_SYNC.html">Definování obsahu pro synchronizaci</target>
   </keywords>
   <keywords>
      <text FeatureID="-1">čas synchronizace e-mailu</text>
      <target FeatureID="-1" href="FSE_HLP_IMS_SETTINGS_WHEN_SYNC.html">Definování času synchronizace</target>
   </keywords>
   <keywords>
      <text FeatureID="-1">synchronizace složek e-mailu</text>
      <target FeatureID="-1" href="FSE_HLP_IMS_SETTINGS_FOLDER.html">Synchronizace e-mailových složek</target>
   </keywords>
   <keywords>
      <text FeatureID="-1">e-mail, nastavení služby</text>
      <target FeatureID="-1" href="FSE_HLP_SETTINGS_INTELL_LIST.html">Nastavení služby e-mailu</target>
   </keywords>
   <keywords>
      <text FeatureID="-1">e-mail, nastavení</text>
      <target FeatureID="-1" href="FSE_HLP_IMS_SETTINGS_MAIN_VIEW.html">Nastavení E-mailu</target>
   </keywords>
   <keywords>
      <text FeatureID="-1">Intellisync</text>
      <target FeatureID="-1" href="FSE_HLP_IMS_LAUNCHER_MAIN_VIEW.html">E-mail aplikace Intellisync</target>
   </keywords>
</keywords>