<?xml version="1.0" encoding="UTF-8"?><?xml-stylesheet  href="../../theme/xsl/index2html.xslt" type="text/xsl"?>
<topics FeatureID="-1" title="Chat" compressed="true">
   <topicref FeatureID="-1" href="IMNG_HLP_SEARCHCHAT.html" navtitle="Vyhľadanie užívateľov služby Chat"/>
   <topicref FeatureID="-1" href="IMNG_HLP_SAVED_VIEW.html" navtitle="Prezeranie uložených diskusií"/>
   <topicref FeatureID="-1" href="IMNG_HLP_SAVED_LIST.html" navtitle="Uložené diskusie"/>
   <topicref FeatureID="-1" href="IMNG_HLP_IMCHAT.html" navtitle="Skupinové diskusie"/>
   <topicref FeatureID="-1" href="IMNG_HLP_GROUP_EDIT.html" navtitle="Právo úpravy v skupine"/>
   <topicref FeatureID="-1" href="IMNG_HLP_GROUP_BAN.html" navtitle="Zákaz pripojenia užívateľov chatu ku skupinám"/>
   <topicref FeatureID="-1" href="IMNG_HLP_CONT_OWN_DATA.html" navtitle="Moje dáta"/>
   <topicref FeatureID="-1" href="IMNG_HLP_COMMUNITY_VIEW_EMPTY.html" navtitle="Začíname používať službu Chat"/>
   <topicref FeatureID="-1" href="IMNG_HLP_COMMUNITY_VIEW.html" navtitle="Chat"/>
   <topicref FeatureID="-1" href="IMNG_HLP_BLOCKED_VIEW.html" navtitle="Zablokované kontakty"/>
   <topicref FeatureID="-1" href="IMNG_HLP_SETTINGS.html" navtitle="Nastavenia chatu"/>
   <topicref FeatureID="-1" href="IMNG_HLP_SERVLISTSETT_IM.html" navtitle="Chatové servery"/>
   <topicref FeatureID="-1" href="IMNG_HLP_DEFSERVER.html" navtitle="Nastavenia servera IM"/>
   <topicref FeatureID="-1" href="IMNG_HLP_INVITE.html" navtitle="Pozvania do chatovej diskusie"/>
   <topicref FeatureID="-1" href="IMNG_HLP_CREATECHAT.html" navtitle="Nastavenia chatovej skupiny"/>
   <topicref FeatureID="-1" href="IMNG_HLP_ACCLIST.html" navtitle="Členovia chatových skupín"/>
   <topicref FeatureID="-1" href="IMNG_HLP_CONVERSATIONS.html" navtitle="Chatové diskusie"/>
   <topicref FeatureID="-1" href="IMNG_HLP_CONTACTDETAILS.html" navtitle="Info o chatových kontaktoch"/>
   <topicref FeatureID="-1" href="IMNG_HLP_APPSETT.html" navtitle="Nastavenia aplikácie Chat"/>
</topics>