<?xml version="1.0" encoding="UTF-8"?>
<keywords>
   <keywords>
      <text FeatureID="-1">vyhľadanie užívateľov služby Chat</text>
      <target FeatureID="-1" href="IMNG_HLP_SEARCHCHAT.html">Vyhľadanie užívateľov služby Chat</target>
   </keywords>
   <keywords>
      <text FeatureID="-1">chat</text>
      <target FeatureID="-1" href="IMNG_HLP_SEARCHCHAT.html">Vyhľadanie užívateľov služby Chat</target>
      <target FeatureID="-1" href="IMNG_HLP_SAVED_VIEW.html">Prezeranie uložených diskusií</target>
      <target FeatureID="-1" href="IMNG_HLP_SAVED_LIST.html">Uložené diskusie</target>
      <target FeatureID="-1" href="IMNG_HLP_GROUP_EDIT.html">Právo úpravy v skupine</target>
      <target FeatureID="-1" href="IMNG_HLP_GROUP_BAN.html">Zákaz pripojenia užívateľov chatu ku skupinám</target>
      <target FeatureID="-1" href="IMNG_HLP_CONT_OWN_DATA.html">Moje dáta</target>
      <target FeatureID="-1" href="IMNG_HLP_COMMUNITY_VIEW_EMPTY.html">Začíname používať službu Chat</target>
      <target FeatureID="-1" href="IMNG_HLP_COMMUNITY_VIEW_EMPTY.html">Začíname používať službu Chat</target>
      <target FeatureID="-1" href="IMNG_HLP_COMMUNITY_VIEW.html">Chat</target>
      <target FeatureID="-1" href="IMNG_HLP_COMMUNITY_VIEW.html">Chat</target>
      <target FeatureID="-1" href="IMNG_HLP_CREATECHAT.html">Nastavenia chatovej skupiny</target>
      <target FeatureID="-1" href="IMNG_HLP_ACCLIST.html">Členovia chatových skupín</target>
      <target FeatureID="-1" href="IMNG_HLP_CONVERSATIONS.html">Chatové diskusie</target>
      <target FeatureID="-1" href="IMNG_HLP_CONVERSATIONS.html">Chatové diskusie</target>
      <target FeatureID="-1" href="IMNG_HLP_APPSETT.html">Nastavenia aplikácie Chat</target>
   </keywords>
   <keywords>
      <text FeatureID="-1">vyhľadanie chatových skupín</text>
      <target FeatureID="-1" href="IMNG_HLP_SEARCHCHAT.html">Vyhľadanie užívateľov služby Chat</target>
   </keywords>
   <keywords>
      <text FeatureID="-1">uložené diskusie</text>
      <target FeatureID="-1" href="IMNG_HLP_SAVED_LIST.html">Uložené diskusie</target>
   </keywords>
   <keywords>
      <text FeatureID="-1">chat (okamžité správy)</text>
      <target FeatureID="-1" href="IMNG_HLP_IMCHAT.html">Skupinové diskusie</target>
   </keywords>
   <keywords>
      <text FeatureID="-1">pridať sa k chatovým skupinám</text>
      <target FeatureID="-1" href="IMNG_HLP_IMCHAT.html">Skupinové diskusie</target>
   </keywords>
   <keywords>
      <text FeatureID="-1">právo úpravy</text>
      <target FeatureID="-1" href="IMNG_HLP_GROUP_EDIT.html">Právo úpravy v skupine</target>
   </keywords>
   <keywords>
      <text FeatureID="-1">zoznam zakázaných</text>
      <target FeatureID="-1" href="IMNG_HLP_GROUP_BAN.html">Zákaz pripojenia užívateľov chatu ku skupinám</target>
   </keywords>
   <keywords>
      <text FeatureID="-1">Členovia chatových skupín</text>
      <target FeatureID="-1" href="IMNG_HLP_GROUP_BAN.html">Zákaz pripojenia užívateľov chatu ku skupinám</target>
      <target FeatureID="-1" href="IMNG_HLP_ACCLIST.html">Členovia chatových skupín</target>
   </keywords>
   <keywords>
      <text FeatureID="-1">chatové kontakty</text>
      <target FeatureID="-1" href="IMNG_HLP_CONT_OWN_DATA.html">Moje dáta</target>
      <target FeatureID="-1" href="IMNG_HLP_BLOCKED_VIEW.html">Zablokované kontakty</target>
      <target FeatureID="-1" href="IMNG_HLP_CONTACTDETAILS.html">Info o chatových kontaktoch</target>
   </keywords>
   <keywords>
      <text FeatureID="-1">zablokované chatové kontakty</text>
      <target FeatureID="-1" href="IMNG_HLP_BLOCKED_VIEW.html">Zablokované kontakty</target>
   </keywords>
   <keywords>
      <text FeatureID="-1">nastavenia chatu</text>
      <target FeatureID="-1" href="IMNG_HLP_SETTINGS.html">Nastavenia chatu</target>
      <target FeatureID="-1" href="IMNG_HLP_APPSETT.html">Nastavenia aplikácie Chat</target>
   </keywords>
   <keywords>
      <text FeatureID="-1">chatové servery</text>
      <target FeatureID="-1" href="IMNG_HLP_SERVLISTSETT_IM.html">Chatové servery</target>
   </keywords>
   <keywords>
      <text FeatureID="-1">Nastavenia servera IM</text>
      <target FeatureID="-1" href="IMNG_HLP_DEFSERVER.html">Nastavenia servera IM</target>
   </keywords>
   <keywords>
      <text FeatureID="-1">nastavenia servera</text>
      <target FeatureID="-1" href="IMNG_HLP_DEFSERVER.html">Nastavenia servera IM</target>
   </keywords>
   <keywords>
      <text FeatureID="-1">pozvania</text>
      <target FeatureID="-1" href="IMNG_HLP_INVITE.html">Pozvania do chatovej diskusie</target>
   </keywords>
   <keywords>
      <text FeatureID="-1">nastavenia chatovej skupiny</text>
      <target FeatureID="-1" href="IMNG_HLP_CREATECHAT.html">Nastavenia chatovej skupiny</target>
   </keywords>
   <keywords>
      <text FeatureID="-1">diskusie</text>
      <target FeatureID="-1" href="IMNG_HLP_CONVERSATIONS.html">Chatové diskusie</target>
   </keywords>
   <keywords>
      <text FeatureID="-1">Chat</text>
      <target FeatureID="-1" href="IMNG_HLP_CONTACTDETAILS.html">Info o chatových kontaktoch</target>
   </keywords>
</keywords>