<?xml version="1.0" encoding="UTF-8"?>
<keywords>
   <keywords>
      <text FeatureID="true_11008 false_11008">prietaiso registravimas</text>
      <target FeatureID="true_11008" href="DRM_HLP_REGISTRATION_METERING.html">Prietaiso registravimas</target>
      <target FeatureID="false_11008" href="DRM_HLP_REGISTRATION.html">Prietaiso registravimas</target>
   </keywords>
   <keywords>
      <text FeatureID="true_11008">automatiškai suteikiamų teisių įgijimas</text>
      <target FeatureID="true_11008" href="DRM_HLP_REGISTRATION_METERING.html">Prietaiso registravimas</target>
   </keywords>
   <keywords>
      <text FeatureID="true_11008">matavimas</text>
      <target FeatureID="true_11008" href="DRM_HLP_REGISTRATION_METERING.html">Prietaiso registravimas</target>
   </keywords>
</keywords>