<?xml version="1.0" encoding="UTF-8"?>
<keywords>
   <keywords>
      <text FeatureID="-1">conteúdo a ser compartilhado</text>
      <target FeatureID="-1" href="UPNP_HLP_SHARE_CONTENT.html">Selecionar conteúdo a ser compartilhado</target>
   </keywords>
   <keywords>
      <text FeatureID="-1">mídia doméstica</text>
      <target FeatureID="-1" href="UPNP_HLP_SHARE_CONTENT.html">Selecionar conteúdo a ser compartilhado</target>
      <target FeatureID="-1" href="UPNP_HLP_SHARING_PROP.html">Configurações de compartilhamento</target>
      <target FeatureID="-1" href="UPNP_HLP_MAIN_VIEW.html">Mídia local</target>
      <target FeatureID="-1" href="UPNP_HLP_MAIN_EXTERNAL.html">Dispositivos de mídia domésticos</target>
      <target FeatureID="-1" href="UPNP_HLP_CONTENT_VIEW.html">Arquivos de mídia domésticos</target>
      <target FeatureID="-1" href="UPNP_HLP_REMOTE_DEVICES.html">Pastas de mídia domésticas</target>
      <target FeatureID="-1" href="UPNP_HLP_SEARCH.html">Results. busca</target>
   </keywords>
   <keywords>
      <text FeatureID="-1">compartilhar imagens e vídeos</text>
      <target FeatureID="-1" href="UPNP_HLP_SHARE_CONTENT.html">Selecionar conteúdo a ser compartilhado</target>
   </keywords>
   <keywords>
      <text FeatureID="-1">compartilhar arquivos de mídia</text>
      <target FeatureID="-1" href="UPNP_HLP_SHARING_PROP.html">Configurações de compartilhamento</target>
      <target FeatureID="-1" href="UPNP_HLP_MAIN_VIEW.html">Mídia local</target>
      <target FeatureID="-1" href="UPNP_HLP_MAIN_EXTERNAL.html">Dispositivos de mídia domésticos</target>
      <target FeatureID="-1" href="UPNP_HLP_CONTENT_VIEW.html">Arquivos de mídia domésticos</target>
      <target FeatureID="-1" href="UPNP_HLP_REMOTE_DEVICES.html">Pastas de mídia domésticas</target>
      <target FeatureID="-1" href="UPNP_HLP_SEARCH.html">Results. busca</target>
   </keywords>
   <keywords>
      <text FeatureID="-1">ver arquivos em dispositivo remoto</text>
      <target FeatureID="-1" href="UPNP_HLP_SHARING_PROP.html">Configurações de compartilhamento</target>
      <target FeatureID="-1" href="UPNP_HLP_MAIN_VIEW.html">Mídia local</target>
      <target FeatureID="-1" href="UPNP_HLP_MAIN_EXTERNAL.html">Dispositivos de mídia domésticos</target>
      <target FeatureID="-1" href="UPNP_HLP_CONTENT_VIEW.html">Arquivos de mídia domésticos</target>
      <target FeatureID="-1" href="UPNP_HLP_REMOTE_DEVICES.html">Pastas de mídia domésticas</target>
      <target FeatureID="-1" href="UPNP_HLP_SEARCH.html">Results. busca</target>
   </keywords>
   <keywords>
      <text FeatureID="-1">propriedades de compartilhamento</text>
      <target FeatureID="-1" href="UPNP_HLP_SHARING_PROP.html">Configurações de compartilhamento</target>
   </keywords>
</keywords>