<?xml version="1.0" encoding="UTF-8"?>
<keywords>
   <keywords>
      <text FeatureID="-1">методи на локализация</text>
      <target FeatureID="-1" href="LOC_HLP_SETTINGS.html">Настройки за локализация</target>
   </keywords>
   <keywords>
      <text FeatureID="-1">сървър за локализация</text>
      <target FeatureID="-1" href="LOC_HLP_SETTINGS.html">Настройки за локализация</target>
   </keywords>
   <keywords>
      <text FeatureID="-1">предпочитания за нотация</text>
      <target FeatureID="-1" href="LOC_HLP_SETTINGS.html">Настройки за локализация</target>
   </keywords>
</keywords>