<?xml version="1.0" encoding="UTF-8"?>
<keywords>
   <keywords>
      <text FeatureID="-1">flokkar leiðarmerkja</text>
      <target FeatureID="-1" href="LM_HLP_LM_BY_CATEGORY.html">Flokkar leiðarmerkja</target>
      <target FeatureID="-1" href="LM_HLP_EDIT_CATEGORIES.html">Leiðarm.fl. breytt</target>
   </keywords>
   <keywords>
      <text FeatureID="-1">leiðarmerki</text>
      <target FeatureID="-1" href="LM_HLP_LM_BY_NAME.html">Leiðarmerki eftir heiti</target>
      <target FeatureID="-1" href="LM_HLP_CATEGORY_CONTENTS.html">Leiðarmerki í flokkum</target>
      <target FeatureID="-1" href="LM_HLP_LM_VIEWER.html">Nákvæmar upplýsingar leiðarmerkja</target>
   </keywords>
   <keywords>
      <text FeatureID="-1">leiðarmerkjum breytt</text>
      <target FeatureID="-1" href="LM_HLP_LM_EDITOR.html">Leiðarmerki breytt</target>
   </keywords>
</keywords>