<?xml version="1.0" encoding="UTF-8"?>
<keywords>
   <keywords>
      <text FeatureID="-1">начален екран</text>
      <target FeatureID="-1" href="SET_HLP_HOME_SCREEN.html">Начален екран</target>
      <target FeatureID="-1" href="SET_HLP_HOME_SCREEN_EDIT.html">Редактиране на началния екран</target>
   </keywords>
   <keywords>
      <text FeatureID="-1">програмки</text>
      <target FeatureID="-1" href="WM_HLP_WIDGET_COLLECTION.html">Каталог на програмки</target>
   </keywords>
</keywords>