<?xml version="1.0" encoding="UTF-8"?>
<keywords>
   <keywords>
      <text FeatureID="-1">تحرير الصور</text>
      <target FeatureID="-1" href="SIE_HLP_MAIN.html">تحرير الصور</target>
   </keywords>
   <keywords>
      <text FeatureID="-1">تعديل النص</text>
      <target FeatureID="-1" href="SIE_HLP_EDIT_TEXT.html">تعديل نصوص الصور</target>
   </keywords>
   <keywords>
      <text FeatureID="-1">محرر الصورة</text>
      <target FeatureID="-1" href="SIE_HLP_EDIT_TEXT.html">تعديل نصوص الصور</target>
   </keywords>
   <keywords>
      <text FeatureID="-1">تعديل الصور التي تم تكبيرها/تصغيرها</text>
      <target FeatureID="-1" href="SIE_HLP_ZOOMING.html">تعديل الصور التي تم تكبيرها/تصغيرها</target>
   </keywords>
   <keywords>
      <text FeatureID="-1">تكبير/تصغير الصور</text>
      <target FeatureID="-1" href="SIE_HLP_ZOOMING.html">تعديل الصور التي تم تكبيرها/تصغيرها</target>
   </keywords>
   <keywords>
      <text FeatureID="-1">تعديل الصورة الجاهزة</text>
      <target FeatureID="-1" href="SIE_HLP_EDIT_CLIPART.html">تعديل الصورة الجاهزة</target>
   </keywords>
   <keywords>
      <text FeatureID="-1">تعديل فقاعات التحدث</text>
      <target FeatureID="-1" href="SIE_HLP_EDIT_CLIPART.html">تعديل الصورة الجاهزة</target>
   </keywords>
   <keywords>
      <text FeatureID="-1">تقليل تأثير العين الحمراء</text>
      <target FeatureID="-1" href="SIE_HLP_REDEYE.html">تقليل تأثير العين الحمراء</target>
   </keywords>
</keywords>