<?xml version="1.0" encoding="UTF-8"?>
<keywords>
   <keywords>
      <text FeatureID="-1">Fotografii</text>
      <target FeatureID="-1" href="LGAL_HLP_ALBUM_LIST.html">Albume</target>
      <target FeatureID="-1" href="LGAL_HLP_ALL_GRID.html">Parcurgerea tuturor fişierelor media</target>
      <target FeatureID="-1" href="LGAL_HLP_ALBUM_GRID.html">Navigaţi prin fişierele media din albume</target>
      <target FeatureID="-1" href="LGAL_HLP_TAGS_GRID.html">Parcurgerea fişierelor media etichetate</target>
      <target FeatureID="-1" href="LGAL_HLP_DETAILS_VIEW.html">Vizualizarea şi editarea detaliilor fişierului</target>
      <target FeatureID="-1" href="LGAL_HLP_TAGS_BROWSER.html">Etichete</target>
      <target FeatureID="-1" href="LGAL_HLP_MONTH_FULLSCREEN.html">Vizualizarea fişierelor media pe luni</target>
      <target FeatureID="-1" href="LGAL_HLP_MONTH_GRID.html">Parcurgerea fişierelor media pe luni</target>
      <target FeatureID="-1" href="LGAL_HLP_VIEW_LIST.html">Fotografii</target>
      <target FeatureID="-1" href="LGAL_HLP_MONTH_LIST.html">Luni</target>
      <target FeatureID="-1" href="LGAL_HLP_SLIDESHOW_SETTINGS.html">Setări serii de imagini</target>
      <target FeatureID="-1" href="LGAL_HLP_ALL_FULLSCREEN.html">Vizualizarea tuturor fişierelor media</target>
      <target FeatureID="-1" href="LGAL_HLP_ALBUM_FULLSCREEN.html">Vizualizarea fişierelor în albume</target>
      <target FeatureID="-1" href="LGAL_HLP_TAGS_FULLSCREEN.html">Vizualizarea fişierelor media cu etichetă</target>
   </keywords>
   <keywords>
      <text FeatureID="-1">albume</text>
      <target FeatureID="-1" href="LGAL_HLP_ALBUM_LIST.html">Albume</target>
      <target FeatureID="-1" href="LGAL_HLP_ALBUM_GRID.html">Navigaţi prin fişierele media din albume</target>
      <target FeatureID="-1" href="LGAL_HLP_VIEW_LIST.html">Fotografii</target>
      <target FeatureID="-1" href="LGAL_HLP_ALBUM_FULLSCREEN.html">Vizualizarea fişierelor în albume</target>
   </keywords>
   <keywords>
      <text FeatureID="-1">etichete</text>
      <target FeatureID="-1" href="LGAL_HLP_TAGS_GRID.html">Parcurgerea fişierelor media etichetate</target>
      <target FeatureID="-1" href="LGAL_HLP_TAGS_BROWSER.html">Etichete</target>
      <target FeatureID="-1" href="LGAL_HLP_TAGS_FULLSCREEN.html">Vizualizarea fişierelor media cu etichetă</target>
   </keywords>
   <keywords>
      <text FeatureID="-1">cuvinte cheie</text>
      <target FeatureID="-1" href="LGAL_HLP_VIEW_LIST.html">Fotografii</target>
   </keywords>
   <keywords>
      <text FeatureID="-1">serie de imagini</text>
      <target FeatureID="-1" href="LGAL_HLP_SLIDESHOW_SETTINGS.html">Setări serii de imagini</target>
   </keywords>
</keywords>