<?xml version="1.0" encoding="UTF-8"?>
<keywords>
   <keywords>
      <text FeatureID="-1">reprodukcija flash datoteke</text>
      <target FeatureID="-1" href="FLITE_HLP_STOPPED.html">Prekidanje reprodukcije flash datoteke</target>
      <target FeatureID="-1" href="FLITE_HLP_VIEWER_PAUSED.html">Pauziranje reprodukcije flash datoteke</target>
      <target FeatureID="-1" href="FLITE_HLP_VIEWER_PLAY.html">Reprodukcija flash datoteka</target>
   </keywords>
   <keywords>
      <text FeatureID="-1">Flash plejer</text>
      <target FeatureID="-1" href="FLITE_HLP_STOPPED.html">Prekidanje reprodukcije flash datoteke</target>
      <target FeatureID="-1" href="FLITE_HLP_VIEWER_PAUSED.html">Pauziranje reprodukcije flash datoteke</target>
      <target FeatureID="-1" href="FLITE_HLP_VIEWER_PLAY.html">Reprodukcija flash datoteka</target>
   </keywords>
</keywords>