<?xml version="1.0" encoding="UTF-8"?>
<keywords>
   <keywords>
      <text FeatureID="-1">oppdater programvare</text>
      <target FeatureID="-1" href="SWUPDATE_HLP_MAIN.html">Programvareoppdatering</target>
   </keywords>
   <keywords>
      <text FeatureID="-1">programvareoppdatering</text>
      <target FeatureID="-1" href="SWUPDATE_HLP_MAIN.html">Programvareoppdatering</target>
   </keywords>
   <keywords>
      <text FeatureID="-1">programvareoppd., innst.</text>
      <target FeatureID="-1" href="SWUPDATE_HLP_SETTINGS.html">Programvareoppd., innst.</target>
   </keywords>
</keywords>