<?xml version="1.0" encoding="UTF-8"?>
<keywords>
   <keywords>
      <text FeatureID="true_298">telefonsvarare</text>
      <target FeatureID="true_298" href="SMSVO_HLP_CS_VIDEO_AND_XSP_VOIP.html">Samtals-, video och Internetsamtalsbrevlåda</target>
   </keywords>
   <keywords>
      <text FeatureID="true_298">internetsamtalsbrevlådan</text>
      <target FeatureID="true_298" href="SMSVO_HLP_CS_VIDEO_AND_XSP_VOIP.html">Samtals-, video och Internetsamtalsbrevlåda</target>
   </keywords>
   <keywords>
      <text FeatureID="true_298">samtalsbrevlåda</text>
      <target FeatureID="true_298" href="SMSVO_HLP_CS_VIDEO_AND_XSP_VOIP.html">Samtals-, video och Internetsamtalsbrevlåda</target>
   </keywords>
   <keywords>
      <text FeatureID="-1">internetsamtal</text>
      <target FeatureID="-1" href="VOIP_HLP_CSC.html">Nätinställningar</target>
      <target FeatureID="true_298" href="VOIP_HLP_SERVCATALOG.html">Tjänstkatalog</target>
      <target FeatureID="-1" href="SERVTAB_HLP_SETTINGS.html">Tjänstflikinställningar</target>
   </keywords>
</keywords>