<?xml version="1.0" encoding="UTF-8"?><?xml-stylesheet  href="../../theme/xsl/index2html.xslt" type="text/xsl"?>
<topics FeatureID="-1" title="Chat" compressed="true">
   <topicref FeatureID="-1" href="IMNG_HLP_SEARCHCHAT.html" navtitle="Chat-käytt. etsintä"/>
   <topicref FeatureID="-1" href="IMNG_HLP_SAVED_VIEW.html" navtitle="Tallennettujen keskustelun tarkastelu"/>
   <topicref FeatureID="-1" href="IMNG_HLP_SAVED_LIST.html" navtitle="Tallennetut keskustelut"/>
   <topicref FeatureID="-1" href="IMNG_HLP_IMCHAT.html" navtitle="Ryhmäkeskustelut"/>
   <topicref FeatureID="-1" href="IMNG_HLP_GROUP_EDIT.html" navtitle="Ryhmän muokkausoikeudet"/>
   <topicref FeatureID="-1" href="IMNG_HLP_GROUP_BAN.html" navtitle="Chat-käyttäjien esto ryhmistä"/>
   <topicref FeatureID="-1" href="IMNG_HLP_CONT_OWN_DATA.html" navtitle="Omat tiedot"/>
   <topicref FeatureID="-1" href="IMNG_HLP_COMMUNITY_VIEW_EMPTY.html" navtitle="Chatin käytön aloitus"/>
   <topicref FeatureID="-1" href="IMNG_HLP_COMMUNITY_VIEW.html" navtitle="Chat"/>
   <topicref FeatureID="-1" href="IMNG_HLP_BLOCKED_VIEW.html" navtitle="Estetyt käyttäjät"/>
   <topicref FeatureID="-1" href="IMNG_HLP_SETTINGS.html" navtitle="Chat-asetukset"/>
   <topicref FeatureID="-1" href="IMNG_HLP_SERVLISTSETT_IM.html" navtitle="Chat-palvelimet"/>
   <topicref FeatureID="-1" href="IMNG_HLP_DEFSERVER.html" navtitle="Chat-palvelimen asetukset"/>
   <topicref FeatureID="-1" href="IMNG_HLP_INVITE.html" navtitle="Chat-kutsut"/>
   <topicref FeatureID="-1" href="IMNG_HLP_CREATECHAT.html" navtitle="Chat-ryhmän asetukset"/>
   <topicref FeatureID="-1" href="IMNG_HLP_ACCLIST.html" navtitle="Chat-ryhmien jäsenet"/>
   <topicref FeatureID="-1" href="IMNG_HLP_CONVERSATIONS.html" navtitle="Chat-keskustelut"/>
   <topicref FeatureID="-1" href="IMNG_HLP_CONTACTDETAILS.html" navtitle="Chat-käyttäjien tiedot"/>
   <topicref FeatureID="-1" href="IMNG_HLP_APPSETT.html" navtitle="Chat-sovelluksen asetukset"/>
</topics>