<?xml version="1.0" encoding="UTF-8"?>
<keywords>
   <keywords>
      <text FeatureID="-1">chat-käyttäjien etsiminen</text>
      <target FeatureID="-1" href="IMNG_HLP_SEARCHCHAT.html">Chat-käytt. etsintä</target>
   </keywords>
   <keywords>
      <text FeatureID="-1">chat</text>
      <target FeatureID="-1" href="IMNG_HLP_SEARCHCHAT.html">Chat-käytt. etsintä</target>
      <target FeatureID="-1" href="IMNG_HLP_SAVED_VIEW.html">Tallennettujen keskustelun tarkastelu</target>
      <target FeatureID="-1" href="IMNG_HLP_SAVED_LIST.html">Tallennetut keskustelut</target>
      <target FeatureID="-1" href="IMNG_HLP_GROUP_EDIT.html">Ryhmän muokkausoikeudet</target>
      <target FeatureID="-1" href="IMNG_HLP_GROUP_BAN.html">Chat-käyttäjien esto ryhmistä</target>
      <target FeatureID="-1" href="IMNG_HLP_CONT_OWN_DATA.html">Omat tiedot</target>
      <target FeatureID="-1" href="IMNG_HLP_COMMUNITY_VIEW_EMPTY.html">Chatin käytön aloitus</target>
      <target FeatureID="-1" href="IMNG_HLP_COMMUNITY_VIEW_EMPTY.html">Chatin käytön aloitus</target>
      <target FeatureID="-1" href="IMNG_HLP_COMMUNITY_VIEW.html">Chat</target>
      <target FeatureID="-1" href="IMNG_HLP_COMMUNITY_VIEW.html">Chat</target>
      <target FeatureID="-1" href="IMNG_HLP_CREATECHAT.html">Chat-ryhmän asetukset</target>
      <target FeatureID="-1" href="IMNG_HLP_ACCLIST.html">Chat-ryhmien jäsenet</target>
      <target FeatureID="-1" href="IMNG_HLP_CONVERSATIONS.html">Chat-keskustelut</target>
      <target FeatureID="-1" href="IMNG_HLP_CONVERSATIONS.html">Chat-keskustelut</target>
      <target FeatureID="-1" href="IMNG_HLP_APPSETT.html">Chat-sovelluksen asetukset</target>
   </keywords>
   <keywords>
      <text FeatureID="-1">chat-ryhmien etsiminen</text>
      <target FeatureID="-1" href="IMNG_HLP_SEARCHCHAT.html">Chat-käytt. etsintä</target>
   </keywords>
   <keywords>
      <text FeatureID="-1">tallennetut keskustelut</text>
      <target FeatureID="-1" href="IMNG_HLP_SAVED_LIST.html">Tallennetut keskustelut</target>
   </keywords>
   <keywords>
      <text FeatureID="-1">Chat</text>
      <target FeatureID="-1" href="IMNG_HLP_IMCHAT.html">Ryhmäkeskustelut</target>
      <target FeatureID="-1" href="IMNG_HLP_CONTACTDETAILS.html">Chat-käyttäjien tiedot</target>
   </keywords>
   <keywords>
      <text FeatureID="-1">chat-ryhmiin liittyminen</text>
      <target FeatureID="-1" href="IMNG_HLP_IMCHAT.html">Ryhmäkeskustelut</target>
   </keywords>
   <keywords>
      <text FeatureID="-1">muokkausoikeudet</text>
      <target FeatureID="-1" href="IMNG_HLP_GROUP_EDIT.html">Ryhmän muokkausoikeudet</target>
   </keywords>
   <keywords>
      <text FeatureID="-1">kieltoluettelo</text>
      <target FeatureID="-1" href="IMNG_HLP_GROUP_BAN.html">Chat-käyttäjien esto ryhmistä</target>
   </keywords>
   <keywords>
      <text FeatureID="-1">chat-ryhmien jäsenet</text>
      <target FeatureID="-1" href="IMNG_HLP_GROUP_BAN.html">Chat-käyttäjien esto ryhmistä</target>
      <target FeatureID="-1" href="IMNG_HLP_ACCLIST.html">Chat-ryhmien jäsenet</target>
   </keywords>
   <keywords>
      <text FeatureID="-1">chat-yhteystiedot</text>
      <target FeatureID="-1" href="IMNG_HLP_CONT_OWN_DATA.html">Omat tiedot</target>
      <target FeatureID="-1" href="IMNG_HLP_BLOCKED_VIEW.html">Estetyt käyttäjät</target>
      <target FeatureID="-1" href="IMNG_HLP_CONTACTDETAILS.html">Chat-käyttäjien tiedot</target>
   </keywords>
   <keywords>
      <text FeatureID="-1">estetyt chat-käyttäjät</text>
      <target FeatureID="-1" href="IMNG_HLP_BLOCKED_VIEW.html">Estetyt käyttäjät</target>
   </keywords>
   <keywords>
      <text FeatureID="-1">chat-asetukset</text>
      <target FeatureID="-1" href="IMNG_HLP_SETTINGS.html">Chat-asetukset</target>
      <target FeatureID="-1" href="IMNG_HLP_APPSETT.html">Chat-sovelluksen asetukset</target>
   </keywords>
   <keywords>
      <text FeatureID="-1">chat-palvelimet</text>
      <target FeatureID="-1" href="IMNG_HLP_SERVLISTSETT_IM.html">Chat-palvelimet</target>
   </keywords>
   <keywords>
      <text FeatureID="-1">Chat-palvelimen asetukset</text>
      <target FeatureID="-1" href="IMNG_HLP_DEFSERVER.html">Chat-palvelimen asetukset</target>
   </keywords>
   <keywords>
      <text FeatureID="-1">palvelimen asetukset</text>
      <target FeatureID="-1" href="IMNG_HLP_DEFSERVER.html">Chat-palvelimen asetukset</target>
   </keywords>
   <keywords>
      <text FeatureID="-1">kutsut</text>
      <target FeatureID="-1" href="IMNG_HLP_INVITE.html">Chat-kutsut</target>
   </keywords>
   <keywords>
      <text FeatureID="-1">chat-ryhmän asetukset</text>
      <target FeatureID="-1" href="IMNG_HLP_CREATECHAT.html">Chat-ryhmän asetukset</target>
   </keywords>
   <keywords>
      <text FeatureID="-1">keskustelut</text>
      <target FeatureID="-1" href="IMNG_HLP_CONVERSATIONS.html">Chat-keskustelut</target>
   </keywords>
</keywords>