<?xml version="1.0" encoding="UTF-8"?>
<keywords>
   <keywords>
      <text FeatureID="-1">همگام سازی</text>
      <target FeatureID="-1" href="OTASYNCBU_HLP_MAIN.html">همگام سازی Ovi</target>
   </keywords>
   <keywords>
      <text FeatureID="-1">همگام سازی Ovi</text>
      <target FeatureID="-1" href="OTASYNCBU_HLP_MAIN.html">همگام سازی Ovi</target>
      <target FeatureID="-1" href="OTASYNCBU_HLP_SETTINGS.html">تنظیمات همگام سازی Ovi</target>
   </keywords>
</keywords>