<?xml version="1.0" encoding="UTF-8"?>
<keywords>
   <keywords>
      <text FeatureID="-1">Flash-fil, afspille</text>
      <target FeatureID="-1" href="FLITE_HLP_STOPPED.html">Afslutte Flash-afspilning</target>
      <target FeatureID="-1" href="FLITE_HLP_VIEWER_PAUSED.html">Stoppe Flash-afspilningen midlertidigt</target>
      <target FeatureID="-1" href="FLITE_HLP_VIEWER_PLAY.html">Afspille Flash-filer</target>
   </keywords>
   <keywords>
      <text FeatureID="-1">Flash-afspiller</text>
      <target FeatureID="-1" href="FLITE_HLP_STOPPED.html">Afslutte Flash-afspilning</target>
      <target FeatureID="-1" href="FLITE_HLP_VIEWER_PAUSED.html">Stoppe Flash-afspilningen midlertidigt</target>
      <target FeatureID="-1" href="FLITE_HLP_VIEWER_PLAY.html">Afspille Flash-filer</target>
   </keywords>
</keywords>