<?xml version="1.0" encoding="UTF-8"?>
<keywords>
   <keywords>
      <text FeatureID="-1">kemas kini perisian</text>
      <target FeatureID="-1" href="SWUPDATE_HLP_MAIN.html">Kemas kini perisian</target>
   </keywords>
   <keywords>
      <text FeatureID="-1">kemas kinian perisian</text>
      <target FeatureID="-1" href="SWUPDATE_HLP_MAIN.html">Kemas kini perisian</target>
   </keywords>
   <keywords>
      <text FeatureID="-1">tetapan kemas kini perisian</text>
      <target FeatureID="-1" href="SWUPDATE_HLP_SETTINGS.html">Tetapan kemas kini perisian</target>
   </keywords>
</keywords>