<?xml version="1.0" encoding="UTF-8"?>
<keywords>
   <keywords>
      <text FeatureID="-1">VPN (virtuaalne privaatvõrk)</text>
      <target FeatureID="-1" href="SET_HLP_VPN_LOG_VIEW.html">VPN-i logi</target>
      <target FeatureID="-1" href="SET_HLP_VPN_CONFIG_MAIN.html">VPN-i haldus</target>
      <target FeatureID="-1" href="SET_HLP_VPN_POLICY_VIEW.html">VPN-i poliisid</target>
      <target FeatureID="-1" href="SET_HLP_VPN_POLICY_SERVERS.html">VPN-poliisiserverid</target>
      <target FeatureID="-1" href="SET_HLP_VPN_POLICY_SERVER_SET.html">VPN-serveri seaded</target>
   </keywords>
</keywords>