<?xml version="1.0" encoding="UTF-8"?>
<keywords>
   <keywords>
      <text FeatureID="-1">hasierako pantaila</text>
      <target FeatureID="-1" href="SET_HLP_HOME_SCREEN.html">Hasierako pantaila</target>
      <target FeatureID="-1" href="SET_HLP_HOME_SCREEN_EDIT.html">Editatu hasierako pantaila</target>
   </keywords>
   <keywords>
      <text FeatureID="-1">widget-ak</text>
      <target FeatureID="-1" href="WM_HLP_WIDGET_COLLECTION.html">Widget-en katalogoa</target>
   </keywords>
</keywords>