<?xml version="1.0" encoding="UTF-8"?>
<keywords>
   <keywords>
      <text FeatureID="-1">mengedit preset frekuensi</text>
      <target FeatureID="-1" href="EQ_HLP_EDITING_VIEW.html">Mengedit preset frekuensi</target>
   </keywords>
   <keywords>
      <text FeatureID="-1">ekualiser</text>
      <target FeatureID="-1" href="EQ_HLP_LIST_VIEW.html">Preset frekuensi</target>
   </keywords>
   <keywords>
      <text FeatureID="-1">gelombang frekuensi</text>
      <target FeatureID="-1" href="EQ_HLP_LIST_VIEW.html">Preset frekuensi</target>
   </keywords>
   <keywords>
      <text FeatureID="-1">pilih preset frekuensi</text>
      <target FeatureID="-1" href="EQ_HLP_LIST_VIEW.html">Preset frekuensi</target>
   </keywords>
</keywords>