<?xml version="1.0" encoding="UTF-8"?>
<keywords>
   <keywords>
      <text FeatureID="true_11008 false_11008">registrácia zariadenia</text>
      <target FeatureID="true_11008" href="DRM_HLP_REGISTRATION_METERING.html">Registrácia zariadenia</target>
      <target FeatureID="false_11008" href="DRM_HLP_REGISTRATION.html">Registrácia zariadenia</target>
   </keywords>
   <keywords>
      <text FeatureID="true_11008">získanie automatických práv</text>
      <target FeatureID="true_11008" href="DRM_HLP_REGISTRATION_METERING.html">Registrácia zariadenia</target>
   </keywords>
   <keywords>
      <text FeatureID="true_11008">meranie</text>
      <target FeatureID="true_11008" href="DRM_HLP_REGISTRATION_METERING.html">Registrácia zariadenia</target>
   </keywords>
</keywords>