<?xml version="1.0" encoding="UTF-8"?>
<keywords>
   <keywords>
      <text FeatureID="true_11008 false_11008">장치 등록</text>
      <target FeatureID="true_11008" href="DRM_HLP_REGISTRATION_METERING.html">장치 등록</target>
      <target FeatureID="false_11008" href="DRM_HLP_REGISTRATION.html">장치 등록</target>
   </keywords>
   <keywords>
      <text FeatureID="true_11008">무음 권한 확보</text>
      <target FeatureID="true_11008" href="DRM_HLP_REGISTRATION_METERING.html">장치 등록</target>
   </keywords>
   <keywords>
      <text FeatureID="true_11008">측정</text>
      <target FeatureID="true_11008" href="DRM_HLP_REGISTRATION_METERING.html">장치 등록</target>
   </keywords>
</keywords>