<?xml version="1.0" encoding="UTF-8"?>
<keywords>
   <keywords>
      <text FeatureID="-1">ریکارڈ کرنا, ساؤنڈ</text>
      <target FeatureID="-1" href="VOREC_HLP_EMPTY_RECORDER.html">ساؤنڈ کلپ ریکارڈ</target>
   </keywords>
   <keywords>
      <text FeatureID="-1">صوتی ریکارڈر</text>
      <target FeatureID="-1" href="VOREC_HLP_MAIN.html">صوتی ریکارڈر استعمال کرنا</target>
   </keywords>
   <keywords>
      <text FeatureID="-1">صوتی کلپ ریکارڈ کرنا</text>
      <target FeatureID="-1" href="VOREC_HLP_MAIN.html">صوتی ریکارڈر استعمال کرنا</target>
   </keywords>
   <keywords>
      <text FeatureID="-1">وائس ریکارڈر ترتیبات</text>
      <target FeatureID="-1" href="VOREC_HLP_SETTINGS.html">وائس ریکارڈر ترتیبات</target>
   </keywords>
</keywords>