<?xml version="1.0" encoding="UTF-8"?>
<keywords>
   <keywords>
      <text FeatureID="-1">صندوق پست تماس</text>
      <target FeatureID="-1" href="SMSVO_HLP_MAIN_VIEW.html">صندوق پستی تماس</target>
      <target FeatureID="true_298" href="SMSVO_HLP_CS_VIDEO_AND_XSP_VOIP.html">صندوق پست تماس صوتی، تصویری و اینترنتی</target>
   </keywords>
   <keywords>
      <text FeatureID="-1">دستگاه پیام گیر</text>
      <target FeatureID="-1" href="SMSVO_HLP_MAIN_VIEW.html">صندوق پستی تماس</target>
      <target FeatureID="true_89" href="SMSVO_HLP_CS_AND_VIDEO.html">صندوق پستی تماس و تصویری</target>
      <target FeatureID="true_298" href="SMSVO_HLP_CS_VIDEO_AND_XSP_VOIP.html">صندوق پست تماس صوتی، تصویری و اینترنتی</target>
   </keywords>
   <keywords>
      <text FeatureID="true_89">صندوق پست تصویری</text>
      <target FeatureID="true_89" href="SMSVO_HLP_CS_AND_VIDEO.html">صندوق پستی تماس و تصویری</target>
   </keywords>
   <keywords>
      <text FeatureID="true_298">صندوق پست تماس اینترنتی</text>
      <target FeatureID="true_298" href="SMSVO_HLP_CS_VIDEO_AND_XSP_VOIP.html">صندوق پست تماس صوتی، تصویری و اینترنتی</target>
   </keywords>
</keywords>