<?xml version="1.0" encoding="UTF-8"?>
<keywords>
   <keywords>
      <text FeatureID="-1">Standortbestimmungsmethoden</text>
      <target FeatureID="-1" href="LOC_HLP_SETTINGS.html">Einstellungen für die Standortbestimmung</target>
   </keywords>
   <keywords>
      <text FeatureID="-1">Server für Standortbestimmung</text>
      <target FeatureID="-1" href="LOC_HLP_SETTINGS.html">Einstellungen für die Standortbestimmung</target>
   </keywords>
   <keywords>
      <text FeatureID="-1">Bevorzugte Darstellung</text>
      <target FeatureID="-1" href="LOC_HLP_SETTINGS.html">Einstellungen für die Standortbestimmung</target>
   </keywords>
</keywords>