<?xml version="1.0" encoding="UTF-8"?>
<keywords>
   <keywords>
      <text FeatureID="-1">görüntüleri düzenleme</text>
      <target FeatureID="-1" href="SIE_HLP_MAIN.html">Görüntüleri düzenleme</target>
   </keywords>
   <keywords>
      <text FeatureID="-1">metni düzenleme</text>
      <target FeatureID="-1" href="SIE_HLP_EDIT_TEXT.html">Görüntülerdeki metinleri düzenleme</target>
   </keywords>
   <keywords>
      <text FeatureID="-1">görüntü düzenleyici</text>
      <target FeatureID="-1" href="SIE_HLP_EDIT_TEXT.html">Görüntülerdeki metinleri düzenleme</target>
   </keywords>
   <keywords>
      <text FeatureID="-1">yakınlaştırılmış görüntüleri düzenleme</text>
      <target FeatureID="-1" href="SIE_HLP_ZOOMING.html">Yakınlaştırılmış görüntüleri düzenleme</target>
   </keywords>
   <keywords>
      <text FeatureID="-1">görüntüleri yakınlaştırma</text>
      <target FeatureID="-1" href="SIE_HLP_ZOOMING.html">Yakınlaştırılmış görüntüleri düzenleme</target>
   </keywords>
   <keywords>
      <text FeatureID="-1">çizim resmi düzenleme</text>
      <target FeatureID="-1" href="SIE_HLP_EDIT_CLIPART.html">Çizim resmi düzenleme</target>
   </keywords>
   <keywords>
      <text FeatureID="-1">konuşma balonlarını düzenleme</text>
      <target FeatureID="-1" href="SIE_HLP_EDIT_CLIPART.html">Çizim resmi düzenleme</target>
   </keywords>
   <keywords>
      <text FeatureID="-1">kırmızı gözü giderme</text>
      <target FeatureID="-1" href="SIE_HLP_REDEYE.html">Kırmızı gözü giderme</target>
   </keywords>
</keywords>