<?xml version="1.0" encoding="UTF-8"?><?xml-stylesheet  href="../../theme/xsl/index2html.xslt" type="text/xsl"?>
<topics FeatureID="-1" title="Mesaje" compressed="true">
   <topicref FeatureID="-1" href="MCE_HLP_MESSAGING.html" navtitle="Centru mesaje"/>
   <topicref FeatureID="-1" href="MCE_HLP_SIM.html" navtitle="Vizualizare mesaje SIM"/>
   <topicref FeatureID="-1" href="MCE_HLP_SETTINGS.html" navtitle="Setări mesaje"/>
   <topicref FeatureID="-1" href="MCE_HLP_SETTINGS_SMS.html" navtitle="Setări mesaje text"/>
   <topicref FeatureID="-1" href="SMS_HLP_SETTINGS_SCENTRES.html" navtitle="Setări centru mes. text"/>
   <topicref FeatureID="-1" href="SMS_HLP_SETTINGS_SCENTRES_EDIT.html" navtitle="Edit. centre mesaje text"/>
   <topicref FeatureID="true_1092" href="SMS_HLP_SETTINGS_SMS_EMAIL.html" navtitle="Setări mes. text e-mail"/>
   <topicref FeatureID="-1" href="MCE_HLP_SETTINGS_MMS.html" navtitle="Setări mes. multimedia"/>
   <topicref FeatureID="true_1090" href="MCE_HLP_SETTINGS_CB.html" navtitle="Setări transmisii cel."/>
   <topicref FeatureID="-1" href="MCE_HLP_SETTINGS_GEN.html" navtitle="Alte setări"/>
   <topicref FeatureID="-1" href="MCE_HLP_INBOX.html" navtitle="Căsuţă intrări"/>
   <topicref FeatureID="-1" href="MCE_HLP_DOCUMENTS.html" navtitle="Dosarele mele"/>
   <topicref FeatureID="-1" href="MCE_HLP_TEMPLATES.html" navtitle="Şabloane mesaje"/>
   <topicref FeatureID="-1" href="MCE_HLP_FOLDER.html" navtitle="Org. mes."/>
   <topicref FeatureID="-1" href="MCE_HLP_DRAFTS.html" navtitle="Ciorne"/>
   <topicref FeatureID="-1" href="MCE_HLP_SENT_ITEMS.html" navtitle="Mesaje expediate"/>
   <topicref FeatureID="-1" href="MCE_HLP_OUTBOX.html" navtitle="Căsuţă ieşiri"/>
   <topicref FeatureID="-1" href="MCE_HLP_DELIVERY_REPORTS.html" navtitle="Rapoarte remitere"/>
   <topicref FeatureID="true_1132" href="MCE_HLP_MMS_NOTIFICATIONS.html" navtitle="Notificări multimedia"/>
   <topicref FeatureID="-1" href="FIND_HLP.html" navtitle="Găsire numere/adrese"/>
</topics>