<?xml version="1.0" encoding="UTF-8"?>
<keywords>
   <keywords>
      <text FeatureID="-1">expedierea mesajelor</text>
      <target FeatureID="-1" href="MCE_HLP_MESSAGING.html">Centru mesaje</target>
      <target FeatureID="-1" href="MCE_HLP_OUTBOX.html">Căsuţă ieşiri</target>
   </keywords>
   <keywords>
      <text FeatureID="-1">recepţionare mesaje</text>
      <target FeatureID="-1" href="MCE_HLP_MESSAGING.html">Centru mesaje</target>
      <target FeatureID="-1" href="MCE_HLP_INBOX.html">Căsuţă intrări</target>
   </keywords>
   <keywords>
      <text FeatureID="-1">mesaje SIM</text>
      <target FeatureID="-1" href="MCE_HLP_SIM.html">Vizualizare mesaje SIM</target>
   </keywords>
   <keywords>
      <text FeatureID="-1">mesaje pe cartela SIM</text>
      <target FeatureID="-1" href="MCE_HLP_SIM.html">Vizualizare mesaje SIM</target>
   </keywords>
   <keywords>
      <text FeatureID="-1">setări mesaje</text>
      <target FeatureID="-1" href="MCE_HLP_SETTINGS.html">Setări mesaje</target>
      <target FeatureID="-1" href="MCE_HLP_SETTINGS_GEN.html">Alte setări</target>
   </keywords>
   <keywords>
      <text FeatureID="-1">setări SMS</text>
      <target FeatureID="-1" href="MCE_HLP_SETTINGS_SMS.html">Setări mesaje text</target>
   </keywords>
   <keywords>
      <text FeatureID="-1">setări mesaj text</text>
      <target FeatureID="-1" href="MCE_HLP_SETTINGS_SMS.html">Setări mesaje text</target>
      <target FeatureID="-1" href="SMS_HLP_SETTINGS_SCENTRES.html">Setări centru mes. text</target>
      <target FeatureID="-1" href="SMS_HLP_SETTINGS_SCENTRES_EDIT.html">Edit. centre mesaje text</target>
   </keywords>
   <keywords>
      <text FeatureID="-1">setări centru mesaje</text>
      <target FeatureID="-1" href="SMS_HLP_SETTINGS_SCENTRES.html">Setări centru mes. text</target>
      <target FeatureID="-1" href="SMS_HLP_SETTINGS_SCENTRES_EDIT.html">Edit. centre mesaje text</target>
   </keywords>
   <keywords>
      <text FeatureID="-1">setări centru SMS</text>
      <target FeatureID="-1" href="SMS_HLP_SETTINGS_SCENTRES.html">Setări centru mes. text</target>
   </keywords>
   <keywords>
      <text FeatureID="true_1092">mesaje text e-mail</text>
      <target FeatureID="true_1092" href="SMS_HLP_SETTINGS_SMS_EMAIL.html">Setări mes. text e-mail</target>
   </keywords>
   <keywords>
      <text FeatureID="true_1092">setări sms e-mail</text>
      <target FeatureID="true_1092" href="SMS_HLP_SETTINGS_SMS_EMAIL.html">Setări mes. text e-mail</target>
   </keywords>
   <keywords>
      <text FeatureID="-1">setări MMS</text>
      <target FeatureID="-1" href="MCE_HLP_SETTINGS_MMS.html">Setări mes. multimedia</target>
   </keywords>
   <keywords>
      <text FeatureID="true_1090">setări transmisii cel.</text>
      <target FeatureID="true_1090" href="MCE_HLP_SETTINGS_CB.html">Setări transmisii cel.</target>
   </keywords>
   <keywords>
      <text FeatureID="-1">căsuţă intrări</text>
      <target FeatureID="-1" href="MCE_HLP_INBOX.html">Căsuţă intrări</target>
   </keywords>
   <keywords>
      <text FeatureID="-1">dosarele mele</text>
      <target FeatureID="-1" href="MCE_HLP_DOCUMENTS.html">Dosarele mele</target>
   </keywords>
   <keywords>
      <text FeatureID="-1">stocare mesaje</text>
      <target FeatureID="-1" href="MCE_HLP_DOCUMENTS.html">Dosarele mele</target>
   </keywords>
   <keywords>
      <text FeatureID="-1">exped. şabloane</text>
      <target FeatureID="-1" href="MCE_HLP_TEMPLATES.html">Şabloane mesaje</target>
   </keywords>
   <keywords>
      <text FeatureID="-1">şabloane mesaje</text>
      <target FeatureID="-1" href="MCE_HLP_TEMPLATES.html">Şabloane mesaje</target>
   </keywords>
   <keywords>
      <text FeatureID="-1">organizarea mesajelor</text>
      <target FeatureID="-1" href="MCE_HLP_FOLDER.html">Org. mes.</target>
   </keywords>
   <keywords>
      <text FeatureID="-1">memorare mesaje ciornă</text>
      <target FeatureID="-1" href="MCE_HLP_DRAFTS.html">Ciorne</target>
   </keywords>
   <keywords>
      <text FeatureID="-1">mesaje ciornă</text>
      <target FeatureID="-1" href="MCE_HLP_DRAFTS.html">Ciorne</target>
   </keywords>
   <keywords>
      <text FeatureID="-1">mesaje expediate</text>
      <target FeatureID="-1" href="MCE_HLP_SENT_ITEMS.html">Mesaje expediate</target>
   </keywords>
   <keywords>
      <text FeatureID="-1">vizualizare căsuţă ieşiri</text>
      <target FeatureID="-1" href="MCE_HLP_OUTBOX.html">Căsuţă ieşiri</target>
   </keywords>
   <keywords>
      <text FeatureID="-1">rapoarte remitere</text>
      <target FeatureID="-1" href="MCE_HLP_DELIVERY_REPORTS.html">Rapoarte remitere</target>
   </keywords>
   <keywords>
      <text FeatureID="true_1132">Notificări MMS</text>
      <target FeatureID="true_1132" href="MCE_HLP_MMS_NOTIFICATIONS.html">Notificări multimedia</target>
   </keywords>
   <keywords>
      <text FeatureID="-1">găsire numere tel.</text>
      <target FeatureID="-1" href="FIND_HLP.html">Găsire numere/adrese</target>
   </keywords>
   <keywords>
      <text FeatureID="-1">găsire adrese</text>
      <target FeatureID="-1" href="FIND_HLP.html">Găsire numere/adrese</target>
   </keywords>
</keywords>