<?xml version="1.0" encoding="UTF-8"?>
<keywords>
   <keywords>
      <text FeatureID="-1">flash faila demonstrēšana</text>
      <target FeatureID="-1" href="FLITE_HLP_STOPPED.html">Flash demonstrēšanas pārtraukšana</target>
      <target FeatureID="-1" href="FLITE_HLP_VIEWER_PAUSED.html">Flash demonstrācijas pauze</target>
      <target FeatureID="-1" href="FLITE_HLP_VIEWER_PLAY.html">Flash failu demonstrēšana</target>
   </keywords>
   <keywords>
      <text FeatureID="-1">Flash atskaņotājs</text>
      <target FeatureID="-1" href="FLITE_HLP_STOPPED.html">Flash demonstrēšanas pārtraukšana</target>
      <target FeatureID="-1" href="FLITE_HLP_VIEWER_PAUSED.html">Flash demonstrācijas pauze</target>
      <target FeatureID="-1" href="FLITE_HLP_VIEWER_PLAY.html">Flash failu demonstrēšana</target>
   </keywords>
</keywords>