<?xml version="1.0" encoding="UTF-8"?>
<keywords>
   <keywords>
      <text FeatureID="-1">certifikáty</text>
      <target FeatureID="-1" href="AM_HLP_GENERAL_SETTINGS.html">Nastavenia certifikátov</target>
   </keywords>
   <keywords>
      <text FeatureID="-1">nastavenia, certifikáty</text>
      <target FeatureID="-1" href="AM_HLP_GENERAL_SETTINGS.html">Nastavenia certifikátov</target>
   </keywords>
   <keywords>
      <text FeatureID="-1">inštalovanie aplikácií</text>
      <target FeatureID="-1" href="AM_HLP_NOT_INSTALLED.html">Inštalačné súbory</target>
      <target FeatureID="-1" href="AM_HLP_APPLICATION.html">Správa aplikácií</target>
   </keywords>
   <keywords>
      <text FeatureID="-1">aplikácie</text>
      <target FeatureID="-1" href="AM_HLP_NOT_INSTALLED.html">Inštalačné súbory</target>
      <target FeatureID="-1" href="AM_HLP_INSTALLED.html">Nainštalované aplikácie</target>
   </keywords>
   <keywords>
      <text FeatureID="-1">inštalácia softvéru</text>
      <target FeatureID="-1" href="AM_HLP_APPLICATION.html">Správa aplikácií</target>
   </keywords>
   <keywords>
      <text FeatureID="-1">žiadosti o súhlas</text>
      <target FeatureID="-1" href="AM_HLP_INSTALL_CAPAB.html">Žiadosti o súhlas</target>
   </keywords>
   <keywords>
      <text FeatureID="-1">inštalácia nedôveryhodných súborov</text>
      <target FeatureID="-1" href="AM_HLP_INSTALL_UNTRUSTED.html">Inštalácia nedôveryhodných súborov</target>
   </keywords>
</keywords>