<?xml version="1.0" encoding="UTF-8"?>
<keywords>
   <keywords>
      <text FeatureID="true_410">aramalar, yapma</text>
      <target FeatureID="true_410" href="DIALER_HLP_MAIN.html">Telefon görüşmesi yapma</target>
   </keywords>
   <keywords>
      <text FeatureID="-1">telefon aramaları</text>
      <target FeatureID="-1" href="INCAL_HLP_CALL_HANDLING.html">Telefon aramaları</target>
   </keywords>
   <keywords>
      <text FeatureID="-1">konferans aramaları</text>
      <target FeatureID="-1" href="INCAL_HLP_CALL_HANDLING.html">Telefon aramaları</target>
   </keywords>
   <keywords>
      <text FeatureID="-1">aramalar arasında geçiş yapma</text>
      <target FeatureID="-1" href="INCAL_HLP_CALL_HANDLING.html">Telefon aramaları</target>
   </keywords>
   <keywords>
      <text FeatureID="-1">telefon</text>
      <target FeatureID="-1" href="INCAL_HLP_CALL_HANDLING.html">Telefon aramaları</target>
   </keywords>
   <keywords>
      <text FeatureID="true_410">DTMF tonları</text>
      <target FeatureID="true_410" href="DIALER_HLP_SEND_DTMF.html">DTMF tonları gönderme</target>
   </keywords>
   <keywords>
      <text FeatureID="true_89">video aramaları</text>
      <target FeatureID="true_89" href="INCAL_HLP_VIDEO_CALL.html">Video aramaları</target>
   </keywords>
</keywords>