<?xml version="1.0" encoding="UTF-8"?>
<keywords>
   <keywords>
      <text FeatureID="-1">установки облікового запису електронної пошти</text>
      <target FeatureID="-1" href="FSE_HLP_IMS_SETTINGS_ACCT_INFO.html">Установки облікового запису електронної пошти</target>
   </keywords>
   <keywords>
      <text FeatureID="-1">додаткові установки поштової скриньки</text>
      <target FeatureID="-1" href="FSE_HLP_IMS_SETTINGS_ADVANCED.html">Додаткові установки поштової скриньки</target>
   </keywords>
   <keywords>
      <text FeatureID="-1">установки поштової скриньки</text>
      <target FeatureID="-1" href="FSE_HLP_IMS_SETTINGS_MAILBOX.html">Установки поштової скриньки</target>
   </keywords>
   <keywords>
      <text FeatureID="-1">вміст для синхронізації електронної пошти</text>
      <target FeatureID="-1" href="FSE_HLP_IMS_SETTINGS_WHAT_SYNC.html">Визначення вмісту для синхронізації</target>
   </keywords>
   <keywords>
      <text FeatureID="-1">час синхронізації електронної пошти</text>
      <target FeatureID="-1" href="FSE_HLP_IMS_SETTINGS_WHEN_SYNC.html">Визначення часу синхронізації</target>
   </keywords>
   <keywords>
      <text FeatureID="-1">синхронізація папок електронної пошти</text>
      <target FeatureID="-1" href="FSE_HLP_IMS_SETTINGS_FOLDER.html">Синхронізація папок електронної пошти</target>
   </keywords>
   <keywords>
      <text FeatureID="-1">установки служби електронної пошти</text>
      <target FeatureID="-1" href="FSE_HLP_SETTINGS_INTELL_LIST.html">Установки служби електронної пошти</target>
   </keywords>
   <keywords>
      <text FeatureID="-1">установки електронної пошти</text>
      <target FeatureID="-1" href="FSE_HLP_IMS_SETTINGS_MAIN_VIEW.html">Установки електронної пошти</target>
   </keywords>
   <keywords>
      <text FeatureID="-1">Intellisync</text>
      <target FeatureID="-1" href="FSE_HLP_IMS_LAUNCHER_MAIN_VIEW.html">Ел. пошта Intellisync</target>
   </keywords>
</keywords>