<?xml version="1.0" encoding="UTF-8"?>
<keywords>
   <keywords>
      <text FeatureID="-1">mga kategorya ng palatandaan</text>
      <target FeatureID="-1" href="LM_HLP_LM_BY_CATEGORY.html">Mga kategorya ng palatandaan</target>
      <target FeatureID="-1" href="LM_HLP_EDIT_CATEGORIES.html">Mag-edit ng mga kategorya ng palatandaan</target>
   </keywords>
   <keywords>
      <text FeatureID="-1">mga palatandaan</text>
      <target FeatureID="-1" href="LM_HLP_LM_BY_NAME.html">Mga palatandaan ayon sa name view</target>
      <target FeatureID="-1" href="LM_HLP_CATEGORY_CONTENTS.html">Mga palatandaan sa mga kategorya</target>
      <target FeatureID="-1" href="LM_HLP_LM_VIEWER.html">Mga palatandaan nang detalyado</target>
   </keywords>
   <keywords>
      <text FeatureID="-1">ine-edit ang mga landmark</text>
      <target FeatureID="-1" href="LM_HLP_LM_EDITOR.html">Mag-edit ng palatandaan</target>
   </keywords>
</keywords>