<?xml version="1.0" encoding="UTF-8"?>
<keywords>
   <keywords>
      <text FeatureID="-1">pengaturan pesan layanan</text>
      <target FeatureID="-1" href="WPUSH_HLP_SETTINGS.html">Pengaturan pesan layanan</target>
   </keywords>
   <keywords>
      <text FeatureID="-1">pesan push</text>
      <target FeatureID="-1" href="WPUSH_HLP_VIEWER.html">Melihat pesan layanan</target>
   </keywords>
   <keywords>
      <text FeatureID="-1">pesan layanan</text>
      <target FeatureID="-1" href="WPUSH_HLP_VIEWER.html">Melihat pesan layanan</target>
   </keywords>
</keywords>