<?xml version="1.0" encoding="UTF-8"?>
<keywords>
   <keywords>
      <text FeatureID="-1">kalendar</text>
      <target FeatureID="-1" href="CALE_HLP_NOTE_ANNIVERSARY.html">Zapisi obljetnica</target>
      <target FeatureID="-1" href="CALE_HLP_NOTE_VIEWER.html">Zapisi u kalendar</target>
      <target FeatureID="-1" href="CALE_HLP_DAY_VIEW.html">Dnevni prikaz</target>
      <target FeatureID="-1" href="CALE_HLP_NOTE_MEETING.html">Zapisi za sastanak</target>
      <target FeatureID="-1" href="CALE_HLP_NOTE_DAY.html">Zapisi podsjetnika</target>
      <target FeatureID="-1" href="CALE_HLP_MONTH_VIEW.html">Mjesečni prikaz</target>
      <target FeatureID="-1" href="CALE_HLP_TODO_NOTE.html">Zapisi obveza</target>
      <target FeatureID="-1" href="CALE_HLP_TODO_VIEW.html">Prikaz obveza</target>
      <target FeatureID="-1" href="CALE_HLP_WEEK_VIEW.html">Tjedni prikaz</target>
   </keywords>
   <keywords>
      <text FeatureID="-1">zapisi obljetnica</text>
      <target FeatureID="-1" href="CALE_HLP_NOTE_ANNIVERSARY.html">Zapisi obljetnica</target>
      <target FeatureID="-1" href="CALE_HLP_NOTE_VIEWER.html">Zapisi u kalendar</target>
   </keywords>
   <keywords>
      <text FeatureID="-1">sastanci</text>
      <target FeatureID="-1" href="CALE_HLP_NOTE_VIEWER.html">Zapisi u kalendar</target>
      <target FeatureID="-1" href="CALE_HLP_NOTE_MEETING.html">Zapisi za sastanak</target>
   </keywords>
   <keywords>
      <text FeatureID="-1">zapisi podsjetnika</text>
      <target FeatureID="-1" href="CALE_HLP_NOTE_VIEWER.html">Zapisi u kalendar</target>
      <target FeatureID="-1" href="CALE_HLP_NOTE_DAY.html">Zapisi podsjetnika</target>
   </keywords>
   <keywords>
      <text FeatureID="-1">zapisi obveza</text>
      <target FeatureID="-1" href="CALE_HLP_NOTE_VIEWER.html">Zapisi u kalendar</target>
      <target FeatureID="-1" href="CALE_HLP_TODO_NOTE.html">Zapisi obveza</target>
   </keywords>
   <keywords>
      <text FeatureID="-1">kalendar, postavke</text>
      <target FeatureID="-1" href="CALE_HLP_SETTINGS.html">Postavke kalendara</target>
   </keywords>
   <keywords>
      <text FeatureID="-1">popis obveza</text>
      <target FeatureID="-1" href="CALE_HLP_TODO_VIEW.html">Prikaz obveza</target>
   </keywords>
</keywords>