<?xml version="1.0" encoding="UTF-8"?>
<keywords>
   <keywords>
      <text FeatureID="-1">kalendar</text>
      <target FeatureID="-1" href="CALE_HLP_NOTE_VIEWER.html">Zapisi u kalendar</target>
      <target FeatureID="-1" href="CALE_HLP_DAY_VIEW.html">Dnevni prikaz</target>
      <target FeatureID="-1" href="CALE_HLP_NOTE_MEETING.html">Zapisi za sastanak</target>
      <target FeatureID="-1" href="CALE_HLP_MONTH_VIEW.html">Mjesečni prikaz</target>
      <target FeatureID="-1" href="CALE_HLP_TODO_NOTE.html">Zapisi obveza</target>
      <target FeatureID="-1" href="CALE_HLP_TODO_VIEW.html">Prikaz obveza</target>
      <target FeatureID="-1" href="CALE_HLP_WEEK_VIEW.html">Tjedni prikaz</target>
      <target FeatureID="-1" href="CALE_HLP_CALENDAR_DATABASE_SETTINGS.html">Postavke za više kalendara</target>
      <target FeatureID="-1" href="CALE_HLP_CALE_MAN_VIEW.html">Prikaz upravljanja kalendarima</target>
      <target FeatureID="-1" href="CALE_HLP_ATTACH_VIEW.html">Prikaz privitka</target>
      <target FeatureID="-1" href="CALE_HLP_MAV.html">Prikaz propuštenih alarma</target>
   </keywords>
   <keywords>
      <text FeatureID="-1">sastanci</text>
      <target FeatureID="-1" href="CALE_HLP_NOTE_VIEWER.html">Zapisi u kalendar</target>
      <target FeatureID="-1" href="CALE_HLP_NOTE_MEETING.html">Zapisi za sastanak</target>
   </keywords>
   <keywords>
      <text FeatureID="-1">zapisi obveza</text>
      <target FeatureID="-1" href="CALE_HLP_NOTE_VIEWER.html">Zapisi u kalendar</target>
      <target FeatureID="-1" href="CALE_HLP_TODO_NOTE.html">Zapisi obveza</target>
   </keywords>
   <keywords>
      <text FeatureID="-1">kalendar, postavke</text>
      <target FeatureID="-1" href="CALE_HLP_SETTINGS.html">Postavke kalendara</target>
   </keywords>
   <keywords>
      <text FeatureID="-1">popis obveza</text>
      <target FeatureID="-1" href="CALE_HLP_TODO_VIEW.html">Prikaz obveza</target>
   </keywords>
   <keywords>
      <text FeatureID="-1">postavke, kalendar</text>
      <target FeatureID="-1" href="CALE_HLP_CALENDAR_DATABASE_SETTINGS.html">Postavke za više kalendara</target>
   </keywords>
   <keywords>
      <text FeatureID="-1">privici</text>
      <target FeatureID="-1" href="CALE_HLP_ATTACH_VIEW.html">Prikaz privitka</target>
   </keywords>
   <keywords>
      <text FeatureID="-1">alarmi, zapis kalendara</text>
      <target FeatureID="-1" href="CALE_HLP_MAV.html">Prikaz propuštenih alarma</target>
   </keywords>
</keywords>