<?xml version="1.0" encoding="UTF-8"?>
<keywords>
   <keywords>
      <text FeatureID="-1">αναπαραγωγή αρχείων Flash</text>
      <target FeatureID="-1" href="FLITE_HLP_STOPPED.html">Τερματισμός αναπαραγωγής Flash</target>
      <target FeatureID="-1" href="FLITE_HLP_VIEWER_PAUSED.html">Παύση αναπαραγωγής Flash</target>
      <target FeatureID="-1" href="FLITE_HLP_VIEWER_PLAY.html">Αναπαραγωγή αρχείων Flash</target>
   </keywords>
   <keywords>
      <text FeatureID="-1">Αναπαραγωγή Flash</text>
      <target FeatureID="-1" href="FLITE_HLP_STOPPED.html">Τερματισμός αναπαραγωγής Flash</target>
      <target FeatureID="-1" href="FLITE_HLP_VIEWER_PAUSED.html">Παύση αναπαραγωγής Flash</target>
      <target FeatureID="-1" href="FLITE_HLP_VIEWER_PLAY.html">Αναπαραγωγή αρχείων Flash</target>
   </keywords>
</keywords>