<?xml version="1.0" encoding="UTF-8"?>
<keywords>
   <keywords>
      <text FeatureID="true_11008 false_11008">cihazın kaydı</text>
      <target FeatureID="true_11008" href="DRM_HLP_REGISTRATION_METERING.html">Cihazın kaydı</target>
      <target FeatureID="false_11008" href="DRM_HLP_REGISTRATION.html">Cihazın kaydı</target>
   </keywords>
   <keywords>
      <text FeatureID="true_11008">sessiz hakların alımı</text>
      <target FeatureID="true_11008" href="DRM_HLP_REGISTRATION_METERING.html">Cihazın kaydı</target>
   </keywords>
   <keywords>
      <text FeatureID="true_11008">ölçüm</text>
      <target FeatureID="true_11008" href="DRM_HLP_REGISTRATION_METERING.html">Cihazın kaydı</target>
   </keywords>
</keywords>