<?xml version="1.0" encoding="UTF-8"?>
<keywords>
   <keywords>
      <text FeatureID="-1">Foton</text>
      <target FeatureID="-1" href="LGAL_HLP_ALBUM_LIST.html">Album</target>
      <target FeatureID="-1" href="LGAL_HLP_ALL_GRID.html">Bläddra bland alla mediefiler</target>
      <target FeatureID="-1" href="LGAL_HLP_ALBUM_GRID.html">Bläddra bland mediefiler i album</target>
      <target FeatureID="-1" href="LGAL_HLP_TAGS_GRID.html">Bläddra bland märkta mediefiler</target>
      <target FeatureID="-1" href="LGAL_HLP_DETAILS_VIEW.html">Visa och redigera filinformation</target>
      <target FeatureID="-1" href="LGAL_HLP_TAGS_BROWSER.html">Märkningar</target>
      <target FeatureID="-1" href="LGAL_HLP_MONTH_FULLSCREEN.html">Visa mediefiler per månad</target>
      <target FeatureID="-1" href="LGAL_HLP_MONTH_GRID.html">Bläddra bland mediefiler per månad</target>
      <target FeatureID="-1" href="LGAL_HLP_VIEW_LIST.html">Foton</target>
      <target FeatureID="-1" href="LGAL_HLP_MONTH_LIST.html">Månader</target>
      <target FeatureID="-1" href="LGAL_HLP_SLIDESHOW_SETTINGS.html">Bildspelsinställningar</target>
      <target FeatureID="-1" href="LGAL_HLP_ALL_FULLSCREEN.html">Visa alla mediefiler</target>
      <target FeatureID="-1" href="LGAL_HLP_ALBUM_FULLSCREEN.html">Visa mediefiler i album</target>
      <target FeatureID="-1" href="LGAL_HLP_TAGS_FULLSCREEN.html">Visa märkta mediefiler</target>
   </keywords>
   <keywords>
      <text FeatureID="-1">album</text>
      <target FeatureID="-1" href="LGAL_HLP_ALBUM_LIST.html">Album</target>
      <target FeatureID="-1" href="LGAL_HLP_ALBUM_GRID.html">Bläddra bland mediefiler i album</target>
      <target FeatureID="-1" href="LGAL_HLP_VIEW_LIST.html">Foton</target>
      <target FeatureID="-1" href="LGAL_HLP_ALBUM_FULLSCREEN.html">Visa mediefiler i album</target>
   </keywords>
   <keywords>
      <text FeatureID="-1">märkningar</text>
      <target FeatureID="-1" href="LGAL_HLP_TAGS_GRID.html">Bläddra bland märkta mediefiler</target>
      <target FeatureID="-1" href="LGAL_HLP_TAGS_BROWSER.html">Märkningar</target>
      <target FeatureID="-1" href="LGAL_HLP_TAGS_FULLSCREEN.html">Visa märkta mediefiler</target>
   </keywords>
   <keywords>
      <text FeatureID="-1">etiketter</text>
      <target FeatureID="-1" href="LGAL_HLP_VIEW_LIST.html">Foton</target>
   </keywords>
   <keywords>
      <text FeatureID="-1">bildspel</text>
      <target FeatureID="-1" href="LGAL_HLP_SLIDESHOW_SETTINGS.html">Bildspelsinställningar</target>
   </keywords>
</keywords>