<?xml version="1.0" encoding="UTF-8"?>
<keywords>
   <keywords>
      <text FeatureID="-1">споделяне на видео</text>
      <target FeatureID="true_208" href="MSH_HLP_LIVE.html">Споделяне на видео на живо</target>
      <target FeatureID="-1" href="MSH_HLP_CLIP.html">Споделяне на видеоклипове</target>
      <target FeatureID="-1" href="MSH_HLP_SETTINGS.html">Настройки за споделяне на видео</target>
      <target FeatureID="-1" href="MSH_HLP_RECEIVE.html">Преглед на споделено видео</target>
   </keywords>
</keywords>