<?xml version="1.0" encoding="UTF-8"?>
<keywords>
   <keywords>
      <text FeatureID="-1">Mail for Exchange</text>
      <target FeatureID="-1" href="FSE_HLP_MFE_LAUNCHER_MAIN_VIEW.html">Mail for Exchange-e-post</target>
   </keywords>
   <keywords>
      <text FeatureID="-1">avancerade inställningar för e-postkontot</text>
      <target FeatureID="-1" href="FSE_HLP_MFE_SETTINGS_ADVANCED.html">Avancerade inställningar för brevlåda</target>
   </keywords>
   <keywords>
      <text FeatureID="-1">inställningar för e-postsynkronisering</text>
      <target FeatureID="-1" href="FSE_HLP_MFE_SETTINGS_PIM_APPS.html">Inställningar för synkronisering av program</target>
   </keywords>
   <keywords>
      <text FeatureID="-1">kalendersynkronisering</text>
      <target FeatureID="-1" href="FSE_HLP_MFE_CALENDAR_APP.html">Inställningar för synkronisering av kalendern</target>
   </keywords>
   <keywords>
      <text FeatureID="-1">kontaktsynkronisering,</text>
      <target FeatureID="-1" href="FSE_HLP_MFE_CONTACTS_APP.html">Inställningar för synkronisering av kontakter</target>
   </keywords>
   <keywords>
      <text FeatureID="-1">e-postkonto­inställningar</text>
      <target FeatureID="-1" href="FSE_HLP_MFE_SETTINGS_MAILBOX.html">Allmänna brevlådeinställningar</target>
   </keywords>
   <keywords>
      <text FeatureID="-1">innehåll för e-postsynkronisering</text>
      <target FeatureID="-1" href="FSE_HLP_MFE_SETTINGS_WHAT_SYNC.html">Välj synkinnehåll</target>
   </keywords>
   <keywords>
      <text FeatureID="-1">tid för e-postsynkronisering</text>
      <target FeatureID="-1" href="FSE_HLP_MFE_SETTINGS_WHEN_SYNC.html">Välj synktid</target>
   </keywords>
   <keywords>
      <text FeatureID="-1">synkronisering av e-postmappar</text>
      <target FeatureID="-1" href="FSE_HLP_MFE_SETTINGS_FOLDER.html">Inställningar för synkronisering</target>
   </keywords>
   <keywords>
      <text FeatureID="-1">e-post­inställningar</text>
      <target FeatureID="-1" href="FSE_HLP_MFE_SETTINGS_MAIN_VIEW.html">Inställningar för e-post</target>
   </keywords>
   <keywords>
      <text FeatureID="-1">synkronisering av att göra-poster</text>
      <target FeatureID="-1" href="FSE_HLP_MFE_TASKS_APP.html">Inställningar för synkronisering av att göra-poster</target>
   </keywords>
</keywords>