<?xml version="1.0" encoding="UTF-8"?>
<keywords>
   <keywords>
      <text FeatureID="-1">‏VPN (شبکه مجازی خصوصی)</text>
      <target FeatureID="-1" href="SET_HLP_VPN_LOG_VIEW.html">دفترچه ثبت VPN</target>
      <target FeatureID="-1" href="SET_HLP_VPN_CONFIG_MAIN.html">مدیریت ‪VPN‬</target>
      <target FeatureID="-1" href="SET_HLP_VPN_POLICY_VIEW.html">سندهای ‪VPN‬</target>
      <target FeatureID="-1" href="SET_HLP_VPN_POLICY_SERVERS.html">سرورهای سند ‪VPN‬</target>
      <target FeatureID="-1" href="SET_HLP_VPN_POLICY_SERVER_SET.html">تنظیمات سرور ‪VPN‬</target>
   </keywords>
</keywords>