<?xml version="1.0" encoding="UTF-8"?>
<keywords>
   <keywords>
      <text FeatureID="-1">temas de áudio</text>
      <target FeatureID="-1" href="AUDIOTHEME_HLP_EVENTGROUPS.html">Alterar temas de áudio</target>
      <target FeatureID="-1" href="SET_HLP_AUDIO_THEME_EVENTSLIST.html">Sons de eventos do dispositivo</target>
   </keywords>
   <keywords>
      <text FeatureID="-1">personalizar o dispositivo</text>
      <target FeatureID="-1" href="AUDIOTHEME_HLP_EVENTGROUPS.html">Alterar temas de áudio</target>
      <target FeatureID="-1" href="SET_HLP_AUDIO_THEME_EVENTSLIST.html">Sons de eventos do dispositivo</target>
   </keywords>
   <keywords>
      <text FeatureID="-1">sons do dispositivo</text>
      <target FeatureID="-1" href="AUDIOTHEME_HLP_EVENTGROUPS.html">Alterar temas de áudio</target>
      <target FeatureID="-1" href="SET_HLP_AUDIO_THEME_EVENTSLIST.html">Sons de eventos do dispositivo</target>
   </keywords>
</keywords>