<?xml version="1.0" encoding="UTF-8"?>
<keywords>
   <keywords>
      <text FeatureID="-1">piltide muutmine</text>
      <target FeatureID="-1" href="SIE_HLP_MAIN.html">Piltide muutmine</target>
   </keywords>
   <keywords>
      <text FeatureID="-1">teksti redigeerimine</text>
      <target FeatureID="-1" href="SIE_HLP_EDIT_TEXT.html">Teksti redigeerimine piltidel</target>
   </keywords>
   <keywords>
      <text FeatureID="-1">pildiredaktor</text>
      <target FeatureID="-1" href="SIE_HLP_EDIT_TEXT.html">Teksti redigeerimine piltidel</target>
   </keywords>
   <keywords>
      <text FeatureID="-1">suumitud piltide töötlemine</text>
      <target FeatureID="-1" href="SIE_HLP_ZOOMING.html">Suumitud piltide töötlemine</target>
   </keywords>
   <keywords>
      <text FeatureID="-1">piltide suumimine</text>
      <target FeatureID="-1" href="SIE_HLP_ZOOMING.html">Suumitud piltide töötlemine</target>
   </keywords>
   <keywords>
      <text FeatureID="-1">lõikepildi muutmine</text>
      <target FeatureID="-1" href="SIE_HLP_EDIT_CLIPART.html">Lõikepildi muutmine</target>
   </keywords>
   <keywords>
      <text FeatureID="-1">jutumullide muutmine</text>
      <target FeatureID="-1" href="SIE_HLP_EDIT_CLIPART.html">Lõikepildi muutmine</target>
   </keywords>
   <keywords>
      <text FeatureID="-1">punasilmsuse vähendamine</text>
      <target FeatureID="-1" href="SIE_HLP_REDEYE.html">Punasilmsuse vähendamine</target>
   </keywords>
</keywords>