<?xml version="1.0" encoding="UTF-8"?><?xml-stylesheet  href="../../theme/xsl/index2html.xslt" type="text/xsl"?>
<topics FeatureID="-1" title="Cámara" compressed="true">
   <topicref FeatureID="-1" href="LCAM_HLP_VIEWFINDER_PHOTO.html" navtitle="Capturar imágenes"/>
   <topicref FeatureID="-1" href="LCAM_HLP_LIGHT_SENSITIVITY.html" navtitle="Cambiar la sensibilidad de la luz"/>
   <topicref FeatureID="-1" href="LCAM_HLP_SETTINGS_PHOUSER.html" navtitle="Definir escenas"/>
   <topicref FeatureID="-1" href="LCAM_HLP_SCENES_PHOTO.html" navtitle="Escenas de imágenes"/>
   <topicref FeatureID="-1" href="LCAM_HLP_SETTINGS.html" navtitle="Ajustes de la cámara"/>
   <topicref FeatureID="-1" href="LCAM_HLP_SETTINGS_PHOTO.html" navtitle="Ajustes de imagen"/>
   <topicref FeatureID="-1" href="LCAM_HLP_VIEWFINDER_VIDEO.html" navtitle="Grabación de videoclips"/>
   <topicref FeatureID="-1" href="LCAM_HLP_SCENES_VIDEO.html" navtitle="Escenas de vídeo"/>
   <topicref FeatureID="-1" href="LCAM_HLP_SETTINGS_VIDEO.html" navtitle="Ajustes de vídeo"/>
   <topicref FeatureID="-1" href="LCAM_HLP_VIEWFINDER_VIDEO_EM.html" navtitle="Vídeos en aplicaciones"/>
   <topicref FeatureID="-1" href="LCAM_HLP_STANDBY_EM.html" navtitle="La cámara no está activa"/>
   <topicref FeatureID="-1" href="LCAM_HLP_POST_VIDEO.html" navtitle="Reproducir videoclips"/>
   <topicref FeatureID="-1" href="LCAM_HLP_VIEWFINDER_PHOTO_EM.html" navtitle="Imágenes en aplicaciones"/>
   <topicref FeatureID="-1" href="LCAM_HLP_POST_PHOTO.html" navtitle="Visualización de imágenes capturadas"/>
</topics>