<?xml version="1.0" encoding="UTF-8"?>
<keywords>
   <keywords>
      <text FeatureID="-1">cámara</text>
      <target FeatureID="-1" href="LCAM_HLP_VIEWFINDER_PHOTO.html">Capturar imágenes</target>
      <target FeatureID="false_410" href="LCAM_HLP_LIGHT_SENSITIVITY.html">Cambiar sensibilidad de la luz</target>
      <target FeatureID="-1" href="LCAM_HLP_SCENES_PHOTO.html">Escenas de imágenes</target>
      <target FeatureID="-1" href="LCAM_HLP_VIEWFINDER_VIDEO.html">Grabación de videoclips</target>
      <target FeatureID="false_410" href="LCAM_HLP_SCENES_VIDEO.html">Escenas de vídeo</target>
      <target FeatureID="-1" href="LCAM_HLP_VIEWFINDER_VIDEO_EM.html">Vídeos en aplicaciones</target>
      <target FeatureID="false_410" href="LCAM_HLP_STANDYBY_EM.html">La cámara no está activa</target>
      <target FeatureID="-1" href="LCAM_HLP_POST_VIDEO.html">Reproducir videoclips</target>
      <target FeatureID="-1" href="LCAM_HLP_POST_PHOTO.html">Visualización de imágenes capturadas</target>
      <target FeatureID="true_132" href="LCAM_HLP_POST_SEQ.html">Vea imágenes capturadas en secuencia</target>
   </keywords>
   <keywords>
      <text FeatureID="-1">captura de imágenes</text>
      <target FeatureID="-1" href="LCAM_HLP_VIEWFINDER_PHOTO.html">Capturar imágenes</target>
   </keywords>
   <keywords>
      <text FeatureID="false_410">sensibilidad de luz</text>
      <target FeatureID="false_410" href="LCAM_HLP_LIGHT_SENSITIVITY.html">Cambiar sensibilidad de la luz</target>
   </keywords>
   <keywords>
      <text FeatureID="-1">escenas de la cámara</text>
      <target FeatureID="-1" href="LCAM_HLP_SETTINGS_PHOUSER.html">Definir escenas</target>
   </keywords>
   <keywords>
      <text FeatureID="-1">escenas</text>
      <target FeatureID="-1" href="LCAM_HLP_SCENES_PHOTO.html">Escenas de imágenes</target>
   </keywords>
   <keywords>
      <text FeatureID="-1">ajustes de la cámara</text>
      <target FeatureID="-1" href="LCAM_HLP_SETTINGS.html">Ajustes de la cámara</target>
   </keywords>
   <keywords>
      <text FeatureID="-1">cámara, ajustes</text>
      <target FeatureID="-1" href="LCAM_HLP_SETTINGS_PHOTO.html">Ajustes de imagen</target>
      <target FeatureID="-1" href="LCAM_HLP_SETTINGS_VIDEO.html">Ajustes de vídeo</target>
   </keywords>
   <keywords>
      <text FeatureID="-1">grabación de vídeo</text>
      <target FeatureID="-1" href="LCAM_HLP_VIEWFINDER_VIDEO.html">Grabación de videoclips</target>
   </keywords>
   <keywords>
      <text FeatureID="false_410">escenas de vídeo</text>
      <target FeatureID="false_410" href="LCAM_HLP_SCENES_VIDEO.html">Escenas de vídeo</target>
   </keywords>
   <keywords>
      <text FeatureID="-1">vídeo, ajustes</text>
      <target FeatureID="-1" href="LCAM_HLP_SETTINGS_VIDEO.html">Ajustes de vídeo</target>
   </keywords>
   <keywords>
      <text FeatureID="-1">videoclips en aplicaciones</text>
      <target FeatureID="-1" href="LCAM_HLP_VIEWFINDER_VIDEO_EM.html">Vídeos en aplicaciones</target>
   </keywords>
   <keywords>
      <text FeatureID="-1">reproducción de videoclips</text>
      <target FeatureID="-1" href="LCAM_HLP_POST_VIDEO.html">Reproducir videoclips</target>
   </keywords>
   <keywords>
      <text FeatureID="-1">cámara en aplicaciones</text>
      <target FeatureID="-1" href="LCAM_HLP_VIEWFINDER_PHOTO_EM.html">Imágenes en aplicaciones</target>
   </keywords>
   <keywords>
      <text FeatureID="-1">visualización de imágenes</text>
      <target FeatureID="-1" href="LCAM_HLP_POST_PHOTO.html">Visualización de imágenes capturadas</target>
   </keywords>
   <keywords>
      <text FeatureID="true_132">modo secuencia</text>
      <target FeatureID="true_132" href="LCAM_HLP_POST_SEQ.html">Vea imágenes capturadas en secuencia</target>
   </keywords>
</keywords>