<?xml version="1.0" encoding="UTF-8"?>
<keywords>
   <keywords>
      <text FeatureID="-1">commandes vocales</text>
      <target FeatureID="true_72" href="HLP_VC_SIND_FOLDER.html">Ecran d'application</target>
      <target FeatureID="true_72" href="HLP_VC_SIND_MAIN.html">Utiliser les commandes vocales</target>
      <target FeatureID="-1" href="VCINFO_HLP_MAINVIEW.html">Pour les contacts</target>
   </keywords>
   <keywords>
      <text FeatureID="-1">paramètres des commandes vocales</text>
      <target FeatureID="-1" href="HLP_VC_SET.html">Paramètres des commandes vocales</target>
   </keywords>
</keywords>