<?xml version="1.0" encoding="UTF-8"?>
<keywords>
   <keywords>
      <text FeatureID="-1">תעודות</text>
      <target FeatureID="-1" href="AM_HLP_GENERAL_SETTINGS.html">הגדרות תעודות</target>
   </keywords>
   <keywords>
      <text FeatureID="-1">הגדרות, תעודות</text>
      <target FeatureID="-1" href="AM_HLP_GENERAL_SETTINGS.html">הגדרות תעודות</target>
   </keywords>
   <keywords>
      <text FeatureID="-1">התקנת יישומים</text>
      <target FeatureID="-1" href="AM_HLP_NOT_INSTALLED.html">קובצי התקנה</target>
      <target FeatureID="-1" href="AM_HLP_APPLICATION.html">ניהול יישומים</target>
   </keywords>
   <keywords>
      <text FeatureID="-1">יישומים שאינם מותקנים</text>
      <target FeatureID="-1" href="AM_HLP_NOT_INSTALLED.html">קובצי התקנה</target>
   </keywords>
   <keywords>
      <text FeatureID="-1">יישומים מותקנים</text>
      <target FeatureID="-1" href="AM_HLP_INSTALLED.html">יישומים מותקנים</target>
   </keywords>
   <keywords>
      <text FeatureID="-1">התקנת תוכנה</text>
      <target FeatureID="-1" href="AM_HLP_APPLICATION.html">ניהול יישומים</target>
   </keywords>
   <keywords>
      <text FeatureID="-1">בקשות הרשאה</text>
      <target FeatureID="-1" href="AM_HLP_INSTALL_CAPAB.html">בקשות הרשאה</target>
   </keywords>
   <keywords>
      <text FeatureID="-1">התקנה לא מהימנה</text>
      <target FeatureID="-1" href="AM_HLP_INSTALL_UNTRUSTED.html">התקנה לא מהימנה</target>
   </keywords>
</keywords>