<?xml version="1.0" encoding="UTF-8"?>
<keywords>
   <keywords>
      <text FeatureID="true_1604">text input</text>
      <target FeatureID="true_1604" href="HWR_HLP_MAIN_VIEW.html">Nhận diện chữ viết tay</target>
   </keywords>
   <keywords>
      <text FeatureID="true_1604">nhận diện chữ viết tay</text>
      <target FeatureID="true_1604" href="HWR_HLP_MAIN_VIEW.html">Nhận diện chữ viết tay</target>
   </keywords>
   <keywords>
      <text FeatureID="true_1603 true_410">màn hình cảm ứng</text>
      <target FeatureID="true_1603" href="VQWERTY_HLP_MAIN_VIEW.html">Bàn phím ảo</target>
      <target FeatureID="true_410" href="VITU_HLP_MAIN_VIEW.html">Bàn phím ảo</target>
   </keywords>
   <keywords>
      <text FeatureID="true_410">bàn phím ảo</text>
      <target FeatureID="true_410" href="VITU_HLP_MAIN_VIEW.html">Bàn phím ảo</target>
   </keywords>
</keywords>