<?xml version="1.0" encoding="UTF-8"?>
<keywords>
   <keywords>
      <text FeatureID="-1">съдържание за споделяне</text>
      <target FeatureID="-1" href="UPNP_HLP_SHARE_CONTENT.html">Избор на съдържание за споделяне</target>
   </keywords>
   <keywords>
      <text FeatureID="-1">домашна мултимедия</text>
      <target FeatureID="-1" href="UPNP_HLP_SHARE_CONTENT.html">Избор на съдържание за споделяне</target>
      <target FeatureID="-1" href="UPNP_HLP_SHARING_PROP.html">Настройки за споделяне</target>
      <target FeatureID="-1" href="UPNP_HLP_MAIN_VIEW.html">Домашна мултимедия</target>
      <target FeatureID="-1" href="UPNP_HLP_MAIN_EXTERNAL.html">Устройства на домашната мултимедия</target>
      <target FeatureID="-1" href="UPNP_HLP_CONTENT_VIEW.html">Файлове с домашна мултимедия</target>
      <target FeatureID="-1" href="UPNP_HLP_REMOTE_DEVICES.html">Папки на домашна мултимедия</target>
      <target FeatureID="-1" href="UPNP_HLP_SEARCH.html">Резултати от търсене</target>
   </keywords>
   <keywords>
      <text FeatureID="-1">споделяне на изображения и видеоклипове</text>
      <target FeatureID="-1" href="UPNP_HLP_SHARE_CONTENT.html">Избор на съдържание за споделяне</target>
   </keywords>
   <keywords>
      <text FeatureID="-1">споделяне на мултимедийни файлове</text>
      <target FeatureID="-1" href="UPNP_HLP_SHARING_PROP.html">Настройки за споделяне</target>
      <target FeatureID="-1" href="UPNP_HLP_MAIN_VIEW.html">Домашна мултимедия</target>
      <target FeatureID="-1" href="UPNP_HLP_MAIN_EXTERNAL.html">Устройства на домашната мултимедия</target>
      <target FeatureID="-1" href="UPNP_HLP_CONTENT_VIEW.html">Файлове с домашна мултимедия</target>
      <target FeatureID="-1" href="UPNP_HLP_REMOTE_DEVICES.html">Папки на домашна мултимедия</target>
      <target FeatureID="-1" href="UPNP_HLP_SEARCH.html">Резултати от търсене</target>
   </keywords>
   <keywords>
      <text FeatureID="-1">преглед на файлове на външно устройство</text>
      <target FeatureID="-1" href="UPNP_HLP_SHARING_PROP.html">Настройки за споделяне</target>
      <target FeatureID="-1" href="UPNP_HLP_MAIN_VIEW.html">Домашна мултимедия</target>
      <target FeatureID="-1" href="UPNP_HLP_MAIN_EXTERNAL.html">Устройства на домашната мултимедия</target>
      <target FeatureID="-1" href="UPNP_HLP_CONTENT_VIEW.html">Файлове с домашна мултимедия</target>
      <target FeatureID="-1" href="UPNP_HLP_REMOTE_DEVICES.html">Папки на домашна мултимедия</target>
      <target FeatureID="-1" href="UPNP_HLP_SEARCH.html">Резултати от търсене</target>
   </keywords>
   <keywords>
      <text FeatureID="-1">настройки за споделяне</text>
      <target FeatureID="-1" href="UPNP_HLP_SHARING_PROP.html">Настройки за споделяне</target>
   </keywords>
</keywords>