<?xml version="1.0" encoding="UTF-8"?>
<keywords>
   <keywords>
      <text FeatureID="true_298">telefonski odzivnik</text>
      <target FeatureID="true_298" href="SMSVO_HLP_CS_VIDEO_AND_XSP_VOIP.html">Telefonski, video in internetni predal</target>
   </keywords>
   <keywords>
      <text FeatureID="true_298">internetni predal</text>
      <target FeatureID="true_298" href="SMSVO_HLP_CS_VIDEO_AND_XSP_VOIP.html">Telefonski, video in internetni predal</target>
   </keywords>
   <keywords>
      <text FeatureID="true_298">telefonski predal</text>
      <target FeatureID="true_298" href="SMSVO_HLP_CS_VIDEO_AND_XSP_VOIP.html">Telefonski, video in internetni predal</target>
   </keywords>
   <keywords>
      <text FeatureID="-1">internetni klici</text>
      <target FeatureID="-1" href="VOIP_HLP_CSC.html">Mrežne nastavitve</target>
      <target FeatureID="true_298" href="VOIP_HLP_SERVCATALOG.html">Katalog storitev</target>
      <target FeatureID="-1" href="SERVTAB_HLP_SETTINGS.html">Kartica z nastavitvami storitve</target>
   </keywords>
</keywords>