<?xml version="1.0" encoding="UTF-8"?>
<keywords>
   <keywords>
      <text FeatureID="-1">configuraciones de la cuenta de e-mail</text>
      <target FeatureID="-1" href="FSE_HLP_IMS_SETTINGS_ACCT_INFO.html">Configuraciones de cuenta de e-mail</target>
   </keywords>
   <keywords>
      <text FeatureID="-1">config. avanzadas de buzón de correo</text>
      <target FeatureID="-1" href="FSE_HLP_IMS_SETTINGS_ADVANCED.html">Configuraciones avanzadas del buzón de correo</target>
   </keywords>
   <keywords>
      <text FeatureID="-1">config. buzón correo</text>
      <target FeatureID="-1" href="FSE_HLP_IMS_SETTINGS_MAILBOX.html">Configuraciones de buzón de correo</target>
   </keywords>
   <keywords>
      <text FeatureID="-1">contenido sincronización de e-mail</text>
      <target FeatureID="-1" href="FSE_HLP_IMS_SETTINGS_WHAT_SYNC.html">Definir contenido de sincronización</target>
   </keywords>
   <keywords>
      <text FeatureID="-1">hora de sincronización de e-mail</text>
      <target FeatureID="-1" href="FSE_HLP_IMS_SETTINGS_WHEN_SYNC.html">Definir hora de sincronización</target>
   </keywords>
   <keywords>
      <text FeatureID="-1">sincronización de carpeta de e-mail</text>
      <target FeatureID="-1" href="FSE_HLP_IMS_SETTINGS_FOLDER.html">Sincronizar carpetas de e-mail</target>
   </keywords>
   <keywords>
      <text FeatureID="-1">configuraciones del servicio de e-mail</text>
      <target FeatureID="-1" href="FSE_HLP_SETTINGS_INTELL_LIST.html">Configuraciones del servicio de e-mail</target>
   </keywords>
   <keywords>
      <text FeatureID="-1">config. de e-mail</text>
      <target FeatureID="-1" href="FSE_HLP_IMS_SETTINGS_MAIN_VIEW.html">Configuraciones de e-mail</target>
   </keywords>
   <keywords>
      <text FeatureID="-1">Intellisync</text>
      <target FeatureID="-1" href="FSE_HLP_IMS_LAUNCHER_MAIN_VIEW.html">E-mail de Intellisync</target>
   </keywords>
</keywords>