<?xml version="1.0" encoding="UTF-8"?><?xml-stylesheet  href="../../theme/xsl/index2html.xslt" type="text/xsl"?>
<topics FeatureID="-1" title="網路" compressed="true">
   <topicref FeatureID="-1" href="OSS_HLP_BM_ADDBM.html" navtitle="加入書籤"/>
   <topicref FeatureID="true_167" href="OSS_HLP_RSS_ADD.html" navtitle="加入網路收取點"/>
   <topicref FeatureID="-1" href="OSS_HLP_PAGEVIEW.html" navtitle="瀏覽網路"/>
   <topicref FeatureID="-1" href="OSS_HLP_BM_MAIN.html" navtitle="瀏覽書籤"/>
   <topicref FeatureID="-1" href="OSS_HLP_BM_EDIT.html" navtitle="編輯書籤"/>
   <topicref FeatureID="true_167" href="OSS_HLP_RSS_EDIT.html" navtitle="編輯網路收取點"/>
   <topicref FeatureID="-1" href="OSS_HLP_SETTINGS_GENERAL.html" navtitle="一般設定"/>
   <topicref FeatureID="-1" href="OSS_HLP_SETTINGS_PAGE.html" navtitle="網頁設定"/>
   <topicref FeatureID="-1" href="OSS_HLP_SETTINGS_PRIVACY.html" navtitle="保密設定"/>
   <topicref FeatureID="true_167" href="OSS_HLP_RSS_ARTICLE.html" navtitle="網路收取點的文章"/>
   <topicref FeatureID="true_167" href="OSS_HLP_SETTINGS_RSS.html" navtitle="網路收取點設定"/>
   <topicref FeatureID="true_167" href="OSS_HLP_RSS_ARTICLELST.html" navtitle="網路收取點"/>
   <topicref FeatureID="-1" href="OSS_HLP_PAGEVIEW_EMBED.html" navtitle="應用程式中的網路"/>
   <topicref FeatureID="-1" href="OSS_HLP_SETTINGS_FOLDERS.html" navtitle="網路設定"/>
   <topicref FeatureID="true_167" href="OSS_HLP_RSS_MAIN.html" navtitle="網路收取點和部落格"/>
   <topicref FeatureID="false_410" href="OSS_HLP_SHORTCUTS.html" navtitle="工具列捷徑"/>
   <topicref FeatureID="false_410" href="OSS_HLP_KEYPAD.html" navtitle="鍵盤捷徑"/>
</topics>