<?xml version="1.0" encoding="UTF-8"?>
<keywords>
   <keywords>
      <text FeatureID="-1">書籤</text>
      <target FeatureID="-1" href="OSS_HLP_BM_ADDBM.html">加入書籤</target>
      <target FeatureID="-1" href="OSS_HLP_BM_MAIN.html">瀏覽書籤</target>
      <target FeatureID="-1" href="OSS_HLP_BM_EDIT.html">編輯書籤</target>
   </keywords>
   <keywords>
      <text FeatureID="-1">瀏覽器書籤</text>
      <target FeatureID="-1" href="OSS_HLP_BM_ADDBM.html">加入書籤</target>
      <target FeatureID="-1" href="OSS_HLP_BM_EDIT.html">編輯書籤</target>
   </keywords>
   <keywords>
      <text FeatureID="-1">網路</text>
      <target FeatureID="-1" href="OSS_HLP_BM_ADDBM.html">加入書籤</target>
      <target FeatureID="true_167" href="OSS_HLP_RSS_ADD.html">加入網路收取點</target>
      <target FeatureID="-1" href="OSS_HLP_PAGEVIEW.html">瀏覽網路</target>
      <target FeatureID="-1" href="OSS_HLP_BM_EDIT.html">編輯書籤</target>
      <target FeatureID="true_167" href="OSS_HLP_RSS_EDIT.html">編輯網路收取點</target>
      <target FeatureID="true_167" href="OSS_HLP_RSS_ARTICLE.html">網路收取點的文章</target>
      <target FeatureID="true_167" href="OSS_HLP_RSS_ARTICLELST.html">網路收取點</target>
      <target FeatureID="true_167" href="OSS_HLP_RSS_MAIN.html">網路收取點和部落格</target>
   </keywords>
   <keywords>
      <text FeatureID="true_167">收取點</text>
      <target FeatureID="true_167" href="OSS_HLP_RSS_ADD.html">加入網路收取點</target>
      <target FeatureID="true_167" href="OSS_HLP_RSS_EDIT.html">編輯網路收取點</target>
      <target FeatureID="true_167" href="OSS_HLP_RSS_ARTICLE.html">網路收取點的文章</target>
      <target FeatureID="true_167" href="OSS_HLP_RSS_ARTICLELST.html">網路收取點</target>
      <target FeatureID="true_167" href="OSS_HLP_RSS_MAIN.html">網路收取點和部落格</target>
   </keywords>
   <keywords>
      <text FeatureID="true_167">RSS 收取點</text>
      <target FeatureID="true_167" href="OSS_HLP_RSS_ADD.html">加入網路收取點</target>
      <target FeatureID="true_167" href="OSS_HLP_RSS_ARTICLE.html">網路收取點的文章</target>
      <target FeatureID="true_167" href="OSS_HLP_RSS_ARTICLELST.html">網路收取點</target>
      <target FeatureID="true_167" href="OSS_HLP_RSS_MAIN.html">網路收取點和部落格</target>
   </keywords>
   <keywords>
      <text FeatureID="true_167">新聞和部落格</text>
      <target FeatureID="true_167" href="OSS_HLP_RSS_ADD.html">加入網路收取點</target>
      <target FeatureID="true_167" href="OSS_HLP_RSS_ARTICLE.html">網路收取點的文章</target>
      <target FeatureID="true_167" href="OSS_HLP_RSS_ARTICLELST.html">網路收取點</target>
      <target FeatureID="true_167" href="OSS_HLP_RSS_MAIN.html">網路收取點和部落格</target>
   </keywords>
   <keywords>
      <text FeatureID="true_167">部落格</text>
      <target FeatureID="true_167" href="OSS_HLP_RSS_ADD.html">加入網路收取點</target>
      <target FeatureID="true_167" href="OSS_HLP_RSS_EDIT.html">編輯網路收取點</target>
      <target FeatureID="true_167" href="OSS_HLP_RSS_ARTICLE.html">網路收取點的文章</target>
      <target FeatureID="true_167" href="OSS_HLP_RSS_ARTICLELST.html">網路收取點</target>
      <target FeatureID="true_167" href="OSS_HLP_RSS_MAIN.html">網路收取點和部落格</target>
   </keywords>
   <keywords>
      <text FeatureID="-1">瀏覽網頁</text>
      <target FeatureID="-1" href="OSS_HLP_PAGEVIEW.html">瀏覽網路</target>
   </keywords>
   <keywords>
      <text FeatureID="-1">瀏覽器</text>
      <target FeatureID="-1" href="OSS_HLP_BM_MAIN.html">瀏覽書籤</target>
   </keywords>
   <keywords>
      <text FeatureID="true_167">rss 收取點</text>
      <target FeatureID="true_167" href="OSS_HLP_RSS_EDIT.html">編輯網路收取點</target>
   </keywords>
   <keywords>
      <text FeatureID="true_167">新聞與部落格</text>
      <target FeatureID="true_167" href="OSS_HLP_RSS_EDIT.html">編輯網路收取點</target>
   </keywords>
   <keywords>
      <text FeatureID="-1">瀏覽器設定</text>
      <target FeatureID="-1" href="OSS_HLP_SETTINGS_GENERAL.html">一般設定</target>
      <target FeatureID="-1" href="OSS_HLP_SETTINGS_PAGE.html">網頁設定</target>
      <target FeatureID="-1" href="OSS_HLP_SETTINGS_PRIVACY.html">保密設定</target>
      <target FeatureID="true_167" href="OSS_HLP_SETTINGS_RSS.html">網路收取點設定</target>
      <target FeatureID="-1" href="OSS_HLP_SETTINGS_FOLDERS.html">網路設定</target>
      <target FeatureID="false_410" href="OSS_HLP_SHORTCUTS.html">工具列捷徑</target>
      <target FeatureID="false_410" href="OSS_HLP_KEYPAD.html">鍵盤捷徑</target>
   </keywords>
   <keywords>
      <text FeatureID="-1">網路設定</text>
      <target FeatureID="-1" href="OSS_HLP_SETTINGS_GENERAL.html">一般設定</target>
      <target FeatureID="-1" href="OSS_HLP_SETTINGS_PAGE.html">網頁設定</target>
      <target FeatureID="-1" href="OSS_HLP_SETTINGS_PRIVACY.html">保密設定</target>
      <target FeatureID="true_167" href="OSS_HLP_SETTINGS_RSS.html">網路收取點設定</target>
      <target FeatureID="-1" href="OSS_HLP_SETTINGS_FOLDERS.html">網路設定</target>
      <target FeatureID="false_410" href="OSS_HLP_SHORTCUTS.html">工具列捷徑</target>
      <target FeatureID="false_410" href="OSS_HLP_KEYPAD.html">鍵盤捷徑</target>
   </keywords>
   <keywords>
      <text FeatureID="-1">設定網路</text>
      <target FeatureID="-1" href="OSS_HLP_SETTINGS_PAGE.html">網頁設定</target>
      <target FeatureID="-1" href="OSS_HLP_SETTINGS_FOLDERS.html">網路設定</target>
   </keywords>
   <keywords>
      <text FeatureID="-1">保密設定</text>
      <target FeatureID="-1" href="OSS_HLP_SETTINGS_PRIVACY.html">保密設定</target>
   </keywords>
   <keywords>
      <text FeatureID="true_167">網路的設定</text>
      <target FeatureID="true_167" href="OSS_HLP_SETTINGS_RSS.html">網路收取點設定</target>
   </keywords>
   <keywords>
      <text FeatureID="-1">開啟特定網頁</text>
      <target FeatureID="-1" href="OSS_HLP_PAGEVIEW_EMBED.html">應用程式中的網路</target>
   </keywords>
   <keywords>
      <text FeatureID="-1">應用程式中的網路</text>
      <target FeatureID="-1" href="OSS_HLP_PAGEVIEW_EMBED.html">應用程式中的網路</target>
   </keywords>
</keywords>