<?xml version="1.0" encoding="UTF-8"?>
<keywords>
   <keywords>
      <text FeatureID="-1">enhets-behandling</text>
      <target FeatureID="-1" href="DM_HLP_MAIN_VIEW.html">Enhetsprogramvare</target>
      <target FeatureID="-1" href="DM_HLP_SETTINGS.html">Innst. for serverprofil</target>
      <target FeatureID="-1" href="DM_HLP_SERVERS_VIEW.html">Ekstern konfigurering</target>
   </keywords>
   <keywords>
      <text FeatureID="-1">konfigureringsinnstillinger</text>
      <target FeatureID="-1" href="DM_HLP_MAIN_VIEW.html">Enhetsprogramvare</target>
   </keywords>
   <keywords>
      <text FeatureID="-1">Enhets­behandling</text>
      <target FeatureID="-1" href="FOTA_HLP_SETTINGS.html">Programvareoppd., innst.</target>
   </keywords>
   <keywords>
      <text FeatureID="-1">programvareoppd., innst.</text>
      <target FeatureID="-1" href="FOTA_HLP_SETTINGS.html">Programvareoppd., innst.</target>
   </keywords>
   <keywords>
      <text FeatureID="-1">innst. for serverprofil</text>
      <target FeatureID="-1" href="DM_HLP_SETTINGS.html">Innst. for serverprofil</target>
   </keywords>
   <keywords>
      <text FeatureID="-1">ekstern konfigurering</text>
      <target FeatureID="-1" href="DM_HLP_SERVERS_VIEW.html">Ekstern konfigurering</target>
   </keywords>
</keywords>