<?xml version="1.0" encoding="UTF-8"?>
<keywords>
   <keywords>
      <text FeatureID="-1">ویرایش تصاویر</text>
      <target FeatureID="-1" href="SIE_HLP_MAIN.html">ویرایش تصاویر</target>
   </keywords>
   <keywords>
      <text FeatureID="-1">ویرایش متن</text>
      <target FeatureID="-1" href="SIE_HLP_EDIT_TEXT.html">ویرایش متن روی تصویر</target>
   </keywords>
   <keywords>
      <text FeatureID="-1">ویرایشگر تصویر</text>
      <target FeatureID="-1" href="SIE_HLP_EDIT_TEXT.html">ویرایش متن روی تصویر</target>
   </keywords>
   <keywords>
      <text FeatureID="-1">ویرایش تصاویر بزرگنمایی شده</text>
      <target FeatureID="-1" href="SIE_HLP_ZOOMING.html">ویرایش تصاویر بزرگنمایی شده</target>
   </keywords>
   <keywords>
      <text FeatureID="-1">بزرگنمایی تصاویر</text>
      <target FeatureID="-1" href="SIE_HLP_ZOOMING.html">ویرایش تصاویر بزرگنمایی شده</target>
   </keywords>
   <keywords>
      <text FeatureID="-1">ویرایش کلیپ هنری</text>
      <target FeatureID="-1" href="SIE_HLP_EDIT_CLIPART.html">ویرایش کلیپ هنری</target>
   </keywords>
   <keywords>
      <text FeatureID="-1">ویرایش حباب های گفتگو</text>
      <target FeatureID="-1" href="SIE_HLP_EDIT_CLIPART.html">ویرایش کلیپ هنری</target>
   </keywords>
   <keywords>
      <text FeatureID="-1">کاهش قرمزی چشم</text>
      <target FeatureID="-1" href="SIE_HLP_REDEYE.html">کاهش قرمزی چشم</target>
   </keywords>
</keywords>