<?xml version="1.0" encoding="UTF-8"?>
<keywords>
   <keywords>
      <text FeatureID="-1">landemerkekategorier</text>
      <target FeatureID="-1" href="LM_HLP_LM_BY_CATEGORY.html">Landemerkekategorier</target>
      <target FeatureID="-1" href="LM_HLP_EDIT_CATEGORIES.html">Redigere landemerkekategorier</target>
   </keywords>
   <keywords>
      <text FeatureID="-1">landemerker</text>
      <target FeatureID="-1" href="LM_HLP_LM_BY_NAME.html">Vise landemerker etter navn</target>
      <target FeatureID="-1" href="LM_HLP_CATEGORY_CONTENTS.html">Landemerker i kategorier</target>
      <target FeatureID="-1" href="LM_HLP_LM_VIEWER.html">Detaljert informasjon om landemerker</target>
   </keywords>
   <keywords>
      <text FeatureID="-1">redigere landemerker</text>
      <target FeatureID="-1" href="LM_HLP_LM_EDITOR.html">Redigere landemerke</target>
   </keywords>
</keywords>