<?xml version="1.0" encoding="UTF-8"?>
<keywords>
   <keywords>
      <text FeatureID="-1">metody zjišťování polohy</text>
      <target FeatureID="-1" href="LOC_HLP_SETTINGS.html">Nastavení zjišť. polohy</target>
   </keywords>
   <keywords>
      <text FeatureID="-1">server zjišťování polohy</text>
      <target FeatureID="-1" href="LOC_HLP_SETTINGS.html">Nastavení zjišť. polohy</target>
   </keywords>
   <keywords>
      <text FeatureID="-1">předvolby systému značení</text>
      <target FeatureID="-1" href="LOC_HLP_SETTINGS.html">Nastavení zjišť. polohy</target>
   </keywords>
</keywords>