<?xml version="1.0" encoding="UTF-8"?>
<keywords>
   <keywords>
      <text FeatureID="-1">VPN (virtuális magánhálózat)</text>
      <target FeatureID="-1" href="SET_HLP_VPN_LOG_VIEW.html">VPN-napló</target>
      <target FeatureID="-1" href="SET_HLP_VPN_CONFIG_MAIN.html">VPN kezelése</target>
      <target FeatureID="-1" href="SET_HLP_VPN_POLICY_VIEW.html">VPN-irányelvek</target>
      <target FeatureID="-1" href="SET_HLP_VPN_POLICY_SERVERS.html">VPN-irányelvszerverek</target>
      <target FeatureID="-1" href="SET_HLP_VPN_POLICY_SERVER_SET.html">VPN-szerver beállításai</target>
   </keywords>
</keywords>