<?xml version="1.0" encoding="UTF-8"?>
<keywords>
   <keywords>
      <text FeatureID="-1">anniversary entries, creating</text>
      <target FeatureID="-1" href="FSCA_HLP_ANNIVERSARY_EDITOR.html">Create anniversary entries</target>
   </keywords>
   <keywords>
      <text FeatureID="-1">meeting entries, creating</text>
      <target FeatureID="-1" href="FSCA_HLP_CALE_MEETING_EDITOR.html">Create meeting entries</target>
   </keywords>
   <keywords>
      <text FeatureID="-1">memo entries, creating</text>
      <target FeatureID="-1" href="FSCA_HLP_MEMO_EDITOR.html">Create memo entries</target>
   </keywords>
   <keywords>
      <text FeatureID="-1">to-do entries, creating</text>
      <target FeatureID="-1" href="FSCA_HLP_TODO_EDITOR.html">Create to-do entries</target>
   </keywords>
   <keywords>
      <text FeatureID="-1">meeting entries, editing</text>
      <target FeatureID="-1" href="FSCA_HLP_CALE_MEETING_VIEWER.html">Edit meeting entries</target>
   </keywords>
   <keywords>
      <text FeatureID="-1">memo entries, editing</text>
      <target FeatureID="-1" href="FSCA_HLP_MEMO_VIEWER.html">Edit memo entries</target>
   </keywords>
   <keywords>
      <text FeatureID="-1">to-do entries, editing</text>
      <target FeatureID="-1" href="FSCA_HLP_TODO_VIEWER.html">Edit to-do entries</target>
   </keywords>
   <keywords>
      <text FeatureID="-1">anniversary entries, viewing</text>
      <target FeatureID="-1" href="FSCA_HLP_ANNI_VIEWER.html">Edit anniversary entries</target>
   </keywords>
   <keywords>
      <text FeatureID="-1">meeting requests, editing responses</text>
      <target FeatureID="-1" href="FSCA_HLP_RESPONSE_EDITOR.html">Edit your response</target>
   </keywords>
   <keywords>
      <text FeatureID="-1">meeting requests, managing</text>
      <target FeatureID="-1" href="FSCA_HLP_VIEWER_ORGANIZER.html">Manage meeting requests</target>
   </keywords>
   <keywords>
      <text FeatureID="-1">meeting requests, editing</text>
      <target FeatureID="-1" href="MEET_REQ_HLP_EDITOR.html">Received meeting requests</target>
   </keywords>
   <keywords>
      <text FeatureID="-1">meeting requests, responding</text>
      <target FeatureID="-1" href="FSCA_HLP_VIEWER.html">Respond to meeting requests</target>
   </keywords>
   <keywords>
      <text FeatureID="-1">contacts</text>
      <target FeatureID="-1" href="RLOOK_HLP_INFO_VIEW.html">Manage the found contact</target>
   </keywords>
   <keywords>
      <text FeatureID="-1">contacts, searching</text>
      <target FeatureID="-1" href="RLOOK_HLP_RESULT_VIEW.html">Search results</target>
   </keywords>
   <keywords>
      <text FeatureID="-1">e-mail, attachments</text>
      <target FeatureID="-1" href="FSE_HLP_ATTACHMENT_LIST_EDITOR.html">Add attachments</target>
   </keywords>
   <keywords>
      <text FeatureID="-1">deleted e-mail</text>
      <target FeatureID="-1" href="FSE_HLP_MESSAGE_LIST_DELETED.html">Deleted e-mail messages</target>
   </keywords>
   <keywords>
      <text FeatureID="-1">e-mail attachment download</text>
      <target FeatureID="-1" href="FSE_HLP_ATTACHMENT_LIST.html">Download attachments</target>
   </keywords>
   <keywords>
      <text FeatureID="-1">draft e-mail</text>
      <target FeatureID="-1" href="FSE_HLP_MESSAGE_LIST_DRAFTS.html">Draft e-mail messages</target>
   </keywords>
   <keywords>
      <text FeatureID="-1">Nokia E-mail</text>
      <target FeatureID="-1" href="FSE_HLP_LAUNCHER_GRID.html">Nokia E-mail</target>
   </keywords>
   <keywords>
      <text FeatureID="-1">e-mail</text>
      <target FeatureID="-1" href="FSE_HLP_LAUNCHER_GRID.html">Nokia E-mail</target>
   </keywords>
   <keywords>
      <text FeatureID="-1">e-mail folders</text>
      <target FeatureID="-1" href="FSE_HLP_FOLDER_LIST.html">E-mail folders</target>
      <target FeatureID="-1" href="FSE_HLP_SETT_IMAP_SUBSCR.html">Subscribe to folders</target>
      <target FeatureID="-1" href="FSE_HLP_MESSAGE_LIST_INBOX.html">Work with e-mail folders</target>
   </keywords>
   <keywords>
      <text FeatureID="-1">e-mail settings</text>
      <target FeatureID="-1" href="FSE_HLP_LAUNCHER_SETTINGS.html">General e-mail settings</target>
      <target FeatureID="-1" href="FSE_HLP_POP_IMAP_SETT_MAIN.html">E-mail settings</target>
      <target FeatureID="-1" href="FSE_HLP_IMS_SETTINGS_MAIN_VIEW.html">E-mail settings</target>
      <target FeatureID="-1" href="FSE_HLP_MFE_SETTINGS_MAIN_VIEW.html">E-mail settings</target>
   </keywords>
   <keywords>
      <text FeatureID="-1">global e-mail settings</text>
      <target FeatureID="-1" href="FSE_HLP_SETTINGS_GLOBAL.html">Global e-mail settings</target>
   </keywords>
   <keywords>
      <text FeatureID="-1">HTML e-mail</text>
      <target FeatureID="-1" href="FS_VIEWER_HLP_HTML_VIEW.html">HTML-formatted e-mail</target>
   </keywords>
   <keywords>
      <text FeatureID="-1">advanced e-mail settings</text>
      <target FeatureID="-1" href="FSE_HLP_POP_IMAP_SETT_ADV.html">Advanced e-mail settings</target>
   </keywords>
   <keywords>
      <text FeatureID="-1">incoming e-mail settings</text>
      <target FeatureID="-1" href="FSE_HLP_POP_IMAP_SETT_INCOMING.html">Incoming e-mail settings</target>
   </keywords>
   <keywords>
      <text FeatureID="-1">outgoing e-mail settings</text>
      <target FeatureID="-1" href="FSE_HLP_POP_IMAP_SETT_OUTGOING.html">Outgoing e-mail settings</target>
   </keywords>
   <keywords>
      <text FeatureID="-1">e-mail synchronization</text>
      <target FeatureID="-1" href="FSE_HLP_POP_IMAP_SETT_WHAT.html">Select sync content</target>
   </keywords>
   <keywords>
      <text FeatureID="-1">e-mail synchronization time</text>
      <target FeatureID="-1" href="FSE_HLP_POP_IMAP_SETT_WHEN.html">Select sync time</target>
      <target FeatureID="-1" href="FSE_HLP_IMS_SETTINGS_WHEN_SYNC.html">Define sync time</target>
      <target FeatureID="-1" href="FSE_HLP_MFE_SETTINGS_WHEN_SYNC.html">Choose sync time</target>
      <target FeatureID="-1" href="FSE_HLP_SETTINGS_WHEN_SYNC.html">Synchronization time</target>
   </keywords>
   <keywords>
      <text FeatureID="-1">e-mail account settings</text>
      <target FeatureID="-1" href="FSE_HLP_IMS_SETTINGS_ACCT_INFO.html">E-mail account settings</target>
   </keywords>
   <keywords>
      <text FeatureID="-1">advanced mailbox settings</text>
      <target FeatureID="-1" href="FSE_HLP_IMS_SETTINGS_ADVANCED.html">Advanced mailbox settings</target>
      <target FeatureID="-1" href="FSE_HLP_MFE_SETTINGS_ADVANCED.html">Advanced mailbox settings</target>
   </keywords>
   <keywords>
      <text FeatureID="-1">mailbox settings</text>
      <target FeatureID="-1" href="FSE_HLP_IMS_SETTINGS_MAILBOX.html">Mailbox settings</target>
      <target FeatureID="-1" href="FSE_HLP_MFE_SETTINGS_MAILBOX.html">General mailbox settings</target>
   </keywords>
   <keywords>
      <text FeatureID="-1">e-mail synchronization content</text>
      <target FeatureID="-1" href="FSE_HLP_IMS_SETTINGS_WHAT_SYNC.html">Define sync content</target>
      <target FeatureID="-1" href="FSE_HLP_MFE_SETTINGS_WHAT_SYNC.html">Choose sync content</target>
   </keywords>
   <keywords>
      <text FeatureID="-1">e-mail folder synchronization</text>
      <target FeatureID="-1" href="FSE_HLP_IMS_SETTINGS_FOLDER.html">Synchronize e-mail folders</target>
      <target FeatureID="-1" href="FSE_HLP_MFE_SETTINGS_FOLDER.html">Settings for synchronization</target>
   </keywords>
   <keywords>
      <text FeatureID="-1">e-mail service settings</text>
      <target FeatureID="-1" href="FSE_HLP_SETTINGS_INTELL_LIST.html">E-mail service settings</target>
   </keywords>
   <keywords>
      <text FeatureID="-1">Intellisync</text>
      <target FeatureID="-1" href="FSE_HLP_IMS_LAUNCHER_MAIN_VIEW.html">Intellisync e-mail</target>
   </keywords>
   <keywords>
      <text FeatureID="-1">Mail for Exchange</text>
      <target FeatureID="-1" href="FSE_HLP_MFE_LAUNCHER_MAIN_VIEW.html">Mail for Exchange e-mail</target>
   </keywords>
   <keywords>
      <text FeatureID="-1">e-mail details</text>
      <target FeatureID="-1" href="FS_VIEWER_HLP_DETAILS_VIEW.html">Message details</target>
   </keywords>
   <keywords>
      <text FeatureID="-1">e-mail synchronization settings</text>
      <target FeatureID="-1" href="FSE_HLP_MFE_SETTINGS_PIM_APPS.html">Application synchronization settings</target>
   </keywords>
   <keywords>
      <text FeatureID="-1">calendar synchronization</text>
      <target FeatureID="-1" href="FSE_HLP_MFE_CALENDAR_APP.html">Calendar synchronization settings</target>
   </keywords>
   <keywords>
      <text FeatureID="-1">contacts synchronization,</text>
      <target FeatureID="-1" href="FSE_HLP_MFE_CONTACTS_APP.html">Contacts synchronization settings</target>
   </keywords>
   <keywords>
      <text FeatureID="-1">to-do entry synchronization</text>
      <target FeatureID="-1" href="FSE_HLP_MFE_TASKS_APP.html">To-do synchronization settings</target>
   </keywords>
   <keywords>
      <text FeatureID="-1">no e-mail messages</text>
      <target FeatureID="-1" href="FSE_HLP_MESSAGE_LIST_EMPTY.html">No messages</target>
   </keywords>
   <keywords>
      <text FeatureID="-1">e-mail outbox</text>
      <target FeatureID="-1" href="FSE_HLP_MESSAGE_LIST_OUTBOX.html">Work with Outbox</target>
   </keywords>
   <keywords>
      <text FeatureID="-1">meeting requests</text>
      <target FeatureID="-1" href="FS_VIEWER_HLP_MEETING_REQ_VIEW.html">Meeting request</target>
   </keywords>
   <keywords>
      <text FeatureID="-1">e-mail search</text>
      <target FeatureID="-1" href="FSE_HLP_MESSAGE_LIST_SEARCHING.html">Search for e-mail</target>
   </keywords>
   <keywords>
      <text FeatureID="-1">e-mail search results</text>
      <target FeatureID="-1" href="FSE_HLP_MESSAGE_LIST_SEARCHED.html">Search results</target>
   </keywords>
   <keywords>
      <text FeatureID="-1">sending e-mail</text>
      <target FeatureID="-1" href="FS_EDITOR_HLP_MAIN_VIEW.html">Send e-mail</target>
   </keywords>
   <keywords>
      <text FeatureID="-1">PIM service</text>
      <target FeatureID="-1" href="FSE_HLP_SETTINGS_PIM_VIEW.html">PIM service</target>
   </keywords>
   <keywords>
      <text FeatureID="-1">synchronizing applications</text>
      <target FeatureID="-1" href="FSE_HLP_SETTINGS_APPLICATIONS.html">Synchronize applications</target>
   </keywords>
   <keywords>
      <text FeatureID="-1">e-mail attachments</text>
      <target FeatureID="-1" href="FSE_HLP_ATTACHMENT_DOWNLOAD.html">View attachment downloads</target>
   </keywords>
   <keywords>
      <text FeatureID="-1">received e-mail</text>
      <target FeatureID="-1" href="FS_VIEWER_HLP_MAIN_VIEW.html">Work with received e-mail</target>
   </keywords>
</keywords>