<?xml version="1.0" encoding="UTF-8"?><?xml-stylesheet  href="../../theme/xsl/index2html.xslt" type="text/xsl"?>
<topics FeatureID="-1" title="Sõnumid" compressed="true">
   <topicref FeatureID="-1" href="MCE_HLP_MESSAGING.html" navtitle="Sõnumikeskus"/>
   <topicref FeatureID="-1" href="MCE_HLP_SIM.html" navtitle="SIM-kaardil asuvate sõnumite vaatamine"/>
   <topicref FeatureID="-1" href="MCE_HLP_SETTINGS.html" navtitle="Sõnumite seaded"/>
   <topicref FeatureID="-1" href="MCE_HLP_SETTINGS_SMS.html" navtitle="Tekstsõnumite seaded"/>
   <topicref FeatureID="-1" href="SMS_HLP_SETTINGS_SCENTRES.html" navtitle="Tekstsõnumikeskuse seaded"/>
   <topicref FeatureID="-1" href="SMS_HLP_SETTINGS_SCENTRES_EDIT.html" navtitle="SMS-keskuste muutmine"/>
   <topicref FeatureID="true_1092" href="SMS_HLP_SETTINGS_SMS_EMAIL.html" navtitle="SMS-i e-posti seaded"/>
   <topicref FeatureID="-1" href="MCE_HLP_SETTINGS_MMS.html" navtitle="MMS-sõnumi seaded"/>
   <topicref FeatureID="true_1090" href="MCE_HLP_SETTINGS_CB.html" navtitle="Kärjeteadete seaded"/>
   <topicref FeatureID="-1" href="MCE_HLP_SETTINGS_GEN.html" navtitle="Muud seaded"/>
   <topicref FeatureID="-1" href="MCE_HLP_INBOX.html" navtitle="Kaust Saabunud"/>
   <topicref FeatureID="-1" href="MCE_HLP_DOCUMENTS.html" navtitle="Minu kaustad"/>
   <topicref FeatureID="-1" href="MCE_HLP_TEMPLATES.html" navtitle="Sõnumimallid"/>
   <topicref FeatureID="-1" href="MCE_HLP_FOLDER.html" navtitle="Sõnumite korraldamine"/>
   <topicref FeatureID="-1" href="MCE_HLP_DRAFTS.html" navtitle="Mustandid"/>
   <topicref FeatureID="-1" href="MCE_HLP_SENT_ITEMS.html" navtitle="Saadetud sõnumid"/>
   <topicref FeatureID="-1" href="MCE_HLP_OUTBOX.html" navtitle="Kaust Saatmiseks"/>
   <topicref FeatureID="-1" href="MCE_HLP_DELIVERY_REPORTS.html" navtitle="Saamisteated"/>
   <topicref FeatureID="true_1132" href="MCE_HLP_MMS_NOTIFICATIONS.html" navtitle="MMS-teatised"/>
</topics>