<?xml version="1.0" encoding="UTF-8"?>
<keywords>
   <keywords>
      <text FeatureID="-1">sõnumite saatmine</text>
      <target FeatureID="-1" href="MCE_HLP_MESSAGING.html">Sõnumikeskus</target>
      <target FeatureID="-1" href="MCE_HLP_OUTBOX.html">Kaust Saatmiseks</target>
   </keywords>
   <keywords>
      <text FeatureID="-1">sõnumite vastuvõtt</text>
      <target FeatureID="-1" href="MCE_HLP_MESSAGING.html">Sõnumikeskus</target>
      <target FeatureID="-1" href="MCE_HLP_INBOX.html">Kaust Saabunud</target>
   </keywords>
   <keywords>
      <text FeatureID="-1">SIM-kaardil asuvad sõnumid</text>
      <target FeatureID="-1" href="MCE_HLP_SIM.html">SIM-kaardil asuvate sõnumite vaatamine</target>
   </keywords>
   <keywords>
      <text FeatureID="-1">sõnumid SIM-kaardil</text>
      <target FeatureID="-1" href="MCE_HLP_SIM.html">SIM-kaardil asuvate sõnumite vaatamine</target>
   </keywords>
   <keywords>
      <text FeatureID="-1">sõnumite seaded</text>
      <target FeatureID="-1" href="MCE_HLP_SETTINGS.html">Sõnumite seaded</target>
      <target FeatureID="-1" href="MCE_HLP_SETTINGS_GEN.html">Muud seaded</target>
   </keywords>
   <keywords>
      <text FeatureID="-1">SMS-ide seaded</text>
      <target FeatureID="-1" href="MCE_HLP_SETTINGS_SMS.html">Tekstsõnumite seaded</target>
   </keywords>
   <keywords>
      <text FeatureID="-1">tekstsõnumi seaded</text>
      <target FeatureID="-1" href="MCE_HLP_SETTINGS_SMS.html">Tekstsõnumite seaded</target>
      <target FeatureID="-1" href="SMS_HLP_SETTINGS_SCENTRES.html">Tekstsõnumikeskuse seaded</target>
      <target FeatureID="-1" href="SMS_HLP_SETTINGS_SCENTRES_EDIT.html">SMS-keskuste muutmine</target>
   </keywords>
   <keywords>
      <text FeatureID="-1">tekstsõnumikeskuse seaded</text>
      <target FeatureID="-1" href="SMS_HLP_SETTINGS_SCENTRES.html">Tekstsõnumikeskuse seaded</target>
   </keywords>
   <keywords>
      <text FeatureID="-1">SMS-keskuse seaded</text>
      <target FeatureID="-1" href="SMS_HLP_SETTINGS_SCENTRES.html">Tekstsõnumikeskuse seaded</target>
   </keywords>
   <keywords>
      <text FeatureID="-1">sõnumikeskuse seaded</text>
      <target FeatureID="-1" href="SMS_HLP_SETTINGS_SCENTRES_EDIT.html">SMS-keskuste muutmine</target>
   </keywords>
   <keywords>
      <text FeatureID="true_1092">tekstsõnum e-postiga</text>
      <target FeatureID="true_1092" href="SMS_HLP_SETTINGS_SMS_EMAIL.html">SMS-i e-posti seaded</target>
   </keywords>
   <keywords>
      <text FeatureID="true_1092">sms-i e-posti seaded</text>
      <target FeatureID="true_1092" href="SMS_HLP_SETTINGS_SMS_EMAIL.html">SMS-i e-posti seaded</target>
   </keywords>
   <keywords>
      <text FeatureID="-1">MMS-seaded</text>
      <target FeatureID="-1" href="MCE_HLP_SETTINGS_MMS.html">MMS-sõnumi seaded</target>
   </keywords>
   <keywords>
      <text FeatureID="true_1090">kärjeteadete seaded</text>
      <target FeatureID="true_1090" href="MCE_HLP_SETTINGS_CB.html">Kärjeteadete seaded</target>
   </keywords>
   <keywords>
      <text FeatureID="-1">kaust Saabunud</text>
      <target FeatureID="-1" href="MCE_HLP_INBOX.html">Kaust Saabunud</target>
   </keywords>
   <keywords>
      <text FeatureID="-1">minu kaustad</text>
      <target FeatureID="-1" href="MCE_HLP_DOCUMENTS.html">Minu kaustad</target>
   </keywords>
   <keywords>
      <text FeatureID="-1">sõnumite salvestamine</text>
      <target FeatureID="-1" href="MCE_HLP_DOCUMENTS.html">Minu kaustad</target>
   </keywords>
   <keywords>
      <text FeatureID="-1">mallide saatmine</text>
      <target FeatureID="-1" href="MCE_HLP_TEMPLATES.html">Sõnumimallid</target>
   </keywords>
   <keywords>
      <text FeatureID="-1">sõnumimallid</text>
      <target FeatureID="-1" href="MCE_HLP_TEMPLATES.html">Sõnumimallid</target>
   </keywords>
   <keywords>
      <text FeatureID="-1">sõnumite korraldamine</text>
      <target FeatureID="-1" href="MCE_HLP_FOLDER.html">Sõnumite korraldamine</target>
   </keywords>
   <keywords>
      <text FeatureID="-1">mustandite salvestam.</text>
      <target FeatureID="-1" href="MCE_HLP_DRAFTS.html">Mustandid</target>
   </keywords>
   <keywords>
      <text FeatureID="-1">mustandid</text>
      <target FeatureID="-1" href="MCE_HLP_DRAFTS.html">Mustandid</target>
   </keywords>
   <keywords>
      <text FeatureID="-1">saadetud sõnumid</text>
      <target FeatureID="-1" href="MCE_HLP_SENT_ITEMS.html">Saadetud sõnumid</target>
   </keywords>
   <keywords>
      <text FeatureID="-1">väljasaadetavate sõnumite vaatamine</text>
      <target FeatureID="-1" href="MCE_HLP_OUTBOX.html">Kaust Saatmiseks</target>
   </keywords>
   <keywords>
      <text FeatureID="-1">saamisteated</text>
      <target FeatureID="-1" href="MCE_HLP_DELIVERY_REPORTS.html">Saamisteated</target>
   </keywords>
   <keywords>
      <text FeatureID="true_1132">MMS-teatised</text>
      <target FeatureID="true_1132" href="MCE_HLP_MMS_NOTIFICATIONS.html">MMS-teatised</target>
   </keywords>
</keywords>