<?xml version="1.0" encoding="UTF-8"?>
<keywords>
   <keywords>
      <text FeatureID="-1">Mail for Exchange</text>
      <target FeatureID="-1" href="FSE_HLP_MFE_LAUNCHER_MAIN_VIEW.html">Mail for Exchange posta</target>
   </keywords>
   <keywords>
      <text FeatureID="-1">postontziaren ezarpen aurreratuak</text>
      <target FeatureID="-1" href="FSE_HLP_MFE_SETTINGS_ADVANCED.html">Postontziaren ezarpen aurreratuak</target>
   </keywords>
   <keywords>
      <text FeatureID="-1">posta elektronikoaren sinkronizazio-ezarpenak</text>
      <target FeatureID="-1" href="FSE_HLP_MFE_SETTINGS_PIM_APPS.html">Aplikazioaren sinkronizazio ezarpenak</target>
   </keywords>
   <keywords>
      <text FeatureID="-1">egutegiaren sinkronizazioa</text>
      <target FeatureID="-1" href="FSE_HLP_MFE_CALENDAR_APP.html">Egutegiaren sinkronizazio ezarpenak</target>
   </keywords>
   <keywords>
      <text FeatureID="-1">kontaktuen sinkronizazioa,</text>
      <target FeatureID="-1" href="FSE_HLP_MFE_CONTACTS_APP.html">Kontaktuen sinkronizazio ezarpenak</target>
   </keywords>
   <keywords>
      <text FeatureID="-1">postontzien ezarpenak</text>
      <target FeatureID="-1" href="FSE_HLP_MFE_SETTINGS_MAILBOX.html">Postontziaren ezarpen orokorrak</target>
   </keywords>
   <keywords>
      <text FeatureID="-1">e-mail eduki sinkronizazioa</text>
      <target FeatureID="-1" href="FSE_HLP_MFE_SETTINGS_WHAT_SYNC.html">Aukeratu sinkronizatzeko edukia</target>
   </keywords>
   <keywords>
      <text FeatureID="-1">e-mail sinkronizazio ordua</text>
      <target FeatureID="-1" href="FSE_HLP_MFE_SETTINGS_WHEN_SYNC.html">Aukeratu sinkronizatzeko ordua</target>
   </keywords>
   <keywords>
      <text FeatureID="-1">e-mail karpetaren sinkronizazioa</text>
      <target FeatureID="-1" href="FSE_HLP_MFE_SETTINGS_FOLDER.html">Sinkronizazio ezarpenak</target>
   </keywords>
   <keywords>
      <text FeatureID="-1">e-postaren ezarpenak</text>
      <target FeatureID="-1" href="FSE_HLP_MFE_SETTINGS_MAIN_VIEW.html">Posta elektronikoaren ezarpenak</target>
   </keywords>
   <keywords>
      <text FeatureID="-1">egitekoen sinkronizazioa</text>
      <target FeatureID="-1" href="FSE_HLP_MFE_TASKS_APP.html">Egitekoen sinkronizazio ezarpenak</target>
   </keywords>
</keywords>