<?xml version="1.0" encoding="UTF-8"?>
<keywords>
   <keywords>
      <text FeatureID="-1">stavke godišnjica</text>
      <target FeatureID="-1" href="FSCA_HLP_ANNIVERSARY_EDITOR.html">Kreiranje stavke tipa godišnjica</target>
   </keywords>
   <keywords>
      <text FeatureID="-1">stavke tipa sastanak, kreiranje</text>
      <target FeatureID="-1" href="FSCA_HLP_CALE_MEETING_EDITOR.html">Kreiranje stavki sastanka</target>
   </keywords>
   <keywords>
      <text FeatureID="-1">stavke tipa beleška, kreiranje</text>
      <target FeatureID="-1" href="FSCA_HLP_MEMO_EDITOR.html">Kreiranje stavke tipa beleška</target>
   </keywords>
   <keywords>
      <text FeatureID="-1">stavke obaveze, kreiranje</text>
      <target FeatureID="-1" href="FSCA_HLP_TODO_EDITOR.html">Kreiranje stavke tipa obaveza</target>
   </keywords>
   <keywords>
      <text FeatureID="-1">stavke tipa sastanak, menjanje</text>
      <target FeatureID="-1" href="FSCA_HLP_CALE_MEETING_VIEWER.html">Vršenje izmena stavki tipa sastanak</target>
   </keywords>
   <keywords>
      <text FeatureID="-1">stavke tipa beleška, menjanje</text>
      <target FeatureID="-1" href="FSCA_HLP_MEMO_VIEWER.html">Vršenje izmena stavki tipa beleška</target>
   </keywords>
   <keywords>
      <text FeatureID="-1">stavke obaveze, menjanje</text>
      <target FeatureID="-1" href="FSCA_HLP_TODO_VIEWER.html">Vršenje izmena stavke tipa obaveza</target>
   </keywords>
   <keywords>
      <text FeatureID="-1">stavke tipa godišnjica, pregled</text>
      <target FeatureID="-1" href="FSCA_HLP_ANNI_VIEWER.html">Vršenje izmena stavki tipa godišnjica</target>
   </keywords>
   <keywords>
      <text FeatureID="-1">zahtevi za sastanak</text>
      <target FeatureID="-1" href="FSCA_HLP_RESPONSE_EDITOR.html">Izmena odgovora</target>
      <target FeatureID="-1" href="FSCA_HLP_VIEWER_ORGANIZER.html">Upravljanje zahtevima za sastanak</target>
      <target FeatureID="-1" href="MEET_REQ_HLP_EDITOR.html">Primljeni zahtevi za sastanak</target>
      <target FeatureID="-1" href="FSCA_HLP_VIEWER.html">Odgovaranje na zahtev za sastanak</target>
      <target FeatureID="-1" href="FS_VIEWER_HLP_MEETING_REQ_VIEW.html">Odgovaranje na zahtev za sastanak</target>
   </keywords>
   <keywords>
      <text FeatureID="-1">kontakti</text>
      <target FeatureID="-1" href="RLOOK_HLP_INFO_VIEW.html">Obrada pronađenog kontakta</target>
   </keywords>
   <keywords>
      <text FeatureID="-1">kontakti, pretraživanje</text>
      <target FeatureID="-1" href="RLOOK_HLP_RESULT_VIEW.html">Rezultati pretrage</target>
   </keywords>
   <keywords>
      <text FeatureID="-1">e-mail, prilozi</text>
      <target FeatureID="-1" href="FSE_HLP_ATTACHMENT_LIST_EDITOR.html">Dodavanje priloga</target>
   </keywords>
   <keywords>
      <text FeatureID="-1">obrisane e-mail poruke</text>
      <target FeatureID="-1" href="FSE_HLP_MESSAGE_LIST_DELETED.html">Obrisane e-mail poruke</target>
   </keywords>
   <keywords>
      <text FeatureID="-1">preuzimanje priloga u e-mail poruci</text>
      <target FeatureID="-1" href="FSE_HLP_ATTACHMENT_LIST.html">Preuzimanje priloga</target>
   </keywords>
   <keywords>
      <text FeatureID="-1">nacrt e-mail poruke</text>
      <target FeatureID="-1" href="FSE_HLP_MESSAGE_LIST_DRAFTS.html">Nacrti e-mail poruka</target>
   </keywords>
   <keywords>
      <text FeatureID="-1">Nokia E-mail</text>
      <target FeatureID="-1" href="FSE_HLP_LAUNCHER_GRID.html">Nokia E-mail</target>
   </keywords>
   <keywords>
      <text FeatureID="-1">e-poruka</text>
      <target FeatureID="-1" href="FSE_HLP_LAUNCHER_GRID.html">Nokia E-mail</target>
   </keywords>
   <keywords>
      <text FeatureID="-1">folderi e-pošte</text>
      <target FeatureID="-1" href="FSE_HLP_FOLDER_LIST.html">Folderi e-pošte</target>
      <target FeatureID="-1" href="FSE_HLP_SETT_IMAP_SUBSCR.html">Pretplata na foldere</target>
      <target FeatureID="-1" href="FSE_HLP_MESSAGE_LIST_INBOX.html">Rad sa folderima e-pošte</target>
   </keywords>
   <keywords>
      <text FeatureID="-1">podešavanja e-pošte</text>
      <target FeatureID="-1" href="FSE_HLP_LAUNCHER_SETTINGS.html">Opšta podešavanja e-pošte</target>
      <target FeatureID="-1" href="FSE_HLP_POP_IMAP_SETT_MAIN.html">Podešavanja e-pošte</target>
      <target FeatureID="-1" href="FSE_HLP_MFE_SETTINGS_MAIN_VIEW.html">Podešavanja za e-poštu</target>
   </keywords>
   <keywords>
      <text FeatureID="-1">globalna podešavanja e-pošte</text>
      <target FeatureID="-1" href="FSE_HLP_SETTINGS_GLOBAL.html">Globalna podešavanja e-pošte</target>
   </keywords>
   <keywords>
      <text FeatureID="-1">HTML e-mail</text>
      <target FeatureID="-1" href="FS_VIEWER_HLP_HTML_VIEW.html">HTML-formatirane e-mail poruke</target>
   </keywords>
   <keywords>
      <text FeatureID="-1">napredna podešavanja e-pošte</text>
      <target FeatureID="-1" href="FSE_HLP_POP_IMAP_SETT_ADV.html">Napredna podešavanja e-pošte</target>
   </keywords>
   <keywords>
      <text FeatureID="-1">podešavanja dolazne e-pošte</text>
      <target FeatureID="-1" href="FSE_HLP_POP_IMAP_SETT_INCOMING.html">Podešavanja dolazne e-pošte</target>
   </keywords>
   <keywords>
      <text FeatureID="-1">podešavanja odlazne e-pošte</text>
      <target FeatureID="-1" href="FSE_HLP_POP_IMAP_SETT_OUTGOING.html">Podešavanja odlazne e-pošte</target>
   </keywords>
   <keywords>
      <text FeatureID="-1">sinhronizacija e-pošte</text>
      <target FeatureID="-1" href="FSE_HLP_POP_IMAP_SETT_WHAT.html">Izbor sadržaja za sinhr.</target>
   </keywords>
   <keywords>
      <text FeatureID="-1">vreme sinhronizacije e-pošte</text>
      <target FeatureID="-1" href="FSE_HLP_POP_IMAP_SETT_WHEN.html">Izbor vremena za sinhr.</target>
      <target FeatureID="-1" href="FSE_HLP_MFE_SETTINGS_WHEN_SYNC.html">Biranje vremena za sinhronizaciju</target>
      <target FeatureID="-1" href="FSE_HLP_SETTINGS_WHEN_SYNC.html">Vreme sinhronizacije</target>
   </keywords>
   <keywords>
      <text FeatureID="-1">Mail for Exchange</text>
      <target FeatureID="-1" href="FSE_HLP_MFE_LAUNCHER_MAIN_VIEW.html">Mail u servisu Mail for Exchange</target>
   </keywords>
   <keywords>
      <text FeatureID="-1">detalji e-mail poruke</text>
      <target FeatureID="-1" href="FS_VIEWER_HLP_DETAILS_VIEW.html">Detalji poruke</target>
   </keywords>
   <keywords>
      <text FeatureID="-1">napredna podešavanja poštanskog sandučeta</text>
      <target FeatureID="-1" href="FSE_HLP_MFE_SETTINGS_ADVANCED.html">Napredna podešavanja poštanskog sandučeta</target>
   </keywords>
   <keywords>
      <text FeatureID="-1">podešavanja sinhronizacije e-pošte</text>
      <target FeatureID="-1" href="FSE_HLP_MFE_SETTINGS_PIM_APPS.html">Podešavanja sinhronizacije aplikacije</target>
   </keywords>
   <keywords>
      <text FeatureID="-1">sinhronizacija kalendara</text>
      <target FeatureID="-1" href="FSE_HLP_MFE_CALENDAR_APP.html">Podešavanja sinhronizacije Kalendara</target>
   </keywords>
   <keywords>
      <text FeatureID="-1">sinhronizacija kontakata,</text>
      <target FeatureID="-1" href="FSE_HLP_MFE_CONTACTS_APP.html">Podešavanja sinhronizacije Kontakata</target>
   </keywords>
   <keywords>
      <text FeatureID="-1">podešavanja poštanskog sandučeta</text>
      <target FeatureID="-1" href="FSE_HLP_MFE_SETTINGS_MAILBOX.html">Opšta podešavanja poštanskog sandučeta</target>
   </keywords>
   <keywords>
      <text FeatureID="-1">sadržaj za sinhronizaciju e-pošte</text>
      <target FeatureID="-1" href="FSE_HLP_MFE_SETTINGS_WHAT_SYNC.html">Biranje sadržaja za sinhronizaciju</target>
   </keywords>
   <keywords>
      <text FeatureID="-1">sinhronizacija foldera e-pošte</text>
      <target FeatureID="-1" href="FSE_HLP_MFE_SETTINGS_FOLDER.html">Podešavanja za sinhronizaciju</target>
   </keywords>
   <keywords>
      <text FeatureID="-1">sinhronizovanje stavki obaveza</text>
      <target FeatureID="-1" href="FSE_HLP_MFE_TASKS_APP.html">Podešavanja sinhronizovanja obaveza</target>
   </keywords>
   <keywords>
      <text FeatureID="-1">nema e-mail poruka</text>
      <target FeatureID="-1" href="FSE_HLP_MESSAGE_LIST_EMPTY.html">Nema poruka</target>
   </keywords>
   <keywords>
      <text FeatureID="-1">folder za slanje e-pošte</text>
      <target FeatureID="-1" href="FSE_HLP_MESSAGE_LIST_OUTBOX.html">Rad sa folderom Za slanje</target>
   </keywords>
   <keywords>
      <text FeatureID="-1">pretraživanje e-mail poruka</text>
      <target FeatureID="-1" href="FSE_HLP_MESSAGE_LIST_SEARCHING.html">Pretraživanje e-maila</target>
   </keywords>
   <keywords>
      <text FeatureID="-1">rezultati pretrage e-mail poruka</text>
      <target FeatureID="-1" href="FSE_HLP_MESSAGE_LIST_SEARCHED.html">Rezultati pretrage</target>
   </keywords>
   <keywords>
      <text FeatureID="-1">slanje e-mail poruke</text>
      <target FeatureID="-1" href="FS_EDITOR_HLP_MAIN_VIEW.html">Slanje e-mail poruke</target>
   </keywords>
   <keywords>
      <text FeatureID="-1">PIM servis</text>
      <target FeatureID="-1" href="FSE_HLP_SETTINGS_PIM_VIEW.html">PIM servis</target>
   </keywords>
   <keywords>
      <text FeatureID="-1">sinhronizovanje aplikacija</text>
      <target FeatureID="-1" href="FSE_HLP_SETTINGS_APPLICATIONS.html">Sinhronizacija aplikacija</target>
   </keywords>
   <keywords>
      <text FeatureID="-1">prilozi u e-poruci</text>
      <target FeatureID="-1" href="FSE_HLP_ATTACHMENT_DOWNLOAD.html">Prikaz preuzimanja priloga</target>
   </keywords>
   <keywords>
      <text FeatureID="-1">primljena e-mail poruka</text>
      <target FeatureID="-1" href="FS_VIEWER_HLP_MAIN_VIEW.html">Rad sa primljenom e-mail porukom</target>
   </keywords>
   <keywords>
      <text FeatureID="-1">pošta, podešavanja</text>
      <target FeatureID="-1" href="FSE_HLP_SETT.html">Podešavanja</target>
   </keywords>
   <keywords>
      <text FeatureID="-1">pošta, podešavanja naloga</text>
      <target FeatureID="-1" href="FSE_HLP_ACCT_INFO.html">Podešavanja naloga pošte</target>
   </keywords>
   <keywords>
      <text FeatureID="-1">pošta, sinhronizacija</text>
      <target FeatureID="-1" href="FSE_HLP_SYNC_SETT.html">Podešavanja sinhronizacije</target>
   </keywords>
</keywords>