<?xml version="1.0" encoding="UTF-8"?>
<keywords>
   <keywords>
      <text FeatureID="-1">certifikati</text>
      <target FeatureID="-1" href="CM_HLP_AUTHORITY.html">Certifikati</target>
      <target FeatureID="-1" href="CM_HLP_AUTHORITY.html">Certifikati</target>
      <target FeatureID="-1" href="CM_HLP_DEVICE.html">Certifikati naprave</target>
      <target FeatureID="-1" href="CM_HLP_MAIN.html">Upravljanje certifikatov</target>
      <target FeatureID="-1" href="CM_HLP_PERSONAL.html">Osebni certifikati</target>
      <target FeatureID="-1" href="CM_HLP_TRUSTED_SITE.html">Certif. prever. splet. mest.</target>
      <target FeatureID="-1" href="CM_HLP_TRUST_SETTINGS.html">Urej. nast. zaupanja</target>
   </keywords>
   <keywords>
      <text FeatureID="-1">varnostni certifikati</text>
      <target FeatureID="-1" href="CM_HLP_AUTHORITY.html">Certifikati</target>
      <target FeatureID="-1" href="CM_HLP_MAIN.html">Upravljanje certifikatov</target>
   </keywords>
   <keywords>
      <text FeatureID="-1">certifikati naprave</text>
      <target FeatureID="-1" href="CM_HLP_DEVICE.html">Certifikati naprave</target>
   </keywords>
   <keywords>
      <text FeatureID="-1">osebni certifikati</text>
      <target FeatureID="-1" href="CM_HLP_PERSONAL.html">Osebni certifikati</target>
   </keywords>
   <keywords>
      <text FeatureID="-1">certifikati preverjenega spl. mesta</text>
      <target FeatureID="-1" href="CM_HLP_TRUSTED_SITE.html">Certif. prever. splet. mest.</target>
   </keywords>
   <keywords>
      <text FeatureID="-1">nastavitve zaupanja</text>
      <target FeatureID="-1" href="CM_HLP_TRUST_SETTINGS.html">Urej. nast. zaupanja</target>
   </keywords>
</keywords>