<?xml version="1.0" encoding="UTF-8"?>
<keywords>
   <keywords>
      <text FeatureID="-1">κοινή χρήση βίντεο</text>
      <target FeatureID="true_208" href="MSH_HLP_LIVE.html">Κοινή χρήση ζωντανού βίντεο</target>
      <target FeatureID="-1" href="MSH_HLP_CLIP.html">Κοινή χρήση κλιπ βίντεο</target>
      <target FeatureID="-1" href="MSH_HLP_SETTINGS.html">Ρυθμίσεις κοινής χρήσης βίντεο</target>
      <target FeatureID="-1" href="MSH_HLP_RECEIVE.html">Βίντεο κοινής προβολής</target>
   </keywords>
</keywords>