<?xml version="1.0" encoding="UTF-8"?>
<keywords>
   <keywords>
      <text FeatureID="-1">Quickoffice, 檔案管理</text>
      <target FeatureID="-1" href="QFM_HLP_FILE_MENU.html">檔案管理</target>
   </keywords>
   <keywords>
      <text FeatureID="-1">Quickoffice</text>
      <target FeatureID="-1" href="QFM_HLP_LOC_MENU.html">Quickoffice</target>
   </keywords>
   <keywords>
      <text FeatureID="-1">Quickpoint</text>
      <target FeatureID="-1" href="QPOINT_HLP_EDIT_SLIDE_VIEW.html">修改投影片</target>
      <target FeatureID="-1" href="QPOINT_HLP_REPLACE_VIEW.html">找尋與取代文字</target>
      <target FeatureID="-1" href="QPOINT_HLP_FIND_VIEW.html">尋找文字</target>
      <target FeatureID="-1" href="QPOINT_HLP_VIEW_SLIDE_VIEW.html">檢視投短片</target>
   </keywords>
   <keywords>
      <text FeatureID="-1">Quickpoint, 文字</text>
      <target FeatureID="-1" href="QPOINT_HLP_EDIT_TEXT_VIEW.html">修改文字</target>
   </keywords>
   <keywords>
      <text FeatureID="-1">Quickpoint, 評論</text>
      <target FeatureID="-1" href="QPOINT_HLP_COMMENT_VIEW.html">檢視評論</target>
   </keywords>
   <keywords>
      <text FeatureID="-1">Quickpoint, 備註</text>
      <target FeatureID="-1" href="QPOINT_HLP_VIEW_NOTES_VIEW.html">檢視備註</target>
   </keywords>
   <keywords>
      <text FeatureID="-1">Quickpoint, 大綱</text>
      <target FeatureID="-1" href="QPOINT_HLP_VIEW_OUTLINE_VIEW.html">檢視大綱</target>
   </keywords>
   <keywords>
      <text FeatureID="-1">Quicksheet, 儲存格</text>
      <target FeatureID="-1" href="QSHEET_HLP_CELLS_EDIT.html">修改儲存格</target>
      <target FeatureID="-1" href="QSHEET_HLP_VIEW_CELL.html">檢視儲存格</target>
   </keywords>
   <keywords>
      <text FeatureID="-1">Quicksheet, 欄位</text>
      <target FeatureID="-1" href="QSHEET_HLP_EDIT_COLUMN.html">修改欄位</target>
   </keywords>
   <keywords>
      <text FeatureID="-1">Quicksheet, 範圍</text>
      <target FeatureID="-1" href="QSHEET_HLP_EDIT_RANGE.html">修改範圍</target>
   </keywords>
   <keywords>
      <text FeatureID="-1">Quicksheet, 列</text>
      <target FeatureID="-1" href="QSHEET_HLP_EDIT_ROW.html">編輯列</target>
   </keywords>
   <keywords>
      <text FeatureID="-1">Quicksheet</text>
      <target FeatureID="-1" href="QSHEET_HLP_REPLACE_VIEW.html">找尋與取代文字</target>
      <target FeatureID="-1" href="QSHEET_HLP_FIND_VIEW.html">尋找文字</target>
      <target FeatureID="-1" href="QSHEET_HLP_CELLS_VIEW.html">檢視試算表</target>
   </keywords>
   <keywords>
      <text FeatureID="-1">Quickword</text>
      <target FeatureID="-1" href="QWORD_HLP_EDIT_MODE.html">修改文件</target>
      <target FeatureID="-1" href="QWORD_HLP_FIND_MODE.html">找尋與取代文字</target>
      <target FeatureID="-1" href="QWORD_HLP_VIEW_MODE.html">檢視文件</target>
      <target FeatureID="-1" href="QWORD_HLP_PAGE_VIEW.html">檢視版面配置</target>
   </keywords>
</keywords>