<?xml version="1.0" encoding="UTF-8"?>
<keywords>
   <keywords>
      <text FeatureID="true_1604">text input</text>
      <target FeatureID="true_1604" href="HWR_HLP_MAIN_VIEW.html">Разпознаване на почерк</target>
   </keywords>
   <keywords>
      <text FeatureID="true_1604">разпознаване на почерк</text>
      <target FeatureID="true_1604" href="HWR_HLP_MAIN_VIEW.html">Разпознаване на почерк</target>
   </keywords>
   <keywords>
      <text FeatureID="true_1603 true_410">въвеждане с докосване</text>
      <target FeatureID="true_1603" href="VQWERTY_HLP_MAIN_VIEW.html">Виртуална клавиатура</target>
      <target FeatureID="true_410" href="VITU_HLP_MAIN_VIEW.html">Виртуална клавиатура</target>
   </keywords>
   <keywords>
      <text FeatureID="true_410">виртуална клавиатура</text>
      <target FeatureID="true_410" href="VITU_HLP_MAIN_VIEW.html">Виртуална клавиатура</target>
   </keywords>
</keywords>