<?xml version="1.0" encoding="UTF-8"?>
<keywords>
   <keywords>
      <text FeatureID="true_1091">ویرایشگر USSD</text>
      <target FeatureID="true_1091" href="USSD_HLP_EDITOR.html">فرمانهاى خدمات</target>
   </keywords>
   <keywords>
      <text FeatureID="true_1091">فرمانهاى خدمات</text>
      <target FeatureID="true_1091" href="USSD_HLP_EDITOR.html">فرمانهاى خدمات</target>
   </keywords>
   <keywords>
      <text FeatureID="true_1091">خدمات شبکه</text>
      <target FeatureID="true_1091" href="USSD_HLP_EDITOR.html">فرمانهاى خدمات</target>
   </keywords>
</keywords>