<?xml version="1.0" encoding="UTF-8"?>
<keywords>
   <keywords>
      <text FeatureID="-1">el. pašto parametrai</text>
      <target FeatureID="-1" href="MBXS_HLP_SETT_DOWNL_CTRL.html">El. laiškų priėmimo parametrai</target>
      <target FeatureID="-1" href="MBXS_HLP_SETT_DOWNL_RETR.html">El. laiškų priėmimo kiekis</target>
      <target FeatureID="-1" href="MBXS_HLP_SETT_MBX_IN.html">Gaunamų el. laiškų parametrai</target>
      <target FeatureID="-1" href="MBXS_HLP_SETT_MBX_IN_OUT.html">Ryšio parametrai</target>
      <target FeatureID="-1" href="MBXS_HLP_SETT_MBX_OUT.html">Siunčiamų el. laiškų parametrai</target>
      <target FeatureID="-1" href="MCE_HLP_SETTINGS_EMAIL.html">El. pašto parametrai</target>
      <target FeatureID="-1" href="MCE_HLP_SETT_EMAILMAIN.html">Pašto dėžutės redagavimas</target>
      <target FeatureID="-1" href="MCE_HLP_SETT_MAILBLIST.html">Pašto dėžutės</target>
      <target FeatureID="-1" href="MCE_HLP_SETT_MAILFOLDER_UPD.html">Pašto dėžutės katalogai</target>
      <target FeatureID="true_1633" href="MCE_HLP_SETT_MAIL_ONLI.html">Automatinis priėmimas</target>
   </keywords>
   <keywords>
      <text FeatureID="-1">pašto dėžutės parametrai</text>
      <target FeatureID="-1" href="MCE_HLP_SETT_EMAILMAIN.html">Pašto dėžutės redagavimas</target>
   </keywords>
   <keywords>
      <text FeatureID="-1">pašto dėžutė</text>
      <target FeatureID="-1" href="MCE_HLP_SETT_MAILBLIST.html">Pašto dėžutės</target>
      <target FeatureID="-1" href="MCE_HLP_MAILBOX_ONLINE.html">El. paštas tinkle</target>
   </keywords>
   <keywords>
      <text FeatureID="-1">pašto dėžutės katalogai</text>
      <target FeatureID="-1" href="MCE_HLP_SETT_MAILFOLDER_UPD.html">Pašto dėžutės katalogai</target>
   </keywords>
   <keywords>
      <text FeatureID="-1">vartotojo parametrai</text>
      <target FeatureID="-1" href="MCE_HLP_SETT_MAIL_USER.html">Vartotojo parametrai</target>
   </keywords>
   <keywords>
      <text FeatureID="true_44">pašto dėžutės parametrų sinchronizavimas</text>
      <target FeatureID="true_44" href="MCE_HLP_SETT_SMAILBOX.html">Pašto dėžutės parametrų sinchronizavimas</target>
   </keywords>
   <keywords>
      <text FeatureID="true_44">el. pašto sinchronizavimo parametrai</text>
      <target FeatureID="true_44" href="MCE_HLP_SETT_SMAILBOX.html">Pašto dėžutės parametrų sinchronizavimas</target>
   </keywords>
   <keywords>
      <text FeatureID="-1">beryšis el. paštas</text>
      <target FeatureID="-1" href="MCE_HLP_MAILBOX_OFFLINE.html">Beryšis el. paštas</target>
   </keywords>
   <keywords>
      <text FeatureID="-1">prisijungimas prie pašto dėžutės</text>
      <target FeatureID="-1" href="MCE_HLP_MAILBOX_ONLINE.html">El. paštas tinkle</target>
   </keywords>
   <keywords>
      <text FeatureID="-1">el. paštas tinkle</text>
      <target FeatureID="-1" href="MCE_HLP_MAILBOX_ONLINE.html">El. paštas tinkle</target>
      <target FeatureID="-1" href="MCE_HLP_MAILBOX_ONLINE.html">El. paštas tinkle</target>
   </keywords>
</keywords>