<?xml version="1.0" encoding="UTF-8"?>
<keywords>
   <keywords>
      <text FeatureID="-1">广播信息</text>
      <target FeatureID="-1" href="CBS_HLP_TOPIC_VIEW.html">广播信息</target>
      <target FeatureID="-1" href="CBS_HLP_MAIN.html">广播信息栏目</target>
      <target FeatureID="-1" href="CBS_HLP_MSG.html">查看广播信息</target>
   </keywords>
   <keywords>
      <text FeatureID="-1">广播信息栏目</text>
      <target FeatureID="-1" href="CBS_HLP_MAIN.html">广播信息栏目</target>
   </keywords>
</keywords>