<?xml version="1.0" encoding="UTF-8"?>
<keywords>
   <keywords>
      <text FeatureID="-1">Bluetooth</text>
      <target FeatureID="-1" href="BT_HLP_MAIN.html">Bluetooth</target>
      <target FeatureID="-1" href="BT_HLP_PAIRED.html">Сопряжение устройств</target>
      <target FeatureID="-1" href="BT_HLP_BLOCKED.html">Блокирование устройства</target>
   </keywords>
   <keywords>
      <text FeatureID="-1">Параметры Bluetooth</text>
      <target FeatureID="-1" href="BT_HLP_MAIN.html">Bluetooth</target>
   </keywords>
   <keywords>
      <text FeatureID="-1">сопряжение устройств</text>
      <target FeatureID="-1" href="BT_HLP_PAIRED.html">Сопряжение устройств</target>
   </keywords>
   <keywords>
      <text FeatureID="-1">блокированные устройства</text>
      <target FeatureID="-1" href="BT_HLP_BLOCKED.html">Блокирование устройства</target>
   </keywords>
   <keywords>
      <text FeatureID="true_12">беспроводная клавиатура</text>
      <target FeatureID="true_12" href="BTKEYBOARD_HLP_SETTINGS.html">Беспроводная клавиатура</target>
   </keywords>
</keywords>