<?xml version="1.0" encoding="UTF-8"?>
<keywords>
   <keywords>
      <text FeatureID="-1">Notizen bearbeiten</text>
      <target FeatureID="-1" href="NMAKE_HLP_MEMO_VIEWER_EDIT.html">Notizen in Programmen bearbeiten</target>
   </keywords>
   <keywords>
      <text FeatureID="-1">Notizen empfangen</text>
      <target FeatureID="-1" href="NMAKE_HLP_MEMO_VIEWER.html">Empfangene Notizen anzeigen</target>
   </keywords>
   <keywords>
      <text FeatureID="-1">Mitteilungsvorlagen</text>
      <target FeatureID="-1" href="NMAKE_HLP_TEMPLATE_EDITOR.html">Mitteilungsvorlagen erstellen</target>
   </keywords>
   <keywords>
      <text FeatureID="-1">Mitteilungsvorlagen erstellen</text>
      <target FeatureID="-1" href="NMAKE_HLP_TEMPLATE_EDITOR.html">Mitteilungsvorlagen erstellen</target>
      <target FeatureID="-1" href="NMAKE_HLP_TEMPLATE_EDITOR.html">Mitteilungsvorlagen erstellen</target>
   </keywords>
   <keywords>
      <text FeatureID="-1">Notizenliste</text>
      <target FeatureID="-1" href="NMAKE_HLP_MEMO_LIST.html">Notizenliste</target>
   </keywords>
   <keywords>
      <text FeatureID="-1">Notizen schreiben</text>
      <target FeatureID="-1" href="NMAKE_HLP_MEMO_LIST.html">Notizenliste</target>
      <target FeatureID="-1" href="NMAKE_HLP_MEMO_EDITOR_APPS.html">Notizen in Programmen erstellen</target>
      <target FeatureID="-1" href="NMAKE_HLP_MEMO_EDITOR.html">Notizen erstellen</target>
   </keywords>
</keywords>