<?xml version="1.0" encoding="UTF-8"?>
<keywords>
   <keywords>
      <text FeatureID="true_1116">ارسال ورودیهای تقویم</text>
      <target FeatureID="true_1116" href="SMART_HLP_CALENDAREDITOR.html">ارسال ورودیهای تقویم</target>
   </keywords>
   <keywords>
      <text FeatureID="true_1114">دریافت ورودیهای تقویم</text>
      <target FeatureID="true_1114" href="SMART_HLP_CALENDARVIEWER.html">ورودیهای تقویم دریافتی</target>
   </keywords>
   <keywords>
      <text FeatureID="true_1114">ورودی های تقویم</text>
      <target FeatureID="true_1114" href="SMART_HLP_CALPULLMESVIEWER.html">بارگیری ورودی تقویم</target>
   </keywords>
   <keywords>
      <text FeatureID="true_1117 true_1115">کارت های ویزیت</text>
      <target FeatureID="true_1117" href="SMART_HLP_BUSINESSEDITOR.html">ارسال کارت ویزیت</target>
      <target FeatureID="true_1115" href="SMART_HLP_BUSINESSVIEWER.html">کارتهای ویزیت دریافتی</target>
      <target FeatureID="true_1115" href="SMART_HLP_BUSPULLMESVIEWER.html">بارگیری کارت ویزیت</target>
   </keywords>
   <keywords>
      <text FeatureID="true_1111">آهنگهای زنگ</text>
      <target FeatureID="true_1111" href="SMART_HLP_RINGVIEWER.html">آهنگهای زنگ دریافتی</target>
   </keywords>
   <keywords>
      <text FeatureID="true_1110">آرم های اپراتور</text>
      <target FeatureID="true_1110" href="SMART_HLP_OPLOGOVIEWER.html">آرمهای اپراتور دریافتی</target>
   </keywords>
   <keywords>
      <text FeatureID="true_1106">نشانه ها</text>
      <target FeatureID="true_1106" href="SMART_HLP_ONEBOOKVIEWER.html">نشانه دریافتی</target>
   </keywords>
   <keywords>
      <text FeatureID="true_1112">دریافت تصاویر</text>
      <target FeatureID="true_1112" href="SMART_HLP_GMSVIEWER.html">مشاهده پیامهای تصویری</target>
   </keywords>
   <keywords>
      <text FeatureID="true_1112">پیام تصویری</text>
      <target FeatureID="true_1112" href="SMART_HLP_GMSVIEWER.html">مشاهده پیامهای تصویری</target>
   </keywords>
   <keywords>
      <text FeatureID="true_1537">پیکربندی های درایو راه دور</text>
      <target FeatureID="true_1537" href="SMART_HLP_REMOTEDRIVES_VIEWER.html">دریافت پیکربندی های درایو راه دور</target>
      <target FeatureID="true_1537" href="SMART_HLP_REMOTEDRIVES_EDITOR.html">ارسال پیکربندی های درایو راه دور</target>
   </keywords>
</keywords>