<?xml version="1.0" encoding="UTF-8"?>
<keywords>
   <keywords>
      <text FeatureID="-1">relógio, alarmes</text>
      <target FeatureID="-1" href="CLK_HLP_ALARM_EDITOR.html">Editor do alarme do relógio</target>
   </keywords>
   <keywords>
      <text FeatureID="-1">despertador</text>
      <target FeatureID="-1" href="CLK_HLP_ALARM_EDITOR.html">Editor do alarme do relógio</target>
      <target FeatureID="-1" href="CLK_HLP_REAL_TIME_CLOCK_IN.html">Vista principal do relógio</target>
   </keywords>
   <keywords>
      <text FeatureID="-1">relógio</text>
      <target FeatureID="-1" href="CLK_HLP_REAL_TIME_CLOCK_IN.html">Vista principal do relógio</target>
      <target FeatureID="-1" href="CLK_HLP_WRLD_CLK.html">Relógio mundial</target>
   </keywords>
   <keywords>
      <text FeatureID="-1">definições de data e hora</text>
      <target FeatureID="-1" href="CLK_HLP_SETTINGS.html">Definições de data e hora</target>
   </keywords>
   <keywords>
      <text FeatureID="-1">definições do relógio</text>
      <target FeatureID="-1" href="CLK_HLP_SETTINGS.html">Definições de data e hora</target>
   </keywords>
   <keywords>
      <text FeatureID="-1">relógio, fusos horários</text>
      <target FeatureID="-1" href="CLK_HLP_REAL_TIME_CLOCK_AN.html">Hora local</target>
   </keywords>
   <keywords>
      <text FeatureID="-1">hora e fuso horário locais</text>
      <target FeatureID="-1" href="CLK_HLP_REAL_TIME_CLOCK_AN.html">Hora local</target>
   </keywords>
   <keywords>
      <text FeatureID="-1">relógio mundial</text>
      <target FeatureID="-1" href="CLK_HLP_WRLD_CLK.html">Relógio mundial</target>
   </keywords>
</keywords>