<?xml version="1.0" encoding="UTF-8"?><?xml-stylesheet  href="../../theme/xsl/index2html.xslt" type="text/xsl"?>
<topics FeatureID="-1" title="网络" compressed="true">
   <topicref FeatureID="-1" href="OSS_HLP_BM_ADDBM.html" navtitle="新增书签"/>
   <topicref FeatureID="true_167" href="OSS_HLP_RSS_ADD.html" navtitle="增加网络订阅源"/>
   <topicref FeatureID="-1" href="OSS_HLP_PAGEVIEW.html" navtitle="浏览网络"/>
   <topicref FeatureID="-1" href="OSS_HLP_BM_MAIN.html" navtitle="浏览书签"/>
   <topicref FeatureID="-1" href="OSS_HLP_BM_EDIT.html" navtitle="编辑书签"/>
   <topicref FeatureID="true_167" href="OSS_HLP_RSS_EDIT.html" navtitle="编辑网络订阅源"/>
   <topicref FeatureID="-1" href="OSS_HLP_SETTINGS_GENERAL.html" navtitle="常规设置"/>
   <topicref FeatureID="-1" href="OSS_HLP_SETTINGS_PAGE.html" navtitle="网页设置"/>
   <topicref FeatureID="-1" href="OSS_HLP_SETTINGS_PRIVACY.html" navtitle="加密设置"/>
   <topicref FeatureID="true_167" href="OSS_HLP_RSS_ARTICLE.html" navtitle="网络订阅源文章"/>
   <topicref FeatureID="true_167" href="OSS_HLP_SETTINGS_RSS.html" navtitle="网络订阅源设置"/>
   <topicref FeatureID="true_167" href="OSS_HLP_RSS_ARTICLELST.html" navtitle="网络订阅源"/>
   <topicref FeatureID="-1" href="OSS_HLP_PAGEVIEW_EMBED.html" navtitle="经由其他应用程序接入网络"/>
   <topicref FeatureID="-1" href="OSS_HLP_SETTINGS_FOLDERS.html" navtitle="网络设置"/>
   <topicref FeatureID="true_167" href="OSS_HLP_RSS_MAIN.html" navtitle="网络订阅源和博客"/>
   <topicref FeatureID="false_410" href="OSS_HLP_SHORTCUTS.html" navtitle="工具栏快捷方式"/>
   <topicref FeatureID="false_410" href="OSS_HLP_KEYPAD.html" navtitle="键盘快捷方式"/>
</topics>