<?xml version="1.0" encoding="UTF-8"?>
<keywords>
   <keywords>
      <text FeatureID="-1">书签</text>
      <target FeatureID="-1" href="OSS_HLP_BM_ADDBM.html">新增书签</target>
      <target FeatureID="-1" href="OSS_HLP_BM_MAIN.html">浏览书签</target>
      <target FeatureID="-1" href="OSS_HLP_BM_EDIT.html">编辑书签</target>
   </keywords>
   <keywords>
      <text FeatureID="-1">浏览器书签</text>
      <target FeatureID="-1" href="OSS_HLP_BM_ADDBM.html">新增书签</target>
      <target FeatureID="-1" href="OSS_HLP_BM_EDIT.html">编辑书签</target>
   </keywords>
   <keywords>
      <text FeatureID="-1">网络</text>
      <target FeatureID="-1" href="OSS_HLP_BM_ADDBM.html">新增书签</target>
      <target FeatureID="true_167" href="OSS_HLP_RSS_ADD.html">增加网络订阅源</target>
      <target FeatureID="-1" href="OSS_HLP_PAGEVIEW.html">浏览网络</target>
      <target FeatureID="-1" href="OSS_HLP_BM_EDIT.html">编辑书签</target>
      <target FeatureID="true_167" href="OSS_HLP_RSS_EDIT.html">编辑网络订阅源</target>
      <target FeatureID="true_167" href="OSS_HLP_RSS_ARTICLE.html">网络订阅源文章</target>
      <target FeatureID="true_167" href="OSS_HLP_RSS_ARTICLELST.html">网络订阅源</target>
      <target FeatureID="true_167" href="OSS_HLP_RSS_MAIN.html">网络订阅源和博客</target>
   </keywords>
   <keywords>
      <text FeatureID="true_167">订阅源</text>
      <target FeatureID="true_167" href="OSS_HLP_RSS_ADD.html">增加网络订阅源</target>
      <target FeatureID="true_167" href="OSS_HLP_RSS_EDIT.html">编辑网络订阅源</target>
      <target FeatureID="true_167" href="OSS_HLP_RSS_ARTICLE.html">网络订阅源文章</target>
      <target FeatureID="true_167" href="OSS_HLP_RSS_ARTICLELST.html">网络订阅源</target>
      <target FeatureID="true_167" href="OSS_HLP_RSS_MAIN.html">网络订阅源和博客</target>
   </keywords>
   <keywords>
      <text FeatureID="true_167">RSS 订阅源</text>
      <target FeatureID="true_167" href="OSS_HLP_RSS_ADD.html">增加网络订阅源</target>
      <target FeatureID="true_167" href="OSS_HLP_RSS_ARTICLE.html">网络订阅源文章</target>
      <target FeatureID="true_167" href="OSS_HLP_RSS_ARTICLELST.html">网络订阅源</target>
      <target FeatureID="true_167" href="OSS_HLP_RSS_MAIN.html">网络订阅源和博客</target>
   </keywords>
   <keywords>
      <text FeatureID="true_167">新闻和博客</text>
      <target FeatureID="true_167" href="OSS_HLP_RSS_ADD.html">增加网络订阅源</target>
      <target FeatureID="true_167" href="OSS_HLP_RSS_EDIT.html">编辑网络订阅源</target>
      <target FeatureID="true_167" href="OSS_HLP_RSS_ARTICLE.html">网络订阅源文章</target>
      <target FeatureID="true_167" href="OSS_HLP_RSS_ARTICLELST.html">网络订阅源</target>
      <target FeatureID="true_167" href="OSS_HLP_RSS_MAIN.html">网络订阅源和博客</target>
   </keywords>
   <keywords>
      <text FeatureID="true_167">博客</text>
      <target FeatureID="true_167" href="OSS_HLP_RSS_ADD.html">增加网络订阅源</target>
      <target FeatureID="true_167" href="OSS_HLP_RSS_EDIT.html">编辑网络订阅源</target>
      <target FeatureID="true_167" href="OSS_HLP_RSS_ARTICLE.html">网络订阅源文章</target>
      <target FeatureID="true_167" href="OSS_HLP_RSS_ARTICLELST.html">网络订阅源</target>
      <target FeatureID="true_167" href="OSS_HLP_RSS_MAIN.html">网络订阅源和博客</target>
   </keywords>
   <keywords>
      <text FeatureID="-1">浏览网页</text>
      <target FeatureID="-1" href="OSS_HLP_PAGEVIEW.html">浏览网络</target>
   </keywords>
   <keywords>
      <text FeatureID="-1">浏览器</text>
      <target FeatureID="-1" href="OSS_HLP_BM_MAIN.html">浏览书签</target>
   </keywords>
   <keywords>
      <text FeatureID="true_167">rss 订阅源</text>
      <target FeatureID="true_167" href="OSS_HLP_RSS_EDIT.html">编辑网络订阅源</target>
   </keywords>
   <keywords>
      <text FeatureID="-1">浏览器设置</text>
      <target FeatureID="-1" href="OSS_HLP_SETTINGS_GENERAL.html">常规设置</target>
      <target FeatureID="-1" href="OSS_HLP_SETTINGS_PAGE.html">网页设置</target>
      <target FeatureID="-1" href="OSS_HLP_SETTINGS_PRIVACY.html">加密设置</target>
      <target FeatureID="true_167" href="OSS_HLP_SETTINGS_RSS.html">网络订阅源设置</target>
      <target FeatureID="-1" href="OSS_HLP_SETTINGS_FOLDERS.html">网络设置</target>
      <target FeatureID="false_410" href="OSS_HLP_SHORTCUTS.html">工具栏快捷方式</target>
      <target FeatureID="false_410" href="OSS_HLP_KEYPAD.html">键盘快捷方式</target>
   </keywords>
   <keywords>
      <text FeatureID="-1">网络设置</text>
      <target FeatureID="-1" href="OSS_HLP_SETTINGS_GENERAL.html">常规设置</target>
      <target FeatureID="-1" href="OSS_HLP_SETTINGS_PAGE.html">网页设置</target>
      <target FeatureID="-1" href="OSS_HLP_SETTINGS_PRIVACY.html">加密设置</target>
      <target FeatureID="true_167" href="OSS_HLP_SETTINGS_RSS.html">网络订阅源设置</target>
      <target FeatureID="-1" href="OSS_HLP_SETTINGS_FOLDERS.html">网络设置</target>
      <target FeatureID="false_410" href="OSS_HLP_SHORTCUTS.html">工具栏快捷方式</target>
      <target FeatureID="false_410" href="OSS_HLP_KEYPAD.html">键盘快捷方式</target>
   </keywords>
   <keywords>
      <text FeatureID="-1">设置网络</text>
      <target FeatureID="-1" href="OSS_HLP_SETTINGS_PAGE.html">网页设置</target>
      <target FeatureID="true_167" href="OSS_HLP_SETTINGS_RSS.html">网络订阅源设置</target>
      <target FeatureID="-1" href="OSS_HLP_SETTINGS_FOLDERS.html">网络设置</target>
   </keywords>
   <keywords>
      <text FeatureID="-1">加密设置</text>
      <target FeatureID="-1" href="OSS_HLP_SETTINGS_PRIVACY.html">加密设置</target>
   </keywords>
   <keywords>
      <text FeatureID="-1">打开特定网页</text>
      <target FeatureID="-1" href="OSS_HLP_PAGEVIEW_EMBED.html">经由其他应用程序接入网络</target>
   </keywords>
   <keywords>
      <text FeatureID="-1">经由其他应用程序接入网络</text>
      <target FeatureID="-1" href="OSS_HLP_PAGEVIEW_EMBED.html">经由其他应用程序接入网络</target>
   </keywords>
</keywords>