<?xml version="1.0" encoding="UTF-8"?><?xml-stylesheet  href="../../theme/xsl/index2html.xslt" type="text/xsl"?>
<topics FeatureID="-1" title="Berichten" compressed="true">
   <topicref FeatureID="-1" href="MCE_HLP_MESSAGING.html" navtitle="Berichtencentrale"/>
   <topicref FeatureID="-1" href="MCE_HLP_SIM.html" navtitle="SIM-berichten weergeven"/>
   <topicref FeatureID="-1" href="MCE_HLP_SETTINGS.html" navtitle="Berichtinstellingen"/>
   <topicref FeatureID="-1" href="MCE_HLP_SETTINGS_SMS.html" navtitle="Instellingen SMS-berichten"/>
   <topicref FeatureID="-1" href="SMS_HLP_SETTINGS_SCENTRES.html" navtitle="Instellingen voor SMS-berichtencentrale"/>
   <topicref FeatureID="-1" href="SMS_HLP_SETTINGS_SCENTRES_EDIT.html" navtitle="Berichtencentrales bewerken"/>
   <topicref FeatureID="true_1092" href="SMS_HLP_SETTINGS_SMS_EMAIL.html" navtitle="Instellingen voor e-mail via SMS"/>
   <topicref FeatureID="-1" href="MCE_HLP_SETTINGS_MMS.html" navtitle="Instellingen voor multimediaberichten"/>
   <topicref FeatureID="true_1090" href="MCE_HLP_SETTINGS_CB.html" navtitle="Instellingen voor infodiensten"/>
   <topicref FeatureID="-1" href="MCE_HLP_SETTINGS_GEN.html" navtitle="Overige instellingen"/>
   <topicref FeatureID="-1" href="MCE_HLP_INBOX.html" navtitle="Inbox"/>
   <topicref FeatureID="-1" href="MCE_HLP_DOCUMENTS.html" navtitle="Mijn mappen"/>
   <topicref FeatureID="-1" href="MCE_HLP_TEMPLATES.html" navtitle="Berichtensjablonen"/>
   <topicref FeatureID="-1" href="MCE_HLP_FOLDER.html" navtitle="Berichten indelen"/>
   <topicref FeatureID="-1" href="MCE_HLP_DRAFTS.html" navtitle="Concepten"/>
   <topicref FeatureID="-1" href="MCE_HLP_SENT_ITEMS.html" navtitle="Verzonden berichten"/>
   <topicref FeatureID="-1" href="MCE_HLP_OUTBOX.html" navtitle="Outbox"/>
   <topicref FeatureID="-1" href="MCE_HLP_DELIVERY_REPORTS.html" navtitle="Leveringsrapporten"/>
   <topicref FeatureID="true_1132" href="MCE_HLP_MMS_NOTIFICATIONS.html" navtitle="Multimediameldingen"/>
   <topicref FeatureID="-1" href="FIND_HLP.html" navtitle="Nummers/adressen zoeken"/>
</topics>