<?xml version="1.0" encoding="UTF-8"?>
<keywords>
   <keywords>
      <text FeatureID="-1">verzenden, berichten</text>
      <target FeatureID="-1" href="MCE_HLP_MESSAGING.html">Berichtencentrale</target>
      <target FeatureID="-1" href="MCE_HLP_OUTBOX.html">Outbox</target>
   </keywords>
   <keywords>
      <text FeatureID="-1">ontvangen, ontvangen</text>
      <target FeatureID="-1" href="MCE_HLP_MESSAGING.html">Berichtencentrale</target>
      <target FeatureID="-1" href="MCE_HLP_INBOX.html">Inbox</target>
   </keywords>
   <keywords>
      <text FeatureID="-1">SIM-berichten</text>
      <target FeatureID="-1" href="MCE_HLP_SIM.html">SIM-berichten weergeven</target>
   </keywords>
   <keywords>
      <text FeatureID="-1">berichten op SIM-kaart</text>
      <target FeatureID="-1" href="MCE_HLP_SIM.html">SIM-berichten weergeven</target>
   </keywords>
   <keywords>
      <text FeatureID="-1">berichtinstellingen</text>
      <target FeatureID="-1" href="MCE_HLP_SETTINGS.html">Berichtinstellingen</target>
      <target FeatureID="-1" href="MCE_HLP_SETTINGS_GEN.html">Overige instellingen</target>
   </keywords>
   <keywords>
      <text FeatureID="-1">SMS, instellingen</text>
      <target FeatureID="-1" href="MCE_HLP_SETTINGS_SMS.html">Instellingen SMS-berichten</target>
   </keywords>
   <keywords>
      <text FeatureID="-1">SMS-instellingen</text>
      <target FeatureID="-1" href="MCE_HLP_SETTINGS_SMS.html">Instellingen SMS-berichten</target>
      <target FeatureID="-1" href="SMS_HLP_SETTINGS_SCENTRES.html">Instellingen voor SMS-berichtencentrale</target>
      <target FeatureID="-1" href="SMS_HLP_SETTINGS_SCENTRES_EDIT.html">Berichtencentrales bewerken</target>
   </keywords>
   <keywords>
      <text FeatureID="-1">SMS-berichtencentrale, instellingen</text>
      <target FeatureID="-1" href="SMS_HLP_SETTINGS_SCENTRES.html">Instellingen voor SMS-berichtencentrale</target>
      <target FeatureID="-1" href="SMS_HLP_SETTINGS_SCENTRES.html">Instellingen voor SMS-berichtencentrale</target>
      <target FeatureID="-1" href="SMS_HLP_SETTINGS_SCENTRES_EDIT.html">Berichtencentrales bewerken</target>
   </keywords>
   <keywords>
      <text FeatureID="true_1092">SMS, e-mail</text>
      <target FeatureID="true_1092" href="SMS_HLP_SETTINGS_SMS_EMAIL.html">Instellingen voor e-mail via SMS</target>
   </keywords>
   <keywords>
      <text FeatureID="true_1092">e-mail via sms, instellingen</text>
      <target FeatureID="true_1092" href="SMS_HLP_SETTINGS_SMS_EMAIL.html">Instellingen voor e-mail via SMS</target>
   </keywords>
   <keywords>
      <text FeatureID="-1">MMS-instellingen</text>
      <target FeatureID="-1" href="MCE_HLP_SETTINGS_MMS.html">Instellingen voor multimediaberichten</target>
   </keywords>
   <keywords>
      <text FeatureID="true_1090">infodiensten, instellingen</text>
      <target FeatureID="true_1090" href="MCE_HLP_SETTINGS_CB.html">Instellingen voor infodiensten</target>
   </keywords>
   <keywords>
      <text FeatureID="-1">inbox</text>
      <target FeatureID="-1" href="MCE_HLP_INBOX.html">Inbox</target>
   </keywords>
   <keywords>
      <text FeatureID="-1">mijn mappen</text>
      <target FeatureID="-1" href="MCE_HLP_DOCUMENTS.html">Mijn mappen</target>
   </keywords>
   <keywords>
      <text FeatureID="-1">opslaan, berichten</text>
      <target FeatureID="-1" href="MCE_HLP_DOCUMENTS.html">Mijn mappen</target>
   </keywords>
   <keywords>
      <text FeatureID="-1">verzenden, sjablonen</text>
      <target FeatureID="-1" href="MCE_HLP_TEMPLATES.html">Berichtensjablonen</target>
   </keywords>
   <keywords>
      <text FeatureID="-1">berichtensjablonen</text>
      <target FeatureID="-1" href="MCE_HLP_TEMPLATES.html">Berichtensjablonen</target>
   </keywords>
   <keywords>
      <text FeatureID="-1">indelen, berichten</text>
      <target FeatureID="-1" href="MCE_HLP_FOLDER.html">Berichten indelen</target>
   </keywords>
   <keywords>
      <text FeatureID="-1">opslaan, conceptberichten</text>
      <target FeatureID="-1" href="MCE_HLP_DRAFTS.html">Concepten</target>
   </keywords>
   <keywords>
      <text FeatureID="-1">conceptberichten</text>
      <target FeatureID="-1" href="MCE_HLP_DRAFTS.html">Concepten</target>
   </keywords>
   <keywords>
      <text FeatureID="-1">verzonden berichten</text>
      <target FeatureID="-1" href="MCE_HLP_SENT_ITEMS.html">Verzonden berichten</target>
   </keywords>
   <keywords>
      <text FeatureID="-1">weergeven, outbox</text>
      <target FeatureID="-1" href="MCE_HLP_OUTBOX.html">Outbox</target>
   </keywords>
   <keywords>
      <text FeatureID="-1">leveringsrapporten</text>
      <target FeatureID="-1" href="MCE_HLP_DELIVERY_REPORTS.html">Leveringsrapporten</target>
   </keywords>
   <keywords>
      <text FeatureID="true_1132">MMS-meldingen</text>
      <target FeatureID="true_1132" href="MCE_HLP_MMS_NOTIFICATIONS.html">Multimediameldingen</target>
   </keywords>
   <keywords>
      <text FeatureID="-1">zoeken, telefoonnummers</text>
      <target FeatureID="-1" href="FIND_HLP.html">Nummers/adressen zoeken</target>
   </keywords>
   <keywords>
      <text FeatureID="-1">zoeken, adressen</text>
      <target FeatureID="-1" href="FIND_HLP.html">Nummers/adressen zoeken</target>
   </keywords>
</keywords>