<?xml version="1.0" encoding="UTF-8"?><?xml-stylesheet  href="../../theme/xsl/index2html.xslt" type="text/xsl"?>
<topics FeatureID="-1" title="Sõnumside" compressed="true">
   <topicref FeatureID="-1" href="IMNG_HLP_SEARCHCHAT.html" navtitle="Sõnumsideteenuse kasutajate otsimine"/>
   <topicref FeatureID="-1" href="IMNG_HLP_SAVED_VIEW.html" navtitle="Salvestatud vestluste vaatamine"/>
   <topicref FeatureID="-1" href="IMNG_HLP_SAVED_LIST.html" navtitle="Salvestatud vestlused"/>
   <topicref FeatureID="-1" href="IMNG_HLP_IMCHAT.html" navtitle="Grupivestlused"/>
   <topicref FeatureID="-1" href="IMNG_HLP_GROUP_EDIT.html" navtitle="Grupimuutmisõigused"/>
   <topicref FeatureID="-1" href="IMNG_HLP_GROUP_BAN.html" navtitle="Sõnumsidekasutajate eemaldamine gruppidest"/>
   <topicref FeatureID="-1" href="IMNG_HLP_CONT_OWN_DATA.html" navtitle="Minu andmed"/>
   <topicref FeatureID="-1" href="IMNG_HLP_COMMUNITY_VIEW_EMPTY.html" navtitle="Sõnumsideteenuse kasutamise alustamine"/>
   <topicref FeatureID="-1" href="IMNG_HLP_COMMUNITY_VIEW.html" navtitle="Sõnumside"/>
   <topicref FeatureID="-1" href="IMNG_HLP_BLOCKED_VIEW.html" navtitle="Blokeeritud kontaktid"/>
   <topicref FeatureID="-1" href="IMNG_HLP_SETTINGS.html" navtitle="Sõnumsideseaded"/>
   <topicref FeatureID="-1" href="IMNG_HLP_SERVLISTSETT_IM.html" navtitle="Sõnumsideserverid"/>
   <topicref FeatureID="-1" href="IMNG_HLP_DEFSERVER.html" navtitle="Sõnumsideserveri seaded"/>
   <topicref FeatureID="-1" href="IMNG_HLP_INVITE.html" navtitle="Sõnumsidekutsed"/>
   <topicref FeatureID="-1" href="IMNG_HLP_CREATECHAT.html" navtitle="Sõnumsidegrupi seaded"/>
   <topicref FeatureID="-1" href="IMNG_HLP_ACCLIST.html" navtitle="Sõnumsidegrupi liikmed"/>
   <topicref FeatureID="-1" href="IMNG_HLP_CONVERSATIONS.html" navtitle="Sõnumsidevestlused"/>
   <topicref FeatureID="-1" href="IMNG_HLP_CONTACTDETAILS.html" navtitle="Sõnumsidekontakti andmed"/>
   <topicref FeatureID="-1" href="IMNG_HLP_APPSETT.html" navtitle="Sõnumsiderakenduse seaded"/>
</topics>