<?xml version="1.0" encoding="UTF-8"?>
<keywords>
   <keywords>
      <text FeatureID="-1">sõnumsideteenuse kasutajate otsimine</text>
      <target FeatureID="-1" href="IMNG_HLP_SEARCHCHAT.html">Sõnumsideteenuse kasutajate otsimine</target>
   </keywords>
   <keywords>
      <text FeatureID="-1">sõnumside</text>
      <target FeatureID="-1" href="IMNG_HLP_SEARCHCHAT.html">Sõnumsideteenuse kasutajate otsimine</target>
      <target FeatureID="-1" href="IMNG_HLP_SAVED_VIEW.html">Salvestatud vestluste vaatamine</target>
      <target FeatureID="-1" href="IMNG_HLP_SAVED_LIST.html">Salvestatud vestlused</target>
      <target FeatureID="-1" href="IMNG_HLP_GROUP_EDIT.html">Grupimuutmisõigused</target>
      <target FeatureID="-1" href="IMNG_HLP_GROUP_BAN.html">Sõnumsidekasutajate eemaldamine gruppidest</target>
      <target FeatureID="-1" href="IMNG_HLP_CONT_OWN_DATA.html">Minu andmed</target>
      <target FeatureID="-1" href="IMNG_HLP_COMMUNITY_VIEW_EMPTY.html">Sõnumsideteenuse kasutamise alustamine</target>
      <target FeatureID="-1" href="IMNG_HLP_COMMUNITY_VIEW.html">Sõnumside</target>
      <target FeatureID="-1" href="IMNG_HLP_CREATECHAT.html">Sõnumsidegrupi seaded</target>
      <target FeatureID="-1" href="IMNG_HLP_ACCLIST.html">Sõnumsidegrupi liikmed</target>
      <target FeatureID="-1" href="IMNG_HLP_CONVERSATIONS.html">Sõnumsidevestlused</target>
      <target FeatureID="-1" href="IMNG_HLP_APPSETT.html">Sõnumsiderakenduse seaded</target>
   </keywords>
   <keywords>
      <text FeatureID="-1">sõnumsidegruppide otsimine</text>
      <target FeatureID="-1" href="IMNG_HLP_SEARCHCHAT.html">Sõnumsideteenuse kasutajate otsimine</target>
   </keywords>
   <keywords>
      <text FeatureID="-1">salvestatud vestlused</text>
      <target FeatureID="-1" href="IMNG_HLP_SAVED_LIST.html">Salvestatud vestlused</target>
   </keywords>
   <keywords>
      <text FeatureID="-1">IM (sõnumside)</text>
      <target FeatureID="-1" href="IMNG_HLP_IMCHAT.html">Grupivestlused</target>
   </keywords>
   <keywords>
      <text FeatureID="-1">sõnumsidegruppidega liitumine</text>
      <target FeatureID="-1" href="IMNG_HLP_IMCHAT.html">Grupivestlused</target>
   </keywords>
   <keywords>
      <text FeatureID="-1">muutmisõigused</text>
      <target FeatureID="-1" href="IMNG_HLP_GROUP_EDIT.html">Grupimuutmisõigused</target>
   </keywords>
   <keywords>
      <text FeatureID="-1">keelatud loend</text>
      <target FeatureID="-1" href="IMNG_HLP_GROUP_BAN.html">Sõnumsidekasutajate eemaldamine gruppidest</target>
   </keywords>
   <keywords>
      <text FeatureID="-1">sõnumsidegrupi liikmed</text>
      <target FeatureID="-1" href="IMNG_HLP_GROUP_BAN.html">Sõnumsidekasutajate eemaldamine gruppidest</target>
      <target FeatureID="-1" href="IMNG_HLP_ACCLIST.html">Sõnumsidegrupi liikmed</target>
   </keywords>
   <keywords>
      <text FeatureID="-1">sõnumsidekontaktid</text>
      <target FeatureID="-1" href="IMNG_HLP_CONT_OWN_DATA.html">Minu andmed</target>
      <target FeatureID="-1" href="IMNG_HLP_BLOCKED_VIEW.html">Blokeeritud kontaktid</target>
      <target FeatureID="-1" href="IMNG_HLP_CONTACTDETAILS.html">Sõnumsidekontakti andmed</target>
   </keywords>
   <keywords>
      <text FeatureID="-1">IM</text>
      <target FeatureID="-1" href="IMNG_HLP_COMMUNITY_VIEW_EMPTY.html">Sõnumsideteenuse kasutamise alustamine</target>
      <target FeatureID="-1" href="IMNG_HLP_COMMUNITY_VIEW.html">Sõnumside</target>
      <target FeatureID="-1" href="IMNG_HLP_CONVERSATIONS.html">Sõnumsidevestlused</target>
   </keywords>
   <keywords>
      <text FeatureID="-1">blokeeritud sõnumsidekontaktid</text>
      <target FeatureID="-1" href="IMNG_HLP_BLOCKED_VIEW.html">Blokeeritud kontaktid</target>
   </keywords>
   <keywords>
      <text FeatureID="-1">Sõnumsideseaded</text>
      <target FeatureID="-1" href="IMNG_HLP_SETTINGS.html">Sõnumsideseaded</target>
      <target FeatureID="-1" href="IMNG_HLP_APPSETT.html">Sõnumsiderakenduse seaded</target>
   </keywords>
   <keywords>
      <text FeatureID="-1">Sõnumsideserverid</text>
      <target FeatureID="-1" href="IMNG_HLP_SERVLISTSETT_IM.html">Sõnumsideserverid</target>
   </keywords>
   <keywords>
      <text FeatureID="-1">Sõnumsideserveri seaded</text>
      <target FeatureID="-1" href="IMNG_HLP_DEFSERVER.html">Sõnumsideserveri seaded</target>
   </keywords>
   <keywords>
      <text FeatureID="-1">serveri seaded</text>
      <target FeatureID="-1" href="IMNG_HLP_DEFSERVER.html">Sõnumsideserveri seaded</target>
   </keywords>
   <keywords>
      <text FeatureID="-1">kutsed</text>
      <target FeatureID="-1" href="IMNG_HLP_INVITE.html">Sõnumsidekutsed</target>
   </keywords>
   <keywords>
      <text FeatureID="-1">Sõnumsidegrupi seaded</text>
      <target FeatureID="-1" href="IMNG_HLP_CREATECHAT.html">Sõnumsidegrupi seaded</target>
   </keywords>
   <keywords>
      <text FeatureID="-1">vestlused</text>
      <target FeatureID="-1" href="IMNG_HLP_CONVERSATIONS.html">Sõnumsidevestlused</target>
   </keywords>
   <keywords>
      <text FeatureID="-1">Sõnumside</text>
      <target FeatureID="-1" href="IMNG_HLP_CONTACTDETAILS.html">Sõnumsidekontakti andmed</target>
   </keywords>
</keywords>