<?xml version="1.0" encoding="UTF-8"?>
<keywords>
   <keywords>
      <text FeatureID="true_1116">надсилання календарних записів</text>
      <target FeatureID="true_1116" href="SMART_HLP_CALENDAREDITOR.html">Надсилання календарних записів</target>
   </keywords>
   <keywords>
      <text FeatureID="true_1114">отримання календарних записів</text>
      <target FeatureID="true_1114" href="SMART_HLP_CALENDARVIEWER.html">Отримані календарні записи</target>
   </keywords>
   <keywords>
      <text FeatureID="true_1114">календарні записи</text>
      <target FeatureID="true_1114" href="SMART_HLP_CALPULLMESVIEWER.html">Завантаження календарних записів</target>
   </keywords>
   <keywords>
      <text FeatureID="true_1117 true_1115">візитні картки</text>
      <target FeatureID="true_1117" href="SMART_HLP_BUSINESSEDITOR.html">Надсилання візитних карток</target>
      <target FeatureID="true_1115" href="SMART_HLP_BUSINESSVIEWER.html">Отримані візитні картки</target>
      <target FeatureID="true_1115" href="SMART_HLP_BUSPULLMESVIEWER.html">Завантаження візитних карток</target>
   </keywords>
   <keywords>
      <text FeatureID="true_1111">тони дзвінка</text>
      <target FeatureID="true_1111" href="SMART_HLP_RINGVIEWER.html">Отримані тони дзвінка</target>
   </keywords>
   <keywords>
      <text FeatureID="true_1110">логотипи оператора</text>
      <target FeatureID="true_1110" href="SMART_HLP_OPLOGOVIEWER.html">Отримані логотипи оператора</target>
   </keywords>
   <keywords>
      <text FeatureID="true_1106">закладки</text>
      <target FeatureID="true_1106" href="SMART_HLP_ONEBOOKVIEWER.html">Отримана закладка</target>
   </keywords>
   <keywords>
      <text FeatureID="true_1112">отримання малюнків</text>
      <target FeatureID="true_1112" href="SMART_HLP_GMSVIEWER.html">Перегляд графічних повідомлень</target>
   </keywords>
   <keywords>
      <text FeatureID="true_1112">графічні повідомлення</text>
      <target FeatureID="true_1112" href="SMART_HLP_GMSVIEWER.html">Перегляд графічних повідомлень</target>
   </keywords>
   <keywords>
      <text FeatureID="true_1537">конфігурація віддаленого носія</text>
      <target FeatureID="true_1537" href="SMART_HLP_REMOTEDRIVES_VIEWER.html">Отримання конфігурації віддаленого носія</target>
      <target FeatureID="true_1537" href="SMART_HLP_REMOTEDRIVES_EDITOR.html">Надсилання конфігурації віддаленого носія</target>
   </keywords>
</keywords>