<?xml version="1.0" encoding="UTF-8"?>
<keywords>
   <keywords>
      <text FeatureID="-1">trình đọc tin nhắn, ngôn ngữ</text>
      <target FeatureID="-1" href="SPEECH_HLP_MAIN.html">Cài đặt lời nói</target>
   </keywords>
   <keywords>
      <text FeatureID="-1">trình đọc tin nhắn, giọng nói</text>
      <target FeatureID="-1" href="SPEECH_HLP_MAIN.html">Cài đặt lời nói</target>
   </keywords>
   <keywords>
      <text FeatureID="-1">trình đọc tin nhắn</text>
      <target FeatureID="-1" href="SPEECH_HLP_VOICE.html">Chi tiết giọng nói</target>
   </keywords>
   <keywords>
      <text FeatureID="-1">trình đọc tin nhắn, cài đặt</text>
      <target FeatureID="-1" href="SPEECH_HLP_MRSETTINGS.html">Cài đặt trình đọc tin nhắn</target>
   </keywords>
</keywords>