<?xml version="1.0" encoding="UTF-8"?>
<keywords>
   <keywords>
      <text FeatureID="-1">numeri consentiti</text>
      <target FeatureID="-1" href="FDN_HLP_FDN_NUM_EDIT_VIEW.html">Modificare schede Rubrica</target>
      <target FeatureID="-1" href="FDN_HLP_FDN_NUMBER_VIEW.html">Schede numeri consentiti</target>
      <target FeatureID="-1" href="FDN_HLP_FDN_VIEW.html">Limitare le chiamate</target>
   </keywords>
   <keywords>
      <text FeatureID="-1">restrizione chiamate</text>
      <target FeatureID="-1" href="FDN_HLP_FDN_VIEW.html">Limitare le chiamate</target>
   </keywords>
   <keywords>
      <text FeatureID="-1">numeri servizi</text>
      <target FeatureID="-1" href="SDN_HLP_APP.html">Numeri servizi</target>
   </keywords>
   <keywords>
      <text FeatureID="-1">SIM, numeri servizi</text>
      <target FeatureID="-1" href="SDN_HLP_APP.html">Numeri servizi</target>
   </keywords>
   <keywords>
      <text FeatureID="-1">numeri servizi in SIM</text>
      <target FeatureID="-1" href="SDN_HLP_APP.html">Numeri servizi</target>
   </keywords>
   <keywords>
      <text FeatureID="-1">gruppi della Rubrica</text>
      <target FeatureID="-1" href="PHOB_HLP_GROUP_LIST.html">Gruppi della Rubrica</target>
      <target FeatureID="-1" href="PHOB_HLP_GROUP_MEMBER_LIST.html">Membri dei gruppi</target>
   </keywords>
   <keywords>
      <text FeatureID="-1">SIM, schede</text>
      <target FeatureID="-1" href="PHOB_HLP_SIM_LIST.html">Rubrica SIM</target>
   </keywords>
   <keywords>
      <text FeatureID="-1">Numero SIM</text>
      <target FeatureID="-1" href="PHOB_HLP_MY_NUMBERS.html">Numeri predefiniti</target>
   </keywords>
   <keywords>
      <text FeatureID="-1">ordine dei nomi nella Rubrica</text>
      <target FeatureID="-1" href="PHOB_HLP_SETTINGS.html">Impostazioni Rubrica</target>
   </keywords>
   <keywords>
      <text FeatureID="-1">Rubrica, memoria</text>
      <target FeatureID="-1" href="PHOB_HLP_SETTINGS.html">Impostazioni Rubrica</target>
   </keywords>
   <keywords>
      <text FeatureID="-1">memoria predefinita</text>
      <target FeatureID="-1" href="PHOB_HLP_SETTINGS.html">Impostazioni Rubrica</target>
   </keywords>
   <keywords>
      <text FeatureID="-1">Rubrica</text>
      <target FeatureID="-1" href="PHOB_HLP_NAME_LIST.html">Rubrica</target>
   </keywords>
   <keywords>
      <text FeatureID="-1">informazioni di contatto</text>
      <target FeatureID="-1" href="PHOB_HLP_NAME_LIST.html">Rubrica</target>
   </keywords>
   <keywords>
      <text FeatureID="-1">rubrica</text>
      <target FeatureID="-1" href="PHOB_HLP_NAME_LIST.html">Rubrica</target>
   </keywords>
</keywords>