<?xml version="1.0" encoding="UTF-8"?><?xml-stylesheet  href="../../theme/xsl/index2html.xslt" type="text/xsl"?>
<topics FeatureID="-1" title="ہمزمانگی ڈیٹا" compressed="true">
   <topicref FeatureID="-1" href="DS_HLP_MAIN_VIEW.html" navtitle="ہمزمانگی ڈیٹا"/>
   <topicref FeatureID="-1" href="DS_HLP_SETTINGS.html" navtitle="پروفائل ترميم"/>
   <topicref FeatureID="-1" href="DS_HLP_SETTINGS_CAL.html" navtitle="کیلنڈر ہمزمانگی ترتیبات"/>
   <topicref FeatureID="-1" href="DS_HLP_SETTINGS_CNT.html" navtitle="ہمزمانگی ترتیباتِ روابط"/>
   <topicref FeatureID="-1" href="DS_HLP_SETTINGS_NOTES.html" navtitle="ترتیباتِ ہمزمانگی کی وضاحتیں"/>
   <topicref FeatureID="-1" href="DS_HLP_SETTINGS_SMS.html" navtitle="SMS ہمزمانگی ترتیبات"/>
   <topicref FeatureID="true_44" href="DS_HLP_SETTINGS_SYNCML.html" navtitle="ای-میل ترتیبات ہمزمانگی"/>
   <topicref FeatureID="-1" href="DS_HLP_SETTINGS_BOOKMARKS.html" navtitle="نشانات کتب سنک کی ترتیبات"/>
   <topicref FeatureID="-1" href="DS_HLP_AUTO_SYNC_SETTINGS.html" navtitle="خودکار سنک کی ترتیبات"/>
   <topicref FeatureID="-1" href="DS_HLP_SETTINGS_MMS.html" navtitle="MMS سنک ترتیبات"/>
   <topicref FeatureID="-1" href="DS_HLP_PROFILE_SETTINGS.html" navtitle="پروفائل منظر کی ترتیبات"/>
</topics>