<?xml version="1.0" encoding="UTF-8"?>
<keywords>
   <keywords>
      <text FeatureID="-1">سنکرونائزيشن</text>
      <target FeatureID="-1" href="DS_HLP_MAIN_VIEW.html">ہمزمانگی ڈیٹا</target>
   </keywords>
   <keywords>
      <text FeatureID="-1">سنکرونائزيشن پروفائلیں</text>
      <target FeatureID="-1" href="DS_HLP_MAIN_VIEW.html">ہمزمانگی ڈیٹا</target>
   </keywords>
   <keywords>
      <text FeatureID="-1">پروفائل ترتيب</text>
      <target FeatureID="-1" href="DS_HLP_SETTINGS.html">پروفائل ترميم</target>
   </keywords>
   <keywords>
      <text FeatureID="-1">ترتیباتِ ہمزمانگی</text>
      <target FeatureID="-1" href="DS_HLP_SETTINGS_CAL.html">کیلنڈر ہمزمانگی ترتیبات</target>
      <target FeatureID="-1" href="DS_HLP_SETTINGS_CNT.html">ہمزمانگی ترتیباتِ روابط</target>
      <target FeatureID="-1" href="DS_HLP_SETTINGS_NOTES.html">ترتیباتِ ہمزمانگی کی وضاحتیں</target>
      <target FeatureID="-1" href="DS_HLP_SETTINGS_SMS.html">SMS ہمزمانگی ترتیبات</target>
      <target FeatureID="true_44" href="DS_HLP_SETTINGS_SYNCML.html">ای-میل ترتیبات ہمزمانگی</target>
   </keywords>
</keywords>