<?xml version="1.0" encoding="UTF-8"?>
<keywords>
   <keywords>
      <text FeatureID="-1">Mail for Exchange</text>
      <target FeatureID="-1" href="FSE_HLP_MFE_LAUNCHER_MAIN_VIEW.html">Email Mail for Exchange</target>
   </keywords>
   <keywords>
      <text FeatureID="-1">pengaturan kotak pesan lanjutan</text>
      <target FeatureID="-1" href="FSE_HLP_MFE_SETTINGS_ADVANCED.html">Pengaturan lanjutan untuk kotak pesan</target>
   </keywords>
   <keywords>
      <text FeatureID="-1">pengaturan sinkronisasi e-mail</text>
      <target FeatureID="-1" href="FSE_HLP_MFE_SETTINGS_PIM_APPS.html">Pengaturan sinkronisasi aplikasi</target>
   </keywords>
   <keywords>
      <text FeatureID="-1">sinkronisasi kalender</text>
      <target FeatureID="-1" href="FSE_HLP_MFE_CALENDAR_APP.html">Pengaturan sinkronisasi Kalender</target>
   </keywords>
   <keywords>
      <text FeatureID="-1">sinkronisasi kontak,</text>
      <target FeatureID="-1" href="FSE_HLP_MFE_CONTACTS_APP.html">Pengaturan sinkronisasi Kontak</target>
   </keywords>
   <keywords>
      <text FeatureID="-1">pengaturan kotak pesan</text>
      <target FeatureID="-1" href="FSE_HLP_MFE_SETTINGS_MAILBOX.html">Pengaturan umum untuk kotak pesan</target>
   </keywords>
   <keywords>
      <text FeatureID="-1">konten sinkronisasi e-mail</text>
      <target FeatureID="-1" href="FSE_HLP_MFE_SETTINGS_WHAT_SYNC.html">Memilih konten sinkronisasi</target>
   </keywords>
   <keywords>
      <text FeatureID="-1">waktu sinkronisasi e-mail</text>
      <target FeatureID="-1" href="FSE_HLP_MFE_SETTINGS_WHEN_SYNC.html">Memilih waktu sinkronisasi</target>
   </keywords>
   <keywords>
      <text FeatureID="-1">sinkronisasi folder e-mail</text>
      <target FeatureID="-1" href="FSE_HLP_MFE_SETTINGS_FOLDER.html">Pengaturan untuk sinkronisasi</target>
   </keywords>
   <keywords>
      <text FeatureID="-1">pengaturan e-mail</text>
      <target FeatureID="-1" href="FSE_HLP_MFE_SETTINGS_MAIN_VIEW.html">Pengaturan e-mail</target>
   </keywords>
   <keywords>
      <text FeatureID="-1">sinkronisasi entri agenda</text>
      <target FeatureID="-1" href="FSE_HLP_MFE_TASKS_APP.html">Pengaturan sinkronisasi agenda</target>
   </keywords>
</keywords>