<?xml version="1.0" encoding="UTF-8"?>
<keywords>
   <keywords>
      <text FeatureID="-1">證書</text>
      <target FeatureID="-1" href="AM_HLP_GENERAL_SETTINGS.html">證書設定</target>
   </keywords>
   <keywords>
      <text FeatureID="-1">設定, 證書</text>
      <target FeatureID="-1" href="AM_HLP_GENERAL_SETTINGS.html">證書設定</target>
   </keywords>
   <keywords>
      <text FeatureID="-1">安裝應用程式</text>
      <target FeatureID="-1" href="AM_HLP_NOT_INSTALLED.html">安裝檔案</target>
      <target FeatureID="-1" href="AM_HLP_APPLICATION.html">管理應用程式</target>
   </keywords>
   <keywords>
      <text FeatureID="-1">應用程式</text>
      <target FeatureID="-1" href="AM_HLP_NOT_INSTALLED.html">安裝檔案</target>
      <target FeatureID="-1" href="AM_HLP_INSTALLED.html">安裝的應用程式</target>
   </keywords>
   <keywords>
      <text FeatureID="-1">安裝軟件</text>
      <target FeatureID="-1" href="AM_HLP_APPLICATION.html">管理應用程式</target>
   </keywords>
   <keywords>
      <text FeatureID="-1">權限要求</text>
      <target FeatureID="-1" href="AM_HLP_INSTALL_CAPAB.html">權限要求</target>
   </keywords>
   <keywords>
      <text FeatureID="-1">不信任的安裝</text>
      <target FeatureID="-1" href="AM_HLP_INSTALL_UNTRUSTED.html">不信任的安裝</target>
   </keywords>
</keywords>