<?xml version="1.0" encoding="UTF-8"?><?xml-stylesheet  href="../../theme/xsl/index2html.xslt" type="text/xsl"?>
<topics FeatureID="-1" title="Чат" compressed="true">
   <topicref FeatureID="-1" href="IMNG_HLP_SEARCHCHAT.html" navtitle="Пошук користувачів чата"/>
   <topicref FeatureID="-1" href="IMNG_HLP_SAVED_VIEW.html" navtitle="Перегляд збережених розмов"/>
   <topicref FeatureID="-1" href="IMNG_HLP_SAVED_LIST.html" navtitle="Збережені розмови"/>
   <topicref FeatureID="-1" href="IMNG_HLP_IMCHAT.html" navtitle="Групові розмови"/>
   <topicref FeatureID="-1" href="IMNG_HLP_GROUP_EDIT.html" navtitle="Права редагування груп"/>
   <topicref FeatureID="-1" href="IMNG_HLP_GROUP_BAN.html" navtitle="Заборона користувачам чата приєднуватись до груп"/>
   <topicref FeatureID="-1" href="IMNG_HLP_CONT_OWN_DATA.html" navtitle="Мої дані"/>
   <topicref FeatureID="-1" href="IMNG_HLP_COMMUNITY_VIEW_EMPTY.html" navtitle="Початок використання чата"/>
   <topicref FeatureID="-1" href="IMNG_HLP_COMMUNITY_VIEW.html" navtitle="Чат"/>
   <topicref FeatureID="-1" href="IMNG_HLP_BLOCKED_VIEW.html" navtitle="Заблоковані контакти"/>
   <topicref FeatureID="-1" href="IMNG_HLP_SETTINGS.html" navtitle="Установки чата"/>
   <topicref FeatureID="-1" href="IMNG_HLP_SERVLISTSETT_IM.html" navtitle="Сервери чата"/>
   <topicref FeatureID="-1" href="IMNG_HLP_DEFSERVER.html" navtitle="Установки сервера чата"/>
   <topicref FeatureID="-1" href="IMNG_HLP_INVITE.html" navtitle="Запрошення чата"/>
   <topicref FeatureID="-1" href="IMNG_HLP_CREATECHAT.html" navtitle="Установки групи чата"/>
   <topicref FeatureID="-1" href="IMNG_HLP_ACCLIST.html" navtitle="Учасники групи чата"/>
   <topicref FeatureID="-1" href="IMNG_HLP_CONVERSATIONS.html" navtitle="Розмови чата"/>
   <topicref FeatureID="-1" href="IMNG_HLP_CONTACTDETAILS.html" navtitle="Деталі контакту чата"/>
   <topicref FeatureID="-1" href="IMNG_HLP_APPSETT.html" navtitle="Установки програми чата"/>
</topics>