<?xml version="1.0" encoding="UTF-8"?>
<keywords>
   <keywords>
      <text FeatureID="-1">пошук користувачів чата</text>
      <target FeatureID="-1" href="IMNG_HLP_SEARCHCHAT.html">Пошук користувачів чата</target>
   </keywords>
   <keywords>
      <text FeatureID="-1">чат</text>
      <target FeatureID="-1" href="IMNG_HLP_SEARCHCHAT.html">Пошук користувачів чата</target>
      <target FeatureID="-1" href="IMNG_HLP_SAVED_VIEW.html">Перегляд збережених розмов</target>
      <target FeatureID="-1" href="IMNG_HLP_SAVED_LIST.html">Збережені розмови</target>
      <target FeatureID="-1" href="IMNG_HLP_GROUP_EDIT.html">Права редагування груп</target>
      <target FeatureID="-1" href="IMNG_HLP_GROUP_BAN.html">Заборона користувачам чата приєднуватись до груп</target>
      <target FeatureID="-1" href="IMNG_HLP_CONT_OWN_DATA.html">Мої дані</target>
      <target FeatureID="-1" href="IMNG_HLP_COMMUNITY_VIEW_EMPTY.html">Початок використання чата</target>
      <target FeatureID="-1" href="IMNG_HLP_COMMUNITY_VIEW_EMPTY.html">Початок використання чата</target>
      <target FeatureID="-1" href="IMNG_HLP_COMMUNITY_VIEW.html">Чат</target>
      <target FeatureID="-1" href="IMNG_HLP_COMMUNITY_VIEW.html">Чат</target>
      <target FeatureID="-1" href="IMNG_HLP_CREATECHAT.html">Установки групи чата</target>
      <target FeatureID="-1" href="IMNG_HLP_ACCLIST.html">Учасники групи чата</target>
      <target FeatureID="-1" href="IMNG_HLP_CONVERSATIONS.html">Розмови чата</target>
      <target FeatureID="-1" href="IMNG_HLP_CONVERSATIONS.html">Розмови чата</target>
      <target FeatureID="-1" href="IMNG_HLP_CONTACTDETAILS.html">Деталі контакту чата</target>
      <target FeatureID="-1" href="IMNG_HLP_APPSETT.html">Установки програми чата</target>
   </keywords>
   <keywords>
      <text FeatureID="-1">пошук груп чата</text>
      <target FeatureID="-1" href="IMNG_HLP_SEARCHCHAT.html">Пошук користувачів чата</target>
   </keywords>
   <keywords>
      <text FeatureID="-1">збережені розмови</text>
      <target FeatureID="-1" href="IMNG_HLP_SAVED_LIST.html">Збережені розмови</target>
   </keywords>
   <keywords>
      <text FeatureID="-1">Чат (миттєві повідомлення)</text>
      <target FeatureID="-1" href="IMNG_HLP_IMCHAT.html">Групові розмови</target>
   </keywords>
   <keywords>
      <text FeatureID="-1">приєднання до груп чата</text>
      <target FeatureID="-1" href="IMNG_HLP_IMCHAT.html">Групові розмови</target>
   </keywords>
   <keywords>
      <text FeatureID="-1">права редагування</text>
      <target FeatureID="-1" href="IMNG_HLP_GROUP_EDIT.html">Права редагування груп</target>
   </keywords>
   <keywords>
      <text FeatureID="-1">список заборонених</text>
      <target FeatureID="-1" href="IMNG_HLP_GROUP_BAN.html">Заборона користувачам чата приєднуватись до груп</target>
   </keywords>
   <keywords>
      <text FeatureID="-1">учасники групи чата</text>
      <target FeatureID="-1" href="IMNG_HLP_GROUP_BAN.html">Заборона користувачам чата приєднуватись до груп</target>
      <target FeatureID="-1" href="IMNG_HLP_ACCLIST.html">Учасники групи чата</target>
   </keywords>
   <keywords>
      <text FeatureID="-1">контакти чата</text>
      <target FeatureID="-1" href="IMNG_HLP_CONT_OWN_DATA.html">Мої дані</target>
      <target FeatureID="-1" href="IMNG_HLP_BLOCKED_VIEW.html">Заблоковані контакти</target>
      <target FeatureID="-1" href="IMNG_HLP_CONTACTDETAILS.html">Деталі контакту чата</target>
   </keywords>
   <keywords>
      <text FeatureID="-1">заблоковані контакти чата</text>
      <target FeatureID="-1" href="IMNG_HLP_BLOCKED_VIEW.html">Заблоковані контакти</target>
   </keywords>
   <keywords>
      <text FeatureID="-1">установки чата</text>
      <target FeatureID="-1" href="IMNG_HLP_SETTINGS.html">Установки чата</target>
      <target FeatureID="-1" href="IMNG_HLP_APPSETT.html">Установки програми чата</target>
   </keywords>
   <keywords>
      <text FeatureID="-1">сервери чата</text>
      <target FeatureID="-1" href="IMNG_HLP_SERVLISTSETT_IM.html">Сервери чата</target>
   </keywords>
   <keywords>
      <text FeatureID="-1">установки сервера чата</text>
      <target FeatureID="-1" href="IMNG_HLP_DEFSERVER.html">Установки сервера чата</target>
   </keywords>
   <keywords>
      <text FeatureID="-1">установки сервера</text>
      <target FeatureID="-1" href="IMNG_HLP_DEFSERVER.html">Установки сервера чата</target>
   </keywords>
   <keywords>
      <text FeatureID="-1">запрошення</text>
      <target FeatureID="-1" href="IMNG_HLP_INVITE.html">Запрошення чата</target>
   </keywords>
   <keywords>
      <text FeatureID="-1">установки групи чата</text>
      <target FeatureID="-1" href="IMNG_HLP_CREATECHAT.html">Установки групи чата</target>
   </keywords>
   <keywords>
      <text FeatureID="-1">розмови</text>
      <target FeatureID="-1" href="IMNG_HLP_CONVERSATIONS.html">Розмови чата</target>
   </keywords>
</keywords>