<?xml version="1.0" encoding="UTF-8"?>
<keywords>
   <keywords>
      <text FeatureID="-1">viestien edelleenlähetys</text>
      <target FeatureID="-1" href="MMS_HLP_MMS_FWD_REQUEST.html">Multimediaviestien edelleenläh.</target>
   </keywords>
   <keywords>
      <text FeatureID="-1">multimediaviestit</text>
      <target FeatureID="-1" href="MMS_HLP_MMS_FWD_REQUEST_SEND.html">Edelleenläh.pyyntö Lähetetyt-kansiossa</target>
      <target FeatureID="-1" href="MMS_HLP_MMS_VIEWER.html">Multimediaviestien tarkastelu</target>
   </keywords>
   <keywords>
      <text FeatureID="-1">multimediailmoitukset</text>
      <target FeatureID="-1" href="MMS_HLP_NOTIFICATION_VIEWER.html">Multimediailmoitukset</target>
   </keywords>
   <keywords>
      <text FeatureID="-1">mediaobjektit</text>
      <target FeatureID="-1" href="MMS_HLP_OBJECTS_VIEW_VIEWER.html">Mediaobjektien tarkastelu</target>
   </keywords>
   <keywords>
      <text FeatureID="-1">multimediaobjektit</text>
      <target FeatureID="-1" href="MMS_HLP_OBJECTS_VIEW_VIEWER.html">Mediaobjektien tarkastelu</target>
   </keywords>
   <keywords>
      <text FeatureID="-1">MMS</text>
      <target FeatureID="-1" href="MMS_HLP_MMS_VIEWER.html">Multimediaviestien tarkastelu</target>
   </keywords>
</keywords>