<?xml version="1.0" encoding="UTF-8"?>
<keywords>
   <keywords>
      <text FeatureID="-1">مدير الملفات</text>
      <target FeatureID="-1" href="FMGR_HLP_MEM_STORE_VIEW.html">إدارة الملفات</target>
      <target FeatureID="-1" href="FMGR_HLP_MAIN_VIEW.html">مدير الملفات</target>
      <target FeatureID="-1" href="FMGR_HLP_SEARCH_RESULTS.html">البحث عن الملفات</target>
      <target FeatureID="-1" href="FMGR_HLP_BACKUP_VIEW.html">ملف النسخ الاحتياطي</target>
   </keywords>
   <keywords>
      <text FeatureID="-1">بطاقة ذاكرة</text>
      <target FeatureID="-1" href="FMGR_HLP_MEM_STORE_VIEW.html">إدارة الملفات</target>
      <target FeatureID="-1" href="FMGR_HLP_MAIN_VIEW.html">مدير الملفات</target>
      <target FeatureID="-1" href="FMGR_HLP_BACKUP_VIEW.html">ملف النسخ الاحتياطي</target>
   </keywords>
   <keywords>
      <text FeatureID="-1">بحث عن ملفات</text>
      <target FeatureID="-1" href="FMGR_HLP_SEARCH_RESULTS.html">البحث عن الملفات</target>
   </keywords>
   <keywords>
      <text FeatureID="-1">البحث عن الحافظات</text>
      <target FeatureID="-1" href="FMGR_HLP_SEARCH_RESULTS.html">البحث عن الملفات</target>
   </keywords>
   <keywords>
      <text FeatureID="-1">النسخ الاحتياطي</text>
      <target FeatureID="-1" href="FMGR_HLP_BACKUP_VIEW.html">ملف النسخ الاحتياطي</target>
   </keywords>
</keywords>