<?xml version="1.0" encoding="UTF-8"?>
<keywords>
   <keywords>
      <text FeatureID="true_298">telefonsvarer</text>
      <target FeatureID="true_298" href="SMSVO_HLP_CS_VIDEO_AND_XSP_VOIP.html">Postkasse for anrop, video og Internett-anrop</target>
   </keywords>
   <keywords>
      <text FeatureID="true_298">postkasse for Internett-anrop</text>
      <target FeatureID="true_298" href="SMSVO_HLP_CS_VIDEO_AND_XSP_VOIP.html">Postkasse for anrop, video og Internett-anrop</target>
   </keywords>
   <keywords>
      <text FeatureID="true_298">anropspostkasse</text>
      <target FeatureID="true_298" href="SMSVO_HLP_CS_VIDEO_AND_XSP_VOIP.html">Postkasse for anrop, video og Internett-anrop</target>
   </keywords>
   <keywords>
      <text FeatureID="-1">Internett-anrop</text>
      <target FeatureID="-1" href="VOIP_HLP_CSC.html">Nettinnstillinger</target>
      <target FeatureID="true_298" href="VOIP_HLP_SERVCATALOG.html">Tjenestekatalog</target>
      <target FeatureID="-1" href="SERVTAB_HLP_SETTINGS.html">Innstillinger for tjenestekategorier</target>
   </keywords>
</keywords>