<?xml version="1.0" encoding="UTF-8"?>
<keywords>
   <keywords>
      <text FeatureID="-1">audio motīvi</text>
      <target FeatureID="-1" href="AUDIOTHEME_HLP_EVENTGROUPS.html">Audio motīvu maiņa</target>
      <target FeatureID="-1" href="SET_HLP_AUDIO_THEME_EVENTSLIST.html">Ierīces notikumu skaņas</target>
   </keywords>
   <keywords>
      <text FeatureID="-1">ierīces personalizēšana</text>
      <target FeatureID="-1" href="AUDIOTHEME_HLP_EVENTGROUPS.html">Audio motīvu maiņa</target>
      <target FeatureID="-1" href="SET_HLP_AUDIO_THEME_EVENTSLIST.html">Ierīces notikumu skaņas</target>
   </keywords>
   <keywords>
      <text FeatureID="-1">ierīces skaņas</text>
      <target FeatureID="-1" href="AUDIOTHEME_HLP_EVENTGROUPS.html">Audio motīvu maiņa</target>
      <target FeatureID="-1" href="SET_HLP_AUDIO_THEME_EVENTSLIST.html">Ierīces notikumu skaņas</target>
   </keywords>
</keywords>