<?xml version="1.0" encoding="UTF-8"?>
<keywords>
   <keywords>
      <text FeatureID="-1">tema</text>
      <target FeatureID="-1" href="SKINS_HLP_LIST.html">Tema umum</target>
      <target FeatureID="-1" href="SCREENSAVER_HLP_WP_SETTINGS.html">Pengaturan wallpaper tayangan slide</target>
      <target FeatureID="-1" href="SKINS_HLP_WP_SETTINGS.html">Pengaturan wallpaper</target>
      <target FeatureID="true_1503" href="SKINS_HLP_CIMAGE_SETTINGS.html">Memilih foto panggilan</target>
      <target FeatureID="-1" href="SKINS_HLP_APPSHELL.html">Pengaturan tampilan menu</target>
      <target FeatureID="-1" href="SKINS_HLP_APP_MAIN.html">Menyesuaikan layar</target>
      <target FeatureID="-1" href="SKINS_HLP_APPSKINS_LIST.html">Tema aplikasi</target>
   </keywords>
   <keywords>
      <text FeatureID="-1">wallpaper tayangan slide</text>
      <target FeatureID="-1" href="SCREENSAVER_HLP_WP_SETTINGS.html">Pengaturan wallpaper tayangan slide</target>
   </keywords>
   <keywords>
      <text FeatureID="-1">pengaturan tayangan slide</text>
      <target FeatureID="-1" href="SCREENSAVER_HLP_WP_SETTINGS.html">Pengaturan wallpaper tayangan slide</target>
   </keywords>
   <keywords>
      <text FeatureID="-1">pengaturan wallpaper</text>
      <target FeatureID="-1" href="SKINS_HLP_WP_SETTINGS.html">Pengaturan wallpaper</target>
   </keywords>
   <keywords>
      <text FeatureID="-1">foto latar belakang</text>
      <target FeatureID="-1" href="SKINS_HLP_WP_SETTINGS.html">Pengaturan wallpaper</target>
      <target FeatureID="-1" href="SKINS_HLP_APP_MAIN.html">Menyesuaikan layar</target>
   </keywords>
   <keywords>
      <text FeatureID="-1">screen saver</text>
      <target FeatureID="-1" href="SKINS_HLP_SCREENS_SETTINGS.html">Pengaturan screen saver</target>
   </keywords>
   <keywords>
      <text FeatureID="true_1503">pengaturan foto panggilan</text>
      <target FeatureID="true_1503" href="SKINS_HLP_CIMAGE_SETTINGS.html">Memilih foto panggilan</target>
   </keywords>
   <keywords>
      <text FeatureID="-1">menu</text>
      <target FeatureID="-1" href="SKINS_HLP_APPSHELL.html">Pengaturan tampilan menu</target>
   </keywords>
</keywords>