<?xml version="1.0" encoding="UTF-8"?>
<keywords>
   <keywords>
      <text FeatureID="-1">zaznamki</text>
      <target FeatureID="-1" href="OSS_HLP_BM_ADDBM.html">Dodaj. zaznamkov</target>
      <target FeatureID="-1" href="OSS_HLP_BM_MAIN.html">Brsk. po zaznamkih</target>
      <target FeatureID="-1" href="OSS_HLP_BM_EDIT.html">Urej. zaznamkov</target>
   </keywords>
   <keywords>
      <text FeatureID="-1">brskalnik zaznamkov</text>
      <target FeatureID="-1" href="OSS_HLP_BM_ADDBM.html">Dodaj. zaznamkov</target>
      <target FeatureID="-1" href="OSS_HLP_BM_EDIT.html">Urej. zaznamkov</target>
   </keywords>
   <keywords>
      <text FeatureID="-1">splet</text>
      <target FeatureID="-1" href="OSS_HLP_BM_ADDBM.html">Dodaj. zaznamkov</target>
      <target FeatureID="true_167" href="OSS_HLP_RSS_ADD.html">Dodajanje spletnih virov</target>
      <target FeatureID="-1" href="OSS_HLP_PAGEVIEW.html">Brsk. po spletu</target>
      <target FeatureID="-1" href="OSS_HLP_BM_EDIT.html">Urej. zaznamkov</target>
      <target FeatureID="true_167" href="OSS_HLP_RSS_EDIT.html">Urej. splet. virov</target>
      <target FeatureID="true_167" href="OSS_HLP_RSS_ARTICLE.html">Članki splet. virov</target>
      <target FeatureID="true_167" href="OSS_HLP_RSS_ARTICLELST.html">Spletni viri</target>
      <target FeatureID="true_167" href="OSS_HLP_RSS_MAIN.html">Spletni viri in spletni dnevniki</target>
   </keywords>
   <keywords>
      <text FeatureID="true_167">viri</text>
      <target FeatureID="true_167" href="OSS_HLP_RSS_ADD.html">Dodajanje spletnih virov</target>
      <target FeatureID="true_167" href="OSS_HLP_RSS_EDIT.html">Urej. splet. virov</target>
      <target FeatureID="true_167" href="OSS_HLP_RSS_ARTICLE.html">Članki splet. virov</target>
      <target FeatureID="true_167" href="OSS_HLP_RSS_ARTICLELST.html">Spletni viri</target>
      <target FeatureID="true_167" href="OSS_HLP_RSS_MAIN.html">Spletni viri in spletni dnevniki</target>
   </keywords>
   <keywords>
      <text FeatureID="true_167">viri RSS</text>
      <target FeatureID="true_167" href="OSS_HLP_RSS_ADD.html">Dodajanje spletnih virov</target>
      <target FeatureID="true_167" href="OSS_HLP_RSS_ARTICLELST.html">Spletni viri</target>
      <target FeatureID="true_167" href="OSS_HLP_RSS_MAIN.html">Spletni viri in spletni dnevniki</target>
   </keywords>
   <keywords>
      <text FeatureID="true_167">novice in spletni dnevniki</text>
      <target FeatureID="true_167" href="OSS_HLP_RSS_ADD.html">Dodajanje spletnih virov</target>
      <target FeatureID="true_167" href="OSS_HLP_RSS_EDIT.html">Urej. splet. virov</target>
      <target FeatureID="true_167" href="OSS_HLP_RSS_ARTICLE.html">Članki splet. virov</target>
      <target FeatureID="true_167" href="OSS_HLP_RSS_ARTICLELST.html">Spletni viri</target>
      <target FeatureID="true_167" href="OSS_HLP_RSS_MAIN.html">Spletni viri in spletni dnevniki</target>
   </keywords>
   <keywords>
      <text FeatureID="true_167">spletni dnevniki</text>
      <target FeatureID="true_167" href="OSS_HLP_RSS_ADD.html">Dodajanje spletnih virov</target>
      <target FeatureID="true_167" href="OSS_HLP_RSS_EDIT.html">Urej. splet. virov</target>
      <target FeatureID="true_167" href="OSS_HLP_RSS_ARTICLE.html">Članki splet. virov</target>
      <target FeatureID="true_167" href="OSS_HLP_RSS_ARTICLELST.html">Spletni viri</target>
      <target FeatureID="true_167" href="OSS_HLP_RSS_MAIN.html">Spletni viri in spletni dnevniki</target>
   </keywords>
   <keywords>
      <text FeatureID="-1">brskanje po straneh</text>
      <target FeatureID="-1" href="OSS_HLP_PAGEVIEW.html">Brsk. po spletu</target>
   </keywords>
   <keywords>
      <text FeatureID="-1">brskalnik</text>
      <target FeatureID="-1" href="OSS_HLP_BM_MAIN.html">Brsk. po zaznamkih</target>
   </keywords>
   <keywords>
      <text FeatureID="true_167">viri rss</text>
      <target FeatureID="true_167" href="OSS_HLP_RSS_EDIT.html">Urej. splet. virov</target>
      <target FeatureID="true_167" href="OSS_HLP_RSS_ARTICLE.html">Članki splet. virov</target>
   </keywords>
   <keywords>
      <text FeatureID="-1">nastavitve brskalnika</text>
      <target FeatureID="-1" href="OSS_HLP_SETTINGS_GENERAL.html">Splošne nastavitve</target>
      <target FeatureID="-1" href="OSS_HLP_SETTINGS_PAGE.html">Nastavitve strani</target>
      <target FeatureID="-1" href="OSS_HLP_SETTINGS_PRIVACY.html">Nast. zasebnosti</target>
      <target FeatureID="true_167" href="OSS_HLP_SETTINGS_RSS.html">Nast. spletnih virov</target>
      <target FeatureID="-1" href="OSS_HLP_SETTINGS_FOLDERS.html">Nastavitve za splet</target>
      <target FeatureID="false_410" href="OSS_HLP_SHORTCUTS.html">Bližnjice orodne vrstice</target>
      <target FeatureID="false_410" href="OSS_HLP_KEYPAD.html">Bližnjice na tipkovnici</target>
   </keywords>
   <keywords>
      <text FeatureID="-1">nastavitve za splet</text>
      <target FeatureID="-1" href="OSS_HLP_SETTINGS_GENERAL.html">Splošne nastavitve</target>
      <target FeatureID="-1" href="OSS_HLP_SETTINGS_PAGE.html">Nastavitve strani</target>
      <target FeatureID="-1" href="OSS_HLP_SETTINGS_PRIVACY.html">Nast. zasebnosti</target>
      <target FeatureID="true_167" href="OSS_HLP_SETTINGS_RSS.html">Nast. spletnih virov</target>
      <target FeatureID="-1" href="OSS_HLP_SETTINGS_FOLDERS.html">Nastavitve za splet</target>
      <target FeatureID="false_410" href="OSS_HLP_KEYPAD.html">Bližnjice na tipkovnici</target>
   </keywords>
   <keywords>
      <text FeatureID="-1">nastavitev za splet</text>
      <target FeatureID="-1" href="OSS_HLP_SETTINGS_PAGE.html">Nastavitve strani</target>
      <target FeatureID="true_167" href="OSS_HLP_SETTINGS_RSS.html">Nast. spletnih virov</target>
      <target FeatureID="-1" href="OSS_HLP_SETTINGS_FOLDERS.html">Nastavitve za splet</target>
   </keywords>
   <keywords>
      <text FeatureID="-1">nastavitve zasebnosti</text>
      <target FeatureID="-1" href="OSS_HLP_SETTINGS_PRIVACY.html">Nast. zasebnosti</target>
   </keywords>
   <keywords>
      <text FeatureID="-1">odpiranje določene strani</text>
      <target FeatureID="-1" href="OSS_HLP_PAGEVIEW_EMBED.html">Splet v aplikacijah</target>
   </keywords>
   <keywords>
      <text FeatureID="-1">splet v aplikacijah</text>
      <target FeatureID="-1" href="OSS_HLP_PAGEVIEW_EMBED.html">Splet v aplikacijah</target>
   </keywords>
   <keywords>
      <text FeatureID="false_410">spletne nastavitve</text>
      <target FeatureID="false_410" href="OSS_HLP_SHORTCUTS.html">Bližnjice orodne vrstice</target>
   </keywords>
</keywords>