<?xml version="1.0" encoding="UTF-8"?>
<keywords>
   <keywords>
      <text FeatureID="-1">entradas de aniversario, crear</text>
      <target FeatureID="-1" href="FSCA_HLP_ANNIVERSARY_EDITOR.html">Crear entradas de aniversario</target>
   </keywords>
   <keywords>
      <text FeatureID="-1">entradas de xuntanza, crear</text>
      <target FeatureID="-1" href="FSCA_HLP_CALE_MEETING_EDITOR.html">Crear entradas de xuntanza</target>
   </keywords>
   <keywords>
      <text FeatureID="-1">crear memorandos, crear</text>
      <target FeatureID="-1" href="FSCA_HLP_MEMO_EDITOR.html">Crear memorandos</target>
   </keywords>
   <keywords>
      <text FeatureID="-1">crear tarefas, crear</text>
      <target FeatureID="-1" href="FSCA_HLP_TODO_EDITOR.html">Crear tarefas</target>
   </keywords>
   <keywords>
      <text FeatureID="-1">entradas de xuntanza, edición</text>
      <target FeatureID="-1" href="FSCA_HLP_CALE_MEETING_VIEWER.html">Editar xuntanzas</target>
   </keywords>
   <keywords>
      <text FeatureID="-1">crear memorandos, edición</text>
      <target FeatureID="-1" href="FSCA_HLP_MEMO_VIEWER.html">Editar memorandos</target>
   </keywords>
   <keywords>
      <text FeatureID="-1">entradas de tarefas, edición</text>
      <target FeatureID="-1" href="FSCA_HLP_TODO_VIEWER.html">Editar tarefas</target>
   </keywords>
   <keywords>
      <text FeatureID="-1">entradas de aniversario, visionado</text>
      <target FeatureID="-1" href="FSCA_HLP_ANNI_VIEWER.html">Editar aniversarios</target>
   </keywords>
   <keywords>
      <text FeatureID="-1">solicitudes de encontro, edición de respostas</text>
      <target FeatureID="-1" href="FSCA_HLP_RESPONSE_EDITOR.html">Edita a túa resposta</target>
   </keywords>
   <keywords>
      <text FeatureID="-1">solicitudes de encontro, xestión</text>
      <target FeatureID="-1" href="FSCA_HLP_VIEWER_ORGANIZER.html">Xestionar solicitudes de encontro</target>
   </keywords>
   <keywords>
      <text FeatureID="-1">solicitudes de encontro, edición</text>
      <target FeatureID="-1" href="MEET_REQ_HLP_EDITOR.html">Solicitudes de encontro recibidas</target>
   </keywords>
   <keywords>
      <text FeatureID="-1">solicitudes de encontro, responder</text>
      <target FeatureID="-1" href="FSCA_HLP_VIEWER.html">Responder a solicitudes de encontro</target>
   </keywords>
   <keywords>
      <text FeatureID="-1">contactos</text>
      <target FeatureID="-1" href="RLOOK_HLP_INFO_VIEW.html">Xestionar o contacto atopado</target>
   </keywords>
   <keywords>
      <text FeatureID="-1">contactos, busca</text>
      <target FeatureID="-1" href="RLOOK_HLP_RESULT_VIEW.html">Resultados da busca</target>
   </keywords>
   <keywords>
      <text FeatureID="-1">correo electrónico, anexos</text>
      <target FeatureID="-1" href="FSE_HLP_ATTACHMENT_LIST_EDITOR.html">Engadir anexos</target>
   </keywords>
   <keywords>
      <text FeatureID="-1">correo electrónico eliminado</text>
      <target FeatureID="-1" href="FSE_HLP_MESSAGE_LIST_DELETED.html">Mensaxes de correo electrónico borradas</target>
   </keywords>
   <keywords>
      <text FeatureID="-1">descargar anexos de correos</text>
      <target FeatureID="-1" href="FSE_HLP_ATTACHMENT_LIST.html">Descargar anexos</target>
   </keywords>
   <keywords>
      <text FeatureID="-1">borrador de correo electrónico</text>
      <target FeatureID="-1" href="FSE_HLP_MESSAGE_LIST_DRAFTS.html">Mensaxes borrador de correo electrónico</target>
   </keywords>
   <keywords>
      <text FeatureID="-1">Correo Nokia</text>
      <target FeatureID="-1" href="FSE_HLP_LAUNCHER_GRID.html">Correo Nokia</target>
   </keywords>
   <keywords>
      <text FeatureID="-1">correo electrónico</text>
      <target FeatureID="-1" href="FSE_HLP_LAUNCHER_GRID.html">Correo Nokia</target>
   </keywords>
   <keywords>
      <text FeatureID="-1">cartafoles de correo</text>
      <target FeatureID="-1" href="FSE_HLP_FOLDER_LIST.html">Carpetas de correo</target>
      <target FeatureID="-1" href="FSE_HLP_SETT_IMAP_SUBSCR.html">Subscribirse a carpetas</target>
      <target FeatureID="-1" href="FSE_HLP_MESSAGE_LIST_INBOX.html">Usar as carpetas de correo</target>
   </keywords>
   <keywords>
      <text FeatureID="-1">axustes de correo</text>
      <target FeatureID="-1" href="FSE_HLP_LAUNCHER_SETTINGS.html">Axustes xerais de correo</target>
      <target FeatureID="-1" href="FSE_HLP_POP_IMAP_SETT_MAIN.html">Axustes de correo</target>
      <target FeatureID="-1" href="FSE_HLP_IMS_SETTINGS_MAIN_VIEW.html">Axustes de correo</target>
      <target FeatureID="-1" href="FSE_HLP_MFE_SETTINGS_MAIN_VIEW.html">Axustes do correo</target>
   </keywords>
   <keywords>
      <text FeatureID="-1">axustes globais de correo</text>
      <target FeatureID="-1" href="FSE_HLP_SETTINGS_GLOBAL.html">Axustes globais de correo</target>
   </keywords>
   <keywords>
      <text FeatureID="-1">correo electrónico HTML</text>
      <target FeatureID="-1" href="FS_VIEWER_HLP_HTML_VIEW.html">Correo con formato HTML</target>
   </keywords>
   <keywords>
      <text FeatureID="-1">axustes avanzados de correo</text>
      <target FeatureID="-1" href="FSE_HLP_POP_IMAP_SETT_ADV.html">Axustes avanzados de correo</target>
   </keywords>
   <keywords>
      <text FeatureID="-1">axustes do correo entrante</text>
      <target FeatureID="-1" href="FSE_HLP_POP_IMAP_SETT_INCOMING.html">Axustes de correo entrante</target>
   </keywords>
   <keywords>
      <text FeatureID="-1">axustes do correo saínte</text>
      <target FeatureID="-1" href="FSE_HLP_POP_IMAP_SETT_OUTGOING.html">Axustes do correo saínte</target>
   </keywords>
   <keywords>
      <text FeatureID="-1">sincronización do correo electrónico</text>
      <target FeatureID="-1" href="FSE_HLP_POP_IMAP_SETT_WHAT.html">Seleccionar contido para sincroniz.</target>
   </keywords>
   <keywords>
      <text FeatureID="-1">hora de sincronización do correo</text>
      <target FeatureID="-1" href="FSE_HLP_POP_IMAP_SETT_WHEN.html">Seleccionar a hora de sincroniz.</target>
      <target FeatureID="-1" href="FSE_HLP_IMS_SETTINGS_WHEN_SYNC.html">Definir hora de sincronización</target>
      <target FeatureID="-1" href="FSE_HLP_MFE_SETTINGS_WHEN_SYNC.html">Escoller hora de sincronización</target>
      <target FeatureID="-1" href="FSE_HLP_SETTINGS_WHEN_SYNC.html">Hora de sincronización</target>
   </keywords>
   <keywords>
      <text FeatureID="-1">axustes da conta de correo electrónico</text>
      <target FeatureID="-1" href="FSE_HLP_IMS_SETTINGS_ACCT_INFO.html">Axustes da conta de correo</target>
   </keywords>
   <keywords>
      <text FeatureID="-1">axustes avanzados da caixa de correo</text>
      <target FeatureID="-1" href="FSE_HLP_IMS_SETTINGS_ADVANCED.html">Axustes avanzados da caixa de correo</target>
      <target FeatureID="-1" href="FSE_HLP_MFE_SETTINGS_ADVANCED.html">Axustes avanzados para a caixa de correo</target>
   </keywords>
   <keywords>
      <text FeatureID="-1">axustes da caixa do correo</text>
      <target FeatureID="-1" href="FSE_HLP_IMS_SETTINGS_MAILBOX.html">Axustes da caixa de correo</target>
      <target FeatureID="-1" href="FSE_HLP_MFE_SETTINGS_MAILBOX.html">Axustes xerais da caixa de correo</target>
   </keywords>
   <keywords>
      <text FeatureID="-1">contido de sincronización do correo electrónico</text>
      <target FeatureID="-1" href="FSE_HLP_IMS_SETTINGS_WHAT_SYNC.html">Definir contido de sincronización</target>
      <target FeatureID="-1" href="FSE_HLP_MFE_SETTINGS_WHAT_SYNC.html">Escoller o contido de sincronización</target>
   </keywords>
   <keywords>
      <text FeatureID="-1">sincronización do cartafol do correo electrónico</text>
      <target FeatureID="-1" href="FSE_HLP_IMS_SETTINGS_FOLDER.html">Sincronizar carpetas de correo</target>
      <target FeatureID="-1" href="FSE_HLP_MFE_SETTINGS_FOLDER.html">Axustes para a sincronización</target>
   </keywords>
   <keywords>
      <text FeatureID="-1">axustes do servizo de correo</text>
      <target FeatureID="-1" href="FSE_HLP_SETTINGS_INTELL_LIST.html">Axustes do servizo de correo</target>
   </keywords>
   <keywords>
      <text FeatureID="-1">Intellisync</text>
      <target FeatureID="-1" href="FSE_HLP_IMS_LAUNCHER_MAIN_VIEW.html">Correo electrónico Intellisync</target>
   </keywords>
   <keywords>
      <text FeatureID="-1">Mail for Exchange</text>
      <target FeatureID="-1" href="FSE_HLP_MFE_LAUNCHER_MAIN_VIEW.html">Correo electrónico Correo para Intercambiar</target>
   </keywords>
   <keywords>
      <text FeatureID="-1">detalles do correo electrónico</text>
      <target FeatureID="-1" href="FS_VIEWER_HLP_DETAILS_VIEW.html">Información da mensaxe</target>
   </keywords>
   <keywords>
      <text FeatureID="-1">axustes de sincronización do correo electrónico</text>
      <target FeatureID="-1" href="FSE_HLP_MFE_SETTINGS_PIM_APPS.html">Axustes de sincronización de aplicación</target>
   </keywords>
   <keywords>
      <text FeatureID="-1">sincronización do calendario</text>
      <target FeatureID="-1" href="FSE_HLP_MFE_CALENDAR_APP.html">Axustes de sincronización da Axenda</target>
   </keywords>
   <keywords>
      <text FeatureID="-1">sincronización dos contactos,</text>
      <target FeatureID="-1" href="FSE_HLP_MFE_CONTACTS_APP.html">Axustes de sincronización de Contactos</target>
   </keywords>
   <keywords>
      <text FeatureID="-1">sincronización de entradas de tarefas</text>
      <target FeatureID="-1" href="FSE_HLP_MFE_TASKS_APP.html">Axustes de sincronización de tarefas</target>
   </keywords>
   <keywords>
      <text FeatureID="-1">non hai mensaxes de correo electrónico</text>
      <target FeatureID="-1" href="FSE_HLP_MESSAGE_LIST_EMPTY.html">Non hai mensaxes</target>
   </keywords>
   <keywords>
      <text FeatureID="-1">caixa de saída do correo electrónico</text>
      <target FeatureID="-1" href="FSE_HLP_MESSAGE_LIST_OUTBOX.html">Usar a Caixa de saída</target>
   </keywords>
   <keywords>
      <text FeatureID="-1">peticións de xuntanza</text>
      <target FeatureID="-1" href="FS_VIEWER_HLP_MEETING_REQ_VIEW.html">Solicitude de encontro</target>
   </keywords>
   <keywords>
      <text FeatureID="-1">busca de correo electrónico</text>
      <target FeatureID="-1" href="FSE_HLP_MESSAGE_LIST_SEARCHING.html">Buscar correo</target>
   </keywords>
   <keywords>
      <text FeatureID="-1">resultados da busca de correo electrónico</text>
      <target FeatureID="-1" href="FSE_HLP_MESSAGE_LIST_SEARCHED.html">Resultados da busca</target>
   </keywords>
   <keywords>
      <text FeatureID="-1">enviando correo electrónico</text>
      <target FeatureID="-1" href="FS_EDITOR_HLP_MAIN_VIEW.html">Enviar correo electrónico</target>
   </keywords>
   <keywords>
      <text FeatureID="-1">Servizo PIM</text>
      <target FeatureID="-1" href="FSE_HLP_SETTINGS_PIM_VIEW.html">Servizo PIM</target>
   </keywords>
   <keywords>
      <text FeatureID="-1">sincronizando aplicacións</text>
      <target FeatureID="-1" href="FSE_HLP_SETTINGS_APPLICATIONS.html">Sincronizar aplicacións</target>
   </keywords>
   <keywords>
      <text FeatureID="-1">anexos a mensaxes de correo</text>
      <target FeatureID="-1" href="FSE_HLP_ATTACHMENT_DOWNLOAD.html">Ver descargas de anexos</target>
   </keywords>
   <keywords>
      <text FeatureID="-1">correo recibido</text>
      <target FeatureID="-1" href="FS_VIEWER_HLP_MAIN_VIEW.html">Usar o correo recibido</target>
   </keywords>
</keywords>