<?xml version="1.0" encoding="UTF-8"?><?xml-stylesheet  href="../../theme/xsl/index2html.xslt" type="text/xsl"?>
<topics FeatureID="-1" title="پیام فوری" compressed="true">
   <topicref FeatureID="-1" href="IMNG_HLP_SEARCHCHAT.html" navtitle="جستجوی کاربران IM"/>
   <topicref FeatureID="-1" href="IMNG_HLP_SAVED_VIEW.html" navtitle="مشاهده گفتگوهای ذخیره شده"/>
   <topicref FeatureID="-1" href="IMNG_HLP_SAVED_LIST.html" navtitle="گفتگوهای ذخیره شده"/>
   <topicref FeatureID="-1" href="IMNG_HLP_IMCHAT.html" navtitle="گفتگوهای گروهی"/>
   <topicref FeatureID="-1" href="IMNG_HLP_GROUP_EDIT.html" navtitle="حقوق ویرایش گروه"/>
   <topicref FeatureID="-1" href="IMNG_HLP_GROUP_BAN.html" navtitle="ممنوعیت کاربران IM از گروهها"/>
   <topicref FeatureID="-1" href="IMNG_HLP_CONT_OWN_DATA.html" navtitle="داده من"/>
   <topicref FeatureID="-1" href="IMNG_HLP_COMMUNITY_VIEW_EMPTY.html" navtitle="شروع به استفاده از IM"/>
   <topicref FeatureID="-1" href="IMNG_HLP_COMMUNITY_VIEW.html" navtitle="پیام رسانی فوری"/>
   <topicref FeatureID="-1" href="IMNG_HLP_BLOCKED_VIEW.html" navtitle="مخاطبین مسدود"/>
   <topicref FeatureID="-1" href="IMNG_HLP_SETTINGS.html" navtitle="تنظیمات IM"/>
   <topicref FeatureID="-1" href="IMNG_HLP_SERVLISTSETT_IM.html" navtitle="سرورهای IM"/>
   <topicref FeatureID="-1" href="IMNG_HLP_DEFSERVER.html" navtitle="تنظیمات سرور ‪IM‬"/>
   <topicref FeatureID="-1" href="IMNG_HLP_INVITE.html" navtitle="دعوتنامه های IM"/>
   <topicref FeatureID="-1" href="IMNG_HLP_CREATECHAT.html" navtitle="‎تنظیمات گروه IM"/>
   <topicref FeatureID="-1" href="IMNG_HLP_ACCLIST.html" navtitle="اعضای گروه IM"/>
   <topicref FeatureID="-1" href="IMNG_HLP_CONVERSATIONS.html" navtitle="گفتگوهای IM"/>
   <topicref FeatureID="-1" href="IMNG_HLP_CONTACTDETAILS.html" navtitle="جزئیات مخاطب IM"/>
   <topicref FeatureID="-1" href="IMNG_HLP_APPSETT.html" navtitle="تنظیمات برنامه IM"/>
</topics>