<?xml version="1.0" encoding="UTF-8"?>
<keywords>
   <keywords>
      <text FeatureID="-1">جستجوی کاربران IM</text>
      <target FeatureID="-1" href="IMNG_HLP_SEARCHCHAT.html">جستجوی کاربران IM</target>
   </keywords>
   <keywords>
      <text FeatureID="-1">پیام رسانی فوری</text>
      <target FeatureID="-1" href="IMNG_HLP_SEARCHCHAT.html">جستجوی کاربران IM</target>
      <target FeatureID="-1" href="IMNG_HLP_SAVED_VIEW.html">مشاهده گفتگوهای ذخیره شده</target>
      <target FeatureID="-1" href="IMNG_HLP_SAVED_LIST.html">گفتگوهای ذخیره شده</target>
      <target FeatureID="-1" href="IMNG_HLP_GROUP_EDIT.html">حقوق ویرایش گروه</target>
      <target FeatureID="-1" href="IMNG_HLP_GROUP_BAN.html">ممنوعیت کاربران IM از گروهها</target>
      <target FeatureID="-1" href="IMNG_HLP_CONT_OWN_DATA.html">داده من</target>
      <target FeatureID="-1" href="IMNG_HLP_COMMUNITY_VIEW_EMPTY.html">شروع به استفاده از IM</target>
      <target FeatureID="-1" href="IMNG_HLP_COMMUNITY_VIEW.html">پیام رسانی فوری</target>
      <target FeatureID="-1" href="IMNG_HLP_CREATECHAT.html">‎تنظیمات گروه IM</target>
      <target FeatureID="-1" href="IMNG_HLP_ACCLIST.html">اعضای گروه IM</target>
      <target FeatureID="-1" href="IMNG_HLP_CONVERSATIONS.html">گفتگوهای IM</target>
      <target FeatureID="-1" href="IMNG_HLP_CONTACTDETAILS.html">جزئیات مخاطب IM</target>
      <target FeatureID="-1" href="IMNG_HLP_APPSETT.html">تنظیمات برنامه IM</target>
   </keywords>
   <keywords>
      <text FeatureID="-1">جستجوی گروه های IM</text>
      <target FeatureID="-1" href="IMNG_HLP_SEARCHCHAT.html">جستجوی کاربران IM</target>
   </keywords>
   <keywords>
      <text FeatureID="-1">گفتگوهای ذخیره شده</text>
      <target FeatureID="-1" href="IMNG_HLP_SAVED_LIST.html">گفتگوهای ذخیره شده</target>
   </keywords>
   <keywords>
      <text FeatureID="-1">IM ‏(پیام رسانی فوری)</text>
      <target FeatureID="-1" href="IMNG_HLP_IMCHAT.html">گفتگوهای گروهی</target>
   </keywords>
   <keywords>
      <text FeatureID="-1">ملحق شدن به گروه IM</text>
      <target FeatureID="-1" href="IMNG_HLP_IMCHAT.html">گفتگوهای گروهی</target>
   </keywords>
   <keywords>
      <text FeatureID="-1">حقوق ویرایش</text>
      <target FeatureID="-1" href="IMNG_HLP_GROUP_EDIT.html">حقوق ویرایش گروه</target>
   </keywords>
   <keywords>
      <text FeatureID="-1">لیست ممنوع شده</text>
      <target FeatureID="-1" href="IMNG_HLP_GROUP_BAN.html">ممنوعیت کاربران IM از گروهها</target>
   </keywords>
   <keywords>
      <text FeatureID="-1">اعضای گروه IM</text>
      <target FeatureID="-1" href="IMNG_HLP_GROUP_BAN.html">ممنوعیت کاربران IM از گروهها</target>
      <target FeatureID="-1" href="IMNG_HLP_ACCLIST.html">اعضای گروه IM</target>
   </keywords>
   <keywords>
      <text FeatureID="-1">مخاطبین IM</text>
      <target FeatureID="-1" href="IMNG_HLP_CONT_OWN_DATA.html">داده من</target>
      <target FeatureID="-1" href="IMNG_HLP_BLOCKED_VIEW.html">مخاطبین مسدود</target>
      <target FeatureID="-1" href="IMNG_HLP_CONTACTDETAILS.html">جزئیات مخاطب IM</target>
   </keywords>
   <keywords>
      <text FeatureID="-1">IM</text>
      <target FeatureID="-1" href="IMNG_HLP_COMMUNITY_VIEW_EMPTY.html">شروع به استفاده از IM</target>
      <target FeatureID="-1" href="IMNG_HLP_COMMUNITY_VIEW.html">پیام رسانی فوری</target>
      <target FeatureID="-1" href="IMNG_HLP_CONVERSATIONS.html">گفتگوهای IM</target>
   </keywords>
   <keywords>
      <text FeatureID="-1">مخاطبین IM مسدود</text>
      <target FeatureID="-1" href="IMNG_HLP_BLOCKED_VIEW.html">مخاطبین مسدود</target>
   </keywords>
   <keywords>
      <text FeatureID="-1">تنظیمات IM</text>
      <target FeatureID="-1" href="IMNG_HLP_SETTINGS.html">تنظیمات IM</target>
      <target FeatureID="-1" href="IMNG_HLP_APPSETT.html">تنظیمات برنامه IM</target>
   </keywords>
   <keywords>
      <text FeatureID="-1">سرورهای IM</text>
      <target FeatureID="-1" href="IMNG_HLP_SERVLISTSETT_IM.html">سرورهای IM</target>
   </keywords>
   <keywords>
      <text FeatureID="-1">تنظیمات سرور ‪IM‬</text>
      <target FeatureID="-1" href="IMNG_HLP_DEFSERVER.html">تنظیمات سرور ‪IM‬</target>
   </keywords>
   <keywords>
      <text FeatureID="-1">تنظیمات سرور</text>
      <target FeatureID="-1" href="IMNG_HLP_DEFSERVER.html">تنظیمات سرور ‪IM‬</target>
   </keywords>
   <keywords>
      <text FeatureID="-1">دعوت ها</text>
      <target FeatureID="-1" href="IMNG_HLP_INVITE.html">دعوتنامه های IM</target>
   </keywords>
   <keywords>
      <text FeatureID="-1">‎تنظیمات گروه IM</text>
      <target FeatureID="-1" href="IMNG_HLP_CREATECHAT.html">‎تنظیمات گروه IM</target>
   </keywords>
   <keywords>
      <text FeatureID="-1">گفتگو</text>
      <target FeatureID="-1" href="IMNG_HLP_CONVERSATIONS.html">گفتگوهای IM</target>
   </keywords>
</keywords>