<?xml version="1.0" encoding="UTF-8"?>
<keywords>
   <keywords>
      <text FeatureID="-1">синхронізація</text>
      <target FeatureID="-1" href="OTASYNCBU_HLP_MAIN.html">Синхронізація Ovi</target>
   </keywords>
   <keywords>
      <text FeatureID="-1">Синхронізація Ovi</text>
      <target FeatureID="-1" href="OTASYNCBU_HLP_MAIN.html">Синхронізація Ovi</target>
      <target FeatureID="-1" href="OTASYNCBU_HLP_SETTINGS.html">Установки програми «Синхронізація Ovi»</target>
   </keywords>
</keywords>