<?xml version="1.0" encoding="UTF-8"?>
<keywords>
   <keywords>
      <text FeatureID="-1">útvarp</text>
      <target FeatureID="-1" href="FMRADIO_HLP_MAIN.html">Hlustað á útvarpið</target>
      <target FeatureID="-1" href="FMRADIO_HLP_SEARCH.html">Leitað að stöðvum</target>
      <target FeatureID="-1" href="FMRADIO_HLP_LIST.html"> Útvarpsstöðvum stjórnað</target>
   </keywords>
   <keywords>
      <text FeatureID="-1">FM-útvarp</text>
      <target FeatureID="-1" href="FMRADIO_HLP_MAIN.html">Hlustað á útvarpið</target>
      <target FeatureID="-1" href="FMRADIO_HLP_SEARCH.html">Leitað að stöðvum</target>
      <target FeatureID="-1" href="FMRADIO_HLP_LIST.html"> Útvarpsstöðvum stjórnað</target>
   </keywords>
</keywords>