<?xml version="1.0" encoding="UTF-8"?><?xml-stylesheet  href="../../theme/xsl/index2html.xslt" type="text/xsl"?>
<topics FeatureID="-1" title="Types de messages spéciaux" compressed="true">
   <topicref FeatureID="true_1116" href="SMART_HLP_CALENDAREDITOR.html" navtitle="Envoi d'en­trées agenda"/>
   <topicref FeatureID="true_1114" href="SMART_HLP_CALENDARVIEWER.html" navtitle="Recevoir en­trées agenda"/>
   <topicref FeatureID="true_1114" href="SMART_HLP_CALPULLMESVIEWER.html" navtitle="Entr. agenda téléchargées"/>
   <topicref FeatureID="true_1117" href="SMART_HLP_BUSINESSEDITOR.html" navtitle="Envoi de car­tes profess."/>
   <topicref FeatureID="true_1115" href="SMART_HLP_BUSINESSVIEWER.html" navtitle="Cartes prof. reçues"/>
   <topicref FeatureID="true_1115" href="SMART_HLP_BUSPULLMESVIEWER.html" navtitle="Télécharger carte profess."/>
   <topicref FeatureID="true_1111" href="SMART_HLP_RINGVIEWER.html" navtitle="Sonneries reçues"/>
   <topicref FeatureID="true_1110" href="SMART_HLP_OPLOGOVIEWER.html" navtitle="Logos d'opérateurs reçus"/>
   <topicref FeatureID="true_1106" href="SMART_HLP_ONEBOOKVIEWER.html" navtitle="Signets reçus"/>
   <topicref FeatureID="true_1112" href="SMART_HLP_GMSVIEWER.html" navtitle="Afficher mes­sages graph."/>
   <topicref FeatureID="true_1537" href="SMART_HLP_REMOTEDRIVES_VIEWER.html" navtitle="Recevoir config. d'unité distante"/>
   <topicref FeatureID="true_1537" href="SMART_HLP_REMOTEDRIVES_EDITOR.html" navtitle="Envoyer config. d'unité distante"/>
</topics>