<?xml version="1.0" encoding="UTF-8"?>
<keywords>
   <keywords>
      <text FeatureID="true_1116">envoi d'entrées agenda</text>
      <target FeatureID="true_1116" href="SMART_HLP_CALENDAREDITOR.html">Envoi d'en­trées agenda</target>
   </keywords>
   <keywords>
      <text FeatureID="true_1114">réception d'entrées d'agenda</text>
      <target FeatureID="true_1114" href="SMART_HLP_CALENDARVIEWER.html">Recevoir en­trées agenda</target>
   </keywords>
   <keywords>
      <text FeatureID="true_1114">entrées d'agenda</text>
      <target FeatureID="true_1114" href="SMART_HLP_CALPULLMESVIEWER.html">Entr. agenda téléchargées</target>
   </keywords>
   <keywords>
      <text FeatureID="true_1117 true_1115">cartes professionnelles</text>
      <target FeatureID="true_1117" href="SMART_HLP_BUSINESSEDITOR.html">Envoi de car­tes profess.</target>
      <target FeatureID="true_1115" href="SMART_HLP_BUSINESSVIEWER.html">Cartes prof. reçues</target>
      <target FeatureID="true_1115" href="SMART_HLP_BUSPULLMESVIEWER.html">Télécharger carte profess.</target>
   </keywords>
   <keywords>
      <text FeatureID="true_1111">sonneries</text>
      <target FeatureID="true_1111" href="SMART_HLP_RINGVIEWER.html">Sonneries reçues</target>
   </keywords>
   <keywords>
      <text FeatureID="true_1110">logos d'opérateurs</text>
      <target FeatureID="true_1110" href="SMART_HLP_OPLOGOVIEWER.html">Logos d'opérateurs reçus</target>
   </keywords>
   <keywords>
      <text FeatureID="true_1106">signets</text>
      <target FeatureID="true_1106" href="SMART_HLP_ONEBOOKVIEWER.html">Signets reçus</target>
   </keywords>
   <keywords>
      <text FeatureID="true_1112">recevoir graphiques</text>
      <target FeatureID="true_1112" href="SMART_HLP_GMSVIEWER.html">Afficher mes­sages graph.</target>
   </keywords>
   <keywords>
      <text FeatureID="true_1112">messages graphiques</text>
      <target FeatureID="true_1112" href="SMART_HLP_GMSVIEWER.html">Afficher mes­sages graph.</target>
   </keywords>
   <keywords>
      <text FeatureID="true_1537">configuration d'unité distante</text>
      <target FeatureID="true_1537" href="SMART_HLP_REMOTEDRIVES_VIEWER.html">Recevoir config. d'unité distante</target>
      <target FeatureID="true_1537" href="SMART_HLP_REMOTEDRIVES_EDITOR.html">Envoyer config. d'unité distante</target>
   </keywords>
</keywords>