<?xml version="1.0" encoding="UTF-8"?>
<keywords>
   <keywords>
      <text FeatureID="-1">apparaatbeheer</text>
      <target FeatureID="-1" href="DM_HLP_MAIN_VIEW.html">Apparaatsoftware</target>
      <target FeatureID="-1" href="DM_HLP_SETTINGS.html">Instellingen serverprofielen</target>
      <target FeatureID="-1" href="DM_HLP_SERVERS_VIEW.html">Externe configuratie</target>
   </keywords>
   <keywords>
      <text FeatureID="-1">configuratie-instellingen</text>
      <target FeatureID="-1" href="DM_HLP_MAIN_VIEW.html">Apparaatsoftware</target>
   </keywords>
   <keywords>
      <text FeatureID="-1">Apparaatbeheer</text>
      <target FeatureID="-1" href="FOTA_HLP_SETTINGS.html">Instellingen software-updates</target>
   </keywords>
   <keywords>
      <text FeatureID="-1">software-update, instellingen</text>
      <target FeatureID="-1" href="FOTA_HLP_SETTINGS.html">Instellingen software-updates</target>
   </keywords>
   <keywords>
      <text FeatureID="-1">serverprofiel, instellingen</text>
      <target FeatureID="-1" href="DM_HLP_SETTINGS.html">Instellingen serverprofielen</target>
   </keywords>
   <keywords>
      <text FeatureID="-1">externe configuratie</text>
      <target FeatureID="-1" href="DM_HLP_SERVERS_VIEW.html">Externe configuratie</target>
   </keywords>
</keywords>