<?xml version="1.0" encoding="UTF-8"?>
<keywords>
   <keywords>
      <text FeatureID="-1">ข้อความตัวอักษร</text>
      <target FeatureID="-1" href="SMS_HLP_VIEWER.html">การอ่านข้อความตัวอักษร</target>
   </keywords>
   <keywords>
      <text FeatureID="-1">ตัวดู SMS</text>
      <target FeatureID="-1" href="SMS_HLP_VIEWER.html">การอ่านข้อความตัวอักษร</target>
   </keywords>
</keywords>