<?xml version="1.0" encoding="UTF-8"?>
<keywords>
   <keywords>
      <text FeatureID="-1">tanúsítvány</text>
      <target FeatureID="-1" href="AM_HLP_GENERAL_SETTINGS.html">Tanúsítványok beállításai</target>
   </keywords>
   <keywords>
      <text FeatureID="-1">beállítások, tanúsítvány</text>
      <target FeatureID="-1" href="AM_HLP_GENERAL_SETTINGS.html">Tanúsítványok beállításai</target>
   </keywords>
   <keywords>
      <text FeatureID="-1">alkalmazások telepítése</text>
      <target FeatureID="-1" href="AM_HLP_NOT_INSTALLED.html">Telepítőfájlok</target>
      <target FeatureID="-1" href="AM_HLP_APPLICATION.html">Alkalmazások kezelése</target>
   </keywords>
   <keywords>
      <text FeatureID="-1">nem telepített alkalmazások</text>
      <target FeatureID="-1" href="AM_HLP_NOT_INSTALLED.html">Telepítőfájlok</target>
   </keywords>
   <keywords>
      <text FeatureID="-1">telepített alkalmazások</text>
      <target FeatureID="-1" href="AM_HLP_INSTALLED.html">Telepített alkalmazások</target>
   </keywords>
   <keywords>
      <text FeatureID="-1">szoftvertelepítés</text>
      <target FeatureID="-1" href="AM_HLP_APPLICATION.html">Alkalmazások kezelése</target>
   </keywords>
   <keywords>
      <text FeatureID="-1">engedélykérelmek</text>
      <target FeatureID="-1" href="AM_HLP_INSTALL_CAPAB.html">Engedélykérelmek</target>
   </keywords>
   <keywords>
      <text FeatureID="-1">nem hitelesített alkalmazások</text>
      <target FeatureID="-1" href="AM_HLP_INSTALL_UNTRUSTED.html">Nem hitelesített alkalmazások</target>
   </keywords>
</keywords>