<?xml version="1.0" encoding="UTF-8"?>
<keywords>
   <keywords>
      <text FeatureID="-1">Quickoffice, filhanterare</text>
      <target FeatureID="-1" href="QFM_HLP_FILE_MENU.html">Filhanterare</target>
   </keywords>
   <keywords>
      <text FeatureID="-1">Quickoffice</text>
      <target FeatureID="-1" href="QFM_HLP_LOC_MENU.html">Quickoffice</target>
   </keywords>
   <keywords>
      <text FeatureID="-1">Quickpoint</text>
      <target FeatureID="-1" href="QPOINT_HLP_EDIT_SLIDE_VIEW.html">Redigera bilder</target>
      <target FeatureID="-1" href="QPOINT_HLP_REPLACE_VIEW.html">Sök och ersätt text</target>
      <target FeatureID="-1" href="QPOINT_HLP_FIND_VIEW.html">Sök efter text</target>
      <target FeatureID="-1" href="QPOINT_HLP_VIEW_SLIDE_VIEW.html">Visa bilder</target>
   </keywords>
   <keywords>
      <text FeatureID="-1">Quickpoint, text</text>
      <target FeatureID="-1" href="QPOINT_HLP_EDIT_TEXT_VIEW.html">Redigera text</target>
   </keywords>
   <keywords>
      <text FeatureID="-1">Quickpoint, kommentarer</text>
      <target FeatureID="-1" href="QPOINT_HLP_COMMENT_VIEW.html">Visa kommentarer</target>
   </keywords>
   <keywords>
      <text FeatureID="-1">Quickpoint, anteckningar</text>
      <target FeatureID="-1" href="QPOINT_HLP_VIEW_NOTES_VIEW.html">Visa och hantera anteckningar</target>
   </keywords>
   <keywords>
      <text FeatureID="-1">Quickpoint, disposition</text>
      <target FeatureID="-1" href="QPOINT_HLP_VIEW_OUTLINE_VIEW.html">Visa disposition</target>
   </keywords>
   <keywords>
      <text FeatureID="-1">Quicksheet, celler</text>
      <target FeatureID="-1" href="QSHEET_HLP_CELLS_EDIT.html">Redigera celler</target>
      <target FeatureID="-1" href="QSHEET_HLP_VIEW_CELL.html">Visa celler</target>
   </keywords>
   <keywords>
      <text FeatureID="-1">Quicksheet, kolumner</text>
      <target FeatureID="-1" href="QSHEET_HLP_EDIT_COLUMN.html">Redigera kolumner</target>
   </keywords>
   <keywords>
      <text FeatureID="-1">Quicksheet, intervall</text>
      <target FeatureID="-1" href="QSHEET_HLP_EDIT_RANGE.html">Redigera intervaller</target>
   </keywords>
   <keywords>
      <text FeatureID="-1">Quicksheet, rader</text>
      <target FeatureID="-1" href="QSHEET_HLP_EDIT_ROW.html">Redigera rader</target>
   </keywords>
   <keywords>
      <text FeatureID="-1">Quicksheet</text>
      <target FeatureID="-1" href="QSHEET_HLP_REPLACE_VIEW.html">Sök och ersätt text</target>
      <target FeatureID="-1" href="QSHEET_HLP_FIND_VIEW.html">Sök efter text</target>
      <target FeatureID="-1" href="QSHEET_HLP_CELLS_VIEW.html">Visa kalkylblad</target>
   </keywords>
   <keywords>
      <text FeatureID="-1">Quickword</text>
      <target FeatureID="-1" href="QWORD_HLP_EDIT_MODE.html">Redigera dokument</target>
      <target FeatureID="-1" href="QWORD_HLP_FIND_MODE.html">Sök och ersätt text</target>
      <target FeatureID="-1" href="QWORD_HLP_VIEW_MODE.html">Visa dokument</target>
      <target FeatureID="-1" href="QWORD_HLP_PAGE_VIEW.html">Visa sidlayout</target>
   </keywords>
</keywords>