<?xml version="1.0" encoding="UTF-8"?>
<keywords>
   <keywords>
      <text FeatureID="-1">Quickoffice, filhanterare</text>
      <target FeatureID="-1" href="QFM_HLP_FILE_MENU.html">Filhanterare</target>
   </keywords>
   <keywords>
      <text FeatureID="-1">Quickoffice</text>
      <target FeatureID="-1" href="QFM_HLP_LOC_MENU.html">Quickoffice</target>
   </keywords>
   <keywords>
      <text FeatureID="-1">Quickpoint, söka efter text</text>
      <target FeatureID="-1" href="QPOINT_HLP_FIND_VIEW.html">Sök efter dispositionstext</target>
   </keywords>
   <keywords>
      <text FeatureID="-1">Quickpoint, anteckningar</text>
      <target FeatureID="-1" href="QPOINT_HLP_VIEW_NOTES_VIEW.html">Visa och hantera anteckningar</target>
   </keywords>
   <keywords>
      <text FeatureID="-1">Quickpoint, disposition</text>
      <target FeatureID="-1" href="QPOINT_HLP_VIEW_OUTLINE_VIEW.html">Visa disposition</target>
   </keywords>
   <keywords>
      <text FeatureID="-1">Quickpoint</text>
      <target FeatureID="-1" href="QPOINT_HLP_VIEW_SLIDE_VIEW.html">Visa bilder</target>
   </keywords>
   <keywords>
      <text FeatureID="-1">Quicksheet, söka efter text</text>
      <target FeatureID="-1" href="QSHEET_HLP_FIND_VIEW.html">Sök efter text i ett kalkylblad</target>
   </keywords>
   <keywords>
      <text FeatureID="-1">Quicksheet, celler</text>
      <target FeatureID="-1" href="QSHEET_HLP_VIEW_CELL.html">Visa celler</target>
   </keywords>
   <keywords>
      <text FeatureID="-1">Quickword, söka efter text</text>
      <target FeatureID="-1" href="QWORD_HLP_FIND_MODE.html">Sök efter text</target>
   </keywords>
   <keywords>
      <text FeatureID="-1">Quickword</text>
      <target FeatureID="-1" href="QWORD_HLP_VIEW_MODE.html">Visa dokument</target>
   </keywords>
   <keywords>
      <text FeatureID="-1">Quickword, sidlayout</text>
      <target FeatureID="-1" href="QWORD_HLP_PAGE_VIEW.html">Visa sidlayout</target>
   </keywords>
</keywords>