<?xml version="1.0" encoding="UTF-8"?><?xml-stylesheet  href="../../theme/xsl/index2html.xslt" type="text/xsl"?>
<topics FeatureID="-1" title="Log" compressed="true">
   <topicref FeatureID="-1" href="GPRS_HLP_MAIN.html" navtitle="Sambungan data paket"/>
   <topicref FeatureID="-1" href="LOGS_HLP_COUNTER.html" navtitle="Register panggilan dan data"/>
   <topicref FeatureID="-1" href="LOGS_HLP_DETAIL.html" navtitle="Rincian peristiwa log"/>
   <topicref FeatureID="-1" href="LOGS_HLP_MAIN.html" navtitle="Informasi log"/>
   <topicref FeatureID="-1" href="LOGS_HLP_SETTING.html" navtitle="Pengaturan log"/>
   <topicref FeatureID="-1" href="STM_HLP_DIALLED.html" navtitle="Panggilan keluar"/>
   <topicref FeatureID="-1" href="STM_HLP_MAIN.html" navtitle="Pgl. terbaru"/>
   <topicref FeatureID="-1" href="STM_HLP_MISSED.html" navtitle="Panggilan tidak terjawab"/>
   <topicref FeatureID="-1" href="STM_HLP_RECEIVED.html" navtitle="Panggilan diterima"/>
   <topicref FeatureID="-1" href="TIMERS_HLP_MAIN.html" navtitle="Durasi panggilan"/>
</topics>