<?xml version="1.0" encoding="UTF-8"?>
<keywords>
   <keywords>
      <text FeatureID="-1">sambungan data paket</text>
      <target FeatureID="-1" href="GPRS_HLP_MAIN.html">Sambungan data paket</target>
      <target FeatureID="-1" href="LOGS_HLP_COUNTER.html">Register panggilan dan data</target>
   </keywords>
   <keywords>
      <text FeatureID="-1">durasi panggilan</text>
      <target FeatureID="-1" href="LOGS_HLP_COUNTER.html">Register panggilan dan data</target>
      <target FeatureID="-1" href="TIMERS_HLP_MAIN.html">Durasi panggilan</target>
   </keywords>
   <keywords>
      <text FeatureID="-1">pgl. terbaru</text>
      <target FeatureID="-1" href="LOGS_HLP_COUNTER.html">Register panggilan dan data</target>
      <target FeatureID="-1" href="STM_HLP_MAIN.html">Pgl. terbaru</target>
   </keywords>
   <keywords>
      <text FeatureID="-1">log</text>
      <target FeatureID="-1" href="LOGS_HLP_DETAIL.html">Rincian peristiwa log</target>
      <target FeatureID="-1" href="LOGS_HLP_MAIN.html">Informasi log</target>
   </keywords>
   <keywords>
      <text FeatureID="-1">pengaturan log</text>
      <target FeatureID="-1" href="LOGS_HLP_SETTING.html">Pengaturan log</target>
   </keywords>
   <keywords>
      <text FeatureID="-1">panggilan keluar</text>
      <target FeatureID="-1" href="STM_HLP_DIALLED.html">Panggilan keluar</target>
   </keywords>
   <keywords>
      <text FeatureID="-1">log panggilan</text>
      <target FeatureID="-1" href="STM_HLP_MAIN.html">Pgl. terbaru</target>
   </keywords>
   <keywords>
      <text FeatureID="-1">panggilan tidak terjawab</text>
      <target FeatureID="-1" href="STM_HLP_MISSED.html">Panggilan tidak terjawab</target>
   </keywords>
   <keywords>
      <text FeatureID="-1">panggilan diterima</text>
      <target FeatureID="-1" href="STM_HLP_RECEIVED.html">Panggilan diterima</target>
   </keywords>
   <keywords>
      <text FeatureID="-1">panggilan dijawab</text>
      <target FeatureID="-1" href="STM_HLP_RECEIVED.html">Panggilan diterima</target>
   </keywords>
   <keywords>
      <text FeatureID="-1">lama panggilan</text>
      <target FeatureID="-1" href="TIMERS_HLP_MAIN.html">Durasi panggilan</target>
   </keywords>
</keywords>