<?xml version="1.0" encoding="UTF-8"?>
<keywords>
   <keywords>
      <text FeatureID="-1">module ng seguridad</text>
      <target FeatureID="-1" href="SECMOD_HLP_ACCESSCODE_VIEW.html">PIN code ng module ng seguridad</target>
      <target FeatureID="-1" href="SECMOD_HLP_MAIN_VIEW.html">Module ng seguridad</target>
      <target FeatureID="-1" href="SEMOD_HLP_SIGNINGCODE_VIEW.html">I-edit ang code sa paglagda</target>
   </keywords>
   <keywords>
      <text FeatureID="-1">PIN code</text>
      <target FeatureID="-1" href="SECMOD_HLP_ACCESSCODE_VIEW.html">PIN code ng module ng seguridad</target>
   </keywords>
   <keywords>
      <text FeatureID="-1">mga code ng module ng seguridad</text>
      <target FeatureID="-1" href="SECMOD_HLP_CODE_VIEW.html">Mga code ng module ng seguridad</target>
   </keywords>
   <keywords>
      <text FeatureID="-1">PIN code para sa module ng seguridad</text>
      <target FeatureID="-1" href="SECMOD_HLP_CODE_VIEW.html">Mga code ng module ng seguridad</target>
   </keywords>
   <keywords>
      <text FeatureID="-1">key store</text>
      <target FeatureID="-1" href="SECMOD_HLP_MAIN_VIEW.html">Module ng seguridad</target>
   </keywords>
   <keywords>
      <text FeatureID="-1">code sa paglagda</text>
      <target FeatureID="-1" href="SEMOD_HLP_SIGNINGCODE_VIEW.html">I-edit ang code sa paglagda</target>
   </keywords>
   <keywords>
      <text FeatureID="-1">mga lagdang digital</text>
      <target FeatureID="-1" href="SEMOD_HLP_SIGNINGCODE_VIEW.html">I-edit ang code sa paglagda</target>
   </keywords>
</keywords>