<?xml version="1.0" encoding="UTF-8"?>
<keywords>
   <keywords>
      <text FeatureID="-1">Bluetooth</text>
      <target FeatureID="-1" href="BT_HLP_MAIN.html">Bluetooth</target>
      <target FeatureID="-1" href="BT_HLP_PAIRED.html">Pörun við tæki</target>
      <target FeatureID="-1" href="BT_HLP_BLOCKED.html">Lokað á tæki</target>
   </keywords>
   <keywords>
      <text FeatureID="-1">Bluetooth-stillingar</text>
      <target FeatureID="-1" href="BT_HLP_MAIN.html">Bluetooth</target>
   </keywords>
   <keywords>
      <text FeatureID="-1">pörun tækja</text>
      <target FeatureID="-1" href="BT_HLP_PAIRED.html">Pörun við tæki</target>
   </keywords>
   <keywords>
      <text FeatureID="-1">útilokuð tæki</text>
      <target FeatureID="-1" href="BT_HLP_BLOCKED.html">Lokað á tæki</target>
   </keywords>
   <keywords>
      <text FeatureID="true_12">þráðlaust lyklaborð</text>
      <target FeatureID="true_12" href="BTKEYBOARD_HLP_SETTINGS.html">Þráðlaust lyklaborð</target>
   </keywords>
</keywords>