<?xml version="1.0" encoding="UTF-8"?>
<keywords>
   <keywords>
      <text FeatureID="-1">Profile anpassen</text>
      <target FeatureID="-1" href="MODE_HLP_PERSONALISE.html">Profile anpassen</target>
   </keywords>
   <keywords>
      <text FeatureID="-1">Signaleinstellungen</text>
      <target FeatureID="-1" href="SET_HLP_PERSONAL_TONES.html">Signaleinstellungen</target>
   </keywords>
   <keywords>
      <text FeatureID="-1">Klingeltöne</text>
      <target FeatureID="-1" href="SET_HLP_PERSONAL_TONES.html">Signaleinstellungen</target>
   </keywords>
   <keywords>
      <text FeatureID="-1">Profile</text>
      <target FeatureID="-1" href="MODE_HLP_PROFILES_LIST.html">Profile</target>
   </keywords>
   <keywords>
      <text FeatureID="-1">Profile ändern</text>
      <target FeatureID="-1" href="MODE_HLP_PROFILES_LIST.html">Profile</target>
   </keywords>
</keywords>