<?xml version="1.0" encoding="UTF-8"?>
<keywords>
   <keywords>
      <text FeatureID="-1">trenutne poruke</text>
      <target FeatureID="-1" href="SERVTAB_HLP_CONVERSATION.html">Šaljite trenutne poruke</target>
   </keywords>
   <keywords>
      <text FeatureID="-1">ćaskanje</text>
      <target FeatureID="-1" href="SERVTAB_HLP_CONVERSATION.html">Šaljite trenutne poruke</target>
   </keywords>
   <keywords>
      <text FeatureID="-1">razgovori</text>
      <target FeatureID="-1" href="SERVTAB_HLP_CONVERSATION.html">Šaljite trenutne poruke</target>
   </keywords>
</keywords>