<?xml version="1.0" encoding="UTF-8"?>
<keywords>
   <keywords>
      <text FeatureID="-1">GPS 데이터</text>
      <target FeatureID="-1" href="HLP_BLID_NAVIGATION.html">내비게이션 보기</target>
      <target FeatureID="false_112" href="BLID_HLP_WAYPOINTS.html">저장된 위치</target>
      <target FeatureID="-1" href="HLP_BLID_TRIPMETER.html">주행 거리 보기</target>
   </keywords>
   <keywords>
      <text FeatureID="-1">목적지 탐색</text>
      <target FeatureID="-1" href="HLP_BLID_NAVIGATION.html">내비게이션 보기</target>
   </keywords>
   <keywords>
      <text FeatureID="false_112">위치 저장</text>
      <target FeatureID="false_112" href="BLID_HLP_WAYPOINTS.html">저장된 위치</target>
   </keywords>
   <keywords>
      <text FeatureID="-1">내비게이션 설정</text>
      <target FeatureID="-1" href="BLID_HLP_SETTINGS.html">GPS 데이터 설정</target>
   </keywords>
   <keywords>
      <text FeatureID="-1">GPS 데이터 설정</text>
      <target FeatureID="-1" href="BLID_HLP_SETTINGS.html">GPS 데이터 설정</target>
   </keywords>
   <keywords>
      <text FeatureID="-1">주행 정보</text>
      <target FeatureID="-1" href="HLP_BLID_TRIPMETER.html">주행 거리 보기</target>
   </keywords>
   <keywords>
      <text FeatureID="-1">여행 정보</text>
      <target FeatureID="-1" href="HLP_BLID_TRIPMETER.html">주행 거리 보기</target>
   </keywords>
</keywords>