<?xml version="1.0" encoding="UTF-8"?>
<keywords>
   <keywords>
      <text FeatureID="-1">opdatere software</text>
      <target FeatureID="-1" href="SWUPDATE_HLP_MAIN.html">Softwareopdatering</target>
   </keywords>
   <keywords>
      <text FeatureID="-1">softwareopdatering</text>
      <target FeatureID="-1" href="SWUPDATE_HLP_MAIN.html">Softwareopdatering</target>
   </keywords>
   <keywords>
      <text FeatureID="-1">softwareop­dat., indstille</text>
      <target FeatureID="-1" href="SWUPDATE_HLP_SETTINGS.html">Indstille soft­wareopdat.</target>
   </keywords>
</keywords>