<?xml version="1.0" encoding="UTF-8"?>
<keywords>
   <keywords>
      <text FeatureID="true_410">ecran apelare</text>
      <target FeatureID="true_410" href="DIALER_HLP_MAIN.html">Efectuarea apelurilor telefonice</target>
   </keywords>
   <keywords>
      <text FeatureID="true_410">efectuare apeluri telefonice</text>
      <target FeatureID="true_410" href="DIALER_HLP_MAIN.html">Efectuarea apelurilor telefonice</target>
   </keywords>
   <keywords>
      <text FeatureID="-1">apeluri telefonice</text>
      <target FeatureID="-1" href="INCAL_HLP_CALL_HANDLING.html">Apeluri telefonice</target>
   </keywords>
   <keywords>
      <text FeatureID="-1">apeluri conferinţă</text>
      <target FeatureID="-1" href="INCAL_HLP_CALL_HANDLING.html">Apeluri telefonice</target>
   </keywords>
   <keywords>
      <text FeatureID="-1">faceţi schimb de apeluri</text>
      <target FeatureID="-1" href="INCAL_HLP_CALL_HANDLING.html">Apeluri telefonice</target>
   </keywords>
   <keywords>
      <text FeatureID="-1">telefon</text>
      <target FeatureID="-1" href="INCAL_HLP_CALL_HANDLING.html">Apeluri telefonice</target>
   </keywords>
   <keywords>
      <text FeatureID="true_410">tonuri DTMF</text>
      <target FeatureID="true_410" href="DIALER_HLP_SEND_DTMF.html">Expedierea tonurilor DTMF</target>
   </keywords>
   <keywords>
      <text FeatureID="true_89">apeluri video</text>
      <target FeatureID="true_89" href="INCAL_HLP_VIDEO_CALL.html">Apeluri video</target>
   </keywords>
</keywords>