<?xml version="1.0" encoding="UTF-8"?>
<keywords>
   <keywords>
      <text FeatureID="-1">apelare nr. fixe</text>
      <target FeatureID="-1" href="FDN_HLP_FDN_NUM_EDIT_VIEW.html">Editare contacte</target>
      <target FeatureID="-1" href="FDN_HLP_FDN_NUMBER_VIEW.html">Contacte pentru apelare fixă</target>
      <target FeatureID="-1" href="FDN_HLP_FDN_VIEW.html">Restricţionare apeluri</target>
   </keywords>
   <keywords>
      <text FeatureID="-1">restricţionare apeluri</text>
      <target FeatureID="-1" href="FDN_HLP_FDN_VIEW.html">Restricţionare apeluri</target>
   </keywords>
   <keywords>
      <text FeatureID="-1">numere servicii</text>
      <target FeatureID="-1" href="SDN_HLP_APP.html">Numere servicii</target>
   </keywords>
   <keywords>
      <text FeatureID="-1">numere servicii SIM</text>
      <target FeatureID="-1" href="SDN_HLP_APP.html">Numere servicii</target>
   </keywords>
   <keywords>
      <text FeatureID="-1">nr. serv. pe SIM</text>
      <target FeatureID="-1" href="SDN_HLP_APP.html">Numere servicii</target>
   </keywords>
   <keywords>
      <text FeatureID="-1">grupuri de contacte</text>
      <target FeatureID="-1" href="PHOB_HLP_GROUP_LIST.html">Grupuri de contacte</target>
      <target FeatureID="-1" href="PHOB_HLP_GROUP_MEMBER_LIST.html">Membrii grupului</target>
   </keywords>
   <keywords>
      <text FeatureID="-1">contacte SIM</text>
      <target FeatureID="-1" href="PHOB_HLP_SIM_LIST.html">Directorul de contacte de pe SIM</target>
   </keywords>
   <keywords>
      <text FeatureID="-1">Număr SIM</text>
      <target FeatureID="-1" href="PHOB_HLP_MY_NUMBERS.html">Numerele mele</target>
   </keywords>
   <keywords>
      <text FeatureID="-1">ordine nume în Contacte</text>
      <target FeatureID="-1" href="PHOB_HLP_SETTINGS.html">Setări contacte</target>
   </keywords>
   <keywords>
      <text FeatureID="-1">memorie contacte</text>
      <target FeatureID="-1" href="PHOB_HLP_SETTINGS.html">Setări contacte</target>
   </keywords>
   <keywords>
      <text FeatureID="-1">memorie implicită</text>
      <target FeatureID="-1" href="PHOB_HLP_SETTINGS.html">Setări contacte</target>
   </keywords>
   <keywords>
      <text FeatureID="-1">director de contacte</text>
      <target FeatureID="-1" href="PHOB_HLP_NAME_LIST.html">Directorul de contacte</target>
   </keywords>
   <keywords>
      <text FeatureID="-1">informaţii despre contact</text>
      <target FeatureID="-1" href="PHOB_HLP_NAME_LIST.html">Directorul de contacte</target>
   </keywords>
   <keywords>
      <text FeatureID="-1">agendă telefonică</text>
      <target FeatureID="-1" href="PHOB_HLP_NAME_LIST.html">Directorul de contacte</target>
   </keywords>
</keywords>