<?xml version="1.0" encoding="UTF-8"?>
<keywords>
   <keywords>
      <text FeatureID="-1">grupuri de contacte</text>
      <target FeatureID="-1" href="PHOB_HLP_GROUP_LIST.html">Grupuri de contacte</target>
      <target FeatureID="-1" href="PHOB_HLP_GROUP_MEMBER_LIST.html">Membrii grupului</target>
   </keywords>
   <keywords>
      <text FeatureID="-1">contacte SIM</text>
      <target FeatureID="-1" href="PHOB_HLP_SIM_LIST.html">Director contacte SIM</target>
   </keywords>
   <keywords>
      <text FeatureID="-1">Număr SIM</text>
      <target FeatureID="-1" href="PHOB_HLP_MY_NUMBERS.html">Numerele mele</target>
   </keywords>
   <keywords>
      <text FeatureID="-1">ordine nume în Contacte</text>
      <target FeatureID="-1" href="PHOB_HLP_SETTINGS.html">Setări contacte</target>
   </keywords>
   <keywords>
      <text FeatureID="-1">memorie contacte</text>
      <target FeatureID="-1" href="PHOB_HLP_SETTINGS.html">Setări contacte</target>
   </keywords>
   <keywords>
      <text FeatureID="-1">memorie implicită</text>
      <target FeatureID="-1" href="PHOB_HLP_SETTINGS.html">Setări contacte</target>
   </keywords>
   <keywords>
      <text FeatureID="-1">director contacte</text>
      <target FeatureID="-1" href="PHOB_HLP_NAME_LIST.html">Listă Contacte</target>
   </keywords>
   <keywords>
      <text FeatureID="-1">informaţii contact</text>
      <target FeatureID="-1" href="PHOB_HLP_NAME_LIST.html">Listă Contacte</target>
   </keywords>
   <keywords>
      <text FeatureID="-1">agendă telefonică</text>
      <target FeatureID="-1" href="PHOB_HLP_NAME_LIST.html">Listă Contacte</target>
   </keywords>
   <keywords>
      <text FeatureID="-1">contacte</text>
      <target FeatureID="-1" href="RLOOK_HLP_INFO_VIEW.html">Gestionarea contactelor găsite</target>
   </keywords>
   <keywords>
      <text FeatureID="-1">fişe contact</text>
      <target FeatureID="-1" href="PHOB_HLP_CONTACT_INFO_VIEW.html">Fişe contact</target>
      <target FeatureID="-1" href="PHOB_HLP_EDIT_ENTRY.html">Editare fişe contact</target>
   </keywords>
   <keywords>
      <text FeatureID="-1">înreg. agendă tel.</text>
      <target FeatureID="-1" href="PHOB_HLP_CONTACT_INFO_VIEW.html">Fişe contact</target>
   </keywords>
   <keywords>
      <text FeatureID="-1">apelare nr. fixe</text>
      <target FeatureID="-1" href="FDN_HLP_FDN_NUMBER_VIEW.html">Contacte pentru apelare fixă</target>
      <target FeatureID="-1" href="FDN_HLP_FDN_VIEW.html">Restricţionare apeluri</target>
   </keywords>
   <keywords>
      <text FeatureID="-1">restricţionare apeluri</text>
      <target FeatureID="-1" href="FDN_HLP_FDN_VIEW.html">Restricţionare apeluri</target>
   </keywords>
   <keywords>
      <text FeatureID="-1">numere servicii</text>
      <target FeatureID="-1" href="SDN_HLP_APP.html">Numere servicii</target>
   </keywords>
   <keywords>
      <text FeatureID="-1">numere servicii SIM</text>
      <target FeatureID="-1" href="SDN_HLP_APP.html">Numere servicii</target>
   </keywords>
   <keywords>
      <text FeatureID="-1">nr. serv. pe SIM</text>
      <target FeatureID="-1" href="SDN_HLP_APP.html">Numere servicii</target>
   </keywords>
   <keywords>
      <text FeatureID="-1">cartela SIM</text>
      <target FeatureID="-1" href="PHOB_HLP_SIM_INFO_VIEW.html">Cartele de contact SIM</target>
   </keywords>
   <keywords>
      <text FeatureID="-1">Contacte SIM</text>
      <target FeatureID="-1" href="PHOB_HLP_SIM_INFO_VIEW.html">Cartele de contact SIM</target>
   </keywords>
</keywords>