<?xml version="1.0" encoding="UTF-8"?>
<keywords>
   <keywords>
      <text FeatureID="-1">Dati GPS</text>
      <target FeatureID="-1" href="HLP_BLID_NAVIGATION.html">Vista Navigazione</target>
      <target FeatureID="false_112" href="BLID_HLP_WAYPOINTS.html">Posizioni salvate</target>
      <target FeatureID="-1" href="HLP_BLID_TRIPMETER.html">Vista Distanza viaggio</target>
   </keywords>
   <keywords>
      <text FeatureID="-1">navigazione fino a destinazione</text>
      <target FeatureID="-1" href="HLP_BLID_NAVIGATION.html">Vista Navigazione</target>
   </keywords>
   <keywords>
      <text FeatureID="false_112">salvataggio di posizioni</text>
      <target FeatureID="false_112" href="BLID_HLP_WAYPOINTS.html">Posizioni salvate</target>
   </keywords>
   <keywords>
      <text FeatureID="-1">Navigatore, impostazioni</text>
      <target FeatureID="-1" href="BLID_HLP_SETTINGS.html">Impostazioni dei dati GPS</target>
   </keywords>
   <keywords>
      <text FeatureID="-1">Impostazioni dei dati GPS</text>
      <target FeatureID="-1" href="BLID_HLP_SETTINGS.html">Impostazioni dei dati GPS</target>
   </keywords>
   <keywords>
      <text FeatureID="-1">viaggio, informazioni</text>
      <target FeatureID="-1" href="HLP_BLID_TRIPMETER.html">Vista Distanza viaggio</target>
   </keywords>
   <keywords>
      <text FeatureID="-1">percorso di viaggio, informazioni</text>
      <target FeatureID="-1" href="HLP_BLID_TRIPMETER.html">Vista Distanza viaggio</target>
   </keywords>
</keywords>