<?xml version="1.0" encoding="UTF-8"?>
<keywords>
   <keywords>
      <text FeatureID="-1">sincronització</text>
      <target FeatureID="-1" href="DS_HLP_MAIN_VIEW.html">Sincronització de dades</target>
   </keywords>
   <keywords>
      <text FeatureID="-1">perfils de sincronització</text>
      <target FeatureID="-1" href="DS_HLP_MAIN_VIEW.html">Sincronització de dades</target>
   </keywords>
   <keywords>
      <text FeatureID="-1">configuració del perfil de sincronització</text>
      <target FeatureID="-1" href="DS_HLP_SETTINGS.html">Editeu els perfils de sincronització</target>
   </keywords>
   <keywords>
      <text FeatureID="-1">configuració de sincronització</text>
      <target FeatureID="-1" href="DS_HLP_SETTINGS_CAL.html">Configuració de sincronització de l'agenda</target>
      <target FeatureID="-1" href="DS_HLP_SETTINGS_CNT.html">Configuració de sincronització de contactes</target>
      <target FeatureID="-1" href="DS_HLP_SETTINGS_NOTES.html">Configuració de sincronització de notes</target>
      <target FeatureID="-1" href="DS_HLP_SETTINGS_SMS.html">Configuració de sincronització de SMS</target>
      <target FeatureID="true_44" href="DS_HLP_SETTINGS_SYNCML.html">Configuració de la sincronització de correu electrònic</target>
   </keywords>
</keywords>