<?xml version="1.0" encoding="UTF-8"?>
<keywords>
   <keywords>
      <text FeatureID="true_410">ڈائل کرنے والا</text>
      <target FeatureID="true_410" href="DIALER_HLP_MAIN.html">فون کال کريں</target>
   </keywords>
   <keywords>
      <text FeatureID="true_410">فون کال کرنا</text>
      <target FeatureID="true_410" href="DIALER_HLP_MAIN.html">فون کال کريں</target>
   </keywords>
   <keywords>
      <text FeatureID="-1">فون کي کاليں</text>
      <target FeatureID="-1" href="INCAL_HLP_CALL_HANDLING.html">فون کي کاليں</target>
   </keywords>
   <keywords>
      <text FeatureID="-1">کانفرنس کاليں</text>
      <target FeatureID="-1" href="INCAL_HLP_CALL_HANDLING.html">فون کي کاليں</target>
   </keywords>
   <keywords>
      <text FeatureID="-1">کالیں تبدیل کریں</text>
      <target FeatureID="-1" href="INCAL_HLP_CALL_HANDLING.html">فون کي کاليں</target>
   </keywords>
   <keywords>
      <text FeatureID="-1">ٹیلیفون</text>
      <target FeatureID="-1" href="INCAL_HLP_CALL_HANDLING.html">فون کي کاليں</target>
   </keywords>
   <keywords>
      <text FeatureID="true_410">DTMF آوازیں</text>
      <target FeatureID="true_410" href="DIALER_HLP_SEND_DTMF.html">DTMF ٹولز بھیجیں</target>
   </keywords>
   <keywords>
      <text FeatureID="true_89">ويڈيو کاليں</text>
      <target FeatureID="true_89" href="INCAL_HLP_VIDEO_CALL.html">ویڈيو کالیں</target>
   </keywords>
</keywords>