<?xml version="1.0" encoding="UTF-8"?>
<keywords>
   <keywords>
      <text FeatureID="-1">pag-update ng software</text>
      <target FeatureID="-1" href="SWUPDATE_HLP_MAIN.html">Update ng software</target>
   </keywords>
   <keywords>
      <text FeatureID="-1">update ng software</text>
      <target FeatureID="-1" href="SWUPDATE_HLP_MAIN.html">Update ng software</target>
   </keywords>
   <keywords>
      <text FeatureID="-1">mga setting sa pag-update ng software</text>
      <target FeatureID="-1" href="SWUPDATE_HLP_SETTINGS.html">Mga setting sa pag-update ng software</target>
   </keywords>
</keywords>