<?xml version="1.0" encoding="UTF-8"?><?xml-stylesheet  href="../../theme/xsl/index2html.xslt" type="text/xsl"?>
<topics FeatureID="-1" title="บันทึก" compressed="true">
   <topicref FeatureID="-1" href="GPRS_HLP_MAIN.html" navtitle="เชี่อมต่อข้อมูลแพคเก็ต"/>
   <topicref FeatureID="-1" href="LOGS_HLP_COUNTER.html" navtitle="การลงทะเบียนการโทรและข้อมูล"/>
   <topicref FeatureID="-1" href="LOGS_HLP_DETAIL.html" navtitle="รายละเอียดบันทึกเหตุการณ์"/>
   <topicref FeatureID="-1" href="LOGS_HLP_MAIN.html" navtitle="ข้อมูลบันทึก"/>
   <topicref FeatureID="-1" href="LOGS_HLP_SETTING.html" navtitle="การตั้งค่าบันทึก"/>
   <topicref FeatureID="-1" href="STM_HLP_DIALLED.html" navtitle="หมายเลขที่โทรออก"/>
   <topicref FeatureID="-1" href="STM_HLP_MAIN.html" navtitle="เบอร์โทรล่าสุด"/>
   <topicref FeatureID="-1" href="STM_HLP_MISSED.html" navtitle="เบอร์ที่ไม่ได้รับ"/>
   <topicref FeatureID="-1" href="STM_HLP_RECEIVED.html" navtitle="เบอร์ที่รับสาย"/>
   <topicref FeatureID="-1" href="TIMERS_HLP_MAIN.html" navtitle="ระยะเวลาการโทร"/>
</topics>