<?xml version="1.0" encoding="UTF-8"?>
<keywords>
   <keywords>
      <text FeatureID="-1">การเชื่อมต่อข้อมูลแบบแพคเก็ต</text>
      <target FeatureID="-1" href="GPRS_HLP_MAIN.html">เชี่อมต่อข้อมูลแพคเก็ต</target>
      <target FeatureID="-1" href="LOGS_HLP_COUNTER.html">การลงทะเบียนการโทรและข้อมูล</target>
   </keywords>
   <keywords>
      <text FeatureID="-1">ระยะเวลาการโทร</text>
      <target FeatureID="-1" href="LOGS_HLP_COUNTER.html">การลงทะเบียนการโทรและข้อมูล</target>
      <target FeatureID="-1" href="TIMERS_HLP_MAIN.html">ระยะเวลาการโทร</target>
   </keywords>
   <keywords>
      <text FeatureID="-1">การโทรล่าสุด</text>
      <target FeatureID="-1" href="LOGS_HLP_COUNTER.html">การลงทะเบียนการโทรและข้อมูล</target>
      <target FeatureID="-1" href="STM_HLP_MAIN.html">เบอร์โทรล่าสุด</target>
   </keywords>
   <keywords>
      <text FeatureID="-1">บันทึก</text>
      <target FeatureID="-1" href="LOGS_HLP_DETAIL.html">รายละเอียดบันทึกเหตุการณ์</target>
      <target FeatureID="-1" href="LOGS_HLP_MAIN.html">ข้อมูลบันทึก</target>
   </keywords>
   <keywords>
      <text FeatureID="-1">การตั้งค่าบันทึก</text>
      <target FeatureID="-1" href="LOGS_HLP_SETTING.html">การตั้งค่าบันทึก</target>
   </keywords>
   <keywords>
      <text FeatureID="-1">หมายเลขที่โทรออก</text>
      <target FeatureID="-1" href="STM_HLP_DIALLED.html">หมายเลขที่โทรออก</target>
   </keywords>
   <keywords>
      <text FeatureID="-1">บันทึกการโทร</text>
      <target FeatureID="-1" href="STM_HLP_MAIN.html">เบอร์โทรล่าสุด</target>
   </keywords>
   <keywords>
      <text FeatureID="-1">เบอร์ที่ไม่ได้รับ</text>
      <target FeatureID="-1" href="STM_HLP_MISSED.html">เบอร์ที่ไม่ได้รับ</target>
   </keywords>
   <keywords>
      <text FeatureID="-1">เบอร์ที่รับสาย</text>
      <target FeatureID="-1" href="STM_HLP_RECEIVED.html">เบอร์ที่รับสาย</target>
   </keywords>
   <keywords>
      <text FeatureID="-1">เบอร์ที่ตอบรับ</text>
      <target FeatureID="-1" href="STM_HLP_RECEIVED.html">เบอร์ที่รับสาย</target>
   </keywords>
   <keywords>
      <text FeatureID="-1">ความยาวการโทร</text>
      <target FeatureID="-1" href="TIMERS_HLP_MAIN.html">ระยะเวลาการโทร</target>
   </keywords>
</keywords>