<?xml version="1.0" encoding="UTF-8"?>
<keywords>
   <keywords>
      <text FeatureID="-1">mga utos na boses</text>
      <target FeatureID="true_72" href="HLP_VC_SIND_FOLDER.html">View ng application</target>
      <target FeatureID="true_72" href="HLP_VC_SIND_MAIN.html">Paggamit ng mga utos na boses</target>
      <target FeatureID="-1" href="VCINFO_HLP_MAINVIEW.html">Para sa mga contact</target>
   </keywords>
   <keywords>
      <text FeatureID="-1">mga setting ng utos na boses</text>
      <target FeatureID="-1" href="HLP_VC_SET.html">Mga setting ng utos na boses</target>
   </keywords>
</keywords>