<?xml version="1.0" encoding="UTF-8"?>
<keywords>
   <keywords>
      <text FeatureID="-1">naghahanap</text>
      <target FeatureID="-1" href="SEARCH_HLP_INDEVICE_MAIN.html">Maghanap</target>
   </keywords>
   <keywords>
      <text FeatureID="-1">mga resulta ng paghahanap</text>
      <target FeatureID="-1" href="SEARCH_HLP_SINGLE_RE.html">Mga resulta sa paghahanap</target>
      <target FeatureID="-1" href="SEARCH_HLP_GROUPED.html">Mga resulta ng paghahanap na nasa mga kategorya</target>
   </keywords>
</keywords>