<?xml version="1.0" encoding="UTF-8"?>
<keywords>
   <keywords>
      <text FeatureID="true_410">hovory, uskutečňování</text>
      <target FeatureID="true_410" href="DIALER_HLP_MAIN.html">Uskutečňování telefonických hovorů</target>
   </keywords>
   <keywords>
      <text FeatureID="-1">telefonní hovory</text>
      <target FeatureID="-1" href="INCAL_HLP_CALL_HANDLING.html">Telefonní hovory</target>
   </keywords>
   <keywords>
      <text FeatureID="-1">konferenční hovory</text>
      <target FeatureID="-1" href="INCAL_HLP_CALL_HANDLING.html">Telefonní hovory</target>
   </keywords>
   <keywords>
      <text FeatureID="-1">přepínání hovorů</text>
      <target FeatureID="-1" href="INCAL_HLP_CALL_HANDLING.html">Telefonní hovory</target>
   </keywords>
   <keywords>
      <text FeatureID="-1">telefon</text>
      <target FeatureID="-1" href="INCAL_HLP_CALL_HANDLING.html">Telefonní hovory</target>
   </keywords>
   <keywords>
      <text FeatureID="true_410">Tóny DTMF</text>
      <target FeatureID="true_410" href="DIALER_HLP_SEND_DTMF.html">Odesílání tónů DTMF</target>
   </keywords>
   <keywords>
      <text FeatureID="true_89">videohovory</text>
      <target FeatureID="true_89" href="INCAL_HLP_VIDEO_CALL.html">Videohovory</target>
   </keywords>
</keywords>