<?xml version="1.0" encoding="UTF-8"?>
<keywords>
   <keywords>
      <text FeatureID="-1">taajuusasetusten muokkaus</text>
      <target FeatureID="-1" href="EQ_HLP_EDITING_VIEW.html">Taajuusasetusten muokkaus</target>
   </keywords>
   <keywords>
      <text FeatureID="-1">taajuuskorjain</text>
      <target FeatureID="-1" href="EQ_HLP_LIST_VIEW.html">Taajuusasetukset</target>
   </keywords>
   <keywords>
      <text FeatureID="-1">taajuuskaistat</text>
      <target FeatureID="-1" href="EQ_HLP_LIST_VIEW.html">Taajuusasetukset</target>
   </keywords>
   <keywords>
      <text FeatureID="-1">taajuusasetusten valinta</text>
      <target FeatureID="-1" href="EQ_HLP_LIST_VIEW.html">Taajuusasetukset</target>
   </keywords>
</keywords>