<?xml version="1.0" encoding="UTF-8"?>
<keywords>
   <keywords>
      <text FeatureID="true_13 true_1566">connexion du câble USB</text>
      <target FeatureID="true_13" href="USB_HLP_MAIN.html">Paramètres USB</target>
      <target FeatureID="true_1566" href="USB_HLP_PRINT_SETTINGS.html">Paramètres d'impression</target>
   </keywords>
   <keywords>
      <text FeatureID="true_13">connexion du câble</text>
      <target FeatureID="true_13" href="USB_HLP_MAIN.html">Paramètres USB</target>
   </keywords>
   <keywords>
      <text FeatureID="true_1566">impression</text>
      <target FeatureID="true_1566" href="USB_HLP_PRINT_SETTINGS.html">Paramètres d'impression</target>
   </keywords>
   <keywords>
      <text FeatureID="true_1566">paramètres, imprimante</text>
      <target FeatureID="true_1566" href="USB_HLP_PRINT_SETTINGS.html">Paramètres d'impression</target>
   </keywords>
</keywords>