<?xml version="1.0" encoding="UTF-8"?>
<keywords>
   <keywords>
      <text FeatureID="-1">lire un fichier Flash</text>
      <target FeatureID="-1" href="FLITE_HLP_STOPPED.html">Terminer la lecture Flash</target>
      <target FeatureID="-1" href="FLITE_HLP_VIEWER_PAUSED.html">Suspendre la lecture des fichiers Flash</target>
      <target FeatureID="-1" href="FLITE_HLP_VIEWER_PLAY.html">Lire des fichiers Flash</target>
   </keywords>
   <keywords>
      <text FeatureID="-1">Lecteur Flash</text>
      <target FeatureID="-1" href="FLITE_HLP_STOPPED.html">Terminer la lecture Flash</target>
      <target FeatureID="-1" href="FLITE_HLP_VIEWER_PAUSED.html">Suspendre la lecture des fichiers Flash</target>
      <target FeatureID="-1" href="FLITE_HLP_VIEWER_PLAY.html">Lire des fichiers Flash</target>
   </keywords>
</keywords>