<?xml version="1.0" encoding="UTF-8"?><?xml-stylesheet  href="../../theme/xsl/index2html.xslt" type="text/xsl"?>
<topics FeatureID="-1" title="E-mail" compressed="true">
   <topicref FeatureID="-1" href="MBXS_HLP_SETT_DOWNL_CTRL.html" navtitle="Hentning af e-mails"/>
   <topicref FeatureID="-1" href="MBXS_HLP_SETT_DOWNL_RETR.html" navtitle="Antal e-mails, der skal hentes"/>
   <topicref FeatureID="-1" href="MBXS_HLP_SETT_MBX_IN.html" navtitle="Indgående e-mails"/>
   <topicref FeatureID="-1" href="MBXS_HLP_SETT_MBX_IN_OUT.html" navtitle="Forbindelses­indstillinger"/>
   <topicref FeatureID="-1" href="MBXS_HLP_SETT_MBX_OUT.html" navtitle="Indstil. for udgående e-mails"/>
   <topicref FeatureID="-1" href="MCE_HLP_SETTINGS_EMAIL.html" navtitle="E-mail-indstillinger"/>
   <topicref FeatureID="-1" href="MCE_HLP_SETT_EMAILMAIN.html" navtitle="Redigere postkasser"/>
   <topicref FeatureID="-1" href="MCE_HLP_SETT_MAILBLIST.html" navtitle="Postkasser"/>
   <topicref FeatureID="-1" href="MCE_HLP_SETT_MAILFOLDER_UPD.html" navtitle="Mapper i postkassen"/>
   <topicref FeatureID="true_1633" href="MCE_HLP_SETT_MAIL_ONLI.html" navtitle="Automatisk hentning"/>
   <topicref FeatureID="-1" href="MCE_HLP_SETT_MAIL_USER.html" navtitle="Bruger­indstillinger"/>
   <topicref FeatureID="true_44" href="MCE_HLP_SETT_SMAILBOX.html" navtitle="Synk.post­kasse­indstillinger"/>
   <topicref FeatureID="-1" href="MCE_HLP_MAILBOX_OFFLINE.html" navtitle="Offline-e-mails"/>
   <topicref FeatureID="-1" href="MCE_HLP_MAILBOX_ONLINE.html" navtitle="Online-e-mails"/>
</topics>