<?xml version="1.0" encoding="UTF-8"?>
<keywords>
   <keywords>
      <text FeatureID="-1">e-mail-indstillinger</text>
      <target FeatureID="-1" href="MBXS_HLP_SETT_DOWNL_CTRL.html">Hentning af e-mails</target>
      <target FeatureID="-1" href="MBXS_HLP_SETT_DOWNL_RETR.html">Antal e-mails, der skal hentes</target>
      <target FeatureID="-1" href="MBXS_HLP_SETT_MBX_IN.html">Indgående e-mails</target>
      <target FeatureID="-1" href="MBXS_HLP_SETT_MBX_IN_OUT.html">Forbindelses­indstillinger</target>
      <target FeatureID="-1" href="MBXS_HLP_SETT_MBX_OUT.html">Indstil. for udgående e-mails</target>
      <target FeatureID="-1" href="MCE_HLP_SETTINGS_EMAIL.html">E-mail-indstillinger</target>
      <target FeatureID="-1" href="MCE_HLP_SETT_EMAILMAIN.html">Redigere postkasser</target>
      <target FeatureID="-1" href="MCE_HLP_SETT_MAILBLIST.html">Postkasser</target>
      <target FeatureID="-1" href="MCE_HLP_SETT_MAILFOLDER_UPD.html">Mapper i postkassen</target>
      <target FeatureID="true_1633" href="MCE_HLP_SETT_MAIL_ONLI.html">Automatisk hentning</target>
   </keywords>
   <keywords>
      <text FeatureID="-1">postkasse­indstillinger</text>
      <target FeatureID="-1" href="MCE_HLP_SETT_EMAILMAIN.html">Redigere postkasser</target>
   </keywords>
   <keywords>
      <text FeatureID="-1">postkasse</text>
      <target FeatureID="-1" href="MCE_HLP_SETT_MAILBLIST.html">Postkasser</target>
      <target FeatureID="-1" href="MCE_HLP_MAILBOX_ONLINE.html">Online-e-mails</target>
   </keywords>
   <keywords>
      <text FeatureID="-1">mapper i postkassen</text>
      <target FeatureID="-1" href="MCE_HLP_SETT_MAILFOLDER_UPD.html">Mapper i postkassen</target>
   </keywords>
   <keywords>
      <text FeatureID="-1">bruger­indstillinger</text>
      <target FeatureID="-1" href="MCE_HLP_SETT_MAIL_USER.html">Bruger­indstillinger</target>
   </keywords>
   <keywords>
      <text FeatureID="true_44">synk.­post­kasse­indstillinger</text>
      <target FeatureID="true_44" href="MCE_HLP_SETT_SMAILBOX.html">Synk.post­kasse­indstillinger</target>
   </keywords>
   <keywords>
      <text FeatureID="true_44">e-mail-synk.­indstil.</text>
      <target FeatureID="true_44" href="MCE_HLP_SETT_SMAILBOX.html">Synk.post­kasse­indstillinger</target>
   </keywords>
   <keywords>
      <text FeatureID="-1">offline, e-mails</text>
      <target FeatureID="-1" href="MCE_HLP_MAILBOX_OFFLINE.html">Offline-e-mails</target>
   </keywords>
   <keywords>
      <text FeatureID="-1">forbindelse til postkasse</text>
      <target FeatureID="-1" href="MCE_HLP_MAILBOX_ONLINE.html">Online-e-mails</target>
   </keywords>
   <keywords>
      <text FeatureID="-1">e-mails, online</text>
      <target FeatureID="-1" href="MCE_HLP_MAILBOX_ONLINE.html">Online-e-mails</target>
   </keywords>
   <keywords>
      <text FeatureID="-1">online, e-mails</text>
      <target FeatureID="-1" href="MCE_HLP_MAILBOX_ONLINE.html">Online-e-mails</target>
   </keywords>
</keywords>