<?xml version="1.0" encoding="UTF-8"?>
<keywords>
   <keywords>
      <text FeatureID="-1">mengedit foto</text>
      <target FeatureID="-1" href="SIE_HLP_MAIN.html">Mengedit foto</target>
   </keywords>
   <keywords>
      <text FeatureID="-1">mengedit teks</text>
      <target FeatureID="-1" href="SIE_HLP_EDIT_TEXT.html">Mengedit teks dalam foto</target>
   </keywords>
   <keywords>
      <text FeatureID="-1">editor foto</text>
      <target FeatureID="-1" href="SIE_HLP_EDIT_TEXT.html">Mengedit teks dalam foto</target>
   </keywords>
   <keywords>
      <text FeatureID="-1">mengedit foto yang di-zoom</text>
      <target FeatureID="-1" href="SIE_HLP_ZOOMING.html">Mengedit foto yang di-zoom</target>
   </keywords>
   <keywords>
      <text FeatureID="-1">men-zoom foto</text>
      <target FeatureID="-1" href="SIE_HLP_ZOOMING.html">Mengedit foto yang di-zoom</target>
   </keywords>
   <keywords>
      <text FeatureID="-1">mengedit clip art</text>
      <target FeatureID="-1" href="SIE_HLP_EDIT_CLIPART.html">Mengedit clip art</target>
   </keywords>
   <keywords>
      <text FeatureID="-1">mengedit balon kata</text>
      <target FeatureID="-1" href="SIE_HLP_EDIT_CLIPART.html">Mengedit clip art</target>
   </keywords>
   <keywords>
      <text FeatureID="-1">mengurangi efek mata merah</text>
      <target FeatureID="-1" href="SIE_HLP_REDEYE.html">Mengurangi efek mata merah</target>
   </keywords>
</keywords>