<?xml version="1.0" encoding="UTF-8"?>
<keywords>
   <keywords>
      <text FeatureID="-1">entradas de aniversario, creación</text>
      <target FeatureID="-1" href="FSCA_HLP_ANNIVERSARY_EDITOR.html">Crear entradas de aniversarios</target>
   </keywords>
   <keywords>
      <text FeatureID="-1">entradas de reunión, creación</text>
      <target FeatureID="-1" href="FSCA_HLP_CALE_MEETING_EDITOR.html">Crear entradas de reunión</target>
   </keywords>
   <keywords>
      <text FeatureID="-1">entradas de memorándum, creación</text>
      <target FeatureID="-1" href="FSCA_HLP_MEMO_EDITOR.html">Creación de entradas de memorándum</target>
   </keywords>
   <keywords>
      <text FeatureID="-1">entradas de tareas, creación</text>
      <target FeatureID="-1" href="FSCA_HLP_TODO_EDITOR.html">Creación de entradas de tareas</target>
   </keywords>
   <keywords>
      <text FeatureID="-1">entradas de reunión, edición</text>
      <target FeatureID="-1" href="FSCA_HLP_CALE_MEETING_VIEWER.html">Edición de entradas de reunión</target>
   </keywords>
   <keywords>
      <text FeatureID="-1">entradas de memorándum, edición</text>
      <target FeatureID="-1" href="FSCA_HLP_MEMO_VIEWER.html">Editar entradas de memorándum</target>
   </keywords>
   <keywords>
      <text FeatureID="-1">entradas de tareas, edición</text>
      <target FeatureID="-1" href="FSCA_HLP_TODO_VIEWER.html">Editar tareas</target>
   </keywords>
   <keywords>
      <text FeatureID="-1">entradas de aniversario, ver</text>
      <target FeatureID="-1" href="FSCA_HLP_ANNI_VIEWER.html">Editar entradas de aniversario</target>
   </keywords>
   <keywords>
      <text FeatureID="-1">peticiones de reunión, edición de respuestas</text>
      <target FeatureID="-1" href="FSCA_HLP_RESPONSE_EDITOR.html">Edite su respuesta</target>
   </keywords>
   <keywords>
      <text FeatureID="-1">peticiones de reunión, gestionar</text>
      <target FeatureID="-1" href="FSCA_HLP_VIEWER_ORGANIZER.html">Gestione las peticiones de reunión</target>
   </keywords>
   <keywords>
      <text FeatureID="-1">peticiones de reunión, edición</text>
      <target FeatureID="-1" href="MEET_REQ_HLP_EDITOR.html">Peticiones de reunión recibidas</target>
   </keywords>
   <keywords>
      <text FeatureID="-1">peticiones de reunión, respuesta</text>
      <target FeatureID="-1" href="FSCA_HLP_VIEWER.html">Respuesta a las peticiones de reunión</target>
   </keywords>
   <keywords>
      <text FeatureID="-1">guía</text>
      <target FeatureID="-1" href="RLOOK_HLP_INFO_VIEW.html">Gestión del contacto encontrado</target>
   </keywords>
   <keywords>
      <text FeatureID="-1">guía, buscar</text>
      <target FeatureID="-1" href="RLOOK_HLP_RESULT_VIEW.html">Resultados de búsqueda</target>
   </keywords>
   <keywords>
      <text FeatureID="-1">correo electrónico, adjuntos</text>
      <target FeatureID="-1" href="FSE_HLP_ATTACHMENT_LIST_EDITOR.html">Adición de adjuntos</target>
   </keywords>
   <keywords>
      <text FeatureID="-1">correo electrónico borrado</text>
      <target FeatureID="-1" href="FSE_HLP_MESSAGE_LIST_DELETED.html">Correos electrónicos eliminados</target>
   </keywords>
   <keywords>
      <text FeatureID="-1">descarga de archivo adjunto de correo electrónico</text>
      <target FeatureID="-1" href="FSE_HLP_ATTACHMENT_LIST.html">Descarga de archivos adjuntos</target>
   </keywords>
   <keywords>
      <text FeatureID="-1">borrador de correo electrónico</text>
      <target FeatureID="-1" href="FSE_HLP_MESSAGE_LIST_DRAFTS.html">Borradores de correo electrónico</target>
   </keywords>
   <keywords>
      <text FeatureID="-1">Correo electrónico de Nokia</text>
      <target FeatureID="-1" href="FSE_HLP_LAUNCHER_GRID.html">Correo electrónico de Nokia</target>
   </keywords>
   <keywords>
      <text FeatureID="-1">correo electrónico</text>
      <target FeatureID="-1" href="FSE_HLP_LAUNCHER_GRID.html">Correo electrónico de Nokia</target>
   </keywords>
   <keywords>
      <text FeatureID="-1">carpetas de correo electrónico</text>
      <target FeatureID="-1" href="FSE_HLP_FOLDER_LIST.html">Carpetas de correo electrónico</target>
      <target FeatureID="-1" href="FSE_HLP_SETT_IMAP_SUBSCR.html">Suscribirse a las carpetas</target>
      <target FeatureID="-1" href="FSE_HLP_MESSAGE_LIST_INBOX.html">Trabaje con las carpetas de correo electrónico</target>
   </keywords>
   <keywords>
      <text FeatureID="-1">ajustes de correo</text>
      <target FeatureID="-1" href="FSE_HLP_LAUNCHER_SETTINGS.html">Ajustes del correo general</target>
      <target FeatureID="-1" href="FSE_HLP_POP_IMAP_SETT_MAIN.html">Ajustes de correo electrónico</target>
      <target FeatureID="-1" href="FSE_HLP_IMS_SETTINGS_MAIN_VIEW.html">Ajustes de correo electrónico</target>
      <target FeatureID="-1" href="FSE_HLP_MFE_SETTINGS_MAIN_VIEW.html">Ajustes de correo electrónico</target>
   </keywords>
   <keywords>
      <text FeatureID="-1">ajustes globales de correo electrónico</text>
      <target FeatureID="-1" href="FSE_HLP_SETTINGS_GLOBAL.html">Ajustes globales de correo electrónico</target>
   </keywords>
   <keywords>
      <text FeatureID="-1">correo HTML</text>
      <target FeatureID="-1" href="FS_VIEWER_HLP_HTML_VIEW.html">Correo electrónico HTML</target>
   </keywords>
   <keywords>
      <text FeatureID="-1">ajustes avanzados de correo electrónico</text>
      <target FeatureID="-1" href="FSE_HLP_POP_IMAP_SETT_ADV.html">Ajustes avanzados del correo</target>
   </keywords>
   <keywords>
      <text FeatureID="-1">ajustes de correo electrónico entrante</text>
      <target FeatureID="-1" href="FSE_HLP_POP_IMAP_SETT_INCOMING.html">Ajustes del correo electrónico entrante</target>
   </keywords>
   <keywords>
      <text FeatureID="-1">ajustes de correo electrónico saliente</text>
      <target FeatureID="-1" href="FSE_HLP_POP_IMAP_SETT_OUTGOING.html">Correo electrónico saliente</target>
   </keywords>
   <keywords>
      <text FeatureID="-1">sincronización de correo electrónico</text>
      <target FeatureID="-1" href="FSE_HLP_POP_IMAP_SETT_WHAT.html">Seleccione el contenido de sincronización</target>
   </keywords>
   <keywords>
      <text FeatureID="-1">hora de sincronización del correo electrónico</text>
      <target FeatureID="-1" href="FSE_HLP_POP_IMAP_SETT_WHEN.html">Seleccione la hora de sincronización </target>
      <target FeatureID="-1" href="FSE_HLP_IMS_SETTINGS_WHEN_SYNC.html">Defina la hora de sincronización</target>
      <target FeatureID="-1" href="FSE_HLP_MFE_SETTINGS_WHEN_SYNC.html">Elija la hora de sincronización</target>
      <target FeatureID="-1" href="FSE_HLP_SETTINGS_WHEN_SYNC.html">Hora de sincronización</target>
   </keywords>
   <keywords>
      <text FeatureID="-1">ajustes de cuenta de correo electrónico</text>
      <target FeatureID="-1" href="FSE_HLP_IMS_SETTINGS_ACCT_INFO.html">Ajustes de cuentas de correo electrónico</target>
   </keywords>
   <keywords>
      <text FeatureID="-1">ajustes avanzados de buzón</text>
      <target FeatureID="-1" href="FSE_HLP_IMS_SETTINGS_ADVANCED.html">Ajustes avanzados del buzón</target>
      <target FeatureID="-1" href="FSE_HLP_MFE_SETTINGS_ADVANCED.html">Ajustes avanzados del buzón</target>
   </keywords>
   <keywords>
      <text FeatureID="-1">ajustes de buzón de correo</text>
      <target FeatureID="-1" href="FSE_HLP_IMS_SETTINGS_MAILBOX.html">Ajustes de buzón</target>
      <target FeatureID="-1" href="FSE_HLP_MFE_SETTINGS_MAILBOX.html">Ajustes generales del buzón</target>
   </keywords>
   <keywords>
      <text FeatureID="-1">contenido de la sincronización de correo electrónico</text>
      <target FeatureID="-1" href="FSE_HLP_IMS_SETTINGS_WHAT_SYNC.html">Defina el contenido de sincronización</target>
      <target FeatureID="-1" href="FSE_HLP_MFE_SETTINGS_WHAT_SYNC.html">Elija el contenido de sincronización</target>
   </keywords>
   <keywords>
      <text FeatureID="-1">sincronización de la carpeta de correo electrónico</text>
      <target FeatureID="-1" href="FSE_HLP_IMS_SETTINGS_FOLDER.html">Sincronización de las carpetas de correo electrónico</target>
      <target FeatureID="-1" href="FSE_HLP_MFE_SETTINGS_FOLDER.html">Ajustes para la sincronización</target>
   </keywords>
   <keywords>
      <text FeatureID="-1">ajustes de servicios de correo electrónico</text>
      <target FeatureID="-1" href="FSE_HLP_SETTINGS_INTELL_LIST.html">Ajustes del servicio de correo electrónico</target>
   </keywords>
   <keywords>
      <text FeatureID="-1">Intellisync</text>
      <target FeatureID="-1" href="FSE_HLP_IMS_LAUNCHER_MAIN_VIEW.html">Correo electrónico Intellisync</target>
   </keywords>
   <keywords>
      <text FeatureID="-1">Mail for Exchange</text>
      <target FeatureID="-1" href="FSE_HLP_MFE_LAUNCHER_MAIN_VIEW.html">Correo electrónico Mail for Exchange</target>
   </keywords>
   <keywords>
      <text FeatureID="-1">detalles de correo electrónico</text>
      <target FeatureID="-1" href="FS_VIEWER_HLP_DETAILS_VIEW.html">Detalles de mensaje </target>
   </keywords>
   <keywords>
      <text FeatureID="-1">ajustes de sincronización de correo electrónico</text>
      <target FeatureID="-1" href="FSE_HLP_MFE_SETTINGS_PIM_APPS.html">Ajustes de sincronización de aplicación</target>
   </keywords>
   <keywords>
      <text FeatureID="-1">sincronización de la agenda</text>
      <target FeatureID="-1" href="FSE_HLP_MFE_CALENDAR_APP.html">Ajustes de sincronización de la agenda</target>
   </keywords>
   <keywords>
      <text FeatureID="-1">sincronización de contactos,</text>
      <target FeatureID="-1" href="FSE_HLP_MFE_CONTACTS_APP.html">Ajustes de sincronización de contactos</target>
   </keywords>
   <keywords>
      <text FeatureID="-1">sincronización de entrada de tarea</text>
      <target FeatureID="-1" href="FSE_HLP_MFE_TASKS_APP.html">Ajustes de sincronización de tareas</target>
   </keywords>
   <keywords>
      <text FeatureID="-1">sin mensajes de correo electrónico</text>
      <target FeatureID="-1" href="FSE_HLP_MESSAGE_LIST_EMPTY.html">Número de mensajes</target>
   </keywords>
   <keywords>
      <text FeatureID="-1">buzón de salida de correo electrónico</text>
      <target FeatureID="-1" href="FSE_HLP_MESSAGE_LIST_OUTBOX.html">Trabajo con el buzón de salida</target>
   </keywords>
   <keywords>
      <text FeatureID="-1">peticiones de reunión</text>
      <target FeatureID="-1" href="FS_VIEWER_HLP_MEETING_REQ_VIEW.html">Petición de reunión</target>
   </keywords>
   <keywords>
      <text FeatureID="-1">búsqueda de correo electrónico</text>
      <target FeatureID="-1" href="FSE_HLP_MESSAGE_LIST_SEARCHING.html">Buscar correo electrónico</target>
   </keywords>
   <keywords>
      <text FeatureID="-1">resultados de búsqueda de correo electrónico</text>
      <target FeatureID="-1" href="FSE_HLP_MESSAGE_LIST_SEARCHED.html">Resultados de la búsqueda</target>
   </keywords>
   <keywords>
      <text FeatureID="-1">envío de correo electrónico</text>
      <target FeatureID="-1" href="FS_EDITOR_HLP_MAIN_VIEW.html">Envío de correo electrónico</target>
   </keywords>
   <keywords>
      <text FeatureID="-1">Servicio PIM</text>
      <target FeatureID="-1" href="FSE_HLP_SETTINGS_PIM_VIEW.html">Servicio de PIM</target>
   </keywords>
   <keywords>
      <text FeatureID="-1">aplicaciones de sincronización</text>
      <target FeatureID="-1" href="FSE_HLP_SETTINGS_APPLICATIONS.html">sincronización de aplicaciones</target>
   </keywords>
   <keywords>
      <text FeatureID="-1">adjuntos correo</text>
      <target FeatureID="-1" href="FSE_HLP_ATTACHMENT_DOWNLOAD.html">Vista de descargas de adjuntos</target>
   </keywords>
   <keywords>
      <text FeatureID="-1">correo electrónico recibido</text>
      <target FeatureID="-1" href="FS_VIEWER_HLP_MAIN_VIEW.html">Trabajar con un correo electrónico recibido</target>
   </keywords>
</keywords>