<?xml version="1.0" encoding="UTF-8"?>
<keywords>
   <keywords>
      <text FeatureID="-1">punti di riferimento, categorie</text>
      <target FeatureID="-1" href="LM_HLP_LM_BY_CATEGORY.html">Categorie di punti di riferimento</target>
      <target FeatureID="-1" href="LM_HLP_EDIT_CATEGORIES.html">Modificare le categorie dei punti di riferimento</target>
   </keywords>
   <keywords>
      <text FeatureID="-1">punti di riferimento</text>
      <target FeatureID="-1" href="LM_HLP_LM_BY_NAME.html">Vista punti di riferimento per nome</target>
      <target FeatureID="-1" href="LM_HLP_CATEGORY_CONTENTS.html">Punti riferimento in categorie</target>
      <target FeatureID="-1" href="LM_HLP_LM_VIEWER.html">Punti di riferimento in dettaglio</target>
   </keywords>
   <keywords>
      <text FeatureID="-1">modifica dei punti di riferimento</text>
      <target FeatureID="-1" href="LM_HLP_LM_EDITOR.html">Modificare i punti di riferimento</target>
   </keywords>
</keywords>