<?xml version="1.0" encoding="UTF-8"?>
<keywords>
   <keywords>
      <text FeatureID="-1">axustes, tapa deslizante</text>
      <target FeatureID="-1" href="SET_HLP_SETTINGS_KEYPAD_COVER.html">Axustes do uso da tapa deslizante</target>
   </keywords>
   <keywords>
      <text FeatureID="-1">axustes da tapa deslizante</text>
      <target FeatureID="-1" href="SET_HLP_SETTINGS_KEYPAD_COVER.html">Axustes do uso da tapa deslizante</target>
   </keywords>
   <keywords>
      <text FeatureID="-1">xestión do dispositivo</text>
      <target FeatureID="-1" href="CP_HLP_DEVICE_MANAGEMENT.html">Xestión do dispositivo</target>
   </keywords>
   <keywords>
      <text FeatureID="true_109">EAP (Protocolo de autenticación extensible)</text>
      <target FeatureID="true_109" href="SET_HLP_WLAN_EAP_SIM.html">Axustes EAP-SIM</target>
   </keywords>
   <keywords>
      <text FeatureID="true_109">axustes, WLAN</text>
      <target FeatureID="true_109" href="SET_HLP_WLAN_EAP_SIM.html">Axustes EAP-SIM</target>
   </keywords>
   <keywords>
      <text FeatureID="-1">restrición de puntos de acceso WLAN</text>
      <target FeatureID="-1" href="ACL_HLP_MAIN.html">Restrición de conexións</target>
   </keywords>
   <keywords>
      <text FeatureID="-1">axustes de conexión</text>
      <target FeatureID="-1" href="SIP_HLP_PROF_PARAMS.html">Axustes de perfil de SIP</target>
      <target FeatureID="-1" href="SIP_HLP_MAIN.html">Perfís de SIP</target>
      <target FeatureID="-1" href="SET_HLP_CONN_DEST_VIEW.html">Vista destinos</target>
      <target FeatureID="-1" href="SET_HLP_DEFAULT_CONN.html">Conexión predet.</target>
      <target FeatureID="-1" href="SET_HLP_CONN_METHODS_VIEW.html">Vista de puntos de acceso</target>
      <target FeatureID="true_1581" href="RD_HLP_REMOTE_DRIVE_CONFIG.html">Axustes de unidade remota</target>
      <target FeatureID="true_1581" href="RD_HLP_REMOTE_DRIVES.html">Unidades remotas</target>
   </keywords>
   <keywords>
      <text FeatureID="-1">Axustes de SIP</text>
      <target FeatureID="-1" href="SIP_HLP_PROF_PARAMS.html">Axustes de perfil de SIP</target>
      <target FeatureID="-1" href="SIP_HLP_MAIN.html">Perfís de SIP</target>
      <target FeatureID="-1" href="SIP_HLP_PROXY_PARAMS.html">Axustes de proxy SIP</target>
      <target FeatureID="-1" href="SIP_HLP_REGISTRAR_PARAM.html">Axustes de servidor de rexistro</target>
   </keywords>
   <keywords>
      <text FeatureID="-1">servidor rexistro</text>
      <target FeatureID="-1" href="SIP_HLP_REGISTRAR_PARAM.html">Axustes de servidor de rexistro</target>
   </keywords>
   <keywords>
      <text FeatureID="-1">puntos de acceso</text>
      <target FeatureID="-1" href="HLP_OCC_CONN_SETTINGS.html">Conexións de rede</target>
      <target FeatureID="-1" href="SET_HLP_CONN_METHODS_VIEW.html">Vista de puntos de acceso</target>
      <target FeatureID="-1" href="SET_HLP_AP_SETTING_GPRS.html">Punto de acceso de paquete de datos</target>
      <target FeatureID="true_109" href="SET_HLP_AP_SETTING_WLAN.html">Punto de acceso WLAN</target>
   </keywords>
   <keywords>
      <text FeatureID="-1">axustes, conexión</text>
      <target FeatureID="-1" href="HLP_OCC_CONN_SETTINGS.html">Conexións de rede</target>
   </keywords>
   <keywords>
      <text FeatureID="-1">axustes de destino</text>
      <target FeatureID="-1" href="SET_HLP_CONN_DEST_VIEW.html">Vista destinos</target>
   </keywords>
   <keywords>
      <text FeatureID="-1">conexión predeterminada</text>
      <target FeatureID="-1" href="SET_HLP_DEFAULT_CONN.html">Conexión predet.</target>
   </keywords>
   <keywords>
      <text FeatureID="-1">Puntos de acceso VPN</text>
      <target FeatureID="true_99" href="SET_HLP_VPN_DEST_ASSOC_VIEW.html">Conexións de VPN</target>
      <target FeatureID="-1" href="SET_HLP_VPN_AP_SETTINGS_VIEW.html">Editar puntos de acceso VPN</target>
   </keywords>
   <keywords>
      <text FeatureID="-1">conexións de aplicacións</text>
      <target FeatureID="-1" href="SET_HLP_APP_DEST_ASSOC_VIEW.html">Conexións de aplicacións</target>
   </keywords>
   <keywords>
      <text FeatureID="-1">axustes da aplicación</text>
      <target FeatureID="-1" href="CP_HLP_APPILICATION_SETTINGS.html">Axustes da aplicación</target>
   </keywords>
   <keywords>
      <text FeatureID="-1">chamadas, axustes</text>
      <target FeatureID="-1" href="SCP_HLP_CALL.html">Axustes de chamada</target>
   </keywords>
   <keywords>
      <text FeatureID="-1">axustes, chamadas</text>
      <target FeatureID="-1" href="SCP_HLP_CALL.html">Axustes de chamada</target>
   </keywords>
   <keywords>
      <text FeatureID="-1">conectividade</text>
      <target FeatureID="-1" href="CP_HLP_CONNECTIVITY.html">Axustes de conectividade</target>
   </keywords>
   <keywords>
      <text FeatureID="-1">Panel de control</text>
      <target FeatureID="-1" href="CP_HLP_DISPLAY.html">Axustes da pantalla</target>
      <target FeatureID="__DUAL_LANGUAGE_SUPPORT=true" href="CP_HLP_WRITING_LANGUAGE.html">Idioma escritura</target>
   </keywords>
   <keywords>
      <text FeatureID="-1">axustes da pantalla</text>
      <target FeatureID="-1" href="CP_HLP_DISPLAY.html">Axustes da pantalla</target>
   </keywords>
   <keywords>
      <text FeatureID="-1">axustes xerais</text>
      <target FeatureID="-1" href="CP_HLP_DEVICE.html">Axustes do dispositivo</target>
   </keywords>
   <keywords>
      <text FeatureID="-1">axustes do dispositivo</text>
      <target FeatureID="-1" href="CP_HLP_DEVICE.html">Axustes do dispositivo</target>
   </keywords>
   <keywords>
      <text FeatureID="-1">axustes de idioma</text>
      <target FeatureID="-1" href="CP_HLP_LANGUAGE.html">Axustes de idioma</target>
   </keywords>
   <keywords>
      <text FeatureID="-1">axustes</text>
      <target FeatureID="-1" href="CP_HLP_MAIN_VIEW.html">Axustes</target>
   </keywords>
   <keywords>
      <text FeatureID="-1">axustes de rede</text>
      <target FeatureID="-1" href="CP_HLP_NETWORK.html">Axustes de rede</target>
      <target FeatureID="-1" href="CP_HLP_NETWORK.html">Axustes de rede</target>
   </keywords>
   <keywords>
      <text FeatureID="-1">perfil</text>
      <target FeatureID="-1" href="CP_HLP_PERSONAL.html">Vista persoal</target>
   </keywords>
   <keywords>
      <text FeatureID="-1">tema</text>
      <target FeatureID="-1" href="CP_HLP_PERSONAL.html">Vista persoal</target>
   </keywords>
   <keywords>
      <text FeatureID="-1">espera</text>
      <target FeatureID="-1" href="CP_HLP_PERSONAL.html">Vista persoal</target>
   </keywords>
   <keywords>
      <text FeatureID="-1">seguridade, axustes</text>
      <target FeatureID="-1" href="CP_HLP_SECURITY.html">Axustes de seguridade</target>
   </keywords>
   <keywords>
      <text FeatureID="-1">axustes, seguridade</text>
      <target FeatureID="-1" href="CP_HLP_SECURITY.html">Axustes de seguridade</target>
   </keywords>
   <keywords>
      <text FeatureID="-1">dispositivo, bloqueo</text>
      <target FeatureID="-1" href="SET_HLP_SECURITY_DEVICE_SIM.html">Seguridade do dispositivo</target>
   </keywords>
   <keywords>
      <text FeatureID="-1">seguridade</text>
      <target FeatureID="-1" href="SET_HLP_SECURITY_DEVICE_SIM.html">Seguridade do dispositivo</target>
   </keywords>
   <keywords>
      <text FeatureID="__DUAL_LANGUAGE_SUPPORT=true">idioma de escritura</text>
      <target FeatureID="__DUAL_LANGUAGE_SUPPORT=true" href="CP_HLP_WRITING_LANGUAGE.html">Idioma escritura</target>
   </keywords>
   <keywords>
      <text FeatureID="-1">Axustes dos accesorios</text>
      <target FeatureID="-1" href="SET_HLP_ACCESSORIES_LIST.html">Axustes dos accesorios</target>
      <target FeatureID="-1" href="SET_HLP_ACCESSORIES_HEADPHONE.html">Axustes de auricular</target>
      <target FeatureID="-1" href="SET_HLP_ACCESSORIES_HEADSET.html">Axustes de ML portátil</target>
      <target FeatureID="-1" href="SET_HLP_ACCESS_WIRED_CK.html">Axustes de kit para vehículo con cable</target>
      <target FeatureID="true_1032" href="SET_HLP_ACCESSORIES_TTY.html">Axustes de DTS</target>
      <target FeatureID="true_1540" href="SET_HLP_ACCESSORIES_TVOUT.html">Axustes de saída de TV</target>
   </keywords>
   <keywords>
      <text FeatureID="-1">punto de acceso de paquete de datos</text>
      <target FeatureID="-1" href="SET_HLP_AP_SETTING_GPRS.html">Punto de acceso de paquete de datos</target>
   </keywords>
   <keywords>
      <text FeatureID="-1">axustes de paquetes de datos</text>
      <target FeatureID="-1" href="SET_HLP_AP_SETTING_GPRS_AS.html">Axust. av. paq. datos</target>
   </keywords>
   <keywords>
      <text FeatureID="-1">puntos de acceso de paquete de datos</text>
      <target FeatureID="-1" href="SET_HLP_AP_SETTING_GPRS_AS.html">Axust. av. paq. datos</target>
   </keywords>
   <keywords>
      <text FeatureID="-1">VPN (rede privada virtual)</text>
      <target FeatureID="-1" href="SET_HLP_VPN_AP_SETTINGS_VIEW.html">Editar puntos de acceso VPN</target>
   </keywords>
   <keywords>
      <text FeatureID="true_109">WLAN (wireless local area network, rede de área local sen fíos)</text>
      <target FeatureID="true_109" href="SET_HLP_AP_SETTING_WLAN.html">Punto de acceso WLAN</target>
   </keywords>
   <keywords>
      <text FeatureID="-1">bloqueo do teclado</text>
      <target FeatureID="-1" href="CP_HLP_AUTOKEYGUARD.html">Bloqueo do teclado automático</target>
   </keywords>
   <keywords>
      <text FeatureID="true_1581">unidades remotas</text>
      <target FeatureID="true_1581" href="RD_HLP_REMOTE_DRIVE_CONFIG.html">Axustes de unidade remota</target>
      <target FeatureID="true_1581" href="RD_HLP_REMOTE_DRIVES.html">Unidades remotas</target>
   </keywords>
   <keywords>
      <text FeatureID="-1">restrición de chamadas</text>
      <target FeatureID="-1" href="SET_HLP_BARRING_SETTINGS.html">Restrición de chamadas de teléfono</target>
      <target FeatureID="-1" href="SET_HLP_BARRING_SETTINGS.html">Restrición de chamadas de teléfono</target>
      <target FeatureID="true_298" href="DIV_HLP_BARRING_MAIN.html">Restrición de chamadas</target>
      <target FeatureID="true_298" href="DIV_HLP_BARRING_MAIN.html">Restrición de chamadas</target>
   </keywords>
   <keywords>
      <text FeatureID="true_89">desvío de chamadas</text>
      <target FeatureID="true_89" href="DIV_HLP_CALL_FORW_VID.html">Desvío de videochamadas</target>
   </keywords>
   <keywords>
      <text FeatureID="-1">desvíos de chamadas</text>
      <target FeatureID="-1" href="DIV_HLP_CALL_FORW_MAIN.html">Desvíos</target>
      <target FeatureID="-1" href="DIV_HLP_CALL_FORW_VOI.html">Desvío de chamadas de voz</target>
   </keywords>
   <keywords>
      <text FeatureID="-1">reenvío de chamadas</text>
      <target FeatureID="-1" href="DIV_HLP_CALL_FORW_MAIN.html">Desvíos</target>
   </keywords>
   <keywords>
      <text FeatureID="-1">axustes de sincronización</text>
      <target FeatureID="-1" href="CP_HLP_SYNCHRONISATION.html">Axustes de sincronización</target>
   </keywords>
   <keywords>
      <text FeatureID="-1">instalación de aplicacións</text>
      <target FeatureID="-1" href="CP_HLP_INSTALLATIONS.html">Instalacións</target>
   </keywords>
   <keywords>
      <text FeatureID="-1">axustes de auricular</text>
      <target FeatureID="-1" href="SET_HLP_ACCESSORIES_HEADPHONE.html">Axustes de auricular</target>
   </keywords>
   <keywords>
      <text FeatureID="-1">axustes de ML portátil</text>
      <target FeatureID="-1" href="SET_HLP_ACCESSORIES_HEADSET.html">Axustes de ML portátil</target>
   </keywords>
   <keywords>
      <text FeatureID="-1">axustes de kit para vehículo con cable</text>
      <target FeatureID="-1" href="SET_HLP_ACCESS_WIRED_CK.html">Axustes de kit para vehículo con cable</target>
   </keywords>
   <keywords>
      <text FeatureID="-1">axustes de kit para vehículo</text>
      <target FeatureID="-1" href="SET_HLP_ACCESS_WIRED_CK.html">Axustes de kit para vehículo con cable</target>
   </keywords>
   <keywords>
      <text FeatureID="-1">axustes de soporte de música</text>
      <target FeatureID="-1" href="SET_HLP_ACCESSORIES_MUSIC_ST.html">Axustes de soporte de música</target>
   </keywords>
   <keywords>
      <text FeatureID="true_1032">Axustes de DTS</text>
      <target FeatureID="true_1032" href="SET_HLP_ACCESSORIES_TTY.html">Axustes de DTS</target>
      <target FeatureID="true_1032" href="SET_HLP_ACCESSORIES_TTY.html">Axustes de DTS</target>
   </keywords>
   <keywords>
      <text FeatureID="true_1540">axustes de saída de TV</text>
      <target FeatureID="true_1540" href="SET_HLP_ACCESSORIES_TVOUT.html">Axustes de saída de TV</target>
   </keywords>
   <keywords>
      <text FeatureID="true_410">introdución de texto</text>
      <target FeatureID="true_410" href="PREDINPUT_HLP_VIRT_ITI_SETT.html">Axustes de entrada</target>
   </keywords>
   <keywords>
      <text FeatureID="-1">entrada de texto intelixente</text>
      <target FeatureID="-1" href="PREDINPUT_HLP_VIRTUAL_ITI.html">Entrada de texto intelixente</target>
   </keywords>
   <keywords>
      <text FeatureID="-1">axustes, restablecer</text>
      <target FeatureID="-1" href="SET_HLP_GENERAL_ORIG_SET.html">Recuperar axustes orixinais</target>
   </keywords>
   <keywords>
      <text FeatureID="-1">restablecer axustes</text>
      <target FeatureID="-1" href="SET_HLP_GENERAL_ORIG_SET.html">Recuperar axustes orixinais</target>
   </keywords>
   <keywords>
      <text FeatureID="-1">axustes de fábrica, restablecemento</text>
      <target FeatureID="-1" href="SET_HLP_GENERAL_ORIG_SET.html">Recuperar axustes orixinais</target>
   </keywords>
</keywords>