<?xml version="1.0" encoding="UTF-8"?><?xml-stylesheet  href="../../theme/xsl/index2html.xslt" type="text/xsl"?>
<topics FeatureID="-1" title="Quickoffice" compressed="true">
   <topicref FeatureID="-1" href="QFM_HLP_FILE_MENU.html" navtitle="文件管理"/>
   <topicref FeatureID="-1" href="QFM_HLP_LOC_MENU.html" navtitle="Quickoffice"/>
   <topicref FeatureID="-1" href="QPOINT_HLP_EDIT_SLIDE_VIEW.html" navtitle="编辑幻灯片"/>
   <topicref FeatureID="-1" href="QPOINT_HLP_EDIT_TEXT_VIEW.html" navtitle="编辑文字"/>
   <topicref FeatureID="-1" href="QPOINT_HLP_REPLACE_VIEW.html" navtitle="查找并替换文字"/>
   <topicref FeatureID="-1" href="QPOINT_HLP_FIND_VIEW.html" navtitle="查找文字"/>
   <topicref FeatureID="-1" href="QPOINT_HLP_COMMENT_VIEW.html" navtitle="查看注释"/>
   <topicref FeatureID="-1" href="QPOINT_HLP_VIEW_NOTES_VIEW.html" navtitle="查看备忘"/>
   <topicref FeatureID="-1" href="QPOINT_HLP_VIEW_OUTLINE_VIEW.html" navtitle="查看大纲"/>
   <topicref FeatureID="-1" href="QPOINT_HLP_VIEW_SLIDE_VIEW.html" navtitle="查看幻灯片"/>
   <topicref FeatureID="-1" href="QSHEET_HLP_CELLS_EDIT.html" navtitle="编辑单元格"/>
   <topicref FeatureID="-1" href="QSHEET_HLP_EDIT_COLUMN.html" navtitle="编辑列"/>
   <topicref FeatureID="-1" href="QSHEET_HLP_EDIT_RANGE.html" navtitle="编辑范围"/>
   <topicref FeatureID="-1" href="QSHEET_HLP_EDIT_ROW.html" navtitle="编辑行"/>
   <topicref FeatureID="-1" href="QSHEET_HLP_REPLACE_VIEW.html" navtitle="查找并替换文字"/>
   <topicref FeatureID="-1" href="QSHEET_HLP_FIND_VIEW.html" navtitle="查找文字"/>
   <topicref FeatureID="-1" href="QSHEET_HLP_VIEW_CELL.html" navtitle="查看单元格"/>
   <topicref FeatureID="-1" href="QSHEET_HLP_CELLS_VIEW.html" navtitle="查看电子表格"/>
   <topicref FeatureID="-1" href="QWORD_HLP_EDIT_MODE.html" navtitle="编辑文档"/>
   <topicref FeatureID="-1" href="QWORD_HLP_FIND_MODE.html" navtitle="查找并替换文字"/>
   <topicref FeatureID="-1" href="QWORD_HLP_VIEW_MODE.html" navtitle="查看文档"/>
   <topicref FeatureID="-1" href="QWORD_HLP_PAGE_VIEW.html" navtitle="查看页面版式"/>
</topics>