<?xml version="1.0" encoding="UTF-8"?>
<keywords>
   <keywords>
      <text FeatureID="-1">Quickoffice, 文件管理</text>
      <target FeatureID="-1" href="QFM_HLP_FILE_MENU.html">文件管理</target>
   </keywords>
   <keywords>
      <text FeatureID="-1">Quickoffice</text>
      <target FeatureID="-1" href="QFM_HLP_LOC_MENU.html">Quickoffice</target>
   </keywords>
   <keywords>
      <text FeatureID="-1">Quickpoint</text>
      <target FeatureID="-1" href="QPOINT_HLP_EDIT_SLIDE_VIEW.html">编辑幻灯片</target>
      <target FeatureID="-1" href="QPOINT_HLP_REPLACE_VIEW.html">查找并替换文字</target>
      <target FeatureID="-1" href="QPOINT_HLP_FIND_VIEW.html">查找文字</target>
      <target FeatureID="-1" href="QPOINT_HLP_VIEW_SLIDE_VIEW.html">查看幻灯片</target>
   </keywords>
   <keywords>
      <text FeatureID="-1">Quickpoint, 文本</text>
      <target FeatureID="-1" href="QPOINT_HLP_EDIT_TEXT_VIEW.html">编辑文字</target>
   </keywords>
   <keywords>
      <text FeatureID="-1">Quickpoint, 注释</text>
      <target FeatureID="-1" href="QPOINT_HLP_COMMENT_VIEW.html">查看注释</target>
   </keywords>
   <keywords>
      <text FeatureID="-1">Quickpoint, 备忘</text>
      <target FeatureID="-1" href="QPOINT_HLP_VIEW_NOTES_VIEW.html">查看备忘</target>
   </keywords>
   <keywords>
      <text FeatureID="-1">Quickpoint, 大纲</text>
      <target FeatureID="-1" href="QPOINT_HLP_VIEW_OUTLINE_VIEW.html">查看大纲</target>
   </keywords>
   <keywords>
      <text FeatureID="-1">Quicksheet, 单元格</text>
      <target FeatureID="-1" href="QSHEET_HLP_CELLS_EDIT.html">编辑单元格</target>
      <target FeatureID="-1" href="QSHEET_HLP_VIEW_CELL.html">查看单元格</target>
   </keywords>
   <keywords>
      <text FeatureID="-1">Quicksheet, 列</text>
      <target FeatureID="-1" href="QSHEET_HLP_EDIT_COLUMN.html">编辑列</target>
   </keywords>
   <keywords>
      <text FeatureID="-1">Quicksheet, 范围</text>
      <target FeatureID="-1" href="QSHEET_HLP_EDIT_RANGE.html">编辑范围</target>
   </keywords>
   <keywords>
      <text FeatureID="-1">Quicksheet, 行</text>
      <target FeatureID="-1" href="QSHEET_HLP_EDIT_ROW.html">编辑行</target>
   </keywords>
   <keywords>
      <text FeatureID="-1">Quicksheet</text>
      <target FeatureID="-1" href="QSHEET_HLP_REPLACE_VIEW.html">查找并替换文字</target>
      <target FeatureID="-1" href="QSHEET_HLP_FIND_VIEW.html">查找文字</target>
      <target FeatureID="-1" href="QSHEET_HLP_CELLS_VIEW.html">查看电子表格</target>
   </keywords>
   <keywords>
      <text FeatureID="-1">Quickword</text>
      <target FeatureID="-1" href="QWORD_HLP_EDIT_MODE.html">编辑文档</target>
      <target FeatureID="-1" href="QWORD_HLP_FIND_MODE.html">查找并替换文字</target>
      <target FeatureID="-1" href="QWORD_HLP_VIEW_MODE.html">查看文档</target>
      <target FeatureID="-1" href="QWORD_HLP_PAGE_VIEW.html">查看页面版式</target>
   </keywords>
</keywords>