<?xml version="1.0" encoding="UTF-8"?>
<keywords>
   <keywords>
      <text FeatureID="-1">edició de notes</text>
      <target FeatureID="-1" href="NMAKE_HLP_MEMO_VIEWER_EDIT.html">Editeu notes en aplicacions</target>
   </keywords>
   <keywords>
      <text FeatureID="-1">recepció de notes</text>
      <target FeatureID="-1" href="NMAKE_HLP_MEMO_VIEWER.html">Visualitzeu notes rebudes</target>
   </keywords>
   <keywords>
      <text FeatureID="-1">plantilles de missatges</text>
      <target FeatureID="-1" href="NMAKE_HLP_TEMPLATE_EDITOR.html">Escriviu plantilles de missatges</target>
   </keywords>
   <keywords>
      <text FeatureID="-1">creació de plantilles de missatges</text>
      <target FeatureID="-1" href="NMAKE_HLP_TEMPLATE_EDITOR.html">Escriviu plantilles de missatges</target>
   </keywords>
   <keywords>
      <text FeatureID="-1">escriure plantilles de missatges</text>
      <target FeatureID="-1" href="NMAKE_HLP_TEMPLATE_EDITOR.html">Escriviu plantilles de missatges</target>
   </keywords>
   <keywords>
      <text FeatureID="-1">llista de notes</text>
      <target FeatureID="-1" href="NMAKE_HLP_MEMO_LIST.html">Llista de notes</target>
   </keywords>
   <keywords>
      <text FeatureID="-1">escriptura de notes</text>
      <target FeatureID="-1" href="NMAKE_HLP_MEMO_LIST.html">Llista de notes</target>
      <target FeatureID="-1" href="NMAKE_HLP_MEMO_EDITOR_APPS.html">Escriviu notes en aplicacions</target>
      <target FeatureID="-1" href="NMAKE_HLP_MEMO_EDITOR.html">Escriviu notes</target>
   </keywords>
</keywords>