<?xml version="1.0" encoding="UTF-8"?>
<keywords>
   <keywords>
      <text FeatureID="true_13 true_1566">połączenie przez kabel USB</text>
      <target FeatureID="true_13" href="USB_HLP_MAIN.html">Ustawienia USB</target>
      <target FeatureID="true_1566" href="USB_HLP_PRINT_SETTINGS.html">Ustawienia drukarki</target>
   </keywords>
   <keywords>
      <text FeatureID="true_13">połączenie kablowe</text>
      <target FeatureID="true_13" href="USB_HLP_MAIN.html">Ustawienia USB</target>
   </keywords>
   <keywords>
      <text FeatureID="true_1566">drukowanie</text>
      <target FeatureID="true_1566" href="USB_HLP_PRINT_SETTINGS.html">Ustawienia drukarki</target>
   </keywords>
   <keywords>
      <text FeatureID="true_1566">ustawienia, drukarka</text>
      <target FeatureID="true_1566" href="USB_HLP_PRINT_SETTINGS.html">Ustawienia drukarki</target>
   </keywords>
</keywords>