<?xml version="1.0" encoding="UTF-8"?>
<keywords>
   <keywords>
      <text FeatureID="-1">stillingar þjónustuboða</text>
      <target FeatureID="-1" href="WPUSH_HLP_SETTINGS.html">Stillingar þjónustuboða</target>
   </keywords>
   <keywords>
      <text FeatureID="-1">vöktuð skilaboð</text>
      <target FeatureID="-1" href="WPUSH_HLP_VIEWER.html">Sjá þjónustuboð</target>
   </keywords>
   <keywords>
      <text FeatureID="-1">þjónustuboð</text>
      <target FeatureID="-1" href="WPUSH_HLP_VIEWER.html">Sjá þjónustuboð</target>
   </keywords>
</keywords>