<?xml version="1.0" encoding="UTF-8"?><?xml-stylesheet  href="../../theme/xsl/index2html.xslt" type="text/xsl"?>
<topics FeatureID="-1" title="Guia telefònica" compressed="true">
   <topicref FeatureID="-1" href="FDN_HLP_FDN_NUM_EDIT_VIEW.html" navtitle="Editeu contactes"/>
   <topicref FeatureID="-1" href="FDN_HLP_FDN_NUMBER_VIEW.html" navtitle="Contactes de marcatge fix"/>
   <topicref FeatureID="-1" href="FDN_HLP_FDN_VIEW.html" navtitle="Restringiu trucades"/>
   <topicref FeatureID="-1" href="SDN_HLP_APP.html" navtitle="Números de servei"/>
   <topicref FeatureID="-1" href="HLP_CCA_DETAILS.html" navtitle="Detalls de contacte"/>
   <topicref FeatureID="-1" href="HLP_CCA_EDITOR.html" navtitle="Editeu targetes de contacte"/>
   <topicref FeatureID="-1" href="HLP_CCA_LAUNCHER.html" navtitle="Targetes de contacte"/>
   <topicref FeatureID="-1" href="PHOB_HLP_GROUP_LIST.html" navtitle="Grups de contacte"/>
   <topicref FeatureID="-1" href="PHOB_HLP_SIM_LIST.html" navtitle="Directori de contactes SIM"/>
   <topicref FeatureID="-1" href="PHOB_HLP_MY_NUMBERS.html" navtitle="Números propis"/>
   <topicref FeatureID="-1" href="PHOB_HLP_GROUP_MEMBER_LIST.html" navtitle="Membres de grup"/>
   <topicref FeatureID="-1" href="PHOB_HLP_SETTINGS.html" navtitle="Configuració de contactes"/>
   <topicref FeatureID="-1" href="PHOB_HLP_NAME_LIST.html" navtitle="Directori de contactes"/>
</topics>