<?xml version="1.0" encoding="UTF-8"?>
<keywords>
   <keywords>
      <text FeatureID="-1">grups de contacte</text>
      <target FeatureID="-1" href="PHOB_HLP_GROUP_LIST.html">Grups de contacte</target>
      <target FeatureID="-1" href="PHOB_HLP_GROUP_MEMBER_LIST.html">Membres de grup</target>
   </keywords>
   <keywords>
      <text FeatureID="-1">contactes SIM</text>
      <target FeatureID="-1" href="PHOB_HLP_SIM_LIST.html">Directori de contactes SIM</target>
   </keywords>
   <keywords>
      <text FeatureID="-1">Número SIM</text>
      <target FeatureID="-1" href="PHOB_HLP_MY_NUMBERS.html">Números propis</target>
   </keywords>
   <keywords>
      <text FeatureID="-1">ordre del nom a Contactes</text>
      <target FeatureID="-1" href="PHOB_HLP_SETTINGS.html">Configuració de contactes</target>
   </keywords>
   <keywords>
      <text FeatureID="-1">memòria de contactes</text>
      <target FeatureID="-1" href="PHOB_HLP_SETTINGS.html">Configuració de contactes</target>
   </keywords>
   <keywords>
      <text FeatureID="-1">memòria predefinida</text>
      <target FeatureID="-1" href="PHOB_HLP_SETTINGS.html">Configuració de contactes</target>
   </keywords>
   <keywords>
      <text FeatureID="-1">directori de contactes</text>
      <target FeatureID="-1" href="PHOB_HLP_NAME_LIST.html">Llista de contactes</target>
   </keywords>
   <keywords>
      <text FeatureID="-1">informació de contacte</text>
      <target FeatureID="-1" href="PHOB_HLP_NAME_LIST.html">Llista de contactes</target>
   </keywords>
   <keywords>
      <text FeatureID="-1">agenda</text>
      <target FeatureID="-1" href="PHOB_HLP_NAME_LIST.html">Llista de contactes</target>
   </keywords>
   <keywords>
      <text FeatureID="-1">contactes</text>
      <target FeatureID="-1" href="RLOOK_HLP_INFO_VIEW.html">Gestionar el contacte trobat</target>
   </keywords>
   <keywords>
      <text FeatureID="-1">targetes de contacte</text>
      <target FeatureID="-1" href="PHOB_HLP_CONTACT_INFO_VIEW.html">Targetes de contacte</target>
      <target FeatureID="-1" href="PHOB_HLP_EDIT_ENTRY.html">Editeu targetes de contacte</target>
   </keywords>
   <keywords>
      <text FeatureID="-1">entrades de la guia telefònica</text>
      <target FeatureID="-1" href="PHOB_HLP_CONTACT_INFO_VIEW.html">Targetes de contacte</target>
   </keywords>
   <keywords>
      <text FeatureID="-1">marcatge fix</text>
      <target FeatureID="-1" href="FDN_HLP_FDN_NUMBER_VIEW.html">Contactes de marcatge fix</target>
      <target FeatureID="-1" href="FDN_HLP_FDN_VIEW.html">Restringiu trucades</target>
   </keywords>
   <keywords>
      <text FeatureID="-1">restricció de trucades</text>
      <target FeatureID="-1" href="FDN_HLP_FDN_VIEW.html">Restringiu trucades</target>
   </keywords>
   <keywords>
      <text FeatureID="-1">números de servei</text>
      <target FeatureID="-1" href="SDN_HLP_APP.html">Números de servei</target>
   </keywords>
   <keywords>
      <text FeatureID="-1">Números de servei SIM</text>
      <target FeatureID="-1" href="SDN_HLP_APP.html">Números de servei</target>
   </keywords>
   <keywords>
      <text FeatureID="-1">números de servei a la SIM</text>
      <target FeatureID="-1" href="SDN_HLP_APP.html">Números de servei</target>
   </keywords>
   <keywords>
      <text FeatureID="-1">targeta SIM</text>
      <target FeatureID="-1" href="PHOB_HLP_SIM_INFO_VIEW.html">Targetes de contacte de la SIM</target>
   </keywords>
   <keywords>
      <text FeatureID="-1">Contactes SIM</text>
      <target FeatureID="-1" href="PHOB_HLP_SIM_INFO_VIEW.html">Targetes de contacte de la SIM</target>
   </keywords>
</keywords>