<?xml version="1.0" encoding="UTF-8"?>
<keywords>
   <keywords>
      <text FeatureID="-1">reprodución de ficheiros flash</text>
      <target FeatureID="-1" href="FLITE_HLP_STOPPED.html">Deter reproducións flash</target>
      <target FeatureID="-1" href="FLITE_HLP_VIEWER_PAUSED.html">Pór en pausa as reproducións flash</target>
      <target FeatureID="-1" href="FLITE_HLP_VIEWER_PLAY.html">Reprodución de ficheiros flash</target>
   </keywords>
   <keywords>
      <text FeatureID="-1">Flash Player</text>
      <target FeatureID="-1" href="FLITE_HLP_STOPPED.html">Deter reproducións flash</target>
      <target FeatureID="-1" href="FLITE_HLP_VIEWER_PAUSED.html">Pór en pausa as reproducións flash</target>
      <target FeatureID="-1" href="FLITE_HLP_VIEWER_PLAY.html">Reprodución de ficheiros flash</target>
   </keywords>
</keywords>