<?xml version="1.0" encoding="UTF-8"?>
<keywords>
   <keywords>
      <text FeatureID="true_1091">USSD-redigerare</text>
      <target FeatureID="true_1091" href="USSD_HLP_EDITOR.html">Service­kommandon</target>
   </keywords>
   <keywords>
      <text FeatureID="true_1091">service­kommandon</text>
      <target FeatureID="true_1091" href="USSD_HLP_EDITOR.html">Service­kommandon</target>
   </keywords>
   <keywords>
      <text FeatureID="true_1091">nättjänster</text>
      <target FeatureID="true_1091" href="USSD_HLP_EDITOR.html">Service­kommandon</target>
   </keywords>
</keywords>