<?xml version="1.0" encoding="UTF-8"?>
<keywords>
   <keywords>
      <text FeatureID="-1">sähköpostitilin asetukset</text>
      <target FeatureID="-1" href="FSE_HLP_IMS_SETTINGS_ACCT_INFO.html">Sähköpostitilin asetukset</target>
   </keywords>
   <keywords>
      <text FeatureID="-1">postilaatikon lisäasetukset</text>
      <target FeatureID="-1" href="FSE_HLP_IMS_SETTINGS_ADVANCED.html">Postilaatikon lisäasetukset</target>
   </keywords>
   <keywords>
      <text FeatureID="-1">postilaatikon asetukset</text>
      <target FeatureID="-1" href="FSE_HLP_IMS_SETTINGS_MAILBOX.html">Postilaatikon asetukset</target>
   </keywords>
   <keywords>
      <text FeatureID="-1">sähköpostin synkronoitava sisältö</text>
      <target FeatureID="-1" href="FSE_HLP_IMS_SETTINGS_WHAT_SYNC.html">Synkronoitavan sisällön määrittäminen</target>
   </keywords>
   <keywords>
      <text FeatureID="-1">sähköpostin synkronointiaika</text>
      <target FeatureID="-1" href="FSE_HLP_IMS_SETTINGS_WHEN_SYNC.html">Synkronointiajan määrittäminen</target>
   </keywords>
   <keywords>
      <text FeatureID="-1">sähköpostikansioiden synkronoiminen</text>
      <target FeatureID="-1" href="FSE_HLP_IMS_SETTINGS_FOLDER.html">Sähköpostikansioiden synkronointi</target>
   </keywords>
   <keywords>
      <text FeatureID="-1">sähköpostin palveluasetukset</text>
      <target FeatureID="-1" href="FSE_HLP_SETTINGS_INTELL_LIST.html">Sähköpostipalvelun asetukset</target>
   </keywords>
   <keywords>
      <text FeatureID="-1">sähköposti­asetukset</text>
      <target FeatureID="-1" href="FSE_HLP_IMS_SETTINGS_MAIN_VIEW.html">Sähköpostiasetukset</target>
   </keywords>
   <keywords>
      <text FeatureID="-1">Intellisync</text>
      <target FeatureID="-1" href="FSE_HLP_IMS_LAUNCHER_MAIN_VIEW.html">Intellisync-sähköposti</target>
   </keywords>
</keywords>