<?xml version="1.0" encoding="UTF-8"?>
<keywords>
   <keywords>
      <text FeatureID="true_11008 false_11008">pagrehistro ng aparato</text>
      <target FeatureID="true_11008" href="DRM_HLP_REGISTRATION_METERING.html">Pagrehistro ng aparato</target>
      <target FeatureID="false_11008" href="DRM_HLP_REGISTRATION.html">Pagrehistro ng aparato</target>
   </keywords>
   <keywords>
      <text FeatureID="true_11008">pagkuha ng mga tahimik na karapatan</text>
      <target FeatureID="true_11008" href="DRM_HLP_REGISTRATION_METERING.html">Pagrehistro ng aparato</target>
   </keywords>
   <keywords>
      <text FeatureID="true_11008">pag-metro</text>
      <target FeatureID="true_11008" href="DRM_HLP_REGISTRATION_METERING.html">Pagrehistro ng aparato</target>
   </keywords>
</keywords>