<?xml version="1.0" encoding="UTF-8"?>
<keywords>
   <keywords>
      <text FeatureID="-1">myndavél</text>
      <target FeatureID="-1" href="LCAM_HLP_VIEWFINDER_PHOTO.html">Myndataka</target>
      <target FeatureID="-1" href="LCAM_HLP_LIGHT_SENSITIVITY.html">Ljósnæmi stillt</target>
      <target FeatureID="-1" href="LCAM_HLP_SETTINGS_PHOUSER.html">Myndumhverfi skilgreint</target>
      <target FeatureID="-1" href="LCAM_HLP_SCENES_PHOTO.html">Myndumhverfi</target>
      <target FeatureID="-1" href="LCAM_HLP_VIEWFINDER_VIDEO.html">Upptaka myndskeiða</target>
      <target FeatureID="-1" href="LCAM_HLP_SCENES_VIDEO.html">Umhverfis­stillingar</target>
      <target FeatureID="-1" href="LCAM_HLP_VIEWFINDER_VIDEO_EM.html">Myndskeið í forritum</target>
      <target FeatureID="-1" href="LCAM_HLP_STANDBY_EM.html">Myndavél er ekki virk.</target>
      <target FeatureID="-1" href="LCAM_HLP_POST_VIDEO.html">Myndskeið spiluð</target>
      <target FeatureID="-1" href="LCAM_HLP_POST_PHOTO.html">Teknar myndir skoðaðar</target>
   </keywords>
   <keywords>
      <text FeatureID="-1">myndir teknar</text>
      <target FeatureID="-1" href="LCAM_HLP_VIEWFINDER_PHOTO.html">Myndataka</target>
   </keywords>
   <keywords>
      <text FeatureID="-1">ljósnæmi</text>
      <target FeatureID="-1" href="LCAM_HLP_LIGHT_SENSITIVITY.html">Ljósnæmi stillt</target>
   </keywords>
   <keywords>
      <text FeatureID="-1">umhverfi</text>
      <target FeatureID="-1" href="LCAM_HLP_SETTINGS_PHOUSER.html">Myndumhverfi skilgreint</target>
      <target FeatureID="-1" href="LCAM_HLP_SCENES_PHOTO.html">Myndumhverfi</target>
   </keywords>
   <keywords>
      <text FeatureID="-1">myndavélarstillingar</text>
      <target FeatureID="-1" href="LCAM_HLP_SETTINGS.html">Myndavélarstillingar</target>
   </keywords>
   <keywords>
      <text FeatureID="-1">myndavél, stillingar</text>
      <target FeatureID="-1" href="LCAM_HLP_SETTINGS_PHOTO.html">Myndstillingar</target>
      <target FeatureID="-1" href="LCAM_HLP_SETTINGS_VIDEO.html">Stillingar myndskeiða</target>
   </keywords>
   <keywords>
      <text FeatureID="-1">upptaka myndskeiða</text>
      <target FeatureID="-1" href="LCAM_HLP_VIEWFINDER_VIDEO.html">Upptaka myndskeiða</target>
   </keywords>
   <keywords>
      <text FeatureID="-1">umhverfisstillingar fyrir myndskeið</text>
      <target FeatureID="-1" href="LCAM_HLP_SCENES_VIDEO.html">Umhverfis­stillingar</target>
   </keywords>
   <keywords>
      <text FeatureID="-1">myndskeið, stillingar</text>
      <target FeatureID="-1" href="LCAM_HLP_SETTINGS_VIDEO.html">Stillingar myndskeiða</target>
   </keywords>
   <keywords>
      <text FeatureID="-1">myndskeið í forritum</text>
      <target FeatureID="-1" href="LCAM_HLP_VIEWFINDER_VIDEO_EM.html">Myndskeið í forritum</target>
   </keywords>
   <keywords>
      <text FeatureID="-1">spila myndskeið</text>
      <target FeatureID="-1" href="LCAM_HLP_POST_VIDEO.html">Myndskeið spiluð</target>
   </keywords>
   <keywords>
      <text FeatureID="-1">myndavél í forritum</text>
      <target FeatureID="-1" href="LCAM_HLP_VIEWFINDER_PHOTO_EM.html">Myndir í forritum</target>
   </keywords>
   <keywords>
      <text FeatureID="-1">myndir skoðaðar</text>
      <target FeatureID="-1" href="LCAM_HLP_POST_PHOTO.html">Teknar myndir skoðaðar</target>
   </keywords>
</keywords>