<?xml version="1.0" encoding="UTF-8"?>
<keywords>
   <keywords>
      <text FeatureID="-1">VPN (wirtualna sieć prywatna)</text>
      <target FeatureID="-1" href="SET_HLP_VPN_LOG_VIEW.html">Rejestr VPN</target>
      <target FeatureID="-1" href="SET_HLP_VPN_CONFIG_MAIN.html">Sieć VPN, zarządzanie</target>
      <target FeatureID="-1" href="SET_HLP_VPN_POLICY_VIEW.html">Reguły VPN</target>
      <target FeatureID="-1" href="SET_HLP_VPN_POLICY_SERVERS.html">Serwery reguł VPN</target>
      <target FeatureID="-1" href="SET_HLP_VPN_POLICY_SERVER_SET.html">Ustawienia serwera sieci VPN</target>
   </keywords>
</keywords>