<?xml version="1.0" encoding="UTF-8"?>
<keywords>
   <keywords>
      <text FeatureID="-1">partajare video</text>
      <target FeatureID="true_208" href="MSH_HLP_LIVE.html">Partajaţi videoclipuri în direct</target>
      <target FeatureID="-1" href="MSH_HLP_CLIP.html">Partajaţi videoclipuri</target>
      <target FeatureID="-1" href="MSH_HLP_SETTINGS.html">Setări partajare video</target>
      <target FeatureID="-1" href="MSH_HLP_RECEIVE.html">Vizualizează videoclipul partajat</target>
   </keywords>
</keywords>