<?xml version="1.0" encoding="UTF-8"?>
<keywords>
   <keywords>
      <text FeatureID="-1">辭典</text>
      <target FeatureID="-1" href="DICTIONARY_HLP_MAIN_TAB1.html">詞典</target>
   </keywords>
   <keywords>
      <text FeatureID="-1">翻譯</text>
      <target FeatureID="-1" href="DICTIONARY_HLP_MAIN_TAB1.html">詞典</target>
   </keywords>
   <keywords>
      <text FeatureID="-1">詞典, 翻譯</text>
      <target FeatureID="-1" href="DICTIONARY_HLP_RESULTS.html">翻譯結果</target>
   </keywords>
</keywords>