<?xml version="1.0" encoding="UTF-8"?>
<keywords>
   <keywords>
      <text FeatureID="-1">地標類別</text>
      <target FeatureID="-1" href="LM_HLP_LM_BY_CATEGORY.html">地標類別</target>
      <target FeatureID="-1" href="LM_HLP_EDIT_CATEGORIES.html">編輯地標類別</target>
   </keywords>
   <keywords>
      <text FeatureID="-1">地標</text>
      <target FeatureID="-1" href="LM_HLP_LM_BY_NAME.html">將地標依名稱檢視</target>
      <target FeatureID="-1" href="LM_HLP_CATEGORY_CONTENTS.html">類別中的地標</target>
      <target FeatureID="-1" href="LM_HLP_LM_VIEWER.html">地標的詳細資訊</target>
   </keywords>
   <keywords>
      <text FeatureID="-1">編輯地標</text>
      <target FeatureID="-1" href="LM_HLP_LM_EDITOR.html">編輯地標</target>
   </keywords>
</keywords>