<?xml version="1.0" encoding="UTF-8"?><?xml-stylesheet  href="../../theme/xsl/index2html.xslt" type="text/xsl"?>
<topics FeatureID="-1" title="Inställningar" compressed="true">
   <topicref FeatureID="-1" href="SET_HLP_SETTINGS_KEYPAD_COVER.html" navtitle="Inställningar för luckhantering"/>
   <topicref FeatureID="-1" href="CP_HLP_ADMINISTRATIVE_SETTINGS.html" navtitle="Administratörsinställningar"/>
   <topicref FeatureID="-1" href="CP_HLP_DEVICE_MANAGEMENT.html" navtitle="Enhetshantering"/>
   <topicref FeatureID="true_109" href="SET_HLP_WLAN_WPA_MAIN.html" navtitle="WPA-säkerh.­inst."/>
   <topicref FeatureID="true_109" href="SET_HLP_WLAN_8021X_MAIN.html" navtitle="802.1x-säkerhetsins."/>
   <topicref FeatureID="true_109" href="SET_HLP_WLAN_EAP_PLUGINS_IAP.html" navtitle="EAP-inställningar"/>
   <topicref FeatureID="true_109" href="SET_HLP_WLAN_EAP_AKA.html" navtitle="EAP-AKA-inställningar"/>
   <topicref FeatureID="true_109" href="SET_HLP_WLAN_EAP_SIM.html" navtitle="EAP-SIM-inställningar"/>
   <topicref FeatureID="true_109" href="SET_HLP_WLAN_EAP_GTC.html" navtitle="EAP-GTC-inställningar"/>
   <topicref FeatureID="true_109" href="SET_HLP_WLAN_EAP_TTLS_TYPES.html" navtitle="EAP-TTLS-verif.metoder"/>
   <topicref FeatureID="true_109" href="SET_HLP_WLAN_EAP_TTLS_SUITES.html" navtitle="Krypt.sviter EAP-TTLS"/>
   <topicref FeatureID="true_109" href="SET_HLP_WLAN_EAP_TTLS_SETT.html" navtitle="EAP-TTLS-inställningar"/>
   <topicref FeatureID="true_109" href="SET_HLP_WLAN_EAP_TLS_SUITES.html" navtitle="Krypt.sviter EAP-TLS"/>
   <topicref FeatureID="true_109" href="SET_HLP_WLAN_EAP_TLS_SETT.html" navtitle="EAP-TLS-inställningar"/>
   <topicref FeatureID="true_109" href="SET_HLP_WLAN_EAP_PEAP_TYPES.html" navtitle="EAP-PEAP-verif.metoder"/>
   <topicref FeatureID="true_109" href="SET_HLP_WLAN_EAP_PEAP_SUITES.html" navtitle="Krypt.sviter för EAP-PEAP"/>
   <topicref FeatureID="true_109" href="SET_HLP_WLAN_EAP_PEAP_SETT.html" navtitle="EAP-PEAP-inställningar"/>
   <topicref FeatureID="true_109" href="SET_HLP_WLAN_EAP_MSCHAPV2.html" navtitle="EAP-MSCHAPV2 inställningar"/>
   <topicref FeatureID="true_109" href="SET_HLP_WLAN_EAP_PLAIN_MSCHAP.html" navtitle="Enkla MSCHAPV2-inställningar"/>
   <topicref FeatureID="true_177" href="SET_HLP_WLAN_EAP_LEAP.html" navtitle="EAP-LEAP-inställningar"/>
   <topicref FeatureID="true_177" href="SET_HLP_WLAN_EAP_FAST_TYPES.html" navtitle="EAP-FAST-verif.metoder"/>
   <topicref FeatureID="true_177" href="SET_HLP_WLAN_EAP_FAST_SUITES.html" navtitle="Krypt.sviter för EAP-TTLS"/>
   <topicref FeatureID="true_177" href="SET_HLP_WLAN_EAP_FAST_SETT.html" navtitle="EAP-FAST-inställningar"/>
   <topicref FeatureID="true_109" href="SET_HLP_WLAN_EAP_PAP.html" navtitle="PAP-inställningar"/>
   <topicref FeatureID="true_109" href="SET_HLP_WLAN_WEP_KEY_SETT.html" navtitle="Redigera WEP-nycklar"/>
   <topicref FeatureID="true_109" href="SET_HLP_WLAN_WEP_MAIN.html" navtitle="WEP-säkerhetsinställningar"/>
   <topicref FeatureID="-1" href="ACL_HLP_MAIN.html" navtitle="Begränsa anslutningar"/>
   <topicref FeatureID="-1" href="SIP_HLP_PROF_PARAMS.html" navtitle="SIP-profilinställningar"/>
   <topicref FeatureID="-1" href="SIP_HLP_MAIN.html" navtitle="SIP-profiler"/>
   <topicref FeatureID="-1" href="SIP_HLP_PROXY_PARAMS.html" navtitle="SIP-proxyinställningar"/>
   <topicref FeatureID="-1" href="SIP_HLP_REGISTRAR_PARAM.html" navtitle="Registerserverinställningar"/>
   <topicref FeatureID="-1" href="HLP_OCC_CONN_SETTINGS.html" navtitle="Nätverksanslutningar"/>
   <topicref FeatureID="-1" href="SET_HLP_CONN_DEST_VIEW.html" navtitle="Destinationsvy"/>
   <topicref FeatureID="-1" href="SET_HLP_DEFAULT_CONN.html" navtitle="Standardanslutning"/>
   <topicref FeatureID="true_99" href="SET_HLP_VPN_DEST_ASSOC_VIEW.html" navtitle="VPN-anslutningar"/>
   <topicref FeatureID="-1" href="SET_HLP_CONN_METHODS_VIEW.html" navtitle="Kopplingspunkt-vyn"/>
   <topicref FeatureID="-1" href="SET_HLP_APP_DEST_ASSOC_VIEW.html" navtitle="Programanslutningar"/>
   <topicref FeatureID="-1" href="CP_HLP_APPILICATION_SETTINGS.html" navtitle="Programinställningar"/>
   <topicref FeatureID="-1" href="SCP_HLP_CALL.html" navtitle="Samtalsinst."/>
   <topicref FeatureID="-1" href="CP_HLP_CONNECTIVITY.html" navtitle="Anslutningsinställningar"/>
   <topicref FeatureID="-1" href="CP_HLP_DISPLAY.html" navtitle="Displayinställningar"/>
   <topicref FeatureID="-1" href="CP_HLP_DEVICE.html" navtitle="Enhetsinställningar"/>
   <topicref FeatureID="-1" href="CP_HLP_LANGUAGE.html" navtitle="Språkinställningar"/>
   <topicref FeatureID="-1" href="CP_HLP_MAIN_VIEW.html" navtitle="Inställningar"/>
   <topicref FeatureID="-1" href="CP_HLP_NETWORK.html" navtitle="Nätverksinställningar"/>
   <topicref FeatureID="true_410" href="CP_HLP_PEN_INPUT.html" navtitle="Inställningar för pekfunktion"/>
   <topicref FeatureID="-1" href="CP_HLP_PERSONAL.html" navtitle="Personlig vy"/>
   <topicref FeatureID="-1" href="CP_HLP_SECURITY.html" navtitle="Säkerhetsinställningar"/>
   <topicref FeatureID="-1" href="SET_HLP_SECURITY_DEVICE_SIM.html" navtitle="Enhetssäkerhet"/>
   <topicref FeatureID="-1" href="CP_HLP_TELEPHONY.html" navtitle="Telefoniinställningar"/>
   <topicref FeatureID="__DUAL_LANGUAGE_SUPPORT=true" href="CP_HLP_WRITING_LANGUAGE.html" navtitle="Skrivspråk"/>
   <topicref FeatureID="-1" href="SET_HLP_ACCESSORIES_LIST.html" navtitle="Tillbehörsinställningar"/>
   <topicref FeatureID="-1" href="SSET_HLP_MAIN_VIEW.html" navtitle="Sensorinställningar"/>
   <topicref FeatureID="-1" href="SET_HLP_AP_SETTING_GPRS.html" navtitle="Kopplingsp. för paketdata"/>
   <topicref FeatureID="-1" href="SET_HLP_AP_SETTING_GPRS_AS.html" navtitle="Avanc. inst. för paketdata"/>
   <topicref FeatureID="true_110" href="SET_HLP_AP_DATA_AS_IPV4.html" navtitle="IPv4-inst. för datasamtal"/>
   <topicref FeatureID="true_1088" href="SET_HLP_AP_DATA_AS_IPV6.html" navtitle="IPv6-inst. för datasamtal"/>
   <topicref FeatureID="true_110" href="SET_HLP_AP_SETTING_DATA.html" navtitle="Kopp.p. för datasamtal"/>
   <topicref FeatureID="true_110" href="SET_HLP_AP_SETTING_DATA_AS.html" navtitle="Avanc. data­samtalsinst."/>
   <topicref FeatureID="true_109" href="SET_HLP_AP_SETTING_WLAN_AS.html" navtitle="Avan. WLAN-inställningar"/>
   <topicref FeatureID="-1" href="SET_HLP_VPN_AP_SETTINGS_VIEW.html" navtitle="Ändra VPN-kopplingspunkter"/>
   <topicref FeatureID="true_109" href="SET_HLP_AP_SETTING_WLAN.html" navtitle="WLAN-kopplingsp."/>
   <topicref FeatureID="true_109" href="SET_HLP_AP_WLAN_AS_IPV4.html" navtitle="IPv4-inställ. för WLAN"/>
   <topicref FeatureID="true_109" href="SET_HLP_AP_WLAN_AS_IPV6.html" navtitle="IPv6-inställ. för WLAN"/>
   <topicref FeatureID="-1" href="CP_HLP_AUTOKEYGUARD.html" navtitle="Automatiskt knapplås"/>
   <topicref FeatureID="true_1581" href="RD_HLP_REMOTE_DRIVE_CONFIG.html" navtitle="Inställningar för extern diskenhet"/>
   <topicref FeatureID="true_1581" href="RD_HLP_REMOTE_DRIVES.html" navtitle="Externa diskenheter"/>
   <topicref FeatureID="-1" href="CP_HLP_NETWORK.html" navtitle="Nätverksinställningar"/>
   <topicref FeatureID="-1" href="SET_HLP_BARRING_SETTINGS.html" navtitle="Spärra telefonsamtal"/>
   <topicref FeatureID="true_298" href="DIV_HLP_BARRING_MAIN.html" navtitle="Spärra samtal"/>
   <topicref FeatureID="true_89" href="DIV_HLP_CALL_FORW_VID.html" navtitle="Vidarekoppla videosamtal"/>
   <topicref FeatureID="-1" href="DIV_HLP_CALL_FORW_MAIN.html" navtitle="Vidarekoppling"/>
   <topicref FeatureID="-1" href="DIV_HLP_CALL_FORW_VOI.html" navtitle="Vidarekoppla röstsamtal"/>
   <topicref FeatureID="true_298" href="DIV_HLP_CALL_FORW_VOIP.html" navtitle="Spärra Int.-samt."/>
   <topicref FeatureID="true_109" href="SET_HLP_WLAN_SETTINGS.html" navtitle="WLAN-inställningar"/>
   <topicref FeatureID="-1" href="CP_HLP_SYNCHRONISATION.html" navtitle="Synkroniseringsinställningar"/>
   <topicref FeatureID="-1" href="CP_HLP_INSTALLATIONS.html" navtitle="Installationer"/>
   <topicref FeatureID="-1" href="SET_HLP_ACCESSORIES_HEADPHONE.html" navtitle="Hörlursinställningar"/>
   <topicref FeatureID="-1" href="SET_HLP_ACCESSORIES_HEADSET.html" navtitle="Inställningar för headset"/>
   <topicref FeatureID="-1" href="SET_HLP_ACCESS_WIRED_CK.html" navtitle="Inställningar för bilsats"/>
   <topicref FeatureID="-1" href="SET_HLP_ACCESS_WIRELESS_CK.html" navtitle="Inställningar för trådlös bilsats"/>
   <topicref FeatureID="-1" href="SET_HLP_ACCESSORIES_LOOPSET.html" navtitle="Inställningar för slinga"/>
   <topicref FeatureID="-1" href="SET_HLP_ACCESSORIES_MUSIC_ST.html" navtitle="Musikställ-inställningar"/>
   <topicref FeatureID="true_1032" href="SET_HLP_ACCESSORIES_TTY.html" navtitle="Texttelefoninställningar"/>
   <topicref FeatureID="true_1540" href="SET_HLP_ACCESSORIES_TVOUT.html" navtitle="Inställningar för TV-utgång"/>
   <topicref FeatureID="true_410" href="PREDINPUT_HLP_VIRTUAL_ITI_SETTINGS.html" navtitle="Inmatningsinställningar"/>
   <topicref FeatureID="-1" href="PREDINPUT_HLP_VIRTUAL_ITI.html" navtitle="Intelligent ordbok"/>
   <topicref FeatureID="-1" href="PREDINPUT_HLP_USERDICT.html" navtitle="Ändra användarordboken"/>
   <topicref FeatureID="-1" href="SET_HLP_GENERAL_ORIG_SET.html" navtitle="Återställ originalinställningar"/>
</topics>