<?xml version="1.0" encoding="UTF-8"?>
<keywords>
   <keywords>
      <text FeatureID="-1">inställningar, lucka</text>
      <target FeatureID="-1" href="SET_HLP_SETTINGS_KEYPAD_COVER.html">Inställningar för luckhantering</target>
   </keywords>
   <keywords>
      <text FeatureID="-1">luckinställningar</text>
      <target FeatureID="-1" href="SET_HLP_SETTINGS_KEYPAD_COVER.html">Inställningar för luckhantering</target>
   </keywords>
   <keywords>
      <text FeatureID="-1">enhetshantering</text>
      <target FeatureID="-1" href="CP_HLP_DEVICE_MANAGEMENT.html">Enhetshantering</target>
   </keywords>
   <keywords>
      <text FeatureID="true_109">EAP (Extensible Authentication Protocol)</text>
      <target FeatureID="true_109" href="SET_HLP_WLAN_EAP_SIM.html">EAP-SIM-inställningar</target>
   </keywords>
   <keywords>
      <text FeatureID="true_109">inställningar, WLAN</text>
      <target FeatureID="true_109" href="SET_HLP_WLAN_EAP_SIM.html">EAP-SIM-inställningar</target>
   </keywords>
   <keywords>
      <text FeatureID="-1">begränsa kopplingspunkter</text>
      <target FeatureID="-1" href="ACL_HLP_MAIN.html">Begränsa anslutningar</target>
   </keywords>
   <keywords>
      <text FeatureID="-1">anslutningsinställningar</text>
      <target FeatureID="-1" href="SIP_HLP_PROF_PARAMS.html">SIP-profilinställningar</target>
      <target FeatureID="-1" href="SIP_HLP_MAIN.html">SIP-profiler</target>
      <target FeatureID="-1" href="SET_HLP_CONN_DEST_VIEW.html">Destinationsvy</target>
      <target FeatureID="-1" href="SET_HLP_DEFAULT_CONN.html">Standardanslutning</target>
      <target FeatureID="-1" href="SET_HLP_CONN_METHODS_VIEW.html">Kopplingspunkt-vyn</target>
      <target FeatureID="true_1581" href="RD_HLP_REMOTE_DRIVE_CONFIG.html">Inställningar för extern diskenhet</target>
      <target FeatureID="true_1581" href="RD_HLP_REMOTE_DRIVES.html">Externa diskenheter</target>
   </keywords>
   <keywords>
      <text FeatureID="-1">SIP-inställningar</text>
      <target FeatureID="-1" href="SIP_HLP_PROF_PARAMS.html">SIP-profilinställningar</target>
      <target FeatureID="-1" href="SIP_HLP_MAIN.html">SIP-profiler</target>
      <target FeatureID="-1" href="SIP_HLP_PROXY_PARAMS.html">SIP-proxyinställningar</target>
      <target FeatureID="-1" href="SIP_HLP_REGISTRAR_PARAM.html">Registerserverinställningar</target>
   </keywords>
   <keywords>
      <text FeatureID="-1">registerserver</text>
      <target FeatureID="-1" href="SIP_HLP_REGISTRAR_PARAM.html">Registerserverinställningar</target>
   </keywords>
   <keywords>
      <text FeatureID="-1">kopplingspunkter</text>
      <target FeatureID="-1" href="HLP_OCC_CONN_SETTINGS.html">Nätverksanslutningar</target>
      <target FeatureID="-1" href="SET_HLP_CONN_METHODS_VIEW.html">Kopplingspunkt-vyn</target>
   </keywords>
   <keywords>
      <text FeatureID="-1">inställningar, anslutning</text>
      <target FeatureID="-1" href="HLP_OCC_CONN_SETTINGS.html">Nätverksanslutningar</target>
   </keywords>
   <keywords>
      <text FeatureID="-1">destinationsinställningar</text>
      <target FeatureID="-1" href="SET_HLP_CONN_DEST_VIEW.html">Destinationsvy</target>
   </keywords>
   <keywords>
      <text FeatureID="-1">standardanslutning</text>
      <target FeatureID="-1" href="SET_HLP_DEFAULT_CONN.html">Standardanslutning</target>
   </keywords>
   <keywords>
      <text FeatureID="-1">VPN-kopplingspunkter</text>
      <target FeatureID="true_99" href="SET_HLP_VPN_DEST_ASSOC_VIEW.html">VPN-anslutningar</target>
      <target FeatureID="-1" href="SET_HLP_VPN_AP_SETTINGS_VIEW.html">Ändra VPN-kopplingspunkter</target>
   </keywords>
   <keywords>
      <text FeatureID="-1">programanslutningar</text>
      <target FeatureID="-1" href="SET_HLP_APP_DEST_ASSOC_VIEW.html">Programanslutningar</target>
   </keywords>
   <keywords>
      <text FeatureID="-1">programinställningar</text>
      <target FeatureID="-1" href="CP_HLP_APPILICATION_SETTINGS.html">Programinställningar</target>
   </keywords>
   <keywords>
      <text FeatureID="-1">samtal, inställningar</text>
      <target FeatureID="-1" href="SCP_HLP_CALL.html">Samtalsinst.</target>
   </keywords>
   <keywords>
      <text FeatureID="-1">inställningar, samtal</text>
      <target FeatureID="-1" href="SCP_HLP_CALL.html">Samtalsinst.</target>
   </keywords>
   <keywords>
      <text FeatureID="-1">anslutbarhet</text>
      <target FeatureID="-1" href="CP_HLP_CONNECTIVITY.html">Anslutningsinställningar</target>
   </keywords>
   <keywords>
      <text FeatureID="-1">kontrollpanelen</text>
      <target FeatureID="-1" href="CP_HLP_DISPLAY.html">Displayinställningar</target>
      <target FeatureID="__DUAL_LANGUAGE_SUPPORT=true" href="CP_HLP_WRITING_LANGUAGE.html">Skrivspråk</target>
   </keywords>
   <keywords>
      <text FeatureID="-1">displayinställningar</text>
      <target FeatureID="-1" href="CP_HLP_DISPLAY.html">Displayinställningar</target>
   </keywords>
   <keywords>
      <text FeatureID="-1">allmänna inställningar</text>
      <target FeatureID="-1" href="CP_HLP_DEVICE.html">Enhetsinställningar</target>
   </keywords>
   <keywords>
      <text FeatureID="-1">enhetsinställningar</text>
      <target FeatureID="-1" href="CP_HLP_DEVICE.html">Enhetsinställningar</target>
   </keywords>
   <keywords>
      <text FeatureID="-1">språkinställningar</text>
      <target FeatureID="-1" href="CP_HLP_LANGUAGE.html">Språkinställningar</target>
   </keywords>
   <keywords>
      <text FeatureID="-1">inställningar</text>
      <target FeatureID="-1" href="CP_HLP_MAIN_VIEW.html">Inställningar</target>
   </keywords>
   <keywords>
      <text FeatureID="-1">nätverksinställningar</text>
      <target FeatureID="-1" href="CP_HLP_NETWORK.html">Nätverksinställningar</target>
      <target FeatureID="-1" href="CP_HLP_NETWORK.html">Nätverksinställningar</target>
   </keywords>
   <keywords>
      <text FeatureID="-1">profil</text>
      <target FeatureID="-1" href="CP_HLP_PERSONAL.html">Personlig vy</target>
   </keywords>
   <keywords>
      <text FeatureID="-1">tema</text>
      <target FeatureID="-1" href="CP_HLP_PERSONAL.html">Personlig vy</target>
   </keywords>
   <keywords>
      <text FeatureID="-1">vänteläge</text>
      <target FeatureID="-1" href="CP_HLP_PERSONAL.html">Personlig vy</target>
   </keywords>
   <keywords>
      <text FeatureID="-1">säkerhet, inställningar</text>
      <target FeatureID="-1" href="CP_HLP_SECURITY.html">Säkerhetsinställningar</target>
   </keywords>
   <keywords>
      <text FeatureID="-1">inställningar, säkerhet</text>
      <target FeatureID="-1" href="CP_HLP_SECURITY.html">Säkerhetsinställningar</target>
   </keywords>
   <keywords>
      <text FeatureID="-1">enhet, låsa</text>
      <target FeatureID="-1" href="SET_HLP_SECURITY_DEVICE_SIM.html">Enhetssäkerhet</target>
   </keywords>
   <keywords>
      <text FeatureID="-1">säkerhet</text>
      <target FeatureID="-1" href="SET_HLP_SECURITY_DEVICE_SIM.html">Enhetssäkerhet</target>
   </keywords>
   <keywords>
      <text FeatureID="__DUAL_LANGUAGE_SUPPORT=true">skrivspråk</text>
      <target FeatureID="__DUAL_LANGUAGE_SUPPORT=true" href="CP_HLP_WRITING_LANGUAGE.html">Skrivspråk</target>
   </keywords>
   <keywords>
      <text FeatureID="-1">tillbehörsinställningar</text>
      <target FeatureID="-1" href="SET_HLP_ACCESSORIES_LIST.html">Tillbehörsinställningar</target>
      <target FeatureID="-1" href="SET_HLP_ACCESSORIES_HEADPHONE.html">Hörlursinställningar</target>
      <target FeatureID="-1" href="SET_HLP_ACCESSORIES_HEADSET.html">Inställningar för headset</target>
      <target FeatureID="-1" href="SET_HLP_ACCESS_WIRED_CK.html">Inställningar för bilsats</target>
      <target FeatureID="true_1032" href="SET_HLP_ACCESSORIES_TTY.html">Texttelefoninställningar</target>
      <target FeatureID="true_1540" href="SET_HLP_ACCESSORIES_TVOUT.html">Inställningar för TV-utgång</target>
   </keywords>
   <keywords>
      <text FeatureID="-1">kopplingsp. för paketdata</text>
      <target FeatureID="-1" href="SET_HLP_AP_SETTING_GPRS.html">Kopplingsp. för paketdata</target>
   </keywords>
   <keywords>
      <text FeatureID="-1">inställningar för paketdata</text>
      <target FeatureID="-1" href="SET_HLP_AP_SETTING_GPRS_AS.html">Avanc. inst. för paketdata</target>
   </keywords>
   <keywords>
      <text FeatureID="-1">kopplingspunkter för paketdata</text>
      <target FeatureID="-1" href="SET_HLP_AP_SETTING_GPRS_AS.html">Avanc. inst. för paketdata</target>
   </keywords>
   <keywords>
      <text FeatureID="true_1088 true_110">kopp.p. för datasamtal</text>
      <target FeatureID="true_110" href="SET_HLP_AP_DATA_AS_IPV4.html">IPv4-inst. för datasamtal</target>
      <target FeatureID="true_1088" href="SET_HLP_AP_DATA_AS_IPV6.html">IPv6-inst. för datasamtal</target>
      <target FeatureID="true_110" href="SET_HLP_AP_SETTING_DATA_AS.html">Avanc. data­samtalsinst.</target>
   </keywords>
   <keywords>
      <text FeatureID="true_110">kopplingspunktinställningar</text>
      <target FeatureID="true_110" href="SET_HLP_AP_SETTING_DATA.html">Kopp.p. för datasamtal</target>
      <target FeatureID="true_110" href="SET_HLP_AP_SETTING_DATA_AS.html">Avanc. data­samtalsinst.</target>
   </keywords>
   <keywords>
      <text FeatureID="true_110">datasam.inst.</text>
      <target FeatureID="true_110" href="SET_HLP_AP_SETTING_DATA.html">Kopp.p. för datasamtal</target>
   </keywords>
   <keywords>
      <text FeatureID="-1">virtuellt privat nätverk</text>
      <target FeatureID="-1" href="SET_HLP_VPN_AP_SETTINGS_VIEW.html">Ändra VPN-kopplingspunkter</target>
   </keywords>
   <keywords>
      <text FeatureID="-1">knapplås</text>
      <target FeatureID="-1" href="CP_HLP_AUTOKEYGUARD.html">Automatiskt knapplås</target>
   </keywords>
   <keywords>
      <text FeatureID="true_1581">externa diskenheter</text>
      <target FeatureID="true_1581" href="RD_HLP_REMOTE_DRIVE_CONFIG.html">Inställningar för extern diskenhet</target>
      <target FeatureID="true_1581" href="RD_HLP_REMOTE_DRIVES.html">Externa diskenheter</target>
   </keywords>
   <keywords>
      <text FeatureID="-1">samtalsspärr</text>
      <target FeatureID="-1" href="SET_HLP_BARRING_SETTINGS.html">Spärra telefonsamtal</target>
      <target FeatureID="-1" href="SET_HLP_BARRING_SETTINGS.html">Spärra telefonsamtal</target>
      <target FeatureID="true_298" href="DIV_HLP_BARRING_MAIN.html">Spärra samtal</target>
      <target FeatureID="true_298" href="DIV_HLP_BARRING_MAIN.html">Spärra samtal</target>
   </keywords>
   <keywords>
      <text FeatureID="-1">vidarekoppla samtal</text>
      <target FeatureID="true_89" href="DIV_HLP_CALL_FORW_VID.html">Vidarekoppla videosamtal</target>
      <target FeatureID="-1" href="DIV_HLP_CALL_FORW_MAIN.html">Vidarekoppling</target>
      <target FeatureID="-1" href="DIV_HLP_CALL_FORW_VOI.html">Vidarekoppla röstsamtal</target>
   </keywords>
   <keywords>
      <text FeatureID="-1">vidarebef. samt.</text>
      <target FeatureID="-1" href="DIV_HLP_CALL_FORW_MAIN.html">Vidarekoppling</target>
   </keywords>
   <keywords>
      <text FeatureID="-1">synkroniseringsinställningar</text>
      <target FeatureID="-1" href="CP_HLP_SYNCHRONISATION.html">Synkroniseringsinställningar</target>
   </keywords>
   <keywords>
      <text FeatureID="-1">installera program</text>
      <target FeatureID="-1" href="CP_HLP_INSTALLATIONS.html">Installationer</target>
   </keywords>
   <keywords>
      <text FeatureID="-1">hörlursinställningar</text>
      <target FeatureID="-1" href="SET_HLP_ACCESSORIES_HEADPHONE.html">Hörlursinställningar</target>
   </keywords>
   <keywords>
      <text FeatureID="-1">inställningar för headset</text>
      <target FeatureID="-1" href="SET_HLP_ACCESSORIES_HEADSET.html">Inställningar för headset</target>
   </keywords>
   <keywords>
      <text FeatureID="-1">inställningar för bilsats</text>
      <target FeatureID="-1" href="SET_HLP_ACCESS_WIRED_CK.html">Inställningar för bilsats</target>
      <target FeatureID="-1" href="SET_HLP_ACCESS_WIRED_CK.html">Inställningar för bilsats</target>
   </keywords>
   <keywords>
      <text FeatureID="-1">musikställ-inställningar</text>
      <target FeatureID="-1" href="SET_HLP_ACCESSORIES_MUSIC_ST.html">Musikställ-inställningar</target>
   </keywords>
   <keywords>
      <text FeatureID="true_1032">TTY-inställningar</text>
      <target FeatureID="true_1032" href="SET_HLP_ACCESSORIES_TTY.html">Texttelefoninställningar</target>
   </keywords>
   <keywords>
      <text FeatureID="true_1032">TDD-inställningar</text>
      <target FeatureID="true_1032" href="SET_HLP_ACCESSORIES_TTY.html">Texttelefoninställningar</target>
   </keywords>
   <keywords>
      <text FeatureID="true_1540">inställningar för tv-utgång</text>
      <target FeatureID="true_1540" href="SET_HLP_ACCESSORIES_TVOUT.html">Inställningar för TV-utgång</target>
   </keywords>
   <keywords>
      <text FeatureID="true_410">textinmatning</text>
      <target FeatureID="true_410" href="PREDINPUT_HLP_VIRTUAL_ITI_SETTINGS.html">Inmatningsinställningar</target>
   </keywords>
   <keywords>
      <text FeatureID="-1">intelligent ordbok</text>
      <target FeatureID="-1" href="PREDINPUT_HLP_VIRTUAL_ITI.html">Intelligent ordbok</target>
   </keywords>
   <keywords>
      <text FeatureID="-1">inställningar, återställa</text>
      <target FeatureID="-1" href="SET_HLP_GENERAL_ORIG_SET.html">Återställ originalinställningar</target>
   </keywords>
   <keywords>
      <text FeatureID="-1">återställa inställningar</text>
      <target FeatureID="-1" href="SET_HLP_GENERAL_ORIG_SET.html">Återställ originalinställningar</target>
   </keywords>
   <keywords>
      <text FeatureID="-1">fabriksinställningar, återställa</text>
      <target FeatureID="-1" href="SET_HLP_GENERAL_ORIG_SET.html">Återställ originalinställningar</target>
   </keywords>
</keywords>