<?xml version="1.0" encoding="UTF-8"?><?xml-stylesheet  href="../../theme/xsl/index2html.xslt" type="text/xsl"?>
<topics FeatureID="-1" title="Синхронизиране на данни" compressed="true">
   <topicref FeatureID="-1" href="DS_HLP_MAIN_VIEW.html" navtitle="Синхрониз. данни"/>
   <topicref FeatureID="-1" href="DS_HLP_SETTINGS.html" navtitle="Редакт. профили синхр."/>
   <topicref FeatureID="-1" href="DS_HLP_SETTINGS_CAL.html" navtitle="Настройки синхр. Календар"/>
   <topicref FeatureID="-1" href="DS_HLP_SETTINGS_CNT.html" navtitle="Настройки за синхронизация на Контакти"/>
   <topicref FeatureID="-1" href="DS_HLP_SETTINGS_NOTES.html" navtitle="Настройки синхр. бележки"/>
   <topicref FeatureID="-1" href="DS_HLP_SETTINGS_SMS.html" navtitle="Настройки синхр. SMS"/>
   <topicref FeatureID="true_44" href="DS_HLP_SETTINGS_SYNCML.html" navtitle="Настройки синхр. ел. поща"/>
   <topicref FeatureID="-1" href="DS_HLP_SETTINGS_BOOKMARKS.html" navtitle="Настройки за синхронизация ма маркери"/>
   <topicref FeatureID="-1" href="DS_HLP_AUTO_SYNC_SETTINGS.html" navtitle="Настройки за автоматична синхронизация"/>
   <topicref FeatureID="-1" href="DS_HLP_SETTINGS_MMS.html" navtitle="Настройки за MMS синхронизация"/>
   <topicref FeatureID="-1" href="DS_HLP_PROFILE_SETTINGS.html" navtitle="Настройки на екрана с профили"/>
</topics>