<?xml version="1.0" encoding="UTF-8"?>
<keywords>
   <keywords>
      <text FeatureID="-1">синхронизaция</text>
      <target FeatureID="-1" href="DS_HLP_MAIN_VIEW.html">Синхрониз. данни</target>
   </keywords>
   <keywords>
      <text FeatureID="-1">профили за синхронизация</text>
      <target FeatureID="-1" href="DS_HLP_MAIN_VIEW.html">Синхрониз. данни</target>
   </keywords>
   <keywords>
      <text FeatureID="-1">настр. профили синхр.</text>
      <target FeatureID="-1" href="DS_HLP_SETTINGS.html">Редакт. профили синхр.</target>
   </keywords>
   <keywords>
      <text FeatureID="-1">настройки за синхронизация</text>
      <target FeatureID="-1" href="DS_HLP_SETTINGS_CAL.html">Настройки синхр. Календар</target>
      <target FeatureID="-1" href="DS_HLP_SETTINGS_CNT.html">Настройки за синхронизация на Контакти</target>
      <target FeatureID="-1" href="DS_HLP_SETTINGS_NOTES.html">Настройки синхр. бележки</target>
      <target FeatureID="-1" href="DS_HLP_SETTINGS_SMS.html">Настройки синхр. SMS</target>
      <target FeatureID="true_44" href="DS_HLP_SETTINGS_SYNCML.html">Настройки синхр. ел. поща</target>
   </keywords>
</keywords>