<?xml version="1.0" encoding="UTF-8"?>
<keywords>
   <keywords>
      <text FeatureID="-1">prietaisų tvarkyklė</text>
      <target FeatureID="-1" href="DM_HLP_MAIN_VIEW.html">Prietaiso programinė įranga</target>
      <target FeatureID="-1" href="DM_HLP_SETTINGS.html">Serverio aplinkos parametrai</target>
      <target FeatureID="-1" href="DM_HLP_SERVERS_VIEW.html">Nuotolinė sąranka</target>
   </keywords>
   <keywords>
      <text FeatureID="-1">sąrankos parametrai</text>
      <target FeatureID="-1" href="DM_HLP_MAIN_VIEW.html">Prietaiso programinė įranga</target>
   </keywords>
   <keywords>
      <text FeatureID="-1">Įtaisų valdyklė</text>
      <target FeatureID="-1" href="FOTA_HLP_SETTINGS.html">Programinės įrangos atnaujinimo parametrai</target>
   </keywords>
   <keywords>
      <text FeatureID="-1">programinės įrangos atnaujinimo parametrai</text>
      <target FeatureID="-1" href="FOTA_HLP_SETTINGS.html">Programinės įrangos atnaujinimo parametrai</target>
   </keywords>
   <keywords>
      <text FeatureID="-1">serverio aplinkos parametrai</text>
      <target FeatureID="-1" href="DM_HLP_SETTINGS.html">Serverio aplinkos parametrai</target>
   </keywords>
   <keywords>
      <text FeatureID="-1">nuotolinė sąranka</text>
      <target FeatureID="-1" href="DM_HLP_SERVERS_VIEW.html">Nuotolinė sąranka</target>
   </keywords>
</keywords>