<?xml version="1.0" encoding="UTF-8"?>
<keywords>
   <keywords>
      <text FeatureID="-1">การถอดรหัส, การ์ดหน่วยความจำ</text>
      <target FeatureID="-1" href="ES_HLP_ENCRYPTION_DECRYPT.html">การถอดรหัสการ์ดหน่วยความจำ</target>
   </keywords>
   <keywords>
      <text FeatureID="-1">การเข้ารหัส, การ์ดหน่วยความจำ</text>
      <target FeatureID="-1" href="ES_HLP_ENCRYPTION_ENCRYPT.html">การเข้ารหัสการ์ดหน่วยความจำ</target>
   </keywords>
   <keywords>
      <text FeatureID="-1">การเข้ารหัส, หน่วยความจำของโทรศัพท์และการ์ดหน่วยความจำ</text>
      <target FeatureID="-1" href="ES_HLP_ENCRYPTION_MAIN.html">การเข้ารหัสหรือการถอดรหัส</target>
   </keywords>
   <keywords>
      <text FeatureID="-1">การถอดรหัส, หน่วยความจำของโทรศัพท์และการ์ดหน่วยความจำ</text>
      <target FeatureID="-1" href="ES_HLP_ENCRYPTION_MAIN.html">การเข้ารหัสหรือการถอดรหัส</target>
   </keywords>
</keywords>