<?xml version="1.0" encoding="UTF-8"?>
<keywords>
   <keywords>
      <text FeatureID="-1">Quickoffice, upravitelj datoteka</text>
      <target FeatureID="-1" href="QFM_HLP_FILE_MENU.html">Upravitelj datoteka</target>
   </keywords>
   <keywords>
      <text FeatureID="-1">Quickoffice</text>
      <target FeatureID="-1" href="QFM_HLP_LOC_MENU.html">Quickoffice</target>
   </keywords>
   <keywords>
      <text FeatureID="-1">Quickpoint</text>
      <target FeatureID="-1" href="QPOINT_HLP_EDIT_SLIDE_VIEW.html">Uređivanje slajdova</target>
      <target FeatureID="-1" href="QPOINT_HLP_REPLACE_VIEW.html">Traženje i zamjena teksta</target>
      <target FeatureID="-1" href="QPOINT_HLP_FIND_VIEW.html">Pronađi tekst</target>
      <target FeatureID="-1" href="QPOINT_HLP_VIEW_SLIDE_VIEW.html">Prikaz slajdova</target>
   </keywords>
   <keywords>
      <text FeatureID="-1">Quickpoint, tekst</text>
      <target FeatureID="-1" href="QPOINT_HLP_EDIT_TEXT_VIEW.html">Uređivanje teksta</target>
   </keywords>
   <keywords>
      <text FeatureID="-1">Quickpoint, komentari</text>
      <target FeatureID="-1" href="QPOINT_HLP_COMMENT_VIEW.html">Prikaz komentara</target>
   </keywords>
   <keywords>
      <text FeatureID="-1">Quickpoint, napomene</text>
      <target FeatureID="-1" href="QPOINT_HLP_VIEW_NOTES_VIEW.html">Prikazivanje bilježaka</target>
   </keywords>
   <keywords>
      <text FeatureID="-1">Quickpoint, strukture</text>
      <target FeatureID="-1" href="QPOINT_HLP_VIEW_OUTLINE_VIEW.html">Prikaz strukture</target>
   </keywords>
   <keywords>
      <text FeatureID="-1">Quicksheet, ćelije</text>
      <target FeatureID="-1" href="QSHEET_HLP_CELLS_EDIT.html">Uređivanje ćelija</target>
      <target FeatureID="-1" href="QSHEET_HLP_VIEW_CELL.html">Prikaži ćelije</target>
   </keywords>
   <keywords>
      <text FeatureID="-1">Quicksheet, stupci</text>
      <target FeatureID="-1" href="QSHEET_HLP_EDIT_COLUMN.html">Uređivanje stupaca</target>
   </keywords>
   <keywords>
      <text FeatureID="-1">Quicksheet, rasponi</text>
      <target FeatureID="-1" href="QSHEET_HLP_EDIT_RANGE.html">Uređivanje raspona</target>
   </keywords>
   <keywords>
      <text FeatureID="-1">Quicksheet, reci</text>
      <target FeatureID="-1" href="QSHEET_HLP_EDIT_ROW.html">Uređivanje redaka</target>
   </keywords>
   <keywords>
      <text FeatureID="-1">Quicksheet</text>
      <target FeatureID="-1" href="QSHEET_HLP_REPLACE_VIEW.html">Traženje i zamjena teksta</target>
      <target FeatureID="-1" href="QSHEET_HLP_FIND_VIEW.html">Pronađi tekst</target>
      <target FeatureID="-1" href="QSHEET_HLP_CELLS_VIEW.html">Prikaz proračunskih tablica</target>
   </keywords>
   <keywords>
      <text FeatureID="-1">Quickword</text>
      <target FeatureID="-1" href="QWORD_HLP_EDIT_MODE.html">Uređivanje dokumenata</target>
      <target FeatureID="-1" href="QWORD_HLP_FIND_MODE.html">Traženje i zamjena teksta</target>
      <target FeatureID="-1" href="QWORD_HLP_VIEW_MODE.html">Prikaz dokumenata</target>
      <target FeatureID="-1" href="QWORD_HLP_PAGE_VIEW.html">Prikaži raspored stranice</target>
   </keywords>
</keywords>