<?xml version="1.0" encoding="UTF-8"?>
<keywords>
   <keywords>
      <text FeatureID="-1">기관 인증서</text>
      <target FeatureID="-1" href="CM_HLP_AUTHORITY.html">기관 인증서</target>
   </keywords>
   <keywords>
      <text FeatureID="-1">인증서</text>
      <target FeatureID="-1" href="CM_HLP_AUTHORITY.html">기관 인증서</target>
      <target FeatureID="-1" href="CM_HLP_DEVICE.html">장치 인증서</target>
      <target FeatureID="-1" href="CM_HLP_MAIN.html">인증서 관리</target>
      <target FeatureID="-1" href="CM_HLP_PERSONAL.html">개인 인증서</target>
      <target FeatureID="-1" href="CM_HLP_TRUSTED_SITE.html">신뢰된 사이트 인증서</target>
      <target FeatureID="-1" href="CM_HLP_TRUST_SETTINGS.html">신뢰 설정 편집</target>
   </keywords>
   <keywords>
      <text FeatureID="-1">보안 인증서</text>
      <target FeatureID="-1" href="CM_HLP_AUTHORITY.html">기관 인증서</target>
      <target FeatureID="-1" href="CM_HLP_MAIN.html">인증서 관리</target>
   </keywords>
   <keywords>
      <text FeatureID="-1">장치 인증서</text>
      <target FeatureID="-1" href="CM_HLP_DEVICE.html">장치 인증서</target>
   </keywords>
   <keywords>
      <text FeatureID="-1">개인 인증서</text>
      <target FeatureID="-1" href="CM_HLP_PERSONAL.html">개인 인증서</target>
   </keywords>
   <keywords>
      <text FeatureID="-1">신뢰된 사이트 인증서</text>
      <target FeatureID="-1" href="CM_HLP_TRUSTED_SITE.html">신뢰된 사이트 인증서</target>
   </keywords>
   <keywords>
      <text FeatureID="-1">신뢰 설정</text>
      <target FeatureID="-1" href="CM_HLP_TRUST_SETTINGS.html">신뢰 설정 편집</target>
   </keywords>
</keywords>