<?xml version="1.0" encoding="UTF-8"?>
<keywords>
   <keywords>
      <text FeatureID="-1">Bilder bearbeiten</text>
      <target FeatureID="-1" href="SIE_HLP_MAIN.html">Bilder bearbeiten</target>
   </keywords>
   <keywords>
      <text FeatureID="-1">Text bearbeiten</text>
      <target FeatureID="-1" href="SIE_HLP_EDIT_TEXT.html">Text in Bildern bearbeiten</target>
   </keywords>
   <keywords>
      <text FeatureID="-1">Bild-Editor</text>
      <target FeatureID="-1" href="SIE_HLP_EDIT_TEXT.html">Text in Bildern bearbeiten</target>
   </keywords>
   <keywords>
      <text FeatureID="-1">Vergrößerte Bilder bearbeiten</text>
      <target FeatureID="-1" href="SIE_HLP_ZOOMING.html">Vergrößerte Bilder bearbeiten</target>
   </keywords>
   <keywords>
      <text FeatureID="-1">Bilder vergrößern</text>
      <target FeatureID="-1" href="SIE_HLP_ZOOMING.html">Vergrößerte Bilder bearbeiten</target>
   </keywords>
   <keywords>
      <text FeatureID="-1">Design des Clips</text>
      <target FeatureID="-1" href="SIE_HLP_EDIT_CLIPART.html">Design des Clips bearbeiten</target>
   </keywords>
   <keywords>
      <text FeatureID="-1">Sprechblasen bearbeiten</text>
      <target FeatureID="-1" href="SIE_HLP_EDIT_CLIPART.html">Design des Clips bearbeiten</target>
   </keywords>
   <keywords>
      <text FeatureID="-1">Reduzieren des Rote-Augen-Effekts</text>
      <target FeatureID="-1" href="SIE_HLP_REDEYE.html">Reduzieren des Rote-Augen-Effekts</target>
   </keywords>
</keywords>