<?xml version="1.0" encoding="UTF-8"?>
<keywords>
   <keywords>
      <text FeatureID="-1">konumlama yöntemleri</text>
      <target FeatureID="-1" href="LOC_HLP_SETTINGS.html">Konumlama ayarları</target>
   </keywords>
   <keywords>
      <text FeatureID="-1">konumlama sunucusu</text>
      <target FeatureID="-1" href="LOC_HLP_SETTINGS.html">Konumlama ayarları</target>
   </keywords>
   <keywords>
      <text FeatureID="-1">gösterim tercihleri</text>
      <target FeatureID="-1" href="LOC_HLP_SETTINGS.html">Konumlama ayarları</target>
   </keywords>
</keywords>