<?xml version="1.0" encoding="UTF-8"?>
<keywords>
   <keywords>
      <text FeatureID="-1">менеджер файлів</text>
      <target FeatureID="-1" href="FMGR_HLP_MEM_STORE_VIEW.html">Керування файлами</target>
      <target FeatureID="-1" href="FMGR_HLP_MAIN_VIEW.html">Менеджер файлів</target>
      <target FeatureID="-1" href="FMGR_HLP_BACKUP_VIEW.html">Резервне копіювання файлів</target>
   </keywords>
   <keywords>
      <text FeatureID="-1">картка пам'яті</text>
      <target FeatureID="-1" href="FMGR_HLP_MEM_STORE_VIEW.html">Керування файлами</target>
      <target FeatureID="-1" href="FMGR_HLP_MAIN_VIEW.html">Менеджер файлів</target>
      <target FeatureID="-1" href="FMGR_HLP_BACKUP_VIEW.html">Резервне копіювання файлів</target>
   </keywords>
   <keywords>
      <text FeatureID="-1">Менеджер файлів</text>
      <target FeatureID="-1" href="FMGR_HLP_SEARCH_RESULTS.html">Пошук файлів</target>
   </keywords>
   <keywords>
      <text FeatureID="-1">пошук файлів</text>
      <target FeatureID="-1" href="FMGR_HLP_SEARCH_RESULTS.html">Пошук файлів</target>
   </keywords>
   <keywords>
      <text FeatureID="-1">пошук папок</text>
      <target FeatureID="-1" href="FMGR_HLP_SEARCH_RESULTS.html">Пошук файлів</target>
   </keywords>
   <keywords>
      <text FeatureID="-1">резервна копія</text>
      <target FeatureID="-1" href="FMGR_HLP_BACKUP_VIEW.html">Резервне копіювання файлів</target>
   </keywords>
</keywords>