<?xml version="1.0" encoding="UTF-8"?>
<keywords>
   <keywords>
      <text FeatureID="-1">ses komutları</text>
      <target FeatureID="true_72" href="HLP_VC_SIND_FOLDER.html">Uygulama görünümü</target>
      <target FeatureID="true_72" href="HLP_VC_SIND_MAIN.html">Ses komutlarını kullanma</target>
      <target FeatureID="-1" href="VCINFO_HLP_MAINVIEW.html">Kartvizitler için</target>
   </keywords>
   <keywords>
      <text FeatureID="-1">ses komutu ayarları</text>
      <target FeatureID="-1" href="HLP_VC_SET.html">Ses komutu ayarları</target>
   </keywords>
</keywords>