<?xml version="1.0" encoding="UTF-8"?>
<keywords>
   <keywords>
      <text FeatureID="-1">การส่งต่อข้อความ</text>
      <target FeatureID="-1" href="MMS_HLP_MMS_FWD_REQUEST.html">การส่งต่อข้อความมัลติมีเดีย</target>
   </keywords>
   <keywords>
      <text FeatureID="-1">ข้อความมัลติมีเดีย</text>
      <target FeatureID="-1" href="MMS_HLP_MMS_FWD_REQUEST_SEND.html">การส่งต่อคำขอในรายการที่ส่ง</target>
      <target FeatureID="-1" href="MMS_HLP_MMS_VIEWER.html">ดูข้อความมัลติมีเดีย</target>
   </keywords>
   <keywords>
      <text FeatureID="-1">การแจ้งเตือนมัลติมีเดีย</text>
      <target FeatureID="-1" href="MMS_HLP_NOTIFICATION_VIEWER.html">การแจ้งเตือนมัลติมีเดีย</target>
   </keywords>
   <keywords>
      <text FeatureID="-1">ออปเจ็กต์สื่อ</text>
      <target FeatureID="-1" href="MMS_HLP_OBJECTS_VIEW_VIEWER.html">การดูออปเจ็กต์สื่อ</target>
   </keywords>
   <keywords>
      <text FeatureID="-1">ออปเจ็กต์มัลติมีเดีย</text>
      <target FeatureID="-1" href="MMS_HLP_OBJECTS_VIEW_VIEWER.html">การดูออปเจ็กต์สื่อ</target>
   </keywords>
   <keywords>
      <text FeatureID="-1">MMS</text>
      <target FeatureID="-1" href="MMS_HLP_MMS_VIEWER.html">ดูข้อความมัลติมีเดีย</target>
   </keywords>
</keywords>