<?xml version="1.0" encoding="UTF-8"?>
<keywords>
   <keywords>
      <text FeatureID="-1">prosleđivanje poruka</text>
      <target FeatureID="-1" href="MMS_HLP_MMS_FWD_REQUEST.html">Prosleđivanje multimedijalnih poruka</target>
   </keywords>
   <keywords>
      <text FeatureID="-1">multimedijalne poruke</text>
      <target FeatureID="-1" href="MMS_HLP_MMS_FWD_REQUEST_SEND.html">Prosleđivanje zahteva iz Poslatih poruka</target>
      <target FeatureID="-1" href="MMS_HLP_MMS_VIEWER.html">Prikazivanje multimedijalnih poruka</target>
   </keywords>
   <keywords>
      <text FeatureID="-1">obaveštenja o multimedijalnim porukama</text>
      <target FeatureID="-1" href="MMS_HLP_NOTIFICATION_VIEWER.html">Obaveštenja o multimedijalnim porukama</target>
   </keywords>
   <keywords>
      <text FeatureID="-1">medijski objekti</text>
      <target FeatureID="-1" href="MMS_HLP_OBJECTS_VIEW_VIEWER.html">Prikazivanje medijskih objekata</target>
   </keywords>
   <keywords>
      <text FeatureID="-1">multimedijalni objekti</text>
      <target FeatureID="-1" href="MMS_HLP_OBJECTS_VIEW_VIEWER.html">Prikazivanje medijskih objekata</target>
   </keywords>
   <keywords>
      <text FeatureID="-1">MMS</text>
      <target FeatureID="-1" href="MMS_HLP_MMS_VIEWER.html">Prikazivanje multimedijalnih poruka</target>
   </keywords>
</keywords>