<?xml version="1.0" encoding="UTF-8"?>
<keywords>
   <keywords>
      <text FeatureID="-1">μουσική</text>
      <target FeatureID="-1" href="MUS_HLP_MUSIC_SUITE_VIEW.html">Μουσική</target>
      <target FeatureID="-1" href="MUS_HLP_TRACKS_VIEW.html">Τραγούδια</target>
      <target FeatureID="-1" href="MUS_HLP_CATEGORY_VIEW.html">Κατηγορίες μουσικής</target>
      <target FeatureID="-1" href="MUS_HLP_DOWNLOAD_PLAYBACK_VIEW.html">Αναπ. μουσικ. στον Ιστό</target>
      <target FeatureID="-1" href="MUS_HLP_METADATA_EDITING.html">Επεξεργασία πληροφοριών τραγουδιών</target>
   </keywords>
   <keywords>
      <text FeatureID="-1">αναπαραγωγή μουσικής</text>
      <target FeatureID="-1" href="MUS_HLP_PODCAST_MAIN_VIEW.html">Podcast</target>
      <target FeatureID="-1" href="MUS_HLP_PODCAST_EPISODES.html">Επεισόδια podcast</target>
      <target FeatureID="-1" href="MUS_HLP_PLAYLISTS_VIEW.html">Λίστες αναπαραγωγή μουσικής</target>
      <target FeatureID="-1" href="MUS_HLP_PLAYBACK_VIEW.html">Αναπαραγωγή μουσικής</target>
      <target FeatureID="-1" href="MUS_HLP_LIB_MAIN_VIEW.html">Μουσική βιβλιοθήκη</target>
      <target FeatureID="-1" href="MUS_HLP_ALBUM_ART_EDITING.html">Επεξεργασία εξώφυλλου άλμπουμ</target>
      <target FeatureID="-1" href="MUS_HLP_AUDIO_SETT.html">Ρυθμίσεις ήχου</target>
   </keywords>
   <keywords>
      <text FeatureID="-1">podcast</text>
      <target FeatureID="-1" href="MUS_HLP_PODCAST_MAIN_VIEW.html">Podcast</target>
      <target FeatureID="-1" href="MUS_HLP_PODCAST_EPISODES.html">Επεισόδια podcast</target>
   </keywords>
   <keywords>
      <text FeatureID="-1">λίστες αναπαραγωγής</text>
      <target FeatureID="-1" href="MUS_HLP_PLAYLISTS_VIEW.html">Λίστες αναπαραγωγή μουσικής</target>
   </keywords>
   <keywords>
      <text FeatureID="-1">διακόσμηση άλμπουμ</text>
      <target FeatureID="-1" href="MUS_HLP_ALBUM_ART_EDITING.html">Επεξεργασία εξώφυλλου άλμπουμ</target>
   </keywords>
   <keywords>
      <text FeatureID="-1">ενίσχυση μπάσων</text>
      <target FeatureID="-1" href="MUS_HLP_AUDIO_SETT.html">Ρυθμίσεις ήχου</target>
   </keywords>
   <keywords>
      <text FeatureID="-1">stereo widening</text>
      <target FeatureID="-1" href="MUS_HLP_AUDIO_SETT.html">Ρυθμίσεις ήχου</target>
   </keywords>
</keywords>