<?xml version="1.0" encoding="UTF-8"?><?xml-stylesheet  href="../../theme/xsl/index2html.xslt" type="text/xsl"?>
<topics FeatureID="-1" title="Zapisnici" compressed="true">
   <topicref FeatureID="-1" href="GPRS_HLP_MAIN.html" navtitle="Paketske podatkovne veze"/>
   <topicref FeatureID="-1" href="LOGS_HLP_COUNTER.html" navtitle="Popisi poziva i podataka"/>
   <topicref FeatureID="-1" href="LOGS_HLP_DETAIL.html" navtitle="Pojedinosti zapisnika"/>
   <topicref FeatureID="-1" href="LOGS_HLP_MAIN.html" navtitle="Informacije u zapisniku"/>
   <topicref FeatureID="-1" href="LOGS_HLP_SETTING.html" navtitle="Postavke zapisnika"/>
   <topicref FeatureID="-1" href="STM_HLP_DIALLED.html" navtitle="Birani brojevi"/>
   <topicref FeatureID="-1" href="STM_HLP_MAIN.html" navtitle="Zadnji pozivi"/>
   <topicref FeatureID="-1" href="STM_HLP_MISSED.html" navtitle="Propušteni pozivi"/>
   <topicref FeatureID="-1" href="STM_HLP_RECEIVED.html" navtitle="Primljeni pozivi"/>
   <topicref FeatureID="-1" href="TIMERS_HLP_MAIN.html" navtitle="Trajanje poziva"/>
</topics>