<?xml version="1.0" encoding="UTF-8"?>
<keywords>
   <keywords>
      <text FeatureID="-1">paketske podatkovne veze</text>
      <target FeatureID="-1" href="GPRS_HLP_MAIN.html">Paketske podatkovne veze</target>
      <target FeatureID="-1" href="LOGS_HLP_COUNTER.html">Popisi poziva i podataka</target>
   </keywords>
   <keywords>
      <text FeatureID="-1">trajanje poziva</text>
      <target FeatureID="-1" href="LOGS_HLP_COUNTER.html">Popisi poziva i podataka</target>
      <target FeatureID="-1" href="TIMERS_HLP_MAIN.html">Trajanje poziva</target>
   </keywords>
   <keywords>
      <text FeatureID="-1">zadnji pozivi</text>
      <target FeatureID="-1" href="LOGS_HLP_COUNTER.html">Popisi poziva i podataka</target>
      <target FeatureID="-1" href="STM_HLP_MAIN.html">Zadnji pozivi</target>
   </keywords>
   <keywords>
      <text FeatureID="-1">zapisnici</text>
      <target FeatureID="-1" href="LOGS_HLP_DETAIL.html">Pojedinosti zapisnika</target>
      <target FeatureID="-1" href="LOGS_HLP_MAIN.html">Informacije u zapisniku</target>
   </keywords>
   <keywords>
      <text FeatureID="-1">postavke zapisnika</text>
      <target FeatureID="-1" href="LOGS_HLP_SETTING.html">Postavke zapisnika</target>
   </keywords>
   <keywords>
      <text FeatureID="-1">birani brojevi</text>
      <target FeatureID="-1" href="STM_HLP_DIALLED.html">Birani brojevi</target>
   </keywords>
   <keywords>
      <text FeatureID="-1">zapisnik poziva</text>
      <target FeatureID="-1" href="STM_HLP_MAIN.html">Zadnji pozivi</target>
   </keywords>
   <keywords>
      <text FeatureID="-1">propušteni pozivi</text>
      <target FeatureID="-1" href="STM_HLP_MISSED.html">Propušteni pozivi</target>
   </keywords>
   <keywords>
      <text FeatureID="-1">pozivi, primljeni</text>
      <target FeatureID="-1" href="STM_HLP_RECEIVED.html">Primljeni pozivi</target>
   </keywords>
   <keywords>
      <text FeatureID="-1">pozivi, odgovoreni</text>
      <target FeatureID="-1" href="STM_HLP_RECEIVED.html">Primljeni pozivi</target>
   </keywords>
   <keywords>
      <text FeatureID="-1">dužina poziva</text>
      <target FeatureID="-1" href="TIMERS_HLP_MAIN.html">Trajanje poziva</target>
   </keywords>
</keywords>