<?xml version="1.0" encoding="UTF-8"?>
<keywords>
   <keywords>
      <text FeatureID="-1">fotoaparat</text>
      <target FeatureID="-1" href="LCAM_HLP_VIEWFINDER_PHOTO.html">Snimanje slika</target>
      <target FeatureID="-1" href="LCAM_HLP_LIGHT_SENSITIVITY.html">Promijenite osjetljivost na svjetlo</target>
      <target FeatureID="-1" href="LCAM_HLP_SETTINGS_PHOUSER.html">Definirajte scene</target>
      <target FeatureID="-1" href="LCAM_HLP_SCENES_PHOTO.html">Scene slika</target>
      <target FeatureID="-1" href="LCAM_HLP_VIEWFINDER_VIDEO.html">Snimanje videoisječaka</target>
      <target FeatureID="-1" href="LCAM_HLP_SCENES_VIDEO.html">Video scene</target>
      <target FeatureID="-1" href="LCAM_HLP_VIEWFINDER_VIDEO_EM.html">Videozapisi u programima</target>
      <target FeatureID="-1" href="LCAM_HLP_STANDBY_EM.html">Fotoaparat nije aktivan</target>
      <target FeatureID="-1" href="LCAM_HLP_POST_VIDEO.html">Reproduciranje videoisječaka</target>
      <target FeatureID="-1" href="LCAM_HLP_POST_PHOTO.html">Prikaz snimljenih slika</target>
   </keywords>
   <keywords>
      <text FeatureID="-1">snimanje slika</text>
      <target FeatureID="-1" href="LCAM_HLP_VIEWFINDER_PHOTO.html">Snimanje slika</target>
   </keywords>
   <keywords>
      <text FeatureID="-1">osjetljivost na svjetlo</text>
      <target FeatureID="-1" href="LCAM_HLP_LIGHT_SENSITIVITY.html">Promijenite osjetljivost na svjetlo</target>
   </keywords>
   <keywords>
      <text FeatureID="-1">scene</text>
      <target FeatureID="-1" href="LCAM_HLP_SETTINGS_PHOUSER.html">Definirajte scene</target>
      <target FeatureID="-1" href="LCAM_HLP_SCENES_PHOTO.html">Scene slika</target>
   </keywords>
   <keywords>
      <text FeatureID="-1">fotoaparat, postavke</text>
      <target FeatureID="-1" href="LCAM_HLP_SETTINGS.html">Postavke fotoaparata</target>
      <target FeatureID="-1" href="LCAM_HLP_SETTINGS_PHOTO.html">Postavke slika</target>
      <target FeatureID="-1" href="LCAM_HLP_SETTINGS_VIDEO.html">Postavke videozapisa</target>
   </keywords>
   <keywords>
      <text FeatureID="-1">snimanje videozapisa</text>
      <target FeatureID="-1" href="LCAM_HLP_VIEWFINDER_VIDEO.html">Snimanje videoisječaka</target>
   </keywords>
   <keywords>
      <text FeatureID="-1">video scene</text>
      <target FeatureID="-1" href="LCAM_HLP_SCENES_VIDEO.html">Video scene</target>
   </keywords>
   <keywords>
      <text FeatureID="-1">videozapis, postavke</text>
      <target FeatureID="-1" href="LCAM_HLP_SETTINGS_VIDEO.html">Postavke videozapisa</target>
   </keywords>
   <keywords>
      <text FeatureID="-1">videoisječci u programima</text>
      <target FeatureID="-1" href="LCAM_HLP_VIEWFINDER_VIDEO_EM.html">Videozapisi u programima</target>
   </keywords>
   <keywords>
      <text FeatureID="-1">video isječci, reprodukcija</text>
      <target FeatureID="-1" href="LCAM_HLP_POST_VIDEO.html">Reproduciranje videoisječaka</target>
   </keywords>
   <keywords>
      <text FeatureID="-1">fotoaparat u programima</text>
      <target FeatureID="-1" href="LCAM_HLP_VIEWFINDER_PHOTO_EM.html">Slike u programima</target>
   </keywords>
   <keywords>
      <text FeatureID="-1">pregledavanje slika</text>
      <target FeatureID="-1" href="LCAM_HLP_POST_PHOTO.html">Prikaz snimljenih slika</target>
   </keywords>
</keywords>