<?xml version="1.0" encoding="UTF-8"?>
<keywords>
   <keywords>
      <text FeatureID="-1">redirecţionare mesaje</text>
      <target FeatureID="-1" href="MMS_HLP_MMS_FWD_REQUEST.html">Redirecţionare mesaje multimedia</target>
   </keywords>
   <keywords>
      <text FeatureID="-1">mesaje multimedia</text>
      <target FeatureID="-1" href="MMS_HLP_MMS_FWD_REQUEST_SEND.html">Solicitare redirecţionare în Articole trimise</target>
      <target FeatureID="-1" href="MMS_HLP_MMS_VIEWER.html">Vizualizare mesaje multimedia</target>
   </keywords>
   <keywords>
      <text FeatureID="-1">notificări multimedia</text>
      <target FeatureID="-1" href="MMS_HLP_NOTIFICATION_VIEWER.html">Notificări multimedia</target>
   </keywords>
   <keywords>
      <text FeatureID="-1">obiecte media</text>
      <target FeatureID="-1" href="MMS_HLP_OBJECTS_VIEW_VIEWER.html">Viz. obiecte media</target>
   </keywords>
   <keywords>
      <text FeatureID="-1">obiecte multimedia</text>
      <target FeatureID="-1" href="MMS_HLP_OBJECTS_VIEW_VIEWER.html">Viz. obiecte media</target>
   </keywords>
   <keywords>
      <text FeatureID="-1">MMS</text>
      <target FeatureID="-1" href="MMS_HLP_MMS_VIEWER.html">Vizualizare mesaje multimedia</target>
   </keywords>
</keywords>