<?xml version="1.0" encoding="UTF-8"?>
<keywords>
   <keywords>
      <text FeatureID="-1">merkedagsoppføringer, opprette</text>
      <target FeatureID="-1" href="FSCA_HLP_ANNIVERSARY_EDITOR.html">Opprette merkedagsoppføringer</target>
   </keywords>
   <keywords>
      <text FeatureID="-1">møteoppføringer, opprette</text>
      <target FeatureID="-1" href="FSCA_HLP_CALE_MEETING_EDITOR.html">Opprette møteoppføringer</target>
   </keywords>
   <keywords>
      <text FeatureID="-1">memooppføringer, opprette</text>
      <target FeatureID="-1" href="FSCA_HLP_MEMO_EDITOR.html">Opprette memooppføringer</target>
   </keywords>
   <keywords>
      <text FeatureID="-1">gjøremålsoppføringer, opprette</text>
      <target FeatureID="-1" href="FSCA_HLP_TODO_EDITOR.html">Opprette gjøremålsoppføringer</target>
   </keywords>
   <keywords>
      <text FeatureID="-1">møteoppføringer, redigere</text>
      <target FeatureID="-1" href="FSCA_HLP_CALE_MEETING_VIEWER.html">Redigere møteoppføringer</target>
   </keywords>
   <keywords>
      <text FeatureID="-1">memooppføringer, redigere</text>
      <target FeatureID="-1" href="FSCA_HLP_MEMO_VIEWER.html">Redigere memooppføringer</target>
   </keywords>
   <keywords>
      <text FeatureID="-1">gjøremålsoppføringer, redigere</text>
      <target FeatureID="-1" href="FSCA_HLP_TODO_VIEWER.html">Redigere gjøremålsoppføringer</target>
   </keywords>
   <keywords>
      <text FeatureID="-1">merkedagsoppføringer, vise</text>
      <target FeatureID="-1" href="FSCA_HLP_ANNI_VIEWER.html">Redigere merkedagsoppføringer</target>
   </keywords>
   <keywords>
      <text FeatureID="-1">møteforespørsler, redigere svar</text>
      <target FeatureID="-1" href="FSCA_HLP_RESPONSE_EDITOR.html">Redigere svaret</target>
   </keywords>
   <keywords>
      <text FeatureID="-1">møteforespørsler, administrere</text>
      <target FeatureID="-1" href="FSCA_HLP_VIEWER_ORGANIZER.html">Administrere møteforespørsler</target>
   </keywords>
   <keywords>
      <text FeatureID="-1">møteforespørsler, redigere</text>
      <target FeatureID="-1" href="MEET_REQ_HLP_EDITOR.html">Mottatte møteforespørsler</target>
   </keywords>
   <keywords>
      <text FeatureID="-1">møteforespørsler, svare</text>
      <target FeatureID="-1" href="FSCA_HLP_VIEWER.html">Svare på møteforespørsler</target>
   </keywords>
   <keywords>
      <text FeatureID="-1">kontakter</text>
      <target FeatureID="-1" href="RLOOK_HLP_INFO_VIEW.html">Administrere funnet kontakt</target>
   </keywords>
   <keywords>
      <text FeatureID="-1">kontakter, søke</text>
      <target FeatureID="-1" href="RLOOK_HLP_RESULT_VIEW.html">Søkeresultater</target>
   </keywords>
   <keywords>
      <text FeatureID="-1">e-post, vedlegg</text>
      <target FeatureID="-1" href="FSE_HLP_ATTACHMENT_LIST_EDITOR.html">Legge til vedlegg</target>
   </keywords>
   <keywords>
      <text FeatureID="-1">slettet e-post</text>
      <target FeatureID="-1" href="FSE_HLP_MESSAGE_LIST_DELETED.html">Slettede e-postmeldinger</target>
   </keywords>
   <keywords>
      <text FeatureID="-1">e-post­vedlegg, laste ned</text>
      <target FeatureID="-1" href="FSE_HLP_ATTACHMENT_LIST.html">Laste ned vedlegg</target>
   </keywords>
   <keywords>
      <text FeatureID="-1">kladd, e-post</text>
      <target FeatureID="-1" href="FSE_HLP_MESSAGE_LIST_DRAFTS.html">Kladd til e-postmeldinger</target>
   </keywords>
   <keywords>
      <text FeatureID="-1">Nokia e-post</text>
      <target FeatureID="-1" href="FSE_HLP_LAUNCHER_GRID.html">Nokia e-post</target>
   </keywords>
   <keywords>
      <text FeatureID="-1">e-post</text>
      <target FeatureID="-1" href="FSE_HLP_LAUNCHER_GRID.html">Nokia e-post</target>
   </keywords>
   <keywords>
      <text FeatureID="-1">e-postmapper</text>
      <target FeatureID="-1" href="FSE_HLP_FOLDER_LIST.html">E-postmapper</target>
      <target FeatureID="-1" href="FSE_HLP_SETT_IMAP_SUBSCR.html">Abonnere på mapper</target>
      <target FeatureID="-1" href="FSE_HLP_MESSAGE_LIST_INBOX.html">Arbeid med e-postmapper</target>
   </keywords>
   <keywords>
      <text FeatureID="-1">e-postinnstillinger</text>
      <target FeatureID="-1" href="FSE_HLP_LAUNCHER_SETTINGS.html">Generelle innstillinger for e-post</target>
      <target FeatureID="-1" href="FSE_HLP_POP_IMAP_SETT_MAIN.html">E-postinnstillinger</target>
      <target FeatureID="-1" href="FSE_HLP_IMS_SETTINGS_MAIN_VIEW.html">E-postinnstillinger</target>
      <target FeatureID="-1" href="FSE_HLP_MFE_SETTINGS_MAIN_VIEW.html">Innstillinger for e-post</target>
   </keywords>
   <keywords>
      <text FeatureID="-1">globale e-postinnstillinger</text>
      <target FeatureID="-1" href="FSE_HLP_SETTINGS_GLOBAL.html">Globale e-postinnstillinger</target>
   </keywords>
   <keywords>
      <text FeatureID="-1">HTML, e-post</text>
      <target FeatureID="-1" href="FS_VIEWER_HLP_HTML_VIEW.html">HTML-formatert e-mail</target>
   </keywords>
   <keywords>
      <text FeatureID="-1">avanserte e-postinnstillinger</text>
      <target FeatureID="-1" href="FSE_HLP_POP_IMAP_SETT_ADV.html">Avanserte innstillinger for e-post</target>
   </keywords>
   <keywords>
      <text FeatureID="-1">innstillinger for innkommende e-post</text>
      <target FeatureID="-1" href="FSE_HLP_POP_IMAP_SETT_INCOMING.html">Innstillinger for innkommende e-post</target>
   </keywords>
   <keywords>
      <text FeatureID="-1">innstillinger for utgående e-post</text>
      <target FeatureID="-1" href="FSE_HLP_POP_IMAP_SETT_OUTGOING.html">Innstillinger for utgående e-post</target>
   </keywords>
   <keywords>
      <text FeatureID="-1">e-post, synkronisering</text>
      <target FeatureID="-1" href="FSE_HLP_POP_IMAP_SETT_WHAT.html">Velge innhold som skal synkroniseres</target>
   </keywords>
   <keywords>
      <text FeatureID="-1">e-post, synkroniseringstid</text>
      <target FeatureID="-1" href="FSE_HLP_POP_IMAP_SETT_WHEN.html">Velge synkroniseringstidspunkt</target>
      <target FeatureID="-1" href="FSE_HLP_IMS_SETTINGS_WHEN_SYNC.html">Angi synkroniseringstidspunkt</target>
      <target FeatureID="-1" href="FSE_HLP_MFE_SETTINGS_WHEN_SYNC.html">Velg synkroniseringstidspunkt</target>
      <target FeatureID="-1" href="FSE_HLP_SETTINGS_WHEN_SYNC.html">Synkroniseringstid</target>
   </keywords>
   <keywords>
      <text FeatureID="-1">e-post, kontoinnstillinger</text>
      <target FeatureID="-1" href="FSE_HLP_IMS_SETTINGS_ACCT_INFO.html">Innstillinger for e-postkonto</target>
   </keywords>
   <keywords>
      <text FeatureID="-1">avanserte innstillinger for postkasse</text>
      <target FeatureID="-1" href="FSE_HLP_IMS_SETTINGS_ADVANCED.html">Avanserte innstillinger for postkasser</target>
      <target FeatureID="-1" href="FSE_HLP_MFE_SETTINGS_ADVANCED.html">Avanserte innstillinger for postkasse</target>
   </keywords>
   <keywords>
      <text FeatureID="-1">postkasseinnstillinger</text>
      <target FeatureID="-1" href="FSE_HLP_IMS_SETTINGS_MAILBOX.html">Innstillinger for postkasser</target>
      <target FeatureID="-1" href="FSE_HLP_MFE_SETTINGS_MAILBOX.html">Generelle innstillinger for postkasse</target>
   </keywords>
   <keywords>
      <text FeatureID="-1">e-post, synkroniseringsinnhold</text>
      <target FeatureID="-1" href="FSE_HLP_IMS_SETTINGS_WHAT_SYNC.html">Angi innhold som skal synkroniseres</target>
      <target FeatureID="-1" href="FSE_HLP_MFE_SETTINGS_WHAT_SYNC.html">Velg innhold som skal synkroniseres</target>
   </keywords>
   <keywords>
      <text FeatureID="-1">e-post, mappesynkronisering</text>
      <target FeatureID="-1" href="FSE_HLP_IMS_SETTINGS_FOLDER.html">Synkronisere e-postmapper</target>
      <target FeatureID="-1" href="FSE_HLP_MFE_SETTINGS_FOLDER.html">Innstillinger for synkronisering</target>
   </keywords>
   <keywords>
      <text FeatureID="-1">e-post, tjenesteinnstillinger</text>
      <target FeatureID="-1" href="FSE_HLP_SETTINGS_INTELL_LIST.html">Innstillinger for e-posttjenesten</target>
   </keywords>
   <keywords>
      <text FeatureID="-1">Intellisync</text>
      <target FeatureID="-1" href="FSE_HLP_IMS_LAUNCHER_MAIN_VIEW.html">Intellisync-e-post</target>
   </keywords>
   <keywords>
      <text FeatureID="-1">Mail for Exchange</text>
      <target FeatureID="-1" href="FSE_HLP_MFE_LAUNCHER_MAIN_VIEW.html">Mail for Exchange-e-post</target>
   </keywords>
   <keywords>
      <text FeatureID="-1">e-post, detaljer</text>
      <target FeatureID="-1" href="FS_VIEWER_HLP_DETAILS_VIEW.html">Meldingsdetaljer</target>
   </keywords>
   <keywords>
      <text FeatureID="-1">e-post, synkroniseringsinnstillinger</text>
      <target FeatureID="-1" href="FSE_HLP_MFE_SETTINGS_PIM_APPS.html">Synkroniseringsinnstillinger for program</target>
   </keywords>
   <keywords>
      <text FeatureID="-1">kalender, synkronisering</text>
      <target FeatureID="-1" href="FSE_HLP_MFE_CALENDAR_APP.html">Synkroniseringsinnstillinger for kalender</target>
   </keywords>
   <keywords>
      <text FeatureID="-1">kontakter, synkronisering,</text>
      <target FeatureID="-1" href="FSE_HLP_MFE_CONTACTS_APP.html">Synkroniseringsinnstillinger for kontakter</target>
   </keywords>
   <keywords>
      <text FeatureID="-1">gjøremålsoppføring, synkronisering</text>
      <target FeatureID="-1" href="FSE_HLP_MFE_TASKS_APP.html">Synkroniseringsinnstillinger for gjøremål</target>
   </keywords>
   <keywords>
      <text FeatureID="-1">ingen e-postmeldinger</text>
      <target FeatureID="-1" href="FSE_HLP_MESSAGE_LIST_EMPTY.html">Ingen meldinger</target>
   </keywords>
   <keywords>
      <text FeatureID="-1">e-postutboks</text>
      <target FeatureID="-1" href="FSE_HLP_MESSAGE_LIST_OUTBOX.html">Arbeide med utboksen</target>
   </keywords>
   <keywords>
      <text FeatureID="-1">møteforespørsler</text>
      <target FeatureID="-1" href="FS_VIEWER_HLP_MEETING_REQ_VIEW.html">Møteforespørsel</target>
   </keywords>
   <keywords>
      <text FeatureID="-1">e-post, søke</text>
      <target FeatureID="-1" href="FSE_HLP_MESSAGE_LIST_SEARCHING.html">Søke etter e-post</target>
   </keywords>
   <keywords>
      <text FeatureID="-1">e-post, søkeresultater</text>
      <target FeatureID="-1" href="FSE_HLP_MESSAGE_LIST_SEARCHED.html">Søkeresultater</target>
   </keywords>
   <keywords>
      <text FeatureID="-1">sende e-post</text>
      <target FeatureID="-1" href="FS_EDITOR_HLP_MAIN_VIEW.html">Sende e-post</target>
   </keywords>
   <keywords>
      <text FeatureID="-1">PIM-tjeneste</text>
      <target FeatureID="-1" href="FSE_HLP_SETTINGS_PIM_VIEW.html">PIM-tjeneste</target>
   </keywords>
   <keywords>
      <text FeatureID="-1">synkronisere programmer</text>
      <target FeatureID="-1" href="FSE_HLP_SETTINGS_APPLICATIONS.html">Synkronisere programmer</target>
   </keywords>
   <keywords>
      <text FeatureID="-1">e-post­vedlegg</text>
      <target FeatureID="-1" href="FSE_HLP_ATTACHMENT_DOWNLOAD.html">Vise vedleggsnedlastninger</target>
   </keywords>
   <keywords>
      <text FeatureID="-1">mottatt e-post</text>
      <target FeatureID="-1" href="FS_VIEWER_HLP_MAIN_VIEW.html">Arbeide med mottatt e-post</target>
   </keywords>
</keywords>