<?xml version="1.0" encoding="UTF-8"?>
<keywords>
   <keywords>
      <text FeatureID="-1">NZO (navidezno zasebno omrežje)</text>
      <target FeatureID="-1" href="SET_HLP_VPN_LOG_VIEW.html">Dnevnik NZO</target>
      <target FeatureID="-1" href="SET_HLP_VPN_CONFIG_MAIN.html">Upravljanje NZO</target>
      <target FeatureID="-1" href="SET_HLP_VPN_POLICY_VIEW.html">Pravilniki NZO</target>
      <target FeatureID="-1" href="SET_HLP_VPN_POLICY_SERVERS.html">Strežniki pravilnikov NZO</target>
      <target FeatureID="-1" href="SET_HLP_VPN_POLICY_SERVER_SET.html">Nast. strežnikov NZO</target>
   </keywords>
</keywords>