<?xml version="1.0" encoding="UTF-8"?>
<keywords>
   <keywords>
      <text FeatureID="true_13 true_1566">кабельное подключение USB</text>
      <target FeatureID="true_13" href="USB_HLP_MAIN.html">Настройки USB</target>
      <target FeatureID="true_1566" href="USB_HLP_PRINT_SETTINGS.html">Параметры принтера</target>
   </keywords>
   <keywords>
      <text FeatureID="true_13">кабельное подключение</text>
      <target FeatureID="true_13" href="USB_HLP_MAIN.html">Настройки USB</target>
   </keywords>
   <keywords>
      <text FeatureID="true_1566">печать</text>
      <target FeatureID="true_1566" href="USB_HLP_PRINT_SETTINGS.html">Параметры принтера</target>
   </keywords>
   <keywords>
      <text FeatureID="true_1566">настройки, принтер</text>
      <target FeatureID="true_1566" href="USB_HLP_PRINT_SETTINGS.html">Параметры принтера</target>
   </keywords>
</keywords>