<?xml version="1.0" encoding="UTF-8"?>
<keywords>
   <keywords>
      <text FeatureID="-1">taux de change</text>
      <target FeatureID="-1" href="CNV_HLP_RATES.html">Paramètres des devises</target>
   </keywords>
   <keywords>
      <text FeatureID="-1">devise de base</text>
      <target FeatureID="-1" href="CNV_HLP_RATES.html">Paramètres des devises</target>
   </keywords>
   <keywords>
      <text FeatureID="-1">convertir des devises</text>
      <target FeatureID="-1" href="CNV_HLP_RATES.html">Paramètres des devises</target>
      <target FeatureID="-1" href="CNV_HLP_MAIN_STATE.html">Convertir des unités</target>
   </keywords>
   <keywords>
      <text FeatureID="-1">convertisseur</text>
      <target FeatureID="-1" href="CNV_HLP_MAIN_STATE.html">Convertir des unités</target>
   </keywords>
</keywords>