<?xml version="1.0" encoding="UTF-8"?>
<keywords>
   <keywords>
      <text FeatureID="true_1091">محرر USSD</text>
      <target FeatureID="true_1091" href="USSD_HLP_EDITOR.html">أوامر الخدمة</target>
   </keywords>
   <keywords>
      <text FeatureID="true_1091">أوامر الخدمة</text>
      <target FeatureID="true_1091" href="USSD_HLP_EDITOR.html">أوامر الخدمة</target>
   </keywords>
   <keywords>
      <text FeatureID="true_1091">خدمات الشبكة</text>
      <target FeatureID="true_1091" href="USSD_HLP_EDITOR.html">أوامر الخدمة</target>
   </keywords>
</keywords>