<?xml version="1.0" encoding="UTF-8"?>
<keywords>
   <keywords>
      <text FeatureID="-1">tipos de cambio</text>
      <target FeatureID="-1" href="CNV_HLP_RATES.html">Configuraciones monedas</target>
   </keywords>
   <keywords>
      <text FeatureID="-1">moneda base</text>
      <target FeatureID="-1" href="CNV_HLP_RATES.html">Configuraciones monedas</target>
   </keywords>
   <keywords>
      <text FeatureID="-1">conversión de divisas</text>
      <target FeatureID="-1" href="CNV_HLP_RATES.html">Configuraciones monedas</target>
   </keywords>
   <keywords>
      <text FeatureID="-1">convertidor</text>
      <target FeatureID="-1" href="CNV_HLP_MAIN_STATE.html">Convertir unidades</target>
   </keywords>
   <keywords>
      <text FeatureID="-1">conversión de moneda</text>
      <target FeatureID="-1" href="CNV_HLP_MAIN_STATE.html">Convertir unidades</target>
   </keywords>
</keywords>