<?xml version="1.0" encoding="UTF-8"?>
<keywords>
   <keywords>
      <text FeatureID="-1">Agenda</text>
      <target FeatureID="-1" href="CALE_HLP_NOTE_ANNIVERSARY.html">Voci Anniversario</target>
      <target FeatureID="-1" href="CALE_HLP_NOTE_VIEWER.html">Voci Agenda</target>
      <target FeatureID="-1" href="CALE_HLP_DAY_VIEW.html">Vista Giorno</target>
      <target FeatureID="-1" href="CALE_HLP_NOTE_MEETING.html">Voci riunione</target>
      <target FeatureID="-1" href="CALE_HLP_NOTE_DAY.html">Voci memo</target>
      <target FeatureID="-1" href="CALE_HLP_MONTH_VIEW.html">Vista Mese</target>
      <target FeatureID="-1" href="CALE_HLP_TODO_NOTE.html">Impegni</target>
      <target FeatureID="-1" href="CALE_HLP_TODO_VIEW.html">Vista Impegni</target>
      <target FeatureID="-1" href="CALE_HLP_WEEK_VIEW.html">Vista Settimana</target>
   </keywords>
   <keywords>
      <text FeatureID="-1">note anniversari</text>
      <target FeatureID="-1" href="CALE_HLP_NOTE_ANNIVERSARY.html">Voci Anniversario</target>
      <target FeatureID="-1" href="CALE_HLP_NOTE_VIEWER.html">Voci Agenda</target>
   </keywords>
   <keywords>
      <text FeatureID="-1">riunioni</text>
      <target FeatureID="-1" href="CALE_HLP_NOTE_VIEWER.html">Voci Agenda</target>
      <target FeatureID="-1" href="CALE_HLP_NOTE_MEETING.html">Voci riunione</target>
   </keywords>
   <keywords>
      <text FeatureID="-1">note memo</text>
      <target FeatureID="-1" href="CALE_HLP_NOTE_VIEWER.html">Voci Agenda</target>
      <target FeatureID="-1" href="CALE_HLP_NOTE_DAY.html">Voci memo</target>
   </keywords>
   <keywords>
      <text FeatureID="-1">note impegni</text>
      <target FeatureID="-1" href="CALE_HLP_NOTE_VIEWER.html">Voci Agenda</target>
      <target FeatureID="-1" href="CALE_HLP_TODO_NOTE.html">Impegni</target>
   </keywords>
   <keywords>
      <text FeatureID="-1">impostazioni Agenda</text>
      <target FeatureID="-1" href="CALE_HLP_SETTINGS.html">Impostazioni Agenda</target>
   </keywords>
   <keywords>
      <text FeatureID="-1">impegni, elenco</text>
      <target FeatureID="-1" href="CALE_HLP_TODO_VIEW.html">Vista Impegni</target>
   </keywords>
</keywords>