<?xml version="1.0" encoding="UTF-8"?>
<keywords>
   <keywords>
      <text FeatureID="-1">Agenda</text>
      <target FeatureID="-1" href="CALE_HLP_NOTE_VIEWER.html">Voci Agenda</target>
      <target FeatureID="-1" href="CALE_HLP_DAY_VIEW.html">Vista Giorno</target>
      <target FeatureID="-1" href="CALE_HLP_NOTE_MEETING.html">Voci riunione</target>
      <target FeatureID="-1" href="CALE_HLP_MONTH_VIEW.html">Vista Mese</target>
      <target FeatureID="-1" href="CALE_HLP_TODO_NOTE.html">Impegni</target>
      <target FeatureID="-1" href="CALE_HLP_TODO_VIEW.html">Vista Impegni</target>
      <target FeatureID="-1" href="CALE_HLP_WEEK_VIEW.html">Vista Settimana</target>
      <target FeatureID="-1" href="CALE_HLP_CALENDAR_DATABASE_SETTINGS.html">Impostazioni di più Agende</target>
      <target FeatureID="-1" href="CALE_HLP_CALE_MAN_VIEW.html">Vista di gestione delle Agende</target>
      <target FeatureID="-1" href="CALE_HLP_ATTACH_VIEW.html">Vista allegati</target>
      <target FeatureID="-1" href="CALE_HLP_MAV.html">Vista degli allarmi persi</target>
   </keywords>
   <keywords>
      <text FeatureID="-1">riunioni</text>
      <target FeatureID="-1" href="CALE_HLP_NOTE_VIEWER.html">Voci Agenda</target>
      <target FeatureID="-1" href="CALE_HLP_NOTE_MEETING.html">Voci riunione</target>
   </keywords>
   <keywords>
      <text FeatureID="-1">note impegni</text>
      <target FeatureID="-1" href="CALE_HLP_NOTE_VIEWER.html">Voci Agenda</target>
      <target FeatureID="-1" href="CALE_HLP_TODO_NOTE.html">Impegni</target>
   </keywords>
   <keywords>
      <text FeatureID="-1">impostazioni Agenda</text>
      <target FeatureID="-1" href="CALE_HLP_SETTINGS.html">Impostazioni Agenda</target>
   </keywords>
   <keywords>
      <text FeatureID="-1">impegni, elenco</text>
      <target FeatureID="-1" href="CALE_HLP_TODO_VIEW.html">Vista Impegni</target>
   </keywords>
   <keywords>
      <text FeatureID="-1">impostazioni, Agenda</text>
      <target FeatureID="-1" href="CALE_HLP_CALENDAR_DATABASE_SETTINGS.html">Impostazioni di più Agende</target>
   </keywords>
   <keywords>
      <text FeatureID="-1">allegati</text>
      <target FeatureID="-1" href="CALE_HLP_ATTACH_VIEW.html">Vista allegati</target>
   </keywords>
   <keywords>
      <text FeatureID="-1">allarmi, nota Agenda</text>
      <target FeatureID="-1" href="CALE_HLP_MAV.html">Vista degli allarmi persi</target>
   </keywords>
</keywords>