<?xml version="1.0" encoding="UTF-8"?>
<keywords>
   <keywords>
      <text FeatureID="-1">prilagođavanje profila</text>
      <target FeatureID="-1" href="MODE_HLP_PERSONALISE.html">Prilagođavanje profila</target>
   </keywords>
   <keywords>
      <text FeatureID="-1">podešavanja tonova</text>
      <target FeatureID="-1" href="SET_HLP_PERSONAL_TONES.html">Podešavanja tonova</target>
   </keywords>
   <keywords>
      <text FeatureID="-1">tonovi zvona</text>
      <target FeatureID="-1" href="SET_HLP_PERSONAL_TONES.html">Podešavanja tonova</target>
   </keywords>
   <keywords>
      <text FeatureID="-1">profili</text>
      <target FeatureID="-1" href="MODE_HLP_PROFILES_LIST.html">Profili</target>
   </keywords>
   <keywords>
      <text FeatureID="-1">promena profila</text>
      <target FeatureID="-1" href="MODE_HLP_PROFILES_LIST.html">Profili</target>
   </keywords>
</keywords>