<?xml version="1.0" encoding="UTF-8"?>
<keywords>
   <keywords>
      <text FeatureID="-1">mezuak berriz bidaltzen</text>
      <target FeatureID="-1" href="MMS_HLP_MMS_FWD_REQUEST.html">Multimedia mezuak berriz bidaltzea</target>
   </keywords>
   <keywords>
      <text FeatureID="-1">multimedia mezuak</text>
      <target FeatureID="-1" href="MMS_HLP_MMS_FWD_REQUEST_SEND.html">Bidalitako gaietako eskaerak berriz bidaltzea</target>
   </keywords>
   <keywords>
      <text FeatureID="-1">multimedia jakinarazpenak</text>
      <target FeatureID="-1" href="MMS_HLP_NOTIFICATION_VIEWER.html">Multimedia jakinarazpenak</target>
   </keywords>
   <keywords>
      <text FeatureID="-1">multimedia objektuak</text>
      <target FeatureID="-1" href="MMS_HLP_OBJECTS_VIEW_VIEWER.html">Multimediako objektuak ikustea</target>
      <target FeatureID="-1" href="MMS_HLP_OBJECTS_VIEW_VIEWER.html">Multimediako objektuak ikustea</target>
   </keywords>
   <keywords>
      <text FeatureID="-1">multimedia-mezuak</text>
      <target FeatureID="-1" href="MMS_HLP_MMS_VIEWER.html">Multimedia-mezuak ikusi</target>
   </keywords>
   <keywords>
      <text FeatureID="-1">MMS</text>
      <target FeatureID="-1" href="MMS_HLP_MMS_VIEWER.html">Multimedia-mezuak ikusi</target>
   </keywords>
</keywords>