<?xml version="1.0" encoding="UTF-8"?><?xml-stylesheet  href="../../theme/xsl/index2html.xslt" type="text/xsl"?>
<topics FeatureID="-1" title="비디오 &amp; TV" compressed="true">
   <topicref FeatureID="-1" href="IPTV_HLP_MAIN_STATE.html" navtitle="비디오 &amp; TV"/>
   <topicref FeatureID="-1" href="IPTV_HLP_VODCAST_MAIN.html" navtitle="비디오 피드"/>
   <topicref FeatureID="-1" href="IPTV_HLP_SERVICE_SELECTION_VOD.html" navtitle="비디오 서비스 선택"/>
   <topicref FeatureID="-1" href="IPTV_HLP_VOD_CATEGORIES.html" navtitle="비디오 범주"/>
   <topicref FeatureID="-1" href="IPTV_HLP_VOD.html" navtitle="동영상 보기 및 다운로드"/>
   <topicref FeatureID="-1" href="IPTV_HLP_SCHEDULE_DOWNLOAD.html" navtitle="다운로드 예약"/>
   <topicref FeatureID="-1" href="IPTV_HLP_STORAGE.html" navtitle="내 비디오"/>
   <topicref FeatureID="-1" href="IPTV_HLP_SETTINGS.html" navtitle="비디오 &amp; TV 설정"/>
   <topicref FeatureID="-1" href="IPTV_HLP_SERVICE_SEL_VODCAST.html" navtitle="비디오 피드 선택"/>
   <topicref FeatureID="-1" href="IPTV_HLP_ADD_SERVICE.html" navtitle="비디오 피드 추가"/>
</topics>