<?xml version="1.0" encoding="UTF-8"?>
<keywords>
   <keywords>
      <text FeatureID="-1">VPN (רשת וירטואלית פרטית)</text>
      <target FeatureID="-1" href="SET_HLP_VPN_LOG_VIEW.html">יומן VPN</target>
      <target FeatureID="-1" href="SET_HLP_VPN_CONFIG_MAIN.html">ניהול VPN</target>
      <target FeatureID="-1" href="SET_HLP_VPN_POLICY_VIEW.html">מדיניות VPN</target>
      <target FeatureID="-1" href="SET_HLP_VPN_POLICY_SERVERS.html">שרתי מדיניות VPN</target>
      <target FeatureID="-1" href="SET_HLP_VPN_POLICY_SERVER_SET.html">הגדרות שרת VPN</target>
   </keywords>
</keywords>