<?xml version="1.0" encoding="UTF-8"?><?xml-stylesheet  href="../../theme/xsl/index2html.xslt" type="text/xsl"?>
<topics FeatureID="-1" title="Pagmemensahe" compressed="true">
   <topicref FeatureID="-1" href="MCE_HLP_MESSAGING.html" navtitle="Messaging centre"/>
   <topicref FeatureID="-1" href="MCE_HLP_SIM.html" navtitle="Tingnan ang mga mensahe sa SIM"/>
   <topicref FeatureID="-1" href="MCE_HLP_SETTINGS.html" navtitle="Mga setting sa pagmemensahe"/>
   <topicref FeatureID="-1" href="MCE_HLP_SETTINGS_SMS.html" navtitle="Mga setting ng text message"/>
   <topicref FeatureID="-1" href="SMS_HLP_SETTINGS_SCENTRES.html" navtitle="Mga setting ng text msg. centre"/>
   <topicref FeatureID="-1" href="SMS_HLP_SETTINGS_SCENTRES_EDIT.html" navtitle="I-edit ang mga text msg. centre"/>
   <topicref FeatureID="true_1092" href="SMS_HLP_SETTINGS_SMS_EMAIL.html" navtitle="Settn ng e-mail ng text msg."/>
   <topicref FeatureID="-1" href="MCE_HLP_SETTINGS_MMS.html" navtitle="Mga setting ng multim. msg."/>
   <topicref FeatureID="true_1090" href="MCE_HLP_SETTINGS_CB.html" navtitle="Mga setting ng cell broadcast"/>
   <topicref FeatureID="-1" href="MCE_HLP_SETTINGS_GEN.html" navtitle="Iba pang mga setting"/>
   <topicref FeatureID="-1" href="MCE_HLP_INBOX.html" navtitle="Inbox"/>
   <topicref FeatureID="-1" href="MCE_HLP_DOCUMENTS.html" navtitle="Aking mga folder"/>
   <topicref FeatureID="-1" href="MCE_HLP_TEMPLATES.html" navtitle="Mga template ng mensahe"/>
   <topicref FeatureID="-1" href="MCE_HLP_FOLDER.html" navtitle="Magsaayos ng mga mensahe"/>
   <topicref FeatureID="-1" href="MCE_HLP_DRAFTS.html" navtitle="Mga draft"/>
   <topicref FeatureID="-1" href="MCE_HLP_SENT_ITEMS.html" navtitle="Mga naipadalang mensahe"/>
   <topicref FeatureID="-1" href="MCE_HLP_OUTBOX.html" navtitle="Outbox"/>
   <topicref FeatureID="-1" href="MCE_HLP_DELIVERY_REPORTS.html" navtitle="Mga ulat sa paghahatid"/>
   <topicref FeatureID="true_1132" href="MCE_HLP_MMS_NOTIFICATIONS.html" navtitle="Mga abisong multimedia"/>
</topics>