<?xml version="1.0" encoding="UTF-8"?>
<keywords>
   <keywords>
      <text FeatureID="-1">pagpapadala ng mga mensahe</text>
      <target FeatureID="-1" href="MCE_HLP_MESSAGING.html">Messaging centre</target>
      <target FeatureID="-1" href="MCE_HLP_OUTBOX.html">Outbox</target>
   </keywords>
   <keywords>
      <text FeatureID="-1">pagtanggap ng mga mensahe</text>
      <target FeatureID="-1" href="MCE_HLP_MESSAGING.html">Messaging centre</target>
      <target FeatureID="-1" href="MCE_HLP_INBOX.html">Inbox</target>
   </keywords>
   <keywords>
      <text FeatureID="-1">Mga mensahe sa SIM</text>
      <target FeatureID="-1" href="MCE_HLP_SIM.html">Tingnan ang mga mensahe sa SIM</target>
   </keywords>
   <keywords>
      <text FeatureID="-1">mga mensahe sa SIM card</text>
      <target FeatureID="-1" href="MCE_HLP_SIM.html">Tingnan ang mga mensahe sa SIM</target>
   </keywords>
   <keywords>
      <text FeatureID="-1">mga setting sa pagmemensahe</text>
      <target FeatureID="-1" href="MCE_HLP_SETTINGS.html">Mga setting sa pagmemensahe</target>
      <target FeatureID="-1" href="MCE_HLP_SETTINGS_GEN.html">Iba pang mga setting</target>
   </keywords>
   <keywords>
      <text FeatureID="-1">Mga setting ng SMS</text>
      <target FeatureID="-1" href="MCE_HLP_SETTINGS_SMS.html">Mga setting ng text message</target>
   </keywords>
   <keywords>
      <text FeatureID="-1">mga setting ng text message</text>
      <target FeatureID="-1" href="MCE_HLP_SETTINGS_SMS.html">Mga setting ng text message</target>
      <target FeatureID="-1" href="SMS_HLP_SETTINGS_SCENTRES.html">Mga setting ng text msg. centre</target>
      <target FeatureID="-1" href="SMS_HLP_SETTINGS_SCENTRES_EDIT.html">I-edit ang mga text msg. centre</target>
   </keywords>
   <keywords>
      <text FeatureID="-1">mga setting ng message centre</text>
      <target FeatureID="-1" href="SMS_HLP_SETTINGS_SCENTRES.html">Mga setting ng text msg. centre</target>
      <target FeatureID="-1" href="SMS_HLP_SETTINGS_SCENTRES_EDIT.html">I-edit ang mga text msg. centre</target>
   </keywords>
   <keywords>
      <text FeatureID="-1">mga setting ng SMS centre</text>
      <target FeatureID="-1" href="SMS_HLP_SETTINGS_SCENTRES.html">Mga setting ng text msg. centre</target>
   </keywords>
   <keywords>
      <text FeatureID="true_1092">e-mail na text message</text>
      <target FeatureID="true_1092" href="SMS_HLP_SETTINGS_SMS_EMAIL.html">Settn ng e-mail ng text msg.</target>
   </keywords>
   <keywords>
      <text FeatureID="true_1092">mga setting ng sms e-mail</text>
      <target FeatureID="true_1092" href="SMS_HLP_SETTINGS_SMS_EMAIL.html">Settn ng e-mail ng text msg.</target>
   </keywords>
   <keywords>
      <text FeatureID="-1">Mga setting ng MMS</text>
      <target FeatureID="-1" href="MCE_HLP_SETTINGS_MMS.html">Mga setting ng multim. msg.</target>
   </keywords>
   <keywords>
      <text FeatureID="true_1090">mga setting ng cell broadcast</text>
      <target FeatureID="true_1090" href="MCE_HLP_SETTINGS_CB.html">Mga setting ng cell broadcast</target>
   </keywords>
   <keywords>
      <text FeatureID="-1">inbox</text>
      <target FeatureID="-1" href="MCE_HLP_INBOX.html">Inbox</target>
   </keywords>
   <keywords>
      <text FeatureID="-1">aking mga folder</text>
      <target FeatureID="-1" href="MCE_HLP_DOCUMENTS.html">Aking mga folder</target>
   </keywords>
   <keywords>
      <text FeatureID="-1">pag-iimbak ng mga mensahe</text>
      <target FeatureID="-1" href="MCE_HLP_DOCUMENTS.html">Aking mga folder</target>
   </keywords>
   <keywords>
      <text FeatureID="-1">pagpapadala ng mga template</text>
      <target FeatureID="-1" href="MCE_HLP_TEMPLATES.html">Mga template ng mensahe</target>
   </keywords>
   <keywords>
      <text FeatureID="-1">mga template ng mensahe</text>
      <target FeatureID="-1" href="MCE_HLP_TEMPLATES.html">Mga template ng mensahe</target>
   </keywords>
   <keywords>
      <text FeatureID="-1">pagsasaayos ng mga mensahe</text>
      <target FeatureID="-1" href="MCE_HLP_FOLDER.html">Magsaayos ng mga mensahe</target>
   </keywords>
   <keywords>
      <text FeatureID="-1">pagse-save ng draft ng mga mensahe</text>
      <target FeatureID="-1" href="MCE_HLP_DRAFTS.html">Mga draft</target>
   </keywords>
   <keywords>
      <text FeatureID="-1">draft ng mga mensahe</text>
      <target FeatureID="-1" href="MCE_HLP_DRAFTS.html">Mga draft</target>
   </keywords>
   <keywords>
      <text FeatureID="-1">mga naipadalang mensahe</text>
      <target FeatureID="-1" href="MCE_HLP_SENT_ITEMS.html">Mga naipadalang mensahe</target>
   </keywords>
   <keywords>
      <text FeatureID="-1">pagtingin sa outbox</text>
      <target FeatureID="-1" href="MCE_HLP_OUTBOX.html">Outbox</target>
   </keywords>
   <keywords>
      <text FeatureID="-1">mga delivery report</text>
      <target FeatureID="-1" href="MCE_HLP_DELIVERY_REPORTS.html">Mga ulat sa paghahatid</target>
   </keywords>
   <keywords>
      <text FeatureID="true_1132">Mga abisong MMS</text>
      <target FeatureID="true_1132" href="MCE_HLP_MMS_NOTIFICATIONS.html">Mga abisong multimedia</target>
   </keywords>
</keywords>