<?xml version="1.0" encoding="UTF-8"?>
<keywords>
   <keywords>
      <text FeatureID="-1">dešifriranje, pomnilniška kartica</text>
      <target FeatureID="-1" href="ES_HLP_ENCRYPTION_DECRYPT.html">Dešifriranje pomnilniške kartice</target>
   </keywords>
   <keywords>
      <text FeatureID="-1">šifriranje, pomnilniška kartica</text>
      <target FeatureID="-1" href="ES_HLP_ENCRYPTION_ENCRYPT.html">Šifriranje pomnilniške kartice</target>
   </keywords>
   <keywords>
      <text FeatureID="-1">šifriranje, pomnilnik naprave in pomnilniška kartica</text>
      <target FeatureID="-1" href="ES_HLP_ENCRYPTION_MAIN.html">Šifriranje ali dešifriranje</target>
   </keywords>
   <keywords>
      <text FeatureID="-1">dešifriranje, pomnilnik naprave in pomnilniška kartica</text>
      <target FeatureID="-1" href="ES_HLP_ENCRYPTION_MAIN.html">Šifriranje ali dešifriranje</target>
   </keywords>
</keywords>