<?xml version="1.0" encoding="UTF-8"?>
<keywords>
   <keywords>
      <text FeatureID="true_13 true_1566">connessione via cavo USB</text>
      <target FeatureID="true_13" href="USB_HLP_MAIN.html">USB, impostazioni</target>
      <target FeatureID="true_1566" href="USB_HLP_PRINT_SETTINGS.html">Impostazioni stampante</target>
   </keywords>
   <keywords>
      <text FeatureID="true_13">connessione via cavo</text>
      <target FeatureID="true_13" href="USB_HLP_MAIN.html">USB, impostazioni</target>
   </keywords>
   <keywords>
      <text FeatureID="true_1566">stampa</text>
      <target FeatureID="true_1566" href="USB_HLP_PRINT_SETTINGS.html">Impostazioni stampante</target>
   </keywords>
   <keywords>
      <text FeatureID="true_1566">impostazioni, stampante</text>
      <target FeatureID="true_1566" href="USB_HLP_PRINT_SETTINGS.html">Impostazioni stampante</target>
   </keywords>
</keywords>