<?xml version="1.0" encoding="UTF-8"?>
<keywords>
   <keywords>
      <text FeatureID="-1">postcard</text>
      <target FeatureID="-1" href="MMS_POSTCARD_HLP_ADDRESS_EDIT.html">Úpravy adres</target>
      <target FeatureID="-1" href="POSTCARD_HLP_ADDRESS_VIEW.html">Zobrazení adres</target>
      <target FeatureID="-1" href="POSTCARD_HLP_GREETING_EDIT.html">Psaní pozdravů</target>
      <target FeatureID="-1" href="POSTCARD_HLP_GREETING_VIEW.html">Zobrazení pozdravů</target>
      <target FeatureID="-1" href="MMS_POSTCARD_HLP_MAIN_EDIT.html">Tvorba pohlednic</target>
   </keywords>
   <keywords>
      <text FeatureID="-1">odesílání pohlednic</text>
      <target FeatureID="-1" href="MMS_POSTCARD_HLP_ADDRESS_EDIT.html">Úpravy adres</target>
      <target FeatureID="-1" href="POSTCARD_HLP_GREETING_EDIT.html">Psaní pozdravů</target>
      <target FeatureID="-1" href="MMS_POSTCARD_HLP_MAIN_EDIT.html">Tvorba pohlednic</target>
   </keywords>
   <keywords>
      <text FeatureID="-1">pohlednice</text>
      <target FeatureID="-1" href="MMS_POSTCARD_HLP_MAIN_VIEW.html">Prohlížení pohlednic</target>
   </keywords>
</keywords>