<?xml version="1.0" encoding="UTF-8"?>
<keywords>
   <keywords>
      <text FeatureID="-1">tassi di cambio</text>
      <target FeatureID="-1" href="CNV_HLP_RATES.html">Valuta base e tassi</target>
   </keywords>
   <keywords>
      <text FeatureID="-1">valuta base</text>
      <target FeatureID="-1" href="CNV_HLP_RATES.html">Valuta base e tassi</target>
   </keywords>
   <keywords>
      <text FeatureID="-1">conversione di valuta</text>
      <target FeatureID="-1" href="CNV_HLP_RATES.html">Valuta base e tassi</target>
   </keywords>
   <keywords>
      <text FeatureID="-1">convertitore</text>
      <target FeatureID="-1" href="CNV_HLP_MAIN_STATE.html">Convertire unità</target>
   </keywords>
   <keywords>
      <text FeatureID="-1">conversione valuta</text>
      <target FeatureID="-1" href="CNV_HLP_MAIN_STATE.html">Convertire unità</target>
   </keywords>
</keywords>