<?xml version="1.0" encoding="UTF-8"?>
<keywords>
   <keywords>
      <text FeatureID="-1">tin nhắn trò chuyện</text>
      <target FeatureID="-1" href="SERVTAB_HLP_CONVERSATION.html">Gửi tin nhắn trò chuyện</target>
   </keywords>
   <keywords>
      <text FeatureID="-1">trò chuyện</text>
      <target FeatureID="-1" href="SERVTAB_HLP_CONVERSATION.html">Gửi tin nhắn trò chuyện</target>
   </keywords>
   <keywords>
      <text FeatureID="-1">cuộc trò chuyện</text>
      <target FeatureID="-1" href="SERVTAB_HLP_CONVERSATION.html">Gửi tin nhắn trò chuyện</target>
   </keywords>
</keywords>