<?xml version="1.0" encoding="UTF-8"?>
<keywords>
   <keywords>
      <text FeatureID="-1">şifre çözme, hafıza kartı</text>
      <target FeatureID="-1" href="ES_HLP_ENCRYPTION_DECRYPT.html">Hafıza kartının şifresini çözme</target>
   </keywords>
   <keywords>
      <text FeatureID="-1">şifreleme, hafıza kartı</text>
      <target FeatureID="-1" href="ES_HLP_ENCRYPTION_ENCRYPT.html">Hafıza kartını şifreleme</target>
   </keywords>
   <keywords>
      <text FeatureID="-1">şifreleme, cihaz hafızası ve hafıza kartı</text>
      <target FeatureID="-1" href="ES_HLP_ENCRYPTION_MAIN.html">Şifreleme veya şifre çözme</target>
   </keywords>
   <keywords>
      <text FeatureID="-1">şifre çözme, cihaz hafızası ve hafıza kartı</text>
      <target FeatureID="-1" href="ES_HLP_ENCRYPTION_MAIN.html">Şifreleme veya şifre çözme</target>
   </keywords>
</keywords>