<?xml version="1.0" encoding="UTF-8"?>
<keywords>
   <keywords>
      <text FeatureID="-1">vídeos e TV</text>
      <target FeatureID="-1" href="IPTV_HLP_MAIN_STATE.html">Vídeos e TV</target>
      <target FeatureID="-1" href="IPTV_HLP_VODCAST_MAIN.html">Feeds de vídeo</target>
      <target FeatureID="-1" href="IPTV_HLP_SERVICE_SELECTION_VOD.html">Selecionar serviços de vídeo</target>
      <target FeatureID="-1" href="IPTV_HLP_VOD_CATEGORIES.html">Categorias de vídeo</target>
      <target FeatureID="-1" href="IPTV_HLP_VOD.html">Exibir e fazer download de videoclipes</target>
      <target FeatureID="-1" href="IPTV_HLP_SCHEDULE_DOWNLOAD.html">Agendar downloads</target>
      <target FeatureID="-1" href="IPTV_HLP_STORAGE.html">Meus vídeos</target>
      <target FeatureID="-1" href="IPTV_HLP_SERVICE_SEL_VODCAST.html">Selecionar feeds de vídeo</target>
      <target FeatureID="-1" href="IPTV_HLP_ADD_SERVICE.html">Adicionar feeds de vídeo</target>
   </keywords>
   <keywords>
      <text FeatureID="-1">feeds de vídeo</text>
      <target FeatureID="-1" href="IPTV_HLP_VODCAST_MAIN.html">Feeds de vídeo</target>
      <target FeatureID="-1" href="IPTV_HLP_VOD_CATEGORIES.html">Categorias de vídeo</target>
      <target FeatureID="-1" href="IPTV_HLP_SERVICE_SEL_VODCAST.html">Selecionar feeds de vídeo</target>
      <target FeatureID="-1" href="IPTV_HLP_ADD_SERVICE.html">Adicionar feeds de vídeo</target>
   </keywords>
   <keywords>
      <text FeatureID="-1">downloads, videoclipes</text>
      <target FeatureID="-1" href="IPTV_HLP_VOD.html">Exibir e fazer download de videoclipes</target>
      <target FeatureID="-1" href="IPTV_HLP_SCHEDULE_DOWNLOAD.html">Agendar downloads</target>
   </keywords>
   <keywords>
      <text FeatureID="-1">vídeos e TV, configurações</text>
      <target FeatureID="-1" href="IPTV_HLP_SETTINGS.html">Configurações de Vídeos e TV</target>
   </keywords>
   <keywords>
      <text FeatureID="-1">configurações, vídeo</text>
      <target FeatureID="-1" href="IPTV_HLP_SETTINGS.html">Configurações de Vídeos e TV</target>
   </keywords>
</keywords>