<?xml version="1.0" encoding="UTF-8"?>
<keywords>
   <keywords>
      <text FeatureID="-1">การตั้งค่าข้อความบริการ</text>
      <target FeatureID="-1" href="WPUSH_HLP_SETTINGS.html">การตั้งค่าข้อความบริการ</target>
   </keywords>
   <keywords>
      <text FeatureID="-1">ข้อความ Push</text>
      <target FeatureID="-1" href="WPUSH_HLP_VIEWER.html">การดูข้อความบริการ</target>
   </keywords>
   <keywords>
      <text FeatureID="-1">ข้อความบริการ</text>
      <target FeatureID="-1" href="WPUSH_HLP_VIEWER.html">การดูข้อความบริการ</target>
   </keywords>
</keywords>