<?xml version="1.0" encoding="UTF-8"?>
<keywords>
   <keywords>
      <text FeatureID="-1">saat, alarmlar</text>
      <target FeatureID="-1" href="CLK_HLP_ALARM_EDITOR.html">Saat alarmı düzenleyici</target>
   </keywords>
   <keywords>
      <text FeatureID="-1">çalar saat</text>
      <target FeatureID="-1" href="CLK_HLP_ALARM_EDITOR.html">Saat alarmı düzenleyici</target>
      <target FeatureID="-1" href="CLK_HLP_REAL_TIME_CLOCK_IN.html">Saat ana görünümü</target>
   </keywords>
   <keywords>
      <text FeatureID="-1">saat</text>
      <target FeatureID="-1" href="CLK_HLP_REAL_TIME_CLOCK_IN.html">Saat ana görünümü</target>
      <target FeatureID="-1" href="CLK_HLP_WRLD_CLK.html">Dünya saati</target>
   </keywords>
   <keywords>
      <text FeatureID="-1">tarih ve saat ayarları</text>
      <target FeatureID="-1" href="CLK_HLP_SETTINGS.html">Tarih ve saat ayarları</target>
   </keywords>
   <keywords>
      <text FeatureID="-1">saat ayarları</text>
      <target FeatureID="-1" href="CLK_HLP_SETTINGS.html">Tarih ve saat ayarları</target>
   </keywords>
   <keywords>
      <text FeatureID="-1">saat, saat dilimleri</text>
      <target FeatureID="-1" href="CLK_HLP_REAL_TIME_CLOCK_AN.html">Yerel saat</target>
   </keywords>
   <keywords>
      <text FeatureID="-1">yerel saat ve saat dilimi</text>
      <target FeatureID="-1" href="CLK_HLP_REAL_TIME_CLOCK_AN.html">Yerel saat</target>
   </keywords>
   <keywords>
      <text FeatureID="-1">dünya saati</text>
      <target FeatureID="-1" href="CLK_HLP_WRLD_CLK.html">Dünya saati</target>
   </keywords>
</keywords>