<?xml version="1.0" encoding="UTF-8"?>
<keywords>
   <keywords>
      <text FeatureID="-1">sistema de música</text>
      <target FeatureID="-1" href="MUS_HLP_MUSIC_SUITE_VIEW.html">Sistema de música</target>
   </keywords>
   <keywords>
      <text FeatureID="-1">reproductor de música</text>
      <target FeatureID="-1" href="MUS_HLP_TRACKS_VIEW.html">Canciones</target>
      <target FeatureID="-1" href="MUS_HLP_CATEGORY_VIEW.html">Categorías de música</target>
      <target FeatureID="-1" href="MUS_HLP_PODCAST_MAIN_VIEW.html">Podcasts</target>
      <target FeatureID="-1" href="MUS_HLP_PODCAST_EPISODES.html">Episodios de podcast</target>
      <target FeatureID="-1" href="MUS_HLP_PLAYLISTS_VIEW.html">Listas de reproducción</target>
      <target FeatureID="-1" href="MUS_HLP_DOWNLOAD_PLAYBACK_VIEW.html">Reproducir música en la Web</target>
      <target FeatureID="-1" href="MUS_HLP_PLAYBACK_VIEW.html">Reproducir música</target>
      <target FeatureID="-1" href="MUS_HLP_LIB_MAIN_VIEW.html">Biblioteca musical</target>
      <target FeatureID="-1" href="MUS_HLP_METADATA_EDITING.html">Editar información de canción</target>
      <target FeatureID="-1" href="MUS_HLP_ALBUM_ART_EDITING.html">Editar arte del álbum</target>
      <target FeatureID="-1" href="MUS_HLP_AUDIO_SETT.html">Configuraciones de audio</target>
   </keywords>
   <keywords>
      <text FeatureID="-1">podcasting</text>
      <target FeatureID="-1" href="MUS_HLP_PODCAST_MAIN_VIEW.html">Podcasts</target>
      <target FeatureID="-1" href="MUS_HLP_PODCAST_EPISODES.html">Episodios de podcast</target>
   </keywords>
   <keywords>
      <text FeatureID="-1">listas de reproducción</text>
      <target FeatureID="-1" href="MUS_HLP_PLAYLISTS_VIEW.html">Listas de reproducción</target>
   </keywords>
   <keywords>
      <text FeatureID="-1">arte del álbum</text>
      <target FeatureID="-1" href="MUS_HLP_ALBUM_ART_EDITING.html">Editar arte del álbum</target>
   </keywords>
   <keywords>
      <text FeatureID="-1">amplificador de bajos</text>
      <target FeatureID="-1" href="MUS_HLP_AUDIO_SETT.html">Configuraciones de audio</target>
   </keywords>
   <keywords>
      <text FeatureID="-1">ampliación estéreo</text>
      <target FeatureID="-1" href="MUS_HLP_AUDIO_SETT.html">Configuraciones de audio</target>
   </keywords>
</keywords>