<?xml version="1.0" encoding="UTF-8"?>
<keywords>
   <keywords>
      <text FeatureID="-1">temas de audio</text>
      <target FeatureID="-1" href="AUDIOTHEME_HLP_EVENTGROUPS.html">Cambiar temas de audio</target>
      <target FeatureID="-1" href="SET_HLP_AUDIO_THEME_EVENTSLIST.html">Sonidos de eventos de dispositivo</target>
   </keywords>
   <keywords>
      <text FeatureID="-1">personalización de dispositivo</text>
      <target FeatureID="-1" href="AUDIOTHEME_HLP_EVENTGROUPS.html">Cambiar temas de audio</target>
      <target FeatureID="-1" href="SET_HLP_AUDIO_THEME_EVENTSLIST.html">Sonidos de eventos de dispositivo</target>
   </keywords>
   <keywords>
      <text FeatureID="-1">sonidos de dispositivo</text>
      <target FeatureID="-1" href="AUDIOTHEME_HLP_EVENTGROUPS.html">Cambiar temas de audio</target>
      <target FeatureID="-1" href="SET_HLP_AUDIO_THEME_EVENTSLIST.html">Sonidos de eventos de dispositivo</target>
   </keywords>
</keywords>