<?xml version="1.0" encoding="UTF-8"?>
<keywords>
   <keywords>
      <text FeatureID="-1">Quickoffice, xestor de ficheiros</text>
      <target FeatureID="-1" href="QFM_HLP_FILE_MENU.html">Xestor de ficheiros</target>
   </keywords>
   <keywords>
      <text FeatureID="-1">Quickoffice</text>
      <target FeatureID="-1" href="QFM_HLP_LOC_MENU.html">Quickoffice</target>
   </keywords>
   <keywords>
      <text FeatureID="-1">Quickpoint</text>
      <target FeatureID="-1" href="QPOINT_HLP_EDIT_SLIDE_VIEW.html">Editar diapositivas</target>
      <target FeatureID="-1" href="QPOINT_HLP_REPLACE_VIEW.html">Buscar e substituír texto</target>
      <target FeatureID="-1" href="QPOINT_HLP_FIND_VIEW.html">Buscar texto</target>
      <target FeatureID="-1" href="QPOINT_HLP_VIEW_SLIDE_VIEW.html">Ver diapositivas</target>
   </keywords>
   <keywords>
      <text FeatureID="-1">Quickpoint, texto</text>
      <target FeatureID="-1" href="QPOINT_HLP_EDIT_TEXT_VIEW.html">Editar o texto</target>
   </keywords>
   <keywords>
      <text FeatureID="-1">Quickpoint, comentarios</text>
      <target FeatureID="-1" href="QPOINT_HLP_COMMENT_VIEW.html">Ver comentarios</target>
   </keywords>
   <keywords>
      <text FeatureID="-1">Quickpoint, notas</text>
      <target FeatureID="-1" href="QPOINT_HLP_VIEW_NOTES_VIEW.html">Ver notas</target>
   </keywords>
   <keywords>
      <text FeatureID="-1">Quickpoint, esquemas</text>
      <target FeatureID="-1" href="QPOINT_HLP_VIEW_OUTLINE_VIEW.html">Ver esquemas</target>
   </keywords>
   <keywords>
      <text FeatureID="-1">Quicksheet, celas</text>
      <target FeatureID="-1" href="QSHEET_HLP_CELLS_EDIT.html">Editar celas</target>
      <target FeatureID="-1" href="QSHEET_HLP_VIEW_CELL.html">Ver celas</target>
   </keywords>
   <keywords>
      <text FeatureID="-1">Quicksheet, columnas</text>
      <target FeatureID="-1" href="QSHEET_HLP_EDIT_COLUMN.html">Editar columnas</target>
   </keywords>
   <keywords>
      <text FeatureID="-1">Quicksheet, rangos</text>
      <target FeatureID="-1" href="QSHEET_HLP_EDIT_RANGE.html">Edición de rangos</target>
   </keywords>
   <keywords>
      <text FeatureID="-1">Quicksheet, filas</text>
      <target FeatureID="-1" href="QSHEET_HLP_EDIT_ROW.html">Editar filas</target>
   </keywords>
   <keywords>
      <text FeatureID="-1">Quicksheet</text>
      <target FeatureID="-1" href="QSHEET_HLP_REPLACE_VIEW.html">Buscar e substituír texto</target>
      <target FeatureID="-1" href="QSHEET_HLP_FIND_VIEW.html">Buscar texto</target>
      <target FeatureID="-1" href="QSHEET_HLP_CELLS_VIEW.html">Ver follas de cálculo</target>
   </keywords>
   <keywords>
      <text FeatureID="-1">Quickword</text>
      <target FeatureID="-1" href="QWORD_HLP_EDIT_MODE.html">Editar documentos</target>
      <target FeatureID="-1" href="QWORD_HLP_FIND_MODE.html">Buscar e substituír texto</target>
      <target FeatureID="-1" href="QWORD_HLP_VIEW_MODE.html">Ver documentos</target>
      <target FeatureID="-1" href="QWORD_HLP_PAGE_VIEW.html">Ver deseño de páxina</target>
   </keywords>
</keywords>