<?xml version="1.0" encoding="UTF-8"?>
<keywords>
   <keywords>
      <text FeatureID="-1">polecenia głosowe</text>
      <target FeatureID="true_72" href="HLP_VC_SIND_FOLDER.html">Widok aplikacji</target>
      <target FeatureID="true_72" href="HLP_VC_SIND_MAIN.html">Używanie poleceń głosowych</target>
      <target FeatureID="-1" href="VCINFO_HLP_MAINVIEW.html">Dla kontaktów</target>
   </keywords>
   <keywords>
      <text FeatureID="-1">ustawienia kom. głos.</text>
      <target FeatureID="-1" href="HLP_VC_SET.html">Ustawienia poleceń głosowych</target>
   </keywords>
</keywords>