<?xml version="1.0" encoding="UTF-8"?>
<keywords>
   <keywords>
      <text FeatureID="-1">تشغيل ملف الفلاش</text>
      <target FeatureID="-1" href="FLITE_HLP_STOPPED.html">لإنهاء تشغيل الفلاش</target>
      <target FeatureID="-1" href="FLITE_HLP_VIEWER_PAUSED.html">إيقاف تشغيل الفلاش مؤقتًا</target>
      <target FeatureID="-1" href="FLITE_HLP_VIEWER_PLAY.html">تشغيل ملفات الفلاش</target>
   </keywords>
   <keywords>
      <text FeatureID="-1">مشغل Flash</text>
      <target FeatureID="-1" href="FLITE_HLP_STOPPED.html">لإنهاء تشغيل الفلاش</target>
      <target FeatureID="-1" href="FLITE_HLP_VIEWER_PAUSED.html">إيقاف تشغيل الفلاش مؤقتًا</target>
      <target FeatureID="-1" href="FLITE_HLP_VIEWER_PLAY.html">تشغيل ملفات الفلاش</target>
   </keywords>
</keywords>