<?xml version="1.0" encoding="UTF-8"?>
<keywords>
   <keywords>
      <text FeatureID="true_13 true_1566">USB 케이블 연결</text>
      <target FeatureID="true_13" href="USB_HLP_MAIN.html">USB 설정</target>
      <target FeatureID="true_1566" href="USB_HLP_PRINT_SETTINGS.html">프린터 설정</target>
   </keywords>
   <keywords>
      <text FeatureID="true_13">케이블 연결</text>
      <target FeatureID="true_13" href="USB_HLP_MAIN.html">USB 설정</target>
   </keywords>
   <keywords>
      <text FeatureID="true_1566">인쇄</text>
      <target FeatureID="true_1566" href="USB_HLP_PRINT_SETTINGS.html">프린터 설정</target>
   </keywords>
   <keywords>
      <text FeatureID="true_1566">설정, 프린터</text>
      <target FeatureID="true_1566" href="USB_HLP_PRINT_SETTINGS.html">프린터 설정</target>
   </keywords>
</keywords>