<?xml version="1.0" encoding="UTF-8"?>
<keywords>
   <keywords>
      <text FeatureID="-1">纪念日条目, 创建</text>
      <target FeatureID="-1" href="FSCA_HLP_ANNIVERSARY_EDITOR.html">创建纪念日条目</target>
   </keywords>
   <keywords>
      <text FeatureID="-1">会议项, 创建</text>
      <target FeatureID="-1" href="FSCA_HLP_CALE_MEETING_EDITOR.html">创建会议项</target>
   </keywords>
   <keywords>
      <text FeatureID="-1">备忘条目, 创建</text>
      <target FeatureID="-1" href="FSCA_HLP_MEMO_EDITOR.html">创建备忘条目</target>
   </keywords>
   <keywords>
      <text FeatureID="-1">待办事项, 创建</text>
      <target FeatureID="-1" href="FSCA_HLP_TODO_EDITOR.html">创建待办事项</target>
   </keywords>
   <keywords>
      <text FeatureID="-1">会议项, 编辑</text>
      <target FeatureID="-1" href="FSCA_HLP_CALE_MEETING_VIEWER.html">编辑会议项</target>
   </keywords>
   <keywords>
      <text FeatureID="-1">备忘条目, 编辑</text>
      <target FeatureID="-1" href="FSCA_HLP_MEMO_VIEWER.html">编辑备忘条目</target>
   </keywords>
   <keywords>
      <text FeatureID="-1">待办事项, 编辑</text>
      <target FeatureID="-1" href="FSCA_HLP_TODO_VIEWER.html">编辑待办事项</target>
   </keywords>
   <keywords>
      <text FeatureID="-1">纪念日条目, 查看</text>
      <target FeatureID="-1" href="FSCA_HLP_ANNI_VIEWER.html">编辑纪念日条目</target>
   </keywords>
   <keywords>
      <text FeatureID="-1">会议请求, 编辑回应</text>
      <target FeatureID="-1" href="FSCA_HLP_RESPONSE_EDITOR.html">编辑回应</target>
   </keywords>
   <keywords>
      <text FeatureID="-1">会议请求, 管理</text>
      <target FeatureID="-1" href="FSCA_HLP_VIEWER_ORGANIZER.html">管理会议请求</target>
   </keywords>
   <keywords>
      <text FeatureID="-1">会议请求, 编辑</text>
      <target FeatureID="-1" href="MEET_REQ_HLP_EDITOR.html">收到的会议请求</target>
   </keywords>
   <keywords>
      <text FeatureID="-1">会议请求, 回应</text>
      <target FeatureID="-1" href="FSCA_HLP_VIEWER.html">回应会议请求</target>
   </keywords>
   <keywords>
      <text FeatureID="-1">名片夹</text>
      <target FeatureID="-1" href="RLOOK_HLP_INFO_VIEW.html">管理已找到的联系人</target>
   </keywords>
   <keywords>
      <text FeatureID="-1">名片夹, 搜索</text>
      <target FeatureID="-1" href="RLOOK_HLP_RESULT_VIEW.html">搜索结果</target>
   </keywords>
   <keywords>
      <text FeatureID="-1">电子邮件, 附件</text>
      <target FeatureID="-1" href="FSE_HLP_ATTACHMENT_LIST_EDITOR.html">增加附件</target>
   </keywords>
   <keywords>
      <text FeatureID="-1">删除的电子邮件</text>
      <target FeatureID="-1" href="FSE_HLP_MESSAGE_LIST_DELETED.html">已删除的电子邮件</target>
   </keywords>
   <keywords>
      <text FeatureID="-1">电子邮件附件下载</text>
      <target FeatureID="-1" href="FSE_HLP_ATTACHMENT_LIST.html">下载附件</target>
   </keywords>
   <keywords>
      <text FeatureID="-1">草拟电子邮件</text>
      <target FeatureID="-1" href="FSE_HLP_MESSAGE_LIST_DRAFTS.html">草拟电子邮件</target>
   </keywords>
   <keywords>
      <text FeatureID="-1">诺基亚电子邮件</text>
      <target FeatureID="-1" href="FSE_HLP_LAUNCHER_GRID.html">诺基亚电子邮件</target>
   </keywords>
   <keywords>
      <text FeatureID="-1">电子邮件</text>
      <target FeatureID="-1" href="FSE_HLP_LAUNCHER_GRID.html">诺基亚电子邮件</target>
   </keywords>
   <keywords>
      <text FeatureID="-1">电子邮件文件夹</text>
      <target FeatureID="-1" href="FSE_HLP_FOLDER_LIST.html">电子邮件文件夹</target>
      <target FeatureID="-1" href="FSE_HLP_SETT_IMAP_SUBSCR.html">申请文件夹</target>
      <target FeatureID="-1" href="FSE_HLP_MESSAGE_LIST_INBOX.html">使用电子邮件文件夹</target>
   </keywords>
   <keywords>
      <text FeatureID="-1">电子邮件设置</text>
      <target FeatureID="-1" href="FSE_HLP_LAUNCHER_SETTINGS.html">常规电子邮件设置</target>
      <target FeatureID="-1" href="FSE_HLP_POP_IMAP_SETT_MAIN.html">电子邮件设置</target>
      <target FeatureID="-1" href="FSE_HLP_IMS_SETTINGS_MAIN_VIEW.html">电子邮件设置</target>
      <target FeatureID="-1" href="FSE_HLP_MFE_SETTINGS_MAIN_VIEW.html">电子邮件设置</target>
   </keywords>
   <keywords>
      <text FeatureID="-1">全局电子邮件设置</text>
      <target FeatureID="-1" href="FSE_HLP_SETTINGS_GLOBAL.html">全局电子邮件设置</target>
   </keywords>
   <keywords>
      <text FeatureID="-1">HTML 电子邮件</text>
      <target FeatureID="-1" href="FS_VIEWER_HLP_HTML_VIEW.html">HTML 格式的电子邮件</target>
   </keywords>
   <keywords>
      <text FeatureID="-1">高级电子邮件设置</text>
      <target FeatureID="-1" href="FSE_HLP_POP_IMAP_SETT_ADV.html">高级电子邮件设置</target>
   </keywords>
   <keywords>
      <text FeatureID="-1">接收电子邮件设置</text>
      <target FeatureID="-1" href="FSE_HLP_POP_IMAP_SETT_INCOMING.html">接收电子邮件设置</target>
   </keywords>
   <keywords>
      <text FeatureID="-1">发送电子邮件设置</text>
      <target FeatureID="-1" href="FSE_HLP_POP_IMAP_SETT_OUTGOING.html">发送电子邮件设置</target>
   </keywords>
   <keywords>
      <text FeatureID="-1">电子邮件同步</text>
      <target FeatureID="-1" href="FSE_HLP_POP_IMAP_SETT_WHAT.html">选择同步内容</target>
   </keywords>
   <keywords>
      <text FeatureID="-1">电子邮件同步时间</text>
      <target FeatureID="-1" href="FSE_HLP_POP_IMAP_SETT_WHEN.html">选择同步时间</target>
      <target FeatureID="-1" href="FSE_HLP_IMS_SETTINGS_WHEN_SYNC.html">定义同步时间</target>
      <target FeatureID="-1" href="FSE_HLP_MFE_SETTINGS_WHEN_SYNC.html">选择同步时间</target>
      <target FeatureID="-1" href="FSE_HLP_SETTINGS_WHEN_SYNC.html">同步时间</target>
   </keywords>
   <keywords>
      <text FeatureID="-1">电子邮件帐户设置</text>
      <target FeatureID="-1" href="FSE_HLP_IMS_SETTINGS_ACCT_INFO.html">电子邮件帐户设置</target>
   </keywords>
   <keywords>
      <text FeatureID="-1">高级信箱设置</text>
      <target FeatureID="-1" href="FSE_HLP_IMS_SETTINGS_ADVANCED.html">高级信箱设置</target>
      <target FeatureID="-1" href="FSE_HLP_MFE_SETTINGS_ADVANCED.html">信箱的高级设置</target>
   </keywords>
   <keywords>
      <text FeatureID="-1">信箱设置</text>
      <target FeatureID="-1" href="FSE_HLP_IMS_SETTINGS_MAILBOX.html">信箱设置</target>
      <target FeatureID="-1" href="FSE_HLP_MFE_SETTINGS_MAILBOX.html">常规信箱设置</target>
   </keywords>
   <keywords>
      <text FeatureID="-1">电子邮件同步内容</text>
      <target FeatureID="-1" href="FSE_HLP_IMS_SETTINGS_WHAT_SYNC.html">定义同步内容</target>
      <target FeatureID="-1" href="FSE_HLP_MFE_SETTINGS_WHAT_SYNC.html">选择同步内容</target>
   </keywords>
   <keywords>
      <text FeatureID="-1">电子邮件文件夹同步</text>
      <target FeatureID="-1" href="FSE_HLP_IMS_SETTINGS_FOLDER.html">同步电子邮件文件夹</target>
      <target FeatureID="-1" href="FSE_HLP_MFE_SETTINGS_FOLDER.html">同步设置</target>
   </keywords>
   <keywords>
      <text FeatureID="-1">电子邮件服务设置</text>
      <target FeatureID="-1" href="FSE_HLP_SETTINGS_INTELL_LIST.html">电子邮件服务设置</target>
   </keywords>
   <keywords>
      <text FeatureID="-1">Intellisync</text>
      <target FeatureID="-1" href="FSE_HLP_IMS_LAUNCHER_MAIN_VIEW.html">Intellisync 电子邮件</target>
   </keywords>
   <keywords>
      <text FeatureID="-1">Mail for Exchange</text>
      <target FeatureID="-1" href="FSE_HLP_MFE_LAUNCHER_MAIN_VIEW.html">Mail for Exchange 电子邮件</target>
   </keywords>
   <keywords>
      <text FeatureID="-1">电子邮件详情</text>
      <target FeatureID="-1" href="FS_VIEWER_HLP_DETAILS_VIEW.html">邮件详情</target>
   </keywords>
   <keywords>
      <text FeatureID="-1">电子邮件同步设置</text>
      <target FeatureID="-1" href="FSE_HLP_MFE_SETTINGS_PIM_APPS.html">应用程序同步设置</target>
   </keywords>
   <keywords>
      <text FeatureID="-1">日历同步</text>
      <target FeatureID="-1" href="FSE_HLP_MFE_CALENDAR_APP.html">日历同步设置</target>
   </keywords>
   <keywords>
      <text FeatureID="-1">联系人同步,</text>
      <target FeatureID="-1" href="FSE_HLP_MFE_CONTACTS_APP.html">联系人同步设置</target>
   </keywords>
   <keywords>
      <text FeatureID="-1">待办事项同步</text>
      <target FeatureID="-1" href="FSE_HLP_MFE_TASKS_APP.html">待办事项同步设置</target>
   </keywords>
   <keywords>
      <text FeatureID="-1">没有电子邮件</text>
      <target FeatureID="-1" href="FSE_HLP_MESSAGE_LIST_EMPTY.html">无电子邮件</target>
   </keywords>
   <keywords>
      <text FeatureID="-1">电子邮件发件箱</text>
      <target FeatureID="-1" href="FSE_HLP_MESSAGE_LIST_OUTBOX.html">使用发件箱</target>
   </keywords>
   <keywords>
      <text FeatureID="-1">会议请求</text>
      <target FeatureID="-1" href="FS_VIEWER_HLP_MEETING_REQ_VIEW.html">会议请求</target>
   </keywords>
   <keywords>
      <text FeatureID="-1">电子邮件搜索</text>
      <target FeatureID="-1" href="FSE_HLP_MESSAGE_LIST_SEARCHING.html">搜索电子邮件</target>
   </keywords>
   <keywords>
      <text FeatureID="-1">电子邮件搜索结果</text>
      <target FeatureID="-1" href="FSE_HLP_MESSAGE_LIST_SEARCHED.html">搜索结果</target>
   </keywords>
   <keywords>
      <text FeatureID="-1">发送电子邮件</text>
      <target FeatureID="-1" href="FS_EDITOR_HLP_MAIN_VIEW.html">发送电子邮件</target>
   </keywords>
   <keywords>
      <text FeatureID="-1">PIM 服务</text>
      <target FeatureID="-1" href="FSE_HLP_SETTINGS_PIM_VIEW.html">PIM 服务</target>
   </keywords>
   <keywords>
      <text FeatureID="-1">同步应用程序</text>
      <target FeatureID="-1" href="FSE_HLP_SETTINGS_APPLICATIONS.html">同步应用程序</target>
   </keywords>
   <keywords>
      <text FeatureID="-1">电子邮件附件</text>
      <target FeatureID="-1" href="FSE_HLP_ATTACHMENT_DOWNLOAD.html">查看附件下载</target>
   </keywords>
   <keywords>
      <text FeatureID="-1">收到的电子邮件</text>
      <target FeatureID="-1" href="FS_VIEWER_HLP_MAIN_VIEW.html">使用收到的电子邮件</target>
   </keywords>
</keywords>