<?xml version="1.0" encoding="UTF-8"?>
<keywords>
   <keywords>
      <text FeatureID="-1">anniversary entries</text>
      <target FeatureID="-1" href="FSCA_HLP_ANNIVERSARY_EDITOR.html">Create anniversary entries</target>
      <target FeatureID="-1" href="FSCA_HLP_ANNI_VIEWER.html">Edit anniversary entries</target>
   </keywords>
   <keywords>
      <text FeatureID="-1">meeting entries</text>
      <target FeatureID="-1" href="FSCA_HLP_CALE_MEETING_EDITOR.html">Create meeting entries</target>
      <target FeatureID="-1" href="FSCA_HLP_CALE_MEETING_VIEWER.html">Edit meeting entries</target>
   </keywords>
   <keywords>
      <text FeatureID="-1">memo entries</text>
      <target FeatureID="-1" href="FSCA_HLP_MEMO_EDITOR.html">Create memo entries</target>
      <target FeatureID="-1" href="FSCA_HLP_MEMO_VIEWER.html">Edit memo entries</target>
   </keywords>
   <keywords>
      <text FeatureID="-1">to-do entries</text>
      <target FeatureID="-1" href="FSCA_HLP_TODO_EDITOR.html">Create to-do entries</target>
      <target FeatureID="-1" href="FSCA_HLP_TODO_VIEWER.html">Edit to-do entries</target>
   </keywords>
   <keywords>
      <text FeatureID="-1">meeting requests</text>
      <target FeatureID="-1" href="FSCA_HLP_RESPONSE_EDITOR.html">Edit your response</target>
      <target FeatureID="-1" href="FSCA_HLP_VIEWER_ORGANIZER.html">Manage meeting requests</target>
      <target FeatureID="-1" href="MEET_REQ_HLP_EDITOR.html">Received meeting requests</target>
      <target FeatureID="-1" href="FSCA_HLP_VIEWER.html">Respond to meeting requests</target>
   </keywords>
   <keywords>
      <text FeatureID="-1">名片夹</text>
      <target FeatureID="-1" href="RLOOK_HLP_INFO_VIEW.html">管理已找到的联系人</target>
   </keywords>
   <keywords>
      <text FeatureID="-1">名片夹, 搜索</text>
      <target FeatureID="-1" href="RLOOK_HLP_RESULT_VIEW.html">搜索结果</target>
   </keywords>
   <keywords>
      <text FeatureID="-1">电子邮件, 附件</text>
      <target FeatureID="-1" href="FSE_HLP_ATTACHMENT_LIST_EDITOR.html">增加附件</target>
   </keywords>
   <keywords>
      <text FeatureID="-1">删除的电子邮件</text>
      <target FeatureID="-1" href="FSE_HLP_MESSAGE_LIST_DELETED.html">已删除的电子邮件</target>
   </keywords>
   <keywords>
      <text FeatureID="-1">电子邮件附件下载</text>
      <target FeatureID="-1" href="FSE_HLP_ATTACHMENT_LIST.html">下载附件</target>
   </keywords>
   <keywords>
      <text FeatureID="-1">草拟电子邮件</text>
      <target FeatureID="-1" href="FSE_HLP_MESSAGE_LIST_DRAFTS.html">草拟电子邮件</target>
   </keywords>
   <keywords>
      <text FeatureID="-1">诺基亚电子邮件</text>
      <target FeatureID="-1" href="FSE_HLP_LAUNCHER_GRID.html">诺基亚电子邮件</target>
   </keywords>
   <keywords>
      <text FeatureID="-1">电子邮件</text>
      <target FeatureID="-1" href="FSE_HLP_LAUNCHER_GRID.html">诺基亚电子邮件</target>
   </keywords>
   <keywords>
      <text FeatureID="-1">电子邮件文件夹</text>
      <target FeatureID="-1" href="FSE_HLP_FOLDER_LIST.html">电子邮件文件夹</target>
      <target FeatureID="-1" href="FSE_HLP_SETT_IMAP_SUBSCR.html">申请文件夹</target>
      <target FeatureID="-1" href="FSE_HLP_MESSAGE_LIST_INBOX.html">使用电子邮件文件夹</target>
   </keywords>
   <keywords>
      <text FeatureID="-1">电子邮件设置</text>
      <target FeatureID="-1" href="FSE_HLP_LAUNCHER_SETTINGS.html">常规电子邮件设置</target>
      <target FeatureID="-1" href="FSE_HLP_POP_IMAP_SETT_MAIN.html">电子邮件设置</target>
      <target FeatureID="-1" href="FSE_HLP_MFE_SETTINGS_MAIN_VIEW.html">电子邮件设置</target>
   </keywords>
   <keywords>
      <text FeatureID="-1">全局电子邮件设置</text>
      <target FeatureID="-1" href="FSE_HLP_SETTINGS_GLOBAL.html">全局电子邮件设置</target>
   </keywords>
   <keywords>
      <text FeatureID="-1">HTML 电子邮件</text>
      <target FeatureID="-1" href="FS_VIEWER_HLP_HTML_VIEW.html">HTML 格式的电子邮件</target>
   </keywords>
   <keywords>
      <text FeatureID="-1">高级电子邮件设置</text>
      <target FeatureID="-1" href="FSE_HLP_POP_IMAP_SETT_ADV.html">高级电子邮件设置</target>
   </keywords>
   <keywords>
      <text FeatureID="-1">接收电子邮件设置</text>
      <target FeatureID="-1" href="FSE_HLP_POP_IMAP_SETT_INCOMING.html">接收电子邮件设置</target>
   </keywords>
   <keywords>
      <text FeatureID="-1">发送电子邮件设置</text>
      <target FeatureID="-1" href="FSE_HLP_POP_IMAP_SETT_OUTGOING.html">发送电子邮件设置</target>
   </keywords>
   <keywords>
      <text FeatureID="-1">电子邮件同步</text>
      <target FeatureID="-1" href="FSE_HLP_POP_IMAP_SETT_WHAT.html">选择同步内容</target>
   </keywords>
   <keywords>
      <text FeatureID="-1">电子邮件同步时间</text>
      <target FeatureID="-1" href="FSE_HLP_POP_IMAP_SETT_WHEN.html">选择同步时间</target>
      <target FeatureID="-1" href="FSE_HLP_MFE_SETTINGS_WHEN_SYNC.html">选择同步时间</target>
      <target FeatureID="-1" href="FSE_HLP_SETTINGS_WHEN_SYNC.html">同步时间</target>
   </keywords>
   <keywords>
      <text FeatureID="-1">Mail for Exchange</text>
      <target FeatureID="-1" href="FSE_HLP_MFE_LAUNCHER_MAIN_VIEW.html">Mail for Exchange 邮件</target>
   </keywords>
   <keywords>
      <text FeatureID="-1">电子邮件详情</text>
      <target FeatureID="-1" href="FS_VIEWER_HLP_DETAILS_VIEW.html">邮件详情</target>
   </keywords>
   <keywords>
      <text FeatureID="-1">高级信箱设置</text>
      <target FeatureID="-1" href="FSE_HLP_MFE_SETTINGS_ADVANCED.html">信箱的高级设置</target>
   </keywords>
   <keywords>
      <text FeatureID="-1">电子邮件同步设置</text>
      <target FeatureID="-1" href="FSE_HLP_MFE_SETTINGS_PIM_APPS.html">应用程序同步设置</target>
   </keywords>
   <keywords>
      <text FeatureID="-1">日历同步</text>
      <target FeatureID="-1" href="FSE_HLP_MFE_CALENDAR_APP.html">日历同步设置</target>
   </keywords>
   <keywords>
      <text FeatureID="-1">联系人同步,</text>
      <target FeatureID="-1" href="FSE_HLP_MFE_CONTACTS_APP.html">联系人同步设置</target>
   </keywords>
   <keywords>
      <text FeatureID="-1">信箱设置</text>
      <target FeatureID="-1" href="FSE_HLP_MFE_SETTINGS_MAILBOX.html">常规信箱设置</target>
   </keywords>
   <keywords>
      <text FeatureID="-1">电子邮件同步内容</text>
      <target FeatureID="-1" href="FSE_HLP_MFE_SETTINGS_WHAT_SYNC.html">选择同步内容</target>
   </keywords>
   <keywords>
      <text FeatureID="-1">电子邮件文件夹同步</text>
      <target FeatureID="-1" href="FSE_HLP_MFE_SETTINGS_FOLDER.html">同步设置</target>
   </keywords>
   <keywords>
      <text FeatureID="-1">待办事项同步</text>
      <target FeatureID="-1" href="FSE_HLP_MFE_TASKS_APP.html">待办事项同步设置</target>
   </keywords>
   <keywords>
      <text FeatureID="-1">没有电子邮件</text>
      <target FeatureID="-1" href="FSE_HLP_MESSAGE_LIST_EMPTY.html">无电子邮件</target>
   </keywords>
   <keywords>
      <text FeatureID="-1">电子邮件发件箱</text>
      <target FeatureID="-1" href="FSE_HLP_MESSAGE_LIST_OUTBOX.html">使用发件箱</target>
   </keywords>
   <keywords>
      <text FeatureID="-1">会议请求</text>
      <target FeatureID="-1" href="FS_VIEWER_HLP_MEETING_REQ_VIEW.html">答复会议请求</target>
   </keywords>
   <keywords>
      <text FeatureID="-1">电子邮件搜索</text>
      <target FeatureID="-1" href="FSE_HLP_MESSAGE_LIST_SEARCHING.html">搜索电子邮件</target>
   </keywords>
   <keywords>
      <text FeatureID="-1">电子邮件搜索结果</text>
      <target FeatureID="-1" href="FSE_HLP_MESSAGE_LIST_SEARCHED.html">搜索结果</target>
   </keywords>
   <keywords>
      <text FeatureID="-1">发送电子邮件</text>
      <target FeatureID="-1" href="FS_EDITOR_HLP_MAIN_VIEW.html">发送电子邮件</target>
   </keywords>
   <keywords>
      <text FeatureID="-1">PIM 服务</text>
      <target FeatureID="-1" href="FSE_HLP_SETTINGS_PIM_VIEW.html">PIM 服务</target>
   </keywords>
   <keywords>
      <text FeatureID="-1">同步应用程序</text>
      <target FeatureID="-1" href="FSE_HLP_SETTINGS_APPLICATIONS.html">同步应用程序</target>
   </keywords>
   <keywords>
      <text FeatureID="-1">收到的电子邮件</text>
      <target FeatureID="-1" href="FS_VIEWER_HLP_MAIN_VIEW.html">使用收到的电子邮件</target>
   </keywords>
   <keywords>
      <text FeatureID="-1">邮件, 设置</text>
      <target FeatureID="-1" href="FSE_HLP_SETT.html">设置</target>
   </keywords>
   <keywords>
      <text FeatureID="-1">邮件, 帐户设置</text>
      <target FeatureID="-1" href="FSE_HLP_ACCT_INFO.html">邮件帐户设置</target>
   </keywords>
   <keywords>
      <text FeatureID="-1">邮件, 同步</text>
      <target FeatureID="-1" href="FSE_HLP_SYNC_SETT.html">同步设置</target>
   </keywords>
   <keywords>
      <text FeatureID="-1">邮件, 会议项</text>
      <target FeatureID="-1" href="FS_VIEWER_HLP_MR_RECEIVED.html">会议请求</target>
   </keywords>
   <keywords>
      <text FeatureID="-1">会议项</text>
      <target FeatureID="-1" href="FS_VIEWER_HLP_MR_RECEIVED.html">会议请求</target>
   </keywords>
</keywords>