<?xml version="1.0" encoding="UTF-8"?>
<keywords>
   <keywords>
      <text FeatureID="-1">enregistrar, sons</text>
      <target FeatureID="-1" href="VOREC_HLP_EMPTY_RECORDER.html">Enregistreu clips de so</target>
   </keywords>
   <keywords>
      <text FeatureID="-1">enregistradora de veu</text>
      <target FeatureID="-1" href="VOREC_HLP_MAIN.html">Utilització de l'enregistradora de veu</target>
   </keywords>
   <keywords>
      <text FeatureID="-1">enregistrament de clips de so</text>
      <target FeatureID="-1" href="VOREC_HLP_MAIN.html">Utilització de l'enregistradora de veu</target>
   </keywords>
   <keywords>
      <text FeatureID="-1">configuració de l'enregistradora de veu</text>
      <target FeatureID="-1" href="VOREC_HLP_SETTINGS.html">Configuració de l'enregistradora de veu</target>
   </keywords>
</keywords>