<?xml version="1.0" encoding="UTF-8"?>
<keywords>
   <keywords>
      <text FeatureID="-1">изменение запрограммированных настроек частот</text>
      <target FeatureID="-1" href="EQ_HLP_EDITING_VIEW.html">Изм. запрогр. настр. част.</target>
   </keywords>
   <keywords>
      <text FeatureID="-1">эквалайзер</text>
      <target FeatureID="-1" href="EQ_HLP_LIST_VIEW.html">Запрограммированные настройки частот</target>
   </keywords>
   <keywords>
      <text FeatureID="-1">диапазоны частот</text>
      <target FeatureID="-1" href="EQ_HLP_LIST_VIEW.html">Запрограммированные настройки частот</target>
   </keywords>
   <keywords>
      <text FeatureID="-1">выбор запрограммированных настроек частот</text>
      <target FeatureID="-1" href="EQ_HLP_LIST_VIEW.html">Запрограммированные настройки частот</target>
   </keywords>
</keywords>