<?xml version="1.0" encoding="UTF-8"?>
<keywords>
   <keywords>
      <text FeatureID="-1">certificate</text>
      <target FeatureID="-1" href="AM_HLP_GENERAL_SETTINGS.html">Setări de certificat</target>
   </keywords>
   <keywords>
      <text FeatureID="-1">setări, certificate</text>
      <target FeatureID="-1" href="AM_HLP_GENERAL_SETTINGS.html">Setări de certificat</target>
   </keywords>
   <keywords>
      <text FeatureID="-1">instalarea aplicaţiilor</text>
      <target FeatureID="-1" href="AM_HLP_NOT_INSTALLED.html">Fişiere de instalare</target>
      <target FeatureID="-1" href="AM_HLP_APPLICATION.html">Administrare aplicaţii</target>
   </keywords>
   <keywords>
      <text FeatureID="-1">aplicaţii</text>
      <target FeatureID="-1" href="AM_HLP_NOT_INSTALLED.html">Fişiere de instalare</target>
      <target FeatureID="-1" href="AM_HLP_INSTALLED.html">Aplicaţii instalate</target>
   </keywords>
   <keywords>
      <text FeatureID="-1">instalare software</text>
      <target FeatureID="-1" href="AM_HLP_APPLICATION.html">Administrare aplicaţii</target>
   </keywords>
   <keywords>
      <text FeatureID="-1">cereri permisiune</text>
      <target FeatureID="-1" href="AM_HLP_INSTALL_CAPAB.html">Cereri permisiune</target>
   </keywords>
   <keywords>
      <text FeatureID="-1">instalare suspectă</text>
      <target FeatureID="-1" href="AM_HLP_INSTALL_UNTRUSTED.html">Instalare suspectă</target>
   </keywords>
</keywords>