<?xml version="1.0" encoding="UTF-8"?>
<keywords>
   <keywords>
      <text FeatureID="-1">árfolyamok</text>
      <target FeatureID="-1" href="CNV_HLP_RATES.html">Pénznem­beállítások</target>
   </keywords>
   <keywords>
      <text FeatureID="-1">alappénznem</text>
      <target FeatureID="-1" href="CNV_HLP_RATES.html">Pénznem­beállítások</target>
      <target FeatureID="-1" href="CNV_HLP_MAIN_STATE.html">Mértékegység átváltása</target>
   </keywords>
   <keywords>
      <text FeatureID="-1">pénznemek átváltása</text>
      <target FeatureID="-1" href="CNV_HLP_RATES.html">Pénznem­beállítások</target>
   </keywords>
   <keywords>
      <text FeatureID="-1">átváltó</text>
      <target FeatureID="-1" href="CNV_HLP_MAIN_STATE.html">Mértékegység átváltása</target>
   </keywords>
</keywords>