<?xml version="1.0" encoding="UTF-8"?>
<keywords>
   <keywords>
      <text FeatureID="-1">transferencia de datos</text>
      <target FeatureID="-1" href="SWITCH_HLP_EDIT_SHORTCUT.html">Axustes dos accesos directos</target>
      <target FeatureID="-1" href="SWITCH_HLP_MAIN.html">Datos de transferencia</target>
      <target FeatureID="-1" href="SWITCH_HLP_LOG.html">Rexistro de transferencia</target>
   </keywords>
   <keywords>
      <text FeatureID="-1">transferir datos</text>
      <target FeatureID="-1" href="SWITCH_HLP_EDIT_SHORTCUT.html">Axustes dos accesos directos</target>
      <target FeatureID="-1" href="SWITCH_HLP_MAIN.html">Datos de transferencia</target>
   </keywords>
   <keywords>
      <text FeatureID="-1">accesos directos</text>
      <target FeatureID="-1" href="SWITCH_HLP_EDIT_SHORTCUT.html">Axustes dos accesos directos</target>
   </keywords>
   <keywords>
      <text FeatureID="-1">transferencia de datos, conflitos</text>
      <target FeatureID="-1" href="SWITCH_HLP_CONFLICT.html">Conflitos de transferencia</target>
   </keywords>
   <keywords>
      <text FeatureID="-1">copiar contido</text>
      <target FeatureID="-1" href="SWITCH_HLP_MAIN.html">Datos de transferencia</target>
   </keywords>
   <keywords>
      <text FeatureID="-1">rexistro de transferencia</text>
      <target FeatureID="-1" href="SWITCH_HLP_LOG.html">Rexistro de transferencia</target>
   </keywords>
</keywords>