<?xml version="1.0" encoding="UTF-8"?>
<keywords>
   <keywords>
      <text FeatureID="true_13 true_1566">sambungan kabel USB</text>
      <target FeatureID="true_13" href="USB_HLP_MAIN.html">Pengaturan USB</target>
      <target FeatureID="true_1566" href="USB_HLP_PRINT_SETTINGS.html">Pengaturan printer</target>
   </keywords>
   <keywords>
      <text FeatureID="true_13">sambungan kabel</text>
      <target FeatureID="true_13" href="USB_HLP_MAIN.html">Pengaturan USB</target>
   </keywords>
   <keywords>
      <text FeatureID="true_1566">mencetak</text>
      <target FeatureID="true_1566" href="USB_HLP_PRINT_SETTINGS.html">Pengaturan printer</target>
   </keywords>
   <keywords>
      <text FeatureID="true_1566">pengaturan, printer</text>
      <target FeatureID="true_1566" href="USB_HLP_PRINT_SETTINGS.html">Pengaturan printer</target>
   </keywords>
</keywords>