<?xml version="1.0" encoding="UTF-8"?>
<keywords>
   <keywords>
      <text FeatureID="-1">sertifikaadid</text>
      <target FeatureID="-1" href="AM_HLP_GENERAL_SETTINGS.html">Sertifikaadiseaded</target>
   </keywords>
   <keywords>
      <text FeatureID="-1">seaded, sertifikaadid</text>
      <target FeatureID="-1" href="AM_HLP_GENERAL_SETTINGS.html">Sertifikaadiseaded</target>
   </keywords>
   <keywords>
      <text FeatureID="-1">rakenduste installimine</text>
      <target FeatureID="-1" href="AM_HLP_NOT_INSTALLED.html">Installifailid</target>
      <target FeatureID="-1" href="AM_HLP_APPLICATION.html">Rakenduste haldamine</target>
   </keywords>
   <keywords>
      <text FeatureID="-1">installimata rakendused</text>
      <target FeatureID="-1" href="AM_HLP_NOT_INSTALLED.html">Installifailid</target>
   </keywords>
   <keywords>
      <text FeatureID="-1">installitud rakendused</text>
      <target FeatureID="-1" href="AM_HLP_INSTALLED.html">Installitud rakendused</target>
   </keywords>
   <keywords>
      <text FeatureID="-1">tarkvara installimine</text>
      <target FeatureID="-1" href="AM_HLP_APPLICATION.html">Rakenduste haldamine</target>
   </keywords>
   <keywords>
      <text FeatureID="-1">õiguste taotlemine</text>
      <target FeatureID="-1" href="AM_HLP_INSTALL_CAPAB.html">Õiguste taotlemine</target>
   </keywords>
   <keywords>
      <text FeatureID="-1">kahtlased rakendused</text>
      <target FeatureID="-1" href="AM_HLP_INSTALL_UNTRUSTED.html">Kahtlased rakendused</target>
   </keywords>
</keywords>