<?xml version="1.0" encoding="UTF-8"?>
<keywords>
   <keywords>
      <text FeatureID="true_24">modul keselamatan</text>
      <target FeatureID="-1" href="SECMOD_HLP_ACCESSCODE_VIEW.html">Kod PIN modul keselamatan</target>
      <target FeatureID="-1" href="SECMOD_HLP_MAIN_VIEW.html">Modul keselamatan</target>
      <target FeatureID="-1" href="SEMOD_HLP_SIGNINGCODE_VIEW.html">Edit kod tandatangan</target>
   </keywords>
   <keywords>
      <text FeatureID="true_24">kod PIN</text>
      <target FeatureID="-1" href="SECMOD_HLP_ACCESSCODE_VIEW.html">Kod PIN modul keselamatan</target>
   </keywords>
   <keywords>
      <text FeatureID="true_24">kod modul keselamatan</text>
      <target FeatureID="-1" href="SECMOD_HLP_CODE_VIEW.html">Kod modul keselamatan</target>
   </keywords>
   <keywords>
      <text FeatureID="true_24">kod PIN untuk modul keselamatan</text>
      <target FeatureID="-1" href="SECMOD_HLP_CODE_VIEW.html">Kod modul keselamatan</target>
   </keywords>
   <keywords>
      <text FeatureID="true_24">simpanan kunci</text>
      <target FeatureID="-1" href="SECMOD_HLP_MAIN_VIEW.html">Modul keselamatan</target>
   </keywords>
   <keywords>
      <text FeatureID="true_24">kod tandatangan</text>
      <target FeatureID="-1" href="SEMOD_HLP_SIGNINGCODE_VIEW.html">Edit kod tandatangan</target>
   </keywords>
   <keywords>
      <text FeatureID="true_24">tandatangan digital</text>
      <target FeatureID="-1" href="SEMOD_HLP_SIGNINGCODE_VIEW.html">Edit kod tandatangan</target>
   </keywords>
</keywords>