<?xml version="1.0" encoding="UTF-8"?>
<keywords>
   <keywords>
      <text FeatureID="-1">transférer des messages</text>
      <target FeatureID="-1" href="MMS_HLP_MMS_FWD_REQUEST.html">Transférer messages multimédias</target>
   </keywords>
   <keywords>
      <text FeatureID="-1">messages multimédias</text>
      <target FeatureID="-1" href="MMS_HLP_MMS_FWD_REQUEST_SEND.html">Envoyer demande dans Éléments envoyés</target>
      <target FeatureID="-1" href="MMS_HLP_MMS_VIEWER.html">Afficher messages multimédias</target>
   </keywords>
   <keywords>
      <text FeatureID="-1">notifications multimédias</text>
      <target FeatureID="-1" href="MMS_HLP_NOTIFICATION_VIEWER.html">Notifications multimédias</target>
   </keywords>
   <keywords>
      <text FeatureID="-1">objets multimédias</text>
      <target FeatureID="-1" href="MMS_HLP_OBJECTS_VIEW_VIEWER.html">Affich. objets multimédias</target>
      <target FeatureID="-1" href="MMS_HLP_OBJECTS_VIEW_VIEWER.html">Affich. objets multimédias</target>
   </keywords>
   <keywords>
      <text FeatureID="-1">MMS</text>
      <target FeatureID="-1" href="MMS_HLP_MMS_VIEWER.html">Afficher messages multimédias</target>
   </keywords>
</keywords>