<?xml version="1.0" encoding="UTF-8"?>
<keywords>
   <keywords>
      <text FeatureID="-1">设备管理</text>
      <target FeatureID="-1" href="DM_HLP_MAIN_VIEW.html">设备软件</target>
      <target FeatureID="-1" href="FOTA_HLP_SETTINGS.html">软件更新设置</target>
      <target FeatureID="-1" href="DM_HLP_SETTINGS.html">服务器模式设置</target>
      <target FeatureID="-1" href="DM_HLP_SERVERS_VIEW.html">远程配置</target>
   </keywords>
   <keywords>
      <text FeatureID="-1">配置设置</text>
      <target FeatureID="-1" href="DM_HLP_MAIN_VIEW.html">设备软件</target>
   </keywords>
   <keywords>
      <text FeatureID="-1">软件更新设置</text>
      <target FeatureID="-1" href="FOTA_HLP_SETTINGS.html">软件更新设置</target>
   </keywords>
   <keywords>
      <text FeatureID="-1">服务器模式设置</text>
      <target FeatureID="-1" href="DM_HLP_SETTINGS.html">服务器模式设置</target>
   </keywords>
   <keywords>
      <text FeatureID="-1">远程配置</text>
      <target FeatureID="-1" href="DM_HLP_SERVERS_VIEW.html">远程配置</target>
   </keywords>
</keywords>