<?xml version="1.0" encoding="UTF-8"?>
<keywords>
   <keywords>
      <text FeatureID="-1">синхронизация</text>
      <target FeatureID="-1" href="OTASYNCBU_HLP_MAIN.html">Синхронизация Ovi</target>
   </keywords>
   <keywords>
      <text FeatureID="-1">Синхронизация Ovi</text>
      <target FeatureID="-1" href="OTASYNCBU_HLP_MAIN.html">Синхронизация Ovi</target>
   </keywords>
   <keywords>
      <text FeatureID="-1">синхронизация Ovi</text>
      <target FeatureID="-1" href="OTASYNCBU_HLP_SETTINGS.html">Настройки синхронизации Ovi</target>
   </keywords>
</keywords>