<?xml version="1.0" encoding="UTF-8"?>
<keywords>
   <keywords>
      <text FeatureID="-1">certificats d'autorité</text>
      <target FeatureID="-1" href="CM_HLP_AUTHORITY.html">Certificats d'autorité</target>
   </keywords>
   <keywords>
      <text FeatureID="-1">certificats</text>
      <target FeatureID="-1" href="CM_HLP_AUTHORITY.html">Certificats d'autorité</target>
      <target FeatureID="-1" href="CM_HLP_DEVICE.html">Certificats de l'appareil</target>
      <target FeatureID="-1" href="CM_HLP_MAIN.html">Gestion des certificats</target>
      <target FeatureID="-1" href="CM_HLP_PERSONAL.html">Certificats personnels</target>
      <target FeatureID="-1" href="CM_HLP_TRUSTED_SITE.html">Certificats de sites sécurisés</target>
      <target FeatureID="-1" href="CM_HLP_TRUST_SETTINGS.html">Modifier des paramètres sécurisés</target>
   </keywords>
   <keywords>
      <text FeatureID="-1">certificats de sécurité</text>
      <target FeatureID="-1" href="CM_HLP_AUTHORITY.html">Certificats d'autorité</target>
      <target FeatureID="-1" href="CM_HLP_MAIN.html">Gestion des certificats</target>
   </keywords>
   <keywords>
      <text FeatureID="-1">certificats de l'appareil</text>
      <target FeatureID="-1" href="CM_HLP_DEVICE.html">Certificats de l'appareil</target>
   </keywords>
   <keywords>
      <text FeatureID="-1">certificats personnels</text>
      <target FeatureID="-1" href="CM_HLP_PERSONAL.html">Certificats personnels</target>
   </keywords>
   <keywords>
      <text FeatureID="-1">certificats de sites sécurisés</text>
      <target FeatureID="-1" href="CM_HLP_TRUSTED_SITE.html">Certificats de sites sécurisés</target>
   </keywords>
   <keywords>
      <text FeatureID="-1">paramètres sécurisés</text>
      <target FeatureID="-1" href="CM_HLP_TRUST_SETTINGS.html">Modifier des paramètres sécurisés</target>
   </keywords>
</keywords>