<?xml version="1.0" encoding="UTF-8"?>
<keywords>
   <keywords>
      <text FeatureID="-1">gửi tin nhắn</text>
      <target FeatureID="-1" href="UNIFIED_HLP_EDITOR.html">Tạo tin nhắn</target>
   </keywords>
   <keywords>
      <text FeatureID="-1">trình biên soạn tin nhắn</text>
      <target FeatureID="-1" href="UNIFIED_HLP_EDITOR.html">Tạo tin nhắn</target>
   </keywords>
   <keywords>
      <text FeatureID="-1">đa phương tiện</text>
      <target FeatureID="-1" href="UNIFIED_HLP_SENDING_OPTIONS.html">Tùy chọn gửi</target>
   </keywords>
   <keywords>
      <text FeatureID="-1">các tùy chọn gửi</text>
      <target FeatureID="-1" href="UNIFIED_HLP_SENDING_OPTIONS.html">Tùy chọn gửi</target>
   </keywords>
   <keywords>
      <text FeatureID="-1">đối tượng media</text>
      <target FeatureID="-1" href="UNIFIED_HLP_ED_OBJECTS.html">Các đối tượng media đã nhận</target>
   </keywords>
   <keywords>
      <text FeatureID="-1">các đối tượng đa phương tiện</text>
      <target FeatureID="-1" href="UNIFIED_HLP_ED_OBJECTS.html">Các đối tượng media đã nhận</target>
   </keywords>
</keywords>