<?xml version="1.0" encoding="UTF-8"?>
<keywords>
   <keywords>
      <text FeatureID="-1">paramètres mess. service</text>
      <target FeatureID="-1" href="WPUSH_HLP_SETTINGS.html">Paramètres mess. service</target>
   </keywords>
   <keywords>
      <text FeatureID="-1">messages en temps réel</text>
      <target FeatureID="-1" href="WPUSH_HLP_VIEWER.html">Afficher les messages de service</target>
   </keywords>
   <keywords>
      <text FeatureID="-1">messages de service</text>
      <target FeatureID="-1" href="WPUSH_HLP_VIEWER.html">Afficher les messages de service</target>
   </keywords>
</keywords>