<?xml version="1.0" encoding="UTF-8"?>
<keywords>
   <keywords>
      <text FeatureID="-1">Avspilling av Flash-fil</text>
      <target FeatureID="-1" href="FLITE_HLP_STOPPED.html">Stoppe Flash-avspilling</target>
      <target FeatureID="-1" href="FLITE_HLP_VIEWER_PAUSED.html">Stoppe avspillingen av Flash-filen midlertidig</target>
      <target FeatureID="-1" href="FLITE_HLP_VIEWER_PLAY.html">Spille av Flash-filer</target>
   </keywords>
   <keywords>
      <text FeatureID="-1">Flash-spiller</text>
      <target FeatureID="-1" href="FLITE_HLP_STOPPED.html">Stoppe Flash-avspilling</target>
      <target FeatureID="-1" href="FLITE_HLP_VIEWER_PAUSED.html">Stoppe avspillingen av Flash-filen midlertidig</target>
      <target FeatureID="-1" href="FLITE_HLP_VIEWER_PLAY.html">Spille av Flash-filer</target>
   </keywords>
</keywords>