<?xml version="1.0" encoding="UTF-8"?>
<keywords>
   <keywords>
      <text FeatureID="-1">expedierea mesajelor</text>
      <target FeatureID="-1" href="UNIFIED_HLP_EDITOR.html">Creare mesaje</target>
   </keywords>
   <keywords>
      <text FeatureID="-1">editor mesaje</text>
      <target FeatureID="-1" href="UNIFIED_HLP_EDITOR.html">Creare mesaje</target>
   </keywords>
   <keywords>
      <text FeatureID="-1">mesaje</text>
      <target FeatureID="-1" href="UNIFIED_HLP_SENDING_OPTIONS.html">Opţiuni de expediere</target>
   </keywords>
   <keywords>
      <text FeatureID="-1">opţiuni de expediere</text>
      <target FeatureID="-1" href="UNIFIED_HLP_SENDING_OPTIONS.html">Opţiuni de expediere</target>
   </keywords>
   <keywords>
      <text FeatureID="-1">obiecte media</text>
      <target FeatureID="-1" href="UNIFIED_HLP_ED_OBJECTS.html">Obiecte media recepţionate</target>
   </keywords>
   <keywords>
      <text FeatureID="-1">obiecte multimedia</text>
      <target FeatureID="-1" href="UNIFIED_HLP_ED_OBJECTS.html">Obiecte media recepţionate</target>
   </keywords>
</keywords>