<?xml version="1.0" encoding="UTF-8"?>
<keywords>
   <keywords>
      <text FeatureID="-1">หน้าจอหลัก</text>
      <target FeatureID="-1" href="SET_HLP_HOME_SCREEN.html">หน้าจอหลัก</target>
      <target FeatureID="-1" href="SET_HLP_HOME_SCREEN_EDIT.html">การแก้ไขหน้าจอหลัก</target>
   </keywords>
   <keywords>
      <text FeatureID="-1">เนื้อหา</text>
      <target FeatureID="-1" href="WM_HLP_WIDGET_COLLECTION.html">แคตตาล็อกเนื้อหา</target>
   </keywords>
</keywords>