<?xml version="1.0" encoding="UTF-8"?>
<keywords>
   <keywords>
      <text FeatureID="-1">tarkvara uuendamine</text>
      <target FeatureID="-1" href="SWUPDATE_HLP_MAIN.html">Tarkvarauuendus</target>
   </keywords>
   <keywords>
      <text FeatureID="-1">tarkvarauuendus</text>
      <target FeatureID="-1" href="SWUPDATE_HLP_MAIN.html">Tarkvarauuendus</target>
   </keywords>
   <keywords>
      <text FeatureID="-1">tarkvarauuenduse seaded</text>
      <target FeatureID="-1" href="SWUPDATE_HLP_SETTINGS.html">Tarkvarauuenduse seaded</target>
   </keywords>
</keywords>