<?xml version="1.0" encoding="UTF-8"?>
<keywords>
   <keywords>
      <text FeatureID="-1">avkryptera, minneskort</text>
      <target FeatureID="-1" href="ES_HLP_ENCRYPTION_DECRYPT.html">Avkryptera minneskortet</target>
   </keywords>
   <keywords>
      <text FeatureID="-1">kryptering, minneskort</text>
      <target FeatureID="-1" href="ES_HLP_ENCRYPTION_ENCRYPT.html">Kryptera minneskortet</target>
   </keywords>
   <keywords>
      <text FeatureID="-1">kryptering, enhetsminne och minneskort</text>
      <target FeatureID="-1" href="ES_HLP_ENCRYPTION_MAIN.html">Kryptera eller avkryptera</target>
   </keywords>
   <keywords>
      <text FeatureID="-1">avkryptera, enhetsminne och minneskort</text>
      <target FeatureID="-1" href="ES_HLP_ENCRYPTION_MAIN.html">Kryptera eller avkryptera</target>
   </keywords>
</keywords>