<?xml version="1.0" encoding="UTF-8"?>
<keywords>
   <keywords>
      <text FeatureID="-1">radyo</text>
      <target FeatureID="-1" href="FMRADIO_HLP_MAIN.html">Radyo dinleme</target>
      <target FeatureID="-1" href="FMRADIO_HLP_SEARCH.html">İstasyon arama</target>
      <target FeatureID="-1" href="FMRADIO_HLP_LIST.html"> Radyo istasyonlarını yönetme</target>
   </keywords>
   <keywords>
      <text FeatureID="-1">FM radyo</text>
      <target FeatureID="-1" href="FMRADIO_HLP_MAIN.html">Radyo dinleme</target>
      <target FeatureID="-1" href="FMRADIO_HLP_SEARCH.html">İstasyon arama</target>
      <target FeatureID="-1" href="FMRADIO_HLP_LIST.html"> Radyo istasyonlarını yönetme</target>
   </keywords>
</keywords>