<?xml version="1.0" encoding="UTF-8"?>
<keywords>
   <keywords>
      <text FeatureID="-1">postkort</text>
      <target FeatureID="-1" href="MMS_POSTCARD_HLP_ADDRESS_EDIT.html">Redigere adresser</target>
      <target FeatureID="-1" href="MMS_POSTCARD_HLP_MAIN_VIEW.html">Vise postkort</target>
      <target FeatureID="-1" href="POSTCARD_HLP_ADDRESS_VIEW.html">Vise adresser</target>
      <target FeatureID="-1" href="POSTCARD_HLP_GREETING_EDIT.html">Skrive hilsener</target>
      <target FeatureID="-1" href="POSTCARD_HLP_GREETING_VIEW.html">Vise hilsen</target>
      <target FeatureID="-1" href="MMS_POSTCARD_HLP_MAIN_EDIT.html">Lage postkort</target>
   </keywords>
   <keywords>
      <text FeatureID="-1">sende postkort</text>
      <target FeatureID="-1" href="MMS_POSTCARD_HLP_ADDRESS_EDIT.html">Redigere adresser</target>
      <target FeatureID="-1" href="POSTCARD_HLP_GREETING_EDIT.html">Skrive hilsener</target>
      <target FeatureID="-1" href="MMS_POSTCARD_HLP_MAIN_EDIT.html">Lage postkort</target>
   </keywords>
</keywords>