<?xml version="1.0" encoding="UTF-8"?>
<keywords>
   <keywords>
      <text FeatureID="-1">redaguojami užrašai</text>
      <target FeatureID="-1" href="NMAKE_HLP_MEMO_VIEWER_EDIT.html">Užrašų redagavimas naudojant programas</target>
   </keywords>
   <keywords>
      <text FeatureID="-1">užrašų priėmimas</text>
      <target FeatureID="-1" href="NMAKE_HLP_MEMO_VIEWER.html">Gautų užrašų peržiūra</target>
   </keywords>
   <keywords>
      <text FeatureID="-1">pranešimų ruošiniai</text>
      <target FeatureID="-1" href="NMAKE_HLP_TEMPLATE_EDITOR.html">Pranešimų ruošinių rašymas</target>
   </keywords>
   <keywords>
      <text FeatureID="-1">pranešimų ruošinių kūrimas</text>
      <target FeatureID="-1" href="NMAKE_HLP_TEMPLATE_EDITOR.html">Pranešimų ruošinių rašymas</target>
   </keywords>
   <keywords>
      <text FeatureID="-1">pranešimų ruošinių rašymas</text>
      <target FeatureID="-1" href="NMAKE_HLP_TEMPLATE_EDITOR.html">Pranešimų ruošinių rašymas</target>
   </keywords>
   <keywords>
      <text FeatureID="-1">užrašų sąrašas</text>
      <target FeatureID="-1" href="NMAKE_HLP_MEMO_LIST.html">Užrašų sąrašas</target>
   </keywords>
   <keywords>
      <text FeatureID="-1">užrašų rašymas</text>
      <target FeatureID="-1" href="NMAKE_HLP_MEMO_LIST.html">Užrašų sąrašas</target>
      <target FeatureID="-1" href="NMAKE_HLP_MEMO_EDITOR_APPS.html">Užrašų rašymas programose</target>
      <target FeatureID="-1" href="NMAKE_HLP_MEMO_EDITOR.html">Užrašų rašymas</target>
   </keywords>
</keywords>