<?xml version="1.0" encoding="UTF-8"?>
<keywords>
   <keywords>
      <text FeatureID="-1">màn hình chủ</text>
      <target FeatureID="-1" href="SET_HLP_HOME_SCREEN.html">Màn hình chủ</target>
      <target FeatureID="-1" href="SET_HLP_HOME_SCREEN_EDIT.html">Chỉnh sửa màn hình chủ</target>
   </keywords>
   <keywords>
      <text FeatureID="-1">widget</text>
      <target FeatureID="-1" href="WM_HLP_WIDGET_COLLECTION.html">Danh mục widget</target>
   </keywords>
</keywords>