<?xml version="1.0" encoding="UTF-8"?>
<keywords>
   <keywords>
      <text FeatureID="-1">VPN (الشبكة الافتراضية الخاصة)</text>
      <target FeatureID="-1" href="SET_HLP_VPN_LOG_VIEW.html">سجل VPN</target>
      <target FeatureID="-1" href="SET_HLP_VPN_CONFIG_MAIN.html">إدارة الشبكة الافتراضية الخاصة</target>
      <target FeatureID="-1" href="SET_HLP_VPN_POLICY_VIEW.html">ملفات إعداد VPN</target>
      <target FeatureID="-1" href="SET_HLP_VPN_POLICY_SERVERS.html">مراكز خدمة ملفات إعداد VPN</target>
      <target FeatureID="-1" href="SET_HLP_VPN_POLICY_SERVER_SET.html">ضبط مركز خدمة VPN</target>
   </keywords>
</keywords>