<?xml version="1.0" encoding="UTF-8"?>
<keywords>
   <keywords>
      <text FeatureID="-1">menedżer urządzeń</text>
      <target FeatureID="-1" href="DM_HLP_MAIN_VIEW.html">Oprogramowanie urządzenia</target>
      <target FeatureID="-1" href="DM_HLP_SETTINGS.html">Ustawienia profilu serwera</target>
      <target FeatureID="-1" href="DM_HLP_SERVERS_VIEW.html">Konfiguracja zdalna</target>
   </keywords>
   <keywords>
      <text FeatureID="-1">ustawienia konfiguracji</text>
      <target FeatureID="-1" href="DM_HLP_MAIN_VIEW.html">Oprogramowanie urządzenia</target>
   </keywords>
   <keywords>
      <text FeatureID="-1">Menedżer urządzeń</text>
      <target FeatureID="-1" href="FOTA_HLP_SETTINGS.html">Ustawienia aktualizacji oprogramowania</target>
   </keywords>
   <keywords>
      <text FeatureID="-1">ustawienia aktualizacji oprogramowania</text>
      <target FeatureID="-1" href="FOTA_HLP_SETTINGS.html">Ustawienia aktualizacji oprogramowania</target>
   </keywords>
   <keywords>
      <text FeatureID="-1">profil serwera, ustawienia</text>
      <target FeatureID="-1" href="DM_HLP_SETTINGS.html">Ustawienia profilu serwera</target>
   </keywords>
   <keywords>
      <text FeatureID="-1">konfiguracja zdalna</text>
      <target FeatureID="-1" href="DM_HLP_SERVERS_VIEW.html">Konfiguracja zdalna</target>
   </keywords>
</keywords>