<?xml version="1.0" encoding="UTF-8"?>
<keywords>
   <keywords>
      <text FeatureID="-1">uređivanje slika</text>
      <target FeatureID="-1" href="SIE_HLP_MAIN.html">Uređivanje slika</target>
   </keywords>
   <keywords>
      <text FeatureID="-1">uređivanje teksta</text>
      <target FeatureID="-1" href="SIE_HLP_EDIT_TEXT.html">Uređivanje teksta na slikama</target>
   </keywords>
   <keywords>
      <text FeatureID="-1">uređivač slika</text>
      <target FeatureID="-1" href="SIE_HLP_EDIT_TEXT.html">Uređivanje teksta na slikama</target>
   </keywords>
   <keywords>
      <text FeatureID="-1">uređivanje uvećanih i umanjenih slika</text>
      <target FeatureID="-1" href="SIE_HLP_ZOOMING.html">Uređivanje uvećanih i umanjenih slika</target>
   </keywords>
   <keywords>
      <text FeatureID="-1">uvećavanje i umanjivanje slika</text>
      <target FeatureID="-1" href="SIE_HLP_ZOOMING.html">Uređivanje uvećanih i umanjenih slika</target>
   </keywords>
   <keywords>
      <text FeatureID="-1">uređivanje sličica</text>
      <target FeatureID="-1" href="SIE_HLP_EDIT_CLIPART.html">Uređivanje sličica</target>
   </keywords>
   <keywords>
      <text FeatureID="-1">uređivanje balona za razgovor</text>
      <target FeatureID="-1" href="SIE_HLP_EDIT_CLIPART.html">Uređivanje sličica</target>
   </keywords>
   <keywords>
      <text FeatureID="-1">smanjivanje efekta crvenih očiju</text>
      <target FeatureID="-1" href="SIE_HLP_REDEYE.html">Smanjivanje efekta crvenih očiju</target>
   </keywords>
</keywords>