<?xml version="1.0" encoding="UTF-8"?>
<keywords>
   <keywords>
      <text FeatureID="-1">Sprachbefehle</text>
      <target FeatureID="true_72" href="HLP_VC_SIND_FOLDER.html">Programmansicht</target>
      <target FeatureID="true_72" href="HLP_VC_SIND_MAIN.html">Sprachbefehle verwenden</target>
      <target FeatureID="-1" href="VCINFO_HLP_MAINVIEW.html">Für Kontakte</target>
   </keywords>
   <keywords>
      <text FeatureID="-1">Sprachbefehl-Einstellungen</text>
      <target FeatureID="-1" href="HLP_VC_SET.html">Sprachbefehl-Einstellungen</target>
   </keywords>
</keywords>