<?xml version="1.0" encoding="UTF-8"?>
<keywords>
   <keywords>
      <text FeatureID="-1">RVP (reţea virtuală privată)</text>
      <target FeatureID="-1" href="SET_HLP_VPN_LOG_VIEW.html">Jurnal RVP</target>
      <target FeatureID="-1" href="SET_HLP_VPN_CONFIG_MAIN.html">Gestionarea RVP</target>
      <target FeatureID="-1" href="SET_HLP_VPN_POLICY_VIEW.html">Politici RVP</target>
      <target FeatureID="-1" href="SET_HLP_VPN_POLICY_SERVERS.html">Serverele de politici RVP</target>
      <target FeatureID="-1" href="SET_HLP_VPN_POLICY_SERVER_SET.html">Setările serverului RVP</target>
   </keywords>
</keywords>