<?xml version="1.0" encoding="UTF-8"?><?xml-stylesheet  href="../../theme/xsl/index2html.xslt" type="text/xsl"?>
<topics FeatureID="-1" title="Journaux" compressed="true">
   <topicref FeatureID="-1" href="GPRS_HLP_MAIN.html" navtitle="Connex. donn. mode paquet"/>
   <topicref FeatureID="-1" href="LOGS_HLP_COUNTER.html" navtitle="Registres ap-pels et donn."/>
   <topicref FeatureID="-1" href="LOGS_HLP_DETAIL.html" navtitle="Détails évén. journal"/>
   <topicref FeatureID="-1" href="LOGS_HLP_MAIN.html" navtitle="Information du journal"/>
   <topicref FeatureID="-1" href="LOGS_HLP_SETTING.html" navtitle="Paramètres du journal"/>
   <topicref FeatureID="-1" href="STM_HLP_DIALLED.html" navtitle="Numéros composés"/>
   <topicref FeatureID="-1" href="STM_HLP_MAIN.html" navtitle="Appels récents"/>
   <topicref FeatureID="-1" href="STM_HLP_MISSED.html" navtitle="Appels en absence"/>
   <topicref FeatureID="-1" href="STM_HLP_RECEIVED.html" navtitle="Appels reçus"/>
   <topicref FeatureID="-1" href="TIMERS_HLP_MAIN.html" navtitle="Durée des appels"/>
</topics>