<?xml version="1.0" encoding="UTF-8"?>
<keywords>
   <keywords>
      <text FeatureID="-1">conn. donn. mode paquet</text>
      <target FeatureID="-1" href="GPRS_HLP_MAIN.html">Connex. donn. mode paquet</target>
      <target FeatureID="-1" href="LOGS_HLP_COUNTER.html">Registres ap-pels et donn.</target>
   </keywords>
   <keywords>
      <text FeatureID="-1">durée des appels</text>
      <target FeatureID="-1" href="LOGS_HLP_COUNTER.html">Registres ap-pels et donn.</target>
      <target FeatureID="-1" href="TIMERS_HLP_MAIN.html">Durée des appels</target>
   </keywords>
   <keywords>
      <text FeatureID="-1">appels récents</text>
      <target FeatureID="-1" href="LOGS_HLP_COUNTER.html">Registres ap-pels et donn.</target>
      <target FeatureID="-1" href="STM_HLP_MAIN.html">Appels récents</target>
   </keywords>
   <keywords>
      <text FeatureID="-1">journaux</text>
      <target FeatureID="-1" href="LOGS_HLP_DETAIL.html">Détails évén. journal</target>
      <target FeatureID="-1" href="LOGS_HLP_MAIN.html">Information du journal</target>
   </keywords>
   <keywords>
      <text FeatureID="-1">paramètres du journal</text>
      <target FeatureID="-1" href="LOGS_HLP_SETTING.html">Paramètres du journal</target>
   </keywords>
   <keywords>
      <text FeatureID="-1">numéros composés</text>
      <target FeatureID="-1" href="STM_HLP_DIALLED.html">Numéros composés</target>
   </keywords>
   <keywords>
      <text FeatureID="-1">registre d'appels</text>
      <target FeatureID="-1" href="STM_HLP_MAIN.html">Appels récents</target>
   </keywords>
   <keywords>
      <text FeatureID="-1">appels en absence</text>
      <target FeatureID="-1" href="STM_HLP_MISSED.html">Appels en absence</target>
   </keywords>
   <keywords>
      <text FeatureID="-1">appels reçus</text>
      <target FeatureID="-1" href="STM_HLP_RECEIVED.html">Appels reçus</target>
   </keywords>
   <keywords>
      <text FeatureID="-1">réponse aux appels</text>
      <target FeatureID="-1" href="STM_HLP_RECEIVED.html">Appels reçus</target>
   </keywords>
   <keywords>
      <text FeatureID="-1">durée appels</text>
      <target FeatureID="-1" href="TIMERS_HLP_MAIN.html">Durée des appels</target>
   </keywords>
</keywords>