<?xml version="1.0" encoding="UTF-8"?>
<keywords>
   <keywords>
      <text FeatureID="-1">修改頻率預設</text>
      <target FeatureID="-1" href="EQ_HLP_EDITING_VIEW.html">修改頻率預設</target>
   </keywords>
   <keywords>
      <text FeatureID="-1">平衡器</text>
      <target FeatureID="-1" href="EQ_HLP_LIST_VIEW.html">頻率預設</target>
   </keywords>
   <keywords>
      <text FeatureID="-1">頻率波段</text>
      <target FeatureID="-1" href="EQ_HLP_LIST_VIEW.html">頻率預設</target>
   </keywords>
   <keywords>
      <text FeatureID="-1">選取預設的頻率</text>
      <target FeatureID="-1" href="EQ_HLP_LIST_VIEW.html">頻率預設</target>
   </keywords>
</keywords>