<?xml version="1.0" encoding="UTF-8"?>
<keywords>
   <keywords>
      <text FeatureID="-1">VPN (sanal özel ağ)</text>
      <target FeatureID="-1" href="SET_HLP_VPN_LOG_VIEW.html">VPN işlem kaydı</target>
      <target FeatureID="-1" href="SET_HLP_VPN_CONFIG_MAIN.html">VPN yönetimi</target>
      <target FeatureID="-1" href="SET_HLP_VPN_POLICY_VIEW.html">VPN poliçeleri</target>
      <target FeatureID="-1" href="SET_HLP_VPN_POLICY_SERVERS.html">VPN poliçesi sunucuları</target>
      <target FeatureID="-1" href="SET_HLP_VPN_POLICY_SERVER_SET.html">VPN sunucusu ayarları</target>
   </keywords>
</keywords>