<?xml version="1.0" encoding="UTF-8"?>
<keywords>
   <keywords>
      <text FeatureID="-1">Dienstmitteilungseinstellungen</text>
      <target FeatureID="-1" href="WPUSH_HLP_SETTINGS.html">Dienstmitteilungseinstellungen</target>
   </keywords>
   <keywords>
      <text FeatureID="-1">Push-Mitteilungen</text>
      <target FeatureID="-1" href="WPUSH_HLP_VIEWER.html">Dienstmitteilungen anzeigen</target>
   </keywords>
   <keywords>
      <text FeatureID="-1">Dienstmitteilungen</text>
      <target FeatureID="-1" href="WPUSH_HLP_VIEWER.html">Dienstmitteilungen anzeigen</target>
   </keywords>
</keywords>