<?xml version="1.0" encoding="UTF-8"?>
<keywords>
   <keywords>
      <text FeatureID="-1">داده GPS‏</text>
      <target FeatureID="-1" href="HLP_BLID_NAVIGATION.html">نمای پیمایش</target>
      <target FeatureID="false_112" href="BLID_HLP_WAYPOINTS.html">مکان های ذخیره شده</target>
      <target FeatureID="-1" href="HLP_BLID_TRIPMETER.html">مشاهده مسافت سفر</target>
   </keywords>
   <keywords>
      <text FeatureID="-1">پیمایش به سمت مقصد</text>
      <target FeatureID="-1" href="HLP_BLID_NAVIGATION.html">نمای پیمایش</target>
   </keywords>
   <keywords>
      <text FeatureID="false_112">ذخیره مکان ها</text>
      <target FeatureID="false_112" href="BLID_HLP_WAYPOINTS.html">مکان های ذخیره شده</target>
   </keywords>
   <keywords>
      <text FeatureID="-1">تنظیمات پیمایشگر</text>
      <target FeatureID="-1" href="BLID_HLP_SETTINGS.html">تنظیمات داده GPS‏</target>
   </keywords>
   <keywords>
      <text FeatureID="-1">تنظیمات داده GPS‏</text>
      <target FeatureID="-1" href="BLID_HLP_SETTINGS.html">تنظیمات داده GPS‏</target>
   </keywords>
   <keywords>
      <text FeatureID="-1">اطلاعات سفر</text>
      <target FeatureID="-1" href="HLP_BLID_TRIPMETER.html">مشاهده مسافت سفر</target>
      <target FeatureID="-1" href="HLP_BLID_TRIPMETER.html">مشاهده مسافت سفر</target>
   </keywords>
</keywords>