<?xml version="1.0" encoding="UTF-8"?>
<keywords>
   <keywords>
      <text FeatureID="-1">tjenestemeldings-innstillinger</text>
      <target FeatureID="-1" href="WPUSH_HLP_SETTINGS.html">Tjenestemeldingsinnst.</target>
   </keywords>
   <keywords>
      <text FeatureID="-1">push-meldinger</text>
      <target FeatureID="-1" href="WPUSH_HLP_VIEWER.html">Vise tjenestemeldinger</target>
   </keywords>
   <keywords>
      <text FeatureID="-1">tjenestemeldinger</text>
      <target FeatureID="-1" href="WPUSH_HLP_VIEWER.html">Vise tjenestemeldinger</target>
   </keywords>
</keywords>