<?xml version="1.0" encoding="UTF-8"?>
<keywords>
   <keywords>
      <text FeatureID="-1">nastavitve e-poštnega računa</text>
      <target FeatureID="-1" href="FSE_HLP_IMS_SETTINGS_ACCT_INFO.html">Nastavitve e-poštnega računa</target>
   </keywords>
   <keywords>
      <text FeatureID="-1">dodatne nastavitve nabiralnika</text>
      <target FeatureID="-1" href="FSE_HLP_IMS_SETTINGS_ADVANCED.html">Dodatne nastavitve nabiralnika</target>
   </keywords>
   <keywords>
      <text FeatureID="-1">nastavitve predala</text>
      <target FeatureID="-1" href="FSE_HLP_IMS_SETTINGS_MAILBOX.html">Nastavitve nabiralnika</target>
   </keywords>
   <keywords>
      <text FeatureID="-1">vsebina za sinhronizacijo e-pošte</text>
      <target FeatureID="-1" href="FSE_HLP_IMS_SETTINGS_WHAT_SYNC.html">Določanje vsebine za sinhronizacijo</target>
   </keywords>
   <keywords>
      <text FeatureID="-1">čas sinhronizacije e-pošte</text>
      <target FeatureID="-1" href="FSE_HLP_IMS_SETTINGS_WHEN_SYNC.html">Določanje časa sinhronizacije</target>
   </keywords>
   <keywords>
      <text FeatureID="-1">sinhronizacija e-poštne mape</text>
      <target FeatureID="-1" href="FSE_HLP_IMS_SETTINGS_FOLDER.html">Sinhroniziranje e-poštnih map</target>
   </keywords>
   <keywords>
      <text FeatureID="-1">nastavitve e-poštne storitve</text>
      <target FeatureID="-1" href="FSE_HLP_SETTINGS_INTELL_LIST.html">Nastavitve e-poštne storitve</target>
   </keywords>
   <keywords>
      <text FeatureID="-1">nastavitve e-pošte</text>
      <target FeatureID="-1" href="FSE_HLP_IMS_SETTINGS_MAIN_VIEW.html">E-poštne nastavitve</target>
   </keywords>
   <keywords>
      <text FeatureID="-1">Intellisync</text>
      <target FeatureID="-1" href="FSE_HLP_IMS_LAUNCHER_MAIN_VIEW.html">E-pošta Intellisync</target>
   </keywords>
</keywords>