<?xml version="1.0" encoding="UTF-8"?>
<keywords>
   <keywords>
      <text FeatureID="-1">gailu-kudeatzailea</text>
      <target FeatureID="-1" href="DM_HLP_MAIN_VIEW.html">Gailu softwarea</target>
      <target FeatureID="-1" href="DM_HLP_SETTINGS.html">Zerbitzariaren profilaren ezarpenak</target>
      <target FeatureID="-1" href="DM_HLP_SERVERS_VIEW.html">Urrutiko konfigurazioa</target>
   </keywords>
   <keywords>
      <text FeatureID="-1">konfigurazio ezarpenak</text>
      <target FeatureID="-1" href="DM_HLP_MAIN_VIEW.html">Gailu softwarea</target>
   </keywords>
   <keywords>
      <text FeatureID="-1">Gailuaren kudeatzailea</text>
      <target FeatureID="-1" href="FOTA_HLP_SETTINGS.html">Softwarea eguneratzeko ezarpenak</target>
   </keywords>
   <keywords>
      <text FeatureID="-1">softwarea eguneratzeko ezarpenak</text>
      <target FeatureID="-1" href="FOTA_HLP_SETTINGS.html">Softwarea eguneratzeko ezarpenak</target>
   </keywords>
   <keywords>
      <text FeatureID="-1">zerbitzariaren profilaren ezarpenak</text>
      <target FeatureID="-1" href="DM_HLP_SETTINGS.html">Zerbitzariaren profilaren ezarpenak</target>
   </keywords>
   <keywords>
      <text FeatureID="-1">urruneko konfigurazioa</text>
      <target FeatureID="-1" href="DM_HLP_SERVERS_VIEW.html">Urrutiko konfigurazioa</target>
   </keywords>
</keywords>