<?xml version="1.0" encoding="UTF-8"?>
<keywords>
   <keywords>
      <text FeatureID="-1">Bluetooth</text>
      <target FeatureID="-1" href="BT_HLP_MAIN.html">Bluetooth</target>
      <target FeatureID="-1" href="BT_HLP_PAIRED.html">Vincular con dispositivos</target>
      <target FeatureID="-1" href="BT_HLP_BLOCKED.html">Bloqueo de dispositivos</target>
   </keywords>
   <keywords>
      <text FeatureID="-1">Ajustes de Bluetooth</text>
      <target FeatureID="-1" href="BT_HLP_MAIN.html">Bluetooth</target>
   </keywords>
   <keywords>
      <text FeatureID="-1">vincular dispositivos</text>
      <target FeatureID="-1" href="BT_HLP_PAIRED.html">Vincular con dispositivos</target>
   </keywords>
   <keywords>
      <text FeatureID="-1">dispositivos bloqueados</text>
      <target FeatureID="-1" href="BT_HLP_BLOCKED.html">Bloqueo de dispositivos</target>
   </keywords>
   <keywords>
      <text FeatureID="true_12">teclado inalámbrico</text>
      <target FeatureID="true_12" href="BTKEYBOARD_HLP_SETTINGS.html">Teclado inalámbrico</target>
   </keywords>
</keywords>