<?xml version="1.0" encoding="UTF-8"?><?xml-stylesheet  href="../../theme/xsl/index2html.xslt" type="text/xsl"?>
<topics FeatureID="-1" title="Žurnalai" compressed="true">
   <topicref FeatureID="-1" href="GPRS_HLP_MAIN.html" navtitle="Paketinių duomenų ryšiai"/>
   <topicref FeatureID="-1" href="LOGS_HLP_COUNTER.html" navtitle="Ryšių ir duomenų registrai"/>
   <topicref FeatureID="-1" href="LOGS_HLP_DETAIL.html" navtitle="Išsami žurnalo įvykių informacija"/>
   <topicref FeatureID="-1" href="LOGS_HLP_MAIN.html" navtitle="Žurnalo informacija"/>
   <topicref FeatureID="-1" href="LOGS_HLP_SETTING.html" navtitle="Žurnalo parametrai"/>
   <topicref FeatureID="-1" href="STM_HLP_DIALLED.html" navtitle="Rinkti numeriai"/>
   <topicref FeatureID="-1" href="STM_HLP_MAIN.html" navtitle="Vėliausi ryšiai"/>
   <topicref FeatureID="-1" href="STM_HLP_MISSED.html" navtitle="Praleisti ryšiai"/>
   <topicref FeatureID="-1" href="STM_HLP_RECEIVED.html" navtitle="Priimti ryšiai"/>
   <topicref FeatureID="-1" href="TIMERS_HLP_MAIN.html" navtitle="Ryšio trukmė"/>
</topics>