<?xml version="1.0" encoding="UTF-8"?>
<keywords>
   <keywords>
      <text FeatureID="-1">paketinių duomenų ryšiai</text>
      <target FeatureID="-1" href="GPRS_HLP_MAIN.html">Paketinių duomenų ryšiai</target>
      <target FeatureID="-1" href="LOGS_HLP_COUNTER.html">Ryšių ir duomenų registrai</target>
   </keywords>
   <keywords>
      <text FeatureID="-1">ryšių trukmė</text>
      <target FeatureID="-1" href="LOGS_HLP_COUNTER.html">Ryšių ir duomenų registrai</target>
      <target FeatureID="-1" href="TIMERS_HLP_MAIN.html">Ryšio trukmė</target>
   </keywords>
   <keywords>
      <text FeatureID="-1">vėliausi ryšiai</text>
      <target FeatureID="-1" href="LOGS_HLP_COUNTER.html">Ryšių ir duomenų registrai</target>
      <target FeatureID="-1" href="STM_HLP_MAIN.html">Vėliausi ryšiai</target>
   </keywords>
   <keywords>
      <text FeatureID="-1">žurnalai</text>
      <target FeatureID="-1" href="LOGS_HLP_DETAIL.html">Išsami žurnalo įvykių informacija</target>
      <target FeatureID="-1" href="LOGS_HLP_MAIN.html">Žurnalo informacija</target>
   </keywords>
   <keywords>
      <text FeatureID="-1">žurnalo parametrai</text>
      <target FeatureID="-1" href="LOGS_HLP_SETTING.html">Žurnalo parametrai</target>
   </keywords>
   <keywords>
      <text FeatureID="-1">rinkti numeriai</text>
      <target FeatureID="-1" href="STM_HLP_DIALLED.html">Rinkti numeriai</target>
   </keywords>
   <keywords>
      <text FeatureID="-1">ryšių žurnalas</text>
      <target FeatureID="-1" href="STM_HLP_MAIN.html">Vėliausi ryšiai</target>
   </keywords>
   <keywords>
      <text FeatureID="-1">praleisti ryšiai</text>
      <target FeatureID="-1" href="STM_HLP_MISSED.html">Praleisti ryšiai</target>
   </keywords>
   <keywords>
      <text FeatureID="-1">priimti ryšiai</text>
      <target FeatureID="-1" href="STM_HLP_RECEIVED.html">Priimti ryšiai</target>
   </keywords>
   <keywords>
      <text FeatureID="-1">atsakyti skambučiai</text>
      <target FeatureID="-1" href="STM_HLP_RECEIVED.html">Priimti ryšiai</target>
   </keywords>
   <keywords>
      <text FeatureID="-1">ryšio trukmė</text>
      <target FeatureID="-1" href="TIMERS_HLP_MAIN.html">Ryšio trukmė</target>
   </keywords>
</keywords>