<?xml version="1.0" encoding="UTF-8"?>
<keywords>
   <keywords>
      <text FeatureID="-1">anniversary entries</text>
      <target FeatureID="-1" href="FSCA_HLP_ANNIVERSARY_EDITOR.html">Create anniversary entries</target>
      <target FeatureID="-1" href="FSCA_HLP_ANNI_VIEWER.html">Edit anniversary entries</target>
   </keywords>
   <keywords>
      <text FeatureID="-1">meeting entries</text>
      <target FeatureID="-1" href="FSCA_HLP_CALE_MEETING_EDITOR.html">Create meeting entries</target>
      <target FeatureID="-1" href="FSCA_HLP_CALE_MEETING_VIEWER.html">Edit meeting entries</target>
   </keywords>
   <keywords>
      <text FeatureID="-1">memo entries</text>
      <target FeatureID="-1" href="FSCA_HLP_MEMO_EDITOR.html">Create memo entries</target>
      <target FeatureID="-1" href="FSCA_HLP_MEMO_VIEWER.html">Edit memo entries</target>
   </keywords>
   <keywords>
      <text FeatureID="-1">to-do entries</text>
      <target FeatureID="-1" href="FSCA_HLP_TODO_EDITOR.html">Create to-do entries</target>
      <target FeatureID="-1" href="FSCA_HLP_TODO_VIEWER.html">Edit to-do entries</target>
   </keywords>
   <keywords>
      <text FeatureID="-1">meeting requests</text>
      <target FeatureID="-1" href="FSCA_HLP_RESPONSE_EDITOR.html">Edit your response</target>
      <target FeatureID="-1" href="FSCA_HLP_VIEWER_ORGANIZER.html">Manage meeting requests</target>
      <target FeatureID="-1" href="MEET_REQ_HLP_EDITOR.html">Received meeting requests</target>
      <target FeatureID="-1" href="FSCA_HLP_VIEWER.html">Respond to meeting requests</target>
   </keywords>
   <keywords>
      <text FeatureID="-1">kontakti</text>
      <target FeatureID="-1" href="RLOOK_HLP_INFO_VIEW.html">Upravljanje pronađenim kontaktom</target>
   </keywords>
   <keywords>
      <text FeatureID="-1">kontakti, traženje</text>
      <target FeatureID="-1" href="RLOOK_HLP_RESULT_VIEW.html">Rezultati traženja</target>
   </keywords>
   <keywords>
      <text FeatureID="-1">e-pošta, privici</text>
      <target FeatureID="-1" href="FSE_HLP_ATTACHMENT_LIST_EDITOR.html">Dodavanje privitaka</target>
   </keywords>
   <keywords>
      <text FeatureID="-1">izbrisana e-pošta</text>
      <target FeatureID="-1" href="FSE_HLP_MESSAGE_LIST_DELETED.html">Izbrisane poruke e-pošte</target>
   </keywords>
   <keywords>
      <text FeatureID="-1">preuzimanje privitka e-pošte</text>
      <target FeatureID="-1" href="FSE_HLP_ATTACHMENT_LIST.html">Preuzimanje privitaka</target>
   </keywords>
   <keywords>
      <text FeatureID="-1">nacrt e-pošte</text>
      <target FeatureID="-1" href="FSE_HLP_MESSAGE_LIST_DRAFTS.html">Nacrti poruka e-pošte</target>
   </keywords>
   <keywords>
      <text FeatureID="-1">Nokia e-pošta</text>
      <target FeatureID="-1" href="FSE_HLP_LAUNCHER_GRID.html">Nokia e-pošta</target>
   </keywords>
   <keywords>
      <text FeatureID="-1">e-pošta</text>
      <target FeatureID="-1" href="FSE_HLP_LAUNCHER_GRID.html">Nokia e-pošta</target>
   </keywords>
   <keywords>
      <text FeatureID="-1">mape e-pošte</text>
      <target FeatureID="-1" href="FSE_HLP_FOLDER_LIST.html">Mape za e-poštu</target>
      <target FeatureID="-1" href="FSE_HLP_SETT_IMAP_SUBSCR.html">Pretplatite se na mape</target>
      <target FeatureID="-1" href="FSE_HLP_MESSAGE_LIST_INBOX.html">Rad s mapama e-pošte</target>
   </keywords>
   <keywords>
      <text FeatureID="-1">e-pošta, postavke</text>
      <target FeatureID="-1" href="FSE_HLP_LAUNCHER_SETTINGS.html">Opće postavke e-pošte</target>
      <target FeatureID="-1" href="FSE_HLP_POP_IMAP_SETT_MAIN.html">Postavke e-pošte</target>
      <target FeatureID="-1" href="FSE_HLP_MFE_SETTINGS_MAIN_VIEW.html">Postavke za e-poštu</target>
   </keywords>
   <keywords>
      <text FeatureID="-1">postavke globalne e-pošte</text>
      <target FeatureID="-1" href="FSE_HLP_SETTINGS_GLOBAL.html">Postavke globalne e-pošte</target>
   </keywords>
   <keywords>
      <text FeatureID="-1">HTML e-pošta</text>
      <target FeatureID="-1" href="FS_VIEWER_HLP_HTML_VIEW.html">E-pošta u formatu HTML</target>
   </keywords>
   <keywords>
      <text FeatureID="-1">napredne postavke e-pošte</text>
      <target FeatureID="-1" href="FSE_HLP_POP_IMAP_SETT_ADV.html">Napredne postavke e-pošte</target>
   </keywords>
   <keywords>
      <text FeatureID="-1">postavke dolazne e-pošte</text>
      <target FeatureID="-1" href="FSE_HLP_POP_IMAP_SETT_INCOMING.html">Postavke dolazne e-pošte</target>
   </keywords>
   <keywords>
      <text FeatureID="-1">postavke izlazne e-pošte</text>
      <target FeatureID="-1" href="FSE_HLP_POP_IMAP_SETT_OUTGOING.html">Postavke odlazne e-pošte</target>
   </keywords>
   <keywords>
      <text FeatureID="-1">sinkronizacija e-pošte</text>
      <target FeatureID="-1" href="FSE_HLP_POP_IMAP_SETT_WHAT.html">Odaberite sadržaj sinkronizacije</target>
   </keywords>
   <keywords>
      <text FeatureID="-1">vrijeme sinkronizacije e-pošte</text>
      <target FeatureID="-1" href="FSE_HLP_POP_IMAP_SETT_WHEN.html">Odaberite vrijeme sinkronizacije</target>
      <target FeatureID="-1" href="FSE_HLP_MFE_SETTINGS_WHEN_SYNC.html">Odabir vremena sinkronizacije</target>
      <target FeatureID="-1" href="FSE_HLP_SETTINGS_WHEN_SYNC.html">Vrijeme sinkronizacije</target>
   </keywords>
   <keywords>
      <text FeatureID="-1">Mail for Exchange</text>
      <target FeatureID="-1" href="FSE_HLP_MFE_LAUNCHER_MAIN_VIEW.html">Pošta usluge Mail for Exchange</target>
   </keywords>
   <keywords>
      <text FeatureID="-1">detalji e-pošte</text>
      <target FeatureID="-1" href="FS_VIEWER_HLP_DETAILS_VIEW.html">Pojedinosti o poruci</target>
   </keywords>
   <keywords>
      <text FeatureID="-1">napredne postavke spremnika</text>
      <target FeatureID="-1" href="FSE_HLP_MFE_SETTINGS_ADVANCED.html">Napredne postavke za spremnik</target>
   </keywords>
   <keywords>
      <text FeatureID="-1">postavke sinkronizacije e-pošte</text>
      <target FeatureID="-1" href="FSE_HLP_MFE_SETTINGS_PIM_APPS.html">Sinkronizacijske postavke programa</target>
   </keywords>
   <keywords>
      <text FeatureID="-1">sinkronizacija kalendara</text>
      <target FeatureID="-1" href="FSE_HLP_MFE_CALENDAR_APP.html">Sinkronizacijske postavke za Kalendar</target>
   </keywords>
   <keywords>
      <text FeatureID="-1">sinkronizacija kontakata,</text>
      <target FeatureID="-1" href="FSE_HLP_MFE_CONTACTS_APP.html">Sinkronizacijske postavke za Kontakte</target>
   </keywords>
   <keywords>
      <text FeatureID="-1">postavke spremnika</text>
      <target FeatureID="-1" href="FSE_HLP_MFE_SETTINGS_MAILBOX.html">Općenite postavke spremnika</target>
   </keywords>
   <keywords>
      <text FeatureID="-1">sadržaj sinkronizacije e-pošte</text>
      <target FeatureID="-1" href="FSE_HLP_MFE_SETTINGS_WHAT_SYNC.html">Odabir sadržaja sinkronizacije</target>
   </keywords>
   <keywords>
      <text FeatureID="-1">sinkronizacija mape e-pošte</text>
      <target FeatureID="-1" href="FSE_HLP_MFE_SETTINGS_FOLDER.html">Postavke sinkronizacije</target>
   </keywords>
   <keywords>
      <text FeatureID="-1">zapisi obveza sinkronizacije</text>
      <target FeatureID="-1" href="FSE_HLP_MFE_TASKS_APP.html">Postavke obveza sinkronizacije</target>
   </keywords>
   <keywords>
      <text FeatureID="-1">nema poruka e-pošte</text>
      <target FeatureID="-1" href="FSE_HLP_MESSAGE_LIST_EMPTY.html">Nema poruka</target>
   </keywords>
   <keywords>
      <text FeatureID="-1">izlazni spremnik e-pošte</text>
      <target FeatureID="-1" href="FSE_HLP_MESSAGE_LIST_OUTBOX.html">Rad s izlaznim spremnikom</target>
   </keywords>
   <keywords>
      <text FeatureID="-1">zahtjevi za sastancima</text>
      <target FeatureID="-1" href="FS_VIEWER_HLP_MEETING_REQ_VIEW.html">Odgovaranje na zahtjev za sastanak</target>
   </keywords>
   <keywords>
      <text FeatureID="-1">pretraga e-pošte</text>
      <target FeatureID="-1" href="FSE_HLP_MESSAGE_LIST_SEARCHING.html">Pretražite e-poštu</target>
   </keywords>
   <keywords>
      <text FeatureID="-1">rezultati pretrage e-pošte</text>
      <target FeatureID="-1" href="FSE_HLP_MESSAGE_LIST_SEARCHED.html">Rezultati pretraživanja</target>
   </keywords>
   <keywords>
      <text FeatureID="-1">slanje e-pošte</text>
      <target FeatureID="-1" href="FS_EDITOR_HLP_MAIN_VIEW.html">Slanje e-pošte</target>
   </keywords>
   <keywords>
      <text FeatureID="-1">Usluga PIM</text>
      <target FeatureID="-1" href="FSE_HLP_SETTINGS_PIM_VIEW.html">Usluga PIM</target>
   </keywords>
   <keywords>
      <text FeatureID="-1">sinkronizacija programa</text>
      <target FeatureID="-1" href="FSE_HLP_SETTINGS_APPLICATIONS.html">Sinkronizacija programa</target>
   </keywords>
   <keywords>
      <text FeatureID="-1">primljena e-pošta</text>
      <target FeatureID="-1" href="FS_VIEWER_HLP_MAIN_VIEW.html">Rad s primljenom e-poštom</target>
   </keywords>
   <keywords>
      <text FeatureID="-1">mail, postavke</text>
      <target FeatureID="-1" href="FSE_HLP_SETT.html">Postavke</target>
   </keywords>
   <keywords>
      <text FeatureID="-1">mail, postavke računa</text>
      <target FeatureID="-1" href="FSE_HLP_ACCT_INFO.html">Postavke računa e-pošte</target>
   </keywords>
   <keywords>
      <text FeatureID="-1">mail, sinkronizacija</text>
      <target FeatureID="-1" href="FSE_HLP_SYNC_SETT.html">Postavke sinkronizacije</target>
   </keywords>
   <keywords>
      <text FeatureID="-1">mail, zapisi za sastanak</text>
      <target FeatureID="-1" href="FS_VIEWER_HLP_MR_RECEIVED.html">Zahtjevi za sastanke</target>
   </keywords>
   <keywords>
      <text FeatureID="-1">zapisi za sastanak</text>
      <target FeatureID="-1" href="FS_VIEWER_HLP_MR_RECEIVED.html">Zahtjevi za sastanke</target>
   </keywords>
</keywords>