<?xml version="1.0" encoding="UTF-8"?>
<keywords>
   <keywords>
      <text FeatureID="-1">reprodução de ficheiro flash</text>
      <target FeatureID="-1" href="FLITE_HLP_STOPPED.html">Terminar a reprodução de flash</target>
      <target FeatureID="-1" href="FLITE_HLP_VIEWER_PAUSED.html">Pausar reprodução flash</target>
      <target FeatureID="-1" href="FLITE_HLP_VIEWER_PLAY.html">Reproduzir ficheiros flash</target>
   </keywords>
   <keywords>
      <text FeatureID="-1">Leitor Flash</text>
      <target FeatureID="-1" href="FLITE_HLP_STOPPED.html">Terminar a reprodução de flash</target>
      <target FeatureID="-1" href="FLITE_HLP_VIEWER_PAUSED.html">Pausar reprodução flash</target>
      <target FeatureID="-1" href="FLITE_HLP_VIEWER_PLAY.html">Reproduzir ficheiros flash</target>
   </keywords>
</keywords>