<?xml version="1.0" encoding="UTF-8"?>
<keywords>
   <keywords>
      <text FeatureID="-1">certificats</text>
      <target FeatureID="-1" href="AM_HLP_GENERAL_SETTINGS.html">Paramètres de certificats</target>
   </keywords>
   <keywords>
      <text FeatureID="-1">paramètres, certificats</text>
      <target FeatureID="-1" href="AM_HLP_GENERAL_SETTINGS.html">Paramètres de certificats</target>
   </keywords>
   <keywords>
      <text FeatureID="-1">installer des applications</text>
      <target FeatureID="-1" href="AM_HLP_NOT_INSTALLED.html">Fichiers d'installation</target>
      <target FeatureID="-1" href="AM_HLP_APPLICATION.html">Gestion des applications</target>
   </keywords>
   <keywords>
      <text FeatureID="-1">applications</text>
      <target FeatureID="-1" href="AM_HLP_NOT_INSTALLED.html">Fichiers d'installation</target>
      <target FeatureID="-1" href="AM_HLP_INSTALLED.html">Applications installées</target>
   </keywords>
   <keywords>
      <text FeatureID="-1">installation d'un logiciel</text>
      <target FeatureID="-1" href="AM_HLP_APPLICATION.html">Gestion des applications</target>
   </keywords>
   <keywords>
      <text FeatureID="-1">demandes d'autorisation</text>
      <target FeatureID="-1" href="AM_HLP_INSTALL_CAPAB.html">Demandes d'autorisation</target>
   </keywords>
   <keywords>
      <text FeatureID="-1">installation non sécurisée</text>
      <target FeatureID="-1" href="AM_HLP_INSTALL_UNTRUSTED.html">Installation non sécurisée</target>
   </keywords>
</keywords>