<?xml version="1.0" encoding="UTF-8"?>
<keywords>
   <keywords>
      <text FeatureID="-1">蓝牙</text>
      <target FeatureID="-1" href="BT_HLP_MAIN.html">蓝牙</target>
      <target FeatureID="-1" href="BT_HLP_PAIRED.html">与设备配对</target>
      <target FeatureID="-1" href="BT_HLP_BLOCKED.html">禁止设备</target>
   </keywords>
   <keywords>
      <text FeatureID="-1">蓝牙设置</text>
      <target FeatureID="-1" href="BT_HLP_MAIN.html">蓝牙</target>
   </keywords>
   <keywords>
      <text FeatureID="-1">配对设备</text>
      <target FeatureID="-1" href="BT_HLP_PAIRED.html">与设备配对</target>
   </keywords>
   <keywords>
      <text FeatureID="-1">禁止的设备</text>
      <target FeatureID="-1" href="BT_HLP_BLOCKED.html">禁止设备</target>
   </keywords>
   <keywords>
      <text FeatureID="true_12">无线键盘</text>
      <target FeatureID="true_12" href="BTKEYBOARD_HLP_SETTINGS.html">无线键盘</target>
   </keywords>
</keywords>