<?xml version="1.0" encoding="UTF-8"?>
<keywords>
   <keywords>
      <text FeatureID="-1">การเล่นไฟล์ Flash</text>
      <target FeatureID="-1" href="FLITE_HLP_STOPPED.html">การสิ้นสุดการเล่น Flash</target>
      <target FeatureID="-1" href="FLITE_HLP_VIEWER_PAUSED.html">การหยุดการเล่น Flash ชั่วคราว</target>
      <target FeatureID="-1" href="FLITE_HLP_VIEWER_PLAY.html">การเล่นไฟล์ Flash</target>
   </keywords>
   <keywords>
      <text FeatureID="-1">ตัวเล่น Flash</text>
      <target FeatureID="-1" href="FLITE_HLP_STOPPED.html">การสิ้นสุดการเล่น Flash</target>
      <target FeatureID="-1" href="FLITE_HLP_VIEWER_PAUSED.html">การหยุดการเล่น Flash ชั่วคราว</target>
      <target FeatureID="-1" href="FLITE_HLP_VIEWER_PLAY.html">การเล่นไฟล์ Flash</target>
   </keywords>
</keywords>