<?xml version="1.0" encoding="UTF-8"?>
<keywords>
   <keywords>
      <text FeatureID="-1">bilješke, uređivanje</text>
      <target FeatureID="-1" href="NMAKE_HLP_MEMO_VIEWER_EDIT.html">Uređivanje bilježaka u programima</target>
   </keywords>
   <keywords>
      <text FeatureID="-1">primanje bilješki</text>
      <target FeatureID="-1" href="NMAKE_HLP_MEMO_VIEWER.html">Prikazivanje primljenih bilješki</target>
   </keywords>
   <keywords>
      <text FeatureID="-1">predlošci za poruke</text>
      <target FeatureID="-1" href="NMAKE_HLP_TEMPLATE_EDITOR.html">Pisanje predložaka za poruke</target>
   </keywords>
   <keywords>
      <text FeatureID="-1">predlošci poruke, stvaranje</text>
      <target FeatureID="-1" href="NMAKE_HLP_TEMPLATE_EDITOR.html">Pisanje predložaka za poruke</target>
   </keywords>
   <keywords>
      <text FeatureID="-1">pisanje predložaka za poruke</text>
      <target FeatureID="-1" href="NMAKE_HLP_TEMPLATE_EDITOR.html">Pisanje predložaka za poruke</target>
   </keywords>
   <keywords>
      <text FeatureID="-1">popis bilješki</text>
      <target FeatureID="-1" href="NMAKE_HLP_MEMO_LIST.html">Popis bilješki</target>
   </keywords>
   <keywords>
      <text FeatureID="-1">pisanje bilješki</text>
      <target FeatureID="-1" href="NMAKE_HLP_MEMO_LIST.html">Popis bilješki</target>
      <target FeatureID="-1" href="NMAKE_HLP_MEMO_EDITOR_APPS.html">Uređivanje bilježaka u programima</target>
      <target FeatureID="-1" href="NMAKE_HLP_MEMO_EDITOR.html">Pisanje bilješki</target>
   </keywords>
</keywords>