<?xml version="1.0" encoding="UTF-8"?>
<keywords>
   <keywords>
      <text FeatureID="-1">videresende meldinger</text>
      <target FeatureID="-1" href="MMS_HLP_MMS_FWD_REQUEST.html">Videresende multimediemeldinger</target>
   </keywords>
   <keywords>
      <text FeatureID="-1">multimedie­meldinger</text>
      <target FeatureID="-1" href="MMS_HLP_MMS_FWD_REQUEST_SEND.html">Videresende forespørsler i Sendte elementer</target>
   </keywords>
   <keywords>
      <text FeatureID="-1">MMS-varslinger</text>
      <target FeatureID="-1" href="MMS_HLP_NOTIFICATION_VIEWER.html">MMS-varslinger</target>
   </keywords>
   <keywords>
      <text FeatureID="-1">medie­objekter</text>
      <target FeatureID="-1" href="MMS_HLP_OBJECTS_VIEW_VIEWER.html">Vise medieobjekter</target>
   </keywords>
   <keywords>
      <text FeatureID="-1">multimedie­objekter</text>
      <target FeatureID="-1" href="MMS_HLP_OBJECTS_VIEW_VIEWER.html">Vise medieobjekter</target>
   </keywords>
   <keywords>
      <text FeatureID="-1">multimediemeldinger</text>
      <target FeatureID="-1" href="MMS_HLP_MMS_VIEWER.html">Vise MMS</target>
   </keywords>
   <keywords>
      <text FeatureID="-1">MMS</text>
      <target FeatureID="-1" href="MMS_HLP_MMS_VIEWER.html">Vise MMS</target>
   </keywords>
</keywords>