<?xml version="1.0" encoding="UTF-8"?>
<keywords>
   <keywords>
      <text FeatureID="-1">afmælisfærslur</text>
      <target FeatureID="-1" href="FSCA_HLP_ANNIVERSARY_EDITOR.html">Afmælisatriði búin til</target>
   </keywords>
   <keywords>
      <text FeatureID="-1">fundaratriði, búa til</text>
      <target FeatureID="-1" href="FSCA_HLP_CALE_MEETING_EDITOR.html">Fundaratriði búin til</target>
   </keywords>
   <keywords>
      <text FeatureID="-1">minnisatriði, búa til</text>
      <target FeatureID="-1" href="FSCA_HLP_MEMO_EDITOR.html">Minnisatriði búin til</target>
   </keywords>
   <keywords>
      <text FeatureID="-1">verkefni, búa til</text>
      <target FeatureID="-1" href="FSCA_HLP_TODO_EDITOR.html">Verkefni búin til</target>
   </keywords>
   <keywords>
      <text FeatureID="-1">fundaratriði, breyta</text>
      <target FeatureID="-1" href="FSCA_HLP_CALE_MEETING_VIEWER.html">Fundaratriðum breytt</target>
   </keywords>
   <keywords>
      <text FeatureID="-1">minnisatriði, breyta</text>
      <target FeatureID="-1" href="FSCA_HLP_MEMO_VIEWER.html">Minnisatriðum breytt</target>
   </keywords>
   <keywords>
      <text FeatureID="-1">verkefni, breyta</text>
      <target FeatureID="-1" href="FSCA_HLP_TODO_VIEWER.html">Verkefnum breytt</target>
   </keywords>
   <keywords>
      <text FeatureID="-1">afmælisatriði, skoðun</text>
      <target FeatureID="-1" href="FSCA_HLP_ANNI_VIEWER.html">Breyta afmælisfærslum</target>
   </keywords>
   <keywords>
      <text FeatureID="-1">fundarboð</text>
      <target FeatureID="-1" href="FSCA_HLP_RESPONSE_EDITOR.html">Breyta svari</target>
      <target FeatureID="-1" href="FSCA_HLP_VIEWER_ORGANIZER.html">Unnið með fundarboð</target>
      <target FeatureID="-1" href="MEET_REQ_HLP_EDITOR.html">Móttekin fundarboð</target>
      <target FeatureID="-1" href="FSCA_HLP_VIEWER.html">Svara fundarboðum</target>
      <target FeatureID="-1" href="FS_VIEWER_HLP_MEETING_REQ_VIEW.html">Svara fundarboðum</target>
   </keywords>
   <keywords>
      <text FeatureID="-1">tengiliðir</text>
      <target FeatureID="-1" href="RLOOK_HLP_INFO_VIEW.html">Unnið með tengiliði sem fundust</target>
   </keywords>
   <keywords>
      <text FeatureID="-1">tengiliðir, leita</text>
      <target FeatureID="-1" href="RLOOK_HLP_RESULT_VIEW.html">Leitarniðurstöður</target>
   </keywords>
   <keywords>
      <text FeatureID="-1">tölvupóstur, viðhengi</text>
      <target FeatureID="-1" href="FSE_HLP_ATTACHMENT_LIST_EDITOR.html">Viðhengjum bætt við</target>
   </keywords>
   <keywords>
      <text FeatureID="-1">eyddur tölvupóstur</text>
      <target FeatureID="-1" href="FSE_HLP_MESSAGE_LIST_DELETED.html">Eyddur tölvupóstur</target>
   </keywords>
   <keywords>
      <text FeatureID="-1">tölvupóstsviðhengi sótt</text>
      <target FeatureID="-1" href="FSE_HLP_ATTACHMENT_LIST.html">Niðurhal viðhengja</target>
   </keywords>
   <keywords>
      <text FeatureID="-1">uppkast að tölvupósti</text>
      <target FeatureID="-1" href="FSE_HLP_MESSAGE_LIST_DRAFTS.html">Drög að tölvupóstskeytum</target>
   </keywords>
   <keywords>
      <text FeatureID="-1">Nokia-póstur</text>
      <target FeatureID="-1" href="FSE_HLP_LAUNCHER_GRID.html">Nokia-póstur</target>
   </keywords>
   <keywords>
      <text FeatureID="-1">tölvupóstur</text>
      <target FeatureID="-1" href="FSE_HLP_LAUNCHER_GRID.html">Nokia-póstur</target>
   </keywords>
   <keywords>
      <text FeatureID="-1">möppur fyrir tölvupóst</text>
      <target FeatureID="-1" href="FSE_HLP_FOLDER_LIST.html">Möppur fyrir tölvupóst</target>
      <target FeatureID="-1" href="FSE_HLP_SETT_IMAP_SUBSCR.html">Að fá áskrift að möppum</target>
      <target FeatureID="-1" href="FSE_HLP_MESSAGE_LIST_INBOX.html">Unnið með tölvupóstmöppur</target>
   </keywords>
   <keywords>
      <text FeatureID="-1">stillingar tölvupósts</text>
      <target FeatureID="-1" href="FSE_HLP_LAUNCHER_SETTINGS.html">Almennar stillingar tölvupósts</target>
      <target FeatureID="-1" href="FSE_HLP_POP_IMAP_SETT_MAIN.html">Stillingar tölvupósts</target>
      <target FeatureID="-1" href="FSE_HLP_MFE_SETTINGS_MAIN_VIEW.html">Tölvupóstsstillingar</target>
   </keywords>
   <keywords>
      <text FeatureID="-1">altækar stillingar tölvupósts</text>
      <target FeatureID="-1" href="FSE_HLP_SETTINGS_GLOBAL.html">Altækar stillingar tölvupósts</target>
   </keywords>
   <keywords>
      <text FeatureID="-1">HTML tölvupóstur</text>
      <target FeatureID="-1" href="FS_VIEWER_HLP_HTML_VIEW.html">Tölvupóstur sniðinn að HTML</target>
   </keywords>
   <keywords>
      <text FeatureID="-1">frekari tölvupóststillingar</text>
      <target FeatureID="-1" href="FSE_HLP_POP_IMAP_SETT_ADV.html">Frekari tölvupóststillingar</target>
   </keywords>
   <keywords>
      <text FeatureID="-1">stillingar móttekins pósts</text>
      <target FeatureID="-1" href="FSE_HLP_POP_IMAP_SETT_INCOMING.html">Stillingar móttekins pósts</target>
   </keywords>
   <keywords>
      <text FeatureID="-1">stillingar fyrir sendan póst</text>
      <target FeatureID="-1" href="FSE_HLP_POP_IMAP_SETT_OUTGOING.html">Stillingar sends pósts</target>
   </keywords>
   <keywords>
      <text FeatureID="-1">samstilling tölvupósts</text>
      <target FeatureID="-1" href="FSE_HLP_POP_IMAP_SETT_WHAT.html">Samstillingarefni valið</target>
   </keywords>
   <keywords>
      <text FeatureID="-1">samstillingartími tölvupósts</text>
      <target FeatureID="-1" href="FSE_HLP_POP_IMAP_SETT_WHEN.html">Samstillingartími valinn</target>
      <target FeatureID="-1" href="FSE_HLP_MFE_SETTINGS_WHEN_SYNC.html">Veldu samstillingartíma</target>
      <target FeatureID="-1" href="FSE_HLP_SETTINGS_WHEN_SYNC.html">Tími samstillingar</target>
   </keywords>
   <keywords>
      <text FeatureID="-1">Mail for Exchange</text>
      <target FeatureID="-1" href="FSE_HLP_MFE_LAUNCHER_MAIN_VIEW.html">Mail for Exchange póstur</target>
   </keywords>
   <keywords>
      <text FeatureID="-1">um tölvupóst</text>
      <target FeatureID="-1" href="FS_VIEWER_HLP_DETAILS_VIEW.html">Um skeyti</target>
   </keywords>
   <keywords>
      <text FeatureID="-1">frekari stillingar pósthólfs</text>
      <target FeatureID="-1" href="FSE_HLP_MFE_SETTINGS_ADVANCED.html">Frekari stillingar fyrir pósthólf</target>
   </keywords>
   <keywords>
      <text FeatureID="-1">stillingar samstillingar tölvupósts</text>
      <target FeatureID="-1" href="FSE_HLP_MFE_SETTINGS_PIM_APPS.html">Stillingar fyrir samstillingu forrits</target>
   </keywords>
   <keywords>
      <text FeatureID="-1">samstilling dagbókar</text>
      <target FeatureID="-1" href="FSE_HLP_MFE_CALENDAR_APP.html">Stillingar fyrir samstillingu dagbókar</target>
   </keywords>
   <keywords>
      <text FeatureID="-1">samstilling tengiliða,</text>
      <target FeatureID="-1" href="FSE_HLP_MFE_CONTACTS_APP.html">Stillingar fyrir samstillingu tengiliða</target>
   </keywords>
   <keywords>
      <text FeatureID="-1">pósthólfsstillingar</text>
      <target FeatureID="-1" href="FSE_HLP_MFE_SETTINGS_MAILBOX.html">Almennar stillingar pósthólfs</target>
   </keywords>
   <keywords>
      <text FeatureID="-1">samstilling efnis tölvupósts</text>
      <target FeatureID="-1" href="FSE_HLP_MFE_SETTINGS_WHAT_SYNC.html">Veldu samstillingarefni</target>
   </keywords>
   <keywords>
      <text FeatureID="-1">samstilling tölvupóstsmöppu</text>
      <target FeatureID="-1" href="FSE_HLP_MFE_SETTINGS_FOLDER.html">Stillingar fyrir samstillingu</target>
   </keywords>
   <keywords>
      <text FeatureID="-1">samstilling verkefna</text>
      <target FeatureID="-1" href="FSE_HLP_MFE_TASKS_APP.html">Samstilling verkefna</target>
   </keywords>
   <keywords>
      <text FeatureID="-1">enginn tölvupóstur</text>
      <target FeatureID="-1" href="FSE_HLP_MESSAGE_LIST_EMPTY.html">Engin skilaboð</target>
   </keywords>
   <keywords>
      <text FeatureID="-1">úthólf tölvupósts</text>
      <target FeatureID="-1" href="FSE_HLP_MESSAGE_LIST_OUTBOX.html">Unnið með úthólf</target>
   </keywords>
   <keywords>
      <text FeatureID="-1">leit í tölvupósti</text>
      <target FeatureID="-1" href="FSE_HLP_MESSAGE_LIST_SEARCHING.html">Leita að tölvupósti</target>
   </keywords>
   <keywords>
      <text FeatureID="-1">leitarniðurstöður tölvupósts</text>
      <target FeatureID="-1" href="FSE_HLP_MESSAGE_LIST_SEARCHED.html">Leitarniðurstöður</target>
   </keywords>
   <keywords>
      <text FeatureID="-1">að senda tölvupóst</text>
      <target FeatureID="-1" href="FS_EDITOR_HLP_MAIN_VIEW.html">Senda tölvupóst</target>
   </keywords>
   <keywords>
      <text FeatureID="-1">PIM-þjónusta</text>
      <target FeatureID="-1" href="FSE_HLP_SETTINGS_PIM_VIEW.html">PIM-þjónusta</target>
   </keywords>
   <keywords>
      <text FeatureID="-1">samstilling forrita</text>
      <target FeatureID="-1" href="FSE_HLP_SETTINGS_APPLICATIONS.html">Samstilling forrita</target>
   </keywords>
   <keywords>
      <text FeatureID="-1">viðhengi í tölvupósti</text>
      <target FeatureID="-1" href="FSE_HLP_ATTACHMENT_DOWNLOAD.html">Niðurhöluð viðhengi skoðuð</target>
   </keywords>
   <keywords>
      <text FeatureID="-1">móttekinn tölvupóstur</text>
      <target FeatureID="-1" href="FS_VIEWER_HLP_MAIN_VIEW.html">Unnið með móttekin tölvupóst</target>
   </keywords>
   <keywords>
      <text FeatureID="-1">mail, stillingar</text>
      <target FeatureID="-1" href="FSE_HLP_SETT.html">Stillingar</target>
   </keywords>
   <keywords>
      <text FeatureID="-1">mail, áskriftarstillingar</text>
      <target FeatureID="-1" href="FSE_HLP_ACCT_INFO.html">Stillingar póstreiknings</target>
   </keywords>
   <keywords>
      <text FeatureID="-1">mail, samstilling</text>
      <target FeatureID="-1" href="FSE_HLP_SYNC_SETT.html">Samstillingar</target>
   </keywords>
</keywords>