<?xml version="1.0" encoding="UTF-8"?>
<keywords>
   <keywords>
      <text FeatureID="-1">VPN(Virtual Private Network)</text>
      <target FeatureID="-1" href="SET_HLP_VPN_LOG_VIEW.html">VPN 통신기록</target>
      <target FeatureID="-1" href="SET_HLP_VPN_CONFIG_MAIN.html">VPN 관리</target>
      <target FeatureID="-1" href="SET_HLP_VPN_POLICY_VIEW.html">VPN 정책</target>
      <target FeatureID="-1" href="SET_HLP_VPN_POLICY_SERVERS.html">VPN 정책 서버</target>
      <target FeatureID="-1" href="SET_HLP_VPN_POLICY_SERVER_SET.html">VPN 서버 설정</target>
   </keywords>
</keywords>