<?xml version="1.0" encoding="UTF-8"?>
<keywords>
   <keywords>
      <text FeatureID="-1">valūtu kursi</text>
      <target FeatureID="-1" href="CNV_HLP_RATES.html">Valūtas uzstādījumi</target>
   </keywords>
   <keywords>
      <text FeatureID="-1">pamatvalūta</text>
      <target FeatureID="-1" href="CNV_HLP_RATES.html">Valūtas uzstādījumi</target>
   </keywords>
   <keywords>
      <text FeatureID="-1">valūtas konvertēšana</text>
      <target FeatureID="-1" href="CNV_HLP_RATES.html">Valūtas uzstādījumi</target>
      <target FeatureID="-1" href="CNV_HLP_MAIN_STATE.html">Vienību konvertēšana</target>
   </keywords>
   <keywords>
      <text FeatureID="-1">konvertētājs</text>
      <target FeatureID="-1" href="CNV_HLP_MAIN_STATE.html">Vienību konvertēšana</target>
   </keywords>
</keywords>