<?xml version="1.0" encoding="UTF-8"?>
<keywords>
   <keywords>
      <text FeatureID="-1">failų tvarkyklė</text>
      <target FeatureID="-1" href="FMGR_HLP_MEM_STORE_VIEW.html">Failų tvarkymas</target>
      <target FeatureID="-1" href="FMGR_HLP_MAIN_VIEW.html">Failų tvarkyklė</target>
      <target FeatureID="-1" href="FMGR_HLP_BACKUP_VIEW.html">Atsarginė failo kopija</target>
   </keywords>
   <keywords>
      <text FeatureID="-1">atminties kortelė</text>
      <target FeatureID="-1" href="FMGR_HLP_MEM_STORE_VIEW.html">Failų tvarkymas</target>
      <target FeatureID="-1" href="FMGR_HLP_MAIN_VIEW.html">Failų tvarkyklė</target>
      <target FeatureID="-1" href="FMGR_HLP_BACKUP_VIEW.html">Atsarginė failo kopija</target>
   </keywords>
   <keywords>
      <text FeatureID="-1">Failų tvarkyklė</text>
      <target FeatureID="-1" href="FMGR_HLP_SEARCH_RESULTS.html">Failų paieška</target>
   </keywords>
   <keywords>
      <text FeatureID="-1">failų paieška</text>
      <target FeatureID="-1" href="FMGR_HLP_SEARCH_RESULTS.html">Failų paieška</target>
   </keywords>
   <keywords>
      <text FeatureID="-1">katalogų paieška</text>
      <target FeatureID="-1" href="FMGR_HLP_SEARCH_RESULTS.html">Failų paieška</target>
   </keywords>
   <keywords>
      <text FeatureID="-1">atsarginė kopija</text>
      <target FeatureID="-1" href="FMGR_HLP_BACKUP_VIEW.html">Atsarginė failo kopija</target>
   </keywords>
</keywords>