<?xml version="1.0" encoding="UTF-8"?>
<keywords>
   <keywords>
      <text FeatureID="-1">postcard</text>
      <target FeatureID="-1" href="MMS_POSTCARD_HLP_ADDRESS_EDIT.html">Heimilisföngum breytt</target>
      <target FeatureID="-1" href="POSTCARD_HLP_ADDRESS_VIEW.html">Heimilisföng skoðuð</target>
      <target FeatureID="-1" href="POSTCARD_HLP_GREETING_EDIT.html">Kveðjur skrifaðar</target>
      <target FeatureID="-1" href="POSTCARD_HLP_GREETING_VIEW.html">Kveðjur skoðaðar</target>
      <target FeatureID="-1" href="MMS_POSTCARD_HLP_MAIN_EDIT.html">Póstkort búin til</target>
   </keywords>
   <keywords>
      <text FeatureID="-1">póstkort send</text>
      <target FeatureID="-1" href="MMS_POSTCARD_HLP_ADDRESS_EDIT.html">Heimilisföngum breytt</target>
      <target FeatureID="-1" href="POSTCARD_HLP_GREETING_EDIT.html">Kveðjur skrifaðar</target>
   </keywords>
   <keywords>
      <text FeatureID="-1">póstkort</text>
      <target FeatureID="-1" href="MMS_POSTCARD_HLP_MAIN_VIEW.html">Póstkort skoðuð</target>
   </keywords>
   <keywords>
      <text FeatureID="-1">sending póstkorta</text>
      <target FeatureID="-1" href="MMS_POSTCARD_HLP_MAIN_EDIT.html">Póstkort búin til</target>
   </keywords>
</keywords>