<?xml version="1.0" encoding="UTF-8"?>
<keywords>
   <keywords>
      <text FeatureID="-1">fotoaparát</text>
      <target FeatureID="-1" href="LCAM_HLP_VIEWFINDER_PHOTO.html">Zachytávanie snímok</target>
      <target FeatureID="-1" href="LCAM_HLP_LIGHT_SENSITIVITY.html">Zmena svetelnej citlivosti</target>
      <target FeatureID="-1" href="LCAM_HLP_SETTINGS_PHOUSER.html">Zadávanie záberov</target>
      <target FeatureID="-1" href="LCAM_HLP_SCENES_PHOTO.html">Scény v snímkach</target>
      <target FeatureID="-1" href="LCAM_HLP_VIEWFINDER_VIDEO.html">Nahrávanie videoklipov</target>
      <target FeatureID="-1" href="LCAM_HLP_SCENES_VIDEO.html">Scény vo videoklipoch</target>
      <target FeatureID="-1" href="LCAM_HLP_VIEWFINDER_VIDEO_EM.html">Video v aplikáciách</target>
      <target FeatureID="-1" href="LCAM_HLP_STANDBY_EM.html">Neaktívny fotoaparát</target>
      <target FeatureID="-1" href="LCAM_HLP_POST_VIDEO.html">Prehrávanie videoklipov</target>
      <target FeatureID="-1" href="LCAM_HLP_POST_PHOTO.html">Prezeranie zachytených snímok</target>
   </keywords>
   <keywords>
      <text FeatureID="-1">zachytávanie snímok</text>
      <target FeatureID="-1" href="LCAM_HLP_VIEWFINDER_PHOTO.html">Zachytávanie snímok</target>
   </keywords>
   <keywords>
      <text FeatureID="-1">svetelná citlivosť</text>
      <target FeatureID="-1" href="LCAM_HLP_LIGHT_SENSITIVITY.html">Zmena svetelnej citlivosti</target>
   </keywords>
   <keywords>
      <text FeatureID="-1">scény</text>
      <target FeatureID="-1" href="LCAM_HLP_SETTINGS_PHOUSER.html">Zadávanie záberov</target>
      <target FeatureID="-1" href="LCAM_HLP_SCENES_PHOTO.html">Scény v snímkach</target>
   </keywords>
   <keywords>
      <text FeatureID="-1">nastavenia foto-video</text>
      <target FeatureID="-1" href="LCAM_HLP_SETTINGS.html">Nastavenia Foto-Video</target>
   </keywords>
   <keywords>
      <text FeatureID="-1">fotoaparát, nastavenia</text>
      <target FeatureID="-1" href="LCAM_HLP_SETTINGS_PHOTO.html">Nastavenia snímky</target>
      <target FeatureID="-1" href="LCAM_HLP_SETTINGS_VIDEO.html">Nastavenia videa</target>
   </keywords>
   <keywords>
      <text FeatureID="-1">nahrávanie videoklipov</text>
      <target FeatureID="-1" href="LCAM_HLP_VIEWFINDER_VIDEO.html">Nahrávanie videoklipov</target>
   </keywords>
   <keywords>
      <text FeatureID="-1">scény vo videoklipoch</text>
      <target FeatureID="-1" href="LCAM_HLP_SCENES_VIDEO.html">Scény vo videoklipoch</target>
   </keywords>
   <keywords>
      <text FeatureID="-1">video, nastavenia</text>
      <target FeatureID="-1" href="LCAM_HLP_SETTINGS_VIDEO.html">Nastavenia videa</target>
   </keywords>
   <keywords>
      <text FeatureID="-1">videoklipy v aplikáciách</text>
      <target FeatureID="-1" href="LCAM_HLP_VIEWFINDER_VIDEO_EM.html">Video v aplikáciách</target>
   </keywords>
   <keywords>
      <text FeatureID="-1">prehrávanie videoklipov</text>
      <target FeatureID="-1" href="LCAM_HLP_POST_VIDEO.html">Prehrávanie videoklipov</target>
   </keywords>
   <keywords>
      <text FeatureID="-1">fotoaparát v aplikáciách</text>
      <target FeatureID="-1" href="LCAM_HLP_VIEWFINDER_PHOTO_EM.html">Snímky v aplikáciách</target>
   </keywords>
   <keywords>
      <text FeatureID="-1">prezeranie snímok</text>
      <target FeatureID="-1" href="LCAM_HLP_POST_PHOTO.html">Prezeranie zachytených snímok</target>
   </keywords>
</keywords>