<?xml version="1.0" encoding="UTF-8"?>
<keywords>
   <keywords>
      <text FeatureID="true_1091">USSD editor</text>
      <target FeatureID="true_1091" href="USSD_HLP_EDITOR.html">Service commands</target>
   </keywords>
   <keywords>
      <text FeatureID="true_1091">service commands</text>
      <target FeatureID="true_1091" href="USSD_HLP_EDITOR.html">Service commands</target>
   </keywords>
   <keywords>
      <text FeatureID="true_1091">network services</text>
      <target FeatureID="true_1091" href="USSD_HLP_EDITOR.html">Service commands</target>
   </keywords>
</keywords>