<?xml version="1.0" encoding="UTF-8"?><?xml-stylesheet  href="../../theme/xsl/index2html.xslt" type="text/xsl"?>
<topics FeatureID="-1" title="메시지" compressed="true">
   <topicref FeatureID="-1" href="MCE_HLP_MESSAGING.html" navtitle="메시지 센터"/>
   <topicref FeatureID="-1" href="MCE_HLP_SIM.html" navtitle="SIM 메시지 보기"/>
   <topicref FeatureID="-1" href="MCE_HLP_SETTINGS.html" navtitle="메시지 설정"/>
   <topicref FeatureID="-1" href="MCE_HLP_SETTINGS_SMS.html" navtitle="텍스트 메시지 설정"/>
   <topicref FeatureID="-1" href="SMS_HLP_SETTINGS_SCENTRES.html" navtitle="텍스트 메시지 센터 설정"/>
   <topicref FeatureID="-1" href="SMS_HLP_SETTINGS_SCENTRES_EDIT.html" navtitle="텍스트 메시지 센터 편집"/>
   <topicref FeatureID="true_1092" href="SMS_HLP_SETTINGS_SMS_EMAIL.html" navtitle="텍스트 메시지 이메일 설정"/>
   <topicref FeatureID="-1" href="MCE_HLP_SETTINGS_MMS.html" navtitle="멀티미디어 메시지 설정"/>
   <topicref FeatureID="true_1090" href="MCE_HLP_SETTINGS_CB.html" navtitle="방송 설정"/>
   <topicref FeatureID="-1" href="MCE_HLP_SETTINGS_GEN.html" navtitle="기타 설정"/>
   <topicref FeatureID="-1" href="MCE_HLP_INBOX.html" navtitle="수신 메시지"/>
   <topicref FeatureID="-1" href="MCE_HLP_DOCUMENTS.html" navtitle="내 폴더"/>
   <topicref FeatureID="-1" href="MCE_HLP_TEMPLATES.html" navtitle="메시지 템플릿"/>
   <topicref FeatureID="-1" href="MCE_HLP_FOLDER.html" navtitle="메시지 정리"/>
   <topicref FeatureID="-1" href="MCE_HLP_DRAFTS.html" navtitle="임시 보관함"/>
   <topicref FeatureID="-1" href="MCE_HLP_SENT_ITEMS.html" navtitle="발신 메시지"/>
   <topicref FeatureID="-1" href="MCE_HLP_OUTBOX.html" navtitle="보낼 메시지"/>
   <topicref FeatureID="-1" href="MCE_HLP_DELIVERY_REPORTS.html" navtitle="전송 보고서"/>
   <topicref FeatureID="true_1132" href="MCE_HLP_MMS_NOTIFICATIONS.html" navtitle="멀티미디어 알림"/>
   <topicref FeatureID="-1" href="FIND_HLP.html" navtitle="번호/주소 찾기"/>
</topics>