<?xml version="1.0" encoding="UTF-8"?>
<keywords>
   <keywords>
      <text FeatureID="-1">메시지 전송</text>
      <target FeatureID="-1" href="MCE_HLP_MESSAGING.html">메시지 센터</target>
      <target FeatureID="-1" href="MCE_HLP_OUTBOX.html">보낼 메시지</target>
   </keywords>
   <keywords>
      <text FeatureID="-1">메시지 수신</text>
      <target FeatureID="-1" href="MCE_HLP_MESSAGING.html">메시지 센터</target>
      <target FeatureID="-1" href="MCE_HLP_INBOX.html">수신 메시지</target>
   </keywords>
   <keywords>
      <text FeatureID="-1">SIM 메시지</text>
      <target FeatureID="-1" href="MCE_HLP_SIM.html">SIM 메시지 보기</target>
   </keywords>
   <keywords>
      <text FeatureID="-1">SIM 카드의 메시지</text>
      <target FeatureID="-1" href="MCE_HLP_SIM.html">SIM 메시지 보기</target>
   </keywords>
   <keywords>
      <text FeatureID="-1">메시지 설정</text>
      <target FeatureID="-1" href="MCE_HLP_SETTINGS.html">메시지 설정</target>
      <target FeatureID="-1" href="MCE_HLP_SETTINGS_GEN.html">기타 설정</target>
   </keywords>
   <keywords>
      <text FeatureID="-1">SMS 설정</text>
      <target FeatureID="-1" href="MCE_HLP_SETTINGS_SMS.html">텍스트 메시지 설정</target>
   </keywords>
   <keywords>
      <text FeatureID="-1">텍스트 메시지 설정</text>
      <target FeatureID="-1" href="MCE_HLP_SETTINGS_SMS.html">텍스트 메시지 설정</target>
      <target FeatureID="-1" href="SMS_HLP_SETTINGS_SCENTRES.html">텍스트 메시지 센터 설정</target>
      <target FeatureID="-1" href="SMS_HLP_SETTINGS_SCENTRES_EDIT.html">텍스트 메시지 센터 편집</target>
   </keywords>
   <keywords>
      <text FeatureID="-1">메시지 센터 설정</text>
      <target FeatureID="-1" href="SMS_HLP_SETTINGS_SCENTRES.html">텍스트 메시지 센터 설정</target>
      <target FeatureID="-1" href="SMS_HLP_SETTINGS_SCENTRES_EDIT.html">텍스트 메시지 센터 편집</target>
   </keywords>
   <keywords>
      <text FeatureID="-1">SMS 센터 설정</text>
      <target FeatureID="-1" href="SMS_HLP_SETTINGS_SCENTRES.html">텍스트 메시지 센터 설정</target>
   </keywords>
   <keywords>
      <text FeatureID="true_1092">텍스트 메시지 이메일</text>
      <target FeatureID="true_1092" href="SMS_HLP_SETTINGS_SMS_EMAIL.html">텍스트 메시지 이메일 설정</target>
   </keywords>
   <keywords>
      <text FeatureID="true_1092">sms 이메일 설정</text>
      <target FeatureID="true_1092" href="SMS_HLP_SETTINGS_SMS_EMAIL.html">텍스트 메시지 이메일 설정</target>
   </keywords>
   <keywords>
      <text FeatureID="-1">MMS 설정</text>
      <target FeatureID="-1" href="MCE_HLP_SETTINGS_MMS.html">멀티미디어 메시지 설정</target>
   </keywords>
   <keywords>
      <text FeatureID="true_1090">방송 설정</text>
      <target FeatureID="true_1090" href="MCE_HLP_SETTINGS_CB.html">방송 설정</target>
   </keywords>
   <keywords>
      <text FeatureID="-1">수신 메시지</text>
      <target FeatureID="-1" href="MCE_HLP_INBOX.html">수신 메시지</target>
   </keywords>
   <keywords>
      <text FeatureID="-1">내 폴더</text>
      <target FeatureID="-1" href="MCE_HLP_DOCUMENTS.html">내 폴더</target>
   </keywords>
   <keywords>
      <text FeatureID="-1">메시지 저장</text>
      <target FeatureID="-1" href="MCE_HLP_DOCUMENTS.html">내 폴더</target>
   </keywords>
   <keywords>
      <text FeatureID="-1">템플릿 전송</text>
      <target FeatureID="-1" href="MCE_HLP_TEMPLATES.html">메시지 템플릿</target>
   </keywords>
   <keywords>
      <text FeatureID="-1">메시지 템플릿</text>
      <target FeatureID="-1" href="MCE_HLP_TEMPLATES.html">메시지 템플릿</target>
   </keywords>
   <keywords>
      <text FeatureID="-1">메시지 정리</text>
      <target FeatureID="-1" href="MCE_HLP_FOLDER.html">메시지 정리</target>
   </keywords>
   <keywords>
      <text FeatureID="-1">임시 메시지 저장</text>
      <target FeatureID="-1" href="MCE_HLP_DRAFTS.html">임시 보관함</target>
   </keywords>
   <keywords>
      <text FeatureID="-1">임시 메시지</text>
      <target FeatureID="-1" href="MCE_HLP_DRAFTS.html">임시 보관함</target>
   </keywords>
   <keywords>
      <text FeatureID="-1">발신 메시지</text>
      <target FeatureID="-1" href="MCE_HLP_SENT_ITEMS.html">발신 메시지</target>
   </keywords>
   <keywords>
      <text FeatureID="-1">보낼 메시지 보기</text>
      <target FeatureID="-1" href="MCE_HLP_OUTBOX.html">보낼 메시지</target>
   </keywords>
   <keywords>
      <text FeatureID="-1">전송 보고서</text>
      <target FeatureID="-1" href="MCE_HLP_DELIVERY_REPORTS.html">전송 보고서</target>
   </keywords>
   <keywords>
      <text FeatureID="true_1132">MMS 알림</text>
      <target FeatureID="true_1132" href="MCE_HLP_MMS_NOTIFICATIONS.html">멀티미디어 알림</target>
   </keywords>
   <keywords>
      <text FeatureID="-1">전화 번호 찾기</text>
      <target FeatureID="-1" href="FIND_HLP.html">번호/주소 찾기</target>
   </keywords>
   <keywords>
      <text FeatureID="-1">주소 찾기</text>
      <target FeatureID="-1" href="FIND_HLP.html">번호/주소 찾기</target>
   </keywords>
</keywords>