<?xml version="1.0" encoding="UTF-8"?>
<keywords>
   <keywords>
      <text FeatureID="-1">redigera anteckningar</text>
      <target FeatureID="-1" href="NMAKE_HLP_MEMO_VIEWER_EDIT.html">Redigera anteckningar i program</target>
   </keywords>
   <keywords>
      <text FeatureID="-1">ta emot anteckningar</text>
      <target FeatureID="-1" href="NMAKE_HLP_MEMO_VIEWER.html">Läs mottagna anteckningar</target>
   </keywords>
   <keywords>
      <text FeatureID="-1">meddelandemallar</text>
      <target FeatureID="-1" href="NMAKE_HLP_TEMPLATE_EDITOR.html">Skriv meddelandemallar</target>
   </keywords>
   <keywords>
      <text FeatureID="-1">skapa meddelandemallar</text>
      <target FeatureID="-1" href="NMAKE_HLP_TEMPLATE_EDITOR.html">Skriv meddelandemallar</target>
   </keywords>
   <keywords>
      <text FeatureID="-1">skriv meddelandemallar</text>
      <target FeatureID="-1" href="NMAKE_HLP_TEMPLATE_EDITOR.html">Skriv meddelandemallar</target>
   </keywords>
   <keywords>
      <text FeatureID="-1">anteckningslista</text>
      <target FeatureID="-1" href="NMAKE_HLP_MEMO_LIST.html">Anteckningslista</target>
   </keywords>
   <keywords>
      <text FeatureID="-1">skriva anteckningar</text>
      <target FeatureID="-1" href="NMAKE_HLP_MEMO_LIST.html">Anteckningslista</target>
      <target FeatureID="-1" href="NMAKE_HLP_MEMO_EDITOR_APPS.html">Skriva anteckningar i program</target>
      <target FeatureID="-1" href="NMAKE_HLP_MEMO_EDITOR.html">Skriva anteckningar</target>
   </keywords>
</keywords>