<?xml version="1.0" encoding="UTF-8"?>
<keywords>
   <keywords>
      <text FeatureID="-1">decrittografia, memory card</text>
      <target FeatureID="-1" href="ES_HLP_ENCRYPTION_DECRYPT.html">Decrittografare la memory card</target>
   </keywords>
   <keywords>
      <text FeatureID="-1">crittografia, memory card</text>
      <target FeatureID="-1" href="ES_HLP_ENCRYPTION_ENCRYPT.html">Codifica della memory card</target>
   </keywords>
   <keywords>
      <text FeatureID="-1">crittografia, memoria del dispositivo e memory card</text>
      <target FeatureID="-1" href="ES_HLP_ENCRYPTION_MAIN.html">Crittografare o decrittografare</target>
   </keywords>
   <keywords>
      <text FeatureID="-1">decrittografia, memoria del dispositivo e memory card</text>
      <target FeatureID="-1" href="ES_HLP_ENCRYPTION_MAIN.html">Crittografare o decrittografare</target>
   </keywords>
</keywords>