<?xml version="1.0" encoding="UTF-8"?>
<keywords>
   <keywords>
      <text FeatureID="-1">modul siguranţă</text>
      <target FeatureID="-1" href="SECMOD_HLP_ACCESSCODE_VIEW.html">Cod PIN modul siguranţă</target>
      <target FeatureID="-1" href="SECMOD_HLP_MAIN_VIEW.html">Modul siguranţă</target>
      <target FeatureID="-1" href="SEMOD_HLP_SIGNINGCODE_VIEW.html">Editare cod semnătură</target>
   </keywords>
   <keywords>
      <text FeatureID="-1">cod PIN</text>
      <target FeatureID="-1" href="SECMOD_HLP_ACCESSCODE_VIEW.html">Cod PIN modul siguranţă</target>
   </keywords>
   <keywords>
      <text FeatureID="-1">coduri modul siguranţă</text>
      <target FeatureID="-1" href="SECMOD_HLP_CODE_VIEW.html">Coduri modul siguranţă</target>
   </keywords>
   <keywords>
      <text FeatureID="-1">Cod PIN pentru modulul siguranţă</text>
      <target FeatureID="-1" href="SECMOD_HLP_CODE_VIEW.html">Coduri modul siguranţă</target>
   </keywords>
   <keywords>
      <text FeatureID="-1">memorie de chei</text>
      <target FeatureID="-1" href="SECMOD_HLP_MAIN_VIEW.html">Modul siguranţă</target>
   </keywords>
   <keywords>
      <text FeatureID="-1">cod semnătură</text>
      <target FeatureID="-1" href="SEMOD_HLP_SIGNINGCODE_VIEW.html">Editare cod semnătură</target>
   </keywords>
   <keywords>
      <text FeatureID="-1">semnături digitale</text>
      <target FeatureID="-1" href="SEMOD_HLP_SIGNINGCODE_VIEW.html">Editare cod semnătură</target>
   </keywords>
</keywords>