<?xml version="1.0" encoding="UTF-8"?>
<keywords>
   <keywords>
      <text FeatureID="-1">ääniteemat</text>
      <target FeatureID="-1" href="AUDIOTHEME_HLP_EVENTGROUPS.html">Ääniteemojen muuttaminen</target>
      <target FeatureID="-1" href="SET_HLP_AUDIO_THEME_EVENTSLIST.html">Laitteen tapahtumien äänet</target>
   </keywords>
   <keywords>
      <text FeatureID="-1">laitteen mukautus yksilölliseksi</text>
      <target FeatureID="-1" href="AUDIOTHEME_HLP_EVENTGROUPS.html">Ääniteemojen muuttaminen</target>
      <target FeatureID="-1" href="SET_HLP_AUDIO_THEME_EVENTSLIST.html">Laitteen tapahtumien äänet</target>
   </keywords>
   <keywords>
      <text FeatureID="-1">laitteen äänet</text>
      <target FeatureID="-1" href="AUDIOTHEME_HLP_EVENTGROUPS.html">Ääniteemojen muuttaminen</target>
      <target FeatureID="-1" href="SET_HLP_AUDIO_THEME_EVENTSLIST.html">Laitteen tapahtumien äänet</target>
   </keywords>
</keywords>