<?xml version="1.0" encoding="UTF-8"?>
<keywords>
   <keywords>
      <text FeatureID="-1">dagbók</text>
      <target FeatureID="-1" href="CALE_HLP_NOTE_ANNIVERSARY.html">Afmælisfærslur</target>
      <target FeatureID="-1" href="CALE_HLP_NOTE_VIEWER.html">Dagbókaratriði</target>
      <target FeatureID="-1" href="CALE_HLP_DAY_VIEW.html">Dagsskjár</target>
      <target FeatureID="-1" href="CALE_HLP_NOTE_MEETING.html">Fundaratriði</target>
      <target FeatureID="-1" href="CALE_HLP_NOTE_DAY.html">Minnisatriði</target>
      <target FeatureID="-1" href="CALE_HLP_MONTH_VIEW.html">Mánaðarskjár</target>
      <target FeatureID="-1" href="CALE_HLP_TODO_NOTE.html">Verkefni</target>
      <target FeatureID="-1" href="CALE_HLP_TODO_VIEW.html">Verkefni</target>
      <target FeatureID="-1" href="CALE_HLP_WEEK_VIEW.html">Vikuskjár</target>
   </keywords>
   <keywords>
      <text FeatureID="-1">afmæli</text>
      <target FeatureID="-1" href="CALE_HLP_NOTE_ANNIVERSARY.html">Afmælisfærslur</target>
      <target FeatureID="-1" href="CALE_HLP_NOTE_VIEWER.html">Dagbókaratriði</target>
   </keywords>
   <keywords>
      <text FeatureID="-1">fundir</text>
      <target FeatureID="-1" href="CALE_HLP_NOTE_VIEWER.html">Dagbókaratriði</target>
      <target FeatureID="-1" href="CALE_HLP_NOTE_MEETING.html">Fundaratriði</target>
   </keywords>
   <keywords>
      <text FeatureID="-1">minnismiðar</text>
      <target FeatureID="-1" href="CALE_HLP_NOTE_VIEWER.html">Dagbókaratriði</target>
      <target FeatureID="-1" href="CALE_HLP_NOTE_DAY.html">Minnisatriði</target>
   </keywords>
   <keywords>
      <text FeatureID="-1">verkefni</text>
      <target FeatureID="-1" href="CALE_HLP_NOTE_VIEWER.html">Dagbókaratriði</target>
      <target FeatureID="-1" href="CALE_HLP_TODO_NOTE.html">Verkefni</target>
   </keywords>
   <keywords>
      <text FeatureID="-1">stillingar dagbókar</text>
      <target FeatureID="-1" href="CALE_HLP_SETTINGS.html">Stillingar dagbókar</target>
   </keywords>
   <keywords>
      <text FeatureID="-1">verkefnalisti</text>
      <target FeatureID="-1" href="CALE_HLP_TODO_VIEW.html">Verkefni</target>
   </keywords>
</keywords>