<?xml version="1.0" encoding="UTF-8"?><?xml-stylesheet  href="../../theme/xsl/index2html.xslt" type="text/xsl"?>
<topics FeatureID="-1" title="Сообщения" compressed="true">
   <topicref FeatureID="-1" href="MCE_HLP_MESSAGING.html" navtitle="Центр сообщений"/>
   <topicref FeatureID="-1" href="MCE_HLP_SIM.html" navtitle="Просмотр сообщений на SIM-карте"/>
   <topicref FeatureID="-1" href="MCE_HLP_SETTINGS.html" navtitle="Параметры сообщений"/>
   <topicref FeatureID="-1" href="MCE_HLP_SETTINGS_SMS.html" navtitle="Параметры текстовых сообщений"/>
   <topicref FeatureID="-1" href="SMS_HLP_SETTINGS_SCENTRES.html" navtitle="Параметры центра текстовых сообщений"/>
   <topicref FeatureID="-1" href="SMS_HLP_SETTINGS_SCENTRES_EDIT.html" navtitle="Изменение центров SMS-сообщений"/>
   <topicref FeatureID="true_1092" href="SMS_HLP_SETTINGS_SMS_EMAIL.html" navtitle="Параметры электронной почты для текстовых сообщений"/>
   <topicref FeatureID="-1" href="MCE_HLP_SETTINGS_MMS.html" navtitle="Параметры мультимедийных сообщений"/>
   <topicref FeatureID="true_1090" href="MCE_HLP_SETTINGS_CB.html" navtitle="Сообщения БС"/>
   <topicref FeatureID="-1" href="MCE_HLP_SETTINGS_GEN.html" navtitle="Другие параметры"/>
   <topicref FeatureID="-1" href="MCE_HLP_INBOX.html" navtitle="Входящие"/>
   <topicref FeatureID="-1" href="MCE_HLP_DOCUMENTS.html" navtitle="Мои папки"/>
   <topicref FeatureID="-1" href="MCE_HLP_TEMPLATES.html" navtitle="Шаблоны сообщений"/>
   <topicref FeatureID="-1" href="MCE_HLP_FOLDER.html" navtitle="Упорядочение сообщений"/>
   <topicref FeatureID="-1" href="MCE_HLP_DRAFTS.html" navtitle="Черновики"/>
   <topicref FeatureID="-1" href="MCE_HLP_SENT_ITEMS.html" navtitle="Переданные сообщения"/>
   <topicref FeatureID="-1" href="MCE_HLP_OUTBOX.html" navtitle="Исходящие"/>
   <topicref FeatureID="-1" href="MCE_HLP_DELIVERY_REPORTS.html" navtitle="Отчеты о доставке"/>
   <topicref FeatureID="true_1132" href="MCE_HLP_MMS_NOTIFICATIONS.html" navtitle="Уведомления о MMS"/>
   <topicref FeatureID="-1" href="FIND_HLP.html" navtitle="Поиск номеров/адресов"/>
</topics>