<?xml version="1.0" encoding="UTF-8"?>
<keywords>
   <keywords>
      <text FeatureID="-1">передача сообщений</text>
      <target FeatureID="-1" href="MCE_HLP_MESSAGING.html">Центр сообщений</target>
      <target FeatureID="-1" href="MCE_HLP_OUTBOX.html">Исходящие</target>
   </keywords>
   <keywords>
      <text FeatureID="-1">прием сообщений</text>
      <target FeatureID="-1" href="MCE_HLP_MESSAGING.html">Центр сообщений</target>
      <target FeatureID="-1" href="MCE_HLP_INBOX.html">Входящие</target>
   </keywords>
   <keywords>
      <text FeatureID="-1">сообщения на SIM-карте</text>
      <target FeatureID="-1" href="MCE_HLP_SIM.html">Просмотр сообщений на SIM-карте</target>
      <target FeatureID="-1" href="MCE_HLP_SIM.html">Просмотр сообщений на SIM-карте</target>
   </keywords>
   <keywords>
      <text FeatureID="-1">параметры сообщений</text>
      <target FeatureID="-1" href="MCE_HLP_SETTINGS.html">Параметры сообщений</target>
      <target FeatureID="-1" href="MCE_HLP_SETTINGS_GEN.html">Другие параметры</target>
   </keywords>
   <keywords>
      <text FeatureID="-1">SMS, параметры</text>
      <target FeatureID="-1" href="MCE_HLP_SETTINGS_SMS.html">Параметры текстовых сообщений</target>
   </keywords>
   <keywords>
      <text FeatureID="-1">параметры текстовых сообщений</text>
      <target FeatureID="-1" href="MCE_HLP_SETTINGS_SMS.html">Параметры текстовых сообщений</target>
      <target FeatureID="-1" href="SMS_HLP_SETTINGS_SCENTRES.html">Параметры центра текстовых сообщений</target>
      <target FeatureID="-1" href="SMS_HLP_SETTINGS_SCENTRES_EDIT.html">Изменение центров SMS-сообщений</target>
   </keywords>
   <keywords>
      <text FeatureID="-1">параметры центра сообщений</text>
      <target FeatureID="-1" href="SMS_HLP_SETTINGS_SCENTRES.html">Параметры центра текстовых сообщений</target>
      <target FeatureID="-1" href="SMS_HLP_SETTINGS_SCENTRES_EDIT.html">Изменение центров SMS-сообщений</target>
   </keywords>
   <keywords>
      <text FeatureID="-1">параметры центра SMS</text>
      <target FeatureID="-1" href="SMS_HLP_SETTINGS_SCENTRES.html">Параметры центра текстовых сообщений</target>
   </keywords>
   <keywords>
      <text FeatureID="true_1092">текстовые сообщения электронной почты</text>
      <target FeatureID="true_1092" href="SMS_HLP_SETTINGS_SMS_EMAIL.html">Параметры электронной почты для текстовых сообщений</target>
   </keywords>
   <keywords>
      <text FeatureID="true_1092">параметры электронной почты через SMS</text>
      <target FeatureID="true_1092" href="SMS_HLP_SETTINGS_SMS_EMAIL.html">Параметры электронной почты для текстовых сообщений</target>
   </keywords>
   <keywords>
      <text FeatureID="-1">параметры MMS</text>
      <target FeatureID="-1" href="MCE_HLP_SETTINGS_MMS.html">Параметры мультимедийных сообщений</target>
   </keywords>
   <keywords>
      <text FeatureID="true_1090">параметры сообщений БС</text>
      <target FeatureID="true_1090" href="MCE_HLP_SETTINGS_CB.html">Сообщения БС</target>
   </keywords>
   <keywords>
      <text FeatureID="-1">папка "Входящие"</text>
      <target FeatureID="-1" href="MCE_HLP_INBOX.html">Входящие</target>
   </keywords>
   <keywords>
      <text FeatureID="-1">мои папки</text>
      <target FeatureID="-1" href="MCE_HLP_DOCUMENTS.html">Мои папки</target>
   </keywords>
   <keywords>
      <text FeatureID="-1">сохранение сообщений</text>
      <target FeatureID="-1" href="MCE_HLP_DOCUMENTS.html">Мои папки</target>
   </keywords>
   <keywords>
      <text FeatureID="-1">передача шаблонов</text>
      <target FeatureID="-1" href="MCE_HLP_TEMPLATES.html">Шаблоны сообщений</target>
   </keywords>
   <keywords>
      <text FeatureID="-1">шаблоны сообщения</text>
      <target FeatureID="-1" href="MCE_HLP_TEMPLATES.html">Шаблоны сообщений</target>
   </keywords>
   <keywords>
      <text FeatureID="-1">упорядочение сообщений</text>
      <target FeatureID="-1" href="MCE_HLP_FOLDER.html">Упорядочение сообщений</target>
   </keywords>
   <keywords>
      <text FeatureID="-1">сохранение черновиков</text>
      <target FeatureID="-1" href="MCE_HLP_DRAFTS.html">Черновики</target>
   </keywords>
   <keywords>
      <text FeatureID="-1">черновики</text>
      <target FeatureID="-1" href="MCE_HLP_DRAFTS.html">Черновики</target>
   </keywords>
   <keywords>
      <text FeatureID="-1">переданные сообщения</text>
      <target FeatureID="-1" href="MCE_HLP_SENT_ITEMS.html">Переданные сообщения</target>
   </keywords>
   <keywords>
      <text FeatureID="-1">исходящие, просмотр</text>
      <target FeatureID="-1" href="MCE_HLP_OUTBOX.html">Исходящие</target>
   </keywords>
   <keywords>
      <text FeatureID="-1">отчеты о доставке</text>
      <target FeatureID="-1" href="MCE_HLP_DELIVERY_REPORTS.html">Отчеты о доставке</target>
   </keywords>
   <keywords>
      <text FeatureID="true_1132">уведомления о MMS</text>
      <target FeatureID="true_1132" href="MCE_HLP_MMS_NOTIFICATIONS.html">Уведомления о MMS</target>
   </keywords>
</keywords>