<?xml version="1.0" encoding="UTF-8"?>
<keywords>
   <keywords>
      <text FeatureID="-1">positiebepalingsmethoden</text>
      <target FeatureID="-1" href="LOC_HLP_SETTINGS.html">Positiebepalingsinstellingen</target>
   </keywords>
   <keywords>
      <text FeatureID="-1">positiebepalingsserver</text>
      <target FeatureID="-1" href="LOC_HLP_SETTINGS.html">Positiebepalingsinstellingen</target>
   </keywords>
   <keywords>
      <text FeatureID="-1">notatievoorkeuren</text>
      <target FeatureID="-1" href="LOC_HLP_SETTINGS.html">Positiebepalingsinstellingen</target>
   </keywords>
</keywords>