<?xml version="1.0" encoding="UTF-8"?><?xml-stylesheet  href="../../theme/xsl/index2html.xslt" type="text/xsl"?>
<topics FeatureID="-1" title="Video &amp; TV" compressed="true">
   <topicref FeatureID="-1" href="IPTV_HLP_MAIN_STATE.html" navtitle="Video &amp; TV"/>
   <topicref FeatureID="-1" href="IPTV_HLP_VODCAST_MAIN.html" navtitle="Umpan video"/>
   <topicref FeatureID="-1" href="IPTV_HLP_SERVICE_SELECTION_VOD.html" navtitle="Memilih layanan video"/>
   <topicref FeatureID="-1" href="IPTV_HLP_VOD_CATEGORIES.html" navtitle="Kategori video"/>
   <topicref FeatureID="-1" href="IPTV_HLP_VOD.html" navtitle="Melihat dan men-download klip video"/>
   <topicref FeatureID="-1" href="IPTV_HLP_SCHEDULE_DOWNLOAD.html" navtitle="Menjadwalkan download"/>
   <topicref FeatureID="-1" href="IPTV_HLP_STORAGE.html" navtitle="Video saya"/>
   <topicref FeatureID="-1" href="IPTV_HLP_SETTINGS.html" navtitle="Pengaturan video &amp; TV"/>
   <topicref FeatureID="-1" href="IPTV_HLP_SERVICE_SEL_VODCAST.html" navtitle="Memilih umpan video"/>
   <topicref FeatureID="-1" href="IPTV_HLP_ADD_SERVICE.html" navtitle="Menambah umpan video"/>
</topics>