<?xml version="1.0" encoding="UTF-8"?>
<keywords>
   <keywords>
      <text FeatureID="-1">video &amp; TV</text>
      <target FeatureID="-1" href="IPTV_HLP_MAIN_STATE.html">Video &amp; TV</target>
      <target FeatureID="-1" href="IPTV_HLP_VODCAST_MAIN.html">Umpan video</target>
      <target FeatureID="-1" href="IPTV_HLP_SERVICE_SELECTION_VOD.html">Memilih layanan video</target>
      <target FeatureID="-1" href="IPTV_HLP_VOD_CATEGORIES.html">Kategori video</target>
      <target FeatureID="-1" href="IPTV_HLP_VOD.html">Melihat dan men-download klip video</target>
      <target FeatureID="-1" href="IPTV_HLP_SCHEDULE_DOWNLOAD.html">Menjadwalkan download</target>
      <target FeatureID="-1" href="IPTV_HLP_STORAGE.html">Video saya</target>
      <target FeatureID="-1" href="IPTV_HLP_SERVICE_SEL_VODCAST.html">Memilih umpan video</target>
      <target FeatureID="-1" href="IPTV_HLP_ADD_SERVICE.html">Menambah umpan video</target>
   </keywords>
   <keywords>
      <text FeatureID="-1">umpan video</text>
      <target FeatureID="-1" href="IPTV_HLP_VODCAST_MAIN.html">Umpan video</target>
      <target FeatureID="-1" href="IPTV_HLP_VOD_CATEGORIES.html">Kategori video</target>
      <target FeatureID="-1" href="IPTV_HLP_SERVICE_SEL_VODCAST.html">Memilih umpan video</target>
      <target FeatureID="-1" href="IPTV_HLP_ADD_SERVICE.html">Menambah umpan video</target>
   </keywords>
   <keywords>
      <text FeatureID="-1">download, klip video</text>
      <target FeatureID="-1" href="IPTV_HLP_VOD.html">Melihat dan men-download klip video</target>
      <target FeatureID="-1" href="IPTV_HLP_SCHEDULE_DOWNLOAD.html">Menjadwalkan download</target>
   </keywords>
   <keywords>
      <text FeatureID="-1">video &amp; TV, pengaturan</text>
      <target FeatureID="-1" href="IPTV_HLP_SETTINGS.html">Pengaturan video &amp; TV</target>
   </keywords>
   <keywords>
      <text FeatureID="-1">pengaturan, video</text>
      <target FeatureID="-1" href="IPTV_HLP_SETTINGS.html">Pengaturan video &amp; TV</target>
   </keywords>
</keywords>