<?xml version="1.0" encoding="UTF-8"?>
<keywords>
   <keywords>
      <text FeatureID="-1">메시지 전송</text>
      <target FeatureID="-1" href="UNIFIED_HLP_EDITOR.html">메시지 만들기</target>
   </keywords>
   <keywords>
      <text FeatureID="-1">메시지 편집기</text>
      <target FeatureID="-1" href="UNIFIED_HLP_EDITOR.html">메시지 만들기</target>
   </keywords>
   <keywords>
      <text FeatureID="-1">메시지</text>
      <target FeatureID="-1" href="UNIFIED_HLP_SENDING_OPTIONS.html">전송 옵션</target>
   </keywords>
   <keywords>
      <text FeatureID="-1">전송 옵션</text>
      <target FeatureID="-1" href="UNIFIED_HLP_SENDING_OPTIONS.html">전송 옵션</target>
   </keywords>
   <keywords>
      <text FeatureID="-1">미디어 개체</text>
      <target FeatureID="-1" href="UNIFIED_HLP_ED_OBJECTS.html">수신한 미디어 개체</target>
   </keywords>
   <keywords>
      <text FeatureID="-1">멀티미디어 개체</text>
      <target FeatureID="-1" href="UNIFIED_HLP_ED_OBJECTS.html">수신한 미디어 개체</target>
   </keywords>
</keywords>