<?xml version="1.0" encoding="UTF-8"?>
<keywords>
   <keywords>
      <text FeatureID="-1">Mail for Exchange</text>
      <target FeatureID="-1" href="FSE_HLP_MFE_LAUNCHER_MAIN_VIEW.html">E-mail Mail for Exchange</target>
   </keywords>
   <keywords>
      <text FeatureID="-1">setări avansate căsuţă poştală</text>
      <target FeatureID="-1" href="FSE_HLP_MFE_SETTINGS_ADVANCED.html">Setări avansate pentru căsuţa poştală</target>
   </keywords>
   <keywords>
      <text FeatureID="-1">setări sincronizare e-mail</text>
      <target FeatureID="-1" href="FSE_HLP_MFE_SETTINGS_PIM_APPS.html">Setările de sincronizare a aplicaţiilor</target>
   </keywords>
   <keywords>
      <text FeatureID="-1">sincronizare calendar</text>
      <target FeatureID="-1" href="FSE_HLP_MFE_CALENDAR_APP.html">Setări de sincronizare a agendei</target>
   </keywords>
   <keywords>
      <text FeatureID="-1">sincronizarea contactelor,</text>
      <target FeatureID="-1" href="FSE_HLP_MFE_CONTACTS_APP.html">Setările de sincronizare a contactelor</target>
   </keywords>
   <keywords>
      <text FeatureID="-1">setări căsuţă poştală</text>
      <target FeatureID="-1" href="FSE_HLP_MFE_SETTINGS_MAILBOX.html">Setări generale pentru căsuţa poştală</target>
   </keywords>
   <keywords>
      <text FeatureID="-1">conţinut de sincronizat e-mail</text>
      <target FeatureID="-1" href="FSE_HLP_MFE_SETTINGS_WHAT_SYNC.html">Alegere conţinut de sincronizat</target>
   </keywords>
   <keywords>
      <text FeatureID="-1">ora de sincronizare e-mail</text>
      <target FeatureID="-1" href="FSE_HLP_MFE_SETTINGS_WHEN_SYNC.html">Alegere oră sincronizare</target>
   </keywords>
   <keywords>
      <text FeatureID="-1">sincronizare dosar e-mail</text>
      <target FeatureID="-1" href="FSE_HLP_MFE_SETTINGS_FOLDER.html">Setări pentru sincronizare</target>
   </keywords>
   <keywords>
      <text FeatureID="-1">setări e-mail</text>
      <target FeatureID="-1" href="FSE_HLP_MFE_SETTINGS_MAIN_VIEW.html">Setări de e-mail</target>
   </keywords>
   <keywords>
      <text FeatureID="-1">sincronizare înregistrări de rezolvat</text>
      <target FeatureID="-1" href="FSE_HLP_MFE_TASKS_APP.html">Setări sincronizare înregistrări de rezolvat</target>
   </keywords>
</keywords>