<?xml version="1.0" encoding="UTF-8"?>
<keywords>
   <keywords>
      <text FeatureID="-1">mô-đun bảo mật</text>
      <target FeatureID="-1" href="SECMOD_HLP_ACCESSCODE_VIEW.html">Mã PIN của mô-đun bảo mật</target>
      <target FeatureID="-1" href="SECMOD_HLP_MAIN_VIEW.html">Mô-đun bảo mật</target>
      <target FeatureID="-1" href="SEMOD_HLP_SIGNINGCODE_VIEW.html">Chỉnh sửa mã ký tên</target>
   </keywords>
   <keywords>
      <text FeatureID="-1">Mã PIN</text>
      <target FeatureID="-1" href="SECMOD_HLP_ACCESSCODE_VIEW.html">Mã PIN của mô-đun bảo mật</target>
   </keywords>
   <keywords>
      <text FeatureID="-1">các mã mô-đun bảo mật</text>
      <target FeatureID="-1" href="SECMOD_HLP_CODE_VIEW.html">Các mã mô-đun bảo mật</target>
   </keywords>
   <keywords>
      <text FeatureID="-1">Mã PIN của mô-đun bảo mật</text>
      <target FeatureID="-1" href="SECMOD_HLP_CODE_VIEW.html">Các mã mô-đun bảo mật</target>
   </keywords>
   <keywords>
      <text FeatureID="-1">lưu mã khóa</text>
      <target FeatureID="-1" href="SECMOD_HLP_MAIN_VIEW.html">Mô-đun bảo mật</target>
   </keywords>
   <keywords>
      <text FeatureID="-1">mã ký tên</text>
      <target FeatureID="-1" href="SEMOD_HLP_SIGNINGCODE_VIEW.html">Chỉnh sửa mã ký tên</target>
   </keywords>
   <keywords>
      <text FeatureID="-1">chữ ký kỹ thuật số</text>
      <target FeatureID="-1" href="SEMOD_HLP_SIGNINGCODE_VIEW.html">Chỉnh sửa mã ký tên</target>
   </keywords>
</keywords>