<?xml version="1.0" encoding="UTF-8"?>
<keywords>
   <keywords>
      <text FeatureID="-1">modifier des images</text>
      <target FeatureID="-1" href="SIE_HLP_MAIN.html">Modifier des images</target>
   </keywords>
   <keywords>
      <text FeatureID="-1">modifier du texte</text>
      <target FeatureID="-1" href="SIE_HLP_EDIT_TEXT.html">Modifier du texte dans les images</target>
   </keywords>
   <keywords>
      <text FeatureID="-1">éditeur d’images</text>
      <target FeatureID="-1" href="SIE_HLP_EDIT_TEXT.html">Modifier du texte dans les images</target>
   </keywords>
   <keywords>
      <text FeatureID="-1">modifier des images zoomées</text>
      <target FeatureID="-1" href="SIE_HLP_ZOOMING.html">Modifier des images zoomées</target>
   </keywords>
   <keywords>
      <text FeatureID="-1">images zoomées</text>
      <target FeatureID="-1" href="SIE_HLP_ZOOMING.html">Modifier des images zoomées</target>
   </keywords>
   <keywords>
      <text FeatureID="-1">modifier des cliparts</text>
      <target FeatureID="-1" href="SIE_HLP_EDIT_CLIPART.html">Modifier des cliparts</target>
   </keywords>
   <keywords>
      <text FeatureID="-1">modifier les bulles de parole</text>
      <target FeatureID="-1" href="SIE_HLP_EDIT_CLIPART.html">Modifier des cliparts</target>
   </keywords>
   <keywords>
      <text FeatureID="-1">réduire les yeux rouges</text>
      <target FeatureID="-1" href="SIE_HLP_REDEYE.html">Réduire les yeux rouges</target>
   </keywords>
</keywords>