<?xml version="1.0" encoding="UTF-8"?>
<keywords>
   <keywords>
      <text FeatureID="true_410">opkald</text>
      <target FeatureID="true_410" href="DIALER_HLP_MAIN.html">Foretage telefonopkald</target>
   </keywords>
   <keywords>
      <text FeatureID="true_410">foretage telefonopkald</text>
      <target FeatureID="true_410" href="DIALER_HLP_MAIN.html">Foretage telefonopkald</target>
   </keywords>
   <keywords>
      <text FeatureID="-1">telefon­opkald</text>
      <target FeatureID="-1" href="INCAL_HLP_CALL_HANDLING.html">Telefon­opkald</target>
   </keywords>
   <keywords>
      <text FeatureID="-1">konference­opkald</text>
      <target FeatureID="-1" href="INCAL_HLP_CALL_HANDLING.html">Telefon­opkald</target>
   </keywords>
   <keywords>
      <text FeatureID="-1">skifte mellem opkald</text>
      <target FeatureID="-1" href="INCAL_HLP_CALL_HANDLING.html">Telefon­opkald</target>
   </keywords>
   <keywords>
      <text FeatureID="-1">telefon</text>
      <target FeatureID="-1" href="INCAL_HLP_CALL_HANDLING.html">Telefon­opkald</target>
   </keywords>
   <keywords>
      <text FeatureID="true_410">DTMF-toner</text>
      <target FeatureID="true_410" href="DIALER_HLP_SEND_DTMF.html">Sende DTMF-toner</target>
   </keywords>
   <keywords>
      <text FeatureID="true_89">videoopkald</text>
      <target FeatureID="true_89" href="INCAL_HLP_VIDEO_CALL.html">Video­opkald</target>
   </keywords>
</keywords>