<?xml version="1.0" encoding="UTF-8"?>
<keywords>
   <keywords>
      <text FeatureID="-1">CBS-meldinger</text>
      <target FeatureID="-1" href="CBS_HLP_TOPIC_VIEW.html">CBS-meldinger</target>
      <target FeatureID="-1" href="CBS_HLP_MAIN.html">CBS-emner</target>
      <target FeatureID="-1" href="CBS_HLP_MSG.html">Vise CBS-meldinger</target>
   </keywords>
   <keywords>
      <text FeatureID="-1">CBS-emner</text>
      <target FeatureID="-1" href="CBS_HLP_MAIN.html">CBS-emner</target>
   </keywords>
</keywords>