<?xml version="1.0" encoding="UTF-8"?>
<keywords>
   <keywords>
      <text FeatureID="-1">rádio</text>
      <target FeatureID="-1" href="FMRADIO_HLP_MAIN.html">Poslech rádia</target>
      <target FeatureID="-1" href="FMRADIO_HLP_SEARCH.html">Hledání stanic</target>
      <target FeatureID="-1" href="FMRADIO_HLP_LIST.html"> Práce s rozhlasovými stanicemi</target>
   </keywords>
   <keywords>
      <text FeatureID="-1">FM rádio</text>
      <target FeatureID="-1" href="FMRADIO_HLP_MAIN.html">Poslech rádia</target>
      <target FeatureID="-1" href="FMRADIO_HLP_SEARCH.html">Hledání stanic</target>
      <target FeatureID="-1" href="FMRADIO_HLP_LIST.html"> Práce s rozhlasovými stanicemi</target>
   </keywords>
</keywords>