<?xml version="1.0" encoding="UTF-8"?>
<keywords>
   <keywords>
      <text FeatureID="-1">vsebina za skupno rabo</text>
      <target FeatureID="-1" href="UPNP_HLP_SHARE_CONTENT.html">Izbiranje vsebine za skupno rabo</target>
   </keywords>
   <keywords>
      <text FeatureID="-1">domači mediji</text>
      <target FeatureID="-1" href="UPNP_HLP_SHARE_CONTENT.html">Izbiranje vsebine za skupno rabo</target>
      <target FeatureID="-1" href="UPNP_HLP_SHARING_PROP.html">Nastavitve skupne rabe</target>
      <target FeatureID="-1" href="UPNP_HLP_MAIN_VIEW.html">Domači mediji</target>
      <target FeatureID="-1" href="UPNP_HLP_MAIN_EXTERNAL.html">Domači mediji</target>
      <target FeatureID="-1" href="UPNP_HLP_CONTENT_VIEW.html">Datoteke domačih medijev</target>
      <target FeatureID="-1" href="UPNP_HLP_REMOTE_DEVICES.html">Mape domačih medijev</target>
      <target FeatureID="-1" href="UPNP_HLP_SEARCH.html">Rezultati iskanja</target>
   </keywords>
   <keywords>
      <text FeatureID="-1">skupna raba slik in videoposnetkov</text>
      <target FeatureID="-1" href="UPNP_HLP_SHARE_CONTENT.html">Izbiranje vsebine za skupno rabo</target>
   </keywords>
   <keywords>
      <text FeatureID="-1">skupna raba predstavnostnih datotek</text>
      <target FeatureID="-1" href="UPNP_HLP_SHARING_PROP.html">Nastavitve skupne rabe</target>
      <target FeatureID="-1" href="UPNP_HLP_MAIN_VIEW.html">Domači mediji</target>
      <target FeatureID="-1" href="UPNP_HLP_MAIN_EXTERNAL.html">Domači mediji</target>
      <target FeatureID="-1" href="UPNP_HLP_CONTENT_VIEW.html">Datoteke domačih medijev</target>
      <target FeatureID="-1" href="UPNP_HLP_REMOTE_DEVICES.html">Mape domačih medijev</target>
      <target FeatureID="-1" href="UPNP_HLP_SEARCH.html">Rezultati iskanja</target>
   </keywords>
   <keywords>
      <text FeatureID="-1">pregledovanje datotek na oddaljeni napravi</text>
      <target FeatureID="-1" href="UPNP_HLP_SHARING_PROP.html">Nastavitve skupne rabe</target>
      <target FeatureID="-1" href="UPNP_HLP_MAIN_VIEW.html">Domači mediji</target>
      <target FeatureID="-1" href="UPNP_HLP_MAIN_EXTERNAL.html">Domači mediji</target>
      <target FeatureID="-1" href="UPNP_HLP_CONTENT_VIEW.html">Datoteke domačih medijev</target>
      <target FeatureID="-1" href="UPNP_HLP_REMOTE_DEVICES.html">Mape domačih medijev</target>
      <target FeatureID="-1" href="UPNP_HLP_SEARCH.html">Rezultati iskanja</target>
   </keywords>
   <keywords>
      <text FeatureID="-1">lastnosti skupne rabe</text>
      <target FeatureID="-1" href="UPNP_HLP_SHARING_PROP.html">Nastavitve skupne rabe</target>
   </keywords>
</keywords>