<?xml version="1.0" encoding="UTF-8"?>
<keywords>
   <keywords>
      <text FeatureID="-1">zegar, alarmy</text>
      <target FeatureID="-1" href="CLK_HLP_ALARM_EDITOR.html">Edytor budzika</target>
      <target FeatureID="-1" href="CLK_HLP_REAL_TIME_CLOCK_IN.html">Widok główny zegara</target>
   </keywords>
   <keywords>
      <text FeatureID="-1">budzik</text>
      <target FeatureID="-1" href="CLK_HLP_ALARM_EDITOR.html">Edytor budzika</target>
      <target FeatureID="-1" href="CLK_HLP_REAL_TIME_CLOCK_IN.html">Widok główny zegara</target>
   </keywords>
   <keywords>
      <text FeatureID="-1">zegar</text>
      <target FeatureID="-1" href="CLK_HLP_CNTDWN.html">Minutnik</target>
      <target FeatureID="-1" href="CLK_HLP_WRLD_CLK.html">Zegar światowy</target>
   </keywords>
   <keywords>
      <text FeatureID="-1">mierzenie czasu</text>
      <target FeatureID="-1" href="CLK_HLP_CNTDWN.html">Minutnik</target>
   </keywords>
   <keywords>
      <text FeatureID="-1">ustawienia daty i godz.</text>
      <target FeatureID="-1" href="CLK_HLP_SETTINGS.html">Ustawienia daty i godziny</target>
   </keywords>
   <keywords>
      <text FeatureID="-1">ustawienia zegara</text>
      <target FeatureID="-1" href="CLK_HLP_SETTINGS.html">Ustawienia daty i godziny</target>
   </keywords>
   <keywords>
      <text FeatureID="-1">zegar, strefy czasowe</text>
      <target FeatureID="-1" href="CLK_HLP_REAL_TIME_CLOCK_AN.html">Czas lokalny</target>
   </keywords>
   <keywords>
      <text FeatureID="-1">czas lok. i strefa czas.</text>
      <target FeatureID="-1" href="CLK_HLP_REAL_TIME_CLOCK_AN.html">Czas lokalny</target>
   </keywords>
   <keywords>
      <text FeatureID="-1">stoper</text>
      <target FeatureID="-1" href="CCLK_HLP_STPWTCH.html">Stoper</target>
   </keywords>
   <keywords>
      <text FeatureID="-1">miasta, godziny</text>
      <target FeatureID="-1" href="CLK_HLP_WRLD_CLK.html">Zegar światowy</target>
   </keywords>
   <keywords>
      <text FeatureID="-1">zegar światowy</text>
      <target FeatureID="-1" href="CLK_HLP_WRLD_CLK.html">Zegar światowy</target>
   </keywords>
</keywords>