<?xml version="1.0" encoding="UTF-8"?>
<keywords>
   <keywords>
      <text FeatureID="-1">meklēšana</text>
      <target FeatureID="-1" href="SEARCH_HLP_INDEVICE_MAIN.html">Meklēšana</target>
   </keywords>
   <keywords>
      <text FeatureID="-1">meklēšanas rezultāti</text>
      <target FeatureID="-1" href="SEARCH_HLP_SINGLE_RE.html">Meklēšanas rezultāti</target>
      <target FeatureID="-1" href="SEARCH_HLP_GROUPED.html">Meklēšanas rezultāti kategorijās</target>
   </keywords>
</keywords>