<?xml version="1.0" encoding="UTF-8"?>
<keywords>
   <keywords>
      <text FeatureID="-1">персонал. профили</text>
      <target FeatureID="-1" href="MODE_HLP_PERSONALISE.html">Персонал. профили</target>
   </keywords>
   <keywords>
      <text FeatureID="-1">настройки на тонове</text>
      <target FeatureID="-1" href="SET_HLP_PERSONAL_TONES.html">Настройки на тонове</target>
   </keywords>
   <keywords>
      <text FeatureID="-1">тонове на звънене</text>
      <target FeatureID="-1" href="SET_HLP_PERSONAL_TONES.html">Настройки на тонове</target>
   </keywords>
   <keywords>
      <text FeatureID="-1">профили</text>
      <target FeatureID="-1" href="MODE_HLP_PROFILES_LIST.html">Профили</target>
   </keywords>
   <keywords>
      <text FeatureID="-1">промяна на профили</text>
      <target FeatureID="-1" href="MODE_HLP_PROFILES_LIST.html">Профили</target>
   </keywords>
</keywords>