<?xml version="1.0" encoding="UTF-8"?>
<keywords>
   <keywords>
      <text FeatureID="-1">sende meldinger</text>
      <target FeatureID="-1" href="UNIFIED_HLP_EDITOR.html">Opprette meldinger</target>
   </keywords>
   <keywords>
      <text FeatureID="-1">meldingsredigerer</text>
      <target FeatureID="-1" href="UNIFIED_HLP_EDITOR.html">Opprette meldinger</target>
   </keywords>
   <keywords>
      <text FeatureID="-1">meldinger</text>
      <target FeatureID="-1" href="UNIFIED_HLP_SENDING_OPTIONS.html">Sendingsvalg</target>
   </keywords>
   <keywords>
      <text FeatureID="-1">sendingsvalg</text>
      <target FeatureID="-1" href="UNIFIED_HLP_SENDING_OPTIONS.html">Sendingsvalg</target>
   </keywords>
   <keywords>
      <text FeatureID="-1">medie­objekter</text>
      <target FeatureID="-1" href="UNIFIED_HLP_ED_OBJECTS.html">Mottatte medieobjekter</target>
   </keywords>
   <keywords>
      <text FeatureID="-1">multimedie­objekter</text>
      <target FeatureID="-1" href="UNIFIED_HLP_ED_OBJECTS.html">Mottatte medieobjekter</target>
   </keywords>
</keywords>