<?xml version="1.0" encoding="UTF-8"?>
<keywords>
   <keywords>
      <text FeatureID="-1">Fotos</text>
      <target FeatureID="-1" href="LGAL_HLP_ALBUM_LIST.html">Álbumes</target>
      <target FeatureID="-1" href="LGAL_HLP_ALL_GRID.html">Búsqueda de todos los archivos multimedia</target>
      <target FeatureID="-1" href="LGAL_HLP_ALBUM_GRID.html">Búsqueda de archivos multimedia en álbumes</target>
      <target FeatureID="-1" href="LGAL_HLP_TAGS_GRID.html">Examinar archivos multimedia etiquetados</target>
      <target FeatureID="-1" href="LGAL_HLP_DETAILS_VIEW.html">Ver y editar los detalles de un archivo</target>
      <target FeatureID="-1" href="LGAL_HLP_TAGS_BROWSER.html">Etiquetas</target>
      <target FeatureID="-1" href="LGAL_HLP_MONTH_FULLSCREEN.html">Ver archivos multimedia por mes</target>
      <target FeatureID="-1" href="LGAL_HLP_MONTH_GRID.html">Examinar archivos multimedia por mes</target>
      <target FeatureID="-1" href="LGAL_HLP_VIEW_LIST.html">Fotos</target>
      <target FeatureID="-1" href="LGAL_HLP_MONTH_LIST.html">Meses</target>
      <target FeatureID="-1" href="LGAL_HLP_SLIDESHOW_SETTINGS.html">Ajustes de presentaciones de dispositivas</target>
      <target FeatureID="-1" href="LGAL_HLP_ALL_FULLSCREEN.html">Vea todos los archivos multimedia</target>
      <target FeatureID="-1" href="LGAL_HLP_ALBUM_FULLSCREEN.html">Ver archivos multimedia en álbumes</target>
      <target FeatureID="-1" href="LGAL_HLP_TAGS_FULLSCREEN.html">Ver archivos multimedia etiquetados</target>
   </keywords>
   <keywords>
      <text FeatureID="-1">álbumes</text>
      <target FeatureID="-1" href="LGAL_HLP_ALBUM_LIST.html">Álbumes</target>
      <target FeatureID="-1" href="LGAL_HLP_ALBUM_GRID.html">Búsqueda de archivos multimedia en álbumes</target>
      <target FeatureID="-1" href="LGAL_HLP_VIEW_LIST.html">Fotos</target>
      <target FeatureID="-1" href="LGAL_HLP_ALBUM_FULLSCREEN.html">Ver archivos multimedia en álbumes</target>
   </keywords>
   <keywords>
      <text FeatureID="-1">etiquetas</text>
      <target FeatureID="-1" href="LGAL_HLP_TAGS_GRID.html">Examinar archivos multimedia etiquetados</target>
      <target FeatureID="-1" href="LGAL_HLP_TAGS_BROWSER.html">Etiquetas</target>
      <target FeatureID="-1" href="LGAL_HLP_VIEW_LIST.html">Fotos</target>
      <target FeatureID="-1" href="LGAL_HLP_TAGS_FULLSCREEN.html">Ver archivos multimedia etiquetados</target>
   </keywords>
   <keywords>
      <text FeatureID="-1">pase de diapositivas</text>
      <target FeatureID="-1" href="LGAL_HLP_SLIDESHOW_SETTINGS.html">Ajustes de presentaciones de dispositivas</target>
   </keywords>
</keywords>