<?xml version="1.0" encoding="UTF-8"?>
<keywords>
   <keywords>
      <text FeatureID="-1">càmera</text>
      <target FeatureID="-1" href="LCAM_HLP_VIEWFINDER_PHOTO.html">Captureu imatges</target>
      <target FeatureID="-1" href="LCAM_HLP_LIGHT_SENSITIVITY.html">Canvieu la sensibilitat de la llum</target>
      <target FeatureID="-1" href="LCAM_HLP_SETTINGS_PHOUSER.html">Definiu escenes</target>
      <target FeatureID="-1" href="LCAM_HLP_SCENES_PHOTO.html">Escenes d'imatges</target>
      <target FeatureID="-1" href="LCAM_HLP_VIEWFINDER_VIDEO.html">Enregistrament de clips de vídeo</target>
      <target FeatureID="-1" href="LCAM_HLP_SCENES_VIDEO.html">Escenes de vídeo</target>
      <target FeatureID="-1" href="LCAM_HLP_VIEWFINDER_VIDEO_EM.html">Vídeos a aplicacions</target>
      <target FeatureID="-1" href="LCAM_HLP_STANDBY_EM.html">La càmera no està activa</target>
      <target FeatureID="-1" href="LCAM_HLP_POST_VIDEO.html">Reproduir clips de vídeo</target>
      <target FeatureID="-1" href="LCAM_HLP_POST_PHOTO.html">Visualitzeu imatges capturades</target>
   </keywords>
   <keywords>
      <text FeatureID="-1">captura d'imatges</text>
      <target FeatureID="-1" href="LCAM_HLP_VIEWFINDER_PHOTO.html">Captureu imatges</target>
   </keywords>
   <keywords>
      <text FeatureID="-1">sensibilitat de la llum</text>
      <target FeatureID="-1" href="LCAM_HLP_LIGHT_SENSITIVITY.html">Canvieu la sensibilitat de la llum</target>
   </keywords>
   <keywords>
      <text FeatureID="-1">escenes</text>
      <target FeatureID="-1" href="LCAM_HLP_SETTINGS_PHOUSER.html">Definiu escenes</target>
      <target FeatureID="-1" href="LCAM_HLP_SCENES_PHOTO.html">Escenes d'imatges</target>
   </keywords>
   <keywords>
      <text FeatureID="-1">configuració de la càmera</text>
      <target FeatureID="-1" href="LCAM_HLP_SETTINGS.html">Configuració de la càmera</target>
   </keywords>
   <keywords>
      <text FeatureID="-1">càmera, configuració</text>
      <target FeatureID="-1" href="LCAM_HLP_SETTINGS_PHOTO.html">Configuració d'imatge</target>
      <target FeatureID="-1" href="LCAM_HLP_SETTINGS_VIDEO.html">Configuració de vídeo</target>
   </keywords>
   <keywords>
      <text FeatureID="-1">enregistrament de vídeo</text>
      <target FeatureID="-1" href="LCAM_HLP_VIEWFINDER_VIDEO.html">Enregistrament de clips de vídeo</target>
   </keywords>
   <keywords>
      <text FeatureID="-1">escenes de vídeo</text>
      <target FeatureID="-1" href="LCAM_HLP_SCENES_VIDEO.html">Escenes de vídeo</target>
   </keywords>
   <keywords>
      <text FeatureID="-1">vídeo, configuració</text>
      <target FeatureID="-1" href="LCAM_HLP_SETTINGS_VIDEO.html">Configuració de vídeo</target>
   </keywords>
   <keywords>
      <text FeatureID="-1">clips de vídeo a aplicacions</text>
      <target FeatureID="-1" href="LCAM_HLP_VIEWFINDER_VIDEO_EM.html">Vídeos a aplicacions</target>
   </keywords>
   <keywords>
      <text FeatureID="-1">reproducció de clips de vídeo</text>
      <target FeatureID="-1" href="LCAM_HLP_POST_VIDEO.html">Reproduir clips de vídeo</target>
   </keywords>
   <keywords>
      <text FeatureID="-1">càmera a les aplicacions</text>
      <target FeatureID="-1" href="LCAM_HLP_VIEWFINDER_PHOTO_EM.html">Imatges a les aplicacions</target>
   </keywords>
   <keywords>
      <text FeatureID="-1">veure imatges</text>
      <target FeatureID="-1" href="LCAM_HLP_POST_PHOTO.html">Visualitzeu imatges capturades</target>
   </keywords>
</keywords>