<?xml version="1.0" encoding="UTF-8"?>
<keywords>
   <keywords>
      <text FeatureID="-1">chat-meldinger</text>
      <target FeatureID="-1" href="SERVTAB_HLP_CONVERSATION.html">Sende chat-meldinger</target>
   </keywords>
   <keywords>
      <text FeatureID="-1">chatting</text>
      <target FeatureID="-1" href="SERVTAB_HLP_CONVERSATION.html">Sende chat-meldinger</target>
   </keywords>
   <keywords>
      <text FeatureID="-1">samtaler</text>
      <target FeatureID="-1" href="SERVTAB_HLP_CONVERSATION.html">Sende chat-meldinger</target>
   </keywords>
</keywords>