<?xml version="1.0" encoding="UTF-8"?>
<keywords>
   <keywords>
      <text FeatureID="-1">مدير الجهاز</text>
      <target FeatureID="-1" href="DM_HLP_MAIN_VIEW.html">برامج الجهاز</target>
      <target FeatureID="-1" href="FOTA_HLP_SETTINGS.html">ضبط تحديث البرامج</target>
      <target FeatureID="-1" href="DM_HLP_SETTINGS.html">ضبط وضع مركز الخدمة</target>
      <target FeatureID="-1" href="DM_HLP_SERVERS_VIEW.html">التهيئة عن بعد</target>
   </keywords>
   <keywords>
      <text FeatureID="-1">ضبط التهيئة</text>
      <target FeatureID="-1" href="DM_HLP_MAIN_VIEW.html">برامج الجهاز</target>
   </keywords>
   <keywords>
      <text FeatureID="-1">ضبط تحديث برامج</text>
      <target FeatureID="-1" href="FOTA_HLP_SETTINGS.html">ضبط تحديث البرامج</target>
   </keywords>
   <keywords>
      <text FeatureID="-1">ضبط وضع مركز خدمة</text>
      <target FeatureID="-1" href="DM_HLP_SETTINGS.html">ضبط وضع مركز الخدمة</target>
   </keywords>
   <keywords>
      <text FeatureID="-1">تهيئة عن بعد</text>
      <target FeatureID="-1" href="DM_HLP_SERVERS_VIEW.html">التهيئة عن بعد</target>
   </keywords>
</keywords>