<?xml version="1.0" encoding="UTF-8"?>
<keywords>
   <keywords>
      <text FeatureID="-1">dekryptering, minnekort</text>
      <target FeatureID="-1" href="ES_HLP_ENCRYPTION_DECRYPT.html">Dekryptere minnekortet</target>
   </keywords>
   <keywords>
      <text FeatureID="-1">kryptering, minnekort</text>
      <target FeatureID="-1" href="ES_HLP_ENCRYPTION_ENCRYPT.html">Kryptere minnekortet</target>
   </keywords>
   <keywords>
      <text FeatureID="-1">kryptering, enhetsminne og minnekort</text>
      <target FeatureID="-1" href="ES_HLP_ENCRYPTION_MAIN.html">Kryptere eller dekryptere</target>
   </keywords>
   <keywords>
      <text FeatureID="-1">dekryptering, enhetsminne og minnekort</text>
      <target FeatureID="-1" href="ES_HLP_ENCRYPTION_MAIN.html">Kryptere eller dekryptere</target>
   </keywords>
</keywords>