<?xml version="1.0" encoding="UTF-8"?>
<keywords>
   <keywords>
      <text FeatureID="true_1116">ส่งรายการปฏิทิน</text>
      <target FeatureID="true_1116" href="SMART_HLP_CALENDAREDITOR.html">ส่งรายการปฏิทิน</target>
   </keywords>
   <keywords>
      <text FeatureID="true_1114">การรับรายการปฏิทิน</text>
      <target FeatureID="true_1114" href="SMART_HLP_CALENDARVIEWER.html">รายการปฏิทินที่ได้รับ</target>
   </keywords>
   <keywords>
      <text FeatureID="true_1114">รายการปฏิทิน</text>
      <target FeatureID="true_1114" href="SMART_HLP_CALPULLMESVIEWER.html">การดาวน์โหลดรายการปฏิทิน</target>
   </keywords>
   <keywords>
      <text FeatureID="true_1117 true_1115">นามบัตร</text>
      <target FeatureID="true_1117" href="SMART_HLP_BUSINESSEDITOR.html">ส่งนามบัตร</target>
      <target FeatureID="true_1115" href="SMART_HLP_BUSINESSVIEWER.html">นามบัตรที่ได้รับ</target>
      <target FeatureID="true_1115" href="SMART_HLP_BUSPULLMESVIEWER.html">การดาวน์โหลดนามบัตร</target>
   </keywords>
   <keywords>
      <text FeatureID="true_1111">เสียงเรียกเข้า</text>
      <target FeatureID="true_1111" href="SMART_HLP_RINGVIEWER.html">แบบเสียงเรียกเข้าที่ได้รับ</target>
   </keywords>
   <keywords>
      <text FeatureID="true_1110">โลโก้ระบบ</text>
      <target FeatureID="true_1110" href="SMART_HLP_OPLOGOVIEWER.html">โลโก้ระบบที่ได้รับ</target>
   </keywords>
   <keywords>
      <text FeatureID="true_1106">บุ๊คมาร์ค</text>
      <target FeatureID="true_1106" href="SMART_HLP_ONEBOOKVIEWER.html">บุ๊คมาร์คที่ได้รับ</target>
   </keywords>
   <keywords>
      <text FeatureID="true_1112">การรับภาพ</text>
      <target FeatureID="true_1112" href="SMART_HLP_GMSVIEWER.html">การดูข้อความภาพ</target>
   </keywords>
   <keywords>
      <text FeatureID="true_1112">ข้อความภาพ</text>
      <target FeatureID="true_1112" href="SMART_HLP_GMSVIEWER.html">การดูข้อความภาพ</target>
   </keywords>
   <keywords>
      <text FeatureID="true_1537">การกำหนดค่าไดรฟ์ระยะไกล</text>
      <target FeatureID="true_1537" href="SMART_HLP_REMOTEDRIVES_VIEWER.html">รับการกำหนดค่าไดรฟ์ระยะไกล</target>
      <target FeatureID="true_1537" href="SMART_HLP_REMOTEDRIVES_EDITOR.html">ส่งการกำหนดค่าไดรฟ์ระยะไกล</target>
   </keywords>
</keywords>