<?xml version="1.0" encoding="UTF-8"?>
<keywords>
   <keywords>
      <text FeatureID="true_11008 false_11008">registracija naprave</text>
      <target FeatureID="true_11008" href="DRM_HLP_REGISTRATION_METERING.html">Reg. naprave</target>
      <target FeatureID="false_11008" href="DRM_HLP_REGISTRATION.html">Reg. naprave</target>
   </keywords>
   <keywords>
      <text FeatureID="true_11008">pridobitev tihih pravic</text>
      <target FeatureID="true_11008" href="DRM_HLP_REGISTRATION_METERING.html">Reg. naprave</target>
   </keywords>
   <keywords>
      <text FeatureID="true_11008">merjenje</text>
      <target FeatureID="true_11008" href="DRM_HLP_REGISTRATION_METERING.html">Reg. naprave</target>
   </keywords>
</keywords>