<?xml version="1.0" encoding="UTF-8"?><?xml-stylesheet  href="../../theme/xsl/index2html.xslt" type="text/xsl"?>
<topics FeatureID="-1" title="Agenda telefônica" compressed="true">
   <topicref FeatureID="-1" href="FDN_HLP_FDN_NUM_EDIT_VIEW.html" navtitle="Editar contatos"/>
   <topicref FeatureID="-1" href="FDN_HLP_FDN_NUMBER_VIEW.html" navtitle="Contatos de discagem fixa"/>
   <topicref FeatureID="-1" href="FDN_HLP_FDN_VIEW.html" navtitle="Restringir chamadas"/>
   <topicref FeatureID="-1" href="SDN_HLP_APP.html" navtitle="Números de serviço"/>
   <topicref FeatureID="-1" href="HLP_CCA_DETAILS.html" navtitle="Detalhes do contato"/>
   <topicref FeatureID="-1" href="HLP_CCA_EDITOR.html" navtitle="Editar cartões de contato"/>
   <topicref FeatureID="-1" href="HLP_CCA_LAUNCHER.html" navtitle="Cartões de contato"/>
   <topicref FeatureID="-1" href="PHOB_HLP_GROUP_LIST.html" navtitle="Grupos de contatos"/>
   <topicref FeatureID="-1" href="PHOB_HLP_SIM_LIST.html" navtitle="Diretório de contatos SIM"/>
   <topicref FeatureID="-1" href="PHOB_HLP_MY_NUMBERS.html" navtitle="Meus números"/>
   <topicref FeatureID="-1" href="PHOB_HLP_GROUP_MEMBER_LIST.html" navtitle="Membros do grupo"/>
   <topicref FeatureID="-1" href="PHOB_HLP_SETTINGS.html" navtitle="Configurações de contatos"/>
   <topicref FeatureID="-1" href="PHOB_HLP_NAME_LIST.html" navtitle="Diretório de contatos"/>
</topics>