<?xml version="1.0" encoding="UTF-8"?>
<keywords>
   <keywords>
      <text FeatureID="-1">contact groups</text>
      <target FeatureID="-1" href="PHOB_HLP_GROUP_LIST.html">Contact groups</target>
   </keywords>
   <keywords>
      <text FeatureID="-1">contatos SIM</text>
      <target FeatureID="-1" href="PHOB_HLP_SIM_LIST.html">Diretório de contatos SIM</target>
      <target FeatureID="-1" href="PHOB_HLP_SIM_INFO_VIEW.html">Cartões de contato SIM</target>
   </keywords>
   <keywords>
      <text FeatureID="-1">número SIM</text>
      <target FeatureID="-1" href="PHOB_HLP_MY_NUMBERS.html">Meus números</target>
   </keywords>
   <keywords>
      <text FeatureID="-1">grupos de contatos</text>
      <target FeatureID="-1" href="PHOB_HLP_GROUP_MEMBER_LIST.html">Membros do grupo</target>
   </keywords>
   <keywords>
      <text FeatureID="-1">ordem de nomes em Contatos</text>
      <target FeatureID="-1" href="PHOB_HLP_SETTINGS.html">Configurações de contatos</target>
   </keywords>
   <keywords>
      <text FeatureID="-1">memória de contatos</text>
      <target FeatureID="-1" href="PHOB_HLP_SETTINGS.html">Configurações de contatos</target>
   </keywords>
   <keywords>
      <text FeatureID="-1">memória padrão</text>
      <target FeatureID="-1" href="PHOB_HLP_SETTINGS.html">Configurações de contatos</target>
   </keywords>
   <keywords>
      <text FeatureID="-1">diretório de contatos</text>
      <target FeatureID="-1" href="PHOB_HLP_NAME_LIST.html">Lista de contatos</target>
   </keywords>
   <keywords>
      <text FeatureID="-1">informações de contato</text>
      <target FeatureID="-1" href="PHOB_HLP_NAME_LIST.html">Lista de contatos</target>
   </keywords>
   <keywords>
      <text FeatureID="-1">agenda de telefones</text>
      <target FeatureID="-1" href="PHOB_HLP_NAME_LIST.html">Lista de contatos</target>
   </keywords>
   <keywords>
      <text FeatureID="-1">contatos</text>
      <target FeatureID="-1" href="RLOOK_HLP_INFO_VIEW.html">Gerenciar o contato encontrado</target>
   </keywords>
   <keywords>
      <text FeatureID="-1">cartões de contato</text>
      <target FeatureID="-1" href="PHOB_HLP_CONTACT_INFO_VIEW.html">Cartões de contato</target>
      <target FeatureID="-1" href="PHOB_HLP_EDIT_ENTRY.html">Editar cartões de contato</target>
   </keywords>
   <keywords>
      <text FeatureID="-1">entradas da agenda</text>
      <target FeatureID="-1" href="PHOB_HLP_CONTACT_INFO_VIEW.html">Cartões de contato</target>
   </keywords>
   <keywords>
      <text FeatureID="-1">discagem fixa</text>
      <target FeatureID="-1" href="FDN_HLP_FDN_NUMBER_VIEW.html">Contatos de discagem fixa</target>
      <target FeatureID="-1" href="FDN_HLP_FDN_VIEW.html">Restringir chamadas</target>
   </keywords>
   <keywords>
      <text FeatureID="-1">restringir chamadas</text>
      <target FeatureID="-1" href="FDN_HLP_FDN_VIEW.html">Restringir chamadas</target>
   </keywords>
   <keywords>
      <text FeatureID="-1">números de serviço</text>
      <target FeatureID="-1" href="SDN_HLP_APP.html">Números de serviço</target>
   </keywords>
   <keywords>
      <text FeatureID="-1">números de serviço do SIM</text>
      <target FeatureID="-1" href="SDN_HLP_APP.html">Números de serviço</target>
   </keywords>
   <keywords>
      <text FeatureID="-1">números de serviço no SIM</text>
      <target FeatureID="-1" href="SDN_HLP_APP.html">Números de serviço</target>
   </keywords>
   <keywords>
      <text FeatureID="-1">cartão SIM</text>
      <target FeatureID="-1" href="PHOB_HLP_SIM_INFO_VIEW.html">Cartões de contato SIM</target>
   </keywords>
</keywords>