<?xml version="1.0" encoding="UTF-8"?>
<keywords>
   <keywords>
      <text FeatureID="-1">actualizar software</text>
      <target FeatureID="-1" href="SWUPDATE_HLP_MAIN.html">Actualización de software</target>
   </keywords>
   <keywords>
      <text FeatureID="-1">actualización de software</text>
      <target FeatureID="-1" href="SWUPDATE_HLP_MAIN.html">Actualización de software</target>
   </keywords>
   <keywords>
      <text FeatureID="-1">configuraciones de actualización de software</text>
      <target FeatureID="-1" href="SWUPDATE_HLP_SETTINGS.html">Config. actualización software</target>
   </keywords>
</keywords>