<?xml version="1.0" encoding="UTF-8"?>
<keywords>
   <keywords>
      <text FeatureID="-1">mga sertipiko</text>
      <target FeatureID="-1" href="AM_HLP_GENERAL_SETTINGS.html">Mga setting ng sertipiko</target>
   </keywords>
   <keywords>
      <text FeatureID="-1">mga setting, mga sertipiko</text>
      <target FeatureID="-1" href="AM_HLP_GENERAL_SETTINGS.html">Mga setting ng sertipiko</target>
   </keywords>
   <keywords>
      <text FeatureID="-1">pag-install ng mga application</text>
      <target FeatureID="-1" href="AM_HLP_NOT_INSTALLED.html">Mga file na pang-install</target>
      <target FeatureID="-1" href="AM_HLP_APPLICATION.html">Pamahalaan ang mga application</target>
   </keywords>
   <keywords>
      <text FeatureID="-1">mga hindi naka-install na application</text>
      <target FeatureID="-1" href="AM_HLP_NOT_INSTALLED.html">Mga file na pang-install</target>
   </keywords>
   <keywords>
      <text FeatureID="-1">mga naka-install na application</text>
      <target FeatureID="-1" href="AM_HLP_INSTALLED.html">Mga naka-install na application</target>
   </keywords>
   <keywords>
      <text FeatureID="-1">pag-install ng software</text>
      <target FeatureID="-1" href="AM_HLP_APPLICATION.html">Pamahalaan ang mga application</target>
   </keywords>
   <keywords>
      <text FeatureID="-1">Mga kahilingan na permiso</text>
      <target FeatureID="-1" href="AM_HLP_INSTALL_CAPAB.html">Mga kahilingan na permiso</target>
   </keywords>
   <keywords>
      <text FeatureID="-1">di-mapagkakatiwalaang pag-install</text>
      <target FeatureID="-1" href="AM_HLP_INSTALL_UNTRUSTED.html">Di-mapagkakatiwalaang pag-install</target>
   </keywords>
</keywords>