<?xml version="1.0" encoding="UTF-8"?>
<keywords>
   <keywords>
      <text FeatureID="-1">повідомлення чата</text>
      <target FeatureID="-1" href="SERVTAB_HLP_CONVERSATION.html">Надсилання повідомлень чата</target>
   </keywords>
   <keywords>
      <text FeatureID="-1">розмови в чаті</text>
      <target FeatureID="-1" href="SERVTAB_HLP_CONVERSATION.html">Надсилання повідомлень чата</target>
   </keywords>
   <keywords>
      <text FeatureID="-1">розмови</text>
      <target FeatureID="-1" href="SERVTAB_HLP_CONVERSATION.html">Надсилання повідомлень чата</target>
   </keywords>
</keywords>