<?xml version="1.0" encoding="UTF-8"?>
<keywords>
   <keywords>
      <text FeatureID="-1">datuak transferitzea</text>
      <target FeatureID="-1" href="SWITCH_HLP_EDIT_SHORTCUT.html">Laster-bideen ezarpenak</target>
      <target FeatureID="-1" href="SWITCH_HLP_EDIT_SHORTCUT.html">Laster-bideen ezarpenak</target>
      <target FeatureID="-1" href="SWITCH_HLP_MAIN.html">Datuak transferitu</target>
      <target FeatureID="-1" href="SWITCH_HLP_MAIN.html">Datuak transferitu</target>
      <target FeatureID="-1" href="SWITCH_HLP_LOG.html">Loga transferitu</target>
   </keywords>
   <keywords>
      <text FeatureID="-1">lasterbideak</text>
      <target FeatureID="-1" href="SWITCH_HLP_EDIT_SHORTCUT.html">Laster-bideen ezarpenak</target>
   </keywords>
   <keywords>
      <text FeatureID="-1">datuak transferitzea, gatazkak</text>
      <target FeatureID="-1" href="SWITCH_HLP_CONFLICT.html">Transferitzeko gatazkak</target>
   </keywords>
   <keywords>
      <text FeatureID="-1">edukia kopiatzen</text>
      <target FeatureID="-1" href="SWITCH_HLP_MAIN.html">Datuak transferitu</target>
   </keywords>
   <keywords>
      <text FeatureID="-1">transfererntzia erregistroa</text>
      <target FeatureID="-1" href="SWITCH_HLP_LOG.html">Loga transferitu</target>
   </keywords>
</keywords>