<?xml version="1.0" encoding="UTF-8"?>
<keywords>
   <keywords>
      <text FeatureID="-1">時鐘, 鬧鈴</text>
      <target FeatureID="-1" href="CLK_HLP_ALARM_EDITOR.html">時鐘鬧鈴編輯器</target>
      <target FeatureID="-1" href="CLK_HLP_REAL_TIME_CLOCK_IN.html">時鐘主檢視</target>
   </keywords>
   <keywords>
      <text FeatureID="-1">鬧鐘</text>
      <target FeatureID="-1" href="CLK_HLP_ALARM_EDITOR.html">時鐘鬧鈴編輯器</target>
      <target FeatureID="-1" href="CLK_HLP_REAL_TIME_CLOCK_IN.html">時鐘主檢視</target>
   </keywords>
   <keywords>
      <text FeatureID="-1">時鐘</text>
      <target FeatureID="-1" href="CLK_HLP_CNTDWN.html">倒數計時器</target>
      <target FeatureID="-1" href="CLK_HLP_WRLD_CLK.html">世界時鐘</target>
   </keywords>
   <keywords>
      <text FeatureID="-1">計時器</text>
      <target FeatureID="-1" href="CLK_HLP_CNTDWN.html">倒數計時器</target>
   </keywords>
   <keywords>
      <text FeatureID="-1">日期與時間設定</text>
      <target FeatureID="-1" href="CLK_HLP_SETTINGS.html">日期與時間設定</target>
   </keywords>
   <keywords>
      <text FeatureID="-1">時鐘設定</text>
      <target FeatureID="-1" href="CLK_HLP_SETTINGS.html">日期與時間設定</target>
   </keywords>
   <keywords>
      <text FeatureID="-1">時鐘, 時區</text>
      <target FeatureID="-1" href="CLK_HLP_REAL_TIME_CLOCK_AN.html">當地時間</target>
   </keywords>
   <keywords>
      <text FeatureID="-1">當地時間和時區</text>
      <target FeatureID="-1" href="CLK_HLP_REAL_TIME_CLOCK_AN.html">當地時間</target>
   </keywords>
   <keywords>
      <text FeatureID="-1">碼錶</text>
      <target FeatureID="-1" href="CCLK_HLP_STPWTCH.html">碼錶</target>
   </keywords>
   <keywords>
      <text FeatureID="-1">城市時鐘</text>
      <target FeatureID="-1" href="CLK_HLP_WRLD_CLK.html">世界時鐘</target>
   </keywords>
   <keywords>
      <text FeatureID="-1">世界時鐘</text>
      <target FeatureID="-1" href="CLK_HLP_WRLD_CLK.html">世界時鐘</target>
   </keywords>
</keywords>