<?xml version="1.0" encoding="UTF-8"?>
<keywords>
   <keywords>
      <text FeatureID="true_1091">USSD redaktorius</text>
      <target FeatureID="true_1091" href="USSD_HLP_EDITOR.html">Paslaugų komandos</target>
   </keywords>
   <keywords>
      <text FeatureID="true_1091">paslaugų komandos</text>
      <target FeatureID="true_1091" href="USSD_HLP_EDITOR.html">Paslaugų komandos</target>
   </keywords>
   <keywords>
      <text FeatureID="true_1091">tinklo paslaugos</text>
      <target FeatureID="true_1091" href="USSD_HLP_EDITOR.html">Paslaugų komandos</target>
   </keywords>
</keywords>