<?xml version="1.0" encoding="UTF-8"?>
<keywords>
   <keywords>
      <text FeatureID="-1">signets</text>
      <target FeatureID="-1" href="OSS_HLP_BM_ADDBM.html">Ajouter des signets</target>
      <target FeatureID="-1" href="OSS_HLP_BM_MAIN.html">Consulter les signets</target>
      <target FeatureID="-1" href="OSS_HLP_BM_EDIT.html">Modifier des signets</target>
   </keywords>
   <keywords>
      <text FeatureID="-1">signets du navigateur</text>
      <target FeatureID="-1" href="OSS_HLP_BM_ADDBM.html">Ajouter des signets</target>
      <target FeatureID="-1" href="OSS_HLP_BM_EDIT.html">Modifier des signets</target>
   </keywords>
   <keywords>
      <text FeatureID="-1">Web</text>
      <target FeatureID="-1" href="OSS_HLP_BM_ADDBM.html">Ajouter des signets</target>
      <target FeatureID="true_167" href="OSS_HLP_RSS_ADD.html">Ajouter des flux Web</target>
      <target FeatureID="-1" href="OSS_HLP_PAGEVIEW.html">Naviguer sur Internet</target>
      <target FeatureID="-1" href="OSS_HLP_BM_EDIT.html">Modifier des signets</target>
      <target FeatureID="true_167" href="OSS_HLP_RSS_EDIT.html">Modifier des flux Web</target>
      <target FeatureID="true_167" href="OSS_HLP_RSS_ARTICLE.html">Articles des flux Web</target>
      <target FeatureID="true_167" href="OSS_HLP_RSS_ARTICLELST.html">Flux Web</target>
      <target FeatureID="true_167" href="OSS_HLP_RSS_MAIN.html">Flux et blogs Web</target>
   </keywords>
   <keywords>
      <text FeatureID="true_167">flux</text>
      <target FeatureID="true_167" href="OSS_HLP_RSS_ADD.html">Ajouter des flux Web</target>
      <target FeatureID="true_167" href="OSS_HLP_RSS_EDIT.html">Modifier des flux Web</target>
      <target FeatureID="true_167" href="OSS_HLP_RSS_ARTICLE.html">Articles des flux Web</target>
      <target FeatureID="true_167" href="OSS_HLP_RSS_ARTICLELST.html">Flux Web</target>
      <target FeatureID="true_167" href="OSS_HLP_RSS_MAIN.html">Flux et blogs Web</target>
   </keywords>
   <keywords>
      <text FeatureID="true_167">flux RSS</text>
      <target FeatureID="true_167" href="OSS_HLP_RSS_ADD.html">Ajouter des flux Web</target>
      <target FeatureID="true_167" href="OSS_HLP_RSS_ARTICLELST.html">Flux Web</target>
      <target FeatureID="true_167" href="OSS_HLP_RSS_MAIN.html">Flux et blogs Web</target>
   </keywords>
   <keywords>
      <text FeatureID="true_167">actualités et blogs</text>
      <target FeatureID="true_167" href="OSS_HLP_RSS_ADD.html">Ajouter des flux Web</target>
      <target FeatureID="true_167" href="OSS_HLP_RSS_EDIT.html">Modifier des flux Web</target>
      <target FeatureID="true_167" href="OSS_HLP_RSS_ARTICLE.html">Articles des flux Web</target>
      <target FeatureID="true_167" href="OSS_HLP_RSS_ARTICLELST.html">Flux Web</target>
      <target FeatureID="true_167" href="OSS_HLP_RSS_MAIN.html">Flux et blogs Web</target>
   </keywords>
   <keywords>
      <text FeatureID="true_167">blogs</text>
      <target FeatureID="true_167" href="OSS_HLP_RSS_ADD.html">Ajouter des flux Web</target>
      <target FeatureID="true_167" href="OSS_HLP_RSS_EDIT.html">Modifier des flux Web</target>
      <target FeatureID="true_167" href="OSS_HLP_RSS_ARTICLE.html">Articles des flux Web</target>
      <target FeatureID="true_167" href="OSS_HLP_RSS_ARTICLELST.html">Flux Web</target>
      <target FeatureID="true_167" href="OSS_HLP_RSS_MAIN.html">Flux et blogs Web</target>
   </keywords>
   <keywords>
      <text FeatureID="-1">consulter des pages</text>
      <target FeatureID="-1" href="OSS_HLP_PAGEVIEW.html">Naviguer sur Internet</target>
   </keywords>
   <keywords>
      <text FeatureID="-1">navigateur</text>
      <target FeatureID="-1" href="OSS_HLP_BM_MAIN.html">Consulter les signets</target>
   </keywords>
   <keywords>
      <text FeatureID="true_167">flux rss</text>
      <target FeatureID="true_167" href="OSS_HLP_RSS_EDIT.html">Modifier des flux Web</target>
      <target FeatureID="true_167" href="OSS_HLP_RSS_ARTICLE.html">Articles des flux Web</target>
   </keywords>
   <keywords>
      <text FeatureID="-1">paramètres du navigateur</text>
      <target FeatureID="-1" href="OSS_HLP_SETTINGS_GENERAL.html">Paramètres généraux</target>
      <target FeatureID="-1" href="OSS_HLP_SETTINGS_PAGE.html">Paramètres des pages</target>
      <target FeatureID="-1" href="OSS_HLP_SETTINGS_PRIVACY.html">Paramètres de confidentialité</target>
      <target FeatureID="true_167" href="OSS_HLP_SETTINGS_RSS.html">Paramètres des flux Web</target>
      <target FeatureID="-1" href="OSS_HLP_SETTINGS_FOLDERS.html">Paramètres internet</target>
      <target FeatureID="false_410" href="OSS_HLP_SHORTCUTS.html">Raccourcis de la barre d'outils</target>
      <target FeatureID="false_410" href="OSS_HLP_KEYPAD.html">Raccourcis clavier</target>
   </keywords>
   <keywords>
      <text FeatureID="-1">paramètres Internet</text>
      <target FeatureID="-1" href="OSS_HLP_SETTINGS_GENERAL.html">Paramètres généraux</target>
      <target FeatureID="-1" href="OSS_HLP_SETTINGS_PAGE.html">Paramètres des pages</target>
      <target FeatureID="-1" href="OSS_HLP_SETTINGS_PRIVACY.html">Paramètres de confidentialité</target>
      <target FeatureID="true_167" href="OSS_HLP_SETTINGS_RSS.html">Paramètres des flux Web</target>
      <target FeatureID="-1" href="OSS_HLP_SETTINGS_FOLDERS.html">Paramètres internet</target>
      <target FeatureID="false_410" href="OSS_HLP_KEYPAD.html">Raccourcis clavier</target>
   </keywords>
   <keywords>
      <text FeatureID="-1">configuration Internet</text>
      <target FeatureID="-1" href="OSS_HLP_SETTINGS_PAGE.html">Paramètres des pages</target>
      <target FeatureID="true_167" href="OSS_HLP_SETTINGS_RSS.html">Paramètres des flux Web</target>
      <target FeatureID="-1" href="OSS_HLP_SETTINGS_FOLDERS.html">Paramètres internet</target>
   </keywords>
   <keywords>
      <text FeatureID="-1">paramètres de confidentialité</text>
      <target FeatureID="-1" href="OSS_HLP_SETTINGS_PRIVACY.html">Paramètres de confidentialité</target>
   </keywords>
   <keywords>
      <text FeatureID="-1">ouvrir une page spécifique</text>
      <target FeatureID="-1" href="OSS_HLP_PAGEVIEW_EMBED.html">Internet dans les applications</target>
   </keywords>
   <keywords>
      <text FeatureID="-1">Internet dans les applications</text>
      <target FeatureID="-1" href="OSS_HLP_PAGEVIEW_EMBED.html">Internet dans les applications</target>
   </keywords>
   <keywords>
      <text FeatureID="false_410">paramètres Web</text>
      <target FeatureID="false_410" href="OSS_HLP_SHORTCUTS.html">Raccourcis de la barre d'outils</target>
   </keywords>
</keywords>