<?xml version="1.0" encoding="UTF-8"?>
<keywords>
   <keywords>
      <text FeatureID="-1">diksyunaryo</text>
      <target FeatureID="-1" href="DICTIONARY_HLP_MAIN_TAB1.html">Diksyonaryo</target>
   </keywords>
   <keywords>
      <text FeatureID="-1">pagsaling-wika</text>
      <target FeatureID="-1" href="DICTIONARY_HLP_MAIN_TAB1.html">Diksyonaryo</target>
   </keywords>
   <keywords>
      <text FeatureID="-1">diksyunaryo, pagsasaling wika</text>
      <target FeatureID="-1" href="DICTIONARY_HLP_RESULTS.html">Mga resulta sa pagsasaling wika</target>
   </keywords>
</keywords>