<?xml version="1.0" encoding="UTF-8"?>
<keywords>
   <keywords>
      <text FeatureID="-1">VPN (虚拟专用网)</text>
      <target FeatureID="-1" href="SET_HLP_VPN_LOG_VIEW.html">VPN 记录</target>
      <target FeatureID="-1" href="SET_HLP_VPN_CONFIG_MAIN.html">VPN 管理</target>
      <target FeatureID="-1" href="SET_HLP_VPN_POLICY_VIEW.html">VPN 规则</target>
      <target FeatureID="-1" href="SET_HLP_VPN_POLICY_SERVERS.html">VPN 规则服务器</target>
      <target FeatureID="-1" href="SET_HLP_VPN_POLICY_SERVER_SET.html">VPN 服务器设置</target>
   </keywords>
</keywords>