<?xml version="1.0" encoding="UTF-8"?>
<keywords>
   <keywords>
      <text FeatureID="-1">mengemukakan mesej</text>
      <target FeatureID="-1" href="MMS_HLP_MMS_FWD_REQUEST.html">Kemukakan mesej multimedia</target>
   </keywords>
   <keywords>
      <text FeatureID="-1">mesej multimedia</text>
      <target FeatureID="-1" href="MMS_HLP_MMS_FWD_REQUEST_SEND.html">Kemukakan permintaan dalam item Dihantar</target>
      <target FeatureID="-1" href="MMS_HLP_MMS_VIEWER.html">Lihat mesej multimedia</target>
   </keywords>
   <keywords>
      <text FeatureID="-1">pemberitahuan multimedia</text>
      <target FeatureID="-1" href="MMS_HLP_NOTIFICATION_VIEWER.html">Pemberitahuan multimedia</target>
   </keywords>
   <keywords>
      <text FeatureID="-1">objek media</text>
      <target FeatureID="-1" href="MMS_HLP_OBJECTS_VIEW_VIEWER.html">Lihat objek media</target>
   </keywords>
   <keywords>
      <text FeatureID="-1">objek multimedia</text>
      <target FeatureID="-1" href="MMS_HLP_OBJECTS_VIEW_VIEWER.html">Lihat objek media</target>
   </keywords>
   <keywords>
      <text FeatureID="-1">MMS</text>
      <target FeatureID="-1" href="MMS_HLP_MMS_VIEWER.html">Lihat mesej multimedia</target>
   </keywords>
</keywords>