<?xml version="1.0" encoding="UTF-8"?><?xml-stylesheet  href="../../theme/xsl/index2html.xslt" type="text/xsl"?>
<topics FeatureID="-1" title="Koledar" compressed="true">
   <topicref FeatureID="-1" href="CALE_HLP_NOTE_VIEWER.html" navtitle="Koledarski vpisi"/>
   <topicref FeatureID="-1" href="CALE_HLP_SETTINGS.html" navtitle="Nastavitve koledarja"/>
   <topicref FeatureID="-1" href="CALE_HLP_DAY_VIEW.html" navtitle="Dnevni pregled"/>
   <topicref FeatureID="-1" href="CALE_HLP_NOTE_MEETING.html" navtitle="Vpisi za sestanke"/>
   <topicref FeatureID="-1" href="CALE_HLP_MONTH_VIEW.html" navtitle="Mesečni pregled"/>
   <topicref FeatureID="-1" href="CALE_HLP_TODO_NOTE.html" navtitle="Vpisi opravil"/>
   <topicref FeatureID="-1" href="CALE_HLP_TODO_VIEW.html" navtitle="Pogled opravil"/>
   <topicref FeatureID="-1" href="CALE_HLP_WEEK_VIEW.html" navtitle="Tedenski prikaz"/>
   <topicref FeatureID="-1" href="CALE_HLP_CALENDAR_DATABASE_SETTINGS.html" navtitle="Nastavitve več koledarjev"/>
   <topicref FeatureID="-1" href="CALE_HLP_CALE_MAN_VIEW.html" navtitle="Prikaz za upravljanje koledarjev"/>
   <topicref FeatureID="-1" href="CALE_HLP_ATTACH_VIEW.html" navtitle="Prikaz prilog"/>
   <topicref FeatureID="-1" href="CALE_HLP_MAV.html" navtitle="Prikaz zgrešenih opozoril"/>
</topics>