<?xml version="1.0" encoding="UTF-8"?>
<keywords>
   <keywords>
      <text FeatureID="-1">koledar</text>
      <target FeatureID="-1" href="CALE_HLP_NOTE_ANNIVERSARY.html">Vnašanje obletnic</target>
      <target FeatureID="-1" href="CALE_HLP_NOTE_VIEWER.html">Koledarski vpisi</target>
      <target FeatureID="-1" href="CALE_HLP_DAY_VIEW.html">Dnevni pregled</target>
      <target FeatureID="-1" href="CALE_HLP_NOTE_MEETING.html">Vpisi za sestanke</target>
      <target FeatureID="-1" href="CALE_HLP_NOTE_DAY.html">Vnašanje beležk</target>
      <target FeatureID="-1" href="CALE_HLP_MONTH_VIEW.html">Mesečni pregled</target>
      <target FeatureID="-1" href="CALE_HLP_TODO_NOTE.html">Vpisi opravil</target>
      <target FeatureID="-1" href="CALE_HLP_TODO_VIEW.html">Pogled opravil</target>
      <target FeatureID="-1" href="CALE_HLP_WEEK_VIEW.html">Tedenski prikaz</target>
   </keywords>
   <keywords>
      <text FeatureID="-1">beležke za obletnice</text>
      <target FeatureID="-1" href="CALE_HLP_NOTE_ANNIVERSARY.html">Vnašanje obletnic</target>
      <target FeatureID="-1" href="CALE_HLP_NOTE_VIEWER.html">Koledarski vpisi</target>
   </keywords>
   <keywords>
      <text FeatureID="-1">sestanki</text>
      <target FeatureID="-1" href="CALE_HLP_NOTE_VIEWER.html">Koledarski vpisi</target>
      <target FeatureID="-1" href="CALE_HLP_NOTE_MEETING.html">Vpisi za sestanke</target>
   </keywords>
   <keywords>
      <text FeatureID="-1">zapiski</text>
      <target FeatureID="-1" href="CALE_HLP_NOTE_VIEWER.html">Koledarski vpisi</target>
      <target FeatureID="-1" href="CALE_HLP_NOTE_DAY.html">Vnašanje beležk</target>
   </keywords>
   <keywords>
      <text FeatureID="-1">zapiski opravil</text>
      <target FeatureID="-1" href="CALE_HLP_NOTE_VIEWER.html">Koledarski vpisi</target>
   </keywords>
   <keywords>
      <text FeatureID="-1">nastavitve koledarja</text>
      <target FeatureID="-1" href="CALE_HLP_SETTINGS.html">Nastavitve koledarja</target>
   </keywords>
   <keywords>
      <text FeatureID="-1">beležke za opravila</text>
      <target FeatureID="-1" href="CALE_HLP_TODO_NOTE.html">Vpisi opravil</target>
   </keywords>
   <keywords>
      <text FeatureID="-1">seznam opravil</text>
      <target FeatureID="-1" href="CALE_HLP_TODO_VIEW.html">Pogled opravil</target>
   </keywords>
</keywords>