<?xml version="1.0" encoding="UTF-8"?>
<keywords>
   <keywords>
      <text FeatureID="-1">κάμερα</text>
      <target FeatureID="-1" href="LCAM_HLP_VIEWFINDER_PHOTO.html">Λήψη φωτογραφιών</target>
      <target FeatureID="false_410" href="LCAM_HLP_LIGHT_SENSITIVITY.html">Αλλ. ευαισθ. στο φως</target>
      <target FeatureID="-1" href="LCAM_HLP_SCENES_PHOTO.html">Σκηνές</target>
      <target FeatureID="-1" href="LCAM_HLP_VIEWFINDER_VIDEO.html">Εγγραφή βίντεο κλιπ</target>
      <target FeatureID="false_410" href="LCAM_HLP_SCENES_VIDEO.html">Σκηνές βίντεο</target>
      <target FeatureID="-1" href="LCAM_HLP_VIEWFINDER_VIDEO_EM.html">Βίντεο σε εφαρμογές</target>
      <target FeatureID="false_410" href="LCAM_HLP_STANDYBY_EM.html">Μη ενεργή κάμερα</target>
      <target FeatureID="-1" href="LCAM_HLP_POST_VIDEO.html">Αναπαραγωγή βίντεο κλιπ</target>
      <target FeatureID="-1" href="LCAM_HLP_POST_PHOTO.html">Προβολή ληφθεισών εικόνων</target>
      <target FeatureID="true_132" href="LCAM_HLP_POST_SEQ.html">Προβ. εικόνων σε σειρά</target>
   </keywords>
   <keywords>
      <text FeatureID="-1">λήψη εικόνων</text>
      <target FeatureID="-1" href="LCAM_HLP_VIEWFINDER_PHOTO.html">Λήψη φωτογραφιών</target>
   </keywords>
   <keywords>
      <text FeatureID="false_410">ευαισθησία στο φως</text>
      <target FeatureID="false_410" href="LCAM_HLP_LIGHT_SENSITIVITY.html">Αλλ. ευαισθ. στο φως</target>
   </keywords>
   <keywords>
      <text FeatureID="-1">σκηνές κάμερας</text>
      <target FeatureID="-1" href="LCAM_HLP_SETTINGS_PHOUSER.html">Ορισμός σκηνών</target>
   </keywords>
   <keywords>
      <text FeatureID="-1">σκηνές</text>
      <target FeatureID="-1" href="LCAM_HLP_SCENES_PHOTO.html">Σκηνές</target>
   </keywords>
   <keywords>
      <text FeatureID="-1">ρυθμίσεις κάμερας</text>
      <target FeatureID="-1" href="LCAM_HLP_SETTINGS.html">Ρυθμίσεις κάμερας</target>
   </keywords>
   <keywords>
      <text FeatureID="-1">κάμερα, ρυθμίσεις</text>
      <target FeatureID="-1" href="LCAM_HLP_SETTINGS_PHOTO.html">Ρυθμίσεις εικόνας</target>
      <target FeatureID="-1" href="LCAM_HLP_SETTINGS_VIDEO.html">Ρυθμίσεις βίντεο</target>
   </keywords>
   <keywords>
      <text FeatureID="-1">εγγραφή βίντεο</text>
      <target FeatureID="-1" href="LCAM_HLP_VIEWFINDER_VIDEO.html">Εγγραφή βίντεο κλιπ</target>
   </keywords>
   <keywords>
      <text FeatureID="false_410">σκηνές βίντεο</text>
      <target FeatureID="false_410" href="LCAM_HLP_SCENES_VIDEO.html">Σκηνές βίντεο</target>
   </keywords>
   <keywords>
      <text FeatureID="-1">βίντεο, ρυθμίσεις</text>
      <target FeatureID="-1" href="LCAM_HLP_SETTINGS_VIDEO.html">Ρυθμίσεις βίντεο</target>
   </keywords>
   <keywords>
      <text FeatureID="-1">κλιπ βίντεο σε εφαρμογές</text>
      <target FeatureID="-1" href="LCAM_HLP_VIEWFINDER_VIDEO_EM.html">Βίντεο σε εφαρμογές</target>
   </keywords>
   <keywords>
      <text FeatureID="-1">αναπαραγωγή βίντεο κλιπ</text>
      <target FeatureID="-1" href="LCAM_HLP_POST_VIDEO.html">Αναπαραγωγή βίντεο κλιπ</target>
   </keywords>
   <keywords>
      <text FeatureID="-1">κάμερα σε εφαρμογές</text>
      <target FeatureID="-1" href="LCAM_HLP_VIEWFINDER_PHOTO_EM.html">Εικόνες σε εφαρμογές</target>
   </keywords>
   <keywords>
      <text FeatureID="-1">προβολή εικόνων</text>
      <target FeatureID="-1" href="LCAM_HLP_POST_PHOTO.html">Προβολή ληφθεισών εικόνων</target>
   </keywords>
   <keywords>
      <text FeatureID="true_132">διαδοχική λειτουργία</text>
      <target FeatureID="true_132" href="LCAM_HLP_POST_SEQ.html">Προβ. εικόνων σε σειρά</target>
   </keywords>
</keywords>