<?xml version="1.0" encoding="UTF-8"?>
<keywords>
   <keywords>
      <text FeatureID="true_13 true_1566">Connexion par câble USB</text>
      <target FeatureID="true_13" href="USB_HLP_MAIN.html">Paramètres USB</target>
      <target FeatureID="true_1566" href="USB_HLP_PRINT_SETTINGS.html">Paramètres d'imprimante</target>
   </keywords>
   <keywords>
      <text FeatureID="true_13">connexion par câble</text>
      <target FeatureID="true_13" href="USB_HLP_MAIN.html">Paramètres USB</target>
   </keywords>
   <keywords>
      <text FeatureID="true_1566">imprimer</text>
      <target FeatureID="true_1566" href="USB_HLP_PRINT_SETTINGS.html">Paramètres d'imprimante</target>
   </keywords>
   <keywords>
      <text FeatureID="true_1566">paramètres, imprimante</text>
      <target FeatureID="true_1566" href="USB_HLP_PRINT_SETTINGS.html">Paramètres d'imprimante</target>
   </keywords>
</keywords>