<?xml version="1.0" encoding="UTF-8"?>
<keywords>
   <keywords>
      <text FeatureID="-1">редагування нотаток</text>
      <target FeatureID="-1" href="NMAKE_HLP_MEMO_VIEWER_EDIT.html">Редагування нотаток у програмах</target>
   </keywords>
   <keywords>
      <text FeatureID="-1">отримання нотаток</text>
      <target FeatureID="-1" href="NMAKE_HLP_MEMO_VIEWER.html">Перегляд отриманих нотаток</target>
   </keywords>
   <keywords>
      <text FeatureID="-1">шаблони повідомлень</text>
      <target FeatureID="-1" href="NMAKE_HLP_TEMPLATE_EDITOR.html">Створення шаблонів повідомлень</target>
   </keywords>
   <keywords>
      <text FeatureID="-1">створення шаблонів повідомлень</text>
      <target FeatureID="-1" href="NMAKE_HLP_TEMPLATE_EDITOR.html">Створення шаблонів повідомлень</target>
      <target FeatureID="-1" href="NMAKE_HLP_TEMPLATE_EDITOR.html">Створення шаблонів повідомлень</target>
   </keywords>
   <keywords>
      <text FeatureID="-1">список нотаток</text>
      <target FeatureID="-1" href="NMAKE_HLP_MEMO_LIST.html">Список нотаток</target>
   </keywords>
   <keywords>
      <text FeatureID="-1">написання нотаток</text>
      <target FeatureID="-1" href="NMAKE_HLP_MEMO_LIST.html">Список нотаток</target>
      <target FeatureID="-1" href="NMAKE_HLP_MEMO_EDITOR_APPS.html">Написання нотаток у програмах</target>
      <target FeatureID="-1" href="NMAKE_HLP_MEMO_EDITOR.html">Написання нотаток</target>
   </keywords>
</keywords>