<?xml version="1.0" encoding="UTF-8"?>
<keywords>
   <keywords>
      <text FeatureID="-1">ur, alarmer</text>
      <target FeatureID="-1" href="CLK_HLP_ALARM_EDITOR.html">Indstille alarm</target>
      <target FeatureID="-1" href="CLK_HLP_REAL_TIME_CLOCK_IN.html">Hovedvisningen i Ur</target>
   </keywords>
   <keywords>
      <text FeatureID="-1">alarm</text>
      <target FeatureID="-1" href="CLK_HLP_ALARM_EDITOR.html">Indstille alarm</target>
      <target FeatureID="-1" href="CLK_HLP_REAL_TIME_CLOCK_IN.html">Hovedvisningen i Ur</target>
   </keywords>
   <keywords>
      <text FeatureID="-1">ur</text>
      <target FeatureID="-1" href="CLK_HLP_CNTDWN.html">Nedtællingsur</target>
      <target FeatureID="-1" href="CLK_HLP_WRLD_CLK.html">Verdensur</target>
   </keywords>
   <keywords>
      <text FeatureID="-1">tidstællere</text>
      <target FeatureID="-1" href="CLK_HLP_CNTDWN.html">Nedtællingsur</target>
   </keywords>
   <keywords>
      <text FeatureID="-1">dato- og tids­indstillinger</text>
      <target FeatureID="-1" href="CLK_HLP_SETTINGS.html">Dato- og tids­indstillinger</target>
   </keywords>
   <keywords>
      <text FeatureID="-1">ur­indstillinger</text>
      <target FeatureID="-1" href="CLK_HLP_SETTINGS.html">Dato- og tids­indstillinger</target>
   </keywords>
   <keywords>
      <text FeatureID="-1">ur, tidszoner</text>
      <target FeatureID="-1" href="CLK_HLP_REAL_TIME_CLOCK_AN.html">Lokal tid</target>
   </keywords>
   <keywords>
      <text FeatureID="-1">lokal tid og tidszone</text>
      <target FeatureID="-1" href="CLK_HLP_REAL_TIME_CLOCK_AN.html">Lokal tid</target>
   </keywords>
   <keywords>
      <text FeatureID="-1">stopur</text>
      <target FeatureID="-1" href="CCLK_HLP_STPWTCH.html">Stopur</target>
   </keywords>
   <keywords>
      <text FeatureID="-1">lokaltid i byer</text>
      <target FeatureID="-1" href="CLK_HLP_WRLD_CLK.html">Verdensur</target>
   </keywords>
   <keywords>
      <text FeatureID="-1">verdensur</text>
      <target FeatureID="-1" href="CLK_HLP_WRLD_CLK.html">Verdensur</target>
   </keywords>
</keywords>