<?xml version="1.0" encoding="UTF-8"?>
<keywords>
   <keywords>
      <text FeatureID="-1">VPN (virtual private network)</text>
      <target FeatureID="-1" href="SET_HLP_VPN_LOG_VIEW.html">Log VPN</target>
      <target FeatureID="-1" href="SET_HLP_VPN_CONFIG_MAIN.html">Manajemen VPN</target>
      <target FeatureID="-1" href="SET_HLP_VPN_POLICY_VIEW.html">Kebijakan VPN</target>
      <target FeatureID="-1" href="SET_HLP_VPN_POLICY_SERVERS.html">Server kebijakan VPN</target>
      <target FeatureID="-1" href="SET_HLP_VPN_POLICY_SERVER_SET.html">Pengaturan server VPN</target>
   </keywords>
</keywords>