<?xml version="1.0" encoding="UTF-8"?>
<keywords>
   <keywords>
      <text FeatureID="-1">postavke računa e-pošte</text>
      <target FeatureID="-1" href="FSE_HLP_IMS_SETTINGS_ACCT_INFO.html">Postavke računa e-pošte</target>
   </keywords>
   <keywords>
      <text FeatureID="-1">napredne postavke spremnika</text>
      <target FeatureID="-1" href="FSE_HLP_IMS_SETTINGS_ADVANCED.html">Napredne postavke spremnika</target>
   </keywords>
   <keywords>
      <text FeatureID="-1">postavke spremnika</text>
      <target FeatureID="-1" href="FSE_HLP_IMS_SETTINGS_MAILBOX.html">Postavke spremnika</target>
   </keywords>
   <keywords>
      <text FeatureID="-1">sadržaj sinkronizacije e-pošte</text>
      <target FeatureID="-1" href="FSE_HLP_IMS_SETTINGS_WHAT_SYNC.html">Određivanje sadržaja sinkronizacije</target>
   </keywords>
   <keywords>
      <text FeatureID="-1">vrijeme sinkronizacije e-pošte</text>
      <target FeatureID="-1" href="FSE_HLP_IMS_SETTINGS_WHEN_SYNC.html">Određivanje vremena sinkronizacije</target>
   </keywords>
   <keywords>
      <text FeatureID="-1">sinkronizacija mape e-pošte</text>
      <target FeatureID="-1" href="FSE_HLP_IMS_SETTINGS_FOLDER.html">Sinkronizacija mapa za e-poštu</target>
   </keywords>
   <keywords>
      <text FeatureID="-1">postavke usluge e-pošte</text>
      <target FeatureID="-1" href="FSE_HLP_SETTINGS_INTELL_LIST.html">Postavke usluge e-pošte</target>
   </keywords>
   <keywords>
      <text FeatureID="-1">e-pošta, postavke</text>
      <target FeatureID="-1" href="FSE_HLP_IMS_SETTINGS_MAIN_VIEW.html">Postavke e-pošte</target>
   </keywords>
   <keywords>
      <text FeatureID="-1">Intellisync</text>
      <target FeatureID="-1" href="FSE_HLP_IMS_LAUNCHER_MAIN_VIEW.html">Intelllisync e-pošta</target>
   </keywords>
</keywords>