<?xml version="1.0" encoding="UTF-8"?><?xml-stylesheet  href="../../theme/xsl/index2html.xslt" type="text/xsl"?>
<topics FeatureID="-1" title="التقويم" compressed="true">
   <topicref FeatureID="-1" href="CALE_HLP_NOTE_VIEWER.html" navtitle="قيود التقويم"/>
   <topicref FeatureID="-1" href="CALE_HLP_SETTINGS.html" navtitle="ضبط التقويم"/>
   <topicref FeatureID="-1" href="CALE_HLP_DAY_VIEW.html" navtitle="عرض اليوم"/>
   <topicref FeatureID="-1" href="CALE_HLP_NOTE_MEETING.html" navtitle="قيود الاجتماع"/>
   <topicref FeatureID="-1" href="CALE_HLP_MONTH_VIEW.html" navtitle="عرض الشهر"/>
   <topicref FeatureID="-1" href="CALE_HLP_TODO_NOTE.html" navtitle="قيود المهام"/>
   <topicref FeatureID="-1" href="CALE_HLP_TODO_VIEW.html" navtitle="عرض المهام"/>
   <topicref FeatureID="-1" href="CALE_HLP_WEEK_VIEW.html" navtitle="عرض الأسبوع"/>
   <topicref FeatureID="-1" href="CALE_HLP_CALENDAR_DATABASE_SETTINGS.html" navtitle="ضبط عدة تقويمات"/>
   <topicref FeatureID="-1" href="CALE_HLP_CALE_MAN_VIEW.html" navtitle="شاشة عرض إدارة التقويمات"/>
   <topicref FeatureID="-1" href="CALE_HLP_ATTACH_VIEW.html" navtitle="عرض المرفقات"/>
   <topicref FeatureID="-1" href="CALE_HLP_MAV.html" navtitle="شاشة عرض المنبهات الفائتة"/>
</topics>