<?xml version="1.0" encoding="UTF-8"?>
<keywords>
   <keywords>
      <text FeatureID="-1">التقويم</text>
      <target FeatureID="-1" href="CALE_HLP_NOTE_VIEWER.html">قيود التقويم</target>
      <target FeatureID="-1" href="CALE_HLP_DAY_VIEW.html">عرض اليوم</target>
      <target FeatureID="-1" href="CALE_HLP_NOTE_MEETING.html">قيود الاجتماع</target>
      <target FeatureID="-1" href="CALE_HLP_MONTH_VIEW.html">عرض الشهر</target>
      <target FeatureID="-1" href="CALE_HLP_TODO_NOTE.html">قيود المهام</target>
      <target FeatureID="-1" href="CALE_HLP_TODO_VIEW.html">عرض المهام</target>
      <target FeatureID="-1" href="CALE_HLP_WEEK_VIEW.html">عرض الأسبوع</target>
      <target FeatureID="-1" href="CALE_HLP_CALENDAR_DATABASE_SETTINGS.html">ضبط عدة تقويمات</target>
      <target FeatureID="-1" href="CALE_HLP_CALE_MAN_VIEW.html">شاشة عرض إدارة التقويمات</target>
      <target FeatureID="-1" href="CALE_HLP_ATTACH_VIEW.html">عرض المرفقات</target>
      <target FeatureID="-1" href="CALE_HLP_MAV.html">شاشة عرض المنبهات الفائتة</target>
   </keywords>
   <keywords>
      <text FeatureID="-1">الاجتماعات</text>
      <target FeatureID="-1" href="CALE_HLP_NOTE_VIEWER.html">قيود التقويم</target>
      <target FeatureID="-1" href="CALE_HLP_NOTE_MEETING.html">قيود الاجتماع</target>
   </keywords>
   <keywords>
      <text FeatureID="-1">ملاحظات المهام</text>
      <target FeatureID="-1" href="CALE_HLP_NOTE_VIEWER.html">قيود التقويم</target>
      <target FeatureID="-1" href="CALE_HLP_TODO_NOTE.html">قيود المهام</target>
   </keywords>
   <keywords>
      <text FeatureID="-1">ضبط التقويم</text>
      <target FeatureID="-1" href="CALE_HLP_SETTINGS.html">ضبط التقويم</target>
   </keywords>
   <keywords>
      <text FeatureID="-1">قائمة المهام</text>
      <target FeatureID="-1" href="CALE_HLP_TODO_VIEW.html">عرض المهام</target>
   </keywords>
   <keywords>
      <text FeatureID="-1">الضبط, التقويم</text>
      <target FeatureID="-1" href="CALE_HLP_CALENDAR_DATABASE_SETTINGS.html">ضبط عدة تقويمات</target>
   </keywords>
   <keywords>
      <text FeatureID="-1">ملحقات</text>
      <target FeatureID="-1" href="CALE_HLP_ATTACH_VIEW.html">عرض المرفقات</target>
   </keywords>
   <keywords>
      <text FeatureID="-1">المنبهات، ملاحظة تقويم</text>
      <target FeatureID="-1" href="CALE_HLP_MAV.html">شاشة عرض المنبهات الفائتة</target>
   </keywords>
</keywords>