<?xml version="1.0" encoding="UTF-8"?>
<keywords>
   <keywords>
      <text FeatureID="-1">التقويم</text>
      <target FeatureID="-1" href="CALE_HLP_NOTE_ANNIVERSARY.html">قيود المناسبات السنوية</target>
      <target FeatureID="-1" href="CALE_HLP_NOTE_VIEWER.html">قيود التقويم</target>
      <target FeatureID="-1" href="CALE_HLP_DAY_VIEW.html">عرض اليوم</target>
      <target FeatureID="-1" href="CALE_HLP_NOTE_MEETING.html">قيود الاجتماع</target>
      <target FeatureID="-1" href="CALE_HLP_NOTE_DAY.html">قيود المذكرة</target>
      <target FeatureID="-1" href="CALE_HLP_MONTH_VIEW.html">عرض الشهر</target>
      <target FeatureID="-1" href="CALE_HLP_TODO_NOTE.html">قيود المهام</target>
      <target FeatureID="-1" href="CALE_HLP_TODO_VIEW.html">عرض المهام</target>
      <target FeatureID="-1" href="CALE_HLP_WEEK_VIEW.html">عرض الأسبوع</target>
   </keywords>
   <keywords>
      <text FeatureID="-1">ملاحظات المناسبات السنوية</text>
      <target FeatureID="-1" href="CALE_HLP_NOTE_ANNIVERSARY.html">قيود المناسبات السنوية</target>
      <target FeatureID="-1" href="CALE_HLP_NOTE_VIEWER.html">قيود التقويم</target>
   </keywords>
   <keywords>
      <text FeatureID="-1">الاجتماعات</text>
      <target FeatureID="-1" href="CALE_HLP_NOTE_VIEWER.html">قيود التقويم</target>
      <target FeatureID="-1" href="CALE_HLP_NOTE_MEETING.html">قيود الاجتماع</target>
   </keywords>
   <keywords>
      <text FeatureID="-1">ملاحظات المذكرات</text>
      <target FeatureID="-1" href="CALE_HLP_NOTE_VIEWER.html">قيود التقويم</target>
      <target FeatureID="-1" href="CALE_HLP_NOTE_DAY.html">قيود المذكرة</target>
   </keywords>
   <keywords>
      <text FeatureID="-1">ملاحظات المهام</text>
      <target FeatureID="-1" href="CALE_HLP_NOTE_VIEWER.html">قيود التقويم</target>
      <target FeatureID="-1" href="CALE_HLP_TODO_NOTE.html">قيود المهام</target>
   </keywords>
   <keywords>
      <text FeatureID="-1">ضبط التقويم</text>
      <target FeatureID="-1" href="CALE_HLP_SETTINGS.html">ضبط التقويم</target>
   </keywords>
   <keywords>
      <text FeatureID="-1">قائمة المهام</text>
      <target FeatureID="-1" href="CALE_HLP_TODO_VIEW.html">عرض المهام</target>
   </keywords>
</keywords>