<?xml version="1.0" encoding="UTF-8"?>
<keywords>
   <keywords>
      <text FeatureID="-1">Quickoffice, fájlkezelő</text>
      <target FeatureID="-1" href="QFM_HLP_FILE_MENU.html">Fájlkezelő</target>
   </keywords>
   <keywords>
      <text FeatureID="-1">Quickoffice</text>
      <target FeatureID="-1" href="QFM_HLP_LOC_MENU.html">Quickoffice</target>
   </keywords>
   <keywords>
      <text FeatureID="-1">Quickpoint</text>
      <target FeatureID="-1" href="QPOINT_HLP_EDIT_SLIDE_VIEW.html">Diák szerkesztése</target>
      <target FeatureID="-1" href="QPOINT_HLP_REPLACE_VIEW.html">Szöveg keresése és cseréje</target>
      <target FeatureID="-1" href="QPOINT_HLP_FIND_VIEW.html">Szöveg keresése</target>
      <target FeatureID="-1" href="QPOINT_HLP_VIEW_SLIDE_VIEW.html">Diák megtekintése</target>
   </keywords>
   <keywords>
      <text FeatureID="-1">Quickpoint, szöveg</text>
      <target FeatureID="-1" href="QPOINT_HLP_EDIT_TEXT_VIEW.html">Szöveg szerkesztése</target>
   </keywords>
   <keywords>
      <text FeatureID="-1">Quickpoint, megjegyzések</text>
      <target FeatureID="-1" href="QPOINT_HLP_COMMENT_VIEW.html">Megjegyzések megtekintése</target>
   </keywords>
   <keywords>
      <text FeatureID="-1">Quickpoint, jegyzetek</text>
      <target FeatureID="-1" href="QPOINT_HLP_VIEW_NOTES_VIEW.html">Jegyzetek megtekintése</target>
   </keywords>
   <keywords>
      <text FeatureID="-1">Quickpoint, vázlatok</text>
      <target FeatureID="-1" href="QPOINT_HLP_VIEW_OUTLINE_VIEW.html">Vázlatok megtekintése</target>
   </keywords>
   <keywords>
      <text FeatureID="-1">Quicksheet, cellák</text>
      <target FeatureID="-1" href="QSHEET_HLP_CELLS_EDIT.html">Cellák szerkesztése</target>
      <target FeatureID="-1" href="QSHEET_HLP_VIEW_CELL.html">Cellák megtekintése</target>
   </keywords>
   <keywords>
      <text FeatureID="-1">Quicksheet, oszlopok</text>
      <target FeatureID="-1" href="QSHEET_HLP_EDIT_COLUMN.html">Oszlopok szerkesztése</target>
   </keywords>
   <keywords>
      <text FeatureID="-1">Quicksheet, tartományok</text>
      <target FeatureID="-1" href="QSHEET_HLP_EDIT_RANGE.html">Tartományok szerkesztése</target>
   </keywords>
   <keywords>
      <text FeatureID="-1">Quicksheet, sorok</text>
      <target FeatureID="-1" href="QSHEET_HLP_EDIT_ROW.html">Sorok szerkesztése</target>
   </keywords>
   <keywords>
      <text FeatureID="-1">Quicksheet</text>
      <target FeatureID="-1" href="QSHEET_HLP_REPLACE_VIEW.html">Szöveg keresése és cseréje</target>
      <target FeatureID="-1" href="QSHEET_HLP_FIND_VIEW.html">Szöveg keresése</target>
      <target FeatureID="-1" href="QSHEET_HLP_CELLS_VIEW.html">Táblázatok megtekintése</target>
   </keywords>
   <keywords>
      <text FeatureID="-1">Quickword</text>
      <target FeatureID="-1" href="QWORD_HLP_EDIT_MODE.html">Dokumentumok szerkesztése</target>
      <target FeatureID="-1" href="QWORD_HLP_FIND_MODE.html">Szöveg keresése és cseréje</target>
      <target FeatureID="-1" href="QWORD_HLP_VIEW_MODE.html">Dokumentumok megtek.</target>
      <target FeatureID="-1" href="QWORD_HLP_PAGE_VIEW.html">Oldalelrendezés megtekintése</target>
   </keywords>
</keywords>