<?xml version="1.0" encoding="UTF-8"?>
<keywords>
   <keywords>
      <text FeatureID="-1">Mail for Exchange</text>
      <target FeatureID="-1" href="FSE_HLP_MFE_LAUNCHER_MAIN_VIEW.html">Mel Mail for Exchange</target>
   </keywords>
   <keywords>
      <text FeatureID="-1">tetapan peti mel lanjutan</text>
      <target FeatureID="-1" href="FSE_HLP_MFE_SETTINGS_ADVANCED.html">Tetapan lanjut untuk peti mel</target>
   </keywords>
   <keywords>
      <text FeatureID="-1">tetapan penyegerakan e-mel</text>
      <target FeatureID="-1" href="FSE_HLP_MFE_SETTINGS_PIM_APPS.html">Tetapan penyegerakan aplikasi</target>
   </keywords>
   <keywords>
      <text FeatureID="-1">penyegerakan kalendar</text>
      <target FeatureID="-1" href="FSE_HLP_MFE_CALENDAR_APP.html">Tetapan penyegerakan kalendar</target>
   </keywords>
   <keywords>
      <text FeatureID="-1">hubungi penyegerakan,</text>
      <target FeatureID="-1" href="FSE_HLP_MFE_CONTACTS_APP.html">Tetapan penyegerakan kenalan</target>
   </keywords>
   <keywords>
      <text FeatureID="-1">tetapan peti mel</text>
      <target FeatureID="-1" href="FSE_HLP_MFE_SETTINGS_MAILBOX.html">Tetapan peti mel umum</target>
   </keywords>
   <keywords>
      <text FeatureID="-1">kandungan penyegerakan e-mel</text>
      <target FeatureID="-1" href="FSE_HLP_MFE_SETTINGS_WHAT_SYNC.html">Pilih kandungan penyegerakan</target>
   </keywords>
   <keywords>
      <text FeatureID="-1">masa penyegerakan e-mel</text>
      <target FeatureID="-1" href="FSE_HLP_MFE_SETTINGS_WHEN_SYNC.html">Pilih masa penyegerakan</target>
   </keywords>
   <keywords>
      <text FeatureID="-1">penyegerakan folder e-mel</text>
      <target FeatureID="-1" href="FSE_HLP_MFE_SETTINGS_FOLDER.html">Tetapan untuk penyegerakan</target>
   </keywords>
   <keywords>
      <text FeatureID="-1">tetapan e-mel</text>
      <target FeatureID="-1" href="FSE_HLP_MFE_SETTINGS_MAIN_VIEW.html">Tetapan untuk e-mel</target>
   </keywords>
   <keywords>
      <text FeatureID="-1">penyegerakan entri tugasan</text>
      <target FeatureID="-1" href="FSE_HLP_MFE_TASKS_APP.html">Tetapan penyegerakan tugasan</target>
   </keywords>
</keywords>