<?xml version="1.0" encoding="UTF-8"?>
<keywords>
   <keywords>
      <text FeatureID="-1">e-mail beállítások</text>
      <target FeatureID="-1" href="MBXS_HLP_SETT_DOWNL_CTRL.html">E-mail letöltési beállítások</target>
      <target FeatureID="-1" href="MBXS_HLP_SETT_DOWNL_RETR.html">E-mail letöltés mennyisége</target>
      <target FeatureID="-1" href="MBXS_HLP_SETT_MBX_IN.html">Bejövő e-mail üzenetek beállítása</target>
      <target FeatureID="-1" href="MBXS_HLP_SETT_MBX_IN_OUT.html">Csatlakozási beállítások</target>
      <target FeatureID="-1" href="MBXS_HLP_SETT_MBX_OUT.html">Kimenő e-mail-ek beállít.</target>
      <target FeatureID="-1" href="MCE_HLP_SETTINGS_EMAIL.html">E-mail beállítások</target>
      <target FeatureID="-1" href="MCE_HLP_SETT_EMAILMAIN.html">Postafiókok szerkesztése</target>
      <target FeatureID="-1" href="MCE_HLP_SETT_MAILBLIST.html">Postafiókok</target>
      <target FeatureID="-1" href="MCE_HLP_SETT_MAILFOLDER_UPD.html">A postafiók mappái</target>
      <target FeatureID="true_1633" href="MCE_HLP_SETT_MAIL_ONLI.html">Automatikus letöltés</target>
   </keywords>
   <keywords>
      <text FeatureID="-1">postafiók-beállítások</text>
      <target FeatureID="-1" href="MCE_HLP_SETT_EMAILMAIN.html">Postafiókok szerkesztése</target>
   </keywords>
   <keywords>
      <text FeatureID="-1">postafiók</text>
      <target FeatureID="-1" href="MCE_HLP_SETT_MAILBLIST.html">Postafiókok</target>
      <target FeatureID="-1" href="MCE_HLP_MAILBOX_ONLINE.html">Online e-mail</target>
   </keywords>
   <keywords>
      <text FeatureID="-1">postafiók mappái</text>
      <target FeatureID="-1" href="MCE_HLP_SETT_MAILFOLDER_UPD.html">A postafiók mappái</target>
   </keywords>
   <keywords>
      <text FeatureID="-1">felhasználói beállítások</text>
      <target FeatureID="-1" href="MCE_HLP_SETT_MAIL_USER.html">Felhasználói beállítások</target>
   </keywords>
   <keywords>
      <text FeatureID="true_44">postafiók-szinkr. beáll.</text>
      <target FeatureID="true_44" href="MCE_HLP_SETT_SMAILBOX.html">Postafiók-szinkronizálási beállítások</target>
   </keywords>
   <keywords>
      <text FeatureID="true_44">e-mail szinkr. beáll.</text>
      <target FeatureID="true_44" href="MCE_HLP_SETT_SMAILBOX.html">Postafiók-szinkronizálási beállítások</target>
   </keywords>
   <keywords>
      <text FeatureID="-1">offline e-mail</text>
      <target FeatureID="-1" href="MCE_HLP_MAILBOX_OFFLINE.html">Offline e-mail</target>
   </keywords>
   <keywords>
      <text FeatureID="-1">csatlakozás postafiókhoz</text>
      <target FeatureID="-1" href="MCE_HLP_MAILBOX_ONLINE.html">Online e-mail</target>
   </keywords>
   <keywords>
      <text FeatureID="-1">e-mail online</text>
      <target FeatureID="-1" href="MCE_HLP_MAILBOX_ONLINE.html">Online e-mail</target>
   </keywords>
   <keywords>
      <text FeatureID="-1">online e-mail</text>
      <target FeatureID="-1" href="MCE_HLP_MAILBOX_ONLINE.html">Online e-mail</target>
   </keywords>
</keywords>