<?xml version="1.0" encoding="UTF-8"?>
<keywords>
   <keywords>
      <text FeatureID="-1">VPN (virtual private network)</text>
      <target FeatureID="-1" href="SET_HLP_VPN_LOG_VIEW.html">VPN-logg</target>
      <target FeatureID="-1" href="SET_HLP_VPN_CONFIG_MAIN.html">VPN-behandling</target>
   </keywords>
   <keywords>
      <text FeatureID="-1">VPN (virtuelt privat nettverk)</text>
      <target FeatureID="-1" href="SET_HLP_VPN_POLICY_VIEW.html">VPN-policyer</target>
      <target FeatureID="-1" href="SET_HLP_VPN_POLICY_SERVERS.html">VPN-policyservere</target>
      <target FeatureID="-1" href="SET_HLP_VPN_POLICY_SERVER_SET.html">VPN-server, innst.</target>
   </keywords>
</keywords>