<?xml version="1.0" encoding="UTF-8"?>
<keywords>
   <keywords>
      <text FeatureID="-1">erlojuak, alarmak</text>
      <target FeatureID="-1" href="CLK_HLP_ALARM_EDITOR.html">Alarmaren editorea</target>
      <target FeatureID="-1" href="CLK_HLP_REAL_TIME_CLOCK_IN.html">Erlojuaren ikuspegi nagusia</target>
   </keywords>
   <keywords>
      <text FeatureID="-1">erlojuaren alarma</text>
      <target FeatureID="-1" href="CLK_HLP_ALARM_EDITOR.html">Alarmaren editorea</target>
      <target FeatureID="-1" href="CLK_HLP_REAL_TIME_CLOCK_IN.html">Erlojuaren ikuspegi nagusia</target>
   </keywords>
   <keywords>
      <text FeatureID="-1">erlojuak</text>
      <target FeatureID="-1" href="CLK_HLP_CNTDWN.html">Atzera-kontaketa erlojua</target>
      <target FeatureID="-1" href="CLK_HLP_WRLD_CLK.html">Munduko erlojuak</target>
   </keywords>
   <keywords>
      <text FeatureID="-1">tenporizadoreak</text>
      <target FeatureID="-1" href="CLK_HLP_CNTDWN.html">Atzera-kontaketa erlojua</target>
   </keywords>
   <keywords>
      <text FeatureID="-1">data eta ordu ezarpenak</text>
      <target FeatureID="-1" href="CLK_HLP_SETTINGS.html">Data eta ordu ezarpenak</target>
   </keywords>
   <keywords>
      <text FeatureID="-1">erlojuaren ezarpenak</text>
      <target FeatureID="-1" href="CLK_HLP_SETTINGS.html">Data eta ordu ezarpenak</target>
   </keywords>
   <keywords>
      <text FeatureID="-1">erlojuak, ordu-zonak</text>
      <target FeatureID="-1" href="CLK_HLP_REAL_TIME_CLOCK_AN.html">Tokiko ordua</target>
   </keywords>
   <keywords>
      <text FeatureID="-1">bertako ordua eta ordu eremua</text>
      <target FeatureID="-1" href="CLK_HLP_REAL_TIME_CLOCK_AN.html">Tokiko ordua</target>
   </keywords>
   <keywords>
      <text FeatureID="-1">kronometroa</text>
      <target FeatureID="-1" href="CCLK_HLP_STPWTCH.html">Kronometroa</target>
   </keywords>
   <keywords>
      <text FeatureID="-1">hirietako erlojuak</text>
      <target FeatureID="-1" href="CLK_HLP_WRLD_CLK.html">Munduko erlojuak</target>
   </keywords>
   <keywords>
      <text FeatureID="-1">Munduko ordutegiak</text>
      <target FeatureID="-1" href="CLK_HLP_WRLD_CLK.html">Munduko erlojuak</target>
   </keywords>
</keywords>