<?xml version="1.0" encoding="UTF-8"?>
<keywords>
   <keywords>
      <text FeatureID="-1">证书</text>
      <target FeatureID="-1" href="AM_HLP_GENERAL_SETTINGS.html">证书设置</target>
   </keywords>
   <keywords>
      <text FeatureID="-1">设置, 证书</text>
      <target FeatureID="-1" href="AM_HLP_GENERAL_SETTINGS.html">证书设置</target>
   </keywords>
   <keywords>
      <text FeatureID="-1">安装应用程序</text>
      <target FeatureID="-1" href="AM_HLP_NOT_INSTALLED.html">安装文件</target>
      <target FeatureID="-1" href="AM_HLP_APPLICATION.html">管理应用程序</target>
   </keywords>
   <keywords>
      <text FeatureID="-1">应用程序</text>
      <target FeatureID="-1" href="AM_HLP_NOT_INSTALLED.html">安装文件</target>
      <target FeatureID="-1" href="AM_HLP_INSTALLED.html">已安装的应用程序</target>
   </keywords>
   <keywords>
      <text FeatureID="-1">安装软件</text>
      <target FeatureID="-1" href="AM_HLP_APPLICATION.html">管理应用程序</target>
   </keywords>
   <keywords>
      <text FeatureID="-1">许可请求</text>
      <target FeatureID="-1" href="AM_HLP_INSTALL_CAPAB.html">许可请求</target>
   </keywords>
   <keywords>
      <text FeatureID="-1">未授权安装</text>
      <target FeatureID="-1" href="AM_HLP_INSTALL_UNTRUSTED.html">未授权安装</target>
   </keywords>
</keywords>