<?xml version="1.0" encoding="UTF-8"?>
<keywords>
   <keywords>
      <text FeatureID="-1">themes</text>
      <target FeatureID="-1" href="SKINS_HLP_LIST.html">General themes</target>
      <target FeatureID="-1" href="SCREENSAVER_HLP_WP_SETTINGS.html">Slide show wallpaper settings</target>
      <target FeatureID="-1" href="SKINS_HLP_WP_SETTINGS.html">Wallpaper settings</target>
      <target FeatureID="true_1503" href="SKINS_HLP_CIMAGE_SETTINGS.html">Select call image</target>
      <target FeatureID="-1" href="SKINS_HLP_APPSHELL.html">Menu view settings</target>
      <target FeatureID="-1" href="SKINS_HLP_APP_MAIN.html">Customize display</target>
      <target FeatureID="-1" href="SKINS_HLP_APPSKINS_LIST.html">Application themes</target>
   </keywords>
   <keywords>
      <text FeatureID="-1">slide show wallpaper</text>
      <target FeatureID="-1" href="SCREENSAVER_HLP_WP_SETTINGS.html">Slide show wallpaper settings</target>
   </keywords>
   <keywords>
      <text FeatureID="-1">slide show settings</text>
      <target FeatureID="-1" href="SCREENSAVER_HLP_WP_SETTINGS.html">Slide show wallpaper settings</target>
   </keywords>
   <keywords>
      <text FeatureID="-1">wallpaper settings</text>
      <target FeatureID="-1" href="SKINS_HLP_WP_SETTINGS.html">Wallpaper settings</target>
   </keywords>
   <keywords>
      <text FeatureID="-1">background image</text>
      <target FeatureID="-1" href="SKINS_HLP_WP_SETTINGS.html">Wallpaper settings</target>
      <target FeatureID="-1" href="SKINS_HLP_APP_MAIN.html">Customize display</target>
   </keywords>
   <keywords>
      <text FeatureID="-1">screen saver</text>
      <target FeatureID="-1" href="SKINS_HLP_SCREENS_SETTINGS.html">Screen saver settings</target>
   </keywords>
   <keywords>
      <text FeatureID="true_1503">call image settings</text>
      <target FeatureID="true_1503" href="SKINS_HLP_CIMAGE_SETTINGS.html">Select call image</target>
   </keywords>
   <keywords>
      <text FeatureID="-1">menus</text>
      <target FeatureID="-1" href="SKINS_HLP_APPSHELL.html">Menu view settings</target>
   </keywords>
</keywords>