<?xml version="1.0" encoding="UTF-8"?><?xml-stylesheet  href="../../theme/xsl/index2html.xslt" type="text/xsl"?>
<topics FeatureID="-1" title="Telefoniraamat" compressed="true">
   <topicref FeatureID="-1" href="FDN_HLP_FDN_NUM_EDIT_VIEW.html" navtitle="Kontaktide muutmine"/>
   <topicref FeatureID="-1" href="FDN_HLP_FDN_NUMBER_VIEW.html" navtitle="Määratud numbritega kontaktid"/>
   <topicref FeatureID="-1" href="FDN_HLP_FDN_VIEW.html" navtitle="Kõnede piiramine"/>
   <topicref FeatureID="-1" href="SDN_HLP_APP.html" navtitle="Teenusenumbrid"/>
   <topicref FeatureID="-1" href="HLP_CCA_DETAILS.html" navtitle="Kontakti andmed"/>
   <topicref FeatureID="-1" href="HLP_CCA_EDITOR.html" navtitle="Kontaktikaartide muutmine"/>
   <topicref FeatureID="-1" href="HLP_CCA_LAUNCHER.html" navtitle="Kontaktikaardid"/>
   <topicref FeatureID="-1" href="PHOB_HLP_GROUP_LIST.html" navtitle="Kontaktigrupid"/>
   <topicref FeatureID="-1" href="PHOB_HLP_SIM_LIST.html" navtitle="SIM-kontaktide kaust"/>
   <topicref FeatureID="-1" href="PHOB_HLP_MY_NUMBERS.html" navtitle="Minu numbrid"/>
   <topicref FeatureID="-1" href="PHOB_HLP_GROUP_MEMBER_LIST.html" navtitle="Grupiliikmed"/>
   <topicref FeatureID="-1" href="PHOB_HLP_SETTINGS.html" navtitle="Kontaktide seaded"/>
   <topicref FeatureID="-1" href="PHOB_HLP_NAME_LIST.html" navtitle="Kontaktikataloog"/>
</topics>