<?xml version="1.0" encoding="UTF-8"?>
<keywords>
   <keywords>
      <text FeatureID="-1">contact groups</text>
      <target FeatureID="-1" href="PHOB_HLP_GROUP_LIST.html">Contact groups</target>
   </keywords>
   <keywords>
      <text FeatureID="-1">SIM-kontaktid</text>
      <target FeatureID="-1" href="PHOB_HLP_SIM_LIST.html">SIM-kontaktide kaust</target>
      <target FeatureID="-1" href="PHOB_HLP_SIM_INFO_VIEW.html">SIM-i kontaktikaardid</target>
   </keywords>
   <keywords>
      <text FeatureID="-1">SIM-kaardi number</text>
      <target FeatureID="-1" href="PHOB_HLP_MY_NUMBERS.html">Minu numbrid</target>
   </keywords>
   <keywords>
      <text FeatureID="-1">kontaktigrupid</text>
      <target FeatureID="-1" href="PHOB_HLP_GROUP_MEMBER_LIST.html">Grupiliikmed</target>
   </keywords>
   <keywords>
      <text FeatureID="-1">nimede järjestus rakenduses Kontaktid</text>
      <target FeatureID="-1" href="PHOB_HLP_SETTINGS.html">Kontaktide seaded</target>
   </keywords>
   <keywords>
      <text FeatureID="-1">kontaktide mälu</text>
      <target FeatureID="-1" href="PHOB_HLP_SETTINGS.html">Kontaktide seaded</target>
   </keywords>
   <keywords>
      <text FeatureID="-1">vaikemälu</text>
      <target FeatureID="-1" href="PHOB_HLP_SETTINGS.html">Kontaktide seaded</target>
   </keywords>
   <keywords>
      <text FeatureID="-1">kontaktikataloog</text>
      <target FeatureID="-1" href="PHOB_HLP_NAME_LIST.html">Kontaktiloend</target>
   </keywords>
   <keywords>
      <text FeatureID="-1">kontaktandmed</text>
      <target FeatureID="-1" href="PHOB_HLP_NAME_LIST.html">Kontaktiloend</target>
   </keywords>
   <keywords>
      <text FeatureID="-1">telefoniraamat</text>
      <target FeatureID="-1" href="PHOB_HLP_NAME_LIST.html">Kontaktiloend</target>
   </keywords>
   <keywords>
      <text FeatureID="-1">kontaktid</text>
      <target FeatureID="-1" href="RLOOK_HLP_INFO_VIEW.html">Leitud kontaktkirje haldamine</target>
   </keywords>
   <keywords>
      <text FeatureID="-1">kontaktikaardid</text>
      <target FeatureID="-1" href="PHOB_HLP_CONTACT_INFO_VIEW.html">Kontaktikaardid</target>
      <target FeatureID="-1" href="PHOB_HLP_EDIT_ENTRY.html">Kontaktikaartide muutmine</target>
   </keywords>
   <keywords>
      <text FeatureID="-1">telefoniraamatu andmed</text>
      <target FeatureID="-1" href="PHOB_HLP_CONTACT_INFO_VIEW.html">Kontaktikaardid</target>
   </keywords>
   <keywords>
      <text FeatureID="-1">määratud numbrid</text>
      <target FeatureID="-1" href="FDN_HLP_FDN_NUMBER_VIEW.html">Määratud numbritega kontaktid</target>
      <target FeatureID="-1" href="FDN_HLP_FDN_VIEW.html">Kõnede piiramine</target>
   </keywords>
   <keywords>
      <text FeatureID="-1">kõnede piiramine</text>
      <target FeatureID="-1" href="FDN_HLP_FDN_VIEW.html">Kõnede piiramine</target>
   </keywords>
   <keywords>
      <text FeatureID="-1">teenusenumbrid</text>
      <target FeatureID="-1" href="SDN_HLP_APP.html">Teenusenumbrid</target>
   </keywords>
   <keywords>
      <text FeatureID="-1">SIM-i teenusenumbrid</text>
      <target FeatureID="-1" href="SDN_HLP_APP.html">Teenusenumbrid</target>
   </keywords>
   <keywords>
      <text FeatureID="-1">teenusenumbrid SIM-il</text>
      <target FeatureID="-1" href="SDN_HLP_APP.html">Teenusenumbrid</target>
   </keywords>
   <keywords>
      <text FeatureID="-1">SIM-kaart</text>
      <target FeatureID="-1" href="PHOB_HLP_SIM_INFO_VIEW.html">SIM-i kontaktikaardid</target>
   </keywords>
</keywords>