<?xml version="1.0" encoding="UTF-8"?>
<keywords>
   <keywords>
      <text FeatureID="-1">kuvien muokkaus</text>
      <target FeatureID="-1" href="SIE_HLP_MAIN.html">Kuvien muokkaus</target>
   </keywords>
   <keywords>
      <text FeatureID="-1">tekstin muokkaus</text>
      <target FeatureID="-1" href="SIE_HLP_EDIT_TEXT.html">Tekstin muokkaus kuvissa</target>
   </keywords>
   <keywords>
      <text FeatureID="-1">kuvanmuokkausohjelma</text>
      <target FeatureID="-1" href="SIE_HLP_EDIT_TEXT.html">Tekstin muokkaus kuvissa</target>
   </keywords>
   <keywords>
      <text FeatureID="-1">zoomattujen kuvien muokkaus</text>
      <target FeatureID="-1" href="SIE_HLP_ZOOMING.html">Zoomattujen kuvien muokkaus</target>
   </keywords>
   <keywords>
      <text FeatureID="-1">kuvien zoomaus</text>
      <target FeatureID="-1" href="SIE_HLP_ZOOMING.html">Zoomattujen kuvien muokkaus</target>
   </keywords>
   <keywords>
      <text FeatureID="-1">leikekuvan muokkaus</text>
      <target FeatureID="-1" href="SIE_HLP_EDIT_CLIPART.html">Leikekuvan muokkaus</target>
   </keywords>
   <keywords>
      <text FeatureID="-1">puhekuplien muokkaus</text>
      <target FeatureID="-1" href="SIE_HLP_EDIT_CLIPART.html">Leikekuvan muokkaus</target>
   </keywords>
   <keywords>
      <text FeatureID="-1">punasilmäisyyden poisto</text>
      <target FeatureID="-1" href="SIE_HLP_REDEYE.html">Punasilmäisyyden poisto</target>
   </keywords>
</keywords>