<?xml version="1.0" encoding="UTF-8"?>
<keywords>
   <keywords>
      <text FeatureID="-1">agenda</text>
      <target FeatureID="-1" href="CALE_HLP_NOTE_VIEWER.html">Entradas da Agenda</target>
      <target FeatureID="-1" href="CALE_HLP_NOTE_MEETING.html">Entradas de reunião</target>
      <target FeatureID="-1" href="CALE_HLP_TODO_NOTE.html">Entradas de tarefas</target>
      <target FeatureID="-1" href="CALE_HLP_CALENDAR_DATABASE_SETTINGS.html">Várias definições da agenda</target>
      <target FeatureID="-1" href="CALE_HLP_CALE_MAN_VIEW.html">Vista da gestão das agendas</target>
      <target FeatureID="-1" href="CALE_HLP_ATTACH_VIEW.html">Ver anexos</target>
      <target FeatureID="-1" href="CALE_HLP_MAV.html">Vista de alarmes perdidos</target>
   </keywords>
   <keywords>
      <text FeatureID="-1">reuniões</text>
      <target FeatureID="-1" href="CALE_HLP_NOTE_VIEWER.html">Entradas da Agenda</target>
      <target FeatureID="-1" href="CALE_HLP_NOTE_MEETING.html">Entradas de reunião</target>
   </keywords>
   <keywords>
      <text FeatureID="-1">notas de tarefas</text>
      <target FeatureID="-1" href="CALE_HLP_NOTE_VIEWER.html">Entradas da Agenda</target>
      <target FeatureID="-1" href="CALE_HLP_TODO_NOTE.html">Entradas de tarefas</target>
   </keywords>
   <keywords>
      <text FeatureID="-1">definições da agenda</text>
      <target FeatureID="-1" href="CALE_HLP_SETTINGS.html">Definições da Agenda</target>
   </keywords>
   <keywords>
      <text FeatureID="-1">Agenda</text>
      <target FeatureID="-1" href="CALE_HLP_DAY_VIEW.html">Vista diária</target>
      <target FeatureID="-1" href="CALE_HLP_MONTH_VIEW.html">Vista mensal</target>
      <target FeatureID="-1" href="CALE_HLP_TODO_VIEW.html">Vista de tarefas</target>
      <target FeatureID="-1" href="CALE_HLP_WEEK_VIEW.html">Vista semanal</target>
   </keywords>
   <keywords>
      <text FeatureID="-1">lista de tarefas</text>
      <target FeatureID="-1" href="CALE_HLP_TODO_VIEW.html">Vista de tarefas</target>
   </keywords>
   <keywords>
      <text FeatureID="-1">definições, agenda</text>
      <target FeatureID="-1" href="CALE_HLP_CALENDAR_DATABASE_SETTINGS.html">Várias definições da agenda</target>
   </keywords>
   <keywords>
      <text FeatureID="-1">anexos</text>
      <target FeatureID="-1" href="CALE_HLP_ATTACH_VIEW.html">Ver anexos</target>
   </keywords>
   <keywords>
      <text FeatureID="-1">alarmes, nota de agenda</text>
      <target FeatureID="-1" href="CALE_HLP_MAV.html">Vista de alarmes perdidos</target>
   </keywords>
</keywords>