<?xml version="1.0" encoding="UTF-8"?>
<keywords>
   <keywords>
      <text FeatureID="-1">Quickoffice, مدیر پرونده</text>
      <target FeatureID="-1" href="QFM_HLP_FILE_MENU.html">مدیر پرونده</target>
   </keywords>
   <keywords>
      <text FeatureID="-1">Quickoffice</text>
      <target FeatureID="-1" href="QFM_HLP_LOC_MENU.html">Quickoffice</target>
   </keywords>
   <keywords>
      <text FeatureID="-1">Quickpoint</text>
      <target FeatureID="-1" href="QPOINT_HLP_EDIT_SLIDE_VIEW.html">ویرایش اسلایدها</target>
      <target FeatureID="-1" href="QPOINT_HLP_REPLACE_VIEW.html">یافتن و جایگزین کردن متن</target>
      <target FeatureID="-1" href="QPOINT_HLP_FIND_VIEW.html">یافتن متن</target>
      <target FeatureID="-1" href="QPOINT_HLP_VIEW_SLIDE_VIEW.html">مشاهده اسلاید</target>
   </keywords>
   <keywords>
      <text FeatureID="-1">Quickpoint, متن</text>
      <target FeatureID="-1" href="QPOINT_HLP_EDIT_TEXT_VIEW.html">ویرایش متن</target>
   </keywords>
   <keywords>
      <text FeatureID="-1">Quickpoint, نظرات</text>
      <target FeatureID="-1" href="QPOINT_HLP_COMMENT_VIEW.html">مشاهده نظرات</target>
   </keywords>
   <keywords>
      <text FeatureID="-1">Quickpoint, یادداشت ها</text>
      <target FeatureID="-1" href="QPOINT_HLP_VIEW_NOTES_VIEW.html">مشاهده یادداشت</target>
   </keywords>
   <keywords>
      <text FeatureID="-1">Quickpoint, طرح کلی</text>
      <target FeatureID="-1" href="QPOINT_HLP_VIEW_OUTLINE_VIEW.html">مشاهده طرح کلی</target>
   </keywords>
   <keywords>
      <text FeatureID="-1">Quicksheet, خانه ها</text>
      <target FeatureID="-1" href="QSHEET_HLP_CELLS_EDIT.html">ویرایش سلولها</target>
      <target FeatureID="-1" href="QSHEET_HLP_VIEW_CELL.html">مشاهده خانه ها</target>
   </keywords>
   <keywords>
      <text FeatureID="-1">Quicksheet, ستونها</text>
      <target FeatureID="-1" href="QSHEET_HLP_EDIT_COLUMN.html">ویرایش ستونها</target>
   </keywords>
   <keywords>
      <text FeatureID="-1">Quicksheet, دامنه ها</text>
      <target FeatureID="-1" href="QSHEET_HLP_EDIT_RANGE.html">ویرایش دامنه ها</target>
   </keywords>
   <keywords>
      <text FeatureID="-1">Quicksheet, ردیفها</text>
      <target FeatureID="-1" href="QSHEET_HLP_EDIT_ROW.html">ویرایش ردیفها</target>
   </keywords>
   <keywords>
      <text FeatureID="-1">Quicksheet</text>
      <target FeatureID="-1" href="QSHEET_HLP_REPLACE_VIEW.html">یافتن و جایگزین کردن متن</target>
      <target FeatureID="-1" href="QSHEET_HLP_FIND_VIEW.html">یافتن متن</target>
      <target FeatureID="-1" href="QSHEET_HLP_CELLS_VIEW.html">مشاهده صفحات گسترده</target>
   </keywords>
   <keywords>
      <text FeatureID="-1">Quickword</text>
      <target FeatureID="-1" href="QWORD_HLP_EDIT_MODE.html">ویرایش اسناد</target>
      <target FeatureID="-1" href="QWORD_HLP_FIND_MODE.html">یافتن و جایگزین کردن متن</target>
      <target FeatureID="-1" href="QWORD_HLP_VIEW_MODE.html">مشاهده سند</target>
      <target FeatureID="-1" href="QWORD_HLP_PAGE_VIEW.html">مشاهده طرح صفحه</target>
   </keywords>
</keywords>