<?xml version="1.0" encoding="UTF-8"?>
<keywords>
   <keywords>
      <text FeatureID="-1">Anniversario, voci</text>
      <target FeatureID="-1" href="FSCA_HLP_ANNIVERSARY_EDITOR.html">Creazione di voci anniversario</target>
   </keywords>
   <keywords>
      <text FeatureID="-1">riunione, voci, creazione</text>
      <target FeatureID="-1" href="FSCA_HLP_CALE_MEETING_EDITOR.html">Creazione voci Riunione</target>
   </keywords>
   <keywords>
      <text FeatureID="-1">memo, voci, creazione</text>
      <target FeatureID="-1" href="FSCA_HLP_MEMO_EDITOR.html">Creazione di voci memo</target>
   </keywords>
   <keywords>
      <text FeatureID="-1">voci Impegni, creazione</text>
      <target FeatureID="-1" href="FSCA_HLP_TODO_EDITOR.html">Creazione di voci impegno</target>
   </keywords>
   <keywords>
      <text FeatureID="-1">riunione, voci, modifica</text>
      <target FeatureID="-1" href="FSCA_HLP_CALE_MEETING_VIEWER.html">Modifica delle voci riunione</target>
   </keywords>
   <keywords>
      <text FeatureID="-1">memo, voci, modifica</text>
      <target FeatureID="-1" href="FSCA_HLP_MEMO_VIEWER.html">Modifica delle voci memo</target>
   </keywords>
   <keywords>
      <text FeatureID="-1">voci Impegni, modifica</text>
      <target FeatureID="-1" href="FSCA_HLP_TODO_VIEWER.html">Modifica delle voci impegno</target>
   </keywords>
   <keywords>
      <text FeatureID="-1">voci anniversario, visualizzazione</text>
      <target FeatureID="-1" href="FSCA_HLP_ANNI_VIEWER.html">Modifica delle voci anniversario</target>
   </keywords>
   <keywords>
      <text FeatureID="-1">richieste di riunione</text>
      <target FeatureID="-1" href="FSCA_HLP_RESPONSE_EDITOR.html">Modifica della risposta</target>
      <target FeatureID="-1" href="FSCA_HLP_VIEWER_ORGANIZER.html">Gestione delle richieste di riunione</target>
      <target FeatureID="-1" href="MEET_REQ_HLP_EDITOR.html">Richieste di riunione ricevute</target>
      <target FeatureID="-1" href="FSCA_HLP_VIEWER.html">Risposta a una richiesta di riunione</target>
      <target FeatureID="-1" href="FS_VIEWER_HLP_MEETING_REQ_VIEW.html">Risposta a una richiesta di riunione</target>
   </keywords>
   <keywords>
      <text FeatureID="-1">rubrica</text>
      <target FeatureID="-1" href="RLOOK_HLP_INFO_VIEW.html">Gestione dei nominativi trovati</target>
   </keywords>
   <keywords>
      <text FeatureID="-1">rubrica, ricerca</text>
      <target FeatureID="-1" href="RLOOK_HLP_RESULT_VIEW.html">Risultati ricerca</target>
   </keywords>
   <keywords>
      <text FeatureID="-1">e-mail, allegati</text>
      <target FeatureID="-1" href="FSE_HLP_ATTACHMENT_LIST_EDITOR.html">Aggiunta di allegati</target>
      <target FeatureID="-1" href="FSE_HLP_ATTACHMENT_DOWNLOAD.html">Visualizzazione download degli allegati</target>
   </keywords>
   <keywords>
      <text FeatureID="-1">e-mail eliminata</text>
      <target FeatureID="-1" href="FSE_HLP_MESSAGE_LIST_DELETED.html">Messaggi e-mail eliminati</target>
   </keywords>
   <keywords>
      <text FeatureID="-1">e-mail, download allegati</text>
      <target FeatureID="-1" href="FSE_HLP_ATTACHMENT_LIST.html">Download di allegati</target>
   </keywords>
   <keywords>
      <text FeatureID="-1">e-mail, bozza</text>
      <target FeatureID="-1" href="FSE_HLP_MESSAGE_LIST_DRAFTS.html">Bozze di messaggi e-mail</target>
   </keywords>
   <keywords>
      <text FeatureID="-1">Nokia E-mail</text>
      <target FeatureID="-1" href="FSE_HLP_LAUNCHER_GRID.html">Nokia E-mail</target>
   </keywords>
   <keywords>
      <text FeatureID="-1">e-mail</text>
      <target FeatureID="-1" href="FSE_HLP_LAUNCHER_GRID.html">Nokia E-mail</target>
   </keywords>
   <keywords>
      <text FeatureID="-1">e-mail, cartelle</text>
      <target FeatureID="-1" href="FSE_HLP_FOLDER_LIST.html">Cart. e-mail</target>
      <target FeatureID="-1" href="FSE_HLP_SETT_IMAP_SUBSCR.html">Sottoscrizione delle cartelle</target>
      <target FeatureID="-1" href="FSE_HLP_MESSAGE_LIST_INBOX.html">Utilizzo delle cartelle e-mail</target>
   </keywords>
   <keywords>
      <text FeatureID="-1">e-mail, impostazioni</text>
      <target FeatureID="-1" href="FSE_HLP_LAUNCHER_SETTINGS.html">Impostazioni e-mail generali</target>
      <target FeatureID="-1" href="FSE_HLP_POP_IMAP_SETT_MAIN.html">Impostazioni e-mail</target>
      <target FeatureID="-1" href="FSE_HLP_MFE_SETTINGS_MAIN_VIEW.html">Impostazioni e-mail</target>
      <target FeatureID="-1" href="FSE_HLP_SETT.html">Impostazioni</target>
   </keywords>
   <keywords>
      <text FeatureID="-1">e-mail, impostazioni globali</text>
      <target FeatureID="-1" href="FSE_HLP_SETTINGS_GLOBAL.html">Impostazioni globali e-mail</target>
   </keywords>
   <keywords>
      <text FeatureID="-1">e-mail, HTML</text>
      <target FeatureID="-1" href="FS_VIEWER_HLP_HTML_VIEW.html">E-mail formattate in HTML</target>
   </keywords>
   <keywords>
      <text FeatureID="-1">e-mail, impostazioni avanzate</text>
      <target FeatureID="-1" href="FSE_HLP_POP_IMAP_SETT_ADV.html">Impostazioni e-mail avanzate</target>
   </keywords>
   <keywords>
      <text FeatureID="-1">impostazioni per le e-mail in arrivo</text>
      <target FeatureID="-1" href="FSE_HLP_POP_IMAP_SETT_INCOMING.html">Impostazioni per le e-mail in arrivo</target>
   </keywords>
   <keywords>
      <text FeatureID="-1">impostazioni per le e-mail in uscita</text>
      <target FeatureID="-1" href="FSE_HLP_POP_IMAP_SETT_OUTGOING.html">Impostazioni per le e-mail in uscita</target>
   </keywords>
   <keywords>
      <text FeatureID="-1">e-mail, sincronizzazione</text>
      <target FeatureID="-1" href="FSE_HLP_POP_IMAP_SETT_WHAT.html">Selezione del contenuto della sincronizzazione</target>
      <target FeatureID="-1" href="FSE_HLP_SYNC_SETT.html">Impostazioni di sincronizzazione</target>
   </keywords>
   <keywords>
      <text FeatureID="-1">e-mail, ora sincronizzazione</text>
      <target FeatureID="-1" href="FSE_HLP_POP_IMAP_SETT_WHEN.html">Selezione dell'ora di sincronizzazione</target>
      <target FeatureID="-1" href="FSE_HLP_MFE_SETTINGS_WHEN_SYNC.html">Scelta dell'ora di sincronizzazione</target>
      <target FeatureID="-1" href="FSE_HLP_SETTINGS_WHEN_SYNC.html">Ora sincronizzazione</target>
   </keywords>
   <keywords>
      <text FeatureID="-1">Mail for Exchange</text>
      <target FeatureID="-1" href="FSE_HLP_MFE_LAUNCHER_MAIN_VIEW.html">E-mail di Mail for Exchange</target>
   </keywords>
   <keywords>
      <text FeatureID="-1">e-mail, dettagli</text>
      <target FeatureID="-1" href="FS_VIEWER_HLP_DETAILS_VIEW.html">Dettagli messaggio</target>
   </keywords>
   <keywords>
      <text FeatureID="-1">impostazioni avanzate della casella e-mail</text>
      <target FeatureID="-1" href="FSE_HLP_MFE_SETTINGS_ADVANCED.html">Impostazioni avanzate della casella e-mail</target>
   </keywords>
   <keywords>
      <text FeatureID="-1">e-mail, impostazione sincronizzazione</text>
      <target FeatureID="-1" href="FSE_HLP_MFE_SETTINGS_PIM_APPS.html">Impostazioni avanzate di sincronizzazione</target>
   </keywords>
   <keywords>
      <text FeatureID="-1">agenda, sincronizzazione</text>
      <target FeatureID="-1" href="FSE_HLP_MFE_CALENDAR_APP.html">Impostazioni di sincronizzazione dell'Agenda</target>
   </keywords>
   <keywords>
      <text FeatureID="-1">rubrica, sincronizzazione,</text>
      <target FeatureID="-1" href="FSE_HLP_MFE_CONTACTS_APP.html">Impostazioni di sincronizzazione della Rubrica</target>
   </keywords>
   <keywords>
      <text FeatureID="-1">cas. e-mail, impostazioni</text>
      <target FeatureID="-1" href="FSE_HLP_MFE_SETTINGS_MAILBOX.html">Impostazioni generali della casella e-mail</target>
   </keywords>
   <keywords>
      <text FeatureID="-1">e-mail, contenuto sincronizzazione</text>
      <target FeatureID="-1" href="FSE_HLP_MFE_SETTINGS_WHAT_SYNC.html">Scelta del contenuto della sincronizzazione</target>
   </keywords>
   <keywords>
      <text FeatureID="-1">e-mail, sincronizzazione cartelle</text>
      <target FeatureID="-1" href="FSE_HLP_MFE_SETTINGS_FOLDER.html">Impostazioni per la sincronizzazione</target>
   </keywords>
   <keywords>
      <text FeatureID="-1">impegni, sincronizzazione</text>
      <target FeatureID="-1" href="FSE_HLP_MFE_TASKS_APP.html">Impostazioni di sincronizzazione degli impegni</target>
   </keywords>
   <keywords>
      <text FeatureID="-1">e-mail, nessun messaggio</text>
      <target FeatureID="-1" href="FSE_HLP_MESSAGE_LIST_EMPTY.html">Nessun messaggio</target>
   </keywords>
   <keywords>
      <text FeatureID="-1">e-mail in uscita</text>
      <target FeatureID="-1" href="FSE_HLP_MESSAGE_LIST_OUTBOX.html">Cartella In uscita</target>
   </keywords>
   <keywords>
      <text FeatureID="-1">e-mail, ricerca</text>
      <target FeatureID="-1" href="FSE_HLP_MESSAGE_LIST_SEARCHING.html">Ricerca dei messaggi e-mail</target>
   </keywords>
   <keywords>
      <text FeatureID="-1">e-mail, risultati ricerca</text>
      <target FeatureID="-1" href="FSE_HLP_MESSAGE_LIST_SEARCHED.html">Risultati della ricerca</target>
   </keywords>
   <keywords>
      <text FeatureID="-1">e-mail, invio</text>
      <target FeatureID="-1" href="FS_EDITOR_HLP_MAIN_VIEW.html">Invio delle e-mail</target>
   </keywords>
   <keywords>
      <text FeatureID="-1">servizio PIM</text>
      <target FeatureID="-1" href="FSE_HLP_SETTINGS_PIM_VIEW.html">Servizio PIM</target>
   </keywords>
   <keywords>
      <text FeatureID="-1">applicazioni, sincronizzazione</text>
      <target FeatureID="-1" href="FSE_HLP_SETTINGS_APPLICATIONS.html">Sincronizzazione delle applicazioni</target>
   </keywords>
   <keywords>
      <text FeatureID="-1">e-mail ricevute</text>
      <target FeatureID="-1" href="FS_VIEWER_HLP_MAIN_VIEW.html">Gestione delle e-mail ricevute</target>
   </keywords>
   <keywords>
      <text FeatureID="-1">e-mail, impostazioni account</text>
      <target FeatureID="-1" href="FSE_HLP_ACCT_INFO.html">Impostazioni dell'account e-mail</target>
   </keywords>
</keywords>