<?xml version="1.0" encoding="UTF-8"?>
<keywords>
   <keywords>
      <text FeatureID="-1">kõnepostkast</text>
      <target FeatureID="-1" href="SMSVO_HLP_MAIN_VIEW.html">Kõnepostkast</target>
      <target FeatureID="true_298" href="SMSVO_HLP_CS_VIDEO_AND_XSP_VOIP.html">Kõne-, videokõne- ja Interneti-kõnede postkast</target>
   </keywords>
   <keywords>
      <text FeatureID="-1">automaatvastaja</text>
      <target FeatureID="-1" href="SMSVO_HLP_MAIN_VIEW.html">Kõnepostkast</target>
      <target FeatureID="true_89" href="SMSVO_HLP_CS_AND_VIDEO.html">Kõne- ja videokõnepostkast</target>
      <target FeatureID="true_298" href="SMSVO_HLP_CS_VIDEO_AND_XSP_VOIP.html">Kõne-, videokõne- ja Interneti-kõnede postkast</target>
   </keywords>
   <keywords>
      <text FeatureID="true_89">videokõnepostkast</text>
      <target FeatureID="true_89" href="SMSVO_HLP_CS_AND_VIDEO.html">Kõne- ja videokõnepostkast</target>
   </keywords>
   <keywords>
      <text FeatureID="true_298">Interneti-kõnede postkast</text>
      <target FeatureID="true_298" href="SMSVO_HLP_CS_VIDEO_AND_XSP_VOIP.html">Kõne-, videokõne- ja Interneti-kõnede postkast</target>
   </keywords>
</keywords>