<?xml version="1.0" encoding="UTF-8"?>
<keywords>
   <keywords>
      <text FeatureID="-1">ustawienia poczty e-mail</text>
      <target FeatureID="-1" href="MBXS_HLP_SETT_DOWNL_CTRL.html">Ustawienia pobierania poczty e-mail</target>
      <target FeatureID="-1" href="MBXS_HLP_SETT_DOWNL_RETR.html">Limit pobierania wiadomości e-mail</target>
      <target FeatureID="-1" href="MBXS_HLP_SETT_MBX_IN.html">Ustawienia poczty przychodzącej</target>
      <target FeatureID="-1" href="MBXS_HLP_SETT_MBX_IN_OUT.html">Ustawienia połączeń</target>
      <target FeatureID="-1" href="MBXS_HLP_SETT_MBX_OUT.html">Ustawienia poczty wychodzącej</target>
      <target FeatureID="-1" href="MCE_HLP_SETTINGS_EMAIL.html">Ustawienia poczty e-mail</target>
      <target FeatureID="-1" href="MCE_HLP_SETT_EMAILMAIN.html">Edytowanie skrzynek pocztowych</target>
      <target FeatureID="-1" href="MCE_HLP_SETT_MAILBLIST.html">Skrzynki pocztowe</target>
      <target FeatureID="-1" href="MCE_HLP_SETT_MAILFOLDER_UPD.html">Foldery skrzynki pocztowej</target>
      <target FeatureID="true_1633" href="MCE_HLP_SETT_MAIL_ONLI.html">Automatyczne pobieranie</target>
   </keywords>
   <keywords>
      <text FeatureID="-1">ust. skrz. pocztowych</text>
      <target FeatureID="-1" href="MCE_HLP_SETT_EMAILMAIN.html">Edytowanie skrzynek pocztowych</target>
   </keywords>
   <keywords>
      <text FeatureID="-1">skrzynka pocztowa</text>
      <target FeatureID="-1" href="MCE_HLP_SETT_MAILBLIST.html">Skrzynki pocztowe</target>
      <target FeatureID="-1" href="MCE_HLP_MAILBOX_ONLINE.html">Poczta e-mail w trybie online</target>
   </keywords>
   <keywords>
      <text FeatureID="-1">foldery skrz. pocztowej</text>
      <target FeatureID="-1" href="MCE_HLP_SETT_MAILFOLDER_UPD.html">Foldery skrzynki pocztowej</target>
   </keywords>
   <keywords>
      <text FeatureID="-1">ustawienia użytkownika</text>
      <target FeatureID="-1" href="MCE_HLP_SETT_MAIL_USER.html">Ustawienia użytkownika</target>
   </keywords>
   <keywords>
      <text FeatureID="true_44">ustawienia synchronizacji skrzynek pocztowych</text>
      <target FeatureID="true_44" href="MCE_HLP_SETT_SMAILBOX.html">Ustawienia synchronizacji skrzynek pocztowych</target>
   </keywords>
   <keywords>
      <text FeatureID="true_44">ustawienia synchronizacji poczty e-mail</text>
      <target FeatureID="true_44" href="MCE_HLP_SETT_SMAILBOX.html">Ustawienia synchronizacji skrzynek pocztowych</target>
   </keywords>
   <keywords>
      <text FeatureID="-1">e-mail, offline</text>
      <target FeatureID="-1" href="MCE_HLP_MAILBOX_OFFLINE.html">Poczta e-mail w trybie offline</target>
   </keywords>
   <keywords>
      <text FeatureID="-1">łączenie ze skrzynką pocztową</text>
      <target FeatureID="-1" href="MCE_HLP_MAILBOX_ONLINE.html">Poczta e-mail w trybie online</target>
   </keywords>
   <keywords>
      <text FeatureID="-1">online, e-mail</text>
      <target FeatureID="-1" href="MCE_HLP_MAILBOX_ONLINE.html">Poczta e-mail w trybie online</target>
   </keywords>
   <keywords>
      <text FeatureID="-1">e-mail online</text>
      <target FeatureID="-1" href="MCE_HLP_MAILBOX_ONLINE.html">Poczta e-mail w trybie online</target>
   </keywords>
</keywords>