<?xml version="1.0" encoding="UTF-8"?>
<keywords>
   <keywords>
      <text FeatureID="-1">mga setting ng e-mail account</text>
      <target FeatureID="-1" href="FSE_HLP_IMS_SETTINGS_ACCT_INFO.html">Mga setting ng e-mail account</target>
   </keywords>
   <keywords>
      <text FeatureID="-1">mga advanced na setting ng mailbox</text>
      <target FeatureID="-1" href="FSE_HLP_IMS_SETTINGS_ADVANCED.html">Mga abansadong setting ng mailbox</target>
   </keywords>
   <keywords>
      <text FeatureID="-1">mga setting ng mailbox</text>
      <target FeatureID="-1" href="FSE_HLP_IMS_SETTINGS_MAILBOX.html">Mga setting ng mailbox</target>
   </keywords>
   <keywords>
      <text FeatureID="-1">nilalaman ng pagsi-synchronize ng e-mail</text>
      <target FeatureID="-1" href="FSE_HLP_IMS_SETTINGS_WHAT_SYNC.html">Tukuyin ang nilalaman ng sync</target>
   </keywords>
   <keywords>
      <text FeatureID="-1">oras ng pagsi-synchronize ng e-mail</text>
      <target FeatureID="-1" href="FSE_HLP_IMS_SETTINGS_WHEN_SYNC.html">Tukuyin ang oras ng sync</target>
   </keywords>
   <keywords>
      <text FeatureID="-1">pagsi-synchronize ng folder ng e-mail</text>
      <target FeatureID="-1" href="FSE_HLP_IMS_SETTINGS_FOLDER.html">Ipareho ang mga folder ng e-mail</target>
   </keywords>
   <keywords>
      <text FeatureID="-1">mga setting ng serbisyo ng e-mail</text>
      <target FeatureID="-1" href="FSE_HLP_SETTINGS_INTELL_LIST.html">Mga setting ng serbisyo para sa e-mail</target>
   </keywords>
   <keywords>
      <text FeatureID="-1">mga setting ng e-mail</text>
      <target FeatureID="-1" href="FSE_HLP_IMS_SETTINGS_MAIN_VIEW.html">Mga setting ng e-mail</target>
   </keywords>
   <keywords>
      <text FeatureID="-1">Intellisync</text>
      <target FeatureID="-1" href="FSE_HLP_IMS_LAUNCHER_MAIN_VIEW.html">Intellisync na e-mail</target>
   </keywords>
</keywords>