<?xml version="1.0" encoding="UTF-8"?>
<keywords>
   <keywords>
      <text FeatureID="-1">témy</text>
      <target FeatureID="-1" href="SKINS_HLP_LIST.html">Základné témy</target>
      <target FeatureID="-1" href="SCREENSAVER_HLP_WP_SETTINGS.html">Nastavenia tapety s prehliadkou obrázkov</target>
      <target FeatureID="-1" href="SKINS_HLP_WP_SETTINGS.html">Nastavenia tapety</target>
      <target FeatureID="true_1503" href="SKINS_HLP_CIMAGE_SETTINGS.html">Voľba snímky hovoru</target>
      <target FeatureID="-1" href="SKINS_HLP_APPSHELL.html">Nastavenia vzhľadu Menu</target>
      <target FeatureID="-1" href="SKINS_HLP_IDLE.html">Nastavenia domácej obrazovky</target>
      <target FeatureID="-1" href="SKINS_HLP_APP_MAIN.html">Prispôsobenie displeja</target>
      <target FeatureID="-1" href="SKINS_HLP_APPSKINS_LIST.html">Témy aplikácií</target>
   </keywords>
   <keywords>
      <text FeatureID="-1">tapeta s prehliadkou obrázkov</text>
      <target FeatureID="-1" href="SCREENSAVER_HLP_WP_SETTINGS.html">Nastavenia tapety s prehliadkou obrázkov</target>
   </keywords>
   <keywords>
      <text FeatureID="-1">nastavenia prehliadky obrázkov</text>
      <target FeatureID="-1" href="SCREENSAVER_HLP_WP_SETTINGS.html">Nastavenia tapety s prehliadkou obrázkov</target>
   </keywords>
   <keywords>
      <text FeatureID="-1">nastavenia tapety</text>
      <target FeatureID="-1" href="SKINS_HLP_WP_SETTINGS.html">Nastavenia tapety</target>
   </keywords>
   <keywords>
      <text FeatureID="-1">snímka pre výplň pozadia</text>
      <target FeatureID="-1" href="SKINS_HLP_WP_SETTINGS.html">Nastavenia tapety</target>
   </keywords>
   <keywords>
      <text FeatureID="-1">šetrič displeja</text>
      <target FeatureID="-1" href="SKINS_HLP_SCREENS_SETTINGS.html">Nastavenia šetriča displeja</target>
   </keywords>
   <keywords>
      <text FeatureID="true_1503">nastavenia snímky hovoru</text>
      <target FeatureID="true_1503" href="SKINS_HLP_CIMAGE_SETTINGS.html">Voľba snímky hovoru</target>
   </keywords>
   <keywords>
      <text FeatureID="-1">menu</text>
      <target FeatureID="-1" href="SKINS_HLP_APPSHELL.html">Nastavenia vzhľadu Menu</target>
   </keywords>
   <keywords>
      <text FeatureID="-1">nastavenia, hlavný displej</text>
      <target FeatureID="-1" href="SKINS_HLP_IDLE.html">Nastavenia domácej obrazovky</target>
   </keywords>
   <keywords>
      <text FeatureID="-1">aplikácie widget</text>
      <target FeatureID="-1" href="SKINS_HLP_IDLE.html">Nastavenia domácej obrazovky</target>
   </keywords>
   <keywords>
      <text FeatureID="-1">obr. výplne pozad.</text>
      <target FeatureID="-1" href="SKINS_HLP_APP_MAIN.html">Prispôsobenie displeja</target>
   </keywords>
</keywords>