<?xml version="1.0" encoding="UTF-8"?>
<keywords>
   <keywords>
      <text FeatureID="-1">categorías de marcadores</text>
      <target FeatureID="-1" href="LM_HLP_LM_BY_CATEGORY.html">Categorías de marcadores</target>
      <target FeatureID="-1" href="LM_HLP_EDIT_CATEGORIES.html">Editar categorías de marcadores</target>
   </keywords>
   <keywords>
      <text FeatureID="-1">marcadores</text>
      <target FeatureID="-1" href="LM_HLP_LM_BY_NAME.html">Vista de marcadores por nome</target>
      <target FeatureID="-1" href="LM_HLP_CATEGORY_CONTENTS.html">Marcadores en categorías</target>
      <target FeatureID="-1" href="LM_HLP_LM_VIEWER.html">Marcadores en detalle</target>
   </keywords>
   <keywords>
      <text FeatureID="-1">editar marcadores</text>
      <target FeatureID="-1" href="LM_HLP_LM_EDITOR.html">Editar marcador</target>
   </keywords>
</keywords>