<?xml version="1.0" encoding="UTF-8"?>
<keywords>
   <keywords>
      <text FeatureID="-1">urtemugetako sarrerak, sortzen</text>
      <target FeatureID="-1" href="FSCA_HLP_ANNIVERSARY_EDITOR.html">Sortu urtemugetako sarrerak</target>
   </keywords>
   <keywords>
      <text FeatureID="-1">bilera sarrerak, sortzen</text>
      <target FeatureID="-1" href="FSCA_HLP_CALE_MEETING_EDITOR.html">Sortu bilera sarrerak</target>
   </keywords>
   <keywords>
      <text FeatureID="-1">memo sarrerak, sortzen</text>
      <target FeatureID="-1" href="FSCA_HLP_MEMO_EDITOR.html">Sortu memo sarrerak</target>
   </keywords>
   <keywords>
      <text FeatureID="-1">egiteko sarrerak, sortzen</text>
      <target FeatureID="-1" href="FSCA_HLP_TODO_EDITOR.html">Sortu egiteko sarrerak</target>
   </keywords>
   <keywords>
      <text FeatureID="-1">bilera sarrerak, editatzen</text>
      <target FeatureID="-1" href="FSCA_HLP_CALE_MEETING_VIEWER.html">Editatu bilera sarrerak</target>
   </keywords>
   <keywords>
      <text FeatureID="-1">memo sarrerak, editatzen</text>
      <target FeatureID="-1" href="FSCA_HLP_MEMO_VIEWER.html">Editatu memo sarrerak</target>
   </keywords>
   <keywords>
      <text FeatureID="-1">egiteko sarrerak, editatzen</text>
      <target FeatureID="-1" href="FSCA_HLP_TODO_VIEWER.html">Editatu egiteko sarrerak</target>
   </keywords>
   <keywords>
      <text FeatureID="-1">urtemugetako sarrerak, ikusten</text>
      <target FeatureID="-1" href="FSCA_HLP_ANNI_VIEWER.html">Editatu urtemugetako sarrerak</target>
   </keywords>
   <keywords>
      <text FeatureID="-1">bilera eskaerak, erantzunak editatzen</text>
      <target FeatureID="-1" href="FSCA_HLP_RESPONSE_EDITOR.html">Editatu zure erantzuna</target>
   </keywords>
   <keywords>
      <text FeatureID="-1">bilera eskaerak, kudeatu</text>
      <target FeatureID="-1" href="FSCA_HLP_VIEWER_ORGANIZER.html">Kudeatu bilera eskaerak</target>
   </keywords>
   <keywords>
      <text FeatureID="-1">bilera eskaerak, editatzen</text>
      <target FeatureID="-1" href="MEET_REQ_HLP_EDITOR.html">Jasotako bilera eskaerak</target>
   </keywords>
   <keywords>
      <text FeatureID="-1">bilera eskaerak, erantzuten</text>
      <target FeatureID="-1" href="FSCA_HLP_VIEWER.html">Bilera eskaerei erantzun</target>
   </keywords>
   <keywords>
      <text FeatureID="-1">kontaktuak</text>
      <target FeatureID="-1" href="RLOOK_HLP_INFO_VIEW.html">Kudeatu aurkituriko kontaktuak</target>
   </keywords>
   <keywords>
      <text FeatureID="-1">kontaktuak, bilatu</text>
      <target FeatureID="-1" href="RLOOK_HLP_RESULT_VIEW.html">Bilaketa emaitzak</target>
   </keywords>
   <keywords>
      <text FeatureID="-1">posta elektronikoa, eranskinak</text>
      <target FeatureID="-1" href="FSE_HLP_ATTACHMENT_LIST_EDITOR.html">Gehitu eranskinak</target>
   </keywords>
   <keywords>
      <text FeatureID="-1">ezabatutako mezu elektronikoak</text>
      <target FeatureID="-1" href="FSE_HLP_MESSAGE_LIST_DELETED.html">Ezabatutako e-mail mezuak</target>
   </keywords>
   <keywords>
      <text FeatureID="-1">posta elektronikoaren eranskinen deskarga</text>
      <target FeatureID="-1" href="FSE_HLP_ATTACHMENT_LIST.html">Deskargatu eranskinak</target>
   </keywords>
   <keywords>
      <text FeatureID="-1">posta elektronikoaren zirriborroa</text>
      <target FeatureID="-1" href="FSE_HLP_MESSAGE_LIST_DRAFTS.html">Egin e-mail mezuen zirriborroa</target>
   </keywords>
   <keywords>
      <text FeatureID="-1">Nokia E-maila</text>
      <target FeatureID="-1" href="FSE_HLP_LAUNCHER_GRID.html">Nokia E-maila</target>
   </keywords>
   <keywords>
      <text FeatureID="-1">e-maila</text>
      <target FeatureID="-1" href="FSE_HLP_LAUNCHER_GRID.html">Nokia E-maila</target>
   </keywords>
   <keywords>
      <text FeatureID="-1">mezu elektronikoen karpetak</text>
      <target FeatureID="-1" href="FSE_HLP_FOLDER_LIST.html">E-mail karpetak</target>
   </keywords>
   <keywords>
      <text FeatureID="-1">e-postaren ezarpenak</text>
      <target FeatureID="-1" href="FSE_HLP_LAUNCHER_SETTINGS.html">E-mail ezarpen orokorrak</target>
      <target FeatureID="-1" href="FSE_HLP_POP_IMAP_SETT_MAIN.html">E-mailaren ezarpenak</target>
      <target FeatureID="-1" href="FSE_HLP_IMS_SETTINGS_MAIN_VIEW.html">E-mailaren ezarpenak</target>
      <target FeatureID="-1" href="FSE_HLP_MFE_SETTINGS_MAIN_VIEW.html">Posta elektronikoaren ezarpenak</target>
   </keywords>
   <keywords>
      <text FeatureID="-1">posta elektroniko globalaren ezarpenak</text>
      <target FeatureID="-1" href="FSE_HLP_SETTINGS_GLOBAL.html">E-mail globalaren ezarpenak</target>
   </keywords>
   <keywords>
      <text FeatureID="-1">HTML posta elektronikoa</text>
      <target FeatureID="-1" href="FS_VIEWER_HLP_HTML_VIEW.html">HTML formatua duen e-maila</target>
   </keywords>
   <keywords>
      <text FeatureID="-1">posta elektronikoaren ezarpen aurreratuak</text>
      <target FeatureID="-1" href="FSE_HLP_POP_IMAP_SETT_ADV.html">E-mail ezarpen aurreratuak</target>
   </keywords>
   <keywords>
      <text FeatureID="-1">jasotako e-mailen ezarpenak</text>
      <target FeatureID="-1" href="FSE_HLP_POP_IMAP_SETT_INCOMING.html">Jasotako e-mailen ezarpenak</target>
   </keywords>
   <keywords>
      <text FeatureID="-1">irteerako e-mail ezarpenak</text>
      <target FeatureID="-1" href="FSE_HLP_POP_IMAP_SETT_OUTGOING.html">Irteerako e-mail ezarpenak</target>
   </keywords>
   <keywords>
      <text FeatureID="-1">e-mail karpetak</text>
      <target FeatureID="-1" href="FSE_HLP_SETT_IMAP_SUBSCR.html">Harpidetu karpetetara </target>
      <target FeatureID="-1" href="FSE_HLP_MESSAGE_LIST_INBOX.html">Erabili posta elektronikoaren karpetak</target>
   </keywords>
   <keywords>
      <text FeatureID="-1">posta elektronikoaren sinkronizazioa</text>
      <target FeatureID="-1" href="FSE_HLP_POP_IMAP_SETT_WHAT.html">Aukeratu sinkronizazio edukia</target>
   </keywords>
   <keywords>
      <text FeatureID="-1">posta elektronikoaren sinkronizazio-ordua</text>
      <target FeatureID="-1" href="FSE_HLP_POP_IMAP_SETT_WHEN.html">Aukeratu sinkronizazio denbora</target>
   </keywords>
   <keywords>
      <text FeatureID="-1">posta-kontuaren ezarpenak</text>
      <target FeatureID="-1" href="FSE_HLP_IMS_SETTINGS_ACCT_INFO.html">E-mailaren kontuaren ezarpenak</target>
   </keywords>
   <keywords>
      <text FeatureID="-1">postontziaren ezarpen aurreratuak</text>
      <target FeatureID="-1" href="FSE_HLP_IMS_SETTINGS_ADVANCED.html">Postontziaren ezarpen aurreratuak</target>
      <target FeatureID="-1" href="FSE_HLP_MFE_SETTINGS_ADVANCED.html">Postontziaren ezarpen aurreratuak</target>
   </keywords>
   <keywords>
      <text FeatureID="-1">postontzien ezarpenak</text>
      <target FeatureID="-1" href="FSE_HLP_IMS_SETTINGS_MAILBOX.html">Postontzien ezarpenak</target>
      <target FeatureID="-1" href="FSE_HLP_MFE_SETTINGS_MAILBOX.html">Postontziaren ezarpen orokorrak</target>
   </keywords>
   <keywords>
      <text FeatureID="-1">posta elektronikoko edukia sinkronizatu</text>
      <target FeatureID="-1" href="FSE_HLP_IMS_SETTINGS_WHAT_SYNC.html">Zehaztu sinkronizatzeko edukia</target>
   </keywords>
   <keywords>
      <text FeatureID="-1">e-mail sinkronizazio ordua</text>
      <target FeatureID="-1" href="FSE_HLP_IMS_SETTINGS_WHEN_SYNC.html">Zehaztu sinkronizatzeko ordua</target>
      <target FeatureID="-1" href="FSE_HLP_MFE_SETTINGS_WHEN_SYNC.html">Aukeratu sinkronizatzeko ordua</target>
      <target FeatureID="-1" href="FSE_HLP_SETTINGS_WHEN_SYNC.html">Sinkronizazio ordua</target>
   </keywords>
   <keywords>
      <text FeatureID="-1">posta elektronikoaren karpetaren sinkronizazioa</text>
      <target FeatureID="-1" href="FSE_HLP_IMS_SETTINGS_FOLDER.html">Sinkronizatu e-mail karpetak</target>
   </keywords>
   <keywords>
      <text FeatureID="-1">posta elektronikoaren zerbitzuaren ezarpenak</text>
      <target FeatureID="-1" href="FSE_HLP_SETTINGS_INTELL_LIST.html">E-mail zerbitzuaren ezarpenak</target>
   </keywords>
   <keywords>
      <text FeatureID="-1">Intellisync</text>
      <target FeatureID="-1" href="FSE_HLP_IMS_LAUNCHER_MAIN_VIEW.html">Intellisync e-maila</target>
   </keywords>
   <keywords>
      <text FeatureID="-1">Mail for Exchange</text>
      <target FeatureID="-1" href="FSE_HLP_MFE_LAUNCHER_MAIN_VIEW.html">Posta Truke e-mailerako</target>
   </keywords>
   <keywords>
      <text FeatureID="-1">posta elektronikoaren xehetasunak</text>
      <target FeatureID="-1" href="FS_VIEWER_HLP_DETAILS_VIEW.html">Mezuaren xehetasunak</target>
   </keywords>
   <keywords>
      <text FeatureID="-1">posta elektronikoaren sinkronizazio-ezarpenak</text>
      <target FeatureID="-1" href="FSE_HLP_MFE_SETTINGS_PIM_APPS.html">Aplikazioaren sinkronizazio ezarpenak</target>
   </keywords>
   <keywords>
      <text FeatureID="-1">egutegiaren sinkronizazioa</text>
      <target FeatureID="-1" href="FSE_HLP_MFE_CALENDAR_APP.html">Egutegiaren sinkronizazio ezarpenak</target>
   </keywords>
   <keywords>
      <text FeatureID="-1">kontaktuen sinkronizazioa,</text>
      <target FeatureID="-1" href="FSE_HLP_MFE_CONTACTS_APP.html">Kontaktuen sinkronizazio ezarpenak</target>
   </keywords>
   <keywords>
      <text FeatureID="-1">e-mail eduki sinkronizazioa</text>
      <target FeatureID="-1" href="FSE_HLP_MFE_SETTINGS_WHAT_SYNC.html">Aukeratu sinkronizatzeko edukia</target>
   </keywords>
   <keywords>
      <text FeatureID="-1">e-mail karpetaren sinkronizazioa</text>
      <target FeatureID="-1" href="FSE_HLP_MFE_SETTINGS_FOLDER.html">Sinkronizazio ezarpenak</target>
   </keywords>
   <keywords>
      <text FeatureID="-1">egitekoen sinkronizazioa</text>
      <target FeatureID="-1" href="FSE_HLP_MFE_TASKS_APP.html">Egitekoen sinkronizazio ezarpenak</target>
   </keywords>
   <keywords>
      <text FeatureID="-1">mezu elektronikorik ez</text>
      <target FeatureID="-1" href="FSE_HLP_MESSAGE_LIST_EMPTY.html">Ez dago mezurik</target>
   </keywords>
   <keywords>
      <text FeatureID="-1">posta elektronikoaren irteera-ontzia</text>
      <target FeatureID="-1" href="FSE_HLP_MESSAGE_LIST_OUTBOX.html">Lan egin Irteera ontziarekin</target>
   </keywords>
   <keywords>
      <text FeatureID="-1">bilera eskaerak</text>
      <target FeatureID="-1" href="FS_VIEWER_HLP_MEETING_REQ_VIEW.html">Bilera eskaera</target>
   </keywords>
   <keywords>
      <text FeatureID="-1">mezu elektronikoen bilaketa</text>
      <target FeatureID="-1" href="FSE_HLP_MESSAGE_LIST_SEARCHING.html">Bilatu e-maila.</target>
   </keywords>
   <keywords>
      <text FeatureID="-1">mezu elektronikoen bilaketaren emaitzak</text>
      <target FeatureID="-1" href="FSE_HLP_MESSAGE_LIST_SEARCHED.html">Bilaketa emaitzak</target>
   </keywords>
   <keywords>
      <text FeatureID="-1">mezu elektronikoak bidali</text>
      <target FeatureID="-1" href="FS_EDITOR_HLP_MAIN_VIEW.html">Bidali e-maila</target>
   </keywords>
   <keywords>
      <text FeatureID="-1">PIM zerbitzua</text>
      <target FeatureID="-1" href="FSE_HLP_SETTINGS_PIM_VIEW.html">PIM zerbitzua</target>
   </keywords>
   <keywords>
      <text FeatureID="-1">aplikazioak sinkronizatu</text>
      <target FeatureID="-1" href="FSE_HLP_SETTINGS_APPLICATIONS.html">Sinkronizatu aplikazioak</target>
   </keywords>
   <keywords>
      <text FeatureID="-1">e-posta eranskinak</text>
      <target FeatureID="-1" href="FSE_HLP_ATTACHMENT_DOWNLOAD.html">Ikusi eranskinen deskargak</target>
   </keywords>
   <keywords>
      <text FeatureID="-1">jasotako mezu elektronikoak</text>
      <target FeatureID="-1" href="FS_VIEWER_HLP_MAIN_VIEW.html">Lan egin jasotako e-mailarekin</target>
   </keywords>
</keywords>