<?xml version="1.0" encoding="UTF-8"?>
<keywords>
   <keywords>
      <text FeatureID="-1">актуализация на софтуер</text>
      <target FeatureID="-1" href="SWUPDATE_HLP_MAIN.html">Актуализация на софтуер</target>
      <target FeatureID="-1" href="SWUPDATE_HLP_MAIN.html">Актуализация на софтуер</target>
   </keywords>
   <keywords>
      <text FeatureID="-1">настройки за софт. актуал.</text>
      <target FeatureID="-1" href="SWUPDATE_HLP_SETTINGS.html">Настройки за софт. актуал.</target>
   </keywords>
</keywords>