<?xml version="1.0" encoding="UTF-8"?>
<keywords>
   <keywords>
      <text FeatureID="-1">giriş ekranı</text>
      <target FeatureID="-1" href="SET_HLP_HOME_SCREEN.html">Giriş ekranı</target>
      <target FeatureID="-1" href="SET_HLP_HOME_SCREEN_EDIT.html">Giriş ekranını düzenleme</target>
   </keywords>
   <keywords>
      <text FeatureID="-1">bilgi uygulamaları</text>
      <target FeatureID="-1" href="WM_HLP_WIDGET_COLLECTION.html">İçerik kataloğu</target>
   </keywords>
</keywords>