<?xml version="1.0" encoding="UTF-8"?>
<keywords>
   <keywords>
      <text FeatureID="true_11008 false_11008">registro dispositivo</text>
      <target FeatureID="true_11008" href="DRM_HLP_REGISTRATION_METERING.html">Registro dispositivo</target>
      <target FeatureID="false_11008" href="DRM_HLP_REGISTRATION.html">Registro dispositivo</target>
   </keywords>
   <keywords>
      <text FeatureID="true_11008">aquisição direitos silenciosos</text>
      <target FeatureID="true_11008" href="DRM_HLP_REGISTRATION_METERING.html">Registro dispositivo</target>
   </keywords>
   <keywords>
      <text FeatureID="true_11008">medição</text>
      <target FeatureID="true_11008" href="DRM_HLP_REGISTRATION_METERING.html">Registro dispositivo</target>
   </keywords>
</keywords>