<?xml version="1.0" encoding="UTF-8"?>
<keywords>
   <keywords>
      <text FeatureID="true_410">panggilan, membuat</text>
      <target FeatureID="true_410" href="DIALER_HLP_MAIN.html">Membuat panggilan telepon</target>
   </keywords>
   <keywords>
      <text FeatureID="-1">panggilan telepon</text>
      <target FeatureID="-1" href="INCAL_HLP_CALL_HANDLING.html">Panggilan telepon</target>
   </keywords>
   <keywords>
      <text FeatureID="-1">panggilan konferensi</text>
      <target FeatureID="-1" href="INCAL_HLP_CALL_HANDLING.html">Panggilan telepon</target>
   </keywords>
   <keywords>
      <text FeatureID="-1">beralih di antara panggilan</text>
      <target FeatureID="-1" href="INCAL_HLP_CALL_HANDLING.html">Panggilan telepon</target>
   </keywords>
   <keywords>
      <text FeatureID="-1">telepon</text>
      <target FeatureID="-1" href="INCAL_HLP_CALL_HANDLING.html">Panggilan telepon</target>
   </keywords>
   <keywords>
      <text FeatureID="true_410">Nada DTMF</text>
      <target FeatureID="true_410" href="DIALER_HLP_SEND_DTMF.html">Mengirim nada DTMF</target>
   </keywords>
   <keywords>
      <text FeatureID="true_89">panggilan video</text>
      <target FeatureID="true_89" href="INCAL_HLP_VIDEO_CALL.html">Panggilan video</target>
   </keywords>
</keywords>