<?xml version="1.0" encoding="UTF-8"?>
<keywords>
   <keywords>
      <text FeatureID="-1">이메일 설정</text>
      <target FeatureID="-1" href="MBXS_HLP_SETT_DOWNL_CTRL.html">이메일 가져오기 설정</target>
      <target FeatureID="-1" href="MBXS_HLP_SETT_DOWNL_RETR.html">이메일 가져오기 개수</target>
      <target FeatureID="-1" href="MBXS_HLP_SETT_MBX_IN.html">수신 이메일 설정</target>
      <target FeatureID="-1" href="MBXS_HLP_SETT_MBX_IN_OUT.html">연결 설정</target>
      <target FeatureID="-1" href="MBXS_HLP_SETT_MBX_OUT.html">발신 이메일 설정</target>
      <target FeatureID="-1" href="MCE_HLP_SETTINGS_EMAIL.html">이메일 설정</target>
      <target FeatureID="-1" href="MCE_HLP_SETT_EMAILMAIN.html">사서함 편집</target>
      <target FeatureID="-1" href="MCE_HLP_SETT_MAILBLIST.html">사서함</target>
      <target FeatureID="-1" href="MCE_HLP_SETT_MAILFOLDER_UPD.html">사서함 폴더</target>
      <target FeatureID="true_1633" href="MCE_HLP_SETT_MAIL_ONLI.html">자동 가져오기</target>
   </keywords>
   <keywords>
      <text FeatureID="-1">사서함 설정</text>
      <target FeatureID="-1" href="MCE_HLP_SETT_EMAILMAIN.html">사서함 편집</target>
   </keywords>
   <keywords>
      <text FeatureID="-1">사서함</text>
      <target FeatureID="-1" href="MCE_HLP_SETT_MAILBLIST.html">사서함</target>
      <target FeatureID="-1" href="MCE_HLP_MAILBOX_ONLINE.html">온라인 이메일</target>
   </keywords>
   <keywords>
      <text FeatureID="-1">사서함 폴더</text>
      <target FeatureID="-1" href="MCE_HLP_SETT_MAILFOLDER_UPD.html">사서함 폴더</target>
   </keywords>
   <keywords>
      <text FeatureID="-1">사용자 설정</text>
      <target FeatureID="-1" href="MCE_HLP_SETT_MAIL_USER.html">사용자 설정</target>
   </keywords>
   <keywords>
      <text FeatureID="true_44">동기화 사서함 설정</text>
      <target FeatureID="true_44" href="MCE_HLP_SETT_SMAILBOX.html">동기화 사서함 설정</target>
   </keywords>
   <keywords>
      <text FeatureID="true_44">동기화 이메일 설정</text>
      <target FeatureID="true_44" href="MCE_HLP_SETT_SMAILBOX.html">동기화 사서함 설정</target>
   </keywords>
   <keywords>
      <text FeatureID="-1">오프라인 이메일</text>
      <target FeatureID="-1" href="MCE_HLP_MAILBOX_OFFLINE.html">오프라인 이메일</target>
   </keywords>
   <keywords>
      <text FeatureID="-1">사서함에 연결</text>
      <target FeatureID="-1" href="MCE_HLP_MAILBOX_ONLINE.html">온라인 이메일</target>
   </keywords>
   <keywords>
      <text FeatureID="-1">이메일 온라인</text>
      <target FeatureID="-1" href="MCE_HLP_MAILBOX_ONLINE.html">온라인 이메일</target>
   </keywords>
   <keywords>
      <text FeatureID="-1">온라인 이메일</text>
      <target FeatureID="-1" href="MCE_HLP_MAILBOX_ONLINE.html">온라인 이메일</target>
   </keywords>
</keywords>