<?xml version="1.0" encoding="UTF-8"?>
<keywords>
   <keywords>
      <text FeatureID="-1">사전</text>
      <target FeatureID="-1" href="DICTIONARY_HLP_MAIN_TAB1.html">사전</target>
   </keywords>
   <keywords>
      <text FeatureID="-1">번역</text>
      <target FeatureID="-1" href="DICTIONARY_HLP_MAIN_TAB1.html">사전</target>
   </keywords>
   <keywords>
      <text FeatureID="-1">사전, 번역</text>
      <target FeatureID="-1" href="DICTIONARY_HLP_RESULTS.html">번역 결과</target>
   </keywords>
</keywords>