<?xml version="1.0" encoding="UTF-8"?>
<keywords>
   <keywords>
      <text FeatureID="true_13 true_1566">veza USB kabelom</text>
      <target FeatureID="true_13" href="USB_HLP_MAIN.html">USB postavke</target>
      <target FeatureID="true_1566" href="USB_HLP_PRINT_SETTINGS.html">Postavke pisača</target>
   </keywords>
   <keywords>
      <text FeatureID="true_13">kabelska veza</text>
      <target FeatureID="true_13" href="USB_HLP_MAIN.html">USB postavke</target>
   </keywords>
   <keywords>
      <text FeatureID="true_1566">ispisivanje</text>
      <target FeatureID="true_1566" href="USB_HLP_PRINT_SETTINGS.html">Postavke pisača</target>
   </keywords>
   <keywords>
      <text FeatureID="true_1566">postavke, pisač</text>
      <target FeatureID="true_1566" href="USB_HLP_PRINT_SETTINGS.html">Postavke pisača</target>
   </keywords>
</keywords>