<?xml version="1.0" encoding="UTF-8"?><?xml-stylesheet  href="../../theme/xsl/index2html.xslt" type="text/xsl"?>
<topics FeatureID="-1" title="Naplók" compressed="true">
   <topicref FeatureID="-1" href="GPRS_HLP_MAIN.html" navtitle="Csomagkapcs. adatátviteli csatl."/>
   <topicref FeatureID="-1" href="LOGS_HLP_COUNTER.html" navtitle="Híváslisták és adathíváslisták"/>
   <topicref FeatureID="-1" href="LOGS_HLP_DETAIL.html" navtitle="Naplóesemény adatai"/>
   <topicref FeatureID="-1" href="LOGS_HLP_MAIN.html" navtitle="Napló adatai"/>
   <topicref FeatureID="-1" href="LOGS_HLP_SETTING.html" navtitle="Naplóbeállítások"/>
   <topicref FeatureID="-1" href="STM_HLP_DIALLED.html" navtitle="Tárcsázott számok"/>
   <topicref FeatureID="-1" href="STM_HLP_MAIN.html" navtitle="Legutóbbi hív."/>
   <topicref FeatureID="-1" href="STM_HLP_MISSED.html" navtitle="Nem fogadott hívások"/>
   <topicref FeatureID="-1" href="STM_HLP_RECEIVED.html" navtitle="Fogadott hívások"/>
   <topicref FeatureID="-1" href="TIMERS_HLP_MAIN.html" navtitle="Hívás hossza"/>
</topics>