<?xml version="1.0" encoding="UTF-8"?>
<keywords>
   <keywords>
      <text FeatureID="-1">csomagkapcs. adatátviteli csatl.</text>
      <target FeatureID="-1" href="GPRS_HLP_MAIN.html">Csomagkapcs. adatátviteli csatl.</target>
      <target FeatureID="-1" href="LOGS_HLP_COUNTER.html">Híváslisták és adathíváslisták</target>
   </keywords>
   <keywords>
      <text FeatureID="-1">hívás időtartama</text>
      <target FeatureID="-1" href="LOGS_HLP_COUNTER.html">Híváslisták és adathíváslisták</target>
   </keywords>
   <keywords>
      <text FeatureID="-1">legutóbbi hív.</text>
      <target FeatureID="-1" href="LOGS_HLP_COUNTER.html">Híváslisták és adathíváslisták</target>
      <target FeatureID="-1" href="STM_HLP_MAIN.html">Legutóbbi hív.</target>
   </keywords>
   <keywords>
      <text FeatureID="-1">naplók</text>
      <target FeatureID="-1" href="LOGS_HLP_DETAIL.html">Naplóesemény adatai</target>
      <target FeatureID="-1" href="LOGS_HLP_MAIN.html">Napló adatai</target>
   </keywords>
   <keywords>
      <text FeatureID="-1">naplóbeállítások</text>
      <target FeatureID="-1" href="LOGS_HLP_SETTING.html">Naplóbeállítások</target>
   </keywords>
   <keywords>
      <text FeatureID="-1">tárcsázott számok</text>
      <target FeatureID="-1" href="STM_HLP_DIALLED.html">Tárcsázott számok</target>
   </keywords>
   <keywords>
      <text FeatureID="-1">hívásnapló</text>
      <target FeatureID="-1" href="STM_HLP_MAIN.html">Legutóbbi hív.</target>
   </keywords>
   <keywords>
      <text FeatureID="-1">nem fogadott hívások</text>
      <target FeatureID="-1" href="STM_HLP_MISSED.html">Nem fogadott hívások</target>
   </keywords>
   <keywords>
      <text FeatureID="-1">fogadott hívások</text>
      <target FeatureID="-1" href="STM_HLP_RECEIVED.html">Fogadott hívások</target>
      <target FeatureID="-1" href="STM_HLP_RECEIVED.html">Fogadott hívások</target>
   </keywords>
   <keywords>
      <text FeatureID="-1">hívás hossza</text>
      <target FeatureID="-1" href="TIMERS_HLP_MAIN.html">Hívás hossza</target>
   </keywords>
   <keywords>
      <text FeatureID="-1">hívások időtartama</text>
      <target FeatureID="-1" href="TIMERS_HLP_MAIN.html">Hívás hossza</target>
   </keywords>
</keywords>