<?xml version="1.0" encoding="UTF-8"?><?xml-stylesheet  href="../../theme/xsl/index2html.xslt" type="text/xsl"?>
<topics FeatureID="-1" title="الرسائل" compressed="true">
   <topicref FeatureID="-1" href="MCE_HLP_MESSAGING.html" navtitle="مركز الرسائل"/>
   <topicref FeatureID="-1" href="MCE_HLP_SIM.html" navtitle="عرض رسائل SIM"/>
   <topicref FeatureID="-1" href="MCE_HLP_SETTINGS.html" navtitle="ضبط الرسائل"/>
   <topicref FeatureID="-1" href="MCE_HLP_SETTINGS_SMS.html" navtitle="ضبط الرسائل النصية"/>
   <topicref FeatureID="-1" href="SMS_HLP_SETTINGS_SCENTRES.html" navtitle="ضبط مركز الرسائل النصية"/>
   <topicref FeatureID="-1" href="SMS_HLP_SETTINGS_SCENTRES_EDIT.html" navtitle="تعديل مراكز الرسائل النصية"/>
   <topicref FeatureID="true_1092" href="SMS_HLP_SETTINGS_SMS_EMAIL.html" navtitle="ضبط بريد الرسائل النصية"/>
   <topicref FeatureID="-1" href="MCE_HLP_SETTINGS_MMS.html" navtitle="ضبط رسائل الوسائط"/>
   <topicref FeatureID="true_1090" href="MCE_HLP_SETTINGS_CB.html" navtitle="ضبط الإذاعة المحمولة"/>
   <topicref FeatureID="-1" href="MCE_HLP_SETTINGS_GEN.html" navtitle="ضبط آخر"/>
   <topicref FeatureID="-1" href="MCE_HLP_INBOX.html" navtitle="صندوق الوارد"/>
   <topicref FeatureID="-1" href="MCE_HLP_DOCUMENTS.html" navtitle="حافظاتي"/>
   <topicref FeatureID="-1" href="MCE_HLP_TEMPLATES.html" navtitle="نماذج الرسائل"/>
   <topicref FeatureID="-1" href="MCE_HLP_FOLDER.html" navtitle="تنظيم الرسائل"/>
   <topicref FeatureID="-1" href="MCE_HLP_DRAFTS.html" navtitle="المسودات"/>
   <topicref FeatureID="-1" href="MCE_HLP_SENT_ITEMS.html" navtitle="الرسائل المرسلة"/>
   <topicref FeatureID="-1" href="MCE_HLP_OUTBOX.html" navtitle="صندوق الحفظ"/>
   <topicref FeatureID="-1" href="MCE_HLP_DELIVERY_REPORTS.html" navtitle="تقارير التسليم"/>
   <topicref FeatureID="true_1132" href="MCE_HLP_MMS_NOTIFICATIONS.html" navtitle="إشعارات الوسائط المتعددة"/>
   <topicref FeatureID="-1" href="FIND_HLP.html" navtitle="البحث عن الأرقام/العناوين"/>
</topics>