<?xml version="1.0" encoding="UTF-8"?>
<keywords>
   <keywords>
      <text FeatureID="-1">إرسال رسائل</text>
      <target FeatureID="-1" href="MCE_HLP_MESSAGING.html">مركز الرسائل</target>
      <target FeatureID="-1" href="MCE_HLP_OUTBOX.html">صندوق الحفظ</target>
   </keywords>
   <keywords>
      <text FeatureID="-1">استلام رسائل</text>
      <target FeatureID="-1" href="MCE_HLP_MESSAGING.html">مركز الرسائل</target>
      <target FeatureID="-1" href="MCE_HLP_INBOX.html">صندوق الوارد</target>
   </keywords>
   <keywords>
      <text FeatureID="-1">رسائل بطاقة SIM</text>
      <target FeatureID="-1" href="MCE_HLP_SIM.html">عرض رسائل SIM</target>
      <target FeatureID="-1" href="MCE_HLP_SIM.html">عرض رسائل SIM</target>
   </keywords>
   <keywords>
      <text FeatureID="-1">ضبط الرسائل</text>
      <target FeatureID="-1" href="MCE_HLP_SETTINGS.html">ضبط الرسائل</target>
      <target FeatureID="-1" href="MCE_HLP_SETTINGS_GEN.html">ضبط آخر</target>
   </keywords>
   <keywords>
      <text FeatureID="-1">ضبط SMS</text>
      <target FeatureID="-1" href="MCE_HLP_SETTINGS_SMS.html">ضبط الرسائل النصية</target>
   </keywords>
   <keywords>
      <text FeatureID="-1">ضبط الرسائل النصية</text>
      <target FeatureID="-1" href="MCE_HLP_SETTINGS_SMS.html">ضبط الرسائل النصية</target>
      <target FeatureID="-1" href="SMS_HLP_SETTINGS_SCENTRES.html">ضبط مركز الرسائل النصية</target>
      <target FeatureID="-1" href="SMS_HLP_SETTINGS_SCENTRES_EDIT.html">تعديل مراكز الرسائل النصية</target>
   </keywords>
   <keywords>
      <text FeatureID="-1">ضبط مركز الرسائل</text>
      <target FeatureID="-1" href="SMS_HLP_SETTINGS_SCENTRES.html">ضبط مركز الرسائل النصية</target>
      <target FeatureID="-1" href="SMS_HLP_SETTINGS_SCENTRES_EDIT.html">تعديل مراكز الرسائل النصية</target>
   </keywords>
   <keywords>
      <text FeatureID="-1">ضبط، مركز رسائل SMS</text>
      <target FeatureID="-1" href="SMS_HLP_SETTINGS_SCENTRES.html">ضبط مركز الرسائل النصية</target>
   </keywords>
   <keywords>
      <text FeatureID="true_1092">بريد الرسائل النصية</text>
      <target FeatureID="true_1092" href="SMS_HLP_SETTINGS_SMS_EMAIL.html">ضبط بريد الرسائل النصية</target>
   </keywords>
   <keywords>
      <text FeatureID="true_1092">ضبط بريد الرسائل النصية</text>
      <target FeatureID="true_1092" href="SMS_HLP_SETTINGS_SMS_EMAIL.html">ضبط بريد الرسائل النصية</target>
   </keywords>
   <keywords>
      <text FeatureID="-1">ضبط MMS</text>
      <target FeatureID="-1" href="MCE_HLP_SETTINGS_MMS.html">ضبط رسائل الوسائط</target>
   </keywords>
   <keywords>
      <text FeatureID="true_1090">ضبط الإذاعة المحمولة</text>
      <target FeatureID="true_1090" href="MCE_HLP_SETTINGS_CB.html">ضبط الإذاعة المحمولة</target>
   </keywords>
   <keywords>
      <text FeatureID="-1">صندوق الوارد</text>
      <target FeatureID="-1" href="MCE_HLP_INBOX.html">صندوق الوارد</target>
   </keywords>
   <keywords>
      <text FeatureID="-1">حافظاتي</text>
      <target FeatureID="-1" href="MCE_HLP_DOCUMENTS.html">حافظاتي</target>
   </keywords>
   <keywords>
      <text FeatureID="-1">تخزين الرسائل</text>
      <target FeatureID="-1" href="MCE_HLP_DOCUMENTS.html">حافظاتي</target>
   </keywords>
   <keywords>
      <text FeatureID="-1">إرسال نماذج</text>
      <target FeatureID="-1" href="MCE_HLP_TEMPLATES.html">نماذج الرسائل</target>
   </keywords>
   <keywords>
      <text FeatureID="-1">نماذج رسائل</text>
      <target FeatureID="-1" href="MCE_HLP_TEMPLATES.html">نماذج الرسائل</target>
   </keywords>
   <keywords>
      <text FeatureID="-1">تنظيم الرسائل</text>
      <target FeatureID="-1" href="MCE_HLP_FOLDER.html">تنظيم الرسائل</target>
   </keywords>
   <keywords>
      <text FeatureID="-1">حفظ مسودات الرسائل</text>
      <target FeatureID="-1" href="MCE_HLP_DRAFTS.html">المسودات</target>
   </keywords>
   <keywords>
      <text FeatureID="-1">رسائل المسودات</text>
      <target FeatureID="-1" href="MCE_HLP_DRAFTS.html">المسودات</target>
   </keywords>
   <keywords>
      <text FeatureID="-1">رسائل مرسلة</text>
      <target FeatureID="-1" href="MCE_HLP_SENT_ITEMS.html">الرسائل المرسلة</target>
   </keywords>
   <keywords>
      <text FeatureID="-1">عرض صندوق الحفظ</text>
      <target FeatureID="-1" href="MCE_HLP_OUTBOX.html">صندوق الحفظ</target>
   </keywords>
   <keywords>
      <text FeatureID="-1">تقارير التسليم</text>
      <target FeatureID="-1" href="MCE_HLP_DELIVERY_REPORTS.html">تقارير التسليم</target>
   </keywords>
   <keywords>
      <text FeatureID="true_1132">إشعارات رسائل MMS</text>
      <target FeatureID="true_1132" href="MCE_HLP_MMS_NOTIFICATIONS.html">إشعارات الوسائط المتعددة</target>
   </keywords>
</keywords>