<?xml version="1.0" encoding="UTF-8"?><?xml-stylesheet  href="../../theme/xsl/index2html.xslt" type="text/xsl"?>
<topics FeatureID="-1" title="Calendar" compressed="true">
   <topicref FeatureID="-1" href="CALE_HLP_NOTE_VIEWER.html" navtitle="Calendar entries"/>
   <topicref FeatureID="-1" href="CALE_HLP_SETTINGS.html" navtitle="Calendar settings"/>
   <topicref FeatureID="-1" href="CALE_HLP_DAY_VIEW.html" navtitle="Day view"/>
   <topicref FeatureID="-1" href="CALE_HLP_NOTE_MEETING.html" navtitle="Meeting entries"/>
   <topicref FeatureID="-1" href="CALE_HLP_MONTH_VIEW.html" navtitle="Month view"/>
   <topicref FeatureID="-1" href="CALE_HLP_TODO_NOTE.html" navtitle="To-do entries"/>
   <topicref FeatureID="-1" href="CALE_HLP_TODO_VIEW.html" navtitle="To-do view"/>
   <topicref FeatureID="-1" href="CALE_HLP_WEEK_VIEW.html" navtitle="Week view"/>
   <topicref FeatureID="-1" href="CALE_HLP_CALENDAR_DATABASE_SETTINGS.html" navtitle="Multiple calendars settings"/>
   <topicref FeatureID="-1" href="CALE_HLP_CALE_MAN_VIEW.html" navtitle="Calendars management view"/>
   <topicref FeatureID="-1" href="CALE_HLP_ATTACH_VIEW.html" navtitle="Attachment view"/>
   <topicref FeatureID="-1" href="CALE_HLP_MAV.html" navtitle="Missed alarms view"/>
</topics>