<?xml version="1.0" encoding="UTF-8"?>
<keywords>
   <keywords>
      <text FeatureID="-1">calendar</text>
      <target FeatureID="-1" href="CALE_HLP_NOTE_VIEWER.html">Calendar entries</target>
      <target FeatureID="-1" href="CALE_HLP_DAY_VIEW.html">Day view</target>
      <target FeatureID="-1" href="CALE_HLP_NOTE_MEETING.html">Meeting entries</target>
      <target FeatureID="-1" href="CALE_HLP_MONTH_VIEW.html">Month view</target>
      <target FeatureID="-1" href="CALE_HLP_TODO_NOTE.html">To-do entries</target>
      <target FeatureID="-1" href="CALE_HLP_TODO_VIEW.html">To-do view</target>
      <target FeatureID="-1" href="CALE_HLP_WEEK_VIEW.html">Week view</target>
      <target FeatureID="-1" href="CALE_HLP_CALENDAR_DATABASE_SETTINGS.html">Multiple calendars settings</target>
      <target FeatureID="-1" href="CALE_HLP_CALE_MAN_VIEW.html">Calendars management view</target>
      <target FeatureID="-1" href="CALE_HLP_ATTACH_VIEW.html">Attachment view</target>
      <target FeatureID="-1" href="CALE_HLP_MAV.html">Missed alarms view</target>
   </keywords>
   <keywords>
      <text FeatureID="-1">meetings</text>
      <target FeatureID="-1" href="CALE_HLP_NOTE_VIEWER.html">Calendar entries</target>
      <target FeatureID="-1" href="CALE_HLP_NOTE_MEETING.html">Meeting entries</target>
   </keywords>
   <keywords>
      <text FeatureID="-1">to-do notes</text>
      <target FeatureID="-1" href="CALE_HLP_NOTE_VIEWER.html">Calendar entries</target>
      <target FeatureID="-1" href="CALE_HLP_TODO_NOTE.html">To-do entries</target>
   </keywords>
   <keywords>
      <text FeatureID="-1">calendar settings</text>
      <target FeatureID="-1" href="CALE_HLP_SETTINGS.html">Calendar settings</target>
   </keywords>
   <keywords>
      <text FeatureID="-1">to-do list</text>
      <target FeatureID="-1" href="CALE_HLP_TODO_VIEW.html">To-do view</target>
   </keywords>
   <keywords>
      <text FeatureID="-1">settings, calendar</text>
      <target FeatureID="-1" href="CALE_HLP_CALENDAR_DATABASE_SETTINGS.html">Multiple calendars settings</target>
   </keywords>
   <keywords>
      <text FeatureID="-1">attachments</text>
      <target FeatureID="-1" href="CALE_HLP_ATTACH_VIEW.html">Attachment view</target>
   </keywords>
   <keywords>
      <text FeatureID="-1">alarms, calendar note</text>
      <target FeatureID="-1" href="CALE_HLP_MAV.html">Missed alarms view</target>
   </keywords>
</keywords>