<?xml version="1.0" encoding="UTF-8"?>
<keywords>
   <keywords>
      <text FeatureID="-1">tetapan mesej perkhidmatan</text>
      <target FeatureID="-1" href="WPUSH_HLP_SETTINGS.html">Tetapan mesej perkhidmatan</target>
   </keywords>
   <keywords>
      <text FeatureID="-1">mesej tolak</text>
      <target FeatureID="-1" href="WPUSH_HLP_VIEWER.html">Lihat mesej perkhidmatan</target>
   </keywords>
   <keywords>
      <text FeatureID="-1">mesej perkhidmatan</text>
      <target FeatureID="-1" href="WPUSH_HLP_VIEWER.html">Lihat mesej perkhidmatan</target>
   </keywords>
</keywords>