<?xml version="1.0" encoding="UTF-8"?>
<keywords>
   <keywords>
      <text FeatureID="-1">dicionario</text>
      <target FeatureID="-1" href="DICTIONARY_HLP_MAIN_TAB1.html">Dicionario</target>
   </keywords>
   <keywords>
      <text FeatureID="-1">traducir</text>
      <target FeatureID="-1" href="DICTIONARY_HLP_MAIN_TAB1.html">Dicionario</target>
   </keywords>
   <keywords>
      <text FeatureID="-1">dicionario, tradución</text>
      <target FeatureID="-1" href="DICTIONARY_HLP_RESULTS.html">Resultados da tradución</target>
   </keywords>
</keywords>