<?xml version="1.0" encoding="UTF-8"?>
<keywords>
   <keywords>
      <text FeatureID="-1">Bluetooth</text>
      <target FeatureID="-1" href="BT_HLP_MAIN.html">Bluetooth</target>
      <target FeatureID="-1" href="BT_HLP_PAIRED.html">الاقتران مع الأجهزة</target>
      <target FeatureID="-1" href="BT_HLP_BLOCKED.html">حظر الأجهزة</target>
   </keywords>
   <keywords>
      <text FeatureID="-1">ضبط Bluetooth</text>
      <target FeatureID="-1" href="BT_HLP_MAIN.html">Bluetooth</target>
   </keywords>
   <keywords>
      <text FeatureID="-1">اقتران الأجهزة</text>
      <target FeatureID="-1" href="BT_HLP_PAIRED.html">الاقتران مع الأجهزة</target>
   </keywords>
   <keywords>
      <text FeatureID="-1">أجهزة محظورة</text>
      <target FeatureID="-1" href="BT_HLP_BLOCKED.html">حظر الأجهزة</target>
   </keywords>
   <keywords>
      <text FeatureID="true_12">لوحة المفاتيح اللاسلكية</text>
      <target FeatureID="true_12" href="BTKEYBOARD_HLP_SETTINGS.html">لوحة المفاتيح اللاسلكية</target>
   </keywords>
</keywords>