<?xml version="1.0" encoding="UTF-8"?>
<keywords>
   <keywords>
      <text FeatureID="true_298">répondeur</text>
      <target FeatureID="true_298" href="SMSVO_HLP_CS_VIDEO_AND_XSP_VOIP.html">Boîte vocale d'appels, vidéo et d'appels Internet</target>
   </keywords>
   <keywords>
      <text FeatureID="true_298">boîte vocale d'appels interne</text>
      <target FeatureID="true_298" href="SMSVO_HLP_CS_VIDEO_AND_XSP_VOIP.html">Boîte vocale d'appels, vidéo et d'appels Internet</target>
   </keywords>
   <keywords>
      <text FeatureID="true_298">boîte d'appels</text>
      <target FeatureID="true_298" href="SMSVO_HLP_CS_VIDEO_AND_XSP_VOIP.html">Boîte vocale d'appels, vidéo et d'appels Internet</target>
   </keywords>
   <keywords>
      <text FeatureID="-1">appels Internet</text>
      <target FeatureID="-1" href="VOIP_HLP_CSC.html">Paramètres Internet</target>
      <target FeatureID="true_298" href="VOIP_HLP_SERVCATALOG.html">Catalogue des services</target>
      <target FeatureID="-1" href="SERVTAB_HLP_SETTINGS.html">Paramètres des onglets de services</target>
   </keywords>
</keywords>