<?xml version="1.0" encoding="UTF-8"?>
<keywords>
   <keywords>
      <text FeatureID="-1">landmark categories</text>
      <target FeatureID="-1" href="LM_HLP_LM_BY_CATEGORY.html">Landmark categories</target>
      <target FeatureID="-1" href="LM_HLP_EDIT_CATEGORIES.html">Edit landmark categories</target>
   </keywords>
   <keywords>
      <text FeatureID="-1">landmarks</text>
      <target FeatureID="-1" href="LM_HLP_LM_BY_NAME.html">Landmarks by name view</target>
      <target FeatureID="-1" href="LM_HLP_CATEGORY_CONTENTS.html">Landmarks in categories</target>
      <target FeatureID="-1" href="LM_HLP_LM_VIEWER.html">Landmarks in detail</target>
   </keywords>
   <keywords>
      <text FeatureID="-1">editing landmarks</text>
      <target FeatureID="-1" href="LM_HLP_LM_EDITOR.html">Edit landmark</target>
   </keywords>
</keywords>