<?xml version="1.0" encoding="UTF-8"?>
<keywords>
   <keywords>
      <text FeatureID="-1">søge efter chatbrugere</text>
      <target FeatureID="-1" href="IMNG_HLP_SEARCHCHAT.html">Søge efter chatbrugere</target>
   </keywords>
   <keywords>
      <text FeatureID="-1">chat</text>
      <target FeatureID="-1" href="IMNG_HLP_SEARCHCHAT.html">Søge efter chatbrugere</target>
      <target FeatureID="-1" href="IMNG_HLP_SAVED_VIEW.html">Få vist gem­te samtaler</target>
      <target FeatureID="-1" href="IMNG_HLP_SAVED_LIST.html">Gemte samtaler</target>
      <target FeatureID="-1" href="IMNG_HLP_IMCHAT.html">Gruppe­samtaler</target>
      <target FeatureID="-1" href="IMNG_HLP_GROUP_EDIT.html">Redigerings­rettigheder</target>
      <target FeatureID="-1" href="IMNG_HLP_GROUP_BAN.html">Udelukke chat­brugere</target>
      <target FeatureID="-1" href="IMNG_HLP_CONT_OWN_DATA.html">Mine data</target>
      <target FeatureID="-1" href="IMNG_HLP_COMMUNITY_VIEW_EMPTY.html">Begynde at bruge chat</target>
      <target FeatureID="-1" href="IMNG_HLP_COMMUNITY_VIEW.html">Chat</target>
      <target FeatureID="-1" href="IMNG_HLP_CREATECHAT.html">Chatgruppe­indstillinger</target>
      <target FeatureID="-1" href="IMNG_HLP_ACCLIST.html">Chatgruppe­medlemmer</target>
      <target FeatureID="-1" href="IMNG_HLP_CONVERSATIONS.html">Chat­samtaler</target>
      <target FeatureID="-1" href="IMNG_HLP_APPSETT.html">Chatprogram­indstillinger</target>
   </keywords>
   <keywords>
      <text FeatureID="-1">søge efter chatgrupper</text>
      <target FeatureID="-1" href="IMNG_HLP_SEARCHCHAT.html">Søge efter chatbrugere</target>
   </keywords>
   <keywords>
      <text FeatureID="-1">gemte samtaler</text>
      <target FeatureID="-1" href="IMNG_HLP_SAVED_LIST.html">Gemte samtaler</target>
   </keywords>
   <keywords>
      <text FeatureID="-1">slutte sig til chatgrupper</text>
      <target FeatureID="-1" href="IMNG_HLP_IMCHAT.html">Gruppe­samtaler</target>
   </keywords>
   <keywords>
      <text FeatureID="-1">redigerings­rettigheder</text>
      <target FeatureID="-1" href="IMNG_HLP_GROUP_EDIT.html">Redigerings­rettigheder</target>
   </keywords>
   <keywords>
      <text FeatureID="-1">udelukkede, liste over</text>
      <target FeatureID="-1" href="IMNG_HLP_GROUP_BAN.html">Udelukke chat­brugere</target>
   </keywords>
   <keywords>
      <text FeatureID="-1">chatgruppe­medlemmer</text>
      <target FeatureID="-1" href="IMNG_HLP_GROUP_BAN.html">Udelukke chat­brugere</target>
      <target FeatureID="-1" href="IMNG_HLP_ACCLIST.html">Chatgruppe­medlemmer</target>
   </keywords>
   <keywords>
      <text FeatureID="-1">Chat­kontakter</text>
      <target FeatureID="-1" href="IMNG_HLP_CONT_OWN_DATA.html">Mine data</target>
      <target FeatureID="-1" href="IMNG_HLP_BLOCKED_VIEW.html">Blokerede kontakter</target>
      <target FeatureID="-1" href="IMNG_HLP_CONTACTDETAILS.html">Chatkontakt­detaljer</target>
   </keywords>
   <keywords>
      <text FeatureID="-1">Chat</text>
      <target FeatureID="-1" href="IMNG_HLP_COMMUNITY_VIEW_EMPTY.html">Begynde at bruge chat</target>
      <target FeatureID="-1" href="IMNG_HLP_COMMUNITY_VIEW.html">Chat</target>
      <target FeatureID="-1" href="IMNG_HLP_CONVERSATIONS.html">Chat­samtaler</target>
      <target FeatureID="-1" href="IMNG_HLP_CONTACTDETAILS.html">Chatkontakt­detaljer</target>
   </keywords>
   <keywords>
      <text FeatureID="-1">blokerede chatbrugere</text>
      <target FeatureID="-1" href="IMNG_HLP_BLOCKED_VIEW.html">Blokerede kontakter</target>
   </keywords>
   <keywords>
      <text FeatureID="-1">chat­indstillinger</text>
      <target FeatureID="-1" href="IMNG_HLP_SETTINGS.html">Chat­indstillinger</target>
      <target FeatureID="-1" href="IMNG_HLP_APPSETT.html">Chatprogram­indstillinger</target>
   </keywords>
   <keywords>
      <text FeatureID="-1">chat­servere</text>
      <target FeatureID="-1" href="IMNG_HLP_SERVLISTSETT_IM.html">Chat­servere</target>
   </keywords>
   <keywords>
      <text FeatureID="-1">Indstillinger for chatserver</text>
      <target FeatureID="-1" href="IMNG_HLP_DEFSERVER.html">Indstillinger for chatserver</target>
   </keywords>
   <keywords>
      <text FeatureID="-1">serverindstillinger</text>
      <target FeatureID="-1" href="IMNG_HLP_DEFSERVER.html">Indstillinger for chatserver</target>
   </keywords>
   <keywords>
      <text FeatureID="-1">invitationer</text>
      <target FeatureID="-1" href="IMNG_HLP_INVITE.html">Chat­invitationer</target>
   </keywords>
   <keywords>
      <text FeatureID="-1">chatgruppe­indstillinger</text>
      <target FeatureID="-1" href="IMNG_HLP_CREATECHAT.html">Chatgruppe­indstillinger</target>
   </keywords>
   <keywords>
      <text FeatureID="-1">samtaler</text>
      <target FeatureID="-1" href="IMNG_HLP_CONVERSATIONS.html">Chat­samtaler</target>
   </keywords>
</keywords>