<?xml version="1.0" encoding="UTF-8"?>
<keywords>
   <keywords>
      <text FeatureID="-1">بيانات GPS</text>
      <target FeatureID="-1" href="HLP_BLID_NAVIGATION.html">عرض الملاحة</target>
      <target FeatureID="false_112" href="BLID_HLP_WAYPOINTS.html">المواقع المحفوظة</target>
      <target FeatureID="-1" href="HLP_BLID_TRIPMETER.html">عرض مسافة الرحلة</target>
   </keywords>
   <keywords>
      <text FeatureID="-1">الملاحة نحو الوجهة</text>
      <target FeatureID="-1" href="HLP_BLID_NAVIGATION.html">عرض الملاحة</target>
   </keywords>
   <keywords>
      <text FeatureID="false_112">حفظ مواقع</text>
      <target FeatureID="false_112" href="BLID_HLP_WAYPOINTS.html">المواقع المحفوظة</target>
   </keywords>
   <keywords>
      <text FeatureID="-1">ضبط الملاح</text>
      <target FeatureID="-1" href="BLID_HLP_SETTINGS.html">ضبط بيانات GPS</target>
   </keywords>
   <keywords>
      <text FeatureID="-1">ضبط بيانات GPS</text>
      <target FeatureID="-1" href="BLID_HLP_SETTINGS.html">ضبط بيانات GPS</target>
   </keywords>
   <keywords>
      <text FeatureID="-1">معلومات الرحلة</text>
      <target FeatureID="-1" href="HLP_BLID_TRIPMETER.html">عرض مسافة الرحلة</target>
   </keywords>
   <keywords>
      <text FeatureID="-1">معلومات السفر</text>
      <target FeatureID="-1" href="HLP_BLID_TRIPMETER.html">عرض مسافة الرحلة</target>
   </keywords>
</keywords>