<?xml version="1.0" encoding="UTF-8"?>
<keywords>
   <keywords>
      <text FeatureID="-1">صندوق بريد المكالمات</text>
      <target FeatureID="-1" href="SMSVO_HLP_MAIN_VIEW.html">صندوق بريد المكالمات</target>
      <target FeatureID="true_298" href="SMSVO_HLP_CS_VIDEO_AND_XSP_VOIP.html">صندوق بريد المكالمات الصوتية ومكالمات الفيديو والإنترنت</target>
   </keywords>
   <keywords>
      <text FeatureID="-1">جهاز رد</text>
      <target FeatureID="-1" href="SMSVO_HLP_MAIN_VIEW.html">صندوق بريد المكالمات</target>
      <target FeatureID="true_89" href="SMSVO_HLP_CS_AND_VIDEO.html">صندوق بريد المكالمات والفيديو</target>
      <target FeatureID="true_298" href="SMSVO_HLP_CS_VIDEO_AND_XSP_VOIP.html">صندوق بريد المكالمات الصوتية ومكالمات الفيديو والإنترنت</target>
   </keywords>
   <keywords>
      <text FeatureID="true_89">صندوق بريد الفيديو</text>
      <target FeatureID="true_89" href="SMSVO_HLP_CS_AND_VIDEO.html">صندوق بريد المكالمات والفيديو</target>
   </keywords>
   <keywords>
      <text FeatureID="true_298">صندوق بريد مكالمات الإنترنت</text>
      <target FeatureID="true_298" href="SMSVO_HLP_CS_VIDEO_AND_XSP_VOIP.html">صندوق بريد المكالمات الصوتية ومكالمات الفيديو والإنترنت</target>
   </keywords>
</keywords>