<?xml version="1.0" encoding="UTF-8"?>
<keywords>
   <keywords>
      <text FeatureID="-1">giải mã, thẻ nhớ</text>
      <target FeatureID="-1" href="ES_HLP_ENCRYPTION_DECRYPT.html">Giải mã thẻ nhớ</target>
   </keywords>
   <keywords>
      <text FeatureID="-1">mã hóa, thẻ nhớ</text>
      <target FeatureID="-1" href="ES_HLP_ENCRYPTION_ENCRYPT.html">Mã hóa thẻ nhớ</target>
   </keywords>
   <keywords>
      <text FeatureID="-1">mã hóa, bộ nhớ điện thoại và thẻ nhớ</text>
      <target FeatureID="-1" href="ES_HLP_ENCRYPTION_MAIN.html">Mã hóa hoặc giải mã</target>
   </keywords>
   <keywords>
      <text FeatureID="-1">giải mã, bộ nhớ điện thoại và thẻ nhớ</text>
      <target FeatureID="-1" href="ES_HLP_ENCRYPTION_MAIN.html">Mã hóa hoặc giải mã</target>
   </keywords>
</keywords>