<?xml version="1.0" encoding="UTF-8"?><?xml-stylesheet  href="../../theme/xsl/index2html.xslt" type="text/xsl"?>
<topics FeatureID="-1" title="Rehber" compressed="true">
   <topicref FeatureID="-1" href="FDN_HLP_FDN_NUM_EDIT_VIEW.html" navtitle="Kartvizitleri düzenleme"/>
   <topicref FeatureID="-1" href="FDN_HLP_FDN_NUMBER_VIEW.html" navtitle="Sabit arama kartvizitleri"/>
   <topicref FeatureID="-1" href="FDN_HLP_FDN_VIEW.html" navtitle="Aramaları kısıtlama"/>
   <topicref FeatureID="-1" href="SDN_HLP_APP.html" navtitle="Servis numaraları"/>
   <topicref FeatureID="-1" href="HLP_CCA_DETAILS.html" navtitle="Kartvizit bilgileri"/>
   <topicref FeatureID="-1" href="HLP_CCA_EDITOR.html" navtitle="Kartvizitleri düzenleme"/>
   <topicref FeatureID="-1" href="HLP_CCA_LAUNCHER.html" navtitle="Kartvizitler"/>
   <topicref FeatureID="-1" href="PHOB_HLP_GROUP_LIST.html" navtitle="Kartvizit grupları"/>
   <topicref FeatureID="-1" href="PHOB_HLP_SIM_LIST.html" navtitle="SIM kartvizitleri dizini"/>
   <topicref FeatureID="-1" href="PHOB_HLP_MY_NUMBERS.html" navtitle="Numaralarım"/>
   <topicref FeatureID="-1" href="PHOB_HLP_GROUP_MEMBER_LIST.html" navtitle="Grup üyeleri"/>
   <topicref FeatureID="-1" href="PHOB_HLP_SETTINGS.html" navtitle="Rehber ayarları"/>
   <topicref FeatureID="-1" href="PHOB_HLP_NAME_LIST.html" navtitle="Rehber dizini"/>
</topics>