<?xml version="1.0" encoding="UTF-8"?>
<keywords>
   <keywords>
      <text FeatureID="-1">kartvizit grupları</text>
      <target FeatureID="-1" href="PHOB_HLP_GROUP_LIST.html">Kartvizit grupları</target>
      <target FeatureID="-1" href="PHOB_HLP_GROUP_MEMBER_LIST.html">Grup üyeleri</target>
   </keywords>
   <keywords>
      <text FeatureID="-1">SIM kartvizitleri</text>
      <target FeatureID="-1" href="PHOB_HLP_SIM_LIST.html">SIM rehberi dizini</target>
      <target FeatureID="-1" href="PHOB_HLP_SIM_INFO_VIEW.html">SIM kartvizitleri</target>
   </keywords>
   <keywords>
      <text FeatureID="-1">SIM numarası</text>
      <target FeatureID="-1" href="PHOB_HLP_MY_NUMBERS.html">Numaralarım</target>
   </keywords>
   <keywords>
      <text FeatureID="-1">Rehber'de isim sırası</text>
      <target FeatureID="-1" href="PHOB_HLP_SETTINGS.html">Rehber ayarları</target>
   </keywords>
   <keywords>
      <text FeatureID="-1">rehber hafızası</text>
      <target FeatureID="-1" href="PHOB_HLP_SETTINGS.html">Rehber ayarları</target>
   </keywords>
   <keywords>
      <text FeatureID="-1">varsayılan hafıza</text>
      <target FeatureID="-1" href="PHOB_HLP_SETTINGS.html">Rehber ayarları</target>
   </keywords>
   <keywords>
      <text FeatureID="-1">rehber dizini</text>
      <target FeatureID="-1" href="PHOB_HLP_NAME_LIST.html">Kartvizit listesi</target>
   </keywords>
   <keywords>
      <text FeatureID="-1">kartvizit bilgileri</text>
      <target FeatureID="-1" href="PHOB_HLP_NAME_LIST.html">Kartvizit listesi</target>
   </keywords>
   <keywords>
      <text FeatureID="-1">telefon defteri</text>
      <target FeatureID="-1" href="PHOB_HLP_NAME_LIST.html">Kartvizit listesi</target>
   </keywords>
   <keywords>
      <text FeatureID="-1">kartvizitler</text>
      <target FeatureID="-1" href="RLOOK_HLP_INFO_VIEW.html">Bulunan kartviziti yönetme</target>
      <target FeatureID="-1" href="PHOB_HLP_CONTACT_INFO_VIEW.html">Kartvizitler</target>
      <target FeatureID="-1" href="PHOB_HLP_EDIT_ENTRY.html">Kartvizitleri düzenleme</target>
   </keywords>
   <keywords>
      <text FeatureID="-1">rehber kayıtları</text>
      <target FeatureID="-1" href="PHOB_HLP_CONTACT_INFO_VIEW.html">Kartvizitler</target>
   </keywords>
   <keywords>
      <text FeatureID="-1">sabit arama</text>
      <target FeatureID="-1" href="FDN_HLP_FDN_NUMBER_VIEW.html">Sabit arama kartvizitleri</target>
      <target FeatureID="-1" href="FDN_HLP_FDN_VIEW.html">Aramaları kısıtlama</target>
   </keywords>
   <keywords>
      <text FeatureID="-1">aramaları kısıtlama</text>
      <target FeatureID="-1" href="FDN_HLP_FDN_VIEW.html">Aramaları kısıtlama</target>
   </keywords>
   <keywords>
      <text FeatureID="-1">servis numaraları</text>
      <target FeatureID="-1" href="SDN_HLP_APP.html">Servis numaraları</target>
   </keywords>
   <keywords>
      <text FeatureID="-1">SIM servis numaraları</text>
      <target FeatureID="-1" href="SDN_HLP_APP.html">Servis numaraları</target>
   </keywords>
   <keywords>
      <text FeatureID="-1">SIM karttaki servis numaraları</text>
      <target FeatureID="-1" href="SDN_HLP_APP.html">Servis numaraları</target>
   </keywords>
   <keywords>
      <text FeatureID="-1">SIM kart</text>
      <target FeatureID="-1" href="PHOB_HLP_SIM_INFO_VIEW.html">SIM kartvizitleri</target>
   </keywords>
</keywords>