<?xml version="1.0" encoding="UTF-8"?>
<keywords>
   <keywords>
      <text FeatureID="true_1116">kalend. ie­rakstu sūtīš.</text>
      <target FeatureID="true_1116" href="SMART_HLP_CALENDAREDITOR.html">Kalend. ie­rakstu sūtīš.</target>
   </keywords>
   <keywords>
      <text FeatureID="true_1114">kalend. ier. saņemšana</text>
      <target FeatureID="true_1114" href="SMART_HLP_CALENDARVIEWER.html">Saņemtie kalendāra ieraksti</target>
   </keywords>
   <keywords>
      <text FeatureID="true_1114">kalendāra ieraksti</text>
      <target FeatureID="true_1114" href="SMART_HLP_CALPULLMESVIEWER.html">Kalendāra ie­rakstu ielāde</target>
   </keywords>
   <keywords>
      <text FeatureID="true_1117 true_1115">vizītkartes</text>
      <target FeatureID="true_1117" href="SMART_HLP_BUSINESSEDITOR.html">Vizītkaršu sūtīšana</target>
      <target FeatureID="true_1115" href="SMART_HLP_BUSINESSVIEWER.html">Saņemtās vizītkartes</target>
      <target FeatureID="true_1115" href="SMART_HLP_BUSPULLMESVIEWER.html">Vizītkartes ielāde</target>
   </keywords>
   <keywords>
      <text FeatureID="true_1111">zvana signāli</text>
      <target FeatureID="true_1111" href="SMART_HLP_RINGVIEWER.html">Saņemtie zvana signāli</target>
   </keywords>
   <keywords>
      <text FeatureID="true_1110">operatora logotipi</text>
      <target FeatureID="true_1110" href="SMART_HLP_OPLOGOVIEWER.html">Saņemtie operatora logotipi</target>
   </keywords>
   <keywords>
      <text FeatureID="true_1106">grāmatzīmes</text>
      <target FeatureID="true_1106" href="SMART_HLP_ONEBOOKVIEWER.html">Saņemtā grāmatzīme</target>
   </keywords>
   <keywords>
      <text FeatureID="true_1112">grafikas saņemšana</text>
      <target FeatureID="true_1112" href="SMART_HLP_GMSVIEWER.html">Grafisko īszi­ņu apskate</target>
   </keywords>
   <keywords>
      <text FeatureID="true_1112">grafiskās īsziņas</text>
      <target FeatureID="true_1112" href="SMART_HLP_GMSVIEWER.html">Grafisko īszi­ņu apskate</target>
   </keywords>
   <keywords>
      <text FeatureID="true_1537">attālā diska konfigurācija</text>
      <target FeatureID="true_1537" href="SMART_HLP_REMOTEDRIVES_VIEWER.html">Saņemiet attālā diska konfigurāciju</target>
      <target FeatureID="true_1537" href="SMART_HLP_REMOTEDRIVES_EDITOR.html">Sūtiet attālā diska konfigurāciju</target>
   </keywords>
</keywords>