<?xml version="1.0" encoding="UTF-8"?>
<keywords>
   <keywords>
      <text FeatureID="-1">poruke, prosljeđivanje</text>
      <target FeatureID="-1" href="MMS_HLP_MMS_FWD_REQUEST.html">Prosljeđivanje multimedijalnih poruka</target>
   </keywords>
   <keywords>
      <text FeatureID="-1">multimedijske poruke</text>
      <target FeatureID="-1" href="MMS_HLP_MMS_FWD_REQUEST_SEND.html">Prosljeđivanje stavki iz mape Poslano</target>
      <target FeatureID="-1" href="MMS_HLP_MMS_VIEWER.html">Prikaz multimedijskih poruka</target>
   </keywords>
   <keywords>
      <text FeatureID="-1">obavijesti o multimediji</text>
      <target FeatureID="-1" href="MMS_HLP_NOTIFICATION_VIEWER.html">Obavijesti o multimediji</target>
   </keywords>
   <keywords>
      <text FeatureID="-1">medijski objekti</text>
      <target FeatureID="-1" href="MMS_HLP_OBJECTS_VIEW_VIEWER.html">Prikaz medijskih objekata</target>
   </keywords>
   <keywords>
      <text FeatureID="-1">multimedijski objekti</text>
      <target FeatureID="-1" href="MMS_HLP_OBJECTS_VIEW_VIEWER.html">Prikaz medijskih objekata</target>
   </keywords>
   <keywords>
      <text FeatureID="-1">MMS</text>
      <target FeatureID="-1" href="MMS_HLP_MMS_VIEWER.html">Prikaz multimedijskih poruka</target>
   </keywords>
</keywords>