<?xml version="1.0" encoding="UTF-8"?>
<keywords>
   <keywords>
      <text FeatureID="-1">데이터 전송</text>
      <target FeatureID="-1" href="SWITCH_HLP_EDIT_SHORTCUT.html">바로 가기 설정</target>
      <target FeatureID="-1" href="SWITCH_HLP_MAIN.html">전송 데이터</target>
      <target FeatureID="-1" href="SWITCH_HLP_LOG.html">전송 로그</target>
   </keywords>
   <keywords>
      <text FeatureID="-1">전송 데이터</text>
      <target FeatureID="-1" href="SWITCH_HLP_EDIT_SHORTCUT.html">바로 가기 설정</target>
      <target FeatureID="-1" href="SWITCH_HLP_MAIN.html">전송 데이터</target>
   </keywords>
   <keywords>
      <text FeatureID="-1">바로 가기</text>
      <target FeatureID="-1" href="SWITCH_HLP_EDIT_SHORTCUT.html">바로 가기 설정</target>
   </keywords>
   <keywords>
      <text FeatureID="-1">데이터 전송, 충돌</text>
      <target FeatureID="-1" href="SWITCH_HLP_CONFLICT.html">전송 충돌</target>
   </keywords>
   <keywords>
      <text FeatureID="-1">콘텐츠 복사</text>
      <target FeatureID="-1" href="SWITCH_HLP_MAIN.html">전송 데이터</target>
   </keywords>
   <keywords>
      <text FeatureID="-1">전송 로그</text>
      <target FeatureID="-1" href="SWITCH_HLP_LOG.html">전송 로그</target>
   </keywords>
</keywords>