<?xml version="1.0" encoding="UTF-8"?>
<keywords>
   <keywords>
      <text FeatureID="-1">software, aktualizace</text>
      <target FeatureID="-1" href="SWUPDATE_HLP_MAIN.html">Aktualizace softwaru</target>
   </keywords>
   <keywords>
      <text FeatureID="-1">aktualizace softwaru</text>
      <target FeatureID="-1" href="SWUPDATE_HLP_MAIN.html">Aktualizace softwaru</target>
   </keywords>
   <keywords>
      <text FeatureID="-1">nastavení aktualizace softwaru</text>
      <target FeatureID="-1" href="SWUPDATE_HLP_SETTINGS.html">Nastavení aktualizace softwaru</target>
   </keywords>
</keywords>