<?xml version="1.0" encoding="UTF-8"?>
<keywords>
   <keywords>
      <text FeatureID="-1">即时信息</text>
      <target FeatureID="-1" href="SERVTAB_HLP_CONVERSATION.html">发送即时信息</target>
   </keywords>
   <keywords>
      <text FeatureID="-1">聊天</text>
      <target FeatureID="-1" href="SERVTAB_HLP_CONVERSATION.html">发送即时信息</target>
   </keywords>
   <keywords>
      <text FeatureID="-1">会话</text>
      <target FeatureID="-1" href="SERVTAB_HLP_CONVERSATION.html">发送即时信息</target>
   </keywords>
</keywords>