<?xml version="1.0" encoding="UTF-8"?>
<keywords>
   <keywords>
      <text FeatureID="-1">הגדרות דואר אלקטרוני</text>
      <target FeatureID="-1" href="MBXS_HLP_SETT_DOWNL_CTRL.html">הגדרות אחזור דואר אלקטרוני</target>
      <target FeatureID="-1" href="MBXS_HLP_SETT_DOWNL_RETR.html">כמות אחזור דואר אלקטרוני</target>
      <target FeatureID="-1" href="MBXS_HLP_SETT_MBX_IN.html">הגדרות דואר אלקטרוני נכנס</target>
      <target FeatureID="-1" href="MBXS_HLP_SETT_MBX_IN_OUT.html">הגדרות חיבור</target>
      <target FeatureID="-1" href="MBXS_HLP_SETT_MBX_OUT.html">הגדרות דואר אלקטרוני יוצא</target>
      <target FeatureID="-1" href="MCE_HLP_SETTINGS_EMAIL.html">הגדרות דואר אלקטרוני</target>
      <target FeatureID="-1" href="MCE_HLP_SETT_EMAILMAIN.html">עריכת תיבות דואר</target>
      <target FeatureID="-1" href="MCE_HLP_SETT_MAILBLIST.html">תיבות דואר</target>
      <target FeatureID="-1" href="MCE_HLP_SETT_MAILFOLDER_UPD.html">תיקיות תיבת הדואר</target>
      <target FeatureID="true_1633" href="MCE_HLP_SETT_MAIL_ONLI.html">אחזור אוטומטי</target>
   </keywords>
   <keywords>
      <text FeatureID="-1">הגדרות תיבת דואר</text>
      <target FeatureID="-1" href="MCE_HLP_SETT_EMAILMAIN.html">עריכת תיבות דואר</target>
   </keywords>
   <keywords>
      <text FeatureID="-1">תיבת דואר</text>
      <target FeatureID="-1" href="MCE_HLP_SETT_MAILBLIST.html">תיבות דואר</target>
      <target FeatureID="-1" href="MCE_HLP_MAILBOX_ONLINE.html">דואר אלקטרוני במצב מקוון</target>
   </keywords>
   <keywords>
      <text FeatureID="-1">תיקיות תיבת הדואר</text>
      <target FeatureID="-1" href="MCE_HLP_SETT_MAILFOLDER_UPD.html">תיקיות תיבת הדואר</target>
   </keywords>
   <keywords>
      <text FeatureID="-1">הגדרות משתמש</text>
      <target FeatureID="-1" href="MCE_HLP_SETT_MAIL_USER.html">הגדרות משתמש</target>
   </keywords>
   <keywords>
      <text FeatureID="true_44">הגדרות סינכרון תיבת דואר</text>
      <target FeatureID="true_44" href="MCE_HLP_SETT_SMAILBOX.html">הגדרות סינכרון תיבת דואר</target>
   </keywords>
   <keywords>
      <text FeatureID="true_44">הגדרות סינכרון דואר אלקטרוני</text>
      <target FeatureID="true_44" href="MCE_HLP_SETT_SMAILBOX.html">הגדרות סינכרון תיבת דואר</target>
   </keywords>
   <keywords>
      <text FeatureID="-1">דואר אלקטרוני במצב לא מקוון</text>
      <target FeatureID="-1" href="MCE_HLP_MAILBOX_OFFLINE.html">דואר אלקטרוני במצב לא מקוון</target>
   </keywords>
   <keywords>
      <text FeatureID="-1">התחברות לתיבת דואר</text>
      <target FeatureID="-1" href="MCE_HLP_MAILBOX_ONLINE.html">דואר אלקטרוני במצב מקוון</target>
   </keywords>
   <keywords>
      <text FeatureID="-1">דואר אלקטרוני במצב מקוון</text>
      <target FeatureID="-1" href="MCE_HLP_MAILBOX_ONLINE.html">דואר אלקטרוני במצב מקוון</target>
      <target FeatureID="-1" href="MCE_HLP_MAILBOX_ONLINE.html">דואר אלקטרוני במצב מקוון</target>
   </keywords>
</keywords>