<?xml version="1.0" encoding="UTF-8"?>
<keywords>
   <keywords>
      <text FeatureID="-1">data transfer</text>
      <target FeatureID="-1" href="SWITCH_HLP_EDIT_SHORTCUT.html">Shortcut settings</target>
      <target FeatureID="-1" href="SWITCH_HLP_MAIN.html">Transfer data</target>
      <target FeatureID="-1" href="SWITCH_HLP_LOG.html">Transfer log</target>
   </keywords>
   <keywords>
      <text FeatureID="-1">transferring data</text>
      <target FeatureID="-1" href="SWITCH_HLP_EDIT_SHORTCUT.html">Shortcut settings</target>
      <target FeatureID="-1" href="SWITCH_HLP_MAIN.html">Transfer data</target>
   </keywords>
   <keywords>
      <text FeatureID="-1">shortcuts</text>
      <target FeatureID="-1" href="SWITCH_HLP_EDIT_SHORTCUT.html">Shortcut settings</target>
   </keywords>
   <keywords>
      <text FeatureID="-1">data transfer, conflicts</text>
      <target FeatureID="-1" href="SWITCH_HLP_CONFLICT.html">Transfer conflicts</target>
   </keywords>
   <keywords>
      <text FeatureID="-1">copying content</text>
      <target FeatureID="-1" href="SWITCH_HLP_MAIN.html">Transfer data</target>
   </keywords>
   <keywords>
      <text FeatureID="-1">transfer log</text>
      <target FeatureID="-1" href="SWITCH_HLP_LOG.html">Transfer log</target>
   </keywords>
</keywords>