<?xml version="1.0" encoding="UTF-8"?>
<keywords>
   <keywords>
      <text FeatureID="-1">העברת נתונים</text>
      <target FeatureID="-1" href="SWITCH_HLP_EDIT_SHORTCUT.html">הגדרות קיצורים</target>
      <target FeatureID="-1" href="SWITCH_HLP_EDIT_SHORTCUT.html">הגדרות קיצורים</target>
      <target FeatureID="-1" href="SWITCH_HLP_MAIN.html">העברת נתונים</target>
      <target FeatureID="-1" href="SWITCH_HLP_MAIN.html">העברת נתונים</target>
      <target FeatureID="-1" href="SWITCH_HLP_LOG.html">יומן העברה</target>
   </keywords>
   <keywords>
      <text FeatureID="-1">קיצורים</text>
      <target FeatureID="-1" href="SWITCH_HLP_EDIT_SHORTCUT.html">הגדרות קיצורים</target>
   </keywords>
   <keywords>
      <text FeatureID="-1">העברת נתונים, התנגשויות</text>
      <target FeatureID="-1" href="SWITCH_HLP_CONFLICT.html">התנגשויות בהעברות</target>
   </keywords>
   <keywords>
      <text FeatureID="-1">העתקת תוכן</text>
      <target FeatureID="-1" href="SWITCH_HLP_MAIN.html">העברת נתונים</target>
   </keywords>
   <keywords>
      <text FeatureID="-1">יומן העברה</text>
      <target FeatureID="-1" href="SWITCH_HLP_LOG.html">יומן העברה</target>
   </keywords>
</keywords>