<?xml version="1.0" encoding="UTF-8"?>
<keywords>
   <keywords>
      <text FeatureID="-1">samstilling</text>
      <target FeatureID="-1" href="DS_HLP_MAIN_VIEW.html">Samstilling gagna</target>
   </keywords>
   <keywords>
      <text FeatureID="-1">samstillingarsnið</text>
      <target FeatureID="-1" href="DS_HLP_MAIN_VIEW.html">Samstilling gagna</target>
      <target FeatureID="-1" href="DS_HLP_SETTINGS.html">Samstillingarsniðum breytt</target>
   </keywords>
   <keywords>
      <text FeatureID="-1">samstillingar</text>
      <target FeatureID="-1" href="DS_HLP_SETTINGS_CAL.html">Samstilling dagbókar</target>
      <target FeatureID="-1" href="DS_HLP_SETTINGS_CNT.html">Samstilling tengiliða</target>
      <target FeatureID="-1" href="DS_HLP_SETTINGS_NOTES.html">Samstilling minnismiða</target>
      <target FeatureID="-1" href="DS_HLP_SETTINGS_SMS.html">SMS-samstillingar</target>
      <target FeatureID="true_44" href="DS_HLP_SETTINGS_SYNCML.html">Samstilling tölvupósts</target>
   </keywords>
</keywords>