<?xml version="1.0" encoding="UTF-8"?>
<keywords>
   <keywords>
      <text FeatureID="-1">pozycje rocznicowe, tworzenie</text>
      <target FeatureID="-1" href="FSCA_HLP_ANNIVERSARY_EDITOR.html">Tworzenie pozycji rocznicowych</target>
   </keywords>
   <keywords>
      <text FeatureID="-1">pozycje spotkań, tworzenie</text>
      <target FeatureID="-1" href="FSCA_HLP_CALE_MEETING_EDITOR.html">Tworzenie pozycji spotkań</target>
   </keywords>
   <keywords>
      <text FeatureID="-1">pozycje notatek, tworzenie</text>
      <target FeatureID="-1" href="FSCA_HLP_MEMO_EDITOR.html">Tworzenie pozycji typu notatka</target>
   </keywords>
   <keywords>
      <text FeatureID="-1">pozycje zadań, tworzenie</text>
      <target FeatureID="-1" href="FSCA_HLP_TODO_EDITOR.html">Tworzenie pozycji typu zadanie</target>
   </keywords>
   <keywords>
      <text FeatureID="-1">pozycje spotkań, edycja</text>
      <target FeatureID="-1" href="FSCA_HLP_CALE_MEETING_VIEWER.html">Edycja pozycji spotkań</target>
   </keywords>
   <keywords>
      <text FeatureID="-1">pozycje notatek, edycja</text>
      <target FeatureID="-1" href="FSCA_HLP_MEMO_VIEWER.html">Edycja pozycji notatek</target>
   </keywords>
   <keywords>
      <text FeatureID="-1">pozycje zadań, edycja</text>
      <target FeatureID="-1" href="FSCA_HLP_TODO_VIEWER.html">Edycja pozycji zadań</target>
   </keywords>
   <keywords>
      <text FeatureID="-1">pozycje rocznicowe, wyświetlanie</text>
      <target FeatureID="-1" href="FSCA_HLP_ANNI_VIEWER.html">Edycja pozycji rocznicowych</target>
   </keywords>
   <keywords>
      <text FeatureID="-1">żądania spotkań, edytowanie odpowiedzi</text>
      <target FeatureID="-1" href="FSCA_HLP_RESPONSE_EDITOR.html">Edycja odpowiedzi</target>
   </keywords>
   <keywords>
      <text FeatureID="-1">żądania spotkań, zarządzanie</text>
      <target FeatureID="-1" href="FSCA_HLP_VIEWER_ORGANIZER.html">Zarządzanie żądaniami spotkania</target>
   </keywords>
   <keywords>
      <text FeatureID="-1">żądania spotkań, edycja</text>
      <target FeatureID="-1" href="MEET_REQ_HLP_EDITOR.html">Otrzymane żądania spotkań</target>
   </keywords>
   <keywords>
      <text FeatureID="-1">żądania spotkań, odpowiadanie</text>
      <target FeatureID="-1" href="FSCA_HLP_VIEWER.html">Odpowiadanie na żądania spotkania</target>
   </keywords>
   <keywords>
      <text FeatureID="-1">kontakty</text>
      <target FeatureID="-1" href="RLOOK_HLP_INFO_VIEW.html">Zarządzanie znalezionym kontaktem</target>
   </keywords>
   <keywords>
      <text FeatureID="-1">kontakty, wyszukiwanie</text>
      <target FeatureID="-1" href="RLOOK_HLP_RESULT_VIEW.html">Wyniki wyszukiwania</target>
   </keywords>
   <keywords>
      <text FeatureID="-1">e-mail, załączniki</text>
      <target FeatureID="-1" href="FSE_HLP_ATTACHMENT_LIST_EDITOR.html">Dodawanie załączników</target>
   </keywords>
   <keywords>
      <text FeatureID="-1">usunięte wiadomości e-mail</text>
      <target FeatureID="-1" href="FSE_HLP_MESSAGE_LIST_DELETED.html">Usunięte wiadomości e-mail</target>
   </keywords>
   <keywords>
      <text FeatureID="-1">pobieranie załączników e-mail</text>
      <target FeatureID="-1" href="FSE_HLP_ATTACHMENT_LIST.html">Pobieranie załączników</target>
   </keywords>
   <keywords>
      <text FeatureID="-1">robocze wiadomości e-mail</text>
      <target FeatureID="-1" href="FSE_HLP_MESSAGE_LIST_DRAFTS.html">Wiadomości robocze e-mail</target>
   </keywords>
   <keywords>
      <text FeatureID="-1">Nokia E-mail</text>
      <target FeatureID="-1" href="FSE_HLP_LAUNCHER_GRID.html">Nokia E-mail</target>
   </keywords>
   <keywords>
      <text FeatureID="-1">poczta e-mail</text>
      <target FeatureID="-1" href="FSE_HLP_LAUNCHER_GRID.html">Nokia E-mail</target>
   </keywords>
   <keywords>
      <text FeatureID="-1">foldery e-mail</text>
      <target FeatureID="-1" href="FSE_HLP_FOLDER_LIST.html">Foldery poczty e-mail</target>
      <target FeatureID="-1" href="FSE_HLP_SETT_IMAP_SUBSCR.html">Subskrypcja folderów</target>
      <target FeatureID="-1" href="FSE_HLP_MESSAGE_LIST_INBOX.html">Praca z folderami poczty e-mail</target>
   </keywords>
   <keywords>
      <text FeatureID="-1">ustawienia poczty e-mail</text>
      <target FeatureID="-1" href="FSE_HLP_LAUNCHER_SETTINGS.html">Ogólne ustawienia poczty e-mail</target>
      <target FeatureID="-1" href="FSE_HLP_POP_IMAP_SETT_MAIN.html">Ustawienia e-mail</target>
      <target FeatureID="-1" href="FSE_HLP_IMS_SETTINGS_MAIN_VIEW.html">Ustawienia e-mail</target>
      <target FeatureID="-1" href="FSE_HLP_MFE_SETTINGS_MAIN_VIEW.html">Ustawienia poczty e-mail</target>
   </keywords>
   <keywords>
      <text FeatureID="-1">globalne ustawienia poczty e-mail</text>
      <target FeatureID="-1" href="FSE_HLP_SETTINGS_GLOBAL.html">Globalne ustawienia poczty e-mail</target>
   </keywords>
   <keywords>
      <text FeatureID="-1">HTML e-mail</text>
      <target FeatureID="-1" href="FS_VIEWER_HLP_HTML_VIEW.html">Wiadomości e-mail w formacie HTML</target>
   </keywords>
   <keywords>
      <text FeatureID="-1">zaawansowane ustawienia poczty e-mail</text>
      <target FeatureID="-1" href="FSE_HLP_POP_IMAP_SETT_ADV.html">Zaawansowane ustawienia poczty e-mail</target>
   </keywords>
   <keywords>
      <text FeatureID="-1">ustawienia przychodzącej poczty e-mail</text>
      <target FeatureID="-1" href="FSE_HLP_POP_IMAP_SETT_INCOMING.html">Ustawienia przychodzącej poczty e-mail</target>
   </keywords>
   <keywords>
      <text FeatureID="-1">wychodząca poczta e-mail – ustawienia</text>
      <target FeatureID="-1" href="FSE_HLP_POP_IMAP_SETT_OUTGOING.html">Wychodząca poczta e-mail – ustawienia</target>
   </keywords>
   <keywords>
      <text FeatureID="-1">synchronizacja e-mail</text>
      <target FeatureID="-1" href="FSE_HLP_POP_IMAP_SETT_WHAT.html">Wybór zawartości do synchronizacji</target>
   </keywords>
   <keywords>
      <text FeatureID="-1">czas synchronizacji poczty e-mail</text>
      <target FeatureID="-1" href="FSE_HLP_POP_IMAP_SETT_WHEN.html">Wybór czasu synchronizacji</target>
      <target FeatureID="-1" href="FSE_HLP_IMS_SETTINGS_WHEN_SYNC.html">Określ czas synchronizacji</target>
      <target FeatureID="-1" href="FSE_HLP_MFE_SETTINGS_WHEN_SYNC.html">Wybierz czas synchronizacji</target>
      <target FeatureID="-1" href="FSE_HLP_SETTINGS_WHEN_SYNC.html">Czas synchronizacji</target>
   </keywords>
   <keywords>
      <text FeatureID="-1">ustawienia konta e-mail</text>
      <target FeatureID="-1" href="FSE_HLP_IMS_SETTINGS_ACCT_INFO.html">Ustawienia konta e-mail</target>
   </keywords>
   <keywords>
      <text FeatureID="-1">zaawansowane ustawienia skrzynki pocztowej</text>
      <target FeatureID="-1" href="FSE_HLP_IMS_SETTINGS_ADVANCED.html">Zaawansowane ustawienia skrzynki pocztowej</target>
      <target FeatureID="-1" href="FSE_HLP_MFE_SETTINGS_ADVANCED.html">Zaawansowane ustawienia skrzynki pocztowej</target>
   </keywords>
   <keywords>
      <text FeatureID="-1">ust. skrz. pocztowych</text>
      <target FeatureID="-1" href="FSE_HLP_IMS_SETTINGS_MAILBOX.html">Ustawienia skrzynki pocztowej</target>
      <target FeatureID="-1" href="FSE_HLP_MFE_SETTINGS_MAILBOX.html">Ogólne ustawienia skrzynki pocztowej</target>
   </keywords>
   <keywords>
      <text FeatureID="-1">synchronizowana zawartość e-mail</text>
      <target FeatureID="-1" href="FSE_HLP_IMS_SETTINGS_WHAT_SYNC.html">Określ zawartość do synchronizacji</target>
      <target FeatureID="-1" href="FSE_HLP_MFE_SETTINGS_WHAT_SYNC.html">Wybierz zawartość do synchronizacji</target>
   </keywords>
   <keywords>
      <text FeatureID="-1">synchronizacja folderów e-mail</text>
      <target FeatureID="-1" href="FSE_HLP_IMS_SETTINGS_FOLDER.html">Synchronizacja folderów poczty e-mail</target>
      <target FeatureID="-1" href="FSE_HLP_MFE_SETTINGS_FOLDER.html">Ustawienia synchronizacji</target>
   </keywords>
   <keywords>
      <text FeatureID="-1">ustawienia usługi e-mail</text>
      <target FeatureID="-1" href="FSE_HLP_SETTINGS_INTELL_LIST.html">Ustawienia usługi E-mail</target>
   </keywords>
   <keywords>
      <text FeatureID="-1">Intellisync</text>
      <target FeatureID="-1" href="FSE_HLP_IMS_LAUNCHER_MAIN_VIEW.html">Intellisync e-mail</target>
   </keywords>
   <keywords>
      <text FeatureID="-1">Poczta Exchange</text>
      <target FeatureID="-1" href="FSE_HLP_MFE_LAUNCHER_MAIN_VIEW.html">Mail for Exchange e-mail</target>
   </keywords>
   <keywords>
      <text FeatureID="-1">szczegóły e-mail</text>
      <target FeatureID="-1" href="FS_VIEWER_HLP_DETAILS_VIEW.html">Szczegóły wiadomości</target>
   </keywords>
   <keywords>
      <text FeatureID="-1">ustawienia synchronizacji poczty e-mail</text>
      <target FeatureID="-1" href="FSE_HLP_MFE_SETTINGS_PIM_APPS.html">Ustawienia synchronizacji aplikacji</target>
   </keywords>
   <keywords>
      <text FeatureID="-1">synchronizacja kalendarza</text>
      <target FeatureID="-1" href="FSE_HLP_MFE_CALENDAR_APP.html">Ustawienia synchronizacji Kalendarza</target>
   </keywords>
   <keywords>
      <text FeatureID="-1">synchronizacja kontaktów,</text>
      <target FeatureID="-1" href="FSE_HLP_MFE_CONTACTS_APP.html">Ustawienia synchronizacji Kontaktów</target>
   </keywords>
   <keywords>
      <text FeatureID="-1">synchronizacja pozycji zadań</text>
      <target FeatureID="-1" href="FSE_HLP_MFE_TASKS_APP.html">Ustawienia synchronizacji listy zadań</target>
   </keywords>
   <keywords>
      <text FeatureID="-1">brak wiadomości e-mail</text>
      <target FeatureID="-1" href="FSE_HLP_MESSAGE_LIST_EMPTY.html">Brak wiadomości</target>
   </keywords>
   <keywords>
      <text FeatureID="-1">skrzynka nadawcza e-mail</text>
      <target FeatureID="-1" href="FSE_HLP_MESSAGE_LIST_OUTBOX.html">Praca ze Skrzynką nadawczą</target>
   </keywords>
   <keywords>
      <text FeatureID="-1">żądania spotkań</text>
      <target FeatureID="-1" href="FS_VIEWER_HLP_MEETING_REQ_VIEW.html">Żądanie spotkania</target>
   </keywords>
   <keywords>
      <text FeatureID="-1">wyszukiwanie e-mail</text>
      <target FeatureID="-1" href="FSE_HLP_MESSAGE_LIST_SEARCHING.html">Wyszukiwanie wiadomości e-mail</target>
   </keywords>
   <keywords>
      <text FeatureID="-1">wyniki wyszukiwania e-mail</text>
      <target FeatureID="-1" href="FSE_HLP_MESSAGE_LIST_SEARCHED.html">Wyniki wyszukiwania</target>
   </keywords>
   <keywords>
      <text FeatureID="-1">wysyłanie wiadomości e-mail</text>
      <target FeatureID="-1" href="FS_EDITOR_HLP_MAIN_VIEW.html">Wysyłanie wiadomości e-mail</target>
   </keywords>
   <keywords>
      <text FeatureID="-1">Usługa PIM</text>
      <target FeatureID="-1" href="FSE_HLP_SETTINGS_PIM_VIEW.html">Usługa PIM</target>
   </keywords>
   <keywords>
      <text FeatureID="-1">synchronizacja aplikacji</text>
      <target FeatureID="-1" href="FSE_HLP_SETTINGS_APPLICATIONS.html">Synchronizacja aplikacji</target>
   </keywords>
   <keywords>
      <text FeatureID="-1">załączniki poczty e-mail</text>
      <target FeatureID="-1" href="FSE_HLP_ATTACHMENT_DOWNLOAD.html">Przeglądanie pobranych załączników</target>
   </keywords>
   <keywords>
      <text FeatureID="-1">odebrana poczta e-mail</text>
      <target FeatureID="-1" href="FS_VIEWER_HLP_MAIN_VIEW.html">Praca z odebraną pocztą e-mail</target>
   </keywords>
</keywords>