<?xml version="1.0" encoding="UTF-8"?>
<keywords>
   <keywords>
      <text FeatureID="-1">software bijwerken</text>
      <target FeatureID="-1" href="SWUPDATE_HLP_MAIN.html">Software-update</target>
   </keywords>
   <keywords>
      <text FeatureID="-1">software-update</text>
      <target FeatureID="-1" href="SWUPDATE_HLP_MAIN.html">Software-update</target>
   </keywords>
   <keywords>
      <text FeatureID="-1">software-update, instellingen</text>
      <target FeatureID="-1" href="SWUPDATE_HLP_SETTINGS.html">Instellingen software-updates</target>
   </keywords>
</keywords>