<?xml version="1.0" encoding="UTF-8"?>
<keywords>
   <keywords>
      <text FeatureID="-1">meneruskan pesan</text>
      <target FeatureID="-1" href="MMS_HLP_MMS_FWD_REQUEST.html">Meneruskan pesan multimedia</target>
   </keywords>
   <keywords>
      <text FeatureID="-1">pesan multimedia</text>
      <target FeatureID="-1" href="MMS_HLP_MMS_FWD_REQUEST_SEND.html">Meneruskan p'mint. dalam item Terkirim</target>
      <target FeatureID="-1" href="MMS_HLP_MMS_VIEWER.html">Melihat pesan multimedia</target>
   </keywords>
   <keywords>
      <text FeatureID="-1">pemberitahuan multimedia</text>
      <target FeatureID="-1" href="MMS_HLP_NOTIFICATION_VIEWER.html">Pemberitahuan multimedia</target>
   </keywords>
   <keywords>
      <text FeatureID="-1">objek media</text>
      <target FeatureID="-1" href="MMS_HLP_OBJECTS_VIEW_VIEWER.html">Melihat objek media</target>
   </keywords>
   <keywords>
      <text FeatureID="-1">objek multimedia</text>
      <target FeatureID="-1" href="MMS_HLP_OBJECTS_VIEW_VIEWER.html">Melihat objek media</target>
   </keywords>
   <keywords>
      <text FeatureID="-1">MMS</text>
      <target FeatureID="-1" href="MMS_HLP_MMS_VIEWER.html">Melihat pesan multimedia</target>
   </keywords>
</keywords>