<?xml version="1.0" encoding="UTF-8"?><?xml-stylesheet  href="../../theme/xsl/index2html.xslt" type="text/xsl"?>
<topics FeatureID="-1" title="Kaamera" compressed="true">
   <topicref FeatureID="-1" href="LCAM_HLP_VIEWFINDER_PHOTO.html" navtitle="Pildistamine"/>
   <topicref FeatureID="-1" href="LCAM_HLP_LIGHT_SENSITIVITY.html" navtitle="Valgustundlikkuse muutmine"/>
   <topicref FeatureID="-1" href="LCAM_HLP_SETTINGS_PHOUSER.html" navtitle="Stseenide määramine"/>
   <topicref FeatureID="-1" href="LCAM_HLP_SCENES_PHOTO.html" navtitle="Pildistseenid"/>
   <topicref FeatureID="-1" href="LCAM_HLP_SETTINGS.html" navtitle="Kaamera seaded"/>
   <topicref FeatureID="-1" href="LCAM_HLP_SETTINGS_PHOTO.html" navtitle="Pildiseaded"/>
   <topicref FeatureID="-1" href="LCAM_HLP_VIEWFINDER_VIDEO.html" navtitle="Videoklippide salvestamine"/>
   <topicref FeatureID="-1" href="LCAM_HLP_SCENES_VIDEO.html" navtitle="Videostseenid"/>
   <topicref FeatureID="-1" href="LCAM_HLP_SETTINGS_VIDEO.html" navtitle="Video seaded"/>
   <topicref FeatureID="-1" href="LCAM_HLP_VIEWFINDER_VIDEO_EM.html" navtitle="Videod rakendustes"/>
   <topicref FeatureID="-1" href="LCAM_HLP_STANDBY_EM.html" navtitle="Kaamera pole aktiivne"/>
   <topicref FeatureID="-1" href="LCAM_HLP_POST_VIDEO.html" navtitle="Videoklippide esitamine"/>
   <topicref FeatureID="-1" href="LCAM_HLP_VIEWFINDER_PHOTO_EM.html" navtitle="Pildid rakendustes"/>
   <topicref FeatureID="-1" href="LCAM_HLP_POST_PHOTO.html" navtitle="Tehtud piltide vaatamine"/>
</topics>