<?xml version="1.0" encoding="UTF-8"?>
<keywords>
   <keywords>
      <text FeatureID="-1">kaamera</text>
      <target FeatureID="-1" href="LCAM_HLP_VIEWFINDER_PHOTO.html">Pildistamine</target>
      <target FeatureID="false_410" href="LCAM_HLP_LIGHT_SENSITIVITY.html">Valgustundlikkuse muutmine</target>
      <target FeatureID="-1" href="LCAM_HLP_SCENES_PHOTO.html">Pildistseenid</target>
      <target FeatureID="-1" href="LCAM_HLP_VIEWFINDER_VIDEO.html">Videoklippide salvestamine</target>
      <target FeatureID="false_410" href="LCAM_HLP_SCENES_VIDEO.html">Videostseenid</target>
      <target FeatureID="-1" href="LCAM_HLP_VIEWFINDER_VIDEO_EM.html">Videod rakendustes</target>
      <target FeatureID="false_410" href="LCAM_HLP_STANDYBY_EM.html">Kaamera pole aktiivne</target>
      <target FeatureID="-1" href="LCAM_HLP_POST_VIDEO.html">Videoklippide esitamine</target>
      <target FeatureID="-1" href="LCAM_HLP_POST_PHOTO.html">Tehtud piltide vaatamine</target>
      <target FeatureID="true_132" href="LCAM_HLP_POST_SEQ.html">Sarivõtterežiimis tehtud piltide vaatamine</target>
   </keywords>
   <keywords>
      <text FeatureID="-1">pildistamine</text>
      <target FeatureID="-1" href="LCAM_HLP_VIEWFINDER_PHOTO.html">Pildistamine</target>
   </keywords>
   <keywords>
      <text FeatureID="false_410">valgustundlikkus</text>
      <target FeatureID="false_410" href="LCAM_HLP_LIGHT_SENSITIVITY.html">Valgustundlikkuse muutmine</target>
   </keywords>
   <keywords>
      <text FeatureID="-1">kaamerastseenid</text>
      <target FeatureID="-1" href="LCAM_HLP_SETTINGS_PHOUSER.html">Stseenide määramine</target>
   </keywords>
   <keywords>
      <text FeatureID="-1">stseenid</text>
      <target FeatureID="-1" href="LCAM_HLP_SCENES_PHOTO.html">Pildistseenid</target>
   </keywords>
   <keywords>
      <text FeatureID="-1">kaamera seaded</text>
      <target FeatureID="-1" href="LCAM_HLP_SETTINGS.html">Kaamera seaded</target>
   </keywords>
   <keywords>
      <text FeatureID="-1">kaamera, seaded</text>
      <target FeatureID="-1" href="LCAM_HLP_SETTINGS_PHOTO.html">Pildiseaded</target>
      <target FeatureID="-1" href="LCAM_HLP_SETTINGS_VIDEO.html">Video seaded</target>
   </keywords>
   <keywords>
      <text FeatureID="-1">video salvestamine</text>
      <target FeatureID="-1" href="LCAM_HLP_VIEWFINDER_VIDEO.html">Videoklippide salvestamine</target>
   </keywords>
   <keywords>
      <text FeatureID="false_410">videostseenid</text>
      <target FeatureID="false_410" href="LCAM_HLP_SCENES_VIDEO.html">Videostseenid</target>
   </keywords>
   <keywords>
      <text FeatureID="-1">video, seaded</text>
      <target FeatureID="-1" href="LCAM_HLP_SETTINGS_VIDEO.html">Video seaded</target>
   </keywords>
   <keywords>
      <text FeatureID="-1">videoklipid rakendustes</text>
      <target FeatureID="-1" href="LCAM_HLP_VIEWFINDER_VIDEO_EM.html">Videod rakendustes</target>
   </keywords>
   <keywords>
      <text FeatureID="-1">videoklippide esitamine</text>
      <target FeatureID="-1" href="LCAM_HLP_POST_VIDEO.html">Videoklippide esitamine</target>
   </keywords>
   <keywords>
      <text FeatureID="-1">kaamera rakendustes</text>
      <target FeatureID="-1" href="LCAM_HLP_VIEWFINDER_PHOTO_EM.html">Pildid rakendustes</target>
   </keywords>
   <keywords>
      <text FeatureID="-1">piltide vaatamine</text>
      <target FeatureID="-1" href="LCAM_HLP_POST_PHOTO.html">Tehtud piltide vaatamine</target>
   </keywords>
   <keywords>
      <text FeatureID="true_132">sarivõtterežiim</text>
      <target FeatureID="true_132" href="LCAM_HLP_POST_SEQ.html">Sarivõtterežiimis tehtud piltide vaatamine</target>
   </keywords>
</keywords>