<?xml version="1.0" encoding="UTF-8"?>
<keywords>
   <keywords>
      <text FeatureID="-1">동기화</text>
      <target FeatureID="-1" href="DS_HLP_MAIN_VIEW.html">데이터 동기화</target>
   </keywords>
   <keywords>
      <text FeatureID="-1">동기화 프로필</text>
      <target FeatureID="-1" href="DS_HLP_MAIN_VIEW.html">데이터 동기화</target>
   </keywords>
   <keywords>
      <text FeatureID="-1">동기화 프로필 설정</text>
      <target FeatureID="-1" href="DS_HLP_SETTINGS.html">동기화 프로필 편집</target>
   </keywords>
   <keywords>
      <text FeatureID="-1">동기화 설정</text>
      <target FeatureID="-1" href="DS_HLP_SETTINGS_CAL.html">달력/일정 동기화 설정</target>
      <target FeatureID="-1" href="DS_HLP_SETTINGS_CNT.html">연락처 동기화 설정</target>
      <target FeatureID="-1" href="DS_HLP_SETTINGS_NOTES.html">메모 동기화 설정</target>
      <target FeatureID="-1" href="DS_HLP_SETTINGS_SMS.html">SMS 동기화 설정</target>
      <target FeatureID="true_44" href="DS_HLP_SETTINGS_SYNCML.html">이메일 동기화 설정</target>
   </keywords>
</keywords>