<?xml version="1.0" encoding="UTF-8"?>
<keywords>
   <keywords>
      <text FeatureID="-1">書籤</text>
      <target FeatureID="-1" href="OSS_HLP_BM_ADDBM.html">加入書籤</target>
      <target FeatureID="-1" href="OSS_HLP_BM_EDIT.html">修改書籤</target>
   </keywords>
   <keywords>
      <text FeatureID="-1">瀏覽器書籤</text>
      <target FeatureID="-1" href="OSS_HLP_BM_ADDBM.html">加入書籤</target>
      <target FeatureID="-1" href="OSS_HLP_BM_MAIN.html">瀏覽書籤</target>
      <target FeatureID="-1" href="OSS_HLP_BM_EDIT.html">修改書籤</target>
   </keywords>
   <keywords>
      <text FeatureID="-1">網絡</text>
      <target FeatureID="-1" href="OSS_HLP_BM_ADDBM.html">加入書籤</target>
      <target FeatureID="true_167" href="OSS_HLP_RSS_ADD.html">加入網絡接入點</target>
      <target FeatureID="-1" href="OSS_HLP_PAGEVIEW.html">瀏覽網絡</target>
      <target FeatureID="-1" href="OSS_HLP_BM_EDIT.html">修改書籤</target>
      <target FeatureID="true_167" href="OSS_HLP_RSS_EDIT.html">修改網絡收取點</target>
      <target FeatureID="true_167" href="OSS_HLP_RSS_ARTICLE.html">網絡接入點的文章</target>
      <target FeatureID="true_167" href="OSS_HLP_RSS_ARTICLELST.html">網絡接入點</target>
      <target FeatureID="true_167" href="OSS_HLP_RSS_MAIN.html">網絡接入點和 Blog</target>
   </keywords>
   <keywords>
      <text FeatureID="true_167">接入點</text>
      <target FeatureID="true_167" href="OSS_HLP_RSS_ADD.html">加入網絡接入點</target>
      <target FeatureID="true_167" href="OSS_HLP_RSS_ARTICLE.html">網絡接入點的文章</target>
      <target FeatureID="true_167" href="OSS_HLP_RSS_ARTICLELST.html">網絡接入點</target>
      <target FeatureID="true_167" href="OSS_HLP_RSS_MAIN.html">網絡接入點和 Blog</target>
   </keywords>
   <keywords>
      <text FeatureID="true_167">RSS 接入點</text>
      <target FeatureID="true_167" href="OSS_HLP_RSS_ADD.html">加入網絡接入點</target>
      <target FeatureID="true_167" href="OSS_HLP_RSS_ARTICLE.html">網絡接入點的文章</target>
      <target FeatureID="true_167" href="OSS_HLP_RSS_ARTICLELST.html">網絡接入點</target>
      <target FeatureID="true_167" href="OSS_HLP_RSS_MAIN.html">網絡接入點和 Blog</target>
   </keywords>
   <keywords>
      <text FeatureID="true_167">新聞和 Blog</text>
      <target FeatureID="true_167" href="OSS_HLP_RSS_ADD.html">加入網絡接入點</target>
      <target FeatureID="true_167" href="OSS_HLP_RSS_ARTICLE.html">網絡接入點的文章</target>
      <target FeatureID="true_167" href="OSS_HLP_RSS_ARTICLELST.html">網絡接入點</target>
      <target FeatureID="true_167" href="OSS_HLP_RSS_MAIN.html">網絡接入點和 Blog</target>
   </keywords>
   <keywords>
      <text FeatureID="true_167">Blog</text>
      <target FeatureID="true_167" href="OSS_HLP_RSS_ADD.html">加入網絡接入點</target>
      <target FeatureID="true_167" href="OSS_HLP_RSS_ARTICLE.html">網絡接入點的文章</target>
      <target FeatureID="true_167" href="OSS_HLP_RSS_ARTICLELST.html">網絡接入點</target>
      <target FeatureID="true_167" href="OSS_HLP_RSS_MAIN.html">網絡接入點和 Blog</target>
   </keywords>
   <keywords>
      <text FeatureID="-1">瀏覽網頁</text>
      <target FeatureID="-1" href="OSS_HLP_PAGEVIEW.html">瀏覽網絡</target>
   </keywords>
   <keywords>
      <text FeatureID="-1">開啟書籤</text>
      <target FeatureID="-1" href="OSS_HLP_BM_MAIN.html">瀏覽書籤</target>
   </keywords>
   <keywords>
      <text FeatureID="true_167">收取點</text>
      <target FeatureID="true_167" href="OSS_HLP_RSS_EDIT.html">修改網絡收取點</target>
   </keywords>
   <keywords>
      <text FeatureID="true_167">rss 收取點</text>
      <target FeatureID="true_167" href="OSS_HLP_RSS_EDIT.html">修改網絡收取點</target>
   </keywords>
   <keywords>
      <text FeatureID="true_167">新聞和 blog</text>
      <target FeatureID="true_167" href="OSS_HLP_RSS_EDIT.html">修改網絡收取點</target>
   </keywords>
   <keywords>
      <text FeatureID="true_167">blog</text>
      <target FeatureID="true_167" href="OSS_HLP_RSS_EDIT.html">修改網絡收取點</target>
   </keywords>
   <keywords>
      <text FeatureID="-1">瀏覽器設定</text>
      <target FeatureID="-1" href="OSS_HLP_SETTINGS_GENERAL.html">一般設定</target>
      <target FeatureID="-1" href="OSS_HLP_SETTINGS_PAGE.html">網頁設定</target>
      <target FeatureID="-1" href="OSS_HLP_SETTINGS_PRIVACY.html">保密設定</target>
      <target FeatureID="true_167" href="OSS_HLP_SETTINGS_RSS.html">網絡收取點設定</target>
      <target FeatureID="-1" href="OSS_HLP_SETTINGS_FOLDERS.html">網絡設定</target>
      <target FeatureID="false_410" href="OSS_HLP_SHORTCUTS.html">工具列捷徑</target>
      <target FeatureID="false_410" href="OSS_HLP_KEYPAD.html">鍵盤捷徑</target>
   </keywords>
   <keywords>
      <text FeatureID="-1">網絡設定</text>
      <target FeatureID="-1" href="OSS_HLP_SETTINGS_GENERAL.html">一般設定</target>
      <target FeatureID="-1" href="OSS_HLP_SETTINGS_PAGE.html">網頁設定</target>
      <target FeatureID="-1" href="OSS_HLP_SETTINGS_PRIVACY.html">保密設定</target>
      <target FeatureID="true_167" href="OSS_HLP_SETTINGS_RSS.html">網絡收取點設定</target>
      <target FeatureID="-1" href="OSS_HLP_SETTINGS_FOLDERS.html">網絡設定</target>
      <target FeatureID="false_410" href="OSS_HLP_SHORTCUTS.html">工具列捷徑</target>
      <target FeatureID="false_410" href="OSS_HLP_KEYPAD.html">鍵盤捷徑</target>
   </keywords>
   <keywords>
      <text FeatureID="-1">設定網絡</text>
      <target FeatureID="-1" href="OSS_HLP_SETTINGS_PAGE.html">網頁設定</target>
      <target FeatureID="true_167" href="OSS_HLP_SETTINGS_RSS.html">網絡收取點設定</target>
      <target FeatureID="-1" href="OSS_HLP_SETTINGS_FOLDERS.html">網絡設定</target>
   </keywords>
   <keywords>
      <text FeatureID="-1">保密設定</text>
      <target FeatureID="-1" href="OSS_HLP_SETTINGS_PRIVACY.html">保密設定</target>
   </keywords>
   <keywords>
      <text FeatureID="-1">開啟特定網頁</text>
      <target FeatureID="-1" href="OSS_HLP_PAGEVIEW_EMBED.html">應用程式中的網絡</target>
   </keywords>
   <keywords>
      <text FeatureID="-1">應用程式中的網絡</text>
      <target FeatureID="-1" href="OSS_HLP_PAGEVIEW_EMBED.html">應用程式中的網絡</target>
   </keywords>
</keywords>