<?xml version="1.0" encoding="UTF-8"?>
<keywords>
   <keywords>
      <text FeatureID="true_298">Anrufbeantworter</text>
      <target FeatureID="true_298" href="SMSVO_HLP_CS_VIDEO_AND_XSP_VOIP.html">Anruf-, Video- und Internetmailbox</target>
      <target FeatureID="true_298" href="SMSVO_HLP_CS_VIDEO_AND_XSP_VOIP.html">Anruf-, Video- und Internetmailbox</target>
   </keywords>
   <keywords>
      <text FeatureID="true_298">Internetmailbox</text>
      <target FeatureID="true_298" href="SMSVO_HLP_CS_VIDEO_AND_XSP_VOIP.html">Anruf-, Video- und Internetmailbox</target>
   </keywords>
   <keywords>
      <text FeatureID="-1">Internetanrufe</text>
      <target FeatureID="-1" href="VOIP_HLP_CSC.html">Netzeinstellungen</target>
      <target FeatureID="true_298" href="VOIP_HLP_SERVCATALOG.html">Dienstkatalog</target>
      <target FeatureID="-1" href="SERVTAB_HLP_SETTINGS.html">Einstellungen der Registerkarte "Dienste"</target>
   </keywords>
</keywords>