<?xml version="1.0" encoding="UTF-8"?>
<keywords>
   <keywords>
      <text FeatureID="-1">red. förinst. frekvenser</text>
      <target FeatureID="-1" href="EQ_HLP_EDITING_VIEW.html">Red. förinst. frekvenser</target>
   </keywords>
   <keywords>
      <text FeatureID="-1">equalizer</text>
      <target FeatureID="-1" href="EQ_HLP_LIST_VIEW.html">Förinställda frekvenser</target>
   </keywords>
   <keywords>
      <text FeatureID="-1">frekvensband</text>
      <target FeatureID="-1" href="EQ_HLP_LIST_VIEW.html">Förinställda frekvenser</target>
   </keywords>
   <keywords>
      <text FeatureID="-1">välj förinställda frekvenser</text>
      <target FeatureID="-1" href="EQ_HLP_LIST_VIEW.html">Förinställda frekvenser</target>
   </keywords>
</keywords>