<?xml version="1.0" encoding="UTF-8"?>
<keywords>
   <keywords>
      <text FeatureID="-1">категории ориентири</text>
      <target FeatureID="-1" href="LM_HLP_LM_BY_CATEGORY.html">Категории ориентири</target>
      <target FeatureID="-1" href="LM_HLP_EDIT_CATEGORIES.html">Пром. катег. ориентири</target>
   </keywords>
   <keywords>
      <text FeatureID="-1">ориентири</text>
      <target FeatureID="-1" href="LM_HLP_LM_BY_NAME.html">Ориентири по име</target>
      <target FeatureID="-1" href="LM_HLP_CATEGORY_CONTENTS.html">Ориентири в категории</target>
      <target FeatureID="-1" href="LM_HLP_LM_VIEWER.html">Данни за ориентири</target>
   </keywords>
   <keywords>
      <text FeatureID="-1">промяна на ориентири</text>
      <target FeatureID="-1" href="LM_HLP_LM_EDITOR.html">Промяна на ориентир</target>
   </keywords>
</keywords>