<?xml version="1.0" encoding="UTF-8"?>
<keywords>
   <keywords>
      <text FeatureID="-1">пощенска картичка</text>
      <target FeatureID="-1" href="MMS_POSTCARD_HLP_ADDRESS_EDIT.html">Редактиране на адреси</target>
      <target FeatureID="-1" href="POSTCARD_HLP_ADDRESS_VIEW.html">Преглед на адреси</target>
      <target FeatureID="-1" href="POSTCARD_HLP_GREETING_EDIT.html">Писане на поздравления</target>
      <target FeatureID="-1" href="POSTCARD_HLP_GREETING_VIEW.html">Преглед на поздрави</target>
      <target FeatureID="-1" href="MMS_POSTCARD_HLP_MAIN_EDIT.html">Създ. пощ. картички</target>
   </keywords>
   <keywords>
      <text FeatureID="-1">изпращане на картички</text>
      <target FeatureID="-1" href="MMS_POSTCARD_HLP_ADDRESS_EDIT.html">Редактиране на адреси</target>
      <target FeatureID="-1" href="POSTCARD_HLP_GREETING_EDIT.html">Писане на поздравления</target>
      <target FeatureID="-1" href="MMS_POSTCARD_HLP_MAIN_EDIT.html">Създ. пощ. картички</target>
   </keywords>
   <keywords>
      <text FeatureID="-1">пощенски картички</text>
      <target FeatureID="-1" href="MMS_POSTCARD_HLP_MAIN_VIEW.html">Преглед картички</target>
   </keywords>
</keywords>