<?xml version="1.0" encoding="UTF-8"?>
<keywords>
   <keywords>
      <text FeatureID="-1">editarea presetărilor de frecvenţe</text>
      <target FeatureID="-1" href="EQ_HLP_EDITING_VIEW.html">Editarea presetărilor de frecvenţe</target>
   </keywords>
   <keywords>
      <text FeatureID="-1">egalizator</text>
      <target FeatureID="-1" href="EQ_HLP_LIST_VIEW.html">Presetări frecvenţă</target>
   </keywords>
   <keywords>
      <text FeatureID="-1">benzi de frecvenţă</text>
      <target FeatureID="-1" href="EQ_HLP_LIST_VIEW.html">Presetări frecvenţă</target>
   </keywords>
   <keywords>
      <text FeatureID="-1">selectare frecvenţe presetate</text>
      <target FeatureID="-1" href="EQ_HLP_LIST_VIEW.html">Presetări frecvenţă</target>
   </keywords>
</keywords>