<?xml version="1.0" encoding="UTF-8"?><?xml-stylesheet  href="../../theme/xsl/index2html.xslt" type="text/xsl"?>
<topics FeatureID="-1" title="Prilagajanje" compressed="true">
   <topicref FeatureID="-1" href="SKINS_HLP_LIST.html" navtitle="Splošne teme"/>
   <topicref FeatureID="-1" href="SCREENSAVER_HLP_WP_SETTINGS.html" navtitle="Nast. ozadja diaproj."/>
   <topicref FeatureID="-1" href="SKINS_HLP_WP_SETTINGS.html" navtitle="Nastavitve ozadja"/>
   <topicref FeatureID="-1" href="SKINS_HLP_SCREENS_SETTINGS.html" navtitle="Nast. ohranjev. zaslona"/>
   <topicref FeatureID="true_1503" href="SKINS_HLP_CIMAGE_SETTINGS.html" navtitle="Izbiranje slike klica"/>
   <topicref FeatureID="-1" href="SKINS_HLP_APPSHELL.html" navtitle="Nast. pogleda Meni"/>
   <topicref FeatureID="-1" href="SKINS_HLP_IDLE.html" navtitle="Nastav. zač. zaslona"/>
   <topicref FeatureID="-1" href="SKINS_HLP_APP_MAIN.html" navtitle="Prilagajanje zasl."/>
   <topicref FeatureID="-1" href="SKINS_HLP_APPSKINS_LIST.html" navtitle="Teme aplikacij"/>
</topics>