<?xml version="1.0" encoding="UTF-8"?>
<keywords>
   <keywords>
      <text FeatureID="-1">teme</text>
      <target FeatureID="-1" href="SKINS_HLP_LIST.html">Splošne teme</target>
      <target FeatureID="-1" href="SCREENSAVER_HLP_WP_SETTINGS.html">Nast. ozadja diaproj.</target>
      <target FeatureID="-1" href="SKINS_HLP_WP_SETTINGS.html">Nastavitve ozadja</target>
      <target FeatureID="true_1503" href="SKINS_HLP_CIMAGE_SETTINGS.html">Izbiranje slike klica</target>
      <target FeatureID="-1" href="SKINS_HLP_APPSHELL.html">Nast. pogleda Meni</target>
      <target FeatureID="-1" href="SKINS_HLP_APP_MAIN.html">Prilagajanje zasl.</target>
      <target FeatureID="-1" href="SKINS_HLP_APPSKINS_LIST.html">Teme aplikacij</target>
   </keywords>
   <keywords>
      <text FeatureID="-1">ozadje diaprojekcije</text>
      <target FeatureID="-1" href="SCREENSAVER_HLP_WP_SETTINGS.html">Nast. ozadja diaproj.</target>
   </keywords>
   <keywords>
      <text FeatureID="-1">nast. diaprojekcije</text>
      <target FeatureID="-1" href="SCREENSAVER_HLP_WP_SETTINGS.html">Nast. ozadja diaproj.</target>
   </keywords>
   <keywords>
      <text FeatureID="-1">nastavitve ozadja</text>
      <target FeatureID="-1" href="SKINS_HLP_WP_SETTINGS.html">Nastavitve ozadja</target>
   </keywords>
   <keywords>
      <text FeatureID="-1">slika ozadja</text>
      <target FeatureID="-1" href="SKINS_HLP_WP_SETTINGS.html">Nastavitve ozadja</target>
      <target FeatureID="-1" href="SKINS_HLP_APP_MAIN.html">Prilagajanje zasl.</target>
   </keywords>
   <keywords>
      <text FeatureID="-1">ohranjev. zaslona</text>
      <target FeatureID="-1" href="SKINS_HLP_SCREENS_SETTINGS.html">Nast. ohranjev. zaslona</target>
   </keywords>
   <keywords>
      <text FeatureID="true_1503">nastavitve slike klica</text>
      <target FeatureID="true_1503" href="SKINS_HLP_CIMAGE_SETTINGS.html">Izbiranje slike klica</target>
   </keywords>
   <keywords>
      <text FeatureID="-1">meniji</text>
      <target FeatureID="-1" href="SKINS_HLP_APPSHELL.html">Nast. pogleda Meni</target>
   </keywords>
</keywords>