<?xml version="1.0" encoding="UTF-8"?>
<keywords>
   <keywords>
      <text FeatureID="-1">tetapan, gelangsar</text>
      <target FeatureID="-1" href="SET_HLP_SETTINGS_KEYPAD_COVER.html">Tetapan pengendalian gelangsar</target>
   </keywords>
   <keywords>
      <text FeatureID="-1">tetapan gelangsar</text>
      <target FeatureID="-1" href="SET_HLP_SETTINGS_KEYPAD_COVER.html">Tetapan pengendalian gelangsar</target>
   </keywords>
   <keywords>
      <text FeatureID="-1">pengurusan peranti</text>
      <target FeatureID="-1" href="CP_HLP_DEVICE_MANAGEMENT.html">Pengurusan peranti</target>
   </keywords>
   <keywords>
      <text FeatureID="true_109">EAP (Protokol Pengesahan Yang Boleh Diperluaskan)</text>
      <target FeatureID="true_109" href="SET_HLP_WLAN_EAP_SIM.html">Tetapan EAP-SIM</target>
   </keywords>
   <keywords>
      <text FeatureID="true_109">tetapan, WLAN</text>
      <target FeatureID="true_109" href="SET_HLP_WLAN_EAP_SIM.html">Tetapan EAP-SIM</target>
   </keywords>
   <keywords>
      <text FeatureID="-1">mengehadkan pusat akses</text>
      <target FeatureID="-1" href="ACL_HLP_MAIN.html">Hadkan sambungan</target>
   </keywords>
   <keywords>
      <text FeatureID="-1">tetapan sambungan</text>
      <target FeatureID="-1" href="SIP_HLP_PROF_PARAMS.html">Tetapan profil SIP</target>
      <target FeatureID="-1" href="SIP_HLP_MAIN.html">Profil SIP</target>
      <target FeatureID="-1" href="SET_HLP_CONN_DEST_VIEW.html">Pameran destinasi</target>
      <target FeatureID="-1" href="SET_HLP_DEFAULT_CONN.html">Sambungan lalai</target>
      <target FeatureID="-1" href="SET_HLP_CONN_METHODS_VIEW.html">Paparan pusat akses</target>
      <target FeatureID="true_1581" href="RD_HLP_REMOTE_DRIVE_CONFIG.html">Tetapan pemacu jauh</target>
      <target FeatureID="true_1581" href="RD_HLP_REMOTE_DRIVES.html">Pemacu jauh</target>
   </keywords>
   <keywords>
      <text FeatureID="-1">Tetapan SIP</text>
      <target FeatureID="-1" href="SIP_HLP_PROF_PARAMS.html">Tetapan profil SIP</target>
      <target FeatureID="-1" href="SIP_HLP_MAIN.html">Profil SIP</target>
      <target FeatureID="-1" href="SIP_HLP_PROXY_PARAMS.html">Tetapan proksi SIP</target>
      <target FeatureID="-1" href="SIP_HLP_REGISTRAR_PARAM.html">Tetapan pelayan pendaftaran</target>
   </keywords>
   <keywords>
      <text FeatureID="-1">pelayan pendaftaran</text>
      <target FeatureID="-1" href="SIP_HLP_REGISTRAR_PARAM.html">Tetapan pelayan pendaftaran</target>
   </keywords>
   <keywords>
      <text FeatureID="-1">pusat akses</text>
      <target FeatureID="-1" href="HLP_OCC_CONN_SETTINGS.html">Sambungan rangkaian</target>
      <target FeatureID="-1" href="SET_HLP_CONN_METHODS_VIEW.html">Paparan pusat akses</target>
      <target FeatureID="-1" href="SET_HLP_AP_SETTING_GPRS.html">Pusat akses data paket</target>
      <target FeatureID="true_109" href="SET_HLP_AP_SETTING_WLAN.html">Pusat akses WLAN</target>
   </keywords>
   <keywords>
      <text FeatureID="-1">tetapan, sambungan</text>
      <target FeatureID="-1" href="HLP_OCC_CONN_SETTINGS.html">Sambungan rangkaian</target>
   </keywords>
   <keywords>
      <text FeatureID="-1">tetapan destinasi</text>
      <target FeatureID="-1" href="SET_HLP_CONN_DEST_VIEW.html">Pameran destinasi</target>
   </keywords>
   <keywords>
      <text FeatureID="-1">sambungan lalai</text>
      <target FeatureID="-1" href="SET_HLP_DEFAULT_CONN.html">Sambungan lalai</target>
   </keywords>
   <keywords>
      <text FeatureID="-1">Pusat akses VPN</text>
      <target FeatureID="true_99" href="SET_HLP_VPN_DEST_ASSOC_VIEW.html">Sambungan VPN</target>
      <target FeatureID="-1" href="SET_HLP_VPN_AP_SETTINGS_VIEW.html">Edit pusat akses VPN</target>
   </keywords>
   <keywords>
      <text FeatureID="-1">sambungan aplikasi</text>
      <target FeatureID="-1" href="SET_HLP_APP_DEST_ASSOC_VIEW.html">Sambungan aplikasi</target>
   </keywords>
   <keywords>
      <text FeatureID="-1">tetapan aplikasi</text>
      <target FeatureID="-1" href="CP_HLP_APPILICATION_SETTINGS.html">Tetapan aplikasi</target>
   </keywords>
   <keywords>
      <text FeatureID="-1">panggilan, tetapan</text>
      <target FeatureID="-1" href="SCP_HLP_CALL.html">Tetapan panggilan</target>
   </keywords>
   <keywords>
      <text FeatureID="-1">tetapan, panggilan</text>
      <target FeatureID="-1" href="SCP_HLP_CALL.html">Tetapan panggilan</target>
   </keywords>
   <keywords>
      <text FeatureID="-1">kesambungan</text>
      <target FeatureID="-1" href="CP_HLP_CONNECTIVITY.html">Tetapan kesambungan</target>
   </keywords>
   <keywords>
      <text FeatureID="-1">panel kawalan</text>
      <target FeatureID="-1" href="CP_HLP_DISPLAY.html">Tetapan paparan</target>
      <target FeatureID="__DUAL_LANGUAGE_SUPPORT=true" href="CP_HLP_WRITING_LANGUAGE.html">Bahasa penulisan</target>
   </keywords>
   <keywords>
      <text FeatureID="-1">tetapan paparan</text>
      <target FeatureID="-1" href="CP_HLP_DISPLAY.html">Tetapan paparan</target>
   </keywords>
   <keywords>
      <text FeatureID="-1">tetapan umum</text>
      <target FeatureID="-1" href="CP_HLP_DEVICE.html">Tetapan peranti</target>
   </keywords>
   <keywords>
      <text FeatureID="-1">tetapan peranti</text>
      <target FeatureID="-1" href="CP_HLP_DEVICE.html">Tetapan peranti</target>
   </keywords>
   <keywords>
      <text FeatureID="-1">tetapan bahasa</text>
      <target FeatureID="-1" href="CP_HLP_LANGUAGE.html">Tetapan bahasa</target>
   </keywords>
   <keywords>
      <text FeatureID="-1">tetapan</text>
      <target FeatureID="-1" href="CP_HLP_MAIN_VIEW.html">Tetapan</target>
   </keywords>
   <keywords>
      <text FeatureID="-1">tetapan rangkaian</text>
      <target FeatureID="-1" href="CP_HLP_NETWORK.html">Tetapan rangkaian</target>
      <target FeatureID="-1" href="CP_HLP_NETWORK.html">Tetapan rangkaian</target>
   </keywords>
   <keywords>
      <text FeatureID="-1">profil</text>
      <target FeatureID="-1" href="CP_HLP_PERSONAL.html">Paparan peribadi</target>
   </keywords>
   <keywords>
      <text FeatureID="-1">tema</text>
      <target FeatureID="-1" href="CP_HLP_PERSONAL.html">Paparan peribadi</target>
   </keywords>
   <keywords>
      <text FeatureID="-1">siap sedia</text>
      <target FeatureID="-1" href="CP_HLP_PERSONAL.html">Paparan peribadi</target>
   </keywords>
   <keywords>
      <text FeatureID="-1">keselamatan, tetapan</text>
      <target FeatureID="-1" href="CP_HLP_SECURITY.html">Tetapan keselamatan</target>
   </keywords>
   <keywords>
      <text FeatureID="-1">tetapan, keselamatan</text>
      <target FeatureID="-1" href="CP_HLP_SECURITY.html">Tetapan keselamatan</target>
   </keywords>
   <keywords>
      <text FeatureID="-1">peranti, mengunci</text>
      <target FeatureID="-1" href="SET_HLP_SECURITY_DEVICE_SIM.html">Keselamatan peranti</target>
   </keywords>
   <keywords>
      <text FeatureID="-1">keselamatan</text>
      <target FeatureID="-1" href="SET_HLP_SECURITY_DEVICE_SIM.html">Keselamatan peranti</target>
   </keywords>
   <keywords>
      <text FeatureID="__DUAL_LANGUAGE_SUPPORT=true">bahasa penulisan</text>
      <target FeatureID="__DUAL_LANGUAGE_SUPPORT=true" href="CP_HLP_WRITING_LANGUAGE.html">Bahasa penulisan</target>
   </keywords>
   <keywords>
      <text FeatureID="-1">tetapan aksesori</text>
      <target FeatureID="-1" href="SET_HLP_ACCESSORIES_LIST.html">Tetapan aksesori</target>
      <target FeatureID="-1" href="SET_HLP_ACCESSORIES_HEADPHONE.html">Tetapan fon kepala</target>
      <target FeatureID="-1" href="SET_HLP_ACCESSORIES_HEADSET.html">Tetapan alat dengar</target>
      <target FeatureID="-1" href="SET_HLP_ACCESS_WIRED_CK.html">Tetapan kit kereta berwayar</target>
      <target FeatureID="true_1032" href="SET_HLP_ACCESSORIES_TTY.html">Tetapan telefon teks</target>
      <target FeatureID="true_1540" href="SET_HLP_ACCESSORIES_TVOUT.html">Tetapan TV keluar</target>
   </keywords>
   <keywords>
      <text FeatureID="-1">pusat akses data paket</text>
      <target FeatureID="-1" href="SET_HLP_AP_SETTING_GPRS.html">Pusat akses data paket</target>
      <target FeatureID="-1" href="SET_HLP_AP_SETTING_GPRS_AS.html">Tetapan data paket lanjutan</target>
   </keywords>
   <keywords>
      <text FeatureID="-1">tetapan data paket</text>
      <target FeatureID="-1" href="SET_HLP_AP_SETTING_GPRS_AS.html">Tetapan data paket lanjutan</target>
   </keywords>
   <keywords>
      <text FeatureID="-1">VPN (rangkaian peribadi maya)</text>
      <target FeatureID="-1" href="SET_HLP_VPN_AP_SETTINGS_VIEW.html">Edit pusat akses VPN</target>
   </keywords>
   <keywords>
      <text FeatureID="true_109">WLAN (rangkaian kawasan setempat wayarles)</text>
      <target FeatureID="true_109" href="SET_HLP_AP_SETTING_WLAN.html">Pusat akses WLAN</target>
   </keywords>
   <keywords>
      <text FeatureID="-1">kawalan kekunci</text>
      <target FeatureID="-1" href="CP_HLP_AUTOKEYGUARD.html">Kawal kekunci automatik</target>
   </keywords>
   <keywords>
      <text FeatureID="true_1581">pemacu jauh</text>
      <target FeatureID="true_1581" href="RD_HLP_REMOTE_DRIVE_CONFIG.html">Tetapan pemacu jauh</target>
      <target FeatureID="true_1581" href="RD_HLP_REMOTE_DRIVES.html">Pemacu jauh</target>
   </keywords>
   <keywords>
      <text FeatureID="-1">sekatan panggilan</text>
      <target FeatureID="-1" href="SET_HLP_BARRING_SETTINGS.html">Sekat panggilan telefon</target>
      <target FeatureID="true_298" href="DIV_HLP_BARRING_MAIN.html">Sekat panggilan</target>
   </keywords>
   <keywords>
      <text FeatureID="-1">sekat panggilan</text>
      <target FeatureID="-1" href="SET_HLP_BARRING_SETTINGS.html">Sekat panggilan telefon</target>
      <target FeatureID="true_298" href="DIV_HLP_BARRING_MAIN.html">Sekat panggilan</target>
   </keywords>
   <keywords>
      <text FeatureID="-1">mengalih panggilan</text>
      <target FeatureID="true_89" href="DIV_HLP_CALL_FORW_VID.html">Alih panggilan video</target>
      <target FeatureID="-1" href="DIV_HLP_CALL_FORW_MAIN.html">Alihan panggilan</target>
      <target FeatureID="-1" href="DIV_HLP_CALL_FORW_VOI.html">Alihkan panggilan suara</target>
   </keywords>
   <keywords>
      <text FeatureID="-1">mengemukakan panggilan</text>
      <target FeatureID="-1" href="DIV_HLP_CALL_FORW_MAIN.html">Alihan panggilan</target>
   </keywords>
   <keywords>
      <text FeatureID="-1">tetapan penyegerakan</text>
      <target FeatureID="-1" href="CP_HLP_SYNCHRONISATION.html">Tetapan penyegerakan</target>
   </keywords>
   <keywords>
      <text FeatureID="-1">memasang aplikasi</text>
      <target FeatureID="-1" href="CP_HLP_INSTALLATIONS.html">Pemasangan</target>
   </keywords>
   <keywords>
      <text FeatureID="-1">tetapan fon kepala</text>
      <target FeatureID="-1" href="SET_HLP_ACCESSORIES_HEADPHONE.html">Tetapan fon kepala</target>
   </keywords>
   <keywords>
      <text FeatureID="-1">tetapan alat dengar</text>
      <target FeatureID="-1" href="SET_HLP_ACCESSORIES_HEADSET.html">Tetapan alat dengar</target>
   </keywords>
   <keywords>
      <text FeatureID="-1">tetapan kit kereta berwayar</text>
      <target FeatureID="-1" href="SET_HLP_ACCESS_WIRED_CK.html">Tetapan kit kereta berwayar</target>
   </keywords>
   <keywords>
      <text FeatureID="-1">tetapan kit kereta</text>
      <target FeatureID="-1" href="SET_HLP_ACCESS_WIRED_CK.html">Tetapan kit kereta berwayar</target>
   </keywords>
   <keywords>
      <text FeatureID="-1">tetapan dirian muzik</text>
      <target FeatureID="-1" href="SET_HLP_ACCESSORIES_MUSIC_ST.html">Tetapan dirian muzik</target>
   </keywords>
   <keywords>
      <text FeatureID="true_1032">Tetapan TTY</text>
      <target FeatureID="true_1032" href="SET_HLP_ACCESSORIES_TTY.html">Tetapan telefon teks</target>
   </keywords>
   <keywords>
      <text FeatureID="true_1032">Tetapan TDD</text>
      <target FeatureID="true_1032" href="SET_HLP_ACCESSORIES_TTY.html">Tetapan telefon teks</target>
   </keywords>
   <keywords>
      <text FeatureID="true_1540">tetapan tv keluar</text>
      <target FeatureID="true_1540" href="SET_HLP_ACCESSORIES_TVOUT.html">Tetapan TV keluar</target>
   </keywords>
   <keywords>
      <text FeatureID="true_410">input teks</text>
      <target FeatureID="true_410" href="PREDINPUT_HLP_VIRT_ITI_SETT.html">Tetapan input</target>
   </keywords>
   <keywords>
      <text FeatureID="-1">input teks pintar</text>
      <target FeatureID="-1" href="PREDINPUT_HLP_VIRTUAL_ITI.html">Input teks pintar</target>
   </keywords>
   <keywords>
      <text FeatureID="-1">tetapan, menyimpan semula</text>
      <target FeatureID="-1" href="SET_HLP_GENERAL_ORIG_SET.html">Simpan semula tetapan asal</target>
   </keywords>
   <keywords>
      <text FeatureID="-1">menyimpan semula tetapan</text>
      <target FeatureID="-1" href="SET_HLP_GENERAL_ORIG_SET.html">Simpan semula tetapan asal</target>
   </keywords>
   <keywords>
      <text FeatureID="-1">tetapan kilang, menyimpan semula</text>
      <target FeatureID="-1" href="SET_HLP_GENERAL_ORIG_SET.html">Simpan semula tetapan asal</target>
   </keywords>
</keywords>