<?xml version="1.0" encoding="UTF-8"?>
<keywords>
   <keywords>
      <text FeatureID="-1">sinkronizazioa</text>
      <target FeatureID="-1" href="OTASYNCBU_HLP_MAIN.html">Ovi-ren sinkronizazio-zerbitzua</target>
   </keywords>
   <keywords>
      <text FeatureID="-1">Ovi-ren sinkronizazio-zerbitzua</text>
      <target FeatureID="-1" href="OTASYNCBU_HLP_MAIN.html">Ovi-ren sinkronizazio-zerbitzua</target>
      <target FeatureID="-1" href="OTASYNCBU_HLP_SETTINGS.html">Ovi-ren sinkronizazio-ezarpenak</target>
   </keywords>
</keywords>