<?xml version="1.0" encoding="UTF-8"?>
<keywords>
   <keywords>
      <text FeatureID="-1">sõnumilugeja, keel</text>
      <target FeatureID="-1" href="SPEECH_HLP_MAIN.html">Kõneseaded</target>
   </keywords>
   <keywords>
      <text FeatureID="-1">sõnumilugeja, hääl</text>
      <target FeatureID="-1" href="SPEECH_HLP_MAIN.html">Kõneseaded</target>
   </keywords>
   <keywords>
      <text FeatureID="-1">sõnumiriider</text>
      <target FeatureID="-1" href="SPEECH_HLP_VOICE.html">Hääle üksikasjad</target>
   </keywords>
   <keywords>
      <text FeatureID="-1">sõnumilugeja, seaded</text>
      <target FeatureID="-1" href="SPEECH_HLP_MRSETTINGS.html">Sõnumilugeja seaded</target>
   </keywords>
</keywords>