<?xml version="1.0" encoding="UTF-8"?>
<keywords>
   <keywords>
      <text FeatureID="true_11008 false_11008">seadme registreerimine</text>
      <target FeatureID="true_11008" href="DRM_HLP_REGISTRATION_METERING.html">Seadme registreerimine</target>
      <target FeatureID="false_11008" href="DRM_HLP_REGISTRATION.html">Seadme registreerimine</target>
   </keywords>
   <keywords>
      <text FeatureID="true_11008">vaikeõiguste hankimine</text>
      <target FeatureID="true_11008" href="DRM_HLP_REGISTRATION_METERING.html">Seadme registreerimine</target>
   </keywords>
   <keywords>
      <text FeatureID="true_11008">mõõtmine</text>
      <target FeatureID="true_11008" href="DRM_HLP_REGISTRATION_METERING.html">Seadme registreerimine</target>
   </keywords>
</keywords>