<?xml version="1.0" encoding="UTF-8"?>
<keywords>
   <keywords>
      <text FeatureID="-1">مضامین صوتی</text>
      <target FeatureID="-1" href="AUDIOTHEME_HLP_EVENTGROUPS.html">تغییر مضامین صوتی</target>
      <target FeatureID="-1" href="SET_HLP_AUDIO_THEME_EVENTSLIST.html">صداهای رویداد دستگاه</target>
   </keywords>
   <keywords>
      <text FeatureID="-1">شخصی سازی دستگاه</text>
      <target FeatureID="-1" href="AUDIOTHEME_HLP_EVENTGROUPS.html">تغییر مضامین صوتی</target>
      <target FeatureID="-1" href="SET_HLP_AUDIO_THEME_EVENTSLIST.html">صداهای رویداد دستگاه</target>
   </keywords>
   <keywords>
      <text FeatureID="-1">صداهای دستگاه</text>
      <target FeatureID="-1" href="AUDIOTHEME_HLP_EVENTGROUPS.html">تغییر مضامین صوتی</target>
      <target FeatureID="-1" href="SET_HLP_AUDIO_THEME_EVENTSLIST.html">صداهای رویداد دستگاه</target>
   </keywords>
</keywords>