<?xml version="1.0" encoding="UTF-8"?>
<keywords>
   <keywords>
      <text FeatureID="-1">certyfikaty autoryzacji</text>
      <target FeatureID="-1" href="CM_HLP_AUTHORITY.html">Certyfikaty autoryzacji</target>
   </keywords>
   <keywords>
      <text FeatureID="-1">certyfikaty</text>
      <target FeatureID="-1" href="CM_HLP_AUTHORITY.html">Certyfikaty autoryzacji</target>
      <target FeatureID="-1" href="CM_HLP_DEVICE.html">Certyfikaty urządzenia</target>
      <target FeatureID="-1" href="CM_HLP_MAIN.html">Zarządzanie certyfikatami</target>
      <target FeatureID="-1" href="CM_HLP_PERSONAL.html">Certyfikaty osobiste</target>
      <target FeatureID="-1" href="CM_HLP_TRUSTED_SITE.html">Certyfikaty zaufanych witryn</target>
      <target FeatureID="-1" href="CM_HLP_TRUST_SETTINGS.html">Edytowanie ustawień zaufania</target>
   </keywords>
   <keywords>
      <text FeatureID="-1">certyfikaty zabezp.</text>
      <target FeatureID="-1" href="CM_HLP_AUTHORITY.html">Certyfikaty autoryzacji</target>
      <target FeatureID="-1" href="CM_HLP_MAIN.html">Zarządzanie certyfikatami</target>
   </keywords>
   <keywords>
      <text FeatureID="-1">certyfikaty urządzenia</text>
      <target FeatureID="-1" href="CM_HLP_DEVICE.html">Certyfikaty urządzenia</target>
   </keywords>
   <keywords>
      <text FeatureID="-1">osobiste, certyfikaty</text>
      <target FeatureID="-1" href="CM_HLP_PERSONAL.html">Certyfikaty osobiste</target>
   </keywords>
   <keywords>
      <text FeatureID="-1">certyfikaty zaufanych witryn</text>
      <target FeatureID="-1" href="CM_HLP_TRUSTED_SITE.html">Certyfikaty zaufanych witryn</target>
   </keywords>
   <keywords>
      <text FeatureID="-1">ustawienia zaufania</text>
      <target FeatureID="-1" href="CM_HLP_TRUST_SETTINGS.html">Edytowanie ustawień zaufania</target>
   </keywords>
</keywords>