<?xml version="1.0" encoding="UTF-8"?>
<keywords>
   <keywords>
      <text FeatureID="true_13 true_1566">USB, připojení kabelem</text>
      <target FeatureID="true_13" href="USB_HLP_MAIN.html">USB, nastavení</target>
      <target FeatureID="true_1566" href="USB_HLP_PRINT_SETTINGS.html">Nastavení tiskárny</target>
   </keywords>
   <keywords>
      <text FeatureID="true_13">připojení kabelem</text>
      <target FeatureID="true_13" href="USB_HLP_MAIN.html">USB, nastavení</target>
   </keywords>
   <keywords>
      <text FeatureID="true_1566">tisk</text>
      <target FeatureID="true_1566" href="USB_HLP_PRINT_SETTINGS.html">Nastavení tiskárny</target>
   </keywords>
   <keywords>
      <text FeatureID="true_1566">nastavení, tiskárna</text>
      <target FeatureID="true_1566" href="USB_HLP_PRINT_SETTINGS.html">Nastavení tiskárny</target>
   </keywords>
</keywords>