<?xml version="1.0" encoding="UTF-8"?>
<keywords>
   <keywords>
      <text FeatureID="-1">编辑图像</text>
      <target FeatureID="-1" href="SIE_HLP_MAIN.html">编辑图像</target>
   </keywords>
   <keywords>
      <text FeatureID="-1">编辑文字</text>
      <target FeatureID="-1" href="SIE_HLP_EDIT_TEXT.html">编辑图像中的文字</target>
   </keywords>
   <keywords>
      <text FeatureID="-1">图像编辑器</text>
      <target FeatureID="-1" href="SIE_HLP_EDIT_TEXT.html">编辑图像中的文字</target>
   </keywords>
   <keywords>
      <text FeatureID="-1">编辑缩放的图像</text>
      <target FeatureID="-1" href="SIE_HLP_ZOOMING.html">编辑缩放的图像</target>
   </keywords>
   <keywords>
      <text FeatureID="-1">缩放图像</text>
      <target FeatureID="-1" href="SIE_HLP_ZOOMING.html">编辑缩放的图像</target>
   </keywords>
   <keywords>
      <text FeatureID="-1">编辑剪贴画</text>
      <target FeatureID="-1" href="SIE_HLP_EDIT_CLIPART.html">编辑剪贴画</target>
   </keywords>
   <keywords>
      <text FeatureID="-1">编辑说话泡泡</text>
      <target FeatureID="-1" href="SIE_HLP_EDIT_CLIPART.html">编辑剪贴画</target>
   </keywords>
   <keywords>
      <text FeatureID="-1">消除红眼效果</text>
      <target FeatureID="-1" href="SIE_HLP_REDEYE.html">消除红眼效果</target>
   </keywords>
</keywords>