<?xml version="1.0" encoding="UTF-8"?><?xml-stylesheet  href="../../theme/xsl/index2html.xslt" type="text/xsl"?>
<topics FeatureID="-1" title="Registros" compressed="true">
   <topicref FeatureID="-1" href="GPRS_HLP_MAIN.html" navtitle="Conexiones de paquetes de datos"/>
   <topicref FeatureID="-1" href="LOGS_HLP_COUNTER.html" navtitle="Registros de llamadas y datos"/>
   <topicref FeatureID="-1" href="LOGS_HLP_DETAIL.html" navtitle="Detalles de eventos de registro"/>
   <topicref FeatureID="-1" href="LOGS_HLP_MAIN.html" navtitle="Información de registro"/>
   <topicref FeatureID="-1" href="LOGS_HLP_SETTING.html" navtitle="Ajustes del registro"/>
   <topicref FeatureID="-1" href="STM_HLP_DIALLED.html" navtitle="Números marcados"/>
   <topicref FeatureID="-1" href="STM_HLP_MAIN.html" navtitle="Últimas llamadas"/>
   <topicref FeatureID="-1" href="STM_HLP_MISSED.html" navtitle="Llamadas perdidas"/>
   <topicref FeatureID="-1" href="STM_HLP_RECEIVED.html" navtitle="Llamadas recibidas"/>
   <topicref FeatureID="-1" href="TIMERS_HLP_MAIN.html" navtitle="Duración de llamadas"/>
</topics>