<?xml version="1.0" encoding="UTF-8"?>
<keywords>
   <keywords>
      <text FeatureID="-1">conexiones paquetes de datos</text>
      <target FeatureID="-1" href="GPRS_HLP_MAIN.html">Conexiones de paquetes de datos</target>
      <target FeatureID="-1" href="LOGS_HLP_COUNTER.html">Registros de llamadas y datos</target>
   </keywords>
   <keywords>
      <text FeatureID="-1">duración de llamadas</text>
      <target FeatureID="-1" href="LOGS_HLP_COUNTER.html">Registros de llamadas y datos</target>
      <target FeatureID="-1" href="TIMERS_HLP_MAIN.html">Duración de llamadas</target>
   </keywords>
   <keywords>
      <text FeatureID="-1">últimas llamadas</text>
      <target FeatureID="-1" href="LOGS_HLP_COUNTER.html">Registros de llamadas y datos</target>
      <target FeatureID="-1" href="STM_HLP_MAIN.html">Últimas llamadas</target>
   </keywords>
   <keywords>
      <text FeatureID="-1">registros</text>
      <target FeatureID="-1" href="LOGS_HLP_DETAIL.html">Detalles de eventos de registro</target>
      <target FeatureID="-1" href="LOGS_HLP_MAIN.html">Información de registro</target>
   </keywords>
   <keywords>
      <text FeatureID="-1">ajustes del registro</text>
      <target FeatureID="-1" href="LOGS_HLP_SETTING.html">Ajustes del registro</target>
   </keywords>
   <keywords>
      <text FeatureID="-1">números marcados</text>
      <target FeatureID="-1" href="STM_HLP_DIALLED.html">Números marcados</target>
   </keywords>
   <keywords>
      <text FeatureID="-1">registro de llamadas</text>
      <target FeatureID="-1" href="STM_HLP_MAIN.html">Últimas llamadas</target>
   </keywords>
   <keywords>
      <text FeatureID="-1">llamadas perdidas</text>
      <target FeatureID="-1" href="STM_HLP_MISSED.html">Llamadas perdidas</target>
   </keywords>
   <keywords>
      <text FeatureID="-1">llamadas recibidas</text>
      <target FeatureID="-1" href="STM_HLP_RECEIVED.html">Llamadas recibidas</target>
   </keywords>
   <keywords>
      <text FeatureID="-1">llamadas respondidas</text>
      <target FeatureID="-1" href="STM_HLP_RECEIVED.html">Llamadas recibidas</target>
   </keywords>
   <keywords>
      <text FeatureID="-1">tiempo de las llamadas</text>
      <target FeatureID="-1" href="TIMERS_HLP_MAIN.html">Duración de llamadas</target>
   </keywords>
</keywords>