<?xml version="1.0" encoding="UTF-8"?>
<keywords>
   <keywords>
      <text FeatureID="-1">параметры служебных сообщений</text>
      <target FeatureID="-1" href="WPUSH_HLP_SETTINGS.html">Параметры служебных сообщений</target>
   </keywords>
   <keywords>
      <text FeatureID="-1">push-сообщения</text>
      <target FeatureID="-1" href="WPUSH_HLP_VIEWER.html">Просмотр служебных сообщений</target>
   </keywords>
   <keywords>
      <text FeatureID="-1">служебные сообщения</text>
      <target FeatureID="-1" href="WPUSH_HLP_VIEWER.html">Просмотр служебных сообщений</target>
   </keywords>
</keywords>