<?xml version="1.0" encoding="UTF-8"?>
<keywords>
   <keywords>
      <text FeatureID="true_298">答錄機</text>
      <target FeatureID="true_298" href="SMSVO_HLP_CS_VIDEO_AND_XSP_VOIP.html">通話、視訊和網際網路通話信箱</target>
   </keywords>
   <keywords>
      <text FeatureID="true_298">網際網路通話信箱</text>
      <target FeatureID="true_298" href="SMSVO_HLP_CS_VIDEO_AND_XSP_VOIP.html">通話、視訊和網際網路通話信箱</target>
   </keywords>
   <keywords>
      <text FeatureID="true_298">通話信箱</text>
      <target FeatureID="true_298" href="SMSVO_HLP_CS_VIDEO_AND_XSP_VOIP.html">通話、視訊和網際網路通話信箱</target>
   </keywords>
   <keywords>
      <text FeatureID="-1">網際網路通話</text>
      <target FeatureID="-1" href="VOIP_HLP_CSC.html">網路設定</target>
      <target FeatureID="true_298" href="VOIP_HLP_SERVCATALOG.html">服務目錄</target>
      <target FeatureID="-1" href="SERVTAB_HLP_SETTINGS.html">服務標籤設定</target>
   </keywords>
</keywords>