<?xml version="1.0" encoding="UTF-8"?>
<keywords>
   <keywords>
      <text FeatureID="-1">มุมมองร่วม</text>
      <target FeatureID="true_208" href="MSH_HLP_LIVE.html">การร่วมมองวิดีโอสด</target>
      <target FeatureID="-1" href="MSH_HLP_CLIP.html">การร่วมมองวิดีโอคลิป</target>
      <target FeatureID="-1" href="MSH_HLP_SETTINGS.html">การตั้งค่าการแบ่งปันวิดีโอ</target>
      <target FeatureID="-1" href="MSH_HLP_RECEIVE.html">การดูวิดีโอที่ร่วมมอง</target>
   </keywords>
</keywords>