<?xml version="1.0" encoding="UTF-8"?>
<keywords>
   <keywords>
      <text FeatureID="-1">ที่ตั้ง</text>
      <target FeatureID="-1" href="HLP_LOC_EVENTS_VIEW.html">มุมมองหลักของเหตุการณ์ที่ตั้ง</target>
   </keywords>
   <keywords>
      <text FeatureID="-1">ที่ตั้ง, เหตุการณ์ใหม่</text>
      <target FeatureID="-1" href="HLP_LOC_EVENTS_EDITOR.html">เหตุการณ์ใหม่</target>
   </keywords>
</keywords>