<?xml version="1.0" encoding="UTF-8"?>
<keywords>
   <keywords>
      <text FeatureID="-1">anniversary entries</text>
      <target FeatureID="-1" href="FSCA_HLP_ANNIVERSARY_EDITOR.html">Create anniversary entries</target>
      <target FeatureID="-1" href="FSCA_HLP_ANNI_VIEWER.html">Edit anniversary entries</target>
   </keywords>
   <keywords>
      <text FeatureID="-1">meeting entries</text>
      <target FeatureID="-1" href="FSCA_HLP_CALE_MEETING_EDITOR.html">Create meeting entries</target>
      <target FeatureID="-1" href="FSCA_HLP_CALE_MEETING_VIEWER.html">Edit meeting entries</target>
   </keywords>
   <keywords>
      <text FeatureID="-1">memo entries</text>
      <target FeatureID="-1" href="FSCA_HLP_MEMO_EDITOR.html">Create memo entries</target>
      <target FeatureID="-1" href="FSCA_HLP_MEMO_VIEWER.html">Edit memo entries</target>
   </keywords>
   <keywords>
      <text FeatureID="-1">to-do entries</text>
      <target FeatureID="-1" href="FSCA_HLP_TODO_EDITOR.html">Create to-do entries</target>
      <target FeatureID="-1" href="FSCA_HLP_TODO_VIEWER.html">Edit to-do entries</target>
   </keywords>
   <keywords>
      <text FeatureID="-1">meeting requests</text>
      <target FeatureID="-1" href="FSCA_HLP_RESPONSE_EDITOR.html">Edit your response</target>
      <target FeatureID="-1" href="FSCA_HLP_VIEWER_ORGANIZER.html">Manage meeting requests</target>
      <target FeatureID="-1" href="MEET_REQ_HLP_EDITOR.html">Received meeting requests</target>
      <target FeatureID="-1" href="FSCA_HLP_VIEWER.html">Respond to meeting requests</target>
   </keywords>
   <keywords>
      <text FeatureID="-1">연락처</text>
      <target FeatureID="-1" href="RLOOK_HLP_INFO_VIEW.html">검색된 연락처 관리</target>
   </keywords>
   <keywords>
      <text FeatureID="-1">연락처, 검색 중</text>
      <target FeatureID="-1" href="RLOOK_HLP_RESULT_VIEW.html">검색 결과</target>
   </keywords>
   <keywords>
      <text FeatureID="-1">이메일, 첨부 파일</text>
      <target FeatureID="-1" href="FSE_HLP_ATTACHMENT_LIST_EDITOR.html">첨부 파일 추가</target>
   </keywords>
   <keywords>
      <text FeatureID="-1">삭제한 이메일</text>
      <target FeatureID="-1" href="FSE_HLP_MESSAGE_LIST_DELETED.html">삭제한 이메일 메시지</target>
   </keywords>
   <keywords>
      <text FeatureID="-1">이메일 첨부 파일 다운로드</text>
      <target FeatureID="-1" href="FSE_HLP_ATTACHMENT_LIST.html">첨부 파일 다운로드</target>
   </keywords>
   <keywords>
      <text FeatureID="-1">임시 이메일</text>
      <target FeatureID="-1" href="FSE_HLP_MESSAGE_LIST_DRAFTS.html">임시 이메일 메시지</target>
   </keywords>
   <keywords>
      <text FeatureID="-1">Nokia 이메일</text>
      <target FeatureID="-1" href="FSE_HLP_LAUNCHER_GRID.html">Nokia 이메일</target>
   </keywords>
   <keywords>
      <text FeatureID="-1">이메일</text>
      <target FeatureID="-1" href="FSE_HLP_LAUNCHER_GRID.html">Nokia 이메일</target>
   </keywords>
   <keywords>
      <text FeatureID="-1">이메일 폴더</text>
      <target FeatureID="-1" href="FSE_HLP_FOLDER_LIST.html">이메일 폴더</target>
      <target FeatureID="-1" href="FSE_HLP_SETT_IMAP_SUBSCR.html">폴더 구독</target>
      <target FeatureID="-1" href="FSE_HLP_MESSAGE_LIST_INBOX.html">이메일 폴더 작업</target>
   </keywords>
   <keywords>
      <text FeatureID="-1">이메일 설정</text>
      <target FeatureID="-1" href="FSE_HLP_LAUNCHER_SETTINGS.html">일반 이메일 설정</target>
      <target FeatureID="-1" href="FSE_HLP_POP_IMAP_SETT_MAIN.html">이메일 설정</target>
      <target FeatureID="-1" href="FSE_HLP_MFE_SETTINGS_MAIN_VIEW.html">이메일 설정</target>
   </keywords>
   <keywords>
      <text FeatureID="-1">이메일 메시지 표시 설정</text>
      <target FeatureID="-1" href="FSE_HLP_SETTINGS_GLOBAL.html">이메일 메시지 표시 설정</target>
   </keywords>
   <keywords>
      <text FeatureID="-1">HTML 이메일</text>
      <target FeatureID="-1" href="FS_VIEWER_HLP_HTML_VIEW.html">HTML 형식 이메일</target>
   </keywords>
   <keywords>
      <text FeatureID="-1">고급 이메일 설정</text>
      <target FeatureID="-1" href="FSE_HLP_POP_IMAP_SETT_ADV.html">고급 이메일 설정</target>
   </keywords>
   <keywords>
      <text FeatureID="-1">수신 이메일 설정</text>
      <target FeatureID="-1" href="FSE_HLP_POP_IMAP_SETT_INCOMING.html">수신 이메일 설정</target>
   </keywords>
   <keywords>
      <text FeatureID="-1">발신 이메일 설정</text>
      <target FeatureID="-1" href="FSE_HLP_POP_IMAP_SETT_OUTGOING.html">발신 이메일 설정</target>
   </keywords>
   <keywords>
      <text FeatureID="-1">이메일 동기화</text>
      <target FeatureID="-1" href="FSE_HLP_POP_IMAP_SETT_WHAT.html">동기화 콘텐츠 선택</target>
   </keywords>
   <keywords>
      <text FeatureID="-1">이메일 동기화 시간</text>
      <target FeatureID="-1" href="FSE_HLP_POP_IMAP_SETT_WHEN.html">동기화 시간 선택</target>
      <target FeatureID="-1" href="FSE_HLP_MFE_SETTINGS_WHEN_SYNC.html">동기화 시간 선택</target>
      <target FeatureID="-1" href="FSE_HLP_SETTINGS_WHEN_SYNC.html">동기화 시간</target>
   </keywords>
   <keywords>
      <text FeatureID="-1">교환 메일</text>
      <target FeatureID="-1" href="FSE_HLP_MFE_LAUNCHER_MAIN_VIEW.html">Mail for Exchange 메일</target>
   </keywords>
   <keywords>
      <text FeatureID="-1">이메일 정보</text>
      <target FeatureID="-1" href="FS_VIEWER_HLP_DETAILS_VIEW.html">메시지 정보</target>
   </keywords>
   <keywords>
      <text FeatureID="-1">고급 사서함 설정</text>
      <target FeatureID="-1" href="FSE_HLP_MFE_SETTINGS_ADVANCED.html">사서함 고급 설정</target>
   </keywords>
   <keywords>
      <text FeatureID="-1">이메일 동기화 설정</text>
      <target FeatureID="-1" href="FSE_HLP_MFE_SETTINGS_PIM_APPS.html">애플리케이션 동기화 설정</target>
   </keywords>
   <keywords>
      <text FeatureID="-1">달력/일정 동기화</text>
      <target FeatureID="-1" href="FSE_HLP_MFE_CALENDAR_APP.html">달력/일정 동기화 설정</target>
   </keywords>
   <keywords>
      <text FeatureID="-1">연락처 동기화,</text>
      <target FeatureID="-1" href="FSE_HLP_MFE_CONTACTS_APP.html">연락처 동기화 설정</target>
   </keywords>
   <keywords>
      <text FeatureID="-1">사서함 설정</text>
      <target FeatureID="-1" href="FSE_HLP_MFE_SETTINGS_MAILBOX.html">일반 사서함 설정</target>
   </keywords>
   <keywords>
      <text FeatureID="-1">이메일 동기화 콘텐츠</text>
      <target FeatureID="-1" href="FSE_HLP_MFE_SETTINGS_WHAT_SYNC.html">동기화 콘텐츠 선택</target>
   </keywords>
   <keywords>
      <text FeatureID="-1">이메일 폴더 동기화</text>
      <target FeatureID="-1" href="FSE_HLP_MFE_SETTINGS_FOLDER.html">동기화 설정</target>
   </keywords>
   <keywords>
      <text FeatureID="-1">할 일 항목 동기화</text>
      <target FeatureID="-1" href="FSE_HLP_MFE_TASKS_APP.html">할 일 동기화 설정</target>
   </keywords>
   <keywords>
      <text FeatureID="-1">이메일 메시지 없음</text>
      <target FeatureID="-1" href="FSE_HLP_MESSAGE_LIST_EMPTY.html">메시지 없음</target>
   </keywords>
   <keywords>
      <text FeatureID="-1">보낼 이메일 메시지</text>
      <target FeatureID="-1" href="FSE_HLP_MESSAGE_LIST_OUTBOX.html">보낼 메시지 작업</target>
   </keywords>
   <keywords>
      <text FeatureID="-1">미팅 요청</text>
      <target FeatureID="-1" href="FS_VIEWER_HLP_MEETING_REQ_VIEW.html">미팅 요청 회신</target>
   </keywords>
   <keywords>
      <text FeatureID="-1">이메일 검색</text>
      <target FeatureID="-1" href="FSE_HLP_MESSAGE_LIST_SEARCHING.html">이메일 검색</target>
   </keywords>
   <keywords>
      <text FeatureID="-1">이메일 검색 결과</text>
      <target FeatureID="-1" href="FSE_HLP_MESSAGE_LIST_SEARCHED.html">검색 결과</target>
   </keywords>
   <keywords>
      <text FeatureID="-1">이메일 전송</text>
      <target FeatureID="-1" href="FS_EDITOR_HLP_MAIN_VIEW.html">이메일 전송</target>
   </keywords>
   <keywords>
      <text FeatureID="-1">PIM 서비스</text>
      <target FeatureID="-1" href="FSE_HLP_SETTINGS_PIM_VIEW.html">PIM 서비스</target>
   </keywords>
   <keywords>
      <text FeatureID="-1">애플리케이션 동기화</text>
      <target FeatureID="-1" href="FSE_HLP_SETTINGS_APPLICATIONS.html">애플리케이션 동기화</target>
   </keywords>
   <keywords>
      <text FeatureID="-1">수신 이메일</text>
      <target FeatureID="-1" href="FS_VIEWER_HLP_MAIN_VIEW.html">수신 이메일 작업</target>
   </keywords>
   <keywords>
      <text FeatureID="-1">메일, 설정</text>
      <target FeatureID="-1" href="FSE_HLP_SETT.html">설정</target>
   </keywords>
   <keywords>
      <text FeatureID="-1">메일, 계정 설정</text>
      <target FeatureID="-1" href="FSE_HLP_ACCT_INFO.html">메일 계정 설정</target>
   </keywords>
   <keywords>
      <text FeatureID="-1">메일, 동기화</text>
      <target FeatureID="-1" href="FSE_HLP_SYNC_SETT.html">동기화 설정</target>
   </keywords>
   <keywords>
      <text FeatureID="-1">메일, 미팅 항목</text>
      <target FeatureID="-1" href="FS_VIEWER_HLP_MR_RECEIVED.html">미팅 요청</target>
   </keywords>
   <keywords>
      <text FeatureID="-1">미팅 항목</text>
      <target FeatureID="-1" href="FS_VIEWER_HLP_MR_RECEIVED.html">미팅 요청</target>
   </keywords>
</keywords>