<?xml version="1.0" encoding="UTF-8"?>
<keywords>
   <keywords>
      <text FeatureID="-1">transfert de données</text>
      <target FeatureID="-1" href="SWITCH_HLP_EDIT_SHORTCUT.html">Param. raccourcis</target>
      <target FeatureID="-1" href="SWITCH_HLP_EDIT_SHORTCUT.html">Param. raccourcis</target>
      <target FeatureID="-1" href="SWITCH_HLP_MAIN.html">Transfert de données</target>
      <target FeatureID="-1" href="SWITCH_HLP_MAIN.html">Transfert de données</target>
      <target FeatureID="-1" href="SWITCH_HLP_LOG.html">Journal des transferts</target>
   </keywords>
   <keywords>
      <text FeatureID="-1">raccourcis</text>
      <target FeatureID="-1" href="SWITCH_HLP_EDIT_SHORTCUT.html">Param. raccourcis</target>
   </keywords>
   <keywords>
      <text FeatureID="-1">transfert de données, conflits</text>
      <target FeatureID="-1" href="SWITCH_HLP_CONFLICT.html">Conflits de transfert</target>
   </keywords>
   <keywords>
      <text FeatureID="-1">copie de contenu</text>
      <target FeatureID="-1" href="SWITCH_HLP_MAIN.html">Transfert de données</target>
   </keywords>
   <keywords>
      <text FeatureID="-1">journal des transferts</text>
      <target FeatureID="-1" href="SWITCH_HLP_LOG.html">Journal des transferts</target>
   </keywords>
</keywords>