<?xml version="1.0" encoding="UTF-8"?>
<keywords>
   <keywords>
      <text FeatureID="true_1604">text input</text>
      <target FeatureID="true_1604" href="HWR_HLP_MAIN_VIEW.html">Igenkänning av handskrift</target>
   </keywords>
   <keywords>
      <text FeatureID="true_1604">igenkänning av handskrift</text>
      <target FeatureID="true_1604" href="HWR_HLP_MAIN_VIEW.html">Igenkänning av handskrift</target>
   </keywords>
   <keywords>
      <text FeatureID="true_1603 true_410">pekfunktion</text>
      <target FeatureID="true_1603" href="VQWERTY_HLP_MAIN_VIEW.html">Virtuellt tangentbord</target>
      <target FeatureID="true_410" href="VITU_HLP_MAIN_VIEW.html">Virtuell knappsats</target>
   </keywords>
   <keywords>
      <text FeatureID="true_410">virtuell knappsats</text>
      <target FeatureID="true_410" href="VITU_HLP_MAIN_VIEW.html">Virtuell knappsats</target>
   </keywords>
</keywords>