<?xml version="1.0" encoding="UTF-8"?>
<keywords>
   <keywords>
      <text FeatureID="-1">Mail for Exchange</text>
      <target FeatureID="-1" href="FSE_HLP_MFE_LAUNCHER_MAIN_VIEW.html">Mail for Exchange-e-mail</target>
   </keywords>
   <keywords>
      <text FeatureID="-1">geavanceerde mailboxinstellingen</text>
      <target FeatureID="-1" href="FSE_HLP_MFE_SETTINGS_ADVANCED.html">Geavanceerde mailboxinstellingen</target>
   </keywords>
   <keywords>
      <text FeatureID="-1">instellingen voor e-mailsynchronisatie</text>
      <target FeatureID="-1" href="FSE_HLP_MFE_SETTINGS_PIM_APPS.html">Synchronisatie-instellingen voor toepassingen</target>
   </keywords>
   <keywords>
      <text FeatureID="-1">agendasynchronisatie</text>
      <target FeatureID="-1" href="FSE_HLP_MFE_CALENDAR_APP.html">Synchronisatie-instellingen voor Agenda</target>
   </keywords>
   <keywords>
      <text FeatureID="-1">synchronisatie van contacten,</text>
      <target FeatureID="-1" href="FSE_HLP_MFE_CONTACTS_APP.html">Synchronisatie-instellingen voor contacten</target>
   </keywords>
   <keywords>
      <text FeatureID="-1">mailboxinstellingen</text>
      <target FeatureID="-1" href="FSE_HLP_MFE_SETTINGS_MAILBOX.html">Algemene mailboxinstellingen</target>
   </keywords>
   <keywords>
      <text FeatureID="-1">e-mailsynchronisatie-inhoud</text>
      <target FeatureID="-1" href="FSE_HLP_MFE_SETTINGS_WHAT_SYNC.html">Synchronisatie-inhoud kiezen</target>
   </keywords>
   <keywords>
      <text FeatureID="-1">e-mailsynchronisatietijd</text>
      <target FeatureID="-1" href="FSE_HLP_MFE_SETTINGS_WHEN_SYNC.html">Synchronisatieschema instellen</target>
   </keywords>
   <keywords>
      <text FeatureID="-1">synchronisatie van e-mailmap</text>
      <target FeatureID="-1" href="FSE_HLP_MFE_SETTINGS_FOLDER.html">Instellingen voor synchronisatie</target>
   </keywords>
   <keywords>
      <text FeatureID="-1">e-mailinstellingen</text>
      <target FeatureID="-1" href="FSE_HLP_MFE_SETTINGS_MAIN_VIEW.html">Instellingen voor e-mail</target>
   </keywords>
   <keywords>
      <text FeatureID="-1">taakitemsynchronisatie</text>
      <target FeatureID="-1" href="FSE_HLP_MFE_TASKS_APP.html">Synchronisatie-instellingen taaklijsten</target>
   </keywords>
</keywords>