<?xml version="1.0" encoding="UTF-8"?>
<keywords>
   <keywords>
      <text FeatureID="-1">การแก้ไขสมุดบันทึก</text>
      <target FeatureID="-1" href="NMAKE_HLP_MEMO_VIEWER_EDIT.html">การแก้ไขสมุดบันทึกในแอปพลิเคชั่น</target>
   </keywords>
   <keywords>
      <text FeatureID="-1">การรับสมุดบันทึก</text>
      <target FeatureID="-1" href="NMAKE_HLP_MEMO_VIEWER.html">ดูสมุดบันทึกที่ได้รับ</target>
   </keywords>
   <keywords>
      <text FeatureID="-1">ตัวอย่างข้อความ</text>
      <target FeatureID="-1" href="NMAKE_HLP_TEMPLATE_EDITOR.html">เขียนตัวอย่างข้อความ</target>
   </keywords>
   <keywords>
      <text FeatureID="-1">การสร้างตัวอย่างข้อความ</text>
      <target FeatureID="-1" href="NMAKE_HLP_TEMPLATE_EDITOR.html">เขียนตัวอย่างข้อความ</target>
   </keywords>
   <keywords>
      <text FeatureID="-1">การเขียนตัวอย่างข้อความ</text>
      <target FeatureID="-1" href="NMAKE_HLP_TEMPLATE_EDITOR.html">เขียนตัวอย่างข้อความ</target>
   </keywords>
   <keywords>
      <text FeatureID="-1">รายการสมุดบันทึก</text>
      <target FeatureID="-1" href="NMAKE_HLP_MEMO_LIST.html">รายการสมุดบันทึก</target>
   </keywords>
   <keywords>
      <text FeatureID="-1">การเขียนสมุดบันทึก</text>
      <target FeatureID="-1" href="NMAKE_HLP_MEMO_LIST.html">รายการสมุดบันทึก</target>
      <target FeatureID="-1" href="NMAKE_HLP_MEMO_EDITOR_APPS.html">เขียนสมุดบันทึกในแอปพลิเคชั่น</target>
      <target FeatureID="-1" href="NMAKE_HLP_MEMO_EDITOR.html">เขียนสมุดบันทึก</target>
   </keywords>
</keywords>