<?xml version="1.0" encoding="UTF-8"?>
<keywords>
   <keywords>
      <text FeatureID="-1">marcaje</text>
      <target FeatureID="-1" href="OSS_HLP_BM_ADDBM.html">Adăugare marcaje</target>
      <target FeatureID="-1" href="OSS_HLP_BM_MAIN.html">Marcaje browser</target>
      <target FeatureID="-1" href="OSS_HLP_BM_EDIT.html">Editare marcaje</target>
   </keywords>
   <keywords>
      <text FeatureID="-1">marcaje browser</text>
      <target FeatureID="-1" href="OSS_HLP_BM_ADDBM.html">Adăugare marcaje</target>
      <target FeatureID="-1" href="OSS_HLP_BM_EDIT.html">Editare marcaje</target>
   </keywords>
   <keywords>
      <text FeatureID="-1">Web</text>
      <target FeatureID="-1" href="OSS_HLP_BM_ADDBM.html">Adăugare marcaje</target>
      <target FeatureID="true_167" href="OSS_HLP_RSS_ADD.html">Adăugarea fluxurilor Web</target>
      <target FeatureID="-1" href="OSS_HLP_PAGEVIEW.html">Navigare pe Web</target>
      <target FeatureID="-1" href="OSS_HLP_BM_EDIT.html">Editare marcaje</target>
      <target FeatureID="true_167" href="OSS_HLP_RSS_EDIT.html">Editarea fluxurilor Web</target>
      <target FeatureID="true_167" href="OSS_HLP_RSS_ARTICLE.html">Art. fluxuri Web</target>
      <target FeatureID="true_167" href="OSS_HLP_RSS_ARTICLELST.html">Fluxuri Internet</target>
      <target FeatureID="true_167" href="OSS_HLP_RSS_MAIN.html">Fluxuri Internet şi jurnalele blog</target>
   </keywords>
   <keywords>
      <text FeatureID="true_167">fluxuri</text>
      <target FeatureID="true_167" href="OSS_HLP_RSS_ADD.html">Adăugarea fluxurilor Web</target>
      <target FeatureID="true_167" href="OSS_HLP_RSS_EDIT.html">Editarea fluxurilor Web</target>
      <target FeatureID="true_167" href="OSS_HLP_RSS_ARTICLE.html">Art. fluxuri Web</target>
      <target FeatureID="true_167" href="OSS_HLP_RSS_ARTICLELST.html">Fluxuri Internet</target>
      <target FeatureID="true_167" href="OSS_HLP_RSS_MAIN.html">Fluxuri Internet şi jurnalele blog</target>
   </keywords>
   <keywords>
      <text FeatureID="true_167">fluxuri RSS</text>
      <target FeatureID="true_167" href="OSS_HLP_RSS_ADD.html">Adăugarea fluxurilor Web</target>
      <target FeatureID="true_167" href="OSS_HLP_RSS_EDIT.html">Editarea fluxurilor Web</target>
      <target FeatureID="true_167" href="OSS_HLP_RSS_ARTICLE.html">Art. fluxuri Web</target>
      <target FeatureID="true_167" href="OSS_HLP_RSS_ARTICLELST.html">Fluxuri Internet</target>
      <target FeatureID="true_167" href="OSS_HLP_RSS_MAIN.html">Fluxuri Internet şi jurnalele blog</target>
   </keywords>
   <keywords>
      <text FeatureID="true_167">ştiri şi jurnale blog</text>
      <target FeatureID="true_167" href="OSS_HLP_RSS_ADD.html">Adăugarea fluxurilor Web</target>
      <target FeatureID="true_167" href="OSS_HLP_RSS_EDIT.html">Editarea fluxurilor Web</target>
      <target FeatureID="true_167" href="OSS_HLP_RSS_ARTICLE.html">Art. fluxuri Web</target>
      <target FeatureID="true_167" href="OSS_HLP_RSS_ARTICLELST.html">Fluxuri Internet</target>
      <target FeatureID="true_167" href="OSS_HLP_RSS_MAIN.html">Fluxuri Internet şi jurnalele blog</target>
   </keywords>
   <keywords>
      <text FeatureID="true_167">jurnale blog</text>
      <target FeatureID="true_167" href="OSS_HLP_RSS_ADD.html">Adăugarea fluxurilor Web</target>
      <target FeatureID="true_167" href="OSS_HLP_RSS_EDIT.html">Editarea fluxurilor Web</target>
      <target FeatureID="true_167" href="OSS_HLP_RSS_ARTICLE.html">Art. fluxuri Web</target>
      <target FeatureID="true_167" href="OSS_HLP_RSS_ARTICLELST.html">Fluxuri Internet</target>
      <target FeatureID="true_167" href="OSS_HLP_RSS_MAIN.html">Fluxuri Internet şi jurnalele blog</target>
   </keywords>
   <keywords>
      <text FeatureID="-1">navigare pagini</text>
      <target FeatureID="-1" href="OSS_HLP_PAGEVIEW.html">Navigare pe Web</target>
   </keywords>
   <keywords>
      <text FeatureID="-1">browser</text>
      <target FeatureID="-1" href="OSS_HLP_BM_MAIN.html">Marcaje browser</target>
   </keywords>
   <keywords>
      <text FeatureID="-1">setări browser</text>
      <target FeatureID="-1" href="OSS_HLP_SETTINGS_GENERAL.html">Setări generale</target>
      <target FeatureID="-1" href="OSS_HLP_SETTINGS_PAGE.html">Setări pagină</target>
      <target FeatureID="-1" href="OSS_HLP_SETTINGS_PRIVACY.html">Setări confid.</target>
      <target FeatureID="true_167" href="OSS_HLP_SETTINGS_RSS.html">Setări fluxuri Internet</target>
      <target FeatureID="-1" href="OSS_HLP_SETTINGS_FOLDERS.html">Setări Web</target>
      <target FeatureID="false_410" href="OSS_HLP_SHORTCUTS.html">Comenzi rapide în bara de instrumente</target>
      <target FeatureID="false_410" href="OSS_HLP_KEYPAD.html">Comenzi rapide tastatură</target>
   </keywords>
   <keywords>
      <text FeatureID="-1">setări Web</text>
      <target FeatureID="-1" href="OSS_HLP_SETTINGS_GENERAL.html">Setări generale</target>
      <target FeatureID="-1" href="OSS_HLP_SETTINGS_PAGE.html">Setări pagină</target>
      <target FeatureID="-1" href="OSS_HLP_SETTINGS_PRIVACY.html">Setări confid.</target>
      <target FeatureID="true_167" href="OSS_HLP_SETTINGS_RSS.html">Setări fluxuri Internet</target>
      <target FeatureID="-1" href="OSS_HLP_SETTINGS_FOLDERS.html">Setări Web</target>
      <target FeatureID="false_410" href="OSS_HLP_KEYPAD.html">Comenzi rapide tastatură</target>
   </keywords>
   <keywords>
      <text FeatureID="-1">setare pentru Web</text>
      <target FeatureID="-1" href="OSS_HLP_SETTINGS_PAGE.html">Setări pagină</target>
      <target FeatureID="true_167" href="OSS_HLP_SETTINGS_RSS.html">Setări fluxuri Internet</target>
      <target FeatureID="-1" href="OSS_HLP_SETTINGS_FOLDERS.html">Setări Web</target>
   </keywords>
   <keywords>
      <text FeatureID="-1">setări confid.</text>
      <target FeatureID="-1" href="OSS_HLP_SETTINGS_PRIVACY.html">Setări confid.</target>
   </keywords>
   <keywords>
      <text FeatureID="-1">deschid. anum. pagini</text>
      <target FeatureID="-1" href="OSS_HLP_PAGEVIEW_EMBED.html">Web în aplicaţii</target>
   </keywords>
   <keywords>
      <text FeatureID="-1">Web în aplicaţii</text>
      <target FeatureID="-1" href="OSS_HLP_PAGEVIEW_EMBED.html">Web în aplicaţii</target>
   </keywords>
   <keywords>
      <text FeatureID="false_410">setări Internet</text>
      <target FeatureID="false_410" href="OSS_HLP_SHORTCUTS.html">Comenzi rapide în bara de instrumente</target>
   </keywords>
</keywords>