<?xml version="1.0" encoding="UTF-8"?>
<keywords>
   <keywords>
      <text FeatureID="-1">kategorie orientačních bodů</text>
      <target FeatureID="-1" href="LM_HLP_LM_BY_CATEGORY.html">Kategorie orientačních bodů</target>
      <target FeatureID="-1" href="LM_HLP_EDIT_CATEGORIES.html">Úpravy kategorií orientačních bodů</target>
   </keywords>
   <keywords>
      <text FeatureID="-1">orientační body</text>
      <target FeatureID="-1" href="LM_HLP_LM_BY_NAME.html">Zobrazení orientačních bodů podle názvu</target>
      <target FeatureID="-1" href="LM_HLP_CATEGORY_CONTENTS.html">Orientační body v kategoriích</target>
      <target FeatureID="-1" href="LM_HLP_LM_VIEWER.html">Orientační body podrobně</target>
   </keywords>
   <keywords>
      <text FeatureID="-1">úpravy orientačních bodů</text>
      <target FeatureID="-1" href="LM_HLP_LM_EDITOR.html">Úprava orientačního bodu</target>
   </keywords>
</keywords>