<?xml version="1.0" encoding="UTF-8"?><?xml-stylesheet  href="../../theme/xsl/index2html.xslt" type="text/xsl"?>
<topics FeatureID="-1" title="Podešavanja" compressed="true">
   <topicref FeatureID="-1" href="SET_HLP_SETTINGS_KEYPAD_COVER.html" navtitle="Podešavanje rada sa preklopnikom"/>
   <topicref FeatureID="-1" href="CP_HLP_ADMINISTRATIVE_SETTINGS.html" navtitle="Administrativna podešavanja"/>
   <topicref FeatureID="-1" href="CP_HLP_DEVICE_MANAGEMENT.html" navtitle="Upravljanje uređajem"/>
   <topicref FeatureID="true_109" href="SET_HLP_WLAN_WPA_MAIN.html" navtitle="WPA bezbednosna podešavanja"/>
   <topicref FeatureID="true_109" href="SET_HLP_WLAN_8021X_MAIN.html" navtitle="Bezbednosna podešavanja za 802.1x"/>
   <topicref FeatureID="true_109" href="SET_HLP_WLAN_EAP_PLUGINS_IAP.html" navtitle="Podešavanja za EAP"/>
   <topicref FeatureID="true_109" href="SET_HLP_WLAN_EAP_AKA.html" navtitle="Podešavanja za EAP-AKA"/>
   <topicref FeatureID="true_109" href="SET_HLP_WLAN_EAP_SIM.html" navtitle="Podešavanja za EAP-SIM"/>
   <topicref FeatureID="true_109" href="SET_HLP_WLAN_EAP_GTC.html" navtitle="Podešavanja za EAP-GTC"/>
   <topicref FeatureID="true_109" href="SET_HLP_WLAN_EAP_TTLS_TYPES.html" navtitle="EAP-TTLS metode provere verodostojnosti"/>
   <topicref FeatureID="true_109" href="SET_HLP_WLAN_EAP_TTLS_SUITES.html" navtitle="Šifrovani paketi za EAP-TTLS"/>
   <topicref FeatureID="true_109" href="SET_HLP_WLAN_EAP_TTLS_SETT.html" navtitle="Podešavanja za EAP-TTLS"/>
   <topicref FeatureID="true_109" href="SET_HLP_WLAN_EAP_TLS_SUITES.html" navtitle="Šifrovani paketi za EAP-TLS"/>
   <topicref FeatureID="true_109" href="SET_HLP_WLAN_EAP_TLS_SETT.html" navtitle="Podešavanja za EAP-TLS"/>
   <topicref FeatureID="true_109" href="SET_HLP_WLAN_EAP_PEAP_TYPES.html" navtitle="EAP-PEAP metode provere verodostojnosti"/>
   <topicref FeatureID="true_109" href="SET_HLP_WLAN_EAP_PEAP_SUITES.html" navtitle="Šifrovani paketi za EAP-PEAP"/>
   <topicref FeatureID="true_109" href="SET_HLP_WLAN_EAP_PEAP_SETT.html" navtitle="Podešavanja za EAP-PEAP"/>
   <topicref FeatureID="true_109" href="SET_HLP_WLAN_EAP_MSCHAPV2.html" navtitle="Podešavanja za EAP-MSCHAPV2"/>
   <topicref FeatureID="true_109" href="SET_HLP_WLAN_EAP_PLAIN_MSCHAP.html" navtitle="Obična MSCHAPV2 podešavanja"/>
   <topicref FeatureID="true_177" href="SET_HLP_WLAN_EAP_LEAP.html" navtitle="Podešavanja za EAP-LEAP"/>
   <topicref FeatureID="true_177" href="SET_HLP_WLAN_EAP_FAST_TYPES.html" navtitle="EAP-FAST metode provere verodostojnosti"/>
   <topicref FeatureID="true_177" href="SET_HLP_WLAN_EAP_FAST_SUITES.html" navtitle="Šifrovani paketi za EAP-FAST"/>
   <topicref FeatureID="true_177" href="SET_HLP_WLAN_EAP_FAST_SETT.html" navtitle="Podešavanja za EAP-FAST"/>
   <topicref FeatureID="true_109" href="SET_HLP_WLAN_EAP_PAP.html" navtitle="Podešavanja za PAP"/>
   <topicref FeatureID="true_109" href="SET_HLP_WLAN_WEP_KEY_SETT.html" navtitle="Izmena WEP ključeva"/>
   <topicref FeatureID="true_109" href="SET_HLP_WLAN_WEP_MAIN.html" navtitle="WEP bezbednosna podešavanja"/>
   <topicref FeatureID="-1" href="ACL_HLP_MAIN.html" navtitle="Ograničavanje veza"/>
   <topicref FeatureID="-1" href="SIP_HLP_PROF_PARAMS.html" navtitle="Podešavanja SIP profila"/>
   <topicref FeatureID="-1" href="SIP_HLP_MAIN.html" navtitle="SIP profili"/>
   <topicref FeatureID="-1" href="SIP_HLP_PROXY_PARAMS.html" navtitle="SIP podešavanja proksi servera"/>
   <topicref FeatureID="-1" href="SIP_HLP_REGISTRAR_PARAM.html" navtitle="Podešavanja registracionog servera"/>
   <topicref FeatureID="-1" href="HLP_OCC_CONN_SETTINGS.html" navtitle="Veza sa mrežom"/>
   <topicref FeatureID="-1" href="SET_HLP_CONN_DEST_VIEW.html" navtitle="Pregled odredišta"/>
   <topicref FeatureID="-1" href="SET_HLP_DEFAULT_CONN.html" navtitle="Podrazumevana veza"/>
   <topicref FeatureID="true_99" href="SET_HLP_VPN_DEST_ASSOC_VIEW.html" navtitle="VPN veze"/>
   <topicref FeatureID="-1" href="SET_HLP_CONN_METHODS_VIEW.html" navtitle="Pregled pristupnih tačaka"/>
   <topicref FeatureID="-1" href="SET_HLP_APP_DEST_ASSOC_VIEW.html" navtitle="Povezivanje aplikacija"/>
   <topicref FeatureID="-1" href="CP_HLP_APPILICATION_SETTINGS.html" navtitle="Podešavanja aplikacije"/>
   <topicref FeatureID="-1" href="SCP_HLP_CALL.html" navtitle="Podešavanja poziva"/>
   <topicref FeatureID="-1" href="CP_HLP_CONNECTIVITY.html" navtitle="Podešavanja povezivanja"/>
   <topicref FeatureID="-1" href="CP_HLP_DISPLAY.html" navtitle="Podešavanja displeja"/>
   <topicref FeatureID="-1" href="CP_HLP_DEVICE.html" navtitle="Podešavanja uređaja"/>
   <topicref FeatureID="-1" href="CP_HLP_LANGUAGE.html" navtitle="Jezička podešavanja"/>
   <topicref FeatureID="-1" href="CP_HLP_MAIN_VIEW.html" navtitle="Podešavanja"/>
   <topicref FeatureID="-1" href="CP_HLP_NETWORK.html" navtitle="Mrežna podešavanja"/>
   <topicref FeatureID="true_410" href="CP_HLP_PEN_INPUT.html" navtitle="Podešavanja za unos dodirom"/>
   <topicref FeatureID="-1" href="CP_HLP_PERSONAL.html" navtitle="Lični prikaz"/>
   <topicref FeatureID="-1" href="CP_HLP_SECURITY.html" navtitle="Bezbednosna podešavanja"/>
   <topicref FeatureID="-1" href="SET_HLP_SECURITY_DEVICE_SIM.html" navtitle="Bezbednost uređaja"/>
   <topicref FeatureID="-1" href="CP_HLP_TELEPHONY.html" navtitle="Telefonska podešavanja"/>
   <topicref FeatureID="__DUAL_LANGUAGE_SUPPORT=true" href="CP_HLP_WRITING_LANGUAGE.html" navtitle="Jezik pisanja"/>
   <topicref FeatureID="-1" href="SET_HLP_ACCESSORIES_LIST.html" navtitle="Podešavanja pribora"/>
   <topicref FeatureID="-1" href="SSET_HLP_MAIN_VIEW.html" navtitle="Podešavanja senzora"/>
   <topicref FeatureID="-1" href="SET_HLP_AP_SETTING_GPRS.html" navtitle="Pristupna tačka za paketne podatke"/>
   <topicref FeatureID="-1" href="SET_HLP_AP_SETTING_GPRS_AS.html" navtitle="Napr. podeš. paketnih podataka"/>
   <topicref FeatureID="true_110" href="SET_HLP_AP_DATA_AS_IPV4.html" navtitle="Podešavanja data poziva IPv4"/>
   <topicref FeatureID="true_1088" href="SET_HLP_AP_DATA_AS_IPV6.html" navtitle="Podešavanja data poziva IPv6"/>
   <topicref FeatureID="true_110" href="SET_HLP_AP_SETTING_DATA.html" navtitle="Pristupna tačka data poziva"/>
   <topicref FeatureID="true_110" href="SET_HLP_AP_SETTING_DATA_AS.html" navtitle="Napr. podešavanja data poziva"/>
   <topicref FeatureID="true_109" href="SET_HLP_AP_SETTING_WLAN_AS.html" navtitle="Napr. Podešavanja za WLAN"/>
   <topicref FeatureID="-1" href="SET_HLP_VPN_AP_SETTINGS_VIEW.html" navtitle="Izmena VPN pristupnih tačaka"/>
   <topicref FeatureID="true_109" href="SET_HLP_AP_SETTING_WLAN.html" navtitle="WLAN pristupna tačka"/>
   <topicref FeatureID="true_109" href="SET_HLP_AP_WLAN_AS_IPV4.html" navtitle="Podešavanja za WLAN IPv4"/>
   <topicref FeatureID="true_109" href="SET_HLP_AP_WLAN_AS_IPV6.html" navtitle="Podešavanja za WLAN IPv6"/>
   <topicref FeatureID="-1" href="CP_HLP_AUTOKEYGUARD.html" navtitle="Automatska blokada tastature"/>
   <topicref FeatureID="true_1581" href="RD_HLP_REMOTE_DRIVE_CONFIG.html" navtitle="Podešavanja udaljene disk jedinice"/>
   <topicref FeatureID="true_1581" href="RD_HLP_REMOTE_DRIVES.html" navtitle="Udaljene disk jedinice"/>
   <topicref FeatureID="-1" href="CP_HLP_NETWORK.html" navtitle="Mrežna podešavanja"/>
   <topicref FeatureID="-1" href="SET_HLP_BARRING_SETTINGS.html" navtitle="Zabrana telefonskih poziva"/>
   <topicref FeatureID="true_298" href="DIV_HLP_BARRING_MAIN.html" navtitle="Zabrana poziva"/>
   <topicref FeatureID="true_89" href="DIV_HLP_CALL_FORW_VID.html" navtitle="Preusmeravanje video poziva"/>
   <topicref FeatureID="-1" href="DIV_HLP_CALL_FORW_MAIN.html" navtitle="Preusmeravanje poziva"/>
   <topicref FeatureID="-1" href="DIV_HLP_CALL_FORW_VOI.html" navtitle="Preusmeravanje glasovnih poziva"/>
   <topicref FeatureID="true_298" href="DIV_HLP_CALL_FORW_VOIP.html" navtitle="Zabrana Internet poziva"/>
   <topicref FeatureID="true_109" href="SET_HLP_WLAN_SETTINGS.html" navtitle="Podešavanja za WLAN"/>
   <topicref FeatureID="-1" href="CP_HLP_SYNCHRONISATION.html" navtitle="Podešavanja usklađivanja"/>
   <topicref FeatureID="-1" href="CP_HLP_INSTALLATIONS.html" navtitle="Instalacije"/>
   <topicref FeatureID="-1" href="SET_HLP_ACCESSORIES_HEADPHONE.html" navtitle="Podešavanja slušalica"/>
   <topicref FeatureID="-1" href="SET_HLP_ACCESSORIES_HEADSET.html" navtitle="Podešavanja slušalica"/>
   <topicref FeatureID="-1" href="SET_HLP_ACCESS_WIRED_CK.html" navtitle="Podešavanje kompleta za automobil"/>
   <topicref FeatureID="-1" href="SET_HLP_ACCESS_WIRELESS_CK.html" navtitle="Podešavanja za bežični komplet za automobil"/>
   <topicref FeatureID="-1" href="SET_HLP_ACCESSORIES_LOOPSET.html" navtitle="Podešavanja adaptera za slušni aparat"/>
   <topicref FeatureID="-1" href="SET_HLP_ACCESSORIES_MUSIC_ST.html" navtitle="Podešavanja muzičkog postolja"/>
   <topicref FeatureID="true_1032" href="SET_HLP_ACCESSORIES_TTY.html" navtitle="Podešavanja tekst telefona"/>
   <topicref FeatureID="true_1540" href="SET_HLP_ACCESSORIES_TVOUT.html" navtitle="Podešavanja TV izlaza"/>
   <topicref FeatureID="true_410" href="PREDINPUT_HLP_VIRTUAL_ITI_SETTINGS.html" navtitle="Podešavanja unosa"/>
   <topicref FeatureID="-1" href="PREDINPUT_HLP_VIRTUAL_ITI.html" navtitle="Intuitivni unos teksta"/>
   <topicref FeatureID="-1" href="PREDINPUT_HLP_USERDICT.html" navtitle="Izmena korisničkog rečnika"/>
   <topicref FeatureID="-1" href="SET_HLP_GENERAL_ORIG_SET.html" navtitle="Vraćanje originalnih podešavanja"/>
</topics>