<?xml version="1.0" encoding="UTF-8"?>
<keywords>
   <keywords>
      <text FeatureID="-1">upravljanje uređajem</text>
      <target FeatureID="-1" href="CP_HLP_DEVICE_MANAGEMENT.html">Upravljanje uređajem</target>
   </keywords>
   <keywords>
      <text FeatureID="true_109">EAP (Extensible Authentication Protocol - protokol proširive provere verodostojnosti)</text>
      <target FeatureID="true_109" href="SET_HLP_WLAN_EAP_SIM.html">Podešavanja za EAP-SIM</target>
   </keywords>
   <keywords>
      <text FeatureID="true_109">podešavanja, WLAN</text>
      <target FeatureID="true_109" href="SET_HLP_WLAN_EAP_SIM.html">Podešavanja za EAP-SIM</target>
   </keywords>
   <keywords>
      <text FeatureID="-1">ograničavanje pristupnih tačaka</text>
      <target FeatureID="-1" href="ACL_HLP_MAIN.html">Ograničavanje veza</target>
   </keywords>
   <keywords>
      <text FeatureID="-1">podešavanja veze</text>
      <target FeatureID="-1" href="SET_HLP_CONN_DEST_VIEW.html">Pregled odredišta</target>
      <target FeatureID="-1" href="SET_HLP_DEFAULT_CONN.html">Podrazumevana veza</target>
      <target FeatureID="-1" href="SET_HLP_CONN_METHODS_VIEW.html">Pregled pristupnih tačaka</target>
      <target FeatureID="true_1537" href="RD_HLP_REMOTE_DRIVE_CONFIG.html">Podešavanja udaljene disk jedinice</target>
      <target FeatureID="true_1537" href="RD_HLP_REMOTE_DRIVES.html">Udaljene disk jedinice</target>
   </keywords>
   <keywords>
      <text FeatureID="-1">podešavanja odredišta</text>
      <target FeatureID="-1" href="SET_HLP_CONN_DEST_VIEW.html">Pregled odredišta</target>
   </keywords>
   <keywords>
      <text FeatureID="-1">podrazumevana veza</text>
      <target FeatureID="-1" href="SET_HLP_DEFAULT_CONN.html">Podrazumevana veza</target>
   </keywords>
   <keywords>
      <text FeatureID="-1">VPN pristupne tačke</text>
      <target FeatureID="true_99" href="SET_HLP_VPN_DEST_ASSOC_VIEW.html">VPN veze</target>
      <target FeatureID="-1" href="SET_HLP_VPN_AP_SETTINGS_VIEW.html">Izmena VPN pristupnih tačaka</target>
   </keywords>
   <keywords>
      <text FeatureID="-1">pristupne tačke</text>
      <target FeatureID="-1" href="SET_HLP_CONN_METHODS_VIEW.html">Pregled pristupnih tačaka</target>
   </keywords>
   <keywords>
      <text FeatureID="-1">povezivanje aplikacija</text>
      <target FeatureID="-1" href="SET_HLP_APP_DEST_ASSOC_VIEW.html">Povezivanje aplikacija</target>
   </keywords>
   <keywords>
      <text FeatureID="-1">podešavanja aplikacije</text>
      <target FeatureID="-1" href="CP_HLP_APPILICATION_SETTINGS.html">Podešavanja aplikacije</target>
   </keywords>
   <keywords>
      <text FeatureID="-1">pozivi, podešavanja</text>
      <target FeatureID="-1" href="SCP_HLP_CALL.html">Podešavanja poziva</target>
   </keywords>
   <keywords>
      <text FeatureID="-1">podešavanja, pozivi</text>
      <target FeatureID="-1" href="SCP_HLP_CALL.html">Podešavanja poziva</target>
   </keywords>
   <keywords>
      <text FeatureID="-1">povezivanje</text>
      <target FeatureID="-1" href="CP_HLP_CONNECTIVITY.html">Podešavanja povezivanja</target>
   </keywords>
   <keywords>
      <text FeatureID="-1">kontrolna tabla</text>
      <target FeatureID="-1" href="CP_HLP_DISPLAY.html">Podešavanja displeja</target>
      <target FeatureID="-1" href="CP_HLP_IDLE.html">Početni ekran</target>
      <target FeatureID="__DUAL_LANGUAGE_SUPPORT=true" href="CP_HLP_WRITING_LANGUAGE.html">Jezik pisanja</target>
   </keywords>
   <keywords>
      <text FeatureID="-1">podešavanja ekrana</text>
      <target FeatureID="-1" href="CP_HLP_DISPLAY.html">Podešavanja displeja</target>
   </keywords>
   <keywords>
      <text FeatureID="-1">opšta podešavanja</text>
      <target FeatureID="-1" href="CP_HLP_DEVICE.html">Podešavanja uređaja</target>
   </keywords>
   <keywords>
      <text FeatureID="-1">podešavanja uređaja</text>
      <target FeatureID="-1" href="CP_HLP_DEVICE.html">Podešavanja uređaja</target>
   </keywords>
   <keywords>
      <text FeatureID="-1">jezička podešavanja</text>
      <target FeatureID="-1" href="CP_HLP_LANGUAGE.html">Jezička podešavanja</target>
   </keywords>
   <keywords>
      <text FeatureID="-1">podešavanja</text>
      <target FeatureID="-1" href="CP_HLP_MAIN_VIEW.html">Podešavanja</target>
   </keywords>
   <keywords>
      <text FeatureID="-1">mrežna podešavanja</text>
      <target FeatureID="-1" href="CP_HLP_NETWORK.html">Mrežna podešavanja</target>
      <target FeatureID="-1" href="CP_HLP_NETWORK.html">Mrežna podešavanja</target>
   </keywords>
   <keywords>
      <text FeatureID="-1">profil</text>
      <target FeatureID="-1" href="CP_HLP_PERSONAL.html">Lični prikaz</target>
   </keywords>
   <keywords>
      <text FeatureID="-1">tema</text>
      <target FeatureID="-1" href="CP_HLP_PERSONAL.html">Lični prikaz</target>
   </keywords>
   <keywords>
      <text FeatureID="-1">pasivni režim</text>
      <target FeatureID="-1" href="CP_HLP_PERSONAL.html">Lični prikaz</target>
   </keywords>
   <keywords>
      <text FeatureID="-1">bezbednost, podešavanja</text>
      <target FeatureID="-1" href="CP_HLP_SECURITY.html">Bezbednosna podešavanja</target>
   </keywords>
   <keywords>
      <text FeatureID="-1">podešavanja, bezbednost</text>
      <target FeatureID="-1" href="CP_HLP_SECURITY.html">Bezbednosna podešavanja</target>
   </keywords>
   <keywords>
      <text FeatureID="-1">uređaj, zaključavanje</text>
      <target FeatureID="-1" href="SET_HLP_SECURITY_DEVICE_SIM.html">Bezbednost uređaja</target>
   </keywords>
   <keywords>
      <text FeatureID="-1">bezbednost</text>
      <target FeatureID="-1" href="SET_HLP_SECURITY_DEVICE_SIM.html">Bezbednost uređaja</target>
   </keywords>
   <keywords>
      <text FeatureID="-1">podešavanja početnog ekrana</text>
      <target FeatureID="-1" href="CP_HLP_IDLE.html">Početni ekran</target>
   </keywords>
   <keywords>
      <text FeatureID="__DUAL_LANGUAGE_SUPPORT=true">jezik pisanja</text>
      <target FeatureID="__DUAL_LANGUAGE_SUPPORT=true" href="CP_HLP_WRITING_LANGUAGE.html">Jezik pisanja</target>
   </keywords>
   <keywords>
      <text FeatureID="-1">svetlo obaveštenja</text>
      <target FeatureID="-1" href="ES_HLP_LIGHT_MAIN.html">Svetlo obaveštenja</target>
      <target FeatureID="-1" href="ES_HLP_LIGHT_BLINKING.html">Podešavanja svetla obaveštenja</target>
   </keywords>
   <keywords>
      <text FeatureID="-1">podešavanja pribora</text>
      <target FeatureID="-1" href="SET_HLP_ACCESSORIES_LIST.html">Podešavanja pribora</target>
      <target FeatureID="-1" href="SET_HLP_ACCESSORIES_HEADPHONE.html">Podešavanja slušalica</target>
      <target FeatureID="-1" href="SET_HLP_ACCESSORIES_HEADSET.html">Podešavanja slušalica</target>
      <target FeatureID="-1" href="SET_HLP_ACCESS_WIRED_CK.html">Podešavanje kompleta za automobil</target>
      <target FeatureID="true_1032" href="SET_HLP_ACCESSORIES_TTY.html">Podešavanja tekst telefona</target>
      <target FeatureID="true_1540" href="SET_HLP_ACCESSORIES_TVOUT.html">Podešavanja TV izlaza</target>
   </keywords>
   <keywords>
      <text FeatureID="-1">pristupna tačka za paketne podatke</text>
      <target FeatureID="-1" href="SET_HLP_AP_SETTING_GPRS.html">Pristupna tačka za paketne podatke</target>
   </keywords>
   <keywords>
      <text FeatureID="-1">podešavanja paketnih podataka</text>
      <target FeatureID="-1" href="SET_HLP_AP_SETTING_GPRS_AS.html">Napr. podeš. paketnih podataka</target>
   </keywords>
   <keywords>
      <text FeatureID="-1">pristupne tačke za paketni prenos podataka</text>
      <target FeatureID="-1" href="SET_HLP_AP_SETTING_GPRS_AS.html">Napr. podeš. paketnih podataka</target>
   </keywords>
   <keywords>
      <text FeatureID="true_1088 true_110">pristupne tačke data poziva</text>
      <target FeatureID="true_110" href="SET_HLP_AP_DATA_AS_IPV4.html">Podešavanja data poziva IPv4</target>
      <target FeatureID="true_1088" href="SET_HLP_AP_DATA_AS_IPV6.html">Podešavanja data poziva IPv6</target>
      <target FeatureID="true_110" href="SET_HLP_AP_SETTING_DATA_AS.html">Napr. podešavanja data poziva</target>
   </keywords>
   <keywords>
      <text FeatureID="true_110">podešavanja pristupne tačke</text>
      <target FeatureID="true_110" href="SET_HLP_AP_SETTING_DATA.html">Pristupna tačka data poziva</target>
      <target FeatureID="true_110" href="SET_HLP_AP_SETTING_DATA_AS.html">Napr. podešavanja data poziva</target>
   </keywords>
   <keywords>
      <text FeatureID="true_110">podešavanja data poziva</text>
      <target FeatureID="true_110" href="SET_HLP_AP_SETTING_DATA.html">Pristupna tačka data poziva</target>
   </keywords>
   <keywords>
      <text FeatureID="-1">virtuelna privatna mreža</text>
      <target FeatureID="-1" href="SET_HLP_VPN_AP_SETTINGS_VIEW.html">Izmena VPN pristupnih tačaka</target>
   </keywords>
   <keywords>
      <text FeatureID="-1">blokada tastature</text>
      <target FeatureID="-1" href="CP_HLP_AUTOKEYGUARD.html">Automatska blokada tastature</target>
   </keywords>
   <keywords>
      <text FeatureID="true_1537">udaljene disk jedinice</text>
      <target FeatureID="true_1537" href="RD_HLP_REMOTE_DRIVE_CONFIG.html">Podešavanja udaljene disk jedinice</target>
      <target FeatureID="true_1537" href="RD_HLP_REMOTE_DRIVES.html">Udaljene disk jedinice</target>
   </keywords>
   <keywords>
      <text FeatureID="-1">zabrana poziva</text>
      <target FeatureID="-1" href="SET_HLP_BARRING_SETTINGS.html">Zabrana telefonskih poziva</target>
      <target FeatureID="true_298" href="DIV_HLP_BARRING_MAIN.html">Zabrana poziva</target>
   </keywords>
   <keywords>
      <text FeatureID="-1">zabranjivanje poziva</text>
      <target FeatureID="-1" href="SET_HLP_BARRING_SETTINGS.html">Zabrana telefonskih poziva</target>
      <target FeatureID="true_298" href="DIV_HLP_BARRING_MAIN.html">Zabrana poziva</target>
   </keywords>
   <keywords>
      <text FeatureID="-1">preusmeravanje poziva</text>
      <target FeatureID="-1" href="DIV_HLP_CALL_FORW_MAIN.html">Preusmeravanje poziva</target>
      <target FeatureID="-1" href="DIV_HLP_CALL_FORW_VOI.html">Preusmeravanje glasovnih poziva</target>
   </keywords>
   <keywords>
      <text FeatureID="-1">prosleđivanje poziva</text>
      <target FeatureID="-1" href="DIV_HLP_CALL_FORW_MAIN.html">Preusmeravanje poziva</target>
   </keywords>
   <keywords>
      <text FeatureID="-1">podešavanja sinhronizacije</text>
      <target FeatureID="-1" href="CP_HLP_SYNCHRONISATION.html">Podešavanja usklađivanja</target>
   </keywords>
   <keywords>
      <text FeatureID="-1">instaliranje aplikacija</text>
      <target FeatureID="-1" href="CP_HLP_INSTALLATIONS.html">Instalacije</target>
   </keywords>
   <keywords>
      <text FeatureID="-1">podešavanja slušalica</text>
      <target FeatureID="-1" href="SET_HLP_ACCESSORIES_HEADPHONE.html">Podešavanja slušalica</target>
      <target FeatureID="-1" href="SET_HLP_ACCESSORIES_HEADSET.html">Podešavanja slušalica</target>
   </keywords>
   <keywords>
      <text FeatureID="-1">podešavanje kompleta za automobil</text>
      <target FeatureID="-1" href="SET_HLP_ACCESS_WIRED_CK.html">Podešavanje kompleta za automobil</target>
      <target FeatureID="-1" href="SET_HLP_ACCESS_WIRED_CK.html">Podešavanje kompleta za automobil</target>
   </keywords>
   <keywords>
      <text FeatureID="-1">podešavanja muzičkog postolja</text>
      <target FeatureID="-1" href="SET_HLP_ACCESSORIES_MUSIC_ST.html">Podešavanja muzičkog postolja</target>
   </keywords>
   <keywords>
      <text FeatureID="true_1032">TTY podešavanja</text>
      <target FeatureID="true_1032" href="SET_HLP_ACCESSORIES_TTY.html">Podešavanja tekst telefona</target>
   </keywords>
   <keywords>
      <text FeatureID="true_1032">TDD podešavanja</text>
      <target FeatureID="true_1032" href="SET_HLP_ACCESSORIES_TTY.html">Podešavanja tekst telefona</target>
   </keywords>
   <keywords>
      <text FeatureID="true_1540">podešavanja TV izlaza</text>
      <target FeatureID="true_1540" href="SET_HLP_ACCESSORIES_TVOUT.html">Podešavanja TV izlaza</target>
   </keywords>
</keywords>