<?xml version="1.0" encoding="UTF-8"?>
<keywords>
   <keywords>
      <text FeatureID="-1">местоположения</text>
      <target FeatureID="-1" href="HLP_LOC_EVENTS_VIEW.html">Главный экран событий для местоположения</target>
   </keywords>
   <keywords>
      <text FeatureID="-1">местоположения, новое событие</text>
      <target FeatureID="-1" href="HLP_LOC_EVENTS_EDITOR.html">Новое событие</target>
   </keywords>
</keywords>