<?xml version="1.0" encoding="UTF-8"?>
<keywords>
   <keywords>
      <text FeatureID="-1">partage vidéo</text>
      <target FeatureID="true_208" href="MSH_HLP_LIVE.html">Partager une vidéo en direct</target>
      <target FeatureID="-1" href="MSH_HLP_CLIP.html">Partager des clips vidéo</target>
      <target FeatureID="-1" href="MSH_HLP_SETTINGS.html">Paramètres de partage vidéo</target>
      <target FeatureID="-1" href="MSH_HLP_RECEIVE.html">Afficher une vidéo partagée</target>
   </keywords>
</keywords>