<?xml version="1.0" encoding="UTF-8"?>
<keywords>
   <keywords>
      <text FeatureID="-1">授權證書</text>
      <target FeatureID="-1" href="CM_HLP_AUTHORITY.html">授權證書</target>
   </keywords>
   <keywords>
      <text FeatureID="-1">證書</text>
      <target FeatureID="-1" href="CM_HLP_AUTHORITY.html">授權證書</target>
      <target FeatureID="-1" href="CM_HLP_DEVICE.html">裝置證書</target>
      <target FeatureID="-1" href="CM_HLP_MAIN.html">證書管理</target>
      <target FeatureID="-1" href="CM_HLP_PERSONAL.html">個人證書</target>
      <target FeatureID="-1" href="CM_HLP_TRUSTED_SITE.html">信任網站的證書</target>
      <target FeatureID="-1" href="CM_HLP_TRUST_SETTINGS.html">修改信任設定</target>
   </keywords>
   <keywords>
      <text FeatureID="-1">安全性證書</text>
      <target FeatureID="-1" href="CM_HLP_AUTHORITY.html">授權證書</target>
      <target FeatureID="-1" href="CM_HLP_MAIN.html">證書管理</target>
   </keywords>
   <keywords>
      <text FeatureID="-1">裝置證書</text>
      <target FeatureID="-1" href="CM_HLP_DEVICE.html">裝置證書</target>
   </keywords>
   <keywords>
      <text FeatureID="-1">個人證書</text>
      <target FeatureID="-1" href="CM_HLP_PERSONAL.html">個人證書</target>
   </keywords>
   <keywords>
      <text FeatureID="-1">信任網站的證書</text>
      <target FeatureID="-1" href="CM_HLP_TRUSTED_SITE.html">信任網站的證書</target>
   </keywords>
   <keywords>
      <text FeatureID="-1">信任設定</text>
      <target FeatureID="-1" href="CM_HLP_TRUST_SETTINGS.html">修改信任設定</target>
   </keywords>
</keywords>