<?xml version="1.0" encoding="UTF-8"?>
<keywords>
   <keywords>
      <text FeatureID="true_1604">text input</text>
      <target FeatureID="true_1604" href="HWR_HLP_MAIN_VIEW.html">Recoñecemento de escritura a man</target>
   </keywords>
   <keywords>
      <text FeatureID="true_1604">recoñecemento de escritura a man</text>
      <target FeatureID="true_1604" href="HWR_HLP_MAIN_VIEW.html">Recoñecemento de escritura a man</target>
   </keywords>
   <keywords>
      <text FeatureID="true_1603 true_410">entrada táctil</text>
      <target FeatureID="true_1603" href="VQWERTY_HLP_MAIN_VIEW.html">Teclado virtual</target>
      <target FeatureID="true_410" href="VITU_HLP_MAIN_VIEW.html">Teclado virtual</target>
   </keywords>
   <keywords>
      <text FeatureID="true_410">teclado virtual</text>
      <target FeatureID="true_410" href="VITU_HLP_MAIN_VIEW.html">Teclado virtual</target>
   </keywords>
</keywords>