<?xml version="1.0" encoding="UTF-8"?>
<keywords>
   <keywords>
      <text FeatureID="-1">μηνύματα εκπομπής κυψέλης</text>
      <target FeatureID="-1" href="CBS_HLP_TOPIC_VIEW.html">Μηνύματα εκπομπής κυψέλης</target>
      <target FeatureID="-1" href="CBS_HLP_MAIN.html">Θέματα εκπομπής κυψέλης</target>
      <target FeatureID="-1" href="CBS_HLP_MSG.html">Προβολή μηνυμάτων CBS</target>
   </keywords>
   <keywords>
      <text FeatureID="-1">θέματα εκπομπής κυψέλης</text>
      <target FeatureID="-1" href="CBS_HLP_MAIN.html">Θέματα εκπομπής κυψέλης</target>
   </keywords>
</keywords>