<?xml version="1.0" encoding="UTF-8"?>
<keywords>
   <keywords>
      <text FeatureID="true_24">drošības modulis</text>
      <target FeatureID="-1" href="SECMOD_HLP_ACCESSCODE_VIEW.html">Drošības moduļa PIN kods</target>
      <target FeatureID="-1" href="SECMOD_HLP_MAIN_VIEW.html">Drošības modulis</target>
      <target FeatureID="-1" href="SEMOD_HLP_SIGNINGCODE_VIEW.html">Paraksta koda rediģ.</target>
   </keywords>
   <keywords>
      <text FeatureID="true_24">PIN kods</text>
      <target FeatureID="-1" href="SECMOD_HLP_ACCESSCODE_VIEW.html">Drošības moduļa PIN kods</target>
   </keywords>
   <keywords>
      <text FeatureID="true_24">drošības moduļu kodi</text>
      <target FeatureID="-1" href="SECMOD_HLP_CODE_VIEW.html">Drošības moduļu kodi</target>
   </keywords>
   <keywords>
      <text FeatureID="true_24">Drošības moduļa PIN kods</text>
      <target FeatureID="-1" href="SECMOD_HLP_CODE_VIEW.html">Drošības moduļu kodi</target>
   </keywords>
   <keywords>
      <text FeatureID="true_24">atslēgu krātuve</text>
      <target FeatureID="-1" href="SECMOD_HLP_MAIN_VIEW.html">Drošības modulis</target>
   </keywords>
   <keywords>
      <text FeatureID="true_24">paraksta kods</text>
      <target FeatureID="-1" href="SEMOD_HLP_SIGNINGCODE_VIEW.html">Paraksta koda rediģ.</target>
   </keywords>
   <keywords>
      <text FeatureID="true_24">ciparparaksti</text>
      <target FeatureID="-1" href="SEMOD_HLP_SIGNINGCODE_VIEW.html">Paraksta koda rediģ.</target>
   </keywords>
</keywords>