<?xml version="1.0" encoding="UTF-8"?>
<keywords>
   <keywords>
      <text FeatureID="-1">postavke poruka usluga</text>
      <target FeatureID="-1" href="WPUSH_HLP_SETTINGS.html">Postavke poruka usluga</target>
   </keywords>
   <keywords>
      <text FeatureID="-1">push poruke</text>
      <target FeatureID="-1" href="WPUSH_HLP_VIEWER.html">Pregled poruka usluge</target>
   </keywords>
   <keywords>
      <text FeatureID="-1">poruke usluge</text>
      <target FeatureID="-1" href="WPUSH_HLP_VIEWER.html">Pregled poruka usluge</target>
   </keywords>
</keywords>