<?xml version="1.0" encoding="UTF-8"?>
<keywords>
   <keywords>
      <text FeatureID="-1">comenzi vocale</text>
      <target FeatureID="true_72" href="HLP_VC_SIND_FOLDER.html">Ecran aplicaţii</target>
      <target FeatureID="true_72" href="HLP_VC_SIND_MAIN.html">Utilizarea comenzilor vocale</target>
      <target FeatureID="-1" href="VCINFO_HLP_MAINVIEW.html">Pentru contacte</target>
   </keywords>
   <keywords>
      <text FeatureID="-1">setări com. vocale</text>
      <target FeatureID="-1" href="HLP_VC_SET.html">Setări com. vocale</target>
   </keywords>
</keywords>