<?xml version="1.0" encoding="UTF-8"?>
<keywords>
   <keywords>
      <text FeatureID="-1">تخصيص الأوضاع</text>
      <target FeatureID="-1" href="MODE_HLP_PERSONALISE.html">تخصيص الأوضاع</target>
   </keywords>
   <keywords>
      <text FeatureID="-1">ضبط نغمات</text>
      <target FeatureID="-1" href="SET_HLP_PERSONAL_TONES.html">ضبط النغمات</target>
   </keywords>
   <keywords>
      <text FeatureID="-1">نغمات الرنين</text>
      <target FeatureID="-1" href="SET_HLP_PERSONAL_TONES.html">ضبط النغمات</target>
   </keywords>
   <keywords>
      <text FeatureID="-1">الأوضاع</text>
      <target FeatureID="-1" href="MODE_HLP_PROFILES_LIST.html">الأوضاع</target>
   </keywords>
   <keywords>
      <text FeatureID="-1">تغيير الأوضاع</text>
      <target FeatureID="-1" href="MODE_HLP_PROFILES_LIST.html">الأوضاع</target>
   </keywords>
</keywords>