<?xml version="1.0" encoding="UTF-8"?>
<keywords>
   <keywords>
      <text FeatureID="-1">Mail for Exchange</text>
      <target FeatureID="-1" href="FSE_HLP_MFE_LAUNCHER_MAIN_VIEW.html">Ε-mail Mail for Exchange</target>
   </keywords>
   <keywords>
      <text FeatureID="-1">προχωρημένες ρυθμίσεις γραμματοκιβωτίου</text>
      <target FeatureID="-1" href="FSE_HLP_MFE_SETTINGS_ADVANCED.html">Προχωρημένες ρυθμίσεις γραμματοκιβωτίου</target>
   </keywords>
   <keywords>
      <text FeatureID="-1">ρυθμίσεις συγχρονισμού e-mail</text>
      <target FeatureID="-1" href="FSE_HLP_MFE_SETTINGS_PIM_APPS.html">Ρυθμίσεις συγχρονισμού εφαρμογής</target>
   </keywords>
   <keywords>
      <text FeatureID="-1">συγχρονισμός ημερολογίου</text>
      <target FeatureID="-1" href="FSE_HLP_MFE_CALENDAR_APP.html">Ρυθμίσεις συγχρονισμού Ημερολογίου</target>
   </keywords>
   <keywords>
      <text FeatureID="-1">συγχρονισμός επαφών,</text>
      <target FeatureID="-1" href="FSE_HLP_MFE_CONTACTS_APP.html">Ρυθμίσεις συγχρονισμού Επαφών</target>
   </keywords>
   <keywords>
      <text FeatureID="-1">ρυθμίσεις γραμματοκιβωτίου</text>
      <target FeatureID="-1" href="FSE_HLP_MFE_SETTINGS_MAILBOX.html">Γενικές ρυθμίσεις γραμματοκιβωτίου</target>
   </keywords>
   <keywords>
      <text FeatureID="-1">περιεχόμενο συγχρονισμού e-mail</text>
      <target FeatureID="-1" href="FSE_HLP_MFE_SETTINGS_WHAT_SYNC.html">Επιλογή περιεχομένου συγχρονισμού</target>
   </keywords>
   <keywords>
      <text FeatureID="-1">χρόνος συγχρονισμού e-mail</text>
      <target FeatureID="-1" href="FSE_HLP_MFE_SETTINGS_WHEN_SYNC.html">Επιλογή ώρας συγχρονισμού</target>
   </keywords>
   <keywords>
      <text FeatureID="-1">συγχρονισμός φακέλων e-mail</text>
      <target FeatureID="-1" href="FSE_HLP_MFE_SETTINGS_FOLDER.html">Ρυθμίσεις για το συγχρονισμό</target>
   </keywords>
   <keywords>
      <text FeatureID="-1">ρυθμίσεις e-mail</text>
      <target FeatureID="-1" href="FSE_HLP_MFE_SETTINGS_MAIN_VIEW.html">Ρυθμίσεις e-mail</target>
   </keywords>
   <keywords>
      <text FeatureID="-1">συγχρονισμός καταχώρισης υποχρέωσης</text>
      <target FeatureID="-1" href="FSE_HLP_MFE_TASKS_APP.html">Ρυθμίσεις συγχρονισμού υποχρεώσεων</target>
   </keywords>
</keywords>