<?xml version="1.0" encoding="UTF-8"?>
<keywords>
   <keywords>
      <text FeatureID="-1">Flash, odtwarzanie</text>
      <target FeatureID="-1" href="FLITE_HLP_STOPPED.html">Kończenie odtwarzania animacji Flash</target>
      <target FeatureID="-1" href="FLITE_HLP_VIEWER_PAUSED.html">Wstrzymywanie odtwarzania pliku Flash</target>
      <target FeatureID="-1" href="FLITE_HLP_VIEWER_PLAY.html">Odtwarzanie plików Flash</target>
   </keywords>
   <keywords>
      <text FeatureID="-1">Odtwarzacz Flash</text>
      <target FeatureID="-1" href="FLITE_HLP_STOPPED.html">Kończenie odtwarzania animacji Flash</target>
      <target FeatureID="-1" href="FLITE_HLP_VIEWER_PAUSED.html">Wstrzymywanie odtwarzania pliku Flash</target>
      <target FeatureID="-1" href="FLITE_HLP_VIEWER_PLAY.html">Odtwarzanie plików Flash</target>
   </keywords>
</keywords>