<?xml version="1.0" encoding="UTF-8"?>
<keywords>
   <keywords>
      <text FeatureID="-1">potvrde</text>
      <target FeatureID="-1" href="AM_HLP_GENERAL_SETTINGS.html">Postavke potvrde</target>
   </keywords>
   <keywords>
      <text FeatureID="-1">postavke, potvrde</text>
      <target FeatureID="-1" href="AM_HLP_GENERAL_SETTINGS.html">Postavke potvrde</target>
   </keywords>
   <keywords>
      <text FeatureID="-1">instaliranje programa</text>
      <target FeatureID="-1" href="AM_HLP_NOT_INSTALLED.html">Instalacijske datoteke</target>
      <target FeatureID="-1" href="AM_HLP_APPLICATION.html">Upravljanje programima</target>
   </keywords>
   <keywords>
      <text FeatureID="-1">programi</text>
      <target FeatureID="-1" href="AM_HLP_NOT_INSTALLED.html">Instalacijske datoteke</target>
      <target FeatureID="-1" href="AM_HLP_INSTALLED.html">Instalirani programi</target>
   </keywords>
   <keywords>
      <text FeatureID="-1">softver, instaliranje</text>
      <target FeatureID="-1" href="AM_HLP_APPLICATION.html">Upravljanje programima</target>
   </keywords>
   <keywords>
      <text FeatureID="-1">zahtjevi za dozvolom</text>
      <target FeatureID="-1" href="AM_HLP_INSTALL_CAPAB.html">Zahtjevi za dozvolom</target>
   </keywords>
   <keywords>
      <text FeatureID="-1">instalacija iz nepovjerljivog izvora</text>
      <target FeatureID="-1" href="AM_HLP_INSTALL_UNTRUSTED.html">Instalacija iz nepovjerljivog izvora</target>
   </keywords>
</keywords>