<?xml version="1.0" encoding="UTF-8"?><?xml-stylesheet  href="../../theme/xsl/index2html.xslt" type="text/xsl"?>
<topics FeatureID="-1" title="Чат" compressed="true">
   <topicref FeatureID="-1" href="IMNG_HLP_SEARCHCHAT.html" navtitle="Поиск польз. чата"/>
   <topicref FeatureID="-1" href="IMNG_HLP_SAVED_VIEW.html" navtitle="Просмотр сохраненных сеансов"/>
   <topicref FeatureID="-1" href="IMNG_HLP_SAVED_LIST.html" navtitle="Сохраненные сеансы чата"/>
   <topicref FeatureID="-1" href="IMNG_HLP_IMCHAT.html" navtitle="Групповые сеансы чата"/>
   <topicref FeatureID="-1" href="IMNG_HLP_GROUP_EDIT.html" navtitle="Права изменения группы"/>
   <topicref FeatureID="-1" href="IMNG_HLP_GROUP_BAN.html" navtitle="Исключение пользователей чата из групп"/>
   <topicref FeatureID="-1" href="IMNG_HLP_CONT_OWN_DATA.html" navtitle="Мои данные"/>
   <topicref FeatureID="-1" href="IMNG_HLP_COMMUNITY_VIEW_EMPTY.html" navtitle="Использ. чата"/>
   <topicref FeatureID="-1" href="IMNG_HLP_COMMUNITY_VIEW.html" navtitle="Чат"/>
   <topicref FeatureID="-1" href="IMNG_HLP_BLOCKED_VIEW.html" navtitle="Заблокированные контакты"/>
   <topicref FeatureID="-1" href="IMNG_HLP_SETTINGS.html" navtitle="Настройки чата"/>
   <topicref FeatureID="-1" href="IMNG_HLP_SERVLISTSETT_IM.html" navtitle="Серверы чата"/>
   <topicref FeatureID="-1" href="IMNG_HLP_DEFSERVER.html" navtitle="Парам. чат-серв."/>
   <topicref FeatureID="-1" href="IMNG_HLP_INVITE.html" navtitle="Приглашения в чат"/>
   <topicref FeatureID="-1" href="IMNG_HLP_CREATECHAT.html" navtitle="Параметры чат-группы"/>
   <topicref FeatureID="-1" href="IMNG_HLP_ACCLIST.html" navtitle="Участники чат-групп"/>
   <topicref FeatureID="-1" href="IMNG_HLP_CONVERSATIONS.html" navtitle="Сеансы чата"/>
   <topicref FeatureID="-1" href="IMNG_HLP_CONTACTDETAILS.html" navtitle="Сведения о чат-контакте"/>
   <topicref FeatureID="-1" href="IMNG_HLP_APPSETT.html" navtitle="Настройки приложения чата"/>
</topics>