<?xml version="1.0" encoding="UTF-8"?>
<keywords>
   <keywords>
      <text FeatureID="-1">поиск пользователей чата</text>
      <target FeatureID="-1" href="IMNG_HLP_SEARCHCHAT.html">Поиск польз. чата</target>
   </keywords>
   <keywords>
      <text FeatureID="-1">чат</text>
      <target FeatureID="-1" href="IMNG_HLP_SEARCHCHAT.html">Поиск польз. чата</target>
      <target FeatureID="-1" href="IMNG_HLP_SAVED_VIEW.html">Просмотр сохраненных сеансов</target>
      <target FeatureID="-1" href="IMNG_HLP_SAVED_LIST.html">Сохраненные сеансы чата</target>
      <target FeatureID="-1" href="IMNG_HLP_GROUP_EDIT.html">Права изменения группы</target>
      <target FeatureID="-1" href="IMNG_HLP_GROUP_BAN.html">Исключение пользователей чата из групп</target>
      <target FeatureID="-1" href="IMNG_HLP_CONT_OWN_DATA.html">Мои данные</target>
      <target FeatureID="-1" href="IMNG_HLP_COMMUNITY_VIEW_EMPTY.html">Использ. чата</target>
      <target FeatureID="-1" href="IMNG_HLP_COMMUNITY_VIEW_EMPTY.html">Использ. чата</target>
      <target FeatureID="-1" href="IMNG_HLP_COMMUNITY_VIEW.html">Чат</target>
      <target FeatureID="-1" href="IMNG_HLP_CREATECHAT.html">Параметры чат-группы</target>
      <target FeatureID="-1" href="IMNG_HLP_ACCLIST.html">Участники чат-групп</target>
      <target FeatureID="-1" href="IMNG_HLP_CONVERSATIONS.html">Сеансы чата</target>
      <target FeatureID="-1" href="IMNG_HLP_APPSETT.html">Настройки приложения чата</target>
   </keywords>
   <keywords>
      <text FeatureID="-1">поиск чат-групп</text>
      <target FeatureID="-1" href="IMNG_HLP_SEARCHCHAT.html">Поиск польз. чата</target>
   </keywords>
   <keywords>
      <text FeatureID="-1">сохраненные сеансы чата</text>
      <target FeatureID="-1" href="IMNG_HLP_SAVED_LIST.html">Сохраненные сеансы чата</target>
   </keywords>
   <keywords>
      <text FeatureID="-1">чат (обмен мгновенными сообщениями)</text>
      <target FeatureID="-1" href="IMNG_HLP_IMCHAT.html">Групповые сеансы чата</target>
   </keywords>
   <keywords>
      <text FeatureID="-1">присоединение к чат-группам</text>
      <target FeatureID="-1" href="IMNG_HLP_IMCHAT.html">Групповые сеансы чата</target>
   </keywords>
   <keywords>
      <text FeatureID="-1">права изменения</text>
      <target FeatureID="-1" href="IMNG_HLP_GROUP_EDIT.html">Права изменения группы</target>
   </keywords>
   <keywords>
      <text FeatureID="-1">список исключенных</text>
      <target FeatureID="-1" href="IMNG_HLP_GROUP_BAN.html">Исключение пользователей чата из групп</target>
   </keywords>
   <keywords>
      <text FeatureID="-1">участники чат-групп</text>
      <target FeatureID="-1" href="IMNG_HLP_GROUP_BAN.html">Исключение пользователей чата из групп</target>
      <target FeatureID="-1" href="IMNG_HLP_ACCLIST.html">Участники чат-групп</target>
   </keywords>
   <keywords>
      <text FeatureID="-1">чат-контакты</text>
      <target FeatureID="-1" href="IMNG_HLP_CONT_OWN_DATA.html">Мои данные</target>
      <target FeatureID="-1" href="IMNG_HLP_BLOCKED_VIEW.html">Заблокированные контакты</target>
      <target FeatureID="-1" href="IMNG_HLP_CONTACTDETAILS.html">Сведения о чат-контакте</target>
   </keywords>
   <keywords>
      <text FeatureID="-1">Чат</text>
      <target FeatureID="-1" href="IMNG_HLP_COMMUNITY_VIEW.html">Чат</target>
      <target FeatureID="-1" href="IMNG_HLP_CONVERSATIONS.html">Сеансы чата</target>
      <target FeatureID="-1" href="IMNG_HLP_CONTACTDETAILS.html">Сведения о чат-контакте</target>
   </keywords>
   <keywords>
      <text FeatureID="-1">заблокированные чат-контакты</text>
      <target FeatureID="-1" href="IMNG_HLP_BLOCKED_VIEW.html">Заблокированные контакты</target>
   </keywords>
   <keywords>
      <text FeatureID="-1">настройки чата</text>
      <target FeatureID="-1" href="IMNG_HLP_SETTINGS.html">Настройки чата</target>
      <target FeatureID="-1" href="IMNG_HLP_APPSETT.html">Настройки приложения чата</target>
   </keywords>
   <keywords>
      <text FeatureID="-1">серверы чата</text>
      <target FeatureID="-1" href="IMNG_HLP_SERVLISTSETT_IM.html">Серверы чата</target>
   </keywords>
   <keywords>
      <text FeatureID="-1">Парам. чат-серв.</text>
      <target FeatureID="-1" href="IMNG_HLP_DEFSERVER.html">Парам. чат-серв.</target>
   </keywords>
   <keywords>
      <text FeatureID="-1">параметры сервера</text>
      <target FeatureID="-1" href="IMNG_HLP_DEFSERVER.html">Парам. чат-серв.</target>
   </keywords>
   <keywords>
      <text FeatureID="-1">приглашения</text>
      <target FeatureID="-1" href="IMNG_HLP_INVITE.html">Приглашения в чат</target>
   </keywords>
   <keywords>
      <text FeatureID="-1">Параметры чат-группы</text>
      <target FeatureID="-1" href="IMNG_HLP_CREATECHAT.html">Параметры чат-группы</target>
   </keywords>
   <keywords>
      <text FeatureID="-1">сеансы чата</text>
      <target FeatureID="-1" href="IMNG_HLP_CONVERSATIONS.html">Сеансы чата</target>
   </keywords>
</keywords>