<?xml version="1.0" encoding="UTF-8"?>
<keywords>
   <keywords>
      <text FeatureID="-1">Bluetooth</text>
      <target FeatureID="-1" href="BT_HLP_MAIN.html">Bluetooth</target>
      <target FeatureID="-1" href="BT_HLP_PAIRED.html">Koble sammen med enheter</target>
      <target FeatureID="-1" href="BT_HLP_BLOCKED.html">Blokkere enheter</target>
   </keywords>
   <keywords>
      <text FeatureID="-1">Bluetooth-innstillinger</text>
      <target FeatureID="-1" href="BT_HLP_MAIN.html">Bluetooth</target>
   </keywords>
   <keywords>
      <text FeatureID="-1">sammenkoble enheter</text>
      <target FeatureID="-1" href="BT_HLP_PAIRED.html">Koble sammen med enheter</target>
   </keywords>
   <keywords>
      <text FeatureID="-1">blokkerte enheter</text>
      <target FeatureID="-1" href="BT_HLP_BLOCKED.html">Blokkere enheter</target>
   </keywords>
   <keywords>
      <text FeatureID="true_12">trådløst tastatur</text>
      <target FeatureID="true_12" href="BTKEYBOARD_HLP_SETTINGS.html">Trådløst tastatur</target>
   </keywords>
</keywords>