<?xml version="1.0" encoding="UTF-8"?><?xml-stylesheet  href="../../theme/xsl/index2html.xslt" type="text/xsl"?>
<topics FeatureID="-1" title="Tipos de mensaxes especiais" compressed="true">
   <topicref FeatureID="true_1116" href="SMART_HLP_CALENDAREDITOR.html" navtitle="Envío de entradas da Axenda"/>
   <topicref FeatureID="true_1114" href="SMART_HLP_CALENDARVIEWER.html" navtitle="Entradas Axenda recibidas"/>
   <topicref FeatureID="true_1114" href="SMART_HLP_CALPULLMESVIEWER.html" navtitle="Descarga de entradas da Axenda"/>
   <topicref FeatureID="true_1117" href="SMART_HLP_BUSINESSEDITOR.html" navtitle="Envío de tarxetas visita"/>
   <topicref FeatureID="true_1115" href="SMART_HLP_BUSINESSVIEWER.html" navtitle="Tarxetas de visita recibidas"/>
   <topicref FeatureID="true_1115" href="SMART_HLP_BUSPULLMESVIEWER.html" navtitle="Descarga de tarxetas de visita"/>
   <topicref FeatureID="true_1111" href="SMART_HLP_RINGVIEWER.html" navtitle="Tons de chamada recibidos"/>
   <topicref FeatureID="true_1110" href="SMART_HLP_OPLOGOVIEWER.html" navtitle="Logos de operador recibidos"/>
   <topicref FeatureID="true_1106" href="SMART_HLP_ONEBOOKVIEWER.html" navtitle="Favoritos recibidos"/>
   <topicref FeatureID="true_1112" href="SMART_HLP_GMSVIEWER.html" navtitle="Ver mensaxe con gráficos"/>
   <topicref FeatureID="true_1537" href="SMART_HLP_REMOTEDRIVES_VIEWER.html" navtitle="Recibir configuracións de unidades remotas"/>
   <topicref FeatureID="true_1537" href="SMART_HLP_REMOTEDRIVES_EDITOR.html" navtitle="Enviar configuracións de unidades remotas"/>
</topics>