<?xml version="1.0" encoding="UTF-8"?>
<keywords>
   <keywords>
      <text FeatureID="true_1116">envío de entradas da axenda</text>
      <target FeatureID="true_1116" href="SMART_HLP_CALENDAREDITOR.html">Envío de entradas da Axenda</target>
   </keywords>
   <keywords>
      <text FeatureID="true_1114">recepción de entradas da axenda</text>
      <target FeatureID="true_1114" href="SMART_HLP_CALENDARVIEWER.html">Entradas Axenda recibidas</target>
   </keywords>
   <keywords>
      <text FeatureID="true_1114">entradas da axenda</text>
      <target FeatureID="true_1114" href="SMART_HLP_CALPULLMESVIEWER.html">Descarga de entradas da Axenda</target>
   </keywords>
   <keywords>
      <text FeatureID="true_1117 true_1115">tarxetas de visita</text>
      <target FeatureID="true_1117" href="SMART_HLP_BUSINESSEDITOR.html">Envío de tarxetas visita</target>
      <target FeatureID="true_1115" href="SMART_HLP_BUSINESSVIEWER.html">Tarxetas de visita recibidas</target>
      <target FeatureID="true_1115" href="SMART_HLP_BUSPULLMESVIEWER.html">Descarga de tarxetas de visita</target>
   </keywords>
   <keywords>
      <text FeatureID="true_1111">tons chamada</text>
      <target FeatureID="true_1111" href="SMART_HLP_RINGVIEWER.html">Tons de chamada recibidos</target>
   </keywords>
   <keywords>
      <text FeatureID="true_1110">logos de operador</text>
      <target FeatureID="true_1110" href="SMART_HLP_OPLOGOVIEWER.html">Logos de operador recibidos</target>
   </keywords>
   <keywords>
      <text FeatureID="true_1106">favoritos</text>
      <target FeatureID="true_1106" href="SMART_HLP_ONEBOOKVIEWER.html">Favoritos recibidos</target>
   </keywords>
   <keywords>
      <text FeatureID="true_1112">recepción de imaxes</text>
      <target FeatureID="true_1112" href="SMART_HLP_GMSVIEWER.html">Ver mensaxe con gráficos</target>
   </keywords>
   <keywords>
      <text FeatureID="true_1112">mensaxe con gráficos</text>
      <target FeatureID="true_1112" href="SMART_HLP_GMSVIEWER.html">Ver mensaxe con gráficos</target>
   </keywords>
   <keywords>
      <text FeatureID="true_1537">configuración de unidades remotas</text>
      <target FeatureID="true_1537" href="SMART_HLP_REMOTEDRIVES_VIEWER.html">Recibir configuracións de unidades remotas</target>
      <target FeatureID="true_1537" href="SMART_HLP_REMOTEDRIVES_EDITOR.html">Enviar configuracións de unidades remotas</target>
   </keywords>
</keywords>