<?xml version="1.0" encoding="UTF-8"?>
<keywords>
   <keywords>
      <text FeatureID="-1">hljóðþemu</text>
      <target FeatureID="-1" href="AUDIOTHEME_HLP_EVENTGROUPS.html">Hljóðþemum breytt</target>
      <target FeatureID="-1" href="SET_HLP_AUDIO_THEME_EVENTSLIST.html">Atburðahljóð tækis</target>
   </keywords>
   <keywords>
      <text FeatureID="-1">tækið sérstillt</text>
      <target FeatureID="-1" href="AUDIOTHEME_HLP_EVENTGROUPS.html">Hljóðþemum breytt</target>
      <target FeatureID="-1" href="SET_HLP_AUDIO_THEME_EVENTSLIST.html">Atburðahljóð tækis</target>
   </keywords>
   <keywords>
      <text FeatureID="-1">hljóð tækis</text>
      <target FeatureID="-1" href="AUDIOTHEME_HLP_EVENTGROUPS.html">Hljóðþemum breytt</target>
      <target FeatureID="-1" href="SET_HLP_AUDIO_THEME_EVENTSLIST.html">Atburðahljóð tækis</target>
   </keywords>
</keywords>