<?xml version="1.0" encoding="UTF-8"?><?xml-stylesheet  href="../../theme/xsl/index2html.xslt" type="text/xsl"?>
<topics FeatureID="-1" title="Mga Tala" compressed="true">
   <topicref FeatureID="-1" href="GPRS_HLP_MAIN.html" navtitle="Mga koneksyong packet data"/>
   <topicref FeatureID="-1" href="LOGS_HLP_COUNTER.html" navtitle="Mga rehistro ng tawag at data"/>
   <topicref FeatureID="-1" href="LOGS_HLP_DETAIL.html" navtitle="Mga detalye ng kaganapan sa talaan"/>
   <topicref FeatureID="-1" href="LOGS_HLP_MAIN.html" navtitle="Impormasyon ng talaan"/>
   <topicref FeatureID="-1" href="LOGS_HLP_SETTING.html" navtitle="Mga setting ng talaan"/>
   <topicref FeatureID="-1" href="STM_HLP_DIALLED.html" navtitle="Mga naidayal na numero"/>
   <topicref FeatureID="-1" href="STM_HLP_MAIN.html" navtitle="Mga kamakailan lamang na tawag"/>
   <topicref FeatureID="-1" href="STM_HLP_MISSED.html" navtitle="Mga tawag na di-nasagot"/>
   <topicref FeatureID="-1" href="STM_HLP_RECEIVED.html" navtitle="Mga natanggap na tawag"/>
   <topicref FeatureID="-1" href="TIMERS_HLP_MAIN.html" navtitle="Tagal ng tawag"/>
</topics>