<?xml version="1.0" encoding="UTF-8"?>
<keywords>
   <keywords>
      <text FeatureID="-1">mga koneksyong packet data</text>
      <target FeatureID="-1" href="GPRS_HLP_MAIN.html">Mga koneksyong packet data</target>
      <target FeatureID="-1" href="LOGS_HLP_COUNTER.html">Mga rehistro ng tawag at data</target>
   </keywords>
   <keywords>
      <text FeatureID="-1">tagal ng mga tawag</text>
      <target FeatureID="-1" href="LOGS_HLP_COUNTER.html">Mga rehistro ng tawag at data</target>
   </keywords>
   <keywords>
      <text FeatureID="-1">mga kamakailan lamang na tawag</text>
      <target FeatureID="-1" href="LOGS_HLP_COUNTER.html">Mga rehistro ng tawag at data</target>
      <target FeatureID="-1" href="STM_HLP_MAIN.html">Mga kamakailan lamang na tawag</target>
   </keywords>
   <keywords>
      <text FeatureID="-1">mga talaan</text>
      <target FeatureID="-1" href="LOGS_HLP_DETAIL.html">Mga detalye ng kaganapan sa talaan</target>
      <target FeatureID="-1" href="LOGS_HLP_MAIN.html">Impormasyon ng talaan</target>
   </keywords>
   <keywords>
      <text FeatureID="-1">mga setting ng talaan</text>
      <target FeatureID="-1" href="LOGS_HLP_SETTING.html">Mga setting ng talaan</target>
   </keywords>
   <keywords>
      <text FeatureID="-1">mga naidayal na numero</text>
      <target FeatureID="-1" href="STM_HLP_DIALLED.html">Mga naidayal na numero</target>
   </keywords>
   <keywords>
      <text FeatureID="-1">talaan ng tawag</text>
      <target FeatureID="-1" href="STM_HLP_MAIN.html">Mga kamakailan lamang na tawag</target>
   </keywords>
   <keywords>
      <text FeatureID="-1">mga tawag na di-nasagot</text>
      <target FeatureID="-1" href="STM_HLP_MISSED.html">Mga tawag na di-nasagot</target>
   </keywords>
   <keywords>
      <text FeatureID="-1">mga natanggap na tawag</text>
      <target FeatureID="-1" href="STM_HLP_RECEIVED.html">Mga natanggap na tawag</target>
   </keywords>
   <keywords>
      <text FeatureID="-1">mga sinagot na tawag</text>
      <target FeatureID="-1" href="STM_HLP_RECEIVED.html">Mga natanggap na tawag</target>
   </keywords>
   <keywords>
      <text FeatureID="-1">tagal ng tawag</text>
      <target FeatureID="-1" href="TIMERS_HLP_MAIN.html">Tagal ng tawag</target>
   </keywords>
   <keywords>
      <text FeatureID="-1">haba ng mga tawag</text>
      <target FeatureID="-1" href="TIMERS_HLP_MAIN.html">Tagal ng tawag</target>
   </keywords>
</keywords>