<?xml version="1.0" encoding="UTF-8"?>
<keywords>
   <keywords>
      <text FeatureID="-1">transmisja danych</text>
      <target FeatureID="-1" href="SWITCH_HLP_EDIT_SHORTCUT.html">Ustawienia skrótów</target>
      <target FeatureID="-1" href="SWITCH_HLP_EDIT_SHORTCUT.html">Ustawienia skrótów</target>
      <target FeatureID="-1" href="SWITCH_HLP_MAIN.html">Transmisja danych</target>
      <target FeatureID="-1" href="SWITCH_HLP_MAIN.html">Transmisja danych</target>
      <target FeatureID="-1" href="SWITCH_HLP_LOG.html">Rejestr transmisji</target>
   </keywords>
   <keywords>
      <text FeatureID="-1">skróty</text>
      <target FeatureID="-1" href="SWITCH_HLP_EDIT_SHORTCUT.html">Ustawienia skrótów</target>
   </keywords>
   <keywords>
      <text FeatureID="-1">transmisja danych, konflikty</text>
      <target FeatureID="-1" href="SWITCH_HLP_CONFLICT.html">Konflikty przesyłania</target>
   </keywords>
   <keywords>
      <text FeatureID="-1">kopiowanie zawartości</text>
      <target FeatureID="-1" href="SWITCH_HLP_MAIN.html">Transmisja danych</target>
   </keywords>
   <keywords>
      <text FeatureID="-1">rejestr transferu</text>
      <target FeatureID="-1" href="SWITCH_HLP_LOG.html">Rejestr transmisji</target>
   </keywords>
</keywords>