<?xml version="1.0" encoding="UTF-8"?>
<keywords>
   <keywords>
      <text FeatureID="true_298">záznamník</text>
      <target FeatureID="true_298" href="SMSVO_HLP_CS_VIDEO_AND_XSP_VOIP.html">Schránka volání, videa a internetového volání</target>
   </keywords>
   <keywords>
      <text FeatureID="true_298">schránka internetového volání</text>
      <target FeatureID="true_298" href="SMSVO_HLP_CS_VIDEO_AND_XSP_VOIP.html">Schránka volání, videa a internetového volání</target>
   </keywords>
   <keywords>
      <text FeatureID="true_298">hlasová schránka</text>
      <target FeatureID="true_298" href="SMSVO_HLP_CS_VIDEO_AND_XSP_VOIP.html">Schránka volání, videa a internetového volání</target>
   </keywords>
   <keywords>
      <text FeatureID="-1">internetová volání</text>
      <target FeatureID="-1" href="VOIP_HLP_CSC.html">Nastavení sítě</target>
      <target FeatureID="true_298" href="VOIP_HLP_SERVCATALOG.html">Katalog služeb</target>
      <target FeatureID="-1" href="SERVTAB_HLP_SETTINGS.html">Nastavení karty služby</target>
   </keywords>
</keywords>