<?xml version="1.0" encoding="UTF-8"?>
<keywords>
   <keywords>
      <text FeatureID="-1">procurar utilizadores de MI</text>
      <target FeatureID="-1" href="IMNG_HLP_SEARCHCHAT.html">Procurar utilizadores de MI</target>
   </keywords>
   <keywords>
      <text FeatureID="-1">mensagens instantâneas</text>
      <target FeatureID="-1" href="IMNG_HLP_SEARCHCHAT.html">Procurar utilizadores de MI</target>
      <target FeatureID="-1" href="IMNG_HLP_SAVED_VIEW.html">Ver conversas guardadas</target>
      <target FeatureID="-1" href="IMNG_HLP_SAVED_LIST.html">Conversas guardadas</target>
      <target FeatureID="-1" href="IMNG_HLP_GROUP_EDIT.html">Direitos de edição do grupo</target>
      <target FeatureID="-1" href="IMNG_HLP_GROUP_BAN.html">Banir utilizadores de MI de grupos</target>
      <target FeatureID="-1" href="IMNG_HLP_CONT_OWN_DATA.html">Meus dados</target>
      <target FeatureID="-1" href="IMNG_HLP_COMMUNITY_VIEW_EMPTY.html">Começar a utilizar MI</target>
      <target FeatureID="-1" href="IMNG_HLP_COMMUNITY_VIEW.html">Mensagens instantâneas</target>
      <target FeatureID="-1" href="IMNG_HLP_CREATECHAT.html">Definições de grupos de MI</target>
      <target FeatureID="-1" href="IMNG_HLP_ACCLIST.html">Membros do grupo de MI</target>
      <target FeatureID="-1" href="IMNG_HLP_CONVERSATIONS.html">Conversas de MI</target>
      <target FeatureID="-1" href="IMNG_HLP_APPSETT.html">Definições de aplicação de MI</target>
   </keywords>
   <keywords>
      <text FeatureID="-1">procurar grupos de MI</text>
      <target FeatureID="-1" href="IMNG_HLP_SEARCHCHAT.html">Procurar utilizadores de MI</target>
   </keywords>
   <keywords>
      <text FeatureID="-1">conversas guardadas</text>
      <target FeatureID="-1" href="IMNG_HLP_SAVED_LIST.html">Conversas guardadas</target>
   </keywords>
   <keywords>
      <text FeatureID="-1">MI (mensagens instantâneas)</text>
      <target FeatureID="-1" href="IMNG_HLP_IMCHAT.html">Conversas de grupo</target>
   </keywords>
   <keywords>
      <text FeatureID="-1">aderir a grupos de MI</text>
      <target FeatureID="-1" href="IMNG_HLP_IMCHAT.html">Conversas de grupo</target>
   </keywords>
   <keywords>
      <text FeatureID="-1">direitos de edição</text>
      <target FeatureID="-1" href="IMNG_HLP_GROUP_EDIT.html">Direitos de edição do grupo</target>
   </keywords>
   <keywords>
      <text FeatureID="-1">lista de banidos</text>
      <target FeatureID="-1" href="IMNG_HLP_GROUP_BAN.html">Banir utilizadores de MI de grupos</target>
   </keywords>
   <keywords>
      <text FeatureID="-1">Membros do grupo de MI</text>
      <target FeatureID="-1" href="IMNG_HLP_GROUP_BAN.html">Banir utilizadores de MI de grupos</target>
      <target FeatureID="-1" href="IMNG_HLP_ACCLIST.html">Membros do grupo de MI</target>
   </keywords>
   <keywords>
      <text FeatureID="-1">contactos de MI</text>
      <target FeatureID="-1" href="IMNG_HLP_CONT_OWN_DATA.html">Meus dados</target>
      <target FeatureID="-1" href="IMNG_HLP_BLOCKED_VIEW.html">Contactos bloqueados</target>
      <target FeatureID="-1" href="IMNG_HLP_CONTACTDETAILS.html">Detalhes dos contactos de MI</target>
   </keywords>
   <keywords>
      <text FeatureID="-1">MI</text>
      <target FeatureID="-1" href="IMNG_HLP_COMMUNITY_VIEW_EMPTY.html">Começar a utilizar MI</target>
      <target FeatureID="-1" href="IMNG_HLP_COMMUNITY_VIEW.html">Mensagens instantâneas</target>
      <target FeatureID="-1" href="IMNG_HLP_CONVERSATIONS.html">Conversas de MI</target>
   </keywords>
   <keywords>
      <text FeatureID="-1">contactos de MI bloqueados</text>
      <target FeatureID="-1" href="IMNG_HLP_BLOCKED_VIEW.html">Contactos bloqueados</target>
   </keywords>
   <keywords>
      <text FeatureID="-1">Definições de MI</text>
      <target FeatureID="-1" href="IMNG_HLP_SETTINGS.html">Definições de MI</target>
      <target FeatureID="-1" href="IMNG_HLP_APPSETT.html">Definições de aplicação de MI</target>
   </keywords>
   <keywords>
      <text FeatureID="-1">Servidores de MI</text>
      <target FeatureID="-1" href="IMNG_HLP_SERVLISTSETT_IM.html">Servidores de MI</target>
   </keywords>
   <keywords>
      <text FeatureID="-1">definições do servidor de MI</text>
      <target FeatureID="-1" href="IMNG_HLP_DEFSERVER.html">Definições do servidor de MI</target>
   </keywords>
   <keywords>
      <text FeatureID="-1">definições do servidor</text>
      <target FeatureID="-1" href="IMNG_HLP_DEFSERVER.html">Definições do servidor de MI</target>
   </keywords>
   <keywords>
      <text FeatureID="-1">convites</text>
      <target FeatureID="-1" href="IMNG_HLP_INVITE.html">Convites de MI</target>
   </keywords>
   <keywords>
      <text FeatureID="-1">Definições de grupos de MI</text>
      <target FeatureID="-1" href="IMNG_HLP_CREATECHAT.html">Definições de grupos de MI</target>
   </keywords>
   <keywords>
      <text FeatureID="-1">conversas</text>
      <target FeatureID="-1" href="IMNG_HLP_CONVERSATIONS.html">Conversas de MI</target>
   </keywords>
   <keywords>
      <text FeatureID="-1">Mensagens instantâneas</text>
      <target FeatureID="-1" href="IMNG_HLP_CONTACTDETAILS.html">Detalhes dos contactos de MI</target>
   </keywords>
</keywords>