<?xml version="1.0" encoding="UTF-8"?>
<keywords>
   <keywords>
      <text FeatureID="true_13 true_1566">اتصال كبل USB</text>
      <target FeatureID="true_13" href="USB_HLP_MAIN.html">ضبط USB</target>
      <target FeatureID="true_1566" href="USB_HLP_PRINT_SETTINGS.html">ضبط الطابعة</target>
   </keywords>
   <keywords>
      <text FeatureID="true_13">اتصال كبل</text>
      <target FeatureID="true_13" href="USB_HLP_MAIN.html">ضبط USB</target>
   </keywords>
   <keywords>
      <text FeatureID="true_1566">الطباعة</text>
      <target FeatureID="true_1566" href="USB_HLP_PRINT_SETTINGS.html">ضبط الطابعة</target>
   </keywords>
   <keywords>
      <text FeatureID="true_1566">الضبط, طابعة</text>
      <target FeatureID="true_1566" href="USB_HLP_PRINT_SETTINGS.html">ضبط الطابعة</target>
   </keywords>
</keywords>