<?xml version="1.0" encoding="UTF-8"?><?xml-stylesheet  href="../../theme/xsl/index2html.xslt" type="text/xsl"?>
<topics FeatureID="-1" title="Videot ja TV" compressed="true">
   <topicref FeatureID="-1" href="IPTV_HLP_MAIN_STATE.html" navtitle="Videot ja TV"/>
   <topicref FeatureID="-1" href="IPTV_HLP_VODCAST_MAIN.html" navtitle="Videosyötteet"/>
   <topicref FeatureID="-1" href="IPTV_HLP_SERVICE_SELECTION_VOD.html" navtitle="Videopalvelujen valinta"/>
   <topicref FeatureID="-1" href="IPTV_HLP_VOD_CATEGORIES.html" navtitle="Videoluokat"/>
   <topicref FeatureID="-1" href="IPTV_HLP_VOD.html" navtitle="Videoleikkeiden katselu ja haku"/>
   <topicref FeatureID="-1" href="IPTV_HLP_SCHEDULE_DOWNLOAD.html" navtitle="Hakujen ajoitus"/>
   <topicref FeatureID="-1" href="IPTV_HLP_STORAGE.html" navtitle="Omat videot"/>
   <topicref FeatureID="-1" href="IPTV_HLP_SETTINGS.html" navtitle="Videot ja TV -asetukset"/>
   <topicref FeatureID="-1" href="IPTV_HLP_SERVICE_SEL_VODCAST.html" navtitle="Videosyötteiden valinta"/>
   <topicref FeatureID="-1" href="IPTV_HLP_ADD_SERVICE.html" navtitle="Videosyötteiden lisäys"/>
</topics>