<?xml version="1.0" encoding="UTF-8"?>
<keywords>
   <keywords>
      <text FeatureID="-1">videot ja TV</text>
      <target FeatureID="-1" href="IPTV_HLP_MAIN_STATE.html">Videot ja TV</target>
      <target FeatureID="-1" href="IPTV_HLP_VODCAST_MAIN.html">Videosyötteet</target>
      <target FeatureID="-1" href="IPTV_HLP_SERVICE_SELECTION_VOD.html">Videopalvelujen valinta</target>
      <target FeatureID="-1" href="IPTV_HLP_VOD_CATEGORIES.html">Videoluokat</target>
      <target FeatureID="-1" href="IPTV_HLP_VOD.html">Videoleikkeiden katselu ja haku</target>
      <target FeatureID="-1" href="IPTV_HLP_SCHEDULE_DOWNLOAD.html">Hakujen ajoitus</target>
      <target FeatureID="-1" href="IPTV_HLP_STORAGE.html">Omat videot</target>
      <target FeatureID="-1" href="IPTV_HLP_SERVICE_SEL_VODCAST.html">Videosyötteiden valinta</target>
      <target FeatureID="-1" href="IPTV_HLP_ADD_SERVICE.html">Videosyötteiden lisäys</target>
   </keywords>
   <keywords>
      <text FeatureID="-1">videosyötteet</text>
      <target FeatureID="-1" href="IPTV_HLP_VODCAST_MAIN.html">Videosyötteet</target>
      <target FeatureID="-1" href="IPTV_HLP_VOD_CATEGORIES.html">Videoluokat</target>
      <target FeatureID="-1" href="IPTV_HLP_SERVICE_SEL_VODCAST.html">Videosyötteiden valinta</target>
      <target FeatureID="-1" href="IPTV_HLP_ADD_SERVICE.html">Videosyötteiden lisäys</target>
   </keywords>
   <keywords>
      <text FeatureID="-1">haetut, videoleikkeet</text>
      <target FeatureID="-1" href="IPTV_HLP_VOD.html">Videoleikkeiden katselu ja haku</target>
      <target FeatureID="-1" href="IPTV_HLP_SCHEDULE_DOWNLOAD.html">Hakujen ajoitus</target>
   </keywords>
   <keywords>
      <text FeatureID="-1">videot ja TV, asetukset</text>
      <target FeatureID="-1" href="IPTV_HLP_SETTINGS.html">Videot ja TV -asetukset</target>
   </keywords>
   <keywords>
      <text FeatureID="-1">asetukset, video</text>
      <target FeatureID="-1" href="IPTV_HLP_SETTINGS.html">Videot ja TV -asetukset</target>
   </keywords>
</keywords>