<?xml version="1.0" encoding="UTF-8"?>
<keywords>
   <keywords>
      <text FeatureID="true_1091">USSD-szerkesztő</text>
      <target FeatureID="true_1091" href="USSD_HLP_EDITOR.html">Szolgáltatói parancsok</target>
   </keywords>
   <keywords>
      <text FeatureID="true_1091">szolgáltatói parancsok</text>
      <target FeatureID="true_1091" href="USSD_HLP_EDITOR.html">Szolgáltatói parancsok</target>
   </keywords>
   <keywords>
      <text FeatureID="true_1091">hálózati szolgáltatás</text>
      <target FeatureID="true_1091" href="USSD_HLP_EDITOR.html">Szolgáltatói parancsok</target>
   </keywords>
</keywords>