<?xml version="1.0" encoding="UTF-8"?>
<keywords>
   <keywords>
      <text FeatureID="-1">Wiedergabe von Flash-Dateien</text>
      <target FeatureID="-1" href="FLITE_HLP_STOPPED.html">Flash-Wiedergabe beenden</target>
      <target FeatureID="-1" href="FLITE_HLP_VIEWER_PAUSED.html">Flash-Wiedergabe unterbrechen</target>
      <target FeatureID="-1" href="FLITE_HLP_VIEWER_PLAY.html">Flash-Dateien wiedergeben</target>
   </keywords>
   <keywords>
      <text FeatureID="-1">Flash-Player</text>
      <target FeatureID="-1" href="FLITE_HLP_STOPPED.html">Flash-Wiedergabe beenden</target>
      <target FeatureID="-1" href="FLITE_HLP_VIEWER_PAUSED.html">Flash-Wiedergabe unterbrechen</target>
      <target FeatureID="-1" href="FLITE_HLP_VIEWER_PLAY.html">Flash-Dateien wiedergeben</target>
   </keywords>
</keywords>