<?xml version="1.0" encoding="UTF-8"?>
<keywords>
   <keywords>
      <text FeatureID="-1">sända meddelanden</text>
      <target FeatureID="-1" href="UNIFIED_HLP_EDITOR.html">Skapa meddelanden</target>
   </keywords>
   <keywords>
      <text FeatureID="-1">meddelanderedigeraren</text>
      <target FeatureID="-1" href="UNIFIED_HLP_EDITOR.html">Skapa meddelanden</target>
   </keywords>
   <keywords>
      <text FeatureID="-1">meddelanden</text>
      <target FeatureID="-1" href="UNIFIED_HLP_SENDING_OPTIONS.html">Sändningsalternativ</target>
   </keywords>
   <keywords>
      <text FeatureID="-1">sändningsalternativ</text>
      <target FeatureID="-1" href="UNIFIED_HLP_SENDING_OPTIONS.html">Sändningsalternativ</target>
   </keywords>
   <keywords>
      <text FeatureID="-1">mediaobjekt</text>
      <target FeatureID="-1" href="UNIFIED_HLP_ED_OBJECTS.html">Mottagna mediaobjekt</target>
   </keywords>
   <keywords>
      <text FeatureID="-1">mms­objekt</text>
      <target FeatureID="-1" href="UNIFIED_HLP_ED_OBJECTS.html">Mottagna mediaobjekt</target>
   </keywords>
</keywords>