<?xml version="1.0" encoding="UTF-8"?>
<keywords>
   <keywords>
      <text FeatureID="-1">laitteen hallinta</text>
      <target FeatureID="-1" href="CP_HLP_DEVICE_MANAGEMENT.html">Laitteen hallinta</target>
   </keywords>
   <keywords>
      <text FeatureID="true_109">EAP (Extensible Authentication Protocol)</text>
      <target FeatureID="true_109" href="SET_HLP_WLAN_EAP_SIM.html">EAP-SIM-asetukset</target>
   </keywords>
   <keywords>
      <text FeatureID="true_109">asetukset, langaton lähiverkko</text>
      <target FeatureID="true_109" href="SET_HLP_WLAN_EAP_SIM.html">EAP-SIM-asetukset</target>
   </keywords>
   <keywords>
      <text FeatureID="-1">yhteysosoitteiden rajoittaminen</text>
      <target FeatureID="-1" href="ACL_HLP_MAIN.html">Yhteyksien rajoitus</target>
   </keywords>
   <keywords>
      <text FeatureID="-1">yhteys­asetukset</text>
      <target FeatureID="-1" href="SET_HLP_CONN_DEST_VIEW.html">Kohdenäkymä</target>
      <target FeatureID="-1" href="SET_HLP_DEFAULT_CONN.html">Oletusyhteys</target>
      <target FeatureID="-1" href="SET_HLP_CONN_METHODS_VIEW.html">Yhteysosoitenäkymä</target>
      <target FeatureID="true_1537" href="RD_HLP_REMOTE_DRIVE_CONFIG.html">Etäasemien asetukset</target>
      <target FeatureID="true_1537" href="RD_HLP_REMOTE_DRIVES.html">Etäasemat</target>
   </keywords>
   <keywords>
      <text FeatureID="-1">kohdeasetukset</text>
      <target FeatureID="-1" href="SET_HLP_CONN_DEST_VIEW.html">Kohdenäkymä</target>
   </keywords>
   <keywords>
      <text FeatureID="-1">oletusyhteys</text>
      <target FeatureID="-1" href="SET_HLP_DEFAULT_CONN.html">Oletusyhteys</target>
   </keywords>
   <keywords>
      <text FeatureID="-1">VPN-yhteysosoitteet</text>
      <target FeatureID="true_99" href="SET_HLP_VPN_DEST_ASSOC_VIEW.html">VPN-yhteydet</target>
      <target FeatureID="-1" href="SET_HLP_VPN_AP_SETTINGS_VIEW.html">VPN-yhteysosoitteiden muokkaaminen</target>
   </keywords>
   <keywords>
      <text FeatureID="-1">yhteysosoitteet</text>
      <target FeatureID="-1" href="SET_HLP_CONN_METHODS_VIEW.html">Yhteysosoitenäkymä</target>
   </keywords>
   <keywords>
      <text FeatureID="-1">sovelluksen yhteydet</text>
      <target FeatureID="-1" href="SET_HLP_APP_DEST_ASSOC_VIEW.html">Sovelluksen yhteydet</target>
   </keywords>
   <keywords>
      <text FeatureID="-1">sovelluksen asetukset</text>
      <target FeatureID="-1" href="CP_HLP_APPILICATION_SETTINGS.html">Sovelluksen asetukset</target>
   </keywords>
   <keywords>
      <text FeatureID="-1">puhelut, asetukset</text>
      <target FeatureID="-1" href="SCP_HLP_CALL.html">Puheluasetukset</target>
   </keywords>
   <keywords>
      <text FeatureID="-1">asetukset, puhelut</text>
      <target FeatureID="-1" href="SCP_HLP_CALL.html">Puheluasetukset</target>
   </keywords>
   <keywords>
      <text FeatureID="-1">yhteydet</text>
      <target FeatureID="-1" href="CP_HLP_CONNECTIVITY.html">Yhteysasetukset</target>
   </keywords>
   <keywords>
      <text FeatureID="-1">ohjauspaneeli</text>
      <target FeatureID="-1" href="CP_HLP_DISPLAY.html">Näyttö­asetukset</target>
      <target FeatureID="-1" href="CP_HLP_IDLE.html">Aloitusnäyttö</target>
      <target FeatureID="__DUAL_LANGUAGE_SUPPORT=true" href="CP_HLP_WRITING_LANGUAGE.html">Kirjoituskieli</target>
   </keywords>
   <keywords>
      <text FeatureID="-1">näyttöasetukset</text>
      <target FeatureID="-1" href="CP_HLP_DISPLAY.html">Näyttö­asetukset</target>
   </keywords>
   <keywords>
      <text FeatureID="-1">yleiset asetukset</text>
      <target FeatureID="-1" href="CP_HLP_DEVICE.html">Laitteen asetukset</target>
   </keywords>
   <keywords>
      <text FeatureID="-1">laitteen asetukset</text>
      <target FeatureID="-1" href="CP_HLP_DEVICE.html">Laitteen asetukset</target>
   </keywords>
   <keywords>
      <text FeatureID="-1">kieliasetukset</text>
      <target FeatureID="-1" href="CP_HLP_LANGUAGE.html">Kieliasetukset</target>
   </keywords>
   <keywords>
      <text FeatureID="-1">asetukset</text>
      <target FeatureID="-1" href="CP_HLP_MAIN_VIEW.html">Asetukset</target>
   </keywords>
   <keywords>
      <text FeatureID="-1">verkko­asetukset</text>
      <target FeatureID="-1" href="CP_HLP_NETWORK.html">Verkkoasetukset</target>
      <target FeatureID="-1" href="CP_HLP_NETWORK.html">Verkkoasetukset</target>
   </keywords>
   <keywords>
      <text FeatureID="-1">profiili</text>
      <target FeatureID="-1" href="CP_HLP_PERSONAL.html">Omat asetukset</target>
   </keywords>
   <keywords>
      <text FeatureID="-1">teema</text>
      <target FeatureID="-1" href="CP_HLP_PERSONAL.html">Omat asetukset</target>
   </keywords>
   <keywords>
      <text FeatureID="-1">valmiustila</text>
      <target FeatureID="-1" href="CP_HLP_PERSONAL.html">Omat asetukset</target>
   </keywords>
   <keywords>
      <text FeatureID="-1">suojaus, asetukset</text>
      <target FeatureID="-1" href="CP_HLP_SECURITY.html">Suojausasetukset</target>
   </keywords>
   <keywords>
      <text FeatureID="-1">asetukset, suojaus</text>
      <target FeatureID="-1" href="CP_HLP_SECURITY.html">Suojausasetukset</target>
   </keywords>
   <keywords>
      <text FeatureID="-1">laite, lukitseminen</text>
      <target FeatureID="-1" href="SET_HLP_SECURITY_DEVICE_SIM.html">Laitteen suojaus</target>
   </keywords>
   <keywords>
      <text FeatureID="-1">suojaus</text>
      <target FeatureID="-1" href="SET_HLP_SECURITY_DEVICE_SIM.html">Laitteen suojaus</target>
   </keywords>
   <keywords>
      <text FeatureID="-1">aloitusnäytön asetukset</text>
      <target FeatureID="-1" href="CP_HLP_IDLE.html">Aloitusnäyttö</target>
   </keywords>
   <keywords>
      <text FeatureID="__DUAL_LANGUAGE_SUPPORT=true">kirjoituskieli</text>
      <target FeatureID="__DUAL_LANGUAGE_SUPPORT=true" href="CP_HLP_WRITING_LANGUAGE.html">Kirjoituskieli</target>
   </keywords>
   <keywords>
      <text FeatureID="-1">ilmoitusvalo</text>
      <target FeatureID="-1" href="ES_HLP_LIGHT_MAIN.html">Merkkivalo</target>
      <target FeatureID="-1" href="ES_HLP_LIGHT_BLINKING.html">Ilmoitusvalojen asetukset</target>
   </keywords>
   <keywords>
      <text FeatureID="-1">lisälaiteasetukset</text>
      <target FeatureID="-1" href="SET_HLP_ACCESSORIES_LIST.html">Lisälaiteasetukset</target>
      <target FeatureID="-1" href="SET_HLP_ACCESSORIES_HEADPHONE.html">Kuulokkeen asetukset</target>
      <target FeatureID="-1" href="SET_HLP_ACCESSORIES_HEADSET.html">Kuulokkeen asetukset</target>
      <target FeatureID="-1" href="SET_HLP_ACCESS_WIRED_CK.html">Johdollisen autosarjan asetukset</target>
      <target FeatureID="true_1032" href="SET_HLP_ACCESSORIES_TTY.html">Tekstipuheluasetukset</target>
      <target FeatureID="true_1540" href="SET_HLP_ACCESSORIES_TVOUT.html">TV-ulostuloasetukset</target>
   </keywords>
   <keywords>
      <text FeatureID="-1">pakettidatayhteysosoite</text>
      <target FeatureID="-1" href="SET_HLP_AP_SETTING_GPRS.html">Pakettidatayhteysosoite</target>
   </keywords>
   <keywords>
      <text FeatureID="-1">pakettidata-asetukset</text>
      <target FeatureID="-1" href="SET_HLP_AP_SETTING_GPRS_AS.html">Pakettidatan lisäasetukset</target>
   </keywords>
   <keywords>
      <text FeatureID="-1">pakettidatayhteysosoitteet</text>
      <target FeatureID="-1" href="SET_HLP_AP_SETTING_GPRS_AS.html">Pakettidatan lisäasetukset</target>
   </keywords>
   <keywords>
      <text FeatureID="true_1088 true_110">datapuhelu, yhteysosoitteet</text>
      <target FeatureID="true_110" href="SET_HLP_AP_DATA_AS_IPV4.html">Datapuhelujen IPv4-asetukset</target>
      <target FeatureID="true_1088" href="SET_HLP_AP_DATA_AS_IPV6.html">Datapuhelujen IPv6-asetukset</target>
      <target FeatureID="true_110" href="SET_HLP_AP_SETTING_DATA_AS.html">Datapuhelun lisäasetukset</target>
   </keywords>
   <keywords>
      <text FeatureID="true_110">yhteysosoitteen asetukset</text>
      <target FeatureID="true_110" href="SET_HLP_AP_SETTING_DATA.html">Datapuhelujen yhteysosoite</target>
      <target FeatureID="true_110" href="SET_HLP_AP_SETTING_DATA_AS.html">Datapuhelun lisäasetukset</target>
   </keywords>
   <keywords>
      <text FeatureID="true_110">datapuheluasetukset</text>
      <target FeatureID="true_110" href="SET_HLP_AP_SETTING_DATA.html">Datapuhelujen yhteysosoite</target>
   </keywords>
   <keywords>
      <text FeatureID="-1">virtual private network</text>
      <target FeatureID="-1" href="SET_HLP_VPN_AP_SETTINGS_VIEW.html">VPN-yhteysosoitteiden muokkaaminen</target>
   </keywords>
   <keywords>
      <text FeatureID="-1">näppäimistön lukitseminen</text>
      <target FeatureID="-1" href="CP_HLP_AUTOKEYGUARD.html">Automaattinen näppäinlukko</target>
   </keywords>
   <keywords>
      <text FeatureID="true_1537">etäasemat</text>
      <target FeatureID="true_1537" href="RD_HLP_REMOTE_DRIVE_CONFIG.html">Etäasemien asetukset</target>
      <target FeatureID="true_1537" href="RD_HLP_REMOTE_DRIVES.html">Etäasemat</target>
   </keywords>
   <keywords>
      <text FeatureID="-1">puhelunesto</text>
      <target FeatureID="-1" href="SET_HLP_BARRING_SETTINGS.html">Puhelujen estot</target>
      <target FeatureID="true_298" href="DIV_HLP_BARRING_MAIN.html">Puhelunestot</target>
   </keywords>
   <keywords>
      <text FeatureID="-1">esto, puhelut</text>
      <target FeatureID="-1" href="SET_HLP_BARRING_SETTINGS.html">Puhelujen estot</target>
      <target FeatureID="true_298" href="DIV_HLP_BARRING_MAIN.html">Puhelunestot</target>
   </keywords>
   <keywords>
      <text FeatureID="-1">soitonsiirto</text>
      <target FeatureID="-1" href="DIV_HLP_CALL_FORW_MAIN.html">Soitonsiirto</target>
      <target FeatureID="-1" href="DIV_HLP_CALL_FORW_VOI.html">Äänipuhelujen siirto</target>
   </keywords>
   <keywords>
      <text FeatureID="-1">siirto, puhelut</text>
      <target FeatureID="-1" href="DIV_HLP_CALL_FORW_MAIN.html">Soitonsiirto</target>
   </keywords>
   <keywords>
      <text FeatureID="-1">synkronointiasetukset</text>
      <target FeatureID="-1" href="CP_HLP_SYNCHRONISATION.html">Synkronointiasetukset</target>
   </keywords>
   <keywords>
      <text FeatureID="-1">sovellusten asentaminen</text>
      <target FeatureID="-1" href="CP_HLP_INSTALLATIONS.html">Asennukset</target>
   </keywords>
   <keywords>
      <text FeatureID="-1">kuulokkeen asetukset</text>
      <target FeatureID="-1" href="SET_HLP_ACCESSORIES_HEADPHONE.html">Kuulokkeen asetukset</target>
      <target FeatureID="-1" href="SET_HLP_ACCESSORIES_HEADSET.html">Kuulokkeen asetukset</target>
   </keywords>
   <keywords>
      <text FeatureID="-1">johdollisen autosarjan asetukset</text>
      <target FeatureID="-1" href="SET_HLP_ACCESS_WIRED_CK.html">Johdollisen autosarjan asetukset</target>
   </keywords>
   <keywords>
      <text FeatureID="-1">autosarjan asetukset</text>
      <target FeatureID="-1" href="SET_HLP_ACCESS_WIRED_CK.html">Johdollisen autosarjan asetukset</target>
   </keywords>
   <keywords>
      <text FeatureID="-1">musiikkiteline, asetukset</text>
      <target FeatureID="-1" href="SET_HLP_ACCESSORIES_MUSIC_ST.html">Musiikkitelineen asetukset</target>
   </keywords>
   <keywords>
      <text FeatureID="true_1032">TTY-asetukset</text>
      <target FeatureID="true_1032" href="SET_HLP_ACCESSORIES_TTY.html">Tekstipuheluasetukset</target>
   </keywords>
   <keywords>
      <text FeatureID="true_1032">TDD-asetukset</text>
      <target FeatureID="true_1032" href="SET_HLP_ACCESSORIES_TTY.html">Tekstipuheluasetukset</target>
   </keywords>
   <keywords>
      <text FeatureID="true_1540">TV-ulostuloasetukset</text>
      <target FeatureID="true_1540" href="SET_HLP_ACCESSORIES_TVOUT.html">TV-ulostuloasetukset</target>
   </keywords>
</keywords>