<?xml version="1.0" encoding="UTF-8"?>
<keywords>
   <keywords>
      <text FeatureID="-1">woordenboek</text>
      <target FeatureID="-1" href="DICTIONARY_HLP_MAIN_TAB1.html">Woordenboek</target>
   </keywords>
   <keywords>
      <text FeatureID="-1">vertalen</text>
      <target FeatureID="-1" href="DICTIONARY_HLP_MAIN_TAB1.html">Woordenboek</target>
   </keywords>
   <keywords>
      <text FeatureID="-1">woordenboek, vertaling</text>
      <target FeatureID="-1" href="DICTIONARY_HLP_RESULTS.html">Vertaalresultaten</target>
   </keywords>
</keywords>