<?xml version="1.0" encoding="UTF-8"?>
<keywords>
   <keywords>
      <text FeatureID="-1">Dữ liệu GPS</text>
      <target FeatureID="-1" href="HLP_BLID_NAVIGATION.html">Hiển thị di chuyển</target>
      <target FeatureID="false_112" href="BLID_HLP_WAYPOINTS.html">Các vị trí đã lưu</target>
      <target FeatureID="-1" href="HLP_BLID_TRIPMETER.html">Xem độ dài chuyến đi</target>
   </keywords>
   <keywords>
      <text FeatureID="-1">di chuyển đến đích</text>
      <target FeatureID="-1" href="HLP_BLID_NAVIGATION.html">Hiển thị di chuyển</target>
   </keywords>
   <keywords>
      <text FeatureID="false_112">lưu các vị trí</text>
      <target FeatureID="false_112" href="BLID_HLP_WAYPOINTS.html">Các vị trí đã lưu</target>
   </keywords>
   <keywords>
      <text FeatureID="-1">cài đặt di chuyển</text>
      <target FeatureID="-1" href="BLID_HLP_SETTINGS.html">C.đặt dữ liệu GPS</target>
   </keywords>
   <keywords>
      <text FeatureID="-1">C.đặt dữ liệu GPS</text>
      <target FeatureID="-1" href="BLID_HLP_SETTINGS.html">C.đặt dữ liệu GPS</target>
   </keywords>
   <keywords>
      <text FeatureID="-1">thông tin chuyến đi</text>
      <target FeatureID="-1" href="HLP_BLID_TRIPMETER.html">Xem độ dài chuyến đi</target>
   </keywords>
   <keywords>
      <text FeatureID="-1">thông tin di chuyển</text>
      <target FeatureID="-1" href="HLP_BLID_TRIPMETER.html">Xem độ dài chuyến đi</target>
   </keywords>
</keywords>