<?xml version="1.0" encoding="UTF-8"?>
<keywords>
   <keywords>
      <text FeatureID="true_11008 false_11008">enheds­registrering</text>
      <target FeatureID="true_11008" href="DRM_HLP_REGISTRATION_METERING.html">Enheds­registrering</target>
      <target FeatureID="false_11008" href="DRM_HLP_REGISTRATION.html">Enheds­registrering</target>
   </keywords>
   <keywords>
      <text FeatureID="true_11008">rettigheder til automatisk installation</text>
      <target FeatureID="true_11008" href="DRM_HLP_REGISTRATION_METERING.html">Enheds­registrering</target>
   </keywords>
   <keywords>
      <text FeatureID="true_11008">måle</text>
      <target FeatureID="true_11008" href="DRM_HLP_REGISTRATION_METERING.html">Enheds­registrering</target>
   </keywords>
</keywords>