<?xml version="1.0" encoding="UTF-8"?>
<keywords>
   <keywords>
      <text FeatureID="true_24">modul zabezpečení</text>
      <target FeatureID="-1" href="SECMOD_HLP_ACCESSCODE_VIEW.html">Kód PIN modulu zabezpečení</target>
      <target FeatureID="-1" href="SECMOD_HLP_MAIN_VIEW.html">Modul zabezpečení</target>
      <target FeatureID="-1" href="SEMOD_HLP_SIGNINGCODE_VIEW.html">Úprava podpisového kódu</target>
   </keywords>
   <keywords>
      <text FeatureID="true_24">Kód PIN</text>
      <target FeatureID="-1" href="SECMOD_HLP_ACCESSCODE_VIEW.html">Kód PIN modulu zabezpečení</target>
   </keywords>
   <keywords>
      <text FeatureID="true_24">kódy modulů zabezpečení</text>
      <target FeatureID="-1" href="SECMOD_HLP_CODE_VIEW.html">Kódy modulů zabezpečení</target>
   </keywords>
   <keywords>
      <text FeatureID="true_24">Kód PIN pro modul zabezpečení</text>
      <target FeatureID="-1" href="SECMOD_HLP_CODE_VIEW.html">Kódy modulů zabezpečení</target>
   </keywords>
   <keywords>
      <text FeatureID="true_24">Úložiště klíčů</text>
      <target FeatureID="-1" href="SECMOD_HLP_MAIN_VIEW.html">Modul zabezpečení</target>
   </keywords>
   <keywords>
      <text FeatureID="true_24">podpisový kód</text>
      <target FeatureID="-1" href="SEMOD_HLP_SIGNINGCODE_VIEW.html">Úprava podpisového kódu</target>
   </keywords>
   <keywords>
      <text FeatureID="true_24">digitální podpisy</text>
      <target FeatureID="-1" href="SEMOD_HLP_SIGNINGCODE_VIEW.html">Úprava podpisového kódu</target>
   </keywords>
</keywords>