<?xml version="1.0" encoding="UTF-8"?>
<keywords>
   <keywords>
      <text FeatureID="-1">Videozuschaltung</text>
      <target FeatureID="true_208" href="MSH_HLP_LIVE.html">Live-Video zuschalten</target>
      <target FeatureID="-1" href="MSH_HLP_CLIP.html">Übertragen von Videoclips</target>
      <target FeatureID="-1" href="MSH_HLP_SETTINGS.html">Einstellungen für die Videoübertragung</target>
      <target FeatureID="-1" href="MSH_HLP_RECEIVE.html">Ansehen der Videoübertragung</target>
   </keywords>
</keywords>