<?xml version="1.0" encoding="UTF-8"?>
<keywords>
   <keywords>
      <text FeatureID="-1">ضبط البريد الإلكتروني</text>
      <target FeatureID="-1" href="MBXS_HLP_SETT_DOWNL_CTRL.html">ضبط جلب البريد الإلكتروني</target>
      <target FeatureID="-1" href="MBXS_HLP_SETT_DOWNL_RETR.html">حجم جلب البريد الإلكتروني</target>
      <target FeatureID="-1" href="MBXS_HLP_SETT_MBX_IN.html">ضبط البريد الإلكتروني الوارد</target>
      <target FeatureID="-1" href="MBXS_HLP_SETT_MBX_IN_OUT.html">ضبط الاتصال</target>
      <target FeatureID="-1" href="MBXS_HLP_SETT_MBX_OUT.html">ضبط البريد الصادر</target>
      <target FeatureID="-1" href="MCE_HLP_SETTINGS_EMAIL.html">ضبط البريد الإلكتروني</target>
      <target FeatureID="-1" href="MCE_HLP_SETT_EMAILMAIN.html">تعديل صناديق البريد</target>
      <target FeatureID="-1" href="MCE_HLP_SETT_MAILBLIST.html">صناديق البريد</target>
      <target FeatureID="-1" href="MCE_HLP_SETT_MAILFOLDER_UPD.html">حافظات صناديق البريد</target>
      <target FeatureID="true_1633" href="MCE_HLP_SETT_MAIL_ONLI.html">الجلب الآلي</target>
   </keywords>
   <keywords>
      <text FeatureID="-1">ضبط صندوق البريد</text>
      <target FeatureID="-1" href="MCE_HLP_SETT_EMAILMAIN.html">تعديل صناديق البريد</target>
   </keywords>
   <keywords>
      <text FeatureID="-1">صندوق بريد</text>
      <target FeatureID="-1" href="MCE_HLP_SETT_MAILBLIST.html">صناديق البريد</target>
      <target FeatureID="-1" href="MCE_HLP_MAILBOX_ONLINE.html">البريد الإلكتروني في وضع الاتصال</target>
   </keywords>
   <keywords>
      <text FeatureID="-1">حافظات صناديق البريد</text>
      <target FeatureID="-1" href="MCE_HLP_SETT_MAILFOLDER_UPD.html">حافظات صناديق البريد</target>
   </keywords>
   <keywords>
      <text FeatureID="-1">ضبط المستخدم</text>
      <target FeatureID="-1" href="MCE_HLP_SETT_MAIL_USER.html">ضبط المستخدم</target>
   </keywords>
   <keywords>
      <text FeatureID="true_44">ضبط صندوق بريد التزامن</text>
      <target FeatureID="true_44" href="MCE_HLP_SETT_SMAILBOX.html">ضبط صندوق بريد التزامن</target>
   </keywords>
   <keywords>
      <text FeatureID="true_44">ضبط بريد التزامن</text>
      <target FeatureID="true_44" href="MCE_HLP_SETT_SMAILBOX.html">ضبط صندوق بريد التزامن</target>
   </keywords>
   <keywords>
      <text FeatureID="-1">بريد عدم الاتصال</text>
      <target FeatureID="-1" href="MCE_HLP_MAILBOX_OFFLINE.html">البريد الإلكتروني في وضع عدم الاتصال</target>
   </keywords>
   <keywords>
      <text FeatureID="-1">الاتصال بصندوق بريد</text>
      <target FeatureID="-1" href="MCE_HLP_MAILBOX_ONLINE.html">البريد الإلكتروني في وضع الاتصال</target>
   </keywords>
   <keywords>
      <text FeatureID="-1">بريد إلكتروني في وضع الاتصال</text>
      <target FeatureID="-1" href="MCE_HLP_MAILBOX_ONLINE.html">البريد الإلكتروني في وضع الاتصال</target>
      <target FeatureID="-1" href="MCE_HLP_MAILBOX_ONLINE.html">البريد الإلكتروني في وضع الاتصال</target>
   </keywords>
</keywords>