<?xml version="1.0" encoding="UTF-8"?>
<keywords>
   <keywords>
      <text FeatureID="-1">sat, alarmi</text>
      <target FeatureID="-1" href="CLK_HLP_ALARM_EDITOR.html">Uređivač alarma sata</target>
   </keywords>
   <keywords>
      <text FeatureID="-1">alarm</text>
      <target FeatureID="-1" href="CLK_HLP_ALARM_EDITOR.html">Uređivač alarma sata</target>
   </keywords>
   <keywords>
      <text FeatureID="-1">sat</text>
      <target FeatureID="-1" href="CLK_HLP_REAL_TIME_CLOCK_IN.html">Glavni prikaz sata</target>
      <target FeatureID="-1" href="CLK_HLP_WRLD_CLK.html">Vreme u svetu</target>
   </keywords>
   <keywords>
      <text FeatureID="-1">budilnik</text>
      <target FeatureID="-1" href="CLK_HLP_REAL_TIME_CLOCK_IN.html">Glavni prikaz sata</target>
   </keywords>
   <keywords>
      <text FeatureID="-1">podešavanja za datum i vreme</text>
      <target FeatureID="-1" href="CLK_HLP_SETTINGS.html">Podešavanja za datum i vreme</target>
   </keywords>
   <keywords>
      <text FeatureID="-1">podešavanja sata</text>
      <target FeatureID="-1" href="CLK_HLP_SETTINGS.html">Podešavanja za datum i vreme</target>
   </keywords>
   <keywords>
      <text FeatureID="-1">sat, vremenske zone</text>
      <target FeatureID="-1" href="CLK_HLP_REAL_TIME_CLOCK_AN.html">Lokalno vreme</target>
   </keywords>
   <keywords>
      <text FeatureID="-1">lokalno vreme i časovna zona</text>
      <target FeatureID="-1" href="CLK_HLP_REAL_TIME_CLOCK_AN.html">Lokalno vreme</target>
   </keywords>
   <keywords>
      <text FeatureID="-1">vreme u svetu</text>
      <target FeatureID="-1" href="CLK_HLP_WRLD_CLK.html">Vreme u svetu</target>
   </keywords>
</keywords>