<?xml version="1.0" encoding="UTF-8"?><?xml-stylesheet  href="../../theme/xsl/index2html.xslt" type="text/xsl"?>
<topics FeatureID="-1" title="Datu sinhronizācija" compressed="true">
   <topicref FeatureID="-1" href="DS_HLP_MAIN_VIEW.html" navtitle="Datu sinhronizācija"/>
   <topicref FeatureID="-1" href="DS_HLP_SETTINGS.html" navtitle="Sinhronizācijas profilu rediģēšana"/>
   <topicref FeatureID="-1" href="DS_HLP_SETTINGS_CAL.html" navtitle="Kalendāra sinhronizācijas uzstādījumi"/>
   <topicref FeatureID="-1" href="DS_HLP_SETTINGS_CNT.html" navtitle="Kontaktu sinhronizācijas uzstādījumi"/>
   <topicref FeatureID="-1" href="DS_HLP_SETTINGS_NOTES.html" navtitle="Piezīmju sinhronizācijas uzstādījumi"/>
   <topicref FeatureID="-1" href="DS_HLP_SETTINGS_SMS.html" navtitle="Īsziņu sinhronizācijas uzstādījumi"/>
   <topicref FeatureID="true_44" href="DS_HLP_SETTINGS_SYNCML.html" navtitle="E-pasta sinhronizācijas uzstādījumi"/>
   <topicref FeatureID="-1" href="DS_HLP_SETTINGS_BOOKMARKS.html" navtitle="Grāmatzīmju sinhronizēšanas uzstādījumi"/>
   <topicref FeatureID="-1" href="DS_HLP_AUTO_SYNC_SETTINGS.html" navtitle="Automātiskās sinhronizēšanas uzstādījumi"/>
   <topicref FeatureID="-1" href="DS_HLP_SETTINGS_MMS.html" navtitle="MMS sinhronizēšanas uzstādījumi"/>
   <topicref FeatureID="-1" href="DS_HLP_PROFILE_SETTINGS.html" navtitle="Profila apskates uzstādījumi"/>
</topics>