<?xml version="1.0" encoding="UTF-8"?>
<keywords>
   <keywords>
      <text FeatureID="-1">sinhronizācija</text>
      <target FeatureID="-1" href="DS_HLP_MAIN_VIEW.html">Datu sinhronizācija</target>
   </keywords>
   <keywords>
      <text FeatureID="-1">sinhronizācijas profili</text>
      <target FeatureID="-1" href="DS_HLP_MAIN_VIEW.html">Datu sinhronizācija</target>
   </keywords>
   <keywords>
      <text FeatureID="-1">sinhronizācijas profila uzstādījumi</text>
      <target FeatureID="-1" href="DS_HLP_SETTINGS.html">Sinhronizācijas profilu rediģēšana</target>
   </keywords>
   <keywords>
      <text FeatureID="-1">sinhronizācijas uzstādījumi</text>
      <target FeatureID="-1" href="DS_HLP_SETTINGS_CAL.html">Kalendāra sinhronizācijas uzstādījumi</target>
      <target FeatureID="-1" href="DS_HLP_SETTINGS_CNT.html">Kontaktu sinhronizācijas uzstādījumi</target>
      <target FeatureID="-1" href="DS_HLP_SETTINGS_NOTES.html">Piezīmju sinhronizācijas uzstādījumi</target>
      <target FeatureID="-1" href="DS_HLP_SETTINGS_SMS.html">Īsziņu sinhronizācijas uzstādījumi</target>
      <target FeatureID="true_44" href="DS_HLP_SETTINGS_SYNCML.html">E-pasta sinhronizācijas uzstādījumi</target>
   </keywords>
</keywords>