<?xml version="1.0" encoding="UTF-8"?>
<keywords>
   <keywords>
      <text FeatureID="-1">Correo para Exchange</text>
      <target FeatureID="-1" href="FSE_HLP_MFE_LAUNCHER_MAIN_VIEW.html">Correo para e-mail Exchange</target>
   </keywords>
   <keywords>
      <text FeatureID="-1">config. avanzadas de buzón de correo</text>
      <target FeatureID="-1" href="FSE_HLP_MFE_SETTINGS_ADVANCED.html">Configuraciones avanzadas para el buzón de correo</target>
   </keywords>
   <keywords>
      <text FeatureID="-1">configuraciones de sincronización de e-mail</text>
      <target FeatureID="-1" href="FSE_HLP_MFE_SETTINGS_PIM_APPS.html">Configuraciones de sincronización de la aplicación</target>
   </keywords>
   <keywords>
      <text FeatureID="-1">sincronización de la agenda</text>
      <target FeatureID="-1" href="FSE_HLP_MFE_CALENDAR_APP.html">Configuraciones de sincronización de agenda</target>
   </keywords>
   <keywords>
      <text FeatureID="-1">sincronización de contactos,</text>
      <target FeatureID="-1" href="FSE_HLP_MFE_CONTACTS_APP.html">Configuraciones de sincronización de contactos</target>
   </keywords>
   <keywords>
      <text FeatureID="-1">config. buzón correo</text>
      <target FeatureID="-1" href="FSE_HLP_MFE_SETTINGS_MAILBOX.html">Configuraciones del buzón de correo general</target>
   </keywords>
   <keywords>
      <text FeatureID="-1">contenido sincronización de e-mail</text>
      <target FeatureID="-1" href="FSE_HLP_MFE_SETTINGS_WHAT_SYNC.html">Elegir contenido de sincronización</target>
   </keywords>
   <keywords>
      <text FeatureID="-1">hora de sincronización de e-mail</text>
      <target FeatureID="-1" href="FSE_HLP_MFE_SETTINGS_WHEN_SYNC.html">Elegir hora de sincronización</target>
   </keywords>
   <keywords>
      <text FeatureID="-1">sincronización de carpeta de e-mail</text>
      <target FeatureID="-1" href="FSE_HLP_MFE_SETTINGS_FOLDER.html">Configuraciones para la sincronización</target>
   </keywords>
   <keywords>
      <text FeatureID="-1">config. de e-mail</text>
      <target FeatureID="-1" href="FSE_HLP_MFE_SETTINGS_MAIN_VIEW.html">Configuraciones para e-mail</target>
   </keywords>
   <keywords>
      <text FeatureID="-1">sincronización de entrada de tareas</text>
      <target FeatureID="-1" href="FSE_HLP_MFE_TASKS_APP.html">Config. de sincronización de tareas</target>
   </keywords>
</keywords>