<?xml version="1.0" encoding="UTF-8"?>
<keywords>
   <keywords>
      <text FeatureID="true_298">contestadora</text>
      <target FeatureID="true_298" href="SMSVO_HLP_CS_VIDEO_AND_XSP_VOIP.html">Buzón de llamada, video y llamadas por Internet</target>
   </keywords>
   <keywords>
      <text FeatureID="true_298">buzón de llamada por Internet</text>
      <target FeatureID="true_298" href="SMSVO_HLP_CS_VIDEO_AND_XSP_VOIP.html">Buzón de llamada, video y llamadas por Internet</target>
   </keywords>
   <keywords>
      <text FeatureID="true_298">llamar al buzón</text>
      <target FeatureID="true_298" href="SMSVO_HLP_CS_VIDEO_AND_XSP_VOIP.html">Buzón de llamada, video y llamadas por Internet</target>
   </keywords>
   <keywords>
      <text FeatureID="-1">llamadas por Internet</text>
      <target FeatureID="-1" href="VOIP_HLP_CSC.html">Configuraciones de Internet</target>
      <target FeatureID="true_298" href="VOIP_HLP_SERVCATALOG.html">Catálogo de servicio</target>
      <target FeatureID="-1" href="SERVTAB_HLP_SETTINGS.html">Configuraciones de fichas de servicio</target>
   </keywords>
</keywords>