<?xml version="1.0" encoding="UTF-8"?>
<keywords>
   <keywords>
      <text FeatureID="-1">predvajanje datotek flash</text>
      <target FeatureID="-1" href="FLITE_HLP_STOPPED.html">Zaustavljanje predvajanja datotek flash</target>
      <target FeatureID="-1" href="FLITE_HLP_VIEWER_PAUSED.html">Začasna zaustavitev predvajanja datotek flash</target>
      <target FeatureID="-1" href="FLITE_HLP_VIEWER_PLAY.html">Predvajanje datotek flash</target>
   </keywords>
   <keywords>
      <text FeatureID="-1">predvajalnik Flash</text>
      <target FeatureID="-1" href="FLITE_HLP_STOPPED.html">Zaustavljanje predvajanja datotek flash</target>
      <target FeatureID="-1" href="FLITE_HLP_VIEWER_PAUSED.html">Začasna zaustavitev predvajanja datotek flash</target>
      <target FeatureID="-1" href="FLITE_HLP_VIEWER_PLAY.html">Predvajanje datotek flash</target>
   </keywords>
</keywords>