<?xml version="1.0" encoding="UTF-8"?><?xml-stylesheet  href="../../theme/xsl/index2html.xslt" type="text/xsl"?>
<topics FeatureID="-1" title="Intellisync" compressed="true">
   <topicref FeatureID="-1" href="FSE_HLP_IMS_SETTINGS_ACCT_INFO.html" navtitle="Pengaturan account e-mail"/>
   <topicref FeatureID="-1" href="FSE_HLP_IMS_SETTINGS_ADVANCED.html" navtitle="Pengaturan kotak pesan lanjutan"/>
   <topicref FeatureID="-1" href="FSE_HLP_IMS_SETTINGS_MAILBOX.html" navtitle="Pengaturan kotak pesan"/>
   <topicref FeatureID="-1" href="FSE_HLP_IMS_SETTINGS_WHAT_SYNC.html" navtitle="Menentukan konten sinkronisasi"/>
   <topicref FeatureID="-1" href="FSE_HLP_IMS_SETTINGS_WHEN_SYNC.html" navtitle="Menentukan waktu sinkronisasi"/>
   <topicref FeatureID="-1" href="FSE_HLP_IMS_SETTINGS_FOLDER.html" navtitle="Mensinkronisasi folder e-mail"/>
   <topicref FeatureID="-1" href="FSE_HLP_SETTINGS_INTELL_LIST.html" navtitle="Pengaturan layanan e-mail"/>
   <topicref FeatureID="-1" href="FSE_HLP_IMS_SETTINGS_MAIN_VIEW.html" navtitle="Pengaturan e-mail"/>
   <topicref FeatureID="-1" href="FSE_HLP_IMS_LAUNCHER_MAIN_VIEW.html" navtitle="E-mail Intellisync"/>
</topics>