<?xml version="1.0" encoding="UTF-8"?>
<keywords>
   <keywords>
      <text FeatureID="-1">pengaturan account e-mail</text>
      <target FeatureID="-1" href="FSE_HLP_IMS_SETTINGS_ACCT_INFO.html">Pengaturan account e-mail</target>
   </keywords>
   <keywords>
      <text FeatureID="-1">pengaturan kotak pesan lanjutan</text>
      <target FeatureID="-1" href="FSE_HLP_IMS_SETTINGS_ADVANCED.html">Pengaturan kotak pesan lanjutan</target>
   </keywords>
   <keywords>
      <text FeatureID="-1">pengaturan kotak pesan</text>
      <target FeatureID="-1" href="FSE_HLP_IMS_SETTINGS_MAILBOX.html">Pengaturan kotak pesan</target>
   </keywords>
   <keywords>
      <text FeatureID="-1">konten sinkronisasi e-mail</text>
      <target FeatureID="-1" href="FSE_HLP_IMS_SETTINGS_WHAT_SYNC.html">Menentukan konten sinkronisasi</target>
   </keywords>
   <keywords>
      <text FeatureID="-1">waktu sinkronisasi e-mail</text>
      <target FeatureID="-1" href="FSE_HLP_IMS_SETTINGS_WHEN_SYNC.html">Menentukan waktu sinkronisasi</target>
   </keywords>
   <keywords>
      <text FeatureID="-1">sinkronisasi folder e-mail</text>
      <target FeatureID="-1" href="FSE_HLP_IMS_SETTINGS_FOLDER.html">Mensinkronisasi folder e-mail</target>
   </keywords>
   <keywords>
      <text FeatureID="-1">pengaturan layanan e-mail</text>
      <target FeatureID="-1" href="FSE_HLP_SETTINGS_INTELL_LIST.html">Pengaturan layanan e-mail</target>
   </keywords>
   <keywords>
      <text FeatureID="-1">pengaturan e-mail</text>
      <target FeatureID="-1" href="FSE_HLP_IMS_SETTINGS_MAIN_VIEW.html">Pengaturan e-mail</target>
   </keywords>
   <keywords>
      <text FeatureID="-1">Intellisync</text>
      <target FeatureID="-1" href="FSE_HLP_IMS_LAUNCHER_MAIN_VIEW.html">E-mail Intellisync</target>
   </keywords>
</keywords>