<?xml version="1.0" encoding="UTF-8"?>
<keywords>
   <keywords>
      <text FeatureID="-1">impostazioni, scorrevole</text>
      <target FeatureID="-1" href="SET_HLP_SETTINGS_KEYPAD_COVER.html">Impostazioni gestione scorrevole</target>
   </keywords>
   <keywords>
      <text FeatureID="-1">scorrevole, impostazioni</text>
      <target FeatureID="-1" href="SET_HLP_SETTINGS_KEYPAD_COVER.html">Impostazioni gestione scorrevole</target>
   </keywords>
   <keywords>
      <text FeatureID="-1">gestione del dispositivo</text>
      <target FeatureID="-1" href="CP_HLP_DEVICE_MANAGEMENT.html">Gestione del dispositivo</target>
   </keywords>
   <keywords>
      <text FeatureID="true_109">EAP (Extensible Authentication Protocol)</text>
      <target FeatureID="true_109" href="SET_HLP_WLAN_EAP_SIM.html">Impostazioni EAP-SIM</target>
   </keywords>
   <keywords>
      <text FeatureID="true_109">impostazioni, WLAN</text>
      <target FeatureID="true_109" href="SET_HLP_WLAN_EAP_SIM.html">Impostazioni EAP-SIM</target>
   </keywords>
   <keywords>
      <text FeatureID="-1">limitazione punti di accesso</text>
      <target FeatureID="-1" href="ACL_HLP_MAIN.html">Connessioni con restrizioni</target>
   </keywords>
   <keywords>
      <text FeatureID="-1">connessione, impostazioni</text>
      <target FeatureID="-1" href="SIP_HLP_PROF_PARAMS.html">Impostazioni profilo SIP</target>
      <target FeatureID="-1" href="SIP_HLP_MAIN.html">Profili SIP</target>
      <target FeatureID="-1" href="SET_HLP_CONN_DEST_VIEW.html">Vista destinazioni</target>
      <target FeatureID="-1" href="SET_HLP_DEFAULT_CONN.html">Connessione predefinita</target>
      <target FeatureID="-1" href="SET_HLP_CONN_METHODS_VIEW.html">Vista dei punti di accesso</target>
      <target FeatureID="true_1581" href="RD_HLP_REMOTE_DRIVE_CONFIG.html">Impostazioni unità remota</target>
      <target FeatureID="true_1581" href="RD_HLP_REMOTE_DRIVES.html">Unità remote</target>
   </keywords>
   <keywords>
      <text FeatureID="-1">SIP, impostazioni</text>
      <target FeatureID="-1" href="SIP_HLP_PROF_PARAMS.html">Impostazioni profilo SIP</target>
      <target FeatureID="-1" href="SIP_HLP_MAIN.html">Profili SIP</target>
      <target FeatureID="-1" href="SIP_HLP_PROXY_PARAMS.html">Impostazioni proxy SIP</target>
      <target FeatureID="-1" href="SIP_HLP_REGISTRAR_PARAM.html">Impostazioni server di registrazione</target>
   </keywords>
   <keywords>
      <text FeatureID="-1">server di registrazione</text>
      <target FeatureID="-1" href="SIP_HLP_REGISTRAR_PARAM.html">Impostazioni server di registrazione</target>
   </keywords>
   <keywords>
      <text FeatureID="-1">punti di accesso</text>
      <target FeatureID="-1" href="HLP_OCC_CONN_SETTINGS.html">Connessioni di rete</target>
      <target FeatureID="-1" href="SET_HLP_CONN_METHODS_VIEW.html">Vista dei punti di accesso</target>
      <target FeatureID="-1" href="SET_HLP_AP_SETTING_GPRS.html">Punto accesso dati a pacchetto</target>
      <target FeatureID="true_109" href="SET_HLP_AP_SETTING_WLAN.html">Punto di accesso WLAN</target>
   </keywords>
   <keywords>
      <text FeatureID="-1">impostazioni, connessione</text>
      <target FeatureID="-1" href="HLP_OCC_CONN_SETTINGS.html">Connessioni di rete</target>
   </keywords>
   <keywords>
      <text FeatureID="-1">destinazione, impostazioni</text>
      <target FeatureID="-1" href="SET_HLP_CONN_DEST_VIEW.html">Vista destinazioni</target>
   </keywords>
   <keywords>
      <text FeatureID="-1">connessione predefinita</text>
      <target FeatureID="-1" href="SET_HLP_DEFAULT_CONN.html">Connessione predefinita</target>
   </keywords>
   <keywords>
      <text FeatureID="-1">VPN, punti di accesso</text>
      <target FeatureID="true_99" href="SET_HLP_VPN_DEST_ASSOC_VIEW.html">Connessioni VPN</target>
      <target FeatureID="-1" href="SET_HLP_VPN_AP_SETTINGS_VIEW.html">Modificare i punti di accesso VPN</target>
   </keywords>
   <keywords>
      <text FeatureID="-1">applicazioni, connessioni</text>
      <target FeatureID="-1" href="SET_HLP_APP_DEST_ASSOC_VIEW.html">Connessioni applicazioni</target>
   </keywords>
   <keywords>
      <text FeatureID="-1">applicazioni, impostazioni</text>
      <target FeatureID="-1" href="CP_HLP_APPILICATION_SETTINGS.html">Impostazioni applicazioni</target>
   </keywords>
   <keywords>
      <text FeatureID="-1">chiamate, impostazioni</text>
      <target FeatureID="-1" href="SCP_HLP_CALL.html">Impostazioni chiamata</target>
   </keywords>
   <keywords>
      <text FeatureID="-1">impostazioni, chiamate</text>
      <target FeatureID="-1" href="SCP_HLP_CALL.html">Impostazioni chiamata</target>
   </keywords>
   <keywords>
      <text FeatureID="-1">connettività</text>
      <target FeatureID="-1" href="CP_HLP_CONNECTIVITY.html">Impostazioni di connettività</target>
   </keywords>
   <keywords>
      <text FeatureID="-1">pannello di controllo</text>
      <target FeatureID="-1" href="CP_HLP_DISPLAY.html">Impostazioni display</target>
      <target FeatureID="__DUAL_LANGUAGE_SUPPORT=true" href="CP_HLP_WRITING_LANGUAGE.html">Lingua di scrittura</target>
   </keywords>
   <keywords>
      <text FeatureID="-1">display, impostazioni</text>
      <target FeatureID="-1" href="CP_HLP_DISPLAY.html">Impostazioni display</target>
   </keywords>
   <keywords>
      <text FeatureID="-1">impostazioni generali</text>
      <target FeatureID="-1" href="CP_HLP_DEVICE.html">Impostazioni dispositivo</target>
   </keywords>
   <keywords>
      <text FeatureID="-1">dispositivo, impostazioni</text>
      <target FeatureID="-1" href="CP_HLP_DEVICE.html">Impostazioni dispositivo</target>
   </keywords>
   <keywords>
      <text FeatureID="-1">lingua, impostazioni</text>
      <target FeatureID="-1" href="CP_HLP_LANGUAGE.html">Impostazioni lingua</target>
   </keywords>
   <keywords>
      <text FeatureID="-1">impostazioni</text>
      <target FeatureID="-1" href="CP_HLP_MAIN_VIEW.html">Impostazioni</target>
   </keywords>
   <keywords>
      <text FeatureID="-1">rete, impostazioni</text>
      <target FeatureID="-1" href="CP_HLP_NETWORK.html">Impostazioni di rete</target>
      <target FeatureID="-1" href="CP_HLP_NETWORK.html">Impostazioni di rete</target>
   </keywords>
   <keywords>
      <text FeatureID="-1">profilo</text>
      <target FeatureID="-1" href="CP_HLP_PERSONAL.html">Vista personale</target>
   </keywords>
   <keywords>
      <text FeatureID="-1">tema</text>
      <target FeatureID="-1" href="CP_HLP_PERSONAL.html">Vista personale</target>
   </keywords>
   <keywords>
      <text FeatureID="-1">standby</text>
      <target FeatureID="-1" href="CP_HLP_PERSONAL.html">Vista personale</target>
   </keywords>
   <keywords>
      <text FeatureID="-1">protezione, impostazioni</text>
      <target FeatureID="-1" href="CP_HLP_SECURITY.html">Impostazioni di protezione</target>
   </keywords>
   <keywords>
      <text FeatureID="-1">impostazioni, protezione</text>
      <target FeatureID="-1" href="CP_HLP_SECURITY.html">Impostazioni di protezione</target>
   </keywords>
   <keywords>
      <text FeatureID="-1">dispositivo, blocco</text>
      <target FeatureID="-1" href="SET_HLP_SECURITY_DEVICE_SIM.html">Sicurezza dispositivo</target>
   </keywords>
   <keywords>
      <text FeatureID="-1">protezione</text>
      <target FeatureID="-1" href="SET_HLP_SECURITY_DEVICE_SIM.html">Sicurezza dispositivo</target>
   </keywords>
   <keywords>
      <text FeatureID="__DUAL_LANGUAGE_SUPPORT=true">lingua di scrittura</text>
      <target FeatureID="__DUAL_LANGUAGE_SUPPORT=true" href="CP_HLP_WRITING_LANGUAGE.html">Lingua di scrittura</target>
   </keywords>
   <keywords>
      <text FeatureID="-1">accessori, impostazioni</text>
      <target FeatureID="-1" href="SET_HLP_ACCESSORIES_LIST.html">Impostazioni accessori</target>
      <target FeatureID="-1" href="SET_HLP_ACCESSORIES_HEADSET.html">Impostazioni auricolare</target>
   </keywords>
   <keywords>
      <text FeatureID="-1">dati a pacchetto, punto di accesso</text>
      <target FeatureID="-1" href="SET_HLP_AP_SETTING_GPRS.html">Punto accesso dati a pacchetto</target>
   </keywords>
   <keywords>
      <text FeatureID="-1">dati a pacchetto, impostazioni</text>
      <target FeatureID="-1" href="SET_HLP_AP_SETTING_GPRS_AS.html">Impostazioni avanzate dati a pacchetto</target>
   </keywords>
   <keywords>
      <text FeatureID="-1">punti di accesso dati a pacchetto</text>
      <target FeatureID="-1" href="SET_HLP_AP_SETTING_GPRS_AS.html">Impostazioni avanzate dati a pacchetto</target>
   </keywords>
   <keywords>
      <text FeatureID="-1">VPN (rete privata virtuale)</text>
      <target FeatureID="-1" href="SET_HLP_VPN_AP_SETTINGS_VIEW.html">Modificare i punti di accesso VPN</target>
   </keywords>
   <keywords>
      <text FeatureID="true_109">WLAN (Wireless Local Area Network)</text>
      <target FeatureID="true_109" href="SET_HLP_AP_SETTING_WLAN.html">Punto di accesso WLAN</target>
   </keywords>
   <keywords>
      <text FeatureID="-1">blocco della tastiera</text>
      <target FeatureID="-1" href="CP_HLP_AUTOKEYGUARD.html">Blocco della tastiera automatico</target>
   </keywords>
   <keywords>
      <text FeatureID="true_1581">unità remote</text>
      <target FeatureID="true_1581" href="RD_HLP_REMOTE_DRIVE_CONFIG.html">Impostazioni unità remota</target>
      <target FeatureID="true_1581" href="RD_HLP_REMOTE_DRIVES.html">Unità remote</target>
   </keywords>
   <keywords>
      <text FeatureID="-1">chiamate, blocco</text>
      <target FeatureID="-1" href="SET_HLP_BARRING_SETTINGS.html">Bloccare le chiamate vocali</target>
      <target FeatureID="true_298" href="DIV_HLP_BARRING_MAIN.html">Bloccare le chiamate</target>
   </keywords>
   <keywords>
      <text FeatureID="-1">blocco delle chiamate</text>
      <target FeatureID="-1" href="SET_HLP_BARRING_SETTINGS.html">Bloccare le chiamate vocali</target>
      <target FeatureID="true_298" href="DIV_HLP_BARRING_MAIN.html">Bloccare le chiamate</target>
   </keywords>
   <keywords>
      <text FeatureID="-1">chiamate, deviazione</text>
      <target FeatureID="true_89" href="DIV_HLP_CALL_FORW_VID.html">Trasferire videochiamate</target>
      <target FeatureID="-1" href="DIV_HLP_CALL_FORW_MAIN.html">Deviazione chiamate</target>
      <target FeatureID="-1" href="DIV_HLP_CALL_FORW_VOI.html">Deviare chiamate vocali</target>
   </keywords>
   <keywords>
      <text FeatureID="-1">chiamate, inoltro</text>
      <target FeatureID="-1" href="DIV_HLP_CALL_FORW_MAIN.html">Deviazione chiamate</target>
   </keywords>
   <keywords>
      <text FeatureID="-1">impostazioni di sincronizzazione</text>
      <target FeatureID="-1" href="CP_HLP_SYNCHRONISATION.html">Impostazioni sincronizzazione</target>
   </keywords>
   <keywords>
      <text FeatureID="-1">applicazioni, installazione</text>
      <target FeatureID="-1" href="CP_HLP_INSTALLATIONS.html">Installazioni</target>
   </keywords>
   <keywords>
      <text FeatureID="-1">cuffia, impostazioni</text>
      <target FeatureID="-1" href="SET_HLP_ACCESSORIES_HEADPHONE.html">Impostazioni cuffia</target>
   </keywords>
   <keywords>
      <text FeatureID="-1">impostazioni accessori</text>
      <target FeatureID="-1" href="SET_HLP_ACCESSORIES_HEADPHONE.html">Impostazioni cuffia</target>
      <target FeatureID="-1" href="SET_HLP_ACCESS_WIRED_CK.html">Impostazioni kit veicolare con fili</target>
      <target FeatureID="true_1032" href="SET_HLP_ACCESSORIES_TTY.html">Impostazioni TTY</target>
      <target FeatureID="true_1540" href="SET_HLP_ACCESSORIES_TVOUT.html">Impostazioni uscita TV</target>
   </keywords>
   <keywords>
      <text FeatureID="-1">auricolare, impostazioni</text>
      <target FeatureID="-1" href="SET_HLP_ACCESSORIES_HEADSET.html">Impostazioni auricolare</target>
   </keywords>
   <keywords>
      <text FeatureID="-1">kit veicolare con fili, impostazioni</text>
      <target FeatureID="-1" href="SET_HLP_ACCESS_WIRED_CK.html">Impostazioni kit veicolare con fili</target>
   </keywords>
   <keywords>
      <text FeatureID="-1">kit veicolare, impostazioni</text>
      <target FeatureID="-1" href="SET_HLP_ACCESS_WIRED_CK.html">Impostazioni kit veicolare con fili</target>
   </keywords>
   <keywords>
      <text FeatureID="-1">Music Stand, impostazioni</text>
      <target FeatureID="-1" href="SET_HLP_ACCESSORIES_MUSIC_ST.html">Impostazioni Music Stand</target>
   </keywords>
   <keywords>
      <text FeatureID="true_1032">TTY, impostazioni</text>
      <target FeatureID="true_1032" href="SET_HLP_ACCESSORIES_TTY.html">Impostazioni TTY</target>
   </keywords>
   <keywords>
      <text FeatureID="true_1032">TDD, impostazioni</text>
      <target FeatureID="true_1032" href="SET_HLP_ACCESSORIES_TTY.html">Impostazioni TTY</target>
   </keywords>
   <keywords>
      <text FeatureID="true_1540">uscita tv, impostazioni</text>
      <target FeatureID="true_1540" href="SET_HLP_ACCESSORIES_TVOUT.html">Impostazioni uscita TV</target>
   </keywords>
   <keywords>
      <text FeatureID="true_410">metodo di scrittura</text>
      <target FeatureID="true_410" href="PREDINPUT_HLP_VIRT_ITI_SETT.html">Impostazioni di scrittura</target>
   </keywords>
   <keywords>
      <text FeatureID="-1">facilitata, scrittura</text>
      <target FeatureID="-1" href="PREDINPUT_HLP_VIRTUAL_ITI.html">Scrittura facilitata</target>
   </keywords>
   <keywords>
      <text FeatureID="-1">impostazioni, ripristino</text>
      <target FeatureID="-1" href="SET_HLP_GENERAL_ORIG_SET.html">Ripristinare le impostazioni originali</target>
   </keywords>
   <keywords>
      <text FeatureID="-1">ripristino delle impostazioni</text>
      <target FeatureID="-1" href="SET_HLP_GENERAL_ORIG_SET.html">Ripristinare le impostazioni originali</target>
   </keywords>
   <keywords>
      <text FeatureID="-1">impostazioni di fabbrica, ripristino</text>
      <target FeatureID="-1" href="SET_HLP_GENERAL_ORIG_SET.html">Ripristinare le impostazioni originali</target>
   </keywords>
</keywords>