<?xml version="1.0" encoding="UTF-8"?>
<keywords>
   <keywords>
      <text FeatureID="-1">pengurus fail</text>
      <target FeatureID="-1" href="FMGR_HLP_MEM_STORE_VIEW.html">Uruskan fail</target>
      <target FeatureID="-1" href="FMGR_HLP_MAIN_VIEW.html">Pengurus fail</target>
      <target FeatureID="-1" href="FMGR_HLP_BACKUP_VIEW.html">Sandaran fail</target>
   </keywords>
   <keywords>
      <text FeatureID="-1">kad memori</text>
      <target FeatureID="-1" href="FMGR_HLP_MEM_STORE_VIEW.html">Uruskan fail</target>
      <target FeatureID="-1" href="FMGR_HLP_MAIN_VIEW.html">Pengurus fail</target>
      <target FeatureID="-1" href="FMGR_HLP_BACKUP_VIEW.html">Sandaran fail</target>
   </keywords>
   <keywords>
      <text FeatureID="-1">Pengurus fail</text>
      <target FeatureID="-1" href="FMGR_HLP_SEARCH_RESULTS.html">Carian fail</target>
   </keywords>
   <keywords>
      <text FeatureID="-1">mencari fail</text>
      <target FeatureID="-1" href="FMGR_HLP_SEARCH_RESULTS.html">Carian fail</target>
   </keywords>
   <keywords>
      <text FeatureID="-1">mencari folder</text>
      <target FeatureID="-1" href="FMGR_HLP_SEARCH_RESULTS.html">Carian fail</target>
   </keywords>
   <keywords>
      <text FeatureID="-1">sandaran</text>
      <target FeatureID="-1" href="FMGR_HLP_BACKUP_VIEW.html">Sandaran fail</target>
   </keywords>
</keywords>