<?xml version="1.0" encoding="UTF-8"?>
<keywords>
   <keywords>
      <text FeatureID="-1">menyahsulit, kad memori</text>
      <target FeatureID="-1" href="ES_HLP_ENCRYPTION_DECRYPT.html">Nyahsulitkan kad memori</target>
   </keywords>
   <keywords>
      <text FeatureID="-1">penyulitan, kad memori</text>
      <target FeatureID="-1" href="ES_HLP_ENCRYPTION_ENCRYPT.html">Sulitkan kad memori</target>
   </keywords>
   <keywords>
      <text FeatureID="-1">penyulitan, memori peranti dan kad memori</text>
      <target FeatureID="-1" href="ES_HLP_ENCRYPTION_MAIN.html">Sulitkan atau nyahsulitkan</target>
   </keywords>
   <keywords>
      <text FeatureID="-1">menyahsulit, memori peranti dan kad memori</text>
      <target FeatureID="-1" href="ES_HLP_ENCRYPTION_MAIN.html">Sulitkan atau nyahsulitkan</target>
   </keywords>
</keywords>