<?xml version="1.0" encoding="UTF-8"?>
<keywords>
   <keywords>
      <text FeatureID="-1">εγγραφή, ήχοι</text>
      <target FeatureID="-1" href="VOREC_HLP_EMPTY_RECORDER.html">Εγγραφή κλιπ ήχου</target>
   </keywords>
   <keywords>
      <text FeatureID="-1">φωνητική εγγραφή</text>
      <target FeatureID="-1" href="VOREC_HLP_MAIN.html">Χρήση της Φωνητικής εγγραφής</target>
   </keywords>
   <keywords>
      <text FeatureID="-1">εγγραφή κλιπ ήχου</text>
      <target FeatureID="-1" href="VOREC_HLP_MAIN.html">Χρήση της Φωνητικής εγγραφής</target>
   </keywords>
   <keywords>
      <text FeatureID="-1">ρυθμίσεις φωνητικής εγγραφής</text>
      <target FeatureID="-1" href="VOREC_HLP_SETTINGS.html">Ρυθμίσεις φωνητικής εγγραφής</target>
   </keywords>
</keywords>