<?xml version="1.0" encoding="UTF-8"?>
<keywords>
   <keywords>
      <text FeatureID="true_1604">text input</text>
      <target FeatureID="true_1604" href="HWR_HLP_MAIN_VIEW.html">Розпізнавання рукописного тексту</target>
   </keywords>
   <keywords>
      <text FeatureID="true_1604">розпізнавання рукописного тексту</text>
      <target FeatureID="true_1604" href="HWR_HLP_MAIN_VIEW.html">Розпізнавання рукописного тексту</target>
   </keywords>
   <keywords>
      <text FeatureID="true_1603 true_410">сенсорне введення</text>
      <target FeatureID="true_1603" href="VQWERTY_HLP_MAIN_VIEW.html">Віртуальна клавіатура</target>
      <target FeatureID="true_410" href="VITU_HLP_MAIN_VIEW.html">Віртуальна клавіатура</target>
   </keywords>
   <keywords>
      <text FeatureID="true_410">віртуальна клавіатура</text>
      <target FeatureID="true_410" href="VITU_HLP_MAIN_VIEW.html">Віртуальна клавіатура</target>
   </keywords>
</keywords>