<?xml version="1.0" encoding="UTF-8"?>
<keywords>
   <keywords>
      <text FeatureID="-1">flash dosyası oynatma</text>
      <target FeatureID="-1" href="FLITE_HLP_STOPPED.html">Flash oynatımını durdurma</target>
      <target FeatureID="-1" href="FLITE_HLP_VIEWER_PAUSED.html">Flash oynatımı duraklatma</target>
      <target FeatureID="-1" href="FLITE_HLP_VIEWER_PLAY.html">Flash dosyaları oynatma</target>
   </keywords>
   <keywords>
      <text FeatureID="-1">Flash Oynatıcı</text>
      <target FeatureID="-1" href="FLITE_HLP_STOPPED.html">Flash oynatımını durdurma</target>
      <target FeatureID="-1" href="FLITE_HLP_VIEWER_PAUSED.html">Flash oynatımı duraklatma</target>
      <target FeatureID="-1" href="FLITE_HLP_VIEWER_PLAY.html">Flash dosyaları oynatma</target>
   </keywords>
</keywords>