<?xml version="1.0" encoding="UTF-8"?>
<keywords>
   <keywords>
      <text FeatureID="-1">oznake</text>
      <target FeatureID="-1" href="OSS_HLP_BM_ADDBM.html">Dodavanje oznaka</target>
   </keywords>
   <keywords>
      <text FeatureID="-1">preglednik, oznake</text>
      <target FeatureID="-1" href="OSS_HLP_BM_ADDBM.html">Dodavanje oznaka</target>
      <target FeatureID="-1" href="OSS_HLP_BM_MAIN.html">Oznake preglednika</target>
   </keywords>
   <keywords>
      <text FeatureID="-1">web</text>
      <target FeatureID="-1" href="OSS_HLP_BM_ADDBM.html">Dodavanje oznaka</target>
      <target FeatureID="true_167" href="OSS_HLP_RSS_ADD.html">Dodajte web sažetke</target>
      <target FeatureID="-1" href="OSS_HLP_PAGEVIEW.html">Pretraživanje Interneta</target>
      <target FeatureID="true_167" href="OSS_HLP_RSS_EDIT.html">Uredi sažetke s interneta</target>
      <target FeatureID="true_167" href="OSS_HLP_RSS_ARTICLE.html">Web sažeci članaka</target>
      <target FeatureID="true_167" href="OSS_HLP_RSS_ARTICLELST.html">Web sažeci</target>
      <target FeatureID="true_167" href="OSS_HLP_RSS_MAIN.html">Web sažeci i blogovi</target>
   </keywords>
   <keywords>
      <text FeatureID="true_167">sažeci</text>
      <target FeatureID="true_167" href="OSS_HLP_RSS_ADD.html">Dodajte web sažetke</target>
      <target FeatureID="true_167" href="OSS_HLP_RSS_EDIT.html">Uredi sažetke s interneta</target>
      <target FeatureID="true_167" href="OSS_HLP_RSS_ARTICLE.html">Web sažeci članaka</target>
      <target FeatureID="true_167" href="OSS_HLP_RSS_ARTICLELST.html">Web sažeci</target>
      <target FeatureID="true_167" href="OSS_HLP_RSS_MAIN.html">Web sažeci i blogovi</target>
   </keywords>
   <keywords>
      <text FeatureID="true_167">RSS sažeci</text>
      <target FeatureID="true_167" href="OSS_HLP_RSS_ADD.html">Dodajte web sažetke</target>
      <target FeatureID="true_167" href="OSS_HLP_RSS_ARTICLELST.html">Web sažeci</target>
      <target FeatureID="true_167" href="OSS_HLP_RSS_MAIN.html">Web sažeci i blogovi</target>
   </keywords>
   <keywords>
      <text FeatureID="true_167">novosti i blogovi</text>
      <target FeatureID="true_167" href="OSS_HLP_RSS_ADD.html">Dodajte web sažetke</target>
      <target FeatureID="true_167" href="OSS_HLP_RSS_ARTICLE.html">Web sažeci članaka</target>
      <target FeatureID="true_167" href="OSS_HLP_RSS_ARTICLELST.html">Web sažeci</target>
      <target FeatureID="true_167" href="OSS_HLP_RSS_MAIN.html">Web sažeci i blogovi</target>
   </keywords>
   <keywords>
      <text FeatureID="true_167">blogovi</text>
      <target FeatureID="true_167" href="OSS_HLP_RSS_ADD.html">Dodajte web sažetke</target>
      <target FeatureID="true_167" href="OSS_HLP_RSS_EDIT.html">Uredi sažetke s interneta</target>
      <target FeatureID="true_167" href="OSS_HLP_RSS_ARTICLE.html">Web sažeci članaka</target>
      <target FeatureID="true_167" href="OSS_HLP_RSS_ARTICLELST.html">Web sažeci</target>
      <target FeatureID="true_167" href="OSS_HLP_RSS_MAIN.html">Web sažeci i blogovi</target>
   </keywords>
   <keywords>
      <text FeatureID="-1">pregled stranica</text>
      <target FeatureID="-1" href="OSS_HLP_PAGEVIEW.html">Pretraživanje Interneta</target>
   </keywords>
   <keywords>
      <text FeatureID="-1">oznake, otvaranje</text>
      <target FeatureID="-1" href="OSS_HLP_BM_MAIN.html">Oznake preglednika</target>
   </keywords>
   <keywords>
      <text FeatureID="true_167">rss sažeci</text>
      <target FeatureID="true_167" href="OSS_HLP_RSS_EDIT.html">Uredi sažetke s interneta</target>
      <target FeatureID="true_167" href="OSS_HLP_RSS_ARTICLE.html">Web sažeci članaka</target>
   </keywords>
   <keywords>
      <text FeatureID="true_167">vijesti i blogovi</text>
      <target FeatureID="true_167" href="OSS_HLP_RSS_EDIT.html">Uredi sažetke s interneta</target>
   </keywords>
   <keywords>
      <text FeatureID="-1">postavke preglednika</text>
      <target FeatureID="-1" href="OSS_HLP_SETTINGS_GENERAL.html">Opće postavke</target>
      <target FeatureID="-1" href="OSS_HLP_SETTINGS_PAGE.html">Postavke stranice</target>
      <target FeatureID="-1" href="OSS_HLP_SETTINGS_PRIVACY.html">Postavke privatnosti</target>
      <target FeatureID="true_167" href="OSS_HLP_SETTINGS_RSS.html">Postavke web-sažetka</target>
      <target FeatureID="-1" href="OSS_HLP_SETTINGS_FOLDERS.html">Web postavke</target>
      <target FeatureID="false_410" href="OSS_HLP_SHORTCUTS.html">Prečaci na alatnoj traci</target>
   </keywords>
   <keywords>
      <text FeatureID="-1">postavke Interneta</text>
      <target FeatureID="-1" href="OSS_HLP_SETTINGS_GENERAL.html">Opće postavke</target>
      <target FeatureID="-1" href="OSS_HLP_SETTINGS_PAGE.html">Postavke stranice</target>
      <target FeatureID="-1" href="OSS_HLP_SETTINGS_PRIVACY.html">Postavke privatnosti</target>
      <target FeatureID="-1" href="OSS_HLP_SETTINGS_FOLDERS.html">Web postavke</target>
   </keywords>
   <keywords>
      <text FeatureID="-1">podešavanje Interneta</text>
      <target FeatureID="-1" href="OSS_HLP_SETTINGS_PAGE.html">Postavke stranice</target>
      <target FeatureID="-1" href="OSS_HLP_SETTINGS_FOLDERS.html">Web postavke</target>
   </keywords>
   <keywords>
      <text FeatureID="-1">postavke privatnosti</text>
      <target FeatureID="-1" href="OSS_HLP_SETTINGS_PRIVACY.html">Postavke privatnosti</target>
   </keywords>
   <keywords>
      <text FeatureID="true_167">postavljanje za web</text>
      <target FeatureID="true_167" href="OSS_HLP_SETTINGS_RSS.html">Postavke web-sažetka</target>
   </keywords>
   <keywords>
      <text FeatureID="true_167">postavke weba</text>
      <target FeatureID="true_167" href="OSS_HLP_SETTINGS_RSS.html">Postavke web-sažetka</target>
   </keywords>
   <keywords>
      <text FeatureID="-1">otvaranje određene stranice</text>
      <target FeatureID="-1" href="OSS_HLP_PAGEVIEW_EMBED.html">Web u programima</target>
   </keywords>
   <keywords>
      <text FeatureID="-1">web u programima</text>
      <target FeatureID="-1" href="OSS_HLP_PAGEVIEW_EMBED.html">Web u programima</target>
   </keywords>
   <keywords>
      <text FeatureID="false_410">web-postavke</text>
      <target FeatureID="false_410" href="OSS_HLP_SHORTCUTS.html">Prečaci na alatnoj traci</target>
   </keywords>
</keywords>