<?xml version="1.0" encoding="UTF-8"?>
<keywords>
   <keywords>
      <text FeatureID="-1">stjórnun tækis</text>
      <target FeatureID="-1" href="CP_HLP_DEVICE_MANAGEMENT.html">Stjórnun tækis</target>
   </keywords>
   <keywords>
      <text FeatureID="true_109">EAP (Extensible Authentication Protocol)</text>
      <target FeatureID="true_109" href="SET_HLP_WLAN_EAP_SIM.html">Stillingar EAP-SIM</target>
   </keywords>
   <keywords>
      <text FeatureID="true_109">stillingar, WLAN</text>
      <target FeatureID="true_109" href="SET_HLP_WLAN_EAP_SIM.html">Stillingar EAP-SIM</target>
   </keywords>
   <keywords>
      <text FeatureID="-1">takmörkun aðgangsstaða</text>
      <target FeatureID="-1" href="ACL_HLP_MAIN.html">Takmarkaðar tengingar</target>
   </keywords>
   <keywords>
      <text FeatureID="-1">tengistillingar</text>
      <target FeatureID="-1" href="SET_HLP_CONN_DEST_VIEW.html">Skjár áfangastaða</target>
      <target FeatureID="-1" href="SET_HLP_DEFAULT_CONN.html">Sjálfgefin tenging</target>
      <target FeatureID="-1" href="SET_HLP_CONN_METHODS_VIEW.html">Skjár aðgangsstaða</target>
      <target FeatureID="true_1537" href="RD_HLP_REMOTE_DRIVE_CONFIG.html">Stillingar ytri disks</target>
      <target FeatureID="true_1537" href="RD_HLP_REMOTE_DRIVES.html">Ytri diskar</target>
   </keywords>
   <keywords>
      <text FeatureID="-1">stillingar áfangastaðar</text>
      <target FeatureID="-1" href="SET_HLP_CONN_DEST_VIEW.html">Skjár áfangastaða</target>
   </keywords>
   <keywords>
      <text FeatureID="-1">sjálfgefin tenging</text>
      <target FeatureID="-1" href="SET_HLP_DEFAULT_CONN.html">Sjálfgefin tenging</target>
   </keywords>
   <keywords>
      <text FeatureID="-1">VPN-aðgangsstaðir</text>
      <target FeatureID="true_99" href="SET_HLP_VPN_DEST_ASSOC_VIEW.html">VPN-tengingar</target>
      <target FeatureID="-1" href="SET_HLP_VPN_AP_SETTINGS_VIEW.html">VPN-aðgangsstöðum breytt</target>
   </keywords>
   <keywords>
      <text FeatureID="-1">aðgangsstaðir</text>
      <target FeatureID="-1" href="SET_HLP_CONN_METHODS_VIEW.html">Skjár aðgangsstaða</target>
   </keywords>
   <keywords>
      <text FeatureID="-1">tengingar forrita</text>
      <target FeatureID="-1" href="SET_HLP_APP_DEST_ASSOC_VIEW.html">Tengingar forrita</target>
   </keywords>
   <keywords>
      <text FeatureID="-1">stillingar forrits</text>
      <target FeatureID="-1" href="CP_HLP_APPILICATION_SETTINGS.html">Stillingar forrits</target>
   </keywords>
   <keywords>
      <text FeatureID="-1">símtöl, stillingar</text>
      <target FeatureID="-1" href="SCP_HLP_CALL.html">Símtalsstillingar</target>
   </keywords>
   <keywords>
      <text FeatureID="-1">stillingar, símtöl</text>
      <target FeatureID="-1" href="SCP_HLP_CALL.html">Símtalsstillingar</target>
   </keywords>
   <keywords>
      <text FeatureID="-1">tenging</text>
      <target FeatureID="-1" href="CP_HLP_CONNECTIVITY.html">Stillingar tengingar</target>
   </keywords>
   <keywords>
      <text FeatureID="-1">stjórnborð</text>
      <target FeatureID="-1" href="CP_HLP_DISPLAY.html">Skjástillingar</target>
      <target FeatureID="-1" href="CP_HLP_IDLE.html">Heimaskjár</target>
      <target FeatureID="__DUAL_LANGUAGE_SUPPORT=true" href="CP_HLP_WRITING_LANGUAGE.html">Tungumál texta</target>
   </keywords>
   <keywords>
      <text FeatureID="-1">skjástillingar</text>
      <target FeatureID="-1" href="CP_HLP_DISPLAY.html">Skjástillingar</target>
   </keywords>
   <keywords>
      <text FeatureID="-1">almennar stillingar</text>
      <target FeatureID="-1" href="CP_HLP_DEVICE.html">Stillingar tækis</target>
   </keywords>
   <keywords>
      <text FeatureID="-1">stillingar tækis</text>
      <target FeatureID="-1" href="CP_HLP_DEVICE.html">Stillingar tækis</target>
   </keywords>
   <keywords>
      <text FeatureID="-1">tungumálastillingar</text>
      <target FeatureID="-1" href="CP_HLP_LANGUAGE.html">Tungumálastillingar</target>
   </keywords>
   <keywords>
      <text FeatureID="-1">stillingar</text>
      <target FeatureID="-1" href="CP_HLP_MAIN_VIEW.html">Stillingar</target>
   </keywords>
   <keywords>
      <text FeatureID="-1">stillingar símkerfis</text>
      <target FeatureID="-1" href="CP_HLP_NETWORK.html">Stillingar símkerfis</target>
      <target FeatureID="-1" href="CP_HLP_NETWORK.html">Stillingar símkerfis</target>
   </keywords>
   <keywords>
      <text FeatureID="-1">snið</text>
      <target FeatureID="-1" href="CP_HLP_PERSONAL.html">Sérsniðinn skjár</target>
   </keywords>
   <keywords>
      <text FeatureID="-1">þema</text>
      <target FeatureID="-1" href="CP_HLP_PERSONAL.html">Sérsniðinn skjár</target>
   </keywords>
   <keywords>
      <text FeatureID="-1">biðstaða</text>
      <target FeatureID="-1" href="CP_HLP_PERSONAL.html">Sérsniðinn skjár</target>
   </keywords>
   <keywords>
      <text FeatureID="-1">öryggi, stillingar</text>
      <target FeatureID="-1" href="CP_HLP_SECURITY.html">Öryggisstillingar</target>
   </keywords>
   <keywords>
      <text FeatureID="-1">stillingar, öryggi</text>
      <target FeatureID="-1" href="CP_HLP_SECURITY.html">Öryggisstillingar</target>
   </keywords>
   <keywords>
      <text FeatureID="-1">tæki, læsing</text>
      <target FeatureID="-1" href="SET_HLP_SECURITY_DEVICE_SIM.html">Öryggi tækisins</target>
   </keywords>
   <keywords>
      <text FeatureID="-1">öryggi</text>
      <target FeatureID="-1" href="SET_HLP_SECURITY_DEVICE_SIM.html">Öryggi tækisins</target>
   </keywords>
   <keywords>
      <text FeatureID="-1">stillingar heimaskjás</text>
      <target FeatureID="-1" href="CP_HLP_IDLE.html">Heimaskjár</target>
   </keywords>
   <keywords>
      <text FeatureID="__DUAL_LANGUAGE_SUPPORT=true">skriftungumál</text>
      <target FeatureID="__DUAL_LANGUAGE_SUPPORT=true" href="CP_HLP_WRITING_LANGUAGE.html">Tungumál texta</target>
   </keywords>
   <keywords>
      <text FeatureID="-1">tilkynningaljós</text>
      <target FeatureID="-1" href="ES_HLP_LIGHT_MAIN.html">Tilkynningaljós</target>
      <target FeatureID="-1" href="ES_HLP_LIGHT_BLINKING.html">Stillingar fyrir tilkynningaljós</target>
   </keywords>
   <keywords>
      <text FeatureID="-1">stillingar aukabúnaðar</text>
      <target FeatureID="-1" href="SET_HLP_ACCESSORIES_LIST.html">Stillingar aukabúnaðar</target>
      <target FeatureID="-1" href="SET_HLP_ACCESSORIES_HEADSET.html">Stillingar höfuðtóls</target>
      <target FeatureID="true_1032" href="SET_HLP_ACCESSORIES_TTY.html">Stillingar textasíma</target>
      <target FeatureID="true_1540" href="SET_HLP_ACCESSORIES_TVOUT.html">Stillingar sjónvarpsúttaks</target>
   </keywords>
   <keywords>
      <text FeatureID="-1">aðgangsst. pakkagagna</text>
      <target FeatureID="-1" href="SET_HLP_AP_SETTING_GPRS.html">Aðgangsst. pakkagagna</target>
   </keywords>
   <keywords>
      <text FeatureID="-1">stillingar pakkagagna</text>
      <target FeatureID="-1" href="SET_HLP_AP_SETTING_GPRS_AS.html">Frekari still. pakkagagna</target>
   </keywords>
   <keywords>
      <text FeatureID="-1">aðgangsstaðir fyrir pakkagögn</text>
      <target FeatureID="-1" href="SET_HLP_AP_SETTING_GPRS_AS.html">Frekari still. pakkagagna</target>
   </keywords>
   <keywords>
      <text FeatureID="true_1088 true_110">aðgangsstaðir gagnasímtala</text>
      <target FeatureID="true_110" href="SET_HLP_AP_DATA_AS_IPV4.html">Stillingar IPv4 gagnasímtala</target>
      <target FeatureID="true_1088" href="SET_HLP_AP_DATA_AS_IPV6.html">Stillingar IPv6 gagnasímtala</target>
      <target FeatureID="true_110" href="SET_HLP_AP_SETTING_DATA_AS.html">Frekari stillingar gagnasímtala</target>
   </keywords>
   <keywords>
      <text FeatureID="true_110">stillingar aðgangsstaða</text>
      <target FeatureID="true_110" href="SET_HLP_AP_SETTING_DATA.html">Aðgangsst. gagnasímtala</target>
      <target FeatureID="true_110" href="SET_HLP_AP_SETTING_DATA_AS.html">Frekari stillingar gagnasímtala</target>
   </keywords>
   <keywords>
      <text FeatureID="true_110">stillingar gagnasímtala</text>
      <target FeatureID="true_110" href="SET_HLP_AP_SETTING_DATA.html">Aðgangsst. gagnasímtala</target>
   </keywords>
   <keywords>
      <text FeatureID="-1">VPN (virtual private network)</text>
      <target FeatureID="-1" href="SET_HLP_VPN_AP_SETTINGS_VIEW.html">VPN-aðgangsstöðum breytt</target>
   </keywords>
   <keywords>
      <text FeatureID="-1">takkavari</text>
      <target FeatureID="-1" href="CP_HLP_AUTOKEYGUARD.html">Sjálfvirkur takkavari</target>
   </keywords>
   <keywords>
      <text FeatureID="true_1537">ytri diskar</text>
      <target FeatureID="true_1537" href="RD_HLP_REMOTE_DRIVE_CONFIG.html">Stillingar ytri disks</target>
      <target FeatureID="true_1537" href="RD_HLP_REMOTE_DRIVES.html">Ytri diskar</target>
   </keywords>
   <keywords>
      <text FeatureID="-1">útilokun símtala</text>
      <target FeatureID="-1" href="SET_HLP_BARRING_SETTINGS.html">Útiloka símtöl</target>
      <target FeatureID="true_298" href="DIV_HLP_BARRING_MAIN.html">Símtöl útilokuð</target>
   </keywords>
   <keywords>
      <text FeatureID="-1">útiloka símtöl</text>
      <target FeatureID="-1" href="SET_HLP_BARRING_SETTINGS.html">Útiloka símtöl</target>
      <target FeatureID="true_298" href="DIV_HLP_BARRING_MAIN.html">Símtöl útilokuð</target>
   </keywords>
   <keywords>
      <text FeatureID="-1">símtöl flutt</text>
      <target FeatureID="-1" href="DIV_HLP_CALL_FORW_MAIN.html">Símtalsflutningur</target>
      <target FeatureID="-1" href="DIV_HLP_CALL_FORW_VOI.html">Símtalsflutningur</target>
   </keywords>
   <keywords>
      <text FeatureID="-1">framsending símtala</text>
      <target FeatureID="-1" href="DIV_HLP_CALL_FORW_MAIN.html">Símtalsflutningur</target>
   </keywords>
   <keywords>
      <text FeatureID="-1">stillingar samstillingar</text>
      <target FeatureID="-1" href="CP_HLP_SYNCHRONISATION.html">Samstillingar</target>
   </keywords>
   <keywords>
      <text FeatureID="-1">uppsetning forrita</text>
      <target FeatureID="-1" href="CP_HLP_INSTALLATIONS.html">Uppsetning</target>
   </keywords>
   <keywords>
      <text FeatureID="-1">stillingar heyrnartóla</text>
      <target FeatureID="-1" href="SET_HLP_ACCESSORIES_HEADPHONE.html">Stillingar heyrnartóla</target>
   </keywords>
   <keywords>
      <text FeatureID="-1">stillingar aukahluta</text>
      <target FeatureID="-1" href="SET_HLP_ACCESSORIES_HEADPHONE.html">Stillingar heyrnartóla</target>
      <target FeatureID="-1" href="SET_HLP_ACCESS_WIRED_CK.html">Bílbúnaður með snúru</target>
   </keywords>
   <keywords>
      <text FeatureID="-1">stillingar höfuðtóls</text>
      <target FeatureID="-1" href="SET_HLP_ACCESSORIES_HEADSET.html">Stillingar höfuðtóls</target>
   </keywords>
   <keywords>
      <text FeatureID="-1">stilling­ar snúru­búnað­ar</text>
      <target FeatureID="-1" href="SET_HLP_ACCESS_WIRED_CK.html">Bílbúnaður með snúru</target>
   </keywords>
   <keywords>
      <text FeatureID="-1">stillingar bílbúnaðar</text>
      <target FeatureID="-1" href="SET_HLP_ACCESS_WIRED_CK.html">Bílbúnaður með snúru</target>
   </keywords>
   <keywords>
      <text FeatureID="-1">stillingar, tónl.standur</text>
      <target FeatureID="-1" href="SET_HLP_ACCESSORIES_MUSIC_ST.html">Stillingar tónlistarstands</target>
   </keywords>
   <keywords>
      <text FeatureID="true_1032">Stillingar TTY</text>
      <target FeatureID="true_1032" href="SET_HLP_ACCESSORIES_TTY.html">Stillingar textasíma</target>
   </keywords>
   <keywords>
      <text FeatureID="true_1032">Stillingar TDD</text>
      <target FeatureID="true_1032" href="SET_HLP_ACCESSORIES_TTY.html">Stillingar textasíma</target>
   </keywords>
   <keywords>
      <text FeatureID="true_1540">stillingar sjónvarpsúttaks</text>
      <target FeatureID="true_1540" href="SET_HLP_ACCESSORIES_TVOUT.html">Stillingar sjónvarpsúttaks</target>
   </keywords>
</keywords>