<?xml version="1.0" encoding="UTF-8"?>
<keywords>
   <keywords>
      <text FeatureID="-1">επεξεργασία εικόνων</text>
      <target FeatureID="-1" href="SIE_HLP_MAIN.html">Επεξεργασία εικόνων</target>
   </keywords>
   <keywords>
      <text FeatureID="-1">επεξεργασία κειμένου</text>
      <target FeatureID="-1" href="SIE_HLP_EDIT_TEXT.html">Επεξεργασία κειμένου σε εικόνες</target>
   </keywords>
   <keywords>
      <text FeatureID="-1">επεξεργασία εικόνας</text>
      <target FeatureID="-1" href="SIE_HLP_EDIT_TEXT.html">Επεξεργασία κειμένου σε εικόνες</target>
   </keywords>
   <keywords>
      <text FeatureID="-1">επεξεργασία μεγεθυμένων εικόνων</text>
      <target FeatureID="-1" href="SIE_HLP_ZOOMING.html">Επεξεργασία μεγεθυμένων εικόνων</target>
   </keywords>
   <keywords>
      <text FeatureID="-1">μεγέθυνση εικόνων</text>
      <target FeatureID="-1" href="SIE_HLP_ZOOMING.html">Επεξεργασία μεγεθυμένων εικόνων</target>
   </keywords>
   <keywords>
      <text FeatureID="-1">επεξεργασία εικόνας clip art</text>
      <target FeatureID="-1" href="SIE_HLP_EDIT_CLIPART.html">Επεξεργασία εικόνας clip art</target>
   </keywords>
   <keywords>
      <text FeatureID="-1">επεξεργασία πλαισίων ομιλίας</text>
      <target FeatureID="-1" href="SIE_HLP_EDIT_CLIPART.html">Επεξεργασία εικόνας clip art</target>
   </keywords>
   <keywords>
      <text FeatureID="-1">μείωση του φαινομένου των κόκκινων ματιών</text>
      <target FeatureID="-1" href="SIE_HLP_REDEYE.html">Μείωση του φαινομένου των κόκκινων ματιών</target>
   </keywords>
</keywords>