<?xml version="1.0" encoding="UTF-8"?>
<keywords>
   <keywords>
      <text FeatureID="-1">descifrado, tarxeta de memoria</text>
      <target FeatureID="-1" href="ES_HLP_ENCRYPTION_DECRYPT.html">Descifrar a tarxeta de memoria</target>
   </keywords>
   <keywords>
      <text FeatureID="-1">cifrado, tarxeta de memoria</text>
      <target FeatureID="-1" href="ES_HLP_ENCRYPTION_ENCRYPT.html">Cifrar a tarxeta de memoria</target>
   </keywords>
   <keywords>
      <text FeatureID="-1">cifrado, memoria do dispositivo e tarxeta de memoria</text>
      <target FeatureID="-1" href="ES_HLP_ENCRYPTION_MAIN.html">Cifrar ou descifrar</target>
   </keywords>
   <keywords>
      <text FeatureID="-1">descifrado, memoria do dispositivo e tarxeta de memoria</text>
      <target FeatureID="-1" href="ES_HLP_ENCRYPTION_MAIN.html">Cifrar ou descifrar</target>
   </keywords>
</keywords>