<?xml version="1.0" encoding="UTF-8"?>
<keywords>
   <keywords>
      <text FeatureID="-1">Mail for Exchange</text>
      <target FeatureID="-1" href="FSE_HLP_MFE_LAUNCHER_MAIN_VIEW.html">E-Mail mit Mail for Exchange</target>
   </keywords>
   <keywords>
      <text FeatureID="-1">erweiterte Mailbox-Einstellungen</text>
      <target FeatureID="-1" href="FSE_HLP_MFE_SETTINGS_ADVANCED.html">Erweiterte Einstellungen für die Mailbox</target>
   </keywords>
   <keywords>
      <text FeatureID="-1">E-Mail-Synchronisationseinstellungen</text>
      <target FeatureID="-1" href="FSE_HLP_MFE_SETTINGS_PIM_APPS.html">Einstellungen für die Programm-Synchronisation</target>
   </keywords>
   <keywords>
      <text FeatureID="-1">Kalendersynchronisation</text>
      <target FeatureID="-1" href="FSE_HLP_MFE_CALENDAR_APP.html">Einstellungen für die Kalendersynchronisation</target>
   </keywords>
   <keywords>
      <text FeatureID="-1">Kontaktsynchronisation,</text>
      <target FeatureID="-1" href="FSE_HLP_MFE_CONTACTS_APP.html">Einstellungen für die Adressbuchsynchronisation</target>
   </keywords>
   <keywords>
      <text FeatureID="-1">Postfach-Einst.</text>
      <target FeatureID="-1" href="FSE_HLP_MFE_SETTINGS_MAILBOX.html">Allgemeine Mailbox-Einstellungen</target>
   </keywords>
   <keywords>
      <text FeatureID="-1">E-Mail-Synchronisationsinhalt</text>
      <target FeatureID="-1" href="FSE_HLP_MFE_SETTINGS_WHAT_SYNC.html">Auswählen von Synchronisationsinhalten</target>
   </keywords>
   <keywords>
      <text FeatureID="-1">E-Mail-Synchronisationszeit</text>
      <target FeatureID="-1" href="FSE_HLP_MFE_SETTINGS_WHEN_SYNC.html">Auswählen der Synchronisationszeit</target>
   </keywords>
   <keywords>
      <text FeatureID="-1">E-Mail-Ordner-Synchronisation</text>
      <target FeatureID="-1" href="FSE_HLP_MFE_SETTINGS_FOLDER.html">Synchronisationseinstellungen</target>
   </keywords>
   <keywords>
      <text FeatureID="-1">E-Mail-Einstellungen</text>
      <target FeatureID="-1" href="FSE_HLP_MFE_SETTINGS_MAIN_VIEW.html">Einstellungen für E-Mail</target>
   </keywords>
   <keywords>
      <text FeatureID="-1">Synchronisation von Aufgabeneinträgen</text>
      <target FeatureID="-1" href="FSE_HLP_MFE_TASKS_APP.html">Einstellungen für die Aufgabensynchronisation</target>
   </keywords>
</keywords>