<?xml version="1.0" encoding="UTF-8"?>
<keywords>
   <keywords>
      <text FeatureID="-1">edición de notas</text>
      <target FeatureID="-1" href="NMAKE_HLP_MEMO_VIEWER_EDIT.html">Edición de notas nas aplicacións</target>
   </keywords>
   <keywords>
      <text FeatureID="-1">recepción de notas</text>
      <target FeatureID="-1" href="NMAKE_HLP_MEMO_VIEWER.html">Ver notas recibidas</target>
   </keywords>
   <keywords>
      <text FeatureID="-1">modelos de mensaxe</text>
      <target FeatureID="-1" href="NMAKE_HLP_TEMPLATE_EDITOR.html">Redacción de modelos de mensaxe</target>
   </keywords>
   <keywords>
      <text FeatureID="-1">creación de modelos de mensaxe</text>
      <target FeatureID="-1" href="NMAKE_HLP_TEMPLATE_EDITOR.html">Redacción de modelos de mensaxe</target>
   </keywords>
   <keywords>
      <text FeatureID="-1">redacción de modelos de mensaxe</text>
      <target FeatureID="-1" href="NMAKE_HLP_TEMPLATE_EDITOR.html">Redacción de modelos de mensaxe</target>
   </keywords>
   <keywords>
      <text FeatureID="-1">lista de notas</text>
      <target FeatureID="-1" href="NMAKE_HLP_MEMO_LIST.html">Lista de notas</target>
   </keywords>
   <keywords>
      <text FeatureID="-1">redacción de notas</text>
      <target FeatureID="-1" href="NMAKE_HLP_MEMO_LIST.html">Lista de notas</target>
      <target FeatureID="-1" href="NMAKE_HLP_MEMO_EDITOR_APPS.html">Redacción de notas nas aplicacións</target>
      <target FeatureID="-1" href="NMAKE_HLP_MEMO_EDITOR.html">Redacción de notas</target>
   </keywords>
</keywords>