<?xml version="1.0" encoding="UTF-8"?><?xml-stylesheet  href="../../theme/xsl/index2html.xslt" type="text/xsl"?>
<topics FeatureID="-1" title="Kalender" compressed="true">
   <topicref FeatureID="-1" href="CALE_HLP_NOTE_ANNIVERSARY.html" navtitle="Tähtpäevakirjed"/>
   <topicref FeatureID="-1" href="CALE_HLP_NOTE_VIEWER.html" navtitle="Kalendrikirjed"/>
   <topicref FeatureID="-1" href="CALE_HLP_SETTINGS.html" navtitle="Kalendri seaded"/>
   <topicref FeatureID="-1" href="CALE_HLP_DAY_VIEW.html" navtitle="Päevavaade"/>
   <topicref FeatureID="-1" href="CALE_HLP_NOTE_MEETING.html" navtitle="Koosolekukirjed"/>
   <topicref FeatureID="-1" href="CALE_HLP_NOTE_DAY.html" navtitle="Meeldetuletused"/>
   <topicref FeatureID="-1" href="CALE_HLP_MONTH_VIEW.html" navtitle="Kuuvaade"/>
   <topicref FeatureID="-1" href="CALE_HLP_TODO_NOTE.html" navtitle="Ülesandekirjed"/>
   <topicref FeatureID="-1" href="CALE_HLP_TODO_VIEW.html" navtitle="Ülesandevaade"/>
   <topicref FeatureID="-1" href="CALE_HLP_WEEK_VIEW.html" navtitle="Nädalavaade"/>
</topics>