<?xml version="1.0" encoding="UTF-8"?>
<keywords>
   <keywords>
      <text FeatureID="-1">kalender</text>
      <target FeatureID="-1" href="CALE_HLP_NOTE_VIEWER.html">Kalendrikirjed</target>
      <target FeatureID="-1" href="CALE_HLP_DAY_VIEW.html">Päevavaade</target>
      <target FeatureID="-1" href="CALE_HLP_NOTE_MEETING.html">Koosolekukirjed</target>
      <target FeatureID="-1" href="CALE_HLP_MONTH_VIEW.html">Kuuvaade</target>
      <target FeatureID="-1" href="CALE_HLP_TODO_NOTE.html">Ülesandekirjed</target>
      <target FeatureID="-1" href="CALE_HLP_TODO_VIEW.html">Ülesandevaade</target>
      <target FeatureID="-1" href="CALE_HLP_WEEK_VIEW.html">Nädalavaade</target>
      <target FeatureID="-1" href="CALE_HLP_CALENDAR_DATABASE_SETTINGS.html">Mitme kalendri seaded</target>
      <target FeatureID="-1" href="CALE_HLP_CALE_MAN_VIEW.html">Kalendrihaldusvaade</target>
      <target FeatureID="-1" href="CALE_HLP_ATTACH_VIEW.html">Manusevaade</target>
      <target FeatureID="-1" href="CALE_HLP_MAV.html">Aegunud märguannete vaade</target>
   </keywords>
   <keywords>
      <text FeatureID="-1">koosolekud</text>
      <target FeatureID="-1" href="CALE_HLP_NOTE_VIEWER.html">Kalendrikirjed</target>
      <target FeatureID="-1" href="CALE_HLP_NOTE_MEETING.html">Koosolekukirjed</target>
   </keywords>
   <keywords>
      <text FeatureID="-1">ülesandekirjed</text>
      <target FeatureID="-1" href="CALE_HLP_NOTE_VIEWER.html">Kalendrikirjed</target>
      <target FeatureID="-1" href="CALE_HLP_TODO_NOTE.html">Ülesandekirjed</target>
   </keywords>
   <keywords>
      <text FeatureID="-1">kalendri seaded</text>
      <target FeatureID="-1" href="CALE_HLP_SETTINGS.html">Kalendri seaded</target>
   </keywords>
   <keywords>
      <text FeatureID="-1">ülesandeloend</text>
      <target FeatureID="-1" href="CALE_HLP_TODO_VIEW.html">Ülesandevaade</target>
   </keywords>
   <keywords>
      <text FeatureID="-1">seaded, kalender</text>
      <target FeatureID="-1" href="CALE_HLP_CALENDAR_DATABASE_SETTINGS.html">Mitme kalendri seaded</target>
   </keywords>
   <keywords>
      <text FeatureID="-1">manused</text>
      <target FeatureID="-1" href="CALE_HLP_ATTACH_VIEW.html">Manusevaade</target>
   </keywords>
   <keywords>
      <text FeatureID="-1">märguanded, kalendrimärge</text>
      <target FeatureID="-1" href="CALE_HLP_MAV.html">Aegunud märguannete vaade</target>
   </keywords>
</keywords>