<?xml version="1.0" encoding="UTF-8"?>
<keywords>
   <keywords>
      <text FeatureID="-1">üzenetek küldése</text>
      <target FeatureID="-1" href="UNIFIED_HLP_EDITOR.html">Üzenetek létrehozása</target>
   </keywords>
   <keywords>
      <text FeatureID="-1">üzenetszerkesztő</text>
      <target FeatureID="-1" href="UNIFIED_HLP_EDITOR.html">Üzenetek létrehozása</target>
   </keywords>
   <keywords>
      <text FeatureID="-1">üzenetek</text>
      <target FeatureID="-1" href="UNIFIED_HLP_SENDING_OPTIONS.html">Küldési beállít.</target>
   </keywords>
   <keywords>
      <text FeatureID="-1">küldési beállítások</text>
      <target FeatureID="-1" href="UNIFIED_HLP_SENDING_OPTIONS.html">Küldési beállít.</target>
   </keywords>
   <keywords>
      <text FeatureID="-1">média objektumok</text>
      <target FeatureID="-1" href="UNIFIED_HLP_ED_OBJECTS.html">Beérk. médiaobjektumok</target>
   </keywords>
   <keywords>
      <text FeatureID="-1">multimédia objektumok</text>
      <target FeatureID="-1" href="UNIFIED_HLP_ED_OBJECTS.html">Beérk. médiaobjektumok</target>
   </keywords>
</keywords>