<?xml version="1.0" encoding="UTF-8"?>
<keywords>
   <keywords>
      <text FeatureID="-1">radio</text>
      <target FeatureID="-1" href="FMRADIO_HLP_MAIN.html">Radio klausīšanās</target>
      <target FeatureID="-1" href="FMRADIO_HLP_SEARCH.html">Staciju meklēšana</target>
      <target FeatureID="-1" href="FMRADIO_HLP_LIST.html"> Radiostaciju pārvaldīšana</target>
   </keywords>
   <keywords>
      <text FeatureID="-1">FM radio</text>
      <target FeatureID="-1" href="FMRADIO_HLP_MAIN.html">Radio klausīšanās</target>
      <target FeatureID="-1" href="FMRADIO_HLP_SEARCH.html">Staciju meklēšana</target>
      <target FeatureID="-1" href="FMRADIO_HLP_LIST.html"> Radiostaciju pārvaldīšana</target>
   </keywords>
</keywords>