<?xml version="1.0" encoding="UTF-8"?><?xml-stylesheet  href="../../theme/xsl/index2html.xslt" type="text/xsl"?>
<topics FeatureID="-1" title="Video snimci i TV" compressed="true">
   <topicref FeatureID="-1" href="IPTV_HLP_MAIN_STATE.html" navtitle="Video snimci i TV"/>
   <topicref FeatureID="-1" href="IPTV_HLP_VODCAST_MAIN.html" navtitle="Video izvodi"/>
   <topicref FeatureID="-1" href="IPTV_HLP_SERVICE_SELECTION_VOD.html" navtitle="Izbor video servisa"/>
   <topicref FeatureID="-1" href="IPTV_HLP_VOD_CATEGORIES.html" navtitle="Video kategorije"/>
   <topicref FeatureID="-1" href="IPTV_HLP_VOD.html" navtitle="Prikaz i preuzimanje video snimaka"/>
   <topicref FeatureID="-1" href="IPTV_HLP_SCHEDULE_DOWNLOAD.html" navtitle="Raspored preuzimanja"/>
   <topicref FeatureID="-1" href="IPTV_HLP_STORAGE.html" navtitle="Moji video zapisi"/>
   <topicref FeatureID="-1" href="IPTV_HLP_SETTINGS.html" navtitle="Podešavanja aplikacije Video snimci i TV"/>
   <topicref FeatureID="-1" href="IPTV_HLP_SERVICE_SEL_VODCAST.html" navtitle="Izbor video izvoda"/>
   <topicref FeatureID="-1" href="IPTV_HLP_ADD_SERVICE.html" navtitle="Dodavanje video izvoda"/>
</topics>