<?xml version="1.0" encoding="UTF-8"?>
<keywords>
   <keywords>
      <text FeatureID="-1">video snimci i TV</text>
      <target FeatureID="-1" href="IPTV_HLP_MAIN_STATE.html">Video snimci i TV</target>
      <target FeatureID="-1" href="IPTV_HLP_VODCAST_MAIN.html">Video izvodi</target>
      <target FeatureID="-1" href="IPTV_HLP_SERVICE_SELECTION_VOD.html">Izbor video servisa</target>
      <target FeatureID="-1" href="IPTV_HLP_VOD_CATEGORIES.html">Video kategorije</target>
      <target FeatureID="-1" href="IPTV_HLP_VOD.html">Prikaz i preuzimanje video snimaka</target>
      <target FeatureID="-1" href="IPTV_HLP_SCHEDULE_DOWNLOAD.html">Raspored preuzimanja</target>
      <target FeatureID="-1" href="IPTV_HLP_STORAGE.html">Moji video zapisi</target>
      <target FeatureID="-1" href="IPTV_HLP_SERVICE_SEL_VODCAST.html">Izbor video izvoda</target>
      <target FeatureID="-1" href="IPTV_HLP_ADD_SERVICE.html">Dodavanje video izvoda</target>
   </keywords>
   <keywords>
      <text FeatureID="-1">video izvodi</text>
      <target FeatureID="-1" href="IPTV_HLP_VODCAST_MAIN.html">Video izvodi</target>
      <target FeatureID="-1" href="IPTV_HLP_VOD_CATEGORIES.html">Video kategorije</target>
      <target FeatureID="-1" href="IPTV_HLP_SERVICE_SEL_VODCAST.html">Izbor video izvoda</target>
      <target FeatureID="-1" href="IPTV_HLP_ADD_SERVICE.html">Dodavanje video izvoda</target>
   </keywords>
   <keywords>
      <text FeatureID="-1">preuzimanja, video snimci</text>
      <target FeatureID="-1" href="IPTV_HLP_VOD.html">Prikaz i preuzimanje video snimaka</target>
      <target FeatureID="-1" href="IPTV_HLP_SCHEDULE_DOWNLOAD.html">Raspored preuzimanja</target>
   </keywords>
   <keywords>
      <text FeatureID="-1">video snimci i TV, podešavanja</text>
      <target FeatureID="-1" href="IPTV_HLP_SETTINGS.html">Podešavanja aplikacije Video snimci i TV</target>
   </keywords>
   <keywords>
      <text FeatureID="-1">podešavanja, video</text>
      <target FeatureID="-1" href="IPTV_HLP_SETTINGS.html">Podešavanja aplikacije Video snimci i TV</target>
   </keywords>
</keywords>