<?xml version="1.0" encoding="UTF-8"?>
<keywords>
   <keywords>
      <text FeatureID="-1">certificats d'authentification</text>
      <target FeatureID="-1" href="CM_HLP_AUTHORITY.html">Certificats d’authentification</target>
   </keywords>
   <keywords>
      <text FeatureID="-1">certificats</text>
      <target FeatureID="-1" href="CM_HLP_AUTHORITY.html">Certificats d’authentification</target>
      <target FeatureID="-1" href="CM_HLP_DEVICE.html">Certificats de l’appareil</target>
      <target FeatureID="-1" href="CM_HLP_MAIN.html">Gestion des certificats</target>
      <target FeatureID="-1" href="CM_HLP_PERSONAL.html">Certificats personnels</target>
      <target FeatureID="-1" href="CM_HLP_TRUSTED_SITE.html">Certificats de site sécurisé</target>
      <target FeatureID="-1" href="CM_HLP_TRUST_SETTINGS.html">Modifier les paramètres de confiance</target>
   </keywords>
   <keywords>
      <text FeatureID="-1">certificats de sécurité</text>
      <target FeatureID="-1" href="CM_HLP_AUTHORITY.html">Certificats d’authentification</target>
      <target FeatureID="-1" href="CM_HLP_MAIN.html">Gestion des certificats</target>
   </keywords>
   <keywords>
      <text FeatureID="-1">certificats de l’appareil</text>
      <target FeatureID="-1" href="CM_HLP_DEVICE.html">Certificats de l’appareil</target>
   </keywords>
   <keywords>
      <text FeatureID="-1">certificats personnels</text>
      <target FeatureID="-1" href="CM_HLP_PERSONAL.html">Certificats personnels</target>
   </keywords>
   <keywords>
      <text FeatureID="-1">certificats de site sécurisé</text>
      <target FeatureID="-1" href="CM_HLP_TRUSTED_SITE.html">Certificats de site sécurisé</target>
   </keywords>
   <keywords>
      <text FeatureID="-1">paramètres de confiance</text>
      <target FeatureID="-1" href="CM_HLP_TRUST_SETTINGS.html">Modifier les paramètres de confiance</target>
   </keywords>
</keywords>