<?xml version="1.0" encoding="UTF-8"?>
<keywords>
   <keywords>
      <text FeatureID="true_11008 false_11008">gailua erregistratzea</text>
      <target FeatureID="true_11008" href="DRM_HLP_REGISTRATION_METERING.html">Gailua erregistratzea</target>
      <target FeatureID="false_11008" href="DRM_HLP_REGISTRATION.html">Gailua erregistratzea</target>
   </keywords>
   <keywords>
      <text FeatureID="true_11008">isilpeko eskubideak eskuratzea</text>
      <target FeatureID="true_11008" href="DRM_HLP_REGISTRATION_METERING.html">Gailua erregistratzea</target>
   </keywords>
   <keywords>
      <text FeatureID="true_11008">neurketa</text>
      <target FeatureID="true_11008" href="DRM_HLP_REGISTRATION_METERING.html">Gailua erregistratzea</target>
   </keywords>
</keywords>