<?xml version="1.0" encoding="UTF-8"?>
<keywords>
   <keywords>
      <text FeatureID="-1">päivitys, ohjelmisto</text>
      <target FeatureID="-1" href="SWUPDATE_HLP_MAIN.html">Ohjelmistopäivitys</target>
   </keywords>
   <keywords>
      <text FeatureID="-1">ohjelmiston päivitys</text>
      <target FeatureID="-1" href="SWUPDATE_HLP_MAIN.html">Ohjelmistopäivitys</target>
   </keywords>
   <keywords>
      <text FeatureID="-1">ohjelmistopäivityksen asetukset</text>
      <target FeatureID="-1" href="SWUPDATE_HLP_SETTINGS.html">Ohjelmistopäivityksen aset.</target>
   </keywords>
</keywords>