<?xml version="1.0" encoding="UTF-8"?>
<keywords>
   <keywords>
      <text FeatureID="-1">Quickoffice, менеджер файлів</text>
      <target FeatureID="-1" href="QFM_HLP_FILE_MENU.html">Менеджер файлів</target>
   </keywords>
   <keywords>
      <text FeatureID="-1">Quickoffice</text>
      <target FeatureID="-1" href="QFM_HLP_LOC_MENU.html">Quickoffice</target>
   </keywords>
   <keywords>
      <text FeatureID="-1">Quickpoint</text>
      <target FeatureID="-1" href="QPOINT_HLP_EDIT_SLIDE_VIEW.html">Редагування слайдів</target>
      <target FeatureID="-1" href="QPOINT_HLP_REPLACE_VIEW.html">Пошук і заміна тексту</target>
      <target FeatureID="-1" href="QPOINT_HLP_FIND_VIEW.html">Пошук тексту</target>
      <target FeatureID="-1" href="QPOINT_HLP_VIEW_SLIDE_VIEW.html">Перегляд слайдів</target>
   </keywords>
   <keywords>
      <text FeatureID="-1">Quickpoint, текст</text>
      <target FeatureID="-1" href="QPOINT_HLP_EDIT_TEXT_VIEW.html">Редагування тексту</target>
   </keywords>
   <keywords>
      <text FeatureID="-1">Quickpoint, коментарі</text>
      <target FeatureID="-1" href="QPOINT_HLP_COMMENT_VIEW.html">Перегляд коментарів</target>
   </keywords>
   <keywords>
      <text FeatureID="-1">Quickpoint, нотатки</text>
      <target FeatureID="-1" href="QPOINT_HLP_VIEW_NOTES_VIEW.html">Перегляд нотаток</target>
   </keywords>
   <keywords>
      <text FeatureID="-1">Quickpoint, структури</text>
      <target FeatureID="-1" href="QPOINT_HLP_VIEW_OUTLINE_VIEW.html">Перегляд структури</target>
   </keywords>
   <keywords>
      <text FeatureID="-1">Quicksheet, комірки</text>
      <target FeatureID="-1" href="QSHEET_HLP_CELLS_EDIT.html">Редагування комірок</target>
      <target FeatureID="-1" href="QSHEET_HLP_VIEW_CELL.html">Перегляд комірок</target>
   </keywords>
   <keywords>
      <text FeatureID="-1">Quicksheet, стовпчики</text>
      <target FeatureID="-1" href="QSHEET_HLP_EDIT_COLUMN.html">Редагування стовпчиків</target>
   </keywords>
   <keywords>
      <text FeatureID="-1">Quicksheet, діапазони</text>
      <target FeatureID="-1" href="QSHEET_HLP_EDIT_RANGE.html">Редагування діапазонів</target>
   </keywords>
   <keywords>
      <text FeatureID="-1">Quicksheet, рядки</text>
      <target FeatureID="-1" href="QSHEET_HLP_EDIT_ROW.html">Редагування рядків</target>
   </keywords>
   <keywords>
      <text FeatureID="-1">Quicksheet</text>
      <target FeatureID="-1" href="QSHEET_HLP_REPLACE_VIEW.html">Пошук і заміна тексту</target>
      <target FeatureID="-1" href="QSHEET_HLP_FIND_VIEW.html">Пошук тексту</target>
      <target FeatureID="-1" href="QSHEET_HLP_CELLS_VIEW.html">Перегляд таблиць</target>
   </keywords>
   <keywords>
      <text FeatureID="-1">Quickword</text>
      <target FeatureID="-1" href="QWORD_HLP_EDIT_MODE.html">Редагування документів</target>
      <target FeatureID="-1" href="QWORD_HLP_FIND_MODE.html">Пошук і заміна тексту</target>
      <target FeatureID="-1" href="QWORD_HLP_VIEW_MODE.html">Перегляд документів</target>
      <target FeatureID="-1" href="QWORD_HLP_PAGE_VIEW.html">Перегляд розмітки сторінки</target>
   </keywords>
</keywords>