<?xml version="1.0" encoding="UTF-8"?>
<keywords>
   <keywords>
      <text FeatureID="-1">رمزگشایی, کارت حافظه</text>
      <target FeatureID="-1" href="ES_HLP_ENCRYPTION_DECRYPT.html">رمزگشایی کارت حافظه</target>
   </keywords>
   <keywords>
      <text FeatureID="-1">رمزگذاری, کارت حافظه</text>
      <target FeatureID="-1" href="ES_HLP_ENCRYPTION_ENCRYPT.html">رمزگذاری کارت حافظه</target>
   </keywords>
   <keywords>
      <text FeatureID="-1">رمزگذاری, حافظه دستگاه و کارت حافظه</text>
      <target FeatureID="-1" href="ES_HLP_ENCRYPTION_MAIN.html">رمزگذاری یا رمزگشایی</target>
   </keywords>
   <keywords>
      <text FeatureID="-1">رمزگشایی, حافظه دستگاه و کارت حافظه</text>
      <target FeatureID="-1" href="ES_HLP_ENCRYPTION_MAIN.html">رمزگذاری یا رمزگشایی</target>
   </keywords>
</keywords>