<?xml version="1.0" encoding="UTF-8"?><?xml-stylesheet  href="../../theme/xsl/index2html.xslt" type="text/xsl"?>
<topics FeatureID="-1" title="Quickoffice" compressed="true">
   <topicref FeatureID="-1" href="QFM_HLP_FILE_MENU.html" navtitle="Failihaldur"/>
   <topicref FeatureID="-1" href="QFM_HLP_LOC_MENU.html" navtitle="Quickoffice"/>
   <topicref FeatureID="-1" href="QPOINT_HLP_EDIT_SLIDE_VIEW.html" navtitle="Slaidide muutmine"/>
   <topicref FeatureID="-1" href="QPOINT_HLP_EDIT_TEXT_VIEW.html" navtitle="Teksti muutmine"/>
   <topicref FeatureID="-1" href="QPOINT_HLP_REPLACE_VIEW.html" navtitle="Teksti otsimine ja asendamine"/>
   <topicref FeatureID="-1" href="QPOINT_HLP_FIND_VIEW.html" navtitle="Teksti otsimine"/>
   <topicref FeatureID="-1" href="QPOINT_HLP_COMMENT_VIEW.html" navtitle="Kommentaaride kuvamine"/>
   <topicref FeatureID="-1" href="QPOINT_HLP_VIEW_NOTES_VIEW.html" navtitle="Märkmete kuvamine"/>
   <topicref FeatureID="-1" href="QPOINT_HLP_VIEW_OUTLINE_VIEW.html" navtitle="Liigenduse kuvamine"/>
   <topicref FeatureID="-1" href="QPOINT_HLP_VIEW_SLIDE_VIEW.html" navtitle="Slaidide kuvamine"/>
   <topicref FeatureID="-1" href="QSHEET_HLP_CELLS_EDIT.html" navtitle="Lahtrite muutmine"/>
   <topicref FeatureID="-1" href="QSHEET_HLP_EDIT_COLUMN.html" navtitle="Veergude muutmine"/>
   <topicref FeatureID="-1" href="QSHEET_HLP_EDIT_RANGE.html" navtitle="Vahemike muutmine"/>
   <topicref FeatureID="-1" href="QSHEET_HLP_EDIT_ROW.html" navtitle="Ridade muutmine"/>
   <topicref FeatureID="-1" href="QSHEET_HLP_REPLACE_VIEW.html" navtitle="Teksti otsimine ja asendamine"/>
   <topicref FeatureID="-1" href="QSHEET_HLP_FIND_VIEW.html" navtitle="Teksti otsimine"/>
   <topicref FeatureID="-1" href="QSHEET_HLP_VIEW_CELL.html" navtitle="Lahtrite kuvamine"/>
   <topicref FeatureID="-1" href="QSHEET_HLP_CELLS_VIEW.html" navtitle="Arvutustabelite kuvamine"/>
   <topicref FeatureID="-1" href="QWORD_HLP_EDIT_MODE.html" navtitle="Dokumentide muutmine"/>
   <topicref FeatureID="-1" href="QWORD_HLP_FIND_MODE.html" navtitle="Teksti otsimine ja asendamine"/>
   <topicref FeatureID="-1" href="QWORD_HLP_VIEW_MODE.html" navtitle="Dokumentide kuvamine"/>
   <topicref FeatureID="-1" href="QWORD_HLP_PAGE_VIEW.html" navtitle="Lehe paigutuse kuvamine"/>
</topics>