<?xml version="1.0" encoding="UTF-8"?>
<keywords>
   <keywords>
      <text FeatureID="-1">Quickoffice, failihaldur</text>
      <target FeatureID="-1" href="QFM_HLP_FILE_MENU.html">Failihaldur</target>
   </keywords>
   <keywords>
      <text FeatureID="-1">Quickoffice</text>
      <target FeatureID="-1" href="QFM_HLP_LOC_MENU.html">Quickoffice</target>
   </keywords>
   <keywords>
      <text FeatureID="-1">Quickpoint</text>
      <target FeatureID="-1" href="QPOINT_HLP_EDIT_SLIDE_VIEW.html">Slaidide muutmine</target>
      <target FeatureID="-1" href="QPOINT_HLP_REPLACE_VIEW.html">Teksti otsimine ja asendamine</target>
      <target FeatureID="-1" href="QPOINT_HLP_FIND_VIEW.html">Teksti otsimine</target>
      <target FeatureID="-1" href="QPOINT_HLP_VIEW_SLIDE_VIEW.html">Slaidide kuvamine</target>
   </keywords>
   <keywords>
      <text FeatureID="-1">Quickpoint, tekst</text>
      <target FeatureID="-1" href="QPOINT_HLP_EDIT_TEXT_VIEW.html">Teksti muutmine</target>
   </keywords>
   <keywords>
      <text FeatureID="-1">Quickpoint, kommentaarid</text>
      <target FeatureID="-1" href="QPOINT_HLP_COMMENT_VIEW.html">Kommentaaride kuvamine</target>
   </keywords>
   <keywords>
      <text FeatureID="-1">Quickpoint, märkmed</text>
      <target FeatureID="-1" href="QPOINT_HLP_VIEW_NOTES_VIEW.html">Märkmete kuvamine</target>
   </keywords>
   <keywords>
      <text FeatureID="-1">Quickpoint, liigendused</text>
      <target FeatureID="-1" href="QPOINT_HLP_VIEW_OUTLINE_VIEW.html">Liigenduse kuvamine</target>
   </keywords>
   <keywords>
      <text FeatureID="-1">Quicksheet, lahtrid</text>
      <target FeatureID="-1" href="QSHEET_HLP_CELLS_EDIT.html">Lahtrite muutmine</target>
      <target FeatureID="-1" href="QSHEET_HLP_VIEW_CELL.html">Lahtrite kuvamine</target>
   </keywords>
   <keywords>
      <text FeatureID="-1">Quicksheet, veerud</text>
      <target FeatureID="-1" href="QSHEET_HLP_EDIT_COLUMN.html">Veergude muutmine</target>
   </keywords>
   <keywords>
      <text FeatureID="-1">Quicksheet, vahemikud</text>
      <target FeatureID="-1" href="QSHEET_HLP_EDIT_RANGE.html">Vahemike muutmine</target>
   </keywords>
   <keywords>
      <text FeatureID="-1">Quicksheet, read</text>
      <target FeatureID="-1" href="QSHEET_HLP_EDIT_ROW.html">Ridade muutmine</target>
   </keywords>
   <keywords>
      <text FeatureID="-1">Quicksheet</text>
      <target FeatureID="-1" href="QSHEET_HLP_REPLACE_VIEW.html">Teksti otsimine ja asendamine</target>
      <target FeatureID="-1" href="QSHEET_HLP_FIND_VIEW.html">Teksti otsimine</target>
      <target FeatureID="-1" href="QSHEET_HLP_CELLS_VIEW.html">Arvutustabelite kuvamine</target>
   </keywords>
   <keywords>
      <text FeatureID="-1">Quickword</text>
      <target FeatureID="-1" href="QWORD_HLP_EDIT_MODE.html">Dokumentide muutmine</target>
      <target FeatureID="-1" href="QWORD_HLP_FIND_MODE.html">Teksti otsimine ja asendamine</target>
      <target FeatureID="-1" href="QWORD_HLP_VIEW_MODE.html">Dokumentide kuvamine</target>
      <target FeatureID="-1" href="QWORD_HLP_PAGE_VIEW.html">Lehe paigutuse kuvamine</target>
   </keywords>
</keywords>