<?xml version="1.0" encoding="UTF-8"?><?xml-stylesheet  href="../../theme/xsl/index2html.xslt" type="text/xsl"?>
<topics FeatureID="-1" title="التخصيص" compressed="true">
   <topicref FeatureID="-1" href="SKINS_HLP_LIST.html" navtitle="موضوعات عامة"/>
   <topicref FeatureID="-1" href="SCREENSAVER_HLP_WP_SETTINGS.html" navtitle="ضبط خلفية عرض الشرائح"/>
   <topicref FeatureID="-1" href="SKINS_HLP_WP_SETTINGS.html" navtitle="ضبط الخلفية"/>
   <topicref FeatureID="-1" href="SKINS_HLP_SCREENS_SETTINGS.html" navtitle="ضبط الشاشة المؤقتة"/>
   <topicref FeatureID="true_1503" href="SKINS_HLP_CIMAGE_SETTINGS.html" navtitle="تحديد صورة المكالمة"/>
   <topicref FeatureID="-1" href="SKINS_HLP_APPSHELL.html" navtitle="ضبط عرض القائمة"/>
   <topicref FeatureID="-1" href="SKINS_HLP_IDLE.html" navtitle="ضبط الشاشة الرئيسية"/>
   <topicref FeatureID="-1" href="SKINS_HLP_APP_MAIN.html" navtitle="تخصيص الشاشة"/>
   <topicref FeatureID="-1" href="SKINS_HLP_APPSKINS_LIST.html" navtitle="موضوعات التطبيقات"/>
</topics>