<?xml version="1.0" encoding="UTF-8"?>
<keywords>
   <keywords>
      <text FeatureID="-1">الموضوعات</text>
      <target FeatureID="-1" href="SKINS_HLP_LIST.html">موضوعات عامة</target>
      <target FeatureID="-1" href="SCREENSAVER_HLP_WP_SETTINGS.html">ضبط خلفية عرض الشرائح</target>
      <target FeatureID="-1" href="SKINS_HLP_WP_SETTINGS.html">ضبط الخلفية</target>
      <target FeatureID="true_1503" href="SKINS_HLP_CIMAGE_SETTINGS.html">تحديد صورة المكالمة</target>
      <target FeatureID="-1" href="SKINS_HLP_APPSHELL.html">ضبط عرض القائمة</target>
      <target FeatureID="-1" href="SKINS_HLP_IDLE.html">ضبط الشاشة الرئيسية</target>
      <target FeatureID="-1" href="SKINS_HLP_APP_MAIN.html">تخصيص الشاشة</target>
      <target FeatureID="-1" href="SKINS_HLP_APPSKINS_LIST.html">موضوعات التطبيقات</target>
   </keywords>
   <keywords>
      <text FeatureID="-1">خلفية عرض الشرائح</text>
      <target FeatureID="-1" href="SCREENSAVER_HLP_WP_SETTINGS.html">ضبط خلفية عرض الشرائح</target>
   </keywords>
   <keywords>
      <text FeatureID="-1">ضبط عرض الشرائح</text>
      <target FeatureID="-1" href="SCREENSAVER_HLP_WP_SETTINGS.html">ضبط خلفية عرض الشرائح</target>
   </keywords>
   <keywords>
      <text FeatureID="-1">ضبط الخلفية</text>
      <target FeatureID="-1" href="SKINS_HLP_WP_SETTINGS.html">ضبط الخلفية</target>
   </keywords>
   <keywords>
      <text FeatureID="-1">صورة الخلفية</text>
      <target FeatureID="-1" href="SKINS_HLP_WP_SETTINGS.html">ضبط الخلفية</target>
      <target FeatureID="-1" href="SKINS_HLP_APP_MAIN.html">تخصيص الشاشة</target>
   </keywords>
   <keywords>
      <text FeatureID="-1">الشاشة المؤقتة</text>
      <target FeatureID="-1" href="SKINS_HLP_SCREENS_SETTINGS.html">ضبط الشاشة المؤقتة</target>
   </keywords>
   <keywords>
      <text FeatureID="true_1503">ضبط صورة المكالمة</text>
      <target FeatureID="true_1503" href="SKINS_HLP_CIMAGE_SETTINGS.html">تحديد صورة المكالمة</target>
   </keywords>
   <keywords>
      <text FeatureID="-1">القوائم</text>
      <target FeatureID="-1" href="SKINS_HLP_APPSHELL.html">ضبط عرض القائمة</target>
   </keywords>
   <keywords>
      <text FeatureID="-1">الضبط, شاشة محلية</text>
      <target FeatureID="-1" href="SKINS_HLP_IDLE.html">ضبط الشاشة الرئيسية</target>
   </keywords>
   <keywords>
      <text FeatureID="-1">widgets</text>
      <target FeatureID="-1" href="SKINS_HLP_IDLE.html">ضبط الشاشة الرئيسية</target>
   </keywords>
</keywords>