<?xml version="1.0" encoding="UTF-8"?>
<keywords>
   <keywords>
      <text FeatureID="-1">muzieksuite</text>
      <target FeatureID="-1" href="MUS_HLP_MUSIC_SUITE_VIEW.html">Muzieksuite</target>
   </keywords>
   <keywords>
      <text FeatureID="-1">muziekspeler</text>
      <target FeatureID="-1" href="MUS_HLP_TRACKS_VIEW.html">Nummers</target>
      <target FeatureID="-1" href="MUS_HLP_CATEGORY_VIEW.html">Muziekcategorieën</target>
      <target FeatureID="-1" href="MUS_HLP_PODCAST_MAIN_VIEW.html">Podcasts</target>
      <target FeatureID="-1" href="MUS_HLP_PODCAST_EPISODES.html">Podcast-afleveringen</target>
      <target FeatureID="-1" href="MUS_HLP_PLAYLISTS_VIEW.html">Muziekafspeellijsten</target>
      <target FeatureID="-1" href="MUS_HLP_DOWNLOAD_PLAYBACK_VIEW.html">Muziek afspelen op het web</target>
      <target FeatureID="-1" href="MUS_HLP_PLAYBACK_VIEW.html">Muziek afspelen</target>
      <target FeatureID="-1" href="MUS_HLP_LIB_MAIN_VIEW.html">Muziekbibliotheek</target>
      <target FeatureID="-1" href="MUS_HLP_METADATA_EDITING.html">Nummergegevens bewerken</target>
      <target FeatureID="-1" href="MUS_HLP_ALBUM_ART_EDITING.html">Albumillustraties bewerken</target>
      <target FeatureID="-1" href="MUS_HLP_AUDIO_SETT.html">Geluidsinstellingen</target>
   </keywords>
   <keywords>
      <text FeatureID="-1">podcasting</text>
      <target FeatureID="-1" href="MUS_HLP_PODCAST_MAIN_VIEW.html">Podcasts</target>
      <target FeatureID="-1" href="MUS_HLP_PODCAST_EPISODES.html">Podcast-afleveringen</target>
   </keywords>
   <keywords>
      <text FeatureID="-1">afspeellijsten</text>
      <target FeatureID="-1" href="MUS_HLP_PLAYLISTS_VIEW.html">Muziekafspeellijsten</target>
   </keywords>
   <keywords>
      <text FeatureID="-1">albumillustraties</text>
      <target FeatureID="-1" href="MUS_HLP_ALBUM_ART_EDITING.html">Albumillustraties bewerken</target>
   </keywords>
   <keywords>
      <text FeatureID="-1">basversterker</text>
      <target FeatureID="-1" href="MUS_HLP_AUDIO_SETT.html">Geluidsinstellingen</target>
   </keywords>
   <keywords>
      <text FeatureID="-1">stereobereik</text>
      <target FeatureID="-1" href="MUS_HLP_AUDIO_SETT.html">Geluidsinstellingen</target>
   </keywords>
</keywords>