<?xml version="1.0" encoding="UTF-8"?>
<keywords>
   <keywords>
      <text FeatureID="-1">головний екран</text>
      <target FeatureID="-1" href="SET_HLP_HOME_SCREEN.html">Головний екран</target>
      <target FeatureID="-1" href="SET_HLP_HOME_SCREEN_EDIT.html">Редагування головного екрана</target>
   </keywords>
   <keywords>
      <text FeatureID="-1">міні-програми</text>
      <target FeatureID="-1" href="WM_HLP_WIDGET_COLLECTION.html">Каталог міні-програм</target>
   </keywords>
</keywords>