<?xml version="1.0" encoding="UTF-8"?>
<keywords>
   <keywords>
      <text FeatureID="-1">gerenc. disposit.</text>
      <target FeatureID="-1" href="DM_HLP_MAIN_VIEW.html">Software disposit.</target>
      <target FeatureID="-1" href="DM_HLP_SETTINGS.html">Configs. perfil servidor</target>
      <target FeatureID="-1" href="DM_HLP_SERVERS_VIEW.html">Configuração remota</target>
   </keywords>
   <keywords>
      <text FeatureID="-1">configurações</text>
      <target FeatureID="-1" href="DM_HLP_MAIN_VIEW.html">Software disposit.</target>
   </keywords>
   <keywords>
      <text FeatureID="-1">Gerenc. disposit.</text>
      <target FeatureID="-1" href="FOTA_HLP_SETTINGS.html">Configs. atualiz. software</target>
   </keywords>
   <keywords>
      <text FeatureID="-1">configs. atualiz. software</text>
      <target FeatureID="-1" href="FOTA_HLP_SETTINGS.html">Configs. atualiz. software</target>
   </keywords>
   <keywords>
      <text FeatureID="-1">configs. perfil servidor</text>
      <target FeatureID="-1" href="DM_HLP_SETTINGS.html">Configs. perfil servidor</target>
   </keywords>
   <keywords>
      <text FeatureID="-1">configuração remota</text>
      <target FeatureID="-1" href="DM_HLP_SERVERS_VIEW.html">Configuração remota</target>
   </keywords>
</keywords>