<?xml version="1.0" encoding="UTF-8"?>
<keywords>
   <keywords>
      <text FeatureID="true_1604">text input</text>
      <target FeatureID="true_1604" href="HWR_HLP_MAIN_VIEW.html">Handschrifterkennung</target>
   </keywords>
   <keywords>
      <text FeatureID="true_1604">Handschrifterkennung</text>
      <target FeatureID="true_1604" href="HWR_HLP_MAIN_VIEW.html">Handschrifterkennung</target>
   </keywords>
   <keywords>
      <text FeatureID="true_1603 true_410">touch input</text>
      <target FeatureID="true_1603" href="VQWERTY_HLP_MAIN_VIEW.html">Virtuelle Tastatur</target>
      <target FeatureID="true_410" href="VITU_HLP_MAIN_VIEW.html">Virtuelle Tastatur</target>
   </keywords>
   <keywords>
      <text FeatureID="true_410">Virtuelle Tastatur</text>
      <target FeatureID="true_410" href="VITU_HLP_MAIN_VIEW.html">Virtuelle Tastatur</target>
   </keywords>
</keywords>