<?xml version="1.0" encoding="UTF-8"?>
<keywords>
   <keywords>
      <text FeatureID="-1">certifikáty</text>
      <target FeatureID="-1" href="AM_HLP_GENERAL_SETTINGS.html">Nastavení certifikátů</target>
   </keywords>
   <keywords>
      <text FeatureID="-1">nastavení, certifikáty</text>
      <target FeatureID="-1" href="AM_HLP_GENERAL_SETTINGS.html">Nastavení certifikátů</target>
   </keywords>
   <keywords>
      <text FeatureID="-1">instalace aplikací</text>
      <target FeatureID="-1" href="AM_HLP_NOT_INSTALLED.html">Instalační soubory</target>
      <target FeatureID="-1" href="AM_HLP_APPLICATION.html">Správa aplikací</target>
   </keywords>
   <keywords>
      <text FeatureID="-1">Nenainstalované aplikace</text>
      <target FeatureID="-1" href="AM_HLP_NOT_INSTALLED.html">Instalační soubory</target>
   </keywords>
   <keywords>
      <text FeatureID="-1">Instalované aplikace</text>
      <target FeatureID="-1" href="AM_HLP_INSTALLED.html">Instalované aplikace</target>
   </keywords>
   <keywords>
      <text FeatureID="-1">software, instalace</text>
      <target FeatureID="-1" href="AM_HLP_APPLICATION.html">Správa aplikací</target>
   </keywords>
   <keywords>
      <text FeatureID="-1">požadavky na oprávnění</text>
      <target FeatureID="-1" href="AM_HLP_INSTALL_CAPAB.html">Požadavky na oprávnění</target>
   </keywords>
   <keywords>
      <text FeatureID="-1">Instalace neověřených souborů</text>
      <target FeatureID="-1" href="AM_HLP_INSTALL_UNTRUSTED.html">Instalace neověřených souborů</target>
   </keywords>
</keywords>