<?xml version="1.0" encoding="UTF-8"?><?xml-stylesheet  href="../../theme/xsl/index2html.xslt" type="text/xsl"?>
<topics FeatureID="-1" title="Bideoak eta TB" compressed="true">
   <topicref FeatureID="-1" href="IPTV_HLP_MAIN_STATE.html" navtitle="Bideoak eta TB"/>
   <topicref FeatureID="-1" href="IPTV_HLP_VODCAST_MAIN.html" navtitle="Bideo jarioak"/>
   <topicref FeatureID="-1" href="IPTV_HLP_SERVICE_SELECTION_VOD.html" navtitle="Bideo zerbitzuak aukeratzea"/>
   <topicref FeatureID="-1" href="IPTV_HLP_VOD_CATEGORIES.html" navtitle="Bideo kategoriak"/>
   <topicref FeatureID="-1" href="IPTV_HLP_VOD.html" navtitle="Ikusi eta deskargatu bideoklipak"/>
   <topicref FeatureID="-1" href="IPTV_HLP_SCHEDULE_DOWNLOAD.html" navtitle="Deskargak antolatu"/>
   <topicref FeatureID="-1" href="IPTV_HLP_STORAGE.html" navtitle="Nire bideoak"/>
   <topicref FeatureID="-1" href="IPTV_HLP_SETTINGS.html" navtitle="Bideoak eta TB aplikazioaren ezarpenak"/>
   <topicref FeatureID="-1" href="IPTV_HLP_SERVICE_SEL_VODCAST.html" navtitle="Hautatu bideo jarioak"/>
   <topicref FeatureID="-1" href="IPTV_HLP_ADD_SERVICE.html" navtitle="Gehitu bideo jarioak"/>
</topics>