<?xml version="1.0" encoding="UTF-8"?>
<keywords>
   <keywords>
      <text FeatureID="-1">bideoak eta TB</text>
      <target FeatureID="-1" href="IPTV_HLP_MAIN_STATE.html">Bideoak eta TB</target>
      <target FeatureID="-1" href="IPTV_HLP_VODCAST_MAIN.html">Bideo jarioak</target>
      <target FeatureID="-1" href="IPTV_HLP_SERVICE_SELECTION_VOD.html">Bideo zerbitzuak aukeratzea</target>
      <target FeatureID="-1" href="IPTV_HLP_VOD_CATEGORIES.html">Bideo kategoriak</target>
      <target FeatureID="-1" href="IPTV_HLP_VOD.html">Ikusi eta deskargatu bideoklipak</target>
      <target FeatureID="-1" href="IPTV_HLP_SCHEDULE_DOWNLOAD.html">Deskargak antolatu</target>
      <target FeatureID="-1" href="IPTV_HLP_STORAGE.html">Nire bideoak</target>
      <target FeatureID="-1" href="IPTV_HLP_SERVICE_SEL_VODCAST.html">Hautatu bideo jarioak</target>
      <target FeatureID="-1" href="IPTV_HLP_ADD_SERVICE.html">Gehitu bideo jarioak</target>
   </keywords>
   <keywords>
      <text FeatureID="-1">bideo jarioak</text>
      <target FeatureID="-1" href="IPTV_HLP_VODCAST_MAIN.html">Bideo jarioak</target>
      <target FeatureID="-1" href="IPTV_HLP_VOD_CATEGORIES.html">Bideo kategoriak</target>
      <target FeatureID="-1" href="IPTV_HLP_SERVICE_SEL_VODCAST.html">Hautatu bideo jarioak</target>
      <target FeatureID="-1" href="IPTV_HLP_ADD_SERVICE.html">Gehitu bideo jarioak</target>
   </keywords>
   <keywords>
      <text FeatureID="-1">deskargak, bideoklipak</text>
      <target FeatureID="-1" href="IPTV_HLP_VOD.html">Ikusi eta deskargatu bideoklipak</target>
      <target FeatureID="-1" href="IPTV_HLP_SCHEDULE_DOWNLOAD.html">Deskargak antolatu</target>
   </keywords>
   <keywords>
      <text FeatureID="-1">bideoak eta TB, ezarpenak</text>
      <target FeatureID="-1" href="IPTV_HLP_SETTINGS.html">Bideoak eta TB aplikazioaren ezarpenak</target>
   </keywords>
   <keywords>
      <text FeatureID="-1">ezarpenak, bideoa</text>
      <target FeatureID="-1" href="IPTV_HLP_SETTINGS.html">Bideoak eta TB aplikazioaren ezarpenak</target>
   </keywords>
</keywords>