<?xml version="1.0" encoding="UTF-8"?>
<keywords>
   <keywords>
      <text FeatureID="-1">perintah suara</text>
      <target FeatureID="true_72" href="HLP_VC_SIND_FOLDER.html">Tampilan aplikasi</target>
      <target FeatureID="true_72" href="HLP_VC_SIND_MAIN.html">Menggunakan perintah suara</target>
      <target FeatureID="-1" href="VCINFO_HLP_MAINVIEW.html">Untuk kontak</target>
   </keywords>
   <keywords>
      <text FeatureID="-1">pengaturan perintah suara</text>
      <target FeatureID="-1" href="HLP_VC_SET.html">Pengaturan perintah suara</target>
   </keywords>
</keywords>