<?xml version="1.0" encoding="UTF-8"?>
<keywords>
   <keywords>
      <text FeatureID="-1">preferiti</text>
      <target FeatureID="-1" href="OSS_HLP_BM_ADDBM.html">Aggiungere preferiti</target>
      <target FeatureID="-1" href="OSS_HLP_BM_EDIT.html">Modificare preferiti</target>
   </keywords>
   <keywords>
      <text FeatureID="-1">browser, preferiti</text>
      <target FeatureID="-1" href="OSS_HLP_BM_ADDBM.html">Aggiungere preferiti</target>
      <target FeatureID="-1" href="OSS_HLP_BM_MAIN.html">Visualizzare preferiti</target>
      <target FeatureID="-1" href="OSS_HLP_BM_EDIT.html">Modificare preferiti</target>
   </keywords>
   <keywords>
      <text FeatureID="-1">Web</text>
      <target FeatureID="-1" href="OSS_HLP_BM_ADDBM.html">Aggiungere preferiti</target>
      <target FeatureID="true_167" href="OSS_HLP_RSS_ADD.html">Aggiungere feed web</target>
      <target FeatureID="-1" href="OSS_HLP_PAGEVIEW.html">Navigare sul Web</target>
      <target FeatureID="-1" href="OSS_HLP_BM_EDIT.html">Modificare preferiti</target>
      <target FeatureID="true_167" href="OSS_HLP_RSS_ARTICLE.html">Articoli dei feed Web</target>
      <target FeatureID="true_167" href="OSS_HLP_RSS_ARTICLELST.html">Feed Web</target>
      <target FeatureID="true_167" href="OSS_HLP_RSS_MAIN.html">Feed e blog Web</target>
   </keywords>
   <keywords>
      <text FeatureID="true_167">feed</text>
      <target FeatureID="true_167" href="OSS_HLP_RSS_ADD.html">Aggiungere feed web</target>
      <target FeatureID="true_167" href="OSS_HLP_RSS_EDIT.html">Modificare feed Web</target>
      <target FeatureID="true_167" href="OSS_HLP_RSS_ARTICLE.html">Articoli dei feed Web</target>
      <target FeatureID="true_167" href="OSS_HLP_RSS_ARTICLELST.html">Feed Web</target>
      <target FeatureID="true_167" href="OSS_HLP_RSS_MAIN.html">Feed e blog Web</target>
   </keywords>
   <keywords>
      <text FeatureID="true_167">feed RSS</text>
      <target FeatureID="true_167" href="OSS_HLP_RSS_ADD.html">Aggiungere feed web</target>
      <target FeatureID="true_167" href="OSS_HLP_RSS_ARTICLE.html">Articoli dei feed Web</target>
      <target FeatureID="true_167" href="OSS_HLP_RSS_ARTICLELST.html">Feed Web</target>
      <target FeatureID="true_167" href="OSS_HLP_RSS_MAIN.html">Feed e blog Web</target>
   </keywords>
   <keywords>
      <text FeatureID="true_167">news e blog</text>
      <target FeatureID="true_167" href="OSS_HLP_RSS_ADD.html">Aggiungere feed web</target>
      <target FeatureID="true_167" href="OSS_HLP_RSS_EDIT.html">Modificare feed Web</target>
      <target FeatureID="true_167" href="OSS_HLP_RSS_ARTICLE.html">Articoli dei feed Web</target>
      <target FeatureID="true_167" href="OSS_HLP_RSS_ARTICLELST.html">Feed Web</target>
      <target FeatureID="true_167" href="OSS_HLP_RSS_MAIN.html">Feed e blog Web</target>
   </keywords>
   <keywords>
      <text FeatureID="true_167">blog</text>
      <target FeatureID="true_167" href="OSS_HLP_RSS_ADD.html">Aggiungere feed web</target>
      <target FeatureID="true_167" href="OSS_HLP_RSS_EDIT.html">Modificare feed Web</target>
      <target FeatureID="true_167" href="OSS_HLP_RSS_ARTICLE.html">Articoli dei feed Web</target>
      <target FeatureID="true_167" href="OSS_HLP_RSS_ARTICLELST.html">Feed Web</target>
      <target FeatureID="true_167" href="OSS_HLP_RSS_MAIN.html">Feed e blog Web</target>
   </keywords>
   <keywords>
      <text FeatureID="-1">pagine, visualizzazione</text>
      <target FeatureID="-1" href="OSS_HLP_PAGEVIEW.html">Navigare sul Web</target>
   </keywords>
   <keywords>
      <text FeatureID="-1">preferiti, apertura</text>
      <target FeatureID="-1" href="OSS_HLP_BM_MAIN.html">Visualizzare preferiti</target>
   </keywords>
   <keywords>
      <text FeatureID="true_167">feed rss</text>
      <target FeatureID="true_167" href="OSS_HLP_RSS_EDIT.html">Modificare feed Web</target>
   </keywords>
   <keywords>
      <text FeatureID="true_167">web</text>
      <target FeatureID="true_167" href="OSS_HLP_RSS_EDIT.html">Modificare feed Web</target>
   </keywords>
   <keywords>
      <text FeatureID="-1">browser, impostazioni</text>
      <target FeatureID="-1" href="OSS_HLP_SETTINGS_GENERAL.html">Impostazioni generali</target>
      <target FeatureID="-1" href="OSS_HLP_SETTINGS_PAGE.html">Impostazioni pagina</target>
      <target FeatureID="-1" href="OSS_HLP_SETTINGS_PRIVACY.html">Impostazioni della privacy</target>
      <target FeatureID="-1" href="OSS_HLP_SETTINGS_FOLDERS.html">Impostazioni Web</target>
      <target FeatureID="false_410" href="OSS_HLP_KEYPAD.html">Tasti di scelta rapida</target>
   </keywords>
   <keywords>
      <text FeatureID="-1">Web, impostazioni</text>
      <target FeatureID="-1" href="OSS_HLP_SETTINGS_GENERAL.html">Impostazioni generali</target>
      <target FeatureID="-1" href="OSS_HLP_SETTINGS_PAGE.html">Impostazioni pagina</target>
      <target FeatureID="-1" href="OSS_HLP_SETTINGS_PRIVACY.html">Impostazioni della privacy</target>
      <target FeatureID="-1" href="OSS_HLP_SETTINGS_FOLDERS.html">Impostazioni Web</target>
      <target FeatureID="false_410" href="OSS_HLP_KEYPAD.html">Tasti di scelta rapida</target>
   </keywords>
   <keywords>
      <text FeatureID="-1">impostazione per il Web</text>
      <target FeatureID="-1" href="OSS_HLP_SETTINGS_PAGE.html">Impostazioni pagina</target>
      <target FeatureID="-1" href="OSS_HLP_SETTINGS_FOLDERS.html">Impostazioni Web</target>
   </keywords>
   <keywords>
      <text FeatureID="-1">privacy, impostazioni</text>
      <target FeatureID="-1" href="OSS_HLP_SETTINGS_PRIVACY.html">Impostazioni della privacy</target>
   </keywords>
   <keywords>
      <text FeatureID="true_167">configurazione del Web</text>
      <target FeatureID="true_167" href="OSS_HLP_SETTINGS_RSS.html">Impostazioni dei feed Web</target>
   </keywords>
   <keywords>
      <text FeatureID="true_167">impostazioni del browser</text>
      <target FeatureID="true_167" href="OSS_HLP_SETTINGS_RSS.html">Impostazioni dei feed Web</target>
   </keywords>
   <keywords>
      <text FeatureID="true_167 false_410">impostazioni Web</text>
      <target FeatureID="true_167" href="OSS_HLP_SETTINGS_RSS.html">Impostazioni dei feed Web</target>
      <target FeatureID="false_410" href="OSS_HLP_SHORTCUTS.html">Collegamenti dalla barra degli strumenti</target>
   </keywords>
   <keywords>
      <text FeatureID="-1">pagina specifica, apertura</text>
      <target FeatureID="-1" href="OSS_HLP_PAGEVIEW_EMBED.html">Web nelle applicazioni</target>
   </keywords>
   <keywords>
      <text FeatureID="-1">Web nelle applicazioni</text>
      <target FeatureID="-1" href="OSS_HLP_PAGEVIEW_EMBED.html">Web nelle applicazioni</target>
   </keywords>
   <keywords>
      <text FeatureID="false_410">impostazioni browser</text>
      <target FeatureID="false_410" href="OSS_HLP_SHORTCUTS.html">Collegamenti dalla barra degli strumenti</target>
   </keywords>
</keywords>