<?xml version="1.0" encoding="UTF-8"?>
<keywords>
   <keywords>
      <text FeatureID="-1">certyfikaty</text>
      <target FeatureID="-1" href="AM_HLP_GENERAL_SETTINGS.html">Ustawienia certyfikatów</target>
   </keywords>
   <keywords>
      <text FeatureID="-1">ustawienia, certyfikaty</text>
      <target FeatureID="-1" href="AM_HLP_GENERAL_SETTINGS.html">Ustawienia certyfikatów</target>
   </keywords>
   <keywords>
      <text FeatureID="-1">instalowanie aplikacji</text>
      <target FeatureID="-1" href="AM_HLP_NOT_INSTALLED.html">Pliki instalacyjne</target>
      <target FeatureID="-1" href="AM_HLP_APPLICATION.html">Zarządzanie aplikacjami</target>
   </keywords>
   <keywords>
      <text FeatureID="-1">aplikacje</text>
      <target FeatureID="-1" href="AM_HLP_NOT_INSTALLED.html">Pliki instalacyjne</target>
      <target FeatureID="-1" href="AM_HLP_INSTALLED.html">Zainstalowane aplikacje</target>
   </keywords>
   <keywords>
      <text FeatureID="-1">instalowanie oprogramowania</text>
      <target FeatureID="-1" href="AM_HLP_APPLICATION.html">Zarządzanie aplikacjami</target>
   </keywords>
   <keywords>
      <text FeatureID="-1">zapytania o pozwolenie</text>
      <target FeatureID="-1" href="AM_HLP_INSTALL_CAPAB.html">Zapytania o pozwolenie</target>
   </keywords>
   <keywords>
      <text FeatureID="-1">instalacja niezaufana</text>
      <target FeatureID="-1" href="AM_HLP_INSTALL_UNTRUSTED.html">Niezaufana instalacja</target>
   </keywords>
</keywords>