<?xml version="1.0" encoding="UTF-8"?>
<keywords>
   <keywords>
      <text FeatureID="-1">e-post­inställningar</text>
      <target FeatureID="-1" href="MBXS_HLP_SETT_DOWNL_CTRL.html">Inställningar för hämtning av e-post</target>
      <target FeatureID="-1" href="MBXS_HLP_SETT_DOWNL_RETR.html">Inställning för hämtning av e-post</target>
      <target FeatureID="-1" href="MBXS_HLP_SETT_MBX_IN.html">Inställ. för inkom. e-post</target>
      <target FeatureID="-1" href="MBXS_HLP_SETT_MBX_IN_OUT.html">Anslutningsinställningar</target>
      <target FeatureID="-1" href="MBXS_HLP_SETT_MBX_OUT.html">Inst. utg. e-post</target>
      <target FeatureID="-1" href="MCE_HLP_SETTINGS_EMAIL.html">E-post­inställningar</target>
      <target FeatureID="-1" href="MCE_HLP_SETT_EMAILMAIN.html">Redigera e-postkonton</target>
      <target FeatureID="-1" href="MCE_HLP_SETT_MAILBLIST.html">E-postkonton</target>
      <target FeatureID="-1" href="MCE_HLP_SETT_MAILFOLDER_UPD.html">E-postkonto­mappar</target>
      <target FeatureID="true_1633" href="MCE_HLP_SETT_MAIL_ONLI.html">Automatisk hämtning</target>
   </keywords>
   <keywords>
      <text FeatureID="-1">e-postkonto­inställningar</text>
      <target FeatureID="-1" href="MCE_HLP_SETT_EMAILMAIN.html">Redigera e-postkonton</target>
   </keywords>
   <keywords>
      <text FeatureID="-1">e-postkonto</text>
      <target FeatureID="-1" href="MCE_HLP_SETT_MAILBLIST.html">E-postkonton</target>
      <target FeatureID="-1" href="MCE_HLP_MAILBOX_ONLINE.html">Online-e-post</target>
   </keywords>
   <keywords>
      <text FeatureID="-1">e-postk.mapp.</text>
      <target FeatureID="-1" href="MCE_HLP_SETT_MAILFOLDER_UPD.html">E-postkonto­mappar</target>
   </keywords>
   <keywords>
      <text FeatureID="-1">användarinställningar</text>
      <target FeatureID="-1" href="MCE_HLP_SETT_MAIL_USER.html">Användarinställningar</target>
   </keywords>
   <keywords>
      <text FeatureID="true_44">inställningar synk av e-postkonton</text>
      <target FeatureID="true_44" href="MCE_HLP_SETT_SMAILBOX.html">Inställningar synk av e-postkonton</target>
   </keywords>
   <keywords>
      <text FeatureID="true_44">Inst. synk av e-post</text>
      <target FeatureID="true_44" href="MCE_HLP_SETT_SMAILBOX.html">Inställningar synk av e-postkonton</target>
   </keywords>
   <keywords>
      <text FeatureID="-1">e-post, läsa offline</text>
      <target FeatureID="-1" href="MCE_HLP_MAILBOX_OFFLINE.html">E-post, läsa offline</target>
   </keywords>
   <keywords>
      <text FeatureID="-1">ansluta till e-postkontot</text>
      <target FeatureID="-1" href="MCE_HLP_MAILBOX_ONLINE.html">Online-e-post</target>
   </keywords>
   <keywords>
      <text FeatureID="-1">e-post, online</text>
      <target FeatureID="-1" href="MCE_HLP_MAILBOX_ONLINE.html">Online-e-post</target>
   </keywords>
   <keywords>
      <text FeatureID="-1">online-e-post</text>
      <target FeatureID="-1" href="MCE_HLP_MAILBOX_ONLINE.html">Online-e-post</target>
   </keywords>
</keywords>