<?xml version="1.0" encoding="UTF-8"?>
<keywords>
   <keywords>
      <text FeatureID="true_1091">USSD-redaktor</text>
      <target FeatureID="true_1091" href="USSD_HLP_EDITOR.html">Teenusekäsklused</target>
   </keywords>
   <keywords>
      <text FeatureID="true_1091">teenusekäsklused</text>
      <target FeatureID="true_1091" href="USSD_HLP_EDITOR.html">Teenusekäsklused</target>
   </keywords>
   <keywords>
      <text FeatureID="true_1091">võrguteenused</text>
      <target FeatureID="true_1091" href="USSD_HLP_EDITOR.html">Teenusekäsklused</target>
   </keywords>
</keywords>