<?xml version="1.0" encoding="UTF-8"?>
<keywords>
   <keywords>
      <text FeatureID="-1">שעון, התראות</text>
      <target FeatureID="-1" href="CLK_HLP_ALARM_EDITOR.html">עורך התראת שעון</target>
      <target FeatureID="-1" href="CLK_HLP_REAL_TIME_CLOCK_IN.html">תצוגה ראשית של שעון</target>
   </keywords>
   <keywords>
      <text FeatureID="-1">שעון מעורר</text>
      <target FeatureID="-1" href="CLK_HLP_ALARM_EDITOR.html">עורך התראת שעון</target>
      <target FeatureID="-1" href="CLK_HLP_REAL_TIME_CLOCK_IN.html">תצוגה ראשית של שעון</target>
   </keywords>
   <keywords>
      <text FeatureID="-1">שעון</text>
      <target FeatureID="-1" href="CLK_HLP_CNTDWN.html">טיימר ספירה לאחור</target>
      <target FeatureID="-1" href="CLK_HLP_WRLD_CLK.html">שעון עולמי</target>
   </keywords>
   <keywords>
      <text FeatureID="-1">טיימרים</text>
      <target FeatureID="-1" href="CLK_HLP_CNTDWN.html">טיימר ספירה לאחור</target>
   </keywords>
   <keywords>
      <text FeatureID="-1">הגדרות תאריך ושעה</text>
      <target FeatureID="-1" href="CLK_HLP_SETTINGS.html">הגדרות תאריך ושעה</target>
   </keywords>
   <keywords>
      <text FeatureID="-1">הגדרות שעון</text>
      <target FeatureID="-1" href="CLK_HLP_SETTINGS.html">הגדרות תאריך ושעה</target>
   </keywords>
   <keywords>
      <text FeatureID="-1">שעון, אזורי זמן</text>
      <target FeatureID="-1" href="CLK_HLP_REAL_TIME_CLOCK_AN.html">זמן מקומי</target>
   </keywords>
   <keywords>
      <text FeatureID="-1">זמן מקומי ואזור זמן</text>
      <target FeatureID="-1" href="CLK_HLP_REAL_TIME_CLOCK_AN.html">זמן מקומי</target>
   </keywords>
   <keywords>
      <text FeatureID="-1">שעון עצר</text>
      <target FeatureID="-1" href="CCLK_HLP_STPWTCH.html">שעון עצר</target>
   </keywords>
   <keywords>
      <text FeatureID="-1">שעוני ערים</text>
      <target FeatureID="-1" href="CLK_HLP_WRLD_CLK.html">שעון עולמי</target>
   </keywords>
   <keywords>
      <text FeatureID="-1">שעון עולמי</text>
      <target FeatureID="-1" href="CLK_HLP_WRLD_CLK.html">שעון עולמי</target>
   </keywords>
</keywords>