<?xml version="1.0" encoding="UTF-8"?>
<keywords>
   <keywords>
      <text FeatureID="-1">anniversary entries</text>
      <target FeatureID="-1" href="FSCA_HLP_ANNIVERSARY_EDITOR.html">Create anniversary entries</target>
      <target FeatureID="-1" href="FSCA_HLP_ANNI_VIEWER.html">Edit anniversary entries</target>
   </keywords>
   <keywords>
      <text FeatureID="-1">meeting entries</text>
      <target FeatureID="-1" href="FSCA_HLP_CALE_MEETING_EDITOR.html">Create meeting entries</target>
      <target FeatureID="-1" href="FSCA_HLP_CALE_MEETING_VIEWER.html">Edit meeting entries</target>
   </keywords>
   <keywords>
      <text FeatureID="-1">memo entries</text>
      <target FeatureID="-1" href="FSCA_HLP_MEMO_EDITOR.html">Create memo entries</target>
      <target FeatureID="-1" href="FSCA_HLP_MEMO_VIEWER.html">Edit memo entries</target>
   </keywords>
   <keywords>
      <text FeatureID="-1">to-do entries</text>
      <target FeatureID="-1" href="FSCA_HLP_TODO_EDITOR.html">Create to-do entries</target>
      <target FeatureID="-1" href="FSCA_HLP_TODO_VIEWER.html">Edit to-do entries</target>
   </keywords>
   <keywords>
      <text FeatureID="-1">meeting requests</text>
      <target FeatureID="-1" href="FSCA_HLP_RESPONSE_EDITOR.html">Edit your response</target>
      <target FeatureID="-1" href="FSCA_HLP_VIEWER_ORGANIZER.html">Manage meeting requests</target>
      <target FeatureID="-1" href="MEET_REQ_HLP_EDITOR.html">Received meeting requests</target>
      <target FeatureID="-1" href="FSCA_HLP_VIEWER.html">Respond to meeting requests</target>
   </keywords>
   <keywords>
      <text FeatureID="-1">連絡人</text>
      <target FeatureID="-1" href="RLOOK_HLP_INFO_VIEW.html">管理找到的連絡人</target>
   </keywords>
   <keywords>
      <text FeatureID="-1">連絡人, 搜尋</text>
      <target FeatureID="-1" href="RLOOK_HLP_RESULT_VIEW.html">搜尋結果</target>
   </keywords>
   <keywords>
      <text FeatureID="-1">電子郵件, 附件</text>
      <target FeatureID="-1" href="FSE_HLP_ATTACHMENT_LIST_EDITOR.html">新增附件</target>
   </keywords>
   <keywords>
      <text FeatureID="-1">刪除電子郵件</text>
      <target FeatureID="-1" href="FSE_HLP_MESSAGE_LIST_DELETED.html">刪除的電子郵件訊息</target>
   </keywords>
   <keywords>
      <text FeatureID="-1">電子郵件附件下載</text>
      <target FeatureID="-1" href="FSE_HLP_ATTACHMENT_LIST.html">下載附件</target>
   </keywords>
   <keywords>
      <text FeatureID="-1">草稿電子郵件</text>
      <target FeatureID="-1" href="FSE_HLP_MESSAGE_LIST_DRAFTS.html">草稿電子郵件訊息</target>
   </keywords>
   <keywords>
      <text FeatureID="-1">Nokia 郵件</text>
      <target FeatureID="-1" href="FSE_HLP_LAUNCHER_GRID.html">Nokia 郵件</target>
   </keywords>
   <keywords>
      <text FeatureID="-1">電子郵件</text>
      <target FeatureID="-1" href="FSE_HLP_LAUNCHER_GRID.html">Nokia 郵件</target>
   </keywords>
   <keywords>
      <text FeatureID="-1">電子郵件資料夾</text>
      <target FeatureID="-1" href="FSE_HLP_FOLDER_LIST.html">電子郵件資料夾</target>
      <target FeatureID="-1" href="FSE_HLP_SETT_IMAP_SUBSCR.html">訂閱資料夾</target>
      <target FeatureID="-1" href="FSE_HLP_MESSAGE_LIST_INBOX.html">使用電子郵件資料夾</target>
   </keywords>
   <keywords>
      <text FeatureID="-1">電子郵件設定</text>
      <target FeatureID="-1" href="FSE_HLP_LAUNCHER_SETTINGS.html">一般電子郵件設定</target>
      <target FeatureID="-1" href="FSE_HLP_POP_IMAP_SETT_MAIN.html">電子郵件設定</target>
      <target FeatureID="-1" href="FSE_HLP_MFE_SETTINGS_MAIN_VIEW.html">電子郵件設定</target>
   </keywords>
   <keywords>
      <text FeatureID="-1">全域電子郵件設定</text>
      <target FeatureID="-1" href="FSE_HLP_SETTINGS_GLOBAL.html">全域電子郵件設定</target>
   </keywords>
   <keywords>
      <text FeatureID="-1">HTML 電子郵件</text>
      <target FeatureID="-1" href="FS_VIEWER_HLP_HTML_VIEW.html">HTML 格式的電子郵件</target>
   </keywords>
   <keywords>
      <text FeatureID="-1">進階電子郵件設定</text>
      <target FeatureID="-1" href="FSE_HLP_POP_IMAP_SETT_ADV.html">進階電子郵件設定</target>
   </keywords>
   <keywords>
      <text FeatureID="-1">接收電子郵件設定</text>
      <target FeatureID="-1" href="FSE_HLP_POP_IMAP_SETT_INCOMING.html">接收電子郵件設定</target>
   </keywords>
   <keywords>
      <text FeatureID="-1">外寄電子郵件設定</text>
      <target FeatureID="-1" href="FSE_HLP_POP_IMAP_SETT_OUTGOING.html">外寄電子郵件設定</target>
   </keywords>
   <keywords>
      <text FeatureID="-1">電子郵件同步處理</text>
      <target FeatureID="-1" href="FSE_HLP_POP_IMAP_SETT_WHAT.html">選取同步處理內容</target>
   </keywords>
   <keywords>
      <text FeatureID="-1">電子郵件同步處理時間</text>
      <target FeatureID="-1" href="FSE_HLP_POP_IMAP_SETT_WHEN.html">選取同步處理時間</target>
      <target FeatureID="-1" href="FSE_HLP_MFE_SETTINGS_WHEN_SYNC.html">選擇同步處理時間</target>
      <target FeatureID="-1" href="FSE_HLP_SETTINGS_WHEN_SYNC.html">同步處理時間</target>
   </keywords>
   <keywords>
      <text FeatureID="-1">Mail for Exchange</text>
      <target FeatureID="-1" href="FSE_HLP_MFE_LAUNCHER_MAIN_VIEW.html">Mail for Exchange 郵件</target>
   </keywords>
   <keywords>
      <text FeatureID="-1">電子郵件詳細資訊</text>
      <target FeatureID="-1" href="FS_VIEWER_HLP_DETAILS_VIEW.html">訊息詳細資訊</target>
   </keywords>
   <keywords>
      <text FeatureID="-1">進階信箱設定</text>
      <target FeatureID="-1" href="FSE_HLP_MFE_SETTINGS_ADVANCED.html">進階信箱設定</target>
   </keywords>
   <keywords>
      <text FeatureID="-1">電子郵件同步處理設定</text>
      <target FeatureID="-1" href="FSE_HLP_MFE_SETTINGS_PIM_APPS.html">應用程式同步處理設定</target>
   </keywords>
   <keywords>
      <text FeatureID="-1">行事曆同步處理</text>
      <target FeatureID="-1" href="FSE_HLP_MFE_CALENDAR_APP.html">行事曆同步處理設定</target>
   </keywords>
   <keywords>
      <text FeatureID="-1">通訊錄同步處理,</text>
      <target FeatureID="-1" href="FSE_HLP_MFE_CONTACTS_APP.html">通訊錄同步處理設定</target>
   </keywords>
   <keywords>
      <text FeatureID="-1">信箱設定</text>
      <target FeatureID="-1" href="FSE_HLP_MFE_SETTINGS_MAILBOX.html">一般信箱設定</target>
   </keywords>
   <keywords>
      <text FeatureID="-1">電子郵件同步處理內容</text>
      <target FeatureID="-1" href="FSE_HLP_MFE_SETTINGS_WHAT_SYNC.html">選擇同步處理內容</target>
   </keywords>
   <keywords>
      <text FeatureID="-1">電子郵件資料夾同步處理</text>
      <target FeatureID="-1" href="FSE_HLP_MFE_SETTINGS_FOLDER.html">同步處理設定</target>
   </keywords>
   <keywords>
      <text FeatureID="-1">待辦事項項目同步處理</text>
      <target FeatureID="-1" href="FSE_HLP_MFE_TASKS_APP.html">待辦事項同步處理設定</target>
   </keywords>
   <keywords>
      <text FeatureID="-1">無電子郵件訊息</text>
      <target FeatureID="-1" href="FSE_HLP_MESSAGE_LIST_EMPTY.html">無訊息</target>
   </keywords>
   <keywords>
      <text FeatureID="-1">電子郵件寄件匣</text>
      <target FeatureID="-1" href="FSE_HLP_MESSAGE_LIST_OUTBOX.html">使用寄件匣</target>
   </keywords>
   <keywords>
      <text FeatureID="-1">會議要求</text>
      <target FeatureID="-1" href="FS_VIEWER_HLP_MEETING_REQ_VIEW.html">回覆會議要求</target>
   </keywords>
   <keywords>
      <text FeatureID="-1">電子郵件搜尋</text>
      <target FeatureID="-1" href="FSE_HLP_MESSAGE_LIST_SEARCHING.html">搜尋電子郵件</target>
   </keywords>
   <keywords>
      <text FeatureID="-1">電子郵件搜尋結果</text>
      <target FeatureID="-1" href="FSE_HLP_MESSAGE_LIST_SEARCHED.html">搜尋結果</target>
   </keywords>
   <keywords>
      <text FeatureID="-1">傳送電子郵件</text>
      <target FeatureID="-1" href="FS_EDITOR_HLP_MAIN_VIEW.html">傳送電子郵件</target>
   </keywords>
   <keywords>
      <text FeatureID="-1">PIM 服務</text>
      <target FeatureID="-1" href="FSE_HLP_SETTINGS_PIM_VIEW.html">PIM 服務</target>
   </keywords>
   <keywords>
      <text FeatureID="-1">同步處理應用程式</text>
      <target FeatureID="-1" href="FSE_HLP_SETTINGS_APPLICATIONS.html">同步處理應用程式</target>
   </keywords>
   <keywords>
      <text FeatureID="-1">收到的電子郵件</text>
      <target FeatureID="-1" href="FS_VIEWER_HLP_MAIN_VIEW.html">處理收到的電子郵件</target>
   </keywords>
   <keywords>
      <text FeatureID="-1">郵件, 設定</text>
      <target FeatureID="-1" href="FSE_HLP_SETT.html">設定</target>
   </keywords>
   <keywords>
      <text FeatureID="-1">郵件, 帳號設定</text>
      <target FeatureID="-1" href="FSE_HLP_ACCT_INFO.html">郵件帳號設定</target>
   </keywords>
   <keywords>
      <text FeatureID="-1">郵件, 同步處理</text>
      <target FeatureID="-1" href="FSE_HLP_SYNC_SETT.html">同步處理設定</target>
   </keywords>
   <keywords>
      <text FeatureID="-1">郵件, 會議項目</text>
      <target FeatureID="-1" href="FS_VIEWER_HLP_MR_RECEIVED.html">會議要求</target>
   </keywords>
   <keywords>
      <text FeatureID="-1">會議項目</text>
      <target FeatureID="-1" href="FS_VIEWER_HLP_MR_RECEIVED.html">會議要求</target>
   </keywords>
</keywords>