<?xml version="1.0" encoding="UTF-8"?>
<keywords>
   <keywords>
      <text FeatureID="-1">Quickoffice, skráastjórnun</text>
      <target FeatureID="-1" href="QFM_HLP_FILE_MENU.html">Skráastjórnun</target>
   </keywords>
   <keywords>
      <text FeatureID="-1">Quickoffice</text>
      <target FeatureID="-1" href="QFM_HLP_LOC_MENU.html">Quickoffice</target>
   </keywords>
   <keywords>
      <text FeatureID="-1">Quickpoint</text>
      <target FeatureID="-1" href="QPOINT_HLP_EDIT_SLIDE_VIEW.html">Skyggnum breytt</target>
      <target FeatureID="-1" href="QPOINT_HLP_REPLACE_VIEW.html">Finna og skipta út texta</target>
      <target FeatureID="-1" href="QPOINT_HLP_FIND_VIEW.html">Leitað að texta</target>
      <target FeatureID="-1" href="QPOINT_HLP_VIEW_SLIDE_VIEW.html">Skyggnur skoðaðar</target>
   </keywords>
   <keywords>
      <text FeatureID="-1">Quickpoint, texti</text>
      <target FeatureID="-1" href="QPOINT_HLP_EDIT_TEXT_VIEW.html">Texta breytt</target>
   </keywords>
   <keywords>
      <text FeatureID="-1">Quickpoint, athugasemdir</text>
      <target FeatureID="-1" href="QPOINT_HLP_COMMENT_VIEW.html">Athugasemdir skoðaðar</target>
   </keywords>
   <keywords>
      <text FeatureID="-1">Quickpoint, minnismiðar</text>
      <target FeatureID="-1" href="QPOINT_HLP_VIEW_NOTES_VIEW.html">Skoða minnismiða</target>
   </keywords>
   <keywords>
      <text FeatureID="-1">Quickpoint, útlínur</text>
      <target FeatureID="-1" href="QPOINT_HLP_VIEW_OUTLINE_VIEW.html">Útlínur skoðaðar</target>
   </keywords>
   <keywords>
      <text FeatureID="-1">Quicksheet, reitir</text>
      <target FeatureID="-1" href="QSHEET_HLP_CELLS_EDIT.html">Reitum breytt</target>
      <target FeatureID="-1" href="QSHEET_HLP_VIEW_CELL.html">Reitir skoðaðir</target>
   </keywords>
   <keywords>
      <text FeatureID="-1">Quicksheet, dálkar</text>
      <target FeatureID="-1" href="QSHEET_HLP_EDIT_COLUMN.html">Dálkum breytt</target>
   </keywords>
   <keywords>
      <text FeatureID="-1">Quicksheet, svið</text>
      <target FeatureID="-1" href="QSHEET_HLP_EDIT_RANGE.html">Sviði breytt</target>
   </keywords>
   <keywords>
      <text FeatureID="-1">Quicksheet, raðir</text>
      <target FeatureID="-1" href="QSHEET_HLP_EDIT_ROW.html">Röðum breytt</target>
   </keywords>
   <keywords>
      <text FeatureID="-1">Quicksheet</text>
      <target FeatureID="-1" href="QSHEET_HLP_REPLACE_VIEW.html">Finna og skipta út texta</target>
      <target FeatureID="-1" href="QSHEET_HLP_FIND_VIEW.html">Leitað að texta</target>
      <target FeatureID="-1" href="QSHEET_HLP_CELLS_VIEW.html">Töflureiknar skoðaðir</target>
   </keywords>
   <keywords>
      <text FeatureID="-1">Quickword</text>
      <target FeatureID="-1" href="QWORD_HLP_EDIT_MODE.html">Skjölum breytt</target>
      <target FeatureID="-1" href="QWORD_HLP_FIND_MODE.html">Finna og skipta út texta</target>
      <target FeatureID="-1" href="QWORD_HLP_VIEW_MODE.html">Skjöl skoðuð</target>
      <target FeatureID="-1" href="QWORD_HLP_PAGE_VIEW.html">Útlit síðu skoðað</target>
   </keywords>
</keywords>