<?xml version="1.0" encoding="UTF-8"?><?xml-stylesheet  href="../../theme/xsl/index2html.xslt" type="text/xsl"?>
<topics FeatureID="-1" title="信息" compressed="true">
   <topicref FeatureID="-1" href="MCE_HLP_MESSAGING.html" navtitle="信息中心"/>
   <topicref FeatureID="-1" href="MCE_HLP_SIM.html" navtitle="查看 SIM 卡信息"/>
   <topicref FeatureID="-1" href="MCE_HLP_SETTINGS.html" navtitle="信息设置"/>
   <topicref FeatureID="-1" href="MCE_HLP_SETTINGS_SMS.html" navtitle="短信息设置"/>
   <topicref FeatureID="-1" href="SMS_HLP_SETTINGS_SCENTRES.html" navtitle="短信息中心设置"/>
   <topicref FeatureID="-1" href="SMS_HLP_SETTINGS_SCENTRES_EDIT.html" navtitle="编辑短信息中心"/>
   <topicref FeatureID="true_1092" href="SMS_HLP_SETTINGS_SMS_EMAIL.html" navtitle="短信息电子邮件设置"/>
   <topicref FeatureID="-1" href="MCE_HLP_SETTINGS_MMS.html" navtitle="彩信设置"/>
   <topicref FeatureID="true_1090" href="MCE_HLP_SETTINGS_CB.html" navtitle="广播信息设置"/>
   <topicref FeatureID="-1" href="MCE_HLP_SETTINGS_GEN.html" navtitle="其他设置"/>
   <topicref FeatureID="-1" href="MCE_HLP_INBOX.html" navtitle="收件箱"/>
   <topicref FeatureID="-1" href="MCE_HLP_DOCUMENTS.html" navtitle="我的文件夹"/>
   <topicref FeatureID="-1" href="MCE_HLP_TEMPLATES.html" navtitle="信息常用短语"/>
   <topicref FeatureID="-1" href="MCE_HLP_FOLDER.html" navtitle="整理信息"/>
   <topicref FeatureID="-1" href="MCE_HLP_DRAFTS.html" navtitle="草稿"/>
   <topicref FeatureID="-1" href="MCE_HLP_SENT_ITEMS.html" navtitle="发出的信息"/>
   <topicref FeatureID="-1" href="MCE_HLP_OUTBOX.html" navtitle="发件箱"/>
   <topicref FeatureID="-1" href="MCE_HLP_DELIVERY_REPORTS.html" navtitle="发送情况报告"/>
   <topicref FeatureID="true_1132" href="MCE_HLP_MMS_NOTIFICATIONS.html" navtitle="彩信通知"/>
   <topicref FeatureID="-1" href="FIND_HLP.html" navtitle="查找号码/地址"/>
</topics>