<?xml version="1.0" encoding="UTF-8"?>
<keywords>
   <keywords>
      <text FeatureID="-1">发送信息</text>
      <target FeatureID="-1" href="MCE_HLP_MESSAGING.html">信息中心</target>
      <target FeatureID="-1" href="MCE_HLP_OUTBOX.html">发件箱</target>
   </keywords>
   <keywords>
      <text FeatureID="-1">接收信息</text>
      <target FeatureID="-1" href="MCE_HLP_MESSAGING.html">信息中心</target>
      <target FeatureID="-1" href="MCE_HLP_INBOX.html">收件箱</target>
   </keywords>
   <keywords>
      <text FeatureID="-1">SIM 卡信息</text>
      <target FeatureID="-1" href="MCE_HLP_SIM.html">查看 SIM 卡信息</target>
   </keywords>
   <keywords>
      <text FeatureID="-1">SIM 卡中的信息</text>
      <target FeatureID="-1" href="MCE_HLP_SIM.html">查看 SIM 卡信息</target>
   </keywords>
   <keywords>
      <text FeatureID="-1">信息设置</text>
      <target FeatureID="-1" href="MCE_HLP_SETTINGS.html">信息设置</target>
      <target FeatureID="-1" href="MCE_HLP_SETTINGS_GEN.html">其他设置</target>
   </keywords>
   <keywords>
      <text FeatureID="-1">短信息设置</text>
      <target FeatureID="-1" href="MCE_HLP_SETTINGS_SMS.html">短信息设置</target>
      <target FeatureID="-1" href="MCE_HLP_SETTINGS_SMS.html">短信息设置</target>
      <target FeatureID="-1" href="SMS_HLP_SETTINGS_SCENTRES.html">短信息中心设置</target>
      <target FeatureID="-1" href="SMS_HLP_SETTINGS_SCENTRES_EDIT.html">编辑短信息中心</target>
   </keywords>
   <keywords>
      <text FeatureID="-1">信息中心设置</text>
      <target FeatureID="-1" href="SMS_HLP_SETTINGS_SCENTRES.html">短信息中心设置</target>
      <target FeatureID="-1" href="SMS_HLP_SETTINGS_SCENTRES_EDIT.html">编辑短信息中心</target>
   </keywords>
   <keywords>
      <text FeatureID="-1">短信息中心设置</text>
      <target FeatureID="-1" href="SMS_HLP_SETTINGS_SCENTRES.html">短信息中心设置</target>
   </keywords>
   <keywords>
      <text FeatureID="true_1092">短信息电子邮件</text>
      <target FeatureID="true_1092" href="SMS_HLP_SETTINGS_SMS_EMAIL.html">短信息电子邮件设置</target>
   </keywords>
   <keywords>
      <text FeatureID="true_1092">短信息电子邮件设置</text>
      <target FeatureID="true_1092" href="SMS_HLP_SETTINGS_SMS_EMAIL.html">短信息电子邮件设置</target>
   </keywords>
   <keywords>
      <text FeatureID="-1">彩信设置</text>
      <target FeatureID="-1" href="MCE_HLP_SETTINGS_MMS.html">彩信设置</target>
   </keywords>
   <keywords>
      <text FeatureID="true_1090">广播信息设置</text>
      <target FeatureID="true_1090" href="MCE_HLP_SETTINGS_CB.html">广播信息设置</target>
   </keywords>
   <keywords>
      <text FeatureID="-1">收件箱</text>
      <target FeatureID="-1" href="MCE_HLP_INBOX.html">收件箱</target>
   </keywords>
   <keywords>
      <text FeatureID="-1">我的文件夹</text>
      <target FeatureID="-1" href="MCE_HLP_DOCUMENTS.html">我的文件夹</target>
   </keywords>
   <keywords>
      <text FeatureID="-1">储存信息</text>
      <target FeatureID="-1" href="MCE_HLP_DOCUMENTS.html">我的文件夹</target>
   </keywords>
   <keywords>
      <text FeatureID="-1">发送常用短语</text>
      <target FeatureID="-1" href="MCE_HLP_TEMPLATES.html">信息常用短语</target>
   </keywords>
   <keywords>
      <text FeatureID="-1">信息常用短语</text>
      <target FeatureID="-1" href="MCE_HLP_TEMPLATES.html">信息常用短语</target>
   </keywords>
   <keywords>
      <text FeatureID="-1">整理信息</text>
      <target FeatureID="-1" href="MCE_HLP_FOLDER.html">整理信息</target>
   </keywords>
   <keywords>
      <text FeatureID="-1">储存草稿信息</text>
      <target FeatureID="-1" href="MCE_HLP_DRAFTS.html">草稿</target>
   </keywords>
   <keywords>
      <text FeatureID="-1">草稿信息</text>
      <target FeatureID="-1" href="MCE_HLP_DRAFTS.html">草稿</target>
   </keywords>
   <keywords>
      <text FeatureID="-1">发出的信息</text>
      <target FeatureID="-1" href="MCE_HLP_SENT_ITEMS.html">发出的信息</target>
   </keywords>
   <keywords>
      <text FeatureID="-1">查看发件箱</text>
      <target FeatureID="-1" href="MCE_HLP_OUTBOX.html">发件箱</target>
   </keywords>
   <keywords>
      <text FeatureID="-1">发送情况报告</text>
      <target FeatureID="-1" href="MCE_HLP_DELIVERY_REPORTS.html">发送情况报告</target>
   </keywords>
   <keywords>
      <text FeatureID="true_1132">彩信通知</text>
      <target FeatureID="true_1132" href="MCE_HLP_MMS_NOTIFICATIONS.html">彩信通知</target>
   </keywords>
</keywords>