<?xml version="1.0" encoding="UTF-8"?>
<keywords>
   <keywords>
      <text FeatureID="-1">средство для чтения сообщений, язык</text>
      <target FeatureID="-1" href="SPEECH_HLP_MAIN.html">Настройки речи</target>
   </keywords>
   <keywords>
      <text FeatureID="-1">программа чтения сообщений, голос</text>
      <target FeatureID="-1" href="SPEECH_HLP_MAIN.html">Настройки речи</target>
   </keywords>
   <keywords>
      <text FeatureID="-1">чтение сообщений</text>
      <target FeatureID="-1" href="SPEECH_HLP_VOICE.html">Сведения о голосе</target>
   </keywords>
   <keywords>
      <text FeatureID="-1">программа чтения сообщений, настройки</text>
      <target FeatureID="-1" href="SPEECH_HLP_MRSETTINGS.html">Настройки программы чтения сообщений</target>
   </keywords>
</keywords>