<?xml version="1.0" encoding="UTF-8"?>
<keywords>
   <keywords>
      <text FeatureID="-1">Photos</text>
      <target FeatureID="-1" href="LGAL_HLP_ALBUM_LIST.html">Albums</target>
      <target FeatureID="-1" href="LGAL_HLP_ALL_GRID.html">Browse all media files</target>
      <target FeatureID="-1" href="LGAL_HLP_ALBUM_GRID.html">Browse media files in albums</target>
      <target FeatureID="-1" href="LGAL_HLP_TAGS_GRID.html">Browse tagged media files</target>
      <target FeatureID="-1" href="LGAL_HLP_DETAILS_VIEW.html">View and edit file details</target>
      <target FeatureID="-1" href="LGAL_HLP_TAGS_BROWSER.html">Tags</target>
      <target FeatureID="-1" href="LGAL_HLP_MONTH_FULLSCREEN.html">View media files by month</target>
      <target FeatureID="-1" href="LGAL_HLP_MONTH_GRID.html">Browse media files by month</target>
      <target FeatureID="-1" href="LGAL_HLP_VIEW_LIST.html">Photos</target>
      <target FeatureID="-1" href="LGAL_HLP_MONTH_LIST.html">Months</target>
      <target FeatureID="-1" href="LGAL_HLP_SLIDESHOW_SETTINGS.html">Slide show settings</target>
      <target FeatureID="-1" href="LGAL_HLP_ALL_FULLSCREEN.html">View all media files</target>
      <target FeatureID="-1" href="LGAL_HLP_ALBUM_FULLSCREEN.html">View media files in albums</target>
      <target FeatureID="-1" href="LGAL_HLP_TAGS_FULLSCREEN.html">View tagged media files</target>
   </keywords>
   <keywords>
      <text FeatureID="-1">albums</text>
      <target FeatureID="-1" href="LGAL_HLP_ALBUM_LIST.html">Albums</target>
      <target FeatureID="-1" href="LGAL_HLP_ALBUM_GRID.html">Browse media files in albums</target>
      <target FeatureID="-1" href="LGAL_HLP_VIEW_LIST.html">Photos</target>
      <target FeatureID="-1" href="LGAL_HLP_ALBUM_FULLSCREEN.html">View media files in albums</target>
   </keywords>
   <keywords>
      <text FeatureID="-1">tags</text>
      <target FeatureID="-1" href="LGAL_HLP_TAGS_GRID.html">Browse tagged media files</target>
      <target FeatureID="-1" href="LGAL_HLP_TAGS_BROWSER.html">Tags</target>
      <target FeatureID="-1" href="LGAL_HLP_VIEW_LIST.html">Photos</target>
      <target FeatureID="-1" href="LGAL_HLP_TAGS_FULLSCREEN.html">View tagged media files</target>
   </keywords>
   <keywords>
      <text FeatureID="-1">slide show</text>
      <target FeatureID="-1" href="LGAL_HLP_SLIDESHOW_SETTINGS.html">Slide show settings</target>
   </keywords>
</keywords>