<?xml version="1.0" encoding="UTF-8"?>
<keywords>
   <keywords>
      <text FeatureID="-1">tečaji</text>
      <target FeatureID="-1" href="CNV_HLP_RATES.html">Nastavljanje valute</target>
   </keywords>
   <keywords>
      <text FeatureID="-1">osnovna valuta</text>
      <target FeatureID="-1" href="CNV_HLP_RATES.html">Nastavljanje valute</target>
   </keywords>
   <keywords>
      <text FeatureID="-1">valuta, pretvarjanje</text>
      <target FeatureID="-1" href="CNV_HLP_RATES.html">Nastavljanje valute</target>
   </keywords>
   <keywords>
      <text FeatureID="-1">pretvornik</text>
      <target FeatureID="-1" href="CNV_HLP_MAIN_STATE.html">Pretvarjanje enot</target>
   </keywords>
   <keywords>
      <text FeatureID="-1">pretvarjanje valut</text>
      <target FeatureID="-1" href="CNV_HLP_MAIN_STATE.html">Pretvarjanje enot</target>
   </keywords>
</keywords>