<?xml version="1.0" encoding="UTF-8"?>
<keywords>
   <keywords>
      <text FeatureID="-1">zvukové motivy</text>
      <target FeatureID="-1" href="AUDIOTHEME_HLP_EVENTGROUPS.html">Změna zvukových motivů</target>
      <target FeatureID="-1" href="SET_HLP_AUDIO_THEME_EVENTSLIST.html">Zvuky událostí přístroje</target>
   </keywords>
   <keywords>
      <text FeatureID="-1">přizpůsobení přístroje</text>
      <target FeatureID="-1" href="AUDIOTHEME_HLP_EVENTGROUPS.html">Změna zvukových motivů</target>
      <target FeatureID="-1" href="SET_HLP_AUDIO_THEME_EVENTSLIST.html">Zvuky událostí přístroje</target>
   </keywords>
   <keywords>
      <text FeatureID="-1">zvuky přístroje</text>
      <target FeatureID="-1" href="AUDIOTHEME_HLP_EVENTGROUPS.html">Změna zvukových motivů</target>
      <target FeatureID="-1" href="SET_HLP_AUDIO_THEME_EVENTSLIST.html">Zvuky událostí přístroje</target>
   </keywords>
</keywords>