<?xml version="1.0" encoding="UTF-8"?>
<keywords>
   <keywords>
      <text FeatureID="true_1604">إدخال النص</text>
      <target FeatureID="true_1604" href="HWR_HLP_MAIN_VIEW.html">تمييز الكتابة</target>
   </keywords>
   <keywords>
      <text FeatureID="true_1604">تمييز الكتابة</text>
      <target FeatureID="true_1604" href="HWR_HLP_MAIN_VIEW.html">تمييز الكتابة</target>
   </keywords>
   <keywords>
      <text FeatureID="true_1603 true_410">الإدخال اللمسي</text>
      <target FeatureID="true_1603" href="VQWERTY_HLP_MAIN_VIEW.html">لوحة المفاتيح الافتراضية</target>
      <target FeatureID="true_410" href="VITU_HLP_MAIN_VIEW.html">لوحة المفاتيح الافتراضية</target>
   </keywords>
   <keywords>
      <text FeatureID="true_410">لوحة المفاتيح الافتراضية</text>
      <target FeatureID="true_410" href="VITU_HLP_MAIN_VIEW.html">لوحة المفاتيح الافتراضية</target>
   </keywords>
</keywords>