<?xml version="1.0" encoding="UTF-8"?><?xml-stylesheet  href="../../theme/xsl/index2html.xslt" type="text/xsl"?>
<topics FeatureID="-1" title="کيلنڈر" compressed="true">
   <topicref FeatureID="-1" href="CALE_HLP_NOTE_VIEWER.html" navtitle="کیلنڈر اندراجات"/>
   <topicref FeatureID="-1" href="CALE_HLP_SETTINGS.html" navtitle="کيلنڈر کي ترتيبات"/>
   <topicref FeatureID="-1" href="CALE_HLP_DAY_VIEW.html" navtitle="دن کا ويو"/>
   <topicref FeatureID="-1" href="CALE_HLP_NOTE_MEETING.html" navtitle="اندراجاتیِ ملاقات"/>
   <topicref FeatureID="-1" href="CALE_HLP_MONTH_VIEW.html" navtitle="مہينہ کا ويو"/>
   <topicref FeatureID="-1" href="CALE_HLP_TODO_NOTE.html" navtitle="کام کے اندراج"/>
   <topicref FeatureID="-1" href="CALE_HLP_TODO_VIEW.html" navtitle="اہم کام کا ويو"/>
   <topicref FeatureID="-1" href="CALE_HLP_WEEK_VIEW.html" navtitle="ہفتے کا ويو"/>
   <topicref FeatureID="-1" href="CALE_HLP_CALENDAR_DATABASE_SETTINGS.html" navtitle="متعدد کیلنڈر کی ترتیبات"/>
   <topicref FeatureID="-1" href="CALE_HLP_CALE_MAN_VIEW.html" navtitle="کیلنڈرز کے انتظام کا ویو"/>
   <topicref FeatureID="-1" href="CALE_HLP_ATTACH_VIEW.html" navtitle="منسلکہ ویو"/>
   <topicref FeatureID="-1" href="CALE_HLP_MAV.html" navtitle="چھوٹے گئے الارم کا ویو"/>
</topics>