<?xml version="1.0" encoding="UTF-8"?>
<keywords>
   <keywords>
      <text FeatureID="-1">کيلنڈر</text>
      <target FeatureID="-1" href="CALE_HLP_NOTE_VIEWER.html">کیلنڈر اندراجات</target>
      <target FeatureID="-1" href="CALE_HLP_DAY_VIEW.html">دن کا ويو</target>
      <target FeatureID="-1" href="CALE_HLP_NOTE_MEETING.html">اندراجاتیِ ملاقات</target>
      <target FeatureID="-1" href="CALE_HLP_MONTH_VIEW.html">مہينہ کا ويو</target>
      <target FeatureID="-1" href="CALE_HLP_TODO_NOTE.html">کام کے اندراج</target>
      <target FeatureID="-1" href="CALE_HLP_TODO_VIEW.html">اہم کام کا ويو</target>
      <target FeatureID="-1" href="CALE_HLP_WEEK_VIEW.html">ہفتے کا ويو</target>
      <target FeatureID="-1" href="CALE_HLP_CALENDAR_DATABASE_SETTINGS.html">متعدد کیلنڈر کی ترتیبات</target>
      <target FeatureID="-1" href="CALE_HLP_CALE_MAN_VIEW.html">کیلنڈرز کے انتظام کا ویو</target>
      <target FeatureID="-1" href="CALE_HLP_ATTACH_VIEW.html">منسلکہ ویو</target>
      <target FeatureID="-1" href="CALE_HLP_MAV.html">چھوٹے گئے الارم کا ویو</target>
   </keywords>
   <keywords>
      <text FeatureID="-1">ملاقاتیں</text>
      <target FeatureID="-1" href="CALE_HLP_NOTE_VIEWER.html">کیلنڈر اندراجات</target>
      <target FeatureID="-1" href="CALE_HLP_NOTE_MEETING.html">اندراجاتیِ ملاقات</target>
   </keywords>
   <keywords>
      <text FeatureID="-1">اہم کام کے نوٹس</text>
      <target FeatureID="-1" href="CALE_HLP_NOTE_VIEWER.html">کیلنڈر اندراجات</target>
      <target FeatureID="-1" href="CALE_HLP_TODO_NOTE.html">کام کے اندراج</target>
   </keywords>
   <keywords>
      <text FeatureID="-1">کيلنڈر کي ترتيبات</text>
      <target FeatureID="-1" href="CALE_HLP_SETTINGS.html">کيلنڈر کي ترتيبات</target>
   </keywords>
   <keywords>
      <text FeatureID="-1">اہم کام کی فہرست</text>
      <target FeatureID="-1" href="CALE_HLP_TODO_VIEW.html">اہم کام کا ويو</target>
   </keywords>
   <keywords>
      <text FeatureID="-1">ترتيبات, کيلنڈر</text>
      <target FeatureID="-1" href="CALE_HLP_CALENDAR_DATABASE_SETTINGS.html">متعدد کیلنڈر کی ترتیبات</target>
   </keywords>
   <keywords>
      <text FeatureID="-1">منسلکات</text>
      <target FeatureID="-1" href="CALE_HLP_ATTACH_VIEW.html">منسلکہ ویو</target>
   </keywords>
   <keywords>
      <text FeatureID="-1">الارمز، کيلنڈر نوٹ</text>
      <target FeatureID="-1" href="CALE_HLP_MAV.html">چھوٹے گئے الارم کا ویو</target>
   </keywords>
</keywords>