<?xml version="1.0" encoding="UTF-8"?>
<keywords>
   <keywords>
      <text FeatureID="-1">کيلنڈر</text>
      <target FeatureID="-1" href="CALE_HLP_NOTE_ANNIVERSARY.html">سالانہ اندراج</target>
      <target FeatureID="-1" href="CALE_HLP_NOTE_VIEWER.html">کیلنڈر اندراجات</target>
      <target FeatureID="-1" href="CALE_HLP_DAY_VIEW.html">دن کا ويو</target>
      <target FeatureID="-1" href="CALE_HLP_NOTE_MEETING.html">اندراجاتیِ ملاقات</target>
      <target FeatureID="-1" href="CALE_HLP_NOTE_DAY.html">ميمو کے اندراجات</target>
      <target FeatureID="-1" href="CALE_HLP_MONTH_VIEW.html">مہينہ کا ويو</target>
      <target FeatureID="-1" href="CALE_HLP_TODO_NOTE.html">کام کے اندراج</target>
      <target FeatureID="-1" href="CALE_HLP_TODO_VIEW.html">اہم کام کا ويو</target>
      <target FeatureID="-1" href="CALE_HLP_WEEK_VIEW.html">ہفتے کا ويو</target>
   </keywords>
   <keywords>
      <text FeatureID="-1">سالانہ واقعات کے نوٹس</text>
      <target FeatureID="-1" href="CALE_HLP_NOTE_ANNIVERSARY.html">سالانہ اندراج</target>
      <target FeatureID="-1" href="CALE_HLP_NOTE_VIEWER.html">کیلنڈر اندراجات</target>
   </keywords>
   <keywords>
      <text FeatureID="-1">ملاقاتیں</text>
      <target FeatureID="-1" href="CALE_HLP_NOTE_VIEWER.html">کیلنڈر اندراجات</target>
      <target FeatureID="-1" href="CALE_HLP_NOTE_MEETING.html">اندراجاتیِ ملاقات</target>
   </keywords>
   <keywords>
      <text FeatureID="-1">ميمو نوٹس</text>
      <target FeatureID="-1" href="CALE_HLP_NOTE_VIEWER.html">کیلنڈر اندراجات</target>
      <target FeatureID="-1" href="CALE_HLP_NOTE_DAY.html">ميمو کے اندراجات</target>
   </keywords>
   <keywords>
      <text FeatureID="-1">اہم کام کے نوٹس</text>
      <target FeatureID="-1" href="CALE_HLP_NOTE_VIEWER.html">کیلنڈر اندراجات</target>
      <target FeatureID="-1" href="CALE_HLP_TODO_NOTE.html">کام کے اندراج</target>
   </keywords>
   <keywords>
      <text FeatureID="-1">کيلنڈر کي ترتيبات</text>
      <target FeatureID="-1" href="CALE_HLP_SETTINGS.html">کيلنڈر کي ترتيبات</target>
   </keywords>
   <keywords>
      <text FeatureID="-1">اہم کام کی فہرست</text>
      <target FeatureID="-1" href="CALE_HLP_TODO_VIEW.html">اہم کام کا ويو</target>
   </keywords>
</keywords>