<?xml version="1.0" encoding="UTF-8"?>
<keywords>
   <keywords>
      <text FeatureID="-1">категории ориентиров</text>
      <target FeatureID="-1" href="LM_HLP_LM_BY_CATEGORY.html">Категории ориентиров</target>
      <target FeatureID="-1" href="LM_HLP_EDIT_CATEGORIES.html">Изменение категорий ориентира</target>
   </keywords>
   <keywords>
      <text FeatureID="-1">ориентиры</text>
      <target FeatureID="-1" href="LM_HLP_LM_BY_NAME.html">Просмотр ориентиров по имени</target>
      <target FeatureID="-1" href="LM_HLP_CATEGORY_CONTENTS.html">Ориентиры в категориях</target>
      <target FeatureID="-1" href="LM_HLP_LM_VIEWER.html">Сведения ориентиров</target>
   </keywords>
   <keywords>
      <text FeatureID="-1">изменение ориентиров</text>
      <target FeatureID="-1" href="LM_HLP_LM_EDITOR.html">Изменение ориентира</target>
   </keywords>
</keywords>