<?xml version="1.0" encoding="UTF-8"?>
<keywords>
   <keywords>
      <text FeatureID="-1">breyta minnispunktum</text>
      <target FeatureID="-1" href="NMAKE_HLP_MEMO_VIEWER_EDIT.html">Minnismiðum breytt í forritum</target>
   </keywords>
   <keywords>
      <text FeatureID="-1">móttaka minnismiða</text>
      <target FeatureID="-1" href="NMAKE_HLP_MEMO_VIEWER.html">Mótteknir minnismiðar skoðaðir</target>
   </keywords>
   <keywords>
      <text FeatureID="-1">sniðmát skilaboða</text>
      <target FeatureID="-1" href="NMAKE_HLP_TEMPLATE_EDITOR.html">Sniðmát fyrir skilaboð skrifuð</target>
   </keywords>
   <keywords>
      <text FeatureID="-1">búa til sniðmát fyrir skilaboð</text>
      <target FeatureID="-1" href="NMAKE_HLP_TEMPLATE_EDITOR.html">Sniðmát fyrir skilaboð skrifuð</target>
   </keywords>
   <keywords>
      <text FeatureID="-1">skrifa sniðmát skilaboða</text>
      <target FeatureID="-1" href="NMAKE_HLP_TEMPLATE_EDITOR.html">Sniðmát fyrir skilaboð skrifuð</target>
   </keywords>
   <keywords>
      <text FeatureID="-1">listi minnismiða</text>
      <target FeatureID="-1" href="NMAKE_HLP_MEMO_LIST.html">Listi minnismiða</target>
   </keywords>
   <keywords>
      <text FeatureID="-1">skrifa minnismiða</text>
      <target FeatureID="-1" href="NMAKE_HLP_MEMO_LIST.html">Listi minnismiða</target>
      <target FeatureID="-1" href="NMAKE_HLP_MEMO_EDITOR_APPS.html">Minnismiðar skrifaðir í forritum</target>
      <target FeatureID="-1" href="NMAKE_HLP_MEMO_EDITOR.html">Minnismiðar skrifaðir</target>
   </keywords>
</keywords>