<?xml version="1.0" encoding="UTF-8"?>
<keywords>
   <keywords>
      <text FeatureID="-1">GPS-gögn</text>
      <target FeatureID="-1" href="HLP_BLID_NAVIGATION.html">Leiðsöguskjár</target>
      <target FeatureID="false_112" href="BLID_HLP_WAYPOINTS.html">Vistaðar staðsetningar</target>
      <target FeatureID="-1" href="HLP_BLID_TRIPMETER.html">Lengd ferðar</target>
   </keywords>
   <keywords>
      <text FeatureID="-1">leiðsögn að stað</text>
      <target FeatureID="-1" href="HLP_BLID_NAVIGATION.html">Leiðsöguskjár</target>
   </keywords>
   <keywords>
      <text FeatureID="false_112">vista staðsetningar</text>
      <target FeatureID="false_112" href="BLID_HLP_WAYPOINTS.html">Vistaðar staðsetningar</target>
   </keywords>
   <keywords>
      <text FeatureID="-1">stillingar leiðsagnar</text>
      <target FeatureID="-1" href="BLID_HLP_SETTINGS.html">Stillingar GPS-gagna</target>
   </keywords>
   <keywords>
      <text FeatureID="-1">Stillingar GPS-gagna</text>
      <target FeatureID="-1" href="BLID_HLP_SETTINGS.html">Stillingar GPS-gagna</target>
   </keywords>
   <keywords>
      <text FeatureID="-1">ferða­upp­lýsingar</text>
      <target FeatureID="-1" href="HLP_BLID_TRIPMETER.html">Lengd ferðar</target>
      <target FeatureID="-1" href="HLP_BLID_TRIPMETER.html">Lengd ferðar</target>
   </keywords>
</keywords>