<?xml version="1.0" encoding="UTF-8"?>
<keywords>
   <keywords>
      <text FeatureID="-1">postcard</text>
      <target FeatureID="-1" href="MMS_POSTCARD_HLP_ADDRESS_EDIT.html">Adressen bearbeiten</target>
      <target FeatureID="-1" href="POSTCARD_HLP_ADDRESS_VIEW.html">Adressen anzeigen</target>
      <target FeatureID="-1" href="POSTCARD_HLP_GREETING_EDIT.html">Grußtexte verfassen</target>
      <target FeatureID="-1" href="POSTCARD_HLP_GREETING_VIEW.html">Grußtexte anzeigen</target>
      <target FeatureID="-1" href="MMS_POSTCARD_HLP_MAIN_EDIT.html">Postkarten erstellen</target>
   </keywords>
   <keywords>
      <text FeatureID="-1">Postkarten senden</text>
      <target FeatureID="-1" href="MMS_POSTCARD_HLP_ADDRESS_EDIT.html">Adressen bearbeiten</target>
      <target FeatureID="-1" href="POSTCARD_HLP_GREETING_EDIT.html">Grußtexte verfassen</target>
      <target FeatureID="-1" href="MMS_POSTCARD_HLP_MAIN_EDIT.html">Postkarten erstellen</target>
   </keywords>
   <keywords>
      <text FeatureID="-1">Postkarten</text>
      <target FeatureID="-1" href="MMS_POSTCARD_HLP_MAIN_VIEW.html">Postkarten anzeigen</target>
   </keywords>
</keywords>