<?xml version="1.0" encoding="UTF-8"?><?xml-stylesheet  href="../../theme/xsl/index2html.xslt" type="text/xsl"?>
<topics FeatureID="-1" title="Vídeos i TV" compressed="true">
   <topicref FeatureID="-1" href="IPTV_HLP_MAIN_STATE.html" navtitle="Vídeos i TV"/>
   <topicref FeatureID="-1" href="IPTV_HLP_VODCAST_MAIN.html" navtitle="Fonts de vídeo"/>
   <topicref FeatureID="-1" href="IPTV_HLP_SERVICE_SELECTION_VOD.html" navtitle="Seleccionar serveis de vídeo"/>
   <topicref FeatureID="-1" href="IPTV_HLP_VOD_CATEGORIES.html" navtitle="Categories de vídeo"/>
   <topicref FeatureID="-1" href="IPTV_HLP_VOD.html" navtitle="Visualitzar i descarregar clips de vídeo"/>
   <topicref FeatureID="-1" href="IPTV_HLP_SCHEDULE_DOWNLOAD.html" navtitle="Programar descàrregues"/>
   <topicref FeatureID="-1" href="IPTV_HLP_STORAGE.html" navtitle="Els meus vídeos"/>
   <topicref FeatureID="-1" href="IPTV_HLP_SETTINGS.html" navtitle="Configuració de Vídeos i TV"/>
   <topicref FeatureID="-1" href="IPTV_HLP_SERVICE_SEL_VODCAST.html" navtitle="Seleccionar fonts de vídeo"/>
   <topicref FeatureID="-1" href="IPTV_HLP_ADD_SERVICE.html" navtitle="Afegir fonts de vídeo"/>
</topics>