<?xml version="1.0" encoding="UTF-8"?>
<keywords>
   <keywords>
      <text FeatureID="-1">Vídeos i TV</text>
      <target FeatureID="-1" href="IPTV_HLP_MAIN_STATE.html">Vídeos i TV</target>
      <target FeatureID="-1" href="IPTV_HLP_VODCAST_MAIN.html">Fonts de vídeo</target>
      <target FeatureID="-1" href="IPTV_HLP_SERVICE_SELECTION_VOD.html">Seleccionar serveis de vídeo</target>
      <target FeatureID="-1" href="IPTV_HLP_VOD_CATEGORIES.html">Categories de vídeo</target>
      <target FeatureID="-1" href="IPTV_HLP_VOD.html">Visualitzar i descarregar clips de vídeo</target>
      <target FeatureID="-1" href="IPTV_HLP_SCHEDULE_DOWNLOAD.html">Programar descàrregues</target>
      <target FeatureID="-1" href="IPTV_HLP_STORAGE.html">Els meus vídeos</target>
      <target FeatureID="-1" href="IPTV_HLP_SERVICE_SEL_VODCAST.html">Seleccionar fonts de vídeo</target>
      <target FeatureID="-1" href="IPTV_HLP_ADD_SERVICE.html">Afegir fonts de vídeo</target>
   </keywords>
   <keywords>
      <text FeatureID="-1">fonts de vídeo</text>
      <target FeatureID="-1" href="IPTV_HLP_VODCAST_MAIN.html">Fonts de vídeo</target>
      <target FeatureID="-1" href="IPTV_HLP_VOD_CATEGORIES.html">Categories de vídeo</target>
      <target FeatureID="-1" href="IPTV_HLP_SERVICE_SEL_VODCAST.html">Seleccionar fonts de vídeo</target>
      <target FeatureID="-1" href="IPTV_HLP_ADD_SERVICE.html">Afegir fonts de vídeo</target>
   </keywords>
   <keywords>
      <text FeatureID="-1">descàrregues, clips de vídeo</text>
      <target FeatureID="-1" href="IPTV_HLP_VOD.html">Visualitzar i descarregar clips de vídeo</target>
      <target FeatureID="-1" href="IPTV_HLP_SCHEDULE_DOWNLOAD.html">Programar descàrregues</target>
   </keywords>
   <keywords>
      <text FeatureID="-1">Vídeos i TV, configuració</text>
      <target FeatureID="-1" href="IPTV_HLP_SETTINGS.html">Configuració de Vídeos i TV</target>
   </keywords>
   <keywords>
      <text FeatureID="-1">configuració, vídeo</text>
      <target FeatureID="-1" href="IPTV_HLP_SETTINGS.html">Configuració de Vídeos i TV</target>
   </keywords>
</keywords>