<?xml version="1.0" encoding="UTF-8"?>
<keywords>
   <keywords>
      <text FeatureID="-1">رادیو</text>
      <target FeatureID="-1" href="FMRADIO_HLP_MAIN.html">گوش دادن به رادیو</target>
      <target FeatureID="-1" href="FMRADIO_HLP_SEARCH.html">جستجوی ایستگاه ها</target>
      <target FeatureID="-1" href="FMRADIO_HLP_LIST.html"> مدیریت ایستگاه های رادیویی</target>
   </keywords>
   <keywords>
      <text FeatureID="-1">رادیو FM</text>
      <target FeatureID="-1" href="FMRADIO_HLP_MAIN.html">گوش دادن به رادیو</target>
      <target FeatureID="-1" href="FMRADIO_HLP_SEARCH.html">جستجوی ایستگاه ها</target>
      <target FeatureID="-1" href="FMRADIO_HLP_LIST.html"> مدیریت ایستگاه های رادیویی</target>
   </keywords>
</keywords>