<?xml version="1.0" encoding="UTF-8"?>
<keywords>
   <keywords>
      <text FeatureID="-1">συγχρονισμός</text>
      <target FeatureID="-1" href="OTASYNCBU_HLP_MAIN.html">Συγχρονισμός Ovi</target>
   </keywords>
   <keywords>
      <text FeatureID="-1">Συγχρονισμός Ovi</text>
      <target FeatureID="-1" href="OTASYNCBU_HLP_MAIN.html">Συγχρονισμός Ovi</target>
      <target FeatureID="-1" href="OTASYNCBU_HLP_SETTINGS.html">Ρυθμίσεις συγχρονισμού Ovi</target>
   </keywords>
</keywords>