<?xml version="1.0" encoding="UTF-8"?>
<keywords>
   <keywords>
      <text FeatureID="-1">发送信息</text>
      <target FeatureID="-1" href="UNIFIED_HLP_EDITOR.html">写信息</target>
   </keywords>
   <keywords>
      <text FeatureID="-1">信息编辑器</text>
      <target FeatureID="-1" href="UNIFIED_HLP_EDITOR.html">写信息</target>
   </keywords>
   <keywords>
      <text FeatureID="-1">信息</text>
      <target FeatureID="-1" href="UNIFIED_HLP_SENDING_OPTIONS.html">发送选项</target>
   </keywords>
   <keywords>
      <text FeatureID="-1">发送选项</text>
      <target FeatureID="-1" href="UNIFIED_HLP_SENDING_OPTIONS.html">发送选项</target>
   </keywords>
   <keywords>
      <text FeatureID="-1">媒体对象</text>
      <target FeatureID="-1" href="UNIFIED_HLP_ED_OBJECTS.html">收到的媒体对象</target>
   </keywords>
   <keywords>
      <text FeatureID="-1">多媒体对象</text>
      <target FeatureID="-1" href="UNIFIED_HLP_ED_OBJECTS.html">收到的媒体对象</target>
   </keywords>
</keywords>