<?xml version="1.0" encoding="UTF-8"?>
<keywords>
   <keywords>
      <text FeatureID="true_1116">envieu entrades d'agenda</text>
      <target FeatureID="true_1116" href="SMART_HLP_CALENDAREDITOR.html">Envieu entrades d'agenda</target>
   </keywords>
   <keywords>
      <text FeatureID="true_1114">recepció d'entrades d'agenda</text>
      <target FeatureID="true_1114" href="SMART_HLP_CALENDARVIEWER.html">Entrades d'agenda rebudes</target>
   </keywords>
   <keywords>
      <text FeatureID="true_1114">entrades d'agenda</text>
      <target FeatureID="true_1114" href="SMART_HLP_CALPULLMESVIEWER.html">Descàrrega d'entrades d'agenda</target>
   </keywords>
   <keywords>
      <text FeatureID="true_1117 true_1115">targetes de visita</text>
      <target FeatureID="true_1117" href="SMART_HLP_BUSINESSEDITOR.html">Envieu targetes de visita</target>
      <target FeatureID="true_1115" href="SMART_HLP_BUSINESSVIEWER.html">Targetes de visita rebudes</target>
      <target FeatureID="true_1115" href="SMART_HLP_BUSPULLMESVIEWER.html">Descàrrega de targetes de visita</target>
   </keywords>
   <keywords>
      <text FeatureID="true_1111">tons de trucada</text>
      <target FeatureID="true_1111" href="SMART_HLP_RINGVIEWER.html">Tons de trucada rebuts</target>
   </keywords>
   <keywords>
      <text FeatureID="true_1110">logotips de l'operador</text>
      <target FeatureID="true_1110" href="SMART_HLP_OPLOGOVIEWER.html">Logotips de l'operador rebuts</target>
   </keywords>
   <keywords>
      <text FeatureID="true_1106">adreces d'interès</text>
      <target FeatureID="true_1106" href="SMART_HLP_ONEBOOKVIEWER.html">Adreces d'interès rebudes</target>
   </keywords>
   <keywords>
      <text FeatureID="true_1112">recepció d'imatges</text>
      <target FeatureID="true_1112" href="SMART_HLP_GMSVIEWER.html">Visualitzeu missatges d'imatge</target>
   </keywords>
   <keywords>
      <text FeatureID="true_1112">missatges d'imatge</text>
      <target FeatureID="true_1112" href="SMART_HLP_GMSVIEWER.html">Visualitzeu missatges d'imatge</target>
   </keywords>
   <keywords>
      <text FeatureID="true_1537">configuració de la unitat remota</text>
      <target FeatureID="true_1537" href="SMART_HLP_REMOTEDRIVES_VIEWER.html">Recepció de la configuració de la unitat remota</target>
      <target FeatureID="true_1537" href="SMART_HLP_REMOTEDRIVES_EDITOR.html">Enviament de la configuració de la unitat remota</target>
   </keywords>
</keywords>