<?xml version="1.0" encoding="UTF-8"?>
<keywords>
   <keywords>
      <text FeatureID="-1">condivisione video</text>
      <target FeatureID="true_208" href="MSH_HLP_LIVE.html">Condividere video live</target>
      <target FeatureID="-1" href="MSH_HLP_CLIP.html">Condividere clip video</target>
      <target FeatureID="-1" href="MSH_HLP_SETTINGS.html">Impostazioni condivisione video</target>
      <target FeatureID="-1" href="MSH_HLP_RECEIVE.html">Visualizzare video condivisi</target>
   </keywords>
</keywords>