<?xml version="1.0" encoding="UTF-8"?>
<keywords>
   <keywords>
      <text FeatureID="-1">anniversary entries</text>
      <target FeatureID="-1" href="FSCA_HLP_ANNIVERSARY_EDITOR.html">Create anniversary entries</target>
      <target FeatureID="-1" href="FSCA_HLP_ANNI_VIEWER.html">Edit anniversary entries</target>
   </keywords>
   <keywords>
      <text FeatureID="-1">meeting entries</text>
      <target FeatureID="-1" href="FSCA_HLP_CALE_MEETING_EDITOR.html">Create meeting entries</target>
      <target FeatureID="-1" href="FSCA_HLP_CALE_MEETING_VIEWER.html">Edit meeting entries</target>
   </keywords>
   <keywords>
      <text FeatureID="-1">memo entries</text>
      <target FeatureID="-1" href="FSCA_HLP_MEMO_EDITOR.html">Create memo entries</target>
      <target FeatureID="-1" href="FSCA_HLP_MEMO_VIEWER.html">Edit memo entries</target>
   </keywords>
   <keywords>
      <text FeatureID="-1">to-do entries</text>
      <target FeatureID="-1" href="FSCA_HLP_TODO_EDITOR.html">Create to-do entries</target>
      <target FeatureID="-1" href="FSCA_HLP_TODO_VIEWER.html">Edit to-do entries</target>
   </keywords>
   <keywords>
      <text FeatureID="-1">meeting requests</text>
      <target FeatureID="-1" href="FSCA_HLP_RESPONSE_EDITOR.html">Edit your response</target>
      <target FeatureID="-1" href="FSCA_HLP_VIEWER_ORGANIZER.html">Manage meeting requests</target>
      <target FeatureID="-1" href="MEET_REQ_HLP_EDITOR.html">Received meeting requests</target>
      <target FeatureID="-1" href="FSCA_HLP_VIEWER.html">Respond to meeting requests</target>
   </keywords>
   <keywords>
      <text FeatureID="-1">contacts</text>
      <target FeatureID="-1" href="RLOOK_HLP_INFO_VIEW.html">Gestion des contacts trouvés</target>
   </keywords>
   <keywords>
      <text FeatureID="-1">contacts, rechercher</text>
      <target FeatureID="-1" href="RLOOK_HLP_RESULT_VIEW.html">Résultats de recherche</target>
   </keywords>
   <keywords>
      <text FeatureID="-1">courriel, pièces jointes</text>
      <target FeatureID="-1" href="FSE_HLP_ATTACHMENT_LIST_EDITOR.html">Ajouter des pièces jointes</target>
   </keywords>
   <keywords>
      <text FeatureID="-1">supprimer des courriels</text>
      <target FeatureID="-1" href="FSE_HLP_MESSAGE_LIST_DELETED.html">Courriels supprimés</target>
   </keywords>
   <keywords>
      <text FeatureID="-1">téléchargement des pièces jointes aux courriels</text>
      <target FeatureID="-1" href="FSE_HLP_ATTACHMENT_LIST.html">Télécharger les pièces jointes</target>
   </keywords>
   <keywords>
      <text FeatureID="-1">brouillon de courriel</text>
      <target FeatureID="-1" href="FSE_HLP_MESSAGE_LIST_DRAFTS.html">Faire un brouillon de courriel</target>
   </keywords>
   <keywords>
      <text FeatureID="-1">Courriel Nokia</text>
      <target FeatureID="-1" href="FSE_HLP_LAUNCHER_GRID.html">Courriel Nokia</target>
   </keywords>
   <keywords>
      <text FeatureID="-1">courriel</text>
      <target FeatureID="-1" href="FSE_HLP_LAUNCHER_GRID.html">Courriel Nokia</target>
   </keywords>
   <keywords>
      <text FeatureID="-1">dossiers de courriel</text>
      <target FeatureID="-1" href="FSE_HLP_FOLDER_LIST.html">Dossiers de courriel</target>
      <target FeatureID="-1" href="FSE_HLP_SETT_IMAP_SUBSCR.html">Abonnement à des dossiers</target>
      <target FeatureID="-1" href="FSE_HLP_MESSAGE_LIST_INBOX.html">Travailler avec les dossiers de courriel</target>
   </keywords>
   <keywords>
      <text FeatureID="-1">paramètres de courriel</text>
      <target FeatureID="-1" href="FSE_HLP_LAUNCHER_SETTINGS.html">Paramètres généraux de courriel</target>
      <target FeatureID="-1" href="FSE_HLP_POP_IMAP_SETT_MAIN.html">Paramètres de courriel</target>
      <target FeatureID="-1" href="FSE_HLP_MFE_SETTINGS_MAIN_VIEW.html">Paramètres du courriel</target>
   </keywords>
   <keywords>
      <text FeatureID="-1">paramètres de courriel généraux</text>
      <target FeatureID="-1" href="FSE_HLP_SETTINGS_GLOBAL.html">Paramètres de courriel généraux</target>
   </keywords>
   <keywords>
      <text FeatureID="-1">Courriel HTML</text>
      <target FeatureID="-1" href="FS_VIEWER_HLP_HTML_VIEW.html">Courriel en format HTML</target>
   </keywords>
   <keywords>
      <text FeatureID="-1">paramètres de courriel avancés</text>
      <target FeatureID="-1" href="FSE_HLP_POP_IMAP_SETT_ADV.html">paramètres de courriel avancés</target>
   </keywords>
   <keywords>
      <text FeatureID="-1">paramètres de courriel entrant</text>
      <target FeatureID="-1" href="FSE_HLP_POP_IMAP_SETT_INCOMING.html">Paramètres courriels entrants</target>
   </keywords>
   <keywords>
      <text FeatureID="-1">paramètres de courriel sortant</text>
      <target FeatureID="-1" href="FSE_HLP_POP_IMAP_SETT_OUTGOING.html">Paramètres courriels sortants</target>
   </keywords>
   <keywords>
      <text FeatureID="-1">synchronisation du courriel</text>
      <target FeatureID="-1" href="FSE_HLP_POP_IMAP_SETT_WHAT.html">Sélectionner le contenu à synchroniser</target>
   </keywords>
   <keywords>
      <text FeatureID="-1">heure de la synchronisation du courriel</text>
      <target FeatureID="-1" href="FSE_HLP_POP_IMAP_SETT_WHEN.html">Sélectionnez la date et l'heure de la synchronisation</target>
      <target FeatureID="-1" href="FSE_HLP_MFE_SETTINGS_WHEN_SYNC.html">Choisir le moment de la synchronisation</target>
      <target FeatureID="-1" href="FSE_HLP_SETTINGS_WHEN_SYNC.html">Heure de la synchronisation</target>
   </keywords>
   <keywords>
      <text FeatureID="-1">Mail for Exchange</text>
      <target FeatureID="-1" href="FSE_HLP_MFE_LAUNCHER_MAIN_VIEW.html">Courriel Mail for Exchange</target>
   </keywords>
   <keywords>
      <text FeatureID="-1">détails des courriels</text>
      <target FeatureID="-1" href="FS_VIEWER_HLP_DETAILS_VIEW.html">Détails des messages</target>
   </keywords>
   <keywords>
      <text FeatureID="-1">paramètres avancés de boîte aux lettres</text>
      <target FeatureID="-1" href="FSE_HLP_MFE_SETTINGS_ADVANCED.html">Paramètres avancés de la boîte aux lettres</target>
   </keywords>
   <keywords>
      <text FeatureID="-1">paramètres de synchronisation du courriel</text>
      <target FeatureID="-1" href="FSE_HLP_MFE_SETTINGS_PIM_APPS.html">Paramètres de synchronisation des applications</target>
   </keywords>
   <keywords>
      <text FeatureID="-1">synchronisation de l'agenda</text>
      <target FeatureID="-1" href="FSE_HLP_MFE_CALENDAR_APP.html">Paramètres de synchronisation de l'agenda</target>
   </keywords>
   <keywords>
      <text FeatureID="-1">synchronisation des contacts,</text>
      <target FeatureID="-1" href="FSE_HLP_MFE_CONTACTS_APP.html">Paramètres de synchronisation des contacts</target>
   </keywords>
   <keywords>
      <text FeatureID="-1">paramètres boîte lettres</text>
      <target FeatureID="-1" href="FSE_HLP_MFE_SETTINGS_MAILBOX.html">Paramètres généraux de la boîte aux lettres</target>
   </keywords>
   <keywords>
      <text FeatureID="-1">contenu de la synchronisation du courriel</text>
      <target FeatureID="-1" href="FSE_HLP_MFE_SETTINGS_WHAT_SYNC.html">Choisir le contenu de la synchronisation</target>
   </keywords>
   <keywords>
      <text FeatureID="-1">synchronisation des dossiers de courriel</text>
      <target FeatureID="-1" href="FSE_HLP_MFE_SETTINGS_FOLDER.html">Paramètres de synchronisation</target>
   </keywords>
   <keywords>
      <text FeatureID="-1">synchronisation des tâches</text>
      <target FeatureID="-1" href="FSE_HLP_MFE_TASKS_APP.html">Paramètres de synchronisation des tâches</target>
   </keywords>
   <keywords>
      <text FeatureID="-1">aucun courriel</text>
      <target FeatureID="-1" href="FSE_HLP_MESSAGE_LIST_EMPTY.html">Aucun message</target>
   </keywords>
   <keywords>
      <text FeatureID="-1">boîte d'envoi du courriel</text>
      <target FeatureID="-1" href="FSE_HLP_MESSAGE_LIST_OUTBOX.html">Travailler avec la Boîte d'envoi</target>
   </keywords>
   <keywords>
      <text FeatureID="-1">demandes de réunion</text>
      <target FeatureID="-1" href="FS_VIEWER_HLP_MEETING_REQ_VIEW.html">Répondre à une demande de réunion.</target>
   </keywords>
   <keywords>
      <text FeatureID="-1">recherche dans les courriels</text>
      <target FeatureID="-1" href="FSE_HLP_MESSAGE_LIST_SEARCHING.html">Rechercher des courriels</target>
   </keywords>
   <keywords>
      <text FeatureID="-1">résultat de la recherche dans les courriels</text>
      <target FeatureID="-1" href="FSE_HLP_MESSAGE_LIST_SEARCHED.html">Résultats de recherche</target>
   </keywords>
   <keywords>
      <text FeatureID="-1">envoyer un courriel</text>
      <target FeatureID="-1" href="FS_EDITOR_HLP_MAIN_VIEW.html">Envoyer un courriel</target>
   </keywords>
   <keywords>
      <text FeatureID="-1">Service GIP</text>
      <target FeatureID="-1" href="FSE_HLP_SETTINGS_PIM_VIEW.html">Service GIP</target>
   </keywords>
   <keywords>
      <text FeatureID="-1">synchronisation des applications</text>
      <target FeatureID="-1" href="FSE_HLP_SETTINGS_APPLICATIONS.html">Synchronisation des applications</target>
   </keywords>
   <keywords>
      <text FeatureID="-1">courriels reçus</text>
      <target FeatureID="-1" href="FS_VIEWER_HLP_MAIN_VIEW.html">Travailler avec les courriels reçus</target>
   </keywords>
   <keywords>
      <text FeatureID="-1">courriel, paramètres</text>
      <target FeatureID="-1" href="FSE_HLP_SETT.html">Paramètres</target>
   </keywords>
   <keywords>
      <text FeatureID="-1">courriel, paramètres de compte</text>
      <target FeatureID="-1" href="FSE_HLP_ACCT_INFO.html">Paramètres du compte de courriel</target>
   </keywords>
   <keywords>
      <text FeatureID="-1">courriel, synchronisation</text>
      <target FeatureID="-1" href="FSE_HLP_SYNC_SETT.html">Paramètres de sync.</target>
   </keywords>
   <keywords>
      <text FeatureID="-1">courriel, entrées de réunion</text>
      <target FeatureID="-1" href="FS_VIEWER_HLP_MR_RECEIVED.html">Demandes de réunion</target>
   </keywords>
   <keywords>
      <text FeatureID="-1">entrées de réunion</text>
      <target FeatureID="-1" href="FS_VIEWER_HLP_MR_RECEIVED.html">Demandes de réunion</target>
   </keywords>
</keywords>