<?xml version="1.0" encoding="UTF-8"?>
<keywords>
   <keywords>
      <text FeatureID="-1">glasovne naredbe</text>
      <target FeatureID="true_72" href="HLP_VC_SIND_FOLDER.html">Prikaz programa</target>
      <target FeatureID="true_72" href="HLP_VC_SIND_MAIN.html">Uporaba glasovnih naredbi</target>
      <target FeatureID="-1" href="VCINFO_HLP_MAINVIEW.html">Za kontakte</target>
   </keywords>
   <keywords>
      <text FeatureID="-1">postavke za glasovne naredbe</text>
      <target FeatureID="-1" href="HLP_VC_SET.html">Postavke za glasovne naredbe</target>
   </keywords>
</keywords>