<?xml version="1.0" encoding="UTF-8"?>
<keywords>
   <keywords>
      <text FeatureID="-1">synchronizácia</text>
      <target FeatureID="-1" href="OTASYNCBU_HLP_MAIN.html">Synchronizácia Ovi</target>
   </keywords>
   <keywords>
      <text FeatureID="-1">Synchronizácia Ovi</text>
      <target FeatureID="-1" href="OTASYNCBU_HLP_MAIN.html">Synchronizácia Ovi</target>
      <target FeatureID="-1" href="OTASYNCBU_HLP_SETTINGS.html">Nastavenia Synchronizácie Ovi</target>
   </keywords>
</keywords>