<?xml version="1.0" encoding="UTF-8"?>
<keywords>
   <keywords>
      <text FeatureID="-1">Nuotraukos</text>
      <target FeatureID="-1" href="LGAL_HLP_ALBUM_LIST.html">Albumai</target>
      <target FeatureID="-1" href="LGAL_HLP_ALL_GRID.html">Visų daugialypės terpės failų naršymas</target>
      <target FeatureID="-1" href="LGAL_HLP_ALBUM_GRID.html">Daugialypės terpės failų naršymas albumuose</target>
      <target FeatureID="-1" href="LGAL_HLP_TAGS_GRID.html">Žymeklius turinčių daugialypės terpės failų naršymas</target>
      <target FeatureID="-1" href="LGAL_HLP_DETAILS_VIEW.html">Failo informacijos peržiūra ir redagavimas</target>
      <target FeatureID="-1" href="LGAL_HLP_TAGS_BROWSER.html">Žymekliai</target>
      <target FeatureID="-1" href="LGAL_HLP_MONTH_FULLSCREEN.html">Daugialypės terpės failų peržiūra pagal mėnesius</target>
      <target FeatureID="-1" href="LGAL_HLP_MONTH_GRID.html">Daugialypės terpės failų naršymas pagal mėnesius</target>
      <target FeatureID="-1" href="LGAL_HLP_VIEW_LIST.html">Nuotraukos</target>
      <target FeatureID="-1" href="LGAL_HLP_MONTH_LIST.html">Mėnesiai</target>
      <target FeatureID="-1" href="LGAL_HLP_SLIDESHOW_SETTINGS.html">Skaidrių demonstravimo parametrai</target>
      <target FeatureID="-1" href="LGAL_HLP_ALL_FULLSCREEN.html">Visų daugialypės terpės failų peržiūra</target>
      <target FeatureID="-1" href="LGAL_HLP_ALBUM_FULLSCREEN.html">Daugialypės terpės failų peržiūra albumuose</target>
      <target FeatureID="-1" href="LGAL_HLP_TAGS_FULLSCREEN.html">Žymeklius turinčių daugialypės terpės failų peržiūra</target>
   </keywords>
   <keywords>
      <text FeatureID="-1">albumai</text>
      <target FeatureID="-1" href="LGAL_HLP_ALBUM_LIST.html">Albumai</target>
      <target FeatureID="-1" href="LGAL_HLP_ALBUM_GRID.html">Daugialypės terpės failų naršymas albumuose</target>
      <target FeatureID="-1" href="LGAL_HLP_VIEW_LIST.html">Nuotraukos</target>
      <target FeatureID="-1" href="LGAL_HLP_ALBUM_FULLSCREEN.html">Daugialypės terpės failų peržiūra albumuose</target>
   </keywords>
   <keywords>
      <text FeatureID="-1">žymekliai</text>
      <target FeatureID="-1" href="LGAL_HLP_TAGS_GRID.html">Žymeklius turinčių daugialypės terpės failų naršymas</target>
      <target FeatureID="-1" href="LGAL_HLP_TAGS_BROWSER.html">Žymekliai</target>
      <target FeatureID="-1" href="LGAL_HLP_TAGS_FULLSCREEN.html">Žymeklius turinčių daugialypės terpės failų peržiūra</target>
   </keywords>
   <keywords>
      <text FeatureID="-1">žymos</text>
      <target FeatureID="-1" href="LGAL_HLP_VIEW_LIST.html">Nuotraukos</target>
   </keywords>
   <keywords>
      <text FeatureID="-1">skaidrių demonstracija</text>
      <target FeatureID="-1" href="LGAL_HLP_SLIDESHOW_SETTINGS.html">Skaidrių demonstravimo parametrai</target>
   </keywords>
</keywords>