<?xml version="1.0" encoding="UTF-8"?>
<keywords>
   <keywords>
      <text FeatureID="-1">Mail pour Exchange</text>
      <target FeatureID="-1" href="FSE_HLP_MFE_LAUNCHER_MAIN_VIEW.html">E-mail Mail for Exchange</target>
   </keywords>
   <keywords>
      <text FeatureID="-1">paramètres avancés de la boîte aux lettres</text>
      <target FeatureID="-1" href="FSE_HLP_MFE_SETTINGS_ADVANCED.html">Paramètres avancés de la boîte aux lettres</target>
   </keywords>
   <keywords>
      <text FeatureID="-1">paramètres de synchronisation de l'e-mail</text>
      <target FeatureID="-1" href="FSE_HLP_MFE_SETTINGS_PIM_APPS.html">Paramètres de synchronisation des applications</target>
   </keywords>
   <keywords>
      <text FeatureID="-1">synchronisation de l'agenda</text>
      <target FeatureID="-1" href="FSE_HLP_MFE_CALENDAR_APP.html">Paramètres de synchronisation de l'Agenda</target>
   </keywords>
   <keywords>
      <text FeatureID="-1">synchronisation des contacts,</text>
      <target FeatureID="-1" href="FSE_HLP_MFE_CONTACTS_APP.html">Paramètres de synchronisation des Contacts</target>
   </keywords>
   <keywords>
      <text FeatureID="-1">paramètres de la boîte aux lettres</text>
      <target FeatureID="-1" href="FSE_HLP_MFE_SETTINGS_MAILBOX.html">Paramètres généraux de la boîte aux lettres</target>
   </keywords>
   <keywords>
      <text FeatureID="-1">contenu de la synchronisation de l'e-mail</text>
      <target FeatureID="-1" href="FSE_HLP_MFE_SETTINGS_WHAT_SYNC.html">Choisir le contenu à synchroniser</target>
   </keywords>
   <keywords>
      <text FeatureID="-1">heure de synchronisation de l'e-mail</text>
      <target FeatureID="-1" href="FSE_HLP_MFE_SETTINGS_WHEN_SYNC.html">Choisir l'heure de synchronisation</target>
   </keywords>
   <keywords>
      <text FeatureID="-1">synchronisation des dossiers d'e-mail</text>
      <target FeatureID="-1" href="FSE_HLP_MFE_SETTINGS_FOLDER.html">Paramètres de synchronisation</target>
   </keywords>
   <keywords>
      <text FeatureID="-1">paramètres des e-mails</text>
      <target FeatureID="-1" href="FSE_HLP_MFE_SETTINGS_MAIN_VIEW.html">Paramètres des e-mails</target>
   </keywords>
   <keywords>
      <text FeatureID="-1">synchronisation des tâches</text>
      <target FeatureID="-1" href="FSE_HLP_MFE_TASKS_APP.html">Paramètres de synchronisation des tâches</target>
   </keywords>
</keywords>