<?xml version="1.0" encoding="UTF-8"?>
<keywords>
   <keywords>
      <text FeatureID="-1">VPN (sare pribatu birtuala)</text>
      <target FeatureID="-1" href="SET_HLP_VPN_LOG_VIEW.html">VPN erregistroa</target>
      <target FeatureID="-1" href="SET_HLP_VPN_CONFIG_MAIN.html">VPN kudeaketa</target>
      <target FeatureID="-1" href="SET_HLP_VPN_POLICY_VIEW.html">VPN arautegiak</target>
      <target FeatureID="-1" href="SET_HLP_VPN_POLICY_SERVERS.html">VPN arautegien zerbitzariak</target>
      <target FeatureID="-1" href="SET_HLP_VPN_POLICY_SERVER_SET.html">VPN zerbitzariaren ezarpenak</target>
   </keywords>
</keywords>