<?xml version="1.0" encoding="UTF-8"?>
<keywords>
   <keywords>
      <text FeatureID="-1">metodi ricerca posizione</text>
      <target FeatureID="-1" href="LOC_HLP_SETTINGS.html">Ricerca posizione</target>
   </keywords>
   <keywords>
      <text FeatureID="-1">server ricerca posizione</text>
      <target FeatureID="-1" href="LOC_HLP_SETTINGS.html">Ricerca posizione</target>
   </keywords>
   <keywords>
      <text FeatureID="-1">notazione, preferenze</text>
      <target FeatureID="-1" href="LOC_HLP_SETTINGS.html">Ricerca posizione</target>
   </keywords>
</keywords>