<?xml version="1.0" encoding="UTF-8"?>
<keywords>
   <keywords>
      <text FeatureID="-1">certificados de autoridade</text>
      <target FeatureID="-1" href="CM_HLP_AUTHORITY.html">Certificados de autoridade</target>
   </keywords>
   <keywords>
      <text FeatureID="-1">certificados</text>
      <target FeatureID="-1" href="CM_HLP_AUTHORITY.html">Certificados de autoridade</target>
      <target FeatureID="-1" href="CM_HLP_DEVICE.html">Certificados de dispositivo</target>
      <target FeatureID="-1" href="CM_HLP_MAIN.html">Gestão de certificados</target>
      <target FeatureID="-1" href="CM_HLP_PERSONAL.html">Certificados pessoais</target>
      <target FeatureID="-1" href="CM_HLP_TRUSTED_SITE.html">Certificados de site de confiança</target>
      <target FeatureID="-1" href="CM_HLP_TRUST_SETTINGS.html">Editar definições de confiança</target>
   </keywords>
   <keywords>
      <text FeatureID="-1">certificados de segurança</text>
      <target FeatureID="-1" href="CM_HLP_AUTHORITY.html">Certificados de autoridade</target>
      <target FeatureID="-1" href="CM_HLP_MAIN.html">Gestão de certificados</target>
   </keywords>
   <keywords>
      <text FeatureID="-1">certificados de dispositivo</text>
      <target FeatureID="-1" href="CM_HLP_DEVICE.html">Certificados de dispositivo</target>
   </keywords>
   <keywords>
      <text FeatureID="-1">certificados pessoais</text>
      <target FeatureID="-1" href="CM_HLP_PERSONAL.html">Certificados pessoais</target>
   </keywords>
   <keywords>
      <text FeatureID="-1">certificados de site de confiança</text>
      <target FeatureID="-1" href="CM_HLP_TRUSTED_SITE.html">Certificados de site de confiança</target>
   </keywords>
   <keywords>
      <text FeatureID="-1">definições de confiança</text>
      <target FeatureID="-1" href="CM_HLP_TRUST_SETTINGS.html">Editar definições de confiança</target>
   </keywords>
</keywords>