<?xml version="1.0" encoding="UTF-8"?>
<keywords>
   <keywords>
      <text FeatureID="-1">חיפוש</text>
      <target FeatureID="-1" href="SEARCH_HLP_INDEVICE_MAIN.html">חיפוש</target>
   </keywords>
   <keywords>
      <text FeatureID="-1">תוצאות חיפוש</text>
      <target FeatureID="-1" href="SEARCH_HLP_SINGLE_RE.html">תוצאות חיפוש</target>
      <target FeatureID="-1" href="SEARCH_HLP_GROUPED.html">תוצאות חיפוש בקטגוריות</target>
   </keywords>
</keywords>