<?xml version="1.0" encoding="UTF-8"?><?xml-stylesheet  href="../../theme/xsl/index2html.xslt" type="text/xsl"?>
<topics FeatureID="-1" title="Mensajes" compressed="true">
   <topicref FeatureID="-1" href="MCE_HLP_MESSAGING.html" navtitle="Centro mensajes"/>
   <topicref FeatureID="-1" href="MCE_HLP_SIM.html" navtitle="Ver mensajes de SIM"/>
   <topicref FeatureID="-1" href="MCE_HLP_SETTINGS.html" navtitle="Ajustes de mensajes"/>
   <topicref FeatureID="-1" href="MCE_HLP_SETTINGS_SMS.html" navtitle="Ajustes de mensaje de texto"/>
   <topicref FeatureID="-1" href="SMS_HLP_SETTINGS_SCENTRES.html" navtitle="Ajustes de centro de mensajes de texto"/>
   <topicref FeatureID="-1" href="SMS_HLP_SETTINGS_SCENTRES_EDIT.html" navtitle="Editar centros de mensajes de texto"/>
   <topicref FeatureID="true_1092" href="SMS_HLP_SETTINGS_SMS_EMAIL.html" navtitle="Ajustes de correo de mensajes de texto"/>
   <topicref FeatureID="-1" href="MCE_HLP_SETTINGS_MMS.html" navtitle="Ajustes mensajes multimedia"/>
   <topicref FeatureID="true_1090" href="MCE_HLP_SETTINGS_CB.html" navtitle="Ajustes de información de célula"/>
   <topicref FeatureID="-1" href="MCE_HLP_SETTINGS_GEN.html" navtitle="Otros ajustes"/>
   <topicref FeatureID="-1" href="MCE_HLP_INBOX.html" navtitle="Buzón de entrada"/>
   <topicref FeatureID="-1" href="MCE_HLP_DOCUMENTS.html" navtitle="Mis carpetas"/>
   <topicref FeatureID="-1" href="MCE_HLP_TEMPLATES.html" navtitle="Plantillas de mensajes"/>
   <topicref FeatureID="-1" href="MCE_HLP_FOLDER.html" navtitle="Organizar mensajes"/>
   <topicref FeatureID="-1" href="MCE_HLP_DRAFTS.html" navtitle="Borradores"/>
   <topicref FeatureID="-1" href="MCE_HLP_SENT_ITEMS.html" navtitle="Mensajes enviados"/>
   <topicref FeatureID="-1" href="MCE_HLP_OUTBOX.html" navtitle="Buzón de salida"/>
   <topicref FeatureID="-1" href="MCE_HLP_DELIVERY_REPORTS.html" navtitle="Informes de entrega"/>
   <topicref FeatureID="true_1132" href="MCE_HLP_MMS_NOTIFICATIONS.html" navtitle="Notificaciones multimedia"/>
   <topicref FeatureID="-1" href="FIND_HLP.html" navtitle="Buscar números/direcciones"/>
</topics>