<?xml version="1.0" encoding="UTF-8"?>
<keywords>
   <keywords>
      <text FeatureID="-1">envío de mensajes</text>
      <target FeatureID="-1" href="MCE_HLP_MESSAGING.html">Centro mensajes</target>
      <target FeatureID="-1" href="MCE_HLP_OUTBOX.html">Buzón de salida</target>
   </keywords>
   <keywords>
      <text FeatureID="-1">recepción de mensajes</text>
      <target FeatureID="-1" href="MCE_HLP_MESSAGING.html">Centro mensajes</target>
      <target FeatureID="-1" href="MCE_HLP_INBOX.html">Buzón de entrada</target>
   </keywords>
   <keywords>
      <text FeatureID="-1">mensajes de la SIM</text>
      <target FeatureID="-1" href="MCE_HLP_SIM.html">Ver mensajes de SIM</target>
   </keywords>
   <keywords>
      <text FeatureID="-1">mensajes en tarjeta SIM</text>
      <target FeatureID="-1" href="MCE_HLP_SIM.html">Ver mensajes de SIM</target>
   </keywords>
   <keywords>
      <text FeatureID="-1">ajustes de mensajes</text>
      <target FeatureID="-1" href="MCE_HLP_SETTINGS.html">Ajustes de mensajes</target>
      <target FeatureID="-1" href="MCE_HLP_SETTINGS_GEN.html">Otros ajustes</target>
   </keywords>
   <keywords>
      <text FeatureID="-1">ajustes de SMS</text>
      <target FeatureID="-1" href="MCE_HLP_SETTINGS_SMS.html">Ajustes de mensaje de texto</target>
   </keywords>
   <keywords>
      <text FeatureID="-1">ajustes de mensajes de texto</text>
      <target FeatureID="-1" href="MCE_HLP_SETTINGS_SMS.html">Ajustes de mensaje de texto</target>
      <target FeatureID="-1" href="SMS_HLP_SETTINGS_SCENTRES.html">Ajustes de centro de mensajes de texto</target>
      <target FeatureID="-1" href="SMS_HLP_SETTINGS_SCENTRES_EDIT.html">Editar centros de mensajes de texto</target>
   </keywords>
   <keywords>
      <text FeatureID="-1">ajustes de centro de mensajes</text>
      <target FeatureID="-1" href="SMS_HLP_SETTINGS_SCENTRES.html">Ajustes de centro de mensajes de texto</target>
      <target FeatureID="-1" href="SMS_HLP_SETTINGS_SCENTRES_EDIT.html">Editar centros de mensajes de texto</target>
   </keywords>
   <keywords>
      <text FeatureID="-1">ajustes centro SMS</text>
      <target FeatureID="-1" href="SMS_HLP_SETTINGS_SCENTRES.html">Ajustes de centro de mensajes de texto</target>
   </keywords>
   <keywords>
      <text FeatureID="true_1092">correo de mensaje de texto</text>
      <target FeatureID="true_1092" href="SMS_HLP_SETTINGS_SMS_EMAIL.html">Ajustes de correo de mensajes de texto</target>
   </keywords>
   <keywords>
      <text FeatureID="true_1092">ajustes correo sms</text>
      <target FeatureID="true_1092" href="SMS_HLP_SETTINGS_SMS_EMAIL.html">Ajustes de correo de mensajes de texto</target>
   </keywords>
   <keywords>
      <text FeatureID="-1">ajustes de MMS</text>
      <target FeatureID="-1" href="MCE_HLP_SETTINGS_MMS.html">Ajustes mensajes multimedia</target>
   </keywords>
   <keywords>
      <text FeatureID="true_1090">ajustes de información de célula</text>
      <target FeatureID="true_1090" href="MCE_HLP_SETTINGS_CB.html">Ajustes de información de célula</target>
   </keywords>
   <keywords>
      <text FeatureID="-1">buzón de entrada</text>
      <target FeatureID="-1" href="MCE_HLP_INBOX.html">Buzón de entrada</target>
   </keywords>
   <keywords>
      <text FeatureID="-1">mis carpetas</text>
      <target FeatureID="-1" href="MCE_HLP_DOCUMENTS.html">Mis carpetas</target>
   </keywords>
   <keywords>
      <text FeatureID="-1">almacenar mensajes</text>
      <target FeatureID="-1" href="MCE_HLP_DOCUMENTS.html">Mis carpetas</target>
   </keywords>
   <keywords>
      <text FeatureID="-1">envío de plantillas</text>
      <target FeatureID="-1" href="MCE_HLP_TEMPLATES.html">Plantillas de mensajes</target>
   </keywords>
   <keywords>
      <text FeatureID="-1">plantillas de mensajes</text>
      <target FeatureID="-1" href="MCE_HLP_TEMPLATES.html">Plantillas de mensajes</target>
   </keywords>
   <keywords>
      <text FeatureID="-1">organización mensajes</text>
      <target FeatureID="-1" href="MCE_HLP_FOLDER.html">Organizar mensajes</target>
   </keywords>
   <keywords>
      <text FeatureID="-1">guardar mensajes de borrador</text>
      <target FeatureID="-1" href="MCE_HLP_DRAFTS.html">Borradores</target>
   </keywords>
   <keywords>
      <text FeatureID="-1">mensajes de borrador</text>
      <target FeatureID="-1" href="MCE_HLP_DRAFTS.html">Borradores</target>
   </keywords>
   <keywords>
      <text FeatureID="-1">mensajes enviados</text>
      <target FeatureID="-1" href="MCE_HLP_SENT_ITEMS.html">Mensajes enviados</target>
   </keywords>
   <keywords>
      <text FeatureID="-1">visualización de buzón de salida</text>
      <target FeatureID="-1" href="MCE_HLP_OUTBOX.html">Buzón de salida</target>
   </keywords>
   <keywords>
      <text FeatureID="-1">informes de entrega</text>
      <target FeatureID="-1" href="MCE_HLP_DELIVERY_REPORTS.html">Informes de entrega</target>
   </keywords>
   <keywords>
      <text FeatureID="true_1132">notificaciones MMS</text>
      <target FeatureID="true_1132" href="MCE_HLP_MMS_NOTIFICATIONS.html">Notificaciones multimedia</target>
   </keywords>
   <keywords>
      <text FeatureID="-1">búsqueda de números de teléfono</text>
      <target FeatureID="-1" href="FIND_HLP.html">Buscar números/direcciones</target>
   </keywords>
   <keywords>
      <text FeatureID="-1">búsqueda de direcciones</text>
      <target FeatureID="-1" href="FIND_HLP.html">Buscar números/direcciones</target>
   </keywords>
</keywords>