<?xml version="1.0" encoding="UTF-8"?>
<keywords>
   <keywords>
      <text FeatureID="-1">сертификаты центров сертификации</text>
      <target FeatureID="-1" href="CM_HLP_AUTHORITY.html">Сертификаты центров сертификации</target>
   </keywords>
   <keywords>
      <text FeatureID="-1">сертификаты</text>
      <target FeatureID="-1" href="CM_HLP_AUTHORITY.html">Сертификаты центров сертификации</target>
      <target FeatureID="-1" href="CM_HLP_DEVICE.html">Сертификаты устройства</target>
      <target FeatureID="-1" href="CM_HLP_MAIN.html">Управление сертификатами</target>
      <target FeatureID="-1" href="CM_HLP_PERSONAL.html">Сертификаты пользователя</target>
      <target FeatureID="-1" href="CM_HLP_TRUSTED_SITE.html">Сертификаты удостоверенных узлов</target>
      <target FeatureID="-1" href="CM_HLP_TRUST_SETTINGS.html">Изменение параметров доверия</target>
   </keywords>
   <keywords>
      <text FeatureID="-1">защита, сертификаты</text>
      <target FeatureID="-1" href="CM_HLP_AUTHORITY.html">Сертификаты центров сертификации</target>
      <target FeatureID="-1" href="CM_HLP_MAIN.html">Управление сертификатами</target>
   </keywords>
   <keywords>
      <text FeatureID="-1">сертификаты устройства</text>
      <target FeatureID="-1" href="CM_HLP_DEVICE.html">Сертификаты устройства</target>
   </keywords>
   <keywords>
      <text FeatureID="-1">сертификаты пользователя</text>
      <target FeatureID="-1" href="CM_HLP_PERSONAL.html">Сертификаты пользователя</target>
   </keywords>
   <keywords>
      <text FeatureID="-1">сертификаты удостоверенных узлов</text>
      <target FeatureID="-1" href="CM_HLP_TRUSTED_SITE.html">Сертификаты удостоверенных узлов</target>
   </keywords>
   <keywords>
      <text FeatureID="-1">параметры доверия</text>
      <target FeatureID="-1" href="CM_HLP_TRUST_SETTINGS.html">Изменение параметров доверия</target>
   </keywords>
</keywords>