<?xml version="1.0" encoding="UTF-8"?>
<keywords>
   <keywords>
      <text FeatureID="-1">เครื่องเล่นเพลง</text>
      <target FeatureID="-1" href="MUS_HLP_TRACKS_VIEW.html">เพลง</target>
      <target FeatureID="-1" href="MUS_HLP_CATEGORY_VIEW.html">ประเภทเพลง</target>
      <target FeatureID="-1" href="MUS_HLP_PODCAST_MAIN_VIEW.html">พอดแคสต์</target>
      <target FeatureID="-1" href="MUS_HLP_PODCAST_EPISODES.html">ภาคของพอดแคสต์</target>
      <target FeatureID="-1" href="MUS_HLP_PLAYLISTS_VIEW.html">รายการเพลงที่จะเล่น</target>
      <target FeatureID="-1" href="MUS_HLP_AUDIO_SETT.html">การตั้งค่าเสียง</target>
   </keywords>
   <keywords>
      <text FeatureID="-1">พอดแคสต์</text>
      <target FeatureID="-1" href="MUS_HLP_PODCAST_MAIN_VIEW.html">พอดแคสต์</target>
      <target FeatureID="-1" href="MUS_HLP_PODCAST_EPISODES.html">ภาคของพอดแคสต์</target>
   </keywords>
   <keywords>
      <text FeatureID="-1">รายการเล่น</text>
      <target FeatureID="-1" href="MUS_HLP_PLAYLISTS_VIEW.html">รายการเพลงที่จะเล่น</target>
   </keywords>
   <keywords>
      <text FeatureID="-1">music player</text>
      <target FeatureID="-1" href="MUS_HLP_DOWNLOAD_PLAYBACK_VIEW.html">Play music on web</target>
      <target FeatureID="-1" href="MUS_HLP_LIB_MAIN_VIEW.html">Music library</target>
   </keywords>
   <keywords>
      <text FeatureID="-1">ตัวขยายเสียงเบส</text>
      <target FeatureID="-1" href="MUS_HLP_AUDIO_SETT.html">การตั้งค่าเสียง</target>
   </keywords>
   <keywords>
      <text FeatureID="-1">ระบบแต่งเสียงสเตอริโอ</text>
      <target FeatureID="-1" href="MUS_HLP_AUDIO_SETT.html">การตั้งค่าเสียง</target>
   </keywords>
</keywords>