<?xml version="1.0" encoding="UTF-8"?>
<keywords>
   <keywords>
      <text FeatureID="-1">ชุดเพลง</text>
      <target FeatureID="-1" href="MUS_HLP_MUSIC_SUITE_VIEW.html">ชุดเพลง</target>
   </keywords>
   <keywords>
      <text FeatureID="-1">เครื่องเล่นเพลง</text>
      <target FeatureID="-1" href="MUS_HLP_TRACKS_VIEW.html">เพลง</target>
      <target FeatureID="-1" href="MUS_HLP_CATEGORY_VIEW.html">ประเภทเพลง</target>
      <target FeatureID="-1" href="MUS_HLP_PODCAST_MAIN_VIEW.html">พอดแคสต์</target>
      <target FeatureID="-1" href="MUS_HLP_PODCAST_EPISODES.html">ภาคของพอดแคสต์</target>
      <target FeatureID="-1" href="MUS_HLP_PLAYLISTS_VIEW.html">รายการเพลงที่จะเล่น</target>
      <target FeatureID="-1" href="MUS_HLP_DOWNLOAD_PLAYBACK_VIEW.html">การเล่นเพลงบนเว็บ</target>
      <target FeatureID="-1" href="MUS_HLP_PLAYBACK_VIEW.html">การเล่นเพลง</target>
      <target FeatureID="-1" href="MUS_HLP_LIB_MAIN_VIEW.html">คลังเพลง</target>
      <target FeatureID="-1" href="MUS_HLP_METADATA_EDITING.html">การแก้ไขข้อมูลของเพลง</target>
      <target FeatureID="-1" href="MUS_HLP_ALBUM_ART_EDITING.html">การแก้ไขปกอัลบั้ม</target>
      <target FeatureID="-1" href="MUS_HLP_AUDIO_SETT.html">การตั้งค่าเสียง</target>
   </keywords>
   <keywords>
      <text FeatureID="-1">พอดแคสต์</text>
      <target FeatureID="-1" href="MUS_HLP_PODCAST_MAIN_VIEW.html">พอดแคสต์</target>
      <target FeatureID="-1" href="MUS_HLP_PODCAST_EPISODES.html">ภาคของพอดแคสต์</target>
   </keywords>
   <keywords>
      <text FeatureID="-1">รายการเล่น</text>
      <target FeatureID="-1" href="MUS_HLP_PLAYLISTS_VIEW.html">รายการเพลงที่จะเล่น</target>
   </keywords>
   <keywords>
      <text FeatureID="-1">ปกอัลบั้ม</text>
      <target FeatureID="-1" href="MUS_HLP_ALBUM_ART_EDITING.html">การแก้ไขปกอัลบั้ม</target>
   </keywords>
   <keywords>
      <text FeatureID="-1">ตัวขยายเสียงเบส</text>
      <target FeatureID="-1" href="MUS_HLP_AUDIO_SETT.html">การตั้งค่าเสียง</target>
   </keywords>
   <keywords>
      <text FeatureID="-1">ระบบแต่งเสียงสเตอริโอ</text>
      <target FeatureID="-1" href="MUS_HLP_AUDIO_SETT.html">การตั้งค่าเสียง</target>
   </keywords>
</keywords>