<?xml version="1.0" encoding="UTF-8"?>
<keywords>
   <keywords>
      <text FeatureID="-1">segreteria telefonica</text>
      <target FeatureID="-1" href="SMSVO_HLP_MAIN_VIEW.html">Segreteria telefonica chiamate</target>
      <target FeatureID="-1" href="SMSVO_HLP_MAIN_VIEW.html">Segreteria telefonica chiamate</target>
      <target FeatureID="true_89" href="SMSVO_HLP_CS_AND_VIDEO.html">Segreteria telefonica</target>
      <target FeatureID="true_298" href="SMSVO_HLP_CS_VIDEO_AND_XSP_VOIP.html">Segreteria telefonica per chiamate vocali, video e via Internet</target>
      <target FeatureID="true_298" href="SMSVO_HLP_CS_VIDEO_AND_XSP_VOIP.html">Segreteria telefonica per chiamate vocali, video e via Internet</target>
   </keywords>
   <keywords>
      <text FeatureID="true_89">segreteria telef. video</text>
      <target FeatureID="true_89" href="SMSVO_HLP_CS_AND_VIDEO.html">Segreteria telefonica</target>
   </keywords>
   <keywords>
      <text FeatureID="true_298">segreteria telefonica chiamate via Internet</text>
      <target FeatureID="true_298" href="SMSVO_HLP_CS_VIDEO_AND_XSP_VOIP.html">Segreteria telefonica per chiamate vocali, video e via Internet</target>
   </keywords>
</keywords>