<?xml version="1.0" encoding="UTF-8"?><?xml-stylesheet  href="../../theme/xsl/index2html.xslt" type="text/xsl"?>
<topics FeatureID="-1" title="Símaskrá" compressed="true">
   <topicref FeatureID="-1" href="FDN_HLP_FDN_NUM_EDIT_VIEW.html" navtitle="Tengiliðum breytt"/>
   <topicref FeatureID="-1" href="FDN_HLP_FDN_NUMBER_VIEW.html" navtitle="Tengiliðir í föstu númeravali"/>
   <topicref FeatureID="-1" href="FDN_HLP_FDN_VIEW.html" navtitle="Takmörkun símtala"/>
   <topicref FeatureID="-1" href="SDN_HLP_APP.html" navtitle="Þjónustunúmer"/>
   <topicref FeatureID="-1" href="HLP_CCA_DETAILS.html" navtitle="Upplýsingar um tengilið"/>
   <topicref FeatureID="-1" href="HLP_CCA_EDITOR.html" navtitle="Tengiliðaspjaldi breytt"/>
   <topicref FeatureID="-1" href="HLP_CCA_LAUNCHER.html" navtitle="Tengiliðaspjöld"/>
   <topicref FeatureID="-1" href="PHOB_HLP_GROUP_LIST.html" navtitle="Tengiliðahópar"/>
   <topicref FeatureID="-1" href="PHOB_HLP_SIM_LIST.html" navtitle="SIM-tengiliðaskrá"/>
   <topicref FeatureID="-1" href="PHOB_HLP_MY_NUMBERS.html" navtitle="Eigin númer"/>
   <topicref FeatureID="-1" href="PHOB_HLP_GROUP_MEMBER_LIST.html" navtitle="Meðlimir hóps"/>
   <topicref FeatureID="-1" href="PHOB_HLP_SETTINGS.html" navtitle="Stillingar tengiliða"/>
   <topicref FeatureID="-1" href="PHOB_HLP_NAME_LIST.html" navtitle="Tengiliðaskrá"/>
</topics>