<?xml version="1.0" encoding="UTF-8"?>
<keywords>
   <keywords>
      <text FeatureID="-1">fast númeraval</text>
      <target FeatureID="-1" href="FDN_HLP_FDN_NUM_EDIT_VIEW.html">Tengiliðum breytt</target>
      <target FeatureID="-1" href="FDN_HLP_FDN_NUMBER_VIEW.html">Tengiliðir í föstu númeravali</target>
      <target FeatureID="-1" href="FDN_HLP_FDN_VIEW.html">Takmörkun símtala</target>
   </keywords>
   <keywords>
      <text FeatureID="-1">takmörkun símtala</text>
      <target FeatureID="-1" href="FDN_HLP_FDN_VIEW.html">Takmörkun símtala</target>
   </keywords>
   <keywords>
      <text FeatureID="-1">þjónustunúmer</text>
      <target FeatureID="-1" href="SDN_HLP_APP.html">Þjónustunúmer</target>
   </keywords>
   <keywords>
      <text FeatureID="-1">SIM þjónustunúmer</text>
      <target FeatureID="-1" href="SDN_HLP_APP.html">Þjónustunúmer</target>
   </keywords>
   <keywords>
      <text FeatureID="-1">símanúmer á SIM-korti</text>
      <target FeatureID="-1" href="SDN_HLP_APP.html">Þjónustunúmer</target>
   </keywords>
   <keywords>
      <text FeatureID="-1">tengiliðahópar</text>
      <target FeatureID="-1" href="PHOB_HLP_GROUP_LIST.html">Tengiliðahópar</target>
      <target FeatureID="-1" href="PHOB_HLP_GROUP_MEMBER_LIST.html">Meðlimir hóps</target>
   </keywords>
   <keywords>
      <text FeatureID="-1">SIM-tengiliðir</text>
      <target FeatureID="-1" href="PHOB_HLP_SIM_LIST.html">SIM-tengiliðaskrá</target>
   </keywords>
   <keywords>
      <text FeatureID="-1">SIM-númer</text>
      <target FeatureID="-1" href="PHOB_HLP_MY_NUMBERS.html">Eigin númer</target>
   </keywords>
   <keywords>
      <text FeatureID="-1">röð nafna í Tengiliðir</text>
      <target FeatureID="-1" href="PHOB_HLP_SETTINGS.html">Stillingar tengiliða</target>
   </keywords>
   <keywords>
      <text FeatureID="-1">tengiliðaminni</text>
      <target FeatureID="-1" href="PHOB_HLP_SETTINGS.html">Stillingar tengiliða</target>
   </keywords>
   <keywords>
      <text FeatureID="-1">sjálfvalið minni</text>
      <target FeatureID="-1" href="PHOB_HLP_SETTINGS.html">Stillingar tengiliða</target>
   </keywords>
   <keywords>
      <text FeatureID="-1">tengiliðaskrá</text>
      <target FeatureID="-1" href="PHOB_HLP_NAME_LIST.html">Tengiliðaskrá</target>
   </keywords>
   <keywords>
      <text FeatureID="-1">tengiliðaupplýsingar</text>
      <target FeatureID="-1" href="PHOB_HLP_NAME_LIST.html">Tengiliðaskrá</target>
   </keywords>
   <keywords>
      <text FeatureID="-1">símaskrá</text>
      <target FeatureID="-1" href="PHOB_HLP_NAME_LIST.html">Tengiliðaskrá</target>
   </keywords>
</keywords>