<?xml version="1.0" encoding="UTF-8"?>
<keywords>
   <keywords>
      <text FeatureID="-1">sincronización</text>
      <target FeatureID="-1" href="DS_HLP_MAIN_VIEW.html">Sincronización de datos</target>
   </keywords>
   <keywords>
      <text FeatureID="-1">perfiles de sincronización</text>
      <target FeatureID="-1" href="DS_HLP_MAIN_VIEW.html">Sincronización de datos</target>
   </keywords>
   <keywords>
      <text FeatureID="-1">ajustes de perfiles de sincronización</text>
      <target FeatureID="-1" href="DS_HLP_SETTINGS.html">Editar perfiles de sincronización</target>
   </keywords>
   <keywords>
      <text FeatureID="-1">ajustes de sincronización</text>
      <target FeatureID="-1" href="DS_HLP_SETTINGS_CAL.html">Ajustes de sincronización de la agenda</target>
      <target FeatureID="-1" href="DS_HLP_SETTINGS_CNT.html">Ajustes de sincronización de la Guía</target>
      <target FeatureID="-1" href="DS_HLP_SETTINGS_NOTES.html">Ajustes de sincronización de notas</target>
      <target FeatureID="-1" href="DS_HLP_SETTINGS_SMS.html">Ajustes de sincronización de SMS</target>
      <target FeatureID="true_44" href="DS_HLP_SETTINGS_SYNCML.html">Ajustes de sincronización de correo</target>
   </keywords>
</keywords>