<?xml version="1.0" encoding="UTF-8"?>
<keywords>
   <keywords>
      <text FeatureID="-1">录制, 声音</text>
      <target FeatureID="-1" href="VOREC_HLP_EMPTY_RECORDER.html">录制声音片段</target>
   </keywords>
   <keywords>
      <text FeatureID="-1">录音器</text>
      <target FeatureID="-1" href="VOREC_HLP_MAIN.html">使用录音器</target>
   </keywords>
   <keywords>
      <text FeatureID="-1">录制声音片段</text>
      <target FeatureID="-1" href="VOREC_HLP_MAIN.html">使用录音器</target>
   </keywords>
   <keywords>
      <text FeatureID="-1">录音器设置</text>
      <target FeatureID="-1" href="VOREC_HLP_SETTINGS.html">录音器设置</target>
   </keywords>
</keywords>