<?xml version="1.0" encoding="UTF-8"?>
<keywords>
   <keywords>
      <text FeatureID="-1">передача сообщений</text>
      <target FeatureID="-1" href="UNIFIED_HLP_EDITOR.html">Создание сообщений</target>
   </keywords>
   <keywords>
      <text FeatureID="-1">редактор сообщений</text>
      <target FeatureID="-1" href="UNIFIED_HLP_EDITOR.html">Создание сообщений</target>
   </keywords>
   <keywords>
      <text FeatureID="-1">сообщения</text>
      <target FeatureID="-1" href="UNIFIED_HLP_SENDING_OPTIONS.html">Параметры передачи</target>
   </keywords>
   <keywords>
      <text FeatureID="-1">параметры передачи</text>
      <target FeatureID="-1" href="UNIFIED_HLP_SENDING_OPTIONS.html">Параметры передачи</target>
   </keywords>
   <keywords>
      <text FeatureID="-1">мультимедийные объекты</text>
      <target FeatureID="-1" href="UNIFIED_HLP_ED_OBJECTS.html">Принятые мультимедийные объекты</target>
      <target FeatureID="-1" href="UNIFIED_HLP_ED_OBJECTS.html">Принятые мультимедийные объекты</target>
   </keywords>
</keywords>