<?xml version="1.0" encoding="UTF-8"?>
<keywords>
   <keywords>
      <text FeatureID="-1">نقل بيانات</text>
      <target FeatureID="-1" href="SWITCH_HLP_EDIT_SHORTCUT.html">ضبط الاختصارات</target>
      <target FeatureID="-1" href="SWITCH_HLP_MAIN.html">نقل البيانات</target>
      <target FeatureID="-1" href="SWITCH_HLP_LOG.html">سجل النقل</target>
   </keywords>
   <keywords>
      <text FeatureID="-1">نقل البيانات</text>
      <target FeatureID="-1" href="SWITCH_HLP_EDIT_SHORTCUT.html">ضبط الاختصارات</target>
      <target FeatureID="-1" href="SWITCH_HLP_MAIN.html">نقل البيانات</target>
   </keywords>
   <keywords>
      <text FeatureID="-1">الاختصارات</text>
      <target FeatureID="-1" href="SWITCH_HLP_EDIT_SHORTCUT.html">ضبط الاختصارات</target>
   </keywords>
   <keywords>
      <text FeatureID="-1">نقل بيانات, التعارضات</text>
      <target FeatureID="-1" href="SWITCH_HLP_CONFLICT.html">تعارضات النقل</target>
   </keywords>
   <keywords>
      <text FeatureID="-1">نسخ المحتوى</text>
      <target FeatureID="-1" href="SWITCH_HLP_MAIN.html">نقل البيانات</target>
   </keywords>
   <keywords>
      <text FeatureID="-1">سجل النقل</text>
      <target FeatureID="-1" href="SWITCH_HLP_LOG.html">سجل النقل</target>
   </keywords>
</keywords>