<?xml version="1.0" encoding="UTF-8"?>
<keywords>
   <keywords>
      <text FeatureID="true_1604">text input</text>
      <target FeatureID="true_1604" href="HWR_HLP_MAIN_VIEW.html">Αναγνώριση γραφής με το χέρι</target>
   </keywords>
   <keywords>
      <text FeatureID="true_1604">αναγνώριση γραφής με το χέρι</text>
      <target FeatureID="true_1604" href="HWR_HLP_MAIN_VIEW.html">Αναγνώριση γραφής με το χέρι</target>
   </keywords>
   <keywords>
      <text FeatureID="true_1603 true_410">εισαγωγή με αφή</text>
      <target FeatureID="true_1603" href="VQWERTY_HLP_MAIN_VIEW.html">Εικονικό πληκτρολόγιο</target>
      <target FeatureID="true_410" href="VITU_HLP_MAIN_VIEW.html">Εικονικό πληκτρολόγιο</target>
   </keywords>
   <keywords>
      <text FeatureID="true_410">εικονικό πληκτρολόγιο</text>
      <target FeatureID="true_410" href="VITU_HLP_MAIN_VIEW.html">Εικονικό πληκτρολόγιο</target>
   </keywords>
</keywords>