<?xml version="1.0" encoding="UTF-8"?>
<keywords>
   <keywords>
      <text FeatureID="-1">entradas de aniversário, criar</text>
      <target FeatureID="-1" href="FSCA_HLP_ANNIVERSARY_EDITOR.html">Criar entradas de aniversário</target>
   </keywords>
   <keywords>
      <text FeatureID="-1">entradas de reunião, criar</text>
      <target FeatureID="-1" href="FSCA_HLP_CALE_MEETING_EDITOR.html">Criar entradas de reunião</target>
   </keywords>
   <keywords>
      <text FeatureID="-1">entradas de memorando, criar</text>
      <target FeatureID="-1" href="FSCA_HLP_MEMO_EDITOR.html">Criar entradas de memorando</target>
   </keywords>
   <keywords>
      <text FeatureID="-1">entradas de tarefas, criar</text>
      <target FeatureID="-1" href="FSCA_HLP_TODO_EDITOR.html">Criar entradas de tarefas</target>
   </keywords>
   <keywords>
      <text FeatureID="-1">entradas de reunião, editar</text>
      <target FeatureID="-1" href="FSCA_HLP_CALE_MEETING_VIEWER.html">Editar entradas de reunião</target>
   </keywords>
   <keywords>
      <text FeatureID="-1">entradas de memorando, editar</text>
      <target FeatureID="-1" href="FSCA_HLP_MEMO_VIEWER.html">Editar entradas de memorando</target>
   </keywords>
   <keywords>
      <text FeatureID="-1">entradas de tarefas, editar</text>
      <target FeatureID="-1" href="FSCA_HLP_TODO_VIEWER.html">Editar entradas de tarefas</target>
   </keywords>
   <keywords>
      <text FeatureID="-1">entradas de aniversário, ver</text>
      <target FeatureID="-1" href="FSCA_HLP_ANNI_VIEWER.html">Alterar entradas de aniversário</target>
   </keywords>
   <keywords>
      <text FeatureID="-1">pedidos de reunião, editar respostas</text>
      <target FeatureID="-1" href="FSCA_HLP_RESPONSE_EDITOR.html">Editar a resposta</target>
   </keywords>
   <keywords>
      <text FeatureID="-1">pedidos de reunião, gerir</text>
      <target FeatureID="-1" href="FSCA_HLP_VIEWER_ORGANIZER.html">Gerir pedidos de reunião</target>
   </keywords>
   <keywords>
      <text FeatureID="-1">pedidos de reunião, editar</text>
      <target FeatureID="-1" href="MEET_REQ_HLP_EDITOR.html">Pedidos de reunião recebidos</target>
   </keywords>
   <keywords>
      <text FeatureID="-1">pedidos de reunião, responder</text>
      <target FeatureID="-1" href="FSCA_HLP_VIEWER.html">Responder a pedidos de reunião</target>
   </keywords>
   <keywords>
      <text FeatureID="-1">contactos</text>
      <target FeatureID="-1" href="RLOOK_HLP_INFO_VIEW.html">Gerir o contacto encontrado</target>
   </keywords>
   <keywords>
      <text FeatureID="-1">contactos, procurar</text>
      <target FeatureID="-1" href="RLOOK_HLP_RESULT_VIEW.html">Resultados de procura</target>
   </keywords>
   <keywords>
      <text FeatureID="-1">e-mail, anexos</text>
      <target FeatureID="-1" href="FSE_HLP_ATTACHMENT_LIST_EDITOR.html">Adicionar anexos</target>
   </keywords>
   <keywords>
      <text FeatureID="-1">e-mail apagado</text>
      <target FeatureID="-1" href="FSE_HLP_MESSAGE_LIST_DELETED.html">Mensagens de e-mail apagadas</target>
   </keywords>
   <keywords>
      <text FeatureID="-1">download de anexos de e-mail</text>
      <target FeatureID="-1" href="FSE_HLP_ATTACHMENT_LIST.html">Importar anexos</target>
   </keywords>
   <keywords>
      <text FeatureID="-1">e-mail de rascunho</text>
      <target FeatureID="-1" href="FSE_HLP_MESSAGE_LIST_DRAFTS.html">Mensagens de e-mail de rascunho</target>
   </keywords>
   <keywords>
      <text FeatureID="-1">E-mail Nokia</text>
      <target FeatureID="-1" href="FSE_HLP_LAUNCHER_GRID.html">E-mail Nokia</target>
   </keywords>
   <keywords>
      <text FeatureID="-1">e-mails</text>
      <target FeatureID="-1" href="FSE_HLP_LAUNCHER_GRID.html">E-mail Nokia</target>
   </keywords>
   <keywords>
      <text FeatureID="-1">pastas de e-mail</text>
      <target FeatureID="-1" href="FSE_HLP_FOLDER_LIST.html">Pastas de e-mail</target>
      <target FeatureID="-1" href="FSE_HLP_SETT_IMAP_SUBSCR.html">Subscrever pastas</target>
      <target FeatureID="-1" href="FSE_HLP_MESSAGE_LIST_INBOX.html">Trabalhar com pastas de e-mail</target>
   </keywords>
   <keywords>
      <text FeatureID="-1">definições de e-mails</text>
      <target FeatureID="-1" href="FSE_HLP_LAUNCHER_SETTINGS.html">Definições gerais de e-mail</target>
      <target FeatureID="-1" href="FSE_HLP_POP_IMAP_SETT_MAIN.html">Definições de e-mail</target>
      <target FeatureID="-1" href="FSE_HLP_IMS_SETTINGS_MAIN_VIEW.html">Definições de e-mail</target>
      <target FeatureID="-1" href="FSE_HLP_MFE_SETTINGS_MAIN_VIEW.html">Definições de e-mails</target>
   </keywords>
   <keywords>
      <text FeatureID="-1">definições globais de e-mails</text>
      <target FeatureID="-1" href="FSE_HLP_SETTINGS_GLOBAL.html">Definições globais de e-mails</target>
   </keywords>
   <keywords>
      <text FeatureID="-1">e-mail HTML</text>
      <target FeatureID="-1" href="FS_VIEWER_HLP_HTML_VIEW.html">E-mail com formatação HTML</target>
   </keywords>
   <keywords>
      <text FeatureID="-1">definições avançadas de e-mails</text>
      <target FeatureID="-1" href="FSE_HLP_POP_IMAP_SETT_ADV.html">Definições avançadas de e-mail</target>
   </keywords>
   <keywords>
      <text FeatureID="-1">definições de e-mails a receber</text>
      <target FeatureID="-1" href="FSE_HLP_POP_IMAP_SETT_INCOMING.html">Definições de e-mail recebido</target>
   </keywords>
   <keywords>
      <text FeatureID="-1">definições de e-mails a enviar</text>
      <target FeatureID="-1" href="FSE_HLP_POP_IMAP_SETT_OUTGOING.html">Definições para o e-mail enviado</target>
   </keywords>
   <keywords>
      <text FeatureID="-1">sincronização de e-mail</text>
      <target FeatureID="-1" href="FSE_HLP_POP_IMAP_SETT_WHAT.html">Escolher o conteúdo da sincronização</target>
   </keywords>
   <keywords>
      <text FeatureID="-1">hora de sincronização do e-mail</text>
      <target FeatureID="-1" href="FSE_HLP_POP_IMAP_SETT_WHEN.html">Escolher a hora de sincronização</target>
      <target FeatureID="-1" href="FSE_HLP_IMS_SETTINGS_WHEN_SYNC.html">Definir hora de sincronização</target>
      <target FeatureID="-1" href="FSE_HLP_MFE_SETTINGS_WHEN_SYNC.html">Escolher hora de sincronização</target>
      <target FeatureID="-1" href="FSE_HLP_SETTINGS_WHEN_SYNC.html">Hora de sincronização</target>
   </keywords>
   <keywords>
      <text FeatureID="-1">definições da conta de e-mail</text>
      <target FeatureID="-1" href="FSE_HLP_IMS_SETTINGS_ACCT_INFO.html">Definições de conta de e-mail</target>
   </keywords>
   <keywords>
      <text FeatureID="-1">definições avançadas da caixa de correio</text>
      <target FeatureID="-1" href="FSE_HLP_IMS_SETTINGS_ADVANCED.html">Definições avançadas da caixa de correio</target>
      <target FeatureID="-1" href="FSE_HLP_MFE_SETTINGS_ADVANCED.html">Definições avançadas da caixa de correio</target>
   </keywords>
   <keywords>
      <text FeatureID="-1">definições de caixa de correio</text>
      <target FeatureID="-1" href="FSE_HLP_IMS_SETTINGS_MAILBOX.html">Definições da caixa de correio</target>
      <target FeatureID="-1" href="FSE_HLP_MFE_SETTINGS_MAILBOX.html">Definições gerais da caixa de correio</target>
   </keywords>
   <keywords>
      <text FeatureID="-1">conteúdo da sincronização de e-mail</text>
      <target FeatureID="-1" href="FSE_HLP_IMS_SETTINGS_WHAT_SYNC.html">Definir sincronização de conteúdo</target>
      <target FeatureID="-1" href="FSE_HLP_MFE_SETTINGS_WHAT_SYNC.html">Escolher sincronizar conteúdo</target>
   </keywords>
   <keywords>
      <text FeatureID="-1">sincronização das pastas de e-mail</text>
      <target FeatureID="-1" href="FSE_HLP_IMS_SETTINGS_FOLDER.html">Sincronizar pastas de e-mail</target>
      <target FeatureID="-1" href="FSE_HLP_MFE_SETTINGS_FOLDER.html">Definições para sincronização</target>
   </keywords>
   <keywords>
      <text FeatureID="-1">definições do serviço de e-mail</text>
      <target FeatureID="-1" href="FSE_HLP_SETTINGS_INTELL_LIST.html">Definições do serviço de e-mail</target>
   </keywords>
   <keywords>
      <text FeatureID="-1">Intellisync</text>
      <target FeatureID="-1" href="FSE_HLP_IMS_LAUNCHER_MAIN_VIEW.html">E-mail Intellisync</target>
   </keywords>
   <keywords>
      <text FeatureID="-1">Mail for Exchange</text>
      <target FeatureID="-1" href="FSE_HLP_MFE_LAUNCHER_MAIN_VIEW.html">E-mail de Mail for Exchange</target>
   </keywords>
   <keywords>
      <text FeatureID="-1">detalhes do e-mail</text>
      <target FeatureID="-1" href="FS_VIEWER_HLP_DETAILS_VIEW.html">Detalhes de mensagens</target>
   </keywords>
   <keywords>
      <text FeatureID="-1">definições de sincronização de e-mails</text>
      <target FeatureID="-1" href="FSE_HLP_MFE_SETTINGS_PIM_APPS.html">Definições de sincronização de aplicações</target>
   </keywords>
   <keywords>
      <text FeatureID="-1">sincronização da agenda</text>
      <target FeatureID="-1" href="FSE_HLP_MFE_CALENDAR_APP.html">Definições de sincronização da agenda</target>
   </keywords>
   <keywords>
      <text FeatureID="-1">sincronização de contactos,</text>
      <target FeatureID="-1" href="FSE_HLP_MFE_CONTACTS_APP.html">Definições de sincronização de contactos</target>
   </keywords>
   <keywords>
      <text FeatureID="-1">sincronização das entradas de tarefas</text>
      <target FeatureID="-1" href="FSE_HLP_MFE_TASKS_APP.html">Definições de sincronização de tarefas</target>
   </keywords>
   <keywords>
      <text FeatureID="-1">não existem mensagens de e-mail</text>
      <target FeatureID="-1" href="FSE_HLP_MESSAGE_LIST_EMPTY.html">Sem mensagens</target>
   </keywords>
   <keywords>
      <text FeatureID="-1">caixa de saída de e-mail</text>
      <target FeatureID="-1" href="FSE_HLP_MESSAGE_LIST_OUTBOX.html">Trabalhar com a Caixa de saída</target>
   </keywords>
   <keywords>
      <text FeatureID="-1">pedidos de reunião</text>
      <target FeatureID="-1" href="FS_VIEWER_HLP_MEETING_REQ_VIEW.html">Pedido de reunião</target>
   </keywords>
   <keywords>
      <text FeatureID="-1">procura de e-mails</text>
      <target FeatureID="-1" href="FSE_HLP_MESSAGE_LIST_SEARCHING.html">Procurar e-mails</target>
   </keywords>
   <keywords>
      <text FeatureID="-1">resultados da procura de e-mails</text>
      <target FeatureID="-1" href="FSE_HLP_MESSAGE_LIST_SEARCHED.html">Resultados da procura</target>
   </keywords>
   <keywords>
      <text FeatureID="-1">enviar e-mail</text>
      <target FeatureID="-1" href="FS_EDITOR_HLP_MAIN_VIEW.html">Enviar e-mail</target>
   </keywords>
   <keywords>
      <text FeatureID="-1">Serviço PIM</text>
      <target FeatureID="-1" href="FSE_HLP_SETTINGS_PIM_VIEW.html">Serviço PIM</target>
   </keywords>
   <keywords>
      <text FeatureID="-1">aplicações de sincronização</text>
      <target FeatureID="-1" href="FSE_HLP_SETTINGS_APPLICATIONS.html">Sincronizar aplicações</target>
   </keywords>
   <keywords>
      <text FeatureID="-1">anexos de e-mail</text>
      <target FeatureID="-1" href="FSE_HLP_ATTACHMENT_DOWNLOAD.html">Ver importações de anexos</target>
   </keywords>
   <keywords>
      <text FeatureID="-1">e-mail recebido</text>
      <target FeatureID="-1" href="FS_VIEWER_HLP_MAIN_VIEW.html">Trabalhar com e-mail recebido</target>
   </keywords>
</keywords>