<?xml version="1.0" encoding="UTF-8"?>
<keywords>
   <keywords>
      <text FeatureID="-1">penyegerakan</text>
      <target FeatureID="-1" href="DS_HLP_MAIN_VIEW.html">Penyegerakan data</target>
   </keywords>
   <keywords>
      <text FeatureID="-1">profil penyegerakan</text>
      <target FeatureID="-1" href="DS_HLP_MAIN_VIEW.html">Penyegerakan data</target>
   </keywords>
   <keywords>
      <text FeatureID="-1">tetapan profil penyegerakan</text>
      <target FeatureID="-1" href="DS_HLP_SETTINGS.html">Edit profil penyegerakan</target>
   </keywords>
   <keywords>
      <text FeatureID="-1">tetapan penyegerakan</text>
      <target FeatureID="-1" href="DS_HLP_SETTINGS_CAL.html">Tetapan segerak kalendar</target>
      <target FeatureID="-1" href="DS_HLP_SETTINGS_CNT.html">Tetapan segerakkan kenalan</target>
      <target FeatureID="-1" href="DS_HLP_SETTINGS_NOTES.html">Tetapan penyegerakan nota</target>
      <target FeatureID="-1" href="DS_HLP_SETTINGS_SMS.html">Tetapan penyegerakan SMS</target>
      <target FeatureID="true_44" href="DS_HLP_SETTINGS_SYNCML.html">Tetapan penyegerakan e-mel</target>
   </keywords>
</keywords>