<?xml version="1.0" encoding="UTF-8"?>
<keywords>
   <keywords>
      <text FeatureID="-1">sincronização</text>
      <target FeatureID="-1" href="DS_HLP_MAIN_VIEW.html">Sincronização de dados</target>
   </keywords>
   <keywords>
      <text FeatureID="-1">perfis de sincronização</text>
      <target FeatureID="-1" href="DS_HLP_MAIN_VIEW.html">Sincronização de dados</target>
   </keywords>
   <keywords>
      <text FeatureID="-1">definições de perfis de sincronização</text>
      <target FeatureID="-1" href="DS_HLP_SETTINGS.html">Editar perfis de sincronização</target>
   </keywords>
   <keywords>
      <text FeatureID="-1">definições de sincronização</text>
      <target FeatureID="-1" href="DS_HLP_SETTINGS_CAL.html">Definições de sincronização da Agenda</target>
      <target FeatureID="-1" href="DS_HLP_SETTINGS_CNT.html">Definições de sincronização de contactos</target>
      <target FeatureID="-1" href="DS_HLP_SETTINGS_NOTES.html">Definições da sincronização de notas</target>
      <target FeatureID="-1" href="DS_HLP_SETTINGS_SMS.html">Definições de sincronização de SMS</target>
      <target FeatureID="true_44" href="DS_HLP_SETTINGS_SYNCML.html">Definições de sincronização de e-mails</target>
   </keywords>
</keywords>