<?xml version="1.0" encoding="UTF-8"?>
<keywords>
   <keywords>
      <text FeatureID="-1">upptaka, hljóð</text>
      <target FeatureID="-1" href="VOREC_HLP_EMPTY_RECORDER.html">Upptaka hljóðskráa</target>
   </keywords>
   <keywords>
      <text FeatureID="-1">raddupptökutæki</text>
      <target FeatureID="-1" href="VOREC_HLP_MAIN.html">Notkun raddupptöku</target>
   </keywords>
   <keywords>
      <text FeatureID="-1">upptaka hljóðskráa</text>
      <target FeatureID="-1" href="VOREC_HLP_MAIN.html">Notkun raddupptöku</target>
   </keywords>
   <keywords>
      <text FeatureID="-1">stillingar raddupptökutækis</text>
      <target FeatureID="-1" href="VOREC_HLP_SETTINGS.html">Stillingar raddupptökutækis</target>
   </keywords>
</keywords>