<?xml version="1.0" encoding="UTF-8"?>
<keywords>
   <keywords>
      <text FeatureID="-1">carte postale</text>
      <target FeatureID="-1" href="MMS_POSTCARD_HLP_ADDRESS_EDIT.html">Modifier des adresses</target>
      <target FeatureID="-1" href="POSTCARD_HLP_ADDRESS_VIEW.html">Afficher des adresses</target>
      <target FeatureID="-1" href="POSTCARD_HLP_GREETING_EDIT.html">Écrire des messages</target>
      <target FeatureID="-1" href="POSTCARD_HLP_GREETING_VIEW.html">Afficher des messages</target>
      <target FeatureID="-1" href="MMS_POSTCARD_HLP_MAIN_EDIT.html">Créer cartes postales</target>
   </keywords>
   <keywords>
      <text FeatureID="-1">envoi de cartes postales</text>
      <target FeatureID="-1" href="MMS_POSTCARD_HLP_ADDRESS_EDIT.html">Modifier des adresses</target>
      <target FeatureID="-1" href="POSTCARD_HLP_GREETING_EDIT.html">Écrire des messages</target>
      <target FeatureID="-1" href="MMS_POSTCARD_HLP_MAIN_EDIT.html">Créer cartes postales</target>
   </keywords>
   <keywords>
      <text FeatureID="-1">cartes postales</text>
      <target FeatureID="-1" href="MMS_POSTCARD_HLP_MAIN_VIEW.html">Afficher car­tes postales</target>
   </keywords>
</keywords>