<?xml version="1.0" encoding="UTF-8"?>
<keywords>
   <keywords>
      <text FeatureID="-1">به روزرسانی نرم افزار</text>
      <target FeatureID="-1" href="SWUPDATE_HLP_MAIN.html">به روزرسانی نرم افزار</target>
      <target FeatureID="-1" href="SWUPDATE_HLP_MAIN.html">به روزرسانی نرم افزار</target>
   </keywords>
   <keywords>
      <text FeatureID="-1">تنظیمات بروزرسانی نرم افزار</text>
      <target FeatureID="-1" href="SWUPDATE_HLP_SETTINGS.html">تنظیمات بروزرسانی نرم افزار</target>
   </keywords>
</keywords>