<?xml version="1.0" encoding="UTF-8"?>
<keywords>
   <keywords>
      <text FeatureID="-1">передача даних</text>
      <target FeatureID="-1" href="SWITCH_HLP_EDIT_SHORTCUT.html">Установки ярликів</target>
      <target FeatureID="-1" href="SWITCH_HLP_MAIN.html">Передача даних</target>
      <target FeatureID="-1" href="SWITCH_HLP_LOG.html">Журнал передачі</target>
   </keywords>
   <keywords>
      <text FeatureID="-1">перенесення даних</text>
      <target FeatureID="-1" href="SWITCH_HLP_EDIT_SHORTCUT.html">Установки ярликів</target>
      <target FeatureID="-1" href="SWITCH_HLP_MAIN.html">Передача даних</target>
   </keywords>
   <keywords>
      <text FeatureID="-1">ярлики</text>
      <target FeatureID="-1" href="SWITCH_HLP_EDIT_SHORTCUT.html">Установки ярликів</target>
   </keywords>
   <keywords>
      <text FeatureID="-1">передача даних, конфлікти</text>
      <target FeatureID="-1" href="SWITCH_HLP_CONFLICT.html">Конфлікти передачі</target>
   </keywords>
   <keywords>
      <text FeatureID="-1">копіювання вмісту</text>
      <target FeatureID="-1" href="SWITCH_HLP_MAIN.html">Передача даних</target>
   </keywords>
   <keywords>
      <text FeatureID="-1">журнал передавання</text>
      <target FeatureID="-1" href="SWITCH_HLP_LOG.html">Журнал передачі</target>
   </keywords>
</keywords>