<?xml version="1.0" encoding="UTF-8"?>
<keywords>
   <keywords>
      <text FeatureID="-1">sinkronizacija</text>
      <target FeatureID="-1" href="DS_HLP_MAIN_VIEW.html">Sinkronizacija podataka</target>
   </keywords>
   <keywords>
      <text FeatureID="-1">sinkronizacijski profili</text>
      <target FeatureID="-1" href="DS_HLP_MAIN_VIEW.html">Sinkronizacija podataka</target>
   </keywords>
   <keywords>
      <text FeatureID="-1">sinkro postavke profila</text>
      <target FeatureID="-1" href="DS_HLP_SETTINGS.html">Izmjena sinkro profila</target>
   </keywords>
   <keywords>
      <text FeatureID="-1">postavke sinkronizacije</text>
      <target FeatureID="-1" href="DS_HLP_SETTINGS_CAL.html">Postavke sinkronizacije kalendara</target>
      <target FeatureID="-1" href="DS_HLP_SETTINGS_CNT.html">Postavke sinkronizacije kontakata</target>
      <target FeatureID="-1" href="DS_HLP_SETTINGS_NOTES.html">Postavke sinkronizacijskih bilješki</target>
      <target FeatureID="-1" href="DS_HLP_SETTINGS_SMS.html">Postavke sinkronizacije SMS</target>
      <target FeatureID="true_44" href="DS_HLP_SETTINGS_SYNCML.html">Postavke sinkronizacije e-pošte</target>
   </keywords>
</keywords>