<?xml version="1.0" encoding="UTF-8"?>
<keywords>
   <keywords>
      <text FeatureID="true_410">izsaucējs</text>
      <target FeatureID="true_410" href="DIALER_HLP_MAIN.html">Tālruņa zvanu veikšana</target>
   </keywords>
   <keywords>
      <text FeatureID="true_410">tālruņa zvanu veikšana</text>
      <target FeatureID="true_410" href="DIALER_HLP_MAIN.html">Tālruņa zvanu veikšana</target>
   </keywords>
   <keywords>
      <text FeatureID="-1">tālruņa zvani</text>
      <target FeatureID="-1" href="INCAL_HLP_CALL_HANDLING.html">Tālruņa zvani</target>
   </keywords>
   <keywords>
      <text FeatureID="-1">konferences zvani</text>
      <target FeatureID="-1" href="INCAL_HLP_CALL_HANDLING.html">Tālruņa zvani</target>
   </keywords>
   <keywords>
      <text FeatureID="-1">zvanu apmainīšana</text>
      <target FeatureID="-1" href="INCAL_HLP_CALL_HANDLING.html">Tālruņa zvani</target>
   </keywords>
   <keywords>
      <text FeatureID="-1">tālrunis</text>
      <target FeatureID="-1" href="INCAL_HLP_CALL_HANDLING.html">Tālruņa zvani</target>
   </keywords>
   <keywords>
      <text FeatureID="true_410">DTMF signāli</text>
      <target FeatureID="true_410" href="DIALER_HLP_SEND_DTMF.html">DTFM signālu nosūtīšana</target>
   </keywords>
   <keywords>
      <text FeatureID="true_89">videozvani</text>
      <target FeatureID="true_89" href="INCAL_HLP_VIDEO_CALL.html">Videozvani</target>
   </keywords>
</keywords>