<?xml version="1.0" encoding="UTF-8"?>
<keywords>
   <keywords>
      <text FeatureID="-1">pesan cepat</text>
      <target FeatureID="-1" href="SERVTAB_HLP_CONVERSATION.html">Mengirim pesan cepat</target>
   </keywords>
   <keywords>
      <text FeatureID="-1">mengobrol</text>
      <target FeatureID="-1" href="SERVTAB_HLP_CONVERSATION.html">Mengirim pesan cepat</target>
   </keywords>
   <keywords>
      <text FeatureID="-1">percakapan</text>
      <target FeatureID="-1" href="SERVTAB_HLP_CONVERSATION.html">Mengirim pesan cepat</target>
   </keywords>
</keywords>