<?xml version="1.0" encoding="UTF-8"?>
<keywords>
   <keywords>
      <text FeatureID="-1">Bluetooth</text>
      <target FeatureID="-1" href="BT_HLP_MAIN.html">Bluetooth</target>
      <target FeatureID="-1" href="BT_HLP_PAIRED.html">Koppla ihop enheter</target>
      <target FeatureID="-1" href="BT_HLP_BLOCKED.html">Blockera enheter</target>
   </keywords>
   <keywords>
      <text FeatureID="-1">Bluetooth-inställningar</text>
      <target FeatureID="-1" href="BT_HLP_MAIN.html">Bluetooth</target>
   </keywords>
   <keywords>
      <text FeatureID="-1">ansluta enheter</text>
      <target FeatureID="-1" href="BT_HLP_PAIRED.html">Koppla ihop enheter</target>
   </keywords>
   <keywords>
      <text FeatureID="-1">blockerade enheter</text>
      <target FeatureID="-1" href="BT_HLP_BLOCKED.html">Blockera enheter</target>
   </keywords>
   <keywords>
      <text FeatureID="true_12">trådlöst tangentbord</text>
      <target FeatureID="true_12" href="BTKEYBOARD_HLP_SETTINGS.html">Trådlöst tangentbord</target>
   </keywords>
</keywords>