<?xml version="1.0" encoding="UTF-8"?>
<keywords>
   <keywords>
      <text FeatureID="-1">Mail for Exchange</text>
      <target FeatureID="-1" href="FSE_HLP_MFE_LAUNCHER_MAIN_VIEW.html">Mail for Exchange e-mail</target>
   </keywords>
   <keywords>
      <text FeatureID="-1">cài đặt hộp thư nâng cao</text>
      <target FeatureID="-1" href="FSE_HLP_MFE_SETTINGS_ADVANCED.html">Cài đặt nâng cao cho hộp thư</target>
   </keywords>
   <keywords>
      <text FeatureID="-1">Cài đặt đồng bộ hóa e-mail</text>
      <target FeatureID="-1" href="FSE_HLP_MFE_SETTINGS_PIM_APPS.html">Cài đặt đồng bộ hóa ứng dụng</target>
   </keywords>
   <keywords>
      <text FeatureID="-1">đồng bộ hóa lịch</text>
      <target FeatureID="-1" href="FSE_HLP_MFE_CALENDAR_APP.html">Cài đặt đồng bộ hóa Lịch</target>
   </keywords>
   <keywords>
      <text FeatureID="-1">đồng bộ hóa danh bạ,</text>
      <target FeatureID="-1" href="FSE_HLP_MFE_CONTACTS_APP.html">Cài đặt đồng bộ hóa Danh bạ</target>
   </keywords>
   <keywords>
      <text FeatureID="-1">cài đặt hộp thư</text>
      <target FeatureID="-1" href="FSE_HLP_MFE_SETTINGS_MAILBOX.html">Cài đặt chung cho hộp thư</target>
   </keywords>
   <keywords>
      <text FeatureID="-1">nội dung đồng bộ hóa e-mail</text>
      <target FeatureID="-1" href="FSE_HLP_MFE_SETTINGS_WHAT_SYNC.html">Chọn nội dung đồng bộ hóa</target>
   </keywords>
   <keywords>
      <text FeatureID="-1">thời gian đồng bộ hóa e-mail</text>
      <target FeatureID="-1" href="FSE_HLP_MFE_SETTINGS_WHEN_SYNC.html">Chọn thời gian đồng bộ hóa</target>
   </keywords>
   <keywords>
      <text FeatureID="-1">đồng bộ hóa thư mục e-mail</text>
      <target FeatureID="-1" href="FSE_HLP_MFE_SETTINGS_FOLDER.html">Cài đặt cho đồng bộ hóa</target>
   </keywords>
   <keywords>
      <text FeatureID="-1">cài đặt e-mail</text>
      <target FeatureID="-1" href="FSE_HLP_MFE_SETTINGS_MAIN_VIEW.html">Cài đặt dành cho e-mail</target>
   </keywords>
   <keywords>
      <text FeatureID="-1">đồng bộ hóa mục nhập công việc</text>
      <target FeatureID="-1" href="FSE_HLP_MFE_TASKS_APP.html">Cài đặt đồng bộ công việc</target>
   </keywords>
</keywords>