<?xml version="1.0" encoding="UTF-8"?>
<keywords>
   <keywords>
      <text FeatureID="-1">balso komandos</text>
      <target FeatureID="true_72" href="HLP_VC_SIND_FOLDER.html">Programos rodinys</target>
      <target FeatureID="true_72" href="HLP_VC_SIND_MAIN.html">Balso komandų naudojimas</target>
      <target FeatureID="-1" href="VCINFO_HLP_MAINVIEW.html">Adresatams</target>
   </keywords>
   <keywords>
      <text FeatureID="-1">balso komandų parametrai</text>
      <target FeatureID="-1" href="HLP_VC_SET.html">Balso komandų parametrai</target>
   </keywords>
</keywords>