<?xml version="1.0" encoding="UTF-8"?>
<keywords>
   <keywords>
      <text FeatureID="-1">leitor de mensagens, idioma</text>
      <target FeatureID="-1" href="SPEECH_HLP_MAIN.html">Definições de fala</target>
   </keywords>
   <keywords>
      <text FeatureID="-1">leitor de mensagens, voz</text>
      <target FeatureID="-1" href="SPEECH_HLP_MAIN.html">Definições de fala</target>
   </keywords>
   <keywords>
      <text FeatureID="-1">leitor de mensagens, detalhes de voz</text>
      <target FeatureID="-1" href="SPEECH_HLP_VOICE.html">Detalhes de voz</target>
   </keywords>
   <keywords>
      <text FeatureID="-1">leitor de mensagens, definições</text>
      <target FeatureID="-1" href="SPEECH_HLP_MRSETTINGS.html">Definições do Leitor de mensagens</target>
   </keywords>
</keywords>