<?xml version="1.0" encoding="UTF-8"?>
<keywords>
   <keywords>
      <text FeatureID="-1">categorias de pontos de referência</text>
      <target FeatureID="-1" href="LM_HLP_LM_BY_CATEGORY.html">Categorias ptos. refer.</target>
      <target FeatureID="-1" href="LM_HLP_EDIT_CATEGORIES.html">Editar categorias de pontos de referência</target>
   </keywords>
   <keywords>
      <text FeatureID="-1">pontos de referência</text>
      <target FeatureID="-1" href="LM_HLP_LM_BY_NAME.html">Exibiç. ptos. refer. por nome</target>
      <target FeatureID="-1" href="LM_HLP_CATEGORY_CONTENTS.html">Ptos. refer. em categorias</target>
      <target FeatureID="-1" href="LM_HLP_LM_VIEWER.html">Ptos. refer. em detalhes</target>
   </keywords>
   <keywords>
      <text FeatureID="-1">editar pontos de referência</text>
      <target FeatureID="-1" href="LM_HLP_LM_EDITOR.html">Editar ptos. referência</target>
   </keywords>
</keywords>