<?xml version="1.0" encoding="UTF-8"?>
<keywords>
   <keywords>
      <text FeatureID="-1">วิธีหาตำแหน่ง</text>
      <target FeatureID="-1" href="LOC_HLP_SETTINGS.html">การตั้งค่าการหาแหน่ง</target>
   </keywords>
   <keywords>
      <text FeatureID="-1">เซิร์ฟเวอร์ตำแหน่ง</text>
      <target FeatureID="-1" href="LOC_HLP_SETTINGS.html">การตั้งค่าการหาแหน่ง</target>
   </keywords>
   <keywords>
      <text FeatureID="-1">การกำหนดสัญลักษณ์</text>
      <target FeatureID="-1" href="LOC_HLP_SETTINGS.html">การตั้งค่าการหาแหน่ง</target>
   </keywords>
</keywords>