<?xml version="1.0" encoding="UTF-8"?>
<keywords>
   <keywords>
      <text FeatureID="-1">διαχείριση αρχείων</text>
      <target FeatureID="-1" href="FMGR_HLP_MEM_STORE_VIEW.html">Διαχείριση αρχείων</target>
      <target FeatureID="-1" href="FMGR_HLP_MAIN_VIEW.html">Διαχείριση αρχείων</target>
      <target FeatureID="-1" href="FMGR_HLP_BACKUP_VIEW.html">Αντίγραφα ασφαλείας</target>
   </keywords>
   <keywords>
      <text FeatureID="-1">κάρτα μνήμης</text>
      <target FeatureID="-1" href="FMGR_HLP_MEM_STORE_VIEW.html">Διαχείριση αρχείων</target>
      <target FeatureID="-1" href="FMGR_HLP_MAIN_VIEW.html">Διαχείριση αρχείων</target>
      <target FeatureID="-1" href="FMGR_HLP_BACKUP_VIEW.html">Αντίγραφα ασφαλείας</target>
   </keywords>
   <keywords>
      <text FeatureID="-1">Διαχείριση αρχείων</text>
      <target FeatureID="-1" href="FMGR_HLP_SEARCH_RESULTS.html">Αναζήτηση αρχείων</target>
   </keywords>
   <keywords>
      <text FeatureID="-1">αναζήτηση αρχείων</text>
      <target FeatureID="-1" href="FMGR_HLP_SEARCH_RESULTS.html">Αναζήτηση αρχείων</target>
   </keywords>
   <keywords>
      <text FeatureID="-1">αναζήτηση φακέλων</text>
      <target FeatureID="-1" href="FMGR_HLP_SEARCH_RESULTS.html">Αναζήτηση αρχείων</target>
   </keywords>
   <keywords>
      <text FeatureID="-1">δημιουργία αντιγράφων ασφαλείας</text>
      <target FeatureID="-1" href="FMGR_HLP_BACKUP_VIEW.html">Αντίγραφα ασφαλείας</target>
   </keywords>
</keywords>