<?xml version="1.0" encoding="UTF-8"?>
<keywords>
   <keywords>
      <text FeatureID="-1">descifrado, tarjeta de memoria</text>
      <target FeatureID="-1" href="ES_HLP_ENCRYPTION_DECRYPT.html">Descifrar la tarjeta de memoria</target>
   </keywords>
   <keywords>
      <text FeatureID="-1">cifrado, tarjeta de memoria</text>
      <target FeatureID="-1" href="ES_HLP_ENCRYPTION_ENCRYPT.html">Cifrar la tarjeta de memoria</target>
   </keywords>
   <keywords>
      <text FeatureID="-1">cifrado, memoria del dispositivo y tarjeta de memoria</text>
      <target FeatureID="-1" href="ES_HLP_ENCRYPTION_MAIN.html">Cifrar o descifrar</target>
   </keywords>
   <keywords>
      <text FeatureID="-1">descifrado, memoria del dispositivo y tarjeta de memoria</text>
      <target FeatureID="-1" href="ES_HLP_ENCRYPTION_MAIN.html">Cifrar o descifrar</target>
   </keywords>
</keywords>