<?xml version="1.0" encoding="UTF-8"?>
<keywords>
   <keywords>
      <text FeatureID="-1">kalendorius</text>
      <target FeatureID="-1" href="CALE_HLP_NOTE_ANNIVERSARY.html">Sukakčių įrašai</target>
      <target FeatureID="-1" href="CALE_HLP_NOTE_VIEWER.html">Kalendoriaus įrašai</target>
      <target FeatureID="-1" href="CALE_HLP_DAY_VIEW.html">Dienos rodinys</target>
      <target FeatureID="-1" href="CALE_HLP_NOTE_MEETING.html">Susitikimų įrašai</target>
      <target FeatureID="-1" href="CALE_HLP_NOTE_DAY.html">Pastabų įrašai</target>
      <target FeatureID="-1" href="CALE_HLP_MONTH_VIEW.html">Mėnesio rodinys</target>
      <target FeatureID="-1" href="CALE_HLP_TODO_NOTE.html">Darbų įrašai</target>
      <target FeatureID="-1" href="CALE_HLP_TODO_VIEW.html">Darbų rodinys</target>
      <target FeatureID="-1" href="CALE_HLP_WEEK_VIEW.html">Savaitės rodinys</target>
   </keywords>
   <keywords>
      <text FeatureID="-1">sukakčių įrašai</text>
      <target FeatureID="-1" href="CALE_HLP_NOTE_ANNIVERSARY.html">Sukakčių įrašai</target>
      <target FeatureID="-1" href="CALE_HLP_NOTE_VIEWER.html">Kalendoriaus įrašai</target>
   </keywords>
   <keywords>
      <text FeatureID="-1">susitikimai</text>
      <target FeatureID="-1" href="CALE_HLP_NOTE_VIEWER.html">Kalendoriaus įrašai</target>
      <target FeatureID="-1" href="CALE_HLP_NOTE_MEETING.html">Susitikimų įrašai</target>
   </keywords>
   <keywords>
      <text FeatureID="-1">pastabos</text>
      <target FeatureID="-1" href="CALE_HLP_NOTE_VIEWER.html">Kalendoriaus įrašai</target>
      <target FeatureID="-1" href="CALE_HLP_NOTE_DAY.html">Pastabų įrašai</target>
   </keywords>
   <keywords>
      <text FeatureID="-1">darbai</text>
      <target FeatureID="-1" href="CALE_HLP_NOTE_VIEWER.html">Kalendoriaus įrašai</target>
      <target FeatureID="-1" href="CALE_HLP_TODO_NOTE.html">Darbų įrašai</target>
   </keywords>
   <keywords>
      <text FeatureID="-1">kalendoriaus parametrai</text>
      <target FeatureID="-1" href="CALE_HLP_SETTINGS.html">Kalendoriaus parametrai</target>
   </keywords>
   <keywords>
      <text FeatureID="-1">darbų sąrašas</text>
      <target FeatureID="-1" href="CALE_HLP_TODO_VIEW.html">Darbų rodinys</target>
   </keywords>
</keywords>