<?xml version="1.0" encoding="UTF-8"?>
<keywords>
   <keywords>
      <text FeatureID="-1">Quickoffice, manajer file</text>
      <target FeatureID="-1" href="QFM_HLP_FILE_MENU.html">Manajer file</target>
   </keywords>
   <keywords>
      <text FeatureID="-1">Quickoffice</text>
      <target FeatureID="-1" href="QFM_HLP_LOC_MENU.html">Quickoffice</target>
   </keywords>
   <keywords>
      <text FeatureID="-1">Quickpoint</text>
      <target FeatureID="-1" href="QPOINT_HLP_EDIT_SLIDE_VIEW.html">Mengedit slide</target>
      <target FeatureID="-1" href="QPOINT_HLP_REPLACE_VIEW.html">Mencari dan mengganti teks</target>
      <target FeatureID="-1" href="QPOINT_HLP_FIND_VIEW.html">Mencari teks</target>
      <target FeatureID="-1" href="QPOINT_HLP_VIEW_SLIDE_VIEW.html">Melihat slide</target>
   </keywords>
   <keywords>
      <text FeatureID="-1">Quickpoint, teks</text>
      <target FeatureID="-1" href="QPOINT_HLP_EDIT_TEXT_VIEW.html">Mengedit teks</target>
   </keywords>
   <keywords>
      <text FeatureID="-1">Quickpoint, komentar</text>
      <target FeatureID="-1" href="QPOINT_HLP_COMMENT_VIEW.html">Menampilkan komentar</target>
   </keywords>
   <keywords>
      <text FeatureID="-1">Quickpoint, catatan</text>
      <target FeatureID="-1" href="QPOINT_HLP_VIEW_NOTES_VIEW.html">Melihat catatan</target>
   </keywords>
   <keywords>
      <text FeatureID="-1">Quickpoint, outline</text>
      <target FeatureID="-1" href="QPOINT_HLP_VIEW_OUTLINE_VIEW.html">Melihat outline</target>
   </keywords>
   <keywords>
      <text FeatureID="-1">Quicksheet, sel</text>
      <target FeatureID="-1" href="QSHEET_HLP_CELLS_EDIT.html">Mengedit sel</target>
      <target FeatureID="-1" href="QSHEET_HLP_VIEW_CELL.html">Menampilkan sel</target>
   </keywords>
   <keywords>
      <text FeatureID="-1">Quicksheet, kolom</text>
      <target FeatureID="-1" href="QSHEET_HLP_EDIT_COLUMN.html">Mengedit kolom</target>
   </keywords>
   <keywords>
      <text FeatureID="-1">Quicksheet, rentang</text>
      <target FeatureID="-1" href="QSHEET_HLP_EDIT_RANGE.html">Mengedit rentang</target>
   </keywords>
   <keywords>
      <text FeatureID="-1">Quicksheet, baris</text>
      <target FeatureID="-1" href="QSHEET_HLP_EDIT_ROW.html">Mengedit baris</target>
   </keywords>
   <keywords>
      <text FeatureID="-1">Quicksheet</text>
      <target FeatureID="-1" href="QSHEET_HLP_REPLACE_VIEW.html">Mencari dan mengganti teks</target>
      <target FeatureID="-1" href="QSHEET_HLP_FIND_VIEW.html">Mencari teks</target>
      <target FeatureID="-1" href="QSHEET_HLP_CELLS_VIEW.html">Menampilkan spreadsheet</target>
   </keywords>
   <keywords>
      <text FeatureID="-1">Quickword</text>
      <target FeatureID="-1" href="QWORD_HLP_EDIT_MODE.html">Mengedit dokumen</target>
      <target FeatureID="-1" href="QWORD_HLP_FIND_MODE.html">Mencari dan mengganti teks</target>
      <target FeatureID="-1" href="QWORD_HLP_VIEW_MODE.html">Menampilkan dokumen</target>
      <target FeatureID="-1" href="QWORD_HLP_PAGE_VIEW.html">Menampilkan tata letak halaman</target>
   </keywords>
</keywords>