<?xml version="1.0" encoding="UTF-8"?><?xml-stylesheet  href="../../theme/xsl/index2html.xslt" type="text/xsl"?>
<topics FeatureID="-1" title="电话簿" compressed="true">
   <topicref FeatureID="-1" href="FDN_HLP_FDN_NUM_EDIT_VIEW.html" navtitle="编辑联系人"/>
   <topicref FeatureID="-1" href="FDN_HLP_FDN_NUMBER_VIEW.html" navtitle="固定拨号号码"/>
   <topicref FeatureID="-1" href="FDN_HLP_FDN_VIEW.html" navtitle="限制呼叫"/>
   <topicref FeatureID="-1" href="SDN_HLP_APP.html" navtitle="服务号码"/>
   <topicref FeatureID="-1" href="HLP_CCA_DETAILS.html" navtitle="名片详情"/>
   <topicref FeatureID="-1" href="HLP_CCA_EDITOR.html" navtitle="编辑名片"/>
   <topicref FeatureID="-1" href="HLP_CCA_LAUNCHER.html" navtitle="名片"/>
   <topicref FeatureID="-1" href="PHOB_HLP_GROUP_LIST.html" navtitle="名片分组"/>
   <topicref FeatureID="-1" href="PHOB_HLP_SIM_LIST.html" navtitle="SIM 卡名片夹目录"/>
   <topicref FeatureID="-1" href="PHOB_HLP_MY_NUMBERS.html" navtitle="我的号码表"/>
   <topicref FeatureID="-1" href="PHOB_HLP_GROUP_MEMBER_LIST.html" navtitle="分组成员"/>
   <topicref FeatureID="-1" href="PHOB_HLP_SETTINGS.html" navtitle="名片夹设置"/>
   <topicref FeatureID="-1" href="PHOB_HLP_NAME_LIST.html" navtitle="名片夹目录"/>
</topics>