<?xml version="1.0" encoding="UTF-8"?>
<keywords>
   <keywords>
      <text FeatureID="-1">名片分组</text>
      <target FeatureID="-1" href="PHOB_HLP_GROUP_LIST.html">名片分组</target>
      <target FeatureID="-1" href="PHOB_HLP_GROUP_MEMBER_LIST.html">分组成员</target>
   </keywords>
   <keywords>
      <text FeatureID="-1">SIM 卡名片夹</text>
      <target FeatureID="-1" href="PHOB_HLP_SIM_LIST.html">SIM 卡名片夹目录</target>
   </keywords>
   <keywords>
      <text FeatureID="-1">SIM 卡号码</text>
      <target FeatureID="-1" href="PHOB_HLP_MY_NUMBERS.html">我的号码表</target>
   </keywords>
   <keywords>
      <text FeatureID="-1">名片夹中的姓名顺序</text>
      <target FeatureID="-1" href="PHOB_HLP_SETTINGS.html">名片夹设置</target>
   </keywords>
   <keywords>
      <text FeatureID="-1">名片夹存储</text>
      <target FeatureID="-1" href="PHOB_HLP_SETTINGS.html">名片夹设置</target>
   </keywords>
   <keywords>
      <text FeatureID="-1">默认存储</text>
      <target FeatureID="-1" href="PHOB_HLP_SETTINGS.html">名片夹设置</target>
   </keywords>
   <keywords>
      <text FeatureID="-1">名片夹目录</text>
      <target FeatureID="-1" href="PHOB_HLP_NAME_LIST.html">联系人列表</target>
   </keywords>
   <keywords>
      <text FeatureID="-1">联系信息</text>
      <target FeatureID="-1" href="PHOB_HLP_NAME_LIST.html">联系人列表</target>
   </keywords>
   <keywords>
      <text FeatureID="-1">通讯录</text>
      <target FeatureID="-1" href="PHOB_HLP_NAME_LIST.html">联系人列表</target>
   </keywords>
   <keywords>
      <text FeatureID="-1">名片夹</text>
      <target FeatureID="-1" href="RLOOK_HLP_INFO_VIEW.html">管理已找到的联系人</target>
   </keywords>
   <keywords>
      <text FeatureID="-1">名片</text>
      <target FeatureID="-1" href="PHOB_HLP_CONTACT_INFO_VIEW.html">名片</target>
      <target FeatureID="-1" href="PHOB_HLP_EDIT_ENTRY.html">编辑名片</target>
   </keywords>
   <keywords>
      <text FeatureID="-1">电话簿条目</text>
      <target FeatureID="-1" href="PHOB_HLP_CONTACT_INFO_VIEW.html">名片</target>
   </keywords>
   <keywords>
      <text FeatureID="-1">固定拨号</text>
      <target FeatureID="-1" href="FDN_HLP_FDN_NUMBER_VIEW.html">固定拨号号码</target>
      <target FeatureID="-1" href="FDN_HLP_FDN_VIEW.html">限制呼叫</target>
   </keywords>
   <keywords>
      <text FeatureID="-1">限制呼叫</text>
      <target FeatureID="-1" href="FDN_HLP_FDN_VIEW.html">限制呼叫</target>
   </keywords>
   <keywords>
      <text FeatureID="-1">服务号码</text>
      <target FeatureID="-1" href="SDN_HLP_APP.html">服务号码</target>
   </keywords>
   <keywords>
      <text FeatureID="-1">SIM 卡服务号码</text>
      <target FeatureID="-1" href="SDN_HLP_APP.html">服务号码</target>
   </keywords>
   <keywords>
      <text FeatureID="-1">SIM 卡上的服务号码</text>
      <target FeatureID="-1" href="SDN_HLP_APP.html">服务号码</target>
   </keywords>
   <keywords>
      <text FeatureID="-1">SIM 卡</text>
      <target FeatureID="-1" href="PHOB_HLP_SIM_INFO_VIEW.html">SIM 卡名片</target>
   </keywords>
   <keywords>
      <text FeatureID="-1">SIM 卡通讯录</text>
      <target FeatureID="-1" href="PHOB_HLP_SIM_INFO_VIEW.html">SIM 卡名片</target>
   </keywords>
</keywords>