<?xml version="1.0" encoding="UTF-8"?>
<keywords>
   <keywords>
      <text FeatureID="-1">bưu thiếp</text>
      <target FeatureID="-1" href="MMS_POSTCARD_HLP_ADDRESS_EDIT.html">Chỉnh sửa địa chỉ</target>
      <target FeatureID="-1" href="MMS_POSTCARD_HLP_MAIN_VIEW.html">Xem bưu thiếp</target>
      <target FeatureID="-1" href="POSTCARD_HLP_ADDRESS_VIEW.html">Xem địa chỉ</target>
      <target FeatureID="-1" href="POSTCARD_HLP_GREETING_EDIT.html">Viết lời chào</target>
      <target FeatureID="-1" href="POSTCARD_HLP_GREETING_VIEW.html">Xem lời chúc mừng</target>
      <target FeatureID="-1" href="MMS_POSTCARD_HLP_MAIN_EDIT.html">Tạo bưu thiếp</target>
   </keywords>
   <keywords>
      <text FeatureID="-1">gửi bưu thiếp</text>
      <target FeatureID="-1" href="MMS_POSTCARD_HLP_ADDRESS_EDIT.html">Chỉnh sửa địa chỉ</target>
      <target FeatureID="-1" href="POSTCARD_HLP_GREETING_EDIT.html">Viết lời chào</target>
      <target FeatureID="-1" href="MMS_POSTCARD_HLP_MAIN_EDIT.html">Tạo bưu thiếp</target>
   </keywords>
</keywords>