<?xml version="1.0" encoding="UTF-8"?>
<keywords>
   <keywords>
      <text FeatureID="-1">podešavanja naloga e-pošte</text>
      <target FeatureID="-1" href="FSE_HLP_IMS_SETTINGS_ACCT_INFO.html">Podešavanja naloga e-pošte</target>
   </keywords>
   <keywords>
      <text FeatureID="-1">napredna podešavanja poštanskog sandučeta</text>
      <target FeatureID="-1" href="FSE_HLP_IMS_SETTINGS_ADVANCED.html">Napredna podešavanja poštanskog sandučeta</target>
   </keywords>
   <keywords>
      <text FeatureID="-1">podešavanja poštanskog sandučeta</text>
      <target FeatureID="-1" href="FSE_HLP_IMS_SETTINGS_MAILBOX.html">Podešavanja poštanskog sandučeta</target>
   </keywords>
   <keywords>
      <text FeatureID="-1">sadržaj za sinhronizaciju e-pošte</text>
      <target FeatureID="-1" href="FSE_HLP_IMS_SETTINGS_WHAT_SYNC.html">Definisanje sadržaja za sinhronizaciju</target>
   </keywords>
   <keywords>
      <text FeatureID="-1">vreme sinhronizacije e-pošte</text>
      <target FeatureID="-1" href="FSE_HLP_IMS_SETTINGS_WHEN_SYNC.html">Definisanje vremena za sinhronizaciju</target>
   </keywords>
   <keywords>
      <text FeatureID="-1">sinhronizacija foldera e-pošte</text>
      <target FeatureID="-1" href="FSE_HLP_IMS_SETTINGS_FOLDER.html">Sinhronizovanje foldera e-pošte</target>
   </keywords>
   <keywords>
      <text FeatureID="-1">podešavanja e-mail servisa</text>
      <target FeatureID="-1" href="FSE_HLP_SETTINGS_INTELL_LIST.html">Podešavanja e-mail servisa</target>
   </keywords>
   <keywords>
      <text FeatureID="-1">podešavanja e-pošte</text>
      <target FeatureID="-1" href="FSE_HLP_IMS_SETTINGS_MAIN_VIEW.html">Podešavanja e-pošte</target>
   </keywords>
   <keywords>
      <text FeatureID="-1">Intellisync</text>
      <target FeatureID="-1" href="FSE_HLP_IMS_LAUNCHER_MAIN_VIEW.html">Intellisync e-mail</target>
   </keywords>
</keywords>