<?xml version="1.0" encoding="UTF-8"?>
<keywords>
   <keywords>
      <text FeatureID="-1">conţinut de partajat</text>
      <target FeatureID="-1" href="UPNP_HLP_SHARE_CONTENT.html">Selectarea conţinutului de partajat</target>
   </keywords>
   <keywords>
      <text FeatureID="-1">media la domiciliu</text>
      <target FeatureID="-1" href="UPNP_HLP_SHARE_CONTENT.html">Selectarea conţinutului de partajat</target>
      <target FeatureID="-1" href="UPNP_HLP_SHARING_PROP.html">Setări de partajare</target>
      <target FeatureID="-1" href="UPNP_HLP_MAIN_VIEW.html">Media la domiciliu</target>
      <target FeatureID="-1" href="UPNP_HLP_MAIN_EXTERNAL.html">Aparate media la domiciliu</target>
      <target FeatureID="-1" href="UPNP_HLP_CONTENT_VIEW.html">Fişiere media la domiciliu</target>
      <target FeatureID="-1" href="UPNP_HLP_REMOTE_DEVICES.html">Dosare media la domiciliu</target>
      <target FeatureID="-1" href="UPNP_HLP_SEARCH.html">Rezultatele căutării</target>
   </keywords>
   <keywords>
      <text FeatureID="-1">partajarea imaginilor şi a videoclipurilor</text>
      <target FeatureID="-1" href="UPNP_HLP_SHARE_CONTENT.html">Selectarea conţinutului de partajat</target>
   </keywords>
   <keywords>
      <text FeatureID="-1">partajarea fişierelor media</text>
      <target FeatureID="-1" href="UPNP_HLP_SHARING_PROP.html">Setări de partajare</target>
      <target FeatureID="-1" href="UPNP_HLP_MAIN_VIEW.html">Media la domiciliu</target>
      <target FeatureID="-1" href="UPNP_HLP_MAIN_EXTERNAL.html">Aparate media la domiciliu</target>
      <target FeatureID="-1" href="UPNP_HLP_CONTENT_VIEW.html">Fişiere media la domiciliu</target>
      <target FeatureID="-1" href="UPNP_HLP_REMOTE_DEVICES.html">Dosare media la domiciliu</target>
      <target FeatureID="-1" href="UPNP_HLP_SEARCH.html">Rezultatele căutării</target>
   </keywords>
   <keywords>
      <text FeatureID="-1">vizualizarea fişierelor de pe un aparat la distanţă</text>
      <target FeatureID="-1" href="UPNP_HLP_SHARING_PROP.html">Setări de partajare</target>
      <target FeatureID="-1" href="UPNP_HLP_MAIN_VIEW.html">Media la domiciliu</target>
      <target FeatureID="-1" href="UPNP_HLP_MAIN_EXTERNAL.html">Aparate media la domiciliu</target>
      <target FeatureID="-1" href="UPNP_HLP_CONTENT_VIEW.html">Fişiere media la domiciliu</target>
      <target FeatureID="-1" href="UPNP_HLP_REMOTE_DEVICES.html">Dosare media la domiciliu</target>
      <target FeatureID="-1" href="UPNP_HLP_SEARCH.html">Rezultatele căutării</target>
   </keywords>
   <keywords>
      <text FeatureID="-1">proprietăţi de partajare</text>
      <target FeatureID="-1" href="UPNP_HLP_SHARING_PROP.html">Setări de partajare</target>
   </keywords>
</keywords>