<?xml version="1.0" encoding="UTF-8"?>
<keywords>
   <keywords>
      <text FeatureID="-1">certifikati ovlašćenja</text>
      <target FeatureID="-1" href="CM_HLP_AUTHORITY.html">Certifikati ovlašćenja</target>
   </keywords>
   <keywords>
      <text FeatureID="-1">certifikati</text>
      <target FeatureID="-1" href="CM_HLP_AUTHORITY.html">Certifikati ovlašćenja</target>
      <target FeatureID="-1" href="CM_HLP_DEVICE.html">Certifikati uređaja</target>
      <target FeatureID="-1" href="CM_HLP_MAIN.html">Upravljanje certifikatima</target>
      <target FeatureID="-1" href="CM_HLP_PERSONAL.html">Lični certifikati</target>
      <target FeatureID="-1" href="CM_HLP_TRUSTED_SITE.html">Certifikati Web lokacija od poverenja</target>
      <target FeatureID="-1" href="CM_HLP_TRUST_SETTINGS.html">Izmena podešavanja za poverenje</target>
   </keywords>
   <keywords>
      <text FeatureID="-1">bezbednosni certifikati</text>
      <target FeatureID="-1" href="CM_HLP_AUTHORITY.html">Certifikati ovlašćenja</target>
      <target FeatureID="-1" href="CM_HLP_MAIN.html">Upravljanje certifikatima</target>
   </keywords>
   <keywords>
      <text FeatureID="-1">certifikati uređaja</text>
      <target FeatureID="-1" href="CM_HLP_DEVICE.html">Certifikati uređaja</target>
   </keywords>
   <keywords>
      <text FeatureID="-1">lični certifikati</text>
      <target FeatureID="-1" href="CM_HLP_PERSONAL.html">Lični certifikati</target>
   </keywords>
   <keywords>
      <text FeatureID="-1">certifikati Web lokacija od poverenja</text>
      <target FeatureID="-1" href="CM_HLP_TRUSTED_SITE.html">Certifikati Web lokacija od poverenja</target>
   </keywords>
   <keywords>
      <text FeatureID="-1">podešavanja za poverenje</text>
      <target FeatureID="-1" href="CM_HLP_TRUST_SETTINGS.html">Izmena podešavanja za poverenje</target>
   </keywords>
</keywords>