<?xml version="1.0" encoding="UTF-8"?>
<keywords>
   <keywords>
      <text FeatureID="-1">poskad</text>
      <target FeatureID="-1" href="MMS_POSTCARD_HLP_ADDRESS_EDIT.html">Edit alamat</target>
      <target FeatureID="-1" href="MMS_POSTCARD_HLP_MAIN_VIEW.html">Lihat poskad</target>
      <target FeatureID="-1" href="POSTCARD_HLP_ADDRESS_VIEW.html">Lihat alamat</target>
      <target FeatureID="-1" href="POSTCARD_HLP_GREETING_EDIT.html">Tulis ucapan</target>
      <target FeatureID="-1" href="POSTCARD_HLP_GREETING_VIEW.html">Lihat ucapan</target>
      <target FeatureID="-1" href="MMS_POSTCARD_HLP_MAIN_EDIT.html">Buat poskad</target>
   </keywords>
   <keywords>
      <text FeatureID="-1">menghantar poskad</text>
      <target FeatureID="-1" href="MMS_POSTCARD_HLP_ADDRESS_EDIT.html">Edit alamat</target>
      <target FeatureID="-1" href="POSTCARD_HLP_GREETING_EDIT.html">Tulis ucapan</target>
      <target FeatureID="-1" href="MMS_POSTCARD_HLP_MAIN_EDIT.html">Buat poskad</target>
   </keywords>
</keywords>