<?xml version="1.0" encoding="UTF-8"?>
<keywords>
   <keywords>
      <text FeatureID="-1">framsenda skilaboð</text>
      <target FeatureID="-1" href="MMS_HLP_MMS_FWD_REQUEST.html">Framsending margmiðlunarskilaboða</target>
   </keywords>
   <keywords>
      <text FeatureID="-1">margmiðlunarskilaboð</text>
      <target FeatureID="-1" href="MMS_HLP_MMS_FWD_REQUEST_SEND.html">Framsendingarbeiðni í sendum hlutum</target>
      <target FeatureID="-1" href="MMS_HLP_MMS_VIEWER.html">Skoða margmiðlunarskilaboð</target>
   </keywords>
   <keywords>
      <text FeatureID="-1">margmiðlunartilkynningar</text>
      <target FeatureID="-1" href="MMS_HLP_NOTIFICATION_VIEWER.html">Margmiðlunartilkynningar</target>
   </keywords>
   <keywords>
      <text FeatureID="-1">miðlunarhlutir</text>
      <target FeatureID="-1" href="MMS_HLP_OBJECTS_VIEW_VIEWER.html">Skoða miðlunarhluti</target>
   </keywords>
   <keywords>
      <text FeatureID="-1">margmiðlunarhlutir</text>
      <target FeatureID="-1" href="MMS_HLP_OBJECTS_VIEW_VIEWER.html">Skoða miðlunarhluti</target>
   </keywords>
   <keywords>
      <text FeatureID="-1">MMS</text>
      <target FeatureID="-1" href="MMS_HLP_MMS_VIEWER.html">Skoða margmiðlunarskilaboð</target>
   </keywords>
</keywords>