<?xml version="1.0" encoding="UTF-8"?>
<keywords>
   <keywords>
      <text FeatureID="-1">personalitzeu perfils</text>
      <target FeatureID="-1" href="MODE_HLP_PERSONALISE.html">Personalitzeu perfils</target>
   </keywords>
   <keywords>
      <text FeatureID="-1">configuració de sons</text>
      <target FeatureID="-1" href="SET_HLP_PERSONAL_TONES.html">Configuració de sons</target>
   </keywords>
   <keywords>
      <text FeatureID="-1">sons de trucada</text>
      <target FeatureID="-1" href="SET_HLP_PERSONAL_TONES.html">Configuració de sons</target>
   </keywords>
   <keywords>
      <text FeatureID="-1">perfils</text>
      <target FeatureID="-1" href="MODE_HLP_PROFILES_LIST.html">Perfils</target>
   </keywords>
   <keywords>
      <text FeatureID="-1">canvieu els perfils</text>
      <target FeatureID="-1" href="MODE_HLP_PROFILES_LIST.html">Perfils</target>
   </keywords>
</keywords>