<?xml version="1.0" encoding="UTF-8"?><?xml-stylesheet  href="../../theme/xsl/index2html.xslt" type="text/xsl"?>
<topics FeatureID="-1" title="Wideo i TV" compressed="true">
   <topicref FeatureID="-1" href="IPTV_HLP_MAIN_STATE.html" navtitle="Wideo i TV"/>
   <topicref FeatureID="-1" href="IPTV_HLP_VODCAST_MAIN.html" navtitle="Kanały wideo"/>
   <topicref FeatureID="-1" href="IPTV_HLP_SERVICE_SELECTION_VOD.html" navtitle="Wybieranie usług wideo"/>
   <topicref FeatureID="-1" href="IPTV_HLP_VOD_CATEGORIES.html" navtitle="Kategorie wideo"/>
   <topicref FeatureID="-1" href="IPTV_HLP_VOD.html" navtitle="Wyświetlanie i pobieranie plików wideo"/>
   <topicref FeatureID="-1" href="IPTV_HLP_SCHEDULE_DOWNLOAD.html" navtitle="Planowanie pobierania"/>
   <topicref FeatureID="-1" href="IPTV_HLP_STORAGE.html" navtitle="Moje wideo"/>
   <topicref FeatureID="-1" href="IPTV_HLP_SETTINGS.html" navtitle="Ustawienia Wideo i TV"/>
   <topicref FeatureID="-1" href="IPTV_HLP_SERVICE_SEL_VODCAST.html" navtitle="Wybieranie przekazów wideo"/>
   <topicref FeatureID="-1" href="IPTV_HLP_ADD_SERVICE.html" navtitle="Dodawanie kanałów wideo"/>
</topics>