<?xml version="1.0" encoding="UTF-8"?>
<keywords>
   <keywords>
      <text FeatureID="-1">wideo i TV</text>
      <target FeatureID="-1" href="IPTV_HLP_MAIN_STATE.html">Wideo i TV</target>
      <target FeatureID="-1" href="IPTV_HLP_VODCAST_MAIN.html">Kanały wideo</target>
      <target FeatureID="-1" href="IPTV_HLP_SERVICE_SELECTION_VOD.html">Wybieranie usług wideo</target>
      <target FeatureID="-1" href="IPTV_HLP_VOD_CATEGORIES.html">Kategorie wideo</target>
      <target FeatureID="-1" href="IPTV_HLP_VOD.html">Wyświetlanie i pobieranie plików wideo</target>
      <target FeatureID="-1" href="IPTV_HLP_SCHEDULE_DOWNLOAD.html">Planowanie pobierania</target>
      <target FeatureID="-1" href="IPTV_HLP_STORAGE.html">Moje wideo</target>
      <target FeatureID="-1" href="IPTV_HLP_SERVICE_SEL_VODCAST.html">Wybieranie przekazów wideo</target>
      <target FeatureID="-1" href="IPTV_HLP_ADD_SERVICE.html">Dodawanie kanałów wideo</target>
   </keywords>
   <keywords>
      <text FeatureID="-1">przekazy wideo</text>
      <target FeatureID="-1" href="IPTV_HLP_VODCAST_MAIN.html">Kanały wideo</target>
      <target FeatureID="-1" href="IPTV_HLP_SERVICE_SEL_VODCAST.html">Wybieranie przekazów wideo</target>
   </keywords>
   <keywords>
      <text FeatureID="-1">kanały wideo</text>
      <target FeatureID="-1" href="IPTV_HLP_VOD_CATEGORIES.html">Kategorie wideo</target>
      <target FeatureID="-1" href="IPTV_HLP_ADD_SERVICE.html">Dodawanie kanałów wideo</target>
   </keywords>
   <keywords>
      <text FeatureID="-1">materiały do pobrania, pliki wideo</text>
      <target FeatureID="-1" href="IPTV_HLP_VOD.html">Wyświetlanie i pobieranie plików wideo</target>
      <target FeatureID="-1" href="IPTV_HLP_SCHEDULE_DOWNLOAD.html">Planowanie pobierania</target>
   </keywords>
   <keywords>
      <text FeatureID="-1">wideo i TV, ustawienia</text>
      <target FeatureID="-1" href="IPTV_HLP_SETTINGS.html">Ustawienia Wideo i TV</target>
   </keywords>
   <keywords>
      <text FeatureID="-1">ustawienia, wideo</text>
      <target FeatureID="-1" href="IPTV_HLP_SETTINGS.html">Ustawienia Wideo i TV</target>
   </keywords>
</keywords>