<?xml version="1.0" encoding="UTF-8"?>
<keywords>
   <keywords>
      <text FeatureID="-1">categorías de marcas</text>
      <target FeatureID="-1" href="LM_HLP_LM_BY_CATEGORY.html">Categorías de marcas</target>
      <target FeatureID="-1" href="LM_HLP_EDIT_CATEGORIES.html">Editar categorías de marcas</target>
   </keywords>
   <keywords>
      <text FeatureID="-1">marcas</text>
      <target FeatureID="-1" href="LM_HLP_LM_BY_NAME.html">Vista de marcas por nombre</target>
      <target FeatureID="-1" href="LM_HLP_CATEGORY_CONTENTS.html">Marcas en categorías</target>
      <target FeatureID="-1" href="LM_HLP_LM_VIEWER.html">Marcas en detalle</target>
   </keywords>
   <keywords>
      <text FeatureID="-1">edición de marcas</text>
      <target FeatureID="-1" href="LM_HLP_LM_EDITOR.html">Editar marca</target>
   </keywords>
</keywords>