<?xml version="1.0" encoding="UTF-8"?>
<keywords>
   <keywords>
      <text FeatureID="true_410">pendail</text>
      <target FeatureID="true_410" href="DIALER_HLP_MAIN.html">Buat panggilan telefon</target>
   </keywords>
   <keywords>
      <text FeatureID="true_410">membuat panggilan telefon</text>
      <target FeatureID="true_410" href="DIALER_HLP_MAIN.html">Buat panggilan telefon</target>
   </keywords>
   <keywords>
      <text FeatureID="-1">panggilan telefon</text>
      <target FeatureID="-1" href="INCAL_HLP_CALL_HANDLING.html">Panggilan telefon</target>
   </keywords>
   <keywords>
      <text FeatureID="-1">panggilan persidangan</text>
      <target FeatureID="-1" href="INCAL_HLP_CALL_HANDLING.html">Panggilan telefon</target>
   </keywords>
   <keywords>
      <text FeatureID="-1">tukar panggilan</text>
      <target FeatureID="-1" href="INCAL_HLP_CALL_HANDLING.html">Panggilan telefon</target>
   </keywords>
   <keywords>
      <text FeatureID="-1">telefon</text>
      <target FeatureID="-1" href="INCAL_HLP_CALL_HANDLING.html">Panggilan telefon</target>
   </keywords>
   <keywords>
      <text FeatureID="true_410">Nada DTMF</text>
      <target FeatureID="true_410" href="DIALER_HLP_SEND_DTMF.html">Hantar nada DTMF</target>
   </keywords>
   <keywords>
      <text FeatureID="true_89">panggilan video</text>
      <target FeatureID="true_89" href="INCAL_HLP_VIDEO_CALL.html">Panggilan video</target>
   </keywords>
</keywords>