<?xml version="1.0" encoding="UTF-8"?>
<keywords>
   <keywords>
      <text FeatureID="-1">Sicherheitsmodul</text>
      <target FeatureID="-1" href="SECMOD_HLP_ACCESSCODE_VIEW.html">PIN-Code des Sicherheitsmoduls</target>
      <target FeatureID="-1" href="SECMOD_HLP_MAIN_VIEW.html">Sicherheitsmodul</target>
      <target FeatureID="-1" href="SEMOD_HLP_SIGNINGCODE_VIEW.html">Signaturcode bearbeiten</target>
   </keywords>
   <keywords>
      <text FeatureID="-1">PIN-Code</text>
      <target FeatureID="-1" href="SECMOD_HLP_ACCESSCODE_VIEW.html">PIN-Code des Sicherheitsmoduls</target>
   </keywords>
   <keywords>
      <text FeatureID="-1">Sicherheitsmodulcodes</text>
      <target FeatureID="-1" href="SECMOD_HLP_CODE_VIEW.html">Sicherheitsmodulcodes</target>
   </keywords>
   <keywords>
      <text FeatureID="-1">PIN-Code für Sicherheitsmodul</text>
      <target FeatureID="-1" href="SECMOD_HLP_CODE_VIEW.html">Sicherheitsmodulcodes</target>
   </keywords>
   <keywords>
      <text FeatureID="-1">Schlüsselspeicher</text>
      <target FeatureID="-1" href="SECMOD_HLP_MAIN_VIEW.html">Sicherheitsmodul</target>
   </keywords>
   <keywords>
      <text FeatureID="-1">Signaturcode</text>
      <target FeatureID="-1" href="SEMOD_HLP_SIGNINGCODE_VIEW.html">Signaturcode bearbeiten</target>
   </keywords>
   <keywords>
      <text FeatureID="-1">digitale Signaturen</text>
      <target FeatureID="-1" href="SEMOD_HLP_SIGNINGCODE_VIEW.html">Signaturcode bearbeiten</target>
   </keywords>
</keywords>