<?xml version="1.0" encoding="UTF-8"?>
<keywords>
   <keywords>
      <text FeatureID="-1">مدیر پرونده</text>
      <target FeatureID="-1" href="FMGR_HLP_MEM_STORE_VIEW.html">مدیریت پرونده ها</target>
      <target FeatureID="-1" href="FMGR_HLP_MAIN_VIEW.html">مدیر پرونده</target>
      <target FeatureID="-1" href="FMGR_HLP_SEARCH_RESULTS.html">جستجوی پرونده</target>
      <target FeatureID="-1" href="FMGR_HLP_BACKUP_VIEW.html">پشتیبان پرونده</target>
   </keywords>
   <keywords>
      <text FeatureID="-1">کارت حافظه</text>
      <target FeatureID="-1" href="FMGR_HLP_MEM_STORE_VIEW.html">مدیریت پرونده ها</target>
      <target FeatureID="-1" href="FMGR_HLP_MAIN_VIEW.html">مدیر پرونده</target>
      <target FeatureID="-1" href="FMGR_HLP_BACKUP_VIEW.html">پشتیبان پرونده</target>
   </keywords>
   <keywords>
      <text FeatureID="-1">جستجوی پرونده ها</text>
      <target FeatureID="-1" href="FMGR_HLP_SEARCH_RESULTS.html">جستجوی پرونده</target>
   </keywords>
   <keywords>
      <text FeatureID="-1">جستجوی پوشه ها</text>
      <target FeatureID="-1" href="FMGR_HLP_SEARCH_RESULTS.html">جستجوی پرونده</target>
   </keywords>
   <keywords>
      <text FeatureID="-1">پشتیبان</text>
      <target FeatureID="-1" href="FMGR_HLP_BACKUP_VIEW.html">پشتیبان پرونده</target>
   </keywords>
</keywords>