<?xml version="1.0" encoding="UTF-8"?>
<keywords>
   <keywords>
      <text FeatureID="-1">contact groups</text>
      <target FeatureID="-1" href="PHOB_HLP_GROUP_LIST.html">Contact groups</target>
   </keywords>
   <keywords>
      <text FeatureID="-1">SIM kontakti</text>
      <target FeatureID="-1" href="PHOB_HLP_SIM_LIST.html">Imenik kontakata na SIM kartici</target>
      <target FeatureID="-1" href="PHOB_HLP_SIM_INFO_VIEW.html">SIM posjetnice</target>
   </keywords>
   <keywords>
      <text FeatureID="-1">SIM broj</text>
      <target FeatureID="-1" href="PHOB_HLP_MY_NUMBERS.html">Moji brojevi</target>
   </keywords>
   <keywords>
      <text FeatureID="-1">grupe kontakata</text>
      <target FeatureID="-1" href="PHOB_HLP_GROUP_MEMBER_LIST.html">Članovi grupe</target>
   </keywords>
   <keywords>
      <text FeatureID="-1">redoslijed imena u Imeniku</text>
      <target FeatureID="-1" href="PHOB_HLP_SETTINGS.html">Postavke Imenika</target>
   </keywords>
   <keywords>
      <text FeatureID="-1">memorija Imenika</text>
      <target FeatureID="-1" href="PHOB_HLP_SETTINGS.html">Postavke Imenika</target>
   </keywords>
   <keywords>
      <text FeatureID="-1">početna memorija</text>
      <target FeatureID="-1" href="PHOB_HLP_SETTINGS.html">Postavke Imenika</target>
   </keywords>
   <keywords>
      <text FeatureID="-1">imenik kontakata</text>
      <target FeatureID="-1" href="PHOB_HLP_NAME_LIST.html">Popis kontakata</target>
   </keywords>
   <keywords>
      <text FeatureID="-1">kontaktne informacije</text>
      <target FeatureID="-1" href="PHOB_HLP_NAME_LIST.html">Popis kontakata</target>
   </keywords>
   <keywords>
      <text FeatureID="-1">telefonski imenik</text>
      <target FeatureID="-1" href="PHOB_HLP_NAME_LIST.html">Popis kontakata</target>
   </keywords>
   <keywords>
      <text FeatureID="-1">kontakti</text>
      <target FeatureID="-1" href="RLOOK_HLP_INFO_VIEW.html">Upravljanje pronađenim kontaktom</target>
   </keywords>
   <keywords>
      <text FeatureID="-1">posjetnice</text>
      <target FeatureID="-1" href="PHOB_HLP_CONTACT_INFO_VIEW.html">Posjetnice</target>
      <target FeatureID="-1" href="PHOB_HLP_EDIT_ENTRY.html">Uređivanje posjetnica</target>
   </keywords>
   <keywords>
      <text FeatureID="-1">zapisi telefonskog imenika</text>
      <target FeatureID="-1" href="PHOB_HLP_CONTACT_INFO_VIEW.html">Posjetnice</target>
   </keywords>
   <keywords>
      <text FeatureID="-1">fiksno biranje</text>
      <target FeatureID="-1" href="FDN_HLP_FDN_NUMBER_VIEW.html">Kontakti s fiksnim biranjem</target>
      <target FeatureID="-1" href="FDN_HLP_FDN_VIEW.html">Ograničavanje poziva</target>
   </keywords>
   <keywords>
      <text FeatureID="-1">ograničavanje poziva</text>
      <target FeatureID="-1" href="FDN_HLP_FDN_VIEW.html">Ograničavanje poziva</target>
   </keywords>
   <keywords>
      <text FeatureID="-1">brojevi usluga</text>
      <target FeatureID="-1" href="SDN_HLP_APP.html">Brojevi usluga</target>
   </keywords>
   <keywords>
      <text FeatureID="-1">SIM brojevi usluga</text>
      <target FeatureID="-1" href="SDN_HLP_APP.html">Brojevi usluga</target>
   </keywords>
   <keywords>
      <text FeatureID="-1">brojevi usluga na SIM-u</text>
      <target FeatureID="-1" href="SDN_HLP_APP.html">Brojevi usluga</target>
   </keywords>
   <keywords>
      <text FeatureID="-1">SIM kartica</text>
      <target FeatureID="-1" href="PHOB_HLP_SIM_INFO_VIEW.html">SIM posjetnice</target>
   </keywords>
</keywords>