<?xml version="1.0" encoding="UTF-8"?>
<keywords>
   <keywords>
      <text FeatureID="-1">editatu ekualizadorearen efektuak</text>
      <target FeatureID="-1" href="EQ_HLP_EDITING_VIEW.html">Editatu ekualizadorearen efektuak</target>
   </keywords>
   <keywords>
      <text FeatureID="-1">ekualizadorea</text>
      <target FeatureID="-1" href="EQ_HLP_LIST_VIEW.html">Ekualizadorearen efektuak</target>
   </keywords>
   <keywords>
      <text FeatureID="-1">frekuentzia-bandak</text>
      <target FeatureID="-1" href="EQ_HLP_LIST_VIEW.html">Ekualizadorearen efektuak</target>
   </keywords>
   <keywords>
      <text FeatureID="-1">hautatu efektuak</text>
      <target FeatureID="-1" href="EQ_HLP_LIST_VIEW.html">Ekualizadorearen efektuak</target>
   </keywords>
</keywords>