<?xml version="1.0" encoding="UTF-8"?>
<keywords>
   <keywords>
      <text FeatureID="-1">e-posta hesabı ayarları</text>
      <target FeatureID="-1" href="FSE_HLP_IMS_SETTINGS_ACCT_INFO.html">E-posta hesabı ayarları</target>
   </keywords>
   <keywords>
      <text FeatureID="-1">gelişmiş posta kutusu ayarları</text>
      <target FeatureID="-1" href="FSE_HLP_IMS_SETTINGS_ADVANCED.html">Gelişmiş posta kutusu ayarları</target>
   </keywords>
   <keywords>
      <text FeatureID="-1">posta kutusu ayarları</text>
      <target FeatureID="-1" href="FSE_HLP_IMS_SETTINGS_MAILBOX.html">Posta kutusu ayarları</target>
   </keywords>
   <keywords>
      <text FeatureID="-1">e-posta senkronizasyonu içeriği</text>
      <target FeatureID="-1" href="FSE_HLP_IMS_SETTINGS_WHAT_SYNC.html">Senk içeriğini tanımlama</target>
   </keywords>
   <keywords>
      <text FeatureID="-1">e-posta senkronizasyonu zamanı</text>
      <target FeatureID="-1" href="FSE_HLP_IMS_SETTINGS_WHEN_SYNC.html">Senk zamanını tanımlama</target>
   </keywords>
   <keywords>
      <text FeatureID="-1">e-posta klasörü senkronizasyonu</text>
      <target FeatureID="-1" href="FSE_HLP_IMS_SETTINGS_FOLDER.html">E-posta klasörlerini senkronize etme</target>
   </keywords>
   <keywords>
      <text FeatureID="-1">e-posta servisi ayarları</text>
      <target FeatureID="-1" href="FSE_HLP_SETTINGS_INTELL_LIST.html">E-posta servisi ayarları</target>
   </keywords>
   <keywords>
      <text FeatureID="-1">e-posta ayarları</text>
      <target FeatureID="-1" href="FSE_HLP_IMS_SETTINGS_MAIN_VIEW.html">E-posta ayarları</target>
   </keywords>
   <keywords>
      <text FeatureID="-1">Intellisync</text>
      <target FeatureID="-1" href="FSE_HLP_IMS_LAUNCHER_MAIN_VIEW.html">Intellisync e-posta</target>
   </keywords>
</keywords>