<?xml version="1.0" encoding="UTF-8"?>
<keywords>
   <keywords>
      <text FeatureID="-1">reenvío de mensaxes</text>
      <target FeatureID="-1" href="MMS_HLP_MMS_FWD_REQUEST.html">Reenvío de mensaxes multimedia</target>
   </keywords>
   <keywords>
      <text FeatureID="-1">mensaxes multimedia</text>
      <target FeatureID="-1" href="MMS_HLP_MMS_FWD_REQUEST_SEND.html">Reenvío req. en elementos Enviados</target>
      <target FeatureID="-1" href="MMS_HLP_MMS_VIEWER.html">Ver mensaxes multimedia</target>
   </keywords>
   <keywords>
      <text FeatureID="-1">notificacións multimedia</text>
      <target FeatureID="-1" href="MMS_HLP_NOTIFICATION_VIEWER.html">Notificacións multimedia</target>
   </keywords>
   <keywords>
      <text FeatureID="-1">obxectos multimedia</text>
      <target FeatureID="-1" href="MMS_HLP_OBJECTS_VIEW_VIEWER.html">Ver obxectos multimedia</target>
      <target FeatureID="-1" href="MMS_HLP_OBJECTS_VIEW_VIEWER.html">Ver obxectos multimedia</target>
   </keywords>
   <keywords>
      <text FeatureID="-1">MMS</text>
      <target FeatureID="-1" href="MMS_HLP_MMS_VIEWER.html">Ver mensaxes multimedia</target>
   </keywords>
</keywords>