<?xml version="1.0" encoding="UTF-8"?>
<keywords>
   <keywords>
      <text FeatureID="-1">certificados de autoridade</text>
      <target FeatureID="-1" href="CM_HLP_AUTHORITY.html">Certificados autoridade</target>
   </keywords>
   <keywords>
      <text FeatureID="-1">certificados</text>
      <target FeatureID="-1" href="CM_HLP_AUTHORITY.html">Certificados autoridade</target>
      <target FeatureID="-1" href="CM_HLP_DEVICE.html">Certificados de dispositivo</target>
      <target FeatureID="-1" href="CM_HLP_MAIN.html">Xestión de certificados</target>
      <target FeatureID="-1" href="CM_HLP_PERSONAL.html">Certificados persoais</target>
      <target FeatureID="-1" href="CM_HLP_TRUSTED_SITE.html">Certificados de sitio seguro</target>
      <target FeatureID="-1" href="CM_HLP_TRUST_SETTINGS.html">Edición dos axustes de fiabilidade</target>
   </keywords>
   <keywords>
      <text FeatureID="-1">certificados de seguridade</text>
      <target FeatureID="-1" href="CM_HLP_AUTHORITY.html">Certificados autoridade</target>
      <target FeatureID="-1" href="CM_HLP_MAIN.html">Xestión de certificados</target>
   </keywords>
   <keywords>
      <text FeatureID="-1">certificados de dispositivo</text>
      <target FeatureID="-1" href="CM_HLP_DEVICE.html">Certificados de dispositivo</target>
   </keywords>
   <keywords>
      <text FeatureID="-1">certificados persoais</text>
      <target FeatureID="-1" href="CM_HLP_PERSONAL.html">Certificados persoais</target>
   </keywords>
   <keywords>
      <text FeatureID="-1">certificados de sitio seguro</text>
      <target FeatureID="-1" href="CM_HLP_TRUSTED_SITE.html">Certificados de sitio seguro</target>
   </keywords>
   <keywords>
      <text FeatureID="-1">axustes de fiabilidade</text>
      <target FeatureID="-1" href="CM_HLP_TRUST_SETTINGS.html">Edición dos axustes de fiabilidade</target>
   </keywords>
</keywords>