<?xml version="1.0" encoding="UTF-8"?>
<keywords>
   <keywords>
      <text FeatureID="-1">سفارشی کردن نمایه ها</text>
      <target FeatureID="-1" href="MODE_HLP_PERSONALISE.html">سفارشی کردن نمایه ها</target>
   </keywords>
   <keywords>
      <text FeatureID="-1">تنظیمات آهنگ</text>
      <target FeatureID="-1" href="SET_HLP_PERSONAL_TONES.html">تنظیمات آهنگ</target>
   </keywords>
   <keywords>
      <text FeatureID="-1">آهنگ های زنگ</text>
      <target FeatureID="-1" href="SET_HLP_PERSONAL_TONES.html">تنظیمات آهنگ</target>
   </keywords>
   <keywords>
      <text FeatureID="-1">نمایه ها</text>
      <target FeatureID="-1" href="MODE_HLP_PROFILES_LIST.html">نمایه ها</target>
   </keywords>
   <keywords>
      <text FeatureID="-1">تغییر نمایه ها</text>
      <target FeatureID="-1" href="MODE_HLP_PROFILES_LIST.html">نمایه ها</target>
   </keywords>
</keywords>