<?xml version="1.0" encoding="UTF-8"?>
<keywords>
   <keywords>
      <text FeatureID="-1">modifier les modes préréglés de l'égaliseur</text>
      <target FeatureID="-1" href="EQ_HLP_EDITING_VIEW.html">Modifier les modes préréglés de l'égaliseur</target>
   </keywords>
   <keywords>
      <text FeatureID="-1">égaliseur</text>
      <target FeatureID="-1" href="EQ_HLP_LIST_VIEW.html">Modes préréglés de l'égaliseur</target>
   </keywords>
   <keywords>
      <text FeatureID="-1">bandes de fréquence</text>
      <target FeatureID="-1" href="EQ_HLP_LIST_VIEW.html">Modes préréglés de l'égaliseur</target>
   </keywords>
   <keywords>
      <text FeatureID="-1">sélectionner des modes préréglés</text>
      <target FeatureID="-1" href="EQ_HLP_LIST_VIEW.html">Modes préréglés de l'égaliseur</target>
   </keywords>
</keywords>