<?xml version="1.0" encoding="UTF-8"?>
<keywords>
   <keywords>
      <text FeatureID="-1">„Mail for Exchange“</text>
      <target FeatureID="-1" href="FSE_HLP_MFE_LAUNCHER_MAIN_VIEW.html">„Mail for Exchange“ paštas</target>
   </keywords>
   <keywords>
      <text FeatureID="-1">papildomi pašto dėžutės parametrai</text>
      <target FeatureID="-1" href="FSE_HLP_MFE_SETTINGS_ADVANCED.html">Papildomi pašto dėžutės parametrai</target>
   </keywords>
   <keywords>
      <text FeatureID="-1">el. pašto sinchronizavimo parametrai</text>
      <target FeatureID="-1" href="FSE_HLP_MFE_SETTINGS_PIM_APPS.html">Programos sinchronizacijos parametrai</target>
   </keywords>
   <keywords>
      <text FeatureID="-1">kalendoriaus sinchronizavimas</text>
      <target FeatureID="-1" href="FSE_HLP_MFE_CALENDAR_APP.html">Kalendoriaus sinchronizacijos parametrai</target>
   </keywords>
   <keywords>
      <text FeatureID="-1">adresatų sinchronizavimas,</text>
      <target FeatureID="-1" href="FSE_HLP_MFE_CONTACTS_APP.html">Programos „Adresų knyga“ sinchronizacijos parametrai</target>
   </keywords>
   <keywords>
      <text FeatureID="-1">pašto dėžutės parametrai</text>
      <target FeatureID="-1" href="FSE_HLP_MFE_SETTINGS_MAILBOX.html">Bendrieji el. pašto dėžutės parametrai</target>
   </keywords>
   <keywords>
      <text FeatureID="-1">sinchronizuotinas el. pašto turinys</text>
      <target FeatureID="-1" href="FSE_HLP_MFE_SETTINGS_WHAT_SYNC.html">Sinchronizuotino turinio pasirinkimas</target>
   </keywords>
   <keywords>
      <text FeatureID="-1">el. pašto sinchronizavimo laikas</text>
      <target FeatureID="-1" href="FSE_HLP_MFE_SETTINGS_WHEN_SYNC.html">Sinchronizavimo laiko pasirinkimas</target>
   </keywords>
   <keywords>
      <text FeatureID="-1">el. pašto aplankų sinchronizavimas</text>
      <target FeatureID="-1" href="FSE_HLP_MFE_SETTINGS_FOLDER.html">Sinchronizavimo parametrai</target>
   </keywords>
   <keywords>
      <text FeatureID="-1">el. pašto parametrai</text>
      <target FeatureID="-1" href="FSE_HLP_MFE_SETTINGS_MAIN_VIEW.html">El. pašto parametrai</target>
   </keywords>
   <keywords>
      <text FeatureID="-1">darbų įrašų sinchronizavimas</text>
      <target FeatureID="-1" href="FSE_HLP_MFE_TASKS_APP.html">Užduočių sinchronizavimo parametrai</target>
   </keywords>
</keywords>