<?xml version="1.0" encoding="UTF-8"?><?xml-stylesheet  href="../../theme/xsl/index2html.xslt" type="text/xsl"?>
<topics FeatureID="-1" title="Nhật ký" compressed="true">
   <topicref FeatureID="-1" href="GPRS_HLP_MAIN.html" navtitle="Kết nối dữ liệu gói"/>
   <topicref FeatureID="-1" href="LOGS_HLP_COUNTER.html" navtitle="Nhật ký cuộc gọi và dữ liệu"/>
   <topicref FeatureID="-1" href="LOGS_HLP_DETAIL.html" navtitle="Chi tiết sự kiện nhật ký"/>
   <topicref FeatureID="-1" href="LOGS_HLP_MAIN.html" navtitle="Thông tin nhật ký"/>
   <topicref FeatureID="-1" href="LOGS_HLP_SETTING.html" navtitle="Cài đặt nhật ký"/>
   <topicref FeatureID="-1" href="STM_HLP_DIALLED.html" navtitle="Các số vừa gọi"/>
   <topicref FeatureID="-1" href="STM_HLP_MAIN.html" navtitle="Các cuộc gọi gần đây"/>
   <topicref FeatureID="-1" href="STM_HLP_MISSED.html" navtitle="Cuộc gọi bị nhỡ"/>
   <topicref FeatureID="-1" href="STM_HLP_RECEIVED.html" navtitle="Cuộc gọi vừa nhận"/>
   <topicref FeatureID="-1" href="TIMERS_HLP_MAIN.html" navtitle="Thời lượng cuộc gọi"/>
</topics>