<?xml version="1.0" encoding="UTF-8"?>
<keywords>
   <keywords>
      <text FeatureID="-1">kết nối dữ liệu gói</text>
      <target FeatureID="-1" href="GPRS_HLP_MAIN.html">Kết nối dữ liệu gói</target>
      <target FeatureID="-1" href="LOGS_HLP_COUNTER.html">Nhật ký cuộc gọi và dữ liệu</target>
   </keywords>
   <keywords>
      <text FeatureID="-1">thời lượng cuộc gọi</text>
      <target FeatureID="-1" href="LOGS_HLP_COUNTER.html">Nhật ký cuộc gọi và dữ liệu</target>
      <target FeatureID="-1" href="TIMERS_HLP_MAIN.html">Thời lượng cuộc gọi</target>
   </keywords>
   <keywords>
      <text FeatureID="-1">các cuộc gọi gần đây</text>
      <target FeatureID="-1" href="LOGS_HLP_COUNTER.html">Nhật ký cuộc gọi và dữ liệu</target>
      <target FeatureID="-1" href="STM_HLP_MAIN.html">Các cuộc gọi gần đây </target>
   </keywords>
   <keywords>
      <text FeatureID="-1">nhật ký</text>
      <target FeatureID="-1" href="LOGS_HLP_DETAIL.html">Chi tiết sự kiện nhật ký</target>
      <target FeatureID="-1" href="LOGS_HLP_MAIN.html">Thông tin nhật ký</target>
   </keywords>
   <keywords>
      <text FeatureID="-1">cài đặt nhật ký</text>
      <target FeatureID="-1" href="LOGS_HLP_SETTING.html">Cài đặt nhật ký</target>
   </keywords>
   <keywords>
      <text FeatureID="-1">số đã quay</text>
      <target FeatureID="-1" href="STM_HLP_DIALLED.html">Các số vừa gọi</target>
   </keywords>
   <keywords>
      <text FeatureID="-1">nhật ký cuộc gọi</text>
      <target FeatureID="-1" href="STM_HLP_MAIN.html">Các cuộc gọi gần đây </target>
   </keywords>
   <keywords>
      <text FeatureID="-1">cuộc gọi bị nhỡ</text>
      <target FeatureID="-1" href="STM_HLP_MISSED.html">Cuộc gọi bị nhỡ</target>
   </keywords>
   <keywords>
      <text FeatureID="-1">cuộc gọi vừa nhận</text>
      <target FeatureID="-1" href="STM_HLP_RECEIVED.html">Cuộc gọi vừa nhận</target>
   </keywords>
   <keywords>
      <text FeatureID="-1">các cuộc gọi đã trả lời</text>
      <target FeatureID="-1" href="STM_HLP_RECEIVED.html">Cuộc gọi vừa nhận</target>
   </keywords>
   <keywords>
      <text FeatureID="-1">thời lượng của các cuộc gọi</text>
      <target FeatureID="-1" href="TIMERS_HLP_MAIN.html">Thời lượng cuộc gọi</target>
   </keywords>
</keywords>