<?xml version="1.0" encoding="UTF-8"?>
<keywords>
   <keywords>
      <text FeatureID="-1">نشریاتی پيغام</text>
      <target FeatureID="-1" href="CBS_HLP_TOPIC_VIEW.html">سیل نشریاتی پیغامات</target>
      <target FeatureID="-1" href="CBS_HLP_MAIN.html">براڈکاسٹ کے عنوان</target>
      <target FeatureID="-1" href="CBS_HLP_MSG.html">CBS پيغامات</target>
   </keywords>
   <keywords>
      <text FeatureID="-1">براڈکاسٹ کے عنوان</text>
      <target FeatureID="-1" href="CBS_HLP_MAIN.html">براڈکاسٹ کے عنوان</target>
   </keywords>
</keywords>