<?xml version="1.0" encoding="UTF-8"?><?xml-stylesheet  href="../../theme/xsl/index2html.xslt" type="text/xsl"?>
<topics FeatureID="-1" title="Sporočila" compressed="true">
   <topicref FeatureID="-1" href="MCE_HLP_MESSAGING.html" navtitle="Center za sporočila"/>
   <topicref FeatureID="-1" href="MCE_HLP_SIM.html" navtitle="Ogled spor. na SIM"/>
   <topicref FeatureID="-1" href="MCE_HLP_SETTINGS.html" navtitle="Nastavitve za sporočila"/>
   <topicref FeatureID="-1" href="MCE_HLP_SETTINGS_SMS.html" navtitle="Nast. besedil. sporočil"/>
   <topicref FeatureID="-1" href="SMS_HLP_SETTINGS_SCENTRES.html" navtitle="Nast. centrov za SMS"/>
   <topicref FeatureID="-1" href="SMS_HLP_SETTINGS_SCENTRES_EDIT.html" navtitle="Urejanje centrov za SMS-e"/>
   <topicref FeatureID="true_1092" href="SMS_HLP_SETTINGS_SMS_EMAIL.html" navtitle="Nast. e-pošte za SMS"/>
   <topicref FeatureID="-1" href="MCE_HLP_SETTINGS_MMS.html" navtitle="Nast. večpredstavn. spor."/>
   <topicref FeatureID="true_1090" href="MCE_HLP_SETTINGS_CB.html" navtitle="Nastavitve sporočil v celici"/>
   <topicref FeatureID="-1" href="MCE_HLP_SETTINGS_GEN.html" navtitle="Druge nastavitve"/>
   <topicref FeatureID="-1" href="MCE_HLP_INBOX.html" navtitle="Mapa Prejeto"/>
   <topicref FeatureID="-1" href="MCE_HLP_DOCUMENTS.html" navtitle="Moje mape"/>
   <topicref FeatureID="-1" href="MCE_HLP_TEMPLATES.html" navtitle="Predloge sporočil"/>
   <topicref FeatureID="-1" href="MCE_HLP_FOLDER.html" navtitle="Organiziranje sporočil"/>
   <topicref FeatureID="-1" href="MCE_HLP_DRAFTS.html" navtitle="Osnutki"/>
   <topicref FeatureID="-1" href="MCE_HLP_SENT_ITEMS.html" navtitle="Poslana sporočila"/>
   <topicref FeatureID="-1" href="MCE_HLP_OUTBOX.html" navtitle="V pošiljanju"/>
   <topicref FeatureID="-1" href="MCE_HLP_DELIVERY_REPORTS.html" navtitle="Poročila o dostavi"/>
   <topicref FeatureID="true_1132" href="MCE_HLP_MMS_NOTIFICATIONS.html" navtitle="Obvestila o večpredst. spor."/>
</topics>