<?xml version="1.0" encoding="UTF-8"?>
<keywords>
   <keywords>
      <text FeatureID="-1">pošiljanje sporočil</text>
      <target FeatureID="-1" href="MCE_HLP_MESSAGING.html">Center za sporočila</target>
      <target FeatureID="-1" href="MCE_HLP_OUTBOX.html">V pošiljanju</target>
   </keywords>
   <keywords>
      <text FeatureID="-1">prejemanje sporočil</text>
      <target FeatureID="-1" href="MCE_HLP_MESSAGING.html">Center za sporočila</target>
      <target FeatureID="-1" href="MCE_HLP_INBOX.html">Mapa Prejeto</target>
   </keywords>
   <keywords>
      <text FeatureID="-1">sporočila SIM</text>
      <target FeatureID="-1" href="MCE_HLP_SIM.html">Ogled spor. na SIM</target>
   </keywords>
   <keywords>
      <text FeatureID="-1">sporočila na kartici SIM</text>
      <target FeatureID="-1" href="MCE_HLP_SIM.html">Ogled spor. na SIM</target>
   </keywords>
   <keywords>
      <text FeatureID="-1">nastavitve sporočil</text>
      <target FeatureID="-1" href="MCE_HLP_SETTINGS.html">Nastavitve za sporočila</target>
      <target FeatureID="-1" href="MCE_HLP_SETTINGS_GEN.html">Druge nastavitve</target>
   </keywords>
   <keywords>
      <text FeatureID="-1">nastavitve sporočil SMS</text>
      <target FeatureID="-1" href="MCE_HLP_SETTINGS_SMS.html">Nast. besedil. sporočil</target>
   </keywords>
   <keywords>
      <text FeatureID="-1">nastavitve besedilnih sporočil</text>
      <target FeatureID="-1" href="MCE_HLP_SETTINGS_SMS.html">Nast. besedil. sporočil</target>
      <target FeatureID="-1" href="SMS_HLP_SETTINGS_SCENTRES.html">Nast. centrov za SMS</target>
      <target FeatureID="-1" href="SMS_HLP_SETTINGS_SCENTRES_EDIT.html">Urejanje centrov za SMS-e</target>
   </keywords>
   <keywords>
      <text FeatureID="-1">nastavitve centrov za sporočila</text>
      <target FeatureID="-1" href="SMS_HLP_SETTINGS_SCENTRES.html">Nast. centrov za SMS</target>
      <target FeatureID="-1" href="SMS_HLP_SETTINGS_SCENTRES_EDIT.html">Urejanje centrov za SMS-e</target>
   </keywords>
   <keywords>
      <text FeatureID="-1">nastavitve centrov za SMS</text>
      <target FeatureID="-1" href="SMS_HLP_SETTINGS_SCENTRES.html">Nast. centrov za SMS</target>
   </keywords>
   <keywords>
      <text FeatureID="true_1092">e-poštno besedilno sporočilo</text>
      <target FeatureID="true_1092" href="SMS_HLP_SETTINGS_SMS_EMAIL.html">Nast. e-pošte za SMS</target>
   </keywords>
   <keywords>
      <text FeatureID="true_1092">nast. e-pošte za SMS</text>
      <target FeatureID="true_1092" href="SMS_HLP_SETTINGS_SMS_EMAIL.html">Nast. e-pošte za SMS</target>
   </keywords>
   <keywords>
      <text FeatureID="-1">nastavitve MMS</text>
      <target FeatureID="-1" href="MCE_HLP_SETTINGS_MMS.html">Nast. večpredstavn. spor.</target>
   </keywords>
   <keywords>
      <text FeatureID="true_1090">nastavitve sporočil v celici</text>
      <target FeatureID="true_1090" href="MCE_HLP_SETTINGS_CB.html">Nastavitve sporočil v celici</target>
   </keywords>
   <keywords>
      <text FeatureID="-1">mapa Prejeto</text>
      <target FeatureID="-1" href="MCE_HLP_INBOX.html">Mapa Prejeto</target>
   </keywords>
   <keywords>
      <text FeatureID="-1">moje mape</text>
      <target FeatureID="-1" href="MCE_HLP_DOCUMENTS.html">Moje mape</target>
   </keywords>
   <keywords>
      <text FeatureID="-1">shranjevanje sporočil</text>
      <target FeatureID="-1" href="MCE_HLP_DOCUMENTS.html">Moje mape</target>
   </keywords>
   <keywords>
      <text FeatureID="-1">pošiljanje predlog</text>
      <target FeatureID="-1" href="MCE_HLP_TEMPLATES.html">Predloge sporočil</target>
   </keywords>
   <keywords>
      <text FeatureID="-1">predloge sporočil</text>
      <target FeatureID="-1" href="MCE_HLP_TEMPLATES.html">Predloge sporočil</target>
   </keywords>
   <keywords>
      <text FeatureID="-1">organiziranje sporočil</text>
      <target FeatureID="-1" href="MCE_HLP_FOLDER.html">Organiziranje sporočil</target>
   </keywords>
   <keywords>
      <text FeatureID="-1">shranjevanje osnutkov sporočil</text>
      <target FeatureID="-1" href="MCE_HLP_DRAFTS.html">Osnutki</target>
   </keywords>
   <keywords>
      <text FeatureID="-1">osnutki sporočil</text>
      <target FeatureID="-1" href="MCE_HLP_DRAFTS.html">Osnutki</target>
   </keywords>
   <keywords>
      <text FeatureID="-1">poslana sporočila</text>
      <target FeatureID="-1" href="MCE_HLP_SENT_ITEMS.html">Poslana sporočila</target>
   </keywords>
   <keywords>
      <text FeatureID="-1">ogled sporočil v pošiljanju</text>
      <target FeatureID="-1" href="MCE_HLP_OUTBOX.html">V pošiljanju</target>
   </keywords>
   <keywords>
      <text FeatureID="-1">poročila o dostavi</text>
      <target FeatureID="-1" href="MCE_HLP_DELIVERY_REPORTS.html">Poročila o dostavi</target>
   </keywords>
   <keywords>
      <text FeatureID="true_1132">obvestila o MMS</text>
      <target FeatureID="true_1132" href="MCE_HLP_MMS_NOTIFICATIONS.html">Obvestila o večpredst. spor.</target>
   </keywords>
</keywords>