<?xml version="1.0" encoding="UTF-8"?>
<keywords>
   <keywords>
      <text FeatureID="-1">myndum breytt</text>
      <target FeatureID="-1" href="SIE_HLP_MAIN.html">Breyta myndum</target>
   </keywords>
   <keywords>
      <text FeatureID="-1">texta breytt</text>
      <target FeatureID="-1" href="SIE_HLP_EDIT_TEXT.html">Breyta texta í myndum</target>
   </keywords>
   <keywords>
      <text FeatureID="-1">myndforrit</text>
      <target FeatureID="-1" href="SIE_HLP_EDIT_TEXT.html">Breyta texta í myndum</target>
   </keywords>
   <keywords>
      <text FeatureID="-1">stækkuðum myndum breytt</text>
      <target FeatureID="-1" href="SIE_HLP_ZOOMING.html">Breyta stækkuðum myndum</target>
   </keywords>
   <keywords>
      <text FeatureID="-1">stækka myndir</text>
      <target FeatureID="-1" href="SIE_HLP_ZOOMING.html">Breyta stækkuðum myndum</target>
   </keywords>
   <keywords>
      <text FeatureID="-1">klippimynd breytt</text>
      <target FeatureID="-1" href="SIE_HLP_EDIT_CLIPART.html">Breyta klippimynd</target>
   </keywords>
   <keywords>
      <text FeatureID="-1">talbólum breytt</text>
      <target FeatureID="-1" href="SIE_HLP_EDIT_CLIPART.html">Breyta klippimynd</target>
   </keywords>
   <keywords>
      <text FeatureID="-1">rauð augu löguð</text>
      <target FeatureID="-1" href="SIE_HLP_REDEYE.html">Rauð augu löguð</target>
   </keywords>
</keywords>