<?xml version="1.0" encoding="UTF-8"?>
<keywords>
   <keywords>
      <text FeatureID="-1">Radio</text>
      <target FeatureID="-1" href="FMRADIO_HLP_MAIN.html">Wiedergabe von Radio</target>
      <target FeatureID="-1" href="FMRADIO_HLP_SEARCH.html">Sendersuche</target>
      <target FeatureID="-1" href="FMRADIO_HLP_LIST.html"> Radiosender verwalten</target>
   </keywords>
   <keywords>
      <text FeatureID="-1">UKW-Radio</text>
      <target FeatureID="-1" href="FMRADIO_HLP_MAIN.html">Wiedergabe von Radio</target>
      <target FeatureID="-1" href="FMRADIO_HLP_SEARCH.html">Sendersuche</target>
      <target FeatureID="-1" href="FMRADIO_HLP_LIST.html"> Radiosender verwalten</target>
   </keywords>
</keywords>