<?xml version="1.0" encoding="UTF-8"?>
<keywords>
   <keywords>
      <text FeatureID="-1">uzstādījumi, Pārsegs</text>
      <target FeatureID="-1" href="SET_HLP_SETTINGS_KEYPAD_COVER.html">Pārsega kustības uzstādījumi</target>
   </keywords>
   <keywords>
      <text FeatureID="-1">pārsega uzstādījumi</text>
      <target FeatureID="-1" href="SET_HLP_SETTINGS_KEYPAD_COVER.html">Pārsega kustības uzstādījumi</target>
   </keywords>
   <keywords>
      <text FeatureID="-1">ierīces pārvaldība</text>
      <target FeatureID="-1" href="CP_HLP_DEVICE_MANAGEMENT.html">Ierīces pārvaldība</target>
   </keywords>
   <keywords>
      <text FeatureID="true_109">EAP (paplašināmās autentifikācijas protokols)</text>
      <target FeatureID="true_109" href="SET_HLP_WLAN_EAP_SIM.html">EAP-SIM uzstādījumi</target>
   </keywords>
   <keywords>
      <text FeatureID="true_109">uzstādījumi, WLAN</text>
      <target FeatureID="true_109" href="SET_HLP_WLAN_EAP_SIM.html">EAP-SIM uzstādījumi</target>
   </keywords>
   <keywords>
      <text FeatureID="-1">piekļuves punktu aizliegšana</text>
      <target FeatureID="-1" href="ACL_HLP_MAIN.html">Savienojumu liegums</target>
   </keywords>
   <keywords>
      <text FeatureID="-1">savienojuma uzstād.</text>
      <target FeatureID="-1" href="SIP_HLP_PROF_PARAMS.html">SIP profila uzstādījumi</target>
      <target FeatureID="-1" href="SIP_HLP_MAIN.html">SIP profili</target>
      <target FeatureID="-1" href="SET_HLP_CONN_DEST_VIEW.html">Mērķu skats</target>
      <target FeatureID="-1" href="SET_HLP_DEFAULT_CONN.html">Noklusētais savienojums</target>
      <target FeatureID="-1" href="SET_HLP_CONN_METHODS_VIEW.html">Piekļuves punktu skats</target>
      <target FeatureID="true_1581" href="RD_HLP_REMOTE_DRIVE_CONFIG.html">Attālā diska uzstād.</target>
      <target FeatureID="true_1581" href="RD_HLP_REMOTE_DRIVES.html">Attālie diski</target>
   </keywords>
   <keywords>
      <text FeatureID="-1">SIP uzstādījumi</text>
      <target FeatureID="-1" href="SIP_HLP_PROF_PARAMS.html">SIP profila uzstādījumi</target>
      <target FeatureID="-1" href="SIP_HLP_MAIN.html">SIP profili</target>
      <target FeatureID="-1" href="SIP_HLP_PROXY_PARAMS.html">SIP starpnieks. uzstād.</target>
      <target FeatureID="-1" href="SIP_HLP_REGISTRAR_PARAM.html">Reģistrētājservera uzstād.</target>
   </keywords>
   <keywords>
      <text FeatureID="-1">reģistrētājserveris</text>
      <target FeatureID="-1" href="SIP_HLP_REGISTRAR_PARAM.html">Reģistrētājservera uzstād.</target>
   </keywords>
   <keywords>
      <text FeatureID="-1">piekļuves punkti</text>
      <target FeatureID="-1" href="HLP_OCC_CONN_SETTINGS.html">Tīkla savienojumi</target>
      <target FeatureID="-1" href="SET_HLP_CONN_METHODS_VIEW.html">Piekļuves punktu skats</target>
   </keywords>
   <keywords>
      <text FeatureID="-1">uzstādījumi, savienojums</text>
      <target FeatureID="-1" href="HLP_OCC_CONN_SETTINGS.html">Tīkla savienojumi</target>
   </keywords>
   <keywords>
      <text FeatureID="-1">mērķa uzstād.</text>
      <target FeatureID="-1" href="SET_HLP_CONN_DEST_VIEW.html">Mērķu skats</target>
   </keywords>
   <keywords>
      <text FeatureID="-1">noklusētais savienojums</text>
      <target FeatureID="-1" href="SET_HLP_DEFAULT_CONN.html">Noklusētais savienojums</target>
   </keywords>
   <keywords>
      <text FeatureID="-1">VPN piekļuves punkti</text>
      <target FeatureID="true_99" href="SET_HLP_VPN_DEST_ASSOC_VIEW.html">VPN savienojumi</target>
      <target FeatureID="-1" href="SET_HLP_VPN_AP_SETTINGS_VIEW.html">VPN piekļuves punktu rediģēšana</target>
   </keywords>
   <keywords>
      <text FeatureID="-1">programmu savienojumi</text>
      <target FeatureID="-1" href="SET_HLP_APP_DEST_ASSOC_VIEW.html">Programmu savienojumi</target>
   </keywords>
   <keywords>
      <text FeatureID="-1">programmas uzstād.</text>
      <target FeatureID="-1" href="CP_HLP_APPILICATION_SETTINGS.html">Programmas uzstād.</target>
   </keywords>
   <keywords>
      <text FeatureID="-1">zvani, uzstādījumi</text>
      <target FeatureID="-1" href="SCP_HLP_CALL.html">Zvana uzstādījumi</target>
   </keywords>
   <keywords>
      <text FeatureID="-1">uzstādījumi, zvani</text>
      <target FeatureID="-1" href="SCP_HLP_CALL.html">Zvana uzstādījumi</target>
   </keywords>
   <keywords>
      <text FeatureID="-1">savienojumi</text>
      <target FeatureID="-1" href="CP_HLP_CONNECTIVITY.html">Savienojumu uzstādījumi</target>
   </keywords>
   <keywords>
      <text FeatureID="-1">vadības panelis</text>
      <target FeatureID="-1" href="CP_HLP_DISPLAY.html">Displeja uzstādījumi</target>
      <target FeatureID="__DUAL_LANGUAGE_SUPPORT=true" href="CP_HLP_WRITING_LANGUAGE.html">Rakstīšanas valoda</target>
   </keywords>
   <keywords>
      <text FeatureID="-1">displeja uzstādījumi</text>
      <target FeatureID="-1" href="CP_HLP_DISPLAY.html">Displeja uzstādījumi</target>
   </keywords>
   <keywords>
      <text FeatureID="-1">vispārīgie uzstādījumi</text>
      <target FeatureID="-1" href="CP_HLP_DEVICE.html">Ierīces uzstādījumi</target>
   </keywords>
   <keywords>
      <text FeatureID="-1">ierīces uzstādījumi</text>
      <target FeatureID="-1" href="CP_HLP_DEVICE.html">Ierīces uzstādījumi</target>
   </keywords>
   <keywords>
      <text FeatureID="-1">valodas uzstādījumi</text>
      <target FeatureID="-1" href="CP_HLP_LANGUAGE.html">Valodas uzstādījumi</target>
   </keywords>
   <keywords>
      <text FeatureID="-1">uzstādījumi</text>
      <target FeatureID="-1" href="CP_HLP_MAIN_VIEW.html">Uzstādījumi</target>
   </keywords>
   <keywords>
      <text FeatureID="-1">tīkla uzstādījumi</text>
      <target FeatureID="-1" href="CP_HLP_NETWORK.html">Tīkla uzstādījumi</target>
      <target FeatureID="-1" href="CP_HLP_NETWORK.html">Tīkla uzstādījumi</target>
   </keywords>
   <keywords>
      <text FeatureID="-1">profils</text>
      <target FeatureID="-1" href="CP_HLP_PERSONAL.html">Personiskais skats</target>
   </keywords>
   <keywords>
      <text FeatureID="-1">motīvs</text>
      <target FeatureID="-1" href="CP_HLP_PERSONAL.html">Personiskais skats</target>
   </keywords>
   <keywords>
      <text FeatureID="-1">gaidīšanas režīms</text>
      <target FeatureID="-1" href="CP_HLP_PERSONAL.html">Personiskais skats</target>
   </keywords>
   <keywords>
      <text FeatureID="-1">drošība, uzstādījumi</text>
      <target FeatureID="-1" href="CP_HLP_SECURITY.html">Drošības uzstād.</target>
   </keywords>
   <keywords>
      <text FeatureID="-1">uzstādījumi, drošība</text>
      <target FeatureID="-1" href="CP_HLP_SECURITY.html">Drošības uzstād.</target>
   </keywords>
   <keywords>
      <text FeatureID="-1">ierīce, bloķēšana</text>
      <target FeatureID="-1" href="SET_HLP_SECURITY_DEVICE_SIM.html">Ierīces drošība</target>
   </keywords>
   <keywords>
      <text FeatureID="-1">drošība</text>
      <target FeatureID="-1" href="SET_HLP_SECURITY_DEVICE_SIM.html">Ierīces drošība</target>
   </keywords>
   <keywords>
      <text FeatureID="__DUAL_LANGUAGE_SUPPORT=true">rakstīšanas valoda</text>
      <target FeatureID="__DUAL_LANGUAGE_SUPPORT=true" href="CP_HLP_WRITING_LANGUAGE.html">Rakstīšanas valoda</target>
   </keywords>
   <keywords>
      <text FeatureID="-1">papildierīču uzstādījumi</text>
      <target FeatureID="-1" href="SET_HLP_ACCESSORIES_LIST.html">Papildierīču uzstādījumi</target>
      <target FeatureID="-1" href="SET_HLP_ACCESSORIES_HEADPHONE.html">Austiņu uzstādījumi</target>
      <target FeatureID="-1" href="SET_HLP_ACCESSORIES_HEADSET.html">Austiņu uzstādījumi</target>
      <target FeatureID="-1" href="SET_HLP_ACCESS_WIRED_CK.html">Vadu autom. kompl. uzstād.</target>
      <target FeatureID="true_1032" href="SET_HLP_ACCESSORIES_TTY.html">Surdotālr. uzstād.</target>
      <target FeatureID="true_1540" href="SET_HLP_ACCESSORIES_TVOUT.html">TV izejas uzstād.</target>
   </keywords>
   <keywords>
      <text FeatureID="-1">pakešdatu piekļ. punkts</text>
      <target FeatureID="-1" href="SET_HLP_AP_SETTING_GPRS.html">Pakešdatu piekļ. punkts</target>
   </keywords>
   <keywords>
      <text FeatureID="-1">pakešdatu uzstādījumi</text>
      <target FeatureID="-1" href="SET_HLP_AP_SETTING_GPRS_AS.html">Pakešdatu papilduzst.</target>
   </keywords>
   <keywords>
      <text FeatureID="-1">pakešdatu piekļuves punkti</text>
      <target FeatureID="-1" href="SET_HLP_AP_SETTING_GPRS_AS.html">Pakešdatu papilduzst.</target>
   </keywords>
   <keywords>
      <text FeatureID="true_1088 true_110">datu zv. piekļ. punkti</text>
      <target FeatureID="true_110" href="SET_HLP_AP_DATA_AS_IPV4.html">Datu zv. IPv4 uzstād.</target>
      <target FeatureID="true_1088" href="SET_HLP_AP_DATA_AS_IPV6.html">Datu zv. IPv6 uzstād.</target>
      <target FeatureID="true_110" href="SET_HLP_AP_SETTING_DATA_AS.html">Datu zvana papilduzst.</target>
   </keywords>
   <keywords>
      <text FeatureID="true_110">piekļuves punkta uzstādījumi</text>
      <target FeatureID="true_110" href="SET_HLP_AP_SETTING_DATA.html">Datu zv. piekļ. punkts</target>
      <target FeatureID="true_110" href="SET_HLP_AP_SETTING_DATA_AS.html">Datu zvana papilduzst.</target>
   </keywords>
   <keywords>
      <text FeatureID="true_110">datu zvana uzstādījumi</text>
      <target FeatureID="true_110" href="SET_HLP_AP_SETTING_DATA.html">Datu zv. piekļ. punkts</target>
   </keywords>
   <keywords>
      <text FeatureID="-1">virtuāls privātais tīkls</text>
      <target FeatureID="-1" href="SET_HLP_VPN_AP_SETTINGS_VIEW.html">VPN piekļuves punktu rediģēšana</target>
   </keywords>
   <keywords>
      <text FeatureID="-1">taustiņslēgs</text>
      <target FeatureID="-1" href="CP_HLP_AUTOKEYGUARD.html">Automātiskais taustiņslēgs</target>
   </keywords>
   <keywords>
      <text FeatureID="true_1581">attālie diski</text>
      <target FeatureID="true_1581" href="RD_HLP_REMOTE_DRIVE_CONFIG.html">Attālā diska uzstād.</target>
      <target FeatureID="true_1581" href="RD_HLP_REMOTE_DRIVES.html">Attālie diski</target>
   </keywords>
   <keywords>
      <text FeatureID="-1">zvanu liegšana</text>
      <target FeatureID="-1" href="SET_HLP_BARRING_SETTINGS.html">Tālruņa zvanu liegums</target>
      <target FeatureID="-1" href="SET_HLP_BARRING_SETTINGS.html">Tālruņa zvanu liegums</target>
      <target FeatureID="true_298" href="DIV_HLP_BARRING_MAIN.html">Zvanu liegums</target>
      <target FeatureID="true_298" href="DIV_HLP_BARRING_MAIN.html">Zvanu liegums</target>
   </keywords>
   <keywords>
      <text FeatureID="-1">zvanu pāradresācija</text>
      <target FeatureID="true_89" href="DIV_HLP_CALL_FORW_VID.html">Videozvanu pāradresācija</target>
      <target FeatureID="-1" href="DIV_HLP_CALL_FORW_MAIN.html">Zvanu pāradresācija</target>
      <target FeatureID="-1" href="DIV_HLP_CALL_FORW_VOI.html">Balss zvanu pāradr.</target>
   </keywords>
   <keywords>
      <text FeatureID="-1">zvanu pārsūtīšana</text>
      <target FeatureID="-1" href="DIV_HLP_CALL_FORW_MAIN.html">Zvanu pāradresācija</target>
   </keywords>
   <keywords>
      <text FeatureID="-1">sinhronizācijas uzstādījumi</text>
      <target FeatureID="-1" href="CP_HLP_SYNCHRONISATION.html">Sinhronizācijas uzstādījumi</target>
   </keywords>
   <keywords>
      <text FeatureID="-1">programmu instalēšana</text>
      <target FeatureID="-1" href="CP_HLP_INSTALLATIONS.html">Instalācijas</target>
   </keywords>
   <keywords>
      <text FeatureID="-1">austiņu uzstādījumi</text>
      <target FeatureID="-1" href="SET_HLP_ACCESSORIES_HEADPHONE.html">Austiņu uzstādījumi</target>
      <target FeatureID="-1" href="SET_HLP_ACCESSORIES_HEADSET.html">Austiņu uzstādījumi</target>
   </keywords>
   <keywords>
      <text FeatureID="-1">vadu autom. kompl. uzstād.</text>
      <target FeatureID="-1" href="SET_HLP_ACCESS_WIRED_CK.html">Vadu autom. kompl. uzstād.</target>
   </keywords>
   <keywords>
      <text FeatureID="-1">autom. kompl. uzstādījumi</text>
      <target FeatureID="-1" href="SET_HLP_ACCESS_WIRED_CK.html">Vadu autom. kompl. uzstād.</target>
   </keywords>
   <keywords>
      <text FeatureID="-1">mūzikas statīva uzst.</text>
      <target FeatureID="-1" href="SET_HLP_ACCESSORIES_MUSIC_ST.html">Mūzikas statīva uzst.</target>
   </keywords>
   <keywords>
      <text FeatureID="true_1032">surdotālruņa uzstādījumi</text>
      <target FeatureID="true_1032" href="SET_HLP_ACCESSORIES_TTY.html">Surdotālr. uzstād.</target>
   </keywords>
   <keywords>
      <text FeatureID="true_1032">TDD uzstādījumi</text>
      <target FeatureID="true_1032" href="SET_HLP_ACCESSORIES_TTY.html">Surdotālr. uzstād.</target>
   </keywords>
   <keywords>
      <text FeatureID="true_1540">TV izejas uzstād.</text>
      <target FeatureID="true_1540" href="SET_HLP_ACCESSORIES_TVOUT.html">TV izejas uzstād.</target>
   </keywords>
   <keywords>
      <text FeatureID="true_410">teksta ievade</text>
      <target FeatureID="true_410" href="PREDINPUT_HLP_VIRTUAL_ITI_SETTINGS.html">Ievades uzstādījumi</target>
   </keywords>
   <keywords>
      <text FeatureID="-1">ātrā teksta ievade</text>
      <target FeatureID="-1" href="PREDINPUT_HLP_VIRTUAL_ITI.html">Ātrā teksta ievade</target>
   </keywords>
   <keywords>
      <text FeatureID="-1">uzstādījumi, atjaunošana</text>
      <target FeatureID="-1" href="SET_HLP_GENERAL_ORIG_SET.html">Sākotn. uzst. atjaunoš.</target>
   </keywords>
   <keywords>
      <text FeatureID="-1">uzstādījumu atjaunošana</text>
      <target FeatureID="-1" href="SET_HLP_GENERAL_ORIG_SET.html">Sākotn. uzst. atjaunoš.</target>
   </keywords>
   <keywords>
      <text FeatureID="-1">rūpnīcas uzstādījumi, atjaunošana</text>
      <target FeatureID="-1" href="SET_HLP_GENERAL_ORIG_SET.html">Sākotn. uzst. atjaunoš.</target>
   </keywords>
</keywords>