<?xml version="1.0" encoding="UTF-8"?>
<keywords>
   <keywords>
      <text FeatureID="-1">manager aparate</text>
      <target FeatureID="-1" href="DM_HLP_MAIN_VIEW.html">Software aparat</target>
      <target FeatureID="-1" href="DM_HLP_SETTINGS.html">Setări profil server</target>
      <target FeatureID="-1" href="DM_HLP_SERVERS_VIEW.html">Configurare la distanţă</target>
   </keywords>
   <keywords>
      <text FeatureID="-1">setări de configurare</text>
      <target FeatureID="-1" href="DM_HLP_MAIN_VIEW.html">Software aparat</target>
   </keywords>
   <keywords>
      <text FeatureID="-1">Manager aparate</text>
      <target FeatureID="-1" href="FOTA_HLP_SETTINGS.html">Setări de act. software</target>
   </keywords>
   <keywords>
      <text FeatureID="-1">setări de act. software</text>
      <target FeatureID="-1" href="FOTA_HLP_SETTINGS.html">Setări de act. software</target>
   </keywords>
   <keywords>
      <text FeatureID="-1">setări profil server</text>
      <target FeatureID="-1" href="DM_HLP_SETTINGS.html">Setări profil server</target>
   </keywords>
   <keywords>
      <text FeatureID="-1">configurare la distanţă</text>
      <target FeatureID="-1" href="DM_HLP_SERVERS_VIEW.html">Configurare la distanţă</target>
   </keywords>
</keywords>