<?xml version="1.0" encoding="UTF-8"?>
<keywords>
   <keywords>
      <text FeatureID="true_298">telesekreter</text>
      <target FeatureID="true_298" href="SMSVO_HLP_CS_VIDEO_AND_XSP_VOIP.html">Arama, video ve internet arama telesekreteri</target>
   </keywords>
   <keywords>
      <text FeatureID="true_298">İnternet telesekreteri</text>
      <target FeatureID="true_298" href="SMSVO_HLP_CS_VIDEO_AND_XSP_VOIP.html">Arama, video ve internet arama telesekreteri</target>
   </keywords>
   <keywords>
      <text FeatureID="true_298">arama telesekreteri</text>
      <target FeatureID="true_298" href="SMSVO_HLP_CS_VIDEO_AND_XSP_VOIP.html">Arama, video ve internet arama telesekreteri</target>
   </keywords>
   <keywords>
      <text FeatureID="-1">internet aramaları</text>
      <target FeatureID="-1" href="VOIP_HLP_CSC.html">Net ayarları</target>
      <target FeatureID="true_298" href="VOIP_HLP_SERVCATALOG.html">Servis kataloğu</target>
      <target FeatureID="-1" href="SERVTAB_HLP_SETTINGS.html">Servis sekmesi ayarları</target>
   </keywords>
</keywords>