<?xml version="1.0" encoding="UTF-8"?>
<keywords>
   <keywords>
      <text FeatureID="-1">main balik fail flash</text>
      <target FeatureID="-1" href="FLITE_HLP_STOPPED.html">Tamatkan main balik Flash</target>
      <target FeatureID="-1" href="FLITE_HLP_VIEWER_PAUSED.html">Jedakan main balik flash</target>
      <target FeatureID="-1" href="FLITE_HLP_VIEWER_PLAY.html">Mainkan fail flash</target>
   </keywords>
   <keywords>
      <text FeatureID="-1">Pemain Flash</text>
      <target FeatureID="-1" href="FLITE_HLP_STOPPED.html">Tamatkan main balik Flash</target>
      <target FeatureID="-1" href="FLITE_HLP_VIEWER_PAUSED.html">Jedakan main balik flash</target>
      <target FeatureID="-1" href="FLITE_HLP_VIEWER_PLAY.html">Mainkan fail flash</target>
   </keywords>
</keywords>