<?xml version="1.0" encoding="UTF-8"?>
<keywords>
   <keywords>
      <text FeatureID="-1">Bluetooth</text>
      <target FeatureID="-1" href="BT_HLP_MAIN.html">Bluetooth</target>
      <target FeatureID="-1" href="BT_HLP_PAIRED.html">Seznanjanje z napravami</target>
      <target FeatureID="-1" href="BT_HLP_BLOCKED.html">Blokirane naprave</target>
   </keywords>
   <keywords>
      <text FeatureID="-1">nastavitve Bluetooth</text>
      <target FeatureID="-1" href="BT_HLP_MAIN.html">Bluetooth</target>
   </keywords>
   <keywords>
      <text FeatureID="-1">seznanitev naprav</text>
      <target FeatureID="-1" href="BT_HLP_PAIRED.html">Seznanjanje z napravami</target>
   </keywords>
   <keywords>
      <text FeatureID="-1">blokirane naprave</text>
      <target FeatureID="-1" href="BT_HLP_BLOCKED.html">Blokirane naprave</target>
   </keywords>
   <keywords>
      <text FeatureID="true_12">brezžična tipkovnica</text>
      <target FeatureID="true_12" href="BTKEYBOARD_HLP_SETTINGS.html">Brezžična tipkovnica</target>
   </keywords>
</keywords>