<?xml version="1.0" encoding="UTF-8"?>
<keywords>
   <keywords>
      <text FeatureID="-1">tilpasse profiler</text>
      <target FeatureID="-1" href="MODE_HLP_PERSONALISE.html">Tilpasse profiler</target>
   </keywords>
   <keywords>
      <text FeatureID="-1">tone­indstillinger</text>
      <target FeatureID="-1" href="SET_HLP_PERSONAL_TONES.html">Tone­indstillinger</target>
   </keywords>
   <keywords>
      <text FeatureID="-1">ringetoner</text>
      <target FeatureID="-1" href="SET_HLP_PERSONAL_TONES.html">Tone­indstillinger</target>
   </keywords>
   <keywords>
      <text FeatureID="-1">profiler</text>
      <target FeatureID="-1" href="MODE_HLP_PROFILES_LIST.html">Profiler</target>
   </keywords>
   <keywords>
      <text FeatureID="-1">skifte profil</text>
      <target FeatureID="-1" href="MODE_HLP_PROFILES_LIST.html">Profiler</target>
   </keywords>
</keywords>