<?xml version="1.0" encoding="UTF-8"?><?xml-stylesheet  href="../../theme/xsl/index2html.xslt" type="text/xsl"?>
<topics FeatureID="-1" title="Olahpesan" compressed="true">
   <topicref FeatureID="-1" href="MCE_HLP_MESSAGING.html" navtitle="Pusat olahpesan"/>
   <topicref FeatureID="-1" href="MCE_HLP_SIM.html" navtitle="Melihat pesan SIM"/>
   <topicref FeatureID="-1" href="MCE_HLP_SETTINGS.html" navtitle="Pengaturan olahpesan"/>
   <topicref FeatureID="-1" href="MCE_HLP_SETTINGS_SMS.html" navtitle="Pengaturan pesan teks"/>
   <topicref FeatureID="-1" href="SMS_HLP_SETTINGS_SCENTRES.html" navtitle="Pengaturan pusat psn teks"/>
   <topicref FeatureID="-1" href="SMS_HLP_SETTINGS_SCENTRES_EDIT.html" navtitle="Mengedit pusat psn. teks"/>
   <topicref FeatureID="true_1092" href="SMS_HLP_SETTINGS_SMS_EMAIL.html" navtitle="Pengaturan e-mail psn. teks"/>
   <topicref FeatureID="-1" href="MCE_HLP_SETTINGS_MMS.html" navtitle="Pengaturan psn multimedia"/>
   <topicref FeatureID="true_1090" href="MCE_HLP_SETTINGS_CB.html" navtitle="Pengaturan pesan area"/>
   <topicref FeatureID="-1" href="MCE_HLP_SETTINGS_GEN.html" navtitle="Pengaturan lain"/>
   <topicref FeatureID="-1" href="MCE_HLP_INBOX.html" navtitle="Kotak masuk"/>
   <topicref FeatureID="-1" href="MCE_HLP_DOCUMENTS.html" navtitle="Folder saya"/>
   <topicref FeatureID="-1" href="MCE_HLP_TEMPLATES.html" navtitle="Template pesan"/>
   <topicref FeatureID="-1" href="MCE_HLP_FOLDER.html" navtitle="Mengatur pesan"/>
   <topicref FeatureID="-1" href="MCE_HLP_DRAFTS.html" navtitle="Konsep"/>
   <topicref FeatureID="-1" href="MCE_HLP_SENT_ITEMS.html" navtitle="Pesan terkirim"/>
   <topicref FeatureID="-1" href="MCE_HLP_OUTBOX.html" navtitle="Kotak keluar"/>
   <topicref FeatureID="-1" href="MCE_HLP_DELIVERY_REPORTS.html" navtitle="Laporan pengiriman"/>
   <topicref FeatureID="true_1132" href="MCE_HLP_MMS_NOTIFICATIONS.html" navtitle="Pemberitahuan multimedia"/>
</topics>