<?xml version="1.0" encoding="UTF-8"?>
<keywords>
   <keywords>
      <text FeatureID="-1">mengirim pesan</text>
      <target FeatureID="-1" href="MCE_HLP_MESSAGING.html">Pusat olahpesan</target>
      <target FeatureID="-1" href="MCE_HLP_OUTBOX.html">Kotak keluar</target>
   </keywords>
   <keywords>
      <text FeatureID="-1">menerima pesan</text>
      <target FeatureID="-1" href="MCE_HLP_MESSAGING.html">Pusat olahpesan</target>
      <target FeatureID="-1" href="MCE_HLP_INBOX.html">Kotak masuk</target>
   </keywords>
   <keywords>
      <text FeatureID="-1">pesan SIM</text>
      <target FeatureID="-1" href="MCE_HLP_SIM.html">Melihat pesan SIM</target>
   </keywords>
   <keywords>
      <text FeatureID="-1">pesan pada kartu SIM</text>
      <target FeatureID="-1" href="MCE_HLP_SIM.html">Melihat pesan SIM</target>
   </keywords>
   <keywords>
      <text FeatureID="-1">pengaturan olahpesan</text>
      <target FeatureID="-1" href="MCE_HLP_SETTINGS.html">Pengaturan olahpesan</target>
      <target FeatureID="-1" href="MCE_HLP_SETTINGS_GEN.html">Pengaturan lain</target>
   </keywords>
   <keywords>
      <text FeatureID="-1">Pengaturan SMS</text>
      <target FeatureID="-1" href="MCE_HLP_SETTINGS_SMS.html">Pengaturan pesan teks</target>
   </keywords>
   <keywords>
      <text FeatureID="-1">pengaturan pesan teks</text>
      <target FeatureID="-1" href="MCE_HLP_SETTINGS_SMS.html">Pengaturan pesan teks</target>
      <target FeatureID="-1" href="SMS_HLP_SETTINGS_SCENTRES.html">Pengaturan pusat psn teks</target>
      <target FeatureID="-1" href="SMS_HLP_SETTINGS_SCENTRES_EDIT.html">Mengedit pusat psn. teks</target>
   </keywords>
   <keywords>
      <text FeatureID="-1">pengaturan pusat pesan</text>
      <target FeatureID="-1" href="SMS_HLP_SETTINGS_SCENTRES.html">Pengaturan pusat psn teks</target>
      <target FeatureID="-1" href="SMS_HLP_SETTINGS_SCENTRES_EDIT.html">Mengedit pusat psn. teks</target>
   </keywords>
   <keywords>
      <text FeatureID="-1">Pengaturan pusat SMS</text>
      <target FeatureID="-1" href="SMS_HLP_SETTINGS_SCENTRES.html">Pengaturan pusat psn teks</target>
   </keywords>
   <keywords>
      <text FeatureID="true_1092">e-mail pesan teks</text>
      <target FeatureID="true_1092" href="SMS_HLP_SETTINGS_SMS_EMAIL.html">Pengaturan e-mail psn. teks</target>
   </keywords>
   <keywords>
      <text FeatureID="true_1092">pengaturan e-mail sms</text>
      <target FeatureID="true_1092" href="SMS_HLP_SETTINGS_SMS_EMAIL.html">Pengaturan e-mail psn. teks</target>
   </keywords>
   <keywords>
      <text FeatureID="-1">Pengaturan MMS</text>
      <target FeatureID="-1" href="MCE_HLP_SETTINGS_MMS.html">Pengaturan psn multimedia</target>
   </keywords>
   <keywords>
      <text FeatureID="true_1090">pengaturan pesan area</text>
      <target FeatureID="true_1090" href="MCE_HLP_SETTINGS_CB.html">Pengaturan pesan area</target>
   </keywords>
   <keywords>
      <text FeatureID="-1">kotak masuk</text>
      <target FeatureID="-1" href="MCE_HLP_INBOX.html">Kotak masuk</target>
   </keywords>
   <keywords>
      <text FeatureID="-1">folder saya</text>
      <target FeatureID="-1" href="MCE_HLP_DOCUMENTS.html">Folder saya</target>
   </keywords>
   <keywords>
      <text FeatureID="-1">menyimpan pesan</text>
      <target FeatureID="-1" href="MCE_HLP_DOCUMENTS.html">Folder saya</target>
   </keywords>
   <keywords>
      <text FeatureID="-1">mengirim template</text>
      <target FeatureID="-1" href="MCE_HLP_TEMPLATES.html">Template pesan</target>
   </keywords>
   <keywords>
      <text FeatureID="-1">template pesan</text>
      <target FeatureID="-1" href="MCE_HLP_TEMPLATES.html">Template pesan</target>
   </keywords>
   <keywords>
      <text FeatureID="-1">mengatur pesan</text>
      <target FeatureID="-1" href="MCE_HLP_FOLDER.html">Mengatur pesan</target>
   </keywords>
   <keywords>
      <text FeatureID="-1">menyimpan pesan konsep</text>
      <target FeatureID="-1" href="MCE_HLP_DRAFTS.html">Konsep</target>
   </keywords>
   <keywords>
      <text FeatureID="-1">pesan konsep</text>
      <target FeatureID="-1" href="MCE_HLP_DRAFTS.html">Konsep</target>
   </keywords>
   <keywords>
      <text FeatureID="-1">pesan terkirim</text>
      <target FeatureID="-1" href="MCE_HLP_SENT_ITEMS.html">Pesan terkirim</target>
   </keywords>
   <keywords>
      <text FeatureID="-1">melihat kotak keluar</text>
      <target FeatureID="-1" href="MCE_HLP_OUTBOX.html">Kotak keluar</target>
   </keywords>
   <keywords>
      <text FeatureID="-1">laporan pengiriman</text>
      <target FeatureID="-1" href="MCE_HLP_DELIVERY_REPORTS.html">Laporan pengiriman</target>
   </keywords>
   <keywords>
      <text FeatureID="true_1132">Pemberitahuan MMS</text>
      <target FeatureID="true_1132" href="MCE_HLP_MMS_NOTIFICATIONS.html">Pemberitahuan multimedia</target>
   </keywords>
</keywords>