<?xml version="1.0" encoding="UTF-8"?>
<keywords>
   <keywords>
      <text FeatureID="-1">sincronización</text>
      <target FeatureID="-1" href="DS_HLP_MAIN_VIEW.html">Sincronización de datos</target>
   </keywords>
   <keywords>
      <text FeatureID="-1">perfiles de sincronización</text>
      <target FeatureID="-1" href="DS_HLP_MAIN_VIEW.html">Sincronización de datos</target>
   </keywords>
   <keywords>
      <text FeatureID="-1">config. perfil sincronizac.</text>
      <target FeatureID="-1" href="DS_HLP_SETTINGS.html">Editar perfiles sincron.</target>
   </keywords>
   <keywords>
      <text FeatureID="-1">configuraciones de sincronización</text>
      <target FeatureID="-1" href="DS_HLP_SETTINGS_CAL.html">Configuraciones de sincronización de la agenda</target>
      <target FeatureID="-1" href="DS_HLP_SETTINGS_CNT.html">Configuraciones de sincronización de contactos</target>
      <target FeatureID="-1" href="DS_HLP_SETTINGS_NOTES.html">Configuraciones de sincronización de notas</target>
      <target FeatureID="-1" href="DS_HLP_SETTINGS_SMS.html">Configuraciones de sincronización SMS</target>
      <target FeatureID="true_44" href="DS_HLP_SETTINGS_SYNCML.html">Configuraciones de sincronización de e-mail</target>
   </keywords>
</keywords>