<?xml version="1.0" encoding="UTF-8"?><?xml-stylesheet  href="../../theme/xsl/index2html.xslt" type="text/xsl"?>
<topics FeatureID="-1" title="電郵" compressed="true">
   <topicref FeatureID="-1" href="MBXS_HLP_SETT_DOWNL_CTRL.html" navtitle="電郵擷取設定"/>
   <topicref FeatureID="-1" href="MBXS_HLP_SETT_DOWNL_RETR.html" navtitle="電郵擷取數量"/>
   <topicref FeatureID="-1" href="MBXS_HLP_SETT_MBX_IN.html" navtitle="內送電郵設定"/>
   <topicref FeatureID="-1" href="MBXS_HLP_SETT_MBX_IN_OUT.html" navtitle="連線設定"/>
   <topicref FeatureID="-1" href="MBXS_HLP_SETT_MBX_OUT.html" navtitle="外寄電郵設定"/>
   <topicref FeatureID="-1" href="MCE_HLP_SETTINGS_EMAIL.html" navtitle="電郵設定"/>
   <topicref FeatureID="-1" href="MCE_HLP_SETT_EMAILMAIN.html" navtitle="編輯郵箱"/>
   <topicref FeatureID="-1" href="MCE_HLP_SETT_MAILBLIST.html" navtitle="郵箱"/>
   <topicref FeatureID="-1" href="MCE_HLP_SETT_MAILFOLDER_UPD.html" navtitle="郵箱資料夾"/>
   <topicref FeatureID="true_1633" href="MCE_HLP_SETT_MAIL_ONLI.html" navtitle="自動擷取"/>
   <topicref FeatureID="-1" href="MCE_HLP_SETT_MAIL_USER.html" navtitle="用戶設定"/>
   <topicref FeatureID="true_44" href="MCE_HLP_SETT_SMAILBOX.html" navtitle="同步處理郵箱設定"/>
   <topicref FeatureID="-1" href="MCE_HLP_MAILBOX_OFFLINE.html" navtitle="離線電郵"/>
   <topicref FeatureID="-1" href="MCE_HLP_MAILBOX_ONLINE.html" navtitle="線上電郵"/>
</topics>