<?xml version="1.0" encoding="UTF-8"?>
<keywords>
   <keywords>
      <text FeatureID="-1">電郵設定</text>
      <target FeatureID="-1" href="MBXS_HLP_SETT_DOWNL_CTRL.html">電郵擷取設定</target>
      <target FeatureID="-1" href="MBXS_HLP_SETT_DOWNL_RETR.html">電郵擷取數量</target>
      <target FeatureID="-1" href="MBXS_HLP_SETT_MBX_IN.html">內送電郵設定</target>
      <target FeatureID="-1" href="MBXS_HLP_SETT_MBX_IN_OUT.html">連線設定</target>
      <target FeatureID="-1" href="MBXS_HLP_SETT_MBX_OUT.html">外寄電郵設定</target>
      <target FeatureID="-1" href="MCE_HLP_SETTINGS_EMAIL.html">電郵設定</target>
      <target FeatureID="-1" href="MCE_HLP_SETT_EMAILMAIN.html">編輯郵箱</target>
      <target FeatureID="-1" href="MCE_HLP_SETT_MAILBLIST.html">郵箱</target>
      <target FeatureID="-1" href="MCE_HLP_SETT_MAILFOLDER_UPD.html">郵箱資料夾</target>
      <target FeatureID="true_1633" href="MCE_HLP_SETT_MAIL_ONLI.html">自動擷取</target>
   </keywords>
   <keywords>
      <text FeatureID="-1">郵箱設定</text>
      <target FeatureID="-1" href="MCE_HLP_SETT_EMAILMAIN.html">編輯郵箱</target>
   </keywords>
   <keywords>
      <text FeatureID="-1">郵箱</text>
      <target FeatureID="-1" href="MCE_HLP_SETT_MAILBLIST.html">郵箱</target>
      <target FeatureID="-1" href="MCE_HLP_MAILBOX_ONLINE.html">線上電郵</target>
   </keywords>
   <keywords>
      <text FeatureID="-1">郵箱資料夾</text>
      <target FeatureID="-1" href="MCE_HLP_SETT_MAILFOLDER_UPD.html">郵箱資料夾</target>
   </keywords>
   <keywords>
      <text FeatureID="-1">用戶設定</text>
      <target FeatureID="-1" href="MCE_HLP_SETT_MAIL_USER.html">用戶設定</target>
   </keywords>
   <keywords>
      <text FeatureID="true_44">同步處理郵箱設定</text>
      <target FeatureID="true_44" href="MCE_HLP_SETT_SMAILBOX.html">同步處理郵箱設定</target>
   </keywords>
   <keywords>
      <text FeatureID="true_44">同步處理電郵設定</text>
      <target FeatureID="true_44" href="MCE_HLP_SETT_SMAILBOX.html">同步處理郵箱設定</target>
   </keywords>
   <keywords>
      <text FeatureID="-1">離線電郵</text>
      <target FeatureID="-1" href="MCE_HLP_MAILBOX_OFFLINE.html">離線電郵</target>
   </keywords>
   <keywords>
      <text FeatureID="-1">連接至郵箱</text>
      <target FeatureID="-1" href="MCE_HLP_MAILBOX_ONLINE.html">線上電郵</target>
   </keywords>
   <keywords>
      <text FeatureID="-1">電郵連接中</text>
      <target FeatureID="-1" href="MCE_HLP_MAILBOX_ONLINE.html">線上電郵</target>
   </keywords>
   <keywords>
      <text FeatureID="-1">線上電郵</text>
      <target FeatureID="-1" href="MCE_HLP_MAILBOX_ONLINE.html">線上電郵</target>
   </keywords>
</keywords>