<?xml version="1.0" encoding="UTF-8"?>
<keywords>
   <keywords>
      <text FeatureID="-1">favoritos</text>
      <target FeatureID="-1" href="OSS_HLP_BM_ADDBM.html">Juntar favoritos</target>
      <target FeatureID="-1" href="OSS_HLP_BM_EDIT.html">Editar favoritos</target>
   </keywords>
   <keywords>
      <text FeatureID="-1">favoritos do browser</text>
      <target FeatureID="-1" href="OSS_HLP_BM_ADDBM.html">Juntar favoritos</target>
      <target FeatureID="-1" href="OSS_HLP_BM_MAIN.html">Procurar favoritos</target>
      <target FeatureID="-1" href="OSS_HLP_BM_EDIT.html">Editar favoritos</target>
   </keywords>
   <keywords>
      <text FeatureID="-1">web</text>
      <target FeatureID="-1" href="OSS_HLP_BM_ADDBM.html">Juntar favoritos</target>
      <target FeatureID="true_167" href="OSS_HLP_RSS_ADD.html">Adicionar Web feeds</target>
      <target FeatureID="-1" href="OSS_HLP_PAGEVIEW.html">Navegar na Web</target>
      <target FeatureID="-1" href="OSS_HLP_BM_EDIT.html">Editar favoritos</target>
      <target FeatureID="true_167" href="OSS_HLP_RSS_ARTICLE.html">Artigos de Web feeds</target>
      <target FeatureID="true_167" href="OSS_HLP_RSS_ARTICLELST.html">Feeds de Web</target>
      <target FeatureID="true_167" href="OSS_HLP_RSS_MAIN.html">Feeds de Web e blogs</target>
   </keywords>
   <keywords>
      <text FeatureID="true_167">feeds</text>
      <target FeatureID="true_167" href="OSS_HLP_RSS_ADD.html">Adicionar Web feeds</target>
      <target FeatureID="true_167" href="OSS_HLP_RSS_EDIT.html">Editar Web feeds</target>
      <target FeatureID="true_167" href="OSS_HLP_RSS_ARTICLE.html">Artigos de Web feeds</target>
      <target FeatureID="true_167" href="OSS_HLP_RSS_ARTICLELST.html">Feeds de Web</target>
      <target FeatureID="true_167" href="OSS_HLP_RSS_MAIN.html">Feeds de Web e blogs</target>
   </keywords>
   <keywords>
      <text FeatureID="true_167">feeds RSS</text>
      <target FeatureID="true_167" href="OSS_HLP_RSS_ADD.html">Adicionar Web feeds</target>
      <target FeatureID="true_167" href="OSS_HLP_RSS_ARTICLELST.html">Feeds de Web</target>
      <target FeatureID="true_167" href="OSS_HLP_RSS_MAIN.html">Feeds de Web e blogs</target>
   </keywords>
   <keywords>
      <text FeatureID="true_167">notícias e blogs</text>
      <target FeatureID="true_167" href="OSS_HLP_RSS_ADD.html">Adicionar Web feeds</target>
      <target FeatureID="true_167" href="OSS_HLP_RSS_EDIT.html">Editar Web feeds</target>
      <target FeatureID="true_167" href="OSS_HLP_RSS_ARTICLE.html">Artigos de Web feeds</target>
      <target FeatureID="true_167" href="OSS_HLP_RSS_ARTICLELST.html">Feeds de Web</target>
      <target FeatureID="true_167" href="OSS_HLP_RSS_MAIN.html">Feeds de Web e blogs</target>
   </keywords>
   <keywords>
      <text FeatureID="true_167">blogs</text>
      <target FeatureID="true_167" href="OSS_HLP_RSS_ADD.html">Adicionar Web feeds</target>
      <target FeatureID="true_167" href="OSS_HLP_RSS_EDIT.html">Editar Web feeds</target>
      <target FeatureID="true_167" href="OSS_HLP_RSS_ARTICLE.html">Artigos de Web feeds</target>
      <target FeatureID="true_167" href="OSS_HLP_RSS_ARTICLELST.html">Feeds de Web</target>
      <target FeatureID="true_167" href="OSS_HLP_RSS_MAIN.html">Feeds de Web e blogs</target>
   </keywords>
   <keywords>
      <text FeatureID="-1">navegar em páginas</text>
      <target FeatureID="-1" href="OSS_HLP_PAGEVIEW.html">Navegar na Web</target>
   </keywords>
   <keywords>
      <text FeatureID="-1">abrir favoritos</text>
      <target FeatureID="-1" href="OSS_HLP_BM_MAIN.html">Procurar favoritos</target>
   </keywords>
   <keywords>
      <text FeatureID="true_167">feeds rss</text>
      <target FeatureID="true_167" href="OSS_HLP_RSS_EDIT.html">Editar Web feeds</target>
      <target FeatureID="true_167" href="OSS_HLP_RSS_ARTICLE.html">Artigos de Web feeds</target>
   </keywords>
   <keywords>
      <text FeatureID="true_167">Web</text>
      <target FeatureID="true_167" href="OSS_HLP_RSS_EDIT.html">Editar Web feeds</target>
   </keywords>
   <keywords>
      <text FeatureID="-1">definições do browser</text>
      <target FeatureID="-1" href="OSS_HLP_SETTINGS_GENERAL.html">Definições gerais</target>
      <target FeatureID="-1" href="OSS_HLP_SETTINGS_PAGE.html">Definições da página</target>
      <target FeatureID="-1" href="OSS_HLP_SETTINGS_PRIVACY.html">Definições de privacidade</target>
      <target FeatureID="true_167" href="OSS_HLP_SETTINGS_RSS.html">Definições de feeds da Web</target>
      <target FeatureID="-1" href="OSS_HLP_SETTINGS_FOLDERS.html">Definições de Web</target>
      <target FeatureID="false_410" href="OSS_HLP_SHORTCUTS.html">Atalhos da barra de ferramentas</target>
      <target FeatureID="false_410" href="OSS_HLP_KEYPAD.html">Atalhos do teclado</target>
   </keywords>
   <keywords>
      <text FeatureID="-1">definições de Web</text>
      <target FeatureID="-1" href="OSS_HLP_SETTINGS_GENERAL.html">Definições gerais</target>
      <target FeatureID="-1" href="OSS_HLP_SETTINGS_PAGE.html">Definições da página</target>
      <target FeatureID="-1" href="OSS_HLP_SETTINGS_PRIVACY.html">Definições de privacidade</target>
      <target FeatureID="-1" href="OSS_HLP_SETTINGS_FOLDERS.html">Definições de Web</target>
      <target FeatureID="false_410" href="OSS_HLP_KEYPAD.html">Atalhos do teclado</target>
   </keywords>
   <keywords>
      <text FeatureID="-1">configurar para Web</text>
      <target FeatureID="-1" href="OSS_HLP_SETTINGS_PAGE.html">Definições da página</target>
      <target FeatureID="-1" href="OSS_HLP_SETTINGS_FOLDERS.html">Definições de Web</target>
   </keywords>
   <keywords>
      <text FeatureID="-1">definições de privacidade</text>
      <target FeatureID="-1" href="OSS_HLP_SETTINGS_PRIVACY.html">Definições de privacidade</target>
   </keywords>
   <keywords>
      <text FeatureID="true_167">configurar para a Web</text>
      <target FeatureID="true_167" href="OSS_HLP_SETTINGS_RSS.html">Definições de feeds da Web</target>
   </keywords>
   <keywords>
      <text FeatureID="true_167 false_410">definições da Web</text>
      <target FeatureID="true_167" href="OSS_HLP_SETTINGS_RSS.html">Definições de feeds da Web</target>
      <target FeatureID="false_410" href="OSS_HLP_SHORTCUTS.html">Atalhos da barra de ferramentas</target>
   </keywords>
   <keywords>
      <text FeatureID="-1">abrir página específica</text>
      <target FeatureID="-1" href="OSS_HLP_PAGEVIEW_EMBED.html">Web nas aplicações</target>
   </keywords>
   <keywords>
      <text FeatureID="-1">Web nas aplicações</text>
      <target FeatureID="-1" href="OSS_HLP_PAGEVIEW_EMBED.html">Web nas aplicações</target>
   </keywords>
</keywords>