<?xml version="1.0" encoding="UTF-8"?><?xml-stylesheet  href="../../theme/xsl/index2html.xslt" type="text/xsl"?>
<topics FeatureID="-1" title="Registos" compressed="true">
   <topicref FeatureID="-1" href="GPRS_HLP_MAIN.html" navtitle="Ligações de dados por pacotes"/>
   <topicref FeatureID="-1" href="LOGS_HLP_COUNTER.html" navtitle="Registos de chamadas e dados"/>
   <topicref FeatureID="-1" href="LOGS_HLP_DETAIL.html" navtitle="Detalhes do evento de registos"/>
   <topicref FeatureID="-1" href="LOGS_HLP_MAIN.html" navtitle="Informações de registo"/>
   <topicref FeatureID="-1" href="LOGS_HLP_SETTING.html" navtitle="Definições do registo"/>
   <topicref FeatureID="-1" href="STM_HLP_DIALLED.html" navtitle="Números marcados"/>
   <topicref FeatureID="-1" href="STM_HLP_MAIN.html" navtitle="Chamadas recentes"/>
   <topicref FeatureID="-1" href="STM_HLP_MISSED.html" navtitle="Chamadas não atendidas"/>
   <topicref FeatureID="-1" href="STM_HLP_RECEIVED.html" navtitle="Chamadas recebidas"/>
   <topicref FeatureID="-1" href="TIMERS_HLP_MAIN.html" navtitle="Duração das chamadas"/>
</topics>