<?xml version="1.0" encoding="UTF-8"?>
<keywords>
   <keywords>
      <text FeatureID="-1">kandungan untuk perkongsian</text>
      <target FeatureID="-1" href="UPNP_HLP_SHARE_CONTENT.html">Pilih kandungan untuk perkongsian</target>
   </keywords>
   <keywords>
      <text FeatureID="-1">media rumah</text>
      <target FeatureID="-1" href="UPNP_HLP_SHARE_CONTENT.html">Pilih kandungan untuk perkongsian</target>
      <target FeatureID="-1" href="UPNP_HLP_SHARING_PROP.html">Tetapan perkongsian</target>
      <target FeatureID="-1" href="UPNP_HLP_MAIN_VIEW.html">Media rumah</target>
      <target FeatureID="-1" href="UPNP_HLP_MAIN_EXTERNAL.html">Peranti media rumah</target>
      <target FeatureID="-1" href="UPNP_HLP_CONTENT_VIEW.html">Fail media rumah</target>
      <target FeatureID="-1" href="UPNP_HLP_REMOTE_DEVICES.html">Folder media rumah</target>
      <target FeatureID="-1" href="UPNP_HLP_SEARCH.html">Hasil carian</target>
   </keywords>
   <keywords>
      <text FeatureID="-1">berkongsi imej dan video</text>
      <target FeatureID="-1" href="UPNP_HLP_SHARE_CONTENT.html">Pilih kandungan untuk perkongsian</target>
   </keywords>
   <keywords>
      <text FeatureID="-1">berkongsi fail media</text>
      <target FeatureID="-1" href="UPNP_HLP_SHARING_PROP.html">Tetapan perkongsian</target>
      <target FeatureID="-1" href="UPNP_HLP_MAIN_VIEW.html">Media rumah</target>
      <target FeatureID="-1" href="UPNP_HLP_MAIN_EXTERNAL.html">Peranti media rumah</target>
      <target FeatureID="-1" href="UPNP_HLP_CONTENT_VIEW.html">Fail media rumah</target>
      <target FeatureID="-1" href="UPNP_HLP_REMOTE_DEVICES.html">Folder media rumah</target>
      <target FeatureID="-1" href="UPNP_HLP_SEARCH.html">Hasil carian</target>
   </keywords>
   <keywords>
      <text FeatureID="-1">melihat fail pada peranti jauh</text>
      <target FeatureID="-1" href="UPNP_HLP_SHARING_PROP.html">Tetapan perkongsian</target>
      <target FeatureID="-1" href="UPNP_HLP_MAIN_VIEW.html">Media rumah</target>
      <target FeatureID="-1" href="UPNP_HLP_MAIN_EXTERNAL.html">Peranti media rumah</target>
      <target FeatureID="-1" href="UPNP_HLP_CONTENT_VIEW.html">Fail media rumah</target>
      <target FeatureID="-1" href="UPNP_HLP_REMOTE_DEVICES.html">Folder media rumah</target>
      <target FeatureID="-1" href="UPNP_HLP_SEARCH.html">Hasil carian</target>
   </keywords>
   <keywords>
      <text FeatureID="-1">sifat perkongsian</text>
      <target FeatureID="-1" href="UPNP_HLP_SHARING_PROP.html">Tetapan perkongsian</target>
   </keywords>
</keywords>