<?xml version="1.0" encoding="UTF-8"?>
<keywords>
   <keywords>
      <text FeatureID="-1">ses temaları</text>
      <target FeatureID="-1" href="AUDIOTHEME_HLP_EVENTGROUPS.html">Ses temalarını değiştirme</target>
      <target FeatureID="-1" href="SET_HLP_AUDIO_THEME_EVENTSLIST.html">Cihaz olayı sesleri</target>
   </keywords>
   <keywords>
      <text FeatureID="-1">cihazı kişiselleştirme</text>
      <target FeatureID="-1" href="AUDIOTHEME_HLP_EVENTGROUPS.html">Ses temalarını değiştirme</target>
      <target FeatureID="-1" href="SET_HLP_AUDIO_THEME_EVENTSLIST.html">Cihaz olayı sesleri</target>
   </keywords>
   <keywords>
      <text FeatureID="-1">cihaz sesleri</text>
      <target FeatureID="-1" href="AUDIOTHEME_HLP_EVENTGROUPS.html">Ses temalarını değiştirme</target>
      <target FeatureID="-1" href="SET_HLP_AUDIO_THEME_EVENTSLIST.html">Cihaz olayı sesleri</target>
   </keywords>
</keywords>