<?xml version="1.0" encoding="UTF-8"?>
<keywords>
   <keywords>
      <text FeatureID="true_24">segurtasun modulua</text>
      <target FeatureID="-1" href="SECMOD_HLP_ACCESSCODE_VIEW.html">Segurtasun moduluaren PIN kodea</target>
      <target FeatureID="-1" href="SECMOD_HLP_MAIN_VIEW.html">Segurtasun modulua</target>
      <target FeatureID="-1" href="SEMOD_HLP_SIGNINGCODE_VIEW.html">Editatu sinatzeko kodea</target>
   </keywords>
   <keywords>
      <text FeatureID="true_24">PIN kodea</text>
      <target FeatureID="-1" href="SECMOD_HLP_ACCESSCODE_VIEW.html">Segurtasun moduluaren PIN kodea</target>
   </keywords>
   <keywords>
      <text FeatureID="true_24">segurtasun modulua, kodeak</text>
      <target FeatureID="-1" href="SECMOD_HLP_CODE_VIEW.html">Segurtasun moduluaren kodeak</target>
   </keywords>
   <keywords>
      <text FeatureID="true_24">segurtasun moduluaren PIN kodea</text>
      <target FeatureID="-1" href="SECMOD_HLP_CODE_VIEW.html">Segurtasun moduluaren kodeak</target>
   </keywords>
   <keywords>
      <text FeatureID="true_24">gako biltegia</text>
      <target FeatureID="-1" href="SECMOD_HLP_MAIN_VIEW.html">Segurtasun modulua</target>
   </keywords>
   <keywords>
      <text FeatureID="true_24">sinatzeko kodea</text>
      <target FeatureID="-1" href="SEMOD_HLP_SIGNINGCODE_VIEW.html">Editatu sinatzeko kodea</target>
   </keywords>
   <keywords>
      <text FeatureID="true_24">sinadura digitalak</text>
      <target FeatureID="-1" href="SEMOD_HLP_SIGNINGCODE_VIEW.html">Editatu sinatzeko kodea</target>
   </keywords>
</keywords>