<?xml version="1.0" encoding="UTF-8"?>
<keywords>
   <keywords>
      <text FeatureID="-1">Bluetooth</text>
      <target FeatureID="-1" href="BT_HLP_MAIN.html">Bluetooth</target>
      <target FeatureID="-1" href="BT_HLP_PAIRED.html">مرتبط سازی با دستگاهها</target>
      <target FeatureID="-1" href="BT_HLP_BLOCKED.html">مسدود کردن دستگاهها</target>
   </keywords>
   <keywords>
      <text FeatureID="-1">تنظیمات Bluetooth</text>
      <target FeatureID="-1" href="BT_HLP_MAIN.html">Bluetooth</target>
   </keywords>
   <keywords>
      <text FeatureID="-1">مرتبط سازی دستگاه ها</text>
      <target FeatureID="-1" href="BT_HLP_PAIRED.html">مرتبط سازی با دستگاهها</target>
   </keywords>
   <keywords>
      <text FeatureID="-1">دستگاههای مسدود شده</text>
      <target FeatureID="-1" href="BT_HLP_BLOCKED.html">مسدود کردن دستگاهها</target>
   </keywords>
   <keywords>
      <text FeatureID="true_12">صفحه کلید بی سیم</text>
      <target FeatureID="true_12" href="BTKEYBOARD_HLP_SETTINGS.html">صفحه کلید بی سیم</target>
   </keywords>
</keywords>