<?xml version="1.0" encoding="UTF-8"?>
<keywords>
   <keywords>
      <text FeatureID="-1">fotoaparát</text>
      <target FeatureID="-1" href="LCAM_HLP_VIEWFINDER_PHOTO.html">Fotografování</target>
      <target FeatureID="false_410" href="LCAM_HLP_LIGHT_SENSITIVITY.html">Změna svět. citlivosti</target>
      <target FeatureID="-1" href="LCAM_HLP_SCENES_PHOTO.html">Režimy scény</target>
      <target FeatureID="-1" href="LCAM_HLP_VIEWFINDER_VIDEO.html">Nahrávání videoklipů</target>
      <target FeatureID="false_410" href="LCAM_HLP_SCENES_VIDEO.html">Videoscény</target>
      <target FeatureID="-1" href="LCAM_HLP_VIEWFINDER_VIDEO_EM.html">Videa v aplikacích</target>
      <target FeatureID="false_410" href="LCAM_HLP_STANDYBY_EM.html">Fotoaparát není aktivní</target>
      <target FeatureID="-1" href="LCAM_HLP_POST_VIDEO.html">Přehrávání videoklipů</target>
      <target FeatureID="-1" href="LCAM_HLP_POST_PHOTO.html">Prohlížení pořízených obrázků</target>
   </keywords>
   <keywords>
      <text FeatureID="-1">fotografování</text>
      <target FeatureID="-1" href="LCAM_HLP_VIEWFINDER_PHOTO.html">Fotografování</target>
   </keywords>
   <keywords>
      <text FeatureID="false_410">světelná citlivost</text>
      <target FeatureID="false_410" href="LCAM_HLP_LIGHT_SENSITIVITY.html">Změna svět. citlivosti</target>
   </keywords>
   <keywords>
      <text FeatureID="-1">režimy scény fotoaparátu</text>
      <target FeatureID="-1" href="LCAM_HLP_SETTINGS_PHOUSER.html">Definování režimů scén</target>
   </keywords>
   <keywords>
      <text FeatureID="-1">režimy scény</text>
      <target FeatureID="-1" href="LCAM_HLP_SCENES_PHOTO.html">Režimy scény</target>
   </keywords>
   <keywords>
      <text FeatureID="-1">nastavení foto-videa</text>
      <target FeatureID="-1" href="LCAM_HLP_SETTINGS.html">Nastavení fotoaparátu</target>
   </keywords>
   <keywords>
      <text FeatureID="-1">foto-video, nastavení</text>
      <target FeatureID="-1" href="LCAM_HLP_SETTINGS_PHOTO.html">Nastavení obrázků</target>
      <target FeatureID="-1" href="LCAM_HLP_SETTINGS_VIDEO.html">Nastavení videa</target>
   </keywords>
   <keywords>
      <text FeatureID="-1">nahrávání videa</text>
      <target FeatureID="-1" href="LCAM_HLP_VIEWFINDER_VIDEO.html">Nahrávání videoklipů</target>
   </keywords>
   <keywords>
      <text FeatureID="false_410">videoscény</text>
      <target FeatureID="false_410" href="LCAM_HLP_SCENES_VIDEO.html">Videoscény</target>
   </keywords>
   <keywords>
      <text FeatureID="-1">video, nastavení</text>
      <target FeatureID="-1" href="LCAM_HLP_SETTINGS_VIDEO.html">Nastavení videa</target>
   </keywords>
   <keywords>
      <text FeatureID="-1">videoklipy v aplikacích</text>
      <target FeatureID="-1" href="LCAM_HLP_VIEWFINDER_VIDEO_EM.html">Videa v aplikacích</target>
   </keywords>
   <keywords>
      <text FeatureID="-1">přehrávání videoklipů</text>
      <target FeatureID="-1" href="LCAM_HLP_POST_VIDEO.html">Přehrávání videoklipů</target>
   </keywords>
   <keywords>
      <text FeatureID="-1">fotoaparát v aplikacích</text>
      <target FeatureID="-1" href="LCAM_HLP_VIEWFINDER_PHOTO_EM.html">Obrázky v aplikacích</target>
   </keywords>
   <keywords>
      <text FeatureID="-1">prohlížení obrázků</text>
      <target FeatureID="-1" href="LCAM_HLP_POST_PHOTO.html">Prohlížení pořízených obrázků</target>
   </keywords>
   <keywords>
      <text FeatureID="true_132">foto-video</text>
      <target FeatureID="true_132" href="LCAM_HLP_POST_SEQ.html">Zobrazení snímků pořízených v sekvenci</target>
   </keywords>
   <keywords>
      <text FeatureID="true_132">režim sekvence</text>
      <target FeatureID="true_132" href="LCAM_HLP_POST_SEQ.html">Zobrazení snímků pořízených v sekvenci</target>
   </keywords>
</keywords>