<?xml version="1.0" encoding="UTF-8"?>
<keywords>
   <keywords>
      <text FeatureID="-1">fotoaparát</text>
      <target FeatureID="-1" href="LCAM_HLP_VIEWFINDER_PHOTO.html">Pořizování obrázků</target>
      <target FeatureID="-1" href="LCAM_HLP_LIGHT_SENSITIVITY.html">Změna světelné citlivosti</target>
      <target FeatureID="-1" href="LCAM_HLP_SETTINGS_PHOUSER.html">Definování režimů scén</target>
      <target FeatureID="-1" href="LCAM_HLP_SCENES_PHOTO.html">Režimy scény</target>
      <target FeatureID="-1" href="LCAM_HLP_VIEWFINDER_VIDEO.html">Nahrávání videoklipů</target>
      <target FeatureID="-1" href="LCAM_HLP_SCENES_VIDEO.html">Režimy snímání videa</target>
      <target FeatureID="-1" href="LCAM_HLP_VIEWFINDER_VIDEO_EM.html">Videa v aplikacích</target>
      <target FeatureID="-1" href="LCAM_HLP_STANDBY_EM.html">Fotoaparát není aktivní</target>
      <target FeatureID="-1" href="LCAM_HLP_POST_VIDEO.html">Přehrávání videoklipů</target>
      <target FeatureID="-1" href="LCAM_HLP_POST_PHOTO.html">Prohlížení pořízených obrázků</target>
   </keywords>
   <keywords>
      <text FeatureID="-1">pořizování obrázků</text>
      <target FeatureID="-1" href="LCAM_HLP_VIEWFINDER_PHOTO.html">Pořizování obrázků</target>
   </keywords>
   <keywords>
      <text FeatureID="-1">světelná citlivost</text>
      <target FeatureID="-1" href="LCAM_HLP_LIGHT_SENSITIVITY.html">Změna světelné citlivosti</target>
   </keywords>
   <keywords>
      <text FeatureID="-1">scény</text>
      <target FeatureID="-1" href="LCAM_HLP_SETTINGS_PHOUSER.html">Definování režimů scén</target>
   </keywords>
   <keywords>
      <text FeatureID="-1">režimy scény</text>
      <target FeatureID="-1" href="LCAM_HLP_SCENES_PHOTO.html">Režimy scény</target>
   </keywords>
   <keywords>
      <text FeatureID="-1">nastavení foto-videa</text>
      <target FeatureID="-1" href="LCAM_HLP_SETTINGS.html">Nastavení fotoaparátu</target>
   </keywords>
   <keywords>
      <text FeatureID="-1">foto-video, nastavení</text>
      <target FeatureID="-1" href="LCAM_HLP_SETTINGS_PHOTO.html">Nastavení obrázků</target>
   </keywords>
   <keywords>
      <text FeatureID="-1">nahrávání videa</text>
      <target FeatureID="-1" href="LCAM_HLP_VIEWFINDER_VIDEO.html">Nahrávání videoklipů</target>
   </keywords>
   <keywords>
      <text FeatureID="-1">režimy snímání videa</text>
      <target FeatureID="-1" href="LCAM_HLP_SCENES_VIDEO.html">Režimy snímání videa</target>
   </keywords>
   <keywords>
      <text FeatureID="-1">fotoaparát, nastavení</text>
      <target FeatureID="-1" href="LCAM_HLP_SETTINGS_VIDEO.html">Nastavení videa</target>
   </keywords>
   <keywords>
      <text FeatureID="-1">video, nastavení</text>
      <target FeatureID="-1" href="LCAM_HLP_SETTINGS_VIDEO.html">Nastavení videa</target>
   </keywords>
   <keywords>
      <text FeatureID="-1">videoklipy v aplikacích</text>
      <target FeatureID="-1" href="LCAM_HLP_VIEWFINDER_VIDEO_EM.html">Videa v aplikacích</target>
   </keywords>
   <keywords>
      <text FeatureID="-1">přehrávání videoklipů</text>
      <target FeatureID="-1" href="LCAM_HLP_POST_VIDEO.html">Přehrávání videoklipů</target>
   </keywords>
   <keywords>
      <text FeatureID="-1">fotoaparát v aplikacích</text>
      <target FeatureID="-1" href="LCAM_HLP_VIEWFINDER_PHOTO_EM.html">Obrázky v aplikacích</target>
   </keywords>
   <keywords>
      <text FeatureID="-1">zobrazení obrázků</text>
      <target FeatureID="-1" href="LCAM_HLP_POST_PHOTO.html">Prohlížení pořízených obrázků</target>
   </keywords>
</keywords>