<?xml version="1.0" encoding="UTF-8"?>
<keywords>
   <keywords>
      <text FeatureID="-1">yetki sertifikaları</text>
      <target FeatureID="-1" href="CM_HLP_AUTHORITY.html">Yetki sertifikaları</target>
   </keywords>
   <keywords>
      <text FeatureID="-1">sertifikalar</text>
      <target FeatureID="-1" href="CM_HLP_AUTHORITY.html">Yetki sertifikaları</target>
      <target FeatureID="-1" href="CM_HLP_DEVICE.html">Cihaz sertifikaları</target>
      <target FeatureID="-1" href="CM_HLP_MAIN.html">Sertifika yönetimi</target>
      <target FeatureID="-1" href="CM_HLP_PERSONAL.html">Kişisel sertifikalar</target>
      <target FeatureID="-1" href="CM_HLP_TRUSTED_SITE.html">Güvenilir site sertifikaları</target>
      <target FeatureID="-1" href="CM_HLP_TRUST_SETTINGS.html">Güven ayarlarını düzenleme</target>
   </keywords>
   <keywords>
      <text FeatureID="-1">güvenlik sertifikaları</text>
      <target FeatureID="-1" href="CM_HLP_AUTHORITY.html">Yetki sertifikaları</target>
      <target FeatureID="-1" href="CM_HLP_MAIN.html">Sertifika yönetimi</target>
   </keywords>
   <keywords>
      <text FeatureID="-1">cihaz sertifikaları</text>
      <target FeatureID="-1" href="CM_HLP_DEVICE.html">Cihaz sertifikaları</target>
   </keywords>
   <keywords>
      <text FeatureID="-1">kişisel sertifikalar</text>
      <target FeatureID="-1" href="CM_HLP_PERSONAL.html">Kişisel sertifikalar</target>
   </keywords>
   <keywords>
      <text FeatureID="-1">güvenilir site sertifikaları</text>
      <target FeatureID="-1" href="CM_HLP_TRUSTED_SITE.html">Güvenilir site sertifikaları</target>
   </keywords>
   <keywords>
      <text FeatureID="-1">güven ayarları</text>
      <target FeatureID="-1" href="CM_HLP_TRUST_SETTINGS.html">Güven ayarlarını düzenleme</target>
   </keywords>
</keywords>