<?xml version="1.0" encoding="UTF-8"?>
<keywords>
   <keywords>
      <text FeatureID="-1">urejanje beležk</text>
      <target FeatureID="-1" href="NMAKE_HLP_MEMO_VIEWER_EDIT.html">Urejanje beležk v aplik.</target>
   </keywords>
   <keywords>
      <text FeatureID="-1">prejemanje beležk</text>
      <target FeatureID="-1" href="NMAKE_HLP_MEMO_VIEWER.html">Ogled prejetih beležk</target>
   </keywords>
   <keywords>
      <text FeatureID="-1">predloge sporočil</text>
      <target FeatureID="-1" href="NMAKE_HLP_TEMPLATE_EDITOR.html">Pisanje predlog sporočil</target>
   </keywords>
   <keywords>
      <text FeatureID="-1">ustvarjanje predlog sporočil</text>
      <target FeatureID="-1" href="NMAKE_HLP_TEMPLATE_EDITOR.html">Pisanje predlog sporočil</target>
   </keywords>
   <keywords>
      <text FeatureID="-1">pisanje predlog sporočil</text>
      <target FeatureID="-1" href="NMAKE_HLP_TEMPLATE_EDITOR.html">Pisanje predlog sporočil</target>
   </keywords>
   <keywords>
      <text FeatureID="-1">seznam beležk</text>
      <target FeatureID="-1" href="NMAKE_HLP_MEMO_LIST.html">Seznam beležk</target>
   </keywords>
   <keywords>
      <text FeatureID="-1">pisanje beležk</text>
      <target FeatureID="-1" href="NMAKE_HLP_MEMO_LIST.html">Seznam beležk</target>
      <target FeatureID="-1" href="NMAKE_HLP_MEMO_EDITOR_APPS.html">Pisanje beležk v aplikac.</target>
      <target FeatureID="-1" href="NMAKE_HLP_MEMO_EDITOR.html">Pisanje beležk</target>
   </keywords>
</keywords>