<?xml version="1.0" encoding="UTF-8"?>
<keywords>
   <keywords>
      <text FeatureID="-1">препр. съобщения</text>
      <target FeatureID="-1" href="MMS_HLP_MMS_FWD_REQUEST.html">Препр. мултим. съобщ.</target>
   </keywords>
   <keywords>
      <text FeatureID="-1">мултимед. съобщения</text>
      <target FeatureID="-1" href="MMS_HLP_MMS_FWD_REQUEST_SEND.html">Препр. заявки в Изпратени</target>
   </keywords>
   <keywords>
      <text FeatureID="-1">мултим. извест.</text>
      <target FeatureID="-1" href="MMS_HLP_NOTIFICATION_VIEWER.html">Мултим. извест.</target>
   </keywords>
   <keywords>
      <text FeatureID="-1">медийни обекти</text>
      <target FeatureID="-1" href="MMS_HLP_OBJECTS_VIEW_VIEWER.html">Пр. мед. обекти</target>
   </keywords>
   <keywords>
      <text FeatureID="-1">мултим. обекти</text>
      <target FeatureID="-1" href="MMS_HLP_OBJECTS_VIEW_VIEWER.html">Пр. мед. обекти</target>
   </keywords>
   <keywords>
      <text FeatureID="-1">мултимедийни съобщения</text>
      <target FeatureID="-1" href="MMS_HLP_MMS_VIEWER.html">Пр. мултимед. съобщения</target>
   </keywords>
   <keywords>
      <text FeatureID="-1">MMS</text>
      <target FeatureID="-1" href="MMS_HLP_MMS_VIEWER.html">Пр. мултимед. съобщения</target>
   </keywords>
</keywords>