<?xml version="1.0" encoding="UTF-8"?>
<keywords>
   <keywords>
      <text FeatureID="-1">ajustes, carcasa deslizante</text>
      <target FeatureID="-1" href="SET_HLP_SETTINGS_KEYPAD_COVER.html">Ajustes de uso de la carcasa deslizante</target>
   </keywords>
   <keywords>
      <text FeatureID="-1">ajustes de la carcasa deslizante</text>
      <target FeatureID="-1" href="SET_HLP_SETTINGS_KEYPAD_COVER.html">Ajustes de uso de la carcasa deslizante</target>
   </keywords>
   <keywords>
      <text FeatureID="-1">gestión de dispositivo</text>
      <target FeatureID="-1" href="CP_HLP_DEVICE_MANAGEMENT.html">Gestión de dispositivo</target>
   </keywords>
   <keywords>
      <text FeatureID="true_109">EAP (Extensible Authentication Protocol, protocolo de autenticación extensible)</text>
      <target FeatureID="true_109" href="SET_HLP_WLAN_EAP_SIM.html">Ajustes EAP­SIM</target>
   </keywords>
   <keywords>
      <text FeatureID="true_109">ajustes, WLAN</text>
      <target FeatureID="true_109" href="SET_HLP_WLAN_EAP_SIM.html">Ajustes EAP­SIM</target>
   </keywords>
   <keywords>
      <text FeatureID="-1">restricción de puntos de acceso</text>
      <target FeatureID="-1" href="ACL_HLP_MAIN.html">Restricción conexiones</target>
   </keywords>
   <keywords>
      <text FeatureID="-1">ajustes de conexión</text>
      <target FeatureID="-1" href="SIP_HLP_PROF_PARAMS.html">Ajustes del perfil de SIP</target>
      <target FeatureID="-1" href="SIP_HLP_MAIN.html">Perfiles de SIP</target>
      <target FeatureID="-1" href="SET_HLP_CONN_DEST_VIEW.html">Vista destinos</target>
      <target FeatureID="-1" href="SET_HLP_DEFAULT_CONN.html">Conexión predeterminada</target>
      <target FeatureID="-1" href="SET_HLP_CONN_METHODS_VIEW.html">Vista puntos acceso</target>
      <target FeatureID="true_1581" href="RD_HLP_REMOTE_DRIVE_CONFIG.html">Ajustes unidad remota</target>
      <target FeatureID="true_1581" href="RD_HLP_REMOTE_DRIVES.html">Unidades remotas</target>
   </keywords>
   <keywords>
      <text FeatureID="-1">ajustes de SIP</text>
      <target FeatureID="-1" href="SIP_HLP_PROF_PARAMS.html">Ajustes del perfil de SIP</target>
      <target FeatureID="-1" href="SIP_HLP_MAIN.html">Perfiles de SIP</target>
      <target FeatureID="-1" href="SIP_HLP_PROXY_PARAMS.html">Ajustes proxy SIP</target>
      <target FeatureID="-1" href="SIP_HLP_REGISTRAR_PARAM.html">Ajustes servidor registro</target>
   </keywords>
   <keywords>
      <text FeatureID="-1">servidor de registro</text>
      <target FeatureID="-1" href="SIP_HLP_REGISTRAR_PARAM.html">Ajustes servidor registro</target>
   </keywords>
   <keywords>
      <text FeatureID="-1">puntos de acceso</text>
      <target FeatureID="-1" href="HLP_OCC_CONN_SETTINGS.html">Conexiones de red</target>
      <target FeatureID="-1" href="SET_HLP_CONN_METHODS_VIEW.html">Vista puntos acceso</target>
      <target FeatureID="-1" href="SET_HLP_AP_SETTING_GPRS.html">Punto de acceso de paquetes de datos</target>
      <target FeatureID="true_109" href="SET_HLP_AP_SETTING_WLAN.html">Punto de acceso WLAN</target>
   </keywords>
   <keywords>
      <text FeatureID="-1">ajustes, conexión</text>
      <target FeatureID="-1" href="HLP_OCC_CONN_SETTINGS.html">Conexiones de red</target>
   </keywords>
   <keywords>
      <text FeatureID="-1">ajustes de destino</text>
      <target FeatureID="-1" href="SET_HLP_CONN_DEST_VIEW.html">Vista destinos</target>
   </keywords>
   <keywords>
      <text FeatureID="-1">conexión predeterminada</text>
      <target FeatureID="-1" href="SET_HLP_DEFAULT_CONN.html">Conexión predeterminada</target>
   </keywords>
   <keywords>
      <text FeatureID="-1">puntos de acceso VPN</text>
      <target FeatureID="true_99" href="SET_HLP_VPN_DEST_ASSOC_VIEW.html">Conexiones VPN</target>
      <target FeatureID="-1" href="SET_HLP_VPN_AP_SETTINGS_VIEW.html">Editar puntos de acceso de VPN</target>
   </keywords>
   <keywords>
      <text FeatureID="-1">conexiones de las aplicaciones</text>
      <target FeatureID="-1" href="SET_HLP_APP_DEST_ASSOC_VIEW.html">Conex. de aplicaciones</target>
   </keywords>
   <keywords>
      <text FeatureID="-1">ajustes de la aplicación</text>
      <target FeatureID="-1" href="CP_HLP_APPILICATION_SETTINGS.html">Ajustes de la aplicación</target>
   </keywords>
   <keywords>
      <text FeatureID="-1">llamadas, ajustes</text>
      <target FeatureID="-1" href="SCP_HLP_CALL.html">Ajustes llamada</target>
   </keywords>
   <keywords>
      <text FeatureID="-1">ajustes, llamadas</text>
      <target FeatureID="-1" href="SCP_HLP_CALL.html">Ajustes llamada</target>
   </keywords>
   <keywords>
      <text FeatureID="-1">conectividad</text>
      <target FeatureID="-1" href="CP_HLP_CONNECTIVITY.html">Ajustes de conectividad</target>
   </keywords>
   <keywords>
      <text FeatureID="-1">panel de control</text>
      <target FeatureID="-1" href="CP_HLP_DISPLAY.html">Ajustes pantalla</target>
      <target FeatureID="__DUAL_LANGUAGE_SUPPORT=true" href="CP_HLP_WRITING_LANGUAGE.html">Idioma de escritura</target>
   </keywords>
   <keywords>
      <text FeatureID="-1">ajustes de la pantalla</text>
      <target FeatureID="-1" href="CP_HLP_DISPLAY.html">Ajustes pantalla</target>
   </keywords>
   <keywords>
      <text FeatureID="-1">ajustes generales</text>
      <target FeatureID="-1" href="CP_HLP_DEVICE.html">Ajustes del dispositivo</target>
   </keywords>
   <keywords>
      <text FeatureID="-1">ajustes del dispositivo</text>
      <target FeatureID="-1" href="CP_HLP_DEVICE.html">Ajustes del dispositivo</target>
   </keywords>
   <keywords>
      <text FeatureID="-1">ajustes de idioma</text>
      <target FeatureID="-1" href="CP_HLP_LANGUAGE.html">Ajustes idioma</target>
   </keywords>
   <keywords>
      <text FeatureID="-1">ajustes</text>
      <target FeatureID="-1" href="CP_HLP_MAIN_VIEW.html">Ajustes</target>
   </keywords>
   <keywords>
      <text FeatureID="-1">ajustes de red</text>
      <target FeatureID="-1" href="CP_HLP_NETWORK.html">Ajustes de red</target>
      <target FeatureID="-1" href="CP_HLP_NETWORK.html">Ajustes de red</target>
   </keywords>
   <keywords>
      <text FeatureID="-1">modo</text>
      <target FeatureID="-1" href="CP_HLP_PERSONAL.html">Vista personal</target>
   </keywords>
   <keywords>
      <text FeatureID="-1">tema</text>
      <target FeatureID="-1" href="CP_HLP_PERSONAL.html">Vista personal</target>
   </keywords>
   <keywords>
      <text FeatureID="-1">en espera</text>
      <target FeatureID="-1" href="CP_HLP_PERSONAL.html">Vista personal</target>
   </keywords>
   <keywords>
      <text FeatureID="-1">seguridad, ajustes</text>
      <target FeatureID="-1" href="CP_HLP_SECURITY.html">Ajustes de seguridad</target>
   </keywords>
   <keywords>
      <text FeatureID="-1">ajustes, seguridad</text>
      <target FeatureID="-1" href="CP_HLP_SECURITY.html">Ajustes de seguridad</target>
   </keywords>
   <keywords>
      <text FeatureID="-1">dispositivo, bloqueo</text>
      <target FeatureID="-1" href="SET_HLP_SECURITY_DEVICE_SIM.html">Seguridad del dispositivo</target>
   </keywords>
   <keywords>
      <text FeatureID="-1">seguridad</text>
      <target FeatureID="-1" href="SET_HLP_SECURITY_DEVICE_SIM.html">Seguridad del dispositivo</target>
   </keywords>
   <keywords>
      <text FeatureID="__DUAL_LANGUAGE_SUPPORT=true">idioma de escritura</text>
      <target FeatureID="__DUAL_LANGUAGE_SUPPORT=true" href="CP_HLP_WRITING_LANGUAGE.html">Idioma de escritura</target>
   </keywords>
   <keywords>
      <text FeatureID="-1">ajustes de accesorios</text>
      <target FeatureID="-1" href="SET_HLP_ACCESSORIES_LIST.html">Ajustes de accesorios</target>
      <target FeatureID="-1" href="SET_HLP_ACCESSORIES_HEADPHONE.html">Ajustes de los auriculares</target>
      <target FeatureID="-1" href="SET_HLP_ACCESSORIES_HEADSET.html">Ajustes del kit de manos libres portátil</target>
      <target FeatureID="-1" href="SET_HLP_ACCESS_WIRED_CK.html">Ajustes kit vehículo con cables</target>
      <target FeatureID="true_1032" href="SET_HLP_ACCESSORIES_TTY.html">Ajustes del teléfono de texto</target>
      <target FeatureID="true_1540" href="SET_HLP_ACCESSORIES_TVOUT.html">Ajustes salida TV</target>
   </keywords>
   <keywords>
      <text FeatureID="-1">punto de acceso de paquetes de datos</text>
      <target FeatureID="-1" href="SET_HLP_AP_SETTING_GPRS.html">Punto de acceso de paquetes de datos</target>
   </keywords>
   <keywords>
      <text FeatureID="-1">ajustes de los paquetes de datos</text>
      <target FeatureID="-1" href="SET_HLP_AP_SETTING_GPRS_AS.html">Ajustes avanzados de paquetes de datos</target>
   </keywords>
   <keywords>
      <text FeatureID="-1">puntos de acceso de paquetes de datos</text>
      <target FeatureID="-1" href="SET_HLP_AP_SETTING_GPRS_AS.html">Ajustes avanzados de paquetes de datos</target>
   </keywords>
   <keywords>
      <text FeatureID="-1">VPN (red privada virtual)</text>
      <target FeatureID="-1" href="SET_HLP_VPN_AP_SETTINGS_VIEW.html">Editar puntos de acceso de VPN</target>
   </keywords>
   <keywords>
      <text FeatureID="true_109">WLAN (red de área local inalámbrica)</text>
      <target FeatureID="true_109" href="SET_HLP_AP_SETTING_WLAN.html">Punto de acceso WLAN</target>
   </keywords>
   <keywords>
      <text FeatureID="-1">protección del teclado</text>
      <target FeatureID="-1" href="CP_HLP_AUTOKEYGUARD.html">Protección del teclado automática</target>
   </keywords>
   <keywords>
      <text FeatureID="true_1581">unidades remotas</text>
      <target FeatureID="true_1581" href="RD_HLP_REMOTE_DRIVE_CONFIG.html">Ajustes unidad remota</target>
      <target FeatureID="true_1581" href="RD_HLP_REMOTE_DRIVES.html">Unidades remotas</target>
   </keywords>
   <keywords>
      <text FeatureID="-1">restricción de llamadas</text>
      <target FeatureID="-1" href="SET_HLP_BARRING_SETTINGS.html">Restricción llamadas telef.</target>
      <target FeatureID="true_298" href="DIV_HLP_BARRING_MAIN.html">Restricción llamadas</target>
   </keywords>
   <keywords>
      <text FeatureID="-1">restringir llamadas</text>
      <target FeatureID="-1" href="SET_HLP_BARRING_SETTINGS.html">Restricción llamadas telef.</target>
      <target FeatureID="true_298" href="DIV_HLP_BARRING_MAIN.html">Restricción llamadas</target>
   </keywords>
   <keywords>
      <text FeatureID="-1">desviar llamadas</text>
      <target FeatureID="true_89" href="DIV_HLP_CALL_FORW_VID.html">Desvío de videollamadas</target>
      <target FeatureID="-1" href="DIV_HLP_CALL_FORW_MAIN.html">Desvío llamadas</target>
      <target FeatureID="-1" href="DIV_HLP_CALL_FORW_MAIN.html">Desvío llamadas</target>
      <target FeatureID="-1" href="DIV_HLP_CALL_FORW_VOI.html">Desvío llam. voz</target>
   </keywords>
   <keywords>
      <text FeatureID="-1">configuración de sincronización</text>
      <target FeatureID="-1" href="CP_HLP_SYNCHRONISATION.html">Ajustes de sincronización</target>
   </keywords>
   <keywords>
      <text FeatureID="-1">instalar aplicaciones</text>
      <target FeatureID="-1" href="CP_HLP_INSTALLATIONS.html">Instalaciones</target>
   </keywords>
   <keywords>
      <text FeatureID="-1">ajustes de los auriculares</text>
      <target FeatureID="-1" href="SET_HLP_ACCESSORIES_HEADPHONE.html">Ajustes de los auriculares</target>
   </keywords>
   <keywords>
      <text FeatureID="-1">ajustes del kit de manos libres portátil</text>
      <target FeatureID="-1" href="SET_HLP_ACCESSORIES_HEADSET.html">Ajustes del kit de manos libres portátil</target>
   </keywords>
   <keywords>
      <text FeatureID="-1">ajustes del kit para vehículo con cables</text>
      <target FeatureID="-1" href="SET_HLP_ACCESS_WIRED_CK.html">Ajustes kit vehículo con cables</target>
   </keywords>
   <keywords>
      <text FeatureID="-1">ajustes del kit para vehículo</text>
      <target FeatureID="-1" href="SET_HLP_ACCESS_WIRED_CK.html">Ajustes kit vehículo con cables</target>
   </keywords>
   <keywords>
      <text FeatureID="-1">ajustes del soporte para música</text>
      <target FeatureID="-1" href="SET_HLP_ACCESSORIES_MUSIC_ST.html">Ajustes soporte música</target>
   </keywords>
   <keywords>
      <text FeatureID="true_1032">ajustes de TTY</text>
      <target FeatureID="true_1032" href="SET_HLP_ACCESSORIES_TTY.html">Ajustes del teléfono de texto</target>
   </keywords>
   <keywords>
      <text FeatureID="true_1032">ajustes de TDD</text>
      <target FeatureID="true_1032" href="SET_HLP_ACCESSORIES_TTY.html">Ajustes del teléfono de texto</target>
   </keywords>
   <keywords>
      <text FeatureID="true_1540">ajustes de salida de TV</text>
      <target FeatureID="true_1540" href="SET_HLP_ACCESSORIES_TVOUT.html">Ajustes salida TV</target>
   </keywords>
   <keywords>
      <text FeatureID="true_410">entrada de texto</text>
      <target FeatureID="true_410" href="PREDINPUT_HLP_VIRT_ITI_SETT.html">Ajustes de entrada</target>
   </keywords>
   <keywords>
      <text FeatureID="-1">entrada de texto inteligente</text>
      <target FeatureID="-1" href="PREDINPUT_HLP_VIRTUAL_ITI.html">Entrada de texto inteligente</target>
   </keywords>
   <keywords>
      <text FeatureID="-1">ajustes, restaurar</text>
      <target FeatureID="-1" href="SET_HLP_GENERAL_ORIG_SET.html">Restauración aj. origin.</target>
   </keywords>
   <keywords>
      <text FeatureID="-1">restauración de ajustes</text>
      <target FeatureID="-1" href="SET_HLP_GENERAL_ORIG_SET.html">Restauración aj. origin.</target>
   </keywords>
   <keywords>
      <text FeatureID="-1">ajustes originales, restauración</text>
      <target FeatureID="-1" href="SET_HLP_GENERAL_ORIG_SET.html">Restauración aj. origin.</target>
   </keywords>
</keywords>