<?xml version="1.0" encoding="UTF-8"?>
<keywords>
   <keywords>
      <text FeatureID="-1">categorii repere</text>
      <target FeatureID="-1" href="LM_HLP_LM_BY_CATEGORY.html">Categorii repere</target>
      <target FeatureID="-1" href="LM_HLP_EDIT_CATEGORIES.html">Editarea categoriilor de repere</target>
   </keywords>
   <keywords>
      <text FeatureID="-1">repere</text>
      <target FeatureID="-1" href="LM_HLP_LM_BY_NAME.html">Repere după vizualizarea numelui</target>
      <target FeatureID="-1" href="LM_HLP_CATEGORY_CONTENTS.html">Repere în categorii</target>
      <target FeatureID="-1" href="LM_HLP_LM_VIEWER.html">Repere în detaliu</target>
   </keywords>
   <keywords>
      <text FeatureID="-1">editarea reperelor</text>
      <target FeatureID="-1" href="LM_HLP_LM_EDITOR.html">Editare reper</target>
   </keywords>
</keywords>