<?xml version="1.0" encoding="UTF-8"?>
<keywords>
   <keywords>
      <text FeatureID="-1">musik­afspiller</text>
      <target FeatureID="-1" href="MUS_HLP_TRACKS_VIEW.html">Sange</target>
      <target FeatureID="-1" href="MUS_HLP_CATEGORY_VIEW.html">Musikkategorier</target>
   </keywords>
   <keywords>
      <text FeatureID="-1">musikafspiller</text>
      <target FeatureID="-1" href="MUS_HLP_PODCAST_MAIN_VIEW.html">Podcasts</target>
      <target FeatureID="-1" href="MUS_HLP_PODCAST_EPISODES.html">Podcast-episoder</target>
      <target FeatureID="-1" href="MUS_HLP_PLAYLISTS_VIEW.html">Afspilningslister med musik</target>
      <target FeatureID="-1" href="MUS_HLP_AUDIO_SETT.html">Lyd­indstillinger</target>
   </keywords>
   <keywords>
      <text FeatureID="-1">podcasting</text>
      <target FeatureID="-1" href="MUS_HLP_PODCAST_MAIN_VIEW.html">Podcasts</target>
      <target FeatureID="-1" href="MUS_HLP_PODCAST_EPISODES.html">Podcast-episoder</target>
   </keywords>
   <keywords>
      <text FeatureID="-1">afspilningslister</text>
      <target FeatureID="-1" href="MUS_HLP_PLAYLISTS_VIEW.html">Afspilningslister med musik</target>
   </keywords>
   <keywords>
      <text FeatureID="-1">music player</text>
      <target FeatureID="-1" href="MUS_HLP_DOWNLOAD_PLAYBACK_VIEW.html">Play music on web</target>
      <target FeatureID="-1" href="MUS_HLP_LIB_MAIN_VIEW.html">Music library</target>
   </keywords>
   <keywords>
      <text FeatureID="-1">bashævning</text>
      <target FeatureID="-1" href="MUS_HLP_AUDIO_SETT.html">Lyd­indstillinger</target>
   </keywords>
   <keywords>
      <text FeatureID="-1">stereoudvidelse</text>
      <target FeatureID="-1" href="MUS_HLP_AUDIO_SETT.html">Lyd­indstillinger</target>
   </keywords>
</keywords>