<?xml version="1.0" encoding="UTF-8"?><?xml-stylesheet  href="../../theme/xsl/index2html.xslt" type="text/xsl"?>
<topics FeatureID="-1" title="Βίντεο &amp; TV" compressed="true">
   <topicref FeatureID="-1" href="IPTV_HLP_MAIN_STATE.html" navtitle="Βίντεο &amp; TV"/>
   <topicref FeatureID="-1" href="IPTV_HLP_VODCAST_MAIN.html" navtitle="Μεταδόσεις βίντεο"/>
   <topicref FeatureID="-1" href="IPTV_HLP_SERVICE_SELECTION_VOD.html" navtitle="Επιλ. υπηρ. βίντεο"/>
   <topicref FeatureID="-1" href="IPTV_HLP_VOD_CATEGORIES.html" navtitle="Κατηγορίες βίντεο"/>
   <topicref FeatureID="-1" href="IPTV_HLP_VOD.html" navtitle="Προβολή και λήψη βίντεο κλιπ"/>
   <topicref FeatureID="-1" href="IPTV_HLP_SCHEDULE_DOWNLOAD.html" navtitle="Προγραμματισμός λήψεων"/>
   <topicref FeatureID="-1" href="IPTV_HLP_STORAGE.html" navtitle="Τα βίντεό μου"/>
   <topicref FeatureID="-1" href="IPTV_HLP_SETTINGS.html" navtitle="Ρυθμίσεις &#34;Βίντεο &amp; TV&#34;"/>
   <topicref FeatureID="-1" href="IPTV_HLP_SERVICE_SEL_VODCAST.html" navtitle="Επιλ. μεταδ. βίντεο"/>
   <topicref FeatureID="-1" href="IPTV_HLP_ADD_SERVICE.html" navtitle="Προσθήκη μεταδόσεων βίντεο"/>
</topics>