<?xml version="1.0" encoding="UTF-8"?>
<keywords>
   <keywords>
      <text FeatureID="-1">βίντεο &amp; TV</text>
      <target FeatureID="-1" href="IPTV_HLP_MAIN_STATE.html">Βίντεο &amp; TV</target>
      <target FeatureID="-1" href="IPTV_HLP_VODCAST_MAIN.html">Μεταδόσεις βίντεο</target>
      <target FeatureID="-1" href="IPTV_HLP_SERVICE_SELECTION_VOD.html">Επιλ. υπηρ. βίντεο</target>
      <target FeatureID="-1" href="IPTV_HLP_VOD_CATEGORIES.html">Κατηγορίες βίντεο</target>
      <target FeatureID="-1" href="IPTV_HLP_VOD.html">Προβολή και λήψη βίντεο κλιπ</target>
      <target FeatureID="-1" href="IPTV_HLP_SCHEDULE_DOWNLOAD.html">Προγραμματισμός λήψεων</target>
      <target FeatureID="-1" href="IPTV_HLP_STORAGE.html">Τα βίντεό μου</target>
      <target FeatureID="-1" href="IPTV_HLP_SERVICE_SEL_VODCAST.html">Επιλ. μεταδ. βίντεο</target>
      <target FeatureID="-1" href="IPTV_HLP_ADD_SERVICE.html">Προσθήκη μεταδόσεων βίντεο</target>
   </keywords>
   <keywords>
      <text FeatureID="-1">μεταδόσεις βίντεο</text>
      <target FeatureID="-1" href="IPTV_HLP_VODCAST_MAIN.html">Μεταδόσεις βίντεο</target>
      <target FeatureID="-1" href="IPTV_HLP_VOD_CATEGORIES.html">Κατηγορίες βίντεο</target>
      <target FeatureID="-1" href="IPTV_HLP_SERVICE_SEL_VODCAST.html">Επιλ. μεταδ. βίντεο</target>
      <target FeatureID="-1" href="IPTV_HLP_ADD_SERVICE.html">Προσθήκη μεταδόσεων βίντεο</target>
   </keywords>
   <keywords>
      <text FeatureID="-1">λήψεις, βίντεο κλιπ</text>
      <target FeatureID="-1" href="IPTV_HLP_VOD.html">Προβολή και λήψη βίντεο κλιπ</target>
      <target FeatureID="-1" href="IPTV_HLP_SCHEDULE_DOWNLOAD.html">Προγραμματισμός λήψεων</target>
   </keywords>
   <keywords>
      <text FeatureID="-1">βίντεο &amp; TV, ρυθμίσεις</text>
      <target FeatureID="-1" href="IPTV_HLP_SETTINGS.html">Ρυθμίσεις "Βίντεο &amp; TV"</target>
   </keywords>
   <keywords>
      <text FeatureID="-1">ρυθμίσεις, βίντεο</text>
      <target FeatureID="-1" href="IPTV_HLP_SETTINGS.html">Ρυθμίσεις "Βίντεο &amp; TV"</target>
   </keywords>
</keywords>