<?xml version="1.0" encoding="UTF-8"?>
<keywords>
   <keywords>
      <text FeatureID="-1">定位方法</text>
      <target FeatureID="-1" href="LOC_HLP_SETTINGS.html">定位設定</target>
   </keywords>
   <keywords>
      <text FeatureID="-1">定位伺服器</text>
      <target FeatureID="-1" href="LOC_HLP_SETTINGS.html">定位設定</target>
   </keywords>
   <keywords>
      <text FeatureID="-1">標記法喜好設定</text>
      <target FeatureID="-1" href="LOC_HLP_SETTINGS.html">定位設定</target>
   </keywords>
</keywords>