<?xml version="1.0" encoding="UTF-8"?>
<keywords>
   <keywords>
      <text FeatureID="true_1604">text input</text>
      <target FeatureID="true_1604" href="HWR_HLP_MAIN_VIEW.html">Käekirjatuvastus</target>
   </keywords>
   <keywords>
      <text FeatureID="true_1604">käekirjatuvastus</text>
      <target FeatureID="true_1604" href="HWR_HLP_MAIN_VIEW.html">Käekirjatuvastus</target>
   </keywords>
   <keywords>
      <text FeatureID="true_1603 true_410">puuteekraan</text>
      <target FeatureID="true_1603" href="VQWERTY_HLP_MAIN_VIEW.html">Virtuaalne klaviatuur</target>
      <target FeatureID="true_410" href="VITU_HLP_MAIN_VIEW.html">Virtuaalne klahvistik</target>
   </keywords>
   <keywords>
      <text FeatureID="true_410">virtuaalne klahvistik</text>
      <target FeatureID="true_410" href="VITU_HLP_MAIN_VIEW.html">Virtuaalne klahvistik</target>
   </keywords>
</keywords>