<?xml version="1.0" encoding="UTF-8"?>
<keywords>
   <keywords>
      <text FeatureID="-1">kalenteri</text>
      <target FeatureID="-1" href="CALE_HLP_NOTE_VIEWER.html">Kalenterimerkinnät</target>
      <target FeatureID="-1" href="CALE_HLP_DAY_VIEW.html">Päivänäkymä</target>
      <target FeatureID="-1" href="CALE_HLP_NOTE_MEETING.html">Kokousmerkinnät</target>
      <target FeatureID="-1" href="CALE_HLP_MONTH_VIEW.html">Kuukausinäkymä</target>
      <target FeatureID="-1" href="CALE_HLP_TODO_NOTE.html">Tehtävämerkinnät</target>
      <target FeatureID="-1" href="CALE_HLP_TODO_VIEW.html">Tehtävät-näkymä</target>
      <target FeatureID="-1" href="CALE_HLP_WEEK_VIEW.html">Viikkonäkymä</target>
      <target FeatureID="-1" href="CALE_HLP_CALENDAR_DATABASE_SETTINGS.html">Useiden kalenterien asetukset</target>
      <target FeatureID="-1" href="CALE_HLP_CALE_MAN_VIEW.html">Kalenterien hallintanäkymä</target>
      <target FeatureID="-1" href="CALE_HLP_ATTACH_VIEW.html">Liitetiedostonäkymä</target>
      <target FeatureID="-1" href="CALE_HLP_MAV.html">Vanhentuneiden hälytysten näkymä</target>
   </keywords>
   <keywords>
      <text FeatureID="-1">kokoukset</text>
      <target FeatureID="-1" href="CALE_HLP_NOTE_VIEWER.html">Kalenterimerkinnät</target>
      <target FeatureID="-1" href="CALE_HLP_NOTE_MEETING.html">Kokousmerkinnät</target>
   </keywords>
   <keywords>
      <text FeatureID="-1">tehtävämerkinnät</text>
      <target FeatureID="-1" href="CALE_HLP_NOTE_VIEWER.html">Kalenterimerkinnät</target>
      <target FeatureID="-1" href="CALE_HLP_TODO_NOTE.html">Tehtävämerkinnät</target>
   </keywords>
   <keywords>
      <text FeatureID="-1">kalenteriasetukset</text>
      <target FeatureID="-1" href="CALE_HLP_SETTINGS.html">Kalenteri­asetukset</target>
   </keywords>
   <keywords>
      <text FeatureID="-1">tehtäväluettelo</text>
      <target FeatureID="-1" href="CALE_HLP_TODO_VIEW.html">Tehtävät-näkymä</target>
   </keywords>
   <keywords>
      <text FeatureID="-1">asetukset, kalenteri</text>
      <target FeatureID="-1" href="CALE_HLP_CALENDAR_DATABASE_SETTINGS.html">Useiden kalenterien asetukset</target>
   </keywords>
   <keywords>
      <text FeatureID="-1">liitteet</text>
      <target FeatureID="-1" href="CALE_HLP_ATTACH_VIEW.html">Liitetiedostonäkymä</target>
   </keywords>
   <keywords>
      <text FeatureID="-1">hälytykset, kalenterimerkintä</text>
      <target FeatureID="-1" href="CALE_HLP_MAV.html">Vanhentuneiden hälytysten näkymä</target>
   </keywords>
</keywords>