<?xml version="1.0" encoding="UTF-8"?>
<keywords>
   <keywords>
      <text FeatureID="-1">Quickoffice, trình quản lý tập tin</text>
      <target FeatureID="-1" href="QFM_HLP_FILE_MENU.html">Trình quản lý tập tin</target>
   </keywords>
   <keywords>
      <text FeatureID="-1">Quickoffice</text>
      <target FeatureID="-1" href="QFM_HLP_LOC_MENU.html">Quickoffice</target>
   </keywords>
   <keywords>
      <text FeatureID="-1">Quickpoint</text>
      <target FeatureID="-1" href="QPOINT_HLP_EDIT_SLIDE_VIEW.html">Chỉnh sửa trang</target>
      <target FeatureID="-1" href="QPOINT_HLP_REPLACE_VIEW.html">Tìm và thay thế đoạn văn bản</target>
      <target FeatureID="-1" href="QPOINT_HLP_FIND_VIEW.html">Tìm văn bản</target>
      <target FeatureID="-1" href="QPOINT_HLP_VIEW_SLIDE_VIEW.html">Xem trang</target>
   </keywords>
   <keywords>
      <text FeatureID="-1">Quickpoint, văn bản</text>
      <target FeatureID="-1" href="QPOINT_HLP_EDIT_TEXT_VIEW.html">Sửa lời văn</target>
   </keywords>
   <keywords>
      <text FeatureID="-1">Quickpoint, nhận xét</text>
      <target FeatureID="-1" href="QPOINT_HLP_COMMENT_VIEW.html">Xem nhận xét</target>
   </keywords>
   <keywords>
      <text FeatureID="-1">Quickpoint, ghi chú</text>
      <target FeatureID="-1" href="QPOINT_HLP_VIEW_NOTES_VIEW.html">Xem ghi chú</target>
   </keywords>
   <keywords>
      <text FeatureID="-1">Quickpoint, bố cục</text>
      <target FeatureID="-1" href="QPOINT_HLP_VIEW_OUTLINE_VIEW.html">Xem bố cục</target>
   </keywords>
   <keywords>
      <text FeatureID="-1">Quicksheet, ô</text>
      <target FeatureID="-1" href="QSHEET_HLP_CELLS_EDIT.html">Chỉnh sửa ô</target>
      <target FeatureID="-1" href="QSHEET_HLP_VIEW_CELL.html">Xem các ô</target>
   </keywords>
   <keywords>
      <text FeatureID="-1">Quicksheet, cột</text>
      <target FeatureID="-1" href="QSHEET_HLP_EDIT_COLUMN.html">Chỉnh sửa cột</target>
   </keywords>
   <keywords>
      <text FeatureID="-1">Quicksheet, vùng</text>
      <target FeatureID="-1" href="QSHEET_HLP_EDIT_RANGE.html">Chỉnh sửa vùng</target>
   </keywords>
   <keywords>
      <text FeatureID="-1">Quicksheet, hàng</text>
      <target FeatureID="-1" href="QSHEET_HLP_EDIT_ROW.html">Chỉnh sửa hàng</target>
   </keywords>
   <keywords>
      <text FeatureID="-1">Quicksheet</text>
      <target FeatureID="-1" href="QSHEET_HLP_REPLACE_VIEW.html">Tìm và thay thế đoạn văn bản</target>
      <target FeatureID="-1" href="QSHEET_HLP_FIND_VIEW.html">Tìm văn bản</target>
      <target FeatureID="-1" href="QSHEET_HLP_CELLS_VIEW.html">Xem các bảng tính</target>
   </keywords>
   <keywords>
      <text FeatureID="-1">Quickword</text>
      <target FeatureID="-1" href="QWORD_HLP_EDIT_MODE.html">Chỉnh sửa tài liệu</target>
      <target FeatureID="-1" href="QWORD_HLP_FIND_MODE.html">Tìm và thay thế đoạn văn bản</target>
      <target FeatureID="-1" href="QWORD_HLP_VIEW_MODE.html">Xem tài liệu</target>
      <target FeatureID="-1" href="QWORD_HLP_PAGE_VIEW.html">Xem bố cục trang</target>
   </keywords>
</keywords>