<?xml version="1.0" encoding="UTF-8"?>
<keywords>
   <keywords>
      <text FeatureID="-1">词典</text>
      <target FeatureID="-1" href="DICTIONARY_HLP_MAIN_TAB1.html">词典</target>
   </keywords>
   <keywords>
      <text FeatureID="-1">翻译</text>
      <target FeatureID="-1" href="DICTIONARY_HLP_MAIN_TAB1.html">词典</target>
   </keywords>
   <keywords>
      <text FeatureID="-1">词典, 翻译</text>
      <target FeatureID="-1" href="DICTIONARY_HLP_RESULTS.html">翻译结果</target>
   </keywords>
</keywords>