<?xml version="1.0" encoding="UTF-8"?>
<keywords>
   <keywords>
      <text FeatureID="-1">obsah pro sdílení</text>
      <target FeatureID="-1" href="UPNP_HLP_SHARE_CONTENT.html">Nastavení obsahu pro sdílení</target>
   </keywords>
   <keywords>
      <text FeatureID="-1">domácí média</text>
      <target FeatureID="-1" href="UPNP_HLP_SHARE_CONTENT.html">Nastavení obsahu pro sdílení</target>
      <target FeatureID="-1" href="UPNP_HLP_SHARING_PROP.html">Nastavení sdílení</target>
      <target FeatureID="-1" href="UPNP_HLP_MAIN_VIEW.html">Domácí média</target>
      <target FeatureID="-1" href="UPNP_HLP_MAIN_EXTERNAL.html">Zařízení domácích médií</target>
      <target FeatureID="-1" href="UPNP_HLP_CONTENT_VIEW.html">Soubory domácích médií</target>
      <target FeatureID="-1" href="UPNP_HLP_REMOTE_DEVICES.html">Složky domácích médií</target>
      <target FeatureID="-1" href="UPNP_HLP_SEARCH.html">Výsledky hledání</target>
   </keywords>
   <keywords>
      <text FeatureID="-1">sdílení obrázků a videí</text>
      <target FeatureID="-1" href="UPNP_HLP_SHARE_CONTENT.html">Nastavení obsahu pro sdílení</target>
   </keywords>
   <keywords>
      <text FeatureID="-1">sdílení mediálních souborů</text>
      <target FeatureID="-1" href="UPNP_HLP_SHARING_PROP.html">Nastavení sdílení</target>
      <target FeatureID="-1" href="UPNP_HLP_MAIN_VIEW.html">Domácí média</target>
      <target FeatureID="-1" href="UPNP_HLP_MAIN_EXTERNAL.html">Zařízení domácích médií</target>
      <target FeatureID="-1" href="UPNP_HLP_CONTENT_VIEW.html">Soubory domácích médií</target>
      <target FeatureID="-1" href="UPNP_HLP_REMOTE_DEVICES.html">Složky domácích médií</target>
      <target FeatureID="-1" href="UPNP_HLP_SEARCH.html">Výsledky hledání</target>
   </keywords>
   <keywords>
      <text FeatureID="-1">zobrazení souborů ve vzdáleném zařízení</text>
      <target FeatureID="-1" href="UPNP_HLP_SHARING_PROP.html">Nastavení sdílení</target>
      <target FeatureID="-1" href="UPNP_HLP_MAIN_VIEW.html">Domácí média</target>
      <target FeatureID="-1" href="UPNP_HLP_MAIN_EXTERNAL.html">Zařízení domácích médií</target>
      <target FeatureID="-1" href="UPNP_HLP_CONTENT_VIEW.html">Soubory domácích médií</target>
      <target FeatureID="-1" href="UPNP_HLP_REMOTE_DEVICES.html">Složky domácích médií</target>
      <target FeatureID="-1" href="UPNP_HLP_SEARCH.html">Výsledky hledání</target>
   </keywords>
   <keywords>
      <text FeatureID="-1">vlastnosti sdílení</text>
      <target FeatureID="-1" href="UPNP_HLP_SHARING_PROP.html">Nastavení sdílení</target>
   </keywords>
</keywords>