<?xml version="1.0" encoding="UTF-8"?>
<keywords>
   <keywords>
      <text FeatureID="-1">словник</text>
      <target FeatureID="-1" href="DICTIONARY_HLP_MAIN_TAB1.html">Словник</target>
   </keywords>
   <keywords>
      <text FeatureID="-1">переклад</text>
      <target FeatureID="-1" href="DICTIONARY_HLP_MAIN_TAB1.html">Словник</target>
   </keywords>
   <keywords>
      <text FeatureID="-1">словник, переклад</text>
      <target FeatureID="-1" href="DICTIONARY_HLP_RESULTS.html">Результати перекладу</target>
   </keywords>
</keywords>