<?xml version="1.0" encoding="UTF-8"?>
<keywords>
   <keywords>
      <text FeatureID="-1">Mail for Exchange</text>
      <target FeatureID="-1" href="FSE_HLP_MFE_LAUNCHER_MAIN_VIEW.html">Correu electrònic per a Exchange e-mail</target>
   </keywords>
   <keywords>
      <text FeatureID="-1">Configuració avançada de la bústia de correu</text>
      <target FeatureID="-1" href="FSE_HLP_MFE_SETTINGS_ADVANCED.html">Configuració avançada de la bústia de correu</target>
   </keywords>
   <keywords>
      <text FeatureID="-1">configuració de sincronització de correu electrònic</text>
      <target FeatureID="-1" href="FSE_HLP_MFE_SETTINGS_PIM_APPS.html">Configuració de sincronització d'aplicacions</target>
   </keywords>
   <keywords>
      <text FeatureID="-1">sincronització de l'agenda</text>
      <target FeatureID="-1" href="FSE_HLP_MFE_CALENDAR_APP.html">Configuració de sincronització de l'agenda</target>
   </keywords>
   <keywords>
      <text FeatureID="-1">sincronització de contactes,</text>
      <target FeatureID="-1" href="FSE_HLP_MFE_CONTACTS_APP.html">Configuració de sincronització de contactes</target>
   </keywords>
   <keywords>
      <text FeatureID="-1">configuració de la bústia de correu</text>
      <target FeatureID="-1" href="FSE_HLP_MFE_SETTINGS_MAILBOX.html">Configuració general de la bústia de correu</target>
   </keywords>
   <keywords>
      <text FeatureID="-1">contingut de sincronització de correu electrònic</text>
      <target FeatureID="-1" href="FSE_HLP_MFE_SETTINGS_WHAT_SYNC.html">Trieu el contingut de sincronització</target>
   </keywords>
   <keywords>
      <text FeatureID="-1">hora de sincronització de correu electrònic</text>
      <target FeatureID="-1" href="FSE_HLP_MFE_SETTINGS_WHEN_SYNC.html">Trieu el temps de sincronització</target>
   </keywords>
   <keywords>
      <text FeatureID="-1">sincronització de carpeta de correu electrònic</text>
      <target FeatureID="-1" href="FSE_HLP_MFE_SETTINGS_FOLDER.html">Configuració per a la sincronització</target>
   </keywords>
   <keywords>
      <text FeatureID="-1">configuració de correu electrònic</text>
      <target FeatureID="-1" href="FSE_HLP_MFE_SETTINGS_MAIN_VIEW.html">Configuració per als correus electrònics</target>
   </keywords>
   <keywords>
      <text FeatureID="-1">sincronització d'entrada de tasca pendent</text>
      <target FeatureID="-1" href="FSE_HLP_MFE_TASKS_APP.html">Configuració de sincronitzacions pendents</target>
   </keywords>
</keywords>