<?xml version="1.0" encoding="UTF-8"?>
<keywords>
   <keywords>
      <text FeatureID="-1">decriptare, cartelă mem.</text>
      <target FeatureID="-1" href="ES_HLP_ENCRYPTION_DECRYPT.html">Decriptarea cartelei de memorie</target>
   </keywords>
   <keywords>
      <text FeatureID="-1">criptare, cartelă mem.</text>
      <target FeatureID="-1" href="ES_HLP_ENCRYPTION_ENCRYPT.html">Criptarea cartelei de memorie</target>
   </keywords>
   <keywords>
      <text FeatureID="-1">criptare, memorie aparat şi cartelă de memorie</text>
      <target FeatureID="-1" href="ES_HLP_ENCRYPTION_MAIN.html">Criptare sau decriptare</target>
   </keywords>
   <keywords>
      <text FeatureID="-1">decriptare, memorie aparat şi cartelă de memorie</text>
      <target FeatureID="-1" href="ES_HLP_ENCRYPTION_MAIN.html">Criptare sau decriptare</target>
   </keywords>
</keywords>