<?xml version="1.0" encoding="UTF-8"?>
<keywords>
   <keywords>
      <text FeatureID="-1">标记类别</text>
      <target FeatureID="-1" href="LM_HLP_LM_BY_CATEGORY.html">标记类别</target>
   </keywords>
   <keywords>
      <text FeatureID="-1">标记</text>
      <target FeatureID="-1" href="LM_HLP_LM_BY_NAME.html">按名称查看标记</target>
      <target FeatureID="-1" href="LM_HLP_CATEGORY_CONTENTS.html">类别下的标记</target>
      <target FeatureID="-1" href="LM_HLP_LM_VIEWER.html">标记详情</target>
   </keywords>
   <keywords>
      <text FeatureID="-1">标记分类</text>
      <target FeatureID="-1" href="LM_HLP_EDIT_CATEGORIES.html">编辑标记分类</target>
   </keywords>
   <keywords>
      <text FeatureID="-1">编辑标记</text>
      <target FeatureID="-1" href="LM_HLP_LM_EDITOR.html">编辑标记</target>
   </keywords>
</keywords>