<?xml version="1.0" encoding="UTF-8"?>
<keywords>
   <keywords>
      <text FeatureID="-1">cell broadcast-beskeder</text>
      <target FeatureID="-1" href="CBS_HLP_TOPIC_VIEW.html">Cell broadcast-beskeder</target>
      <target FeatureID="-1" href="CBS_HLP_MAIN.html">CBS-emner</target>
      <target FeatureID="-1" href="CBS_HLP_MSG.html">Få vist CBS-beskeder</target>
   </keywords>
   <keywords>
      <text FeatureID="-1">cbs-emner</text>
      <target FeatureID="-1" href="CBS_HLP_MAIN.html">CBS-emner</target>
   </keywords>
</keywords>