<?xml version="1.0" encoding="UTF-8"?><?xml-stylesheet  href="../../theme/xsl/index2html.xslt" type="text/xsl"?>
<topics FeatureID="-1" title="Chat" compressed="true">
   <topicref FeatureID="-1" href="IMNG_HLP_SEARCHCHAT.html" navtitle="Vyhledávání uživatelů chatu"/>
   <topicref FeatureID="-1" href="IMNG_HLP_SAVED_VIEW.html" navtitle="Zobrazení uložených konverzací"/>
   <topicref FeatureID="-1" href="IMNG_HLP_SAVED_LIST.html" navtitle="Uložené konverzace"/>
   <topicref FeatureID="-1" href="IMNG_HLP_IMCHAT.html" navtitle="Konverzace skupiny"/>
   <topicref FeatureID="-1" href="IMNG_HLP_GROUP_EDIT.html" navtitle="Práva k úpravám skupiny"/>
   <topicref FeatureID="-1" href="IMNG_HLP_GROUP_BAN.html" navtitle="Vyloučení uživatelů chatu ze skupin"/>
   <topicref FeatureID="-1" href="IMNG_HLP_CONT_OWN_DATA.html" navtitle="Moje data"/>
   <topicref FeatureID="-1" href="IMNG_HLP_COMMUNITY_VIEW_EMPTY.html" navtitle="Jak začít používat chat"/>
   <topicref FeatureID="-1" href="IMNG_HLP_COMMUNITY_VIEW.html" navtitle="Chat"/>
   <topicref FeatureID="-1" href="IMNG_HLP_BLOCKED_VIEW.html" navtitle="Blokované kontakty"/>
   <topicref FeatureID="-1" href="IMNG_HLP_SETTINGS.html" navtitle="Nastavení chatu"/>
   <topicref FeatureID="-1" href="IMNG_HLP_SERVLISTSETT_IM.html" navtitle="Chat, servery"/>
   <topicref FeatureID="-1" href="IMNG_HLP_DEFSERVER.html" navtitle="Nastavení serveru chatu"/>
   <topicref FeatureID="-1" href="IMNG_HLP_INVITE.html" navtitle="Pozvánky k chatu"/>
   <topicref FeatureID="-1" href="IMNG_HLP_CREATECHAT.html" navtitle="Nastavení skupin chatu"/>
   <topicref FeatureID="-1" href="IMNG_HLP_ACCLIST.html" navtitle="Členové skupiny chatu"/>
   <topicref FeatureID="-1" href="IMNG_HLP_CONVERSATIONS.html" navtitle="Chatové konverzace"/>
   <topicref FeatureID="-1" href="IMNG_HLP_CONTACTDETAILS.html" navtitle="Detaily kontaktu chatu"/>
   <topicref FeatureID="-1" href="IMNG_HLP_APPSETT.html" navtitle="Nastavení aplikace Chat"/>
</topics>