<?xml version="1.0" encoding="UTF-8"?>
<keywords>
   <keywords>
      <text FeatureID="-1">vyhledávání uživatelů chatu</text>
      <target FeatureID="-1" href="IMNG_HLP_SEARCHCHAT.html">Vyhledávání uživatelů chatu</target>
   </keywords>
   <keywords>
      <text FeatureID="-1">chat</text>
      <target FeatureID="-1" href="IMNG_HLP_SEARCHCHAT.html">Vyhledávání uživatelů chatu</target>
      <target FeatureID="-1" href="IMNG_HLP_SAVED_VIEW.html">Zobrazení uložených konverzací</target>
      <target FeatureID="-1" href="IMNG_HLP_SAVED_LIST.html">Uložené konverzace</target>
      <target FeatureID="-1" href="IMNG_HLP_IMCHAT.html">Konverzace skupiny</target>
      <target FeatureID="-1" href="IMNG_HLP_GROUP_EDIT.html">Práva k úpravám skupiny</target>
      <target FeatureID="-1" href="IMNG_HLP_GROUP_BAN.html">Vyloučení uživatelů chatu ze skupin</target>
      <target FeatureID="-1" href="IMNG_HLP_CONT_OWN_DATA.html">Moje data</target>
      <target FeatureID="-1" href="IMNG_HLP_COMMUNITY_VIEW_EMPTY.html">Jak začít používat chat</target>
      <target FeatureID="-1" href="IMNG_HLP_COMMUNITY_VIEW_EMPTY.html">Jak začít používat chat</target>
      <target FeatureID="-1" href="IMNG_HLP_COMMUNITY_VIEW.html">Chat</target>
      <target FeatureID="-1" href="IMNG_HLP_COMMUNITY_VIEW.html">Chat</target>
      <target FeatureID="-1" href="IMNG_HLP_CREATECHAT.html">Nastavení skupin chatu</target>
      <target FeatureID="-1" href="IMNG_HLP_ACCLIST.html">Členové skupiny chatu</target>
      <target FeatureID="-1" href="IMNG_HLP_CONVERSATIONS.html">Chatové konverzace</target>
      <target FeatureID="-1" href="IMNG_HLP_CONVERSATIONS.html">Chatové konverzace</target>
      <target FeatureID="-1" href="IMNG_HLP_APPSETT.html">Nastavení aplikace Chat</target>
   </keywords>
   <keywords>
      <text FeatureID="-1">skupiny chatu, vyhledávání</text>
      <target FeatureID="-1" href="IMNG_HLP_SEARCHCHAT.html">Vyhledávání uživatelů chatu</target>
   </keywords>
   <keywords>
      <text FeatureID="-1">uložené konverzace</text>
      <target FeatureID="-1" href="IMNG_HLP_SAVED_LIST.html">Uložené konverzace</target>
   </keywords>
   <keywords>
      <text FeatureID="-1">připojení skupin chatu</text>
      <target FeatureID="-1" href="IMNG_HLP_IMCHAT.html">Konverzace skupiny</target>
   </keywords>
   <keywords>
      <text FeatureID="-1">práva pro úpravy</text>
      <target FeatureID="-1" href="IMNG_HLP_GROUP_EDIT.html">Práva k úpravám skupiny</target>
   </keywords>
   <keywords>
      <text FeatureID="-1">seznam nežádoucích</text>
      <target FeatureID="-1" href="IMNG_HLP_GROUP_BAN.html">Vyloučení uživatelů chatu ze skupin</target>
   </keywords>
   <keywords>
      <text FeatureID="-1">Členové skupiny chatu</text>
      <target FeatureID="-1" href="IMNG_HLP_GROUP_BAN.html">Vyloučení uživatelů chatu ze skupin</target>
      <target FeatureID="-1" href="IMNG_HLP_ACCLIST.html">Členové skupiny chatu</target>
   </keywords>
   <keywords>
      <text FeatureID="-1">Kontakty chatu</text>
      <target FeatureID="-1" href="IMNG_HLP_CONT_OWN_DATA.html">Moje data</target>
      <target FeatureID="-1" href="IMNG_HLP_BLOCKED_VIEW.html">Blokované kontakty</target>
      <target FeatureID="-1" href="IMNG_HLP_CONTACTDETAILS.html">Detaily kontaktu chatu</target>
   </keywords>
   <keywords>
      <text FeatureID="-1">blokované kontakty chatu</text>
      <target FeatureID="-1" href="IMNG_HLP_BLOCKED_VIEW.html">Blokované kontakty</target>
   </keywords>
   <keywords>
      <text FeatureID="-1">Nastavení chatu</text>
      <target FeatureID="-1" href="IMNG_HLP_SETTINGS.html">Nastavení chatu</target>
      <target FeatureID="-1" href="IMNG_HLP_APPSETT.html">Nastavení aplikace Chat</target>
   </keywords>
   <keywords>
      <text FeatureID="-1">chat, servery</text>
      <target FeatureID="-1" href="IMNG_HLP_SERVLISTSETT_IM.html">Chat, servery</target>
   </keywords>
   <keywords>
      <text FeatureID="-1">Nastavení serveru chatu</text>
      <target FeatureID="-1" href="IMNG_HLP_DEFSERVER.html">Nastavení serveru chatu</target>
   </keywords>
   <keywords>
      <text FeatureID="-1">nastavení serveru</text>
      <target FeatureID="-1" href="IMNG_HLP_DEFSERVER.html">Nastavení serveru chatu</target>
   </keywords>
   <keywords>
      <text FeatureID="-1">pozvánky</text>
      <target FeatureID="-1" href="IMNG_HLP_INVITE.html">Pozvánky k chatu</target>
   </keywords>
   <keywords>
      <text FeatureID="-1">Nastavení skupin chatu</text>
      <target FeatureID="-1" href="IMNG_HLP_CREATECHAT.html">Nastavení skupin chatu</target>
   </keywords>
   <keywords>
      <text FeatureID="-1">konverzace</text>
      <target FeatureID="-1" href="IMNG_HLP_CONVERSATIONS.html">Chatové konverzace</target>
   </keywords>
   <keywords>
      <text FeatureID="-1">Chat</text>
      <target FeatureID="-1" href="IMNG_HLP_CONTACTDETAILS.html">Detaily kontaktu chatu</target>
   </keywords>
</keywords>