<?xml version="1.0" encoding="UTF-8"?>
<keywords>
   <keywords>
      <text FeatureID="true_1604">text input</text>
      <target FeatureID="true_1604" href="HWR_HLP_MAIN_VIEW.html">Распознавание рукописного ввода</target>
   </keywords>
   <keywords>
      <text FeatureID="true_1604">распознавание рукописного ввода</text>
      <target FeatureID="true_1604" href="HWR_HLP_MAIN_VIEW.html">Распознавание рукописного ввода</target>
   </keywords>
   <keywords>
      <text FeatureID="true_1603 true_410">рукописный ввод</text>
      <target FeatureID="true_1603" href="VQWERTY_HLP_MAIN_VIEW.html">Виртуальная клавиатура</target>
      <target FeatureID="true_410" href="VITU_HLP_MAIN_VIEW.html">Виртуальная клавиатура</target>
   </keywords>
   <keywords>
      <text FeatureID="true_410">виртуальная клавиатура</text>
      <target FeatureID="true_410" href="VITU_HLP_MAIN_VIEW.html">Виртуальная клавиатура</target>
   </keywords>
</keywords>