<?xml version="1.0" encoding="UTF-8"?>
<keywords>
   <keywords>
      <text FeatureID="-1">lệnh thoại</text>
      <target FeatureID="true_72" href="HLP_VC_SIND_FOLDER.html">Giao diện ứng dụng</target>
      <target FeatureID="true_72" href="HLP_VC_SIND_MAIN.html">Sử dụng lệnh thoại</target>
      <target FeatureID="-1" href="VCINFO_HLP_MAINVIEW.html">Cho các số liên lạc</target>
   </keywords>
   <keywords>
      <text FeatureID="-1">cài đặt lệnh thoại</text>
      <target FeatureID="-1" href="HLP_VC_SET.html">Cài đặt lệnh thoại</target>
   </keywords>
</keywords>