<?xml version="1.0" encoding="UTF-8"?>
<keywords>
   <keywords>
      <text FeatureID="-1">glasovne komande</text>
      <target FeatureID="true_72" href="HLP_VC_SIND_FOLDER.html">Prikaz aplikacija</target>
      <target FeatureID="true_72" href="HLP_VC_SIND_MAIN.html">Korišćenje glasovnih komandi</target>
      <target FeatureID="-1" href="VCINFO_HLP_MAINVIEW.html">Za kontakte</target>
   </keywords>
   <keywords>
      <text FeatureID="-1">podešavanja glas. komandi</text>
      <target FeatureID="-1" href="HLP_VC_SET.html">Podešavanja glasovnih komandi</target>
   </keywords>
</keywords>