<?xml version="1.0" encoding="UTF-8"?>
<keywords>
   <keywords>
      <text FeatureID="-1">aggiornamento, software</text>
      <target FeatureID="-1" href="SWUPDATE_HLP_MAIN.html">Aggiornamento software</target>
   </keywords>
   <keywords>
      <text FeatureID="-1">software, aggiornamento</text>
      <target FeatureID="-1" href="SWUPDATE_HLP_MAIN.html">Aggiornamento software</target>
   </keywords>
   <keywords>
      <text FeatureID="-1">aggiornamenti software</text>
      <target FeatureID="-1" href="SWUPDATE_HLP_SETTINGS.html">Aggiornamenti software</target>
   </keywords>
</keywords>