<?xml version="1.0" encoding="UTF-8"?>
<keywords>
   <keywords>
      <text FeatureID="-1">GPS podaci</text>
      <target FeatureID="-1" href="HLP_BLID_NAVIGATION.html">Prikaz navigacije</target>
      <target FeatureID="false_112" href="BLID_HLP_WAYPOINTS.html">Sačuvane lokacije</target>
      <target FeatureID="-1" href="HLP_BLID_TRIPMETER.html">Prikaz rastojanja</target>
   </keywords>
   <keywords>
      <text FeatureID="-1">navigacija do odredišta</text>
      <target FeatureID="-1" href="HLP_BLID_NAVIGATION.html">Prikaz navigacije</target>
   </keywords>
   <keywords>
      <text FeatureID="false_112">čuvanje lokacija</text>
      <target FeatureID="false_112" href="BLID_HLP_WAYPOINTS.html">Sačuvane lokacije</target>
   </keywords>
   <keywords>
      <text FeatureID="-1">podešavanja navigatora</text>
      <target FeatureID="-1" href="BLID_HLP_SETTINGS.html">Podešavanja GPS podataka</target>
   </keywords>
   <keywords>
      <text FeatureID="-1">Podešavanja GPS podataka</text>
      <target FeatureID="-1" href="BLID_HLP_SETTINGS.html">Podešavanja GPS podataka</target>
   </keywords>
   <keywords>
      <text FeatureID="-1">informacije o putovanju</text>
      <target FeatureID="-1" href="HLP_BLID_TRIPMETER.html">Prikaz rastojanja</target>
   </keywords>
   <keywords>
      <text FeatureID="-1">informacije putovanja</text>
      <target FeatureID="-1" href="HLP_BLID_TRIPMETER.html">Prikaz rastojanja</target>
   </keywords>
</keywords>