<?xml version="1.0" encoding="UTF-8"?>
<keywords>
   <keywords>
      <text FeatureID="-1">anniversary entries</text>
      <target FeatureID="-1" href="FSCA_HLP_ANNIVERSARY_EDITOR.html">Create anniversary entries</target>
      <target FeatureID="-1" href="FSCA_HLP_ANNI_VIEWER.html">Edit anniversary entries</target>
   </keywords>
   <keywords>
      <text FeatureID="-1">meeting entries</text>
      <target FeatureID="-1" href="FSCA_HLP_CALE_MEETING_EDITOR.html">Create meeting entries</target>
      <target FeatureID="-1" href="FSCA_HLP_CALE_MEETING_VIEWER.html">Edit meeting entries</target>
   </keywords>
   <keywords>
      <text FeatureID="-1">memo entries</text>
      <target FeatureID="-1" href="FSCA_HLP_MEMO_EDITOR.html">Create memo entries</target>
      <target FeatureID="-1" href="FSCA_HLP_MEMO_VIEWER.html">Edit memo entries</target>
   </keywords>
   <keywords>
      <text FeatureID="-1">to-do entries</text>
      <target FeatureID="-1" href="FSCA_HLP_TODO_EDITOR.html">Create to-do entries</target>
      <target FeatureID="-1" href="FSCA_HLP_TODO_VIEWER.html">Edit to-do entries</target>
   </keywords>
   <keywords>
      <text FeatureID="-1">meeting requests</text>
      <target FeatureID="-1" href="FSCA_HLP_RESPONSE_EDITOR.html">Edit your response</target>
      <target FeatureID="-1" href="FSCA_HLP_VIEWER_ORGANIZER.html">Manage meeting requests</target>
      <target FeatureID="-1" href="MEET_REQ_HLP_EDITOR.html">Received meeting requests</target>
      <target FeatureID="-1" href="FSCA_HLP_VIEWER.html">Respond to meeting requests</target>
   </keywords>
   <keywords>
      <text FeatureID="-1">kenalan</text>
      <target FeatureID="-1" href="RLOOK_HLP_INFO_VIEW.html">Urus kenalan yang ditemui</target>
   </keywords>
   <keywords>
      <text FeatureID="-1">kenalan, mencari</text>
      <target FeatureID="-1" href="RLOOK_HLP_RESULT_VIEW.html">Keputusan carian</target>
   </keywords>
   <keywords>
      <text FeatureID="-1">e-mel, lampiran</text>
      <target FeatureID="-1" href="FSE_HLP_ATTACHMENT_LIST_EDITOR.html">Menambah lampiran</target>
   </keywords>
   <keywords>
      <text FeatureID="-1">e-mel yang dipadam</text>
      <target FeatureID="-1" href="FSE_HLP_MESSAGE_LIST_DELETED.html">Mesej e-mel yang dipadam</target>
   </keywords>
   <keywords>
      <text FeatureID="-1">muat turun lampiran e-mel</text>
      <target FeatureID="-1" href="FSE_HLP_ATTACHMENT_LIST.html">Muat turun lampiran</target>
   </keywords>
   <keywords>
      <text FeatureID="-1">draf e-mel</text>
      <target FeatureID="-1" href="FSE_HLP_MESSAGE_LIST_DRAFTS.html">Draf mesej e-mel</target>
   </keywords>
   <keywords>
      <text FeatureID="-1">E-mel Nokia</text>
      <target FeatureID="-1" href="FSE_HLP_LAUNCHER_GRID.html">E-mel Nokia</target>
   </keywords>
   <keywords>
      <text FeatureID="-1">e-mel</text>
      <target FeatureID="-1" href="FSE_HLP_LAUNCHER_GRID.html">E-mel Nokia</target>
   </keywords>
   <keywords>
      <text FeatureID="-1">folder e-mel</text>
      <target FeatureID="-1" href="FSE_HLP_FOLDER_LIST.html">Folder e-mel</target>
      <target FeatureID="-1" href="FSE_HLP_SETT_IMAP_SUBSCR.html">Langgan folder</target>
      <target FeatureID="-1" href="FSE_HLP_MESSAGE_LIST_INBOX.html">Bekerja dengan folder e-mel</target>
   </keywords>
   <keywords>
      <text FeatureID="-1">tetapan e-mel</text>
      <target FeatureID="-1" href="FSE_HLP_LAUNCHER_SETTINGS.html">Tetapan e-mel umum</target>
      <target FeatureID="-1" href="FSE_HLP_POP_IMAP_SETT_MAIN.html">Tetapan e-mel</target>
      <target FeatureID="-1" href="FSE_HLP_MFE_SETTINGS_MAIN_VIEW.html">Tetapan untuk e-mel</target>
   </keywords>
   <keywords>
      <text FeatureID="-1">tetapan e-mel global</text>
      <target FeatureID="-1" href="FSE_HLP_SETTINGS_GLOBAL.html">Tetapan e-mel Global</target>
   </keywords>
   <keywords>
      <text FeatureID="-1">e-mel HTML</text>
      <target FeatureID="-1" href="FS_VIEWER_HLP_HTML_VIEW.html">E-mel berformat HTML</target>
   </keywords>
   <keywords>
      <text FeatureID="-1">tetapan e-mel lanjutan</text>
      <target FeatureID="-1" href="FSE_HLP_POP_IMAP_SETT_ADV.html">Tetapan e-mel lanjut</target>
   </keywords>
   <keywords>
      <text FeatureID="-1">tetapan e-mel masuk</text>
      <target FeatureID="-1" href="FSE_HLP_POP_IMAP_SETT_INCOMING.html">Tetapan e-mel masuk</target>
   </keywords>
   <keywords>
      <text FeatureID="-1">tetapan e-mel keluar</text>
      <target FeatureID="-1" href="FSE_HLP_POP_IMAP_SETT_OUTGOING.html">Tetapan e-mel keluar</target>
   </keywords>
   <keywords>
      <text FeatureID="-1">penyegerakan e-mel</text>
      <target FeatureID="-1" href="FSE_HLP_POP_IMAP_SETT_WHAT.html">Pilih kandungan penyegerakan</target>
   </keywords>
   <keywords>
      <text FeatureID="-1">masa penyegerakan e-mel</text>
      <target FeatureID="-1" href="FSE_HLP_POP_IMAP_SETT_WHEN.html">Pilih masa penyegerakan</target>
      <target FeatureID="-1" href="FSE_HLP_MFE_SETTINGS_WHEN_SYNC.html">Pilih masa penyegerakan</target>
      <target FeatureID="-1" href="FSE_HLP_SETTINGS_WHEN_SYNC.html">Masa penyegerakan</target>
   </keywords>
   <keywords>
      <text FeatureID="-1">Mail for Exchange</text>
      <target FeatureID="-1" href="FSE_HLP_MFE_LAUNCHER_MAIN_VIEW.html">Mel Mail for Exchange</target>
   </keywords>
   <keywords>
      <text FeatureID="-1">butiran e-mel</text>
      <target FeatureID="-1" href="FS_VIEWER_HLP_DETAILS_VIEW.html">Butiran mesej</target>
   </keywords>
   <keywords>
      <text FeatureID="-1">tetapan peti mel lanjutan</text>
      <target FeatureID="-1" href="FSE_HLP_MFE_SETTINGS_ADVANCED.html">Tetapan lanjut untuk peti mel</target>
   </keywords>
   <keywords>
      <text FeatureID="-1">tetapan penyegerakan e-mel</text>
      <target FeatureID="-1" href="FSE_HLP_MFE_SETTINGS_PIM_APPS.html">Tetapan penyegerakan aplikasi</target>
   </keywords>
   <keywords>
      <text FeatureID="-1">penyegerakan kalendar</text>
      <target FeatureID="-1" href="FSE_HLP_MFE_CALENDAR_APP.html">Tetapan penyegerakan kalendar</target>
   </keywords>
   <keywords>
      <text FeatureID="-1">hubungi penyegerakan,</text>
      <target FeatureID="-1" href="FSE_HLP_MFE_CONTACTS_APP.html">Tetapan penyegerakan kenalan</target>
   </keywords>
   <keywords>
      <text FeatureID="-1">tetapan peti mel</text>
      <target FeatureID="-1" href="FSE_HLP_MFE_SETTINGS_MAILBOX.html">Tetapan peti mel umum</target>
   </keywords>
   <keywords>
      <text FeatureID="-1">kandungan penyegerakan e-mel</text>
      <target FeatureID="-1" href="FSE_HLP_MFE_SETTINGS_WHAT_SYNC.html">Pilih kandungan penyegerakan</target>
   </keywords>
   <keywords>
      <text FeatureID="-1">penyegerakan folder e-mel</text>
      <target FeatureID="-1" href="FSE_HLP_MFE_SETTINGS_FOLDER.html">Tetapan untuk penyegerakan</target>
   </keywords>
   <keywords>
      <text FeatureID="-1">penyegerakan entri tugasan</text>
      <target FeatureID="-1" href="FSE_HLP_MFE_TASKS_APP.html">Tetapan penyegerakan tugasan</target>
   </keywords>
   <keywords>
      <text FeatureID="-1">tiada mesej e-mel</text>
      <target FeatureID="-1" href="FSE_HLP_MESSAGE_LIST_EMPTY.html">Tiada mesej</target>
   </keywords>
   <keywords>
      <text FeatureID="-1">peti keluar e-mel</text>
      <target FeatureID="-1" href="FSE_HLP_MESSAGE_LIST_OUTBOX.html">Bekerja bersama Peti keluar</target>
   </keywords>
   <keywords>
      <text FeatureID="-1">permintaan mesyuarat</text>
      <target FeatureID="-1" href="FS_VIEWER_HLP_MEETING_REQ_VIEW.html">Balas kepada permintaan mesyuarat</target>
   </keywords>
   <keywords>
      <text FeatureID="-1">carian e-mel</text>
      <target FeatureID="-1" href="FSE_HLP_MESSAGE_LIST_SEARCHING.html">Cari e-mel</target>
   </keywords>
   <keywords>
      <text FeatureID="-1">keputusan carian e-mel</text>
      <target FeatureID="-1" href="FSE_HLP_MESSAGE_LIST_SEARCHED.html">Hasil carian</target>
   </keywords>
   <keywords>
      <text FeatureID="-1">menghantar e-mel</text>
      <target FeatureID="-1" href="FS_EDITOR_HLP_MAIN_VIEW.html">Hantar e-mel</target>
   </keywords>
   <keywords>
      <text FeatureID="-1">Perkhidmatan PIM</text>
      <target FeatureID="-1" href="FSE_HLP_SETTINGS_PIM_VIEW.html">Perkhidmatan PIM</target>
   </keywords>
   <keywords>
      <text FeatureID="-1">menyegerakan aplikasi</text>
      <target FeatureID="-1" href="FSE_HLP_SETTINGS_APPLICATIONS.html">Segerakkan aplikasi</target>
   </keywords>
   <keywords>
      <text FeatureID="-1">e-mel yang diterima</text>
      <target FeatureID="-1" href="FS_VIEWER_HLP_MAIN_VIEW.html">Menggunakan e-mel yang diterima</target>
   </keywords>
   <keywords>
      <text FeatureID="-1">mel, tetapan</text>
      <target FeatureID="-1" href="FSE_HLP_SETT.html">Tetapan</target>
   </keywords>
   <keywords>
      <text FeatureID="-1">mel, tetapan akaun</text>
      <target FeatureID="-1" href="FSE_HLP_ACCT_INFO.html">Tetapan akaun mel</target>
   </keywords>
   <keywords>
      <text FeatureID="-1">mel, penyegerakan</text>
      <target FeatureID="-1" href="FSE_HLP_SYNC_SETT.html">Tetapan Penyegerakan</target>
   </keywords>
   <keywords>
      <text FeatureID="-1">mel, entri mesyuarat</text>
      <target FeatureID="-1" href="FS_VIEWER_HLP_MR_RECEIVED.html">Permintaan mesyuarat</target>
   </keywords>
   <keywords>
      <text FeatureID="-1">entri mesyuarat</text>
      <target FeatureID="-1" href="FS_VIEWER_HLP_MR_RECEIVED.html">Permintaan mesyuarat</target>
   </keywords>
</keywords>