<?xml version="1.0" encoding="UTF-8"?>
<keywords>
   <keywords>
      <text FeatureID="true_410">birač</text>
      <target FeatureID="true_410" href="DIALER_HLP_MAIN.html">Obavljanje telefonskih poziva</target>
   </keywords>
   <keywords>
      <text FeatureID="true_410">obavljanje telefonskih poziva</text>
      <target FeatureID="true_410" href="DIALER_HLP_MAIN.html">Obavljanje telefonskih poziva</target>
   </keywords>
   <keywords>
      <text FeatureID="-1">telefonski pozivi</text>
      <target FeatureID="-1" href="INCAL_HLP_CALL_HANDLING.html">Telefonski pozivi</target>
   </keywords>
   <keywords>
      <text FeatureID="-1">konferen­cijski pozivi</text>
      <target FeatureID="-1" href="INCAL_HLP_CALL_HANDLING.html">Telefonski pozivi</target>
   </keywords>
   <keywords>
      <text FeatureID="-1">prespajanje poziva</text>
      <target FeatureID="-1" href="INCAL_HLP_CALL_HANDLING.html">Telefonski pozivi</target>
   </keywords>
   <keywords>
      <text FeatureID="-1">telefon</text>
      <target FeatureID="-1" href="INCAL_HLP_CALL_HANDLING.html">Telefonski pozivi</target>
   </keywords>
   <keywords>
      <text FeatureID="true_410">DTMF zvukovi</text>
      <target FeatureID="true_410" href="DIALER_HLP_SEND_DTMF.html">Pošaljite DTMF tonove</target>
   </keywords>
   <keywords>
      <text FeatureID="true_89">videopozivi</text>
      <target FeatureID="true_89" href="INCAL_HLP_VIDEO_CALL.html">Video pozivi</target>
   </keywords>
</keywords>