<?xml version="1.0" encoding="UTF-8"?>
<keywords>
   <keywords>
      <text FeatureID="-1">Data GPS</text>
      <target FeatureID="-1" href="HLP_BLID_NAVIGATION.html">Tampilan navigasi</target>
      <target FeatureID="false_112" href="BLID_HLP_WAYPOINTS.html">Lokasi yang disimpan</target>
      <target FeatureID="-1" href="HLP_BLID_TRIPMETER.html">Tampilan jarak perjalanan</target>
   </keywords>
   <keywords>
      <text FeatureID="-1">menavigasi ke tempat tujuan</text>
      <target FeatureID="-1" href="HLP_BLID_NAVIGATION.html">Tampilan navigasi</target>
   </keywords>
   <keywords>
      <text FeatureID="false_112">menyimpan lokasi</text>
      <target FeatureID="false_112" href="BLID_HLP_WAYPOINTS.html">Lokasi yang disimpan</target>
   </keywords>
   <keywords>
      <text FeatureID="-1">pengaturan navigator</text>
      <target FeatureID="-1" href="BLID_HLP_SETTINGS.html">Pengaturan data GPS</target>
   </keywords>
   <keywords>
      <text FeatureID="-1">Pengaturan data GPS</text>
      <target FeatureID="-1" href="BLID_HLP_SETTINGS.html">Pengaturan data GPS</target>
   </keywords>
   <keywords>
      <text FeatureID="-1">informasi perjalanan</text>
      <target FeatureID="-1" href="HLP_BLID_TRIPMETER.html">Tampilan jarak perjalanan</target>
      <target FeatureID="-1" href="HLP_BLID_TRIPMETER.html">Tampilan jarak perjalanan</target>
   </keywords>
</keywords>