<?xml version="1.0" encoding="UTF-8"?>
<keywords>
   <keywords>
      <text FeatureID="true_298">contestador</text>
      <target FeatureID="true_298" href="SMSVO_HLP_CS_VIDEO_AND_XSP_VOIP.html">Bústia de trucades, vídeo i trucades d'Internet</target>
   </keywords>
   <keywords>
      <text FeatureID="true_298">bústia de trucades d'Internet</text>
      <target FeatureID="true_298" href="SMSVO_HLP_CS_VIDEO_AND_XSP_VOIP.html">Bústia de trucades, vídeo i trucades d'Internet</target>
   </keywords>
   <keywords>
      <text FeatureID="true_298">bústia de trucades</text>
      <target FeatureID="true_298" href="SMSVO_HLP_CS_VIDEO_AND_XSP_VOIP.html">Bústia de trucades, vídeo i trucades d'Internet</target>
   </keywords>
   <keywords>
      <text FeatureID="-1">trucades d'Internet</text>
      <target FeatureID="-1" href="VOIP_HLP_CSC.html">Configuració de la xarxa</target>
      <target FeatureID="true_298" href="VOIP_HLP_SERVCATALOG.html">Catàleg de serveis</target>
      <target FeatureID="-1" href="SERVTAB_HLP_SETTINGS.html">Configuració de la pestanya de serveis</target>
   </keywords>
</keywords>