<?xml version="1.0" encoding="UTF-8"?>
<keywords>
   <keywords>
      <text FeatureID="-1">beállítások, slide</text>
      <target FeatureID="-1" href="SET_HLP_SETTINGS_KEYPAD_COVER.html">Csúszófedél kezelésének beállításai</target>
   </keywords>
   <keywords>
      <text FeatureID="-1">csúszófedél beállításai</text>
      <target FeatureID="-1" href="SET_HLP_SETTINGS_KEYPAD_COVER.html">Csúszófedél kezelésének beállításai</target>
   </keywords>
   <keywords>
      <text FeatureID="-1">telefonkezelés</text>
      <target FeatureID="-1" href="CP_HLP_DEVICE_MANAGEMENT.html">Telefonkezelés</target>
   </keywords>
   <keywords>
      <text FeatureID="true_109">Bővíthető hitelesítési protokoll (Extensible authentication protocol).</text>
      <target FeatureID="true_109" href="SET_HLP_WLAN_EAP_SIM.html">EAP-SIM beállítások</target>
   </keywords>
   <keywords>
      <text FeatureID="true_109">beállítások, WLAN</text>
      <target FeatureID="true_109" href="SET_HLP_WLAN_EAP_SIM.html">EAP-SIM beállítások</target>
   </keywords>
   <keywords>
      <text FeatureID="-1">hozzáférési pontok korlátozása</text>
      <target FeatureID="-1" href="ACL_HLP_MAIN.html">Csatlakozások korlátozása</target>
   </keywords>
   <keywords>
      <text FeatureID="-1">csatlakozási beállítások</text>
      <target FeatureID="-1" href="SIP_HLP_PROF_PARAMS.html">SIP-profil beállítások</target>
      <target FeatureID="-1" href="SIP_HLP_MAIN.html">SIP-profilok</target>
      <target FeatureID="-1" href="SET_HLP_CONN_DEST_VIEW.html">Célok nézet</target>
      <target FeatureID="-1" href="SET_HLP_DEFAULT_CONN.html">Alapértelmezett kapcsolat</target>
      <target FeatureID="-1" href="SET_HLP_CONN_METHODS_VIEW.html">Hozzáférési pontok nézet</target>
      <target FeatureID="true_1581" href="RD_HLP_REMOTE_DRIVE_CONFIG.html">Távoli meghajtó beállításai</target>
      <target FeatureID="true_1581" href="RD_HLP_REMOTE_DRIVES.html">Távoli meghajtók</target>
   </keywords>
   <keywords>
      <text FeatureID="-1">SIP-beállítások</text>
      <target FeatureID="-1" href="SIP_HLP_PROF_PARAMS.html">SIP-profil beállítások</target>
      <target FeatureID="-1" href="SIP_HLP_MAIN.html">SIP-profilok</target>
      <target FeatureID="-1" href="SIP_HLP_PROXY_PARAMS.html">SIP proxybeállításai</target>
      <target FeatureID="-1" href="SIP_HLP_REGISTRAR_PARAM.html">Regisztrálószerver-beállítások</target>
   </keywords>
   <keywords>
      <text FeatureID="-1">regisztrálószerver</text>
      <target FeatureID="-1" href="SIP_HLP_REGISTRAR_PARAM.html">Regisztrálószerver-beállítások</target>
   </keywords>
   <keywords>
      <text FeatureID="-1">hozzáférési pontok</text>
      <target FeatureID="-1" href="HLP_OCC_CONN_SETTINGS.html">Hálózati kapcsolatok</target>
      <target FeatureID="-1" href="SET_HLP_CONN_METHODS_VIEW.html">Hozzáférési pontok nézet</target>
   </keywords>
   <keywords>
      <text FeatureID="-1">beállítások, csatlakozás</text>
      <target FeatureID="-1" href="HLP_OCC_CONN_SETTINGS.html">Hálózati kapcsolatok</target>
   </keywords>
   <keywords>
      <text FeatureID="-1">célok beállításai</text>
      <target FeatureID="-1" href="SET_HLP_CONN_DEST_VIEW.html">Célok nézet</target>
   </keywords>
   <keywords>
      <text FeatureID="-1">alapértelmezett kapcsolat</text>
      <target FeatureID="-1" href="SET_HLP_DEFAULT_CONN.html">Alapértelmezett kapcsolat</target>
   </keywords>
   <keywords>
      <text FeatureID="-1">VPN-hozzáférési pontok</text>
      <target FeatureID="true_99" href="SET_HLP_VPN_DEST_ASSOC_VIEW.html">VPN-kapcsolatok</target>
      <target FeatureID="-1" href="SET_HLP_VPN_AP_SETTINGS_VIEW.html">VPN-hozzáférési pontok szerkesztése</target>
   </keywords>
   <keywords>
      <text FeatureID="-1">alkalmazások csatlakozása</text>
      <target FeatureID="-1" href="SET_HLP_APP_DEST_ASSOC_VIEW.html">Alkalmazások csatlakozása</target>
   </keywords>
   <keywords>
      <text FeatureID="-1">alkalmazás beállításai</text>
      <target FeatureID="-1" href="CP_HLP_APPILICATION_SETTINGS.html">Alkalmazás beállításai</target>
   </keywords>
   <keywords>
      <text FeatureID="-1">hívások, beállítások</text>
      <target FeatureID="-1" href="SCP_HLP_CALL.html">Hívásbeállítás</target>
   </keywords>
   <keywords>
      <text FeatureID="-1">beállítások, hívások</text>
      <target FeatureID="-1" href="SCP_HLP_CALL.html">Hívásbeállítás</target>
   </keywords>
   <keywords>
      <text FeatureID="-1">kapcsolatok</text>
      <target FeatureID="-1" href="CP_HLP_CONNECTIVITY.html">Csatlakozási beállítások</target>
   </keywords>
   <keywords>
      <text FeatureID="-1">vezérlőpult</text>
      <target FeatureID="-1" href="CP_HLP_DISPLAY.html">A kijelző beállításai</target>
      <target FeatureID="__DUAL_LANGUAGE_SUPPORT=true" href="CP_HLP_WRITING_LANGUAGE.html">Bevitel nyelve</target>
   </keywords>
   <keywords>
      <text FeatureID="-1">kijelző beállításai</text>
      <target FeatureID="-1" href="CP_HLP_DISPLAY.html">A kijelző beállításai</target>
   </keywords>
   <keywords>
      <text FeatureID="-1">általános beállítások</text>
      <target FeatureID="-1" href="CP_HLP_DEVICE.html">A készülék beállításai</target>
   </keywords>
   <keywords>
      <text FeatureID="-1">készülék, beállítások</text>
      <target FeatureID="-1" href="CP_HLP_DEVICE.html">A készülék beállításai</target>
   </keywords>
   <keywords>
      <text FeatureID="-1">nyelvi beállítások</text>
      <target FeatureID="-1" href="CP_HLP_LANGUAGE.html">Nyelvi beállítások</target>
   </keywords>
   <keywords>
      <text FeatureID="-1">beállítások</text>
      <target FeatureID="-1" href="CP_HLP_MAIN_VIEW.html">Beállítások</target>
   </keywords>
   <keywords>
      <text FeatureID="-1">hálózati beállítások</text>
      <target FeatureID="-1" href="CP_HLP_NETWORK.html">Hálózati beállítások</target>
      <target FeatureID="-1" href="CP_HLP_NETWORK.html">Hálózati beállítások</target>
   </keywords>
   <keywords>
      <text FeatureID="-1">profil</text>
      <target FeatureID="-1" href="CP_HLP_PERSONAL.html">Személyes nézet</target>
   </keywords>
   <keywords>
      <text FeatureID="-1">téma</text>
      <target FeatureID="-1" href="CP_HLP_PERSONAL.html">Személyes nézet</target>
   </keywords>
   <keywords>
      <text FeatureID="-1">készenlét</text>
      <target FeatureID="-1" href="CP_HLP_PERSONAL.html">Személyes nézet</target>
   </keywords>
   <keywords>
      <text FeatureID="-1">biztonság, beállítások</text>
      <target FeatureID="-1" href="CP_HLP_SECURITY.html">Biztonsági beállítások</target>
   </keywords>
   <keywords>
      <text FeatureID="-1">beállítások, biztonság</text>
      <target FeatureID="-1" href="CP_HLP_SECURITY.html">Biztonsági beállítások</target>
   </keywords>
   <keywords>
      <text FeatureID="-1">készülék, lezárás</text>
      <target FeatureID="-1" href="SET_HLP_SECURITY_DEVICE_SIM.html">Készülékbiztonság</target>
   </keywords>
   <keywords>
      <text FeatureID="-1">biztonság</text>
      <target FeatureID="-1" href="SET_HLP_SECURITY_DEVICE_SIM.html">Készülékbiztonság</target>
   </keywords>
   <keywords>
      <text FeatureID="__DUAL_LANGUAGE_SUPPORT=true">bevitel nyelve</text>
      <target FeatureID="__DUAL_LANGUAGE_SUPPORT=true" href="CP_HLP_WRITING_LANGUAGE.html">Bevitel nyelve</target>
   </keywords>
   <keywords>
      <text FeatureID="-1">tartozékok beállításai</text>
      <target FeatureID="-1" href="SET_HLP_ACCESSORIES_LIST.html">Tartozékok beállításai</target>
      <target FeatureID="-1" href="SET_HLP_ACCESSORIES_HEADPHONE.html">Fejhallgató beállításai</target>
      <target FeatureID="-1" href="SET_HLP_ACCESSORIES_HEADSET.html">Fülhallgató beállításai</target>
      <target FeatureID="-1" href="SET_HLP_ACCESS_WIRED_CK.html">Vezetékes autóskészlet beállítása</target>
      <target FeatureID="true_1032" href="SET_HLP_ACCESSORIES_TTY.html">Szövegtelefon-beállítások</target>
      <target FeatureID="true_1540" href="SET_HLP_ACCESSORIES_TVOUT.html">TV-kimenet beállításai</target>
   </keywords>
   <keywords>
      <text FeatureID="-1">csomagkapcsolt hozzáférési pont</text>
      <target FeatureID="-1" href="SET_HLP_AP_SETTING_GPRS.html">Csomagkapcsolt hozzáférési pont</target>
   </keywords>
   <keywords>
      <text FeatureID="-1">csomagkapcsolt adatok beállításai</text>
      <target FeatureID="-1" href="SET_HLP_AP_SETTING_GPRS_AS.html">Csomagkapcsolt adatátvitel további beállításai</target>
   </keywords>
   <keywords>
      <text FeatureID="-1">csomagkapcs. hozzáf. pont</text>
      <target FeatureID="-1" href="SET_HLP_AP_SETTING_GPRS_AS.html">Csomagkapcsolt adatátvitel további beállításai</target>
   </keywords>
   <keywords>
      <text FeatureID="true_1088 true_110">adathívás hozzáférési pontok</text>
      <target FeatureID="true_110" href="SET_HLP_AP_DATA_AS_IPV4.html">Adathívás IPv4 beállításai</target>
      <target FeatureID="true_1088" href="SET_HLP_AP_DATA_AS_IPV6.html">Adathívás IPv6 beállításai</target>
      <target FeatureID="true_110" href="SET_HLP_AP_SETTING_DATA_AS.html">Adathívások további beállításai</target>
   </keywords>
   <keywords>
      <text FeatureID="true_110">hozzáférési pont beállításai</text>
      <target FeatureID="true_110" href="SET_HLP_AP_SETTING_DATA.html">Adathívás hozzáférési pont</target>
      <target FeatureID="true_110" href="SET_HLP_AP_SETTING_DATA_AS.html">Adathívások további beállításai</target>
   </keywords>
   <keywords>
      <text FeatureID="true_110">adathívás beállítások</text>
      <target FeatureID="true_110" href="SET_HLP_AP_SETTING_DATA.html">Adathívás hozzáférési pont</target>
   </keywords>
   <keywords>
      <text FeatureID="-1">virtuális magánhálózat</text>
      <target FeatureID="-1" href="SET_HLP_VPN_AP_SETTINGS_VIEW.html">VPN-hozzáférési pontok szerkesztése</target>
   </keywords>
   <keywords>
      <text FeatureID="-1">kóddal rendelkező billentyűzár</text>
      <target FeatureID="-1" href="CP_HLP_AUTOKEYGUARD.html">Automatikus billentyűzár</target>
   </keywords>
   <keywords>
      <text FeatureID="true_1581">távoli meghajtók</text>
      <target FeatureID="true_1581" href="RD_HLP_REMOTE_DRIVE_CONFIG.html">Távoli meghajtó beállításai</target>
      <target FeatureID="true_1581" href="RD_HLP_REMOTE_DRIVES.html">Távoli meghajtók</target>
   </keywords>
   <keywords>
      <text FeatureID="-1">híváskorlátozás</text>
      <target FeatureID="-1" href="SET_HLP_BARRING_SETTINGS.html">Telefonhívások korlátozása</target>
      <target FeatureID="true_298" href="DIV_HLP_BARRING_MAIN.html">Hívások korlátozása</target>
   </keywords>
   <keywords>
      <text FeatureID="-1">hívások korlátozása</text>
      <target FeatureID="-1" href="SET_HLP_BARRING_SETTINGS.html">Telefonhívások korlátozása</target>
      <target FeatureID="true_298" href="DIV_HLP_BARRING_MAIN.html">Hívások korlátozása</target>
   </keywords>
   <keywords>
      <text FeatureID="-1">hívások átirányítása</text>
      <target FeatureID="true_89" href="DIV_HLP_CALL_FORW_VID.html">Videohívások átirányítása</target>
      <target FeatureID="-1" href="DIV_HLP_CALL_FORW_MAIN.html">Hívásátirányítás</target>
      <target FeatureID="-1" href="DIV_HLP_CALL_FORW_VOI.html">Hanghívások átirányítása</target>
   </keywords>
   <keywords>
      <text FeatureID="-1">hívások továbbítása</text>
      <target FeatureID="-1" href="DIV_HLP_CALL_FORW_MAIN.html">Hívásátirányítás</target>
   </keywords>
   <keywords>
      <text FeatureID="-1">szinkronizálási beállítások</text>
      <target FeatureID="-1" href="CP_HLP_SYNCHRONISATION.html">Szinkronizálási beállítások</target>
   </keywords>
   <keywords>
      <text FeatureID="-1">alkalmazások telepítése</text>
      <target FeatureID="-1" href="CP_HLP_INSTALLATIONS.html">Telepítések</target>
   </keywords>
   <keywords>
      <text FeatureID="-1">fejhallgató beállításai</text>
      <target FeatureID="-1" href="SET_HLP_ACCESSORIES_HEADPHONE.html">Fejhallgató beállításai</target>
   </keywords>
   <keywords>
      <text FeatureID="-1">fülhallgató beállításai</text>
      <target FeatureID="-1" href="SET_HLP_ACCESSORIES_HEADSET.html">Fülhallgató beállításai</target>
   </keywords>
   <keywords>
      <text FeatureID="-1">vezetékes autóskészlet beállítása</text>
      <target FeatureID="-1" href="SET_HLP_ACCESS_WIRED_CK.html">Vezetékes autóskészlet beállítása</target>
   </keywords>
   <keywords>
      <text FeatureID="-1">autóskészlet beállítása</text>
      <target FeatureID="-1" href="SET_HLP_ACCESS_WIRED_CK.html">Vezetékes autóskészlet beállítása</target>
   </keywords>
   <keywords>
      <text FeatureID="-1">zeneállvány beállításai</text>
      <target FeatureID="-1" href="SET_HLP_ACCESSORIES_MUSIC_ST.html">Zeneállvány beállításai</target>
   </keywords>
   <keywords>
      <text FeatureID="true_1032">TTY-beállítások</text>
      <target FeatureID="true_1032" href="SET_HLP_ACCESSORIES_TTY.html">Szövegtelefon-beállítások</target>
   </keywords>
   <keywords>
      <text FeatureID="true_1032">TDD-beállítások</text>
      <target FeatureID="true_1032" href="SET_HLP_ACCESSORIES_TTY.html">Szövegtelefon-beállítások</target>
   </keywords>
   <keywords>
      <text FeatureID="true_1540">TV-kimenet beállításai</text>
      <target FeatureID="true_1540" href="SET_HLP_ACCESSORIES_TVOUT.html">TV-kimenet beállításai</target>
   </keywords>
   <keywords>
      <text FeatureID="true_410">szövegbevitel</text>
      <target FeatureID="true_410" href="PREDINPUT_HLP_VIRTUAL_ITI_SETTINGS.html">Szövegbeviteli beállítások</target>
   </keywords>
   <keywords>
      <text FeatureID="-1">intelligens szövegbevitel</text>
      <target FeatureID="-1" href="PREDINPUT_HLP_VIRTUAL_ITI.html">Intelligens szövegbevitel</target>
   </keywords>
   <keywords>
      <text FeatureID="-1">beállítások, visszaállítás</text>
      <target FeatureID="-1" href="SET_HLP_GENERAL_ORIG_SET.html">Eredeti beállítások visszaállítása</target>
   </keywords>
   <keywords>
      <text FeatureID="-1">beállítások visszaállítása</text>
      <target FeatureID="-1" href="SET_HLP_GENERAL_ORIG_SET.html">Eredeti beállítások visszaállítása</target>
   </keywords>
   <keywords>
      <text FeatureID="-1">gyári beállítások, visszaállítás</text>
      <target FeatureID="-1" href="SET_HLP_GENERAL_ORIG_SET.html">Eredeti beállítások visszaállítása</target>
   </keywords>
</keywords>