<?xml version="1.0" encoding="UTF-8"?><?xml-stylesheet  href="../../theme/xsl/index2html.xslt" type="text/xsl"?>
<topics FeatureID="-1" title="Agenda" compressed="true">
   <topicref FeatureID="-1" href="CALE_HLP_NOTE_ANNIVERSARY.html" navtitle="Feestdagen"/>
   <topicref FeatureID="-1" href="CALE_HLP_NOTE_VIEWER.html" navtitle="Agenda-items"/>
   <topicref FeatureID="-1" href="CALE_HLP_SETTINGS.html" navtitle="Agenda-instellingen"/>
   <topicref FeatureID="-1" href="CALE_HLP_DAY_VIEW.html" navtitle="Dagweergave"/>
   <topicref FeatureID="-1" href="CALE_HLP_NOTE_MEETING.html" navtitle="Vergaderitems"/>
   <topicref FeatureID="-1" href="CALE_HLP_NOTE_DAY.html" navtitle="Memo's"/>
   <topicref FeatureID="-1" href="CALE_HLP_MONTH_VIEW.html" navtitle="Maandweergave"/>
   <topicref FeatureID="-1" href="CALE_HLP_TODO_NOTE.html" navtitle="Taakitems"/>
   <topicref FeatureID="-1" href="CALE_HLP_TODO_VIEW.html" navtitle="Taakweergave"/>
   <topicref FeatureID="-1" href="CALE_HLP_WEEK_VIEW.html" navtitle="Weekweergave"/>
</topics>