<?xml version="1.0" encoding="UTF-8"?>
<keywords>
   <keywords>
      <text FeatureID="-1">agenda</text>
      <target FeatureID="-1" href="CALE_HLP_NOTE_VIEWER.html">Agenda-items</target>
      <target FeatureID="-1" href="CALE_HLP_DAY_VIEW.html">Dagweergave</target>
      <target FeatureID="-1" href="CALE_HLP_NOTE_MEETING.html">Vergaderitems</target>
      <target FeatureID="-1" href="CALE_HLP_MONTH_VIEW.html">Maandweergave</target>
      <target FeatureID="-1" href="CALE_HLP_TODO_NOTE.html">Taakitems</target>
      <target FeatureID="-1" href="CALE_HLP_TODO_VIEW.html">Taakweergave</target>
      <target FeatureID="-1" href="CALE_HLP_WEEK_VIEW.html">Weekweergave</target>
      <target FeatureID="-1" href="CALE_HLP_CALENDAR_DATABASE_SETTINGS.html">Meerdere agenda-instellingen</target>
      <target FeatureID="-1" href="CALE_HLP_CALE_MAN_VIEW.html">Weergave voor agendabeheer</target>
      <target FeatureID="-1" href="CALE_HLP_ATTACH_VIEW.html">Weergave Bijlage</target>
      <target FeatureID="-1" href="CALE_HLP_MAV.html">Weergave met gemiste alarmen</target>
   </keywords>
   <keywords>
      <text FeatureID="-1">vergaderingen</text>
      <target FeatureID="-1" href="CALE_HLP_NOTE_VIEWER.html">Agenda-items</target>
      <target FeatureID="-1" href="CALE_HLP_NOTE_MEETING.html">Vergaderitems</target>
   </keywords>
   <keywords>
      <text FeatureID="-1">taaknotities</text>
      <target FeatureID="-1" href="CALE_HLP_NOTE_VIEWER.html">Agenda-items</target>
      <target FeatureID="-1" href="CALE_HLP_TODO_NOTE.html">Taakitems</target>
   </keywords>
   <keywords>
      <text FeatureID="-1">agenda-instellingen</text>
      <target FeatureID="-1" href="CALE_HLP_SETTINGS.html">Agenda-instellingen</target>
   </keywords>
   <keywords>
      <text FeatureID="-1">takenlijst</text>
      <target FeatureID="-1" href="CALE_HLP_TODO_VIEW.html">Taakweergave</target>
   </keywords>
   <keywords>
      <text FeatureID="-1">instellingen, agenda</text>
      <target FeatureID="-1" href="CALE_HLP_CALENDAR_DATABASE_SETTINGS.html">Meerdere agenda-instellingen</target>
   </keywords>
   <keywords>
      <text FeatureID="-1">bijlagen</text>
      <target FeatureID="-1" href="CALE_HLP_ATTACH_VIEW.html">Weergave Bijlage</target>
   </keywords>
   <keywords>
      <text FeatureID="-1">alarmen, agendanotitie</text>
      <target FeatureID="-1" href="CALE_HLP_MAV.html">Weergave met gemiste alarmen</target>
   </keywords>
</keywords>