<?xml version="1.0" encoding="UTF-8"?>
<keywords>
   <keywords>
      <text FeatureID="-1">agenda</text>
      <target FeatureID="-1" href="CALE_HLP_NOTE_ANNIVERSARY.html">Feestdagen</target>
      <target FeatureID="-1" href="CALE_HLP_NOTE_VIEWER.html">Agenda-items</target>
      <target FeatureID="-1" href="CALE_HLP_DAY_VIEW.html">Dagweergave</target>
      <target FeatureID="-1" href="CALE_HLP_NOTE_MEETING.html">Vergaderitems</target>
      <target FeatureID="-1" href="CALE_HLP_NOTE_DAY.html">Memo's</target>
      <target FeatureID="-1" href="CALE_HLP_MONTH_VIEW.html">Maandweergave</target>
      <target FeatureID="-1" href="CALE_HLP_TODO_NOTE.html">Taakitems</target>
      <target FeatureID="-1" href="CALE_HLP_TODO_VIEW.html">Taakweergave</target>
      <target FeatureID="-1" href="CALE_HLP_WEEK_VIEW.html">Weekweergave</target>
   </keywords>
   <keywords>
      <text FeatureID="-1">verjaardagnotities</text>
      <target FeatureID="-1" href="CALE_HLP_NOTE_ANNIVERSARY.html">Feestdagen</target>
      <target FeatureID="-1" href="CALE_HLP_NOTE_VIEWER.html">Agenda-items</target>
   </keywords>
   <keywords>
      <text FeatureID="-1">vergaderingen</text>
      <target FeatureID="-1" href="CALE_HLP_NOTE_VIEWER.html">Agenda-items</target>
      <target FeatureID="-1" href="CALE_HLP_NOTE_MEETING.html">Vergaderitems</target>
   </keywords>
   <keywords>
      <text FeatureID="-1">memonotities</text>
      <target FeatureID="-1" href="CALE_HLP_NOTE_VIEWER.html">Agenda-items</target>
      <target FeatureID="-1" href="CALE_HLP_NOTE_DAY.html">Memo's</target>
   </keywords>
   <keywords>
      <text FeatureID="-1">taaknotities</text>
      <target FeatureID="-1" href="CALE_HLP_NOTE_VIEWER.html">Agenda-items</target>
      <target FeatureID="-1" href="CALE_HLP_TODO_NOTE.html">Taakitems</target>
   </keywords>
   <keywords>
      <text FeatureID="-1">agenda-instellingen</text>
      <target FeatureID="-1" href="CALE_HLP_SETTINGS.html">Agenda-instellingen</target>
   </keywords>
   <keywords>
      <text FeatureID="-1">takenlijst</text>
      <target FeatureID="-1" href="CALE_HLP_TODO_VIEW.html">Taakweergave</target>
   </keywords>
</keywords>