<?xml version="1.0" encoding="UTF-8"?>
<keywords>
   <keywords>
      <text FeatureID="-1">autorizācijas sertifikāti</text>
      <target FeatureID="-1" href="CM_HLP_AUTHORITY.html">Autorizācijas sertifikāti</target>
   </keywords>
   <keywords>
      <text FeatureID="-1">sertifikāti</text>
      <target FeatureID="-1" href="CM_HLP_AUTHORITY.html">Autorizācijas sertifikāti</target>
      <target FeatureID="-1" href="CM_HLP_DEVICE.html">Ierīces sertifikāti</target>
      <target FeatureID="-1" href="CM_HLP_MAIN.html">Sertifikātu pārvaldība</target>
      <target FeatureID="-1" href="CM_HLP_PERSONAL.html">Personiskie sertifikāti</target>
      <target FeatureID="-1" href="CM_HLP_TRUSTED_SITE.html">Uzticamo vietņu sertifikāti</target>
      <target FeatureID="-1" href="CM_HLP_TRUST_SETTINGS.html">Uzticamības uzstādījumu rediģēšana</target>
   </keywords>
   <keywords>
      <text FeatureID="-1">drošības sertifikāti</text>
      <target FeatureID="-1" href="CM_HLP_AUTHORITY.html">Autorizācijas sertifikāti</target>
      <target FeatureID="-1" href="CM_HLP_MAIN.html">Sertifikātu pārvaldība</target>
   </keywords>
   <keywords>
      <text FeatureID="-1">ierīces sertifikāti</text>
      <target FeatureID="-1" href="CM_HLP_DEVICE.html">Ierīces sertifikāti</target>
   </keywords>
   <keywords>
      <text FeatureID="-1">personiskie sertifikāti</text>
      <target FeatureID="-1" href="CM_HLP_PERSONAL.html">Personiskie sertifikāti</target>
   </keywords>
   <keywords>
      <text FeatureID="-1">uzticamo vietņu sertifikāti</text>
      <target FeatureID="-1" href="CM_HLP_TRUSTED_SITE.html">Uzticamo vietņu sertifikāti</target>
   </keywords>
   <keywords>
      <text FeatureID="-1">uzticamības uzstādījumi</text>
      <target FeatureID="-1" href="CM_HLP_TRUST_SETTINGS.html">Uzticamības uzstādījumu rediģēšana</target>
   </keywords>
</keywords>