<?xml version="1.0" encoding="UTF-8"?>
<keywords>
   <keywords>
      <text FeatureID="-1">pulkstenis, modinātāja signāli</text>
      <target FeatureID="-1" href="CLK_HLP_ALARM_EDITOR.html">Modinātāja redaktors</target>
      <target FeatureID="-1" href="CLK_HLP_REAL_TIME_CLOCK_IN.html">Pulksteņa galvenais skats</target>
   </keywords>
   <keywords>
      <text FeatureID="-1">modinātājs</text>
      <target FeatureID="-1" href="CLK_HLP_ALARM_EDITOR.html">Modinātāja redaktors</target>
      <target FeatureID="-1" href="CLK_HLP_REAL_TIME_CLOCK_IN.html">Pulksteņa galvenais skats</target>
   </keywords>
   <keywords>
      <text FeatureID="-1">pulkstenis</text>
      <target FeatureID="-1" href="CLK_HLP_CNTDWN.html">Atpakaļskaitīšanas taimeris</target>
      <target FeatureID="-1" href="CLK_HLP_WRLD_CLK.html">Pasaules pulkstenis</target>
   </keywords>
   <keywords>
      <text FeatureID="-1">taimeri</text>
      <target FeatureID="-1" href="CLK_HLP_CNTDWN.html">Atpakaļskaitīšanas taimeris</target>
   </keywords>
   <keywords>
      <text FeatureID="-1">datuma un laika uzstādījumi</text>
      <target FeatureID="-1" href="CLK_HLP_SETTINGS.html">Datuma un laika uzstādījumi</target>
   </keywords>
   <keywords>
      <text FeatureID="-1">pulksteņa uzstādījumi</text>
      <target FeatureID="-1" href="CLK_HLP_SETTINGS.html">Datuma un laika uzstādījumi</target>
   </keywords>
   <keywords>
      <text FeatureID="-1">pulkstenis, laika joslas</text>
      <target FeatureID="-1" href="CLK_HLP_REAL_TIME_CLOCK_AN.html">Vietējais laiks</target>
   </keywords>
   <keywords>
      <text FeatureID="-1">vietējais laiks un laika josla</text>
      <target FeatureID="-1" href="CLK_HLP_REAL_TIME_CLOCK_AN.html">Vietējais laiks</target>
   </keywords>
   <keywords>
      <text FeatureID="-1">hronometrs</text>
      <target FeatureID="-1" href="CCLK_HLP_STPWTCH.html">Hronometrs</target>
   </keywords>
   <keywords>
      <text FeatureID="-1">pilsētu pulksteņi</text>
      <target FeatureID="-1" href="CLK_HLP_WRLD_CLK.html">Pasaules pulkstenis</target>
   </keywords>
   <keywords>
      <text FeatureID="-1">pasaules pulkstenis</text>
      <target FeatureID="-1" href="CLK_HLP_WRLD_CLK.html">Pasaules pulkstenis</target>
   </keywords>
</keywords>