<?xml version="1.0" encoding="UTF-8"?>
<keywords>
   <keywords>
      <text FeatureID="-1">öryggiseining</text>
      <target FeatureID="-1" href="SECMOD_HLP_ACCESSCODE_VIEW.html">PIN-númer öryggiseiningar</target>
      <target FeatureID="-1" href="SECMOD_HLP_MAIN_VIEW.html">Öryggiseining</target>
      <target FeatureID="-1" href="SEMOD_HLP_SIGNINGCODE_VIEW.html">Undirskrift breytt</target>
   </keywords>
   <keywords>
      <text FeatureID="-1">PIN-númer</text>
      <target FeatureID="-1" href="SECMOD_HLP_ACCESSCODE_VIEW.html">PIN-númer öryggiseiningar</target>
   </keywords>
   <keywords>
      <text FeatureID="-1">öryggiseiningakóðar</text>
      <target FeatureID="-1" href="SECMOD_HLP_CODE_VIEW.html">Kóðar öryggiseininga</target>
   </keywords>
   <keywords>
      <text FeatureID="-1">PIN-númer fyrir öryggiseiningu</text>
      <target FeatureID="-1" href="SECMOD_HLP_CODE_VIEW.html">Kóðar öryggiseininga</target>
   </keywords>
   <keywords>
      <text FeatureID="-1">lyklageymsla</text>
      <target FeatureID="-1" href="SECMOD_HLP_MAIN_VIEW.html">Öryggiseining</target>
   </keywords>
   <keywords>
      <text FeatureID="-1">undirskrift</text>
      <target FeatureID="-1" href="SEMOD_HLP_SIGNINGCODE_VIEW.html">Undirskrift breytt</target>
   </keywords>
   <keywords>
      <text FeatureID="-1">rafrænar undirskriftir</text>
      <target FeatureID="-1" href="SEMOD_HLP_SIGNINGCODE_VIEW.html">Undirskrift breytt</target>
   </keywords>
</keywords>