<?xml version="1.0" encoding="UTF-8"?>
<keywords>
   <keywords>
      <text FeatureID="-1">ويڈيو تقسيم</text>
      <target FeatureID="true_208" href="MSH_HLP_LIVE.html">لائیو ویڈیو شیئر کریں</target>
      <target FeatureID="-1" href="MSH_HLP_CLIP.html">شیئر ویڈیو کلپس</target>
      <target FeatureID="-1" href="MSH_HLP_SETTINGS.html">ترتيبات ویڈیو شراکت</target>
      <target FeatureID="-1" href="MSH_HLP_RECEIVE.html">شیئر کردہ ویڈیو دیکھيں</target>
   </keywords>
</keywords>