<?xml version="1.0" encoding="UTF-8"?>
<keywords>
   <keywords>
      <text FeatureID="-1">failu pārvaldnieks</text>
      <target FeatureID="-1" href="FMGR_HLP_MEM_STORE_VIEW.html">Failu pārvaldīšana</target>
      <target FeatureID="-1" href="FMGR_HLP_MAIN_VIEW.html">Failu pārvaldnieks</target>
      <target FeatureID="-1" href="FMGR_HLP_BACKUP_VIEW.html">Failu dublējumkopija</target>
   </keywords>
   <keywords>
      <text FeatureID="-1">atmiņas karte</text>
      <target FeatureID="-1" href="FMGR_HLP_MEM_STORE_VIEW.html">Failu pārvaldīšana</target>
      <target FeatureID="-1" href="FMGR_HLP_MAIN_VIEW.html">Failu pārvaldnieks</target>
      <target FeatureID="-1" href="FMGR_HLP_BACKUP_VIEW.html">Failu dublējumkopija</target>
   </keywords>
   <keywords>
      <text FeatureID="-1">Failu pārvaldnieks</text>
      <target FeatureID="-1" href="FMGR_HLP_SEARCH_RESULTS.html">Failu meklēšana</target>
   </keywords>
   <keywords>
      <text FeatureID="-1">failu meklēšana</text>
      <target FeatureID="-1" href="FMGR_HLP_SEARCH_RESULTS.html">Failu meklēšana</target>
   </keywords>
   <keywords>
      <text FeatureID="-1">mapju meklēšana</text>
      <target FeatureID="-1" href="FMGR_HLP_SEARCH_RESULTS.html">Failu meklēšana</target>
   </keywords>
   <keywords>
      <text FeatureID="-1">dublējumkopija</text>
      <target FeatureID="-1" href="FMGR_HLP_BACKUP_VIEW.html">Failu dublējumkopija</target>
   </keywords>
</keywords>