<?xml version="1.0" encoding="UTF-8"?>
<keywords>
   <keywords>
      <text FeatureID="-1">VPN (virtuální soukromá síť)</text>
      <target FeatureID="-1" href="SET_HLP_VPN_LOG_VIEW.html">Protokol VPN</target>
      <target FeatureID="-1" href="SET_HLP_VPN_CONFIG_MAIN.html">Správa VPN</target>
      <target FeatureID="-1" href="SET_HLP_VPN_POLICY_VIEW.html">Pravidla VPN</target>
      <target FeatureID="-1" href="SET_HLP_VPN_POLICY_SERVERS.html">Servery pravidel VPN</target>
      <target FeatureID="-1" href="SET_HLP_VPN_POLICY_SERVER_SET.html">Nastavení serveru VPN</target>
   </keywords>
</keywords>