<?xml version="1.0" encoding="UTF-8"?>
<keywords>
   <keywords>
      <text FeatureID="-1">datu pārsūtīšana</text>
      <target FeatureID="-1" href="SWITCH_HLP_EDIT_SHORTCUT.html">Īsceļa iestatījumi</target>
      <target FeatureID="-1" href="SWITCH_HLP_EDIT_SHORTCUT.html">Īsceļa iestatījumi</target>
      <target FeatureID="-1" href="SWITCH_HLP_MAIN.html">Datu pārsūtīšana</target>
      <target FeatureID="-1" href="SWITCH_HLP_MAIN.html">Datu pārsūtīšana</target>
      <target FeatureID="-1" href="SWITCH_HLP_LOG.html">Pārsūtīšanas žurnāls</target>
   </keywords>
   <keywords>
      <text FeatureID="-1">īsceļi</text>
      <target FeatureID="-1" href="SWITCH_HLP_EDIT_SHORTCUT.html">Īsceļa iestatījumi</target>
   </keywords>
   <keywords>
      <text FeatureID="-1">datu pārsūtīšana, konflikti</text>
      <target FeatureID="-1" href="SWITCH_HLP_CONFLICT.html">Pārsūtīšanas konflikti</target>
   </keywords>
   <keywords>
      <text FeatureID="-1">satura kopēšana</text>
      <target FeatureID="-1" href="SWITCH_HLP_MAIN.html">Datu pārsūtīšana</target>
   </keywords>
   <keywords>
      <text FeatureID="-1">pārsūtīšanas žurnāls</text>
      <target FeatureID="-1" href="SWITCH_HLP_LOG.html">Pārsūtīšanas žurnāls</target>
   </keywords>
</keywords>