<?xml version="1.0" encoding="UTF-8"?>
<keywords>
   <keywords>
      <text FeatureID="-1">การซิงโครไนซ์</text>
      <target FeatureID="-1" href="OTASYNCBU_HLP_MAIN.html">การซิงค์ Ovi</target>
   </keywords>
   <keywords>
      <text FeatureID="-1">การซิงค์ Ovi</text>
      <target FeatureID="-1" href="OTASYNCBU_HLP_MAIN.html">การซิงค์ Ovi</target>
      <target FeatureID="-1" href="OTASYNCBU_HLP_SETTINGS.html">การตั้งค่าการซิงค์ Ovi</target>
   </keywords>
</keywords>