<?xml version="1.0" encoding="UTF-8"?><?xml-stylesheet  href="../../theme/xsl/index2html.xslt" type="text/xsl"?>
<topics FeatureID="-1" title="電話簿" compressed="true">
   <topicref FeatureID="-1" href="HLP_CCA_DETAILS.html" navtitle="連絡人詳細資訊"/>
   <topicref FeatureID="-1" href="HLP_CCA_LAUNCHER.html" navtitle="名片"/>
   <topicref FeatureID="-1" href="PHOB_HLP_GROUP_LIST.html" navtitle="通訊分組"/>
   <topicref FeatureID="-1" href="PHOB_HLP_SIM_LIST.html" navtitle="SIM 卡通訊錄目錄"/>
   <topicref FeatureID="-1" href="PHOB_HLP_MY_NUMBERS.html" navtitle="我的號碼"/>
   <topicref FeatureID="-1" href="PHOB_HLP_GROUP_MEMBER_LIST.html" navtitle="通訊分組成員"/>
   <topicref FeatureID="-1" href="PHOB_HLP_SETTINGS.html" navtitle="通訊錄設定"/>
   <topicref FeatureID="-1" href="PHOB_HLP_NAME_LIST.html" navtitle="連絡人清單"/>
   <topicref FeatureID="-1" href="HLP_CCA_MY_CARD.html" navtitle="我的名片"/>
   <topicref FeatureID="-1" href="RLOOK_HLP_INFO_VIEW.html" navtitle="管理找到的連絡人"/>
   <topicref FeatureID="-1" href="HLP_CCA_EDITOR.html" navtitle="編輯名片"/>
   <topicref FeatureID="-1" href="PHOB_HLP_CONTACT_INFO_VIEW.html" navtitle="名片"/>
   <topicref FeatureID="-1" href="PHOB_HLP_EDIT_ENTRY.html" navtitle="編輯名片"/>
   <topicref FeatureID="-1" href="FDN_HLP_FDN_NUMBER_VIEW.html" navtitle="固定撥號連絡人"/>
   <topicref FeatureID="-1" href="FDN_HLP_FDN_VIEW.html" navtitle="限制通話"/>
   <topicref FeatureID="-1" href="SDN_HLP_APP.html" navtitle="服務號碼"/>
   <topicref FeatureID="-1" href="PHOB_HLP_SIM_INFO_VIEW.html" navtitle="SIM 卡名片"/>
</topics>