<?xml version="1.0" encoding="UTF-8"?>
<keywords>
   <keywords>
      <text FeatureID="-1">Електронна поща Mail for Exchange</text>
      <target FeatureID="-1" href="FSE_HLP_MFE_LAUNCHER_MAIN_VIEW.html">Електронна поща Mail for Exchange</target>
   </keywords>
   <keywords>
      <text FeatureID="-1">разширени настройки за пощенска кутия</text>
      <target FeatureID="-1" href="FSE_HLP_MFE_SETTINGS_ADVANCED.html">Разширени настройки за пощенска кутия</target>
   </keywords>
   <keywords>
      <text FeatureID="-1">настройки за синхронизация на електронна поща</text>
      <target FeatureID="-1" href="FSE_HLP_MFE_SETTINGS_PIM_APPS.html">Настройки за синхронизация на приложението</target>
   </keywords>
   <keywords>
      <text FeatureID="-1">синхронизация на календара</text>
      <target FeatureID="-1" href="FSE_HLP_MFE_CALENDAR_APP.html">Настройки за синхронизация на Календар</target>
   </keywords>
   <keywords>
      <text FeatureID="-1">синхронизация на контакти,</text>
      <target FeatureID="-1" href="FSE_HLP_MFE_CONTACTS_APP.html">Настройки за синхронизиране на контакти</target>
   </keywords>
   <keywords>
      <text FeatureID="-1">настройки за пощенска кутия</text>
      <target FeatureID="-1" href="FSE_HLP_MFE_SETTINGS_MAILBOX.html">Общи настройки на пощенска кутия</target>
   </keywords>
   <keywords>
      <text FeatureID="-1">съдържание за синхронизация на електронна поща</text>
      <target FeatureID="-1" href="FSE_HLP_MFE_SETTINGS_WHAT_SYNC.html">Избор на съдържание за синхронизиране</target>
   </keywords>
   <keywords>
      <text FeatureID="-1">време за синхронизация на електронна поща</text>
      <target FeatureID="-1" href="FSE_HLP_MFE_SETTINGS_WHEN_SYNC.html">Избор на час за синхронизиране</target>
   </keywords>
   <keywords>
      <text FeatureID="-1">синхронизация на папки за електронна поща</text>
      <target FeatureID="-1" href="FSE_HLP_MFE_SETTINGS_FOLDER.html">Настройки за синхронизация</target>
   </keywords>
   <keywords>
      <text FeatureID="-1">ел. поща, настройки</text>
      <target FeatureID="-1" href="FSE_HLP_MFE_SETTINGS_MAIN_VIEW.html">Настройки за електронна поща</target>
   </keywords>
   <keywords>
      <text FeatureID="-1">синхронизация на записите за задача</text>
      <target FeatureID="-1" href="FSE_HLP_MFE_TASKS_APP.html">Настройки за синхронизация на задачите</target>
   </keywords>
</keywords>