<?xml version="1.0" encoding="UTF-8"?>
<keywords>
   <keywords>
      <text FeatureID="true_1116">ajanda kayıtları gönderme</text>
      <target FeatureID="true_1116" href="SMART_HLP_CALENDAREDITOR.html">Ajanda kayıtları gönderme</target>
   </keywords>
   <keywords>
      <text FeatureID="true_1114">ajanda kayıtları alma</text>
      <target FeatureID="true_1114" href="SMART_HLP_CALENDARVIEWER.html">Alınan ajanda kayıtları</target>
   </keywords>
   <keywords>
      <text FeatureID="true_1114">ajanda kayıtları</text>
      <target FeatureID="true_1114" href="SMART_HLP_CALPULLMESVIEWER.html">Ajanda kaydı indirme</target>
   </keywords>
   <keywords>
      <text FeatureID="true_1117 true_1115">kartvizitler</text>
      <target FeatureID="true_1117" href="SMART_HLP_BUSINESSEDITOR.html">Kartvizit gönderme</target>
      <target FeatureID="true_1115" href="SMART_HLP_BUSINESSVIEWER.html">Alınan elektronik kartvizitler</target>
      <target FeatureID="true_1115" href="SMART_HLP_BUSPULLMESVIEWER.html">Kartvizit indirme</target>
   </keywords>
   <keywords>
      <text FeatureID="true_1111">zil sesleri</text>
      <target FeatureID="true_1111" href="SMART_HLP_RINGVIEWER.html">Alınan zil sesleri</target>
   </keywords>
   <keywords>
      <text FeatureID="true_1110">operatör logoları</text>
      <target FeatureID="true_1110" href="SMART_HLP_OPLOGOVIEWER.html">Alınan operatör logoları</target>
   </keywords>
   <keywords>
      <text FeatureID="true_1106">yer imleri</text>
      <target FeatureID="true_1106" href="SMART_HLP_ONEBOOKVIEWER.html">Alınan yer imi</target>
   </keywords>
   <keywords>
      <text FeatureID="true_1112">resimli mesaj alma</text>
      <target FeatureID="true_1112" href="SMART_HLP_GMSVIEWER.html">Resim mesajlarını görüntüleme</target>
   </keywords>
   <keywords>
      <text FeatureID="true_1112">resimli mesajlar</text>
      <target FeatureID="true_1112" href="SMART_HLP_GMSVIEWER.html">Resim mesajlarını görüntüleme</target>
   </keywords>
   <keywords>
      <text FeatureID="true_1537">uzak sürücü yapılandırması</text>
      <target FeatureID="true_1537" href="SMART_HLP_REMOTEDRIVES_VIEWER.html">Uzak sürücü yapılandırmalarını alma</target>
      <target FeatureID="true_1537" href="SMART_HLP_REMOTEDRIVES_EDITOR.html">Uzak sürücü yapılandırmalarını gönderme</target>
   </keywords>
</keywords>