<?xml version="1.0" encoding="UTF-8"?>
<keywords>
   <keywords>
      <text FeatureID="-1">записування, звуки</text>
      <target FeatureID="-1" href="VOREC_HLP_EMPTY_RECORDER.html">Запис аудіокліпів</target>
   </keywords>
   <keywords>
      <text FeatureID="-1">диктофон</text>
      <target FeatureID="-1" href="VOREC_HLP_MAIN.html">Використання диктофона</target>
   </keywords>
   <keywords>
      <text FeatureID="-1">запис аудіокліпів</text>
      <target FeatureID="-1" href="VOREC_HLP_MAIN.html">Використання диктофона</target>
   </keywords>
   <keywords>
      <text FeatureID="-1">установки диктофона</text>
      <target FeatureID="-1" href="VOREC_HLP_SETTINGS.html">Установки диктофона</target>
   </keywords>
</keywords>