<?xml version="1.0" encoding="UTF-8"?>
<keywords>
   <keywords>
      <text FeatureID="-1">gestão do dispositivo</text>
      <target FeatureID="-1" href="CP_HLP_DEVICE_MANAGEMENT.html">Gestão do dispositivo</target>
   </keywords>
   <keywords>
      <text FeatureID="true_109">EAP (Extensible Authentication Protocol)</text>
      <target FeatureID="true_109" href="SET_HLP_WLAN_EAP_SIM.html">Definições de EAP-SIM</target>
   </keywords>
   <keywords>
      <text FeatureID="true_109">definições, WLAN</text>
      <target FeatureID="true_109" href="SET_HLP_WLAN_EAP_SIM.html">Definições de EAP-SIM</target>
   </keywords>
   <keywords>
      <text FeatureID="-1">restringir pontos de acesso</text>
      <target FeatureID="-1" href="ACL_HLP_MAIN.html">Restringir ligações</target>
   </keywords>
   <keywords>
      <text FeatureID="-1">definições de ligação</text>
      <target FeatureID="-1" href="SET_HLP_CONN_DEST_VIEW.html">Visualização dos destinos</target>
      <target FeatureID="-1" href="SET_HLP_DEFAULT_CONN.html">Ligação predefinida</target>
      <target FeatureID="-1" href="SET_HLP_CONN_METHODS_VIEW.html">Visualização dos pontos de acesso</target>
      <target FeatureID="true_1537" href="RD_HLP_REMOTE_DRIVE_CONFIG.html">Definições da unidade remota</target>
      <target FeatureID="true_1537" href="RD_HLP_REMOTE_DRIVES.html">Unidades remotas</target>
   </keywords>
   <keywords>
      <text FeatureID="-1">definições do destino</text>
      <target FeatureID="-1" href="SET_HLP_CONN_DEST_VIEW.html">Visualização dos destinos</target>
   </keywords>
   <keywords>
      <text FeatureID="-1">ligação predefinida</text>
      <target FeatureID="-1" href="SET_HLP_DEFAULT_CONN.html">Ligação predefinida</target>
   </keywords>
   <keywords>
      <text FeatureID="-1">Pontos de acesso VPN</text>
      <target FeatureID="true_99" href="SET_HLP_VPN_DEST_ASSOC_VIEW.html">Ligações VPN</target>
      <target FeatureID="-1" href="SET_HLP_VPN_AP_SETTINGS_VIEW.html">Editar pontos de acesso VPN</target>
   </keywords>
   <keywords>
      <text FeatureID="-1">pontos de acesso</text>
      <target FeatureID="-1" href="SET_HLP_CONN_METHODS_VIEW.html">Visualização dos pontos de acesso</target>
   </keywords>
   <keywords>
      <text FeatureID="-1">ligações de aplicações</text>
      <target FeatureID="-1" href="SET_HLP_APP_DEST_ASSOC_VIEW.html">Ligações de aplicações</target>
   </keywords>
   <keywords>
      <text FeatureID="-1">definições de aplicações</text>
      <target FeatureID="-1" href="CP_HLP_APPILICATION_SETTINGS.html">Definições de aplicações</target>
   </keywords>
   <keywords>
      <text FeatureID="-1">chamadas, definições</text>
      <target FeatureID="-1" href="SCP_HLP_CALL.html">Definições de chamadas</target>
   </keywords>
   <keywords>
      <text FeatureID="-1">definições, chamadas</text>
      <target FeatureID="-1" href="SCP_HLP_CALL.html">Definições de chamadas</target>
   </keywords>
   <keywords>
      <text FeatureID="-1">conectividade</text>
      <target FeatureID="-1" href="CP_HLP_CONNECTIVITY.html">Definições de conectividade</target>
   </keywords>
   <keywords>
      <text FeatureID="-1">painel de controlo</text>
      <target FeatureID="-1" href="CP_HLP_DISPLAY.html">Definições do visor</target>
      <target FeatureID="-1" href="CP_HLP_IDLE.html">Ecrã principal</target>
      <target FeatureID="__DUAL_LANGUAGE_SUPPORT=true" href="CP_HLP_WRITING_LANGUAGE.html">Idioma de escrita</target>
   </keywords>
   <keywords>
      <text FeatureID="-1">definições do visor</text>
      <target FeatureID="-1" href="CP_HLP_DISPLAY.html">Definições do visor</target>
   </keywords>
   <keywords>
      <text FeatureID="-1">definições gerais</text>
      <target FeatureID="-1" href="CP_HLP_DEVICE.html">Definições do dispositivo</target>
   </keywords>
   <keywords>
      <text FeatureID="-1">definições de serviço</text>
      <target FeatureID="-1" href="CP_HLP_DEVICE.html">Definições do dispositivo</target>
   </keywords>
   <keywords>
      <text FeatureID="-1">definições de idioma</text>
      <target FeatureID="-1" href="CP_HLP_LANGUAGE.html">Definições de idioma</target>
   </keywords>
   <keywords>
      <text FeatureID="-1">definições</text>
      <target FeatureID="-1" href="CP_HLP_MAIN_VIEW.html">Definições</target>
   </keywords>
   <keywords>
      <text FeatureID="-1">definições de rede</text>
      <target FeatureID="-1" href="CP_HLP_NETWORK.html">Definições de rede</target>
      <target FeatureID="-1" href="CP_HLP_NETWORK.html">Definições de rede</target>
   </keywords>
   <keywords>
      <text FeatureID="-1">perfil</text>
      <target FeatureID="-1" href="CP_HLP_PERSONAL.html">Vista Pessoal</target>
   </keywords>
   <keywords>
      <text FeatureID="-1">tema</text>
      <target FeatureID="-1" href="CP_HLP_PERSONAL.html">Vista Pessoal</target>
   </keywords>
   <keywords>
      <text FeatureID="-1">espera</text>
      <target FeatureID="-1" href="CP_HLP_PERSONAL.html">Vista Pessoal</target>
   </keywords>
   <keywords>
      <text FeatureID="-1">segurança, definições</text>
      <target FeatureID="-1" href="CP_HLP_SECURITY.html">Definições de segurança</target>
   </keywords>
   <keywords>
      <text FeatureID="-1">definições, segurança</text>
      <target FeatureID="-1" href="CP_HLP_SECURITY.html">Definições de segurança</target>
   </keywords>
   <keywords>
      <text FeatureID="-1">dispositivo, bloquear</text>
      <target FeatureID="-1" href="SET_HLP_SECURITY_DEVICE_SIM.html">Segurança do dispositivo</target>
   </keywords>
   <keywords>
      <text FeatureID="-1">segurança</text>
      <target FeatureID="-1" href="SET_HLP_SECURITY_DEVICE_SIM.html">Segurança do dispositivo</target>
   </keywords>
   <keywords>
      <text FeatureID="-1">definições do ecrã principal</text>
      <target FeatureID="-1" href="CP_HLP_IDLE.html">Ecrã principal</target>
   </keywords>
   <keywords>
      <text FeatureID="__DUAL_LANGUAGE_SUPPORT=true">idioma de escrita</text>
      <target FeatureID="__DUAL_LANGUAGE_SUPPORT=true" href="CP_HLP_WRITING_LANGUAGE.html">Idioma de escrita</target>
   </keywords>
   <keywords>
      <text FeatureID="-1">luz de notificação</text>
      <target FeatureID="-1" href="ES_HLP_LIGHT_MAIN.html">Luz de notificação</target>
      <target FeatureID="-1" href="ES_HLP_LIGHT_BLINKING.html">Definições da luz de notificação</target>
   </keywords>
   <keywords>
      <text FeatureID="-1">definições de acessórios</text>
      <target FeatureID="-1" href="SET_HLP_ACCESSORIES_LIST.html">Definições de acessórios</target>
      <target FeatureID="-1" href="SET_HLP_ACCESSORIES_HEADPHONE.html">Definições de auscultadores</target>
      <target FeatureID="-1" href="SET_HLP_ACCESSORIES_HEADSET.html">Definições do auricular</target>
      <target FeatureID="-1" href="SET_HLP_ACCESS_WIRED_CK.html">Definições do kit de viatura com fios</target>
      <target FeatureID="true_1032" href="SET_HLP_ACCESSORIES_TTY.html">Definições do telefone de texto</target>
      <target FeatureID="true_1540" href="SET_HLP_ACCESSORIES_TVOUT.html">Definições de saída de TV</target>
   </keywords>
   <keywords>
      <text FeatureID="-1">ponto de acesso de dados por pacotes</text>
      <target FeatureID="-1" href="SET_HLP_AP_SETTING_GPRS.html">Ponto de acesso de dados por pacotes</target>
   </keywords>
   <keywords>
      <text FeatureID="-1">definições de dados por pacotes</text>
      <target FeatureID="-1" href="SET_HLP_AP_SETTING_GPRS_AS.html">Definições avançadas de dados por pacotes</target>
   </keywords>
   <keywords>
      <text FeatureID="-1">pontos de acesso de dados por pacotes</text>
      <target FeatureID="-1" href="SET_HLP_AP_SETTING_GPRS_AS.html">Definições avançadas de dados por pacotes</target>
   </keywords>
   <keywords>
      <text FeatureID="true_1088 true_110">pontos de acesso de chamadas de dados</text>
      <target FeatureID="true_110" href="SET_HLP_AP_DATA_AS_IPV4.html">Definições de chamadas de dados IPv4</target>
      <target FeatureID="true_1088" href="SET_HLP_AP_DATA_AS_IPV6.html">Definições de chamadas de dados IPv6</target>
      <target FeatureID="true_110" href="SET_HLP_AP_SETTING_DATA_AS.html">Definições avançadas de chamadas de dados</target>
   </keywords>
   <keywords>
      <text FeatureID="true_110">definições do ponto de acesso</text>
      <target FeatureID="true_110" href="SET_HLP_AP_SETTING_DATA.html">Ponto de acesso de chamadas de dados</target>
      <target FeatureID="true_110" href="SET_HLP_AP_SETTING_DATA_AS.html">Definições avançadas de chamadas de dados</target>
   </keywords>
   <keywords>
      <text FeatureID="true_110">definições de chamadas de dados</text>
      <target FeatureID="true_110" href="SET_HLP_AP_SETTING_DATA.html">Ponto de acesso de chamadas de dados</target>
   </keywords>
   <keywords>
      <text FeatureID="-1">Virtual Private Network</text>
      <target FeatureID="-1" href="SET_HLP_VPN_AP_SETTINGS_VIEW.html">Editar pontos de acesso VPN</target>
   </keywords>
   <keywords>
      <text FeatureID="-1">bloqueio do teclado</text>
      <target FeatureID="-1" href="CP_HLP_AUTOKEYGUARD.html">Bloqueio automático do teclado</target>
   </keywords>
   <keywords>
      <text FeatureID="true_1537">unidades remotas</text>
      <target FeatureID="true_1537" href="RD_HLP_REMOTE_DRIVE_CONFIG.html">Definições da unidade remota</target>
      <target FeatureID="true_1537" href="RD_HLP_REMOTE_DRIVES.html">Unidades remotas</target>
   </keywords>
   <keywords>
      <text FeatureID="-1">restrição de chamadas</text>
      <target FeatureID="-1" href="SET_HLP_BARRING_SETTINGS.html">Restringir chamadas telefónicas</target>
      <target FeatureID="true_298" href="DIV_HLP_BARRING_MAIN.html">Restringir chamadas</target>
   </keywords>
   <keywords>
      <text FeatureID="-1">restringir chamadas</text>
      <target FeatureID="-1" href="SET_HLP_BARRING_SETTINGS.html">Restringir chamadas telefónicas</target>
      <target FeatureID="true_298" href="DIV_HLP_BARRING_MAIN.html">Restringir chamadas</target>
   </keywords>
   <keywords>
      <text FeatureID="-1">desviar chamadas</text>
      <target FeatureID="-1" href="DIV_HLP_CALL_FORW_MAIN.html">Desvio de chamadas</target>
      <target FeatureID="-1" href="DIV_HLP_CALL_FORW_VOI.html">Desviar chamadas de voz</target>
   </keywords>
   <keywords>
      <text FeatureID="-1">reencaminhar chamadas</text>
      <target FeatureID="-1" href="DIV_HLP_CALL_FORW_MAIN.html">Desvio de chamadas</target>
   </keywords>
   <keywords>
      <text FeatureID="-1">definições de sincronização</text>
      <target FeatureID="-1" href="CP_HLP_SYNCHRONISATION.html">Definições de sincronização</target>
   </keywords>
   <keywords>
      <text FeatureID="-1">instalar aplicações</text>
      <target FeatureID="-1" href="CP_HLP_INSTALLATIONS.html">Instalações</target>
   </keywords>
   <keywords>
      <text FeatureID="-1">definições de auscultadores</text>
      <target FeatureID="-1" href="SET_HLP_ACCESSORIES_HEADPHONE.html">Definições de auscultadores</target>
   </keywords>
   <keywords>
      <text FeatureID="-1">definições do auricular</text>
      <target FeatureID="-1" href="SET_HLP_ACCESSORIES_HEADSET.html">Definições do auricular</target>
   </keywords>
   <keywords>
      <text FeatureID="-1">definições do kit de viatura com fios</text>
      <target FeatureID="-1" href="SET_HLP_ACCESS_WIRED_CK.html">Definições do kit de viatura com fios</target>
   </keywords>
   <keywords>
      <text FeatureID="-1">definições do kit de viatura</text>
      <target FeatureID="-1" href="SET_HLP_ACCESS_WIRED_CK.html">Definições do kit de viatura com fios</target>
   </keywords>
   <keywords>
      <text FeatureID="-1">definições do suporte de música</text>
      <target FeatureID="-1" href="SET_HLP_ACCESSORIES_MUSIC_ST.html">Definições do suporte de música</target>
   </keywords>
   <keywords>
      <text FeatureID="true_1032">Definições do telefone de texto</text>
      <target FeatureID="true_1032" href="SET_HLP_ACCESSORIES_TTY.html">Definições do telefone de texto</target>
      <target FeatureID="true_1032" href="SET_HLP_ACCESSORIES_TTY.html">Definições do telefone de texto</target>
   </keywords>
   <keywords>
      <text FeatureID="true_1540">definições de saída de TV</text>
      <target FeatureID="true_1540" href="SET_HLP_ACCESSORIES_TVOUT.html">Definições de saída de TV</target>
   </keywords>
</keywords>