<?xml version="1.0" encoding="UTF-8"?>
<keywords>
   <keywords>
      <text FeatureID="true_1091">USSD uređivač</text>
      <target FeatureID="true_1091" href="USSD_HLP_EDITOR.html">Servisne komande</target>
   </keywords>
   <keywords>
      <text FeatureID="true_1091">servisne komande</text>
      <target FeatureID="true_1091" href="USSD_HLP_EDITOR.html">Servisne komande</target>
   </keywords>
   <keywords>
      <text FeatureID="true_1091">mrežne usluge</text>
      <target FeatureID="true_1091" href="USSD_HLP_EDITOR.html">Servisne komande</target>
   </keywords>
</keywords>