<?xml version="1.0" encoding="UTF-8"?>
<keywords>
   <keywords>
      <text FeatureID="true_13 true_1566">USB-Kabel-Verbindung</text>
      <target FeatureID="true_13" href="USB_HLP_MAIN.html">USB-Einstellungen</target>
      <target FeatureID="true_1566" href="USB_HLP_PRINT_SETTINGS.html">Druckereinstellungen</target>
   </keywords>
   <keywords>
      <text FeatureID="true_13">Kabelverbindung</text>
      <target FeatureID="true_13" href="USB_HLP_MAIN.html">USB-Einstellungen</target>
   </keywords>
   <keywords>
      <text FeatureID="true_1566">Drucken</text>
      <target FeatureID="true_1566" href="USB_HLP_PRINT_SETTINGS.html">Druckereinstellungen</target>
   </keywords>
   <keywords>
      <text FeatureID="true_1566">Einstellungen, Drucker</text>
      <target FeatureID="true_1566" href="USB_HLP_PRINT_SETTINGS.html">Druckereinstellungen</target>
   </keywords>
</keywords>