<?xml version="1.0" encoding="UTF-8"?>
<keywords>
   <keywords>
      <text FeatureID="-1">보안 모듈</text>
      <target FeatureID="-1" href="SECMOD_HLP_ACCESSCODE_VIEW.html">보안 모듈 PIN 코드</target>
      <target FeatureID="-1" href="SECMOD_HLP_MAIN_VIEW.html">보안 모듈</target>
      <target FeatureID="-1" href="SEMOD_HLP_SIGNINGCODE_VIEW.html">서명 코드 편집</target>
   </keywords>
   <keywords>
      <text FeatureID="-1">PIN 코드</text>
      <target FeatureID="-1" href="SECMOD_HLP_ACCESSCODE_VIEW.html">보안 모듈 PIN 코드</target>
   </keywords>
   <keywords>
      <text FeatureID="-1">보안 모듈 코드</text>
      <target FeatureID="-1" href="SECMOD_HLP_CODE_VIEW.html">보안 모듈 코드</target>
   </keywords>
   <keywords>
      <text FeatureID="-1">보안 모듈용 PIN 코드</text>
      <target FeatureID="-1" href="SECMOD_HLP_CODE_VIEW.html">보안 모듈 코드</target>
   </keywords>
   <keywords>
      <text FeatureID="-1">키 저장소</text>
      <target FeatureID="-1" href="SECMOD_HLP_MAIN_VIEW.html">보안 모듈</target>
   </keywords>
   <keywords>
      <text FeatureID="-1">서명 코드</text>
      <target FeatureID="-1" href="SEMOD_HLP_SIGNINGCODE_VIEW.html">서명 코드 편집</target>
   </keywords>
   <keywords>
      <text FeatureID="-1">디지털 서명</text>
      <target FeatureID="-1" href="SEMOD_HLP_SIGNINGCODE_VIEW.html">서명 코드 편집</target>
   </keywords>
</keywords>