<?xml version="1.0" encoding="UTF-8"?>
<keywords>
   <keywords>
      <text FeatureID="-1">llamar al buzón</text>
      <target FeatureID="-1" href="SMSVO_HLP_MAIN_VIEW.html">Buzón de llamadas</target>
      <target FeatureID="true_298" href="SMSVO_HLP_CS_VIDEO_AND_XSP_VOIP.html">Buzón de llamada, video e Internet.</target>
   </keywords>
   <keywords>
      <text FeatureID="-1">contestadora</text>
      <target FeatureID="-1" href="SMSVO_HLP_MAIN_VIEW.html">Buzón de llamadas</target>
      <target FeatureID="true_89" href="SMSVO_HLP_CS_AND_VIDEO.html">Buzón de llamadas y video</target>
      <target FeatureID="true_298" href="SMSVO_HLP_CS_VIDEO_AND_XSP_VOIP.html">Buzón de llamada, video e Internet.</target>
   </keywords>
   <keywords>
      <text FeatureID="true_89">buz. corr. vid.</text>
      <target FeatureID="true_89" href="SMSVO_HLP_CS_AND_VIDEO.html">Buzón de llamadas y video</target>
   </keywords>
   <keywords>
      <text FeatureID="true_298">buzón de llamada de Internet</text>
      <target FeatureID="true_298" href="SMSVO_HLP_CS_VIDEO_AND_XSP_VOIP.html">Buzón de llamada, video e Internet.</target>
   </keywords>
</keywords>