<?xml version="1.0" encoding="UTF-8"?>
<keywords>
   <keywords>
      <text FeatureID="-1">videos &amp; TV</text>
      <target FeatureID="-1" href="IPTV_HLP_MAIN_STATE.html">À propos de Videos &amp; TV</target>
      <target FeatureID="-1" href="IPTV_HLP_VODCAST_MAIN.html">Flux vidéo</target>
      <target FeatureID="-1" href="IPTV_HLP_SERVICE_SELECTION_VOD.html">Sélect. serv. vidéo</target>
      <target FeatureID="-1" href="IPTV_HLP_VOD_CATEGORIES.html">Catégories vidéo</target>
      <target FeatureID="-1" href="IPTV_HLP_VOD.html">Afficher et télécharger des clips vidéo</target>
      <target FeatureID="-1" href="IPTV_HLP_SCHEDULE_DOWNLOAD.html">Programmer des téléchargements</target>
      <target FeatureID="-1" href="IPTV_HLP_STORAGE.html">Mes vidéos</target>
      <target FeatureID="-1" href="IPTV_HLP_SERVICE_SEL_VODCAST.html">Sélectionner flux</target>
      <target FeatureID="-1" href="IPTV_HLP_ADD_SERVICE.html">Ajout de flux vidéo</target>
   </keywords>
   <keywords>
      <text FeatureID="-1">flux vidéo</text>
      <target FeatureID="-1" href="IPTV_HLP_VODCAST_MAIN.html">Flux vidéo</target>
      <target FeatureID="-1" href="IPTV_HLP_VOD_CATEGORIES.html">Catégories vidéo</target>
      <target FeatureID="-1" href="IPTV_HLP_SERVICE_SEL_VODCAST.html">Sélectionner flux</target>
      <target FeatureID="-1" href="IPTV_HLP_ADD_SERVICE.html">Ajout de flux vidéo</target>
   </keywords>
   <keywords>
      <text FeatureID="-1">téléchargements, clips vidéo</text>
      <target FeatureID="-1" href="IPTV_HLP_VOD.html">Afficher et télécharger des clips vidéo</target>
      <target FeatureID="-1" href="IPTV_HLP_SCHEDULE_DOWNLOAD.html">Programmer des téléchargements</target>
   </keywords>
   <keywords>
      <text FeatureID="-1">videos &amp; TV, paramètres</text>
      <target FeatureID="-1" href="IPTV_HLP_SETTINGS.html">Paramètres Videos &amp; TV</target>
   </keywords>
   <keywords>
      <text FeatureID="-1">paramètres, vidéo</text>
      <target FeatureID="-1" href="IPTV_HLP_SETTINGS.html">Paramètres Videos &amp; TV</target>
   </keywords>
</keywords>