<?xml version="1.0" encoding="UTF-8"?><?xml-stylesheet  href="../../theme/xsl/index2html.xslt" type="text/xsl"?>
<topics FeatureID="-1" title="Mensajería instantánea" compressed="true">
   <topicref FeatureID="-1" href="IMNG_HLP_SEARCHCHAT.html" navtitle="Buscar usuarios de MI"/>
   <topicref FeatureID="-1" href="IMNG_HLP_SAVED_VIEW.html" navtitle="Ver conversaciones guardadas"/>
   <topicref FeatureID="-1" href="IMNG_HLP_SAVED_LIST.html" navtitle="Conversaciones guardadas"/>
   <topicref FeatureID="-1" href="IMNG_HLP_IMCHAT.html" navtitle="Conversaciones de grupo"/>
   <topicref FeatureID="-1" href="IMNG_HLP_GROUP_EDIT.html" navtitle="Derechos de edición de grupo"/>
   <topicref FeatureID="-1" href="IMNG_HLP_GROUP_BAN.html" navtitle="Excluir a usuarios de MI de los grupos"/>
   <topicref FeatureID="-1" href="IMNG_HLP_CONT_OWN_DATA.html" navtitle="Mis datos"/>
   <topicref FeatureID="-1" href="IMNG_HLP_COMMUNITY_VIEW_EMPTY.html" navtitle="Iniciar MI"/>
   <topicref FeatureID="-1" href="IMNG_HLP_COMMUNITY_VIEW.html" navtitle="Mensajería instantánea"/>
   <topicref FeatureID="-1" href="IMNG_HLP_BLOCKED_VIEW.html" navtitle="Contactos bloq."/>
   <topicref FeatureID="-1" href="IMNG_HLP_SETTINGS.html" navtitle="Configuraciones de MI"/>
   <topicref FeatureID="-1" href="IMNG_HLP_SERVLISTSETT_IM.html" navtitle="Servidores de MI"/>
   <topicref FeatureID="-1" href="IMNG_HLP_DEFSERVER.html" navtitle="Configuraciones del servidor de MI"/>
   <topicref FeatureID="-1" href="IMNG_HLP_INVITE.html" navtitle="Invitaciones de MI"/>
   <topicref FeatureID="-1" href="IMNG_HLP_CREATECHAT.html" navtitle="Configuraciones de grupos de MI"/>
   <topicref FeatureID="-1" href="IMNG_HLP_ACCLIST.html" navtitle="Miembros del grupo de MI"/>
   <topicref FeatureID="-1" href="IMNG_HLP_CONVERSATIONS.html" navtitle="Conversaciones de MI"/>
   <topicref FeatureID="-1" href="IMNG_HLP_CONTACTDETAILS.html" navtitle="Detalles de contacto de MI"/>
   <topicref FeatureID="-1" href="IMNG_HLP_APPSETT.html" navtitle="Configuración de la aplicación de MI"/>
</topics>