<?xml version="1.0" encoding="UTF-8"?>
<keywords>
   <keywords>
      <text FeatureID="-1">búsqueda de usuarios de MI</text>
      <target FeatureID="-1" href="IMNG_HLP_SEARCHCHAT.html">Buscar usuarios de MI</target>
   </keywords>
   <keywords>
      <text FeatureID="-1">mensajería instantánea</text>
      <target FeatureID="-1" href="IMNG_HLP_SEARCHCHAT.html">Buscar usuarios de MI</target>
      <target FeatureID="-1" href="IMNG_HLP_SAVED_VIEW.html">Ver conversaciones guardadas</target>
      <target FeatureID="-1" href="IMNG_HLP_SAVED_LIST.html">Conversaciones guardadas</target>
      <target FeatureID="-1" href="IMNG_HLP_GROUP_EDIT.html">Derechos de edición de grupo</target>
      <target FeatureID="-1" href="IMNG_HLP_GROUP_BAN.html">Excluir a usuarios de MI de los grupos</target>
      <target FeatureID="-1" href="IMNG_HLP_CONT_OWN_DATA.html">Mis datos</target>
      <target FeatureID="-1" href="IMNG_HLP_COMMUNITY_VIEW_EMPTY.html">Iniciar MI</target>
      <target FeatureID="-1" href="IMNG_HLP_COMMUNITY_VIEW.html">Mensajería instantánea</target>
      <target FeatureID="-1" href="IMNG_HLP_CREATECHAT.html">Configuraciones de grupos de MI</target>
      <target FeatureID="-1" href="IMNG_HLP_ACCLIST.html">Miembros del grupo de MI</target>
      <target FeatureID="-1" href="IMNG_HLP_CONVERSATIONS.html">Conversaciones de MI</target>
      <target FeatureID="-1" href="IMNG_HLP_APPSETT.html">Configuración de la aplicación de MI</target>
   </keywords>
   <keywords>
      <text FeatureID="-1">búsqueda de grupos de MI</text>
      <target FeatureID="-1" href="IMNG_HLP_SEARCHCHAT.html">Buscar usuarios de MI</target>
   </keywords>
   <keywords>
      <text FeatureID="-1">conversaciones guardadas</text>
      <target FeatureID="-1" href="IMNG_HLP_SAVED_LIST.html">Conversaciones guardadas</target>
   </keywords>
   <keywords>
      <text FeatureID="-1">MI (mensajería instantánea)</text>
      <target FeatureID="-1" href="IMNG_HLP_IMCHAT.html">Conversaciones de grupo</target>
   </keywords>
   <keywords>
      <text FeatureID="-1">unirse a grupos de MI</text>
      <target FeatureID="-1" href="IMNG_HLP_IMCHAT.html">Conversaciones de grupo</target>
   </keywords>
   <keywords>
      <text FeatureID="-1">derechos de edición</text>
      <target FeatureID="-1" href="IMNG_HLP_GROUP_EDIT.html">Derechos de edición de grupo</target>
   </keywords>
   <keywords>
      <text FeatureID="-1">lista de excluidos</text>
      <target FeatureID="-1" href="IMNG_HLP_GROUP_BAN.html">Excluir a usuarios de MI de los grupos</target>
   </keywords>
   <keywords>
      <text FeatureID="-1">Miembros del grupo de MI</text>
      <target FeatureID="-1" href="IMNG_HLP_GROUP_BAN.html">Excluir a usuarios de MI de los grupos</target>
      <target FeatureID="-1" href="IMNG_HLP_ACCLIST.html">Miembros del grupo de MI</target>
   </keywords>
   <keywords>
      <text FeatureID="-1">Contactos de MI</text>
      <target FeatureID="-1" href="IMNG_HLP_CONT_OWN_DATA.html">Mis datos</target>
      <target FeatureID="-1" href="IMNG_HLP_BLOCKED_VIEW.html">Contactos bloq.</target>
      <target FeatureID="-1" href="IMNG_HLP_CONTACTDETAILS.html">Detalles de contacto de MI</target>
   </keywords>
   <keywords>
      <text FeatureID="-1">MI</text>
      <target FeatureID="-1" href="IMNG_HLP_COMMUNITY_VIEW_EMPTY.html">Iniciar MI</target>
      <target FeatureID="-1" href="IMNG_HLP_COMMUNITY_VIEW.html">Mensajería instantánea</target>
      <target FeatureID="-1" href="IMNG_HLP_CONVERSATIONS.html">Conversaciones de MI</target>
   </keywords>
   <keywords>
      <text FeatureID="-1">contactos de MI bloqueados</text>
      <target FeatureID="-1" href="IMNG_HLP_BLOCKED_VIEW.html">Contactos bloq.</target>
   </keywords>
   <keywords>
      <text FeatureID="-1">Configuraciones de MI</text>
      <target FeatureID="-1" href="IMNG_HLP_SETTINGS.html">Configuraciones de MI</target>
      <target FeatureID="-1" href="IMNG_HLP_APPSETT.html">Configuración de la aplicación de MI</target>
   </keywords>
   <keywords>
      <text FeatureID="-1">servidores de MI</text>
      <target FeatureID="-1" href="IMNG_HLP_SERVLISTSETT_IM.html">Servidores de MI</target>
   </keywords>
   <keywords>
      <text FeatureID="-1">Configuraciones del servidor de MI</text>
      <target FeatureID="-1" href="IMNG_HLP_DEFSERVER.html">Configuraciones del servidor de MI</target>
   </keywords>
   <keywords>
      <text FeatureID="-1">configuraciones del servidor</text>
      <target FeatureID="-1" href="IMNG_HLP_DEFSERVER.html">Configuraciones del servidor de MI</target>
   </keywords>
   <keywords>
      <text FeatureID="-1">invitaciones</text>
      <target FeatureID="-1" href="IMNG_HLP_INVITE.html">Invitaciones de MI</target>
   </keywords>
   <keywords>
      <text FeatureID="-1">Configuraciones de grupos de MI</text>
      <target FeatureID="-1" href="IMNG_HLP_CREATECHAT.html">Configuraciones de grupos de MI</target>
   </keywords>
   <keywords>
      <text FeatureID="-1">conversaciones</text>
      <target FeatureID="-1" href="IMNG_HLP_CONVERSATIONS.html">Conversaciones de MI</target>
   </keywords>
   <keywords>
      <text FeatureID="-1">Mensajería instantánea</text>
      <target FeatureID="-1" href="IMNG_HLP_CONTACTDETAILS.html">Detalles de contacto de MI</target>
   </keywords>
</keywords>