<?xml version="1.0" encoding="UTF-8"?>
<keywords>
   <keywords>
      <text FeatureID="-1">明信片</text>
      <target FeatureID="-1" href="MMS_POSTCARD_HLP_ADDRESS_EDIT.html">编辑地址</target>
      <target FeatureID="-1" href="MMS_POSTCARD_HLP_MAIN_VIEW.html">查看明信片</target>
      <target FeatureID="-1" href="POSTCARD_HLP_ADDRESS_VIEW.html">查看地址</target>
      <target FeatureID="-1" href="POSTCARD_HLP_GREETING_EDIT.html">编写问候语</target>
      <target FeatureID="-1" href="POSTCARD_HLP_GREETING_VIEW.html">查看问候</target>
      <target FeatureID="-1" href="MMS_POSTCARD_HLP_MAIN_EDIT.html">创建明信片</target>
   </keywords>
   <keywords>
      <text FeatureID="-1">发送明信片</text>
      <target FeatureID="-1" href="MMS_POSTCARD_HLP_ADDRESS_EDIT.html">编辑地址</target>
      <target FeatureID="-1" href="POSTCARD_HLP_GREETING_EDIT.html">编写问候语</target>
      <target FeatureID="-1" href="MMS_POSTCARD_HLP_MAIN_EDIT.html">创建明信片</target>
   </keywords>
</keywords>