<?xml version="1.0" encoding="UTF-8"?><?xml-stylesheet  href="../../theme/xsl/index2html.xslt" type="text/xsl"?>
<topics FeatureID="-1" title="ذاتی بنانا" compressed="true">
   <topicref FeatureID="-1" href="SKINS_HLP_LIST.html" navtitle="عام موضوعات"/>
   <topicref FeatureID="-1" href="SCREENSAVER_HLP_WP_SETTINGS.html" navtitle="سلائڈ شو پس منظر ترتیبات"/>
   <topicref FeatureID="-1" href="SKINS_HLP_WP_SETTINGS.html" navtitle="پس منظر ترتیبات"/>
   <topicref FeatureID="-1" href="SKINS_HLP_SCREENS_SETTINGS.html" navtitle="ترتیبات"/>
   <topicref FeatureID="true_1503" href="SKINS_HLP_CIMAGE_SETTINGS.html" navtitle="کال کی تصویر منتخب کریں"/>
   <topicref FeatureID="-1" href="SKINS_HLP_APPSHELL.html" navtitle="فہرست کے منظر کی ترتیبات"/>
   <topicref FeatureID="-1" href="SKINS_HLP_IDLE.html" navtitle="ہوم اسکرین ترتیبات"/>
   <topicref FeatureID="-1" href="SKINS_HLP_APP_MAIN.html" navtitle="ڈسپلے کو ذاتی شکل دیں"/>
   <topicref FeatureID="-1" href="SKINS_HLP_APPSKINS_LIST.html" navtitle="پروگ موضوعات"/>
</topics>