<?xml version="1.0" encoding="UTF-8"?>
<keywords>
   <keywords>
      <text FeatureID="-1">موضوعات</text>
      <target FeatureID="-1" href="SKINS_HLP_LIST.html">عام موضوعات</target>
      <target FeatureID="-1" href="SCREENSAVER_HLP_WP_SETTINGS.html">سلائڈ شو پس منظر ترتیبات</target>
      <target FeatureID="-1" href="SKINS_HLP_WP_SETTINGS.html">پس منظر ترتیبات</target>
      <target FeatureID="true_1503" href="SKINS_HLP_CIMAGE_SETTINGS.html">کال کی تصویر منتخب کریں</target>
      <target FeatureID="-1" href="SKINS_HLP_APPSHELL.html">فہرست کے منظر کی ترتیبات</target>
      <target FeatureID="-1" href="SKINS_HLP_APP_MAIN.html">ڈسپلے کو ذاتی شکل دیں</target>
      <target FeatureID="-1" href="SKINS_HLP_APPSKINS_LIST.html">پروگ موضوعات</target>
   </keywords>
   <keywords>
      <text FeatureID="-1">سلائڈ شو پس منظر</text>
      <target FeatureID="-1" href="SCREENSAVER_HLP_WP_SETTINGS.html">سلائڈ شو پس منظر ترتیبات</target>
   </keywords>
   <keywords>
      <text FeatureID="-1">سلائڈ شو ترتیبات</text>
      <target FeatureID="-1" href="SCREENSAVER_HLP_WP_SETTINGS.html">سلائڈ شو پس منظر ترتیبات</target>
   </keywords>
   <keywords>
      <text FeatureID="-1">پس منظر ترتیبات</text>
      <target FeatureID="-1" href="SKINS_HLP_WP_SETTINGS.html">پس منظر ترتیبات</target>
   </keywords>
   <keywords>
      <text FeatureID="-1">پش منظر کي تصوير</text>
      <target FeatureID="-1" href="SKINS_HLP_WP_SETTINGS.html">پس منظر ترتیبات</target>
      <target FeatureID="-1" href="SKINS_HLP_APP_MAIN.html">ڈسپلے کو ذاتی شکل دیں</target>
   </keywords>
   <keywords>
      <text FeatureID="-1">اسکرين محافظ</text>
      <target FeatureID="-1" href="SKINS_HLP_SCREENS_SETTINGS.html">ترتیبات</target>
   </keywords>
   <keywords>
      <text FeatureID="true_1503">کال کی تصویر کی ترتیبات</text>
      <target FeatureID="true_1503" href="SKINS_HLP_CIMAGE_SETTINGS.html">کال کی تصویر منتخب کریں</target>
   </keywords>
   <keywords>
      <text FeatureID="-1">فہرستیں</text>
      <target FeatureID="-1" href="SKINS_HLP_APPSHELL.html">فہرست کے منظر کی ترتیبات</target>
   </keywords>
</keywords>