<?xml version="1.0" encoding="UTF-8"?>
<keywords>
   <keywords>
      <text FeatureID="-1">prilagajanje profilov</text>
      <target FeatureID="-1" href="MODE_HLP_PERSONALISE.html">Prilagajanje profilov</target>
   </keywords>
   <keywords>
      <text FeatureID="-1">nastavitve tonov</text>
      <target FeatureID="-1" href="SET_HLP_PERSONAL_TONES.html">Nastavitve tonov</target>
   </keywords>
   <keywords>
      <text FeatureID="-1">toni zvonjenja</text>
      <target FeatureID="-1" href="SET_HLP_PERSONAL_TONES.html">Nastavitve tonov</target>
   </keywords>
   <keywords>
      <text FeatureID="-1">profili</text>
      <target FeatureID="-1" href="MODE_HLP_PROFILES_LIST.html">Profili</target>
   </keywords>
   <keywords>
      <text FeatureID="-1">spreminjanje profilov</text>
      <target FeatureID="-1" href="MODE_HLP_PROFILES_LIST.html">Profili</target>
   </keywords>
</keywords>