<?xml version="1.0" encoding="UTF-8"?>
<keywords>
   <keywords>
      <text FeatureID="-1">изменение заметок</text>
      <target FeatureID="-1" href="NMAKE_HLP_MEMO_VIEWER_EDIT.html">Изменение заметок в приложениях</target>
   </keywords>
   <keywords>
      <text FeatureID="-1">прием заметок</text>
      <target FeatureID="-1" href="NMAKE_HLP_MEMO_VIEWER.html">Просмотр принятых заметок</target>
   </keywords>
   <keywords>
      <text FeatureID="-1">шаблоны сообщения</text>
      <target FeatureID="-1" href="NMAKE_HLP_TEMPLATE_EDITOR.html">Создание шаблонов сообщений</target>
   </keywords>
   <keywords>
      <text FeatureID="-1">создание шаблонов сообщений</text>
      <target FeatureID="-1" href="NMAKE_HLP_TEMPLATE_EDITOR.html">Создание шаблонов сообщений</target>
      <target FeatureID="-1" href="NMAKE_HLP_TEMPLATE_EDITOR.html">Создание шаблонов сообщений</target>
   </keywords>
   <keywords>
      <text FeatureID="-1">список заметок</text>
      <target FeatureID="-1" href="NMAKE_HLP_MEMO_LIST.html">Список заметок</target>
   </keywords>
   <keywords>
      <text FeatureID="-1">ввод заметок</text>
      <target FeatureID="-1" href="NMAKE_HLP_MEMO_LIST.html">Список заметок</target>
      <target FeatureID="-1" href="NMAKE_HLP_MEMO_EDITOR_APPS.html">Создание заметок в приложениях</target>
      <target FeatureID="-1" href="NMAKE_HLP_MEMO_EDITOR.html">Ввод заметок</target>
   </keywords>
</keywords>