<?xml version="1.0" encoding="UTF-8"?>
<keywords>
   <keywords>
      <text FeatureID="-1">sanakirja</text>
      <target FeatureID="-1" href="DICTIONARY_HLP_MAIN_TAB1.html">Sanakirja</target>
   </keywords>
   <keywords>
      <text FeatureID="-1">kääntäminen</text>
      <target FeatureID="-1" href="DICTIONARY_HLP_MAIN_TAB1.html">Sanakirja</target>
   </keywords>
   <keywords>
      <text FeatureID="-1">sanakirja, käännös</text>
      <target FeatureID="-1" href="DICTIONARY_HLP_RESULTS.html">Kääntämisen tulokset</target>
   </keywords>
</keywords>