<?xml version="1.0" encoding="UTF-8"?>
<keywords>
   <keywords>
      <text FeatureID="-1">מנהל קבצים</text>
      <target FeatureID="-1" href="FMGR_HLP_MEM_STORE_VIEW.html">ניהול קבצים</target>
      <target FeatureID="-1" href="FMGR_HLP_MAIN_VIEW.html">מנהל קבצים</target>
      <target FeatureID="-1" href="FMGR_HLP_SEARCH_RESULTS.html">חיפוש קבצים</target>
      <target FeatureID="-1" href="FMGR_HLP_BACKUP_VIEW.html">גיבוי קובץ</target>
   </keywords>
   <keywords>
      <text FeatureID="-1">כרטיס זיכרון</text>
      <target FeatureID="-1" href="FMGR_HLP_MEM_STORE_VIEW.html">ניהול קבצים</target>
      <target FeatureID="-1" href="FMGR_HLP_MAIN_VIEW.html">מנהל קבצים</target>
      <target FeatureID="-1" href="FMGR_HLP_BACKUP_VIEW.html">גיבוי קובץ</target>
   </keywords>
   <keywords>
      <text FeatureID="-1">חיפוש קבצים</text>
      <target FeatureID="-1" href="FMGR_HLP_SEARCH_RESULTS.html">חיפוש קבצים</target>
   </keywords>
   <keywords>
      <text FeatureID="-1">חיפוש תיקיות</text>
      <target FeatureID="-1" href="FMGR_HLP_SEARCH_RESULTS.html">חיפוש קבצים</target>
   </keywords>
   <keywords>
      <text FeatureID="-1">גיבוי</text>
      <target FeatureID="-1" href="FMGR_HLP_BACKUP_VIEW.html">גיבוי קובץ</target>
   </keywords>
</keywords>