<?xml version="1.0" encoding="UTF-8"?>
<keywords>
   <keywords>
      <text FeatureID="-1">e-mail, impostazioni</text>
      <target FeatureID="-1" href="MBXS_HLP_SETT_DOWNL_CTRL.html">Imp. recupero e-mail</target>
      <target FeatureID="-1" href="MBXS_HLP_SETT_DOWNL_RETR.html">Recupero di msgg. e-mail</target>
      <target FeatureID="-1" href="MBXS_HLP_SETT_MBX_IN.html">Msgg. e-mail in arrivo</target>
      <target FeatureID="-1" href="MBXS_HLP_SETT_MBX_IN_OUT.html">Impostazioni connessione</target>
      <target FeatureID="-1" href="MBXS_HLP_SETT_MBX_OUT.html">Msgg. e-mail in uscita</target>
      <target FeatureID="-1" href="MCE_HLP_SETTINGS_EMAIL.html">Impostazioni e-mail</target>
      <target FeatureID="-1" href="MCE_HLP_SETT_EMAILMAIN.html">Modificare caselle e-mail</target>
      <target FeatureID="-1" href="MCE_HLP_SETT_MAILBLIST.html">Caselle e-mail</target>
      <target FeatureID="-1" href="MCE_HLP_SETT_MAILFOLDER_UPD.html">Cartelle caselle e-mail</target>
      <target FeatureID="true_1633" href="MCE_HLP_SETT_MAIL_ONLI.html">Recupero automatico</target>
   </keywords>
   <keywords>
      <text FeatureID="-1">cas. e-mail, impostazioni</text>
      <target FeatureID="-1" href="MCE_HLP_SETT_EMAILMAIN.html">Modificare caselle e-mail</target>
   </keywords>
   <keywords>
      <text FeatureID="-1">casella e-mail</text>
      <target FeatureID="-1" href="MCE_HLP_SETT_MAILBLIST.html">Caselle e-mail</target>
      <target FeatureID="-1" href="MCE_HLP_MAILBOX_ONLINE.html">E-mail in linea</target>
   </keywords>
   <keywords>
      <text FeatureID="-1">cartelle caselle e-mail</text>
      <target FeatureID="-1" href="MCE_HLP_SETT_MAILFOLDER_UPD.html">Cartelle caselle e-mail</target>
   </keywords>
   <keywords>
      <text FeatureID="-1">utente, impostazioni</text>
      <target FeatureID="-1" href="MCE_HLP_SETT_MAIL_USER.html">Impostazioni utente</target>
   </keywords>
   <keywords>
      <text FeatureID="true_44">sincronizzazione casella e-mail, impostazioni</text>
      <target FeatureID="true_44" href="MCE_HLP_SETT_SMAILBOX.html">Impostazioni sincr. casella e-mail</target>
   </keywords>
   <keywords>
      <text FeatureID="true_44">sincronizzazione e-mail, impostazioni</text>
      <target FeatureID="true_44" href="MCE_HLP_SETT_SMAILBOX.html">Impostazioni sincr. casella e-mail</target>
   </keywords>
   <keywords>
      <text FeatureID="-1">non in linea, e-mail</text>
      <target FeatureID="-1" href="MCE_HLP_MAILBOX_OFFLINE.html">E-mail non in linea</target>
   </keywords>
   <keywords>
      <text FeatureID="-1">conn. alla cas. e-mail</text>
      <target FeatureID="-1" href="MCE_HLP_MAILBOX_ONLINE.html">E-mail in linea</target>
   </keywords>
   <keywords>
      <text FeatureID="-1">e-mail in linea</text>
      <target FeatureID="-1" href="MCE_HLP_MAILBOX_ONLINE.html">E-mail in linea</target>
   </keywords>
   <keywords>
      <text FeatureID="-1">in linea, e-mail</text>
      <target FeatureID="-1" href="MCE_HLP_MAILBOX_ONLINE.html">E-mail in linea</target>
   </keywords>
</keywords>