<?xml version="1.0" encoding="UTF-8"?>
<keywords>
   <keywords>
      <text FeatureID="-1">sertifikati</text>
      <target FeatureID="-1" href="AM_HLP_GENERAL_SETTINGS.html">Podešavanja sertifikata</target>
   </keywords>
   <keywords>
      <text FeatureID="-1">podešavanja, sertifikati</text>
      <target FeatureID="-1" href="AM_HLP_GENERAL_SETTINGS.html">Podešavanja sertifikata</target>
   </keywords>
   <keywords>
      <text FeatureID="-1">instaliranje aplikacija</text>
      <target FeatureID="-1" href="AM_HLP_NOT_INSTALLED.html">Instalacione datoteke</target>
      <target FeatureID="-1" href="AM_HLP_APPLICATION.html">Upravljanje aplikacijama</target>
   </keywords>
   <keywords>
      <text FeatureID="-1">aplikacije koje nisu instalirane</text>
      <target FeatureID="-1" href="AM_HLP_NOT_INSTALLED.html">Instalacione datoteke</target>
   </keywords>
   <keywords>
      <text FeatureID="-1">instalirane aplikacije</text>
      <target FeatureID="-1" href="AM_HLP_INSTALLED.html">Instalirane aplikacije</target>
   </keywords>
   <keywords>
      <text FeatureID="-1">instalacija softvera</text>
      <target FeatureID="-1" href="AM_HLP_APPLICATION.html">Upravljanje aplikacijama</target>
   </keywords>
   <keywords>
      <text FeatureID="-1">traženje dozvole</text>
      <target FeatureID="-1" href="AM_HLP_INSTALL_CAPAB.html">Traženje dozvole</target>
   </keywords>
   <keywords>
      <text FeatureID="-1">nepouzdana instalacija</text>
      <target FeatureID="-1" href="AM_HLP_INSTALL_UNTRUSTED.html">Nepouzdana instalacija</target>
   </keywords>
</keywords>