<?xml version="1.0" encoding="UTF-8"?>
<keywords>
   <keywords>
      <text FeatureID="-1">الصور</text>
      <target FeatureID="-1" href="LGAL_HLP_ALBUM_LIST.html">الألبومات</target>
      <target FeatureID="-1" href="LGAL_HLP_ALL_GRID.html">تصفُح كل ملفات الوسائط</target>
      <target FeatureID="-1" href="LGAL_HLP_ALBUM_GRID.html">تصفح ملفات الوسائط في الألبوم</target>
      <target FeatureID="-1" href="LGAL_HLP_TAGS_GRID.html">تصفح ملفات الوسائط المميزة بشرائح</target>
      <target FeatureID="-1" href="LGAL_HLP_DETAILS_VIEW.html">عرض تفاصيل الملف وتعديلها</target>
      <target FeatureID="-1" href="LGAL_HLP_TAGS_BROWSER.html">الشرائح</target>
      <target FeatureID="-1" href="LGAL_HLP_MONTH_FULLSCREEN.html">عرض ملفات الوسائط حسب الشهر</target>
      <target FeatureID="-1" href="LGAL_HLP_MONTH_GRID.html">تصفُح ملفات الوسائط حسب الشهر</target>
      <target FeatureID="-1" href="LGAL_HLP_VIEW_LIST.html">الصور</target>
      <target FeatureID="-1" href="LGAL_HLP_MONTH_LIST.html">الشهور</target>
      <target FeatureID="-1" href="LGAL_HLP_SLIDESHOW_SETTINGS.html">ضبط عرض الشرائح</target>
      <target FeatureID="-1" href="LGAL_HLP_ALL_FULLSCREEN.html">عرض كل ملفات الوسائط</target>
      <target FeatureID="-1" href="LGAL_HLP_ALBUM_FULLSCREEN.html">عرض ملفات الوسائط في ألبومات</target>
      <target FeatureID="-1" href="LGAL_HLP_TAGS_FULLSCREEN.html">عرض ملفات وسائط مميزة بشرائح</target>
   </keywords>
   <keywords>
      <text FeatureID="-1">ألبومات</text>
      <target FeatureID="-1" href="LGAL_HLP_ALBUM_LIST.html">الألبومات</target>
      <target FeatureID="-1" href="LGAL_HLP_ALBUM_GRID.html">تصفح ملفات الوسائط في الألبوم</target>
      <target FeatureID="-1" href="LGAL_HLP_ALBUM_FULLSCREEN.html">عرض ملفات الوسائط في ألبومات</target>
   </keywords>
   <keywords>
      <text FeatureID="-1">الشرائح</text>
      <target FeatureID="-1" href="LGAL_HLP_TAGS_GRID.html">تصفح ملفات الوسائط المميزة بشرائح</target>
      <target FeatureID="-1" href="LGAL_HLP_TAGS_FULLSCREEN.html">عرض ملفات وسائط مميزة بشرائح</target>
   </keywords>
   <keywords>
      <text FeatureID="-1">شرائح</text>
      <target FeatureID="-1" href="LGAL_HLP_TAGS_BROWSER.html">الشرائح</target>
   </keywords>
   <keywords>
      <text FeatureID="-1">الألبومات</text>
      <target FeatureID="-1" href="LGAL_HLP_VIEW_LIST.html">الصور</target>
   </keywords>
   <keywords>
      <text FeatureID="-1">العلامات</text>
      <target FeatureID="-1" href="LGAL_HLP_VIEW_LIST.html">الصور</target>
   </keywords>
   <keywords>
      <text FeatureID="-1">عرض الشرائح</text>
      <target FeatureID="-1" href="LGAL_HLP_SLIDESHOW_SETTINGS.html">ضبط عرض الشرائح</target>
   </keywords>
</keywords>