<?xml version="1.0" encoding="UTF-8"?><?xml-stylesheet  href="../../theme/xsl/index2html.xslt" type="text/xsl"?>
<topics FeatureID="-1" title="فون بک" compressed="true">
   <topicref FeatureID="-1" href="HLP_CCA_DETAILS.html" navtitle="رابطے کی تفصیلات"/>
   <topicref FeatureID="-1" href="HLP_CCA_LAUNCHER.html" navtitle="رابطہ کارڈ"/>
   <topicref FeatureID="-1" href="PHOB_HLP_GROUP_LIST.html" navtitle="رابطہ کے گروپ"/>
   <topicref FeatureID="-1" href="PHOB_HLP_SIM_LIST.html" navtitle="SIM رابطوں کی ڈائرکٹری"/>
   <topicref FeatureID="-1" href="PHOB_HLP_MY_NUMBERS.html" navtitle="میرے اعداد"/>
   <topicref FeatureID="-1" href="PHOB_HLP_GROUP_MEMBER_LIST.html" navtitle="گروپ ممبران"/>
   <topicref FeatureID="-1" href="PHOB_HLP_SETTINGS.html" navtitle="روابط کي ترتيبات"/>
   <topicref FeatureID="-1" href="PHOB_HLP_NAME_LIST.html" navtitle="روابط کی فہرست"/>
   <topicref FeatureID="-1" href="HLP_CCA_MY_CARD.html" navtitle="میرا کارڈ"/>
   <topicref FeatureID="-1" href="RLOOK_HLP_INFO_VIEW.html" navtitle="ملے ہوئے رابطے کا انتظام کريں"/>
   <topicref FeatureID="-1" href="HLP_CCA_EDITOR.html" navtitle="کارڈ ترميم"/>
   <topicref FeatureID="-1" href="PHOB_HLP_CONTACT_INFO_VIEW.html" navtitle="رابطہ کارڈ"/>
   <topicref FeatureID="-1" href="PHOB_HLP_EDIT_ENTRY.html" navtitle="کارڈ ترميم"/>
   <topicref FeatureID="-1" href="FDN_HLP_FDN_NUMBER_VIEW.html" navtitle="فکسڈ ڈائلنگ رابطے"/>
   <topicref FeatureID="-1" href="FDN_HLP_FDN_VIEW.html" navtitle="کالوں پر پابندی لگائیں"/>
   <topicref FeatureID="-1" href="SDN_HLP_APP.html" navtitle="خدمت کے نمبر"/>
   <topicref FeatureID="-1" href="PHOB_HLP_SIM_INFO_VIEW.html" navtitle="SIM رابطہ کارڈز"/>
</topics>