<?xml version="1.0" encoding="UTF-8"?>
<keywords>
   <keywords>
      <text FeatureID="-1">فکسڈ ڈائلنگ</text>
      <target FeatureID="-1" href="FDN_HLP_FDN_NUM_EDIT_VIEW.html">رابطوں میں ترمیم کریں</target>
      <target FeatureID="-1" href="FDN_HLP_FDN_NUMBER_VIEW.html">فکسڈ ڈائلنگ رابطے</target>
      <target FeatureID="-1" href="FDN_HLP_FDN_VIEW.html">کالوں پر پابندی لگائیں</target>
   </keywords>
   <keywords>
      <text FeatureID="-1">کال پر پابندي</text>
      <target FeatureID="-1" href="FDN_HLP_FDN_VIEW.html">کالوں پر پابندی لگائیں</target>
   </keywords>
   <keywords>
      <text FeatureID="-1">خدمت کے نمبر</text>
      <target FeatureID="-1" href="SDN_HLP_APP.html">خدمت کے نمبر</target>
   </keywords>
   <keywords>
      <text FeatureID="-1">SIM خدمت کے نمبر</text>
      <target FeatureID="-1" href="SDN_HLP_APP.html">خدمت کے نمبر</target>
   </keywords>
   <keywords>
      <text FeatureID="-1">SIM خدمت نمبر</text>
      <target FeatureID="-1" href="SDN_HLP_APP.html">خدمت کے نمبر</target>
   </keywords>
   <keywords>
      <text FeatureID="-1">رابطہ کے گروپ</text>
      <target FeatureID="-1" href="PHOB_HLP_GROUP_LIST.html">رابطہ کے گروپ</target>
      <target FeatureID="-1" href="PHOB_HLP_GROUP_MEMBER_LIST.html">گروپ ممبران</target>
   </keywords>
   <keywords>
      <text FeatureID="-1">SIM کے روابط</text>
      <target FeatureID="-1" href="PHOB_HLP_SIM_LIST.html">SIM رابطوں کی ڈائرکٹری</target>
   </keywords>
   <keywords>
      <text FeatureID="-1">SIM عدد</text>
      <target FeatureID="-1" href="PHOB_HLP_MY_NUMBERS.html">میرے اعداد</target>
   </keywords>
   <keywords>
      <text FeatureID="-1">نام کي ترتيب</text>
      <target FeatureID="-1" href="PHOB_HLP_SETTINGS.html">روابط کي ترتيبات</target>
   </keywords>
   <keywords>
      <text FeatureID="-1">حافظۂ روابط</text>
      <target FeatureID="-1" href="PHOB_HLP_SETTINGS.html">روابط کي ترتيبات</target>
   </keywords>
   <keywords>
      <text FeatureID="-1">آغازی حافظہ</text>
      <target FeatureID="-1" href="PHOB_HLP_SETTINGS.html">روابط کي ترتيبات</target>
   </keywords>
   <keywords>
      <text FeatureID="-1">روابط کي ڈائریکٹری</text>
      <target FeatureID="-1" href="PHOB_HLP_NAME_LIST.html">روابط کي ڈائریکٹری</target>
   </keywords>
   <keywords>
      <text FeatureID="-1">رابطے کي معلومات</text>
      <target FeatureID="-1" href="PHOB_HLP_NAME_LIST.html">روابط کي ڈائریکٹری</target>
   </keywords>
   <keywords>
      <text FeatureID="-1">فون بک</text>
      <target FeatureID="-1" href="PHOB_HLP_NAME_LIST.html">روابط کي ڈائریکٹری</target>
   </keywords>
</keywords>