<?xml version="1.0" encoding="UTF-8"?>
<keywords>
   <keywords>
      <text FeatureID="-1">horloge, alarmes</text>
      <target FeatureID="-1" href="CLK_HLP_ALARM_EDITOR.html">Éditeur d'alarme de l'horloge</target>
   </keywords>
   <keywords>
      <text FeatureID="-1">réveil</text>
      <target FeatureID="-1" href="CLK_HLP_ALARM_EDITOR.html">Éditeur d'alarme de l'horloge</target>
      <target FeatureID="-1" href="CLK_HLP_REAL_TIME_CLOCK_IN.html">Affichage principal de l'horloge</target>
   </keywords>
   <keywords>
      <text FeatureID="-1">horloge</text>
      <target FeatureID="-1" href="CLK_HLP_REAL_TIME_CLOCK_IN.html">Affichage principal de l'horloge</target>
      <target FeatureID="-1" href="CLK_HLP_WRLD_CLK.html">Horloge mondiale</target>
   </keywords>
   <keywords>
      <text FeatureID="-1">paramètres de date et d'heure</text>
      <target FeatureID="-1" href="CLK_HLP_SETTINGS.html">Paramètres de date et d'heure</target>
   </keywords>
   <keywords>
      <text FeatureID="-1">paramètres de l'horloge</text>
      <target FeatureID="-1" href="CLK_HLP_SETTINGS.html">Paramètres de date et d'heure</target>
   </keywords>
   <keywords>
      <text FeatureID="-1">horloge, fuseaux horaires</text>
      <target FeatureID="-1" href="CLK_HLP_REAL_TIME_CLOCK_AN.html">Heure locale</target>
   </keywords>
   <keywords>
      <text FeatureID="-1">heure locale et fuseau horaire</text>
      <target FeatureID="-1" href="CLK_HLP_REAL_TIME_CLOCK_AN.html">Heure locale</target>
   </keywords>
   <keywords>
      <text FeatureID="-1">horloge mondiale</text>
      <target FeatureID="-1" href="CLK_HLP_WRLD_CLK.html">Horloge mondiale</target>
   </keywords>
</keywords>