<?xml version="1.0" encoding="UTF-8"?>
<keywords>
   <keywords>
      <text FeatureID="true_410">การโทร, การโทรออก</text>
      <target FeatureID="true_410" href="DIALER_HLP_MAIN.html">การโทรออก</target>
   </keywords>
   <keywords>
      <text FeatureID="-1">การโทร</text>
      <target FeatureID="-1" href="INCAL_HLP_CALL_HANDLING.html">การโทร</target>
   </keywords>
   <keywords>
      <text FeatureID="-1">สายประชุม</text>
      <target FeatureID="-1" href="INCAL_HLP_CALL_HANDLING.html">การโทร</target>
   </keywords>
   <keywords>
      <text FeatureID="-1">สลับสาย</text>
      <target FeatureID="-1" href="INCAL_HLP_CALL_HANDLING.html">การโทร</target>
   </keywords>
   <keywords>
      <text FeatureID="-1">โทรศัพท์</text>
      <target FeatureID="-1" href="INCAL_HLP_CALL_HANDLING.html">การโทร</target>
   </keywords>
   <keywords>
      <text FeatureID="true_410">แบบเสียง DTMF</text>
      <target FeatureID="true_410" href="DIALER_HLP_SEND_DTMF.html">ส่งแบบเสียง DTMF</target>
   </keywords>
   <keywords>
      <text FeatureID="true_89">สายวิดีโอ</text>
      <target FeatureID="true_89" href="INCAL_HLP_VIDEO_CALL.html">สายวิดีโอ</target>
   </keywords>
</keywords>