<?xml version="1.0" encoding="UTF-8"?>
<keywords>
   <keywords>
      <text FeatureID="-1">главный экран</text>
      <target FeatureID="-1" href="SET_HLP_HOME_SCREEN.html">Главный экран</target>
      <target FeatureID="-1" href="SET_HLP_HOME_SCREEN_EDIT.html">Изменение главного экрана</target>
   </keywords>
   <keywords>
      <text FeatureID="-1">мини-приложения</text>
      <target FeatureID="-1" href="WM_HLP_WIDGET_COLLECTION.html">Каталог мини-приложений</target>
   </keywords>
</keywords>