<?xml version="1.0" encoding="UTF-8"?>
<keywords>
   <keywords>
      <text FeatureID="-1">reenviament de missatges</text>
      <target FeatureID="-1" href="MMS_HLP_MMS_FWD_REQUEST.html">Reenvieu missatges multimèdia</target>
   </keywords>
   <keywords>
      <text FeatureID="-1">missatges multimèdia</text>
      <target FeatureID="-1" href="MMS_HLP_MMS_FWD_REQUEST_SEND.html">Reenvieu elements enviats sota petició</target>
      <target FeatureID="-1" href="MMS_HLP_MMS_VIEWER.html">Visualitzeu missatges multimèdia</target>
   </keywords>
   <keywords>
      <text FeatureID="-1">notificacions multimèdia</text>
      <target FeatureID="-1" href="MMS_HLP_NOTIFICATION_VIEWER.html">Notificacions multimèdia</target>
   </keywords>
   <keywords>
      <text FeatureID="-1">objectes multimèdia</text>
      <target FeatureID="-1" href="MMS_HLP_OBJECTS_VIEW_VIEWER.html">Visualitzeu objectes multimèdia</target>
      <target FeatureID="-1" href="MMS_HLP_OBJECTS_VIEW_VIEWER.html">Visualitzeu objectes multimèdia</target>
   </keywords>
   <keywords>
      <text FeatureID="-1">MMS</text>
      <target FeatureID="-1" href="MMS_HLP_MMS_VIEWER.html">Visualitzeu missatges multimèdia</target>
   </keywords>
</keywords>