<?xml version="1.0" encoding="UTF-8"?>
<keywords>
   <keywords>
      <text FeatureID="-1">ارسال پیام</text>
      <target FeatureID="-1" href="UNIFIED_HLP_EDITOR.html">ایجاد پیام</target>
   </keywords>
   <keywords>
      <text FeatureID="-1">ویرایشگر پیام</text>
      <target FeatureID="-1" href="UNIFIED_HLP_EDITOR.html">ایجاد پیام</target>
   </keywords>
   <keywords>
      <text FeatureID="-1">پیامها</text>
      <target FeatureID="-1" href="UNIFIED_HLP_SENDING_OPTIONS.html">گزینه های ارسال</target>
   </keywords>
   <keywords>
      <text FeatureID="-1">گزینه های ارسال</text>
      <target FeatureID="-1" href="UNIFIED_HLP_SENDING_OPTIONS.html">گزینه های ارسال</target>
   </keywords>
   <keywords>
      <text FeatureID="-1">موارد رسانه ای</text>
      <target FeatureID="-1" href="UNIFIED_HLP_ED_OBJECTS.html">اشیاء رسانه ای دریافتی</target>
   </keywords>
   <keywords>
      <text FeatureID="-1">موارد چندرسانه ای</text>
      <target FeatureID="-1" href="UNIFIED_HLP_ED_OBJECTS.html">اشیاء رسانه ای دریافتی</target>
   </keywords>
</keywords>