<?xml version="1.0" encoding="UTF-8"?>
<keywords>
   <keywords>
      <text FeatureID="-1">gagnaflutningur</text>
      <target FeatureID="-1" href="SWITCH_HLP_EDIT_SHORTCUT.html">Stillingar flýtivísa</target>
      <target FeatureID="-1" href="SWITCH_HLP_MAIN.html">Flutningur gagna</target>
      <target FeatureID="-1" href="SWITCH_HLP_LOG.html">Flutnings­skrá</target>
   </keywords>
   <keywords>
      <text FeatureID="-1">flutningur gagna</text>
      <target FeatureID="-1" href="SWITCH_HLP_EDIT_SHORTCUT.html">Stillingar flýtivísa</target>
      <target FeatureID="-1" href="SWITCH_HLP_MAIN.html">Flutningur gagna</target>
   </keywords>
   <keywords>
      <text FeatureID="-1">flýtivísar</text>
      <target FeatureID="-1" href="SWITCH_HLP_EDIT_SHORTCUT.html">Stillingar flýtivísa</target>
   </keywords>
   <keywords>
      <text FeatureID="-1">gagnaflutningur, árekstrar</text>
      <target FeatureID="-1" href="SWITCH_HLP_CONFLICT.html">Flutningsárekstrar</target>
   </keywords>
   <keywords>
      <text FeatureID="-1">afritun efnis</text>
      <target FeatureID="-1" href="SWITCH_HLP_MAIN.html">Flutningur gagna</target>
   </keywords>
   <keywords>
      <text FeatureID="-1">flutningsskrá</text>
      <target FeatureID="-1" href="SWITCH_HLP_LOG.html">Flutnings­skrá</target>
   </keywords>
</keywords>