<?xml version="1.0" encoding="UTF-8"?>
<keywords>
   <keywords>
      <text FeatureID="-1">nag-e-edit ng mga imahe</text>
      <target FeatureID="-1" href="SIE_HLP_MAIN.html">Mag-edit ng mga imahe</target>
   </keywords>
   <keywords>
      <text FeatureID="-1">pag-e-edit ng text</text>
      <target FeatureID="-1" href="SIE_HLP_EDIT_TEXT.html">I-edit ang text sa mga imahe</target>
   </keywords>
   <keywords>
      <text FeatureID="-1">editor ng imahe</text>
      <target FeatureID="-1" href="SIE_HLP_EDIT_TEXT.html">I-edit ang text sa mga imahe</target>
   </keywords>
   <keywords>
      <text FeatureID="-1">pag-edit ng mga nai-zoom na imahe</text>
      <target FeatureID="-1" href="SIE_HLP_ZOOMING.html">Mag-edit ng mga nai-zoom na imahe</target>
   </keywords>
   <keywords>
      <text FeatureID="-1">pag-zoom ng mga imahe</text>
      <target FeatureID="-1" href="SIE_HLP_ZOOMING.html">Mag-edit ng mga nai-zoom na imahe</target>
   </keywords>
   <keywords>
      <text FeatureID="-1">nag-e-edit ng clip art</text>
      <target FeatureID="-1" href="SIE_HLP_EDIT_CLIPART.html">Mag-edit ng clip art</target>
   </keywords>
   <keywords>
      <text FeatureID="-1">nag-e-edit ng talk bubbles</text>
      <target FeatureID="-1" href="SIE_HLP_EDIT_CLIPART.html">Mag-edit ng clip art</target>
   </keywords>
   <keywords>
      <text FeatureID="-1">binabawasan ang epektong red-eye</text>
      <target FeatureID="-1" href="SIE_HLP_REDEYE.html">Bawasan ang epektong red-eye</target>
   </keywords>
</keywords>