<?xml version="1.0" encoding="UTF-8"?>
<keywords>
   <keywords>
      <text FeatureID="-1">камера</text>
      <target FeatureID="-1" href="LCAM_HLP_VIEWFINDER_PHOTO.html">Створення фотографій</target>
      <target FeatureID="-1" href="LCAM_HLP_LIGHT_SENSITIVITY.html">Змінення світлочутливості</target>
      <target FeatureID="-1" href="LCAM_HLP_SETTINGS_PHOUSER.html">Визначення режимів зйомки</target>
      <target FeatureID="-1" href="LCAM_HLP_SCENES_PHOTO.html">Режими зображень</target>
      <target FeatureID="-1" href="LCAM_HLP_VIEWFINDER_VIDEO.html">Записування відеокліпів</target>
      <target FeatureID="-1" href="LCAM_HLP_SCENES_VIDEO.html">Режими відео</target>
      <target FeatureID="-1" href="LCAM_HLP_VIEWFINDER_VIDEO_EM.html">Відео у програмах</target>
      <target FeatureID="-1" href="LCAM_HLP_STANDBY_EM.html">Камера не активна</target>
      <target FeatureID="-1" href="LCAM_HLP_POST_VIDEO.html">Відтворення відеокліпів</target>
      <target FeatureID="-1" href="LCAM_HLP_POST_PHOTO.html">Перегляд створених фотографій</target>
   </keywords>
   <keywords>
      <text FeatureID="-1">створення фотографій</text>
      <target FeatureID="-1" href="LCAM_HLP_VIEWFINDER_PHOTO.html">Створення фотографій</target>
   </keywords>
   <keywords>
      <text FeatureID="-1">світлочутливість</text>
      <target FeatureID="-1" href="LCAM_HLP_LIGHT_SENSITIVITY.html">Змінення світлочутливості</target>
   </keywords>
   <keywords>
      <text FeatureID="-1">режими зйомки</text>
      <target FeatureID="-1" href="LCAM_HLP_SETTINGS_PHOUSER.html">Визначення режимів зйомки</target>
      <target FeatureID="-1" href="LCAM_HLP_SCENES_PHOTO.html">Режими зображень</target>
   </keywords>
   <keywords>
      <text FeatureID="-1">установки камери</text>
      <target FeatureID="-1" href="LCAM_HLP_SETTINGS.html">Установки камери</target>
   </keywords>
   <keywords>
      <text FeatureID="-1">камера, установки</text>
      <target FeatureID="-1" href="LCAM_HLP_SETTINGS_PHOTO.html">Установки зображень</target>
      <target FeatureID="-1" href="LCAM_HLP_SETTINGS_VIDEO.html">Установки відео</target>
   </keywords>
   <keywords>
      <text FeatureID="-1">записування відео</text>
      <target FeatureID="-1" href="LCAM_HLP_VIEWFINDER_VIDEO.html">Записування відеокліпів</target>
   </keywords>
   <keywords>
      <text FeatureID="-1">режими відео</text>
      <target FeatureID="-1" href="LCAM_HLP_SCENES_VIDEO.html">Режими відео</target>
   </keywords>
   <keywords>
      <text FeatureID="-1">відео, установки</text>
      <target FeatureID="-1" href="LCAM_HLP_SETTINGS_VIDEO.html">Установки відео</target>
   </keywords>
   <keywords>
      <text FeatureID="-1">відеокліпи у програмах</text>
      <target FeatureID="-1" href="LCAM_HLP_VIEWFINDER_VIDEO_EM.html">Відео у програмах</target>
   </keywords>
   <keywords>
      <text FeatureID="-1">відтворення відеокліпів</text>
      <target FeatureID="-1" href="LCAM_HLP_POST_VIDEO.html">Відтворення відеокліпів</target>
   </keywords>
   <keywords>
      <text FeatureID="-1">камера у програмах</text>
      <target FeatureID="-1" href="LCAM_HLP_VIEWFINDER_PHOTO_EM.html">Зображення у програмах</target>
   </keywords>
   <keywords>
      <text FeatureID="-1">перегляд зображень</text>
      <target FeatureID="-1" href="LCAM_HLP_POST_PHOTO.html">Перегляд створених фотографій</target>
   </keywords>
</keywords>