<?xml version="1.0" encoding="UTF-8"?>
<keywords>
   <keywords>
      <text FeatureID="-1">διαχείριση συσκευής</text>
      <target FeatureID="-1" href="DM_HLP_MAIN_VIEW.html">Λογισμικό συσκευής</target>
      <target FeatureID="-1" href="DM_HLP_SETTINGS.html">Ρυθμίσεις προφίλ διακομιστή</target>
      <target FeatureID="-1" href="DM_HLP_SERVERS_VIEW.html">Διαμόρφωση εξ αποστάσεως</target>
   </keywords>
   <keywords>
      <text FeatureID="-1">ρυθμίσεις διαμόρφωσης</text>
      <target FeatureID="-1" href="DM_HLP_MAIN_VIEW.html">Λογισμικό συσκευής</target>
   </keywords>
   <keywords>
      <text FeatureID="-1">Διαχείριση συσκευής</text>
      <target FeatureID="-1" href="FOTA_HLP_SETTINGS.html">Ρυθμίσεις ενημέρωσης λογισμικού</target>
   </keywords>
   <keywords>
      <text FeatureID="-1">ρυθμίσεις ενημέρωσης λογισμικού</text>
      <target FeatureID="-1" href="FOTA_HLP_SETTINGS.html">Ρυθμίσεις ενημέρωσης λογισμικού</target>
   </keywords>
   <keywords>
      <text FeatureID="-1">ρυθμίσεις προφίλ διακομιστή</text>
      <target FeatureID="-1" href="DM_HLP_SETTINGS.html">Ρυθμίσεις προφίλ διακομιστή</target>
   </keywords>
   <keywords>
      <text FeatureID="-1">διαμόρφωση εξ αποστάσεως</text>
      <target FeatureID="-1" href="DM_HLP_SERVERS_VIEW.html">Διαμόρφωση εξ αποστάσεως</target>
   </keywords>
</keywords>