<?xml version="1.0" encoding="UTF-8"?>
<keywords>
   <keywords>
      <text FeatureID="-1">předání zpráv</text>
      <target FeatureID="-1" href="MMS_HLP_MMS_FWD_REQUEST.html">Předání multimediálních zpráv</target>
   </keywords>
   <keywords>
      <text FeatureID="-1">multimediální zprávy</text>
      <target FeatureID="-1" href="MMS_HLP_MMS_FWD_REQUEST_SEND.html">Žádost o předání v odeslaných položkách</target>
      <target FeatureID="-1" href="MMS_HLP_MMS_VIEWER.html">Prohlížení multimediálních zpráv</target>
   </keywords>
   <keywords>
      <text FeatureID="-1">oznámení multimédií</text>
      <target FeatureID="-1" href="MMS_HLP_NOTIFICATION_VIEWER.html">Oznámení multimédií</target>
   </keywords>
   <keywords>
      <text FeatureID="-1">objekty médií</text>
      <target FeatureID="-1" href="MMS_HLP_OBJECTS_VIEW_VIEWER.html">Prohlížení mediálních objektů</target>
   </keywords>
   <keywords>
      <text FeatureID="-1">multimediální objekty</text>
      <target FeatureID="-1" href="MMS_HLP_OBJECTS_VIEW_VIEWER.html">Prohlížení mediálních objektů</target>
   </keywords>
   <keywords>
      <text FeatureID="-1">MMS</text>
      <target FeatureID="-1" href="MMS_HLP_MMS_VIEWER.html">Prohlížení multimediálních zpráv</target>
   </keywords>
</keywords>