<?xml version="1.0" encoding="UTF-8"?>
<keywords>
   <keywords>
      <text FeatureID="-1">同步</text>
      <target FeatureID="-1" href="DS_HLP_MAIN_VIEW.html">数据同步</target>
   </keywords>
   <keywords>
      <text FeatureID="-1">同步情景模式</text>
      <target FeatureID="-1" href="DS_HLP_MAIN_VIEW.html">数据同步</target>
   </keywords>
   <keywords>
      <text FeatureID="-1">同步情景模式设置</text>
      <target FeatureID="-1" href="DS_HLP_SETTINGS.html">编辑同步情景模式</target>
   </keywords>
   <keywords>
      <text FeatureID="-1">同步设置</text>
      <target FeatureID="-1" href="DS_HLP_SETTINGS_CAL.html">日历同步设置</target>
      <target FeatureID="-1" href="DS_HLP_SETTINGS_CNT.html">名片夹同步设置</target>
      <target FeatureID="-1" href="DS_HLP_SETTINGS_NOTES.html">记事本同步设置</target>
      <target FeatureID="-1" href="DS_HLP_SETTINGS_SMS.html">短信息同步设置</target>
      <target FeatureID="true_44" href="DS_HLP_SETTINGS_SYNCML.html">电子邮件同步设置</target>
   </keywords>
</keywords>