<?xml version="1.0" encoding="UTF-8"?>
<keywords>
   <keywords>
      <text FeatureID="-1">nilalaman para sa pagbabahagi</text>
      <target FeatureID="-1" href="UPNP_HLP_SHARE_CONTENT.html">Pumili ng nilalaman para sa pagbabahagi</target>
   </keywords>
   <keywords>
      <text FeatureID="-1">home media</text>
      <target FeatureID="-1" href="UPNP_HLP_SHARE_CONTENT.html">Pumili ng nilalaman para sa pagbabahagi</target>
      <target FeatureID="-1" href="UPNP_HLP_SHARING_PROP.html">Mga setting sa pagbabahagi</target>
      <target FeatureID="-1" href="UPNP_HLP_MAIN_VIEW.html">Home media</target>
      <target FeatureID="-1" href="UPNP_HLP_MAIN_EXTERNAL.html">Mga aparato ng home media</target>
      <target FeatureID="-1" href="UPNP_HLP_CONTENT_VIEW.html">Mga media file ng home</target>
      <target FeatureID="-1" href="UPNP_HLP_REMOTE_DEVICES.html">Mga folder ng home media</target>
      <target FeatureID="-1" href="UPNP_HLP_SEARCH.html">Mga resulta sa paghahanap</target>
   </keywords>
   <keywords>
      <text FeatureID="-1">pagbahagi ng mga imahe at video</text>
      <target FeatureID="-1" href="UPNP_HLP_SHARE_CONTENT.html">Pumili ng nilalaman para sa pagbabahagi</target>
   </keywords>
   <keywords>
      <text FeatureID="-1">pagbahagi ng mga media file</text>
      <target FeatureID="-1" href="UPNP_HLP_SHARING_PROP.html">Mga setting sa pagbabahagi</target>
      <target FeatureID="-1" href="UPNP_HLP_MAIN_VIEW.html">Home media</target>
      <target FeatureID="-1" href="UPNP_HLP_MAIN_EXTERNAL.html">Mga aparato ng home media</target>
      <target FeatureID="-1" href="UPNP_HLP_CONTENT_VIEW.html">Mga media file ng home</target>
      <target FeatureID="-1" href="UPNP_HLP_REMOTE_DEVICES.html">Mga folder ng home media</target>
      <target FeatureID="-1" href="UPNP_HLP_SEARCH.html">Mga resulta sa paghahanap</target>
   </keywords>
   <keywords>
      <text FeatureID="-1">pag-tingin sa mga file na nasa remote na aparato</text>
      <target FeatureID="-1" href="UPNP_HLP_SHARING_PROP.html">Mga setting sa pagbabahagi</target>
      <target FeatureID="-1" href="UPNP_HLP_MAIN_VIEW.html">Home media</target>
      <target FeatureID="-1" href="UPNP_HLP_MAIN_EXTERNAL.html">Mga aparato ng home media</target>
      <target FeatureID="-1" href="UPNP_HLP_CONTENT_VIEW.html">Mga media file ng home</target>
      <target FeatureID="-1" href="UPNP_HLP_REMOTE_DEVICES.html">Mga folder ng home media</target>
      <target FeatureID="-1" href="UPNP_HLP_SEARCH.html">Mga resulta sa paghahanap</target>
   </keywords>
   <keywords>
      <text FeatureID="-1">mga katangian ng pagbabahagi</text>
      <target FeatureID="-1" href="UPNP_HLP_SHARING_PROP.html">Mga setting sa pagbabahagi</target>
   </keywords>
</keywords>