<?xml version="1.0" encoding="UTF-8"?>
<keywords>
   <keywords>
      <text FeatureID="-1">sending skilaboða</text>
      <target FeatureID="-1" href="UNIFIED_HLP_EDITOR.html">Skilaboð búin til</target>
   </keywords>
   <keywords>
      <text FeatureID="-1">ritill skilaboða</text>
      <target FeatureID="-1" href="UNIFIED_HLP_EDITOR.html">Skilaboð búin til</target>
   </keywords>
   <keywords>
      <text FeatureID="-1">skilaboð</text>
      <target FeatureID="-1" href="UNIFIED_HLP_SENDING_OPTIONS.html">Sendikostir</target>
   </keywords>
   <keywords>
      <text FeatureID="-1">sendikostir</text>
      <target FeatureID="-1" href="UNIFIED_HLP_SENDING_OPTIONS.html">Sendikostir</target>
   </keywords>
   <keywords>
      <text FeatureID="-1">miðlunarhlutir</text>
      <target FeatureID="-1" href="UNIFIED_HLP_ED_OBJECTS.html">Mótteknir miðlunarhlutir</target>
   </keywords>
   <keywords>
      <text FeatureID="-1">margmiðlunarhlutir</text>
      <target FeatureID="-1" href="UNIFIED_HLP_ED_OBJECTS.html">Mótteknir miðlunarhlutir</target>
   </keywords>
</keywords>