<?xml version="1.0" encoding="UTF-8"?><?xml-stylesheet  href="../../theme/xsl/index2html.xslt" type="text/xsl"?>
<topics FeatureID="-1" title="วิดีโอ &amp; ทีวี" compressed="true">
   <topicref FeatureID="-1" href="IPTV_HLP_MAIN_STATE.html" navtitle="วิดีโอ &amp; ทีวี"/>
   <topicref FeatureID="-1" href="IPTV_HLP_VODCAST_MAIN.html" navtitle="ลิงค์ข่าววิดีโอ"/>
   <topicref FeatureID="-1" href="IPTV_HLP_SERVICE_SELECTION_VOD.html" navtitle="การเลือกบริการวิดีโอ"/>
   <topicref FeatureID="-1" href="IPTV_HLP_VOD_CATEGORIES.html" navtitle="ประเภทวิดีโอ"/>
   <topicref FeatureID="-1" href="IPTV_HLP_VOD.html" navtitle="การดูและดาวน์โหลดวิดีโอคลิป"/>
   <topicref FeatureID="-1" href="IPTV_HLP_SCHEDULE_DOWNLOAD.html" navtitle="กำหนดเวลาดาวน์โหลด"/>
   <topicref FeatureID="-1" href="IPTV_HLP_STORAGE.html" navtitle="วิดีโอของฉัน"/>
   <topicref FeatureID="-1" href="IPTV_HLP_SETTINGS.html" navtitle="การตั้งค่าวิดีโอ &amp; ทีวี"/>
   <topicref FeatureID="-1" href="IPTV_HLP_SERVICE_SEL_VODCAST.html" navtitle="การเลือกลิงค์ข่าววิดีโอ"/>
   <topicref FeatureID="-1" href="IPTV_HLP_ADD_SERVICE.html" navtitle="เพิ่มลิงค์ข่าววิดีโอ"/>
</topics>