<?xml version="1.0" encoding="UTF-8"?>
<keywords>
   <keywords>
      <text FeatureID="-1">วิดีโอ &amp; ทีวี</text>
      <target FeatureID="-1" href="IPTV_HLP_MAIN_STATE.html">วิดีโอ &amp; ทีวี</target>
      <target FeatureID="-1" href="IPTV_HLP_VODCAST_MAIN.html">ลิงค์ข่าววิดีโอ</target>
      <target FeatureID="-1" href="IPTV_HLP_SERVICE_SELECTION_VOD.html">การเลือกบริการวิดีโอ</target>
      <target FeatureID="-1" href="IPTV_HLP_VOD_CATEGORIES.html">ประเภทวิดีโอ</target>
      <target FeatureID="-1" href="IPTV_HLP_VOD.html">การดูและดาวน์โหลดวิดีโอคลิป</target>
      <target FeatureID="-1" href="IPTV_HLP_SCHEDULE_DOWNLOAD.html">กำหนดเวลาดาวน์โหลด</target>
      <target FeatureID="-1" href="IPTV_HLP_STORAGE.html">วิดีโอของฉัน</target>
      <target FeatureID="-1" href="IPTV_HLP_SERVICE_SEL_VODCAST.html">การเลือกลิงค์ข่าววิดีโอ</target>
      <target FeatureID="-1" href="IPTV_HLP_ADD_SERVICE.html">เพิ่มลิงค์ข่าววิดีโอ</target>
   </keywords>
   <keywords>
      <text FeatureID="-1">ลิงค์ข่าววิดีโอ</text>
      <target FeatureID="-1" href="IPTV_HLP_VODCAST_MAIN.html">ลิงค์ข่าววิดีโอ</target>
      <target FeatureID="-1" href="IPTV_HLP_VOD_CATEGORIES.html">ประเภทวิดีโอ</target>
      <target FeatureID="-1" href="IPTV_HLP_SERVICE_SEL_VODCAST.html">การเลือกลิงค์ข่าววิดีโอ</target>
      <target FeatureID="-1" href="IPTV_HLP_ADD_SERVICE.html">เพิ่มลิงค์ข่าววิดีโอ</target>
   </keywords>
   <keywords>
      <text FeatureID="-1">ดาวน์โหลด, คลิปวิดีโอ</text>
      <target FeatureID="-1" href="IPTV_HLP_VOD.html">การดูและดาวน์โหลดวิดีโอคลิป</target>
      <target FeatureID="-1" href="IPTV_HLP_SCHEDULE_DOWNLOAD.html">กำหนดเวลาดาวน์โหลด</target>
   </keywords>
   <keywords>
      <text FeatureID="-1">วิดีโอ &amp; ทีวี, การตั้งค่า</text>
      <target FeatureID="-1" href="IPTV_HLP_SETTINGS.html">การตั้งค่าวิดีโอ &amp; ทีวี</target>
   </keywords>
   <keywords>
      <text FeatureID="-1">การตั้งค่า, วิดีโอ</text>
      <target FeatureID="-1" href="IPTV_HLP_SETTINGS.html">การตั้งค่าวิดีโอ &amp; ทีวี</target>
   </keywords>
</keywords>