<?xml version="1.0" encoding="UTF-8"?>
<keywords>
   <keywords>
      <text FeatureID="true_11008 false_11008">registracija uređaja</text>
      <target FeatureID="true_11008" href="DRM_HLP_REGISTRATION_METERING.html">Registracija uređaja</target>
      <target FeatureID="false_11008" href="DRM_HLP_REGISTRATION.html">Registracija uređaja</target>
   </keywords>
   <keywords>
      <text FeatureID="true_11008">sticanje nečujnih prava</text>
      <target FeatureID="true_11008" href="DRM_HLP_REGISTRATION_METERING.html">Registracija uređaja</target>
   </keywords>
   <keywords>
      <text FeatureID="true_11008">merenje</text>
      <target FeatureID="true_11008" href="DRM_HLP_REGISTRATION_METERING.html">Registracija uređaja</target>
   </keywords>
</keywords>