<?xml version="1.0" encoding="UTF-8"?>
<keywords>
   <keywords>
      <text FeatureID="-1">местоположения</text>
      <target FeatureID="-1" href="HLP_LOC_EVENTS_VIEW.html">Главен екран на събития за местоположение</target>
   </keywords>
   <keywords>
      <text FeatureID="-1">местоположения, ново събитие</text>
      <target FeatureID="-1" href="HLP_LOC_EVENTS_EDITOR.html">Ново събитие</target>
   </keywords>
</keywords>