<?xml version="1.0" encoding="UTF-8"?>
<keywords>
   <keywords>
      <text FeatureID="-1">telefonski predal</text>
      <target FeatureID="-1" href="SMSVO_HLP_MAIN_VIEW.html">Telefonski predal</target>
      <target FeatureID="true_298" href="SMSVO_HLP_CS_VIDEO_AND_XSP_VOIP.html">Telefonski predal, videopredal in predal za internetne klice</target>
   </keywords>
   <keywords>
      <text FeatureID="-1">telefonski odzivnik</text>
      <target FeatureID="-1" href="SMSVO_HLP_MAIN_VIEW.html">Telefonski predal</target>
      <target FeatureID="true_89" href="SMSVO_HLP_CS_AND_VIDEO.html">Telefonski in videopredal</target>
      <target FeatureID="true_298" href="SMSVO_HLP_CS_VIDEO_AND_XSP_VOIP.html">Telefonski predal, videopredal in predal za internetne klice</target>
   </keywords>
   <keywords>
      <text FeatureID="true_89">videopredal</text>
      <target FeatureID="true_89" href="SMSVO_HLP_CS_AND_VIDEO.html">Telefonski in videopredal</target>
   </keywords>
   <keywords>
      <text FeatureID="true_298">predal za internetne klice</text>
      <target FeatureID="true_298" href="SMSVO_HLP_CS_VIDEO_AND_XSP_VOIP.html">Telefonski predal, videopredal in predal za internetne klice</target>
   </keywords>
</keywords>