<?xml version="1.0" encoding="UTF-8"?>
<keywords>
   <keywords>
      <text FeatureID="-1">bewerken, notities</text>
      <target FeatureID="-1" href="NMAKE_HLP_MEMO_VIEWER_EDIT.html">Notities in toepassingen bewerken</target>
   </keywords>
   <keywords>
      <text FeatureID="-1">ontvangen, notities</text>
      <target FeatureID="-1" href="NMAKE_HLP_MEMO_VIEWER.html">Ontvangen notities weergeven</target>
   </keywords>
   <keywords>
      <text FeatureID="-1">berichtensjablonen</text>
      <target FeatureID="-1" href="NMAKE_HLP_TEMPLATE_EDITOR.html">Berichtensjablonen maken</target>
   </keywords>
   <keywords>
      <text FeatureID="-1">berichtensjablonen maken</text>
      <target FeatureID="-1" href="NMAKE_HLP_TEMPLATE_EDITOR.html">Berichtensjablonen maken</target>
   </keywords>
   <keywords>
      <text FeatureID="-1">maken, berichtensjablonen</text>
      <target FeatureID="-1" href="NMAKE_HLP_TEMPLATE_EDITOR.html">Berichtensjablonen maken</target>
   </keywords>
   <keywords>
      <text FeatureID="-1">notities, lijst</text>
      <target FeatureID="-1" href="NMAKE_HLP_MEMO_LIST.html">Lijst notities</target>
   </keywords>
   <keywords>
      <text FeatureID="-1">schrijven, notities</text>
      <target FeatureID="-1" href="NMAKE_HLP_MEMO_LIST.html">Lijst notities</target>
      <target FeatureID="-1" href="NMAKE_HLP_MEMO_EDITOR_APPS.html">Notities schrijven in toepassingen</target>
      <target FeatureID="-1" href="NMAKE_HLP_MEMO_EDITOR.html">Notities schrijven</target>
   </keywords>
</keywords>