<?xml version="1.0" encoding="UTF-8"?>
<keywords>
   <keywords>
      <text FeatureID="-1">Photos</text>
      <target FeatureID="-1" href="LGAL_HLP_ALBUM_LIST.html">Albums</target>
      <target FeatureID="-1" href="LGAL_HLP_ALL_GRID.html">Parcourir tous les fichiers multimédias</target>
      <target FeatureID="-1" href="LGAL_HLP_ALBUM_GRID.html">Parcourir les fichiers multimédias dans les albums</target>
      <target FeatureID="-1" href="LGAL_HLP_TAGS_GRID.html">Parcourir des fichiers multimédias étiquetés</target>
      <target FeatureID="-1" href="LGAL_HLP_DETAILS_VIEW.html">Afficher et modifier les détails d'un fichier</target>
      <target FeatureID="-1" href="LGAL_HLP_TAGS_BROWSER.html">Étiquettes</target>
      <target FeatureID="-1" href="LGAL_HLP_MONTH_FULLSCREEN.html">Afficher les fichiers multimédias classés par mois</target>
      <target FeatureID="-1" href="LGAL_HLP_MONTH_GRID.html">Parcourir les fichiers multimédias par mois</target>
      <target FeatureID="-1" href="LGAL_HLP_VIEW_LIST.html">Photos</target>
      <target FeatureID="-1" href="LGAL_HLP_MONTH_LIST.html">Mois</target>
      <target FeatureID="-1" href="LGAL_HLP_SLIDESHOW_SETTINGS.html">Paramètres de diaporama</target>
      <target FeatureID="-1" href="LGAL_HLP_ALL_FULLSCREEN.html">Afficher tous les fichiers multimédias</target>
      <target FeatureID="-1" href="LGAL_HLP_ALBUM_FULLSCREEN.html">Afficher les fichiers multimédias dans des albums</target>
      <target FeatureID="-1" href="LGAL_HLP_TAGS_FULLSCREEN.html">Afficher les fichiers multimédias étiquetés</target>
   </keywords>
   <keywords>
      <text FeatureID="-1">albums</text>
      <target FeatureID="-1" href="LGAL_HLP_ALBUM_LIST.html">Albums</target>
      <target FeatureID="-1" href="LGAL_HLP_ALBUM_GRID.html">Parcourir les fichiers multimédias dans les albums</target>
      <target FeatureID="-1" href="LGAL_HLP_VIEW_LIST.html">Photos</target>
      <target FeatureID="-1" href="LGAL_HLP_ALBUM_FULLSCREEN.html">Afficher les fichiers multimédias dans des albums</target>
   </keywords>
   <keywords>
      <text FeatureID="-1">étiquettes</text>
      <target FeatureID="-1" href="LGAL_HLP_TAGS_GRID.html">Parcourir des fichiers multimédias étiquetés</target>
      <target FeatureID="-1" href="LGAL_HLP_TAGS_BROWSER.html">Étiquettes</target>
      <target FeatureID="-1" href="LGAL_HLP_VIEW_LIST.html">Photos</target>
      <target FeatureID="-1" href="LGAL_HLP_TAGS_FULLSCREEN.html">Afficher les fichiers multimédias étiquetés</target>
   </keywords>
   <keywords>
      <text FeatureID="-1">diaporama</text>
      <target FeatureID="-1" href="LGAL_HLP_SLIDESHOW_SETTINGS.html">Paramètres de diaporama</target>
   </keywords>
</keywords>