<?xml version="1.0" encoding="UTF-8"?>
<keywords>
   <keywords>
      <text FeatureID="-1">إذاعة</text>
      <target FeatureID="-1" href="FMRADIO_HLP_MAIN.html">الاستماع إلى الراديو</target>
      <target FeatureID="-1" href="FMRADIO_HLP_SEARCH.html">البحث عن المحطات</target>
      <target FeatureID="-1" href="FMRADIO_HLP_LIST.html"> إدارة محطات الراديو</target>
   </keywords>
   <keywords>
      <text FeatureID="-1">إذاعة FM</text>
      <target FeatureID="-1" href="FMRADIO_HLP_MAIN.html">الاستماع إلى الراديو</target>
      <target FeatureID="-1" href="FMRADIO_HLP_SEARCH.html">البحث عن المحطات</target>
      <target FeatureID="-1" href="FMRADIO_HLP_LIST.html"> إدارة محطات الراديو</target>
   </keywords>
</keywords>