<?xml version="1.0" encoding="UTF-8"?>
<keywords>
   <keywords>
      <text FeatureID="-1">hangzástémák</text>
      <target FeatureID="-1" href="AUDIOTHEME_HLP_EVENTGROUPS.html">Hangzástémák módosítása</target>
      <target FeatureID="-1" href="SET_HLP_AUDIO_THEME_EVENTSLIST.html">Eseményekhez tartozó hangok</target>
   </keywords>
   <keywords>
      <text FeatureID="-1">készülék testreszabása</text>
      <target FeatureID="-1" href="AUDIOTHEME_HLP_EVENTGROUPS.html">Hangzástémák módosítása</target>
      <target FeatureID="-1" href="SET_HLP_AUDIO_THEME_EVENTSLIST.html">Eseményekhez tartozó hangok</target>
   </keywords>
   <keywords>
      <text FeatureID="-1">készülék hangjai</text>
      <target FeatureID="-1" href="AUDIOTHEME_HLP_EVENTGROUPS.html">Hangzástémák módosítása</target>
      <target FeatureID="-1" href="SET_HLP_AUDIO_THEME_EVENTSLIST.html">Eseményekhez tartozó hangok</target>
   </keywords>
</keywords>