<?xml version="1.0" encoding="UTF-8"?>
<keywords>
   <keywords>
      <text FeatureID="-1">diccionari</text>
      <target FeatureID="-1" href="DICTIONARY_HLP_MAIN_TAB1.html">Diccionari</target>
   </keywords>
   <keywords>
      <text FeatureID="-1">traducció</text>
      <target FeatureID="-1" href="DICTIONARY_HLP_MAIN_TAB1.html">Diccionari</target>
   </keywords>
   <keywords>
      <text FeatureID="-1">diccionari, traducció</text>
      <target FeatureID="-1" href="DICTIONARY_HLP_RESULTS.html">Resultats de la traducció</target>
   </keywords>
</keywords>