<?xml version="1.0" encoding="UTF-8"?>
<keywords>
   <keywords>
      <text FeatureID="-1">signets</text>
      <target FeatureID="-1" href="OSS_HLP_BM_ADDBM.html">Ajout de signets</target>
   </keywords>
   <keywords>
      <text FeatureID="-1">signets de navigateur</text>
      <target FeatureID="-1" href="OSS_HLP_BM_ADDBM.html">Ajout de signets</target>
      <target FeatureID="-1" href="OSS_HLP_BM_MAIN.html">Navigation avec signets</target>
   </keywords>
   <keywords>
      <text FeatureID="-1">Web</text>
      <target FeatureID="-1" href="OSS_HLP_BM_ADDBM.html">Ajout de signets</target>
      <target FeatureID="true_167" href="OSS_HLP_RSS_ADD.html">Ajouter des sources Web</target>
      <target FeatureID="-1" href="OSS_HLP_PAGEVIEW.html">Naviguer sur le Web</target>
      <target FeatureID="true_167" href="OSS_HLP_RSS_ARTICLE.html">Articles de sources Web</target>
      <target FeatureID="true_167" href="OSS_HLP_RSS_ARTICLELST.html">Sources Web</target>
      <target FeatureID="true_167" href="OSS_HLP_RSS_MAIN.html">Sources Web et blogues</target>
   </keywords>
   <keywords>
      <text FeatureID="true_167">sources</text>
      <target FeatureID="true_167" href="OSS_HLP_RSS_ADD.html">Ajouter des sources Web</target>
      <target FeatureID="true_167" href="OSS_HLP_RSS_ARTICLE.html">Articles de sources Web</target>
      <target FeatureID="true_167" href="OSS_HLP_RSS_ARTICLELST.html">Sources Web</target>
      <target FeatureID="true_167" href="OSS_HLP_RSS_MAIN.html">Sources Web et blogues</target>
   </keywords>
   <keywords>
      <text FeatureID="true_167">sources RSS</text>
      <target FeatureID="true_167" href="OSS_HLP_RSS_ADD.html">Ajouter des sources Web</target>
      <target FeatureID="true_167" href="OSS_HLP_RSS_ARTICLELST.html">Sources Web</target>
      <target FeatureID="true_167" href="OSS_HLP_RSS_MAIN.html">Sources Web et blogues</target>
   </keywords>
   <keywords>
      <text FeatureID="true_167">actualités et blogues</text>
      <target FeatureID="true_167" href="OSS_HLP_RSS_ADD.html">Ajouter des sources Web</target>
      <target FeatureID="true_167" href="OSS_HLP_RSS_ARTICLE.html">Articles de sources Web</target>
      <target FeatureID="true_167" href="OSS_HLP_RSS_ARTICLELST.html">Sources Web</target>
      <target FeatureID="true_167" href="OSS_HLP_RSS_MAIN.html">Sources Web et blogues</target>
   </keywords>
   <keywords>
      <text FeatureID="true_167">blogues</text>
      <target FeatureID="true_167" href="OSS_HLP_RSS_ADD.html">Ajouter des sources Web</target>
      <target FeatureID="true_167" href="OSS_HLP_RSS_EDIT.html">Modifier les sources Web</target>
      <target FeatureID="true_167" href="OSS_HLP_RSS_ARTICLE.html">Articles de sources Web</target>
      <target FeatureID="true_167" href="OSS_HLP_RSS_ARTICLELST.html">Sources Web</target>
      <target FeatureID="true_167" href="OSS_HLP_RSS_MAIN.html">Sources Web et blogues</target>
   </keywords>
   <keywords>
      <text FeatureID="-1">explorer des pages</text>
      <target FeatureID="-1" href="OSS_HLP_PAGEVIEW.html">Naviguer sur le Web</target>
   </keywords>
   <keywords>
      <text FeatureID="-1">ouvrir les signets</text>
      <target FeatureID="-1" href="OSS_HLP_BM_MAIN.html">Navigation avec signets</target>
   </keywords>
   <keywords>
      <text FeatureID="true_167">flux</text>
      <target FeatureID="true_167" href="OSS_HLP_RSS_EDIT.html">Modifier les sources Web</target>
   </keywords>
   <keywords>
      <text FeatureID="true_167">flux rss</text>
      <target FeatureID="true_167" href="OSS_HLP_RSS_EDIT.html">Modifier les sources Web</target>
   </keywords>
   <keywords>
      <text FeatureID="true_167">nouvelles et blogues</text>
      <target FeatureID="true_167" href="OSS_HLP_RSS_EDIT.html">Modifier les sources Web</target>
   </keywords>
   <keywords>
      <text FeatureID="true_167">web</text>
      <target FeatureID="true_167" href="OSS_HLP_RSS_EDIT.html">Modifier les sources Web</target>
   </keywords>
   <keywords>
      <text FeatureID="-1">paramètres du navigateur</text>
      <target FeatureID="-1" href="OSS_HLP_SETTINGS_GENERAL.html">Paramètres généraux</target>
      <target FeatureID="-1" href="OSS_HLP_SETTINGS_PAGE.html">Paramètres de page</target>
      <target FeatureID="-1" href="OSS_HLP_SETTINGS_PRIVACY.html">Paramètres de confidentialité</target>
      <target FeatureID="-1" href="OSS_HLP_SETTINGS_FOLDERS.html">Paramètres Web</target>
      <target FeatureID="false_410" href="OSS_HLP_SHORTCUTS.html">Raccourcis de la barre d'outils</target>
   </keywords>
   <keywords>
      <text FeatureID="-1">paramètres Web</text>
      <target FeatureID="-1" href="OSS_HLP_SETTINGS_GENERAL.html">Paramètres généraux</target>
      <target FeatureID="-1" href="OSS_HLP_SETTINGS_PAGE.html">Paramètres de page</target>
      <target FeatureID="-1" href="OSS_HLP_SETTINGS_PRIVACY.html">Paramètres de confidentialité</target>
      <target FeatureID="-1" href="OSS_HLP_SETTINGS_FOLDERS.html">Paramètres Web</target>
      <target FeatureID="false_410" href="OSS_HLP_SHORTCUTS.html">Raccourcis de la barre d'outils</target>
   </keywords>
   <keywords>
      <text FeatureID="-1">configuration pour le Web</text>
      <target FeatureID="-1" href="OSS_HLP_SETTINGS_PAGE.html">Paramètres de page</target>
      <target FeatureID="-1" href="OSS_HLP_SETTINGS_FOLDERS.html">Paramètres Web</target>
   </keywords>
   <keywords>
      <text FeatureID="-1">paramètres de confidentialité</text>
      <target FeatureID="-1" href="OSS_HLP_SETTINGS_PRIVACY.html">Paramètres de confidentialité</target>
   </keywords>
   <keywords>
      <text FeatureID="true_167">sources rss</text>
      <target FeatureID="true_167" href="OSS_HLP_RSS_ARTICLE.html">Articles de sources Web</target>
   </keywords>
   <keywords>
      <text FeatureID="true_167">configurer pour le web</text>
      <target FeatureID="true_167" href="OSS_HLP_SETTINGS_RSS.html">Paramètres des sources Web</target>
   </keywords>
   <keywords>
      <text FeatureID="true_167">paramètres de navigation</text>
      <target FeatureID="true_167" href="OSS_HLP_SETTINGS_RSS.html">Paramètres des sources Web</target>
   </keywords>
   <keywords>
      <text FeatureID="true_167">paramètres web</text>
      <target FeatureID="true_167" href="OSS_HLP_SETTINGS_RSS.html">Paramètres des sources Web</target>
   </keywords>
   <keywords>
      <text FeatureID="-1">ouvrir page particulière</text>
      <target FeatureID="-1" href="OSS_HLP_PAGEVIEW_EMBED.html">Web dans les applications</target>
   </keywords>
   <keywords>
      <text FeatureID="-1">Web dans les applications</text>
      <target FeatureID="-1" href="OSS_HLP_PAGEVIEW_EMBED.html">Web dans les applications</target>
   </keywords>
</keywords>