<?xml version="1.0" encoding="UTF-8"?>
<keywords>
   <keywords>
      <text FeatureID="-1">szinkroniz.</text>
      <target FeatureID="-1" href="DS_HLP_MAIN_VIEW.html">Adatszinkronizálás</target>
   </keywords>
   <keywords>
      <text FeatureID="-1">szinkronizálási profilok</text>
      <target FeatureID="-1" href="DS_HLP_MAIN_VIEW.html">Adatszinkronizálás</target>
   </keywords>
   <keywords>
      <text FeatureID="-1">szinkronizálási profil beállítása</text>
      <target FeatureID="-1" href="DS_HLP_SETTINGS.html">Szinkronizálási profil szerkesztése</target>
   </keywords>
   <keywords>
      <text FeatureID="-1">szinkr. beállítások</text>
      <target FeatureID="-1" href="DS_HLP_SETTINGS_CAL.html">A Naptár szinkr. beállításai</target>
      <target FeatureID="-1" href="DS_HLP_SETTINGS_CNT.html">Névjegykártyák szinkronizálásának beállítása</target>
      <target FeatureID="-1" href="DS_HLP_SETTINGS_NOTES.html">Jegyzet szinkr. beáll.</target>
      <target FeatureID="-1" href="DS_HLP_SETTINGS_SMS.html">SMS-szinkronizálási beállítások</target>
      <target FeatureID="true_44" href="DS_HLP_SETTINGS_SYNCML.html">E-mail szinkronizálási beállítások</target>
   </keywords>
</keywords>