<?xml version="1.0" encoding="UTF-8"?>
<keywords>
   <keywords>
      <text FeatureID="-1">ตัวจัดการอุปกรณ์</text>
      <target FeatureID="-1" href="DM_HLP_MAIN_VIEW.html">ซอฟต์แวร์ของอุปกรณ์</target>
      <target FeatureID="-1" href="FOTA_HLP_SETTINGS.html">การตั้งค่าการอัพเดตซอฟต์แวร์</target>
      <target FeatureID="-1" href="DM_HLP_SETTINGS.html">การตั้งค่ารูปแบบเซิร์ฟเวอร์</target>
      <target FeatureID="-1" href="DM_HLP_SERVERS_VIEW.html">การกำหนดค่าระยะไกล</target>
   </keywords>
   <keywords>
      <text FeatureID="-1">การตั้งกำหนดค่า</text>
      <target FeatureID="-1" href="DM_HLP_MAIN_VIEW.html">ซอฟต์แวร์ของอุปกรณ์</target>
   </keywords>
   <keywords>
      <text FeatureID="-1">ตั้งค่าการอัพเดตซอฟต์แวร์</text>
      <target FeatureID="-1" href="FOTA_HLP_SETTINGS.html">การตั้งค่าการอัพเดตซอฟต์แวร์</target>
   </keywords>
   <keywords>
      <text FeatureID="-1">การตั้งค่ารูปแบบเซิร์ฟเวอร์</text>
      <target FeatureID="-1" href="DM_HLP_SETTINGS.html">การตั้งค่ารูปแบบเซิร์ฟเวอร์</target>
   </keywords>
   <keywords>
      <text FeatureID="-1">การกำหนดค่าระยะไกล</text>
      <target FeatureID="-1" href="DM_HLP_SERVERS_VIEW.html">การกำหนดค่าระยะไกล</target>
   </keywords>
</keywords>