<?xml version="1.0" encoding="UTF-8"?>
<keywords>
   <keywords>
      <text FeatureID="-1">επεξεργασία σημειώσεων</text>
      <target FeatureID="-1" href="NMAKE_HLP_MEMO_VIEWER_EDIT.html">Επεξεργασία σημειώσεων σε εφαρμογές</target>
   </keywords>
   <keywords>
      <text FeatureID="-1">λήψη σημειώσεων</text>
      <target FeatureID="-1" href="NMAKE_HLP_MEMO_VIEWER.html">Προβολή ληφθέντων σημειώσεων</target>
   </keywords>
   <keywords>
      <text FeatureID="-1">πρότυπα μηνυμάτων</text>
      <target FeatureID="-1" href="NMAKE_HLP_TEMPLATE_EDITOR.html">Σύνταξη προτύπων μηνυμάτων</target>
   </keywords>
   <keywords>
      <text FeatureID="-1">δημιουργία προτύπων μηνυμάτων</text>
      <target FeatureID="-1" href="NMAKE_HLP_TEMPLATE_EDITOR.html">Σύνταξη προτύπων μηνυμάτων</target>
   </keywords>
   <keywords>
      <text FeatureID="-1">σύνταξη προτύπων μηνυμάτων</text>
      <target FeatureID="-1" href="NMAKE_HLP_TEMPLATE_EDITOR.html">Σύνταξη προτύπων μηνυμάτων</target>
   </keywords>
   <keywords>
      <text FeatureID="-1">λίστα σημειώσεων</text>
      <target FeatureID="-1" href="NMAKE_HLP_MEMO_LIST.html">Λίστα σημειώσεων</target>
   </keywords>
   <keywords>
      <text FeatureID="-1">σύνταξη σημειώσεων</text>
      <target FeatureID="-1" href="NMAKE_HLP_MEMO_LIST.html">Λίστα σημειώσεων</target>
      <target FeatureID="-1" href="NMAKE_HLP_MEMO_EDITOR_APPS.html">Σύνταξη σημειώσεων σε εφαρμογές</target>
      <target FeatureID="-1" href="NMAKE_HLP_MEMO_EDITOR.html">Σύνταξη σημειώσεων</target>
   </keywords>
</keywords>