<?xml version="1.0" encoding="UTF-8"?>
<keywords>
   <keywords>
      <text FeatureID="-1">agenda</text>
      <target FeatureID="-1" href="CALE_HLP_NOTE_ANNIVERSARY.html">Entrées d'anniversaire</target>
      <target FeatureID="-1" href="CALE_HLP_NOTE_VIEWER.html">Entrées d'agenda</target>
      <target FeatureID="-1" href="CALE_HLP_DAY_VIEW.html">Affichage jour</target>
      <target FeatureID="-1" href="CALE_HLP_NOTE_MEETING.html">Entrées de réunion</target>
      <target FeatureID="-1" href="CALE_HLP_NOTE_DAY.html">Entrées de mémo</target>
      <target FeatureID="-1" href="CALE_HLP_MONTH_VIEW.html">Affichage mois</target>
      <target FeatureID="-1" href="CALE_HLP_TODO_NOTE.html">Entrées de tâches</target>
      <target FeatureID="-1" href="CALE_HLP_TODO_VIEW.html">Affichage des tâches</target>
      <target FeatureID="-1" href="CALE_HLP_WEEK_VIEW.html">Écran Semaine</target>
   </keywords>
   <keywords>
      <text FeatureID="-1">notes d'anniversaire</text>
      <target FeatureID="-1" href="CALE_HLP_NOTE_ANNIVERSARY.html">Entrées d'anniversaire</target>
      <target FeatureID="-1" href="CALE_HLP_NOTE_VIEWER.html">Entrées d'agenda</target>
   </keywords>
   <keywords>
      <text FeatureID="-1">réunions</text>
      <target FeatureID="-1" href="CALE_HLP_NOTE_VIEWER.html">Entrées d'agenda</target>
      <target FeatureID="-1" href="CALE_HLP_NOTE_MEETING.html">Entrées de réunion</target>
   </keywords>
   <keywords>
      <text FeatureID="-1">mémos</text>
      <target FeatureID="-1" href="CALE_HLP_NOTE_VIEWER.html">Entrées d'agenda</target>
      <target FeatureID="-1" href="CALE_HLP_NOTE_DAY.html">Entrées de mémo</target>
   </keywords>
   <keywords>
      <text FeatureID="-1">notes de tâche</text>
      <target FeatureID="-1" href="CALE_HLP_NOTE_VIEWER.html">Entrées d'agenda</target>
      <target FeatureID="-1" href="CALE_HLP_TODO_NOTE.html">Entrées de tâches</target>
   </keywords>
   <keywords>
      <text FeatureID="-1">paramètres de l'agenda</text>
      <target FeatureID="-1" href="CALE_HLP_SETTINGS.html">Paramètres de l'agenda</target>
   </keywords>
   <keywords>
      <text FeatureID="-1">liste de tâches</text>
      <target FeatureID="-1" href="CALE_HLP_TODO_VIEW.html">Affichage des tâches</target>
   </keywords>
</keywords>