<?xml version="1.0" encoding="UTF-8"?>
<keywords>
   <keywords>
      <text FeatureID="true_1116">odosielanie záznamov z kalendára</text>
      <target FeatureID="true_1116" href="SMART_HLP_CALENDAREDITOR.html">Odosielanie záznamov z kalendára</target>
   </keywords>
   <keywords>
      <text FeatureID="true_1114">príjem záznamov z kalendára</text>
      <target FeatureID="true_1114" href="SMART_HLP_CALENDARVIEWER.html">Prijaté záznamy z kalendára</target>
   </keywords>
   <keywords>
      <text FeatureID="true_1114">záznamy v kalendári</text>
      <target FeatureID="true_1114" href="SMART_HLP_CALPULLMESVIEWER.html">Načítanie záznamov do kalendára</target>
   </keywords>
   <keywords>
      <text FeatureID="true_1117 true_1115">vizitky</text>
      <target FeatureID="true_1117" href="SMART_HLP_BUSINESSEDITOR.html">Odosielanie vizitiek</target>
      <target FeatureID="true_1115" href="SMART_HLP_BUSINESSVIEWER.html">Prijaté vizitky</target>
      <target FeatureID="true_1115" href="SMART_HLP_BUSPULLMESVIEWER.html">Načítanie vizitiek</target>
   </keywords>
   <keywords>
      <text FeatureID="true_1111">tóny zvonenia</text>
      <target FeatureID="true_1111" href="SMART_HLP_RINGVIEWER.html">Prijaté tóny zvonenia</target>
   </keywords>
   <keywords>
      <text FeatureID="true_1110">logá operátora</text>
      <target FeatureID="true_1110" href="SMART_HLP_OPLOGOVIEWER.html">Prijaté logá operátora</target>
   </keywords>
   <keywords>
      <text FeatureID="true_1106">záložky</text>
      <target FeatureID="true_1106" href="SMART_HLP_ONEBOOKVIEWER.html">Prijatá záložka</target>
   </keywords>
   <keywords>
      <text FeatureID="true_1112">príjem obrázkov</text>
      <target FeatureID="true_1112" href="SMART_HLP_GMSVIEWER.html">Prezeranie obrazových správ</target>
   </keywords>
   <keywords>
      <text FeatureID="true_1112">obrazové správy</text>
      <target FeatureID="true_1112" href="SMART_HLP_GMSVIEWER.html">Prezeranie obrazových správ</target>
   </keywords>
   <keywords>
      <text FeatureID="true_1537">konfigurácia vzdialenej jednotky</text>
      <target FeatureID="true_1537" href="SMART_HLP_REMOTEDRIVES_VIEWER.html">Prijímanie konfigurácií vzdialenej jednotky</target>
      <target FeatureID="true_1537" href="SMART_HLP_REMOTEDRIVES_EDITOR.html">Odosielanie konfigurácií vzdialenej jednotky</target>
   </keywords>
</keywords>