<?xml version="1.0" encoding="UTF-8"?>
<keywords>
   <keywords>
      <text FeatureID="-1">atualizar software</text>
      <target FeatureID="-1" href="SWUPDATE_HLP_MAIN.html">Atualização de software</target>
   </keywords>
   <keywords>
      <text FeatureID="-1">atualização de software</text>
      <target FeatureID="-1" href="SWUPDATE_HLP_MAIN.html">Atualização de software</target>
   </keywords>
   <keywords>
      <text FeatureID="-1">configs. atualiz. software</text>
      <target FeatureID="-1" href="SWUPDATE_HLP_SETTINGS.html">Configs. atualiz. software</target>
   </keywords>
</keywords>