<?xml version="1.0" encoding="UTF-8"?>
<keywords>
   <keywords>
      <text FeatureID="true_410">klici, vzpostavljanje</text>
      <target FeatureID="true_410" href="DIALER_HLP_MAIN.html">Klicanje</target>
   </keywords>
   <keywords>
      <text FeatureID="-1">telefonski klici</text>
      <target FeatureID="-1" href="INCAL_HLP_CALL_HANDLING.html">Telefonski klici</target>
   </keywords>
   <keywords>
      <text FeatureID="-1">konferenčni klici</text>
      <target FeatureID="-1" href="INCAL_HLP_CALL_HANDLING.html">Telefonski klici</target>
   </keywords>
   <keywords>
      <text FeatureID="-1">preklapljanje klicev</text>
      <target FeatureID="-1" href="INCAL_HLP_CALL_HANDLING.html">Telefonski klici</target>
   </keywords>
   <keywords>
      <text FeatureID="-1">telefon</text>
      <target FeatureID="-1" href="INCAL_HLP_CALL_HANDLING.html">Telefonski klici</target>
   </keywords>
   <keywords>
      <text FeatureID="true_410">toni DTMF</text>
      <target FeatureID="true_410" href="DIALER_HLP_SEND_DTMF.html">Pošiljanje tonov DTMF</target>
   </keywords>
   <keywords>
      <text FeatureID="true_89">video klici</text>
      <target FeatureID="true_89" href="INCAL_HLP_VIDEO_CALL.html">Video klici</target>
   </keywords>
</keywords>