<?xml version="1.0" encoding="UTF-8"?><?xml-stylesheet  href="../../theme/xsl/index2html.xslt" type="text/xsl"?>
<topics FeatureID="-1" title="Mensaxería" compressed="true">
   <topicref FeatureID="-1" href="MCE_HLP_MESSAGING.html" navtitle="Centro de mensaxería"/>
   <topicref FeatureID="-1" href="MCE_HLP_SIM.html" navtitle="Ver mensaxes da SIM"/>
   <topicref FeatureID="-1" href="MCE_HLP_SETTINGS.html" navtitle="Axustes de mensaxería"/>
   <topicref FeatureID="-1" href="MCE_HLP_SETTINGS_SMS.html" navtitle="Axustes de mensaxes de texto"/>
   <topicref FeatureID="-1" href="SMS_HLP_SETTINGS_SCENTRES.html" navtitle="Axustes cento mens. texto"/>
   <topicref FeatureID="-1" href="SMS_HLP_SETTINGS_SCENTRES_EDIT.html" navtitle="Editar centros de mensaxes de texto"/>
   <topicref FeatureID="true_1092" href="SMS_HLP_SETTINGS_SMS_EMAIL.html" navtitle="Axust. correo mens. texto"/>
   <topicref FeatureID="-1" href="MCE_HLP_SETTINGS_MMS.html" navtitle="Axustes mens. multim."/>
   <topicref FeatureID="true_1090" href="MCE_HLP_SETTINGS_CB.html" navtitle="Axustes de información no móbil"/>
   <topicref FeatureID="-1" href="MCE_HLP_SETTINGS_GEN.html" navtitle="Outros axustes"/>
   <topicref FeatureID="-1" href="MCE_HLP_INBOX.html" navtitle="Caixa entrada"/>
   <topicref FeatureID="-1" href="MCE_HLP_DOCUMENTS.html" navtitle="As miñas carpetas"/>
   <topicref FeatureID="-1" href="MCE_HLP_TEMPLATES.html" navtitle="Modelos de mensaxe"/>
   <topicref FeatureID="-1" href="MCE_HLP_FOLDER.html" navtitle="Organización de mensaxes"/>
   <topicref FeatureID="-1" href="MCE_HLP_DRAFTS.html" navtitle="Borradores"/>
   <topicref FeatureID="-1" href="MCE_HLP_SENT_ITEMS.html" navtitle="Mensaxes enviadas"/>
   <topicref FeatureID="-1" href="MCE_HLP_OUTBOX.html" navtitle="Caixa do correo de saída"/>
   <topicref FeatureID="-1" href="MCE_HLP_DELIVERY_REPORTS.html" navtitle="Informes de entrega"/>
   <topicref FeatureID="true_1132" href="MCE_HLP_MMS_NOTIFICATIONS.html" navtitle="Notificacións multimedia"/>
   <topicref FeatureID="-1" href="FIND_HLP.html" navtitle="Busca de nomes ou enderezos"/>
</topics>