<?xml version="1.0" encoding="UTF-8"?>
<keywords>
   <keywords>
      <text FeatureID="-1">envío de mensaxes</text>
      <target FeatureID="-1" href="MCE_HLP_MESSAGING.html">Centro de mensaxería</target>
      <target FeatureID="-1" href="MCE_HLP_OUTBOX.html">Caixa do correo de saída</target>
   </keywords>
   <keywords>
      <text FeatureID="-1">recepción de mensaxes</text>
      <target FeatureID="-1" href="MCE_HLP_MESSAGING.html">Centro de mensaxería</target>
      <target FeatureID="-1" href="MCE_HLP_INBOX.html">Caixa entrada</target>
   </keywords>
   <keywords>
      <text FeatureID="-1">Mensaxes da SIM</text>
      <target FeatureID="-1" href="MCE_HLP_SIM.html">Ver mensaxes da SIM</target>
   </keywords>
   <keywords>
      <text FeatureID="-1">mensaxes da tarxeta SIM</text>
      <target FeatureID="-1" href="MCE_HLP_SIM.html">Ver mensaxes da SIM</target>
   </keywords>
   <keywords>
      <text FeatureID="-1">axustes de mensaxería</text>
      <target FeatureID="-1" href="MCE_HLP_SETTINGS.html">Axustes de mensaxería</target>
      <target FeatureID="-1" href="MCE_HLP_SETTINGS_GEN.html">Outros axustes</target>
   </keywords>
   <keywords>
      <text FeatureID="-1">Axustes de SMS</text>
      <target FeatureID="-1" href="MCE_HLP_SETTINGS_SMS.html">Axustes de mensaxes de texto</target>
   </keywords>
   <keywords>
      <text FeatureID="-1">axustes de mensaxes de texto</text>
      <target FeatureID="-1" href="MCE_HLP_SETTINGS_SMS.html">Axustes de mensaxes de texto</target>
      <target FeatureID="-1" href="SMS_HLP_SETTINGS_SCENTRES.html">Axustes cento mens. texto</target>
      <target FeatureID="-1" href="SMS_HLP_SETTINGS_SCENTRES_EDIT.html">Editar centros de mensaxes de texto</target>
   </keywords>
   <keywords>
      <text FeatureID="-1">axustes de centro de mensaxes</text>
      <target FeatureID="-1" href="SMS_HLP_SETTINGS_SCENTRES.html">Axustes cento mens. texto</target>
      <target FeatureID="-1" href="SMS_HLP_SETTINGS_SCENTRES_EDIT.html">Editar centros de mensaxes de texto</target>
   </keywords>
   <keywords>
      <text FeatureID="-1">Axustes de centro de SMS</text>
      <target FeatureID="-1" href="SMS_HLP_SETTINGS_SCENTRES.html">Axustes cento mens. texto</target>
   </keywords>
   <keywords>
      <text FeatureID="true_1092">correo electrónico de mensaxe de texto</text>
      <target FeatureID="true_1092" href="SMS_HLP_SETTINGS_SMS_EMAIL.html">Axust. correo mens. texto</target>
   </keywords>
   <keywords>
      <text FeatureID="true_1092">axustes de correo de sms</text>
      <target FeatureID="true_1092" href="SMS_HLP_SETTINGS_SMS_EMAIL.html">Axust. correo mens. texto</target>
   </keywords>
   <keywords>
      <text FeatureID="-1">Axustes MMS</text>
      <target FeatureID="-1" href="MCE_HLP_SETTINGS_MMS.html">Axustes mens. multim.</target>
   </keywords>
   <keywords>
      <text FeatureID="true_1090">axustes de información no móbil</text>
      <target FeatureID="true_1090" href="MCE_HLP_SETTINGS_CB.html">Axustes de información no móbil</target>
   </keywords>
   <keywords>
      <text FeatureID="-1">caixa entrada</text>
      <target FeatureID="-1" href="MCE_HLP_INBOX.html">Caixa entrada</target>
   </keywords>
   <keywords>
      <text FeatureID="-1">as miñas carpetas</text>
      <target FeatureID="-1" href="MCE_HLP_DOCUMENTS.html">As miñas carpetas</target>
   </keywords>
   <keywords>
      <text FeatureID="-1">almacenamento de mensaxes</text>
      <target FeatureID="-1" href="MCE_HLP_DOCUMENTS.html">As miñas carpetas</target>
   </keywords>
   <keywords>
      <text FeatureID="-1">envío de modelos</text>
      <target FeatureID="-1" href="MCE_HLP_TEMPLATES.html">Modelos de mensaxe</target>
   </keywords>
   <keywords>
      <text FeatureID="-1">modelos de mensaxe</text>
      <target FeatureID="-1" href="MCE_HLP_TEMPLATES.html">Modelos de mensaxe</target>
   </keywords>
   <keywords>
      <text FeatureID="-1">organización de mensaxes</text>
      <target FeatureID="-1" href="MCE_HLP_FOLDER.html">Organización de mensaxes</target>
   </keywords>
   <keywords>
      <text FeatureID="-1">gardado de mensaxe borrador</text>
      <target FeatureID="-1" href="MCE_HLP_DRAFTS.html">Borradores</target>
   </keywords>
   <keywords>
      <text FeatureID="-1">mensaxe borrador</text>
      <target FeatureID="-1" href="MCE_HLP_DRAFTS.html">Borradores</target>
   </keywords>
   <keywords>
      <text FeatureID="-1">mensaxes enviadas</text>
      <target FeatureID="-1" href="MCE_HLP_SENT_ITEMS.html">Mensaxes enviadas</target>
   </keywords>
   <keywords>
      <text FeatureID="-1">ver caixa de saída</text>
      <target FeatureID="-1" href="MCE_HLP_OUTBOX.html">Caixa do correo de saída</target>
   </keywords>
   <keywords>
      <text FeatureID="-1">informes de entrega</text>
      <target FeatureID="-1" href="MCE_HLP_DELIVERY_REPORTS.html">Informes de entrega</target>
   </keywords>
   <keywords>
      <text FeatureID="true_1132">Notificacións MMS</text>
      <target FeatureID="true_1132" href="MCE_HLP_MMS_NOTIFICATIONS.html">Notificacións multimedia</target>
   </keywords>
</keywords>