<?xml version="1.0" encoding="UTF-8"?>
<keywords>
   <keywords>
      <text FeatureID="-1">Профили XDM</text>
      <target FeatureID="-1" href="XDM_HLP_LIST_VIEW.html">Профили XDM</target>
      <target FeatureID="-1" href="XDM_HLP_EDIT_SET.html">Параметры профиля XDM</target>
   </keywords>
   <keywords>
      <text FeatureID="-1">параметры XDM</text>
      <target FeatureID="-1" href="XDM_HLP_EDIT_SET.html">Параметры профиля XDM</target>
   </keywords>
</keywords>