<?xml version="1.0" encoding="UTF-8"?>
<keywords>
   <keywords>
      <text FeatureID="-1">Vídeos y TV</text>
      <target FeatureID="-1" href="IPTV_HLP_MAIN_STATE.html">Vídeos y TV</target>
      <target FeatureID="-1" href="IPTV_HLP_VODCAST_MAIN.html">Fuentes de vídeo</target>
      <target FeatureID="-1" href="IPTV_HLP_SERVICE_SELECTION_VOD.html">Selec. serv. de vídeo</target>
      <target FeatureID="-1" href="IPTV_HLP_VOD_CATEGORIES.html">Categorías de vídeo</target>
      <target FeatureID="-1" href="IPTV_HLP_VOD.html">Ver y descargar videoclips</target>
      <target FeatureID="-1" href="IPTV_HLP_SCHEDULE_DOWNLOAD.html">Programación de descargas</target>
      <target FeatureID="-1" href="IPTV_HLP_STORAGE.html">Mis vídeos</target>
      <target FeatureID="-1" href="IPTV_HLP_SERVICE_SEL_VODCAST.html">Seleccionar fuentes de vídeo</target>
      <target FeatureID="-1" href="IPTV_HLP_ADD_SERVICE.html">Añadir fuentes de vídeo</target>
   </keywords>
   <keywords>
      <text FeatureID="-1">fuentes de vídeo</text>
      <target FeatureID="-1" href="IPTV_HLP_VODCAST_MAIN.html">Fuentes de vídeo</target>
      <target FeatureID="-1" href="IPTV_HLP_VOD_CATEGORIES.html">Categorías de vídeo</target>
      <target FeatureID="-1" href="IPTV_HLP_SERVICE_SEL_VODCAST.html">Seleccionar fuentes de vídeo</target>
      <target FeatureID="-1" href="IPTV_HLP_ADD_SERVICE.html">Añadir fuentes de vídeo</target>
   </keywords>
   <keywords>
      <text FeatureID="-1">descargas, videoclips</text>
      <target FeatureID="-1" href="IPTV_HLP_VOD.html">Ver y descargar videoclips</target>
      <target FeatureID="-1" href="IPTV_HLP_SCHEDULE_DOWNLOAD.html">Programación de descargas</target>
   </keywords>
   <keywords>
      <text FeatureID="-1">Vídeos y TV, ajustes</text>
      <target FeatureID="-1" href="IPTV_HLP_SETTINGS.html">Ajustes de Vídeos y TV</target>
   </keywords>
   <keywords>
      <text FeatureID="-1">ajustes, vídeo</text>
      <target FeatureID="-1" href="IPTV_HLP_SETTINGS.html">Ajustes de Vídeos y TV</target>
   </keywords>
</keywords>