<?xml version="1.0" encoding="UTF-8"?>
<keywords>
   <keywords>
      <text FeatureID="-1">hlasové povely</text>
      <target FeatureID="true_72" href="HLP_VC_SIND_FOLDER.html">Zobrazenie aplikácie</target>
      <target FeatureID="true_72" href="HLP_VC_SIND_MAIN.html">Používanie hlasových povelov</target>
      <target FeatureID="-1" href="VCINFO_HLP_MAINVIEW.html">Pre kontakty</target>
   </keywords>
   <keywords>
      <text FeatureID="-1">nastavenia hlasových povelov</text>
      <target FeatureID="-1" href="HLP_VC_SET.html">Nastavenia hlasových povelov</target>
   </keywords>
</keywords>