<?xml version="1.0" encoding="UTF-8"?>
<keywords>
   <keywords>
      <text FeatureID="-1">kalendář</text>
      <target FeatureID="-1" href="CALE_HLP_NOTE_VIEWER.html">Kalendář, záznamy</target>
      <target FeatureID="-1" href="CALE_HLP_DAY_VIEW.html">Zobrazení dne</target>
      <target FeatureID="-1" href="CALE_HLP_NOTE_MEETING.html">Schůzky, záznamy</target>
      <target FeatureID="-1" href="CALE_HLP_MONTH_VIEW.html">Zobrazení měsíce</target>
      <target FeatureID="-1" href="CALE_HLP_TODO_NOTE.html">Záznamy úkolů</target>
      <target FeatureID="-1" href="CALE_HLP_TODO_VIEW.html">Zobrazení úkolů</target>
      <target FeatureID="-1" href="CALE_HLP_WEEK_VIEW.html">Zobrazení týdne</target>
      <target FeatureID="-1" href="CALE_HLP_CALENDAR_DATABASE_SETTINGS.html">Nastavení více kalendářů</target>
      <target FeatureID="-1" href="CALE_HLP_CALE_MAN_VIEW.html">Zobrazení správy kalendářů</target>
      <target FeatureID="-1" href="CALE_HLP_ATTACH_VIEW.html">Zobrazení příloh</target>
      <target FeatureID="-1" href="CALE_HLP_MAV.html">Zobrazení zmeškaných upozornění</target>
   </keywords>
   <keywords>
      <text FeatureID="-1">schůzky</text>
      <target FeatureID="-1" href="CALE_HLP_NOTE_VIEWER.html">Kalendář, záznamy</target>
      <target FeatureID="-1" href="CALE_HLP_NOTE_MEETING.html">Schůzky, záznamy</target>
   </keywords>
   <keywords>
      <text FeatureID="-1">úkoly</text>
      <target FeatureID="-1" href="CALE_HLP_NOTE_VIEWER.html">Kalendář, záznamy</target>
      <target FeatureID="-1" href="CALE_HLP_TODO_NOTE.html">Záznamy úkolů</target>
   </keywords>
   <keywords>
      <text FeatureID="-1">kalendář, nastavení</text>
      <target FeatureID="-1" href="CALE_HLP_SETTINGS.html">Nastavení kalendáře</target>
   </keywords>
   <keywords>
      <text FeatureID="-1">seznam úkolů</text>
      <target FeatureID="-1" href="CALE_HLP_TODO_VIEW.html">Zobrazení úkolů</target>
   </keywords>
   <keywords>
      <text FeatureID="-1">nastavení, kalendář</text>
      <target FeatureID="-1" href="CALE_HLP_CALENDAR_DATABASE_SETTINGS.html">Nastavení více kalendářů</target>
   </keywords>
   <keywords>
      <text FeatureID="-1">přílohy</text>
      <target FeatureID="-1" href="CALE_HLP_ATTACH_VIEW.html">Zobrazení příloh</target>
   </keywords>
   <keywords>
      <text FeatureID="-1">upozornění, poznámka kalendáře</text>
      <target FeatureID="-1" href="CALE_HLP_MAV.html">Zobrazení zmeškaných upozornění</target>
   </keywords>
</keywords>