<?xml version="1.0" encoding="UTF-8"?><?xml-stylesheet  href="../../theme/xsl/index2html.xslt" type="text/xsl"?>
<topics FeatureID="-1" title="Tērzēšana" compressed="true">
   <topicref FeatureID="-1" href="IMNG_HLP_SEARCHCHAT.html" navtitle="Tērzēšanas lietotāju meklēšana"/>
   <topicref FeatureID="-1" href="IMNG_HLP_SAVED_VIEW.html" navtitle="Saglabāto sarakstu apskate"/>
   <topicref FeatureID="-1" href="IMNG_HLP_SAVED_LIST.html" navtitle="Saglabātās sarakstes"/>
   <topicref FeatureID="-1" href="IMNG_HLP_IMCHAT.html" navtitle="Grupas sarakstes"/>
   <topicref FeatureID="-1" href="IMNG_HLP_GROUP_EDIT.html" navtitle="Grupas rediģēšanas tiesības"/>
   <topicref FeatureID="-1" href="IMNG_HLP_GROUP_BAN.html" navtitle="Tērzēšanas lietotāju izslēgšana no grupām"/>
   <topicref FeatureID="-1" href="IMNG_HLP_CONT_OWN_DATA.html" navtitle="Mani dati"/>
   <topicref FeatureID="-1" href="IMNG_HLP_COMMUNITY_VIEW_EMPTY.html" navtitle="Tērzēšanas lietošanas sākšana"/>
   <topicref FeatureID="-1" href="IMNG_HLP_COMMUNITY_VIEW.html" navtitle="Tērzēšana"/>
   <topicref FeatureID="-1" href="IMNG_HLP_BLOCKED_VIEW.html" navtitle="Bloķētie kontakti"/>
   <topicref FeatureID="-1" href="IMNG_HLP_SETTINGS.html" navtitle="Tērzēšanas uzstādījumi"/>
   <topicref FeatureID="-1" href="IMNG_HLP_SERVLISTSETT_IM.html" navtitle="Tērzēšanas serveri"/>
   <topicref FeatureID="-1" href="IMNG_HLP_DEFSERVER.html" navtitle="Tērzēšanas servera uzstādījumi"/>
   <topicref FeatureID="-1" href="IMNG_HLP_INVITE.html" navtitle="Tērzēšanas ielūgumi"/>
   <topicref FeatureID="-1" href="IMNG_HLP_CREATECHAT.html" navtitle="Tērzēšanas grupas uzstādījumi"/>
   <topicref FeatureID="-1" href="IMNG_HLP_ACCLIST.html" navtitle="Tērzēšanas grupas dalībnieki"/>
   <topicref FeatureID="-1" href="IMNG_HLP_CONVERSATIONS.html" navtitle="Tērzēšanas sarakstes"/>
   <topicref FeatureID="-1" href="IMNG_HLP_CONTACTDETAILS.html" navtitle="Tērzēšanas kontaktu dati"/>
   <topicref FeatureID="-1" href="IMNG_HLP_APPSETT.html" navtitle="Tērzēšanas programmas uzstādījumi"/>
</topics>