<?xml version="1.0" encoding="UTF-8"?>
<keywords>
   <keywords>
      <text FeatureID="-1">tērzēšanas lietotāju meklēšana</text>
      <target FeatureID="-1" href="IMNG_HLP_SEARCHCHAT.html">Tērzēšanas lietotāju meklēšana</target>
   </keywords>
   <keywords>
      <text FeatureID="-1">tērzēšana</text>
      <target FeatureID="-1" href="IMNG_HLP_SEARCHCHAT.html">Tērzēšanas lietotāju meklēšana</target>
      <target FeatureID="-1" href="IMNG_HLP_SAVED_VIEW.html">Saglabāto sarakstu apskate</target>
      <target FeatureID="-1" href="IMNG_HLP_SAVED_LIST.html">Saglabātās sarakstes</target>
      <target FeatureID="-1" href="IMNG_HLP_GROUP_EDIT.html">Grupas rediģēšanas tiesības</target>
      <target FeatureID="-1" href="IMNG_HLP_GROUP_BAN.html">Tērzēšanas lietotāju izslēgšana no grupām</target>
      <target FeatureID="-1" href="IMNG_HLP_CONT_OWN_DATA.html">Mani dati</target>
      <target FeatureID="-1" href="IMNG_HLP_COMMUNITY_VIEW_EMPTY.html">Tērzēšanas lietošanas sākšana</target>
      <target FeatureID="-1" href="IMNG_HLP_COMMUNITY_VIEW.html">Tērzēšana</target>
      <target FeatureID="-1" href="IMNG_HLP_CREATECHAT.html">Tērzēšanas grupas uzstādījumi</target>
      <target FeatureID="-1" href="IMNG_HLP_ACCLIST.html">Tērzēšanas grupas dalībnieki</target>
      <target FeatureID="-1" href="IMNG_HLP_CONVERSATIONS.html">Tērzēšanas sarakstes</target>
      <target FeatureID="-1" href="IMNG_HLP_APPSETT.html">Tērzēšanas programmas uzstādījumi</target>
   </keywords>
   <keywords>
      <text FeatureID="-1">tērz. grupu meklēšana</text>
      <target FeatureID="-1" href="IMNG_HLP_SEARCHCHAT.html">Tērzēšanas lietotāju meklēšana</target>
   </keywords>
   <keywords>
      <text FeatureID="-1">saglabātās sarakstes</text>
      <target FeatureID="-1" href="IMNG_HLP_SAVED_LIST.html">Saglabātās sarakstes</target>
   </keywords>
   <keywords>
      <text FeatureID="-1">TZ (tūlītējā ziņapmaiņa)</text>
      <target FeatureID="-1" href="IMNG_HLP_IMCHAT.html">Grupas sarakstes</target>
   </keywords>
   <keywords>
      <text FeatureID="-1">pievienoš. tērz. grupām</text>
      <target FeatureID="-1" href="IMNG_HLP_IMCHAT.html">Grupas sarakstes</target>
   </keywords>
   <keywords>
      <text FeatureID="-1">rediģēšanas tiesības</text>
      <target FeatureID="-1" href="IMNG_HLP_GROUP_EDIT.html">Grupas rediģēšanas tiesības</target>
   </keywords>
   <keywords>
      <text FeatureID="-1">aizliegumu saraksts</text>
      <target FeatureID="-1" href="IMNG_HLP_GROUP_BAN.html">Tērzēšanas lietotāju izslēgšana no grupām</target>
   </keywords>
   <keywords>
      <text FeatureID="-1">Tērzēšanas grupas dalībnieki</text>
      <target FeatureID="-1" href="IMNG_HLP_GROUP_BAN.html">Tērzēšanas lietotāju izslēgšana no grupām</target>
      <target FeatureID="-1" href="IMNG_HLP_ACCLIST.html">Tērzēšanas grupas dalībnieki</target>
   </keywords>
   <keywords>
      <text FeatureID="-1">tērzēšanas kontakti</text>
      <target FeatureID="-1" href="IMNG_HLP_CONT_OWN_DATA.html">Mani dati</target>
      <target FeatureID="-1" href="IMNG_HLP_BLOCKED_VIEW.html">Bloķētie kontakti</target>
      <target FeatureID="-1" href="IMNG_HLP_CONTACTDETAILS.html">Tērzēšanas kontaktu dati</target>
   </keywords>
   <keywords>
      <text FeatureID="-1">Tērzēšana</text>
      <target FeatureID="-1" href="IMNG_HLP_COMMUNITY_VIEW_EMPTY.html">Tērzēšanas lietošanas sākšana</target>
      <target FeatureID="-1" href="IMNG_HLP_COMMUNITY_VIEW.html">Tērzēšana</target>
      <target FeatureID="-1" href="IMNG_HLP_CONVERSATIONS.html">Tērzēšanas sarakstes</target>
      <target FeatureID="-1" href="IMNG_HLP_CONTACTDETAILS.html">Tērzēšanas kontaktu dati</target>
   </keywords>
   <keywords>
      <text FeatureID="-1">bloķētie tērzēšanas kontakti</text>
      <target FeatureID="-1" href="IMNG_HLP_BLOCKED_VIEW.html">Bloķētie kontakti</target>
   </keywords>
   <keywords>
      <text FeatureID="-1">Tērzēšanas uzstādījumi</text>
      <target FeatureID="-1" href="IMNG_HLP_SETTINGS.html">Tērzēšanas uzstādījumi</target>
      <target FeatureID="-1" href="IMNG_HLP_APPSETT.html">Tērzēšanas programmas uzstādījumi</target>
   </keywords>
   <keywords>
      <text FeatureID="-1">Tērzēšanas serveri</text>
      <target FeatureID="-1" href="IMNG_HLP_SERVLISTSETT_IM.html">Tērzēšanas serveri</target>
   </keywords>
   <keywords>
      <text FeatureID="-1">tērzēšanas servera uzstādījumi</text>
      <target FeatureID="-1" href="IMNG_HLP_DEFSERVER.html">Tērzēšanas servera uzstādījumi</target>
   </keywords>
   <keywords>
      <text FeatureID="-1">servera uzstādījumi</text>
      <target FeatureID="-1" href="IMNG_HLP_DEFSERVER.html">Tērzēšanas servera uzstādījumi</target>
   </keywords>
   <keywords>
      <text FeatureID="-1">ielūgumi</text>
      <target FeatureID="-1" href="IMNG_HLP_INVITE.html">Tērzēšanas ielūgumi</target>
   </keywords>
   <keywords>
      <text FeatureID="-1">tērzēšanas grupas uzstādījumi</text>
      <target FeatureID="-1" href="IMNG_HLP_CREATECHAT.html">Tērzēšanas grupas uzstādījumi</target>
   </keywords>
   <keywords>
      <text FeatureID="-1">sarakstes</text>
      <target FeatureID="-1" href="IMNG_HLP_CONVERSATIONS.html">Tērzēšanas sarakstes</target>
   </keywords>
</keywords>