<?xml version="1.0" encoding="UTF-8"?><?xml-stylesheet  href="../../theme/xsl/index2html.xslt" type="text/xsl"?>
<topics FeatureID="-1" title="הגדרות" compressed="true">
   <topicref FeatureID="-1" href="CP_HLP_ADMINISTRATIVE_SETTINGS.html" navtitle="הגדרות ניהול"/>
   <topicref FeatureID="-1" href="CP_HLP_DEVICE_MANAGEMENT.html" navtitle="ניהול התקן"/>
   <topicref FeatureID="true_109" href="SET_HLP_WLAN_WPA_MAIN.html" navtitle="הגדרות אבטחת WPA"/>
   <topicref FeatureID="true_109" href="SET_HLP_WLAN_8021X_MAIN.html" navtitle="הגדרות אבטחה של 802.1x"/>
   <topicref FeatureID="true_109" href="SET_HLP_WLAN_EAP_PLUGINS_IAP.html" navtitle="הגדרות EAP"/>
   <topicref FeatureID="true_109" href="SET_HLP_WLAN_EAP_AKA.html" navtitle="הגדרות EAP-AKA"/>
   <topicref FeatureID="true_109" href="SET_HLP_WLAN_EAP_SIM.html" navtitle="הגדרות EAP-SIM"/>
   <topicref FeatureID="true_109" href="SET_HLP_WLAN_EAP_GTC.html" navtitle="הגדרות EAP-GTC"/>
   <topicref FeatureID="true_109" href="SET_HLP_WLAN_EAP_TTLS_TYPES.html" navtitle="שיטות אימות של EAP-TTLS"/>
   <topicref FeatureID="true_109" href="SET_HLP_WLAN_EAP_TTLS_SUITES.html" navtitle="חבילות הצפנה עבור EAP-TTLS"/>
   <topicref FeatureID="true_109" href="SET_HLP_WLAN_EAP_TTLS_SETT.html" navtitle="הגדרות EAP-TTLS"/>
   <topicref FeatureID="true_109" href="SET_HLP_WLAN_EAP_TLS_SUITES.html" navtitle="חבילות הצפנה עבור EAP-TLS"/>
   <topicref FeatureID="true_109" href="SET_HLP_WLAN_EAP_TLS_SETT.html" navtitle="הגדרות EAP-TLS"/>
   <topicref FeatureID="true_109" href="SET_HLP_WLAN_EAP_PEAP_TYPES.html" navtitle="שיטות אימות של EAP-PEAP"/>
   <topicref FeatureID="true_109" href="SET_HLP_WLAN_EAP_PEAP_SUITES.html" navtitle="חבילות הצפנה ל-EAP-PEAP"/>
   <topicref FeatureID="true_109" href="SET_HLP_WLAN_EAP_PEAP_SETT.html" navtitle="הגדרות EAP-PEAP"/>
   <topicref FeatureID="true_109" href="SET_HLP_WLAN_EAP_MSCHAPV2.html" navtitle="הגדרות EAP-MSCHAPV2"/>
   <topicref FeatureID="true_109" href="SET_HLP_WLAN_EAP_PLAIN_MSCHAP.html" navtitle="הגדרות MSCHAPV2 פשוטות"/>
   <topicref FeatureID="true_177" href="SET_HLP_WLAN_EAP_LEAP.html" navtitle="הגדרות EAP-LEAP"/>
   <topicref FeatureID="true_177" href="SET_HLP_WLAN_EAP_FAST_TYPES.html" navtitle="שיטות אימות של EAP-FAST"/>
   <topicref FeatureID="true_177" href="SET_HLP_WLAN_EAP_FAST_SUITES.html" navtitle="חבילות הצפנה עבור EAP-FAST"/>
   <topicref FeatureID="true_177" href="SET_HLP_WLAN_EAP_FAST_SETT.html" navtitle="הגדרות EAP-FAST"/>
   <topicref FeatureID="true_109" href="SET_HLP_WLAN_EAP_PAP.html" navtitle="הגדרות PAP"/>
   <topicref FeatureID="true_109" href="SET_HLP_WLAN_WEP_KEY_SETT.html" navtitle="עריכת מפתחות WEP"/>
   <topicref FeatureID="true_109" href="SET_HLP_WLAN_WEP_MAIN.html" navtitle="הגדרות אבטחת WEP"/>
   <topicref FeatureID="-1" href="ACL_HLP_MAIN.html" navtitle="הגבלת חיבורים"/>
   <topicref FeatureID="-1" href="SET_HLP_CONN_DEST_VIEW.html" navtitle="תצוגת יעדים"/>
   <topicref FeatureID="-1" href="SET_HLP_DEFAULT_CONN.html" navtitle="חיבור ברירת מחדל"/>
   <topicref FeatureID="true_99" href="SET_HLP_VPN_DEST_ASSOC_VIEW.html" navtitle="חיבורי VPN"/>
   <topicref FeatureID="-1" href="SET_HLP_CONN_METHODS_VIEW.html" navtitle="תצוגת נקודות גישה"/>
   <topicref FeatureID="-1" href="SET_HLP_APP_DEST_ASSOC_VIEW.html" navtitle="חיבורי יישומים"/>
   <topicref FeatureID="-1" href="CP_HLP_APPILICATION_SETTINGS.html" navtitle="הגדרות יישום"/>
   <topicref FeatureID="-1" href="SCP_HLP_CALL.html" navtitle="הגדרות שיחה"/>
   <topicref FeatureID="-1" href="CP_HLP_CONNECTIVITY.html" navtitle="הגדרות קישוריות"/>
   <topicref FeatureID="-1" href="CP_HLP_DISPLAY.html" navtitle="הגדרות תצוגה"/>
   <topicref FeatureID="-1" href="CP_HLP_DEVICE.html" navtitle="הגדרות התקן"/>
   <topicref FeatureID="-1" href="CP_HLP_LANGUAGE.html" navtitle="הגדרות שפה"/>
   <topicref FeatureID="-1" href="CP_HLP_MAIN_VIEW.html" navtitle="הגדרות"/>
   <topicref FeatureID="-1" href="CP_HLP_NETWORK.html" navtitle="הגדרות רשת"/>
   <topicref FeatureID="true_410" href="CP_HLP_PEN_INPUT.html" navtitle="הגדרות קלט מגע"/>
   <topicref FeatureID="-1" href="CP_HLP_PERSONAL.html" navtitle="תצוגה אישית"/>
   <topicref FeatureID="-1" href="CP_HLP_SECURITY.html" navtitle="הגדרות אבטחה"/>
   <topicref FeatureID="-1" href="SET_HLP_SECURITY_DEVICE_SIM.html" navtitle="אבטחת התקן"/>
   <topicref FeatureID="-1" href="CP_HLP_IDLE.html" navtitle="מסך הבית"/>
   <topicref FeatureID="-1" href="CP_HLP_TELEPHONY.html" navtitle="הגדרות טלפוניה."/>
   <topicref FeatureID="__DUAL_LANGUAGE_SUPPORT=true" href="CP_HLP_WRITING_LANGUAGE.html" navtitle="שפת כתיבה"/>
   <topicref FeatureID="-1" href="ES_HLP_LIGHT_MAIN.html" navtitle="נורית הודעה"/>
   <topicref FeatureID="-1" href="ES_HLP_LIGHT_BLINKING.html" navtitle="הגדרות נורית הודעה"/>
   <topicref FeatureID="-1" href="SET_HLP_ACCESSORIES_LIST.html" navtitle="הגדרות אביזרים"/>
   <topicref FeatureID="-1" href="SSET_HLP_MAIN_VIEW.html" navtitle="הגדרות חיישן"/>
   <topicref FeatureID="-1" href="SET_HLP_AP_SETTING_GPRS.html" navtitle="נקודת גישה למנות נתונים"/>
   <topicref FeatureID="-1" href="SET_HLP_AP_SETTING_GPRS_AS.html" navtitle="הגדרות מתקדמות של מנות נתונים"/>
   <topicref FeatureID="true_110" href="SET_HLP_AP_DATA_AS_IPV4.html" navtitle="הגדרות IPv4 של שיחת נתונים"/>
   <topicref FeatureID="true_1088" href="SET_HLP_AP_DATA_AS_IPV6.html" navtitle="הגדרות IPv6 של שיחות נתונים"/>
   <topicref FeatureID="true_110" href="SET_HLP_AP_SETTING_DATA.html" navtitle="נקודת גישה של שיחות נתונים"/>
   <topicref FeatureID="true_110" href="SET_HLP_AP_SETTING_DATA_AS.html" navtitle="הגדרות מתקדמות של שיחות נתונים"/>
   <topicref FeatureID="true_109" href="SET_HLP_AP_SETTING_WLAN_AS.html" navtitle="מתקדמות הגדרות WLAN"/>
   <topicref FeatureID="-1" href="SET_HLP_VPN_AP_SETTINGS_VIEW.html" navtitle="עריכת נקודות גישת VPN"/>
   <topicref FeatureID="true_109" href="SET_HLP_AP_SETTING_WLAN.html" navtitle="נקודת גישה של WLAN"/>
   <topicref FeatureID="true_109" href="SET_HLP_AP_WLAN_AS_IPV4.html" navtitle="הגדרות IPv4 של WLAN"/>
   <topicref FeatureID="true_109" href="SET_HLP_AP_WLAN_AS_IPV6.html" navtitle="הגדרות IPv6 של WLAN"/>
   <topicref FeatureID="-1" href="CP_HLP_AUTOKEYGUARD.html" navtitle="נעילת מקשים אוטומטית"/>
   <topicref FeatureID="true_1537" href="RD_HLP_REMOTE_DRIVE_CONFIG.html" navtitle="הגדרות כונן מרוחק"/>
   <topicref FeatureID="true_1537" href="RD_HLP_REMOTE_DRIVES.html" navtitle="כוננים מרוחקים"/>
   <topicref FeatureID="-1" href="CP_HLP_NETWORK.html" navtitle="הגדרות רשת"/>
   <topicref FeatureID="-1" href="SET_HLP_BARRING_SETTINGS.html" navtitle="חסימת שיחות טלפון"/>
   <topicref FeatureID="true_298" href="DIV_HLP_BARRING_MAIN.html" navtitle="חסימת שיחות"/>
   <topicref FeatureID="-1" href="DIV_HLP_CALL_FORW_MAIN.html" navtitle="הפניית שיחה"/>
   <topicref FeatureID="-1" href="DIV_HLP_CALL_FORW_VOI.html" navtitle="הפניית שיחות קוליות"/>
   <topicref FeatureID="true_298" href="DIV_HLP_CALL_FORW_VOIP.html" navtitle="חסימת שיחות אינטרנט"/>
   <topicref FeatureID="true_109" href="SET_HLP_WLAN_SETTINGS.html" navtitle="הגדרות WLAN"/>
   <topicref FeatureID="-1" href="CP_HLP_SYNCHRONISATION.html" navtitle="הגדרות סינכרון"/>
   <topicref FeatureID="-1" href="CP_HLP_INSTALLATIONS.html" navtitle="התקנות"/>
   <topicref FeatureID="-1" href="SET_HLP_ACCESSORIES_HEADPHONE.html" navtitle="הגדרות אוזניות"/>
   <topicref FeatureID="-1" href="SET_HLP_ACCESSORIES_HEADSET.html" navtitle="הגדרות דיבורית אישית"/>
   <topicref FeatureID="-1" href="SET_HLP_ACCESS_WIRED_CK.html" navtitle="הגדרות ערכה קווית לרכב"/>
   <topicref FeatureID="-1" href="SET_HLP_ACCESS_WIRELESS_CK.html" navtitle="הגדרות ערכה אלחוטית לרכב"/>
   <topicref FeatureID="-1" href="SET_HLP_ACCESSORIES_LOOPSET.html" navtitle="הגדרות עזר שמיעה"/>
   <topicref FeatureID="-1" href="SET_HLP_ACCESSORIES_MUSIC_ST.html" navtitle="הגדרות מעמד מוסיקה"/>
   <topicref FeatureID="true_1032" href="SET_HLP_ACCESSORIES_TTY.html" navtitle="הגדרות טלפון טקסט"/>
   <topicref FeatureID="true_1540" href="SET_HLP_ACCESSORIES_TVOUT.html" navtitle="הגדרות יציאת טלוויזיה"/>
   <topicref FeatureID="true_410" href="CP_HLP_PEN_INPUT.html" navtitle="הגדרות קלט מגע"/>
   <topicref FeatureID="-1" href="PREDINPUT_HLP_USERDICT.html" navtitle="עריכת מילון משתמש"/>
</topics>