<?xml version="1.0" encoding="UTF-8"?>
<keywords>
   <keywords>
      <text FeatureID="-1">הגדרות, סליידר</text>
      <target FeatureID="-1" href="SET_HLP_SETTINGS_KEYPAD_COVER.html">הגדרות לטיפול בסליידר</target>
   </keywords>
   <keywords>
      <text FeatureID="-1">הגדרות סליידר</text>
      <target FeatureID="-1" href="SET_HLP_SETTINGS_KEYPAD_COVER.html">הגדרות לטיפול בסליידר</target>
   </keywords>
   <keywords>
      <text FeatureID="-1">ניהול התקן</text>
      <target FeatureID="-1" href="CP_HLP_DEVICE_MANAGEMENT.html">ניהול התקן</target>
   </keywords>
   <keywords>
      <text FeatureID="true_109">EAP ‏(Extensible Authentication Protocol)</text>
      <target FeatureID="true_109" href="SET_HLP_WLAN_EAP_SIM.html">הגדרות EAP-SIM</target>
   </keywords>
   <keywords>
      <text FeatureID="true_109">הגדרות, רשת תקשורת מקומית אלחוטית</text>
      <target FeatureID="true_109" href="SET_HLP_WLAN_EAP_SIM.html">הגדרות EAP-SIM</target>
   </keywords>
   <keywords>
      <text FeatureID="-1">הגבלת נקודות גישה</text>
      <target FeatureID="-1" href="ACL_HLP_MAIN.html">הגבלת חיבורים</target>
   </keywords>
   <keywords>
      <text FeatureID="-1">הגדרות חיבור</text>
      <target FeatureID="-1" href="SIP_HLP_PROF_PARAMS.html">הגדרות פרופיל SIP</target>
      <target FeatureID="-1" href="SIP_HLP_MAIN.html">פרופילי SIP</target>
      <target FeatureID="-1" href="SET_HLP_CONN_DEST_VIEW.html">תצוגת יעדים</target>
      <target FeatureID="-1" href="SET_HLP_DEFAULT_CONN.html">חיבור ברירת מחדל</target>
      <target FeatureID="-1" href="SET_HLP_CONN_METHODS_VIEW.html">תצוגת נקודות גישה</target>
      <target FeatureID="true_1581" href="RD_HLP_REMOTE_DRIVE_CONFIG.html">הגדרות כונן מרוחק</target>
      <target FeatureID="true_1581" href="RD_HLP_REMOTE_DRIVES.html">כוננים מרוחקים</target>
   </keywords>
   <keywords>
      <text FeatureID="-1">הגדרות SIP</text>
      <target FeatureID="-1" href="SIP_HLP_PROF_PARAMS.html">הגדרות פרופיל SIP</target>
      <target FeatureID="-1" href="SIP_HLP_MAIN.html">פרופילי SIP</target>
      <target FeatureID="-1" href="SIP_HLP_PROXY_PARAMS.html">הגדרות SIP proxy</target>
      <target FeatureID="-1" href="SIP_HLP_REGISTRAR_PARAM.html">הגדרות שרת רישום</target>
   </keywords>
   <keywords>
      <text FeatureID="-1">שרת רישום</text>
      <target FeatureID="-1" href="SIP_HLP_REGISTRAR_PARAM.html">הגדרות שרת רישום</target>
   </keywords>
   <keywords>
      <text FeatureID="-1">נקודות גישה</text>
      <target FeatureID="-1" href="HLP_OCC_CONN_SETTINGS.html">חיבורי רשת</target>
      <target FeatureID="-1" href="SET_HLP_CONN_METHODS_VIEW.html">תצוגת נקודות גישה</target>
   </keywords>
   <keywords>
      <text FeatureID="-1">הגדרות, חיבור</text>
      <target FeatureID="-1" href="HLP_OCC_CONN_SETTINGS.html">חיבורי רשת</target>
   </keywords>
   <keywords>
      <text FeatureID="-1">הגדרות יעד</text>
      <target FeatureID="-1" href="SET_HLP_CONN_DEST_VIEW.html">תצוגת יעדים</target>
   </keywords>
   <keywords>
      <text FeatureID="-1">חיבור ברירת מחדל</text>
      <target FeatureID="-1" href="SET_HLP_DEFAULT_CONN.html">חיבור ברירת מחדל</target>
   </keywords>
   <keywords>
      <text FeatureID="-1">נקודות גישת VPN</text>
      <target FeatureID="true_99" href="SET_HLP_VPN_DEST_ASSOC_VIEW.html">חיבורי VPN</target>
      <target FeatureID="-1" href="SET_HLP_VPN_AP_SETTINGS_VIEW.html">עריכת נקודות גישת VPN</target>
   </keywords>
   <keywords>
      <text FeatureID="-1">חיבורי יישומים</text>
      <target FeatureID="-1" href="SET_HLP_APP_DEST_ASSOC_VIEW.html">חיבורי יישומים</target>
   </keywords>
   <keywords>
      <text FeatureID="-1">הגדרות יישום</text>
      <target FeatureID="-1" href="CP_HLP_APPILICATION_SETTINGS.html">הגדרות יישום</target>
   </keywords>
   <keywords>
      <text FeatureID="-1">שיחות, הגדרות</text>
      <target FeatureID="-1" href="SCP_HLP_CALL.html">הגדרות שיחה</target>
   </keywords>
   <keywords>
      <text FeatureID="-1">הגדרות, שיחות</text>
      <target FeatureID="-1" href="SCP_HLP_CALL.html">הגדרות שיחה</target>
   </keywords>
   <keywords>
      <text FeatureID="-1">קישוריות</text>
      <target FeatureID="-1" href="CP_HLP_CONNECTIVITY.html">הגדרות קישוריות</target>
   </keywords>
   <keywords>
      <text FeatureID="-1">לוח בקרה</text>
      <target FeatureID="-1" href="CP_HLP_DISPLAY.html">הגדרות תצוגה</target>
      <target FeatureID="__DUAL_LANGUAGE_SUPPORT=true" href="CP_HLP_WRITING_LANGUAGE.html">שפת כתיבה</target>
   </keywords>
   <keywords>
      <text FeatureID="-1">הגדרות תצוגה</text>
      <target FeatureID="-1" href="CP_HLP_DISPLAY.html">הגדרות תצוגה</target>
   </keywords>
   <keywords>
      <text FeatureID="-1">הגדרות כלליות</text>
      <target FeatureID="-1" href="CP_HLP_DEVICE.html">הגדרות התקן</target>
   </keywords>
   <keywords>
      <text FeatureID="-1">הגדרות התקן</text>
      <target FeatureID="-1" href="CP_HLP_DEVICE.html">הגדרות התקן</target>
   </keywords>
   <keywords>
      <text FeatureID="-1">הגדרות שפה</text>
      <target FeatureID="-1" href="CP_HLP_LANGUAGE.html">הגדרות שפה</target>
   </keywords>
   <keywords>
      <text FeatureID="-1">הגדרות</text>
      <target FeatureID="-1" href="CP_HLP_MAIN_VIEW.html">הגדרות</target>
   </keywords>
   <keywords>
      <text FeatureID="-1">הגדרות רשת</text>
      <target FeatureID="-1" href="CP_HLP_NETWORK.html">הגדרות רשת</target>
      <target FeatureID="-1" href="CP_HLP_NETWORK.html">הגדרות רשת</target>
   </keywords>
   <keywords>
      <text FeatureID="-1">פרופיל</text>
      <target FeatureID="-1" href="CP_HLP_PERSONAL.html">תצוגה אישית</target>
   </keywords>
   <keywords>
      <text FeatureID="-1">ערכת נושא</text>
      <target FeatureID="-1" href="CP_HLP_PERSONAL.html">תצוגה אישית</target>
   </keywords>
   <keywords>
      <text FeatureID="-1">המתנה</text>
      <target FeatureID="-1" href="CP_HLP_PERSONAL.html">תצוגה אישית</target>
   </keywords>
   <keywords>
      <text FeatureID="-1">אבטחה, הגדרות</text>
      <target FeatureID="-1" href="CP_HLP_SECURITY.html">הגדרות אבטחה</target>
   </keywords>
   <keywords>
      <text FeatureID="-1">הגדרות, אבטחה</text>
      <target FeatureID="-1" href="CP_HLP_SECURITY.html">הגדרות אבטחה</target>
   </keywords>
   <keywords>
      <text FeatureID="-1">התקן, נעילה</text>
      <target FeatureID="-1" href="SET_HLP_SECURITY_DEVICE_SIM.html">אבטחת התקן</target>
   </keywords>
   <keywords>
      <text FeatureID="-1">אבטחה</text>
      <target FeatureID="-1" href="SET_HLP_SECURITY_DEVICE_SIM.html">אבטחת התקן</target>
   </keywords>
   <keywords>
      <text FeatureID="__DUAL_LANGUAGE_SUPPORT=true">שפת כתיבה</text>
      <target FeatureID="__DUAL_LANGUAGE_SUPPORT=true" href="CP_HLP_WRITING_LANGUAGE.html">שפת כתיבה</target>
   </keywords>
   <keywords>
      <text FeatureID="-1">הגדרות אביזרים</text>
      <target FeatureID="-1" href="SET_HLP_ACCESSORIES_LIST.html">הגדרות אביזרים</target>
      <target FeatureID="-1" href="SET_HLP_ACCESSORIES_HEADPHONE.html">הגדרות אוזניות</target>
      <target FeatureID="-1" href="SET_HLP_ACCESSORIES_HEADSET.html">הגדרות דיבורית אישית</target>
      <target FeatureID="-1" href="SET_HLP_ACCESS_WIRED_CK.html">הגדרות ערכה קווית לרכב</target>
      <target FeatureID="true_1032" href="SET_HLP_ACCESSORIES_TTY.html">הגדרות טלפון טקסט</target>
      <target FeatureID="true_1540" href="SET_HLP_ACCESSORIES_TVOUT.html">הגדרות יציאת טלוויזיה</target>
   </keywords>
   <keywords>
      <text FeatureID="-1">נקודת גישה למנות נתונים</text>
      <target FeatureID="-1" href="SET_HLP_AP_SETTING_GPRS.html">נקודת גישה למנות נתונים</target>
   </keywords>
   <keywords>
      <text FeatureID="-1">הגדרות מנות נתונים</text>
      <target FeatureID="-1" href="SET_HLP_AP_SETTING_GPRS_AS.html">הגדרות מתקדמות של מנות נתונים</target>
   </keywords>
   <keywords>
      <text FeatureID="-1">נקודות גישה למנות נתונים</text>
      <target FeatureID="-1" href="SET_HLP_AP_SETTING_GPRS_AS.html">הגדרות מתקדמות של מנות נתונים</target>
   </keywords>
   <keywords>
      <text FeatureID="true_1088 true_110">נקודות גישה של שיחות נתונים</text>
      <target FeatureID="true_110" href="SET_HLP_AP_DATA_AS_IPV4.html">הגדרות IPv4 של שיחת נתונים</target>
      <target FeatureID="true_1088" href="SET_HLP_AP_DATA_AS_IPV6.html">הגדרות IPv6 של שיחות נתונים</target>
      <target FeatureID="true_110" href="SET_HLP_AP_SETTING_DATA_AS.html">הגדרות מתקדמות של שיחות נתונים</target>
   </keywords>
   <keywords>
      <text FeatureID="true_110">הגדרות נקודות גישה</text>
      <target FeatureID="true_110" href="SET_HLP_AP_SETTING_DATA.html">נקודת גישה של שיחות נתונים</target>
      <target FeatureID="true_110" href="SET_HLP_AP_SETTING_DATA_AS.html">הגדרות מתקדמות של שיחות נתונים</target>
   </keywords>
   <keywords>
      <text FeatureID="true_110">הגדרות שיחות נתונים</text>
      <target FeatureID="true_110" href="SET_HLP_AP_SETTING_DATA.html">נקודת גישה של שיחות נתונים</target>
   </keywords>
   <keywords>
      <text FeatureID="-1">רשת וירטואלית פרטית</text>
      <target FeatureID="-1" href="SET_HLP_VPN_AP_SETTINGS_VIEW.html">עריכת נקודות גישת VPN</target>
   </keywords>
   <keywords>
      <text FeatureID="-1">נעילת מקשים</text>
      <target FeatureID="-1" href="CP_HLP_AUTOKEYGUARD.html">נעילת מקשים אוטומטית</target>
   </keywords>
   <keywords>
      <text FeatureID="true_1581">כוננים מרוחקים</text>
      <target FeatureID="true_1581" href="RD_HLP_REMOTE_DRIVE_CONFIG.html">הגדרות כונן מרוחק</target>
      <target FeatureID="true_1581" href="RD_HLP_REMOTE_DRIVES.html">כוננים מרוחקים</target>
   </keywords>
   <keywords>
      <text FeatureID="-1">חסימת שיחות</text>
      <target FeatureID="-1" href="SET_HLP_BARRING_SETTINGS.html">חסימת שיחות טלפון</target>
      <target FeatureID="-1" href="SET_HLP_BARRING_SETTINGS.html">חסימת שיחות טלפון</target>
      <target FeatureID="true_298" href="DIV_HLP_BARRING_MAIN.html">חסימת שיחות</target>
      <target FeatureID="true_298" href="DIV_HLP_BARRING_MAIN.html">חסימת שיחות</target>
   </keywords>
   <keywords>
      <text FeatureID="-1">הפניית שיחות</text>
      <target FeatureID="true_89" href="DIV_HLP_CALL_FORW_VID.html">הפניית שיחות וידאו</target>
      <target FeatureID="-1" href="DIV_HLP_CALL_FORW_MAIN.html">הפניית שיחה</target>
      <target FeatureID="-1" href="DIV_HLP_CALL_FORW_VOI.html">הפניית שיחות קוליות</target>
   </keywords>
   <keywords>
      <text FeatureID="-1">העברת שיחות</text>
      <target FeatureID="-1" href="DIV_HLP_CALL_FORW_MAIN.html">הפניית שיחה</target>
   </keywords>
   <keywords>
      <text FeatureID="-1">הגדרות סינכרון</text>
      <target FeatureID="-1" href="CP_HLP_SYNCHRONISATION.html">הגדרות סינכרון</target>
   </keywords>
   <keywords>
      <text FeatureID="-1">התקנת יישומים</text>
      <target FeatureID="-1" href="CP_HLP_INSTALLATIONS.html">התקנות</target>
   </keywords>
   <keywords>
      <text FeatureID="-1">הגדרות אוזניות</text>
      <target FeatureID="-1" href="SET_HLP_ACCESSORIES_HEADPHONE.html">הגדרות אוזניות</target>
   </keywords>
   <keywords>
      <text FeatureID="-1">הגדרות דיבורית אישית</text>
      <target FeatureID="-1" href="SET_HLP_ACCESSORIES_HEADSET.html">הגדרות דיבורית אישית</target>
   </keywords>
   <keywords>
      <text FeatureID="-1">הגדרות ערכה קווית לרכב</text>
      <target FeatureID="-1" href="SET_HLP_ACCESS_WIRED_CK.html">הגדרות ערכה קווית לרכב</target>
   </keywords>
   <keywords>
      <text FeatureID="-1">הגדרות ערכה לרכב</text>
      <target FeatureID="-1" href="SET_HLP_ACCESS_WIRED_CK.html">הגדרות ערכה קווית לרכב</target>
   </keywords>
   <keywords>
      <text FeatureID="-1">הגדרות מעמד מוסיקה</text>
      <target FeatureID="-1" href="SET_HLP_ACCESSORIES_MUSIC_ST.html">הגדרות מעמד מוסיקה</target>
   </keywords>
   <keywords>
      <text FeatureID="true_1032">הגדרות TTY</text>
      <target FeatureID="true_1032" href="SET_HLP_ACCESSORIES_TTY.html">הגדרות טלפון טקסט</target>
   </keywords>
   <keywords>
      <text FeatureID="true_1032">הגדרות TDD</text>
      <target FeatureID="true_1032" href="SET_HLP_ACCESSORIES_TTY.html">הגדרות טלפון טקסט</target>
   </keywords>
   <keywords>
      <text FeatureID="true_1540">הגדרות יציאת טלוויזיה</text>
      <target FeatureID="true_1540" href="SET_HLP_ACCESSORIES_TVOUT.html">הגדרות יציאת טלוויזיה</target>
   </keywords>
   <keywords>
      <text FeatureID="true_410">קלט טקסט</text>
      <target FeatureID="true_410" href="PREDINPUT_HLP_VIRTUAL_ITI_SETTINGS.html">הגדרות קלט</target>
   </keywords>
   <keywords>
      <text FeatureID="-1">קלט טקסט חכם</text>
      <target FeatureID="-1" href="PREDINPUT_HLP_VIRTUAL_ITI.html">קלט טקסט חכם</target>
   </keywords>
   <keywords>
      <text FeatureID="-1">הגדרות, שחזור</text>
      <target FeatureID="-1" href="SET_HLP_GENERAL_ORIG_SET.html">שחזור הגדרות מקוריות</target>
   </keywords>
   <keywords>
      <text FeatureID="-1">שחזור הגדרות</text>
      <target FeatureID="-1" href="SET_HLP_GENERAL_ORIG_SET.html">שחזור הגדרות מקוריות</target>
   </keywords>
   <keywords>
      <text FeatureID="-1">הגדרות היצרן, שחזור</text>
      <target FeatureID="-1" href="SET_HLP_GENERAL_ORIG_SET.html">שחזור הגדרות מקוריות</target>
   </keywords>
</keywords>