<?xml version="1.0" encoding="UTF-8"?>
<keywords>
   <keywords>
      <text FeatureID="-1">inspelning, ljud</text>
      <target FeatureID="-1" href="VOREC_HLP_EMPTY_RECORDER.html">Spela in ljudklipp</target>
   </keywords>
   <keywords>
      <text FeatureID="-1">röstinspelning</text>
      <target FeatureID="-1" href="VOREC_HLP_MAIN.html">Använda Röstinspelning</target>
   </keywords>
   <keywords>
      <text FeatureID="-1">spela in ljudklipp</text>
      <target FeatureID="-1" href="VOREC_HLP_MAIN.html">Använda Röstinspelning</target>
   </keywords>
   <keywords>
      <text FeatureID="-1">röstinspelningsinställningar</text>
      <target FeatureID="-1" href="VOREC_HLP_SETTINGS.html">Röstinspelningsinställningar</target>
   </keywords>
</keywords>