<?xml version="1.0" encoding="UTF-8"?>
<keywords>
   <keywords>
      <text FeatureID="-1">đồng hồ, âm báo</text>
      <target FeatureID="-1" href="CLK_HLP_ALARM_EDITOR.html">Trình chỉnh sửa báo thức</target>
   </keywords>
   <keywords>
      <text FeatureID="-1">báo thức</text>
      <target FeatureID="-1" href="CLK_HLP_ALARM_EDITOR.html">Trình chỉnh sửa báo thức</target>
      <target FeatureID="-1" href="CLK_HLP_REAL_TIME_CLOCK_IN.html">Giao diện chính của đồng hồ</target>
   </keywords>
   <keywords>
      <text FeatureID="-1">đồng hồ</text>
      <target FeatureID="-1" href="CLK_HLP_REAL_TIME_CLOCK_IN.html">Giao diện chính của đồng hồ</target>
      <target FeatureID="-1" href="CLK_HLP_WRLD_CLK.html">Đồng hồ thế giới</target>
   </keywords>
   <keywords>
      <text FeatureID="-1">cài đặt ngày và giờ</text>
      <target FeatureID="-1" href="CLK_HLP_SETTINGS.html">Cài đặt ngày và giờ</target>
   </keywords>
   <keywords>
      <text FeatureID="-1">cài đặt đồng hồ</text>
      <target FeatureID="-1" href="CLK_HLP_SETTINGS.html">Cài đặt ngày và giờ</target>
   </keywords>
   <keywords>
      <text FeatureID="-1">đồng hồ, múi giờ</text>
      <target FeatureID="-1" href="CLK_HLP_REAL_TIME_CLOCK_AN.html">Giờ địa phương</target>
   </keywords>
   <keywords>
      <text FeatureID="-1">giờ địa phương và múi giờ</text>
      <target FeatureID="-1" href="CLK_HLP_REAL_TIME_CLOCK_AN.html">Giờ địa phương</target>
   </keywords>
   <keywords>
      <text FeatureID="-1">đồng hồ thế giới</text>
      <target FeatureID="-1" href="CLK_HLP_WRLD_CLK.html">Đồng hồ thế giới</target>
   </keywords>
</keywords>