<?xml version="1.0" encoding="UTF-8"?>
<keywords>
   <keywords>
      <text FeatureID="-1">сертификаты</text>
      <target FeatureID="-1" href="AM_HLP_GENERAL_SETTINGS.html">Параметры сертификатов</target>
   </keywords>
   <keywords>
      <text FeatureID="-1">настройки, сертификаты</text>
      <target FeatureID="-1" href="AM_HLP_GENERAL_SETTINGS.html">Параметры сертификатов</target>
   </keywords>
   <keywords>
      <text FeatureID="-1">установка приложений</text>
      <target FeatureID="-1" href="AM_HLP_NOT_INSTALLED.html">Установочные файлы</target>
      <target FeatureID="-1" href="AM_HLP_APPLICATION.html">Управление приложениями</target>
   </keywords>
   <keywords>
      <text FeatureID="-1">приложения</text>
      <target FeatureID="-1" href="AM_HLP_NOT_INSTALLED.html">Установочные файлы</target>
      <target FeatureID="-1" href="AM_HLP_INSTALLED.html">Установленные приложения</target>
   </keywords>
   <keywords>
      <text FeatureID="-1">установка программного обеспечения</text>
      <target FeatureID="-1" href="AM_HLP_APPLICATION.html">Управление приложениями</target>
   </keywords>
   <keywords>
      <text FeatureID="-1">запросы разрешения</text>
      <target FeatureID="-1" href="AM_HLP_INSTALL_CAPAB.html">Запросы разрешения</target>
   </keywords>
   <keywords>
      <text FeatureID="-1">непроверенная установка</text>
      <target FeatureID="-1" href="AM_HLP_INSTALL_UNTRUSTED.html">Непроверенная установка</target>
   </keywords>
</keywords>