<?xml version="1.0" encoding="UTF-8"?>
<keywords>
   <keywords>
      <text FeatureID="-1">lydtemaer</text>
      <target FeatureID="-1" href="AUDIOTHEME_HLP_EVENTGROUPS.html">Endre lydtemaer</target>
      <target FeatureID="-1" href="SET_HLP_AUDIO_THEME_EVENTSLIST.html">Lyder for enhetshendelse</target>
   </keywords>
   <keywords>
      <text FeatureID="-1">tilpasse enhet</text>
      <target FeatureID="-1" href="AUDIOTHEME_HLP_EVENTGROUPS.html">Endre lydtemaer</target>
      <target FeatureID="-1" href="SET_HLP_AUDIO_THEME_EVENTSLIST.html">Lyder for enhetshendelse</target>
   </keywords>
   <keywords>
      <text FeatureID="-1">enhetslyder</text>
      <target FeatureID="-1" href="AUDIOTHEME_HLP_EVENTGROUPS.html">Endre lydtemaer</target>
      <target FeatureID="-1" href="SET_HLP_AUDIO_THEME_EVENTSLIST.html">Lyder for enhetshendelse</target>
   </keywords>
</keywords>