<?xml version="1.0" encoding="UTF-8"?>
<keywords>
   <keywords>
      <text FeatureID="-1">이미지 편집</text>
      <target FeatureID="-1" href="SIE_HLP_MAIN.html">이미지 편집</target>
   </keywords>
   <keywords>
      <text FeatureID="-1">텍스트 편집</text>
      <target FeatureID="-1" href="SIE_HLP_EDIT_TEXT.html">이미지 내의 텍스트 편집</target>
   </keywords>
   <keywords>
      <text FeatureID="-1">이미지 편집기</text>
      <target FeatureID="-1" href="SIE_HLP_EDIT_TEXT.html">이미지 내의 텍스트 편집</target>
   </keywords>
   <keywords>
      <text FeatureID="-1">확대/축소된 이미지 편집</text>
      <target FeatureID="-1" href="SIE_HLP_ZOOMING.html">확대/축소된 이미지 편집</target>
   </keywords>
   <keywords>
      <text FeatureID="-1">이미지 확대/축소</text>
      <target FeatureID="-1" href="SIE_HLP_ZOOMING.html">확대/축소된 이미지 편집</target>
   </keywords>
   <keywords>
      <text FeatureID="-1">클립 아트 편집</text>
      <target FeatureID="-1" href="SIE_HLP_EDIT_CLIPART.html">클립 아트 편집</target>
   </keywords>
   <keywords>
      <text FeatureID="-1">말풍선 편집</text>
      <target FeatureID="-1" href="SIE_HLP_EDIT_CLIPART.html">클립 아트 편집</target>
   </keywords>
   <keywords>
      <text FeatureID="-1">적목 현상 해소</text>
      <target FeatureID="-1" href="SIE_HLP_REDEYE.html">적목 현상 해소</target>
   </keywords>
</keywords>