<?xml version="1.0" encoding="UTF-8"?><?xml-stylesheet  href="../../theme/xsl/index2html.xslt" type="text/xsl"?>
<topics FeatureID="-1" title="ปฏิทิน" compressed="true">
   <topicref FeatureID="-1" href="CALE_HLP_NOTE_VIEWER.html" navtitle="รายการปฏิทิน"/>
   <topicref FeatureID="-1" href="CALE_HLP_SETTINGS.html" navtitle="การตั้งค่าปฏิทิน"/>
   <topicref FeatureID="-1" href="CALE_HLP_DAY_VIEW.html" navtitle="แสดงเป็นวัน"/>
   <topicref FeatureID="-1" href="CALE_HLP_NOTE_MEETING.html" navtitle="รายการการประชุม"/>
   <topicref FeatureID="-1" href="CALE_HLP_MONTH_VIEW.html" navtitle="แสดงเป็นเดือน"/>
   <topicref FeatureID="-1" href="CALE_HLP_TODO_NOTE.html" navtitle="รายการสิ่งที่ต้องทำ"/>
   <topicref FeatureID="-1" href="CALE_HLP_TODO_VIEW.html" navtitle="หน้าจอสิ่งที่ต้องทำ"/>
   <topicref FeatureID="-1" href="CALE_HLP_WEEK_VIEW.html" navtitle="แสดงเป็นสัปดาห์"/>
   <topicref FeatureID="-1" href="CALE_HLP_CALENDAR_DATABASE_SETTINGS.html" navtitle="การตั้งค่าปฏิทินหลายอัน"/>
   <topicref FeatureID="-1" href="CALE_HLP_CALE_MAN_VIEW.html" navtitle="มุมมองการจัดการปฏิทิน"/>
   <topicref FeatureID="-1" href="CALE_HLP_ATTACH_VIEW.html" navtitle="มุมมองสิ่งที่แนบ"/>
   <topicref FeatureID="-1" href="CALE_HLP_MAV.html" navtitle="มุมมองการแจ้งเตือนที่หาย"/>
</topics>