<?xml version="1.0" encoding="UTF-8"?><?xml-stylesheet  href="../../theme/xsl/index2html.xslt" type="text/xsl"?>
<topics FeatureID="-1" title="ปฏิทิน" compressed="true">
   <topicref FeatureID="-1" href="CALE_HLP_NOTE_ANNIVERSARY.html" navtitle="รายการวันครบรอบ"/>
   <topicref FeatureID="-1" href="CALE_HLP_NOTE_VIEWER.html" navtitle="รายการปฏิทิน"/>
   <topicref FeatureID="-1" href="CALE_HLP_SETTINGS.html" navtitle="การตั้งค่าปฏิทิน"/>
   <topicref FeatureID="-1" href="CALE_HLP_DAY_VIEW.html" navtitle="แสดงเป็นวัน"/>
   <topicref FeatureID="-1" href="CALE_HLP_NOTE_MEETING.html" navtitle="รายการการประชุม"/>
   <topicref FeatureID="-1" href="CALE_HLP_NOTE_DAY.html" navtitle="รายการบันทึกช่วยจำ"/>
   <topicref FeatureID="-1" href="CALE_HLP_MONTH_VIEW.html" navtitle="แสดงเป็นเดือน"/>
   <topicref FeatureID="-1" href="CALE_HLP_TODO_NOTE.html" navtitle="รายการสิ่งที่ต้องทำ"/>
   <topicref FeatureID="-1" href="CALE_HLP_TODO_VIEW.html" navtitle="หน้าจอสิ่งที่ต้องทำ"/>
   <topicref FeatureID="-1" href="CALE_HLP_WEEK_VIEW.html" navtitle="แสดงเป็นสัปดาห์"/>
</topics>