<?xml version="1.0" encoding="UTF-8"?>
<keywords>
   <keywords>
      <text FeatureID="-1">ปฏิทิน</text>
      <target FeatureID="-1" href="CALE_HLP_NOTE_VIEWER.html">รายการปฏิทิน</target>
      <target FeatureID="-1" href="CALE_HLP_DAY_VIEW.html">แสดงเป็นวัน</target>
      <target FeatureID="-1" href="CALE_HLP_NOTE_MEETING.html">รายการการประชุม</target>
      <target FeatureID="-1" href="CALE_HLP_MONTH_VIEW.html">แสดงเป็นเดือน</target>
      <target FeatureID="-1" href="CALE_HLP_TODO_NOTE.html">รายการสิ่งที่ต้องทำ</target>
      <target FeatureID="-1" href="CALE_HLP_TODO_VIEW.html">หน้าจอสิ่งที่ต้องทำ</target>
      <target FeatureID="-1" href="CALE_HLP_WEEK_VIEW.html">แสดงเป็นสัปดาห์</target>
      <target FeatureID="-1" href="CALE_HLP_CALENDAR_DATABASE_SETTINGS.html">การตั้งค่าปฏิทินหลายอัน</target>
      <target FeatureID="-1" href="CALE_HLP_CALE_MAN_VIEW.html">มุมมองการจัดการปฏิทิน</target>
      <target FeatureID="-1" href="CALE_HLP_ATTACH_VIEW.html">มุมมองสิ่งที่แนบ</target>
      <target FeatureID="-1" href="CALE_HLP_MAV.html">มุมมองการแจ้งเตือนที่หาย</target>
   </keywords>
   <keywords>
      <text FeatureID="-1">การประชุม</text>
      <target FeatureID="-1" href="CALE_HLP_NOTE_VIEWER.html">รายการปฏิทิน</target>
      <target FeatureID="-1" href="CALE_HLP_NOTE_MEETING.html">รายการการประชุม</target>
   </keywords>
   <keywords>
      <text FeatureID="-1">บันทึกสิ่งที่ต้องทำ</text>
      <target FeatureID="-1" href="CALE_HLP_NOTE_VIEWER.html">รายการปฏิทิน</target>
      <target FeatureID="-1" href="CALE_HLP_TODO_NOTE.html">รายการสิ่งที่ต้องทำ</target>
   </keywords>
   <keywords>
      <text FeatureID="-1">การตั้งค่าปฏิทิน</text>
      <target FeatureID="-1" href="CALE_HLP_SETTINGS.html">การตั้งค่าปฏิทิน</target>
   </keywords>
   <keywords>
      <text FeatureID="-1">รายการสิ่งที่ต้องทำ</text>
      <target FeatureID="-1" href="CALE_HLP_TODO_VIEW.html">หน้าจอสิ่งที่ต้องทำ</target>
   </keywords>
   <keywords>
      <text FeatureID="-1">การตั้งค่า, ปฏิทิน</text>
      <target FeatureID="-1" href="CALE_HLP_CALENDAR_DATABASE_SETTINGS.html">การตั้งค่าปฏิทินหลายอัน</target>
   </keywords>
   <keywords>
      <text FeatureID="-1">สิ่งที่แนบ</text>
      <target FeatureID="-1" href="CALE_HLP_ATTACH_VIEW.html">มุมมองสิ่งที่แนบ</target>
   </keywords>
   <keywords>
      <text FeatureID="-1">การแจ้งเตือน, บันทึกปฏิทิน</text>
      <target FeatureID="-1" href="CALE_HLP_MAV.html">มุมมองการแจ้งเตือนที่หาย</target>
   </keywords>
</keywords>