<?xml version="1.0" encoding="UTF-8"?>
<keywords>
   <keywords>
      <text FeatureID="-1">autoriteitscertificaten</text>
      <target FeatureID="-1" href="CM_HLP_AUTHORITY.html">Autoriteitscertificaten</target>
   </keywords>
   <keywords>
      <text FeatureID="-1">certificaten</text>
      <target FeatureID="-1" href="CM_HLP_AUTHORITY.html">Autoriteitscertificaten</target>
      <target FeatureID="-1" href="CM_HLP_DEVICE.html">Apparaatcertificaten</target>
      <target FeatureID="-1" href="CM_HLP_MAIN.html">Certificaatbeheer</target>
      <target FeatureID="-1" href="CM_HLP_PERSONAL.html">Persoonlijke certificaten</target>
      <target FeatureID="-1" href="CM_HLP_TRUSTED_SITE.html">Certificaten voor vertrouwde sites</target>
      <target FeatureID="-1" href="CM_HLP_TRUST_SETTINGS.html">Vertrouwensinstellingen bewerken</target>
   </keywords>
   <keywords>
      <text FeatureID="-1">beveiligingscertificaten</text>
      <target FeatureID="-1" href="CM_HLP_AUTHORITY.html">Autoriteitscertificaten</target>
      <target FeatureID="-1" href="CM_HLP_MAIN.html">Certificaatbeheer</target>
   </keywords>
   <keywords>
      <text FeatureID="-1">apparaatcertificaten</text>
      <target FeatureID="-1" href="CM_HLP_DEVICE.html">Apparaatcertificaten</target>
   </keywords>
   <keywords>
      <text FeatureID="-1">persoonlijke certificaten</text>
      <target FeatureID="-1" href="CM_HLP_PERSONAL.html">Persoonlijke certificaten</target>
   </keywords>
   <keywords>
      <text FeatureID="-1">vertrouwde sites, certificaten</text>
      <target FeatureID="-1" href="CM_HLP_TRUSTED_SITE.html">Certificaten voor vertrouwde sites</target>
   </keywords>
   <keywords>
      <text FeatureID="-1">vertrouwensinstellingen</text>
      <target FeatureID="-1" href="CM_HLP_TRUST_SETTINGS.html">Vertrouwensinstellingen bewerken</target>
   </keywords>
</keywords>