<?xml version="1.0" encoding="UTF-8"?>
<keywords>
   <keywords>
      <text FeatureID="true_11008 false_11008">apparaatregistratie</text>
      <target FeatureID="true_11008" href="DRM_HLP_REGISTRATION_METERING.html">Apparaatregistratie</target>
      <target FeatureID="false_11008" href="DRM_HLP_REGISTRATION.html">Apparaatregistratie</target>
   </keywords>
   <keywords>
      <text FeatureID="true_11008">stille rechten, verkrijgen</text>
      <target FeatureID="true_11008" href="DRM_HLP_REGISTRATION_METERING.html">Apparaatregistratie</target>
   </keywords>
   <keywords>
      <text FeatureID="true_11008">meter</text>
      <target FeatureID="true_11008" href="DRM_HLP_REGISTRATION_METERING.html">Apparaatregistratie</target>
   </keywords>
</keywords>