<?xml version="1.0" encoding="UTF-8"?>
<keywords>
   <keywords>
      <text FeatureID="-1">Anpassning av profiler</text>
      <target FeatureID="-1" href="MODE_HLP_PERSONALISE.html">Anpassa profiler</target>
   </keywords>
   <keywords>
      <text FeatureID="-1">signalinställningar</text>
      <target FeatureID="-1" href="SET_HLP_PERSONAL_TONES.html">Signalinställningar</target>
   </keywords>
   <keywords>
      <text FeatureID="-1">ringsignaler</text>
      <target FeatureID="-1" href="SET_HLP_PERSONAL_TONES.html">Signalinställningar</target>
   </keywords>
   <keywords>
      <text FeatureID="-1">profiler</text>
      <target FeatureID="-1" href="MODE_HLP_PROFILES_LIST.html">Profiler</target>
   </keywords>
   <keywords>
      <text FeatureID="-1">ändra profiler</text>
      <target FeatureID="-1" href="MODE_HLP_PROFILES_LIST.html">Profiler</target>
   </keywords>
</keywords>