<?xml version="1.0" encoding="UTF-8"?>
<keywords>
   <keywords>
      <text FeatureID="-1">הפעלת קובצי flash</text>
      <target FeatureID="-1" href="FLITE_HLP_STOPPED.html">סיום הפעלת Flash</target>
      <target FeatureID="-1" href="FLITE_HLP_VIEWER_PAUSED.html">הפסקה של הפעלת flash</target>
      <target FeatureID="-1" href="FLITE_HLP_VIEWER_PLAY.html">הפעלת קובצי flash</target>
   </keywords>
   <keywords>
      <text FeatureID="-1">נגן Flash</text>
      <target FeatureID="-1" href="FLITE_HLP_STOPPED.html">סיום הפעלת Flash</target>
      <target FeatureID="-1" href="FLITE_HLP_VIEWER_PAUSED.html">הפסקה של הפעלת flash</target>
      <target FeatureID="-1" href="FLITE_HLP_VIEWER_PLAY.html">הפעלת קובצי flash</target>
   </keywords>
</keywords>