<?xml version="1.0" encoding="UTF-8"?>
<keywords>
   <keywords>
      <text FeatureID="-1">edycja zdjęć</text>
      <target FeatureID="-1" href="SIE_HLP_MAIN.html">Edycja zdjęć</target>
   </keywords>
   <keywords>
      <text FeatureID="-1">edytowanie tekstu</text>
      <target FeatureID="-1" href="SIE_HLP_EDIT_TEXT.html">Edycja tekstu na zdjęciach</target>
   </keywords>
   <keywords>
      <text FeatureID="-1">edytor zdjęć</text>
      <target FeatureID="-1" href="SIE_HLP_EDIT_TEXT.html">Edycja tekstu na zdjęciach</target>
   </keywords>
   <keywords>
      <text FeatureID="-1">edycja powiększonych zdjęć</text>
      <target FeatureID="-1" href="SIE_HLP_ZOOMING.html">Edycja powiększonych zdjęć</target>
   </keywords>
   <keywords>
      <text FeatureID="-1">powiększanie zdjęć</text>
      <target FeatureID="-1" href="SIE_HLP_ZOOMING.html">Edycja powiększonych zdjęć</target>
   </keywords>
   <keywords>
      <text FeatureID="-1">edycja obiektów clipart</text>
      <target FeatureID="-1" href="SIE_HLP_EDIT_CLIPART.html">Edycja obiektów clipart</target>
   </keywords>
   <keywords>
      <text FeatureID="-1">edycja dymków</text>
      <target FeatureID="-1" href="SIE_HLP_EDIT_CLIPART.html">Edycja obiektów clipart</target>
   </keywords>
   <keywords>
      <text FeatureID="-1">redukcja efektu czerwonych oczu</text>
      <target FeatureID="-1" href="SIE_HLP_REDEYE.html">Redukcja efektu czerwonych oczu</target>
   </keywords>
</keywords>