<?xml version="1.0" encoding="UTF-8"?><?xml-stylesheet  href="../../theme/xsl/index2html.xslt" type="text/xsl"?>
<topics FeatureID="-1" title="视频电视" compressed="true">
   <topicref FeatureID="-1" href="IPTV_HLP_MAIN_STATE.html" navtitle="视频电视"/>
   <topicref FeatureID="-1" href="IPTV_HLP_VODCAST_MAIN.html" navtitle="视频馈送"/>
   <topicref FeatureID="-1" href="IPTV_HLP_SERVICE_SELECTION_VOD.html" navtitle="选择视频服务"/>
   <topicref FeatureID="-1" href="IPTV_HLP_VOD_CATEGORIES.html" navtitle="视频类别"/>
   <topicref FeatureID="-1" href="IPTV_HLP_VOD.html" navtitle="查看和下载视频片段"/>
   <topicref FeatureID="-1" href="IPTV_HLP_SCHEDULE_DOWNLOAD.html" navtitle="定时下载"/>
   <topicref FeatureID="-1" href="IPTV_HLP_STORAGE.html" navtitle="我的视频"/>
   <topicref FeatureID="-1" href="IPTV_HLP_SETTINGS.html" navtitle="视频电视设置"/>
   <topicref FeatureID="-1" href="IPTV_HLP_SERVICE_SEL_VODCAST.html" navtitle="选择视频馈送"/>
   <topicref FeatureID="-1" href="IPTV_HLP_ADD_SERVICE.html" navtitle="增加视频馈送"/>
</topics>