<?xml version="1.0" encoding="UTF-8"?>
<keywords>
   <keywords>
      <text FeatureID="-1">视频电视</text>
      <target FeatureID="-1" href="IPTV_HLP_MAIN_STATE.html">视频电视</target>
      <target FeatureID="-1" href="IPTV_HLP_VODCAST_MAIN.html">视频馈送</target>
      <target FeatureID="-1" href="IPTV_HLP_SERVICE_SELECTION_VOD.html">选择视频服务</target>
      <target FeatureID="-1" href="IPTV_HLP_VOD_CATEGORIES.html">视频类别</target>
      <target FeatureID="-1" href="IPTV_HLP_VOD.html">查看和下载视频片段</target>
      <target FeatureID="-1" href="IPTV_HLP_SCHEDULE_DOWNLOAD.html">定时下载</target>
      <target FeatureID="-1" href="IPTV_HLP_STORAGE.html">我的视频</target>
      <target FeatureID="-1" href="IPTV_HLP_SERVICE_SEL_VODCAST.html">选择视频馈送</target>
      <target FeatureID="-1" href="IPTV_HLP_ADD_SERVICE.html">增加视频馈送</target>
   </keywords>
   <keywords>
      <text FeatureID="-1">视频馈送</text>
      <target FeatureID="-1" href="IPTV_HLP_VODCAST_MAIN.html">视频馈送</target>
      <target FeatureID="-1" href="IPTV_HLP_VOD_CATEGORIES.html">视频类别</target>
      <target FeatureID="-1" href="IPTV_HLP_SERVICE_SEL_VODCAST.html">选择视频馈送</target>
      <target FeatureID="-1" href="IPTV_HLP_ADD_SERVICE.html">增加视频馈送</target>
   </keywords>
   <keywords>
      <text FeatureID="-1">下载, 视频片段</text>
      <target FeatureID="-1" href="IPTV_HLP_VOD.html">查看和下载视频片段</target>
      <target FeatureID="-1" href="IPTV_HLP_SCHEDULE_DOWNLOAD.html">定时下载</target>
   </keywords>
   <keywords>
      <text FeatureID="-1">视频电视, 设置</text>
      <target FeatureID="-1" href="IPTV_HLP_SETTINGS.html">视频电视设置</target>
   </keywords>
   <keywords>
      <text FeatureID="-1">设置, 视频</text>
      <target FeatureID="-1" href="IPTV_HLP_SETTINGS.html">视频电视设置</target>
   </keywords>
</keywords>