<?xml version="1.0" encoding="UTF-8"?>
<keywords>
   <keywords>
      <text FeatureID="-1">partilha de vídeo</text>
      <target FeatureID="true_208" href="MSH_HLP_LIVE.html">Partilhar vídeo em directo</target>
      <target FeatureID="-1" href="MSH_HLP_CLIP.html">Partilhar clips de vídeo</target>
      <target FeatureID="-1" href="MSH_HLP_SETTINGS.html">Definições de partilha de vídeo</target>
      <target FeatureID="-1" href="MSH_HLP_RECEIVE.html">Ver vídeo partilhado</target>
   </keywords>
</keywords>