<?xml version="1.0" encoding="UTF-8"?>
<keywords>
   <keywords>
      <text FeatureID="-1">video sūtīšana</text>
      <target FeatureID="true_208" href="MSH_HLP_LIVE.html">Video tiešraides sūtīšana</target>
      <target FeatureID="-1" href="MSH_HLP_CLIP.html">Videoklipu sūtīšana</target>
      <target FeatureID="-1" href="MSH_HLP_SETTINGS.html">Video sūtīš. uzstādījumi</target>
      <target FeatureID="-1" href="MSH_HLP_RECEIVE.html">Nosūtītu video apskate</target>
   </keywords>
</keywords>