<?xml version="1.0" encoding="UTF-8"?>
<keywords>
   <keywords>
      <text FeatureID="-1">przes. dalej wiadom.</text>
      <target FeatureID="-1" href="MMS_HLP_MMS_FWD_REQUEST.html">Przesyłanie dalej wiadomości MMS</target>
   </keywords>
   <keywords>
      <text FeatureID="-1">wiadomości MMS</text>
      <target FeatureID="-1" href="MMS_HLP_MMS_FWD_REQUEST_SEND.html">Prześlij żądanie do Elementów wysłanych</target>
   </keywords>
   <keywords>
      <text FeatureID="-1">powiadomienia o MMS</text>
      <target FeatureID="-1" href="MMS_HLP_NOTIFICATION_VIEWER.html">Powiadomienia o wiadomościach MMS</target>
   </keywords>
   <keywords>
      <text FeatureID="-1">obiekty multimedialne</text>
      <target FeatureID="-1" href="MMS_HLP_OBJECTS_VIEW_VIEWER.html">Wyświetlanie obiektów multimedialnych</target>
      <target FeatureID="-1" href="MMS_HLP_OBJECTS_VIEW_VIEWER.html">Wyświetlanie obiektów multimedialnych</target>
   </keywords>
   <keywords>
      <text FeatureID="-1">wiadomości multimedialne</text>
      <target FeatureID="-1" href="MMS_HLP_MMS_VIEWER.html">Wyświetlanie wiadomości MMS</target>
   </keywords>
   <keywords>
      <text FeatureID="-1">MMS</text>
      <target FeatureID="-1" href="MMS_HLP_MMS_VIEWER.html">Wyświetlanie wiadomości MMS</target>
   </keywords>
</keywords>