<?xml version="1.0" encoding="UTF-8"?>
<keywords>
   <keywords>
      <text FeatureID="-1">metody pozycjonowania</text>
      <target FeatureID="-1" href="LOC_HLP_SETTINGS.html">Ustawienia pozycjonowania</target>
   </keywords>
   <keywords>
      <text FeatureID="-1">serwer pozycjonowania</text>
      <target FeatureID="-1" href="LOC_HLP_SETTINGS.html">Ustawienia pozycjonowania</target>
   </keywords>
   <keywords>
      <text FeatureID="-1">preferencje zapisu</text>
      <target FeatureID="-1" href="LOC_HLP_SETTINGS.html">Ustawienia pozycjonowania</target>
   </keywords>
</keywords>