<?xml version="1.0" encoding="UTF-8"?><?xml-stylesheet  href="../../theme/xsl/index2html.xslt" type="text/xsl"?>
<topics FeatureID="-1" title="Pertsonalizazioa" compressed="true">
   <topicref FeatureID="-1" href="SKINS_HLP_LIST.html" navtitle="Gai orokorrak"/>
   <topicref FeatureID="-1" href="SCREENSAVER_HLP_WP_SETTINGS.html" navtitle="Horma-papereko diapositiba aurkezpenaren ezarpenak"/>
   <topicref FeatureID="-1" href="SKINS_HLP_WP_SETTINGS.html" navtitle="Horma-paperaren ezarpenak"/>
   <topicref FeatureID="-1" href="SKINS_HLP_SCREENS_SETTINGS.html" navtitle="Pantaila-babeslearen ezarpenak"/>
   <topicref FeatureID="true_1503" href="SKINS_HLP_CIMAGE_SETTINGS.html" navtitle="Aukeratu deiaren irudia"/>
   <topicref FeatureID="-1" href="SKINS_HLP_APPSHELL.html" navtitle="Menu ikuspegiaren ezarpenak"/>
   <topicref FeatureID="-1" href="SKINS_HLP_IDLE.html" navtitle="Hasierako pantailaren ezarpenak"/>
   <topicref FeatureID="-1" href="SKINS_HLP_APP_MAIN.html" navtitle="Pantaila pertsonalizatzea"/>
   <topicref FeatureID="-1" href="SKINS_HLP_APPSKINS_LIST.html" navtitle="Aplikazioaren gaiak"/>
</topics>