<?xml version="1.0" encoding="UTF-8"?>
<keywords>
   <keywords>
      <text FeatureID="-1">gaiak</text>
      <target FeatureID="-1" href="SKINS_HLP_LIST.html">Gai orokorrak</target>
      <target FeatureID="-1" href="SCREENSAVER_HLP_WP_SETTINGS.html">Horma-papereko diapositiba aurkezpenaren ezarpenak</target>
      <target FeatureID="-1" href="SKINS_HLP_WP_SETTINGS.html">Horma-paperaren ezarpenak</target>
      <target FeatureID="true_1503" href="SKINS_HLP_CIMAGE_SETTINGS.html">Aukeratu deiaren irudia</target>
      <target FeatureID="-1" href="SKINS_HLP_APPSHELL.html">Menu ikuspegiaren ezarpenak</target>
      <target FeatureID="-1" href="SKINS_HLP_IDLE.html">Hasierako pantailaren ezarpenak</target>
      <target FeatureID="-1" href="SKINS_HLP_APP_MAIN.html">Pantaila pertsonalizatzea</target>
      <target FeatureID="-1" href="SKINS_HLP_APPSKINS_LIST.html">Aplikazioaren gaiak</target>
   </keywords>
   <keywords>
      <text FeatureID="-1">horma-papera diapositiben aurkezpena</text>
      <target FeatureID="-1" href="SCREENSAVER_HLP_WP_SETTINGS.html">Horma-papereko diapositiba aurkezpenaren ezarpenak</target>
   </keywords>
   <keywords>
      <text FeatureID="-1">diapositiba aurkezpenaren ezarpenak</text>
      <target FeatureID="-1" href="SCREENSAVER_HLP_WP_SETTINGS.html">Horma-papereko diapositiba aurkezpenaren ezarpenak</target>
   </keywords>
   <keywords>
      <text FeatureID="-1">horma-paperaren ezarpenak</text>
      <target FeatureID="-1" href="SKINS_HLP_WP_SETTINGS.html">Horma-paperaren ezarpenak</target>
   </keywords>
   <keywords>
      <text FeatureID="-1">fondoko irudia</text>
      <target FeatureID="-1" href="SKINS_HLP_WP_SETTINGS.html">Horma-paperaren ezarpenak</target>
   </keywords>
   <keywords>
      <text FeatureID="-1">pantaila-babeslea</text>
      <target FeatureID="-1" href="SKINS_HLP_SCREENS_SETTINGS.html">Pantaila-babeslearen ezarpenak</target>
   </keywords>
   <keywords>
      <text FeatureID="true_1503">deiaren irudiaren ezarpenak</text>
      <target FeatureID="true_1503" href="SKINS_HLP_CIMAGE_SETTINGS.html">Aukeratu deiaren irudia</target>
   </keywords>
   <keywords>
      <text FeatureID="-1">menuak</text>
      <target FeatureID="-1" href="SKINS_HLP_APPSHELL.html">Menu ikuspegiaren ezarpenak</target>
   </keywords>
   <keywords>
      <text FeatureID="-1">ezarpenak, hasierako pantaila</text>
      <target FeatureID="-1" href="SKINS_HLP_IDLE.html">Hasierako pantailaren ezarpenak</target>
   </keywords>
   <keywords>
      <text FeatureID="-1">widgetak</text>
      <target FeatureID="-1" href="SKINS_HLP_IDLE.html">Hasierako pantailaren ezarpenak</target>
   </keywords>
   <keywords>
      <text FeatureID="-1">atzeko irudia</text>
      <target FeatureID="-1" href="SKINS_HLP_APP_MAIN.html">Pantaila pertsonalizatzea</target>
   </keywords>
</keywords>