<?xml version="1.0" encoding="UTF-8"?>
<keywords>
   <keywords>
      <text FeatureID="-1">Προφίλ XDM</text>
      <target FeatureID="-1" href="XDM_HLP_LIST_VIEW.html">Προφίλ XDM</target>
      <target FeatureID="-1" href="XDM_HLP_EDIT_SET.html">Ρυθμίσεις προφίλ XDM</target>
   </keywords>
   <keywords>
      <text FeatureID="-1">Ρυθμίσεις XDM</text>
      <target FeatureID="-1" href="XDM_HLP_EDIT_SET.html">Ρυθμίσεις προφίλ XDM</target>
   </keywords>
</keywords>