<?xml version="1.0" encoding="UTF-8"?>
<keywords>
   <keywords>
      <text FeatureID="-1">axustes de mensaxe de servizo</text>
      <target FeatureID="-1" href="WPUSH_HLP_SETTINGS.html">Axustes de mensaxe de servizo</target>
   </keywords>
   <keywords>
      <text FeatureID="-1">mensaxes</text>
      <target FeatureID="-1" href="WPUSH_HLP_VIEWER.html">Ver mensaxes de servizo</target>
   </keywords>
   <keywords>
      <text FeatureID="-1">mensaxes de servizo</text>
      <target FeatureID="-1" href="WPUSH_HLP_VIEWER.html">Ver mensaxes de servizo</target>
   </keywords>
</keywords>