<?xml version="1.0" encoding="UTF-8"?>
<keywords>
   <keywords>
      <text FeatureID="-1">πιστοποιητικά αξιοπιστίας</text>
      <target FeatureID="-1" href="CM_HLP_AUTHORITY.html">Πιστοποιητικά αξιοπιστίας</target>
   </keywords>
   <keywords>
      <text FeatureID="-1">πιστοποιητικά</text>
      <target FeatureID="-1" href="CM_HLP_AUTHORITY.html">Πιστοποιητικά αξιοπιστίας</target>
      <target FeatureID="-1" href="CM_HLP_DEVICE.html">Πιστοποιητικά συσκευής</target>
      <target FeatureID="-1" href="CM_HLP_MAIN.html">Διαχείριση πιστοποιητικών</target>
      <target FeatureID="-1" href="CM_HLP_PERSONAL.html">Προσωπικά πιστοπ.</target>
      <target FeatureID="-1" href="CM_HLP_TRUSTED_SITE.html">Πιστοποιητικά αξιόπιστης τοποθεσίας</target>
      <target FeatureID="-1" href="CM_HLP_TRUST_SETTINGS.html">Επεξεργασία ρυθμίσεων αξιοπιστίας</target>
   </keywords>
   <keywords>
      <text FeatureID="-1">πιστοποιητικά ασφάλειας</text>
      <target FeatureID="-1" href="CM_HLP_AUTHORITY.html">Πιστοποιητικά αξιοπιστίας</target>
      <target FeatureID="-1" href="CM_HLP_MAIN.html">Διαχείριση πιστοποιητικών</target>
   </keywords>
   <keywords>
      <text FeatureID="-1">πιστοποιητικά συσκευής</text>
      <target FeatureID="-1" href="CM_HLP_DEVICE.html">Πιστοποιητικά συσκευής</target>
   </keywords>
   <keywords>
      <text FeatureID="-1">προσωπικά πιστοποιητικά</text>
      <target FeatureID="-1" href="CM_HLP_PERSONAL.html">Προσωπικά πιστοπ.</target>
   </keywords>
   <keywords>
      <text FeatureID="-1">πιστοποιητικά αξιόπιστης τοποθεσίας</text>
      <target FeatureID="-1" href="CM_HLP_TRUSTED_SITE.html">Πιστοποιητικά αξιόπιστης τοποθεσίας</target>
   </keywords>
   <keywords>
      <text FeatureID="-1">ρυθμίσεις αξιοπιστίας</text>
      <target FeatureID="-1" href="CM_HLP_TRUST_SETTINGS.html">Επεξεργασία ρυθμίσεων αξιοπιστίας</target>
   </keywords>
</keywords>