<?xml version="1.0" encoding="UTF-8"?>
<keywords>
   <keywords>
      <text FeatureID="-1">Datos GPS</text>
      <target FeatureID="-1" href="HLP_BLID_NAVIGATION.html">Vista de navegación</target>
      <target FeatureID="false_112" href="BLID_HLP_WAYPOINTS.html">Situacións gardadas</target>
      <target FeatureID="-1" href="HLP_BLID_TRIPMETER.html">Vista de distancia de viaxe</target>
   </keywords>
   <keywords>
      <text FeatureID="-1">navegación ata o destino</text>
      <target FeatureID="-1" href="HLP_BLID_NAVIGATION.html">Vista de navegación</target>
   </keywords>
   <keywords>
      <text FeatureID="false_112">gardar posicións</text>
      <target FeatureID="false_112" href="BLID_HLP_WAYPOINTS.html">Situacións gardadas</target>
   </keywords>
   <keywords>
      <text FeatureID="-1">axustes do navegador</text>
      <target FeatureID="-1" href="BLID_HLP_SETTINGS.html">Axustes de datos de GPS</target>
   </keywords>
   <keywords>
      <text FeatureID="-1">Axustes de datos de GPS</text>
      <target FeatureID="-1" href="BLID_HLP_SETTINGS.html">Axustes de datos de GPS</target>
   </keywords>
   <keywords>
      <text FeatureID="-1">información da viaxe</text>
      <target FeatureID="-1" href="HLP_BLID_TRIPMETER.html">Vista de distancia de viaxe</target>
      <target FeatureID="-1" href="HLP_BLID_TRIPMETER.html">Vista de distancia de viaxe</target>
   </keywords>
</keywords>