<?xml version="1.0" encoding="UTF-8"?>
<keywords>
   <keywords>
      <text FeatureID="-1">snemanje, zvoki</text>
      <target FeatureID="-1" href="VOREC_HLP_EMPTY_RECORDER.html">Snemanje zvočnih posn.</target>
   </keywords>
   <keywords>
      <text FeatureID="-1">snemalnik zvoka</text>
      <target FeatureID="-1" href="VOREC_HLP_MAIN.html">Uporaba snem. zvoka</target>
   </keywords>
   <keywords>
      <text FeatureID="-1">snemanje zvočnih posnetkov</text>
      <target FeatureID="-1" href="VOREC_HLP_MAIN.html">Uporaba snem. zvoka</target>
   </keywords>
   <keywords>
      <text FeatureID="-1">nastavitve snemalnika zvoka</text>
      <target FeatureID="-1" href="VOREC_HLP_SETTINGS.html">Nast. snemalnika zvoka</target>
   </keywords>
</keywords>