<?xml version="1.0" encoding="UTF-8"?>
<keywords>
   <keywords>
      <text FeatureID="-1">zprávy chatu</text>
      <target FeatureID="-1" href="SERVTAB_HLP_CONVERSATION.html">Odesílání zpráv chatu</target>
   </keywords>
   <keywords>
      <text FeatureID="-1">konverzace</text>
      <target FeatureID="-1" href="SERVTAB_HLP_CONVERSATION.html">Odesílání zpráv chatu</target>
      <target FeatureID="-1" href="SERVTAB_HLP_CONVERSATION.html">Odesílání zpráv chatu</target>
   </keywords>
</keywords>