<?xml version="1.0" encoding="UTF-8"?>
<keywords>
   <keywords>
      <text FeatureID="-1">audiotémy</text>
      <target FeatureID="-1" href="AUDIOTHEME_HLP_EVENTGROUPS.html">Zmena audiotém</target>
      <target FeatureID="-1" href="SET_HLP_AUDIO_THEME_EVENTSLIST.html">Zvuky udalostí v zariadení</target>
   </keywords>
   <keywords>
      <text FeatureID="-1">prispôsobenie zariadenia</text>
      <target FeatureID="-1" href="AUDIOTHEME_HLP_EVENTGROUPS.html">Zmena audiotém</target>
      <target FeatureID="-1" href="SET_HLP_AUDIO_THEME_EVENTSLIST.html">Zvuky udalostí v zariadení</target>
   </keywords>
   <keywords>
      <text FeatureID="-1">zvuky zariadenia</text>
      <target FeatureID="-1" href="AUDIOTHEME_HLP_EVENTGROUPS.html">Zmena audiotém</target>
      <target FeatureID="-1" href="SET_HLP_AUDIO_THEME_EVENTSLIST.html">Zvuky udalostí v zariadení</target>
   </keywords>
</keywords>