<?xml version="1.0" encoding="UTF-8"?>
<keywords>
   <keywords>
      <text FeatureID="-1">Uhr, Weckzeiten</text>
      <target FeatureID="-1" href="CLK_HLP_ALARM_EDITOR.html">Wecker-Editor</target>
   </keywords>
   <keywords>
      <text FeatureID="-1">Wecker</text>
      <target FeatureID="-1" href="CLK_HLP_ALARM_EDITOR.html">Wecker-Editor</target>
      <target FeatureID="-1" href="CLK_HLP_REAL_TIME_CLOCK_IN.html">Hauptansicht der Uhr</target>
   </keywords>
   <keywords>
      <text FeatureID="-1">Uhr</text>
      <target FeatureID="-1" href="CLK_HLP_REAL_TIME_CLOCK_IN.html">Hauptansicht der Uhr</target>
      <target FeatureID="-1" href="CLK_HLP_WRLD_CLK.html">Weltzeituhr</target>
   </keywords>
   <keywords>
      <text FeatureID="-1">Datums- und Uhrzeiteinstellungen</text>
      <target FeatureID="-1" href="CLK_HLP_SETTINGS.html">Datums- und Uhrzeiteinstellungen</target>
   </keywords>
   <keywords>
      <text FeatureID="-1">Uhreinstellungen</text>
      <target FeatureID="-1" href="CLK_HLP_SETTINGS.html">Datums- und Uhrzeiteinstellungen</target>
   </keywords>
   <keywords>
      <text FeatureID="-1">Uhr, Zeitzonen</text>
      <target FeatureID="-1" href="CLK_HLP_REAL_TIME_CLOCK_AN.html">Ortszeit</target>
   </keywords>
   <keywords>
      <text FeatureID="-1">Ortszeit und Zeitzone</text>
      <target FeatureID="-1" href="CLK_HLP_REAL_TIME_CLOCK_AN.html">Ortszeit</target>
   </keywords>
   <keywords>
      <text FeatureID="-1">Weltzeituhr</text>
      <target FeatureID="-1" href="CLK_HLP_WRLD_CLK.html">Weltzeituhr</target>
   </keywords>
</keywords>