<?xml version="1.0" encoding="UTF-8"?><?xml-stylesheet  href="../../theme/xsl/index2html.xslt" type="text/xsl"?>
<topics FeatureID="-1" title="Pengaturan" compressed="true">
   <topicref FeatureID="-1" href="SET_HLP_SETTINGS_KEYPAD_COVER.html" navtitle="Pengaturan penanganan slide"/>
   <topicref FeatureID="-1" href="CP_HLP_ADMINISTRATIVE_SETTINGS.html" navtitle="Pengaturan administratif"/>
   <topicref FeatureID="-1" href="CP_HLP_DEVICE_MANAGEMENT.html" navtitle="Manajemen perangkat"/>
   <topicref FeatureID="true_109" href="SET_HLP_WLAN_WPA_MAIN.html" navtitle="Pengaturan keamanan WPA"/>
   <topicref FeatureID="true_109" href="SET_HLP_WLAN_8021X_MAIN.html" navtitle="Pengaturan keamanan 802.1x"/>
   <topicref FeatureID="true_109" href="SET_HLP_WLAN_EAP_PLUGINS_IAP.html" navtitle="Pengaturan EAP"/>
   <topicref FeatureID="true_109" href="SET_HLP_WLAN_EAP_AKA.html" navtitle="Pengaturan EAP-AKA"/>
   <topicref FeatureID="true_109" href="SET_HLP_WLAN_EAP_SIM.html" navtitle="Pengaturan EAP-SIM"/>
   <topicref FeatureID="true_109" href="SET_HLP_WLAN_EAP_GTC.html" navtitle="Pengaturan EAP-GTC"/>
   <topicref FeatureID="true_109" href="SET_HLP_WLAN_EAP_TTLS_TYPES.html" navtitle="Metode otentikasi EAP-TTLS"/>
   <topicref FeatureID="true_109" href="SET_HLP_WLAN_EAP_TTLS_SUITES.html" navtitle="Cipher suite untuk EAP-TTLS"/>
   <topicref FeatureID="true_109" href="SET_HLP_WLAN_EAP_TTLS_SETT.html" navtitle="Pengaturan EAP-TTLS"/>
   <topicref FeatureID="true_109" href="SET_HLP_WLAN_EAP_TLS_SUITES.html" navtitle="Cipher suite untuk EAP-TLS"/>
   <topicref FeatureID="true_109" href="SET_HLP_WLAN_EAP_TLS_SETT.html" navtitle="Pengaturan EAP-TLS"/>
   <topicref FeatureID="true_109" href="SET_HLP_WLAN_EAP_PEAP_TYPES.html" navtitle="Metode otentikasi EAP-PEAP"/>
   <topicref FeatureID="true_109" href="SET_HLP_WLAN_EAP_PEAP_SUITES.html" navtitle="Cipher suite untuk EAP-PEAP"/>
   <topicref FeatureID="true_109" href="SET_HLP_WLAN_EAP_PEAP_SETT.html" navtitle="Pengaturan EAP-PEAP"/>
   <topicref FeatureID="true_109" href="SET_HLP_WLAN_EAP_MSCHAPV2.html" navtitle="Pengaturan EAP-MSCHAPV2"/>
   <topicref FeatureID="true_109" href="SET_HLP_WLAN_EAP_PLAIN_MSCHAP.html" navtitle="Pengaturan MSCHAPV2 biasa"/>
   <topicref FeatureID="true_177" href="SET_HLP_WLAN_EAP_LEAP.html" navtitle="Pengaturan EAP-LEAP"/>
   <topicref FeatureID="true_177" href="SET_HLP_WLAN_EAP_FAST_TYPES.html" navtitle="Metode otentikasi EAP-FAST"/>
   <topicref FeatureID="true_177" href="SET_HLP_WLAN_EAP_FAST_SUITES.html" navtitle="Cipher suite untuk EAP-FAST"/>
   <topicref FeatureID="true_177" href="SET_HLP_WLAN_EAP_FAST_SETT.html" navtitle="Pengaturan EAP-FAST"/>
   <topicref FeatureID="true_109" href="SET_HLP_WLAN_EAP_PAP.html" navtitle="Pengaturan PAP"/>
   <topicref FeatureID="true_109" href="SET_HLP_WLAN_WEP_KEY_SETT.html" navtitle="Mengedit kunci WEP"/>
   <topicref FeatureID="true_109" href="SET_HLP_WLAN_WEP_MAIN.html" navtitle="Pengaturan keamanan WEP"/>
   <topicref FeatureID="-1" href="ACL_HLP_MAIN.html" navtitle="Membatasi sambungan"/>
   <topicref FeatureID="-1" href="SIP_HLP_PROF_PARAMS.html" navtitle="Pengaturan profil SIP"/>
   <topicref FeatureID="-1" href="SIP_HLP_MAIN.html" navtitle="Profil SIP"/>
   <topicref FeatureID="-1" href="SIP_HLP_PROXY_PARAMS.html" navtitle="Pengaturan proxy SIP"/>
   <topicref FeatureID="-1" href="SIP_HLP_REGISTRAR_PARAM.html" navtitle="Pengaturan server registrar"/>
   <topicref FeatureID="-1" href="HLP_OCC_CONN_SETTINGS.html" navtitle="Sambungan jaringan"/>
   <topicref FeatureID="-1" href="SET_HLP_CONN_DEST_VIEW.html" navtitle="Tampilan tujuan"/>
   <topicref FeatureID="-1" href="SET_HLP_DEFAULT_CONN.html" navtitle="Sambungan default"/>
   <topicref FeatureID="true_99" href="SET_HLP_VPN_DEST_ASSOC_VIEW.html" navtitle="Sambungan VPN"/>
   <topicref FeatureID="-1" href="SET_HLP_CONN_METHODS_VIEW.html" navtitle="Tampilan jalur akses"/>
   <topicref FeatureID="-1" href="SET_HLP_APP_DEST_ASSOC_VIEW.html" navtitle="Sambungan aplikasi"/>
   <topicref FeatureID="-1" href="CP_HLP_APPILICATION_SETTINGS.html" navtitle="Pengaturan aplikasi"/>
   <topicref FeatureID="-1" href="SCP_HLP_CALL.html" navtitle="Pengaturan panggilan"/>
   <topicref FeatureID="-1" href="CP_HLP_CONNECTIVITY.html" navtitle="Pengaturan konektivitas"/>
   <topicref FeatureID="-1" href="CP_HLP_DISPLAY.html" navtitle="Pengaturan tampilan"/>
   <topicref FeatureID="-1" href="CP_HLP_DEVICE.html" navtitle="Pengaturan perangkat"/>
   <topicref FeatureID="-1" href="CP_HLP_LANGUAGE.html" navtitle="Pengaturan bahasa"/>
   <topicref FeatureID="-1" href="CP_HLP_MAIN_VIEW.html" navtitle="Pengaturan"/>
   <topicref FeatureID="-1" href="CP_HLP_NETWORK.html" navtitle="Pengaturan jaringan"/>
   <topicref FeatureID="true_410" href="CP_HLP_PEN_INPUT.html" navtitle="Pengaturan input sentuhan"/>
   <topicref FeatureID="-1" href="CP_HLP_PERSONAL.html" navtitle="Tampilan pribadi"/>
   <topicref FeatureID="-1" href="CP_HLP_SECURITY.html" navtitle="Pengaturan keamanan"/>
   <topicref FeatureID="-1" href="SET_HLP_SECURITY_DEVICE_SIM.html" navtitle="Keamanan perangkat"/>
   <topicref FeatureID="-1" href="CP_HLP_TELEPHONY.html" navtitle="Pengaturan telepon"/>
   <topicref FeatureID="__DUAL_LANGUAGE_SUPPORT=true" href="CP_HLP_WRITING_LANGUAGE.html" navtitle="Bahasa tulisan"/>
   <topicref FeatureID="-1" href="SET_HLP_ACCESSORIES_LIST.html" navtitle="Pengaturan aksesori"/>
   <topicref FeatureID="-1" href="SSET_HLP_MAIN_VIEW.html" navtitle="Pengaturan sensor"/>
   <topicref FeatureID="-1" href="SET_HLP_AP_SETTING_GPRS.html" navtitle="Jalur akses data paket"/>
   <topicref FeatureID="-1" href="SET_HLP_AP_SETTING_GPRS_AS.html" navtitle="Pengaturan data paket lanjutan"/>
   <topicref FeatureID="true_110" href="SET_HLP_AP_DATA_AS_IPV4.html" navtitle="Pengaturan IPv4 panggilan data"/>
   <topicref FeatureID="true_1088" href="SET_HLP_AP_DATA_AS_IPV6.html" navtitle="Pengaturan IPv6 panggilan data"/>
   <topicref FeatureID="true_110" href="SET_HLP_AP_SETTING_DATA.html" navtitle="Jalur akses panggilan data"/>
   <topicref FeatureID="true_110" href="SET_HLP_AP_SETTING_DATA_AS.html" navtitle="Pengaturan panggilan data lanjutan"/>
   <topicref FeatureID="true_109" href="SET_HLP_AP_SETTING_WLAN_AS.html" navtitle="Pengaturan WLAN lanjutan"/>
   <topicref FeatureID="-1" href="SET_HLP_VPN_AP_SETTINGS_VIEW.html" navtitle="Mengedit jalur akses VPN"/>
   <topicref FeatureID="true_109" href="SET_HLP_AP_SETTING_WLAN.html" navtitle="Jalur akses WLAN"/>
   <topicref FeatureID="true_109" href="SET_HLP_AP_WLAN_AS_IPV4.html" navtitle="Pengaturan IPv4 WLAN"/>
   <topicref FeatureID="true_109" href="SET_HLP_AP_WLAN_AS_IPV6.html" navtitle="Pengaturan IPv6 WLAN"/>
   <topicref FeatureID="-1" href="CP_HLP_AUTOKEYGUARD.html" navtitle="Pengaman tombol otomatis"/>
   <topicref FeatureID="true_1581" href="RD_HLP_REMOTE_DRIVE_CONFIG.html" navtitle="Pengaturan drive jauh"/>
   <topicref FeatureID="true_1581" href="RD_HLP_REMOTE_DRIVES.html" navtitle="Drive jauh"/>
   <topicref FeatureID="-1" href="CP_HLP_NETWORK.html" navtitle="Pengaturan jaringan"/>
   <topicref FeatureID="-1" href="SET_HLP_BARRING_SETTINGS.html" navtitle="Mencegah panggilan telepon"/>
   <topicref FeatureID="true_298" href="DIV_HLP_BARRING_MAIN.html" navtitle="Mencegah panggilan"/>
   <topicref FeatureID="true_89" href="DIV_HLP_CALL_FORW_VID.html" navtitle="Mengalihkan panggilan video"/>
   <topicref FeatureID="-1" href="DIV_HLP_CALL_FORW_MAIN.html" navtitle="Pengalihan panggilan"/>
   <topicref FeatureID="-1" href="DIV_HLP_CALL_FORW_VOI.html" navtitle="Mengalihkan panggilan suara"/>
   <topicref FeatureID="true_298" href="DIV_HLP_CALL_FORW_VOIP.html" navtitle="Membatasi panggilan Internet"/>
   <topicref FeatureID="true_109" href="SET_HLP_WLAN_SETTINGS.html" navtitle="Pengaturan WLAN"/>
   <topicref FeatureID="-1" href="CP_HLP_SYNCHRONISATION.html" navtitle="Pengaturan sinkronisasi"/>
   <topicref FeatureID="-1" href="CP_HLP_INSTALLATIONS.html" navtitle="Pemasangan"/>
   <topicref FeatureID="-1" href="SET_HLP_ACCESSORIES_HEADPHONE.html" navtitle="Pengaturan headphone"/>
   <topicref FeatureID="-1" href="SET_HLP_ACCESSORIES_HEADSET.html" navtitle="Pengaturan headset"/>
   <topicref FeatureID="-1" href="SET_HLP_ACCESS_WIRED_CK.html" navtitle="Pengaturan kit mobil berkabel"/>
   <topicref FeatureID="-1" href="SET_HLP_ACCESS_WIRELESS_CK.html" navtitle="Pengaturan kit mobil nirkabel"/>
   <topicref FeatureID="-1" href="SET_HLP_ACCESSORIES_LOOPSET.html" navtitle="Pengaturan loopset"/>
   <topicref FeatureID="-1" href="SET_HLP_ACCESSORIES_MUSIC_ST.html" navtitle="Pengaturan dudukan musik"/>
   <topicref FeatureID="true_1032" href="SET_HLP_ACCESSORIES_TTY.html" navtitle="Pengaturan telepon teks"/>
   <topicref FeatureID="true_1540" href="SET_HLP_ACCESSORIES_TVOUT.html" navtitle="Pengaturan TV-out"/>
   <topicref FeatureID="true_410" href="PREDINPUT_HLP_VIRTUAL_ITI_SETTINGS.html" navtitle="Pengaturan input"/>
   <topicref FeatureID="-1" href="PREDINPUT_HLP_VIRTUAL_ITI.html" navtitle="Input teks cerdas"/>
   <topicref FeatureID="-1" href="PREDINPUT_HLP_USERDICT.html" navtitle="Pengeditan kamus pengguna"/>
   <topicref FeatureID="-1" href="SET_HLP_GENERAL_ORIG_SET.html" navtitle="Mengembalikan pengaturan awal"/>
</topics>