<?xml version="1.0" encoding="UTF-8"?>
<keywords>
   <keywords>
      <text FeatureID="-1">pengaturan, slide</text>
      <target FeatureID="-1" href="SET_HLP_SETTINGS_KEYPAD_COVER.html">Pengaturan penanganan slide</target>
   </keywords>
   <keywords>
      <text FeatureID="-1">pengaturan slide</text>
      <target FeatureID="-1" href="SET_HLP_SETTINGS_KEYPAD_COVER.html">Pengaturan penanganan slide</target>
   </keywords>
   <keywords>
      <text FeatureID="-1">manajemen perangkat</text>
      <target FeatureID="-1" href="CP_HLP_DEVICE_MANAGEMENT.html">Manajemen perangkat</target>
   </keywords>
   <keywords>
      <text FeatureID="true_109">EAP (Extensible Authentication Protocol)</text>
      <target FeatureID="true_109" href="SET_HLP_WLAN_EAP_SIM.html">Pengaturan EAP-SIM</target>
   </keywords>
   <keywords>
      <text FeatureID="true_109">pengaturan, WLAN</text>
      <target FeatureID="true_109" href="SET_HLP_WLAN_EAP_SIM.html">Pengaturan EAP-SIM</target>
   </keywords>
   <keywords>
      <text FeatureID="-1">membatasi jalur akses</text>
      <target FeatureID="-1" href="ACL_HLP_MAIN.html">Membatasi sambungan</target>
   </keywords>
   <keywords>
      <text FeatureID="-1">pengaturan sambungan</text>
      <target FeatureID="-1" href="SIP_HLP_PROF_PARAMS.html">Pengaturan profil SIP</target>
      <target FeatureID="-1" href="SIP_HLP_MAIN.html">Profil SIP</target>
      <target FeatureID="-1" href="SET_HLP_CONN_DEST_VIEW.html">Tampilan tujuan</target>
      <target FeatureID="-1" href="SET_HLP_DEFAULT_CONN.html">Sambungan default</target>
      <target FeatureID="-1" href="SET_HLP_CONN_METHODS_VIEW.html">Tampilan jalur akses</target>
      <target FeatureID="true_1581" href="RD_HLP_REMOTE_DRIVE_CONFIG.html">Pengaturan drive jauh</target>
      <target FeatureID="true_1581" href="RD_HLP_REMOTE_DRIVES.html">Drive jauh</target>
   </keywords>
   <keywords>
      <text FeatureID="-1">pengaturan SIP</text>
      <target FeatureID="-1" href="SIP_HLP_PROF_PARAMS.html">Pengaturan profil SIP</target>
   </keywords>
   <keywords>
      <text FeatureID="-1">Pengaturan SIP</text>
      <target FeatureID="-1" href="SIP_HLP_MAIN.html">Profil SIP</target>
      <target FeatureID="-1" href="SIP_HLP_PROXY_PARAMS.html">Pengaturan proxy SIP</target>
      <target FeatureID="-1" href="SIP_HLP_REGISTRAR_PARAM.html">Pengaturan server registrar</target>
   </keywords>
   <keywords>
      <text FeatureID="-1">server registrar</text>
      <target FeatureID="-1" href="SIP_HLP_REGISTRAR_PARAM.html">Pengaturan server registrar</target>
   </keywords>
   <keywords>
      <text FeatureID="-1">jalur akses</text>
      <target FeatureID="-1" href="HLP_OCC_CONN_SETTINGS.html">Sambungan jaringan</target>
      <target FeatureID="-1" href="SET_HLP_CONN_METHODS_VIEW.html">Tampilan jalur akses</target>
   </keywords>
   <keywords>
      <text FeatureID="-1">pengaturan, sambungan</text>
      <target FeatureID="-1" href="HLP_OCC_CONN_SETTINGS.html">Sambungan jaringan</target>
   </keywords>
   <keywords>
      <text FeatureID="-1">pengaturan tujuan</text>
      <target FeatureID="-1" href="SET_HLP_CONN_DEST_VIEW.html">Tampilan tujuan</target>
   </keywords>
   <keywords>
      <text FeatureID="-1">sambungan default</text>
      <target FeatureID="-1" href="SET_HLP_DEFAULT_CONN.html">Sambungan default</target>
   </keywords>
   <keywords>
      <text FeatureID="-1">jalur akses VPN</text>
      <target FeatureID="true_99" href="SET_HLP_VPN_DEST_ASSOC_VIEW.html">Sambungan VPN</target>
      <target FeatureID="-1" href="SET_HLP_VPN_AP_SETTINGS_VIEW.html">Mengedit jalur akses VPN</target>
   </keywords>
   <keywords>
      <text FeatureID="-1">sambungan aplikasi</text>
      <target FeatureID="-1" href="SET_HLP_APP_DEST_ASSOC_VIEW.html">Sambungan aplikasi</target>
   </keywords>
   <keywords>
      <text FeatureID="-1">pengaturan aplikasi</text>
      <target FeatureID="-1" href="CP_HLP_APPILICATION_SETTINGS.html">Pengaturan aplikasi</target>
   </keywords>
   <keywords>
      <text FeatureID="-1">panggilan, pengaturan</text>
      <target FeatureID="-1" href="SCP_HLP_CALL.html">Pengaturan panggilan</target>
   </keywords>
   <keywords>
      <text FeatureID="-1">pengaturan, panggilan</text>
      <target FeatureID="-1" href="SCP_HLP_CALL.html">Pengaturan panggilan</target>
   </keywords>
   <keywords>
      <text FeatureID="-1">konektivitas</text>
      <target FeatureID="-1" href="CP_HLP_CONNECTIVITY.html">Pengaturan konektivitas</target>
   </keywords>
   <keywords>
      <text FeatureID="-1">panel kontrol</text>
      <target FeatureID="-1" href="CP_HLP_DISPLAY.html">Pengaturan tampilan</target>
      <target FeatureID="__DUAL_LANGUAGE_SUPPORT=true" href="CP_HLP_WRITING_LANGUAGE.html">Bahasa tulisan</target>
   </keywords>
   <keywords>
      <text FeatureID="-1">pengaturan tampilan</text>
      <target FeatureID="-1" href="CP_HLP_DISPLAY.html">Pengaturan tampilan</target>
   </keywords>
   <keywords>
      <text FeatureID="-1">pengaturan umum</text>
      <target FeatureID="-1" href="CP_HLP_DEVICE.html">Pengaturan perangkat</target>
   </keywords>
   <keywords>
      <text FeatureID="-1">pengaturan perangkat</text>
      <target FeatureID="-1" href="CP_HLP_DEVICE.html">Pengaturan perangkat</target>
   </keywords>
   <keywords>
      <text FeatureID="-1">pengaturan bahasa</text>
      <target FeatureID="-1" href="CP_HLP_LANGUAGE.html">Pengaturan bahasa</target>
   </keywords>
   <keywords>
      <text FeatureID="-1">pengaturan</text>
      <target FeatureID="-1" href="CP_HLP_MAIN_VIEW.html">Pengaturan</target>
   </keywords>
   <keywords>
      <text FeatureID="-1">pengaturan jaringan</text>
      <target FeatureID="-1" href="CP_HLP_NETWORK.html">Pengaturan jaringan</target>
      <target FeatureID="-1" href="CP_HLP_NETWORK.html">Pengaturan jaringan</target>
   </keywords>
   <keywords>
      <text FeatureID="-1">profil</text>
      <target FeatureID="-1" href="CP_HLP_PERSONAL.html">Tampilan pribadi</target>
   </keywords>
   <keywords>
      <text FeatureID="-1">tema</text>
      <target FeatureID="-1" href="CP_HLP_PERSONAL.html">Tampilan pribadi</target>
   </keywords>
   <keywords>
      <text FeatureID="-1">siaga</text>
      <target FeatureID="-1" href="CP_HLP_PERSONAL.html">Tampilan pribadi</target>
   </keywords>
   <keywords>
      <text FeatureID="-1">keamanan, pengaturan</text>
      <target FeatureID="-1" href="CP_HLP_SECURITY.html">Pengaturan keamanan</target>
   </keywords>
   <keywords>
      <text FeatureID="-1">pengaturan, keamanan</text>
      <target FeatureID="-1" href="CP_HLP_SECURITY.html">Pengaturan keamanan</target>
   </keywords>
   <keywords>
      <text FeatureID="-1">perangkat, mengunci</text>
      <target FeatureID="-1" href="SET_HLP_SECURITY_DEVICE_SIM.html">Keamanan perangkat</target>
   </keywords>
   <keywords>
      <text FeatureID="-1">keamanan</text>
      <target FeatureID="-1" href="SET_HLP_SECURITY_DEVICE_SIM.html">Keamanan perangkat</target>
   </keywords>
   <keywords>
      <text FeatureID="__DUAL_LANGUAGE_SUPPORT=true">bahasa tulisan</text>
      <target FeatureID="__DUAL_LANGUAGE_SUPPORT=true" href="CP_HLP_WRITING_LANGUAGE.html">Bahasa tulisan</target>
   </keywords>
   <keywords>
      <text FeatureID="-1">pengaturan aksesori</text>
      <target FeatureID="-1" href="SET_HLP_ACCESSORIES_LIST.html">Pengaturan aksesori</target>
      <target FeatureID="-1" href="SET_HLP_ACCESSORIES_HEADPHONE.html">Pengaturan headphone</target>
      <target FeatureID="-1" href="SET_HLP_ACCESSORIES_HEADSET.html">Pengaturan headset</target>
      <target FeatureID="-1" href="SET_HLP_ACCESS_WIRED_CK.html">Pengaturan kit mobil berkabel</target>
      <target FeatureID="true_1032" href="SET_HLP_ACCESSORIES_TTY.html">Pengaturan telepon teks</target>
      <target FeatureID="true_1540" href="SET_HLP_ACCESSORIES_TVOUT.html">Pengaturan TV-out</target>
   </keywords>
   <keywords>
      <text FeatureID="-1">jalur akses data paket</text>
      <target FeatureID="-1" href="SET_HLP_AP_SETTING_GPRS.html">Jalur akses data paket</target>
      <target FeatureID="-1" href="SET_HLP_AP_SETTING_GPRS_AS.html">Pengaturan data paket lanjutan</target>
   </keywords>
   <keywords>
      <text FeatureID="-1">pengaturan data paket</text>
      <target FeatureID="-1" href="SET_HLP_AP_SETTING_GPRS_AS.html">Pengaturan data paket lanjutan</target>
   </keywords>
   <keywords>
      <text FeatureID="true_1088 true_110">jalur akses panggilan data</text>
      <target FeatureID="true_110" href="SET_HLP_AP_DATA_AS_IPV4.html">Pengaturan IPv4 panggilan data</target>
      <target FeatureID="true_1088" href="SET_HLP_AP_DATA_AS_IPV6.html">Pengaturan IPv6 panggilan data</target>
      <target FeatureID="true_110" href="SET_HLP_AP_SETTING_DATA_AS.html">Pengaturan panggilan data lanjutan</target>
   </keywords>
   <keywords>
      <text FeatureID="true_110">pengaturan jalur akses</text>
      <target FeatureID="true_110" href="SET_HLP_AP_SETTING_DATA.html">Jalur akses panggilan data</target>
      <target FeatureID="true_110" href="SET_HLP_AP_SETTING_DATA_AS.html">Pengaturan panggilan data lanjutan</target>
   </keywords>
   <keywords>
      <text FeatureID="true_110">pengaturan panggilan data</text>
      <target FeatureID="true_110" href="SET_HLP_AP_SETTING_DATA.html">Jalur akses panggilan data</target>
   </keywords>
   <keywords>
      <text FeatureID="-1">virtual private network</text>
      <target FeatureID="-1" href="SET_HLP_VPN_AP_SETTINGS_VIEW.html">Mengedit jalur akses VPN</target>
   </keywords>
   <keywords>
      <text FeatureID="-1">pengaman tombol</text>
      <target FeatureID="-1" href="CP_HLP_AUTOKEYGUARD.html">Pengaman tombol otomatis</target>
   </keywords>
   <keywords>
      <text FeatureID="true_1581">drive jauh</text>
      <target FeatureID="true_1581" href="RD_HLP_REMOTE_DRIVE_CONFIG.html">Pengaturan drive jauh</target>
      <target FeatureID="true_1581" href="RD_HLP_REMOTE_DRIVES.html">Drive jauh</target>
   </keywords>
   <keywords>
      <text FeatureID="-1">pencegahan panggilan</text>
      <target FeatureID="-1" href="SET_HLP_BARRING_SETTINGS.html">Mencegah panggilan telepon</target>
      <target FeatureID="true_298" href="DIV_HLP_BARRING_MAIN.html">Mencegah panggilan</target>
   </keywords>
   <keywords>
      <text FeatureID="-1">mencegah panggilan</text>
      <target FeatureID="-1" href="SET_HLP_BARRING_SETTINGS.html">Mencegah panggilan telepon</target>
      <target FeatureID="true_298" href="DIV_HLP_BARRING_MAIN.html">Mencegah panggilan</target>
   </keywords>
   <keywords>
      <text FeatureID="-1">mengalihkan panggilan</text>
      <target FeatureID="true_89" href="DIV_HLP_CALL_FORW_VID.html">Mengalihkan panggilan video</target>
      <target FeatureID="-1" href="DIV_HLP_CALL_FORW_MAIN.html">Pengalihan panggilan</target>
      <target FeatureID="-1" href="DIV_HLP_CALL_FORW_VOI.html">Mengalihkan panggilan suara</target>
   </keywords>
   <keywords>
      <text FeatureID="-1">meneruskan panggilan</text>
      <target FeatureID="-1" href="DIV_HLP_CALL_FORW_MAIN.html">Pengalihan panggilan</target>
   </keywords>
   <keywords>
      <text FeatureID="-1">pengaturan sinkronisasi</text>
      <target FeatureID="-1" href="CP_HLP_SYNCHRONISATION.html">Pengaturan sinkronisasi</target>
   </keywords>
   <keywords>
      <text FeatureID="-1">memasang aplikasi</text>
      <target FeatureID="-1" href="CP_HLP_INSTALLATIONS.html">Pemasangan</target>
   </keywords>
   <keywords>
      <text FeatureID="-1">pengaturan headphone</text>
      <target FeatureID="-1" href="SET_HLP_ACCESSORIES_HEADPHONE.html">Pengaturan headphone</target>
   </keywords>
   <keywords>
      <text FeatureID="-1">pengaturan headset</text>
      <target FeatureID="-1" href="SET_HLP_ACCESSORIES_HEADSET.html">Pengaturan headset</target>
   </keywords>
   <keywords>
      <text FeatureID="-1">pengaturan kit mobil berkabel</text>
      <target FeatureID="-1" href="SET_HLP_ACCESS_WIRED_CK.html">Pengaturan kit mobil berkabel</target>
   </keywords>
   <keywords>
      <text FeatureID="-1">pengaturan kit mobil</text>
      <target FeatureID="-1" href="SET_HLP_ACCESS_WIRED_CK.html">Pengaturan kit mobil berkabel</target>
   </keywords>
   <keywords>
      <text FeatureID="-1">pengaturan dudukan musik</text>
      <target FeatureID="-1" href="SET_HLP_ACCESSORIES_MUSIC_ST.html">Pengaturan dudukan musik</target>
   </keywords>
   <keywords>
      <text FeatureID="true_1032">Pengaturan TTY</text>
      <target FeatureID="true_1032" href="SET_HLP_ACCESSORIES_TTY.html">Pengaturan telepon teks</target>
   </keywords>
   <keywords>
      <text FeatureID="true_1032">Pengaturan TDD</text>
      <target FeatureID="true_1032" href="SET_HLP_ACCESSORIES_TTY.html">Pengaturan telepon teks</target>
   </keywords>
   <keywords>
      <text FeatureID="true_1540">pengaturan tv-out</text>
      <target FeatureID="true_1540" href="SET_HLP_ACCESSORIES_TVOUT.html">Pengaturan TV-out</target>
   </keywords>
   <keywords>
      <text FeatureID="true_410">input teks</text>
      <target FeatureID="true_410" href="PREDINPUT_HLP_VIRTUAL_ITI_SETTINGS.html">Pengaturan input</target>
   </keywords>
   <keywords>
      <text FeatureID="-1">input teks cerdas</text>
      <target FeatureID="-1" href="PREDINPUT_HLP_VIRTUAL_ITI.html">Input teks cerdas</target>
   </keywords>
   <keywords>
      <text FeatureID="-1">pengaturan, mengembalikan</text>
      <target FeatureID="-1" href="SET_HLP_GENERAL_ORIG_SET.html">Mengembalikan pengaturan awal</target>
   </keywords>
   <keywords>
      <text FeatureID="-1">mengembalikan pengaturan</text>
      <target FeatureID="-1" href="SET_HLP_GENERAL_ORIG_SET.html">Mengembalikan pengaturan awal</target>
   </keywords>
   <keywords>
      <text FeatureID="-1">pengaturan pabrik, mengembalikan</text>
      <target FeatureID="-1" href="SET_HLP_GENERAL_ORIG_SET.html">Mengembalikan pengaturan awal</target>
   </keywords>
</keywords>