<?xml version="1.0" encoding="UTF-8"?>
<keywords>
   <keywords>
      <text FeatureID="-1">főképernyő</text>
      <target FeatureID="-1" href="SET_HLP_HOME_SCREEN.html">Főképernyő</target>
      <target FeatureID="-1" href="SET_HLP_HOME_SCREEN_EDIT.html">A főképernyő módosítása</target>
   </keywords>
   <keywords>
      <text FeatureID="-1">webeszközök</text>
      <target FeatureID="-1" href="WM_HLP_WIDGET_COLLECTION.html">Webeszköz-katalógus</target>
   </keywords>
</keywords>