<?xml version="1.0" encoding="UTF-8"?>
<keywords>
   <keywords>
      <text FeatureID="-1">kello, hälytykset</text>
      <target FeatureID="-1" href="CLK_HLP_ALARM_EDITOR.html">Herätyskellon hälytysten asettaminen</target>
   </keywords>
   <keywords>
      <text FeatureID="-1">herätyskello</text>
      <target FeatureID="-1" href="CLK_HLP_ALARM_EDITOR.html">Herätyskellon hälytysten asettaminen</target>
      <target FeatureID="-1" href="CLK_HLP_REAL_TIME_CLOCK_IN.html">Kellon päänäkymä</target>
   </keywords>
   <keywords>
      <text FeatureID="-1">kello</text>
      <target FeatureID="-1" href="CLK_HLP_REAL_TIME_CLOCK_IN.html">Kellon päänäkymä</target>
      <target FeatureID="-1" href="CLK_HLP_WRLD_CLK.html">Maailmankello</target>
   </keywords>
   <keywords>
      <text FeatureID="-1">päivämäärä- ja aika-asetukset</text>
      <target FeatureID="-1" href="CLK_HLP_SETTINGS.html">Päivämäärä- ja aika-asetukset</target>
   </keywords>
   <keywords>
      <text FeatureID="-1">kellon asetukset</text>
      <target FeatureID="-1" href="CLK_HLP_SETTINGS.html">Päivämäärä- ja aika-asetukset</target>
   </keywords>
   <keywords>
      <text FeatureID="-1">kello, aikavyöhykkeet</text>
      <target FeatureID="-1" href="CLK_HLP_REAL_TIME_CLOCK_AN.html">Paikallinen aika</target>
   </keywords>
   <keywords>
      <text FeatureID="-1">paikallinen aika ja aikavyöhyke</text>
      <target FeatureID="-1" href="CLK_HLP_REAL_TIME_CLOCK_AN.html">Paikallinen aika</target>
   </keywords>
   <keywords>
      <text FeatureID="-1">maailmankello</text>
      <target FeatureID="-1" href="CLK_HLP_WRLD_CLK.html">Maailmankello</target>
   </keywords>
</keywords>