<?xml version="1.0" encoding="UTF-8"?>
<keywords>
   <keywords>
      <text FeatureID="-1">szótár</text>
      <target FeatureID="-1" href="DICTIONARY_HLP_MAIN_TAB1.html">Szótár</target>
   </keywords>
   <keywords>
      <text FeatureID="-1">fordítás</text>
      <target FeatureID="-1" href="DICTIONARY_HLP_MAIN_TAB1.html">Szótár</target>
   </keywords>
   <keywords>
      <text FeatureID="-1">szótár, fordítás</text>
      <target FeatureID="-1" href="DICTIONARY_HLP_RESULTS.html">Fordítási eredmények</target>
   </keywords>
</keywords>