<?xml version="1.0" encoding="UTF-8"?>
<keywords>
   <keywords>
      <text FeatureID="-1">paglilipat ng data</text>
      <target FeatureID="-1" href="SWITCH_HLP_EDIT_SHORTCUT.html">Mga setting ng shortcut</target>
      <target FeatureID="-1" href="SWITCH_HLP_EDIT_SHORTCUT.html">Mga setting ng shortcut</target>
      <target FeatureID="-1" href="SWITCH_HLP_MAIN.html">Maglipat ng data</target>
      <target FeatureID="-1" href="SWITCH_HLP_MAIN.html">Maglipat ng data</target>
      <target FeatureID="-1" href="SWITCH_HLP_LOG.html">Talaan sa paglilipat</target>
   </keywords>
   <keywords>
      <text FeatureID="-1">mga shortcut</text>
      <target FeatureID="-1" href="SWITCH_HLP_EDIT_SHORTCUT.html">Mga setting ng shortcut</target>
   </keywords>
   <keywords>
      <text FeatureID="-1">paglilipat ng data, mga conflict</text>
      <target FeatureID="-1" href="SWITCH_HLP_CONFLICT.html">Maglipat ng mga kontrahan</target>
   </keywords>
   <keywords>
      <text FeatureID="-1">pagkopya ng nilalaman</text>
      <target FeatureID="-1" href="SWITCH_HLP_MAIN.html">Maglipat ng data</target>
   </keywords>
   <keywords>
      <text FeatureID="-1">talaan ng paglilipat</text>
      <target FeatureID="-1" href="SWITCH_HLP_LOG.html">Talaan sa paglilipat</target>
   </keywords>
</keywords>