<?xml version="1.0" encoding="UTF-8"?>
<keywords>
   <keywords>
      <text FeatureID="-1">device manager</text>
      <target FeatureID="-1" href="DM_HLP_MAIN_VIEW.html">Software ng aparato</target>
      <target FeatureID="-1" href="DM_HLP_SETTINGS.html">Mga setting ng profile ng server</target>
      <target FeatureID="-1" href="DM_HLP_SERVERS_VIEW.html">Remote na kumpigurasyon</target>
   </keywords>
   <keywords>
      <text FeatureID="-1">mga setting sa kumpigurasyon</text>
      <target FeatureID="-1" href="DM_HLP_MAIN_VIEW.html">Software ng aparato</target>
   </keywords>
   <keywords>
      <text FeatureID="-1">Device manager</text>
      <target FeatureID="-1" href="FOTA_HLP_SETTINGS.html">Mga setting sa pag-update ng software</target>
   </keywords>
   <keywords>
      <text FeatureID="-1">mga setting sa pag-update ng software</text>
      <target FeatureID="-1" href="FOTA_HLP_SETTINGS.html">Mga setting sa pag-update ng software</target>
   </keywords>
   <keywords>
      <text FeatureID="-1">mga setting ng profile ng server</text>
      <target FeatureID="-1" href="DM_HLP_SETTINGS.html">Mga setting ng profile ng server</target>
   </keywords>
   <keywords>
      <text FeatureID="-1">remote na kumpigurasyon</text>
      <target FeatureID="-1" href="DM_HLP_SERVERS_VIEW.html">Remote na kumpigurasyon</target>
   </keywords>
</keywords>