<?xml version="1.0" encoding="UTF-8"?>
<keywords>
   <keywords>
      <text FeatureID="-1">电子邮件设置</text>
      <target FeatureID="-1" href="MBXS_HLP_SETT_DOWNL_CTRL.html">电子邮件提取设置</target>
      <target FeatureID="-1" href="MBXS_HLP_SETT_DOWNL_RETR.html">电子邮件提取数量</target>
      <target FeatureID="-1" href="MBXS_HLP_SETT_MBX_IN.html">接收电子邮件设置</target>
      <target FeatureID="-1" href="MBXS_HLP_SETT_MBX_IN_OUT.html">连接设置</target>
      <target FeatureID="-1" href="MBXS_HLP_SETT_MBX_OUT.html">电子邮件发送设置</target>
      <target FeatureID="-1" href="MCE_HLP_SETTINGS_EMAIL.html">电子邮件设置</target>
      <target FeatureID="-1" href="MCE_HLP_SETT_EMAILMAIN.html">编辑信箱</target>
      <target FeatureID="-1" href="MCE_HLP_SETT_MAILBLIST.html">信箱</target>
      <target FeatureID="-1" href="MCE_HLP_SETT_MAILFOLDER_UPD.html">信箱文件夹</target>
      <target FeatureID="true_1633" href="MCE_HLP_SETT_MAIL_ONLI.html">自动提取</target>
   </keywords>
   <keywords>
      <text FeatureID="-1">信箱设置</text>
      <target FeatureID="-1" href="MCE_HLP_SETT_EMAILMAIN.html">编辑信箱</target>
   </keywords>
   <keywords>
      <text FeatureID="-1">信箱</text>
      <target FeatureID="-1" href="MCE_HLP_SETT_MAILBLIST.html">信箱</target>
      <target FeatureID="-1" href="MCE_HLP_MAILBOX_ONLINE.html">在线电子邮件</target>
   </keywords>
   <keywords>
      <text FeatureID="-1">信箱文件夹</text>
      <target FeatureID="-1" href="MCE_HLP_SETT_MAILFOLDER_UPD.html">信箱文件夹</target>
   </keywords>
   <keywords>
      <text FeatureID="-1">用户设置</text>
      <target FeatureID="-1" href="MCE_HLP_SETT_MAIL_USER.html">用户设置</target>
   </keywords>
   <keywords>
      <text FeatureID="true_44">同步信箱设置</text>
      <target FeatureID="true_44" href="MCE_HLP_SETT_SMAILBOX.html">同步信箱设置</target>
   </keywords>
   <keywords>
      <text FeatureID="true_44">同步电子邮件设置</text>
      <target FeatureID="true_44" href="MCE_HLP_SETT_SMAILBOX.html">同步信箱设置</target>
   </keywords>
   <keywords>
      <text FeatureID="-1">离线电子邮件</text>
      <target FeatureID="-1" href="MCE_HLP_MAILBOX_OFFLINE.html">离线电子邮件</target>
   </keywords>
   <keywords>
      <text FeatureID="-1">连接至信箱</text>
      <target FeatureID="-1" href="MCE_HLP_MAILBOX_ONLINE.html">在线电子邮件</target>
   </keywords>
   <keywords>
      <text FeatureID="-1">电子邮件在线</text>
      <target FeatureID="-1" href="MCE_HLP_MAILBOX_ONLINE.html">在线电子邮件</target>
   </keywords>
   <keywords>
      <text FeatureID="-1">在线电子邮件</text>
      <target FeatureID="-1" href="MCE_HLP_MAILBOX_ONLINE.html">在线电子邮件</target>
   </keywords>
</keywords>