<?xml version="1.0" encoding="UTF-8"?>
<keywords>
   <keywords>
      <text FeatureID="-1">orientiirikategooriad</text>
      <target FeatureID="-1" href="LM_HLP_LM_BY_CATEGORY.html">Orientiirikategooriad</target>
      <target FeatureID="-1" href="LM_HLP_EDIT_CATEGORIES.html">Orientiirikategooriate muutmine</target>
   </keywords>
   <keywords>
      <text FeatureID="-1">orientiirid</text>
      <target FeatureID="-1" href="LM_HLP_LM_BY_NAME.html">Orientiirid nimelises järjestuses</target>
      <target FeatureID="-1" href="LM_HLP_CATEGORY_CONTENTS.html">Orientiirid kategooriates</target>
      <target FeatureID="-1" href="LM_HLP_LM_VIEWER.html">Orientiiride andmed</target>
   </keywords>
   <keywords>
      <text FeatureID="-1">orientiiride muutmine</text>
      <target FeatureID="-1" href="LM_HLP_LM_EDITOR.html">Orientiiri muutmine</target>
   </keywords>
</keywords>