<?xml version="1.0" encoding="UTF-8"?>
<keywords>
   <keywords>
      <text FeatureID="-1">GPS-data</text>
      <target FeatureID="-1" href="HLP_BLID_NAVIGATION.html">Navigeringsvisn.</target>
      <target FeatureID="false_112" href="BLID_HLP_WAYPOINTS.html">Lagrede steder</target>
      <target FeatureID="-1" href="HLP_BLID_TRIPMETER.html">Reiseavs.­visning</target>
   </keywords>
   <keywords>
      <text FeatureID="-1">navigere til bestemm.sted</text>
      <target FeatureID="-1" href="HLP_BLID_NAVIGATION.html">Navigeringsvisn.</target>
   </keywords>
   <keywords>
      <text FeatureID="false_112">lagre plasseringer</text>
      <target FeatureID="false_112" href="BLID_HLP_WAYPOINTS.html">Lagrede steder</target>
   </keywords>
   <keywords>
      <text FeatureID="-1">navigator­innstillinger</text>
      <target FeatureID="-1" href="BLID_HLP_SETTINGS.html">Innstillinger for GPS-data</target>
   </keywords>
   <keywords>
      <text FeatureID="-1">Innstillinger for GPS-data</text>
      <target FeatureID="-1" href="BLID_HLP_SETTINGS.html">Innstillinger for GPS-data</target>
   </keywords>
   <keywords>
      <text FeatureID="-1">triptellerinformasjon</text>
      <target FeatureID="-1" href="HLP_BLID_TRIPMETER.html">Reiseavs.­visning</target>
   </keywords>
   <keywords>
      <text FeatureID="-1">reiseinformasjon</text>
      <target FeatureID="-1" href="HLP_BLID_TRIPMETER.html">Reiseavs.­visning</target>
   </keywords>
</keywords>