<?xml version="1.0" encoding="UTF-8"?>
<keywords>
   <keywords>
      <text FeatureID="true_298">atsakiklis</text>
      <target FeatureID="true_298" href="SMSVO_HLP_CS_VIDEO_AND_XSP_VOIP.html">Paprastų, vaizdo ir interneto skambučių pašto dėžutė</target>
   </keywords>
   <keywords>
      <text FeatureID="true_298">interneto skambučių pašto dėžutė</text>
      <target FeatureID="true_298" href="SMSVO_HLP_CS_VIDEO_AND_XSP_VOIP.html">Paprastų, vaizdo ir interneto skambučių pašto dėžutė</target>
   </keywords>
   <keywords>
      <text FeatureID="true_298">skambučių pašto dėžutė</text>
      <target FeatureID="true_298" href="SMSVO_HLP_CS_VIDEO_AND_XSP_VOIP.html">Paprastų, vaizdo ir interneto skambučių pašto dėžutė</target>
   </keywords>
   <keywords>
      <text FeatureID="-1">ryšiai internetu</text>
      <target FeatureID="-1" href="VOIP_HLP_CSC.html">Tinklo parametrai</target>
      <target FeatureID="true_298" href="VOIP_HLP_SERVCATALOG.html">Paslaugos katalogas</target>
      <target FeatureID="-1" href="SERVTAB_HLP_SETTINGS.html">Paslaugų kortelės parametrai</target>
   </keywords>
</keywords>