<?xml version="1.0" encoding="UTF-8"?><?xml-stylesheet  href="../../theme/xsl/index2html.xslt" type="text/xsl"?>
<topics FeatureID="-1" title="通讯记录" compressed="true">
   <topicref FeatureID="-1" href="GPRS_HLP_MAIN.html" navtitle="分组数据连接"/>
   <topicref FeatureID="-1" href="LOGS_HLP_COUNTER.html" navtitle="通话与数据记录"/>
   <topicref FeatureID="-1" href="LOGS_HLP_DETAIL.html" navtitle="通讯记录事件详情"/>
   <topicref FeatureID="-1" href="LOGS_HLP_MAIN.html" navtitle="通讯记录信息"/>
   <topicref FeatureID="-1" href="LOGS_HLP_SETTING.html" navtitle="通讯记录设置"/>
   <topicref FeatureID="-1" href="STM_HLP_DIALLED.html" navtitle="已拨电话"/>
   <topicref FeatureID="-1" href="STM_HLP_MAIN.html" navtitle="最近通话"/>
   <topicref FeatureID="-1" href="STM_HLP_MISSED.html" navtitle="未接来电"/>
   <topicref FeatureID="-1" href="STM_HLP_RECEIVED.html" navtitle="已接来电"/>
   <topicref FeatureID="-1" href="TIMERS_HLP_MAIN.html" navtitle="通话时间"/>
</topics>