<?xml version="1.0" encoding="UTF-8"?>
<keywords>
   <keywords>
      <text FeatureID="-1">分组数据连接</text>
      <target FeatureID="-1" href="GPRS_HLP_MAIN.html">分组数据连接</target>
      <target FeatureID="-1" href="LOGS_HLP_COUNTER.html">通话与数据记录</target>
   </keywords>
   <keywords>
      <text FeatureID="-1">通话时间</text>
      <target FeatureID="-1" href="LOGS_HLP_COUNTER.html">通话与数据记录</target>
      <target FeatureID="-1" href="TIMERS_HLP_MAIN.html">通话时间</target>
   </keywords>
   <keywords>
      <text FeatureID="-1">最近通话</text>
      <target FeatureID="-1" href="LOGS_HLP_COUNTER.html">通话与数据记录</target>
      <target FeatureID="-1" href="STM_HLP_MAIN.html">最近通话</target>
   </keywords>
   <keywords>
      <text FeatureID="-1">通讯记录</text>
      <target FeatureID="-1" href="LOGS_HLP_DETAIL.html">通讯记录事件详情</target>
      <target FeatureID="-1" href="LOGS_HLP_MAIN.html">通讯记录信息</target>
   </keywords>
   <keywords>
      <text FeatureID="-1">通讯记录设置</text>
      <target FeatureID="-1" href="LOGS_HLP_SETTING.html">通讯记录设置</target>
   </keywords>
   <keywords>
      <text FeatureID="-1">已拨电话</text>
      <target FeatureID="-1" href="STM_HLP_DIALLED.html">已拨电话</target>
   </keywords>
   <keywords>
      <text FeatureID="-1">通话记录</text>
      <target FeatureID="-1" href="STM_HLP_MAIN.html">最近通话</target>
   </keywords>
   <keywords>
      <text FeatureID="-1">未接来电</text>
      <target FeatureID="-1" href="STM_HLP_MISSED.html">未接来电</target>
   </keywords>
   <keywords>
      <text FeatureID="-1">已接来电</text>
      <target FeatureID="-1" href="STM_HLP_RECEIVED.html">已接来电</target>
      <target FeatureID="-1" href="STM_HLP_RECEIVED.html">已接来电</target>
   </keywords>
   <keywords>
      <text FeatureID="-1">通话计时</text>
      <target FeatureID="-1" href="TIMERS_HLP_MAIN.html">通话时间</target>
   </keywords>
</keywords>