<?xml version="1.0" encoding="UTF-8"?>
<keywords>
   <keywords>
      <text FeatureID="true_11008 false_11008">registro del dispositivo</text>
      <target FeatureID="true_11008" href="DRM_HLP_REGISTRATION_METERING.html">Registro del dispositivo</target>
      <target FeatureID="false_11008" href="DRM_HLP_REGISTRATION.html">Registro del dispositivo</target>
   </keywords>
   <keywords>
      <text FeatureID="true_11008">adquisición de derechos silenciosos</text>
      <target FeatureID="true_11008" href="DRM_HLP_REGISTRATION_METERING.html">Registro del dispositivo</target>
   </keywords>
   <keywords>
      <text FeatureID="true_11008">medición</text>
      <target FeatureID="true_11008" href="DRM_HLP_REGISTRATION_METERING.html">Registro del dispositivo</target>
   </keywords>
</keywords>