<?xml version="1.0" encoding="UTF-8"?>
<keywords>
   <keywords>
      <text FeatureID="-1">lecteur de messages, langue</text>
      <target FeatureID="-1" href="SPEECH_HLP_MAIN.html">Paramètres de parole</target>
   </keywords>
   <keywords>
      <text FeatureID="-1">lecteur de messages, voix</text>
      <target FeatureID="-1" href="SPEECH_HLP_MAIN.html">Paramètres de parole</target>
   </keywords>
   <keywords>
      <text FeatureID="-1">lecteur de messages</text>
      <target FeatureID="-1" href="SPEECH_HLP_VOICE.html">Détails de la voix</target>
   </keywords>
   <keywords>
      <text FeatureID="-1">lecteur de messages, paramètres</text>
      <target FeatureID="-1" href="SPEECH_HLP_MRSETTINGS.html">Lecteur de messages</target>
   </keywords>
</keywords>