<?xml version="1.0" encoding="UTF-8"?><?xml-stylesheet  href="../../theme/xsl/index2html.xslt" type="text/xsl"?>
<topics FeatureID="-1" title="Agenda" compressed="true">
   <topicref FeatureID="-1" href="CALE_HLP_NOTE_ANNIVERSARY.html" navtitle="Entrades d'aniversari"/>
   <topicref FeatureID="-1" href="CALE_HLP_NOTE_VIEWER.html" navtitle="Entrades de l'agenda"/>
   <topicref FeatureID="-1" href="CALE_HLP_SETTINGS.html" navtitle="Configuració de l'agenda"/>
   <topicref FeatureID="-1" href="CALE_HLP_DAY_VIEW.html" navtitle="Vista del dia"/>
   <topicref FeatureID="-1" href="CALE_HLP_NOTE_MEETING.html" navtitle="Entrades de reunions"/>
   <topicref FeatureID="-1" href="CALE_HLP_NOTE_DAY.html" navtitle="Entrades de recordatori"/>
   <topicref FeatureID="-1" href="CALE_HLP_MONTH_VIEW.html" navtitle="Vista mensual"/>
   <topicref FeatureID="-1" href="CALE_HLP_TODO_NOTE.html" navtitle="Entrades de tasques pendents"/>
   <topicref FeatureID="-1" href="CALE_HLP_TODO_VIEW.html" navtitle="Vista de tasques pendents"/>
   <topicref FeatureID="-1" href="CALE_HLP_WEEK_VIEW.html" navtitle="Vista de setmana"/>
</topics>