<?xml version="1.0" encoding="UTF-8"?>
<keywords>
   <keywords>
      <text FeatureID="-1">agenda</text>
      <target FeatureID="-1" href="CALE_HLP_NOTE_ANNIVERSARY.html">Entrades d'aniversari</target>
      <target FeatureID="-1" href="CALE_HLP_NOTE_VIEWER.html">Entrades de l'agenda</target>
      <target FeatureID="-1" href="CALE_HLP_DAY_VIEW.html">Vista del dia</target>
      <target FeatureID="-1" href="CALE_HLP_NOTE_MEETING.html">Entrades de reunions</target>
      <target FeatureID="-1" href="CALE_HLP_NOTE_DAY.html">Entrades de recordatori</target>
      <target FeatureID="-1" href="CALE_HLP_MONTH_VIEW.html">Vista mensual</target>
      <target FeatureID="-1" href="CALE_HLP_TODO_NOTE.html">Entrades de tasques pendents</target>
      <target FeatureID="-1" href="CALE_HLP_TODO_VIEW.html">Vista de tasques pendents</target>
      <target FeatureID="-1" href="CALE_HLP_WEEK_VIEW.html">Vista de setmana</target>
   </keywords>
   <keywords>
      <text FeatureID="-1">notes d’aniversari</text>
      <target FeatureID="-1" href="CALE_HLP_NOTE_ANNIVERSARY.html">Entrades d'aniversari</target>
      <target FeatureID="-1" href="CALE_HLP_NOTE_VIEWER.html">Entrades de l'agenda</target>
   </keywords>
   <keywords>
      <text FeatureID="-1">reunions</text>
      <target FeatureID="-1" href="CALE_HLP_NOTE_VIEWER.html">Entrades de l'agenda</target>
      <target FeatureID="-1" href="CALE_HLP_NOTE_MEETING.html">Entrades de reunions</target>
   </keywords>
   <keywords>
      <text FeatureID="-1">notes de recordatori</text>
      <target FeatureID="-1" href="CALE_HLP_NOTE_VIEWER.html">Entrades de l'agenda</target>
      <target FeatureID="-1" href="CALE_HLP_NOTE_DAY.html">Entrades de recordatori</target>
   </keywords>
   <keywords>
      <text FeatureID="-1">notes de tasques pendents</text>
      <target FeatureID="-1" href="CALE_HLP_NOTE_VIEWER.html">Entrades de l'agenda</target>
      <target FeatureID="-1" href="CALE_HLP_TODO_NOTE.html">Entrades de tasques pendents</target>
   </keywords>
   <keywords>
      <text FeatureID="-1">configuració de l'agenda</text>
      <target FeatureID="-1" href="CALE_HLP_SETTINGS.html">Configuració de l'agenda</target>
   </keywords>
   <keywords>
      <text FeatureID="-1">tasques pendents</text>
      <target FeatureID="-1" href="CALE_HLP_TODO_VIEW.html">Vista de tasques pendents</target>
   </keywords>
</keywords>