<?xml version="1.0" encoding="UTF-8"?>
<keywords>
   <keywords>
      <text FeatureID="-1">agenda</text>
      <target FeatureID="-1" href="CALE_HLP_NOTE_VIEWER.html">Entrades de l'agenda</target>
      <target FeatureID="-1" href="CALE_HLP_DAY_VIEW.html">Vista del dia</target>
      <target FeatureID="-1" href="CALE_HLP_NOTE_MEETING.html">Entrades de reunions</target>
      <target FeatureID="-1" href="CALE_HLP_MONTH_VIEW.html">Vista mensual</target>
      <target FeatureID="-1" href="CALE_HLP_TODO_NOTE.html">Entrades de tasques pendents</target>
      <target FeatureID="-1" href="CALE_HLP_TODO_VIEW.html">Vista de tasques pendents</target>
      <target FeatureID="-1" href="CALE_HLP_WEEK_VIEW.html">Vista de setmana</target>
      <target FeatureID="-1" href="CALE_HLP_CALENDAR_DATABASE_SETTINGS.html">Configuració de diverses agendes</target>
      <target FeatureID="-1" href="CALE_HLP_CALE_MAN_VIEW.html">Vista de la gestió de les agendes</target>
      <target FeatureID="-1" href="CALE_HLP_ATTACH_VIEW.html">Vista Fitxers adjunts</target>
      <target FeatureID="-1" href="CALE_HLP_MAV.html">Vista Alarmes perdudes</target>
   </keywords>
   <keywords>
      <text FeatureID="-1">reunions</text>
      <target FeatureID="-1" href="CALE_HLP_NOTE_VIEWER.html">Entrades de l'agenda</target>
      <target FeatureID="-1" href="CALE_HLP_NOTE_MEETING.html">Entrades de reunions</target>
   </keywords>
   <keywords>
      <text FeatureID="-1">notes de tasques pendents</text>
      <target FeatureID="-1" href="CALE_HLP_NOTE_VIEWER.html">Entrades de l'agenda</target>
      <target FeatureID="-1" href="CALE_HLP_TODO_NOTE.html">Entrades de tasques pendents</target>
   </keywords>
   <keywords>
      <text FeatureID="-1">configuració de l'agenda</text>
      <target FeatureID="-1" href="CALE_HLP_SETTINGS.html">Configuració de l'agenda</target>
   </keywords>
   <keywords>
      <text FeatureID="-1">tasques pendents</text>
      <target FeatureID="-1" href="CALE_HLP_TODO_VIEW.html">Vista de tasques pendents</target>
   </keywords>
   <keywords>
      <text FeatureID="-1">configuració, agenda</text>
      <target FeatureID="-1" href="CALE_HLP_CALENDAR_DATABASE_SETTINGS.html">Configuració de diverses agendes</target>
   </keywords>
   <keywords>
      <text FeatureID="-1">fitxers adjunts</text>
      <target FeatureID="-1" href="CALE_HLP_ATTACH_VIEW.html">Vista Fitxers adjunts</target>
   </keywords>
   <keywords>
      <text FeatureID="-1">alarmes, nota de l'agenda</text>
      <target FeatureID="-1" href="CALE_HLP_MAV.html">Vista Alarmes perdudes</target>
   </keywords>
</keywords>