<?xml version="1.0" encoding="UTF-8"?>
<keywords>
   <keywords>
      <text FeatureID="-1">Ảnh</text>
      <target FeatureID="-1" href="LGAL_HLP_ALBUM_LIST.html">Album</target>
      <target FeatureID="-1" href="LGAL_HLP_ALL_GRID.html">Duyệt qua tất cả các tập tin media</target>
      <target FeatureID="-1" href="LGAL_HLP_ALBUM_GRID.html">Duyệt qua các tập tin media trong các album</target>
      <target FeatureID="-1" href="LGAL_HLP_TAGS_GRID.html">Trình duyệt các tập tin media đã được gán thẻ</target>
      <target FeatureID="-1" href="LGAL_HLP_DETAILS_VIEW.html">Xem và chỉnh sửa chi tiết tập tin</target>
      <target FeatureID="-1" href="LGAL_HLP_TAGS_BROWSER.html">Thẻ</target>
      <target FeatureID="-1" href="LGAL_HLP_MONTH_FULLSCREEN.html">Xem các tập tin media theo tháng</target>
      <target FeatureID="-1" href="LGAL_HLP_MONTH_GRID.html">Trình duyệt các tập tin media theo tháng</target>
      <target FeatureID="-1" href="LGAL_HLP_VIEW_LIST.html">Ảnh</target>
      <target FeatureID="-1" href="LGAL_HLP_MONTH_LIST.html">Tháng</target>
      <target FeatureID="-1" href="LGAL_HLP_SLIDESHOW_SETTINGS.html">Cài đặt trình chiếu</target>
      <target FeatureID="-1" href="LGAL_HLP_ALL_FULLSCREEN.html">Xem tất cả các tập tin media</target>
      <target FeatureID="-1" href="LGAL_HLP_ALBUM_FULLSCREEN.html">Xem các tập tin media trong các album</target>
      <target FeatureID="-1" href="LGAL_HLP_TAGS_FULLSCREEN.html">Xem các tập tin media đã được gán thẻ</target>
   </keywords>
   <keywords>
      <text FeatureID="-1">album</text>
      <target FeatureID="-1" href="LGAL_HLP_ALBUM_LIST.html">Album</target>
      <target FeatureID="-1" href="LGAL_HLP_ALBUM_GRID.html">Duyệt qua các tập tin media trong các album</target>
      <target FeatureID="-1" href="LGAL_HLP_VIEW_LIST.html">Ảnh</target>
      <target FeatureID="-1" href="LGAL_HLP_ALBUM_FULLSCREEN.html">Xem các tập tin media trong các album</target>
   </keywords>
   <keywords>
      <text FeatureID="-1">thẻ</text>
      <target FeatureID="-1" href="LGAL_HLP_TAGS_GRID.html">Trình duyệt các tập tin media đã được gán thẻ</target>
      <target FeatureID="-1" href="LGAL_HLP_TAGS_BROWSER.html">Thẻ</target>
      <target FeatureID="-1" href="LGAL_HLP_VIEW_LIST.html">Ảnh</target>
      <target FeatureID="-1" href="LGAL_HLP_TAGS_FULLSCREEN.html">Xem các tập tin media đã được gán thẻ</target>
   </keywords>
   <keywords>
      <text FeatureID="-1">trình chiếu</text>
      <target FeatureID="-1" href="LGAL_HLP_SLIDESHOW_SETTINGS.html">Cài đặt trình chiếu</target>
   </keywords>
</keywords>