<?xml version="1.0" encoding="UTF-8"?>
<keywords>
   <keywords>
      <text FeatureID="-1">Пакет Quickoffice, диспетчер файлов</text>
      <target FeatureID="-1" href="QFM_HLP_FILE_MENU.html">Диспетчер файлов</target>
   </keywords>
   <keywords>
      <text FeatureID="-1">Пакет Quickoffice</text>
      <target FeatureID="-1" href="QFM_HLP_LOC_MENU.html">Пакет Quickoffice</target>
   </keywords>
   <keywords>
      <text FeatureID="-1">приложение Quickpoint</text>
      <target FeatureID="-1" href="QPOINT_HLP_EDIT_SLIDE_VIEW.html">Изменение слайдов</target>
      <target FeatureID="-1" href="QPOINT_HLP_REPLACE_VIEW.html">Поиск и замена текста</target>
      <target FeatureID="-1" href="QPOINT_HLP_FIND_VIEW.html">Поиск текста</target>
      <target FeatureID="-1" href="QPOINT_HLP_VIEW_SLIDE_VIEW.html">Просмотр слайдов</target>
   </keywords>
   <keywords>
      <text FeatureID="-1">приложение Quickpoint, текст</text>
      <target FeatureID="-1" href="QPOINT_HLP_EDIT_TEXT_VIEW.html">Изменение текста</target>
   </keywords>
   <keywords>
      <text FeatureID="-1">приложение Quickpoint, комментарии</text>
      <target FeatureID="-1" href="QPOINT_HLP_COMMENT_VIEW.html">Просмотр комментариев</target>
   </keywords>
   <keywords>
      <text FeatureID="-1">приложение Quickpoint, заметки</text>
      <target FeatureID="-1" href="QPOINT_HLP_VIEW_NOTES_VIEW.html">Просмотр заметок</target>
   </keywords>
   <keywords>
      <text FeatureID="-1">приложение Quickpoint, структура</text>
      <target FeatureID="-1" href="QPOINT_HLP_VIEW_OUTLINE_VIEW.html">Просмотр структуры</target>
   </keywords>
   <keywords>
      <text FeatureID="-1">приложение Quicksheet, ячейки</text>
      <target FeatureID="-1" href="QSHEET_HLP_CELLS_EDIT.html">Изменение ячеек</target>
      <target FeatureID="-1" href="QSHEET_HLP_VIEW_CELL.html">Просмотр ячеек</target>
   </keywords>
   <keywords>
      <text FeatureID="-1">приложение Quicksheet, столбцы</text>
      <target FeatureID="-1" href="QSHEET_HLP_EDIT_COLUMN.html">Изменение столбцов</target>
   </keywords>
   <keywords>
      <text FeatureID="-1">приложение Quicksheet, диапазоны ячеек</text>
      <target FeatureID="-1" href="QSHEET_HLP_EDIT_RANGE.html">Изменение диапазонов ячеек</target>
   </keywords>
   <keywords>
      <text FeatureID="-1">приложение Quicksheet, строки</text>
      <target FeatureID="-1" href="QSHEET_HLP_EDIT_ROW.html">Изменение строк</target>
   </keywords>
   <keywords>
      <text FeatureID="-1">приложение Quicksheet</text>
      <target FeatureID="-1" href="QSHEET_HLP_REPLACE_VIEW.html">Поиск и замена текста</target>
      <target FeatureID="-1" href="QSHEET_HLP_FIND_VIEW.html">Поиск текста</target>
      <target FeatureID="-1" href="QSHEET_HLP_CELLS_VIEW.html">Просмотр эл. таблиц</target>
   </keywords>
   <keywords>
      <text FeatureID="-1">приложение Quickword</text>
      <target FeatureID="-1" href="QWORD_HLP_EDIT_MODE.html">Изменение документов</target>
      <target FeatureID="-1" href="QWORD_HLP_FIND_MODE.html">Поиск и замена текста</target>
      <target FeatureID="-1" href="QWORD_HLP_VIEW_MODE.html">Просмотр документов</target>
      <target FeatureID="-1" href="QWORD_HLP_PAGE_VIEW.html">Просмотр компоновки страниц</target>
   </keywords>
</keywords>