<?xml version="1.0" encoding="UTF-8"?>
<keywords>
   <keywords>
      <text FeatureID="-1">Glasovni spremnik</text>
      <target FeatureID="-1" href="SMSVO_HLP_MAIN_VIEW.html">Glasovni spremnik</target>
      <target FeatureID="true_298" href="SMSVO_HLP_CS_VIDEO_AND_XSP_VOIP.html">Spremnik glasovnih, video i internetskih poziva</target>
   </keywords>
   <keywords>
      <text FeatureID="-1">automatska sekretarica</text>
      <target FeatureID="-1" href="SMSVO_HLP_MAIN_VIEW.html">Glasovni spremnik</target>
      <target FeatureID="true_89" href="SMSVO_HLP_CS_AND_VIDEO.html">Spremnik glasovnih i video poziva</target>
      <target FeatureID="true_298" href="SMSVO_HLP_CS_VIDEO_AND_XSP_VOIP.html">Spremnik glasovnih, video i internetskih poziva</target>
   </keywords>
   <keywords>
      <text FeatureID="true_89">spremnik video poziva</text>
      <target FeatureID="true_89" href="SMSVO_HLP_CS_AND_VIDEO.html">Spremnik glasovnih i video poziva</target>
   </keywords>
   <keywords>
      <text FeatureID="true_298">spremnik internetskih poziva</text>
      <target FeatureID="true_298" href="SMSVO_HLP_CS_VIDEO_AND_XSP_VOIP.html">Spremnik glasovnih, video i internetskih poziva</target>
   </keywords>
</keywords>