<?xml version="1.0" encoding="UTF-8"?><?xml-stylesheet  href="../../theme/xsl/index2html.xslt" type="text/xsl"?>
<topics FeatureID="-1" title="السجلات" compressed="true">
   <topicref FeatureID="-1" href="GPRS_HLP_MAIN.html" navtitle="اتصالات حزم البيانات"/>
   <topicref FeatureID="-1" href="LOGS_HLP_COUNTER.html" navtitle="سجلات المكالمات والبيانات"/>
   <topicref FeatureID="-1" href="LOGS_HLP_DETAIL.html" navtitle="تفاصيل أحداث السجل"/>
   <topicref FeatureID="-1" href="LOGS_HLP_MAIN.html" navtitle="معلومات السجل"/>
   <topicref FeatureID="-1" href="LOGS_HLP_SETTING.html" navtitle="ضبط السجل"/>
   <topicref FeatureID="-1" href="STM_HLP_DIALLED.html" navtitle="الأرقام الصادرة"/>
   <topicref FeatureID="-1" href="STM_HLP_MAIN.html" navtitle="آخر المكالمات"/>
   <topicref FeatureID="-1" href="STM_HLP_MISSED.html" navtitle="مكالمات لم يرد عليها"/>
   <topicref FeatureID="-1" href="STM_HLP_RECEIVED.html" navtitle="المكالمات المستلمة"/>
   <topicref FeatureID="-1" href="TIMERS_HLP_MAIN.html" navtitle="مدة المكالمات"/>
</topics>