<?xml version="1.0" encoding="UTF-8"?>
<keywords>
   <keywords>
      <text FeatureID="-1">اتصالات حزم بيانات</text>
      <target FeatureID="-1" href="GPRS_HLP_MAIN.html">اتصالات حزم البيانات</target>
      <target FeatureID="-1" href="LOGS_HLP_COUNTER.html">سجلات المكالمات والبيانات</target>
   </keywords>
   <keywords>
      <text FeatureID="-1">مدة المكالمات</text>
      <target FeatureID="-1" href="LOGS_HLP_COUNTER.html">سجلات المكالمات والبيانات</target>
      <target FeatureID="-1" href="TIMERS_HLP_MAIN.html">مدة المكالمات</target>
   </keywords>
   <keywords>
      <text FeatureID="-1">آخر المكالمات</text>
      <target FeatureID="-1" href="LOGS_HLP_COUNTER.html">سجلات المكالمات والبيانات</target>
      <target FeatureID="-1" href="STM_HLP_MAIN.html">آخر المكالمات</target>
   </keywords>
   <keywords>
      <text FeatureID="-1">السجلات</text>
      <target FeatureID="-1" href="LOGS_HLP_DETAIL.html">تفاصيل أحداث السجل</target>
      <target FeatureID="-1" href="LOGS_HLP_MAIN.html">معلومات السجل</target>
   </keywords>
   <keywords>
      <text FeatureID="-1">ضبط السجل</text>
      <target FeatureID="-1" href="LOGS_HLP_SETTING.html">ضبط السجل</target>
   </keywords>
   <keywords>
      <text FeatureID="-1">أرقام صادرة</text>
      <target FeatureID="-1" href="STM_HLP_DIALLED.html">الأرقام الصادرة</target>
   </keywords>
   <keywords>
      <text FeatureID="-1">سجل المكالمات</text>
      <target FeatureID="-1" href="STM_HLP_MAIN.html">آخر المكالمات</target>
   </keywords>
   <keywords>
      <text FeatureID="-1">مكالمات لم يرد عليها</text>
      <target FeatureID="-1" href="STM_HLP_MISSED.html">مكالمات لم يرد عليها</target>
   </keywords>
   <keywords>
      <text FeatureID="-1">مكالمات مستلمة</text>
      <target FeatureID="-1" href="STM_HLP_RECEIVED.html">المكالمات المستلمة</target>
   </keywords>
   <keywords>
      <text FeatureID="-1">مكالمات تم الرد عليها</text>
      <target FeatureID="-1" href="STM_HLP_RECEIVED.html">المكالمات المستلمة</target>
   </keywords>
   <keywords>
      <text FeatureID="-1">طول المكالمات</text>
      <target FeatureID="-1" href="TIMERS_HLP_MAIN.html">مدة المكالمات</target>
   </keywords>
</keywords>