<?xml version="1.0" encoding="UTF-8"?>
<keywords>
   <keywords>
      <text FeatureID="-1">환율</text>
      <target FeatureID="-1" href="CNV_HLP_RATES.html">통화 설정</target>
   </keywords>
   <keywords>
      <text FeatureID="-1">기본 통화</text>
      <target FeatureID="-1" href="CNV_HLP_RATES.html">통화 설정</target>
   </keywords>
   <keywords>
      <text FeatureID="-1">통화 환산</text>
      <target FeatureID="-1" href="CNV_HLP_RATES.html">통화 설정</target>
      <target FeatureID="-1" href="CNV_HLP_MAIN_STATE.html">단위 환산</target>
   </keywords>
   <keywords>
      <text FeatureID="-1">환산기</text>
      <target FeatureID="-1" href="CNV_HLP_MAIN_STATE.html">단위 환산</target>
   </keywords>
</keywords>