<?xml version="1.0" encoding="UTF-8"?>
<keywords>
   <keywords>
      <text FeatureID="-1">dešifrovanje, memorijska kartica</text>
      <target FeatureID="-1" href="ES_HLP_ENCRYPTION_DECRYPT.html">Dešifrovanje memorijske kartice</target>
   </keywords>
   <keywords>
      <text FeatureID="-1">šifrovanje, memorijska kartica</text>
      <target FeatureID="-1" href="ES_HLP_ENCRYPTION_ENCRYPT.html">Šifrovanje memorijske kartice</target>
   </keywords>
   <keywords>
      <text FeatureID="-1">šifrovanje, memorija aparata i memorijska kartica</text>
      <target FeatureID="-1" href="ES_HLP_ENCRYPTION_MAIN.html">Šifrovanje i dešifrovanje</target>
   </keywords>
   <keywords>
      <text FeatureID="-1">dešifrovanje, memorija aparata i memorijska kartica</text>
      <target FeatureID="-1" href="ES_HLP_ENCRYPTION_MAIN.html">Šifrovanje i dešifrovanje</target>
   </keywords>
</keywords>