<?xml version="1.0" encoding="UTF-8"?>
<keywords>
   <keywords>
      <text FeatureID="-1">dekodiranje, memorijska kartica</text>
      <target FeatureID="-1" href="ES_HLP_ENCRYPTION_DECRYPT.html">Dekodiranje memorijske kartice</target>
   </keywords>
   <keywords>
      <text FeatureID="-1">kodiranje, memorijska kartica</text>
      <target FeatureID="-1" href="ES_HLP_ENCRYPTION_ENCRYPT.html">Kodiranje memorijske kartice</target>
   </keywords>
   <keywords>
      <text FeatureID="-1">kodiranje, memorija uređaja i memorijska kartica</text>
      <target FeatureID="-1" href="ES_HLP_ENCRYPTION_MAIN.html">Kodiranje i dekodiranje</target>
   </keywords>
   <keywords>
      <text FeatureID="-1">dekodiranje, memorija uređaja i memorijska kartica</text>
      <target FeatureID="-1" href="ES_HLP_ENCRYPTION_MAIN.html">Kodiranje i dekodiranje</target>
   </keywords>
</keywords>