<?xml version="1.0" encoding="UTF-8"?>
<keywords>
   <keywords>
      <text FeatureID="-1">메시지 전달</text>
      <target FeatureID="-1" href="MMS_HLP_MMS_FWD_REQUEST.html">멀티미디어 메시지 전달</target>
   </keywords>
   <keywords>
      <text FeatureID="-1">멀티미디어 메시지</text>
      <target FeatureID="-1" href="MMS_HLP_MMS_FWD_REQUEST_SEND.html">전송된 항목의 전달 요청</target>
      <target FeatureID="-1" href="MMS_HLP_MMS_VIEWER.html">멀티미디어 메시지 보기</target>
   </keywords>
   <keywords>
      <text FeatureID="-1">멀티미디어 알림</text>
      <target FeatureID="-1" href="MMS_HLP_NOTIFICATION_VIEWER.html">멀티미디어 알림</target>
   </keywords>
   <keywords>
      <text FeatureID="-1">미디어 개체</text>
      <target FeatureID="-1" href="MMS_HLP_OBJECTS_VIEW_VIEWER.html">미디어 개체 보기</target>
   </keywords>
   <keywords>
      <text FeatureID="-1">멀티미디어 개체</text>
      <target FeatureID="-1" href="MMS_HLP_OBJECTS_VIEW_VIEWER.html">미디어 개체 보기</target>
   </keywords>
   <keywords>
      <text FeatureID="-1">MMS</text>
      <target FeatureID="-1" href="MMS_HLP_MMS_VIEWER.html">멀티미디어 메시지 보기</target>
   </keywords>
</keywords>