<?xml version="1.0" encoding="UTF-8"?>
<keywords>
   <keywords>
      <text FeatureID="-1">الشهادات</text>
      <target FeatureID="-1" href="AM_HLP_GENERAL_SETTINGS.html">ضبط الشهادات</target>
   </keywords>
   <keywords>
      <text FeatureID="-1">الضبط, الشهادات</text>
      <target FeatureID="-1" href="AM_HLP_GENERAL_SETTINGS.html">ضبط الشهادات</target>
   </keywords>
   <keywords>
      <text FeatureID="-1">تثبيت التطبيقات</text>
      <target FeatureID="-1" href="AM_HLP_NOT_INSTALLED.html">ملفات التثبيت</target>
      <target FeatureID="-1" href="AM_HLP_APPLICATION.html">إدارة التطبيقات</target>
   </keywords>
   <keywords>
      <text FeatureID="-1">تطبيقات غير مثبتة</text>
      <target FeatureID="-1" href="AM_HLP_NOT_INSTALLED.html">ملفات التثبيت</target>
   </keywords>
   <keywords>
      <text FeatureID="-1">التطبيقات المثبتة</text>
      <target FeatureID="-1" href="AM_HLP_INSTALLED.html">التطبيقات المثبتة</target>
   </keywords>
   <keywords>
      <text FeatureID="-1">تثبيت البرامج</text>
      <target FeatureID="-1" href="AM_HLP_APPLICATION.html">إدارة التطبيقات</target>
   </keywords>
   <keywords>
      <text FeatureID="-1">طلبات الأذونات</text>
      <target FeatureID="-1" href="AM_HLP_INSTALL_CAPAB.html">طلبات الأذونات</target>
   </keywords>
   <keywords>
      <text FeatureID="-1">التثبيت غير الموثوق</text>
      <target FeatureID="-1" href="AM_HLP_INSTALL_UNTRUSTED.html">التثبيت غير الموثوق</target>
   </keywords>
</keywords>