<?xml version="1.0" encoding="UTF-8"?>
<keywords>
   <keywords>
      <text FeatureID="-1">藍牙</text>
      <target FeatureID="-1" href="BT_HLP_MAIN.html">藍牙</target>
      <target FeatureID="-1" href="BT_HLP_PAIRED.html">與裝置配對</target>
      <target FeatureID="-1" href="BT_HLP_BLOCKED.html">封鎖裝置</target>
   </keywords>
   <keywords>
      <text FeatureID="-1">藍牙設定</text>
      <target FeatureID="-1" href="BT_HLP_MAIN.html">藍牙</target>
   </keywords>
   <keywords>
      <text FeatureID="-1">配對裝置</text>
      <target FeatureID="-1" href="BT_HLP_PAIRED.html">與裝置配對</target>
   </keywords>
   <keywords>
      <text FeatureID="-1">封鎖的裝置</text>
      <target FeatureID="-1" href="BT_HLP_BLOCKED.html">封鎖裝置</target>
   </keywords>
   <keywords>
      <text FeatureID="true_12">無線鍵盤</text>
      <target FeatureID="true_12" href="BTKEYBOARD_HLP_SETTINGS.html">無線鍵盤</target>
   </keywords>
</keywords>