<?xml version="1.0" encoding="UTF-8"?>
<keywords>
   <keywords>
      <text FeatureID="-1">การส่งข้อความ</text>
      <target FeatureID="-1" href="UNIFIED_HLP_EDITOR.html">สร้างข้อความ</target>
   </keywords>
   <keywords>
      <text FeatureID="-1">ตัวแก้ไขข้อความ</text>
      <target FeatureID="-1" href="UNIFIED_HLP_EDITOR.html">สร้างข้อความ</target>
   </keywords>
   <keywords>
      <text FeatureID="-1">ข้อความ</text>
      <target FeatureID="-1" href="UNIFIED_HLP_SENDING_OPTIONS.html">ตัวเลือกการส่ง</target>
   </keywords>
   <keywords>
      <text FeatureID="-1">ตัวเลือกการส่ง</text>
      <target FeatureID="-1" href="UNIFIED_HLP_SENDING_OPTIONS.html">ตัวเลือกการส่ง</target>
   </keywords>
   <keywords>
      <text FeatureID="-1">ออปเจ็กต์สื่อ</text>
      <target FeatureID="-1" href="UNIFIED_HLP_ED_OBJECTS.html">ออปเจ็กต์สื่อที่ได้รับ</target>
   </keywords>
   <keywords>
      <text FeatureID="-1">ออปเจ็กต์มัลติมีเดีย</text>
      <target FeatureID="-1" href="UNIFIED_HLP_ED_OBJECTS.html">ออปเจ็กต์สื่อที่ได้รับ</target>
   </keywords>
</keywords>