<?xml version="1.0" encoding="UTF-8"?>
<keywords>
   <keywords>
      <text FeatureID="-1">รายการวันครบรอบ</text>
      <target FeatureID="-1" href="FSCA_HLP_ANNIVERSARY_EDITOR.html">การสร้างรายการวันครบรอบ</target>
   </keywords>
   <keywords>
      <text FeatureID="-1">รายการประชุม, การสร้าง</text>
      <target FeatureID="-1" href="FSCA_HLP_CALE_MEETING_EDITOR.html">การสร้างรายการประชุม</target>
   </keywords>
   <keywords>
      <text FeatureID="-1">รายการบันทึก, การสร้าง</text>
      <target FeatureID="-1" href="FSCA_HLP_MEMO_EDITOR.html">การสร้างรายการบันทึก</target>
   </keywords>
   <keywords>
      <text FeatureID="-1">รายการสิ่งที่ต้องทำ, การสร้าง</text>
      <target FeatureID="-1" href="FSCA_HLP_TODO_EDITOR.html">การสร้างรายการสิ่งที่ต้องทำ</target>
   </keywords>
   <keywords>
      <text FeatureID="-1">รายการประชุม, การแก้ไข</text>
      <target FeatureID="-1" href="FSCA_HLP_CALE_MEETING_VIEWER.html">การแก้ไขรายการประชุม</target>
   </keywords>
   <keywords>
      <text FeatureID="-1">รายการบันทึก, การแก้ไข</text>
      <target FeatureID="-1" href="FSCA_HLP_MEMO_VIEWER.html">การแก้ไขรายการบันทึก</target>
   </keywords>
   <keywords>
      <text FeatureID="-1">รายการสิ่งที่ต้องทำ, การแก้ไข</text>
      <target FeatureID="-1" href="FSCA_HLP_TODO_VIEWER.html">แก้ไขรายการสิ่งที่ต้องทำ</target>
   </keywords>
   <keywords>
      <text FeatureID="-1">รายการวันครบรอบ, การดู</text>
      <target FeatureID="-1" href="FSCA_HLP_ANNI_VIEWER.html">การแก้ไขรายการวันครบรอบ</target>
   </keywords>
   <keywords>
      <text FeatureID="-1">คำขอประชุม</text>
      <target FeatureID="-1" href="FSCA_HLP_RESPONSE_EDITOR.html">การแก้ไขคำตอบของคุณ</target>
      <target FeatureID="-1" href="FSCA_HLP_VIEWER_ORGANIZER.html">การจัดการคำขอประชุม</target>
      <target FeatureID="-1" href="MEET_REQ_HLP_EDITOR.html">คำขอประชุมที่ได้รับ</target>
      <target FeatureID="-1" href="FSCA_HLP_VIEWER.html">การตอบรับคำขอประชุม</target>
      <target FeatureID="-1" href="FS_VIEWER_HLP_MEETING_REQ_VIEW.html">การตอบกลับคำขอประชุม</target>
   </keywords>
   <keywords>
      <text FeatureID="-1">รายชื่อ</text>
      <target FeatureID="-1" href="RLOOK_HLP_INFO_VIEW.html">การจัดการรายชื่อที่พบ</target>
   </keywords>
   <keywords>
      <text FeatureID="-1">รายชื่อ, การค้นหา</text>
      <target FeatureID="-1" href="RLOOK_HLP_RESULT_VIEW.html">ผลลัพธ์การค้นหา</target>
   </keywords>
   <keywords>
      <text FeatureID="-1">อีเมล, สิ่งที่แนบ</text>
      <target FeatureID="-1" href="FSE_HLP_ATTACHMENT_LIST_EDITOR.html">การเพิ่มสิ่งที่แนบ</target>
   </keywords>
   <keywords>
      <text FeatureID="-1">อีเมลที่ถูกลบ</text>
      <target FeatureID="-1" href="FSE_HLP_MESSAGE_LIST_DELETED.html">ข้อความอีเมลที่ลบ</target>
   </keywords>
   <keywords>
      <text FeatureID="-1">ดาวน์โหลดสิ่งที่แนบกับอีเมล</text>
      <target FeatureID="-1" href="FSE_HLP_ATTACHMENT_LIST.html">การดาวน์โหลดสิ่งที่แนบ</target>
   </keywords>
   <keywords>
      <text FeatureID="-1">อีเมลฉบับร่าง</text>
      <target FeatureID="-1" href="FSE_HLP_MESSAGE_LIST_DRAFTS.html">ข้อความอีเมลฉบับร่าง</target>
   </keywords>
   <keywords>
      <text FeatureID="-1">Nokia E-mail</text>
      <target FeatureID="-1" href="FSE_HLP_LAUNCHER_GRID.html">Nokia E-mail</target>
   </keywords>
   <keywords>
      <text FeatureID="-1">อีเมล</text>
      <target FeatureID="-1" href="FSE_HLP_LAUNCHER_GRID.html">Nokia E-mail</target>
   </keywords>
   <keywords>
      <text FeatureID="-1">โฟลเดอร์อีเมล</text>
      <target FeatureID="-1" href="FSE_HLP_FOLDER_LIST.html">โฟลเดอร์อีเมล</target>
      <target FeatureID="-1" href="FSE_HLP_SETT_IMAP_SUBSCR.html">สมัครขอรับบริการโฟลเดอร์</target>
      <target FeatureID="-1" href="FSE_HLP_MESSAGE_LIST_INBOX.html">การทำงานกับโฟลเดอร์อีเมล</target>
   </keywords>
   <keywords>
      <text FeatureID="-1">การตั้งค่าอีเมล</text>
      <target FeatureID="-1" href="FSE_HLP_LAUNCHER_SETTINGS.html">การตั้งค่าอีเมลทั่วไป</target>
      <target FeatureID="-1" href="FSE_HLP_POP_IMAP_SETT_MAIN.html">การตั้งค่าอีเมล</target>
      <target FeatureID="-1" href="FSE_HLP_MFE_SETTINGS_MAIN_VIEW.html">การตั้งค่าอีเมล</target>
   </keywords>
   <keywords>
      <text FeatureID="-1">การตั้งค่าอีเมลทั่วไป</text>
      <target FeatureID="-1" href="FSE_HLP_SETTINGS_GLOBAL.html">การตั้งค่าอีเมลทั่วไป</target>
   </keywords>
   <keywords>
      <text FeatureID="-1">อีเมล HTML</text>
      <target FeatureID="-1" href="FS_VIEWER_HLP_HTML_VIEW.html">อีเมลรูปแบบ HTML</target>
   </keywords>
   <keywords>
      <text FeatureID="-1">การตั้งค่าอีเมลขั้นสูง</text>
      <target FeatureID="-1" href="FSE_HLP_POP_IMAP_SETT_ADV.html">การตั้งค่าอีเมลขั้นสูง</target>
   </keywords>
   <keywords>
      <text FeatureID="-1">การตั้งค่าอีเมลเข้า</text>
      <target FeatureID="-1" href="FSE_HLP_POP_IMAP_SETT_INCOMING.html">การตั้งค่าอีเมลขาเข้า</target>
   </keywords>
   <keywords>
      <text FeatureID="-1">การตั้งค่าอีเมลขาออก</text>
      <target FeatureID="-1" href="FSE_HLP_POP_IMAP_SETT_OUTGOING.html">การตั้งค่าอีเมลขาออก</target>
   </keywords>
   <keywords>
      <text FeatureID="-1">การซิงโครไนซ์อีเมล</text>
      <target FeatureID="-1" href="FSE_HLP_POP_IMAP_SETT_WHAT.html">การเลือกเนื้อหาการซิงค์</target>
   </keywords>
   <keywords>
      <text FeatureID="-1">เวลาในการซิงโครไนซ์อีเมล</text>
      <target FeatureID="-1" href="FSE_HLP_POP_IMAP_SETT_WHEN.html">การเลือกเวลาการซิงค์</target>
      <target FeatureID="-1" href="FSE_HLP_MFE_SETTINGS_WHEN_SYNC.html">การเลือกเวลาการซิงค์</target>
      <target FeatureID="-1" href="FSE_HLP_SETTINGS_WHEN_SYNC.html">เวลาในการซิงโครไนซ์</target>
   </keywords>
   <keywords>
      <text FeatureID="-1">Mail for Exchange</text>
      <target FeatureID="-1" href="FSE_HLP_MFE_LAUNCHER_MAIN_VIEW.html">อีเมล Mail for Exchange</target>
   </keywords>
   <keywords>
      <text FeatureID="-1">รายละเอียดของอีเมล</text>
      <target FeatureID="-1" href="FS_VIEWER_HLP_DETAILS_VIEW.html">รายละเอียดข้อความ</target>
   </keywords>
   <keywords>
      <text FeatureID="-1">การตั้งค่าศูนย์ฝากข้อความขั้นสูง</text>
      <target FeatureID="-1" href="FSE_HLP_MFE_SETTINGS_ADVANCED.html">การตั้งค่าขั้นสูงสำหรับศูนย์ฝากข้อความ</target>
   </keywords>
   <keywords>
      <text FeatureID="-1">การตั้งค่าการซิงโครไนซ์อีเมล</text>
      <target FeatureID="-1" href="FSE_HLP_MFE_SETTINGS_PIM_APPS.html">การตั้งค่าการซิงโครไนซ์แอปพลิเคชั่น</target>
   </keywords>
   <keywords>
      <text FeatureID="-1">การซิงโครไนซ์ปฏิทิน</text>
      <target FeatureID="-1" href="FSE_HLP_MFE_CALENDAR_APP.html">การตั้งค่าการซิงโครไนซ์ปฏิทิน</target>
   </keywords>
   <keywords>
      <text FeatureID="-1">การซิงโึครไนซ์รายชื่อ,</text>
      <target FeatureID="-1" href="FSE_HLP_MFE_CONTACTS_APP.html">การตั้งค่าการซิงโครไนซ์รายชื่อ</target>
   </keywords>
   <keywords>
      <text FeatureID="-1">การตั้งค่าศูนย์ฝากข้อความ</text>
      <target FeatureID="-1" href="FSE_HLP_MFE_SETTINGS_MAILBOX.html">การตั้งค่าศูนย์ฝากข้อความทั่วไป</target>
   </keywords>
   <keywords>
      <text FeatureID="-1">เนื้อหาการซิงโครไนซ์อีเมล</text>
      <target FeatureID="-1" href="FSE_HLP_MFE_SETTINGS_WHAT_SYNC.html">การเลือกเนื้อหาการซิงค์</target>
   </keywords>
   <keywords>
      <text FeatureID="-1">การซิงโครไนซ์โฟลเดอร์อีเมล</text>
      <target FeatureID="-1" href="FSE_HLP_MFE_SETTINGS_FOLDER.html">การตั้งค่าสำหรับการซิงโครไนซ์</target>
   </keywords>
   <keywords>
      <text FeatureID="-1">การซิงโครไนซ์รายการสิ่งที่ต้องทำ</text>
      <target FeatureID="-1" href="FSE_HLP_MFE_TASKS_APP.html">การตั้งค่าการซิงโครไนซ์สิ่งที่ต้องทำ</target>
   </keywords>
   <keywords>
      <text FeatureID="-1">ไม่มีข้อความอีเมล</text>
      <target FeatureID="-1" href="FSE_HLP_MESSAGE_LIST_EMPTY.html">ไม่มีข้อความ</target>
   </keywords>
   <keywords>
      <text FeatureID="-1">ถาดออกอีเมล</text>
      <target FeatureID="-1" href="FSE_HLP_MESSAGE_LIST_OUTBOX.html">การทำงานกับถาดออก</target>
   </keywords>
   <keywords>
      <text FeatureID="-1">ค้นหาอีเมล</text>
      <target FeatureID="-1" href="FSE_HLP_MESSAGE_LIST_SEARCHING.html">การค้นหาอีเมล</target>
   </keywords>
   <keywords>
      <text FeatureID="-1">ผลการค้นหาอีเมล</text>
      <target FeatureID="-1" href="FSE_HLP_MESSAGE_LIST_SEARCHED.html">ผลลัพธ์ของการค้นหา</target>
   </keywords>
   <keywords>
      <text FeatureID="-1">การส่งอีเมล</text>
      <target FeatureID="-1" href="FS_EDITOR_HLP_MAIN_VIEW.html">การส่งอีเมล</target>
   </keywords>
   <keywords>
      <text FeatureID="-1">บริการ PIM</text>
      <target FeatureID="-1" href="FSE_HLP_SETTINGS_PIM_VIEW.html">บริการ PIM</target>
   </keywords>
   <keywords>
      <text FeatureID="-1">การซิงโครไนซ์แอปพลิเคชั่น</text>
      <target FeatureID="-1" href="FSE_HLP_SETTINGS_APPLICATIONS.html">การซิงโครไนซ์แอปพลิเคชั่น</target>
   </keywords>
   <keywords>
      <text FeatureID="-1">สิ่งที่แนบกับอีเมล</text>
      <target FeatureID="-1" href="FSE_HLP_ATTACHMENT_DOWNLOAD.html">การดูสิ่งที่แนบที่ดาวน์โหลด</target>
   </keywords>
   <keywords>
      <text FeatureID="-1">อีเมลที่ได้รับ</text>
      <target FeatureID="-1" href="FS_VIEWER_HLP_MAIN_VIEW.html">ทำงานกับอีเมลที่ได้รับ</target>
   </keywords>
   <keywords>
      <text FeatureID="-1">อีเมล, การตั้งค่า</text>
      <target FeatureID="-1" href="FSE_HLP_SETT.html">การตั้งค่า</target>
   </keywords>
   <keywords>
      <text FeatureID="-1">อีเมล, การตั้งค่าบัญชี</text>
      <target FeatureID="-1" href="FSE_HLP_ACCT_INFO.html">การตั้งค่าบัญชีอีเมล</target>
   </keywords>
   <keywords>
      <text FeatureID="-1">อีเมล, การซิงโครไนซ์</text>
      <target FeatureID="-1" href="FSE_HLP_SYNC_SETT.html">การตั้งค่าการซิงค์</target>
   </keywords>
</keywords>