<?xml version="1.0" encoding="UTF-8"?>
<keywords>
   <keywords>
      <text FeatureID="-1">merakam, bunyi</text>
      <target FeatureID="-1" href="VOREC_HLP_EMPTY_RECORDER.html">Rakam klip bunyi</target>
   </keywords>
   <keywords>
      <text FeatureID="-1">perakam suara</text>
      <target FeatureID="-1" href="VOREC_HLP_MAIN.html">Menggunakan Perakam suara</target>
   </keywords>
   <keywords>
      <text FeatureID="-1">merakam klip bunyi</text>
      <target FeatureID="-1" href="VOREC_HLP_MAIN.html">Menggunakan Perakam suara</target>
   </keywords>
   <keywords>
      <text FeatureID="-1">tetapan perakam suara</text>
      <target FeatureID="-1" href="VOREC_HLP_SETTINGS.html">Tetapan perakam suara</target>
   </keywords>
</keywords>