<?xml version="1.0" encoding="UTF-8"?><?xml-stylesheet  href="../../theme/xsl/index2html.xslt" type="text/xsl"?>
<topics FeatureID="-1" title="Web" compressed="true">
   <topicref FeatureID="-1" href="OSS_HLP_BM_ADDBM.html" navtitle="Tambah penanda buku"/>
   <topicref FeatureID="true_167" href="OSS_HLP_RSS_ADD.html" navtitle="Tambah suapan web"/>
   <topicref FeatureID="-1" href="OSS_HLP_PAGEVIEW.html" navtitle="Semak imbas web"/>
   <topicref FeatureID="-1" href="OSS_HLP_BM_MAIN.html" navtitle="Menyemak imbas penanda buku"/>
   <topicref FeatureID="true_167" href="OSS_HLP_RSS_EDIT.html" navtitle="Edit suapan web"/>
   <topicref FeatureID="-1" href="OSS_HLP_SETTINGS_GENERAL.html" navtitle="Tetapan umum"/>
   <topicref FeatureID="-1" href="OSS_HLP_SETTINGS_PAGE.html" navtitle="Tetapan halaman"/>
   <topicref FeatureID="-1" href="OSS_HLP_SETTINGS_PRIVACY.html" navtitle="Tetapan privasi"/>
   <topicref FeatureID="true_167" href="OSS_HLP_RSS_ARTICLE.html" navtitle="Artikel suapan Web"/>
   <topicref FeatureID="true_167" href="OSS_HLP_SETTINGS_RSS.html" navtitle="Tetapan suapan web"/>
   <topicref FeatureID="true_167" href="OSS_HLP_RSS_ARTICLELST.html" navtitle="Suapan web"/>
   <topicref FeatureID="-1" href="OSS_HLP_PAGEVIEW_EMBED.html" navtitle="Web dalam aplikasi"/>
   <topicref FeatureID="-1" href="OSS_HLP_SETTINGS_FOLDERS.html" navtitle="Tetapan web"/>
   <topicref FeatureID="true_167" href="OSS_HLP_RSS_MAIN.html" navtitle="Suapan Web dan blog"/>
   <topicref FeatureID="false_410" href="OSS_HLP_SHORTCUTS.html" navtitle="Pintasan bar alat"/>
</topics>