<?xml version="1.0" encoding="UTF-8"?>
<keywords>
   <keywords>
      <text FeatureID="-1">jegyzetek szerkesztése</text>
      <target FeatureID="-1" href="NMAKE_HLP_MEMO_VIEWER_EDIT.html">Jegyzetek szerk. alk.-okban</target>
   </keywords>
   <keywords>
      <text FeatureID="-1">jegyzetek fogadása</text>
      <target FeatureID="-1" href="NMAKE_HLP_MEMO_VIEWER.html">Fogadott jegyz. megtek.</target>
   </keywords>
   <keywords>
      <text FeatureID="-1">üzenetsablonok</text>
      <target FeatureID="-1" href="NMAKE_HLP_TEMPLATE_EDITOR.html">Üzenetsablon készítése</target>
   </keywords>
   <keywords>
      <text FeatureID="-1">üzenetsablonok készítése</text>
      <target FeatureID="-1" href="NMAKE_HLP_TEMPLATE_EDITOR.html">Üzenetsablon készítése</target>
      <target FeatureID="-1" href="NMAKE_HLP_TEMPLATE_EDITOR.html">Üzenetsablon készítése</target>
   </keywords>
   <keywords>
      <text FeatureID="-1">jegyzetlista</text>
      <target FeatureID="-1" href="NMAKE_HLP_MEMO_LIST.html">Jegyzetlista</target>
   </keywords>
   <keywords>
      <text FeatureID="-1">jegyzet írása</text>
      <target FeatureID="-1" href="NMAKE_HLP_MEMO_LIST.html">Jegyzetlista</target>
      <target FeatureID="-1" href="NMAKE_HLP_MEMO_EDITOR_APPS.html">Jegyzetek írása alkalmazásokban</target>
      <target FeatureID="-1" href="NMAKE_HLP_MEMO_EDITOR.html">Jegyzet írása</target>
   </keywords>
</keywords>