<?xml version="1.0" encoding="UTF-8"?>
<keywords>
   <keywords>
      <text FeatureID="-1">mengedit frekuensi yang dipratetap</text>
      <target FeatureID="-1" href="EQ_HLP_EDITING_VIEW.html">Mengedit frekuensi yang dipratetap</target>
   </keywords>
   <keywords>
      <text FeatureID="-1">penyama</text>
      <target FeatureID="-1" href="EQ_HLP_LIST_VIEW.html">Frekuensi yang dipratetap</target>
   </keywords>
   <keywords>
      <text FeatureID="-1">jalur frekuensi</text>
      <target FeatureID="-1" href="EQ_HLP_LIST_VIEW.html">Frekuensi yang dipratetap</target>
   </keywords>
   <keywords>
      <text FeatureID="-1">pilih frekuensi yang dipratetapkan</text>
      <target FeatureID="-1" href="EQ_HLP_LIST_VIEW.html">Frekuensi yang dipratetap</target>
   </keywords>
</keywords>