<?xml version="1.0" encoding="UTF-8"?>
<keywords>
   <keywords>
      <text FeatureID="-1">muistiinpanojen muokkaaminen</text>
      <target FeatureID="-1" href="NMAKE_HLP_MEMO_VIEWER_EDIT.html">Muistiinpanojen muokkaus sovelluksissa</target>
   </keywords>
   <keywords>
      <text FeatureID="-1">muistiinpanojen vastaanotto</text>
      <target FeatureID="-1" href="NMAKE_HLP_MEMO_VIEWER.html">Vast.ot. muist.panojen tarkastelu</target>
   </keywords>
   <keywords>
      <text FeatureID="-1">viestipohjat</text>
      <target FeatureID="-1" href="NMAKE_HLP_TEMPLATE_EDITOR.html">Viestipohjien kirjoitus</target>
   </keywords>
   <keywords>
      <text FeatureID="-1">viestipohjien luominen</text>
      <target FeatureID="-1" href="NMAKE_HLP_TEMPLATE_EDITOR.html">Viestipohjien kirjoitus</target>
   </keywords>
   <keywords>
      <text FeatureID="-1">viestipohjien kirjoittaminen</text>
      <target FeatureID="-1" href="NMAKE_HLP_TEMPLATE_EDITOR.html">Viestipohjien kirjoitus</target>
   </keywords>
   <keywords>
      <text FeatureID="-1">muistiinpanot</text>
      <target FeatureID="-1" href="NMAKE_HLP_MEMO_LIST.html">Muistiinpanot</target>
   </keywords>
   <keywords>
      <text FeatureID="-1">muistiinpanojen kirjoitus</text>
      <target FeatureID="-1" href="NMAKE_HLP_MEMO_LIST.html">Muistiinpanot</target>
      <target FeatureID="-1" href="NMAKE_HLP_MEMO_EDITOR_APPS.html">Muistiinp. kirj. sovelluksissa</target>
      <target FeatureID="-1" href="NMAKE_HLP_MEMO_EDITOR.html">Muistiinpanojen kirjoitus</target>
   </keywords>
</keywords>