<?xml version="1.0" encoding="UTF-8"?>
<keywords>
   <keywords>
      <text FeatureID="-1">Quickoffice, administrador de fitxers</text>
      <target FeatureID="-1" href="QFM_HLP_FILE_MENU.html">Administrador de fitxers</target>
   </keywords>
   <keywords>
      <text FeatureID="-1">Quickoffice</text>
      <target FeatureID="-1" href="QFM_HLP_LOC_MENU.html">Quickoffice</target>
   </keywords>
   <keywords>
      <text FeatureID="-1">Quickpoint</text>
      <target FeatureID="-1" href="QPOINT_HLP_EDIT_SLIDE_VIEW.html">Edició de diapositives</target>
      <target FeatureID="-1" href="QPOINT_HLP_REPLACE_VIEW.html">Cerca i substitució de text</target>
      <target FeatureID="-1" href="QPOINT_HLP_FIND_VIEW.html">Cercar text</target>
      <target FeatureID="-1" href="QPOINT_HLP_VIEW_SLIDE_VIEW.html">Mostrar diapositives</target>
   </keywords>
   <keywords>
      <text FeatureID="-1">Quickpoint, text</text>
      <target FeatureID="-1" href="QPOINT_HLP_EDIT_TEXT_VIEW.html">Edició de text</target>
   </keywords>
   <keywords>
      <text FeatureID="-1">Quickpoint, comentaris</text>
      <target FeatureID="-1" href="QPOINT_HLP_COMMENT_VIEW.html">Veure comentaris</target>
   </keywords>
   <keywords>
      <text FeatureID="-1">Quickpoint, notes</text>
      <target FeatureID="-1" href="QPOINT_HLP_VIEW_NOTES_VIEW.html">Mostrar notes</target>
   </keywords>
   <keywords>
      <text FeatureID="-1">Quickpoint, esquemes</text>
      <target FeatureID="-1" href="QPOINT_HLP_VIEW_OUTLINE_VIEW.html">Mostrar esquemes</target>
   </keywords>
   <keywords>
      <text FeatureID="-1">Quicksheet, cel·les</text>
      <target FeatureID="-1" href="QSHEET_HLP_CELLS_EDIT.html">Edició de cel·les</target>
      <target FeatureID="-1" href="QSHEET_HLP_VIEW_CELL.html">Mostrar cel·les</target>
   </keywords>
   <keywords>
      <text FeatureID="-1">Quicksheet, columnes</text>
      <target FeatureID="-1" href="QSHEET_HLP_EDIT_COLUMN.html">Edició de columnes</target>
   </keywords>
   <keywords>
      <text FeatureID="-1">Quicksheet, intervals</text>
      <target FeatureID="-1" href="QSHEET_HLP_EDIT_RANGE.html">Edició d'intervals</target>
   </keywords>
   <keywords>
      <text FeatureID="-1">Quicksheet, files</text>
      <target FeatureID="-1" href="QSHEET_HLP_EDIT_ROW.html">Edició de files</target>
   </keywords>
   <keywords>
      <text FeatureID="-1">Quicksheet</text>
      <target FeatureID="-1" href="QSHEET_HLP_REPLACE_VIEW.html">Cerca i substitució de text</target>
      <target FeatureID="-1" href="QSHEET_HLP_FIND_VIEW.html">Cercar text</target>
      <target FeatureID="-1" href="QSHEET_HLP_CELLS_VIEW.html">Mostrar fulls de càlcul</target>
   </keywords>
   <keywords>
      <text FeatureID="-1">Quickword</text>
      <target FeatureID="-1" href="QWORD_HLP_EDIT_MODE.html">Edició de documents</target>
      <target FeatureID="-1" href="QWORD_HLP_FIND_MODE.html">Cerca i substitució de text</target>
      <target FeatureID="-1" href="QWORD_HLP_VIEW_MODE.html">Mostrar documents</target>
      <target FeatureID="-1" href="QWORD_HLP_PAGE_VIEW.html">Mostrar format de pàgina</target>
   </keywords>
</keywords>