<?xml version="1.0" encoding="UTF-8"?>
<keywords>
   <keywords>
      <text FeatureID="-1">επεξεργασία προκαθορισμένων συχνοτήτων</text>
      <target FeatureID="-1" href="EQ_HLP_EDITING_VIEW.html">Επεξεργασία προκαθορισμένων συχνοτήτων</target>
   </keywords>
   <keywords>
      <text FeatureID="-1">ισοσταθμιστής</text>
      <target FeatureID="-1" href="EQ_HLP_LIST_VIEW.html">Προκαθορισμένες συχνότητες</target>
   </keywords>
   <keywords>
      <text FeatureID="-1">ζώνες συχνοτήτων</text>
      <target FeatureID="-1" href="EQ_HLP_LIST_VIEW.html">Προκαθορισμένες συχνότητες</target>
   </keywords>
   <keywords>
      <text FeatureID="-1">επιλογή προκαθορισμένων συχνοτήτων</text>
      <target FeatureID="-1" href="EQ_HLP_LIST_VIEW.html">Προκαθορισμένες συχνότητες</target>
   </keywords>
</keywords>