<?xml version="1.0" encoding="UTF-8"?>
<keywords>
   <keywords>
      <text FeatureID="true_298">atendedor de chamadas</text>
      <target FeatureID="true_298" href="SMSVO_HLP_CS_VIDEO_AND_XSP_VOIP.html">Caixa de correio de chamadas, de vídeo e de chamadas de Internet</target>
   </keywords>
   <keywords>
      <text FeatureID="true_298">Caixa de correio de chamadas de Internet</text>
      <target FeatureID="true_298" href="SMSVO_HLP_CS_VIDEO_AND_XSP_VOIP.html">Caixa de correio de chamadas, de vídeo e de chamadas de Internet</target>
   </keywords>
   <keywords>
      <text FeatureID="true_298">caixa de correio de chamadas</text>
      <target FeatureID="true_298" href="SMSVO_HLP_CS_VIDEO_AND_XSP_VOIP.html">Caixa de correio de chamadas, de vídeo e de chamadas de Internet</target>
   </keywords>
   <keywords>
      <text FeatureID="-1">chamadas pela Internet</text>
      <target FeatureID="-1" href="VOIP_HLP_CSC.html">Definições da rede</target>
      <target FeatureID="true_298" href="VOIP_HLP_SERVCATALOG.html">Catálogo de serviços</target>
      <target FeatureID="-1" href="SERVTAB_HLP_SETTINGS.html">Definições do separador Serviço</target>
   </keywords>
</keywords>