<?xml version="1.0" encoding="UTF-8"?>
<keywords>
   <keywords>
      <text FeatureID="-1">modifica di note</text>
      <target FeatureID="-1" href="NMAKE_HLP_MEMO_VIEWER_EDIT.html">Modificare note nelle applicazioni</target>
   </keywords>
   <keywords>
      <text FeatureID="-1">ricezione di note</text>
      <target FeatureID="-1" href="NMAKE_HLP_MEMO_VIEWER.html">Visualizzare note ricevute</target>
   </keywords>
   <keywords>
      <text FeatureID="-1">messaggi, modelli</text>
      <target FeatureID="-1" href="NMAKE_HLP_TEMPLATE_EDITOR.html">Scrivere modelli di messaggi</target>
   </keywords>
   <keywords>
      <text FeatureID="-1">creazione modelli messaggi</text>
      <target FeatureID="-1" href="NMAKE_HLP_TEMPLATE_EDITOR.html">Scrivere modelli di messaggi</target>
   </keywords>
   <keywords>
      <text FeatureID="-1">modelli di messaggi, scrittura</text>
      <target FeatureID="-1" href="NMAKE_HLP_TEMPLATE_EDITOR.html">Scrivere modelli di messaggi</target>
   </keywords>
   <keywords>
      <text FeatureID="-1">elenco note</text>
      <target FeatureID="-1" href="NMAKE_HLP_MEMO_LIST.html">Elenco note</target>
   </keywords>
   <keywords>
      <text FeatureID="-1">scrittura di note</text>
      <target FeatureID="-1" href="NMAKE_HLP_MEMO_LIST.html">Elenco note</target>
      <target FeatureID="-1" href="NMAKE_HLP_MEMO_EDITOR_APPS.html">Scrivere note nelle applicazioni</target>
      <target FeatureID="-1" href="NMAKE_HLP_MEMO_EDITOR.html">Scrivere note</target>
   </keywords>
</keywords>