<?xml version="1.0" encoding="UTF-8"?>
<keywords>
   <keywords>
      <text FeatureID="-1">e-mail, impostazioni account</text>
      <target FeatureID="-1" href="FSE_HLP_IMS_SETTINGS_ACCT_INFO.html">Impost. account e-mail</target>
   </keywords>
   <keywords>
      <text FeatureID="-1">impostazioni avanzate della casella e-mail</text>
      <target FeatureID="-1" href="FSE_HLP_IMS_SETTINGS_ADVANCED.html">Impostazioni avanzate della casella e-mail</target>
   </keywords>
   <keywords>
      <text FeatureID="-1">cas. e-mail, impostazioni</text>
      <target FeatureID="-1" href="FSE_HLP_IMS_SETTINGS_MAILBOX.html">Impostazioni della casella e-mail</target>
   </keywords>
   <keywords>
      <text FeatureID="-1">e-mail, contenuto sincronizzazione</text>
      <target FeatureID="-1" href="FSE_HLP_IMS_SETTINGS_WHAT_SYNC.html">Definizione del contenuto della sincronizzazione</target>
   </keywords>
   <keywords>
      <text FeatureID="-1">e-mail, ora sincronizzazione</text>
      <target FeatureID="-1" href="FSE_HLP_IMS_SETTINGS_WHEN_SYNC.html">Definizione dell'ora di sincronizzazione</target>
   </keywords>
   <keywords>
      <text FeatureID="-1">e-mail, sincronizzazione cartelle</text>
      <target FeatureID="-1" href="FSE_HLP_IMS_SETTINGS_FOLDER.html">Sincronizzazione delle cartelle e-mail</target>
   </keywords>
   <keywords>
      <text FeatureID="-1">e-mail, impostazioni servizio</text>
      <target FeatureID="-1" href="FSE_HLP_SETTINGS_INTELL_LIST.html">Impostazioni del servizio e-mail</target>
   </keywords>
   <keywords>
      <text FeatureID="-1">e-mail, impostazioni</text>
      <target FeatureID="-1" href="FSE_HLP_IMS_SETTINGS_MAIN_VIEW.html">Impostazioni e-mail</target>
   </keywords>
   <keywords>
      <text FeatureID="-1">Intellisync</text>
      <target FeatureID="-1" href="FSE_HLP_IMS_LAUNCHER_MAIN_VIEW.html">E-mail Intellisync</target>
   </keywords>
</keywords>