<?xml version="1.0" encoding="UTF-8"?>
<keywords>
   <keywords>
      <text FeatureID="-1">chứng chỉ</text>
      <target FeatureID="-1" href="AM_HLP_GENERAL_SETTINGS.html">Cài đặt chứng chỉ</target>
   </keywords>
   <keywords>
      <text FeatureID="-1">cài đặt, chứng chỉ</text>
      <target FeatureID="-1" href="AM_HLP_GENERAL_SETTINGS.html">Cài đặt chứng chỉ</target>
   </keywords>
   <keywords>
      <text FeatureID="-1">cài đặt ứng dụng</text>
      <target FeatureID="-1" href="AM_HLP_NOT_INSTALLED.html">Các tập tin cài đặt</target>
      <target FeatureID="-1" href="AM_HLP_APPLICATION.html">Quản lý ứng dụng</target>
   </keywords>
   <keywords>
      <text FeatureID="-1">những ứng dụng chưa cài đặt</text>
      <target FeatureID="-1" href="AM_HLP_NOT_INSTALLED.html">Các tập tin cài đặt</target>
   </keywords>
   <keywords>
      <text FeatureID="-1">ứng dụng đã c.đặt</text>
      <target FeatureID="-1" href="AM_HLP_INSTALLED.html">Ứng dụng đã c.đặt</target>
   </keywords>
   <keywords>
      <text FeatureID="-1">cài đặt phần mềm</text>
      <target FeatureID="-1" href="AM_HLP_APPLICATION.html">Quản lý ứng dụng</target>
   </keywords>
   <keywords>
      <text FeatureID="-1">xin phép</text>
      <target FeatureID="-1" href="AM_HLP_INSTALL_CAPAB.html">Xin phép</target>
   </keywords>
   <keywords>
      <text FeatureID="-1">cài đặt không tin cậy</text>
      <target FeatureID="-1" href="AM_HLP_INSTALL_UNTRUSTED.html">Cài đặt k0 tin cậy</target>
   </keywords>
</keywords>