<?xml version="1.0" encoding="UTF-8"?>
<keywords>
   <keywords>
      <text FeatureID="-1">пошук</text>
      <target FeatureID="-1" href="SEARCH_HLP_INDEVICE_MAIN.html">Пошук</target>
   </keywords>
   <keywords>
      <text FeatureID="-1">результати пошуку</text>
      <target FeatureID="-1" href="SEARCH_HLP_SINGLE_RE.html">Результати пошуку</target>
      <target FeatureID="-1" href="SEARCH_HLP_GROUPED.html">Результати пошуку в категоріях</target>
   </keywords>
</keywords>