<?xml version="1.0" encoding="UTF-8"?>
<keywords>
   <keywords>
      <text FeatureID="-1">teme audio</text>
      <target FeatureID="-1" href="AUDIOTHEME_HLP_EVENTGROUPS.html">Schimbarea temelor audio</target>
      <target FeatureID="-1" href="SET_HLP_AUDIO_THEME_EVENTSLIST.html">Sunete pentru evenimetele aparatului</target>
   </keywords>
   <keywords>
      <text FeatureID="-1">personalizare aparat</text>
      <target FeatureID="-1" href="AUDIOTHEME_HLP_EVENTGROUPS.html">Schimbarea temelor audio</target>
      <target FeatureID="-1" href="SET_HLP_AUDIO_THEME_EVENTSLIST.html">Sunete pentru evenimetele aparatului</target>
   </keywords>
   <keywords>
      <text FeatureID="-1">sunete aparat</text>
      <target FeatureID="-1" href="AUDIOTHEME_HLP_EVENTGROUPS.html">Schimbarea temelor audio</target>
      <target FeatureID="-1" href="SET_HLP_AUDIO_THEME_EVENTSLIST.html">Sunete pentru evenimetele aparatului</target>
   </keywords>
</keywords>