<?xml version="1.0" encoding="UTF-8"?>
<keywords>
   <keywords>
      <text FeatureID="-1">ข้อมูล GPS</text>
      <target FeatureID="-1" href="HLP_BLID_NAVIGATION.html">หน้าจอการนำทาง</target>
      <target FeatureID="false_112" href="BLID_HLP_WAYPOINTS.html">ที่ตั้งที่ถูกจัดเก็บ</target>
      <target FeatureID="-1" href="HLP_BLID_TRIPMETER.html">หน้าจอระยะทางของการเดินทาง</target>
   </keywords>
   <keywords>
      <text FeatureID="-1">การนำทางไปยังจุดหมายปลายทาง</text>
      <target FeatureID="-1" href="HLP_BLID_NAVIGATION.html">หน้าจอการนำทาง</target>
   </keywords>
   <keywords>
      <text FeatureID="false_112">การจัดเก็บสถานที่</text>
      <target FeatureID="false_112" href="BLID_HLP_WAYPOINTS.html">ที่ตั้งที่ถูกจัดเก็บ</target>
   </keywords>
   <keywords>
      <text FeatureID="-1">การตั้งค่าตัวนำทาง</text>
      <target FeatureID="-1" href="BLID_HLP_SETTINGS.html">การตั้งค่าข้อมูล GPS</target>
   </keywords>
   <keywords>
      <text FeatureID="-1">การตั้งค่าข้อมูล GPS</text>
      <target FeatureID="-1" href="BLID_HLP_SETTINGS.html">การตั้งค่าข้อมูล GPS</target>
   </keywords>
   <keywords>
      <text FeatureID="-1">ข้อมูลการเดินทาง</text>
      <target FeatureID="-1" href="HLP_BLID_TRIPMETER.html">หน้าจอระยะทางของการเดินทาง</target>
      <target FeatureID="-1" href="HLP_BLID_TRIPMETER.html">หน้าจอระยะทางของการเดินทาง</target>
   </keywords>
</keywords>