<?xml version="1.0" encoding="UTF-8"?>
<keywords>
   <keywords>
      <text FeatureID="true_1116">sende en kalenderpost</text>
      <target FeatureID="true_1116" href="SMART_HLP_CALENDAREDITOR.html">Sende en kalenderpost</target>
   </keywords>
   <keywords>
      <text FeatureID="true_1114">modtage en kalenderpost</text>
      <target FeatureID="true_1114" href="SMART_HLP_CALENDARVIEWER.html">Modtaget kalenderpost</target>
   </keywords>
   <keywords>
      <text FeatureID="true_1114">kalender­poster</text>
      <target FeatureID="true_1114" href="SMART_HLP_CALPULLMESVIEWER.html">Hente kalen­derposter</target>
   </keywords>
   <keywords>
      <text FeatureID="true_1117 true_1115">visitkort</text>
      <target FeatureID="true_1117" href="SMART_HLP_BUSINESSEDITOR.html">Sende visitkort</target>
      <target FeatureID="true_1115" href="SMART_HLP_BUSINESSVIEWER.html">Modtaget visitkort</target>
      <target FeatureID="true_1115" href="SMART_HLP_BUSPULLMESVIEWER.html">Hente visitkort</target>
   </keywords>
   <keywords>
      <text FeatureID="true_1111">ringetoner</text>
      <target FeatureID="true_1111" href="SMART_HLP_RINGVIEWER.html">Modtaget ringetone</target>
   </keywords>
   <keywords>
      <text FeatureID="true_1110">operatør­logoer</text>
      <target FeatureID="true_1110" href="SMART_HLP_OPLOGOVIEWER.html">Modtaget operatørlogo</target>
   </keywords>
   <keywords>
      <text FeatureID="true_1106">bogmærker</text>
      <target FeatureID="true_1106" href="SMART_HLP_ONEBOOKVIEWER.html">Modtaget bogmærke</target>
   </keywords>
   <keywords>
      <text FeatureID="true_1112">modtage billeder</text>
      <target FeatureID="true_1112" href="SMART_HLP_GMSVIEWER.html">Se grafik­beskeder</target>
   </keywords>
   <keywords>
      <text FeatureID="true_1112">grafik­beskeder</text>
      <target FeatureID="true_1112" href="SMART_HLP_GMSVIEWER.html">Se grafik­beskeder</target>
   </keywords>
   <keywords>
      <text FeatureID="true_1537">fjerndrev, konfiguration</text>
      <target FeatureID="true_1537" href="SMART_HLP_REMOTEDRIVES_VIEWER.html">Modtage konfigurationer af fjerndrev</target>
      <target FeatureID="true_1537" href="SMART_HLP_REMOTEDRIVES_EDITOR.html">Sende konfigurationer af fjerndrev</target>
   </keywords>
</keywords>