<?xml version="1.0" encoding="UTF-8"?>
<keywords>
   <keywords>
      <text FeatureID="-1">orologio, allarmi</text>
      <target FeatureID="-1" href="CLK_HLP_ALARM_EDITOR.html">Editor sveglia</target>
      <target FeatureID="-1" href="CLK_HLP_REAL_TIME_CLOCK_IN.html">Vista principale Orologio</target>
   </keywords>
   <keywords>
      <text FeatureID="-1">sveglia</text>
      <target FeatureID="-1" href="CLK_HLP_ALARM_EDITOR.html">Editor sveglia</target>
      <target FeatureID="-1" href="CLK_HLP_REAL_TIME_CLOCK_IN.html">Vista principale Orologio</target>
   </keywords>
   <keywords>
      <text FeatureID="-1">orologio</text>
      <target FeatureID="-1" href="CLK_HLP_CNTDWN.html">Conteggio alla rovescia</target>
      <target FeatureID="-1" href="CLK_HLP_WRLD_CLK.html">Orologio mondiale</target>
   </keywords>
   <keywords>
      <text FeatureID="-1">timer</text>
      <target FeatureID="-1" href="CLK_HLP_CNTDWN.html">Conteggio alla rovescia</target>
   </keywords>
   <keywords>
      <text FeatureID="-1">data e ora, impostazioni</text>
      <target FeatureID="-1" href="CLK_HLP_SETTINGS.html">Impostazioni di data e ora</target>
   </keywords>
   <keywords>
      <text FeatureID="-1">orologio, impostazioni</text>
      <target FeatureID="-1" href="CLK_HLP_SETTINGS.html">Impostazioni di data e ora</target>
   </keywords>
   <keywords>
      <text FeatureID="-1">orologio, fusi orari</text>
      <target FeatureID="-1" href="CLK_HLP_REAL_TIME_CLOCK_AN.html">Ora locale</target>
   </keywords>
   <keywords>
      <text FeatureID="-1">ora locale e fuso orario</text>
      <target FeatureID="-1" href="CLK_HLP_REAL_TIME_CLOCK_AN.html">Ora locale</target>
   </keywords>
   <keywords>
      <text FeatureID="-1">cronometro</text>
      <target FeatureID="-1" href="CCLK_HLP_STPWTCH.html">Cronometro</target>
   </keywords>
   <keywords>
      <text FeatureID="-1">città, ore</text>
      <target FeatureID="-1" href="CLK_HLP_WRLD_CLK.html">Orologio mondiale</target>
   </keywords>
   <keywords>
      <text FeatureID="-1">orologio mondiale</text>
      <target FeatureID="-1" href="CLK_HLP_WRLD_CLK.html">Orologio mondiale</target>
   </keywords>
</keywords>