<?xml version="1.0" encoding="UTF-8"?>
<keywords>
   <keywords>
      <text FeatureID="-1">голосовые команды</text>
      <target FeatureID="true_72" href="HLP_VC_SIND_FOLDER.html">Экран приложения</target>
      <target FeatureID="true_72" href="HLP_VC_SIND_MAIN.html">Голосовые команды</target>
      <target FeatureID="-1" href="VCINFO_HLP_MAINVIEW.html">Для контактов</target>
   </keywords>
   <keywords>
      <text FeatureID="-1">параметры голосовых команд</text>
      <target FeatureID="-1" href="HLP_VC_SET.html">Параметры голосовых команд</target>
   </keywords>
</keywords>