<?xml version="1.0" encoding="UTF-8"?>
<keywords>
   <keywords>
      <text FeatureID="-1">uppdateringsprogramvara</text>
      <target FeatureID="-1" href="SWUPDATE_HLP_MAIN.html">Programuppdatering</target>
      <target FeatureID="-1" href="SWUPDATE_HLP_MAIN.html">Programuppdatering</target>
   </keywords>
   <keywords>
      <text FeatureID="-1">inställningar för programuppdatering</text>
      <target FeatureID="-1" href="SWUPDATE_HLP_SETTINGS.html">Inställningar för programuppdatering</target>
   </keywords>
</keywords>