<?xml version="1.0" encoding="UTF-8"?>
<keywords>
   <keywords>
      <text FeatureID="true_1091">редактор USSD</text>
      <target FeatureID="true_1091" href="USSD_HLP_EDITOR.html">Служебные команды</target>
   </keywords>
   <keywords>
      <text FeatureID="true_1091">служебные команды</text>
      <target FeatureID="true_1091" href="USSD_HLP_EDITOR.html">Служебные команды</target>
   </keywords>
   <keywords>
      <text FeatureID="true_1091">услуги сети</text>
      <target FeatureID="true_1091" href="USSD_HLP_EDITOR.html">Служебные команды</target>
   </keywords>
</keywords>