<?xml version="1.0" encoding="UTF-8"?>
<keywords>
   <keywords>
      <text FeatureID="-1">synchronizace</text>
      <target FeatureID="-1" href="DS_HLP_MAIN_VIEW.html">Synchronizace dat</target>
   </keywords>
   <keywords>
      <text FeatureID="-1">synchronizační profily</text>
      <target FeatureID="-1" href="DS_HLP_MAIN_VIEW.html">Synchronizace dat</target>
   </keywords>
   <keywords>
      <text FeatureID="-1">synchronizační profil, nastavení</text>
      <target FeatureID="-1" href="DS_HLP_SETTINGS.html">Úprava synchronizačních profilů</target>
   </keywords>
   <keywords>
      <text FeatureID="-1">nastavení synchronizace</text>
      <target FeatureID="-1" href="DS_HLP_SETTINGS_CAL.html">Nastavení synchronizace kalendáře</target>
      <target FeatureID="-1" href="DS_HLP_SETTINGS_CNT.html">Nastavení synchronizace kontaktů</target>
      <target FeatureID="-1" href="DS_HLP_SETTINGS_NOTES.html">Nastavení synchronizace poznámek</target>
      <target FeatureID="-1" href="DS_HLP_SETTINGS_SMS.html">Nastavení synchronizace SMS</target>
      <target FeatureID="true_44" href="DS_HLP_SETTINGS_SYNCML.html">Synchronizace e-mailu, nastavení</target>
   </keywords>
</keywords>