<?xml version="1.0" encoding="UTF-8"?>
<keywords>
   <keywords>
      <text FeatureID="-1">směnné kurzy</text>
      <target FeatureID="-1" href="CNV_HLP_RATES.html">Nastavení měny</target>
   </keywords>
   <keywords>
      <text FeatureID="-1">základní měna</text>
      <target FeatureID="-1" href="CNV_HLP_RATES.html">Nastavení měny</target>
   </keywords>
   <keywords>
      <text FeatureID="-1">měna, konverze</text>
      <target FeatureID="-1" href="CNV_HLP_RATES.html">Nastavení měny</target>
   </keywords>
   <keywords>
      <text FeatureID="-1">převodník</text>
      <target FeatureID="-1" href="CNV_HLP_MAIN_STATE.html">Konverze jednotek</target>
   </keywords>
   <keywords>
      <text FeatureID="-1">konverze měn</text>
      <target FeatureID="-1" href="CNV_HLP_MAIN_STATE.html">Konverze jednotek</target>
   </keywords>
</keywords>