<?xml version="1.0" encoding="UTF-8"?>
<keywords>
   <keywords>
      <text FeatureID="-1">GPS-дані</text>
      <target FeatureID="-1" href="HLP_BLID_NAVIGATION.html">Вікно навігації</target>
      <target FeatureID="false_112" href="BLID_HLP_WAYPOINTS.html">Збережені розташування</target>
      <target FeatureID="-1" href="HLP_BLID_TRIPMETER.html">Вікно відстані подорожі</target>
   </keywords>
   <keywords>
      <text FeatureID="-1">навігація до пункту призначення</text>
      <target FeatureID="-1" href="HLP_BLID_NAVIGATION.html">Вікно навігації</target>
   </keywords>
   <keywords>
      <text FeatureID="false_112">збереження розташувань</text>
      <target FeatureID="false_112" href="BLID_HLP_WAYPOINTS.html">Збережені розташування</target>
   </keywords>
   <keywords>
      <text FeatureID="-1">установки навігатора</text>
      <target FeatureID="-1" href="BLID_HLP_SETTINGS.html">Установки GPS-даних</target>
   </keywords>
   <keywords>
      <text FeatureID="-1">установки GPS-даних</text>
      <target FeatureID="-1" href="BLID_HLP_SETTINGS.html">Установки GPS-даних</target>
   </keywords>
   <keywords>
      <text FeatureID="-1">інформація про подорож</text>
      <target FeatureID="-1" href="HLP_BLID_TRIPMETER.html">Вікно відстані подорожі</target>
      <target FeatureID="-1" href="HLP_BLID_TRIPMETER.html">Вікно відстані подорожі</target>
   </keywords>
</keywords>