<?xml version="1.0" encoding="UTF-8"?>
<keywords>
   <keywords>
      <text FeatureID="-1">відтворення Flash-файлів</text>
      <target FeatureID="-1" href="FLITE_HLP_STOPPED.html">Припинення відтворення Flash-файлу</target>
      <target FeatureID="-1" href="FLITE_HLP_VIEWER_PAUSED.html">Призупинення відтворення Flash-файлу</target>
      <target FeatureID="-1" href="FLITE_HLP_VIEWER_PLAY.html">Відтворення Flash-файлів</target>
   </keywords>
   <keywords>
      <text FeatureID="-1">Flash-плеєр</text>
      <target FeatureID="-1" href="FLITE_HLP_STOPPED.html">Припинення відтворення Flash-файлу</target>
      <target FeatureID="-1" href="FLITE_HLP_VIEWER_PAUSED.html">Призупинення відтворення Flash-файлу</target>
      <target FeatureID="-1" href="FLITE_HLP_VIEWER_PLAY.html">Відтворення Flash-файлів</target>
   </keywords>
</keywords>