<?xml version="1.0" encoding="UTF-8"?><?xml-stylesheet  href="../../theme/xsl/index2html.xslt" type="text/xsl"?>
<topics FeatureID="-1" title="Video's &amp; tv" compressed="true">
   <topicref FeatureID="-1" href="IPTV_HLP_MAIN_STATE.html" navtitle="Video's &amp; tv"/>
   <topicref FeatureID="-1" href="IPTV_HLP_VODCAST_MAIN.html" navtitle="Videofeeds"/>
   <topicref FeatureID="-1" href="IPTV_HLP_SERVICE_SELECTION_VOD.html" navtitle="Videodiensten selecteren"/>
   <topicref FeatureID="-1" href="IPTV_HLP_VOD_CATEGORIES.html" navtitle="Videocategorieën"/>
   <topicref FeatureID="-1" href="IPTV_HLP_VOD.html" navtitle="Videoclips weergeven en downloaden"/>
   <topicref FeatureID="-1" href="IPTV_HLP_SCHEDULE_DOWNLOAD.html" navtitle="Downloads plannen"/>
   <topicref FeatureID="-1" href="IPTV_HLP_STORAGE.html" navtitle="Mijn video's"/>
   <topicref FeatureID="-1" href="IPTV_HLP_SETTINGS.html" navtitle="Instellingen voor Video's &amp; tv"/>
   <topicref FeatureID="-1" href="IPTV_HLP_SERVICE_SEL_VODCAST.html" navtitle="Videofeeds selecteren"/>
   <topicref FeatureID="-1" href="IPTV_HLP_ADD_SERVICE.html" navtitle="Videofeeds toevoegen"/>
</topics>