<?xml version="1.0" encoding="UTF-8"?>
<keywords>
   <keywords>
      <text FeatureID="-1">video's &amp; tv</text>
      <target FeatureID="-1" href="IPTV_HLP_MAIN_STATE.html">Video's &amp; tv</target>
      <target FeatureID="-1" href="IPTV_HLP_VODCAST_MAIN.html">Videofeeds</target>
      <target FeatureID="-1" href="IPTV_HLP_SERVICE_SELECTION_VOD.html">Videodiensten selecteren</target>
      <target FeatureID="-1" href="IPTV_HLP_VOD_CATEGORIES.html">Videocategorieën</target>
      <target FeatureID="-1" href="IPTV_HLP_VOD.html">Videoclips weergeven en downloaden</target>
      <target FeatureID="-1" href="IPTV_HLP_SCHEDULE_DOWNLOAD.html">Downloads plannen</target>
      <target FeatureID="-1" href="IPTV_HLP_STORAGE.html">Mijn video's</target>
      <target FeatureID="-1" href="IPTV_HLP_SERVICE_SEL_VODCAST.html">Videofeeds selecteren</target>
      <target FeatureID="-1" href="IPTV_HLP_ADD_SERVICE.html">Videofeeds toevoegen</target>
   </keywords>
   <keywords>
      <text FeatureID="-1">videofeeds</text>
      <target FeatureID="-1" href="IPTV_HLP_VODCAST_MAIN.html">Videofeeds</target>
      <target FeatureID="-1" href="IPTV_HLP_VOD_CATEGORIES.html">Videocategorieën</target>
      <target FeatureID="-1" href="IPTV_HLP_SERVICE_SEL_VODCAST.html">Videofeeds selecteren</target>
      <target FeatureID="-1" href="IPTV_HLP_ADD_SERVICE.html">Videofeeds toevoegen</target>
   </keywords>
   <keywords>
      <text FeatureID="-1">downloads, videoclips</text>
      <target FeatureID="-1" href="IPTV_HLP_VOD.html">Videoclips weergeven en downloaden</target>
      <target FeatureID="-1" href="IPTV_HLP_SCHEDULE_DOWNLOAD.html">Downloads plannen</target>
   </keywords>
   <keywords>
      <text FeatureID="-1">video's &amp; tv, instellingen</text>
      <target FeatureID="-1" href="IPTV_HLP_SETTINGS.html">Instellingen voor Video's &amp; tv</target>
   </keywords>
   <keywords>
      <text FeatureID="-1">instellingen, video</text>
      <target FeatureID="-1" href="IPTV_HLP_SETTINGS.html">Instellingen voor Video's &amp; tv</target>
   </keywords>
</keywords>