<?xml version="1.0" encoding="UTF-8"?><?xml-stylesheet  href="../../theme/xsl/index2html.xslt" type="text/xsl"?>
<topics FeatureID="-1" title="日历" compressed="true">
   <topicref FeatureID="-1" href="CALE_HLP_NOTE_ANNIVERSARY.html" navtitle="纪念日项"/>
   <topicref FeatureID="-1" href="CALE_HLP_NOTE_VIEWER.html" navtitle="日历项"/>
   <topicref FeatureID="-1" href="CALE_HLP_SETTINGS.html" navtitle="日历设置"/>
   <topicref FeatureID="-1" href="CALE_HLP_DAY_VIEW.html" navtitle="日视图"/>
   <topicref FeatureID="-1" href="CALE_HLP_NOTE_MEETING.html" navtitle="会议项"/>
   <topicref FeatureID="-1" href="CALE_HLP_NOTE_DAY.html" navtitle="备忘项"/>
   <topicref FeatureID="-1" href="CALE_HLP_MONTH_VIEW.html" navtitle="月视图"/>
   <topicref FeatureID="-1" href="CALE_HLP_TODO_NOTE.html" navtitle="待办事项"/>
   <topicref FeatureID="-1" href="CALE_HLP_TODO_VIEW.html" navtitle="待办事项视图"/>
   <topicref FeatureID="-1" href="CALE_HLP_WEEK_VIEW.html" navtitle="周视图"/>
</topics>