<?xml version="1.0" encoding="UTF-8"?>
<keywords>
   <keywords>
      <text FeatureID="-1">日历</text>
      <target FeatureID="-1" href="CALE_HLP_NOTE_VIEWER.html">日历项</target>
      <target FeatureID="-1" href="CALE_HLP_DAY_VIEW.html">日视图</target>
      <target FeatureID="-1" href="CALE_HLP_NOTE_MEETING.html">会议项</target>
      <target FeatureID="-1" href="CALE_HLP_MONTH_VIEW.html">月视图</target>
      <target FeatureID="-1" href="CALE_HLP_TODO_NOTE.html">待办事项</target>
      <target FeatureID="-1" href="CALE_HLP_TODO_VIEW.html">待办事项视图</target>
      <target FeatureID="-1" href="CALE_HLP_WEEK_VIEW.html">周视图</target>
      <target FeatureID="-1" href="CALE_HLP_CALENDAR_DATABASE_SETTINGS.html">多个日历设置</target>
      <target FeatureID="-1" href="CALE_HLP_CALE_MAN_VIEW.html">“日历管理”视图</target>
      <target FeatureID="-1" href="CALE_HLP_ATTACH_VIEW.html">“附件”视图</target>
      <target FeatureID="-1" href="CALE_HLP_MAV.html">“错过的闹铃”视图</target>
   </keywords>
   <keywords>
      <text FeatureID="-1">会议</text>
      <target FeatureID="-1" href="CALE_HLP_NOTE_VIEWER.html">日历项</target>
      <target FeatureID="-1" href="CALE_HLP_NOTE_MEETING.html">会议项</target>
   </keywords>
   <keywords>
      <text FeatureID="-1">待办事项备忘</text>
      <target FeatureID="-1" href="CALE_HLP_NOTE_VIEWER.html">日历项</target>
      <target FeatureID="-1" href="CALE_HLP_TODO_NOTE.html">待办事项</target>
   </keywords>
   <keywords>
      <text FeatureID="-1">日历设置</text>
      <target FeatureID="-1" href="CALE_HLP_SETTINGS.html">日历设置</target>
   </keywords>
   <keywords>
      <text FeatureID="-1">待办事项列表</text>
      <target FeatureID="-1" href="CALE_HLP_TODO_VIEW.html">待办事项视图</target>
   </keywords>
   <keywords>
      <text FeatureID="-1">设置, 日历</text>
      <target FeatureID="-1" href="CALE_HLP_CALENDAR_DATABASE_SETTINGS.html">多个日历设置</target>
   </keywords>
   <keywords>
      <text FeatureID="-1">附件</text>
      <target FeatureID="-1" href="CALE_HLP_ATTACH_VIEW.html">“附件”视图</target>
   </keywords>
   <keywords>
      <text FeatureID="-1">闹铃, 日历备忘</text>
      <target FeatureID="-1" href="CALE_HLP_MAV.html">“错过的闹铃”视图</target>
   </keywords>
</keywords>