<?xml version="1.0" encoding="UTF-8"?>
<keywords>
   <keywords>
      <text FeatureID="-1">비디오 공유</text>
      <target FeatureID="true_208" href="MSH_HLP_LIVE.html">라이브 비디오 공유</target>
      <target FeatureID="-1" href="MSH_HLP_CLIP.html">동영상 공유</target>
      <target FeatureID="-1" href="MSH_HLP_SETTINGS.html">비디오 공유 설정</target>
      <target FeatureID="-1" href="MSH_HLP_RECEIVE.html">공유한 비디오 보기</target>
   </keywords>
</keywords>