<?xml version="1.0" encoding="UTF-8"?>
<keywords>
   <keywords>
      <text FeatureID="true_1604">text input</text>
      <target FeatureID="true_1604" href="HWR_HLP_MAIN_VIEW.html">Reconhecimento de caracteres manuscritos</target>
   </keywords>
   <keywords>
      <text FeatureID="true_1604">reconhecimento de caracteres manuscritos</text>
      <target FeatureID="true_1604" href="HWR_HLP_MAIN_VIEW.html">Reconhecimento de caracteres manuscritos</target>
   </keywords>
   <keywords>
      <text FeatureID="true_1603 true_410">entrada por toque</text>
      <target FeatureID="true_1603" href="VQWERTY_HLP_MAIN_VIEW.html">Teclado virtual</target>
      <target FeatureID="true_410" href="VITU_HLP_MAIN_VIEW.html">Teclado numérico virtual</target>
   </keywords>
   <keywords>
      <text FeatureID="true_410">teclado numérico virtual</text>
      <target FeatureID="true_410" href="VITU_HLP_MAIN_VIEW.html">Teclado numérico virtual</target>
   </keywords>
</keywords>