<?xml version="1.0" encoding="UTF-8"?>
<keywords>
   <keywords>
      <text FeatureID="-1">nastavení, kryt</text>
      <target FeatureID="-1" href="SET_HLP_SETTINGS_KEYPAD_COVER.html">Nastavení ovládání vysouvání</target>
   </keywords>
   <keywords>
      <text FeatureID="-1">nastavení krytu</text>
      <target FeatureID="-1" href="SET_HLP_SETTINGS_KEYPAD_COVER.html">Nastavení ovládání vysouvání</target>
   </keywords>
   <keywords>
      <text FeatureID="-1">správa přístroje</text>
      <target FeatureID="-1" href="CP_HLP_DEVICE_MANAGEMENT.html">Správa přístroje</target>
   </keywords>
   <keywords>
      <text FeatureID="true_109">EAP (Extensible Authentication Protocol)</text>
      <target FeatureID="true_109" href="SET_HLP_WLAN_EAP_SIM.html">Nastavení EAP-SIM</target>
   </keywords>
   <keywords>
      <text FeatureID="true_109">nastavení, WLAN</text>
      <target FeatureID="true_109" href="SET_HLP_WLAN_EAP_SIM.html">Nastavení EAP-SIM</target>
   </keywords>
   <keywords>
      <text FeatureID="-1">omezení přístupových bodů</text>
      <target FeatureID="-1" href="ACL_HLP_MAIN.html">Omezení připojení</target>
   </keywords>
   <keywords>
      <text FeatureID="-1">připojení, nastavení</text>
      <target FeatureID="-1" href="SIP_HLP_PROF_PARAMS.html">Nastavení profilu SIP</target>
      <target FeatureID="-1" href="SIP_HLP_MAIN.html">Profily SIP</target>
      <target FeatureID="-1" href="SET_HLP_CONN_DEST_VIEW.html">Zobrazení cílových umístění</target>
      <target FeatureID="-1" href="SET_HLP_DEFAULT_CONN.html">Výchozí připojení</target>
      <target FeatureID="-1" href="SET_HLP_CONN_METHODS_VIEW.html">Zobrazení přístupových bodů</target>
      <target FeatureID="true_1581" href="RD_HLP_REMOTE_DRIVE_CONFIG.html">Nastavení vzdálené jednotky</target>
      <target FeatureID="true_1581" href="RD_HLP_REMOTE_DRIVES.html">Vzdálené jednotky</target>
   </keywords>
   <keywords>
      <text FeatureID="-1">nastavení SIP</text>
      <target FeatureID="-1" href="SIP_HLP_PROF_PARAMS.html">Nastavení profilu SIP</target>
      <target FeatureID="-1" href="SIP_HLP_MAIN.html">Profily SIP</target>
      <target FeatureID="-1" href="SIP_HLP_PROXY_PARAMS.html">Nastavení proxy SIP</target>
      <target FeatureID="-1" href="SIP_HLP_REGISTRAR_PARAM.html">Nastavení registračního serveru</target>
   </keywords>
   <keywords>
      <text FeatureID="-1">registrační server</text>
      <target FeatureID="-1" href="SIP_HLP_REGISTRAR_PARAM.html">Nastavení registračního serveru</target>
   </keywords>
   <keywords>
      <text FeatureID="-1">přístupové body</text>
      <target FeatureID="-1" href="HLP_OCC_CONN_SETTINGS.html">Síťová připojení</target>
      <target FeatureID="-1" href="SET_HLP_CONN_METHODS_VIEW.html">Zobrazení přístupových bodů</target>
   </keywords>
   <keywords>
      <text FeatureID="-1">nastavení, připojení</text>
      <target FeatureID="-1" href="HLP_OCC_CONN_SETTINGS.html">Síťová připojení</target>
   </keywords>
   <keywords>
      <text FeatureID="-1">nastavení cílového umístění</text>
      <target FeatureID="-1" href="SET_HLP_CONN_DEST_VIEW.html">Zobrazení cílových umístění</target>
   </keywords>
   <keywords>
      <text FeatureID="-1">výchozí připojení</text>
      <target FeatureID="-1" href="SET_HLP_DEFAULT_CONN.html">Výchozí připojení</target>
   </keywords>
   <keywords>
      <text FeatureID="-1">Přístupové body VPN</text>
      <target FeatureID="true_99" href="SET_HLP_VPN_DEST_ASSOC_VIEW.html">Připojení VPN</target>
      <target FeatureID="-1" href="SET_HLP_VPN_AP_SETTINGS_VIEW.html">Úpravy přístupových bodů VPN</target>
   </keywords>
   <keywords>
      <text FeatureID="-1">připojení aplikací</text>
      <target FeatureID="-1" href="SET_HLP_APP_DEST_ASSOC_VIEW.html">Připojení aplikací</target>
   </keywords>
   <keywords>
      <text FeatureID="-1">nastavení aplikace</text>
      <target FeatureID="-1" href="CP_HLP_APPILICATION_SETTINGS.html">Nastavení aplikace</target>
   </keywords>
   <keywords>
      <text FeatureID="-1">hovory, nastavení</text>
      <target FeatureID="-1" href="SCP_HLP_CALL.html">Nastavení volání</target>
   </keywords>
   <keywords>
      <text FeatureID="-1">nastavení, hovory</text>
      <target FeatureID="-1" href="SCP_HLP_CALL.html">Nastavení volání</target>
   </keywords>
   <keywords>
      <text FeatureID="-1">připojení</text>
      <target FeatureID="-1" href="CP_HLP_CONNECTIVITY.html">Nastavení připojení</target>
   </keywords>
   <keywords>
      <text FeatureID="-1">ovládací panel</text>
      <target FeatureID="-1" href="CP_HLP_DISPLAY.html">Nastavení displeje</target>
      <target FeatureID="__DUAL_LANGUAGE_SUPPORT=true" href="CP_HLP_WRITING_LANGUAGE.html">Jazyk psaní</target>
   </keywords>
   <keywords>
      <text FeatureID="-1">displej, nastavení</text>
      <target FeatureID="-1" href="CP_HLP_DISPLAY.html">Nastavení displeje</target>
   </keywords>
   <keywords>
      <text FeatureID="-1">obecná nastavení</text>
      <target FeatureID="-1" href="CP_HLP_DEVICE.html">Nastavení přístroje</target>
   </keywords>
   <keywords>
      <text FeatureID="-1">nastavení přístroje</text>
      <target FeatureID="-1" href="CP_HLP_DEVICE.html">Nastavení přístroje</target>
   </keywords>
   <keywords>
      <text FeatureID="-1">nastavení jazyka</text>
      <target FeatureID="-1" href="CP_HLP_LANGUAGE.html">Nastavení jazyka</target>
   </keywords>
   <keywords>
      <text FeatureID="-1">nastavení</text>
      <target FeatureID="-1" href="CP_HLP_MAIN_VIEW.html">Nastavení</target>
   </keywords>
   <keywords>
      <text FeatureID="-1">síť, nastavení</text>
      <target FeatureID="-1" href="CP_HLP_NETWORK.html">Nastavení sítě</target>
      <target FeatureID="-1" href="CP_HLP_NETWORK.html">Nastavení sítě</target>
   </keywords>
   <keywords>
      <text FeatureID="-1">profil</text>
      <target FeatureID="-1" href="CP_HLP_PERSONAL.html">Osobní zobrazení</target>
   </keywords>
   <keywords>
      <text FeatureID="-1">motiv</text>
      <target FeatureID="-1" href="CP_HLP_PERSONAL.html">Osobní zobrazení</target>
   </keywords>
   <keywords>
      <text FeatureID="-1">pohotovostní režim</text>
      <target FeatureID="-1" href="CP_HLP_PERSONAL.html">Osobní zobrazení</target>
   </keywords>
   <keywords>
      <text FeatureID="-1">bezpečnost, nastavení</text>
      <target FeatureID="-1" href="CP_HLP_SECURITY.html">Nastavení zabezpečení</target>
   </keywords>
   <keywords>
      <text FeatureID="-1">nastavení, bezpečnost</text>
      <target FeatureID="-1" href="CP_HLP_SECURITY.html">Nastavení zabezpečení</target>
   </keywords>
   <keywords>
      <text FeatureID="-1">přístroj, zamknutí</text>
      <target FeatureID="-1" href="SET_HLP_SECURITY_DEVICE_SIM.html">Zabezpečení přístroje</target>
   </keywords>
   <keywords>
      <text FeatureID="-1">bezpečnost</text>
      <target FeatureID="-1" href="SET_HLP_SECURITY_DEVICE_SIM.html">Zabezpečení přístroje</target>
   </keywords>
   <keywords>
      <text FeatureID="__DUAL_LANGUAGE_SUPPORT=true">jazyk psaní</text>
      <target FeatureID="__DUAL_LANGUAGE_SUPPORT=true" href="CP_HLP_WRITING_LANGUAGE.html">Jazyk psaní</target>
   </keywords>
   <keywords>
      <text FeatureID="-1">nastavení příslušenství</text>
      <target FeatureID="-1" href="SET_HLP_ACCESSORIES_LIST.html">Nastavení příslušenství</target>
      <target FeatureID="-1" href="SET_HLP_ACCESSORIES_HEADPHONE.html">Nastavení sluchátek</target>
      <target FeatureID="-1" href="SET_HLP_ACCESSORIES_HEADSET.html">Nastavení headsetu</target>
      <target FeatureID="-1" href="SET_HLP_ACCESS_WIRED_CK.html">Automobilová sada, nastavení</target>
      <target FeatureID="true_1032" href="SET_HLP_ACCESSORIES_TTY.html">Nastavení textového telefonu</target>
      <target FeatureID="true_1540" href="SET_HLP_ACCESSORIES_TVOUT.html">TV výstup, nastavení</target>
   </keywords>
   <keywords>
      <text FeatureID="-1">přístupové body paketových dat</text>
      <target FeatureID="-1" href="SET_HLP_AP_SETTING_GPRS.html">Přístupový bod paketových dat</target>
   </keywords>
   <keywords>
      <text FeatureID="-1">nastavení paketových dat</text>
      <target FeatureID="-1" href="SET_HLP_AP_SETTING_GPRS_AS.html">Pokročilé nastavení paketových dat</target>
   </keywords>
   <keywords>
      <text FeatureID="-1">přístupové body pro paketová data</text>
      <target FeatureID="-1" href="SET_HLP_AP_SETTING_GPRS_AS.html">Pokročilé nastavení paketových dat</target>
   </keywords>
   <keywords>
      <text FeatureID="true_1088 true_110">přístupové body datových volání</text>
      <target FeatureID="true_110" href="SET_HLP_AP_DATA_AS_IPV4.html">Nastavení datového volání IPv4</target>
      <target FeatureID="true_1088" href="SET_HLP_AP_DATA_AS_IPV6.html">Nastavení datového volání IPv6</target>
      <target FeatureID="true_110" href="SET_HLP_AP_SETTING_DATA_AS.html">Rozšířené nastavení datových volání</target>
   </keywords>
   <keywords>
      <text FeatureID="true_110">nastavení přístupového bodu</text>
      <target FeatureID="true_110" href="SET_HLP_AP_SETTING_DATA.html">Přístupový bod datových volání</target>
      <target FeatureID="true_110" href="SET_HLP_AP_SETTING_DATA_AS.html">Rozšířené nastavení datových volání</target>
   </keywords>
   <keywords>
      <text FeatureID="true_110">datová volání, nastavení</text>
      <target FeatureID="true_110" href="SET_HLP_AP_SETTING_DATA.html">Přístupový bod datových volání</target>
   </keywords>
   <keywords>
      <text FeatureID="-1">virtuální soukromá síť</text>
      <target FeatureID="-1" href="SET_HLP_VPN_AP_SETTINGS_VIEW.html">Úpravy přístupových bodů VPN</target>
   </keywords>
   <keywords>
      <text FeatureID="-1">zámek klávesnice</text>
      <target FeatureID="-1" href="CP_HLP_AUTOKEYGUARD.html">Automatický zámek klávesnice</target>
   </keywords>
   <keywords>
      <text FeatureID="true_1581">vzdálené jednotky</text>
      <target FeatureID="true_1581" href="RD_HLP_REMOTE_DRIVE_CONFIG.html">Nastavení vzdálené jednotky</target>
      <target FeatureID="true_1581" href="RD_HLP_REMOTE_DRIVES.html">Vzdálené jednotky</target>
   </keywords>
   <keywords>
      <text FeatureID="-1">blokování hovorů</text>
      <target FeatureID="-1" href="SET_HLP_BARRING_SETTINGS.html">Blokování telefonních hovorů</target>
      <target FeatureID="-1" href="SET_HLP_BARRING_SETTINGS.html">Blokování telefonních hovorů</target>
      <target FeatureID="true_298" href="DIV_HLP_BARRING_MAIN.html">Blokování hovorů</target>
      <target FeatureID="true_298" href="DIV_HLP_BARRING_MAIN.html">Blokování hovorů</target>
   </keywords>
   <keywords>
      <text FeatureID="-1">přesměrování hovorů</text>
      <target FeatureID="true_89" href="DIV_HLP_CALL_FORW_VID.html">Přesměrování videohovorů</target>
      <target FeatureID="-1" href="DIV_HLP_CALL_FORW_MAIN.html">Přesměrování hovorů</target>
      <target FeatureID="-1" href="DIV_HLP_CALL_FORW_VOI.html">Přesměrování hlasových hovorů</target>
   </keywords>
   <keywords>
      <text FeatureID="-1">směrování hovorů</text>
      <target FeatureID="-1" href="DIV_HLP_CALL_FORW_MAIN.html">Přesměrování hovorů</target>
   </keywords>
   <keywords>
      <text FeatureID="-1">nastavení synchronizace</text>
      <target FeatureID="-1" href="CP_HLP_SYNCHRONISATION.html">Nastavení synchronizace</target>
   </keywords>
   <keywords>
      <text FeatureID="-1">instalace aplikací</text>
      <target FeatureID="-1" href="CP_HLP_INSTALLATIONS.html">Instalace</target>
   </keywords>
   <keywords>
      <text FeatureID="-1">nastavení sluchátek</text>
      <target FeatureID="-1" href="SET_HLP_ACCESSORIES_HEADPHONE.html">Nastavení sluchátek</target>
   </keywords>
   <keywords>
      <text FeatureID="-1">nastavení headsetu</text>
      <target FeatureID="-1" href="SET_HLP_ACCESSORIES_HEADSET.html">Nastavení headsetu</target>
   </keywords>
   <keywords>
      <text FeatureID="-1">automobilová sada, nastavení</text>
      <target FeatureID="-1" href="SET_HLP_ACCESS_WIRED_CK.html">Automobilová sada, nastavení</target>
      <target FeatureID="-1" href="SET_HLP_ACCESS_WIRED_CK.html">Automobilová sada, nastavení</target>
   </keywords>
   <keywords>
      <text FeatureID="-1">hudební modul, nastavení</text>
      <target FeatureID="-1" href="SET_HLP_ACCESSORIES_MUSIC_ST.html">Hudební modul, nastavení</target>
   </keywords>
   <keywords>
      <text FeatureID="true_1032">neslyšící, nastavení</text>
      <target FeatureID="true_1032" href="SET_HLP_ACCESSORIES_TTY.html">Nastavení textového telefonu</target>
      <target FeatureID="true_1032" href="SET_HLP_ACCESSORIES_TTY.html">Nastavení textového telefonu</target>
   </keywords>
   <keywords>
      <text FeatureID="true_1540">tv výstup, nastavení</text>
      <target FeatureID="true_1540" href="SET_HLP_ACCESSORIES_TVOUT.html">TV výstup, nastavení</target>
   </keywords>
   <keywords>
      <text FeatureID="true_410">vkládání textu</text>
      <target FeatureID="true_410" href="PREDINPUT_HLP_VIRTUAL_ITI_SETTINGS.html">Nastavení vkládání</target>
   </keywords>
   <keywords>
      <text FeatureID="-1">inteligentní vkládání textu</text>
      <target FeatureID="-1" href="PREDINPUT_HLP_VIRTUAL_ITI.html">Inteligentní vkládání textu</target>
   </keywords>
   <keywords>
      <text FeatureID="-1">nastavení, obnovení</text>
      <target FeatureID="-1" href="SET_HLP_GENERAL_ORIG_SET.html">Obnova původních nastavení</target>
   </keywords>
   <keywords>
      <text FeatureID="-1">obnovení nastavení</text>
      <target FeatureID="-1" href="SET_HLP_GENERAL_ORIG_SET.html">Obnova původních nastavení</target>
   </keywords>
   <keywords>
      <text FeatureID="-1">originální nastavení, obnovení</text>
      <target FeatureID="-1" href="SET_HLP_GENERAL_ORIG_SET.html">Obnova původních nastavení</target>
   </keywords>
</keywords>