<?xml version="1.0" encoding="UTF-8"?><?xml-stylesheet  href="../../theme/xsl/index2html.xslt" type="text/xsl"?>
<topics FeatureID="-1" title="Chatt" compressed="true">
   <topicref FeatureID="-1" href="IMNG_HLP_SEARCHCHAT.html" navtitle="Sök chattmedlemmar"/>
   <topicref FeatureID="-1" href="IMNG_HLP_SAVED_VIEW.html" navtitle="Se sparade konversationer"/>
   <topicref FeatureID="-1" href="IMNG_HLP_SAVED_LIST.html" navtitle="Sparade konversationer"/>
   <topicref FeatureID="-1" href="IMNG_HLP_IMCHAT.html" navtitle="Gruppkonversationer"/>
   <topicref FeatureID="-1" href="IMNG_HLP_GROUP_EDIT.html" navtitle="Redigeringsrättigheter för grupp"/>
   <topicref FeatureID="-1" href="IMNG_HLP_GROUP_BAN.html" navtitle="Blockera chattanvändare från grupper."/>
   <topicref FeatureID="-1" href="IMNG_HLP_CONT_OWN_DATA.html" navtitle="Mina uppgifter"/>
   <topicref FeatureID="-1" href="IMNG_HLP_COMMUNITY_VIEW_EMPTY.html" navtitle="Börja använda chatt"/>
   <topicref FeatureID="-1" href="IMNG_HLP_COMMUNITY_VIEW.html" navtitle="Chatt"/>
   <topicref FeatureID="-1" href="IMNG_HLP_BLOCKED_VIEW.html" navtitle="Blockerade kontakter"/>
   <topicref FeatureID="-1" href="IMNG_HLP_SETTINGS.html" navtitle="Chatt­inställningar"/>
   <topicref FeatureID="-1" href="IMNG_HLP_SERVLISTSETT_IM.html" navtitle="Chattservrar"/>
   <topicref FeatureID="-1" href="IMNG_HLP_DEFSERVER.html" navtitle="Inställningar för chattserver"/>
   <topicref FeatureID="-1" href="IMNG_HLP_INVITE.html" navtitle="Chattinbjudningar"/>
   <topicref FeatureID="-1" href="IMNG_HLP_CREATECHAT.html" navtitle="Inställningar för chattgrupper"/>
   <topicref FeatureID="-1" href="IMNG_HLP_ACCLIST.html" navtitle="Chattgruppsmedlemmar"/>
   <topicref FeatureID="-1" href="IMNG_HLP_CONVERSATIONS.html" navtitle="Chattkonversationer"/>
   <topicref FeatureID="-1" href="IMNG_HLP_CONTACTDETAILS.html" navtitle="Information om chattkontakter"/>
   <topicref FeatureID="-1" href="IMNG_HLP_APPSETT.html" navtitle="Inställningar för chatt"/>
</topics>