<?xml version="1.0" encoding="UTF-8"?>
<keywords>
   <keywords>
      <text FeatureID="-1">sök chattmedlemmar</text>
      <target FeatureID="-1" href="IMNG_HLP_SEARCHCHAT.html">Sök chattmedlemmar</target>
   </keywords>
   <keywords>
      <text FeatureID="-1">chatt</text>
      <target FeatureID="-1" href="IMNG_HLP_SEARCHCHAT.html">Sök chattmedlemmar</target>
      <target FeatureID="-1" href="IMNG_HLP_SAVED_VIEW.html">Se sparade konversationer</target>
      <target FeatureID="-1" href="IMNG_HLP_SAVED_LIST.html">Sparade konversationer</target>
      <target FeatureID="-1" href="IMNG_HLP_GROUP_EDIT.html">Redigeringsrättigheter för grupp</target>
      <target FeatureID="-1" href="IMNG_HLP_GROUP_BAN.html">Blockera chattanvändare från grupper.</target>
      <target FeatureID="-1" href="IMNG_HLP_CONT_OWN_DATA.html">Mina uppgifter</target>
      <target FeatureID="-1" href="IMNG_HLP_COMMUNITY_VIEW_EMPTY.html">Börja använda chatt</target>
      <target FeatureID="-1" href="IMNG_HLP_COMMUNITY_VIEW.html">Chatt</target>
      <target FeatureID="-1" href="IMNG_HLP_CREATECHAT.html">Inställningar för chattgrupper</target>
      <target FeatureID="-1" href="IMNG_HLP_ACCLIST.html">Chattgruppsmedlemmar</target>
      <target FeatureID="-1" href="IMNG_HLP_CONVERSATIONS.html">Chattkonversationer</target>
      <target FeatureID="-1" href="IMNG_HLP_APPSETT.html">Inställningar för chatt</target>
   </keywords>
   <keywords>
      <text FeatureID="-1">sök chattgrupper</text>
      <target FeatureID="-1" href="IMNG_HLP_SEARCHCHAT.html">Sök chattmedlemmar</target>
   </keywords>
   <keywords>
      <text FeatureID="-1">sparade konversationer</text>
      <target FeatureID="-1" href="IMNG_HLP_SAVED_LIST.html">Sparade konversationer</target>
   </keywords>
   <keywords>
      <text FeatureID="-1">Chatt (snabbmeddelanden)</text>
      <target FeatureID="-1" href="IMNG_HLP_IMCHAT.html">Gruppkonversationer</target>
   </keywords>
   <keywords>
      <text FeatureID="-1">gå med i chattgrupper</text>
      <target FeatureID="-1" href="IMNG_HLP_IMCHAT.html">Gruppkonversationer</target>
   </keywords>
   <keywords>
      <text FeatureID="-1">redigeringsrättigheter</text>
      <target FeatureID="-1" href="IMNG_HLP_GROUP_EDIT.html">Redigeringsrättigheter för grupp</target>
   </keywords>
   <keywords>
      <text FeatureID="-1">blockerade-lista</text>
      <target FeatureID="-1" href="IMNG_HLP_GROUP_BAN.html">Blockera chattanvändare från grupper.</target>
   </keywords>
   <keywords>
      <text FeatureID="-1">Chattgruppsmedlemmar</text>
      <target FeatureID="-1" href="IMNG_HLP_GROUP_BAN.html">Blockera chattanvändare från grupper.</target>
      <target FeatureID="-1" href="IMNG_HLP_ACCLIST.html">Chattgruppsmedlemmar</target>
   </keywords>
   <keywords>
      <text FeatureID="-1">Chatt­kontakter</text>
      <target FeatureID="-1" href="IMNG_HLP_CONT_OWN_DATA.html">Mina uppgifter</target>
      <target FeatureID="-1" href="IMNG_HLP_BLOCKED_VIEW.html">Blockerade kontakter</target>
      <target FeatureID="-1" href="IMNG_HLP_CONTACTDETAILS.html">Information om chattkontakter</target>
   </keywords>
   <keywords>
      <text FeatureID="-1">Chatt</text>
      <target FeatureID="-1" href="IMNG_HLP_COMMUNITY_VIEW_EMPTY.html">Börja använda chatt</target>
      <target FeatureID="-1" href="IMNG_HLP_COMMUNITY_VIEW.html">Chatt</target>
      <target FeatureID="-1" href="IMNG_HLP_CONVERSATIONS.html">Chattkonversationer</target>
      <target FeatureID="-1" href="IMNG_HLP_CONTACTDETAILS.html">Information om chattkontakter</target>
   </keywords>
   <keywords>
      <text FeatureID="-1">blockerade chattkontakter</text>
      <target FeatureID="-1" href="IMNG_HLP_BLOCKED_VIEW.html">Blockerade kontakter</target>
   </keywords>
   <keywords>
      <text FeatureID="-1">Chatt­inställningar</text>
      <target FeatureID="-1" href="IMNG_HLP_SETTINGS.html">Chatt­inställningar</target>
      <target FeatureID="-1" href="IMNG_HLP_APPSETT.html">Inställningar för chatt</target>
   </keywords>
   <keywords>
      <text FeatureID="-1">Chattservrar</text>
      <target FeatureID="-1" href="IMNG_HLP_SERVLISTSETT_IM.html">Chattservrar</target>
   </keywords>
   <keywords>
      <text FeatureID="-1">Inställningar för chattserver</text>
      <target FeatureID="-1" href="IMNG_HLP_DEFSERVER.html">Inställningar för chattserver</target>
   </keywords>
   <keywords>
      <text FeatureID="-1">serverinställningar</text>
      <target FeatureID="-1" href="IMNG_HLP_DEFSERVER.html">Inställningar för chattserver</target>
   </keywords>
   <keywords>
      <text FeatureID="-1">inbjudningar</text>
      <target FeatureID="-1" href="IMNG_HLP_INVITE.html">Chattinbjudningar</target>
   </keywords>
   <keywords>
      <text FeatureID="-1">Inställningar för chattgrupper</text>
      <target FeatureID="-1" href="IMNG_HLP_CREATECHAT.html">Inställningar för chattgrupper</target>
   </keywords>
   <keywords>
      <text FeatureID="-1">konversationer</text>
      <target FeatureID="-1" href="IMNG_HLP_CONVERSATIONS.html">Chattkonversationer</target>
   </keywords>
</keywords>