<?xml version="1.0" encoding="UTF-8"?>
<keywords>
   <keywords>
      <text FeatureID="-1">contact groups</text>
      <target FeatureID="-1" href="PHOB_HLP_GROUP_LIST.html">Contact groups</target>
   </keywords>
   <keywords>
      <text FeatureID="-1">contactos SIM</text>
      <target FeatureID="-1" href="PHOB_HLP_SIM_LIST.html">Directorio contactos SIM</target>
   </keywords>
   <keywords>
      <text FeatureID="-1">número SIM</text>
      <target FeatureID="-1" href="PHOB_HLP_MY_NUMBERS.html">Mis números</target>
   </keywords>
   <keywords>
      <text FeatureID="-1">grupos de contacto</text>
      <target FeatureID="-1" href="PHOB_HLP_GROUP_MEMBER_LIST.html">Miembros de grupo</target>
   </keywords>
   <keywords>
      <text FeatureID="-1">orden de nombre en Contactos</text>
      <target FeatureID="-1" href="PHOB_HLP_SETTINGS.html">Configuraciones de contactos</target>
   </keywords>
   <keywords>
      <text FeatureID="-1">memoria de contactos</text>
      <target FeatureID="-1" href="PHOB_HLP_SETTINGS.html">Configuraciones de contactos</target>
   </keywords>
   <keywords>
      <text FeatureID="-1">memoria predeterminada</text>
      <target FeatureID="-1" href="PHOB_HLP_SETTINGS.html">Configuraciones de contactos</target>
   </keywords>
   <keywords>
      <text FeatureID="-1">directorio de contactos</text>
      <target FeatureID="-1" href="PHOB_HLP_NAME_LIST.html">Lista de contactos</target>
   </keywords>
   <keywords>
      <text FeatureID="-1">información de contacto</text>
      <target FeatureID="-1" href="PHOB_HLP_NAME_LIST.html">Lista de contactos</target>
   </keywords>
   <keywords>
      <text FeatureID="-1">directorio</text>
      <target FeatureID="-1" href="PHOB_HLP_NAME_LIST.html">Lista de contactos</target>
   </keywords>
   <keywords>
      <text FeatureID="-1">contactos</text>
      <target FeatureID="-1" href="RLOOK_HLP_INFO_VIEW.html">Administrar el contacto encontrado</target>
   </keywords>
   <keywords>
      <text FeatureID="-1">tarjetas de contacto</text>
      <target FeatureID="-1" href="PHOB_HLP_CONTACT_INFO_VIEW.html">Tarjetas de contacto</target>
      <target FeatureID="-1" href="PHOB_HLP_EDIT_ENTRY.html">Editar tarj. contacto</target>
   </keywords>
   <keywords>
      <text FeatureID="-1">entradas del directorio</text>
      <target FeatureID="-1" href="PHOB_HLP_CONTACT_INFO_VIEW.html">Tarjetas de contacto</target>
   </keywords>
   <keywords>
      <text FeatureID="-1">marcación fija</text>
      <target FeatureID="-1" href="FDN_HLP_FDN_NUMBER_VIEW.html">Contactos marc. fija</target>
      <target FeatureID="-1" href="FDN_HLP_FDN_VIEW.html">Restringir llamadas</target>
   </keywords>
   <keywords>
      <text FeatureID="-1">restricción de llamadas</text>
      <target FeatureID="-1" href="FDN_HLP_FDN_VIEW.html">Restringir llamadas</target>
   </keywords>
   <keywords>
      <text FeatureID="-1">números de servicio</text>
      <target FeatureID="-1" href="SDN_HLP_APP.html">Números servicio</target>
   </keywords>
   <keywords>
      <text FeatureID="-1">números de servicio SIM</text>
      <target FeatureID="-1" href="SDN_HLP_APP.html">Números servicio</target>
   </keywords>
   <keywords>
      <text FeatureID="-1">números de servicio en SIM</text>
      <target FeatureID="-1" href="SDN_HLP_APP.html">Números servicio</target>
   </keywords>
   <keywords>
      <text FeatureID="-1">tarjeta SIM</text>
      <target FeatureID="-1" href="PHOB_HLP_SIM_INFO_VIEW.html">Tarj. contacto SIM</target>
   </keywords>
   <keywords>
      <text FeatureID="-1">Contactos SIM</text>
      <target FeatureID="-1" href="PHOB_HLP_SIM_INFO_VIEW.html">Tarj. contacto SIM</target>
   </keywords>
</keywords>