<?xml version="1.0" encoding="UTF-8"?>
<keywords>
   <keywords>
      <text FeatureID="-1">contenuto condivisione</text>
      <target FeatureID="-1" href="UPNP_HLP_SHARE_CONTENT.html">Contenuto condivisione</target>
   </keywords>
   <keywords>
      <text FeatureID="-1">home media</text>
      <target FeatureID="-1" href="UPNP_HLP_SHARE_CONTENT.html">Contenuto condivisione</target>
      <target FeatureID="-1" href="UPNP_HLP_SHARING_PROP.html">Impostazioni di condivisione</target>
      <target FeatureID="-1" href="UPNP_HLP_MAIN_VIEW.html">Home Media</target>
      <target FeatureID="-1" href="UPNP_HLP_MAIN_EXTERNAL.html">Dispositivi Home Media</target>
      <target FeatureID="-1" href="UPNP_HLP_CONTENT_VIEW.html">File Home Media</target>
      <target FeatureID="-1" href="UPNP_HLP_REMOTE_DEVICES.html">Cartelle Home Media</target>
      <target FeatureID="-1" href="UPNP_HLP_SEARCH.html">Risultati ricerca</target>
   </keywords>
   <keywords>
      <text FeatureID="-1">condivisione di immagini e video</text>
      <target FeatureID="-1" href="UPNP_HLP_SHARE_CONTENT.html">Contenuto condivisione</target>
   </keywords>
   <keywords>
      <text FeatureID="-1">condivisione di file multimediali</text>
      <target FeatureID="-1" href="UPNP_HLP_SHARING_PROP.html">Impostazioni di condivisione</target>
      <target FeatureID="-1" href="UPNP_HLP_MAIN_VIEW.html">Home Media</target>
      <target FeatureID="-1" href="UPNP_HLP_MAIN_EXTERNAL.html">Dispositivi Home Media</target>
      <target FeatureID="-1" href="UPNP_HLP_CONTENT_VIEW.html">File Home Media</target>
      <target FeatureID="-1" href="UPNP_HLP_REMOTE_DEVICES.html">Cartelle Home Media</target>
      <target FeatureID="-1" href="UPNP_HLP_SEARCH.html">Risultati ricerca</target>
   </keywords>
   <keywords>
      <text FeatureID="-1">visualizzazione di file sul dispositivo remoto</text>
      <target FeatureID="-1" href="UPNP_HLP_SHARING_PROP.html">Impostazioni di condivisione</target>
      <target FeatureID="-1" href="UPNP_HLP_MAIN_VIEW.html">Home Media</target>
      <target FeatureID="-1" href="UPNP_HLP_MAIN_EXTERNAL.html">Dispositivi Home Media</target>
      <target FeatureID="-1" href="UPNP_HLP_CONTENT_VIEW.html">File Home Media</target>
      <target FeatureID="-1" href="UPNP_HLP_REMOTE_DEVICES.html">Cartelle Home Media</target>
      <target FeatureID="-1" href="UPNP_HLP_SEARCH.html">Risultati ricerca</target>
   </keywords>
   <keywords>
      <text FeatureID="-1">condivisione, proprietà</text>
      <target FeatureID="-1" href="UPNP_HLP_SHARING_PROP.html">Impostazioni di condivisione</target>
   </keywords>
</keywords>