<?xml version="1.0" encoding="UTF-8"?>
<keywords>
   <keywords>
      <text FeatureID="-1">gestionnaire périphériques</text>
      <target FeatureID="-1" href="DM_HLP_MAIN_VIEW.html">Système d'exploitation de l'appareil</target>
      <target FeatureID="-1" href="DM_HLP_SETTINGS.html">Param. profil serveur</target>
      <target FeatureID="-1" href="DM_HLP_SERVERS_VIEW.html">Configuration distante</target>
   </keywords>
   <keywords>
      <text FeatureID="-1">paramètres de configuration</text>
      <target FeatureID="-1" href="DM_HLP_MAIN_VIEW.html">Système d'exploitation de l'appareil</target>
   </keywords>
   <keywords>
      <text FeatureID="-1">Gestionnaire périphériques</text>
      <target FeatureID="-1" href="FOTA_HLP_SETTINGS.html">Paramètres mises à jour</target>
   </keywords>
   <keywords>
      <text FeatureID="-1">paramètres mises à jour</text>
      <target FeatureID="-1" href="FOTA_HLP_SETTINGS.html">Paramètres mises à jour</target>
   </keywords>
   <keywords>
      <text FeatureID="-1">param. profil serveur</text>
      <target FeatureID="-1" href="DM_HLP_SETTINGS.html">Param. profil serveur</target>
   </keywords>
   <keywords>
      <text FeatureID="-1">configuration distante</text>
      <target FeatureID="-1" href="DM_HLP_SERVERS_VIEW.html">Configuration distante</target>
   </keywords>
</keywords>