<?xml version="1.0" encoding="UTF-8"?>
<keywords>
   <keywords>
      <text FeatureID="-1">mesaje chat</text>
      <target FeatureID="-1" href="SERVTAB_HLP_CONVERSATION.html">Expedierea de mesaje chat</target>
   </keywords>
   <keywords>
      <text FeatureID="-1">chat</text>
      <target FeatureID="-1" href="SERVTAB_HLP_CONVERSATION.html">Expedierea de mesaje chat</target>
   </keywords>
   <keywords>
      <text FeatureID="-1">conversaţii</text>
      <target FeatureID="-1" href="SERVTAB_HLP_CONVERSATION.html">Expedierea de mesaje chat</target>
   </keywords>
</keywords>