<?xml version="1.0" encoding="UTF-8"?>
<keywords>
   <keywords>
      <text FeatureID="true_410">numbrivalits</text>
      <target FeatureID="true_410" href="DIALER_HLP_MAIN.html">Helistamine</target>
   </keywords>
   <keywords>
      <text FeatureID="true_410">helistamine</text>
      <target FeatureID="true_410" href="DIALER_HLP_MAIN.html">Helistamine</target>
   </keywords>
   <keywords>
      <text FeatureID="-1">telefonikõned</text>
      <target FeatureID="-1" href="INCAL_HLP_CALL_HANDLING.html">Telefonikõned</target>
   </keywords>
   <keywords>
      <text FeatureID="-1">konverentskõned</text>
      <target FeatureID="-1" href="INCAL_HLP_CALL_HANDLING.html">Telefonikõned</target>
   </keywords>
   <keywords>
      <text FeatureID="-1">kõnede vahetamine</text>
      <target FeatureID="-1" href="INCAL_HLP_CALL_HANDLING.html">Telefonikõned</target>
   </keywords>
   <keywords>
      <text FeatureID="-1">telefon</text>
      <target FeatureID="-1" href="INCAL_HLP_CALL_HANDLING.html">Telefonikõned</target>
   </keywords>
   <keywords>
      <text FeatureID="true_410">DTMF-toonsignaalid</text>
      <target FeatureID="true_410" href="DIALER_HLP_SEND_DTMF.html">DTMF-toonsignaalide saatmine</target>
   </keywords>
   <keywords>
      <text FeatureID="true_89">videokõned</text>
      <target FeatureID="true_89" href="INCAL_HLP_VIDEO_CALL.html">Videokõned</target>
   </keywords>
</keywords>