<?xml version="1.0" encoding="UTF-8"?>
<keywords>
   <keywords>
      <text FeatureID="true_298">contestador automático</text>
      <target FeatureID="true_298" href="SMSVO_HLP_CS_VIDEO_AND_XSP_VOIP.html">Caixa de correo de chamadas, vídeos e chamadas de internet</target>
   </keywords>
   <keywords>
      <text FeatureID="true_298">Caixa de correo de chamadas de internet</text>
      <target FeatureID="true_298" href="SMSVO_HLP_CS_VIDEO_AND_XSP_VOIP.html">Caixa de correo de chamadas, vídeos e chamadas de internet</target>
   </keywords>
   <keywords>
      <text FeatureID="true_298">caixa do correo de chamadas</text>
      <target FeatureID="true_298" href="SMSVO_HLP_CS_VIDEO_AND_XSP_VOIP.html">Caixa de correo de chamadas, vídeos e chamadas de internet</target>
   </keywords>
   <keywords>
      <text FeatureID="-1">chamadas da Internet</text>
      <target FeatureID="-1" href="VOIP_HLP_CSC.html">Axustes de Internet</target>
      <target FeatureID="true_298" href="VOIP_HLP_SERVCATALOG.html">Catálogo de servizos</target>
      <target FeatureID="-1" href="SERVTAB_HLP_SETTINGS.html">Axustes da ficha de servizo</target>
   </keywords>
</keywords>