<?xml version="1.0" encoding="UTF-8"?>
<keywords>
   <keywords>
      <text FeatureID="-1">röstkommandon</text>
      <target FeatureID="true_72" href="HLP_VC_SIND_FOLDER.html">Programvy</target>
      <target FeatureID="true_72" href="HLP_VC_SIND_MAIN.html">Använda röstkommandon</target>
      <target FeatureID="-1" href="VCINFO_HLP_MAINVIEW.html">För kontakter</target>
   </keywords>
   <keywords>
      <text FeatureID="-1">röstkomm. inställningar</text>
      <target FeatureID="-1" href="HLP_VC_SET.html">Inställningar för röstkommandon</target>
   </keywords>
</keywords>