<?xml version="1.0" encoding="UTF-8"?>
<keywords>
   <keywords>
      <text FeatureID="-1">转发信息</text>
      <target FeatureID="-1" href="MMS_HLP_MMS_FWD_REQUEST.html">转发彩信</target>
   </keywords>
   <keywords>
      <text FeatureID="-1">彩信</text>
      <target FeatureID="-1" href="MMS_HLP_MMS_FWD_REQUEST_SEND.html">转发发出的信息中的请求</target>
      <target FeatureID="-1" href="MMS_HLP_MMS_VIEWER.html">查看彩信</target>
      <target FeatureID="-1" href="MMS_HLP_MMS_VIEWER.html">查看彩信</target>
   </keywords>
   <keywords>
      <text FeatureID="-1">彩信通知</text>
      <target FeatureID="-1" href="MMS_HLP_NOTIFICATION_VIEWER.html">彩信通知</target>
   </keywords>
   <keywords>
      <text FeatureID="-1">媒体对象</text>
      <target FeatureID="-1" href="MMS_HLP_OBJECTS_VIEW_VIEWER.html">查看媒体对象</target>
   </keywords>
   <keywords>
      <text FeatureID="-1">多媒体对象</text>
      <target FeatureID="-1" href="MMS_HLP_OBJECTS_VIEW_VIEWER.html">查看媒体对象</target>
   </keywords>
</keywords>