<?xml version="1.0" encoding="UTF-8"?>
<keywords>
   <keywords>
      <text FeatureID="-1">חבילת מוסיקה</text>
      <target FeatureID="-1" href="MUS_HLP_MUSIC_SUITE_VIEW.html">חבילת מוסיקה</target>
   </keywords>
   <keywords>
      <text FeatureID="-1">נגן מוסיקה</text>
      <target FeatureID="-1" href="MUS_HLP_TRACKS_VIEW.html">שירים</target>
      <target FeatureID="-1" href="MUS_HLP_CATEGORY_VIEW.html">קטגוריות מוסיקה</target>
      <target FeatureID="-1" href="MUS_HLP_PODCAST_MAIN_VIEW.html">פודקאסטים</target>
      <target FeatureID="-1" href="MUS_HLP_PODCAST_EPISODES.html">פרקי פודקאסט</target>
      <target FeatureID="-1" href="MUS_HLP_PLAYLISTS_VIEW.html">רשימות השמעה של מוסיקה</target>
      <target FeatureID="-1" href="MUS_HLP_DOWNLOAD_PLAYBACK_VIEW.html">השמעת מוסיקה באינטרנט</target>
      <target FeatureID="-1" href="MUS_HLP_PLAYBACK_VIEW.html">השמעת מוסיקה</target>
      <target FeatureID="-1" href="MUS_HLP_LIB_MAIN_VIEW.html">ספריית מוסיקה</target>
      <target FeatureID="-1" href="MUS_HLP_METADATA_EDITING.html">עריכת פרטי שיר</target>
      <target FeatureID="-1" href="MUS_HLP_ALBUM_ART_EDITING.html">עריכת תמונת אלבום</target>
      <target FeatureID="-1" href="MUS_HLP_AUDIO_SETT.html">הגדרות שמע</target>
   </keywords>
   <keywords>
      <text FeatureID="-1">podcasting</text>
      <target FeatureID="-1" href="MUS_HLP_PODCAST_MAIN_VIEW.html">פודקאסטים</target>
      <target FeatureID="-1" href="MUS_HLP_PODCAST_EPISODES.html">פרקי פודקאסט</target>
   </keywords>
   <keywords>
      <text FeatureID="-1">רשימות השמעה</text>
      <target FeatureID="-1" href="MUS_HLP_PLAYLISTS_VIEW.html">רשימות השמעה של מוסיקה</target>
   </keywords>
   <keywords>
      <text FeatureID="-1">תמונת אלבום</text>
      <target FeatureID="-1" href="MUS_HLP_ALBUM_ART_EDITING.html">עריכת תמונת אלבום</target>
   </keywords>
   <keywords>
      <text FeatureID="-1">מגבר באס</text>
      <target FeatureID="-1" href="MUS_HLP_AUDIO_SETT.html">הגדרות שמע</target>
   </keywords>
   <keywords>
      <text FeatureID="-1">הרחבת סטריאו</text>
      <target FeatureID="-1" href="MUS_HLP_AUDIO_SETT.html">הגדרות שמע</target>
   </keywords>
</keywords>