<?xml version="1.0" encoding="UTF-8"?>
<keywords>
   <keywords>
      <text FeatureID="-1">נגן מוסיקה</text>
      <target FeatureID="-1" href="MUS_HLP_TRACKS_VIEW.html">שירים</target>
      <target FeatureID="-1" href="MUS_HLP_CATEGORY_VIEW.html">קטגוריות מוסיקה</target>
      <target FeatureID="-1" href="MUS_HLP_PODCAST_MAIN_VIEW.html">פודקאסטים</target>
      <target FeatureID="-1" href="MUS_HLP_PODCAST_EPISODES.html">פרקי פודקאסט</target>
      <target FeatureID="-1" href="MUS_HLP_PLAYLISTS_VIEW.html">רשימות השמעה של מוסיקה</target>
      <target FeatureID="-1" href="MUS_HLP_AUDIO_SETT.html">הגדרות שמע</target>
   </keywords>
   <keywords>
      <text FeatureID="-1">podcasting</text>
      <target FeatureID="-1" href="MUS_HLP_PODCAST_MAIN_VIEW.html">פודקאסטים</target>
      <target FeatureID="-1" href="MUS_HLP_PODCAST_EPISODES.html">פרקי פודקאסט</target>
   </keywords>
   <keywords>
      <text FeatureID="-1">רשימות השמעה</text>
      <target FeatureID="-1" href="MUS_HLP_PLAYLISTS_VIEW.html">רשימות השמעה של מוסיקה</target>
   </keywords>
   <keywords>
      <text FeatureID="-1">music player</text>
      <target FeatureID="-1" href="MUS_HLP_DOWNLOAD_PLAYBACK_VIEW.html">Play music on web</target>
      <target FeatureID="-1" href="MUS_HLP_LIB_MAIN_VIEW.html">Music library</target>
   </keywords>
   <keywords>
      <text FeatureID="-1">מגבר באס</text>
      <target FeatureID="-1" href="MUS_HLP_AUDIO_SETT.html">הגדרות שמע</target>
   </keywords>
   <keywords>
      <text FeatureID="-1">הרחבת סטריאו</text>
      <target FeatureID="-1" href="MUS_HLP_AUDIO_SETT.html">הגדרות שמע</target>
   </keywords>
</keywords>