<?xml version="1.0" encoding="UTF-8"?>
<keywords>
   <keywords>
      <text FeatureID="-1">bookmarks</text>
      <target FeatureID="-1" href="OSS_HLP_BM_ADDBM.html">Add bookmarks</target>
      <target FeatureID="-1" href="OSS_HLP_BM_EDIT.html">Edit bookmarks</target>
   </keywords>
   <keywords>
      <text FeatureID="-1">browser bookmarks</text>
      <target FeatureID="-1" href="OSS_HLP_BM_ADDBM.html">Add bookmarks</target>
      <target FeatureID="-1" href="OSS_HLP_BM_MAIN.html">Browse bookmarks</target>
      <target FeatureID="-1" href="OSS_HLP_BM_EDIT.html">Edit bookmarks</target>
   </keywords>
   <keywords>
      <text FeatureID="-1">web</text>
      <target FeatureID="-1" href="OSS_HLP_BM_ADDBM.html">Add bookmarks</target>
      <target FeatureID="true_167" href="OSS_HLP_RSS_ADD.html">Add web feeds</target>
      <target FeatureID="-1" href="OSS_HLP_PAGEVIEW.html">Browse the web</target>
      <target FeatureID="-1" href="OSS_HLP_BM_EDIT.html">Edit bookmarks</target>
      <target FeatureID="true_167" href="OSS_HLP_RSS_EDIT.html">Edit web feeds</target>
      <target FeatureID="true_167" href="OSS_HLP_RSS_ARTICLE.html">Web feed articles</target>
      <target FeatureID="true_167" href="OSS_HLP_RSS_ARTICLELST.html">Web feeds</target>
      <target FeatureID="true_167" href="OSS_HLP_RSS_MAIN.html">Web feeds and blogs</target>
   </keywords>
   <keywords>
      <text FeatureID="true_167">feeds</text>
      <target FeatureID="true_167" href="OSS_HLP_RSS_ADD.html">Add web feeds</target>
      <target FeatureID="true_167" href="OSS_HLP_RSS_EDIT.html">Edit web feeds</target>
      <target FeatureID="true_167" href="OSS_HLP_RSS_ARTICLE.html">Web feed articles</target>
      <target FeatureID="true_167" href="OSS_HLP_RSS_ARTICLELST.html">Web feeds</target>
      <target FeatureID="true_167" href="OSS_HLP_RSS_MAIN.html">Web feeds and blogs</target>
   </keywords>
   <keywords>
      <text FeatureID="true_167">RSS feeds</text>
      <target FeatureID="true_167" href="OSS_HLP_RSS_ADD.html">Add web feeds</target>
      <target FeatureID="true_167" href="OSS_HLP_RSS_ARTICLELST.html">Web feeds</target>
      <target FeatureID="true_167" href="OSS_HLP_RSS_MAIN.html">Web feeds and blogs</target>
   </keywords>
   <keywords>
      <text FeatureID="true_167">news and blogs</text>
      <target FeatureID="true_167" href="OSS_HLP_RSS_ADD.html">Add web feeds</target>
      <target FeatureID="true_167" href="OSS_HLP_RSS_EDIT.html">Edit web feeds</target>
      <target FeatureID="true_167" href="OSS_HLP_RSS_ARTICLE.html">Web feed articles</target>
      <target FeatureID="true_167" href="OSS_HLP_RSS_ARTICLELST.html">Web feeds</target>
      <target FeatureID="true_167" href="OSS_HLP_RSS_MAIN.html">Web feeds and blogs</target>
   </keywords>
   <keywords>
      <text FeatureID="true_167">blogs</text>
      <target FeatureID="true_167" href="OSS_HLP_RSS_ADD.html">Add web feeds</target>
      <target FeatureID="true_167" href="OSS_HLP_RSS_EDIT.html">Edit web feeds</target>
      <target FeatureID="true_167" href="OSS_HLP_RSS_ARTICLE.html">Web feed articles</target>
      <target FeatureID="true_167" href="OSS_HLP_RSS_ARTICLELST.html">Web feeds</target>
      <target FeatureID="true_167" href="OSS_HLP_RSS_MAIN.html">Web feeds and blogs</target>
   </keywords>
   <keywords>
      <text FeatureID="-1">browsing pages</text>
      <target FeatureID="-1" href="OSS_HLP_PAGEVIEW.html">Browse the web</target>
   </keywords>
   <keywords>
      <text FeatureID="-1">opening bookmarks</text>
      <target FeatureID="-1" href="OSS_HLP_BM_MAIN.html">Browse bookmarks</target>
   </keywords>
   <keywords>
      <text FeatureID="true_167">rss feeds</text>
      <target FeatureID="true_167" href="OSS_HLP_RSS_EDIT.html">Edit web feeds</target>
      <target FeatureID="true_167" href="OSS_HLP_RSS_ARTICLE.html">Web feed articles</target>
   </keywords>
   <keywords>
      <text FeatureID="-1">browser settings</text>
      <target FeatureID="-1" href="OSS_HLP_SETTINGS_GENERAL.html">General settings</target>
      <target FeatureID="-1" href="OSS_HLP_SETTINGS_PAGE.html">Page settings</target>
      <target FeatureID="-1" href="OSS_HLP_SETTINGS_PRIVACY.html">Privacy settings</target>
      <target FeatureID="true_167" href="OSS_HLP_SETTINGS_RSS.html">Web feed settings</target>
      <target FeatureID="-1" href="OSS_HLP_SETTINGS_FOLDERS.html">Web settings</target>
      <target FeatureID="false_410" href="OSS_HLP_SHORTCUTS.html">Toolbar shortcuts</target>
      <target FeatureID="false_410" href="OSS_HLP_KEYPAD.html">Keypad shortcuts</target>
   </keywords>
   <keywords>
      <text FeatureID="-1">web settings</text>
      <target FeatureID="-1" href="OSS_HLP_SETTINGS_GENERAL.html">General settings</target>
      <target FeatureID="-1" href="OSS_HLP_SETTINGS_PAGE.html">Page settings</target>
      <target FeatureID="-1" href="OSS_HLP_SETTINGS_PRIVACY.html">Privacy settings</target>
      <target FeatureID="true_167" href="OSS_HLP_SETTINGS_RSS.html">Web feed settings</target>
      <target FeatureID="-1" href="OSS_HLP_SETTINGS_FOLDERS.html">Web settings</target>
      <target FeatureID="false_410" href="OSS_HLP_SHORTCUTS.html">Toolbar shortcuts</target>
      <target FeatureID="false_410" href="OSS_HLP_KEYPAD.html">Keypad shortcuts</target>
   </keywords>
   <keywords>
      <text FeatureID="-1">setting up for web</text>
      <target FeatureID="-1" href="OSS_HLP_SETTINGS_PAGE.html">Page settings</target>
      <target FeatureID="true_167" href="OSS_HLP_SETTINGS_RSS.html">Web feed settings</target>
      <target FeatureID="-1" href="OSS_HLP_SETTINGS_FOLDERS.html">Web settings</target>
   </keywords>
   <keywords>
      <text FeatureID="-1">privacy settings</text>
      <target FeatureID="-1" href="OSS_HLP_SETTINGS_PRIVACY.html">Privacy settings</target>
   </keywords>
   <keywords>
      <text FeatureID="-1">opening specific page</text>
      <target FeatureID="-1" href="OSS_HLP_PAGEVIEW_EMBED.html">Web in applications</target>
   </keywords>
   <keywords>
      <text FeatureID="-1">web in applications</text>
      <target FeatureID="-1" href="OSS_HLP_PAGEVIEW_EMBED.html">Web in applications</target>
   </keywords>
</keywords>