<?xml version="1.0" encoding="UTF-8"?>
<keywords>
   <keywords>
      <text FeatureID="-1">ρυθμίσεις e-mail</text>
      <target FeatureID="-1" href="MBXS_HLP_SETT_DOWNL_CTRL.html">Ρυθμ. ανάκτ. e-mail</target>
      <target FeatureID="-1" href="MBXS_HLP_SETT_DOWNL_RETR.html">Αριθμός ανάκτησης e-mail</target>
      <target FeatureID="-1" href="MBXS_HLP_SETT_MBX_IN.html">Ρυθμίσεις εισερχ. e-mail</target>
      <target FeatureID="-1" href="MBXS_HLP_SETT_MBX_IN_OUT.html">Ρυθμίσεις σύνδεσης</target>
      <target FeatureID="-1" href="MBXS_HLP_SETT_MBX_OUT.html">Ρυθμ. εξερχ. e-mail</target>
      <target FeatureID="-1" href="MCE_HLP_SETTINGS_EMAIL.html">Ρυθμ. μηνυμ. e-mail</target>
      <target FeatureID="-1" href="MCE_HLP_SETT_EMAILMAIN.html">Επεξεργασία γραμματοκιβωτίων</target>
      <target FeatureID="-1" href="MCE_HLP_SETT_MAILBLIST.html">Γραμ/κιβώτια</target>
      <target FeatureID="-1" href="MCE_HLP_SETT_MAILFOLDER_UPD.html">Φάκελοι γραμματοκιβωτίου</target>
      <target FeatureID="true_1633" href="MCE_HLP_SETT_MAIL_ONLI.html">Αυτόματη ανάκτηση</target>
   </keywords>
   <keywords>
      <text FeatureID="-1">ρυθμίσεις γραμματοκιβωτίου</text>
      <target FeatureID="-1" href="MCE_HLP_SETT_EMAILMAIN.html">Επεξεργασία γραμματοκιβωτίων</target>
   </keywords>
   <keywords>
      <text FeatureID="-1">γραμματοκιβώτιο</text>
      <target FeatureID="-1" href="MCE_HLP_SETT_MAILBLIST.html">Γραμ/κιβώτια</target>
      <target FeatureID="-1" href="MCE_HLP_MAILBOX_ONLINE.html">E-mail με σύνδεση</target>
   </keywords>
   <keywords>
      <text FeatureID="-1">φάκελοι γραμματοκιβωτίου</text>
      <target FeatureID="-1" href="MCE_HLP_SETT_MAILFOLDER_UPD.html">Φάκελοι γραμματοκιβωτίου</target>
   </keywords>
   <keywords>
      <text FeatureID="-1">ρυθμίσεις χρήστη</text>
      <target FeatureID="-1" href="MCE_HLP_SETT_MAIL_USER.html">Ρυθμίσεις χρήστη</target>
   </keywords>
   <keywords>
      <text FeatureID="true_44">ρυθμίσεις συγχρονισμού γραμματοκιβωτίου</text>
      <target FeatureID="true_44" href="MCE_HLP_SETT_SMAILBOX.html">Ρυθμίσεις γραμματοκιβωτίου συγχρονισμού</target>
   </keywords>
   <keywords>
      <text FeatureID="true_44">ρυθμίσεις συγχρονισμού e-mail</text>
      <target FeatureID="true_44" href="MCE_HLP_SETT_SMAILBOX.html">Ρυθμίσεις γραμματοκιβωτίου συγχρονισμού</target>
   </keywords>
   <keywords>
      <text FeatureID="-1">email εκτός σύνδεσης</text>
      <target FeatureID="-1" href="MCE_HLP_MAILBOX_OFFLINE.html">E-mail εκτός σύνδεσης</target>
   </keywords>
   <keywords>
      <text FeatureID="-1">σύνδεση στο γρ/κιβώτιο</text>
      <target FeatureID="-1" href="MCE_HLP_MAILBOX_ONLINE.html">E-mail με σύνδεση</target>
   </keywords>
   <keywords>
      <text FeatureID="-1">e-mail με σύνδεση</text>
      <target FeatureID="-1" href="MCE_HLP_MAILBOX_ONLINE.html">E-mail με σύνδεση</target>
      <target FeatureID="-1" href="MCE_HLP_MAILBOX_ONLINE.html">E-mail με σύνδεση</target>
   </keywords>
</keywords>