<?xml version="1.0" encoding="UTF-8"?>
<keywords>
   <keywords>
      <text FeatureID="-1">自訂操作模式</text>
      <target FeatureID="-1" href="MODE_HLP_PERSONALISE.html">自訂操作模式</target>
   </keywords>
   <keywords>
      <text FeatureID="-1">鈴聲設定</text>
      <target FeatureID="-1" href="SET_HLP_PERSONAL_TONES.html">鈴聲設定</target>
   </keywords>
   <keywords>
      <text FeatureID="-1">鈴聲</text>
      <target FeatureID="-1" href="SET_HLP_PERSONAL_TONES.html">鈴聲設定</target>
   </keywords>
   <keywords>
      <text FeatureID="-1">操作模式</text>
      <target FeatureID="-1" href="MODE_HLP_PROFILES_LIST.html">操作模式</target>
   </keywords>
   <keywords>
      <text FeatureID="-1">變更操作模式</text>
      <target FeatureID="-1" href="MODE_HLP_PROFILES_LIST.html">操作模式</target>
   </keywords>
</keywords>