<?xml version="1.0" encoding="UTF-8"?>
<keywords>
   <keywords>
      <text FeatureID="true_1091">Edito ng USSD</text>
      <target FeatureID="true_1091" href="USSD_HLP_EDITOR.html">Mga utos ng serbisyo</target>
   </keywords>
   <keywords>
      <text FeatureID="true_1091">mga utos ng serbisyo</text>
      <target FeatureID="true_1091" href="USSD_HLP_EDITOR.html">Mga utos ng serbisyo</target>
   </keywords>
   <keywords>
      <text FeatureID="true_1091">mga serbisyo ng network</text>
      <target FeatureID="true_1091" href="USSD_HLP_EDITOR.html">Mga utos ng serbisyo</target>
   </keywords>
</keywords>