<?xml version="1.0" encoding="UTF-8"?>
<keywords>
   <keywords>
      <text FeatureID="-1">laster-markak</text>
      <target FeatureID="-1" href="OSS_HLP_BM_ADDBM.html">Laster-markak gehitu</target>
   </keywords>
   <keywords>
      <text FeatureID="-1">laster-marka arakatzailea</text>
      <target FeatureID="-1" href="OSS_HLP_BM_ADDBM.html">Laster-markak gehitu</target>
      <target FeatureID="-1" href="OSS_HLP_BM_MAIN.html">Laster-markak arakatu</target>
   </keywords>
   <keywords>
      <text FeatureID="-1">weba</text>
      <target FeatureID="-1" href="OSS_HLP_BM_ADDBM.html">Laster-markak gehitu</target>
      <target FeatureID="true_167" href="OSS_HLP_RSS_ADD.html">Web jarioak gehitzea</target>
      <target FeatureID="-1" href="OSS_HLP_PAGEVIEW.html">Weba arakatu</target>
      <target FeatureID="true_167" href="OSS_HLP_RSS_EDIT.html">Web jarioak editatzea</target>
      <target FeatureID="true_167" href="OSS_HLP_RSS_ARTICLE.html">Web jarioetako artikuluak</target>
      <target FeatureID="true_167" href="OSS_HLP_RSS_ARTICLELST.html">Web jarioak</target>
      <target FeatureID="true_167" href="OSS_HLP_RSS_MAIN.html">Web jarioak eta blogak</target>
   </keywords>
   <keywords>
      <text FeatureID="true_167">jarioak</text>
      <target FeatureID="true_167" href="OSS_HLP_RSS_ADD.html">Web jarioak gehitzea</target>
      <target FeatureID="true_167" href="OSS_HLP_RSS_EDIT.html">Web jarioak editatzea</target>
      <target FeatureID="true_167" href="OSS_HLP_RSS_ARTICLE.html">Web jarioetako artikuluak</target>
      <target FeatureID="true_167" href="OSS_HLP_RSS_ARTICLELST.html">Web jarioak</target>
      <target FeatureID="true_167" href="OSS_HLP_RSS_MAIN.html">Web jarioak eta blogak</target>
   </keywords>
   <keywords>
      <text FeatureID="true_167">RSS jarioak</text>
      <target FeatureID="true_167" href="OSS_HLP_RSS_ADD.html">Web jarioak gehitzea</target>
      <target FeatureID="true_167" href="OSS_HLP_RSS_ARTICLELST.html">Web jarioak</target>
      <target FeatureID="true_167" href="OSS_HLP_RSS_MAIN.html">Web jarioak eta blogak</target>
   </keywords>
   <keywords>
      <text FeatureID="true_167">berriak eta blogak</text>
      <target FeatureID="true_167" href="OSS_HLP_RSS_ADD.html">Web jarioak gehitzea</target>
      <target FeatureID="true_167" href="OSS_HLP_RSS_EDIT.html">Web jarioak editatzea</target>
      <target FeatureID="true_167" href="OSS_HLP_RSS_ARTICLE.html">Web jarioetako artikuluak</target>
      <target FeatureID="true_167" href="OSS_HLP_RSS_ARTICLELST.html">Web jarioak</target>
      <target FeatureID="true_167" href="OSS_HLP_RSS_MAIN.html">Web jarioak eta blogak</target>
   </keywords>
   <keywords>
      <text FeatureID="true_167">blogak</text>
      <target FeatureID="true_167" href="OSS_HLP_RSS_ADD.html">Web jarioak gehitzea</target>
      <target FeatureID="true_167" href="OSS_HLP_RSS_EDIT.html">Web jarioak editatzea</target>
      <target FeatureID="true_167" href="OSS_HLP_RSS_ARTICLE.html">Web jarioetako artikuluak</target>
      <target FeatureID="true_167" href="OSS_HLP_RSS_ARTICLELST.html">Web jarioak</target>
      <target FeatureID="true_167" href="OSS_HLP_RSS_MAIN.html">Web jarioak eta blogak</target>
   </keywords>
   <keywords>
      <text FeatureID="-1">orriak arakatzen</text>
      <target FeatureID="-1" href="OSS_HLP_PAGEVIEW.html">Weba arakatu</target>
   </keywords>
   <keywords>
      <text FeatureID="-1">laster-markak irekitzen</text>
      <target FeatureID="-1" href="OSS_HLP_BM_MAIN.html">Laster-markak arakatu</target>
   </keywords>
   <keywords>
      <text FeatureID="true_167">rss jarioak</text>
      <target FeatureID="true_167" href="OSS_HLP_RSS_EDIT.html">Web jarioak editatzea</target>
      <target FeatureID="true_167" href="OSS_HLP_RSS_ARTICLE.html">Web jarioetako artikuluak</target>
   </keywords>
   <keywords>
      <text FeatureID="-1">arakatzaileko ezarpenak</text>
      <target FeatureID="-1" href="OSS_HLP_SETTINGS_GENERAL.html">Ezarpen orokorrak</target>
      <target FeatureID="-1" href="OSS_HLP_SETTINGS_PAGE.html">Orriaren ezarpenak</target>
      <target FeatureID="-1" href="OSS_HLP_SETTINGS_PRIVACY.html">Pribatutasun ezarpenak</target>
      <target FeatureID="-1" href="OSS_HLP_SETTINGS_FOLDERS.html">Web ezarpenak</target>
   </keywords>
   <keywords>
      <text FeatureID="-1">web ezarpenak</text>
      <target FeatureID="-1" href="OSS_HLP_SETTINGS_GENERAL.html">Ezarpen orokorrak</target>
      <target FeatureID="-1" href="OSS_HLP_SETTINGS_PAGE.html">Orriaren ezarpenak</target>
      <target FeatureID="-1" href="OSS_HLP_SETTINGS_PRIVACY.html">Pribatutasun ezarpenak</target>
      <target FeatureID="true_167" href="OSS_HLP_SETTINGS_RSS.html">Web jario ezarpenak</target>
      <target FeatureID="true_167" href="OSS_HLP_SETTINGS_RSS.html">Web jario ezarpenak</target>
      <target FeatureID="-1" href="OSS_HLP_SETTINGS_FOLDERS.html">Web ezarpenak</target>
      <target FeatureID="false_410" href="OSS_HLP_SHORTCUTS.html">Tresna-barraren lasterbideak</target>
   </keywords>
   <keywords>
      <text FeatureID="-1">weberako prestatzen</text>
      <target FeatureID="-1" href="OSS_HLP_SETTINGS_PAGE.html">Orriaren ezarpenak</target>
      <target FeatureID="-1" href="OSS_HLP_SETTINGS_FOLDERS.html">Web ezarpenak</target>
   </keywords>
   <keywords>
      <text FeatureID="-1">pribatutasun ezarpenak</text>
      <target FeatureID="-1" href="OSS_HLP_SETTINGS_PRIVACY.html">Pribatutasun ezarpenak</target>
   </keywords>
   <keywords>
      <text FeatureID="true_167">arakatzaile ezarpenak</text>
      <target FeatureID="true_167" href="OSS_HLP_SETTINGS_RSS.html">Web jario ezarpenak</target>
   </keywords>
   <keywords>
      <text FeatureID="-1">orri zehatz bat irekitzen</text>
      <target FeatureID="-1" href="OSS_HLP_PAGEVIEW_EMBED.html">Weba aplikazioetan</target>
   </keywords>
   <keywords>
      <text FeatureID="-1">weba aplikazioetan</text>
      <target FeatureID="-1" href="OSS_HLP_PAGEVIEW_EMBED.html">Weba aplikazioetan</target>
   </keywords>
   <keywords>
      <text FeatureID="false_410">arakatzailearen ezarpenak</text>
      <target FeatureID="false_410" href="OSS_HLP_SHORTCUTS.html">Tresna-barraren lasterbideak</target>
   </keywords>
</keywords>