<?xml version="1.0" encoding="UTF-8"?>
<keywords>
   <keywords>
      <text FeatureID="-1">entrées de type anniversaire, création</text>
      <target FeatureID="-1" href="FSCA_HLP_ANNIVERSARY_EDITOR.html">Créer des entrées de type anniversaire</target>
   </keywords>
   <keywords>
      <text FeatureID="-1">entrées de type réunion, création</text>
      <target FeatureID="-1" href="FSCA_HLP_CALE_MEETING_EDITOR.html">Créer des entrées de type réunion</target>
   </keywords>
   <keywords>
      <text FeatureID="-1">entrées de type mémo, création</text>
      <target FeatureID="-1" href="FSCA_HLP_MEMO_EDITOR.html">Créer des entrées de type mémo</target>
   </keywords>
   <keywords>
      <text FeatureID="-1">entrées de tâches, création</text>
      <target FeatureID="-1" href="FSCA_HLP_TODO_EDITOR.html">Créer des entrées de type tâche</target>
   </keywords>
   <keywords>
      <text FeatureID="-1">entrées de type réunion, modifier</text>
      <target FeatureID="-1" href="FSCA_HLP_CALE_MEETING_VIEWER.html">Modifier les entrées de type réunion</target>
   </keywords>
   <keywords>
      <text FeatureID="-1">entrées de type mémo, modifier</text>
      <target FeatureID="-1" href="FSCA_HLP_MEMO_VIEWER.html">Modifier les entrées de type mémo</target>
   </keywords>
   <keywords>
      <text FeatureID="-1">entrées de tâches, modifier</text>
      <target FeatureID="-1" href="FSCA_HLP_TODO_VIEWER.html">Modifier les entrées de type tâche</target>
   </keywords>
   <keywords>
      <text FeatureID="-1">entrées de type anniversaire, afficher</text>
      <target FeatureID="-1" href="FSCA_HLP_ANNI_VIEWER.html">Modifier les entrées de type anniversaire</target>
   </keywords>
   <keywords>
      <text FeatureID="-1">demandes de réunion, modification des réponses</text>
      <target FeatureID="-1" href="FSCA_HLP_RESPONSE_EDITOR.html">Modifier votre réponse</target>
   </keywords>
   <keywords>
      <text FeatureID="-1">demandes de réunion, gestion</text>
      <target FeatureID="-1" href="FSCA_HLP_VIEWER_ORGANIZER.html">Gérer les demandes de réunion</target>
   </keywords>
   <keywords>
      <text FeatureID="-1">demandes de réunion, modifier</text>
      <target FeatureID="-1" href="MEET_REQ_HLP_EDITOR.html">Demandes de réunion reçues</target>
   </keywords>
   <keywords>
      <text FeatureID="-1">demandes de réunion, réponse</text>
      <target FeatureID="-1" href="FSCA_HLP_VIEWER.html">Répondre aux demandes de réunion</target>
   </keywords>
   <keywords>
      <text FeatureID="-1">contacts</text>
      <target FeatureID="-1" href="RLOOK_HLP_INFO_VIEW.html">Gérer le contact trouvé</target>
   </keywords>
   <keywords>
      <text FeatureID="-1">contacts, recherche</text>
      <target FeatureID="-1" href="RLOOK_HLP_RESULT_VIEW.html">Résultats de la recherche</target>
   </keywords>
   <keywords>
      <text FeatureID="-1">e-mail, pièces jointes</text>
      <target FeatureID="-1" href="FSE_HLP_ATTACHMENT_LIST_EDITOR.html">Ajouter des pièces jointes</target>
   </keywords>
   <keywords>
      <text FeatureID="-1">e-mails supprimés</text>
      <target FeatureID="-1" href="FSE_HLP_MESSAGE_LIST_DELETED.html">E-mails supprimés</target>
   </keywords>
   <keywords>
      <text FeatureID="-1">télécharger des pièces jointes à un e-mail</text>
      <target FeatureID="-1" href="FSE_HLP_ATTACHMENT_LIST.html">Télécharger des pièces jointes</target>
   </keywords>
   <keywords>
      <text FeatureID="-1">brouillons des e-mails</text>
      <target FeatureID="-1" href="FSE_HLP_MESSAGE_LIST_DRAFTS.html">Brouillons des e-mails</target>
   </keywords>
   <keywords>
      <text FeatureID="-1">Nokia E-mail</text>
      <target FeatureID="-1" href="FSE_HLP_LAUNCHER_GRID.html">Nokia E-mail</target>
   </keywords>
   <keywords>
      <text FeatureID="-1">e-mail</text>
      <target FeatureID="-1" href="FSE_HLP_LAUNCHER_GRID.html">Nokia E-mail</target>
   </keywords>
   <keywords>
      <text FeatureID="-1">dossiers d'e-mail</text>
      <target FeatureID="-1" href="FSE_HLP_FOLDER_LIST.html">Dossiers d'e-mail</target>
      <target FeatureID="-1" href="FSE_HLP_SETT_IMAP_SUBSCR.html">Souscrire à des dossiers</target>
      <target FeatureID="-1" href="FSE_HLP_MESSAGE_LIST_INBOX.html">Utilisation des dossiers d'e-mail</target>
   </keywords>
   <keywords>
      <text FeatureID="-1">paramètres des e-mails</text>
      <target FeatureID="-1" href="FSE_HLP_LAUNCHER_SETTINGS.html">Paramètres généraux des e-mails</target>
      <target FeatureID="-1" href="FSE_HLP_POP_IMAP_SETT_OUTGOING.html">Paramètres des e-mails sortants</target>
      <target FeatureID="-1" href="FSE_HLP_POP_IMAP_SETT_MAIN.html">Paramètres des e-mails</target>
      <target FeatureID="-1" href="FSE_HLP_IMS_SETTINGS_MAIN_VIEW.html">Paramètres des e-mails</target>
      <target FeatureID="-1" href="FSE_HLP_MFE_SETTINGS_MAIN_VIEW.html">Paramètres des e-mails</target>
   </keywords>
   <keywords>
      <text FeatureID="-1">paramètres globaux des e-mails</text>
      <target FeatureID="-1" href="FSE_HLP_SETTINGS_GLOBAL.html">Paramètres globaux des e-mails</target>
   </keywords>
   <keywords>
      <text FeatureID="-1">e-mail HTML</text>
      <target FeatureID="-1" href="FS_VIEWER_HLP_HTML_VIEW.html">E-mails au format HTML</target>
   </keywords>
   <keywords>
      <text FeatureID="-1">paramètres avancés des e-mails</text>
      <target FeatureID="-1" href="FSE_HLP_POP_IMAP_SETT_ADV.html">Paramètres avancés des e-mails</target>
   </keywords>
   <keywords>
      <text FeatureID="-1">paramètres des e-mails entrants</text>
      <target FeatureID="-1" href="FSE_HLP_POP_IMAP_SETT_INCOMING.html">Paramètres des e-mails entrants</target>
   </keywords>
   <keywords>
      <text FeatureID="-1">synchronisation de l'e-mail</text>
      <target FeatureID="-1" href="FSE_HLP_POP_IMAP_SETT_WHAT.html">Sélectionner le contenu à synchroniser</target>
   </keywords>
   <keywords>
      <text FeatureID="-1">heure de synchronisation de l'e-mail</text>
      <target FeatureID="-1" href="FSE_HLP_POP_IMAP_SETT_WHEN.html">Sélectionner le temps de synchronisation</target>
      <target FeatureID="-1" href="FSE_HLP_IMS_SETTINGS_WHEN_SYNC.html">Définir l'heure de la synchronisation</target>
      <target FeatureID="-1" href="FSE_HLP_MFE_SETTINGS_WHEN_SYNC.html">Choisir l'heure de synchronisation</target>
   </keywords>
   <keywords>
      <text FeatureID="-1">paramètres du compte e-mail</text>
      <target FeatureID="-1" href="FSE_HLP_IMS_SETTINGS_ACCT_INFO.html">Paramètres du compte e-mail</target>
   </keywords>
   <keywords>
      <text FeatureID="-1">paramètres avancés de la boîte aux lettres</text>
      <target FeatureID="-1" href="FSE_HLP_IMS_SETTINGS_ADVANCED.html">Paramètres avancés de la boîte aux lettres</target>
      <target FeatureID="-1" href="FSE_HLP_MFE_SETTINGS_ADVANCED.html">Paramètres avancés de la boîte aux lettres</target>
   </keywords>
   <keywords>
      <text FeatureID="-1">paramètres de la boîte aux lettres</text>
      <target FeatureID="-1" href="FSE_HLP_IMS_SETTINGS_MAILBOX.html">Paramètres de la boîte aux lettres</target>
      <target FeatureID="-1" href="FSE_HLP_MFE_SETTINGS_MAILBOX.html">Paramètres généraux de la boîte aux lettres</target>
   </keywords>
   <keywords>
      <text FeatureID="-1">contenu de la synchronisation de l'e-mail</text>
      <target FeatureID="-1" href="FSE_HLP_IMS_SETTINGS_WHAT_SYNC.html">Définir le contenu à synchroniser</target>
      <target FeatureID="-1" href="FSE_HLP_MFE_SETTINGS_WHAT_SYNC.html">Choisir le contenu à synchroniser</target>
   </keywords>
   <keywords>
      <text FeatureID="-1">synchronisation des dossiers d'e-mail</text>
      <target FeatureID="-1" href="FSE_HLP_IMS_SETTINGS_FOLDER.html">Synchroniser les dossiers d'e-mail</target>
      <target FeatureID="-1" href="FSE_HLP_MFE_SETTINGS_FOLDER.html">Paramètres de synchronisation</target>
   </keywords>
   <keywords>
      <text FeatureID="-1">paramètres des services e-mail</text>
      <target FeatureID="-1" href="FSE_HLP_SETTINGS_INTELL_LIST.html">Paramètres des services e-mail</target>
   </keywords>
   <keywords>
      <text FeatureID="-1">Intellisync</text>
      <target FeatureID="-1" href="FSE_HLP_IMS_LAUNCHER_MAIN_VIEW.html">E-mail Intellisync</target>
   </keywords>
   <keywords>
      <text FeatureID="-1">Mail pour Exchange</text>
      <target FeatureID="-1" href="FSE_HLP_MFE_LAUNCHER_MAIN_VIEW.html">E-mail Mail pour Exchange</target>
   </keywords>
   <keywords>
      <text FeatureID="-1">détails des e-mails</text>
      <target FeatureID="-1" href="FS_VIEWER_HLP_DETAILS_VIEW.html">Détails des messages</target>
   </keywords>
   <keywords>
      <text FeatureID="-1">paramètres de synchronisation de l'e-mail</text>
      <target FeatureID="-1" href="FSE_HLP_MFE_SETTINGS_PIM_APPS.html">Paramètres de synchronisation des applications</target>
   </keywords>
   <keywords>
      <text FeatureID="-1">synchronisation de l'agenda</text>
      <target FeatureID="-1" href="FSE_HLP_MFE_CALENDAR_APP.html">Paramètres de synchronisation de l'Agenda</target>
   </keywords>
   <keywords>
      <text FeatureID="-1">synchronisation des contacts,</text>
      <target FeatureID="-1" href="FSE_HLP_MFE_CONTACTS_APP.html">Paramètres de synchronisation des Contacts</target>
   </keywords>
   <keywords>
      <text FeatureID="-1">synchronisation des tâches</text>
      <target FeatureID="-1" href="FSE_HLP_MFE_TASKS_APP.html">Paramètres de synchronisation des tâches</target>
   </keywords>
   <keywords>
      <text FeatureID="-1">aucun e-mail</text>
      <target FeatureID="-1" href="FSE_HLP_MESSAGE_LIST_EMPTY.html">Aucun message</target>
   </keywords>
   <keywords>
      <text FeatureID="-1">boîte d'envoi des e-mails</text>
      <target FeatureID="-1" href="FSE_HLP_MESSAGE_LIST_OUTBOX.html">Utiliser la boîte d'envoi</target>
   </keywords>
   <keywords>
      <text FeatureID="-1">demandes de réunion</text>
      <target FeatureID="-1" href="FS_VIEWER_HLP_MEETING_REQ_VIEW.html">Demande de réunion</target>
   </keywords>
   <keywords>
      <text FeatureID="-1">recherche des e-mails</text>
      <target FeatureID="-1" href="FSE_HLP_MESSAGE_LIST_SEARCHING.html">Rechercher des e-mails</target>
   </keywords>
   <keywords>
      <text FeatureID="-1">résultat de la recherche des e-mails</text>
      <target FeatureID="-1" href="FSE_HLP_MESSAGE_LIST_SEARCHED.html">Résultats de la recherche</target>
   </keywords>
   <keywords>
      <text FeatureID="-1">heure de synchronisation des e-mails</text>
      <target FeatureID="-1" href="FSE_HLP_SETTINGS_WHEN_SYNC.html">Heure de synchronisation</target>
   </keywords>
   <keywords>
      <text FeatureID="-1">envoi des e-mails</text>
      <target FeatureID="-1" href="FS_EDITOR_HLP_MAIN_VIEW.html">Envoyer des e-mails</target>
   </keywords>
   <keywords>
      <text FeatureID="-1">Service PIM</text>
      <target FeatureID="-1" href="FSE_HLP_SETTINGS_PIM_VIEW.html">service PIM</target>
   </keywords>
   <keywords>
      <text FeatureID="-1">synchronisation des applications</text>
      <target FeatureID="-1" href="FSE_HLP_SETTINGS_APPLICATIONS.html">Synchroniser des applications</target>
   </keywords>
   <keywords>
      <text FeatureID="-1">pièces jointes à un e-mail</text>
      <target FeatureID="-1" href="FSE_HLP_ATTACHMENT_DOWNLOAD.html">Afficher les téléchargements de pièces jointes</target>
   </keywords>
   <keywords>
      <text FeatureID="-1">e-mails reçus</text>
      <target FeatureID="-1" href="FS_VIEWER_HLP_MAIN_VIEW.html">Utilisation des e-mails reçus</target>
   </keywords>
</keywords>