<?xml version="1.0" encoding="UTF-8"?>
<keywords>
   <keywords>
      <text FeatureID="-1">přizpůsobení profilů</text>
      <target FeatureID="-1" href="MODE_HLP_PERSONALISE.html">Přizpůsobení profilů</target>
   </keywords>
   <keywords>
      <text FeatureID="-1">nastavení tónů</text>
      <target FeatureID="-1" href="SET_HLP_PERSONAL_TONES.html">Nastavení tónů</target>
   </keywords>
   <keywords>
      <text FeatureID="-1">vyzváněcí tóny</text>
      <target FeatureID="-1" href="SET_HLP_PERSONAL_TONES.html">Nastavení tónů</target>
   </keywords>
   <keywords>
      <text FeatureID="-1">profily</text>
      <target FeatureID="-1" href="MODE_HLP_PROFILES_LIST.html">Profily</target>
   </keywords>
   <keywords>
      <text FeatureID="-1">změna profilů</text>
      <target FeatureID="-1" href="MODE_HLP_PROFILES_LIST.html">Profily</target>
   </keywords>
</keywords>