<?xml version="1.0" encoding="UTF-8"?>
<keywords>
   <keywords>
      <text FeatureID="true_1091">Editor USSD</text>
      <target FeatureID="true_1091" href="USSD_HLP_EDITOR.html">Arahan khidmat</target>
   </keywords>
   <keywords>
      <text FeatureID="true_1091">arahan khidmat</text>
      <target FeatureID="true_1091" href="USSD_HLP_EDITOR.html">Arahan khidmat</target>
   </keywords>
   <keywords>
      <text FeatureID="true_1091">perkhidmatan rangkaian</text>
      <target FeatureID="true_1091" href="USSD_HLP_EDITOR.html">Arahan khidmat</target>
   </keywords>
</keywords>