<?xml version="1.0" encoding="UTF-8"?><?xml-stylesheet  href="../../theme/xsl/index2html.xslt" type="text/xsl"?>
<topics FeatureID="-1" title="Videolar ve TV" compressed="true">
   <topicref FeatureID="-1" href="IPTV_HLP_MAIN_STATE.html" navtitle="Videolar ve TV"/>
   <topicref FeatureID="-1" href="IPTV_HLP_VODCAST_MAIN.html" navtitle="Video yayınları"/>
   <topicref FeatureID="-1" href="IPTV_HLP_SERVICE_SELECTION_VOD.html" navtitle="Video servislerini seçme"/>
   <topicref FeatureID="-1" href="IPTV_HLP_VOD_CATEGORIES.html" navtitle="Video kategorileri"/>
   <topicref FeatureID="-1" href="IPTV_HLP_VOD.html" navtitle="Video klipleri görüntüleme ve indirme"/>
   <topicref FeatureID="-1" href="IPTV_HLP_SCHEDULE_DOWNLOAD.html" navtitle="İndirmeleri planlama"/>
   <topicref FeatureID="-1" href="IPTV_HLP_STORAGE.html" navtitle="Videolarım"/>
   <topicref FeatureID="-1" href="IPTV_HLP_SETTINGS.html" navtitle="Videolar ve TV ayarları"/>
   <topicref FeatureID="-1" href="IPTV_HLP_SERVICE_SEL_VODCAST.html" navtitle="Video yayınlarını seçme"/>
   <topicref FeatureID="-1" href="IPTV_HLP_ADD_SERVICE.html" navtitle="Video yayını ekleme"/>
</topics>