<?xml version="1.0" encoding="UTF-8"?>
<keywords>
   <keywords>
      <text FeatureID="-1">videolar ve TV</text>
      <target FeatureID="-1" href="IPTV_HLP_MAIN_STATE.html">Videolar ve TV</target>
      <target FeatureID="-1" href="IPTV_HLP_VODCAST_MAIN.html">Video yayınları</target>
      <target FeatureID="-1" href="IPTV_HLP_SERVICE_SELECTION_VOD.html">Video servislerini seçme</target>
      <target FeatureID="-1" href="IPTV_HLP_VOD_CATEGORIES.html">Video kategorileri</target>
      <target FeatureID="-1" href="IPTV_HLP_VOD.html">Video klipleri görüntüleme ve indirme</target>
      <target FeatureID="-1" href="IPTV_HLP_SCHEDULE_DOWNLOAD.html">İndirmeleri planlama</target>
      <target FeatureID="-1" href="IPTV_HLP_STORAGE.html">Videolarım</target>
      <target FeatureID="-1" href="IPTV_HLP_SERVICE_SEL_VODCAST.html">Video yayınlarını seçme</target>
      <target FeatureID="-1" href="IPTV_HLP_ADD_SERVICE.html">Video yayını ekleme</target>
   </keywords>
   <keywords>
      <text FeatureID="-1">video yayınları</text>
      <target FeatureID="-1" href="IPTV_HLP_VODCAST_MAIN.html">Video yayınları</target>
      <target FeatureID="-1" href="IPTV_HLP_VOD_CATEGORIES.html">Video kategorileri</target>
      <target FeatureID="-1" href="IPTV_HLP_SERVICE_SEL_VODCAST.html">Video yayınlarını seçme</target>
      <target FeatureID="-1" href="IPTV_HLP_ADD_SERVICE.html">Video yayını ekleme</target>
   </keywords>
   <keywords>
      <text FeatureID="-1">indirilebilir öğeler, video klipleri</text>
      <target FeatureID="-1" href="IPTV_HLP_VOD.html">Video klipleri görüntüleme ve indirme</target>
      <target FeatureID="-1" href="IPTV_HLP_SCHEDULE_DOWNLOAD.html">İndirmeleri planlama</target>
   </keywords>
   <keywords>
      <text FeatureID="-1">videolar ve TV, ayarlar</text>
      <target FeatureID="-1" href="IPTV_HLP_SETTINGS.html">Videolar ve TV ayarları</target>
   </keywords>
   <keywords>
      <text FeatureID="-1">ayarlar, video</text>
      <target FeatureID="-1" href="IPTV_HLP_SETTINGS.html">Videolar ve TV ayarları</target>
   </keywords>
</keywords>