<?xml version="1.0" encoding="UTF-8"?>
<keywords>
   <keywords>
      <text FeatureID="true_11008 false_11008">registre del dispositiu</text>
      <target FeatureID="true_11008" href="DRM_HLP_REGISTRATION_METERING.html">Registre del dispositiu</target>
      <target FeatureID="false_11008" href="DRM_HLP_REGISTRATION.html">Registre del dispositiu</target>
   </keywords>
   <keywords>
      <text FeatureID="true_11008">adquisició de drets silenciosos</text>
      <target FeatureID="true_11008" href="DRM_HLP_REGISTRATION_METERING.html">Registre del dispositiu</target>
   </keywords>
   <keywords>
      <text FeatureID="true_11008">recompte</text>
      <target FeatureID="true_11008" href="DRM_HLP_REGISTRATION_METERING.html">Registre del dispositiu</target>
   </keywords>
</keywords>