<?xml version="1.0" encoding="UTF-8"?>
<keywords>
   <keywords>
      <text FeatureID="-1">deien postontzia</text>
      <target FeatureID="-1" href="SMSVO_HLP_MAIN_VIEW.html">Deien postontzia</target>
   </keywords>
   <keywords>
      <text FeatureID="-1">erantzungailua</text>
      <target FeatureID="-1" href="SMSVO_HLP_MAIN_VIEW.html">Deien postontzia</target>
      <target FeatureID="true_89" href="SMSVO_HLP_CS_AND_VIDEO.html">Deien eta bideoen erantzungailua</target>
      <target FeatureID="true_298" href="SMSVO_HLP_CS_VIDEO_AND_XSP_VOIP.html">Deien, bideo-deien eta Interneteko deien erantzungailua</target>
   </keywords>
   <keywords>
      <text FeatureID="true_89">bideoen erantzungailua</text>
      <target FeatureID="true_89" href="SMSVO_HLP_CS_AND_VIDEO.html">Deien eta bideoen erantzungailua</target>
   </keywords>
   <keywords>
      <text FeatureID="true_298">Interneteko deien erantzungailua</text>
      <target FeatureID="true_298" href="SMSVO_HLP_CS_VIDEO_AND_XSP_VOIP.html">Deien, bideo-deien eta Interneteko deien erantzungailua</target>
   </keywords>
   <keywords>
      <text FeatureID="true_298">deien erantzungailua</text>
      <target FeatureID="true_298" href="SMSVO_HLP_CS_VIDEO_AND_XSP_VOIP.html">Deien, bideo-deien eta Interneteko deien erantzungailua</target>
   </keywords>
</keywords>