<?xml version="1.0" encoding="UTF-8"?>
<keywords>
   <keywords>
      <text FeatureID="true_1091">USSD-Editor</text>
      <target FeatureID="true_1091" href="USSD_HLP_EDITOR.html">Dienstbefehle</target>
   </keywords>
   <keywords>
      <text FeatureID="true_1091">Dienstbefehle</text>
      <target FeatureID="true_1091" href="USSD_HLP_EDITOR.html">Dienstbefehle</target>
   </keywords>
   <keywords>
      <text FeatureID="true_1091">Netzdienste</text>
      <target FeatureID="true_1091" href="USSD_HLP_EDITOR.html">Dienstbefehle</target>
   </keywords>
</keywords>