<?xml version="1.0" encoding="UTF-8"?>
<keywords>
   <keywords>
      <text FeatureID="-1">pagpapasadya ng mga profile</text>
      <target FeatureID="-1" href="MODE_HLP_PERSONALISE.html">Ipasadya ang mga profile</target>
   </keywords>
   <keywords>
      <text FeatureID="-1">mga setting ng tono</text>
      <target FeatureID="-1" href="SET_HLP_PERSONAL_TONES.html">Mga setting ng tono</target>
   </keywords>
   <keywords>
      <text FeatureID="-1">mga tono ng pang-ring</text>
      <target FeatureID="-1" href="SET_HLP_PERSONAL_TONES.html">Mga setting ng tono</target>
   </keywords>
   <keywords>
      <text FeatureID="-1">mga profile</text>
      <target FeatureID="-1" href="MODE_HLP_PROFILES_LIST.html">Mga profile</target>
   </keywords>
   <keywords>
      <text FeatureID="-1">pagpapalit ng mga profile</text>
      <target FeatureID="-1" href="MODE_HLP_PROFILES_LIST.html">Mga profile</target>
   </keywords>
</keywords>