<?xml version="1.0" encoding="UTF-8"?>
<keywords>
   <keywords>
      <text FeatureID="-1">Data ng GPS</text>
      <target FeatureID="-1" href="HLP_BLID_NAVIGATION.html">View ng pag-navigate</target>
      <target FeatureID="false_112" href="BLID_HLP_WAYPOINTS.html">Nai-save na mga lokasyon</target>
      <target FeatureID="-1" href="HLP_BLID_TRIPMETER.html">View ng distansiya ng biyahe</target>
   </keywords>
   <keywords>
      <text FeatureID="-1">pag-navigate sa patutunguhan</text>
      <target FeatureID="-1" href="HLP_BLID_NAVIGATION.html">View ng pag-navigate</target>
   </keywords>
   <keywords>
      <text FeatureID="false_112">mga lokasyon sa pagse-save</text>
      <target FeatureID="false_112" href="BLID_HLP_WAYPOINTS.html">Nai-save na mga lokasyon</target>
   </keywords>
   <keywords>
      <text FeatureID="-1">mga setting ng navigator</text>
      <target FeatureID="-1" href="BLID_HLP_SETTINGS.html">Mga setting ng data ng GPS</target>
   </keywords>
   <keywords>
      <text FeatureID="-1">Mga setting ng data ng GPS</text>
      <target FeatureID="-1" href="BLID_HLP_SETTINGS.html">Mga setting ng data ng GPS</target>
   </keywords>
   <keywords>
      <text FeatureID="-1">impormasyon sa biyahe</text>
      <target FeatureID="-1" href="HLP_BLID_TRIPMETER.html">View ng distansiya ng biyahe</target>
   </keywords>
   <keywords>
      <text FeatureID="-1">impormasyon sa paglalakabay</text>
      <target FeatureID="-1" href="HLP_BLID_TRIPMETER.html">View ng distansiya ng biyahe</target>
   </keywords>
</keywords>