<?xml version="1.0" encoding="UTF-8"?>
<keywords>
   <keywords>
      <text FeatureID="true_13 true_1566">Conexiune prin cablu USB</text>
      <target FeatureID="true_13" href="USB_HLP_MAIN.html">Setări USB</target>
      <target FeatureID="true_1566" href="USB_HLP_PRINT_SETTINGS.html">Setările imprimantei</target>
   </keywords>
   <keywords>
      <text FeatureID="true_13">conexiune prin cablu</text>
      <target FeatureID="true_13" href="USB_HLP_MAIN.html">Setări USB</target>
   </keywords>
   <keywords>
      <text FeatureID="true_1566">imprimare</text>
      <target FeatureID="true_1566" href="USB_HLP_PRINT_SETTINGS.html">Setările imprimantei</target>
   </keywords>
   <keywords>
      <text FeatureID="true_1566">setări, imprimantă</text>
      <target FeatureID="true_1566" href="USB_HLP_PRINT_SETTINGS.html">Setările imprimantei</target>
   </keywords>
</keywords>