<?xml version="1.0" encoding="UTF-8"?><?xml-stylesheet  href="../../theme/xsl/index2html.xslt" type="text/xsl"?>
<topics FeatureID="-1" title="Kalender" compressed="true">
   <topicref FeatureID="-1" href="CALE_HLP_NOTE_VIEWER.html" navtitle="Kalenderposter"/>
   <topicref FeatureID="-1" href="CALE_HLP_SETTINGS.html" navtitle="Kalenderinställningar"/>
   <topicref FeatureID="-1" href="CALE_HLP_DAY_VIEW.html" navtitle="Dagvy"/>
   <topicref FeatureID="-1" href="CALE_HLP_NOTE_MEETING.html" navtitle="Mötesposter"/>
   <topicref FeatureID="-1" href="CALE_HLP_MONTH_VIEW.html" navtitle="Månadsvy"/>
   <topicref FeatureID="-1" href="CALE_HLP_TODO_NOTE.html" navtitle="Att-göra-poster"/>
   <topicref FeatureID="-1" href="CALE_HLP_TODO_VIEW.html" navtitle="Att göra-vy"/>
   <topicref FeatureID="-1" href="CALE_HLP_WEEK_VIEW.html" navtitle="Veckovy"/>
   <topicref FeatureID="-1" href="CALE_HLP_CALENDAR_DATABASE_SETTINGS.html" navtitle="Flera kalenderinställningar"/>
   <topicref FeatureID="-1" href="CALE_HLP_CALE_MAN_VIEW.html" navtitle="Kalenderhanteringsvy"/>
   <topicref FeatureID="-1" href="CALE_HLP_ATTACH_VIEW.html" navtitle="Bilagevy"/>
   <topicref FeatureID="-1" href="CALE_HLP_MAV.html" navtitle="Vy över missade alarm"/>
</topics>