<?xml version="1.0" encoding="UTF-8"?>
<keywords>
   <keywords>
      <text FeatureID="-1">kalender</text>
      <target FeatureID="-1" href="CALE_HLP_NOTE_VIEWER.html">Kalenderposter</target>
      <target FeatureID="-1" href="CALE_HLP_DAY_VIEW.html">Dagvy</target>
      <target FeatureID="-1" href="CALE_HLP_NOTE_MEETING.html">Mötesposter</target>
      <target FeatureID="-1" href="CALE_HLP_MONTH_VIEW.html">Månadsvy</target>
      <target FeatureID="-1" href="CALE_HLP_TODO_NOTE.html">Att-göra-poster</target>
      <target FeatureID="-1" href="CALE_HLP_TODO_VIEW.html">Att göra-vy</target>
      <target FeatureID="-1" href="CALE_HLP_WEEK_VIEW.html">Veckovy</target>
      <target FeatureID="-1" href="CALE_HLP_CALENDAR_DATABASE_SETTINGS.html">Flera kalenderinställningar</target>
      <target FeatureID="-1" href="CALE_HLP_CALE_MAN_VIEW.html">Kalenderhanteringsvy</target>
      <target FeatureID="-1" href="CALE_HLP_ATTACH_VIEW.html">Bilagevy</target>
      <target FeatureID="-1" href="CALE_HLP_MAV.html">Vy över missade alarm</target>
   </keywords>
   <keywords>
      <text FeatureID="-1">möten</text>
      <target FeatureID="-1" href="CALE_HLP_NOTE_VIEWER.html">Kalenderposter</target>
      <target FeatureID="-1" href="CALE_HLP_NOTE_MEETING.html">Mötesposter</target>
   </keywords>
   <keywords>
      <text FeatureID="-1">att göra-poster</text>
      <target FeatureID="-1" href="CALE_HLP_NOTE_VIEWER.html">Kalenderposter</target>
      <target FeatureID="-1" href="CALE_HLP_TODO_NOTE.html">Att-göra-poster</target>
   </keywords>
   <keywords>
      <text FeatureID="-1">kalenderinställningar</text>
      <target FeatureID="-1" href="CALE_HLP_SETTINGS.html">Kalenderinställningar</target>
   </keywords>
   <keywords>
      <text FeatureID="-1">att göra-lista</text>
      <target FeatureID="-1" href="CALE_HLP_TODO_VIEW.html">Att göra-vy</target>
   </keywords>
   <keywords>
      <text FeatureID="-1">inställningar, kalender</text>
      <target FeatureID="-1" href="CALE_HLP_CALENDAR_DATABASE_SETTINGS.html">Flera kalenderinställningar</target>
   </keywords>
   <keywords>
      <text FeatureID="-1">bilagor</text>
      <target FeatureID="-1" href="CALE_HLP_ATTACH_VIEW.html">Bilagevy</target>
   </keywords>
   <keywords>
      <text FeatureID="-1">alarm, kalenderanteckning</text>
      <target FeatureID="-1" href="CALE_HLP_MAV.html">Vy över missade alarm</target>
   </keywords>
</keywords>