<?xml version="1.0" encoding="UTF-8"?>
<keywords>
   <keywords>
      <text FeatureID="-1">kalender</text>
      <target FeatureID="-1" href="CALE_HLP_NOTE_ANNIVERSARY.html">Poster för årsdagar</target>
      <target FeatureID="-1" href="CALE_HLP_NOTE_VIEWER.html">Kalenderposter</target>
      <target FeatureID="-1" href="CALE_HLP_DAY_VIEW.html">Dagvy</target>
      <target FeatureID="-1" href="CALE_HLP_NOTE_MEETING.html">Mötesposter</target>
      <target FeatureID="-1" href="CALE_HLP_NOTE_DAY.html">Anteckningsposter</target>
      <target FeatureID="-1" href="CALE_HLP_MONTH_VIEW.html">Månadsvy</target>
      <target FeatureID="-1" href="CALE_HLP_TODO_NOTE.html">Att-göra-poster</target>
      <target FeatureID="-1" href="CALE_HLP_TODO_VIEW.html">Att göra-vy</target>
      <target FeatureID="-1" href="CALE_HLP_WEEK_VIEW.html">Veckovy</target>
   </keywords>
   <keywords>
      <text FeatureID="-1">årsdagsanteckningar</text>
      <target FeatureID="-1" href="CALE_HLP_NOTE_ANNIVERSARY.html">Poster för årsdagar</target>
      <target FeatureID="-1" href="CALE_HLP_NOTE_VIEWER.html">Kalenderposter</target>
   </keywords>
   <keywords>
      <text FeatureID="-1">möten</text>
      <target FeatureID="-1" href="CALE_HLP_NOTE_VIEWER.html">Kalenderposter</target>
      <target FeatureID="-1" href="CALE_HLP_NOTE_MEETING.html">Mötesposter</target>
   </keywords>
   <keywords>
      <text FeatureID="-1">minnesanteckningar</text>
      <target FeatureID="-1" href="CALE_HLP_NOTE_VIEWER.html">Kalenderposter</target>
      <target FeatureID="-1" href="CALE_HLP_NOTE_DAY.html">Anteckningsposter</target>
   </keywords>
   <keywords>
      <text FeatureID="-1">att göra-poster</text>
      <target FeatureID="-1" href="CALE_HLP_NOTE_VIEWER.html">Kalenderposter</target>
      <target FeatureID="-1" href="CALE_HLP_TODO_NOTE.html">Att-göra-poster</target>
   </keywords>
   <keywords>
      <text FeatureID="-1">kalenderinställningar</text>
      <target FeatureID="-1" href="CALE_HLP_SETTINGS.html">Kalenderinställningar</target>
   </keywords>
   <keywords>
      <text FeatureID="-1">att göra-lista</text>
      <target FeatureID="-1" href="CALE_HLP_TODO_VIEW.html">Att göra-vy</target>
   </keywords>
</keywords>