<?xml version="1.0" encoding="UTF-8"?>
<keywords>
   <keywords>
      <text FeatureID="true_298">автовідповідач</text>
      <target FeatureID="true_298" href="SMSVO_HLP_CS_VIDEO_AND_XSP_VOIP.html">Скринька дзвінків, відеодзвінків та Інтернет-дзвінків</target>
   </keywords>
   <keywords>
      <text FeatureID="true_298">скринька Інтернет-дзвінків</text>
      <target FeatureID="true_298" href="SMSVO_HLP_CS_VIDEO_AND_XSP_VOIP.html">Скринька дзвінків, відеодзвінків та Інтернет-дзвінків</target>
   </keywords>
   <keywords>
      <text FeatureID="true_298">скринька дзвінків</text>
      <target FeatureID="true_298" href="SMSVO_HLP_CS_VIDEO_AND_XSP_VOIP.html">Скринька дзвінків, відеодзвінків та Інтернет-дзвінків</target>
   </keywords>
   <keywords>
      <text FeatureID="-1">Інтернет-дзвінки</text>
      <target FeatureID="-1" href="VOIP_HLP_CSC.html">Установки мережі</target>
      <target FeatureID="true_298" href="VOIP_HLP_SERVCATALOG.html">Каталог служб</target>
      <target FeatureID="-1" href="SERVTAB_HLP_SETTINGS.html">Установки закладки служб</target>
   </keywords>
</keywords>