<?xml version="1.0" encoding="UTF-8"?>
<keywords>
   <keywords>
      <text FeatureID="-1">déchiffrement, carte mémoire</text>
      <target FeatureID="-1" href="ES_HLP_ENCRYPTION_DECRYPT.html">Déchiffrer la carte mémoire</target>
   </keywords>
   <keywords>
      <text FeatureID="-1">chiffrement, carte mémoire</text>
      <target FeatureID="-1" href="ES_HLP_ENCRYPTION_ENCRYPT.html">Chiffrer la carte mémoire</target>
   </keywords>
   <keywords>
      <text FeatureID="-1">chiffrement, la mémoire de l'appareil et la carte mémoire</text>
      <target FeatureID="-1" href="ES_HLP_ENCRYPTION_MAIN.html">Chiffrer ou déchiffrer</target>
   </keywords>
   <keywords>
      <text FeatureID="-1">déchiffrement, la mémoire de l'appareil et la carte mémoire</text>
      <target FeatureID="-1" href="ES_HLP_ENCRYPTION_MAIN.html">Chiffrer ou déchiffrer</target>
   </keywords>
</keywords>