<?xml version="1.0" encoding="UTF-8"?>
<keywords>
   <keywords>
      <text FeatureID="-1">e-posta ayarları</text>
      <target FeatureID="-1" href="MBXS_HLP_SETT_DOWNL_CTRL.html">E-posta alımı ayarları</target>
      <target FeatureID="-1" href="MBXS_HLP_SETT_DOWNL_RETR.html">E-posta alımı miktarı</target>
      <target FeatureID="-1" href="MBXS_HLP_SETT_MBX_IN.html">Gelen e-posta ayarları</target>
      <target FeatureID="-1" href="MBXS_HLP_SETT_MBX_IN_OUT.html">Bağlantı ayarları</target>
      <target FeatureID="-1" href="MBXS_HLP_SETT_MBX_OUT.html">Giden e-posta ayarları</target>
      <target FeatureID="-1" href="MCE_HLP_SETTINGS_EMAIL.html">E-posta ayarları</target>
      <target FeatureID="-1" href="MCE_HLP_SETT_EMAILMAIN.html">Posta kutusu düzenleme</target>
      <target FeatureID="-1" href="MCE_HLP_SETT_MAILBLIST.html">Posta kutuları</target>
      <target FeatureID="-1" href="MCE_HLP_SETT_MAILFOLDER_UPD.html">Posta kutusu klasörleri</target>
      <target FeatureID="true_1633" href="MCE_HLP_SETT_MAIL_ONLI.html">Otomatik alım</target>
   </keywords>
   <keywords>
      <text FeatureID="-1">posta kutusu ayarları</text>
      <target FeatureID="-1" href="MCE_HLP_SETT_EMAILMAIN.html">Posta kutusu düzenleme</target>
   </keywords>
   <keywords>
      <text FeatureID="-1">posta kutusu</text>
      <target FeatureID="-1" href="MCE_HLP_SETT_MAILBLIST.html">Posta kutuları</target>
      <target FeatureID="-1" href="MCE_HLP_MAILBOX_ONLINE.html">Çevrimiçi e-posta</target>
   </keywords>
   <keywords>
      <text FeatureID="-1">posta kutusu klasörleri</text>
      <target FeatureID="-1" href="MCE_HLP_SETT_MAILFOLDER_UPD.html">Posta kutusu klasörleri</target>
   </keywords>
   <keywords>
      <text FeatureID="-1">kullanıcı ayarları</text>
      <target FeatureID="-1" href="MCE_HLP_SETT_MAIL_USER.html">Kullanıcı ayarları</target>
   </keywords>
   <keywords>
      <text FeatureID="true_44">senk. posta kutusu ayarları</text>
      <target FeatureID="true_44" href="MCE_HLP_SETT_SMAILBOX.html">Senk. posta kutusu ayarları</target>
   </keywords>
   <keywords>
      <text FeatureID="true_44">senk. e-posta ayarları</text>
      <target FeatureID="true_44" href="MCE_HLP_SETT_SMAILBOX.html">Senk. posta kutusu ayarları</target>
   </keywords>
   <keywords>
      <text FeatureID="-1">çevrimdışı e-posta</text>
      <target FeatureID="-1" href="MCE_HLP_MAILBOX_OFFLINE.html">Çevrimdışı e-posta</target>
   </keywords>
   <keywords>
      <text FeatureID="-1">posta kutusuna bağlantı</text>
      <target FeatureID="-1" href="MCE_HLP_MAILBOX_ONLINE.html">Çevrimiçi e-posta</target>
   </keywords>
   <keywords>
      <text FeatureID="-1">e-posta çevrimiçi</text>
      <target FeatureID="-1" href="MCE_HLP_MAILBOX_ONLINE.html">Çevrimiçi e-posta</target>
   </keywords>
   <keywords>
      <text FeatureID="-1">çevrimiçi e-posta</text>
      <target FeatureID="-1" href="MCE_HLP_MAILBOX_ONLINE.html">Çevrimiçi e-posta</target>
   </keywords>
</keywords>