<?xml version="1.0" encoding="UTF-8"?><?xml-stylesheet  href="../../theme/xsl/index2html.xslt" type="text/xsl"?>
<topics FeatureID="-1" title="Дневници" compressed="true">
   <topicref FeatureID="-1" href="GPRS_HLP_MAIN.html" navtitle="Връзки пак. данни"/>
   <topicref FeatureID="-1" href="LOGS_HLP_COUNTER.html" navtitle="Рег. пов. и данни"/>
   <topicref FeatureID="-1" href="LOGS_HLP_DETAIL.html" navtitle="Информация за събитие в дневника"/>
   <topicref FeatureID="-1" href="LOGS_HLP_MAIN.html" navtitle="Информация за дневника"/>
   <topicref FeatureID="-1" href="LOGS_HLP_SETTING.html" navtitle="Настр. на дневника"/>
   <topicref FeatureID="-1" href="STM_HLP_DIALLED.html" navtitle="Набрани номера"/>
   <topicref FeatureID="-1" href="STM_HLP_MAIN.html" navtitle="Последни повиквания"/>
   <topicref FeatureID="-1" href="STM_HLP_MISSED.html" navtitle="Неприети повиквания"/>
   <topicref FeatureID="-1" href="STM_HLP_RECEIVED.html" navtitle="Приети повиквания"/>
   <topicref FeatureID="-1" href="TIMERS_HLP_MAIN.html" navtitle="Времетраене на повикванията"/>
</topics>