<?xml version="1.0" encoding="UTF-8"?>
<keywords>
   <keywords>
      <text FeatureID="-1">връзки пак. данни</text>
      <target FeatureID="-1" href="GPRS_HLP_MAIN.html">Връзки пак. данни</target>
      <target FeatureID="-1" href="LOGS_HLP_COUNTER.html">Рег. пов. и данни</target>
   </keywords>
   <keywords>
      <text FeatureID="-1">продълж. на повикв.</text>
      <target FeatureID="-1" href="LOGS_HLP_COUNTER.html">Рег. пов. и данни</target>
   </keywords>
   <keywords>
      <text FeatureID="-1">последни повиквания</text>
      <target FeatureID="-1" href="LOGS_HLP_COUNTER.html">Рег. пов. и данни</target>
      <target FeatureID="-1" href="STM_HLP_MAIN.html">Последни повиквания</target>
   </keywords>
   <keywords>
      <text FeatureID="-1">дневници</text>
      <target FeatureID="-1" href="LOGS_HLP_DETAIL.html">Информация за събитие в дневника</target>
      <target FeatureID="-1" href="LOGS_HLP_MAIN.html">Информация за дневника</target>
   </keywords>
   <keywords>
      <text FeatureID="-1">настр. на дневника</text>
      <target FeatureID="-1" href="LOGS_HLP_SETTING.html">Настр. на дневника</target>
   </keywords>
   <keywords>
      <text FeatureID="-1">набрани номера</text>
      <target FeatureID="-1" href="STM_HLP_DIALLED.html">Набрани номера</target>
   </keywords>
   <keywords>
      <text FeatureID="-1">дневник на повикванията</text>
      <target FeatureID="-1" href="STM_HLP_MAIN.html">Последни повиквания</target>
   </keywords>
   <keywords>
      <text FeatureID="-1">неприети повиквания</text>
      <target FeatureID="-1" href="STM_HLP_MISSED.html">Неприети повиквания</target>
   </keywords>
   <keywords>
      <text FeatureID="-1">приети повиквания</text>
      <target FeatureID="-1" href="STM_HLP_RECEIVED.html">Приети повиквания</target>
      <target FeatureID="-1" href="STM_HLP_RECEIVED.html">Приети повиквания</target>
   </keywords>
   <keywords>
      <text FeatureID="-1">времетраене на повикв.</text>
      <target FeatureID="-1" href="TIMERS_HLP_MAIN.html">Времетраене на повикванията</target>
   </keywords>
   <keywords>
      <text FeatureID="-1">прод. повикв.</text>
      <target FeatureID="-1" href="TIMERS_HLP_MAIN.html">Времетраене на повикванията</target>
   </keywords>
</keywords>