<?xml version="1.0" encoding="UTF-8"?>
<keywords>
   <keywords>
      <text FeatureID="true_11008 false_11008">rejestracja urządzenia</text>
      <target FeatureID="true_11008" href="DRM_HLP_REGISTRATION_METERING.html">Rejestracja urządzenia</target>
      <target FeatureID="false_11008" href="DRM_HLP_REGISTRATION.html">Rejestracja urządzenia</target>
   </keywords>
   <keywords>
      <text FeatureID="true_11008">nabywanie cichych uprawnień</text>
      <target FeatureID="true_11008" href="DRM_HLP_REGISTRATION_METERING.html">Rejestracja urządzenia</target>
   </keywords>
   <keywords>
      <text FeatureID="true_11008">śledzenie</text>
      <target FeatureID="true_11008" href="DRM_HLP_REGISTRATION_METERING.html">Rejestracja urządzenia</target>
   </keywords>
</keywords>