<?xml version="1.0" encoding="UTF-8"?>
<keywords>
   <keywords>
      <text FeatureID="-1">gravação, sons</text>
      <target FeatureID="-1" href="VOREC_HLP_EMPTY_RECORDER.html">Gravar clipes de som</target>
   </keywords>
   <keywords>
      <text FeatureID="-1">gravador de voz</text>
      <target FeatureID="-1" href="VOREC_HLP_MAIN.html">Usar o Gravador voz</target>
   </keywords>
   <keywords>
      <text FeatureID="-1">gravar clipes de som</text>
      <target FeatureID="-1" href="VOREC_HLP_MAIN.html">Usar o Gravador voz</target>
   </keywords>
   <keywords>
      <text FeatureID="-1">configs. gravador de voz</text>
      <target FeatureID="-1" href="VOREC_HLP_SETTINGS.html">Configs. gravador de voz</target>
   </keywords>
</keywords>