<?xml version="1.0" encoding="UTF-8"?>
<keywords>
   <keywords>
      <text FeatureID="-1">fiksētie zvani</text>
      <target FeatureID="-1" href="FDN_HLP_FDN_NUM_EDIT_VIEW.html">Kontaktu rediģēšana</target>
      <target FeatureID="-1" href="FDN_HLP_FDN_NUMBER_VIEW.html">Fiksēto zvanu kontakti</target>
      <target FeatureID="-1" href="FDN_HLP_FDN_VIEW.html">Zvanu liegums</target>
   </keywords>
   <keywords>
      <text FeatureID="-1">zvanu liegums</text>
      <target FeatureID="-1" href="FDN_HLP_FDN_VIEW.html">Zvanu liegums</target>
   </keywords>
   <keywords>
      <text FeatureID="-1">pakalpojumu numuri</text>
      <target FeatureID="-1" href="SDN_HLP_APP.html">Pakalpojumu numuri</target>
   </keywords>
   <keywords>
      <text FeatureID="-1">SIM pakalp. numuri</text>
      <target FeatureID="-1" href="SDN_HLP_APP.html">Pakalpojumu numuri</target>
   </keywords>
   <keywords>
      <text FeatureID="-1">pakalp. nr. SIM kartē</text>
      <target FeatureID="-1" href="SDN_HLP_APP.html">Pakalpojumu numuri</target>
   </keywords>
   <keywords>
      <text FeatureID="-1">kontaktu grupas</text>
      <target FeatureID="-1" href="PHOB_HLP_GROUP_LIST.html">Kontaktu grupas</target>
      <target FeatureID="-1" href="PHOB_HLP_GROUP_MEMBER_LIST.html">Grupas dalībnieki</target>
   </keywords>
   <keywords>
      <text FeatureID="-1">SIM kontakti</text>
      <target FeatureID="-1" href="PHOB_HLP_SIM_LIST.html">SIM kontaktu katalogs</target>
   </keywords>
   <keywords>
      <text FeatureID="-1">SIM numurs</text>
      <target FeatureID="-1" href="PHOB_HLP_MY_NUMBERS.html">Mani numuri</target>
   </keywords>
   <keywords>
      <text FeatureID="-1">kontaktu vārdu kārtība</text>
      <target FeatureID="-1" href="PHOB_HLP_SETTINGS.html">Kontaktu uzstādījumi</target>
   </keywords>
   <keywords>
      <text FeatureID="-1">kontaktu atmiņa</text>
      <target FeatureID="-1" href="PHOB_HLP_SETTINGS.html">Kontaktu uzstādījumi</target>
   </keywords>
   <keywords>
      <text FeatureID="-1">noklusētā atmiņa</text>
      <target FeatureID="-1" href="PHOB_HLP_SETTINGS.html">Kontaktu uzstādījumi</target>
   </keywords>
   <keywords>
      <text FeatureID="-1">kontaktu katalogs</text>
      <target FeatureID="-1" href="PHOB_HLP_NAME_LIST.html">Kontaktu katalogs</target>
   </keywords>
   <keywords>
      <text FeatureID="-1">kontaktinformācija</text>
      <target FeatureID="-1" href="PHOB_HLP_NAME_LIST.html">Kontaktu katalogs</target>
   </keywords>
   <keywords>
      <text FeatureID="-1">tālruņu katalogs</text>
      <target FeatureID="-1" href="PHOB_HLP_NAME_LIST.html">Kontaktu katalogs</target>
   </keywords>
</keywords>