<?xml version="1.0" encoding="UTF-8"?>
<keywords>
   <keywords>
      <text FeatureID="-1">musiksvit</text>
      <target FeatureID="-1" href="MUS_HLP_MUSIC_SUITE_VIEW.html">Musiksvit</target>
   </keywords>
   <keywords>
      <text FeatureID="-1">musikspelare</text>
      <target FeatureID="-1" href="MUS_HLP_TRACKS_VIEW.html">Låtar</target>
      <target FeatureID="-1" href="MUS_HLP_CATEGORY_VIEW.html">Musikkategorier</target>
      <target FeatureID="-1" href="MUS_HLP_PODCAST_MAIN_VIEW.html">Poddsändn.</target>
      <target FeatureID="-1" href="MUS_HLP_PODCAST_EPISODES.html">Poddsändningsavsnitt</target>
      <target FeatureID="-1" href="MUS_HLP_PLAYLISTS_VIEW.html">Musikspellistor</target>
      <target FeatureID="-1" href="MUS_HLP_DOWNLOAD_PLAYBACK_VIEW.html">Spela musik från webben</target>
      <target FeatureID="-1" href="MUS_HLP_METADATA_EDITING.html">Redigera låtinformation</target>
      <target FeatureID="-1" href="MUS_HLP_ALBUM_ART_EDITING.html">Redigera albumomslag</target>
      <target FeatureID="-1" href="MUS_HLP_AUDIO_SETT.html">Ljudinst.</target>
   </keywords>
   <keywords>
      <text FeatureID="-1">poddsändningar</text>
      <target FeatureID="-1" href="MUS_HLP_PODCAST_MAIN_VIEW.html">Poddsändn.</target>
      <target FeatureID="-1" href="MUS_HLP_PODCAST_EPISODES.html">Poddsändningsavsnitt</target>
   </keywords>
   <keywords>
      <text FeatureID="-1">spellistor</text>
      <target FeatureID="-1" href="MUS_HLP_PLAYLISTS_VIEW.html">Musikspellistor</target>
   </keywords>
   <keywords>
      <text FeatureID="-1">musikspelaren</text>
      <target FeatureID="-1" href="MUS_HLP_PLAYBACK_VIEW.html">Spela musik</target>
      <target FeatureID="-1" href="MUS_HLP_LIB_MAIN_VIEW.html">Musikbibliotek</target>
   </keywords>
   <keywords>
      <text FeatureID="-1">albumomslag</text>
      <target FeatureID="-1" href="MUS_HLP_ALBUM_ART_EDITING.html">Redigera albumomslag</target>
   </keywords>
   <keywords>
      <text FeatureID="-1">basförstärkare</text>
      <target FeatureID="-1" href="MUS_HLP_AUDIO_SETT.html">Ljudinst.</target>
   </keywords>
   <keywords>
      <text FeatureID="-1">stereobreddeffekt</text>
      <target FeatureID="-1" href="MUS_HLP_AUDIO_SETT.html">Ljudinst.</target>
   </keywords>
</keywords>