<?xml version="1.0" encoding="UTF-8"?>
<keywords>
   <keywords>
      <text FeatureID="-1">Quickoffice, fitxategien kudeatzailea</text>
      <target FeatureID="-1" href="QFM_HLP_FILE_MENU.html">Fitxategien kudeatzailea</target>
   </keywords>
   <keywords>
      <text FeatureID="-1">Quickoffice</text>
      <target FeatureID="-1" href="QFM_HLP_LOC_MENU.html">Quickoffice</target>
   </keywords>
   <keywords>
      <text FeatureID="-1">Quickpoint</text>
      <target FeatureID="-1" href="QPOINT_HLP_EDIT_SLIDE_VIEW.html">Diapositibak editatzea</target>
      <target FeatureID="-1" href="QPOINT_HLP_REPLACE_VIEW.html">Aurkitu eta ordeztu testua.</target>
      <target FeatureID="-1" href="QPOINT_HLP_FIND_VIEW.html">Testuak bilatzea</target>
      <target FeatureID="-1" href="QPOINT_HLP_VIEW_SLIDE_VIEW.html">Diapositiba-ikuspegia</target>
   </keywords>
   <keywords>
      <text FeatureID="-1">Quickpoint, testua</text>
      <target FeatureID="-1" href="QPOINT_HLP_EDIT_TEXT_VIEW.html">Testua editatzea</target>
   </keywords>
   <keywords>
      <text FeatureID="-1">Quickpoint, iruzkinak</text>
      <target FeatureID="-1" href="QPOINT_HLP_COMMENT_VIEW.html">Ikusi iruzkinak</target>
   </keywords>
   <keywords>
      <text FeatureID="-1">Quickpoint, oharrak</text>
      <target FeatureID="-1" href="QPOINT_HLP_VIEW_NOTES_VIEW.html">Oharrak ikustea</target>
   </keywords>
   <keywords>
      <text FeatureID="-1">Quickpoint, laburpenak</text>
      <target FeatureID="-1" href="QPOINT_HLP_VIEW_OUTLINE_VIEW.html">Zirriborroen ikuspegia</target>
   </keywords>
   <keywords>
      <text FeatureID="-1">Quicksheet, gelaxkak</text>
      <target FeatureID="-1" href="QSHEET_HLP_CELLS_EDIT.html">Gelaxkak editatu</target>
      <target FeatureID="-1" href="QSHEET_HLP_VIEW_CELL.html">Gelaxkak ikustea</target>
   </keywords>
   <keywords>
      <text FeatureID="-1">Quicksheet, zutabeak</text>
      <target FeatureID="-1" href="QSHEET_HLP_EDIT_COLUMN.html">Editatu zutabeak</target>
   </keywords>
   <keywords>
      <text FeatureID="-1">Quicksheet, barrutiak</text>
      <target FeatureID="-1" href="QSHEET_HLP_EDIT_RANGE.html">Editatu tarteak</target>
   </keywords>
   <keywords>
      <text FeatureID="-1">Quicksheet, errenkadak</text>
      <target FeatureID="-1" href="QSHEET_HLP_EDIT_ROW.html">Editatu errenkadak</target>
   </keywords>
   <keywords>
      <text FeatureID="-1">Quicksheet</text>
      <target FeatureID="-1" href="QSHEET_HLP_REPLACE_VIEW.html">Aurkitu eta ordeztu testua.</target>
      <target FeatureID="-1" href="QSHEET_HLP_FIND_VIEW.html">Testuak bilatzea</target>
      <target FeatureID="-1" href="QSHEET_HLP_CELLS_VIEW.html">Kalkulu-orriak ikustea</target>
   </keywords>
   <keywords>
      <text FeatureID="-1">Quickword</text>
      <target FeatureID="-1" href="QWORD_HLP_EDIT_MODE.html">Editatu dokumentuak</target>
      <target FeatureID="-1" href="QWORD_HLP_FIND_MODE.html">Aurkitu eta ordeztu testua.</target>
      <target FeatureID="-1" href="QWORD_HLP_VIEW_MODE.html">Txostenak ikustea</target>
      <target FeatureID="-1" href="QWORD_HLP_PAGE_VIEW.html">Orrialde-diseinuko ikuspegia</target>
   </keywords>
</keywords>