<?xml version="1.0" encoding="UTF-8"?>
<keywords>
   <keywords>
      <text FeatureID="-1">profilak pertsonalizatu</text>
      <target FeatureID="-1" href="MODE_HLP_PERSONALISE.html">Profilak pertsonalizatu</target>
   </keywords>
   <keywords>
      <text FeatureID="-1">tonuen ezarpenak</text>
      <target FeatureID="-1" href="SET_HLP_PERSONAL_TONES.html">Tonuen ezarpenak</target>
   </keywords>
   <keywords>
      <text FeatureID="-1">dei tonuak</text>
      <target FeatureID="-1" href="SET_HLP_PERSONAL_TONES.html">Tonuen ezarpenak</target>
   </keywords>
   <keywords>
      <text FeatureID="-1">profilak</text>
      <target FeatureID="-1" href="MODE_HLP_PROFILES_LIST.html">Profilak</target>
   </keywords>
   <keywords>
      <text FeatureID="-1">profilak aldatzen</text>
      <target FeatureID="-1" href="MODE_HLP_PROFILES_LIST.html">Profilak</target>
   </keywords>
</keywords>