<?xml version="1.0" encoding="UTF-8"?>
<keywords>
   <keywords>
      <text FeatureID="-1">kamus</text>
      <target FeatureID="-1" href="DICTIONARY_HLP_MAIN_TAB1.html">Kamus</target>
   </keywords>
   <keywords>
      <text FeatureID="-1">menterjemah</text>
      <target FeatureID="-1" href="DICTIONARY_HLP_MAIN_TAB1.html">Kamus</target>
   </keywords>
   <keywords>
      <text FeatureID="-1">kamus, terjemahan</text>
      <target FeatureID="-1" href="DICTIONARY_HLP_RESULTS.html">Hasil terjemahan</target>
   </keywords>
</keywords>