<?xml version="1.0" encoding="UTF-8"?>
<keywords>
   <keywords>
      <text FeatureID="true_13 true_1566">USB-kábeles kapcsolat</text>
      <target FeatureID="true_13" href="USB_HLP_MAIN.html">USB-beállítások</target>
      <target FeatureID="true_1566" href="USB_HLP_PRINT_SETTINGS.html">Nyomtatóbeáll.</target>
   </keywords>
   <keywords>
      <text FeatureID="true_13">kábeles kapcsolat</text>
      <target FeatureID="true_13" href="USB_HLP_MAIN.html">USB-beállítások</target>
   </keywords>
   <keywords>
      <text FeatureID="true_1566">nyomtatás</text>
      <target FeatureID="true_1566" href="USB_HLP_PRINT_SETTINGS.html">Nyomtatóbeáll.</target>
   </keywords>
   <keywords>
      <text FeatureID="true_1566">beállítások, nyomtató</text>
      <target FeatureID="true_1566" href="USB_HLP_PRINT_SETTINGS.html">Nyomtatóbeáll.</target>
   </keywords>
</keywords>