<?xml version="1.0" encoding="UTF-8"?><?xml-stylesheet  href="../../theme/xsl/index2html.xslt" type="text/xsl"?>
<topics FeatureID="-1" title="צ'אט" compressed="true">
   <topicref FeatureID="-1" href="IMNG_HLP_SEARCHCHAT.html" navtitle="חיפוש משתמשי צ'אט"/>
   <topicref FeatureID="-1" href="IMNG_HLP_SAVED_VIEW.html" navtitle="הצגת שיחות שמורות"/>
   <topicref FeatureID="-1" href="IMNG_HLP_SAVED_LIST.html" navtitle="שיחות שמורות"/>
   <topicref FeatureID="-1" href="IMNG_HLP_IMCHAT.html" navtitle="שיחות קבוצתיות"/>
   <topicref FeatureID="-1" href="IMNG_HLP_GROUP_EDIT.html" navtitle="זכויות עריכת קבוצה"/>
   <topicref FeatureID="-1" href="IMNG_HLP_GROUP_BAN.html" navtitle="חסימת משתמשי צ'אט מקבוצות"/>
   <topicref FeatureID="-1" href="IMNG_HLP_CONT_OWN_DATA.html" navtitle="הנתונים שלי"/>
   <topicref FeatureID="-1" href="IMNG_HLP_COMMUNITY_VIEW_EMPTY.html" navtitle="התחלת השימוש בצ'אט"/>
   <topicref FeatureID="-1" href="IMNG_HLP_COMMUNITY_VIEW.html" navtitle="צ'אט"/>
   <topicref FeatureID="-1" href="IMNG_HLP_BLOCKED_VIEW.html" navtitle="אנשי קשר חסומים"/>
   <topicref FeatureID="-1" href="IMNG_HLP_SETTINGS.html" navtitle="הגדרות צ'אט"/>
   <topicref FeatureID="-1" href="IMNG_HLP_SERVLISTSETT_IM.html" navtitle="שרתי צ'אט"/>
   <topicref FeatureID="-1" href="IMNG_HLP_DEFSERVER.html" navtitle="הגדרות שרת צ'אט"/>
   <topicref FeatureID="-1" href="IMNG_HLP_INVITE.html" navtitle="הזמנות צ'אט"/>
   <topicref FeatureID="-1" href="IMNG_HLP_CREATECHAT.html" navtitle="הגדרות קבוצת צ'אט"/>
   <topicref FeatureID="-1" href="IMNG_HLP_ACCLIST.html" navtitle="חברי קבוצת צ'אט"/>
   <topicref FeatureID="-1" href="IMNG_HLP_CONVERSATIONS.html" navtitle="שיחות צ'אט"/>
   <topicref FeatureID="-1" href="IMNG_HLP_CONTACTDETAILS.html" navtitle="פרטי איש קשר צ'אט"/>
   <topicref FeatureID="-1" href="IMNG_HLP_APPSETT.html" navtitle="הגדרות יישום צ'אט"/>
</topics>