<?xml version="1.0" encoding="UTF-8"?>
<keywords>
   <keywords>
      <text FeatureID="-1">חיפוש משתמשי צ'אט</text>
      <target FeatureID="-1" href="IMNG_HLP_SEARCHCHAT.html">חיפוש משתמשי צ'אט</target>
   </keywords>
   <keywords>
      <text FeatureID="-1">הודעות מיידיות</text>
      <target FeatureID="-1" href="IMNG_HLP_SEARCHCHAT.html">חיפוש משתמשי צ'אט</target>
      <target FeatureID="-1" href="IMNG_HLP_SAVED_VIEW.html">הצגת שיחות שמורות</target>
      <target FeatureID="-1" href="IMNG_HLP_SAVED_LIST.html">שיחות שמורות</target>
      <target FeatureID="-1" href="IMNG_HLP_GROUP_EDIT.html">זכויות עריכת קבוצה</target>
      <target FeatureID="-1" href="IMNG_HLP_GROUP_BAN.html">חסימת משתמשי צ'אט מקבוצות</target>
      <target FeatureID="-1" href="IMNG_HLP_CONT_OWN_DATA.html">הנתונים שלי</target>
      <target FeatureID="-1" href="IMNG_HLP_COMMUNITY_VIEW_EMPTY.html">התחלת השימוש בצ'אט</target>
      <target FeatureID="-1" href="IMNG_HLP_COMMUNITY_VIEW.html">צ'אט</target>
      <target FeatureID="-1" href="IMNG_HLP_CREATECHAT.html">הגדרות קבוצת צ'אט</target>
      <target FeatureID="-1" href="IMNG_HLP_ACCLIST.html">חברי קבוצת צ'אט</target>
      <target FeatureID="-1" href="IMNG_HLP_CONVERSATIONS.html">שיחות צ'אט</target>
      <target FeatureID="-1" href="IMNG_HLP_APPSETT.html">הגדרות יישום צ'אט</target>
   </keywords>
   <keywords>
      <text FeatureID="-1">חיפוש קבוצות צ'אט</text>
      <target FeatureID="-1" href="IMNG_HLP_SEARCHCHAT.html">חיפוש משתמשי צ'אט</target>
   </keywords>
   <keywords>
      <text FeatureID="-1">שיחות שמורות</text>
      <target FeatureID="-1" href="IMNG_HLP_SAVED_LIST.html">שיחות שמורות</target>
   </keywords>
   <keywords>
      <text FeatureID="-1">צ'אט (הודעות מיידיות)</text>
      <target FeatureID="-1" href="IMNG_HLP_IMCHAT.html">שיחות קבוצתיות</target>
   </keywords>
   <keywords>
      <text FeatureID="-1">הצטרפות לקבוצות צ'אט</text>
      <target FeatureID="-1" href="IMNG_HLP_IMCHAT.html">שיחות קבוצתיות</target>
   </keywords>
   <keywords>
      <text FeatureID="-1">זכויות עריכה</text>
      <target FeatureID="-1" href="IMNG_HLP_GROUP_EDIT.html">זכויות עריכת קבוצה</target>
   </keywords>
   <keywords>
      <text FeatureID="-1">רשימת חסומים</text>
      <target FeatureID="-1" href="IMNG_HLP_GROUP_BAN.html">חסימת משתמשי צ'אט מקבוצות</target>
   </keywords>
   <keywords>
      <text FeatureID="-1">חברי קבוצת צ'אט</text>
      <target FeatureID="-1" href="IMNG_HLP_GROUP_BAN.html">חסימת משתמשי צ'אט מקבוצות</target>
      <target FeatureID="-1" href="IMNG_HLP_ACCLIST.html">חברי קבוצת צ'אט</target>
   </keywords>
   <keywords>
      <text FeatureID="-1">אנשי קשר צ'אט</text>
      <target FeatureID="-1" href="IMNG_HLP_CONT_OWN_DATA.html">הנתונים שלי</target>
      <target FeatureID="-1" href="IMNG_HLP_BLOCKED_VIEW.html">אנשי קשר חסומים</target>
      <target FeatureID="-1" href="IMNG_HLP_CONTACTDETAILS.html">פרטי איש קשר צ'אט</target>
   </keywords>
   <keywords>
      <text FeatureID="-1">צ'אט</text>
      <target FeatureID="-1" href="IMNG_HLP_COMMUNITY_VIEW_EMPTY.html">התחלת השימוש בצ'אט</target>
      <target FeatureID="-1" href="IMNG_HLP_COMMUNITY_VIEW.html">צ'אט</target>
      <target FeatureID="-1" href="IMNG_HLP_CONVERSATIONS.html">שיחות צ'אט</target>
      <target FeatureID="-1" href="IMNG_HLP_CONTACTDETAILS.html">פרטי איש קשר צ'אט</target>
   </keywords>
   <keywords>
      <text FeatureID="-1">אנשי קשר צ'אט חסומים</text>
      <target FeatureID="-1" href="IMNG_HLP_BLOCKED_VIEW.html">אנשי קשר חסומים</target>
   </keywords>
   <keywords>
      <text FeatureID="-1">הגדרות צ'אט</text>
      <target FeatureID="-1" href="IMNG_HLP_SETTINGS.html">הגדרות צ'אט</target>
      <target FeatureID="-1" href="IMNG_HLP_APPSETT.html">הגדרות יישום צ'אט</target>
   </keywords>
   <keywords>
      <text FeatureID="-1">שרתי צ'אט</text>
      <target FeatureID="-1" href="IMNG_HLP_SERVLISTSETT_IM.html">שרתי צ'אט</target>
   </keywords>
   <keywords>
      <text FeatureID="-1">הגדרות שרת צ'אט</text>
      <target FeatureID="-1" href="IMNG_HLP_DEFSERVER.html">הגדרות שרת צ'אט</target>
   </keywords>
   <keywords>
      <text FeatureID="-1">הגדרות שרת</text>
      <target FeatureID="-1" href="IMNG_HLP_DEFSERVER.html">הגדרות שרת צ'אט</target>
   </keywords>
   <keywords>
      <text FeatureID="-1">הזמנות</text>
      <target FeatureID="-1" href="IMNG_HLP_INVITE.html">הזמנות צ'אט</target>
   </keywords>
   <keywords>
      <text FeatureID="-1">הגדרות קבוצת צ'אט</text>
      <target FeatureID="-1" href="IMNG_HLP_CREATECHAT.html">הגדרות קבוצת צ'אט</target>
   </keywords>
   <keywords>
      <text FeatureID="-1">שיחות</text>
      <target FeatureID="-1" href="IMNG_HLP_CONVERSATIONS.html">שיחות צ'אט</target>
   </keywords>
</keywords>