<?xml version="1.0" encoding="UTF-8"?>
<keywords>
   <keywords>
      <text FeatureID="-1">نمایه های XDM</text>
      <target FeatureID="-1" href="XDM_HLP_LIST_VIEW.html">نمایه های XDM</target>
      <target FeatureID="-1" href="XDM_HLP_EDIT_SET.html">تنظیمات نمایه XDM</target>
   </keywords>
   <keywords>
      <text FeatureID="-1">تنظیمات XDM</text>
      <target FeatureID="-1" href="XDM_HLP_EDIT_SET.html">تنظیمات نمایه XDM</target>
   </keywords>
</keywords>