<?xml version="1.0" encoding="UTF-8"?><?xml-stylesheet  href="../../theme/xsl/index2html.xslt" type="text/xsl"?>
<topics FeatureID="-1" title="Pag-synchronize ng data" compressed="true">
   <topicref FeatureID="-1" href="DS_HLP_MAIN_VIEW.html" navtitle="Pag-synchronize ng data"/>
   <topicref FeatureID="-1" href="DS_HLP_SETTINGS.html" navtitle="Mag-edit ng mga sync profile"/>
   <topicref FeatureID="-1" href="DS_HLP_SETTINGS_CAL.html" navtitle="Mga setting sa pag-sync ng kalendaryo"/>
   <topicref FeatureID="-1" href="DS_HLP_SETTINGS_CNT.html" navtitle="Mga setting sa pag-sync ng mga Contact"/>
   <topicref FeatureID="-1" href="DS_HLP_SETTINGS_NOTES.html" navtitle="Mga setting ng notes sync"/>
   <topicref FeatureID="-1" href="DS_HLP_SETTINGS_SMS.html" navtitle="Mga setting ng SMS sync"/>
   <topicref FeatureID="true_44" href="DS_HLP_SETTINGS_SYNCML.html" navtitle="Mga setting ng e-mail sync"/>
   <topicref FeatureID="-1" href="DS_HLP_SETTINGS_BOOKMARKS.html" navtitle="Mag-bookmark ng mga setting sa pag-sync"/>
   <topicref FeatureID="-1" href="DS_HLP_AUTO_SYNC_SETTINGS.html" navtitle="Mga setting ng awtomatikong sync"/>
   <topicref FeatureID="-1" href="DS_HLP_SETTINGS_MMS.html" navtitle="Mga setting ng pag-sync ng MMS"/>
   <topicref FeatureID="-1" href="DS_HLP_PROFILE_SETTINGS.html" navtitle="Mga setting ng view ng profile"/>
</topics>