<?xml version="1.0" encoding="UTF-8"?>
<keywords>
   <keywords>
      <text FeatureID="-1">pag-synchronize</text>
      <target FeatureID="-1" href="DS_HLP_MAIN_VIEW.html">Pag-synchronize ng data</target>
   </keywords>
   <keywords>
      <text FeatureID="-1">mga profile sa pag-synchronize</text>
      <target FeatureID="-1" href="DS_HLP_MAIN_VIEW.html">Pag-synchronize ng data</target>
   </keywords>
   <keywords>
      <text FeatureID="-1">mga setting ng sync profile</text>
      <target FeatureID="-1" href="DS_HLP_SETTINGS.html">Mag-edit ng mga sync profile</target>
   </keywords>
   <keywords>
      <text FeatureID="-1">mga setting sa pag-sync</text>
      <target FeatureID="-1" href="DS_HLP_SETTINGS_CAL.html">Mga setting sa pag-sync ng kalendaryo</target>
      <target FeatureID="-1" href="DS_HLP_SETTINGS_CNT.html">Mga setting sa pag-sync ng mga Contact</target>
      <target FeatureID="-1" href="DS_HLP_SETTINGS_NOTES.html">Mga setting ng notes sync</target>
      <target FeatureID="-1" href="DS_HLP_SETTINGS_SMS.html">Mga setting ng SMS sync</target>
      <target FeatureID="true_44" href="DS_HLP_SETTINGS_SYNCML.html">Mga setting ng e-mail sync</target>
   </keywords>
</keywords>