<?xml version="1.0" encoding="UTF-8"?>
<keywords>
   <keywords>
      <text FeatureID="true_1637">редагування установок присутності</text>
      <target FeatureID="true_1637" href="PRE_HLP_EDIT_SET.html">Редагування установок присутності</target>
   </keywords>
   <keywords>
      <text FeatureID="true_1637">установки присутності</text>
      <target FeatureID="true_1637" href="PRE_HLP_LIST_VIEW.html">Установки присутності</target>
   </keywords>
</keywords>