<?xml version="1.0" encoding="UTF-8"?>
<keywords>
   <keywords>
      <text FeatureID="-1">ข้อความจากระบบ</text>
      <target FeatureID="-1" href="CBS_HLP_TOPIC_VIEW.html">ข้อความจากระบบ</target>
      <target FeatureID="-1" href="CBS_HLP_MAIN.html">หัวข้อข้อความจากระบบ</target>
      <target FeatureID="-1" href="CBS_HLP_MSG.html">การดูข้อความจากระบบ</target>
   </keywords>
   <keywords>
      <text FeatureID="-1">หัวข้อข้อความจากระบบ</text>
      <target FeatureID="-1" href="CBS_HLP_MAIN.html">หัวข้อข้อความจากระบบ</target>
   </keywords>
</keywords>