<?xml version="1.0" encoding="UTF-8"?>
<keywords>
   <keywords>
      <text FeatureID="-1">Foto</text>
      <target FeatureID="-1" href="LGAL_HLP_ALBUM_LIST.html">Album</target>
      <target FeatureID="-1" href="LGAL_HLP_ALL_GRID.html">Menyemak imbas semua fail media</target>
      <target FeatureID="-1" href="LGAL_HLP_ALBUM_GRID.html">Menyemak imbas fail media dalam album</target>
      <target FeatureID="-1" href="LGAL_HLP_TAGS_GRID.html">Menyemak imbas fail media yang ditag</target>
      <target FeatureID="-1" href="LGAL_HLP_DETAILS_VIEW.html">Lihat dan edit butiran fail</target>
      <target FeatureID="-1" href="LGAL_HLP_TAGS_BROWSER.html">Tag</target>
      <target FeatureID="-1" href="LGAL_HLP_MONTH_FULLSCREEN.html">Lihat fail media mengikut bulan</target>
      <target FeatureID="-1" href="LGAL_HLP_MONTH_GRID.html">Meyemak imbas fail media mengikut bulan</target>
      <target FeatureID="-1" href="LGAL_HLP_VIEW_LIST.html">Foto</target>
      <target FeatureID="-1" href="LGAL_HLP_MONTH_LIST.html">Bulan</target>
      <target FeatureID="-1" href="LGAL_HLP_SLIDESHOW_SETTINGS.html">Tetapan pertunjukkan slaid</target>
      <target FeatureID="-1" href="LGAL_HLP_ALL_FULLSCREEN.html">Lihat semua fail media</target>
      <target FeatureID="-1" href="LGAL_HLP_ALBUM_FULLSCREEN.html">Melihat fail media dalam album</target>
      <target FeatureID="-1" href="LGAL_HLP_TAGS_FULLSCREEN.html">Melihat fail media yang ditag</target>
   </keywords>
   <keywords>
      <text FeatureID="-1">album</text>
      <target FeatureID="-1" href="LGAL_HLP_ALBUM_LIST.html">Album</target>
      <target FeatureID="-1" href="LGAL_HLP_ALBUM_GRID.html">Menyemak imbas fail media dalam album</target>
      <target FeatureID="-1" href="LGAL_HLP_VIEW_LIST.html">Foto</target>
      <target FeatureID="-1" href="LGAL_HLP_ALBUM_FULLSCREEN.html">Melihat fail media dalam album</target>
   </keywords>
   <keywords>
      <text FeatureID="-1">tag</text>
      <target FeatureID="-1" href="LGAL_HLP_TAGS_GRID.html">Menyemak imbas fail media yang ditag</target>
      <target FeatureID="-1" href="LGAL_HLP_TAGS_BROWSER.html">Tag</target>
      <target FeatureID="-1" href="LGAL_HLP_VIEW_LIST.html">Foto</target>
      <target FeatureID="-1" href="LGAL_HLP_TAGS_FULLSCREEN.html">Melihat fail media yang ditag</target>
   </keywords>
   <keywords>
      <text FeatureID="-1">pertunjukkan slaid</text>
      <target FeatureID="-1" href="LGAL_HLP_SLIDESHOW_SETTINGS.html">Tetapan pertunjukkan slaid</target>
   </keywords>
</keywords>