<?xml version="1.0" encoding="UTF-8"?>
<keywords>
   <keywords>
      <text FeatureID="-1">لغت</text>
      <target FeatureID="-1" href="DICTIONARY_HLP_MAIN_TAB1.html">لغت</target>
   </keywords>
   <keywords>
      <text FeatureID="-1">ترجمہ کرنا</text>
      <target FeatureID="-1" href="DICTIONARY_HLP_MAIN_TAB1.html">لغت</target>
   </keywords>
   <keywords>
      <text FeatureID="-1">لغت, ترجمہ</text>
      <target FeatureID="-1" href="DICTIONARY_HLP_RESULTS.html">ترجمے کے نتائج</target>
   </keywords>
</keywords>