<?xml version="1.0" encoding="UTF-8"?>
<keywords>
   <keywords>
      <text FeatureID="-1">contenu à partager</text>
      <target FeatureID="-1" href="UPNP_HLP_SHARE_CONTENT.html">Sélectionnez le contenu à partager</target>
   </keywords>
   <keywords>
      <text FeatureID="-1">média domestique</text>
      <target FeatureID="-1" href="UPNP_HLP_SHARE_CONTENT.html">Sélectionnez le contenu à partager</target>
      <target FeatureID="-1" href="UPNP_HLP_SHARING_PROP.html">Paramètres de partage</target>
      <target FeatureID="-1" href="UPNP_HLP_MAIN_VIEW.html">Home media</target>
      <target FeatureID="-1" href="UPNP_HLP_MAIN_EXTERNAL.html">Appareils de média domestique</target>
      <target FeatureID="-1" href="UPNP_HLP_CONTENT_VIEW.html">Fichiers de média domestique</target>
      <target FeatureID="-1" href="UPNP_HLP_REMOTE_DEVICES.html">Dossiers de média domestique</target>
      <target FeatureID="-1" href="UPNP_HLP_SEARCH.html">Résultats de recherche</target>
   </keywords>
   <keywords>
      <text FeatureID="-1">partage d'images et de vidéos</text>
      <target FeatureID="-1" href="UPNP_HLP_SHARE_CONTENT.html">Sélectionnez le contenu à partager</target>
   </keywords>
   <keywords>
      <text FeatureID="-1">partage de fichiers multimédias</text>
      <target FeatureID="-1" href="UPNP_HLP_SHARING_PROP.html">Paramètres de partage</target>
      <target FeatureID="-1" href="UPNP_HLP_MAIN_VIEW.html">Home media</target>
      <target FeatureID="-1" href="UPNP_HLP_MAIN_EXTERNAL.html">Appareils de média domestique</target>
      <target FeatureID="-1" href="UPNP_HLP_CONTENT_VIEW.html">Fichiers de média domestique</target>
      <target FeatureID="-1" href="UPNP_HLP_REMOTE_DEVICES.html">Dossiers de média domestique</target>
      <target FeatureID="-1" href="UPNP_HLP_SEARCH.html">Résultats de recherche</target>
   </keywords>
   <keywords>
      <text FeatureID="-1">affichage de fichiers sur un appareil distant</text>
      <target FeatureID="-1" href="UPNP_HLP_SHARING_PROP.html">Paramètres de partage</target>
      <target FeatureID="-1" href="UPNP_HLP_MAIN_VIEW.html">Home media</target>
      <target FeatureID="-1" href="UPNP_HLP_MAIN_EXTERNAL.html">Appareils de média domestique</target>
      <target FeatureID="-1" href="UPNP_HLP_CONTENT_VIEW.html">Fichiers de média domestique</target>
      <target FeatureID="-1" href="UPNP_HLP_REMOTE_DEVICES.html">Dossiers de média domestique</target>
      <target FeatureID="-1" href="UPNP_HLP_SEARCH.html">Résultats de recherche</target>
   </keywords>
   <keywords>
      <text FeatureID="-1">propriétés du partage</text>
      <target FeatureID="-1" href="UPNP_HLP_SHARING_PROP.html">Paramètres de partage</target>
   </keywords>
</keywords>