<?xml version="1.0" encoding="UTF-8"?>
<keywords>
   <keywords>
      <text FeatureID="-1">e-mailaccountinstellingen</text>
      <target FeatureID="-1" href="FSE_HLP_IMS_SETTINGS_ACCT_INFO.html">Instellingen e-mailaccount</target>
   </keywords>
   <keywords>
      <text FeatureID="-1">geavanceerde mailboxinstellingen</text>
      <target FeatureID="-1" href="FSE_HLP_IMS_SETTINGS_ADVANCED.html">Geavanceerde mailbox-instellingen</target>
   </keywords>
   <keywords>
      <text FeatureID="-1">mailboxinstellingen</text>
      <target FeatureID="-1" href="FSE_HLP_IMS_SETTINGS_MAILBOX.html">Mailbox-instellingen</target>
   </keywords>
   <keywords>
      <text FeatureID="-1">e-mailsynchronisatie-inhoud</text>
      <target FeatureID="-1" href="FSE_HLP_IMS_SETTINGS_WHAT_SYNC.html">Synchronisatie-inhoud definiëren</target>
   </keywords>
   <keywords>
      <text FeatureID="-1">e-mailsynchronisatietijd</text>
      <target FeatureID="-1" href="FSE_HLP_IMS_SETTINGS_WHEN_SYNC.html">Synchronisatieschema definiëren</target>
   </keywords>
   <keywords>
      <text FeatureID="-1">synchronisatie van e-mailmap</text>
      <target FeatureID="-1" href="FSE_HLP_IMS_SETTINGS_FOLDER.html">E-mailmappen synchroniseren</target>
   </keywords>
   <keywords>
      <text FeatureID="-1">instellingen van e-maildienst</text>
      <target FeatureID="-1" href="FSE_HLP_SETTINGS_INTELL_LIST.html">Instellingen voor e-maildiensten</target>
   </keywords>
   <keywords>
      <text FeatureID="-1">e-mailinstellingen</text>
      <target FeatureID="-1" href="FSE_HLP_IMS_SETTINGS_MAIN_VIEW.html">Instellingen voor e-mail</target>
   </keywords>
   <keywords>
      <text FeatureID="-1">Intellisync</text>
      <target FeatureID="-1" href="FSE_HLP_IMS_LAUNCHER_MAIN_VIEW.html">Intellisync e-mail</target>
   </keywords>
</keywords>