<?xml version="1.0" encoding="UTF-8"?>
<keywords>
   <keywords>
      <text FeatureID="-1">GPS 資料</text>
      <target FeatureID="-1" href="HLP_BLID_NAVIGATION.html">導航檢視</target>
      <target FeatureID="false_112" href="BLID_HLP_WAYPOINTS.html">已儲存的位置</target>
      <target FeatureID="-1" href="HLP_BLID_TRIPMETER.html">行程距離檢視</target>
   </keywords>
   <keywords>
      <text FeatureID="-1">導航至目的地</text>
      <target FeatureID="-1" href="HLP_BLID_NAVIGATION.html">導航檢視</target>
   </keywords>
   <keywords>
      <text FeatureID="false_112">儲存位置</text>
      <target FeatureID="false_112" href="BLID_HLP_WAYPOINTS.html">已儲存的位置</target>
   </keywords>
   <keywords>
      <text FeatureID="-1">導航員設定</text>
      <target FeatureID="-1" href="BLID_HLP_SETTINGS.html">GPS 資料設定</target>
   </keywords>
   <keywords>
      <text FeatureID="-1">GPS 資料設定</text>
      <target FeatureID="-1" href="BLID_HLP_SETTINGS.html">GPS 資料設定</target>
   </keywords>
   <keywords>
      <text FeatureID="-1">行程資訊</text>
      <target FeatureID="-1" href="HLP_BLID_TRIPMETER.html">行程距離檢視</target>
   </keywords>
   <keywords>
      <text FeatureID="-1">旅行資訊</text>
      <target FeatureID="-1" href="HLP_BLID_TRIPMETER.html">行程距離檢視</target>
   </keywords>
</keywords>