<?xml version="1.0" encoding="UTF-8"?>
<keywords>
   <keywords>
      <text FeatureID="-1">câmara</text>
      <target FeatureID="-1" href="LCAM_HLP_VIEWFINDER_PHOTO.html">Capturar imagens</target>
      <target FeatureID="-1" href="LCAM_HLP_LIGHT_SENSITIVITY.html">Alterar a intensidade da iluminação</target>
      <target FeatureID="-1" href="LCAM_HLP_SETTINGS_PHOUSER.html">Definir cenas</target>
      <target FeatureID="-1" href="LCAM_HLP_SCENES_PHOTO.html">Cenas de imagem</target>
      <target FeatureID="-1" href="LCAM_HLP_VIEWFINDER_VIDEO.html">Gravar clips de vídeo</target>
      <target FeatureID="-1" href="LCAM_HLP_SCENES_VIDEO.html">Cenas de vídeo</target>
      <target FeatureID="-1" href="LCAM_HLP_VIEWFINDER_VIDEO_EM.html">Vídeos em aplicações</target>
      <target FeatureID="-1" href="LCAM_HLP_STANDBY_EM.html">Câmara não activa</target>
      <target FeatureID="-1" href="LCAM_HLP_POST_VIDEO.html">Reproduzir clips de vídeo</target>
      <target FeatureID="-1" href="LCAM_HLP_POST_PHOTO.html">Ver imagens capturadas</target>
   </keywords>
   <keywords>
      <text FeatureID="-1">capturar imagens</text>
      <target FeatureID="-1" href="LCAM_HLP_VIEWFINDER_PHOTO.html">Capturar imagens</target>
   </keywords>
   <keywords>
      <text FeatureID="-1">intensidade de iluminação</text>
      <target FeatureID="-1" href="LCAM_HLP_LIGHT_SENSITIVITY.html">Alterar a intensidade da iluminação</target>
   </keywords>
   <keywords>
      <text FeatureID="-1">cenas</text>
      <target FeatureID="-1" href="LCAM_HLP_SETTINGS_PHOUSER.html">Definir cenas</target>
      <target FeatureID="-1" href="LCAM_HLP_SCENES_PHOTO.html">Cenas de imagem</target>
   </keywords>
   <keywords>
      <text FeatureID="-1">definições da câmara</text>
      <target FeatureID="-1" href="LCAM_HLP_SETTINGS.html">Definições da câmara</target>
   </keywords>
   <keywords>
      <text FeatureID="-1">câmara, definições</text>
      <target FeatureID="-1" href="LCAM_HLP_SETTINGS_PHOTO.html">Definições de imagens</target>
      <target FeatureID="-1" href="LCAM_HLP_SETTINGS_VIDEO.html">Definições de vídeo</target>
   </keywords>
   <keywords>
      <text FeatureID="-1">Gravar vídeo</text>
      <target FeatureID="-1" href="LCAM_HLP_VIEWFINDER_VIDEO.html">Gravar clips de vídeo</target>
   </keywords>
   <keywords>
      <text FeatureID="-1">cenas de vídeo</text>
      <target FeatureID="-1" href="LCAM_HLP_SCENES_VIDEO.html">Cenas de vídeo</target>
   </keywords>
   <keywords>
      <text FeatureID="-1">vídeo, definições</text>
      <target FeatureID="-1" href="LCAM_HLP_SETTINGS_VIDEO.html">Definições de vídeo</target>
   </keywords>
   <keywords>
      <text FeatureID="-1">clips de vídeo em aplicações</text>
      <target FeatureID="-1" href="LCAM_HLP_VIEWFINDER_VIDEO_EM.html">Vídeos em aplicações</target>
   </keywords>
   <keywords>
      <text FeatureID="-1">reproduzir clips vídeo</text>
      <target FeatureID="-1" href="LCAM_HLP_POST_VIDEO.html">Reproduzir clips de vídeo</target>
   </keywords>
   <keywords>
      <text FeatureID="-1">câmara em aplicações</text>
      <target FeatureID="-1" href="LCAM_HLP_VIEWFINDER_PHOTO_EM.html">Imagens em aplicações</target>
   </keywords>
   <keywords>
      <text FeatureID="-1">ver imagens</text>
      <target FeatureID="-1" href="LCAM_HLP_POST_PHOTO.html">Ver imagens capturadas</target>
   </keywords>
</keywords>