<?xml version="1.0" encoding="UTF-8"?>
<keywords>
   <keywords>
      <text FeatureID="-1">Bluetooth</text>
      <target FeatureID="-1" href="BT_HLP_MAIN.html">Bluetooth</target>
      <target FeatureID="-1" href="BT_HLP_PAIRED.html">Enllaç amb dispositius</target>
      <target FeatureID="-1" href="BT_HLP_BLOCKED.html">Bloquegeu dispositius</target>
   </keywords>
   <keywords>
      <text FeatureID="-1">Configuració del Bluetooth</text>
      <target FeatureID="-1" href="BT_HLP_MAIN.html">Bluetooth</target>
   </keywords>
   <keywords>
      <text FeatureID="-1">enllaçar dispositius</text>
      <target FeatureID="-1" href="BT_HLP_PAIRED.html">Enllaç amb dispositius</target>
   </keywords>
   <keywords>
      <text FeatureID="-1">dispositius bloquejats</text>
      <target FeatureID="-1" href="BT_HLP_BLOCKED.html">Bloquegeu dispositius</target>
   </keywords>
   <keywords>
      <text FeatureID="true_12">teclat sense fil</text>
      <target FeatureID="true_12" href="BTKEYBOARD_HLP_SETTINGS.html">Teclat sense fil</target>
   </keywords>
</keywords>