<?xml version="1.0" encoding="UTF-8"?>
<keywords>
   <keywords>
      <text FeatureID="-1">domovská obrazovka</text>
      <target FeatureID="-1" href="SET_HLP_HOME_SCREEN.html">Domovská obrazovka</target>
      <target FeatureID="-1" href="SET_HLP_HOME_SCREEN_EDIT.html">Úprava domovské obrazovky</target>
   </keywords>
   <keywords>
      <text FeatureID="-1">widget, nástroje</text>
      <target FeatureID="-1" href="WM_HLP_WIDGET_COLLECTION.html">Katalog obsahu</target>
   </keywords>
</keywords>