<?xml version="1.0" encoding="UTF-8"?><?xml-stylesheet  href="../../theme/xsl/index2html.xslt" type="text/xsl"?>
<topics FeatureID="-1" title="E-mail" compressed="true">
   <topicref FeatureID="-1" href="MBXS_HLP_SETT_DOWNL_CTRL.html" navtitle="Config. recuper. e-mail"/>
   <topicref FeatureID="-1" href="MBXS_HLP_SETT_DOWNL_RETR.html" navtitle="Cantidad de recuperación de e-mail"/>
   <topicref FeatureID="-1" href="MBXS_HLP_SETT_MBX_IN.html" navtitle="Config. e-mail entrante"/>
   <topicref FeatureID="-1" href="MBXS_HLP_SETT_MBX_IN_OUT.html" navtitle="Configuraciones conexión"/>
   <topicref FeatureID="-1" href="MBXS_HLP_SETT_MBX_OUT.html" navtitle="Config. e-mail saliente"/>
   <topicref FeatureID="-1" href="MCE_HLP_SETTINGS_EMAIL.html" navtitle="Configuraciones de e-mail"/>
   <topicref FeatureID="-1" href="MCE_HLP_SETT_EMAILMAIN.html" navtitle="Editar buzones de correo"/>
   <topicref FeatureID="-1" href="MCE_HLP_SETT_MAILBLIST.html" navtitle="Buzones de correo"/>
   <topicref FeatureID="-1" href="MCE_HLP_SETT_MAILFOLDER_UPD.html" navtitle="Carpetas buzón correo"/>
   <topicref FeatureID="true_1633" href="MCE_HLP_SETT_MAIL_ONLI.html" navtitle="Recuperación automática"/>
   <topicref FeatureID="-1" href="MCE_HLP_SETT_MAIL_USER.html" navtitle="Configuraciones usuario"/>
   <topicref FeatureID="true_44" href="MCE_HLP_SETT_SMAILBOX.html" navtitle="Configuraciones del buzón de sincronización"/>
   <topicref FeatureID="-1" href="MCE_HLP_MAILBOX_OFFLINE.html" navtitle="E-mail sin conectarse"/>
   <topicref FeatureID="-1" href="MCE_HLP_MAILBOX_ONLINE.html" navtitle="E-mail con conexión"/>
</topics>