<?xml version="1.0" encoding="UTF-8"?>
<keywords>
   <keywords>
      <text FeatureID="-1">config. de e-mail</text>
      <target FeatureID="-1" href="MBXS_HLP_SETT_DOWNL_CTRL.html">Config. recuper. e-mail</target>
      <target FeatureID="-1" href="MBXS_HLP_SETT_DOWNL_RETR.html">Cantidad de recuperación de e-mail</target>
      <target FeatureID="-1" href="MBXS_HLP_SETT_MBX_IN.html">Config. e-mail entrante</target>
      <target FeatureID="-1" href="MBXS_HLP_SETT_MBX_IN_OUT.html">Configuraciones conexión</target>
      <target FeatureID="-1" href="MBXS_HLP_SETT_MBX_OUT.html">Config. e-mail saliente</target>
      <target FeatureID="-1" href="MCE_HLP_SETTINGS_EMAIL.html">Configuraciones de e-mail</target>
      <target FeatureID="-1" href="MCE_HLP_SETT_EMAILMAIN.html">Editar buzones de correo</target>
      <target FeatureID="-1" href="MCE_HLP_SETT_MAILBLIST.html">Buzones de correo</target>
      <target FeatureID="-1" href="MCE_HLP_SETT_MAILFOLDER_UPD.html">Carpetas buzón correo</target>
      <target FeatureID="true_1633" href="MCE_HLP_SETT_MAIL_ONLI.html">Recuperación automática</target>
   </keywords>
   <keywords>
      <text FeatureID="-1">config. buzón correo</text>
      <target FeatureID="-1" href="MCE_HLP_SETT_EMAILMAIN.html">Editar buzones de correo</target>
   </keywords>
   <keywords>
      <text FeatureID="-1">buzón de correo</text>
      <target FeatureID="-1" href="MCE_HLP_SETT_MAILBLIST.html">Buzones de correo</target>
      <target FeatureID="-1" href="MCE_HLP_MAILBOX_ONLINE.html">E-mail con conexión</target>
   </keywords>
   <keywords>
      <text FeatureID="-1">carpetas buzón correo</text>
      <target FeatureID="-1" href="MCE_HLP_SETT_MAILFOLDER_UPD.html">Carpetas buzón correo</target>
   </keywords>
   <keywords>
      <text FeatureID="-1">configuraciones usuario</text>
      <target FeatureID="-1" href="MCE_HLP_SETT_MAIL_USER.html">Configuraciones usuario</target>
   </keywords>
   <keywords>
      <text FeatureID="true_44">configuraciones del buzón de sincronización</text>
      <target FeatureID="true_44" href="MCE_HLP_SETT_SMAILBOX.html">Configuraciones del buzón de sincronización</target>
   </keywords>
   <keywords>
      <text FeatureID="true_44">sincronizar configuraciones de e-mail</text>
      <target FeatureID="true_44" href="MCE_HLP_SETT_SMAILBOX.html">Configuraciones del buzón de sincronización</target>
   </keywords>
   <keywords>
      <text FeatureID="-1">e-mail sin conectarse</text>
      <target FeatureID="-1" href="MCE_HLP_MAILBOX_OFFLINE.html">E-mail sin conectarse</target>
   </keywords>
   <keywords>
      <text FeatureID="-1">conexión al buzón correo</text>
      <target FeatureID="-1" href="MCE_HLP_MAILBOX_ONLINE.html">E-mail con conexión</target>
   </keywords>
   <keywords>
      <text FeatureID="-1">e-mail conectado</text>
      <target FeatureID="-1" href="MCE_HLP_MAILBOX_ONLINE.html">E-mail con conexión</target>
   </keywords>
   <keywords>
      <text FeatureID="-1">conectado, e-mail</text>
      <target FeatureID="-1" href="MCE_HLP_MAILBOX_ONLINE.html">E-mail con conexión</target>
   </keywords>
</keywords>