<?xml version="1.0" encoding="UTF-8"?>
<keywords>
   <keywords>
      <text FeatureID="-1">שיתוף וידאו</text>
      <target FeatureID="true_208" href="MSH_HLP_LIVE.html">שיתוף וידאו חי</target>
      <target FeatureID="-1" href="MSH_HLP_CLIP.html">שיתוף וידאו קליפים</target>
      <target FeatureID="-1" href="MSH_HLP_SETTINGS.html">הגדרות שיתוף וידאו</target>
      <target FeatureID="-1" href="MSH_HLP_RECEIVE.html">הצגת וידאו משותף</target>
   </keywords>
</keywords>