<?xml version="1.0" encoding="UTF-8"?>
<keywords>
   <keywords>
      <text FeatureID="-1">dicţionar</text>
      <target FeatureID="-1" href="DICTIONARY_HLP_MAIN_TAB1.html">Dicţionar</target>
   </keywords>
   <keywords>
      <text FeatureID="-1">traducere</text>
      <target FeatureID="-1" href="DICTIONARY_HLP_MAIN_TAB1.html">Dicţionar</target>
   </keywords>
   <keywords>
      <text FeatureID="-1">dicţionar, traducere</text>
      <target FeatureID="-1" href="DICTIONARY_HLP_RESULTS.html">Rezultatele trad.</target>
   </keywords>
</keywords>