<?xml version="1.0" encoding="UTF-8"?>
<keywords>
   <keywords>
      <text FeatureID="-1">personalizare profiluri</text>
      <target FeatureID="-1" href="MODE_HLP_PERSONALISE.html">Personalizare profiluri</target>
   </keywords>
   <keywords>
      <text FeatureID="-1">setări sunete</text>
      <target FeatureID="-1" href="SET_HLP_PERSONAL_TONES.html">Setări sunete</target>
   </keywords>
   <keywords>
      <text FeatureID="-1">sunete de apel</text>
      <target FeatureID="-1" href="SET_HLP_PERSONAL_TONES.html">Setări sunete</target>
   </keywords>
   <keywords>
      <text FeatureID="-1">profiluri</text>
      <target FeatureID="-1" href="MODE_HLP_PROFILES_LIST.html">Profiluri</target>
   </keywords>
   <keywords>
      <text FeatureID="-1">schimbare profiluri</text>
      <target FeatureID="-1" href="MODE_HLP_PROFILES_LIST.html">Profiluri</target>
   </keywords>
</keywords>