<?xml version="1.0" encoding="UTF-8"?>
<keywords>
   <keywords>
      <text FeatureID="-1">rječnik</text>
      <target FeatureID="-1" href="DICTIONARY_HLP_MAIN_TAB1.html">Rječnik</target>
   </keywords>
   <keywords>
      <text FeatureID="-1">prevođenje</text>
      <target FeatureID="-1" href="DICTIONARY_HLP_MAIN_TAB1.html">Rječnik</target>
   </keywords>
   <keywords>
      <text FeatureID="-1">rječnik, prijevod</text>
      <target FeatureID="-1" href="DICTIONARY_HLP_RESULTS.html">Rezultati prijevoda</target>
   </keywords>
</keywords>