<?xml version="1.0" encoding="UTF-8"?>
<keywords>
   <keywords>
      <text FeatureID="-1">ziņu pārsūtīšana</text>
      <target FeatureID="-1" href="MMS_HLP_MMS_FWD_REQUEST.html">Multiziņu pārsūtīšana</target>
   </keywords>
   <keywords>
      <text FeatureID="-1">multiziņas</text>
      <target FeatureID="-1" href="MMS_HLP_MMS_FWD_REQUEST_SEND.html">Pārsūtīšanas pieprasījums nosūtīto ziņu mapē</target>
      <target FeatureID="-1" href="MMS_HLP_MMS_VIEWER.html">Multiziņu apskate</target>
   </keywords>
   <keywords>
      <text FeatureID="-1">paziņoj. par multiziņām</text>
      <target FeatureID="-1" href="MMS_HLP_NOTIFICATION_VIEWER.html">Paziņoj. par multiziņām</target>
   </keywords>
   <keywords>
      <text FeatureID="-1">multivid. objekti</text>
      <target FeatureID="-1" href="MMS_HLP_OBJECTS_VIEW_VIEWER.html">Multivides obj. skatīšana</target>
   </keywords>
   <keywords>
      <text FeatureID="-1">multivides objekti</text>
      <target FeatureID="-1" href="MMS_HLP_OBJECTS_VIEW_VIEWER.html">Multivides obj. skatīšana</target>
   </keywords>
   <keywords>
      <text FeatureID="-1">MMS</text>
      <target FeatureID="-1" href="MMS_HLP_MMS_VIEWER.html">Multiziņu apskate</target>
   </keywords>
</keywords>