<?xml version="1.0" encoding="UTF-8"?>
<keywords>
   <keywords>
      <text FeatureID="-1">αποκρυπτογράφηση, κάρτα μνήμης</text>
      <target FeatureID="-1" href="ES_HLP_ENCRYPTION_DECRYPT.html">Αποκρυπτογράφηση κάρτας μνήμης</target>
   </keywords>
   <keywords>
      <text FeatureID="-1">κρυπτογράφηση, κάρτα μνήμης</text>
      <target FeatureID="-1" href="ES_HLP_ENCRYPTION_ENCRYPT.html">Κρυπτογράφηση κάρτας μνήμης</target>
   </keywords>
   <keywords>
      <text FeatureID="-1">κρυπτογράφηση, μνήμη συσκευής και κάρτα μνήμης</text>
      <target FeatureID="-1" href="ES_HLP_ENCRYPTION_MAIN.html">Κρυπτογράφ. ή αποκρυπτογράφηση</target>
   </keywords>
   <keywords>
      <text FeatureID="-1">αποκρυπτογράφηση, μνήμη συσκευής και κάρτα μνήμης</text>
      <target FeatureID="-1" href="ES_HLP_ENCRYPTION_MAIN.html">Κρυπτογράφ. ή αποκρυπτογράφηση</target>
   </keywords>
</keywords>