<?xml version="1.0" encoding="UTF-8"?>
<keywords>
   <keywords>
      <text FeatureID="-1">Dados GPS</text>
      <target FeatureID="-1" href="HLP_BLID_NAVIGATION.html">Exibição Navegação</target>
      <target FeatureID="false_112" href="BLID_HLP_WAYPOINTS.html">Locais salvos</target>
      <target FeatureID="-1" href="HLP_BLID_TRIPMETER.html">Exibição de distância de viagem</target>
   </keywords>
   <keywords>
      <text FeatureID="-1">navegar até o destino</text>
      <target FeatureID="-1" href="HLP_BLID_NAVIGATION.html">Exibição Navegação</target>
   </keywords>
   <keywords>
      <text FeatureID="false_112">salvando locais</text>
      <target FeatureID="false_112" href="BLID_HLP_WAYPOINTS.html">Locais salvos</target>
   </keywords>
   <keywords>
      <text FeatureID="-1">configs. navegador</text>
      <target FeatureID="-1" href="BLID_HLP_SETTINGS.html">Confs. dados GPS</target>
   </keywords>
   <keywords>
      <text FeatureID="-1">confs. dados GPS</text>
      <target FeatureID="-1" href="BLID_HLP_SETTINGS.html">Confs. dados GPS</target>
   </keywords>
   <keywords>
      <text FeatureID="-1">informações da viagem</text>
      <target FeatureID="-1" href="HLP_BLID_TRIPMETER.html">Exibição de distância de viagem</target>
   </keywords>
   <keywords>
      <text FeatureID="-1">informações do deslocamento</text>
      <target FeatureID="-1" href="HLP_BLID_TRIPMETER.html">Exibição de distância de viagem</target>
   </keywords>
</keywords>