<?xml version="1.0" encoding="UTF-8"?>
<keywords>
   <keywords>
      <text FeatureID="-1">videó megosztása</text>
      <target FeatureID="true_208" href="MSH_HLP_LIVE.html">Élő videó megosztása</target>
      <target FeatureID="-1" href="MSH_HLP_CLIP.html">Videofájlok megosztása</target>
      <target FeatureID="-1" href="MSH_HLP_SETTINGS.html">Videomegosztási beállítások</target>
      <target FeatureID="-1" href="MSH_HLP_RECEIVE.html">Megosztott videó megtekintése</target>
   </keywords>
</keywords>