<?xml version="1.0" encoding="UTF-8"?><?xml-stylesheet  href="../../theme/xsl/index2html.xslt" type="text/xsl"?>
<topics FeatureID="-1" title="Dnevniki" compressed="true">
   <topicref FeatureID="-1" href="GPRS_HLP_MAIN.html" navtitle="Povez. za paketni pren. pod."/>
   <topicref FeatureID="-1" href="LOGS_HLP_COUNTER.html" navtitle="Sezn. klicev in podatkov"/>
   <topicref FeatureID="-1" href="LOGS_HLP_DETAIL.html" navtitle="Podrob. dnevn. zapisov"/>
   <topicref FeatureID="-1" href="LOGS_HLP_MAIN.html" navtitle="Info. v dnevniku"/>
   <topicref FeatureID="-1" href="LOGS_HLP_SETTING.html" navtitle="Nastavitve dnevnika"/>
   <topicref FeatureID="-1" href="STM_HLP_DIALLED.html" navtitle="Klicane številke"/>
   <topicref FeatureID="-1" href="STM_HLP_MAIN.html" navtitle="Zadnji klici"/>
   <topicref FeatureID="-1" href="STM_HLP_MISSED.html" navtitle="Neodgov. klici"/>
   <topicref FeatureID="-1" href="STM_HLP_RECEIVED.html" navtitle="Prejeti klici"/>
   <topicref FeatureID="-1" href="TIMERS_HLP_MAIN.html" navtitle="Trajanje klicev"/>
</topics>