<?xml version="1.0" encoding="UTF-8"?>
<keywords>
   <keywords>
      <text FeatureID="-1">povezave za paketni prenos podatkov</text>
      <target FeatureID="-1" href="GPRS_HLP_MAIN.html">Povez. za paketni pren. pod.</target>
      <target FeatureID="-1" href="LOGS_HLP_COUNTER.html">Sezn. klicev in podatkov</target>
   </keywords>
   <keywords>
      <text FeatureID="-1">trajanje klicev</text>
      <target FeatureID="-1" href="LOGS_HLP_COUNTER.html">Sezn. klicev in podatkov</target>
      <target FeatureID="-1" href="TIMERS_HLP_MAIN.html">Trajanje klicev</target>
   </keywords>
   <keywords>
      <text FeatureID="-1">zadnji klici</text>
      <target FeatureID="-1" href="LOGS_HLP_COUNTER.html">Sezn. klicev in podatkov</target>
      <target FeatureID="-1" href="STM_HLP_MAIN.html">Zadnji klici</target>
   </keywords>
   <keywords>
      <text FeatureID="-1">dnevniki</text>
      <target FeatureID="-1" href="LOGS_HLP_DETAIL.html">Podrob. dnevn. zapisov</target>
      <target FeatureID="-1" href="LOGS_HLP_MAIN.html">Info. v dnevniku</target>
   </keywords>
   <keywords>
      <text FeatureID="-1">nastav. dnevnika</text>
      <target FeatureID="-1" href="LOGS_HLP_SETTING.html">Nastavitve dnevnika</target>
   </keywords>
   <keywords>
      <text FeatureID="-1">klicane številke</text>
      <target FeatureID="-1" href="STM_HLP_DIALLED.html">Klicane številke</target>
   </keywords>
   <keywords>
      <text FeatureID="-1">dnevnik klicev</text>
      <target FeatureID="-1" href="STM_HLP_MAIN.html">Zadnji klici</target>
   </keywords>
   <keywords>
      <text FeatureID="-1">neodgovorjeni klici</text>
      <target FeatureID="-1" href="STM_HLP_MISSED.html">Neodgov. klici</target>
   </keywords>
   <keywords>
      <text FeatureID="-1">prejeti klici</text>
      <target FeatureID="-1" href="STM_HLP_RECEIVED.html">Prejeti klici</target>
   </keywords>
   <keywords>
      <text FeatureID="-1">sprejeti klici</text>
      <target FeatureID="-1" href="STM_HLP_RECEIVED.html">Prejeti klici</target>
   </keywords>
   <keywords>
      <text FeatureID="-1">dolžina klicev</text>
      <target FeatureID="-1" href="TIMERS_HLP_MAIN.html">Trajanje klicev</target>
   </keywords>
</keywords>