<?xml version="1.0" encoding="UTF-8"?><?xml-stylesheet  href="../../theme/xsl/index2html.xslt" type="text/xsl"?>
<topics FeatureID="-1" title="Tilpasning" compressed="true">
   <topicref FeatureID="-1" href="SKINS_HLP_LIST.html" navtitle="Generelle temaer"/>
   <topicref FeatureID="-1" href="SCREENSAVER_HLP_WP_SETTINGS.html" navtitle="Innst. for bakgrunnsbildevisning"/>
   <topicref FeatureID="-1" href="SKINS_HLP_WP_SETTINGS.html" navtitle="Innst. for bakgrunnsbilde"/>
   <topicref FeatureID="-1" href="SKINS_HLP_SCREENS_SETTINGS.html" navtitle="Innstillinger for skjermsparer"/>
   <topicref FeatureID="true_1503" href="SKINS_HLP_CIMAGE_SETTINGS.html" navtitle="Velge anropsbilde"/>
   <topicref FeatureID="-1" href="SKINS_HLP_APPSHELL.html" navtitle="Innst. for menyvisning"/>
   <topicref FeatureID="-1" href="SKINS_HLP_IDLE.html" navtitle="Innst. for standardskjerm"/>
   <topicref FeatureID="-1" href="SKINS_HLP_APP_MAIN.html" navtitle="Tilpasse displayet"/>
   <topicref FeatureID="-1" href="SKINS_HLP_APPSKINS_LIST.html" navtitle="Program­temaer"/>
</topics>