<?xml version="1.0" encoding="UTF-8"?>
<keywords>
   <keywords>
      <text FeatureID="-1">temaer</text>
      <target FeatureID="-1" href="SKINS_HLP_LIST.html">Generelle temaer</target>
      <target FeatureID="-1" href="SCREENSAVER_HLP_WP_SETTINGS.html">Innst. for bakgrunnsbildevisning</target>
      <target FeatureID="-1" href="SKINS_HLP_WP_SETTINGS.html">Innst. for bakgrunnsbilde</target>
      <target FeatureID="true_1503" href="SKINS_HLP_CIMAGE_SETTINGS.html">Velge anropsbilde</target>
      <target FeatureID="-1" href="SKINS_HLP_APPSHELL.html">Innst. for menyvisning</target>
      <target FeatureID="-1" href="SKINS_HLP_APP_MAIN.html">Tilpasse displayet</target>
      <target FeatureID="-1" href="SKINS_HLP_APPSKINS_LIST.html">Program­temaer</target>
   </keywords>
   <keywords>
      <text FeatureID="-1">bakgrunn for bildevisning</text>
      <target FeatureID="-1" href="SCREENSAVER_HLP_WP_SETTINGS.html">Innst. for bakgrunnsbildevisning</target>
   </keywords>
   <keywords>
      <text FeatureID="-1">innst. for bildevisning</text>
      <target FeatureID="-1" href="SCREENSAVER_HLP_WP_SETTINGS.html">Innst. for bakgrunnsbildevisning</target>
   </keywords>
   <keywords>
      <text FeatureID="-1">innst. for bakgrunnsbilde</text>
      <target FeatureID="-1" href="SKINS_HLP_WP_SETTINGS.html">Innst. for bakgrunnsbilde</target>
   </keywords>
   <keywords>
      <text FeatureID="-1">bakgr.bilde</text>
      <target FeatureID="-1" href="SKINS_HLP_WP_SETTINGS.html">Innst. for bakgrunnsbilde</target>
      <target FeatureID="-1" href="SKINS_HLP_APP_MAIN.html">Tilpasse displayet</target>
   </keywords>
   <keywords>
      <text FeatureID="-1">skjermsparer</text>
      <target FeatureID="-1" href="SKINS_HLP_SCREENS_SETTINGS.html">Innstillinger for skjermsparer</target>
   </keywords>
   <keywords>
      <text FeatureID="true_1503">innstillinger for anropsbilde</text>
      <target FeatureID="true_1503" href="SKINS_HLP_CIMAGE_SETTINGS.html">Velge anropsbilde</target>
   </keywords>
   <keywords>
      <text FeatureID="-1">menyer</text>
      <target FeatureID="-1" href="SKINS_HLP_APPSHELL.html">Innst. for menyvisning</target>
   </keywords>
</keywords>