<?xml version="1.0" encoding="UTF-8"?>
<keywords>
   <keywords>
      <text FeatureID="-1">רשומות יום שנה, יצירה</text>
      <target FeatureID="-1" href="FSCA_HLP_ANNIVERSARY_EDITOR.html">צור רשומות יום שנה</target>
   </keywords>
   <keywords>
      <text FeatureID="-1">רשומות פגישה, יצירה</text>
      <target FeatureID="-1" href="FSCA_HLP_CALE_MEETING_EDITOR.html">יצירת רשומות פגישה</target>
   </keywords>
   <keywords>
      <text FeatureID="-1">רשומות תזכיר, יצירה</text>
      <target FeatureID="-1" href="FSCA_HLP_MEMO_EDITOR.html">צור רשומות תזכיר</target>
   </keywords>
   <keywords>
      <text FeatureID="-1">רשומות מטלות, יצירה</text>
      <target FeatureID="-1" href="FSCA_HLP_TODO_EDITOR.html">צור רשומות מטלות</target>
   </keywords>
   <keywords>
      <text FeatureID="-1">רשומות פגישה, עריכה</text>
      <target FeatureID="-1" href="FSCA_HLP_CALE_MEETING_VIEWER.html">ערוך רשומות פגישות</target>
   </keywords>
   <keywords>
      <text FeatureID="-1">רשומות תזכיר, עריכה</text>
      <target FeatureID="-1" href="FSCA_HLP_MEMO_VIEWER.html">ערוך רשומות תזכיר</target>
   </keywords>
   <keywords>
      <text FeatureID="-1">רשומות מטלות, עריכה</text>
      <target FeatureID="-1" href="FSCA_HLP_TODO_VIEWER.html">ערוך רשומות מטלות</target>
   </keywords>
   <keywords>
      <text FeatureID="-1">רשומות יום שנה, הצגה</text>
      <target FeatureID="-1" href="FSCA_HLP_ANNI_VIEWER.html">ערוך רשומות יום שנה</target>
   </keywords>
   <keywords>
      <text FeatureID="-1">בקשות לפגישות, עורך תגובות</text>
      <target FeatureID="-1" href="FSCA_HLP_RESPONSE_EDITOR.html">עריכת התגובה</target>
   </keywords>
   <keywords>
      <text FeatureID="-1">בקשות לפגישות, ניהול</text>
      <target FeatureID="-1" href="FSCA_HLP_VIEWER_ORGANIZER.html">ניהול בקשות לפגישה</target>
   </keywords>
   <keywords>
      <text FeatureID="-1">בקשות לפגישות, עריכה</text>
      <target FeatureID="-1" href="MEET_REQ_HLP_EDITOR.html">בקשות לפגישה שהתקבלו</target>
   </keywords>
   <keywords>
      <text FeatureID="-1">בקשות לפגישות, תגובה</text>
      <target FeatureID="-1" href="FSCA_HLP_VIEWER.html">הגב לבקשות לפגישות</target>
   </keywords>
   <keywords>
      <text FeatureID="-1">אנשי קשר</text>
      <target FeatureID="-1" href="RLOOK_HLP_INFO_VIEW.html">נהל את איש הקשר שאותר</target>
   </keywords>
   <keywords>
      <text FeatureID="-1">אנשי קשר, חיפוש</text>
      <target FeatureID="-1" href="RLOOK_HLP_RESULT_VIEW.html">תוצאות חיפוש</target>
   </keywords>
   <keywords>
      <text FeatureID="-1">דואר אלקטרוני, מסמכים מצורפים</text>
      <target FeatureID="-1" href="FSE_HLP_ATTACHMENT_LIST_EDITOR.html">הוסף מסמכים מצורפים</target>
   </keywords>
   <keywords>
      <text FeatureID="-1">דואר אלקטרוני שנמחק</text>
      <target FeatureID="-1" href="FSE_HLP_MESSAGE_LIST_DELETED.html">הודעות דואר אלקטרוני שנמחקו</target>
   </keywords>
   <keywords>
      <text FeatureID="-1">הורדת קבצים מצורפים בדואר אלקטרוני</text>
      <target FeatureID="-1" href="FSE_HLP_ATTACHMENT_LIST.html">הורד מסמכים מצורפים</target>
   </keywords>
   <keywords>
      <text FeatureID="-1">טיוטה של דואר אלקטרוני</text>
      <target FeatureID="-1" href="FSE_HLP_MESSAGE_LIST_DRAFTS.html">הודעות טיוטה של דואר אלקטרוני</target>
   </keywords>
   <keywords>
      <text FeatureID="-1">דואר אלקטרוני של Nokia</text>
      <target FeatureID="-1" href="FSE_HLP_LAUNCHER_GRID.html">דואר אלקטרוני של Nokia</target>
   </keywords>
   <keywords>
      <text FeatureID="-1">דואר אלקטרוני</text>
      <target FeatureID="-1" href="FSE_HLP_LAUNCHER_GRID.html">דואר אלקטרוני של Nokia</target>
      <target FeatureID="-1" href="FSE_HLP_FOLDER_LIST.html">תיקיות דואר אלקטרוני</target>
      <target FeatureID="-1" href="FSE_HLP_SETT_IMAP_SUBSCR.html">הרשמה כמנוי לתיקיות</target>
      <target FeatureID="-1" href="FSE_HLP_MESSAGE_LIST_INBOX.html">עבוד עם תיקיות דואר אלקטרוני</target>
   </keywords>
   <keywords>
      <text FeatureID="-1">הגדרות דואר אלקטרוני</text>
      <target FeatureID="-1" href="FSE_HLP_LAUNCHER_SETTINGS.html">הגדרות דואר אלקטרוני כלליות</target>
      <target FeatureID="-1" href="FSE_HLP_POP_IMAP_SETT_MAIN.html">הגדרות דואר אלקטרוני</target>
      <target FeatureID="-1" href="FSE_HLP_IMS_SETTINGS_MAIN_VIEW.html">הגדרות דואר אלקטרוני</target>
      <target FeatureID="-1" href="FSE_HLP_MFE_SETTINGS_MAIN_VIEW.html">הגדרות עבור דואר אלקטרוני</target>
   </keywords>
   <keywords>
      <text FeatureID="-1">הגדרות דואר אלקטרוני כלליות</text>
      <target FeatureID="-1" href="FSE_HLP_SETTINGS_GLOBAL.html">הגדרות דואר אלקטרוני כלליות</target>
   </keywords>
   <keywords>
      <text FeatureID="-1">דואר אלקטרוני של HTML</text>
      <target FeatureID="-1" href="FS_VIEWER_HLP_HTML_VIEW.html">דואר אלקטרוני בתבנית HTML</target>
   </keywords>
   <keywords>
      <text FeatureID="-1">הגדרות דואר אלקטרוני מתקדמות</text>
      <target FeatureID="-1" href="FSE_HLP_POP_IMAP_SETT_ADV.html">הגדרות דואר אלקטרוני מתקדמות</target>
   </keywords>
   <keywords>
      <text FeatureID="-1">הגדרות דואר אלקטרוני נכנס</text>
      <target FeatureID="-1" href="FSE_HLP_POP_IMAP_SETT_INCOMING.html">הגדרות לדואר אלקטרוני נכנס</target>
   </keywords>
   <keywords>
      <text FeatureID="-1">הגדרות דואר אלקטרוני יוצא</text>
      <target FeatureID="-1" href="FSE_HLP_POP_IMAP_SETT_OUTGOING.html">הגדרות לדואר אלקטרוני יוצא</target>
   </keywords>
   <keywords>
      <text FeatureID="-1">סינכרון דואר אלקטרוני</text>
      <target FeatureID="-1" href="FSE_HLP_POP_IMAP_SETT_WHAT.html">בחירת תוכן לסינכרון</target>
   </keywords>
   <keywords>
      <text FeatureID="-1">שעת סינכרון דואר אלקטרוני</text>
      <target FeatureID="-1" href="FSE_HLP_POP_IMAP_SETT_WHEN.html">בחירת שעת סינכרון</target>
      <target FeatureID="-1" href="FSE_HLP_IMS_SETTINGS_WHEN_SYNC.html">הגדרת מועד סינכרון</target>
      <target FeatureID="-1" href="FSE_HLP_MFE_SETTINGS_WHEN_SYNC.html">בחירת מועד לסינכרון</target>
      <target FeatureID="-1" href="FSE_HLP_SETTINGS_WHEN_SYNC.html">שעת סינכרון</target>
   </keywords>
   <keywords>
      <text FeatureID="-1">הגדרות חשבון דואר אלקטרוני</text>
      <target FeatureID="-1" href="FSE_HLP_IMS_SETTINGS_ACCT_INFO.html">הגדרות חשבון דואר אלקטרוני</target>
   </keywords>
   <keywords>
      <text FeatureID="-1">הגדרות תיבת דואר מתקדמות</text>
      <target FeatureID="-1" href="FSE_HLP_IMS_SETTINGS_ADVANCED.html">הגדרות תא דואר מתקדמות</target>
      <target FeatureID="-1" href="FSE_HLP_MFE_SETTINGS_ADVANCED.html">הגדרות מתקדמות לתיבת דואר</target>
   </keywords>
   <keywords>
      <text FeatureID="-1">הגדרות תיבת דואר</text>
      <target FeatureID="-1" href="FSE_HLP_IMS_SETTINGS_MAILBOX.html">הגדרות תא דואר</target>
      <target FeatureID="-1" href="FSE_HLP_MFE_SETTINGS_MAILBOX.html">הגדרות כלליות לתיבת דואר</target>
   </keywords>
   <keywords>
      <text FeatureID="-1">תוכן דואר אלקטרוני לסינכרון</text>
      <target FeatureID="-1" href="FSE_HLP_IMS_SETTINGS_WHAT_SYNC.html">הגדרת תוכן לסינכרון</target>
   </keywords>
   <keywords>
      <text FeatureID="-1">סינכרון תיקיית דואר אלקטרוני</text>
      <target FeatureID="-1" href="FSE_HLP_IMS_SETTINGS_FOLDER.html">סנכרן תיקיות דואר אלקטרוני</target>
      <target FeatureID="-1" href="FSE_HLP_MFE_SETTINGS_FOLDER.html">הגדרות עבור סינכרון</target>
   </keywords>
   <keywords>
      <text FeatureID="-1">הגדרות שירות דואר אלקטרוני</text>
      <target FeatureID="-1" href="FSE_HLP_SETTINGS_INTELL_LIST.html">הגדרות שירות דואר אלקטרוני</target>
   </keywords>
   <keywords>
      <text FeatureID="-1">Intellisync</text>
      <target FeatureID="-1" href="FSE_HLP_IMS_LAUNCHER_MAIN_VIEW.html">דואר אלקטרוני של Intellisync</target>
   </keywords>
   <keywords>
      <text FeatureID="-1">Mail for Exchange</text>
      <target FeatureID="-1" href="FSE_HLP_MFE_LAUNCHER_MAIN_VIEW.html">דואר אלקטרוני של Mail for Exchange</target>
   </keywords>
   <keywords>
      <text FeatureID="-1">פרטי דואר אלקטרוני</text>
      <target FeatureID="-1" href="FS_VIEWER_HLP_DETAILS_VIEW.html">פרטי הודעה</target>
   </keywords>
   <keywords>
      <text FeatureID="-1">הגדרות סינכרון דואר אלקטרוני</text>
      <target FeatureID="-1" href="FSE_HLP_MFE_SETTINGS_PIM_APPS.html">הגדרות סנכרון עבור יישומים</target>
   </keywords>
   <keywords>
      <text FeatureID="-1">סינכרון לוח שנה</text>
      <target FeatureID="-1" href="FSE_HLP_MFE_CALENDAR_APP.html">הגדרות סנכרון עבור לוח-השנה</target>
   </keywords>
   <keywords>
      <text FeatureID="-1">סינכרון אנשי קשר,</text>
      <target FeatureID="-1" href="FSE_HLP_MFE_CONTACTS_APP.html">הגדרות סנכרון עבור אנשי קשר</target>
   </keywords>
   <keywords>
      <text FeatureID="-1">תוכן סינכרון דואר אלקטרוני</text>
      <target FeatureID="-1" href="FSE_HLP_MFE_SETTINGS_WHAT_SYNC.html">בחירת תוכן לסינכרון</target>
   </keywords>
   <keywords>
      <text FeatureID="-1">סינכרון ערך מטלה</text>
      <target FeatureID="-1" href="FSE_HLP_MFE_TASKS_APP.html">הגדרות סינכרון מטלות</target>
   </keywords>
   <keywords>
      <text FeatureID="-1">אין הודעות דואר אלקטרוני</text>
      <target FeatureID="-1" href="FSE_HLP_MESSAGE_LIST_EMPTY.html">אין הודעות</target>
   </keywords>
   <keywords>
      <text FeatureID="-1">תיבת דואר יוצא של דואר אלקטרוני</text>
      <target FeatureID="-1" href="FSE_HLP_MESSAGE_LIST_OUTBOX.html">עבוד עם התיקייה דואר יוצא</target>
   </keywords>
   <keywords>
      <text FeatureID="-1">בקשות לפגישה</text>
      <target FeatureID="-1" href="FS_VIEWER_HLP_MEETING_REQ_VIEW.html">בקשת פגישה</target>
   </keywords>
   <keywords>
      <text FeatureID="-1">חיפוש דואר אלקטרוני</text>
      <target FeatureID="-1" href="FSE_HLP_MESSAGE_LIST_SEARCHING.html">חיפוש דואר אלקטרוני</target>
   </keywords>
   <keywords>
      <text FeatureID="-1">תוצאות חיפוש דואר אלקטרוני</text>
      <target FeatureID="-1" href="FSE_HLP_MESSAGE_LIST_SEARCHED.html">תוצאות חיפוש</target>
   </keywords>
   <keywords>
      <text FeatureID="-1">שליחת דואר אלקטרוני</text>
      <target FeatureID="-1" href="FS_EDITOR_HLP_MAIN_VIEW.html">שלח דואר אלקטרוני</target>
   </keywords>
   <keywords>
      <text FeatureID="-1">שירות PIM</text>
      <target FeatureID="-1" href="FSE_HLP_SETTINGS_PIM_VIEW.html">שירות PIM</target>
   </keywords>
   <keywords>
      <text FeatureID="-1">סינכרון יישומים</text>
      <target FeatureID="-1" href="FSE_HLP_SETTINGS_APPLICATIONS.html">סנכרן יישומים</target>
   </keywords>
   <keywords>
      <text FeatureID="-1">קבצים מצורפים בדוא"ל</text>
      <target FeatureID="-1" href="FSE_HLP_ATTACHMENT_DOWNLOAD.html">הצג הורדות של מסמכים מצורפים</target>
   </keywords>
   <keywords>
      <text FeatureID="-1">דואר אלקטרוני שהתקבל</text>
      <target FeatureID="-1" href="FS_VIEWER_HLP_MAIN_VIEW.html">עבוד עם דואר אלקטרוני שהתקבל</target>
   </keywords>
</keywords>