<?xml version="1.0" encoding="UTF-8"?>
<keywords>
   <keywords>
      <text FeatureID="-1">пощенска кутия за повиквания</text>
      <target FeatureID="-1" href="SMSVO_HLP_MAIN_VIEW.html">Пощ. кутия повикв.</target>
      <target FeatureID="true_298" href="SMSVO_HLP_CS_VIDEO_AND_XSP_VOIP.html">Пощенска кутия за повиквания, видео и Интернет повиквания</target>
   </keywords>
   <keywords>
      <text FeatureID="-1">телефонен секретар</text>
      <target FeatureID="-1" href="SMSVO_HLP_MAIN_VIEW.html">Пощ. кутия повикв.</target>
      <target FeatureID="true_89" href="SMSVO_HLP_CS_AND_VIDEO.html">Гласова и видео пощенска кутия</target>
      <target FeatureID="true_298" href="SMSVO_HLP_CS_VIDEO_AND_XSP_VOIP.html">Пощенска кутия за повиквания, видео и Интернет повиквания</target>
   </keywords>
   <keywords>
      <text FeatureID="true_89">видео пощенска кутия</text>
      <target FeatureID="true_89" href="SMSVO_HLP_CS_AND_VIDEO.html">Гласова и видео пощенска кутия</target>
   </keywords>
   <keywords>
      <text FeatureID="true_298">пощенска кутия за интернет повиквания</text>
      <target FeatureID="true_298" href="SMSVO_HLP_CS_VIDEO_AND_XSP_VOIP.html">Пощенска кутия за повиквания, видео и Интернет повиквания</target>
   </keywords>
</keywords>