<?xml version="1.0" encoding="UTF-8"?>
<keywords>
   <keywords>
      <text FeatureID="true_11008 false_11008">pendaftaran perangkat</text>
      <target FeatureID="true_11008" href="DRM_HLP_REGISTRATION_METERING.html">Pendaftaran perangkat</target>
      <target FeatureID="false_11008" href="DRM_HLP_REGISTRATION.html">Pendaftaran perangkat</target>
   </keywords>
   <keywords>
      <text FeatureID="true_11008">pengakuisisian hak diam</text>
      <target FeatureID="true_11008" href="DRM_HLP_REGISTRATION_METERING.html">Pendaftaran perangkat</target>
   </keywords>
   <keywords>
      <text FeatureID="true_11008">meteran</text>
      <target FeatureID="true_11008" href="DRM_HLP_REGISTRATION_METERING.html">Pendaftaran perangkat</target>
   </keywords>
</keywords>