<?xml version="1.0" encoding="UTF-8"?>
<keywords>
   <keywords>
      <text FeatureID="-1">správce souborů</text>
      <target FeatureID="-1" href="FMGR_HLP_MEM_STORE_VIEW.html">Správa souborů</target>
      <target FeatureID="-1" href="FMGR_HLP_MAIN_VIEW.html">Správce souborů</target>
      <target FeatureID="-1" href="FMGR_HLP_BACKUP_VIEW.html">Zálohování souborů</target>
   </keywords>
   <keywords>
      <text FeatureID="-1">paměťová karta</text>
      <target FeatureID="-1" href="FMGR_HLP_MEM_STORE_VIEW.html">Správa souborů</target>
      <target FeatureID="-1" href="FMGR_HLP_MAIN_VIEW.html">Správce souborů</target>
      <target FeatureID="-1" href="FMGR_HLP_BACKUP_VIEW.html">Zálohování souborů</target>
   </keywords>
   <keywords>
      <text FeatureID="-1">Správce souborů</text>
      <target FeatureID="-1" href="FMGR_HLP_SEARCH_RESULTS.html">Vyhledávání souborů</target>
   </keywords>
   <keywords>
      <text FeatureID="-1">vyhledávání souborů</text>
      <target FeatureID="-1" href="FMGR_HLP_SEARCH_RESULTS.html">Vyhledávání souborů</target>
   </keywords>
   <keywords>
      <text FeatureID="-1">vyhledávání složek</text>
      <target FeatureID="-1" href="FMGR_HLP_SEARCH_RESULTS.html">Vyhledávání souborů</target>
   </keywords>
   <keywords>
      <text FeatureID="-1">zálohování</text>
      <target FeatureID="-1" href="FMGR_HLP_BACKUP_VIEW.html">Zálohování souborů</target>
   </keywords>
</keywords>