<?xml version="1.0" encoding="UTF-8"?>
<keywords>
   <keywords>
      <text FeatureID="-1">인스턴트 메시지</text>
      <target FeatureID="-1" href="SERVTAB_HLP_CONVERSATION.html">인스턴트 메시지 전송</target>
   </keywords>
   <keywords>
      <text FeatureID="-1">채팅</text>
      <target FeatureID="-1" href="SERVTAB_HLP_CONVERSATION.html">인스턴트 메시지 전송</target>
   </keywords>
   <keywords>
      <text FeatureID="-1">대화</text>
      <target FeatureID="-1" href="SERVTAB_HLP_CONVERSATION.html">인스턴트 메시지 전송</target>
   </keywords>
</keywords>