<?xml version="1.0" encoding="UTF-8"?>
<keywords>
   <keywords>
      <text FeatureID="-1">transferência de dados</text>
      <target FeatureID="-1" href="SWITCH_HLP_EDIT_SHORTCUT.html">Definições de atalho</target>
      <target FeatureID="-1" href="SWITCH_HLP_MAIN.html">Transferir dados</target>
      <target FeatureID="-1" href="SWITCH_HLP_LOG.html">Registo de transferência</target>
   </keywords>
   <keywords>
      <text FeatureID="-1">transferir dados</text>
      <target FeatureID="-1" href="SWITCH_HLP_EDIT_SHORTCUT.html">Definições de atalho</target>
      <target FeatureID="-1" href="SWITCH_HLP_MAIN.html">Transferir dados</target>
   </keywords>
   <keywords>
      <text FeatureID="-1">atalhos</text>
      <target FeatureID="-1" href="SWITCH_HLP_EDIT_SHORTCUT.html">Definições de atalho</target>
   </keywords>
   <keywords>
      <text FeatureID="-1">transferência de dados, conflitos</text>
      <target FeatureID="-1" href="SWITCH_HLP_CONFLICT.html">Conflitos de transferência</target>
   </keywords>
   <keywords>
      <text FeatureID="-1">copiar conteúdos</text>
      <target FeatureID="-1" href="SWITCH_HLP_MAIN.html">Transferir dados</target>
   </keywords>
   <keywords>
      <text FeatureID="-1">registo de transferência</text>
      <target FeatureID="-1" href="SWITCH_HLP_LOG.html">Registo de transferência</target>
   </keywords>
</keywords>