<?xml version="1.0" encoding="UTF-8"?>
<keywords>
   <keywords>
      <text FeatureID="-1">postcard</text>
      <target FeatureID="-1" href="MMS_POSTCARD_HLP_ADDRESS_EDIT.html">Uređivanje adresa</target>
      <target FeatureID="-1" href="POSTCARD_HLP_ADDRESS_VIEW.html">Prikaz adresa</target>
      <target FeatureID="-1" href="POSTCARD_HLP_GREETING_EDIT.html">Pisanje pozdrava</target>
      <target FeatureID="-1" href="POSTCARD_HLP_GREETING_VIEW.html">Prikaz pozdrava</target>
      <target FeatureID="-1" href="MMS_POSTCARD_HLP_MAIN_EDIT.html">Stvaranje razglednica</target>
   </keywords>
   <keywords>
      <text FeatureID="-1">razglednice, slanje</text>
      <target FeatureID="-1" href="MMS_POSTCARD_HLP_ADDRESS_EDIT.html">Uređivanje adresa</target>
      <target FeatureID="-1" href="POSTCARD_HLP_GREETING_EDIT.html">Pisanje pozdrava</target>
      <target FeatureID="-1" href="MMS_POSTCARD_HLP_MAIN_EDIT.html">Stvaranje razglednica</target>
   </keywords>
   <keywords>
      <text FeatureID="-1">razglednice</text>
      <target FeatureID="-1" href="MMS_POSTCARD_HLP_MAIN_VIEW.html">Prikaz razglednica</target>
   </keywords>
</keywords>