<?xml version="1.0" encoding="UTF-8"?>
<keywords>
   <keywords>
      <text FeatureID="-1">vyhľadanie</text>
      <target FeatureID="-1" href="SEARCH_HLP_INDEVICE_MAIN.html">Hľadanie</target>
   </keywords>
   <keywords>
      <text FeatureID="-1">výsledky vyhľadávania</text>
      <target FeatureID="-1" href="SEARCH_HLP_SINGLE_RE.html">Výsledky vyhľadávania</target>
      <target FeatureID="-1" href="SEARCH_HLP_GROUPED.html">Výsledky vyhľadávania v kategóriách</target>
   </keywords>
</keywords>