<?xml version="1.0" encoding="UTF-8"?>
<keywords>
   <keywords>
      <text FeatureID="-1">ใบรับรอง</text>
      <target FeatureID="-1" href="AM_HLP_GENERAL_SETTINGS.html">การตั้งค่าใบรับรอง</target>
   </keywords>
   <keywords>
      <text FeatureID="-1">การตั้งค่า, ใบรับรอง</text>
      <target FeatureID="-1" href="AM_HLP_GENERAL_SETTINGS.html">การตั้งค่าใบรับรอง</target>
   </keywords>
   <keywords>
      <text FeatureID="-1">การติดตั้งแอปพลิเคชั่น</text>
      <target FeatureID="-1" href="AM_HLP_NOT_INSTALLED.html">ไฟล์การติดตั้ง</target>
      <target FeatureID="-1" href="AM_HLP_APPLICATION.html">การจัดการแอปพลิเคชั่น</target>
   </keywords>
   <keywords>
      <text FeatureID="-1">แอปพลิเคชั่น</text>
      <target FeatureID="-1" href="AM_HLP_NOT_INSTALLED.html">ไฟล์การติดตั้ง</target>
      <target FeatureID="-1" href="AM_HLP_INSTALLED.html">แอปพลิเคชั่นที่ติดตั้ง</target>
   </keywords>
   <keywords>
      <text FeatureID="-1">การติดตั้งซอฟต์แวร์</text>
      <target FeatureID="-1" href="AM_HLP_APPLICATION.html">การจัดการแอปพลิเคชั่น</target>
   </keywords>
   <keywords>
      <text FeatureID="-1">คำขอการอนุญาต</text>
      <target FeatureID="-1" href="AM_HLP_INSTALL_CAPAB.html">คำขอการอนุญาต</target>
   </keywords>
   <keywords>
      <text FeatureID="-1">การติดตั้งที่ไม่น่าวางใจ</text>
      <target FeatureID="-1" href="AM_HLP_INSTALL_UNTRUSTED.html">การติดตั้งที่ไม่น่าวางใจ</target>
   </keywords>
</keywords>