<?xml version="1.0" encoding="UTF-8"?>
<keywords>
   <keywords>
      <text FeatureID="-1">frekans hazır ayarlarını düzenleme</text>
      <target FeatureID="-1" href="EQ_HLP_EDITING_VIEW.html">Frekans hazır ayarlarını düzenleme</target>
   </keywords>
   <keywords>
      <text FeatureID="-1">ekolayzer</text>
      <target FeatureID="-1" href="EQ_HLP_LIST_VIEW.html">Frekans hazır ayarları</target>
   </keywords>
   <keywords>
      <text FeatureID="-1">frekans bantları</text>
      <target FeatureID="-1" href="EQ_HLP_LIST_VIEW.html">Frekans hazır ayarları</target>
   </keywords>
   <keywords>
      <text FeatureID="-1">frekans hazır ayarlarını seçme</text>
      <target FeatureID="-1" href="EQ_HLP_LIST_VIEW.html">Frekans hazır ayarları</target>
   </keywords>
</keywords>