<?xml version="1.0" encoding="UTF-8"?>
<keywords>
   <keywords>
      <text FeatureID="-1">bogmærker</text>
      <target FeatureID="-1" href="OSS_HLP_BM_ADDBM.html">Tilføje bogmærker</target>
   </keywords>
   <keywords>
      <text FeatureID="-1">browser­bogmærker</text>
      <target FeatureID="-1" href="OSS_HLP_BM_ADDBM.html">Tilføje bogmærker</target>
      <target FeatureID="-1" href="OSS_HLP_BM_MAIN.html">Gennemse bogmærker</target>
   </keywords>
   <keywords>
      <text FeatureID="-1">internet</text>
      <target FeatureID="-1" href="OSS_HLP_BM_ADDBM.html">Tilføje bogmærker</target>
      <target FeatureID="true_167" href="OSS_HLP_RSS_ADD.html">Tilføje inter­netkilder</target>
      <target FeatureID="-1" href="OSS_HLP_PAGEVIEW.html">Bruge internettet</target>
      <target FeatureID="true_167" href="OSS_HLP_RSS_EDIT.html">Redigere internetkilder</target>
      <target FeatureID="true_167" href="OSS_HLP_RSS_ARTICLE.html">Artikler fra internetkilder</target>
      <target FeatureID="true_167" href="OSS_HLP_RSS_ARTICLELST.html">Internet­kilder</target>
      <target FeatureID="true_167" href="OSS_HLP_RSS_MAIN.html">Internetkilder og blogs</target>
   </keywords>
   <keywords>
      <text FeatureID="true_167">kilder</text>
      <target FeatureID="true_167" href="OSS_HLP_RSS_ADD.html">Tilføje inter­netkilder</target>
      <target FeatureID="true_167" href="OSS_HLP_RSS_EDIT.html">Redigere internetkilder</target>
      <target FeatureID="true_167" href="OSS_HLP_RSS_ARTICLE.html">Artikler fra internetkilder</target>
      <target FeatureID="true_167" href="OSS_HLP_RSS_ARTICLELST.html">Internet­kilder</target>
      <target FeatureID="true_167" href="OSS_HLP_RSS_MAIN.html">Internetkilder og blogs</target>
   </keywords>
   <keywords>
      <text FeatureID="true_167">RSS-kilder</text>
      <target FeatureID="true_167" href="OSS_HLP_RSS_ADD.html">Tilføje inter­netkilder</target>
      <target FeatureID="true_167" href="OSS_HLP_RSS_EDIT.html">Redigere internetkilder</target>
      <target FeatureID="true_167" href="OSS_HLP_RSS_ARTICLE.html">Artikler fra internetkilder</target>
      <target FeatureID="true_167" href="OSS_HLP_RSS_ARTICLELST.html">Internet­kilder</target>
      <target FeatureID="true_167" href="OSS_HLP_RSS_MAIN.html">Internetkilder og blogs</target>
   </keywords>
   <keywords>
      <text FeatureID="true_167">nyheder og blogs</text>
      <target FeatureID="true_167" href="OSS_HLP_RSS_ADD.html">Tilføje inter­netkilder</target>
      <target FeatureID="true_167" href="OSS_HLP_RSS_EDIT.html">Redigere internetkilder</target>
      <target FeatureID="true_167" href="OSS_HLP_RSS_ARTICLE.html">Artikler fra internetkilder</target>
      <target FeatureID="true_167" href="OSS_HLP_RSS_ARTICLELST.html">Internet­kilder</target>
      <target FeatureID="true_167" href="OSS_HLP_RSS_MAIN.html">Internetkilder og blogs</target>
   </keywords>
   <keywords>
      <text FeatureID="true_167">blogs</text>
      <target FeatureID="true_167" href="OSS_HLP_RSS_ADD.html">Tilføje inter­netkilder</target>
      <target FeatureID="true_167" href="OSS_HLP_RSS_EDIT.html">Redigere internetkilder</target>
      <target FeatureID="true_167" href="OSS_HLP_RSS_ARTICLE.html">Artikler fra internetkilder</target>
      <target FeatureID="true_167" href="OSS_HLP_RSS_ARTICLELST.html">Internet­kilder</target>
      <target FeatureID="true_167" href="OSS_HLP_RSS_MAIN.html">Internetkilder og blogs</target>
   </keywords>
   <keywords>
      <text FeatureID="-1">gennemse sider</text>
      <target FeatureID="-1" href="OSS_HLP_PAGEVIEW.html">Bruge internettet</target>
   </keywords>
   <keywords>
      <text FeatureID="-1">åbne bogmærker</text>
      <target FeatureID="-1" href="OSS_HLP_BM_MAIN.html">Gennemse bogmærker</target>
   </keywords>
   <keywords>
      <text FeatureID="-1">browser­indstillinger</text>
      <target FeatureID="-1" href="OSS_HLP_SETTINGS_GENERAL.html">Generelle indstillinger</target>
      <target FeatureID="-1" href="OSS_HLP_SETTINGS_PAGE.html">Side­indstillinger</target>
      <target FeatureID="-1" href="OSS_HLP_SETTINGS_PRIVACY.html">Indstil. for personoplys.</target>
      <target FeatureID="-1" href="OSS_HLP_SETTINGS_FOLDERS.html">Internet­indstillinger</target>
   </keywords>
   <keywords>
      <text FeatureID="-1">internet­indstillinger</text>
      <target FeatureID="-1" href="OSS_HLP_SETTINGS_GENERAL.html">Generelle indstillinger</target>
      <target FeatureID="-1" href="OSS_HLP_SETTINGS_PAGE.html">Side­indstillinger</target>
      <target FeatureID="-1" href="OSS_HLP_SETTINGS_PRIVACY.html">Indstil. for personoplys.</target>
      <target FeatureID="-1" href="OSS_HLP_SETTINGS_FOLDERS.html">Internet­indstillinger</target>
   </keywords>
   <keywords>
      <text FeatureID="-1">indstille til internet</text>
      <target FeatureID="-1" href="OSS_HLP_SETTINGS_PAGE.html">Side­indstillinger</target>
      <target FeatureID="true_167" href="OSS_HLP_SETTINGS_RSS.html">Indstillinger for internetkilder</target>
      <target FeatureID="-1" href="OSS_HLP_SETTINGS_FOLDERS.html">Internet­indstillinger</target>
   </keywords>
   <keywords>
      <text FeatureID="-1">personoplys., indstillinger</text>
      <target FeatureID="-1" href="OSS_HLP_SETTINGS_PRIVACY.html">Indstil. for personoplys.</target>
   </keywords>
   <keywords>
      <text FeatureID="true_167 false_410">browserindstillinger</text>
      <target FeatureID="true_167" href="OSS_HLP_SETTINGS_RSS.html">Indstillinger for internetkilder</target>
      <target FeatureID="false_410" href="OSS_HLP_SHORTCUTS.html">Genveje på værktøjslinjen</target>
   </keywords>
   <keywords>
      <text FeatureID="true_167 false_410">internetindstillinger</text>
      <target FeatureID="true_167" href="OSS_HLP_SETTINGS_RSS.html">Indstillinger for internetkilder</target>
      <target FeatureID="false_410" href="OSS_HLP_SHORTCUTS.html">Genveje på værktøjslinjen</target>
   </keywords>
   <keywords>
      <text FeatureID="-1">åbne en bestemt side</text>
      <target FeatureID="-1" href="OSS_HLP_PAGEVIEW_EMBED.html">Internet i programmer</target>
   </keywords>
   <keywords>
      <text FeatureID="-1">internet i programmer</text>
      <target FeatureID="-1" href="OSS_HLP_PAGEVIEW_EMBED.html">Internet i programmer</target>
   </keywords>
</keywords>