<?xml version="1.0" encoding="UTF-8"?>
<keywords>
   <keywords>
      <text FeatureID="-1">nastavitve sporočil storitev</text>
      <target FeatureID="-1" href="WPUSH_HLP_SETTINGS.html">Nastav. sporočil storitev</target>
   </keywords>
   <keywords>
      <text FeatureID="-1">sporočila s hitrim dostopom</text>
      <target FeatureID="-1" href="WPUSH_HLP_VIEWER.html">Ogled sporočil storitve</target>
   </keywords>
   <keywords>
      <text FeatureID="-1">sporočila storitve</text>
      <target FeatureID="-1" href="WPUSH_HLP_VIEWER.html">Ogled sporočil storitve</target>
   </keywords>
</keywords>