<?xml version="1.0" encoding="UTF-8"?>
<keywords>
   <keywords>
      <text FeatureID="-1">jogosító tanúsítványok</text>
      <target FeatureID="-1" href="CM_HLP_AUTHORITY.html">Jogosító tanúsítványok</target>
   </keywords>
   <keywords>
      <text FeatureID="-1">tanúsítványok</text>
      <target FeatureID="-1" href="CM_HLP_AUTHORITY.html">Jogosító tanúsítványok</target>
      <target FeatureID="-1" href="CM_HLP_DEVICE.html">Eszköztanúsítványok</target>
      <target FeatureID="-1" href="CM_HLP_MAIN.html">Tanúsítványkezelés</target>
      <target FeatureID="-1" href="CM_HLP_PERSONAL.html">Magán-tanúsítványok</target>
      <target FeatureID="-1" href="CM_HLP_TRUSTED_SITE.html">Megbízható weboldal-tanús.</target>
      <target FeatureID="-1" href="CM_HLP_TRUST_SETTINGS.html">Bizalmi beállítások módosítása</target>
   </keywords>
   <keywords>
      <text FeatureID="-1">biztonsági tanúsítványok</text>
      <target FeatureID="-1" href="CM_HLP_AUTHORITY.html">Jogosító tanúsítványok</target>
      <target FeatureID="-1" href="CM_HLP_MAIN.html">Tanúsítványkezelés</target>
   </keywords>
   <keywords>
      <text FeatureID="-1">eszköztanúsítványok</text>
      <target FeatureID="-1" href="CM_HLP_DEVICE.html">Eszköztanúsítványok</target>
   </keywords>
   <keywords>
      <text FeatureID="-1">magán-tanúsítványok</text>
      <target FeatureID="-1" href="CM_HLP_PERSONAL.html">Magán-tanúsítványok</target>
   </keywords>
   <keywords>
      <text FeatureID="-1">megbízható weboldal-tanús.</text>
      <target FeatureID="-1" href="CM_HLP_TRUSTED_SITE.html">Megbízható weboldal-tanús.</target>
   </keywords>
   <keywords>
      <text FeatureID="-1">bizalmi beállítások</text>
      <target FeatureID="-1" href="CM_HLP_TRUST_SETTINGS.html">Bizalmi beállítások módosítása</target>
   </keywords>
</keywords>