<?xml version="1.0" encoding="UTF-8"?>
<keywords>
   <keywords>
      <text FeatureID="-1">Quickoffice, мениджър на файлове</text>
      <target FeatureID="-1" href="QFM_HLP_FILE_MENU.html">Мениджър на файлове</target>
   </keywords>
   <keywords>
      <text FeatureID="-1">Quickoffice</text>
      <target FeatureID="-1" href="QFM_HLP_LOC_MENU.html">Quickoffice</target>
   </keywords>
   <keywords>
      <text FeatureID="-1">Quickpoint</text>
      <target FeatureID="-1" href="QPOINT_HLP_EDIT_SLIDE_VIEW.html">Редактиране на слайдове</target>
      <target FeatureID="-1" href="QPOINT_HLP_REPLACE_VIEW.html">Намиране и заместване на текст</target>
      <target FeatureID="-1" href="QPOINT_HLP_FIND_VIEW.html">Намиране на текст</target>
      <target FeatureID="-1" href="QPOINT_HLP_VIEW_SLIDE_VIEW.html">Преглед на слайдове</target>
   </keywords>
   <keywords>
      <text FeatureID="-1">Quickpoint, текст</text>
      <target FeatureID="-1" href="QPOINT_HLP_EDIT_TEXT_VIEW.html">Редактиране на текст</target>
   </keywords>
   <keywords>
      <text FeatureID="-1">Quickpoint, коментари</text>
      <target FeatureID="-1" href="QPOINT_HLP_COMMENT_VIEW.html">Преглед на коментари</target>
   </keywords>
   <keywords>
      <text FeatureID="-1">Quickpoint, бележки</text>
      <target FeatureID="-1" href="QPOINT_HLP_VIEW_NOTES_VIEW.html">Преглед на бележки</target>
   </keywords>
   <keywords>
      <text FeatureID="-1">Quickpoint, структурни</text>
      <target FeatureID="-1" href="QPOINT_HLP_VIEW_OUTLINE_VIEW.html">Структурен изглед</target>
   </keywords>
   <keywords>
      <text FeatureID="-1">Quicksheet, клетки</text>
      <target FeatureID="-1" href="QSHEET_HLP_CELLS_EDIT.html">Редактиране на клетки</target>
      <target FeatureID="-1" href="QSHEET_HLP_VIEW_CELL.html">Преглед на клетки</target>
   </keywords>
   <keywords>
      <text FeatureID="-1">Quicksheet, колони</text>
      <target FeatureID="-1" href="QSHEET_HLP_EDIT_COLUMN.html">Редактиране на колони</target>
   </keywords>
   <keywords>
      <text FeatureID="-1">Quicksheet, групи</text>
      <target FeatureID="-1" href="QSHEET_HLP_EDIT_RANGE.html">Редактиране на диапазони</target>
   </keywords>
   <keywords>
      <text FeatureID="-1">Quicksheet, редове</text>
      <target FeatureID="-1" href="QSHEET_HLP_EDIT_ROW.html">Редактиране на редове</target>
   </keywords>
   <keywords>
      <text FeatureID="-1">Quicksheet</text>
      <target FeatureID="-1" href="QSHEET_HLP_REPLACE_VIEW.html">Намиране и заместване на текст</target>
      <target FeatureID="-1" href="QSHEET_HLP_FIND_VIEW.html">Намиране на текст</target>
      <target FeatureID="-1" href="QSHEET_HLP_CELLS_VIEW.html">Преглед на електронни таблици</target>
   </keywords>
   <keywords>
      <text FeatureID="-1">Quickword</text>
      <target FeatureID="-1" href="QWORD_HLP_EDIT_MODE.html">Редактиране на документи</target>
      <target FeatureID="-1" href="QWORD_HLP_FIND_MODE.html">Намиране и заместване на текст</target>
      <target FeatureID="-1" href="QWORD_HLP_VIEW_MODE.html">Преглед на документи</target>
      <target FeatureID="-1" href="QWORD_HLP_PAGE_VIEW.html">Преглед на оформлението на страница</target>
   </keywords>
</keywords>