<?xml version="1.0" encoding="UTF-8"?><?xml-stylesheet  href="../../theme/xsl/index2html.xslt" type="text/xsl"?>
<topics FeatureID="-1" title="Telefonski imenik" compressed="true">
   <topicref FeatureID="-1" href="FDN_HLP_FDN_NUM_EDIT_VIEW.html" navtitle="Urejanje vizitk"/>
   <topicref FeatureID="-1" href="FDN_HLP_FDN_NUMBER_VIEW.html" navtitle="Vizitke za omejene klice"/>
   <topicref FeatureID="-1" href="FDN_HLP_FDN_VIEW.html" navtitle="Omejevanje klicev"/>
   <topicref FeatureID="-1" href="SDN_HLP_APP.html" navtitle="Številke storitev"/>
   <topicref FeatureID="-1" href="HLP_CCA_DETAILS.html" navtitle="Podrobnosti vizitke"/>
   <topicref FeatureID="-1" href="HLP_CCA_EDITOR.html" navtitle="Urejanje vizitk"/>
   <topicref FeatureID="-1" href="HLP_CCA_LAUNCHER.html" navtitle="Vizitke"/>
   <topicref FeatureID="-1" href="PHOB_HLP_GROUP_LIST.html" navtitle="Skupine vizitk"/>
   <topicref FeatureID="-1" href="PHOB_HLP_SIM_LIST.html" navtitle="Imenik vizitk na SIM"/>
   <topicref FeatureID="-1" href="PHOB_HLP_MY_NUMBERS.html" navtitle="Moje številke"/>
   <topicref FeatureID="-1" href="PHOB_HLP_GROUP_MEMBER_LIST.html" navtitle="Člani skupin"/>
   <topicref FeatureID="-1" href="PHOB_HLP_SETTINGS.html" navtitle="Nastavitve imenika"/>
   <topicref FeatureID="-1" href="PHOB_HLP_NAME_LIST.html" navtitle="Imenik"/>
</topics>