<?xml version="1.0" encoding="UTF-8"?>
<keywords>
   <keywords>
      <text FeatureID="-1">omejeno klicanje</text>
      <target FeatureID="-1" href="FDN_HLP_FDN_NUM_EDIT_VIEW.html">Urejanje vizitk</target>
      <target FeatureID="-1" href="FDN_HLP_FDN_NUMBER_VIEW.html">Vizitke za omejene klice</target>
      <target FeatureID="-1" href="FDN_HLP_FDN_VIEW.html">Omejevanje klicev</target>
   </keywords>
   <keywords>
      <text FeatureID="-1">omejevanje klicev</text>
      <target FeatureID="-1" href="FDN_HLP_FDN_VIEW.html">Omejevanje klicev</target>
   </keywords>
   <keywords>
      <text FeatureID="-1">številke storitev</text>
      <target FeatureID="-1" href="SDN_HLP_APP.html">Številke storitev</target>
   </keywords>
   <keywords>
      <text FeatureID="-1">številke storitev SIM</text>
      <target FeatureID="-1" href="SDN_HLP_APP.html">Številke storitev</target>
   </keywords>
   <keywords>
      <text FeatureID="-1">številke storitev na kartici SIM</text>
      <target FeatureID="-1" href="SDN_HLP_APP.html">Številke storitev</target>
   </keywords>
   <keywords>
      <text FeatureID="-1">skupine vizitk</text>
      <target FeatureID="-1" href="PHOB_HLP_GROUP_LIST.html">Skupine vizitk</target>
      <target FeatureID="-1" href="PHOB_HLP_GROUP_MEMBER_LIST.html">Člani skupin</target>
   </keywords>
   <keywords>
      <text FeatureID="-1">Imenik SIM</text>
      <target FeatureID="-1" href="PHOB_HLP_SIM_LIST.html">Imenik vizitk na SIM</target>
   </keywords>
   <keywords>
      <text FeatureID="-1">številka SIM</text>
      <target FeatureID="-1" href="PHOB_HLP_MY_NUMBERS.html">Moje številke</target>
   </keywords>
   <keywords>
      <text FeatureID="-1">vrstni red imen v Imeniku</text>
      <target FeatureID="-1" href="PHOB_HLP_SETTINGS.html">Nastavitve imenika</target>
   </keywords>
   <keywords>
      <text FeatureID="-1">pomnilnik za imenik</text>
      <target FeatureID="-1" href="PHOB_HLP_SETTINGS.html">Nastavitve imenika</target>
   </keywords>
   <keywords>
      <text FeatureID="-1">privzeti pomnilnik</text>
      <target FeatureID="-1" href="PHOB_HLP_SETTINGS.html">Nastavitve imenika</target>
   </keywords>
   <keywords>
      <text FeatureID="-1">imenik</text>
      <target FeatureID="-1" href="PHOB_HLP_NAME_LIST.html">Imenik</target>
      <target FeatureID="-1" href="PHOB_HLP_NAME_LIST.html">Imenik</target>
   </keywords>
   <keywords>
      <text FeatureID="-1">kontaktne informacije</text>
      <target FeatureID="-1" href="PHOB_HLP_NAME_LIST.html">Imenik</target>
   </keywords>
</keywords>