<?xml version="1.0" encoding="UTF-8"?>
<keywords>
   <keywords>
      <text FeatureID="-1">Date GPS</text>
      <target FeatureID="-1" href="HLP_BLID_NAVIGATION.html">Ecranul de navigare</target>
      <target FeatureID="false_112" href="BLID_HLP_WAYPOINTS.html">Locaţii memorate</target>
      <target FeatureID="-1" href="HLP_BLID_TRIPMETER.html">Ecran distanţă parcursă</target>
   </keywords>
   <keywords>
      <text FeatureID="-1">navigarea până la destinaţie</text>
      <target FeatureID="-1" href="HLP_BLID_NAVIGATION.html">Ecranul de navigare</target>
   </keywords>
   <keywords>
      <text FeatureID="false_112">memorare locaţii</text>
      <target FeatureID="false_112" href="BLID_HLP_WAYPOINTS.html">Locaţii memorate</target>
   </keywords>
   <keywords>
      <text FeatureID="-1">setări navigator</text>
      <target FeatureID="-1" href="BLID_HLP_SETTINGS.html">Setări date GPS</target>
   </keywords>
   <keywords>
      <text FeatureID="-1">setări date GPS</text>
      <target FeatureID="-1" href="BLID_HLP_SETTINGS.html">Setări date GPS</target>
   </keywords>
   <keywords>
      <text FeatureID="-1">informaţii deplasare</text>
      <target FeatureID="-1" href="HLP_BLID_TRIPMETER.html">Ecran distanţă parcursă</target>
   </keywords>
   <keywords>
      <text FeatureID="-1">informaţii călătorie</text>
      <target FeatureID="-1" href="HLP_BLID_TRIPMETER.html">Ecran distanţă parcursă</target>
   </keywords>
</keywords>