<?xml version="1.0" encoding="UTF-8"?>
<keywords>
   <keywords>
      <text FeatureID="true_1116">egutegiko sarrerak bidali</text>
      <target FeatureID="true_1116" href="SMART_HLP_CALENDAREDITOR.html">Egutegiko sarrerak bidali</target>
   </keywords>
   <keywords>
      <text FeatureID="true_1114">egutegiko sarrerak jasotzen</text>
      <target FeatureID="true_1114" href="SMART_HLP_CALENDARVIEWER.html">Jasotako egutegiko sarrerak</target>
   </keywords>
   <keywords>
      <text FeatureID="true_1114">egutegiko sarrerak</text>
      <target FeatureID="true_1114" href="SMART_HLP_CALPULLMESVIEWER.html">Egutegiko sarreren deskarga</target>
   </keywords>
   <keywords>
      <text FeatureID="true_1117 true_1115">negozio fitxak</text>
      <target FeatureID="true_1117" href="SMART_HLP_BUSINESSEDITOR.html">Bisita txartelak bidali</target>
      <target FeatureID="true_1115" href="SMART_HLP_BUSINESSVIEWER.html">Jasotako bisita txartelak</target>
      <target FeatureID="true_1115" href="SMART_HLP_BUSPULLMESVIEWER.html">Bisita txartelen deskarga</target>
   </keywords>
   <keywords>
      <text FeatureID="true_1111">dei tonuak</text>
      <target FeatureID="true_1111" href="SMART_HLP_RINGVIEWER.html">Jasotako dei tonuak</target>
   </keywords>
   <keywords>
      <text FeatureID="true_1110">operadorearen logoak</text>
      <target FeatureID="true_1110" href="SMART_HLP_OPLOGOVIEWER.html">Jasotako operadorearen logoak</target>
   </keywords>
   <keywords>
      <text FeatureID="true_1106">laster-markak</text>
      <target FeatureID="true_1106" href="SMART_HLP_ONEBOOKVIEWER.html">Jasotako laster-marka</target>
   </keywords>
   <keywords>
      <text FeatureID="true_1112">irudiak jasotzen</text>
      <target FeatureID="true_1112" href="SMART_HLP_GMSVIEWER.html">Irudidun mezuak ikustea</target>
   </keywords>
   <keywords>
      <text FeatureID="true_1112">irudi mezuak</text>
      <target FeatureID="true_1112" href="SMART_HLP_GMSVIEWER.html">Irudidun mezuak ikustea</target>
   </keywords>
   <keywords>
      <text FeatureID="true_1537">urruneko unitatearen konfigurazioa</text>
      <target FeatureID="true_1537" href="SMART_HLP_REMOTEDRIVES_VIEWER.html">Urruneko unitateen konfigurazioak jaso</target>
      <target FeatureID="true_1537" href="SMART_HLP_REMOTEDRIVES_EDITOR.html">Urruneko unitateen konfigurazioak bidali</target>
   </keywords>
</keywords>