<?xml version="1.0" encoding="UTF-8"?>
<keywords>
   <keywords>
      <text FeatureID="true_13 true_1566">connexió del cable USB</text>
      <target FeatureID="true_13" href="USB_HLP_MAIN.html">Configuració d'USB</target>
      <target FeatureID="true_1566" href="USB_HLP_PRINT_SETTINGS.html">Configuració d'impressora</target>
   </keywords>
   <keywords>
      <text FeatureID="true_13">connexió del cable</text>
      <target FeatureID="true_13" href="USB_HLP_MAIN.html">Configuració d'USB</target>
   </keywords>
   <keywords>
      <text FeatureID="true_1566">imprimir</text>
      <target FeatureID="true_1566" href="USB_HLP_PRINT_SETTINGS.html">Configuració d'impressora</target>
   </keywords>
   <keywords>
      <text FeatureID="true_1566">configuració, impressora</text>
      <target FeatureID="true_1566" href="USB_HLP_PRINT_SETTINGS.html">Configuració d'impressora</target>
   </keywords>
</keywords>