<?xml version="1.0" encoding="UTF-8"?>
<keywords>
   <keywords>
      <text FeatureID="-1">piezīmju rediģēšana</text>
      <target FeatureID="-1" href="NMAKE_HLP_MEMO_VIEWER_EDIT.html">Piezīmju rediģēšana programmās</target>
   </keywords>
   <keywords>
      <text FeatureID="-1">piezīmju saņemšana</text>
      <target FeatureID="-1" href="NMAKE_HLP_MEMO_VIEWER.html">Saņemto pie­zīmju skatīš.</target>
   </keywords>
   <keywords>
      <text FeatureID="-1">īsziņu veidnes</text>
      <target FeatureID="-1" href="NMAKE_HLP_TEMPLATE_EDITOR.html">Ziņu veidņu rakstīšana</target>
   </keywords>
   <keywords>
      <text FeatureID="-1">ziņu veidņu izveide</text>
      <target FeatureID="-1" href="NMAKE_HLP_TEMPLATE_EDITOR.html">Ziņu veidņu rakstīšana</target>
   </keywords>
   <keywords>
      <text FeatureID="-1">ziņu veidņu rakstīšana</text>
      <target FeatureID="-1" href="NMAKE_HLP_TEMPLATE_EDITOR.html">Ziņu veidņu rakstīšana</target>
   </keywords>
   <keywords>
      <text FeatureID="-1">piezīmju sar.</text>
      <target FeatureID="-1" href="NMAKE_HLP_MEMO_LIST.html">Piezīmju sar.</target>
   </keywords>
   <keywords>
      <text FeatureID="-1">piezīmju rakstīšana</text>
      <target FeatureID="-1" href="NMAKE_HLP_MEMO_LIST.html">Piezīmju sar.</target>
      <target FeatureID="-1" href="NMAKE_HLP_MEMO_EDITOR_APPS.html">Piez. rakst. programmās</target>
      <target FeatureID="-1" href="NMAKE_HLP_MEMO_EDITOR.html">Piezīmju rakstīšana</target>
   </keywords>
</keywords>