<?xml version="1.0" encoding="UTF-8"?>
<keywords>
   <keywords>
      <text FeatureID="-1">ویرایش فرکانس های از پیش تنظیم شده</text>
      <target FeatureID="-1" href="EQ_HLP_EDITING_VIEW.html">ویرایش فرکانس های از پیش تنظیم شده</target>
   </keywords>
   <keywords>
      <text FeatureID="-1">همسان ساز</text>
      <target FeatureID="-1" href="EQ_HLP_LIST_VIEW.html">فرکانس های از پیش تنظیم شده</target>
   </keywords>
   <keywords>
      <text FeatureID="-1">باندهای فرکانس</text>
      <target FeatureID="-1" href="EQ_HLP_LIST_VIEW.html">فرکانس های از پیش تنظیم شده</target>
   </keywords>
   <keywords>
      <text FeatureID="-1">فرکانس از پیش تنظیم شده را انتخاب کنید</text>
      <target FeatureID="-1" href="EQ_HLP_LIST_VIEW.html">فرکانس های از پیش تنظیم شده</target>
   </keywords>
</keywords>