<?xml version="1.0" encoding="UTF-8"?>
<keywords>
   <keywords>
      <text FeatureID="-1">administrador de dispositivo</text>
      <target FeatureID="-1" href="DM_HLP_MAIN_VIEW.html">Software disp.</target>
      <target FeatureID="-1" href="DM_HLP_SETTINGS.html">Config. perfil servidor</target>
      <target FeatureID="-1" href="DM_HLP_SERVERS_VIEW.html">Config. remota</target>
   </keywords>
   <keywords>
      <text FeatureID="-1">ajustes de configuración</text>
      <target FeatureID="-1" href="DM_HLP_MAIN_VIEW.html">Software disp.</target>
   </keywords>
   <keywords>
      <text FeatureID="-1">Administrador de dispositivo</text>
      <target FeatureID="-1" href="FOTA_HLP_SETTINGS.html">Config. actualización software</target>
   </keywords>
   <keywords>
      <text FeatureID="-1">configuraciones de actualización de software</text>
      <target FeatureID="-1" href="FOTA_HLP_SETTINGS.html">Config. actualización software</target>
   </keywords>
   <keywords>
      <text FeatureID="-1">configuraciones de perfil del servidor</text>
      <target FeatureID="-1" href="DM_HLP_SETTINGS.html">Config. perfil servidor</target>
   </keywords>
   <keywords>
      <text FeatureID="-1">configuración remota</text>
      <target FeatureID="-1" href="DM_HLP_SERVERS_VIEW.html">Config. remota</target>
   </keywords>
</keywords>