<?xml version="1.0" encoding="UTF-8"?>
<keywords>
   <keywords>
      <text FeatureID="-1">โมดูลความปลอดภัย</text>
      <target FeatureID="-1" href="SECMOD_HLP_ACCESSCODE_VIEW.html">รหัส PIN ของโมดูลความปลอดภัย</target>
      <target FeatureID="-1" href="SECMOD_HLP_MAIN_VIEW.html">โมดูลความปลอดภัย</target>
      <target FeatureID="-1" href="SEMOD_HLP_SIGNINGCODE_VIEW.html">การแก้ไขรหัสการลงนาม</target>
   </keywords>
   <keywords>
      <text FeatureID="-1">รหัส PIN</text>
      <target FeatureID="-1" href="SECMOD_HLP_ACCESSCODE_VIEW.html">รหัส PIN ของโมดูลความปลอดภัย</target>
   </keywords>
   <keywords>
      <text FeatureID="-1">รหัสโมดูลความปลอดภัย</text>
      <target FeatureID="-1" href="SECMOD_HLP_CODE_VIEW.html">รหัสโมดูลความปลอดภัย</target>
   </keywords>
   <keywords>
      <text FeatureID="-1">รหัส PIN สำหรับโมดูลความปลอดภัย</text>
      <target FeatureID="-1" href="SECMOD_HLP_CODE_VIEW.html">รหัสโมดูลความปลอดภัย</target>
   </keywords>
   <keywords>
      <text FeatureID="-1">ที่จัดเก็บคีย์</text>
      <target FeatureID="-1" href="SECMOD_HLP_MAIN_VIEW.html">โมดูลความปลอดภัย</target>
   </keywords>
   <keywords>
      <text FeatureID="-1">รหัสการลงนาม</text>
      <target FeatureID="-1" href="SEMOD_HLP_SIGNINGCODE_VIEW.html">การแก้ไขรหัสการลงนาม</target>
   </keywords>
   <keywords>
      <text FeatureID="-1">ลายเซ็นดิจิตอล</text>
      <target FeatureID="-1" href="SEMOD_HLP_SIGNINGCODE_VIEW.html">การแก้ไขรหัสการลงนาม</target>
   </keywords>
</keywords>