<?xml version="1.0" encoding="UTF-8"?>
<keywords>
   <keywords>
      <text FeatureID="-1">hlasová schránka</text>
      <target FeatureID="-1" href="SMSVO_HLP_MAIN_VIEW.html">Hlasová schránka</target>
      <target FeatureID="true_298" href="SMSVO_HLP_CS_VIDEO_AND_XSP_VOIP.html">Schránka volání, videa a internetového volání</target>
   </keywords>
   <keywords>
      <text FeatureID="-1">záznamník</text>
      <target FeatureID="-1" href="SMSVO_HLP_MAIN_VIEW.html">Hlasová schránka</target>
      <target FeatureID="true_89" href="SMSVO_HLP_CS_AND_VIDEO.html">Hlasová schránka a schránka videa</target>
      <target FeatureID="true_298" href="SMSVO_HLP_CS_VIDEO_AND_XSP_VOIP.html">Schránka volání, videa a internetového volání</target>
   </keywords>
   <keywords>
      <text FeatureID="true_89">schránka videa</text>
      <target FeatureID="true_89" href="SMSVO_HLP_CS_AND_VIDEO.html">Hlasová schránka a schránka videa</target>
   </keywords>
   <keywords>
      <text FeatureID="true_298">schránka internetového volání</text>
      <target FeatureID="true_298" href="SMSVO_HLP_CS_VIDEO_AND_XSP_VOIP.html">Schránka volání, videa a internetového volání</target>
   </keywords>
</keywords>