<?xml version="1.0" encoding="UTF-8"?>
<keywords>
   <keywords>
      <text FeatureID="-1">missatges d'informació de cel·la</text>
      <target FeatureID="-1" href="CBS_HLP_TOPIC_VIEW.html">Missatges d'informació de cel·la</target>
      <target FeatureID="-1" href="CBS_HLP_MAIN.html">Temes d'informació de cel·la</target>
      <target FeatureID="-1" href="CBS_HLP_MSG.html">Visualitzeu missatges d'informació de cel·la (CBS)</target>
   </keywords>
   <keywords>
      <text FeatureID="-1">temes d'informació de cel·la</text>
      <target FeatureID="-1" href="CBS_HLP_MAIN.html">Temes d'informació de cel·la</target>
   </keywords>
</keywords>