<?xml version="1.0" encoding="UTF-8"?>
<keywords>
   <keywords>
      <text FeatureID="-1">pošiljanje sporočil</text>
      <target FeatureID="-1" href="UNIFIED_HLP_EDITOR.html">Ustvarjanje sporočil</target>
   </keywords>
   <keywords>
      <text FeatureID="-1">urejevalnik sporočil</text>
      <target FeatureID="-1" href="UNIFIED_HLP_EDITOR.html">Ustvarjanje sporočil</target>
   </keywords>
   <keywords>
      <text FeatureID="-1">sporočila</text>
      <target FeatureID="-1" href="UNIFIED_HLP_SENDING_OPTIONS.html">Možn. pošiljanja</target>
   </keywords>
   <keywords>
      <text FeatureID="-1">možnosti pošiljanja</text>
      <target FeatureID="-1" href="UNIFIED_HLP_SENDING_OPTIONS.html">Možn. pošiljanja</target>
   </keywords>
   <keywords>
      <text FeatureID="-1">predstavnostni predmeti</text>
      <target FeatureID="-1" href="UNIFIED_HLP_ED_OBJECTS.html">Prej. predstavn. predmeti</target>
   </keywords>
   <keywords>
      <text FeatureID="-1">večpredstavnostni predmeti</text>
      <target FeatureID="-1" href="UNIFIED_HLP_ED_OBJECTS.html">Prej. predstavn. predmeti</target>
   </keywords>
</keywords>