<?xml version="1.0" encoding="UTF-8"?>
<keywords>
   <keywords>
      <text FeatureID="-1">วิทยุ</text>
      <target FeatureID="-1" href="FMRADIO_HLP_MAIN.html">การฟังวิทยุ</target>
      <target FeatureID="-1" href="FMRADIO_HLP_SEARCH.html">การค้นหาสถานี</target>
      <target FeatureID="-1" href="FMRADIO_HLP_LIST.html"> จัดการสถานีวิทยุ</target>
   </keywords>
   <keywords>
      <text FeatureID="-1">วิทยุ FM</text>
      <target FeatureID="-1" href="FMRADIO_HLP_MAIN.html">การฟังวิทยุ</target>
      <target FeatureID="-1" href="FMRADIO_HLP_SEARCH.html">การค้นหาสถานี</target>
      <target FeatureID="-1" href="FMRADIO_HLP_LIST.html"> จัดการสถานีวิทยุ</target>
   </keywords>
</keywords>