<?xml version="1.0" encoding="UTF-8"?>
<keywords>
   <keywords>
      <text FeatureID="-1">redigere notater</text>
      <target FeatureID="-1" href="NMAKE_HLP_MEMO_VIEWER_EDIT.html">Redigere notater i programmer</target>
   </keywords>
   <keywords>
      <text FeatureID="-1">motta notater</text>
      <target FeatureID="-1" href="NMAKE_HLP_MEMO_VIEWER.html">Vise mottatte notater</target>
   </keywords>
   <keywords>
      <text FeatureID="-1">meldings­maler</text>
      <target FeatureID="-1" href="NMAKE_HLP_TEMPLATE_EDITOR.html">Skrive meldingsmaler</target>
   </keywords>
   <keywords>
      <text FeatureID="-1">opprette meldingsmaler</text>
      <target FeatureID="-1" href="NMAKE_HLP_TEMPLATE_EDITOR.html">Skrive meldingsmaler</target>
   </keywords>
   <keywords>
      <text FeatureID="-1">skrive meldingsmaler</text>
      <target FeatureID="-1" href="NMAKE_HLP_TEMPLATE_EDITOR.html">Skrive meldingsmaler</target>
   </keywords>
   <keywords>
      <text FeatureID="-1">notatliste</text>
      <target FeatureID="-1" href="NMAKE_HLP_MEMO_LIST.html">Notatliste</target>
   </keywords>
   <keywords>
      <text FeatureID="-1">skrive notater</text>
      <target FeatureID="-1" href="NMAKE_HLP_MEMO_LIST.html">Notatliste</target>
      <target FeatureID="-1" href="NMAKE_HLP_MEMO_EDITOR_APPS.html">Skrive notater i programmer</target>
      <target FeatureID="-1" href="NMAKE_HLP_MEMO_EDITOR.html">Skrive notater</target>
   </keywords>
</keywords>