<?xml version="1.0" encoding="UTF-8"?>
<keywords>
   <keywords>
      <text FeatureID="-1">temi</text>
      <target FeatureID="-1" href="SKINS_HLP_LIST.html">Temi generali</target>
      <target FeatureID="-1" href="SCREENSAVER_HLP_WP_SETTINGS.html">Impostazioni sfondo presentazione</target>
      <target FeatureID="-1" href="SKINS_HLP_WP_SETTINGS.html">Impostazioni sfondo</target>
      <target FeatureID="true_1503" href="SKINS_HLP_CIMAGE_SETTINGS.html">Selezionare la foto chiamata</target>
      <target FeatureID="-1" href="SKINS_HLP_APPSHELL.html">Impostazioni vista Menu</target>
      <target FeatureID="-1" href="SKINS_HLP_IDLE.html">Impostazioni della Schermata iniziale</target>
      <target FeatureID="-1" href="SKINS_HLP_APP_MAIN.html">Personalizzare il display</target>
      <target FeatureID="-1" href="SKINS_HLP_APPSKINS_LIST.html">Temi applicazioni</target>
   </keywords>
   <keywords>
      <text FeatureID="-1">sfondo presentazione</text>
      <target FeatureID="-1" href="SCREENSAVER_HLP_WP_SETTINGS.html">Impostazioni sfondo presentazione</target>
   </keywords>
   <keywords>
      <text FeatureID="-1">presentazione, impostazioni</text>
      <target FeatureID="-1" href="SCREENSAVER_HLP_WP_SETTINGS.html">Impostazioni sfondo presentazione</target>
   </keywords>
   <keywords>
      <text FeatureID="-1">sfondo, impostazioni</text>
      <target FeatureID="-1" href="SKINS_HLP_WP_SETTINGS.html">Impostazioni sfondo</target>
   </keywords>
   <keywords>
      <text FeatureID="-1">sfondo, immagine</text>
      <target FeatureID="-1" href="SKINS_HLP_WP_SETTINGS.html">Impostazioni sfondo</target>
      <target FeatureID="-1" href="SKINS_HLP_APP_MAIN.html">Personalizzare il display</target>
   </keywords>
   <keywords>
      <text FeatureID="-1">screen saver</text>
      <target FeatureID="-1" href="SKINS_HLP_SCREENS_SETTINGS.html">Impostazioni dello screen saver</target>
   </keywords>
   <keywords>
      <text FeatureID="true_1503">foto chiamata, impostazioni</text>
      <target FeatureID="true_1503" href="SKINS_HLP_CIMAGE_SETTINGS.html">Selezionare la foto chiamata</target>
   </keywords>
   <keywords>
      <text FeatureID="-1">menu</text>
      <target FeatureID="-1" href="SKINS_HLP_APPSHELL.html">Impostazioni vista Menu</target>
   </keywords>
   <keywords>
      <text FeatureID="-1">impostazioni, Schermata iniziale</text>
      <target FeatureID="-1" href="SKINS_HLP_IDLE.html">Impostazioni della Schermata iniziale</target>
   </keywords>
   <keywords>
      <text FeatureID="-1">widget</text>
      <target FeatureID="-1" href="SKINS_HLP_IDLE.html">Impostazioni della Schermata iniziale</target>
   </keywords>
</keywords>