<?xml version="1.0" encoding="UTF-8"?>
<keywords>
   <keywords>
      <text FeatureID="-1">mga instant message</text>
      <target FeatureID="-1" href="SERVTAB_HLP_CONVERSATION.html">Magpadala ng mga instant message</target>
   </keywords>
   <keywords>
      <text FeatureID="-1">pagkikipag-chat</text>
      <target FeatureID="-1" href="SERVTAB_HLP_CONVERSATION.html">Magpadala ng mga instant message</target>
   </keywords>
   <keywords>
      <text FeatureID="-1">mga pag-uusap</text>
      <target FeatureID="-1" href="SERVTAB_HLP_CONVERSATION.html">Magpadala ng mga instant message</target>
   </keywords>
</keywords>