<?xml version="1.0" encoding="UTF-8"?>
<keywords>
   <keywords>
      <text FeatureID="-1">Bluetooth</text>
      <target FeatureID="-1" href="BT_HLP_MAIN.html">Bluetooth</target>
      <target FeatureID="-1" href="BT_HLP_PAIRED.html">Párovanie so zariadeniami</target>
      <target FeatureID="-1" href="BT_HLP_BLOCKED.html">Blokovanie zariadení</target>
   </keywords>
   <keywords>
      <text FeatureID="-1">nastavenia Bluetooth</text>
      <target FeatureID="-1" href="BT_HLP_MAIN.html">Bluetooth</target>
   </keywords>
   <keywords>
      <text FeatureID="-1">párovanie zariadení</text>
      <target FeatureID="-1" href="BT_HLP_PAIRED.html">Párovanie so zariadeniami</target>
   </keywords>
   <keywords>
      <text FeatureID="-1">zablokované zariadenia</text>
      <target FeatureID="-1" href="BT_HLP_BLOCKED.html">Blokovanie zariadení</target>
   </keywords>
   <keywords>
      <text FeatureID="true_12">bezdrôtová klávesnica</text>
      <target FeatureID="true_12" href="BTKEYBOARD_HLP_SETTINGS.html">Bezdrôtová klávesnica</target>
   </keywords>
</keywords>