<?xml version="1.0" encoding="UTF-8"?><?xml-stylesheet  href="../../theme/xsl/index2html.xslt" type="text/xsl"?>
<topics FeatureID="-1" title="Danh bạ" compressed="true">
   <topicref FeatureID="-1" href="HLP_CCA_DETAILS.html" navtitle="Chi tiết liên lạc"/>
   <topicref FeatureID="-1" href="HLP_CCA_LAUNCHER.html" navtitle="Thẻ liên lạc"/>
   <topicref FeatureID="-1" href="PHOB_HLP_GROUP_LIST.html" navtitle="Nhóm số liên lạc"/>
   <topicref FeatureID="-1" href="PHOB_HLP_SIM_LIST.html" navtitle="Danh bạ SIM"/>
   <topicref FeatureID="-1" href="PHOB_HLP_MY_NUMBERS.html" navtitle="Số máy riêng"/>
   <topicref FeatureID="-1" href="PHOB_HLP_GROUP_MEMBER_LIST.html" navtitle="Thành viên"/>
   <topicref FeatureID="-1" href="PHOB_HLP_SETTINGS.html" navtitle="Cài đặt danh bạ"/>
   <topicref FeatureID="-1" href="PHOB_HLP_NAME_LIST.html" navtitle="Danh sách liên lạc"/>
   <topicref FeatureID="-1" href="HLP_CCA_MY_CARD.html" navtitle="Thẻ của Tôi"/>
   <topicref FeatureID="-1" href="RLOOK_HLP_INFO_VIEW.html" navtitle="Quản lý số liên lạc tìm thấy"/>
   <topicref FeatureID="-1" href="HLP_CCA_EDITOR.html" navtitle="Chỉnh sửa các thẻ liên lạc"/>
   <topicref FeatureID="-1" href="PHOB_HLP_CONTACT_INFO_VIEW.html" navtitle="Thẻ liên lạc"/>
   <topicref FeatureID="-1" href="PHOB_HLP_EDIT_ENTRY.html" navtitle="Chỉnh sửa thẻ liên lạc"/>
   <topicref FeatureID="-1" href="FDN_HLP_FDN_NUMBER_VIEW.html" navtitle="Số gọi ấn định"/>
   <topicref FeatureID="-1" href="FDN_HLP_FDN_VIEW.html" navtitle="Hạn chế cuộc gọi"/>
   <topicref FeatureID="-1" href="SDN_HLP_APP.html" navtitle="Số dịch vụ"/>
   <topicref FeatureID="-1" href="PHOB_HLP_SIM_INFO_VIEW.html" navtitle="Thẻ liên lạc trên thẻ SIM"/>
</topics>