<?xml version="1.0" encoding="UTF-8"?>
<keywords>
   <keywords>
      <text FeatureID="-1">gọi số ấn định</text>
      <target FeatureID="-1" href="FDN_HLP_FDN_NUM_EDIT_VIEW.html">Chỉnh sửa số liên lạc</target>
      <target FeatureID="-1" href="FDN_HLP_FDN_NUMBER_VIEW.html">Số gọi ấn định</target>
      <target FeatureID="-1" href="FDN_HLP_FDN_VIEW.html">Hạn chế cuộc gọi</target>
   </keywords>
   <keywords>
      <text FeatureID="-1">hạn chế cuộc gọi</text>
      <target FeatureID="-1" href="FDN_HLP_FDN_VIEW.html">Hạn chế cuộc gọi</target>
   </keywords>
   <keywords>
      <text FeatureID="-1">số dịch vụ</text>
      <target FeatureID="-1" href="SDN_HLP_APP.html">Số dịch vụ</target>
   </keywords>
   <keywords>
      <text FeatureID="-1">Các số dịch vụ SIM</text>
      <target FeatureID="-1" href="SDN_HLP_APP.html">Số dịch vụ</target>
   </keywords>
   <keywords>
      <text FeatureID="-1">các số dịch vụ trên thẻ SIM</text>
      <target FeatureID="-1" href="SDN_HLP_APP.html">Số dịch vụ</target>
   </keywords>
   <keywords>
      <text FeatureID="-1">nhóm liên lạc</text>
      <target FeatureID="-1" href="PHOB_HLP_GROUP_LIST.html">Nhóm số liên lạc</target>
      <target FeatureID="-1" href="PHOB_HLP_GROUP_MEMBER_LIST.html">Thành viên</target>
   </keywords>
   <keywords>
      <text FeatureID="-1">Các số liên lạc trên thẻ SIM</text>
      <target FeatureID="-1" href="PHOB_HLP_SIM_LIST.html">Danh bạ SIM</target>
   </keywords>
   <keywords>
      <text FeatureID="-1">Số SIM</text>
      <target FeatureID="-1" href="PHOB_HLP_MY_NUMBERS.html">Số máy riêng</target>
   </keywords>
   <keywords>
      <text FeatureID="-1">thứ tự tên trong Danh Bạ</text>
      <target FeatureID="-1" href="PHOB_HLP_SETTINGS.html">Cài đặt danh bạ</target>
   </keywords>
   <keywords>
      <text FeatureID="-1">bộ nhớ danh bạ</text>
      <target FeatureID="-1" href="PHOB_HLP_SETTINGS.html">Cài đặt danh bạ</target>
   </keywords>
   <keywords>
      <text FeatureID="-1">bộ nhớ mặc định</text>
      <target FeatureID="-1" href="PHOB_HLP_SETTINGS.html">Cài đặt danh bạ</target>
   </keywords>
   <keywords>
      <text FeatureID="-1">danh bạ</text>
      <target FeatureID="-1" href="PHOB_HLP_NAME_LIST.html">Thư mục danh bạ</target>
   </keywords>
   <keywords>
      <text FeatureID="-1">thông tin liên lạc</text>
      <target FeatureID="-1" href="PHOB_HLP_NAME_LIST.html">Thư mục danh bạ</target>
   </keywords>
   <keywords>
      <text FeatureID="-1">sổ điện thoại</text>
      <target FeatureID="-1" href="PHOB_HLP_NAME_LIST.html">Thư mục danh bạ</target>
   </keywords>
</keywords>