<?xml version="1.0" encoding="UTF-8"?>
<keywords>
   <keywords>
      <text FeatureID="-1">GPS-Daten</text>
      <target FeatureID="-1" href="HLP_BLID_NAVIGATION.html">Navigationsansicht</target>
      <target FeatureID="false_112" href="BLID_HLP_WAYPOINTS.html">Gespeicherte Orte</target>
      <target FeatureID="-1" href="HLP_BLID_TRIPMETER.html">Ansicht der Reisestrecke</target>
   </keywords>
   <keywords>
      <text FeatureID="-1">Navigieren zum Ziel</text>
      <target FeatureID="-1" href="HLP_BLID_NAVIGATION.html">Navigationsansicht</target>
   </keywords>
   <keywords>
      <text FeatureID="false_112">Orte speichern</text>
      <target FeatureID="false_112" href="BLID_HLP_WAYPOINTS.html">Gespeicherte Orte</target>
   </keywords>
   <keywords>
      <text FeatureID="-1">Navigator-Einstellungen</text>
      <target FeatureID="-1" href="BLID_HLP_SETTINGS.html">GPS-Dateneinstellungen</target>
   </keywords>
   <keywords>
      <text FeatureID="-1">GPS-Dateneinstellungen</text>
      <target FeatureID="-1" href="BLID_HLP_SETTINGS.html">GPS-Dateneinstellungen</target>
   </keywords>
   <keywords>
      <text FeatureID="-1">Routeninformationen</text>
      <target FeatureID="-1" href="HLP_BLID_TRIPMETER.html">Ansicht der Reisestrecke</target>
   </keywords>
   <keywords>
      <text FeatureID="-1">Reiseinformationen</text>
      <target FeatureID="-1" href="HLP_BLID_TRIPMETER.html">Ansicht der Reisestrecke</target>
   </keywords>
</keywords>