<?xml version="1.0" encoding="UTF-8"?>
<keywords>
   <keywords>
      <text FeatureID="-1">programmatūras atjaunināšana</text>
      <target FeatureID="-1" href="SWUPDATE_HLP_MAIN.html">Programmatūras atjaunināšana</target>
      <target FeatureID="-1" href="SWUPDATE_HLP_MAIN.html">Programmatūras atjaunināšana</target>
   </keywords>
   <keywords>
      <text FeatureID="-1">programmat. atjaun. uzst.</text>
      <target FeatureID="-1" href="SWUPDATE_HLP_SETTINGS.html">Programmat. atjaun. uzst.</target>
   </keywords>
</keywords>