<?xml version="1.0" encoding="UTF-8"?>
<keywords>
   <keywords>
      <text FeatureID="true_1604">text input</text>
      <target FeatureID="true_1604" href="HWR_HLP_MAIN_VIEW.html">Pengenalan tulisan tangan</target>
   </keywords>
   <keywords>
      <text FeatureID="true_1604">pengenalan tulisan tangan</text>
      <target FeatureID="true_1604" href="HWR_HLP_MAIN_VIEW.html">Pengenalan tulisan tangan</target>
   </keywords>
   <keywords>
      <text FeatureID="true_1603 true_410">input sentuhan</text>
      <target FeatureID="true_1603" href="VQWERTY_HLP_MAIN_VIEW.html">Keyboard virtual</target>
      <target FeatureID="true_410" href="VITU_HLP_MAIN_VIEW.html">Papan tombol virtual</target>
   </keywords>
   <keywords>
      <text FeatureID="true_410">papan tombol virtual</text>
      <target FeatureID="true_410" href="VITU_HLP_MAIN_VIEW.html">Papan tombol virtual</target>
   </keywords>
</keywords>