<?xml version="1.0" encoding="UTF-8"?>
<keywords>
   <keywords>
      <text FeatureID="-1">الأوامر الصوتية</text>
      <target FeatureID="true_72" href="HLP_VC_SIND_FOLDER.html">عرض التطبيق</target>
      <target FeatureID="true_72" href="HLP_VC_SIND_MAIN.html">استخدام الأوامر الصوتية</target>
      <target FeatureID="-1" href="VCINFO_HLP_MAINVIEW.html">للأسماء</target>
   </keywords>
   <keywords>
      <text FeatureID="-1">ضبط أوامر صوتية</text>
      <target FeatureID="-1" href="HLP_VC_SET.html">ضبط الأوامر الصوتية</target>
   </keywords>
</keywords>