<?xml version="1.0" encoding="UTF-8"?>
<keywords>
   <keywords>
      <text FeatureID="true_1116">kalendarski zapisi, slanje</text>
      <target FeatureID="true_1116" href="SMART_HLP_CALENDAREDITOR.html">Slanje kalendarskih zapisa</target>
   </keywords>
   <keywords>
      <text FeatureID="true_1114">kalendarski zapisi, primanje</text>
      <target FeatureID="true_1114" href="SMART_HLP_CALENDARVIEWER.html">Primljeni kalendarski zapisi</target>
   </keywords>
   <keywords>
      <text FeatureID="true_1114">kalendarski zapisi</text>
      <target FeatureID="true_1114" href="SMART_HLP_CALPULLMESVIEWER.html">Preuzimanje kalendarskih zapisa</target>
   </keywords>
   <keywords>
      <text FeatureID="true_1117 true_1115">posjetnice</text>
      <target FeatureID="true_1117" href="SMART_HLP_BUSINESSEDITOR.html">Slanje posjetnica</target>
      <target FeatureID="true_1115" href="SMART_HLP_BUSINESSVIEWER.html">Primljene posjetnice</target>
      <target FeatureID="true_1115" href="SMART_HLP_BUSPULLMESVIEWER.html">Preuzimanje posjetnica</target>
   </keywords>
   <keywords>
      <text FeatureID="true_1111">tonovi zvona</text>
      <target FeatureID="true_1111" href="SMART_HLP_RINGVIEWER.html">Primljeni tonovi zvona</target>
   </keywords>
   <keywords>
      <text FeatureID="true_1110">logotipi operatera</text>
      <target FeatureID="true_1110" href="SMART_HLP_OPLOGOVIEWER.html">Primljeni logotip operatera</target>
   </keywords>
   <keywords>
      <text FeatureID="true_1106">oznake</text>
      <target FeatureID="true_1106" href="SMART_HLP_ONEBOOKVIEWER.html">Primljena oznaka</target>
   </keywords>
   <keywords>
      <text FeatureID="true_1112">primanje grafika</text>
      <target FeatureID="true_1112" href="SMART_HLP_GMSVIEWER.html">Prikaz tekstualnih poruka</target>
   </keywords>
   <keywords>
      <text FeatureID="true_1112">grafičke poruke</text>
      <target FeatureID="true_1112" href="SMART_HLP_GMSVIEWER.html">Prikaz tekstualnih poruka</target>
   </keywords>
   <keywords>
      <text FeatureID="true_1537">udaljena konfiguracija pogona</text>
      <target FeatureID="true_1537" href="SMART_HLP_REMOTEDRIVES_VIEWER.html">Primitak udaljene konfiguracije pogona</target>
      <target FeatureID="true_1537" href="SMART_HLP_REMOTEDRIVES_EDITOR.html">Pošaljite udaljenu konfiguraciju pogona</target>
   </keywords>
</keywords>