<?xml version="1.0" encoding="UTF-8"?>
<keywords>
   <keywords>
      <text FeatureID="-1">برامج موسيقى</text>
      <target FeatureID="-1" href="MUS_HLP_MUSIC_SUITE_VIEW.html">مجموعة برامج الموسيقى</target>
   </keywords>
   <keywords>
      <text FeatureID="-1">مشغل الموسيقى</text>
      <target FeatureID="-1" href="MUS_HLP_TRACKS_VIEW.html">الأغاني</target>
      <target FeatureID="-1" href="MUS_HLP_CATEGORY_VIEW.html">فئات الموسيقى</target>
      <target FeatureID="-1" href="MUS_HLP_PODCAST_MAIN_VIEW.html">ملفات Podcast</target>
      <target FeatureID="-1" href="MUS_HLP_PODCAST_EPISODES.html">حلقات المواد</target>
      <target FeatureID="-1" href="MUS_HLP_PLAYLISTS_VIEW.html">قوائم تشغيل الموسيقى</target>
      <target FeatureID="-1" href="MUS_HLP_DOWNLOAD_PLAYBACK_VIEW.html">تشغيل الموسيقى على الويب</target>
      <target FeatureID="-1" href="MUS_HLP_PLAYBACK_VIEW.html">تشغيل الموسيقى</target>
      <target FeatureID="-1" href="MUS_HLP_LIB_MAIN_VIEW.html">مكتبة الموسيقى</target>
      <target FeatureID="-1" href="MUS_HLP_METADATA_EDITING.html">تعديل معلومات الأغنية</target>
      <target FeatureID="-1" href="MUS_HLP_ALBUM_ART_EDITING.html">تعديل رسم الألبوم</target>
      <target FeatureID="-1" href="MUS_HLP_AUDIO_SETT.html">ضبط الصوت</target>
   </keywords>
   <keywords>
      <text FeatureID="-1">podcasting</text>
      <target FeatureID="-1" href="MUS_HLP_PODCAST_MAIN_VIEW.html">ملفات Podcast</target>
      <target FeatureID="-1" href="MUS_HLP_PODCAST_EPISODES.html">حلقات المواد</target>
   </keywords>
   <keywords>
      <text FeatureID="-1">قوائم تشغيل</text>
      <target FeatureID="-1" href="MUS_HLP_PLAYLISTS_VIEW.html">قوائم تشغيل الموسيقى</target>
   </keywords>
   <keywords>
      <text FeatureID="-1">رسم الألبوم</text>
      <target FeatureID="-1" href="MUS_HLP_ALBUM_ART_EDITING.html">تعديل رسم الألبوم</target>
   </keywords>
   <keywords>
      <text FeatureID="-1">مكبر صوت الجهير</text>
      <target FeatureID="-1" href="MUS_HLP_AUDIO_SETT.html">ضبط الصوت</target>
   </keywords>
   <keywords>
      <text FeatureID="-1">توسيع الاستيريو</text>
      <target FeatureID="-1" href="MUS_HLP_AUDIO_SETT.html">ضبط الصوت</target>
   </keywords>
</keywords>