<?xml version="1.0" encoding="UTF-8"?>
<keywords>
   <keywords>
      <text FeatureID="-1">مشغل الموسيقى</text>
      <target FeatureID="-1" href="MUS_HLP_TRACKS_VIEW.html">الأغاني</target>
      <target FeatureID="-1" href="MUS_HLP_CATEGORY_VIEW.html">فئات الموسيقى</target>
      <target FeatureID="-1" href="MUS_HLP_PODCAST_MAIN_VIEW.html">ملفات Podcast</target>
      <target FeatureID="-1" href="MUS_HLP_PODCAST_EPISODES.html">حلقات المواد</target>
      <target FeatureID="-1" href="MUS_HLP_PLAYLISTS_VIEW.html">قوائم تشغيل الموسيقى</target>
      <target FeatureID="-1" href="MUS_HLP_AUDIO_SETT.html">ضبط الصوت</target>
   </keywords>
   <keywords>
      <text FeatureID="-1">podcasting</text>
      <target FeatureID="-1" href="MUS_HLP_PODCAST_MAIN_VIEW.html">ملفات Podcast</target>
      <target FeatureID="-1" href="MUS_HLP_PODCAST_EPISODES.html">حلقات المواد</target>
   </keywords>
   <keywords>
      <text FeatureID="-1">قوائم تشغيل</text>
      <target FeatureID="-1" href="MUS_HLP_PLAYLISTS_VIEW.html">قوائم تشغيل الموسيقى</target>
   </keywords>
   <keywords>
      <text FeatureID="-1">music player</text>
      <target FeatureID="-1" href="MUS_HLP_DOWNLOAD_PLAYBACK_VIEW.html">Play music on web</target>
      <target FeatureID="-1" href="MUS_HLP_LIB_MAIN_VIEW.html">Music library</target>
   </keywords>
   <keywords>
      <text FeatureID="-1">مكبر صوت الجهير</text>
      <target FeatureID="-1" href="MUS_HLP_AUDIO_SETT.html">ضبط الصوت</target>
   </keywords>
   <keywords>
      <text FeatureID="-1">توسيع الاستيريو</text>
      <target FeatureID="-1" href="MUS_HLP_AUDIO_SETT.html">ضبط الصوت</target>
   </keywords>
</keywords>