<?xml version="1.0" encoding="UTF-8"?>
<keywords>
   <keywords>
      <text FeatureID="-1">adatátvitel</text>
      <target FeatureID="-1" href="SWITCH_HLP_EDIT_SHORTCUT.html">Hivatkozások beállításai</target>
      <target FeatureID="-1" href="SWITCH_HLP_EDIT_SHORTCUT.html">Hivatkozások beállításai</target>
      <target FeatureID="-1" href="SWITCH_HLP_MAIN.html">Adatok átvitele</target>
      <target FeatureID="-1" href="SWITCH_HLP_MAIN.html">Adatok átvitele</target>
      <target FeatureID="-1" href="SWITCH_HLP_LOG.html">Átviteli napló</target>
   </keywords>
   <keywords>
      <text FeatureID="-1">hivatkozások</text>
      <target FeatureID="-1" href="SWITCH_HLP_EDIT_SHORTCUT.html">Hivatkozások beállításai</target>
   </keywords>
   <keywords>
      <text FeatureID="-1">adatátvitel, ütközések</text>
      <target FeatureID="-1" href="SWITCH_HLP_CONFLICT.html">Átviteli ütközések</target>
   </keywords>
   <keywords>
      <text FeatureID="-1">tartalom másolása</text>
      <target FeatureID="-1" href="SWITCH_HLP_MAIN.html">Adatok átvitele</target>
   </keywords>
   <keywords>
      <text FeatureID="-1">átviteli napló</text>
      <target FeatureID="-1" href="SWITCH_HLP_LOG.html">Átviteli napló</target>
   </keywords>
</keywords>