<?xml version="1.0" encoding="UTF-8"?>
<keywords>
   <keywords>
      <text FeatureID="true_410">bellen</text>
      <target FeatureID="true_410" href="DIALER_HLP_MAIN.html">Bellen</target>
      <target FeatureID="true_410" href="DIALER_HLP_MAIN.html">Bellen</target>
   </keywords>
   <keywords>
      <text FeatureID="-1">telefoonoproepen</text>
      <target FeatureID="-1" href="INCAL_HLP_CALL_HANDLING.html">Telefoonoproepen</target>
   </keywords>
   <keywords>
      <text FeatureID="-1">conferentiegesprekken</text>
      <target FeatureID="-1" href="INCAL_HLP_CALL_HANDLING.html">Telefoonoproepen</target>
   </keywords>
   <keywords>
      <text FeatureID="-1">schakelen tussen gesprekken</text>
      <target FeatureID="-1" href="INCAL_HLP_CALL_HANDLING.html">Telefoonoproepen</target>
   </keywords>
   <keywords>
      <text FeatureID="-1">telefoon</text>
      <target FeatureID="-1" href="INCAL_HLP_CALL_HANDLING.html">Telefoonoproepen</target>
   </keywords>
   <keywords>
      <text FeatureID="true_410">DTMF-tonen</text>
      <target FeatureID="true_410" href="DIALER_HLP_SEND_DTMF.html">DTMF-tonen verzenden</target>
   </keywords>
   <keywords>
      <text FeatureID="true_89">video-oproepen</text>
      <target FeatureID="true_89" href="INCAL_HLP_VIDEO_CALL.html">Video-oproepen</target>
   </keywords>
</keywords>