<?xml version="1.0" encoding="UTF-8"?>
<keywords>
   <keywords>
      <text FeatureID="-1">XDM اوضاع</text>
      <target FeatureID="-1" href="XDM_HLP_LIST_VIEW.html">XDM اوضاع</target>
      <target FeatureID="-1" href="XDM_HLP_EDIT_SET.html">XDM وضع کی ترتیبات</target>
   </keywords>
   <keywords>
      <text FeatureID="-1">XDM ترتیبات</text>
      <target FeatureID="-1" href="XDM_HLP_EDIT_SET.html">XDM وضع کی ترتیبات</target>
   </keywords>
</keywords>