<?xml version="1.0" encoding="UTF-8"?>
<keywords>
   <keywords>
      <text FeatureID="-1">воспр. Flash-файлов</text>
      <target FeatureID="-1" href="FLITE_HLP_STOPPED.html">Завершение воспроизведения Flash-файлов</target>
      <target FeatureID="-1" href="FLITE_HLP_VIEWER_PAUSED.html">Приостановка воспроизведения Flash-файла</target>
      <target FeatureID="-1" href="FLITE_HLP_VIEWER_PLAY.html">Воспроизведение Flash-файлов.</target>
   </keywords>
   <keywords>
      <text FeatureID="-1">Flash-проигрыватель</text>
      <target FeatureID="-1" href="FLITE_HLP_STOPPED.html">Завершение воспроизведения Flash-файлов</target>
      <target FeatureID="-1" href="FLITE_HLP_VIEWER_PAUSED.html">Приостановка воспроизведения Flash-файла</target>
      <target FeatureID="-1" href="FLITE_HLP_VIEWER_PLAY.html">Воспроизведение Flash-файлов.</target>
   </keywords>
</keywords>