<?xml version="1.0" encoding="UTF-8"?>
<keywords>
   <keywords>
      <text FeatureID="-1">음성 명령</text>
      <target FeatureID="true_72" href="HLP_VC_SIND_FOLDER.html">애플리케이션 보기</target>
      <target FeatureID="true_72" href="HLP_VC_SIND_MAIN.html">음성 명령 사용</target>
      <target FeatureID="-1" href="VCINFO_HLP_MAINVIEW.html">연락처</target>
   </keywords>
   <keywords>
      <text FeatureID="-1">음성 명령 설정</text>
      <target FeatureID="-1" href="HLP_VC_SET.html">음성 명령 설정</target>
   </keywords>
</keywords>