<?xml version="1.0" encoding="UTF-8"?>
<keywords>
   <keywords>
      <text FeatureID="-1">服務訊息設定</text>
      <target FeatureID="-1" href="WPUSH_HLP_SETTINGS.html">服務訊息設定</target>
   </keywords>
   <keywords>
      <text FeatureID="-1">Push 訊息</text>
      <target FeatureID="-1" href="WPUSH_HLP_VIEWER.html">檢視服務訊息</target>
   </keywords>
   <keywords>
      <text FeatureID="-1">服務訊息</text>
      <target FeatureID="-1" href="WPUSH_HLP_VIEWER.html">檢視服務訊息</target>
   </keywords>
</keywords>