<?xml version="1.0" encoding="UTF-8"?>
<keywords>
   <keywords>
      <text FeatureID="-1">player muzică</text>
      <target FeatureID="-1" href="MUS_HLP_TRACKS_VIEW.html">Melodii</target>
      <target FeatureID="-1" href="MUS_HLP_CATEGORY_VIEW.html">Categorii muzicale</target>
   </keywords>
   <keywords>
      <text FeatureID="-1">music player</text>
      <target FeatureID="-1" href="MUS_HLP_PODCAST_MAIN_VIEW.html">Podcasturi</target>
      <target FeatureID="-1" href="MUS_HLP_PODCAST_EPISODES.html">Episoade Podcast</target>
      <target FeatureID="-1" href="MUS_HLP_PLAYLISTS_VIEW.html">Liste de redare muzică</target>
      <target FeatureID="-1" href="MUS_HLP_DOWNLOAD_PLAYBACK_VIEW.html">Play music on web</target>
      <target FeatureID="-1" href="MUS_HLP_LIB_MAIN_VIEW.html">Music library</target>
      <target FeatureID="-1" href="MUS_HLP_AUDIO_SETT.html">Setări audio</target>
   </keywords>
   <keywords>
      <text FeatureID="-1">podcasting</text>
      <target FeatureID="-1" href="MUS_HLP_PODCAST_MAIN_VIEW.html">Podcasturi</target>
      <target FeatureID="-1" href="MUS_HLP_PODCAST_EPISODES.html">Episoade Podcast</target>
   </keywords>
   <keywords>
      <text FeatureID="-1">liste de redare</text>
      <target FeatureID="-1" href="MUS_HLP_PLAYLISTS_VIEW.html">Liste de redare muzică</target>
   </keywords>
   <keywords>
      <text FeatureID="-1">amplificare de başi</text>
      <target FeatureID="-1" href="MUS_HLP_AUDIO_SETT.html">Setări audio</target>
   </keywords>
   <keywords>
      <text FeatureID="-1">stereo spaţial</text>
      <target FeatureID="-1" href="MUS_HLP_AUDIO_SETT.html">Setări audio</target>
   </keywords>
</keywords>