<?xml version="1.0" encoding="UTF-8"?>
<keywords>
   <keywords>
      <text FeatureID="true_1116">gửi các mục lịch</text>
      <target FeatureID="true_1116" href="SMART_HLP_CALENDAREDITOR.html">Gửi các mục lịch</target>
   </keywords>
   <keywords>
      <text FeatureID="true_1114">nhận các mục nhập lịch</text>
      <target FeatureID="true_1114" href="SMART_HLP_CALENDARVIEWER.html">Các mục nhập lịch nhận được</target>
   </keywords>
   <keywords>
      <text FeatureID="true_1114">các mục nhập lịch</text>
      <target FeatureID="true_1114" href="SMART_HLP_CALPULLMESVIEWER.html">Mục nhập lịch tải xuống</target>
   </keywords>
   <keywords>
      <text FeatureID="true_1117 true_1115">danh thiếp</text>
      <target FeatureID="true_1117" href="SMART_HLP_BUSINESSEDITOR.html">Gửi danh thiếp</target>
      <target FeatureID="true_1115" href="SMART_HLP_BUSINESSVIEWER.html">Các danh thiếp đã nhận</target>
      <target FeatureID="true_1115" href="SMART_HLP_BUSPULLMESVIEWER.html">Tải xuống danh thiếp</target>
   </keywords>
   <keywords>
      <text FeatureID="true_1111">kiểu chuông</text>
      <target FeatureID="true_1111" href="SMART_HLP_RINGVIEWER.html">Nhạc chuông nhận được</target>
   </keywords>
   <keywords>
      <text FeatureID="true_1110">logo mạng</text>
      <target FeatureID="true_1110" href="SMART_HLP_OPLOGOVIEWER.html">Logo mạng nhận được</target>
   </keywords>
   <keywords>
      <text FeatureID="true_1106">chỉ mục</text>
      <target FeatureID="true_1106" href="SMART_HLP_ONEBOOKVIEWER.html">Chỉ mục nhận được</target>
   </keywords>
   <keywords>
      <text FeatureID="true_1112">nhận hình ảnh</text>
      <target FeatureID="true_1112" href="SMART_HLP_GMSVIEWER.html">Xem tin nhắn hình</target>
   </keywords>
   <keywords>
      <text FeatureID="true_1112">tin nhắn hình</text>
      <target FeatureID="true_1112" href="SMART_HLP_GMSVIEWER.html">Xem tin nhắn hình</target>
   </keywords>
   <keywords>
      <text FeatureID="true_1537">cấu hình ổ đĩa từ xa</text>
      <target FeatureID="true_1537" href="SMART_HLP_REMOTEDRIVES_VIEWER.html">Nhận cấu hình ổ đĩa từ xa</target>
      <target FeatureID="true_1537" href="SMART_HLP_REMOTEDRIVES_EDITOR.html">Gửi cấu hình ổ đĩa từ xa</target>
   </keywords>
</keywords>