<?xml version="1.0" encoding="UTF-8"?>
<keywords>
   <keywords>
      <text FeatureID="-1">GPS data</text>
      <target FeatureID="-1" href="HLP_BLID_NAVIGATION.html">Zobrazení Navigace</target>
      <target FeatureID="false_112" href="BLID_HLP_WAYPOINTS.html">Uložená místa</target>
      <target FeatureID="-1" href="HLP_BLID_TRIPMETER.html">Zobrazení vzdálenosti cesty</target>
   </keywords>
   <keywords>
      <text FeatureID="-1">navigace k cíli</text>
      <target FeatureID="-1" href="HLP_BLID_NAVIGATION.html">Zobrazení Navigace</target>
   </keywords>
   <keywords>
      <text FeatureID="false_112">ukládání míst</text>
      <target FeatureID="false_112" href="BLID_HLP_WAYPOINTS.html">Uložená místa</target>
   </keywords>
   <keywords>
      <text FeatureID="-1">nastavení navigace</text>
      <target FeatureID="-1" href="BLID_HLP_SETTINGS.html">Nastavení GPS</target>
   </keywords>
   <keywords>
      <text FeatureID="-1">Nastavení GPS</text>
      <target FeatureID="-1" href="BLID_HLP_SETTINGS.html">Nastavení GPS</target>
   </keywords>
   <keywords>
      <text FeatureID="-1">informace o cestě</text>
      <target FeatureID="-1" href="HLP_BLID_TRIPMETER.html">Zobrazení vzdálenosti cesty</target>
   </keywords>
   <keywords>
      <text FeatureID="-1">cestovní informace</text>
      <target FeatureID="-1" href="HLP_BLID_TRIPMETER.html">Zobrazení vzdálenosti cesty</target>
   </keywords>
</keywords>