<?xml version="1.0" encoding="UTF-8"?>
<keywords>
   <keywords>
      <text FeatureID="-1">mensajes de información de célula</text>
      <target FeatureID="-1" href="CBS_HLP_TOPIC_VIEW.html">Mensajes de información de célula</target>
      <target FeatureID="-1" href="CBS_HLP_MAIN.html">Temas de información de célula</target>
      <target FeatureID="-1" href="CBS_HLP_MSG.html">Ver mensajes SIC</target>
   </keywords>
   <keywords>
      <text FeatureID="-1">temas de información de célula</text>
      <target FeatureID="-1" href="CBS_HLP_MAIN.html">Temas de información de célula</target>
   </keywords>
</keywords>