<?xml version="1.0" encoding="UTF-8"?>
<keywords>
   <keywords>
      <text FeatureID="-1">istanteko mezularitza</text>
      <target FeatureID="-1" href="SERVTAB_HLP_CONVERSATION.html">Istanteko mezuak bidaltzea</target>
   </keywords>
   <keywords>
      <text FeatureID="-1">txata</text>
      <target FeatureID="-1" href="SERVTAB_HLP_CONVERSATION.html">Istanteko mezuak bidaltzea</target>
   </keywords>
   <keywords>
      <text FeatureID="-1">hizketaldiak</text>
      <target FeatureID="-1" href="SERVTAB_HLP_CONVERSATION.html">Istanteko mezuak bidaltzea</target>
   </keywords>
</keywords>