<?xml version="1.0" encoding="UTF-8"?>
<keywords>
   <keywords>
      <text FeatureID="-1">e-mail settings</text>
      <target FeatureID="-1" href="MBXS_HLP_SETT_DOWNL_CTRL.html">E-mail retrieval settings</target>
      <target FeatureID="-1" href="MBXS_HLP_SETT_DOWNL_RETR.html">E-mail retrieval amount</target>
      <target FeatureID="-1" href="MBXS_HLP_SETT_MBX_IN.html">Incoming e-mail settings</target>
      <target FeatureID="-1" href="MBXS_HLP_SETT_MBX_IN_OUT.html">Connection settings</target>
      <target FeatureID="-1" href="MBXS_HLP_SETT_MBX_OUT.html">Outgoing e-mail sett.</target>
      <target FeatureID="-1" href="MCE_HLP_SETTINGS_EMAIL.html">E-mail settings</target>
      <target FeatureID="-1" href="MCE_HLP_SETT_EMAILMAIN.html">Edit mailboxes</target>
      <target FeatureID="-1" href="MCE_HLP_SETT_MAILBLIST.html">Mailboxes</target>
      <target FeatureID="-1" href="MCE_HLP_SETT_MAILFOLDER_UPD.html">Mailbox folders</target>
      <target FeatureID="true_1633" href="MCE_HLP_SETT_MAIL_ONLI.html">Automatic retrieval</target>
   </keywords>
   <keywords>
      <text FeatureID="-1">mailbox settings</text>
      <target FeatureID="-1" href="MCE_HLP_SETT_EMAILMAIN.html">Edit mailboxes</target>
   </keywords>
   <keywords>
      <text FeatureID="-1">mailbox</text>
      <target FeatureID="-1" href="MCE_HLP_SETT_MAILBLIST.html">Mailboxes</target>
      <target FeatureID="-1" href="MCE_HLP_MAILBOX_ONLINE.html">Online e-mail</target>
   </keywords>
   <keywords>
      <text FeatureID="-1">mailbox folders</text>
      <target FeatureID="-1" href="MCE_HLP_SETT_MAILFOLDER_UPD.html">Mailbox folders</target>
   </keywords>
   <keywords>
      <text FeatureID="-1">user settings</text>
      <target FeatureID="-1" href="MCE_HLP_SETT_MAIL_USER.html">User settings</target>
   </keywords>
   <keywords>
      <text FeatureID="true_44">sync mailbox settings</text>
      <target FeatureID="true_44" href="MCE_HLP_SETT_SMAILBOX.html">Sync mailbox settings</target>
   </keywords>
   <keywords>
      <text FeatureID="true_44">sync e-mail settings</text>
      <target FeatureID="true_44" href="MCE_HLP_SETT_SMAILBOX.html">Sync mailbox settings</target>
   </keywords>
   <keywords>
      <text FeatureID="-1">offline e-mail</text>
      <target FeatureID="-1" href="MCE_HLP_MAILBOX_OFFLINE.html">Offline e-mail</target>
   </keywords>
   <keywords>
      <text FeatureID="-1">connecting to mailbox</text>
      <target FeatureID="-1" href="MCE_HLP_MAILBOX_ONLINE.html">Online e-mail</target>
   </keywords>
   <keywords>
      <text FeatureID="-1">e-mail online</text>
      <target FeatureID="-1" href="MCE_HLP_MAILBOX_ONLINE.html">Online e-mail</target>
   </keywords>
   <keywords>
      <text FeatureID="-1">online e-mail</text>
      <target FeatureID="-1" href="MCE_HLP_MAILBOX_ONLINE.html">Online e-mail</target>
   </keywords>
</keywords>