<?xml version="1.0" encoding="UTF-8"?>
<keywords>
   <keywords>
      <text FeatureID="-1">ordbok</text>
      <target FeatureID="-1" href="DICTIONARY_HLP_MAIN_TAB1.html">Ordbok</target>
   </keywords>
   <keywords>
      <text FeatureID="-1">översätta</text>
      <target FeatureID="-1" href="DICTIONARY_HLP_MAIN_TAB1.html">Ordbok</target>
   </keywords>
   <keywords>
      <text FeatureID="-1">ordbok, översättning</text>
      <target FeatureID="-1" href="DICTIONARY_HLP_RESULTS.html">Översättningsresultat</target>
   </keywords>
</keywords>