<?xml version="1.0" encoding="UTF-8"?>
<keywords>
   <keywords>
      <text FeatureID="-1">music suite</text>
      <target FeatureID="-1" href="MUS_HLP_MUSIC_SUITE_VIEW.html">Music suite</target>
   </keywords>
   <keywords>
      <text FeatureID="-1">reproductor de música</text>
      <target FeatureID="-1" href="MUS_HLP_TRACKS_VIEW.html">Cançons</target>
      <target FeatureID="-1" href="MUS_HLP_CATEGORY_VIEW.html">Categories de música</target>
      <target FeatureID="-1" href="MUS_HLP_PODCAST_MAIN_VIEW.html">Podcasts</target>
      <target FeatureID="-1" href="MUS_HLP_PODCAST_EPISODES.html">Episodis de Podcast</target>
      <target FeatureID="-1" href="MUS_HLP_PLAYLISTS_VIEW.html">Llistes de reproducció de música</target>
      <target FeatureID="-1" href="MUS_HLP_DOWNLOAD_PLAYBACK_VIEW.html">Reproducció de música al web</target>
      <target FeatureID="-1" href="MUS_HLP_PLAYBACK_VIEW.html">Reproduir música</target>
      <target FeatureID="-1" href="MUS_HLP_LIB_MAIN_VIEW.html">Biblioteca de música</target>
      <target FeatureID="-1" href="MUS_HLP_METADATA_EDITING.html">Edició de la informació d'una cançó</target>
      <target FeatureID="-1" href="MUS_HLP_ALBUM_ART_EDITING.html">Edició de la imatge d'àlbum</target>
      <target FeatureID="-1" href="MUS_HLP_AUDIO_SETT.html">Configuració d'àudio</target>
   </keywords>
   <keywords>
      <text FeatureID="-1">podcasting</text>
      <target FeatureID="-1" href="MUS_HLP_PODCAST_MAIN_VIEW.html">Podcasts</target>
      <target FeatureID="-1" href="MUS_HLP_PODCAST_EPISODES.html">Episodis de Podcast</target>
   </keywords>
   <keywords>
      <text FeatureID="-1">llistes de reproducció</text>
      <target FeatureID="-1" href="MUS_HLP_PLAYLISTS_VIEW.html">Llistes de reproducció de música</target>
   </keywords>
   <keywords>
      <text FeatureID="-1">imatge d'àlbum</text>
      <target FeatureID="-1" href="MUS_HLP_ALBUM_ART_EDITING.html">Edició de la imatge d'àlbum</target>
   </keywords>
   <keywords>
      <text FeatureID="-1">amplificador de baixos</text>
      <target FeatureID="-1" href="MUS_HLP_AUDIO_SETT.html">Configuració d'àudio</target>
   </keywords>
   <keywords>
      <text FeatureID="-1">ampliació estèreo</text>
      <target FeatureID="-1" href="MUS_HLP_AUDIO_SETT.html">Configuració d'àudio</target>
   </keywords>
</keywords>