<?xml version="1.0" encoding="UTF-8"?>
<keywords>
   <keywords>
      <text FeatureID="-1">gerenciador de arquivos</text>
      <target FeatureID="-1" href="FMGR_HLP_MEM_STORE_VIEW.html">Gerenc. arqs.</target>
      <target FeatureID="-1" href="FMGR_HLP_BACKUP_VIEW.html">Backup de arquivos</target>
   </keywords>
   <keywords>
      <text FeatureID="-1">cart. memória</text>
      <target FeatureID="-1" href="FMGR_HLP_MEM_STORE_VIEW.html">Gerenc. arqs.</target>
      <target FeatureID="-1" href="FMGR_HLP_MAIN_VIEW.html">Gerencdr. arqs</target>
      <target FeatureID="-1" href="FMGR_HLP_BACKUP_VIEW.html">Backup de arquivos</target>
   </keywords>
   <keywords>
      <text FeatureID="-1">Gerencdr. arqs</text>
      <target FeatureID="-1" href="FMGR_HLP_MAIN_VIEW.html">Gerencdr. arqs</target>
   </keywords>
   <keywords>
      <text FeatureID="-1">Gerenc. arqs.</text>
      <target FeatureID="-1" href="FMGR_HLP_SEARCH_RESULTS.html">Procura de arquivos</target>
   </keywords>
   <keywords>
      <text FeatureID="-1">procurar arquivos</text>
      <target FeatureID="-1" href="FMGR_HLP_SEARCH_RESULTS.html">Procura de arquivos</target>
   </keywords>
   <keywords>
      <text FeatureID="-1">procurando pastas</text>
      <target FeatureID="-1" href="FMGR_HLP_SEARCH_RESULTS.html">Procura de arquivos</target>
   </keywords>
   <keywords>
      <text FeatureID="-1">backup</text>
      <target FeatureID="-1" href="FMGR_HLP_BACKUP_VIEW.html">Backup de arquivos</target>
   </keywords>
</keywords>