<?xml version="1.0" encoding="UTF-8"?>
<keywords>
   <keywords>
      <text FeatureID="true_1116">изпращ. зап. кал.</text>
      <target FeatureID="true_1116" href="SMART_HLP_CALENDAREDITOR.html">Изпращ. зап. кал.</target>
   </keywords>
   <keywords>
      <text FeatureID="true_1114">получаване на записи в календара</text>
      <target FeatureID="true_1114" href="SMART_HLP_CALENDARVIEWER.html">Получени записи в кален.</target>
   </keywords>
   <keywords>
      <text FeatureID="true_1114">записи в календара</text>
      <target FeatureID="true_1114" href="SMART_HLP_CALPULLMESVIEWER.html">Изтегл. записи календ.</target>
   </keywords>
   <keywords>
      <text FeatureID="true_1117 true_1115">визитки</text>
      <target FeatureID="true_1117" href="SMART_HLP_BUSINESSEDITOR.html">Изпращане на визитки</target>
      <target FeatureID="true_1115" href="SMART_HLP_BUSINESSVIEWER.html">Получени визитки</target>
      <target FeatureID="true_1115" href="SMART_HLP_BUSPULLMESVIEWER.html">Изтегляне на визитки</target>
   </keywords>
   <keywords>
      <text FeatureID="true_1111">тонове на звънене</text>
      <target FeatureID="true_1111" href="SMART_HLP_RINGVIEWER.html">Получ. тонове на звън.</target>
   </keywords>
   <keywords>
      <text FeatureID="true_1110">лого на оператор</text>
      <target FeatureID="true_1110" href="SMART_HLP_OPLOGOVIEWER.html">Получено лого на оператор</target>
   </keywords>
   <keywords>
      <text FeatureID="true_1106">маркери</text>
      <target FeatureID="true_1106" href="SMART_HLP_ONEBOOKVIEWER.html">Получен маркер</target>
   </keywords>
   <keywords>
      <text FeatureID="true_1112">получаване на картини</text>
      <target FeatureID="true_1112" href="SMART_HLP_GMSVIEWER.html">Преглед съобщ. с карт.</target>
   </keywords>
   <keywords>
      <text FeatureID="true_1112">съобщения с картинки</text>
      <target FeatureID="true_1112" href="SMART_HLP_GMSVIEWER.html">Преглед съобщ. с карт.</target>
   </keywords>
   <keywords>
      <text FeatureID="true_1537">конфигурация на външно устройство</text>
      <target FeatureID="true_1537" href="SMART_HLP_REMOTEDRIVES_VIEWER.html">Получаване на конфигурации на външни устройства</target>
      <target FeatureID="true_1537" href="SMART_HLP_REMOTEDRIVES_EDITOR.html">Изпращане на конфигурации на външно устройство</target>
   </keywords>
</keywords>