<?xml version="1.0" encoding="UTF-8"?>
<keywords>
   <keywords>
      <text FeatureID="-1">instant messaging</text>
      <target FeatureID="-1" href="SERVTAB_HLP_CONVERSATION.html">Send instant messages</target>
   </keywords>
   <keywords>
      <text FeatureID="-1">chatting</text>
      <target FeatureID="-1" href="SERVTAB_HLP_CONVERSATION.html">Send instant messages</target>
   </keywords>
   <keywords>
      <text FeatureID="-1">conversations</text>
      <target FeatureID="-1" href="SERVTAB_HLP_CONVERSATION.html">Send instant messages</target>
   </keywords>
</keywords>