<?xml version="1.0" encoding="UTF-8"?>
<keywords>
   <keywords>
      <text FeatureID="-1">dešifrovanie, pamäťová karta</text>
      <target FeatureID="-1" href="ES_HLP_ENCRYPTION_DECRYPT.html">Dešifrovanie pamäťovej karty</target>
   </keywords>
   <keywords>
      <text FeatureID="-1">šifrovanie, pamäťová karta</text>
      <target FeatureID="-1" href="ES_HLP_ENCRYPTION_ENCRYPT.html">Zašifrovanie pamäťovej karty</target>
   </keywords>
   <keywords>
      <text FeatureID="-1">šifrovanie, pamäť prístroja a pamäťová karta</text>
      <target FeatureID="-1" href="ES_HLP_ENCRYPTION_MAIN.html">Šifrovanie alebo dešifrovanie</target>
   </keywords>
   <keywords>
      <text FeatureID="-1">dešifrovanie, pamäť prístroja a pamäťová karta</text>
      <target FeatureID="-1" href="ES_HLP_ENCRYPTION_MAIN.html">Šifrovanie alebo dešifrovanie</target>
   </keywords>
</keywords>