<?xml version="1.0" encoding="UTF-8"?>
<keywords>
   <keywords>
      <text FeatureID="-1">пакет музичних програм</text>
      <target FeatureID="-1" href="MUS_HLP_MUSIC_SUITE_VIEW.html">Пакет музичних програм</target>
   </keywords>
   <keywords>
      <text FeatureID="-1">музичний плеєр</text>
      <target FeatureID="-1" href="MUS_HLP_TRACKS_VIEW.html">Пісні</target>
      <target FeatureID="-1" href="MUS_HLP_CATEGORY_VIEW.html">Музичні категорії</target>
      <target FeatureID="-1" href="MUS_HLP_PODCAST_MAIN_VIEW.html">Подкасти</target>
      <target FeatureID="-1" href="MUS_HLP_PODCAST_EPISODES.html">Епізоди подкастiв</target>
      <target FeatureID="-1" href="MUS_HLP_PLAYLISTS_VIEW.html">Списки відтворення музики</target>
      <target FeatureID="-1" href="MUS_HLP_DOWNLOAD_PLAYBACK_VIEW.html">Відтворення музики в Інтернеті</target>
      <target FeatureID="-1" href="MUS_HLP_PLAYBACK_VIEW.html">Відтворення музики</target>
      <target FeatureID="-1" href="MUS_HLP_LIB_MAIN_VIEW.html">Музична бібліотека</target>
      <target FeatureID="-1" href="MUS_HLP_METADATA_EDITING.html">Редагування інформації про пісню</target>
      <target FeatureID="-1" href="MUS_HLP_ALBUM_ART_EDITING.html">Редагування ілюстрації</target>
      <target FeatureID="-1" href="MUS_HLP_AUDIO_SETT.html">Установки звуку</target>
   </keywords>
   <keywords>
      <text FeatureID="-1">подкасти</text>
      <target FeatureID="-1" href="MUS_HLP_PODCAST_MAIN_VIEW.html">Подкасти</target>
      <target FeatureID="-1" href="MUS_HLP_PODCAST_EPISODES.html">Епізоди подкастiв</target>
   </keywords>
   <keywords>
      <text FeatureID="-1">списки відтворення</text>
      <target FeatureID="-1" href="MUS_HLP_PLAYLISTS_VIEW.html">Списки відтворення музики</target>
   </keywords>
   <keywords>
      <text FeatureID="-1">ілюстрація</text>
      <target FeatureID="-1" href="MUS_HLP_ALBUM_ART_EDITING.html">Редагування ілюстрації</target>
   </keywords>
   <keywords>
      <text FeatureID="-1">підсилювання басу</text>
      <target FeatureID="-1" href="MUS_HLP_AUDIO_SETT.html">Установки звуку</target>
   </keywords>
   <keywords>
      <text FeatureID="-1">розширення стерео</text>
      <target FeatureID="-1" href="MUS_HLP_AUDIO_SETT.html">Установки звуку</target>
   </keywords>
</keywords>