<?xml version="1.0" encoding="UTF-8"?>
<keywords>
   <keywords>
      <text FeatureID="-1">manajer perangkat</text>
      <target FeatureID="-1" href="DM_HLP_MAIN_VIEW.html">Perangkat lunak perangkat</target>
      <target FeatureID="-1" href="DM_HLP_SETTINGS.html">Pengaturan profil server</target>
      <target FeatureID="-1" href="DM_HLP_SERVERS_VIEW.html">Konfigurasi jarak jauh</target>
   </keywords>
   <keywords>
      <text FeatureID="-1">pengaturan konfigurasi</text>
      <target FeatureID="-1" href="DM_HLP_MAIN_VIEW.html">Perangkat lunak perangkat</target>
   </keywords>
   <keywords>
      <text FeatureID="-1">Manajer perangkat</text>
      <target FeatureID="-1" href="FOTA_HLP_SETTINGS.html">Pengaturan pembaruan perangkat lunak</target>
   </keywords>
   <keywords>
      <text FeatureID="-1">pengaturan pembaruan perangkat lunak</text>
      <target FeatureID="-1" href="FOTA_HLP_SETTINGS.html">Pengaturan pembaruan perangkat lunak</target>
   </keywords>
   <keywords>
      <text FeatureID="-1">pengaturan profil server</text>
      <target FeatureID="-1" href="DM_HLP_SETTINGS.html">Pengaturan profil server</target>
   </keywords>
   <keywords>
      <text FeatureID="-1">konfigurasi jauh</text>
      <target FeatureID="-1" href="DM_HLP_SERVERS_VIEW.html">Konfigurasi jarak jauh</target>
   </keywords>
</keywords>