<?xml version="1.0" encoding="UTF-8"?>
<keywords>
   <keywords>
      <text FeatureID="-1">postcard</text>
      <target FeatureID="-1" href="MMS_POSTCARD_HLP_ADDRESS_EDIT.html">Izmena adresa</target>
      <target FeatureID="-1" href="POSTCARD_HLP_ADDRESS_VIEW.html">Prikazivanje adresa</target>
      <target FeatureID="-1" href="POSTCARD_HLP_GREETING_EDIT.html">Pisanje razglednice</target>
      <target FeatureID="-1" href="POSTCARD_HLP_GREETING_VIEW.html">Prikazivanje poruka na razglednicama</target>
   </keywords>
   <keywords>
      <text FeatureID="-1">slanje razglednica</text>
      <target FeatureID="-1" href="MMS_POSTCARD_HLP_ADDRESS_EDIT.html">Izmena adresa</target>
      <target FeatureID="-1" href="POSTCARD_HLP_GREETING_EDIT.html">Pisanje razglednice</target>
      <target FeatureID="-1" href="MMS_POSTCARD_HLP_MAIN_EDIT.html">Kreiranje razglednica</target>
   </keywords>
   <keywords>
      <text FeatureID="-1">razglednice</text>
      <target FeatureID="-1" href="MMS_POSTCARD_HLP_MAIN_VIEW.html">Pregledanje razglednica</target>
   </keywords>
   <keywords>
      <text FeatureID="-1">razglednica</text>
      <target FeatureID="-1" href="MMS_POSTCARD_HLP_MAIN_EDIT.html">Kreiranje razglednica</target>
   </keywords>
</keywords>