<?xml version="1.0" encoding="UTF-8"?>
<keywords>
   <keywords>
      <text FeatureID="-1">Données GPS</text>
      <target FeatureID="-1" href="HLP_BLID_NAVIGATION.html">Affichage de navigation</target>
      <target FeatureID="false_112" href="BLID_HLP_WAYPOINTS.html">Emplacements enregistrés</target>
      <target FeatureID="-1" href="HLP_BLID_TRIPMETER.html">Affichage de la distance du trajet</target>
   </keywords>
   <keywords>
      <text FeatureID="-1">naviguer à destination</text>
      <target FeatureID="-1" href="HLP_BLID_NAVIGATION.html">Affichage de navigation</target>
   </keywords>
   <keywords>
      <text FeatureID="false_112">enregistrement des emplacements</text>
      <target FeatureID="false_112" href="BLID_HLP_WAYPOINTS.html">Emplacements enregistrés</target>
   </keywords>
   <keywords>
      <text FeatureID="-1">paramètres du navigateur</text>
      <target FeatureID="-1" href="BLID_HLP_SETTINGS.html">Paramètres de données GPS</target>
   </keywords>
   <keywords>
      <text FeatureID="-1">Paramètres de données GPS</text>
      <target FeatureID="-1" href="BLID_HLP_SETTINGS.html">Paramètres de données GPS</target>
   </keywords>
   <keywords>
      <text FeatureID="-1">renseignements sur le trajet</text>
      <target FeatureID="-1" href="HLP_BLID_TRIPMETER.html">Affichage de la distance du trajet</target>
   </keywords>
   <keywords>
      <text FeatureID="-1">renseignements de déplacement</text>
      <target FeatureID="-1" href="HLP_BLID_TRIPMETER.html">Affichage de la distance du trajet</target>
   </keywords>
</keywords>