<?xml version="1.0" encoding="UTF-8"?>
<keywords>
   <keywords>
      <text FeatureID="-1">postikortti</text>
      <target FeatureID="-1" href="MMS_POSTCARD_HLP_ADDRESS_EDIT.html">Osoitteiden muokkaus</target>
      <target FeatureID="-1" href="POSTCARD_HLP_ADDRESS_VIEW.html">Osoitteiden tarkastelu</target>
      <target FeatureID="-1" href="POSTCARD_HLP_GREETING_EDIT.html">Tervehd. kirjoitus</target>
      <target FeatureID="-1" href="POSTCARD_HLP_GREETING_VIEW.html">Tervehdysten tarkastelu</target>
      <target FeatureID="-1" href="MMS_POSTCARD_HLP_MAIN_EDIT.html">Postikorttien luonti</target>
   </keywords>
   <keywords>
      <text FeatureID="-1">postikortt. lähetys</text>
      <target FeatureID="-1" href="MMS_POSTCARD_HLP_ADDRESS_EDIT.html">Osoitteiden muokkaus</target>
      <target FeatureID="-1" href="POSTCARD_HLP_GREETING_EDIT.html">Tervehd. kirjoitus</target>
      <target FeatureID="-1" href="MMS_POSTCARD_HLP_MAIN_EDIT.html">Postikorttien luonti</target>
   </keywords>
   <keywords>
      <text FeatureID="-1">postikortit</text>
      <target FeatureID="-1" href="MMS_POSTCARD_HLP_MAIN_VIEW.html">Postikorttien tarkastelu</target>
   </keywords>
</keywords>