<?xml version="1.0" encoding="UTF-8"?><?xml-stylesheet  href="../../theme/xsl/index2html.xslt" type="text/xsl"?>
<topics FeatureID="-1" title="Mensagens" compressed="true">
   <topicref FeatureID="-1" href="MCE_HLP_MESSAGING.html" navtitle="Centro mensagens"/>
   <topicref FeatureID="-1" href="MCE_HLP_SIM.html" navtitle="Ver mensagens SIM"/>
   <topicref FeatureID="-1" href="MCE_HLP_SETTINGS.html" navtitle="Configs. mensagens"/>
   <topicref FeatureID="-1" href="MCE_HLP_SETTINGS_SMS.html" navtitle="Confs. mens. de texto"/>
   <topicref FeatureID="-1" href="SMS_HLP_SETTINGS_SCENTRES.html" navtitle="Confs. centro mens. texto"/>
   <topicref FeatureID="-1" href="SMS_HLP_SETTINGS_SCENTRES_EDIT.html" navtitle="Edit. centr. mens. texto"/>
   <topicref FeatureID="true_1092" href="SMS_HLP_SETTINGS_SMS_EMAIL.html" navtitle="Confs. e-mail mens. txt."/>
   <topicref FeatureID="-1" href="MCE_HLP_SETTINGS_MMS.html" navtitle="Confs. mens. multim."/>
   <topicref FeatureID="true_1090" href="MCE_HLP_SETTINGS_CB.html" navtitle="Confs. difusão por células"/>
   <topicref FeatureID="-1" href="MCE_HLP_SETTINGS_GEN.html" navtitle="Outras configs."/>
   <topicref FeatureID="-1" href="MCE_HLP_INBOX.html" navtitle="Caixa de entrada"/>
   <topicref FeatureID="-1" href="MCE_HLP_DOCUMENTS.html" navtitle="Minhas pastas"/>
   <topicref FeatureID="-1" href="MCE_HLP_TEMPLATES.html" navtitle="Modelos mensagem"/>
   <topicref FeatureID="-1" href="MCE_HLP_FOLDER.html" navtitle="Organizar mensagens"/>
   <topicref FeatureID="-1" href="MCE_HLP_DRAFTS.html" navtitle="Rascunhos"/>
   <topicref FeatureID="-1" href="MCE_HLP_SENT_ITEMS.html" navtitle="Mens. enviadas"/>
   <topicref FeatureID="-1" href="MCE_HLP_OUTBOX.html" navtitle="Cx. saída"/>
   <topicref FeatureID="-1" href="MCE_HLP_DELIVERY_REPORTS.html" navtitle="Avisos de entrega"/>
   <topicref FeatureID="true_1132" href="MCE_HLP_MMS_NOTIFICATIONS.html" navtitle="Notificações multimídia"/>
</topics>