<?xml version="1.0" encoding="UTF-8"?>
<keywords>
   <keywords>
      <text FeatureID="-1">enviar mensagens</text>
      <target FeatureID="-1" href="MCE_HLP_MESSAGING.html">Centro mensagens</target>
      <target FeatureID="-1" href="MCE_HLP_OUTBOX.html">Cx. saída</target>
   </keywords>
   <keywords>
      <text FeatureID="-1">recebendo mensagens</text>
      <target FeatureID="-1" href="MCE_HLP_MESSAGING.html">Centro mensagens</target>
      <target FeatureID="-1" href="MCE_HLP_INBOX.html">Caixa de entrada</target>
   </keywords>
   <keywords>
      <text FeatureID="-1">mensagens SIM</text>
      <target FeatureID="-1" href="MCE_HLP_SIM.html">Ver mensagens SIM</target>
   </keywords>
   <keywords>
      <text FeatureID="-1">mensagens no cartão SIM</text>
      <target FeatureID="-1" href="MCE_HLP_SIM.html">Ver mensagens SIM</target>
   </keywords>
   <keywords>
      <text FeatureID="-1">configs. mensagens</text>
      <target FeatureID="-1" href="MCE_HLP_SETTINGS.html">Configs. mensagens</target>
      <target FeatureID="-1" href="MCE_HLP_SETTINGS_GEN.html">Outras configs.</target>
   </keywords>
   <keywords>
      <text FeatureID="-1">configs. SMS</text>
      <target FeatureID="-1" href="MCE_HLP_SETTINGS_SMS.html">Confs. mens. de texto</target>
   </keywords>
   <keywords>
      <text FeatureID="-1">confs. mens. de texto</text>
      <target FeatureID="-1" href="MCE_HLP_SETTINGS_SMS.html">Confs. mens. de texto</target>
      <target FeatureID="-1" href="SMS_HLP_SETTINGS_SCENTRES.html">Confs. centro mens. texto</target>
      <target FeatureID="-1" href="SMS_HLP_SETTINGS_SCENTRES_EDIT.html">Edit. centr. mens. texto</target>
   </keywords>
   <keywords>
      <text FeatureID="-1">confs. do centro mens.</text>
      <target FeatureID="-1" href="SMS_HLP_SETTINGS_SCENTRES.html">Confs. centro mens. texto</target>
      <target FeatureID="-1" href="SMS_HLP_SETTINGS_SCENTRES_EDIT.html">Edit. centr. mens. texto</target>
   </keywords>
   <keywords>
      <text FeatureID="-1">configs. centro SMS</text>
      <target FeatureID="-1" href="SMS_HLP_SETTINGS_SCENTRES.html">Confs. centro mens. texto</target>
   </keywords>
   <keywords>
      <text FeatureID="true_1092">e-mail mens. texto</text>
      <target FeatureID="true_1092" href="SMS_HLP_SETTINGS_SMS_EMAIL.html">Confs. e-mail mens. txt.</target>
   </keywords>
   <keywords>
      <text FeatureID="true_1092">confs. e-mail SMS</text>
      <target FeatureID="true_1092" href="SMS_HLP_SETTINGS_SMS_EMAIL.html">Confs. e-mail mens. txt.</target>
   </keywords>
   <keywords>
      <text FeatureID="-1">Configs. MMS</text>
      <target FeatureID="-1" href="MCE_HLP_SETTINGS_MMS.html">Confs. mens. multim.</target>
   </keywords>
   <keywords>
      <text FeatureID="true_1090">confs. difusão por células</text>
      <target FeatureID="true_1090" href="MCE_HLP_SETTINGS_CB.html">Confs. difusão por células</target>
   </keywords>
   <keywords>
      <text FeatureID="-1">caixa de entrada</text>
      <target FeatureID="-1" href="MCE_HLP_INBOX.html">Caixa de entrada</target>
   </keywords>
   <keywords>
      <text FeatureID="-1">minhas pastas</text>
      <target FeatureID="-1" href="MCE_HLP_DOCUMENTS.html">Minhas pastas</target>
   </keywords>
   <keywords>
      <text FeatureID="-1">armazen. mensagens</text>
      <target FeatureID="-1" href="MCE_HLP_DOCUMENTS.html">Minhas pastas</target>
   </keywords>
   <keywords>
      <text FeatureID="-1">enviando modelos</text>
      <target FeatureID="-1" href="MCE_HLP_TEMPLATES.html">Modelos mensagem</target>
   </keywords>
   <keywords>
      <text FeatureID="-1">modelos mensagem</text>
      <target FeatureID="-1" href="MCE_HLP_TEMPLATES.html">Modelos mensagem</target>
   </keywords>
   <keywords>
      <text FeatureID="-1">organizando mensagens</text>
      <target FeatureID="-1" href="MCE_HLP_FOLDER.html">Organizar mensagens</target>
   </keywords>
   <keywords>
      <text FeatureID="-1">salvando rascunhos</text>
      <target FeatureID="-1" href="MCE_HLP_DRAFTS.html">Rascunhos</target>
   </keywords>
   <keywords>
      <text FeatureID="-1">rascunhos</text>
      <target FeatureID="-1" href="MCE_HLP_DRAFTS.html">Rascunhos</target>
   </keywords>
   <keywords>
      <text FeatureID="-1">mens. enviadas</text>
      <target FeatureID="-1" href="MCE_HLP_SENT_ITEMS.html">Mens. enviadas</target>
   </keywords>
   <keywords>
      <text FeatureID="-1">exibindo caixa saída</text>
      <target FeatureID="-1" href="MCE_HLP_OUTBOX.html">Cx. saída</target>
   </keywords>
   <keywords>
      <text FeatureID="-1">avisos de entrega</text>
      <target FeatureID="-1" href="MCE_HLP_DELIVERY_REPORTS.html">Avisos de entrega</target>
   </keywords>
   <keywords>
      <text FeatureID="true_1132">notificações MMS</text>
      <target FeatureID="true_1132" href="MCE_HLP_MMS_NOTIFICATIONS.html">Notificações multimídia</target>
   </keywords>
   <keywords>
      <text FeatureID="-1">localiz. núms. telefone</text>
      <target FeatureID="-1" href="FIND_HLP.html">Localiz. núms./endereços</target>
   </keywords>
   <keywords>
      <text FeatureID="-1">localizar endereços</text>
      <target FeatureID="-1" href="FIND_HLP.html">Localiz. núms./endereços</target>
   </keywords>
</keywords>