<?xml version="1.0" encoding="UTF-8"?>
<keywords>
   <keywords>
      <text FeatureID="-1">ضبط حساب البريد الإلكتروني</text>
      <target FeatureID="-1" href="FSE_HLP_IMS_SETTINGS_ACCT_INFO.html">ضبط حساب البريد الإلكتروني</target>
   </keywords>
   <keywords>
      <text FeatureID="-1">الضبط المتقدم لصندوق البريد</text>
      <target FeatureID="-1" href="FSE_HLP_IMS_SETTINGS_ADVANCED.html">الضبط المتقدم لصندوق البريد</target>
   </keywords>
   <keywords>
      <text FeatureID="-1">ضبط صندوق البريد</text>
      <target FeatureID="-1" href="FSE_HLP_IMS_SETTINGS_MAILBOX.html">ضبط صندوق البريد</target>
   </keywords>
   <keywords>
      <text FeatureID="-1">محتوى تزامن البريد الإلكتروني</text>
      <target FeatureID="-1" href="FSE_HLP_IMS_SETTINGS_WHAT_SYNC.html">تحديد محتوى التزامن</target>
   </keywords>
   <keywords>
      <text FeatureID="-1">وقت تزامن البريد الإلكتروني</text>
      <target FeatureID="-1" href="FSE_HLP_IMS_SETTINGS_WHEN_SYNC.html">تحديد وقت التزامن</target>
   </keywords>
   <keywords>
      <text FeatureID="-1">تزامن حافظة البريد الإلكتروني</text>
      <target FeatureID="-1" href="FSE_HLP_IMS_SETTINGS_FOLDER.html">تزامن حافظات البريد الإلكتروني</target>
   </keywords>
   <keywords>
      <text FeatureID="-1">ضبط خدمة البريد الإلكتروني</text>
      <target FeatureID="-1" href="FSE_HLP_SETTINGS_INTELL_LIST.html">ضبط خدمة البريد الإلكتروني</target>
   </keywords>
   <keywords>
      <text FeatureID="-1">ضبط البريد الإلكتروني</text>
      <target FeatureID="-1" href="FSE_HLP_IMS_SETTINGS_MAIN_VIEW.html">ضبط البريد الإلكتروني</target>
   </keywords>
   <keywords>
      <text FeatureID="-1">Intellisync</text>
      <target FeatureID="-1" href="FSE_HLP_IMS_LAUNCHER_MAIN_VIEW.html">بريد Intellisync الإلكتروني</target>
   </keywords>
</keywords>