<?xml version="1.0" encoding="UTF-8"?>
<keywords>
   <keywords>
      <text FeatureID="-1">ierīces pārvalde</text>
      <target FeatureID="-1" href="DM_HLP_MAIN_VIEW.html">Ierīces programmatūra</target>
      <target FeatureID="-1" href="DM_HLP_SETTINGS.html">Servera prof. uzstād.</target>
      <target FeatureID="-1" href="DM_HLP_SERVERS_VIEW.html">Attālā konfigurāc.</target>
   </keywords>
   <keywords>
      <text FeatureID="-1">konfigurācijas uzstādījumi</text>
      <target FeatureID="-1" href="DM_HLP_MAIN_VIEW.html">Ierīces programmatūra</target>
   </keywords>
   <keywords>
      <text FeatureID="-1">Ierīces pārvalde</text>
      <target FeatureID="-1" href="FOTA_HLP_SETTINGS.html">Programmat. atjaun. uzst.</target>
   </keywords>
   <keywords>
      <text FeatureID="-1">programmat. atjaun. uzst.</text>
      <target FeatureID="-1" href="FOTA_HLP_SETTINGS.html">Programmat. atjaun. uzst.</target>
   </keywords>
   <keywords>
      <text FeatureID="-1">servera prof. uzstād.</text>
      <target FeatureID="-1" href="DM_HLP_SETTINGS.html">Servera prof. uzstād.</target>
   </keywords>
   <keywords>
      <text FeatureID="-1">attālā konfigurāc.</text>
      <target FeatureID="-1" href="DM_HLP_SERVERS_VIEW.html">Attālā konfigurāc.</target>
   </keywords>
</keywords>