<?xml version="1.0" encoding="UTF-8"?>
<keywords>
   <keywords>
      <text FeatureID="-1">pikaviestit</text>
      <target FeatureID="-1" href="SERVTAB_HLP_CONVERSATION.html">Pikaviestien lähettäminen</target>
   </keywords>
   <keywords>
      <text FeatureID="-1">chat-keskustelu</text>
      <target FeatureID="-1" href="SERVTAB_HLP_CONVERSATION.html">Pikaviestien lähettäminen</target>
   </keywords>
   <keywords>
      <text FeatureID="-1">keskustelut</text>
      <target FeatureID="-1" href="SERVTAB_HLP_CONVERSATION.html">Pikaviestien lähettäminen</target>
   </keywords>
</keywords>