<?xml version="1.0" encoding="UTF-8"?><?xml-stylesheet  href="../../theme/xsl/index2html.xslt" type="text/xsl"?>
<topics FeatureID="-1" title="Buku telepon" compressed="true">
   <topicref FeatureID="-1" href="FDN_HLP_FDN_NUM_EDIT_VIEW.html" navtitle="Mengedit kontak"/>
   <topicref FeatureID="-1" href="FDN_HLP_FDN_NUMBER_VIEW.html" navtitle="Kontak panggilan tetap"/>
   <topicref FeatureID="-1" href="FDN_HLP_FDN_VIEW.html" navtitle="Membatasi panggilan"/>
   <topicref FeatureID="-1" href="SDN_HLP_APP.html" navtitle="Nomor layanan"/>
   <topicref FeatureID="-1" href="HLP_CCA_DETAILS.html" navtitle="Rincian kontak"/>
   <topicref FeatureID="-1" href="HLP_CCA_EDITOR.html" navtitle="Mengedit kartu kontak"/>
   <topicref FeatureID="-1" href="HLP_CCA_LAUNCHER.html" navtitle="Kartu kontak"/>
   <topicref FeatureID="-1" href="PHOB_HLP_GROUP_LIST.html" navtitle="Grup kontak"/>
   <topicref FeatureID="-1" href="PHOB_HLP_SIM_LIST.html" navtitle="Direktori kontak SIM"/>
   <topicref FeatureID="-1" href="PHOB_HLP_MY_NUMBERS.html" navtitle="Nomor saya"/>
   <topicref FeatureID="-1" href="PHOB_HLP_GROUP_MEMBER_LIST.html" navtitle="Anggota grup"/>
   <topicref FeatureID="-1" href="PHOB_HLP_SETTINGS.html" navtitle="Pengaturan kontak"/>
   <topicref FeatureID="-1" href="PHOB_HLP_NAME_LIST.html" navtitle="Direktori kontak"/>
</topics>