<?xml version="1.0" encoding="UTF-8"?>
<keywords>
   <keywords>
      <text FeatureID="-1">grup kontak</text>
      <target FeatureID="-1" href="PHOB_HLP_GROUP_LIST.html">Grup kontak</target>
      <target FeatureID="-1" href="PHOB_HLP_GROUP_MEMBER_LIST.html">Anggota grup</target>
   </keywords>
   <keywords>
      <text FeatureID="-1">kontak SIM</text>
      <target FeatureID="-1" href="PHOB_HLP_SIM_LIST.html">Direktori kontak SIM</target>
   </keywords>
   <keywords>
      <text FeatureID="-1">Nomor SIM</text>
      <target FeatureID="-1" href="PHOB_HLP_MY_NUMBERS.html">Nomor saya</target>
   </keywords>
   <keywords>
      <text FeatureID="-1">urutan nama dalam Kontak</text>
      <target FeatureID="-1" href="PHOB_HLP_SETTINGS.html">Pengaturan kontak</target>
   </keywords>
   <keywords>
      <text FeatureID="-1">memori kontak</text>
      <target FeatureID="-1" href="PHOB_HLP_SETTINGS.html">Pengaturan kontak</target>
   </keywords>
   <keywords>
      <text FeatureID="-1">memori default</text>
      <target FeatureID="-1" href="PHOB_HLP_SETTINGS.html">Pengaturan kontak</target>
   </keywords>
   <keywords>
      <text FeatureID="-1">direktori kontak</text>
      <target FeatureID="-1" href="PHOB_HLP_NAME_LIST.html">Daftar kontak</target>
   </keywords>
   <keywords>
      <text FeatureID="-1">informasi kontak</text>
      <target FeatureID="-1" href="PHOB_HLP_NAME_LIST.html">Daftar kontak</target>
   </keywords>
   <keywords>
      <text FeatureID="-1">buku telepon</text>
      <target FeatureID="-1" href="PHOB_HLP_NAME_LIST.html">Daftar kontak</target>
   </keywords>
   <keywords>
      <text FeatureID="-1">kontak</text>
      <target FeatureID="-1" href="RLOOK_HLP_INFO_VIEW.html">Mengatur kontak yang ditemukan</target>
   </keywords>
   <keywords>
      <text FeatureID="-1">kartu kontak</text>
      <target FeatureID="-1" href="PHOB_HLP_CONTACT_INFO_VIEW.html">Kartu kontak</target>
      <target FeatureID="-1" href="PHOB_HLP_EDIT_ENTRY.html">Mengedit kartu kontak</target>
   </keywords>
   <keywords>
      <text FeatureID="-1">entri buku telepon</text>
      <target FeatureID="-1" href="PHOB_HLP_CONTACT_INFO_VIEW.html">Kartu kontak</target>
   </keywords>
   <keywords>
      <text FeatureID="-1">panggilan tetap</text>
      <target FeatureID="-1" href="FDN_HLP_FDN_NUMBER_VIEW.html">Kontak panggilan tetap</target>
      <target FeatureID="-1" href="FDN_HLP_FDN_VIEW.html">Membatasi panggilan</target>
   </keywords>
   <keywords>
      <text FeatureID="-1">membatasi panggilan</text>
      <target FeatureID="-1" href="FDN_HLP_FDN_VIEW.html">Membatasi panggilan</target>
   </keywords>
   <keywords>
      <text FeatureID="-1">nomor layanan</text>
      <target FeatureID="-1" href="SDN_HLP_APP.html">Nomor layanan</target>
   </keywords>
   <keywords>
      <text FeatureID="-1">Nomor layanan SIM</text>
      <target FeatureID="-1" href="SDN_HLP_APP.html">Nomor layanan</target>
   </keywords>
   <keywords>
      <text FeatureID="-1">nomor layanan pada SIM</text>
      <target FeatureID="-1" href="SDN_HLP_APP.html">Nomor layanan</target>
   </keywords>
   <keywords>
      <text FeatureID="-1">kartu SIM</text>
      <target FeatureID="-1" href="PHOB_HLP_SIM_INFO_VIEW.html">Kartu kontak SIM</target>
   </keywords>
   <keywords>
      <text FeatureID="-1">Kontak SIM</text>
      <target FeatureID="-1" href="PHOB_HLP_SIM_INFO_VIEW.html">Kartu kontak SIM</target>
   </keywords>
</keywords>