<?xml version="1.0" encoding="UTF-8"?>
<keywords>
   <keywords>
      <text FeatureID="-1">certifikat</text>
      <target FeatureID="-1" href="AM_HLP_GENERAL_SETTINGS.html">Certifikatinställningar</target>
   </keywords>
   <keywords>
      <text FeatureID="-1">inställningar, certifikat</text>
      <target FeatureID="-1" href="AM_HLP_GENERAL_SETTINGS.html">Certifikatinställningar</target>
   </keywords>
   <keywords>
      <text FeatureID="-1">installera program</text>
      <target FeatureID="-1" href="AM_HLP_NOT_INSTALLED.html">Installationsfiler</target>
      <target FeatureID="-1" href="AM_HLP_APPLICATION.html">Hantera program</target>
      <target FeatureID="-1" href="AM_HLP_APPLICATION.html">Hantera program</target>
   </keywords>
   <keywords>
      <text FeatureID="-1">ej installerade program</text>
      <target FeatureID="-1" href="AM_HLP_NOT_INSTALLED.html">Installationsfiler</target>
   </keywords>
   <keywords>
      <text FeatureID="-1">Installerade program</text>
      <target FeatureID="-1" href="AM_HLP_INSTALLED.html">Installerade program</target>
   </keywords>
   <keywords>
      <text FeatureID="-1">tillståndsbegäran</text>
      <target FeatureID="-1" href="AM_HLP_INSTALL_CAPAB.html">Tillståndsbegäran</target>
   </keywords>
   <keywords>
      <text FeatureID="-1">otillförlitlig installation</text>
      <target FeatureID="-1" href="AM_HLP_INSTALL_UNTRUSTED.html">Otillförlitlig installation</target>
   </keywords>
</keywords>