<?xml version="1.0" encoding="UTF-8"?>
<keywords>
   <keywords>
      <text FeatureID="true_1604">文字输入</text>
      <target FeatureID="true_1604" href="HWR_HLP_MAIN_VIEW.html">手写识别</target>
   </keywords>
   <keywords>
      <text FeatureID="true_1604">手写识别</text>
      <target FeatureID="true_1604" href="HWR_HLP_MAIN_VIEW.html">手写识别</target>
   </keywords>
   <keywords>
      <text FeatureID="true_1603 true_410">触摸输入</text>
      <target FeatureID="true_1603" href="VQWERTY_HLP_MAIN_VIEW.html">虚拟键盘</target>
      <target FeatureID="true_410" href="VITU_HLP_MAIN_VIEW.html">虚拟键盘</target>
   </keywords>
   <keywords>
      <text FeatureID="true_410">虚拟键盘</text>
      <target FeatureID="true_410" href="VITU_HLP_MAIN_VIEW.html">虚拟键盘</target>
   </keywords>
</keywords>