<?xml version="1.0" encoding="UTF-8"?>
<keywords>
   <keywords>
      <text FeatureID="-1">패킷 데이터 연결</text>
      <target FeatureID="-1" href="GPRS_HLP_MAIN.html">패킷 데이터 연결</target>
      <target FeatureID="-1" href="LOGS_HLP_COUNTER.html">통화 및 데이터 등록</target>
   </keywords>
   <keywords>
      <text FeatureID="-1">통화 시간</text>
      <target FeatureID="-1" href="LOGS_HLP_COUNTER.html">통화 및 데이터 등록</target>
      <target FeatureID="-1" href="TIMERS_HLP_MAIN.html">통화 시간</target>
   </keywords>
   <keywords>
      <text FeatureID="-1">최근 통화</text>
      <target FeatureID="-1" href="LOGS_HLP_COUNTER.html">통화 및 데이터 등록</target>
      <target FeatureID="-1" href="STM_HLP_MAIN.html">최근 통화</target>
   </keywords>
   <keywords>
      <text FeatureID="-1">통신기록</text>
      <target FeatureID="-1" href="LOGS_HLP_DETAIL.html">통신기록 이벤트 정보</target>
      <target FeatureID="-1" href="LOGS_HLP_MAIN.html">통신기록 정보</target>
   </keywords>
   <keywords>
      <text FeatureID="-1">통신기록 설정</text>
      <target FeatureID="-1" href="LOGS_HLP_SETTING.html">통신기록 설정</target>
   </keywords>
   <keywords>
      <text FeatureID="-1">발신 통화</text>
      <target FeatureID="-1" href="STM_HLP_DIALLED.html">발신 통화</target>
   </keywords>
   <keywords>
      <text FeatureID="-1">통화 통신기록</text>
      <target FeatureID="-1" href="STM_HLP_MAIN.html">최근 통화</target>
   </keywords>
   <keywords>
      <text FeatureID="-1">부재 중 통화</text>
      <target FeatureID="-1" href="STM_HLP_MISSED.html">부재 중 통화</target>
   </keywords>
   <keywords>
      <text FeatureID="-1">수신 통화</text>
      <target FeatureID="-1" href="STM_HLP_RECEIVED.html">수신 통화</target>
   </keywords>
   <keywords>
      <text FeatureID="-1">응답한 통화</text>
      <target FeatureID="-1" href="STM_HLP_RECEIVED.html">수신 통화</target>
   </keywords>
   <keywords>
      <text FeatureID="-1">통화 길이</text>
      <target FeatureID="-1" href="TIMERS_HLP_MAIN.html">통화 시간</target>
   </keywords>
</keywords>