<?xml version="1.0" encoding="UTF-8"?>
<keywords>
   <keywords>
      <text FeatureID="-1">dostosow. profilów</text>
      <target FeatureID="-1" href="MODE_HLP_PERSONALISE.html">Dostosowywanie profilów</target>
   </keywords>
   <keywords>
      <text FeatureID="-1">ustawienia dźwięków</text>
      <target FeatureID="-1" href="SET_HLP_PERSONAL_TONES.html">Ustawienia dźwięków</target>
   </keywords>
   <keywords>
      <text FeatureID="-1">dźwięki dzwonka</text>
      <target FeatureID="-1" href="SET_HLP_PERSONAL_TONES.html">Ustawienia dźwięków</target>
   </keywords>
   <keywords>
      <text FeatureID="-1">profile</text>
      <target FeatureID="-1" href="MODE_HLP_PROFILES_LIST.html">Profile</target>
   </keywords>
   <keywords>
      <text FeatureID="-1">zmienianie profilów</text>
      <target FeatureID="-1" href="MODE_HLP_PROFILES_LIST.html">Profile</target>
   </keywords>
</keywords>