<?xml version="1.0" encoding="UTF-8"?>
<keywords>
   <keywords>
      <text FeatureID="-1">certificados de autoridad</text>
      <target FeatureID="-1" href="CM_HLP_AUTHORITY.html">Certificados de autoridad</target>
   </keywords>
   <keywords>
      <text FeatureID="-1">certificados</text>
      <target FeatureID="-1" href="CM_HLP_AUTHORITY.html">Certificados de autoridad</target>
      <target FeatureID="-1" href="CM_HLP_DEVICE.html">Certificados del dispositivo</target>
      <target FeatureID="-1" href="CM_HLP_MAIN.html">Administración de certificados</target>
      <target FeatureID="-1" href="CM_HLP_PERSONAL.html">Certificados personales</target>
      <target FeatureID="-1" href="CM_HLP_TRUSTED_SITE.html">Certificados de sitios seguros</target>
      <target FeatureID="-1" href="CM_HLP_TRUST_SETTINGS.html">Editar configuraciones de seguridad</target>
   </keywords>
   <keywords>
      <text FeatureID="-1">certificados de seguridad</text>
      <target FeatureID="-1" href="CM_HLP_AUTHORITY.html">Certificados de autoridad</target>
      <target FeatureID="-1" href="CM_HLP_MAIN.html">Administración de certificados</target>
   </keywords>
   <keywords>
      <text FeatureID="-1">certificados del dispositivo</text>
      <target FeatureID="-1" href="CM_HLP_DEVICE.html">Certificados del dispositivo</target>
   </keywords>
   <keywords>
      <text FeatureID="-1">certificados personales</text>
      <target FeatureID="-1" href="CM_HLP_PERSONAL.html">Certificados personales</target>
   </keywords>
   <keywords>
      <text FeatureID="-1">certificados de sitios seguros</text>
      <target FeatureID="-1" href="CM_HLP_TRUSTED_SITE.html">Certificados de sitios seguros</target>
   </keywords>
   <keywords>
      <text FeatureID="-1">configuraciones seguridad</text>
      <target FeatureID="-1" href="CM_HLP_TRUST_SETTINGS.html">Editar configuraciones de seguridad</target>
   </keywords>
</keywords>