<?xml version="1.0" encoding="UTF-8"?>
<keywords>
   <keywords>
      <text FeatureID="-1">обмін відео</text>
      <target FeatureID="true_208" href="MSH_HLP_LIVE.html">Обмін відео в реальному часі</target>
      <target FeatureID="-1" href="MSH_HLP_CLIP.html">Обмін відеокліпами</target>
      <target FeatureID="-1" href="MSH_HLP_SETTINGS.html">Установки обміну відео</target>
      <target FeatureID="-1" href="MSH_HLP_RECEIVE.html">Перегляд спільного відео</target>
   </keywords>
</keywords>