<?xml version="1.0" encoding="UTF-8"?>
<keywords>
   <keywords>
      <text FeatureID="-1">spjallskilaboð</text>
      <target FeatureID="-1" href="SERVTAB_HLP_CONVERSATION.html">Sending spjallskilaboða</target>
   </keywords>
   <keywords>
      <text FeatureID="-1">spjall</text>
      <target FeatureID="-1" href="SERVTAB_HLP_CONVERSATION.html">Sending spjallskilaboða</target>
   </keywords>
   <keywords>
      <text FeatureID="-1">samtöl</text>
      <target FeatureID="-1" href="SERVTAB_HLP_CONVERSATION.html">Sending spjallskilaboða</target>
   </keywords>
</keywords>