<?xml version="1.0" encoding="UTF-8"?>
<keywords>
   <keywords>
      <text FeatureID="-1">更新软件</text>
      <target FeatureID="-1" href="SWUPDATE_HLP_MAIN.html">软件更新</target>
   </keywords>
   <keywords>
      <text FeatureID="-1">软件更新</text>
      <target FeatureID="-1" href="SWUPDATE_HLP_MAIN.html">软件更新</target>
   </keywords>
   <keywords>
      <text FeatureID="-1">软件更新设置</text>
      <target FeatureID="-1" href="SWUPDATE_HLP_SETTINGS.html">软件更新设置</target>
   </keywords>
</keywords>