<?xml version="1.0" encoding="UTF-8"?>
<keywords>
   <keywords>
      <text FeatureID="-1">ràdio</text>
      <target FeatureID="-1" href="FMRADIO_HLP_MAIN.html">Escoltar la ràdio</target>
      <target FeatureID="-1" href="FMRADIO_HLP_SEARCH.html">Cercar emissores</target>
      <target FeatureID="-1" href="FMRADIO_HLP_LIST.html"> Gestionar les emissores de ràdio</target>
   </keywords>
   <keywords>
      <text FeatureID="-1">ràdio FM</text>
      <target FeatureID="-1" href="FMRADIO_HLP_MAIN.html">Escoltar la ràdio</target>
      <target FeatureID="-1" href="FMRADIO_HLP_SEARCH.html">Cercar emissores</target>
      <target FeatureID="-1" href="FMRADIO_HLP_LIST.html"> Gestionar les emissores de ràdio</target>
   </keywords>
</keywords>