<?xml version="1.0" encoding="UTF-8"?>
<keywords>
   <keywords>
      <text FeatureID="-1">heliteemad</text>
      <target FeatureID="-1" href="AUDIOTHEME_HLP_EVENTGROUPS.html">Heliteemade vahetamine</target>
      <target FeatureID="-1" href="SET_HLP_AUDIO_THEME_EVENTSLIST.html">Seadme sündmuste helid</target>
   </keywords>
   <keywords>
      <text FeatureID="-1">seadme isiku­pärastamine</text>
      <target FeatureID="-1" href="AUDIOTHEME_HLP_EVENTGROUPS.html">Heliteemade vahetamine</target>
      <target FeatureID="-1" href="SET_HLP_AUDIO_THEME_EVENTSLIST.html">Seadme sündmuste helid</target>
   </keywords>
   <keywords>
      <text FeatureID="-1">seadme helid</text>
      <target FeatureID="-1" href="AUDIOTHEME_HLP_EVENTGROUPS.html">Heliteemade vahetamine</target>
      <target FeatureID="-1" href="SET_HLP_AUDIO_THEME_EVENTSLIST.html">Seadme sündmuste helid</target>
   </keywords>
</keywords>