<?xml version="1.0" encoding="UTF-8"?>
<keywords>
   <keywords>
      <text FeatureID="-1">telefon­svarer</text>
      <target FeatureID="-1" href="SMSVO_HLP_MAIN_VIEW.html">Telefonsvarer</target>
      <target FeatureID="true_298" href="SMSVO_HLP_CS_VIDEO_AND_XSP_VOIP.html">Telefonsvarer, videotelefonsvarer og internettelefonsvarer</target>
   </keywords>
   <keywords>
      <text FeatureID="-1">telefon­sva­rer, bruge</text>
      <target FeatureID="-1" href="SMSVO_HLP_MAIN_VIEW.html">Telefonsvarer</target>
      <target FeatureID="true_89" href="SMSVO_HLP_CS_AND_VIDEO.html">Telefon­svarere</target>
      <target FeatureID="true_298" href="SMSVO_HLP_CS_VIDEO_AND_XSP_VOIP.html">Telefonsvarer, videotelefonsvarer og internettelefonsvarer</target>
   </keywords>
   <keywords>
      <text FeatureID="true_89">videotelefon­svarer</text>
      <target FeatureID="true_89" href="SMSVO_HLP_CS_AND_VIDEO.html">Telefon­svarere</target>
   </keywords>
   <keywords>
      <text FeatureID="true_298">internettelefonsvarer</text>
      <target FeatureID="true_298" href="SMSVO_HLP_CS_VIDEO_AND_XSP_VOIP.html">Telefonsvarer, videotelefonsvarer og internettelefonsvarer</target>
   </keywords>
</keywords>