<?xml version="1.0" encoding="UTF-8"?><?xml-stylesheet  href="../../theme/xsl/index2html.xslt" type="text/xsl"?>
<topics FeatureID="-1" title="Axenda" compressed="true">
   <topicref FeatureID="-1" href="CALE_HLP_NOTE_ANNIVERSARY.html" navtitle="Entradas de aniversario"/>
   <topicref FeatureID="-1" href="CALE_HLP_NOTE_VIEWER.html" navtitle="Entradas da Axenda"/>
   <topicref FeatureID="-1" href="CALE_HLP_SETTINGS.html" navtitle="Axustes da axenda"/>
   <topicref FeatureID="-1" href="CALE_HLP_DAY_VIEW.html" navtitle="Vista do día"/>
   <topicref FeatureID="-1" href="CALE_HLP_NOTE_MEETING.html" navtitle="Entradas de xuntanzas"/>
   <topicref FeatureID="-1" href="CALE_HLP_NOTE_DAY.html" navtitle="Entradas de memorando"/>
   <topicref FeatureID="-1" href="CALE_HLP_MONTH_VIEW.html" navtitle="Vista do mes"/>
   <topicref FeatureID="-1" href="CALE_HLP_TODO_NOTE.html" navtitle="Entradas de tarefas"/>
   <topicref FeatureID="-1" href="CALE_HLP_TODO_VIEW.html" navtitle="Vista de tarefas"/>
   <topicref FeatureID="-1" href="CALE_HLP_WEEK_VIEW.html" navtitle="Vista da semana"/>
</topics>