<?xml version="1.0" encoding="UTF-8"?>
<keywords>
   <keywords>
      <text FeatureID="-1">axenda</text>
      <target FeatureID="-1" href="CALE_HLP_NOTE_ANNIVERSARY.html">Entradas de aniversario</target>
      <target FeatureID="-1" href="CALE_HLP_NOTE_VIEWER.html">Entradas da Axenda</target>
      <target FeatureID="-1" href="CALE_HLP_DAY_VIEW.html">Vista do día</target>
      <target FeatureID="-1" href="CALE_HLP_NOTE_MEETING.html">Entradas de xuntanzas</target>
      <target FeatureID="-1" href="CALE_HLP_NOTE_DAY.html">Entradas de memorando</target>
      <target FeatureID="-1" href="CALE_HLP_MONTH_VIEW.html">Vista do mes</target>
      <target FeatureID="-1" href="CALE_HLP_TODO_NOTE.html">Entradas de tarefas</target>
      <target FeatureID="-1" href="CALE_HLP_TODO_VIEW.html">Vista de tarefas</target>
      <target FeatureID="-1" href="CALE_HLP_WEEK_VIEW.html">Vista da semana</target>
   </keywords>
   <keywords>
      <text FeatureID="-1">notas de aniversario</text>
      <target FeatureID="-1" href="CALE_HLP_NOTE_ANNIVERSARY.html">Entradas de aniversario</target>
      <target FeatureID="-1" href="CALE_HLP_NOTE_VIEWER.html">Entradas da Axenda</target>
   </keywords>
   <keywords>
      <text FeatureID="-1">xuntanzas</text>
      <target FeatureID="-1" href="CALE_HLP_NOTE_VIEWER.html">Entradas da Axenda</target>
      <target FeatureID="-1" href="CALE_HLP_NOTE_MEETING.html">Entradas de xuntanzas</target>
   </keywords>
   <keywords>
      <text FeatureID="-1">notas</text>
      <target FeatureID="-1" href="CALE_HLP_NOTE_VIEWER.html">Entradas da Axenda</target>
      <target FeatureID="-1" href="CALE_HLP_NOTE_DAY.html">Entradas de memorando</target>
   </keywords>
   <keywords>
      <text FeatureID="-1">notas de tarefas</text>
      <target FeatureID="-1" href="CALE_HLP_NOTE_VIEWER.html">Entradas da Axenda</target>
      <target FeatureID="-1" href="CALE_HLP_TODO_NOTE.html">Entradas de tarefas</target>
   </keywords>
   <keywords>
      <text FeatureID="-1">axustes da axenda</text>
      <target FeatureID="-1" href="CALE_HLP_SETTINGS.html">Axustes da axenda</target>
   </keywords>
   <keywords>
      <text FeatureID="-1">lista de tarefas</text>
      <target FeatureID="-1" href="CALE_HLP_TODO_VIEW.html">Vista de tarefas</target>
   </keywords>
</keywords>