<?xml version="1.0" encoding="UTF-8"?>
<keywords>
   <keywords>
      <text FeatureID="-1">axenda</text>
      <target FeatureID="-1" href="CALE_HLP_NOTE_VIEWER.html">Entradas da Axenda</target>
      <target FeatureID="-1" href="CALE_HLP_DAY_VIEW.html">Vista do día</target>
      <target FeatureID="-1" href="CALE_HLP_NOTE_MEETING.html">Entradas de xuntanzas</target>
      <target FeatureID="-1" href="CALE_HLP_MONTH_VIEW.html">Vista do mes</target>
      <target FeatureID="-1" href="CALE_HLP_TODO_NOTE.html">Entradas de tarefas</target>
      <target FeatureID="-1" href="CALE_HLP_TODO_VIEW.html">Vista de tarefas</target>
      <target FeatureID="-1" href="CALE_HLP_WEEK_VIEW.html">Vista da semana</target>
      <target FeatureID="-1" href="CALE_HLP_CALENDAR_DATABASE_SETTINGS.html">Axustes de varias axendas</target>
      <target FeatureID="-1" href="CALE_HLP_CALE_MAN_VIEW.html">Vista da xestión das axendas</target>
      <target FeatureID="-1" href="CALE_HLP_ATTACH_VIEW.html">Vista de anexos</target>
      <target FeatureID="-1" href="CALE_HLP_MAV.html">Vista das alarmas perdidas</target>
   </keywords>
   <keywords>
      <text FeatureID="-1">xuntanzas</text>
      <target FeatureID="-1" href="CALE_HLP_NOTE_VIEWER.html">Entradas da Axenda</target>
      <target FeatureID="-1" href="CALE_HLP_NOTE_MEETING.html">Entradas de xuntanzas</target>
   </keywords>
   <keywords>
      <text FeatureID="-1">notas de tarefas</text>
      <target FeatureID="-1" href="CALE_HLP_NOTE_VIEWER.html">Entradas da Axenda</target>
      <target FeatureID="-1" href="CALE_HLP_TODO_NOTE.html">Entradas de tarefas</target>
   </keywords>
   <keywords>
      <text FeatureID="-1">axustes da axenda</text>
      <target FeatureID="-1" href="CALE_HLP_SETTINGS.html">Axustes da axenda</target>
   </keywords>
   <keywords>
      <text FeatureID="-1">lista de tarefas</text>
      <target FeatureID="-1" href="CALE_HLP_TODO_VIEW.html">Vista de tarefas</target>
   </keywords>
   <keywords>
      <text FeatureID="-1">axustes, axenda</text>
      <target FeatureID="-1" href="CALE_HLP_CALENDAR_DATABASE_SETTINGS.html">Axustes de varias axendas</target>
   </keywords>
   <keywords>
      <text FeatureID="-1">anexos</text>
      <target FeatureID="-1" href="CALE_HLP_ATTACH_VIEW.html">Vista de anexos</target>
   </keywords>
   <keywords>
      <text FeatureID="-1">alarmas, nota de calendario</text>
      <target FeatureID="-1" href="CALE_HLP_MAV.html">Vista das alarmas perdidas</target>
   </keywords>
</keywords>