<?xml version="1.0" encoding="UTF-8"?>
<keywords>
   <keywords>
      <text FeatureID="-1">filbehandling</text>
      <target FeatureID="-1" href="FMGR_HLP_MEM_STORE_VIEW.html">Behandle filer</target>
      <target FeatureID="-1" href="FMGR_HLP_MAIN_VIEW.html">Filbehandling</target>
      <target FeatureID="-1" href="FMGR_HLP_BACKUP_VIEW.html">Sikkerhetskopiering</target>
   </keywords>
   <keywords>
      <text FeatureID="-1">minnekort</text>
      <target FeatureID="-1" href="FMGR_HLP_MEM_STORE_VIEW.html">Behandle filer</target>
      <target FeatureID="-1" href="FMGR_HLP_MAIN_VIEW.html">Filbehandling</target>
      <target FeatureID="-1" href="FMGR_HLP_BACKUP_VIEW.html">Sikkerhetskopiering</target>
   </keywords>
   <keywords>
      <text FeatureID="-1">Filbehandling</text>
      <target FeatureID="-1" href="FMGR_HLP_SEARCH_RESULTS.html">Filsøk</target>
   </keywords>
   <keywords>
      <text FeatureID="-1">søke etter filer</text>
      <target FeatureID="-1" href="FMGR_HLP_SEARCH_RESULTS.html">Filsøk</target>
   </keywords>
   <keywords>
      <text FeatureID="-1">søke etter mapper</text>
      <target FeatureID="-1" href="FMGR_HLP_SEARCH_RESULTS.html">Filsøk</target>
   </keywords>
   <keywords>
      <text FeatureID="-1">sikkerhetskopi</text>
      <target FeatureID="-1" href="FMGR_HLP_BACKUP_VIEW.html">Sikkerhetskopiering</target>
   </keywords>
</keywords>