<?xml version="1.0" encoding="UTF-8"?>
<keywords>
   <keywords>
      <text FeatureID="-1">sinkronisasi</text>
      <target FeatureID="-1" href="DS_HLP_MAIN_VIEW.html">Sinkronisasi data</target>
   </keywords>
   <keywords>
      <text FeatureID="-1">profil sinkronisasi</text>
      <target FeatureID="-1" href="DS_HLP_MAIN_VIEW.html">Sinkronisasi data</target>
   </keywords>
   <keywords>
      <text FeatureID="-1">pengaturan profil sinkron</text>
      <target FeatureID="-1" href="DS_HLP_SETTINGS.html">Mengedit profil sinkron</target>
   </keywords>
   <keywords>
      <text FeatureID="-1">pengaturan sinkron</text>
      <target FeatureID="-1" href="DS_HLP_SETTINGS_CAL.html">Pengaturan sinkron Kalender</target>
      <target FeatureID="-1" href="DS_HLP_SETTINGS_CNT.html">Pengaturan sinkronisasi kontak</target>
      <target FeatureID="-1" href="DS_HLP_SETTINGS_NOTES.html">Pengaturan sinkron catatan</target>
      <target FeatureID="-1" href="DS_HLP_SETTINGS_SMS.html">Pengaturan sinkron SMS</target>
      <target FeatureID="true_44" href="DS_HLP_SETTINGS_SYNCML.html">Pengaturan sinkron e-mail</target>
   </keywords>
</keywords>