<?xml version="1.0" encoding="UTF-8"?>
<keywords>
   <keywords>
      <text FeatureID="true_11008 false_11008">רישום התקן</text>
      <target FeatureID="true_11008" href="DRM_HLP_REGISTRATION_METERING.html">רישום התקן</target>
      <target FeatureID="false_11008" href="DRM_HLP_REGISTRATION.html">רישום התקן</target>
   </keywords>
   <keywords>
      <text FeatureID="true_11008">קבלת זכויות שקטות</text>
      <target FeatureID="true_11008" href="DRM_HLP_REGISTRATION_METERING.html">רישום התקן</target>
   </keywords>
   <keywords>
      <text FeatureID="true_11008">מדידה</text>
      <target FeatureID="true_11008" href="DRM_HLP_REGISTRATION_METERING.html">רישום התקן</target>
   </keywords>
</keywords>