<?xml version="1.0" encoding="UTF-8"?>
<keywords>
   <keywords>
      <text FeatureID="-1">kanbio-tasak</text>
      <target FeatureID="-1" href="CNV_HLP_RATES.html">Monetaren ezarpenak</target>
   </keywords>
   <keywords>
      <text FeatureID="-1">jatorrizko moneta</text>
      <target FeatureID="-1" href="CNV_HLP_RATES.html">Monetaren ezarpenak</target>
   </keywords>
   <keywords>
      <text FeatureID="-1">moneta-aldaketa</text>
      <target FeatureID="-1" href="CNV_HLP_RATES.html">Monetaren ezarpenak</target>
   </keywords>
   <keywords>
      <text FeatureID="-1">bihurgailua</text>
      <target FeatureID="-1" href="CNV_HLP_MAIN_STATE.html">Unitateen itzulpenak</target>
   </keywords>
   <keywords>
      <text FeatureID="-1">moneta bihurtzea</text>
      <target FeatureID="-1" href="CNV_HLP_MAIN_STATE.html">Unitateen itzulpenak</target>
   </keywords>
</keywords>