<?xml version="1.0" encoding="UTF-8"?>
<keywords>
   <keywords>
      <text FeatureID="-1">dekryptere, hukommel­seskort</text>
      <target FeatureID="-1" href="ES_HLP_ENCRYPTION_DECRYPT.html">Dekryptering af hukommelseskortet</target>
   </keywords>
   <keywords>
      <text FeatureID="-1">kryptere, hukommel­seskort</text>
      <target FeatureID="-1" href="ES_HLP_ENCRYPTION_ENCRYPT.html">Kryptering af hukommelseskortet</target>
   </keywords>
   <keywords>
      <text FeatureID="-1">kryptere, enhedens hukommelse og hukommelseskortet</text>
      <target FeatureID="-1" href="ES_HLP_ENCRYPTION_MAIN.html">Kryptering eller dekryptering</target>
   </keywords>
   <keywords>
      <text FeatureID="-1">dekryptere, enhedens hukommelse og hukommelseskortet</text>
      <target FeatureID="-1" href="ES_HLP_ENCRYPTION_MAIN.html">Kryptering eller dekryptering</target>
   </keywords>
</keywords>