<?xml version="1.0" encoding="UTF-8"?>
<keywords>
   <keywords>
      <text FeatureID="-1">innspilling, lyder</text>
      <target FeatureID="-1" href="VOREC_HLP_EMPTY_RECORDER.html">Spille inn lydklipp</target>
   </keywords>
   <keywords>
      <text FeatureID="-1">tale-opptaker</text>
      <target FeatureID="-1" href="VOREC_HLP_MAIN.html">Bruke taleopptaker</target>
   </keywords>
   <keywords>
      <text FeatureID="-1">spille inn lydklipp</text>
      <target FeatureID="-1" href="VOREC_HLP_MAIN.html">Bruke taleopptaker</target>
   </keywords>
   <keywords>
      <text FeatureID="-1">taleopptaker, innst.</text>
      <target FeatureID="-1" href="VOREC_HLP_SETTINGS.html">Taleopptaker, innst.</target>
   </keywords>
</keywords>