<?xml version="1.0" encoding="UTF-8"?>
<keywords>
   <keywords>
      <text FeatureID="true_1091">Editor de USSD</text>
      <target FeatureID="true_1091" href="USSD_HLP_EDITOR.html">Ordes de servizo</target>
   </keywords>
   <keywords>
      <text FeatureID="true_1091">ordes de servizo</text>
      <target FeatureID="true_1091" href="USSD_HLP_EDITOR.html">Ordes de servizo</target>
   </keywords>
   <keywords>
      <text FeatureID="true_1091">servizos de rede</text>
      <target FeatureID="true_1091" href="USSD_HLP_EDITOR.html">Ordes de servizo</target>
   </keywords>
</keywords>