<?xml version="1.0" encoding="UTF-8"?><?xml-stylesheet  href="../../theme/xsl/index2html.xslt" type="text/xsl"?>
<topics FeatureID="-1" title="Mensaxería instantánea" compressed="true">
   <topicref FeatureID="-1" href="IMNG_HLP_SEARCHCHAT.html" navtitle="Busca de usuarios de MI"/>
   <topicref FeatureID="-1" href="IMNG_HLP_SAVED_VIEW.html" navtitle="Ver conversas gardadas"/>
   <topicref FeatureID="-1" href="IMNG_HLP_SAVED_LIST.html" navtitle="Conversas gardadas"/>
   <topicref FeatureID="-1" href="IMNG_HLP_IMCHAT.html" navtitle="Conversas de grupo"/>
   <topicref FeatureID="-1" href="IMNG_HLP_GROUP_EDIT.html" navtitle="Dereitos de edición de grupos"/>
   <topicref FeatureID="-1" href="IMNG_HLP_GROUP_BAN.html" navtitle="Desautorizar o acceso a grupos a usuarios de MI"/>
   <topicref FeatureID="-1" href="IMNG_HLP_CONT_OWN_DATA.html" navtitle="Os meus datos"/>
   <topicref FeatureID="-1" href="IMNG_HLP_COMMUNITY_VIEW_EMPTY.html" navtitle="Inicio no uso da MI"/>
   <topicref FeatureID="-1" href="IMNG_HLP_COMMUNITY_VIEW.html" navtitle="Mensaxería instantánea"/>
   <topicref FeatureID="-1" href="IMNG_HLP_BLOCKED_VIEW.html" navtitle="Contactos bloqueados"/>
   <topicref FeatureID="-1" href="IMNG_HLP_SETTINGS.html" navtitle="Axustes de MI"/>
   <topicref FeatureID="-1" href="IMNG_HLP_SERVLISTSETT_IM.html" navtitle="Servidores de MI"/>
   <topicref FeatureID="-1" href="IMNG_HLP_DEFSERVER.html" navtitle="Axustes do servidor de MI"/>
   <topicref FeatureID="-1" href="IMNG_HLP_INVITE.html" navtitle="Convites de MI"/>
   <topicref FeatureID="-1" href="IMNG_HLP_CREATECHAT.html" navtitle="Axustes de grupo de MI"/>
   <topicref FeatureID="-1" href="IMNG_HLP_ACCLIST.html" navtitle="Membros de grupo de MI"/>
   <topicref FeatureID="-1" href="IMNG_HLP_CONVERSATIONS.html" navtitle="Conversas de MI"/>
   <topicref FeatureID="-1" href="IMNG_HLP_CONTACTDETAILS.html" navtitle="Detalles do contacto de MI"/>
   <topicref FeatureID="-1" href="IMNG_HLP_APPSETT.html" navtitle="Axustes da aplicación de MI"/>
</topics>