<?xml version="1.0" encoding="UTF-8"?>
<keywords>
   <keywords>
      <text FeatureID="-1">busca de usuarios de MI</text>
      <target FeatureID="-1" href="IMNG_HLP_SEARCHCHAT.html">Busca de usuarios de MI</target>
   </keywords>
   <keywords>
      <text FeatureID="-1">mensaxería instantánea</text>
      <target FeatureID="-1" href="IMNG_HLP_SEARCHCHAT.html">Busca de usuarios de MI</target>
      <target FeatureID="-1" href="IMNG_HLP_SAVED_VIEW.html">Ver conversas gardadas</target>
      <target FeatureID="-1" href="IMNG_HLP_SAVED_LIST.html">Conversas gardadas</target>
      <target FeatureID="-1" href="IMNG_HLP_GROUP_EDIT.html">Dereitos de edición de grupos</target>
      <target FeatureID="-1" href="IMNG_HLP_GROUP_BAN.html">Desautorizar o acceso a grupos a usuarios de MI</target>
      <target FeatureID="-1" href="IMNG_HLP_CONT_OWN_DATA.html">Os meus datos</target>
      <target FeatureID="-1" href="IMNG_HLP_COMMUNITY_VIEW_EMPTY.html">Inicio no uso da MI</target>
      <target FeatureID="-1" href="IMNG_HLP_COMMUNITY_VIEW.html">Mensaxería instantánea</target>
      <target FeatureID="-1" href="IMNG_HLP_CREATECHAT.html">Axustes de grupo de MI</target>
      <target FeatureID="-1" href="IMNG_HLP_ACCLIST.html">Membros de grupo de MI</target>
      <target FeatureID="-1" href="IMNG_HLP_CONVERSATIONS.html">Conversas de MI</target>
      <target FeatureID="-1" href="IMNG_HLP_APPSETT.html">Axustes da aplicación de MI</target>
   </keywords>
   <keywords>
      <text FeatureID="-1">busca de grupos de MI</text>
      <target FeatureID="-1" href="IMNG_HLP_SEARCHCHAT.html">Busca de usuarios de MI</target>
   </keywords>
   <keywords>
      <text FeatureID="-1">conversas gardadas</text>
      <target FeatureID="-1" href="IMNG_HLP_SAVED_LIST.html">Conversas gardadas</target>
   </keywords>
   <keywords>
      <text FeatureID="-1">MI (mensaxería instantánea)</text>
      <target FeatureID="-1" href="IMNG_HLP_IMCHAT.html">Conversas de grupo</target>
   </keywords>
   <keywords>
      <text FeatureID="-1">unirse a grupos de MI</text>
      <target FeatureID="-1" href="IMNG_HLP_IMCHAT.html">Conversas de grupo</target>
   </keywords>
   <keywords>
      <text FeatureID="-1">dereitos de edición</text>
      <target FeatureID="-1" href="IMNG_HLP_GROUP_EDIT.html">Dereitos de edición de grupos</target>
   </keywords>
   <keywords>
      <text FeatureID="-1">lista de desautorizados</text>
      <target FeatureID="-1" href="IMNG_HLP_GROUP_BAN.html">Desautorizar o acceso a grupos a usuarios de MI</target>
   </keywords>
   <keywords>
      <text FeatureID="-1">Membros de grupo de MI</text>
      <target FeatureID="-1" href="IMNG_HLP_GROUP_BAN.html">Desautorizar o acceso a grupos a usuarios de MI</target>
      <target FeatureID="-1" href="IMNG_HLP_ACCLIST.html">Membros de grupo de MI</target>
   </keywords>
   <keywords>
      <text FeatureID="-1">Contactos de MI</text>
      <target FeatureID="-1" href="IMNG_HLP_CONT_OWN_DATA.html">Os meus datos</target>
      <target FeatureID="-1" href="IMNG_HLP_BLOCKED_VIEW.html">Contactos bloqueados</target>
      <target FeatureID="-1" href="IMNG_HLP_CONTACTDETAILS.html">Detalles do contacto de MI</target>
   </keywords>
   <keywords>
      <text FeatureID="-1">MI</text>
      <target FeatureID="-1" href="IMNG_HLP_COMMUNITY_VIEW_EMPTY.html">Inicio no uso da MI</target>
      <target FeatureID="-1" href="IMNG_HLP_COMMUNITY_VIEW.html">Mensaxería instantánea</target>
      <target FeatureID="-1" href="IMNG_HLP_CONVERSATIONS.html">Conversas de MI</target>
   </keywords>
   <keywords>
      <text FeatureID="-1">contactos de MI bloqueados</text>
      <target FeatureID="-1" href="IMNG_HLP_BLOCKED_VIEW.html">Contactos bloqueados</target>
   </keywords>
   <keywords>
      <text FeatureID="-1">Axustes de MI</text>
      <target FeatureID="-1" href="IMNG_HLP_SETTINGS.html">Axustes de MI</target>
      <target FeatureID="-1" href="IMNG_HLP_APPSETT.html">Axustes da aplicación de MI</target>
   </keywords>
   <keywords>
      <text FeatureID="-1">Servidores de MI</text>
      <target FeatureID="-1" href="IMNG_HLP_SERVLISTSETT_IM.html">Servidores de MI</target>
   </keywords>
   <keywords>
      <text FeatureID="-1">Axustes do servidor de MI</text>
      <target FeatureID="-1" href="IMNG_HLP_DEFSERVER.html">Axustes do servidor de MI</target>
   </keywords>
   <keywords>
      <text FeatureID="-1">axustes do servidor</text>
      <target FeatureID="-1" href="IMNG_HLP_DEFSERVER.html">Axustes do servidor de MI</target>
   </keywords>
   <keywords>
      <text FeatureID="-1">convites</text>
      <target FeatureID="-1" href="IMNG_HLP_INVITE.html">Convites de MI</target>
   </keywords>
   <keywords>
      <text FeatureID="-1">Axustes de grupo de MI</text>
      <target FeatureID="-1" href="IMNG_HLP_CREATECHAT.html">Axustes de grupo de MI</target>
   </keywords>
   <keywords>
      <text FeatureID="-1">conversas</text>
      <target FeatureID="-1" href="IMNG_HLP_CONVERSATIONS.html">Conversas de MI</target>
   </keywords>
   <keywords>
      <text FeatureID="-1">Mensaxería instantánea</text>
      <target FeatureID="-1" href="IMNG_HLP_CONTACTDETAILS.html">Detalles do contacto de MI</target>
   </keywords>
</keywords>