<?xml version="1.0" encoding="UTF-8"?>
<keywords>
   <keywords>
      <text FeatureID="-1">Player</text>
      <target FeatureID="-1" href="MUS_HLP_TRACKS_VIEW.html">Songs</target>
      <target FeatureID="-1" href="MUS_HLP_CATEGORY_VIEW.html">Musikkategorien</target>
      <target FeatureID="-1" href="MUS_HLP_PODCAST_MAIN_VIEW.html">Podcasts</target>
      <target FeatureID="-1" href="MUS_HLP_PODCAST_EPISODES.html">Podcast-Episoden</target>
      <target FeatureID="-1" href="MUS_HLP_PLAYLISTS_VIEW.html">Musikwiedergabelisten</target>
      <target FeatureID="-1" href="MUS_HLP_AUDIO_SETT.html">Audioeinstellungen</target>
   </keywords>
   <keywords>
      <text FeatureID="-1">Podcasting</text>
      <target FeatureID="-1" href="MUS_HLP_PODCAST_MAIN_VIEW.html">Podcasts</target>
      <target FeatureID="-1" href="MUS_HLP_PODCAST_EPISODES.html">Podcast-Episoden</target>
   </keywords>
   <keywords>
      <text FeatureID="-1">Wiedergabelisten</text>
      <target FeatureID="-1" href="MUS_HLP_PLAYLISTS_VIEW.html">Musikwiedergabelisten</target>
   </keywords>
   <keywords>
      <text FeatureID="-1">music player</text>
      <target FeatureID="-1" href="MUS_HLP_DOWNLOAD_PLAYBACK_VIEW.html">Play music on web</target>
      <target FeatureID="-1" href="MUS_HLP_LIB_MAIN_VIEW.html">Music library</target>
   </keywords>
   <keywords>
      <text FeatureID="-1">Bassverstärker</text>
      <target FeatureID="-1" href="MUS_HLP_AUDIO_SETT.html">Audioeinstellungen</target>
   </keywords>
   <keywords>
      <text FeatureID="-1">Stereo-Widening</text>
      <target FeatureID="-1" href="MUS_HLP_AUDIO_SETT.html">Audioeinstellungen</target>
   </keywords>
</keywords>