<?xml version="1.0" encoding="UTF-8"?>
<keywords>
   <keywords>
      <text FeatureID="-1">עריכת תמונות</text>
      <target FeatureID="-1" href="SIE_HLP_MAIN.html">עריכת תמונות</target>
   </keywords>
   <keywords>
      <text FeatureID="-1">עריכת טקסט</text>
      <target FeatureID="-1" href="SIE_HLP_EDIT_TEXT.html">עריכת טקסט בתמונות</target>
   </keywords>
   <keywords>
      <text FeatureID="-1">עורך תמונות</text>
      <target FeatureID="-1" href="SIE_HLP_EDIT_TEXT.html">עריכת טקסט בתמונות</target>
   </keywords>
   <keywords>
      <text FeatureID="-1">עריכת תמונות מוגדלות</text>
      <target FeatureID="-1" href="SIE_HLP_ZOOMING.html">עריכת תמונות מוגדלות</target>
   </keywords>
   <keywords>
      <text FeatureID="-1">הגדלה של תמונות</text>
      <target FeatureID="-1" href="SIE_HLP_ZOOMING.html">עריכת תמונות מוגדלות</target>
   </keywords>
   <keywords>
      <text FeatureID="-1">עריכת אוסף תמונות</text>
      <target FeatureID="-1" href="SIE_HLP_EDIT_CLIPART.html">עריכת אוסף תמונות</target>
   </keywords>
   <keywords>
      <text FeatureID="-1">עריכת בלוני שיחה</text>
      <target FeatureID="-1" href="SIE_HLP_EDIT_CLIPART.html">עריכת אוסף תמונות</target>
   </keywords>
   <keywords>
      <text FeatureID="-1">הפחתת אפקט עיניים אדומות</text>
      <target FeatureID="-1" href="SIE_HLP_REDEYE.html">הפחתת אפקט עיניים אדומות</target>
   </keywords>
</keywords>