<?xml version="1.0" encoding="UTF-8"?>
<keywords>
   <keywords>
      <text FeatureID="-1">قارئ الرسائل, اللغة</text>
      <target FeatureID="-1" href="SPEECH_HLP_MAIN.html">ضبط الحديث</target>
   </keywords>
   <keywords>
      <text FeatureID="-1">قارئ الرسائل, الصوت</text>
      <target FeatureID="-1" href="SPEECH_HLP_MAIN.html">ضبط الحديث</target>
   </keywords>
   <keywords>
      <text FeatureID="-1">قارئ الرسائل</text>
      <target FeatureID="-1" href="SPEECH_HLP_VOICE.html">تفاصيل الصوت</target>
   </keywords>
   <keywords>
      <text FeatureID="-1">قارئ الرسائل, الضبط</text>
      <target FeatureID="-1" href="SPEECH_HLP_MRSETTINGS.html">ضبط قارئ الرسائل</target>
   </keywords>
</keywords>