<?xml version="1.0" encoding="UTF-8"?>
<keywords>
   <keywords>
      <text FeatureID="-1">آلہ کا مينيجر</text>
      <target FeatureID="-1" href="DM_HLP_MAIN_VIEW.html">ڈیوائس سافٹ ویئر</target>
      <target FeatureID="-1" href="FOTA_HLP_SETTINGS.html">تجديد ترتيبات</target>
      <target FeatureID="-1" href="DM_HLP_SETTINGS.html">سرور ترتيبات</target>
      <target FeatureID="-1" href="DM_HLP_SERVERS_VIEW.html">ريموٹ تشکيل</target>
   </keywords>
   <keywords>
      <text FeatureID="-1">تشکیلی ترتیبات</text>
      <target FeatureID="-1" href="DM_HLP_MAIN_VIEW.html">ڈیوائس سافٹ ویئر</target>
   </keywords>
   <keywords>
      <text FeatureID="-1">سافٹ ویئر کی تجدیدی ترتیبات</text>
      <target FeatureID="-1" href="FOTA_HLP_SETTINGS.html">تجديد ترتيبات</target>
   </keywords>
   <keywords>
      <text FeatureID="-1">سرور وضع ترتیبات</text>
      <target FeatureID="-1" href="DM_HLP_SETTINGS.html">سرور ترتيبات</target>
   </keywords>
   <keywords>
      <text FeatureID="-1">ريموٹ تشکيل</text>
      <target FeatureID="-1" href="DM_HLP_SERVERS_VIEW.html">ريموٹ تشکيل</target>
   </keywords>
</keywords>