<?xml version="1.0" encoding="UTF-8"?>
<keywords>
   <keywords>
      <text FeatureID="true_1116">verzenden, agenda-items</text>
      <target FeatureID="true_1116" href="SMART_HLP_CALENDAREDITOR.html">Agenda-items verzenden</target>
   </keywords>
   <keywords>
      <text FeatureID="true_1114">ontvangen, agenda-items</text>
      <target FeatureID="true_1114" href="SMART_HLP_CALENDARVIEWER.html">Ontvangen agenda-items</target>
   </keywords>
   <keywords>
      <text FeatureID="true_1114">agenda-items</text>
      <target FeatureID="true_1114" href="SMART_HLP_CALPULLMESVIEWER.html">Agenda-item downloaden</target>
   </keywords>
   <keywords>
      <text FeatureID="true_1117 true_1115">visitekaartjes</text>
      <target FeatureID="true_1117" href="SMART_HLP_BUSINESSEDITOR.html">Visitekaartjes verzenden</target>
      <target FeatureID="true_1115" href="SMART_HLP_BUSINESSVIEWER.html">Ontvangen visitekaartjes</target>
      <target FeatureID="true_1115" href="SMART_HLP_BUSPULLMESVIEWER.html">Visitekaartjes downloaden</target>
   </keywords>
   <keywords>
      <text FeatureID="true_1111">beltonen</text>
      <target FeatureID="true_1111" href="SMART_HLP_RINGVIEWER.html">Ontvangen beltonen</target>
   </keywords>
   <keywords>
      <text FeatureID="true_1110">operatorlogo's</text>
      <target FeatureID="true_1110" href="SMART_HLP_OPLOGOVIEWER.html">Ontvangen operatorlogo's</target>
   </keywords>
   <keywords>
      <text FeatureID="true_1106">bookmarks</text>
      <target FeatureID="true_1106" href="SMART_HLP_ONEBOOKVIEWER.html">Ontvangen bookmark</target>
   </keywords>
   <keywords>
      <text FeatureID="true_1112">ontvangen, afbeeldingen</text>
      <target FeatureID="true_1112" href="SMART_HLP_GMSVIEWER.html">Beeldberichten weergeven</target>
   </keywords>
   <keywords>
      <text FeatureID="true_1112">beeldberichten</text>
      <target FeatureID="true_1112" href="SMART_HLP_GMSVIEWER.html">Beeldberichten weergeven</target>
   </keywords>
   <keywords>
      <text FeatureID="true_1537">extern station, configuratie</text>
      <target FeatureID="true_1537" href="SMART_HLP_REMOTEDRIVES_VIEWER.html">Configuraties van externe stations ontvangen</target>
      <target FeatureID="true_1537" href="SMART_HLP_REMOTEDRIVES_EDITOR.html">Configuraties van externe stations verzenden</target>
   </keywords>
</keywords>