<?xml version="1.0" encoding="UTF-8"?><?xml-stylesheet  href="../../theme/xsl/index2html.xslt" type="text/xsl"?>
<topics FeatureID="-1" title="Vaizdo įrašai ir TV" compressed="true">
   <topicref FeatureID="-1" href="IPTV_HLP_MAIN_STATE.html" navtitle="Vaizdo įrašai ir TV"/>
   <topicref FeatureID="-1" href="IPTV_HLP_VODCAST_MAIN.html" navtitle="Vaizdo įrašų teikiniai"/>
   <topicref FeatureID="-1" href="IPTV_HLP_SERVICE_SELECTION_VOD.html" navtitle="Vaizdo paslaugų pasirinkimas"/>
   <topicref FeatureID="-1" href="IPTV_HLP_VOD_CATEGORIES.html" navtitle="Vaizdo įrašų kategorijos"/>
   <topicref FeatureID="-1" href="IPTV_HLP_VOD.html" navtitle="Vaizdo įrašų peržiūra ir atsisiuntimas"/>
   <topicref FeatureID="-1" href="IPTV_HLP_SCHEDULE_DOWNLOAD.html" navtitle="Atsisiuntimų planavimas"/>
   <topicref FeatureID="-1" href="IPTV_HLP_STORAGE.html" navtitle="Mano vaizdo įrašai"/>
   <topicref FeatureID="-1" href="IPTV_HLP_SETTINGS.html" navtitle="Programos „Vaizdo įrašai ir TV“ parametrai"/>
   <topicref FeatureID="-1" href="IPTV_HLP_SERVICE_SEL_VODCAST.html" navtitle="Vaizdo įrašų teikinių pasirinkimas"/>
   <topicref FeatureID="-1" href="IPTV_HLP_ADD_SERVICE.html" navtitle="Vaizdo teikinių įtraukimas"/>
</topics>