<?xml version="1.0" encoding="UTF-8"?>
<keywords>
   <keywords>
      <text FeatureID="-1">vaizdo įrašai ir TV</text>
      <target FeatureID="-1" href="IPTV_HLP_MAIN_STATE.html">Vaizdo įrašai ir TV</target>
      <target FeatureID="-1" href="IPTV_HLP_VODCAST_MAIN.html">Vaizdo įrašų teikiniai</target>
      <target FeatureID="-1" href="IPTV_HLP_SERVICE_SELECTION_VOD.html">Vaizdo paslaugų pasirinkimas</target>
      <target FeatureID="-1" href="IPTV_HLP_VOD_CATEGORIES.html">Vaizdo įrašų kategorijos</target>
      <target FeatureID="-1" href="IPTV_HLP_VOD.html">Vaizdo įrašų peržiūra ir atsisiuntimas</target>
      <target FeatureID="-1" href="IPTV_HLP_SCHEDULE_DOWNLOAD.html">Atsisiuntimų planavimas</target>
      <target FeatureID="-1" href="IPTV_HLP_STORAGE.html">Mano vaizdo įrašai</target>
      <target FeatureID="-1" href="IPTV_HLP_SERVICE_SEL_VODCAST.html">Vaizdo įrašų teikinių pasirinkimas</target>
      <target FeatureID="-1" href="IPTV_HLP_ADD_SERVICE.html">Vaizdo teikinių įtraukimas</target>
   </keywords>
   <keywords>
      <text FeatureID="-1">vaizdo įrašų teikiniai</text>
      <target FeatureID="-1" href="IPTV_HLP_VODCAST_MAIN.html">Vaizdo įrašų teikiniai</target>
      <target FeatureID="-1" href="IPTV_HLP_VOD_CATEGORIES.html">Vaizdo įrašų kategorijos</target>
      <target FeatureID="-1" href="IPTV_HLP_SERVICE_SEL_VODCAST.html">Vaizdo įrašų teikinių pasirinkimas</target>
      <target FeatureID="-1" href="IPTV_HLP_ADD_SERVICE.html">Vaizdo teikinių įtraukimas</target>
   </keywords>
   <keywords>
      <text FeatureID="-1">siuntos, vaizdo įrašai</text>
      <target FeatureID="-1" href="IPTV_HLP_VOD.html">Vaizdo įrašų peržiūra ir atsisiuntimas</target>
      <target FeatureID="-1" href="IPTV_HLP_SCHEDULE_DOWNLOAD.html">Atsisiuntimų planavimas</target>
   </keywords>
   <keywords>
      <text FeatureID="-1">vaizdo įrašai ir TV, parametrai</text>
      <target FeatureID="-1" href="IPTV_HLP_SETTINGS.html">Programos „Vaizdo įrašai ir TV“ parametrai</target>
   </keywords>
   <keywords>
      <text FeatureID="-1">parametrai, vaizdo įrašas</text>
      <target FeatureID="-1" href="IPTV_HLP_SETTINGS.html">Programos „Vaizdo įrašai ir TV“ parametrai</target>
   </keywords>
</keywords>