<?xml version="1.0" encoding="UTF-8"?>
<keywords>
   <keywords>
      <text FeatureID="-1">زمین کے نشان کے زمرے</text>
      <target FeatureID="-1" href="LM_HLP_LM_BY_CATEGORY.html">زمین کے نشان کے زمرے</target>
      <target FeatureID="-1" href="LM_HLP_EDIT_CATEGORIES.html">سنگ میل کے زمرے ترمیم کریں</target>
   </keywords>
   <keywords>
      <text FeatureID="-1">لینڈ مارک</text>
      <target FeatureID="-1" href="LM_HLP_LM_BY_NAME.html">نام کے ساتھ نمایاں علامات کا منظر</target>
      <target FeatureID="-1" href="LM_HLP_CATEGORY_CONTENTS.html">زمروں میں زمین کے نشانات</target>
      <target FeatureID="-1" href="LM_HLP_LM_VIEWER.html">نمایاں علامات کی تفصیل</target>
   </keywords>
   <keywords>
      <text FeatureID="-1">زمین کے نشانات ترمیم کرنا</text>
      <target FeatureID="-1" href="LM_HLP_LM_EDITOR.html">سنگ میل ترمیم کریں</target>
   </keywords>
</keywords>