<?xml version="1.0" encoding="UTF-8"?>
<keywords>
   <keywords>
      <text FeatureID="true_410">通话, 拨打</text>
      <target FeatureID="true_410" href="DIALER_HLP_MAIN.html">拨打电话</target>
   </keywords>
   <keywords>
      <text FeatureID="-1">手机通话</text>
      <target FeatureID="-1" href="INCAL_HLP_CALL_HANDLING.html">手机通话</target>
   </keywords>
   <keywords>
      <text FeatureID="-1">会议通话</text>
      <target FeatureID="-1" href="INCAL_HLP_CALL_HANDLING.html">手机通话</target>
   </keywords>
   <keywords>
      <text FeatureID="-1">切换通话</text>
      <target FeatureID="-1" href="INCAL_HLP_CALL_HANDLING.html">手机通话</target>
   </keywords>
   <keywords>
      <text FeatureID="-1">电话</text>
      <target FeatureID="-1" href="INCAL_HLP_CALL_HANDLING.html">手机通话</target>
   </keywords>
   <keywords>
      <text FeatureID="true_410">双音多频音</text>
      <target FeatureID="true_410" href="DIALER_HLP_SEND_DTMF.html">发送双音多频音</target>
   </keywords>
   <keywords>
      <text FeatureID="true_89">视频通话</text>
      <target FeatureID="true_89" href="INCAL_HLP_VIDEO_CALL.html">视频通话</target>
   </keywords>
</keywords>