<?xml version="1.0" encoding="UTF-8"?>
<keywords>
   <keywords>
      <text FeatureID="-1">القاموس</text>
      <target FeatureID="-1" href="DICTIONARY_HLP_MAIN_TAB1.html">القاموس</target>
   </keywords>
   <keywords>
      <text FeatureID="-1">الترجمة</text>
      <target FeatureID="-1" href="DICTIONARY_HLP_MAIN_TAB1.html">القاموس</target>
   </keywords>
   <keywords>
      <text FeatureID="-1">القاموس, الترجمة</text>
      <target FeatureID="-1" href="DICTIONARY_HLP_RESULTS.html">نتائج الترجمة</target>
   </keywords>
</keywords>