<?xml version="1.0" encoding="UTF-8"?>
<keywords>
   <keywords>
      <text FeatureID="-1">sinchronizavimas</text>
      <target FeatureID="-1" href="OTASYNCBU_HLP_MAIN.html">Programa „Ovi“ sinchronizavimas“</target>
   </keywords>
   <keywords>
      <text FeatureID="-1">„Ovi“ sinchronizavimas“</text>
      <target FeatureID="-1" href="OTASYNCBU_HLP_MAIN.html">Programa „Ovi“ sinchronizavimas“</target>
   </keywords>
   <keywords>
      <text FeatureID="-1">Programa „Ovi“ sinchronizavimas“</text>
      <target FeatureID="-1" href="OTASYNCBU_HLP_SETTINGS.html">Programos „Ovi“ sinchronizavimas“ parametrai</target>
   </keywords>
</keywords>