<?xml version="1.0" encoding="UTF-8"?>
<keywords>
   <keywords>
      <text FeatureID="-1">missatges instantanis</text>
      <target FeatureID="-1" href="SERVTAB_HLP_CONVERSATION.html">Enviament de missatges instantanis</target>
   </keywords>
   <keywords>
      <text FeatureID="-1">conversa</text>
      <target FeatureID="-1" href="SERVTAB_HLP_CONVERSATION.html">Enviament de missatges instantanis</target>
   </keywords>
   <keywords>
      <text FeatureID="-1">converses</text>
      <target FeatureID="-1" href="SERVTAB_HLP_CONVERSATION.html">Enviament de missatges instantanis</target>
   </keywords>
</keywords>