<?xml version="1.0" encoding="UTF-8"?>
<keywords>
   <keywords>
      <text FeatureID="-1">favoritos</text>
      <target FeatureID="-1" href="OSS_HLP_BM_ADDBM.html">Agregar favoritos</target>
   </keywords>
   <keywords>
      <text FeatureID="-1">favoritos del explorador</text>
      <target FeatureID="-1" href="OSS_HLP_BM_ADDBM.html">Agregar favoritos</target>
      <target FeatureID="-1" href="OSS_HLP_BM_MAIN.html">Explorar favoritos</target>
   </keywords>
   <keywords>
      <text FeatureID="-1">Web</text>
      <target FeatureID="-1" href="OSS_HLP_BM_ADDBM.html">Agregar favoritos</target>
      <target FeatureID="true_167" href="OSS_HLP_RSS_ADD.html">Agregar vínculos Web</target>
      <target FeatureID="-1" href="OSS_HLP_PAGEVIEW.html">Explorar la Web</target>
      <target FeatureID="true_167" href="OSS_HLP_RSS_ARTICLE.html">Artículos de vínculos Web</target>
      <target FeatureID="true_167" href="OSS_HLP_RSS_ARTICLELST.html">Vínculos Web</target>
      <target FeatureID="true_167" href="OSS_HLP_RSS_MAIN.html">Vínculos Web y blogs</target>
   </keywords>
   <keywords>
      <text FeatureID="true_167">vínculos</text>
      <target FeatureID="true_167" href="OSS_HLP_RSS_ADD.html">Agregar vínculos Web</target>
      <target FeatureID="true_167" href="OSS_HLP_RSS_EDIT.html">Editar vínculos Web</target>
      <target FeatureID="true_167" href="OSS_HLP_RSS_ARTICLE.html">Artículos de vínculos Web</target>
      <target FeatureID="true_167" href="OSS_HLP_RSS_ARTICLELST.html">Vínculos Web</target>
      <target FeatureID="true_167" href="OSS_HLP_RSS_MAIN.html">Vínculos Web y blogs</target>
   </keywords>
   <keywords>
      <text FeatureID="true_167">vínculos RSS</text>
      <target FeatureID="true_167" href="OSS_HLP_RSS_ADD.html">Agregar vínculos Web</target>
      <target FeatureID="true_167" href="OSS_HLP_RSS_ARTICLELST.html">Vínculos Web</target>
      <target FeatureID="true_167" href="OSS_HLP_RSS_MAIN.html">Vínculos Web y blogs</target>
   </keywords>
   <keywords>
      <text FeatureID="true_167">noticias y blogs</text>
      <target FeatureID="true_167" href="OSS_HLP_RSS_ADD.html">Agregar vínculos Web</target>
      <target FeatureID="true_167" href="OSS_HLP_RSS_EDIT.html">Editar vínculos Web</target>
      <target FeatureID="true_167" href="OSS_HLP_RSS_ARTICLE.html">Artículos de vínculos Web</target>
      <target FeatureID="true_167" href="OSS_HLP_RSS_ARTICLELST.html">Vínculos Web</target>
      <target FeatureID="true_167" href="OSS_HLP_RSS_MAIN.html">Vínculos Web y blogs</target>
   </keywords>
   <keywords>
      <text FeatureID="true_167">blogs</text>
      <target FeatureID="true_167" href="OSS_HLP_RSS_ADD.html">Agregar vínculos Web</target>
      <target FeatureID="true_167" href="OSS_HLP_RSS_EDIT.html">Editar vínculos Web</target>
      <target FeatureID="true_167" href="OSS_HLP_RSS_ARTICLE.html">Artículos de vínculos Web</target>
      <target FeatureID="true_167" href="OSS_HLP_RSS_ARTICLELST.html">Vínculos Web</target>
      <target FeatureID="true_167" href="OSS_HLP_RSS_MAIN.html">Vínculos Web y blogs</target>
   </keywords>
   <keywords>
      <text FeatureID="-1">exploración de páginas</text>
      <target FeatureID="-1" href="OSS_HLP_PAGEVIEW.html">Explorar la Web</target>
   </keywords>
   <keywords>
      <text FeatureID="-1">abrir favoritos</text>
      <target FeatureID="-1" href="OSS_HLP_BM_MAIN.html">Explorar favoritos</target>
   </keywords>
   <keywords>
      <text FeatureID="true_167">vínculos rss</text>
      <target FeatureID="true_167" href="OSS_HLP_RSS_EDIT.html">Editar vínculos Web</target>
      <target FeatureID="true_167" href="OSS_HLP_RSS_ARTICLE.html">Artículos de vínculos Web</target>
   </keywords>
   <keywords>
      <text FeatureID="true_167">web</text>
      <target FeatureID="true_167" href="OSS_HLP_RSS_EDIT.html">Editar vínculos Web</target>
   </keywords>
   <keywords>
      <text FeatureID="-1">configuraciones del explorador</text>
      <target FeatureID="-1" href="OSS_HLP_SETTINGS_GENERAL.html">Configuraciones generales</target>
      <target FeatureID="-1" href="OSS_HLP_SETTINGS_PAGE.html">Configuraciones de página</target>
      <target FeatureID="-1" href="OSS_HLP_SETTINGS_PRIVACY.html">Configuraciones de privacidad</target>
      <target FeatureID="true_167" href="OSS_HLP_SETTINGS_RSS.html">Configuraciones de vínculos Web</target>
      <target FeatureID="-1" href="OSS_HLP_SETTINGS_FOLDERS.html">Configuraciones Web</target>
      <target FeatureID="false_410" href="OSS_HLP_SHORTCUTS.html">Accesos directos de la barra de herramientas</target>
   </keywords>
   <keywords>
      <text FeatureID="-1">configuraciones Web</text>
      <target FeatureID="-1" href="OSS_HLP_SETTINGS_GENERAL.html">Configuraciones generales</target>
      <target FeatureID="-1" href="OSS_HLP_SETTINGS_PAGE.html">Configuraciones de página</target>
      <target FeatureID="-1" href="OSS_HLP_SETTINGS_PRIVACY.html">Configuraciones de privacidad</target>
      <target FeatureID="-1" href="OSS_HLP_SETTINGS_FOLDERS.html">Configuraciones Web</target>
   </keywords>
   <keywords>
      <text FeatureID="-1">configuración para la Web</text>
      <target FeatureID="-1" href="OSS_HLP_SETTINGS_PAGE.html">Configuraciones de página</target>
      <target FeatureID="-1" href="OSS_HLP_SETTINGS_FOLDERS.html">Configuraciones Web</target>
   </keywords>
   <keywords>
      <text FeatureID="-1">configuraciones de privacidad</text>
      <target FeatureID="-1" href="OSS_HLP_SETTINGS_PRIVACY.html">Configuraciones de privacidad</target>
   </keywords>
   <keywords>
      <text FeatureID="true_167">configuraciones para la web</text>
      <target FeatureID="true_167" href="OSS_HLP_SETTINGS_RSS.html">Configuraciones de vínculos Web</target>
   </keywords>
   <keywords>
      <text FeatureID="true_167 false_410">configuraciones web</text>
      <target FeatureID="true_167" href="OSS_HLP_SETTINGS_RSS.html">Configuraciones de vínculos Web</target>
      <target FeatureID="false_410" href="OSS_HLP_SHORTCUTS.html">Accesos directos de la barra de herramientas</target>
   </keywords>
   <keywords>
      <text FeatureID="-1">abrir página específica</text>
      <target FeatureID="-1" href="OSS_HLP_PAGEVIEW_EMBED.html">La Web en las aplicaciones</target>
   </keywords>
   <keywords>
      <text FeatureID="-1">La Web en las aplicaciones</text>
      <target FeatureID="-1" href="OSS_HLP_PAGEVIEW_EMBED.html">La Web en las aplicaciones</target>
   </keywords>
</keywords>