<?xml version="1.0" encoding="UTF-8"?>
<keywords>
   <keywords>
      <text FeatureID="-1">עריכת תדרים מוגדרים מראש</text>
      <target FeatureID="-1" href="EQ_HLP_EDITING_VIEW.html">עריכת תדרים מוגדרים מראש</target>
   </keywords>
   <keywords>
      <text FeatureID="-1">אקולייזר</text>
      <target FeatureID="-1" href="EQ_HLP_LIST_VIEW.html">תדרים מוגדרים מראש</target>
   </keywords>
   <keywords>
      <text FeatureID="-1">רצועות תדרים</text>
      <target FeatureID="-1" href="EQ_HLP_LIST_VIEW.html">תדרים מוגדרים מראש</target>
   </keywords>
   <keywords>
      <text FeatureID="-1">בחירת תדרים מוגדרים מראש</text>
      <target FeatureID="-1" href="EQ_HLP_LIST_VIEW.html">תדרים מוגדרים מראש</target>
   </keywords>
</keywords>