<?xml version="1.0" encoding="UTF-8"?>
<keywords>
   <keywords>
      <text FeatureID="-1">redigere frekvensforhåndsinnstillinger</text>
      <target FeatureID="-1" href="EQ_HLP_EDITING_VIEW.html">Redigere frekvensforhåndsinnstillinger</target>
   </keywords>
   <keywords>
      <text FeatureID="-1">equalizer</text>
      <target FeatureID="-1" href="EQ_HLP_LIST_VIEW.html">Frekvensforhåndsinnstillinger</target>
   </keywords>
   <keywords>
      <text FeatureID="-1">frekvensbånd</text>
      <target FeatureID="-1" href="EQ_HLP_LIST_VIEW.html">Frekvensforhåndsinnstillinger</target>
   </keywords>
   <keywords>
      <text FeatureID="-1">velg frekvensforhåndsinnstillinger</text>
      <target FeatureID="-1" href="EQ_HLP_LIST_VIEW.html">Frekvensforhåndsinnstillinger</target>
   </keywords>
</keywords>