<?xml version="1.0" encoding="UTF-8"?><?xml-stylesheet  href="../../theme/xsl/index2html.xslt" type="text/xsl"?>
<topics FeatureID="-1" title="Mūzikas atskaņotājs" compressed="true">
   <topicref FeatureID="-1" href="MUS_HLP_MUSIC_SUITE_VIEW.html" navtitle="Mūzikas kopa"/>
   <topicref FeatureID="-1" href="MUS_HLP_TRACKS_VIEW.html" navtitle="Dziesmas"/>
   <topicref FeatureID="-1" href="MUS_HLP_CATEGORY_VIEW.html" navtitle="Mūzikas kategorijas"/>
   <topicref FeatureID="-1" href="MUS_HLP_PODCAST_MAIN_VIEW.html" navtitle="Podcast faili"/>
   <topicref FeatureID="-1" href="MUS_HLP_PODCAST_EPISODES.html" navtitle="Podcast epizodes"/>
   <topicref FeatureID="-1" href="MUS_HLP_PLAYLISTS_VIEW.html" navtitle="Mūzikas saraksti"/>
   <topicref FeatureID="-1" href="MUS_HLP_DOWNLOAD_PLAYBACK_VIEW.html" navtitle="Mūzikas atskaņošana Web tīklā"/>
   <topicref FeatureID="-1" href="MUS_HLP_PLAYBACK_VIEW.html" navtitle="Mūzikas atskaņošana"/>
   <topicref FeatureID="-1" href="MUS_HLP_LIB_MAIN_VIEW.html" navtitle="Mūzikas bibliotēka"/>
   <topicref FeatureID="-1" href="MUS_HLP_METADATA_EDITING.html" navtitle="Dziesmas informācijas rediģēšana"/>
   <topicref FeatureID="-1" href="MUS_HLP_ALBUM_ART_EDITING.html" navtitle="Albuma noformējuma rediģēšana"/>
   <topicref FeatureID="-1" href="MUS_HLP_AUDIO_SETT.html" navtitle="Audio uzstādījumi"/>
</topics>