<?xml version="1.0" encoding="UTF-8"?>
<keywords>
   <keywords>
      <text FeatureID="-1">mūzikas atskaņotājs</text>
      <target FeatureID="-1" href="MUS_HLP_TRACKS_VIEW.html">Dziesmas</target>
      <target FeatureID="-1" href="MUS_HLP_CATEGORY_VIEW.html">Mūzikas kategorijas</target>
      <target FeatureID="-1" href="MUS_HLP_PODCAST_MAIN_VIEW.html">Podcast faili</target>
      <target FeatureID="-1" href="MUS_HLP_PODCAST_EPISODES.html">Podcast epizodes</target>
      <target FeatureID="-1" href="MUS_HLP_PLAYLISTS_VIEW.html">Mūzikas saraksti</target>
      <target FeatureID="-1" href="MUS_HLP_AUDIO_SETT.html">Audio uzstādījumi</target>
   </keywords>
   <keywords>
      <text FeatureID="-1">podcast apraide</text>
      <target FeatureID="-1" href="MUS_HLP_PODCAST_MAIN_VIEW.html">Podcast faili</target>
      <target FeatureID="-1" href="MUS_HLP_PODCAST_EPISODES.html">Podcast epizodes</target>
   </keywords>
   <keywords>
      <text FeatureID="-1">dziesmu saraksti</text>
      <target FeatureID="-1" href="MUS_HLP_PLAYLISTS_VIEW.html">Mūzikas saraksti</target>
   </keywords>
   <keywords>
      <text FeatureID="-1">music player</text>
      <target FeatureID="-1" href="MUS_HLP_DOWNLOAD_PLAYBACK_VIEW.html">Play music on web</target>
      <target FeatureID="-1" href="MUS_HLP_LIB_MAIN_VIEW.html">Music library</target>
   </keywords>
   <keywords>
      <text FeatureID="-1">basu pastiprinātājs</text>
      <target FeatureID="-1" href="MUS_HLP_AUDIO_SETT.html">Audio uzstādījumi</target>
   </keywords>
   <keywords>
      <text FeatureID="-1">stereo paplašināšana</text>
      <target FeatureID="-1" href="MUS_HLP_AUDIO_SETT.html">Audio uzstādījumi</target>
   </keywords>
</keywords>