<?xml version="1.0" encoding="UTF-8"?>
<keywords>
   <keywords>
      <text FeatureID="-1">descriptografar, cartão de memória</text>
      <target FeatureID="-1" href="ES_HLP_ENCRYPTION_DECRYPT.html">Descriptografar o cartão de memória</target>
   </keywords>
   <keywords>
      <text FeatureID="-1">criptografar, cartão de memória</text>
      <target FeatureID="-1" href="ES_HLP_ENCRYPTION_ENCRYPT.html">Criptografar o cartão de memória</target>
   </keywords>
   <keywords>
      <text FeatureID="-1">criptografar, memória do dispositivo e cartão de memória</text>
      <target FeatureID="-1" href="ES_HLP_ENCRYPTION_MAIN.html">Criptografar ou descriptografar</target>
   </keywords>
   <keywords>
      <text FeatureID="-1">descriptografar, memória do dispositivo e cartão de memória</text>
      <target FeatureID="-1" href="ES_HLP_ENCRYPTION_MAIN.html">Criptografar ou descriptografar</target>
   </keywords>
</keywords>