<?xml version="1.0" encoding="UTF-8"?>
<keywords>
   <keywords>
      <text FeatureID="-1">ρυθμίσεις λογαριασμού e-mail</text>
      <target FeatureID="-1" href="FSE_HLP_IMS_SETTINGS_ACCT_INFO.html">Ρυθμίσεις λογαριασμού e-mail</target>
   </keywords>
   <keywords>
      <text FeatureID="-1">προχωρημένες ρυθμίσεις γραμματοκιβωτίου</text>
      <target FeatureID="-1" href="FSE_HLP_IMS_SETTINGS_ADVANCED.html">Προχωρημένες ρυθμίσεις γραμματοκιβωτίου</target>
   </keywords>
   <keywords>
      <text FeatureID="-1">ρυθμίσεις γραμματοκιβωτίου</text>
      <target FeatureID="-1" href="FSE_HLP_IMS_SETTINGS_MAILBOX.html">Ρυθμίσεις γραμματοκιβωτίου</target>
   </keywords>
   <keywords>
      <text FeatureID="-1">περιεχόμενο συγχρονισμού e-mail</text>
      <target FeatureID="-1" href="FSE_HLP_IMS_SETTINGS_WHAT_SYNC.html">Ορισμός περιεχομένου συγχρονισμού</target>
   </keywords>
   <keywords>
      <text FeatureID="-1">χρόνος συγχρονισμού e-mail</text>
      <target FeatureID="-1" href="FSE_HLP_IMS_SETTINGS_WHEN_SYNC.html">Ορισμός ώρας συγχρονισμού</target>
   </keywords>
   <keywords>
      <text FeatureID="-1">συγχρονισμός φακέλων e-mail</text>
      <target FeatureID="-1" href="FSE_HLP_IMS_SETTINGS_FOLDER.html">Συγχρονισμός φακέλων e-mail</target>
   </keywords>
   <keywords>
      <text FeatureID="-1">ρυθμίσεις υπηρεσίας e-mail</text>
      <target FeatureID="-1" href="FSE_HLP_SETTINGS_INTELL_LIST.html">Ρυθμίσεις υπηρεσίας e-mail</target>
   </keywords>
   <keywords>
      <text FeatureID="-1">ρυθμίσεις e-mail</text>
      <target FeatureID="-1" href="FSE_HLP_IMS_SETTINGS_MAIN_VIEW.html">Ρυθμίσεις e-mail</target>
   </keywords>
   <keywords>
      <text FeatureID="-1">Intellisync</text>
      <target FeatureID="-1" href="FSE_HLP_IMS_LAUNCHER_MAIN_VIEW.html">Ε-mail Intellisync </target>
   </keywords>
</keywords>