<?xml version="1.0" encoding="UTF-8"?>
<keywords>
   <keywords>
      <text FeatureID="true_1604">text input</text>
      <target FeatureID="true_1604" href="HWR_HLP_MAIN_VIEW.html">Rašysenos atpažinimas</target>
   </keywords>
   <keywords>
      <text FeatureID="true_1604">rašysenos atpažinimas</text>
      <target FeatureID="true_1604" href="HWR_HLP_MAIN_VIEW.html">Rašysenos atpažinimas</target>
   </keywords>
   <keywords>
      <text FeatureID="true_1603 true_410">jutiklinė įvestis</text>
      <target FeatureID="true_1603" href="VQWERTY_HLP_MAIN_VIEW.html">Virtualioji klaviatūra</target>
      <target FeatureID="true_410" href="VITU_HLP_MAIN_VIEW.html">Virtualioji klaviatūra</target>
   </keywords>
   <keywords>
      <text FeatureID="true_410">virtualioji klaviatūra</text>
      <target FeatureID="true_410" href="VITU_HLP_MAIN_VIEW.html">Virtualioji klaviatūra</target>
   </keywords>
</keywords>