<?xml version="1.0" encoding="UTF-8"?>
<keywords>
   <keywords>
      <text FeatureID="-1">dienstbericht, instellingen</text>
      <target FeatureID="-1" href="WPUSH_HLP_SETTINGS.html">Instellingen dienstberichten</target>
   </keywords>
   <keywords>
      <text FeatureID="-1">push-berichten</text>
      <target FeatureID="-1" href="WPUSH_HLP_VIEWER.html">Dienstberichten weergeven</target>
   </keywords>
   <keywords>
      <text FeatureID="-1">dienstberichten</text>
      <target FeatureID="-1" href="WPUSH_HLP_VIEWER.html">Dienstberichten weergeven</target>
   </keywords>
</keywords>