<?xml version="1.0" encoding="UTF-8"?>
<keywords>
   <keywords>
      <text FeatureID="-1">Quickoffice, bestandsbeheer</text>
      <target FeatureID="-1" href="QFM_HLP_FILE_MENU.html">Bestandsbeheer</target>
   </keywords>
   <keywords>
      <text FeatureID="-1">Quickoffice</text>
      <target FeatureID="-1" href="QFM_HLP_LOC_MENU.html">Quickoffice</target>
   </keywords>
   <keywords>
      <text FeatureID="-1">Quickpoint, tekst zoeken</text>
      <target FeatureID="-1" href="QPOINT_HLP_FIND_VIEW.html">Overzichtstekst zoeken</target>
   </keywords>
   <keywords>
      <text FeatureID="-1">Quickpoint, notities</text>
      <target FeatureID="-1" href="QPOINT_HLP_VIEW_NOTES_VIEW.html">Notities weergeven</target>
   </keywords>
   <keywords>
      <text FeatureID="-1">Quickpoint, overzichten</text>
      <target FeatureID="-1" href="QPOINT_HLP_VIEW_OUTLINE_VIEW.html">Overzichten weergeven</target>
   </keywords>
   <keywords>
      <text FeatureID="-1">Quickpoint</text>
      <target FeatureID="-1" href="QPOINT_HLP_VIEW_SLIDE_VIEW.html">Dia's weergeven</target>
   </keywords>
   <keywords>
      <text FeatureID="-1">Quicksheet, tekst zoeken</text>
      <target FeatureID="-1" href="QSHEET_HLP_FIND_VIEW.html">Tekst in een spreadsheet zoeken</target>
   </keywords>
   <keywords>
      <text FeatureID="-1">Quicksheet, cellen</text>
      <target FeatureID="-1" href="QSHEET_HLP_VIEW_CELL.html">Cellen weergeven</target>
   </keywords>
   <keywords>
      <text FeatureID="-1">Quickword, tekst zoeken</text>
      <target FeatureID="-1" href="QWORD_HLP_FIND_MODE.html">Tekst zoeken</target>
   </keywords>
   <keywords>
      <text FeatureID="-1">Quickword</text>
      <target FeatureID="-1" href="QWORD_HLP_VIEW_MODE.html">Documenten weergeven</target>
   </keywords>
   <keywords>
      <text FeatureID="-1">Quickword, pagina-indeling</text>
      <target FeatureID="-1" href="QWORD_HLP_PAGE_VIEW.html">Pagina-indeling weergeven</target>
   </keywords>
</keywords>