<?xml version="1.0" encoding="UTF-8"?>
<keywords>
   <keywords>
      <text FeatureID="-1">Quickoffice, bestandsbeheer</text>
      <target FeatureID="-1" href="QFM_HLP_FILE_MENU.html">Bestandsbeheer</target>
   </keywords>
   <keywords>
      <text FeatureID="-1">Quickoffice</text>
      <target FeatureID="-1" href="QFM_HLP_LOC_MENU.html">Quickoffice</target>
   </keywords>
   <keywords>
      <text FeatureID="-1">Quickpoint</text>
      <target FeatureID="-1" href="QPOINT_HLP_EDIT_SLIDE_VIEW.html">Dia's bewerken</target>
      <target FeatureID="-1" href="QPOINT_HLP_REPLACE_VIEW.html">Tekst zoeken en vervangen</target>
      <target FeatureID="-1" href="QPOINT_HLP_FIND_VIEW.html">Tekst zoeken</target>
      <target FeatureID="-1" href="QPOINT_HLP_VIEW_SLIDE_VIEW.html">Dia's weergeven</target>
   </keywords>
   <keywords>
      <text FeatureID="-1">Quickpoint, tekst</text>
      <target FeatureID="-1" href="QPOINT_HLP_EDIT_TEXT_VIEW.html">Tekst bewerken</target>
   </keywords>
   <keywords>
      <text FeatureID="-1">Quickpoint, opmerkingen</text>
      <target FeatureID="-1" href="QPOINT_HLP_COMMENT_VIEW.html">Opmerkingen weergeven</target>
   </keywords>
   <keywords>
      <text FeatureID="-1">Quickpoint, notities</text>
      <target FeatureID="-1" href="QPOINT_HLP_VIEW_NOTES_VIEW.html">Notities weergeven</target>
   </keywords>
   <keywords>
      <text FeatureID="-1">Quickpoint, overzichten</text>
      <target FeatureID="-1" href="QPOINT_HLP_VIEW_OUTLINE_VIEW.html">Overzichten weergeven</target>
   </keywords>
   <keywords>
      <text FeatureID="-1">Quicksheet, cellen</text>
      <target FeatureID="-1" href="QSHEET_HLP_CELLS_EDIT.html">Cellen bewerken</target>
      <target FeatureID="-1" href="QSHEET_HLP_VIEW_CELL.html">Cellen weergeven</target>
   </keywords>
   <keywords>
      <text FeatureID="-1">Quicksheet, kolommen</text>
      <target FeatureID="-1" href="QSHEET_HLP_EDIT_COLUMN.html">Kolommen bewerken</target>
   </keywords>
   <keywords>
      <text FeatureID="-1">Quicksheet, bereiken</text>
      <target FeatureID="-1" href="QSHEET_HLP_EDIT_RANGE.html">Bereiken bewerken</target>
   </keywords>
   <keywords>
      <text FeatureID="-1">Quicksheet, rijen</text>
      <target FeatureID="-1" href="QSHEET_HLP_EDIT_ROW.html">Rijen bewerken</target>
   </keywords>
   <keywords>
      <text FeatureID="-1">Quicksheet</text>
      <target FeatureID="-1" href="QSHEET_HLP_REPLACE_VIEW.html">Tekst zoeken en vervangen</target>
      <target FeatureID="-1" href="QSHEET_HLP_FIND_VIEW.html">Tekst zoeken</target>
      <target FeatureID="-1" href="QSHEET_HLP_CELLS_VIEW.html">Spreadsheets weergeven</target>
   </keywords>
   <keywords>
      <text FeatureID="-1">Quickword</text>
      <target FeatureID="-1" href="QWORD_HLP_EDIT_MODE.html">Documenten bewerken</target>
      <target FeatureID="-1" href="QWORD_HLP_FIND_MODE.html">Tekst zoeken en vervangen</target>
      <target FeatureID="-1" href="QWORD_HLP_VIEW_MODE.html">Documenten weergeven</target>
      <target FeatureID="-1" href="QWORD_HLP_PAGE_VIEW.html">Pagina-indeling weergeven</target>
   </keywords>
</keywords>