<?xml version="1.0" encoding="UTF-8"?>
<keywords>
   <keywords>
      <text FeatureID="-1">cell broadcast messages</text>
      <target FeatureID="-1" href="CBS_HLP_TOPIC_VIEW.html">Cell broadcast messages</target>
      <target FeatureID="-1" href="CBS_HLP_MAIN.html">Cell broadcast topics</target>
      <target FeatureID="-1" href="CBS_HLP_MSG.html">View CBS messages</target>
   </keywords>
   <keywords>
      <text FeatureID="-1">cell broadcast topics</text>
      <target FeatureID="-1" href="CBS_HLP_MAIN.html">Cell broadcast topics</target>
   </keywords>
</keywords>