<?xml version="1.0" encoding="UTF-8"?>
<keywords>
   <keywords>
      <text FeatureID="-1">audio gaiak</text>
      <target FeatureID="-1" href="AUDIOTHEME_HLP_EVENTGROUPS.html">Audio gaiak aldatu</target>
      <target FeatureID="-1" href="SET_HLP_AUDIO_THEME_EVENTSLIST.html">Telefonoko soinuak</target>
   </keywords>
   <keywords>
      <text FeatureID="-1">gailua pertsonalizatzen</text>
      <target FeatureID="-1" href="AUDIOTHEME_HLP_EVENTGROUPS.html">Audio gaiak aldatu</target>
      <target FeatureID="-1" href="SET_HLP_AUDIO_THEME_EVENTSLIST.html">Telefonoko soinuak</target>
   </keywords>
   <keywords>
      <text FeatureID="-1">gailua soinuak</text>
      <target FeatureID="-1" href="AUDIOTHEME_HLP_EVENTGROUPS.html">Audio gaiak aldatu</target>
      <target FeatureID="-1" href="SET_HLP_AUDIO_THEME_EVENTSLIST.html">Telefonoko soinuak</target>
   </keywords>
</keywords>