<?xml version="1.0" encoding="UTF-8"?>
<keywords>
   <keywords>
      <text FeatureID="-1">naujinti programinę įrangą</text>
      <target FeatureID="-1" href="SWUPDATE_HLP_MAIN.html">Programinės įrangos naujinimas</target>
   </keywords>
   <keywords>
      <text FeatureID="-1">programinės įrangos naujinimas</text>
      <target FeatureID="-1" href="SWUPDATE_HLP_MAIN.html">Programinės įrangos naujinimas</target>
   </keywords>
   <keywords>
      <text FeatureID="-1">programinės įrangos naujinimo parametrai</text>
      <target FeatureID="-1" href="SWUPDATE_HLP_SETTINGS.html">Programinės įrangos naujinimo parametrai</target>
   </keywords>
</keywords>