<?xml version="1.0" encoding="UTF-8"?>
<keywords>
   <keywords>
      <text FeatureID="-1">προσαρμογή προφίλ</text>
      <target FeatureID="-1" href="MODE_HLP_PERSONALISE.html">Προσαρμογή προφίλ</target>
   </keywords>
   <keywords>
      <text FeatureID="-1">ρυθμίσεις ήχων</text>
      <target FeatureID="-1" href="SET_HLP_PERSONAL_TONES.html">Ρυθμίσεις ήχων</target>
   </keywords>
   <keywords>
      <text FeatureID="-1">ήχοι κλήσης</text>
      <target FeatureID="-1" href="SET_HLP_PERSONAL_TONES.html">Ρυθμίσεις ήχων</target>
   </keywords>
   <keywords>
      <text FeatureID="-1">προφίλ</text>
      <target FeatureID="-1" href="MODE_HLP_PROFILES_LIST.html">Προφίλ</target>
   </keywords>
   <keywords>
      <text FeatureID="-1">αλλαγή προφίλ</text>
      <target FeatureID="-1" href="MODE_HLP_PROFILES_LIST.html">Προφίλ</target>
   </keywords>
</keywords>