<?xml version="1.0" encoding="UTF-8"?>
<keywords>
   <keywords>
      <text FeatureID="true_1604">text input</text>
      <target FeatureID="true_1604" href="HWR_HLP_MAIN_VIEW.html">تشخیص دست نویس</target>
   </keywords>
   <keywords>
      <text FeatureID="true_1604">تشخیص دست خط</text>
      <target FeatureID="true_1604" href="HWR_HLP_MAIN_VIEW.html">تشخیص دست نویس</target>
   </keywords>
   <keywords>
      <text FeatureID="true_1603 true_410">ورودی لمسی</text>
      <target FeatureID="true_1603" href="VQWERTY_HLP_MAIN_VIEW.html">صفحه کلید مجازی</target>
      <target FeatureID="true_410" href="VITU_HLP_MAIN_VIEW.html">صفحه کلید مجازی</target>
   </keywords>
   <keywords>
      <text FeatureID="true_410">صفحه کلید مجازی</text>
      <target FeatureID="true_410" href="VITU_HLP_MAIN_VIEW.html">صفحه کلید مجازی</target>
   </keywords>
</keywords>