<?xml version="1.0" encoding="UTF-8"?>
<keywords>
   <keywords>
      <text FeatureID="-1">naptár</text>
      <target FeatureID="-1" href="CALE_HLP_NOTE_VIEWER.html">Naptári bejegyzések</target>
      <target FeatureID="-1" href="CALE_HLP_DAY_VIEW.html">Napi nézet</target>
      <target FeatureID="-1" href="CALE_HLP_NOTE_MEETING.html">Találkozóbejegyzés</target>
      <target FeatureID="-1" href="CALE_HLP_MONTH_VIEW.html">Havi nézet</target>
      <target FeatureID="-1" href="CALE_HLP_TODO_NOTE.html">Teendőbejegyzések</target>
      <target FeatureID="-1" href="CALE_HLP_TODO_VIEW.html">Teendőnézet</target>
      <target FeatureID="-1" href="CALE_HLP_WEEK_VIEW.html">Heti nézet</target>
      <target FeatureID="-1" href="CALE_HLP_CALENDAR_DATABASE_SETTINGS.html">Több naptár beállítása</target>
      <target FeatureID="-1" href="CALE_HLP_CALE_MAN_VIEW.html">Naptárok kezelési nézete</target>
      <target FeatureID="-1" href="CALE_HLP_ATTACH_VIEW.html">Melléklet nézet</target>
      <target FeatureID="-1" href="CALE_HLP_MAV.html">Elszalasztott jelzések megtekintése</target>
   </keywords>
   <keywords>
      <text FeatureID="-1">találkozók</text>
      <target FeatureID="-1" href="CALE_HLP_NOTE_VIEWER.html">Naptári bejegyzések</target>
      <target FeatureID="-1" href="CALE_HLP_NOTE_MEETING.html">Találkozóbejegyzés</target>
   </keywords>
   <keywords>
      <text FeatureID="-1">teendőjegyzetek</text>
      <target FeatureID="-1" href="CALE_HLP_NOTE_VIEWER.html">Naptári bejegyzések</target>
      <target FeatureID="-1" href="CALE_HLP_TODO_NOTE.html">Teendőbejegyzések</target>
   </keywords>
   <keywords>
      <text FeatureID="-1">naptár beállításai</text>
      <target FeatureID="-1" href="CALE_HLP_SETTINGS.html">Naptár beállításai</target>
   </keywords>
   <keywords>
      <text FeatureID="-1">teendőlista</text>
      <target FeatureID="-1" href="CALE_HLP_TODO_VIEW.html">Teendőnézet</target>
   </keywords>
   <keywords>
      <text FeatureID="-1">beállítások, naptár</text>
      <target FeatureID="-1" href="CALE_HLP_CALENDAR_DATABASE_SETTINGS.html">Több naptár beállítása</target>
   </keywords>
   <keywords>
      <text FeatureID="-1">mellékletek</text>
      <target FeatureID="-1" href="CALE_HLP_ATTACH_VIEW.html">Melléklet nézet</target>
   </keywords>
   <keywords>
      <text FeatureID="-1">jelzések, naptárjegyzet</text>
      <target FeatureID="-1" href="CALE_HLP_MAV.html">Elszalasztott jelzések megtekintése</target>
   </keywords>
</keywords>