<?xml version="1.0" encoding="UTF-8"?>
<keywords>
   <keywords>
      <text FeatureID="-1">مبادلاتی شرحیں</text>
      <target FeatureID="-1" href="CNV_HLP_RATES.html">کرنسی کی ترتیبات</target>
   </keywords>
   <keywords>
      <text FeatureID="-1">بنیادی کرنسی</text>
      <target FeatureID="-1" href="CNV_HLP_RATES.html">کرنسی کی ترتیبات</target>
   </keywords>
   <keywords>
      <text FeatureID="-1">کرنسی کی تبدیلی</text>
      <target FeatureID="-1" href="CNV_HLP_RATES.html">کرنسی کی ترتیبات</target>
   </keywords>
   <keywords>
      <text FeatureID="-1">کنورٹر</text>
      <target FeatureID="-1" href="CNV_HLP_MAIN_STATE.html">اکائي تبديل</target>
   </keywords>
   <keywords>
      <text FeatureID="-1">تبدیل کنندہ زر مبادلہ</text>
      <target FeatureID="-1" href="CNV_HLP_MAIN_STATE.html">اکائي تبديل</target>
   </keywords>
</keywords>