<?xml version="1.0" encoding="UTF-8"?><?xml-stylesheet  href="../../theme/xsl/index2html.xslt" type="text/xsl"?>
<topics FeatureID="-1" title="Telefonkönyv" compressed="true">
   <topicref FeatureID="-1" href="FDN_HLP_FDN_NUM_EDIT_VIEW.html" navtitle="Névjegyek szerkesztése"/>
   <topicref FeatureID="-1" href="FDN_HLP_FDN_NUMBER_VIEW.html" navtitle="Rögzített tárcsázású névjegyek"/>
   <topicref FeatureID="-1" href="FDN_HLP_FDN_VIEW.html" navtitle="Hívások korlátozása"/>
   <topicref FeatureID="-1" href="SDN_HLP_APP.html" navtitle="Szolg. számai"/>
   <topicref FeatureID="-1" href="HLP_CCA_DETAILS.html" navtitle="Névjegyadatok"/>
   <topicref FeatureID="-1" href="HLP_CCA_EDITOR.html" navtitle="Névjegyek szerkesztése"/>
   <topicref FeatureID="-1" href="HLP_CCA_LAUNCHER.html" navtitle="Névjegyek"/>
   <topicref FeatureID="-1" href="PHOB_HLP_GROUP_LIST.html" navtitle="Hívócsoportok"/>
   <topicref FeatureID="-1" href="PHOB_HLP_SIM_LIST.html" navtitle="SIM-névjegyek könyvtára"/>
   <topicref FeatureID="-1" href="PHOB_HLP_MY_NUMBERS.html" navtitle="Saját számok"/>
   <topicref FeatureID="-1" href="PHOB_HLP_GROUP_MEMBER_LIST.html" navtitle="Csoporttagok"/>
   <topicref FeatureID="-1" href="PHOB_HLP_SETTINGS.html" navtitle="Névjegyzék beállításai"/>
   <topicref FeatureID="-1" href="PHOB_HLP_NAME_LIST.html" navtitle="Névjegyzék könyvtár"/>
</topics>