<?xml version="1.0" encoding="UTF-8"?>
<keywords>
   <keywords>
      <text FeatureID="-1">rögzített tárcsázás</text>
      <target FeatureID="-1" href="FDN_HLP_FDN_NUM_EDIT_VIEW.html">Névjegyek szerkesztése</target>
      <target FeatureID="-1" href="FDN_HLP_FDN_NUMBER_VIEW.html">Rögzített tárcsázású névjegyek</target>
      <target FeatureID="-1" href="FDN_HLP_FDN_VIEW.html">Hívások korlátozása</target>
   </keywords>
   <keywords>
      <text FeatureID="-1">hívások korlátozása</text>
      <target FeatureID="-1" href="FDN_HLP_FDN_VIEW.html">Hívások korlátozása</target>
   </keywords>
   <keywords>
      <text FeatureID="-1">szolg. tel.számai</text>
      <target FeatureID="-1" href="SDN_HLP_APP.html">Szolg. számai</target>
   </keywords>
   <keywords>
      <text FeatureID="-1">SIM-szolg. számai</text>
      <target FeatureID="-1" href="SDN_HLP_APP.html">Szolg. számai</target>
   </keywords>
   <keywords>
      <text FeatureID="-1">szolg.számok a SIM-kártyán</text>
      <target FeatureID="-1" href="SDN_HLP_APP.html">Szolg. számai</target>
   </keywords>
   <keywords>
      <text FeatureID="-1">hívócsoport</text>
      <target FeatureID="-1" href="PHOB_HLP_GROUP_LIST.html">Hívócsoportok</target>
      <target FeatureID="-1" href="PHOB_HLP_GROUP_MEMBER_LIST.html">Csoporttagok</target>
   </keywords>
   <keywords>
      <text FeatureID="-1">SIM-kártya, névjegyek</text>
      <target FeatureID="-1" href="PHOB_HLP_SIM_LIST.html">SIM-névjegyek könyvtára</target>
   </keywords>
   <keywords>
      <text FeatureID="-1">SIM-kártyán lévő telefonszámok</text>
      <target FeatureID="-1" href="PHOB_HLP_MY_NUMBERS.html">Saját számok</target>
   </keywords>
   <keywords>
      <text FeatureID="-1">névsorrend Névjegyzékben</text>
      <target FeatureID="-1" href="PHOB_HLP_SETTINGS.html">Névjegyzék beállításai</target>
   </keywords>
   <keywords>
      <text FeatureID="-1">névjegyzék-memória</text>
      <target FeatureID="-1" href="PHOB_HLP_SETTINGS.html">Névjegyzék beállításai</target>
   </keywords>
   <keywords>
      <text FeatureID="-1">alapértelmezett memória</text>
      <target FeatureID="-1" href="PHOB_HLP_SETTINGS.html">Névjegyzék beállításai</target>
   </keywords>
   <keywords>
      <text FeatureID="-1">névjegyzék könyvtár</text>
      <target FeatureID="-1" href="PHOB_HLP_NAME_LIST.html">Névjegyzék könyvtár</target>
   </keywords>
   <keywords>
      <text FeatureID="-1">névjegyadatok</text>
      <target FeatureID="-1" href="PHOB_HLP_NAME_LIST.html">Névjegyzék könyvtár</target>
   </keywords>
   <keywords>
      <text FeatureID="-1">telefonkönyv</text>
      <target FeatureID="-1" href="PHOB_HLP_NAME_LIST.html">Névjegyzék könyvtár</target>
   </keywords>
</keywords>