<?xml version="1.0" encoding="UTF-8"?><?xml-stylesheet  href="../../theme/xsl/index2html.xslt" type="text/xsl"?>
<topics FeatureID="-1" title="Valokuvat" compressed="true">
   <topicref FeatureID="-1" href="LGAL_HLP_ALBUM_LIST.html" navtitle="Albumit"/>
   <topicref FeatureID="-1" href="LGAL_HLP_ALL_GRID.html" navtitle="Kaikkien mediatiedostojen selaus"/>
   <topicref FeatureID="-1" href="LGAL_HLP_ALBUM_GRID.html" navtitle="Mediatiedostojen selailu Albumit-kansiossa"/>
   <topicref FeatureID="-1" href="LGAL_HLP_TAGS_GRID.html" navtitle="Merkittyjen mediatiedostojen selailu"/>
   <topicref FeatureID="-1" href="LGAL_HLP_DETAILS_VIEW.html" navtitle="Tiedoston tietojen tarkastelu ja muokkaus"/>
   <topicref FeatureID="-1" href="LGAL_HLP_TAGS_BROWSER.html" navtitle="Tunnisteet"/>
   <topicref FeatureID="-1" href="LGAL_HLP_MONTH_FULLSCREEN.html" navtitle="Mediatiedostojen tarkastelu kuukauden mukaan"/>
   <topicref FeatureID="-1" href="LGAL_HLP_MONTH_GRID.html" navtitle="Mediatiedostojen selailu kuukauden mukaan"/>
   <topicref FeatureID="-1" href="LGAL_HLP_VIEW_LIST.html" navtitle="Valokuvat"/>
   <topicref FeatureID="-1" href="LGAL_HLP_MONTH_LIST.html" navtitle="Kuukaudet"/>
   <topicref FeatureID="-1" href="LGAL_HLP_SLIDESHOW_SETTINGS.html" navtitle="Diaesityksen asetukset"/>
   <topicref FeatureID="-1" href="LGAL_HLP_ALL_FULLSCREEN.html" navtitle="Kaikkien mediatiedostojen tarkastelu"/>
   <topicref FeatureID="-1" href="LGAL_HLP_ALBUM_FULLSCREEN.html" navtitle="Mediatiedostojen tarkastelu albumeissa"/>
   <topicref FeatureID="-1" href="LGAL_HLP_TAGS_FULLSCREEN.html" navtitle="Tunnisteita sisältävien mediatiedostojen katselu"/>
</topics>