<?xml version="1.0" encoding="UTF-8"?>
<keywords>
   <keywords>
      <text FeatureID="-1">Valokuvat</text>
      <target FeatureID="-1" href="LGAL_HLP_ALBUM_LIST.html">Albumit</target>
      <target FeatureID="-1" href="LGAL_HLP_ALL_GRID.html">Kaikkien mediatiedostojen selaus</target>
      <target FeatureID="-1" href="LGAL_HLP_ALBUM_GRID.html">Mediatiedostojen selailu Albumit-kansiossa</target>
      <target FeatureID="-1" href="LGAL_HLP_TAGS_GRID.html">Merkittyjen mediatiedostojen selailu</target>
      <target FeatureID="-1" href="LGAL_HLP_DETAILS_VIEW.html">Tiedoston tietojen tarkastelu ja muokkaus</target>
      <target FeatureID="-1" href="LGAL_HLP_TAGS_BROWSER.html">Tunnisteet</target>
      <target FeatureID="-1" href="LGAL_HLP_MONTH_FULLSCREEN.html">Mediatiedostojen tarkastelu kuukauden mukaan</target>
      <target FeatureID="-1" href="LGAL_HLP_MONTH_GRID.html">Mediatiedostojen selailu kuukauden mukaan</target>
      <target FeatureID="-1" href="LGAL_HLP_VIEW_LIST.html">Valokuvat</target>
      <target FeatureID="-1" href="LGAL_HLP_MONTH_LIST.html">Kuukaudet</target>
      <target FeatureID="-1" href="LGAL_HLP_SLIDESHOW_SETTINGS.html">Diaesityksen asetukset</target>
      <target FeatureID="-1" href="LGAL_HLP_ALL_FULLSCREEN.html">Kaikkien mediatiedostojen tarkastelu</target>
      <target FeatureID="-1" href="LGAL_HLP_ALBUM_FULLSCREEN.html">Mediatiedostojen tarkastelu albumeissa</target>
      <target FeatureID="-1" href="LGAL_HLP_TAGS_FULLSCREEN.html">Tunnisteita sisältävien mediatiedostojen katselu</target>
   </keywords>
   <keywords>
      <text FeatureID="-1">albumit</text>
      <target FeatureID="-1" href="LGAL_HLP_ALBUM_LIST.html">Albumit</target>
      <target FeatureID="-1" href="LGAL_HLP_ALBUM_GRID.html">Mediatiedostojen selailu Albumit-kansiossa</target>
      <target FeatureID="-1" href="LGAL_HLP_VIEW_LIST.html">Valokuvat</target>
      <target FeatureID="-1" href="LGAL_HLP_ALBUM_FULLSCREEN.html">Mediatiedostojen tarkastelu albumeissa</target>
   </keywords>
   <keywords>
      <text FeatureID="-1">tunnisteet</text>
      <target FeatureID="-1" href="LGAL_HLP_TAGS_GRID.html">Merkittyjen mediatiedostojen selailu</target>
      <target FeatureID="-1" href="LGAL_HLP_TAGS_BROWSER.html">Tunnisteet</target>
      <target FeatureID="-1" href="LGAL_HLP_VIEW_LIST.html">Valokuvat</target>
      <target FeatureID="-1" href="LGAL_HLP_TAGS_FULLSCREEN.html">Tunnisteita sisältävien mediatiedostojen katselu</target>
   </keywords>
   <keywords>
      <text FeatureID="-1">diaesitys</text>
      <target FeatureID="-1" href="LGAL_HLP_SLIDESHOW_SETTINGS.html">Diaesityksen asetukset</target>
   </keywords>
</keywords>