<?xml version="1.0" encoding="UTF-8"?>
<keywords>
   <keywords>
      <text FeatureID="-1">pangangasiwa ng aparato</text>
      <target FeatureID="-1" href="CP_HLP_DEVICE_MANAGEMENT.html">Pangangasiwa ng aparato</target>
   </keywords>
   <keywords>
      <text FeatureID="true_109">EAP (Extensible Authentication Protocol)</text>
      <target FeatureID="true_109" href="SET_HLP_WLAN_EAP_SIM.html">Mga setting ng EAP-SIM</target>
   </keywords>
   <keywords>
      <text FeatureID="true_109">mga setting, WLAN</text>
      <target FeatureID="true_109" href="SET_HLP_WLAN_EAP_SIM.html">Mga setting ng EAP-SIM</target>
   </keywords>
   <keywords>
      <text FeatureID="-1">ipinagbabawal na mga access point</text>
      <target FeatureID="-1" href="ACL_HLP_MAIN.html">Limitahan ang mga koneksyon</target>
   </keywords>
   <keywords>
      <text FeatureID="-1">mga setting ng koneksyon</text>
      <target FeatureID="-1" href="SET_HLP_CONN_DEST_VIEW.html">View ng mga patutunguhan</target>
      <target FeatureID="-1" href="SET_HLP_DEFAULT_CONN.html">Default na koneksyon</target>
      <target FeatureID="-1" href="SET_HLP_CONN_METHODS_VIEW.html">View ng access points</target>
      <target FeatureID="true_1537" href="RD_HLP_REMOTE_DRIVE_CONFIG.html">Mga setting ng remote drive</target>
      <target FeatureID="true_1537" href="RD_HLP_REMOTE_DRIVES.html">Mga remote drive</target>
   </keywords>
   <keywords>
      <text FeatureID="-1">mga setting ng patutunguhan</text>
      <target FeatureID="-1" href="SET_HLP_CONN_DEST_VIEW.html">View ng mga patutunguhan</target>
   </keywords>
   <keywords>
      <text FeatureID="-1">default na koneksyon</text>
      <target FeatureID="-1" href="SET_HLP_DEFAULT_CONN.html">Default na koneksyon</target>
   </keywords>
   <keywords>
      <text FeatureID="-1">Mga access point ng VPN</text>
      <target FeatureID="true_99" href="SET_HLP_VPN_DEST_ASSOC_VIEW.html">Mga koneksyong VPN</target>
      <target FeatureID="-1" href="SET_HLP_VPN_AP_SETTINGS_VIEW.html">I-edit ang mga access point ng VPN</target>
   </keywords>
   <keywords>
      <text FeatureID="-1">mga access point</text>
      <target FeatureID="-1" href="SET_HLP_CONN_METHODS_VIEW.html">View ng access points</target>
   </keywords>
   <keywords>
      <text FeatureID="-1">mga koneksyon ng application</text>
      <target FeatureID="-1" href="SET_HLP_APP_DEST_ASSOC_VIEW.html">Mga koneksyon ng application</target>
   </keywords>
   <keywords>
      <text FeatureID="-1">mga setting ng application</text>
      <target FeatureID="-1" href="CP_HLP_APPILICATION_SETTINGS.html">Mga setting ng application</target>
   </keywords>
   <keywords>
      <text FeatureID="-1">mga tawag, mga setting</text>
      <target FeatureID="-1" href="SCP_HLP_CALL.html">Mga setting ng tawag</target>
   </keywords>
   <keywords>
      <text FeatureID="-1">mga setting, mga tawag</text>
      <target FeatureID="-1" href="SCP_HLP_CALL.html">Mga setting ng tawag</target>
   </keywords>
   <keywords>
      <text FeatureID="-1">pagkakakunekta</text>
      <target FeatureID="-1" href="CP_HLP_CONNECTIVITY.html">Mga setting ng pagkakakonekta</target>
   </keywords>
   <keywords>
      <text FeatureID="-1">control panel</text>
      <target FeatureID="-1" href="CP_HLP_DISPLAY.html">Mga setting ng display</target>
      <target FeatureID="-1" href="CP_HLP_IDLE.html">Home screen</target>
      <target FeatureID="__DUAL_LANGUAGE_SUPPORT=true" href="CP_HLP_WRITING_LANGUAGE.html">Wika sa pag-sulat</target>
   </keywords>
   <keywords>
      <text FeatureID="-1">mga setting ng display</text>
      <target FeatureID="-1" href="CP_HLP_DISPLAY.html">Mga setting ng display</target>
   </keywords>
   <keywords>
      <text FeatureID="-1">mga pangkalahatang setting</text>
      <target FeatureID="-1" href="CP_HLP_DEVICE.html">Mga setting ng aparato</target>
   </keywords>
   <keywords>
      <text FeatureID="-1">mga setting ng aparato</text>
      <target FeatureID="-1" href="CP_HLP_DEVICE.html">Mga setting ng aparato</target>
   </keywords>
   <keywords>
      <text FeatureID="-1">mga setting ng wika</text>
      <target FeatureID="-1" href="CP_HLP_LANGUAGE.html">Mga setting ng wika</target>
   </keywords>
   <keywords>
      <text FeatureID="-1">mga setting</text>
      <target FeatureID="-1" href="CP_HLP_MAIN_VIEW.html">Mga Setting</target>
   </keywords>
   <keywords>
      <text FeatureID="-1">mga setting ng network</text>
      <target FeatureID="-1" href="CP_HLP_NETWORK.html">Mga setting ng network</target>
      <target FeatureID="-1" href="CP_HLP_NETWORK.html">Mga setting ng network</target>
   </keywords>
   <keywords>
      <text FeatureID="-1">profile</text>
      <target FeatureID="-1" href="CP_HLP_PERSONAL.html">Personal na view</target>
   </keywords>
   <keywords>
      <text FeatureID="-1">tema</text>
      <target FeatureID="-1" href="CP_HLP_PERSONAL.html">Personal na view</target>
   </keywords>
   <keywords>
      <text FeatureID="-1">standby</text>
      <target FeatureID="-1" href="CP_HLP_PERSONAL.html">Personal na view</target>
   </keywords>
   <keywords>
      <text FeatureID="-1">seguridad, mga setting</text>
      <target FeatureID="-1" href="CP_HLP_SECURITY.html">Mga setting ng seguridad</target>
   </keywords>
   <keywords>
      <text FeatureID="-1">mga setting, seguridad</text>
      <target FeatureID="-1" href="CP_HLP_SECURITY.html">Mga setting ng seguridad</target>
   </keywords>
   <keywords>
      <text FeatureID="-1">aparato, pag-lock</text>
      <target FeatureID="-1" href="SET_HLP_SECURITY_DEVICE_SIM.html">Seguridad ng aparato</target>
   </keywords>
   <keywords>
      <text FeatureID="-1">seguridad</text>
      <target FeatureID="-1" href="SET_HLP_SECURITY_DEVICE_SIM.html">Seguridad ng aparato</target>
   </keywords>
   <keywords>
      <text FeatureID="-1">mga setting ng home screen</text>
      <target FeatureID="-1" href="CP_HLP_IDLE.html">Home screen</target>
   </keywords>
   <keywords>
      <text FeatureID="__DUAL_LANGUAGE_SUPPORT=true">wika sa pag-sulat</text>
      <target FeatureID="__DUAL_LANGUAGE_SUPPORT=true" href="CP_HLP_WRITING_LANGUAGE.html">Wika sa pag-sulat</target>
   </keywords>
   <keywords>
      <text FeatureID="-1">ilaw na tagapaghiwatig</text>
      <target FeatureID="-1" href="ES_HLP_LIGHT_MAIN.html">Ilaw ng tagapaghiwatig</target>
      <target FeatureID="-1" href="ES_HLP_LIGHT_BLINKING.html">Mga setting ng ilaw ng tagapaghiwatig</target>
   </keywords>
   <keywords>
      <text FeatureID="-1">mga setting ng accessory</text>
      <target FeatureID="-1" href="SET_HLP_ACCESSORIES_LIST.html">Mga setting ng accessory</target>
      <target FeatureID="-1" href="SET_HLP_ACCESSORIES_HEADPHONE.html">Mga setting ng headphone</target>
      <target FeatureID="-1" href="SET_HLP_ACCESSORIES_HEADSET.html">Mga setting ng headset</target>
      <target FeatureID="-1" href="SET_HLP_ACCESS_WIRED_CK.html">Mga setting ng wired car kit</target>
      <target FeatureID="true_1032" href="SET_HLP_ACCESSORIES_TTY.html">Mga setting ng text phone</target>
      <target FeatureID="true_1540" href="SET_HLP_ACCESSORIES_TVOUT.html">Mga setting ng TV-out</target>
   </keywords>
   <keywords>
      <text FeatureID="-1">access point ng packet data</text>
      <target FeatureID="-1" href="SET_HLP_AP_SETTING_GPRS.html">Access point ng packet data</target>
   </keywords>
   <keywords>
      <text FeatureID="-1">mga setting ng packet data</text>
      <target FeatureID="-1" href="SET_HLP_AP_SETTING_GPRS_AS.html">Adv. sett. ng packet data</target>
   </keywords>
   <keywords>
      <text FeatureID="-1">mga access point ng packet data</text>
      <target FeatureID="-1" href="SET_HLP_AP_SETTING_GPRS_AS.html">Adv. sett. ng packet data</target>
   </keywords>
   <keywords>
      <text FeatureID="true_1088 true_110">mga access point ng data call</text>
      <target FeatureID="true_110" href="SET_HLP_AP_DATA_AS_IPV4.html">Mga setting ng data call IPv4</target>
      <target FeatureID="true_1088" href="SET_HLP_AP_DATA_AS_IPV6.html">Mga setting ng data call IPv4</target>
      <target FeatureID="true_110" href="SET_HLP_AP_SETTING_DATA_AS.html">Mga adv. setting ng data call</target>
   </keywords>
   <keywords>
      <text FeatureID="true_110">mga setting ng access point</text>
      <target FeatureID="true_110" href="SET_HLP_AP_SETTING_DATA.html">Access point ng data call</target>
      <target FeatureID="true_110" href="SET_HLP_AP_SETTING_DATA_AS.html">Mga adv. setting ng data call</target>
   </keywords>
   <keywords>
      <text FeatureID="true_110">mga setting ng data call</text>
      <target FeatureID="true_110" href="SET_HLP_AP_SETTING_DATA.html">Access point ng data call</target>
   </keywords>
   <keywords>
      <text FeatureID="-1">virtual private network</text>
      <target FeatureID="-1" href="SET_HLP_VPN_AP_SETTINGS_VIEW.html">I-edit ang mga access point ng VPN</target>
   </keywords>
   <keywords>
      <text FeatureID="-1">keyguard</text>
      <target FeatureID="-1" href="CP_HLP_AUTOKEYGUARD.html">Automatic keyguard</target>
   </keywords>
   <keywords>
      <text FeatureID="true_1537">mga remote drive</text>
      <target FeatureID="true_1537" href="RD_HLP_REMOTE_DRIVE_CONFIG.html">Mga setting ng remote drive</target>
      <target FeatureID="true_1537" href="RD_HLP_REMOTE_DRIVES.html">Mga remote drive</target>
   </keywords>
   <keywords>
      <text FeatureID="-1">paghahadlang sa tawag</text>
      <target FeatureID="-1" href="SET_HLP_BARRING_SETTINGS.html">Hadlangan ang mga tawag sa telepono</target>
      <target FeatureID="true_298" href="DIV_HLP_BARRING_MAIN.html">Hadlangan ang mga tawag</target>
   </keywords>
   <keywords>
      <text FeatureID="-1">paghahadlang sa mga tawag</text>
      <target FeatureID="-1" href="SET_HLP_BARRING_SETTINGS.html">Hadlangan ang mga tawag sa telepono</target>
      <target FeatureID="true_298" href="DIV_HLP_BARRING_MAIN.html">Hadlangan ang mga tawag</target>
   </keywords>
   <keywords>
      <text FeatureID="-1">paglilihis ng mga tawag</text>
      <target FeatureID="-1" href="DIV_HLP_CALL_FORW_MAIN.html">Paglihis ng tawag</target>
      <target FeatureID="-1" href="DIV_HLP_CALL_FORW_VOI.html">Maglihis ng mga boses na tawag</target>
   </keywords>
   <keywords>
      <text FeatureID="-1">pagpapasa ng mga tawag</text>
      <target FeatureID="-1" href="DIV_HLP_CALL_FORW_MAIN.html">Paglihis ng tawag</target>
   </keywords>
   <keywords>
      <text FeatureID="-1">mga setting sa pag-sychronise</text>
      <target FeatureID="-1" href="CP_HLP_SYNCHRONISATION.html">Mga setting sa pag-synchronize</target>
   </keywords>
   <keywords>
      <text FeatureID="-1">pag-install ng mga application</text>
      <target FeatureID="-1" href="CP_HLP_INSTALLATIONS.html">Mga pag-install</target>
   </keywords>
   <keywords>
      <text FeatureID="-1">mga setting ng headphone</text>
      <target FeatureID="-1" href="SET_HLP_ACCESSORIES_HEADPHONE.html">Mga setting ng headphone</target>
   </keywords>
   <keywords>
      <text FeatureID="-1">mga setting ng headset</text>
      <target FeatureID="-1" href="SET_HLP_ACCESSORIES_HEADSET.html">Mga setting ng headset</target>
   </keywords>
   <keywords>
      <text FeatureID="-1">mga setting ng wired car kit</text>
      <target FeatureID="-1" href="SET_HLP_ACCESS_WIRED_CK.html">Mga setting ng wired car kit</target>
   </keywords>
   <keywords>
      <text FeatureID="-1">mga setting ng car kit</text>
      <target FeatureID="-1" href="SET_HLP_ACCESS_WIRED_CK.html">Mga setting ng wired car kit</target>
   </keywords>
   <keywords>
      <text FeatureID="-1">mga setting ng music stand</text>
      <target FeatureID="-1" href="SET_HLP_ACCESSORIES_MUSIC_ST.html">Mga setting ng music stand</target>
   </keywords>
   <keywords>
      <text FeatureID="true_1032">mga setting ng TTY</text>
      <target FeatureID="true_1032" href="SET_HLP_ACCESSORIES_TTY.html">Mga setting ng text phone</target>
   </keywords>
   <keywords>
      <text FeatureID="true_1032">mga setting ng TDD</text>
      <target FeatureID="true_1032" href="SET_HLP_ACCESSORIES_TTY.html">Mga setting ng text phone</target>
   </keywords>
   <keywords>
      <text FeatureID="true_1540">mga setting ng tv-out</text>
      <target FeatureID="true_1540" href="SET_HLP_ACCESSORIES_TVOUT.html">Mga setting ng TV-out</target>
   </keywords>
</keywords>