<?xml version="1.0" encoding="UTF-8"?>
<keywords>
   <keywords>
      <text FeatureID="-1">contingut per compartir</text>
      <target FeatureID="-1" href="UPNP_HLP_SHARE_CONTENT.html">Seleccioneu contingut per compartir</target>
   </keywords>
   <keywords>
      <text FeatureID="-1">sistema multimèdia domèstic</text>
      <target FeatureID="-1" href="UPNP_HLP_SHARE_CONTENT.html">Seleccioneu contingut per compartir</target>
      <target FeatureID="-1" href="UPNP_HLP_SHARING_PROP.html">Configuració de l'ús compartit</target>
      <target FeatureID="-1" href="UPNP_HLP_MAIN_VIEW.html">Mitjans propis</target>
      <target FeatureID="-1" href="UPNP_HLP_MAIN_EXTERNAL.html">Dispositius de mitjans propis</target>
      <target FeatureID="-1" href="UPNP_HLP_CONTENT_VIEW.html">Fitxers de mitjans propis</target>
      <target FeatureID="-1" href="UPNP_HLP_REMOTE_DEVICES.html">Carpetes de mitjans propis</target>
      <target FeatureID="-1" href="UPNP_HLP_SEARCH.html">Resultats de cerca</target>
   </keywords>
   <keywords>
      <text FeatureID="-1">compartiu imatges i vídeos</text>
      <target FeatureID="-1" href="UPNP_HLP_SHARE_CONTENT.html">Seleccioneu contingut per compartir</target>
   </keywords>
   <keywords>
      <text FeatureID="-1">ús compartit de fitxers multimèdia</text>
      <target FeatureID="-1" href="UPNP_HLP_SHARING_PROP.html">Configuració de l'ús compartit</target>
      <target FeatureID="-1" href="UPNP_HLP_MAIN_VIEW.html">Mitjans propis</target>
      <target FeatureID="-1" href="UPNP_HLP_MAIN_EXTERNAL.html">Dispositius de mitjans propis</target>
      <target FeatureID="-1" href="UPNP_HLP_CONTENT_VIEW.html">Fitxers de mitjans propis</target>
      <target FeatureID="-1" href="UPNP_HLP_REMOTE_DEVICES.html">Carpetes de mitjans propis</target>
      <target FeatureID="-1" href="UPNP_HLP_SEARCH.html">Resultats de cerca</target>
   </keywords>
   <keywords>
      <text FeatureID="-1">visualització de fitxers en dispositiu remot</text>
      <target FeatureID="-1" href="UPNP_HLP_SHARING_PROP.html">Configuració de l'ús compartit</target>
      <target FeatureID="-1" href="UPNP_HLP_MAIN_VIEW.html">Mitjans propis</target>
      <target FeatureID="-1" href="UPNP_HLP_MAIN_EXTERNAL.html">Dispositius de mitjans propis</target>
      <target FeatureID="-1" href="UPNP_HLP_CONTENT_VIEW.html">Fitxers de mitjans propis</target>
      <target FeatureID="-1" href="UPNP_HLP_REMOTE_DEVICES.html">Carpetes de mitjans propis</target>
      <target FeatureID="-1" href="UPNP_HLP_SEARCH.html">Resultats de cerca</target>
   </keywords>
   <keywords>
      <text FeatureID="-1">propietats d'us compartit</text>
      <target FeatureID="-1" href="UPNP_HLP_SHARING_PROP.html">Configuració de l'ús compartit</target>
   </keywords>
</keywords>