<?xml version="1.0" encoding="UTF-8"?><?xml-stylesheet  href="../../theme/xsl/index2html.xslt" type="text/xsl"?>
<topics FeatureID="-1" title="Відео і ТБ" compressed="true">
   <topicref FeatureID="-1" href="IPTV_HLP_MAIN_STATE.html" navtitle="Відео і ТБ"/>
   <topicref FeatureID="-1" href="IPTV_HLP_VODCAST_MAIN.html" navtitle="Канали відео"/>
   <topicref FeatureID="-1" href="IPTV_HLP_SERVICE_SELECTION_VOD.html" navtitle="Вибір послуг відео"/>
   <topicref FeatureID="-1" href="IPTV_HLP_VOD_CATEGORIES.html" navtitle="Категорії відео"/>
   <topicref FeatureID="-1" href="IPTV_HLP_VOD.html" navtitle="Перегляд і завантаження відеокліпів"/>
   <topicref FeatureID="-1" href="IPTV_HLP_SCHEDULE_DOWNLOAD.html" navtitle="Планування завантажень"/>
   <topicref FeatureID="-1" href="IPTV_HLP_STORAGE.html" navtitle="Мої відео"/>
   <topicref FeatureID="-1" href="IPTV_HLP_SETTINGS.html" navtitle="Установки програми «Відео і ТБ»"/>
   <topicref FeatureID="-1" href="IPTV_HLP_SERVICE_SEL_VODCAST.html" navtitle="Вибір каналів відео"/>
   <topicref FeatureID="-1" href="IPTV_HLP_ADD_SERVICE.html" navtitle="Додавання каналів відео"/>
</topics>