<?xml version="1.0" encoding="UTF-8"?>
<keywords>
   <keywords>
      <text FeatureID="-1">відео і ТБ</text>
      <target FeatureID="-1" href="IPTV_HLP_MAIN_STATE.html">Відео і ТБ</target>
      <target FeatureID="-1" href="IPTV_HLP_VODCAST_MAIN.html">Канали відео</target>
      <target FeatureID="-1" href="IPTV_HLP_SERVICE_SELECTION_VOD.html">Вибір послуг відео</target>
      <target FeatureID="-1" href="IPTV_HLP_VOD_CATEGORIES.html">Категорії відео</target>
      <target FeatureID="-1" href="IPTV_HLP_VOD.html">Перегляд і завантаження відеокліпів</target>
      <target FeatureID="-1" href="IPTV_HLP_SCHEDULE_DOWNLOAD.html">Планування завантажень</target>
      <target FeatureID="-1" href="IPTV_HLP_STORAGE.html">Мої відео</target>
      <target FeatureID="-1" href="IPTV_HLP_SERVICE_SEL_VODCAST.html">Вибір каналів відео</target>
      <target FeatureID="-1" href="IPTV_HLP_ADD_SERVICE.html">Додавання каналів відео</target>
   </keywords>
   <keywords>
      <text FeatureID="-1">канали відео</text>
      <target FeatureID="-1" href="IPTV_HLP_VODCAST_MAIN.html">Канали відео</target>
      <target FeatureID="-1" href="IPTV_HLP_VOD_CATEGORIES.html">Категорії відео</target>
      <target FeatureID="-1" href="IPTV_HLP_SERVICE_SEL_VODCAST.html">Вибір каналів відео</target>
      <target FeatureID="-1" href="IPTV_HLP_ADD_SERVICE.html">Додавання каналів відео</target>
   </keywords>
   <keywords>
      <text FeatureID="-1">завантаження, відеокліпи</text>
      <target FeatureID="-1" href="IPTV_HLP_VOD.html">Перегляд і завантаження відеокліпів</target>
      <target FeatureID="-1" href="IPTV_HLP_SCHEDULE_DOWNLOAD.html">Планування завантажень</target>
   </keywords>
   <keywords>
      <text FeatureID="-1">відео і ТБ, установки</text>
      <target FeatureID="-1" href="IPTV_HLP_SETTINGS.html">Установки програми «Відео і ТБ»</target>
   </keywords>
   <keywords>
      <text FeatureID="-1">установки, відео</text>
      <target FeatureID="-1" href="IPTV_HLP_SETTINGS.html">Установки програми «Відео і ТБ»</target>
   </keywords>
</keywords>