<?xml version="1.0" encoding="UTF-8"?>
<keywords>
   <keywords>
      <text FeatureID="-1">pranešimų siuntimas</text>
      <target FeatureID="-1" href="UNIFIED_HLP_EDITOR.html">Pranešimų kūrimas</target>
   </keywords>
   <keywords>
      <text FeatureID="-1">pranešimų rengyklė</text>
      <target FeatureID="-1" href="UNIFIED_HLP_EDITOR.html">Pranešimų kūrimas</target>
   </keywords>
   <keywords>
      <text FeatureID="-1">pranešimai</text>
      <target FeatureID="-1" href="UNIFIED_HLP_SENDING_OPTIONS.html">Siuntimo funkcijos</target>
   </keywords>
   <keywords>
      <text FeatureID="-1">siuntimo funkcijos</text>
      <target FeatureID="-1" href="UNIFIED_HLP_SENDING_OPTIONS.html">Siuntimo funkcijos</target>
   </keywords>
   <keywords>
      <text FeatureID="-1">daugiaformatės terpės objektai</text>
      <target FeatureID="-1" href="UNIFIED_HLP_ED_OBJECTS.html">Gauti daugiaformatės terpės objektai</target>
   </keywords>
   <keywords>
      <text FeatureID="-1">daugiaformačiai objektai</text>
      <target FeatureID="-1" href="UNIFIED_HLP_ED_OBJECTS.html">Gauti daugiaformatės terpės objektai</target>
   </keywords>
</keywords>