<?xml version="1.0" encoding="UTF-8"?>
<keywords>
   <keywords>
      <text FeatureID="-1">kalendár</text>
      <target FeatureID="-1" href="CALE_HLP_NOTE_VIEWER.html">Záznamy v kalendári</target>
      <target FeatureID="-1" href="CALE_HLP_DAY_VIEW.html">Prehľad dňa</target>
      <target FeatureID="-1" href="CALE_HLP_NOTE_MEETING.html">Záznamy o schôdzkach</target>
      <target FeatureID="-1" href="CALE_HLP_MONTH_VIEW.html">Prehľad mesiaca</target>
      <target FeatureID="-1" href="CALE_HLP_TODO_NOTE.html">Záznamy o úlohách</target>
      <target FeatureID="-1" href="CALE_HLP_TODO_VIEW.html">Zobrazenie úloh</target>
      <target FeatureID="-1" href="CALE_HLP_WEEK_VIEW.html">Prehľad týždňa</target>
      <target FeatureID="-1" href="CALE_HLP_CALENDAR_DATABASE_SETTINGS.html">Nastavenia viacerých kalendárov</target>
      <target FeatureID="-1" href="CALE_HLP_CALE_MAN_VIEW.html">Zobrazenie spravovania kalendárov</target>
      <target FeatureID="-1" href="CALE_HLP_ATTACH_VIEW.html">Zobrazenie príloh</target>
      <target FeatureID="-1" href="CALE_HLP_MAV.html">Zobrazenie zmeškaných upozornení</target>
   </keywords>
   <keywords>
      <text FeatureID="-1">schôdzky</text>
      <target FeatureID="-1" href="CALE_HLP_NOTE_VIEWER.html">Záznamy v kalendári</target>
      <target FeatureID="-1" href="CALE_HLP_NOTE_MEETING.html">Záznamy o schôdzkach</target>
   </keywords>
   <keywords>
      <text FeatureID="-1">úlohy</text>
      <target FeatureID="-1" href="CALE_HLP_NOTE_VIEWER.html">Záznamy v kalendári</target>
      <target FeatureID="-1" href="CALE_HLP_TODO_NOTE.html">Záznamy o úlohách</target>
   </keywords>
   <keywords>
      <text FeatureID="-1">nastavenia kalendára</text>
      <target FeatureID="-1" href="CALE_HLP_SETTINGS.html">Nastavenia Kalendára</target>
   </keywords>
   <keywords>
      <text FeatureID="-1">zoznam úloh</text>
      <target FeatureID="-1" href="CALE_HLP_TODO_VIEW.html">Zobrazenie úloh</target>
   </keywords>
   <keywords>
      <text FeatureID="-1">nastavenia, kalendár</text>
      <target FeatureID="-1" href="CALE_HLP_CALENDAR_DATABASE_SETTINGS.html">Nastavenia viacerých kalendárov</target>
   </keywords>
   <keywords>
      <text FeatureID="-1">prílohy</text>
      <target FeatureID="-1" href="CALE_HLP_ATTACH_VIEW.html">Zobrazenie príloh</target>
   </keywords>
   <keywords>
      <text FeatureID="-1">upozornenia, poznámka v kalendári</text>
      <target FeatureID="-1" href="CALE_HLP_MAV.html">Zobrazenie zmeškaných upozornení</target>
   </keywords>
</keywords>