<?xml version="1.0" encoding="UTF-8"?>
<keywords>
   <keywords>
      <text FeatureID="-1">kalendár</text>
      <target FeatureID="-1" href="CALE_HLP_NOTE_ANNIVERSARY.html">Pripomínanie výročí</target>
      <target FeatureID="-1" href="CALE_HLP_NOTE_VIEWER.html">Záznamy v kalendári</target>
      <target FeatureID="-1" href="CALE_HLP_DAY_VIEW.html">Prehľad dňa</target>
      <target FeatureID="-1" href="CALE_HLP_NOTE_MEETING.html">Záznamy o schôdzkach</target>
      <target FeatureID="-1" href="CALE_HLP_NOTE_DAY.html">Memo</target>
      <target FeatureID="-1" href="CALE_HLP_MONTH_VIEW.html">Prehľad mesiaca</target>
      <target FeatureID="-1" href="CALE_HLP_TODO_NOTE.html">Záznamy o úlohách</target>
      <target FeatureID="-1" href="CALE_HLP_TODO_VIEW.html">Zobrazenie úloh</target>
      <target FeatureID="-1" href="CALE_HLP_WEEK_VIEW.html">Prehľad týždňa</target>
   </keywords>
   <keywords>
      <text FeatureID="-1">poznámky k výročiu</text>
      <target FeatureID="-1" href="CALE_HLP_NOTE_ANNIVERSARY.html">Pripomínanie výročí</target>
      <target FeatureID="-1" href="CALE_HLP_NOTE_VIEWER.html">Záznamy v kalendári</target>
   </keywords>
   <keywords>
      <text FeatureID="-1">schôdzky</text>
      <target FeatureID="-1" href="CALE_HLP_NOTE_VIEWER.html">Záznamy v kalendári</target>
      <target FeatureID="-1" href="CALE_HLP_NOTE_MEETING.html">Záznamy o schôdzkach</target>
   </keywords>
   <keywords>
      <text FeatureID="-1">poznámky k memu</text>
      <target FeatureID="-1" href="CALE_HLP_NOTE_VIEWER.html">Záznamy v kalendári</target>
      <target FeatureID="-1" href="CALE_HLP_NOTE_DAY.html">Memo</target>
   </keywords>
   <keywords>
      <text FeatureID="-1">úlohy</text>
      <target FeatureID="-1" href="CALE_HLP_NOTE_VIEWER.html">Záznamy v kalendári</target>
      <target FeatureID="-1" href="CALE_HLP_TODO_NOTE.html">Záznamy o úlohách</target>
   </keywords>
   <keywords>
      <text FeatureID="-1">nastavenia kalendára</text>
      <target FeatureID="-1" href="CALE_HLP_SETTINGS.html">Nastavenia Kalendára</target>
   </keywords>
   <keywords>
      <text FeatureID="-1">zoznam úloh</text>
      <target FeatureID="-1" href="CALE_HLP_TODO_VIEW.html">Zobrazenie úloh</target>
   </keywords>
</keywords>