<?xml version="1.0" encoding="UTF-8"?><?xml-stylesheet  href="../../theme/xsl/index2html.xslt" type="text/xsl"?>
<topics FeatureID="-1" title="Повідомлення" compressed="true">
   <topicref FeatureID="-1" href="MCE_HLP_MESSAGING.html" navtitle="Центр повідомлень"/>
   <topicref FeatureID="-1" href="MCE_HLP_SIM.html" navtitle="Перегляд SIM-повідомлень"/>
   <topicref FeatureID="-1" href="MCE_HLP_SETTINGS.html" navtitle="Установки повідомлень"/>
   <topicref FeatureID="-1" href="MCE_HLP_SETTINGS_SMS.html" navtitle="Установки текстових повідомлень"/>
   <topicref FeatureID="-1" href="SMS_HLP_SETTINGS_SCENTRES.html" navtitle="Установки центру текстових повідомлень"/>
   <topicref FeatureID="-1" href="SMS_HLP_SETTINGS_SCENTRES_EDIT.html" navtitle="Редагування центрів текстових повідомлень"/>
   <topicref FeatureID="true_1092" href="SMS_HLP_SETTINGS_SMS_EMAIL.html" navtitle="Установки ел. пошти для текстових повідомлень"/>
   <topicref FeatureID="-1" href="MCE_HLP_SETTINGS_MMS.html" navtitle="Установки мультимедійних повідомлень"/>
   <topicref FeatureID="true_1090" href="MCE_HLP_SETTINGS_CB.html" navtitle="Установки стільникової трансляції"/>
   <topicref FeatureID="-1" href="MCE_HLP_SETTINGS_GEN.html" navtitle="Інші установки"/>
   <topicref FeatureID="-1" href="MCE_HLP_INBOX.html" navtitle="Вхідні"/>
   <topicref FeatureID="-1" href="MCE_HLP_DOCUMENTS.html" navtitle="Мої папки"/>
   <topicref FeatureID="-1" href="MCE_HLP_TEMPLATES.html" navtitle="Шаблони повідомлень"/>
   <topicref FeatureID="-1" href="MCE_HLP_FOLDER.html" navtitle="Упорядкування повідомлень"/>
   <topicref FeatureID="-1" href="MCE_HLP_DRAFTS.html" navtitle="Чернетки"/>
   <topicref FeatureID="-1" href="MCE_HLP_SENT_ITEMS.html" navtitle="Надіслані повідомлення"/>
   <topicref FeatureID="-1" href="MCE_HLP_OUTBOX.html" navtitle="Вихідні"/>
   <topicref FeatureID="-1" href="MCE_HLP_DELIVERY_REPORTS.html" navtitle="Звіти про доставку"/>
   <topicref FeatureID="true_1132" href="MCE_HLP_MMS_NOTIFICATIONS.html" navtitle="Мультимедійні оповіщення"/>
   <topicref FeatureID="-1" href="FIND_HLP.html" navtitle="Пошук номерів і адрес"/>
</topics>