<?xml version="1.0" encoding="UTF-8"?>
<keywords>
   <keywords>
      <text FeatureID="-1">надсилання повідомлень</text>
      <target FeatureID="-1" href="MCE_HLP_MESSAGING.html">Центр повідомлень</target>
      <target FeatureID="-1" href="MCE_HLP_OUTBOX.html">Вихідні</target>
   </keywords>
   <keywords>
      <text FeatureID="-1">отримання повідомлень</text>
      <target FeatureID="-1" href="MCE_HLP_MESSAGING.html">Центр повідомлень</target>
      <target FeatureID="-1" href="MCE_HLP_INBOX.html">Вхідні</target>
   </keywords>
   <keywords>
      <text FeatureID="-1">SIM-повідомлення</text>
      <target FeatureID="-1" href="MCE_HLP_SIM.html">Перегляд SIM-повідомлень</target>
   </keywords>
   <keywords>
      <text FeatureID="-1">повідомлення на SIM-картці</text>
      <target FeatureID="-1" href="MCE_HLP_SIM.html">Перегляд SIM-повідомлень</target>
   </keywords>
   <keywords>
      <text FeatureID="-1">установки повідомлень</text>
      <target FeatureID="-1" href="MCE_HLP_SETTINGS.html">Установки повідомлень</target>
      <target FeatureID="-1" href="MCE_HLP_SETTINGS_GEN.html">Інші установки</target>
   </keywords>
   <keywords>
      <text FeatureID="-1">установки SMS</text>
      <target FeatureID="-1" href="MCE_HLP_SETTINGS_SMS.html">Установки текстових повідомлень</target>
   </keywords>
   <keywords>
      <text FeatureID="-1">установки текстових повідомлень</text>
      <target FeatureID="-1" href="MCE_HLP_SETTINGS_SMS.html">Установки текстових повідомлень</target>
      <target FeatureID="-1" href="SMS_HLP_SETTINGS_SCENTRES.html">Установки центру текстових повідомлень</target>
      <target FeatureID="-1" href="SMS_HLP_SETTINGS_SCENTRES_EDIT.html">Редагування центрів текстових повідомлень</target>
   </keywords>
   <keywords>
      <text FeatureID="-1">установки центру повідомлень</text>
      <target FeatureID="-1" href="SMS_HLP_SETTINGS_SCENTRES.html">Установки центру текстових повідомлень</target>
      <target FeatureID="-1" href="SMS_HLP_SETTINGS_SCENTRES_EDIT.html">Редагування центрів текстових повідомлень</target>
   </keywords>
   <keywords>
      <text FeatureID="-1">установки центру SMS</text>
      <target FeatureID="-1" href="SMS_HLP_SETTINGS_SCENTRES.html">Установки центру текстових повідомлень</target>
   </keywords>
   <keywords>
      <text FeatureID="true_1092">електронна пошта для текстових повідомлень</text>
      <target FeatureID="true_1092" href="SMS_HLP_SETTINGS_SMS_EMAIL.html">Установки ел. пошти для текстових повідомлень</target>
   </keywords>
   <keywords>
      <text FeatureID="true_1092">установки електронної пошти SMS</text>
      <target FeatureID="true_1092" href="SMS_HLP_SETTINGS_SMS_EMAIL.html">Установки ел. пошти для текстових повідомлень</target>
   </keywords>
   <keywords>
      <text FeatureID="-1">установки MMS</text>
      <target FeatureID="-1" href="MCE_HLP_SETTINGS_MMS.html">Установки мультимедійних повідомлень</target>
   </keywords>
   <keywords>
      <text FeatureID="true_1090">установки стільникової трансляції</text>
      <target FeatureID="true_1090" href="MCE_HLP_SETTINGS_CB.html">Установки стільникової трансляції</target>
   </keywords>
   <keywords>
      <text FeatureID="-1">вхідні</text>
      <target FeatureID="-1" href="MCE_HLP_INBOX.html">Вхідні</target>
   </keywords>
   <keywords>
      <text FeatureID="-1">мої папки</text>
      <target FeatureID="-1" href="MCE_HLP_DOCUMENTS.html">Мої папки</target>
   </keywords>
   <keywords>
      <text FeatureID="-1">збереження повідомлень</text>
      <target FeatureID="-1" href="MCE_HLP_DOCUMENTS.html">Мої папки</target>
   </keywords>
   <keywords>
      <text FeatureID="-1">надсилання шаблонів</text>
      <target FeatureID="-1" href="MCE_HLP_TEMPLATES.html">Шаблони повідомлень</target>
   </keywords>
   <keywords>
      <text FeatureID="-1">шаблони повідомлень</text>
      <target FeatureID="-1" href="MCE_HLP_TEMPLATES.html">Шаблони повідомлень</target>
   </keywords>
   <keywords>
      <text FeatureID="-1">упорядкування повідомлень</text>
      <target FeatureID="-1" href="MCE_HLP_FOLDER.html">Упорядкування повідомлень</target>
   </keywords>
   <keywords>
      <text FeatureID="-1">збереження чернеток повідомлень</text>
      <target FeatureID="-1" href="MCE_HLP_DRAFTS.html">Чернетки</target>
   </keywords>
   <keywords>
      <text FeatureID="-1">чернетки повідомлень</text>
      <target FeatureID="-1" href="MCE_HLP_DRAFTS.html">Чернетки</target>
   </keywords>
   <keywords>
      <text FeatureID="-1">надіслані повідомлення</text>
      <target FeatureID="-1" href="MCE_HLP_SENT_ITEMS.html">Надіслані повідомлення</target>
   </keywords>
   <keywords>
      <text FeatureID="-1">перегляд папки «Вихідні»</text>
      <target FeatureID="-1" href="MCE_HLP_OUTBOX.html">Вихідні</target>
   </keywords>
   <keywords>
      <text FeatureID="-1">звіти про доставку</text>
      <target FeatureID="-1" href="MCE_HLP_DELIVERY_REPORTS.html">Звіти про доставку</target>
   </keywords>
   <keywords>
      <text FeatureID="true_1132">оповіщення MMS</text>
      <target FeatureID="true_1132" href="MCE_HLP_MMS_NOTIFICATIONS.html">Мультимедійні оповіщення</target>
   </keywords>
   <keywords>
      <text FeatureID="-1">пошук номерів телефону</text>
      <target FeatureID="-1" href="FIND_HLP.html">Пошук номерів і адрес</target>
   </keywords>
   <keywords>
      <text FeatureID="-1">пошук адрес</text>
      <target FeatureID="-1" href="FIND_HLP.html">Пошук номерів і адрес</target>
   </keywords>
</keywords>