<?xml version="1.0" encoding="UTF-8"?><?xml-stylesheet  href="../../theme/xsl/index2html.xslt" type="text/xsl"?>
<topics FeatureID="-1" title="Tónlistarspilari" compressed="true">
   <topicref FeatureID="-1" href="MUS_HLP_MUSIC_SUITE_VIEW.html" navtitle="Tónlistarskjár"/>
   <topicref FeatureID="-1" href="MUS_HLP_TRACKS_VIEW.html" navtitle="Fjöldi laga"/>
   <topicref FeatureID="-1" href="MUS_HLP_CATEGORY_VIEW.html" navtitle="Tónlistarflokkar"/>
   <topicref FeatureID="-1" href="MUS_HLP_PODCAST_MAIN_VIEW.html" navtitle="Netvörp"/>
   <topicref FeatureID="-1" href="MUS_HLP_PODCAST_EPISODES.html" navtitle="Netvarpsþættir"/>
   <topicref FeatureID="-1" href="MUS_HLP_PLAYLISTS_VIEW.html" navtitle="Spilunarlistar"/>
   <topicref FeatureID="-1" href="MUS_HLP_DOWNLOAD_PLAYBACK_VIEW.html" navtitle="Spilun tónlistar á netinu"/>
   <topicref FeatureID="-1" href="MUS_HLP_PLAYBACK_VIEW.html" navtitle="Tónlist spiluð"/>
   <topicref FeatureID="-1" href="MUS_HLP_LIB_MAIN_VIEW.html" navtitle="Tónlistarsafn"/>
   <topicref FeatureID="-1" href="MUS_HLP_METADATA_EDITING.html" navtitle="Breyta upplýsingum lags"/>
   <topicref FeatureID="-1" href="MUS_HLP_ALBUM_ART_EDITING.html" navtitle="Breyta plötuumslagi"/>
   <topicref FeatureID="-1" href="MUS_HLP_AUDIO_SETT.html" navtitle="Hljóðstillingar"/>
</topics>