<?xml version="1.0" encoding="UTF-8"?>
<keywords>
   <keywords>
      <text FeatureID="-1">tónlistarspilari</text>
      <target FeatureID="-1" href="MUS_HLP_TRACKS_VIEW.html">Fjöldi laga</target>
      <target FeatureID="-1" href="MUS_HLP_CATEGORY_VIEW.html">Tónlistarflokkar</target>
      <target FeatureID="-1" href="MUS_HLP_PODCAST_MAIN_VIEW.html">Netvörp</target>
      <target FeatureID="-1" href="MUS_HLP_PODCAST_EPISODES.html">Netvarpsþættir</target>
      <target FeatureID="-1" href="MUS_HLP_PLAYLISTS_VIEW.html">Spilunarlistar</target>
      <target FeatureID="-1" href="MUS_HLP_AUDIO_SETT.html">Hljóðstillingar</target>
   </keywords>
   <keywords>
      <text FeatureID="-1">netvarp</text>
      <target FeatureID="-1" href="MUS_HLP_PODCAST_MAIN_VIEW.html">Netvörp</target>
      <target FeatureID="-1" href="MUS_HLP_PODCAST_EPISODES.html">Netvarpsþættir</target>
   </keywords>
   <keywords>
      <text FeatureID="-1">spilunarlistar</text>
      <target FeatureID="-1" href="MUS_HLP_PLAYLISTS_VIEW.html">Spilunarlistar</target>
   </keywords>
   <keywords>
      <text FeatureID="-1">music player</text>
      <target FeatureID="-1" href="MUS_HLP_DOWNLOAD_PLAYBACK_VIEW.html">Play music on web</target>
      <target FeatureID="-1" href="MUS_HLP_LIB_MAIN_VIEW.html">Music library</target>
   </keywords>
   <keywords>
      <text FeatureID="-1">bassabox</text>
      <target FeatureID="-1" href="MUS_HLP_AUDIO_SETT.html">Hljóðstillingar</target>
   </keywords>
   <keywords>
      <text FeatureID="-1">útvíkkun stereó</text>
      <target FeatureID="-1" href="MUS_HLP_AUDIO_SETT.html">Hljóðstillingar</target>
   </keywords>
</keywords>