<?xml version="1.0" encoding="UTF-8"?>
<keywords>
   <keywords>
      <text FeatureID="-1">desenkriptatzen, memoria txartela</text>
      <target FeatureID="-1" href="ES_HLP_ENCRYPTION_DECRYPT.html">Desenkriptatu memoria txartela.</target>
   </keywords>
   <keywords>
      <text FeatureID="-1">enkriptatzen, memoria txartela</text>
      <target FeatureID="-1" href="ES_HLP_ENCRYPTION_ENCRYPT.html">Enkriptatu memoria txartela.</target>
   </keywords>
   <keywords>
      <text FeatureID="-1">enkriptatzen, gailuaren memoria eta memoria txartela</text>
      <target FeatureID="-1" href="ES_HLP_ENCRYPTION_MAIN.html">Enkriptatu edo desenkriptatu</target>
   </keywords>
   <keywords>
      <text FeatureID="-1">desenkriptatzen, gailuaren memoria eta memoria txartela</text>
      <target FeatureID="-1" href="ES_HLP_ENCRYPTION_MAIN.html">Enkriptatu edo desenkriptatu</target>
   </keywords>
</keywords>