<?xml version="1.0" encoding="UTF-8"?><?xml-stylesheet  href="../../theme/xsl/index2html.xslt" type="text/xsl"?>
<topics FeatureID="-1" title="לוח שנה" compressed="true">
   <topicref FeatureID="-1" href="CALE_HLP_NOTE_ANNIVERSARY.html" navtitle="ערכי ימי שנה"/>
   <topicref FeatureID="-1" href="CALE_HLP_NOTE_VIEWER.html" navtitle="ערכי לוח שנה"/>
   <topicref FeatureID="-1" href="CALE_HLP_SETTINGS.html" navtitle="הגדרות לוח שנה"/>
   <topicref FeatureID="-1" href="CALE_HLP_DAY_VIEW.html" navtitle="תצוגת יום"/>
   <topicref FeatureID="-1" href="CALE_HLP_NOTE_MEETING.html" navtitle="ערכי פגישות"/>
   <topicref FeatureID="-1" href="CALE_HLP_NOTE_DAY.html" navtitle="ערכי תזכירים"/>
   <topicref FeatureID="-1" href="CALE_HLP_MONTH_VIEW.html" navtitle="תצוגת חודש"/>
   <topicref FeatureID="-1" href="CALE_HLP_TODO_NOTE.html" navtitle="ערכי מטלות"/>
   <topicref FeatureID="-1" href="CALE_HLP_TODO_VIEW.html" navtitle="תצוגת מטלות"/>
   <topicref FeatureID="-1" href="CALE_HLP_WEEK_VIEW.html" navtitle="תצוגת שבוע"/>
</topics>