<?xml version="1.0" encoding="UTF-8"?>
<keywords>
   <keywords>
      <text FeatureID="-1">לוח שנה</text>
      <target FeatureID="-1" href="CALE_HLP_NOTE_VIEWER.html">ערכי לוח שנה</target>
      <target FeatureID="-1" href="CALE_HLP_DAY_VIEW.html">תצוגת יום</target>
      <target FeatureID="-1" href="CALE_HLP_NOTE_MEETING.html">ערכי פגישות</target>
      <target FeatureID="-1" href="CALE_HLP_MONTH_VIEW.html">תצוגת חודש</target>
      <target FeatureID="-1" href="CALE_HLP_TODO_NOTE.html">ערכי מטלות</target>
      <target FeatureID="-1" href="CALE_HLP_TODO_VIEW.html">תצוגת מטלות</target>
      <target FeatureID="-1" href="CALE_HLP_WEEK_VIEW.html">תצוגת שבוע</target>
      <target FeatureID="-1" href="CALE_HLP_CALENDAR_DATABASE_SETTINGS.html">הגדרות לוחות שנה מרובים</target>
      <target FeatureID="-1" href="CALE_HLP_CALE_MAN_VIEW.html">תצוגת ניהול לוחות שנה</target>
      <target FeatureID="-1" href="CALE_HLP_ATTACH_VIEW.html">תצוגת קובץ מצורף</target>
      <target FeatureID="-1" href="CALE_HLP_MAV.html">תצוגת תזכורות שהוחמצו</target>
   </keywords>
   <keywords>
      <text FeatureID="-1">פגישות</text>
      <target FeatureID="-1" href="CALE_HLP_NOTE_VIEWER.html">ערכי לוח שנה</target>
      <target FeatureID="-1" href="CALE_HLP_NOTE_MEETING.html">ערכי פגישות</target>
   </keywords>
   <keywords>
      <text FeatureID="-1">הערות מטלות</text>
      <target FeatureID="-1" href="CALE_HLP_NOTE_VIEWER.html">ערכי לוח שנה</target>
      <target FeatureID="-1" href="CALE_HLP_TODO_NOTE.html">ערכי מטלות</target>
   </keywords>
   <keywords>
      <text FeatureID="-1">הגדרות לוח שנה</text>
      <target FeatureID="-1" href="CALE_HLP_SETTINGS.html">הגדרות לוח שנה</target>
   </keywords>
   <keywords>
      <text FeatureID="-1">רשימת מטלות</text>
      <target FeatureID="-1" href="CALE_HLP_TODO_VIEW.html">תצוגת מטלות</target>
   </keywords>
   <keywords>
      <text FeatureID="-1">הגדרות, לוח שנה</text>
      <target FeatureID="-1" href="CALE_HLP_CALENDAR_DATABASE_SETTINGS.html">הגדרות לוחות שנה מרובים</target>
   </keywords>
   <keywords>
      <text FeatureID="-1">מסמכים מצורפים</text>
      <target FeatureID="-1" href="CALE_HLP_ATTACH_VIEW.html">תצוגת קובץ מצורף</target>
   </keywords>
   <keywords>
      <text FeatureID="-1">תזכורות, הערה בלוח השנה</text>
      <target FeatureID="-1" href="CALE_HLP_MAV.html">תצוגת תזכורות שהוחמצו</target>
   </keywords>
</keywords>