<?xml version="1.0" encoding="UTF-8"?>
<keywords>
   <keywords>
      <text FeatureID="-1">לוח שנה</text>
      <target FeatureID="-1" href="CALE_HLP_NOTE_ANNIVERSARY.html">ערכי ימי שנה</target>
      <target FeatureID="-1" href="CALE_HLP_NOTE_VIEWER.html">ערכי לוח שנה</target>
      <target FeatureID="-1" href="CALE_HLP_DAY_VIEW.html">תצוגת יום</target>
      <target FeatureID="-1" href="CALE_HLP_NOTE_MEETING.html">ערכי פגישות</target>
      <target FeatureID="-1" href="CALE_HLP_NOTE_DAY.html">ערכי תזכירים</target>
      <target FeatureID="-1" href="CALE_HLP_MONTH_VIEW.html">תצוגת חודש</target>
      <target FeatureID="-1" href="CALE_HLP_TODO_NOTE.html">ערכי מטלות</target>
      <target FeatureID="-1" href="CALE_HLP_TODO_VIEW.html">תצוגת מטלות</target>
      <target FeatureID="-1" href="CALE_HLP_WEEK_VIEW.html">תצוגת שבוע</target>
   </keywords>
   <keywords>
      <text FeatureID="-1">הערות ימי שנה</text>
      <target FeatureID="-1" href="CALE_HLP_NOTE_ANNIVERSARY.html">ערכי ימי שנה</target>
      <target FeatureID="-1" href="CALE_HLP_NOTE_VIEWER.html">ערכי לוח שנה</target>
   </keywords>
   <keywords>
      <text FeatureID="-1">פגישות</text>
      <target FeatureID="-1" href="CALE_HLP_NOTE_VIEWER.html">ערכי לוח שנה</target>
      <target FeatureID="-1" href="CALE_HLP_NOTE_MEETING.html">ערכי פגישות</target>
   </keywords>
   <keywords>
      <text FeatureID="-1">הערות תזכיר</text>
      <target FeatureID="-1" href="CALE_HLP_NOTE_VIEWER.html">ערכי לוח שנה</target>
      <target FeatureID="-1" href="CALE_HLP_NOTE_DAY.html">ערכי תזכירים</target>
   </keywords>
   <keywords>
      <text FeatureID="-1">הערות מטלות</text>
      <target FeatureID="-1" href="CALE_HLP_NOTE_VIEWER.html">ערכי לוח שנה</target>
      <target FeatureID="-1" href="CALE_HLP_TODO_NOTE.html">ערכי מטלות</target>
   </keywords>
   <keywords>
      <text FeatureID="-1">הגדרות לוח שנה</text>
      <target FeatureID="-1" href="CALE_HLP_SETTINGS.html">הגדרות לוח שנה</target>
   </keywords>
   <keywords>
      <text FeatureID="-1">רשימת מטלות</text>
      <target FeatureID="-1" href="CALE_HLP_TODO_VIEW.html">תצוגת מטלות</target>
   </keywords>
</keywords>