<?xml version="1.0" encoding="UTF-8"?>
<keywords>
   <keywords>
      <text FeatureID="-1">προώθηση μηνυμάτων</text>
      <target FeatureID="-1" href="MMS_HLP_MMS_FWD_REQUEST.html">Προώθηση μηνυμάτων multimedia</target>
   </keywords>
   <keywords>
      <text FeatureID="-1">μηνύματα multimedia</text>
      <target FeatureID="-1" href="MMS_HLP_MMS_FWD_REQUEST_SEND.html">Αιτήματα προώθησης στα Σταλθέντα</target>
      <target FeatureID="-1" href="MMS_HLP_MMS_VIEWER.html">Προβολή μηνυμάτων multimedia</target>
   </keywords>
   <keywords>
      <text FeatureID="-1">ειδοποιήσεις multimedia</text>
      <target FeatureID="-1" href="MMS_HLP_NOTIFICATION_VIEWER.html">Ειδοποιήσεις multimedia</target>
   </keywords>
   <keywords>
      <text FeatureID="-1">αντικείμενα πολυμέσων</text>
      <target FeatureID="-1" href="MMS_HLP_OBJECTS_VIEW_VIEWER.html">Προβολή αντικειμένων πολυμέσων</target>
   </keywords>
   <keywords>
      <text FeatureID="-1">αντικείμενα multimedia</text>
      <target FeatureID="-1" href="MMS_HLP_OBJECTS_VIEW_VIEWER.html">Προβολή αντικειμένων πολυμέσων</target>
   </keywords>
   <keywords>
      <text FeatureID="-1">MMS</text>
      <target FeatureID="-1" href="MMS_HLP_MMS_VIEWER.html">Προβολή μηνυμάτων multimedia</target>
   </keywords>
</keywords>