<?xml version="1.0" encoding="UTF-8"?><?xml-stylesheet  href="../../theme/xsl/index2html.xslt" type="text/xsl"?>
<topics FeatureID="-1" title="Personalización" compressed="true">
   <topicref FeatureID="-1" href="SKINS_HLP_LIST.html" navtitle="Temas generales"/>
   <topicref FeatureID="-1" href="SCREENSAVER_HLP_WP_SETTINGS.html" navtitle="Configuraciones de la imagen de fondo con presentación de diapositivas"/>
   <topicref FeatureID="-1" href="SKINS_HLP_WP_SETTINGS.html" navtitle="Configuraciones de imagen de fondo"/>
   <topicref FeatureID="-1" href="SKINS_HLP_SCREENS_SETTINGS.html" navtitle="Config. protector pantalla"/>
   <topicref FeatureID="true_1503" href="SKINS_HLP_CIMAGE_SETTINGS.html" navtitle="Seleccionar imagen de llamada"/>
   <topicref FeatureID="-1" href="SKINS_HLP_APPSHELL.html" navtitle="Configuraciones vista Menú"/>
   <topicref FeatureID="-1" href="SKINS_HLP_IDLE.html" navtitle="Config. pantalla inicio"/>
   <topicref FeatureID="-1" href="SKINS_HLP_APP_MAIN.html" navtitle="Personalizar pantalla"/>
   <topicref FeatureID="-1" href="SKINS_HLP_APPSKINS_LIST.html" navtitle="Temas de la aplicación"/>
</topics>