<?xml version="1.0" encoding="UTF-8"?>
<keywords>
   <keywords>
      <text FeatureID="-1">temas</text>
      <target FeatureID="-1" href="SKINS_HLP_LIST.html">Temas generales</target>
      <target FeatureID="-1" href="SCREENSAVER_HLP_WP_SETTINGS.html">Configuraciones de la imagen de fondo con presentación de diapositivas</target>
      <target FeatureID="-1" href="SKINS_HLP_WP_SETTINGS.html">Configuraciones de imagen de fondo</target>
      <target FeatureID="true_1503" href="SKINS_HLP_CIMAGE_SETTINGS.html">Seleccionar imagen de llamada</target>
      <target FeatureID="-1" href="SKINS_HLP_APPSHELL.html">Configuraciones vista Menú</target>
      <target FeatureID="-1" href="SKINS_HLP_IDLE.html">Config. pantalla inicio</target>
      <target FeatureID="-1" href="SKINS_HLP_APP_MAIN.html">Personalizar pantalla</target>
      <target FeatureID="-1" href="SKINS_HLP_APPSKINS_LIST.html">Temas de la aplicación</target>
   </keywords>
   <keywords>
      <text FeatureID="-1">imagen de fondo con presentación de diapositivas</text>
      <target FeatureID="-1" href="SCREENSAVER_HLP_WP_SETTINGS.html">Configuraciones de la imagen de fondo con presentación de diapositivas</target>
   </keywords>
   <keywords>
      <text FeatureID="-1">configuraciones de presentación de diapositivas</text>
      <target FeatureID="-1" href="SCREENSAVER_HLP_WP_SETTINGS.html">Configuraciones de la imagen de fondo con presentación de diapositivas</target>
   </keywords>
   <keywords>
      <text FeatureID="-1">configuraciones de imagen de fondo</text>
      <target FeatureID="-1" href="SKINS_HLP_WP_SETTINGS.html">Configuraciones de imagen de fondo</target>
   </keywords>
   <keywords>
      <text FeatureID="-1">imagen de fondo</text>
      <target FeatureID="-1" href="SKINS_HLP_WP_SETTINGS.html">Configuraciones de imagen de fondo</target>
      <target FeatureID="-1" href="SKINS_HLP_APP_MAIN.html">Personalizar pantalla</target>
   </keywords>
   <keywords>
      <text FeatureID="-1">protector de pantalla</text>
      <target FeatureID="-1" href="SKINS_HLP_SCREENS_SETTINGS.html">Config. protector pantalla</target>
   </keywords>
   <keywords>
      <text FeatureID="true_1503">configuraciones de imagen de llamada</text>
      <target FeatureID="true_1503" href="SKINS_HLP_CIMAGE_SETTINGS.html">Seleccionar imagen de llamada</target>
   </keywords>
   <keywords>
      <text FeatureID="-1">menús</text>
      <target FeatureID="-1" href="SKINS_HLP_APPSHELL.html">Configuraciones vista Menú</target>
   </keywords>
   <keywords>
      <text FeatureID="-1">configuraciones, pantalla de inicio</text>
      <target FeatureID="-1" href="SKINS_HLP_IDLE.html">Config. pantalla inicio</target>
   </keywords>
   <keywords>
      <text FeatureID="-1">widgets</text>
      <target FeatureID="-1" href="SKINS_HLP_IDLE.html">Config. pantalla inicio</target>
   </keywords>
</keywords>