<?xml version="1.0" encoding="UTF-8"?>
<keywords>
   <keywords>
      <text FeatureID="-1">програмне забезпечення, оновлення</text>
      <target FeatureID="-1" href="SWUPDATE_HLP_MAIN.html">Оновлення програмного забезпечення</target>
   </keywords>
   <keywords>
      <text FeatureID="-1">оновлення програмного забезпечення</text>
      <target FeatureID="-1" href="SWUPDATE_HLP_MAIN.html">Оновлення програмного забезпечення</target>
   </keywords>
   <keywords>
      <text FeatureID="-1">установки оновлення ПЗ</text>
      <target FeatureID="-1" href="SWUPDATE_HLP_SETTINGS.html">Установки оновлення ПЗ</target>
   </keywords>
</keywords>