<?xml version="1.0" encoding="UTF-8"?><?xml-stylesheet  href="../../theme/xsl/index2html.xslt" type="text/xsl"?>
<topics FeatureID="-1" title="Wiadomości" compressed="true">
   <topicref FeatureID="-1" href="MCE_HLP_MESSAGING.html" navtitle="Centrum wiadomości"/>
   <topicref FeatureID="-1" href="MCE_HLP_SIM.html" navtitle="Wyświetlanie wiadomości SIM"/>
   <topicref FeatureID="-1" href="MCE_HLP_SETTINGS.html" navtitle="Ustawienia wiadomości"/>
   <topicref FeatureID="-1" href="MCE_HLP_SETTINGS_SMS.html" navtitle="Ustawienia wiadomości SMS"/>
   <topicref FeatureID="-1" href="SMS_HLP_SETTINGS_SCENTRES.html" navtitle="Ustawienia centrum wiadomości SMS"/>
   <topicref FeatureID="-1" href="SMS_HLP_SETTINGS_SCENTRES_EDIT.html" navtitle="Edytowanie centrów wiadomości tekstowych (SMS)"/>
   <topicref FeatureID="true_1092" href="SMS_HLP_SETTINGS_SMS_EMAIL.html" navtitle="Ustawienia poczty e-mail wiadomości SMS"/>
   <topicref FeatureID="-1" href="MCE_HLP_SETTINGS_MMS.html" navtitle="Ustawienia wiadomości MMS"/>
   <topicref FeatureID="true_1090" href="MCE_HLP_SETTINGS_CB.html" navtitle="Ustawienia wiadomości sieciowych"/>
   <topicref FeatureID="-1" href="MCE_HLP_SETTINGS_GEN.html" navtitle="Inne ustawienia"/>
   <topicref FeatureID="-1" href="MCE_HLP_INBOX.html" navtitle="Skrzynka odbiorcza"/>
   <topicref FeatureID="-1" href="MCE_HLP_DOCUMENTS.html" navtitle="Moje foldery"/>
   <topicref FeatureID="-1" href="MCE_HLP_TEMPLATES.html" navtitle="Szablony wiadomości"/>
   <topicref FeatureID="-1" href="MCE_HLP_FOLDER.html" navtitle="Porządkowanie wiadomości"/>
   <topicref FeatureID="-1" href="MCE_HLP_DRAFTS.html" navtitle="Kopie robocze"/>
   <topicref FeatureID="-1" href="MCE_HLP_SENT_ITEMS.html" navtitle="Wiadomości wysłane"/>
   <topicref FeatureID="-1" href="MCE_HLP_OUTBOX.html" navtitle="Skrzynka nadawcza"/>
   <topicref FeatureID="-1" href="MCE_HLP_DELIVERY_REPORTS.html" navtitle="Raporty doręczeń"/>
   <topicref FeatureID="true_1132" href="MCE_HLP_MMS_NOTIFICATIONS.html" navtitle="Powiadomienia o wiadomościach MMS"/>
</topics>