<?xml version="1.0" encoding="UTF-8"?>
<keywords>
   <keywords>
      <text FeatureID="-1">iránypont-kategóriák</text>
      <target FeatureID="-1" href="LM_HLP_LM_BY_CATEGORY.html">Iránypont-kategóriák</target>
      <target FeatureID="-1" href="LM_HLP_EDIT_CATEGORIES.html">Iránypont-kategóriák módosítása</target>
   </keywords>
   <keywords>
      <text FeatureID="-1">iránypontok</text>
      <target FeatureID="-1" href="LM_HLP_LM_BY_NAME.html">Iránypontok megtekintése név szerint</target>
      <target FeatureID="-1" href="LM_HLP_CATEGORY_CONTENTS.html">Kategóriákban található iránypontok</target>
      <target FeatureID="-1" href="LM_HLP_LM_VIEWER.html">Iránypontok részletes adatai</target>
   </keywords>
   <keywords>
      <text FeatureID="-1">iránypontok szerkesztése</text>
      <target FeatureID="-1" href="LM_HLP_LM_EDITOR.html">Iránypont módosítása</target>
   </keywords>
</keywords>