<?xml version="1.0" encoding="UTF-8"?>
<keywords>
   <keywords>
      <text FeatureID="-1">pemain muzik</text>
      <target FeatureID="-1" href="MUS_HLP_TRACKS_VIEW.html">Lagu</target>
      <target FeatureID="-1" href="MUS_HLP_CATEGORY_VIEW.html">Kategori muzik</target>
      <target FeatureID="-1" href="MUS_HLP_PODCAST_MAIN_VIEW.html">Podcast</target>
      <target FeatureID="-1" href="MUS_HLP_PODCAST_EPISODES.html">Episod podcast</target>
      <target FeatureID="-1" href="MUS_HLP_PLAYLISTS_VIEW.html">Senarai main muzik</target>
      <target FeatureID="-1" href="MUS_HLP_AUDIO_SETT.html">Tetapan audio</target>
   </keywords>
   <keywords>
      <text FeatureID="-1">podcasting</text>
      <target FeatureID="-1" href="MUS_HLP_PODCAST_MAIN_VIEW.html">Podcast</target>
      <target FeatureID="-1" href="MUS_HLP_PODCAST_EPISODES.html">Episod podcast</target>
   </keywords>
   <keywords>
      <text FeatureID="-1">senarai main</text>
      <target FeatureID="-1" href="MUS_HLP_PLAYLISTS_VIEW.html">Senarai main muzik</target>
   </keywords>
   <keywords>
      <text FeatureID="-1">music player</text>
      <target FeatureID="-1" href="MUS_HLP_DOWNLOAD_PLAYBACK_VIEW.html">Play music on web</target>
      <target FeatureID="-1" href="MUS_HLP_LIB_MAIN_VIEW.html">Music library</target>
   </keywords>
   <keywords>
      <text FeatureID="-1">penggalak bes</text>
      <target FeatureID="-1" href="MUS_HLP_AUDIO_SETT.html">Tetapan audio</target>
   </keywords>
   <keywords>
      <text FeatureID="-1">peluasan stereo</text>
      <target FeatureID="-1" href="MUS_HLP_AUDIO_SETT.html">Tetapan audio</target>
   </keywords>
</keywords>