<?xml version="1.0" encoding="UTF-8"?>
<keywords>
   <keywords>
      <text FeatureID="-1">סינכרון</text>
      <target FeatureID="-1" href="OTASYNCBU_HLP_MAIN.html">סינכרון Ovi</target>
   </keywords>
   <keywords>
      <text FeatureID="-1">סינכרון Ovi</text>
      <target FeatureID="-1" href="OTASYNCBU_HLP_MAIN.html">סינכרון Ovi</target>
      <target FeatureID="-1" href="OTASYNCBU_HLP_SETTINGS.html">הגדרות סינכרון Ovi</target>
   </keywords>
</keywords>