<?xml version="1.0" encoding="UTF-8"?>
<keywords>
   <keywords>
      <text FeatureID="-1">słownik</text>
      <target FeatureID="-1" href="DICTIONARY_HLP_MAIN_TAB1.html">Słownik</target>
   </keywords>
   <keywords>
      <text FeatureID="-1">tłumaczenie</text>
      <target FeatureID="-1" href="DICTIONARY_HLP_MAIN_TAB1.html">Słownik</target>
   </keywords>
   <keywords>
      <text FeatureID="-1">słownik, tłumaczenie</text>
      <target FeatureID="-1" href="DICTIONARY_HLP_RESULTS.html">Wyniki tłumaczenia</target>
   </keywords>
</keywords>