<?xml version="1.0" encoding="UTF-8"?>
<keywords>
   <keywords>
      <text FeatureID="-1">pocztówka</text>
      <target FeatureID="-1" href="MMS_POSTCARD_HLP_ADDRESS_EDIT.html">Edycja adresów</target>
      <target FeatureID="-1" href="POSTCARD_HLP_ADDRESS_VIEW.html">Wyświetlanie adresów</target>
      <target FeatureID="-1" href="POSTCARD_HLP_GREETING_EDIT.html">Pisanie pozdrowień</target>
      <target FeatureID="-1" href="POSTCARD_HLP_GREETING_VIEW.html">Wyświetlanie pozdrowień</target>
      <target FeatureID="-1" href="MMS_POSTCARD_HLP_MAIN_EDIT.html">Tworzenie pocztówek</target>
   </keywords>
   <keywords>
      <text FeatureID="-1">wysyłanie pocztówek</text>
      <target FeatureID="-1" href="MMS_POSTCARD_HLP_ADDRESS_EDIT.html">Edycja adresów</target>
      <target FeatureID="-1" href="POSTCARD_HLP_GREETING_EDIT.html">Pisanie pozdrowień</target>
      <target FeatureID="-1" href="MMS_POSTCARD_HLP_MAIN_EDIT.html">Tworzenie pocztówek</target>
   </keywords>
   <keywords>
      <text FeatureID="-1">pocztówki</text>
      <target FeatureID="-1" href="MMS_POSTCARD_HLP_MAIN_VIEW.html">Wyświetlanie pocztówek</target>
   </keywords>
</keywords>