<?xml version="1.0" encoding="UTF-8"?>
<keywords>
   <keywords>
      <text FeatureID="-1">اوضاع کی مطابقت جاری</text>
      <target FeatureID="-1" href="MODE_HLP_PERSONALISE.html">اوضاع کو ذاتی بنائيں</target>
   </keywords>
   <keywords>
      <text FeatureID="-1">ٹونز کی ترتیبات</text>
      <target FeatureID="-1" href="SET_HLP_PERSONAL_TONES.html">ٹونز کی ترتیبات</target>
   </keywords>
   <keywords>
      <text FeatureID="-1">گھنٹى ٹونز</text>
      <target FeatureID="-1" href="SET_HLP_PERSONAL_TONES.html">ٹونز کی ترتیبات</target>
   </keywords>
   <keywords>
      <text FeatureID="-1">پروفائل</text>
      <target FeatureID="-1" href="MODE_HLP_PROFILES_LIST.html">پروفائل</target>
   </keywords>
   <keywords>
      <text FeatureID="-1">پروفائل تبديل</text>
      <target FeatureID="-1" href="MODE_HLP_PROFILES_LIST.html">پروفائل</target>
   </keywords>
</keywords>