<?xml version="1.0" encoding="UTF-8"?>
<keywords>
   <keywords>
      <text FeatureID="-1">设置, 滑盖</text>
      <target FeatureID="-1" href="SET_HLP_SETTINGS_KEYPAD_COVER.html">滑盖操作设置</target>
   </keywords>
   <keywords>
      <text FeatureID="-1">滑盖设置</text>
      <target FeatureID="-1" href="SET_HLP_SETTINGS_KEYPAD_COVER.html">滑盖操作设置</target>
   </keywords>
   <keywords>
      <text FeatureID="-1">设备管理</text>
      <target FeatureID="-1" href="CP_HLP_DEVICE_MANAGEMENT.html">设备管理</target>
   </keywords>
   <keywords>
      <text FeatureID="true_109">EAP (可扩展鉴定协议)</text>
      <target FeatureID="true_109" href="SET_HLP_WLAN_EAP_SIM.html">EAP-SIM 设置</target>
   </keywords>
   <keywords>
      <text FeatureID="true_109">设置, WLAN</text>
      <target FeatureID="true_109" href="SET_HLP_WLAN_EAP_SIM.html">EAP-SIM 设置</target>
   </keywords>
   <keywords>
      <text FeatureID="-1">限制接入点</text>
      <target FeatureID="-1" href="ACL_HLP_MAIN.html">限制连接</target>
   </keywords>
   <keywords>
      <text FeatureID="-1">连接设置</text>
      <target FeatureID="-1" href="SIP_HLP_PROF_PARAMS.html">SIP 模式设置</target>
      <target FeatureID="-1" href="SIP_HLP_MAIN.html">SIP 模式</target>
      <target FeatureID="-1" href="SET_HLP_CONN_DEST_VIEW.html">承载方式视图</target>
      <target FeatureID="-1" href="SET_HLP_DEFAULT_CONN.html">默认连接</target>
      <target FeatureID="-1" href="SET_HLP_CONN_METHODS_VIEW.html">接入点视图</target>
      <target FeatureID="true_1581" href="RD_HLP_REMOTE_DRIVE_CONFIG.html">远程驱动器设置</target>
      <target FeatureID="true_1581" href="RD_HLP_REMOTE_DRIVES.html">远程驱动器</target>
   </keywords>
   <keywords>
      <text FeatureID="-1">SIP 设置</text>
      <target FeatureID="-1" href="SIP_HLP_PROF_PARAMS.html">SIP 模式设置</target>
      <target FeatureID="-1" href="SIP_HLP_MAIN.html">SIP 模式</target>
      <target FeatureID="-1" href="SIP_HLP_PROXY_PARAMS.html">SIP 代理设置</target>
      <target FeatureID="-1" href="SIP_HLP_REGISTRAR_PARAM.html">注册服务器设置</target>
   </keywords>
   <keywords>
      <text FeatureID="-1">注册服务器</text>
      <target FeatureID="-1" href="SIP_HLP_REGISTRAR_PARAM.html">注册服务器设置</target>
   </keywords>
   <keywords>
      <text FeatureID="-1">接入点</text>
      <target FeatureID="-1" href="HLP_OCC_CONN_SETTINGS.html">网络连接</target>
      <target FeatureID="-1" href="SET_HLP_CONN_METHODS_VIEW.html">接入点视图</target>
   </keywords>
   <keywords>
      <text FeatureID="-1">设置, 连接</text>
      <target FeatureID="-1" href="HLP_OCC_CONN_SETTINGS.html">网络连接</target>
   </keywords>
   <keywords>
      <text FeatureID="-1">承载方式设置</text>
      <target FeatureID="-1" href="SET_HLP_CONN_DEST_VIEW.html">承载方式视图</target>
   </keywords>
   <keywords>
      <text FeatureID="-1">默认连接</text>
      <target FeatureID="-1" href="SET_HLP_DEFAULT_CONN.html">默认连接</target>
   </keywords>
   <keywords>
      <text FeatureID="-1">VPN 接入点</text>
      <target FeatureID="true_99" href="SET_HLP_VPN_DEST_ASSOC_VIEW.html">VPN 连接</target>
      <target FeatureID="-1" href="SET_HLP_VPN_AP_SETTINGS_VIEW.html">编辑 VPN 接入点</target>
   </keywords>
   <keywords>
      <text FeatureID="-1">应用程序连接</text>
      <target FeatureID="-1" href="SET_HLP_APP_DEST_ASSOC_VIEW.html">应用程序连接</target>
   </keywords>
   <keywords>
      <text FeatureID="-1">应用程序设置</text>
      <target FeatureID="-1" href="CP_HLP_APPILICATION_SETTINGS.html">应用程序设置</target>
   </keywords>
   <keywords>
      <text FeatureID="-1">通话, 设置</text>
      <target FeatureID="-1" href="SCP_HLP_CALL.html">通话设置</target>
   </keywords>
   <keywords>
      <text FeatureID="-1">设置, 通话</text>
      <target FeatureID="-1" href="SCP_HLP_CALL.html">通话设置</target>
   </keywords>
   <keywords>
      <text FeatureID="-1">连接功能</text>
      <target FeatureID="-1" href="CP_HLP_CONNECTIVITY.html">连接功能设置</target>
   </keywords>
   <keywords>
      <text FeatureID="-1">控制面板</text>
      <target FeatureID="-1" href="CP_HLP_DISPLAY.html">屏幕设置</target>
      <target FeatureID="__DUAL_LANGUAGE_SUPPORT=true" href="CP_HLP_WRITING_LANGUAGE.html">编辑语言</target>
   </keywords>
   <keywords>
      <text FeatureID="-1">屏幕设置</text>
      <target FeatureID="-1" href="CP_HLP_DISPLAY.html">屏幕设置</target>
   </keywords>
   <keywords>
      <text FeatureID="-1">常规设置</text>
      <target FeatureID="-1" href="CP_HLP_DEVICE.html">设备设置</target>
   </keywords>
   <keywords>
      <text FeatureID="-1">设备设置</text>
      <target FeatureID="-1" href="CP_HLP_DEVICE.html">设备设置</target>
   </keywords>
   <keywords>
      <text FeatureID="-1">语言设置</text>
      <target FeatureID="-1" href="CP_HLP_LANGUAGE.html">语言设置</target>
   </keywords>
   <keywords>
      <text FeatureID="-1">设置</text>
      <target FeatureID="-1" href="CP_HLP_MAIN_VIEW.html">设置</target>
   </keywords>
   <keywords>
      <text FeatureID="-1">网络设置</text>
      <target FeatureID="-1" href="CP_HLP_NETWORK.html">网络设置</target>
      <target FeatureID="-1" href="CP_HLP_NETWORK.html">网络设置</target>
   </keywords>
   <keywords>
      <text FeatureID="-1">情景模式</text>
      <target FeatureID="-1" href="CP_HLP_PERSONAL.html">个人视图</target>
   </keywords>
   <keywords>
      <text FeatureID="-1">主题模式</text>
      <target FeatureID="-1" href="CP_HLP_PERSONAL.html">个人视图</target>
   </keywords>
   <keywords>
      <text FeatureID="-1">待机状态</text>
      <target FeatureID="-1" href="CP_HLP_PERSONAL.html">个人视图</target>
   </keywords>
   <keywords>
      <text FeatureID="-1">安全性, 设置</text>
      <target FeatureID="-1" href="CP_HLP_SECURITY.html">安全性设置</target>
   </keywords>
   <keywords>
      <text FeatureID="-1">设置, 安全性</text>
      <target FeatureID="-1" href="CP_HLP_SECURITY.html">安全性设置</target>
   </keywords>
   <keywords>
      <text FeatureID="-1">设备, 锁定</text>
      <target FeatureID="-1" href="SET_HLP_SECURITY_DEVICE_SIM.html">设备安全性</target>
   </keywords>
   <keywords>
      <text FeatureID="-1">安全性</text>
      <target FeatureID="-1" href="SET_HLP_SECURITY_DEVICE_SIM.html">设备安全性</target>
   </keywords>
   <keywords>
      <text FeatureID="__DUAL_LANGUAGE_SUPPORT=true">编辑语言</text>
      <target FeatureID="__DUAL_LANGUAGE_SUPPORT=true" href="CP_HLP_WRITING_LANGUAGE.html">编辑语言</target>
   </keywords>
   <keywords>
      <text FeatureID="-1">配件设置</text>
      <target FeatureID="-1" href="SET_HLP_ACCESSORIES_LIST.html">配件设置</target>
      <target FeatureID="-1" href="SET_HLP_ACCESSORIES_HEADPHONE.html">单听式耳机设置</target>
      <target FeatureID="-1" href="SET_HLP_ACCESSORIES_HEADSET.html">话务式耳机设置</target>
      <target FeatureID="-1" href="SET_HLP_ACCESS_WIRED_CK.html">有线车载配件设置</target>
      <target FeatureID="true_1032" href="SET_HLP_ACCESSORIES_TTY.html">聋哑人通讯器设置</target>
      <target FeatureID="true_1540" href="SET_HLP_ACCESSORIES_TVOUT.html">电视输出设置</target>
   </keywords>
   <keywords>
      <text FeatureID="-1">分组数据接入点</text>
      <target FeatureID="-1" href="SET_HLP_AP_SETTING_GPRS.html">分组数据接入点</target>
      <target FeatureID="-1" href="SET_HLP_AP_SETTING_GPRS_AS.html">高级分组数据设置</target>
   </keywords>
   <keywords>
      <text FeatureID="-1">分组数据设置</text>
      <target FeatureID="-1" href="SET_HLP_AP_SETTING_GPRS_AS.html">高级分组数据设置</target>
   </keywords>
   <keywords>
      <text FeatureID="true_1088 true_110">数据通话接入点</text>
      <target FeatureID="true_110" href="SET_HLP_AP_DATA_AS_IPV4.html">数据通话 IPv4 设置</target>
      <target FeatureID="true_1088" href="SET_HLP_AP_DATA_AS_IPV6.html">数据通话 IPv6 设置</target>
      <target FeatureID="true_110" href="SET_HLP_AP_SETTING_DATA_AS.html">高级数据通话设置</target>
   </keywords>
   <keywords>
      <text FeatureID="true_110">接入点设置</text>
      <target FeatureID="true_110" href="SET_HLP_AP_SETTING_DATA.html">数据通话接入点</target>
      <target FeatureID="true_110" href="SET_HLP_AP_SETTING_DATA_AS.html">高级数据通话设置</target>
   </keywords>
   <keywords>
      <text FeatureID="true_110">数据通话设置</text>
      <target FeatureID="true_110" href="SET_HLP_AP_SETTING_DATA.html">数据通话接入点</target>
   </keywords>
   <keywords>
      <text FeatureID="-1">虚拟专用网络</text>
      <target FeatureID="-1" href="SET_HLP_VPN_AP_SETTINGS_VIEW.html">编辑 VPN 接入点</target>
   </keywords>
   <keywords>
      <text FeatureID="-1">键盘保护</text>
      <target FeatureID="-1" href="CP_HLP_AUTOKEYGUARD.html">自动键盘保护</target>
   </keywords>
   <keywords>
      <text FeatureID="true_1581">远程驱动器</text>
      <target FeatureID="true_1581" href="RD_HLP_REMOTE_DRIVE_CONFIG.html">远程驱动器设置</target>
      <target FeatureID="true_1581" href="RD_HLP_REMOTE_DRIVES.html">远程驱动器</target>
   </keywords>
   <keywords>
      <text FeatureID="-1">呼叫限制</text>
      <target FeatureID="-1" href="SET_HLP_BARRING_SETTINGS.html">限制手机呼叫</target>
      <target FeatureID="true_298" href="DIV_HLP_BARRING_MAIN.html">限制呼叫</target>
   </keywords>
   <keywords>
      <text FeatureID="-1">限制呼叫</text>
      <target FeatureID="-1" href="SET_HLP_BARRING_SETTINGS.html">限制手机呼叫</target>
      <target FeatureID="true_298" href="DIV_HLP_BARRING_MAIN.html">限制呼叫</target>
   </keywords>
   <keywords>
      <text FeatureID="true_89">转接通话</text>
      <target FeatureID="true_89" href="DIV_HLP_CALL_FORW_VID.html">转接视频通话</target>
   </keywords>
   <keywords>
      <text FeatureID="-1">转接呼叫</text>
      <target FeatureID="-1" href="DIV_HLP_CALL_FORW_MAIN.html">呼叫转接</target>
      <target FeatureID="-1" href="DIV_HLP_CALL_FORW_MAIN.html">呼叫转接</target>
      <target FeatureID="-1" href="DIV_HLP_CALL_FORW_VOI.html">转接语音呼叫</target>
   </keywords>
   <keywords>
      <text FeatureID="-1">同步设置</text>
      <target FeatureID="-1" href="CP_HLP_SYNCHRONISATION.html">同步设置</target>
   </keywords>
   <keywords>
      <text FeatureID="-1">安装应用程序</text>
      <target FeatureID="-1" href="CP_HLP_INSTALLATIONS.html">安装</target>
   </keywords>
   <keywords>
      <text FeatureID="-1">单听式耳机设置</text>
      <target FeatureID="-1" href="SET_HLP_ACCESSORIES_HEADPHONE.html">单听式耳机设置</target>
   </keywords>
   <keywords>
      <text FeatureID="-1">话务式耳机设置</text>
      <target FeatureID="-1" href="SET_HLP_ACCESSORIES_HEADSET.html">话务式耳机设置</target>
   </keywords>
   <keywords>
      <text FeatureID="-1">有线车载配件设置</text>
      <target FeatureID="-1" href="SET_HLP_ACCESS_WIRED_CK.html">有线车载配件设置</target>
   </keywords>
   <keywords>
      <text FeatureID="-1">车载配件设置</text>
      <target FeatureID="-1" href="SET_HLP_ACCESS_WIRED_CK.html">有线车载配件设置</target>
   </keywords>
   <keywords>
      <text FeatureID="-1">手机音响座设置</text>
      <target FeatureID="-1" href="SET_HLP_ACCESSORIES_MUSIC_ST.html">手机音响座设置</target>
   </keywords>
   <keywords>
      <text FeatureID="true_1032">聋哑人通讯器设置</text>
      <target FeatureID="true_1032" href="SET_HLP_ACCESSORIES_TTY.html">聋哑人通讯器设置</target>
      <target FeatureID="true_1032" href="SET_HLP_ACCESSORIES_TTY.html">聋哑人通讯器设置</target>
   </keywords>
   <keywords>
      <text FeatureID="true_1540">电视输出设置</text>
      <target FeatureID="true_1540" href="SET_HLP_ACCESSORIES_TVOUT.html">电视输出设置</target>
   </keywords>
   <keywords>
      <text FeatureID="true_410">文字输入</text>
      <target FeatureID="true_410" href="PREDINPUT_HLP_VIRTUAL_ITI_SETTINGS.html">输入设置</target>
   </keywords>
   <keywords>
      <text FeatureID="-1">智能文字输入法</text>
      <target FeatureID="-1" href="PREDINPUT_HLP_VIRTUAL_ITI.html">智能文字输入法</target>
   </keywords>
   <keywords>
      <text FeatureID="-1">设置, 恢复</text>
      <target FeatureID="-1" href="SET_HLP_GENERAL_ORIG_SET.html">恢复原厂设置</target>
   </keywords>
   <keywords>
      <text FeatureID="-1">恢复设置</text>
      <target FeatureID="-1" href="SET_HLP_GENERAL_ORIG_SET.html">恢复原厂设置</target>
   </keywords>
   <keywords>
      <text FeatureID="-1">出厂设置, 恢复</text>
      <target FeatureID="-1" href="SET_HLP_GENERAL_ORIG_SET.html">恢复原厂设置</target>
   </keywords>
</keywords>