<?xml version="1.0" encoding="UTF-8"?>
<keywords>
   <keywords>
      <text FeatureID="-1">cell broadcast-meddelanden</text>
      <target FeatureID="-1" href="CBS_HLP_TOPIC_VIEW.html">Cell broadcast-meddelanden</target>
      <target FeatureID="-1" href="CBS_HLP_MAIN.html">Ämnen i CBS-medd.</target>
      <target FeatureID="-1" href="CBS_HLP_MSG.html">Läsa CBS-meddelanden</target>
   </keywords>
   <keywords>
      <text FeatureID="-1">ämnen i CBS</text>
      <target FeatureID="-1" href="CBS_HLP_MAIN.html">Ämnen i CBS-medd.</target>
   </keywords>
</keywords>