<?xml version="1.0" encoding="UTF-8"?>
<keywords>
   <keywords>
      <text FeatureID="-1">Quickoffice, file manager</text>
      <target FeatureID="-1" href="QFM_HLP_FILE_MENU.html">File manager</target>
   </keywords>
   <keywords>
      <text FeatureID="-1">Quickoffice</text>
      <target FeatureID="-1" href="QFM_HLP_LOC_MENU.html">Quickoffice</target>
   </keywords>
   <keywords>
      <text FeatureID="-1">Quickpoint, finding text</text>
      <target FeatureID="-1" href="QPOINT_HLP_FIND_VIEW.html">Find outline text</target>
   </keywords>
   <keywords>
      <text FeatureID="-1">Quickpoint, notes</text>
      <target FeatureID="-1" href="QPOINT_HLP_VIEW_NOTES_VIEW.html">View notes</target>
   </keywords>
   <keywords>
      <text FeatureID="-1">Quickpoint, outlines</text>
      <target FeatureID="-1" href="QPOINT_HLP_VIEW_OUTLINE_VIEW.html">View outlines</target>
   </keywords>
   <keywords>
      <text FeatureID="-1">Quickpoint</text>
      <target FeatureID="-1" href="QPOINT_HLP_VIEW_SLIDE_VIEW.html">View slides</target>
   </keywords>
   <keywords>
      <text FeatureID="-1">Quicksheet, finding text</text>
      <target FeatureID="-1" href="QSHEET_HLP_FIND_VIEW.html">Find text in a spreadsheet</target>
   </keywords>
   <keywords>
      <text FeatureID="-1">Quicksheet, cells</text>
      <target FeatureID="-1" href="QSHEET_HLP_VIEW_CELL.html">View cells</target>
   </keywords>
   <keywords>
      <text FeatureID="-1">Quickword, finding text</text>
      <target FeatureID="-1" href="QWORD_HLP_FIND_MODE.html">Find text</target>
   </keywords>
   <keywords>
      <text FeatureID="-1">Quickword</text>
      <target FeatureID="-1" href="QWORD_HLP_VIEW_MODE.html">View documents</target>
   </keywords>
   <keywords>
      <text FeatureID="-1">Quickword, page layout</text>
      <target FeatureID="-1" href="QWORD_HLP_PAGE_VIEW.html">View page layout</target>
   </keywords>
</keywords>