<?xml version="1.0" encoding="UTF-8"?>
<keywords>
   <keywords>
      <text FeatureID="-1">Quickoffice, file manager</text>
      <target FeatureID="-1" href="QFM_HLP_FILE_MENU.html">File manager</target>
   </keywords>
   <keywords>
      <text FeatureID="-1">Quickoffice</text>
      <target FeatureID="-1" href="QFM_HLP_LOC_MENU.html">Quickoffice</target>
   </keywords>
   <keywords>
      <text FeatureID="-1">Quickpoint</text>
      <target FeatureID="-1" href="QPOINT_HLP_EDIT_SLIDE_VIEW.html">Edit slides</target>
      <target FeatureID="-1" href="QPOINT_HLP_REPLACE_VIEW.html">Find and replace text</target>
      <target FeatureID="-1" href="QPOINT_HLP_FIND_VIEW.html">Find text</target>
      <target FeatureID="-1" href="QPOINT_HLP_VIEW_SLIDE_VIEW.html">View slides</target>
   </keywords>
   <keywords>
      <text FeatureID="-1">Quickpoint, text</text>
      <target FeatureID="-1" href="QPOINT_HLP_EDIT_TEXT_VIEW.html">Edit text</target>
   </keywords>
   <keywords>
      <text FeatureID="-1">Quickpoint, comments</text>
      <target FeatureID="-1" href="QPOINT_HLP_COMMENT_VIEW.html">View comments</target>
   </keywords>
   <keywords>
      <text FeatureID="-1">Quickpoint, notes</text>
      <target FeatureID="-1" href="QPOINT_HLP_VIEW_NOTES_VIEW.html">View notes</target>
   </keywords>
   <keywords>
      <text FeatureID="-1">Quickpoint, outlines</text>
      <target FeatureID="-1" href="QPOINT_HLP_VIEW_OUTLINE_VIEW.html">View outlines</target>
   </keywords>
   <keywords>
      <text FeatureID="-1">Quicksheet, cells</text>
      <target FeatureID="-1" href="QSHEET_HLP_CELLS_EDIT.html">Edit cells</target>
      <target FeatureID="-1" href="QSHEET_HLP_VIEW_CELL.html">View cells</target>
   </keywords>
   <keywords>
      <text FeatureID="-1">Quicksheet, columns</text>
      <target FeatureID="-1" href="QSHEET_HLP_EDIT_COLUMN.html">Edit columns</target>
   </keywords>
   <keywords>
      <text FeatureID="-1">Quicksheet, ranges</text>
      <target FeatureID="-1" href="QSHEET_HLP_EDIT_RANGE.html">Edit ranges</target>
   </keywords>
   <keywords>
      <text FeatureID="-1">Quicksheet, rows</text>
      <target FeatureID="-1" href="QSHEET_HLP_EDIT_ROW.html">Edit rows</target>
   </keywords>
   <keywords>
      <text FeatureID="-1">Quicksheet</text>
      <target FeatureID="-1" href="QSHEET_HLP_REPLACE_VIEW.html">Find and replace text</target>
      <target FeatureID="-1" href="QSHEET_HLP_FIND_VIEW.html">Find text</target>
      <target FeatureID="-1" href="QSHEET_HLP_CELLS_VIEW.html">View spreadsheets</target>
   </keywords>
   <keywords>
      <text FeatureID="-1">Quickword</text>
      <target FeatureID="-1" href="QWORD_HLP_EDIT_MODE.html">Edit documents</target>
      <target FeatureID="-1" href="QWORD_HLP_FIND_MODE.html">Find and replace text</target>
      <target FeatureID="-1" href="QWORD_HLP_VIEW_MODE.html">View documents</target>
      <target FeatureID="-1" href="QWORD_HLP_PAGE_VIEW.html">View page layout</target>
   </keywords>
</keywords>