<?xml version="1.0" encoding="UTF-8"?>
<keywords>
   <keywords>
      <text FeatureID="-1">početni zaslon</text>
      <target FeatureID="-1" href="SET_HLP_HOME_SCREEN.html">Početni zaslon</target>
      <target FeatureID="-1" href="SET_HLP_HOME_SCREEN_EDIT.html">Uređivanje početnog zaslona</target>
   </keywords>
   <keywords>
      <text FeatureID="-1">widgets datoteke</text>
      <target FeatureID="-1" href="WM_HLP_WIDGET_COLLECTION.html">Katalog widgeta</target>
   </keywords>
</keywords>