<?xml version="1.0" encoding="UTF-8"?>
<keywords>
   <keywords>
      <text FeatureID="-1">redigere bilder</text>
      <target FeatureID="-1" href="SIE_HLP_MAIN.html">Redigere bilder</target>
   </keywords>
   <keywords>
      <text FeatureID="-1">redigere tekst</text>
      <target FeatureID="-1" href="SIE_HLP_EDIT_TEXT.html">Redigere tekst i bilder</target>
   </keywords>
   <keywords>
      <text FeatureID="-1">bilderedigering</text>
      <target FeatureID="-1" href="SIE_HLP_EDIT_TEXT.html">Redigere tekst i bilder</target>
   </keywords>
   <keywords>
      <text FeatureID="-1">redigere zoomet bilde</text>
      <target FeatureID="-1" href="SIE_HLP_ZOOMING.html">Redigere zoomet bilde</target>
   </keywords>
   <keywords>
      <text FeatureID="-1">zoome bilder</text>
      <target FeatureID="-1" href="SIE_HLP_ZOOMING.html">Redigere zoomet bilde</target>
   </keywords>
   <keywords>
      <text FeatureID="-1">redigere utklipp</text>
      <target FeatureID="-1" href="SIE_HLP_EDIT_CLIPART.html">Redigere utklipp</target>
   </keywords>
   <keywords>
      <text FeatureID="-1">redigere snakkebobler</text>
      <target FeatureID="-1" href="SIE_HLP_EDIT_CLIPART.html">Redigere utklipp</target>
   </keywords>
   <keywords>
      <text FeatureID="-1">redusere røde øyne</text>
      <target FeatureID="-1" href="SIE_HLP_REDEYE.html">Redusere røde øyne</target>
   </keywords>
</keywords>