<?xml version="1.0" encoding="UTF-8"?>
<keywords>
   <keywords>
      <text FeatureID="-1">синхронизация</text>
      <target FeatureID="-1" href="OTASYNCBU_HLP_MAIN.html">Ovi синхро</target>
   </keywords>
   <keywords>
      <text FeatureID="-1">Ovi синхро</text>
      <target FeatureID="-1" href="OTASYNCBU_HLP_MAIN.html">Ovi синхро</target>
      <target FeatureID="-1" href="OTASYNCBU_HLP_SETTINGS.html">Настройки на Ovi синхро</target>
   </keywords>
</keywords>