<?xml version="1.0" encoding="UTF-8"?>
<keywords>
   <keywords>
      <text FeatureID="-1">agenda</text>
      <target FeatureID="-1" href="CALE_HLP_NOTE_VIEWER.html">Entradas de agenda</target>
      <target FeatureID="-1" href="CALE_HLP_DAY_VIEW.html">Vista del día</target>
      <target FeatureID="-1" href="CALE_HLP_NOTE_MEETING.html">Entradas de reunión</target>
      <target FeatureID="-1" href="CALE_HLP_MONTH_VIEW.html">Vista del mes</target>
      <target FeatureID="-1" href="CALE_HLP_TODO_NOTE.html">Entradas de tareas</target>
      <target FeatureID="-1" href="CALE_HLP_TODO_VIEW.html">Vista de Tareas</target>
      <target FeatureID="-1" href="CALE_HLP_WEEK_VIEW.html">Vista de la semana</target>
      <target FeatureID="-1" href="CALE_HLP_CALENDAR_DATABASE_SETTINGS.html">Configuración de varias agendas</target>
      <target FeatureID="-1" href="CALE_HLP_CALE_MAN_VIEW.html">Vista de gestión de la agenda</target>
      <target FeatureID="-1" href="CALE_HLP_ATTACH_VIEW.html">Visualización de archivos adjuntos</target>
      <target FeatureID="-1" href="CALE_HLP_MAV.html">Visualización de las alarmas perdidas</target>
   </keywords>
   <keywords>
      <text FeatureID="-1">reuniones</text>
      <target FeatureID="-1" href="CALE_HLP_NOTE_VIEWER.html">Entradas de agenda</target>
      <target FeatureID="-1" href="CALE_HLP_NOTE_MEETING.html">Entradas de reunión</target>
   </keywords>
   <keywords>
      <text FeatureID="-1">notas de tareas</text>
      <target FeatureID="-1" href="CALE_HLP_NOTE_VIEWER.html">Entradas de agenda</target>
      <target FeatureID="-1" href="CALE_HLP_TODO_NOTE.html">Entradas de tareas</target>
   </keywords>
   <keywords>
      <text FeatureID="-1">ajustes de la agenda</text>
      <target FeatureID="-1" href="CALE_HLP_SETTINGS.html">Ajustes de la agenda</target>
   </keywords>
   <keywords>
      <text FeatureID="-1">lista de tareas</text>
      <target FeatureID="-1" href="CALE_HLP_TODO_VIEW.html">Vista de Tareas</target>
   </keywords>
   <keywords>
      <text FeatureID="-1">ajustes, agenda</text>
      <target FeatureID="-1" href="CALE_HLP_CALENDAR_DATABASE_SETTINGS.html">Configuración de varias agendas</target>
   </keywords>
   <keywords>
      <text FeatureID="-1">adjuntos</text>
      <target FeatureID="-1" href="CALE_HLP_ATTACH_VIEW.html">Visualización de archivos adjuntos</target>
   </keywords>
   <keywords>
      <text FeatureID="-1">alarmas, nota de la agenda</text>
      <target FeatureID="-1" href="CALE_HLP_MAV.html">Visualización de las alarmas perdidas</target>
   </keywords>
</keywords>