<?xml version="1.0" encoding="UTF-8"?>
<keywords>
   <keywords>
      <text FeatureID="-1">Bluetooth</text>
      <target FeatureID="-1" href="BT_HLP_MAIN.html">Bluetooth</target>
      <target FeatureID="-1" href="BT_HLP_PAIRED.html">Створення пари із пристроями</target>
      <target FeatureID="-1" href="BT_HLP_BLOCKED.html">Блокування пристроїв</target>
   </keywords>
   <keywords>
      <text FeatureID="-1">установки Bluetooth</text>
      <target FeatureID="-1" href="BT_HLP_MAIN.html">Bluetooth</target>
   </keywords>
   <keywords>
      <text FeatureID="-1">об’єднання пристроїв у пару</text>
      <target FeatureID="-1" href="BT_HLP_PAIRED.html">Створення пари із пристроями</target>
   </keywords>
   <keywords>
      <text FeatureID="-1">заблоковані пристрої</text>
      <target FeatureID="-1" href="BT_HLP_BLOCKED.html">Блокування пристроїв</target>
   </keywords>
   <keywords>
      <text FeatureID="true_12">бездротова клавіатура</text>
      <target FeatureID="true_12" href="BTKEYBOARD_HLP_SETTINGS.html">Бездротова клавіатура</target>
   </keywords>
</keywords>