<?xml version="1.0" encoding="UTF-8"?>
<keywords>
   <keywords>
      <text FeatureID="-1">configuració del compte de correu electrònic</text>
      <target FeatureID="-1" href="FSE_HLP_IMS_SETTINGS_ACCT_INFO.html">Configuració del compte de correu electrònic</target>
   </keywords>
   <keywords>
      <text FeatureID="-1">Configuració avançada de la bústia de correu</text>
      <target FeatureID="-1" href="FSE_HLP_IMS_SETTINGS_ADVANCED.html">Configuració avançada de la bústia de correu </target>
   </keywords>
   <keywords>
      <text FeatureID="-1">configuració de la bústia de correu</text>
      <target FeatureID="-1" href="FSE_HLP_IMS_SETTINGS_MAILBOX.html">Configuració de la bústia de correu</target>
   </keywords>
   <keywords>
      <text FeatureID="-1">contingut de sincronització de correu electrònic</text>
      <target FeatureID="-1" href="FSE_HLP_IMS_SETTINGS_WHAT_SYNC.html">Definiu el contingut de sincronització</target>
   </keywords>
   <keywords>
      <text FeatureID="-1">hora de sincronització de correu electrònic</text>
      <target FeatureID="-1" href="FSE_HLP_IMS_SETTINGS_WHEN_SYNC.html">Definiu el temps de sincronització</target>
   </keywords>
   <keywords>
      <text FeatureID="-1">sincronització de carpeta de correu electrònic</text>
      <target FeatureID="-1" href="FSE_HLP_IMS_SETTINGS_FOLDER.html">Sincronització de carpetes de correu electrònic</target>
   </keywords>
   <keywords>
      <text FeatureID="-1">configuració del servei de correu electrònic</text>
      <target FeatureID="-1" href="FSE_HLP_SETTINGS_INTELL_LIST.html">Configuració del servei de correu electrònic</target>
   </keywords>
   <keywords>
      <text FeatureID="-1">configuració de correu electrònic</text>
      <target FeatureID="-1" href="FSE_HLP_IMS_SETTINGS_MAIN_VIEW.html">Configuració del correu electrònic</target>
   </keywords>
   <keywords>
      <text FeatureID="-1">Intellisync</text>
      <target FeatureID="-1" href="FSE_HLP_IMS_LAUNCHER_MAIN_VIEW.html">Correu electrònic Intellisync</target>
   </keywords>
</keywords>