<?xml version="1.0" encoding="UTF-8"?>
<keywords>
   <keywords>
      <text FeatureID="true_1116">Kalendereinträge senden</text>
      <target FeatureID="true_1116" href="SMART_HLP_CALENDAREDITOR.html">Kalendereinträge senden</target>
   </keywords>
   <keywords>
      <text FeatureID="true_1114">Kalendereinträge empfangen</text>
      <target FeatureID="true_1114" href="SMART_HLP_CALENDARVIEWER.html">Empfangene Kalendereinträge</target>
   </keywords>
   <keywords>
      <text FeatureID="true_1114">Kalendereinträge</text>
      <target FeatureID="true_1114" href="SMART_HLP_CALPULLMESVIEWER.html">Kalendereinträge herunterladen</target>
   </keywords>
   <keywords>
      <text FeatureID="true_1117 true_1115">Visitenkarten</text>
      <target FeatureID="true_1117" href="SMART_HLP_BUSINESSEDITOR.html">Visitenkarten senden</target>
      <target FeatureID="true_1115" href="SMART_HLP_BUSINESSVIEWER.html">Empfangene Visitenkarten</target>
      <target FeatureID="true_1115" href="SMART_HLP_BUSPULLMESVIEWER.html">Visitenkarte herunterladen</target>
   </keywords>
   <keywords>
      <text FeatureID="true_1111">Ruftöne</text>
      <target FeatureID="true_1111" href="SMART_HLP_RINGVIEWER.html">Empfangene Klingeltöne</target>
   </keywords>
   <keywords>
      <text FeatureID="true_1110">Betreiberlogos</text>
      <target FeatureID="true_1110" href="SMART_HLP_OPLOGOVIEWER.html">Empfangene Betreiberlogos</target>
   </keywords>
   <keywords>
      <text FeatureID="true_1106">Lesezeichen</text>
      <target FeatureID="true_1106" href="SMART_HLP_ONEBOOKVIEWER.html">Empfangene Lesezeichen</target>
   </keywords>
   <keywords>
      <text FeatureID="true_1112">Bilder empfangen</text>
      <target FeatureID="true_1112" href="SMART_HLP_GMSVIEWER.html">Bildmitteilungen anzeigen</target>
   </keywords>
   <keywords>
      <text FeatureID="true_1112">Bildmitteilungen</text>
      <target FeatureID="true_1112" href="SMART_HLP_GMSVIEWER.html">Bildmitteilungen anzeigen</target>
   </keywords>
   <keywords>
      <text FeatureID="true_1537">externe Laufwerkskonfiguration</text>
      <target FeatureID="true_1537" href="SMART_HLP_REMOTEDRIVES_VIEWER.html">Externe Laufwerkskonfiguration abrufen</target>
      <target FeatureID="true_1537" href="SMART_HLP_REMOTEDRIVES_EDITOR.html">Externe Laufwerkskonfiguration senden</target>
   </keywords>
</keywords>