<?xml version="1.0" encoding="UTF-8"?><?xml-stylesheet  href="../../theme/xsl/index2html.xslt" type="text/xsl"?>
<topics FeatureID="-1" title="影片電視" compressed="true">
   <topicref FeatureID="-1" href="IPTV_HLP_MAIN_STATE.html" navtitle="影片電視"/>
   <topicref FeatureID="-1" href="IPTV_HLP_VODCAST_MAIN.html" navtitle="影片收取點"/>
   <topicref FeatureID="-1" href="IPTV_HLP_SERVICE_SELECTION_VOD.html" navtitle="選取影片服務"/>
   <topicref FeatureID="-1" href="IPTV_HLP_VOD_CATEGORIES.html" navtitle="影片類別"/>
   <topicref FeatureID="-1" href="IPTV_HLP_VOD.html" navtitle="檢視與下載影片"/>
   <topicref FeatureID="-1" href="IPTV_HLP_SCHEDULE_DOWNLOAD.html" navtitle="排程下載"/>
   <topicref FeatureID="-1" href="IPTV_HLP_STORAGE.html" navtitle="我的影片"/>
   <topicref FeatureID="-1" href="IPTV_HLP_SETTINGS.html" navtitle="影片電視設定"/>
   <topicref FeatureID="-1" href="IPTV_HLP_SERVICE_SEL_VODCAST.html" navtitle="選取影片收取點"/>
   <topicref FeatureID="-1" href="IPTV_HLP_ADD_SERVICE.html" navtitle="加入影片收取點"/>
</topics>