<?xml version="1.0" encoding="UTF-8"?>
<keywords>
   <keywords>
      <text FeatureID="-1">影片電視</text>
      <target FeatureID="-1" href="IPTV_HLP_MAIN_STATE.html">影片電視</target>
      <target FeatureID="-1" href="IPTV_HLP_VODCAST_MAIN.html">影片收取點</target>
      <target FeatureID="-1" href="IPTV_HLP_SERVICE_SELECTION_VOD.html">選取影片服務</target>
      <target FeatureID="-1" href="IPTV_HLP_VOD_CATEGORIES.html">影片類別</target>
      <target FeatureID="-1" href="IPTV_HLP_VOD.html">檢視與下載影片</target>
      <target FeatureID="-1" href="IPTV_HLP_SCHEDULE_DOWNLOAD.html">排程下載</target>
      <target FeatureID="-1" href="IPTV_HLP_STORAGE.html">我的影片</target>
      <target FeatureID="-1" href="IPTV_HLP_SERVICE_SEL_VODCAST.html">選取影片收取點</target>
      <target FeatureID="-1" href="IPTV_HLP_ADD_SERVICE.html">加入影片收取點</target>
   </keywords>
   <keywords>
      <text FeatureID="-1">影片收取點</text>
      <target FeatureID="-1" href="IPTV_HLP_VODCAST_MAIN.html">影片收取點</target>
      <target FeatureID="-1" href="IPTV_HLP_VOD_CATEGORIES.html">影片類別</target>
      <target FeatureID="-1" href="IPTV_HLP_SERVICE_SEL_VODCAST.html">選取影片收取點</target>
      <target FeatureID="-1" href="IPTV_HLP_ADD_SERVICE.html">加入影片收取點</target>
   </keywords>
   <keywords>
      <text FeatureID="-1">下載, 影片</text>
      <target FeatureID="-1" href="IPTV_HLP_VOD.html">檢視與下載影片</target>
      <target FeatureID="-1" href="IPTV_HLP_SCHEDULE_DOWNLOAD.html">排程下載</target>
   </keywords>
   <keywords>
      <text FeatureID="-1">影片電視, 設定</text>
      <target FeatureID="-1" href="IPTV_HLP_SETTINGS.html">影片電視設定</target>
   </keywords>
   <keywords>
      <text FeatureID="-1">設定, 影片</text>
      <target FeatureID="-1" href="IPTV_HLP_SETTINGS.html">影片電視設定</target>
   </keywords>
</keywords>