<?xml version="1.0" encoding="UTF-8"?>
<keywords>
   <keywords>
      <text FeatureID="-1">포스트 카드</text>
      <target FeatureID="-1" href="MMS_POSTCARD_HLP_ADDRESS_EDIT.html">주소 편집</target>
      <target FeatureID="-1" href="MMS_POSTCARD_HLP_MAIN_VIEW.html">포스트 카드 보기</target>
      <target FeatureID="-1" href="POSTCARD_HLP_ADDRESS_VIEW.html">주소 보기</target>
      <target FeatureID="-1" href="POSTCARD_HLP_GREETING_EDIT.html">인사말 작성</target>
      <target FeatureID="-1" href="POSTCARD_HLP_GREETING_VIEW.html">인사말 보기</target>
   </keywords>
   <keywords>
      <text FeatureID="-1">포스트 카드 전송</text>
      <target FeatureID="-1" href="MMS_POSTCARD_HLP_ADDRESS_EDIT.html">주소 편집</target>
      <target FeatureID="-1" href="POSTCARD_HLP_GREETING_EDIT.html">인사말 작성</target>
   </keywords>
   <keywords>
      <text FeatureID="-1">엽서</text>
      <target FeatureID="-1" href="MMS_POSTCARD_HLP_MAIN_EDIT.html">엽서 만들기</target>
   </keywords>
   <keywords>
      <text FeatureID="-1">엽서 보내기</text>
      <target FeatureID="-1" href="MMS_POSTCARD_HLP_MAIN_EDIT.html">엽서 만들기</target>
   </keywords>
</keywords>