<?xml version="1.0" encoding="UTF-8"?>
<keywords>
   <keywords>
      <text FeatureID="-1">talhólf</text>
      <target FeatureID="-1" href="SMSVO_HLP_MAIN_VIEW.html">Talhólf</target>
      <target FeatureID="true_298" href="SMSVO_HLP_CS_VIDEO_AND_XSP_VOIP.html">Tal-, mynd- og netsímatalhólf</target>
   </keywords>
   <keywords>
      <text FeatureID="-1">símsvari</text>
      <target FeatureID="-1" href="SMSVO_HLP_MAIN_VIEW.html">Talhólf</target>
      <target FeatureID="true_89" href="SMSVO_HLP_CS_AND_VIDEO.html">Talhólf og myndtalhólf</target>
      <target FeatureID="true_298" href="SMSVO_HLP_CS_VIDEO_AND_XSP_VOIP.html">Tal-, mynd- og netsímatalhólf</target>
   </keywords>
   <keywords>
      <text FeatureID="true_89">myndtalhólf</text>
      <target FeatureID="true_89" href="SMSVO_HLP_CS_AND_VIDEO.html">Talhólf og myndtalhólf</target>
   </keywords>
   <keywords>
      <text FeatureID="true_298">netsímatalhólf</text>
      <target FeatureID="true_298" href="SMSVO_HLP_CS_VIDEO_AND_XSP_VOIP.html">Tal-, mynd- og netsímatalhólf</target>
   </keywords>
</keywords>