<?xml version="1.0" encoding="UTF-8"?>
<keywords>
   <keywords>
      <text FeatureID="-1">άμεσα μηνύματα</text>
      <target FeatureID="-1" href="SERVTAB_HLP_CONVERSATION.html">Αποστολή άμεσων μηνυμάτων</target>
   </keywords>
   <keywords>
      <text FeatureID="-1">συνομιλία</text>
      <target FeatureID="-1" href="SERVTAB_HLP_CONVERSATION.html">Αποστολή άμεσων μηνυμάτων</target>
   </keywords>
   <keywords>
      <text FeatureID="-1">συζητήσεις</text>
      <target FeatureID="-1" href="SERVTAB_HLP_CONVERSATION.html">Αποστολή άμεσων μηνυμάτων</target>
   </keywords>
</keywords>