<?xml version="1.0" encoding="UTF-8"?>
<keywords>
   <keywords>
      <text FeatureID="-1">rečnik</text>
      <target FeatureID="-1" href="DICTIONARY_HLP_MAIN_TAB1.html">Rečnik</target>
   </keywords>
   <keywords>
      <text FeatureID="-1">prevođenje</text>
      <target FeatureID="-1" href="DICTIONARY_HLP_MAIN_TAB1.html">Rečnik</target>
   </keywords>
   <keywords>
      <text FeatureID="-1">rečnik, prevod</text>
      <target FeatureID="-1" href="DICTIONARY_HLP_RESULTS.html">Rezultati prevoda</target>
   </keywords>
</keywords>