<?xml version="1.0" encoding="UTF-8"?><?xml-stylesheet  href="../../theme/xsl/index2html.xslt" type="text/xsl"?>
<topics FeatureID="-1" title="記錄" compressed="true">
   <topicref FeatureID="-1" href="GPRS_HLP_MAIN.html" navtitle="封包數據連接"/>
   <topicref FeatureID="-1" href="LOGS_HLP_COUNTER.html" navtitle="通話和數據記錄"/>
   <topicref FeatureID="-1" href="LOGS_HLP_DETAIL.html" navtitle="記錄事件詳細資料"/>
   <topicref FeatureID="-1" href="LOGS_HLP_MAIN.html" navtitle="通訊記錄資料"/>
   <topicref FeatureID="-1" href="LOGS_HLP_SETTING.html" navtitle="通訊記錄設定"/>
   <topicref FeatureID="-1" href="STM_HLP_DIALLED.html" navtitle="已撥號碼"/>
   <topicref FeatureID="-1" href="STM_HLP_MAIN.html" navtitle="最近通話"/>
   <topicref FeatureID="-1" href="STM_HLP_MISSED.html" navtitle="未接來電"/>
   <topicref FeatureID="-1" href="STM_HLP_RECEIVED.html" navtitle="已接來電"/>
   <topicref FeatureID="-1" href="TIMERS_HLP_MAIN.html" navtitle="通話計時"/>
</topics>