<?xml version="1.0" encoding="UTF-8"?>
<keywords>
   <keywords>
      <text FeatureID="-1">封包數據連接</text>
      <target FeatureID="-1" href="GPRS_HLP_MAIN.html">封包數據連接</target>
   </keywords>
   <keywords>
      <text FeatureID="-1">通話計時</text>
      <target FeatureID="-1" href="LOGS_HLP_COUNTER.html">通話和數據記錄</target>
      <target FeatureID="-1" href="TIMERS_HLP_MAIN.html">通話計時</target>
   </keywords>
   <keywords>
      <text FeatureID="-1">封包數據連線</text>
      <target FeatureID="-1" href="LOGS_HLP_COUNTER.html">通話和數據記錄</target>
   </keywords>
   <keywords>
      <text FeatureID="-1">最近通話</text>
      <target FeatureID="-1" href="LOGS_HLP_COUNTER.html">通話和數據記錄</target>
      <target FeatureID="-1" href="STM_HLP_MAIN.html">最近通話</target>
   </keywords>
   <keywords>
      <text FeatureID="-1">記錄</text>
      <target FeatureID="-1" href="LOGS_HLP_DETAIL.html">記錄事件詳細資料</target>
      <target FeatureID="-1" href="LOGS_HLP_MAIN.html">通訊記錄資料</target>
   </keywords>
   <keywords>
      <text FeatureID="-1">通訊記錄設定</text>
      <target FeatureID="-1" href="LOGS_HLP_SETTING.html">通訊記錄設定</target>
   </keywords>
   <keywords>
      <text FeatureID="-1">已撥號碼</text>
      <target FeatureID="-1" href="STM_HLP_DIALLED.html">已撥號碼</target>
   </keywords>
   <keywords>
      <text FeatureID="-1">通話記錄</text>
      <target FeatureID="-1" href="STM_HLP_MAIN.html">最近通話</target>
   </keywords>
   <keywords>
      <text FeatureID="-1">未接來電</text>
      <target FeatureID="-1" href="STM_HLP_MISSED.html">未接來電</target>
   </keywords>
   <keywords>
      <text FeatureID="-1">已接來電</text>
      <target FeatureID="-1" href="STM_HLP_RECEIVED.html">已接來電</target>
      <target FeatureID="-1" href="STM_HLP_RECEIVED.html">已接來電</target>
   </keywords>
   <keywords>
      <text FeatureID="-1">通話長度</text>
      <target FeatureID="-1" href="TIMERS_HLP_MAIN.html">通話計時</target>
   </keywords>
</keywords>