<?xml version="1.0" encoding="UTF-8"?>
<keywords>
   <keywords>
      <text FeatureID="-1">volitussertifikaadid</text>
      <target FeatureID="-1" href="CM_HLP_AUTHORITY.html">Volitussertifikaadid</target>
   </keywords>
   <keywords>
      <text FeatureID="-1">sertifikaadid</text>
      <target FeatureID="-1" href="CM_HLP_AUTHORITY.html">Volitussertifikaadid</target>
      <target FeatureID="-1" href="CM_HLP_DEVICE.html">Seadme sertifikaadid</target>
      <target FeatureID="-1" href="CM_HLP_MAIN.html">Sertifikaadihaldus</target>
      <target FeatureID="-1" href="CM_HLP_PERSONAL.html">Isiklikud sertifikaadid</target>
      <target FeatureID="-1" href="CM_HLP_TRUSTED_SITE.html">Usaldusväärsete saitide sertifikaadid</target>
      <target FeatureID="-1" href="CM_HLP_TRUST_SETTINGS.html">Usaldusseadete muutmine</target>
   </keywords>
   <keywords>
      <text FeatureID="-1">turvasertifikaadid</text>
      <target FeatureID="-1" href="CM_HLP_AUTHORITY.html">Volitussertifikaadid</target>
      <target FeatureID="-1" href="CM_HLP_MAIN.html">Sertifikaadihaldus</target>
   </keywords>
   <keywords>
      <text FeatureID="-1">seadme sertifikaadid</text>
      <target FeatureID="-1" href="CM_HLP_DEVICE.html">Seadme sertifikaadid</target>
   </keywords>
   <keywords>
      <text FeatureID="-1">isiklikud sertifikaadid</text>
      <target FeatureID="-1" href="CM_HLP_PERSONAL.html">Isiklikud sertifikaadid</target>
   </keywords>
   <keywords>
      <text FeatureID="-1">usaldusväärsete saitide sertifikaadid</text>
      <target FeatureID="-1" href="CM_HLP_TRUSTED_SITE.html">Usaldusväärsete saitide sertifikaadid</target>
   </keywords>
   <keywords>
      <text FeatureID="-1">usaldusseaded</text>
      <target FeatureID="-1" href="CM_HLP_TRUST_SETTINGS.html">Usaldusseadete muutmine</target>
   </keywords>
</keywords>