<?xml version="1.0" encoding="UTF-8"?><?xml-stylesheet  href="../../theme/xsl/index2html.xslt" type="text/xsl"?>
<topics FeatureID="-1" title="تقویم" compressed="true">
   <topicref FeatureID="-1" href="CALE_HLP_NOTE_ANNIVERSARY.html" navtitle="ورودی های سالگرد"/>
   <topicref FeatureID="-1" href="CALE_HLP_NOTE_VIEWER.html" navtitle="ورودی های تقویم"/>
   <topicref FeatureID="-1" href="CALE_HLP_SETTINGS.html" navtitle="تنظیمات تقویم"/>
   <topicref FeatureID="-1" href="CALE_HLP_DAY_VIEW.html" navtitle="نمای روز"/>
   <topicref FeatureID="-1" href="CALE_HLP_NOTE_MEETING.html" navtitle="ورودی های جلسه"/>
   <topicref FeatureID="-1" href="CALE_HLP_NOTE_DAY.html" navtitle="ورودی های یادداشت"/>
   <topicref FeatureID="-1" href="CALE_HLP_MONTH_VIEW.html" navtitle="نمای ماه"/>
   <topicref FeatureID="-1" href="CALE_HLP_TODO_NOTE.html" navtitle="ورودی کارها"/>
   <topicref FeatureID="-1" href="CALE_HLP_TODO_VIEW.html" navtitle="نمای کارها"/>
   <topicref FeatureID="-1" href="CALE_HLP_WEEK_VIEW.html" navtitle="نمای هفته"/>
</topics>