<?xml version="1.0" encoding="UTF-8"?>
<keywords>
   <keywords>
      <text FeatureID="-1">تقویم</text>
      <target FeatureID="-1" href="CALE_HLP_NOTE_ANNIVERSARY.html">ورودی های سالگرد</target>
      <target FeatureID="-1" href="CALE_HLP_NOTE_VIEWER.html">ورودی های تقویم</target>
      <target FeatureID="-1" href="CALE_HLP_DAY_VIEW.html">نمای روز</target>
      <target FeatureID="-1" href="CALE_HLP_NOTE_MEETING.html">ورودی های جلسه</target>
      <target FeatureID="-1" href="CALE_HLP_NOTE_DAY.html">ورودی های یادداشت</target>
      <target FeatureID="-1" href="CALE_HLP_MONTH_VIEW.html">نمای ماه</target>
      <target FeatureID="-1" href="CALE_HLP_TODO_NOTE.html">ورودی کارها</target>
      <target FeatureID="-1" href="CALE_HLP_TODO_VIEW.html">نمای کارها</target>
      <target FeatureID="-1" href="CALE_HLP_WEEK_VIEW.html">نمای هفته</target>
   </keywords>
   <keywords>
      <text FeatureID="-1">یادداشت های سالگرد</text>
      <target FeatureID="-1" href="CALE_HLP_NOTE_ANNIVERSARY.html">ورودی های سالگرد</target>
      <target FeatureID="-1" href="CALE_HLP_NOTE_VIEWER.html">ورودی های تقویم</target>
   </keywords>
   <keywords>
      <text FeatureID="-1">ملاقات</text>
      <target FeatureID="-1" href="CALE_HLP_NOTE_VIEWER.html">ورودی های تقویم</target>
      <target FeatureID="-1" href="CALE_HLP_NOTE_MEETING.html">ورودی های جلسه</target>
   </keywords>
   <keywords>
      <text FeatureID="-1">یادداشت ها</text>
      <target FeatureID="-1" href="CALE_HLP_NOTE_VIEWER.html">ورودی های تقویم</target>
      <target FeatureID="-1" href="CALE_HLP_NOTE_DAY.html">ورودی های یادداشت</target>
   </keywords>
   <keywords>
      <text FeatureID="-1">یادداشت کارها</text>
      <target FeatureID="-1" href="CALE_HLP_NOTE_VIEWER.html">ورودی های تقویم</target>
      <target FeatureID="-1" href="CALE_HLP_TODO_NOTE.html">ورودی کارها</target>
   </keywords>
   <keywords>
      <text FeatureID="-1">تنظیمات تقویم</text>
      <target FeatureID="-1" href="CALE_HLP_SETTINGS.html">تنظیمات تقویم</target>
   </keywords>
   <keywords>
      <text FeatureID="-1">لیست کارها</text>
      <target FeatureID="-1" href="CALE_HLP_TODO_VIEW.html">نمای کارها</target>
   </keywords>
</keywords>