<?xml version="1.0" encoding="UTF-8"?>
<keywords>
   <keywords>
      <text FeatureID="-1">تقویم</text>
      <target FeatureID="-1" href="CALE_HLP_NOTE_VIEWER.html">ورودی های تقویم</target>
      <target FeatureID="-1" href="CALE_HLP_DAY_VIEW.html">نمای روز</target>
      <target FeatureID="-1" href="CALE_HLP_NOTE_MEETING.html">ورودی های جلسه</target>
      <target FeatureID="-1" href="CALE_HLP_MONTH_VIEW.html">نمای ماه</target>
      <target FeatureID="-1" href="CALE_HLP_TODO_NOTE.html">ورودی کارها</target>
      <target FeatureID="-1" href="CALE_HLP_TODO_VIEW.html">نمای کارها</target>
      <target FeatureID="-1" href="CALE_HLP_WEEK_VIEW.html">نمای هفته</target>
      <target FeatureID="-1" href="CALE_HLP_CALENDAR_DATABASE_SETTINGS.html">تنظیمات چندگانه تقویم</target>
      <target FeatureID="-1" href="CALE_HLP_CALE_MAN_VIEW.html">نمای مدیریت تقویم ها</target>
      <target FeatureID="-1" href="CALE_HLP_ATTACH_VIEW.html">نمای پیوست</target>
      <target FeatureID="-1" href="CALE_HLP_MAV.html">نمای هشدارهای از دست رفته</target>
   </keywords>
   <keywords>
      <text FeatureID="-1">ملاقات</text>
      <target FeatureID="-1" href="CALE_HLP_NOTE_VIEWER.html">ورودی های تقویم</target>
      <target FeatureID="-1" href="CALE_HLP_NOTE_MEETING.html">ورودی های جلسه</target>
   </keywords>
   <keywords>
      <text FeatureID="-1">یادداشت کارها</text>
      <target FeatureID="-1" href="CALE_HLP_NOTE_VIEWER.html">ورودی های تقویم</target>
      <target FeatureID="-1" href="CALE_HLP_TODO_NOTE.html">ورودی کارها</target>
   </keywords>
   <keywords>
      <text FeatureID="-1">تنظیمات تقویم</text>
      <target FeatureID="-1" href="CALE_HLP_SETTINGS.html">تنظیمات تقویم</target>
   </keywords>
   <keywords>
      <text FeatureID="-1">لیست کارها</text>
      <target FeatureID="-1" href="CALE_HLP_TODO_VIEW.html">نمای کارها</target>
   </keywords>
   <keywords>
      <text FeatureID="-1">تنظیمات, تقویم</text>
      <target FeatureID="-1" href="CALE_HLP_CALENDAR_DATABASE_SETTINGS.html">تنظیمات چندگانه تقویم</target>
   </keywords>
   <keywords>
      <text FeatureID="-1">پیوستها</text>
      <target FeatureID="-1" href="CALE_HLP_ATTACH_VIEW.html">نمای پیوست</target>
   </keywords>
   <keywords>
      <text FeatureID="-1">زنگ هشدارها، یادداشت تقویم</text>
      <target FeatureID="-1" href="CALE_HLP_MAV.html">نمای هشدارهای از دست رفته</target>
   </keywords>
</keywords>