<?xml version="1.0" encoding="UTF-8"?>
<keywords>
   <keywords>
      <text FeatureID="-1">bestandsbeheer</text>
      <target FeatureID="-1" href="FMGR_HLP_MEM_STORE_VIEW.html">Bestanden beheren</target>
      <target FeatureID="-1" href="FMGR_HLP_MAIN_VIEW.html">Bestandsbeheer</target>
      <target FeatureID="-1" href="FMGR_HLP_BACKUP_VIEW.html">Bestandsback-up</target>
   </keywords>
   <keywords>
      <text FeatureID="-1">geheugenkaart</text>
      <target FeatureID="-1" href="FMGR_HLP_MEM_STORE_VIEW.html">Bestanden beheren</target>
      <target FeatureID="-1" href="FMGR_HLP_MAIN_VIEW.html">Bestandsbeheer</target>
      <target FeatureID="-1" href="FMGR_HLP_BACKUP_VIEW.html">Bestandsback-up</target>
   </keywords>
   <keywords>
      <text FeatureID="-1">Bestandsbeheer</text>
      <target FeatureID="-1" href="FMGR_HLP_SEARCH_RESULTS.html">Bestanden zoeken</target>
   </keywords>
   <keywords>
      <text FeatureID="-1">zoeken naar bestanden</text>
      <target FeatureID="-1" href="FMGR_HLP_SEARCH_RESULTS.html">Bestanden zoeken</target>
   </keywords>
   <keywords>
      <text FeatureID="-1">zoeken naar mappen</text>
      <target FeatureID="-1" href="FMGR_HLP_SEARCH_RESULTS.html">Bestanden zoeken</target>
   </keywords>
   <keywords>
      <text FeatureID="-1">back-up</text>
      <target FeatureID="-1" href="FMGR_HLP_BACKUP_VIEW.html">Bestandsback-up</target>
   </keywords>
</keywords>