<?xml version="1.0" encoding="UTF-8"?>
<keywords>
   <keywords>
      <text FeatureID="-1">anniversary entries</text>
      <target FeatureID="-1" href="FSCA_HLP_ANNIVERSARY_EDITOR.html">Create anniversary entries</target>
      <target FeatureID="-1" href="FSCA_HLP_ANNI_VIEWER.html">Edit anniversary entries</target>
   </keywords>
   <keywords>
      <text FeatureID="-1">meeting entries</text>
      <target FeatureID="-1" href="FSCA_HLP_CALE_MEETING_EDITOR.html">Create meeting entries</target>
      <target FeatureID="-1" href="FSCA_HLP_CALE_MEETING_VIEWER.html">Edit meeting entries</target>
   </keywords>
   <keywords>
      <text FeatureID="-1">memo entries</text>
      <target FeatureID="-1" href="FSCA_HLP_MEMO_EDITOR.html">Create memo entries</target>
      <target FeatureID="-1" href="FSCA_HLP_MEMO_VIEWER.html">Edit memo entries</target>
   </keywords>
   <keywords>
      <text FeatureID="-1">to-do entries</text>
      <target FeatureID="-1" href="FSCA_HLP_TODO_EDITOR.html">Create to-do entries</target>
      <target FeatureID="-1" href="FSCA_HLP_TODO_VIEWER.html">Edit to-do entries</target>
   </keywords>
   <keywords>
      <text FeatureID="-1">meeting requests</text>
      <target FeatureID="-1" href="FSCA_HLP_RESPONSE_EDITOR.html">Edit your response</target>
      <target FeatureID="-1" href="FSCA_HLP_VIEWER_ORGANIZER.html">Manage meeting requests</target>
      <target FeatureID="-1" href="MEET_REQ_HLP_EDITOR.html">Received meeting requests</target>
      <target FeatureID="-1" href="FSCA_HLP_VIEWER.html">Respond to meeting requests</target>
   </keywords>
   <keywords>
      <text FeatureID="-1">kartvizitler</text>
      <target FeatureID="-1" href="RLOOK_HLP_INFO_VIEW.html">Bulunan kartviziti yönetme</target>
   </keywords>
   <keywords>
      <text FeatureID="-1">kartvizitler, arama</text>
      <target FeatureID="-1" href="RLOOK_HLP_RESULT_VIEW.html">Arama sonuçları</target>
   </keywords>
   <keywords>
      <text FeatureID="-1">e-posta, ekler</text>
      <target FeatureID="-1" href="FSE_HLP_ATTACHMENT_LIST_EDITOR.html">Ek ekleme</target>
   </keywords>
   <keywords>
      <text FeatureID="-1">silinen e-posta</text>
      <target FeatureID="-1" href="FSE_HLP_MESSAGE_LIST_DELETED.html">Silinen e-posta mesajları</target>
   </keywords>
   <keywords>
      <text FeatureID="-1">e-posta eki indirme</text>
      <target FeatureID="-1" href="FSE_HLP_ATTACHMENT_LIST.html">Ek indirme</target>
   </keywords>
   <keywords>
      <text FeatureID="-1">taslak e-posta</text>
      <target FeatureID="-1" href="FSE_HLP_MESSAGE_LIST_DRAFTS.html">Taslak e-posta mesajları</target>
   </keywords>
   <keywords>
      <text FeatureID="-1">Nokia E-posta</text>
      <target FeatureID="-1" href="FSE_HLP_LAUNCHER_GRID.html">Nokia E-posta</target>
   </keywords>
   <keywords>
      <text FeatureID="-1">e-posta</text>
      <target FeatureID="-1" href="FSE_HLP_LAUNCHER_GRID.html">Nokia E-posta</target>
   </keywords>
   <keywords>
      <text FeatureID="-1">e-posta klasörleri</text>
      <target FeatureID="-1" href="FSE_HLP_FOLDER_LIST.html">E-posta klasörleri</target>
      <target FeatureID="-1" href="FSE_HLP_SETT_IMAP_SUBSCR.html">Klasörlere abone olma</target>
      <target FeatureID="-1" href="FSE_HLP_MESSAGE_LIST_INBOX.html">E-posta klasörleriyle çalışma</target>
   </keywords>
   <keywords>
      <text FeatureID="-1">e-posta ayarları</text>
      <target FeatureID="-1" href="FSE_HLP_LAUNCHER_SETTINGS.html">Genel e-posta ayarları</target>
      <target FeatureID="-1" href="FSE_HLP_POP_IMAP_SETT_MAIN.html">E-posta ayarları</target>
      <target FeatureID="-1" href="FSE_HLP_MFE_SETTINGS_MAIN_VIEW.html">E-posta ayarları</target>
   </keywords>
   <keywords>
      <text FeatureID="-1">global e-posta ayarları</text>
      <target FeatureID="-1" href="FSE_HLP_SETTINGS_GLOBAL.html">Global e-posta ayarları</target>
   </keywords>
   <keywords>
      <text FeatureID="-1">HTML e-posta</text>
      <target FeatureID="-1" href="FS_VIEWER_HLP_HTML_VIEW.html">HTML olarak biçimlendirilmiş e-posta</target>
   </keywords>
   <keywords>
      <text FeatureID="-1">gelişmiş e-posta ayarları</text>
      <target FeatureID="-1" href="FSE_HLP_POP_IMAP_SETT_ADV.html">Gelişmiş e-posta ayarları</target>
   </keywords>
   <keywords>
      <text FeatureID="-1">gelen e-posta ayarları</text>
      <target FeatureID="-1" href="FSE_HLP_POP_IMAP_SETT_INCOMING.html">Gelen e-posta ayarları</target>
   </keywords>
   <keywords>
      <text FeatureID="-1">giden e-posta ayarları</text>
      <target FeatureID="-1" href="FSE_HLP_POP_IMAP_SETT_OUTGOING.html">Giden e-posta ayarları</target>
   </keywords>
   <keywords>
      <text FeatureID="-1">e-posta senkronizasyonu</text>
      <target FeatureID="-1" href="FSE_HLP_POP_IMAP_SETT_WHAT.html">Senkronizasyon içeriğini seçme</target>
   </keywords>
   <keywords>
      <text FeatureID="-1">e-posta senkronizasyonu zamanı</text>
      <target FeatureID="-1" href="FSE_HLP_POP_IMAP_SETT_WHEN.html">Senkronizasyon zamanını seçme</target>
      <target FeatureID="-1" href="FSE_HLP_MFE_SETTINGS_WHEN_SYNC.html">Senk zamanını seçme</target>
      <target FeatureID="-1" href="FSE_HLP_SETTINGS_WHEN_SYNC.html">Senkronizasyon zamanı</target>
   </keywords>
   <keywords>
      <text FeatureID="-1">Mail for Exchange</text>
      <target FeatureID="-1" href="FSE_HLP_MFE_LAUNCHER_MAIN_VIEW.html">Exchange postası</target>
   </keywords>
   <keywords>
      <text FeatureID="-1">e-posta bilgileri</text>
      <target FeatureID="-1" href="FS_VIEWER_HLP_DETAILS_VIEW.html">Mesaj ayrıntıları</target>
   </keywords>
   <keywords>
      <text FeatureID="-1">gelişmiş posta kutusu ayarları</text>
      <target FeatureID="-1" href="FSE_HLP_MFE_SETTINGS_ADVANCED.html">Posta kutusu gelişmiş ayarları</target>
   </keywords>
   <keywords>
      <text FeatureID="-1">e-posta senkronizasyonu ayarları</text>
      <target FeatureID="-1" href="FSE_HLP_MFE_SETTINGS_PIM_APPS.html">Uygulama senkronizasyon ayarları</target>
   </keywords>
   <keywords>
      <text FeatureID="-1">ajanda senkronizasyonu</text>
      <target FeatureID="-1" href="FSE_HLP_MFE_CALENDAR_APP.html">Ajanda senkronizasyon ayarları</target>
   </keywords>
   <keywords>
      <text FeatureID="-1">rehber senkronizasyonu,</text>
      <target FeatureID="-1" href="FSE_HLP_MFE_CONTACTS_APP.html">Rehber senkronizasyon ayarları</target>
   </keywords>
   <keywords>
      <text FeatureID="-1">posta kutusu ayarları</text>
      <target FeatureID="-1" href="FSE_HLP_MFE_SETTINGS_MAILBOX.html">Genel posta kutusu ayarları</target>
   </keywords>
   <keywords>
      <text FeatureID="-1">e-posta senkronizasyonu içeriği</text>
      <target FeatureID="-1" href="FSE_HLP_MFE_SETTINGS_WHAT_SYNC.html">Senk içeriğini seçme</target>
   </keywords>
   <keywords>
      <text FeatureID="-1">e-posta klasörü senkronizasyonu</text>
      <target FeatureID="-1" href="FSE_HLP_MFE_SETTINGS_FOLDER.html">Senkronizasyon ayarları</target>
   </keywords>
   <keywords>
      <text FeatureID="-1">yapılacak kaydı senkronizasyonu</text>
      <target FeatureID="-1" href="FSE_HLP_MFE_TASKS_APP.html">Yapılacak senkronizasyonu ayarları</target>
   </keywords>
   <keywords>
      <text FeatureID="-1">e-posta mesajı yok</text>
      <target FeatureID="-1" href="FSE_HLP_MESSAGE_LIST_EMPTY.html">Mesaj yok</target>
   </keywords>
   <keywords>
      <text FeatureID="-1">e-posta giden kutusu</text>
      <target FeatureID="-1" href="FSE_HLP_MESSAGE_LIST_OUTBOX.html">Giden Kutusu ile çalışma</target>
   </keywords>
   <keywords>
      <text FeatureID="-1">toplantı istekleri</text>
      <target FeatureID="-1" href="FS_VIEWER_HLP_MEETING_REQ_VIEW.html">Toplantı isteğini yanıtlama</target>
   </keywords>
   <keywords>
      <text FeatureID="-1">e-posta arama</text>
      <target FeatureID="-1" href="FSE_HLP_MESSAGE_LIST_SEARCHING.html">E-posta arama</target>
   </keywords>
   <keywords>
      <text FeatureID="-1">e-posta arama sonuçları</text>
      <target FeatureID="-1" href="FSE_HLP_MESSAGE_LIST_SEARCHED.html">Arama sonuçları</target>
   </keywords>
   <keywords>
      <text FeatureID="-1">e-posta gönderme</text>
      <target FeatureID="-1" href="FS_EDITOR_HLP_MAIN_VIEW.html">E-posta gönderme</target>
   </keywords>
   <keywords>
      <text FeatureID="-1">PIM servisi</text>
      <target FeatureID="-1" href="FSE_HLP_SETTINGS_PIM_VIEW.html">PIM servisi</target>
   </keywords>
   <keywords>
      <text FeatureID="-1">uygulamaları senkronize etme</text>
      <target FeatureID="-1" href="FSE_HLP_SETTINGS_APPLICATIONS.html">Uygulamaları senkronize etme</target>
   </keywords>
   <keywords>
      <text FeatureID="-1">alınan e-posta</text>
      <target FeatureID="-1" href="FS_VIEWER_HLP_MAIN_VIEW.html">Alınan e-postayla çalışma</target>
   </keywords>
   <keywords>
      <text FeatureID="-1">posta, ayarlar</text>
      <target FeatureID="-1" href="FSE_HLP_SETT.html">Ayarlar</target>
   </keywords>
   <keywords>
      <text FeatureID="-1">posta, hesap ayarları</text>
      <target FeatureID="-1" href="FSE_HLP_ACCT_INFO.html">Posta hesabı ayarları</target>
   </keywords>
   <keywords>
      <text FeatureID="-1">posta, senkronizasyon</text>
      <target FeatureID="-1" href="FSE_HLP_SYNC_SETT.html">Senk ayarları</target>
   </keywords>
   <keywords>
      <text FeatureID="-1">posta, toplantı kayıtları</text>
      <target FeatureID="-1" href="FS_VIEWER_HLP_MR_RECEIVED.html">Toplantı istekleri</target>
   </keywords>
   <keywords>
      <text FeatureID="-1">toplantı kayıtları</text>
      <target FeatureID="-1" href="FS_VIEWER_HLP_MR_RECEIVED.html">Toplantı istekleri</target>
   </keywords>
</keywords>