<?xml version="1.0" encoding="UTF-8"?><?xml-stylesheet  href="../../theme/xsl/index2html.xslt" type="text/xsl"?>
<topics FeatureID="-1" title="Video &amp; TV" compressed="true">
   <topicref FeatureID="-1" href="IPTV_HLP_MAIN_STATE.html" navtitle="Video &amp; TV"/>
   <topicref FeatureID="-1" href="IPTV_HLP_VODCAST_MAIN.html" navtitle="Fluxuri video"/>
   <topicref FeatureID="-1" href="IPTV_HLP_SERVICE_SELECTION_VOD.html" navtitle="Selectare serv. video"/>
   <topicref FeatureID="-1" href="IPTV_HLP_VOD_CATEGORIES.html" navtitle="Categorii de videoclipuri"/>
   <topicref FeatureID="-1" href="IPTV_HLP_VOD.html" navtitle="Vizualizarea şi preluarea videoclipurilor"/>
   <topicref FeatureID="-1" href="IPTV_HLP_SCHEDULE_DOWNLOAD.html" navtitle="Programarea preluărilor"/>
   <topicref FeatureID="-1" href="IPTV_HLP_STORAGE.html" navtitle="Videoclipurile mele"/>
   <topicref FeatureID="-1" href="IPTV_HLP_SETTINGS.html" navtitle="Setările Video &amp; TV"/>
   <topicref FeatureID="-1" href="IPTV_HLP_SERVICE_SEL_VODCAST.html" navtitle="Selectarea fluxurilor video"/>
   <topicref FeatureID="-1" href="IPTV_HLP_ADD_SERVICE.html" navtitle="Adăugarea fluxurilor video"/>
</topics>