<?xml version="1.0" encoding="UTF-8"?>
<keywords>
   <keywords>
      <text FeatureID="-1">Video &amp; TV</text>
      <target FeatureID="-1" href="IPTV_HLP_MAIN_STATE.html">Video &amp; TV</target>
      <target FeatureID="-1" href="IPTV_HLP_VODCAST_MAIN.html">Fluxuri video</target>
      <target FeatureID="-1" href="IPTV_HLP_SERVICE_SELECTION_VOD.html">Selectare serv. video</target>
      <target FeatureID="-1" href="IPTV_HLP_VOD_CATEGORIES.html">Categorii de videoclipuri</target>
      <target FeatureID="-1" href="IPTV_HLP_VOD.html">Vizualizarea şi preluarea videoclipurilor</target>
      <target FeatureID="-1" href="IPTV_HLP_SCHEDULE_DOWNLOAD.html">Programarea preluărilor</target>
      <target FeatureID="-1" href="IPTV_HLP_STORAGE.html">Videoclipurile mele</target>
      <target FeatureID="-1" href="IPTV_HLP_SERVICE_SEL_VODCAST.html">Selectarea fluxurilor video</target>
      <target FeatureID="-1" href="IPTV_HLP_ADD_SERVICE.html">Adăugarea fluxurilor video</target>
   </keywords>
   <keywords>
      <text FeatureID="-1">fluxuri video</text>
      <target FeatureID="-1" href="IPTV_HLP_VODCAST_MAIN.html">Fluxuri video</target>
      <target FeatureID="-1" href="IPTV_HLP_VOD_CATEGORIES.html">Categorii de videoclipuri</target>
      <target FeatureID="-1" href="IPTV_HLP_SERVICE_SEL_VODCAST.html">Selectarea fluxurilor video</target>
      <target FeatureID="-1" href="IPTV_HLP_ADD_SERVICE.html">Adăugarea fluxurilor video</target>
   </keywords>
   <keywords>
      <text FeatureID="-1">preluări, videoclipuri</text>
      <target FeatureID="-1" href="IPTV_HLP_VOD.html">Vizualizarea şi preluarea videoclipurilor</target>
      <target FeatureID="-1" href="IPTV_HLP_SCHEDULE_DOWNLOAD.html">Programarea preluărilor</target>
   </keywords>
   <keywords>
      <text FeatureID="-1">Video &amp; TV, setări</text>
      <target FeatureID="-1" href="IPTV_HLP_SETTINGS.html">Setările Video &amp; TV</target>
   </keywords>
   <keywords>
      <text FeatureID="-1">setări, video</text>
      <target FeatureID="-1" href="IPTV_HLP_SETTINGS.html">Setările Video &amp; TV</target>
   </keywords>
</keywords>