<?xml version="1.0" encoding="UTF-8"?>
<keywords>
   <keywords>
      <text FeatureID="-1">κατηγορίες ορόσημων</text>
      <target FeatureID="-1" href="LM_HLP_LM_BY_CATEGORY.html">Κατηγορίες ορόσημων</target>
      <target FeatureID="-1" href="LM_HLP_EDIT_CATEGORIES.html">Επεξεργασία κατηγοριών ορόσημων</target>
   </keywords>
   <keywords>
      <text FeatureID="-1">ορόσημα</text>
      <target FeatureID="-1" href="LM_HLP_LM_BY_NAME.html">Προβολή ορόσημων κατά όνομα</target>
      <target FeatureID="-1" href="LM_HLP_CATEGORY_CONTENTS.html">Ορόσημα στις κατηγορίες</target>
      <target FeatureID="-1" href="LM_HLP_LM_VIEWER.html">Λεπτομέρειες ορόσημων</target>
   </keywords>
   <keywords>
      <text FeatureID="-1">επεξεργασία ορόσημων</text>
      <target FeatureID="-1" href="LM_HLP_LM_EDITOR.html">Επεξεργασία ορόσημου</target>
   </keywords>
</keywords>