<?xml version="1.0" encoding="UTF-8"?><?xml-stylesheet  href="../../theme/xsl/index2html.xslt" type="text/xsl"?>
<topics FeatureID="-1" title="Poruke" compressed="true">
   <topicref FeatureID="-1" href="MCE_HLP_MESSAGING.html" navtitle="Centar za poruke"/>
   <topicref FeatureID="-1" href="MCE_HLP_SIM.html" navtitle="Prikaz SIM poruka"/>
   <topicref FeatureID="-1" href="MCE_HLP_SETTINGS.html" navtitle="Postavke usluge poruka"/>
   <topicref FeatureID="-1" href="MCE_HLP_SETTINGS_SMS.html" navtitle="Postavke tekstualnih poruka"/>
   <topicref FeatureID="-1" href="SMS_HLP_SETTINGS_SCENTRES.html" navtitle="Postavke centra za tekstualne poruke"/>
   <topicref FeatureID="-1" href="SMS_HLP_SETTINGS_SCENTRES_EDIT.html" navtitle="Uređivanje središta za tekstualne poruke"/>
   <topicref FeatureID="true_1092" href="SMS_HLP_SETTINGS_SMS_EMAIL.html" navtitle="Postavke tekstualnih poruka e-pošte"/>
   <topicref FeatureID="-1" href="MCE_HLP_SETTINGS_MMS.html" navtitle="Postavke multimedijalnih poruka"/>
   <topicref FeatureID="true_1090" href="MCE_HLP_SETTINGS_CB.html" navtitle="Postavke emitiranja"/>
   <topicref FeatureID="-1" href="MCE_HLP_SETTINGS_GEN.html" navtitle="Druge postavke"/>
   <topicref FeatureID="-1" href="MCE_HLP_INBOX.html" navtitle="Ulazni spremnik"/>
   <topicref FeatureID="-1" href="MCE_HLP_DOCUMENTS.html" navtitle="Moje mape"/>
   <topicref FeatureID="-1" href="MCE_HLP_TEMPLATES.html" navtitle="Predlošci za poruke"/>
   <topicref FeatureID="-1" href="MCE_HLP_FOLDER.html" navtitle="Organiziranje poruka"/>
   <topicref FeatureID="-1" href="MCE_HLP_DRAFTS.html" navtitle="Nacrti"/>
   <topicref FeatureID="-1" href="MCE_HLP_SENT_ITEMS.html" navtitle="Poslane poruke"/>
   <topicref FeatureID="-1" href="MCE_HLP_OUTBOX.html" navtitle="Izlazni spremnik"/>
   <topicref FeatureID="-1" href="MCE_HLP_DELIVERY_REPORTS.html" navtitle="Izvješća o isporuci"/>
   <topicref FeatureID="true_1132" href="MCE_HLP_MMS_NOTIFICATIONS.html" navtitle="Obavijesti o multimediji"/>
</topics>