<?xml version="1.0" encoding="UTF-8"?>
<keywords>
   <keywords>
      <text FeatureID="-1">poruke, slanje</text>
      <target FeatureID="-1" href="MCE_HLP_MESSAGING.html">Centar za poruke</target>
      <target FeatureID="-1" href="MCE_HLP_OUTBOX.html">Izlazni spremnik</target>
   </keywords>
   <keywords>
      <text FeatureID="-1">primanje poruka</text>
      <target FeatureID="-1" href="MCE_HLP_MESSAGING.html">Centar za poruke</target>
      <target FeatureID="-1" href="MCE_HLP_INBOX.html">Ulazni spremnik</target>
   </keywords>
   <keywords>
      <text FeatureID="-1">SIM poruke</text>
      <target FeatureID="-1" href="MCE_HLP_SIM.html">Prikaz SIM poruka</target>
   </keywords>
   <keywords>
      <text FeatureID="-1">poruke na SIM kartici</text>
      <target FeatureID="-1" href="MCE_HLP_SIM.html">Prikaz SIM poruka</target>
   </keywords>
   <keywords>
      <text FeatureID="-1">poruke usluga, postavke</text>
      <target FeatureID="-1" href="MCE_HLP_SETTINGS.html">Postavke usluge poruka</target>
      <target FeatureID="-1" href="MCE_HLP_SETTINGS_GEN.html">Druge postavke</target>
   </keywords>
   <keywords>
      <text FeatureID="-1">SMS postavke</text>
      <target FeatureID="-1" href="MCE_HLP_SETTINGS_SMS.html">Postavke tekstualnih poruka</target>
   </keywords>
   <keywords>
      <text FeatureID="-1">postavke tekstualnih poruka</text>
      <target FeatureID="-1" href="MCE_HLP_SETTINGS_SMS.html">Postavke tekstualnih poruka</target>
      <target FeatureID="-1" href="SMS_HLP_SETTINGS_SCENTRES.html">Postavke centra za tekstualne poruke</target>
      <target FeatureID="-1" href="SMS_HLP_SETTINGS_SCENTRES_EDIT.html">Uređivanje središta za tekstualne poruke</target>
   </keywords>
   <keywords>
      <text FeatureID="-1">postavke centra za poruke</text>
      <target FeatureID="-1" href="SMS_HLP_SETTINGS_SCENTRES.html">Postavke centra za tekstualne poruke</target>
      <target FeatureID="-1" href="SMS_HLP_SETTINGS_SCENTRES_EDIT.html">Uređivanje središta za tekstualne poruke</target>
   </keywords>
   <keywords>
      <text FeatureID="-1">SMS centar, postavke</text>
      <target FeatureID="-1" href="SMS_HLP_SETTINGS_SCENTRES.html">Postavke centra za tekstualne poruke</target>
   </keywords>
   <keywords>
      <text FeatureID="true_1092">tekstualna poruka e-pošte</text>
      <target FeatureID="true_1092" href="SMS_HLP_SETTINGS_SMS_EMAIL.html">Postavke tekstualnih poruka e-pošte</target>
   </keywords>
   <keywords>
      <text FeatureID="true_1092">postavke sms e-pošte</text>
      <target FeatureID="true_1092" href="SMS_HLP_SETTINGS_SMS_EMAIL.html">Postavke tekstualnih poruka e-pošte</target>
   </keywords>
   <keywords>
      <text FeatureID="-1">MMS postavke</text>
      <target FeatureID="-1" href="MCE_HLP_SETTINGS_MMS.html">Postavke multimedijalnih poruka</target>
   </keywords>
   <keywords>
      <text FeatureID="true_1090">postavke emitiranja</text>
      <target FeatureID="true_1090" href="MCE_HLP_SETTINGS_CB.html">Postavke emitiranja</target>
   </keywords>
   <keywords>
      <text FeatureID="-1">ulazni spremnik</text>
      <target FeatureID="-1" href="MCE_HLP_INBOX.html">Ulazni spremnik</target>
   </keywords>
   <keywords>
      <text FeatureID="-1">moje mape</text>
      <target FeatureID="-1" href="MCE_HLP_DOCUMENTS.html">Moje mape</target>
   </keywords>
   <keywords>
      <text FeatureID="-1">pohranjivanje poruka</text>
      <target FeatureID="-1" href="MCE_HLP_DOCUMENTS.html">Moje mape</target>
   </keywords>
   <keywords>
      <text FeatureID="-1">predlošci za slanje</text>
      <target FeatureID="-1" href="MCE_HLP_TEMPLATES.html">Predlošci za poruke</target>
   </keywords>
   <keywords>
      <text FeatureID="-1">predlošci za poruke</text>
      <target FeatureID="-1" href="MCE_HLP_TEMPLATES.html">Predlošci za poruke</target>
   </keywords>
   <keywords>
      <text FeatureID="-1">poruke, organiziranje</text>
      <target FeatureID="-1" href="MCE_HLP_FOLDER.html">Organiziranje poruka</target>
   </keywords>
   <keywords>
      <text FeatureID="-1">spremanje radnih inačica poruka</text>
      <target FeatureID="-1" href="MCE_HLP_DRAFTS.html">Nacrti</target>
   </keywords>
   <keywords>
      <text FeatureID="-1">radne inačice poruka</text>
      <target FeatureID="-1" href="MCE_HLP_DRAFTS.html">Nacrti</target>
   </keywords>
   <keywords>
      <text FeatureID="-1">poslane poruke</text>
      <target FeatureID="-1" href="MCE_HLP_SENT_ITEMS.html">Poslane poruke</target>
   </keywords>
   <keywords>
      <text FeatureID="-1">izlazni spremnik, prikaz</text>
      <target FeatureID="-1" href="MCE_HLP_OUTBOX.html">Izlazni spremnik</target>
   </keywords>
   <keywords>
      <text FeatureID="-1">izvješća o isporuci</text>
      <target FeatureID="-1" href="MCE_HLP_DELIVERY_REPORTS.html">Izvješća o isporuci</target>
   </keywords>
   <keywords>
      <text FeatureID="true_1132">MMS obavijesti</text>
      <target FeatureID="true_1132" href="MCE_HLP_MMS_NOTIFICATIONS.html">Obavijesti o multimediji</target>
   </keywords>
   <keywords>
      <text FeatureID="-1">traženje telefonskih brojeva</text>
      <target FeatureID="-1" href="FIND_HLP.html">Traženje brojeva/adresa</target>
   </keywords>
   <keywords>
      <text FeatureID="-1">traženje adresa</text>
      <target FeatureID="-1" href="FIND_HLP.html">Traženje brojeva/adresa</target>
   </keywords>
</keywords>