<?xml version="1.0" encoding="UTF-8"?>
<keywords>
   <keywords>
      <text FeatureID="-1">解密, 記憶卡</text>
      <target FeatureID="-1" href="ES_HLP_ENCRYPTION_DECRYPT.html">解密記憶卡</target>
   </keywords>
   <keywords>
      <text FeatureID="-1">加密, 記憶卡</text>
      <target FeatureID="-1" href="ES_HLP_ENCRYPTION_ENCRYPT.html">加密記憶卡</target>
   </keywords>
   <keywords>
      <text FeatureID="-1">加密, 裝置記憶體和記憶卡</text>
      <target FeatureID="-1" href="ES_HLP_ENCRYPTION_MAIN.html">加密或解密</target>
   </keywords>
   <keywords>
      <text FeatureID="-1">解密, 裝置記憶體和記憶卡</text>
      <target FeatureID="-1" href="ES_HLP_ENCRYPTION_MAIN.html">加密或解密</target>
   </keywords>
</keywords>