<?xml version="1.0" encoding="UTF-8"?>
<keywords>
   <keywords>
      <text FeatureID="true_410">κλήσεις, πραγματοποίηση</text>
      <target FeatureID="true_410" href="DIALER_HLP_MAIN.html">Πραγματοποίηση τηλεφωνικών κλήσεων</target>
   </keywords>
   <keywords>
      <text FeatureID="-1">τηλεφωνικές κλήσεις</text>
      <target FeatureID="-1" href="INCAL_HLP_CALL_HANDLING.html">Τηλεφωνικές κλήσεις</target>
   </keywords>
   <keywords>
      <text FeatureID="-1">κλήσεις συνακρόασης</text>
      <target FeatureID="-1" href="INCAL_HLP_CALL_HANDLING.html">Τηλεφωνικές κλήσεις</target>
   </keywords>
   <keywords>
      <text FeatureID="-1">εναλλαγή κλήσεων</text>
      <target FeatureID="-1" href="INCAL_HLP_CALL_HANDLING.html">Τηλεφωνικές κλήσεις</target>
   </keywords>
   <keywords>
      <text FeatureID="-1">τηλέφωνο</text>
      <target FeatureID="-1" href="INCAL_HLP_CALL_HANDLING.html">Τηλεφωνικές κλήσεις</target>
   </keywords>
   <keywords>
      <text FeatureID="true_410">Ήχοι DTMF</text>
      <target FeatureID="true_410" href="DIALER_HLP_SEND_DTMF.html">Αποστολή ήχων DTMF</target>
   </keywords>
   <keywords>
      <text FeatureID="true_89">κλήσεις βίντεο</text>
      <target FeatureID="true_89" href="INCAL_HLP_VIDEO_CALL.html">Κλήσεις βίντεο</target>
   </keywords>
</keywords>