<?xml version="1.0" encoding="UTF-8"?>
<keywords>
   <keywords>
      <text FeatureID="-1">오디오 테마</text>
      <target FeatureID="-1" href="AUDIOTHEME_HLP_EVENTGROUPS.html">오디오 테마 변경</target>
      <target FeatureID="-1" href="SET_HLP_AUDIO_THEME_EVENTSLIST.html">장치 이벤트 사운드</target>
   </keywords>
   <keywords>
      <text FeatureID="-1">장치 사용자 설</text>
      <target FeatureID="-1" href="AUDIOTHEME_HLP_EVENTGROUPS.html">오디오 테마 변경</target>
   </keywords>
   <keywords>
      <text FeatureID="-1">장치 사운드</text>
      <target FeatureID="-1" href="AUDIOTHEME_HLP_EVENTGROUPS.html">오디오 테마 변경</target>
      <target FeatureID="-1" href="SET_HLP_AUDIO_THEME_EVENTSLIST.html">장치 이벤트 사운드</target>
   </keywords>
   <keywords>
      <text FeatureID="-1">장치 사용자 설정</text>
      <target FeatureID="-1" href="SET_HLP_AUDIO_THEME_EVENTSLIST.html">장치 이벤트 사운드</target>
   </keywords>
</keywords>