<?xml version="1.0" encoding="UTF-8"?>
<keywords>
   <keywords>
      <text FeatureID="-1">postcard</text>
      <target FeatureID="-1" href="MMS_POSTCARD_HLP_ADDRESS_EDIT.html">ویرایش آدرس ها</target>
      <target FeatureID="-1" href="POSTCARD_HLP_GREETING_EDIT.html">نوشتن متن سلام</target>
      <target FeatureID="-1" href="POSTCARD_HLP_GREETING_VIEW.html">مشاهده متن سلام</target>
      <target FeatureID="-1" href="MMS_POSTCARD_HLP_MAIN_EDIT.html">ایجاد کارت پستال</target>
   </keywords>
   <keywords>
      <text FeatureID="-1">ارسال کارت پستال</text>
      <target FeatureID="-1" href="MMS_POSTCARD_HLP_ADDRESS_EDIT.html">ویرایش آدرس ها</target>
      <target FeatureID="-1" href="POSTCARD_HLP_GREETING_EDIT.html">نوشتن متن سلام</target>
      <target FeatureID="-1" href="MMS_POSTCARD_HLP_MAIN_EDIT.html">ایجاد کارت پستال</target>
   </keywords>
   <keywords>
      <text FeatureID="-1">کارتهای پستال</text>
      <target FeatureID="-1" href="MMS_POSTCARD_HLP_MAIN_VIEW.html">مشاهده کارت پستال</target>
   </keywords>
   <keywords>
      <text FeatureID="-1">کارت پستال</text>
      <target FeatureID="-1" href="POSTCARD_HLP_ADDRESS_VIEW.html">مشاهده آدرس ها</target>
   </keywords>
</keywords>