<?xml version="1.0" encoding="UTF-8"?>
<keywords>
   <keywords>
      <text FeatureID="-1">contenu à partager</text>
      <target FeatureID="-1" href="UPNP_HLP_SHARE_CONTENT.html">Sélectionner le contenu à partager</target>
   </keywords>
   <keywords>
      <text FeatureID="-1">multimédia familial</text>
      <target FeatureID="-1" href="UPNP_HLP_SHARE_CONTENT.html">Sélectionner le contenu à partager</target>
      <target FeatureID="-1" href="UPNP_HLP_SHARING_PROP.html">Paramètres de partage</target>
      <target FeatureID="-1" href="UPNP_HLP_MAIN_VIEW.html">Multimédia familial</target>
      <target FeatureID="-1" href="UPNP_HLP_MAIN_EXTERNAL.html">Appareils multimédia familiaux</target>
      <target FeatureID="-1" href="UPNP_HLP_CONTENT_VIEW.html">Fichiers multimédia familiaux</target>
      <target FeatureID="-1" href="UPNP_HLP_REMOTE_DEVICES.html">Dossiers multimédia familiaux</target>
      <target FeatureID="-1" href="UPNP_HLP_SEARCH.html">Résultats de la recherche</target>
   </keywords>
   <keywords>
      <text FeatureID="-1">partage de photos et de vidéos</text>
      <target FeatureID="-1" href="UPNP_HLP_SHARE_CONTENT.html">Sélectionner le contenu à partager</target>
   </keywords>
   <keywords>
      <text FeatureID="-1">partage de fichiers multimédia</text>
      <target FeatureID="-1" href="UPNP_HLP_SHARING_PROP.html">Paramètres de partage</target>
      <target FeatureID="-1" href="UPNP_HLP_MAIN_VIEW.html">Multimédia familial</target>
      <target FeatureID="-1" href="UPNP_HLP_MAIN_EXTERNAL.html">Appareils multimédia familiaux</target>
      <target FeatureID="-1" href="UPNP_HLP_CONTENT_VIEW.html">Fichiers multimédia familiaux</target>
      <target FeatureID="-1" href="UPNP_HLP_REMOTE_DEVICES.html">Dossiers multimédia familiaux</target>
      <target FeatureID="-1" href="UPNP_HLP_SEARCH.html">Résultats de la recherche</target>
   </keywords>
   <keywords>
      <text FeatureID="-1">affichage de fichiers sur l'appareil distant</text>
      <target FeatureID="-1" href="UPNP_HLP_SHARING_PROP.html">Paramètres de partage</target>
      <target FeatureID="-1" href="UPNP_HLP_MAIN_VIEW.html">Multimédia familial</target>
      <target FeatureID="-1" href="UPNP_HLP_MAIN_EXTERNAL.html">Appareils multimédia familiaux</target>
      <target FeatureID="-1" href="UPNP_HLP_CONTENT_VIEW.html">Fichiers multimédia familiaux</target>
      <target FeatureID="-1" href="UPNP_HLP_REMOTE_DEVICES.html">Dossiers multimédia familiaux</target>
      <target FeatureID="-1" href="UPNP_HLP_SEARCH.html">Résultats de la recherche</target>
   </keywords>
   <keywords>
      <text FeatureID="-1">propriétés du partage</text>
      <target FeatureID="-1" href="UPNP_HLP_SHARING_PROP.html">Paramètres de partage</target>
   </keywords>
</keywords>