<?xml version="1.0" encoding="UTF-8"?>
<keywords>
   <keywords>
      <text FeatureID="true_410">skambučiai, skambinimas</text>
      <target FeatureID="true_410" href="DIALER_HLP_MAIN.html">Skambinimas telefonu</target>
   </keywords>
   <keywords>
      <text FeatureID="-1">telefono skambučiai</text>
      <target FeatureID="-1" href="INCAL_HLP_CALL_HANDLING.html">Telefono skambučiai</target>
   </keywords>
   <keywords>
      <text FeatureID="-1">konferenciniai skambučiai</text>
      <target FeatureID="-1" href="INCAL_HLP_CALL_HANDLING.html">Telefono skambučiai</target>
   </keywords>
   <keywords>
      <text FeatureID="-1">perjungimas iš vieno skambučio į kitą</text>
      <target FeatureID="-1" href="INCAL_HLP_CALL_HANDLING.html">Telefono skambučiai</target>
   </keywords>
   <keywords>
      <text FeatureID="-1">telefonas</text>
      <target FeatureID="-1" href="INCAL_HLP_CALL_HANDLING.html">Telefono skambučiai</target>
   </keywords>
   <keywords>
      <text FeatureID="true_410">DTMF tonai</text>
      <target FeatureID="true_410" href="DIALER_HLP_SEND_DTMF.html">Siųsti DTMF tonus</target>
   </keywords>
   <keywords>
      <text FeatureID="true_89">vaizdo skambučiai</text>
      <target FeatureID="true_89" href="INCAL_HLP_VIDEO_CALL.html">Vaizdo skambučiai</target>
   </keywords>
</keywords>