<?xml version="1.0" encoding="UTF-8"?>
<keywords>
   <keywords>
      <text FeatureID="-1">salauksen purku, muistikortti</text>
      <target FeatureID="-1" href="ES_HLP_ENCRYPTION_DECRYPT.html">Muistikortin salauksen purku</target>
   </keywords>
   <keywords>
      <text FeatureID="-1">salaus, muistikortti</text>
      <target FeatureID="-1" href="ES_HLP_ENCRYPTION_ENCRYPT.html">Muistikortin salaus</target>
   </keywords>
   <keywords>
      <text FeatureID="-1">salaus, laitteen muisti ja muistikortti</text>
      <target FeatureID="-1" href="ES_HLP_ENCRYPTION_MAIN.html">Salaus tai salauksen purku</target>
   </keywords>
   <keywords>
      <text FeatureID="-1">salauksen purku, laitteen muisti ja muistikortti</text>
      <target FeatureID="-1" href="ES_HLP_ENCRYPTION_MAIN.html">Salaus tai salauksen purku</target>
   </keywords>
</keywords>