<?xml version="1.0" encoding="UTF-8"?>
<keywords>
   <keywords>
      <text FeatureID="-1">radioprijamnik</text>
      <target FeatureID="-1" href="FMRADIO_HLP_MAIN.html">Slušanje radioprijamnika</target>
      <target FeatureID="-1" href="FMRADIO_HLP_SEARCH.html">Traženje postaja</target>
      <target FeatureID="-1" href="FMRADIO_HLP_LIST.html"> Upravljanje radio postajama</target>
   </keywords>
   <keywords>
      <text FeatureID="-1">FM radio</text>
      <target FeatureID="-1" href="FMRADIO_HLP_MAIN.html">Slušanje radioprijamnika</target>
      <target FeatureID="-1" href="FMRADIO_HLP_SEARCH.html">Traženje postaja</target>
      <target FeatureID="-1" href="FMRADIO_HLP_LIST.html"> Upravljanje radio postajama</target>
   </keywords>
</keywords>