<?xml version="1.0" encoding="UTF-8"?>
<keywords>
   <keywords>
      <text FeatureID="true_1604">text input</text>
      <target FeatureID="true_1604" href="HWR_HLP_MAIN_VIEW.html">Reconnaissance de l'écriture manuscrite</target>
   </keywords>
   <keywords>
      <text FeatureID="true_1604">reconnaissance de l'écriture manuscrite</text>
      <target FeatureID="true_1604" href="HWR_HLP_MAIN_VIEW.html">Reconnaissance de l'écriture manuscrite</target>
   </keywords>
   <keywords>
      <text FeatureID="true_1603 true_410">saisie tactile</text>
      <target FeatureID="true_1603" href="VQWERTY_HLP_MAIN_VIEW.html">Clavier virtuel</target>
      <target FeatureID="true_410" href="VITU_HLP_MAIN_VIEW.html">Clavier virtuel</target>
   </keywords>
   <keywords>
      <text FeatureID="true_410">clavier virtuel</text>
      <target FeatureID="true_410" href="VITU_HLP_MAIN_VIEW.html">Clavier virtuel</target>
   </keywords>
</keywords>