<?xml version="1.0" encoding="UTF-8"?>
<keywords>
   <keywords>
      <text FeatureID="-1">wiadomości czatu</text>
      <target FeatureID="-1" href="SERVTAB_HLP_CONVERSATION.html">Wysyłanie wiadomości czatu</target>
   </keywords>
   <keywords>
      <text FeatureID="-1">rozmowy na czacie</text>
      <target FeatureID="-1" href="SERVTAB_HLP_CONVERSATION.html">Wysyłanie wiadomości czatu</target>
   </keywords>
   <keywords>
      <text FeatureID="-1">rozmowy</text>
      <target FeatureID="-1" href="SERVTAB_HLP_CONVERSATION.html">Wysyłanie wiadomości czatu</target>
   </keywords>
</keywords>