<?xml version="1.0" encoding="UTF-8"?>
<keywords>
   <keywords>
      <text FeatureID="-1">Bluetooth</text>
      <target FeatureID="-1" href="BT_HLP_MAIN.html">Bluetooth</target>
      <target FeatureID="-1" href="BT_HLP_PAIRED.html">Αξιόπιστες συσκευές</target>
      <target FeatureID="-1" href="BT_HLP_BLOCKED.html">Φραγή συσκευών</target>
   </keywords>
   <keywords>
      <text FeatureID="-1">Ρυθμίσεις Bluetooth</text>
      <target FeatureID="-1" href="BT_HLP_MAIN.html">Bluetooth</target>
   </keywords>
   <keywords>
      <text FeatureID="-1">αντιστοίχιση συσκευών</text>
      <target FeatureID="-1" href="BT_HLP_PAIRED.html">Αξιόπιστες συσκευές</target>
   </keywords>
   <keywords>
      <text FeatureID="-1">συσκευές σε φραγή</text>
      <target FeatureID="-1" href="BT_HLP_BLOCKED.html">Φραγή συσκευών</target>
   </keywords>
   <keywords>
      <text FeatureID="true_12">ασύρματο πληκτρολόγιο</text>
      <target FeatureID="true_12" href="BTKEYBOARD_HLP_SETTINGS.html">Ασύρματο πληκτρολόγιο</target>
   </keywords>
</keywords>