<?xml version="1.0" encoding="UTF-8"?><?xml-stylesheet  href="../../theme/xsl/index2html.xslt" type="text/xsl"?>
<topics FeatureID="-1" title="Pemesejan" compressed="true">
   <topicref FeatureID="-1" href="MCE_HLP_MESSAGING.html" navtitle="Pusat mesej"/>
   <topicref FeatureID="-1" href="MCE_HLP_SIM.html" navtitle="Lihat mesej SIM"/>
   <topicref FeatureID="-1" href="MCE_HLP_SETTINGS.html" navtitle="Tetapan pemesejan"/>
   <topicref FeatureID="-1" href="MCE_HLP_SETTINGS_SMS.html" navtitle="Tetapan mesej teks"/>
   <topicref FeatureID="-1" href="SMS_HLP_SETTINGS_SCENTRES.html" navtitle="Tetapan pusat mesej teks"/>
   <topicref FeatureID="-1" href="SMS_HLP_SETTINGS_SCENTRES_EDIT.html" navtitle="Edit pusat mesej teks"/>
   <topicref FeatureID="true_1092" href="SMS_HLP_SETTINGS_SMS_EMAIL.html" navtitle="Tetapan e-mel mesej teks"/>
   <topicref FeatureID="-1" href="MCE_HLP_SETTINGS_MMS.html" navtitle="Tetapan mesej multimedia"/>
   <topicref FeatureID="true_1090" href="MCE_HLP_SETTINGS_CB.html" navtitle="Tetapan siaran sel"/>
   <topicref FeatureID="-1" href="MCE_HLP_SETTINGS_GEN.html" navtitle="Tetapan lain"/>
   <topicref FeatureID="-1" href="MCE_HLP_INBOX.html" navtitle="Peti masuk"/>
   <topicref FeatureID="-1" href="MCE_HLP_DOCUMENTS.html" navtitle="Folder saya"/>
   <topicref FeatureID="-1" href="MCE_HLP_TEMPLATES.html" navtitle="Templat mesej"/>
   <topicref FeatureID="-1" href="MCE_HLP_FOLDER.html" navtitle="Atur mesej"/>
   <topicref FeatureID="-1" href="MCE_HLP_DRAFTS.html" navtitle="Draf"/>
   <topicref FeatureID="-1" href="MCE_HLP_SENT_ITEMS.html" navtitle="Mesej dihantar"/>
   <topicref FeatureID="-1" href="MCE_HLP_OUTBOX.html" navtitle="Peti keluar"/>
   <topicref FeatureID="-1" href="MCE_HLP_DELIVERY_REPORTS.html" navtitle="Laporan penghantaran"/>
   <topicref FeatureID="true_1132" href="MCE_HLP_MMS_NOTIFICATIONS.html" navtitle="Pemberitahuan multimedia"/>
</topics>