<?xml version="1.0" encoding="UTF-8"?>
<keywords>
   <keywords>
      <text FeatureID="-1">menghantar mesej</text>
      <target FeatureID="-1" href="MCE_HLP_MESSAGING.html">Pusat mesej</target>
      <target FeatureID="-1" href="MCE_HLP_OUTBOX.html">Peti keluar</target>
   </keywords>
   <keywords>
      <text FeatureID="-1">menerima mesej</text>
      <target FeatureID="-1" href="MCE_HLP_MESSAGING.html">Pusat mesej</target>
      <target FeatureID="-1" href="MCE_HLP_INBOX.html">Peti masuk</target>
   </keywords>
   <keywords>
      <text FeatureID="-1">mesej SIM</text>
      <target FeatureID="-1" href="MCE_HLP_SIM.html">Lihat mesej SIM</target>
   </keywords>
   <keywords>
      <text FeatureID="-1">mesej pada kad SIM</text>
      <target FeatureID="-1" href="MCE_HLP_SIM.html">Lihat mesej SIM</target>
   </keywords>
   <keywords>
      <text FeatureID="-1">tetapan pemesejan</text>
      <target FeatureID="-1" href="MCE_HLP_SETTINGS.html">Tetapan pemesejan</target>
      <target FeatureID="-1" href="MCE_HLP_SETTINGS_GEN.html">Tetapan lain</target>
   </keywords>
   <keywords>
      <text FeatureID="-1">tetapan SMS</text>
      <target FeatureID="-1" href="MCE_HLP_SETTINGS_SMS.html">Tetapan mesej teks</target>
   </keywords>
   <keywords>
      <text FeatureID="-1">tetapan mesej teks</text>
      <target FeatureID="-1" href="MCE_HLP_SETTINGS_SMS.html">Tetapan mesej teks</target>
      <target FeatureID="-1" href="SMS_HLP_SETTINGS_SCENTRES.html">Tetapan pusat mesej teks</target>
      <target FeatureID="-1" href="SMS_HLP_SETTINGS_SCENTRES_EDIT.html">Edit pusat mesej teks</target>
   </keywords>
   <keywords>
      <text FeatureID="-1">tetapan pusat mesej</text>
      <target FeatureID="-1" href="SMS_HLP_SETTINGS_SCENTRES.html">Tetapan pusat mesej teks</target>
      <target FeatureID="-1" href="SMS_HLP_SETTINGS_SCENTRES_EDIT.html">Edit pusat mesej teks</target>
   </keywords>
   <keywords>
      <text FeatureID="-1">Tetapan pusat SMS</text>
      <target FeatureID="-1" href="SMS_HLP_SETTINGS_SCENTRES.html">Tetapan pusat mesej teks</target>
   </keywords>
   <keywords>
      <text FeatureID="true_1092">e-mel mesej teks</text>
      <target FeatureID="true_1092" href="SMS_HLP_SETTINGS_SMS_EMAIL.html">Tetapan e-mel mesej teks</target>
   </keywords>
   <keywords>
      <text FeatureID="true_1092">tetapan e-mel sms</text>
      <target FeatureID="true_1092" href="SMS_HLP_SETTINGS_SMS_EMAIL.html">Tetapan e-mel mesej teks</target>
   </keywords>
   <keywords>
      <text FeatureID="-1">tetapan MMS</text>
      <target FeatureID="-1" href="MCE_HLP_SETTINGS_MMS.html">Tetapan mesej multimedia</target>
   </keywords>
   <keywords>
      <text FeatureID="true_1090">tetapan siaran sel</text>
      <target FeatureID="true_1090" href="MCE_HLP_SETTINGS_CB.html">Tetapan siaran sel</target>
   </keywords>
   <keywords>
      <text FeatureID="-1">peti masuk</text>
      <target FeatureID="-1" href="MCE_HLP_INBOX.html">Peti masuk</target>
   </keywords>
   <keywords>
      <text FeatureID="-1">folder saya</text>
      <target FeatureID="-1" href="MCE_HLP_DOCUMENTS.html">Folder saya</target>
   </keywords>
   <keywords>
      <text FeatureID="-1">menyimpan mesej</text>
      <target FeatureID="-1" href="MCE_HLP_DOCUMENTS.html">Folder saya</target>
   </keywords>
   <keywords>
      <text FeatureID="-1">menghantar templat</text>
      <target FeatureID="-1" href="MCE_HLP_TEMPLATES.html">Templat mesej</target>
   </keywords>
   <keywords>
      <text FeatureID="-1">templat mesej</text>
      <target FeatureID="-1" href="MCE_HLP_TEMPLATES.html">Templat mesej</target>
   </keywords>
   <keywords>
      <text FeatureID="-1">mengatur mesej</text>
      <target FeatureID="-1" href="MCE_HLP_FOLDER.html">Atur mesej</target>
   </keywords>
   <keywords>
      <text FeatureID="-1">menyimpan mesej draf</text>
      <target FeatureID="-1" href="MCE_HLP_DRAFTS.html">Draf</target>
   </keywords>
   <keywords>
      <text FeatureID="-1">mesej draf</text>
      <target FeatureID="-1" href="MCE_HLP_DRAFTS.html">Draf</target>
   </keywords>
   <keywords>
      <text FeatureID="-1">mesej dihantar</text>
      <target FeatureID="-1" href="MCE_HLP_SENT_ITEMS.html">Mesej dihantar</target>
   </keywords>
   <keywords>
      <text FeatureID="-1">melihat peti keluar</text>
      <target FeatureID="-1" href="MCE_HLP_OUTBOX.html">Peti keluar</target>
   </keywords>
   <keywords>
      <text FeatureID="-1">laporan penghantaran</text>
      <target FeatureID="-1" href="MCE_HLP_DELIVERY_REPORTS.html">Laporan penghantaran</target>
   </keywords>
   <keywords>
      <text FeatureID="true_1132">pemberitahuan MMS</text>
      <target FeatureID="true_1132" href="MCE_HLP_MMS_NOTIFICATIONS.html">Pemberitahuan multimedia</target>
   </keywords>
   <keywords>
      <text FeatureID="-1">mencari nombor telefon</text>
      <target FeatureID="-1" href="FIND_HLP.html">Cari nombor/alamat</target>
   </keywords>
   <keywords>
      <text FeatureID="-1">mencari alamat</text>
      <target FeatureID="-1" href="FIND_HLP.html">Cari nombor/alamat</target>
   </keywords>
</keywords>