<?xml version="1.0" encoding="UTF-8"?>
<keywords>
   <keywords>
      <text FeatureID="-1">ajanda</text>
      <target FeatureID="-1" href="CALE_HLP_NOTE_VIEWER.html">Ajanda kayıtları</target>
      <target FeatureID="-1" href="CALE_HLP_DAY_VIEW.html">Gün görünümü</target>
      <target FeatureID="-1" href="CALE_HLP_NOTE_MEETING.html">Toplantı kayıtları</target>
      <target FeatureID="-1" href="CALE_HLP_MONTH_VIEW.html">Ay görünümü</target>
      <target FeatureID="-1" href="CALE_HLP_TODO_NOTE.html">Yapılacak kayıtları</target>
      <target FeatureID="-1" href="CALE_HLP_TODO_VIEW.html">Yapılacak görünümü</target>
      <target FeatureID="-1" href="CALE_HLP_WEEK_VIEW.html">Hafta görünümü</target>
      <target FeatureID="-1" href="CALE_HLP_CALENDAR_DATABASE_SETTINGS.html">Birden fazla takvim ayarları</target>
      <target FeatureID="-1" href="CALE_HLP_CALE_MAN_VIEW.html">Ajanda yönetimi görünümü</target>
      <target FeatureID="-1" href="CALE_HLP_ATTACH_VIEW.html">Ek görünümü</target>
      <target FeatureID="-1" href="CALE_HLP_MAV.html">Cevapsız alarmlar görünümü</target>
   </keywords>
   <keywords>
      <text FeatureID="-1">toplantılar</text>
      <target FeatureID="-1" href="CALE_HLP_NOTE_VIEWER.html">Ajanda kayıtları</target>
      <target FeatureID="-1" href="CALE_HLP_NOTE_MEETING.html">Toplantı kayıtları</target>
   </keywords>
   <keywords>
      <text FeatureID="-1">yapılacak notları</text>
      <target FeatureID="-1" href="CALE_HLP_NOTE_VIEWER.html">Ajanda kayıtları</target>
      <target FeatureID="-1" href="CALE_HLP_TODO_NOTE.html">Yapılacak kayıtları</target>
   </keywords>
   <keywords>
      <text FeatureID="-1">ajanda ayarları</text>
      <target FeatureID="-1" href="CALE_HLP_SETTINGS.html">Ajanda ayarları</target>
   </keywords>
   <keywords>
      <text FeatureID="-1">yapılacaklar listesi</text>
      <target FeatureID="-1" href="CALE_HLP_TODO_VIEW.html">Yapılacak görünümü</target>
   </keywords>
   <keywords>
      <text FeatureID="-1">ayarlar, ajanda</text>
      <target FeatureID="-1" href="CALE_HLP_CALENDAR_DATABASE_SETTINGS.html">Birden fazla takvim ayarları</target>
   </keywords>
   <keywords>
      <text FeatureID="-1">ekler</text>
      <target FeatureID="-1" href="CALE_HLP_ATTACH_VIEW.html">Ek görünümü</target>
   </keywords>
   <keywords>
      <text FeatureID="-1">alarmlar, takvim notu</text>
      <target FeatureID="-1" href="CALE_HLP_MAV.html">Cevapsız alarmlar görünümü</target>
   </keywords>
</keywords>