<?xml version="1.0" encoding="UTF-8"?>
<keywords>
   <keywords>
      <text FeatureID="-1">gestionnaire de l'appareil</text>
      <target FeatureID="-1" href="DM_HLP_MAIN_VIEW.html">Logiciel de l'appareil</target>
      <target FeatureID="-1" href="DM_HLP_SETTINGS.html">Paramètres du mode serveur</target>
      <target FeatureID="-1" href="DM_HLP_SERVERS_VIEW.html">Configuration distante</target>
   </keywords>
   <keywords>
      <text FeatureID="-1">paramètres de configuration</text>
      <target FeatureID="-1" href="DM_HLP_MAIN_VIEW.html">Logiciel de l'appareil</target>
   </keywords>
   <keywords>
      <text FeatureID="-1">Gestionnaire de l'appareil</text>
      <target FeatureID="-1" href="FOTA_HLP_SETTINGS.html">Paramètres de mise à jour du logiciel</target>
   </keywords>
   <keywords>
      <text FeatureID="-1">paramètres de mise à jour du logiciel</text>
      <target FeatureID="-1" href="FOTA_HLP_SETTINGS.html">Paramètres de mise à jour du logiciel</target>
   </keywords>
   <keywords>
      <text FeatureID="-1">paramètres du mode serveur</text>
      <target FeatureID="-1" href="DM_HLP_SETTINGS.html">Paramètres du mode serveur</target>
   </keywords>
   <keywords>
      <text FeatureID="-1">configuration distante</text>
      <target FeatureID="-1" href="DM_HLP_SERVERS_VIEW.html">Configuration distante</target>
   </keywords>
</keywords>