<?xml version="1.0" encoding="UTF-8"?>
<keywords>
   <keywords>
      <text FeatureID="-1">căsuţă apeluri</text>
      <target FeatureID="-1" href="SMSVO_HLP_MAIN_VIEW.html">Căsuţă apeluri</target>
      <target FeatureID="true_298" href="SMSVO_HLP_CS_VIDEO_AND_XSP_VOIP.html">Căsuţa poştală de convorbiri, video şi de apeluri Internet</target>
   </keywords>
   <keywords>
      <text FeatureID="-1">robot telefonic</text>
      <target FeatureID="-1" href="SMSVO_HLP_MAIN_VIEW.html">Căsuţă apeluri</target>
      <target FeatureID="true_89" href="SMSVO_HLP_CS_AND_VIDEO.html">Căsuţa poştală pentru convorbiri şi apeluri video</target>
      <target FeatureID="true_298" href="SMSVO_HLP_CS_VIDEO_AND_XSP_VOIP.html">Căsuţa poştală de convorbiri, video şi de apeluri Internet</target>
   </keywords>
   <keywords>
      <text FeatureID="true_89">căs. poştală video</text>
      <target FeatureID="true_89" href="SMSVO_HLP_CS_AND_VIDEO.html">Căsuţa poştală pentru convorbiri şi apeluri video</target>
   </keywords>
   <keywords>
      <text FeatureID="true_298">căsuţa poştală de apeluri Internet</text>
      <target FeatureID="true_298" href="SMSVO_HLP_CS_VIDEO_AND_XSP_VOIP.html">Căsuţa poştală de convorbiri, video şi de apeluri Internet</target>
   </keywords>
</keywords>