<?xml version="1.0" encoding="UTF-8"?><?xml-stylesheet  href="../../theme/xsl/index2html.xslt" type="text/xsl"?>
<topics FeatureID="-1" title="Videi in TV" compressed="true">
   <topicref FeatureID="-1" href="IPTV_HLP_MAIN_STATE.html" navtitle="Videi in TV"/>
   <topicref FeatureID="-1" href="IPTV_HLP_VODCAST_MAIN.html" navtitle="Video viri"/>
   <topicref FeatureID="-1" href="IPTV_HLP_SERVICE_SELECTION_VOD.html" navtitle="Izbiranje video storitev"/>
   <topicref FeatureID="-1" href="IPTV_HLP_VOD_CATEGORIES.html" navtitle="Kategorije videa"/>
   <topicref FeatureID="-1" href="IPTV_HLP_VOD.html" navtitle="Ogled in prenos video posnetkov"/>
   <topicref FeatureID="-1" href="IPTV_HLP_SCHEDULE_DOWNLOAD.html" navtitle="Načrtovanje prenosov"/>
   <topicref FeatureID="-1" href="IPTV_HLP_STORAGE.html" navtitle="Moji videi"/>
   <topicref FeatureID="-1" href="IPTV_HLP_SETTINGS.html" navtitle="Nastavitve aplikacije Videi in TV"/>
   <topicref FeatureID="-1" href="IPTV_HLP_SERVICE_SEL_VODCAST.html" navtitle="Izbiranje video virov"/>
   <topicref FeatureID="-1" href="IPTV_HLP_ADD_SERVICE.html" navtitle="Dodajanje video virov"/>
</topics>