<?xml version="1.0" encoding="UTF-8"?>
<keywords>
   <keywords>
      <text FeatureID="-1">videi in TV</text>
      <target FeatureID="-1" href="IPTV_HLP_MAIN_STATE.html">Videi in TV</target>
      <target FeatureID="-1" href="IPTV_HLP_VODCAST_MAIN.html">Video viri</target>
      <target FeatureID="-1" href="IPTV_HLP_SERVICE_SELECTION_VOD.html">Izbiranje video storitev</target>
      <target FeatureID="-1" href="IPTV_HLP_VOD_CATEGORIES.html">Kategorije videa</target>
      <target FeatureID="-1" href="IPTV_HLP_VOD.html">Ogled in prenos video posnetkov</target>
      <target FeatureID="-1" href="IPTV_HLP_SCHEDULE_DOWNLOAD.html">Načrtovanje prenosov</target>
      <target FeatureID="-1" href="IPTV_HLP_STORAGE.html">Moji videi</target>
      <target FeatureID="-1" href="IPTV_HLP_SERVICE_SEL_VODCAST.html">Izbiranje video virov</target>
      <target FeatureID="-1" href="IPTV_HLP_ADD_SERVICE.html">Dodajanje video virov</target>
   </keywords>
   <keywords>
      <text FeatureID="-1">video viri</text>
      <target FeatureID="-1" href="IPTV_HLP_VODCAST_MAIN.html">Video viri</target>
      <target FeatureID="-1" href="IPTV_HLP_VOD_CATEGORIES.html">Kategorije videa</target>
      <target FeatureID="-1" href="IPTV_HLP_SERVICE_SEL_VODCAST.html">Izbiranje video virov</target>
      <target FeatureID="-1" href="IPTV_HLP_ADD_SERVICE.html">Dodajanje video virov</target>
   </keywords>
   <keywords>
      <text FeatureID="-1">prenosi, video posnetki</text>
      <target FeatureID="-1" href="IPTV_HLP_VOD.html">Ogled in prenos video posnetkov</target>
      <target FeatureID="-1" href="IPTV_HLP_SCHEDULE_DOWNLOAD.html">Načrtovanje prenosov</target>
   </keywords>
   <keywords>
      <text FeatureID="-1">videi in TV, nastavitve</text>
      <target FeatureID="-1" href="IPTV_HLP_SETTINGS.html">Nastavitve aplikacije Videi in TV</target>
   </keywords>
   <keywords>
      <text FeatureID="-1">nastavitve, video</text>
      <target FeatureID="-1" href="IPTV_HLP_SETTINGS.html">Nastavitve aplikacije Videi in TV</target>
   </keywords>
</keywords>