<?xml version="1.0" encoding="UTF-8"?>
<keywords>
   <keywords>
      <text FeatureID="-1">Quickoffice, menadžer datoteka</text>
      <target FeatureID="-1" href="QFM_HLP_FILE_MENU.html">Menadžer datoteka</target>
   </keywords>
   <keywords>
      <text FeatureID="-1">Quickoffice</text>
      <target FeatureID="-1" href="QFM_HLP_LOC_MENU.html">Quickoffice</target>
   </keywords>
   <keywords>
      <text FeatureID="-1">Quickpoint</text>
      <target FeatureID="-1" href="QPOINT_HLP_EDIT_SLIDE_VIEW.html">Izmena slajdova</target>
      <target FeatureID="-1" href="QPOINT_HLP_REPLACE_VIEW.html">Pronalaženje i zamena teksta</target>
      <target FeatureID="-1" href="QPOINT_HLP_FIND_VIEW.html">Pronalaženje teksta</target>
      <target FeatureID="-1" href="QPOINT_HLP_VIEW_SLIDE_VIEW.html">Prikaz slajdova</target>
   </keywords>
   <keywords>
      <text FeatureID="-1">Quickpoint, tekst</text>
      <target FeatureID="-1" href="QPOINT_HLP_EDIT_TEXT_VIEW.html">Izmena teksta</target>
   </keywords>
   <keywords>
      <text FeatureID="-1">Quickpoint, komentari</text>
      <target FeatureID="-1" href="QPOINT_HLP_COMMENT_VIEW.html">Prikaz komentara</target>
   </keywords>
   <keywords>
      <text FeatureID="-1">Quickpoint, beleške</text>
      <target FeatureID="-1" href="QPOINT_HLP_VIEW_NOTES_VIEW.html">Prikaz beležaka</target>
   </keywords>
   <keywords>
      <text FeatureID="-1">Quickpoint, strukture</text>
      <target FeatureID="-1" href="QPOINT_HLP_VIEW_OUTLINE_VIEW.html">Prikaz struktura</target>
   </keywords>
   <keywords>
      <text FeatureID="-1">Quicksheet, ćelije</text>
      <target FeatureID="-1" href="QSHEET_HLP_CELLS_EDIT.html">Izmena ćelija</target>
      <target FeatureID="-1" href="QSHEET_HLP_VIEW_CELL.html">Prikaz ćelija</target>
   </keywords>
   <keywords>
      <text FeatureID="-1">Quicksheet, kolone</text>
      <target FeatureID="-1" href="QSHEET_HLP_EDIT_COLUMN.html">Izmena kolona</target>
   </keywords>
   <keywords>
      <text FeatureID="-1">Quicksheet, opsezi</text>
      <target FeatureID="-1" href="QSHEET_HLP_EDIT_RANGE.html">Izmena opsega</target>
   </keywords>
   <keywords>
      <text FeatureID="-1">Quicksheet, redovi</text>
      <target FeatureID="-1" href="QSHEET_HLP_EDIT_ROW.html">Izmena redova</target>
   </keywords>
   <keywords>
      <text FeatureID="-1">Quicksheet</text>
      <target FeatureID="-1" href="QSHEET_HLP_REPLACE_VIEW.html">Pronalaženje i zamena teksta</target>
      <target FeatureID="-1" href="QSHEET_HLP_FIND_VIEW.html">Pronalaženje teksta</target>
      <target FeatureID="-1" href="QSHEET_HLP_CELLS_VIEW.html">Prikaz unakrsnih tabela</target>
   </keywords>
   <keywords>
      <text FeatureID="-1">Quickword</text>
      <target FeatureID="-1" href="QWORD_HLP_EDIT_MODE.html">Izmena dokumenata</target>
      <target FeatureID="-1" href="QWORD_HLP_FIND_MODE.html">Pronalaženje i zamena teksta</target>
      <target FeatureID="-1" href="QWORD_HLP_VIEW_MODE.html">Prikaz dokumenata</target>
      <target FeatureID="-1" href="QWORD_HLP_PAGE_VIEW.html">Prikaz rasporeda stranice</target>
   </keywords>
</keywords>