<?xml version="1.0" encoding="UTF-8"?>
<keywords>
   <keywords>
      <text FeatureID="-1">e-postinnstillinger</text>
      <target FeatureID="-1" href="MBXS_HLP_SETT_DOWNL_CTRL.html">E-posthentingsinnstillinger</target>
      <target FeatureID="-1" href="MBXS_HLP_SETT_DOWNL_RETR.html">Antall e-poster til henting</target>
      <target FeatureID="-1" href="MBXS_HLP_SETT_MBX_IN.html">Innstillinger for innkommende e-post</target>
      <target FeatureID="-1" href="MBXS_HLP_SETT_MBX_IN_OUT.html">Tilkoblingsinnst.</target>
      <target FeatureID="-1" href="MBXS_HLP_SETT_MBX_OUT.html">Innstillinger for utgående e-post</target>
      <target FeatureID="-1" href="MCE_HLP_SETTINGS_EMAIL.html">E-postinnstillinger</target>
      <target FeatureID="-1" href="MCE_HLP_SETT_EMAILMAIN.html">Redigere postkasser</target>
      <target FeatureID="-1" href="MCE_HLP_SETT_MAILBLIST.html">Postkasser</target>
      <target FeatureID="-1" href="MCE_HLP_SETT_MAILFOLDER_UPD.html">Postkasse-mapper</target>
      <target FeatureID="true_1633" href="MCE_HLP_SETT_MAIL_ONLI.html">Automatisk henting</target>
   </keywords>
   <keywords>
      <text FeatureID="-1">postkasseinnstillinger</text>
      <target FeatureID="-1" href="MCE_HLP_SETT_EMAILMAIN.html">Redigere postkasser</target>
   </keywords>
   <keywords>
      <text FeatureID="-1">postkasse</text>
      <target FeatureID="-1" href="MCE_HLP_SETT_MAILBLIST.html">Postkasser</target>
      <target FeatureID="-1" href="MCE_HLP_MAILBOX_ONLINE.html">Tilkoblet e-post</target>
   </keywords>
   <keywords>
      <text FeatureID="-1">postkasse-mapper</text>
      <target FeatureID="-1" href="MCE_HLP_SETT_MAILFOLDER_UPD.html">Postkasse-mapper</target>
   </keywords>
   <keywords>
      <text FeatureID="-1">brukerinnstillinger</text>
      <target FeatureID="-1" href="MCE_HLP_SETT_MAIL_USER.html">Brukerinnstillinger</target>
   </keywords>
   <keywords>
      <text FeatureID="true_44">synkroniseringsinnstillinger for postkasse</text>
      <target FeatureID="true_44" href="MCE_HLP_SETT_SMAILBOX.html">Synkroniseringsinnstillinger for postkasse</target>
      <target FeatureID="true_44" href="MCE_HLP_SETT_SMAILBOX.html">Synkroniseringsinnstillinger for postkasse</target>
   </keywords>
   <keywords>
      <text FeatureID="-1">frakoblet e-post</text>
      <target FeatureID="-1" href="MCE_HLP_MAILBOX_OFFLINE.html">Frakoblet e-post</target>
   </keywords>
   <keywords>
      <text FeatureID="-1">koble til postkassen</text>
      <target FeatureID="-1" href="MCE_HLP_MAILBOX_ONLINE.html">Tilkoblet e-post</target>
   </keywords>
   <keywords>
      <text FeatureID="-1">e-post, tilkoblet</text>
      <target FeatureID="-1" href="MCE_HLP_MAILBOX_ONLINE.html">Tilkoblet e-post</target>
   </keywords>
   <keywords>
      <text FeatureID="-1">tilkoblet e-post</text>
      <target FeatureID="-1" href="MCE_HLP_MAILBOX_ONLINE.html">Tilkoblet e-post</target>
   </keywords>
</keywords>