<?xml version="1.0" encoding="UTF-8"?>
<keywords>
   <keywords>
      <text FeatureID="-1">attēlu rediģēšana</text>
      <target FeatureID="-1" href="SIE_HLP_MAIN.html">Attēlu rediģēšana</target>
   </keywords>
   <keywords>
      <text FeatureID="-1">teksta rediģēšana</text>
      <target FeatureID="-1" href="SIE_HLP_EDIT_TEXT.html">Teksta rediģēšana attēlos</target>
   </keywords>
   <keywords>
      <text FeatureID="-1">attēlu redaktors</text>
      <target FeatureID="-1" href="SIE_HLP_EDIT_TEXT.html">Teksta rediģēšana attēlos</target>
   </keywords>
   <keywords>
      <text FeatureID="-1">tuvinātu attēlu rediģēšana</text>
      <target FeatureID="-1" href="SIE_HLP_ZOOMING.html">Tuvinātu attēlu rediģēšana</target>
   </keywords>
   <keywords>
      <text FeatureID="-1">attēlu tuvināšana</text>
      <target FeatureID="-1" href="SIE_HLP_ZOOMING.html">Tuvinātu attēlu rediģēšana</target>
   </keywords>
   <keywords>
      <text FeatureID="-1">klipkopas rediģēšana</text>
      <target FeatureID="-1" href="SIE_HLP_EDIT_CLIPART.html">Klipkopas rediģēšana</target>
   </keywords>
   <keywords>
      <text FeatureID="-1">teksta burbuļu rediģēšana</text>
      <target FeatureID="-1" href="SIE_HLP_EDIT_CLIPART.html">Klipkopas rediģēšana</target>
   </keywords>
   <keywords>
      <text FeatureID="-1">sarkano acu efekta samazināšana</text>
      <target FeatureID="-1" href="SIE_HLP_REDEYE.html">Sarkano acu efekta samazināšana</target>
   </keywords>
</keywords>