<?xml version="1.0" encoding="UTF-8"?><?xml-stylesheet  href="../../theme/xsl/index2html.xslt" type="text/xsl"?>
<topics FeatureID="-1" title="Video &amp; TV" compressed="true">
   <topicref FeatureID="-1" href="IPTV_HLP_MAIN_STATE.html" navtitle="Video &amp; TV"/>
   <topicref FeatureID="-1" href="IPTV_HLP_VODCAST_MAIN.html" navtitle="Cấp dữ liệu video"/>
   <topicref FeatureID="-1" href="IPTV_HLP_SERVICE_SELECTION_VOD.html" navtitle="Chọn dịch vụ video"/>
   <topicref FeatureID="-1" href="IPTV_HLP_VOD_CATEGORIES.html" navtitle="Các danh mục video"/>
   <topicref FeatureID="-1" href="IPTV_HLP_VOD.html" navtitle="Xem và tải về video clip"/>
   <topicref FeatureID="-1" href="IPTV_HLP_SCHEDULE_DOWNLOAD.html" navtitle="Lên lịch tải về"/>
   <topicref FeatureID="-1" href="IPTV_HLP_STORAGE.html" navtitle="Video của tôi"/>
   <topicref FeatureID="-1" href="IPTV_HLP_SETTINGS.html" navtitle="Cài đặt Video &amp; TV"/>
   <topicref FeatureID="-1" href="IPTV_HLP_SERVICE_SEL_VODCAST.html" navtitle="Chọn cấp dữ liệu video"/>
   <topicref FeatureID="-1" href="IPTV_HLP_ADD_SERVICE.html" navtitle="Thêm cấp dữ liệu video"/>
</topics>