<?xml version="1.0" encoding="UTF-8"?>
<keywords>
   <keywords>
      <text FeatureID="-1">video &amp; TV</text>
      <target FeatureID="-1" href="IPTV_HLP_MAIN_STATE.html">Video &amp; TV</target>
      <target FeatureID="-1" href="IPTV_HLP_VODCAST_MAIN.html">Cấp dữ liệu video</target>
      <target FeatureID="-1" href="IPTV_HLP_SERVICE_SELECTION_VOD.html">Chọn dịch vụ video</target>
      <target FeatureID="-1" href="IPTV_HLP_VOD_CATEGORIES.html">Các danh mục video</target>
      <target FeatureID="-1" href="IPTV_HLP_VOD.html">Xem và tải về video clip</target>
      <target FeatureID="-1" href="IPTV_HLP_SCHEDULE_DOWNLOAD.html">Lên lịch tải về</target>
      <target FeatureID="-1" href="IPTV_HLP_STORAGE.html">Video của tôi</target>
      <target FeatureID="-1" href="IPTV_HLP_SERVICE_SEL_VODCAST.html">Chọn cấp dữ liệu video</target>
      <target FeatureID="-1" href="IPTV_HLP_ADD_SERVICE.html">Thêm cấp dữ liệu video</target>
   </keywords>
   <keywords>
      <text FeatureID="-1">cấp dữ liệu video</text>
      <target FeatureID="-1" href="IPTV_HLP_VODCAST_MAIN.html">Cấp dữ liệu video</target>
      <target FeatureID="-1" href="IPTV_HLP_VOD_CATEGORIES.html">Các danh mục video</target>
      <target FeatureID="-1" href="IPTV_HLP_SERVICE_SEL_VODCAST.html">Chọn cấp dữ liệu video</target>
      <target FeatureID="-1" href="IPTV_HLP_ADD_SERVICE.html">Thêm cấp dữ liệu video</target>
   </keywords>
   <keywords>
      <text FeatureID="-1">tải về, video clip</text>
      <target FeatureID="-1" href="IPTV_HLP_VOD.html">Xem và tải về video clip</target>
      <target FeatureID="-1" href="IPTV_HLP_SCHEDULE_DOWNLOAD.html">Lên lịch tải về</target>
   </keywords>
   <keywords>
      <text FeatureID="-1">video &amp; TV, cài đặt</text>
      <target FeatureID="-1" href="IPTV_HLP_SETTINGS.html">Cài đặt Video &amp; TV</target>
   </keywords>
   <keywords>
      <text FeatureID="-1">cài đặt, video</text>
      <target FeatureID="-1" href="IPTV_HLP_SETTINGS.html">Cài đặt Video &amp; TV</target>
   </keywords>
</keywords>