<?xml version="1.0" encoding="UTF-8"?>
<keywords>
   <keywords>
      <text FeatureID="-1">การบันทึก, เสียง</text>
      <target FeatureID="-1" href="VOREC_HLP_EMPTY_RECORDER.html">การบันทึกคลิปเสียง</target>
   </keywords>
   <keywords>
      <text FeatureID="-1">เครื่องบันทึกเสียง</text>
      <target FeatureID="-1" href="VOREC_HLP_MAIN.html">การใช้เครื่องบันทึกเสียง</target>
   </keywords>
   <keywords>
      <text FeatureID="-1">การบันทึกคลิปเสียง</text>
      <target FeatureID="-1" href="VOREC_HLP_MAIN.html">การใช้เครื่องบันทึกเสียง</target>
   </keywords>
   <keywords>
      <text FeatureID="-1">การตั้งค่าเครื่องบันทึกเสียง</text>
      <target FeatureID="-1" href="VOREC_HLP_SETTINGS.html">การตั้งค่าเครื่องบันทึกเสียง</target>
   </keywords>
</keywords>