<?xml version="1.0" encoding="UTF-8"?>
<keywords>
   <keywords>
      <text FeatureID="-1">raadio</text>
      <target FeatureID="-1" href="FMRADIO_HLP_MAIN.html">Raadio kuulamine</target>
      <target FeatureID="-1" href="FMRADIO_HLP_SEARCH.html">Jaamade otsimine</target>
      <target FeatureID="-1" href="FMRADIO_HLP_LIST.html"> Raadiojaamade haldamine</target>
   </keywords>
   <keywords>
      <text FeatureID="-1">FM-raadio</text>
      <target FeatureID="-1" href="FMRADIO_HLP_MAIN.html">Raadio kuulamine</target>
      <target FeatureID="-1" href="FMRADIO_HLP_SEARCH.html">Jaamade otsimine</target>
      <target FeatureID="-1" href="FMRADIO_HLP_LIST.html"> Raadiojaamade haldamine</target>
   </keywords>
</keywords>