<?xml version="1.0" encoding="UTF-8"?>
<keywords>
   <keywords>
      <text FeatureID="-1">Bluetooth</text>
      <target FeatureID="-1" href="BT_HLP_MAIN.html">Bluetooth</target>
      <target FeatureID="-1" href="BT_HLP_PAIRED.html">Dispositivi associati</target>
      <target FeatureID="-1" href="BT_HLP_BLOCKED.html">Bloccare dispositivi</target>
   </keywords>
   <keywords>
      <text FeatureID="-1">Impostazioni Bluetooth</text>
      <target FeatureID="-1" href="BT_HLP_MAIN.html">Bluetooth</target>
   </keywords>
   <keywords>
      <text FeatureID="-1">dispositivi, associazione</text>
      <target FeatureID="-1" href="BT_HLP_PAIRED.html">Dispositivi associati</target>
   </keywords>
   <keywords>
      <text FeatureID="-1">dispositivi bloccati</text>
      <target FeatureID="-1" href="BT_HLP_BLOCKED.html">Bloccare dispositivi</target>
   </keywords>
   <keywords>
      <text FeatureID="true_12">tastiera senza fili</text>
      <target FeatureID="true_12" href="BTKEYBOARD_HLP_SETTINGS.html">Tastiera senza fili</target>
   </keywords>
</keywords>