<?xml version="1.0" encoding="UTF-8"?>
<keywords>
   <keywords>
      <text FeatureID="-1">הגדרות הודעות שירות</text>
      <target FeatureID="-1" href="WPUSH_HLP_SETTINGS.html">הגדרות הודעות שירות</target>
   </keywords>
   <keywords>
      <text FeatureID="-1">הודעות לחיצה</text>
      <target FeatureID="-1" href="WPUSH_HLP_VIEWER.html">הצגת הודעות שירות</target>
   </keywords>
   <keywords>
      <text FeatureID="-1">הודעות שירות</text>
      <target FeatureID="-1" href="WPUSH_HLP_VIEWER.html">הצגת הודעות שירות</target>
   </keywords>
</keywords>