<?xml version="1.0" encoding="UTF-8"?>
<keywords>
   <keywords>
      <text FeatureID="true_1604">text input</text>
      <target FeatureID="true_1604" href="HWR_HLP_MAIN_VIEW.html">Handwriting recognition</target>
   </keywords>
   <keywords>
      <text FeatureID="true_1604">handwriting recognition</text>
      <target FeatureID="true_1604" href="HWR_HLP_MAIN_VIEW.html">Handwriting recognition</target>
   </keywords>
   <keywords>
      <text FeatureID="true_1603 true_410">touch input</text>
      <target FeatureID="true_1603" href="VQWERTY_HLP_MAIN_VIEW.html">Virtual keyboard</target>
      <target FeatureID="true_410" href="VITU_HLP_MAIN_VIEW.html">Virtual keypad</target>
   </keywords>
   <keywords>
      <text FeatureID="true_410">virtual keypad</text>
      <target FeatureID="true_410" href="VITU_HLP_MAIN_VIEW.html">Virtual keypad</target>
   </keywords>
</keywords>