<?xml version="1.0" encoding="UTF-8"?>
<keywords>
   <keywords>
      <text FeatureID="-1">錄製, 聲音</text>
      <target FeatureID="-1" href="VOREC_HLP_EMPTY_RECORDER.html">錄製聲音檔</target>
   </keywords>
   <keywords>
      <text FeatureID="-1">錄音機</text>
      <target FeatureID="-1" href="VOREC_HLP_MAIN.html">使用錄音機</target>
   </keywords>
   <keywords>
      <text FeatureID="-1">錄製聲音檔</text>
      <target FeatureID="-1" href="VOREC_HLP_MAIN.html">使用錄音機</target>
   </keywords>
   <keywords>
      <text FeatureID="-1">錄音機設定</text>
      <target FeatureID="-1" href="VOREC_HLP_SETTINGS.html">錄音機設定</target>
   </keywords>
</keywords>