<?xml version="1.0" encoding="UTF-8"?><?xml-stylesheet  href="../../theme/xsl/index2html.xslt" type="text/xsl"?>
<topics FeatureID="-1" title="Cài đặt riêng" compressed="true">
   <topicref FeatureID="-1" href="SKINS_HLP_LIST.html" navtitle="Các chủ đề chung"/>
   <topicref FeatureID="-1" href="SCREENSAVER_HLP_WP_SETTINGS.html" navtitle="Cài đặt hình nền trình chiếu"/>
   <topicref FeatureID="-1" href="SKINS_HLP_WP_SETTINGS.html" navtitle="Cài đặt hình nền"/>
   <topicref FeatureID="-1" href="SKINS_HLP_SCREENS_SETTINGS.html" navtitle="Cài đặt màn hình riêng"/>
   <topicref FeatureID="true_1503" href="SKINS_HLP_CIMAGE_SETTINGS.html" navtitle="Chọn hình ảnh cuộc gọi"/>
   <topicref FeatureID="-1" href="SKINS_HLP_APPSHELL.html" navtitle="C.đặt giao diện menu"/>
   <topicref FeatureID="-1" href="SKINS_HLP_IDLE.html" navtitle="Cài đặt màn hình chủ"/>
   <topicref FeatureID="-1" href="SKINS_HLP_APP_MAIN.html" navtitle="Tùy chỉnh màn hình"/>
   <topicref FeatureID="-1" href="SKINS_HLP_APPSKINS_LIST.html" navtitle="C.đề của ứng dụng"/>
</topics>