<?xml version="1.0" encoding="UTF-8"?>
<keywords>
   <keywords>
      <text FeatureID="-1">chủ đề</text>
      <target FeatureID="-1" href="SKINS_HLP_LIST.html">Các chủ đề chung</target>
      <target FeatureID="-1" href="SCREENSAVER_HLP_WP_SETTINGS.html">Cài đặt hình nền trình chiếu</target>
      <target FeatureID="-1" href="SKINS_HLP_WP_SETTINGS.html">Cài đặt hình nền</target>
      <target FeatureID="true_1503" href="SKINS_HLP_CIMAGE_SETTINGS.html">Chọn hình ảnh cuộc gọi</target>
      <target FeatureID="-1" href="SKINS_HLP_APPSHELL.html">C.đặt giao diện menu</target>
      <target FeatureID="-1" href="SKINS_HLP_IDLE.html">Cài đặt màn hình chủ</target>
      <target FeatureID="-1" href="SKINS_HLP_APP_MAIN.html">Tùy chỉnh màn hình</target>
      <target FeatureID="-1" href="SKINS_HLP_APPSKINS_LIST.html">C.đề của ứng dụng</target>
   </keywords>
   <keywords>
      <text FeatureID="-1">hình nền trình chiếu</text>
      <target FeatureID="-1" href="SCREENSAVER_HLP_WP_SETTINGS.html">Cài đặt hình nền trình chiếu</target>
   </keywords>
   <keywords>
      <text FeatureID="-1">cài đặt trình chiếu</text>
      <target FeatureID="-1" href="SCREENSAVER_HLP_WP_SETTINGS.html">Cài đặt hình nền trình chiếu</target>
   </keywords>
   <keywords>
      <text FeatureID="-1">cài đặt hình nền</text>
      <target FeatureID="-1" href="SKINS_HLP_WP_SETTINGS.html">Cài đặt hình nền</target>
   </keywords>
   <keywords>
      <text FeatureID="-1">hình nền</text>
      <target FeatureID="-1" href="SKINS_HLP_WP_SETTINGS.html">Cài đặt hình nền</target>
      <target FeatureID="-1" href="SKINS_HLP_APP_MAIN.html">Tùy chỉnh màn hình</target>
   </keywords>
   <keywords>
      <text FeatureID="-1">màn hình riêng</text>
      <target FeatureID="-1" href="SKINS_HLP_SCREENS_SETTINGS.html">Cài đặt màn hình riêng</target>
   </keywords>
   <keywords>
      <text FeatureID="true_1503">cài đặt hình ảnh cuộc gọi</text>
      <target FeatureID="true_1503" href="SKINS_HLP_CIMAGE_SETTINGS.html">Chọn hình ảnh cuộc gọi</target>
   </keywords>
   <keywords>
      <text FeatureID="-1">các menu</text>
      <target FeatureID="-1" href="SKINS_HLP_APPSHELL.html">C.đặt giao diện menu</target>
   </keywords>
   <keywords>
      <text FeatureID="-1">cài đặt, màn hình chủ</text>
      <target FeatureID="-1" href="SKINS_HLP_IDLE.html">Cài đặt màn hình chủ</target>
   </keywords>
   <keywords>
      <text FeatureID="-1">widget</text>
      <target FeatureID="-1" href="SKINS_HLP_IDLE.html">Cài đặt màn hình chủ</target>
   </keywords>
</keywords>