<?xml version="1.0" encoding="UTF-8"?>
<keywords>
   <keywords>
      <text FeatureID="-1">Myndir</text>
      <target FeatureID="-1" href="LGAL_HLP_ALBUM_LIST.html">Albúm</target>
      <target FeatureID="-1" href="LGAL_HLP_ALL_GRID.html">Allar efnisskrár skoðaðar</target>
      <target FeatureID="-1" href="LGAL_HLP_ALBUM_GRID.html">Efnisskrár í möppum skoðaðar</target>
      <target FeatureID="-1" href="LGAL_HLP_TAGS_GRID.html">Fletta merktum skrám</target>
      <target FeatureID="-1" href="LGAL_HLP_DETAILS_VIEW.html">Að skoða eða breyta upplýsingum um skrá</target>
      <target FeatureID="-1" href="LGAL_HLP_TAGS_BROWSER.html">Lykilorð</target>
      <target FeatureID="-1" href="LGAL_HLP_MONTH_FULLSCREEN.html">Skoða skrár eftir mánuðum</target>
      <target FeatureID="-1" href="LGAL_HLP_MONTH_GRID.html">Fletta skrám eftir mánuðum</target>
      <target FeatureID="-1" href="LGAL_HLP_VIEW_LIST.html">Myndir</target>
      <target FeatureID="-1" href="LGAL_HLP_MONTH_LIST.html">Mánuðir</target>
      <target FeatureID="-1" href="LGAL_HLP_SLIDESHOW_SETTINGS.html">Stillingar skyggnusýningar</target>
      <target FeatureID="-1" href="LGAL_HLP_ALL_FULLSCREEN.html">Allar skrár skoðaðar</target>
      <target FeatureID="-1" href="LGAL_HLP_ALBUM_FULLSCREEN.html">Skoða skrár í albúmi</target>
      <target FeatureID="-1" href="LGAL_HLP_TAGS_FULLSCREEN.html">Skoða merktar skrár</target>
   </keywords>
   <keywords>
      <text FeatureID="-1">albúm</text>
      <target FeatureID="-1" href="LGAL_HLP_ALBUM_LIST.html">Albúm</target>
      <target FeatureID="-1" href="LGAL_HLP_ALBUM_GRID.html">Efnisskrár í möppum skoðaðar</target>
      <target FeatureID="-1" href="LGAL_HLP_VIEW_LIST.html">Myndir</target>
      <target FeatureID="-1" href="LGAL_HLP_ALBUM_FULLSCREEN.html">Skoða skrár í albúmi</target>
   </keywords>
   <keywords>
      <text FeatureID="-1">merki</text>
      <target FeatureID="-1" href="LGAL_HLP_TAGS_GRID.html">Fletta merktum skrám</target>
      <target FeatureID="-1" href="LGAL_HLP_TAGS_BROWSER.html">Lykilorð</target>
      <target FeatureID="-1" href="LGAL_HLP_VIEW_LIST.html">Myndir</target>
      <target FeatureID="-1" href="LGAL_HLP_TAGS_FULLSCREEN.html">Skoða merktar skrár</target>
   </keywords>
   <keywords>
      <text FeatureID="-1">skyggnusýning</text>
      <target FeatureID="-1" href="LGAL_HLP_SLIDESHOW_SETTINGS.html">Stillingar skyggnusýningar</target>
   </keywords>
</keywords>