<?xml version="1.0" encoding="UTF-8"?>
<keywords>
   <keywords>
      <text FeatureID="true_1604">обучение рукописному вводу</text>
      <target FeatureID="true_1604" href="HWRT_HLP_MAIN_VIEW.html">Обучение рукописному вводу</target>
   </keywords>
   <keywords>
      <text FeatureID="true_1604">ссылки рукописного ввода</text>
      <target FeatureID="true_1604" href="HWRT_HLP_SHORTCUTS_MAIN_VIEW.html">Ссылки рукописного ввода</target>
   </keywords>
</keywords>