<?xml version="1.0" encoding="UTF-8"?>
<keywords>
   <keywords>
      <text FeatureID="-1">аудиотемы</text>
      <target FeatureID="-1" href="AUDIOTHEME_HLP_EVENTGROUPS.html">Изменение аудиотем</target>
      <target FeatureID="-1" href="SET_HLP_AUDIO_THEME_EVENTSLIST.html">Звуки событий устройства</target>
   </keywords>
   <keywords>
      <text FeatureID="-1">настройка устройства</text>
      <target FeatureID="-1" href="AUDIOTHEME_HLP_EVENTGROUPS.html">Изменение аудиотем</target>
      <target FeatureID="-1" href="SET_HLP_AUDIO_THEME_EVENTSLIST.html">Звуки событий устройства</target>
   </keywords>
   <keywords>
      <text FeatureID="-1">звуки устройства</text>
      <target FeatureID="-1" href="AUDIOTHEME_HLP_EVENTGROUPS.html">Изменение аудиотем</target>
      <target FeatureID="-1" href="SET_HLP_AUDIO_THEME_EVENTSLIST.html">Звуки событий устройства</target>
   </keywords>
</keywords>