<?xml version="1.0" encoding="UTF-8"?><?xml-stylesheet  href="../../theme/xsl/index2html.xslt" type="text/xsl"?>
<topics FeatureID="-1" title="Žurnāli" compressed="true">
   <topicref FeatureID="-1" href="GPRS_HLP_MAIN.html" navtitle="Pakešdatu savienojumi"/>
   <topicref FeatureID="-1" href="LOGS_HLP_COUNTER.html" navtitle="Zvanu un datu reģistri"/>
   <topicref FeatureID="-1" href="LOGS_HLP_DETAIL.html" navtitle="Žurn. notiku­mu detaļas"/>
   <topicref FeatureID="-1" href="LOGS_HLP_MAIN.html" navtitle="Žurnāla informācija"/>
   <topicref FeatureID="-1" href="LOGS_HLP_SETTING.html" navtitle="Žurnāla uzstādījumi"/>
   <topicref FeatureID="-1" href="STM_HLP_DIALLED.html" navtitle="Izsauktie numuri"/>
   <topicref FeatureID="-1" href="STM_HLP_MAIN.html" navtitle="Pēdējie zvani"/>
   <topicref FeatureID="-1" href="STM_HLP_MISSED.html" navtitle="Neatbildētie zvani"/>
   <topicref FeatureID="-1" href="STM_HLP_RECEIVED.html" navtitle="Saņemtie zvani"/>
   <topicref FeatureID="-1" href="TIMERS_HLP_MAIN.html" navtitle="Zvanu ilgums"/>
</topics>