<?xml version="1.0" encoding="UTF-8"?>
<keywords>
   <keywords>
      <text FeatureID="-1">pakešdatu savienojumi</text>
      <target FeatureID="-1" href="GPRS_HLP_MAIN.html">Pakešdatu savienojumi</target>
      <target FeatureID="-1" href="LOGS_HLP_COUNTER.html">Zvanu un datu reģistri</target>
   </keywords>
   <keywords>
      <text FeatureID="-1">sarunu ilgums</text>
      <target FeatureID="-1" href="LOGS_HLP_COUNTER.html">Zvanu un datu reģistri</target>
   </keywords>
   <keywords>
      <text FeatureID="-1">pēdējie zvani</text>
      <target FeatureID="-1" href="LOGS_HLP_COUNTER.html">Zvanu un datu reģistri</target>
      <target FeatureID="-1" href="STM_HLP_MAIN.html">Pēdējie zvani</target>
   </keywords>
   <keywords>
      <text FeatureID="-1">žurnāli</text>
      <target FeatureID="-1" href="LOGS_HLP_DETAIL.html">Žurn. notiku­mu detaļas</target>
      <target FeatureID="-1" href="LOGS_HLP_MAIN.html">Žurnāla informācija</target>
   </keywords>
   <keywords>
      <text FeatureID="-1">žurnāla uzstādījumi</text>
      <target FeatureID="-1" href="LOGS_HLP_SETTING.html">Žurnāla uzstādījumi</target>
   </keywords>
   <keywords>
      <text FeatureID="-1">izsauktie numuri</text>
      <target FeatureID="-1" href="STM_HLP_DIALLED.html">Izsauktie numuri</target>
   </keywords>
   <keywords>
      <text FeatureID="-1">zvanu žurnāls</text>
      <target FeatureID="-1" href="STM_HLP_MAIN.html">Pēdējie zvani</target>
   </keywords>
   <keywords>
      <text FeatureID="-1">neatbildētie zvani</text>
      <target FeatureID="-1" href="STM_HLP_MISSED.html">Neatbildētie zvani</target>
   </keywords>
   <keywords>
      <text FeatureID="-1">saņemtie zvani</text>
      <target FeatureID="-1" href="STM_HLP_RECEIVED.html">Saņemtie zvani</target>
   </keywords>
   <keywords>
      <text FeatureID="-1">atbildētie zvani</text>
      <target FeatureID="-1" href="STM_HLP_RECEIVED.html">Saņemtie zvani</target>
   </keywords>
   <keywords>
      <text FeatureID="-1">zvanu ilgums</text>
      <target FeatureID="-1" href="TIMERS_HLP_MAIN.html">Zvanu ilgums</target>
   </keywords>
   <keywords>
      <text FeatureID="-1">zvanu garums</text>
      <target FeatureID="-1" href="TIMERS_HLP_MAIN.html">Zvanu ilgums</target>
   </keywords>
</keywords>