<?xml version="1.0" encoding="UTF-8"?>
<keywords>
   <keywords>
      <text FeatureID="-1">upravitelj naprav</text>
      <target FeatureID="-1" href="DM_HLP_MAIN_VIEW.html">Programska oprema naprave</target>
      <target FeatureID="-1" href="DM_HLP_SETTINGS.html">Nast. profila strežnika</target>
      <target FeatureID="-1" href="DM_HLP_SERVERS_VIEW.html">Oddalj. konfiguriranje</target>
   </keywords>
   <keywords>
      <text FeatureID="-1">konfiguracijske nastavitve</text>
      <target FeatureID="-1" href="DM_HLP_MAIN_VIEW.html">Programska oprema naprave</target>
   </keywords>
   <keywords>
      <text FeatureID="-1">upravitelj naprave</text>
      <target FeatureID="-1" href="FOTA_HLP_SETTINGS.html">Nast. posod. prog. opreme</target>
   </keywords>
   <keywords>
      <text FeatureID="-1">nastavitve posodabljanja programske opreme</text>
      <target FeatureID="-1" href="FOTA_HLP_SETTINGS.html">Nast. posod. prog. opreme</target>
   </keywords>
   <keywords>
      <text FeatureID="-1">nastavitve profila strežnika</text>
      <target FeatureID="-1" href="DM_HLP_SETTINGS.html">Nast. profila strežnika</target>
   </keywords>
   <keywords>
      <text FeatureID="-1">oddaljeno konfiguriranje</text>
      <target FeatureID="-1" href="DM_HLP_SERVERS_VIEW.html">Oddalj. konfiguriranje</target>
   </keywords>
</keywords>