<?xml version="1.0" encoding="UTF-8"?>
<keywords>
   <keywords>
      <text FeatureID="-1">تنظیمات اشتراک ایمیل</text>
      <target FeatureID="-1" href="FSE_HLP_IMS_SETTINGS_ACCT_INFO.html">تنظیمات اشتراک پست الکترونیکی</target>
   </keywords>
   <keywords>
      <text FeatureID="-1">تنظیمات پیشرفته صندوق پستی</text>
      <target FeatureID="-1" href="FSE_HLP_IMS_SETTINGS_ADVANCED.html">تنظیمات پیشرفته صندوق پستی</target>
   </keywords>
   <keywords>
      <text FeatureID="-1">تنظیمات صندوق پستی</text>
      <target FeatureID="-1" href="FSE_HLP_IMS_SETTINGS_MAILBOX.html">تنظیمات صندوق پستی</target>
   </keywords>
   <keywords>
      <text FeatureID="-1">محتوای همگام سازی ایمیل</text>
      <target FeatureID="-1" href="FSE_HLP_IMS_SETTINGS_WHAT_SYNC.html">تعیین محتوای همگام سازی</target>
   </keywords>
   <keywords>
      <text FeatureID="-1">زمان همگام سازی ایمیل</text>
      <target FeatureID="-1" href="FSE_HLP_IMS_SETTINGS_WHEN_SYNC.html">تعیین زمان همگام سازی</target>
   </keywords>
   <keywords>
      <text FeatureID="-1">همگام سازی پوشه ایمیل</text>
      <target FeatureID="-1" href="FSE_HLP_IMS_SETTINGS_FOLDER.html">همگام سازی پوشه های ایمیل</target>
   </keywords>
   <keywords>
      <text FeatureID="-1">تنظیمات سرویس ایمیل</text>
      <target FeatureID="-1" href="FSE_HLP_SETTINGS_INTELL_LIST.html">تنظيمات خدمات پست الكترونيكي</target>
   </keywords>
   <keywords>
      <text FeatureID="-1">تنظیمات ایمیل</text>
      <target FeatureID="-1" href="FSE_HLP_IMS_SETTINGS_MAIN_VIEW.html">تنظيمات پست الكترونيكي</target>
   </keywords>
   <keywords>
      <text FeatureID="-1">Intellisync</text>
      <target FeatureID="-1" href="FSE_HLP_IMS_LAUNCHER_MAIN_VIEW.html">ایمیل Intellisync</target>
   </keywords>
</keywords>