<?xml version="1.0" encoding="UTF-8"?>
<keywords>
   <keywords>
      <text FeatureID="-1">personalización de perfiles</text>
      <target FeatureID="-1" href="MODE_HLP_PERSONALISE.html">Personalizar perfiles</target>
   </keywords>
   <keywords>
      <text FeatureID="-1">configuración de tonos</text>
      <target FeatureID="-1" href="SET_HLP_PERSONAL_TONES.html">Configuración de tonos</target>
   </keywords>
   <keywords>
      <text FeatureID="-1">tonos de timbre</text>
      <target FeatureID="-1" href="SET_HLP_PERSONAL_TONES.html">Configuración de tonos</target>
   </keywords>
   <keywords>
      <text FeatureID="-1">perfiles</text>
      <target FeatureID="-1" href="MODE_HLP_PROFILES_LIST.html">Perfiles</target>
   </keywords>
   <keywords>
      <text FeatureID="-1">cambio de perfiles</text>
      <target FeatureID="-1" href="MODE_HLP_PROFILES_LIST.html">Perfiles</target>
   </keywords>
</keywords>