<?xml version="1.0" encoding="UTF-8"?>
<keywords>
   <keywords>
      <text FeatureID="true_13 true_1566">USB kable konexioa</text>
      <target FeatureID="true_13" href="USB_HLP_MAIN.html">USB ezarpenak</target>
      <target FeatureID="true_1566" href="USB_HLP_PRINT_SETTINGS.html">Inprimagailuaren ezarpenak</target>
   </keywords>
   <keywords>
      <text FeatureID="true_13">kable konexioa</text>
      <target FeatureID="true_13" href="USB_HLP_MAIN.html">USB ezarpenak</target>
   </keywords>
   <keywords>
      <text FeatureID="true_1566">inprimatzea</text>
      <target FeatureID="true_1566" href="USB_HLP_PRINT_SETTINGS.html">Inprimagailuaren ezarpenak</target>
   </keywords>
   <keywords>
      <text FeatureID="true_1566">ezarpenak, inprimagailua</text>
      <target FeatureID="true_1566" href="USB_HLP_PRINT_SETTINGS.html">Inprimagailuaren ezarpenak</target>
   </keywords>
</keywords>