<?xml version="1.0" encoding="UTF-8"?><?xml-stylesheet  href="../../theme/xsl/index2html.xslt" type="text/xsl"?>
<topics FeatureID="-1" title="Προσαρμογή" compressed="true">
   <topicref FeatureID="-1" href="SKINS_HLP_LIST.html" navtitle="Γενικά θέματα"/>
   <topicref FeatureID="-1" href="SCREENSAVER_HLP_WP_SETTINGS.html" navtitle="Ρυθ. προβ. παρουσ. ταπετσ."/>
   <topicref FeatureID="-1" href="SKINS_HLP_WP_SETTINGS.html" navtitle="Ρυθμίσεις ταπετσαρίας"/>
   <topicref FeatureID="-1" href="SKINS_HLP_SCREENS_SETTINGS.html" navtitle="Ρυθμίσεις προφύλαξης οθόνης"/>
   <topicref FeatureID="true_1503" href="SKINS_HLP_CIMAGE_SETTINGS.html" navtitle="Επιλέξτε εικόνα κλήσης"/>
   <topicref FeatureID="-1" href="SKINS_HLP_APPSHELL.html" navtitle="Ρυθμίσεις προβολής μενού"/>
   <topicref FeatureID="-1" href="SKINS_HLP_IDLE.html" navtitle="Ρυθμίσεις αρχικής οθόνης"/>
   <topicref FeatureID="-1" href="SKINS_HLP_APP_MAIN.html" navtitle="Προσαρμογή οθόνης"/>
   <topicref FeatureID="-1" href="SKINS_HLP_APPSKINS_LIST.html" navtitle="Θέματα εφαρμογών"/>
</topics>