<?xml version="1.0" encoding="UTF-8"?>
<keywords>
   <keywords>
      <text FeatureID="-1">θέματα</text>
      <target FeatureID="-1" href="SKINS_HLP_LIST.html">Γενικά θέματα</target>
      <target FeatureID="-1" href="SCREENSAVER_HLP_WP_SETTINGS.html">Ρυθ. προβ. παρουσ. ταπετσ.</target>
      <target FeatureID="-1" href="SKINS_HLP_WP_SETTINGS.html">Ρυθμίσεις ταπετσαρίας</target>
      <target FeatureID="true_1503" href="SKINS_HLP_CIMAGE_SETTINGS.html">Επιλέξτε εικόνα κλήσης</target>
      <target FeatureID="-1" href="SKINS_HLP_APPSHELL.html">Ρυθμίσεις προβολής μενού</target>
      <target FeatureID="-1" href="SKINS_HLP_APP_MAIN.html">Προσαρμογή οθόνης</target>
      <target FeatureID="-1" href="SKINS_HLP_APPSKINS_LIST.html">Θέματα εφαρμογών</target>
   </keywords>
   <keywords>
      <text FeatureID="-1">προβολή διαφανειών ταπετσαρίας</text>
      <target FeatureID="-1" href="SCREENSAVER_HLP_WP_SETTINGS.html">Ρυθ. προβ. παρουσ. ταπετσ.</target>
   </keywords>
   <keywords>
      <text FeatureID="-1">ρυθμίσεις προβολής παρουσίασης</text>
      <target FeatureID="-1" href="SCREENSAVER_HLP_WP_SETTINGS.html">Ρυθ. προβ. παρουσ. ταπετσ.</target>
   </keywords>
   <keywords>
      <text FeatureID="-1">ρυθμίσεις ταπετσαρίας</text>
      <target FeatureID="-1" href="SKINS_HLP_WP_SETTINGS.html">Ρυθμίσεις ταπετσαρίας</target>
   </keywords>
   <keywords>
      <text FeatureID="-1">εικόνα φόντου</text>
      <target FeatureID="-1" href="SKINS_HLP_WP_SETTINGS.html">Ρυθμίσεις ταπετσαρίας</target>
      <target FeatureID="-1" href="SKINS_HLP_APP_MAIN.html">Προσαρμογή οθόνης</target>
   </keywords>
   <keywords>
      <text FeatureID="-1">προφύλαξη οθόνης</text>
      <target FeatureID="-1" href="SKINS_HLP_SCREENS_SETTINGS.html">Ρυθμίσεις προφύλαξης οθόνης</target>
   </keywords>
   <keywords>
      <text FeatureID="true_1503">ρυθμίσεις εικόνας κλήσης</text>
      <target FeatureID="true_1503" href="SKINS_HLP_CIMAGE_SETTINGS.html">Επιλέξτε εικόνα κλήσης</target>
   </keywords>
   <keywords>
      <text FeatureID="-1">μενού</text>
      <target FeatureID="-1" href="SKINS_HLP_APPSHELL.html">Ρυθμίσεις προβολής μενού</target>
   </keywords>
</keywords>