<?xml version="1.0" encoding="UTF-8"?>
<keywords>
   <keywords>
      <text FeatureID="true_1116">إرسال قيود تقويم</text>
      <target FeatureID="true_1116" href="SMART_HLP_CALENDAREDITOR.html">إرسال قيود تقويم</target>
   </keywords>
   <keywords>
      <text FeatureID="true_1114">استلام قيود التقويم</text>
      <target FeatureID="true_1114" href="SMART_HLP_CALENDARVIEWER.html">قيود التقويم المستلمة</target>
   </keywords>
   <keywords>
      <text FeatureID="true_1114">قيود تقويم</text>
      <target FeatureID="true_1114" href="SMART_HLP_CALPULLMESVIEWER.html">تنزيل قيد تقويم</target>
   </keywords>
   <keywords>
      <text FeatureID="true_1117 true_1115">بطاقات أعمال</text>
      <target FeatureID="true_1117" href="SMART_HLP_BUSINESSEDITOR.html">إرسال بطاقات أعمال</target>
      <target FeatureID="true_1115" href="SMART_HLP_BUSINESSVIEWER.html">بطاقات الأعمال المستلمة</target>
      <target FeatureID="true_1115" href="SMART_HLP_BUSPULLMESVIEWER.html">تنزيل بطاقة أعمال</target>
   </keywords>
   <keywords>
      <text FeatureID="true_1111">نغمات رنين</text>
      <target FeatureID="true_1111" href="SMART_HLP_RINGVIEWER.html">نغمات الرنين المستلمة</target>
   </keywords>
   <keywords>
      <text FeatureID="true_1110">شعارات المشغل</text>
      <target FeatureID="true_1110" href="SMART_HLP_OPLOGOVIEWER.html">شعارات المشغل المستلمة</target>
   </keywords>
   <keywords>
      <text FeatureID="true_1106">علامات</text>
      <target FeatureID="true_1106" href="SMART_HLP_ONEBOOKVIEWER.html">العلامات المستلمة</target>
   </keywords>
   <keywords>
      <text FeatureID="true_1112">استلام صور</text>
      <target FeatureID="true_1112" href="SMART_HLP_GMSVIEWER.html">عرض الرسائل المصورة</target>
   </keywords>
   <keywords>
      <text FeatureID="true_1112">رسائل مصورة</text>
      <target FeatureID="true_1112" href="SMART_HLP_GMSVIEWER.html">عرض الرسائل المصورة</target>
   </keywords>
   <keywords>
      <text FeatureID="true_1537">تهيئة محرك الأقراص البعيد</text>
      <target FeatureID="true_1537" href="SMART_HLP_REMOTEDRIVES_VIEWER.html">استلام إعدادات تهيئة محرك الأقراص البعيد</target>
      <target FeatureID="true_1537" href="SMART_HLP_REMOTEDRIVES_EDITOR.html">إرسال إعدادات تهيئة محرك الأقراص البعيد</target>
   </keywords>
</keywords>