<?xml version="1.0" encoding="UTF-8"?>
<keywords>
   <keywords>
      <text FeatureID="-1">comandi vocali</text>
      <target FeatureID="true_72" href="HLP_VC_SIND_FOLDER.html">Vista applicazione</target>
      <target FeatureID="true_72" href="HLP_VC_SIND_MAIN.html">Utilizzo di comandi vocali</target>
      <target FeatureID="-1" href="VCINFO_HLP_MAINVIEW.html">Schede Rubrica</target>
   </keywords>
   <keywords>
      <text FeatureID="-1">com. vocali, impost.</text>
      <target FeatureID="-1" href="HLP_VC_SET.html">Impostazioni Comandi vocali</target>
   </keywords>
</keywords>