<?xml version="1.0" encoding="UTF-8"?>
<keywords>
   <keywords>
      <text FeatureID="true_24">module de sécurité</text>
      <target FeatureID="-1" href="SECMOD_HLP_ACCESSCODE_VIEW.html">Code PIN du module de sécurité</target>
      <target FeatureID="-1" href="SECMOD_HLP_MAIN_VIEW.html">Module de sécurité</target>
      <target FeatureID="-1" href="SEMOD_HLP_SIGNINGCODE_VIEW.html">Modifier le code de signature</target>
   </keywords>
   <keywords>
      <text FeatureID="true_24">code PIN</text>
      <target FeatureID="-1" href="SECMOD_HLP_ACCESSCODE_VIEW.html">Code PIN du module de sécurité</target>
   </keywords>
   <keywords>
      <text FeatureID="true_24">codes du module de sécurité</text>
      <target FeatureID="-1" href="SECMOD_HLP_CODE_VIEW.html">Codes du module de sécurité</target>
   </keywords>
   <keywords>
      <text FeatureID="true_24">code PIN du module de sécurité</text>
      <target FeatureID="-1" href="SECMOD_HLP_CODE_VIEW.html">Codes du module de sécurité</target>
   </keywords>
   <keywords>
      <text FeatureID="true_24">stockage de clé</text>
      <target FeatureID="-1" href="SECMOD_HLP_MAIN_VIEW.html">Module de sécurité</target>
   </keywords>
   <keywords>
      <text FeatureID="true_24">code de signature</text>
      <target FeatureID="-1" href="SEMOD_HLP_SIGNINGCODE_VIEW.html">Modifier le code de signature</target>
   </keywords>
   <keywords>
      <text FeatureID="true_24">signatures numériques</text>
      <target FeatureID="-1" href="SEMOD_HLP_SIGNINGCODE_VIEW.html">Modifier le code de signature</target>
   </keywords>
</keywords>