<?xml version="1.0" encoding="UTF-8"?>
<keywords>
   <keywords>
      <text FeatureID="-1">sinhronizacija</text>
      <target FeatureID="-1" href="DS_HLP_MAIN_VIEW.html">Sinhr. podatkov</target>
   </keywords>
   <keywords>
      <text FeatureID="-1">profili sinhronizacije</text>
      <target FeatureID="-1" href="DS_HLP_MAIN_VIEW.html">Sinhr. podatkov</target>
   </keywords>
   <keywords>
      <text FeatureID="-1">nastavitve profila sinhr.</text>
      <target FeatureID="-1" href="DS_HLP_SETTINGS.html">Urej. profilov za sinhr.</target>
   </keywords>
   <keywords>
      <text FeatureID="-1">nastavitve sinhronizacije</text>
      <target FeatureID="-1" href="DS_HLP_SETTINGS_CAL.html">Nast. sinhr. koledarja</target>
      <target FeatureID="-1" href="DS_HLP_SETTINGS_CNT.html">Nast. sinhr. imenika</target>
      <target FeatureID="-1" href="DS_HLP_SETTINGS_NOTES.html">Nast. sinhr. beležke</target>
      <target FeatureID="-1" href="DS_HLP_SETTINGS_SMS.html">Nast. sinhr. SMS</target>
      <target FeatureID="true_44" href="DS_HLP_SETTINGS_SYNCML.html">Nast. sinh. e-pošte</target>
   </keywords>
</keywords>