<?xml version="1.0" encoding="UTF-8"?>
<keywords>
   <keywords>
      <text FeatureID="-1">授权证书</text>
      <target FeatureID="-1" href="CM_HLP_AUTHORITY.html">授权证书</target>
   </keywords>
   <keywords>
      <text FeatureID="-1">证书</text>
      <target FeatureID="-1" href="CM_HLP_AUTHORITY.html">授权证书</target>
      <target FeatureID="-1" href="CM_HLP_DEVICE.html">设备证书</target>
      <target FeatureID="-1" href="CM_HLP_MAIN.html">证书管理</target>
      <target FeatureID="-1" href="CM_HLP_PERSONAL.html">个人证书</target>
      <target FeatureID="-1" href="CM_HLP_TRUSTED_SITE.html">可信站点证书</target>
      <target FeatureID="-1" href="CM_HLP_TRUST_SETTINGS.html">编辑信任设置</target>
   </keywords>
   <keywords>
      <text FeatureID="-1">安全证书</text>
      <target FeatureID="-1" href="CM_HLP_AUTHORITY.html">授权证书</target>
      <target FeatureID="-1" href="CM_HLP_MAIN.html">证书管理</target>
   </keywords>
   <keywords>
      <text FeatureID="-1">设备证书</text>
      <target FeatureID="-1" href="CM_HLP_DEVICE.html">设备证书</target>
   </keywords>
   <keywords>
      <text FeatureID="-1">个人证书</text>
      <target FeatureID="-1" href="CM_HLP_PERSONAL.html">个人证书</target>
   </keywords>
   <keywords>
      <text FeatureID="-1">可信站点证书</text>
      <target FeatureID="-1" href="CM_HLP_TRUSTED_SITE.html">可信站点证书</target>
   </keywords>
   <keywords>
      <text FeatureID="-1">信任设置</text>
      <target FeatureID="-1" href="CM_HLP_TRUST_SETTINGS.html">编辑信任设置</target>
   </keywords>
</keywords>