<?xml version="1.0" encoding="UTF-8"?><?xml-stylesheet  href="../../theme/xsl/index2html.xslt" type="text/xsl"?>
<topics FeatureID="-1" title="دفترچه تلفن" compressed="true">
   <topicref FeatureID="-1" href="HLP_CCA_DETAILS.html" navtitle="جزئیات مخاطب"/>
   <topicref FeatureID="-1" href="HLP_CCA_LAUNCHER.html" navtitle="کارت های مخاطبین"/>
   <topicref FeatureID="-1" href="PHOB_HLP_GROUP_LIST.html" navtitle="گروه های مخاطب"/>
   <topicref FeatureID="-1" href="PHOB_HLP_SIM_LIST.html" navtitle="فهرست مخاطبین سیم"/>
   <topicref FeatureID="-1" href="PHOB_HLP_MY_NUMBERS.html" navtitle="شماره های من"/>
   <topicref FeatureID="-1" href="PHOB_HLP_GROUP_MEMBER_LIST.html" navtitle="اعضای گروه"/>
   <topicref FeatureID="-1" href="PHOB_HLP_SETTINGS.html" navtitle="تنظیمات مخاطبین"/>
   <topicref FeatureID="-1" href="PHOB_HLP_NAME_LIST.html" navtitle="لیست مخاطبین"/>
   <topicref FeatureID="-1" href="HLP_CCA_MY_CARD.html" navtitle="کارت من"/>
   <topicref FeatureID="-1" href="RLOOK_HLP_INFO_VIEW.html" navtitle="مدیریت مخاطب یافت شده"/>
   <topicref FeatureID="-1" href="HLP_CCA_EDITOR.html" navtitle="ویرایش کارتهای مخاطب"/>
   <topicref FeatureID="-1" href="PHOB_HLP_CONTACT_INFO_VIEW.html" navtitle="کارت های مخاطبین"/>
   <topicref FeatureID="-1" href="PHOB_HLP_EDIT_ENTRY.html" navtitle="ویرایش کارتهای مخاطب"/>
   <topicref FeatureID="-1" href="FDN_HLP_FDN_NUMBER_VIEW.html" navtitle="مخاطبین شماره گیری ثابت"/>
   <topicref FeatureID="-1" href="FDN_HLP_FDN_VIEW.html" navtitle="محدود کردن تماسها"/>
   <topicref FeatureID="-1" href="SDN_HLP_APP.html" navtitle="شماره های خدمات"/>
   <topicref FeatureID="-1" href="PHOB_HLP_SIM_INFO_VIEW.html" navtitle="کارتهای مخاطب سیم"/>
</topics>