<?xml version="1.0" encoding="UTF-8"?>
<keywords>
   <keywords>
      <text FeatureID="-1">گروه های مخاطب</text>
      <target FeatureID="-1" href="PHOB_HLP_GROUP_LIST.html">گروه های مخاطب</target>
      <target FeatureID="-1" href="PHOB_HLP_GROUP_MEMBER_LIST.html">اعضای گروه</target>
   </keywords>
   <keywords>
      <text FeatureID="-1">مخاطبین سیم</text>
      <target FeatureID="-1" href="PHOB_HLP_SIM_LIST.html">فهرست مخاطبین سیم</target>
      <target FeatureID="-1" href="PHOB_HLP_SIM_INFO_VIEW.html">کارتهای مخاطب سیم</target>
   </keywords>
   <keywords>
      <text FeatureID="-1">شماره سیم</text>
      <target FeatureID="-1" href="PHOB_HLP_MY_NUMBERS.html">شماره های من</target>
   </keywords>
   <keywords>
      <text FeatureID="-1">ترتیب نام مخاطبین</text>
      <target FeatureID="-1" href="PHOB_HLP_SETTINGS.html">تنظیمات مخاطبین</target>
   </keywords>
   <keywords>
      <text FeatureID="-1">حافظه مخاطبین</text>
      <target FeatureID="-1" href="PHOB_HLP_SETTINGS.html">تنظیمات مخاطبین</target>
   </keywords>
   <keywords>
      <text FeatureID="-1">حافظه پیش فرض</text>
      <target FeatureID="-1" href="PHOB_HLP_SETTINGS.html">تنظیمات مخاطبین</target>
   </keywords>
   <keywords>
      <text FeatureID="-1">فهرست مخاطبین</text>
      <target FeatureID="-1" href="PHOB_HLP_NAME_LIST.html">لیست مخاطبین</target>
   </keywords>
   <keywords>
      <text FeatureID="-1">اطلاعات مخاطب</text>
      <target FeatureID="-1" href="PHOB_HLP_NAME_LIST.html">لیست مخاطبین</target>
   </keywords>
   <keywords>
      <text FeatureID="-1">دفترچه تلفن</text>
      <target FeatureID="-1" href="PHOB_HLP_NAME_LIST.html">لیست مخاطبین</target>
   </keywords>
   <keywords>
      <text FeatureID="-1">مخاطبین</text>
      <target FeatureID="-1" href="RLOOK_HLP_INFO_VIEW.html">مدیریت مخاطب یافت شده</target>
   </keywords>
   <keywords>
      <text FeatureID="-1">کارت های مخاطبین</text>
      <target FeatureID="-1" href="PHOB_HLP_CONTACT_INFO_VIEW.html">کارت های مخاطبین</target>
      <target FeatureID="-1" href="PHOB_HLP_EDIT_ENTRY.html">ویرایش کارتهای مخاطب</target>
   </keywords>
   <keywords>
      <text FeatureID="-1">ورودی دفترچه</text>
      <target FeatureID="-1" href="PHOB_HLP_CONTACT_INFO_VIEW.html">کارت های مخاطبین</target>
   </keywords>
   <keywords>
      <text FeatureID="-1">شماره گیری ثابت</text>
      <target FeatureID="-1" href="FDN_HLP_FDN_NUMBER_VIEW.html">مخاطبین شماره گیری ثابت</target>
      <target FeatureID="-1" href="FDN_HLP_FDN_VIEW.html">محدود کردن تماسها</target>
   </keywords>
   <keywords>
      <text FeatureID="-1">محدود کردن تماس</text>
      <target FeatureID="-1" href="FDN_HLP_FDN_VIEW.html">محدود کردن تماسها</target>
   </keywords>
   <keywords>
      <text FeatureID="-1">شماره های خدمات</text>
      <target FeatureID="-1" href="SDN_HLP_APP.html">شماره های خدمات</target>
   </keywords>
   <keywords>
      <text FeatureID="-1">شماره های خدمات سیم</text>
      <target FeatureID="-1" href="SDN_HLP_APP.html">شماره های خدمات</target>
   </keywords>
   <keywords>
      <text FeatureID="-1">شماره های خدمات بر روی ‌سیم کارت</text>
      <target FeatureID="-1" href="SDN_HLP_APP.html">شماره های خدمات</target>
   </keywords>
   <keywords>
      <text FeatureID="-1">سیم کارت</text>
      <target FeatureID="-1" href="PHOB_HLP_SIM_INFO_VIEW.html">کارتهای مخاطب سیم</target>
   </keywords>
</keywords>