<?xml version="1.0" encoding="UTF-8"?>
<keywords>
   <keywords>
      <text FeatureID="-1">شماره گیری ثابت</text>
      <target FeatureID="-1" href="FDN_HLP_FDN_NUM_EDIT_VIEW.html">ویرایش مخاطبین</target>
      <target FeatureID="-1" href="FDN_HLP_FDN_NUMBER_VIEW.html">مخاطبین شماره گیری ثابت</target>
      <target FeatureID="-1" href="FDN_HLP_FDN_VIEW.html">محدود کردن تماسها</target>
   </keywords>
   <keywords>
      <text FeatureID="-1">محدود کردن تماس</text>
      <target FeatureID="-1" href="FDN_HLP_FDN_VIEW.html">محدود کردن تماسها</target>
   </keywords>
   <keywords>
      <text FeatureID="-1">شماره های خدمات</text>
      <target FeatureID="-1" href="SDN_HLP_APP.html">شماره های خدمات</target>
   </keywords>
   <keywords>
      <text FeatureID="-1">شماره های خدمات سیم</text>
      <target FeatureID="-1" href="SDN_HLP_APP.html">شماره های خدمات</target>
   </keywords>
   <keywords>
      <text FeatureID="-1">شماره های خدمات بر روی ‌سیم کارت</text>
      <target FeatureID="-1" href="SDN_HLP_APP.html">شماره های خدمات</target>
   </keywords>
   <keywords>
      <text FeatureID="-1">گروه های مخاطب</text>
      <target FeatureID="-1" href="PHOB_HLP_GROUP_LIST.html">گروه های مخاطب</target>
      <target FeatureID="-1" href="PHOB_HLP_GROUP_MEMBER_LIST.html">اعضای گروه</target>
   </keywords>
   <keywords>
      <text FeatureID="-1">مخاطبین سیم</text>
      <target FeatureID="-1" href="PHOB_HLP_SIM_LIST.html">فهرست مخاطبین سیم</target>
   </keywords>
   <keywords>
      <text FeatureID="-1">شماره سیم</text>
      <target FeatureID="-1" href="PHOB_HLP_MY_NUMBERS.html">شماره های من</target>
   </keywords>
   <keywords>
      <text FeatureID="-1">ترتیب نام مخاطبین</text>
      <target FeatureID="-1" href="PHOB_HLP_SETTINGS.html">تنظیمات مخاطبین</target>
   </keywords>
   <keywords>
      <text FeatureID="-1">حافظه مخاطبین</text>
      <target FeatureID="-1" href="PHOB_HLP_SETTINGS.html">تنظیمات مخاطبین</target>
   </keywords>
   <keywords>
      <text FeatureID="-1">حافظه پیش فرض</text>
      <target FeatureID="-1" href="PHOB_HLP_SETTINGS.html">تنظیمات مخاطبین</target>
   </keywords>
   <keywords>
      <text FeatureID="-1">گروه مخاطبین</text>
      <target FeatureID="-1" href="PHOB_HLP_NAME_LIST.html">فهرست مخاطبین</target>
   </keywords>
   <keywords>
      <text FeatureID="-1">اطلاعات تماس</text>
      <target FeatureID="-1" href="PHOB_HLP_NAME_LIST.html">فهرست مخاطبین</target>
   </keywords>
   <keywords>
      <text FeatureID="-1">دفترچه تلفن</text>
      <target FeatureID="-1" href="PHOB_HLP_NAME_LIST.html">فهرست مخاطبین</target>
   </keywords>
</keywords>