<?xml version="1.0" encoding="UTF-8"?>
<keywords>
   <keywords>
      <text FeatureID="-1">إرسال رسائل</text>
      <target FeatureID="-1" href="UNIFIED_HLP_EDITOR.html">إنشاء رسائل</target>
   </keywords>
   <keywords>
      <text FeatureID="-1">محرر الرسائل</text>
      <target FeatureID="-1" href="UNIFIED_HLP_EDITOR.html">إنشاء رسائل</target>
   </keywords>
   <keywords>
      <text FeatureID="-1">رسائل</text>
      <target FeatureID="-1" href="UNIFIED_HLP_SENDING_OPTIONS.html">خيارات الإرسال</target>
   </keywords>
   <keywords>
      <text FeatureID="-1">خيارات الإرسال</text>
      <target FeatureID="-1" href="UNIFIED_HLP_SENDING_OPTIONS.html">خيارات الإرسال</target>
   </keywords>
   <keywords>
      <text FeatureID="-1">كائنات وسائط</text>
      <target FeatureID="-1" href="UNIFIED_HLP_ED_OBJECTS.html">كائنات الوسائط المستلمة</target>
   </keywords>
   <keywords>
      <text FeatureID="-1">كائنات وسائط متعددة</text>
      <target FeatureID="-1" href="UNIFIED_HLP_ED_OBJECTS.html">كائنات الوسائط المستلمة</target>
   </keywords>
</keywords>