<?xml version="1.0" encoding="UTF-8"?>
<keywords>
   <keywords>
      <text FeatureID="-1">wysyłanie wiadomości</text>
      <target FeatureID="-1" href="UNIFIED_HLP_EDITOR.html">Tworzenie wiadomości</target>
   </keywords>
   <keywords>
      <text FeatureID="-1">edytor wiadomości</text>
      <target FeatureID="-1" href="UNIFIED_HLP_EDITOR.html">Tworzenie wiadomości</target>
   </keywords>
   <keywords>
      <text FeatureID="-1">wiadomości</text>
      <target FeatureID="-1" href="UNIFIED_HLP_SENDING_OPTIONS.html">Opcje wysyłania</target>
   </keywords>
   <keywords>
      <text FeatureID="-1">opcje wysyłania</text>
      <target FeatureID="-1" href="UNIFIED_HLP_SENDING_OPTIONS.html">Opcje wysyłania</target>
   </keywords>
   <keywords>
      <text FeatureID="-1">obiekty multimedialne</text>
      <target FeatureID="-1" href="UNIFIED_HLP_ED_OBJECTS.html">Odebrane obiekty multimedialne</target>
      <target FeatureID="-1" href="UNIFIED_HLP_ED_OBJECTS.html">Odebrane obiekty multimedialne</target>
   </keywords>
</keywords>