<?xml version="1.0" encoding="UTF-8"?>
<keywords>
   <keywords>
      <text FeatureID="-1">pakiet muzyczny</text>
      <target FeatureID="-1" href="MUS_HLP_MUSIC_SUITE_VIEW.html">Pakiet muzyczny</target>
   </keywords>
   <keywords>
      <text FeatureID="-1">odtwarzacz muzyki</text>
      <target FeatureID="-1" href="MUS_HLP_TRACKS_VIEW.html">Utwory</target>
      <target FeatureID="-1" href="MUS_HLP_CATEGORY_VIEW.html">Kategorie muzyki</target>
      <target FeatureID="-1" href="MUS_HLP_PODCAST_MAIN_VIEW.html">Podcasty</target>
      <target FeatureID="-1" href="MUS_HLP_PODCAST_EPISODES.html">Odcinki podcastów</target>
      <target FeatureID="-1" href="MUS_HLP_PLAYLISTS_VIEW.html">Muzyczne listy odtwarzania</target>
      <target FeatureID="-1" href="MUS_HLP_DOWNLOAD_PLAYBACK_VIEW.html">Odtwarzanie muzyki z internetu</target>
      <target FeatureID="-1" href="MUS_HLP_PLAYBACK_VIEW.html">Odtwarzanie muzyki</target>
      <target FeatureID="-1" href="MUS_HLP_LIB_MAIN_VIEW.html">Fonoteka</target>
      <target FeatureID="-1" href="MUS_HLP_METADATA_EDITING.html">Edycja informacji o utworze</target>
      <target FeatureID="-1" href="MUS_HLP_ALBUM_ART_EDITING.html">Edycja okładki albumu</target>
      <target FeatureID="-1" href="MUS_HLP_AUDIO_SETT.html">Ustawienia audio</target>
   </keywords>
   <keywords>
      <text FeatureID="-1">podcasty</text>
      <target FeatureID="-1" href="MUS_HLP_PODCAST_MAIN_VIEW.html">Podcasty</target>
      <target FeatureID="-1" href="MUS_HLP_PODCAST_EPISODES.html">Odcinki podcastów</target>
   </keywords>
   <keywords>
      <text FeatureID="-1">listy odtwarzania</text>
      <target FeatureID="-1" href="MUS_HLP_PLAYLISTS_VIEW.html">Muzyczne listy odtwarzania</target>
   </keywords>
   <keywords>
      <text FeatureID="-1">okładka albumu</text>
      <target FeatureID="-1" href="MUS_HLP_ALBUM_ART_EDITING.html">Edycja okładki albumu</target>
   </keywords>
   <keywords>
      <text FeatureID="-1">wzmocnienie basów</text>
      <target FeatureID="-1" href="MUS_HLP_AUDIO_SETT.html">Ustawienia audio</target>
   </keywords>
   <keywords>
      <text FeatureID="-1">poszerzanie stereo</text>
      <target FeatureID="-1" href="MUS_HLP_AUDIO_SETT.html">Ustawienia audio</target>
   </keywords>
</keywords>