<?xml version="1.0" encoding="UTF-8"?>
<keywords>
   <keywords>
      <text FeatureID="true_1604">text input</text>
      <target FeatureID="true_1604" href="HWR_HLP_MAIN_VIEW.html">Prepoznavanje rukopisa</target>
   </keywords>
   <keywords>
      <text FeatureID="true_1604">učenje rukopisa</text>
      <target FeatureID="true_1604" href="HWR_HLP_MAIN_VIEW.html">Prepoznavanje rukopisa</target>
   </keywords>
   <keywords>
      <text FeatureID="true_1603 true_410">dodirni unos</text>
      <target FeatureID="true_1603" href="VQWERTY_HLP_MAIN_VIEW.html">Virtualna tipkovnica</target>
      <target FeatureID="true_410" href="VITU_HLP_MAIN_VIEW.html">Virtualna tipkovnica</target>
   </keywords>
   <keywords>
      <text FeatureID="true_410">virtualna tipkovnica</text>
      <target FeatureID="true_410" href="VITU_HLP_MAIN_VIEW.html">Virtualna tipkovnica</target>
   </keywords>
</keywords>