<?xml version="1.0" encoding="UTF-8"?>
<keywords>
   <keywords>
      <text FeatureID="-1">posielanie správ ďalej</text>
      <target FeatureID="-1" href="MMS_HLP_MMS_FWD_REQUEST.html">Posielanie MMS ďalej</target>
   </keywords>
   <keywords>
      <text FeatureID="-1">multimediálne správy</text>
      <target FeatureID="-1" href="MMS_HLP_MMS_FWD_REQUEST_SEND.html">Žiadosť o poslanie ďalej v zložke Odoslané</target>
      <target FeatureID="-1" href="MMS_HLP_MMS_VIEWER.html">Prezeranie multimediálnych správ</target>
   </keywords>
   <keywords>
      <text FeatureID="-1">hlásenia MMS správ</text>
      <target FeatureID="-1" href="MMS_HLP_NOTIFICATION_VIEWER.html">Hlásenia MMS správ</target>
   </keywords>
   <keywords>
      <text FeatureID="-1">mediálne objekty</text>
      <target FeatureID="-1" href="MMS_HLP_OBJECTS_VIEW_VIEWER.html">Prezeranie mediálnych objektov</target>
   </keywords>
   <keywords>
      <text FeatureID="-1">multimediálne objekty</text>
      <target FeatureID="-1" href="MMS_HLP_OBJECTS_VIEW_VIEWER.html">Prezeranie mediálnych objektov</target>
   </keywords>
   <keywords>
      <text FeatureID="-1">MMS</text>
      <target FeatureID="-1" href="MMS_HLP_MMS_VIEWER.html">Prezeranie multimediálnych správ</target>
   </keywords>
</keywords>