<?xml version="1.0" encoding="UTF-8"?>
<keywords>
   <keywords>
      <text FeatureID="-1">häälkäsud</text>
      <target FeatureID="true_72" href="HLP_VC_SIND_FOLDER.html">Rakendusevaade</target>
      <target FeatureID="true_72" href="HLP_VC_SIND_MAIN.html">Häälkäskude kasutamine</target>
      <target FeatureID="-1" href="VCINFO_HLP_MAINVIEW.html">Kontaktidele</target>
   </keywords>
   <keywords>
      <text FeatureID="-1">häälkäskude seaded</text>
      <target FeatureID="-1" href="HLP_VC_SET.html">Häälkäskude seaded</target>
   </keywords>
</keywords>