<?xml version="1.0" encoding="UTF-8"?>
<keywords>
   <keywords>
      <text FeatureID="-1">verzenden, berichten</text>
      <target FeatureID="-1" href="UNIFIED_HLP_EDITOR.html">Berichten maken</target>
   </keywords>
   <keywords>
      <text FeatureID="-1">berichteneditor</text>
      <target FeatureID="-1" href="UNIFIED_HLP_EDITOR.html">Berichten maken</target>
   </keywords>
   <keywords>
      <text FeatureID="-1">berichten</text>
      <target FeatureID="-1" href="UNIFIED_HLP_SENDING_OPTIONS.html">Verzendopties</target>
   </keywords>
   <keywords>
      <text FeatureID="-1">verzendopties</text>
      <target FeatureID="-1" href="UNIFIED_HLP_SENDING_OPTIONS.html">Verzendopties</target>
   </keywords>
   <keywords>
      <text FeatureID="-1">mediaobjecten</text>
      <target FeatureID="-1" href="UNIFIED_HLP_ED_OBJECTS.html">Ontvangen mediaobjecten</target>
   </keywords>
   <keywords>
      <text FeatureID="-1">multimediaobjecten</text>
      <target FeatureID="-1" href="UNIFIED_HLP_ED_OBJECTS.html">Ontvangen mediaobjecten</target>
   </keywords>
</keywords>