<?xml version="1.0" encoding="UTF-8"?>
<keywords>
   <keywords>
      <text FeatureID="-1">VPN (Virtual Private Network)</text>
      <target FeatureID="-1" href="SET_HLP_VPN_LOG_VIEW.html">VPN-Protokoll</target>
      <target FeatureID="-1" href="SET_HLP_VPN_CONFIG_MAIN.html">VPN-Verwaltung</target>
      <target FeatureID="-1" href="SET_HLP_VPN_POLICY_VIEW.html">VPN-Richtlinien</target>
      <target FeatureID="-1" href="SET_HLP_VPN_POLICY_SERVERS.html">VPN-Richtlinienserver</target>
      <target FeatureID="-1" href="SET_HLP_VPN_POLICY_SERVER_SET.html">VPN-Servereinstellungen</target>
   </keywords>
</keywords>