<?xml version="1.0" encoding="UTF-8"?><?xml-stylesheet  href="../../theme/xsl/index2html.xslt" type="text/xsl"?>
<topics FeatureID="-1" title="Journaux" compressed="true">
   <topicref FeatureID="-1" href="GPRS_HLP_MAIN.html" navtitle="Connexions de données par paquets"/>
   <topicref FeatureID="-1" href="LOGS_HLP_COUNTER.html" navtitle="Journaux d'appels et de données"/>
   <topicref FeatureID="-1" href="LOGS_HLP_DETAIL.html" navtitle="Contenu d'un évènement du journal"/>
   <topicref FeatureID="-1" href="LOGS_HLP_MAIN.html" navtitle="Informations du journal"/>
   <topicref FeatureID="-1" href="LOGS_HLP_SETTING.html" navtitle="Paramètres du journal"/>
   <topicref FeatureID="-1" href="STM_HLP_DIALLED.html" navtitle="Numéros composés"/>
   <topicref FeatureID="-1" href="STM_HLP_MAIN.html" navtitle="Derniers appels"/>
   <topicref FeatureID="-1" href="STM_HLP_MISSED.html" navtitle="Appels en absence"/>
   <topicref FeatureID="-1" href="STM_HLP_RECEIVED.html" navtitle="Appels reçus"/>
   <topicref FeatureID="-1" href="TIMERS_HLP_MAIN.html" navtitle="Durée des appels"/>
</topics>