<?xml version="1.0" encoding="UTF-8"?>
<keywords>
   <keywords>
      <text FeatureID="-1">connexions de données par paquets</text>
      <target FeatureID="-1" href="GPRS_HLP_MAIN.html">Connexions de données par paquets</target>
      <target FeatureID="-1" href="LOGS_HLP_COUNTER.html">Journaux d'appels et de données</target>
   </keywords>
   <keywords>
      <text FeatureID="-1">durée des appels</text>
      <target FeatureID="-1" href="LOGS_HLP_COUNTER.html">Journaux d'appels et de données</target>
      <target FeatureID="-1" href="TIMERS_HLP_MAIN.html">Durée des appels</target>
   </keywords>
   <keywords>
      <text FeatureID="-1">derniers appels</text>
      <target FeatureID="-1" href="LOGS_HLP_COUNTER.html">Journaux d'appels et de données</target>
      <target FeatureID="-1" href="STM_HLP_MAIN.html">Derniers appels</target>
   </keywords>
   <keywords>
      <text FeatureID="-1">journaux</text>
      <target FeatureID="-1" href="LOGS_HLP_DETAIL.html">Contenu d'un évènement du journal</target>
      <target FeatureID="-1" href="LOGS_HLP_MAIN.html">Informations du journal</target>
   </keywords>
   <keywords>
      <text FeatureID="-1">Paramètres du journal</text>
      <target FeatureID="-1" href="LOGS_HLP_SETTING.html">Paramètres du journal</target>
   </keywords>
   <keywords>
      <text FeatureID="-1">numéros composés</text>
      <target FeatureID="-1" href="STM_HLP_DIALLED.html">Numéros composés</target>
   </keywords>
   <keywords>
      <text FeatureID="-1">journal des appels</text>
      <target FeatureID="-1" href="STM_HLP_MAIN.html">Derniers appels</target>
   </keywords>
   <keywords>
      <text FeatureID="-1">appels en absence</text>
      <target FeatureID="-1" href="STM_HLP_MISSED.html">Appels en absence</target>
   </keywords>
   <keywords>
      <text FeatureID="-1">appels reçus</text>
      <target FeatureID="-1" href="STM_HLP_RECEIVED.html">Appels reçus</target>
   </keywords>
   <keywords>
      <text FeatureID="-1">appels répondus</text>
      <target FeatureID="-1" href="STM_HLP_RECEIVED.html">Appels reçus</target>
   </keywords>
   <keywords>
      <text FeatureID="-1">longueur des appels</text>
      <target FeatureID="-1" href="TIMERS_HLP_MAIN.html">Durée des appels</target>
   </keywords>
</keywords>