<?xml version="1.0" encoding="UTF-8"?><?xml-stylesheet  href="../../theme/xsl/index2html.xslt" type="text/xsl"?>
<topics FeatureID="-1" title="Buku telefon" compressed="true">
   <topicref FeatureID="-1" href="FDN_HLP_FDN_NUM_EDIT_VIEW.html" navtitle="Edit kenalan"/>
   <topicref FeatureID="-1" href="FDN_HLP_FDN_NUMBER_VIEW.html" navtitle="Kenalan dailan tetap"/>
   <topicref FeatureID="-1" href="FDN_HLP_FDN_VIEW.html" navtitle="Hadkan panggilan"/>
   <topicref FeatureID="-1" href="SDN_HLP_APP.html" navtitle="Nombor perkhidmatan"/>
   <topicref FeatureID="-1" href="HLP_CCA_DETAILS.html" navtitle="Butiran kenalan"/>
   <topicref FeatureID="-1" href="HLP_CCA_EDITOR.html" navtitle="Edit kad kenalan"/>
   <topicref FeatureID="-1" href="HLP_CCA_LAUNCHER.html" navtitle="Kad kenalan"/>
   <topicref FeatureID="-1" href="PHOB_HLP_GROUP_LIST.html" navtitle="Kumpulan kenalan"/>
   <topicref FeatureID="-1" href="PHOB_HLP_SIM_LIST.html" navtitle="Direktori kenalan SIM"/>
   <topicref FeatureID="-1" href="PHOB_HLP_MY_NUMBERS.html" navtitle="Nombor saya"/>
   <topicref FeatureID="-1" href="PHOB_HLP_GROUP_MEMBER_LIST.html" navtitle="Ahli kumpulan"/>
   <topicref FeatureID="-1" href="PHOB_HLP_SETTINGS.html" navtitle="Tetapan kenalan"/>
   <topicref FeatureID="-1" href="PHOB_HLP_NAME_LIST.html" navtitle="Direktori kenalan"/>
</topics>