<?xml version="1.0" encoding="UTF-8"?>
<keywords>
   <keywords>
      <text FeatureID="-1">kumpulan kenalan</text>
      <target FeatureID="-1" href="PHOB_HLP_GROUP_LIST.html">Kumpulan kenalan</target>
      <target FeatureID="-1" href="PHOB_HLP_GROUP_MEMBER_LIST.html">Ahli kumpulan</target>
   </keywords>
   <keywords>
      <text FeatureID="-1">Kenalan SIM</text>
      <target FeatureID="-1" href="PHOB_HLP_SIM_LIST.html">Direktori kenalan SIM</target>
      <target FeatureID="-1" href="PHOB_HLP_SIM_INFO_VIEW.html">Kad kenalan SIM</target>
   </keywords>
   <keywords>
      <text FeatureID="-1">Nombor SIM</text>
      <target FeatureID="-1" href="PHOB_HLP_MY_NUMBERS.html">Nombor saya</target>
   </keywords>
   <keywords>
      <text FeatureID="-1">urutan nama dalam Kenalan</text>
      <target FeatureID="-1" href="PHOB_HLP_SETTINGS.html">Tetapan kenalan</target>
   </keywords>
   <keywords>
      <text FeatureID="-1">memori kenalan</text>
      <target FeatureID="-1" href="PHOB_HLP_SETTINGS.html">Tetapan kenalan</target>
   </keywords>
   <keywords>
      <text FeatureID="-1">memori lalai</text>
      <target FeatureID="-1" href="PHOB_HLP_SETTINGS.html">Tetapan kenalan</target>
   </keywords>
   <keywords>
      <text FeatureID="-1">direktori kenalan</text>
      <target FeatureID="-1" href="PHOB_HLP_NAME_LIST.html">Senarai kenalan</target>
   </keywords>
   <keywords>
      <text FeatureID="-1">maklumat kenalan</text>
      <target FeatureID="-1" href="PHOB_HLP_NAME_LIST.html">Senarai kenalan</target>
   </keywords>
   <keywords>
      <text FeatureID="-1">buku telefon</text>
      <target FeatureID="-1" href="PHOB_HLP_NAME_LIST.html">Senarai kenalan</target>
   </keywords>
   <keywords>
      <text FeatureID="-1">kenalan</text>
      <target FeatureID="-1" href="RLOOK_HLP_INFO_VIEW.html">Urus kenalan yang ditemui</target>
   </keywords>
   <keywords>
      <text FeatureID="-1">kad kenalan</text>
      <target FeatureID="-1" href="PHOB_HLP_CONTACT_INFO_VIEW.html">Kad kenalan</target>
      <target FeatureID="-1" href="PHOB_HLP_EDIT_ENTRY.html">Edit kad kenalan</target>
   </keywords>
   <keywords>
      <text FeatureID="-1">entri buku telefon</text>
      <target FeatureID="-1" href="PHOB_HLP_CONTACT_INFO_VIEW.html">Kad kenalan</target>
   </keywords>
   <keywords>
      <text FeatureID="-1">dailan tetap</text>
      <target FeatureID="-1" href="FDN_HLP_FDN_NUMBER_VIEW.html">Kenalan dailan tetap</target>
      <target FeatureID="-1" href="FDN_HLP_FDN_VIEW.html">Hadkan panggilan</target>
   </keywords>
   <keywords>
      <text FeatureID="-1">mengehadkan panggilan</text>
      <target FeatureID="-1" href="FDN_HLP_FDN_VIEW.html">Hadkan panggilan</target>
   </keywords>
   <keywords>
      <text FeatureID="-1">nombor perkhidmatan</text>
      <target FeatureID="-1" href="SDN_HLP_APP.html">Nombor perkhidmatan</target>
   </keywords>
   <keywords>
      <text FeatureID="-1">Nombor perkhidmatan SIM</text>
      <target FeatureID="-1" href="SDN_HLP_APP.html">Nombor perkhidmatan</target>
   </keywords>
   <keywords>
      <text FeatureID="-1">nombor perkhidmatan pada SIM</text>
      <target FeatureID="-1" href="SDN_HLP_APP.html">Nombor perkhidmatan</target>
   </keywords>
   <keywords>
      <text FeatureID="-1">kad SIM</text>
      <target FeatureID="-1" href="PHOB_HLP_SIM_INFO_VIEW.html">Kad kenalan SIM</target>
   </keywords>
</keywords>