<?xml version="1.0" encoding="UTF-8"?>
<keywords>
   <keywords>
      <text FeatureID="-1">setări de cont e-mail</text>
      <target FeatureID="-1" href="FSE_HLP_IMS_SETTINGS_ACCT_INFO.html">Setările contului de e-mail</target>
   </keywords>
   <keywords>
      <text FeatureID="-1">setări avansate căsuţă poştală</text>
      <target FeatureID="-1" href="FSE_HLP_IMS_SETTINGS_ADVANCED.html">Setări avansate pentru căsuţa poştală</target>
   </keywords>
   <keywords>
      <text FeatureID="-1">setări căsuţă poştală</text>
      <target FeatureID="-1" href="FSE_HLP_IMS_SETTINGS_MAILBOX.html">Setări pentru căsuţa poştală</target>
   </keywords>
   <keywords>
      <text FeatureID="-1">conţinut de sincronizat e-mail</text>
      <target FeatureID="-1" href="FSE_HLP_IMS_SETTINGS_WHAT_SYNC.html">Definirea conţinutului de sincronizat</target>
   </keywords>
   <keywords>
      <text FeatureID="-1">ora de sincronizare e-mail</text>
      <target FeatureID="-1" href="FSE_HLP_IMS_SETTINGS_WHEN_SYNC.html">Definirea orei de sincronizare</target>
   </keywords>
   <keywords>
      <text FeatureID="-1">sincronizare dosar e-mail</text>
      <target FeatureID="-1" href="FSE_HLP_IMS_SETTINGS_FOLDER.html">Sincronizarea dosarelor e-mail</target>
   </keywords>
   <keywords>
      <text FeatureID="-1">setări serviciu e-mail</text>
      <target FeatureID="-1" href="FSE_HLP_SETTINGS_INTELL_LIST.html">Setările serviciului e-mail</target>
   </keywords>
   <keywords>
      <text FeatureID="-1">setări e-mail</text>
      <target FeatureID="-1" href="FSE_HLP_IMS_SETTINGS_MAIN_VIEW.html">Setările e-mail</target>
   </keywords>
   <keywords>
      <text FeatureID="-1">Intellisync</text>
      <target FeatureID="-1" href="FSE_HLP_IMS_LAUNCHER_MAIN_VIEW.html">E-mail Intellisync</target>
   </keywords>
</keywords>