<?xml version="1.0" encoding="UTF-8"?>
<keywords>
   <keywords>
      <text FeatureID="-1">tečajevi</text>
      <target FeatureID="-1" href="CNV_HLP_RATES.html">Postavke valute</target>
   </keywords>
   <keywords>
      <text FeatureID="-1">osnovna valuta</text>
      <target FeatureID="-1" href="CNV_HLP_RATES.html">Postavke valute</target>
   </keywords>
   <keywords>
      <text FeatureID="-1">valuta, pretvaranje</text>
      <target FeatureID="-1" href="CNV_HLP_RATES.html">Postavke valute</target>
      <target FeatureID="-1" href="CNV_HLP_MAIN_STATE.html">Pretvaranje jedinica</target>
   </keywords>
   <keywords>
      <text FeatureID="-1">pretvornik</text>
      <target FeatureID="-1" href="CNV_HLP_MAIN_STATE.html">Pretvaranje jedinica</target>
   </keywords>
</keywords>