<?xml version="1.0" encoding="UTF-8"?>
<keywords>
   <keywords>
      <text FeatureID="-1">編輯影像</text>
      <target FeatureID="-1" href="SIE_HLP_MAIN.html">編輯影像</target>
   </keywords>
   <keywords>
      <text FeatureID="-1">編輯文字</text>
      <target FeatureID="-1" href="SIE_HLP_EDIT_TEXT.html">編輯影像中的文字</target>
   </keywords>
   <keywords>
      <text FeatureID="-1">影像編輯器</text>
      <target FeatureID="-1" href="SIE_HLP_EDIT_TEXT.html">編輯影像中的文字</target>
   </keywords>
   <keywords>
      <text FeatureID="-1">編輯縮放後的影像</text>
      <target FeatureID="-1" href="SIE_HLP_ZOOMING.html">編輯縮放後的影像</target>
   </keywords>
   <keywords>
      <text FeatureID="-1">縮放影像</text>
      <target FeatureID="-1" href="SIE_HLP_ZOOMING.html">編輯縮放後的影像</target>
   </keywords>
   <keywords>
      <text FeatureID="-1">編輯美工圖案</text>
      <target FeatureID="-1" href="SIE_HLP_EDIT_CLIPART.html">編輯美工圖案</target>
   </keywords>
   <keywords>
      <text FeatureID="-1">編輯對話泡泡</text>
      <target FeatureID="-1" href="SIE_HLP_EDIT_CLIPART.html">編輯美工圖案</target>
   </keywords>
   <keywords>
      <text FeatureID="-1">消除紅眼效果</text>
      <target FeatureID="-1" href="SIE_HLP_REDEYE.html">消除紅眼效果</target>
   </keywords>
</keywords>