<?xml version="1.0" encoding="UTF-8"?>
<keywords>
   <keywords>
      <text FeatureID="true_298">telefonska sekretarica</text>
      <target FeatureID="true_298" href="SMSVO_HLP_CS_VIDEO_AND_XSP_VOIP.html">Poštansko sanduče za pozive, video i Internet pozive</target>
   </keywords>
   <keywords>
      <text FeatureID="true_298">sanduče za internet pozive</text>
      <target FeatureID="true_298" href="SMSVO_HLP_CS_VIDEO_AND_XSP_VOIP.html">Poštansko sanduče za pozive, video i Internet pozive</target>
   </keywords>
   <keywords>
      <text FeatureID="true_298">sanduče za pozive</text>
      <target FeatureID="true_298" href="SMSVO_HLP_CS_VIDEO_AND_XSP_VOIP.html">Poštansko sanduče za pozive, video i Internet pozive</target>
   </keywords>
   <keywords>
      <text FeatureID="-1">Internet pozivi</text>
      <target FeatureID="-1" href="VOIP_HLP_CSC.html">Podešavanja Interneta</target>
      <target FeatureID="true_298" href="VOIP_HLP_SERVCATALOG.html">Katalog servisa</target>
      <target FeatureID="-1" href="SERVTAB_HLP_SETTINGS.html">Podešavanja kartice servisa</target>
   </keywords>
</keywords>