<?xml version="1.0" encoding="UTF-8"?>
<keywords>
   <keywords>
      <text FeatureID="-1">nội dung sẽ chia sẻ</text>
      <target FeatureID="-1" href="UPNP_HLP_SHARE_CONTENT.html">Chọn nội dung sẽ chia sẻ</target>
   </keywords>
   <keywords>
      <text FeatureID="-1">home media</text>
      <target FeatureID="-1" href="UPNP_HLP_SHARE_CONTENT.html">Chọn nội dung sẽ chia sẻ</target>
      <target FeatureID="-1" href="UPNP_HLP_SHARING_PROP.html">Cài đặt chia sẻ</target>
      <target FeatureID="-1" href="UPNP_HLP_MAIN_VIEW.html">Home media</target>
      <target FeatureID="-1" href="UPNP_HLP_MAIN_EXTERNAL.html">Các thiết bị home media</target>
      <target FeatureID="-1" href="UPNP_HLP_CONTENT_VIEW.html">Các tập tin home media</target>
      <target FeatureID="-1" href="UPNP_HLP_REMOTE_DEVICES.html">Các thư mục home media</target>
      <target FeatureID="-1" href="UPNP_HLP_SEARCH.html">Kết quả tìm kiếm</target>
   </keywords>
   <keywords>
      <text FeatureID="-1">chia sẻ hình ảnh và video</text>
      <target FeatureID="-1" href="UPNP_HLP_SHARE_CONTENT.html">Chọn nội dung sẽ chia sẻ</target>
   </keywords>
   <keywords>
      <text FeatureID="-1">chia sẻ các tập tin media</text>
      <target FeatureID="-1" href="UPNP_HLP_SHARING_PROP.html">Cài đặt chia sẻ</target>
      <target FeatureID="-1" href="UPNP_HLP_MAIN_VIEW.html">Home media</target>
      <target FeatureID="-1" href="UPNP_HLP_MAIN_EXTERNAL.html">Các thiết bị home media</target>
      <target FeatureID="-1" href="UPNP_HLP_CONTENT_VIEW.html">Các tập tin home media</target>
      <target FeatureID="-1" href="UPNP_HLP_REMOTE_DEVICES.html">Các thư mục home media</target>
      <target FeatureID="-1" href="UPNP_HLP_SEARCH.html">Kết quả tìm kiếm</target>
   </keywords>
   <keywords>
      <text FeatureID="-1">xem các tập tin trên thiết bị từ xa</text>
      <target FeatureID="-1" href="UPNP_HLP_SHARING_PROP.html">Cài đặt chia sẻ</target>
      <target FeatureID="-1" href="UPNP_HLP_MAIN_VIEW.html">Home media</target>
      <target FeatureID="-1" href="UPNP_HLP_MAIN_EXTERNAL.html">Các thiết bị home media</target>
      <target FeatureID="-1" href="UPNP_HLP_CONTENT_VIEW.html">Các tập tin home media</target>
      <target FeatureID="-1" href="UPNP_HLP_REMOTE_DEVICES.html">Các thư mục home media</target>
      <target FeatureID="-1" href="UPNP_HLP_SEARCH.html">Kết quả tìm kiếm</target>
   </keywords>
   <keywords>
      <text FeatureID="-1">các đặc tính chia sẻ</text>
      <target FeatureID="-1" href="UPNP_HLP_SHARING_PROP.html">Cài đặt chia sẻ</target>
   </keywords>
</keywords>