<?xml version="1.0" encoding="UTF-8"?>
<keywords>
   <keywords>
      <text FeatureID="-1">thema's</text>
      <target FeatureID="-1" href="SKINS_HLP_LIST.html">Algemene thema's</target>
      <target FeatureID="-1" href="SCREENSAVER_HLP_WP_SETTINGS.html">Achtergrondinstellingen voor diavoorstellingen</target>
      <target FeatureID="-1" href="SKINS_HLP_WP_SETTINGS.html">Achtergrondinstellingen</target>
      <target FeatureID="true_1503" href="SKINS_HLP_CIMAGE_SETTINGS.html">Oproepafbeelding selecteren</target>
      <target FeatureID="-1" href="SKINS_HLP_APPSHELL.html">Instellingen voor menuweergave</target>
      <target FeatureID="-1" href="SKINS_HLP_IDLE.html">Instellingen voor het startscherm</target>
      <target FeatureID="-1" href="SKINS_HLP_APP_MAIN.html">Scherm aanpassen</target>
      <target FeatureID="-1" href="SKINS_HLP_APPSKINS_LIST.html">Toepassingsthema's</target>
   </keywords>
   <keywords>
      <text FeatureID="-1">diavoorstelling, achtergrond</text>
      <target FeatureID="-1" href="SCREENSAVER_HLP_WP_SETTINGS.html">Achtergrondinstellingen voor diavoorstellingen</target>
   </keywords>
   <keywords>
      <text FeatureID="-1">diavoorstellingen, instellingen</text>
      <target FeatureID="-1" href="SCREENSAVER_HLP_WP_SETTINGS.html">Achtergrondinstellingen voor diavoorstellingen</target>
   </keywords>
   <keywords>
      <text FeatureID="-1">achtergrondinstellingen</text>
      <target FeatureID="-1" href="SKINS_HLP_WP_SETTINGS.html">Achtergrondinstellingen</target>
   </keywords>
   <keywords>
      <text FeatureID="-1">achtergrondafbeelding</text>
      <target FeatureID="-1" href="SKINS_HLP_WP_SETTINGS.html">Achtergrondinstellingen</target>
   </keywords>
   <keywords>
      <text FeatureID="-1">screensaver</text>
      <target FeatureID="-1" href="SKINS_HLP_SCREENS_SETTINGS.html">Instellingen voor screensaver</target>
   </keywords>
   <keywords>
      <text FeatureID="true_1503">oproepafbeelding, instellingen</text>
      <target FeatureID="true_1503" href="SKINS_HLP_CIMAGE_SETTINGS.html">Oproepafbeelding selecteren</target>
   </keywords>
   <keywords>
      <text FeatureID="-1">menu's</text>
      <target FeatureID="-1" href="SKINS_HLP_APPSHELL.html">Instellingen voor menuweergave</target>
   </keywords>
   <keywords>
      <text FeatureID="-1">instellingen, startscherm</text>
      <target FeatureID="-1" href="SKINS_HLP_IDLE.html">Instellingen voor het startscherm</target>
   </keywords>
   <keywords>
      <text FeatureID="-1">widgets</text>
      <target FeatureID="-1" href="SKINS_HLP_IDLE.html">Instellingen voor het startscherm</target>
   </keywords>
   <keywords>
      <text FeatureID="-1">achtergrond­afbeelding</text>
      <target FeatureID="-1" href="SKINS_HLP_APP_MAIN.html">Scherm aanpassen</target>
   </keywords>
</keywords>