<?xml version="1.0" encoding="UTF-8"?>
<keywords>
   <keywords>
      <text FeatureID="-1">Mail for Exchange</text>
      <target FeatureID="-1" href="FSE_HLP_MFE_LAUNCHER_MAIN_VIEW.html">Correo de Mail for Exchange</target>
   </keywords>
   <keywords>
      <text FeatureID="-1">axustes avanzados da caixa de correo</text>
      <target FeatureID="-1" href="FSE_HLP_MFE_SETTINGS_ADVANCED.html">Axustes avanzados para a caixa de correo</target>
   </keywords>
   <keywords>
      <text FeatureID="-1">axustes de sincronización do correo electrónico</text>
      <target FeatureID="-1" href="FSE_HLP_MFE_SETTINGS_PIM_APPS.html">Axustes de sincronización de aplicación</target>
   </keywords>
   <keywords>
      <text FeatureID="-1">sincronización do calendario</text>
      <target FeatureID="-1" href="FSE_HLP_MFE_CALENDAR_APP.html">Axustes de sincronización da Axenda</target>
   </keywords>
   <keywords>
      <text FeatureID="-1">sincronización dos contactos,</text>
      <target FeatureID="-1" href="FSE_HLP_MFE_CONTACTS_APP.html">Axustes de sincronización de Contactos</target>
   </keywords>
   <keywords>
      <text FeatureID="-1">axustes da caixa do correo</text>
      <target FeatureID="-1" href="FSE_HLP_MFE_SETTINGS_MAILBOX.html">Axustes xerais da caixa de correo</target>
   </keywords>
   <keywords>
      <text FeatureID="-1">contido de sincronización do correo electrónico</text>
      <target FeatureID="-1" href="FSE_HLP_MFE_SETTINGS_WHAT_SYNC.html">Escoller o contido de sincronización</target>
   </keywords>
   <keywords>
      <text FeatureID="-1">hora de sincronización do correo</text>
      <target FeatureID="-1" href="FSE_HLP_MFE_SETTINGS_WHEN_SYNC.html">Escoller hora de sincronización</target>
   </keywords>
   <keywords>
      <text FeatureID="-1">sincronización do cartafol do correo electrónico</text>
      <target FeatureID="-1" href="FSE_HLP_MFE_SETTINGS_FOLDER.html">Axustes para a sincronización</target>
   </keywords>
   <keywords>
      <text FeatureID="-1">axustes de correo</text>
      <target FeatureID="-1" href="FSE_HLP_MFE_SETTINGS_MAIN_VIEW.html">Axustes do correo</target>
   </keywords>
   <keywords>
      <text FeatureID="-1">sincronización de entradas de tarefas</text>
      <target FeatureID="-1" href="FSE_HLP_MFE_TASKS_APP.html">Axustes de sincronización de tarefas</target>
   </keywords>
</keywords>