<?xml version="1.0" encoding="UTF-8"?>
<keywords>
   <keywords>
      <text FeatureID="-1">chattmeddelanden</text>
      <target FeatureID="-1" href="SERVTAB_HLP_CONVERSATION.html">Skicka chattmeddelanden</target>
   </keywords>
   <keywords>
      <text FeatureID="-1">chatta</text>
      <target FeatureID="-1" href="SERVTAB_HLP_CONVERSATION.html">Skicka chattmeddelanden</target>
   </keywords>
   <keywords>
      <text FeatureID="-1">konversationer</text>
      <target FeatureID="-1" href="SERVTAB_HLP_CONVERSATION.html">Skicka chattmeddelanden</target>
   </keywords>
</keywords>