<?xml version="1.0" encoding="UTF-8"?>
<keywords>
   <keywords>
      <text FeatureID="-1">فك التشفير, بطاقة ذاكرة</text>
      <target FeatureID="-1" href="ES_HLP_ENCRYPTION_DECRYPT.html">فك تشفير بطاقة الذاكرة</target>
   </keywords>
   <keywords>
      <text FeatureID="-1">التشفير, بطاقة ذاكرة</text>
      <target FeatureID="-1" href="ES_HLP_ENCRYPTION_ENCRYPT.html">تشفير بطاقة الذاكرة</target>
   </keywords>
   <keywords>
      <text FeatureID="-1">التشفير, ذاكرة الهاتف وبطاقة الذاكرة</text>
      <target FeatureID="-1" href="ES_HLP_ENCRYPTION_MAIN.html">التشفير أو فك التشفير</target>
   </keywords>
   <keywords>
      <text FeatureID="-1">فك التشفير, ذاكرة الهاتف وبطاقة الذاكرة</text>
      <target FeatureID="-1" href="ES_HLP_ENCRYPTION_MAIN.html">التشفير أو فك التشفير</target>
   </keywords>
</keywords>