<?xml version="1.0" encoding="UTF-8"?>
<keywords>
   <keywords>
      <text FeatureID="-1">orientyrų kategorijos</text>
      <target FeatureID="-1" href="LM_HLP_LM_BY_CATEGORY.html">Orientyrų kategorijos</target>
      <target FeatureID="-1" href="LM_HLP_EDIT_CATEGORIES.html">Orientyrų kategorijų redagavimas</target>
   </keywords>
   <keywords>
      <text FeatureID="-1">orientyrai</text>
      <target FeatureID="-1" href="LM_HLP_LM_BY_NAME.html">Orientyrų pagal pavadinimą rodinys</target>
      <target FeatureID="-1" href="LM_HLP_CATEGORY_CONTENTS.html">Orientyrai kategorijose</target>
      <target FeatureID="-1" href="LM_HLP_LM_VIEWER.html">Išsami orientyrų informacija</target>
   </keywords>
   <keywords>
      <text FeatureID="-1">orientyrų redagavimas</text>
      <target FeatureID="-1" href="LM_HLP_LM_EDITOR.html">Orientyro redagavimas</target>
   </keywords>
</keywords>