<?xml version="1.0" encoding="UTF-8"?>
<keywords>
   <keywords>
      <text FeatureID="-1">suite musica</text>
      <target FeatureID="-1" href="MUS_HLP_MUSIC_SUITE_VIEW.html">Music Suite</target>
   </keywords>
   <keywords>
      <text FeatureID="-1">lettore musicale</text>
      <target FeatureID="-1" href="MUS_HLP_TRACKS_VIEW.html">Brani</target>
      <target FeatureID="-1" href="MUS_HLP_CATEGORY_VIEW.html">Categorie musicali</target>
      <target FeatureID="-1" href="MUS_HLP_PODCAST_MAIN_VIEW.html">Podcast</target>
      <target FeatureID="-1" href="MUS_HLP_PODCAST_EPISODES.html">Episodi podcast</target>
      <target FeatureID="-1" href="MUS_HLP_PLAYLISTS_VIEW.html">Playlist musicali</target>
      <target FeatureID="-1" href="MUS_HLP_DOWNLOAD_PLAYBACK_VIEW.html">Riprodurre musica sul Web</target>
      <target FeatureID="-1" href="MUS_HLP_PLAYBACK_VIEW.html">Riprodurre musica</target>
      <target FeatureID="-1" href="MUS_HLP_LIB_MAIN_VIEW.html">Raccolta musica</target>
      <target FeatureID="-1" href="MUS_HLP_METADATA_EDITING.html">Modificare le informazioni sul brano</target>
      <target FeatureID="-1" href="MUS_HLP_ALBUM_ART_EDITING.html">Modificare la copertina</target>
      <target FeatureID="-1" href="MUS_HLP_AUDIO_SETT.html">Impostazioni audio</target>
   </keywords>
   <keywords>
      <text FeatureID="-1">podcasting</text>
      <target FeatureID="-1" href="MUS_HLP_PODCAST_MAIN_VIEW.html">Podcast</target>
      <target FeatureID="-1" href="MUS_HLP_PODCAST_EPISODES.html">Episodi podcast</target>
   </keywords>
   <keywords>
      <text FeatureID="-1">playlist</text>
      <target FeatureID="-1" href="MUS_HLP_PLAYLISTS_VIEW.html">Playlist musicali</target>
   </keywords>
   <keywords>
      <text FeatureID="-1">copertina</text>
      <target FeatureID="-1" href="MUS_HLP_ALBUM_ART_EDITING.html">Modificare la copertina</target>
   </keywords>
   <keywords>
      <text FeatureID="-1">amplificatore di bassi</text>
      <target FeatureID="-1" href="MUS_HLP_AUDIO_SETT.html">Impostazioni audio</target>
   </keywords>
   <keywords>
      <text FeatureID="-1">amplificatore stereo</text>
      <target FeatureID="-1" href="MUS_HLP_AUDIO_SETT.html">Impostazioni audio</target>
   </keywords>
</keywords>