<?xml version="1.0" encoding="UTF-8"?>
<keywords>
   <keywords>
      <text FeatureID="-1">lettore musicale</text>
      <target FeatureID="-1" href="MUS_HLP_TRACKS_VIEW.html">Brani</target>
      <target FeatureID="-1" href="MUS_HLP_CATEGORY_VIEW.html">Categorie musicali</target>
      <target FeatureID="-1" href="MUS_HLP_PODCAST_MAIN_VIEW.html">Podcast</target>
      <target FeatureID="-1" href="MUS_HLP_PODCAST_EPISODES.html">Episodi podcast</target>
      <target FeatureID="-1" href="MUS_HLP_PLAYLISTS_VIEW.html">Playlist musicali</target>
      <target FeatureID="-1" href="MUS_HLP_AUDIO_SETT.html">Impostazioni audio</target>
   </keywords>
   <keywords>
      <text FeatureID="-1">podcasting</text>
      <target FeatureID="-1" href="MUS_HLP_PODCAST_MAIN_VIEW.html">Podcast</target>
      <target FeatureID="-1" href="MUS_HLP_PODCAST_EPISODES.html">Episodi podcast</target>
   </keywords>
   <keywords>
      <text FeatureID="-1">playlist</text>
      <target FeatureID="-1" href="MUS_HLP_PLAYLISTS_VIEW.html">Playlist musicali</target>
   </keywords>
   <keywords>
      <text FeatureID="-1">music player</text>
      <target FeatureID="-1" href="MUS_HLP_DOWNLOAD_PLAYBACK_VIEW.html">Play music on web</target>
      <target FeatureID="-1" href="MUS_HLP_LIB_MAIN_VIEW.html">Music library</target>
   </keywords>
   <keywords>
      <text FeatureID="-1">amplificatore di bassi</text>
      <target FeatureID="-1" href="MUS_HLP_AUDIO_SETT.html">Impostazioni audio</target>
   </keywords>
   <keywords>
      <text FeatureID="-1">amplificatore stereo</text>
      <target FeatureID="-1" href="MUS_HLP_AUDIO_SETT.html">Impostazioni audio</target>
   </keywords>
</keywords>