<?xml version="1.0" encoding="UTF-8"?>
<keywords>
   <keywords>
      <text FeatureID="-1">التطبيق Mail for Exchange</text>
      <target FeatureID="-1" href="FSE_HLP_MFE_LAUNCHER_MAIN_VIEW.html">البريد الإلكتروني للتطبيق Mail for Exchange</target>
   </keywords>
   <keywords>
      <text FeatureID="-1">الضبط المتقدم لصندوق البريد</text>
      <target FeatureID="-1" href="FSE_HLP_MFE_SETTINGS_ADVANCED.html">الضبط المتقدم لصندوق البريد</target>
   </keywords>
   <keywords>
      <text FeatureID="-1">ضبط تزامن البريد الإلكتروني</text>
      <target FeatureID="-1" href="FSE_HLP_MFE_SETTINGS_PIM_APPS.html">ضبط تزامن التطبيقات</target>
   </keywords>
   <keywords>
      <text FeatureID="-1">تزامن التقويم</text>
      <target FeatureID="-1" href="FSE_HLP_MFE_CALENDAR_APP.html">ضبط تزامن التقويم</target>
   </keywords>
   <keywords>
      <text FeatureID="-1">تزامن الأسماء,</text>
      <target FeatureID="-1" href="FSE_HLP_MFE_CONTACTS_APP.html">ضبط تزامن الأسماء</target>
   </keywords>
   <keywords>
      <text FeatureID="-1">ضبط صندوق البريد</text>
      <target FeatureID="-1" href="FSE_HLP_MFE_SETTINGS_MAILBOX.html">الضبط العام لصندوق البريد</target>
   </keywords>
   <keywords>
      <text FeatureID="-1">محتوى تزامن البريد الإلكتروني</text>
      <target FeatureID="-1" href="FSE_HLP_MFE_SETTINGS_WHAT_SYNC.html">اختيار محتوى التزامن</target>
   </keywords>
   <keywords>
      <text FeatureID="-1">وقت تزامن البريد الإلكتروني</text>
      <target FeatureID="-1" href="FSE_HLP_MFE_SETTINGS_WHEN_SYNC.html">اختيار وقت التزامن</target>
   </keywords>
   <keywords>
      <text FeatureID="-1">تزامن حافظة البريد الإلكتروني</text>
      <target FeatureID="-1" href="FSE_HLP_MFE_SETTINGS_FOLDER.html">ضبط التزامن</target>
   </keywords>
   <keywords>
      <text FeatureID="-1">ضبط البريد الإلكتروني</text>
      <target FeatureID="-1" href="FSE_HLP_MFE_SETTINGS_MAIN_VIEW.html">ضبط البريد الإلكتروني</target>
   </keywords>
   <keywords>
      <text FeatureID="-1">تزامن قيد مهمة</text>
      <target FeatureID="-1" href="FSE_HLP_MFE_TASKS_APP.html">ضبط تزامن المهام</target>
   </keywords>
</keywords>