<?xml version="1.0" encoding="UTF-8"?>
<keywords>
   <keywords>
      <text FeatureID="-1">megosztani kívánt tartalom</text>
      <target FeatureID="-1" href="UPNP_HLP_SHARE_CONTENT.html">Megosztani kívánt tartalom kiválasztása</target>
   </keywords>
   <keywords>
      <text FeatureID="-1">otthoni média</text>
      <target FeatureID="-1" href="UPNP_HLP_SHARE_CONTENT.html">Megosztani kívánt tartalom kiválasztása</target>
      <target FeatureID="-1" href="UPNP_HLP_SHARING_PROP.html">Megosztás beállításai</target>
      <target FeatureID="-1" href="UPNP_HLP_MAIN_VIEW.html">Otthoni médiakezelés</target>
      <target FeatureID="-1" href="UPNP_HLP_MAIN_EXTERNAL.html">Otthoni médiaeszközök</target>
      <target FeatureID="-1" href="UPNP_HLP_CONTENT_VIEW.html">Otthoni médiafájlok</target>
      <target FeatureID="-1" href="UPNP_HLP_REMOTE_DEVICES.html">Otthoni médiamappák</target>
      <target FeatureID="-1" href="UPNP_HLP_SEARCH.html">Keresési eredmények</target>
   </keywords>
   <keywords>
      <text FeatureID="-1">képek és videók megosztása</text>
      <target FeatureID="-1" href="UPNP_HLP_SHARE_CONTENT.html">Megosztani kívánt tartalom kiválasztása</target>
   </keywords>
   <keywords>
      <text FeatureID="-1">médiafájlok megosztása</text>
      <target FeatureID="-1" href="UPNP_HLP_SHARING_PROP.html">Megosztás beállításai</target>
      <target FeatureID="-1" href="UPNP_HLP_MAIN_VIEW.html">Otthoni médiakezelés</target>
      <target FeatureID="-1" href="UPNP_HLP_MAIN_EXTERNAL.html">Otthoni médiaeszközök</target>
      <target FeatureID="-1" href="UPNP_HLP_CONTENT_VIEW.html">Otthoni médiafájlok</target>
      <target FeatureID="-1" href="UPNP_HLP_REMOTE_DEVICES.html">Otthoni médiamappák</target>
      <target FeatureID="-1" href="UPNP_HLP_SEARCH.html">Keresési eredmények</target>
   </keywords>
   <keywords>
      <text FeatureID="-1">fájlok megtekintése távoli eszközön</text>
      <target FeatureID="-1" href="UPNP_HLP_SHARING_PROP.html">Megosztás beállításai</target>
      <target FeatureID="-1" href="UPNP_HLP_MAIN_VIEW.html">Otthoni médiakezelés</target>
      <target FeatureID="-1" href="UPNP_HLP_MAIN_EXTERNAL.html">Otthoni médiaeszközök</target>
      <target FeatureID="-1" href="UPNP_HLP_CONTENT_VIEW.html">Otthoni médiafájlok</target>
      <target FeatureID="-1" href="UPNP_HLP_REMOTE_DEVICES.html">Otthoni médiamappák</target>
      <target FeatureID="-1" href="UPNP_HLP_SEARCH.html">Keresési eredmények</target>
   </keywords>
   <keywords>
      <text FeatureID="-1">tulajdonságok megosztása</text>
      <target FeatureID="-1" href="UPNP_HLP_SHARING_PROP.html">Megosztás beállításai</target>
   </keywords>
</keywords>