<?xml version="1.0" encoding="UTF-8"?>
<keywords>
   <keywords>
      <text FeatureID="-1">записи за годишнини, създаване</text>
      <target FeatureID="-1" href="FSCA_HLP_ANNIVERSARY_EDITOR.html">Създаване на записи за годишнини</target>
   </keywords>
   <keywords>
      <text FeatureID="-1">записи за срещи, създаване</text>
      <target FeatureID="-1" href="FSCA_HLP_CALE_MEETING_EDITOR.html">Създаване на записи за срещи</target>
   </keywords>
   <keywords>
      <text FeatureID="-1">паметни бележки, създаване</text>
      <target FeatureID="-1" href="FSCA_HLP_MEMO_EDITOR.html">Създаване на паметни бележки</target>
   </keywords>
   <keywords>
      <text FeatureID="-1">записи за задачи, създаване</text>
      <target FeatureID="-1" href="FSCA_HLP_TODO_EDITOR.html">Създаване на записи за задачи</target>
   </keywords>
   <keywords>
      <text FeatureID="-1">записи за срещи, редактиране</text>
      <target FeatureID="-1" href="FSCA_HLP_CALE_MEETING_VIEWER.html">Редактиране на записи за срещи</target>
   </keywords>
   <keywords>
      <text FeatureID="-1">паметни бележки, редактиране</text>
      <target FeatureID="-1" href="FSCA_HLP_MEMO_VIEWER.html">Редактиране на паметни бележки</target>
   </keywords>
   <keywords>
      <text FeatureID="-1">записи за задачи, редактиране</text>
      <target FeatureID="-1" href="FSCA_HLP_TODO_VIEWER.html">Редактиране на записи за задачи</target>
   </keywords>
   <keywords>
      <text FeatureID="-1">записи за годишнини, преглеждане</text>
      <target FeatureID="-1" href="FSCA_HLP_ANNI_VIEWER.html">Промяна на записи за годишнини</target>
   </keywords>
   <keywords>
      <text FeatureID="-1">заявки за срещи, редактиране на отговори</text>
      <target FeatureID="-1" href="FSCA_HLP_RESPONSE_EDITOR.html">Редактиране на отговора ви</target>
   </keywords>
   <keywords>
      <text FeatureID="-1">заявки за срещи, управление</text>
      <target FeatureID="-1" href="FSCA_HLP_VIEWER_ORGANIZER.html">Управление на заявки за срещи</target>
   </keywords>
   <keywords>
      <text FeatureID="-1">заявки за срещи, редактиране</text>
      <target FeatureID="-1" href="MEET_REQ_HLP_EDITOR.html">Получени заявки за срещи</target>
   </keywords>
   <keywords>
      <text FeatureID="-1">заявки за срещи, отговаряне</text>
      <target FeatureID="-1" href="FSCA_HLP_VIEWER.html">Отговор на заявки за срещи</target>
   </keywords>
   <keywords>
      <text FeatureID="-1">контакти</text>
      <target FeatureID="-1" href="RLOOK_HLP_INFO_VIEW.html">Управление на намерения контакт</target>
   </keywords>
   <keywords>
      <text FeatureID="-1">контакти, търсене</text>
      <target FeatureID="-1" href="RLOOK_HLP_RESULT_VIEW.html">Резултати от търсене</target>
   </keywords>
   <keywords>
      <text FeatureID="-1">електронна поща, прикачени файлове</text>
      <target FeatureID="-1" href="FSE_HLP_ATTACHMENT_LIST_EDITOR.html">Добавяне на прикачени файлове</target>
   </keywords>
   <keywords>
      <text FeatureID="-1">изтрити електронни съобщения</text>
      <target FeatureID="-1" href="FSE_HLP_MESSAGE_LIST_DELETED.html">Изтрити ел.съобщения</target>
   </keywords>
   <keywords>
      <text FeatureID="-1">изтегляне на прикачени файлове</text>
      <target FeatureID="-1" href="FSE_HLP_ATTACHMENT_LIST.html">Изтегляне на прикачени файлове</target>
   </keywords>
   <keywords>
      <text FeatureID="-1">чернови на електронни съобщения</text>
      <target FeatureID="-1" href="FSE_HLP_MESSAGE_LIST_DRAFTS.html">Чернови на ел.съобщения</target>
   </keywords>
   <keywords>
      <text FeatureID="-1">Електронна поща Nokia</text>
      <target FeatureID="-1" href="FSE_HLP_LAUNCHER_GRID.html">Електронна поща Nokia</target>
   </keywords>
   <keywords>
      <text FeatureID="-1">електронна поща</text>
      <target FeatureID="-1" href="FSE_HLP_LAUNCHER_GRID.html">Електронна поща Nokia</target>
   </keywords>
   <keywords>
      <text FeatureID="-1">папки за електронна поща</text>
      <target FeatureID="-1" href="FSE_HLP_FOLDER_LIST.html">Папки на електронната поща</target>
      <target FeatureID="-1" href="FSE_HLP_SETT_IMAP_SUBSCR.html">Абониране за папки</target>
      <target FeatureID="-1" href="FSE_HLP_MESSAGE_LIST_INBOX.html">Работа с папки за имейл</target>
   </keywords>
   <keywords>
      <text FeatureID="-1">ел. поща, настройки</text>
      <target FeatureID="-1" href="FSE_HLP_LAUNCHER_SETTINGS.html">Общи настройки за ел. поща</target>
      <target FeatureID="-1" href="FSE_HLP_POP_IMAP_SETT_MAIN.html">Настройки за ел.поща</target>
      <target FeatureID="-1" href="FSE_HLP_IMS_SETTINGS_MAIN_VIEW.html">Настройки за ел.поща</target>
      <target FeatureID="-1" href="FSE_HLP_MFE_SETTINGS_MAIN_VIEW.html">Настройки за електронна поща</target>
   </keywords>
   <keywords>
      <text FeatureID="-1">общи настройки за електронна поща</text>
      <target FeatureID="-1" href="FSE_HLP_SETTINGS_GLOBAL.html">Общи настройки за електронна поща</target>
   </keywords>
   <keywords>
      <text FeatureID="-1">електронни съобщения в HTML</text>
      <target FeatureID="-1" href="FS_VIEWER_HLP_HTML_VIEW.html">Ел.поща с HTML-формат</target>
   </keywords>
   <keywords>
      <text FeatureID="-1">разширени настройки за ел. поща</text>
      <target FeatureID="-1" href="FSE_HLP_POP_IMAP_SETT_ADV.html">Фини настройки за ел.поща</target>
   </keywords>
   <keywords>
      <text FeatureID="-1">настройки на входящи електронни съобщения</text>
      <target FeatureID="-1" href="FSE_HLP_POP_IMAP_SETT_INCOMING.html">Настройки за входяща ел.поща</target>
   </keywords>
   <keywords>
      <text FeatureID="-1">настройки на изходящи електронни съобщения</text>
      <target FeatureID="-1" href="FSE_HLP_POP_IMAP_SETT_OUTGOING.html">Настройки за изходяща ел.поща</target>
   </keywords>
   <keywords>
      <text FeatureID="-1">синхронизация на електронна поща</text>
      <target FeatureID="-1" href="FSE_HLP_POP_IMAP_SETT_WHAT.html">Избор на съдържание за синхронизация </target>
   </keywords>
   <keywords>
      <text FeatureID="-1">време за синхронизация на електронна поща</text>
      <target FeatureID="-1" href="FSE_HLP_POP_IMAP_SETT_WHEN.html">Избор на време за синхронизация</target>
      <target FeatureID="-1" href="FSE_HLP_IMS_SETTINGS_WHEN_SYNC.html">Дефиниране на часа за синхронизиране</target>
      <target FeatureID="-1" href="FSE_HLP_MFE_SETTINGS_WHEN_SYNC.html">Избор на час за синхронизиране</target>
      <target FeatureID="-1" href="FSE_HLP_SETTINGS_WHEN_SYNC.html">Час на синхронизация</target>
   </keywords>
   <keywords>
      <text FeatureID="-1">настройки на акаунт за електронна поща</text>
      <target FeatureID="-1" href="FSE_HLP_IMS_SETTINGS_ACCT_INFO.html">Настройки за акаунт (регистрация) за ел. поща</target>
   </keywords>
   <keywords>
      <text FeatureID="-1">разширени настройки за пощенска кутия</text>
      <target FeatureID="-1" href="FSE_HLP_IMS_SETTINGS_ADVANCED.html">Фини настройки за пощенска кутия</target>
      <target FeatureID="-1" href="FSE_HLP_MFE_SETTINGS_ADVANCED.html">Разширени настройки за пощенска кутия</target>
   </keywords>
   <keywords>
      <text FeatureID="-1">настройки за пощенска кутия</text>
      <target FeatureID="-1" href="FSE_HLP_IMS_SETTINGS_MAILBOX.html">Настройки на пощенската кутия</target>
      <target FeatureID="-1" href="FSE_HLP_MFE_SETTINGS_MAILBOX.html">Общи настройки на пощенска кутия</target>
   </keywords>
   <keywords>
      <text FeatureID="-1">съдържание за синхронизация на електронна поща</text>
      <target FeatureID="-1" href="FSE_HLP_IMS_SETTINGS_WHAT_SYNC.html">Дефиниране на съдържанието за синхронизиране</target>
      <target FeatureID="-1" href="FSE_HLP_MFE_SETTINGS_WHAT_SYNC.html">Избор на съдържание за синхронизиране</target>
   </keywords>
   <keywords>
      <text FeatureID="-1">синхронизация на папки за електронна поща</text>
      <target FeatureID="-1" href="FSE_HLP_IMS_SETTINGS_FOLDER.html">Синхронизиране на папки за ел.поща</target>
      <target FeatureID="-1" href="FSE_HLP_MFE_SETTINGS_FOLDER.html">Настройки за синхронизация</target>
   </keywords>
   <keywords>
      <text FeatureID="-1">настройки на услугата за ел. поща</text>
      <target FeatureID="-1" href="FSE_HLP_SETTINGS_INTELL_LIST.html">Настройки на услугата за ел.поща</target>
   </keywords>
   <keywords>
      <text FeatureID="-1">Intellisync</text>
      <target FeatureID="-1" href="FSE_HLP_IMS_LAUNCHER_MAIN_VIEW.html">Електронна поща Intellisync</target>
   </keywords>
   <keywords>
      <text FeatureID="-1">Електронна поща Mail for Exchange</text>
      <target FeatureID="-1" href="FSE_HLP_MFE_LAUNCHER_MAIN_VIEW.html">Електронна поща Mail for Exchange</target>
   </keywords>
   <keywords>
      <text FeatureID="-1">данни за електронно съобщение</text>
      <target FeatureID="-1" href="FS_VIEWER_HLP_DETAILS_VIEW.html">Данни на съобщението</target>
   </keywords>
   <keywords>
      <text FeatureID="-1">настройки за синхронизация на електронна поща</text>
      <target FeatureID="-1" href="FSE_HLP_MFE_SETTINGS_PIM_APPS.html">Настройки за синхронизация на приложението</target>
   </keywords>
   <keywords>
      <text FeatureID="-1">синхронизация на календара</text>
      <target FeatureID="-1" href="FSE_HLP_MFE_CALENDAR_APP.html">Настройки за синхронизация на Календар</target>
   </keywords>
   <keywords>
      <text FeatureID="-1">синхронизация на контакти,</text>
      <target FeatureID="-1" href="FSE_HLP_MFE_CONTACTS_APP.html">Настройки за синхронизиране на контакти</target>
   </keywords>
   <keywords>
      <text FeatureID="-1">синхронизация на записите за задача</text>
      <target FeatureID="-1" href="FSE_HLP_MFE_TASKS_APP.html">Настройки за синхронизация на задачите</target>
   </keywords>
   <keywords>
      <text FeatureID="-1">няма електронни съобщения</text>
      <target FeatureID="-1" href="FSE_HLP_MESSAGE_LIST_EMPTY.html">Няма съобщения</target>
   </keywords>
   <keywords>
      <text FeatureID="-1">папка Изходящи за електронна поща</text>
      <target FeatureID="-1" href="FSE_HLP_MESSAGE_LIST_OUTBOX.html">Работа с Изходящи</target>
   </keywords>
   <keywords>
      <text FeatureID="-1">заявки за срещи</text>
      <target FeatureID="-1" href="FS_VIEWER_HLP_MEETING_REQ_VIEW.html">Заявка за среща</target>
   </keywords>
   <keywords>
      <text FeatureID="-1">търсене на електронна поща</text>
      <target FeatureID="-1" href="FSE_HLP_MESSAGE_LIST_SEARCHING.html">Търсене на електронна поща</target>
   </keywords>
   <keywords>
      <text FeatureID="-1">резултати от търсене на електронна поща</text>
      <target FeatureID="-1" href="FSE_HLP_MESSAGE_LIST_SEARCHED.html">Резултати от търсенето</target>
   </keywords>
   <keywords>
      <text FeatureID="-1">изпращане на електронна поща</text>
      <target FeatureID="-1" href="FS_EDITOR_HLP_MAIN_VIEW.html">Изпращане на ел.поща</target>
   </keywords>
   <keywords>
      <text FeatureID="-1">услуга PIM</text>
      <target FeatureID="-1" href="FSE_HLP_SETTINGS_PIM_VIEW.html">PIM услуга</target>
   </keywords>
   <keywords>
      <text FeatureID="-1">синхронизиране на приложения</text>
      <target FeatureID="-1" href="FSE_HLP_SETTINGS_APPLICATIONS.html">Синхронизиране на приложения</target>
   </keywords>
   <keywords>
      <text FeatureID="-1">ел. поща, прик. файл.</text>
      <target FeatureID="-1" href="FSE_HLP_ATTACHMENT_DOWNLOAD.html">Преглед на изтеглени прикачени файлове</target>
   </keywords>
   <keywords>
      <text FeatureID="-1">получена ел. поща</text>
      <target FeatureID="-1" href="FS_VIEWER_HLP_MAIN_VIEW.html">Работа с получена ел.поща</target>
   </keywords>
</keywords>