<?xml version="1.0" encoding="UTF-8"?><?xml-stylesheet  href="../../theme/xsl/index2html.xslt" type="text/xsl"?>
<topics FeatureID="-1" title="Fényképek" compressed="true">
   <topicref FeatureID="-1" href="LGAL_HLP_ALBUM_LIST.html" navtitle="Albumok"/>
   <topicref FeatureID="-1" href="LGAL_HLP_ALL_GRID.html" navtitle="Az összes médiafájl böngészése"/>
   <topicref FeatureID="-1" href="LGAL_HLP_ALBUM_GRID.html" navtitle="Médiafájlok böngészése az albumokban"/>
   <topicref FeatureID="-1" href="LGAL_HLP_TAGS_GRID.html" navtitle="Címkével ellátott médiafájlok böngészése"/>
   <topicref FeatureID="-1" href="LGAL_HLP_DETAILS_VIEW.html" navtitle="Fájladatok megtekintése és szerkesztése"/>
   <topicref FeatureID="-1" href="LGAL_HLP_TAGS_BROWSER.html" navtitle="Címkék"/>
   <topicref FeatureID="-1" href="LGAL_HLP_MONTH_FULLSCREEN.html" navtitle="Médiafájlok megtekintése havi bontásban"/>
   <topicref FeatureID="-1" href="LGAL_HLP_MONTH_GRID.html" navtitle="Médiafájlok böngészése hónapok szerint"/>
   <topicref FeatureID="-1" href="LGAL_HLP_VIEW_LIST.html" navtitle="Fényképek"/>
   <topicref FeatureID="-1" href="LGAL_HLP_MONTH_LIST.html" navtitle="Hónapok"/>
   <topicref FeatureID="-1" href="LGAL_HLP_SLIDESHOW_SETTINGS.html" navtitle="Diavetítés beállításai"/>
   <topicref FeatureID="-1" href="LGAL_HLP_ALL_FULLSCREEN.html" navtitle="Az összes médiafájl megtekintése"/>
   <topicref FeatureID="-1" href="LGAL_HLP_ALBUM_FULLSCREEN.html" navtitle="Médiafájlok megtekintése albumokban"/>
   <topicref FeatureID="-1" href="LGAL_HLP_TAGS_FULLSCREEN.html" navtitle="Címkével ellátott médiafájlok megtekintése"/>
</topics>