<?xml version="1.0" encoding="UTF-8"?>
<keywords>
   <keywords>
      <text FeatureID="-1">Fényképek</text>
      <target FeatureID="-1" href="LGAL_HLP_ALBUM_LIST.html">Albumok</target>
      <target FeatureID="-1" href="LGAL_HLP_ALL_GRID.html">Az összes médiafájl böngészése</target>
      <target FeatureID="-1" href="LGAL_HLP_ALBUM_GRID.html">Médiafájlok böngészése az albumokban</target>
      <target FeatureID="-1" href="LGAL_HLP_TAGS_GRID.html">Címkével ellátott médiafájlok böngészése</target>
      <target FeatureID="-1" href="LGAL_HLP_DETAILS_VIEW.html">Fájladatok megtekintése és szerkesztése</target>
      <target FeatureID="-1" href="LGAL_HLP_TAGS_BROWSER.html">Címkék</target>
      <target FeatureID="-1" href="LGAL_HLP_MONTH_FULLSCREEN.html">Médiafájlok megtekintése havi bontásban</target>
      <target FeatureID="-1" href="LGAL_HLP_MONTH_GRID.html">Médiafájlok böngészése hónapok szerint</target>
      <target FeatureID="-1" href="LGAL_HLP_VIEW_LIST.html">Fényképek</target>
      <target FeatureID="-1" href="LGAL_HLP_MONTH_LIST.html">Hónapok</target>
      <target FeatureID="-1" href="LGAL_HLP_SLIDESHOW_SETTINGS.html">Diavetítés beállításai</target>
      <target FeatureID="-1" href="LGAL_HLP_ALL_FULLSCREEN.html">Az összes médiafájl megtekintése</target>
      <target FeatureID="-1" href="LGAL_HLP_ALBUM_FULLSCREEN.html">Médiafájlok megtekintése albumokban</target>
      <target FeatureID="-1" href="LGAL_HLP_TAGS_FULLSCREEN.html">Címkével ellátott médiafájlok megtekintése</target>
   </keywords>
   <keywords>
      <text FeatureID="-1">albumok</text>
      <target FeatureID="-1" href="LGAL_HLP_ALBUM_LIST.html">Albumok</target>
      <target FeatureID="-1" href="LGAL_HLP_ALBUM_GRID.html">Médiafájlok böngészése az albumokban</target>
      <target FeatureID="-1" href="LGAL_HLP_VIEW_LIST.html">Fényképek</target>
      <target FeatureID="-1" href="LGAL_HLP_ALBUM_FULLSCREEN.html">Médiafájlok megtekintése albumokban</target>
   </keywords>
   <keywords>
      <text FeatureID="-1">címkék</text>
      <target FeatureID="-1" href="LGAL_HLP_TAGS_GRID.html">Címkével ellátott médiafájlok böngészése</target>
      <target FeatureID="-1" href="LGAL_HLP_TAGS_BROWSER.html">Címkék</target>
      <target FeatureID="-1" href="LGAL_HLP_VIEW_LIST.html">Fényképek</target>
      <target FeatureID="-1" href="LGAL_HLP_TAGS_FULLSCREEN.html">Címkével ellátott médiafájlok megtekintése</target>
   </keywords>
   <keywords>
      <text FeatureID="-1">diavetítés</text>
      <target FeatureID="-1" href="LGAL_HLP_SLIDESHOW_SETTINGS.html">Diavetítés beállításai</target>
   </keywords>
</keywords>