<?xml version="1.0" encoding="UTF-8"?>
<keywords>
   <keywords>
      <text FeatureID="-1">공유할 콘텐츠</text>
      <target FeatureID="-1" href="UPNP_HLP_SHARE_CONTENT.html">공유할 콘텐츠 선택</target>
   </keywords>
   <keywords>
      <text FeatureID="-1">홈 미디어</text>
      <target FeatureID="-1" href="UPNP_HLP_SHARE_CONTENT.html">공유할 콘텐츠 선택</target>
      <target FeatureID="-1" href="UPNP_HLP_SHARING_PROP.html">공유 설정</target>
      <target FeatureID="-1" href="UPNP_HLP_MAIN_VIEW.html">홈 미디어</target>
      <target FeatureID="-1" href="UPNP_HLP_MAIN_EXTERNAL.html">홈 미디어 장치</target>
      <target FeatureID="-1" href="UPNP_HLP_CONTENT_VIEW.html">홈 미디어 파일</target>
      <target FeatureID="-1" href="UPNP_HLP_REMOTE_DEVICES.html">홈 미디어 폴더</target>
      <target FeatureID="-1" href="UPNP_HLP_SEARCH.html">검색 결과</target>
   </keywords>
   <keywords>
      <text FeatureID="-1">이미지 및 비디오 공유</text>
      <target FeatureID="-1" href="UPNP_HLP_SHARE_CONTENT.html">공유할 콘텐츠 선택</target>
   </keywords>
   <keywords>
      <text FeatureID="-1">미디어 파일 공유</text>
      <target FeatureID="-1" href="UPNP_HLP_SHARING_PROP.html">공유 설정</target>
      <target FeatureID="-1" href="UPNP_HLP_MAIN_VIEW.html">홈 미디어</target>
      <target FeatureID="-1" href="UPNP_HLP_MAIN_EXTERNAL.html">홈 미디어 장치</target>
      <target FeatureID="-1" href="UPNP_HLP_CONTENT_VIEW.html">홈 미디어 파일</target>
      <target FeatureID="-1" href="UPNP_HLP_REMOTE_DEVICES.html">홈 미디어 폴더</target>
      <target FeatureID="-1" href="UPNP_HLP_SEARCH.html">검색 결과</target>
   </keywords>
   <keywords>
      <text FeatureID="-1">원격 장치의 파일 보기</text>
      <target FeatureID="-1" href="UPNP_HLP_SHARING_PROP.html">공유 설정</target>
      <target FeatureID="-1" href="UPNP_HLP_MAIN_VIEW.html">홈 미디어</target>
      <target FeatureID="-1" href="UPNP_HLP_MAIN_EXTERNAL.html">홈 미디어 장치</target>
      <target FeatureID="-1" href="UPNP_HLP_CONTENT_VIEW.html">홈 미디어 파일</target>
      <target FeatureID="-1" href="UPNP_HLP_REMOTE_DEVICES.html">홈 미디어 폴더</target>
      <target FeatureID="-1" href="UPNP_HLP_SEARCH.html">검색 결과</target>
   </keywords>
   <keywords>
      <text FeatureID="-1">공유 속성</text>
      <target FeatureID="-1" href="UPNP_HLP_SHARING_PROP.html">공유 설정</target>
   </keywords>
</keywords>