<?xml version="1.0" encoding="UTF-8"?>
<keywords>
   <keywords>
      <text FeatureID="-1">Quickoffice, 파일 관리자</text>
      <target FeatureID="-1" href="QFM_HLP_FILE_MENU.html">파일 관리자</target>
   </keywords>
   <keywords>
      <text FeatureID="-1">Quickoffice</text>
      <target FeatureID="-1" href="QFM_HLP_LOC_MENU.html">Quickoffice</target>
   </keywords>
   <keywords>
      <text FeatureID="-1">Quickpoint</text>
      <target FeatureID="-1" href="QPOINT_HLP_EDIT_SLIDE_VIEW.html">슬라이드 편집</target>
      <target FeatureID="-1" href="QPOINT_HLP_REPLACE_VIEW.html">텍스트 찾기 및 바꾸기</target>
      <target FeatureID="-1" href="QPOINT_HLP_FIND_VIEW.html">텍스트 찾기</target>
      <target FeatureID="-1" href="QPOINT_HLP_VIEW_SLIDE_VIEW.html">슬라이드 보기</target>
   </keywords>
   <keywords>
      <text FeatureID="-1">Quickpoint, 텍스트</text>
      <target FeatureID="-1" href="QPOINT_HLP_EDIT_TEXT_VIEW.html">텍스트 편집</target>
   </keywords>
   <keywords>
      <text FeatureID="-1">Quickpoint, 주석</text>
      <target FeatureID="-1" href="QPOINT_HLP_COMMENT_VIEW.html">주석 보기</target>
   </keywords>
   <keywords>
      <text FeatureID="-1">Quickpoint, 메모</text>
      <target FeatureID="-1" href="QPOINT_HLP_VIEW_NOTES_VIEW.html">메모 보기</target>
   </keywords>
   <keywords>
      <text FeatureID="-1">Quickpoint, 개요</text>
      <target FeatureID="-1" href="QPOINT_HLP_VIEW_OUTLINE_VIEW.html">개요 보기</target>
   </keywords>
   <keywords>
      <text FeatureID="-1">Quicksheet, 셀</text>
      <target FeatureID="-1" href="QSHEET_HLP_CELLS_EDIT.html">셀 편집</target>
      <target FeatureID="-1" href="QSHEET_HLP_VIEW_CELL.html">셀 보기</target>
   </keywords>
   <keywords>
      <text FeatureID="-1">Quicksheet, 열</text>
      <target FeatureID="-1" href="QSHEET_HLP_EDIT_COLUMN.html">열 편집</target>
   </keywords>
   <keywords>
      <text FeatureID="-1">Quicksheet, 범위</text>
      <target FeatureID="-1" href="QSHEET_HLP_EDIT_RANGE.html">범위 편집</target>
   </keywords>
   <keywords>
      <text FeatureID="-1">Quicksheet, 행</text>
      <target FeatureID="-1" href="QSHEET_HLP_EDIT_ROW.html">행 편집</target>
   </keywords>
   <keywords>
      <text FeatureID="-1">Quicksheet</text>
      <target FeatureID="-1" href="QSHEET_HLP_REPLACE_VIEW.html">텍스트 찾기 및 바꾸기</target>
      <target FeatureID="-1" href="QSHEET_HLP_FIND_VIEW.html">텍스트 찾기</target>
      <target FeatureID="-1" href="QSHEET_HLP_CELLS_VIEW.html">스프레드시트 보기</target>
   </keywords>
   <keywords>
      <text FeatureID="-1">Quickword</text>
      <target FeatureID="-1" href="QWORD_HLP_EDIT_MODE.html">문서 편집</target>
      <target FeatureID="-1" href="QWORD_HLP_FIND_MODE.html">텍스트 찾기 및 바꾸기</target>
      <target FeatureID="-1" href="QWORD_HLP_VIEW_MODE.html">문서 보기</target>
      <target FeatureID="-1" href="QWORD_HLP_PAGE_VIEW.html">페이지 레이아웃 보기</target>
   </keywords>
</keywords>