<?xml version="1.0" encoding="UTF-8"?><?xml-stylesheet  href="../../theme/xsl/index2html.xslt" type="text/xsl"?>
<topics FeatureID="-1" title="Mitteilungen" compressed="true">
   <topicref FeatureID="-1" href="MCE_HLP_MESSAGING.html" navtitle="Mitteilungszentrale"/>
   <topicref FeatureID="-1" href="MCE_HLP_SIM.html" navtitle="SIM-Mitteilungen anzeigen"/>
   <topicref FeatureID="-1" href="MCE_HLP_SETTINGS.html" navtitle="Mitteilungseinstellungen"/>
   <topicref FeatureID="-1" href="MCE_HLP_SETTINGS_SMS.html" navtitle="Kurzmitteilungseinstellungen"/>
   <topicref FeatureID="-1" href="SMS_HLP_SETTINGS_SCENTRES.html" navtitle="Einstellungen für Kurzmitteilungszentralen"/>
   <topicref FeatureID="-1" href="SMS_HLP_SETTINGS_SCENTRES_EDIT.html" navtitle="Mitteilungszentralen bearbeiten"/>
   <topicref FeatureID="true_1092" href="SMS_HLP_SETTINGS_SMS_EMAIL.html" navtitle="Einstellung für Kurzmitteilungs-E-Mails"/>
   <topicref FeatureID="-1" href="MCE_HLP_SETTINGS_MMS.html" navtitle="Multimedia-Mitteilungseinstellungen"/>
   <topicref FeatureID="true_1090" href="MCE_HLP_SETTINGS_CB.html" navtitle="Nachrichteneinstellungen"/>
   <topicref FeatureID="-1" href="MCE_HLP_SETTINGS_GEN.html" navtitle="Sonstige Einstellungen"/>
   <topicref FeatureID="-1" href="MCE_HLP_INBOX.html" navtitle="Eingang"/>
   <topicref FeatureID="-1" href="MCE_HLP_DOCUMENTS.html" navtitle="Meine Ordner"/>
   <topicref FeatureID="-1" href="MCE_HLP_TEMPLATES.html" navtitle="Mitteilungsvorlagen"/>
   <topicref FeatureID="-1" href="MCE_HLP_FOLDER.html" navtitle="Mitteilungen organisieren"/>
   <topicref FeatureID="-1" href="MCE_HLP_DRAFTS.html" navtitle="Entwürfe"/>
   <topicref FeatureID="-1" href="MCE_HLP_SENT_ITEMS.html" navtitle="Gesendete Mitteilungen"/>
   <topicref FeatureID="-1" href="MCE_HLP_OUTBOX.html" navtitle="Ausgang"/>
   <topicref FeatureID="-1" href="MCE_HLP_DELIVERY_REPORTS.html" navtitle="Sendeberichte"/>
   <topicref FeatureID="true_1132" href="MCE_HLP_MMS_NOTIFICATIONS.html" navtitle="Multimedia-Benachrichtigungen"/>
   <topicref FeatureID="-1" href="FIND_HLP.html" navtitle="Nummern/Adressen suchen"/>
</topics>