<?xml version="1.0" encoding="UTF-8"?>
<keywords>
   <keywords>
      <text FeatureID="-1">Mitteilungen senden</text>
      <target FeatureID="-1" href="MCE_HLP_MESSAGING.html">Mitteilungszentrale</target>
      <target FeatureID="-1" href="MCE_HLP_OUTBOX.html">Ausgang</target>
   </keywords>
   <keywords>
      <text FeatureID="-1">Mitteilungen empfangen</text>
      <target FeatureID="-1" href="MCE_HLP_MESSAGING.html">Mitteilungszentrale</target>
      <target FeatureID="-1" href="MCE_HLP_INBOX.html">Eingang</target>
   </keywords>
   <keywords>
      <text FeatureID="-1">SIM-Mitteilungen</text>
      <target FeatureID="-1" href="MCE_HLP_SIM.html">SIM-Mitteilungen anzeigen</target>
   </keywords>
   <keywords>
      <text FeatureID="-1">Mitteilungen auf SIM-Karte</text>
      <target FeatureID="-1" href="MCE_HLP_SIM.html">SIM-Mitteilungen anzeigen</target>
   </keywords>
   <keywords>
      <text FeatureID="-1">Mitteilungseinstellungen</text>
      <target FeatureID="-1" href="MCE_HLP_SETTINGS.html">Mitteilungseinstellungen</target>
      <target FeatureID="-1" href="MCE_HLP_SETTINGS_GEN.html">Sonstige Einstellungen</target>
   </keywords>
   <keywords>
      <text FeatureID="-1">SMS-Einstellungen</text>
      <target FeatureID="-1" href="MCE_HLP_SETTINGS_SMS.html">Kurzmitteilungseinstellungen</target>
   </keywords>
   <keywords>
      <text FeatureID="-1">Kurzmitteilungseinstellungen</text>
      <target FeatureID="-1" href="MCE_HLP_SETTINGS_SMS.html">Kurzmitteilungseinstellungen</target>
      <target FeatureID="-1" href="SMS_HLP_SETTINGS_SCENTRES.html">Einstellungen für Kurzmitteilungszentralen</target>
      <target FeatureID="-1" href="SMS_HLP_SETTINGS_SCENTRES_EDIT.html">Mitteilungszentralen bearbeiten</target>
   </keywords>
   <keywords>
      <text FeatureID="-1">Mitteilungszentralen-Einstellungen</text>
      <target FeatureID="-1" href="SMS_HLP_SETTINGS_SCENTRES.html">Einstellungen für Kurzmitteilungszentralen</target>
      <target FeatureID="-1" href="SMS_HLP_SETTINGS_SCENTRES_EDIT.html">Mitteilungszentralen bearbeiten</target>
   </keywords>
   <keywords>
      <text FeatureID="-1">Einstellungen für SMS-Zentralen</text>
      <target FeatureID="-1" href="SMS_HLP_SETTINGS_SCENTRES.html">Einstellungen für Kurzmitteilungszentralen</target>
   </keywords>
   <keywords>
      <text FeatureID="true_1092">Kurzmitteilung per E-Mail</text>
      <target FeatureID="true_1092" href="SMS_HLP_SETTINGS_SMS_EMAIL.html">Einstellung für Kurzmitteilungs-E-Mails</target>
   </keywords>
   <keywords>
      <text FeatureID="true_1092">Einstellung für SMS-E-Mails</text>
      <target FeatureID="true_1092" href="SMS_HLP_SETTINGS_SMS_EMAIL.html">Einstellung für Kurzmitteilungs-E-Mails</target>
   </keywords>
   <keywords>
      <text FeatureID="-1">MMS-Einstellungen</text>
      <target FeatureID="-1" href="MCE_HLP_SETTINGS_MMS.html">Multimedia-Mitteilungseinstellungen</target>
   </keywords>
   <keywords>
      <text FeatureID="true_1090">Cell CBS-Einstellungen</text>
      <target FeatureID="true_1090" href="MCE_HLP_SETTINGS_CB.html">Nachrichteneinstellungen</target>
   </keywords>
   <keywords>
      <text FeatureID="-1">Eingang</text>
      <target FeatureID="-1" href="MCE_HLP_INBOX.html">Eingang</target>
   </keywords>
   <keywords>
      <text FeatureID="-1">Meine Ordner</text>
      <target FeatureID="-1" href="MCE_HLP_DOCUMENTS.html">Meine Ordner</target>
   </keywords>
   <keywords>
      <text FeatureID="-1">Mitteilungen speichern</text>
      <target FeatureID="-1" href="MCE_HLP_DOCUMENTS.html">Meine Ordner</target>
   </keywords>
   <keywords>
      <text FeatureID="-1">Vorlagen senden</text>
      <target FeatureID="-1" href="MCE_HLP_TEMPLATES.html">Mitteilungsvorlagen</target>
   </keywords>
   <keywords>
      <text FeatureID="-1">Mitteilungsvorlagen</text>
      <target FeatureID="-1" href="MCE_HLP_TEMPLATES.html">Mitteilungsvorlagen</target>
   </keywords>
   <keywords>
      <text FeatureID="-1">Mitteilungen organisieren</text>
      <target FeatureID="-1" href="MCE_HLP_FOLDER.html">Mitteilungen organisieren</target>
   </keywords>
   <keywords>
      <text FeatureID="-1">Mitteilungsentwürfe speichern</text>
      <target FeatureID="-1" href="MCE_HLP_DRAFTS.html">Entwürfe</target>
   </keywords>
   <keywords>
      <text FeatureID="-1">Mitteilungsentwürfe</text>
      <target FeatureID="-1" href="MCE_HLP_DRAFTS.html">Entwürfe</target>
   </keywords>
   <keywords>
      <text FeatureID="-1">Gesendete Mitteilungen</text>
      <target FeatureID="-1" href="MCE_HLP_SENT_ITEMS.html">Gesendete Mitteilungen</target>
   </keywords>
   <keywords>
      <text FeatureID="-1">Ausgang anzeigen</text>
      <target FeatureID="-1" href="MCE_HLP_OUTBOX.html">Ausgang</target>
   </keywords>
   <keywords>
      <text FeatureID="-1">Sendeberichte</text>
      <target FeatureID="-1" href="MCE_HLP_DELIVERY_REPORTS.html">Sendeberichte</target>
   </keywords>
   <keywords>
      <text FeatureID="true_1132">MMS-Benachrichtigungen</text>
      <target FeatureID="true_1132" href="MCE_HLP_MMS_NOTIFICATIONS.html">Multimedia-Benachrichtigungen</target>
   </keywords>
</keywords>