<?xml version="1.0" encoding="UTF-8"?>
<keywords>
   <keywords>
      <text FeatureID="-1">tjenestebeskedindstillinger</text>
      <target FeatureID="-1" href="WPUSH_HLP_SETTINGS.html">Tjenestebeskedindstillinger</target>
   </keywords>
   <keywords>
      <text FeatureID="-1">push-beskeder</text>
      <target FeatureID="-1" href="WPUSH_HLP_VIEWER.html">Få vist tjenestebeskeder</target>
   </keywords>
   <keywords>
      <text FeatureID="-1">tjenestebeskeder</text>
      <target FeatureID="-1" href="WPUSH_HLP_VIEWER.html">Få vist tjenestebeskeder</target>
   </keywords>
</keywords>