<?xml version="1.0" encoding="UTF-8"?>
<keywords>
   <keywords>
      <text FeatureID="-1">snimanje, zvuci</text>
      <target FeatureID="-1" href="VOREC_HLP_EMPTY_RECORDER.html">Snimanje audio snimaka</target>
   </keywords>
   <keywords>
      <text FeatureID="-1">diktafon</text>
      <target FeatureID="-1" href="VOREC_HLP_MAIN.html">Korišćenje diktafona</target>
   </keywords>
   <keywords>
      <text FeatureID="-1">snimanje audio snimaka</text>
      <target FeatureID="-1" href="VOREC_HLP_MAIN.html">Korišćenje diktafona</target>
   </keywords>
   <keywords>
      <text FeatureID="-1">podešavanja diktafona</text>
      <target FeatureID="-1" href="VOREC_HLP_SETTINGS.html">Podešavanja diktafona</target>
   </keywords>
</keywords>