<?xml version="1.0" encoding="UTF-8"?><?xml-stylesheet  href="../../theme/xsl/index2html.xslt" type="text/xsl"?>
<topics FeatureID="-1" title="Messagerie" compressed="true">
   <topicref FeatureID="-1" href="MCE_HLP_MESSAGING.html" navtitle="Centre de messagerie"/>
   <topicref FeatureID="-1" href="MCE_HLP_SIM.html" navtitle="Affichage de messages SIM"/>
   <topicref FeatureID="-1" href="MCE_HLP_SETTINGS.html" navtitle="Paramètres messagerie"/>
   <topicref FeatureID="-1" href="MCE_HLP_SETTINGS_SMS.html" navtitle="Paramètres mess. texte"/>
   <topicref FeatureID="-1" href="SMS_HLP_SETTINGS_SCENTRES.html" navtitle="Param. centre mess. texte"/>
   <topicref FeatureID="-1" href="SMS_HLP_SETTINGS_SCENTRES_EDIT.html" navtitle="Modifier ctres mess. texte"/>
   <topicref FeatureID="true_1092" href="SMS_HLP_SETTINGS_SMS_EMAIL.html" navtitle="Param. courr. mess. texte"/>
   <topicref FeatureID="-1" href="MCE_HLP_SETTINGS_MMS.html" navtitle="Param. mess. multimédias"/>
   <topicref FeatureID="true_1090" href="MCE_HLP_SETTINGS_CB.html" navtitle="Paramètres diffusion cell."/>
   <topicref FeatureID="-1" href="MCE_HLP_SETTINGS_GEN.html" navtitle="Autres paramètres"/>
   <topicref FeatureID="-1" href="MCE_HLP_INBOX.html" navtitle="Boîte de réception"/>
   <topicref FeatureID="-1" href="MCE_HLP_DOCUMENTS.html" navtitle="Mes dossiers"/>
   <topicref FeatureID="-1" href="MCE_HLP_TEMPLATES.html" navtitle="Modèles de messages"/>
   <topicref FeatureID="-1" href="MCE_HLP_FOLDER.html" navtitle="Classer les messages"/>
   <topicref FeatureID="-1" href="MCE_HLP_DRAFTS.html" navtitle="Projets"/>
   <topicref FeatureID="-1" href="MCE_HLP_SENT_ITEMS.html" navtitle="Messages envoyés"/>
   <topicref FeatureID="-1" href="MCE_HLP_OUTBOX.html" navtitle="Corbeille de départ"/>
   <topicref FeatureID="-1" href="MCE_HLP_DELIVERY_REPORTS.html" navtitle="Rapports de livraison"/>
   <topicref FeatureID="true_1132" href="MCE_HLP_MMS_NOTIFICATIONS.html" navtitle="Notifications multimédias"/>
   <topicref FeatureID="-1" href="FIND_HLP.html" navtitle="Rechercher des numéros et des adresses"/>
</topics>