<?xml version="1.0" encoding="UTF-8"?>
<keywords>
   <keywords>
      <text FeatureID="-1">envoi de messages</text>
      <target FeatureID="-1" href="MCE_HLP_MESSAGING.html">Centre de messagerie</target>
      <target FeatureID="-1" href="MCE_HLP_OUTBOX.html">Corbeille de départ</target>
   </keywords>
   <keywords>
      <text FeatureID="-1">recevoir des messages</text>
      <target FeatureID="-1" href="MCE_HLP_MESSAGING.html">Centre de messagerie</target>
      <target FeatureID="-1" href="MCE_HLP_INBOX.html">Boîte de réception</target>
   </keywords>
   <keywords>
      <text FeatureID="-1">messages SIM</text>
      <target FeatureID="-1" href="MCE_HLP_SIM.html">Affichage de messages SIM</target>
   </keywords>
   <keywords>
      <text FeatureID="-1">messages sur SIM</text>
      <target FeatureID="-1" href="MCE_HLP_SIM.html">Affichage de messages SIM</target>
   </keywords>
   <keywords>
      <text FeatureID="-1">paramètres messagerie</text>
      <target FeatureID="-1" href="MCE_HLP_SETTINGS.html">Paramètres messagerie</target>
      <target FeatureID="-1" href="MCE_HLP_SETTINGS_GEN.html">Autres paramètres</target>
   </keywords>
   <keywords>
      <text FeatureID="-1">paramètres SMS</text>
      <target FeatureID="-1" href="MCE_HLP_SETTINGS_SMS.html">Paramètres mess. texte</target>
   </keywords>
   <keywords>
      <text FeatureID="-1">paramètres mess. texte</text>
      <target FeatureID="-1" href="MCE_HLP_SETTINGS_SMS.html">Paramètres mess. texte</target>
      <target FeatureID="-1" href="SMS_HLP_SETTINGS_SCENTRES.html">Param. centre mess. texte</target>
      <target FeatureID="-1" href="SMS_HLP_SETTINGS_SCENTRES_EDIT.html">Modifier ctres mess. texte</target>
   </keywords>
   <keywords>
      <text FeatureID="-1">param. centre messagerie</text>
      <target FeatureID="-1" href="SMS_HLP_SETTINGS_SCENTRES.html">Param. centre mess. texte</target>
      <target FeatureID="-1" href="SMS_HLP_SETTINGS_SCENTRES_EDIT.html">Modifier ctres mess. texte</target>
   </keywords>
   <keywords>
      <text FeatureID="-1">paramètres centre SMS</text>
      <target FeatureID="-1" href="SMS_HLP_SETTINGS_SCENTRES.html">Param. centre mess. texte</target>
   </keywords>
   <keywords>
      <text FeatureID="true_1092">courriel mess. texte</text>
      <target FeatureID="true_1092" href="SMS_HLP_SETTINGS_SMS_EMAIL.html">Param. courr. mess. texte</target>
   </keywords>
   <keywords>
      <text FeatureID="true_1092">paramètres de courriel sms</text>
      <target FeatureID="true_1092" href="SMS_HLP_SETTINGS_SMS_EMAIL.html">Param. courr. mess. texte</target>
   </keywords>
   <keywords>
      <text FeatureID="-1">paramètres MMS</text>
      <target FeatureID="-1" href="MCE_HLP_SETTINGS_MMS.html">Param. mess. multimédias</target>
   </keywords>
   <keywords>
      <text FeatureID="true_1090">paramètres diffusion cell.</text>
      <target FeatureID="true_1090" href="MCE_HLP_SETTINGS_CB.html">Paramètres diffusion cell.</target>
   </keywords>
   <keywords>
      <text FeatureID="-1">boîte de réception</text>
      <target FeatureID="-1" href="MCE_HLP_INBOX.html">Boîte de réception</target>
   </keywords>
   <keywords>
      <text FeatureID="-1">mes dossiers</text>
      <target FeatureID="-1" href="MCE_HLP_DOCUMENTS.html">Mes dossiers</target>
   </keywords>
   <keywords>
      <text FeatureID="-1">enregistrer messages</text>
      <target FeatureID="-1" href="MCE_HLP_DOCUMENTS.html">Mes dossiers</target>
   </keywords>
   <keywords>
      <text FeatureID="-1">envoyer des modèles</text>
      <target FeatureID="-1" href="MCE_HLP_TEMPLATES.html">Modèles de messages</target>
   </keywords>
   <keywords>
      <text FeatureID="-1">modèles de messages</text>
      <target FeatureID="-1" href="MCE_HLP_TEMPLATES.html">Modèles de messages</target>
   </keywords>
   <keywords>
      <text FeatureID="-1">classer les messages</text>
      <target FeatureID="-1" href="MCE_HLP_FOLDER.html">Classer les messages</target>
   </keywords>
   <keywords>
      <text FeatureID="-1">enreg. brouil­lons de mess.</text>
      <target FeatureID="-1" href="MCE_HLP_DRAFTS.html">Projets</target>
   </keywords>
   <keywords>
      <text FeatureID="-1">messages brouillons</text>
      <target FeatureID="-1" href="MCE_HLP_DRAFTS.html">Projets</target>
   </keywords>
   <keywords>
      <text FeatureID="-1">messages envoyés</text>
      <target FeatureID="-1" href="MCE_HLP_SENT_ITEMS.html">Messages envoyés</target>
   </keywords>
   <keywords>
      <text FeatureID="-1">affichage corbeille de départ</text>
      <target FeatureID="-1" href="MCE_HLP_OUTBOX.html">Corbeille de départ</target>
   </keywords>
   <keywords>
      <text FeatureID="-1">rapports de livraison</text>
      <target FeatureID="-1" href="MCE_HLP_DELIVERY_REPORTS.html">Rapports de livraison</target>
   </keywords>
   <keywords>
      <text FeatureID="true_1132">Avis MMS</text>
      <target FeatureID="true_1132" href="MCE_HLP_MMS_NOTIFICATIONS.html">Notifications multimédias</target>
   </keywords>
   <keywords>
      <text FeatureID="-1">rechercher no téléphone</text>
      <target FeatureID="-1" href="FIND_HLP.html">Rechercher des numéros et des adresses</target>
   </keywords>
   <keywords>
      <text FeatureID="-1">rechercher des adresses</text>
      <target FeatureID="-1" href="FIND_HLP.html">Rechercher des numéros et des adresses</target>
   </keywords>
</keywords>