<?xml version="1.0" encoding="UTF-8"?>
<keywords>
   <keywords>
      <text FeatureID="-1">настройка режимов</text>
      <target FeatureID="-1" href="MODE_HLP_PERSONALISE.html">Настройка режимов</target>
   </keywords>
   <keywords>
      <text FeatureID="-1">параметры сигналов</text>
      <target FeatureID="-1" href="SET_HLP_PERSONAL_TONES.html">Параметры сигналов</target>
   </keywords>
   <keywords>
      <text FeatureID="-1">мелодии сигнала вызова</text>
      <target FeatureID="-1" href="SET_HLP_PERSONAL_TONES.html">Параметры сигналов</target>
   </keywords>
   <keywords>
      <text FeatureID="-1">режимы</text>
      <target FeatureID="-1" href="MODE_HLP_PROFILES_LIST.html">Режимы</target>
   </keywords>
   <keywords>
      <text FeatureID="-1">смена режимов</text>
      <target FeatureID="-1" href="MODE_HLP_PROFILES_LIST.html">Режимы</target>
   </keywords>
</keywords>