<?xml version="1.0" encoding="UTF-8"?>
<keywords>
   <keywords>
      <text FeatureID="true_410">połączenia, nawiązywanie</text>
      <target FeatureID="true_410" href="DIALER_HLP_MAIN.html">Nawiązywanie połączeń telefonicznych</target>
   </keywords>
   <keywords>
      <text FeatureID="-1">połączenia telefoniczne</text>
      <target FeatureID="-1" href="INCAL_HLP_CALL_HANDLING.html">Połączenia telefoniczne</target>
   </keywords>
   <keywords>
      <text FeatureID="-1">połączenia konferencyjne</text>
      <target FeatureID="-1" href="INCAL_HLP_CALL_HANDLING.html">Połączenia telefoniczne</target>
   </keywords>
   <keywords>
      <text FeatureID="-1">przełączanie połączeń</text>
      <target FeatureID="-1" href="INCAL_HLP_CALL_HANDLING.html">Połączenia telefoniczne</target>
   </keywords>
   <keywords>
      <text FeatureID="-1">telefon</text>
      <target FeatureID="-1" href="INCAL_HLP_CALL_HANDLING.html">Połączenia telefoniczne</target>
   </keywords>
   <keywords>
      <text FeatureID="true_410">Sygnały DTMF</text>
      <target FeatureID="true_410" href="DIALER_HLP_SEND_DTMF.html">Wysyłanie tonów DTMF</target>
   </keywords>
   <keywords>
      <text FeatureID="true_89">połączenia wideo</text>
      <target FeatureID="true_89" href="INCAL_HLP_VIDEO_CALL.html">Połączenia wideo</target>
   </keywords>
</keywords>