<?xml version="1.0" encoding="UTF-8"?>
<keywords>
   <keywords>
      <text FeatureID="-1">сообщения базовой станции</text>
      <target FeatureID="-1" href="CBS_HLP_TOPIC_VIEW.html">Сообщения базовой станции</target>
      <target FeatureID="-1" href="CBS_HLP_MAIN.html">Темы сообщений базовой станции</target>
      <target FeatureID="-1" href="CBS_HLP_MSG.html">Просмотр сообщений базовой станции</target>
   </keywords>
   <keywords>
      <text FeatureID="-1">темы сообщений базовой станции</text>
      <target FeatureID="-1" href="CBS_HLP_MAIN.html">Темы сообщений базовой станции</target>
   </keywords>
</keywords>