<?xml version="1.0" encoding="UTF-8"?>
<keywords>
   <keywords>
      <text FeatureID="-1">yer işareti kategorileri</text>
      <target FeatureID="-1" href="LM_HLP_LM_BY_CATEGORY.html">Yer işareti kategorileri</target>
      <target FeatureID="-1" href="LM_HLP_EDIT_CATEGORIES.html">Yer işareti kategorilerini düzenleme</target>
   </keywords>
   <keywords>
      <text FeatureID="-1">yer işaretleri</text>
      <target FeatureID="-1" href="LM_HLP_LM_BY_NAME.html">İsim görünümüne göre yer işaretleri</target>
      <target FeatureID="-1" href="LM_HLP_CATEGORY_CONTENTS.html">Kategoriler halinde yer işaretleri</target>
      <target FeatureID="-1" href="LM_HLP_LM_VIEWER.html">Ayrıntılı olarak yer işaretleri</target>
   </keywords>
   <keywords>
      <text FeatureID="-1">yer işaretlerini düzenleme</text>
      <target FeatureID="-1" href="LM_HLP_LM_EDITOR.html">Yer işaretini düzenleme</target>
   </keywords>
</keywords>