<?xml version="1.0" encoding="UTF-8"?>
<keywords>
   <keywords>
      <text FeatureID="-1">comandos de voz</text>
      <target FeatureID="true_72" href="HLP_VC_SIND_FOLDER.html">Vista de la aplic.</target>
      <target FeatureID="true_72" href="HLP_VC_SIND_MAIN.html">Uso comandos voz</target>
      <target FeatureID="-1" href="VCINFO_HLP_MAINVIEW.html">Para contactos</target>
   </keywords>
   <keywords>
      <text FeatureID="-1">configuraciones del comando de voz</text>
      <target FeatureID="-1" href="HLP_VC_SET.html">Config. comando voz</target>
   </keywords>
</keywords>