<?xml version="1.0" encoding="UTF-8"?>
<keywords>
   <keywords>
      <text FeatureID="-1">ustawienia konta e-mail</text>
      <target FeatureID="-1" href="FSE_HLP_IMS_SETTINGS_ACCT_INFO.html">Ustawienia konta e-mail</target>
   </keywords>
   <keywords>
      <text FeatureID="-1">zaawansowane ustawienia skrzynki pocztowej</text>
      <target FeatureID="-1" href="FSE_HLP_IMS_SETTINGS_ADVANCED.html">Zaawansowane ustawienia skrzynki pocztowej</target>
   </keywords>
   <keywords>
      <text FeatureID="-1">ust. skrz. pocztowych</text>
      <target FeatureID="-1" href="FSE_HLP_IMS_SETTINGS_MAILBOX.html">Ustawienia skrzynki pocztowej</target>
   </keywords>
   <keywords>
      <text FeatureID="-1">synchronizowana zawartość e-mail</text>
      <target FeatureID="-1" href="FSE_HLP_IMS_SETTINGS_WHAT_SYNC.html">Określ zawartość do synchronizacji</target>
   </keywords>
   <keywords>
      <text FeatureID="-1">czas synchronizacji poczty e-mail</text>
      <target FeatureID="-1" href="FSE_HLP_IMS_SETTINGS_WHEN_SYNC.html">Określ czas synchronizacji</target>
   </keywords>
   <keywords>
      <text FeatureID="-1">synchronizacja folderów e-mail</text>
      <target FeatureID="-1" href="FSE_HLP_IMS_SETTINGS_FOLDER.html">Synchronizacja folderów poczty e-mail</target>
   </keywords>
   <keywords>
      <text FeatureID="-1">ustawienia usługi e-mail</text>
      <target FeatureID="-1" href="FSE_HLP_SETTINGS_INTELL_LIST.html">Ustawienia usługi E-mail</target>
   </keywords>
   <keywords>
      <text FeatureID="-1">ustawienia poczty e-mail</text>
      <target FeatureID="-1" href="FSE_HLP_IMS_SETTINGS_MAIN_VIEW.html">Ustawienia e-mail</target>
   </keywords>
   <keywords>
      <text FeatureID="-1">Intellisync</text>
      <target FeatureID="-1" href="FSE_HLP_IMS_LAUNCHER_MAIN_VIEW.html">Intellisync e-mail</target>
   </keywords>
</keywords>