<?xml version="1.0" encoding="UTF-8"?>
<keywords>
   <keywords>
      <text FeatureID="-1">temas</text>
      <target FeatureID="-1" href="SKINS_HLP_LIST.html">Temas generales</target>
      <target FeatureID="-1" href="SCREENSAVER_HLP_WP_SETTINGS.html">Ajustes de papel tapiz de presentación de diapositivas</target>
      <target FeatureID="-1" href="SKINS_HLP_WP_SETTINGS.html">Ajustes de papel tapiz</target>
      <target FeatureID="true_1503" href="SKINS_HLP_CIMAGE_SETTINGS.html">Seleccionar imagen de llamada</target>
      <target FeatureID="-1" href="SKINS_HLP_APPSHELL.html">Ajustes de la vista de menú</target>
      <target FeatureID="-1" href="SKINS_HLP_APP_MAIN.html">Personalización de la pantalla</target>
      <target FeatureID="-1" href="SKINS_HLP_APPSKINS_LIST.html">Temas para aplicaciones</target>
   </keywords>
   <keywords>
      <text FeatureID="-1">papel tapiz de presentación de diapositivas</text>
      <target FeatureID="-1" href="SCREENSAVER_HLP_WP_SETTINGS.html">Ajustes de papel tapiz de presentación de diapositivas</target>
   </keywords>
   <keywords>
      <text FeatureID="-1">ajustes de presentación de diapositivas</text>
      <target FeatureID="-1" href="SCREENSAVER_HLP_WP_SETTINGS.html">Ajustes de papel tapiz de presentación de diapositivas</target>
   </keywords>
   <keywords>
      <text FeatureID="-1">ajustes de papel tapiz</text>
      <target FeatureID="-1" href="SKINS_HLP_WP_SETTINGS.html">Ajustes de papel tapiz</target>
   </keywords>
   <keywords>
      <text FeatureID="-1">imagen de fondo</text>
      <target FeatureID="-1" href="SKINS_HLP_WP_SETTINGS.html">Ajustes de papel tapiz</target>
      <target FeatureID="-1" href="SKINS_HLP_APP_MAIN.html">Personalización de la pantalla</target>
   </keywords>
   <keywords>
      <text FeatureID="-1">salvapantallas</text>
      <target FeatureID="-1" href="SKINS_HLP_SCREENS_SETTINGS.html">Ajustes de salvapantallas</target>
   </keywords>
   <keywords>
      <text FeatureID="true_1503">ajustes de imagen de llamada</text>
      <target FeatureID="true_1503" href="SKINS_HLP_CIMAGE_SETTINGS.html">Seleccionar imagen de llamada</target>
   </keywords>
   <keywords>
      <text FeatureID="-1">menús</text>
      <target FeatureID="-1" href="SKINS_HLP_APPSHELL.html">Ajustes de la vista de menú</target>
   </keywords>
</keywords>