<?xml version="1.0" encoding="UTF-8"?>
<keywords>
   <keywords>
      <text FeatureID="-1">stemme­kommandoer</text>
      <target FeatureID="true_72" href="HLP_VC_SIND_FOLDER.html">Programvisning</target>
      <target FeatureID="true_72" href="HLP_VC_SIND_MAIN.html">Stemme­kommandoer</target>
      <target FeatureID="-1" href="VCINFO_HLP_MAINVIEW.html">Til kontakter</target>
   </keywords>
   <keywords>
      <text FeatureID="-1">Stemmekode­indstillinger</text>
      <target FeatureID="-1" href="HLP_VC_SET.html">Stemmekode-indstillinger</target>
   </keywords>
</keywords>