<?xml version="1.0" encoding="UTF-8"?>
<keywords>
   <keywords>
      <text FeatureID="-1">bendras vaizdo įrašų naudojimas</text>
      <target FeatureID="true_208" href="MSH_HLP_LIVE.html">Tiesioginio vaizdo įrašo bendrinimas</target>
      <target FeatureID="-1" href="MSH_HLP_CLIP.html">Vaizdo įrašų bendrinimas</target>
      <target FeatureID="-1" href="MSH_HLP_SETTINGS.html">Vaizdo įrašų bendrinimo parametrai</target>
      <target FeatureID="-1" href="MSH_HLP_RECEIVE.html">Bendrintų vaizdo įrašų peržiūra</target>
   </keywords>
</keywords>