<?xml version="1.0" encoding="UTF-8"?>
<keywords>
   <keywords>
      <text FeatureID="-1">sertifikat otoritas</text>
      <target FeatureID="-1" href="CM_HLP_AUTHORITY.html">Sertifikat otoritas</target>
   </keywords>
   <keywords>
      <text FeatureID="-1">sertifikat</text>
      <target FeatureID="-1" href="CM_HLP_AUTHORITY.html">Sertifikat otoritas</target>
      <target FeatureID="-1" href="CM_HLP_DEVICE.html">Sertifikat perangkat</target>
      <target FeatureID="-1" href="CM_HLP_MAIN.html">Manajemen sertifikat</target>
      <target FeatureID="-1" href="CM_HLP_PERSONAL.html">Sertifikat pribadi</target>
      <target FeatureID="-1" href="CM_HLP_TRUSTED_SITE.html">Sertifikat situs terpercaya</target>
      <target FeatureID="-1" href="CM_HLP_TRUST_SETTINGS.html">Mengedit pengaturan trust</target>
   </keywords>
   <keywords>
      <text FeatureID="-1">sertifikat keamanan</text>
      <target FeatureID="-1" href="CM_HLP_AUTHORITY.html">Sertifikat otoritas</target>
      <target FeatureID="-1" href="CM_HLP_MAIN.html">Manajemen sertifikat</target>
   </keywords>
   <keywords>
      <text FeatureID="-1">sertifikat perangkat</text>
      <target FeatureID="-1" href="CM_HLP_DEVICE.html">Sertifikat perangkat</target>
   </keywords>
   <keywords>
      <text FeatureID="-1">sertifikat pribadi</text>
      <target FeatureID="-1" href="CM_HLP_PERSONAL.html">Sertifikat pribadi</target>
   </keywords>
   <keywords>
      <text FeatureID="-1">sertifikat situs terpercaya</text>
      <target FeatureID="-1" href="CM_HLP_TRUSTED_SITE.html">Sertifikat situs terpercaya</target>
   </keywords>
   <keywords>
      <text FeatureID="-1">pengaturan trust</text>
      <target FeatureID="-1" href="CM_HLP_TRUST_SETTINGS.html">Mengedit pengaturan trust</target>
   </keywords>
</keywords>