<?xml version="1.0" encoding="UTF-8"?>
<keywords>
   <keywords>
      <text FeatureID="true_410">trình quay số</text>
      <target FeatureID="true_410" href="DIALER_HLP_MAIN.html">Gọi điện thoại</target>
   </keywords>
   <keywords>
      <text FeatureID="true_410">gọi điện thoại</text>
      <target FeatureID="true_410" href="DIALER_HLP_MAIN.html">Gọi điện thoại</target>
   </keywords>
   <keywords>
      <text FeatureID="-1">gọi điện</text>
      <target FeatureID="-1" href="INCAL_HLP_CALL_HANDLING.html">Gọi điện</target>
   </keywords>
   <keywords>
      <text FeatureID="-1">cuộc gọi hội nghị</text>
      <target FeatureID="-1" href="INCAL_HLP_CALL_HANDLING.html">Gọi điện</target>
   </keywords>
   <keywords>
      <text FeatureID="-1">đổi cuộc gọi</text>
      <target FeatureID="-1" href="INCAL_HLP_CALL_HANDLING.html">Gọi điện</target>
   </keywords>
   <keywords>
      <text FeatureID="-1">điện thoại</text>
      <target FeatureID="-1" href="INCAL_HLP_CALL_HANDLING.html">Gọi điện</target>
   </keywords>
   <keywords>
      <text FeatureID="true_410">Âm DTMF</text>
      <target FeatureID="true_410" href="DIALER_HLP_SEND_DTMF.html">Gửi âm DTMF</target>
   </keywords>
   <keywords>
      <text FeatureID="true_89">cuộc gọi video</text>
      <target FeatureID="true_89" href="INCAL_HLP_VIDEO_CALL.html">Cuộc gọi video</target>
   </keywords>
</keywords>