<?xml version="1.0" encoding="UTF-8"?>
<keywords>
   <keywords>
      <text FeatureID="-1">ziņu sūtīšana</text>
      <target FeatureID="-1" href="UNIFIED_HLP_EDITOR.html">Ziņu izveide</target>
   </keywords>
   <keywords>
      <text FeatureID="-1">ziņu redaktors</text>
      <target FeatureID="-1" href="UNIFIED_HLP_EDITOR.html">Ziņu izveide</target>
   </keywords>
   <keywords>
      <text FeatureID="-1">ziņas</text>
      <target FeatureID="-1" href="UNIFIED_HLP_SENDING_OPTIONS.html">Sūtīšanas iespējas</target>
   </keywords>
   <keywords>
      <text FeatureID="-1">sūtīšanas iespējas</text>
      <target FeatureID="-1" href="UNIFIED_HLP_SENDING_OPTIONS.html">Sūtīšanas iespējas</target>
   </keywords>
   <keywords>
      <text FeatureID="-1">multivid. objekti</text>
      <target FeatureID="-1" href="UNIFIED_HLP_ED_OBJECTS.html">Saņemtie multivides objekti</target>
   </keywords>
   <keywords>
      <text FeatureID="-1">multivides objekti</text>
      <target FeatureID="-1" href="UNIFIED_HLP_ED_OBJECTS.html">Saņemtie multivides objekti</target>
   </keywords>
</keywords>