<?xml version="1.0" encoding="UTF-8"?>
<keywords>
   <keywords>
      <text FeatureID="true_1604">text input</text>
      <target FeatureID="true_1604" href="HWR_HLP_MAIN_VIEW.html">Reconeixement d’escriptura manual</target>
   </keywords>
   <keywords>
      <text FeatureID="true_1604">reconeixement d’escriptura manual</text>
      <target FeatureID="true_1604" href="HWR_HLP_MAIN_VIEW.html">Reconeixement d’escriptura manual</target>
   </keywords>
   <keywords>
      <text FeatureID="true_1603 true_410">entrada tàctil</text>
      <target FeatureID="true_1603" href="VQWERTY_HLP_MAIN_VIEW.html">Teclat virtual</target>
      <target FeatureID="true_410" href="VITU_HLP_MAIN_VIEW.html">Teclat virtual</target>
   </keywords>
   <keywords>
      <text FeatureID="true_410">teclat virtual</text>
      <target FeatureID="true_410" href="VITU_HLP_MAIN_VIEW.html">Teclat virtual</target>
   </keywords>
</keywords>