<?xml version="1.0" encoding="UTF-8"?>
<keywords>
   <keywords>
      <text FeatureID="-1">autorità, certificati</text>
      <target FeatureID="-1" href="CM_HLP_AUTHORITY.html">Certificati di autorità</target>
   </keywords>
   <keywords>
      <text FeatureID="-1">certificati</text>
      <target FeatureID="-1" href="CM_HLP_AUTHORITY.html">Certificati di autorità</target>
      <target FeatureID="-1" href="CM_HLP_DEVICE.html">Certificati dispositivi</target>
      <target FeatureID="-1" href="CM_HLP_MAIN.html">Gestione dei certificati</target>
      <target FeatureID="-1" href="CM_HLP_PERSONAL.html">Certificati personali</target>
      <target FeatureID="-1" href="CM_HLP_TRUSTED_SITE.html">Certificati siti attendibili</target>
      <target FeatureID="-1" href="CM_HLP_TRUST_SETTINGS.html">Impostazioni attendibilità</target>
   </keywords>
   <keywords>
      <text FeatureID="-1">protezione, certificati</text>
      <target FeatureID="-1" href="CM_HLP_AUTHORITY.html">Certificati di autorità</target>
      <target FeatureID="-1" href="CM_HLP_MAIN.html">Gestione dei certificati</target>
   </keywords>
   <keywords>
      <text FeatureID="-1">dispositivi, certificati</text>
      <target FeatureID="-1" href="CM_HLP_DEVICE.html">Certificati dispositivi</target>
   </keywords>
   <keywords>
      <text FeatureID="-1">personali, certificati</text>
      <target FeatureID="-1" href="CM_HLP_PERSONAL.html">Certificati personali</target>
   </keywords>
   <keywords>
      <text FeatureID="-1">siti attendibili, certificati</text>
      <target FeatureID="-1" href="CM_HLP_TRUSTED_SITE.html">Certificati siti attendibili</target>
   </keywords>
   <keywords>
      <text FeatureID="-1">attendibilità, impostazioni</text>
      <target FeatureID="-1" href="CM_HLP_TRUST_SETTINGS.html">Impostazioni attendibilità</target>
   </keywords>
</keywords>