<?xml version="1.0" encoding="UTF-8"?>
<keywords>
   <keywords>
      <text FeatureID="true_298">antwoordapparaat</text>
      <target FeatureID="true_298" href="SMSVO_HLP_CS_VIDEO_AND_XSP_VOIP.html">Oproep-, video- en internetoproepmailbox</target>
   </keywords>
   <keywords>
      <text FeatureID="true_298">internetoproepmailbox</text>
      <target FeatureID="true_298" href="SMSVO_HLP_CS_VIDEO_AND_XSP_VOIP.html">Oproep-, video- en internetoproepmailbox</target>
   </keywords>
   <keywords>
      <text FeatureID="true_298">oproepmailbox</text>
      <target FeatureID="true_298" href="SMSVO_HLP_CS_VIDEO_AND_XSP_VOIP.html">Oproep-, video- en internetoproepmailbox</target>
   </keywords>
   <keywords>
      <text FeatureID="-1">internetoproepen</text>
      <target FeatureID="-1" href="VOIP_HLP_CSC.html">Netw-instell.</target>
      <target FeatureID="true_298" href="VOIP_HLP_SERVCATALOG.html">Onderhoudscatalogus</target>
      <target FeatureID="-1" href="SERVTAB_HLP_SETTINGS.html">Instellingen service-tabblad</target>
   </keywords>
</keywords>