<?xml version="1.0" encoding="UTF-8"?>
<keywords>
   <keywords>
      <text FeatureID="-1">nastavitve, drsnik</text>
      <target FeatureID="-1" href="SET_HLP_SETTINGS_KEYPAD_COVER.html">Nastavitve upravljanja z drsnikom</target>
   </keywords>
   <keywords>
      <text FeatureID="-1">nastavitve drsnika</text>
      <target FeatureID="-1" href="SET_HLP_SETTINGS_KEYPAD_COVER.html">Nastavitve upravljanja z drsnikom</target>
   </keywords>
   <keywords>
      <text FeatureID="-1">upravljanje naprave</text>
      <target FeatureID="-1" href="CP_HLP_DEVICE_MANAGEMENT.html">Upravljanje naprave</target>
   </keywords>
   <keywords>
      <text FeatureID="true_109">EAP (Extensible authentication protocol – protokol razširljivega overjanja)</text>
      <target FeatureID="true_109" href="SET_HLP_WLAN_EAP_SIM.html">Nastavitve EAP-SIM</target>
   </keywords>
   <keywords>
      <text FeatureID="true_109">nastavitve, WLAN</text>
      <target FeatureID="true_109" href="SET_HLP_WLAN_EAP_SIM.html">Nastavitve EAP-SIM</target>
   </keywords>
   <keywords>
      <text FeatureID="-1">omejevanje dostopnih točk</text>
      <target FeatureID="-1" href="ACL_HLP_MAIN.html">Omejevanje povezav</target>
   </keywords>
   <keywords>
      <text FeatureID="-1">nastavitve povezav</text>
      <target FeatureID="-1" href="SIP_HLP_PROF_PARAMS.html">Nastavitve profila SIP</target>
      <target FeatureID="-1" href="SIP_HLP_MAIN.html">Profili SIP</target>
      <target FeatureID="-1" href="SET_HLP_CONN_DEST_VIEW.html">Ogled ciljev</target>
      <target FeatureID="-1" href="SET_HLP_DEFAULT_CONN.html">Privzeta povezava</target>
      <target FeatureID="-1" href="SET_HLP_CONN_METHODS_VIEW.html">Prikaz dostopnih točk</target>
      <target FeatureID="true_1581" href="RD_HLP_REMOTE_DRIVE_CONFIG.html">Nast. oddaljenega pogona</target>
      <target FeatureID="true_1581" href="RD_HLP_REMOTE_DRIVES.html">Oddaljeni pogoni</target>
   </keywords>
   <keywords>
      <text FeatureID="-1">nastavitve SIP</text>
      <target FeatureID="-1" href="SIP_HLP_PROF_PARAMS.html">Nastavitve profila SIP</target>
      <target FeatureID="-1" href="SIP_HLP_MAIN.html">Profili SIP</target>
      <target FeatureID="-1" href="SIP_HLP_PROXY_PARAMS.html">Nastavitve posredniškega strežnika SIP</target>
      <target FeatureID="-1" href="SIP_HLP_REGISTRAR_PARAM.html">Nast. registracijskega strež.</target>
   </keywords>
   <keywords>
      <text FeatureID="-1">registracijski strežnik</text>
      <target FeatureID="-1" href="SIP_HLP_REGISTRAR_PARAM.html">Nast. registracijskega strež.</target>
   </keywords>
   <keywords>
      <text FeatureID="-1">dostopne točke</text>
      <target FeatureID="-1" href="HLP_OCC_CONN_SETTINGS.html">Omrežne povezave</target>
      <target FeatureID="-1" href="SET_HLP_CONN_METHODS_VIEW.html">Prikaz dostopnih točk</target>
   </keywords>
   <keywords>
      <text FeatureID="-1">nastavitve, povezava</text>
      <target FeatureID="-1" href="HLP_OCC_CONN_SETTINGS.html">Omrežne povezave</target>
   </keywords>
   <keywords>
      <text FeatureID="-1">nastavitve ciljev</text>
      <target FeatureID="-1" href="SET_HLP_CONN_DEST_VIEW.html">Ogled ciljev</target>
   </keywords>
   <keywords>
      <text FeatureID="-1">privzeta povezava</text>
      <target FeatureID="-1" href="SET_HLP_DEFAULT_CONN.html">Privzeta povezava</target>
   </keywords>
   <keywords>
      <text FeatureID="true_99">dostopne točke VPN</text>
      <target FeatureID="true_99" href="SET_HLP_VPN_DEST_ASSOC_VIEW.html">Povezave VPN</target>
   </keywords>
   <keywords>
      <text FeatureID="-1">povezave aplikacij</text>
      <target FeatureID="-1" href="SET_HLP_APP_DEST_ASSOC_VIEW.html">Povezave aplikacij</target>
   </keywords>
   <keywords>
      <text FeatureID="-1">nastavitve aplikacije</text>
      <target FeatureID="-1" href="CP_HLP_APPILICATION_SETTINGS.html">Nastavitve aplikacije</target>
   </keywords>
   <keywords>
      <text FeatureID="-1">klici, nastavitve</text>
      <target FeatureID="-1" href="SCP_HLP_CALL.html">Klicne nastavitve</target>
   </keywords>
   <keywords>
      <text FeatureID="-1">nastavitve, klici</text>
      <target FeatureID="-1" href="SCP_HLP_CALL.html">Klicne nastavitve</target>
   </keywords>
   <keywords>
      <text FeatureID="-1">povezljivost</text>
      <target FeatureID="-1" href="CP_HLP_CONNECTIVITY.html">Nastavitve povezovanja</target>
   </keywords>
   <keywords>
      <text FeatureID="-1">nadzorna plošča</text>
      <target FeatureID="-1" href="CP_HLP_DISPLAY.html">Nastavitve zaslona</target>
      <target FeatureID="__DUAL_LANGUAGE_SUPPORT=true" href="CP_HLP_WRITING_LANGUAGE.html">Jezik pisanja</target>
   </keywords>
   <keywords>
      <text FeatureID="-1">nastavitve zaslona</text>
      <target FeatureID="-1" href="CP_HLP_DISPLAY.html">Nastavitve zaslona</target>
   </keywords>
   <keywords>
      <text FeatureID="-1">splošne nastavitve</text>
      <target FeatureID="-1" href="CP_HLP_DEVICE.html">Nastavitve naprave</target>
   </keywords>
   <keywords>
      <text FeatureID="-1">nastavitve naprave</text>
      <target FeatureID="-1" href="CP_HLP_DEVICE.html">Nastavitve naprave</target>
   </keywords>
   <keywords>
      <text FeatureID="-1">nastavitve jezika</text>
      <target FeatureID="-1" href="CP_HLP_LANGUAGE.html">Nastavitve jezika</target>
   </keywords>
   <keywords>
      <text FeatureID="-1">nastavitve</text>
      <target FeatureID="-1" href="CP_HLP_MAIN_VIEW.html">Nastavitve</target>
   </keywords>
   <keywords>
      <text FeatureID="-1">nastavitve omrežja</text>
      <target FeatureID="-1" href="CP_HLP_NETWORK.html">Nastavitve omrežja</target>
      <target FeatureID="-1" href="CP_HLP_NETWORK.html">Nastavitve omrežja</target>
   </keywords>
   <keywords>
      <text FeatureID="-1">profil</text>
      <target FeatureID="-1" href="CP_HLP_PERSONAL.html">Osebni pogled</target>
   </keywords>
   <keywords>
      <text FeatureID="-1">tema</text>
      <target FeatureID="-1" href="CP_HLP_PERSONAL.html">Osebni pogled</target>
   </keywords>
   <keywords>
      <text FeatureID="-1">stanje pripravljenosti</text>
      <target FeatureID="-1" href="CP_HLP_PERSONAL.html">Osebni pogled</target>
   </keywords>
   <keywords>
      <text FeatureID="-1">zaščita, nastavitve</text>
      <target FeatureID="-1" href="CP_HLP_SECURITY.html">Varnostne nastavitve</target>
   </keywords>
   <keywords>
      <text FeatureID="-1">nastavitve, zaščita</text>
      <target FeatureID="-1" href="CP_HLP_SECURITY.html">Varnostne nastavitve</target>
   </keywords>
   <keywords>
      <text FeatureID="-1">naprava, zaklepanje</text>
      <target FeatureID="-1" href="SET_HLP_SECURITY_DEVICE_SIM.html">Varnost naprave</target>
   </keywords>
   <keywords>
      <text FeatureID="-1">zaščita</text>
      <target FeatureID="-1" href="SET_HLP_SECURITY_DEVICE_SIM.html">Varnost naprave</target>
   </keywords>
   <keywords>
      <text FeatureID="__DUAL_LANGUAGE_SUPPORT=true">jezik pisanja</text>
      <target FeatureID="__DUAL_LANGUAGE_SUPPORT=true" href="CP_HLP_WRITING_LANGUAGE.html">Jezik pisanja</target>
   </keywords>
   <keywords>
      <text FeatureID="-1">nastavitve dodatne opreme</text>
      <target FeatureID="-1" href="SET_HLP_ACCESSORIES_LIST.html">Nastavitve dodatne opreme</target>
      <target FeatureID="-1" href="SET_HLP_ACCESSORIES_HEADPHONE.html">Nastavitve za slušalke</target>
      <target FeatureID="-1" href="SET_HLP_ACCESSORIES_HEADSET.html">Nast. za sluš. z mikrof.</target>
      <target FeatureID="-1" href="SET_HLP_ACCESS_WIRED_CK.html">Nast. žičnega avto. kompl.</target>
      <target FeatureID="true_1032" href="SET_HLP_ACCESSORIES_TTY.html">Nast. besedilnega telef.</target>
      <target FeatureID="true_1540" href="SET_HLP_ACCESSORIES_TVOUT.html">Nastavitve TV-izhoda</target>
   </keywords>
   <keywords>
      <text FeatureID="-1">dostopna točka za paketni prenos podatkov</text>
      <target FeatureID="-1" href="SET_HLP_AP_SETTING_GPRS.html">Dost. točka za paketni pr. pod.</target>
   </keywords>
   <keywords>
      <text FeatureID="-1">nastavitve za paketni prenos</text>
      <target FeatureID="-1" href="SET_HLP_AP_SETTING_GPRS_AS.html">Dod. nast. za pak. prenos</target>
   </keywords>
   <keywords>
      <text FeatureID="-1">dostopne točke za paketni prenos podatkov</text>
      <target FeatureID="-1" href="SET_HLP_AP_SETTING_GPRS_AS.html">Dod. nast. za pak. prenos</target>
   </keywords>
   <keywords>
      <text FeatureID="true_1088 true_110">dostopne točke podatkovnih klicev</text>
      <target FeatureID="true_110" href="SET_HLP_AP_DATA_AS_IPV4.html">Nast. pod. klicev IPv4</target>
      <target FeatureID="true_1088" href="SET_HLP_AP_DATA_AS_IPV6.html">Nast. podat. klicev IPv6</target>
      <target FeatureID="true_110" href="SET_HLP_AP_SETTING_DATA_AS.html">Dod. nast. podatk. klicev</target>
   </keywords>
   <keywords>
      <text FeatureID="true_110">nastavitve dostopne točke</text>
      <target FeatureID="true_110" href="SET_HLP_AP_SETTING_DATA.html">Dos. toč. podatkovnega klica</target>
      <target FeatureID="true_110" href="SET_HLP_AP_SETTING_DATA_AS.html">Dod. nast. podatk. klicev</target>
   </keywords>
   <keywords>
      <text FeatureID="true_110">nastavitve podatkovnih klicev</text>
      <target FeatureID="true_110" href="SET_HLP_AP_SETTING_DATA.html">Dos. toč. podatkovnega klica</target>
   </keywords>
   <keywords>
      <text FeatureID="-1">dostopne točke NZO</text>
      <target FeatureID="-1" href="SET_HLP_VPN_AP_SETTINGS_VIEW.html">Urejanje dostopnih točk NZO</target>
   </keywords>
   <keywords>
      <text FeatureID="-1">navidezno zasebno omrežje</text>
      <target FeatureID="-1" href="SET_HLP_VPN_AP_SETTINGS_VIEW.html">Urejanje dostopnih točk NZO</target>
   </keywords>
   <keywords>
      <text FeatureID="-1">zaklepanje</text>
      <target FeatureID="-1" href="CP_HLP_AUTOKEYGUARD.html">Samodejno zaklepanje</target>
   </keywords>
   <keywords>
      <text FeatureID="true_1581">oddaljeni pogoni</text>
      <target FeatureID="true_1581" href="RD_HLP_REMOTE_DRIVE_CONFIG.html">Nast. oddaljenega pogona</target>
      <target FeatureID="true_1581" href="RD_HLP_REMOTE_DRIVES.html">Oddaljeni pogoni</target>
   </keywords>
   <keywords>
      <text FeatureID="-1">zapora klicev</text>
      <target FeatureID="-1" href="SET_HLP_BARRING_SETTINGS.html">Zapora telef. klicev</target>
      <target FeatureID="-1" href="SET_HLP_BARRING_SETTINGS.html">Zapora telef. klicev</target>
      <target FeatureID="true_298" href="DIV_HLP_BARRING_MAIN.html">Zapora klicev</target>
      <target FeatureID="true_298" href="DIV_HLP_BARRING_MAIN.html">Zapora klicev</target>
   </keywords>
   <keywords>
      <text FeatureID="-1">preusmerjanje klicev</text>
      <target FeatureID="true_89" href="DIV_HLP_CALL_FORW_VID.html">Preusmerjanje video klicev</target>
      <target FeatureID="-1" href="DIV_HLP_CALL_FORW_MAIN.html">Preusmeritev klicev</target>
      <target FeatureID="-1" href="DIV_HLP_CALL_FORW_VOI.html">Preus. dohodnih klicev</target>
   </keywords>
   <keywords>
      <text FeatureID="-1">posredovanje klicev</text>
      <target FeatureID="-1" href="DIV_HLP_CALL_FORW_MAIN.html">Preusmeritev klicev</target>
   </keywords>
   <keywords>
      <text FeatureID="-1">nastavitve sinhronizacije</text>
      <target FeatureID="-1" href="CP_HLP_SYNCHRONISATION.html">Nastavitve sinhronizacije</target>
   </keywords>
   <keywords>
      <text FeatureID="-1">namestitev aplikacij</text>
      <target FeatureID="-1" href="CP_HLP_INSTALLATIONS.html">Namestitve</target>
   </keywords>
   <keywords>
      <text FeatureID="-1">nastavitve za slušalke</text>
      <target FeatureID="-1" href="SET_HLP_ACCESSORIES_HEADPHONE.html">Nastavitve za slušalke</target>
   </keywords>
   <keywords>
      <text FeatureID="-1">nastavitve za slušalke z mikrofonom</text>
      <target FeatureID="-1" href="SET_HLP_ACCESSORIES_HEADSET.html">Nast. za sluš. z mikrof.</target>
   </keywords>
   <keywords>
      <text FeatureID="-1">nastavitve žičnega avtomobilskega kompleta</text>
      <target FeatureID="-1" href="SET_HLP_ACCESS_WIRED_CK.html">Nast. žičnega avto. kompl.</target>
   </keywords>
   <keywords>
      <text FeatureID="-1">nastavitve avtomobilskega kompleta</text>
      <target FeatureID="-1" href="SET_HLP_ACCESS_WIRED_CK.html">Nast. žičnega avto. kompl.</target>
   </keywords>
   <keywords>
      <text FeatureID="-1">nastavitve glasbenega stojala</text>
      <target FeatureID="-1" href="SET_HLP_ACCESSORIES_MUSIC_ST.html">Nast. glasbenega stojala</target>
   </keywords>
   <keywords>
      <text FeatureID="true_1032">nastavitve TTY</text>
      <target FeatureID="true_1032" href="SET_HLP_ACCESSORIES_TTY.html">Nast. besedilnega telef.</target>
   </keywords>
   <keywords>
      <text FeatureID="true_1032">nastavitve TDD</text>
      <target FeatureID="true_1032" href="SET_HLP_ACCESSORIES_TTY.html">Nast. besedilnega telef.</target>
   </keywords>
   <keywords>
      <text FeatureID="true_1540">nastavitve TV-izhoda</text>
      <target FeatureID="true_1540" href="SET_HLP_ACCESSORIES_TVOUT.html">Nastavitve TV-izhoda</target>
   </keywords>
   <keywords>
      <text FeatureID="true_410">vnos besedila</text>
      <target FeatureID="true_410" href="PREDINPUT_HLP_VIRTUAL_ITI_SETTINGS.html">Nastavitve vnosa</target>
   </keywords>
   <keywords>
      <text FeatureID="-1">pametni vnos besedila</text>
      <target FeatureID="-1" href="PREDINPUT_HLP_VIRTUAL_ITI.html">Pametni vnos besedila</target>
   </keywords>
   <keywords>
      <text FeatureID="-1">nastavitve, obnovitev</text>
      <target FeatureID="-1" href="SET_HLP_GENERAL_ORIG_SET.html">Obnovitev izvirnih nastavitev</target>
   </keywords>
   <keywords>
      <text FeatureID="-1">obnovitev nastavitev</text>
      <target FeatureID="-1" href="SET_HLP_GENERAL_ORIG_SET.html">Obnovitev izvirnih nastavitev</target>
   </keywords>
   <keywords>
      <text FeatureID="-1">tovarniške nastavitve, obnovitev</text>
      <target FeatureID="-1" href="SET_HLP_GENERAL_ORIG_SET.html">Obnovitev izvirnih nastavitev</target>
   </keywords>
</keywords>