<?xml version="1.0" encoding="UTF-8"?>
<keywords>
   <keywords>
      <text FeatureID="-1">GPS podaci</text>
      <target FeatureID="-1" href="HLP_BLID_NAVIGATION.html">Prikaz Navigacije</target>
      <target FeatureID="false_112" href="BLID_HLP_WAYPOINTS.html">Spremljene lokacije</target>
      <target FeatureID="-1" href="HLP_BLID_TRIPMETER.html">Prikaz putne udaljenosti</target>
   </keywords>
   <keywords>
      <text FeatureID="-1">navigacija do odredišta</text>
      <target FeatureID="-1" href="HLP_BLID_NAVIGATION.html">Prikaz Navigacije</target>
   </keywords>
   <keywords>
      <text FeatureID="false_112">spremanje lokacija</text>
      <target FeatureID="false_112" href="BLID_HLP_WAYPOINTS.html">Spremljene lokacije</target>
   </keywords>
   <keywords>
      <text FeatureID="-1">postavke navigatora</text>
      <target FeatureID="-1" href="BLID_HLP_SETTINGS.html">Postavke GPS podataka</target>
   </keywords>
   <keywords>
      <text FeatureID="-1">Postavke GPS podataka</text>
      <target FeatureID="-1" href="BLID_HLP_SETTINGS.html">Postavke GPS podataka</target>
   </keywords>
   <keywords>
      <text FeatureID="-1">informacije o putu</text>
      <target FeatureID="-1" href="HLP_BLID_TRIPMETER.html">Prikaz putne udaljenosti</target>
   </keywords>
   <keywords>
      <text FeatureID="-1">informacije o putovanju</text>
      <target FeatureID="-1" href="HLP_BLID_TRIPMETER.html">Prikaz putne udaljenosti</target>
   </keywords>
</keywords>