<?xml version="1.0" encoding="UTF-8"?>
<keywords>
   <keywords>
      <text FeatureID="-1">Фотографии</text>
      <target FeatureID="-1" href="LGAL_HLP_ALBUM_LIST.html">Альбомы</target>
      <target FeatureID="-1" href="LGAL_HLP_DETAILS_VIEW.html">Просмотр и изменение сведений о файлах</target>
      <target FeatureID="-1" href="LGAL_HLP_TAGS_BROWSER.html">Метки</target>
      <target FeatureID="-1" href="LGAL_HLP_MONTH_FULLSCREEN.html">Просмотр мультимедийных файлов с сортировкой по месяцу</target>
      <target FeatureID="-1" href="LGAL_HLP_MONTH_GRID.html">Просмотр мультимедийных файлов с сортировкой по месяцу</target>
      <target FeatureID="-1" href="LGAL_HLP_VIEW_LIST.html">Фотографии</target>
      <target FeatureID="-1" href="LGAL_HLP_MONTH_LIST.html">Месяцы</target>
      <target FeatureID="-1" href="LGAL_HLP_SLIDESHOW_SETTINGS.html">Настройки слайд-шоу</target>
      <target FeatureID="-1" href="LGAL_HLP_ALL_FULLSCREEN.html">Просмотр всех мультимедийных файлов</target>
      <target FeatureID="-1" href="LGAL_HLP_ALBUM_FULLSCREEN.html">Просмотр мультимедийных файлов в альбомах</target>
      <target FeatureID="-1" href="LGAL_HLP_TAGS_FULLSCREEN.html">Просмотр мультимедийных файлов с метками</target>
   </keywords>
   <keywords>
      <text FeatureID="-1">альбомы</text>
      <target FeatureID="-1" href="LGAL_HLP_ALBUM_LIST.html">Альбомы</target>
      <target FeatureID="-1" href="LGAL_HLP_ALBUM_GRID.html">Просмотр мультимедийных файлов в альбомах</target>
      <target FeatureID="-1" href="LGAL_HLP_VIEW_LIST.html">Фотографии</target>
      <target FeatureID="-1" href="LGAL_HLP_ALBUM_FULLSCREEN.html">Просмотр мультимедийных файлов в альбомах</target>
   </keywords>
   <keywords>
      <text FeatureID="-1">фотографии</text>
      <target FeatureID="-1" href="LGAL_HLP_ALL_GRID.html">Просмотр всех мультимедийных файлов</target>
      <target FeatureID="-1" href="LGAL_HLP_ALBUM_GRID.html">Просмотр мультимедийных файлов в альбомах</target>
      <target FeatureID="-1" href="LGAL_HLP_TAGS_GRID.html">Просмотр мультимедийных файлов с метками</target>
   </keywords>
   <keywords>
      <text FeatureID="-1">метки</text>
      <target FeatureID="-1" href="LGAL_HLP_TAGS_GRID.html">Просмотр мультимедийных файлов с метками</target>
      <target FeatureID="-1" href="LGAL_HLP_TAGS_BROWSER.html">Метки</target>
      <target FeatureID="-1" href="LGAL_HLP_VIEW_LIST.html">Фотографии</target>
      <target FeatureID="-1" href="LGAL_HLP_TAGS_FULLSCREEN.html">Просмотр мультимедийных файлов с метками</target>
   </keywords>
   <keywords>
      <text FeatureID="-1">показ слайдов</text>
      <target FeatureID="-1" href="LGAL_HLP_SLIDESHOW_SETTINGS.html">Настройки слайд-шоу</target>
   </keywords>
</keywords>