<?xml version="1.0" encoding="UTF-8"?>
<keywords>
   <keywords>
      <text FeatureID="-1">курси обміну</text>
      <target FeatureID="-1" href="CNV_HLP_RATES.html">Установки валюти</target>
   </keywords>
   <keywords>
      <text FeatureID="-1">основна валюта</text>
      <target FeatureID="-1" href="CNV_HLP_RATES.html">Установки валюти</target>
   </keywords>
   <keywords>
      <text FeatureID="-1">конвертування валюти</text>
      <target FeatureID="-1" href="CNV_HLP_RATES.html">Установки валюти</target>
      <target FeatureID="-1" href="CNV_HLP_MAIN_STATE.html">Конвертування одиниць</target>
   </keywords>
   <keywords>
      <text FeatureID="-1">конвертер</text>
      <target FeatureID="-1" href="CNV_HLP_MAIN_STATE.html">Конвертування одиниць</target>
   </keywords>
</keywords>