<?xml version="1.0" encoding="UTF-8"?>
<keywords>
   <keywords>
      <text FeatureID="-1">peti mel panggilan</text>
      <target FeatureID="-1" href="SMSVO_HLP_MAIN_VIEW.html">Peti mel panggilan</target>
      <target FeatureID="true_298" href="SMSVO_HLP_CS_VIDEO_AND_XSP_VOIP.html">Peti mel panggilan, video dan panggilan internet</target>
   </keywords>
   <keywords>
      <text FeatureID="-1">mesin penjawab</text>
      <target FeatureID="-1" href="SMSVO_HLP_MAIN_VIEW.html">Peti mel panggilan</target>
      <target FeatureID="true_89" href="SMSVO_HLP_CS_AND_VIDEO.html">Peti mel panggilan dan video</target>
      <target FeatureID="true_298" href="SMSVO_HLP_CS_VIDEO_AND_XSP_VOIP.html">Peti mel panggilan, video dan panggilan internet</target>
   </keywords>
   <keywords>
      <text FeatureID="true_89">peti mel video</text>
      <target FeatureID="true_89" href="SMSVO_HLP_CS_AND_VIDEO.html">Peti mel panggilan dan video</target>
   </keywords>
   <keywords>
      <text FeatureID="true_298">peti mel panggilan internet</text>
      <target FeatureID="true_298" href="SMSVO_HLP_CS_VIDEO_AND_XSP_VOIP.html">Peti mel panggilan, video dan panggilan internet</target>
   </keywords>
</keywords>