<?xml version="1.0" encoding="UTF-8"?>
<keywords>
   <keywords>
      <text FeatureID="-1">paramètres des messages de services</text>
      <target FeatureID="-1" href="WPUSH_HLP_SETTINGS.html">Paramètres des messages de services</target>
   </keywords>
   <keywords>
      <text FeatureID="-1">messages push</text>
      <target FeatureID="-1" href="WPUSH_HLP_VIEWER.html">Afficher des messages de service</target>
   </keywords>
   <keywords>
      <text FeatureID="-1">messages de service</text>
      <target FeatureID="-1" href="WPUSH_HLP_VIEWER.html">Afficher des messages de service</target>
   </keywords>
</keywords>