<?xml version="1.0" encoding="UTF-8"?>
<keywords>
   <keywords>
      <text FeatureID="-1">управление устройством</text>
      <target FeatureID="-1" href="CP_HLP_DEVICE_MANAGEMENT.html">Управление устройством</target>
   </keywords>
   <keywords>
      <text FeatureID="true_109">EAP (расширенный протокол аутентификации)</text>
      <target FeatureID="true_109" href="SET_HLP_WLAN_EAP_SIM.html">Параметры EAP-SIM</target>
   </keywords>
   <keywords>
      <text FeatureID="true_109">настройки, WLAN</text>
      <target FeatureID="true_109" href="SET_HLP_WLAN_EAP_SIM.html">Параметры EAP-SIM</target>
   </keywords>
   <keywords>
      <text FeatureID="-1">ограничение точек доступа</text>
      <target FeatureID="-1" href="ACL_HLP_MAIN.html">Ограничение подключений</target>
   </keywords>
   <keywords>
      <text FeatureID="-1">параметры подключения</text>
      <target FeatureID="-1" href="SET_HLP_CONN_DEST_VIEW.html">Экран назначений</target>
      <target FeatureID="-1" href="SET_HLP_DEFAULT_CONN.html">Подключение по умолчанию</target>
      <target FeatureID="-1" href="SET_HLP_CONN_METHODS_VIEW.html">Экран точек доступа</target>
      <target FeatureID="true_1537" href="RD_HLP_REMOTE_DRIVE_CONFIG.html">Параметры удаленного накопителя</target>
      <target FeatureID="true_1537" href="RD_HLP_REMOTE_DRIVES.html">Удаленные накопители</target>
   </keywords>
   <keywords>
      <text FeatureID="-1">параметры назначения</text>
      <target FeatureID="-1" href="SET_HLP_CONN_DEST_VIEW.html">Экран назначений</target>
   </keywords>
   <keywords>
      <text FeatureID="-1">подключение по умолчанию</text>
      <target FeatureID="-1" href="SET_HLP_DEFAULT_CONN.html">Подключение по умолчанию</target>
   </keywords>
   <keywords>
      <text FeatureID="-1">точки доступа VPN</text>
      <target FeatureID="true_99" href="SET_HLP_VPN_DEST_ASSOC_VIEW.html">Подключения VPN</target>
      <target FeatureID="-1" href="SET_HLP_VPN_AP_SETTINGS_VIEW.html">Изменение точек доступа VPN</target>
   </keywords>
   <keywords>
      <text FeatureID="-1">точки доступа</text>
      <target FeatureID="-1" href="SET_HLP_CONN_METHODS_VIEW.html">Экран точек доступа</target>
   </keywords>
   <keywords>
      <text FeatureID="-1">подключение приложений</text>
      <target FeatureID="-1" href="SET_HLP_APP_DEST_ASSOC_VIEW.html">Подключение приложений</target>
   </keywords>
   <keywords>
      <text FeatureID="-1">параметры приложения</text>
      <target FeatureID="-1" href="CP_HLP_APPILICATION_SETTINGS.html">Параметры приложений</target>
   </keywords>
   <keywords>
      <text FeatureID="-1">вызовы, настройки</text>
      <target FeatureID="-1" href="SCP_HLP_CALL.html">Параметры вызовов</target>
   </keywords>
   <keywords>
      <text FeatureID="-1">настройки, вызовы</text>
      <target FeatureID="-1" href="SCP_HLP_CALL.html">Параметры вызовов</target>
   </keywords>
   <keywords>
      <text FeatureID="-1">связь</text>
      <target FeatureID="-1" href="CP_HLP_CONNECTIVITY.html">Настройки подключения</target>
   </keywords>
   <keywords>
      <text FeatureID="-1">панель управления</text>
      <target FeatureID="-1" href="CP_HLP_DISPLAY.html">Параметры экрана</target>
      <target FeatureID="-1" href="CP_HLP_IDLE.html">Главный экран</target>
      <target FeatureID="__DUAL_LANGUAGE_SUPPORT=true" href="CP_HLP_WRITING_LANGUAGE.html">Язык ввода</target>
   </keywords>
   <keywords>
      <text FeatureID="-1">параметры экрана</text>
      <target FeatureID="-1" href="CP_HLP_DISPLAY.html">Параметры экрана</target>
   </keywords>
   <keywords>
      <text FeatureID="-1">общие параметры</text>
      <target FeatureID="-1" href="CP_HLP_DEVICE.html">Настройки устройства</target>
   </keywords>
   <keywords>
      <text FeatureID="-1">параметры устройства</text>
      <target FeatureID="-1" href="CP_HLP_DEVICE.html">Настройки устройства</target>
   </keywords>
   <keywords>
      <text FeatureID="-1">язык, настройка</text>
      <target FeatureID="-1" href="CP_HLP_LANGUAGE.html">Настройка языка</target>
   </keywords>
   <keywords>
      <text FeatureID="-1">параметры</text>
      <target FeatureID="-1" href="CP_HLP_MAIN_VIEW.html">Настройки</target>
   </keywords>
   <keywords>
      <text FeatureID="-1">параметры сети</text>
      <target FeatureID="-1" href="CP_HLP_NETWORK.html">Параметры сети</target>
      <target FeatureID="-1" href="CP_HLP_NETWORK.html">Параметры сети</target>
   </keywords>
   <keywords>
      <text FeatureID="-1">режим</text>
      <target FeatureID="-1" href="CP_HLP_PERSONAL.html">Перс. настр. вида</target>
   </keywords>
   <keywords>
      <text FeatureID="-1">тема</text>
      <target FeatureID="-1" href="CP_HLP_PERSONAL.html">Перс. настр. вида</target>
   </keywords>
   <keywords>
      <text FeatureID="-1">режим ожидания</text>
      <target FeatureID="-1" href="CP_HLP_PERSONAL.html">Перс. настр. вида</target>
   </keywords>
   <keywords>
      <text FeatureID="-1">защита, настройки</text>
      <target FeatureID="-1" href="CP_HLP_SECURITY.html">Параметры защиты</target>
   </keywords>
   <keywords>
      <text FeatureID="-1">настройки, защита</text>
      <target FeatureID="-1" href="CP_HLP_SECURITY.html">Параметры защиты</target>
   </keywords>
   <keywords>
      <text FeatureID="-1">устройство, блокировка</text>
      <target FeatureID="-1" href="SET_HLP_SECURITY_DEVICE_SIM.html">Защита устройства</target>
   </keywords>
   <keywords>
      <text FeatureID="-1">защита</text>
      <target FeatureID="-1" href="SET_HLP_SECURITY_DEVICE_SIM.html">Защита устройства</target>
   </keywords>
   <keywords>
      <text FeatureID="-1">настройки главного экрана</text>
      <target FeatureID="-1" href="CP_HLP_IDLE.html">Главный экран</target>
   </keywords>
   <keywords>
      <text FeatureID="__DUAL_LANGUAGE_SUPPORT=true">язык ввода</text>
      <target FeatureID="__DUAL_LANGUAGE_SUPPORT=true" href="CP_HLP_WRITING_LANGUAGE.html">Язык ввода</target>
   </keywords>
   <keywords>
      <text FeatureID="-1">индикатор уведомления</text>
      <target FeatureID="-1" href="ES_HLP_LIGHT_MAIN.html">Индикатор уведомления</target>
      <target FeatureID="-1" href="ES_HLP_LIGHT_BLINKING.html">Настройки индикатора уведомления</target>
   </keywords>
   <keywords>
      <text FeatureID="-1">настройки аксессуаров</text>
      <target FeatureID="-1" href="SET_HLP_ACCESSORIES_LIST.html">Настройки аксессуаров</target>
      <target FeatureID="-1" href="SET_HLP_ACCESSORIES_HEADPHONE.html">Параметры наушников</target>
      <target FeatureID="-1" href="SET_HLP_ACCESSORIES_HEADSET.html">Параметры минигарнитуры</target>
      <target FeatureID="-1" href="SET_HLP_ACCESS_WIRED_CK.html">Параметры стационарного автомобильного комплекта</target>
      <target FeatureID="true_1032" href="SET_HLP_ACCESSORIES_TTY.html">Параметры TTY</target>
      <target FeatureID="true_1540" href="SET_HLP_ACCESSORIES_TVOUT.html">Параметры ТВ-выхода</target>
   </keywords>
   <keywords>
      <text FeatureID="-1">точка доступа пакетной передачи данных</text>
      <target FeatureID="-1" href="SET_HLP_AP_SETTING_GPRS.html">Точка доступа пакетной передачи данных</target>
   </keywords>
   <keywords>
      <text FeatureID="-1">параметры пакетной передачи</text>
      <target FeatureID="-1" href="SET_HLP_AP_SETTING_GPRS_AS.html">Дополнительные параметры пакетной передачи</target>
   </keywords>
   <keywords>
      <text FeatureID="-1">точки доступа для передачи данных в пакетном режиме</text>
      <target FeatureID="-1" href="SET_HLP_AP_SETTING_GPRS_AS.html">Дополнительные параметры пакетной передачи</target>
   </keywords>
   <keywords>
      <text FeatureID="true_1088 true_110">точка доступа для передачи данных</text>
      <target FeatureID="true_110" href="SET_HLP_AP_DATA_AS_IPV4.html">Параметры передачи IPv4</target>
      <target FeatureID="true_1088" href="SET_HLP_AP_DATA_AS_IPV6.html">Параметры передачи IPv6</target>
      <target FeatureID="true_110" href="SET_HLP_AP_SETTING_DATA_AS.html">Дополнительные параметры вызова в режиме передачи данных</target>
   </keywords>
   <keywords>
      <text FeatureID="true_110">настройки точки доступа</text>
      <target FeatureID="true_110" href="SET_HLP_AP_SETTING_DATA.html">Точка доступа вызова в режиме передачи данных</target>
      <target FeatureID="true_110" href="SET_HLP_AP_SETTING_DATA_AS.html">Дополнительные параметры вызова в режиме передачи данных</target>
   </keywords>
   <keywords>
      <text FeatureID="true_110">параметры вызова в режиме передачи данных</text>
      <target FeatureID="true_110" href="SET_HLP_AP_SETTING_DATA.html">Точка доступа вызова в режиме передачи данных</target>
   </keywords>
   <keywords>
      <text FeatureID="-1">виртуальная частная сеть</text>
      <target FeatureID="-1" href="SET_HLP_VPN_AP_SETTINGS_VIEW.html">Изменение точек доступа VPN</target>
   </keywords>
   <keywords>
      <text FeatureID="-1">блокировка клавиш</text>
      <target FeatureID="-1" href="CP_HLP_AUTOKEYGUARD.html">Автоматическая блокировка клавиш</target>
   </keywords>
   <keywords>
      <text FeatureID="true_1537">удаленные накопители</text>
      <target FeatureID="true_1537" href="RD_HLP_REMOTE_DRIVE_CONFIG.html">Параметры удаленного накопителя</target>
      <target FeatureID="true_1537" href="RD_HLP_REMOTE_DRIVES.html">Удаленные накопители</target>
   </keywords>
   <keywords>
      <text FeatureID="-1">запрет вызовов</text>
      <target FeatureID="-1" href="SET_HLP_BARRING_SETTINGS.html">Запрет телефонных вызовов</target>
      <target FeatureID="true_298" href="DIV_HLP_BARRING_MAIN.html">Запрет вызовов</target>
   </keywords>
   <keywords>
      <text FeatureID="-1">вызовы, запрет</text>
      <target FeatureID="-1" href="SET_HLP_BARRING_SETTINGS.html">Запрет телефонных вызовов</target>
      <target FeatureID="true_298" href="DIV_HLP_BARRING_MAIN.html">Запрет вызовов</target>
   </keywords>
   <keywords>
      <text FeatureID="-1">переадр. выз.</text>
      <target FeatureID="-1" href="DIV_HLP_CALL_FORW_MAIN.html">Переадресация</target>
      <target FeatureID="-1" href="DIV_HLP_CALL_FORW_VOI.html">Переадресация голосовых вызовов</target>
   </keywords>
   <keywords>
      <text FeatureID="-1">пересылка вызовов</text>
      <target FeatureID="-1" href="DIV_HLP_CALL_FORW_MAIN.html">Переадресация</target>
   </keywords>
   <keywords>
      <text FeatureID="-1">настройки синхронизации</text>
      <target FeatureID="-1" href="CP_HLP_SYNCHRONISATION.html">Параметры синхронизации</target>
   </keywords>
   <keywords>
      <text FeatureID="-1">установка приложений</text>
      <target FeatureID="-1" href="CP_HLP_INSTALLATIONS.html">Установки</target>
   </keywords>
   <keywords>
      <text FeatureID="-1">параметры наушников</text>
      <target FeatureID="-1" href="SET_HLP_ACCESSORIES_HEADPHONE.html">Параметры наушников</target>
   </keywords>
   <keywords>
      <text FeatureID="-1">параметры минигарнитуры</text>
      <target FeatureID="-1" href="SET_HLP_ACCESSORIES_HEADSET.html">Параметры минигарнитуры</target>
   </keywords>
   <keywords>
      <text FeatureID="-1">параметры стационарного автомобильного комплекта</text>
      <target FeatureID="-1" href="SET_HLP_ACCESS_WIRED_CK.html">Параметры стационарного автомобильного комплекта</target>
   </keywords>
   <keywords>
      <text FeatureID="-1">параметры автомобильного комплекта</text>
      <target FeatureID="-1" href="SET_HLP_ACCESS_WIRED_CK.html">Параметры стационарного автомобильного комплекта</target>
   </keywords>
   <keywords>
      <text FeatureID="-1">параметры музыкальной подставки</text>
      <target FeatureID="-1" href="SET_HLP_ACCESSORIES_MUSIC_ST.html">Параметры музыкальной подставки</target>
   </keywords>
   <keywords>
      <text FeatureID="true_1032">параметры TTY</text>
      <target FeatureID="true_1032" href="SET_HLP_ACCESSORIES_TTY.html">Параметры TTY</target>
   </keywords>
   <keywords>
      <text FeatureID="true_1032">настройки TDD</text>
      <target FeatureID="true_1032" href="SET_HLP_ACCESSORIES_TTY.html">Параметры TTY</target>
   </keywords>
   <keywords>
      <text FeatureID="true_1540">параметры ТВ-выхода</text>
      <target FeatureID="true_1540" href="SET_HLP_ACCESSORIES_TVOUT.html">Параметры ТВ-выхода</target>
   </keywords>
</keywords>