<?xml version="1.0" encoding="UTF-8"?>
<keywords>
   <keywords>
      <text FeatureID="-1">inställningar för servicemeddelanden</text>
      <target FeatureID="-1" href="WPUSH_HLP_SETTINGS.html">Inställningar för servicemeddelanden</target>
   </keywords>
   <keywords>
      <text FeatureID="-1">push-meddelanden</text>
      <target FeatureID="-1" href="WPUSH_HLP_VIEWER.html">Visa tjänstmeddelanden</target>
   </keywords>
   <keywords>
      <text FeatureID="-1">tjänstmeddelanden</text>
      <target FeatureID="-1" href="WPUSH_HLP_VIEWER.html">Visa tjänstmeddelanden</target>
   </keywords>
</keywords>