<?xml version="1.0" encoding="UTF-8"?>
<keywords>
   <keywords>
      <text FeatureID="-1">sincronización</text>
      <target FeatureID="-1" href="OTASYNCBU_HLP_MAIN.html">Sincronización Ovi</target>
   </keywords>
   <keywords>
      <text FeatureID="-1">Sincronización Ovi</text>
      <target FeatureID="-1" href="OTASYNCBU_HLP_MAIN.html">Sincronización Ovi</target>
      <target FeatureID="-1" href="OTASYNCBU_HLP_SETTINGS.html">Ajustes de Sincronización Ovi</target>
   </keywords>
</keywords>