<?xml version="1.0" encoding="UTF-8"?>
<keywords>
   <keywords>
      <text FeatureID="-1">relógio, alarmes</text>
      <target FeatureID="-1" href="CLK_HLP_ALARM_EDITOR.html">Editor de alarmes do relógio</target>
      <target FeatureID="-1" href="CLK_HLP_REAL_TIME_CLOCK_IN.html">Tela principal do relógio</target>
   </keywords>
   <keywords>
      <text FeatureID="-1">despertador</text>
      <target FeatureID="-1" href="CLK_HLP_ALARM_EDITOR.html">Editor de alarmes do relógio</target>
      <target FeatureID="-1" href="CLK_HLP_REAL_TIME_CLOCK_IN.html">Tela principal do relógio</target>
   </keywords>
   <keywords>
      <text FeatureID="-1">relógio</text>
      <target FeatureID="-1" href="CLK_HLP_CNTDWN.html">Contador regressivo</target>
      <target FeatureID="-1" href="CLK_HLP_WRLD_CLK.html">Horário mundial</target>
   </keywords>
   <keywords>
      <text FeatureID="-1">contadores</text>
      <target FeatureID="-1" href="CLK_HLP_CNTDWN.html">Contador regressivo</target>
   </keywords>
   <keywords>
      <text FeatureID="-1">configs. de data e hora</text>
      <target FeatureID="-1" href="CLK_HLP_SETTINGS.html">Configs. de data e hora</target>
   </keywords>
   <keywords>
      <text FeatureID="-1">configs. relógio</text>
      <target FeatureID="-1" href="CLK_HLP_SETTINGS.html">Configs. de data e hora</target>
   </keywords>
   <keywords>
      <text FeatureID="-1">relógio, fusos horários</text>
      <target FeatureID="-1" href="CLK_HLP_REAL_TIME_CLOCK_AN.html">Hora local</target>
   </keywords>
   <keywords>
      <text FeatureID="-1">hora local e fuso horário</text>
      <target FeatureID="-1" href="CLK_HLP_REAL_TIME_CLOCK_AN.html">Hora local</target>
   </keywords>
   <keywords>
      <text FeatureID="-1">cronômetro</text>
      <target FeatureID="-1" href="CCLK_HLP_STPWTCH.html">Cronômetro</target>
   </keywords>
   <keywords>
      <text FeatureID="-1">relógios de cidades</text>
      <target FeatureID="-1" href="CLK_HLP_WRLD_CLK.html">Horário mundial</target>
   </keywords>
   <keywords>
      <text FeatureID="-1">horário mundial</text>
      <target FeatureID="-1" href="CLK_HLP_WRLD_CLK.html">Horário mundial</target>
   </keywords>
</keywords>