<?xml version="1.0" encoding="UTF-8"?>
<keywords>
   <keywords>
      <text FeatureID="-1">tematy dźwiękowe</text>
      <target FeatureID="-1" href="AUDIOTHEME_HLP_EVENTGROUPS.html">Zmien. tem. dźwięk.</target>
      <target FeatureID="-1" href="SET_HLP_AUDIO_THEME_EVENTSLIST.html">Dźwięki zdarzeń urządzenia</target>
   </keywords>
   <keywords>
      <text FeatureID="-1">personaliz. urządzenia</text>
      <target FeatureID="-1" href="AUDIOTHEME_HLP_EVENTGROUPS.html">Zmien. tem. dźwięk.</target>
      <target FeatureID="-1" href="SET_HLP_AUDIO_THEME_EVENTSLIST.html">Dźwięki zdarzeń urządzenia</target>
   </keywords>
   <keywords>
      <text FeatureID="-1">dźwięki urządzenia</text>
      <target FeatureID="-1" href="AUDIOTHEME_HLP_EVENTGROUPS.html">Zmien. tem. dźwięk.</target>
      <target FeatureID="-1" href="SET_HLP_AUDIO_THEME_EVENTSLIST.html">Dźwięki zdarzeń urządzenia</target>
   </keywords>
</keywords>