<?xml version="1.0" encoding="UTF-8"?>
<keywords>
   <keywords>
      <text FeatureID="true_410">composiz. numer.</text>
      <target FeatureID="true_410" href="DIALER_HLP_MAIN.html">Effettuare chiamate</target>
   </keywords>
   <keywords>
      <text FeatureID="true_410">effettuare chiamate</text>
      <target FeatureID="true_410" href="DIALER_HLP_MAIN.html">Effettuare chiamate</target>
   </keywords>
   <keywords>
      <text FeatureID="-1">chiamate</text>
      <target FeatureID="-1" href="INCAL_HLP_CALL_HANDLING.html">Chiamate</target>
   </keywords>
   <keywords>
      <text FeatureID="-1">conferenze</text>
      <target FeatureID="-1" href="INCAL_HLP_CALL_HANDLING.html">Chiamate</target>
   </keywords>
   <keywords>
      <text FeatureID="-1">alternare le chiamate</text>
      <target FeatureID="-1" href="INCAL_HLP_CALL_HANDLING.html">Chiamate</target>
   </keywords>
   <keywords>
      <text FeatureID="-1">telefono</text>
      <target FeatureID="-1" href="INCAL_HLP_CALL_HANDLING.html">Chiamate</target>
   </keywords>
   <keywords>
      <text FeatureID="true_410">Toni DTMF</text>
      <target FeatureID="true_410" href="DIALER_HLP_SEND_DTMF.html">Inviare toni DTMF</target>
   </keywords>
   <keywords>
      <text FeatureID="true_89">chiamate video</text>
      <target FeatureID="true_89" href="INCAL_HLP_VIDEO_CALL.html">Chiamate video</target>
   </keywords>
</keywords>