<?xml version="1.0" encoding="UTF-8"?>
<keywords>
   <keywords>
      <text FeatureID="-1">Schermata iniziale</text>
      <target FeatureID="-1" href="SET_HLP_HOME_SCREEN.html">Schermata iniziale</target>
      <target FeatureID="-1" href="SET_HLP_HOME_SCREEN_EDIT.html">Modificare la schermata iniziale</target>
   </keywords>
   <keywords>
      <text FeatureID="-1">widget</text>
      <target FeatureID="-1" href="WM_HLP_WIDGET_COLLECTION.html">Catalogo dei widget</target>
   </keywords>
</keywords>