<?xml version="1.0" encoding="UTF-8"?>
<keywords>
   <keywords>
      <text FeatureID="true_11008 false_11008">laitteen rekisteröinti</text>
      <target FeatureID="true_11008" href="DRM_HLP_REGISTRATION_METERING.html">Laitteen rekisteröinti</target>
      <target FeatureID="false_11008" href="DRM_HLP_REGISTRATION.html">Laitteen rekisteröinti</target>
   </keywords>
   <keywords>
      <text FeatureID="true_11008">äänettömien oikeuksien haku</text>
      <target FeatureID="true_11008" href="DRM_HLP_REGISTRATION_METERING.html">Laitteen rekisteröinti</target>
   </keywords>
   <keywords>
      <text FeatureID="true_11008">mittaus</text>
      <target FeatureID="true_11008" href="DRM_HLP_REGISTRATION_METERING.html">Laitteen rekisteröinti</target>
   </keywords>
</keywords>