<?xml version="1.0" encoding="UTF-8"?>
<keywords>
   <keywords>
      <text FeatureID="true_298">automat. sekretarka</text>
      <target FeatureID="true_298" href="SMSVO_HLP_CS_VIDEO_AND_XSP_VOIP.html">Skrz. poczty poł. głosowych, wideo oraz internet.</target>
   </keywords>
   <keywords>
      <text FeatureID="true_298">skrzynka poczty połączeń internetowych</text>
      <target FeatureID="true_298" href="SMSVO_HLP_CS_VIDEO_AND_XSP_VOIP.html">Skrz. poczty poł. głosowych, wideo oraz internet.</target>
   </keywords>
   <keywords>
      <text FeatureID="true_298">skrz. poczt. połącz.</text>
      <target FeatureID="true_298" href="SMSVO_HLP_CS_VIDEO_AND_XSP_VOIP.html">Skrz. poczty poł. głosowych, wideo oraz internet.</target>
   </keywords>
   <keywords>
      <text FeatureID="-1">połączenia internetowe</text>
      <target FeatureID="-1" href="VOIP_HLP_CSC.html">Ustawienia sieci</target>
      <target FeatureID="true_298" href="VOIP_HLP_SERVCATALOG.html">Katalog usług</target>
      <target FeatureID="-1" href="SERVTAB_HLP_SETTINGS.html">Ustawienia Karty usługi</target>
   </keywords>
</keywords>