<?xml version="1.0" encoding="UTF-8"?>
<keywords>
   <keywords>
      <text FeatureID="-1">Quickoffice, gerenciador de arquivos</text>
      <target FeatureID="-1" href="QFM_HLP_FILE_MENU.html">Gerenciador de arquivos</target>
   </keywords>
   <keywords>
      <text FeatureID="-1">Quickoffice</text>
      <target FeatureID="-1" href="QFM_HLP_LOC_MENU.html">Quickoffice</target>
   </keywords>
   <keywords>
      <text FeatureID="-1">Quickpoint, localizar texto</text>
      <target FeatureID="-1" href="QPOINT_HLP_FIND_VIEW.html">Localizar texto na estrutura de tópicos</target>
   </keywords>
   <keywords>
      <text FeatureID="-1">Quickpoint, notas</text>
      <target FeatureID="-1" href="QPOINT_HLP_VIEW_NOTES_VIEW.html">Ver notas</target>
   </keywords>
   <keywords>
      <text FeatureID="-1">Quickpoint, estruturas de tópicos</text>
      <target FeatureID="-1" href="QPOINT_HLP_VIEW_OUTLINE_VIEW.html">Ver estruturas de tópicos</target>
   </keywords>
   <keywords>
      <text FeatureID="-1">Quickpoint</text>
      <target FeatureID="-1" href="QPOINT_HLP_VIEW_SLIDE_VIEW.html">Ver slides</target>
   </keywords>
   <keywords>
      <text FeatureID="-1">Quicksheet, localizar texto</text>
      <target FeatureID="-1" href="QSHEET_HLP_FIND_VIEW.html">Localizar texto em uma planilha</target>
   </keywords>
   <keywords>
      <text FeatureID="-1">Quicksheet, células</text>
      <target FeatureID="-1" href="QSHEET_HLP_VIEW_CELL.html">Ver células</target>
   </keywords>
   <keywords>
      <text FeatureID="-1">Quickword, localizar texto</text>
      <target FeatureID="-1" href="QWORD_HLP_FIND_MODE.html">Localizar texto</target>
   </keywords>
   <keywords>
      <text FeatureID="-1">Quickword</text>
      <target FeatureID="-1" href="QWORD_HLP_VIEW_MODE.html">Ver documentos</target>
   </keywords>
   <keywords>
      <text FeatureID="-1">Quickword, layout da página</text>
      <target FeatureID="-1" href="QWORD_HLP_PAGE_VIEW.html">Ver layout da página</target>
   </keywords>
</keywords>