<?xml version="1.0" encoding="UTF-8"?>
<keywords>
   <keywords>
      <text FeatureID="-1">Quickoffice, gerenciador de arquivos</text>
      <target FeatureID="-1" href="QFM_HLP_FILE_MENU.html">Gerenciador de arquivos</target>
   </keywords>
   <keywords>
      <text FeatureID="-1">Quickoffice</text>
      <target FeatureID="-1" href="QFM_HLP_LOC_MENU.html">Quickoffice</target>
   </keywords>
   <keywords>
      <text FeatureID="-1">Quickpoint</text>
      <target FeatureID="-1" href="QPOINT_HLP_EDIT_SLIDE_VIEW.html">Editar slides</target>
      <target FeatureID="-1" href="QPOINT_HLP_REPLACE_VIEW.html">Localizar e substituir texto</target>
      <target FeatureID="-1" href="QPOINT_HLP_FIND_VIEW.html">Localizar texto</target>
      <target FeatureID="-1" href="QPOINT_HLP_VIEW_SLIDE_VIEW.html">Ver slides</target>
   </keywords>
   <keywords>
      <text FeatureID="-1">Quickpoint, texto</text>
      <target FeatureID="-1" href="QPOINT_HLP_EDIT_TEXT_VIEW.html">Editar texto</target>
   </keywords>
   <keywords>
      <text FeatureID="-1">Quickpoint, comentários</text>
      <target FeatureID="-1" href="QPOINT_HLP_COMMENT_VIEW.html">Ver comentários</target>
   </keywords>
   <keywords>
      <text FeatureID="-1">Quickpoint, notas</text>
      <target FeatureID="-1" href="QPOINT_HLP_VIEW_NOTES_VIEW.html">Ver notas</target>
   </keywords>
   <keywords>
      <text FeatureID="-1">Quickpoint, estruturas de tópicos</text>
      <target FeatureID="-1" href="QPOINT_HLP_VIEW_OUTLINE_VIEW.html">Ver estruturas de tópicos</target>
   </keywords>
   <keywords>
      <text FeatureID="-1">Quicksheet, células</text>
      <target FeatureID="-1" href="QSHEET_HLP_CELLS_EDIT.html">Editar células</target>
      <target FeatureID="-1" href="QSHEET_HLP_VIEW_CELL.html">Ver células</target>
   </keywords>
   <keywords>
      <text FeatureID="-1">Quicksheet, colunas</text>
      <target FeatureID="-1" href="QSHEET_HLP_EDIT_COLUMN.html">Editar colunas</target>
   </keywords>
   <keywords>
      <text FeatureID="-1">Quicksheet, intervalos</text>
      <target FeatureID="-1" href="QSHEET_HLP_EDIT_RANGE.html">Editar intervalos</target>
   </keywords>
   <keywords>
      <text FeatureID="-1">Quicksheet, linhas</text>
      <target FeatureID="-1" href="QSHEET_HLP_EDIT_ROW.html">Editar linhas</target>
   </keywords>
   <keywords>
      <text FeatureID="-1">Quicksheet</text>
      <target FeatureID="-1" href="QSHEET_HLP_REPLACE_VIEW.html">Localizar e substituir texto</target>
      <target FeatureID="-1" href="QSHEET_HLP_FIND_VIEW.html">Localizar texto</target>
      <target FeatureID="-1" href="QSHEET_HLP_CELLS_VIEW.html">Ver planilhas</target>
   </keywords>
   <keywords>
      <text FeatureID="-1">Quickword</text>
      <target FeatureID="-1" href="QWORD_HLP_EDIT_MODE.html">Editar documentos</target>
      <target FeatureID="-1" href="QWORD_HLP_FIND_MODE.html">Localizar e substituir texto</target>
      <target FeatureID="-1" href="QWORD_HLP_VIEW_MODE.html">Ver documentos</target>
      <target FeatureID="-1" href="QWORD_HLP_PAGE_VIEW.html">Ver layout da página</target>
   </keywords>
</keywords>