<?xml version="1.0" encoding="UTF-8"?>
<keywords>
   <keywords>
      <text FeatureID="-1">VPN (mạng riêng ảo)</text>
      <target FeatureID="-1" href="SET_HLP_VPN_LOG_VIEW.html">Nhật ký VPN</target>
      <target FeatureID="-1" href="SET_HLP_VPN_CONFIG_MAIN.html">Quản lý VPN</target>
      <target FeatureID="-1" href="SET_HLP_VPN_POLICY_VIEW.html">Các chính sách VPN</target>
      <target FeatureID="-1" href="SET_HLP_VPN_POLICY_SERVERS.html">Các máy chủ chính sách VPN</target>
      <target FeatureID="-1" href="SET_HLP_VPN_POLICY_SERVER_SET.html">Cài đặt máy chủ VPN</target>
   </keywords>
</keywords>