<?xml version="1.0" encoding="UTF-8"?>
<keywords>
   <keywords>
      <text FeatureID="-1">edición de imaxes</text>
      <target FeatureID="-1" href="SIE_HLP_MAIN.html">Edición de imaxes</target>
   </keywords>
   <keywords>
      <text FeatureID="-1">edición de texto</text>
      <target FeatureID="-1" href="SIE_HLP_EDIT_TEXT.html">Editar texto en imaxes</target>
   </keywords>
   <keywords>
      <text FeatureID="-1">editor de imaxe</text>
      <target FeatureID="-1" href="SIE_HLP_EDIT_TEXT.html">Editar texto en imaxes</target>
   </keywords>
   <keywords>
      <text FeatureID="-1">edición de imaxes ampliadas ou reducidas</text>
      <target FeatureID="-1" href="SIE_HLP_ZOOMING.html">Editar imaxes ampliadas ou reducidas</target>
   </keywords>
   <keywords>
      <text FeatureID="-1">ampliación ou redución de imaxes</text>
      <target FeatureID="-1" href="SIE_HLP_ZOOMING.html">Editar imaxes ampliadas ou reducidas</target>
   </keywords>
   <keywords>
      <text FeatureID="-1">edición de clips de arte</text>
      <target FeatureID="-1" href="SIE_HLP_EDIT_CLIPART.html">Editar clips de arte</target>
   </keywords>
   <keywords>
      <text FeatureID="-1">edición de viñeta falante</text>
      <target FeatureID="-1" href="SIE_HLP_EDIT_CLIPART.html">Editar clips de arte</target>
   </keywords>
   <keywords>
      <text FeatureID="-1">efecto redución ollos vermellos</text>
      <target FeatureID="-1" href="SIE_HLP_REDEYE.html">Efecto redución ollos vermellos</target>
   </keywords>
</keywords>