<?xml version="1.0" encoding="UTF-8"?>
<keywords>
   <keywords>
      <text FeatureID="-1">efni til samnýtingar</text>
      <target FeatureID="-1" href="UPNP_HLP_SHARE_CONTENT.html">Efni valið til samnýtingar</target>
   </keywords>
   <keywords>
      <text FeatureID="-1">home media</text>
      <target FeatureID="-1" href="UPNP_HLP_SHARE_CONTENT.html">Efni valið til samnýtingar</target>
      <target FeatureID="-1" href="UPNP_HLP_SHARING_PROP.html">Stillingar fyrir samnýtingu</target>
      <target FeatureID="-1" href="UPNP_HLP_MAIN_VIEW.html">Heimakerfi</target>
      <target FeatureID="-1" href="UPNP_HLP_MAIN_EXTERNAL.html">Heimatæki</target>
      <target FeatureID="-1" href="UPNP_HLP_CONTENT_VIEW.html">Skrár heimakerfis</target>
      <target FeatureID="-1" href="UPNP_HLP_REMOTE_DEVICES.html">Möppur heimakerfis</target>
      <target FeatureID="-1" href="UPNP_HLP_SEARCH.html">Leitarniðurstöður</target>
   </keywords>
   <keywords>
      <text FeatureID="-1">myndir og myndskeið samnýtt</text>
      <target FeatureID="-1" href="UPNP_HLP_SHARE_CONTENT.html">Efni valið til samnýtingar</target>
   </keywords>
   <keywords>
      <text FeatureID="-1">samnýting skráa</text>
      <target FeatureID="-1" href="UPNP_HLP_SHARING_PROP.html">Stillingar fyrir samnýtingu</target>
      <target FeatureID="-1" href="UPNP_HLP_MAIN_VIEW.html">Heimakerfi</target>
      <target FeatureID="-1" href="UPNP_HLP_MAIN_EXTERNAL.html">Heimatæki</target>
      <target FeatureID="-1" href="UPNP_HLP_CONTENT_VIEW.html">Skrár heimakerfis</target>
      <target FeatureID="-1" href="UPNP_HLP_REMOTE_DEVICES.html">Möppur heimakerfis</target>
      <target FeatureID="-1" href="UPNP_HLP_SEARCH.html">Leitarniðurstöður</target>
   </keywords>
   <keywords>
      <text FeatureID="-1">skoða skrár á ytra tæki</text>
      <target FeatureID="-1" href="UPNP_HLP_SHARING_PROP.html">Stillingar fyrir samnýtingu</target>
      <target FeatureID="-1" href="UPNP_HLP_MAIN_VIEW.html">Heimakerfi</target>
      <target FeatureID="-1" href="UPNP_HLP_MAIN_EXTERNAL.html">Heimatæki</target>
      <target FeatureID="-1" href="UPNP_HLP_CONTENT_VIEW.html">Skrár heimakerfis</target>
      <target FeatureID="-1" href="UPNP_HLP_REMOTE_DEVICES.html">Möppur heimakerfis</target>
      <target FeatureID="-1" href="UPNP_HLP_SEARCH.html">Leitarniðurstöður</target>
   </keywords>
   <keywords>
      <text FeatureID="-1">eiginleikar samnýtingar</text>
      <target FeatureID="-1" href="UPNP_HLP_SHARING_PROP.html">Stillingar fyrir samnýtingu</target>
   </keywords>
</keywords>