<?xml version="1.0" encoding="UTF-8"?>
<keywords>
   <keywords>
      <text FeatureID="-1">kamera</text>
      <target FeatureID="-1" href="LCAM_HLP_VIEWFINDER_PHOTO.html">Mengambil foto</target>
      <target FeatureID="-1" href="LCAM_HLP_LIGHT_SENSITIVITY.html">Mengubah kepekaan cahaya</target>
      <target FeatureID="-1" href="LCAM_HLP_SETTINGS_PHOUSER.html">Menentukan pemandangan</target>
      <target FeatureID="-1" href="LCAM_HLP_SCENES_PHOTO.html">Pemandangan foto</target>
      <target FeatureID="-1" href="LCAM_HLP_VIEWFINDER_VIDEO.html">Merekam klip video</target>
      <target FeatureID="-1" href="LCAM_HLP_SCENES_VIDEO.html">Pemandangan video</target>
      <target FeatureID="-1" href="LCAM_HLP_VIEWFINDER_VIDEO_EM.html">Video dalam aplikasi</target>
      <target FeatureID="-1" href="LCAM_HLP_STANDBY_EM.html">Kamera tidak aktif</target>
      <target FeatureID="-1" href="LCAM_HLP_POST_VIDEO.html">Memutar klip video</target>
      <target FeatureID="-1" href="LCAM_HLP_POST_PHOTO.html">Melihat foto yang diambil</target>
   </keywords>
   <keywords>
      <text FeatureID="-1">mengambil foto</text>
      <target FeatureID="-1" href="LCAM_HLP_VIEWFINDER_PHOTO.html">Mengambil foto</target>
   </keywords>
   <keywords>
      <text FeatureID="-1">kepekaan cahaya</text>
      <target FeatureID="-1" href="LCAM_HLP_LIGHT_SENSITIVITY.html">Mengubah kepekaan cahaya</target>
   </keywords>
   <keywords>
      <text FeatureID="-1">pemandangan</text>
      <target FeatureID="-1" href="LCAM_HLP_SETTINGS_PHOUSER.html">Menentukan pemandangan</target>
      <target FeatureID="-1" href="LCAM_HLP_SCENES_PHOTO.html">Pemandangan foto</target>
   </keywords>
   <keywords>
      <text FeatureID="-1">pengaturan kamera</text>
      <target FeatureID="-1" href="LCAM_HLP_SETTINGS.html">Pengaturan kamera</target>
   </keywords>
   <keywords>
      <text FeatureID="-1">kamera, pengaturan</text>
      <target FeatureID="-1" href="LCAM_HLP_SETTINGS_PHOTO.html">Pengaturan foto</target>
      <target FeatureID="-1" href="LCAM_HLP_SETTINGS_VIDEO.html">Pengaturan video</target>
   </keywords>
   <keywords>
      <text FeatureID="-1">merekam video</text>
      <target FeatureID="-1" href="LCAM_HLP_VIEWFINDER_VIDEO.html">Merekam klip video</target>
   </keywords>
   <keywords>
      <text FeatureID="-1">pemandangan video</text>
      <target FeatureID="-1" href="LCAM_HLP_SCENES_VIDEO.html">Pemandangan video</target>
   </keywords>
   <keywords>
      <text FeatureID="-1">video, pengaturan</text>
      <target FeatureID="-1" href="LCAM_HLP_SETTINGS_VIDEO.html">Pengaturan video</target>
   </keywords>
   <keywords>
      <text FeatureID="-1">klip video dalam aplikasi</text>
      <target FeatureID="-1" href="LCAM_HLP_VIEWFINDER_VIDEO_EM.html">Video dalam aplikasi</target>
   </keywords>
   <keywords>
      <text FeatureID="-1">memutar klip video</text>
      <target FeatureID="-1" href="LCAM_HLP_POST_VIDEO.html">Memutar klip video</target>
   </keywords>
   <keywords>
      <text FeatureID="-1">kamera dalam aplikasi</text>
      <target FeatureID="-1" href="LCAM_HLP_VIEWFINDER_PHOTO_EM.html">Foto dalam aplikasi</target>
   </keywords>
   <keywords>
      <text FeatureID="-1">melihat foto</text>
      <target FeatureID="-1" href="LCAM_HLP_POST_PHOTO.html">Melihat foto yang diambil</target>
   </keywords>
</keywords>