<?xml version="1.0" encoding="UTF-8"?>
<keywords>
   <keywords>
      <text FeatureID="-1">muusikakaust</text>
      <target FeatureID="-1" href="MUS_HLP_MUSIC_SUITE_VIEW.html">Muusikakaust</target>
   </keywords>
   <keywords>
      <text FeatureID="-1">pleier</text>
      <target FeatureID="-1" href="MUS_HLP_TRACKS_VIEW.html">Lood</target>
      <target FeatureID="-1" href="MUS_HLP_CATEGORY_VIEW.html">Muusika kategooriad</target>
      <target FeatureID="-1" href="MUS_HLP_PODCAST_MAIN_VIEW.html">Taskuhäälingusaated</target>
      <target FeatureID="-1" href="MUS_HLP_PODCAST_EPISODES.html">Taskuhäälingusaatelõigud</target>
      <target FeatureID="-1" href="MUS_HLP_PLAYLISTS_VIEW.html">Muusika esitusloendid</target>
      <target FeatureID="-1" href="MUS_HLP_DOWNLOAD_PLAYBACK_VIEW.html">Muusika esitamine veebist</target>
      <target FeatureID="-1" href="MUS_HLP_PLAYBACK_VIEW.html">Muusika esitamine</target>
      <target FeatureID="-1" href="MUS_HLP_LIB_MAIN_VIEW.html">Muusikakogu</target>
      <target FeatureID="-1" href="MUS_HLP_METADATA_EDITING.html">Loo andmete muutmine</target>
      <target FeatureID="-1" href="MUS_HLP_ALBUM_ART_EDITING.html">Albumi kaanepildi muutmine</target>
      <target FeatureID="-1" href="MUS_HLP_AUDIO_SETT.html">Heli seaded</target>
   </keywords>
   <keywords>
      <text FeatureID="-1">taskuhääling</text>
      <target FeatureID="-1" href="MUS_HLP_PODCAST_MAIN_VIEW.html">Taskuhäälingusaated</target>
      <target FeatureID="-1" href="MUS_HLP_PODCAST_EPISODES.html">Taskuhäälingusaatelõigud</target>
   </keywords>
   <keywords>
      <text FeatureID="-1">esitusloendid</text>
      <target FeatureID="-1" href="MUS_HLP_PLAYLISTS_VIEW.html">Muusika esitusloendid</target>
   </keywords>
   <keywords>
      <text FeatureID="-1">albumi kaanepilt</text>
      <target FeatureID="-1" href="MUS_HLP_ALBUM_ART_EDITING.html">Albumi kaanepildi muutmine</target>
   </keywords>
   <keywords>
      <text FeatureID="-1">bassivõimendi</text>
      <target FeatureID="-1" href="MUS_HLP_AUDIO_SETT.html">Heli seaded</target>
   </keywords>
   <keywords>
      <text FeatureID="-1">stereoefekt</text>
      <target FeatureID="-1" href="MUS_HLP_AUDIO_SETT.html">Heli seaded</target>
   </keywords>
</keywords>