<?xml version="1.0" encoding="UTF-8"?>
<keywords>
   <keywords>
      <text FeatureID="-1">GPS verisi</text>
      <target FeatureID="-1" href="HLP_BLID_NAVIGATION.html">Navigasyon görünümü</target>
      <target FeatureID="false_112" href="BLID_HLP_WAYPOINTS.html">Kayıtlı yerler</target>
      <target FeatureID="-1" href="HLP_BLID_TRIPMETER.html">Yolculuk mesafesi görünümü</target>
   </keywords>
   <keywords>
      <text FeatureID="-1">varış noktasına gitme</text>
      <target FeatureID="-1" href="HLP_BLID_NAVIGATION.html">Navigasyon görünümü</target>
   </keywords>
   <keywords>
      <text FeatureID="false_112">yerleri kaydetme</text>
      <target FeatureID="false_112" href="BLID_HLP_WAYPOINTS.html">Kayıtlı yerler</target>
   </keywords>
   <keywords>
      <text FeatureID="-1">navigatör ayarları</text>
      <target FeatureID="-1" href="BLID_HLP_SETTINGS.html">GPS verisi ayarları</target>
   </keywords>
   <keywords>
      <text FeatureID="-1">GPS verisi ayarları</text>
      <target FeatureID="-1" href="BLID_HLP_SETTINGS.html">GPS verisi ayarları</target>
   </keywords>
   <keywords>
      <text FeatureID="-1">yolculuk bilgileri</text>
      <target FeatureID="-1" href="HLP_BLID_TRIPMETER.html">Yolculuk mesafesi görünümü</target>
   </keywords>
   <keywords>
      <text FeatureID="-1">seyahat bilgileri</text>
      <target FeatureID="-1" href="HLP_BLID_TRIPMETER.html">Yolculuk mesafesi görünümü</target>
   </keywords>
</keywords>