<?xml version="1.0" encoding="UTF-8"?>
<keywords>
   <keywords>
      <text FeatureID="-1">изпращане на съобщения</text>
      <target FeatureID="-1" href="UNIFIED_HLP_EDITOR.html">Създаване на съобщ.</target>
   </keywords>
   <keywords>
      <text FeatureID="-1">редактор на съобщ.</text>
      <target FeatureID="-1" href="UNIFIED_HLP_EDITOR.html">Създаване на съобщ.</target>
   </keywords>
   <keywords>
      <text FeatureID="-1">съобщения</text>
      <target FeatureID="-1" href="UNIFIED_HLP_SENDING_OPTIONS.html">Опции за изпращане</target>
   </keywords>
   <keywords>
      <text FeatureID="-1">опции за изпращане</text>
      <target FeatureID="-1" href="UNIFIED_HLP_SENDING_OPTIONS.html">Опции за изпращане</target>
   </keywords>
   <keywords>
      <text FeatureID="-1">медийни обекти</text>
      <target FeatureID="-1" href="UNIFIED_HLP_ED_OBJECTS.html">Получени мед. обекти</target>
   </keywords>
   <keywords>
      <text FeatureID="-1">мултим. обекти</text>
      <target FeatureID="-1" href="UNIFIED_HLP_ED_OBJECTS.html">Получени мед. обекти</target>
   </keywords>
</keywords>