<?xml version="1.0" encoding="UTF-8"?>
<keywords>
   <keywords>
      <text FeatureID="-1">מנהל התקנים</text>
      <target FeatureID="-1" href="DM_HLP_MAIN_VIEW.html">תוכנת ההתקן</target>
      <target FeatureID="-1" href="FOTA_HLP_SETTINGS.html">הגדרות של עדכוני תוכנה</target>
      <target FeatureID="-1" href="DM_HLP_SETTINGS.html">הגדרות פרופיל שרת</target>
      <target FeatureID="-1" href="DM_HLP_SERVERS_VIEW.html">הגדרת תצורה מרחוק</target>
   </keywords>
   <keywords>
      <text FeatureID="-1">הגדרות תצורה</text>
      <target FeatureID="-1" href="DM_HLP_MAIN_VIEW.html">תוכנת ההתקן</target>
   </keywords>
   <keywords>
      <text FeatureID="-1">הגדרות של עדכוני תוכנה</text>
      <target FeatureID="-1" href="FOTA_HLP_SETTINGS.html">הגדרות של עדכוני תוכנה</target>
   </keywords>
   <keywords>
      <text FeatureID="-1">הגדרות פרופיל שרת</text>
      <target FeatureID="-1" href="DM_HLP_SETTINGS.html">הגדרות פרופיל שרת</target>
   </keywords>
   <keywords>
      <text FeatureID="-1">הגדרת תצורה מרחוק</text>
      <target FeatureID="-1" href="DM_HLP_SERVERS_VIEW.html">הגדרת תצורה מרחוק</target>
   </keywords>
</keywords>