<?xml version="1.0" encoding="UTF-8"?>
<keywords>
   <keywords>
      <text FeatureID="-1">dešifrování, paměťová karta</text>
      <target FeatureID="-1" href="ES_HLP_ENCRYPTION_DECRYPT.html">Dešifrování paměťové karty</target>
   </keywords>
   <keywords>
      <text FeatureID="-1">šifrování, paměťová karta</text>
      <target FeatureID="-1" href="ES_HLP_ENCRYPTION_ENCRYPT.html">Zašifrování paměťové karty</target>
   </keywords>
   <keywords>
      <text FeatureID="-1">šifrování, paměť přístroje a paměťová karta</text>
      <target FeatureID="-1" href="ES_HLP_ENCRYPTION_MAIN.html">Šifrování a dešifrování</target>
   </keywords>
   <keywords>
      <text FeatureID="-1">dešifrování, paměť přístroje a paměťová karta</text>
      <target FeatureID="-1" href="ES_HLP_ENCRYPTION_MAIN.html">Šifrování a dešifrování</target>
   </keywords>
</keywords>