<?xml version="1.0" encoding="UTF-8"?>
<keywords>
   <keywords>
      <text FeatureID="-1">mengedit nota</text>
      <target FeatureID="-1" href="NMAKE_HLP_MEMO_VIEWER_EDIT.html">Edit nota dalam apilikasi</target>
   </keywords>
   <keywords>
      <text FeatureID="-1">menerima nota</text>
      <target FeatureID="-1" href="NMAKE_HLP_MEMO_VIEWER.html">Lihat nota yang diterima</target>
   </keywords>
   <keywords>
      <text FeatureID="-1">templat mesej</text>
      <target FeatureID="-1" href="NMAKE_HLP_TEMPLATE_EDITOR.html">Tulis templat mesej</target>
   </keywords>
   <keywords>
      <text FeatureID="-1">membuat templat mesej</text>
      <target FeatureID="-1" href="NMAKE_HLP_TEMPLATE_EDITOR.html">Tulis templat mesej</target>
   </keywords>
   <keywords>
      <text FeatureID="-1">menulis templat mesej</text>
      <target FeatureID="-1" href="NMAKE_HLP_TEMPLATE_EDITOR.html">Tulis templat mesej</target>
   </keywords>
   <keywords>
      <text FeatureID="-1">senarai nota</text>
      <target FeatureID="-1" href="NMAKE_HLP_MEMO_LIST.html">Senarai nota</target>
   </keywords>
   <keywords>
      <text FeatureID="-1">menulis nota</text>
      <target FeatureID="-1" href="NMAKE_HLP_MEMO_LIST.html">Senarai nota</target>
      <target FeatureID="-1" href="NMAKE_HLP_MEMO_EDITOR_APPS.html">Tulis nota dalam aplikasi</target>
      <target FeatureID="-1" href="NMAKE_HLP_MEMO_EDITOR.html">Tulis nota</target>
   </keywords>
</keywords>