<?xml version="1.0" encoding="UTF-8"?><?xml-stylesheet  href="../../theme/xsl/index2html.xslt" type="text/xsl"?>
<topics FeatureID="-1" title="התאמה אישית" compressed="true">
   <topicref FeatureID="-1" href="SKINS_HLP_LIST.html" navtitle="ערכות נושא כלליות"/>
   <topicref FeatureID="-1" href="SCREENSAVER_HLP_WP_SETTINGS.html" navtitle="הגדרות תמונת רקע למצגת שקופיות"/>
   <topicref FeatureID="-1" href="SKINS_HLP_WP_SETTINGS.html" navtitle="הגדרות תמונת רקע"/>
   <topicref FeatureID="-1" href="SKINS_HLP_SCREENS_SETTINGS.html" navtitle="הגדרות שומר מסך"/>
   <topicref FeatureID="true_1503" href="SKINS_HLP_CIMAGE_SETTINGS.html" navtitle="בחירת תמונת שיחה"/>
   <topicref FeatureID="-1" href="SKINS_HLP_APPSHELL.html" navtitle="הגדרות תצורת תפריט"/>
   <topicref FeatureID="-1" href="SKINS_HLP_APP_MAIN.html" navtitle="התאמה אישית של תצוגה"/>
   <topicref FeatureID="-1" href="SKINS_HLP_APPSKINS_LIST.html" navtitle="ערכות נושא של יישומים"/>
</topics>