<?xml version="1.0" encoding="UTF-8"?>
<keywords>
   <keywords>
      <text FeatureID="-1">ערכות נושא</text>
      <target FeatureID="-1" href="SKINS_HLP_LIST.html">ערכות נושא כלליות</target>
      <target FeatureID="-1" href="SCREENSAVER_HLP_WP_SETTINGS.html">הגדרות תמונת רקע למצגת שקופיות</target>
      <target FeatureID="-1" href="SKINS_HLP_WP_SETTINGS.html">הגדרות תמונת רקע</target>
      <target FeatureID="true_1503" href="SKINS_HLP_CIMAGE_SETTINGS.html">בחירת תמונת שיחה</target>
      <target FeatureID="-1" href="SKINS_HLP_APPSHELL.html">הגדרות תצורת תפריט</target>
      <target FeatureID="-1" href="SKINS_HLP_APP_MAIN.html">התאמה אישית של תצוגה</target>
      <target FeatureID="-1" href="SKINS_HLP_APPSKINS_LIST.html">ערכות נושא של יישומים</target>
   </keywords>
   <keywords>
      <text FeatureID="-1">תמונת רקע למצגת שקופיות</text>
      <target FeatureID="-1" href="SCREENSAVER_HLP_WP_SETTINGS.html">הגדרות תמונת רקע למצגת שקופיות</target>
   </keywords>
   <keywords>
      <text FeatureID="-1">הגדרות מצגת שקופיות</text>
      <target FeatureID="-1" href="SCREENSAVER_HLP_WP_SETTINGS.html">הגדרות תמונת רקע למצגת שקופיות</target>
   </keywords>
   <keywords>
      <text FeatureID="-1">הגדרות תמונת רקע</text>
      <target FeatureID="-1" href="SKINS_HLP_WP_SETTINGS.html">הגדרות תמונת רקע</target>
   </keywords>
   <keywords>
      <text FeatureID="-1">תמונת רקע</text>
      <target FeatureID="-1" href="SKINS_HLP_WP_SETTINGS.html">הגדרות תמונת רקע</target>
      <target FeatureID="-1" href="SKINS_HLP_APP_MAIN.html">התאמה אישית של תצוגה</target>
   </keywords>
   <keywords>
      <text FeatureID="-1">שומר מסך</text>
      <target FeatureID="-1" href="SKINS_HLP_SCREENS_SETTINGS.html">הגדרות שומר מסך</target>
   </keywords>
   <keywords>
      <text FeatureID="true_1503">הגדרות תמונת שיחה</text>
      <target FeatureID="true_1503" href="SKINS_HLP_CIMAGE_SETTINGS.html">בחירת תמונת שיחה</target>
   </keywords>
   <keywords>
      <text FeatureID="-1">תפריטים</text>
      <target FeatureID="-1" href="SKINS_HLP_APPSHELL.html">הגדרות תצורת תפריט</target>
   </keywords>
</keywords>