<?xml version="1.0" encoding="UTF-8"?>
<keywords>
   <keywords>
      <text FeatureID="-1">boîte d'appels</text>
      <target FeatureID="-1" href="SMSVO_HLP_MAIN_VIEW.html">Boîte d'appels</target>
      <target FeatureID="true_298" href="SMSVO_HLP_CS_VIDEO_AND_XSP_VOIP.html">Boîte vocale d'appels, vidéo et d'appels Internet</target>
   </keywords>
   <keywords>
      <text FeatureID="-1">répondeur</text>
      <target FeatureID="-1" href="SMSVO_HLP_MAIN_VIEW.html">Boîte d'appels</target>
      <target FeatureID="true_89" href="SMSVO_HLP_CS_AND_VIDEO.html">Boîte d’appels et vidéo</target>
      <target FeatureID="true_298" href="SMSVO_HLP_CS_VIDEO_AND_XSP_VOIP.html">Boîte vocale d'appels, vidéo et d'appels Internet</target>
   </keywords>
   <keywords>
      <text FeatureID="true_89">boîte vidéo</text>
      <target FeatureID="true_89" href="SMSVO_HLP_CS_AND_VIDEO.html">Boîte d’appels et vidéo</target>
   </keywords>
   <keywords>
      <text FeatureID="true_298">boîte vocale d'appels interne</text>
      <target FeatureID="true_298" href="SMSVO_HLP_CS_VIDEO_AND_XSP_VOIP.html">Boîte vocale d'appels, vidéo et d'appels Internet</target>
   </keywords>
</keywords>