<?xml version="1.0" encoding="UTF-8"?>
<keywords>
   <keywords>
      <text FeatureID="-1">Bluetooth</text>
      <target FeatureID="-1" href="BT_HLP_MAIN.html">Bluetooth</target>
      <target FeatureID="-1" href="BT_HLP_PAIRED.html">Ghép nối thiết bị</target>
      <target FeatureID="-1" href="BT_HLP_BLOCKED.html">Chặn các thiết bị</target>
   </keywords>
   <keywords>
      <text FeatureID="-1">Cài đặt Bluetooth</text>
      <target FeatureID="-1" href="BT_HLP_MAIN.html">Bluetooth</target>
   </keywords>
   <keywords>
      <text FeatureID="-1">ghép nối thiết bị</text>
      <target FeatureID="-1" href="BT_HLP_PAIRED.html">Ghép nối thiết bị</target>
   </keywords>
   <keywords>
      <text FeatureID="-1">các thiết bị bị chặn</text>
      <target FeatureID="-1" href="BT_HLP_BLOCKED.html">Chặn các thiết bị</target>
   </keywords>
   <keywords>
      <text FeatureID="true_12">bàn phím không dây</text>
      <target FeatureID="true_12" href="BTKEYBOARD_HLP_SETTINGS.html">Bàn phím không dây</target>
   </keywords>
</keywords>