<?xml version="1.0" encoding="UTF-8"?>
<keywords>
   <keywords>
      <text FeatureID="true_410">номеронабиратель</text>
      <target FeatureID="true_410" href="DIALER_HLP_MAIN.html">Выполнение телефонных вызовов</target>
   </keywords>
   <keywords>
      <text FeatureID="true_410">выполнение телефонных вызовов</text>
      <target FeatureID="true_410" href="DIALER_HLP_MAIN.html">Выполнение телефонных вызовов</target>
   </keywords>
   <keywords>
      <text FeatureID="-1">телеф. вызовы</text>
      <target FeatureID="-1" href="INCAL_HLP_CALL_HANDLING.html">Тел. вызовы</target>
   </keywords>
   <keywords>
      <text FeatureID="-1">конференции</text>
      <target FeatureID="-1" href="INCAL_HLP_CALL_HANDLING.html">Тел. вызовы</target>
   </keywords>
   <keywords>
      <text FeatureID="-1">переключение вызовов</text>
      <target FeatureID="-1" href="INCAL_HLP_CALL_HANDLING.html">Тел. вызовы</target>
   </keywords>
   <keywords>
      <text FeatureID="-1">телефон</text>
      <target FeatureID="-1" href="INCAL_HLP_CALL_HANDLING.html">Тел. вызовы</target>
   </keywords>
   <keywords>
      <text FeatureID="true_410">сигналы DTMF</text>
      <target FeatureID="true_410" href="DIALER_HLP_SEND_DTMF.html">Передача сигналов DTMF</target>
   </keywords>
   <keywords>
      <text FeatureID="true_89">видеовыз.</text>
      <target FeatureID="true_89" href="INCAL_HLP_VIDEO_CALL.html">Видеовызовы</target>
   </keywords>
</keywords>