<?xml version="1.0" encoding="UTF-8"?>
<keywords>
   <keywords>
      <text FeatureID="-1">редактиране на изображения</text>
      <target FeatureID="-1" href="SIE_HLP_MAIN.html">Редактиране изображения</target>
   </keywords>
   <keywords>
      <text FeatureID="-1">редактиране на текст</text>
      <target FeatureID="-1" href="SIE_HLP_EDIT_TEXT.html">Редактиране на текст в изображения</target>
   </keywords>
   <keywords>
      <text FeatureID="-1">редактор на изображения</text>
      <target FeatureID="-1" href="SIE_HLP_EDIT_TEXT.html">Редактиране на текст в изображения</target>
   </keywords>
   <keywords>
      <text FeatureID="-1">редактиране на мащабирани изображения</text>
      <target FeatureID="-1" href="SIE_HLP_ZOOMING.html">Редактиране на мащабирани изображения</target>
   </keywords>
   <keywords>
      <text FeatureID="-1">мащабиране на изображения</text>
      <target FeatureID="-1" href="SIE_HLP_ZOOMING.html">Редактиране на мащабирани изображения</target>
   </keywords>
   <keywords>
      <text FeatureID="-1">редактиране на графика</text>
      <target FeatureID="-1" href="SIE_HLP_EDIT_CLIPART.html">Редактиране на графика</target>
   </keywords>
   <keywords>
      <text FeatureID="-1">редактиране на балончета за реч</text>
      <target FeatureID="-1" href="SIE_HLP_EDIT_CLIPART.html">Редактиране на графика</target>
   </keywords>
   <keywords>
      <text FeatureID="-1">намаляване на ефекта червени очи</text>
      <target FeatureID="-1" href="SIE_HLP_REDEYE.html">Намаляване на ефекта червени очи</target>
   </keywords>
</keywords>