<?xml version="1.0" encoding="UTF-8"?>
<keywords>
   <keywords>
      <text FeatureID="true_1116">sende kalenderoppføringer</text>
      <target FeatureID="true_1116" href="SMART_HLP_CALENDAREDITOR.html">Sende kalenderoppf.</target>
   </keywords>
   <keywords>
      <text FeatureID="true_1114">motta kalenderoppføringer</text>
      <target FeatureID="true_1114" href="SMART_HLP_CALENDARVIEWER.html">Mottatte kalenderoppf.</target>
   </keywords>
   <keywords>
      <text FeatureID="true_1114">kalender-oppføringer</text>
      <target FeatureID="true_1114" href="SMART_HLP_CALPULLMESVIEWER.html">Nedlasting av kalend.oppf.</target>
   </keywords>
   <keywords>
      <text FeatureID="true_1117 true_1115">visittkort</text>
      <target FeatureID="true_1117" href="SMART_HLP_BUSINESSEDITOR.html">Sende visittkort</target>
      <target FeatureID="true_1115" href="SMART_HLP_BUSINESSVIEWER.html">Mottatte visittkort</target>
      <target FeatureID="true_1115" href="SMART_HLP_BUSPULLMESVIEWER.html">Nedlasting av visittkort</target>
   </keywords>
   <keywords>
      <text FeatureID="true_1111">ringetoner</text>
      <target FeatureID="true_1111" href="SMART_HLP_RINGVIEWER.html">Mottatte ringetoner</target>
   </keywords>
   <keywords>
      <text FeatureID="true_1110">operatør­logoer</text>
      <target FeatureID="true_1110" href="SMART_HLP_OPLOGOVIEWER.html">Mottatte operatørlogoer</target>
   </keywords>
   <keywords>
      <text FeatureID="true_1106">bokmerker</text>
      <target FeatureID="true_1106" href="SMART_HLP_ONEBOOKVIEWER.html">Mottatte bokmerker</target>
   </keywords>
   <keywords>
      <text FeatureID="true_1112">motta bilder</text>
      <target FeatureID="true_1112" href="SMART_HLP_GMSVIEWER.html">Vise bildemeldinger</target>
   </keywords>
   <keywords>
      <text FeatureID="true_1112">bilde­meldinger</text>
      <target FeatureID="true_1112" href="SMART_HLP_GMSVIEWER.html">Vise bildemeldinger</target>
   </keywords>
   <keywords>
      <text FeatureID="true_1537">konfigurasjon for ekstern stasjon</text>
      <target FeatureID="true_1537" href="SMART_HLP_REMOTEDRIVES_VIEWER.html">Motta konfigurasjoner for eksterne stasjoner</target>
      <target FeatureID="true_1537" href="SMART_HLP_REMOTEDRIVES_EDITOR.html">Sende konfigurasjoner for eksterne stasjoner</target>
   </keywords>
</keywords>