<?xml version="1.0" encoding="UTF-8"?><?xml-stylesheet  href="../../theme/xsl/index2html.xslt" type="text/xsl"?>
<topics FeatureID="-1" title="יומנים" compressed="true">
   <topicref FeatureID="-1" href="GPRS_HLP_MAIN.html" navtitle="חיבורים של מנות נתונים"/>
   <topicref FeatureID="-1" href="LOGS_HLP_COUNTER.html" navtitle="רישום שיחות ונתונים"/>
   <topicref FeatureID="-1" href="LOGS_HLP_DETAIL.html" navtitle="תיעוד פרטי אירוע ביומן"/>
   <topicref FeatureID="-1" href="LOGS_HLP_MAIN.html" navtitle="מידע יומן"/>
   <topicref FeatureID="-1" href="LOGS_HLP_SETTING.html" navtitle="הגדרות יומן"/>
   <topicref FeatureID="-1" href="STM_HLP_DIALLED.html" navtitle="מספרים שחויגו"/>
   <topicref FeatureID="-1" href="STM_HLP_MAIN.html" navtitle="שיחות אחרונות"/>
   <topicref FeatureID="-1" href="STM_HLP_MISSED.html" navtitle="שיחות שלא נענו"/>
   <topicref FeatureID="-1" href="STM_HLP_RECEIVED.html" navtitle="שיחות שהתקבלו"/>
   <topicref FeatureID="-1" href="TIMERS_HLP_MAIN.html" navtitle="משך זמן שיחה"/>
</topics>