<?xml version="1.0" encoding="UTF-8"?>
<keywords>
   <keywords>
      <text FeatureID="-1">חיבורים של מנות נתונים</text>
      <target FeatureID="-1" href="GPRS_HLP_MAIN.html">חיבורים של מנות נתונים</target>
      <target FeatureID="-1" href="LOGS_HLP_COUNTER.html">רישום שיחות ונתונים</target>
   </keywords>
   <keywords>
      <text FeatureID="-1">משך זמן שיחות</text>
      <target FeatureID="-1" href="LOGS_HLP_COUNTER.html">רישום שיחות ונתונים</target>
   </keywords>
   <keywords>
      <text FeatureID="-1">שיחות אחרונות</text>
      <target FeatureID="-1" href="LOGS_HLP_COUNTER.html">רישום שיחות ונתונים</target>
      <target FeatureID="-1" href="STM_HLP_MAIN.html">שיחות אחרונות</target>
   </keywords>
   <keywords>
      <text FeatureID="-1">יומנים</text>
      <target FeatureID="-1" href="LOGS_HLP_DETAIL.html">תיעוד פרטי אירוע ביומן</target>
      <target FeatureID="-1" href="LOGS_HLP_MAIN.html">מידע יומן</target>
   </keywords>
   <keywords>
      <text FeatureID="-1">הגדרות יומן</text>
      <target FeatureID="-1" href="LOGS_HLP_SETTING.html">הגדרות יומן</target>
   </keywords>
   <keywords>
      <text FeatureID="-1">מספרים שחויגו</text>
      <target FeatureID="-1" href="STM_HLP_DIALLED.html">מספרים שחויגו</target>
   </keywords>
   <keywords>
      <text FeatureID="-1">יומן שיחות</text>
      <target FeatureID="-1" href="STM_HLP_MAIN.html">שיחות אחרונות</target>
   </keywords>
   <keywords>
      <text FeatureID="-1">שיחות שלא נענו</text>
      <target FeatureID="-1" href="STM_HLP_MISSED.html">שיחות שלא נענו</target>
   </keywords>
   <keywords>
      <text FeatureID="-1">שיחות שהתקבלו</text>
      <target FeatureID="-1" href="STM_HLP_RECEIVED.html">שיחות שהתקבלו</target>
   </keywords>
   <keywords>
      <text FeatureID="-1">שיחות שנענו</text>
      <target FeatureID="-1" href="STM_HLP_RECEIVED.html">שיחות שהתקבלו</target>
   </keywords>
   <keywords>
      <text FeatureID="-1">משך זמן שיחה</text>
      <target FeatureID="-1" href="TIMERS_HLP_MAIN.html">משך זמן שיחה</target>
   </keywords>
   <keywords>
      <text FeatureID="-1">אורך שיחות</text>
      <target FeatureID="-1" href="TIMERS_HLP_MAIN.html">משך זמן שיחה</target>
   </keywords>
</keywords>