<?xml version="1.0" encoding="UTF-8"?>
<keywords>
   <keywords>
      <text FeatureID="-1">Mga larawan</text>
      <target FeatureID="-1" href="LGAL_HLP_ALBUM_LIST.html">Mga album</target>
      <target FeatureID="-1" href="LGAL_HLP_DETAILS_VIEW.html">Tingnan at mag-edit ng mga detalye ng file</target>
      <target FeatureID="-1" href="LGAL_HLP_TAGS_BROWSER.html">Mga tag</target>
      <target FeatureID="-1" href="LGAL_HLP_MONTH_FULLSCREEN.html">Tingnan ang mga media file ayon sa buwan</target>
      <target FeatureID="-1" href="LGAL_HLP_MONTH_GRID.html">I-browse ang mga media file ayon sa buwan</target>
      <target FeatureID="-1" href="LGAL_HLP_VIEW_LIST.html">Mga litrato</target>
      <target FeatureID="-1" href="LGAL_HLP_MONTH_LIST.html">Mga buwan</target>
      <target FeatureID="-1" href="LGAL_HLP_SLIDESHOW_SETTINGS.html">Mga setting ng slide show</target>
      <target FeatureID="-1" href="LGAL_HLP_ALL_FULLSCREEN.html">Tingnan ang lahat ng media file</target>
      <target FeatureID="-1" href="LGAL_HLP_ALBUM_FULLSCREEN.html">Tingnan ang mga media file sa mga album</target>
      <target FeatureID="-1" href="LGAL_HLP_TAGS_FULLSCREEN.html">Tingnan ang mga naka-tag na media file</target>
   </keywords>
   <keywords>
      <text FeatureID="-1">mga album</text>
      <target FeatureID="-1" href="LGAL_HLP_ALBUM_LIST.html">Mga album</target>
      <target FeatureID="-1" href="LGAL_HLP_ALBUM_GRID.html">Mag-browse ng mga media file sa album</target>
      <target FeatureID="-1" href="LGAL_HLP_VIEW_LIST.html">Mga litrato</target>
      <target FeatureID="-1" href="LGAL_HLP_ALBUM_FULLSCREEN.html">Tingnan ang mga media file sa mga album</target>
   </keywords>
   <keywords>
      <text FeatureID="-1">Mga litrato</text>
      <target FeatureID="-1" href="LGAL_HLP_ALL_GRID.html">I-browse ang lahat ng media file</target>
      <target FeatureID="-1" href="LGAL_HLP_ALBUM_GRID.html">Mag-browse ng mga media file sa album</target>
      <target FeatureID="-1" href="LGAL_HLP_TAGS_GRID.html">Mag-browse ng mga naka-tag na media file</target>
   </keywords>
   <keywords>
      <text FeatureID="-1">mga tag</text>
      <target FeatureID="-1" href="LGAL_HLP_TAGS_GRID.html">Mag-browse ng mga naka-tag na media file</target>
      <target FeatureID="-1" href="LGAL_HLP_TAGS_BROWSER.html">Mga tag</target>
      <target FeatureID="-1" href="LGAL_HLP_VIEW_LIST.html">Mga litrato</target>
      <target FeatureID="-1" href="LGAL_HLP_TAGS_FULLSCREEN.html">Tingnan ang mga naka-tag na media file</target>
   </keywords>
   <keywords>
      <text FeatureID="-1">slide show</text>
      <target FeatureID="-1" href="LGAL_HLP_SLIDESHOW_SETTINGS.html">Mga setting ng slide show</target>
   </keywords>
</keywords>