<?xml version="1.0" encoding="UTF-8"?>
<keywords>
   <keywords>
      <text FeatureID="-1">opomniki za obletnice</text>
      <target FeatureID="-1" href="FSCA_HLP_ANNIVERSARY_EDITOR.html">Ustvarjanje obletnic</target>
   </keywords>
   <keywords>
      <text FeatureID="-1">sestanki, ustvarjanje</text>
      <target FeatureID="-1" href="FSCA_HLP_CALE_MEETING_EDITOR.html">Ustvarjanje sestankov</target>
   </keywords>
   <keywords>
      <text FeatureID="-1">zapiski, ustvarjanje</text>
      <target FeatureID="-1" href="FSCA_HLP_MEMO_EDITOR.html">Ustvarjanje zapiskov</target>
   </keywords>
   <keywords>
      <text FeatureID="-1">opravila, ustvarjanje</text>
      <target FeatureID="-1" href="FSCA_HLP_TODO_EDITOR.html">Ustvarjanje opravil</target>
   </keywords>
   <keywords>
      <text FeatureID="-1">sestanki, urejanje</text>
      <target FeatureID="-1" href="FSCA_HLP_CALE_MEETING_VIEWER.html">Urejanje sestankov</target>
   </keywords>
   <keywords>
      <text FeatureID="-1">zapiski, urejanje</text>
      <target FeatureID="-1" href="FSCA_HLP_MEMO_VIEWER.html">Urejanje zapiskov</target>
   </keywords>
   <keywords>
      <text FeatureID="-1">opravila, urejanje</text>
      <target FeatureID="-1" href="FSCA_HLP_TODO_VIEWER.html">Urejanje opravil</target>
   </keywords>
   <keywords>
      <text FeatureID="-1">obletnice, pregledovanje</text>
      <target FeatureID="-1" href="FSCA_HLP_ANNI_VIEWER.html">Urejanje obletnic</target>
   </keywords>
   <keywords>
      <text FeatureID="-1">zahteve za sestanke</text>
      <target FeatureID="-1" href="FSCA_HLP_RESPONSE_EDITOR.html">Urejanje odgovora</target>
      <target FeatureID="-1" href="FSCA_HLP_VIEWER_ORGANIZER.html">Upravljanje zahtev za sestanke</target>
      <target FeatureID="-1" href="MEET_REQ_HLP_EDITOR.html">Prejete zahteve za sestanke</target>
      <target FeatureID="-1" href="FSCA_HLP_VIEWER.html">Odgovarjanje na zahteve za sestanke</target>
      <target FeatureID="-1" href="FS_VIEWER_HLP_MEETING_REQ_VIEW.html">Odgovor na zahtevo za sestanek</target>
   </keywords>
   <keywords>
      <text FeatureID="-1">imenik</text>
      <target FeatureID="-1" href="RLOOK_HLP_INFO_VIEW.html">Delo z najdeno vizitko</target>
   </keywords>
   <keywords>
      <text FeatureID="-1">imenik, iskanje</text>
      <target FeatureID="-1" href="RLOOK_HLP_RESULT_VIEW.html">Rezultati iskanja</target>
   </keywords>
   <keywords>
      <text FeatureID="-1">e-pošta, priloge</text>
      <target FeatureID="-1" href="FSE_HLP_ATTACHMENT_LIST_EDITOR.html">Dodajanje prilog</target>
   </keywords>
   <keywords>
      <text FeatureID="-1">zbrisana e-pošta</text>
      <target FeatureID="-1" href="FSE_HLP_MESSAGE_LIST_DELETED.html">Zbrisana e-poštna sporočila</target>
   </keywords>
   <keywords>
      <text FeatureID="-1">prenos e-poštnih prilog</text>
      <target FeatureID="-1" href="FSE_HLP_ATTACHMENT_LIST.html">Nalaganje prilog</target>
   </keywords>
   <keywords>
      <text FeatureID="-1">osnutek e-pošte</text>
      <target FeatureID="-1" href="FSE_HLP_MESSAGE_LIST_DRAFTS.html">Osnutki e-poštnih sporočil</target>
   </keywords>
   <keywords>
      <text FeatureID="-1">E-pošta Nokia</text>
      <target FeatureID="-1" href="FSE_HLP_LAUNCHER_GRID.html">E-pošta Nokia</target>
   </keywords>
   <keywords>
      <text FeatureID="-1">e-pošta</text>
      <target FeatureID="-1" href="FSE_HLP_LAUNCHER_GRID.html">E-pošta Nokia</target>
   </keywords>
   <keywords>
      <text FeatureID="-1">e-poštne mape</text>
      <target FeatureID="-1" href="FSE_HLP_FOLDER_LIST.html">E-poštne mape</target>
      <target FeatureID="-1" href="FSE_HLP_SETT_IMAP_SUBSCR.html">Naročite se na mape</target>
      <target FeatureID="-1" href="FSE_HLP_MESSAGE_LIST_INBOX.html">Delo z e-poštnimi mapami</target>
   </keywords>
   <keywords>
      <text FeatureID="-1">nastavitve e-pošte</text>
      <target FeatureID="-1" href="FSE_HLP_LAUNCHER_SETTINGS.html">Splošne e-poštne nastavitve</target>
      <target FeatureID="-1" href="FSE_HLP_POP_IMAP_SETT_MAIN.html">E-poštne nastavitve</target>
      <target FeatureID="-1" href="FSE_HLP_MFE_SETTINGS_MAIN_VIEW.html">Nastavitve za e-pošto</target>
   </keywords>
   <keywords>
      <text FeatureID="-1">globalne nastavitve e-pošte</text>
      <target FeatureID="-1" href="FSE_HLP_SETTINGS_GLOBAL.html">Globalne nastavitve e-pošte</target>
   </keywords>
   <keywords>
      <text FeatureID="-1">e-pošta HTML</text>
      <target FeatureID="-1" href="FS_VIEWER_HLP_HTML_VIEW.html">E-pošta v obliki HTML</target>
   </keywords>
   <keywords>
      <text FeatureID="-1">dodatne e-poštne nastavitve</text>
      <target FeatureID="-1" href="FSE_HLP_POP_IMAP_SETT_ADV.html">Dodatne e-poštne nastavitve</target>
   </keywords>
   <keywords>
      <text FeatureID="-1">nastavitve dohodne e-pošte</text>
      <target FeatureID="-1" href="FSE_HLP_POP_IMAP_SETT_INCOMING.html">Nastavitve za prejemanje e-pošte</target>
   </keywords>
   <keywords>
      <text FeatureID="-1">nastavitve odhodne e-pošte</text>
      <target FeatureID="-1" href="FSE_HLP_POP_IMAP_SETT_OUTGOING.html">Nastavitve za pošiljanje e-pošte</target>
   </keywords>
   <keywords>
      <text FeatureID="-1">sinhronizacija e-pošte</text>
      <target FeatureID="-1" href="FSE_HLP_POP_IMAP_SETT_WHAT.html">Izberite vsebino za sinhronizacijo</target>
   </keywords>
   <keywords>
      <text FeatureID="-1">čas sinhronizacije e-pošte</text>
      <target FeatureID="-1" href="FSE_HLP_POP_IMAP_SETT_WHEN.html">Izberite čas sinhronizacije</target>
      <target FeatureID="-1" href="FSE_HLP_MFE_SETTINGS_WHEN_SYNC.html">Izbiranje časa sinhronizacije</target>
      <target FeatureID="-1" href="FSE_HLP_SETTINGS_WHEN_SYNC.html">Čas sinhronizacije</target>
   </keywords>
   <keywords>
      <text FeatureID="-1">Mail for Exchange</text>
      <target FeatureID="-1" href="FSE_HLP_MFE_LAUNCHER_MAIN_VIEW.html">E-pošta Mail for Exchange</target>
   </keywords>
   <keywords>
      <text FeatureID="-1">podrobnosti e-pošte</text>
      <target FeatureID="-1" href="FS_VIEWER_HLP_DETAILS_VIEW.html">Podrobnosti sporočila</target>
   </keywords>
   <keywords>
      <text FeatureID="-1">dodatne nastavitve nabiralnika</text>
      <target FeatureID="-1" href="FSE_HLP_MFE_SETTINGS_ADVANCED.html">Dodatne nastavitve za nabiralnik</target>
   </keywords>
   <keywords>
      <text FeatureID="-1">nastavitve sinhronizacije e-pošte</text>
      <target FeatureID="-1" href="FSE_HLP_MFE_SETTINGS_PIM_APPS.html">Nastavitve sinhronizacije aplikacij</target>
   </keywords>
   <keywords>
      <text FeatureID="-1">sinhronizacija koledarja</text>
      <target FeatureID="-1" href="FSE_HLP_MFE_CALENDAR_APP.html">Nastavitve sinhronizacije koledarja</target>
   </keywords>
   <keywords>
      <text FeatureID="-1">sinhronizacija imenika,</text>
      <target FeatureID="-1" href="FSE_HLP_MFE_CONTACTS_APP.html">Nastavitve sinhronizacije imenika</target>
   </keywords>
   <keywords>
      <text FeatureID="-1">nastavitve predala</text>
      <target FeatureID="-1" href="FSE_HLP_MFE_SETTINGS_MAILBOX.html">Splošne nastavitve nabiralnika</target>
   </keywords>
   <keywords>
      <text FeatureID="-1">vsebina za sinhronizacijo e-pošte</text>
      <target FeatureID="-1" href="FSE_HLP_MFE_SETTINGS_WHAT_SYNC.html">Izbiranje vsebine za sinhronizacijo</target>
   </keywords>
   <keywords>
      <text FeatureID="-1">sinhronizacija e-poštne mape</text>
      <target FeatureID="-1" href="FSE_HLP_MFE_SETTINGS_FOLDER.html">Nastavitve sinhronizacije</target>
   </keywords>
   <keywords>
      <text FeatureID="-1">sinhronizacija vnosa opravila</text>
      <target FeatureID="-1" href="FSE_HLP_MFE_TASKS_APP.html">Nastavitve sinhronizacije opravil</target>
   </keywords>
   <keywords>
      <text FeatureID="-1">brez e-poštnih sporočil</text>
      <target FeatureID="-1" href="FSE_HLP_MESSAGE_LIST_EMPTY.html">Ni sporočil</target>
   </keywords>
   <keywords>
      <text FeatureID="-1">e-poštna mapa V pošiljanju</text>
      <target FeatureID="-1" href="FSE_HLP_MESSAGE_LIST_OUTBOX.html">Delo z mapo V pošiljanju</target>
   </keywords>
   <keywords>
      <text FeatureID="-1">iskanje e-pošte</text>
      <target FeatureID="-1" href="FSE_HLP_MESSAGE_LIST_SEARCHING.html">Iskanje e-pošte</target>
   </keywords>
   <keywords>
      <text FeatureID="-1">rezultati iskanja e-pošte</text>
      <target FeatureID="-1" href="FSE_HLP_MESSAGE_LIST_SEARCHED.html">Rezultati iskanja</target>
   </keywords>
   <keywords>
      <text FeatureID="-1">pošiljanje e-pošte</text>
      <target FeatureID="-1" href="FS_EDITOR_HLP_MAIN_VIEW.html">Pošiljanje e-pošte</target>
   </keywords>
   <keywords>
      <text FeatureID="-1">Storitev za osebne informacije</text>
      <target FeatureID="-1" href="FSE_HLP_SETTINGS_PIM_VIEW.html">Storitev za upravljanje osebnih podatkov</target>
   </keywords>
   <keywords>
      <text FeatureID="-1">sinhronizacija aplikacij</text>
      <target FeatureID="-1" href="FSE_HLP_SETTINGS_APPLICATIONS.html">Sinhronizacija aplikacij</target>
   </keywords>
   <keywords>
      <text FeatureID="-1">e-poštne priloge</text>
      <target FeatureID="-1" href="FSE_HLP_ATTACHMENT_DOWNLOAD.html">Prikaz naloženih prilog</target>
   </keywords>
   <keywords>
      <text FeatureID="-1">prejeta e-pošta</text>
      <target FeatureID="-1" href="FS_VIEWER_HLP_MAIN_VIEW.html">Delo s prejeto e-pošto</target>
   </keywords>
   <keywords>
      <text FeatureID="-1">pošta, nastavitve</text>
      <target FeatureID="-1" href="FSE_HLP_SETT.html">Nastavitve</target>
   </keywords>
   <keywords>
      <text FeatureID="-1">pošta, nastavitve računa</text>
      <target FeatureID="-1" href="FSE_HLP_ACCT_INFO.html">Nastavitve e-poštnega računa</target>
   </keywords>
   <keywords>
      <text FeatureID="-1">pošta, sinhronizacija</text>
      <target FeatureID="-1" href="FSE_HLP_SYNC_SETT.html">Nastavitve sinhronizacije</target>
   </keywords>
</keywords>