<?xml version="1.0" encoding="UTF-8"?><?xml-stylesheet  href="../../theme/xsl/index2html.xslt" type="text/xsl"?>
<topics FeatureID="-1" title="Τηλεφωνικός κατάλογος" compressed="true">
   <topicref FeatureID="-1" href="HLP_CCA_DETAILS.html" navtitle="Λεπτομέρειες επαφής"/>
   <topicref FeatureID="-1" href="HLP_CCA_LAUNCHER.html" navtitle="Contact cards"/>
   <topicref FeatureID="-1" href="PHOB_HLP_GROUP_LIST.html" navtitle="Contact groups"/>
   <topicref FeatureID="-1" href="PHOB_HLP_SIM_LIST.html" navtitle="Κατάλογος επαφών SIM"/>
   <topicref FeatureID="-1" href="PHOB_HLP_MY_NUMBERS.html" navtitle="Οι αριθμοί μου"/>
   <topicref FeatureID="-1" href="PHOB_HLP_GROUP_MEMBER_LIST.html" navtitle="Μέλη ομάδας"/>
   <topicref FeatureID="-1" href="PHOB_HLP_SETTINGS.html" navtitle="Ρυθμίσεις επαφών"/>
   <topicref FeatureID="-1" href="PHOB_HLP_NAME_LIST.html" navtitle="Λίστα επαφών"/>
   <topicref FeatureID="-1" href="HLP_CCA_MY_CARD.html" navtitle="My Card"/>
   <topicref FeatureID="-1" href="RLOOK_HLP_INFO_VIEW.html" navtitle="Διαχείριση της επαφής που βρέθηκε"/>
   <topicref FeatureID="-1" href="HLP_CCA_EDITOR.html" navtitle="Επεξεργασία καρτών επαφών"/>
   <topicref FeatureID="-1" href="PHOB_HLP_CONTACT_INFO_VIEW.html" navtitle="Κάρτες επαφών"/>
   <topicref FeatureID="-1" href="PHOB_HLP_EDIT_ENTRY.html" navtitle="Επεξεργασία καρτών επαφών"/>
   <topicref FeatureID="-1" href="FDN_HLP_FDN_NUMBER_VIEW.html" navtitle="Επαφές επιτρεπτών κλήσεων"/>
   <topicref FeatureID="-1" href="FDN_HLP_FDN_VIEW.html" navtitle="Περιορισμός κλήσεων"/>
   <topicref FeatureID="-1" href="SDN_HLP_APP.html" navtitle="Αριθμοί υπηρεσίας"/>
   <topicref FeatureID="-1" href="PHOB_HLP_SIM_INFO_VIEW.html" navtitle="Κάρτες επαφών SIM"/>
</topics>