<?xml version="1.0" encoding="UTF-8"?>
<keywords>
   <keywords>
      <text FeatureID="-1">επιτρεπτές κλήσεις</text>
      <target FeatureID="-1" href="FDN_HLP_FDN_NUM_EDIT_VIEW.html">Επεξεργασία επαφών</target>
      <target FeatureID="-1" href="FDN_HLP_FDN_NUMBER_VIEW.html">Επαφές επιτρεπτών κλήσεων</target>
      <target FeatureID="-1" href="FDN_HLP_FDN_VIEW.html">Περιορισμός κλήσεων</target>
   </keywords>
   <keywords>
      <text FeatureID="-1">περιορισμός κλήσεων</text>
      <target FeatureID="-1" href="FDN_HLP_FDN_VIEW.html">Περιορισμός κλήσεων</target>
   </keywords>
   <keywords>
      <text FeatureID="-1">αριθμοί υπηρεσίας</text>
      <target FeatureID="-1" href="SDN_HLP_APP.html">Αριθμοί υπηρεσίας</target>
   </keywords>
   <keywords>
      <text FeatureID="-1">αριθμοί υπηρεσίας SIM</text>
      <target FeatureID="-1" href="SDN_HLP_APP.html">Αριθμοί υπηρεσίας</target>
   </keywords>
   <keywords>
      <text FeatureID="-1">αριθμοί υπηρεσίας στη SIM</text>
      <target FeatureID="-1" href="SDN_HLP_APP.html">Αριθμοί υπηρεσίας</target>
   </keywords>
   <keywords>
      <text FeatureID="-1">ομάδες επαφών</text>
      <target FeatureID="-1" href="PHOB_HLP_GROUP_LIST.html">Ομάδες επαφών</target>
      <target FeatureID="-1" href="PHOB_HLP_GROUP_MEMBER_LIST.html">Μέλη ομάδας</target>
   </keywords>
   <keywords>
      <text FeatureID="-1">επαφές SIM</text>
      <target FeatureID="-1" href="PHOB_HLP_SIM_LIST.html">Κατάλογος επαφών SIM</target>
   </keywords>
   <keywords>
      <text FeatureID="-1">Αριθμός SIM</text>
      <target FeatureID="-1" href="PHOB_HLP_MY_NUMBERS.html">Οι αριθμοί μου</target>
   </keywords>
   <keywords>
      <text FeatureID="-1">σειρά ονομάτων στις Επαφές</text>
      <target FeatureID="-1" href="PHOB_HLP_SETTINGS.html">Ρυθμίσεις επαφών</target>
   </keywords>
   <keywords>
      <text FeatureID="-1">μνήμη επαφών</text>
      <target FeatureID="-1" href="PHOB_HLP_SETTINGS.html">Ρυθμίσεις επαφών</target>
   </keywords>
   <keywords>
      <text FeatureID="-1">προεπιλεγμένη μνήμη</text>
      <target FeatureID="-1" href="PHOB_HLP_SETTINGS.html">Ρυθμίσεις επαφών</target>
   </keywords>
   <keywords>
      <text FeatureID="-1">κατάλογος επαφών</text>
      <target FeatureID="-1" href="PHOB_HLP_NAME_LIST.html">Κατάλογος Επαφών</target>
   </keywords>
   <keywords>
      <text FeatureID="-1">πληροφορίες επαφής</text>
      <target FeatureID="-1" href="PHOB_HLP_NAME_LIST.html">Κατάλογος Επαφών</target>
   </keywords>
   <keywords>
      <text FeatureID="-1">τηλεφωνικός κατάλογος</text>
      <target FeatureID="-1" href="PHOB_HLP_NAME_LIST.html">Κατάλογος Επαφών</target>
   </keywords>
</keywords>