<?xml version="1.0" encoding="UTF-8"?>
<keywords>
   <keywords>
      <text FeatureID="-1">الضبط, الشريحة</text>
      <target FeatureID="-1" href="SET_HLP_SETTINGS_KEYPAD_COVER.html">ضبط إعداد الشريحة</target>
   </keywords>
   <keywords>
      <text FeatureID="-1">ضبط الشريحة</text>
      <target FeatureID="-1" href="SET_HLP_SETTINGS_KEYPAD_COVER.html">ضبط إعداد الشريحة</target>
   </keywords>
   <keywords>
      <text FeatureID="-1">إدارة الجهاز</text>
      <target FeatureID="-1" href="CP_HLP_DEVICE_MANAGEMENT.html">إدارة الجهاز</target>
   </keywords>
   <keywords>
      <text FeatureID="true_109">EAP ‏(بروتوكول المصادقة القابل للتوسيع)</text>
      <target FeatureID="true_109" href="SET_HLP_WLAN_EAP_SIM.html">ضبط EAP-SIM</target>
   </keywords>
   <keywords>
      <text FeatureID="true_109">الضبط, WLAN</text>
      <target FeatureID="true_109" href="SET_HLP_WLAN_EAP_SIM.html">ضبط EAP-SIM</target>
   </keywords>
   <keywords>
      <text FeatureID="-1">حظر نقاط الوصول</text>
      <target FeatureID="-1" href="ACL_HLP_MAIN.html">حظر الاتصالات</target>
   </keywords>
   <keywords>
      <text FeatureID="-1">ضبط الاتصال</text>
      <target FeatureID="-1" href="SIP_HLP_PROF_PARAMS.html">ضبط أوضاع SIP</target>
      <target FeatureID="-1" href="SIP_HLP_MAIN.html">أوضاع SIP</target>
      <target FeatureID="-1" href="SET_HLP_CONN_DEST_VIEW.html">عرض الوجهات</target>
      <target FeatureID="-1" href="SET_HLP_DEFAULT_CONN.html">الاتصال الافتراضي</target>
      <target FeatureID="-1" href="SET_HLP_CONN_METHODS_VIEW.html">عرض نقاط الوصول</target>
      <target FeatureID="true_1581" href="RD_HLP_REMOTE_DRIVE_CONFIG.html">ضبط محركات الأقراص البعيدة</target>
      <target FeatureID="true_1581" href="RD_HLP_REMOTE_DRIVES.html">محركات الأقراص البعيدة</target>
   </keywords>
   <keywords>
      <text FeatureID="-1">ضبط SIP</text>
      <target FeatureID="-1" href="SIP_HLP_PROF_PARAMS.html">ضبط أوضاع SIP</target>
      <target FeatureID="-1" href="SIP_HLP_MAIN.html">أوضاع SIP</target>
      <target FeatureID="-1" href="SIP_HLP_PROXY_PARAMS.html">ضبط البروكسي لبروتوكول SIP</target>
      <target FeatureID="-1" href="SIP_HLP_REGISTRAR_PARAM.html">ضبط مركز خدمة السجل</target>
   </keywords>
   <keywords>
      <text FeatureID="-1">مركز خدمة السجل</text>
      <target FeatureID="-1" href="SIP_HLP_REGISTRAR_PARAM.html">ضبط مركز خدمة السجل</target>
   </keywords>
   <keywords>
      <text FeatureID="-1">نقاط الوصول</text>
      <target FeatureID="-1" href="HLP_OCC_CONN_SETTINGS.html">اتصالات الشبكة</target>
   </keywords>
   <keywords>
      <text FeatureID="-1">الضبط, اتصال</text>
      <target FeatureID="-1" href="HLP_OCC_CONN_SETTINGS.html">اتصالات الشبكة</target>
   </keywords>
   <keywords>
      <text FeatureID="-1">ضبط الوجهات</text>
      <target FeatureID="-1" href="SET_HLP_CONN_DEST_VIEW.html">عرض الوجهات</target>
   </keywords>
   <keywords>
      <text FeatureID="-1">اتصال افتراضي</text>
      <target FeatureID="-1" href="SET_HLP_DEFAULT_CONN.html">الاتصال الافتراضي</target>
   </keywords>
   <keywords>
      <text FeatureID="-1">نقاط وصول VPN</text>
      <target FeatureID="true_99" href="SET_HLP_VPN_DEST_ASSOC_VIEW.html">اتصالات VPN</target>
      <target FeatureID="-1" href="SET_HLP_VPN_AP_SETTINGS_VIEW.html">تعديل نقاط وصول VPN</target>
   </keywords>
   <keywords>
      <text FeatureID="-1">نقاط وصول</text>
      <target FeatureID="-1" href="SET_HLP_CONN_METHODS_VIEW.html">عرض نقاط الوصول</target>
   </keywords>
   <keywords>
      <text FeatureID="-1">اتصالات التطبيقات</text>
      <target FeatureID="-1" href="SET_HLP_APP_DEST_ASSOC_VIEW.html">اتصالات التطبيقات</target>
   </keywords>
   <keywords>
      <text FeatureID="-1">ضبط التطبيقات</text>
      <target FeatureID="-1" href="CP_HLP_APPILICATION_SETTINGS.html">ضبط التطبيقات</target>
   </keywords>
   <keywords>
      <text FeatureID="-1">المكالمات, الضبط</text>
      <target FeatureID="-1" href="SCP_HLP_CALL.html">ضبط المكالمات</target>
   </keywords>
   <keywords>
      <text FeatureID="-1">الضبط, المكالمات</text>
      <target FeatureID="-1" href="SCP_HLP_CALL.html">ضبط المكالمات</target>
   </keywords>
   <keywords>
      <text FeatureID="-1">التوصيل</text>
      <target FeatureID="-1" href="CP_HLP_CONNECTIVITY.html">ضبط التوصيل</target>
   </keywords>
   <keywords>
      <text FeatureID="-1">لوحة التحكم</text>
      <target FeatureID="-1" href="CP_HLP_DISPLAY.html">ضبط الشاشة</target>
      <target FeatureID="__DUAL_LANGUAGE_SUPPORT=true" href="CP_HLP_WRITING_LANGUAGE.html">لغة الكتابة</target>
   </keywords>
   <keywords>
      <text FeatureID="-1">ضبط الشاشة</text>
      <target FeatureID="-1" href="CP_HLP_DISPLAY.html">ضبط الشاشة</target>
   </keywords>
   <keywords>
      <text FeatureID="-1">ضبط عام</text>
      <target FeatureID="-1" href="CP_HLP_DEVICE.html">ضبط الجهاز</target>
   </keywords>
   <keywords>
      <text FeatureID="-1">ضبط الجهاز</text>
      <target FeatureID="-1" href="CP_HLP_DEVICE.html">ضبط الجهاز</target>
   </keywords>
   <keywords>
      <text FeatureID="-1">ضبط اللغة</text>
      <target FeatureID="-1" href="CP_HLP_LANGUAGE.html">ضبط اللغة</target>
   </keywords>
   <keywords>
      <text FeatureID="-1">الضبط</text>
      <target FeatureID="-1" href="CP_HLP_MAIN_VIEW.html">الضبط</target>
   </keywords>
   <keywords>
      <text FeatureID="-1">ضبط شبكة</text>
      <target FeatureID="-1" href="CP_HLP_NETWORK.html">ضبط الشبكة</target>
      <target FeatureID="-1" href="CP_HLP_NETWORK.html">ضبط الشبكة</target>
   </keywords>
   <keywords>
      <text FeatureID="-1">الوضع</text>
      <target FeatureID="-1" href="CP_HLP_PERSONAL.html">شاشة العرض الشخصية</target>
   </keywords>
   <keywords>
      <text FeatureID="-1">الموضوع</text>
      <target FeatureID="-1" href="CP_HLP_PERSONAL.html">شاشة العرض الشخصية</target>
   </keywords>
   <keywords>
      <text FeatureID="-1">وضع الاستعداد</text>
      <target FeatureID="-1" href="CP_HLP_PERSONAL.html">شاشة العرض الشخصية</target>
   </keywords>
   <keywords>
      <text FeatureID="-1">الحماية, الضبط</text>
      <target FeatureID="-1" href="CP_HLP_SECURITY.html">ضبط الحماية</target>
   </keywords>
   <keywords>
      <text FeatureID="-1">الضبط, الحماية</text>
      <target FeatureID="-1" href="CP_HLP_SECURITY.html">ضبط الحماية</target>
   </keywords>
   <keywords>
      <text FeatureID="-1">الجهاز, قفل</text>
      <target FeatureID="-1" href="SET_HLP_SECURITY_DEVICE_SIM.html">حماية الجهاز</target>
   </keywords>
   <keywords>
      <text FeatureID="-1">الحماية</text>
      <target FeatureID="-1" href="SET_HLP_SECURITY_DEVICE_SIM.html">حماية الجهاز</target>
   </keywords>
   <keywords>
      <text FeatureID="__DUAL_LANGUAGE_SUPPORT=true">لغة الكتابة</text>
      <target FeatureID="__DUAL_LANGUAGE_SUPPORT=true" href="CP_HLP_WRITING_LANGUAGE.html">لغة الكتابة</target>
   </keywords>
   <keywords>
      <text FeatureID="-1">ضبط الجهاز الملحق</text>
      <target FeatureID="-1" href="SET_HLP_ACCESSORIES_LIST.html">ضبط الجهاز الملحق</target>
      <target FeatureID="-1" href="SET_HLP_ACCESSORIES_HEADPHONE.html">ضبط سماعة الأذن</target>
      <target FeatureID="-1" href="SET_HLP_ACCESSORIES_HEADSET.html">ضبط طاقم الرأس</target>
      <target FeatureID="-1" href="SET_HLP_ACCESS_WIRED_CK.html">ضبط طقم السيارة السلكي</target>
      <target FeatureID="true_1032" href="SET_HLP_ACCESSORIES_TTY.html">ضبط الهاتف النصي</target>
      <target FeatureID="true_1540" href="SET_HLP_ACCESSORIES_TVOUT.html">ضبط خرج التلفزيون</target>
   </keywords>
   <keywords>
      <text FeatureID="-1">نقطة وصول حزم البيانات</text>
      <target FeatureID="-1" href="SET_HLP_AP_SETTING_GPRS.html">نقطة وصول حزم البيانات</target>
   </keywords>
   <keywords>
      <text FeatureID="-1">ضبط حزم البيانات</text>
      <target FeatureID="-1" href="SET_HLP_AP_SETTING_GPRS_AS.html">ضبط متقدم لحزم البيانات</target>
   </keywords>
   <keywords>
      <text FeatureID="-1">نقاط وصول حزم البيانات</text>
      <target FeatureID="-1" href="SET_HLP_AP_SETTING_GPRS_AS.html">ضبط متقدم لحزم البيانات</target>
   </keywords>
   <keywords>
      <text FeatureID="true_1088 true_110">نقاط وصول مكالمات البيانات</text>
      <target FeatureID="true_110" href="SET_HLP_AP_DATA_AS_IPV4.html">ضبط مكالمات البيانات IPv4</target>
      <target FeatureID="true_1088" href="SET_HLP_AP_DATA_AS_IPV6.html">ضبط مكالمات البيانات IPV6</target>
      <target FeatureID="true_110" href="SET_HLP_AP_SETTING_DATA_AS.html">ضبط متقدم لمكالمات البيانات</target>
   </keywords>
   <keywords>
      <text FeatureID="true_110">ضبط نقطة الوصول</text>
      <target FeatureID="true_110" href="SET_HLP_AP_SETTING_DATA.html">نقطة وصول مكالمة بيانات</target>
      <target FeatureID="true_110" href="SET_HLP_AP_SETTING_DATA_AS.html">ضبط متقدم لمكالمات البيانات</target>
   </keywords>
   <keywords>
      <text FeatureID="true_110">ضبط مكالمات البيانات</text>
      <target FeatureID="true_110" href="SET_HLP_AP_SETTING_DATA.html">نقطة وصول مكالمة بيانات</target>
   </keywords>
   <keywords>
      <text FeatureID="-1">الشبكة الافتراضية الخاصة</text>
      <target FeatureID="-1" href="SET_HLP_VPN_AP_SETTINGS_VIEW.html">تعديل نقاط وصول VPN</target>
   </keywords>
   <keywords>
      <text FeatureID="-1">حارس المفاتيح</text>
      <target FeatureID="-1" href="CP_HLP_AUTOKEYGUARD.html">قفل المفاتيح آليًا</target>
   </keywords>
   <keywords>
      <text FeatureID="true_1581">محركات الأقراص البعيدة</text>
      <target FeatureID="true_1581" href="RD_HLP_REMOTE_DRIVE_CONFIG.html">ضبط محركات الأقراص البعيدة</target>
      <target FeatureID="true_1581" href="RD_HLP_REMOTE_DRIVES.html">محركات الأقراص البعيدة</target>
   </keywords>
   <keywords>
      <text FeatureID="-1">حظر مكالمات</text>
      <target FeatureID="-1" href="SET_HLP_BARRING_SETTINGS.html">حظر المكالمات الهاتفية</target>
      <target FeatureID="-1" href="SET_HLP_BARRING_SETTINGS.html">حظر المكالمات الهاتفية</target>
      <target FeatureID="true_298" href="DIV_HLP_BARRING_MAIN.html">حظر المكالمات</target>
      <target FeatureID="true_298" href="DIV_HLP_BARRING_MAIN.html">حظر المكالمات</target>
   </keywords>
   <keywords>
      <text FeatureID="-1">تحويل مكالمات</text>
      <target FeatureID="true_89" href="DIV_HLP_CALL_FORW_VID.html">تحويل مكالمات الفيديو</target>
      <target FeatureID="-1" href="DIV_HLP_CALL_FORW_MAIN.html">تحويل المكالمات</target>
      <target FeatureID="-1" href="DIV_HLP_CALL_FORW_VOI.html">تحويل المكالمات الصوتية</target>
   </keywords>
   <keywords>
      <text FeatureID="-1">توجيه المكالمات</text>
      <target FeatureID="-1" href="DIV_HLP_CALL_FORW_MAIN.html">تحويل المكالمات</target>
   </keywords>
   <keywords>
      <text FeatureID="-1">ضبط مزامنة</text>
      <target FeatureID="-1" href="CP_HLP_SYNCHRONISATION.html">ضبط التزامن</target>
   </keywords>
   <keywords>
      <text FeatureID="-1">تثبيت التطبيقات</text>
      <target FeatureID="-1" href="CP_HLP_INSTALLATIONS.html">التطبيقات المثبتة</target>
   </keywords>
   <keywords>
      <text FeatureID="-1">ضبط سماعة الأذن</text>
      <target FeatureID="-1" href="SET_HLP_ACCESSORIES_HEADPHONE.html">ضبط سماعة الأذن</target>
   </keywords>
   <keywords>
      <text FeatureID="-1">ضبط طاقم الرأس</text>
      <target FeatureID="-1" href="SET_HLP_ACCESSORIES_HEADSET.html">ضبط طاقم الرأس</target>
   </keywords>
   <keywords>
      <text FeatureID="-1">ضبط طقم السيارة السلكي</text>
      <target FeatureID="-1" href="SET_HLP_ACCESS_WIRED_CK.html">ضبط طقم السيارة السلكي</target>
   </keywords>
   <keywords>
      <text FeatureID="-1">ضبط طقم السيارة</text>
      <target FeatureID="-1" href="SET_HLP_ACCESS_WIRED_CK.html">ضبط طقم السيارة السلكي</target>
   </keywords>
   <keywords>
      <text FeatureID="-1">ضبط وحدة الاستماع للموسيقى</text>
      <target FeatureID="-1" href="SET_HLP_ACCESSORIES_MUSIC_ST.html">ضبط وحدة الاستماع للموسيقى</target>
   </keywords>
   <keywords>
      <text FeatureID="true_1032">ضبط TTY</text>
      <target FeatureID="true_1032" href="SET_HLP_ACCESSORIES_TTY.html">ضبط الهاتف النصي</target>
   </keywords>
   <keywords>
      <text FeatureID="true_1032">ضبط TDD</text>
      <target FeatureID="true_1032" href="SET_HLP_ACCESSORIES_TTY.html">ضبط الهاتف النصي</target>
   </keywords>
   <keywords>
      <text FeatureID="true_1540">ضبط خرج التلفزيون</text>
      <target FeatureID="true_1540" href="SET_HLP_ACCESSORIES_TVOUT.html">ضبط خرج التلفزيون</target>
   </keywords>
   <keywords>
      <text FeatureID="true_410">إدخال النص</text>
      <target FeatureID="true_410" href="PREDINPUT_HLP_VIRTUAL_ITI_SETTINGS.html">ضبط الإدخال</target>
   </keywords>
   <keywords>
      <text FeatureID="-1">الإدخال الذكي للنص</text>
      <target FeatureID="-1" href="PREDINPUT_HLP_VIRTUAL_ITI.html">الإدخال الذكي للنص</target>
   </keywords>
   <keywords>
      <text FeatureID="-1">الضبط, استعادة</text>
      <target FeatureID="-1" href="SET_HLP_GENERAL_ORIG_SET.html">استعادة الضبط الأصلي</target>
   </keywords>
   <keywords>
      <text FeatureID="-1">استعادة الضبط</text>
      <target FeatureID="-1" href="SET_HLP_GENERAL_ORIG_SET.html">استعادة الضبط الأصلي</target>
   </keywords>
   <keywords>
      <text FeatureID="-1">ضبط المصنع، استعادة</text>
      <target FeatureID="-1" href="SET_HLP_GENERAL_ORIG_SET.html">استعادة الضبط الأصلي</target>
   </keywords>
</keywords>