<?xml version="1.0" encoding="UTF-8"?>
<keywords>
   <keywords>
      <text FeatureID="-1">Quickoffice, manager fişiere</text>
      <target FeatureID="-1" href="QFM_HLP_FILE_MENU.html">Manager fişiere</target>
   </keywords>
   <keywords>
      <text FeatureID="-1">Quickoffice</text>
      <target FeatureID="-1" href="QFM_HLP_LOC_MENU.html">Quickoffice</target>
   </keywords>
   <keywords>
      <text FeatureID="-1">Quickpoint</text>
      <target FeatureID="-1" href="QPOINT_HLP_EDIT_SLIDE_VIEW.html">Editarea cadrelor</target>
      <target FeatureID="-1" href="QPOINT_HLP_REPLACE_VIEW.html">Găsirea şi înlocuirea textului</target>
      <target FeatureID="-1" href="QPOINT_HLP_FIND_VIEW.html">Găsire text</target>
      <target FeatureID="-1" href="QPOINT_HLP_VIEW_SLIDE_VIEW.html">Vizualizarea cadrelor</target>
   </keywords>
   <keywords>
      <text FeatureID="-1">Quickpoint, text</text>
      <target FeatureID="-1" href="QPOINT_HLP_EDIT_TEXT_VIEW.html">Editarea textului</target>
   </keywords>
   <keywords>
      <text FeatureID="-1">Quickpoint, comentarii</text>
      <target FeatureID="-1" href="QPOINT_HLP_COMMENT_VIEW.html">Vizualizarea comentariilor</target>
   </keywords>
   <keywords>
      <text FeatureID="-1">Quickpoint, note</text>
      <target FeatureID="-1" href="QPOINT_HLP_VIEW_NOTES_VIEW.html">Afişare note</target>
   </keywords>
   <keywords>
      <text FeatureID="-1">Quickpoint, schiţe</text>
      <target FeatureID="-1" href="QPOINT_HLP_VIEW_OUTLINE_VIEW.html">Vizualizarea schiţelor</target>
   </keywords>
   <keywords>
      <text FeatureID="-1">Quicksheet, celule</text>
      <target FeatureID="-1" href="QSHEET_HLP_CELLS_EDIT.html">Editarea celulelor</target>
      <target FeatureID="-1" href="QSHEET_HLP_VIEW_CELL.html">Vizualizare celule</target>
   </keywords>
   <keywords>
      <text FeatureID="-1">Quicksheet, coloane</text>
      <target FeatureID="-1" href="QSHEET_HLP_EDIT_COLUMN.html">Editarea coloanelor</target>
   </keywords>
   <keywords>
      <text FeatureID="-1">Quicksheet, intervale</text>
      <target FeatureID="-1" href="QSHEET_HLP_EDIT_RANGE.html">Editarea intervalelor</target>
   </keywords>
   <keywords>
      <text FeatureID="-1">Quicksheet, rânduri</text>
      <target FeatureID="-1" href="QSHEET_HLP_EDIT_ROW.html">Editarea rândurilor</target>
   </keywords>
   <keywords>
      <text FeatureID="-1">Quicksheet</text>
      <target FeatureID="-1" href="QSHEET_HLP_REPLACE_VIEW.html">Găsirea şi înlocuirea textului</target>
      <target FeatureID="-1" href="QSHEET_HLP_FIND_VIEW.html">Găsire text</target>
      <target FeatureID="-1" href="QSHEET_HLP_CELLS_VIEW.html">Vizualizare foi de calcul</target>
   </keywords>
   <keywords>
      <text FeatureID="-1">Quickword</text>
      <target FeatureID="-1" href="QWORD_HLP_EDIT_MODE.html">Editarea documentelor</target>
      <target FeatureID="-1" href="QWORD_HLP_FIND_MODE.html">Găsirea şi înlocuirea textului</target>
      <target FeatureID="-1" href="QWORD_HLP_VIEW_MODE.html">Vizualizarea documentelor</target>
      <target FeatureID="-1" href="QWORD_HLP_PAGE_VIEW.html">Vizualizare aspect pagină</target>
   </keywords>
</keywords>