<?xml version="1.0" encoding="UTF-8"?>
<keywords>
   <keywords>
      <text FeatureID="-1">memperbarui perangkat lunak</text>
      <target FeatureID="-1" href="SWUPDATE_HLP_MAIN.html">Pembaruan perangkat lunak</target>
   </keywords>
   <keywords>
      <text FeatureID="-1">pembaruan perangkat lunak</text>
      <target FeatureID="-1" href="SWUPDATE_HLP_MAIN.html">Pembaruan perangkat lunak</target>
   </keywords>
   <keywords>
      <text FeatureID="-1">pengaturan pembaruan perangkat lunak</text>
      <target FeatureID="-1" href="SWUPDATE_HLP_SETTINGS.html">Pengaturan pembaruan perangkat lunak</target>
   </keywords>
</keywords>