<?xml version="1.0" encoding="UTF-8"?><?xml-stylesheet  href="../../theme/xsl/index2html.xslt" type="text/xsl"?>
<topics FeatureID="-1" title="Pranešimų mainai" compressed="true">
   <topicref FeatureID="-1" href="MCE_HLP_MESSAGING.html" navtitle="Pranešimų siuntimo centras"/>
   <topicref FeatureID="-1" href="MCE_HLP_SIM.html" navtitle="SIM pranešimų peržiūra"/>
   <topicref FeatureID="-1" href="MCE_HLP_SETTINGS.html" navtitle="Pranešimų siuntimo parametrai"/>
   <topicref FeatureID="-1" href="MCE_HLP_SETTINGS_SMS.html" navtitle="Tekstinių pranešimų parametrai"/>
   <topicref FeatureID="-1" href="SMS_HLP_SETTINGS_SCENTRES.html" navtitle="Tekstinių pranešimų centro parametrai"/>
   <topicref FeatureID="-1" href="SMS_HLP_SETTINGS_SCENTRES_EDIT.html" navtitle="Tekstinių pranešimų centrų redagavimas"/>
   <topicref FeatureID="true_1092" href="SMS_HLP_SETTINGS_SMS_EMAIL.html" navtitle="Tekstinių pranešimų el. pašto parametrai"/>
   <topicref FeatureID="-1" href="MCE_HLP_SETTINGS_MMS.html" navtitle="Daugiaformačių pranešimų parametrai"/>
   <topicref FeatureID="true_1090" href="MCE_HLP_SETTINGS_CB.html" navtitle="Transliacijos parametrai"/>
   <topicref FeatureID="-1" href="MCE_HLP_SETTINGS_GEN.html" navtitle="Kiti parametrai"/>
   <topicref FeatureID="-1" href="MCE_HLP_INBOX.html" navtitle="Priėmimo dėžutė"/>
   <topicref FeatureID="-1" href="MCE_HLP_DOCUMENTS.html" navtitle="Mano katalogai"/>
   <topicref FeatureID="-1" href="MCE_HLP_TEMPLATES.html" navtitle="Pranešimų ruošiniai"/>
   <topicref FeatureID="-1" href="MCE_HLP_FOLDER.html" navtitle="Pranešimų tvarkymas"/>
   <topicref FeatureID="-1" href="MCE_HLP_DRAFTS.html" navtitle="Juodraščiai"/>
   <topicref FeatureID="-1" href="MCE_HLP_SENT_ITEMS.html" navtitle="Išsiųsti pranešimai"/>
   <topicref FeatureID="-1" href="MCE_HLP_OUTBOX.html" navtitle="Siuntimo dėžutė"/>
   <topicref FeatureID="-1" href="MCE_HLP_DELIVERY_REPORTS.html" navtitle="Siuntimo ataskaitos"/>
   <topicref FeatureID="true_1132" href="MCE_HLP_MMS_NOTIFICATIONS.html" navtitle="Pranešimai apie daugiaformačių pranešimų gavimą"/>
   <topicref FeatureID="-1" href="FIND_HLP.html" navtitle="Numerių / adresų paieška"/>
</topics>