<?xml version="1.0" encoding="UTF-8"?>
<keywords>
   <keywords>
      <text FeatureID="-1">pranešimų siuntimas</text>
      <target FeatureID="-1" href="MCE_HLP_MESSAGING.html">Pranešimų siuntimo centras</target>
      <target FeatureID="-1" href="MCE_HLP_OUTBOX.html">Siuntimo dėžutė</target>
   </keywords>
   <keywords>
      <text FeatureID="-1">pranešimų priėmimas</text>
      <target FeatureID="-1" href="MCE_HLP_MESSAGING.html">Pranešimų siuntimo centras</target>
      <target FeatureID="-1" href="MCE_HLP_INBOX.html">Priėmimo dėžutė</target>
   </keywords>
   <keywords>
      <text FeatureID="-1">SIM pranešimai</text>
      <target FeatureID="-1" href="MCE_HLP_SIM.html">SIM pranešimų peržiūra</target>
   </keywords>
   <keywords>
      <text FeatureID="-1">SIM kortelės pranešimai</text>
      <target FeatureID="-1" href="MCE_HLP_SIM.html">SIM pranešimų peržiūra</target>
   </keywords>
   <keywords>
      <text FeatureID="-1">pranešimų siuntimo parametrai</text>
      <target FeatureID="-1" href="MCE_HLP_SETTINGS.html">Pranešimų siuntimo parametrai</target>
      <target FeatureID="-1" href="MCE_HLP_SETTINGS_GEN.html">Kiti parametrai</target>
   </keywords>
   <keywords>
      <text FeatureID="-1">SMS parametrai</text>
      <target FeatureID="-1" href="MCE_HLP_SETTINGS_SMS.html">Tekstinių pranešimų parametrai</target>
   </keywords>
   <keywords>
      <text FeatureID="-1">tekstinių pranešimų parametrai</text>
      <target FeatureID="-1" href="MCE_HLP_SETTINGS_SMS.html">Tekstinių pranešimų parametrai</target>
      <target FeatureID="-1" href="SMS_HLP_SETTINGS_SCENTRES.html">Tekstinių pranešimų centro parametrai</target>
      <target FeatureID="-1" href="SMS_HLP_SETTINGS_SCENTRES_EDIT.html">Tekstinių pranešimų centrų redagavimas</target>
   </keywords>
   <keywords>
      <text FeatureID="-1">pranešimų centro parametrai</text>
      <target FeatureID="-1" href="SMS_HLP_SETTINGS_SCENTRES.html">Tekstinių pranešimų centro parametrai</target>
      <target FeatureID="-1" href="SMS_HLP_SETTINGS_SCENTRES_EDIT.html">Tekstinių pranešimų centrų redagavimas</target>
   </keywords>
   <keywords>
      <text FeatureID="-1">SMS centro parametrai</text>
      <target FeatureID="-1" href="SMS_HLP_SETTINGS_SCENTRES.html">Tekstinių pranešimų centro parametrai</target>
   </keywords>
   <keywords>
      <text FeatureID="true_1092">tekstiniai pranešimai el. paštu</text>
      <target FeatureID="true_1092" href="SMS_HLP_SETTINGS_SMS_EMAIL.html">Tekstinių pranešimų el. pašto parametrai</target>
   </keywords>
   <keywords>
      <text FeatureID="true_1092">sms el. pašto parametrai</text>
      <target FeatureID="true_1092" href="SMS_HLP_SETTINGS_SMS_EMAIL.html">Tekstinių pranešimų el. pašto parametrai</target>
   </keywords>
   <keywords>
      <text FeatureID="-1">MMS parametrai</text>
      <target FeatureID="-1" href="MCE_HLP_SETTINGS_MMS.html">Daugiaformačių pranešimų parametrai</target>
   </keywords>
   <keywords>
      <text FeatureID="true_1090">transliacijos parametrai</text>
      <target FeatureID="true_1090" href="MCE_HLP_SETTINGS_CB.html">Transliacijos parametrai</target>
   </keywords>
   <keywords>
      <text FeatureID="-1">priėmimo dėžutė</text>
      <target FeatureID="-1" href="MCE_HLP_INBOX.html">Priėmimo dėžutė</target>
   </keywords>
   <keywords>
      <text FeatureID="-1">mano katalogai</text>
      <target FeatureID="-1" href="MCE_HLP_DOCUMENTS.html">Mano katalogai</target>
   </keywords>
   <keywords>
      <text FeatureID="-1">pranešimų saugojimas</text>
      <target FeatureID="-1" href="MCE_HLP_DOCUMENTS.html">Mano katalogai</target>
   </keywords>
   <keywords>
      <text FeatureID="-1">ruošinių siuntimas</text>
      <target FeatureID="-1" href="MCE_HLP_TEMPLATES.html">Pranešimų ruošiniai</target>
   </keywords>
   <keywords>
      <text FeatureID="-1">pranešimų ruošiniai</text>
      <target FeatureID="-1" href="MCE_HLP_TEMPLATES.html">Pranešimų ruošiniai</target>
   </keywords>
   <keywords>
      <text FeatureID="-1">pranešimų tvarkymas</text>
      <target FeatureID="-1" href="MCE_HLP_FOLDER.html">Pranešimų tvarkymas</target>
   </keywords>
   <keywords>
      <text FeatureID="-1">pranešimų juodraščių išsaugojimas</text>
      <target FeatureID="-1" href="MCE_HLP_DRAFTS.html">Juodraščiai</target>
   </keywords>
   <keywords>
      <text FeatureID="-1">pranešimų juodraščiai</text>
      <target FeatureID="-1" href="MCE_HLP_DRAFTS.html">Juodraščiai</target>
   </keywords>
   <keywords>
      <text FeatureID="-1">išsiųsti pranešimai</text>
      <target FeatureID="-1" href="MCE_HLP_SENT_ITEMS.html">Išsiųsti pranešimai</target>
   </keywords>
   <keywords>
      <text FeatureID="-1">siuntimo dėžutės peržvalga</text>
      <target FeatureID="-1" href="MCE_HLP_OUTBOX.html">Siuntimo dėžutė</target>
   </keywords>
   <keywords>
      <text FeatureID="-1">siuntimo ataskaitos</text>
      <target FeatureID="-1" href="MCE_HLP_DELIVERY_REPORTS.html">Siuntimo ataskaitos</target>
   </keywords>
   <keywords>
      <text FeatureID="true_1132">Pranešimai apie MMS gavimą</text>
      <target FeatureID="true_1132" href="MCE_HLP_MMS_NOTIFICATIONS.html">Pranešimai apie daugiaformačių pranešimų gavimą</target>
   </keywords>
</keywords>