<?xml version="1.0" encoding="UTF-8"?>
<keywords>
   <keywords>
      <text FeatureID="-1">Quickoffice, menedżer plików</text>
      <target FeatureID="-1" href="QFM_HLP_FILE_MENU.html">Menedżer plików</target>
   </keywords>
   <keywords>
      <text FeatureID="-1">Quickoffice</text>
      <target FeatureID="-1" href="QFM_HLP_LOC_MENU.html">Quickoffice</target>
   </keywords>
   <keywords>
      <text FeatureID="-1">Quickpoint</text>
      <target FeatureID="-1" href="QPOINT_HLP_EDIT_SLIDE_VIEW.html">Edytowanie slajdów</target>
      <target FeatureID="-1" href="QPOINT_HLP_REPLACE_VIEW.html">Wyszukiwanie i zamiana tekstu</target>
      <target FeatureID="-1" href="QPOINT_HLP_FIND_VIEW.html">Znajdowanie tekstu</target>
      <target FeatureID="-1" href="QPOINT_HLP_VIEW_SLIDE_VIEW.html">Wyświetlanie slajdów</target>
   </keywords>
   <keywords>
      <text FeatureID="-1">Quickpoint, tekst</text>
      <target FeatureID="-1" href="QPOINT_HLP_EDIT_TEXT_VIEW.html">Edytowanie tekstu</target>
   </keywords>
   <keywords>
      <text FeatureID="-1">Quickpoint, komentarze</text>
      <target FeatureID="-1" href="QPOINT_HLP_COMMENT_VIEW.html">Wyświetlanie komentarzy</target>
   </keywords>
   <keywords>
      <text FeatureID="-1">Quickpoint, notatki</text>
      <target FeatureID="-1" href="QPOINT_HLP_VIEW_NOTES_VIEW.html">Wyświetlanie notatek</target>
   </keywords>
   <keywords>
      <text FeatureID="-1">Quickpoint, konspekty</text>
      <target FeatureID="-1" href="QPOINT_HLP_VIEW_OUTLINE_VIEW.html">Wyświetlanie konspektów</target>
   </keywords>
   <keywords>
      <text FeatureID="-1">Quicksheet, komórki</text>
      <target FeatureID="-1" href="QSHEET_HLP_CELLS_EDIT.html">Edytowanie komórek</target>
      <target FeatureID="-1" href="QSHEET_HLP_VIEW_CELL.html">Wyświetlanie komórek</target>
   </keywords>
   <keywords>
      <text FeatureID="-1">Quicksheet, kolumny</text>
      <target FeatureID="-1" href="QSHEET_HLP_EDIT_COLUMN.html">Edytowanie kolumn</target>
   </keywords>
   <keywords>
      <text FeatureID="-1">Quicksheet, zakresy</text>
      <target FeatureID="-1" href="QSHEET_HLP_EDIT_RANGE.html">Edycja zakresów</target>
   </keywords>
   <keywords>
      <text FeatureID="-1">Quicksheet, wiersze</text>
      <target FeatureID="-1" href="QSHEET_HLP_EDIT_ROW.html">Edytowanie wierszy</target>
   </keywords>
   <keywords>
      <text FeatureID="-1">Quicksheet</text>
      <target FeatureID="-1" href="QSHEET_HLP_REPLACE_VIEW.html">Wyszukiwanie i zamiana tekstu</target>
      <target FeatureID="-1" href="QSHEET_HLP_FIND_VIEW.html">Znajdowanie tekstu</target>
      <target FeatureID="-1" href="QSHEET_HLP_CELLS_VIEW.html">Wyświetlanie arkuszy kalkulacyjnych</target>
   </keywords>
   <keywords>
      <text FeatureID="-1">Quickword</text>
      <target FeatureID="-1" href="QWORD_HLP_EDIT_MODE.html">Edytowanie dokumentów</target>
      <target FeatureID="-1" href="QWORD_HLP_FIND_MODE.html">Wyszukiwanie i zamiana tekstu</target>
      <target FeatureID="-1" href="QWORD_HLP_VIEW_MODE.html">Wyświetlanie dokumentów</target>
      <target FeatureID="-1" href="QWORD_HLP_PAGE_VIEW.html">Wyświetlanie układu strony</target>
   </keywords>
</keywords>