<?xml version="1.0" encoding="UTF-8"?><?xml-stylesheet  href="../../theme/xsl/index2html.xslt" type="text/xsl"?>
<topics FeatureID="-1" title="Συγχρονισμός δεδομένων" compressed="true">
   <topicref FeatureID="-1" href="DS_HLP_MAIN_VIEW.html" navtitle="Συγχρονισμός δεδομένων"/>
   <topicref FeatureID="-1" href="DS_HLP_SETTINGS.html" navtitle="Επεξεργασία προφίλ συγχρονισμού"/>
   <topicref FeatureID="-1" href="DS_HLP_SETTINGS_CAL.html" navtitle="Ρυθμίσεις συγχρονισμού ημερολογίου"/>
   <topicref FeatureID="-1" href="DS_HLP_SETTINGS_CNT.html" navtitle="Ρυθμίσεις συγχρονισμού επαφών"/>
   <topicref FeatureID="-1" href="DS_HLP_SETTINGS_NOTES.html" navtitle="Ρυθμίσεις συγχρονισμού σημειώσεων"/>
   <topicref FeatureID="-1" href="DS_HLP_SETTINGS_SMS.html" navtitle="Ρυθμίσεις συγχρονισμού SMS"/>
   <topicref FeatureID="true_44" href="DS_HLP_SETTINGS_SYNCML.html" navtitle="Ρυθμ. συγχρ. e-mail"/>
   <topicref FeatureID="-1" href="DS_HLP_SETTINGS_BOOKMARKS.html" navtitle="Ρυθμίσεις συγχρονισμού σελιδοδεικτών"/>
   <topicref FeatureID="-1" href="DS_HLP_AUTO_SYNC_SETTINGS.html" navtitle="Ρυθμίσεις αυτόματου συγχρονισμού"/>
   <topicref FeatureID="-1" href="DS_HLP_SETTINGS_MMS.html" navtitle="Ρυθμίσεις συγχρονισμού MMS"/>
   <topicref FeatureID="-1" href="DS_HLP_PROFILE_SETTINGS.html" navtitle="Ρυθμίσεις προβολής προφίλ"/>
</topics>