<?xml version="1.0" encoding="UTF-8"?>
<keywords>
   <keywords>
      <text FeatureID="-1">συγχρονισμός</text>
      <target FeatureID="-1" href="DS_HLP_MAIN_VIEW.html">Συγχρονισμός δεδομένων</target>
   </keywords>
   <keywords>
      <text FeatureID="-1">προφίλ συγχρονισμού</text>
      <target FeatureID="-1" href="DS_HLP_MAIN_VIEW.html">Συγχρονισμός δεδομένων</target>
   </keywords>
   <keywords>
      <text FeatureID="-1">ρυθμίσεις προφίλ συγχρονισμού</text>
      <target FeatureID="-1" href="DS_HLP_SETTINGS.html">Επεξεργασία προφίλ συγχρονισμού</target>
   </keywords>
   <keywords>
      <text FeatureID="-1">ρυθμίσεις συγχρονισμού</text>
      <target FeatureID="-1" href="DS_HLP_SETTINGS_CAL.html">Ρυθμίσεις συγχρονισμού ημερολογίου</target>
      <target FeatureID="-1" href="DS_HLP_SETTINGS_CNT.html">Ρυθμίσεις συγχρονισμού επαφών</target>
      <target FeatureID="-1" href="DS_HLP_SETTINGS_NOTES.html">Ρυθμίσεις συγχρονισμού σημειώσεων</target>
      <target FeatureID="-1" href="DS_HLP_SETTINGS_SMS.html">Ρυθμίσεις συγχρονισμού SMS</target>
      <target FeatureID="true_44" href="DS_HLP_SETTINGS_SYNCML.html">Ρυθμ. συγχρ. e-mail</target>
   </keywords>
</keywords>