<?xml version="1.0" encoding="UTF-8"?>
<keywords>
   <keywords>
      <text FeatureID="-1">prenos podataka</text>
      <target FeatureID="-1" href="SWITCH_HLP_EDIT_SHORTCUT.html">Podešavanje prečica</target>
      <target FeatureID="-1" href="SWITCH_HLP_EDIT_SHORTCUT.html">Podešavanje prečica</target>
      <target FeatureID="-1" href="SWITCH_HLP_MAIN.html">Prenos podataka</target>
      <target FeatureID="-1" href="SWITCH_HLP_MAIN.html">Prenos podataka</target>
      <target FeatureID="-1" href="SWITCH_HLP_LOG.html">Dnevnik prenosa</target>
   </keywords>
   <keywords>
      <text FeatureID="-1">prečice</text>
      <target FeatureID="-1" href="SWITCH_HLP_EDIT_SHORTCUT.html">Podešavanje prečica</target>
   </keywords>
   <keywords>
      <text FeatureID="-1">prenos podataka, problemi</text>
      <target FeatureID="-1" href="SWITCH_HLP_CONFLICT.html">Problemi prilikom prenosa</target>
   </keywords>
   <keywords>
      <text FeatureID="-1">kopiranje sadržaja</text>
      <target FeatureID="-1" href="SWITCH_HLP_MAIN.html">Prenos podataka</target>
   </keywords>
   <keywords>
      <text FeatureID="-1">dnevnik prenosa</text>
      <target FeatureID="-1" href="SWITCH_HLP_LOG.html">Dnevnik prenosa</target>
   </keywords>
</keywords>