<?xml version="1.0" encoding="UTF-8"?>
<keywords>
   <keywords>
      <text FeatureID="-1">afkóðun, minniskort</text>
      <target FeatureID="-1" href="ES_HLP_ENCRYPTION_DECRYPT.html">Minniskort afkóðað</target>
   </keywords>
   <keywords>
      <text FeatureID="-1">dulkóðun, minniskort</text>
      <target FeatureID="-1" href="ES_HLP_ENCRYPTION_ENCRYPT.html">Minniskortið dulkóðað</target>
   </keywords>
   <keywords>
      <text FeatureID="-1">dulkóðun, minni tækis og minniskort</text>
      <target FeatureID="-1" href="ES_HLP_ENCRYPTION_MAIN.html">Dulkóðun eða afkóðun</target>
   </keywords>
   <keywords>
      <text FeatureID="-1">afkóðun, minni tækis og minniskort</text>
      <target FeatureID="-1" href="ES_HLP_ENCRYPTION_MAIN.html">Dulkóðun eða afkóðun</target>
   </keywords>
</keywords>