<?xml version="1.0" encoding="UTF-8"?>
<keywords>
   <keywords>
      <text FeatureID="-1">訊息閱讀助理, 語言</text>
      <target FeatureID="-1" href="SPEECH_HLP_MAIN.html">語音設定</target>
   </keywords>
   <keywords>
      <text FeatureID="-1">訊息閱讀器, 語音</text>
      <target FeatureID="-1" href="SPEECH_HLP_MAIN.html">語音設定</target>
   </keywords>
   <keywords>
      <text FeatureID="-1">訊息閱讀助理</text>
      <target FeatureID="-1" href="SPEECH_HLP_VOICE.html">語音詳細資料</target>
   </keywords>
   <keywords>
      <text FeatureID="-1">訊息閱讀器, 設定</text>
      <target FeatureID="-1" href="SPEECH_HLP_MRSETTINGS.html">訊息閱讀器設定</target>
   </keywords>
</keywords>