<?xml version="1.0" encoding="UTF-8"?>
<keywords>
   <keywords>
      <text FeatureID="-1">editar notas</text>
      <target FeatureID="-1" href="NMAKE_HLP_MEMO_VIEWER_EDIT.html">Editar notas em aplicativos</target>
   </keywords>
   <keywords>
      <text FeatureID="-1">recebendo notas</text>
      <target FeatureID="-1" href="NMAKE_HLP_MEMO_VIEWER.html">Ver notas recebidas</target>
   </keywords>
   <keywords>
      <text FeatureID="-1">modelos mensagem</text>
      <target FeatureID="-1" href="NMAKE_HLP_TEMPLATE_EDITOR.html">Escrev. modelos mensag.</target>
   </keywords>
   <keywords>
      <text FeatureID="-1">criando modelos de mensagem</text>
      <target FeatureID="-1" href="NMAKE_HLP_TEMPLATE_EDITOR.html">Escrev. modelos mensag.</target>
   </keywords>
   <keywords>
      <text FeatureID="-1">escrev. modelos mensag.</text>
      <target FeatureID="-1" href="NMAKE_HLP_TEMPLATE_EDITOR.html">Escrev. modelos mensag.</target>
   </keywords>
   <keywords>
      <text FeatureID="-1">lista notas</text>
      <target FeatureID="-1" href="NMAKE_HLP_MEMO_LIST.html">Lista notas</target>
   </keywords>
   <keywords>
      <text FeatureID="-1">escrev. notas</text>
      <target FeatureID="-1" href="NMAKE_HLP_MEMO_LIST.html">Lista notas</target>
      <target FeatureID="-1" href="NMAKE_HLP_MEMO_EDITOR_APPS.html">Escrev. notas em aplicativos</target>
      <target FeatureID="-1" href="NMAKE_HLP_MEMO_EDITOR.html">Escrev. notas</target>
   </keywords>
</keywords>