<?xml version="1.0" encoding="UTF-8"?>
<keywords>
   <keywords>
      <text FeatureID="-1">profilu pielāgošana</text>
      <target FeatureID="-1" href="MODE_HLP_PERSONALISE.html">Profilu pielāgošana</target>
   </keywords>
   <keywords>
      <text FeatureID="-1">signālu uzstādījumi</text>
      <target FeatureID="-1" href="SET_HLP_PERSONAL_TONES.html">Signālu uzstādījumi</target>
   </keywords>
   <keywords>
      <text FeatureID="-1">zvana signāli</text>
      <target FeatureID="-1" href="SET_HLP_PERSONAL_TONES.html">Signālu uzstādījumi</target>
   </keywords>
   <keywords>
      <text FeatureID="-1">profili</text>
      <target FeatureID="-1" href="MODE_HLP_PROFILES_LIST.html">Profili</target>
   </keywords>
   <keywords>
      <text FeatureID="-1">profilu maiņa</text>
      <target FeatureID="-1" href="MODE_HLP_PROFILES_LIST.html">Profili</target>
   </keywords>
</keywords>