<?xml version="1.0" encoding="UTF-8"?>
<keywords>
   <keywords>
      <text FeatureID="-1">postcard</text>
      <target FeatureID="-1" href="MMS_POSTCARD_HLP_ADDRESS_EDIT.html">Úprava adries</target>
      <target FeatureID="-1" href="POSTCARD_HLP_ADDRESS_VIEW.html">Prezeranie adries</target>
      <target FeatureID="-1" href="POSTCARD_HLP_GREETING_EDIT.html">Písanie pozdravov</target>
      <target FeatureID="-1" href="POSTCARD_HLP_GREETING_VIEW.html">Prezeranie pozdravov</target>
      <target FeatureID="-1" href="MMS_POSTCARD_HLP_MAIN_EDIT.html">Tvorba pohľadníc</target>
   </keywords>
   <keywords>
      <text FeatureID="-1">odosielanie pohľadníc</text>
      <target FeatureID="-1" href="MMS_POSTCARD_HLP_ADDRESS_EDIT.html">Úprava adries</target>
      <target FeatureID="-1" href="POSTCARD_HLP_GREETING_EDIT.html">Písanie pozdravov</target>
      <target FeatureID="-1" href="MMS_POSTCARD_HLP_MAIN_EDIT.html">Tvorba pohľadníc</target>
   </keywords>
   <keywords>
      <text FeatureID="-1">pohľadnice</text>
      <target FeatureID="-1" href="MMS_POSTCARD_HLP_MAIN_VIEW.html">Prezeranie pohľadníc</target>
   </keywords>
</keywords>