<?xml version="1.0" encoding="UTF-8"?>
<keywords>
   <keywords>
      <text FeatureID="-1">urejanje slik</text>
      <target FeatureID="-1" href="SIE_HLP_MAIN.html">Urej. slik</target>
   </keywords>
   <keywords>
      <text FeatureID="-1">urejanje besedila</text>
      <target FeatureID="-1" href="SIE_HLP_EDIT_TEXT.html">Urej. besedila v slikah</target>
   </keywords>
   <keywords>
      <text FeatureID="-1">urejevalnik slik</text>
      <target FeatureID="-1" href="SIE_HLP_EDIT_TEXT.html">Urej. besedila v slikah</target>
   </keywords>
   <keywords>
      <text FeatureID="-1">urejanje povečanih ali zmanjšanih slik</text>
      <target FeatureID="-1" href="SIE_HLP_ZOOMING.html">Urej. poveč. ali zmanj. slik</target>
   </keywords>
   <keywords>
      <text FeatureID="-1">povečava ali zmanjšanje slik</text>
      <target FeatureID="-1" href="SIE_HLP_ZOOMING.html">Urej. poveč. ali zmanj. slik</target>
   </keywords>
   <keywords>
      <text FeatureID="-1">urejanje izrezka</text>
      <target FeatureID="-1" href="SIE_HLP_EDIT_CLIPART.html">Urej. izrezkov</target>
   </keywords>
   <keywords>
      <text FeatureID="-1">urejanje pogovornih oblačkov</text>
      <target FeatureID="-1" href="SIE_HLP_EDIT_CLIPART.html">Urej. izrezkov</target>
   </keywords>
   <keywords>
      <text FeatureID="-1">zmanj. učinka rdečih oči</text>
      <target FeatureID="-1" href="SIE_HLP_REDEYE.html">Zmanj. učinka rdečih oči</target>
   </keywords>
</keywords>