<?xml version="1.0" encoding="UTF-8"?>
<keywords>
   <keywords>
      <text FeatureID="-1">Dáta GPS</text>
      <target FeatureID="-1" href="HLP_BLID_NAVIGATION.html">Zobrazenie navigácie</target>
      <target FeatureID="false_112" href="BLID_HLP_WAYPOINTS.html">Uložené miesta</target>
      <target FeatureID="-1" href="HLP_BLID_TRIPMETER.html">Zobrazenie dĺžky trasy</target>
   </keywords>
   <keywords>
      <text FeatureID="-1">navigácia do cieľa</text>
      <target FeatureID="-1" href="HLP_BLID_NAVIGATION.html">Zobrazenie navigácie</target>
   </keywords>
   <keywords>
      <text FeatureID="false_112">ukladanie lokalít</text>
      <target FeatureID="false_112" href="BLID_HLP_WAYPOINTS.html">Uložené miesta</target>
   </keywords>
   <keywords>
      <text FeatureID="-1">nastavenia navigátora</text>
      <target FeatureID="-1" href="BLID_HLP_SETTINGS.html">Nastavenia dát GPS</target>
   </keywords>
   <keywords>
      <text FeatureID="-1">nastavenia dát GPS</text>
      <target FeatureID="-1" href="BLID_HLP_SETTINGS.html">Nastavenia dát GPS</target>
   </keywords>
   <keywords>
      <text FeatureID="-1">informácie o trase</text>
      <target FeatureID="-1" href="HLP_BLID_TRIPMETER.html">Zobrazenie dĺžky trasy</target>
   </keywords>
   <keywords>
      <text FeatureID="-1">cestovné informácie</text>
      <target FeatureID="-1" href="HLP_BLID_TRIPMETER.html">Zobrazenie dĺžky trasy</target>
   </keywords>
</keywords>