<?xml version="1.0" encoding="UTF-8"?>
<keywords>
   <keywords>
      <text FeatureID="-1">urej. frekv. prednast.</text>
      <target FeatureID="-1" href="EQ_HLP_EDITING_VIEW.html">Urej. frekv. prednast.</target>
   </keywords>
   <keywords>
      <text FeatureID="-1">izenačevalnik</text>
      <target FeatureID="-1" href="EQ_HLP_LIST_VIEW.html">Frekv. prednast.</target>
   </keywords>
   <keywords>
      <text FeatureID="-1">frekvenčni pas</text>
      <target FeatureID="-1" href="EQ_HLP_LIST_VIEW.html">Frekv. prednast.</target>
   </keywords>
   <keywords>
      <text FeatureID="-1">izbira frekvenčnih prednastavitev</text>
      <target FeatureID="-1" href="EQ_HLP_LIST_VIEW.html">Frekv. prednast.</target>
   </keywords>
</keywords>