<?xml version="1.0" encoding="UTF-8"?>
<keywords>
   <keywords>
      <text FeatureID="true_1604">text input</text>
      <target FeatureID="true_1604" href="HWR_HLP_MAIN_VIEW.html">Rozpoznawanie pisma ręcznego</target>
   </keywords>
   <keywords>
      <text FeatureID="true_1604">rozpoznawanie pisma ręcznego</text>
      <target FeatureID="true_1604" href="HWR_HLP_MAIN_VIEW.html">Rozpoznawanie pisma ręcznego</target>
   </keywords>
   <keywords>
      <text FeatureID="true_1603 true_410">polecenia dotykowe</text>
      <target FeatureID="true_1603" href="VQWERTY_HLP_MAIN_VIEW.html">Wirtualna klawiatura</target>
      <target FeatureID="true_410" href="VITU_HLP_MAIN_VIEW.html">Wirtualna klawiatura</target>
   </keywords>
   <keywords>
      <text FeatureID="true_410">wirtualna klawiatura</text>
      <target FeatureID="true_410" href="VITU_HLP_MAIN_VIEW.html">Wirtualna klawiatura</target>
   </keywords>
</keywords>