<?xml version="1.0" encoding="UTF-8"?>
<keywords>
   <keywords>
      <text FeatureID="-1">årsdagsposter</text>
      <target FeatureID="-1" href="FSCA_HLP_ANNIVERSARY_EDITOR.html">Oprettelse af mærkedagsposter</target>
   </keywords>
   <keywords>
      <text FeatureID="-1">mødeposter, oprette</text>
      <target FeatureID="-1" href="FSCA_HLP_CALE_MEETING_EDITOR.html">Oprettelse af mødeposter</target>
   </keywords>
   <keywords>
      <text FeatureID="-1">notatposter, oprette</text>
      <target FeatureID="-1" href="FSCA_HLP_MEMO_EDITOR.html">Oprettelse af notatposter</target>
   </keywords>
   <keywords>
      <text FeatureID="-1">opgaveposter, oprette</text>
      <target FeatureID="-1" href="FSCA_HLP_TODO_EDITOR.html">Oprettelse af opgaveposter</target>
   </keywords>
   <keywords>
      <text FeatureID="-1">mødeposter, redigere</text>
      <target FeatureID="-1" href="FSCA_HLP_CALE_MEETING_VIEWER.html">Redigering af mødeposter</target>
   </keywords>
   <keywords>
      <text FeatureID="-1">notatposter, redigere</text>
      <target FeatureID="-1" href="FSCA_HLP_MEMO_VIEWER.html">Redigering af notatposter</target>
   </keywords>
   <keywords>
      <text FeatureID="-1">opgaveposter, redigere</text>
      <target FeatureID="-1" href="FSCA_HLP_TODO_VIEWER.html">Redigering af opgaveposter</target>
   </keywords>
   <keywords>
      <text FeatureID="-1">mærkedagsposter, få vist</text>
      <target FeatureID="-1" href="FSCA_HLP_ANNI_VIEWER.html">Redigering af mærkedagsposter</target>
   </keywords>
   <keywords>
      <text FeatureID="-1">mødeindkaldelser</text>
      <target FeatureID="-1" href="FSCA_HLP_RESPONSE_EDITOR.html">Redigere dit svar</target>
      <target FeatureID="-1" href="FSCA_HLP_VIEWER_ORGANIZER.html">Håndtere mødeindkaldelser</target>
      <target FeatureID="-1" href="MEET_REQ_HLP_EDITOR.html">Modtagne mødeindkaldelser</target>
      <target FeatureID="-1" href="FSCA_HLP_VIEWER.html">Besvarelse af mødeindkaldelser</target>
      <target FeatureID="-1" href="FS_VIEWER_HLP_MEETING_REQ_VIEW.html">Besvarelse af en mødeindkaldelse</target>
   </keywords>
   <keywords>
      <text FeatureID="-1">kontakter</text>
      <target FeatureID="-1" href="RLOOK_HLP_INFO_VIEW.html">Håndtering af den fundne kontakt</target>
   </keywords>
   <keywords>
      <text FeatureID="-1">kontakter, søge efter</text>
      <target FeatureID="-1" href="RLOOK_HLP_RESULT_VIEW.html">Søge­resultater</target>
   </keywords>
   <keywords>
      <text FeatureID="-1">e-mail, vedhæftede filer</text>
      <target FeatureID="-1" href="FSE_HLP_ATTACHMENT_LIST_EDITOR.html">Tilføjelse af vedhæftede filer</target>
   </keywords>
   <keywords>
      <text FeatureID="-1">slettet e-mail</text>
      <target FeatureID="-1" href="FSE_HLP_MESSAGE_LIST_DELETED.html">Slettede e-mail-beskeder</target>
   </keywords>
   <keywords>
      <text FeatureID="-1">e-mail, hentning af vedhæftede filer</text>
      <target FeatureID="-1" href="FSE_HLP_ATTACHMENT_LIST.html">Hentning af vedhæftede filer</target>
   </keywords>
   <keywords>
      <text FeatureID="-1">e-mail-kladde</text>
      <target FeatureID="-1" href="FSE_HLP_MESSAGE_LIST_DRAFTS.html">E-mail-kladdebeskeder</target>
   </keywords>
   <keywords>
      <text FeatureID="-1">Nokia e-mail</text>
      <target FeatureID="-1" href="FSE_HLP_LAUNCHER_GRID.html">Nokia e-mail</target>
   </keywords>
   <keywords>
      <text FeatureID="-1">e-mail</text>
      <target FeatureID="-1" href="FSE_HLP_LAUNCHER_GRID.html">Nokia e-mail</target>
   </keywords>
   <keywords>
      <text FeatureID="-1">e-mail-mapper</text>
      <target FeatureID="-1" href="FSE_HLP_FOLDER_LIST.html">E-mail-mapper</target>
      <target FeatureID="-1" href="FSE_HLP_SETT_IMAP_SUBSCR.html">Abonnere på mapper</target>
      <target FeatureID="-1" href="FSE_HLP_MESSAGE_LIST_INBOX.html">Arbejde med e-mail-mapper</target>
   </keywords>
   <keywords>
      <text FeatureID="-1">e-mail-indstillinger</text>
      <target FeatureID="-1" href="FSE_HLP_LAUNCHER_SETTINGS.html">Generelle e-mail-indstillinger</target>
      <target FeatureID="-1" href="FSE_HLP_POP_IMAP_SETT_MAIN.html">E-mail-indstillinger</target>
      <target FeatureID="-1" href="FSE_HLP_MFE_SETTINGS_MAIN_VIEW.html">E-mail-indstillinger</target>
   </keywords>
   <keywords>
      <text FeatureID="-1">globale e-mail-indstillinger</text>
      <target FeatureID="-1" href="FSE_HLP_SETTINGS_GLOBAL.html">Globale e-mail-indstillinger</target>
   </keywords>
   <keywords>
      <text FeatureID="-1">HTML-formateret e-mail</text>
      <target FeatureID="-1" href="FS_VIEWER_HLP_HTML_VIEW.html">HTML-formateret e-mail</target>
   </keywords>
   <keywords>
      <text FeatureID="-1">avancerede e-mail-indstillinger</text>
      <target FeatureID="-1" href="FSE_HLP_POP_IMAP_SETT_ADV.html">Avancerede e-mail-indstillinger</target>
   </keywords>
   <keywords>
      <text FeatureID="-1">indstillinger for indgående e-mails</text>
      <target FeatureID="-1" href="FSE_HLP_POP_IMAP_SETT_INCOMING.html">Indstillinger for indgående e-mail</target>
   </keywords>
   <keywords>
      <text FeatureID="-1">indstillinger for udgående e-mails</text>
      <target FeatureID="-1" href="FSE_HLP_POP_IMAP_SETT_OUTGOING.html">Indstillinger for udgående e-mail</target>
   </keywords>
   <keywords>
      <text FeatureID="-1">e-mail-synkronisering</text>
      <target FeatureID="-1" href="FSE_HLP_POP_IMAP_SETT_WHAT.html">Vælge synkroniseringsindhold</target>
   </keywords>
   <keywords>
      <text FeatureID="-1">e-mail-synkronisering, tidspunkt for</text>
      <target FeatureID="-1" href="FSE_HLP_POP_IMAP_SETT_WHEN.html">Vælge synkroniseringstid</target>
   </keywords>
   <keywords>
      <text FeatureID="-1">Mail for Exchange</text>
      <target FeatureID="-1" href="FSE_HLP_MFE_LAUNCHER_MAIN_VIEW.html">Mail for Exchange-e-mail</target>
   </keywords>
   <keywords>
      <text FeatureID="-1">e-mail-oplysninger</text>
      <target FeatureID="-1" href="FS_VIEWER_HLP_DETAILS_VIEW.html">Beskedoplysninger</target>
   </keywords>
   <keywords>
      <text FeatureID="-1">avancerede postkasseindstillinger</text>
      <target FeatureID="-1" href="FSE_HLP_MFE_SETTINGS_ADVANCED.html">Avancerede indstillinger for postkassen</target>
   </keywords>
   <keywords>
      <text FeatureID="-1">indstillinger for e-mail-synkronisering</text>
      <target FeatureID="-1" href="FSE_HLP_MFE_SETTINGS_PIM_APPS.html">Indstillinger for programsynkronisering</target>
   </keywords>
   <keywords>
      <text FeatureID="-1">kalendersynkronisering</text>
      <target FeatureID="-1" href="FSE_HLP_MFE_CALENDAR_APP.html">Synkroniseringsindstillinger for Kalender</target>
   </keywords>
   <keywords>
      <text FeatureID="-1">kontaktsynkronisering,</text>
      <target FeatureID="-1" href="FSE_HLP_MFE_CONTACTS_APP.html">Synkroniseringsindstillinger for Kontakter</target>
   </keywords>
   <keywords>
      <text FeatureID="-1">postkasse­indstillinger</text>
      <target FeatureID="-1" href="FSE_HLP_MFE_SETTINGS_MAILBOX.html">Generelle indstillinger for postkassen</target>
   </keywords>
   <keywords>
      <text FeatureID="-1">e-mail-indhold til synkronisering</text>
      <target FeatureID="-1" href="FSE_HLP_MFE_SETTINGS_WHAT_SYNC.html">Vælge synkroniseringsindhold</target>
   </keywords>
   <keywords>
      <text FeatureID="-1">e-mail-synkronisering, tidspunkt</text>
      <target FeatureID="-1" href="FSE_HLP_MFE_SETTINGS_WHEN_SYNC.html">Vælge synkroniseringstid</target>
      <target FeatureID="-1" href="FSE_HLP_SETTINGS_WHEN_SYNC.html">Synkroniseringstidspunkt</target>
   </keywords>
   <keywords>
      <text FeatureID="-1">e-mail-mappe, synkronisering</text>
      <target FeatureID="-1" href="FSE_HLP_MFE_SETTINGS_FOLDER.html">Indstillinger for synkronisering</target>
   </keywords>
   <keywords>
      <text FeatureID="-1">synkronisere opgavepost</text>
      <target FeatureID="-1" href="FSE_HLP_MFE_TASKS_APP.html">Synkroniseringsindstillinger for opgaver</target>
   </keywords>
   <keywords>
      <text FeatureID="-1">ingen e-mail-beskeder</text>
      <target FeatureID="-1" href="FSE_HLP_MESSAGE_LIST_EMPTY.html">Ingen beskeder</target>
   </keywords>
   <keywords>
      <text FeatureID="-1">e-mail-udbakke</text>
      <target FeatureID="-1" href="FSE_HLP_MESSAGE_LIST_OUTBOX.html">Sådan arbejder du med udbakken</target>
   </keywords>
   <keywords>
      <text FeatureID="-1">e-mail-søgning</text>
      <target FeatureID="-1" href="FSE_HLP_MESSAGE_LIST_SEARCHING.html">Søge efter e-mail</target>
   </keywords>
   <keywords>
      <text FeatureID="-1">resultater af e-mail-søgning</text>
      <target FeatureID="-1" href="FSE_HLP_MESSAGE_LIST_SEARCHED.html">Søgeresultater</target>
   </keywords>
   <keywords>
      <text FeatureID="-1">sende e-mail</text>
      <target FeatureID="-1" href="FS_EDITOR_HLP_MAIN_VIEW.html">Afsendelse af e-mail-beskeder</target>
   </keywords>
   <keywords>
      <text FeatureID="-1">PIM-tjeneste</text>
      <target FeatureID="-1" href="FSE_HLP_SETTINGS_PIM_VIEW.html">PIM-tjeneste</target>
   </keywords>
   <keywords>
      <text FeatureID="-1">synkronisere programmer</text>
      <target FeatureID="-1" href="FSE_HLP_SETTINGS_APPLICATIONS.html">Synkronisering af programmer</target>
   </keywords>
   <keywords>
      <text FeatureID="-1">e-mail, ved­hæftede filer</text>
      <target FeatureID="-1" href="FSE_HLP_ATTACHMENT_DOWNLOAD.html">Visning af hentede vedhæftede filer</target>
   </keywords>
   <keywords>
      <text FeatureID="-1">modtaget e-mail</text>
      <target FeatureID="-1" href="FS_VIEWER_HLP_MAIN_VIEW.html">Sådan arbejder du med modtaget e-mail</target>
   </keywords>
   <keywords>
      <text FeatureID="-1">mail, indstillinger</text>
      <target FeatureID="-1" href="FSE_HLP_SETT.html">Indstillinger</target>
   </keywords>
   <keywords>
      <text FeatureID="-1">mail, kontoindstillinger</text>
      <target FeatureID="-1" href="FSE_HLP_ACCT_INFO.html">Indstillinger for mail-konto</target>
   </keywords>
   <keywords>
      <text FeatureID="-1">mail, synkronisering</text>
      <target FeatureID="-1" href="FSE_HLP_SYNC_SETT.html">Synkroniseringsindstillinger</target>
   </keywords>
</keywords>