<?xml version="1.0" encoding="UTF-8"?>
<keywords>
   <keywords>
      <text FeatureID="-1">Bluetooth</text>
      <target FeatureID="-1" href="BT_HLP_MAIN.html">Bluetooth</target>
      <target FeatureID="-1" href="BT_HLP_PAIRED.html">Készülékek párosítása</target>
      <target FeatureID="-1" href="BT_HLP_BLOCKED.html">Készülékek blokkolása</target>
   </keywords>
   <keywords>
      <text FeatureID="-1">Bluetooth-beállítások</text>
      <target FeatureID="-1" href="BT_HLP_MAIN.html">Bluetooth</target>
   </keywords>
   <keywords>
      <text FeatureID="-1">készülékek párosítása</text>
      <target FeatureID="-1" href="BT_HLP_PAIRED.html">Készülékek párosítása</target>
   </keywords>
   <keywords>
      <text FeatureID="-1">blokkolt készülékek</text>
      <target FeatureID="-1" href="BT_HLP_BLOCKED.html">Készülékek blokkolása</target>
   </keywords>
   <keywords>
      <text FeatureID="true_12">vezeték nélküli billentyűzet</text>
      <target FeatureID="true_12" href="BTKEYBOARD_HLP_SETTINGS.html">Vezeték nélküli billentyűzet</target>
   </keywords>
</keywords>