<?xml version="1.0" encoding="UTF-8"?>
<keywords>
   <keywords>
      <text FeatureID="-1">cài đặt tin dịch vụ</text>
      <target FeatureID="-1" href="WPUSH_HLP_SETTINGS.html">Cài đặt tin dịch vụ</target>
   </keywords>
   <keywords>
      <text FeatureID="-1">tin quảng bá</text>
      <target FeatureID="-1" href="WPUSH_HLP_VIEWER.html">Xem tin dịch vụ</target>
   </keywords>
   <keywords>
      <text FeatureID="-1">tin dịch vụ</text>
      <target FeatureID="-1" href="WPUSH_HLP_VIEWER.html">Xem tin dịch vụ</target>
   </keywords>
</keywords>