<?xml version="1.0" encoding="UTF-8"?>
<keywords>
   <keywords>
      <text FeatureID="-1">ตัวจัดการไฟล์</text>
      <target FeatureID="-1" href="FMGR_HLP_MEM_STORE_VIEW.html">จัดการไฟล์</target>
      <target FeatureID="-1" href="FMGR_HLP_MAIN_VIEW.html">ตัวจัดการไฟล์</target>
      <target FeatureID="-1" href="FMGR_HLP_SEARCH_RESULTS.html">การค้นหาไฟล์</target>
      <target FeatureID="-1" href="FMGR_HLP_BACKUP_VIEW.html">การสำรองข้อมูลไฟล์</target>
   </keywords>
   <keywords>
      <text FeatureID="-1">การ์ดหน่วยความจำ</text>
      <target FeatureID="-1" href="FMGR_HLP_MEM_STORE_VIEW.html">จัดการไฟล์</target>
      <target FeatureID="-1" href="FMGR_HLP_MAIN_VIEW.html">ตัวจัดการไฟล์</target>
      <target FeatureID="-1" href="FMGR_HLP_BACKUP_VIEW.html">การสำรองข้อมูลไฟล์</target>
   </keywords>
   <keywords>
      <text FeatureID="-1">การค้นหาไฟล์</text>
      <target FeatureID="-1" href="FMGR_HLP_SEARCH_RESULTS.html">การค้นหาไฟล์</target>
   </keywords>
   <keywords>
      <text FeatureID="-1">การค้นหาแฟ้มข้อมูล</text>
      <target FeatureID="-1" href="FMGR_HLP_SEARCH_RESULTS.html">การค้นหาไฟล์</target>
   </keywords>
   <keywords>
      <text FeatureID="-1">สำรองข้อมูล</text>
      <target FeatureID="-1" href="FMGR_HLP_BACKUP_VIEW.html">การสำรองข้อมูลไฟล์</target>
   </keywords>
</keywords>