<?xml version="1.0" encoding="UTF-8"?>
<keywords>
   <keywords>
      <text FeatureID="-1">écran d'accueil</text>
      <target FeatureID="-1" href="SET_HLP_HOME_SCREEN.html">Écran d'accueil</target>
      <target FeatureID="-1" href="SET_HLP_HOME_SCREEN_EDIT.html">Modifier l'écran de démarrage</target>
   </keywords>
   <keywords>
      <text FeatureID="-1">widgets</text>
      <target FeatureID="-1" href="WM_HLP_WIDGET_COLLECTION.html">Catalogue des widgets</target>
   </keywords>
</keywords>