<?xml version="1.0" encoding="UTF-8"?>
<keywords>
   <keywords>
      <text FeatureID="-1">پیام های پخش سلولی</text>
      <target FeatureID="-1" href="CBS_HLP_TOPIC_VIEW.html">پیام های پخش سلولی</target>
      <target FeatureID="-1" href="CBS_HLP_MAIN.html">عناوین پخش سلولی</target>
      <target FeatureID="-1" href="CBS_HLP_MSG.html">مشاهده پیامهای CBS</target>
   </keywords>
   <keywords>
      <text FeatureID="-1">عناوین پخش سلولی</text>
      <target FeatureID="-1" href="CBS_HLP_MAIN.html">عناوین پخش سلولی</target>
   </keywords>
</keywords>