<?xml version="1.0" encoding="UTF-8"?>
<keywords>
   <keywords>
      <text FeatureID="-1">mesaj okuyucu, dil</text>
      <target FeatureID="-1" href="SPEECH_HLP_MAIN.html">Konuşma ayarları</target>
   </keywords>
   <keywords>
      <text FeatureID="-1">mesaj okuyucu, ses</text>
      <target FeatureID="-1" href="SPEECH_HLP_MAIN.html">Konuşma ayarları</target>
   </keywords>
   <keywords>
      <text FeatureID="-1">mesaj okuyucu, ses bilgileri</text>
      <target FeatureID="-1" href="SPEECH_HLP_VOICE.html">Ses bilgileri</target>
   </keywords>
   <keywords>
      <text FeatureID="-1">mesaj okuyucu, ayarlar</text>
      <target FeatureID="-1" href="SPEECH_HLP_MRSETTINGS.html">Mesaj okuyucu ayarları</target>
   </keywords>
</keywords>