<?xml version="1.0" encoding="UTF-8"?>
<keywords>
   <keywords>
      <text FeatureID="-1">μεταφορά δεδομένων</text>
      <target FeatureID="-1" href="SWITCH_HLP_EDIT_SHORTCUT.html">Ρυθμίσεις συντομεύσεων</target>
      <target FeatureID="-1" href="SWITCH_HLP_EDIT_SHORTCUT.html">Ρυθμίσεις συντομεύσεων</target>
      <target FeatureID="-1" href="SWITCH_HLP_MAIN.html">Μεταφορά δεδομένων</target>
      <target FeatureID="-1" href="SWITCH_HLP_MAIN.html">Μεταφορά δεδομένων</target>
      <target FeatureID="-1" href="SWITCH_HLP_LOG.html">Μητρώο μεταφοράς</target>
   </keywords>
   <keywords>
      <text FeatureID="-1">συντομεύσεις</text>
      <target FeatureID="-1" href="SWITCH_HLP_EDIT_SHORTCUT.html">Ρυθμίσεις συντομεύσεων</target>
   </keywords>
   <keywords>
      <text FeatureID="-1">μεταφορά δεδομένων, διενέξεις</text>
      <target FeatureID="-1" href="SWITCH_HLP_CONFLICT.html">Διενέξεις μεταφοράς</target>
   </keywords>
   <keywords>
      <text FeatureID="-1">αντιγραφή περιεχομένου</text>
      <target FeatureID="-1" href="SWITCH_HLP_MAIN.html">Μεταφορά δεδομένων</target>
   </keywords>
   <keywords>
      <text FeatureID="-1">μητρώο μεταφοράς</text>
      <target FeatureID="-1" href="SWITCH_HLP_LOG.html">Μητρώο μεταφοράς</target>
   </keywords>
</keywords>