<?xml version="1.0" encoding="UTF-8"?>
<keywords>
   <keywords>
      <text FeatureID="-1">הגדרות חשבון דואר אלקטרוני</text>
      <target FeatureID="-1" href="FSE_HLP_IMS_SETTINGS_ACCT_INFO.html">הגדרות חשבון דואר אלקטרוני</target>
   </keywords>
   <keywords>
      <text FeatureID="-1">הגדרות תיבת דואר מתקדמות</text>
      <target FeatureID="-1" href="FSE_HLP_IMS_SETTINGS_ADVANCED.html">הגדרות תא דואר מתקדמות</target>
   </keywords>
   <keywords>
      <text FeatureID="-1">הגדרות תיבת דואר</text>
      <target FeatureID="-1" href="FSE_HLP_IMS_SETTINGS_MAILBOX.html">הגדרות תא דואר</target>
   </keywords>
   <keywords>
      <text FeatureID="-1">תוכן דואר אלקטרוני לסינכרון</text>
      <target FeatureID="-1" href="FSE_HLP_IMS_SETTINGS_WHAT_SYNC.html">הגדרת תוכן לסינכרון</target>
   </keywords>
   <keywords>
      <text FeatureID="-1">שעת סינכרון דואר אלקטרוני</text>
      <target FeatureID="-1" href="FSE_HLP_IMS_SETTINGS_WHEN_SYNC.html">הגדרת מועד סינכרון</target>
   </keywords>
   <keywords>
      <text FeatureID="-1">סינכרון תיקיית דואר אלקטרוני</text>
      <target FeatureID="-1" href="FSE_HLP_IMS_SETTINGS_FOLDER.html">סנכרן תיקיות דואר אלקטרוני</target>
   </keywords>
   <keywords>
      <text FeatureID="-1">הגדרות שירות דואר אלקטרוני</text>
      <target FeatureID="-1" href="FSE_HLP_SETTINGS_INTELL_LIST.html">הגדרות שירות דואר אלקטרוני</target>
   </keywords>
   <keywords>
      <text FeatureID="-1">הגדרות דואר אלקטרוני</text>
      <target FeatureID="-1" href="FSE_HLP_IMS_SETTINGS_MAIN_VIEW.html">הגדרות דואר אלקטרוני</target>
   </keywords>
   <keywords>
      <text FeatureID="-1">Intellisync</text>
      <target FeatureID="-1" href="FSE_HLP_IMS_LAUNCHER_MAIN_VIEW.html">דואר אלקטרוני של Intellisync</target>
   </keywords>
</keywords>