<?xml version="1.0" encoding="UTF-8"?><?xml-stylesheet  href="../../theme/xsl/index2html.xslt" type="text/xsl"?>
<topics FeatureID="-1" title="ویڈیوز &amp; ٹی وی" compressed="true">
   <topicref FeatureID="-1" href="IPTV_HLP_MAIN_STATE.html" navtitle="ویڈیوز &amp; ٹی وی"/>
   <topicref FeatureID="-1" href="IPTV_HLP_VODCAST_MAIN.html" navtitle="ويڈيو فيڈز"/>
   <topicref FeatureID="-1" href="IPTV_HLP_SERVICE_SELECTION_VOD.html" navtitle="خدمات منتخب"/>
   <topicref FeatureID="-1" href="IPTV_HLP_VOD_CATEGORIES.html" navtitle="ویڈیو اطراز"/>
   <topicref FeatureID="-1" href="IPTV_HLP_VOD.html" navtitle="ويڈيو کلپس ديکھيں اور ڈاؤن لوڈ کريں"/>
   <topicref FeatureID="-1" href="IPTV_HLP_SCHEDULE_DOWNLOAD.html" navtitle="ڈاؤن لوڈ شيڈول"/>
   <topicref FeatureID="-1" href="IPTV_HLP_STORAGE.html" navtitle="ميري ويڈيو"/>
   <topicref FeatureID="-1" href="IPTV_HLP_SETTINGS.html" navtitle="ویڈیوز &amp; ٹی وی کی ترتیبات"/>
   <topicref FeatureID="-1" href="IPTV_HLP_SERVICE_SEL_VODCAST.html" navtitle="ويڈيو فيڈ منتخب کريں"/>
   <topicref FeatureID="-1" href="IPTV_HLP_ADD_SERVICE.html" navtitle="ويڈيو فيڈز کے متعلق"/>
</topics>