<?xml version="1.0" encoding="UTF-8"?>
<keywords>
   <keywords>
      <text FeatureID="-1">ویڈیوز &amp; ٹی وی</text>
      <target FeatureID="-1" href="IPTV_HLP_MAIN_STATE.html">ویڈیوز &amp; ٹی وی</target>
      <target FeatureID="-1" href="IPTV_HLP_VODCAST_MAIN.html">ويڈيو فيڈز</target>
      <target FeatureID="-1" href="IPTV_HLP_SERVICE_SELECTION_VOD.html">خدمات منتخب</target>
      <target FeatureID="-1" href="IPTV_HLP_VOD_CATEGORIES.html">ویڈیو اطراز</target>
      <target FeatureID="-1" href="IPTV_HLP_VOD.html">ويڈيو کلپس ديکھيں اور ڈاؤن لوڈ کريں</target>
      <target FeatureID="-1" href="IPTV_HLP_SCHEDULE_DOWNLOAD.html">ڈاؤن لوڈ شيڈول</target>
      <target FeatureID="-1" href="IPTV_HLP_STORAGE.html">ميري ويڈيو</target>
      <target FeatureID="-1" href="IPTV_HLP_SERVICE_SEL_VODCAST.html">ويڈيو فيڈ منتخب کريں</target>
      <target FeatureID="-1" href="IPTV_HLP_ADD_SERVICE.html">ويڈيو فيڈز کے متعلق</target>
   </keywords>
   <keywords>
      <text FeatureID="-1">ويڈيو فيڈز</text>
      <target FeatureID="-1" href="IPTV_HLP_VODCAST_MAIN.html">ويڈيو فيڈز</target>
      <target FeatureID="-1" href="IPTV_HLP_VOD_CATEGORIES.html">ویڈیو اطراز</target>
      <target FeatureID="-1" href="IPTV_HLP_SERVICE_SEL_VODCAST.html">ويڈيو فيڈ منتخب کريں</target>
      <target FeatureID="-1" href="IPTV_HLP_ADD_SERVICE.html">ويڈيو فيڈز کے متعلق</target>
   </keywords>
   <keywords>
      <text FeatureID="-1">ڈاؤن لوڈز, ویڈیو کلپس</text>
      <target FeatureID="-1" href="IPTV_HLP_VOD.html">ويڈيو کلپس ديکھيں اور ڈاؤن لوڈ کريں</target>
      <target FeatureID="-1" href="IPTV_HLP_SCHEDULE_DOWNLOAD.html">ڈاؤن لوڈ شيڈول</target>
   </keywords>
   <keywords>
      <text FeatureID="-1">ویڈیوز &amp; ٹی وی, ترتيبات</text>
      <target FeatureID="-1" href="IPTV_HLP_SETTINGS.html">ویڈیوز &amp; ٹی وی کی ترتیبات</target>
   </keywords>
   <keywords>
      <text FeatureID="-1">ترتيبات, ويڈيو</text>
      <target FeatureID="-1" href="IPTV_HLP_SETTINGS.html">ویڈیوز &amp; ٹی وی کی ترتیبات</target>
   </keywords>
</keywords>