<?xml version="1.0" encoding="UTF-8"?>
<keywords>
   <keywords>
      <text FeatureID="true_13">اتصال کابل USB</text>
      <target FeatureID="true_13" href="USB_HLP_MAIN.html">تنظیم USB</target>
   </keywords>
   <keywords>
      <text FeatureID="true_13">اتصال کابل</text>
      <target FeatureID="true_13" href="USB_HLP_MAIN.html">تنظیم USB</target>
   </keywords>
   <keywords>
      <text FeatureID="true_1566">چاپ کردن</text>
      <target FeatureID="true_1566" href="USB_HLP_PRINT_SETTINGS.html">تنظیمات چاپگر</target>
   </keywords>
   <keywords>
      <text FeatureID="true_1566">تنظیمات, چاپگر</text>
      <target FeatureID="true_1566" href="USB_HLP_PRINT_SETTINGS.html">تنظیمات چاپگر</target>
   </keywords>
   <keywords>
      <text FeatureID="true_1566">اتصال کابل USB‏</text>
      <target FeatureID="true_1566" href="USB_HLP_PRINT_SETTINGS.html">تنظیمات چاپگر</target>
   </keywords>
</keywords>