<?xml version="1.0" encoding="UTF-8"?>
<keywords>
   <keywords>
      <text FeatureID="-1">радіо</text>
      <target FeatureID="-1" href="FMRADIO_HLP_MAIN.html">Прослуховування радіо</target>
      <target FeatureID="-1" href="FMRADIO_HLP_SEARCH.html">Пошук станцій</target>
      <target FeatureID="-1" href="FMRADIO_HLP_LIST.html"> Керування радіостанціями</target>
   </keywords>
   <keywords>
      <text FeatureID="-1">FM-радіо</text>
      <target FeatureID="-1" href="FMRADIO_HLP_MAIN.html">Прослуховування радіо</target>
      <target FeatureID="-1" href="FMRADIO_HLP_SEARCH.html">Пошук станцій</target>
      <target FeatureID="-1" href="FMRADIO_HLP_LIST.html"> Керування радіостанціями</target>
   </keywords>
</keywords>