<?xml version="1.0" encoding="UTF-8"?>
<keywords>
   <keywords>
      <text FeatureID="-1">مدیر دستگاه</text>
      <target FeatureID="-1" href="DM_HLP_MAIN_VIEW.html">نرم افزار دستگاه</target>
      <target FeatureID="-1" href="FOTA_HLP_SETTINGS.html">تنظیمات بروزرسانی نرم افزار</target>
      <target FeatureID="-1" href="DM_HLP_SETTINGS.html">تنظیمات نمایه سرور</target>
      <target FeatureID="-1" href="DM_HLP_SERVERS_VIEW.html">پیکربندی راه دور</target>
   </keywords>
   <keywords>
      <text FeatureID="-1">تنظیمات پیکربندی</text>
      <target FeatureID="-1" href="DM_HLP_MAIN_VIEW.html">نرم افزار دستگاه</target>
   </keywords>
   <keywords>
      <text FeatureID="-1">تنظیمات بروزرسانی نرم افزار</text>
      <target FeatureID="-1" href="FOTA_HLP_SETTINGS.html">تنظیمات بروزرسانی نرم افزار</target>
   </keywords>
   <keywords>
      <text FeatureID="-1">تنظیمات نمایه سرور</text>
      <target FeatureID="-1" href="DM_HLP_SETTINGS.html">تنظیمات نمایه سرور</target>
   </keywords>
   <keywords>
      <text FeatureID="-1">پیکربندی راه دور</text>
      <target FeatureID="-1" href="DM_HLP_SERVERS_VIEW.html">پیکربندی راه دور</target>
   </keywords>
</keywords>