<?xml version="1.0" encoding="UTF-8"?>
<keywords>
   <keywords>
      <text FeatureID="-1">mga profile na XDM</text>
      <target FeatureID="-1" href="XDM_HLP_LIST_VIEW.html">Mga profile na XDM</target>
      <target FeatureID="-1" href="XDM_HLP_EDIT_SET.html">Mga setting ng profile na XDM</target>
   </keywords>
   <keywords>
      <text FeatureID="-1">mga setting na XDM</text>
      <target FeatureID="-1" href="XDM_HLP_EDIT_SET.html">Mga setting ng profile na XDM</target>
   </keywords>
</keywords>