<?xml version="1.0" encoding="UTF-8"?><?xml-stylesheet  href="../../theme/xsl/index2html.xslt" type="text/xsl"?>
<topics FeatureID="-1" title="Vidéos et télé" compressed="true">
   <topicref FeatureID="-1" href="IPTV_HLP_MAIN_STATE.html" navtitle="Vidéos et télé"/>
   <topicref FeatureID="-1" href="IPTV_HLP_VODCAST_MAIN.html" navtitle="Flux RSS vidéo"/>
   <topicref FeatureID="-1" href="IPTV_HLP_SERVICE_SELECTION_VOD.html" navtitle="Sélectionner des services vidéo"/>
   <topicref FeatureID="-1" href="IPTV_HLP_VOD_CATEGORIES.html" navtitle="Catégories de vidéos"/>
   <topicref FeatureID="-1" href="IPTV_HLP_VOD.html" navtitle="Afficher et télécharger des clips vidéo"/>
   <topicref FeatureID="-1" href="IPTV_HLP_SCHEDULE_DOWNLOAD.html" navtitle="Planifier les téléchargements"/>
   <topicref FeatureID="-1" href="IPTV_HLP_STORAGE.html" navtitle="Mes clips vidéo"/>
   <topicref FeatureID="-1" href="IPTV_HLP_SETTINGS.html" navtitle="Paramètres de Vidéos et télé"/>
   <topicref FeatureID="-1" href="IPTV_HLP_SERVICE_SEL_VODCAST.html" navtitle="Sélectionner des sources vidéo"/>
   <topicref FeatureID="-1" href="IPTV_HLP_ADD_SERVICE.html" navtitle="Ajouter des sources vidéo"/>
</topics>