<?xml version="1.0" encoding="UTF-8"?>
<keywords>
   <keywords>
      <text FeatureID="-1">vidéos et télé</text>
      <target FeatureID="-1" href="IPTV_HLP_MAIN_STATE.html">Vidéos et télé</target>
      <target FeatureID="-1" href="IPTV_HLP_VODCAST_MAIN.html">Flux RSS vidéo</target>
      <target FeatureID="-1" href="IPTV_HLP_SERVICE_SELECTION_VOD.html">Sélectionner des services vidéo</target>
      <target FeatureID="-1" href="IPTV_HLP_VOD_CATEGORIES.html">Catégories de vidéos</target>
      <target FeatureID="-1" href="IPTV_HLP_VOD.html">Afficher et télécharger des clips vidéo</target>
      <target FeatureID="-1" href="IPTV_HLP_SCHEDULE_DOWNLOAD.html">Planifier les téléchargements</target>
      <target FeatureID="-1" href="IPTV_HLP_STORAGE.html">Mes clips vidéo</target>
      <target FeatureID="-1" href="IPTV_HLP_SERVICE_SEL_VODCAST.html">Sélectionner des sources vidéo</target>
      <target FeatureID="-1" href="IPTV_HLP_ADD_SERVICE.html">Ajouter des sources vidéo</target>
   </keywords>
   <keywords>
      <text FeatureID="-1">flux RSS vidéo</text>
      <target FeatureID="-1" href="IPTV_HLP_VODCAST_MAIN.html">Flux RSS vidéo</target>
      <target FeatureID="-1" href="IPTV_HLP_VOD_CATEGORIES.html">Catégories de vidéos</target>
      <target FeatureID="-1" href="IPTV_HLP_SERVICE_SEL_VODCAST.html">Sélectionner des sources vidéo</target>
      <target FeatureID="-1" href="IPTV_HLP_ADD_SERVICE.html">Ajouter des sources vidéo</target>
   </keywords>
   <keywords>
      <text FeatureID="-1">téléchargements, clips vidéo</text>
      <target FeatureID="-1" href="IPTV_HLP_VOD.html">Afficher et télécharger des clips vidéo</target>
      <target FeatureID="-1" href="IPTV_HLP_SCHEDULE_DOWNLOAD.html">Planifier les téléchargements</target>
   </keywords>
   <keywords>
      <text FeatureID="-1">vidéos et télé, paramètres</text>
      <target FeatureID="-1" href="IPTV_HLP_SETTINGS.html">Paramètres de Vidéos et télé</target>
   </keywords>
   <keywords>
      <text FeatureID="-1">paramètres, vidéo</text>
      <target FeatureID="-1" href="IPTV_HLP_SETTINGS.html">Paramètres de Vidéos et télé</target>
   </keywords>
</keywords>