<?xml version="1.0" encoding="UTF-8"?>
<keywords>
   <keywords>
      <text FeatureID="-1">sünkroonimine</text>
      <target FeatureID="-1" href="DS_HLP_MAIN_VIEW.html">Andmete sünkroonimine</target>
   </keywords>
   <keywords>
      <text FeatureID="-1">sünkroonimisprofiilid</text>
      <target FeatureID="-1" href="DS_HLP_MAIN_VIEW.html">Andmete sünkroonimine</target>
   </keywords>
   <keywords>
      <text FeatureID="-1">sünkroonimisprofiilide seaded</text>
      <target FeatureID="-1" href="DS_HLP_SETTINGS.html">Sünkroonimisprofiilide muutmine</target>
   </keywords>
   <keywords>
      <text FeatureID="-1">sünkroonimisseaded</text>
      <target FeatureID="-1" href="DS_HLP_SETTINGS_CAL.html">Kalendri sünkroonimisseaded</target>
      <target FeatureID="-1" href="DS_HLP_SETTINGS_CNT.html">Kontaktide sünkroonimisseaded</target>
      <target FeatureID="-1" href="DS_HLP_SETTINGS_NOTES.html">Märkmete sünkroonimisseaded</target>
      <target FeatureID="-1" href="DS_HLP_SETTINGS_SMS.html">SMS-ide sünkroonimise seaded</target>
      <target FeatureID="true_44" href="DS_HLP_SETTINGS_SYNCML.html">E-posti sünkroonimisseaded</target>
   </keywords>
</keywords>