<?xml version="1.0" encoding="UTF-8"?>
<keywords>
   <keywords>
      <text FeatureID="true_1116">sänd kalenderposter</text>
      <target FeatureID="true_1116" href="SMART_HLP_CALENDAREDITOR.html">Sändkalenderposter</target>
   </keywords>
   <keywords>
      <text FeatureID="true_1114">ta emot kalenderposter</text>
      <target FeatureID="true_1114" href="SMART_HLP_CALENDARVIEWER.html">Mottagna kalenderposter</target>
   </keywords>
   <keywords>
      <text FeatureID="true_1114">kalenderposter</text>
      <target FeatureID="true_1114" href="SMART_HLP_CALPULLMESVIEWER.html">Hämta kalenderpost</target>
   </keywords>
   <keywords>
      <text FeatureID="true_1117 true_1115">visitkort</text>
      <target FeatureID="true_1117" href="SMART_HLP_BUSINESSEDITOR.html">Sända visitkort</target>
      <target FeatureID="true_1115" href="SMART_HLP_BUSINESSVIEWER.html">Mottagna visitkort</target>
      <target FeatureID="true_1115" href="SMART_HLP_BUSPULLMESVIEWER.html">Hämta och ta emot visitkort</target>
   </keywords>
   <keywords>
      <text FeatureID="true_1111">ringsignaler</text>
      <target FeatureID="true_1111" href="SMART_HLP_RINGVIEWER.html">Mottagna ringsignaler</target>
   </keywords>
   <keywords>
      <text FeatureID="true_1110">operatörs­logotyper</text>
      <target FeatureID="true_1110" href="SMART_HLP_OPLOGOVIEWER.html">Mottagna operatörslogotyper</target>
   </keywords>
   <keywords>
      <text FeatureID="true_1106">bokmärken</text>
      <target FeatureID="true_1106" href="SMART_HLP_ONEBOOKVIEWER.html">Mottagna bokmärken</target>
   </keywords>
   <keywords>
      <text FeatureID="true_1112">ta emot bilder</text>
      <target FeatureID="true_1112" href="SMART_HLP_GMSVIEWER.html">Se bildmeddelanden</target>
   </keywords>
   <keywords>
      <text FeatureID="true_1112">bildmeddelanden</text>
      <target FeatureID="true_1112" href="SMART_HLP_GMSVIEWER.html">Se bildmeddelanden</target>
   </keywords>
   <keywords>
      <text FeatureID="true_1537">fjärrenhetskonfiguration</text>
      <target FeatureID="true_1537" href="SMART_HLP_REMOTEDRIVES_VIEWER.html">Ta emot fjärrenhetskonfigurationer</target>
   </keywords>
   <keywords>
      <text FeatureID="true_1537">konfigurationer för extern diskenhet</text>
      <target FeatureID="true_1537" href="SMART_HLP_REMOTEDRIVES_EDITOR.html">Skicka konfigurationer för extern diskenhet</target>
   </keywords>
</keywords>