<?xml version="1.0" encoding="UTF-8"?>
<keywords>
   <keywords>
      <text FeatureID="-1">Mail for Exchange</text>
      <target FeatureID="-1" href="FSE_HLP_MFE_LAUNCHER_MAIN_VIEW.html">Mail for Exchange 电子邮件</target>
   </keywords>
   <keywords>
      <text FeatureID="-1">高级信箱设置</text>
      <target FeatureID="-1" href="FSE_HLP_MFE_SETTINGS_ADVANCED.html">信箱的高级设置</target>
   </keywords>
   <keywords>
      <text FeatureID="-1">电子邮件同步设置</text>
      <target FeatureID="-1" href="FSE_HLP_MFE_SETTINGS_PIM_APPS.html">应用程序同步设置</target>
   </keywords>
   <keywords>
      <text FeatureID="-1">日历同步</text>
      <target FeatureID="-1" href="FSE_HLP_MFE_CALENDAR_APP.html">日历同步设置</target>
   </keywords>
   <keywords>
      <text FeatureID="-1">联系人同步,</text>
      <target FeatureID="-1" href="FSE_HLP_MFE_CONTACTS_APP.html">联系人同步设置</target>
   </keywords>
   <keywords>
      <text FeatureID="-1">信箱设置</text>
      <target FeatureID="-1" href="FSE_HLP_MFE_SETTINGS_MAILBOX.html">常规信箱设置</target>
   </keywords>
   <keywords>
      <text FeatureID="-1">电子邮件同步内容</text>
      <target FeatureID="-1" href="FSE_HLP_MFE_SETTINGS_WHAT_SYNC.html">选择同步内容</target>
   </keywords>
   <keywords>
      <text FeatureID="-1">电子邮件同步时间</text>
      <target FeatureID="-1" href="FSE_HLP_MFE_SETTINGS_WHEN_SYNC.html">选择同步时间</target>
   </keywords>
   <keywords>
      <text FeatureID="-1">电子邮件文件夹同步</text>
      <target FeatureID="-1" href="FSE_HLP_MFE_SETTINGS_FOLDER.html">同步设置</target>
   </keywords>
   <keywords>
      <text FeatureID="-1">电子邮件设置</text>
      <target FeatureID="-1" href="FSE_HLP_MFE_SETTINGS_MAIN_VIEW.html">电子邮件设置</target>
   </keywords>
   <keywords>
      <text FeatureID="-1">待办事项同步</text>
      <target FeatureID="-1" href="FSE_HLP_MFE_TASKS_APP.html">待办事项同步设置</target>
   </keywords>
</keywords>