<?xml version="1.0" encoding="UTF-8"?>
<keywords>
   <keywords>
      <text FeatureID="-1">녹음, 사운드</text>
      <target FeatureID="-1" href="VOREC_HLP_EMPTY_RECORDER.html">사운드 클립 녹음</target>
   </keywords>
   <keywords>
      <text FeatureID="-1">음성 녹음기</text>
      <target FeatureID="-1" href="VOREC_HLP_MAIN.html">음성 녹음기 사용</target>
   </keywords>
   <keywords>
      <text FeatureID="-1">사운드 클립 녹음</text>
      <target FeatureID="-1" href="VOREC_HLP_MAIN.html">음성 녹음기 사용</target>
   </keywords>
   <keywords>
      <text FeatureID="-1">음성 녹음기 설정</text>
      <target FeatureID="-1" href="VOREC_HLP_SETTINGS.html">음성 녹음기 설정</target>
   </keywords>
</keywords>