<?xml version="1.0" encoding="UTF-8"?>
<keywords>
   <keywords>
      <text FeatureID="-1">évforduló-bejegyzések</text>
      <target FeatureID="-1" href="FSCA_HLP_ANNIVERSARY_EDITOR.html">Évforduló-bejegyzések létrehozása</target>
   </keywords>
   <keywords>
      <text FeatureID="-1">találkozóbejegyzések, létrehozás</text>
      <target FeatureID="-1" href="FSCA_HLP_CALE_MEETING_EDITOR.html">Találkozóbejegyzések létrehozása</target>
   </keywords>
   <keywords>
      <text FeatureID="-1">emlékeztetőbejegyzések, létrehozás</text>
      <target FeatureID="-1" href="FSCA_HLP_MEMO_EDITOR.html">Emlékeztetőbejegyzések létrehozása</target>
   </keywords>
   <keywords>
      <text FeatureID="-1">teendőbejegyzések, létrehozás</text>
      <target FeatureID="-1" href="FSCA_HLP_TODO_EDITOR.html">Teendőbejegyzések létrehozása</target>
   </keywords>
   <keywords>
      <text FeatureID="-1">találkozóbejegyzések, szerkesztés</text>
      <target FeatureID="-1" href="FSCA_HLP_CALE_MEETING_VIEWER.html">Találkozóbejegyzések módosítása</target>
   </keywords>
   <keywords>
      <text FeatureID="-1">emlékeztetőbejegyzések, szerkesztés</text>
      <target FeatureID="-1" href="FSCA_HLP_MEMO_VIEWER.html">Emlékeztetőbejegyzés módosítása</target>
   </keywords>
   <keywords>
      <text FeatureID="-1">teendőbejegyzések, szerkesztés</text>
      <target FeatureID="-1" href="FSCA_HLP_TODO_VIEWER.html">Teendőbejegyzések módosítása</target>
   </keywords>
   <keywords>
      <text FeatureID="-1">évforduló-bejegyzések, megtekintés</text>
      <target FeatureID="-1" href="FSCA_HLP_ANNI_VIEWER.html">Évforduló-bejegyzések szerkesztése</target>
   </keywords>
   <keywords>
      <text FeatureID="-1">találkozókérés</text>
      <target FeatureID="-1" href="FSCA_HLP_RESPONSE_EDITOR.html">Válaszadás szerkesztése</target>
      <target FeatureID="-1" href="FSCA_HLP_VIEWER_ORGANIZER.html">Találkozókérések kezelése</target>
      <target FeatureID="-1" href="MEET_REQ_HLP_EDITOR.html">Beérkezett találkozókérések</target>
      <target FeatureID="-1" href="FSCA_HLP_VIEWER.html">Találkozókérések megválaszolása</target>
      <target FeatureID="-1" href="FS_VIEWER_HLP_MEETING_REQ_VIEW.html">Találkozókérés megválaszolása</target>
   </keywords>
   <keywords>
      <text FeatureID="-1">névjegyek</text>
      <target FeatureID="-1" href="RLOOK_HLP_INFO_VIEW.html">A megtalált névjegy kezelése</target>
   </keywords>
   <keywords>
      <text FeatureID="-1">névjegyek, keresés</text>
      <target FeatureID="-1" href="RLOOK_HLP_RESULT_VIEW.html">Keresési eredmények</target>
   </keywords>
   <keywords>
      <text FeatureID="-1">e-mail, mellékletek</text>
      <target FeatureID="-1" href="FSE_HLP_ATTACHMENT_LIST_EDITOR.html">Mellékletek csatolása</target>
   </keywords>
   <keywords>
      <text FeatureID="-1">törölt e-mail</text>
      <target FeatureID="-1" href="FSE_HLP_MESSAGE_LIST_DELETED.html">Törölt e-mailek</target>
   </keywords>
   <keywords>
      <text FeatureID="-1">e-mail mellékletek letöltése</text>
      <target FeatureID="-1" href="FSE_HLP_ATTACHMENT_LIST.html">Mellékletek letöltése</target>
   </keywords>
   <keywords>
      <text FeatureID="-1">e-mail piszkozat</text>
      <target FeatureID="-1" href="FSE_HLP_MESSAGE_LIST_DRAFTS.html">E-mail piszkozatok</target>
   </keywords>
   <keywords>
      <text FeatureID="-1">Nokia E-mail</text>
      <target FeatureID="-1" href="FSE_HLP_LAUNCHER_GRID.html">Nokia E-mail</target>
   </keywords>
   <keywords>
      <text FeatureID="-1">e-mail</text>
      <target FeatureID="-1" href="FSE_HLP_LAUNCHER_GRID.html">Nokia E-mail</target>
   </keywords>
   <keywords>
      <text FeatureID="-1">e-mail mappák</text>
      <target FeatureID="-1" href="FSE_HLP_FOLDER_LIST.html">E-mail mappák</target>
      <target FeatureID="-1" href="FSE_HLP_SETT_IMAP_SUBSCR.html">Előfizetés mappákra</target>
      <target FeatureID="-1" href="FSE_HLP_MESSAGE_LIST_INBOX.html">E-mail mappák használata</target>
   </keywords>
   <keywords>
      <text FeatureID="-1">e-mail beállítások</text>
      <target FeatureID="-1" href="FSE_HLP_LAUNCHER_SETTINGS.html">Általános e-mail beállítások</target>
      <target FeatureID="-1" href="FSE_HLP_POP_IMAP_SETT_MAIN.html">E-mail beállítások</target>
      <target FeatureID="-1" href="FSE_HLP_MFE_SETTINGS_MAIN_VIEW.html">E-mail beállítások</target>
   </keywords>
   <keywords>
      <text FeatureID="-1">globális e-mail beállítások</text>
      <target FeatureID="-1" href="FSE_HLP_SETTINGS_GLOBAL.html">Globális e-mail beállítások</target>
   </keywords>
   <keywords>
      <text FeatureID="-1">HTML e-mail</text>
      <target FeatureID="-1" href="FS_VIEWER_HLP_HTML_VIEW.html">HTML formátumú e-mail</target>
   </keywords>
   <keywords>
      <text FeatureID="-1">speciális e-mail beállítások</text>
      <target FeatureID="-1" href="FSE_HLP_POP_IMAP_SETT_ADV.html">Speciális e-mail beállítások</target>
   </keywords>
   <keywords>
      <text FeatureID="-1">bejövő e-mail üzenetek beállításai</text>
      <target FeatureID="-1" href="FSE_HLP_POP_IMAP_SETT_INCOMING.html">A bejövő e-mailekkel kapcsolatos beállítások</target>
   </keywords>
   <keywords>
      <text FeatureID="-1">kimenő e-mail beállításai</text>
      <target FeatureID="-1" href="FSE_HLP_POP_IMAP_SETT_OUTGOING.html">A kimenő e-mailekkel kapcsolatos beállítások</target>
   </keywords>
   <keywords>
      <text FeatureID="-1">e-mailek szinkronizálása</text>
      <target FeatureID="-1" href="FSE_HLP_POP_IMAP_SETT_WHAT.html">A szinkronizálás tartalmának kiválasztása</target>
   </keywords>
   <keywords>
      <text FeatureID="-1">e-mailek szinkronizálásának időpontja</text>
      <target FeatureID="-1" href="FSE_HLP_POP_IMAP_SETT_WHEN.html">A szinkronizálás idejének kiválasztása</target>
      <target FeatureID="-1" href="FSE_HLP_MFE_SETTINGS_WHEN_SYNC.html">A szinkronizálás idejének kiválasztása</target>
      <target FeatureID="-1" href="FSE_HLP_SETTINGS_WHEN_SYNC.html">Szinkronizálás időpontja</target>
   </keywords>
   <keywords>
      <text FeatureID="-1">Exchange-levelező</text>
      <target FeatureID="-1" href="FSE_HLP_MFE_LAUNCHER_MAIN_VIEW.html">Exchange-levelező</target>
   </keywords>
   <keywords>
      <text FeatureID="-1">e-mail részletes adatai</text>
      <target FeatureID="-1" href="FS_VIEWER_HLP_DETAILS_VIEW.html">Az e-mail részletes adatai</target>
   </keywords>
   <keywords>
      <text FeatureID="-1">további postafiók-beállítások</text>
      <target FeatureID="-1" href="FSE_HLP_MFE_SETTINGS_ADVANCED.html">További postafiók-beállítások</target>
   </keywords>
   <keywords>
      <text FeatureID="-1">e-mail szinkronizálási beállítások</text>
      <target FeatureID="-1" href="FSE_HLP_MFE_SETTINGS_PIM_APPS.html">Alkalmazásszinkronizálási beállítások</target>
   </keywords>
   <keywords>
      <text FeatureID="-1">naptár szinkronizálása</text>
      <target FeatureID="-1" href="FSE_HLP_MFE_CALENDAR_APP.html">Naptárszinkronizálási beállítások</target>
   </keywords>
   <keywords>
      <text FeatureID="-1">névjegyek szinkronizálása,</text>
      <target FeatureID="-1" href="FSE_HLP_MFE_CONTACTS_APP.html">Névjegyzék-szinkronizálási beállítások</target>
   </keywords>
   <keywords>
      <text FeatureID="-1">postafiók-beállítások</text>
      <target FeatureID="-1" href="FSE_HLP_MFE_SETTINGS_MAILBOX.html">Általános postafiók-beállítások</target>
   </keywords>
   <keywords>
      <text FeatureID="-1">e-mail szinkronizálási tartalom</text>
      <target FeatureID="-1" href="FSE_HLP_MFE_SETTINGS_WHAT_SYNC.html">A szinkronizálás tartalmának kiválasztása</target>
   </keywords>
   <keywords>
      <text FeatureID="-1">e-mail mappa szinkronizálása</text>
      <target FeatureID="-1" href="FSE_HLP_MFE_SETTINGS_FOLDER.html">Szinkronizálási beállítások</target>
   </keywords>
   <keywords>
      <text FeatureID="-1">teendőjegyzetek szinkronizálása</text>
      <target FeatureID="-1" href="FSE_HLP_MFE_TASKS_APP.html">Teendők szinkronizálási beállításai</target>
   </keywords>
   <keywords>
      <text FeatureID="-1">nincs e-mail üzenet</text>
      <target FeatureID="-1" href="FSE_HLP_MESSAGE_LIST_EMPTY.html">Nincs e-mail</target>
   </keywords>
   <keywords>
      <text FeatureID="-1">kimenő e-mailek</text>
      <target FeatureID="-1" href="FSE_HLP_MESSAGE_LIST_OUTBOX.html">A Kimenő mappa használata</target>
   </keywords>
   <keywords>
      <text FeatureID="-1">e-mailek keresése</text>
      <target FeatureID="-1" href="FSE_HLP_MESSAGE_LIST_SEARCHING.html">E-mail üzenet keresése</target>
   </keywords>
   <keywords>
      <text FeatureID="-1">e-mailek keresési eredményei</text>
      <target FeatureID="-1" href="FSE_HLP_MESSAGE_LIST_SEARCHED.html">Kereséseredmények</target>
   </keywords>
   <keywords>
      <text FeatureID="-1">e-mail küldése</text>
      <target FeatureID="-1" href="FS_EDITOR_HLP_MAIN_VIEW.html">E-mail küldése</target>
   </keywords>
   <keywords>
      <text FeatureID="-1">PIM-szolgáltatás</text>
      <target FeatureID="-1" href="FSE_HLP_SETTINGS_PIM_VIEW.html">PIM-szolgáltatás</target>
   </keywords>
   <keywords>
      <text FeatureID="-1">alkalmazások szinkronizálása</text>
      <target FeatureID="-1" href="FSE_HLP_SETTINGS_APPLICATIONS.html">Alkalmazások szinkronizálása</target>
   </keywords>
   <keywords>
      <text FeatureID="-1">e-mail mellékletek</text>
      <target FeatureID="-1" href="FSE_HLP_ATTACHMENT_DOWNLOAD.html">A letöltött mellékletek megtekintése</target>
   </keywords>
   <keywords>
      <text FeatureID="-1">fogadott e-mail</text>
      <target FeatureID="-1" href="FS_VIEWER_HLP_MAIN_VIEW.html">A fogadott e-mail kezelése</target>
   </keywords>
   <keywords>
      <text FeatureID="-1">e-mail, beállítások</text>
      <target FeatureID="-1" href="FSE_HLP_SETT.html">Beállítások</target>
   </keywords>
   <keywords>
      <text FeatureID="-1">e-mail, fiókbeállítások</text>
      <target FeatureID="-1" href="FSE_HLP_ACCT_INFO.html">E-mail fiók beállításai</target>
   </keywords>
   <keywords>
      <text FeatureID="-1">e-mail, szinkronizálás</text>
      <target FeatureID="-1" href="FSE_HLP_SYNC_SETT.html">Szinkr. beállítások</target>
   </keywords>
</keywords>