<?xml version="1.0" encoding="UTF-8"?>
<keywords>
   <keywords>
      <text FeatureID="-1">búsqueda de usuarios de MI</text>
      <target FeatureID="-1" href="IMNG_HLP_SEARCHCHAT.html">Buscar usuarios de MI</target>
   </keywords>
   <keywords>
      <text FeatureID="-1">mensajes instantáneos</text>
      <target FeatureID="-1" href="IMNG_HLP_SEARCHCHAT.html">Buscar usuarios de MI</target>
      <target FeatureID="-1" href="IMNG_HLP_SAVED_VIEW.html">Ver conversaciones guardadas</target>
      <target FeatureID="-1" href="IMNG_HLP_SAVED_LIST.html">Conversaciones guardadas</target>
      <target FeatureID="-1" href="IMNG_HLP_GROUP_EDIT.html">Derechos de edición de grupo</target>
      <target FeatureID="-1" href="IMNG_HLP_GROUP_BAN.html">Excluir usuarios de MI de grupos</target>
      <target FeatureID="-1" href="IMNG_HLP_CONT_OWN_DATA.html">Mis datos</target>
      <target FeatureID="-1" href="IMNG_HLP_COMMUNITY_VIEW_EMPTY.html">Empezar a utilizar MI</target>
      <target FeatureID="-1" href="IMNG_HLP_COMMUNITY_VIEW.html">Mensajes instantáneos</target>
      <target FeatureID="-1" href="IMNG_HLP_CREATECHAT.html">Ajustes de grupos de MI</target>
      <target FeatureID="-1" href="IMNG_HLP_ACCLIST.html">Miembros de grupos de MI</target>
      <target FeatureID="-1" href="IMNG_HLP_CONVERSATIONS.html">Conversaciones de MI</target>
      <target FeatureID="-1" href="IMNG_HLP_APPSETT.html">Ajustes de aplicación de MI</target>
   </keywords>
   <keywords>
      <text FeatureID="-1">búsqueda de grupos de MI</text>
      <target FeatureID="-1" href="IMNG_HLP_SEARCHCHAT.html">Buscar usuarios de MI</target>
   </keywords>
   <keywords>
      <text FeatureID="-1">conversaciones guardadas</text>
      <target FeatureID="-1" href="IMNG_HLP_SAVED_LIST.html">Conversaciones guardadas</target>
   </keywords>
   <keywords>
      <text FeatureID="-1">MI (mensajería instantánea)</text>
      <target FeatureID="-1" href="IMNG_HLP_IMCHAT.html">Conversaciones de grupo</target>
   </keywords>
   <keywords>
      <text FeatureID="-1">unión a grupos de MI</text>
      <target FeatureID="-1" href="IMNG_HLP_IMCHAT.html">Conversaciones de grupo</target>
   </keywords>
   <keywords>
      <text FeatureID="-1">derechos de edición</text>
      <target FeatureID="-1" href="IMNG_HLP_GROUP_EDIT.html">Derechos de edición de grupo</target>
   </keywords>
   <keywords>
      <text FeatureID="-1">lista de excluidos</text>
      <target FeatureID="-1" href="IMNG_HLP_GROUP_BAN.html">Excluir usuarios de MI de grupos</target>
   </keywords>
   <keywords>
      <text FeatureID="-1">Miembros de grupos de MI</text>
      <target FeatureID="-1" href="IMNG_HLP_GROUP_BAN.html">Excluir usuarios de MI de grupos</target>
      <target FeatureID="-1" href="IMNG_HLP_ACCLIST.html">Miembros de grupos de MI</target>
   </keywords>
   <keywords>
      <text FeatureID="-1">contactos de MI</text>
      <target FeatureID="-1" href="IMNG_HLP_CONT_OWN_DATA.html">Mis datos</target>
      <target FeatureID="-1" href="IMNG_HLP_BLOCKED_VIEW.html">Contactos bloqueados</target>
      <target FeatureID="-1" href="IMNG_HLP_CONTACTDETAILS.html">Detalles de contactos de MI</target>
   </keywords>
   <keywords>
      <text FeatureID="-1">MI</text>
      <target FeatureID="-1" href="IMNG_HLP_COMMUNITY_VIEW_EMPTY.html">Empezar a utilizar MI</target>
      <target FeatureID="-1" href="IMNG_HLP_COMMUNITY_VIEW.html">Mensajes instantáneos</target>
      <target FeatureID="-1" href="IMNG_HLP_CONVERSATIONS.html">Conversaciones de MI</target>
   </keywords>
   <keywords>
      <text FeatureID="-1">contactos de MI bloqueados</text>
      <target FeatureID="-1" href="IMNG_HLP_BLOCKED_VIEW.html">Contactos bloqueados</target>
   </keywords>
   <keywords>
      <text FeatureID="-1">Ajustes de MI</text>
      <target FeatureID="-1" href="IMNG_HLP_SETTINGS.html">Ajustes de MI</target>
      <target FeatureID="-1" href="IMNG_HLP_APPSETT.html">Ajustes de aplicación de MI</target>
   </keywords>
   <keywords>
      <text FeatureID="-1">servidores de mensajes instantáneos</text>
      <target FeatureID="-1" href="IMNG_HLP_SERVLISTSETT_IM.html">Servidores de mensajes instantáneos</target>
   </keywords>
   <keywords>
      <text FeatureID="-1">Ajustes del servidor MI</text>
      <target FeatureID="-1" href="IMNG_HLP_DEFSERVER.html">Ajustes del servidor MI</target>
   </keywords>
   <keywords>
      <text FeatureID="-1">ajustes del servidor</text>
      <target FeatureID="-1" href="IMNG_HLP_DEFSERVER.html">Ajustes del servidor MI</target>
   </keywords>
   <keywords>
      <text FeatureID="-1">invitaciones</text>
      <target FeatureID="-1" href="IMNG_HLP_INVITE.html">Invitaciones de MI</target>
   </keywords>
   <keywords>
      <text FeatureID="-1">ajustes de grupos de MI</text>
      <target FeatureID="-1" href="IMNG_HLP_CREATECHAT.html">Ajustes de grupos de MI</target>
   </keywords>
   <keywords>
      <text FeatureID="-1">conversaciones</text>
      <target FeatureID="-1" href="IMNG_HLP_CONVERSATIONS.html">Conversaciones de MI</target>
   </keywords>
   <keywords>
      <text FeatureID="-1">Mensajes instantáneos</text>
      <target FeatureID="-1" href="IMNG_HLP_CONTACTDETAILS.html">Detalles de contactos de MI</target>
   </keywords>
</keywords>