<?xml version="1.0" encoding="UTF-8"?>
<keywords>
   <keywords>
      <text FeatureID="true_298">secretária eletrônica</text>
      <target FeatureID="true_298" href="SMSVO_HLP_CS_VIDEO_AND_XSP_VOIP.html">Caixa postal de chamadas de voz, vídeo e Internet</target>
   </keywords>
   <keywords>
      <text FeatureID="true_298">caixa postal de chamadas de Internet</text>
      <target FeatureID="true_298" href="SMSVO_HLP_CS_VIDEO_AND_XSP_VOIP.html">Caixa postal de chamadas de voz, vídeo e Internet</target>
   </keywords>
   <keywords>
      <text FeatureID="true_298">caixa postal de chamadas</text>
      <target FeatureID="true_298" href="SMSVO_HLP_CS_VIDEO_AND_XSP_VOIP.html">Caixa postal de chamadas de voz, vídeo e Internet</target>
   </keywords>
   <keywords>
      <text FeatureID="-1">Chamadas via Internet</text>
      <target FeatureID="-1" href="VOIP_HLP_CSC.html">Configurações de rede</target>
      <target FeatureID="true_298" href="VOIP_HLP_SERVCATALOG.html">Catálogo de serviços</target>
      <target FeatureID="-1" href="SERVTAB_HLP_SETTINGS.html">Configurações da guia de serviço</target>
   </keywords>
</keywords>