<?xml version="1.0" encoding="UTF-8"?>
<keywords>
   <keywords>
      <text FeatureID="-1">передача данных</text>
      <target FeatureID="-1" href="SWITCH_HLP_EDIT_SHORTCUT.html">Настр. ссылок</target>
      <target FeatureID="-1" href="SWITCH_HLP_EDIT_SHORTCUT.html">Настр. ссылок</target>
      <target FeatureID="-1" href="SWITCH_HLP_MAIN.html">Передача данных</target>
      <target FeatureID="-1" href="SWITCH_HLP_MAIN.html">Передача данных</target>
      <target FeatureID="-1" href="SWITCH_HLP_LOG.html">Журнал</target>
   </keywords>
   <keywords>
      <text FeatureID="-1">ссылки</text>
      <target FeatureID="-1" href="SWITCH_HLP_EDIT_SHORTCUT.html">Настр. ссылок</target>
   </keywords>
   <keywords>
      <text FeatureID="-1">передача данных, конфликты</text>
      <target FeatureID="-1" href="SWITCH_HLP_CONFLICT.html">Конфл. передачи</target>
   </keywords>
   <keywords>
      <text FeatureID="-1">копирование содержимого</text>
      <target FeatureID="-1" href="SWITCH_HLP_MAIN.html">Передача данных</target>
   </keywords>
   <keywords>
      <text FeatureID="-1">журнал передачи</text>
      <target FeatureID="-1" href="SWITCH_HLP_LOG.html">Журнал</target>
   </keywords>
</keywords>