<?xml version="1.0" encoding="UTF-8"?>
<keywords>
   <keywords>
      <text FeatureID="-1">GPS-data</text>
      <target FeatureID="-1" href="HLP_BLID_NAVIGATION.html">Navigations­visning</target>
      <target FeatureID="false_112" href="BLID_HLP_WAYPOINTS.html">Gemte steder</target>
      <target FeatureID="-1" href="HLP_BLID_TRIPMETER.html">Triptæller­afstand</target>
   </keywords>
   <keywords>
      <text FeatureID="-1">navigere til destination</text>
      <target FeatureID="-1" href="HLP_BLID_NAVIGATION.html">Navigations­visning</target>
   </keywords>
   <keywords>
      <text FeatureID="false_112">gemme steder</text>
      <target FeatureID="false_112" href="BLID_HLP_WAYPOINTS.html">Gemte steder</target>
   </keywords>
   <keywords>
      <text FeatureID="-1">Navigator-indstillinger</text>
      <target FeatureID="-1" href="BLID_HLP_SETTINGS.html">GPS-data­indstillinger</target>
   </keywords>
   <keywords>
      <text FeatureID="-1">GPS-data­indstillinger</text>
      <target FeatureID="-1" href="BLID_HLP_SETTINGS.html">GPS-data­indstillinger</target>
   </keywords>
   <keywords>
      <text FeatureID="-1">oplysninger om turen</text>
      <target FeatureID="-1" href="HLP_BLID_TRIPMETER.html">Triptæller­afstand</target>
   </keywords>
   <keywords>
      <text FeatureID="-1">rejseoplysninger</text>
      <target FeatureID="-1" href="HLP_BLID_TRIPMETER.html">Triptæller­afstand</target>
   </keywords>
</keywords>