<?xml version="1.0" encoding="UTF-8"?>
<keywords>
   <keywords>
      <text FeatureID="-1">anniversary entries</text>
      <target FeatureID="-1" href="FSCA_HLP_ANNIVERSARY_EDITOR.html">Create anniversary entries</target>
      <target FeatureID="-1" href="FSCA_HLP_ANNI_VIEWER.html">Edit anniversary entries</target>
   </keywords>
   <keywords>
      <text FeatureID="-1">meeting entries</text>
      <target FeatureID="-1" href="FSCA_HLP_CALE_MEETING_EDITOR.html">Create meeting entries</target>
      <target FeatureID="-1" href="FSCA_HLP_CALE_MEETING_VIEWER.html">Edit meeting entries</target>
   </keywords>
   <keywords>
      <text FeatureID="-1">memo entries</text>
      <target FeatureID="-1" href="FSCA_HLP_MEMO_EDITOR.html">Create memo entries</target>
      <target FeatureID="-1" href="FSCA_HLP_MEMO_VIEWER.html">Edit memo entries</target>
   </keywords>
   <keywords>
      <text FeatureID="-1">to-do entries</text>
      <target FeatureID="-1" href="FSCA_HLP_TODO_EDITOR.html">Create to-do entries</target>
      <target FeatureID="-1" href="FSCA_HLP_TODO_VIEWER.html">Edit to-do entries</target>
   </keywords>
   <keywords>
      <text FeatureID="-1">meeting requests</text>
      <target FeatureID="-1" href="FSCA_HLP_RESPONSE_EDITOR.html">Edit your response</target>
      <target FeatureID="-1" href="FSCA_HLP_VIEWER_ORGANIZER.html">Manage meeting requests</target>
      <target FeatureID="-1" href="MEET_REQ_HLP_EDITOR.html">Received meeting requests</target>
      <target FeatureID="-1" href="FSCA_HLP_VIEWER.html">Respond to meeting requests</target>
   </keywords>
   <keywords>
      <text FeatureID="-1">adresatai</text>
      <target FeatureID="-1" href="RLOOK_HLP_INFO_VIEW.html">Veiksmai su rastu adresatu</target>
   </keywords>
   <keywords>
      <text FeatureID="-1">adresatai, paieška</text>
      <target FeatureID="-1" href="RLOOK_HLP_RESULT_VIEW.html">Ieškos rezultatai</target>
   </keywords>
   <keywords>
      <text FeatureID="-1">el. paštas, priedai</text>
      <target FeatureID="-1" href="FSE_HLP_ATTACHMENT_LIST_EDITOR.html">Failų pridėjimas</target>
   </keywords>
   <keywords>
      <text FeatureID="-1">pašalintas el. laiškas</text>
      <target FeatureID="-1" href="FSE_HLP_MESSAGE_LIST_DELETED.html">Ištrinti el. laiškai</target>
   </keywords>
   <keywords>
      <text FeatureID="-1">el. laiško priedų atsisiuntimas</text>
      <target FeatureID="-1" href="FSE_HLP_ATTACHMENT_LIST.html">Priedų parsisiuntimas</target>
   </keywords>
   <keywords>
      <text FeatureID="-1">el. laiškų juodraščiai</text>
      <target FeatureID="-1" href="FSE_HLP_MESSAGE_LIST_DRAFTS.html">El. laiškų juodraščiai</target>
   </keywords>
   <keywords>
      <text FeatureID="-1">„Nokia“ elektroninis paštas</text>
      <target FeatureID="-1" href="FSE_HLP_LAUNCHER_GRID.html">„Nokia“ elektroninis paštas</target>
   </keywords>
   <keywords>
      <text FeatureID="-1">el. paštas</text>
      <target FeatureID="-1" href="FSE_HLP_LAUNCHER_GRID.html">„Nokia“ elektroninis paštas</target>
   </keywords>
   <keywords>
      <text FeatureID="-1">el. pašto aplankai</text>
      <target FeatureID="-1" href="FSE_HLP_FOLDER_LIST.html">El. laiškų katalogai</target>
      <target FeatureID="-1" href="FSE_HLP_SETT_IMAP_SUBSCR.html">Aplankų prenumerata</target>
      <target FeatureID="-1" href="FSE_HLP_MESSAGE_LIST_INBOX.html">Darbas su el. pašto aplankais</target>
   </keywords>
   <keywords>
      <text FeatureID="-1">el. pašto parametrai</text>
      <target FeatureID="-1" href="FSE_HLP_LAUNCHER_SETTINGS.html">Bendrieji el. pašto parametrai</target>
      <target FeatureID="-1" href="FSE_HLP_POP_IMAP_SETT_MAIN.html">El. pašto parametrai</target>
      <target FeatureID="-1" href="FSE_HLP_MFE_SETTINGS_MAIN_VIEW.html">El. pašto parametrai</target>
   </keywords>
   <keywords>
      <text FeatureID="-1">bendrieji el. pašto parametrai</text>
      <target FeatureID="-1" href="FSE_HLP_SETTINGS_GLOBAL.html">Bendrieji el. pašto parametrai</target>
   </keywords>
   <keywords>
      <text FeatureID="-1">HTML el. paštas</text>
      <target FeatureID="-1" href="FS_VIEWER_HLP_HTML_VIEW.html">HTML formato el. laiškai</target>
   </keywords>
   <keywords>
      <text FeatureID="-1">papildomi el. pašto parametrai</text>
      <target FeatureID="-1" href="FSE_HLP_POP_IMAP_SETT_ADV.html">Aukštesniojo lygmens el. pašto parametrai</target>
   </keywords>
   <keywords>
      <text FeatureID="-1">gaunamojo el. pašto parametrai</text>
      <target FeatureID="-1" href="FSE_HLP_POP_IMAP_SETT_INCOMING.html">Priimamojo el. pašto parametrai</target>
   </keywords>
   <keywords>
      <text FeatureID="-1">siunčiamojo el. pašto parametrai</text>
      <target FeatureID="-1" href="FSE_HLP_POP_IMAP_SETT_OUTGOING.html">Siunčiamojo el. pašto parametrai</target>
   </keywords>
   <keywords>
      <text FeatureID="-1">el. pašto sinchronizavimas</text>
      <target FeatureID="-1" href="FSE_HLP_POP_IMAP_SETT_WHAT.html">Sinchronizuotino turinio pasirinkimas</target>
   </keywords>
   <keywords>
      <text FeatureID="-1">el. pašto sinchronizavimo laikas</text>
      <target FeatureID="-1" href="FSE_HLP_POP_IMAP_SETT_WHEN.html">Sinchronizavimo laiko pasirinkimas</target>
      <target FeatureID="-1" href="FSE_HLP_MFE_SETTINGS_WHEN_SYNC.html">Sinchronizavimo laiko pasirinkimas</target>
      <target FeatureID="-1" href="FSE_HLP_SETTINGS_WHEN_SYNC.html">Sinchronizavimo laikas</target>
   </keywords>
   <keywords>
      <text FeatureID="-1">„Mail for Exchange“</text>
      <target FeatureID="-1" href="FSE_HLP_MFE_LAUNCHER_MAIN_VIEW.html">„Mail for Exchange“ paštas</target>
   </keywords>
   <keywords>
      <text FeatureID="-1">el. laiško informacija</text>
      <target FeatureID="-1" href="FS_VIEWER_HLP_DETAILS_VIEW.html">El. laiško informacija</target>
   </keywords>
   <keywords>
      <text FeatureID="-1">papildomi pašto dėžutės parametrai</text>
      <target FeatureID="-1" href="FSE_HLP_MFE_SETTINGS_ADVANCED.html">Papildomi pašto dėžutės parametrai</target>
   </keywords>
   <keywords>
      <text FeatureID="-1">el. pašto sinchronizavimo parametrai</text>
      <target FeatureID="-1" href="FSE_HLP_MFE_SETTINGS_PIM_APPS.html">Programos sinchronizacijos parametrai</target>
   </keywords>
   <keywords>
      <text FeatureID="-1">kalendoriaus sinchronizavimas</text>
      <target FeatureID="-1" href="FSE_HLP_MFE_CALENDAR_APP.html">Kalendoriaus sinchronizacijos parametrai</target>
   </keywords>
   <keywords>
      <text FeatureID="-1">adresatų sinchronizavimas,</text>
      <target FeatureID="-1" href="FSE_HLP_MFE_CONTACTS_APP.html">Programos „Adresų knyga“ sinchronizacijos parametrai</target>
   </keywords>
   <keywords>
      <text FeatureID="-1">pašto dėžutės parametrai</text>
      <target FeatureID="-1" href="FSE_HLP_MFE_SETTINGS_MAILBOX.html">Bendrieji el. pašto dėžutės parametrai</target>
   </keywords>
   <keywords>
      <text FeatureID="-1">sinchronizuotinas el. pašto turinys</text>
      <target FeatureID="-1" href="FSE_HLP_MFE_SETTINGS_WHAT_SYNC.html">Sinchronizuotino turinio pasirinkimas</target>
   </keywords>
   <keywords>
      <text FeatureID="-1">el. pašto aplankų sinchronizavimas</text>
      <target FeatureID="-1" href="FSE_HLP_MFE_SETTINGS_FOLDER.html">Sinchronizavimo parametrai</target>
   </keywords>
   <keywords>
      <text FeatureID="-1">darbų įrašų sinchronizavimas</text>
      <target FeatureID="-1" href="FSE_HLP_MFE_TASKS_APP.html">Užduočių sinchronizavimo parametrai</target>
   </keywords>
   <keywords>
      <text FeatureID="-1">nėra el. pašto pranešimų</text>
      <target FeatureID="-1" href="FSE_HLP_MESSAGE_LIST_EMPTY.html">Nėra pranešimų</target>
   </keywords>
   <keywords>
      <text FeatureID="-1">siunčiamojo el. pašto aplankas</text>
      <target FeatureID="-1" href="FSE_HLP_MESSAGE_LIST_OUTBOX.html">Darbas su katalogu „Siunčiamieji“</target>
   </keywords>
   <keywords>
      <text FeatureID="-1">kvietimai susitikti</text>
      <target FeatureID="-1" href="FS_VIEWER_HLP_MEETING_REQ_VIEW.html">Atsakymas į kvietimą susitikti</target>
   </keywords>
   <keywords>
      <text FeatureID="-1">el. laiškų paieška</text>
      <target FeatureID="-1" href="FSE_HLP_MESSAGE_LIST_SEARCHING.html">El. laiškų paieška</target>
   </keywords>
   <keywords>
      <text FeatureID="-1">el. laiškų paieškos rezultatai</text>
      <target FeatureID="-1" href="FSE_HLP_MESSAGE_LIST_SEARCHED.html">Paieškos rezultatai</target>
   </keywords>
   <keywords>
      <text FeatureID="-1">el. laiško siuntimas</text>
      <target FeatureID="-1" href="FS_EDITOR_HLP_MAIN_VIEW.html">El. laiškų siuntimas</target>
   </keywords>
   <keywords>
      <text FeatureID="-1">PIM paslauga</text>
      <target FeatureID="-1" href="FSE_HLP_SETTINGS_PIM_VIEW.html">Asmeninės informacijos tvarkymo paslauga</target>
   </keywords>
   <keywords>
      <text FeatureID="-1">programų sinchronizavimas</text>
      <target FeatureID="-1" href="FSE_HLP_SETTINGS_APPLICATIONS.html">Programų sinchronizavimas</target>
   </keywords>
   <keywords>
      <text FeatureID="-1">gautas el. laiškas</text>
      <target FeatureID="-1" href="FS_VIEWER_HLP_MAIN_VIEW.html">Darbas su gautais el. laiškais</target>
   </keywords>
   <keywords>
      <text FeatureID="-1">paštas, parametrai</text>
      <target FeatureID="-1" href="FSE_HLP_SETT.html">Parametrai</target>
   </keywords>
   <keywords>
      <text FeatureID="-1">paštas, paskyros parametrai</text>
      <target FeatureID="-1" href="FSE_HLP_ACCT_INFO.html">Pašto paskyros parametrai</target>
   </keywords>
   <keywords>
      <text FeatureID="-1">paštas, sinchronizavimas</text>
      <target FeatureID="-1" href="FSE_HLP_SYNC_SETT.html">Sinchronizavimo parametrai</target>
   </keywords>
   <keywords>
      <text FeatureID="-1">paštas, susitikimų įrašai</text>
      <target FeatureID="-1" href="FS_VIEWER_HLP_MR_RECEIVED.html">Kvietimai susitikti</target>
   </keywords>
   <keywords>
      <text FeatureID="-1">susitikimų įrašai</text>
      <target FeatureID="-1" href="FS_VIEWER_HLP_MR_RECEIVED.html">Kvietimai susitikti</target>
   </keywords>
</keywords>