<?xml version="1.0" encoding="UTF-8"?>
<keywords>
   <keywords>
      <text FeatureID="true_1091">Editor USSD</text>
      <target FeatureID="true_1091" href="USSD_HLP_EDITOR.html">Ordres de servei</target>
   </keywords>
   <keywords>
      <text FeatureID="true_1091">ordres de servei</text>
      <target FeatureID="true_1091" href="USSD_HLP_EDITOR.html">Ordres de servei</target>
   </keywords>
   <keywords>
      <text FeatureID="true_1091">serveis de xarxa</text>
      <target FeatureID="true_1091" href="USSD_HLP_EDITOR.html">Ordres de servei</target>
   </keywords>
</keywords>