<?xml version="1.0" encoding="UTF-8"?>
<keywords>
   <keywords>
      <text FeatureID="-1">klocka, alarm</text>
      <target FeatureID="-1" href="CLK_HLP_ALARM_EDITOR.html">Alarmredigeraren</target>
      <target FeatureID="-1" href="CLK_HLP_REAL_TIME_CLOCK_IN.html">Huvudvy för klocka</target>
   </keywords>
   <keywords>
      <text FeatureID="-1">alarmklocka</text>
      <target FeatureID="-1" href="CLK_HLP_ALARM_EDITOR.html">Alarmredigeraren</target>
      <target FeatureID="-1" href="CLK_HLP_REAL_TIME_CLOCK_IN.html">Huvudvy för klocka</target>
   </keywords>
   <keywords>
      <text FeatureID="-1">klocka</text>
      <target FeatureID="-1" href="CLK_HLP_CNTDWN.html">Nedräkningsklocka</target>
      <target FeatureID="-1" href="CLK_HLP_WRLD_CLK.html">Världsklocka</target>
   </keywords>
   <keywords>
      <text FeatureID="-1">tidmätare</text>
      <target FeatureID="-1" href="CLK_HLP_CNTDWN.html">Nedräkningsklocka</target>
   </keywords>
   <keywords>
      <text FeatureID="-1">inställning av datum och tid</text>
      <target FeatureID="-1" href="CLK_HLP_SETTINGS.html">Inställning av datum och tid</target>
   </keywords>
   <keywords>
      <text FeatureID="-1">klockinställningar</text>
      <target FeatureID="-1" href="CLK_HLP_SETTINGS.html">Inställning av datum och tid</target>
   </keywords>
   <keywords>
      <text FeatureID="-1">klocka, tidszoner</text>
      <target FeatureID="-1" href="CLK_HLP_REAL_TIME_CLOCK_AN.html">Lokal tid</target>
   </keywords>
   <keywords>
      <text FeatureID="-1">lokal tid och tidszon</text>
      <target FeatureID="-1" href="CLK_HLP_REAL_TIME_CLOCK_AN.html">Lokal tid</target>
   </keywords>
   <keywords>
      <text FeatureID="-1">stoppur</text>
      <target FeatureID="-1" href="CCLK_HLP_STPWTCH.html">Stoppur</target>
   </keywords>
   <keywords>
      <text FeatureID="-1">stadsklockor</text>
      <target FeatureID="-1" href="CLK_HLP_WRLD_CLK.html">Världsklocka</target>
   </keywords>
   <keywords>
      <text FeatureID="-1">Världsklocka</text>
      <target FeatureID="-1" href="CLK_HLP_WRLD_CLK.html">Världsklocka</target>
   </keywords>
</keywords>