<?xml version="1.0" encoding="UTF-8"?>
<keywords>
   <keywords>
      <text FeatureID="-1">留言信箱</text>
      <target FeatureID="-1" href="SMSVO_HLP_MAIN_VIEW.html">留言信箱</target>
      <target FeatureID="true_298" href="SMSVO_HLP_CS_VIDEO_AND_XSP_VOIP.html">留言信箱、视频信箱和互联网电话信箱</target>
   </keywords>
   <keywords>
      <text FeatureID="-1">答录机</text>
      <target FeatureID="-1" href="SMSVO_HLP_MAIN_VIEW.html">留言信箱</target>
      <target FeatureID="true_89" href="SMSVO_HLP_CS_AND_VIDEO.html">留言信箱和视频信箱</target>
      <target FeatureID="true_298" href="SMSVO_HLP_CS_VIDEO_AND_XSP_VOIP.html">留言信箱、视频信箱和互联网电话信箱</target>
   </keywords>
   <keywords>
      <text FeatureID="true_89">视频信箱</text>
      <target FeatureID="true_89" href="SMSVO_HLP_CS_AND_VIDEO.html">留言信箱和视频信箱</target>
   </keywords>
   <keywords>
      <text FeatureID="true_298">互联网电话信箱</text>
      <target FeatureID="true_298" href="SMSVO_HLP_CS_VIDEO_AND_XSP_VOIP.html">留言信箱、视频信箱和互联网电话信箱</target>
   </keywords>
</keywords>