<?xml version="1.0" encoding="UTF-8"?>
<keywords>
   <keywords>
      <text FeatureID="-1">Einstellungen des E-Mail-Kontos</text>
      <target FeatureID="-1" href="FSE_HLP_IMS_SETTINGS_ACCT_INFO.html">E-Mail-Kontoeinstellungen</target>
   </keywords>
   <keywords>
      <text FeatureID="-1">erweiterte Mailbox-Einstellungen</text>
      <target FeatureID="-1" href="FSE_HLP_IMS_SETTINGS_ADVANCED.html">Erweiterte Mailbox-Einstellungen</target>
   </keywords>
   <keywords>
      <text FeatureID="-1">Postfach-Einst.</text>
      <target FeatureID="-1" href="FSE_HLP_IMS_SETTINGS_MAILBOX.html">Mailbox-Einstellungen</target>
   </keywords>
   <keywords>
      <text FeatureID="-1">E-Mail-Synchronisationsinhalt</text>
      <target FeatureID="-1" href="FSE_HLP_IMS_SETTINGS_WHAT_SYNC.html">Festlegen von Synchronisationsinhalten</target>
   </keywords>
   <keywords>
      <text FeatureID="-1">E-Mail-Synchronisationszeit</text>
      <target FeatureID="-1" href="FSE_HLP_IMS_SETTINGS_WHEN_SYNC.html">Festlegen der Synchronisationszeit</target>
   </keywords>
   <keywords>
      <text FeatureID="-1">E-Mail-Ordner-Synchronisation</text>
      <target FeatureID="-1" href="FSE_HLP_IMS_SETTINGS_FOLDER.html">Synchronisieren von E-Mail-Ordnern</target>
   </keywords>
   <keywords>
      <text FeatureID="-1">E-Mail-Diensteinstellungen</text>
      <target FeatureID="-1" href="FSE_HLP_SETTINGS_INTELL_LIST.html">E-Mail-Dienst-Einstellungen</target>
   </keywords>
   <keywords>
      <text FeatureID="-1">E-Mail-Einstellungen</text>
      <target FeatureID="-1" href="FSE_HLP_IMS_SETTINGS_MAIN_VIEW.html">E-Mail-Einstellungen</target>
   </keywords>
   <keywords>
      <text FeatureID="-1">Intellisync</text>
      <target FeatureID="-1" href="FSE_HLP_IMS_LAUNCHER_MAIN_VIEW.html">Intellisync-E-Mail</target>
   </keywords>
</keywords>