<?xml version="1.0" encoding="UTF-8"?>
<keywords>
   <keywords>
      <text FeatureID="-1">edició d'imatges</text>
      <target FeatureID="-1" href="SIE_HLP_MAIN.html">Editar imatges</target>
   </keywords>
   <keywords>
      <text FeatureID="-1">edició de text</text>
      <target FeatureID="-1" href="SIE_HLP_EDIT_TEXT.html">Editeu el text de les imatges</target>
   </keywords>
   <keywords>
      <text FeatureID="-1">editor d'imatges</text>
      <target FeatureID="-1" href="SIE_HLP_EDIT_TEXT.html">Editeu el text de les imatges</target>
   </keywords>
   <keywords>
      <text FeatureID="-1">edició de les imatges ampliades</text>
      <target FeatureID="-1" href="SIE_HLP_ZOOMING.html">Editeu les imatges ampliades</target>
   </keywords>
   <keywords>
      <text FeatureID="-1">ampliació d'imatges</text>
      <target FeatureID="-1" href="SIE_HLP_ZOOMING.html">Editeu les imatges ampliades</target>
   </keywords>
   <keywords>
      <text FeatureID="-1">edició de clip-arts</text>
      <target FeatureID="-1" href="SIE_HLP_EDIT_CLIPART.html">Editeu el clip-art</target>
   </keywords>
   <keywords>
      <text FeatureID="-1">edició de bafarades</text>
      <target FeatureID="-1" href="SIE_HLP_EDIT_CLIPART.html">Editeu el clip-art</target>
   </keywords>
   <keywords>
      <text FeatureID="-1">reducció de l’efecte d’ulls vermells</text>
      <target FeatureID="-1" href="SIE_HLP_REDEYE.html">Redueix l’efecte d’ulls vermells</target>
   </keywords>
</keywords>