<?xml version="1.0" encoding="UTF-8"?>
<keywords>
   <keywords>
      <text FeatureID="-1">lector de missatges, idioma</text>
      <target FeatureID="-1" href="SPEECH_HLP_MAIN.html">Configuració de veu</target>
   </keywords>
   <keywords>
      <text FeatureID="-1">lector de missatges, veu</text>
      <target FeatureID="-1" href="SPEECH_HLP_MAIN.html">Configuració de veu</target>
   </keywords>
   <keywords>
      <text FeatureID="-1">lector de missatges</text>
      <target FeatureID="-1" href="SPEECH_HLP_VOICE.html">Detalls de la veu</target>
   </keywords>
   <keywords>
      <text FeatureID="-1">lector de missatges, configuració</text>
      <target FeatureID="-1" href="SPEECH_HLP_MRSETTINGS.html">Configuració del lector de missatges</target>
   </keywords>
</keywords>