<?xml version="1.0" encoding="UTF-8"?>
<keywords>
   <keywords>
      <text FeatureID="-1">autorizačné certifikáty</text>
      <target FeatureID="-1" href="CM_HLP_AUTHORITY.html">Autorizačné certifikáty</target>
   </keywords>
   <keywords>
      <text FeatureID="-1">certifikáty</text>
      <target FeatureID="-1" href="CM_HLP_AUTHORITY.html">Autorizačné certifikáty</target>
      <target FeatureID="-1" href="CM_HLP_DEVICE.html">Certifikáty zariadenia</target>
      <target FeatureID="-1" href="CM_HLP_MAIN.html">Správa certifikátov</target>
      <target FeatureID="-1" href="CM_HLP_PERSONAL.html">Osobné certifikáty</target>
      <target FeatureID="-1" href="CM_HLP_TRUSTED_SITE.html">Certifikáty dôveryhodných stránok</target>
      <target FeatureID="-1" href="CM_HLP_TRUST_SETTINGS.html">Úprava nastavení dôveryhodnosti</target>
   </keywords>
   <keywords>
      <text FeatureID="-1">bezpečnostné certifikáty</text>
      <target FeatureID="-1" href="CM_HLP_AUTHORITY.html">Autorizačné certifikáty</target>
      <target FeatureID="-1" href="CM_HLP_MAIN.html">Správa certifikátov</target>
   </keywords>
   <keywords>
      <text FeatureID="-1">certifikáty zariadenia</text>
      <target FeatureID="-1" href="CM_HLP_DEVICE.html">Certifikáty zariadenia</target>
   </keywords>
   <keywords>
      <text FeatureID="-1">osobné certifikáty</text>
      <target FeatureID="-1" href="CM_HLP_PERSONAL.html">Osobné certifikáty</target>
   </keywords>
   <keywords>
      <text FeatureID="-1">certifikáty dôveryhodných stránok</text>
      <target FeatureID="-1" href="CM_HLP_TRUSTED_SITE.html">Certifikáty dôveryhodných stránok</target>
   </keywords>
   <keywords>
      <text FeatureID="-1">dôveryhodné nastavenia</text>
      <target FeatureID="-1" href="CM_HLP_TRUST_SETTINGS.html">Úprava nastavení dôveryhodnosti</target>
   </keywords>
</keywords>