<?xml version="1.0" encoding="UTF-8"?>
<keywords>
   <keywords>
      <text FeatureID="-1">VPN (virtualna privatna mreža)</text>
      <target FeatureID="-1" href="SET_HLP_VPN_LOG_VIEW.html">VPN zapisnik</target>
      <target FeatureID="-1" href="SET_HLP_VPN_CONFIG_MAIN.html">VPN upravljanje</target>
      <target FeatureID="-1" href="SET_HLP_VPN_POLICY_VIEW.html">VPN pravila</target>
      <target FeatureID="-1" href="SET_HLP_VPN_POLICY_SERVERS.html">Poslužitelji VPN pravila</target>
      <target FeatureID="-1" href="SET_HLP_VPN_POLICY_SERVER_SET.html">Postavke VPN poslužitelja</target>
   </keywords>
</keywords>