<?xml version="1.0" encoding="UTF-8"?>
<keywords>
   <keywords>
      <text FeatureID="-1">ziņu lasītājs, valoda</text>
      <target FeatureID="-1" href="SPEECH_HLP_MAIN.html">Runas uzstādījumi</target>
   </keywords>
   <keywords>
      <text FeatureID="-1">ziņu lasītājs, balss</text>
      <target FeatureID="-1" href="SPEECH_HLP_MAIN.html">Runas uzstādījumi</target>
   </keywords>
   <keywords>
      <text FeatureID="-1">ziņu lasītājs, balss dati</text>
      <target FeatureID="-1" href="SPEECH_HLP_VOICE.html">Balss dati</target>
   </keywords>
   <keywords>
      <text FeatureID="-1">ziņu lasītājs, uzstādījumi</text>
      <target FeatureID="-1" href="SPEECH_HLP_MRSETTINGS.html">Ziņu lasītāja uzstādījumi</target>
   </keywords>
</keywords>